[38;2;0;1;1m[48;2;0;0;1m▀[0m[38;2;0;1;1m[48;2;0;1;2m▀[0m[38;2;0;0;0m[48;2;0;0;0m▀[0m[38;2;177;4;0m[48;2;0;9;17m▀[0m[38;2;143;0;0m[48;2;171;30;33m▀[0m[38;2;0;0;0m[48;2;128;0;0m▀[0m[38;2;0;0;0m[48;2;0;0;0m▀[0m[38;2;0;0;0m[48;2;0;0;0m▀[0m[38;2;3;12;12m[48;2;0;12;12m▀[0m[38;2;107;118;116m[48;2;0;3;3m▀[0m[38;2;0;0;0m[48;2;0;0;0m▀[0m[38;2;0;0;0m[48;2;0;0;0m▀[0m[38;2;0;0;0m[48;2;0;0;0m▀[0m[38;2;0;0;0m[48;2;0;0;0m▀[0m[38;2;0;0;0m[48;2;91;105;105m▀[0m[38;2;0;0;0m[48;2;10;10;10m▀[0m[38;2;5;24;28m[48;2;0;0;0m▀[0m[38;2;72;142;168m[48;2;29;77;93m▀[0m[38;2;11;34;45m[48;2;7;71;95m▀[0m[38;2;0;0;0m[48;2;0;0;0m▀[0m[38;2;81;92;96m[48;2;0;0;0m▀[0m[38;2;66;127;153m[48;2;61;69;73m▀[0m[38;2;32;66;79m[48;2;96;136;157m▀[0m[38;2;15;33;38m[48;2;28;58;73m▀[0m[38;2;0;0;0m[48;2;21;43;52m▀[0m[38;2;0;0;0m[48;2;36;53;62m▀[0m[38;2;19;35;40m[48;2;44;68;82m▀[0m[38;2;37;67;80m[48;2;18;31;40m▀[0m[38;2;35;65;73m[48;2;14;27;34m▀[0m[38;2;24;37;42m[48;2;0;0;0m▀[0m[38;2;72;115;133m[48;2;50;76;90m▀[0m[38;2;33;50;62m[48;2;66;116;135m▀[0m[38;2;36;63;73m[48;2;45;71;86m▀[0m[38;2;7;11;12m[48;2;18;31;37m▀[0m[38;2;49;82;97m[48;2;43;73;89m▀[0m[38;2;38;64;75m[48;2;42;75;92m▀[0m[38;2;35;59;63m[48;2;30;49;56m▀[0m[38;2;68;108;126m[48;2;73;110;126m▀[0m[38;2;54;86;99m[48;2;53;83;97m▀[0m[38;2;50;88;102m[48;2;40;75;91m▀[0m[38;2;24;42;50m[48;2;0;0;0m▀[0m[38;2;35;54;61m[48;2;80;129;148m▀[0m[38;2;87;135;156m[48;2;48;72;83m▀[0m[38;2;41;65;76m[48;2;14;22;31m▀[0m[38;2;25;35;45m[48;2;53;96;112m▀[0m[38;2;67;107;129m[48;2;35;59;73m▀[0m[38;2;56;94;111m[48;2;14;26;29m▀[0m[38;2;54;87;103m[48;2;7;15;18m▀[0m[38;2;38;62;73m[48;2;13;31;34m▀[0m[38;2;16;25;27m[48;2;34;64;76m▀[0m[38;2;27;44;48m[48;2;51;89;102m▀[0m[38;2;0;0;0m[48;2;37;66;78m▀[0m[38;2;0;0;0m[48;2;44;78;94m▀[0m[38;2;0;0;0m[48;2;52;90;107m▀[0m[38;2;0;2;2m[48;2;49;91;111m▀[0m[38;2;0;10;6m[48;2;43;84;101m▀[0m[38;2;9;29;37m[48;2;44;82;94m▀[0m[38;2;25;64;80m[48;2;93;109;110m▀[0m[38;2;32;63;71m[48;2;69;79;87m▀[0m[38;2;52;98;110m[48;2;0;6;10m▀[0m[38;2;89;125;134m[48;2;0;0;0m▀[0m[38;2;12;10;7m[48;2;0;0;0m▀[0m[38;2;0;0;0m[48;2;0;0;0m▀[0m[38;2;33;0;0m[48;2;0;0;0m▀[0m[38;2;0;0;0m[48;2;0;0;0m▀[0m[38;2;0;0;0m[48;2;12;34;43m▀[0m[38;2;19;68;87m[48;2;72;196;238m▀[0m[38;2;59;133;163m[48;2;43;66;77m▀[0m[38;2;247;0;0m[48;2;21;0;0m▀[0m[38;2;194;0;0m[48;2;0;0;0m▀[0m[38;2;0;11;21m[48;2;0;11;15m▀[0m[38;2;0;0;0m[48;2;0;0;0m▀[0m[38;2;0;6;5m[48;2;0;0;0m▀[0m[38;2;0;0;0m[48;2;0;13;16m▀[0m[38;2;41;122;143m[48;2;36;135;160m▀[0m[38;2;11;33;41m[48;2;0;0;0m▀[0m
[38;2;0;0;1m[48;2;1;1;1m▀[0m[38;2;0;1;1m[48;2;0;1;1m▀[0m[38;2;0;0;0m[48;2;0;2;1m▀[0m[38;2;0;0;0m[48;2;0;0;0m▀[0m[38;2;0;61;88m[48;2;0;40;52m▀[0m[38;2;122;0;0m[48;2;0;34;47m▀[0m[38;2;247;0;0m[48;2;37;0;0m▀[0m[38;2;82;0;0m[48;2;225;0;0m▀[0m[38;2;0;10;20m[48;2;129;8;9m▀[0m[38;2;0;0;0m[48;2;0;28;35m▀[0m[38;2;0;0;0m[48;2;0;0;2m▀[0m[38;2;0;0;0m[48;2;0;0;0m▀[0m[38;2;0;0;0m[48;2;0;0;0m▀[0m[38;2;0;0;0m[48;2;64;64;65m▀[0m[38;2;51;57;61m[48;2;170;169;167m▀[0m[38;2;19;41;52m[48;2;72;83;90m▀[0m[38;2;0;0;0m[48;2;43;41;39m▀[0m[38;2;0;0;0m[48;2;242;227;220m▀[0m[38;2;60;59;57m[48;2;247;247;247m▀[0m[38;2;193;190;190m[48;2;97;120;127m▀[0m[38;2;157;157;158m[48;2;11;54;65m▀[0m[38;2;106;113;116m[48;2;16;61;73m▀[0m[38;2;85;102;110m[48;2;25;51;64m▀[0m[38;2;64;104;127m[48;2;37;59;69m▀[0m[38;2;54;95;115m[48;2;40;70;83m▀[0m[38;2;9;15;19m[48;2;45;78;90m▀[0m[38;2;25;39;44m[48;2;2;10;12m▀[0m[38;2;63;102;120m[48;2;0;0;0m▀[0m[38;2;54;98;115m[48;2;22;36;41m▀[0m[38;2;6;18;25m[48;2;53;95;111m▀[0m[38;2;0;0;0m[48;2;10;22;25m▀[0m[38;2;43;76;87m[48;2;9;15;14m▀[0m[38;2;38;65;80m[48;2;39;81;97m▀[0m[38;2;33;55;65m[48;2;29;58;69m▀[0m[38;2;37;64;73m[48;2;25;41;46m▀[0m[38;2;48;85;97m[48;2;39;62;68m▀[0m[38;2;35;55;63m[48;2;33;56;62m▀[0m[38;2;70;110;128m[48;2;73;116;132m▀[0m[38;2;55;101;117m[48;2;28;55;64m▀[0m[38;2;0;4;4m[48;2;4;7;9m▀[0m[38;2;45;75;85m[48;2;67;115;134m▀[0m[38;2;63;100;115m[48;2;1;0;1m▀[0m[38;2;3;9;10m[48;2;32;54;68m▀[0m[38;2;43;78;93m[48;2;16;34;42m▀[0m[38;2;20;39;46m[48;2;35;65;77m▀[0m[38;2;13;25;31m[48;2;36;66;76m▀[0m[38;2;29;56;66m[48;2;32;60;71m▀[0m[38;2;43;78;93m[48;2;3;5;6m▀[0m[38;2;58;98;117m[48;2;0;0;0m▀[0m[38;2;60;99;119m[48;2;0;0;0m▀[0m[38;2;58;98;117m[48;2;0;0;0m▀[0m[38;2;44;76;93m[48;2;22;43;55m▀[0m[38;2;41;64;79m[48;2;49;97;117m▀[0m[38;2;46;67;82m[48;2;45;85;104m▀[0m[38;2;68;102;125m[48;2;12;23;31m▀[0m[38;2;70;113;139m[48;2;3;14;22m▀[0m[38;2;46;100;119m[48;2;144;171;183m▀[0m[38;2;67;121;133m[48;2;138;156;160m▀[0m[38;2;155;190;197m[48;2;0;0;0m▀[0m[38;2;163;166;166m[48;2;69;97;103m▀[0m[38;2;28;61;64m[48;2;219;221;221m▀[0m[38;2;0;0;0m[48;2;79;72;69m▀[0m[38;2;0;0;0m[48;2;0;0;0m▀[0m[38;2;0;0;0m[48;2;25;42;54m▀[0m[38;2;3;16;23m[48;2;44;98;123m▀[0m[38;2;44;127;161m[48;2;42;83;100m▀[0m[38;2;33;78;95m[48;2;2;2;3m▀[0m[38;2;0;0;0m[48;2;0;0;0m▀[0m[38;2;0;0;0m[48;2;0;0;0m▀[0m[38;2;0;0;2m[48;2;0;0;0m▀[0m[38;2;0;17;21m[48;2;0;18;21m▀[0m[38;2;0;8;11m[48;2;0;21;25m▀[0m[38;2;0;0;0m[48;2;0;0;0m▀[0m[38;2;0;89;107m[48;2;0;118;151m▀[0m[38;2;0;65;84m[48;2;175;0;0m▀[0m[38;2;0;0;0m[48;2;247;0;0m▀[0m
[38;2;0;0;0m[48;2;0;0;0m▀[0m[38;2;0;0;0m[48;2;0;0;0m▀[0m[38;2;0;1;0m[48;2;0;0;0m▀[0m[38;2;0;0;0m[48;2;0;0;0m▀[0m[38;2;0;11;11m[48;2;0;0;0m▀[0m[38;2;21;107;130m[48;2;7;65;78m▀[0m[38;2;0;0;0m[48;2;6;29;39m▀[0m[38;2;0;0;0m[48;2;0;0;0m▀[0m[38;2;34;0;0m[48;2;0;0;0m▀[0m[38;2;0;0;0m[48;2;0;0;0m▀[0m[38;2;0;0;0m[48;2;28;0;0m▀[0m[38;2;0;17;18m[48;2;97;60;58m▀[0m[38;2;0;0;0m[48;2;70;81;83m▀[0m[38;2;0;0;0m[48;2;0;0;0m▀[0m[38;2;84;87;88m[48;2;0;0;0m▀[0m[38;2;247;247;247m[48;2;0;0;0m▀[0m[38;2;247;247;247m[48;2;74;98;106m▀[0m[38;2;247;247;247m[48;2;0;25;38m▀[0m[38;2;122;154;162m[48;2;0;1;13m▀[0m[38;2;0;24;46m[48;2;0;16;23m▀[0m[38;2;32;69;84m[48;2;11;31;37m▀[0m[38;2;24;46;54m[48;2;29;53;64m▀[0m[38;2;29;48;59m[48;2;39;74;87m▀[0m[38;2;33;61;71m[48;2;56;94;109m▀[0m[38;2;32;59;72m[48;2;70;113;130m▀[0m[38;2;36;60;70m[48;2;75;121;145m▀[0m[38;2;54;92;102m[48;2;68;113;128m▀[0m[38;2;7;11;11m[48;2;45;74;83m▀[0m[38;2;0;0;0m[48;2;0;0;0m▀[0m[38;2;0;0;0m[48;2;0;0;0m▀[0m[38;2;4;10;10m[48;2;0;0;0m▀[0m[38;2;48;89;100m[48;2;46;91;102m▀[0m[38;2;22;69;80m[48;2;0;33;42m▀[0m[38;2;5;2;9m[48;2;0;0;0m▀[0m[38;2;18;42;50m[48;2;0;4;7m▀[0m[38;2;15;40;40m[48;2;0;14;10m▀[0m[38;2;24;43;54m[48;2;13;31;34m▀[0m[38;2;67;106;120m[48;2;48;78;87m▀[0m[38;2;7;13;14m[48;2;9;20;22m▀[0m[38;2;40;75;91m[48;2;11;26;31m▀[0m[38;2;13;27;32m[48;2;0;0;2m▀[0m[38;2;13;30;37m[48;2;0;5;10m▀[0m[38;2;3;10;15m[48;2;0;0;0m▀[0m[38;2;22;44;53m[48;2;1;12;19m▀[0m[38;2;69;126;150m[48;2;71;125;146m▀[0m[38;2;7;9;10m[48;2;0;0;0m▀[0m[38;2;0;0;0m[48;2;0;0;0m▀[0m[38;2;2;1;2m[48;2;17;32;36m▀[0m[38;2;14;26;32m[48;2;46;83;97m▀[0m[38;2;52;85;101m[48;2;52;86;98m▀[0m[38;2;69;116;138m[48;2;40;70;83m▀[0m[38;2;65;110;131m[48;2;27;46;54m▀[0m[38;2;59;103;122m[48;2;0;0;0m▀[0m[38;2;20;36;46m[48;2;3;7;7m▀[0m[38;2;26;44;52m[48;2;28;50;58m▀[0m[38;2;3;25;33m[48;2;34;67;79m▀[0m[38;2;0;0;0m[48;2;0;8;11m▀[0m[38;2;197;190;193m[48;2;0;0;0m▀[0m[38;2;106;92;88m[48;2;247;247;247m▀[0m[38;2;0;0;0m[48;2;18;9;5m▀[0m[38;2;0;0;0m[48;2;0;0;0m▀[0m[38;2;148;151;148m[48;2;0;38;52m▀[0m[38;2;74;97;108m[48;2;86;90;91m▀[0m[38;2;39;108;139m[48;2;0;13;21m▀[0m[38;2;68;130;159m[48;2;0;0;0m▀[0m[38;2;12;30;38m[48;2;41;32;27m▀[0m[38;2;57;50;46m[48;2;184;187;183m▀[0m[38;2;0;0;0m[48;2;0;0;0m▀[0m[38;2;0;0;0m[48;2;0;0;0m▀[0m[38;2;0;0;0m[48;2;0;0;0m▀[0m[38;2;0;14;21m[48;2;0;2;10m▀[0m[38;2;0;52;74m[48;2;193;16;14m▀[0m[38;2;139;0;0m[48;2;247;0;0m▀[0m[38;2;247;0;0m[48;2;154;3;3m▀[0m[38;2;247;0;0m[48;2;0;0;0m▀[0m[38;2;0;0;0m[48;2;0;0;0m▀[0m
[38;2;0;0;0m[48;2;34;34;36m▀[0m[38;2;0;0;0m[48;2;0;0;0m▀[0m[38;2;0;0;0m[48;2;0;0;0m▀[0m[38;2;0;0;0m[48;2;0;0;0m▀[0m[38;2;0;1;3m[48;2;0;0;0m▀[0m[38;2;2;26;32m[48;2;7;16;20m▀[0m[38;2;11;43;57m[48;2;0;2;3m▀[0m[38;2;0;11;15m[48;2;18;56;73m▀[0m[38;2;0;0;0m[48;2;0;0;0m▀[0m[38;2;0;0;0m[48;2;0;0;0m▀[0m[38;2;33;37;38m[48;2;5;8;7m▀[0m[38;2;52;22;21m[48;2;105;122;126m▀[0m[38;2;247;247;247m[48;2;105;105;106m▀[0m[38;2;16;19;18m[48;2;247;247;247m▀[0m[38;2;0;0;0m[48;2;26;32;35m▀[0m[38;2;0;0;0m[48;2;0;0;0m▀[0m[38;2;0;0;0m[48;2;36;26;22m▀[0m[38;2;0;0;5m[48;2;238;227;221m▀[0m[38;2;64;70;71m[48;2;247;247;247m▀[0m[38;2;0;0;0m[48;2;201;220;225m▀[0m[38;2;0;0;0m[48;2;105;153;172m▀[0m[38;2;5;5;10m[48;2;55;105;128m▀[0m[38;2;40;60;68m[48;2;52;85;100m▀[0m[38;2;43;69;80m[48;2;49;82;100m▀[0m[38;2;46;69;80m[48;2;18;26;31m▀[0m[38;2;39;63;72m[48;2;0;3;5m▀[0m[38;2;45;75;84m[48;2;0;0;0m▀[0m[38;2;49;88;104m[48;2;13;26;33m▀[0m[38;2;0;13;20m[48;2;0;22;30m▀[0m[38;2;0;0;0m[48;2;16;9;6m▀[0m[38;2;105;129;143m[48;2;194;219;232m▀[0m[38;2;18;62;76m[48;2;22;75;89m▀[0m[38;2;0;0;0m[48;2;0;0;0m▀[0m[38;2;29;10;5m[48;2;247;33;21m▀[0m[38;2;0;0;0m[48;2;142;192;207m▀[0m[38;2;0;0;0m[48;2;43;65;71m▀[0m[38;2;0;0;0m[48;2;0;0;0m▀[0m[38;2;23;44;51m[48;2;0;0;0m▀[0m[38;2;0;0;0m[48;2;0;0;0m▀[0m[38;2;0;0;0m[48;2;0;0;0m▀[0m[38;2;0;0;0m[48;2;64;77;82m▀[0m[38;2;0;0;0m[48;2;172;202;214m▀[0m[38;2;38;37;38m[48;2;221;247;247m▀[0m[38;2;36;58;63m[48;2;43;70;81m▀[0m[38;2;26;64;77m[48;2;45;78;91m▀[0m[38;2;0;0;0m[48;2;63;83;83m▀[0m[38;2;0;0;0m[48;2;0;0;0m▀[0m[38;2;16;31;32m[48;2;0;11;13m▀[0m[38;2;24;46;52m[48;2;8;21;28m▀[0m[38;2;0;0;0m[48;2;16;29;36m▀[0m[38;2;0;0;0m[48;2;17;29;32m▀[0m[38;2;0;0;0m[48;2;27;50;57m▀[0m[38;2;14;26;29m[48;2;37;66;74m▀[0m[38;2;56;90;105m[48;2;57;89;102m▀[0m[38;2;53;93;110m[48;2;50;80;93m▀[0m[38;2;42;85;97m[48;2;51;93;111m▀[0m[38;2;42;83;97m[48;2;50;97;115m▀[0m[38;2;0;13;19m[48;2;35;76;91m▀[0m[38;2;48;48;52m[48;2;10;67;88m▀[0m[38;2;247;241;236m[48;2;104;142;153m▀[0m[38;2;64;81;86m[48;2;247;247;247m▀[0m[38;2;0;0;0m[48;2;171;180;180m▀[0m[38;2;0;0;0m[48;2;84;86;87m▀[0m[38;2;0;0;0m[48;2;138;146;148m▀[0m[38;2;43;34;29m[48;2;197;205;207m▀[0m[38;2;247;247;247m[48;2;12;12;10m▀[0m[38;2;24;24;22m[48;2;0;0;0m▀[0m[38;2;0;0;0m[48;2;0;0;0m▀[0m[38;2;0;0;0m[48;2;0;0;0m▀[0m[38;2;0;0;0m[48;2;129;12;4m▀[0m[38;2;197;0;0m[48;2;87;3;1m▀[0m[38;2;233;0;0m[48;2;0;34;47m▀[0m[38;2;0;101;135m[48;2;3;112;146m▀[0m[38;2;0;17;26m[48;2;0;0;0m▀[0m[38;2;0;0;0m[48;2;0;0;0m▀[0m[38;2;0;2;0m[48;2;0;0;0m▀[0m
[38;2;247;247;247m[48;2;247;247;247m▀[0m[38;2;0;0;0m[48;2;138;132;129m▀[0m[38;2;0;0;0m[48;2;95;88;84m▀[0m[38;2;0;0;0m[48;2;0;0;0m▀[0m[38;2;0;0;0m[48;2;0;0;0m▀[0m[38;2;0;0;0m[48;2;42;59;63m▀[0m[38;2;0;0;0m[48;2;0;0;0m▀[0m[38;2;9;46;62m[48;2;0;0;0m▀[0m[38;2;3;20;25m[48;2;14;77;95m▀[0m[38;2;0;0;0m[48;2;0;0;0m▀[0m[38;2;0;0;0m[48;2;0;0;0m▀[0m[38;2;33;31;33m[48;2;0;0;0m▀[0m[38;2;102;102;104m[48;2;0;0;0m▀[0m[38;2;169;183;185m[48;2;55;58;62m▀[0m[38;2;115;161;176m[48;2;115;127;134m▀[0m[38;2;190;203;207m[48;2;15;43;62m▀[0m[38;2;247;247;247m[48;2;39;56;64m▀[0m[38;2;201;218;227m[48;2;93;131;143m▀[0m[38;2;179;182;186m[48;2;57;109;132m▀[0m[38;2;121;151;163m[48;2;54;101;122m▀[0m[38;2;29;71;93m[48;2;29;61;73m▀[0m[38;2;27;50;63m[48;2;52;86;110m▀[0m[38;2;41;69;85m[48;2;35;67;83m▀[0m[38;2;37;60;74m[48;2;31;61;70m▀[0m[38;2;36;70;82m[48;2;25;42;47m▀[0m[38;2;42;87;99m[48;2;4;8;9m▀[0m[38;2;30;59;66m[48;2;0;0;3m▀[0m[38;2;12;20;27m[48;2;0;0;0m▀[0m[38;2;0;0;0m[48;2;0;0;0m▀[0m[38;2;59;59;59m[48;2;141;140;141m▀[0m[38;2;221;247;247m[48;2;187;213;218m▀[0m[38;2;89;136;151m[48;2;152;215;229m▀[0m[38;2;0;0;0m[48;2;11;37;37m▀[0m[38;2;238;0;0m[48;2;58;0;0m▀[0m[38;2;228;247;247m[48;2;158;216;231m▀[0m[38;2;194;247;247m[48;2;172;211;225m▀[0m[38;2;135;164;174m[48;2;188;223;237m▀[0m[38;2;5;11;12m[48;2;182;206;218m▀[0m[38;2;0;7;11m[48;2;168;197;209m▀[0m[38;2;148;180;192m[48;2;187;217;229m▀[0m[38;2;208;241;247m[48;2;152;176;187m▀[0m[38;2;204;237;247m[48;2;177;210;222m▀[0m[38;2;170;193;200m[48;2;83;101;105m▀[0m[38;2;0;10;21m[48;2;3;25;32m▀[0m[38;2;103;138;154m[48;2;134;166;180m▀[0m[38;2;121;143;149m[48;2;150;157;155m▀[0m[38;2;0;0;0m[48;2;1;1;2m▀[0m[38;2;6;33;48m[48;2;0;0;0m▀[0m[38;2;47;95;119m[48;2;0;0;0m▀[0m[38;2;25;46;59m[48;2;5;13;16m▀[0m[38;2;6;9;11m[48;2;29;45;50m▀[0m[38;2;0;0;0m[48;2;33;52;57m▀[0m[38;2;0;0;0m[48;2;22;39;47m▀[0m[38;2;7;10;14m[48;2;0;0;0m▀[0m[38;2;54;82;99m[48;2;0;0;0m▀[0m[38;2;65;106;135m[48;2;13;51;73m▀[0m[38;2;49;64;82m[48;2;103;113;122m▀[0m[38;2;91;118;128m[48;2;86;133;152m▀[0m[38;2;35;89;99m[48;2;46;99;120m▀[0m[38;2;3;47;60m[48;2;56;92;111m▀[0m[38;2;0;32;49m[48;2;87;124;142m▀[0m[38;2;17;57;75m[48;2;148;174;191m▀[0m[38;2;59;91;104m[48;2;198;205;206m▀[0m[38;2;64;75;81m[48;2;112;106;106m▀[0m[38;2;0;0;0m[48;2;71;70;71m▀[0m[38;2;0;0;0m[48;2;0;0;0m▀[0m[38;2;0;0;0m[48;2;0;0;0m▀[0m[38;2;0;0;0m[48;2;15;0;0m▀[0m[38;2;58;0;0m[48;2;0;4;12m▀[0m[38;2;19;42;55m[48;2;0;1;11m▀[0m[38;2;0;0;0m[48;2;0;0;0m▀[0m[38;2;15;79;100m[48;2;17;98;128m▀[0m[38;2;9;63;80m[48;2;0;0;0m▀[0m[38;2;0;0;0m[48;2;0;0;0m▀[0m[38;2;0;0;0m[48;2;0;0;0m▀[0m[38;2;0;0;0m[48;2;0;0;0m▀[0m
[38;2;220;244;247m[48;2;185;218;230m▀[0m[38;2;222;221;216m[48;2;171;171;168m▀[0m[38;2;219;247;247m[48;2;0;0;0m▀[0m[38;2;222;225;225m[48;2;82;110;118m▀[0m[38;2;85;78;70m[48;2;198;207;210m▀[0m[38;2;202;215;211m[48;2;247;247;247m▀[0m[38;2;71;74;73m[48;2;247;247;247m▀[0m[38;2;0;0;0m[48;2;179;179;173m▀[0m[38;2;0;0;0m[48;2;0;0;0m▀[0m[38;2;17;82;107m[48;2;0;0;0m▀[0m[38;2;0;0;0m[48;2;0;65;89m▀[0m[38;2;0;0;0m[48;2;0;0;0m▀[0m[38;2;0;0;0m[48;2;0;0;0m▀[0m[38;2;64;60;60m[48;2;199;199;200m▀[0m[38;2;148;149;146m[48;2;0;0;0m▀[0m[38;2;36;46;58m[48;2;0;0;0m▀[0m[38;2;0;0;0m[48;2;0;0;0m▀[0m[38;2;0;0;0m[48;2;2;23;34m▀[0m[38;2;0;0;0m[48;2;0;0;0m▀[0m[38;2;0;0;0m[48;2;0;0;0m▀[0m[38;2;0;0;0m[48;2;13;9;6m▀[0m[38;2;38;80;100m[48;2;39;51;58m▀[0m[38;2;7;15;19m[48;2;0;0;0m▀[0m[38;2;8;20;26m[48;2;33;75;94m▀[0m[38;2;19;36;46m[48;2;25;52;65m▀[0m[38;2;0;0;0m[48;2;0;0;0m▀[0m[38;2;0;0;0m[48;2;0;0;2m▀[0m[38;2;41;33;27m[48;2;156;173;176m▀[0m[38;2;0;0;0m[48;2;16;12;12m▀[0m[38;2;247;247;247m[48;2;247;247;247m▀[0m[38;2;157;185;193m[48;2;124;164;183m▀[0m[38;2;146;236;247m[48;2;104;218;235m▀[0m[38;2;196;121;118m[48;2;247;109;109m▀[0m[38;2;102;5;2m[48;2;247;0;0m▀[0m[38;2;68;151;172m[48;2;64;172;193m▀[0m[38;2;155;189;199m[48;2;113;147;158m▀[0m[38;2;118;148;158m[48;2;97;130;139m▀[0m[38;2;152;179;191m[48;2;125;147;158m▀[0m[38;2;178;201;214m[48;2;145;172;186m▀[0m[38;2;124;151;161m[48;2;103;132;144m▀[0m[38;2;136;163;174m[48;2;137;169;179m▀[0m[38;2;167;200;209m[48;2;115;145;155m▀[0m[38;2;1;7;8m[48;2;112;139;149m▀[0m[38;2;107;136;145m[48;2;164;207;217m▀[0m[38;2;209;232;238m[48;2;236;247;247m▀[0m[38;2;247;247;247m[48;2;158;168;176m▀[0m[38;2;182;182;180m[48;2;247;247;247m▀[0m[38;2;0;0;0m[48;2;6;10;10m▀[0m[38;2;45;71;75m[48;2;68;97;103m▀[0m[38;2;0;0;0m[48;2;0;0;0m▀[0m[38;2;3;14;21m[48;2;0;3;3m▀[0m[38;2;21;35;41m[48;2;33;67;82m▀[0m[38;2;33;58;69m[48;2;26;42;48m▀[0m[38;2;49;90;103m[48;2;79;88;92m▀[0m[38;2;27;43;49m[48;2;24;62;77m▀[0m[38;2;19;40;48m[48;2;187;200;204m▀[0m[38;2;195;192;186m[48;2;120;106;101m▀[0m[38;2;9;13;13m[48;2;0;0;0m▀[0m[38;2;66;77;81m[48;2;0;0;0m▀[0m[38;2;156;161;166m[48;2;0;0;0m▀[0m[38;2;194;194;192m[48;2;0;0;0m▀[0m[38;2;97;87;85m[48;2;0;0;0m▀[0m[38;2;64;57;55m[48;2;0;0;0m▀[0m[38;2;93;93;90m[48;2;0;0;0m▀[0m[38;2;131;130;129m[48;2;0;0;0m▀[0m[38;2;148;142;141m[48;2;0;5;16m▀[0m[38;2;74;76;77m[48;2;6;13;13m▀[0m[38;2;0;0;0m[48;2;0;0;0m▀[0m[38;2;0;21;32m[48;2;52;78;83m▀[0m[38;2;0;0;0m[48;2;171;167;163m▀[0m[38;2;0;0;0m[48;2;166;180;181m▀[0m[38;2;0;47;65m[48;2;109;107;100m▀[0m[38;2;0;0;0m[48;2;42;35;28m▀[0m[38;2;0;0;0m[48;2;247;247;247m▀[0m[38;2;78;75;79m[48;2;202;210;212m▀[0m[38;2;75;77;78m[48;2;247;247;247m▀[0m
[38;2;147;179;192m[48;2;103;127;136m▀[0m[38;2;190;209;214m[48;2;146;173;184m▀[0m[38;2;38;28;24m[48;2;208;206;217m▀[0m[38;2;0;0;0m[48;2;67;74;77m▀[0m[38;2;0;22;47m[48;2;0;58;87m▀[0m[38;2;172;181;185m[48;2;12;45;61m▀[0m[38;2;247;247;247m[48;2;159;184;198m▀[0m[38;2;247;247;247m[48;2;136;168;185m▀[0m[38;2;247;247;247m[48;2;196;223;234m▀[0m[38;2;126;112;107m[48;2;247;247;247m▀[0m[38;2;0;0;0m[48;2;247;247;247m▀[0m[38;2;0;0;0m[48;2;142;136;131m▀[0m[38;2;104;107;104m[48;2;247;247;247m▀[0m[38;2;233;229;231m[48;2;247;247;247m▀[0m[38;2;196;190;187m[48;2;247;247;247m▀[0m[38;2;247;247;247m[48;2;178;190;200m▀[0m[38;2;247;247;247m[48;2;175;196;207m▀[0m[38;2;244;237;229m[48;2;236;247;247m▀[0m[38;2;241;247;247m[48;2;247;247;247m▀[0m[38;2;66;66;67m[48;2;247;247;247m▀[0m[38;2;0;0;0m[48;2;203;193;187m▀[0m[38;2;97;104;99m[48;2;128;127;121m▀[0m[38;2;0;0;0m[48;2;82;97;97m▀[0m[38;2;0;4;9m[48;2;0;0;0m▀[0m[38;2;0;0;0m[48;2;0;0;0m▀[0m[38;2;0;0;0m[48;2;0;10;16m▀[0m[38;2;0;0;0m[48;2;7;27;30m▀[0m[38;2;28;49;60m[48;2;139;172;184m▀[0m[38;2;57;56;51m[48;2;37;38;35m▀[0m[38;2;196;229;242m[48;2;194;214;218m▀[0m[38;2;110;170;193m[48;2;0;0;0m▀[0m[38;2;0;93;107m[48;2;15;0;0m▀[0m[38;2;114;10;20m[48;2;73;0;0m▀[0m[38;2;247;63;57m[48;2;23;57;53m▀[0m[38;2;87;200;218m[48;2;148;247;247m▀[0m[38;2;122;160;171m[48;2;135;186;199m▀[0m[38;2;123;157;168m[48;2;117;155;165m▀[0m[38;2;119;140;151m[48;2;136;160;171m▀[0m[38;2;126;152;162m[48;2;131;153;165m▀[0m[38;2;103;138;153m[48;2;86;119;129m▀[0m[38;2;88;114;128m[48;2;143;186;194m▀[0m[38;2;138;175;190m[48;2;180;226;242m▀[0m[38;2;155;193;202m[48;2;129;230;247m▀[0m[38;2;133;184;196m[48;2;4;52;59m▀[0m[38;2;39;94;99m[48;2;0;0;0m▀[0m[38;2;81;125;136m[48;2;0;0;0m▀[0m[38;2;247;247;247m[48;2;247;247;247m▀[0m[38;2;64;71;72m[48;2;89;96;99m▀[0m[38;2;16;32;41m[48;2;59;82;95m▀[0m[38;2;0;0;0m[48;2;0;0;0m▀[0m[38;2;0;0;0m[48;2;23;45;51m▀[0m[38;2;4;13;16m[48;2;15;36;43m▀[0m[38;2;44;55;59m[48;2;0;2;8m▀[0m[38;2;2;0;6m[48;2;13;55;76m▀[0m[38;2;39;77;95m[48;2;0;5;14m▀[0m[38;2;152;146;141m[48;2;0;0;0m▀[0m[38;2;0;0;0m[48;2;149;140;134m▀[0m[38;2;70;77;78m[48;2;247;247;247m▀[0m[38;2;53;49;48m[48;2;247;247;247m▀[0m[38;2;164;159;156m[48;2;233;244;247m▀[0m[38;2;87;83;77m[48;2;247;247;247m▀[0m[38;2;111;117;120m[48;2;247;247;247m▀[0m[38;2;194;194;195m[48;2;247;247;247m▀[0m[38;2;43;30;26m[48;2;247;247;247m▀[0m[38;2;0;0;0m[48;2;184;187;189m▀[0m[38;2;0;0;0m[48;2;0;0;0m▀[0m[38;2;0;0;0m[48;2;184;175;168m▀[0m[38;2;23;44;53m[48;2;247;247;247m▀[0m[38;2;247;247;242m[48;2;156;175;182m▀[0m[38;2;247;247;247m[48;2;150;185;202m▀[0m[38;2;247;247;247m[48;2;150;178;192m▀[0m[38;2;247;247;247m[48;2;146;146;139m▀[0m[38;2;163;176;184m[48;2;0;37;67m▀[0m[38;2;0;0;20m[48;2;0;0;0m▀[0m[38;2;0;0;0m[48;2;75;74;69m▀[0m[38;2;247;247;247m[48;2;218;235;243m▀[0m
[38;2;134;161;172m[48;2;170;196;211m▀[0m[38;2;113;139;149m[48;2;129;154;160m▀[0m[38;2;130;152;164m[48;2;58;81;91m▀[0m[38;2;114;110;113m[48;2;72;96;102m▀[0m[38;2;0;34;55m[48;2;0;31;46m▀[0m[38;2;0;10;25m[48;2;0;43;63m▀[0m[38;2;114;119;124m[48;2;119;129;137m▀[0m[38;2;172;200;215m[48;2;177;203;217m▀[0m[38;2;143;173;187m[48;2;145;171;181m▀[0m[38;2;104;132;148m[48;2;162;190;203m▀[0m[38;2;152;170;177m[48;2;76;99;112m▀[0m[38;2;247;247;247m[48;2;83;111;127m▀[0m[38;2;199;193;189m[48;2;229;244;247m▀[0m[38;2;148;165;170m[48;2;157;162;161m▀[0m[38;2;97;129;143m[48;2;114;147;160m▀[0m[38;2;71;106;119m[48;2;168;198;212m▀[0m[38;2;38;64;80m[48;2;163;191;205m▀[0m[38;2;49;76;92m[48;2;148;170;182m▀[0m[38;2;113;148;160m[48;2;146;173;185m▀[0m[38;2;119;149;164m[48;2;113;134;147m▀[0m[38;2;239;247;247m[48;2;136;159;174m▀[0m[38;2;203;214;218m[48;2;168;200;217m▀[0m[38;2;164;172;171m[48;2;136;161;171m▀[0m[38;2;31;54;61m[48;2;18;33;47m▀[0m[38;2;11;56;65m[48;2;25;50;71m▀[0m[38;2;49;100;119m[48;2;32;51;68m▀[0m[38;2;0;0;0m[48;2;1;9;17m▀[0m[38;2;61;66;71m[48;2;25;41;49m▀[0m[38;2;12;24;28m[48;2;41;68;80m▀[0m[38;2;247;247;247m[48;2;247;247;247m▀[0m[38;2;0;90;97m[48;2;96;215;225m▀[0m[38;2;247;0;0m[48;2;66;0;0m▀[0m[38;2;247;0;0m[48;2;247;0;0m▀[0m[38;2;202;0;0m[48;2;247;0;0m▀[0m[38;2;22;109;117m[48;2;237;0;0m▀[0m[38;2;175;247;247m[48;2;64;145;153m▀[0m[38;2;145;179;194m[48;2;199;244;247m▀[0m[38;2;116;146;155m[48;2;99;126;136m▀[0m[38;2;113;143;156m[48;2;103;141;155m▀[0m[38;2;114;153;164m[48;2;178;212;221m▀[0m[38;2;187;233;246m[48;2;134;202;219m▀[0m[38;2;102;225;243m[48;2;104;0;0m▀[0m[38;2;36;14;18m[48;2;247;0;0m▀[0m[38;2;247;0;0m[48;2;247;0;0m▀[0m[38;2;194;0;0m[48;2;6;0;0m▀[0m[38;2;0;92;110m[48;2;130;226;246m▀[0m[38;2;247;247;247m[48;2;247;247;247m▀[0m[38;2;43;54;60m[48;2;53;90;100m▀[0m[38;2;24;36;44m[48;2;37;59;73m▀[0m[38;2;0;0;0m[48;2;3;1;0m▀[0m[38;2;2;17;23m[48;2;0;0;0m▀[0m[38;2;0;0;0m[48;2;15;33;43m▀[0m[38;2;0;16;20m[48;2;9;49;66m▀[0m[38;2;0;50;68m[48;2;98;111;118m▀[0m[38;2;101;97;92m[48;2;241;247;247m▀[0m[38;2;247;247;247m[48;2;150;178;192m▀[0m[38;2;247;247;247m[48;2;93;121;135m▀[0m[38;2;152;177;193m[48;2;85;106;115m▀[0m[38;2;105;138;151m[48;2;131;161;172m▀[0m[38;2;135;170;183m[48;2;136;161;171m▀[0m[38;2;132;167;179m[48;2;136;165;175m▀[0m[38;2;132;164;177m[48;2;146;170;180m▀[0m[38;2;151;185;195m[48;2;146;176;189m▀[0m[38;2;247;247;247m[48;2;62;96;112m▀[0m[38;2;245;238;237m[48;2;135;158;165m▀[0m[38;2;238;239;236m[48;2;176;208;220m▀[0m[38;2;226;245;247m[48;2;26;51;66m▀[0m[38;2;56;80;91m[48;2;153;178;193m▀[0m[38;2;150;184;198m[48;2;186;214;228m▀[0m[38;2;187;220;240m[48;2;68;71;76m▀[0m[38;2;118;125;131m[48;2;0;0;0m▀[0m[38;2;30;77;93m[48;2;0;59;81m▀[0m[38;2;13;61;83m[48;2;100;115;125m▀[0m[38;2;169;198;206m[48;2;159;185;198m▀[0m[38;2;139;153;157m[48;2;87;86;86m▀[0m[38;2;192;210;218m[48;2;192;218;226m▀[0m
[38;2;170;194;206m[48;2;133;158;168m▀[0m[38;2;149;170;178m[48;2;156;179;190m▀[0m[38;2;138;158;164m[48;2;154;177;187m▀[0m[38;2;58;71;76m[48;2;72;72;72m▀[0m[38;2;30;75;100m[48;2;0;29;48m▀[0m[38;2;0;54;74m[48;2;0;51;73m▀[0m[38;2;103;114;112m[48;2;113;120;119m▀[0m[38;2;182;209;223m[48;2;179;208;220m▀[0m[38;2;148;172;182m[48;2;150;171;184m▀[0m[38;2;147;174;185m[48;2;149;172;183m▀[0m[38;2;152;176;190m[48;2;157;185;198m▀[0m[38;2;52;76;86m[48;2;118;148;160m▀[0m[38;2;118;153;164m[48;2;103;126;132m▀[0m[38;2;210;224;226m[48;2;154;180;194m▀[0m[38;2;133;141;144m[48;2;141;164;174m▀[0m[38;2;131;159;174m[48;2;137;160;174m▀[0m[38;2;156;179;194m[48;2;156;179;192m▀[0m[38;2;147;171;182m[48;2;144;168;182m▀[0m[38;2;161;188;201m[48;2;104;128;138m▀[0m[38;2;125;148;161m[48;2;77;98;107m▀[0m[38;2;136;159;169m[48;2;130;154;164m▀[0m[38;2;163;190;199m[48;2;174;200;211m▀[0m[38;2;193;225;238m[48;2;167;194;207m▀[0m[38;2;61;72;75m[48;2;188;217;228m▀[0m[38;2;0;0;0m[48;2;0;5;4m▀[0m[38;2;34;62;77m[48;2;0;0;0m▀[0m[38;2;17;32;41m[48;2;0;0;0m▀[0m[38;2;0;4;5m[48;2;0;0;0m▀[0m[38;2;0;0;0m[48;2;0;0;0m▀[0m[38;2;217;230;231m[48;2;103;100;100m▀[0m[38;2;233;247;247m[48;2;247;247;247m▀[0m[38;2;0;24;36m[48;2;82;167;188m▀[0m[38;2;131;0;0m[48;2;68;176;188m▀[0m[38;2;247;0;0m[48;2;20;75;81m▀[0m[38;2;247;0;0m[48;2;20;109;125m▀[0m[38;2;0;0;0m[48;2;11;67;79m▀[0m[38;2;0;0;0m[48;2;0;0;0m▀[0m[38;2;72;98;110m[48;2;91;124;135m▀[0m[38;2;97;122;131m[48;2;140;170;186m▀[0m[38;2;0;0;0m[48;2;50;73;85m▀[0m[38;2;0;0;0m[48;2;13;37;41m▀[0m[38;2;110;0;0m[48;2;0;64;74m▀[0m[38;2;115;0;0m[48;2;77;178;193m▀[0m[38;2;0;0;0m[48;2;136;213;226m▀[0m[38;2;0;64;84m[48;2;155;209;224m▀[0m[38;2;177;228;243m[48;2;156;193;203m▀[0m[38;2;194;216;220m[48;2;118;120;121m▀[0m[38;2;29;51;59m[48;2;0;0;0m▀[0m[38;2;4;28;44m[48;2;0;0;0m▀[0m[38;2;40;68;84m[48;2;13;46;63m▀[0m[38;2;45;79;98m[48;2;101;125;143m▀[0m[38;2;17;40;53m[48;2;22;18;21m▀[0m[38;2;21;27;28m[48;2;144;163;168m▀[0m[38;2;200;228;243m[48;2;190;217;230m▀[0m[38;2;157;183;199m[48;2;154;181;194m▀[0m[38;2;95;113;120m[48;2;104;126;137m▀[0m[38;2;97;115;124m[48;2;163;190;200m▀[0m[38;2;55;76;83m[48;2;176;208;216m▀[0m[38;2;67;85;91m[48;2;175;201;213m▀[0m[38;2;110;127;134m[48;2;162;186;198m▀[0m[38;2;132;154;165m[48;2;166;195;205m▀[0m[38;2;156;182;193m[48;2;128;154;161m▀[0m[38;2;104;128;137m[48;2;93;116;124m▀[0m[38;2;123;150;161m[48;2;176;199;214m▀[0m[38;2;168;198;208m[48;2;127;150;160m▀[0m[38;2;43;60;68m[48;2;102;129;136m▀[0m[38;2;129;147;159m[48;2;165;190;200m▀[0m[38;2;167;191;203m[48;2;157;176;187m▀[0m[38;2;183;211;225m[48;2;179;202;217m▀[0m[38;2;104;119;123m[48;2;141;163;175m▀[0m[38;2;0;35;47m[48;2;0;32;50m▀[0m[38;2;4;38;53m[48;2;21;43;52m▀[0m[38;2;172;192;199m[48;2;164;188;195m▀[0m[38;2;114;135;148m[48;2;35;62;69m▀[0m[38;2;108;111;110m[48;2;107;122;124m▀[0m[38;2;187;213;225m[48;2;177;202;218m▀[0m
[38;2;95;125;132m[48;2;153;177;187m▀[0m[38;2;129;160;169m[48;2;97;123;133m▀[0m[38;2;160;187;198m[48;2;171;194;206m▀[0m[38;2;157;165;169m[48;2;193;211;218m▀[0m[38;2;0;27;43m[48;2;1;32;43m▀[0m[38;2;0;41;61m[48;2;0;32;43m▀[0m[38;2;148;151;156m[48;2;176;187;193m▀[0m[38;2;178;201;211m[48;2;168;192;203m▀[0m[38;2;152;173;184m[48;2;151;174;182m▀[0m[38;2;148;171;182m[48;2;146;169;184m▀[0m[38;2;152;179;191m[48;2;158;182;194m▀[0m[38;2;137;163;178m[48;2;128;150;161m▀[0m[38;2;78;99;103m[48;2;66;88;92m▀[0m[38;2;155;182;194m[48;2;162;192;203m▀[0m[38;2;158;179;194m[48;2;157;180;193m▀[0m[38;2;128;151;161m[48;2;126;149;160m▀[0m[38;2;145;168;179m[48;2;98;125;134m▀[0m[38;2;158;182;193m[48;2;165;188;200m▀[0m[38;2;155;184;194m[48;2;164;194;203m▀[0m[38;2;105;129;135m[48;2;129;153;163m▀[0m[38;2;82;98;108m[48;2;96;117;128m▀[0m[38;2;145;171;179m[48;2;36;58;66m▀[0m[38;2;175;202;213m[48;2;119;142;153m▀[0m[38;2;191;223;232m[48;2;181;209;223m▀[0m[38;2;102;122;127m[48;2;179;205;219m▀[0m[38;2;25;60;71m[48;2;3;16;13m▀[0m[38;2;53;87;99m[48;2;16;31;32m▀[0m[38;2;5;16;20m[48;2;31;58;68m▀[0m[38;2;2;45;69m[48;2;0;29;49m▀[0m[38;2;67;61;60m[48;2;60;63;68m▀[0m[38;2;247;247;247m[48;2;247;247;247m▀[0m[38;2;78;125;140m[48;2;70;92;104m▀[0m[38;2;189;242;247m[48;2;153;194;211m▀[0m[38;2;140;204;219m[48;2;36;58;64m▀[0m[38;2;175;225;240m[48;2;107;134;149m▀[0m[38;2;188;234;247m[48;2;136;163;174m▀[0m[38;2;151;188;203m[48;2;145;168;179m▀[0m[38;2;140;170;180m[48;2;183;211;225m▀[0m[38;2;177;204;216m[48;2;164;191;204m▀[0m[38;2;147;175;189m[48;2;152;178;192m▀[0m[38;2;180;226;245m[48;2;150;177;193m▀[0m[38;2;161;197;215m[48;2;157;194;212m▀[0m[38;2;172;207;222m[48;2;0;0;0m▀[0m[38;2;189;229;241m[48;2;80;103;110m▀[0m[38;2;148;182;197m[48;2;141;168;184m▀[0m[38;2;188;205;211m[48;2;224;240;245m▀[0m[38;2;95;94;88m[48;2;81;90;92m▀[0m[38;2;0;0;0m[48;2;0;2;14m▀[0m[38;2;0;0;0m[48;2;35;70;82m▀[0m[38;2;0;11;18m[48;2;35;50;54m▀[0m[38;2;0;23;33m[48;2;0;0;0m▀[0m[38;2;44;51;55m[48;2;151;169;179m▀[0m[38;2;199;231;244m[48;2;192;219;234m▀[0m[38;2;169;199;212m[48;2;137;161;175m▀[0m[38;2;83;104;112m[48;2;95;113;118m▀[0m[38;2;108;129;141m[48;2;162;190;201m▀[0m[38;2;170;198;212m[48;2;149;178;188m▀[0m[38;2;104;126;130m[48;2;131;155;165m▀[0m[38;2;112;129;132m[48;2;127;150;161m▀[0m[38;2;160;186;201m[48;2;173;199;213m▀[0m[38;2;161;184;199m[48;2;101;125;134m▀[0m[38;2;71;93;97m[48;2;95;117;124m▀[0m[38;2;154;180;188m[48;2;174;204;214m▀[0m[38;2;161;185;194m[48;2;125;158;168m▀[0m[38;2;107;131;141m[48;2;122;149;161m▀[0m[38;2;154;180;191m[48;2;157;184;194m▀[0m[38;2;153;176;187m[48;2;147;170;181m▀[0m[38;2;156;180;191m[48;2;169;196;207m▀[0m[38;2;191;213;225m[48;2;120;137;145m▀[0m[38;2;105;123;136m[48;2;0;0;0m▀[0m[38;2;0;0;5m[48;2;0;22;35m▀[0m[38;2;16;35;42m[48;2;9;31;37m▀[0m[38;2;90;108;116m[48;2;111;140;148m▀[0m[38;2;72;106;114m[48;2;134;161;173m▀[0m[38;2;133;160;171m[48;2;168;190;201m▀[0m[38;2;161;186;197m[48;2;151;172;183m▀[0m
[38;2;159;181;194m[48;2;147;169;185m▀[0m[38;2;157;177;190m[48;2;171;195;207m▀[0m[38;2;184;207;218m[48;2;124;138;148m▀[0m[38;2;155;166;174m[48;2;7;33;48m▀[0m[38;2;7;65;92m[48;2;2;73;99m▀[0m[38;2;21;47;58m[48;2;93;112;117m▀[0m[38;2;143;154;161m[48;2;182;200;210m▀[0m[38;2;161;187;197m[48;2;153;176;187m▀[0m[38;2;148;171;182m[48;2;149;172;184m▀[0m[38;2;146;169;180m[48;2;147;170;181m▀[0m[38;2;157;179;192m[48;2;152;174;187m▀[0m[38;2;139;161;171m[48;2;158;182;195m▀[0m[38;2;113;131;134m[48;2;69;83;85m▀[0m[38;2;149;175;183m[48;2;118;136;139m▀[0m[38;2;156;179;190m[48;2;163;186;198m▀[0m[38;2;160;183;191m[48;2;169;191;199m▀[0m[38;2;69;101;111m[48;2;99;126;133m▀[0m[38;2;147;173;184m[48;2;102;129;140m▀[0m[38;2;175;201;212m[48;2;175;198;210m▀[0m[38;2;118;141;149m[48;2;113;137;147m▀[0m[38;2;129;151;158m[48;2;133;157;166m▀[0m[38;2;157;179;194m[48;2;164;194;203m▀[0m[38;2;79;100;111m[48;2;167;191;201m▀[0m[38;2;129;155;165m[48;2;144;166;177m▀[0m[38;2;194;225;240m[48;2;157;184;197m▀[0m[38;2;124;140;145m[48;2;180;207;218m▀[0m[38;2;0;0;0m[48;2;15;41;55m▀[0m[38;2;33;64;81m[48;2;18;58;76m▀[0m[38;2;2;27;38m[48;2;2;11;17m▀[0m[38;2;0;0;0m[48;2;0;0;0m▀[0m[38;2;247;247;247m[48;2;124;106;98m▀[0m[38;2;116;139;149m[48;2;247;247;247m▀[0m[38;2;74;100;112m[48;2;60;93;103m▀[0m[38;2;0;0;0m[48;2;0;0;0m▀[0m[38;2;146;179;194m[48;2;96;108;115m▀[0m[38;2;149;175;185m[48;2;151;184;194m▀[0m[38;2;68;82;86m[48;2;166;201;217m▀[0m[38;2;127;149;160m[48;2;64;83;91m▀[0m[38;2;172;200;214m[48;2;16;30;34m▀[0m[38;2;68;86;91m[48;2;149;179;196m▀[0m[38;2;129;160;173m[48;2;159;194;215m▀[0m[38;2;114;144;156m[48;2;129;161;177m▀[0m[38;2;30;41;45m[48;2;34;49;49m▀[0m[38;2;0;0;0m[48;2;38;56;61m▀[0m[38;2;145;185;204m[48;2;183;216;236m▀[0m[38;2;247;247;247m[48;2;125;125;125m▀[0m[38;2;0;0;0m[48;2;0;0;0m▀[0m[38;2;0;18;30m[48;2;0;0;0m▀[0m[38;2;32;65;77m[48;2;0;4;11m▀[0m[38;2;43;67;75m[48;2;0;0;0m▀[0m[38;2;18;18;19m[48;2;51;60;62m▀[0m[38;2;193;221;235m[48;2;170;205;220m▀[0m[38;2;175;199;213m[48;2;163;187;198m▀[0m[38;2;117;136;147m[48;2;137;161;171m▀[0m[38;2;147;170;178m[48;2;151;177;188m▀[0m[38;2;154;176;188m[48;2;145;169;180m▀[0m[38;2;148;171;182m[48;2;149;172;183m▀[0m[38;2;155;178;189m[48;2;148;171;182m▀[0m[38;2;161;185;196m[48;2;170;194;204m▀[0m[38;2;156;182;195m[48;2;102;129;139m▀[0m[38;2;64;87;93m[48;2;86;107;116m▀[0m[38;2;150;178;186m[48;2;175;202;216m▀[0m[38;2;159;181;192m[48;2;128;150;161m▀[0m[38;2;134;140;144m[48;2;75;82;86m▀[0m[38;2;115;141;149m[48;2;144;170;182m▀[0m[38;2;154;180;192m[48;2;152;175;187m▀[0m[38;2;148;171;182m[48;2;147;173;183m▀[0m[38;2;159;182;193m[48;2;157;178;189m▀[0m[38;2;182;205;213m[48;2;193;217;227m▀[0m[38;2;40;59;66m[48;2;63;75;85m▀[0m[38;2;0;24;36m[48;2;0;12;24m▀[0m[38;2;25;60;67m[48;2;18;53;64m▀[0m[38;2;161;194;203m[48;2;164;183;193m▀[0m[38;2;166;189;201m[48;2;174;195;210m▀[0m[38;2;161;184;194m[48;2;157;180;192m▀[0m[38;2;149;171;182m[48;2;147;170;185m▀[0m
[38;2;150;174;185m[48;2;173;194;205m▀[0m[38;2;172;195;207m[48;2;180;203;213m▀[0m[38;2;147;161;167m[48;2;168;188;194m▀[0m[38;2;0;37;55m[48;2;18;75;97m▀[0m[38;2;0;50;68m[48;2;0;0;0m▀[0m[38;2;145;159;161m[48;2;112;131;140m▀[0m[38;2;184;208;220m[48;2;180;204;214m▀[0m[38;2;155;176;187m[48;2;155;177;190m▀[0m[38;2;147;169;181m[48;2;149;169;181m▀[0m[38;2;147;170;181m[48;2;146;169;180m▀[0m[38;2;146;169;180m[48;2;148;169;184m▀[0m[38;2;152;176;186m[48;2;150;173;186m▀[0m[38;2;99;124;131m[48;2;158;184;194m▀[0m[38;2;142;165;175m[48;2;151;174;187m▀[0m[38;2;153;176;187m[48;2;150;174;188m▀[0m[38;2;159;186;196m[48;2;162;182;193m▀[0m[38;2;146;170;181m[48;2;187;210;223m▀[0m[38;2;57;75;82m[48;2;25;36;42m▀[0m[38;2;163;185;194m[48;2;132;150;159m▀[0m[38;2;77;111;122m[48;2;103;128;138m▀[0m[38;2;139;168;178m[48;2;137;170;178m▀[0m[38;2;155;181;193m[48;2;151;180;189m▀[0m[38;2;147;173;184m[48;2;148;168;180m▀[0m[38;2;156;177;188m[48;2;153;175;186m▀[0m[38;2;172;198;209m[48;2;181;204;217m▀[0m[38;2;150;169;177m[48;2;139;162;173m▀[0m[38;2;0;13;21m[48;2;0;17;28m▀[0m[38;2;10;43;55m[48;2;0;0;9m▀[0m[38;2;0;0;0m[48;2;92;108;117m▀[0m[38;2;0;0;0m[48;2;98;117;121m▀[0m[38;2;0;0;0m[48;2;82;138;153m▀[0m[38;2;209;201;201m[48;2;0;0;0m▀[0m[38;2;224;247;247m[48;2;219;231;232m▀[0m[38;2;0;0;0m[48;2;104;139;148m▀[0m[38;2;199;196;198m[48;2;7;7;8m▀[0m[38;2;206;203;203m[48;2;96;96;93m▀[0m[38;2;133;152;160m[48;2;247;247;247m▀[0m[38;2;133;163;175m[48;2;194;194;194m▀[0m[38;2;120;150;161m[48;2;218;220;221m▀[0m[38;2;147;173;188m[48;2;226;226;222m▀[0m[38;2;145;162;172m[48;2;184;182;175m▀[0m[38;2;240;238;233m[48;2;228;222;214m▀[0m[38;2;107;100;93m[48;2;140;155;162m▀[0m[38;2;126;166;183m[48;2;177;222;237m▀[0m[38;2;127;143;155m[48;2;0;0;0m▀[0m[38;2;0;0;0m[48;2;81;113;123m▀[0m[38;2;128;172;191m[48;2;147;191;203m▀[0m[38;2;0;0;0m[48;2;88;107;115m▀[0m[38;2;27;33;34m[48;2;196;241;247m▀[0m[38;2;62;97;107m[48;2;87;120;128m▀[0m[38;2;16;30;30m[48;2;0;0;0m▀[0m[38;2;147;185;199m[48;2;121;159;170m▀[0m[38;2;162;187;197m[48;2;163;196;208m▀[0m[38;2;160;184;194m[48;2;156;186;197m▀[0m[38;2;146;174;188m[48;2;150;172;184m▀[0m[38;2;147;169;181m[48;2;147;169;181m▀[0m[38;2;145;174;183m[48;2;150;174;186m▀[0m[38;2;153;176;187m[48;2;164;189;202m▀[0m[38;2;172;196;210m[48;2;144;170;182m▀[0m[38;2;43;65;73m[48;2;22;39;45m▀[0m[38;2;135;157;168m[48;2;167;197;209m▀[0m[38;2;164;189;200m[48;2;160;182;194m▀[0m[38;2;145;172;186m[48;2;151;175;186m▀[0m[38;2;139;165;176m[48;2;151;174;185m▀[0m[38;2;153;176;187m[48;2;150;171;184m▀[0m[38;2;147;170;183m[48;2;147;170;180m▀[0m[38;2;151;174;182m[48;2;146;169;180m▀[0m[38;2;151;174;185m[48;2;151;172;183m▀[0m[38;2;188;212;223m[48;2;186;208;221m▀[0m[38;2;110;128;132m[48;2;48;59;66m▀[0m[38;2;4;57;74m[48;2;0;47;64m▀[0m[38;2;0;20;30m[48;2;0;46;56m▀[0m[38;2;50;46;53m[48;2;124;138;140m▀[0m[38;2;178;200;216m[48;2;194;219;226m▀[0m[38;2;156;177;186m[48;2;160;179;188m▀[0m[38;2;146;172;180m[48;2;152;173;184m▀[0m
[38;2;128;158;167m[48;2;130;152;162m▀[0m[38;2;168;193;202m[48;2;78;96;100m▀[0m[38;2;67;99;115m[48;2;7;70;97m▀[0m[38;2;0;18;41m[48;2;66;89;99m▀[0m[38;2;88;95;95m[48;2;191;225;235m▀[0m[38;2;84;116;126m[48;2;107;140;152m▀[0m[38;2;132;155;166m[48;2;121;151;163m▀[0m[38;2;160;188;201m[48;2;159;184;199m▀[0m[38;2;150;173;186m[48;2;144;170;180m▀[0m[38;2;155;178;188m[48;2;139;161;172m▀[0m[38;2;152;176;187m[48;2;157;180;193m▀[0m[38;2;155;178;191m[48;2;175;201;217m▀[0m[38;2;154;177;188m[48;2;173;200;218m▀[0m[38;2;161;186;196m[48;2;170;197;209m▀[0m[38;2;168;191;203m[48;2;174;202;217m▀[0m[38;2;170;192;200m[48;2;203;236;247m▀[0m[38;2;220;247;247m[48;2;159;195;208m▀[0m[38;2;62;83;91m[48;2;0;0;0m▀[0m[38;2;61;74;78m[48;2;3;3;3m▀[0m[38;2;206;232;247m[48;2;203;231;246m▀[0m[38;2;159;179;192m[48;2;163;185;195m▀[0m[38;2;147;173;187m[48;2;151;174;187m▀[0m[38;2;147;168;179m[48;2;151;175;186m▀[0m[38;2;157;179;190m[48;2;159;183;193m▀[0m[38;2;163;193;204m[48;2;102;129;145m▀[0m[38;2;107;130;141m[48;2;137;161;173m▀[0m[38;2;33;56;64m[48;2;134;159;168m▀[0m[38;2;0;0;0m[48;2;0;0;0m▀[0m[38;2;92;106;114m[48;2;40;48;53m▀[0m[38;2;243;247;247m[48;2;154;175;190m▀[0m[38;2;84;112;117m[48;2;185;212;226m▀[0m[38;2;0;0;0m[48;2;51;77;85m▀[0m[38;2;0;0;0m[48;2;0;0;0m▀[0m[38;2;205;231;238m[48;2;0;6;11m▀[0m[38;2;131;132;129m[48;2;233;245;247m▀[0m[38;2;9;9;6m[48;2;247;247;247m▀[0m[38;2;0;0;0m[48;2;22;16;16m▀[0m[38;2;0;0;0m[48;2;0;0;0m▀[0m[38;2;0;0;0m[48;2;0;0;0m▀[0m[38;2;0;0;0m[48;2;0;0;0m▀[0m[38;2;0;0;0m[48;2;137;129;126m▀[0m[38;2;37;36;36m[48;2;220;219;219m▀[0m[38;2;161;205;224m[48;2;58;70;71m▀[0m[38;2;28;32;31m[48;2;0;0;0m▀[0m[38;2;0;0;0m[48;2;2;32;40m▀[0m[38;2;88;110;118m[48;2;121;137;142m▀[0m[38;2;89;104;104m[48;2;190;223;230m▀[0m[38;2;170;205;216m[48;2;154;199;210m▀[0m[38;2;183;239;247m[48;2;161;196;211m▀[0m[38;2;82;97;94m[48;2;63;63;60m▀[0m[38;2;45;60;73m[48;2;133;202;223m▀[0m[38;2;52;112;127m[48;2;29;145;166m▀[0m[38;2;164;198;215m[48;2;157;67;73m▀[0m[38;2;181;126;132m[48;2;156;172;181m▀[0m[38;2;143;179;189m[48;2;144;193;206m▀[0m[38;2;153;174;186m[48;2;152;179;191m▀[0m[38;2;153;177;189m[48;2;157;184;197m▀[0m[38;2;181;215;226m[48;2;194;232;247m▀[0m[38;2;93;112;121m[48;2;5;11;14m▀[0m[38;2;25;36;39m[48;2;0;0;0m▀[0m[38;2;206;238;247m[48;2;212;239;247m▀[0m[38;2;160;181;194m[48;2;210;236;247m▀[0m[38;2;156;180;192m[48;2;193;218;232m▀[0m[38;2;149;175;186m[48;2;184;211;225m▀[0m[38;2;152;176;186m[48;2;167;195;209m▀[0m[38;2;154;175;186m[48;2;160;185;199m▀[0m[38;2;151;174;185m[48;2;153;174;190m▀[0m[38;2;154;175;188m[48;2;154;175;188m▀[0m[38;2;166;190;202m[48;2;157;180;191m▀[0m[38;2;95;102;110m[48;2;209;232;242m▀[0m[38;2;10;30;40m[48;2;113;128;132m▀[0m[38;2;0;42;58m[48;2;0;39;59m▀[0m[38;2;38;46;50m[48;2;1;38;53m▀[0m[38;2;198;227;235m[48;2;128;151;161m▀[0m[38;2;178;202;214m[48;2;134;169;182m▀[0m[38;2;184;207;219m[48;2;76;99;106m▀[0m
[38;2;0;0;0m[48;2;19;92;129m▀[0m[38;2;11;75;102m[48;2;0;6;22m▀[0m[38;2;0;0;0m[48;2;96;104;111m▀[0m[38;2;55;69;74m[48;2;151;175;186m▀[0m[38;2;35;58;68m[48;2;153;177;185m▀[0m[38;2;97;115;125m[48;2;169;193;200m▀[0m[38;2;165;184;193m[48;2;161;183;194m▀[0m[38;2;149;172;185m[48;2;131;158;172m▀[0m[38;2;137;163;174m[48;2;139;162;174m▀[0m[38;2;122;148;159m[48;2;169;195;206m▀[0m[38;2;61;79;84m[48;2;155;180;194m▀[0m[38;2;24;38;43m[48;2;105;123;131m▀[0m[38;2;17;33;37m[48;2;55;67;74m▀[0m[38;2;10;30;37m[48;2;4;12;15m▀[0m[38;2;29;53;64m[48;2;0;0;0m▀[0m[38;2;42;62;69m[48;2;0;0;0m▀[0m[38;2;0;0;0m[48;2;0;0;0m▀[0m[38;2;0;0;0m[48;2;0;0;0m▀[0m[38;2;0;0;0m[48;2;0;0;0m▀[0m[38;2;170;196;210m[48;2;102;122;129m▀[0m[38;2;176;202;217m[48;2;203;230;247m▀[0m[38;2;165;187;199m[48;2;150;173;189m▀[0m[38;2;144;168;179m[48;2;79;113;128m▀[0m[38;2;95;123;138m[48;2;106;133;149m▀[0m[38;2;116;142;157m[48;2;170;193;201m▀[0m[38;2;174;198;210m[48;2;160;182;194m▀[0m[38;2;187;211;222m[48;2;195;223;237m▀[0m[38;2;0;4;9m[48;2;28;41;45m▀[0m[38;2;109;130;139m[48;2;81;100;107m▀[0m[38;2;118;136;145m[48;2;204;232;247m▀[0m[38;2;164;196;208m[48;2;161;188;201m▀[0m[38;2;188;226;241m[48;2;167;195;210m▀[0m[38;2;25;41;50m[48;2;182;219;234m▀[0m[38;2;0;0;0m[48;2;22;36;44m▀[0m[38;2;114;131;131m[48;2;0;0;0m▀[0m[38;2;247;247;247m[48;2;224;231;230m▀[0m[38;2;247;247;247m[48;2;23;55;67m▀[0m[38;2;247;247;247m[48;2;113;141;156m▀[0m[38;2;173;167;167m[48;2;123;156;168m▀[0m[38;2;247;247;247m[48;2;57;89;104m▀[0m[38;2;220;241;245m[48;2;109;135;143m▀[0m[38;2;190;200;198m[48;2;66;59;52m▀[0m[38;2;0;0;0m[48;2;0;0;0m▀[0m[38;2;0;0;0m[48;2;177;222;238m▀[0m[38;2;156;198;208m[48;2;179;209;222m▀[0m[38;2;194;226;242m[48;2;136;219;239m▀[0m[38;2;145;188;204m[48;2;81;133;144m▀[0m[38;2;143;194;201m[48;2;133;247;247m▀[0m[38;2;127;194;216m[48;2;20;127;143m▀[0m[38;2;99;0;0m[48;2;241;0;0m▀[0m[38;2;154;197;203m[48;2;247;0;0m▀[0m[38;2;247;7;0m[48;2;247;0;0m▀[0m[38;2;208;0;0m[48;2;109;167;186m▀[0m[38;2;62;168;182m[48;2;62;122;133m▀[0m[38;2;151;177;185m[48;2;109;142;158m▀[0m[38;2;159;186;196m[48;2;161;180;193m▀[0m[38;2;173;201;216m[48;2;204;232;247m▀[0m[38;2;175;205;218m[48;2;97;118;129m▀[0m[38;2;0;0;0m[48;2;0;0;0m▀[0m[38;2;0;0;0m[48;2;0;0;0m▀[0m[38;2;0;0;0m[48;2;0;0;0m▀[0m[38;2;99;117;126m[48;2;0;0;0m▀[0m[38;2;91;114;125m[48;2;0;0;0m▀[0m[38;2;55;77;89m[48;2;59;72;74m▀[0m[38;2;51;77;89m[48;2;80;101;105m▀[0m[38;2;63;87;98m[48;2;129;152;162m▀[0m[38;2;105;137;147m[48;2;137;169;179m▀[0m[38;2;144;170;180m[48;2;139;161;172m▀[0m[38;2;158;179;190m[48;2;158;179;190m▀[0m[38;2;167;191;201m[48;2;161;185;197m▀[0m[38;2;169;189;194m[48;2;158;180;191m▀[0m[38;2;0;15;24m[48;2;61;64;63m▀[0m[38;2;31;88;112m[48;2;8;47;64m▀[0m[38;2;15;49;64m[48;2;17;67;92m▀[0m[38;2;126;158;169m[48;2;30;60;78m▀[0m[38;2;64;81;84m[48;2;40;44;43m▀[0m
[38;2;26;28;30m[48;2;0;0;0m▀[0m[38;2;221;215;215m[48;2;150;148;143m▀[0m[38;2;170;206;228m[48;2;247;247;247m▀[0m[38;2;155;185;200m[48;2;214;234;247m▀[0m[38;2;170;196;211m[48;2;178;208;221m▀[0m[38;2;161;185;196m[48;2;162;193;208m▀[0m[38;2;163;188;198m[48;2;125;154;165m▀[0m[38;2;113;134;149m[48;2;103;126;137m▀[0m[38;2;147;168;179m[48;2;163;190;201m▀[0m[38;2;160;187;197m[48;2;173;199;210m▀[0m[38;2;116;138;153m[48;2;170;203;215m▀[0m[38;2;177;202;217m[48;2;179;207;222m▀[0m[38;2;223;247;247m[48;2;150;178;193m▀[0m[38;2;224;247;247m[48;2;85;117;127m▀[0m[38;2;84;101;105m[48;2;78;118;137m▀[0m[38;2;0;0;0m[48;2;9;20;28m▀[0m[38;2;0;0;0m[48;2;0;0;0m▀[0m[38;2;0;0;0m[48;2;0;0;0m▀[0m[38;2;0;0;0m[48;2;0;0;0m▀[0m[38;2;25;32;31m[48;2;0;0;0m▀[0m[38;2;202;235;247m[48;2;165;195;207m▀[0m[38;2;121;146;164m[48;2;182;209;223m▀[0m[38;2;118;150;159m[48;2;161;186;195m▀[0m[38;2;156;180;188m[48;2;151;173;184m▀[0m[38;2;153;177;189m[48;2;150;173;185m▀[0m[38;2;157;181;192m[48;2;174;198;212m▀[0m[38;2;197;230;244m[48;2;146;172;180m▀[0m[38;2;0;0;0m[48;2;0;0;0m▀[0m[38;2;38;52;50m[48;2;57;78;85m▀[0m[38;2;192;219;232m[48;2;177;204;216m▀[0m[38;2;158;190;199m[48;2;143;173;191m▀[0m[38;2;133;158;167m[48;2;137;148;158m▀[0m[38;2;142;157;161m[48;2;131;131;129m▀[0m[38;2;193;221;241m[48;2;160;190;201m▀[0m[38;2;31;38;41m[48;2;162;195;211m▀[0m[38;2;212;205;194m[48;2;134;134;136m▀[0m[38;2;121;137;146m[48;2;32;25;20m▀[0m[38;2;88;116;133m[48;2;194;217;224m▀[0m[38;2;70;97;113m[48;2;244;247;247m▀[0m[38;2;128;165;177m[48;2;132;149;151m▀[0m[38;2;194;194;189m[48;2;72;63;55m▀[0m[38;2;0;0;0m[48;2;0;0;0m▀[0m[38;2;76;111;123m[48;2;183;217;233m▀[0m[38;2;177;240;247m[48;2;174;226;245m▀[0m[38;2;202;117;116m[48;2;70;164;176m▀[0m[38;2;155;57;57m[48;2;246;0;0m▀[0m[38;2;77;223;234m[48;2;247;0;0m▀[0m[38;2;39;217;240m[48;2;232;0;0m▀[0m[38;2;133;0;0m[48;2;247;0;0m▀[0m[38;2;247;0;0m[48;2;247;0;0m▀[0m[38;2;247;0;0m[48;2;247;0;0m▀[0m[38;2;209;97;101m[48;2;238;59;54m▀[0m[38;2;93;247;247m[48;2;112;205;215m▀[0m[38;2;138;180;194m[48;2;143;190;201m▀[0m[38;2;120;153;165m[48;2;158;191;201m▀[0m[38;2;127;150;162m[48;2;185;211;225m▀[0m[38;2;208;240;247m[48;2;150;182;194m▀[0m[38;2;2;13;19m[48;2;0;0;0m▀[0m[38;2;0;0;0m[48;2;0;0;0m▀[0m[38;2;0;0;0m[48;2;0;0;0m▀[0m[38;2;0;0;0m[48;2;0;4;7m▀[0m[38;2;0;0;0m[48;2;21;37;46m▀[0m[38;2;170;194;206m[48;2;129;170;192m▀[0m[38;2;233;247;247m[48;2;180;207;221m▀[0m[38;2;188;211;224m[48;2;198;224;239m▀[0m[38;2;176;198;213m[48;2;179;205;220m▀[0m[38;2;144;168;176m[48;2;175;201;215m▀[0m[38;2;103;122;130m[48;2;105;128;135m▀[0m[38;2;163;184;199m[48;2;145;166;179m▀[0m[38;2;153;177;191m[48;2;164;189;200m▀[0m[38;2;158;184;194m[48;2;155;179;193m▀[0m[38;2;200;226;240m[48;2;157;180;195m▀[0m[38;2;89;102;106m[48;2;193;227;240m▀[0m[38;2;0;20;34m[48;2;84;111;123m▀[0m[38;2;2;30;43m[48;2;0;34;49m▀[0m[38;2;0;0;0m[48;2;42;107;126m▀[0m
[38;2;0;0;0m[48;2;0;0;0m▀[0m[38;2;0;0;0m[48;2;0;0;0m▀[0m[38;2;0;0;0m[48;2;0;0;0m▀[0m[38;2;162;159;158m[48;2;0;0;0m▀[0m[38;2;247;247;247m[48;2;0;0;0m▀[0m[38;2;247;247;247m[48;2;18;14;13m▀[0m[38;2;164;189;196m[48;2;100;99;97m▀[0m[38;2;229;247;247m[48;2;163;160;162m▀[0m[38;2;197;232;247m[48;2;181;179;183m▀[0m[38;2;140;172;188m[48;2;126;123;126m▀[0m[38;2;102;122;129m[48;2;103;102;99m▀[0m[38;2;59;82;90m[48;2;56;64;66m▀[0m[38;2;47;69;76m[48;2;0;0;0m▀[0m[38;2;19;37;44m[48;2;53;57;57m▀[0m[38;2;0;4;7m[48;2;9;5;1m▀[0m[38;2;0;0;0m[48;2;0;0;0m▀[0m[38;2;0;0;0m[48;2;0;0;0m▀[0m[38;2;7;22;26m[48;2;0;2;6m▀[0m[38;2;0;0;0m[48;2;0;0;0m▀[0m[38;2;0;0;0m[48;2;0;0;0m▀[0m[38;2;72;86;88m[48;2;0;0;0m▀[0m[38;2;208;236;247m[48;2;184;214;227m▀[0m[38;2;155;181;192m[48;2;172;199;211m▀[0m[38;2;151;172;185m[48;2;153;177;188m▀[0m[38;2;155;176;189m[48;2;154;177;190m▀[0m[38;2;150;176;190m[48;2;104;129;140m▀[0m[38;2;52;69;77m[48;2;141;168;179m▀[0m[38;2;115;137;146m[48;2;156;183;196m▀[0m[38;2;71;98;110m[48;2;64;87;101m▀[0m[38;2;164;188;197m[48;2;164;188;199m▀[0m[38;2;181;200;207m[48;2;167;163;163m▀[0m[38;2;157;190;203m[48;2;96;116;128m▀[0m[38;2;139;168;180m[48;2;155;179;193m▀[0m[38;2;152;179;191m[48;2;161;185;198m▀[0m[38;2;161;188;199m[48;2;151;177;189m▀[0m[38;2;154;188;203m[48;2;176;208;221m▀[0m[38;2;0;0;0m[48;2;172;204;221m▀[0m[38;2;0;0;0m[48;2;0;0;0m▀[0m[38;2;207;207;202m[48;2;87;80;76m▀[0m[38;2;7;0;0m[48;2;0;0;0m▀[0m[38;2;28;24;20m[48;2;0;11;22m▀[0m[38;2;130;159;173m[48;2;191;231;247m▀[0m[38;2;178;213;230m[48;2;131;149;154m▀[0m[38;2;91;128;142m[48;2;185;195;186m▀[0m[38;2;78;197;202m[48;2;127;247;247m▀[0m[38;2;226;71;62m[48;2;181;95;97m▀[0m[38;2;247;0;0m[48;2;247;0;0m▀[0m[38;2;247;0;0m[48;2;247;0;0m▀[0m[38;2;247;0;0m[48;2;247;0;0m▀[0m[38;2;247;0;0m[48;2;247;0;0m▀[0m[38;2;247;0;0m[48;2;197;91;96m▀[0m[38;2;247;8;0m[48;2;156;162;166m▀[0m[38;2;113;203;218m[48;2;115;215;233m▀[0m[38;2;143;184;198m[48;2;145;180;194m▀[0m[38;2;159;182;194m[48;2;169;196;208m▀[0m[38;2;207;239;247m[48;2;188;221;232m▀[0m[38;2;60;77;85m[48;2;0;0;0m▀[0m[38;2;0;0;0m[48;2;0;0;0m▀[0m[38;2;0;0;0m[48;2;0;0;0m▀[0m[38;2;8;17;20m[48;2;0;0;0m▀[0m[38;2;6;21;25m[48;2;0;0;0m▀[0m[38;2;0;0;0m[48;2;0;0;0m▀[0m[38;2;0;0;1m[48;2;25;22;24m▀[0m[38;2;40;67;77m[48;2;1;8;8m▀[0m[38;2;89;107;115m[48;2;0;0;0m▀[0m[38;2;154;181;191m[48;2;0;0;0m▀[0m[38;2;180;213;225m[48;2;99;124;134m▀[0m[38;2;153;185;194m[48;2;169;196;206m▀[0m[38;2;107;133;143m[48;2;134;148;149m▀[0m[38;2;192;222;239m[48;2;173;187;187m▀[0m[38;2;198;230;246m[48;2;208;212;212m▀[0m[38;2;245;247;247m[48;2;134;130;129m▀[0m[38;2;247;247;247m[48;2;31;20;18m▀[0m[38;2;209;216;221m[48;2;0;0;0m▀[0m[38;2;119;119;120m[48;2;32;26;25m▀[0m[38;2;29;48;57m[48;2;0;0;0m▀[0m
[38;2;0;0;0m[48;2;0;0;0m▀[0m[38;2;0;0;0m[48;2;0;0;0m▀[0m[38;2;0;0;0m[48;2;0;0;0m▀[0m[38;2;0;0;0m[48;2;0;0;0m▀[0m[38;2;0;0;0m[48;2;0;0;0m▀[0m[38;2;0;0;0m[48;2;0;0;0m▀[0m[38;2;0;0;0m[48;2;0;0;0m▀[0m[38;2;0;0;0m[48;2;0;0;0m▀[0m[38;2;0;0;0m[48;2;12;24;27m▀[0m[38;2;0;3;8m[48;2;3;25;30m▀[0m[38;2;32;38;39m[48;2;93;93;94m▀[0m[38;2;180;197;202m[48;2;136;154;165m▀[0m[38;2;0;0;0m[48;2;0;0;0m▀[0m[38;2;4;0;0m[48;2;21;32;38m▀[0m[38;2;232;241;240m[48;2;56;64;70m▀[0m[38;2;41;37;37m[48;2;181;185;182m▀[0m[38;2;0;0;0m[48;2;0;0;0m▀[0m[38;2;0;0;0m[48;2;0;0;0m▀[0m[38;2;20;32;40m[48;2;107;144;162m▀[0m[38;2;0;0;0m[48;2;80;103;114m▀[0m[38;2;0;0;0m[48;2;0;0;0m▀[0m[38;2;89;107;116m[48;2;0;0;0m▀[0m[38;2;199;226;241m[48;2;193;221;236m▀[0m[38;2;158;180;188m[48;2;165;187;198m▀[0m[38;2;150;173;181m[48;2;151;175;189m▀[0m[38;2;155;179;189m[48;2;145;167;179m▀[0m[38;2;170;193;201m[48;2;158;180;189m▀[0m[38;2;122;143;159m[48;2;123;143;155m▀[0m[38;2;86;109;120m[48;2;133;160;167m▀[0m[38;2;162;189;200m[48;2;156;182;194m▀[0m[38;2;124;146;157m[48;2;153;179;190m▀[0m[38;2;116;138;147m[48;2;161;189;199m▀[0m[38;2;78;95;102m[48;2;147;170;181m▀[0m[38;2;140;161;176m[48;2;76;97;105m▀[0m[38;2;160;188;203m[48;2;132;154;162m▀[0m[38;2;154;181;193m[48;2;148;188;205m▀[0m[38;2;239;247;247m[48;2;177;183;182m▀[0m[38;2;43;62;77m[48;2;133;163;175m▀[0m[38;2;72;66;62m[48;2;88;92;92m▀[0m[38;2;13;19;20m[48;2;65;83;91m▀[0m[38;2;143;174;194m[48;2;138;178;197m▀[0m[38;2;159;199;217m[48;2;125;164;182m▀[0m[38;2;118;138;136m[48;2;123;161;163m▀[0m[38;2;195;247;247m[48;2;90;221;233m▀[0m[38;2;69;237;247m[48;2;247;29;33m▀[0m[38;2;247;6;1m[48;2;247;0;0m▀[0m[38;2;247;0;0m[48;2;247;0;0m▀[0m[38;2;247;0;0m[48;2;247;0;0m▀[0m[38;2;247;0;0m[48;2;247;0;0m▀[0m[38;2;238;44;44m[48;2;171;117;119m▀[0m[38;2;74;247;247m[48;2;102;226;238m▀[0m[38;2;177;142;140m[48;2;194;119;119m▀[0m[38;2;129;198;215m[48;2;136;197;215m▀[0m[38;2;147;180;193m[48;2;161;185;195m▀[0m[38;2;192;224;235m[48;2;194;229;241m▀[0m[38;2;113;139;150m[48;2;19;36;41m▀[0m[38;2;0;0;0m[48;2;0;0;0m▀[0m[38;2;0;0;0m[48;2;31;56;70m▀[0m[38;2;19;39;52m[48;2;141;194;218m▀[0m[38;2;0;0;0m[48;2;0;0;0m▀[0m[38;2;0;0;0m[48;2;0;0;0m▀[0m[38;2;152;157;162m[48;2;148;154;159m▀[0m[38;2;138;137;137m[48;2;0;0;0m▀[0m[38;2;0;0;0m[48;2;0;0;0m▀[0m[38;2;212;217;222m[48;2;71;74;79m▀[0m[38;2;51;49;46m[48;2;247;247;247m▀[0m[38;2;0;0;0m[48;2;33;55;62m▀[0m[38;2;0;0;0m[48;2;0;0;0m▀[0m[38;2;0;0;0m[48;2;0;0;0m▀[0m[38;2;0;0;0m[48;2;0;0;0m▀[0m[38;2;0;0;0m[48;2;0;0;0m▀[0m[38;2;0;0;0m[48;2;0;0;0m▀[0m[38;2;0;0;0m[48;2;0;0;0m▀[0m[38;2;0;0;0m[48;2;0;2;5m▀[0m[38;2;0;0;0m[48;2;18;56;67m▀[0m[38;2;0;0;0m[48;2;5;14;18m▀[0m
[38;2;18;47;56m[48;2;38;98;117m▀[0m[38;2;0;0;0m[48;2;28;75;91m▀[0m[38;2;0;0;0m[48;2;0;0;0m▀[0m[38;2;0;0;0m[48;2;0;0;0m▀[0m[38;2;0;0;0m[48;2;2;0;0m▀[0m[38;2;0;0;0m[48;2;1;0;0m▀[0m[38;2;0;0;0m[48;2;0;0;0m▀[0m[38;2;0;0;0m[48;2;15;27;32m▀[0m[38;2;46;73;85m[48;2;7;15;19m▀[0m[38;2;0;0;0m[48;2;0;0;0m▀[0m[38;2;158;169;173m[48;2;151;163;170m▀[0m[38;2;33;42;46m[48;2;0;0;0m▀[0m[38;2;0;0;0m[48;2;45;80;89m▀[0m[38;2;111;133;148m[48;2;72;89;97m▀[0m[38;2;0;0;0m[48;2;0;0;0m▀[0m[38;2;90;97;97m[48;2;77;84;83m▀[0m[38;2;0;4;5m[48;2;28;28;29m▀[0m[38;2;0;0;0m[48;2;9;35;49m▀[0m[38;2;180;226;246m[48;2;203;241;247m▀[0m[38;2;156;188;199m[48;2;186;212;223m▀[0m[38;2;35;57;64m[48;2;139;174;187m▀[0m[38;2;0;0;0m[48;2;0;8;14m▀[0m[38;2;104;127;134m[48;2;0;0;0m▀[0m[38;2;186;213;224m[48;2;184;216;226m▀[0m[38;2;153;176;187m[48;2;157;179;192m▀[0m[38;2;149;171;179m[48;2;148;171;182m▀[0m[38;2;146;169;180m[48;2;148;170;181m▀[0m[38;2;153;175;184m[48;2;147;169;181m▀[0m[38;2;154;175;186m[48;2;146;169;180m▀[0m[38;2;149;172;183m[48;2;147;170;181m▀[0m[38;2;150;172;183m[48;2;149;171;182m▀[0m[38;2;150;171;183m[48;2;147;173;184m▀[0m[38;2;155;182;193m[48;2;149;173;184m▀[0m[38;2;144;172;190m[48;2;143;173;191m▀[0m[38;2;76;82;86m[48;2;154;163;175m▀[0m[38;2;141;158;160m[48;2;196;184;174m▀[0m[38;2;104;131;145m[48;2;143;157;158m▀[0m[38;2;129;160;177m[48;2;130;167;189m▀[0m[38;2;143;145;147m[48;2;226;232;235m▀[0m[38;2;105;118;128m[48;2;142;160;168m▀[0m[38;2;147;188;211m[48;2;148;195;219m▀[0m[38;2;150;189;195m[48;2;147;129;124m▀[0m[38;2;146;213;210m[48;2;179;132;132m▀[0m[38;2;232;0;0m[48;2;201;106;111m▀[0m[38;2;247;0;0m[48;2;247;0;0m▀[0m[38;2;247;0;0m[48;2;116;182;192m▀[0m[38;2;247;6;0m[48;2;73;221;231m▀[0m[38;2;247;0;0m[48;2;214;79;83m▀[0m[38;2;247;0;0m[48;2;247;36;30m▀[0m[38;2;222;58;64m[48;2;133;168;177m▀[0m[38;2;140;185;194m[48;2;139;183;191m▀[0m[38;2;223;94;89m[48;2;170;151;152m▀[0m[38;2;135;203;215m[48;2;143;187;201m▀[0m[38;2;178;201;213m[48;2;188;220;232m▀[0m[38;2;143;177;192m[48;2;24;45;49m▀[0m[38;2;0;0;0m[48;2;0;0;0m▀[0m[38;2;0;0;0m[48;2;150;183;196m▀[0m[38;2;146;182;200m[48;2;193;219;233m▀[0m[38;2;220;247;247m[48;2;209;243;247m▀[0m[38;2;0;12;15m[48;2;8;28;34m▀[0m[38;2;18;4;3m[48;2;41;30;27m▀[0m[38;2;51;59;65m[48;2;23;26;28m▀[0m[38;2;0;0;0m[48;2;20;49;59m▀[0m[38;2;0;0;0m[48;2;20;28;32m▀[0m[38;2;0;0;0m[48;2;4;13;12m▀[0m[38;2;144;167;177m[48;2;41;61;65m▀[0m[38;2;84;102;109m[48;2;34;40;40m▀[0m[38;2;63;85;92m[48;2;0;1;0m▀[0m[38;2;25;41;46m[48;2;129;172;184m▀[0m[38;2;2;43;61m[48;2;14;48;57m▀[0m[38;2;23;75;95m[48;2;11;46;57m▀[0m[38;2;40;120;142m[48;2;8;36;42m▀[0m[38;2;20;59;65m[48;2;3;3;3m▀[0m[38;2;20;61;74m[48;2;0;0;0m▀[0m[38;2;3;12;15m[48;2;0;0;0m▀[0m[38;2;0;0;0m[48;2;1;0;0m▀[0m
[38;2;0;0;0m[48;2;0;0;0m▀[0m[38;2;32;68;81m[48;2;0;0;0m▀[0m[38;2;36;97;120m[48;2;6;21;25m▀[0m[38;2;4;10;13m[48;2;30;77;94m▀[0m[38;2;0;0;0m[48;2;23;49;59m▀[0m[38;2;0;0;0m[48;2;6;14;17m▀[0m[38;2;0;0;0m[48;2;0;0;0m▀[0m[38;2;0;0;0m[48;2;0;0;0m▀[0m[38;2;0;0;0m[48;2;0;10;14m▀[0m[38;2;0;0;0m[48;2;0;0;0m▀[0m[38;2;127;135;137m[48;2;61;55;50m▀[0m[38;2;0;0;0m[48;2;123;116;116m▀[0m[38;2;99;122;130m[48;2;109;147;164m▀[0m[38;2;24;62;80m[48;2;28;69;86m▀[0m[38;2;0;3;8m[48;2;0;0;0m▀[0m[38;2;15;8;0m[48;2;0;0;0m▀[0m[38;2;44;46;44m[48;2;65;65;64m▀[0m[38;2;75;105;114m[48;2;131;165;177m▀[0m[38;2;199;226;240m[48;2;183;210;224m▀[0m[38;2;164;188;199m[48;2;155;181;193m▀[0m[38;2;180;204;216m[48;2;159;181;193m▀[0m[38;2;155;185;198m[48;2;178;205;216m▀[0m[38;2;0;5;8m[48;2;122;152;161m▀[0m[38;2;114;135;146m[48;2;59;81;89m▀[0m[38;2;169;194;207m[48;2;171;194;210m▀[0m[38;2;149;172;185m[48;2;153;174;187m▀[0m[38;2;147;168;181m[48;2;157;181;191m▀[0m[38;2;147;169;182m[48;2;150;177;189m▀[0m[38;2;142;168;180m[48;2;156;176;189m▀[0m[38;2;143;169;181m[48;2;151;172;184m▀[0m[38;2;149;171;182m[48;2;142;164;179m▀[0m[38;2;148;170;181m[48;2;146;169;181m▀[0m[38;2;148;169;181m[48;2;146;169;181m▀[0m[38;2;140;166;178m[48;2;145;173;187m▀[0m[38;2;172;183;189m[48;2;138;156;161m▀[0m[38;2;206;210;209m[48;2;144;161;171m▀[0m[38;2;111;118;119m[48;2;112;147;161m▀[0m[38;2;130;147;156m[48;2;147;150;146m▀[0m[38;2;190;206;216m[48;2;222;225;224m▀[0m[38;2;143;171;185m[48;2;78;97;106m▀[0m[38;2;97;93;103m[48;2;101;121;131m▀[0m[38;2;139;64;62m[48;2;158;205;224m▀[0m[38;2;140;218;237m[48;2;132;180;194m▀[0m[38;2;162;149;152m[48;2;122;144;151m▀[0m[38;2;197;94;88m[48;2;247;30;23m▀[0m[38;2;125;185;195m[48;2;153;165;179m▀[0m[38;2;94;216;231m[48;2;111;222;242m▀[0m[38;2;180;140;151m[48;2;193;109;109m▀[0m[38;2;173;132;137m[48;2;155;148;156m▀[0m[38;2;127;189;195m[48;2;156;194;196m▀[0m[38;2;131;191;203m[48;2;156;194;205m▀[0m[38;2;141;185;196m[48;2;158;179;194m▀[0m[38;2;165;192;202m[48;2;178;202;216m▀[0m[38;2;145;177;191m[48;2;63;89;97m▀[0m[38;2;0;0;0m[48;2;95;116;121m▀[0m[38;2;139;162;173m[48;2;187;214;227m▀[0m[38;2;184;213;223m[48;2;156;177;192m▀[0m[38;2;168;190;201m[48;2;162;184;198m▀[0m[38;2;193;226;238m[48;2;172;205;218m▀[0m[38;2;47;68;75m[48;2;107;136;144m▀[0m[38;2;64;64;58m[48;2;51;45;37m▀[0m[38;2;0;0;0m[48;2;0;10;20m▀[0m[38;2;63;93;101m[48;2;1;21;28m▀[0m[38;2;115;128;134m[48;2;179;205;212m▀[0m[38;2;39;54;56m[48;2;57;72;71m▀[0m[38;2;6;13;13m[48;2;0;0;0m▀[0m[38;2;64;86;94m[48;2;41;61;69m▀[0m[38;2;0;0;0m[48;2;0;0;0m▀[0m[38;2;17;16;16m[48;2;0;0;0m▀[0m[38;2;86;102;108m[48;2;44;66;73m▀[0m[38;2;0;0;0m[48;2;47;68;73m▀[0m[38;2;0;0;0m[48;2;0;0;0m▀[0m[38;2;0;0;0m[48;2;0;0;0m▀[0m[38;2;0;0;0m[48;2;0;1;0m▀[0m[38;2;0;0;0m[48;2;0;0;0m▀[0m[38;2;0;1;1m[48;2;0;1;1m▀[0m
[38;2;0;0;0m[48;2;0;0;0m▀[0m[38;2;0;0;0m[48;2;0;0;0m▀[0m[38;2;0;0;0m[48;2;0;0;0m▀[0m[38;2;0;0;0m[48;2;0;0;0m▀[0m[38;2;21;60;76m[48;2;9;54;61m▀[0m[38;2;21;55;64m[48;2;0;13;19m▀[0m[38;2;12;24;27m[48;2;37;44;44m▀[0m[38;2;0;0;0m[48;2;115;145;148m▀[0m[38;2;0;0;0m[48;2;153;190;201m▀[0m[38;2;21;21;19m[48;2;153;204;222m▀[0m[38;2;133;139;140m[48;2;62;99;118m▀[0m[38;2;152;194;208m[48;2;70;109;121m▀[0m[38;2;41;91;109m[48;2;38;63;73m▀[0m[38;2;0;0;0m[48;2;4;11;16m▀[0m[38;2;0;0;0m[48;2;7;29;35m▀[0m[38;2;0;0;0m[48;2;0;8;15m▀[0m[38;2;56;48;43m[48;2;0;0;0m▀[0m[38;2;210;244;247m[48;2;215;234;235m▀[0m[38;2;164;193;206m[48;2;180;213;226m▀[0m[38;2;150;173;185m[48;2;124;148;158m▀[0m[38;2;151;177;185m[48;2;110;137;148m▀[0m[38;2;158;181;192m[48;2;158;182;190m▀[0m[38;2;168;194;202m[48;2;185;205;221m▀[0m[38;2;60;88;93m[48;2;77;90;97m▀[0m[38;2;140;164;178m[48;2;67;90;97m▀[0m[38;2;173;196;207m[48;2;206;232;242m▀[0m[38;2;134;154;162m[48;2;43;71;79m▀[0m[38;2;111;141;151m[48;2;69;123;139m▀[0m[38;2;229;240;243m[48;2;247;247;247m▀[0m[38;2;161;178;190m[48;2;152;176;188m▀[0m[38;2;140;163;178m[48;2;147;169;182m▀[0m[38;2;147;169;181m[48;2;147;169;181m▀[0m[38;2;147;169;182m[48;2;148;170;182m▀[0m[38;2;138;171;185m[48;2;130;162;179m▀[0m[38;2;149;165;170m[48;2;165;168;173m▀[0m[38;2;156;166;173m[48;2;206;198;196m▀[0m[38;2;140;170;183m[48;2;124;154;166m▀[0m[38;2;121;156;164m[48;2;133;168;180m▀[0m[38;2;230;231;228m[48;2;247;247;247m▀[0m[38;2;117;126;132m[48;2;150;157;161m▀[0m[38;2;147;183;201m[48;2;138;168;186m▀[0m[38;2;144;183;197m[48;2;136;169;181m▀[0m[38;2;97;149;157m[48;2;120;191;202m▀[0m[38;2;131;161;174m[48;2;184;117;125m▀[0m[38;2;247;32;31m[48;2;210;75;73m▀[0m[38;2;129;199;216m[48;2;122;207;226m▀[0m[38;2;129;194;209m[48;2;140;177;189m▀[0m[38;2;205;104;103m[48;2;222;106;105m▀[0m[38;2;147;165;177m[48;2;140;174;190m▀[0m[38;2;247;247;247m[48;2;222;229;231m▀[0m[38;2;114;140;154m[48;2;43;97;120m▀[0m[38;2;143;165;178m[48;2;116;143;155m▀[0m[38;2;169;194;207m[48;2;126;150;163m▀[0m[38;2;44;66;74m[48;2;44;59;66m▀[0m[38;2;160;182;193m[48;2;181;211;219m▀[0m[38;2;162;184;194m[48;2;156;179;190m▀[0m[38;2;150;176;188m[48;2;147;173;185m▀[0m[38;2;158;185;194m[48;2;149;177;191m▀[0m[38;2;164;194;210m[48;2;200;234;247m▀[0m[38;2;177;200;208m[48;2;150;154;151m▀[0m[38;2;0;0;0m[48;2;0;0;0m▀[0m[38;2;2;25;39m[48;2;0;0;0m▀[0m[38;2;2;47;65m[48;2;36;78;97m▀[0m[38;2;141;170;174m[48;2;84;116;129m▀[0m[38;2;63;65;63m[48;2;129;131;135m▀[0m[38;2;0;0;0m[48;2;0;0;0m▀[0m[38;2;35;56;58m[48;2;3;26;25m▀[0m[38;2;0;0;0m[48;2;0;0;0m▀[0m[38;2;0;0;0m[48;2;0;0;0m▀[0m[38;2;0;0;0m[48;2;0;0;0m▀[0m[38;2;49;73;83m[48;2;17;26;30m▀[0m[38;2;0;0;0m[48;2;3;6;8m▀[0m[38;2;0;0;0m[48;2;0;0;0m▀[0m[38;2;0;1;1m[48;2;0;1;1m▀[0m[38;2;0;1;1m[48;2;0;1;1m▀[0m[38;2;0;1;1m[48;2;0;0;1m▀[0m
[38;2;13;54;64m[48;2;5;65;76m▀[0m[38;2;0;0;0m[48;2;0;3;4m▀[0m[38;2;0;0;0m[48;2;0;0;0m▀[0m[38;2;0;0;0m[48;2;0;0;0m▀[0m[38;2;0;0;0m[48;2;0;2;0m▀[0m[38;2;0;0;0m[48;2;0;0;0m▀[0m[38;2;0;0;0m[48;2;0;0;0m▀[0m[38;2;1;4;5m[48;2;0;0;0m▀[0m[38;2;1;5;9m[48;2;0;0;0m▀[0m[38;2;0;0;0m[48;2;0;0;0m▀[0m[38;2;23;23;27m[48;2;132;163;168m▀[0m[38;2;128;148;151m[48;2;29;42;44m▀[0m[38;2;0;0;3m[48;2;0;0;0m▀[0m[38;2;0;0;0m[48;2;2;8;9m▀[0m[38;2;30;66;78m[48;2;33;55;60m▀[0m[38;2;14;40;47m[48;2;71;106;122m▀[0m[38;2;0;0;0m[48;2;0;0;0m▀[0m[38;2;102;98;92m[48;2;0;0;0m▀[0m[38;2;225;247;247m[48;2;230;237;241m▀[0m[38;2;134;164;177m[48;2;168;195;211m▀[0m[38;2;115;139;147m[48;2;158;184;194m▀[0m[38;2;155;177;188m[48;2;147;170;186m▀[0m[38;2;174;199;214m[48;2;169;195;209m▀[0m[38;2;119;135;145m[48;2;137;160;170m▀[0m[38;2;0;0;0m[48;2;0;0;0m▀[0m[38;2;180;208;222m[48;2;79;109;122m▀[0m[38;2;96;120;130m[48;2;173;197;208m▀[0m[38;2;133;180;195m[48;2;86;120;135m▀[0m[38;2;203;222;223m[48;2;40;93;111m▀[0m[38;2;92;121;132m[48;2;51;75;86m▀[0m[38;2;165;186;199m[48;2;166;188;199m▀[0m[38;2;147;169;181m[48;2;144;168;180m▀[0m[38;2;146;169;180m[48;2;147;170;181m▀[0m[38;2;153;175;186m[48;2;147;170;181m▀[0m[38;2;122;141;149m[48;2;146;173;184m▀[0m[38;2;116;125;131m[48;2;143;173;182m▀[0m[38;2;145;174;184m[48;2;139;165;179m▀[0m[38;2;125;161;174m[48;2;104;138;157m▀[0m[38;2;230;229;229m[48;2;247;247;247m▀[0m[38;2;129;145;155m[48;2;137;151;153m▀[0m[38;2;144;172;188m[48;2;129;166;182m▀[0m[38;2;144;176;188m[48;2;129;193;211m▀[0m[38;2;131;195;209m[48;2;155;156;166m▀[0m[38;2;216;72;68m[48;2;216;91;85m▀[0m[38;2;148;172;183m[48;2;125;202;218m▀[0m[38;2;128;194;206m[48;2;132;195;207m▀[0m[38;2;143;171;185m[48;2;157;154;161m▀[0m[38;2;192;144;154m[48;2;185;149;156m▀[0m[38;2;58;114;127m[48;2;59;112;127m▀[0m[38;2;43;112;134m[48;2;36;68;81m▀[0m[38;2;53;86;99m[48;2;155;171;180m▀[0m[38;2;190;214;225m[48;2;171;198;212m▀[0m[38;2;10;16;21m[48;2;0;0;0m▀[0m[38;2;76;89;96m[48;2;119;142;152m▀[0m[38;2;183;216;228m[48;2;170;200;210m▀[0m[38;2;115;125;132m[48;2;138;161;171m▀[0m[38;2;121;140;149m[48;2;142;168;180m▀[0m[38;2;155;188;201m[48;2;188;216;231m▀[0m[38;2;228;247;247m[48;2;182;191;194m▀[0m[38;2;16;7;1m[48;2;0;0;0m▀[0m[38;2;0;0;0m[48;2;0;0;1m▀[0m[38;2;15;38;49m[48;2;8;30;36m▀[0m[38;2;0;0;1m[48;2;31;54;72m▀[0m[38;2;92;120;135m[48;2;0;0;0m▀[0m[38;2;210;226;232m[48;2;11;11;12m▀[0m[38;2;188;198;198m[48;2;131;134;136m▀[0m[38;2;0;0;0m[48;2;156;162;169m▀[0m[38;2;0;0;0m[48;2;95;105;109m▀[0m[38;2;0;0;0m[48;2;32;35;36m▀[0m[38;2;0;0;0m[48;2;0;0;0m▀[0m[38;2;2;8;9m[48;2;0;0;0m▀[0m[38;2;0;2;3m[48;2;0;0;0m▀[0m[38;2;0;0;0m[48;2;0;0;0m▀[0m[38;2;0;1;0m[48;2;0;0;0m▀[0m[38;2;0;0;3m[48;2;0;0;0m▀[0m[38;2;0;0;0m[48;2;0;0;0m▀[0m
[38;2;0;29;35m[48;2;0;0;0m▀[0m[38;2;0;25;32m[48;2;247;0;0m▀[0m[38;2;0;0;0m[48;2;212;0;0m▀[0m[38;2;0;0;0m[48;2;159;0;0m▀[0m[38;2;0;0;0m[48;2;0;1;1m▀[0m[38;2;0;0;1m[48;2;0;0;0m▀[0m[38;2;0;0;0m[48;2;0;0;0m▀[0m[38;2;0;0;0m[48;2;0;0;0m▀[0m[38;2;0;0;0m[48;2;0;0;0m▀[0m[38;2;15;21;22m[48;2;66;88;92m▀[0m[38;2;111;142;146m[48;2;57;74;78m▀[0m[38;2;0;0;0m[48;2;0;0;0m▀[0m[38;2;0;0;0m[48;2;0;0;0m▀[0m[38;2;0;4;7m[48;2;0;0;0m▀[0m[38;2;41;52;55m[48;2;22;36;38m▀[0m[38;2;154;194;209m[48;2;151;192;209m▀[0m[38;2;0;0;0m[48;2;6;18;25m▀[0m[38;2;0;9;21m[48;2;98;153;173m▀[0m[38;2;120;122;123m[48;2;0;0;0m▀[0m[38;2;220;241;246m[48;2;227;227;223m▀[0m[38;2;140;172;180m[48;2;171;204;220m▀[0m[38;2;150;175;190m[48;2;151;174;189m▀[0m[38;2;170;196;210m[48;2;168;194;205m▀[0m[38;2;121;140;151m[48;2;121;140;151m▀[0m[38;2;4;18;22m[48;2;92;113;122m▀[0m[38;2;52;78;89m[48;2;115;147;160m▀[0m[38;2;120;149;161m[48;2;45;71;83m▀[0m[38;2;167;192;205m[48;2;144;166;178m▀[0m[38;2;104;128;137m[48;2;181;204;214m▀[0m[38;2;134;157;167m[48;2;161;182;194m▀[0m[38;2;155;176;188m[48;2;164;187;198m▀[0m[38;2;147;171;181m[48;2;165;186;197m▀[0m[38;2;145;171;183m[48;2;156;178;190m▀[0m[38;2;147;170;185m[48;2;142;162;176m▀[0m[38;2;148;171;182m[48;2;134;159;170m▀[0m[38;2;133;165;174m[48;2;141;164;171m▀[0m[38;2;126;160;174m[48;2;205;212;213m▀[0m[38;2;213;226;227m[48;2;247;247;247m▀[0m[38;2;247;247;247m[48;2;127;165;182m▀[0m[38;2;154;171;175m[48;2;214;230;234m▀[0m[38;2;85;118;129m[48;2;247;247;247m▀[0m[38;2;109;195;214m[48;2;209;166;164m▀[0m[38;2;247;41;30m[48;2;247;0;0m▀[0m[38;2;168;141;148m[48;2;119;173;187m▀[0m[38;2;126;204;224m[48;2;97;224;243m▀[0m[38;2;107;224;245m[48;2;172;147;159m▀[0m[38;2;223;69;64m[48;2;247;0;0m▀[0m[38;2;169;145;151m[48;2;151;194;201m▀[0m[38;2;146;207;222m[48;2;137;196;208m▀[0m[38;2;166;191;201m[48;2;155;185;197m▀[0m[38;2;178;202;213m[48;2;151;177;188m▀[0m[38;2;119;152;162m[48;2;84;114;124m▀[0m[38;2;20;53;64m[48;2;78;112;125m▀[0m[38;2;136;160;170m[48;2;147;173;187m▀[0m[38;2;167;192;202m[48;2;164;191;201m▀[0m[38;2;158;181;192m[48;2;148;174;186m▀[0m[38;2;149;175;191m[48;2;196;222;237m▀[0m[38;2;245;247;247m[48;2;198;199;196m▀[0m[38;2;34;26;23m[48;2;0;7;17m▀[0m[38;2;0;0;0m[48;2;0;0;0m▀[0m[38;2;18;37;42m[48;2;92;114;116m▀[0m[38;2;0;0;0m[48;2;0;0;0m▀[0m[38;2;17;23;27m[48;2;0;0;0m▀[0m[38;2;46;57;64m[48;2;13;16;17m▀[0m[38;2;0;0;0m[48;2;28;34;38m▀[0m[38;2;0;0;0m[48;2;0;0;0m▀[0m[38;2;0;0;0m[48;2;0;0;0m▀[0m[38;2;0;0;0m[48;2;0;0;0m▀[0m[38;2;0;0;0m[48;2;0;0;0m▀[0m[38;2;0;0;0m[48;2;0;0;0m▀[0m[38;2;0;0;0m[48;2;0;0;0m▀[0m[38;2;0;0;0m[48;2;4;22;26m▀[0m[38;2;0;0;0m[48;2;9;42;50m▀[0m[38;2;0;0;0m[48;2;0;27;27m▀[0m[38;2;0;0;0m[48;2;11;84;98m▀[0m[38;2;26;79;93m[48;2;192;50;53m▀[0m
[38;2;247;0;0m[48;2;59;0;0m▀[0m[38;2;247;0;0m[48;2;218;0;0m▀[0m[38;2;247;0;0m[48;2;247;0;0m▀[0m[38;2;160;0;0m[48;2;14;0;2m▀[0m[38;2;240;0;0m[48;2;0;0;1m▀[0m[38;2;43;0;0m[48;2;179;0;0m▀[0m[38;2;0;0;0m[48;2;84;0;0m▀[0m[38;2;0;0;0m[48;2;0;0;0m▀[0m[38;2;0;0;0m[48;2;0;0;0m▀[0m[38;2;79;101;108m[48;2;60;90;98m▀[0m[38;2;34;46;50m[48;2;18;31;32m▀[0m[38;2;0;0;0m[48;2;0;0;0m▀[0m[38;2;0;0;0m[48;2;0;0;0m▀[0m[38;2;0;0;0m[48;2;0;0;0m▀[0m[38;2;0;0;0m[48;2;0;0;0m▀[0m[38;2;94;122;135m[48;2;0;0;0m▀[0m[38;2;151;188;203m[48;2;247;247;247m▀[0m[38;2;97;143;159m[48;2;5;12;16m▀[0m[38;2;0;0;0m[48;2;0;0;0m▀[0m[38;2;51;41;32m[48;2;0;0;0m▀[0m[38;2;247;247;247m[48;2;164;154;150m▀[0m[38;2;142;174;188m[48;2;247;247;247m▀[0m[38;2;167;191;205m[48;2;159;189;206m▀[0m[38;2;148;172;186m[48;2;104;126;132m▀[0m[38;2;140;167;183m[48;2;118;144;159m▀[0m[38;2;183;210;225m[48;2;127;147;160m▀[0m[38;2;99;118;131m[48;2;137;155;168m▀[0m[38;2;70;93;99m[48;2;138;161;177m▀[0m[38;2;159;185;195m[48;2;137;163;177m▀[0m[38;2;179;203;215m[48;2;26;35;44m▀[0m[38;2;129;149;160m[48;2;49;65;67m▀[0m[38;2;112;135;145m[48;2;136;161;168m▀[0m[38;2;100;123;133m[48;2;143;169;180m▀[0m[38;2;89;112;125m[48;2;150;174;185m▀[0m[38;2;159;179;181m[48;2;147;170;180m▀[0m[38;2;247;247;247m[48;2;137;163;175m▀[0m[38;2;152;181;189m[48;2;136;169;180m▀[0m[38;2;116;133;139m[48;2;99;138;153m▀[0m[38;2;247;247;247m[48;2;174;173;174m▀[0m[38;2;247;247;247m[48;2;177;196;204m▀[0m[38;2;155;188;198m[48;2;110;152;169m▀[0m[38;2;187;229;238m[48;2;130;168;184m▀[0m[38;2;161;120;130m[48;2;129;198;215m▀[0m[38;2;94;118;125m[48;2;103;176;187m▀[0m[38;2;247;94;91m[48;2;247;221;213m▀[0m[38;2;247;0;0m[48;2;156;147;160m▀[0m[38;2;241;0;0m[48;2;224;45;49m▀[0m[38;2;87;174;186m[48;2;74;118;126m▀[0m[38;2;146;197;212m[48;2;81;124;135m▀[0m[38;2;161;194;204m[48;2;166;201;209m▀[0m[38;2;117;146;156m[48;2;128;157;168m▀[0m[38;2;125;154;163m[48;2;125;149;160m▀[0m[38;2;149;176;190m[48;2;147;173;188m▀[0m[38;2;122;151;162m[48;2;45;59;64m▀[0m[38;2;165;187;198m[48;2;146;175;187m▀[0m[38;2;154;186;197m[48;2;239;247;247m▀[0m[38;2;247;247;247m[48;2;151;139;133m▀[0m[38;2;0;0;0m[48;2;0;0;0m▀[0m[38;2;20;59;70m[48;2;14;40;51m▀[0m[38;2;63;78;73m[48;2;174;202;202m▀[0m[38;2;136;152;152m[48;2;45;51;51m▀[0m[38;2;81;90;92m[48;2;71;78;81m▀[0m[38;2;0;0;0m[48;2;136;139;141m▀[0m[38;2;0;0;0m[48;2;40;43;44m▀[0m[38;2;0;0;0m[48;2;5;8;7m▀[0m[38;2;0;0;0m[48;2;0;0;0m▀[0m[38;2;0;0;0m[48;2;0;0;0m▀[0m[38;2;0;0;0m[48;2;0;0;0m▀[0m[38;2;0;0;0m[48;2;6;32;39m▀[0m[38;2;3;20;24m[48;2;6;36;40m▀[0m[38;2;17;49;58m[48;2;0;0;0m▀[0m[38;2;6;37;41m[48;2;0;0;0m▀[0m[38;2;0;15;16m[48;2;0;0;0m▀[0m[38;2;0;2;1m[48;2;37;0;0m▀[0m[38;2;158;0;0m[48;2;137;0;0m▀[0m[38;2;30;0;0m[48;2;0;0;0m▀[0m
[38;2;0;0;1m[48;2;0;0;0m▀[0m[38;2;0;0;0m[48;2;0;0;0m▀[0m[38;2;0;0;1m[48;2;0;0;1m▀[0m[38;2;168;0;0m[48;2;0;0;1m▀[0m[38;2;101;0;0m[48;2;37;0;0m▀[0m[38;2;0;0;0m[48;2;0;8;12m▀[0m[38;2;148;0;0m[48;2;0;54;62m▀[0m[38;2;90;0;0m[48;2;124;0;0m▀[0m[38;2;0;0;0m[48;2;57;0;0m▀[0m[38;2;16;38;42m[48;2;0;0;0m▀[0m[38;2;10;24;25m[48;2;0;0;0m▀[0m[38;2;0;0;0m[48;2;0;0;0m▀[0m[38;2;0;0;0m[48;2;0;0;0m▀[0m[38;2;0;0;0m[48;2;2;9;10m▀[0m[38;2;0;0;0m[48;2;67;90;97m▀[0m[38;2;61;68;67m[48;2;85;108;112m▀[0m[38;2;144;178;187m[48;2;0;0;0m▀[0m[38;2;10;16;15m[48;2;58;82;85m▀[0m[38;2;0;1;7m[48;2;19;49;57m▀[0m[38;2;0;16;21m[48;2;40;66;77m▀[0m[38;2;0;0;0m[48;2;0;31;44m▀[0m[38;2;247;246;244m[48;2;0;0;0m▀[0m[38;2;235;247;247m[48;2;247;247;247m▀[0m[38;2;62;83;94m[48;2;188;214;227m▀[0m[38;2;49;61;67m[48;2;64;87;95m▀[0m[38;2;173;197;208m[48;2;126;145;154m▀[0m[38;2;129;151;162m[48;2;184;211;222m▀[0m[38;2;164;188;206m[48;2;101;123;129m▀[0m[38;2;136;161;174m[48;2;88;109;121m▀[0m[38;2;83;104;112m[48;2;177;203;215m▀[0m[38;2;174;201;211m[48;2;189;218;227m▀[0m[38;2;165;189;199m[48;2;165;189;199m▀[0m[38;2;156;179;187m[48;2;163;186;196m▀[0m[38;2;155;177;188m[48;2;143;165;176m▀[0m[38;2;152;180;188m[48;2;129;150;166m▀[0m[38;2;149;174;189m[48;2;133;151;162m▀[0m[38;2;159;191;198m[48;2;95;116;130m▀[0m[38;2;130;167;182m[48;2;40;62;73m▀[0m[38;2;189;194;197m[48;2;161;158;154m▀[0m[38;2;174;196;207m[48;2;73;86;97m▀[0m[38;2;124;161;181m[48;2;143;156;166m▀[0m[38;2;149;179;196m[48;2;110;121;130m▀[0m[38;2;167;195;214m[48;2;93;114;130m▀[0m[38;2;136;169;180m[48;2;93;116;126m▀[0m[38;2;167;203;207m[48;2;169;177;177m▀[0m[38;2;103;223;241m[48;2;123;209;225m▀[0m[38;2;191;157;159m[48;2;231;131;136m▀[0m[38;2;168;168;173m[48;2;247;72;72m▀[0m[38;2;151;212;226m[48;2;103;177;195m▀[0m[38;2;145;178;191m[48;2;84;102;116m▀[0m[38;2;122;146;160m[48;2;161;191;200m▀[0m[38;2;158;181;193m[48;2;161;184;195m▀[0m[38;2;113;136;143m[48;2;91;113;121m▀[0m[38;2;29;45;49m[48;2;125;157;169m▀[0m[38;2;183;216;231m[48;2;247;247;247m▀[0m[38;2;247;247;247m[48;2;123;125;123m▀[0m[38;2;0;0;0m[48;2;0;0;0m▀[0m[38;2;0;0;0m[48;2;0;11;19m▀[0m[38;2;0;0;0m[48;2;0;0;0m▀[0m[38;2;193;212;213m[48;2;164;188;191m▀[0m[38;2;17;15;12m[48;2;1;0;0m▀[0m[38;2;0;0;0m[48;2;0;0;0m▀[0m[38;2;32;34;35m[48;2;0;0;0m▀[0m[38;2;94;104;106m[48;2;0;0;0m▀[0m[38;2;41;47;48m[48;2;0;0;0m▀[0m[38;2;0;0;0m[48;2;0;0;0m▀[0m[38;2;0;0;0m[48;2;0;36;44m▀[0m[38;2;8;43;51m[48;2;0;12;17m▀[0m[38;2;0;18;22m[48;2;0;0;0m▀[0m[38;2;0;0;0m[48;2;0;0;0m▀[0m[38;2;0;0;0m[48;2;0;0;0m▀[0m[38;2;0;0;0m[48;2;99;0;0m▀[0m[38;2;0;0;0m[48;2;247;0;0m▀[0m[38;2;247;0;0m[48;2;247;0;0m▀[0m[38;2;134;0;0m[48;2;0;1;1m▀[0m[38;2;0;0;0m[48;2;0;1;2m▀[0m
[38;2;0;22;26m[48;2;19;72;82m▀[0m[38;2;0;0;0m[48;2;0;0;0m▀[0m[38;2;0;0;0m[48;2;0;0;0m▀[0m[38;2;0;1;1m[48;2;0;0;0m▀[0m[38;2;0;1;0m[48;2;0;1;1m▀[0m[38;2;0;0;0m[48;2;0;1;0m▀[0m[38;2;2;37;41m[48;2;0;0;0m▀[0m[38;2;0;47;54m[48;2;0;0;0m▀[0m[38;2;133;0;0m[48;2;0;33;45m▀[0m[38;2;64;0;0m[48;2;141;0;0m▀[0m[38;2;0;0;0m[48;2;60;0;0m▀[0m[38;2;0;0;0m[48;2;0;0;0m▀[0m[38;2;13;31;33m[48;2;0;0;0m▀[0m[38;2;44;66;70m[48;2;0;0;0m▀[0m[38;2;27;39;40m[48;2;0;0;0m▀[0m[38;2;0;0;0m[48;2;0;0;0m▀[0m[38;2;0;0;0m[48;2;0;0;0m▀[0m[38;2;0;0;0m[48;2;0;0;0m▀[0m[38;2;18;47;52m[48;2;66;100;112m▀[0m[38;2;99;136;155m[48;2;107;140;154m▀[0m[38;2;7;21;26m[48;2;0;0;0m▀[0m[38;2;0;0;0m[48;2;0;0;3m▀[0m[38;2;4;0;0m[48;2;0;0;0m▀[0m[38;2;247;247;247m[48;2;193;189;183m▀[0m[38;2;161;191;203m[48;2;224;247;247m▀[0m[38;2;83;109;119m[48;2;143;169;183m▀[0m[38;2;144;171;182m[48;2;90;112;119m▀[0m[38;2;176;199;211m[48;2;136;155;163m▀[0m[38;2;66;85;92m[48;2;195;223;234m▀[0m[38;2;0;0;0m[48;2;69;86;92m▀[0m[38;2;67;76;83m[48;2;9;18;21m▀[0m[38;2;139;162;178m[48;2;137;166;176m▀[0m[38;2;117;137;155m[48;2;150;181;188m▀[0m[38;2;97;118;130m[48;2;156;183;194m▀[0m[38;2;123;144;157m[48;2;158;181;193m▀[0m[38;2;157;181;193m[48;2;121;151;163m▀[0m[38;2;97;133;149m[48;2;123;138;138m▀[0m[38;2;70;87;89m[48;2;234;234;228m▀[0m[38;2;247;247;247m[48;2;247;247;247m▀[0m[38;2;166;161;162m[48;2;247;246;244m▀[0m[38;2;146;163;168m[48;2;142;142;140m▀[0m[38;2;152;186;196m[48;2;103;136;148m▀[0m[38;2;119;151;162m[48;2;153;191;202m▀[0m[38;2;89;121;129m[48;2;135;169;184m▀[0m[38;2;188;180;175m[48;2;199;202;201m▀[0m[38;2;94;166;178m[48;2;178;208;217m▀[0m[38;2;179;14;11m[48;2;69;113;126m▀[0m[38;2;94;0;0m[48;2;47;102;114m▀[0m[38;2;35;96;109m[48;2;192;232;246m▀[0m[38;2;164;192;203m[48;2;160;190;199m▀[0m[38;2;169;194;204m[48;2;100;123;134m▀[0m[38;2;115;134;143m[48;2;136;165;177m▀[0m[38;2;117;152;166m[48;2;134;171;183m▀[0m[38;2;247;247;247m[48;2;247;247;247m▀[0m[38;2;90;72;64m[48;2;0;0;0m▀[0m[38;2;56;67;70m[48;2;59;83;89m▀[0m[38;2;11;30;34m[48;2;24;50;58m▀[0m[38;2;0;0;3m[48;2;0;0;0m▀[0m[38;2;0;0;0m[48;2;5;8;9m▀[0m[38;2;146;182;189m[48;2;86;115;123m▀[0m[38;2;0;0;0m[48;2;0;0;0m▀[0m[38;2;0;0;0m[48;2;0;0;0m▀[0m[38;2;0;0;0m[48;2;0;0;0m▀[0m[38;2;0;0;0m[48;2;0;0;0m▀[0m[38;2;0;0;0m[48;2;8;30;34m▀[0m[38;2;0;23;24m[48;2;11;50;58m▀[0m[38;2;35;47;51m[48;2;3;20;22m▀[0m[38;2;195;0;0m[48;2;28;0;0m▀[0m[38;2;247;0;0m[48;2;128;0;0m▀[0m[38;2;154;0;0m[48;2;158;0;0m▀[0m[38;2;247;0;0m[48;2;55;0;0m▀[0m[38;2;247;0;0m[48;2;0;6;12m▀[0m[38;2;111;1;0m[48;2;0;7;11m▀[0m[38;2;0;0;0m[48;2;0;0;0m▀[0m[38;2;0;1;1m[48;2;0;0;0m▀[0m[38;2;0;1;1m[48;2;0;1;1m▀[0m
[38;2;0;95;107m[48;2;40;51;70m▀[0m[38;2;0;4;3m[48;2;0;114;143m▀[0m[38;2;0;0;0m[48;2;0;0;0m▀[0m[38;2;0;0;0m[48;2;0;0;0m▀[0m[38;2;0;0;0m[48;2;0;0;0m▀[0m[38;2;0;1;1m[48;2;0;1;1m▀[0m[38;2;0;0;4m[48;2;0;1;1m▀[0m[38;2;0;0;0m[48;2;0;0;0m▀[0m[38;2;0;19;23m[48;2;0;1;0m▀[0m[38;2;0;22;27m[48;2;4;34;40m▀[0m[38;2;113;0;0m[48;2;0;0;0m▀[0m[38;2;61;0;0m[48;2;66;0;0m▀[0m[38;2;0;0;0m[48;2;61;0;0m▀[0m[38;2;0;0;0m[48;2;0;0;0m▀[0m[38;2;0;0;0m[48;2;0;0;0m▀[0m[38;2;0;0;0m[48;2;0;0;0m▀[0m[38;2;0;0;0m[48;2;0;0;0m▀[0m[38;2;0;0;0m[48;2;113;140;155m▀[0m[38;2;142;187;205m[48;2;119;160;178m▀[0m[38;2;32;42;46m[48;2;26;44;56m▀[0m[38;2;22;55;67m[48;2;23;49;57m▀[0m[38;2;13;50;61m[48;2;26;61;71m▀[0m[38;2;0;0;0m[48;2;0;0;0m▀[0m[38;2;115;108;105m[48;2;17;9;5m▀[0m[38;2;247;247;247m[48;2;247;247;247m▀[0m[38;2;139;173;186m[48;2;139;167;186m▀[0m[38;2;152;176;183m[48;2;145;168;181m▀[0m[38;2;113;134;141m[48;2;155;181;191m▀[0m[38;2;166;190;202m[48;2;149;178;186m▀[0m[38;2;161;192;203m[48;2;93;122;129m▀[0m[38;2;176;210;222m[48;2;173;205;214m▀[0m[38;2;129;150;159m[48;2;129;152;161m▀[0m[38;2;132;155;165m[48;2;125;147;158m▀[0m[38;2;163;188;199m[48;2;181;209;225m▀[0m[38;2;119;151;166m[48;2;94;124;135m▀[0m[38;2;134;145;149m[48;2;229;227;223m▀[0m[38;2;247;247;247m[48;2;247;247;247m▀[0m[38;2;247;247;247m[48;2;203;211;207m▀[0m[38;2;228;235;234m[48;2;247;247;247m▀[0m[38;2;212;218;219m[48;2;235;235;233m▀[0m[38;2;247;247;247m[48;2;247;247;247m▀[0m[38;2;175;178;175m[48;2;197;189;189m▀[0m[38;2;117;151;163m[48;2;107;134;148m▀[0m[38;2;131;161;179m[48;2;117;161;183m▀[0m[38;2;194;196;194m[48;2;198;202;199m▀[0m[38;2;155;168;173m[48;2;160;168;168m▀[0m[38;2;162;200;216m[48;2;178;216;235m▀[0m[38;2;161;189;206m[48;2;36;48;55m▀[0m[38;2;96;125;134m[48;2;78;97;106m▀[0m[38;2;51;64;71m[48;2;165;193;206m▀[0m[38;2;137;166;178m[48;2;161;187;198m▀[0m[38;2;131;161;170m[48;2;126;156;171m▀[0m[38;2;190;220;229m[48;2;247;247;247m▀[0m[38;2;224;220;213m[48;2;121;113;108m▀[0m[38;2;0;0;0m[48;2;0;0;0m▀[0m[38;2;57;83;93m[48;2;34;57;65m▀[0m[38;2;34;41;44m[48;2;83;107;117m▀[0m[38;2;0;0;0m[48;2;0;0;0m▀[0m[38;2;33;56;60m[48;2;0;10;11m▀[0m[38;2;12;21;21m[48;2;0;0;0m▀[0m[38;2;0;0;0m[48;2;32;0;0m▀[0m[38;2;0;0;0m[48;2;124;0;0m▀[0m[38;2;11;31;34m[48;2;11;11;13m▀[0m[38;2;37;94;111m[48;2;3;22;27m▀[0m[38;2;19;51;60m[48;2;0;0;0m▀[0m[38;2;0;0;0m[48;2;0;0;0m▀[0m[38;2;0;0;0m[48;2;0;2;0m▀[0m[38;2;0;0;0m[48;2;0;1;1m▀[0m[38;2;0;0;0m[48;2;0;1;1m▀[0m[38;2;0;0;0m[48;2;0;0;0m▀[0m[38;2;0;0;0m[48;2;0;5;7m▀[0m[38;2;0;18;21m[48;2;0;16;21m▀[0m[38;2;0;0;0m[48;2;0;0;0m▀[0m[38;2;0;0;0m[48;2;0;0;0m▀[0m[38;2;0;0;0m[48;2;0;0;0m▀[0m[38;2;0;0;0m[48;2;12;83;83m▀[0m
[38;2;247;0;0m[48;2;0;0;0m▀[0m[38;2;247;90;91m[48;2;175;14;15m▀[0m[38;2;199;109;104m[48;2;247;0;0m▀[0m[38;2;31;0;0m[48;2;247;0;0m▀[0m[38;2;0;0;0m[48;2;247;0;0m▀[0m[38;2;0;0;0m[48;2;147;0;0m▀[0m[38;2;0;1;1m[48;2;0;1;1m▀[0m[38;2;0;1;1m[48;2;0;1;2m▀[0m[38;2;0;0;0m[48;2;0;0;0m▀[0m[38;2;4;26;33m[48;2;0;17;22m▀[0m[38;2;0;5;7m[48;2;0;14;15m▀[0m[38;2;0;0;0m[48;2;0;0;0m▀[0m[38;2;47;4;0m[48;2;0;0;0m▀[0m[38;2;15;4;2m[48;2;6;2;2m▀[0m[38;2;0;12;12m[48;2;72;31;32m▀[0m[38;2;13;32;33m[48;2;21;47;49m▀[0m[38;2;72;100;115m[48;2;0;9;9m▀[0m[38;2;64;78;89m[48;2;0;0;0m▀[0m[38;2;0;0;0m[48;2;0;0;0m▀[0m[38;2;0;0;0m[48;2;0;1;1m▀[0m[38;2;26;47;52m[48;2;27;55;56m▀[0m[38;2;13;24;30m[48;2;0;0;0m▀[0m[38;2;0;0;0m[48;2;6;22;35m▀[0m[38;2;0;0;0m[48;2;0;0;0m▀[0m[38;2;247;247;247m[48;2;201;199;197m▀[0m[38;2;205;224;239m[48;2;247;247;247m▀[0m[38;2;140;168;183m[48;2;147;169;187m▀[0m[38;2;106;129;141m[48;2;139;163;173m▀[0m[38;2;145;166;178m[48;2;81;97;106m▀[0m[38;2;104;130;142m[48;2;184;210;221m▀[0m[38;2;48;71;77m[48;2;102;126;133m▀[0m[38;2;129;154;163m[48;2;64;83;90m▀[0m[38;2;136;162;174m[48;2;131;155;164m▀[0m[38;2;106;130;140m[48;2;127;160;170m▀[0m[38;2;55;72;78m[48;2;109;118;125m▀[0m[38;2;237;232;222m[48;2;226;226;221m▀[0m[38;2;247;247;247m[48;2;93;123;134m▀[0m[38;2;177;183;182m[48;2;215;219;211m▀[0m[38;2;247;247;247m[48;2;218;225;224m▀[0m[38;2;247;247;247m[48;2;247;247;247m▀[0m[38;2;247;247;247m[48;2;157;156;154m▀[0m[38;2;148;142;138m[48;2;149;147;144m▀[0m[38;2;96;119;127m[48;2;113;140;152m▀[0m[38;2;128;161;173m[48;2;150;177;191m▀[0m[38;2;247;247;247m[48;2;235;231;230m▀[0m[38;2;176;183;187m[48;2;196;205;207m▀[0m[38;2;0;0;6m[48;2;50;74;82m▀[0m[38;2;0;0;0m[48;2;139;161;168m▀[0m[38;2;185;213;227m[48;2;105;127;134m▀[0m[38;2;114;137;148m[48;2;132;160;169m▀[0m[38;2;150;174;188m[48;2;154;183;193m▀[0m[38;2;159;188;197m[48;2;179;200;211m▀[0m[38;2;247;247;247m[48;2;247;247;247m▀[0m[38;2;7;6;4m[48;2;20;27;33m▀[0m[38;2;0;0;0m[48;2;0;0;0m▀[0m[38;2;0;10;20m[48;2;0;0;0m▀[0m[38;2;79;114;125m[48;2;0;0;3m▀[0m[38;2;74;97;99m[48;2;40;64;72m▀[0m[38;2;0;0;0m[48;2;46;48;56m▀[0m[38;2;32;0;0m[48;2;33;2;1m▀[0m[38;2;67;1;1m[48;2;0;0;0m▀[0m[38;2;7;0;0m[48;2;0;2;3m▀[0m[38;2;0;5;8m[48;2;2;24;28m▀[0m[38;2;2;5;7m[48;2;0;0;0m▀[0m[38;2;0;0;0m[48;2;0;1;0m▀[0m[38;2;0;1;2m[48;2;0;1;1m▀[0m[38;2;0;1;1m[48;2;0;1;1m▀[0m[38;2;0;0;1m[48;2;0;1;1m▀[0m[38;2;0;1;2m[48;2;0;0;0m▀[0m[38;2;0;0;0m[48;2;0;0;0m▀[0m[38;2;0;15;23m[48;2;0;12;18m▀[0m[38;2;0;2;5m[48;2;0;0;0m▀[0m[38;2;0;0;0m[48;2;31;68;68m▀[0m[38;2;0;4;4m[48;2;247;122;112m▀[0m[38;2;192;127;121m[48;2;247;0;0m▀[0m[38;2;247;102;94m[48;2;97;0;0m▀[0m
[38;2;0;0;0m[48;2;0;0;0m▀[0m[38;2;0;82;109m[48;2;1;32;43m▀[0m[38;2;0;72;95m[48;2;32;135;165m▀[0m[38;2;0;0;0m[48;2;0;0;0m▀[0m[38;2;26;0;0m[48;2;0;0;0m▀[0m[38;2;188;0;0m[48;2;0;0;0m▀[0m[38;2;247;0;0m[48;2;15;0;0m▀[0m[38;2;54;0;0m[48;2;247;0;0m▀[0m[38;2;0;0;0m[48;2;173;0;0m▀[0m[38;2;0;11;13m[48;2;0;5;10m▀[0m[38;2;0;20;25m[48;2;0;17;20m▀[0m[38;2;0;0;0m[48;2;0;0;0m▀[0m[38;2;0;1;1m[48;2;0;0;0m▀[0m[38;2;0;0;0m[48;2;0;0;0m▀[0m[38;2;49;0;0m[48;2;0;1;1m▀[0m[38;2;78;0;0m[48;2;5;1;1m▀[0m[38;2;15;0;0m[48;2;57;0;0m▀[0m[38;2;0;0;0m[48;2;26;3;3m▀[0m[38;2;0;0;0m[48;2;0;0;0m▀[0m[38;2;0;0;0m[48;2;0;0;0m▀[0m[38;2;25;47;50m[48;2;21;38;41m▀[0m[38;2;0;0;0m[48;2;0;0;2m▀[0m[38;2;0;0;0m[48;2;0;0;0m▀[0m[38;2;0;0;0m[48;2;0;0;0m▀[0m[38;2;218;217;215m[48;2;247;247;247m▀[0m[38;2;225;247;247m[48;2;161;194;210m▀[0m[38;2;187;205;214m[48;2;144;174;187m▀[0m[38;2;118;148;158m[48;2;144;170;178m▀[0m[38;2;90;112;121m[48;2;100;125;134m▀[0m[38;2;106;126;134m[48;2;96;123;134m▀[0m[38;2;176;208;218m[48;2;68;81;91m▀[0m[38;2;178;201;216m[48;2;145;167;182m▀[0m[38;2;170;194;210m[48;2;167;198;219m▀[0m[38;2;116;159;168m[48;2;130;147;151m▀[0m[38;2;182;171;163m[48;2;247;247;247m▀[0m[38;2;201;238;247m[48;2;22;41;50m▀[0m[38;2;0;0;0m[48;2;0;0;0m▀[0m[38;2;220;209;202m[48;2;222;213;207m▀[0m[38;2;247;247;247m[48;2;247;247;247m▀[0m[38;2;225;226;225m[48;2;247;247;247m▀[0m[38;2;157;159;157m[48;2;155;158;160m▀[0m[38;2;223;215;212m[48;2;159;165;168m▀[0m[38;2;48;71;83m[48;2;167;167;167m▀[0m[38;2;113;154;174m[48;2;90;117;129m▀[0m[38;2;200;196;198m[48;2;242;236;232m▀[0m[38;2;198;217;222m[48;2;99;143;152m▀[0m[38;2;189;233;246m[48;2;46;70;74m▀[0m[38;2;114;135;140m[48;2;62;84;95m▀[0m[38;2;106;128;134m[48;2;119;140;160m▀[0m[38;2;129;154;165m[48;2;97;120;130m▀[0m[38;2;123;152;163m[48;2;150;176;187m▀[0m[38;2;131;163;179m[48;2;129;162;176m▀[0m[38;2;247;247;247m[48;2;247;247;247m▀[0m[38;2;65;64;62m[48;2;125;121;117m▀[0m[38;2;0;0;0m[48;2;0;0;0m▀[0m[38;2;0;0;0m[48;2;0;0;0m▀[0m[38;2;0;0;0m[48;2;0;8;11m▀[0m[38;2;0;0;0m[48;2;23;35;42m▀[0m[38;2;9;21;32m[48;2;0;0;0m▀[0m[38;2;0;0;0m[48;2;0;0;0m▀[0m[38;2;0;0;0m[48;2;0;1;1m▀[0m[38;2;0;3;3m[48;2;0;0;0m▀[0m[38;2;0;3;4m[48;2;0;0;0m▀[0m[38;2;0;0;0m[48;2;0;1;1m▀[0m[38;2;0;1;1m[48;2;0;1;1m▀[0m[38;2;0;1;1m[48;2;0;1;1m▀[0m[38;2;0;1;1m[48;2;0;1;2m▀[0m[38;2;0;0;0m[48;2;0;0;0m▀[0m[38;2;0;0;0m[48;2;0;0;0m▀[0m[38;2;0;0;0m[48;2;0;33;43m▀[0m[38;2;0;0;0m[48;2;241;180;177m▀[0m[38;2;160;175;172m[48;2;247;75;67m▀[0m[38;2;247;161;156m[48;2;0;0;0m▀[0m[38;2;73;0;0m[48;2;0;0;0m▀[0m[38;2;0;0;0m[48;2;0;0;0m▀[0m[38;2;0;23;27m[48;2;0;15;18m▀[0m
[38;2;0;0;0m[48;2;31;75;99m▀[0m[38;2;0;0;0m[48;2;0;0;0m▀[0m[38;2;40;123;149m[48;2;22;76;91m▀[0m[38;2;13;43;52m[48;2;22;69;84m▀[0m[38;2;0;0;0m[48;2;0;0;0m▀[0m[38;2;0;0;0m[48;2;0;0;0m▀[0m[38;2;0;0;0m[48;2;0;0;0m▀[0m[38;2;116;0;0m[48;2;0;1;2m▀[0m[38;2;247;0;0m[48;2;109;0;0m▀[0m[38;2;0;0;3m[48;2;0;0;0m▀[0m[38;2;0;1;1m[48;2;0;2;3m▀[0m[38;2;0;1;1m[48;2;0;0;0m▀[0m[38;2;0;0;0m[48;2;0;0;0m▀[0m[38;2;0;0;0m[48;2;0;0;0m▀[0m[38;2;0;1;1m[48;2;0;1;1m▀[0m[38;2;0;1;1m[48;2;1;1;1m▀[0m[38;2;0;0;0m[48;2;1;1;1m▀[0m[38;2;8;2;4m[48;2;0;0;0m▀[0m[38;2;5;5;9m[48;2;0;2;2m▀[0m[38;2;0;0;0m[48;2;0;1;2m▀[0m[38;2;3;6;7m[48;2;0;0;0m▀[0m[38;2;9;17;21m[48;2;0;0;0m▀[0m[38;2;0;0;0m[48;2;0;0;0m▀[0m[38;2;0;0;0m[48;2;0;0;0m▀[0m[38;2;247;247;247m[48;2;247;247;247m▀[0m[38;2;160;192;205m[48;2;149;179;192m▀[0m[38;2;136;165;175m[48;2;153;176;188m▀[0m[38;2;146;174;182m[48;2;117;149;157m▀[0m[38;2;167;190;204m[48;2;148;171;184m▀[0m[38;2;122;155;173m[48;2;166;193;208m▀[0m[38;2;42;61;69m[48;2;57;79;90m▀[0m[38;2;0;0;0m[48;2;153;179;190m▀[0m[38;2;63;89;103m[48;2;146;183;198m▀[0m[38;2;204;204;201m[48;2;102;104;102m▀[0m[38;2;247;247;247m[48;2;25;42;50m▀[0m[38;2;0;25;57m[48;2;112;176;203m▀[0m[38;2;42;89;118m[48;2;100;131;136m▀[0m[38;2;247;232;223m[48;2;228;223;218m▀[0m[38;2;247;247;247m[48;2;247;247;247m▀[0m[38;2;247;247;247m[48;2;247;247;247m▀[0m[38;2;200;200;201m[48;2;228;222;219m▀[0m[38;2;3;55;73m[48;2;0;58;81m▀[0m[38;2;205;201;204m[48;2;236;242;243m▀[0m[38;2;82;84;84m[48;2;13;27;29m▀[0m[38;2;165;166;160m[48;2;99;133;150m▀[0m[38;2;14;25;25m[48;2;164;189;199m▀[0m[38;2;28;49;58m[48;2;154;189;204m▀[0m[38;2;109;135;161m[48;2;129;158;172m▀[0m[38;2;127;144;156m[48;2;170;194;205m▀[0m[38;2;166;193;200m[48;2;150;174;185m▀[0m[38;2;149;175;186m[48;2;145;168;181m▀[0m[38;2;130;163;174m[48;2;141;163;175m▀[0m[38;2;235;247;247m[48;2;223;247;247m▀[0m[38;2;177;175;170m[48;2;201;193;191m▀[0m[38;2;0;0;0m[48;2;0;0;0m▀[0m[38;2;0;49;64m[48;2;0;5;9m▀[0m[38;2;7;26;32m[48;2;0;7;12m▀[0m[38;2;3;7;8m[48;2;0;0;0m▀[0m[38;2;0;0;0m[48;2;0;1;0m▀[0m[38;2;0;1;1m[48;2;0;1;1m▀[0m[38;2;0;1;1m[48;2;0;1;1m▀[0m[38;2;0;0;1m[48;2;0;1;1m▀[0m[38;2;0;1;1m[48;2;0;1;1m▀[0m[38;2;0;1;0m[48;2;0;0;0m▀[0m[38;2;0;1;1m[48;2;0;0;0m▀[0m[38;2;0;1;2m[48;2;0;0;0m▀[0m[38;2;0;0;0m[48;2;0;0;0m▀[0m[38;2;0;0;0m[48;2;0;9;19m▀[0m[38;2;0;0;8m[48;2;0;26;44m▀[0m[38;2;169;155;155m[48;2;247;5;0m▀[0m[38;2;247;7;0m[48;2;235;0;0m▀[0m[38;2;33;0;0m[48;2;0;0;0m▀[0m[38;2;0;0;0m[48;2;0;0;0m▀[0m[38;2;0;0;0m[48;2;0;0;0m▀[0m[38;2;0;0;0m[48;2;10;10;8m▀[0m[38;2;14;32;39m[48;2;119;182;200m▀[0m
[38;2;5;18;29m[48;2;0;0;0m▀[0m[38;2;27;66;85m[48;2;9;50;64m▀[0m[38;2;0;9;9m[48;2;11;29;34m▀[0m[38;2;39;108;132m[48;2;43;111;137m▀[0m[38;2;0;0;1m[48;2;7;22;32m▀[0m[38;2;0;8;6m[48;2;0;18;19m▀[0m[38;2;0;0;0m[48;2;0;0;0m▀[0m[38;2;0;0;3m[48;2;0;0;0m▀[0m[38;2;26;0;2m[48;2;0;0;0m▀[0m[38;2;123;0;0m[48;2;42;0;0m▀[0m[38;2;14;31;32m[48;2;68;0;0m▀[0m[38;2;13;36;39m[48;2;69;2;2m▀[0m[38;2;2;13;15m[48;2;8;17;17m▀[0m[38;2;0;0;0m[48;2;4;10;15m▀[0m[38;2;0;0;0m[48;2;4;3;3m▀[0m[38;2;1;0;0m[48;2;0;0;0m▀[0m[38;2;0;1;1m[48;2;0;1;1m▀[0m[38;2;1;1;1m[48;2;0;1;1m▀[0m[38;2;0;0;1m[48;2;0;1;1m▀[0m[38;2;2;2;2m[48;2;26;0;0m▀[0m[38;2;0;1;1m[48;2;161;0;0m▀[0m[38;2;0;0;0m[48;2;0;0;0m▀[0m[38;2;0;0;0m[48;2;0;0;0m▀[0m[38;2;19;18;12m[48;2;0;0;0m▀[0m[38;2;247;247;247m[48;2;247;247;247m▀[0m[38;2;138;170;187m[48;2;141;175;190m▀[0m[38;2;158;184;195m[48;2;157;184;195m▀[0m[38;2;118;140;151m[48;2;116;135;143m▀[0m[38;2;118;146;160m[48;2;75;101;115m▀[0m[38;2;174;200;216m[48;2;173;199;214m▀[0m[38;2;64;79;87m[48;2;89;106;114m▀[0m[38;2;156;179;187m[48;2;144;166;172m▀[0m[38;2;151;186;200m[48;2;126;159;170m▀[0m[38;2;114;103;99m[48;2;170;156;148m▀[0m[38;2;99;172;198m[48;2;95;169;201m▀[0m[38;2;142;204;225m[48;2;165;203;218m▀[0m[38;2;9;72;95m[48;2;9;84;112m▀[0m[38;2;198;191;186m[48;2;133;129;127m▀[0m[38;2;247;247;247m[48;2;247;247;247m▀[0m[38;2;206;212;209m[48;2;210;206;203m▀[0m[38;2;199;202;201m[48;2;169;175;174m▀[0m[38;2;96;128;136m[48;2;247;247;247m▀[0m[38;2;247;247;247m[48;2;247;247;247m▀[0m[38;2;103;115;121m[48;2;173;177;176m▀[0m[38;2;149;190;208m[48;2;116;143;157m▀[0m[38;2;162;188;203m[48;2;164;191;204m▀[0m[38;2;109;135;149m[48;2;117;140;151m▀[0m[38;2;132;156;167m[48;2;137;160;171m▀[0m[38;2;164;191;201m[48;2;154;176;188m▀[0m[38;2;106;135;140m[48;2;61;81;84m▀[0m[38;2;149;173;185m[48;2;150;174;184m▀[0m[38;2;140;165;182m[48;2;132;162;176m▀[0m[38;2;223;247;247m[48;2;247;247;247m▀[0m[38;2;214;206;210m[48;2;177;175;172m▀[0m[38;2;0;0;0m[48;2;0;0;0m▀[0m[38;2;0;0;0m[48;2;0;0;0m▀[0m[38;2;0;0;0m[48;2;0;0;0m▀[0m[38;2;0;0;0m[48;2;0;1;1m▀[0m[38;2;0;1;1m[48;2;0;1;1m▀[0m[38;2;0;1;1m[48;2;0;1;1m▀[0m[38;2;1;1;1m[48;2;0;1;1m▀[0m[38;2;1;1;1m[48;2;0;0;0m▀[0m[38;2;0;0;0m[48;2;0;0;0m▀[0m[38;2;0;0;0m[48;2;0;0;0m▀[0m[38;2;0;0;0m[48;2;161;138;134m▀[0m[38;2;62;13;9m[48;2;218;66;64m▀[0m[38;2;247;0;0m[48;2;225;0;0m▀[0m[38;2;194;6;5m[48;2;129;0;0m▀[0m[38;2;247;0;0m[48;2;22;32;42m▀[0m[38;2;247;0;0m[48;2;0;0;0m▀[0m[38;2;0;0;0m[48;2;0;0;0m▀[0m[38;2;0;0;0m[48;2;0;0;0m▀[0m[38;2;0;0;0m[48;2;0;0;0m▀[0m[38;2;0;0;0m[48;2;111;180;207m▀[0m[38;2;110;178;198m[48;2;5;29;35m▀[0m[38;2;0;8;14m[48;2;0;0;0m▀[0m
[38;2;115;113;110m[48;2;113;182;216m▀[0m[38;2;28;17;10m[48;2;148;160;169m▀[0m[38;2;2;26;33m[48;2;99;98;93m▀[0m[38;2;25;69;88m[48;2;21;26;33m▀[0m[38;2;29;69;91m[48;2;16;86;111m▀[0m[38;2;0;0;0m[48;2;0;0;0m▀[0m[38;2;3;21;24m[48;2;9;36;47m▀[0m[38;2;0;0;0m[48;2;0;0;0m▀[0m[38;2;0;0;0m[48;2;0;0;0m▀[0m[38;2;0;0;0m[48;2;0;0;0m▀[0m[38;2;0;0;0m[48;2;18;18;18m▀[0m[38;2;0;0;0m[48;2;16;22;23m▀[0m[38;2;0;0;0m[48;2;0;0;0m▀[0m[38;2;0;0;0m[48;2;0;0;0m▀[0m[38;2;51;22;25m[48;2;0;0;0m▀[0m[38;2;32;12;17m[48;2;31;0;0m▀[0m[38;2;0;0;0m[48;2;0;0;0m▀[0m[38;2;0;0;0m[48;2;0;0;0m▀[0m[38;2;0;0;0m[48;2;0;0;0m▀[0m[38;2;0;0;0m[48;2;0;0;0m▀[0m[38;2;84;0;0m[48;2;0;0;0m▀[0m[38;2;0;0;0m[48;2;0;0;0m▀[0m[38;2;0;0;0m[48;2;0;0;0m▀[0m[38;2;0;0;0m[48;2;72;71;71m▀[0m[38;2;207;200;201m[48;2;194;188;190m▀[0m[38;2;228;247;247m[48;2;194;194;192m▀[0m[38;2;129;163;172m[48;2;176;210;223m▀[0m[38;2;151;172;183m[48;2;150;176;188m▀[0m[38;2;141;162;173m[48;2;153;177;184m▀[0m[38;2;157;183;197m[48;2;157;184;194m▀[0m[38;2;119;142;154m[48;2;123;150;160m▀[0m[38;2;150;174;185m[48;2;143;165;176m▀[0m[38;2;113;145;159m[48;2;118;148;161m▀[0m[38;2;210;193;189m[48;2;234;226;220m▀[0m[38;2;193;236;244m[48;2;247;247;247m▀[0m[38;2;158;189;194m[48;2;153;186;196m▀[0m[38;2;12;113;152m[48;2;42;135;172m▀[0m[38;2;9;56;75m[48;2;8;80;106m▀[0m[38;2;247;228;223m[48;2;234;215;211m▀[0m[38;2;223;216;213m[48;2;247;247;247m▀[0m[38;2;229;229;230m[48;2;127;123;117m▀[0m[38;2;247;247;247m[48;2;188;180;183m▀[0m[38;2;247;247;247m[48;2;233;217;212m▀[0m[38;2;227;216;213m[48;2;180;171;165m▀[0m[38;2;98;123;130m[48;2;110;134;145m▀[0m[38;2;170;194;209m[48;2;165;192;203m▀[0m[38;2;106;132;143m[48;2;115;138;146m▀[0m[38;2;139;161;173m[48;2;149;173;184m▀[0m[38;2;155;181;192m[48;2;159;181;193m▀[0m[38;2;129;153;162m[48;2;155;179;191m▀[0m[38;2;148;174;181m[48;2;166;195;207m▀[0m[38;2;156;190;204m[48;2;180;199;204m▀[0m[38;2;247;247;247m[48;2;180;168;161m▀[0m[38;2;0;0;0m[48;2;146;140;137m▀[0m[38;2;0;0;0m[48;2;0;0;0m▀[0m[38;2;0;0;0m[48;2;0;0;0m▀[0m[38;2;0;0;0m[48;2;0;0;0m▀[0m[38;2;0;0;0m[48;2;0;0;0m▀[0m[38;2;0;0;0m[48;2;0;0;0m▀[0m[38;2;0;0;0m[48;2;0;0;0m▀[0m[38;2;0;0;0m[48;2;0;0;0m▀[0m[38;2;0;0;1m[48;2;0;0;0m▀[0m[38;2;0;0;0m[48;2;1;0;0m▀[0m[38;2;92;100;100m[48;2;25;2;2m▀[0m[38;2;130;85;81m[48;2;0;0;0m▀[0m[38;2;0;0;0m[48;2;0;0;0m▀[0m[38;2;0;0;0m[48;2;0;0;0m▀[0m[38;2;0;6;9m[48;2;0;5;13m▀[0m[38;2;0;13;22m[48;2;44;58;59m▀[0m[38;2;0;0;0m[48;2;0;0;0m▀[0m[38;2;0;0;0m[48;2;0;0;0m▀[0m[38;2;0;0;0m[48;2;32;81;96m▀[0m[38;2;97;174;196m[48;2;32;91;103m▀[0m[38;2;21;70;86m[48;2;0;0;0m▀[0m[38;2;0;0;0m[48;2;34;69;87m▀[0m[38;2;64;130;160m[48;2;60;124;150m▀[0m
[38;2;31;70;92m[48;2;19;4;0m▀[0m[38;2;61;139;174m[48;2;0;0;0m▀[0m[38;2;74;137;163m[48;2;33;80;96m▀[0m[38;2;70;115;144m[48;2;32;98;129m▀[0m[38;2;72;114;136m[48;2;175;219;247m▀[0m[38;2;42;20;12m[48;2;199;197;194m▀[0m[38;2;0;0;0m[48;2;95;87;85m▀[0m[38;2;0;33;44m[48;2;13;21;30m▀[0m[38;2;11;43;53m[48;2;0;18;28m▀[0m[38;2;0;0;0m[48;2;0;0;0m▀[0m[38;2;0;0;0m[48;2;0;0;0m▀[0m[38;2;118;124;127m[48;2;38;40;41m▀[0m[38;2;0;0;0m[48;2;201;207;206m▀[0m[38;2;0;0;0m[48;2;0;0;0m▀[0m[38;2;0;0;0m[48;2;0;0;0m▀[0m[38;2;0;0;0m[48;2;0;0;0m▀[0m[38;2;0;0;0m[48;2;51;45;42m▀[0m[38;2;0;0;0m[48;2;177;171;163m▀[0m[38;2;0;0;0m[48;2;78;69;66m▀[0m[38;2;0;0;0m[48;2;83;74;68m▀[0m[38;2;0;0;0m[48;2;78;69;66m▀[0m[38;2;0;0;0m[48;2;38;31;28m▀[0m[38;2;0;0;0m[48;2;82;80;75m▀[0m[38;2;247;247;247m[48;2;212;205;205m▀[0m[38;2;247;247;247m[48;2;66;85;93m▀[0m[38;2;16;19;24m[48;2;166;203;221m▀[0m[38;2;97;108;116m[48;2;72;90;97m▀[0m[38;2;174;207;219m[48;2;18;26;31m▀[0m[38;2;174;203;215m[48;2;125;137;153m▀[0m[38;2;160;182;194m[48;2;184;207;222m▀[0m[38;2;147;169;181m[48;2;150;174;186m▀[0m[38;2;142;172;180m[48;2;137;163;173m▀[0m[38;2;145;168;176m[48;2;162;180;185m▀[0m[38;2;151;159;162m[48;2;146;150;154m▀[0m[38;2;152;184;196m[48;2;16;102;138m▀[0m[38;2;194;216;226m[48;2;170;198;206m▀[0m[38;2;49;138;169m[48;2;51;132;162m▀[0m[38;2;23;91;108m[48;2;28;92;107m▀[0m[38;2;247;237;231m[48;2;247;247;247m▀[0m[38;2;247;247;247m[48;2;247;246;235m▀[0m[38;2;0;23;40m[48;2;32;100;123m▀[0m[38;2;19;101;134m[48;2;83;169;200m▀[0m[38;2;0;65;91m[48;2;82;172;202m▀[0m[38;2;88;87;84m[48;2;11;34;36m▀[0m[38;2;142;161;161m[48;2;122;133;136m▀[0m[38;2;164;192;203m[48;2;170;197;208m▀[0m[38;2;128;150;161m[48;2;158;182;194m▀[0m[38;2;157;179;190m[48;2;162;189;196m▀[0m[38;2;159;182;194m[48;2;178;205;217m▀[0m[38;2;183;211;226m[48;2;73;88;94m▀[0m[38;2;145;169;176m[48;2;0;9;11m▀[0m[38;2;28;35;37m[48;2;141;168;184m▀[0m[38;2;117;128;130m[48;2;123;159;179m▀[0m[38;2;247;247;247m[48;2;135;155;159m▀[0m[38;2;89;85;82m[48;2;247;247;247m▀[0m[38;2;0;0;0m[48;2;66;66;64m▀[0m[38;2;0;0;0m[48;2;58;52;51m▀[0m[38;2;0;0;0m[48;2;90;84;83m▀[0m[38;2;0;0;0m[48;2;136;136;134m▀[0m[38;2;0;0;0m[48;2;224;224;222m▀[0m[38;2;0;0;0m[48;2;50;51;45m▀[0m[38;2;0;0;0m[48;2;0;0;0m▀[0m[38;2;28;0;0m[48;2;0;0;0m▀[0m[38;2;0;0;0m[48;2;0;0;0m▀[0m[38;2;0;0;0m[48;2;0;0;0m▀[0m[38;2;0;0;0m[48;2;0;0;0m▀[0m[38;2;0;0;0m[48;2;95;97;95m▀[0m[38;2;138;158;162m[48;2;159;153;149m▀[0m[38;2;70;54;42m[48;2;0;1;20m▀[0m[38;2;0;0;0m[48;2;21;90;123m▀[0m[38;2;23;87;115m[48;2;7;33;48m▀[0m[38;2;33;77;92m[48;2;0;0;0m▀[0m[38;2;0;0;0m[48;2;70;54;49m▀[0m[38;2;0;0;0m[48;2;117;153;171m▀[0m[38;2;64;129;156m[48;2;23;60;79m▀[0m[38;2;32;55;64m[48;2;26;42;51m▀[0m
[38;2;12;53;67m[48;2;0;0;0m▀[0m[38;2;0;0;0m[48;2;15;67;81m▀[0m[38;2;0;0;0m[48;2;0;0;0m▀[0m[38;2;18;64;88m[48;2;0;0;1m▀[0m[38;2;12;29;36m[48;2;0;0;0m▀[0m[38;2;26;74;107m[48;2;0;0;0m▀[0m[38;2;55;113;146m[48;2;0;34;55m▀[0m[38;2;84;136;170m[48;2;0;37;69m▀[0m[38;2;0;28;56m[48;2;91;118;129m▀[0m[38;2;0;0;0m[48;2;247;247;244m▀[0m[38;2;0;0;0m[48;2;247;247;247m▀[0m[38;2;223;216;208m[48;2;247;247;247m▀[0m[38;2;247;247;247m[48;2;208;217;223m▀[0m[38;2;247;247;247m[48;2;217;226;228m▀[0m[38;2;247;247;247m[48;2;209;215;214m▀[0m[38;2;247;247;247m[48;2;151;165;175m▀[0m[38;2;247;247;247m[48;2;39;67;83m▀[0m[38;2;247;247;247m[48;2;76;109;128m▀[0m[38;2;247;247;247m[48;2;106;140;160m▀[0m[38;2;247;247;247m[48;2;74;108;125m▀[0m[38;2;247;247;247m[48;2;116;152;170m▀[0m[38;2;247;247;247m[48;2;157;192;206m▀[0m[38;2;247;247;247m[48;2;140;172;185m▀[0m[38;2;200;206;207m[48;2;167;195;209m▀[0m[38;2;120;128;130m[48;2;195;214;223m▀[0m[38;2;88;112;120m[48;2;137;160;167m▀[0m[38;2;165;199;212m[48;2;88;117;129m▀[0m[38;2;127;153;161m[48;2;174;207;220m▀[0m[38;2;0;0;0m[48;2;170;200;212m▀[0m[38;2;67;74;83m[48;2;0;0;0m▀[0m[38;2;178;208;222m[48;2;164;194;206m▀[0m[38;2;92;114;121m[48;2;122;149;160m▀[0m[38;2;148;165;170m[48;2;83;101;105m▀[0m[38;2;181;174;173m[48;2;172;155;150m▀[0m[38;2;25;111;142m[48;2;48;127;152m▀[0m[38;2;139;172;186m[48;2;96;160;174m▀[0m[38;2;86;145;163m[48;2;189;209;208m▀[0m[38;2;0;71;90m[48;2;58;107;117m▀[0m[38;2;247;247;247m[48;2;247;239;230m▀[0m[38;2;247;247;247m[48;2;247;241;230m▀[0m[38;2;58;111;129m[48;2;68;101;114m▀[0m[38;2;80;152;178m[48;2;84;162;195m▀[0m[38;2;93;175;202m[48;2;97;174;205m▀[0m[38;2;14;38;50m[48;2;35;53;63m▀[0m[38;2;94;104;108m[48;2;128;131;132m▀[0m[38;2;129;154;167m[48;2;124;153;164m▀[0m[38;2;143;166;178m[48;2;136;163;173m▀[0m[38;2;186;214;228m[48;2;144;165;174m▀[0m[38;2;16;16;17m[48;2;3;3;4m▀[0m[38;2;0;0;0m[48;2;192;224;240m▀[0m[38;2;179;209;222m[48;2;155;184;194m▀[0m[38;2;156;182;196m[48;2;73;100;114m▀[0m[38;2;97;124;135m[48;2;157;181;192m▀[0m[38;2;189;217;219m[48;2;210;220;230m▀[0m[38;2;247;247;247m[48;2;156;181;199m▀[0m[38;2;247;247;247m[48;2;113;139;155m▀[0m[38;2;247;247;247m[48;2;87;112;128m▀[0m[38;2;247;247;247m[48;2;90;113;128m▀[0m[38;2;247;247;247m[48;2;100;124;142m▀[0m[38;2;212;215;221m[48;2;106;136;150m▀[0m[38;2;224;230;231m[48;2;142;175;188m▀[0m[38;2;247;247;247m[48;2;155;189;197m▀[0m[38;2;247;247;247m[48;2;179;209;213m▀[0m[38;2;215;217;217m[48;2;213;230;238m▀[0m[38;2;110;104;106m[48;2;240;247;247m▀[0m[38;2;129;127;122m[48;2;247;247;247m▀[0m[38;2;247;247;247m[48;2;247;247;247m▀[0m[38;2;102;102;104m[48;2;217;210;206m▀[0m[38;2;0;0;0m[48;2;0;0;0m▀[0m[38;2;0;15;24m[48;2;0;0;0m▀[0m[38;2;0;0;0m[48;2;0;0;0m▀[0m[38;2;0;0;0m[48;2;0;17;25m▀[0m[38;2;119;135;144m[48;2;23;81;105m▀[0m[38;2;137;189;215m[48;2;13;49;67m▀[0m[38;2;2;30;44m[48;2;43;92;114m▀[0m[38;2;48;90;111m[48;2;3;49;56m▀[0m
[38;2;22;63;81m[48;2;0;0;0m▀[0m[38;2;6;54;72m[48;2;0;0;0m▀[0m[38;2;22;68;91m[48;2;48;86;108m▀[0m[38;2;64;53;47m[48;2;189;206;212m▀[0m[38;2;0;0;0m[48;2;115;122;121m▀[0m[38;2;40;34;33m[48;2;100;138;150m▀[0m[38;2;29;10;3m[48;2;54;108;129m▀[0m[38;2;122;114;106m[48;2;64;116;129m▀[0m[38;2;247;247;247m[48;2;43;111;134m▀[0m[38;2;209;211;209m[48;2;135;179;188m▀[0m[38;2;153;185;201m[48;2;105;117;121m▀[0m[38;2;161;195;218m[48;2;57;64;70m▀[0m[38;2;156;186;207m[48;2;156;174;186m▀[0m[38;2;136;164;182m[48;2;175;212;223m▀[0m[38;2;129;163;174m[48;2;157;194;206m▀[0m[38;2;143;170;184m[48;2;151;183;194m▀[0m[38;2;123;147;155m[48;2;167;196;208m▀[0m[38;2;47;69;76m[48;2;147;180;191m▀[0m[38;2;115;144;152m[48;2;80;109;114m▀[0m[38;2;129;157;167m[48;2;154;184;195m▀[0m[38;2;22;39;45m[48;2;146;174;182m▀[0m[38;2;97;116;125m[48;2;82;101;109m▀[0m[38;2;166;195;207m[48;2;83;101;113m▀[0m[38;2;147;176;186m[48;2;152;174;187m▀[0m[38;2;141;164;180m[48;2;155;179;190m▀[0m[38;2;158;184;192m[48;2;153;173;186m▀[0m[38;2;136;160;170m[48;2;172;193;205m▀[0m[38;2;77;104;114m[48;2;109;132;142m▀[0m[38;2;188;218;235m[48;2;96;123;134m▀[0m[38;2;63;74;78m[48;2;153;179;190m▀[0m[38;2;96;117;124m[48;2;72;87;95m▀[0m[38;2;146;184;199m[48;2;148;187;201m▀[0m[38;2;188;190;191m[48;2;161;162;162m▀[0m[38;2;221;198;191m[48;2;247;238;230m▀[0m[38;2;51;102;121m[48;2;77;104;115m▀[0m[38;2;105;192;215m[48;2;62;135;158m▀[0m[38;2;187;175;165m[48;2;202;170;162m▀[0m[38;2;158;130;117m[48;2;247;247;247m▀[0m[38;2;247;247;247m[48;2;92;166;190m▀[0m[38;2;247;247;244m[48;2;89;166;190m▀[0m[38;2;129;112;106m[48;2;114;192;222m▀[0m[38;2;48;95;107m[48;2;207;184;172m▀[0m[38;2;93;176;207m[48;2;55;99;115m▀[0m[38;2;40;55;66m[48;2;30;47;51m▀[0m[38;2;247;247;247m[48;2;247;247;247m▀[0m[38;2;188;194;194m[48;2;135;153;159m▀[0m[38;2;160;193;205m[48;2;170;202;221m▀[0m[38;2;97;115;124m[48;2;65;82;88m▀[0m[38;2;99;118;125m[48;2;141;169;174m▀[0m[38;2;172;205;217m[48;2;86;112;126m▀[0m[38;2;67;91;101m[48;2;129;150;163m▀[0m[38;2;142;170;178m[48;2;164;186;196m▀[0m[38;2;158;182;194m[48;2;149;168;179m▀[0m[38;2;128;156;170m[48;2;148;170;179m▀[0m[38;2;98;129;138m[48;2;148;177;181m▀[0m[38;2;118;145;157m[48;2;158;180;191m▀[0m[38;2;148;170;182m[48;2;148;170;182m▀[0m[38;2;154;180;188m[48;2;147;168;180m▀[0m[38;2;157;180;192m[48;2;146;169;180m▀[0m[38;2;157;184;194m[48;2;149;171;184m▀[0m[38;2;138;165;175m[48;2;154;177;187m▀[0m[38;2;143;166;174m[48;2;160;186;199m▀[0m[38;2;167;190;197m[48;2;156;181;196m▀[0m[38;2;165;192;199m[48;2;156;190;205m▀[0m[38;2;172;194;205m[48;2;150;176;194m▀[0m[38;2;176;204;219m[48;2;137;153;166m▀[0m[38;2;174;212;226m[48;2;132;152;160m▀[0m[38;2;220;247;247m[48;2;133;145;148m▀[0m[38;2;247;247;247m[48;2;154;161;161m▀[0m[38;2;62;56;51m[48;2;161;163;156m▀[0m[38;2;107;93;87m[48;2;174;183;182m▀[0m[38;2;128;138;142m[48;2;191;201;204m▀[0m[38;2;0;32;51m[48;2;205;208;208m▀[0m[38;2;11;76;99m[48;2;124;127;129m▀[0m[38;2;6;38;55m[48;2;0;0;0m▀[0m[38;2;0;0;0m[48;2;0;0;0m▀[0m
[38;2;0;0;0m[48;2;0;0;0m▀[0m[38;2;0;0;0m[48;2;0;0;0m▀[0m[38;2;17;58;63m[48;2;179;179;171m▀[0m[38;2;24;28;32m[48;2;247;247;247m▀[0m[38;2;121;115;111m[48;2;222;244;247m▀[0m[38;2;101;121;128m[48;2;187;210;223m▀[0m[38;2;94;111;125m[48;2;198;220;234m▀[0m[38;2;115;137;154m[48;2;143;159;172m▀[0m[38;2;37;60;75m[48;2;39;42;47m▀[0m[38;2;0;0;0m[48;2;79;96;101m▀[0m[38;2;0;32;51m[48;2;106;129;144m▀[0m[38;2;0;23;48m[48;2;65;90;100m▀[0m[38;2;68;102;122m[48;2;21;53;64m▀[0m[38;2;79;97;102m[48;2;0;3;19m▀[0m[38;2;171;197;205m[48;2;65;0;0m▀[0m[38;2;144;235;247m[48;2;247;0;0m▀[0m[38;2;129;223;234m[48;2;244;75;78m▀[0m[38;2;152;199;210m[48;2;137;200;212m▀[0m[38;2;128;161;169m[48;2;146;194;207m▀[0m[38;2;136;162;169m[48;2;149;182;193m▀[0m[38;2;161;185;195m[48;2;151;174;185m▀[0m[38;2;176;200;211m[48;2;148;169;182m▀[0m[38;2;112;131;140m[48;2;175;196;208m▀[0m[38;2;59;73;81m[48;2;105;123;130m▀[0m[38;2;161;190;199m[48;2;118;142;153m▀[0m[38;2;151;175;186m[48;2;163;187;194m▀[0m[38;2;157;179;190m[48;2;153;175;184m▀[0m[38;2;161;188;201m[48;2;157;183;194m▀[0m[38;2;53;77;89m[48;2;83;111;125m▀[0m[38;2;142;168;179m[48;2;91;112;124m▀[0m[38;2;107;125;136m[48;2;146;170;181m▀[0m[38;2;138;172;185m[48;2;112;147;156m▀[0m[38;2;109;120;124m[48;2;118;134;138m▀[0m[38;2;247;247;247m[48;2;247;247;247m▀[0m[38;2;140;157;164m[48;2;129;146;152m▀[0m[38;2;68;103;116m[48;2;68;105;118m▀[0m[38;2;235;221;216m[48;2;161;172;174m▀[0m[38;2;11;123;171m[48;2;6;104;151m▀[0m[38;2;56;137;171m[48;2;65;136;167m▀[0m[38;2;247;247;247m[48;2;172;198;210m▀[0m[38;2;29;128;172m[48;2;53;124;163m▀[0m[38;2;116;192;225m[48;2;67;154;199m▀[0m[38;2;97;102;101m[48;2;36;49;49m▀[0m[38;2;81;89;89m[48;2;142;135;130m▀[0m[38;2;247;247;242m[48;2;224;217;214m▀[0m[38;2;120;146;158m[48;2;132;166;179m▀[0m[38;2;156;188;200m[48;2;127;149;158m▀[0m[38;2;83;97;103m[48;2;120;142;146m▀[0m[38;2;141;167;178m[48;2;119;145;156m▀[0m[38;2;106;131;147m[48;2;112;142;155m▀[0m[38;2;170;193;203m[48;2;150;174;185m▀[0m[38;2;155;176;189m[48;2;157;179;190m▀[0m[38;2;146;169;180m[48;2;146;169;180m▀[0m[38;2;146;170;180m[48;2;150;172;184m▀[0m[38;2;149;172;179m[48;2;148;171;182m▀[0m[38;2;151;172;179m[48;2;148;171;182m▀[0m[38;2;147;169;180m[48;2;151;172;183m▀[0m[38;2;147;169;180m[48;2;147;169;180m▀[0m[38;2;149;173;179m[48;2;152;173;184m▀[0m[38;2;158;179;190m[48;2;166;190;201m▀[0m[38;2;156;177;188m[48;2;180;201;212m▀[0m[38;2;135;159;165m[48;2;10;43;54m▀[0m[38;2;165;190;200m[48;2;17;64;78m▀[0m[38;2;138;150;153m[48;2;107;119;123m▀[0m[38;2;132;131;127m[48;2;35;125;156m▀[0m[38;2;129;146;149m[48;2;0;107;144m▀[0m[38;2;76;126;139m[48;2;0;0;13m▀[0m[38;2;70;103;115m[48;2;0;0;15m▀[0m[38;2;9;58;85m[48;2;22;55;70m▀[0m[38;2;0;26;55m[48;2;110;137;149m▀[0m[38;2;0;0;25m[48;2;88;100;107m▀[0m[38;2;0;14;44m[48;2;0;0;0m▀[0m[38;2;24;92;130m[48;2;42;62;72m▀[0m[38;2;178;219;239m[48;2;21;40;49m▀[0m[38;2;176;184;188m[48;2;0;0;0m▀[0m[38;2;101;88;86m[48;2;107;148;150m▀[0m
[38;2;86;80;77m[48;2;247;247;247m▀[0m[38;2;247;247;247m[48;2;183;191;201m▀[0m[38;2;247;247;247m[48;2;149;171;186m▀[0m[38;2;120;153;163m[48;2;173;203;212m▀[0m[38;2;154;180;194m[48;2;170;196;210m▀[0m[38;2;156;178;190m[48;2;161;188;199m▀[0m[38;2;158;190;199m[48;2;141;173;186m▀[0m[38;2;100;127;134m[48;2;133;161;171m▀[0m[38;2;120;152;161m[48;2;149;172;183m▀[0m[38;2;154;183;193m[48;2;158;180;188m▀[0m[38;2;165;192;205m[48;2;159;182;193m▀[0m[38;2;190;211;224m[48;2;156;177;189m▀[0m[38;2;180;197;206m[48;2;167;194;207m▀[0m[38;2;62;86;94m[48;2;190;214;225m▀[0m[38;2;0;66;89m[48;2;58;82;89m▀[0m[38;2;92;0;0m[48;2;0;87;115m▀[0m[38;2;247;0;0m[48;2;78;94;89m▀[0m[38;2;236;85;89m[48;2;247;40;21m▀[0m[38;2;122;217;237m[48;2;138;209;227m▀[0m[38;2;146;173;187m[48;2;144;185;195m▀[0m[38;2;149;173;185m[48;2;144;172;186m▀[0m[38;2;151;184;192m[48;2;113;137;145m▀[0m[38;2;153;176;191m[48;2;136;163;173m▀[0m[38;2;156;167;178m[48;2;166;185;193m▀[0m[38;2;91;113;121m[48;2;117;138;149m▀[0m[38;2;158;181;191m[48;2;138;162;173m▀[0m[38;2;163;181;193m[48;2;166;189;200m▀[0m[38;2;155;181;194m[48;2;139;169;179m▀[0m[38;2;97;130;142m[48;2;92;124;133m▀[0m[38;2;82;106;118m[48;2;89;115;129m▀[0m[38;2;164;194;207m[48;2;113;136;149m▀[0m[38;2;44;73;79m[48;2;97;134;147m▀[0m[38;2;140;155;160m[48;2;57;59;57m▀[0m[38;2;179;160;153m[48;2;247;247;247m▀[0m[38;2;14;31;42m[48;2;38;50;60m▀[0m[38;2;98;128;137m[48;2;94;111;116m▀[0m[38;2;88;151;178m[48;2;66;167;224m▀[0m[38;2;47;114;156m[48;2;64;135;175m▀[0m[38;2;47;115;154m[48;2;66;133;171m▀[0m[38;2;27;102;147m[48;2;75;135;175m▀[0m[38;2;45;111;159m[48;2;61;130;172m▀[0m[38;2;62;147;194m[48;2;33;151;210m▀[0m[38;2;111;122;120m[48;2;149;198;218m▀[0m[38;2;114;95;84m[48;2;122;100;88m▀[0m[38;2;141;154;161m[48;2;0;0;0m▀[0m[38;2;191;227;246m[48;2;112;140;154m▀[0m[38;2;115;137;146m[48;2;126;163;178m▀[0m[38;2;125;154;163m[48;2;67;92;105m▀[0m[38;2;50;67;77m[48;2;111;138;149m▀[0m[38;2;108;141;150m[48;2;101;129;142m▀[0m[38;2;137;161;175m[48;2;131;156;166m▀[0m[38;2;155;178;189m[48;2;160;184;192m▀[0m[38;2;148;171;182m[48;2;153;174;185m▀[0m[38;2;152;178;189m[48;2;160;184;197m▀[0m[38;2;108;134;145m[48;2;84;107;115m▀[0m[38;2;110;139;147m[48;2;94;117;128m▀[0m[38;2;153;174;187m[48;2;160;184;195m▀[0m[38;2;151;173;182m[48;2;153;174;186m▀[0m[38;2;149;171;183m[48;2;162;184;195m▀[0m[38;2;139;165;180m[48;2;176;195;204m▀[0m[38;2;146;166;179m[48;2;34;67;79m▀[0m[38;2;30;78;97m[48;2;0;42;59m▀[0m[38;2;2;69;99m[48;2;0;22;35m▀[0m[38;2;0;25;49m[48;2;46;0;0m▀[0m[38;2;0;0;5m[48;2;247;0;0m▀[0m[38;2;130;0;0m[48;2;247;66;65m▀[0m[38;2;173;65;54m[48;2;188;204;212m▀[0m[38;2;165;214;222m[48;2;153;197;207m▀[0m[38;2;191;210;219m[48;2;157;180;191m▀[0m[38;2;183;206;217m[48;2;156;179;192m▀[0m[38;2;200;232;241m[48;2;156;179;190m▀[0m[38;2;109;128;129m[48;2;168;194;204m▀[0m[38;2;121;143;152m[48;2;162;186;197m▀[0m[38;2;209;228;237m[48;2;154;180;196m▀[0m[38;2;234;220;212m[48;2;165;187;201m▀[0m[38;2;90;84;81m[48;2;203;203;203m▀[0m
[38;2;0;13;37m[48;2;76;78;80m▀[0m[38;2;0;33;52m[48;2;0;0;0m▀[0m[38;2;3;40;56m[48;2;30;60;68m▀[0m[38;2;71;90;102m[48;2;0;20;42m▀[0m[38;2;177;194;203m[48;2;21;55;71m▀[0m[38;2;172;194;206m[48;2;64;68;77m▀[0m[38;2;121;142;153m[48;2;128;134;137m▀[0m[38;2;164;188;198m[48;2;164;192;203m▀[0m[38;2;153;176;184m[48;2;150;173;184m▀[0m[38;2;147;170;177m[48;2;149;168;179m▀[0m[38;2;147;173;181m[48;2;147;170;181m▀[0m[38;2;151;172;185m[48;2;146;169;179m▀[0m[38;2;153;175;186m[48;2;151;171;184m▀[0m[38;2;163;191;201m[48;2;152;176;187m▀[0m[38;2;178;204;215m[48;2;174;203;213m▀[0m[38;2;30;60;69m[48;2;147;165;174m▀[0m[38;2;0;105;133m[48;2;1;66;86m▀[0m[38;2;137;0;0m[48;2;0;44;70m▀[0m[38;2;223;138;146m[48;2;137;93;97m▀[0m[38;2;137;210;224m[48;2;177;226;241m▀[0m[38;2;153;180;191m[48;2;151;183;193m▀[0m[38;2;111;131;144m[48;2;158;184;194m▀[0m[38;2;142;165;175m[48;2;152;176;187m▀[0m[38;2;153;177;187m[48;2;146;173;184m▀[0m[38;2;150;173;186m[48;2;150;173;184m▀[0m[38;2;150;173;186m[48;2;144;167;180m▀[0m[38;2;157;183;196m[48;2;135;161;175m▀[0m[38;2;110;138;154m[48;2;132;157;170m▀[0m[38;2;83;111;125m[48;2;108;130;146m▀[0m[38;2;112;139;155m[48;2;118;145;157m▀[0m[38;2;100;122;132m[48;2;166;193;203m▀[0m[38;2;104;134;155m[48;2;122;154;167m▀[0m[38;2;47;56;62m[48;2;0;18;30m▀[0m[38;2;247;241;234m[48;2;74;64;52m▀[0m[38;2;67;74;77m[48;2;175;164;161m▀[0m[38;2;0;0;0m[48;2;208;197;191m▀[0m[38;2;0;44;72m[48;2;9;22;37m▀[0m[38;2;93;163;197m[48;2;0;0;0m▀[0m[38;2;247;247;247m[48;2;0;22;36m▀[0m[38;2;247;247;247m[48;2;0;27;38m▀[0m[38;2;101;181;210m[48;2;0;4;18m▀[0m[38;2;14;87;124m[48;2;0;0;17m▀[0m[38;2;15;14;11m[48;2;110;106;106m▀[0m[38;2;126;113;102m[48;2;39;32;26m▀[0m[38;2;0;0;0m[48;2;0;0;0m▀[0m[38;2;13;36;44m[48;2;10;32;44m▀[0m[38;2;86;119;134m[48;2;149;176;188m▀[0m[38;2;127;156;165m[48;2;179;206;217m▀[0m[38;2;155;183;191m[48;2;150;174;186m▀[0m[38;2;95;119;127m[48;2;138;162;173m▀[0m[38;2;129;160;171m[48;2;116;146;159m▀[0m[38;2;151;173;184m[48;2;140;163;174m▀[0m[38;2;153;176;187m[48;2;158;177;188m▀[0m[38;2;152;174;187m[48;2;150;174;188m▀[0m[38;2;146;172;183m[48;2;114;149;157m▀[0m[38;2;158;180;191m[48;2;152;175;185m▀[0m[38;2;157;175;187m[48;2;160;178;190m▀[0m[38;2;158;181;191m[48;2;176;202;214m▀[0m[38;2;186;208;220m[48;2;132;159;163m▀[0m[38;2;80;113;120m[48;2;9;58;76m▀[0m[38;2;0;47;64m[48;2;0;97;122m▀[0m[38;2;0;92;114m[48;2;75;3;11m▀[0m[38;2;111;0;0m[48;2;247;0;0m▀[0m[38;2;247;1;0m[48;2;171;194;208m▀[0m[38;2;146;247;247m[48;2;135;208;220m▀[0m[38;2;123;231;247m[48;2;135;163;171m▀[0m[38;2;143;193;204m[48;2;117;154;164m▀[0m[38;2;160;184;194m[48;2;135;164;173m▀[0m[38;2;153;177;188m[48;2;155;177;188m▀[0m[38;2;149;175;189m[48;2;157;180;193m▀[0m[38;2;148;174;185m[48;2;136;164;178m▀[0m[38;2;147;171;185m[48;2;87;112;127m▀[0m[38;2;157;177;191m[48;2;155;176;187m▀[0m[38;2;136;161;171m[48;2;149;172;183m▀[0m[38;2;118;142;154m[48;2;155;179;191m▀[0m[38;2;130;158;172m[48;2;155;179;191m▀[0m
[38;2;164;192;203m[48;2;180;206;218m▀[0m[38;2;114;126;135m[48;2;157;184;194m▀[0m[38;2;163;189;190m[48;2;120;143;153m▀[0m[38;2;75;87;90m[48;2;199;224;237m▀[0m[38;2;0;37;60m[48;2;144;154;161m▀[0m[38;2;0;48;70m[48;2;11;56;68m▀[0m[38;2;53;55;60m[48;2;0;39;59m▀[0m[38;2;182;206;217m[48;2;93;109;114m▀[0m[38;2;158;181;194m[48;2;189;211;223m▀[0m[38;2;150;172;181m[48;2;155;177;186m▀[0m[38;2;147;169;180m[48;2;151;172;183m▀[0m[38;2;146;169;180m[48;2;147;169;181m▀[0m[38;2;148;169;181m[48;2;147;170;181m▀[0m[38;2;151;171;184m[48;2;146;169;179m▀[0m[38;2;165;187;199m[48;2;160;181;192m▀[0m[38;2;160;182;193m[48;2;156;180;192m▀[0m[38;2;0;0;0m[48;2;144;163;171m▀[0m[38;2;0;69;90m[48;2;25;61;79m▀[0m[38;2;0;18;24m[48;2;0;4;15m▀[0m[38;2;179;163;171m[48;2;95;27;25m▀[0m[38;2;163;204;222m[48;2;194;200;212m▀[0m[38;2;151;175;189m[48;2;148;193;205m▀[0m[38;2;150;173;184m[48;2;146;173;187m▀[0m[38;2;147;169;181m[48;2;147;169;178m▀[0m[38;2;147;170;181m[48;2;147;170;180m▀[0m[38;2;146;168;181m[48;2;150;170;184m▀[0m[38;2;125;148;163m[48;2;150;173;185m▀[0m[38;2;140;163;175m[48;2;147;170;178m▀[0m[38;2;156;178;190m[48;2;149;171;182m▀[0m[38;2;160;182;191m[48;2;154;172;185m▀[0m[38;2;162;187;197m[48;2;154;176;187m▀[0m[38;2;182;211;223m[48;2;171;197;209m▀[0m[38;2;50;72;85m[48;2;144;174;190m▀[0m[38;2;14;2;0m[48;2;0;0;0m▀[0m[38;2;99;78;71m[48;2;169;155;149m▀[0m[38;2;134;156;161m[48;2;103;176;211m▀[0m[38;2;30;78;97m[48;2;0;51;75m▀[0m[38;2;0;45;84m[48;2;49;81;109m▀[0m[38;2;102;121;142m[48;2;188;197;205m▀[0m[38;2;107;133;152m[48;2;222;220;231m▀[0m[38;2;7;81;125m[48;2;63;127;170m▀[0m[38;2;28;88;120m[48;2;97;166;195m▀[0m[38;2;221;228;230m[48;2;205;224;228m▀[0m[38;2;66;75;75m[48;2;113;150;168m▀[0m[38;2;0;0;0m[48;2;0;0;0m▀[0m[38;2;78;104;115m[48;2;147;173;187m▀[0m[38;2;195;223;234m[48;2;175;202;214m▀[0m[38;2;156;180;191m[48;2;154;177;188m▀[0m[38;2;155;177;186m[48;2;151;173;185m▀[0m[38;2;153;176;186m[48;2;146;169;180m▀[0m[38;2;144;171;185m[48;2;146;169;181m▀[0m[38;2;143;166;178m[48;2;147;169;184m▀[0m[38;2;155;174;185m[48;2;150;169;180m▀[0m[38;2;146;170;181m[48;2;152;174;185m▀[0m[38;2;97;130;143m[48;2;130;157;168m▀[0m[38;2;134;159;166m[48;2;114;142;148m▀[0m[38;2;162;185;197m[48;2;163;190;199m▀[0m[38;2;181;202;214m[48;2;145;171;181m▀[0m[38;2;66;109;117m[48;2;11;86;108m▀[0m[38;2;0;85;109m[48;2;0;83;105m▀[0m[38;2;15;71;82m[48;2;247;0;0m▀[0m[38;2;247;0;0m[48;2;247;0;0m▀[0m[38;2;159;219;226m[48;2;113;232;247m▀[0m[38;2;123;214;231m[48;2;146;181;195m▀[0m[38;2;150;183;194m[48;2;147;179;188m▀[0m[38;2;150;178;192m[48;2;151;174;185m▀[0m[38;2;142;165;176m[48;2;160;179;190m▀[0m[38;2;112;139;150m[48;2;160;184;194m▀[0m[38;2;113;140;154m[48;2;141;163;174m▀[0m[38;2;139;168;174m[48;2;120;150;159m▀[0m[38;2;152;181;191m[48;2;136;166;176m▀[0m[38;2;145;168;178m[48;2;175;197;206m▀[0m[38;2;152;173;184m[48;2;178;201;214m▀[0m[38;2;158;180;195m[48;2;128;150;162m▀[0m[38;2;153;175;186m[48;2;139;162;173m▀[0m[38;2;153;176;187m[48;2;139;161;173m▀[0m
[38;2;147;173;185m[48;2;96;116;128m▀[0m[38;2;97;119;127m[48;2;137;160;167m▀[0m[38;2;165;189;199m[48;2;157;183;190m▀[0m[38;2;158;180;193m[48;2;150;176;187m▀[0m[38;2;182;208;222m[48;2;158;180;193m▀[0m[38;2;156;168;175m[48;2;189;216;227m▀[0m[38;2;16;54;67m[48;2;149;161;170m▀[0m[38;2;6;59;85m[48;2;8;51;71m▀[0m[38;2;142;157;166m[48;2;24;68;94m▀[0m[38;2;194;217;226m[48;2;112;119;120m▀[0m[38;2;160;179;187m[48;2;166;189;199m▀[0m[38;2;152;174;185m[48;2;155;175;189m▀[0m[38;2;148;170;181m[48;2;150;174;186m▀[0m[38;2;147;170;185m[48;2;147;170;181m▀[0m[38;2;152;170;183m[48;2;145;172;184m▀[0m[38;2;159;183;193m[48;2;151;176;191m▀[0m[38;2;200;224;238m[48;2;179;200;215m▀[0m[38;2;91;109;116m[48;2;166;190;194m▀[0m[38;2;0;53;74m[48;2;21;74;91m▀[0m[38;2;0;6;19m[48;2;0;55;82m▀[0m[38;2;205;76;76m[48;2;156;0;0m▀[0m[38;2;155;219;236m[48;2;217;161;166m▀[0m[38;2;148;176;190m[48;2;134;200;217m▀[0m[38;2;146;175;184m[48;2;146;173;184m▀[0m[38;2;147;170;181m[48;2;146;170;180m▀[0m[38;2;147;170;181m[48;2;154;175;187m▀[0m[38;2;152;176;187m[48;2;137;164;175m▀[0m[38;2;157;181;194m[48;2;111;132;141m▀[0m[38;2;145;168;180m[48;2;152;176;188m▀[0m[38;2;151;169;183m[48;2;146;172;183m▀[0m[38;2;152;174;185m[48;2;149;173;184m▀[0m[38;2;165;189;200m[48;2;161;188;199m▀[0m[38;2;148;180;194m[48;2;139;171;185m▀[0m[38;2;18;7;3m[48;2;79;71;67m▀[0m[38;2;185;202;206m[48;2;168;188;193m▀[0m[38;2;58;159;204m[48;2;13;105;140m▀[0m[38;2;51;129;157m[48;2;157;180;188m▀[0m[38;2;69;143;166m[48;2;17;110;143m▀[0m[38;2;247;247;247m[48;2;148;196;205m▀[0m[38;2;232;246;247m[48;2;247;247;247m▀[0m[38;2;71;148;176m[48;2;9;102;141m▀[0m[38;2;62;143;181m[48;2;57;135;168m▀[0m[38;2;81;108;120m[48;2;32;56;66m▀[0m[38;2;120;181;214m[48;2;88;163;196m▀[0m[38;2;57;39;34m[48;2;108;107;107m▀[0m[38;2;143;170;182m[48;2;143;166;181m▀[0m[38;2;168;192;201m[48;2;163;189;203m▀[0m[38;2;154;175;184m[48;2;151;172;184m▀[0m[38;2;147;170;181m[48;2;146;169;180m▀[0m[38;2;147;170;181m[48;2;146;169;180m▀[0m[38;2;146;169;180m[48;2;150;176;188m▀[0m[38;2;152;178;189m[48;2;109;136;146m▀[0m[38;2;147;169;182m[48;2;144;168;178m▀[0m[38;2;149;169;182m[48;2;148;174;182m▀[0m[38;2;157;180;191m[48;2;163;187;197m▀[0m[38;2;158;185;194m[48;2;111;134;141m▀[0m[38;2;183;210;220m[48;2;47;81;92m▀[0m[38;2;73;111;122m[48;2;0;94;115m▀[0m[38;2;0;112;144m[48;2;0;53;78m▀[0m[38;2;134;19;27m[48;2;247;0;0m▀[0m[38;2;247;0;0m[48;2;247;0;0m▀[0m[38;2;196;126;126m[48;2;135;194;206m▀[0m[38;2;127;213;228m[48;2;136;196;208m▀[0m[38;2;143;177;189m[48;2;147;175;189m▀[0m[38;2;147;171;185m[48;2;153;175;188m▀[0m[38;2;152;175;186m[48;2;156;178;191m▀[0m[38;2;160;182;193m[48;2;177;201;215m▀[0m[38;2;163;188;198m[48;2;20;22;20m▀[0m[38;2;170;193;203m[48;2;163;195;208m▀[0m[38;2;181;205;219m[48;2;107;129;136m▀[0m[38;2;153;180;195m[48;2;26;32;34m▀[0m[38;2;100;123;131m[48;2;59;73;78m▀[0m[38;2;80;98;106m[48;2;41;67;75m▀[0m[38;2;89;106;116m[48;2;112;144;157m▀[0m[38;2;161;184;196m[48;2;166;189;200m▀[0m[38;2;111;124;134m[48;2;153;177;187m▀[0m
[38;2;106;135;143m[48;2;161;190;197m▀[0m[38;2;164;185;196m[48;2;161;186;195m▀[0m[38;2;160;181;190m[48;2;137;161;175m▀[0m[38;2;165;187;199m[48;2;104;130;144m▀[0m[38;2;160;183;195m[48;2;93;113;126m▀[0m[38;2;159;185;199m[48;2;98;122;131m▀[0m[38;2;130;157;168m[48;2;137;161;170m▀[0m[38;2;0;0;0m[48;2;173;195;204m▀[0m[38;2;0;13;32m[48;2;102;114;121m▀[0m[38;2;2;27;33m[48;2;0;47;65m▀[0m[38;2;191;212;223m[48;2;49;67;75m▀[0m[38;2;175;199;211m[48;2;122;136;140m▀[0m[38;2;153;175;188m[48;2;170;197;208m▀[0m[38;2;147;169;184m[48;2;150;172;185m▀[0m[38;2;147;169;181m[48;2;152;169;181m▀[0m[38;2;151;173;188m[48;2;153;175;187m▀[0m[38;2;182;208;223m[48;2;169;193;207m▀[0m[38;2;105;123;124m[48;2;129;157;166m▀[0m[38;2;0;0;0m[48;2;38;55;61m▀[0m[38;2;0;107;139m[48;2;0;70;91m▀[0m[38;2;79;0;0m[48;2;27;0;0m▀[0m[38;2;247;60;59m[48;2;247;8;2m▀[0m[38;2;119;231;246m[48;2;127;235;247m▀[0m[38;2;147;177;190m[48;2;144;182;195m▀[0m[38;2;145;171;178m[48;2;146;176;186m▀[0m[38;2;151;178;190m[48;2;153;177;188m▀[0m[38;2;125;137;144m[48;2;124;148;158m▀[0m[38;2;169;155;150m[48;2;216;205;198m▀[0m[38;2;124;145;158m[48;2;126;143;153m▀[0m[38;2;154;178;190m[48;2;157;181;191m▀[0m[38;2;146;172;186m[48;2;151;173;188m▀[0m[38;2;170;193;203m[48;2;181;209;224m▀[0m[38;2;129;152;163m[48;2;81;96;101m▀[0m[38;2;78;80;78m[48;2;70;78;80m▀[0m[38;2;181;192;197m[48;2;170;206;212m▀[0m[38;2;200;225;236m[48;2;247;247;247m▀[0m[38;2;240;236;236m[48;2;170;183;183m▀[0m[38;2;19;95;130m[48;2;26;101;136m▀[0m[38;2;227;238;241m[48;2;239;243;240m▀[0m[38;2;247;247;247m[48;2;247;247;247m▀[0m[38;2;42;124;161m[48;2;83;151;185m▀[0m[38;2;45;131;164m[48;2;39;114;144m▀[0m[38;2;58;75;79m[48;2;178;165;156m▀[0m[38;2;66;160;189m[48;2;82;165;191m▀[0m[38;2;124;127;126m[48;2;135;133;128m▀[0m[38;2;134;156;166m[48;2;52;60;63m▀[0m[38;2;165;194;203m[48;2;185;217;228m▀[0m[38;2;150;173;183m[48;2;152;175;186m▀[0m[38;2;146;169;179m[48;2;149;173;183m▀[0m[38;2;146;178;190m[48;2;146;174;192m▀[0m[38;2;122;149;164m[48;2;121;141;157m▀[0m[38;2;152;144;141m[48;2;247;240;232m▀[0m[38;2;134;149;159m[48;2;127;139;146m▀[0m[38;2;155;176;189m[48;2;156;182;196m▀[0m[38;2;166;190;204m[48;2;156;179;192m▀[0m[38;2;125;141;147m[48;2;200;228;242m▀[0m[38;2;0;0;11m[48;2;75;109;120m▀[0m[38;2;0;96;125m[48;2;0;62;85m▀[0m[38;2;97;0;0m[48;2;225;0;0m▀[0m[38;2;247;0;0m[48;2;247;108;108m▀[0m[38;2;122;224;241m[48;2;110;247;247m▀[0m[38;2;136;207;223m[48;2;66;104;118m▀[0m[38;2;148;193;202m[48;2;101;134;147m▀[0m[38;2;154;177;190m[48;2;166;190;199m▀[0m[38;2;157;178;189m[48;2;185;209;219m▀[0m[38;2;189;212;225m[48;2;152;164;175m▀[0m[38;2;138;153;163m[48;2;0;31;40m▀[0m[38;2;0;9;21m[48;2;0;8;29m▀[0m[38;2;0;13;26m[48;2;16;23;26m▀[0m[38;2;0;0;0m[48;2;188;214;226m▀[0m[38;2;132;154;162m[48;2;185;213;227m▀[0m[38;2;182;210;224m[48;2;176;202;218m▀[0m[38;2;178;204;220m[48;2;139;158;171m▀[0m[38;2;138;166;181m[48;2;115;133;143m▀[0m[38;2;144;171;181m[48;2;150;177;191m▀[0m[38;2;150;176;187m[48;2;149;175;186m▀[0m
[38;2;146;175;184m[48;2;117;143;153m▀[0m[38;2;99;127;137m[48;2;133;154;167m▀[0m[38;2;79;105;112m[48;2;152;173;185m▀[0m[38;2;97;121;128m[48;2;164;183;195m▀[0m[38;2;129;150;161m[48;2;160;186;196m▀[0m[38;2;147;171;181m[48;2;154;184;193m▀[0m[38;2;167;192;202m[48;2;150;178;186m▀[0m[38;2;172;194;205m[48;2;155;177;186m▀[0m[38;2;196;217;228m[48;2;165;190;201m▀[0m[38;2;77;98;109m[48;2;186;203;213m▀[0m[38;2;0;0;6m[48;2;15;48;57m▀[0m[38;2;33;37;40m[48;2;14;48;63m▀[0m[38;2;189;216;229m[48;2;176;197;205m▀[0m[38;2;151;174;185m[48;2;167;189;200m▀[0m[38;2;151;172;184m[48;2;153;176;188m▀[0m[38;2;160;181;193m[48;2;158;180;193m▀[0m[38;2;140;162;173m[48;2;127;154;164m▀[0m[38;2;149;188;201m[48;2;126;158;165m▀[0m[38;2;50;61;64m[48;2;150;177;192m▀[0m[38;2;0;26;33m[48;2;38;76;84m▀[0m[38;2;8;3;11m[48;2;0;4;15m▀[0m[38;2;247;0;0m[48;2;247;0;0m▀[0m[38;2;148;239;247m[48;2;151;203;226m▀[0m[38;2;104;143;154m[48;2;107;151;163m▀[0m[38;2;118;142;156m[48;2;145;177;191m▀[0m[38;2;159;181;192m[48;2;151;169;179m▀[0m[38;2;129;166;178m[48;2;137;169;181m▀[0m[38;2;149;163;165m[48;2;160;186;196m▀[0m[38;2;145;155;162m[48;2;170;170;174m▀[0m[38;2;149;176;191m[48;2;138;165;177m▀[0m[38;2;157;180;192m[48;2;178;205;219m▀[0m[38;2;196;230;247m[48;2;130;165;180m▀[0m[38;2;0;1;3m[48;2;0;0;0m▀[0m[38;2;115;124;126m[48;2;184;193;192m▀[0m[38;2;73;143;163m[48;2;67;142;169m▀[0m[38;2;71;110;120m[48;2;67;140;168m▀[0m[38;2;70;118;136m[48;2;109;165;190m▀[0m[38;2;13;91;122m[48;2;73;137;160m▀[0m[38;2;182;216;215m[48;2;187;216;216m▀[0m[38;2;247;247;247m[48;2;247;247;247m▀[0m[38;2;125;179;201m[48;2;156;193;210m▀[0m[38;2;51;114;136m[48;2;79;135;152m▀[0m[38;2;247;247;247m[48;2;244;217;203m▀[0m[38;2;74;145;161m[48;2;62;139;166m▀[0m[38;2;136;160;163m[48;2;160;195;203m▀[0m[38;2;0;0;0m[48;2;0;0;0m▀[0m[38;2;182;214;226m[48;2;109;139;149m▀[0m[38;2;163;187;199m[48;2;186;212;226m▀[0m[38;2;157;177;191m[48;2;156;179;190m▀[0m[38;2;139;166;182m[48;2;140;170;188m▀[0m[38;2;155;166;173m[48;2;147;151;154m▀[0m[38;2;159;164;165m[48;2;145;168;174m▀[0m[38;2;124;158;172m[48;2;128;160;172m▀[0m[38;2;139;163;175m[48;2;115;138;150m▀[0m[38;2;167;191;201m[48;2;177;201;212m▀[0m[38;2;179;202;210m[48;2;169;194;197m▀[0m[38;2;20;89;109m[48;2;0;73;96m▀[0m[38;2;0;44;63m[48;2;43;75;92m▀[0m[38;2;247;0;0m[48;2;247;0;0m▀[0m[38;2;180;124;130m[48;2;151;141;151m▀[0m[38;2;123;222;233m[48;2;91;176;183m▀[0m[38;2;119;151;161m[48;2;172;204;213m▀[0m[38;2;134;157;165m[48;2;167;189;201m▀[0m[38;2;176;202;212m[48;2;203;226;237m▀[0m[38;2;161;177;186m[48;2;61;71;75m▀[0m[38;2;9;33;43m[48;2;0;43;64m▀[0m[38;2;0;33;56m[48;2;0;11;26m▀[0m[38;2;1;12;18m[48;2;129;135;138m▀[0m[38;2;192;213;221m[48;2;200;237;247m▀[0m[38;2;185;212;229m[48;2;123;131;135m▀[0m[38;2;161;183;194m[48;2;103;101;99m▀[0m[38;2;90;104;112m[48;2;91;109;117m▀[0m[38;2;52;64;69m[48;2;169;194;205m▀[0m[38;2;117;134;143m[48;2;164;189;199m▀[0m[38;2;161;182;197m[48;2;142;171;181m▀[0m[38;2;149;171;183m[48;2;153;174;183m▀[0m
[38;2;108;134;151m[48;2;131;158;167m▀[0m[38;2;129;152;163m[48;2;147;170;185m▀[0m[38;2;154;177;188m[48;2;151;174;185m▀[0m[38;2;153;174;185m[48;2;153;174;185m▀[0m[38;2;147;170;181m[48;2;146;164;176m▀[0m[38;2;127;151;162m[48;2;94;114;127m▀[0m[38;2;154;173;184m[48;2;160;178;191m▀[0m[38;2;150;172;184m[48;2;151;173;185m▀[0m[38;2;166;190;204m[48;2;152;177;192m▀[0m[38;2;140;161;170m[48;2;153;178;193m▀[0m[38;2;0;0;0m[48;2;157;180;194m▀[0m[38;2;0;18;46m[48;2;62;86;99m▀[0m[38;2;96;120;130m[48;2;0;23;41m▀[0m[38;2;187;210;220m[48;2;174;196;205m▀[0m[38;2;160;181;193m[48;2;174;197;207m▀[0m[38;2;143;169;181m[48;2;129;154;164m▀[0m[38;2;115;141;155m[48;2;108;141;154m▀[0m[38;2;105;133;141m[48;2;117;146;156m▀[0m[38;2;188;221;239m[48;2;191;220;229m▀[0m[38;2;68;101;108m[48;2;113;159;166m▀[0m[38;2;0;0;0m[48;2;0;0;0m▀[0m[38;2;247;23;4m[48;2;234;57;48m▀[0m[38;2;188;166;177m[48;2;183;159;161m▀[0m[38;2;121;172;187m[48;2;141;183;199m▀[0m[38;2;153;185;198m[48;2;147;179;193m▀[0m[38;2;146;169;180m[48;2;147;169;181m▀[0m[38;2;143;170;182m[48;2;149;172;187m▀[0m[38;2;135;167;177m[48;2;114;140;156m▀[0m[38;2;224;217;210m[48;2;247;247;245m▀[0m[38;2;136;162;173m[48;2;188;205;206m▀[0m[38;2;167;205;221m[48;2;55;88;99m▀[0m[38;2;0;0;0m[48;2;52;71;82m▀[0m[38;2;0;0;0m[48;2;0;0;0m▀[0m[38;2;230;240;233m[48;2;182;202;204m▀[0m[38;2;86;159;189m[48;2;125;199;224m▀[0m[38;2;60;122;145m[48;2;79;139;162m▀[0m[38;2;109;159;177m[48;2;88;140;162m▀[0m[38;2;188;199;205m[48;2;151;168;172m▀[0m[38;2;187;206;207m[48;2;182;213;216m▀[0m[38;2;247;247;247m[48;2;247;247;247m▀[0m[38;2;173;203;213m[48;2;171;206;217m▀[0m[38;2;84;133;151m[48;2;87;133;149m▀[0m[38;2;110;118;120m[48;2;92;116;122m▀[0m[38;2;72;162;190m[48;2;63;136;160m▀[0m[38;2;177;211;220m[48;2;178;217;228m▀[0m[38;2;0;0;0m[48;2;0;0;0m▀[0m[38;2;0;2;7m[48;2;0;0;0m▀[0m[38;2;168;195;207m[48;2;124;157;167m▀[0m[38;2;167;194;206m[48;2;166;198;214m▀[0m[38;2;140;169;181m[48;2;147;172;187m▀[0m[38;2;120;124;124m[48;2;134;141;139m▀[0m[38;2;131;163;171m[48;2;111;144;148m▀[0m[38;2;156;179;194m[48;2;161;184;196m▀[0m[38;2;150;172;185m[48;2;165;191;205m▀[0m[38;2;191;216;231m[48;2;131;149;157m▀[0m[38;2;130;153;159m[48;2;0;0;0m▀[0m[38;2;0;53;75m[48;2;0;49;66m▀[0m[38;2;70;81;96m[48;2;112;97;112m▀[0m[38;2;247;0;0m[48;2;247;0;0m▀[0m[38;2;133;171;183m[48;2;114;196;214m▀[0m[38;2;95;167;178m[48;2;111;165;182m▀[0m[38;2;147;179;191m[48;2;130;160;168m▀[0m[38;2;160;186;196m[48;2;176;202;212m▀[0m[38;2;151;165;175m[48;2;13;25;32m▀[0m[38;2;63;85;96m[48;2;12;50;68m▀[0m[38;2;0;55;83m[48;2;0;66;100m▀[0m[38;2;25;36;43m[48;2;103;111;119m▀[0m[38;2;220;241;247m[48;2;177;199;212m▀[0m[38;2;93;109;119m[48;2;63;68;72m▀[0m[38;2;39;41;45m[48;2;174;203;212m▀[0m[38;2;140;170;182m[48;2;161;184;196m▀[0m[38;2;167;197;210m[48;2;148;172;183m▀[0m[38;2;153;175;183m[48;2;163;186;197m▀[0m[38;2;158;180;192m[48;2;129;149;160m▀[0m[38;2;144;170;184m[48;2;99;126;135m▀[0m[38;2;129;155;166m[48;2;140;167;182m▀[0m
[38;2;152;175;186m[48;2;147;169;181m▀[0m[38;2;146;169;188m[48;2;146;168;180m▀[0m[38;2;146;169;184m[48;2;147;170;185m▀[0m[38;2;151;174;184m[48;2;142;166;177m▀[0m[38;2;157;189;198m[48;2;149;177;191m▀[0m[38;2;83;105;113m[48;2;105;125;129m▀[0m[38;2;151;173;185m[48;2;127;149;156m▀[0m[38;2;152;176;188m[48;2;156;183;194m▀[0m[38;2;151;169;182m[48;2;145;167;178m▀[0m[38;2;155;179;191m[48;2;151;173;184m▀[0m[38;2;181;203;216m[48;2;157;177;190m▀[0m[38;2;171;191;199m[48;2;190;216;223m▀[0m[38;2;0;0;0m[48;2;31;50;58m▀[0m[38;2;106;129;136m[48;2;19;41;52m▀[0m[38;2;179;200;207m[48;2;184;210;218m▀[0m[38;2;107;139;152m[48;2;132;160;173m▀[0m[38;2;129;157;166m[48;2;149;170;179m▀[0m[38;2;163;185;195m[48;2;160;182;194m▀[0m[38;2;188;217;228m[48;2;188;211;223m▀[0m[38;2;115;149;160m[48;2;80;114;125m▀[0m[38;2;0;12;34m[48;2;0;5;23m▀[0m[38;2;244;0;0m[48;2;0;0;0m▀[0m[38;2;201;145;152m[48;2;219;139;143m▀[0m[38;2;143;191;209m[48;2;144;198;216m▀[0m[38;2;146;180;191m[48;2;150;180;194m▀[0m[38;2;147;177;186m[48;2;138;164;176m▀[0m[38;2;148;175;186m[48;2;136;168;178m▀[0m[38;2;104;137;154m[48;2;112;145;163m▀[0m[38;2;247;243;237m[48;2;226;225;220m▀[0m[38;2;165;170;166m[48;2;218;226;226m▀[0m[38;2;102;140;158m[48;2;159;209;232m▀[0m[38;2;117;143;158m[48;2;0;15;17m▀[0m[38;2;0;0;0m[48;2;0;0;0m▀[0m[38;2;180;196;198m[48;2;181;188;193m▀[0m[38;2;165;224;239m[48;2;176;217;234m▀[0m[38;2;110;127;132m[48;2;99;130;137m▀[0m[38;2;52;90;105m[48;2;58;123;142m▀[0m[38;2;151;149;147m[48;2;180;167;167m▀[0m[38;2;137;188;195m[48;2;152;167;166m▀[0m[38;2;247;247;247m[48;2;222;222;222m▀[0m[38;2;160;194;206m[48;2;86;136;159m▀[0m[38;2;110;145;158m[48;2;161;177;183m▀[0m[38;2;132;152;153m[48;2;243;236;235m▀[0m[38;2;61;135;163m[48;2;60;143;171m▀[0m[38;2;202;246;247m[48;2;214;245;247m▀[0m[38;2;0;0;0m[48;2;0;0;0m▀[0m[38;2;0;14;21m[48;2;0;0;0m▀[0m[38;2;178;216;229m[48;2;153;181;195m▀[0m[38;2;165;198;214m[48;2;190;225;242m▀[0m[38;2;157;178;193m[48;2;144;168;179m▀[0m[38;2;177;175;166m[48;2;194;186;178m▀[0m[38;2;108;137;143m[48;2;109;133;144m▀[0m[38;2;161;185;196m[48;2;155;181;195m▀[0m[38;2;161;185;196m[48;2;148;172;184m▀[0m[38;2;137;157;164m[48;2;180;203;218m▀[0m[38;2;115;133;140m[48;2;171;203;213m▀[0m[38;2;0;62;76m[48;2;0;42;56m▀[0m[38;2;110;98;109m[48;2;103;106;114m▀[0m[38;2;247;44;34m[48;2;213;155;156m▀[0m[38;2;127;206;220m[48;2;145;204;220m▀[0m[38;2;113;154;167m[48;2;134;163;173m▀[0m[38;2;107;140;147m[48;2;103;130;140m▀[0m[38;2;188;215;226m[48;2;168;194;206m▀[0m[38;2;41;60;68m[48;2;122;144;151m▀[0m[38;2;0;37;64m[48;2;0;0;0m▀[0m[38;2;0;63;93m[48;2;0;32;44m▀[0m[38;2;100;120;130m[48;2;123;157;164m▀[0m[38;2;109;124;129m[48;2;107;125;130m▀[0m[38;2;148;171;179m[48;2;172;199;213m▀[0m[38;2;163;190;201m[48;2;151;171;185m▀[0m[38;2;152;173;184m[48;2;150;172;183m▀[0m[38;2;150;172;185m[48;2;153;173;186m▀[0m[38;2;165;188;199m[48;2;146;169;180m▀[0m[38;2;86;103;112m[48;2;81;100;104m▀[0m[38;2;130;154;165m[48;2;163;187;199m▀[0m[38;2;157;183;196m[48;2;151;174;187m▀[0m
[38;2;147;170;181m[48;2;146;169;180m▀[0m[38;2;146;168;180m[48;2;147;169;180m▀[0m[38;2;146;169;181m[48;2;147;170;181m▀[0m[38;2;151;177;187m[48;2;153;174;186m▀[0m[38;2;131;153;170m[48;2;163;182;197m▀[0m[38;2;102;125;131m[48;2;100;130;136m▀[0m[38;2;110;129;133m[48;2;92;111;115m▀[0m[38;2;161;189;199m[48;2;159;183;194m▀[0m[38;2;145;167;182m[48;2;149;173;184m▀[0m[38;2;146;168;179m[48;2;146;168;179m▀[0m[38;2;157;174;188m[48;2;152;173;184m▀[0m[38;2;183;206;219m[48;2;174;197;213m▀[0m[38;2;120;139;147m[48;2;151;175;186m▀[0m[38;2;0;0;0m[48;2;0;0;0m▀[0m[38;2;24;31;32m[48;2;0;0;0m▀[0m[38;2;149;173;183m[48;2;168;190;201m▀[0m[38;2;168;190;201m[48;2;165;189;199m▀[0m[38;2;162;181;194m[48;2;171;197;208m▀[0m[38;2;179;201;212m[48;2;170;190;198m▀[0m[38;2;36;81;93m[48;2;0;46;62m▀[0m[38;2;0;15;27m[48;2;10;71;83m▀[0m[38;2;116;128;133m[48;2;225;180;188m▀[0m[38;2;247;107;111m[48;2;247;39;38m▀[0m[38;2;134;205;217m[48;2;125;211;223m▀[0m[38;2;157;187;198m[48;2;157;182;196m▀[0m[38;2;110;137;147m[48;2;121;144;156m▀[0m[38;2;109;139;152m[48;2;93;128;136m▀[0m[38;2;112;144;162m[48;2;133;160;171m▀[0m[38;2;225;225;222m[48;2;215;207;204m▀[0m[38;2;247;247;247m[48;2;247;247;247m▀[0m[38;2;96;123;134m[48;2;44;53;53m▀[0m[38;2;0;0;0m[48;2;0;0;0m▀[0m[38;2;0;0;0m[48;2;0;0;0m▀[0m[38;2;139;145;148m[48;2;120;127;128m▀[0m[38;2;247;247;247m[48;2;247;247;247m▀[0m[38;2;101;146;156m[48;2;91;129;144m▀[0m[38;2;80;158;177m[48;2;117;179;201m▀[0m[38;2;90;119;127m[48;2;49;105;127m▀[0m[38;2;247;247;247m[48;2;172;172;167m▀[0m[38;2;188;186;189m[48;2;247;247;247m▀[0m[38;2;207;210;219m[48;2;247;247;241m▀[0m[38;2;247;247;247m[48;2;0;15;16m▀[0m[38;2;180;173;170m[48;2;64;116;130m▀[0m[38;2;72;159;183m[48;2;130;204;227m▀[0m[38;2;211;230;237m[48;2;173;191;192m▀[0m[38;2;0;0;0m[48;2;0;0;0m▀[0m[38;2;0;0;0m[48;2;0;0;0m▀[0m[38;2;38;61;71m[48;2;0;0;0m▀[0m[38;2;196;231;247m[48;2;67;96;103m▀[0m[38;2;137;161;171m[48;2;152;175;181m▀[0m[38;2;223;215;208m[48;2;247;247;247m▀[0m[38;2;119;141;153m[48;2;146;159;165m▀[0m[38;2;149;176;190m[48;2;137;169;181m▀[0m[38;2;151;175;187m[48;2;144;171;186m▀[0m[38;2;165;187;201m[48;2;182;204;213m▀[0m[38;2;115;137;152m[48;2;147;166;173m▀[0m[38;2;0;41;59m[48;2;0;30;47m▀[0m[38;2;93;97;106m[48;2;86;84;88m▀[0m[38;2;179;172;175m[48;2;188;177;180m▀[0m[38;2;147;194;206m[48;2;143;191;202m▀[0m[38;2;156;179;191m[48;2;157;186;195m▀[0m[38;2;123;150;161m[48;2;143;166;177m▀[0m[38;2;152;174;186m[48;2;129;145;162m▀[0m[38;2;134;159;165m[48;2;115;133;141m▀[0m[38;2;0;0;0m[48;2;0;68;95m▀[0m[38;2;27;22;27m[48;2;9;0;0m▀[0m[38;2;160;153;161m[48;2;206;33;22m▀[0m[38;2;120;154;164m[48;2;150;196;208m▀[0m[38;2;167;194;204m[48;2;166;189;201m▀[0m[38;2;151;169;182m[48;2;150;171;184m▀[0m[38;2;149;171;178m[48;2;145;171;182m▀[0m[38;2;158;180;193m[48;2;161;185;198m▀[0m[38;2;128;151;161m[48;2;119;140;153m▀[0m[38;2;91;110;115m[48;2;105;128;133m▀[0m[38;2;166;190;200m[48;2;161;188;198m▀[0m[38;2;151;173;186m[48;2;149;171;180m▀[0m
[38;2;146;168;180m[48;2;146;169;180m▀[0m[38;2;146;168;179m[48;2;146;168;180m▀[0m[38;2;148;170;181m[48;2;148;169;181m▀[0m[38;2;144;170;182m[48;2;148;171;183m▀[0m[38;2;159;185;198m[48;2;154;184;196m▀[0m[38;2;124;149;163m[48;2;136;162;176m▀[0m[38;2;79;97;104m[48;2;48;59;62m▀[0m[38;2;159;181;196m[48;2;133;151;164m▀[0m[38;2;155;179;190m[48;2;161;186;196m▀[0m[38;2;152;173;184m[48;2;153;171;181m▀[0m[38;2;154;177;190m[48;2;167;189;203m▀[0m[38;2;158;184;199m[48;2;125;149;161m▀[0m[38;2;130;161;169m[48;2;127;161;171m▀[0m[38;2;25;48;58m[48;2;47;65;73m▀[0m[38;2;91;115;125m[48;2;45;63;70m▀[0m[38;2;198;226;240m[48;2;194;217;229m▀[0m[38;2;159;183;194m[48;2;190;217;230m▀[0m[38;2;198;227;237m[48;2;128;142;150m▀[0m[38;2;106;128;138m[48;2;0;4;9m▀[0m[38;2;0;12;31m[48;2;0;34;49m▀[0m[38;2;57;121;131m[48;2;107;200;208m▀[0m[38;2;234;141;149m[48;2;229;110;118m▀[0m[38;2;226;64;65m[48;2;190;118;123m▀[0m[38;2;125;212;226m[48;2;129;208;223m▀[0m[38;2;150;176;190m[48;2;150;180;190m▀[0m[38;2;158;187;198m[48;2;178;211;224m▀[0m[38;2;145;182;196m[48;2;130;164;179m▀[0m[38;2;132;146;148m[48;2;106;110;109m▀[0m[38;2;247;247;240m[48;2;247;247;247m▀[0m[38;2;247;247;247m[48;2;230;229;227m▀[0m[38;2;0;0;0m[48;2;0;0;0m▀[0m[38;2;0;0;0m[48;2;12;32;39m▀[0m[38;2;0;0;0m[48;2;0;3;6m▀[0m[38;2;144;157;155m[48;2;231;235;232m▀[0m[38;2;240;236;233m[48;2;158;161;159m▀[0m[38;2;111;146;159m[48;2;134;158;167m▀[0m[38;2;132;174;191m[48;2;139;178;189m▀[0m[38;2;98;153;173m[48;2;124;168;187m▀[0m[38;2;68;85;86m[48;2;99;117;123m▀[0m[38;2;247;247;247m[48;2;247;247;247m▀[0m[38;2;82;82;84m[48;2;106;121;130m▀[0m[38;2;75;136;152m[48;2;138;179;194m▀[0m[38;2;131;183;200m[48;2;150;175;192m▀[0m[38;2;148;186;204m[48;2;151;176;191m▀[0m[38;2;163;182;182m[48;2;189;194;192m▀[0m[38;2;0;0;0m[48;2;55;72;71m▀[0m[38;2;0;0;0m[48;2;56;73;78m▀[0m[38;2;0;0;0m[48;2;55;73;83m▀[0m[38;2;0;0;0m[48;2;0;0;0m▀[0m[38;2;129;146;152m[48;2;0;0;0m▀[0m[38;2;247;247;247m[48;2;247;247;247m▀[0m[38;2;175;181;181m[48;2;244;240;236m▀[0m[38;2;126;161;173m[48;2;116;142;158m▀[0m[38;2;105;146;158m[48;2;129;168;179m▀[0m[38;2;207;215;218m[48;2;185;197;195m▀[0m[38;2;189;202;207m[48;2;199;210;212m▀[0m[38;2;0;29;44m[48;2;0;53;66m▀[0m[38;2;70;50;54m[48;2;49;12;16m▀[0m[38;2;198;167;170m[48;2;234;120;122m▀[0m[38;2;145;197;211m[48;2;146;210;226m▀[0m[38;2;152;176;187m[48;2;149;178;190m▀[0m[38;2;157;185;193m[48;2;158;181;193m▀[0m[38;2;129;147;160m[48;2;159;182;190m▀[0m[38;2;97;117;126m[48;2;92;106;112m▀[0m[38;2;11;75;98m[48;2;5;60;76m▀[0m[38;2;0;52;62m[48;2;30;57;68m▀[0m[38;2;92;35;32m[48;2;51;85;93m▀[0m[38;2;169;189;199m[48;2;120;137;141m▀[0m[38;2;161;194;206m[48;2;186;209;221m▀[0m[38;2;154;176;189m[48;2;155;178;191m▀[0m[38;2;148;170;183m[48;2;150;171;184m▀[0m[38;2;168;193;204m[48;2;161;191;202m▀[0m[38;2;92;114;125m[48;2;80;89;95m▀[0m[38;2;110;131;139m[48;2;131;153;157m▀[0m[38;2;165;194;207m[48;2;140;170;180m▀[0m[38;2;147;169;180m[48;2;157;179;190m▀[0m
[38;2;146;167;180m[48;2;147;168;180m▀[0m[38;2;146;167;179m[48;2;146;168;180m▀[0m[38;2;148;169;181m[48;2;147;169;180m▀[0m[38;2;151;173;188m[48;2;149;171;183m▀[0m[38;2;150;174;185m[48;2;159;185;194m▀[0m[38;2;121;155;169m[48;2;85;108;118m▀[0m[38;2;135;128;130m[48;2;71;81;90m▀[0m[38;2;109;122;132m[48;2;158;180;191m▀[0m[38;2;164;189;200m[48;2;157;180;191m▀[0m[38;2;157;180;190m[48;2;164;188;199m▀[0m[38;2;153;173;189m[48;2;101;129;139m▀[0m[38;2;84;117;126m[48;2;84;116;125m▀[0m[38;2;137;171;183m[48;2;178;207;216m▀[0m[38;2;107;125;132m[48;2;120;137;146m▀[0m[38;2;31;42;48m[48;2;39;50;50m▀[0m[38;2;211;236;247m[48;2;200;228;243m▀[0m[38;2;139;165;179m[48;2;73;96;106m▀[0m[38;2;32;50;53m[48;2;46;97;110m▀[0m[38;2;0;61;83m[48;2;0;20;36m▀[0m[38;2;34;14;14m[48;2;109;109;104m▀[0m[38;2;166;247;247m[48;2;232;161;161m▀[0m[38;2;247;21;24m[48;2;247;0;0m▀[0m[38;2;173;158;165m[48;2;167;237;247m▀[0m[38;2;135;217;228m[48;2;190;247;247m▀[0m[38;2;184;221;236m[48;2;88;118;131m▀[0m[38;2;159;193;212m[48;2;182;181;179m▀[0m[38;2;0;0;0m[48;2;0;0;0m▀[0m[38;2;50;51;45m[48;2;0;0;0m▀[0m[38;2;196;203;199m[48;2;40;42;42m▀[0m[38;2;219;221;223m[48;2;183;186;188m▀[0m[38;2;0;0;0m[48;2;0;0;0m▀[0m[38;2;0;0;0m[48;2;0;0;0m▀[0m[38;2;0;0;0m[48;2;48;49;46m▀[0m[38;2;247;247;247m[48;2;245;243;236m▀[0m[38;2;135;139;138m[48;2;95;98;99m▀[0m[38;2;141;174;187m[48;2;138;175;191m▀[0m[38;2;155;176;189m[48;2;159;181;193m▀[0m[38;2;137;167;183m[48;2;129;166;177m▀[0m[38;2;128;146;155m[48;2;135;152;156m▀[0m[38;2;247;236;228m[48;2;238;226;216m▀[0m[38;2;115;134;143m[48;2;116;139;149m▀[0m[38;2;151;179;194m[48;2;150;175;196m▀[0m[38;2;154;180;196m[48;2;148;181;194m▀[0m[38;2;149;184;201m[48;2;108;153;167m▀[0m[38;2;197;204;199m[48;2;113;124;122m▀[0m[38;2;31;24;21m[48;2;69;68;66m▀[0m[38;2;0;0;0m[48;2;0;0;0m▀[0m[38;2;0;0;0m[48;2;0;0;0m▀[0m[38;2;0;0;0m[48;2;0;0;0m▀[0m[38;2;0;0;0m[48;2;0;0;0m▀[0m[38;2;0;0;0m[48;2;0;0;0m▀[0m[38;2;247;247;247m[48;2;247;247;247m▀[0m[38;2;147;161;171m[48;2;247;247;247m▀[0m[38;2;131;167;188m[48;2;99;124;135m▀[0m[38;2;160;181;185m[48;2;173;207;215m▀[0m[38;2;210;221;221m[48;2;247;247;247m▀[0m[38;2;7;72;87m[48;2;73;122;139m▀[0m[38;2;0;0;0m[48;2;0;0;0m▀[0m[38;2;247;77;69m[48;2;247;0;0m▀[0m[38;2;152;217;230m[48;2;177;209;222m▀[0m[38;2;147;184;195m[48;2;143;192;207m▀[0m[38;2;150;176;190m[48;2;150;176;192m▀[0m[38;2;173;194;205m[48;2;164;185;196m▀[0m[38;2;121;138;144m[48;2;174;197;204m▀[0m[38;2;14;63;78m[48;2;33;57;67m▀[0m[38;2;19;53;67m[48;2;12;66;91m▀[0m[38;2;31;47;48m[48;2;31;37;44m▀[0m[38;2;25;39;41m[48;2;0;0;0m▀[0m[38;2;192;219;233m[48;2;166;196;209m▀[0m[38;2;155;179;191m[48;2;171;192;204m▀[0m[38;2;154;177;190m[48;2;153;175;188m▀[0m[38;2;144;171;185m[48;2;161;184;195m▀[0m[38;2;111;126;130m[48;2;97;120;130m▀[0m[38;2;153;176;184m[48;2;36;51;59m▀[0m[38;2;90;107;112m[48;2;121;141;153m▀[0m[38;2;165;190;203m[48;2;161;185;197m▀[0m
[38;2;149;170;181m[48;2;148;169;180m▀[0m[38;2;147;169;181m[48;2;147;169;180m▀[0m[38;2;146;168;180m[48;2;146;168;180m▀[0m[38;2;147;169;180m[48;2;146;168;179m▀[0m[38;2;152;172;188m[48;2;147;168;180m▀[0m[38;2;156;180;194m[48;2;149;172;183m▀[0m[38;2;157;186;194m[48;2;149;172;182m▀[0m[38;2;153;180;191m[48;2;155;173;189m▀[0m[38;2;161;185;197m[48;2;167;189;200m▀[0m[38;2;144;166;178m[48;2;109;136;150m▀[0m[38;2;67;102;110m[48;2;105;135;148m▀[0m[38;2;132;157;164m[48;2;167;189;197m▀[0m[38;2;189;215;228m[48;2;177;204;215m▀[0m[38;2;108;126;133m[48;2;124;143;154m▀[0m[38;2;96;107;113m[48;2;146;169;185m▀[0m[38;2;157;183;197m[48;2;83;113;126m▀[0m[38;2;53;86;97m[48;2;11;51;73m▀[0m[38;2;0;64;90m[48;2;0;32;42m▀[0m[38;2;0;85;98m[48;2;247;92;85m▀[0m[38;2;194;247;247m[48;2;247;2;0m▀[0m[38;2;247;0;0m[48;2;247;56;60m▀[0m[38;2;247;0;0m[48;2;145;0;0m▀[0m[38;2;191;143;153m[48;2;0;0;0m▀[0m[38;2;9;60;66m[48;2;0;0;0m▀[0m[38;2;0;0;0m[48;2;0;0;0m▀[0m[38;2;100;94;90m[48;2;0;0;0m▀[0m[38;2;216;215;216m[48;2;148;150;152m▀[0m[38;2;88;87;88m[48;2;247;247;247m▀[0m[38;2;0;0;0m[48;2;0;0;0m▀[0m[38;2;133;136;137m[48;2;103;111;110m▀[0m[38;2;0;0;0m[48;2;0;0;0m▀[0m[38;2;0;0;0m[48;2;0;0;0m▀[0m[38;2;109;108;109m[48;2;164;161;163m▀[0m[38;2;157;156;154m[48;2;20;17;19m▀[0m[38;2;130;142;150m[48;2;101;125;130m▀[0m[38;2;122;161;183m[48;2;115;157;173m▀[0m[38;2;128;158;167m[48;2;117;146;158m▀[0m[38;2;129;167;178m[48;2;110;145;158m▀[0m[38;2;151;163;164m[48;2;173;179;184m▀[0m[38;2;247;247;237m[48;2;247;247;247m▀[0m[38;2;114;138;150m[48;2;110;137;149m▀[0m[38;2;154;184;199m[48;2;122;154;167m▀[0m[38;2;144;179;188m[48;2;171;204;215m▀[0m[38;2;93;123;135m[48;2;103;133;149m▀[0m[38;2;36;35;33m[48;2;0;0;0m▀[0m[38;2;124;127;123m[48;2;171;174;173m▀[0m[38;2;0;0;0m[48;2;0;0;0m▀[0m[38;2;0;0;0m[48;2;0;0;0m▀[0m[38;2;0;0;0m[48;2;0;0;0m▀[0m[38;2;0;0;0m[48;2;0;0;0m▀[0m[38;2;0;0;0m[48;2;23;29;30m▀[0m[38;2;247;247;247m[48;2;135;146;142m▀[0m[38;2;96;92;91m[48;2;158;156;154m▀[0m[38;2;247;247;247m[48;2;161;153;149m▀[0m[38;2;14;37;41m[48;2;0;0;0m▀[0m[38;2;247;247;247m[48;2;162;145;145m▀[0m[38;2;189;226;245m[48;2;247;247;247m▀[0m[38;2;0;16;27m[48;2;0;36;47m▀[0m[38;2;116;0;0m[48;2;0;0;0m▀[0m[38;2;208;160;166m[48;2;247;49;38m▀[0m[38;2;145;214;231m[48;2;167;246;247m▀[0m[38;2;152;178;189m[48;2;160;183;197m▀[0m[38;2;153;175;186m[48;2;158;182;193m▀[0m[38;2;184;210;220m[48;2;162;186;196m▀[0m[38;2;124;141;144m[48;2;194;218;228m▀[0m[38;2;4;53;68m[48;2;39;54;56m▀[0m[38;2;12;47;62m[48;2;8;55;75m▀[0m[38;2;0;0;0m[48;2;0;12;24m▀[0m[38;2;126;154;167m[48;2;55;72;82m▀[0m[38;2;186;206;218m[48;2;189;212;224m▀[0m[38;2;156;178;191m[48;2;165;186;198m▀[0m[38;2;155;177;186m[48;2;153;175;184m▀[0m[38;2;156;178;189m[48;2;148;170;181m▀[0m[38;2;149;173;184m[48;2;150;172;183m▀[0m[38;2;159;183;196m[48;2;145;167;179m▀[0m[38;2;149;171;180m[48;2;146;169;180m▀[0m
[38;2;146;168;179m[48;2;147;169;180m▀[0m[38;2;146;168;179m[48;2;146;168;179m▀[0m[38;2;146;168;179m[48;2;145;168;180m▀[0m[38;2;145;167;179m[48;2;145;168;180m▀[0m[38;2;147;169;181m[48;2;145;171;183m▀[0m[38;2;150;174;186m[48;2;153;177;187m▀[0m[38;2;150;174;186m[48;2;157;179;191m▀[0m[38;2;161;181;194m[48;2;180;205;220m▀[0m[38;2;161;183;194m[48;2;107;142;153m▀[0m[38;2;64;97;104m[48;2;60;82;89m▀[0m[38;2;132;157;167m[48;2;213;246;247m▀[0m[38;2;199;222;234m[48;2;175;195;209m▀[0m[38;2;207;240;247m[48;2;100;112;120m▀[0m[38;2;180;213;226m[48;2;40;64;74m▀[0m[38;2;79;101;110m[48;2;14;47;60m▀[0m[38;2;0;0;0m[48;2;13;47;56m▀[0m[38;2;0;0;0m[48;2;0;0;0m▀[0m[38;2;0;0;0m[48;2;0;0;0m▀[0m[38;2;111;0;0m[48;2;0;6;13m▀[0m[38;2;24;0;0m[48;2;0;0;0m▀[0m[38;2;0;109;119m[48;2;0;0;0m▀[0m[38;2;0;0;0m[48;2;0;0;0m▀[0m[38;2;0;15;20m[48;2;0;0;0m▀[0m[38;2;0;3;6m[48;2;0;1;2m▀[0m[38;2;0;0;0m[48;2;0;0;0m▀[0m[38;2;0;0;0m[48;2;0;0;0m▀[0m[38;2;0;0;0m[48;2;0;0;0m▀[0m[38;2;247;247;247m[48;2;79;82;83m▀[0m[38;2;0;0;0m[48;2;0;0;4m▀[0m[38;2;111;117;116m[48;2;147;151;152m▀[0m[38;2;0;0;0m[48;2;0;0;0m▀[0m[38;2;0;0;0m[48;2;0;0;0m▀[0m[38;2;226;228;232m[48;2;247;247;247m▀[0m[38;2;0;0;0m[48;2;0;0;0m▀[0m[38;2;84;105;109m[48;2;64;82;88m▀[0m[38;2;133;173;192m[48;2;143;186;203m▀[0m[38;2;130;158;169m[48;2;140;170;184m▀[0m[38;2;112;145;158m[48;2;94;120;134m▀[0m[38;2;185;189;188m[48;2;191;190;191m▀[0m[38;2;247;247;247m[48;2;247;247;247m▀[0m[38;2;107;134;146m[48;2;123;141;150m▀[0m[38;2;102;137;150m[48;2;117;156;165m▀[0m[38;2;173;196;207m[48;2;146;165;174m▀[0m[38;2;53;79;93m[48;2;23;42;53m▀[0m[38;2;0;0;0m[48;2;0;0;0m▀[0m[38;2;207;206;207m[48;2;247;247;247m▀[0m[38;2;0;0;0m[48;2;0;0;0m▀[0m[38;2;0;0;0m[48;2;0;0;0m▀[0m[38;2;0;0;0m[48;2;0;0;0m▀[0m[38;2;0;0;0m[48;2;0;0;0m▀[0m[38;2;28;28;29m[48;2;30;44;46m▀[0m[38;2;115;117;118m[48;2;181;183;184m▀[0m[38;2;208;206;201m[48;2;72;64;60m▀[0m[38;2;0;0;0m[48;2;0;0;0m▀[0m[38;2;0;0;0m[48;2;0;32;50m▀[0m[38;2;0;0;0m[48;2;0;8;15m▀[0m[38;2;53;70;73m[48;2;0;0;0m▀[0m[38;2;0;0;0m[48;2;0;2;6m▀[0m[38;2;0;8;18m[48;2;0;4;12m▀[0m[38;2;84;0;0m[48;2;0;10;24m▀[0m[38;2;173;194;207m[48;2;0;0;6m▀[0m[38;2;203;247;247m[48;2;74;93;99m▀[0m[38;2;187;210;222m[48;2;162;186;198m▀[0m[38;2;166;193;200m[48;2;208;237;247m▀[0m[38;2;187;212;226m[48;2;214;241;247m▀[0m[38;2;157;168;174m[48;2;245;247;247m▀[0m[38;2;0;0;0m[48;2;104;126;134m▀[0m[38;2;23;75;102m[48;2;0;3;15m▀[0m[38;2;0;0;0m[48;2;0;7;19m▀[0m[38;2;132;149;157m[48;2;31;45;47m▀[0m[38;2;185;207;220m[48;2;199;223;235m▀[0m[38;2;156;176;188m[48;2;169;192;204m▀[0m[38;2;150;172;183m[48;2;154;176;192m▀[0m[38;2;145;168;179m[48;2;149;168;179m▀[0m[38;2;147;169;180m[48;2;147;170;181m▀[0m[38;2;147;170;181m[48;2;147;169;180m▀[0m
[38;2;147;171;182m[48;2;153;179;190m▀[0m[38;2;148;170;182m[48;2;158;181;194m▀[0m[38;2;151;171;183m[48;2;168;190;204m▀[0m[38;2;149;176;186m[48;2;168;194;208m▀[0m[38;2;163;186;197m[48;2;154;176;189m▀[0m[38;2;161;185;196m[48;2;165;198;211m▀[0m[38;2;189;212;227m[48;2;176;206;222m▀[0m[38;2;179;207;223m[48;2;7;4;6m▀[0m[38;2;52;69;74m[48;2;0;0;0m▀[0m[38;2;122;143;156m[48;2;0;0;0m▀[0m[38;2;42;42;46m[48;2;0;0;0m▀[0m[38;2;0;0;0m[48;2;0;10;14m▀[0m[38;2;0;0;0m[48;2;17;58;76m▀[0m[38;2;0;0;0m[48;2;0;0;0m▀[0m[38;2;42;84;105m[48;2;0;0;0m▀[0m[38;2;62;110;124m[48;2;0;0;0m▀[0m[38;2;0;0;0m[48;2;0;0;0m▀[0m[38;2;0;14;15m[48;2;0;0;0m▀[0m[38;2;0;0;1m[48;2;8;27;35m▀[0m[38;2;0;0;0m[48;2;146;178;196m▀[0m[38;2;32;62;73m[48;2;59;66;81m▀[0m[38;2;11;32;43m[48;2;30;37;44m▀[0m[38;2;0;0;0m[48;2;129;150;157m▀[0m[38;2;0;0;0m[48;2;171;198;212m▀[0m[38;2;0;6;17m[48;2;176;204;223m▀[0m[38;2;12;31;39m[48;2;104;138;157m▀[0m[38;2;0;0;0m[48;2;43;80;97m▀[0m[38;2;15;15;16m[48;2;30;56;67m▀[0m[38;2;0;0;0m[48;2;33;37;40m▀[0m[38;2;164;163;161m[48;2;223;226;226m▀[0m[38;2;0;0;0m[48;2;126;129;129m▀[0m[38;2;109;118;125m[48;2;232;229;231m▀[0m[38;2;247;247;247m[48;2;68;83;87m▀[0m[38;2;0;0;0m[48;2;0;0;0m▀[0m[38;2;39;54;62m[48;2;96;99;100m▀[0m[38;2;131;173;191m[48;2;68;106;125m▀[0m[38;2;147;185;200m[48;2;35;77;97m▀[0m[38;2;82;105;115m[48;2;153;161;162m▀[0m[38;2;247;247;247m[48;2;247;247;247m▀[0m[38;2;247;247;247m[48;2;247;247;247m▀[0m[38;2;173;185;191m[48;2;240;242;240m▀[0m[38;2;89;127;142m[48;2;40;85;99m▀[0m[38;2;129;154;163m[48;2;108;140;153m▀[0m[38;2;24;45;56m[48;2;0;0;1m▀[0m[38;2;0;0;0m[48;2;0;0;0m▀[0m[38;2;247;247;247m[48;2;247;247;247m▀[0m[38;2;0;0;0m[48;2;95;97;98m▀[0m[38;2;0;0;0m[48;2;0;0;0m▀[0m[38;2;0;20;26m[48;2;0;0;0m▀[0m[38;2;0;0;0m[48;2;0;0;0m▀[0m[38;2;72;71;71m[48;2;176;170;173m▀[0m[38;2;247;247;247m[48;2;243;246;247m▀[0m[38;2;0;0;0m[48;2;0;21;32m▀[0m[38;2;0;0;0m[48;2;49;82;90m▀[0m[38;2;0;0;0m[48;2;26;47;52m▀[0m[38;2;0;0;0m[48;2;0;6;10m▀[0m[38;2;0;0;0m[48;2;28;38;46m▀[0m[38;2;0;0;0m[48;2;0;0;0m▀[0m[38;2;0;0;0m[48;2;0;0;0m▀[0m[38;2;0;10;14m[48;2;0;0;0m▀[0m[38;2;0;0;0m[48;2;0;0;0m▀[0m[38;2;0;0;0m[48;2;0;8;12m▀[0m[38;2;0;0;0m[48;2;0;0;0m▀[0m[38;2;17;24;25m[48;2;0;0;8m▀[0m[38;2;79;90;93m[48;2;0;0;0m▀[0m[38;2;145;165;177m[48;2;0;0;0m▀[0m[38;2;221;247;247m[48;2;0;0;0m▀[0m[38;2;84;108;116m[48;2;56;63;64m▀[0m[38;2;0;24;33m[48;2;14;27;27m▀[0m[38;2;2;31;45m[48;2;0;0;0m▀[0m[38;2;129;151;160m[48;2;3;14;26m▀[0m[38;2;169;197;212m[48;2;117;149;159m▀[0m[38;2;173;196;212m[48;2;160;190;203m▀[0m[38;2;156;179;190m[48;2;175;199;211m▀[0m[38;2;152;175;186m[48;2;164;187;197m▀[0m[38;2;151;172;183m[48;2;157;178;189m▀[0m
[38;2;190;211;227m[48;2;76;105;114m▀[0m[38;2;190;210;226m[48;2;51;68;76m▀[0m[38;2;177;198;213m[48;2;56;77;89m▀[0m[38;2;144;174;192m[48;2;78;104;118m▀[0m[38;2;141;175;194m[48;2;28;34;38m▀[0m[38;2;98;125;134m[48;2;0;0;0m▀[0m[38;2;0;0;0m[48;2;0;0;0m▀[0m[38;2;0;0;0m[48;2;6;21;27m▀[0m[38;2;0;35;43m[48;2;10;20;29m▀[0m[38;2;6;51;63m[48;2;20;79;91m▀[0m[38;2;8;6;9m[48;2;10;16;24m▀[0m[38;2;2;32;35m[48;2;10;43;52m▀[0m[38;2;17;64;79m[48;2;18;50;60m▀[0m[38;2;0;0;0m[48;2;0;0;0m▀[0m[38;2;0;0;0m[48;2;7;18;22m▀[0m[38;2;0;0;0m[48;2;0;0;0m▀[0m[38;2;0;0;0m[48;2;0;0;0m▀[0m[38;2;0;17;27m[48;2;0;0;0m▀[0m[38;2;99;123;141m[48;2;96;114;119m▀[0m[38;2;55;60;65m[48;2;170;199;205m▀[0m[38;2;98;116;122m[48;2;189;216;230m▀[0m[38;2;191;225;233m[48;2;160;183;194m▀[0m[38;2;191;218;228m[48;2;161;183;194m▀[0m[38;2;179;207;215m[48;2;156;181;196m▀[0m[38;2;175;202;216m[48;2;146;180;195m▀[0m[38;2;159;189;204m[48;2;97;126;137m▀[0m[38;2;94;132;147m[48;2;216;217;213m▀[0m[38;2;54;86;95m[48;2;247;247;247m▀[0m[38;2;226;227;225m[48;2;247;247;247m▀[0m[38;2;247;247;247m[48;2;247;247;247m▀[0m[38;2;247;247;247m[48;2;247;247;247m▀[0m[38;2;247;247;247m[48;2;247;247;247m▀[0m[38;2;51;58;62m[48;2;242;245;242m▀[0m[38;2;174;177;177m[48;2;247;247;247m▀[0m[38;2;81;78;78m[48;2;218;216;214m▀[0m[38;2;0;10;21m[48;2;206;200;197m▀[0m[38;2;156;162;165m[48;2;224;223;217m▀[0m[38;2;247;247;247m[48;2;231;229;225m▀[0m[38;2;247;247;247m[48;2;247;247;247m▀[0m[38;2;247;247;247m[48;2;247;247;247m▀[0m[38;2;247;247;247m[48;2;247;247;247m▀[0m[38;2;124;132;132m[48;2;247;241;237m▀[0m[38;2;91;112;123m[48;2;246;239;234m▀[0m[38;2;0;0;0m[48;2;247;247;247m▀[0m[38;2;0;0;0m[48;2;247;247;247m▀[0m[38;2;247;247;247m[48;2;247;247;247m▀[0m[38;2;247;247;247m[48;2;247;247;247m▀[0m[38;2;0;0;0m[48;2;151;153;154m▀[0m[38;2;47;85;97m[48;2;0;25;41m▀[0m[38;2;31;71;88m[48;2;56;79;87m▀[0m[38;2;247;247;247m[48;2;247;247;247m▀[0m[38;2;110;124;129m[48;2;49;68;75m▀[0m[38;2;14;40;54m[48;2;129;161;177m▀[0m[38;2;91;109;118m[48;2;172;202;220m▀[0m[38;2;104;128;140m[48;2;187;212;227m▀[0m[38;2;81;102;113m[48;2;182;205;220m▀[0m[38;2;47;68;79m[48;2;140;162;171m▀[0m[38;2;84;110;125m[48;2;64;82;91m▀[0m[38;2;62;79;89m[48;2;64;87;98m▀[0m[38;2;0;0;0m[48;2;80;97;104m▀[0m[38;2;0;0;0m[48;2;0;4;7m▀[0m[38;2;6;23;27m[48;2;0;0;0m▀[0m[38;2;0;0;0m[48;2;2;1;0m▀[0m[38;2;12;39;49m[48;2;0;0;0m▀[0m[38;2;0;14;16m[48;2;17;56;70m▀[0m[38;2;0;5;8m[48;2;0;0;0m▀[0m[38;2;0;0;0m[48;2;14;32;44m▀[0m[38;2;0;0;0m[48;2;0;0;1m▀[0m[38;2;0;1;6m[48;2;56;88;100m▀[0m[38;2;0;8;15m[48;2;26;66;84m▀[0m[38;2;0;0;0m[48;2;0;0;0m▀[0m[38;2;0;0;0m[48;2;0;0;0m▀[0m[38;2;92;125;140m[48;2;0;0;0m▀[0m[38;2;151;184;197m[48;2;52;78;89m▀[0m[38;2;155;184;194m[48;2;121;155;173m▀[0m[38;2;176;200;208m[48;2;166;196;208m▀[0m
[38;2;17;39;46m[48;2;79;96;100m▀[0m[38;2;0;0;0m[48;2;50;66;71m▀[0m[38;2;0;0;0m[48;2;0;0;0m▀[0m[38;2;0;0;0m[48;2;0;2;5m▀[0m[38;2;0;0;0m[48;2;22;46;60m▀[0m[38;2;3;27;36m[48;2;5;23;29m▀[0m[38;2;4;20;20m[48;2;23;55;64m▀[0m[38;2;0;0;0m[48;2;2;2;0m▀[0m[38;2;14;24;32m[48;2;23;61;78m▀[0m[38;2;8;29;31m[48;2;32;74;97m▀[0m[38;2;5;25;33m[48;2;7;20;30m▀[0m[38;2;17;54;64m[48;2;17;50;63m▀[0m[38;2;3;10;13m[48;2;0;0;0m▀[0m[38;2;0;3;4m[48;2;6;14;19m▀[0m[38;2;4;24;28m[48;2;0;17;21m▀[0m[38;2;0;0;0m[48;2;0;0;0m▀[0m[38;2;0;0;0m[48;2;85;111;123m▀[0m[38;2;112;134;142m[48;2;157;189;204m▀[0m[38;2;214;244;247m[48;2;146;168;177m▀[0m[38;2;169;196;207m[48;2;168;190;202m▀[0m[38;2;146;176;188m[48;2;173;205;217m▀[0m[38;2;158;180;194m[48;2;133;161;175m▀[0m[38;2;126;155;166m[48;2;174;172;169m▀[0m[38;2;129;152;161m[48;2;247;238;228m▀[0m[38;2;133;153;160m[48;2;209;201;194m▀[0m[38;2;181;170;166m[48;2;197;203;207m▀[0m[38;2;247;247;247m[48;2;129;157;168m▀[0m[38;2;110;118;121m[48;2;132;168;191m▀[0m[38;2;163;175;183m[48;2;85;118;140m▀[0m[38;2;144;154;161m[48;2;101;108;112m▀[0m[38;2;194;196;197m[48;2;229;226;226m▀[0m[38;2;197;199;197m[48;2;238;231;227m▀[0m[38;2;194;194;192m[48;2;216;215;206m▀[0m[38;2;247;247;247m[48;2;247;247;247m▀[0m[38;2;247;247;247m[48;2;225;224;219m▀[0m[38;2;247;247;247m[48;2;169;169;167m▀[0m[38;2;178;179;175m[48;2;172;179;179m▀[0m[38;2;247;247;247m[48;2;169;173;177m▀[0m[38;2;247;247;247m[48;2;179;191;196m▀[0m[38;2;247;247;247m[48;2;188;195;198m▀[0m[38;2;247;247;247m[48;2;207;209;209m▀[0m[38;2;247;247;247m[48;2;245;241;238m▀[0m[38;2;228;222;219m[48;2;238;232;229m▀[0m[38;2;247;247;247m[48;2;163;169;168m▀[0m[38;2;247;247;247m[48;2;129;134;134m▀[0m[38;2;247;247;247m[48;2;149;157;159m▀[0m[38;2;247;247;244m[48;2;234;235;228m▀[0m[38;2;247;247;247m[48;2;247;247;247m▀[0m[38;2;122;125;127m[48;2;247;247;247m▀[0m[38;2;195;198;197m[48;2;247;247;247m▀[0m[38;2;198;191;186m[48;2;247;247;247m▀[0m[38;2;45;79;91m[48;2;247;241;236m▀[0m[38;2;165;202;218m[48;2;100;113;113m▀[0m[38;2;162;186;202m[48;2;139;166;181m▀[0m[38;2;157;181;194m[48;2;160;184;195m▀[0m[38;2;161;188;199m[48;2;164;188;198m▀[0m[38;2;178;208;218m[48;2;161;186;197m▀[0m[38;2;176;205;213m[48;2;164;192;202m▀[0m[38;2;90;113;126m[48;2;186;218;227m▀[0m[38;2;21;33;41m[48;2;125;153;167m▀[0m[38;2;16;25;27m[48;2;0;0;0m▀[0m[38;2;0;8;15m[48;2;0;10;16m▀[0m[38;2;0;0;0m[48;2;0;6;9m▀[0m[38;2;0;0;0m[48;2;2;5;6m▀[0m[38;2;13;39;50m[48;2;4;10;14m▀[0m[38;2;4;21;27m[48;2;9;32;39m▀[0m[38;2;14;44;56m[48;2;2;16;16m▀[0m[38;2;0;0;0m[48;2;2;9;13m▀[0m[38;2;129;162;173m[48;2;176;220;232m▀[0m[38;2;1;12;15m[48;2;0;0;0m▀[0m[38;2;0;0;0m[48;2;0;0;0m▀[0m[38;2;8;16;20m[48;2;19;45;57m▀[0m[38;2;0;0;0m[48;2;0;0;1m▀[0m[38;2;0;0;0m[48;2;0;0;0m▀[0m[38;2;7;18;24m[48;2;0;0;0m▀[0m[38;2;85;113;127m[48;2;0;0;0m▀[0m
[38;2;38;46;49m[48;2;0;0;0m▀[0m[38;2;4;8;11m[48;2;0;0;0m▀[0m[38;2;0;0;0m[48;2;6;15;19m▀[0m[38;2;0;0;0m[48;2;0;0;0m▀[0m[38;2;21;44;54m[48;2;12;32;36m▀[0m[38;2;8;20;24m[48;2;14;32;39m▀[0m[38;2;36;75;87m[48;2;50;97;113m▀[0m[38;2;10;17;18m[48;2;26;48;54m▀[0m[38;2;32;73;98m[48;2;12;21;28m▀[0m[38;2;13;21;30m[48;2;0;0;0m▀[0m[38;2;6;17;19m[48;2;9;27;32m▀[0m[38;2;12;34;42m[48;2;16;35;42m▀[0m[38;2;0;0;0m[48;2;0;0;4m▀[0m[38;2;14;27;37m[48;2;0;0;0m▀[0m[38;2;0;0;0m[48;2;0;0;0m▀[0m[38;2;58;79;84m[48;2;68;85;89m▀[0m[38;2;109;137;151m[48;2;130;152;162m▀[0m[38;2;123;142;151m[48;2;205;233;247m▀[0m[38;2;187;215;228m[48;2;102;121;132m▀[0m[38;2;171;194;207m[48;2;10;18;23m▀[0m[38;2;121;142;159m[48;2;71;89;90m▀[0m[38;2;41;59;70m[48;2;193;205;206m▀[0m[38;2;125;126;123m[48;2;182;209;219m▀[0m[38;2;151;168;173m[48;2;147;177;191m▀[0m[38;2;130;161;170m[48;2;128;151;163m▀[0m[38;2;136;166;185m[48;2;160;188;205m▀[0m[38;2;166;199;222m[48;2;34;52;60m▀[0m[38;2;84;116;131m[48;2;33;42;41m▀[0m[38;2;56;64;64m[48;2;184;187;180m▀[0m[38;2;247;247;240m[48;2;180;194;196m▀[0m[38;2;216;218;216m[48;2;113;147;166m▀[0m[38;2;186;194;197m[48;2;126;162;178m▀[0m[38;2;134;149;151m[48;2;116;151;165m▀[0m[38;2;112;124;131m[48;2;120;154;170m▀[0m[38;2;76;95;106m[48;2;152;182;194m▀[0m[38;2;101;128;138m[48;2;157;184;197m▀[0m[38;2;99;134;147m[48;2;158;193;201m▀[0m[38;2;40;66;80m[48;2;158;185;195m▀[0m[38;2;5;26;41m[48;2;101;121;131m▀[0m[38;2;46;71;93m[48;2;125;146;157m▀[0m[38;2;84;112;129m[48;2;152;179;191m▀[0m[38;2;99;132;141m[48;2;150;180;193m▀[0m[38;2;80;113;124m[48;2;156;181;196m▀[0m[38;2;93;126;139m[48;2;152;180;197m▀[0m[38;2;101;134;150m[48;2;150;177;189m▀[0m[38;2;85;122;137m[48;2;150;180;190m▀[0m[38;2;131;155;169m[48;2;134;168;183m▀[0m[38;2;142;148;147m[48;2;151;182;202m▀[0m[38;2;29;32;26m[48;2;113;118;123m▀[0m[38;2;127;146;151m[48;2;28;42;47m▀[0m[38;2;207;214;217m[48;2;113;151;168m▀[0m[38;2;247;247;247m[48;2;134;167;181m▀[0m[38;2;139;143;139m[48;2;128;161;172m▀[0m[38;2;76;99;106m[48;2;75;102;120m▀[0m[38;2;160;187;200m[48;2;116;142;156m▀[0m[38;2;129;153;163m[48;2;119;145;153m▀[0m[38;2;152;174;185m[48;2;68;88;95m▀[0m[38;2;173;197;211m[48;2;76;88;96m▀[0m[38;2;174;200;212m[48;2;147;168;180m▀[0m[38;2;192;226;244m[48;2;182;214;224m▀[0m[38;2;79;97;110m[48;2;156;186;199m▀[0m[38;2;0;0;0m[48;2;31;38;45m▀[0m[38;2;14;27;34m[48;2;9;24;34m▀[0m[38;2;2;11;11m[48;2;7;13;17m▀[0m[38;2;2;8;8m[48;2;0;0;0m▀[0m[38;2;16;33;45m[48;2;25;52;66m▀[0m[38;2;0;9;6m[48;2;0;0;0m▀[0m[38;2;7;6;4m[48;2;7;1;0m▀[0m[38;2;38;47;53m[48;2;88;121;129m▀[0m[38;2;10;28;37m[48;2;0;0;6m▀[0m[38;2;0;16;22m[48;2;11;26;37m▀[0m[38;2;24;51;64m[48;2;23;50;61m▀[0m[38;2;6;17;21m[48;2;20;49;57m▀[0m[38;2;0;0;0m[48;2;2;3;0m▀[0m[38;2;0;0;0m[48;2;0;0;0m▀[0m[38;2;0;0;0m[48;2;0;0;0m▀[0m
