[38;2;49;56;56m[48;2;31;30;29m▀[0m[38;2;51;59;57m[48;2;38;41;39m▀[0m[38;2;53;53;51m[48;2;26;24;24m▀[0m[38;2;81;88;86m[48;2;34;31;30m▀[0m[38;2;74;75;74m[48;2;81;83;83m▀[0m[38;2;73;78;74m[48;2;124;135;135m▀[0m[38;2;107;116;115m[48;2;116;130;129m▀[0m[38;2;115;127;127m[48;2;133;148;147m▀[0m[38;2;130;143;144m[48;2;146;165;165m▀[0m[38;2;74;82;81m[48;2;110;124;123m▀[0m[38;2;83;91;89m[48;2;66;71;71m▀[0m[38;2;132;149;146m[48;2;148;167;165m▀[0m[38;2;124;141;140m[48;2;128;152;150m▀[0m[38;2;126;145;145m[48;2;130;151;149m▀[0m[38;2;126;145;143m[48;2;129;150;148m▀[0m[38;2;133;147;145m[48;2;132;151;149m▀[0m[38;2;118;136;133m[48;2;137;157;151m▀[0m[38;2;0;0;0m[48;2;66;74;71m▀[0m[38;2;227;255;255m[48;2;255;255;255m▀[0m[38;2;255;255;255m[48;2;255;255;255m▀[0m[38;2;0;0;0m[48;2;0;0;0m▀[0m[38;2;50;67;67m[48;2;9;11;11m▀[0m[38;2;64;78;78m[48;2;105;118;118m▀[0m[38;2;0;0;0m[48;2;0;0;0m▀[0m[38;2;0;0;0m[48;2;0;0;0m▀[0m[38;2;0;0;0m[48;2;0;0;0m▀[0m[38;2;0;0;0m[48;2;0;0;0m▀[0m[38;2;0;0;0m[48;2;0;0;0m▀[0m[38;2;0;0;0m[48;2;0;0;0m▀[0m[38;2;145;172;170m[48;2;207;247;245m▀[0m[38;2;146;168;162m[48;2;139;158;156m▀[0m[38;2;127;147;145m[48;2;136;158;156m▀[0m[38;2;126;144;140m[48;2;134;152;150m▀[0m[38;2;129;145;146m[48;2;134;154;151m▀[0m[38;2;125;143;136m[48;2;128;146;144m▀[0m[38;2;203;234;231m[48;2;218;253;249m▀[0m[38;2;25;34;29m[48;2;116;138;136m▀[0m[38;2;0;0;0m[48;2;0;0;0m▀[0m[38;2;72;92;94m[48;2;103;124;124m▀[0m[38;2;0;0;0m[48;2;113;130;126m▀[0m[38;2;0;0;0m[48;2;0;0;0m▀[0m[38;2;0;0;0m[48;2;0;0;0m▀[0m[38;2;0;0;0m[48;2;88;110;114m▀[0m[38;2;0;0;0m[48;2;64;74;74m▀[0m[38;2;0;0;0m[48;2;46;52;51m▀[0m[38;2;46;53;53m[48;2;166;194;194m▀[0m[38;2;34;48;49m[48;2;0;0;0m▀[0m[38;2;0;0;0m[48;2;0;0;0m▀[0m[38;2;192;227;222m[48;2;212;249;247m▀[0m[38;2;146;167;165m[48;2;146;169;169m▀[0m[38;2;128;146;144m[48;2;136;151;149m▀[0m[38;2;128;144;139m[48;2;133;151;149m▀[0m[38;2;126;145;143m[48;2;132;150;149m▀[0m[38;2;119;132;129m[48;2;133;149;147m▀[0m[38;2;178;203;202m[48;2;185;217;214m▀[0m[38;2;35;44;44m[48;2;111;136;136m▀[0m[38;2;0;0;0m[48;2;0;0;0m▀[0m[38;2;0;0;0m[48;2;0;0;0m▀[0m[38;2;0;0;0m[48;2;0;0;0m▀[0m[38;2;0;0;0m[48;2;0;0;0m▀[0m[38;2;0;0;0m[48;2;0;0;0m▀[0m[38;2;179;213;210m[48;2;222;255;255m▀[0m[38;2;92;110;106m[48;2;57;72;71m▀[0m[38;2;143;161;158m[48;2;119;137;134m▀[0m[38;2;117;129;127m[48;2;136;152;150m▀[0m[38;2;101;111;111m[48;2;117;135;135m▀[0m[38;2;176;196;194m[48;2;196;223;222m▀[0m[38;2;106;119;115m[48;2;140;157;155m▀[0m[38;2;88;93;91m[48;2;96;104;102m▀[0m[38;2;96;106;105m[48;2;96;103;102m▀[0m[38;2;96;102;103m[48;2;103;113;112m▀[0m[38;2;86;92;91m[48;2;119;134;135m▀[0m[38;2;55;53;52m[48;2;137;157;156m▀[0m[38;2;63;67;67m[48;2;130;149;148m▀[0m[38;2;84;90;88m[48;2;107;122;116m▀[0m[38;2;74;80;79m[48;2;66;73;72m▀[0m
[38;2;99;114;108m[48;2;117;143;139m▀[0m[38;2;100;114;110m[48;2;116;136;134m▀[0m[38;2;107;127;122m[48;2;140;163;162m▀[0m[38;2;88;110;104m[48;2;118;138;137m▀[0m[38;2;69;81;80m[48;2;133;160;160m▀[0m[38;2;77;83;84m[48;2;112;127;127m▀[0m[38;2;151;177;173m[48;2;58;67;66m▀[0m[38;2;163;187;179m[48;2;157;187;185m▀[0m[38;2;140;158;154m[48;2;177;209;206m▀[0m[38;2;140;157;155m[48;2;130;149;144m▀[0m[38;2;56;61;61m[48;2;97;110;107m▀[0m[38;2;143;162;160m[48;2;135;155;152m▀[0m[38;2;134;159;157m[48;2;139;159;157m▀[0m[38;2;135;156;154m[48;2;139;159;157m▀[0m[38;2;135;155;154m[48;2;139;160;157m▀[0m[38;2;135;156;154m[48;2;139;160;157m▀[0m[38;2;143;166;161m[48;2;138;159;157m▀[0m[38;2;92;107;102m[48;2;132;151;148m▀[0m[38;2;179;207;205m[48;2;180;218;217m▀[0m[38;2;255;255;255m[48;2;234;255;255m▀[0m[38;2;0;0;0m[48;2;0;0;0m▀[0m[38;2;0;0;0m[48;2;0;0;0m▀[0m[38;2;129;147;145m[48;2;100;121;116m▀[0m[38;2;0;0;0m[48;2;0;0;0m▀[0m[38;2;0;0;0m[48;2;0;0;0m▀[0m[38;2;0;0;0m[48;2;0;0;0m▀[0m[38;2;0;0;0m[48;2;0;0;0m▀[0m[38;2;0;0;0m[48;2;0;0;0m▀[0m[38;2;59;75;75m[48;2;129;158;158m▀[0m[38;2;214;255;254m[48;2;196;232;231m▀[0m[38;2;135;152;149m[48;2;134;155;152m▀[0m[38;2;136;157;155m[48;2;139;160;158m▀[0m[38;2;132;152;155m[48;2;136;155;152m▀[0m[38;2;137;157;156m[48;2;138;158;154m▀[0m[38;2;126;143;143m[48;2;127;145;140m▀[0m[38;2;225;255;255m[48;2;234;255;255m▀[0m[38;2;148;174;174m[48;2;145;171;169m▀[0m[38;2;0;0;0m[48;2;0;0;0m▀[0m[38;2;0;0;0m[48;2;0;0;0m▀[0m[38;2;59;89;83m[48;2;133;126;124m▀[0m[38;2;236;255;255m[48;2;255;255;255m▀[0m[38;2;172;212;213m[48;2;128;128;125m▀[0m[38;2;255;255;255m[48;2;255;255;255m▀[0m[38;2;255;255;255m[48;2;166;194;196m▀[0m[38;2;199;228;227m[48;2;0;0;0m▀[0m[38;2;0;0;0m[48;2;0;0;0m▀[0m[38;2;0;0;0m[48;2;0;0;0m▀[0m[38;2;0;0;0m[48;2;0;0;0m▀[0m[38;2;227;255;255m[48;2;238;255;255m▀[0m[38;2;145;166;166m[48;2;147;166;166m▀[0m[38;2;135;155;154m[48;2;139;157;156m▀[0m[38;2;134;155;154m[48;2;133;156;152m▀[0m[38;2;134;154;152m[48;2;130;155;152m▀[0m[38;2;136;156;154m[48;2;139;158;156m▀[0m[38;2;166;190;188m[48;2;149;166;161m▀[0m[38;2;189;228;227m[48;2;235;255;255m▀[0m[38;2;0;0;0m[48;2;0;0;0m▀[0m[38;2;0;0;0m[48;2;0;0;0m▀[0m[38;2;0;0;0m[48;2;0;0;0m▀[0m[38;2;0;0;0m[48;2;0;0;0m▀[0m[38;2;0;0;0m[48;2;0;0;0m▀[0m[38;2;255;255;255m[48;2;204;229;231m▀[0m[38;2;184;210;211m[48;2;255;255;255m▀[0m[38;2;130;157;156m[48;2;140;159;158m▀[0m[38;2;128;140;138m[48;2;129;147;141m▀[0m[38;2;155;187;182m[48;2;176;205;203m▀[0m[38;2;179;213;211m[48;2;137;169;166m▀[0m[38;2;144;161;159m[48;2;139;160;155m▀[0m[38;2;111;123;122m[48;2;149;170;169m▀[0m[38;2;124;139;139m[48;2;96;112;112m▀[0m[38;2;146;176;174m[48;2;82;102;101m▀[0m[38;2;141;176;174m[48;2;104;128;127m▀[0m[38;2;112;133;132m[48;2;108;126;127m▀[0m[38;2;82;101;102m[48;2;130;149;151m▀[0m[38;2;90;106;106m[48;2;147;168;169m▀[0m[38;2;91;107;108m[48;2;145;165;163m▀[0m
[38;2;129;152;151m[48;2;124;146;143m▀[0m[38;2;132;154;154m[48;2;141;166;166m▀[0m[38;2;144;170;169m[48;2;114;134;133m▀[0m[38;2;137;160;162m[48;2;111;129;132m▀[0m[38;2;126;149;148m[48;2;146;176;172m▀[0m[38;2;161;192;190m[48;2;151;180;176m▀[0m[38;2;143;167;159m[48;2;151;180;176m▀[0m[38;2;78;95;95m[48;2;147;172;169m▀[0m[38;2;211;249;251m[48;2;158;187;184m▀[0m[38;2;237;255;255m[48;2;242;255;255m▀[0m[38;2;138;161;159m[48;2;171;205;207m▀[0m[38;2;140;162;159m[48;2;135;157;152m▀[0m[38;2;140;162;160m[48;2;146;169;167m▀[0m[38;2;141;165;162m[48;2;144;168;166m▀[0m[38;2;143;165;162m[48;2;146;169;166m▀[0m[38;2;144;165;162m[48;2;146;169;166m▀[0m[38;2;143;165;162m[48;2;146;169;167m▀[0m[38;2;140;162;157m[48;2;145;167;163m▀[0m[38;2;159;184;183m[48;2;178;203;200m▀[0m[38;2;207;237;238m[48;2;160;190;189m▀[0m[38;2;0;0;0m[48;2;2;0;1m▀[0m[38;2;161;185;184m[48;2;255;255;255m▀[0m[38;2;86;106;103m[48;2;84;96;94m▀[0m[38;2;3;3;3m[48;2;25;29;29m▀[0m[38;2;0;0;0m[48;2;0;0;0m▀[0m[38;2;0;0;0m[48;2;0;0;0m▀[0m[38;2;0;0;0m[48;2;0;0;0m▀[0m[38;2;0;0;0m[48;2;0;0;0m▀[0m[38;2;188;223;224m[48;2;227;255;255m▀[0m[38;2;178;207;203m[48;2;162;189;184m▀[0m[38;2;130;150;147m[48;2;130;149;145m▀[0m[38;2;173;195;193m[48;2;218;244;246m▀[0m[38;2;183;202;202m[48;2;184;210;210m▀[0m[38;2;130;147;143m[48;2;124;145;140m▀[0m[38;2;133;149;147m[48;2;130;152;150m▀[0m[38;2;247;255;255m[48;2;255;255;255m▀[0m[38;2;128;152;150m[48;2;81;100;102m▀[0m[38;2;0;0;0m[48;2;0;0;0m▀[0m[38;2;0;0;0m[48;2;0;0;0m▀[0m[38;2;148;91;83m[48;2;149;52;39m▀[0m[38;2;203;118;111m[48;2;222;189;190m▀[0m[38;2;141;140;132m[48;2;179;173;171m▀[0m[38;2;207;185;184m[48;2;202;128;117m▀[0m[38;2;39;25;28m[48;2;0;0;0m▀[0m[38;2;2;14;15m[48;2;6;30;31m▀[0m[38;2;40;48;46m[48;2;255;255;255m▀[0m[38;2;0;0;0m[48;2;0;0;0m▀[0m[38;2;0;0;0m[48;2;0;0;0m▀[0m[38;2;240;255;255m[48;2;236;255;255m▀[0m[38;2;148;168;166m[48;2;147;168;166m▀[0m[38;2;143;162;160m[48;2;146;168;165m▀[0m[38;2;139;156;155m[48;2;132;149;145m▀[0m[38;2;183;215;211m[48;2;218;249;247m▀[0m[38;2;143;159;155m[48;2;151;173;170m▀[0m[38;2;140;155;152m[48;2;139;155;150m▀[0m[38;2;236;255;255m[48;2;220;255;249m▀[0m[38;2;59;71;70m[48;2;124;148;149m▀[0m[38;2;0;0;0m[48;2;0;0;0m▀[0m[38;2;0;0;0m[48;2;0;0;0m▀[0m[38;2;0;0;0m[48;2;0;0;0m▀[0m[38;2;5;9;7m[48;2;25;35;33m▀[0m[38;2;166;185;187m[48;2;103;119;121m▀[0m[38;2;255;255;255m[48;2;254;255;255m▀[0m[38;2;130;150;147m[48;2;137;160;156m▀[0m[38;2;143;163;160m[48;2;151;173;171m▀[0m[38;2;159;185;185m[48;2;141;166;161m▀[0m[38;2;129;159;157m[48;2;134;161;157m▀[0m[38;2;160;179;176m[48;2;188;215;215m▀[0m[38;2;102;115;114m[48;2;195;234;235m▀[0m[38;2;134;165;165m[48;2;184;221;218m▀[0m[38;2;162;196;193m[48;2;145;165;162m▀[0m[38;2;163;192;190m[48;2;145;169;167m▀[0m[38;2;150;177;174m[48;2;147;174;171m▀[0m[38;2;133;155;152m[48;2;148;178;173m▀[0m[38;2;128;145;143m[48;2;132;154;151m▀[0m[38;2;127;147;146m[48;2;128;150;148m▀[0m
[38;2;138;161;159m[48;2;148;179;176m▀[0m[38;2;155;182;180m[48;2;152;181;177m▀[0m[38;2;126;147;147m[48;2;152;179;177m▀[0m[38;2;110;129;129m[48;2;154;182;178m▀[0m[38;2;149;180;178m[48;2;150;179;172m▀[0m[38;2;151;179;176m[48;2;152;177;173m▀[0m[38;2;148;173;169m[48;2;152;177;172m▀[0m[38;2;149;169;165m[48;2;152;178;173m▀[0m[38;2;151;171;167m[48;2;146;167;160m▀[0m[38;2;127;147;144m[48;2;192;223;218m▀[0m[38;2;137;161;162m[48;2;97;117;115m▀[0m[38;2;146;168;167m[48;2;129;151;151m▀[0m[38;2;147;168;165m[48;2;163;185;183m▀[0m[38;2;148;171;168m[48;2;156;174;171m▀[0m[38;2;149;172;169m[48;2;151;174;171m▀[0m[38;2;148;172;169m[48;2;151;176;171m▀[0m[38;2;149;172;169m[48;2;152;176;172m▀[0m[38;2;147;169;166m[48;2;148;171;168m▀[0m[38;2;196;228;225m[48;2;207;242;238m▀[0m[38;2;86;106;103m[48;2;0;0;0m▀[0m[38;2;80;84;84m[48;2;216;243;245m▀[0m[38;2;255;255;255m[48;2;180;203;205m▀[0m[38;2;61;72;70m[48;2;27;41;39m▀[0m[38;2;47;53;53m[48;2;23;31;29m▀[0m[38;2;0;0;0m[48;2;0;0;0m▀[0m[38;2;0;0;0m[48;2;0;0;0m▀[0m[38;2;0;0;0m[48;2;0;0;0m▀[0m[38;2;30;33;36m[48;2;99;114;114m▀[0m[38;2;250;255;255m[48;2;255;255;255m▀[0m[38;2;148;173;168m[48;2;144;167;163m▀[0m[38;2;140;156;152m[48;2;149;170;167m▀[0m[38;2;228;255;255m[48;2;212;242;243m▀[0m[38;2;160;184;182m[48;2;147;169;166m▀[0m[38;2;132;149;145m[48;2;137;156;151m▀[0m[38;2;146;173;171m[48;2;166;203;196m▀[0m[38;2;198;240;237m[48;2;138;174;173m▀[0m[38;2;173;194;198m[48;2;255;255;255m▀[0m[38;2;215;234;237m[48;2;236;255;255m▀[0m[38;2;46;56;53m[48;2;0;0;0m▀[0m[38;2;128;12;0m[48;2;104;0;0m▀[0m[38;2;242;249;255m[48;2;143;145;146m▀[0m[38;2;86;102;99m[48;2;222;192;192m▀[0m[38;2;110;23;4m[48;2;14;0;0m▀[0m[38;2;0;0;0m[48;2;255;255;255m▀[0m[38;2;238;255;255m[48;2;255;255;255m▀[0m[38;2;255;255;255m[48;2;255;255;255m▀[0m[38;2;46;51;53m[48;2;152;168;168m▀[0m[38;2;0;0;0m[48;2;0;0;0m▀[0m[38;2;233;255;255m[48;2;222;255;255m▀[0m[38;2;148;171;169m[48;2;155;176;173m▀[0m[38;2;148;171;168m[48;2;150;174;170m▀[0m[38;2;127;149;146m[48;2;134;156;152m▀[0m[38;2;213;243;243m[48;2;189;221;218m▀[0m[38;2;170;195;191m[48;2;181;210;207m▀[0m[38;2;135;155;150m[48;2;139;158;154m▀[0m[38;2;202;233;231m[48;2;187;214;212m▀[0m[38;2;182;216;215m[48;2;215;255;255m▀[0m[38;2;0;0;0m[48;2;0;0;0m▀[0m[38;2;0;0;0m[48;2;0;0;0m▀[0m[38;2;0;0;0m[48;2;0;0;0m▀[0m[38;2;25;33;34m[48;2;38;47;51m▀[0m[38;2;35;44;45m[48;2;0;0;0m▀[0m[38;2;248;255;255m[48;2;218;255;255m▀[0m[38;2;151;173;171m[48;2;179;204;202m▀[0m[38;2;162;180;179m[48;2;156;174;171m▀[0m[38;2;126;148;144m[48;2;157;188;183m▀[0m[38;2;148;180;177m[48;2;132;150;149m▀[0m[38;2;157;182;181m[48;2;188;214;216m▀[0m[38;2;223;255;255m[48;2;179;214;212m▀[0m[38;2;135;157;154m[48;2;139;161;155m▀[0m[38;2;150;174;168m[48;2;152;178;170m▀[0m[38;2;149;174;171m[48;2;151;177;173m▀[0m[38;2;146;172;169m[48;2;150;176;172m▀[0m[38;2;147;171;169m[48;2;150;177;172m▀[0m[38;2;146;169;167m[48;2;151;180;173m▀[0m[38;2;144;168;166m[48;2;151;180;177m▀[0m
[38;2;154;179;176m[48;2;157;182;180m▀[0m[38;2;158;183;177m[48;2;157;182;179m▀[0m[38;2;154;179;174m[48;2;157;181;178m▀[0m[38;2;154;179;174m[48;2;157;181;178m▀[0m[38;2;154;178;174m[48;2;157;181;178m▀[0m[38;2;155;179;176m[48;2;157;182;178m▀[0m[38;2;155;180;177m[48;2;158;182;179m▀[0m[38;2;156;181;177m[48;2;157;182;179m▀[0m[38;2;147;168;163m[48;2;155;174;172m▀[0m[38;2;199;234;229m[48;2;189;224;218m▀[0m[38;2;123;144;144m[48;2;179;205;207m▀[0m[38;2;48;59;59m[48;2;0;0;0m▀[0m[38;2;198;224;222m[48;2;203;231;228m▀[0m[38;2;159;182;179m[48;2;178;201;200m▀[0m[38;2;154;178;173m[48;2;156;179;176m▀[0m[38;2;155;179;174m[48;2;158;181;179m▀[0m[38;2;155;179;176m[48;2;157;181;178m▀[0m[38;2;160;185;181m[48;2;180;209;204m▀[0m[38;2;180;206;205m[48;2;137;165;163m▀[0m[38;2;0;0;0m[48;2;48;56;61m▀[0m[38;2;255;255;255m[48;2;255;255;255m▀[0m[38;2;44;50;52m[48;2;0;0;0m▀[0m[38;2;28;35;31m[48;2;36;45;45m▀[0m[38;2;12;14;14m[48;2;11;14;12m▀[0m[38;2;0;0;0m[48;2;0;0;0m▀[0m[38;2;0;0;0m[48;2;0;0;0m▀[0m[38;2;0;0;0m[48;2;0;0;0m▀[0m[38;2;182;212;215m[48;2;140;159;157m▀[0m[38;2;255;255;255m[48;2;210;245;244m▀[0m[38;2;147;169;167m[48;2;167;189;187m▀[0m[38;2;156;181;178m[48;2;156;181;178m▀[0m[38;2;171;200;195m[48;2;148;174;170m▀[0m[38;2;147;173;168m[48;2;155;183;180m▀[0m[38;2;140;168;163m[48;2;139;168;163m▀[0m[38;2;173;215;212m[48;2;205;255;255m▀[0m[38;2;147;182;185m[48;2;124;217;217m▀[0m[38;2;255;255;255m[48;2;205;255;255m▀[0m[38;2;255;255;255m[48;2;255;255;255m▀[0m[38;2;107;121;118m[48;2;205;254;250m▀[0m[38;2;64;0;0m[48;2;41;0;0m▀[0m[38;2;248;133;135m[48;2;141;84;82m▀[0m[38;2;238;110;112m[48;2;107;62;52m▀[0m[38;2;179;185;187m[48;2;255;255;255m▀[0m[38;2;255;255;255m[48;2;255;255;255m▀[0m[38;2;255;255;255m[48;2;255;255;255m▀[0m[38;2;255;255;255m[48;2;255;255;255m▀[0m[38;2;217;242;239m[48;2;60;91;89m▀[0m[38;2;0;0;0m[48;2;0;0;0m▀[0m[38;2;215;255;255m[48;2;242;255;255m▀[0m[38;2;161;187;183m[48;2;173;199;195m▀[0m[38;2;152;180;173m[48;2;158;183;176m▀[0m[38;2;145;166;162m[48;2;155;176;171m▀[0m[38;2;167;198;195m[48;2;152;177;174m▀[0m[38;2;180;210;209m[48;2;157;182;179m▀[0m[38;2;150;168;163m[48;2;156;179;176m▀[0m[38;2;180;202;200m[48;2;171;192;188m▀[0m[38;2;240;255;255m[48;2;255;255;255m▀[0m[38;2;0;0;0m[48;2;0;0;0m▀[0m[38;2;0;0;0m[48;2;0;0;0m▀[0m[38;2;0;0;0m[48;2;0;0;0m▀[0m[38;2;52;64;70m[48;2;85;108;111m▀[0m[38;2;0;0;0m[48;2;0;0;0m▀[0m[38;2;138;166;160m[48;2;25;30;28m▀[0m[38;2;218;251;248m[48;2;246;255;255m▀[0m[38;2;150;172;169m[48;2;157;181;176m▀[0m[38;2;187;212;210m[48;2;192;220;217m▀[0m[38;2;114;128;129m[48;2;123;141;141m▀[0m[38;2;209;244;246m[48;2;194;228;229m▀[0m[38;2;149;178;171m[48;2;146;174;166m▀[0m[38;2;151;173;170m[48;2;158;183;174m▀[0m[38;2;155;180;177m[48;2;157;182;179m▀[0m[38;2;155;180;177m[48;2;157;183;179m▀[0m[38;2;154;180;176m[48;2;157;182;179m▀[0m[38;2;154;179;174m[48;2;156;182;178m▀[0m[38;2;154;179;176m[48;2;157;181;178m▀[0m[38;2;154;179;176m[48;2;157;181;179m▀[0m
[38;2;160;187;184m[48;2;163;190;188m▀[0m[38;2;160;187;184m[48;2;162;189;188m▀[0m[38;2;159;185;184m[48;2;162;190;188m▀[0m[38;2;160;187;184m[48;2;162;190;187m▀[0m[38;2;160;187;183m[48;2;162;189;187m▀[0m[38;2;160;187;184m[48;2;162;189;187m▀[0m[38;2;159;185;182m[48;2;161;188;184m▀[0m[38;2;160;185;182m[48;2;162;189;187m▀[0m[38;2;159;184;182m[48;2;162;189;185m▀[0m[38;2;179;209;206m[48;2;168;193;192m▀[0m[38;2;216;255;255m[48;2;251;255;255m▀[0m[38;2;0;0;0m[48;2;0;0;0m▀[0m[38;2;160;188;187m[48;2;148;171;170m▀[0m[38;2;206;234;233m[48;2;231;255;255m▀[0m[38;2;157;182;179m[48;2;154;179;177m▀[0m[38;2;162;188;184m[48;2;163;191;188m▀[0m[38;2;156;180;176m[48;2;154;177;174m▀[0m[38;2;195;224;221m[48;2;201;231;229m▀[0m[38;2;115;144;139m[48;2;106;132;129m▀[0m[38;2;180;206;206m[48;2;233;255;255m▀[0m[38;2;255;255;255m[48;2;255;255;255m▀[0m[38;2;0;0;0m[48;2;141;160;162m▀[0m[38;2;13;23;20m[48;2;0;0;0m▀[0m[38;2;0;4;2m[48;2;0;0;0m▀[0m[38;2;0;0;0m[48;2;0;0;0m▀[0m[38;2;0;0;0m[48;2;0;0;0m▀[0m[38;2;0;0;0m[48;2;0;0;0m▀[0m[38;2;77;89;88m[48;2;45;57;56m▀[0m[38;2;193;228;227m[48;2;220;255;255m▀[0m[38;2;180;209;203m[48;2;180;211;204m▀[0m[38;2;160;187;183m[48;2;151;177;173m▀[0m[38;2;156;187;180m[48;2;159;183;183m▀[0m[38;2;146;171;169m[48;2;214;255;255m▀[0m[38;2;177;224;222m[48;2;159;224;227m▀[0m[38;2;178;254;254m[48;2;49;0;0m▀[0m[38;2;71;0;0m[48;2;129;0;0m▀[0m[38;2;119;0;0m[48;2;228;0;0m▀[0m[38;2;176;34;36m[48;2;255;0;0m▀[0m[38;2;126;206;207m[48;2;97;0;0m▀[0m[38;2;0;0;0m[48;2;50;0;0m▀[0m[38;2;255;69;67m[48;2;178;0;0m▀[0m[38;2;213;0;0m[48;2;173;0;0m▀[0m[38;2;114;210;215m[48;2;68;0;0m▀[0m[38;2;207;143;143m[48;2;226;0;0m▀[0m[38;2;152;0;0m[48;2;214;0;0m▀[0m[38;2;70;0;0m[48;2;200;0;0m▀[0m[38;2;0;0;0m[48;2;71;0;0m▀[0m[38;2;0;0;0m[48;2;0;0;0m▀[0m[38;2;184;224;222m[48;2;0;0;0m▀[0m[38;2;225;255;255m[48;2;255;255;255m▀[0m[38;2;154;177;174m[48;2;174;205;204m▀[0m[38;2;160;184;181m[48;2;160;181;179m▀[0m[38;2;158;183;177m[48;2;161;183;181m▀[0m[38;2;158;183;177m[48;2;157;183;180m▀[0m[38;2;159;188;181m[48;2;161;191;185m▀[0m[38;2;165;190;185m[48;2;166;187;184m▀[0m[38;2;255;255;255m[48;2;255;255;255m▀[0m[38;2;9;13;14m[48;2;30;37;38m▀[0m[38;2;0;0;0m[48;2;0;0;0m▀[0m[38;2;0;0;0m[48;2;0;0;0m▀[0m[38;2;84;100;97m[48;2;102;118;118m▀[0m[38;2;0;0;0m[48;2;0;0;0m▀[0m[38;2;0;0;0m[48;2;0;0;0m▀[0m[38;2;220;255;254m[48;2;151;179;179m▀[0m[38;2;182;209;205m[48;2;226;255;255m▀[0m[38;2;203;235;233m[48;2;209;245;240m▀[0m[38;2;127;147;147m[48;2;135;154;154m▀[0m[38;2;190;222;222m[48;2;195;224;223m▀[0m[38;2;150;177;170m[48;2;157;180;176m▀[0m[38;2;160;187;183m[48;2;165;191;189m▀[0m[38;2;160;187;184m[48;2;163;191;188m▀[0m[38;2;161;187;184m[48;2;163;190;188m▀[0m[38;2;160;185;183m[48;2;163;190;188m▀[0m[38;2;160;185;183m[48;2;163;190;188m▀[0m[38;2;160;187;183m[48;2;163;190;188m▀[0m[38;2;160;185;182m[48;2;162;190;187m▀[0m
[38;2;167;193;191m[48;2;169;196;193m▀[0m[38;2;166;194;191m[48;2;169;196;193m▀[0m[38;2;165;194;191m[48;2;169;196;193m▀[0m[38;2;166;193;191m[48;2;169;196;193m▀[0m[38;2;166;193;191m[48;2;169;196;193m▀[0m[38;2;166;193;190m[48;2;169;196;193m▀[0m[38;2;165;192;190m[48;2;169;196;192m▀[0m[38;2;166;193;191m[48;2;169;196;192m▀[0m[38;2;167;192;191m[48;2;170;195;193m▀[0m[38;2;163;184;182m[48;2;169;189;187m▀[0m[38;2;255;255;255m[48;2;227;255;255m▀[0m[38;2;25;34;36m[48;2;179;215;215m▀[0m[38;2;91;95;92m[48;2;0;0;0m▀[0m[38;2;255;255;255m[48;2;255;255;255m▀[0m[38;2;149;174;172m[48;2;156;181;179m▀[0m[38;2;168;193;191m[48;2;163;190;188m▀[0m[38;2;163;183;182m[48;2;172;193;190m▀[0m[38;2;183;216;215m[48;2;187;214;213m▀[0m[38;2;127;156;156m[48;2;167;198;199m▀[0m[38;2;178;210;212m[48;2;135;157;159m▀[0m[38;2;255;255;255m[48;2;255;255;255m▀[0m[38;2;255;255;255m[48;2;255;255;255m▀[0m[38;2;0;0;0m[48;2;37;47;47m▀[0m[38;2;2;7;5m[48;2;39;47;47m▀[0m[38;2;0;0;0m[48;2;0;0;0m▀[0m[38;2;0;0;0m[48;2;0;0;0m▀[0m[38;2;0;0;0m[48;2;0;0;0m▀[0m[38;2;8;15;14m[48;2;0;0;0m▀[0m[38;2;227;255;255m[48;2;255;255;255m▀[0m[38;2;185;216;213m[48;2;210;254;254m▀[0m[38;2;192;228;226m[48;2;117;145;146m▀[0m[38;2;176;216;217m[48;2;134;144;144m▀[0m[38;2;127;167;172m[48;2;227;233;234m▀[0m[38;2;106;128;132m[48;2;255;255;255m▀[0m[38;2;235;255;255m[48;2;255;255;255m▀[0m[38;2;255;255;255m[48;2;255;255;255m▀[0m[38;2;162;115;116m[48;2;243;245;247m▀[0m[38;2;255;0;0m[48;2;207;0;0m▀[0m[38;2;194;0;0m[48;2;52;0;0m▀[0m[38;2;209;0;0m[48;2;132;0;0m▀[0m[38;2;213;0;0m[48;2;25;0;0m▀[0m[38;2;216;0;0m[48;2;46;0;0m▀[0m[38;2;174;0;0m[48;2;8;0;0m▀[0m[38;2;162;0;0m[48;2;107;0;0m▀[0m[38;2;130;161;165m[48;2;180;255;255m▀[0m[38;2;255;255;255m[48;2;255;255;255m▀[0m[38;2;255;255;255m[48;2;255;255;255m▀[0m[38;2;4;16;14m[48;2;255;255;255m▀[0m[38;2;0;0;0m[48;2;158;165;161m▀[0m[38;2;101;126;126m[48;2;0;0;0m▀[0m[38;2;255;255;255m[48;2;193;229;234m▀[0m[38;2;154;177;178m[48;2;255;255;255m▀[0m[38;2;151;181;178m[48;2;149;174;171m▀[0m[38;2;159;185;183m[48;2;160;182;180m▀[0m[38;2;165;191;189m[48;2;169;194;192m▀[0m[38;2;166;189;189m[48;2;169;192;190m▀[0m[38;2;255;255;255m[48;2;255;255;255m▀[0m[38;2;49;62;63m[48;2;71;85;86m▀[0m[38;2;0;0;0m[48;2;0;0;0m▀[0m[38;2;0;0;0m[48;2;0;0;0m▀[0m[38;2;170;200;202m[48;2;188;212;212m▀[0m[38;2;85;97;97m[48;2;222;253;253m▀[0m[38;2;0;0;0m[48;2;0;0;0m▀[0m[38;2;68;80;80m[48;2;0;0;0m▀[0m[38;2;255;255;255m[48;2;255;255;255m▀[0m[38;2;205;242;239m[48;2;225;255;255m▀[0m[38;2;138;163;165m[48;2;177;211;213m▀[0m[38;2;193;224;224m[48;2;183;214;212m▀[0m[38;2;156;181;177m[48;2;159;187;182m▀[0m[38;2;168;193;192m[48;2;170;198;194m▀[0m[38;2;167;192;191m[48;2;170;196;194m▀[0m[38;2;167;192;191m[48;2;169;196;194m▀[0m[38;2;166;192;191m[48;2;168;196;193m▀[0m[38;2;166;192;190m[48;2;168;196;193m▀[0m[38;2;166;191;190m[48;2;169;196;193m▀[0m[38;2;166;191;190m[48;2;168;196;193m▀[0m
[38;2;171;201;196m[48;2;174;202;200m▀[0m[38;2;172;201;196m[48;2;174;202;200m▀[0m[38;2;172;201;196m[48;2;174;202;200m▀[0m[38;2;172;200;196m[48;2;174;202;200m▀[0m[38;2;172;200;196m[48;2;174;202;200m▀[0m[38;2;172;201;198m[48;2;174;203;201m▀[0m[38;2;171;200;196m[48;2;174;203;201m▀[0m[38;2;171;200;196m[48;2;176;203;200m▀[0m[38;2;172;201;196m[48;2;174;203;200m▀[0m[38;2;169;194;193m[48;2;171;198;195m▀[0m[38;2;193;223;220m[48;2;181;209;207m▀[0m[38;2;255;255;255m[48;2;216;254;253m▀[0m[38;2;85;100;102m[48;2;236;255;255m▀[0m[38;2;183;216;217m[48;2;194;221;221m▀[0m[38;2;174;203;200m[48;2;187;222;221m▀[0m[38;2;159;185;180m[48;2;135;162;157m▀[0m[38;2;152;176;170m[48;2;169;203;200m▀[0m[38;2;253;255;255m[48;2;177;213;212m▀[0m[38;2;189;216;217m[48;2;79;95;96m▀[0m[38;2;168;198;198m[48;2;200;236;236m▀[0m[38;2;201;238;237m[48;2;159;181;178m▀[0m[38;2;255;255;255m[48;2;251;255;255m▀[0m[38;2;83;101;99m[48;2;149;171;170m▀[0m[38;2;61;71;71m[48;2;75;84;82m▀[0m[38;2;0;0;0m[48;2;0;0;0m▀[0m[38;2;0;0;0m[48;2;0;0;0m▀[0m[38;2;12;19;20m[48;2;0;0;0m▀[0m[38;2;0;0;0m[48;2;0;0;0m▀[0m[38;2;108;141;138m[48;2;183;192;194m▀[0m[38;2;156;176;176m[48;2;255;255;255m▀[0m[38;2;232;242;244m[48;2;255;255;255m▀[0m[38;2;255;255;255m[48;2;255;255;255m▀[0m[38;2;255;255;255m[48;2;255;255;255m▀[0m[38;2;255;255;255m[48;2;255;255;255m▀[0m[38;2;255;255;255m[48;2;248;255;255m▀[0m[38;2;250;255;255m[48;2;0;0;0m▀[0m[38;2;133;0;0m[48;2;0;0;0m▀[0m[38;2;0;0;0m[48;2;0;0;0m▀[0m[38;2;0;73;77m[48;2;0;42;41m▀[0m[38;2;53;84;85m[48;2;255;3;0m▀[0m[38;2;255;0;0m[48;2;255;72;67m▀[0m[38;2;232;0;0m[48;2;255;0;0m▀[0m[38;2;0;20;22m[48;2;180;192;193m▀[0m[38;2;0;0;0m[48;2;0;13;16m▀[0m[38;2;104;0;0m[48;2;34;53;50m▀[0m[38;2;255;255;255m[48;2;14;31;31m▀[0m[38;2;255;255;255m[48;2;255;255;255m▀[0m[38;2;255;255;255m[48;2;255;255;255m▀[0m[38;2;255;255;255m[48;2;255;255;255m▀[0m[38;2;255;255;255m[48;2;255;255;255m▀[0m[38;2;34;46;48m[48;2;255;255;255m▀[0m[38;2;193;238;240m[48;2;99;110;110m▀[0m[38;2;245;255;255m[48;2;154;185;191m▀[0m[38;2;156;178;176m[48;2;240;255;255m▀[0m[38;2;171;198;189m[48;2;163;193;185m▀[0m[38;2;169;196;192m[48;2;172;202;196m▀[0m[38;2;255;255;255m[48;2;255;255;255m▀[0m[38;2;75;85;89m[48;2;61;73;72m▀[0m[38;2;0;0;0m[48;2;0;0;0m▀[0m[38;2;0;0;0m[48;2;0;0;0m▀[0m[38;2;255;255;255m[48;2;255;255;255m▀[0m[38;2;255;255;255m[48;2;255;255;255m▀[0m[38;2;0;0;0m[48;2;0;0;0m▀[0m[38;2;0;0;0m[48;2;0;0;0m▀[0m[38;2;227;255;255m[48;2;216;255;255m▀[0m[38;2;255;255;255m[48;2;198;232;233m▀[0m[38;2;244;255;255m[48;2;129;158;157m▀[0m[38;2;170;204;198m[48;2;191;228;223m▀[0m[38;2;168;196;191m[48;2;173;199;195m▀[0m[38;2;173;202;198m[48;2;176;204;202m▀[0m[38;2;172;201;198m[48;2;174;204;202m▀[0m[38;2;171;201;198m[48;2;174;204;201m▀[0m[38;2;172;200;196m[48;2;174;203;201m▀[0m[38;2;171;200;196m[48;2;174;203;201m▀[0m[38;2;172;200;196m[48;2;173;202;200m▀[0m[38;2;171;199;196m[48;2;173;202;200m▀[0m
[38;2;177;205;203m[48;2;179;209;205m▀[0m[38;2;177;204;202m[48;2;179;209;205m▀[0m[38;2;177;205;203m[48;2;179;209;205m▀[0m[38;2;177;205;203m[48;2;179;209;205m▀[0m[38;2;177;205;203m[48;2;174;207;205m▀[0m[38;2;171;204;198m[48;2;184;217;212m▀[0m[38;2;177;204;202m[48;2;184;213;211m▀[0m[38;2;178;205;203m[48;2;179;207;201m▀[0m[38;2;177;204;202m[48;2;180;207;205m▀[0m[38;2;171;202;203m[48;2;179;207;205m▀[0m[38;2;174;204;203m[48;2;184;217;212m▀[0m[38;2;165;192;189m[48;2;171;196;193m▀[0m[38;2;235;255;255m[48;2;209;242;238m▀[0m[38;2;255;255;255m[48;2;209;232;232m▀[0m[38;2;255;255;255m[48;2;255;255;255m▀[0m[38;2;215;243;246m[48;2;255;255;255m▀[0m[38;2;255;255;255m[48;2;255;255;255m▀[0m[38;2;132;147;148m[48;2;255;255;255m▀[0m[38;2;96;118;119m[48;2;127;141;143m▀[0m[38;2;209;242;242m[48;2;255;255;255m▀[0m[38;2;156;178;176m[48;2;200;231;232m▀[0m[38;2;224;255;255m[48;2;196;229;228m▀[0m[38;2;190;220;217m[48;2;216;253;248m▀[0m[38;2;70;84;82m[48;2;57;72;70m▀[0m[38;2;0;0;0m[48;2;0;0;0m▀[0m[38;2;0;0;0m[48;2;3;4;4m▀[0m[38;2;61;74;72m[48;2;255;255;255m▀[0m[38;2;255;255;255m[48;2;255;255;255m▀[0m[38;2;255;255;255m[48;2;189;211;210m▀[0m[38;2;255;255;255m[48;2;255;255;255m▀[0m[38;2;255;255;255m[48;2;255;255;255m▀[0m[38;2;255;255;255m[48;2;255;255;255m▀[0m[38;2;255;255;255m[48;2;255;255;255m▀[0m[38;2;255;255;255m[48;2;0;0;0m▀[0m[38;2;0;0;0m[48;2;0;0;0m▀[0m[38;2;0;0;0m[48;2;0;0;0m▀[0m[38;2;0;0;0m[48;2;0;0;0m▀[0m[38;2;0;0;0m[48;2;0;0;0m▀[0m[38;2;0;0;0m[48;2;129;171;169m▀[0m[38;2;226;9;0m[48;2;255;255;255m▀[0m[38;2;255;255;255m[48;2;255;255;255m▀[0m[38;2;255;15;15m[48;2;255;0;0m▀[0m[38;2;255;231;226m[48;2;194;1;1m▀[0m[38;2;19;108;106m[48;2;34;117;113m▀[0m[38;2;37;69;66m[48;2;0;6;3m▀[0m[38;2;0;0;0m[48;2;0;0;0m▀[0m[38;2;187;207;205m[48;2;0;0;0m▀[0m[38;2;255;255;255m[48;2;255;255;255m▀[0m[38;2;255;255;255m[48;2;255;255;255m▀[0m[38;2;255;255;255m[48;2;255;255;255m▀[0m[38;2;255;255;255m[48;2;255;255;255m▀[0m[38;2;255;255;255m[48;2;255;255;255m▀[0m[38;2;128;136;136m[48;2;255;255;255m▀[0m[38;2;126;157;157m[48;2;151;159;159m▀[0m[38;2;228;255;255m[48;2;133;165;166m▀[0m[38;2;173;199;192m[48;2;210;245;242m▀[0m[38;2;255;255;255m[48;2;255;255;255m▀[0m[38;2;52;62;61m[48;2;50;60;59m▀[0m[38;2;0;0;0m[48;2;0;0;0m▀[0m[38;2;0;0;0m[48;2;72;77;78m▀[0m[38;2;255;255;255m[48;2;255;255;255m▀[0m[38;2;48;59;61m[48;2;0;0;0m▀[0m[38;2;0;0;0m[48;2;0;0;0m▀[0m[38;2;0;0;0m[48;2;255;255;255m▀[0m[38;2;255;255;255m[48;2;255;255;255m▀[0m[38;2;193;216;218m[48;2;162;171;171m▀[0m[38;2;136;163;162m[48;2;154;191;190m▀[0m[38;2;192;227;223m[48;2;182;222;217m▀[0m[38;2;176;204;202m[48;2;179;209;205m▀[0m[38;2;177;205;203m[48;2;179;209;205m▀[0m[38;2;177;205;203m[48;2;179;207;204m▀[0m[38;2;176;205;202m[48;2;179;207;205m▀[0m[38;2;176;204;202m[48;2;178;209;205m▀[0m[38;2;176;204;202m[48;2;178;209;204m▀[0m[38;2;176;203;201m[48;2;179;207;205m▀[0m[38;2;176;204;202m[48;2;179;209;205m▀[0m
[38;2;181;211;209m[48;2;184;214;211m▀[0m[38;2;182;211;207m[48;2;184;213;210m▀[0m[38;2;182;211;207m[48;2;185;214;210m▀[0m[38;2;182;211;209m[48;2;180;215;212m▀[0m[38;2;170;200;195m[48;2;170;198;193m▀[0m[38;2;216;245;245m[48;2;221;249;251m▀[0m[38;2;207;236;238m[48;2;218;247;249m▀[0m[38;2;170;201;196m[48;2;170;199;194m▀[0m[38;2;182;211;209m[48;2;184;213;210m▀[0m[38;2;192;221;216m[48;2;203;234;228m▀[0m[38;2;156;183;180m[48;2;134;155;156m▀[0m[38;2;161;184;183m[48;2;161;184;183m▀[0m[38;2;216;251;250m[48;2;225;255;255m▀[0m[38;2;140;162;159m[48;2;167;194;194m▀[0m[38;2;255;255;255m[48;2;173;192;193m▀[0m[38;2;255;255;255m[48;2;255;255;255m▀[0m[38;2;234;255;255m[48;2;251;255;255m▀[0m[38;2;210;229;233m[48;2;179;205;210m▀[0m[38;2;169;191;196m[48;2;158;176;173m▀[0m[38;2;140;165;166m[48;2;178;195;192m▀[0m[38;2;255;255;255m[48;2;105;123;124m▀[0m[38;2;255;255;255m[48;2;255;255;255m▀[0m[38;2;224;255;255m[48;2;255;255;255m▀[0m[38;2;47;57;57m[48;2;41;52;55m▀[0m[38;2;0;0;0m[48;2;0;0;0m▀[0m[38;2;0;0;0m[48;2;26;34;34m▀[0m[38;2;255;255;255m[48;2;255;255;255m▀[0m[38;2;233;248;250m[48;2;255;255;255m▀[0m[38;2;216;236;237m[48;2;255;255;255m▀[0m[38;2;255;255;255m[48;2;255;255;255m▀[0m[38;2;255;255;255m[48;2;247;255;255m▀[0m[38;2;255;255;255m[48;2;52;66;64m▀[0m[38;2;56;66;66m[48;2;0;0;0m▀[0m[38;2;0;0;0m[48;2;0;0;0m▀[0m[38;2;0;0;0m[48;2;0;0;0m▀[0m[38;2;0;0;0m[48;2;0;0;0m▀[0m[38;2;0;0;0m[48;2;0;0;0m▀[0m[38;2;0;0;0m[48;2;0;0;0m▀[0m[38;2;190;227;227m[48;2;88;114;115m▀[0m[38;2;255;255;255m[48;2;255;255;255m▀[0m[38;2;255;255;255m[48;2;255;255;255m▀[0m[38;2;29;0;0m[48;2;0;0;0m▀[0m[38;2;0;0;0m[48;2;0;0;0m▀[0m[38;2;244;255;255m[48;2;211;242;242m▀[0m[38;2;44;58;57m[48;2;57;68;67m▀[0m[38;2;0;0;0m[48;2;0;0;0m▀[0m[38;2;0;0;0m[48;2;0;0;0m▀[0m[38;2;116;130;128m[48;2;0;0;0m▀[0m[38;2;255;255;255m[48;2;254;255;255m▀[0m[38;2;255;255;255m[48;2;255;255;255m▀[0m[38;2;255;255;255m[48;2;255;255;255m▀[0m[38;2;181;199;196m[48;2;242;255;255m▀[0m[38;2;255;255;255m[48;2;253;255;255m▀[0m[38;2;255;255;255m[48;2;255;255;255m▀[0m[38;2;85;92;90m[48;2;67;80;77m▀[0m[38;2;216;251;250m[48;2;255;255;255m▀[0m[38;2;255;255;255m[48;2;255;255;255m▀[0m[38;2;44;56;52m[48;2;28;35;34m▀[0m[38;2;0;0;0m[48;2;0;0;0m▀[0m[38;2;97;113;112m[48;2;0;0;0m▀[0m[38;2;0;0;0m[48;2;0;0;0m▀[0m[38;2;0;0;0m[48;2;246;255;255m▀[0m[38;2;255;255;255m[48;2;255;255;255m▀[0m[38;2;255;255;255m[48;2;255;255;255m▀[0m[38;2;255;255;255m[48;2;255;255;255m▀[0m[38;2;129;137;138m[48;2;110;118;118m▀[0m[38;2;172;211;210m[48;2;185;225;222m▀[0m[38;2;182;216;210m[48;2;182;212;209m▀[0m[38;2;181;211;209m[48;2;184;213;211m▀[0m[38;2;181;211;209m[48;2;184;212;210m▀[0m[38;2;181;210;207m[48;2;184;211;209m▀[0m[38;2;180;211;207m[48;2;183;211;204m▀[0m[38;2;180;210;207m[48;2;183;211;209m▀[0m[38;2;180;210;207m[48;2;183;211;209m▀[0m[38;2;181;210;207m[48;2;183;211;204m▀[0m[38;2;180;210;209m[48;2;184;212;209m▀[0m
[38;2;188;217;215m[48;2;191;221;218m▀[0m[38;2;188;217;214m[48;2;191;221;217m▀[0m[38;2;188;217;214m[48;2;191;221;217m▀[0m[38;2;188;218;215m[48;2;192;222;218m▀[0m[38;2;169;203;199m[48;2;178;210;203m▀[0m[38;2;217;251;254m[48;2;224;251;251m▀[0m[38;2;226;255;255m[48;2;232;255;255m▀[0m[38;2;176;204;200m[48;2;180;207;203m▀[0m[38;2;189;216;214m[48;2;191;220;217m▀[0m[38;2;207;234;231m[48;2;209;238;236m▀[0m[38;2;151;177;177m[48;2;154;179;179m▀[0m[38;2;182;207;207m[48;2;185;210;211m▀[0m[38;2;246;255;255m[48;2;248;255;255m▀[0m[38;2;122;145;143m[48;2;129;151;145m▀[0m[38;2;49;68;64m[48;2;42;56;51m▀[0m[38;2;193;210;210m[48;2;51;70;69m▀[0m[38;2;255;255;255m[48;2;96;111;113m▀[0m[38;2;255;255;255m[48;2;255;255;255m▀[0m[38;2;148;168;169m[48;2;150;173;177m▀[0m[38;2;171;184;177m[48;2;155;177;170m▀[0m[38;2;198;209;203m[48;2;155;159;155m▀[0m[38;2;85;95;94m[48;2;149;140;137m▀[0m[38;2;226;255;255m[48;2;102;95;94m▀[0m[38;2;59;74;74m[48;2;0;6;3m▀[0m[38;2;0;0;0m[48;2;0;0;0m▀[0m[38;2;156;178;180m[48;2;177;201;201m▀[0m[38;2;255;255;255m[48;2;255;255;255m▀[0m[38;2;255;255;255m[48;2;255;255;255m▀[0m[38;2;255;255;255m[48;2;255;255;255m▀[0m[38;2;255;255;255m[48;2;255;255;255m▀[0m[38;2;30;42;42m[48;2;84;101;97m▀[0m[38;2;0;0;0m[48;2;0;0;0m▀[0m[38;2;0;0;0m[48;2;0;0;0m▀[0m[38;2;0;0;0m[48;2;0;0;0m▀[0m[38;2;0;0;0m[48;2;0;0;0m▀[0m[38;2;0;0;0m[48;2;0;0;0m▀[0m[38;2;0;0;0m[48;2;0;0;0m▀[0m[38;2;0;0;0m[48;2;0;0;0m▀[0m[38;2;227;253;255m[48;2;242;255;255m▀[0m[38;2;255;255;255m[48;2;108;133;134m▀[0m[38;2;255;255;255m[48;2;133;150;151m▀[0m[38;2;93;99;103m[48;2;255;255;255m▀[0m[38;2;0;0;0m[48;2;0;0;0m▀[0m[38;2;132;151;151m[48;2;57;67;67m▀[0m[38;2;96;108;108m[48;2;255;255;255m▀[0m[38;2;0;0;0m[48;2;0;0;0m▀[0m[38;2;0;0;0m[48;2;0;0;0m▀[0m[38;2;0;0;0m[48;2;0;0;0m▀[0m[38;2;0;0;0m[48;2;0;0;0m▀[0m[38;2;227;239;239m[48;2;94;110;107m▀[0m[38;2;255;255;255m[48;2;255;255;255m▀[0m[38;2;255;255;255m[48;2;255;255;255m▀[0m[38;2;255;255;255m[48;2;255;255;255m▀[0m[38;2;255;255;255m[48;2;255;255;255m▀[0m[38;2;103;114;111m[48;2;92;101;99m▀[0m[38;2;255;255;255m[48;2;255;255;255m▀[0m[38;2;255;255;255m[48;2;117;136;139m▀[0m[38;2;0;0;0m[48;2;0;0;0m▀[0m[38;2;0;0;0m[48;2;143;162;154m▀[0m[38;2;56;69;67m[48;2;255;255;255m▀[0m[38;2;255;255;255m[48;2;255;255;255m▀[0m[38;2;255;255;255m[48;2;213;216;216m▀[0m[38;2;255;255;255m[48;2;174;180;179m▀[0m[38;2;215;231;232m[48;2;251;255;255m▀[0m[38;2;255;255;255m[48;2;118;129;132m▀[0m[38;2;100;111;112m[48;2;1;3;4m▀[0m[38;2;203;242;238m[48;2;244;255;255m▀[0m[38;2;193;222;220m[48;2;192;225;223m▀[0m[38;2;192;223;218m[48;2;194;226;223m▀[0m[38;2;188;217;214m[48;2;191;221;218m▀[0m[38;2;188;217;214m[48;2;190;222;218m▀[0m[38;2;187;216;213m[48;2;191;222;218m▀[0m[38;2;187;216;213m[48;2;190;221;217m▀[0m[38;2;181;215;209m[48;2;201;234;233m▀[0m[38;2;187;215;213m[48;2;191;221;218m▀[0m[38;2;187;216;213m[48;2;190;220;217m▀[0m
[38;2;191;222;220m[48;2;192;223;222m▀[0m[38;2;191;222;220m[48;2;192;223;222m▀[0m[38;2;192;222;220m[48;2;193;223;221m▀[0m[38;2;192;223;221m[48;2;193;223;222m▀[0m[38;2;179;213;206m[48;2;180;212;210m▀[0m[38;2;220;249;249m[48;2;217;243;243m▀[0m[38;2;233;255;255m[48;2;228;255;255m▀[0m[38;2;180;211;204m[48;2;182;212;207m▀[0m[38;2;193;223;220m[48;2;194;224;222m▀[0m[38;2;204;237;233m[48;2;201;234;232m▀[0m[38;2;162;189;189m[48;2;178;204;206m▀[0m[38;2;196;221;220m[48;2;200;222;223m▀[0m[38;2;246;255;255m[48;2;253;255;255m▀[0m[38;2;133;150;146m[48;2;82;93;91m▀[0m[38;2;196;223;227m[48;2;255;255;255m▀[0m[38;2;8;17;19m[48;2;33;42;41m▀[0m[38;2;182;202;205m[48;2;0;0;0m▀[0m[38;2;227;255;255m[48;2;148;172;177m▀[0m[38;2;189;214;213m[48;2;218;250;254m▀[0m[38;2;150;171;166m[48;2;171;179;178m▀[0m[38;2;117;145;138m[48;2;59;63;59m▀[0m[38;2;129;128;123m[48;2;235;255;255m▀[0m[38;2;148;106;104m[48;2;255;255;255m▀[0m[38;2;119;99;90m[48;2;126;99;97m▀[0m[38;2;0;0;0m[48;2;77;41;40m▀[0m[38;2;130;151;151m[48;2;25;15;11m▀[0m[38;2;255;255;255m[48;2;121;137;137m▀[0m[38;2;255;255;255m[48;2;255;255;255m▀[0m[38;2;255;255;255m[48;2;255;255;255m▀[0m[38;2;255;255;255m[48;2;255;255;255m▀[0m[38;2;135;154;152m[48;2;168;190;189m▀[0m[38;2;0;0;0m[48;2;0;0;0m▀[0m[38;2;0;0;0m[48;2;0;0;0m▀[0m[38;2;0;0;0m[48;2;0;0;0m▀[0m[38;2;0;0;0m[48;2;0;0;0m▀[0m[38;2;0;0;0m[48;2;41;46;46m▀[0m[38;2;0;1;2m[48;2;255;255;255m▀[0m[38;2;213;234;234m[48;2;155;166;166m▀[0m[38;2;38;46;46m[48;2;162;168;168m▀[0m[38;2;6;13;9m[48;2;255;255;255m▀[0m[38;2;108;127;128m[48;2;255;255;255m▀[0m[38;2;59;72;74m[48;2;255;255;255m▀[0m[38;2;45;45;45m[48;2;94;103;103m▀[0m[38;2;209;218;218m[48;2;55;61;59m▀[0m[38;2;255;255;255m[48;2;239;255;255m▀[0m[38;2;66;71;72m[48;2;0;0;0m▀[0m[38;2;0;0;0m[48;2;0;0;0m▀[0m[38;2;0;0;0m[48;2;0;0;0m▀[0m[38;2;0;0;0m[48;2;0;0;0m▀[0m[38;2;198;217;215m[48;2;255;255;255m▀[0m[38;2;255;255;255m[48;2;255;255;255m▀[0m[38;2;255;255;255m[48;2;255;255;255m▀[0m[38;2;255;255;255m[48;2;255;255;255m▀[0m[38;2;255;255;255m[48;2;255;255;255m▀[0m[38;2;69;77;78m[48;2;46;51;52m▀[0m[38;2;0;0;0m[48;2;0;0;0m▀[0m[38;2;0;0;0m[48;2;194;211;212m▀[0m[38;2;174;191;188m[48;2;194;216;215m▀[0m[38;2;210;236;229m[48;2;255;255;255m▀[0m[38;2;255;255;255m[48;2;255;255;255m▀[0m[38;2;234;247;247m[48;2;180;202;202m▀[0m[38;2;227;247;247m[48;2;255;255;255m▀[0m[38;2;255;255;255m[48;2;179;201;200m▀[0m[38;2;159;178;181m[48;2;111;126;129m▀[0m[38;2;0;6;8m[48;2;0;0;0m▀[0m[38;2;45;49;50m[48;2;58;68;69m▀[0m[38;2;255;255;255m[48;2;255;255;255m▀[0m[38;2;192;225;221m[48;2;191;226;224m▀[0m[38;2;198;226;223m[48;2;193;224;225m▀[0m[38;2;192;223;220m[48;2;193;223;221m▀[0m[38;2;193;223;220m[48;2;194;224;222m▀[0m[38;2;189;217;214m[48;2;183;212;211m▀[0m[38;2;194;221;218m[48;2;210;239;236m▀[0m[38;2;245;255;255m[48;2;249;255;255m▀[0m[38;2;189;215;211m[48;2;179;207;203m▀[0m[38;2;192;222;220m[48;2;190;220;217m▀[0m
[38;2;194;225;223m[48;2;196;226;224m▀[0m[38;2;195;225;223m[48;2;198;226;224m▀[0m[38;2;195;225;223m[48;2;198;226;224m▀[0m[38;2;194;225;222m[48;2;196;226;224m▀[0m[38;2;184;216;212m[48;2;195;226;223m▀[0m[38;2;210;235;233m[48;2;196;226;224m▀[0m[38;2;217;246;246m[48;2;193;222;220m▀[0m[38;2;189;218;214m[48;2;198;226;223m▀[0m[38;2;195;225;223m[48;2;196;226;224m▀[0m[38;2;198;232;229m[48;2;198;228;225m▀[0m[38;2;192;221;221m[48;2;203;235;234m▀[0m[38;2;211;229;233m[48;2;218;239;243m▀[0m[38;2;238;255;255m[48;2;212;251;251m▀[0m[38;2;25;37;35m[48;2;14;26;24m▀[0m[38;2;255;255;255m[48;2;240;255;255m▀[0m[38;2;132;146;148m[48;2;78;99;99m▀[0m[38;2;20;25;25m[48;2;159;179;177m▀[0m[38;2;0;0;0m[48;2;128;141;143m▀[0m[38;2;74;85;86m[48;2;0;0;0m▀[0m[38;2;191;215;214m[48;2;103;115;114m▀[0m[38;2;90;90;90m[48;2;210;243;238m▀[0m[38;2;50;51;47m[48;2;117;95;92m▀[0m[38;2;255;255;255m[48;2;114;64;60m▀[0m[38;2;255;255;255m[48;2;209;214;214m▀[0m[38;2;146;149;147m[48;2;255;255;255m▀[0m[38;2;37;1;0m[48;2;138;157;151m▀[0m[38;2;0;0;0m[48;2;51;29;23m▀[0m[38;2;79;89;90m[48;2;0;0;0m▀[0m[38;2;255;255;255m[48;2;55;61;63m▀[0m[38;2;255;255;255m[48;2;255;255;255m▀[0m[38;2;206;229;228m[48;2;255;255;255m▀[0m[38;2;0;0;0m[48;2;0;0;0m▀[0m[38;2;0;0;0m[48;2;0;0;0m▀[0m[38;2;0;0;0m[48;2;0;0;0m▀[0m[38;2;0;2;0m[48;2;255;255;255m▀[0m[38;2;255;255;255m[48;2;255;255;255m▀[0m[38;2;247;255;255m[48;2;255;255;255m▀[0m[38;2;255;255;255m[48;2;255;255;255m▀[0m[38;2;254;255;255m[48;2;170;182;183m▀[0m[38;2;255;255;255m[48;2;255;255;255m▀[0m[38;2;253;255;255m[48;2;255;255;255m▀[0m[38;2;255;255;255m[48;2;255;255;255m▀[0m[38;2;255;255;255m[48;2;245;255;255m▀[0m[38;2;177;194;194m[48;2;255;255;255m▀[0m[38;2;228;245;245m[48;2;221;238;234m▀[0m[38;2;176;187;187m[48;2;255;255;255m▀[0m[38;2;0;0;0m[48;2;0;0;0m▀[0m[38;2;0;0;0m[48;2;0;0;0m▀[0m[38;2;0;0;0m[48;2;0;0;0m▀[0m[38;2;255;255;255m[48;2;255;255;255m▀[0m[38;2;255;255;255m[48;2;255;255;255m▀[0m[38;2;255;255;255m[48;2;255;255;255m▀[0m[38;2;255;255;255m[48;2;225;232;232m▀[0m[38;2;215;221;221m[48;2;64;72;69m▀[0m[38;2;55;66;64m[48;2;150;172;169m▀[0m[38;2;172;192;188m[48;2;147;169;167m▀[0m[38;2;169;181;184m[48;2;255;255;255m▀[0m[38;2;255;255;255m[48;2;255;255;255m▀[0m[38;2;255;255;255m[48;2;187;210;209m▀[0m[38;2;220;250;250m[48;2;185;211;211m▀[0m[38;2;206;236;236m[48;2;214;247;247m▀[0m[38;2;182;206;209m[48;2;138;156;157m▀[0m[38;2;117;130;132m[48;2;0;0;0m▀[0m[38;2;0;0;0m[48;2;0;0;0m▀[0m[38;2;0;0;0m[48;2;129;145;147m▀[0m[38;2;168;193;194m[48;2;212;232;235m▀[0m[38;2;253;255;255m[48;2;239;255;255m▀[0m[38;2;196;228;226m[48;2;196;232;227m▀[0m[38;2;195;226;224m[48;2;196;227;225m▀[0m[38;2;195;225;224m[48;2;198;227;225m▀[0m[38;2;196;226;224m[48;2;199;228;225m▀[0m[38;2;181;210;207m[48;2;183;213;207m▀[0m[38;2;227;255;255m[48;2;238;255;255m▀[0m[38;2;240;255;255m[48;2;223;253;251m▀[0m[38;2;179;209;203m[48;2;182;214;209m▀[0m[38;2;195;226;220m[48;2;196;227;225m▀[0m
[38;2;198;228;226m[48;2;201;231;228m▀[0m[38;2;199;227;225m[48;2;201;231;228m▀[0m[38;2;199;227;225m[48;2;201;231;228m▀[0m[38;2;199;227;225m[48;2;201;229;227m▀[0m[38;2;199;227;225m[48;2;200;229;227m▀[0m[38;2;198;226;225m[48;2;201;229;227m▀[0m[38;2;199;227;224m[48;2;201;231;228m▀[0m[38;2;199;227;225m[48;2;202;231;228m▀[0m[38;2;199;228;225m[48;2;202;231;228m▀[0m[38;2;198;228;225m[48;2;200;228;226m▀[0m[38;2;217;248;249m[48;2;229;255;255m▀[0m[38;2;235;255;255m[48;2;255;255;255m▀[0m[38;2;165;194;194m[48;2;96;112;112m▀[0m[38;2;0;0;0m[48;2;0;0;0m▀[0m[38;2;255;255;255m[48;2;255;255;255m▀[0m[38;2;198;218;215m[48;2;255;255;255m▀[0m[38;2;214;243;240m[48;2;255;255;255m▀[0m[38;2;255;255;255m[48;2;213;238;242m▀[0m[38;2;0;0;0m[48;2;0;0;0m▀[0m[38;2;0;0;0m[48;2;0;0;0m▀[0m[38;2;134;156;154m[48;2;0;0;0m▀[0m[38;2;204;223;221m[48;2;104;122;121m▀[0m[38;2;85;60;55m[48;2;162;162;161m▀[0m[38;2;112;66;58m[48;2;59;45;39m▀[0m[38;2;85;50;48m[48;2;95;67;66m▀[0m[38;2;176;195;192m[48;2;67;31;30m▀[0m[38;2;216;237;233m[48;2;111;103;103m▀[0m[38;2;84;97;100m[48;2;249;255;255m▀[0m[38;2;0;0;0m[48;2;38;61;62m▀[0m[38;2;26;27;27m[48;2;88;107;108m▀[0m[38;2;77;86;88m[48;2;106;128;128m▀[0m[38;2;0;0;0m[48;2;0;0;0m▀[0m[38;2;0;0;0m[48;2;73;81;79m▀[0m[38;2;195;214;212m[48;2;255;255;255m▀[0m[38;2;255;255;255m[48;2;255;255;255m▀[0m[38;2;236;250;253m[48;2;218;233;233m▀[0m[38;2;255;255;255m[48;2;137;145;145m▀[0m[38;2;151;163;166m[48;2;180;201;201m▀[0m[38;2;100;118;117m[48;2;146;167;166m▀[0m[38;2;255;255;255m[48;2;255;255;255m▀[0m[38;2;249;255;255m[48;2;255;255;255m▀[0m[38;2;255;255;255m[48;2;235;240;242m▀[0m[38;2;173;185;187m[48;2;94;106;103m▀[0m[38;2;255;255;255m[48;2;213;236;234m▀[0m[38;2;249;255;255m[48;2;243;255;255m▀[0m[38;2;255;255;255m[48;2;233;245;244m▀[0m[38;2;190;205;205m[48;2;255;255;255m▀[0m[38;2;0;0;0m[48;2;0;0;0m▀[0m[38;2;27;37;37m[48;2;69;78;75m▀[0m[38;2;255;255;255m[48;2;255;255;255m▀[0m[38;2;255;255;255m[48;2;177;182;183m▀[0m[38;2;96;103;104m[48;2;116;137;138m▀[0m[38;2;29;37;35m[48;2;151;161;157m▀[0m[38;2;115;143;138m[48;2;102;121;122m▀[0m[38;2;126;151;151m[48;2;220;244;249m▀[0m[38;2;255;255;255m[48;2;217;236;236m▀[0m[38;2;181;204;201m[48;2;155;167;166m▀[0m[38;2;155;172;170m[48;2;167;183;181m▀[0m[38;2;176;194;192m[48;2;223;255;255m▀[0m[38;2;255;255;255m[48;2;184;218;221m▀[0m[38;2;190;220;220m[48;2;0;0;0m▀[0m[38;2;0;0;0m[48;2;0;0;0m▀[0m[38;2;0;0;0m[48;2;0;0;0m▀[0m[38;2;7;11;11m[48;2;0;0;0m▀[0m[38;2;211;232;232m[48;2;139;161;159m▀[0m[38;2;216;237;240m[48;2;225;254;255m▀[0m[38;2;242;255;255m[48;2;244;255;255m▀[0m[38;2;200;233;231m[48;2;203;236;233m▀[0m[38;2;200;229;227m[48;2;202;233;229m▀[0m[38;2;200;229;227m[48;2;202;232;229m▀[0m[38;2;202;229;228m[48;2;202;227;229m▀[0m[38;2;189;218;215m[48;2;199;226;223m▀[0m[38;2;242;255;255m[48;2;233;255;255m▀[0m[38;2;206;235;235m[48;2;196;228;225m▀[0m[38;2;192;222;220m[48;2;201;231;228m▀[0m[38;2;199;229;226m[48;2;200;231;228m▀[0m
[38;2;201;233;231m[48;2;202;233;231m▀[0m[38;2;202;233;231m[48;2;203;234;232m▀[0m[38;2;201;233;231m[48;2;204;234;233m▀[0m[38;2;201;232;231m[48;2;205;233;233m▀[0m[38;2;201;232;229m[48;2;204;233;232m▀[0m[38;2;202;232;229m[48;2;203;233;231m▀[0m[38;2;202;232;231m[48;2;204;233;232m▀[0m[38;2;203;232;231m[48;2;204;234;232m▀[0m[38;2;203;233;231m[48;2;203;234;233m▀[0m[38;2;201;235;232m[48;2;204;236;233m▀[0m[38;2;243;255;255m[48;2;255;255;255m▀[0m[38;2;255;255;255m[48;2;238;255;255m▀[0m[38;2;20;26;26m[48;2;0;0;0m▀[0m[38;2;0;0;0m[48;2;0;0;0m▀[0m[38;2;255;255;255m[48;2;0;0;0m▀[0m[38;2;255;255;255m[48;2;0;0;0m▀[0m[38;2;82;96;96m[48;2;0;0;0m▀[0m[38;2;24;36;39m[48;2;52;69;64m▀[0m[38;2;0;0;0m[48;2;0;0;0m▀[0m[38;2;0;0;0m[48;2;0;0;0m▀[0m[38;2;0;0;0m[48;2;0;0;0m▀[0m[38;2;0;0;0m[48;2;0;0;0m▀[0m[38;2;45;48;48m[48;2;0;0;0m▀[0m[38;2;123;116;114m[48;2;0;0;0m▀[0m[38;2;45;40;36m[48;2;82;80;82m▀[0m[38;2;50;40;40m[48;2;71;73;73m▀[0m[38;2;48;25;25m[48;2;62;75;77m▀[0m[38;2;125;139;144m[48;2;100;117;123m▀[0m[38;2;195;255;255m[48;2;17;18;18m▀[0m[38;2;178;204;209m[48;2;72;85;85m▀[0m[38;2;127;148;144m[48;2;136;156;151m▀[0m[38;2;59;67;62m[48;2;116;136;135m▀[0m[38;2;96;107;105m[48;2;0;0;0m▀[0m[38;2;255;255;255m[48;2;255;255;255m▀[0m[38;2;254;255;255m[48;2;210;235;235m▀[0m[38;2;196;216;214m[48;2;112;134;137m▀[0m[38;2;94;121;118m[48;2;72;84;83m▀[0m[38;2;210;224;224m[48;2;166;185;185m▀[0m[38;2;78;100;97m[48;2;132;168;163m▀[0m[38;2;180;205;205m[48;2;110;132;130m▀[0m[38;2;255;255;255m[48;2;250;255;255m▀[0m[38;2;134;144;145m[48;2;180;204;205m▀[0m[38;2;83;90;89m[48;2;251;255;255m▀[0m[38;2;15;18;18m[48;2;138;179;179m▀[0m[38;2;180;201;194m[48;2;176;192;192m▀[0m[38;2;234;250;248m[48;2;170;190;190m▀[0m[38;2;255;255;255m[48;2;255;255;255m▀[0m[38;2;61;66;67m[48;2;139;154;152m▀[0m[38;2;176;189;188m[48;2;159;172;171m▀[0m[38;2;255;255;255m[48;2;96;110;108m▀[0m[38;2;69;83;84m[48;2;242;255;255m▀[0m[38;2;174;204;203m[48;2;224;253;250m▀[0m[38;2;177;189;184m[48;2;156;168;169m▀[0m[38;2;136;152;154m[48;2;80;95;97m▀[0m[38;2;152;168;172m[48;2;138;167;162m▀[0m[38;2;149;167;162m[48;2;154;185;181m▀[0m[38;2;177;196;192m[48;2;127;154;154m▀[0m[38;2;196;223;223m[48;2;35;40;42m▀[0m[38;2;132;159;159m[48;2;0;0;0m▀[0m[38;2;0;0;0m[48;2;41;55;55m▀[0m[38;2;0;0;0m[48;2;0;0;0m▀[0m[38;2;0;0;0m[48;2;0;0;0m▀[0m[38;2;0;0;0m[48;2;0;0;0m▀[0m[38;2;0;0;0m[48;2;0;0;0m▀[0m[38;2;0;0;0m[48;2;0;0;0m▀[0m[38;2;221;251;250m[48;2;235;255;255m▀[0m[38;2;248;255;255m[48;2;255;255;255m▀[0m[38;2;204;240;235m[48;2;213;243;242m▀[0m[38;2;209;238;232m[48;2;206;234;234m▀[0m[38;2;203;234;232m[48;2;204;235;232m▀[0m[38;2;198;233;231m[48;2;204;235;233m▀[0m[38;2;205;236;234m[48;2;205;236;233m▀[0m[38;2;225;255;255m[48;2;207;242;236m▀[0m[38;2;195;226;226m[48;2;202;233;231m▀[0m[38;2;201;233;231m[48;2;203;234;232m▀[0m[38;2;201;232;231m[48;2;202;233;231m▀[0m
[38;2;205;235;233m[48;2;212;240;238m▀[0m[38;2;206;235;233m[48;2;207;232;229m▀[0m[38;2;206;235;234m[48;2;209;236;234m▀[0m[38;2;206;235;234m[48;2;209;237;234m▀[0m[38;2;206;235;234m[48;2;209;236;234m▀[0m[38;2;205;234;233m[48;2;209;236;234m▀[0m[38;2;205;234;233m[48;2;209;236;234m▀[0m[38;2;206;235;234m[48;2;209;237;234m▀[0m[38;2;206;235;234m[48;2;209;237;234m▀[0m[38;2;204;235;234m[48;2;213;239;236m▀[0m[38;2;255;255;255m[48;2;255;255;255m▀[0m[38;2;213;243;246m[48;2;187;210;213m▀[0m[38;2;0;0;0m[48;2;0;0;0m▀[0m[38;2;0;0;0m[48;2;122;132;132m▀[0m[38;2;0;0;0m[48;2;255;255;255m▀[0m[38;2;0;0;0m[48;2;116;128;127m▀[0m[38;2;0;4;3m[48;2;0;0;0m▀[0m[38;2;0;0;0m[48;2;0;0;0m▀[0m[38;2;0;0;0m[48;2;0;0;0m▀[0m[38;2;0;0;0m[48;2;0;0;0m▀[0m[38;2;0;0;0m[48;2;0;0;0m▀[0m[38;2;0;0;0m[48;2;0;0;0m▀[0m[38;2;0;0;0m[48;2;0;0;0m▀[0m[38;2;0;0;0m[48;2;0;0;0m▀[0m[38;2;18;27;31m[48;2;59;71;72m▀[0m[38;2;31;39;44m[48;2;5;9;12m▀[0m[38;2;57;68;68m[48;2;0;0;0m▀[0m[38;2;88;106;107m[48;2;0;0;0m▀[0m[38;2;67;84;86m[48;2;0;0;0m▀[0m[38;2;18;36;34m[48;2;16;25;25m▀[0m[38;2;22;20;18m[48;2;68;83;81m▀[0m[38;2;1;0;0m[48;2;0;0;0m▀[0m[38;2;0;0;0m[48;2;0;0;0m▀[0m[38;2;215;244;245m[48;2;255;255;255m▀[0m[38;2;62;75;75m[48;2;136;165;168m▀[0m[38;2;0;40;44m[48;2;223;160;149m▀[0m[38;2;144;59;62m[48;2;255;209;195m▀[0m[38;2;161;0;0m[48;2;255;187;177m▀[0m[38;2;183;194;195m[48;2;255;255;255m▀[0m[38;2;244;255;255m[48;2;255;255;255m▀[0m[38;2;117;137;138m[48;2;255;255;255m▀[0m[38;2;172;216;216m[48;2;240;255;255m▀[0m[38;2;39;0;0m[48;2;255;84;86m▀[0m[38;2;53;0;0m[48;2;229;116;118m▀[0m[38;2;162;181;183m[48;2;0;34;36m▀[0m[38;2;160;181;180m[48;2;82;97;96m▀[0m[38;2;255;255;255m[48;2;255;255;255m▀[0m[38;2;202;220;217m[48;2;238;255;255m▀[0m[38;2;128;134;130m[48;2;179;183;184m▀[0m[38;2;132;145;141m[48;2;80;93;90m▀[0m[38;2;217;234;233m[48;2;156;181;176m▀[0m[38;2;201;225;218m[48;2;184;210;206m▀[0m[38;2;207;227;226m[48;2;23;25;26m▀[0m[38;2;74;90;92m[48;2;0;0;0m▀[0m[38;2;37;47;47m[48;2;0;0;0m▀[0m[38;2;0;0;0m[48;2;0;0;0m▀[0m[38;2;0;0;0m[48;2;0;0;0m▀[0m[38;2;0;0;0m[48;2;0;0;0m▀[0m[38;2;0;0;0m[48;2;7;12;12m▀[0m[38;2;55;70;68m[48;2;68;80;80m▀[0m[38;2;0;0;0m[48;2;0;0;0m▀[0m[38;2;0;0;0m[48;2;0;0;0m▀[0m[38;2;0;0;0m[48;2;0;0;0m▀[0m[38;2;0;0;0m[48;2;0;0;0m▀[0m[38;2;0;0;0m[48;2;0;0;0m▀[0m[38;2;240;255;255m[48;2;235;255;255m▀[0m[38;2;255;255;255m[48;2;255;255;255m▀[0m[38;2;214;245;244m[48;2;217;246;243m▀[0m[38;2;209;235;235m[48;2;214;238;236m▀[0m[38;2;207;236;234m[48;2;211;238;235m▀[0m[38;2;209;236;234m[48;2;211;238;236m▀[0m[38;2;206;235;233m[48;2;210;237;235m▀[0m[38;2;205;234;232m[48;2;209;236;234m▀[0m[38;2;205;234;233m[48;2;207;235;233m▀[0m[38;2;205;234;233m[48;2;207;236;234m▀[0m[38;2;204;235;233m[48;2;209;236;235m▀[0m
[38;2;226;255;255m[48;2;247;255;255m▀[0m[38;2;205;233;232m[48;2;211;238;237m▀[0m[38;2;211;238;237m[48;2;212;239;237m▀[0m[38;2;211;238;236m[48;2;211;238;237m▀[0m[38;2;211;239;237m[48;2;211;238;237m▀[0m[38;2;210;238;236m[48;2;210;238;236m▀[0m[38;2;210;238;236m[48;2;211;238;236m▀[0m[38;2;210;239;236m[48;2;212;239;237m▀[0m[38;2;210;243;240m[48;2;212;239;237m▀[0m[38;2;213;243;238m[48;2;212;243;238m▀[0m[38;2;255;255;255m[48;2;255;255;255m▀[0m[38;2;156;183;184m[48;2;132;158;157m▀[0m[38;2;0;0;0m[48;2;0;0;0m▀[0m[38;2;255;255;255m[48;2;255;255;255m▀[0m[38;2;255;255;255m[48;2;255;255;255m▀[0m[38;2;255;255;255m[48;2;255;255;255m▀[0m[38;2;255;255;255m[48;2;255;255;255m▀[0m[38;2;181;192;190m[48;2;255;255;255m▀[0m[38;2;0;0;0m[48;2;255;255;255m▀[0m[38;2;0;0;0m[48;2;118;126;126m▀[0m[38;2;0;0;0m[48;2;0;0;0m▀[0m[38;2;0;0;0m[48;2;0;0;0m▀[0m[38;2;0;0;0m[48;2;0;0;0m▀[0m[38;2;0;0;0m[48;2;0;0;0m▀[0m[38;2;59;68;70m[48;2;47;60;59m▀[0m[38;2;14;23;23m[48;2;0;0;0m▀[0m[38;2;34;34;31m[48;2;137;147;145m▀[0m[38;2;139;136;136m[48;2;255;255;255m▀[0m[38;2;203;216;216m[48;2;255;255;255m▀[0m[38;2;255;255;255m[48;2;255;255;255m▀[0m[38;2;255;255;255m[48;2;255;255;255m▀[0m[38;2;114;123;121m[48;2;237;254;253m▀[0m[38;2;163;176;173m[48;2;18;23;20m▀[0m[38;2;255;255;255m[48;2;229;250;250m▀[0m[38;2;216;255;255m[48;2;209;232;233m▀[0m[38;2;255;218;212m[48;2;249;255;255m▀[0m[38;2;255;111;89m[48;2;255;255;255m▀[0m[38;2;255;165;159m[48;2;209;255;255m▀[0m[38;2;255;255;255m[48;2;255;255;255m▀[0m[38;2;243;255;255m[48;2;255;255;255m▀[0m[38;2;255;255;255m[48;2;255;255;255m▀[0m[38;2;255;255;255m[48;2;255;255;255m▀[0m[38;2;255;90;89m[48;2;255;255;255m▀[0m[38;2;255;159;145m[48;2;254;139;136m▀[0m[38;2;160;119;119m[48;2;192;70;68m▀[0m[38;2;61;104;107m[48;2;255;248;250m▀[0m[38;2;244;255;255m[48;2;199;174;172m▀[0m[38;2;179;198;195m[48;2;156;176;174m▀[0m[38;2;202;210;212m[48;2;193;212;210m▀[0m[38;2;187;199;196m[48;2;211;227;228m▀[0m[38;2;102;118;115m[48;2;255;255;255m▀[0m[38;2;193;211;210m[48;2;255;255;255m▀[0m[38;2;143;151;150m[48;2;255;255;255m▀[0m[38;2;0;0;0m[48;2;0;0;0m▀[0m[38;2;0;0;0m[48;2;0;0;0m▀[0m[38;2;0;0;0m[48;2;0;0;0m▀[0m[38;2;0;0;0m[48;2;0;0;0m▀[0m[38;2;0;0;0m[48;2;0;0;0m▀[0m[38;2;16;19;19m[48;2;17;24;24m▀[0m[38;2;70;84;82m[48;2;64;74;74m▀[0m[38;2;0;0;0m[48;2;0;0;0m▀[0m[38;2;0;0;0m[48;2;0;0;0m▀[0m[38;2;0;0;0m[48;2;0;0;0m▀[0m[38;2;0;0;0m[48;2;0;0;0m▀[0m[38;2;0;0;0m[48;2;0;0;0m▀[0m[38;2;231;255;255m[48;2;221;244;244m▀[0m[38;2;255;255;255m[48;2;255;255;255m▀[0m[38;2;216;247;245m[48;2;216;247;244m▀[0m[38;2;211;239;237m[48;2;210;238;236m▀[0m[38;2;211;239;237m[48;2;211;239;236m▀[0m[38;2;211;239;237m[48;2;211;239;237m▀[0m[38;2;211;238;236m[48;2;210;239;236m▀[0m[38;2;210;238;236m[48;2;210;238;236m▀[0m[38;2;209;238;235m[48;2;209;238;235m▀[0m[38;2;210;238;236m[48;2;209;238;235m▀[0m[38;2;209;237;235m[48;2;209;236;235m▀[0m
[38;2;225;248;251m[48;2;159;173;174m▀[0m[38;2;233;255;255m[48;2;255;255;255m▀[0m[38;2;213;244;244m[48;2;214;244;243m▀[0m[38;2;212;239;238m[48;2;231;255;255m▀[0m[38;2;220;245;246m[48;2;210;239;245m▀[0m[38;2;213;242;239m[48;2;225;255;255m▀[0m[38;2;212;242;239m[48;2;218;250;249m▀[0m[38;2;212;240;238m[48;2;225;255;255m▀[0m[38;2;216;246;244m[48;2;226;253;251m▀[0m[38;2;217;245;244m[48;2;226;255;255m▀[0m[38;2;255;255;255m[48;2;255;255;255m▀[0m[38;2;99;115;113m[48;2;33;37;36m▀[0m[38;2;0;0;0m[48;2;0;0;0m▀[0m[38;2;255;255;255m[48;2;255;255;255m▀[0m[38;2;255;255;255m[48;2;255;255;255m▀[0m[38;2;255;255;255m[48;2;255;255;255m▀[0m[38;2;255;255;255m[48;2;255;255;255m▀[0m[38;2;255;255;255m[48;2;255;255;255m▀[0m[38;2;255;255;255m[48;2;255;255;255m▀[0m[38;2;255;255;255m[48;2;255;255;255m▀[0m[38;2;255;255;255m[48;2;255;255;255m▀[0m[38;2;45;50;48m[48;2;255;255;255m▀[0m[38;2;0;0;0m[48;2;255;255;255m▀[0m[38;2;0;0;0m[48;2;0;8;8m▀[0m[38;2;26;35;35m[48;2;0;0;0m▀[0m[38;2;0;0;0m[48;2;0;0;0m▀[0m[38;2;0;1;0m[48;2;0;0;0m▀[0m[38;2;255;255;255m[48;2;255;255;255m▀[0m[38;2;255;255;255m[48;2;255;255;255m▀[0m[38;2;255;255;255m[48;2;255;255;255m▀[0m[38;2;255;255;255m[48;2;255;255;255m▀[0m[38;2;235;255;255m[48;2;255;255;255m▀[0m[38;2;0;0;0m[48;2;0;0;0m▀[0m[38;2;0;0;0m[48;2;0;0;0m▀[0m[38;2;16;27;27m[48;2;86;93;91m▀[0m[38;2;182;203;205m[48;2;255;255;255m▀[0m[38;2;244;255;255m[48;2;255;255;255m▀[0m[38;2;130;77;77m[48;2;231;152;152m▀[0m[38;2;51;72;72m[48;2;0;0;0m▀[0m[38;2;0;0;0m[48;2;0;0;0m▀[0m[38;2;60;102;101m[48;2;0;0;0m▀[0m[38;2;255;255;255m[48;2;174;225;225m▀[0m[38;2;255;255;255m[48;2;255;255;255m▀[0m[38;2;255;255;255m[48;2;174;188;188m▀[0m[38;2;174;237;243m[48;2;140;157;156m▀[0m[38;2;218;130;123m[48;2;182;214;212m▀[0m[38;2;129;60;46m[48;2;0;0;0m▀[0m[38;2;0;17;14m[48;2;17;33;31m▀[0m[38;2;204;210;213m[48;2;255;255;255m▀[0m[38;2;255;255;255m[48;2;255;255;255m▀[0m[38;2;255;255;255m[48;2;255;255;255m▀[0m[38;2;255;255;255m[48;2;255;255;255m▀[0m[38;2;237;255;255m[48;2;117;133;132m▀[0m[38;2;0;0;0m[48;2;0;0;0m▀[0m[38;2;0;0;0m[48;2;0;0;0m▀[0m[38;2;0;0;0m[48;2;0;0;0m▀[0m[38;2;0;0;0m[48;2;0;0;0m▀[0m[38;2;0;0;0m[48;2;0;0;0m▀[0m[38;2;5;9;9m[48;2;0;0;0m▀[0m[38;2;50;63;61m[48;2;0;0;0m▀[0m[38;2;0;0;0m[48;2;0;0;0m▀[0m[38;2;0;0;0m[48;2;0;0;0m▀[0m[38;2;0;0;0m[48;2;70;78;78m▀[0m[38;2;0;0;0m[48;2;0;0;0m▀[0m[38;2;0;0;0m[48;2;0;0;0m▀[0m[38;2;199;222;225m[48;2;191;212;214m▀[0m[38;2;255;255;255m[48;2;255;255;255m▀[0m[38;2;216;249;246m[48;2;217;248;245m▀[0m[38;2;211;240;238m[48;2;212;240;239m▀[0m[38;2;212;240;238m[48;2;212;242;239m▀[0m[38;2;212;240;238m[48;2;212;240;239m▀[0m[38;2;211;240;237m[48;2;212;240;238m▀[0m[38;2;211;239;237m[48;2;211;240;238m▀[0m[38;2;210;239;236m[48;2;211;240;238m▀[0m[38;2;210;239;237m[48;2;210;238;237m▀[0m[38;2;211;239;238m[48;2;221;255;255m▀[0m
[38;2;48;52;51m[48;2;0;0;0m▀[0m[38;2;255;255;255m[48;2;255;255;255m▀[0m[38;2;254;255;255m[48;2;255;255;255m▀[0m[38;2;190;213;213m[48;2;75;85;85m▀[0m[38;2;114;134;136m[48;2;233;255;255m▀[0m[38;2;245;255;255m[48;2;231;255;255m▀[0m[38;2;226;255;255m[48;2;239;255;255m▀[0m[38;2;147;167;167m[48;2;163;190;191m▀[0m[38;2;250;255;255m[48;2;177;196;199m▀[0m[38;2;255;255;255m[48;2;255;255;255m▀[0m[38;2;255;255;255m[48;2;247;255;255m▀[0m[38;2;0;0;0m[48;2;0;0;0m▀[0m[38;2;0;0;0m[48;2;0;0;0m▀[0m[38;2;255;255;255m[48;2;255;255;255m▀[0m[38;2;255;255;255m[48;2;255;255;255m▀[0m[38;2;255;255;255m[48;2;255;255;255m▀[0m[38;2;255;255;255m[48;2;255;255;255m▀[0m[38;2;255;255;255m[48;2;255;255;255m▀[0m[38;2;255;255;255m[48;2;255;255;255m▀[0m[38;2;255;255;255m[48;2;255;255;255m▀[0m[38;2;255;255;255m[48;2;255;255;255m▀[0m[38;2;255;255;255m[48;2;255;255;255m▀[0m[38;2;255;255;255m[48;2;255;255;255m▀[0m[38;2;255;255;255m[48;2;255;255;255m▀[0m[38;2;14;25;25m[48;2;255;255;255m▀[0m[38;2;0;0;0m[48;2;0;0;0m▀[0m[38;2;0;0;0m[48;2;0;0;0m▀[0m[38;2;244;255;255m[48;2;101;114;110m▀[0m[38;2;255;255;255m[48;2;255;255;255m▀[0m[38;2;255;255;255m[48;2;255;255;255m▀[0m[38;2;255;255;255m[48;2;255;255;255m▀[0m[38;2;238;255;255m[48;2;196;213;213m▀[0m[38;2;222;240;242m[48;2;255;255;255m▀[0m[38;2;1;2;2m[48;2;180;195;195m▀[0m[38;2;226;235;233m[48;2;150;160;163m▀[0m[38;2;68;89;89m[48;2;0;12;9m▀[0m[38;2;255;255;255m[48;2;189;212;212m▀[0m[38;2;255;255;255m[48;2;255;255;255m▀[0m[38;2;215;173;174m[48;2;255;228;225m▀[0m[38;2;255;0;0m[48;2;255;0;0m▀[0m[38;2;237;0;0m[48;2;255;255;255m▀[0m[38;2;229;255;255m[48;2;255;255;255m▀[0m[38;2;255;255;255m[48;2;255;255;255m▀[0m[38;2;255;255;255m[48;2;13;20;18m▀[0m[38;2;46;62;61m[48;2;70;86;88m▀[0m[38;2;0;0;0m[48;2;114;127;126m▀[0m[38;2;0;0;0m[48;2;255;255;255m▀[0m[38;2;250;255;255m[48;2;229;248;247m▀[0m[38;2;255;255;255m[48;2;255;255;255m▀[0m[38;2;255;255;255m[48;2;255;255;255m▀[0m[38;2;255;255;255m[48;2;255;255;255m▀[0m[38;2;255;255;255m[48;2;255;255;255m▀[0m[38;2;0;0;0m[48;2;0;0;0m▀[0m[38;2;0;0;0m[48;2;0;0;0m▀[0m[38;2;0;0;0m[48;2;0;0;0m▀[0m[38;2;0;0;0m[48;2;9;18;18m▀[0m[38;2;0;0;0m[48;2;189;196;195m▀[0m[38;2;0;0;0m[48;2;255;255;255m▀[0m[38;2;0;0;0m[48;2;255;255;255m▀[0m[38;2;47;53;53m[48;2;255;255;255m▀[0m[38;2;201;212;212m[48;2;255;255;255m▀[0m[38;2;255;255;255m[48;2;255;255;255m▀[0m[38;2;255;255;255m[48;2;255;255;255m▀[0m[38;2;158;174;174m[48;2;255;255;255m▀[0m[38;2;0;0;0m[48;2;0;0;0m▀[0m[38;2;189;214;214m[48;2;196;223;223m▀[0m[38;2;255;255;255m[48;2;255;255;255m▀[0m[38;2;221;249;246m[48;2;222;250;247m▀[0m[38;2;217;242;239m[48;2;217;246;245m▀[0m[38;2;212;242;239m[48;2;214;243;240m▀[0m[38;2;213;242;239m[48;2;214;243;240m▀[0m[38;2;213;240;238m[48;2;214;243;240m▀[0m[38;2;212;242;239m[48;2;213;243;240m▀[0m[38;2;217;246;242m[48;2;218;246;243m▀[0m[38;2;217;246;243m[48;2;255;255;255m▀[0m[38;2;255;255;255m[48;2;183;207;209m▀[0m
[38;2;55;64;64m[48;2;255;255;255m▀[0m[38;2;172;200;199m[48;2;210;245;247m▀[0m[38;2;107;118;118m[48;2;218;246;246m▀[0m[38;2;202;227;227m[48;2;255;255;255m▀[0m[38;2;244;255;255m[48;2;225;254;253m▀[0m[38;2;226;255;255m[48;2;228;255;255m▀[0m[38;2;222;251;250m[48;2;225;254;253m▀[0m[38;2;240;255;255m[48;2;255;255;255m▀[0m[38;2;182;203;203m[48;2;240;255;255m▀[0m[38;2;255;255;255m[48;2;149;180;180m▀[0m[38;2;7;8;8m[48;2;0;0;0m▀[0m[38;2;0;0;0m[48;2;0;0;0m▀[0m[38;2;0;0;0m[48;2;0;0;0m▀[0m[38;2;143;155;154m[48;2;0;0;0m▀[0m[38;2;255;255;255m[48;2;255;255;255m▀[0m[38;2;255;255;255m[48;2;255;255;255m▀[0m[38;2;255;255;255m[48;2;255;255;255m▀[0m[38;2;255;255;255m[48;2;255;255;255m▀[0m[38;2;255;255;255m[48;2;255;255;255m▀[0m[38;2;255;255;255m[48;2;255;255;255m▀[0m[38;2;255;255;255m[48;2;255;255;255m▀[0m[38;2;255;255;255m[48;2;255;255;255m▀[0m[38;2;255;255;255m[48;2;162;177;180m▀[0m[38;2;255;255;255m[48;2;255;255;255m▀[0m[38;2;255;255;255m[48;2;255;255;255m▀[0m[38;2;9;18;16m[48;2;146;160;162m▀[0m[38;2;0;0;0m[48;2;0;0;0m▀[0m[38;2;0;0;0m[48;2;0;0;0m▀[0m[38;2;255;255;255m[48;2;192;211;210m▀[0m[38;2;255;255;255m[48;2;255;255;255m▀[0m[38;2;255;255;255m[48;2;255;255;255m▀[0m[38;2;182;194;194m[48;2;132;146;148m▀[0m[38;2;240;255;255m[48;2;254;255;255m▀[0m[38;2;255;255;255m[48;2;255;255;255m▀[0m[38;2;141;151;151m[48;2;193;203;201m▀[0m[38;2;48;64;60m[48;2;14;25;23m▀[0m[38;2;0;0;0m[48;2;0;0;0m▀[0m[38;2;2;22;23m[48;2;0;0;0m▀[0m[38;2;255;255;255m[48;2;0;0;0m▀[0m[38;2;255;255;255m[48;2;0;0;0m▀[0m[38;2;255;255;255m[48;2;0;0;0m▀[0m[38;2;73;62;60m[48;2;56;80;80m▀[0m[38;2;0;0;0m[48;2;0;0;0m▀[0m[38;2;0;0;0m[48;2;0;0;0m▀[0m[38;2;38;48;46m[48;2;97;105;102m▀[0m[38;2;237;255;253m[48;2;255;255;255m▀[0m[38;2;255;255;255m[48;2;255;255;255m▀[0m[38;2;181;194;192m[48;2;114;122;119m▀[0m[38;2;255;255;255m[48;2;255;255;255m▀[0m[38;2;255;255;255m[48;2;255;255;255m▀[0m[38;2;255;255;255m[48;2;255;255;255m▀[0m[38;2;124;132;132m[48;2;0;0;0m▀[0m[38;2;0;0;0m[48;2;0;0;0m▀[0m[38;2;0;0;0m[48;2;29;37;37m▀[0m[38;2;107;124;124m[48;2;255;255;255m▀[0m[38;2;255;255;255m[48;2;255;255;255m▀[0m[38;2;255;255;255m[48;2;255;255;255m▀[0m[38;2;255;255;255m[48;2;255;255;255m▀[0m[38;2;255;255;255m[48;2;255;255;255m▀[0m[38;2;255;255;255m[48;2;255;255;255m▀[0m[38;2;255;255;255m[48;2;255;255;255m▀[0m[38;2;255;255;255m[48;2;255;255;255m▀[0m[38;2;255;255;255m[48;2;255;255;255m▀[0m[38;2;255;255;255m[48;2;255;255;255m▀[0m[38;2;0;0;0m[48;2;0;0;0m▀[0m[38;2;213;243;243m[48;2;242;255;255m▀[0m[38;2;255;255;255m[48;2;255;255;255m▀[0m[38;2;236;255;255m[48;2;198;224;223m▀[0m[38;2;225;253;249m[48;2;222;251;250m▀[0m[38;2;221;250;247m[48;2;231;255;255m▀[0m[38;2;220;250;246m[48;2;226;255;253m▀[0m[38;2;216;248;246m[48;2;223;253;250m▀[0m[38;2;224;254;251m[48;2;226;255;251m▀[0m[38;2;227;255;255m[48;2;255;255;255m▀[0m[38;2;255;255;255m[48;2;255;255;255m▀[0m[38;2;7;9;9m[48;2;0;0;0m▀[0m
[38;2;247;255;255m[48;2;176;191;191m▀[0m[38;2;224;254;255m[48;2;255;255;255m▀[0m[38;2;178;200;198m[48;2;77;88;88m▀[0m[38;2;255;255;255m[48;2;233;255;255m▀[0m[38;2;227;255;253m[48;2;255;255;255m▀[0m[38;2;234;255;255m[48;2;234;255;255m▀[0m[38;2;233;255;255m[48;2;255;255;255m▀[0m[38;2;255;255;255m[48;2;129;145;145m▀[0m[38;2;75;83;83m[48;2;0;0;0m▀[0m[38;2;255;255;255m[48;2;255;255;255m▀[0m[38;2;17;23;20m[48;2;34;47;45m▀[0m[38;2;0;0;0m[48;2;47;57;57m▀[0m[38;2;0;0;0m[48;2;0;0;0m▀[0m[38;2;0;0;0m[48;2;0;0;0m▀[0m[38;2;192;211;211m[48;2;0;0;0m▀[0m[38;2;255;255;255m[48;2;255;255;255m▀[0m[38;2;255;255;255m[48;2;255;255;255m▀[0m[38;2;255;255;255m[48;2;255;255;255m▀[0m[38;2;255;255;255m[48;2;255;255;255m▀[0m[38;2;255;255;255m[48;2;221;231;231m▀[0m[38;2;227;231;232m[48;2;72;96;96m▀[0m[38;2;0;0;0m[48;2;50;62;66m▀[0m[38;2;170;180;181m[48;2;255;255;255m▀[0m[38;2;255;255;255m[48;2;255;255;255m▀[0m[38;2;255;255;255m[48;2;255;255;255m▀[0m[38;2;255;255;255m[48;2;255;255;255m▀[0m[38;2;0;0;0m[48;2;0;0;0m▀[0m[38;2;0;0;0m[48;2;0;0;0m▀[0m[38;2;184;211;209m[48;2;166;188;188m▀[0m[38;2;255;255;255m[48;2;255;255;255m▀[0m[38;2;255;255;255m[48;2;229;255;255m▀[0m[38;2;104;126;126m[48;2;49;56;56m▀[0m[38;2;255;255;255m[48;2;102;106;105m▀[0m[38;2;211;223;223m[48;2;19;26;27m▀[0m[38;2;184;200;201m[48;2;50;69;67m▀[0m[38;2;53;64;62m[48;2;199;217;215m▀[0m[38;2;0;0;0m[48;2;253;255;255m▀[0m[38;2;182;212;206m[48;2;220;238;238m▀[0m[38;2;0;0;0m[48;2;255;255;255m▀[0m[38;2;2;7;7m[48;2;255;255;255m▀[0m[38;2;255;255;255m[48;2;212;226;228m▀[0m[38;2;255;255;255m[48;2;236;244;244m▀[0m[38;2;0;0;0m[48;2;213;233;232m▀[0m[38;2;0;0;0m[48;2;112;130;129m▀[0m[38;2;235;251;250m[48;2;195;215;212m▀[0m[38;2;255;255;255m[48;2;169;183;181m▀[0m[38;2;255;255;255m[48;2;255;255;255m▀[0m[38;2;108;119;116m[48;2;141;167;163m▀[0m[38;2;255;255;255m[48;2;255;255;255m▀[0m[38;2;255;255;255m[48;2;255;255;255m▀[0m[38;2;235;253;250m[48;2;82;95;92m▀[0m[38;2;0;0;0m[48;2;0;0;0m▀[0m[38;2;0;0;0m[48;2;75;88;88m▀[0m[38;2;255;255;255m[48;2;255;255;255m▀[0m[38;2;255;255;255m[48;2;255;255;255m▀[0m[38;2;255;255;255m[48;2;145;169;167m▀[0m[38;2;255;255;255m[48;2;127;146;143m▀[0m[38;2;255;255;255m[48;2;255;255;255m▀[0m[38;2;255;255;255m[48;2;255;255;255m▀[0m[38;2;255;255;255m[48;2;255;255;255m▀[0m[38;2;255;255;255m[48;2;255;255;255m▀[0m[38;2;255;255;255m[48;2;255;255;255m▀[0m[38;2;255;255;255m[48;2;255;255;255m▀[0m[38;2;198;213;213m[48;2;73;81;79m▀[0m[38;2;0;0;0m[48;2;0;0;0m▀[0m[38;2;255;255;255m[48;2;255;255;255m▀[0m[38;2;255;255;255m[48;2;192;222;216m▀[0m[38;2;165;191;188m[48;2;255;255;255m▀[0m[38;2;112;128;132m[48;2;61;79;78m▀[0m[38;2;255;255;255m[48;2;81;101;100m▀[0m[38;2;232;255;255m[48;2;255;255;255m▀[0m[38;2;248;255;255m[48;2;178;203;202m▀[0m[38;2;244;255;255m[48;2;162;188;185m▀[0m[38;2;255;255;255m[48;2;255;255;255m▀[0m[38;2;129;141;145m[48;2;28;34;34m▀[0m[38;2;0;0;0m[48;2;0;0;0m▀[0m
[38;2;84;94;94m[48;2;122;137;135m▀[0m[38;2;255;255;255m[48;2;255;255;255m▀[0m[38;2;28;33;31m[48;2;107;123;119m▀[0m[38;2;0;0;0m[48;2;41;44;48m▀[0m[38;2;255;255;255m[48;2;255;255;255m▀[0m[38;2;238;255;255m[48;2;240;255;255m▀[0m[38;2;255;255;255m[48;2;255;255;255m▀[0m[38;2;0;0;0m[48;2;0;0;0m▀[0m[38;2;60;62;67m[48;2;245;255;255m▀[0m[38;2;255;255;255m[48;2;165;183;181m▀[0m[38;2;0;0;0m[48;2;0;0;0m▀[0m[38;2;42;55;55m[48;2;0;0;0m▀[0m[38;2;96;116;118m[48;2;6;6;6m▀[0m[38;2;8;13;13m[48;2;90;105;106m▀[0m[38;2;0;0;0m[48;2;91;110;111m▀[0m[38;2;0;0;0m[48;2;29;39;38m▀[0m[38;2;114;125;124m[48;2;0;0;0m▀[0m[38;2;187;190;188m[48;2;0;0;0m▀[0m[38;2;42;55;53m[48;2;180;199;199m▀[0m[38;2;214;226;226m[48;2;255;255;255m▀[0m[38;2;255;255;255m[48;2;180;196;196m▀[0m[38;2;217;242;243m[48;2;253;255;255m▀[0m[38;2;255;255;255m[48;2;255;255;255m▀[0m[38;2;255;255;255m[48;2;255;255;255m▀[0m[38;2;255;255;255m[48;2;255;255;255m▀[0m[38;2;255;255;255m[48;2;255;255;255m▀[0m[38;2;33;38;38m[48;2;101;106;106m▀[0m[38;2;0;0;0m[48;2;0;0;0m▀[0m[38;2;152;163;157m[48;2;0;0;0m▀[0m[38;2;247;251;251m[48;2;138;167;167m▀[0m[38;2;34;39;38m[48;2;160;183;183m▀[0m[38;2;99;108;104m[48;2;251;255;255m▀[0m[38;2;218;234;234m[48;2;255;255;255m▀[0m[38;2;199;204;209m[48;2;255;255;255m▀[0m[38;2;174;183;184m[48;2;255;255;255m▀[0m[38;2;190;211;211m[48;2;183;206;206m▀[0m[38;2;216;227;231m[48;2;178;193;193m▀[0m[38;2;225;233;233m[48;2;192;200;200m▀[0m[38;2;255;255;255m[48;2;227;240;244m▀[0m[38;2;255;255;255m[48;2;255;255;255m▀[0m[38;2;255;255;255m[48;2;221;236;236m▀[0m[38;2;251;255;255m[48;2;123;139;140m▀[0m[38;2;168;194;194m[48;2;202;216;216m▀[0m[38;2;79;96;100m[48;2;169;180;177m▀[0m[38;2;41;45;45m[48;2;255;255;255m▀[0m[38;2;60;62;63m[48;2;255;255;255m▀[0m[38;2;171;180;179m[48;2;204;248;251m▀[0m[38;2;121;135;136m[48;2;66;84;88m▀[0m[38;2;255;255;255m[48;2;135;144;150m▀[0m[38;2;255;255;255m[48;2;255;255;255m▀[0m[38;2;38;46;44m[48;2;24;28;25m▀[0m[38;2;11;18;18m[48;2;63;74;72m▀[0m[38;2;229;254;249m[48;2;255;255;255m▀[0m[38;2;255;255;255m[48;2;255;255;255m▀[0m[38;2;255;255;255m[48;2;255;255;255m▀[0m[38;2;255;255;255m[48;2;255;255;255m▀[0m[38;2;0;0;0m[48;2;139;155;155m▀[0m[38;2;85;92;91m[48;2;140;156;155m▀[0m[38;2;255;255;255m[48;2;170;182;181m▀[0m[38;2;255;255;255m[48;2;255;255;255m▀[0m[38;2;255;255;255m[48;2;255;255;255m▀[0m[38;2;255;255;255m[48;2;255;255;255m▀[0m[38;2;255;255;255m[48;2;181;198;200m▀[0m[38;2;0;0;0m[48;2;0;0;0m▀[0m[38;2;0;0;0m[48;2;9;9;9m▀[0m[38;2;203;218;222m[48;2;199;213;214m▀[0m[38;2;216;246;245m[48;2;244;255;255m▀[0m[38;2;242;255;255m[48;2;253;255;255m▀[0m[38;2;249;255;255m[48;2;255;255;255m▀[0m[38;2;74;88;84m[48;2;255;255;255m▀[0m[38;2;67;82;84m[48;2;225;255;254m▀[0m[38;2;36;45;41m[48;2;238;255;255m▀[0m[38;2;212;243;240m[48;2;255;255;255m▀[0m[38;2;255;255;255m[48;2;255;255;255m▀[0m[38;2;0;0;0m[48;2;0;0;0m▀[0m[38;2;33;33;33m[48;2;129;143;141m▀[0m
[38;2;198;217;215m[48;2;224;247;247m▀[0m[38;2;255;255;255m[48;2;248;255;255m▀[0m[38;2;180;205;204m[48;2;220;245;242m▀[0m[38;2;173;196;196m[48;2;143;162;162m▀[0m[38;2;255;255;255m[48;2;255;255;255m▀[0m[38;2;249;255;255m[48;2;255;255;255m▀[0m[38;2;255;255;255m[48;2;178;198;196m▀[0m[38;2;44;50;50m[48;2;77;88;90m▀[0m[38;2;255;255;255m[48;2;240;255;255m▀[0m[38;2;0;0;0m[48;2;0;0;0m▀[0m[38;2;0;0;0m[48;2;0;0;0m▀[0m[38;2;0;0;0m[48;2;0;0;0m▀[0m[38;2;0;0;0m[48;2;47;56;58m▀[0m[38;2;0;0;0m[48;2;0;0;0m▀[0m[38;2;0;0;0m[48;2;0;0;0m▀[0m[38;2;44;56;55m[48;2;0;0;0m▀[0m[38;2;0;0;0m[48;2;4;22;17m▀[0m[38;2;122;132;132m[48;2;255;255;255m▀[0m[38;2;255;255;255m[48;2;255;255;255m▀[0m[38;2;255;255;255m[48;2;255;255;255m▀[0m[38;2;244;255;255m[48;2;255;255;255m▀[0m[38;2;255;255;255m[48;2;255;255;255m▀[0m[38;2;255;255;255m[48;2;255;255;255m▀[0m[38;2;255;255;255m[48;2;255;255;255m▀[0m[38;2;255;255;255m[48;2;255;255;255m▀[0m[38;2;255;255;255m[48;2;255;255;255m▀[0m[38;2;162;181;179m[48;2;150;167;167m▀[0m[38;2;0;0;0m[48;2;0;0;0m▀[0m[38;2;143;174;173m[48;2;255;255;255m▀[0m[38;2;225;250;246m[48;2;246;255;255m▀[0m[38;2;255;255;255m[48;2;255;255;255m▀[0m[38;2;255;255;255m[48;2;255;255;255m▀[0m[38;2;255;255;255m[48;2;255;255;255m▀[0m[38;2;255;255;255m[48;2;255;255;255m▀[0m[38;2;255;255;255m[48;2;249;255;255m▀[0m[38;2;255;255;255m[48;2;255;255;255m▀[0m[38;2;161;178;178m[48;2;227;243;243m▀[0m[38;2;123;138;140m[48;2;163;180;184m▀[0m[38;2;255;255;255m[48;2;255;255;255m▀[0m[38;2;255;255;255m[48;2;242;255;255m▀[0m[38;2;228;244;244m[48;2;255;255;255m▀[0m[38;2;255;255;255m[48;2;244;255;255m▀[0m[38;2;195;203;200m[48;2;127;137;137m▀[0m[38;2;195;213;207m[48;2;255;255;255m▀[0m[38;2;255;255;255m[48;2;255;255;255m▀[0m[38;2;255;255;255m[48;2;255;255;255m▀[0m[38;2;255;255;255m[48;2;255;255;255m▀[0m[38;2;178;193;190m[48;2;232;254;254m▀[0m[38;2;59;70;72m[48;2;210;237;235m▀[0m[38;2;214;240;242m[48;2;161;185;183m▀[0m[38;2;3;9;7m[48;2;2;4;0m▀[0m[38;2;95;106;104m[48;2;250;255;255m▀[0m[38;2;255;255;255m[48;2;255;255;255m▀[0m[38;2;255;255;255m[48;2;255;255;255m▀[0m[38;2;255;255;255m[48;2;255;255;255m▀[0m[38;2;255;255;255m[48;2;255;255;255m▀[0m[38;2;192;209;209m[48;2;198;214;213m▀[0m[38;2;255;255;255m[48;2;244;255;255m▀[0m[38;2;196;213;214m[48;2;255;255;255m▀[0m[38;2;99;110;111m[48;2;86;101;103m▀[0m[38;2;255;255;255m[48;2;0;0;0m▀[0m[38;2;237;255;255m[48;2;0;0;0m▀[0m[38;2;0;0;0m[48;2;0;0;0m▀[0m[38;2;0;0;0m[48;2;0;0;0m▀[0m[38;2;0;0;0m[48;2;0;3;3m▀[0m[38;2;180;200;199m[48;2;114;128;127m▀[0m[38;2;255;255;255m[48;2;255;255;255m▀[0m[38;2;250;255;255m[48;2;255;255;255m▀[0m[38;2;255;255;255m[48;2;245;255;255m▀[0m[38;2;185;210;207m[48;2;0;0;0m▀[0m[38;2;211;239;239m[48;2;213;243;240m▀[0m[38;2;251;255;255m[48;2;245;255;255m▀[0m[38;2;255;255;255m[48;2;255;255;255m▀[0m[38;2;218;244;244m[48;2;195;218;221m▀[0m[38;2;0;0;0m[48;2;0;0;0m▀[0m[38;2;119;134;133m[48;2;0;0;0m▀[0m
[38;2;235;255;255m[48;2;242;255;255m▀[0m[38;2;228;255;255m[48;2;226;253;251m▀[0m[38;2;237;255;255m[48;2;226;253;251m▀[0m[38;2;232;255;255m[48;2;232;255;255m▀[0m[38;2;237;255;255m[48;2;236;255;255m▀[0m[38;2;255;255;255m[48;2;248;255;255m▀[0m[38;2;101;122;119m[48;2;255;255;255m▀[0m[38;2;33;48;48m[48;2;0;0;0m▀[0m[38;2;222;249;249m[48;2;255;255;255m▀[0m[38;2;50;60;60m[48;2;113;125;125m▀[0m[38;2;0;0;0m[48;2;0;0;0m▀[0m[38;2;0;0;0m[48;2;0;0;0m▀[0m[38;2;73;84;86m[48;2;71;82;82m▀[0m[38;2;0;0;0m[48;2;0;0;0m▀[0m[38;2;0;0;0m[48;2;0;0;0m▀[0m[38;2;0;0;0m[48;2;0;0;0m▀[0m[38;2;95;116;114m[48;2;192;217;215m▀[0m[38;2;255;255;255m[48;2;255;255;255m▀[0m[38;2;255;255;255m[48;2;255;255;255m▀[0m[38;2;255;255;255m[48;2;255;187;188m▀[0m[38;2;255;255;255m[48;2;255;106;102m▀[0m[38;2;255;195;193m[48;2;255;214;212m▀[0m[38;2;255;201;198m[48;2;255;255;255m▀[0m[38;2;255;224;226m[48;2;255;255;255m▀[0m[38;2;255;255;255m[48;2;255;255;255m▀[0m[38;2;255;255;255m[48;2;255;255;255m▀[0m[38;2;207;221;223m[48;2;255;255;255m▀[0m[38;2;93;110;108m[48;2;155;171;171m▀[0m[38;2;255;255;255m[48;2;255;255;255m▀[0m[38;2;255;255;255m[48;2;255;255;255m▀[0m[38;2;255;255;255m[48;2;255;255;255m▀[0m[38;2;255;255;255m[48;2;255;255;255m▀[0m[38;2;255;255;255m[48;2;255;255;255m▀[0m[38;2;255;255;255m[48;2;246;255;255m▀[0m[38;2;250;255;255m[48;2;255;255;255m▀[0m[38;2;255;255;255m[48;2;255;255;255m▀[0m[38;2;249;255;255m[48;2;255;255;255m▀[0m[38;2;140;150;148m[48;2;86;96;92m▀[0m[38;2;157;176;176m[48;2;159;172;172m▀[0m[38;2;212;227;227m[48;2;184;193;190m▀[0m[38;2;255;255;255m[48;2;255;255;255m▀[0m[38;2;193;210;209m[48;2;177;187;185m▀[0m[38;2;202;231;233m[48;2;240;255;255m▀[0m[38;2;255;255;255m[48;2;255;255;255m▀[0m[38;2;255;255;255m[48;2;245;255;255m▀[0m[38;2;254;255;255m[48;2;255;255;255m▀[0m[38;2;255;255;255m[48;2;255;255;255m▀[0m[38;2;255;255;255m[48;2;255;255;255m▀[0m[38;2;255;255;255m[48;2;255;255;255m▀[0m[38;2;255;255;255m[48;2;255;255;255m▀[0m[38;2;12;16;15m[48;2;123;137;136m▀[0m[38;2;255;255;255m[48;2;255;255;255m▀[0m[38;2;255;255;255m[48;2;255;255;255m▀[0m[38;2;255;255;255m[48;2;255;255;255m▀[0m[38;2;255;255;255m[48;2;255;255;255m▀[0m[38;2;255;255;255m[48;2;255;255;255m▀[0m[38;2;231;250;249m[48;2;255;255;255m▀[0m[38;2;255;255;255m[48;2;255;255;255m▀[0m[38;2;255;255;255m[48;2;255;255;255m▀[0m[38;2;255;255;255m[48;2;255;255;255m▀[0m[38;2;0;0;0m[48;2;119;135;135m▀[0m[38;2;0;4;6m[48;2;0;9;9m▀[0m[38;2;85;100;95m[48;2;0;0;0m▀[0m[38;2;75;92;88m[48;2;0;0;0m▀[0m[38;2;11;18;19m[48;2;0;0;0m▀[0m[38;2;22;20;19m[48;2;0;0;0m▀[0m[38;2;168;189;185m[48;2;55;68;64m▀[0m[38;2;255;255;255m[48;2;255;255;255m▀[0m[38;2;165;181;182m[48;2;201;224;222m▀[0m[38;2;0;0;0m[48;2;113;129;129m▀[0m[38;2;255;255;255m[48;2;255;255;255m▀[0m[38;2;231;255;255m[48;2;232;255;255m▀[0m[38;2;255;255;255m[48;2;255;255;255m▀[0m[38;2;211;232;236m[48;2;238;255;255m▀[0m[38;2;0;0;0m[48;2;0;0;0m▀[0m[38;2;0;0;0m[48;2;0;0;0m▀[0m
[38;2;243;255;255m[48;2;250;255;255m▀[0m[38;2;226;253;251m[48;2;227;254;253m▀[0m[38;2;227;253;251m[48;2;228;253;251m▀[0m[38;2;227;251;251m[48;2;227;251;251m▀[0m[38;2;233;255;255m[48;2;232;254;255m▀[0m[38;2;255;255;255m[48;2;255;255;255m▀[0m[38;2;211;233;233m[48;2;182;205;203m▀[0m[38;2;71;81;79m[48;2;165;183;181m▀[0m[38;2;255;255;255m[48;2;255;255;255m▀[0m[38;2;149;165;165m[48;2;198;218;218m▀[0m[38;2;0;0;0m[48;2;0;0;0m▀[0m[38;2;0;0;0m[48;2;0;0;0m▀[0m[38;2;62;74;79m[48;2;56;70;74m▀[0m[38;2;0;0;0m[48;2;0;0;0m▀[0m[38;2;0;0;0m[48;2;0;0;0m▀[0m[38;2;0;0;0m[48;2;0;0;0m▀[0m[38;2;255;255;255m[48;2;255;255;255m▀[0m[38;2;255;255;255m[48;2;255;255;255m▀[0m[38;2;255;215;207m[48;2;255;255;255m▀[0m[38;2;255;199;195m[48;2;255;255;255m▀[0m[38;2;255;255;255m[48;2;255;255;255m▀[0m[38;2;255;255;255m[48;2;255;228;226m▀[0m[38;2;255;255;255m[48;2;255;248;246m▀[0m[38;2;255;255;255m[48;2;255;255;255m▀[0m[38;2;255;255;255m[48;2;255;255;255m▀[0m[38;2;255;255;255m[48;2;255;255;255m▀[0m[38;2;255;255;255m[48;2;255;255;255m▀[0m[38;2;176;188;188m[48;2;173;191;191m▀[0m[38;2;255;255;255m[48;2;240;254;255m▀[0m[38;2;255;255;255m[48;2;255;255;255m▀[0m[38;2;255;255;255m[48;2;255;255;255m▀[0m[38;2;255;255;255m[48;2;255;255;255m▀[0m[38;2;255;255;255m[48;2;239;249;251m▀[0m[38;2;255;255;255m[48;2;178;184;184m▀[0m[38;2;255;255;255m[48;2;211;220;217m▀[0m[38;2;238;255;255m[48;2;220;238;238m▀[0m[38;2;255;255;255m[48;2;222;235;235m▀[0m[38;2;255;255;255m[48;2;198;212;212m▀[0m[38;2;255;255;255m[48;2;176;184;183m▀[0m[38;2;210;216;214m[48;2;233;246;244m▀[0m[38;2;141;155;150m[48;2;156;170;170m▀[0m[38;2;255;255;255m[48;2;255;255;255m▀[0m[38;2;255;255;255m[48;2;255;255;255m▀[0m[38;2;255;255;255m[48;2;218;233;235m▀[0m[38;2;255;255;255m[48;2;246;255;255m▀[0m[38;2;255;255;255m[48;2;255;255;255m▀[0m[38;2;255;255;255m[48;2;255;255;255m▀[0m[38;2;255;255;255m[48;2;255;255;255m▀[0m[38;2;255;255;255m[48;2;255;255;255m▀[0m[38;2;187;202;201m[48;2;107;123;121m▀[0m[38;2;182;199;198m[48;2;255;255;255m▀[0m[38;2;255;255;255m[48;2;255;255;255m▀[0m[38;2;255;255;255m[48;2;255;255;255m▀[0m[38;2;255;255;255m[48;2;255;255;255m▀[0m[38;2;255;255;255m[48;2;255;255;255m▀[0m[38;2;255;255;255m[48;2;255;255;255m▀[0m[38;2;255;255;255m[48;2;255;255;255m▀[0m[38;2;255;255;255m[48;2;255;255;255m▀[0m[38;2;255;255;255m[48;2;255;255;255m▀[0m[38;2;255;255;255m[48;2;255;255;255m▀[0m[38;2;255;255;255m[48;2;255;255;255m▀[0m[38;2;0;0;0m[48;2;0;0;0m▀[0m[38;2;0;0;0m[48;2;0;0;0m▀[0m[38;2;0;0;0m[48;2;0;0;0m▀[0m[38;2;0;0;0m[48;2;0;0;0m▀[0m[38;2;0;0;0m[48;2;0;0;0m▀[0m[38;2;22;31;28m[48;2;83;97;94m▀[0m[38;2;253;255;255m[48;2;232;255;255m▀[0m[38;2;255;255;255m[48;2;255;255;255m▀[0m[38;2;231;255;255m[48;2;233;255;255m▀[0m[38;2;238;255;255m[48;2;229;255;255m▀[0m[38;2;237;255;255m[48;2;234;255;255m▀[0m[38;2;255;255;255m[48;2;244;255;255m▀[0m[38;2;255;255;255m[48;2;255;255;255m▀[0m[38;2;0;0;0m[48;2;38;42;42m▀[0m[38;2;0;0;0m[48;2;0;0;0m▀[0m
[38;2;239;255;255m[48;2;176;194;195m▀[0m[38;2;240;255;255m[48;2;255;255;255m▀[0m[38;2;226;253;251m[48;2;232;255;255m▀[0m[38;2;227;253;251m[48;2;228;255;255m▀[0m[38;2;227;250;250m[48;2;229;254;254m▀[0m[38;2;251;255;255m[48;2;231;255;255m▀[0m[38;2;171;195;193m[48;2;228;255;255m▀[0m[38;2;163;184;182m[48;2;237;255;255m▀[0m[38;2;255;255;255m[48;2;255;255;255m▀[0m[38;2;234;255;255m[48;2;255;255;255m▀[0m[38;2;0;0;0m[48;2;0;0;0m▀[0m[38;2;0;0;0m[48;2;0;0;0m▀[0m[38;2;45;57;61m[48;2;28;41;46m▀[0m[38;2;0;0;0m[48;2;0;0;0m▀[0m[38;2;0;0;0m[48;2;0;0;0m▀[0m[38;2;64;83;83m[48;2;161;198;198m▀[0m[38;2;255;255;255m[48;2;255;255;255m▀[0m[38;2;255;255;255m[48;2;255;255;255m▀[0m[38;2;255;255;255m[48;2;255;110;110m▀[0m[38;2;255;205;206m[48;2;255;129;127m▀[0m[38;2;255;145;138m[48;2;255;255;255m▀[0m[38;2;255;220;215m[48;2;255;255;255m▀[0m[38;2;255;255;255m[48;2;255;255;255m▀[0m[38;2;255;255;255m[48;2;255;255;255m▀[0m[38;2;255;255;255m[48;2;255;255;255m▀[0m[38;2;255;255;255m[48;2;255;255;255m▀[0m[38;2;255;255;255m[48;2;255;255;255m▀[0m[38;2;255;255;255m[48;2;255;255;255m▀[0m[38;2;0;0;0m[48;2;48;58;56m▀[0m[38;2;167;169;169m[48;2;0;0;0m▀[0m[38;2;162;171;171m[48;2;0;0;0m▀[0m[38;2;34;40;41m[48;2;174;192;192m▀[0m[38;2;144;155;152m[48;2;255;255;255m▀[0m[38;2;249;255;255m[48;2;176;188;187m▀[0m[38;2;234;250;250m[48;2;64;79;75m▀[0m[38;2;187;194;194m[48;2;184;194;192m▀[0m[38;2;154;158;156m[48;2;207;214;215m▀[0m[38;2;165;172;170m[48;2;213;225;225m▀[0m[38;2;137;156;152m[48;2;147;160;161m▀[0m[38;2;191;196;198m[48;2;228;253;254m▀[0m[38;2;168;170;170m[48;2;255;255;255m▀[0m[38;2;119;132;132m[48;2;255;255;255m▀[0m[38;2;201;201;203m[48;2;158;169;171m▀[0m[38;2;221;227;232m[48;2;145;149;150m▀[0m[38;2;132;147;147m[48;2;255;255;255m▀[0m[38;2;123;130;130m[48;2;129;145;145m▀[0m[38;2;255;255;255m[48;2;0;0;0m▀[0m[38;2;255;255;255m[48;2;0;0;0m▀[0m[38;2;154;168;168m[48;2;0;0;0m▀[0m[38;2;134;154;151m[48;2;255;255;255m▀[0m[38;2;255;255;255m[48;2;255;255;255m▀[0m[38;2;255;255;255m[48;2;255;255;255m▀[0m[38;2;255;255;255m[48;2;255;255;255m▀[0m[38;2;255;255;255m[48;2;255;255;255m▀[0m[38;2;255;255;255m[48;2;255;255;255m▀[0m[38;2;255;255;255m[48;2;255;255;255m▀[0m[38;2;255;255;255m[48;2;255;255;255m▀[0m[38;2;255;255;255m[48;2;255;255;255m▀[0m[38;2;255;255;255m[48;2;255;255;255m▀[0m[38;2;255;255;255m[48;2;255;255;255m▀[0m[38;2;255;255;255m[48;2;255;255;255m▀[0m[38;2;0;0;0m[48;2;0;0;0m▀[0m[38;2;0;0;0m[48;2;0;0;0m▀[0m[38;2;0;0;0m[48;2;0;0;0m▀[0m[38;2;0;0;0m[48;2;0;0;0m▀[0m[38;2;0;0;0m[48;2;0;0;0m▀[0m[38;2;199;215;216m[48;2;255;255;255m▀[0m[38;2;255;255;255m[48;2;255;255;255m▀[0m[38;2;248;255;255m[48;2;235;255;255m▀[0m[38;2;222;255;250m[48;2;225;255;255m▀[0m[38;2;225;253;250m[48;2;227;254;253m▀[0m[38;2;229;255;255m[48;2;233;255;255m▀[0m[38;2;236;255;255m[48;2;237;255;255m▀[0m[38;2;255;255;255m[48;2;255;255;255m▀[0m[38;2;123;137;136m[48;2;205;228;227m▀[0m[38;2;0;0;0m[48;2;0;0;0m▀[0m
[38;2;68;78;78m[48;2;0;0;0m▀[0m[38;2;255;255;255m[48;2;255;255;255m▀[0m[38;2;237;255;255m[48;2;251;255;255m▀[0m[38;2;235;255;255m[48;2;238;255;255m▀[0m[38;2;229;254;254m[48;2;229;254;254m▀[0m[38;2;227;254;253m[48;2;227;254;254m▀[0m[38;2;235;255;255m[48;2;233;255;254m▀[0m[38;2;242;255;255m[48;2;238;255;255m▀[0m[38;2;255;255;255m[48;2;255;255;255m▀[0m[38;2;255;255;255m[48;2;238;255;255m▀[0m[38;2;0;0;0m[48;2;0;0;0m▀[0m[38;2;0;0;0m[48;2;0;0;0m▀[0m[38;2;19;31;33m[48;2;7;15;18m▀[0m[38;2;0;0;0m[48;2;0;0;0m▀[0m[38;2;0;0;0m[48;2;0;0;0m▀[0m[38;2;253;255;255m[48;2;255;255;255m▀[0m[38;2;255;255;255m[48;2;255;176;180m▀[0m[38;2;255;0;0m[48;2;255;0;0m▀[0m[38;2;255;145;143m[48;2;255;255;255m▀[0m[38;2;255;255;255m[48;2;255;255;255m▀[0m[38;2;255;255;255m[48;2;255;255;255m▀[0m[38;2;255;255;255m[48;2;255;255;255m▀[0m[38;2;255;255;255m[48;2;255;255;255m▀[0m[38;2;255;255;255m[48;2;255;255;255m▀[0m[38;2;255;255;255m[48;2;255;255;255m▀[0m[38;2;255;255;255m[48;2;255;255;255m▀[0m[38;2;255;255;255m[48;2;255;255;255m▀[0m[38;2;255;255;255m[48;2;255;255;255m▀[0m[38;2;255;255;255m[48;2;255;255;255m▀[0m[38;2;0;0;0m[48;2;50;62;59m▀[0m[38;2;130;143;145m[48;2;254;255;255m▀[0m[38;2;255;255;255m[48;2;255;255;255m▀[0m[38;2;255;255;255m[48;2;255;255;255m▀[0m[38;2;255;255;255m[48;2;255;255;255m▀[0m[38;2;255;255;255m[48;2;255;255;255m▀[0m[38;2;255;255;255m[48;2;255;255;255m▀[0m[38;2;255;255;255m[48;2;255;255;255m▀[0m[38;2;255;255;255m[48;2;255;255;255m▀[0m[38;2;255;255;255m[48;2;255;255;255m▀[0m[38;2;255;246;246m[48;2;255;233;232m▀[0m[38;2;255;255;255m[48;2;255;203;205m▀[0m[38;2;255;255;255m[48;2;255;255;255m▀[0m[38;2;255;255;255m[48;2;255;255;255m▀[0m[38;2;107;123;122m[48;2;255;255;255m▀[0m[38;2;225;243;244m[48;2;232;250;255m▀[0m[38;2;255;255;255m[48;2;255;255;255m▀[0m[38;2;0;0;0m[48;2;143;157;155m▀[0m[38;2;0;0;0m[48;2;40;53;51m▀[0m[38;2;242;255;255m[48;2;255;255;255m▀[0m[38;2;255;255;255m[48;2;255;255;255m▀[0m[38;2;255;255;255m[48;2;255;255;255m▀[0m[38;2;255;255;255m[48;2;255;255;255m▀[0m[38;2;255;255;255m[48;2;255;255;255m▀[0m[38;2;255;255;255m[48;2;255;255;255m▀[0m[38;2;255;255;255m[48;2;255;255;255m▀[0m[38;2;255;255;255m[48;2;255;255;255m▀[0m[38;2;255;255;255m[48;2;255;255;255m▀[0m[38;2;255;255;255m[48;2;255;255;255m▀[0m[38;2;255;255;255m[48;2;255;255;255m▀[0m[38;2;255;255;255m[48;2;255;255;255m▀[0m[38;2;255;255;255m[48;2;255;255;255m▀[0m[38;2;11;16;14m[48;2;38;48;48m▀[0m[38;2;0;0;0m[48;2;0;0;0m▀[0m[38;2;0;0;0m[48;2;0;0;0m▀[0m[38;2;0;0;0m[48;2;0;0;0m▀[0m[38;2;0;0;0m[48;2;0;0;0m▀[0m[38;2;236;255;255m[48;2;214;237;238m▀[0m[38;2;255;255;255m[48;2;255;255;255m▀[0m[38;2;238;255;255m[48;2;237;255;255m▀[0m[38;2;227;255;255m[48;2;228;255;254m▀[0m[38;2;227;255;254m[48;2;227;255;255m▀[0m[38;2;228;255;255m[48;2;228;255;255m▀[0m[38;2;243;255;255m[48;2;240;255;255m▀[0m[38;2;255;255;255m[48;2;255;255;255m▀[0m[38;2;255;255;255m[48;2;255;255;255m▀[0m[38;2;0;0;0m[48;2;0;0;0m▀[0m
[38;2;0;0;0m[48;2;0;0;0m▀[0m[38;2;255;255;255m[48;2;190;205;206m▀[0m[38;2;255;255;255m[48;2;255;255;255m▀[0m[38;2;237;255;255m[48;2;238;255;255m▀[0m[38;2;227;255;255m[48;2;228;255;255m▀[0m[38;2;227;254;254m[48;2;227;254;254m▀[0m[38;2;234;254;255m[48;2;233;255;255m▀[0m[38;2;239;255;255m[48;2;242;255;255m▀[0m[38;2;255;255;255m[48;2;255;255;255m▀[0m[38;2;195;214;214m[48;2;132;147;145m▀[0m[38;2;0;0;0m[48;2;0;0;0m▀[0m[38;2;0;0;0m[48;2;0;0;0m▀[0m[38;2;0;8;9m[48;2;0;8;7m▀[0m[38;2;0;0;0m[48;2;0;0;0m▀[0m[38;2;0;26;24m[48;2;35;56;57m▀[0m[38;2;255;255;255m[48;2;255;189;184m▀[0m[38;2;255;130;128m[48;2;255;255;255m▀[0m[38;2;255;255;255m[48;2;255;255;255m▀[0m[38;2;255;217;215m[48;2;255;255;255m▀[0m[38;2;255;255;255m[48;2;255;255;255m▀[0m[38;2;255;255;255m[48;2;248;255;255m▀[0m[38;2;255;255;255m[48;2;255;255;255m▀[0m[38;2;255;255;255m[48;2;253;255;255m▀[0m[38;2;255;255;255m[48;2;255;255;255m▀[0m[38;2;255;255;255m[48;2;255;255;255m▀[0m[38;2;255;255;255m[48;2;255;255;255m▀[0m[38;2;255;255;255m[48;2;255;255;255m▀[0m[38;2;255;255;255m[48;2;255;255;255m▀[0m[38;2;255;255;255m[48;2;255;255;255m▀[0m[38;2;210;228;228m[48;2;255;255;255m▀[0m[38;2;146;161;161m[48;2;68;79;79m▀[0m[38;2;255;255;255m[48;2;143;168;166m▀[0m[38;2;138;161;163m[48;2;218;233;229m▀[0m[38;2;220;233;229m[48;2;255;255;255m▀[0m[38;2;255;255;255m[48;2;255;255;255m▀[0m[38;2;255;255;255m[48;2;255;255;255m▀[0m[38;2;178;190;192m[48;2;255;255;255m▀[0m[38;2;127;149;148m[48;2;200;216;221m▀[0m[38;2;140;172;172m[48;2;155;170;169m▀[0m[38;2;205;242;240m[48;2;172;211;212m▀[0m[38;2;201;0;0m[48;2;141;110;107m▀[0m[38;2;180;177;179m[48;2;199;82;80m▀[0m[38;2;216;249;250m[48;2;232;255;255m▀[0m[38;2;255;255;255m[48;2;173;199;201m▀[0m[38;2;218;240;243m[48;2;196;226;228m▀[0m[38;2;255;255;255m[48;2;88;106;106m▀[0m[38;2;91;106;104m[48;2;159;180;178m▀[0m[38;2;255;255;255m[48;2;255;255;255m▀[0m[38;2;255;255;255m[48;2;255;255;255m▀[0m[38;2;255;255;255m[48;2;255;255;255m▀[0m[38;2;255;255;255m[48;2;255;255;255m▀[0m[38;2;255;255;255m[48;2;255;236;235m▀[0m[38;2;255;255;255m[48;2;255;214;214m▀[0m[38;2;255;255;255m[48;2;255;200;196m▀[0m[38;2;255;255;255m[48;2;255;215;214m▀[0m[38;2;255;255;255m[48;2;255;255;255m▀[0m[38;2;255;255;255m[48;2;255;255;255m▀[0m[38;2;255;255;255m[48;2;255;255;255m▀[0m[38;2;255;255;255m[48;2;255;255;255m▀[0m[38;2;255;255;255m[48;2;255;255;255m▀[0m[38;2;255;255;255m[48;2;255;255;255m▀[0m[38;2;70;83;83m[48;2;101;112;112m▀[0m[38;2;0;0;0m[48;2;0;0;0m▀[0m[38;2;0;0;0m[48;2;0;0;0m▀[0m[38;2;0;0;0m[48;2;0;0;0m▀[0m[38;2;0;0;0m[48;2;0;0;0m▀[0m[38;2;180;199;200m[48;2;141;152;152m▀[0m[38;2;255;255;255m[48;2;255;255;255m▀[0m[38;2;236;255;255m[48;2;238;255;255m▀[0m[38;2;233;255;255m[48;2;235;255;255m▀[0m[38;2;228;255;255m[48;2;229;255;255m▀[0m[38;2;228;255;255m[48;2;229;255;255m▀[0m[38;2;240;255;255m[48;2;239;255;255m▀[0m[38;2;255;255;255m[48;2;255;255;255m▀[0m[38;2;255;255;255m[48;2;240;255;255m▀[0m[38;2;0;0;0m[48;2;0;0;0m▀[0m
[38;2;0;0;0m[48;2;0;0;0m▀[0m[38;2;77;83;84m[48;2;0;0;0m▀[0m[38;2;255;255;255m[48;2;255;255;255m▀[0m[38;2;243;255;255m[48;2;255;255;255m▀[0m[38;2;233;255;255m[48;2;238;255;255m▀[0m[38;2;228;254;254m[48;2;228;255;255m▀[0m[38;2;237;255;255m[48;2;238;255;255m▀[0m[38;2;248;255;255m[48;2;255;255;255m▀[0m[38;2;255;255;255m[48;2;255;255;255m▀[0m[38;2;60;70;68m[48;2;0;0;0m▀[0m[38;2;0;0;0m[48;2;0;0;0m▀[0m[38;2;0;0;0m[48;2;0;0;0m▀[0m[38;2;0;3;3m[48;2;0;5;5m▀[0m[38;2;0;0;0m[48;2;0;0;0m▀[0m[38;2;122;19;13m[48;2;180;77;71m▀[0m[38;2;255;255;255m[48;2;255;255;255m▀[0m[38;2;255;255;255m[48;2;255;255;255m▀[0m[38;2;255;255;255m[48;2;255;255;255m▀[0m[38;2;255;255;255m[48;2;255;255;255m▀[0m[38;2;255;255;255m[48;2;255;255;255m▀[0m[38;2;238;255;255m[48;2;233;255;255m▀[0m[38;2;255;255;255m[48;2;255;255;255m▀[0m[38;2;251;255;255m[48;2;255;255;255m▀[0m[38;2;250;255;255m[48;2;240;255;255m▀[0m[38;2;255;255;255m[48;2;255;255;255m▀[0m[38;2;255;255;255m[48;2;255;255;255m▀[0m[38;2;255;255;255m[48;2;255;255;255m▀[0m[38;2;255;255;255m[48;2;255;255;255m▀[0m[38;2;255;255;255m[48;2;255;255;255m▀[0m[38;2;255;255;255m[48;2;255;255;255m▀[0m[38;2;121;137;135m[48;2;201;224;222m▀[0m[38;2;206;225;225m[48;2;147;161;161m▀[0m[38;2;255;255;255m[48;2;255;255;255m▀[0m[38;2;255;255;255m[48;2;255;255;255m▀[0m[38;2;255;255;255m[48;2;255;255;255m▀[0m[38;2;255;255;255m[48;2;255;255;255m▀[0m[38;2;255;255;255m[48;2;255;255;255m▀[0m[38;2;255;255;255m[48;2;255;255;255m▀[0m[38;2;255;255;255m[48;2;255;255;255m▀[0m[38;2;255;255;255m[48;2;255;255;255m▀[0m[38;2;215;251;254m[48;2;255;255;255m▀[0m[38;2;255;148;146m[48;2;255;255;255m▀[0m[38;2;255;255;255m[48;2;255;253;253m▀[0m[38;2;255;255;255m[48;2;255;255;255m▀[0m[38;2;156;172;174m[48;2;126;141;139m▀[0m[38;2;16;30;28m[48;2;201;223;220m▀[0m[38;2;255;255;255m[48;2;255;255;255m▀[0m[38;2;255;255;255m[48;2;255;255;255m▀[0m[38;2;255;255;255m[48;2;255;255;255m▀[0m[38;2;255;255;255m[48;2;255;255;255m▀[0m[38;2;255;255;255m[48;2;255;255;255m▀[0m[38;2;255;255;255m[48;2;250;255;255m▀[0m[38;2;248;255;255m[48;2;255;255;255m▀[0m[38;2;248;255;255m[48;2;255;255;255m▀[0m[38;2;251;234;233m[48;2;246;255;255m▀[0m[38;2;255;127;126m[48;2;255;255;255m▀[0m[38;2;255;180;181m[48;2;255;112;110m▀[0m[38;2;251;255;255m[48;2;255;0;0m▀[0m[38;2;255;255;255m[48;2;255;255;255m▀[0m[38;2;255;255;255m[48;2;255;255;255m▀[0m[38;2;255;255;255m[48;2;255;255;255m▀[0m[38;2;123;139;138m[48;2;150;171;169m▀[0m[38;2;0;0;0m[48;2;0;0;0m▀[0m[38;2;0;0;0m[48;2;3;6;8m▀[0m[38;2;0;0;0m[48;2;0;0;0m▀[0m[38;2;0;0;0m[48;2;0;0;0m▀[0m[38;2;92;102;100m[48;2;40;45;44m▀[0m[38;2;255;255;255m[48;2;255;255;255m▀[0m[38;2;243;255;255m[48;2;246;255;255m▀[0m[38;2;236;255;255m[48;2;238;255;255m▀[0m[38;2;229;255;254m[48;2;229;255;255m▀[0m[38;2;237;255;255m[48;2;236;255;255m▀[0m[38;2;240;255;255m[48;2;245;255;255m▀[0m[38;2;255;255;255m[48;2;255;255;255m▀[0m[38;2;182;200;204m[48;2;97;108;108m▀[0m[38;2;0;0;0m[48;2;0;0;0m▀[0m
[38;2;0;0;0m[48;2;0;0;0m▀[0m[38;2;0;0;0m[48;2;0;0;0m▀[0m[38;2;255;255;255m[48;2;239;255;255m▀[0m[38;2;255;255;255m[48;2;255;255;255m▀[0m[38;2;238;255;255m[48;2;240;255;255m▀[0m[38;2;229;255;255m[48;2;234;255;255m▀[0m[38;2;238;255;255m[48;2;238;255;255m▀[0m[38;2;255;255;255m[48;2;255;255;255m▀[0m[38;2;255;255;255m[48;2;255;255;255m▀[0m[38;2;0;0;0m[48;2;0;0;0m▀[0m[38;2;0;0;0m[48;2;0;0;0m▀[0m[38;2;0;0;0m[48;2;0;0;0m▀[0m[38;2;0;0;0m[48;2;0;0;0m▀[0m[38;2;0;0;0m[48;2;0;0;0m▀[0m[38;2;214;227;231m[48;2;255;255;255m▀[0m[38;2;255;255;255m[48;2;255;255;255m▀[0m[38;2;255;255;255m[48;2;255;255;255m▀[0m[38;2;255;255;255m[48;2;255;255;255m▀[0m[38;2;255;255;255m[48;2;255;255;255m▀[0m[38;2;255;255;255m[48;2;255;255;255m▀[0m[38;2;235;255;255m[48;2;239;255;255m▀[0m[38;2;255;255;255m[48;2;255;255;255m▀[0m[38;2;255;255;255m[48;2;255;255;255m▀[0m[38;2;232;255;255m[48;2;232;255;255m▀[0m[38;2;255;255;255m[48;2;255;255;255m▀[0m[38;2;255;255;255m[48;2;255;255;255m▀[0m[38;2;255;255;255m[48;2;255;255;255m▀[0m[38;2;255;255;255m[48;2;255;255;255m▀[0m[38;2;255;255;255m[48;2;255;255;255m▀[0m[38;2;255;255;255m[48;2;255;255;255m▀[0m[38;2;255;255;255m[48;2;255;255;255m▀[0m[38;2;72;84;82m[48;2;62;71;69m▀[0m[38;2;255;255;255m[48;2;28;33;35m▀[0m[38;2;255;255;255m[48;2;88;93;95m▀[0m[38;2;174;180;182m[48;2;167;187;189m▀[0m[38;2;130;138;137m[48;2;240;255;255m▀[0m[38;2;132;136;138m[48;2;255;255;255m▀[0m[38;2;177;189;191m[48;2;179;200;198m▀[0m[38;2;160;174;174m[48;2;232;251;254m▀[0m[38;2;139;149;148m[48;2;255;255;255m▀[0m[38;2;122;138;138m[48;2;237;255;255m▀[0m[38;2;199;212;212m[48;2;125;143;143m▀[0m[38;2;255;255;255m[48;2;145;157;157m▀[0m[38;2;255;255;255m[48;2;63;77;74m▀[0m[38;2;73;86;85m[48;2;176;190;190m▀[0m[38;2;255;255;255m[48;2;255;255;255m▀[0m[38;2;255;255;255m[48;2;255;255;255m▀[0m[38;2;255;255;255m[48;2;255;255;255m▀[0m[38;2;255;255;255m[48;2;255;255;255m▀[0m[38;2;255;255;255m[48;2;255;255;255m▀[0m[38;2;255;255;255m[48;2;255;255;255m▀[0m[38;2;237;255;255m[48;2;236;255;255m▀[0m[38;2;255;255;255m[48;2;255;255;255m▀[0m[38;2;255;255;255m[48;2;250;255;255m▀[0m[38;2;244;255;255m[48;2;244;255;255m▀[0m[38;2;255;255;255m[48;2;255;255;255m▀[0m[38;2;255;255;255m[48;2;255;255;255m▀[0m[38;2;255;19;17m[48;2;255;243;240m▀[0m[38;2;255;64;63m[48;2;255;0;0m▀[0m[38;2;255;255;255m[48;2;255;255;255m▀[0m[38;2;255;255;255m[48;2;255;255;255m▀[0m[38;2;170;193;193m[48;2;205;232;231m▀[0m[38;2;0;0;0m[48;2;0;0;0m▀[0m[38;2;0;0;0m[48;2;0;0;0m▀[0m[38;2;0;0;0m[48;2;0;0;0m▀[0m[38;2;0;0;0m[48;2;0;0;0m▀[0m[38;2;0;0;0m[48;2;0;0;0m▀[0m[38;2;255;255;255m[48;2;255;255;255m▀[0m[38;2;255;255;255m[48;2;255;255;255m▀[0m[38;2;239;255;255m[48;2;240;255;255m▀[0m[38;2;229;255;255m[48;2;229;255;255m▀[0m[38;2;238;255;255m[48;2;239;255;255m▀[0m[38;2;255;255;255m[48;2;255;255;255m▀[0m[38;2;255;255;255m[48;2;255;255;255m▀[0m[38;2;2;6;3m[48;2;0;0;0m▀[0m[38;2;0;0;0m[48;2;0;0;0m▀[0m
[38;2;0;0;0m[48;2;0;0;0m▀[0m[38;2;0;0;0m[48;2;0;0;0m▀[0m[38;2;181;200;202m[48;2;118;127;133m▀[0m[38;2;255;255;255m[48;2;255;255;255m▀[0m[38;2;242;255;255m[48;2;243;255;255m▀[0m[38;2;236;255;255m[48;2;237;255;255m▀[0m[38;2;238;255;255m[48;2;239;255;255m▀[0m[38;2;255;255;255m[48;2;255;255;255m▀[0m[38;2;233;255;255m[48;2;217;246;246m▀[0m[38;2;0;0;0m[48;2;0;0;0m▀[0m[38;2;0;0;0m[48;2;0;0;0m▀[0m[38;2;0;0;0m[48;2;0;0;0m▀[0m[38;2;0;0;0m[48;2;0;0;0m▀[0m[38;2;0;0;0m[48;2;0;0;0m▀[0m[38;2;255;255;255m[48;2;255;255;255m▀[0m[38;2;255;255;255m[48;2;255;255;255m▀[0m[38;2;255;255;255m[48;2;255;255;255m▀[0m[38;2;255;255;255m[48;2;255;255;255m▀[0m[38;2;255;255;255m[48;2;255;255;255m▀[0m[38;2;255;255;255m[48;2;255;255;255m▀[0m[38;2;248;255;255m[48;2;255;255;255m▀[0m[38;2;235;255;255m[48;2;233;255;255m▀[0m[38;2;255;255;255m[48;2;255;255;255m▀[0m[38;2;238;255;255m[48;2;248;255;255m▀[0m[38;2;255;255;255m[48;2;255;255;255m▀[0m[38;2;255;255;255m[48;2;255;255;255m▀[0m[38;2;255;255;255m[48;2;255;255;255m▀[0m[38;2;255;255;255m[48;2;255;255;255m▀[0m[38;2;255;255;255m[48;2;255;255;255m▀[0m[38;2;255;255;255m[48;2;244;255;255m▀[0m[38;2;255;255;255m[48;2;235;255;255m▀[0m[38;2;162;170;170m[48;2;250;255;255m▀[0m[38;2;239;253;253m[48;2;255;255;255m▀[0m[38;2;255;255;255m[48;2;247;255;255m▀[0m[38;2;255;255;255m[48;2;220;246;246m▀[0m[38;2;236;255;255m[48;2;255;255;255m▀[0m[38;2;227;255;255m[48;2;173;196;196m▀[0m[38;2;110;122;123m[48;2;108;111;113m▀[0m[38;2;174;198;195m[48;2;123;137;141m▀[0m[38;2;242;255;255m[48;2;255;255;255m▀[0m[38;2;217;251;250m[48;2;229;253;251m▀[0m[38;2;255;255;255m[48;2;214;240;240m▀[0m[38;2;255;255;255m[48;2;255;255;255m▀[0m[38;2;39;47;45m[48;2;220;227;227m▀[0m[38;2;255;255;255m[48;2;255;255;255m▀[0m[38;2;255;255;255m[48;2;255;255;255m▀[0m[38;2;255;255;255m[48;2;255;255;255m▀[0m[38;2;255;255;255m[48;2;255;255;255m▀[0m[38;2;255;255;255m[48;2;255;255;255m▀[0m[38;2;255;255;255m[48;2;255;255;255m▀[0m[38;2;243;255;255m[48;2;232;255;255m▀[0m[38;2;245;255;255m[48;2;255;255;255m▀[0m[38;2;255;255;255m[48;2;255;255;255m▀[0m[38;2;231;255;255m[48;2;224;255;255m▀[0m[38;2;250;255;255m[48;2;255;255;255m▀[0m[38;2;255;255;255m[48;2;255;255;255m▀[0m[38;2;255;255;255m[48;2;255;255;255m▀[0m[38;2;255;236;235m[48;2;255;225;218m▀[0m[38;2;255;118;117m[48;2;255;244;237m▀[0m[38;2;255;148;143m[48;2;255;209;205m▀[0m[38;2;255;255;255m[48;2;255;255;255m▀[0m[38;2;245;255;255m[48;2;255;255;255m▀[0m[38;2;0;0;0m[48;2;0;0;0m▀[0m[38;2;0;0;0m[48;2;0;0;0m▀[0m[38;2;0;0;0m[48;2;0;0;0m▀[0m[38;2;0;0;0m[48;2;0;0;0m▀[0m[38;2;0;0;0m[48;2;0;0;0m▀[0m[38;2;255;255;255m[48;2;223;247;247m▀[0m[38;2;255;255;255m[48;2;255;255;255m▀[0m[38;2;240;255;255m[48;2;240;255;255m▀[0m[38;2;235;255;255m[48;2;237;255;255m▀[0m[38;2;239;255;255m[48;2;243;255;255m▀[0m[38;2;255;255;255m[48;2;255;255;255m▀[0m[38;2;199;217;217m[48;2;108;121;121m▀[0m[38;2;0;0;0m[48;2;0;0;0m▀[0m[38;2;0;0;0m[48;2;0;0;0m▀[0m
[38;2;0;0;0m[48;2;0;0;0m▀[0m[38;2;0;0;0m[48;2;0;0;0m▀[0m[38;2;66;72;74m[48;2;24;25;26m▀[0m[38;2;255;255;255m[48;2;255;255;255m▀[0m[38;2;244;255;255m[48;2;250;255;255m▀[0m[38;2;238;255;255m[48;2;239;255;255m▀[0m[38;2;239;255;255m[48;2;240;255;255m▀[0m[38;2;255;255;255m[48;2;255;255;255m▀[0m[38;2;217;243;245m[48;2;236;255;255m▀[0m[38;2;0;0;0m[48;2;0;0;0m▀[0m[38;2;0;0;0m[48;2;0;0;0m▀[0m[38;2;0;0;0m[48;2;0;0;0m▀[0m[38;2;0;0;0m[48;2;0;0;0m▀[0m[38;2;0;0;0m[48;2;0;0;0m▀[0m[38;2;255;255;255m[48;2;255;255;255m▀[0m[38;2;255;255;255m[48;2;255;255;255m▀[0m[38;2;255;255;255m[48;2;255;255;255m▀[0m[38;2;255;255;255m[48;2;255;255;255m▀[0m[38;2;255;255;255m[48;2;255;255;255m▀[0m[38;2;255;255;255m[48;2;255;255;255m▀[0m[38;2;255;255;255m[48;2;255;255;255m▀[0m[38;2;247;255;255m[48;2;255;255;255m▀[0m[38;2;255;255;255m[48;2;249;255;255m▀[0m[38;2;255;255;255m[48;2;251;255;255m▀[0m[38;2;251;255;255m[48;2;255;255;255m▀[0m[38;2;255;255;255m[48;2;255;255;255m▀[0m[38;2;255;255;255m[48;2;255;255;255m▀[0m[38;2;255;255;255m[48;2;255;255;255m▀[0m[38;2;255;255;255m[48;2;255;255;255m▀[0m[38;2;255;255;255m[48;2;255;255;255m▀[0m[38;2;200;227;227m[48;2;221;246;246m▀[0m[38;2;240;255;255m[48;2;202;227;226m▀[0m[38;2;255;255;255m[48;2;255;255;255m▀[0m[38;2;217;246;246m[48;2;213;239;240m▀[0m[38;2;255;255;255m[48;2;255;255;255m▀[0m[38;2;255;255;255m[48;2;196;217;217m▀[0m[38;2;113;129;127m[48;2;160;174;174m▀[0m[38;2;6;8;9m[48;2;156;177;178m▀[0m[38;2;63;73;78m[48;2;172;190;194m▀[0m[38;2;255;255;255m[48;2;176;199;201m▀[0m[38;2;255;255;255m[48;2;255;255;255m▀[0m[38;2;210;234;232m[48;2;211;234;233m▀[0m[38;2;255;255;255m[48;2;255;255;255m▀[0m[38;2;255;255;255m[48;2;225;247;247m▀[0m[38;2;247;255;255m[48;2;188;211;212m▀[0m[38;2;196;225;226m[48;2;222;255;255m▀[0m[38;2;255;255;255m[48;2;255;255;255m▀[0m[38;2;255;255;255m[48;2;255;255;255m▀[0m[38;2;255;255;255m[48;2;255;255;255m▀[0m[38;2;255;255;255m[48;2;250;255;255m▀[0m[38;2;234;255;255m[48;2;246;255;255m▀[0m[38;2;255;255;255m[48;2;255;255;255m▀[0m[38;2;255;255;255m[48;2;231;255;255m▀[0m[38;2;235;255;255m[48;2;253;255;255m▀[0m[38;2;255;255;255m[48;2;255;255;255m▀[0m[38;2;255;255;255m[48;2;255;255;255m▀[0m[38;2;255;255;255m[48;2;255;255;255m▀[0m[38;2;255;242;233m[48;2;255;255;255m▀[0m[38;2;255;255;255m[48;2;255;255;255m▀[0m[38;2;255;255;255m[48;2;255;255;255m▀[0m[38;2;255;255;255m[48;2;255;255;255m▀[0m[38;2;255;255;255m[48;2;220;255;255m▀[0m[38;2;0;0;0m[48;2;0;0;0m▀[0m[38;2;0;0;0m[48;2;0;0;0m▀[0m[38;2;0;0;0m[48;2;0;0;0m▀[0m[38;2;0;0;0m[48;2;0;0;0m▀[0m[38;2;0;0;0m[48;2;0;0;0m▀[0m[38;2;183;204;203m[48;2;156;174;176m▀[0m[38;2;255;255;255m[48;2;255;255;255m▀[0m[38;2;240;255;255m[48;2;242;255;255m▀[0m[38;2;242;255;255m[48;2;245;255;255m▀[0m[38;2;249;255;255m[48;2;255;255;255m▀[0m[38;2;255;255;255m[48;2;255;255;255m▀[0m[38;2;41;49;49m[48;2;0;0;0m▀[0m[38;2;0;0;0m[48;2;0;0;0m▀[0m[38;2;0;0;0m[48;2;0;0;0m▀[0m
[38;2;0;0;0m[48;2;3;11;12m▀[0m[38;2;0;0;0m[48;2;0;0;0m▀[0m[38;2;0;0;0m[48;2;0;0;0m▀[0m[38;2;255;255;255m[48;2;255;255;255m▀[0m[38;2;254;255;255m[48;2;255;255;255m▀[0m[38;2;237;255;255m[48;2;238;255;255m▀[0m[38;2;240;255;255m[48;2;240;255;255m▀[0m[38;2;255;255;255m[48;2;255;255;255m▀[0m[38;2;255;255;255m[48;2;255;255;255m▀[0m[38;2;0;0;0m[48;2;0;0;0m▀[0m[38;2;0;0;0m[48;2;0;0;0m▀[0m[38;2;0;0;0m[48;2;0;5;6m▀[0m[38;2;0;0;0m[48;2;0;0;0m▀[0m[38;2;0;0;0m[48;2;0;0;0m▀[0m[38;2;255;255;255m[48;2;255;255;255m▀[0m[38;2;255;255;255m[48;2;255;255;255m▀[0m[38;2;255;255;255m[48;2;255;255;255m▀[0m[38;2;255;255;255m[48;2;189;203;202m▀[0m[38;2;255;255;255m[48;2;235;244;246m▀[0m[38;2;234;244;243m[48;2;167;179;177m▀[0m[38;2;255;255;255m[48;2;255;255;255m▀[0m[38;2;255;255;255m[48;2;255;255;255m▀[0m[38;2;255;255;255m[48;2;255;255;255m▀[0m[38;2;255;255;255m[48;2;255;255;255m▀[0m[38;2;255;255;255m[48;2;239;255;255m▀[0m[38;2;255;255;255m[48;2;237;255;255m▀[0m[38;2;255;255;255m[48;2;247;255;255m▀[0m[38;2;255;255;255m[48;2;255;255;255m▀[0m[38;2;255;255;255m[48;2;255;255;255m▀[0m[38;2;255;255;255m[48;2;255;255;255m▀[0m[38;2;247;255;255m[48;2;255;255;255m▀[0m[38;2;209;232;233m[48;2;223;250;249m▀[0m[38;2;255;255;255m[48;2;253;255;255m▀[0m[38;2;225;247;248m[48;2;234;255;255m▀[0m[38;2;255;255;255m[48;2;236;255;255m▀[0m[38;2;141;160;158m[48;2;68;81;77m▀[0m[38;2;114;124;122m[48;2;185;201;204m▀[0m[38;2;27;38;38m[48;2;255;255;255m▀[0m[38;2;148;149;152m[48;2;145;151;152m▀[0m[38;2;172;185;183m[48;2;105;116;114m▀[0m[38;2;251;255;255m[48;2;227;255;253m▀[0m[38;2;218;244;243m[48;2;233;253;255m▀[0m[38;2;255;255;255m[48;2;247;255;255m▀[0m[38;2;200;229;227m[48;2;204;240;238m▀[0m[38;2;205;240;243m[48;2;255;255;255m▀[0m[38;2;255;255;255m[48;2;255;255;255m▀[0m[38;2;255;255;255m[48;2;255;255;255m▀[0m[38;2;255;255;255m[48;2;255;255;255m▀[0m[38;2;255;255;255m[48;2;255;255;255m▀[0m[38;2;242;255;255m[48;2;250;255;255m▀[0m[38;2;254;255;255m[48;2;237;255;255m▀[0m[38;2;249;255;255m[48;2;239;255;255m▀[0m[38;2;237;255;255m[48;2;255;255;255m▀[0m[38;2;255;255;255m[48;2;255;255;255m▀[0m[38;2;255;255;255m[48;2;255;255;255m▀[0m[38;2;255;255;255m[48;2;255;255;255m▀[0m[38;2;255;255;255m[48;2;255;255;255m▀[0m[38;2;255;255;255m[48;2;255;255;255m▀[0m[38;2;255;255;255m[48;2;255;255;255m▀[0m[38;2;255;255;255m[48;2;255;255;255m▀[0m[38;2;255;255;255m[48;2;255;255;255m▀[0m[38;2;189;213;213m[48;2;137;151;151m▀[0m[38;2;0;0;0m[48;2;0;0;0m▀[0m[38;2;0;0;0m[48;2;0;7;7m▀[0m[38;2;0;0;0m[48;2;4;14;11m▀[0m[38;2;0;0;0m[48;2;0;4;2m▀[0m[38;2;0;0;0m[48;2;0;0;0m▀[0m[38;2;133;151;154m[48;2;127;150;149m▀[0m[38;2;255;255;255m[48;2;255;255;255m▀[0m[38;2;240;255;255m[48;2;244;255;255m▀[0m[38;2;245;255;255m[48;2;246;255;255m▀[0m[38;2;255;255;255m[48;2;255;255;255m▀[0m[38;2;255;255;255m[48;2;255;255;255m▀[0m[38;2;0;0;0m[48;2;0;0;0m▀[0m[38;2;0;0;0m[48;2;0;0;0m▀[0m[38;2;0;0;0m[48;2;0;0;0m▀[0m
[38;2;0;0;0m[48;2;0;0;2m▀[0m[38;2;0;0;0m[48;2;0;0;0m▀[0m[38;2;20;26;26m[48;2;111;125;125m▀[0m[38;2;255;255;255m[48;2;255;255;255m▀[0m[38;2;250;255;255m[48;2;245;255;255m▀[0m[38;2;242;255;255m[48;2;240;255;255m▀[0m[38;2;239;255;255m[48;2;237;255;255m▀[0m[38;2;249;255;255m[48;2;243;255;255m▀[0m[38;2;255;255;255m[48;2;255;255;255m▀[0m[38;2;31;34;34m[48;2;146;162;162m▀[0m[38;2;0;0;0m[48;2;0;0;0m▀[0m[38;2;0;0;0m[48;2;1;5;7m▀[0m[38;2;0;0;0m[48;2;0;8;8m▀[0m[38;2;0;0;0m[48;2;0;0;0m▀[0m[38;2;255;255;255m[48;2;205;224;223m▀[0m[38;2;255;255;255m[48;2;255;255;255m▀[0m[38;2;255;255;255m[48;2;255;255;255m▀[0m[38;2;249;255;255m[48;2;207;217;216m▀[0m[38;2;163;177;172m[48;2;182;199;196m▀[0m[38;2;255;255;255m[48;2;255;255;255m▀[0m[38;2;255;255;255m[48;2;255;255;255m▀[0m[38;2;255;255;255m[48;2;255;255;255m▀[0m[38;2;255;255;255m[48;2;255;255;255m▀[0m[38;2;239;255;255m[48;2;235;255;255m▀[0m[38;2;255;255;255m[48;2;255;255;255m▀[0m[38;2;255;255;255m[48;2;255;255;255m▀[0m[38;2;238;255;255m[48;2;255;255;255m▀[0m[38;2;249;255;255m[48;2;232;255;255m▀[0m[38;2;255;255;255m[48;2;255;255;255m▀[0m[38;2;255;255;255m[48;2;255;255;255m▀[0m[38;2;255;255;255m[48;2;255;255;255m▀[0m[38;2;253;255;255m[48;2;255;255;255m▀[0m[38;2;246;255;255m[48;2;255;255;255m▀[0m[38;2;233;255;255m[48;2;249;255;255m▀[0m[38;2;247;255;255m[48;2;245;255;255m▀[0m[38;2;39;50;48m[48;2;128;146;144m▀[0m[38;2;255;255;255m[48;2;231;243;244m▀[0m[38;2;255;255;255m[48;2;255;255;255m▀[0m[38;2;188;193;192m[48;2;77;79;77m▀[0m[38;2;85;99;97m[48;2;169;193;191m▀[0m[38;2;251;255;255m[48;2;242;255;255m▀[0m[38;2;233;255;255m[48;2;255;255;255m▀[0m[38;2;243;255;255m[48;2;255;255;255m▀[0m[38;2;250;255;255m[48;2;255;255;255m▀[0m[38;2;255;255;255m[48;2;255;255;255m▀[0m[38;2;255;255;255m[48;2;255;255;255m▀[0m[38;2;255;255;255m[48;2;248;255;255m▀[0m[38;2;255;255;255m[48;2;238;255;255m▀[0m[38;2;255;255;255m[48;2;251;255;255m▀[0m[38;2;255;255;255m[48;2;249;255;255m▀[0m[38;2;255;255;255m[48;2;255;255;255m▀[0m[38;2;255;255;255m[48;2;255;255;255m▀[0m[38;2;255;255;255m[48;2;255;255;255m▀[0m[38;2;255;255;255m[48;2;255;255;255m▀[0m[38;2;255;255;255m[48;2;255;255;255m▀[0m[38;2;255;255;255m[48;2;255;255;255m▀[0m[38;2;255;255;255m[48;2;255;255;255m▀[0m[38;2;255;255;255m[48;2;255;255;255m▀[0m[38;2;255;255;255m[48;2;255;255;255m▀[0m[38;2;255;255;255m[48;2;255;255;255m▀[0m[38;2;255;255;255m[48;2;255;255;255m▀[0m[38;2;90;95;95m[48;2;15;23;22m▀[0m[38;2;0;0;0m[48;2;0;0;0m▀[0m[38;2;0;0;0m[48;2;0;0;0m▀[0m[38;2;0;3;3m[48;2;0;4;4m▀[0m[38;2;0;0;0m[48;2;0;0;0m▀[0m[38;2;0;0;0m[48;2;0;0;0m▀[0m[38;2;125;140;140m[48;2;126;141;141m▀[0m[38;2;255;255;255m[48;2;255;255;255m▀[0m[38;2;244;255;255m[48;2;245;255;255m▀[0m[38;2;247;255;255m[48;2;246;255;255m▀[0m[38;2;255;255;255m[48;2;255;255;255m▀[0m[38;2;255;255;255m[48;2;251;255;255m▀[0m[38;2;0;0;0m[48;2;0;0;0m▀[0m[38;2;0;0;0m[48;2;0;0;0m▀[0m[38;2;0;0;0m[48;2;0;0;0m▀[0m
[38;2;0;0;0m[48;2;0;0;0m▀[0m[38;2;0;0;0m[48;2;0;0;0m▀[0m[38;2;215;236;236m[48;2;255;255;255m▀[0m[38;2;255;255;255m[48;2;255;255;255m▀[0m[38;2;255;255;255m[48;2;209;236;232m▀[0m[38;2;238;255;255m[48;2;247;255;255m▀[0m[38;2;237;255;255m[48;2;236;255;255m▀[0m[38;2;243;255;255m[48;2;245;255;255m▀[0m[38;2;255;255;255m[48;2;255;255;255m▀[0m[38;2;255;255;255m[48;2;255;255;255m▀[0m[38;2;0;0;0m[48;2;0;0;0m▀[0m[38;2;0;0;0m[48;2;0;0;0m▀[0m[38;2;0;0;0m[48;2;0;0;0m▀[0m[38;2;0;0;0m[48;2;0;0;0m▀[0m[38;2;86;97;96m[48;2;0;0;0m▀[0m[38;2;255;255;255m[48;2;255;255;255m▀[0m[38;2;255;255;255m[48;2;255;255;255m▀[0m[38;2;161;172;169m[48;2;163;176;176m▀[0m[38;2;227;245;247m[48;2;255;255;255m▀[0m[38;2;255;255;255m[48;2;255;255;255m▀[0m[38;2;255;255;255m[48;2;255;255;255m▀[0m[38;2;255;255;255m[48;2;255;255;255m▀[0m[38;2;255;255;255m[48;2;255;255;255m▀[0m[38;2;246;255;255m[48;2;255;255;255m▀[0m[38;2;232;255;255m[48;2;236;255;255m▀[0m[38;2;255;255;255m[48;2;239;255;255m▀[0m[38;2;255;255;255m[48;2;255;255;255m▀[0m[38;2;244;255;255m[48;2;235;255;255m▀[0m[38;2;248;255;255m[48;2;253;255;255m▀[0m[38;2;255;255;255m[48;2;255;255;255m▀[0m[38;2;255;255;255m[48;2;255;255;255m▀[0m[38;2;255;255;255m[48;2;255;255;255m▀[0m[38;2;255;255;255m[48;2;255;255;255m▀[0m[38;2;255;255;255m[48;2;255;255;255m▀[0m[38;2;239;255;255m[48;2;255;255;255m▀[0m[38;2;195;218;215m[48;2;246;255;255m▀[0m[38;2;171;182;181m[48;2;177;195;195m▀[0m[38;2;255;255;255m[48;2;151;155;154m▀[0m[38;2;78;94;90m[48;2;205;232;231m▀[0m[38;2;235;255;255m[48;2;242;255;255m▀[0m[38;2;232;255;255m[48;2;255;255;255m▀[0m[38;2;255;255;255m[48;2;255;255;255m▀[0m[38;2;255;255;255m[48;2;255;255;255m▀[0m[38;2;255;255;255m[48;2;255;255;255m▀[0m[38;2;255;255;255m[48;2;255;255;255m▀[0m[38;2;251;255;255m[48;2;236;255;255m▀[0m[38;2;231;255;255m[48;2;250;255;255m▀[0m[38;2;255;255;255m[48;2;255;255;255m▀[0m[38;2;255;255;255m[48;2;255;255;255m▀[0m[38;2;255;255;255m[48;2;255;255;255m▀[0m[38;2;248;255;255m[48;2;248;255;255m▀[0m[38;2;255;255;255m[48;2;255;255;255m▀[0m[38;2;255;255;255m[48;2;255;255;255m▀[0m[38;2;255;255;255m[48;2;255;255;255m▀[0m[38;2;255;255;255m[48;2;255;255;255m▀[0m[38;2;255;255;255m[48;2;255;255;255m▀[0m[38;2;255;255;255m[48;2;255;255;255m▀[0m[38;2;255;255;255m[48;2;255;255;255m▀[0m[38;2;255;255;255m[48;2;255;255;255m▀[0m[38;2;255;255;255m[48;2;255;255;255m▀[0m[38;2;255;255;255m[48;2;255;255;255m▀[0m[38;2;0;0;0m[48;2;0;0;0m▀[0m[38;2;0;0;0m[48;2;0;0;0m▀[0m[38;2;0;0;0m[48;2;0;0;0m▀[0m[38;2;0;5;3m[48;2;0;0;0m▀[0m[38;2;3;11;11m[48;2;0;0;0m▀[0m[38;2;0;0;0m[48;2;0;0;0m▀[0m[38;2;151;171;171m[48;2;231;255;255m▀[0m[38;2;255;255;255m[48;2;255;255;255m▀[0m[38;2;242;255;255m[48;2;245;255;255m▀[0m[38;2;240;255;255m[48;2;244;255;255m▀[0m[38;2;255;255;255m[48;2;255;255;255m▀[0m[38;2;196;224;223m[48;2;255;255;255m▀[0m[38;2;0;0;0m[48;2;0;0;0m▀[0m[38;2;0;0;0m[48;2;0;0;0m▀[0m[38;2;0;0;0m[48;2;0;0;0m▀[0m
[38;2;0;0;0m[48;2;0;0;0m▀[0m[38;2;0;0;0m[48;2;0;0;0m▀[0m[38;2;195;212;212m[48;2;25;26;28m▀[0m[38;2;255;255;255m[48;2;237;255;255m▀[0m[38;2;176;198;195m[48;2;239;255;255m▀[0m[38;2;255;255;255m[48;2;255;255;255m▀[0m[38;2;234;255;255m[48;2;239;255;255m▀[0m[38;2;255;255;255m[48;2;255;255;255m▀[0m[38;2;200;226;222m[48;2;255;255;255m▀[0m[38;2;141;160;156m[48;2;0;0;0m▀[0m[38;2;0;0;0m[48;2;0;0;0m▀[0m[38;2;0;0;0m[48;2;0;0;0m▀[0m[38;2;0;0;0m[48;2;0;0;0m▀[0m[38;2;0;0;0m[48;2;0;0;0m▀[0m[38;2;0;0;0m[48;2;0;0;0m▀[0m[38;2;223;244;244m[48;2;7;14;12m▀[0m[38;2;255;255;255m[48;2;255;255;255m▀[0m[38;2;172;187;184m[48;2;211;231;228m▀[0m[38;2;244;255;255m[48;2;203;255;255m▀[0m[38;2;255;255;255m[48;2;255;196;199m▀[0m[38;2;255;255;255m[48;2;255;103;100m▀[0m[38;2;255;255;255m[48;2;255;255;255m▀[0m[38;2;255;255;255m[48;2;255;255;255m▀[0m[38;2;255;255;255m[48;2;255;255;255m▀[0m[38;2;255;255;255m[48;2;255;255;255m▀[0m[38;2;251;255;255m[48;2;255;255;255m▀[0m[38;2;239;255;255m[48;2;255;255;255m▀[0m[38;2;248;255;255m[48;2;255;255;255m▀[0m[38;2;255;255;255m[48;2;255;255;255m▀[0m[38;2;255;255;255m[48;2;255;255;255m▀[0m[38;2;255;255;255m[48;2;255;255;255m▀[0m[38;2;255;255;255m[48;2;255;255;255m▀[0m[38;2;255;255;255m[48;2;255;255;255m▀[0m[38;2;255;255;255m[48;2;255;255;255m▀[0m[38;2;255;255;255m[48;2;255;255;255m▀[0m[38;2;255;255;255m[48;2;255;255;255m▀[0m[38;2;198;224;225m[48;2;172;199;198m▀[0m[38;2;198;221;222m[48;2;156;163;162m▀[0m[38;2;231;255;255m[48;2;255;255;255m▀[0m[38;2;255;255;255m[48;2;255;255;255m▀[0m[38;2;255;255;255m[48;2;255;255;255m▀[0m[38;2;255;255;255m[48;2;255;255;255m▀[0m[38;2;255;255;255m[48;2;255;255;255m▀[0m[38;2;255;255;255m[48;2;255;255;255m▀[0m[38;2;255;255;255m[48;2;255;255;255m▀[0m[38;2;238;255;255m[48;2;253;255;255m▀[0m[38;2;249;255;255m[48;2;238;255;255m▀[0m[38;2;255;255;255m[48;2;236;255;255m▀[0m[38;2;255;255;255m[48;2;236;255;255m▀[0m[38;2;233;255;255m[48;2;253;255;255m▀[0m[38;2;255;255;255m[48;2;255;255;255m▀[0m[38;2;255;255;255m[48;2;255;255;255m▀[0m[38;2;255;255;255m[48;2;255;255;255m▀[0m[38;2;255;255;255m[48;2;255;255;255m▀[0m[38;2;255;255;255m[48;2;255;255;255m▀[0m[38;2;255;255;255m[48;2;255;255;255m▀[0m[38;2;255;255;255m[48;2;255;255;255m▀[0m[38;2;255;255;255m[48;2;255;255;255m▀[0m[38;2;255;255;255m[48;2;255;255;255m▀[0m[38;2;255;255;255m[48;2;255;255;255m▀[0m[38;2;129;144;141m[48;2;0;0;0m▀[0m[38;2;0;0;0m[48;2;0;0;0m▀[0m[38;2;0;0;0m[48;2;0;0;0m▀[0m[38;2;0;0;0m[48;2;0;0;0m▀[0m[38;2;0;0;0m[48;2;0;0;0m▀[0m[38;2;0;0;0m[48;2;0;0;0m▀[0m[38;2;0;0;0m[48;2;0;0;0m▀[0m[38;2;214;238;239m[48;2;170;192;193m▀[0m[38;2;255;255;255m[48;2;255;255;255m▀[0m[38;2;246;255;255m[48;2;246;255;255m▀[0m[38;2;247;255;255m[48;2;246;255;255m▀[0m[38;2;255;255;255m[48;2;255;255;255m▀[0m[38;2;255;255;255m[48;2;255;255;255m▀[0m[38;2;28;29;28m[48;2;96;107;108m▀[0m[38;2;0;0;0m[48;2;0;0;0m▀[0m[38;2;0;0;0m[48;2;0;0;0m▀[0m
[38;2;0;0;0m[48;2;0;0;0m▀[0m[38;2;0;0;0m[48;2;0;0;0m▀[0m[38;2;0;0;0m[48;2;0;0;0m▀[0m[38;2;124;139;139m[48;2;211;235;233m▀[0m[38;2;255;255;255m[48;2;255;255;255m▀[0m[38;2;244;255;255m[48;2;243;255;255m▀[0m[38;2;243;255;255m[48;2;240;255;255m▀[0m[38;2;251;255;255m[48;2;242;255;255m▀[0m[38;2;255;255;255m[48;2;255;255;255m▀[0m[38;2;0;0;0m[48;2;162;181;181m▀[0m[38;2;0;0;0m[48;2;0;0;0m▀[0m[38;2;0;0;0m[48;2;0;0;0m▀[0m[38;2;0;0;0m[48;2;0;0;0m▀[0m[38;2;0;0;0m[48;2;0;0;0m▀[0m[38;2;0;0;0m[48;2;139;152;150m▀[0m[38;2;0;0;0m[48;2;37;51;50m▀[0m[38;2;228;254;253m[48;2;0;0;0m▀[0m[38;2;220;255;255m[48;2;255;255;255m▀[0m[38;2;9;47;49m[48;2;255;255;255m▀[0m[38;2;255;255;255m[48;2;255;255;255m▀[0m[38;2;255;56;56m[48;2;255;206;202m▀[0m[38;2;255;255;255m[48;2;255;255;255m▀[0m[38;2;255;255;255m[48;2;255;255;255m▀[0m[38;2;255;255;255m[48;2;255;255;255m▀[0m[38;2;255;255;255m[48;2;255;255;255m▀[0m[38;2;255;255;255m[48;2;255;91;86m▀[0m[38;2;255;255;255m[48;2;255;255;255m▀[0m[38;2;255;255;255m[48;2;255;255;255m▀[0m[38;2;255;255;255m[48;2;255;255;255m▀[0m[38;2;255;255;255m[48;2;255;255;255m▀[0m[38;2;255;255;255m[48;2;255;255;255m▀[0m[38;2;255;255;255m[48;2;255;255;255m▀[0m[38;2;255;255;255m[48;2;255;255;255m▀[0m[38;2;255;255;255m[48;2;239;255;255m▀[0m[38;2;227;255;255m[48;2;166;92;84m▀[0m[38;2;210;207;195m[48;2;47;0;0m▀[0m[38;2;99;72;61m[48;2;210;255;255m▀[0m[38;2;91;0;0m[48;2;255;255;255m▀[0m[38;2;214;117;110m[48;2;138;149;148m▀[0m[38;2;233;242;238m[48;2;38;0;0m▀[0m[38;2;237;255;255m[48;2;221;235;225m▀[0m[38;2;255;255;255m[48;2;255;255;255m▀[0m[38;2;255;255;255m[48;2;255;255;255m▀[0m[38;2;255;255;255m[48;2;255;185;187m▀[0m[38;2;255;255;255m[48;2;255;244;248m▀[0m[38;2;255;255;255m[48;2;255;255;255m▀[0m[38;2;255;255;255m[48;2;255;255;255m▀[0m[38;2;251;255;255m[48;2;255;255;255m▀[0m[38;2;255;255;255m[48;2;255;226;225m▀[0m[38;2;255;255;255m[48;2;255;255;255m▀[0m[38;2;255;255;255m[48;2;255;255;255m▀[0m[38;2;255;255;255m[48;2;255;5;5m▀[0m[38;2;255;255;255m[48;2;255;255;255m▀[0m[38;2;255;255;255m[48;2;255;255;255m▀[0m[38;2;255;255;255m[48;2;255;255;255m▀[0m[38;2;255;255;255m[48;2;255;255;255m▀[0m[38;2;255;255;255m[48;2;255;255;255m▀[0m[38;2;255;255;255m[48;2;255;255;255m▀[0m[38;2;255;255;255m[48;2;255;255;255m▀[0m[38;2;172;191;191m[48;2;0;0;0m▀[0m[38;2;0;0;0m[48;2;81;89;91m▀[0m[38;2;0;0;0m[48;2;0;0;0m▀[0m[38;2;0;0;0m[48;2;0;0;0m▀[0m[38;2;0;0;0m[48;2;0;0;0m▀[0m[38;2;0;0;0m[48;2;0;0;0m▀[0m[38;2;0;0;0m[48;2;0;0;0m▀[0m[38;2;0;0;0m[48;2;0;0;0m▀[0m[38;2;205;228;229m[48;2;255;255;255m▀[0m[38;2;255;255;255m[48;2;255;255;255m▀[0m[38;2;240;255;255m[48;2;242;255;255m▀[0m[38;2;255;255;255m[48;2;251;255;255m▀[0m[38;2;166;190;194m[48;2;248;255;255m▀[0m[38;2;255;255;255m[48;2;130;140;140m▀[0m[38;2;0;0;0m[48;2;0;0;0m▀[0m[38;2;0;0;0m[48;2;0;0;0m▀[0m[38;2;0;0;0m[48;2;0;0;0m▀[0m
[38;2;0;0;0m[48;2;0;0;0m▀[0m[38;2;0;0;0m[48;2;0;0;0m▀[0m[38;2;9;11;8m[48;2;61;71;69m▀[0m[38;2;255;255;255m[48;2;255;255;255m▀[0m[38;2;255;255;255m[48;2;255;255;255m▀[0m[38;2;245;255;255m[48;2;244;255;255m▀[0m[38;2;237;255;255m[48;2;239;255;255m▀[0m[38;2;246;255;255m[48;2;231;255;255m▀[0m[38;2;255;255;255m[48;2;236;255;255m▀[0m[38;2;255;255;255m[48;2;255;255;255m▀[0m[38;2;0;0;0m[48;2;116;133;133m▀[0m[38;2;4;9;8m[48;2;232;244;240m▀[0m[38;2;144;156;154m[48;2;220;232;231m▀[0m[38;2;181;201;199m[48;2;210;223;221m▀[0m[38;2;48;67;67m[48;2;235;248;248m▀[0m[38;2;19;23;24m[48;2;255;255;255m▀[0m[38;2;0;0;0m[48;2;137;165;163m▀[0m[38;2;55;0;0m[48;2;0;0;0m▀[0m[38;2;255;255;255m[48;2;180;0;0m▀[0m[38;2;255;255;255m[48;2;255;255;255m▀[0m[38;2;255;255;255m[48;2;255;255;255m▀[0m[38;2;255;204;201m[48;2;255;0;0m▀[0m[38;2;255;255;255m[48;2;255;255;255m▀[0m[38;2;255;255;255m[48;2;255;255;255m▀[0m[38;2;255;244;240m[48;2;255;41;39m▀[0m[38;2;255;60;60m[48;2;255;255;255m▀[0m[38;2;255;255;255m[48;2;255;255;255m▀[0m[38;2;255;255;255m[48;2;255;255;255m▀[0m[38;2;255;255;255m[48;2;255;255;255m▀[0m[38;2;255;255;255m[48;2;255;255;255m▀[0m[38;2;255;255;255m[48;2;255;80;82m▀[0m[38;2;255;255;255m[48;2;255;143;145m▀[0m[38;2;255;255;255m[48;2;255;255;255m▀[0m[38;2;224;254;246m[48;2;206;206;205m▀[0m[38;2;247;0;0m[48;2;224;149;146m▀[0m[38;2;145;114;118m[48;2;199;253;254m▀[0m[38;2;255;255;255m[48;2;178;205;206m▀[0m[38;2;255;255;255m[48;2;184;215;215m▀[0m[38;2;243;255;255m[48;2;209;238;239m▀[0m[38;2;84;0;0m[48;2;223;207;206m▀[0m[38;2;143;106;99m[48;2;123;123;117m▀[0m[38;2;255;255;255m[48;2;255;255;255m▀[0m[38;2;255;255;255m[48;2;255;255;255m▀[0m[38;2;255;154;155m[48;2;255;255;255m▀[0m[38;2;255;0;0m[48;2;255;240;235m▀[0m[38;2;255;255;255m[48;2;255;178;176m▀[0m[38;2;255;255;255m[48;2;255;255;255m▀[0m[38;2;255;255;255m[48;2;255;255;255m▀[0m[38;2;255;68;67m[48;2;255;254;253m▀[0m[38;2;255;249;249m[48;2;255;255;253m▀[0m[38;2;255;243;242m[48;2;255;201;200m▀[0m[38;2;255;144;143m[48;2;255;255;255m▀[0m[38;2;255;255;255m[48;2;255;255;255m▀[0m[38;2;255;255;255m[48;2;255;255;255m▀[0m[38;2;255;255;255m[48;2;255;255;255m▀[0m[38;2;255;255;255m[48;2;255;255;255m▀[0m[38;2;255;255;255m[48;2;255;255;255m▀[0m[38;2;255;255;255m[48;2;154;189;191m▀[0m[38;2;37;49;49m[48;2;0;0;0m▀[0m[38;2;0;0;0m[48;2;148;163;161m▀[0m[38;2;239;255;255m[48;2;255;255;255m▀[0m[38;2;255;255;255m[48;2;150;168;170m▀[0m[38;2;139;150;150m[48;2;227;247;247m▀[0m[38;2;0;0;0m[48;2;255;255;255m▀[0m[38;2;0;0;0m[48;2;239;254;251m▀[0m[38;2;0;0;0m[48;2;50;57;57m▀[0m[38;2;149;172;174m[48;2;255;255;255m▀[0m[38;2;255;255;255m[48;2;255;255;255m▀[0m[38;2;245;255;255m[48;2;245;255;255m▀[0m[38;2;239;255;255m[48;2;236;255;255m▀[0m[38;2;231;255;255m[48;2;237;255;255m▀[0m[38;2;255;255;255m[48;2;255;255;255m▀[0m[38;2;94;101;99m[48;2;222;253;253m▀[0m[38;2;107;130;130m[48;2;255;255;255m▀[0m[38;2;0;0;0m[48;2;37;44;44m▀[0m[38;2;0;0;0m[48;2;0;0;0m▀[0m
[38;2;0;0;0m[48;2;85;93;92m▀[0m[38;2;0;0;0m[48;2;53;58;52m▀[0m[38;2;0;2;3m[48;2;0;0;0m▀[0m[38;2;207;232;231m[48;2;75;81;80m▀[0m[38;2;255;255;255m[48;2;255;255;255m▀[0m[38;2;247;255;255m[48;2;245;255;255m▀[0m[38;2;243;255;255m[48;2;244;255;255m▀[0m[38;2;225;251;251m[48;2;255;255;255m▀[0m[38;2;157;178;178m[48;2;155;178;178m▀[0m[38;2;255;255;255m[48;2;255;255;255m▀[0m[38;2;181;196;195m[48;2;194;216;216m▀[0m[38;2;255;255;255m[48;2;23;26;25m▀[0m[38;2;255;255;255m[48;2;0;2;0m▀[0m[38;2;255;255;255m[48;2;28;33;33m▀[0m[38;2;255;255;255m[48;2;101;110;108m▀[0m[38;2;191;200;201m[48;2;171;178;179m▀[0m[38;2;125;145;144m[48;2;156;173;171m▀[0m[38;2;0;0;0m[48;2;64;86;84m▀[0m[38;2;0;0;0m[48;2;0;0;0m▀[0m[38;2;232;0;0m[48;2;0;0;0m▀[0m[38;2;255;0;0m[48;2;209;0;0m▀[0m[38;2;255;0;0m[48;2;255;0;0m▀[0m[38;2;255;0;0m[48;2;255;0;0m▀[0m[38;2;255;0;0m[48;2;255;0;0m▀[0m[38;2;255;0;0m[48;2;255;0;0m▀[0m[38;2;255;178;176m[48;2;255;0;0m▀[0m[38;2;255;255;255m[48;2;255;0;0m▀[0m[38;2;255;193;198m[48;2;255;104;104m▀[0m[38;2;255;143;143m[48;2;255;255;255m▀[0m[38;2;255;73;72m[48;2;255;255;255m▀[0m[38;2;255;57;59m[48;2;255;255;255m▀[0m[38;2;255;229;232m[48;2;255;255;255m▀[0m[38;2;255;255;255m[48;2;255;255;255m▀[0m[38;2;179;217;221m[48;2;194;217;218m▀[0m[38;2;193;238;240m[48;2;159;176;176m▀[0m[38;2;255;255;255m[48;2;95;107;103m▀[0m[38;2;231;250;251m[48;2;255;255;255m▀[0m[38;2;255;255;255m[48;2;255;255;255m▀[0m[38;2;212;200;199m[48;2;173;135;133m▀[0m[38;2;254;231;229m[48;2;255;58;53m▀[0m[38;2;167;216;214m[48;2;255;255;255m▀[0m[38;2;255;255;255m[48;2;244;255;255m▀[0m[38;2;255;130;135m[48;2;255;255;255m▀[0m[38;2;255;151;152m[48;2;255;214;214m▀[0m[38;2;255;255;255m[48;2;255;200;201m▀[0m[38;2;255;255;255m[48;2;255;233;236m▀[0m[38;2;255;215;217m[48;2;255;0;0m▀[0m[38;2;255;255;255m[48;2;255;0;0m▀[0m[38;2;255;189;187m[48;2;255;0;0m▀[0m[38;2;255;0;0m[48;2;255;0;0m▀[0m[38;2;255;155;151m[48;2;255;70;67m▀[0m[38;2;255;255;255m[48;2;255;255;255m▀[0m[38;2;255;255;255m[48;2;255;255;255m▀[0m[38;2;255;255;255m[48;2;255;255;255m▀[0m[38;2;255;255;255m[48;2;255;200;199m▀[0m[38;2;255;183;179m[48;2;159;0;0m▀[0m[38;2;215;95;91m[48;2;0;0;0m▀[0m[38;2;0;0;0m[48;2;0;0;0m▀[0m[38;2;47;56;56m[48;2;33;44;44m▀[0m[38;2;111;121;121m[48;2;149;157;157m▀[0m[38;2;188;202;203m[48;2;174;188;190m▀[0m[38;2;255;255;255m[48;2;255;255;255m▀[0m[38;2;151;152;157m[48;2;255;255;255m▀[0m[38;2;29;33;35m[48;2;222;242;240m▀[0m[38;2;28;29;29m[48;2;0;0;0m▀[0m[38;2;179;200;202m[48;2;240;255;255m▀[0m[38;2;255;255;255m[48;2;167;196;196m▀[0m[38;2;244;255;255m[48;2;255;255;255m▀[0m[38;2;242;255;255m[48;2;236;255;255m▀[0m[38;2;232;255;255m[48;2;233;255;255m▀[0m[38;2;238;255;255m[48;2;239;255;255m▀[0m[38;2;249;255;255m[48;2;250;255;255m▀[0m[38;2;255;255;255m[48;2;255;255;255m▀[0m[38;2;255;255;255m[48;2;255;255;255m▀[0m[38;2;114;128;128m[48;2;37;47;47m▀[0m[38;2;0;0;0m[48;2;61;69;71m▀[0m
[38;2;124;129;127m[48;2;0;0;0m▀[0m[38;2;0;0;0m[48;2;0;0;0m▀[0m[38;2;0;0;0m[48;2;0;0;0m▀[0m[38;2;138;148;152m[48;2;240;255;255m▀[0m[38;2;255;255;255m[48;2;255;255;255m▀[0m[38;2;255;255;255m[48;2;206;232;232m▀[0m[38;2;207;227;227m[48;2;224;249;248m▀[0m[38;2;212;232;232m[48;2;178;198;200m▀[0m[38;2;173;195;194m[48;2;206;232;232m▀[0m[38;2;240;255;255m[48;2;201;232;232m▀[0m[38;2;234;255;255m[48;2;255;255;255m▀[0m[38;2;0;0;0m[48;2;151;169;172m▀[0m[38;2;0;0;0m[48;2;0;0;0m▀[0m[38;2;0;0;0m[48;2;243;255;255m▀[0m[38;2;255;255;255m[48;2;255;255;255m▀[0m[38;2;111;117;116m[48;2;0;0;0m▀[0m[38;2;0;0;0m[48;2;0;0;0m▀[0m[38;2;0;0;0m[48;2;0;0;0m▀[0m[38;2;0;0;0m[48;2;0;0;0m▀[0m[38;2;0;0;0m[48;2;0;12;12m▀[0m[38;2;0;0;0m[48;2;0;0;0m▀[0m[38;2;110;0;0m[48;2;0;0;0m▀[0m[38;2;255;0;0m[48;2;0;0;0m▀[0m[38;2;255;0;0m[48;2;255;0;0m▀[0m[38;2;255;0;0m[48;2;255;0;0m▀[0m[38;2;255;0;0m[48;2;255;0;0m▀[0m[38;2;255;149;151m[48;2;255;156;156m▀[0m[38;2;255;255;255m[48;2;255;255;255m▀[0m[38;2;255;255;255m[48;2;255;255;255m▀[0m[38;2;255;255;255m[48;2;255;255;255m▀[0m[38;2;255;255;255m[48;2;255;255;255m▀[0m[38;2;255;255;255m[48;2;255;255;255m▀[0m[38;2;243;255;255m[48;2;181;198;200m▀[0m[38;2;201;218;218m[48;2;246;255;255m▀[0m[38;2;141;160;160m[48;2;157;172;172m▀[0m[38;2;189;198;196m[48;2;192;203;201m▀[0m[38;2;255;255;255m[48;2;245;255;255m▀[0m[38;2;255;255;255m[48;2;255;255;255m▀[0m[38;2;105;132;128m[48;2;69;81;80m▀[0m[38;2;255;255;250m[48;2;152;170;171m▀[0m[38;2;146;151;148m[48;2;74;95;92m▀[0m[38;2;168;192;188m[48;2;114;126;125m▀[0m[38;2;255;255;255m[48;2;221;247;247m▀[0m[38;2;255;255;255m[48;2;255;255;255m▀[0m[38;2;255;255;255m[48;2;255;255;255m▀[0m[38;2;255;55;58m[48;2;255;255;255m▀[0m[38;2;255;0;0m[48;2;255;0;0m▀[0m[38;2;255;0;0m[48;2;255;0;0m▀[0m[38;2;255;0;0m[48;2;255;0;0m▀[0m[38;2;255;0;0m[48;2;255;0;0m▀[0m[38;2;255;0;0m[48;2;255;0;0m▀[0m[38;2;255;51;53m[48;2;255;0;0m▀[0m[38;2;255;15;15m[48;2;198;0;0m▀[0m[38;2;255;0;0m[48;2;0;0;0m▀[0m[38;2;63;0;0m[48;2;0;0;0m▀[0m[38;2;0;0;0m[48;2;0;0;0m▀[0m[38;2;0;0;0m[48;2;0;0;0m▀[0m[38;2;1;14;15m[48;2;46;60;58m▀[0m[38;2;0;0;0m[48;2;33;40;40m▀[0m[38;2;0;0;0m[48;2;0;0;0m▀[0m[38;2;0;0;0m[48;2;55;55;58m▀[0m[38;2;190;201;201m[48;2;255;255;255m▀[0m[38;2;211;224;222m[48;2;0;0;0m▀[0m[38;2;0;0;0m[48;2;0;0;0m▀[0m[38;2;214;238;238m[48;2;255;255;255m▀[0m[38;2;224;249;249m[48;2;158;181;180m▀[0m[38;2;206;232;232m[48;2;255;255;255m▀[0m[38;2;255;255;255m[48;2;239;255;255m▀[0m[38;2;239;255;255m[48;2;239;255;255m▀[0m[38;2;237;255;255m[48;2;239;255;255m▀[0m[38;2;242;255;255m[48;2;246;255;255m▀[0m[38;2;255;255;255m[48;2;255;255;255m▀[0m[38;2;255;255;255m[48;2;53;58;55m▀[0m[38;2;0;0;0m[48;2;0;0;0m▀[0m[38;2;0;0;0m[48;2;0;0;0m▀[0m[38;2;206;223;220m[48;2;0;4;3m▀[0m
[38;2;42;84;88m[48;2;90;112;114m▀[0m[38;2;26;73;78m[48;2;29;49;52m▀[0m[38;2;0;22;20m[48;2;47;60;59m▀[0m[38;2;255;255;255m[48;2;255;255;255m▀[0m[38;2;255;255;255m[48;2;255;255;255m▀[0m[38;2;146;167;166m[48;2;234;255;255m▀[0m[38;2;244;255;255m[48;2;255;255;255m▀[0m[38;2;148;168;170m[48;2;229;251;255m▀[0m[38;2;225;255;255m[48;2;255;255;255m▀[0m[38;2;163;190;190m[48;2;253;255;255m▀[0m[38;2;255;255;255m[48;2;255;255;255m▀[0m[38;2;255;255;255m[48;2;255;255;255m▀[0m[38;2;163;184;185m[48;2;255;255;255m▀[0m[38;2;75;85;83m[48;2;0;0;0m▀[0m[38;2;203;212;213m[48;2;35;47;42m▀[0m[38;2;182;193;193m[48;2;83;95;93m▀[0m[38;2;165;166;166m[48;2;148;166;166m▀[0m[38;2;100;107;105m[48;2;202;225;225m▀[0m[38;2;157;165;165m[48;2;127;137;137m▀[0m[38;2;177;198;198m[48;2;29;39;39m▀[0m[38;2;14;38;38m[48;2;52;70;70m▀[0m[38;2;12;49;49m[48;2;33;55;52m▀[0m[38;2;0;45;47m[48;2;0;4;4m▀[0m[38;2;0;1;2m[48;2;0;0;0m▀[0m[38;2;113;0;0m[48;2;0;0;0m▀[0m[38;2;255;0;0m[48;2;0;0;0m▀[0m[38;2;255;0;0m[48;2;69;0;0m▀[0m[38;2;255;2;2m[48;2;199;0;0m▀[0m[38;2;255;255;255m[48;2;255;20;18m▀[0m[38;2;255;255;255m[48;2;255;255;255m▀[0m[38;2;255;255;255m[48;2;255;255;255m▀[0m[38;2;255;255;255m[48;2;138;154;155m▀[0m[38;2;223;242;242m[48;2;232;254;253m▀[0m[38;2;255;255;255m[48;2;0;0;0m▀[0m[38;2;162;176;173m[48;2;13;19;17m▀[0m[38;2;185;195;195m[48;2;234;249;251m▀[0m[38;2;196;207;210m[48;2;255;255;255m▀[0m[38;2;255;255;255m[48;2;143;155;155m▀[0m[38;2;179;199;196m[48;2;255;255;255m▀[0m[38;2;88;96;95m[48;2;205;211;209m▀[0m[38;2;187;206;204m[48;2;63;78;75m▀[0m[38;2;242;255;255m[48;2;167;182;178m▀[0m[38;2;185;213;213m[48;2;211;255;255m▀[0m[38;2;255;255;255m[48;2;255;255;255m▀[0m[38;2;255;255;255m[48;2;255;158;167m▀[0m[38;2;255;255;255m[48;2;255;190;196m▀[0m[38;2;255;38;36m[48;2;255;0;0m▀[0m[38;2;255;0;0m[48;2;255;0;0m▀[0m[38;2;255;0;0m[48;2;207;0;0m▀[0m[38;2;255;0;0m[48;2;0;0;0m▀[0m[38;2;255;0;0m[48;2;0;0;0m▀[0m[38;2;35;0;0m[48;2;0;0;0m▀[0m[38;2;0;119;117m[48;2;0;0;0m▀[0m[38;2;51;124;119m[48;2;0;2;0m▀[0m[38;2;58;83;81m[48;2;11;23;22m▀[0m[38;2;39;50;50m[48;2;108;127;126m▀[0m[38;2;33;38;38m[48;2;188;212;210m▀[0m[38;2;30;33;34m[48;2;210;232;227m▀[0m[38;2;185;202;200m[48;2;170;184;185m▀[0m[38;2;255;255;255m[48;2;16;19;19m▀[0m[38;2;255;255;255m[48;2;0;0;0m▀[0m[38;2;38;57;48m[48;2;29;38;38m▀[0m[38;2;5;22;17m[48;2;255;255;255m▀[0m[38;2;250;255;255m[48;2;209;227;227m▀[0m[38;2;201;224;224m[48;2;255;255;255m▀[0m[38;2;226;255;255m[48;2;255;255;255m▀[0m[38;2;253;255;255m[48;2;255;255;255m▀[0m[38;2;238;255;255m[48;2;249;255;255m▀[0m[38;2;231;255;255m[48;2;255;255;255m▀[0m[38;2;242;255;255m[48;2;255;255;255m▀[0m[38;2;255;255;255m[48;2;255;255;255m▀[0m[38;2;255;255;255m[48;2;255;255;255m▀[0m[38;2;8;16;15m[48;2;0;1;2m▀[0m[38;2;0;31;37m[48;2;7;33;35m▀[0m[38;2;62;106;112m[48;2;46;66;67m▀[0m[38;2;53;94;100m[48;2;63;85;89m▀[0m
[38;2;134;144;144m[48;2;38;81;83m▀[0m[38;2;81;90;91m[48;2;47;91;94m▀[0m[38;2;4;7;6m[48;2;0;0;0m▀[0m[38;2;255;255;255m[48;2;162;167;167m▀[0m[38;2;212;229;233m[48;2;255;255;255m▀[0m[38;2;255;255;255m[48;2;255;255;255m▀[0m[38;2;217;233;233m[48;2;212;220;223m▀[0m[38;2;255;255;255m[48;2;253;255;255m▀[0m[38;2;160;174;177m[48;2;56;55;59m▀[0m[38;2;255;255;255m[48;2;255;255;255m▀[0m[38;2;40;59;55m[48;2;85;100;100m▀[0m[38;2;255;255;255m[48;2;212;243;243m▀[0m[38;2;255;255;255m[48;2;255;255;255m▀[0m[38;2;0;0;0m[48;2;75;80;81m▀[0m[38;2;0;0;0m[48;2;0;0;0m▀[0m[38;2;1;5;5m[48;2;0;0;0m▀[0m[38;2;0;0;0m[48;2;0;0;0m▀[0m[38;2;0;0;0m[48;2;0;0;0m▀[0m[38;2;0;0;0m[48;2;0;0;0m▀[0m[38;2;0;0;0m[48;2;0;0;0m▀[0m[38;2;0;0;0m[48;2;192;212;212m▀[0m[38;2;0;0;0m[48;2;255;255;255m▀[0m[38;2;0;0;0m[48;2;124;150;149m▀[0m[38;2;0;0;0m[48;2;221;255;255m▀[0m[38;2;92;121;119m[48;2;255;255;255m▀[0m[38;2;163;239;242m[48;2;255;255;255m▀[0m[38;2;114;221;221m[48;2;255;255;255m▀[0m[38;2;134;200;200m[48;2;231;255;255m▀[0m[38;2;34;0;0m[48;2;244;255;255m▀[0m[38;2;0;0;0m[48;2;83;134;134m▀[0m[38;2;0;0;0m[48;2;134;156;156m▀[0m[38;2;44;55;56m[48;2;255;255;255m▀[0m[38;2;0;0;0m[48;2;158;174;172m▀[0m[38;2;106;122;122m[48;2;255;255;255m▀[0m[38;2;232;244;244m[48;2;255;255;255m▀[0m[38;2;198;215;213m[48;2;255;255;255m▀[0m[38;2;255;255;255m[48;2;255;255;255m▀[0m[38;2;255;255;255m[48;2;194;205;204m▀[0m[38;2;255;255;255m[48;2;152;161;161m▀[0m[38;2;234;246;246m[48;2;217;227;228m▀[0m[38;2;255;255;255m[48;2;255;255;255m▀[0m[38;2;6;15;16m[48;2;255;255;255m▀[0m[38;2;0;0;0m[48;2;255;255;255m▀[0m[38;2;122;149;150m[48;2;103;134;136m▀[0m[38;2;198;0;0m[48;2;69;136;138m▀[0m[38;2;177;0;0m[48;2;226;255;255m▀[0m[38;2;70;0;0m[48;2;24;125;125m▀[0m[38;2;81;63;66m[48;2;221;255;255m▀[0m[38;2;96;191;193m[48;2;183;229;229m▀[0m[38;2;0;71;69m[48;2;255;255;255m▀[0m[38;2;0;0;0m[48;2;255;255;255m▀[0m[38;2;0;0;0m[48;2;181;255;255m▀[0m[38;2;0;0;0m[48;2;137;173;171m▀[0m[38;2;0;0;0m[48;2;224;255;255m▀[0m[38;2;0;0;0m[48;2;255;255;255m▀[0m[38;2;0;0;0m[48;2;3;3;4m▀[0m[38;2;0;0;0m[48;2;0;0;0m▀[0m[38;2;0;0;0m[48;2;0;0;0m▀[0m[38;2;0;0;0m[48;2;0;0;0m▀[0m[38;2;0;0;0m[48;2;0;0;0m▀[0m[38;2;0;0;0m[48;2;158;176;177m▀[0m[38;2;255;255;255m[48;2;238;255;255m▀[0m[38;2;232;254;254m[48;2;190;203;207m▀[0m[38;2;255;255;255m[48;2;255;255;255m▀[0m[38;2;214;227;229m[48;2;185;198;198m▀[0m[38;2;220;231;236m[48;2;255;255;255m▀[0m[38;2;239;250;251m[48;2;184;196;198m▀[0m[38;2;198;218;221m[48;2;255;255;255m▀[0m[38;2;233;248;251m[48;2;189;207;211m▀[0m[38;2;255;255;255m[48;2;255;255;255m▀[0m[38;2;255;255;255m[48;2;122;128;129m▀[0m[38;2;151;168;167m[48;2;0;0;0m▀[0m[38;2;0;0;0m[48;2;22;56;59m▀[0m[38;2;24;47;47m[48;2;53;93;96m▀[0m[38;2;42;59;61m[48;2;57;97;101m▀[0m[38;2;60;72;71m[48;2;62;108;111m▀[0m
[38;2;0;0;0m[48;2;0;0;0m▀[0m[38;2;0;0;0m[48;2;0;2;3m▀[0m[38;2;0;0;0m[48;2;0;3;4m▀[0m[38;2;0;0;0m[48;2;0;0;0m▀[0m[38;2;167;189;194m[48;2;0;0;0m▀[0m[38;2;193;210;213m[48;2;90;104;101m▀[0m[38;2;255;255;255m[48;2;111;126;125m▀[0m[38;2;255;255;255m[48;2;199;223;222m▀[0m[38;2;187;203;205m[48;2;138;168;166m▀[0m[38;2;255;255;255m[48;2;255;255;255m▀[0m[38;2;205;225;225m[48;2;127;138;137m▀[0m[38;2;170;199;201m[48;2;212;238;236m▀[0m[38;2;242;255;255m[48;2;255;255;255m▀[0m[38;2;150;167;166m[48;2;80;86;84m▀[0m[38;2;0;0;0m[48;2;0;0;0m▀[0m[38;2;0;0;0m[48;2;0;0;0m▀[0m[38;2;0;0;0m[48;2;0;0;0m▀[0m[38;2;0;0;0m[48;2;0;0;0m▀[0m[38;2;0;0;0m[48;2;0;0;0m▀[0m[38;2;0;0;0m[48;2;0;0;0m▀[0m[38;2;0;0;0m[48;2;0;0;0m▀[0m[38;2;0;0;0m[48;2;0;0;0m▀[0m[38;2;0;0;0m[48;2;0;0;0m▀[0m[38;2;0;0;0m[48;2;121;0;0m▀[0m[38;2;104;0;0m[48;2;255;11;9m▀[0m[38;2;255;255;255m[48;2;217;255;255m▀[0m[38;2;255;255;255m[48;2;255;255;255m▀[0m[38;2;171;201;203m[48;2;237;255;255m▀[0m[38;2;255;255;255m[48;2;255;255;255m▀[0m[38;2;132;143;143m[48;2;243;255;255m▀[0m[38;2;255;255;255m[48;2;170;190;188m▀[0m[38;2;255;255;255m[48;2;203;216;213m▀[0m[38;2;198;205;204m[48;2;255;255;255m▀[0m[38;2;168;170;172m[48;2;255;255;255m▀[0m[38;2;178;185;188m[48;2;216;226;228m▀[0m[38;2;255;255;255m[48;2;113;123;123m▀[0m[38;2;255;255;255m[48;2;173;180;180m▀[0m[38;2;255;255;255m[48;2;171;179;180m▀[0m[38;2;255;255;255m[48;2;132;146;144m▀[0m[38;2;218;237;236m[48;2;188;199;198m▀[0m[38;2;215;225;224m[48;2;255;255;255m▀[0m[38;2;255;255;255m[48;2;255;255;255m▀[0m[38;2;223;232;232m[48;2;201;217;215m▀[0m[38;2;195;220;220m[48;2;236;250;250m▀[0m[38;2;255;255;255m[48;2;236;244;244m▀[0m[38;2;255;255;255m[48;2;199;213;215m▀[0m[38;2;155;181;183m[48;2;253;255;255m▀[0m[38;2;255;255;255m[48;2;255;255;255m▀[0m[38;2;154;177;177m[48;2;255;255;255m▀[0m[38;2;255;255;255m[48;2;255;255;255m▀[0m[38;2;239;207;207m[48;2;226;204;204m▀[0m[38;2;161;0;0m[48;2;255;0;0m▀[0m[38;2;0;0;0m[48;2;0;0;0m▀[0m[38;2;0;0;0m[48;2;0;0;0m▀[0m[38;2;0;0;0m[48;2;0;0;0m▀[0m[38;2;0;0;0m[48;2;42;48;49m▀[0m[38;2;0;0;0m[48;2;118;125;123m▀[0m[38;2;0;0;0m[48;2;147;156;154m▀[0m[38;2;0;0;0m[48;2;136;145;143m▀[0m[38;2;0;0;0m[48;2;28;30;30m▀[0m[38;2;255;255;255m[48;2;0;0;0m▀[0m[38;2;255;255;255m[48;2;0;2;2m▀[0m[38;2;247;255;255m[48;2;135;156;157m▀[0m[38;2;189;221;222m[48;2;66;83;83m▀[0m[38;2;213;245;249m[48;2;239;255;255m▀[0m[38;2;232;255;255m[48;2;115;130;126m▀[0m[38;2;218;254;250m[48;2;176;201;201m▀[0m[38;2;243;255;255m[48;2;52;60;58m▀[0m[38;2;255;255;255m[48;2;58;72;69m▀[0m[38;2;115;126;126m[48;2;0;0;0m▀[0m[38;2;0;0;0m[48;2;0;0;0m▀[0m[38;2;0;0;0m[48;2;0;0;0m▀[0m[38;2;0;0;0m[48;2;0;0;0m▀[0m[38;2;0;0;0m[48;2;0;0;0m▀[0m[38;2;0;0;0m[48;2;0;0;0m▀[0m[38;2;0;0;0m[48;2;0;0;0m▀[0m
[38;2;79;124;130m[48;2;53;81;83m▀[0m[38;2;86;137;143m[48;2;30;42;45m▀[0m[38;2;68;110;112m[48;2;0;0;0m▀[0m[38;2;0;0;0m[48;2;0;0;0m▀[0m[38;2;0;0;0m[48;2;0;0;0m▀[0m[38;2;0;0;0m[48;2;0;0;0m▀[0m[38;2;0;0;0m[48;2;0;0;0m▀[0m[38;2;0;0;0m[48;2;0;0;0m▀[0m[38;2;0;0;0m[48;2;0;0;0m▀[0m[38;2;77;86;85m[48;2;0;0;0m▀[0m[38;2;0;0;0m[48;2;0;0;0m▀[0m[38;2;0;0;0m[48;2;0;0;0m▀[0m[38;2;0;0;0m[48;2;0;0;0m▀[0m[38;2;0;0;0m[48;2;0;0;0m▀[0m[38;2;72;79;77m[48;2;40;49;49m▀[0m[38;2;255;255;255m[48;2;227;242;242m▀[0m[38;2;255;255;255m[48;2;187;200;200m▀[0m[38;2;255;255;255m[48;2;121;128;128m▀[0m[38;2;255;255;255m[48;2;60;64;66m▀[0m[38;2;229;254;254m[48;2;0;1;1m▀[0m[38;2;119;146;144m[48;2;132;165;162m▀[0m[38;2;83;113;113m[48;2;149;222;222m▀[0m[38;2;146;191;191m[48;2;0;0;0m▀[0m[38;2;158;255;255m[48;2;0;0;0m▀[0m[38;2;187;255;255m[48;2;88;0;0m▀[0m[38;2;255;255;255m[48;2;254;0;0m▀[0m[38;2;237;255;255m[48;2;221;0;0m▀[0m[38;2;255;255;255m[48;2;158;0;0m▀[0m[38;2;255;255;255m[48;2;116;49;49m▀[0m[38;2;255;255;255m[48;2;202;255;255m▀[0m[38;2;233;255;255m[48;2;205;237;242m▀[0m[38;2;213;228;227m[48;2;255;255;255m▀[0m[38;2;255;255;255m[48;2;255;255;255m▀[0m[38;2;255;255;255m[48;2;243;255;255m▀[0m[38;2;255;255;255m[48;2;150;165;167m▀[0m[38;2;255;255;255m[48;2;161;173;172m▀[0m[38;2;255;255;255m[48;2;173;187;187m▀[0m[38;2;254;255;255m[48;2;166;179;177m▀[0m[38;2;255;255;255m[48;2;148;159;157m▀[0m[38;2;255;255;255m[48;2;137;151;150m▀[0m[38;2;247;255;255m[48;2;226;239;240m▀[0m[38;2;255;255;255m[48;2;255;255;255m▀[0m[38;2;255;255;255m[48;2;255;255;255m▀[0m[38;2;203;217;217m[48;2;255;255;255m▀[0m[38;2;205;217;217m[48;2;239;255;255m▀[0m[38;2;188;203;203m[48;2;215;247;245m▀[0m[38;2;154;178;178m[48;2;255;255;255m▀[0m[38;2;255;255;255m[48;2;224;255;255m▀[0m[38;2;255;255;255m[48;2;190;196;198m▀[0m[38;2;255;255;255m[48;2;124;94;99m▀[0m[38;2;255;255;255m[48;2;0;0;0m▀[0m[38;2;255;255;255m[48;2;0;0;0m▀[0m[38;2;234;255;255m[48;2;0;0;0m▀[0m[38;2;176;201;201m[48;2;0;0;0m▀[0m[38;2;176;195;193m[48;2;0;0;0m▀[0m[38;2;250;255;255m[48;2;0;0;0m▀[0m[38;2;255;255;255m[48;2;0;0;0m▀[0m[38;2;255;255;255m[48;2;0;0;0m▀[0m[38;2;255;255;255m[48;2;0;0;0m▀[0m[38;2;255;255;255m[48;2;0;0;0m▀[0m[38;2;0;0;0m[48;2;0;0;0m▀[0m[38;2;0;0;0m[48;2;0;0;0m▀[0m[38;2;0;0;0m[48;2;0;0;0m▀[0m[38;2;0;0;0m[48;2;0;0;0m▀[0m[38;2;0;0;0m[48;2;0;0;0m▀[0m[38;2;0;0;0m[48;2;0;0;0m▀[0m[38;2;0;0;0m[48;2;0;0;0m▀[0m[38;2;0;0;0m[48;2;0;0;0m▀[0m[38;2;0;0;0m[48;2;0;0;0m▀[0m[38;2;0;0;0m[48;2;0;0;0m▀[0m[38;2;0;0;0m[48;2;0;0;0m▀[0m[38;2;11;24;25m[48;2;1;2;3m▀[0m[38;2;52;79;83m[48;2;79;118;122m▀[0m[38;2;35;53;51m[48;2;92;140;146m▀[0m[38;2;8;12;13m[48;2;75;118;124m▀[0m[38;2;0;0;0m[48;2;63;99;102m▀[0m
[38;2;0;0;0m[48;2;59;91;92m▀[0m[38;2;0;0;0m[48;2;77;115;118m▀[0m[38;2;29;41;44m[48;2;80;121;125m▀[0m[38;2;50;75;78m[48;2;73;107;112m▀[0m[38;2;63;96;96m[48;2;75;110;114m▀[0m[38;2;68;103;105m[48;2;77;119;124m▀[0m[38;2;77;117;122m[48;2;91;136;143m▀[0m[38;2;82;125;129m[48;2;93;139;146m▀[0m[38;2;47;75;81m[48;2;41;62;68m▀[0m[38;2;35;51;52m[48;2;0;0;0m▀[0m[38;2;0;0;0m[48;2;0;0;0m▀[0m[38;2;0;0;0m[48;2;0;0;0m▀[0m[38;2;0;0;0m[48;2;0;0;0m▀[0m[38;2;0;0;0m[48;2;0;0;0m▀[0m[38;2;0;0;0m[48;2;0;0;0m▀[0m[38;2;0;0;0m[48;2;0;0;0m▀[0m[38;2;0;0;0m[48;2;0;0;0m▀[0m[38;2;0;0;0m[48;2;0;0;0m▀[0m[38;2;0;0;0m[48;2;0;0;0m▀[0m[38;2;0;0;0m[48;2;0;0;0m▀[0m[38;2;47;92;90m[48;2;0;0;0m▀[0m[38;2;82;108;108m[48;2;255;0;0m▀[0m[38;2;166;0;0m[48;2;255;0;0m▀[0m[38;2;255;0;0m[48;2;255;0;0m▀[0m[38;2;255;0;0m[48;2;255;0;0m▀[0m[38;2;255;0;0m[48;2;255;0;0m▀[0m[38;2;255;0;0m[48;2;250;0;0m▀[0m[38;2;255;0;0m[48;2;255;0;0m▀[0m[38;2;255;0;0m[48;2;255;0;0m▀[0m[38;2;129;61;61m[48;2;180;255;255m▀[0m[38;2;255;255;255m[48;2;255;255;255m▀[0m[38;2;255;255;255m[48;2;231;255;255m▀[0m[38;2;255;255;255m[48;2;40;114;113m▀[0m[38;2;255;255;255m[48;2;124;133;130m▀[0m[38;2;255;255;255m[48;2;178;248;250m▀[0m[38;2;255;255;255m[48;2;234;255;255m▀[0m[38;2;255;255;255m[48;2;226;244;246m▀[0m[38;2;255;255;255m[48;2;229;240;245m▀[0m[38;2;255;255;255m[48;2;220;237;238m▀[0m[38;2;255;255;255m[48;2;251;255;255m▀[0m[38;2;255;255;255m[48;2;255;255;255m▀[0m[38;2;255;255;255m[48;2;189;137;134m▀[0m[38;2;255;255;255m[48;2;0;0;0m▀[0m[38;2;255;255;255m[48;2;0;0;0m▀[0m[38;2;255;255;255m[48;2;0;0;0m▀[0m[38;2;255;255;255m[48;2;114;127;127m▀[0m[38;2;235;255;255m[48;2;255;255;255m▀[0m[38;2;193;0;0m[48;2;231;81;78m▀[0m[38;2;255;0;0m[48;2;40;0;0m▀[0m[38;2;255;0;0m[48;2;40;0;0m▀[0m[38;2;103;0;0m[48;2;255;0;0m▀[0m[38;2;0;0;0m[48;2;188;0;0m▀[0m[38;2;0;0;0m[48;2;0;0;0m▀[0m[38;2;12;19;19m[48;2;255;255;255m▀[0m[38;2;0;0;0m[48;2;215;232;228m▀[0m[38;2;0;0;0m[48;2;0;0;0m▀[0m[38;2;0;0;0m[48;2;0;0;0m▀[0m[38;2;0;0;0m[48;2;0;0;0m▀[0m[38;2;0;0;0m[48;2;0;0;0m▀[0m[38;2;0;0;0m[48;2;0;0;0m▀[0m[38;2;0;0;0m[48;2;0;0;0m▀[0m[38;2;0;0;0m[48;2;0;0;0m▀[0m[38;2;0;0;0m[48;2;0;0;0m▀[0m[38;2;0;0;0m[48;2;0;0;0m▀[0m[38;2;0;0;0m[48;2;0;0;0m▀[0m[38;2;0;0;0m[48;2;0;0;0m▀[0m[38;2;33;53;59m[48;2;28;45;47m▀[0m[38;2;38;61;64m[48;2;86;128;136m▀[0m[38;2;26;40;41m[48;2;90;136;140m▀[0m[38;2;4;7;8m[48;2;81;123;127m▀[0m[38;2;0;0;0m[48;2;72;108;111m▀[0m[38;2;0;0;0m[48;2;48;77;78m▀[0m[38;2;0;0;0m[48;2;14;19;20m▀[0m[38;2;27;44;47m[48;2;0;0;0m▀[0m[38;2;81;123;128m[48;2;7;7;11m▀[0m[38;2;72;110;113m[48;2;39;52;56m▀[0m
[38;2;64;101;102m[48;2;72;108;107m▀[0m[38;2;69;103;107m[48;2;82;121;124m▀[0m[38;2;68;97;102m[48;2;79;117;122m▀[0m[38;2;75;115;116m[48;2;74;112;115m▀[0m[38;2;85;130;134m[48;2;25;38;37m▀[0m[38;2;78;117;122m[48;2;0;0;0m▀[0m[38;2;36;49;51m[48;2;0;0;0m▀[0m[38;2;0;0;0m[48;2;0;0;0m▀[0m[38;2;0;0;0m[48;2;37;56;58m▀[0m[38;2;0;0;0m[48;2;16;19;22m▀[0m[38;2;0;0;0m[48;2;11;23;23m▀[0m[38;2;0;0;0m[48;2;160;255;255m▀[0m[38;2;8;17;16m[48;2;84;128;132m▀[0m[38;2;41;62;64m[48;2;44;66;68m▀[0m[38;2;13;22;20m[48;2;15;20;22m▀[0m[38;2;0;0;0m[48;2;0;0;0m▀[0m[38;2;0;0;0m[48;2;0;0;0m▀[0m[38;2;0;0;0m[48;2;0;0;0m▀[0m[38;2;0;0;0m[48;2;0;0;0m▀[0m[38;2;0;0;0m[48;2;7;23;25m▀[0m[38;2;8;0;0m[48;2;68;144;150m▀[0m[38;2;160;101;105m[48;2;73;203;211m▀[0m[38;2;0;72;77m[48;2;0;18;20m▀[0m[38;2;0;0;0m[48;2;0;0;0m▀[0m[38;2;0;0;0m[48;2;0;48;55m▀[0m[38;2;3;0;1m[48;2;42;193;209m▀[0m[38;2;0;18;22m[48;2;0;55;61m▀[0m[38;2;0;0;0m[48;2;0;6;5m▀[0m[38;2;255;0;0m[48;2;255;0;0m▀[0m[38;2;173;86;84m[48;2;255;0;0m▀[0m[38;2;148;156;156m[48;2;255;0;0m▀[0m[38;2;137;24;24m[48;2;255;0;0m▀[0m[38;2;233;0;0m[48;2;255;0;0m▀[0m[38;2;255;0;0m[48;2;192;0;0m▀[0m[38;2;41;0;0m[48;2;16;0;0m▀[0m[38;2;195;255;255m[48;2;130;187;187m▀[0m[38;2;255;255;255m[48;2;255;255;255m▀[0m[38;2;237;255;255m[48;2;255;255;255m▀[0m[38;2;237;255;255m[48;2;152;231;233m▀[0m[38;2;182;223;225m[48;2;158;237;239m▀[0m[38;2;255;255;255m[48;2;211;255;255m▀[0m[38;2;255;255;255m[48;2;255;255;255m▀[0m[38;2;79;75;75m[48;2;172;221;217m▀[0m[38;2;0;0;0m[48;2;0;0;0m▀[0m[38;2;0;0;0m[48;2;0;0;0m▀[0m[38;2;0;5;4m[48;2;178;191;191m▀[0m[38;2;177;192;192m[48;2;255;255;255m▀[0m[38;2;94;166;165m[48;2;255;255;255m▀[0m[38;2;0;0;0m[48;2;114;85;80m▀[0m[38;2;128;239;237m[48;2;160;166;163m▀[0m[38;2;63;115;113m[48;2;100;196;194m▀[0m[38;2;24;0;0m[48;2;0;0;0m▀[0m[38;2;0;0;0m[48;2;0;0;0m▀[0m[38;2;0;0;0m[48;2;0;0;0m▀[0m[38;2;0;0;0m[48;2;0;0;0m▀[0m[38;2;37;61;67m[48;2;93;143;148m▀[0m[38;2;36;62;66m[48;2;110;163;168m▀[0m[38;2;4;9;7m[48;2;110;165;168m▀[0m[38;2;0;0;0m[48;2;72;106;108m▀[0m[38;2;0;0;0m[48;2;8;11;9m▀[0m[38;2;0;0;0m[48;2;0;0;0m▀[0m[38;2;0;0;0m[48;2;0;0;0m▀[0m[38;2;17;28;30m[48;2;27;45;47m▀[0m[38;2;81;128;133m[48;2;116;181;188m▀[0m[38;2;69;100;104m[48;2;96;144;150m▀[0m[38;2;26;37;39m[48;2;99;148;155m▀[0m[38;2;0;0;0m[48;2;81;123;126m▀[0m[38;2;9;16;16m[48;2;72;108;111m▀[0m[38;2;86;132;135m[48;2;74;113;116m▀[0m[38;2;77;110;115m[48;2;75;110;115m▀[0m[38;2;78;116;119m[48;2;74;111;114m▀[0m[38;2;72;112;114m[48;2;60;96;100m▀[0m[38;2;75;115;117m[48;2;57;91;93m▀[0m[38;2;70;104;106m[48;2;66;101;105m▀[0m[38;2;29;44;41m[48;2;72;108;111m▀[0m[38;2;7;8;9m[48;2;63;96;96m▀[0m
[38;2;84;123;127m[48;2;0;0;0m▀[0m[38;2;56;80;84m[48;2;0;0;0m▀[0m[38;2;5;9;12m[48;2;23;31;33m▀[0m[38;2;0;0;0m[48;2;60;86;89m▀[0m[38;2;0;0;0m[48;2;77;113;113m▀[0m[38;2;37;55;53m[48;2;86;130;133m▀[0m[38;2;68;103;105m[48;2;84;129;132m▀[0m[38;2;85;133;137m[48;2;94;143;146m▀[0m[38;2;81;125;128m[48;2;0;0;0m▀[0m[38;2;0;0;0m[48;2;101;157;165m▀[0m[38;2;154;250;255m[48;2;114;176;181m▀[0m[38;2;69;111;115m[48;2;59;92;89m▀[0m[38;2;0;0;0m[48;2;62;100;102m▀[0m[38;2;16;27;28m[48;2;90;140;145m▀[0m[38;2;108;167;169m[48;2;92;144;148m▀[0m[38;2;18;26;27m[48;2;86;130;133m▀[0m[38;2;0;0;0m[48;2;70;105;107m▀[0m[38;2;0;0;0m[48;2;92;143;149m▀[0m[38;2;68;102;105m[48;2;119;181;191m▀[0m[38;2;118;183;194m[48;2;126;192;203m▀[0m[38;2;118;188;195m[48;2;29;41;46m▀[0m[38;2;20;38;40m[48;2;0;0;0m▀[0m[38;2;0;0;0m[48;2;67;114;118m▀[0m[38;2;44;95;101m[48;2;114;196;203m▀[0m[38;2;113;209;220m[48;2;40;99;102m▀[0m[38;2;0;55;58m[48;2;0;0;0m▀[0m[38;2;0;58;62m[48;2;176;82;86m▀[0m[38;2;226;88;91m[48;2;255;0;0m▀[0m[38;2;255;0;0m[48;2;255;1;0m▀[0m[38;2;255;0;0m[48;2;255;9;8m▀[0m[38;2;255;0;0m[48;2;255;0;0m▀[0m[38;2;255;0;0m[48;2;255;0;0m▀[0m[38;2;162;8;11m[48;2;45;40;44m▀[0m[38;2;239;255;255m[48;2;234;255;255m▀[0m[38;2;255;255;255m[48;2;255;255;255m▀[0m[38;2;217;255;255m[48;2;255;255;255m▀[0m[38;2;255;255;255m[48;2;255;255;255m▀[0m[38;2;155;242;244m[48;2;103;33;33m▀[0m[38;2;22;0;0m[48;2;154;0;0m▀[0m[38;2;255;0;0m[48;2;255;0;0m▀[0m[38;2;255;0;0m[48;2;255;0;0m▀[0m[38;2;206;0;0m[48;2;255;0;0m▀[0m[38;2;0;0;0m[48;2;80;189;198m▀[0m[38;2;0;0;0m[48;2;6;85;90m▀[0m[38;2;0;0;0m[48;2;0;0;0m▀[0m[38;2;0;0;0m[48;2;2;16;15m▀[0m[38;2;62;126;135m[48;2;102;181;192m▀[0m[38;2;51;137;144m[48;2;73;135;140m▀[0m[38;2;103;85;90m[48;2;34;170;176m▀[0m[38;2;255;0;0m[48;2;174;128;133m▀[0m[38;2;106;0;0m[48;2;255;0;0m▀[0m[38;2;0;0;0m[48;2;59;90;94m▀[0m[38;2;0;0;0m[48;2;0;0;0m▀[0m[38;2;22;50;52m[48;2;0;0;0m▀[0m[38;2;159;229;233m[48;2;154;232;238m▀[0m[38;2;39;58;58m[48;2;93;122;126m▀[0m[38;2;90;137;144m[48;2;55;89;92m▀[0m[38;2;82;125;130m[48;2;81;125;128m▀[0m[38;2;92;143;147m[48;2;78;121;125m▀[0m[38;2;95;147;155m[48;2;94;146;150m▀[0m[38;2;58;85;88m[48;2;111;172;173m▀[0m[38;2;0;0;0m[48;2;93;138;143m▀[0m[38;2;0;0;0m[48;2;8;15;14m▀[0m[38;2;48;77;81m[48;2;0;0;0m▀[0m[38;2;95;148;154m[48;2;41;64;68m▀[0m[38;2;80;121;124m[48;2;89;134;141m▀[0m[38;2;78;121;122m[48;2;72;111;114m▀[0m[38;2;73;112;115m[48;2;77;114;118m▀[0m[38;2;66;106;110m[48;2;68;108;113m▀[0m[38;2;63;95;99m[48;2;57;91;93m▀[0m[38;2;63;95;99m[48;2;64;95;99m▀[0m[38;2;61;92;95m[48;2;62;93;96m▀[0m[38;2;59;89;91m[48;2;60;91;93m▀[0m[38;2;57;86;89m[48;2;61;92;95m▀[0m[38;2;56;84;86m[48;2;64;96;99m▀[0m[38;2;56;83;85m[48;2;59;88;91m▀[0m
[38;2;29;44;47m[48;2;77;113;115m▀[0m[38;2;70;105;107m[48;2;73;107;111m▀[0m[38;2;77;106;111m[48;2;60;99;103m▀[0m[38;2;74;108;111m[48;2;61;96;99m▀[0m[38;2;82;119;119m[48;2;67;99;101m▀[0m[38;2;60;93;95m[48;2;77;125;132m▀[0m[38;2;102;165;168m[48;2;93;146;147m▀[0m[38;2;44;62;63m[48;2;0;0;0m▀[0m[38;2;51;81;86m[48;2;101;159;162m▀[0m[38;2;134;204;212m[48;2;60;95;96m▀[0m[38;2;52;84;85m[48;2;70;111;114m▀[0m[38;2;70;113;116m[48;2;61;99;101m▀[0m[38;2;69;111;116m[48;2;61;97;101m▀[0m[38;2;77;116;119m[48;2;75;118;122m▀[0m[38;2;86;128;132m[48;2;89;129;133m▀[0m[38;2;80;119;124m[48;2;74;112;115m▀[0m[38;2;85;135;139m[48;2;91;138;141m▀[0m[38;2;102;159;167m[48;2;78;123;125m▀[0m[38;2;111;165;172m[48;2;0;0;0m▀[0m[38;2;12;18;18m[48;2;0;0;0m▀[0m[38;2;0;0;0m[48;2;73;107;116m▀[0m[38;2;72;111;115m[48;2;107;167;178m▀[0m[38;2;106;169;178m[48;2;93;151;155m▀[0m[38;2;97;165;171m[48;2;84;136;143m▀[0m[38;2;36;152;157m[48;2;59;180;187m▀[0m[38;2;168;12;7m[48;2;255;27;26m▀[0m[38;2;255;0;0m[48;2;255;5;2m▀[0m[38;2;255;0;0m[48;2;13;195;204m▀[0m[38;2;0;223;232m[48;2;37;179;189m▀[0m[38;2;225;30;34m[48;2;255;0;0m▀[0m[38;2;255;0;0m[48;2;125;103;112m▀[0m[38;2;72;112;121m[48;2;0;203;215m▀[0m[38;2;0;119;130m[48;2;253;16;13m▀[0m[38;2;117;0;0m[48;2;255;9;13m▀[0m[38;2;49;118;123m[48;2;0;90;105m▀[0m[38;2;255;255;255m[48;2;69;86;83m▀[0m[38;2;255;255;255m[48;2;255;255;255m▀[0m[38;2;204;113;113m[48;2;255;255;255m▀[0m[38;2;0;5;16m[48;2;249;255;255m▀[0m[38;2;96;58;64m[48;2;167;44;44m▀[0m[38;2;152;73;69m[48;2;8;143;157m▀[0m[38;2;255;0;0m[48;2;236;34;35m▀[0m[38;2;125;134;138m[48;2;234;47;51m▀[0m[38;2;59;212;217m[48;2;26;211;213m▀[0m[38;2;0;0;0m[48;2;36;79;80m▀[0m[38;2;0;0;0m[48;2;0;0;0m▀[0m[38;2;67;111;116m[48;2;49;77;80m▀[0m[38;2;114;190;200m[48;2;104;168;174m▀[0m[38;2;42;85;90m[48;2;77;129;135m▀[0m[38;2;0;38;42m[48;2;0;0;0m▀[0m[38;2;127;167;174m[48;2;23;75;79m▀[0m[38;2;111;203;211m[48;2;107;183;189m▀[0m[38;2;71;125;130m[48;2;100;160;165m▀[0m[38;2;0;0;0m[48;2;52;85;86m▀[0m[38;2;5;16;14m[48;2;0;0;0m▀[0m[38;2;166;224;231m[48;2;89;119;122m▀[0m[38;2;33;48;50m[48;2;96;122;130m▀[0m[38;2;82;128;132m[48;2;66;110;113m▀[0m[38;2;75;119;123m[48;2;78;118;123m▀[0m[38;2;79;122;125m[48;2;72;111;114m▀[0m[38;2;79;124;127m[48;2;70;108;112m▀[0m[38;2;86;130;135m[48;2;68;104;107m▀[0m[38;2;88;139;143m[48;2;81;118;124m▀[0m[38;2;34;57;57m[48;2;92;145;150m▀[0m[38;2;0;0;0m[48;2;55;82;85m▀[0m[38;2;17;25;28m[48;2;0;0;0m▀[0m[38;2;89;130;136m[48;2;0;0;0m▀[0m[38;2;82;121;126m[48;2;86;129;134m▀[0m[38;2;74;112;114m[48;2;68;108;112m▀[0m[38;2;63;97;101m[48;2;72;111;116m▀[0m[38;2;73;108;112m[48;2;64;97;101m▀[0m[38;2;64;95;99m[48;2;58;90;93m▀[0m[38;2;71;106;110m[48;2;62;94;97m▀[0m[38;2;61;91;94m[48;2;56;84;88m▀[0m[38;2;59;89;91m[48;2;61;93;95m▀[0m[38;2;53;83;84m[48;2;61;93;95m▀[0m
[38;2;69;107;112m[48;2;62;95;100m▀[0m[38;2;70;108;112m[48;2;66;101;105m▀[0m[38;2;71;110;114m[48;2;73;111;115m▀[0m[38;2;66;99;97m[48;2;59;94;96m▀[0m[38;2;67;101;104m[48;2;119;183;187m▀[0m[38;2;118;185;191m[48;2;19;28;27m▀[0m[38;2;0;0;0m[48;2;35;52;56m▀[0m[38;2;66;102;105m[48;2;81;126;130m▀[0m[38;2;83;127;130m[48;2;79;121;124m▀[0m[38;2;78;121;122m[48;2;74;117;122m▀[0m[38;2;73;112;115m[48;2;72;107;111m▀[0m[38;2;85;126;130m[48;2;78;122;122m▀[0m[38;2;75;115;118m[48;2;77;116;118m▀[0m[38;2;83;125;129m[48;2;78;118;122m▀[0m[38;2;83;124;127m[48;2;79;118;123m▀[0m[38;2;82;122;125m[48;2;80;122;125m▀[0m[38;2;93;144;149m[48;2;91;139;145m▀[0m[38;2;0;0;0m[48;2;83;127;132m▀[0m[38;2;0;0;0m[48;2;82;124;130m▀[0m[38;2;56;86;91m[48;2;100;151;158m▀[0m[38;2;110;163;174m[48;2;79;125;130m▀[0m[38;2;88;136;141m[48;2;86;134;139m▀[0m[38;2;90;141;149m[48;2;85;134;139m▀[0m[38;2;77;125;130m[48;2;86;135;140m▀[0m[38;2;69;140;144m[48;2;80;145;149m▀[0m[38;2;58;174;180m[48;2;70;148;155m▀[0m[38;2;27;170;177m[48;2;31;157;166m▀[0m[38;2;0;212;223m[48;2;101;137;144m▀[0m[38;2;255;9;7m[48;2;255;0;0m▀[0m[38;2;255;3;3m[48;2;74;149;156m▀[0m[38;2;0;193;203m[48;2;41;150;155m▀[0m[38;2;35;137;141m[48;2;57;119;124m▀[0m[38;2;181;33;34m[48;2;38;136;149m▀[0m[38;2;107;117;127m[48;2;59;139;148m▀[0m[38;2;41;140;147m[48;2;71;136;141m▀[0m[38;2;0;23;23m[48;2;0;39;46m▀[0m[38;2;255;255;255m[48;2;213;215;212m▀[0m[38;2;255;255;255m[48;2;255;255;255m▀[0m[38;2;255;255;255m[48;2;240;234;234m▀[0m[38;2;210;248;248m[48;2;29;60;64m▀[0m[38;2;0;121;133m[48;2;37;149;159m▀[0m[38;2;151;130;136m[48;2;71;188;193m▀[0m[38;2;255;0;0m[48;2;255;0;0m▀[0m[38;2;38;179;185m[48;2;134;123;129m▀[0m[38;2;73;159;163m[48;2;60;183;190m▀[0m[38;2;69;122;123m[48;2;91;159;163m▀[0m[38;2;81;128;132m[48;2;89;143;147m▀[0m[38;2;92;145;150m[48;2;105;158;162m▀[0m[38;2;104;165;169m[48;2;94;147;154m▀[0m[38;2;61;97;99m[48;2;102;160;168m▀[0m[38;2;63;101;106m[48;2;110;165;173m▀[0m[38;2;103;165;171m[48;2;90;136;141m▀[0m[38;2;90;141;143m[48;2;84;135;136m▀[0m[38;2;110;167;167m[48;2;80;122;124m▀[0m[38;2;25;37;37m[48;2;100;150;155m▀[0m[38;2;0;0;0m[48;2;0;0;0m▀[0m[38;2;50;68;79m[48;2;0;0;0m▀[0m[38;2;23;39;42m[48;2;61;95;99m▀[0m[38;2;95;149;154m[48;2;75;134;134m▀[0m[38;2;70;103;107m[48;2;75;122;122m▀[0m[38;2;75;116;119m[48;2;84;121;125m▀[0m[38;2;75;115;119m[48;2;89;132;136m▀[0m[38;2;80;121;125m[48;2;78;124;128m▀[0m[38;2;86;127;134m[48;2;80;115;119m▀[0m[38;2;94;145;150m[48;2;83;122;129m▀[0m[38;2;62;93;97m[48;2;81;126;130m▀[0m[38;2;40;63;67m[48;2;80;121;128m▀[0m[38;2;80;121;124m[48;2;70;113;116m▀[0m[38;2;67;102;105m[48;2;69;104;107m▀[0m[38;2;66;101;104m[48;2;68;103;106m▀[0m[38;2;60;90;93m[48;2;67;97;101m▀[0m[38;2;63;90;93m[48;2;67;101;100m▀[0m[38;2;62;95;99m[48;2;68;102;104m▀[0m[38;2;62;94;96m[48;2;68;105;108m▀[0m[38;2;62;95;97m[48;2;64;97;101m▀[0m[38;2;62;94;97m[48;2;56;85;89m▀[0m
[38;2;57;89;92m[48;2;63;95;99m▀[0m[38;2;63;89;93m[48;2;56;81;84m▀[0m[38;2;53;80;84m[48;2;97;146;154m▀[0m[38;2;106;167;172m[48;2;80;117;121m▀[0m[38;2;67;103;111m[48;2;17;38;41m▀[0m[38;2;33;51;52m[48;2;129;204;212m▀[0m[38;2;84;124;129m[48;2;74;102;105m▀[0m[38;2;71;107;115m[48;2;71;107;111m▀[0m[38;2;82;126;128m[48;2;66;103;105m▀[0m[38;2;71;105;110m[48;2;72;112;116m▀[0m[38;2;75;116;121m[48;2;83;132;136m▀[0m[38;2;83;125;132m[48;2;80;119;124m▀[0m[38;2;77;110;112m[48;2;81;122;130m▀[0m[38;2;79;119;123m[48;2;80;119;124m▀[0m[38;2;90;136;139m[48;2;94;146;151m▀[0m[38;2;92;144;147m[48;2;83;137;143m▀[0m[38;2;93;148;154m[48;2;70;111;114m▀[0m[38;2;94;148;155m[48;2;83;127;132m▀[0m[38;2;89;137;141m[48;2;96;147;154m▀[0m[38;2;97;146;152m[48;2;93;136;140m▀[0m[38;2;85;135;139m[48;2;97;151;156m▀[0m[38;2;83;128;134m[48;2;102;155;158m▀[0m[38;2;85;129;135m[48;2;82;132;132m▀[0m[38;2;79;124;127m[48;2;73;128;128m▀[0m[38;2;73;138;141m[48;2;78;144;148m▀[0m[38;2;63;141;146m[48;2;17;174;177m▀[0m[38;2;33;205;214m[48;2;151;83;86m▀[0m[38;2;255;0;0m[48;2;255;0;0m▀[0m[38;2;247;7;8m[48;2;67;143;150m▀[0m[38;2;22;188;194m[48;2;56;169;178m▀[0m[38;2;84;157;160m[48;2;100;173;177m▀[0m[38;2;78;144;150m[48;2;100;165;170m▀[0m[38;2;77;121;132m[48;2;92;151;155m▀[0m[38;2;69;114;121m[48;2;78;125;130m▀[0m[38;2;78;136;141m[48;2;73;125;134m▀[0m[38;2;25;92;95m[48;2;53;118;124m▀[0m[38;2;220;226;224m[48;2;194;199;194m▀[0m[38;2;223;217;215m[48;2;70;79;79m▀[0m[38;2;0;0;0m[48;2;38;100;108m▀[0m[38;2;49;130;138m[48;2;78;140;145m▀[0m[38;2;69;146;152m[48;2;77;145;149m▀[0m[38;2;40;198;202m[48;2;35;152;157m▀[0m[38;2;255;0;0m[48;2;176;52;58m▀[0m[38;2;255;7;9m[48;2;218;42;42m▀[0m[38;2;34;178;184m[48;2;47;158;166m▀[0m[38;2;88;140;144m[48;2;89;144;147m▀[0m[38;2;89;143;147m[48;2;75;119;123m▀[0m[38;2;75;117;122m[48;2;74;119;118m▀[0m[38;2;78;128;134m[48;2;74;124;127m▀[0m[38;2;91;141;147m[48;2;85;139;147m▀[0m[38;2;86;134;143m[48;2;77;123;127m▀[0m[38;2;94;150;157m[48;2;85;139;146m▀[0m[38;2;93;144;146m[48;2;86;139;138m▀[0m[38;2;86;129;130m[48;2;81;121;122m▀[0m[38;2;96;152;156m[48;2;89;147;152m▀[0m[38;2;84;126;130m[48;2;99;162;168m▀[0m[38;2;7;13;11m[48;2;90;143;148m▀[0m[38;2;130;180;182m[48;2;52;68;66m▀[0m[38;2;82;136;137m[48;2;95;144;147m▀[0m[38;2;85;143;146m[48;2;83;134;137m▀[0m[38;2;91;141;146m[48;2;94;149;150m▀[0m[38;2;92;141;146m[48;2;90;141;146m▀[0m[38;2;79;122;126m[48;2;83;134;140m▀[0m[38;2;85;124;128m[48;2;83;132;136m▀[0m[38;2;75;111;115m[48;2;80;123;127m▀[0m[38;2;66;102;106m[48;2;78;119;123m▀[0m[38;2;71;111;115m[48;2;74;116;119m▀[0m[38;2;69;103;106m[48;2;68;107;111m▀[0m[38;2;72;110;114m[48;2;73;114;118m▀[0m[38;2;73;111;118m[48;2;75;114;122m▀[0m[38;2;72;108;111m[48;2;81;121;124m▀[0m[38;2;72;108;112m[48;2;74;112;115m▀[0m[38;2;79;114;117m[48;2;80;118;122m▀[0m[38;2;71;110;113m[48;2;72;107;111m▀[0m[38;2;69;107;111m[48;2;70;105;108m▀[0m[38;2;53;82;85m[48;2;68;96;100m▀[0m
[38;2;59;84;90m[48;2;96;144;150m▀[0m[38;2;80;123;126m[48;2;173;255;255m▀[0m[38;2;130;199;204m[48;2;34;50;49m▀[0m[38;2;0;0;0m[48;2;50;90;94m▀[0m[38;2;2;22;23m[48;2;13;14;13m▀[0m[38;2;90;143;149m[48;2;12;8;8m▀[0m[38;2;83;117;121m[48;2;83;125;128m▀[0m[38;2;69;99;102m[48;2;91;135;140m▀[0m[38;2;60;89;92m[48;2;105;154;161m▀[0m[38;2;62;96;101m[48;2;107;156;161m▀[0m[38;2;62;93;100m[48;2;105;154;162m▀[0m[38;2;64;97;100m[48;2;105;158;167m▀[0m[38;2;68;99;101m[48;2;95;150;155m▀[0m[38;2;69;104;108m[48;2;90;136;143m▀[0m[38;2;72;110;113m[48;2;100;151;156m▀[0m[38;2;72;119;122m[48;2;106;158;162m▀[0m[38;2;73;113;118m[48;2;103;154;160m▀[0m[38;2;70;108;112m[48;2;106;156;163m▀[0m[38;2;78;128;133m[48;2;96;144;154m▀[0m[38;2;75;116;118m[48;2;110;165;176m▀[0m[38;2;81;126;127m[48;2;113;166;170m▀[0m[38;2;88;140;141m[48;2;116;173;180m▀[0m[38;2;71;122;123m[48;2;106;169;178m▀[0m[38;2;67;126;126m[48;2;134;210;217m▀[0m[38;2;68;183;192m[48;2;53;210;220m▀[0m[38;2;92;183;190m[48;2;239;12;14m▀[0m[38;2;255;0;0m[48;2;255;0;0m▀[0m[38;2;255;6;11m[48;2;115;137;144m▀[0m[38;2;24;183;189m[48;2;80;217;226m▀[0m[38;2;74;157;162m[48;2;100;188;198m▀[0m[38;2;94;154;156m[48;2;114;182;189m▀[0m[38;2;90;134;135m[48;2;121;184;191m▀[0m[38;2;90;136;140m[48;2;117;177;184m▀[0m[38;2;80;125;130m[48;2;113;180;190m▀[0m[38;2;67;115;122m[48;2;114;181;190m▀[0m[38;2;75;126;134m[48;2;110;179;184m▀[0m[38;2;156;157;150m[48;2;189;178;171m▀[0m[38;2;64;84;86m[48;2;91;130;133m▀[0m[38;2;67;130;140m[48;2;111;179;187m▀[0m[38;2;70;126;128m[48;2;122;187;189m▀[0m[38;2;63;123;125m[48;2;110;174;180m▀[0m[38;2;67;129;134m[48;2;113;180;189m▀[0m[38;2;52;146;154m[48;2;123;190;199m▀[0m[38;2;61;159;167m[48;2;123;188;198m▀[0m[38;2;85;154;157m[48;2;126;203;212m▀[0m[38;2;79;136;141m[48;2;111;172;180m▀[0m[38;2;79;132;137m[48;2;101;154;161m▀[0m[38;2;78;121;126m[48;2;101;152;160m▀[0m[38;2;84;132;139m[48;2;110;172;182m▀[0m[38;2;73;118;124m[48;2;114;185;195m▀[0m[38;2;73;121;125m[48;2;106;155;161m▀[0m[38;2;66;103;107m[48;2;94;139;144m▀[0m[38;2;77;119;123m[48;2;114;172;180m▀[0m[38;2;81;134;138m[48;2;132;200;209m▀[0m[38;2;92;143;147m[48;2;119;183;190m▀[0m[38;2;91;138;144m[48;2;97;151;156m▀[0m[38;2;105;160;166m[48;2;111;178;183m▀[0m[38;2;0;2;0m[48;2;68;106;111m▀[0m[38;2;37;56;56m[48;2;0;0;0m▀[0m[38;2;107;166;168m[48;2;116;177;183m▀[0m[38;2;95;145;150m[48;2;132;196;206m▀[0m[38;2;85;134;138m[48;2;119;184;192m▀[0m[38;2;84;129;138m[48;2;117;180;189m▀[0m[38;2;83;132;136m[48;2;122;185;195m▀[0m[38;2;82;136;140m[48;2;117;185;193m▀[0m[38;2;81;134;136m[48;2;105;168;174m▀[0m[38;2;79;126;128m[48;2;99;151;156m▀[0m[38;2;73;114;117m[48;2;105;157;161m▀[0m[38;2;66;103;106m[48;2;106;150;157m▀[0m[38;2;67;107;112m[48;2;115;168;178m▀[0m[38;2;75;119;124m[48;2;125;185;192m▀[0m[38;2;75;117;117m[48;2;121;181;188m▀[0m[38;2;75;112;115m[48;2;107;162;171m▀[0m[38;2;72;104;104m[48;2;97;144;150m▀[0m[38;2;70;103;106m[48;2;91;139;147m▀[0m[38;2;70;104;107m[48;2;94;138;144m▀[0m
[38;2;0;0;0m[48;2;0;0;0m▀[0m[38;2;0;0;0m[48;2;0;1;2m▀[0m[38;2;0;0;0m[48;2;94;140;147m▀[0m[38;2;36;62;63m[48;2;97;156;159m▀[0m[38;2;17;25;24m[48;2;93;149;152m▀[0m[38;2;3;0;0m[48;2;73;117;124m▀[0m[38;2;36;59;62m[48;2;95;147;157m▀[0m[38;2;22;40;41m[48;2;63;88;91m▀[0m[38;2;71;113;116m[48;2;60;95;94m▀[0m[38;2;94;140;148m[48;2;59;93;96m▀[0m[38;2;94;145;154m[48;2;48;78;80m▀[0m[38;2;92;141;150m[48;2;49;79;81m▀[0m[38;2;56;94;99m[48;2;51;84;89m▀[0m[38;2;63;102;106m[48;2;69;104;108m▀[0m[38;2;68;105;107m[48;2;86;128;133m▀[0m[38;2;72;106;111m[48;2;79;121;125m▀[0m[38;2;83;124;129m[48;2;83;133;137m▀[0m[38;2;82;114;119m[48;2;71;122;123m▀[0m[38;2;83;112;119m[48;2;63;114;115m▀[0m[38;2;77;101;108m[48;2;66;108;112m▀[0m[38;2;83;104;112m[48;2;68;112;114m▀[0m[38;2;82;101;108m[48;2;73;123;127m▀[0m[38;2;69;99;105m[48;2;77;134;138m▀[0m[38;2;90;139;147m[48;2;56;126;129m▀[0m[38;2;0;71;74m[48;2;24;160;167m▀[0m[38;2;151;0;0m[48;2;255;0;0m▀[0m[38;2;255;0;0m[48;2;161;110;114m▀[0m[38;2;0;67;70m[48;2;23;187;199m▀[0m[38;2;30;85;90m[48;2;69;126;128m▀[0m[38;2;52;96;100m[48;2;63;114;117m▀[0m[38;2;59;93;99m[48;2;77;113;115m▀[0m[38;2;68;101;108m[48;2;70;106;110m▀[0m[38;2;62;93;101m[48;2;63;101;104m▀[0m[38;2;52;86;91m[48;2;94;150;156m▀[0m[38;2;33;67;74m[48;2;62;89;99m▀[0m[38;2;0;0;0m[48;2;14;0;0m▀[0m[38;2;255;253;245m[48;2;255;255;255m▀[0m[38;2;80;108;105m[48;2;78;83;83m▀[0m[38;2;80;118;122m[48;2;29;89;97m▀[0m[38;2;92;123;125m[48;2;71;124;128m▀[0m[38;2;91;129;134m[48;2;67;115;119m▀[0m[38;2;95;129;129m[48;2;59;100;104m▀[0m[38;2;97;125;127m[48;2;63;103;107m▀[0m[38;2;96;125;129m[48;2;63;101;103m▀[0m[38;2;99;130;135m[48;2;59;101;103m▀[0m[38;2;103;132;135m[48;2;68;111;115m▀[0m[38;2;90;122;123m[48;2;72;116;122m▀[0m[38;2;93;124;126m[48;2;71;114;121m▀[0m[38;2;93;128;133m[48;2;64;105;111m▀[0m[38;2;97;129;135m[48;2;71;116;122m▀[0m[38;2;97;129;135m[48;2;68;112;115m▀[0m[38;2;89;123;128m[48;2;69;114;116m▀[0m[38;2;95;129;135m[48;2;77;121;123m▀[0m[38;2;89;129;135m[48;2;69;103;105m▀[0m[38;2;85;126;132m[48;2;70;110;114m▀[0m[38;2;81;123;128m[48;2;69;110;114m▀[0m[38;2;89;134;140m[48;2;84;130;137m▀[0m[38;2;58;89;93m[48;2;86;135;141m▀[0m[38;2;0;0;0m[48;2;112;178;184m▀[0m[38;2;45;72;78m[48;2;88;133;136m▀[0m[38;2;86;130;138m[48;2;58;89;88m▀[0m[38;2;59;81;86m[48;2;58;81;84m▀[0m[38;2;51;70;75m[48;2;75;111;114m▀[0m[38;2;40;53;58m[48;2;51;80;83m▀[0m[38;2;18;27;28m[48;2;0;0;0m▀[0m[38;2;106;139;145m[48;2;83;103;111m▀[0m[38;2;190;245;254m[48;2;27;39;42m▀[0m[38;2;89;116;121m[48;2;0;0;0m▀[0m[38;2;73;97;100m[48;2;0;0;0m▀[0m[38;2;85;112;115m[48;2;0;0;0m▀[0m[38;2;73;99;104m[48;2;0;0;0m▀[0m[38;2;58;79;85m[48;2;7;25;20m▀[0m[38;2;63;94;104m[48;2;52;97;104m▀[0m[38;2;77;108;115m[48;2;20;22;20m▀[0m[38;2;63;88;95m[48;2;28;39;38m▀[0m[38;2;72;95;99m[48;2;46;72;75m▀[0m
