[38;2;112;115;115m[48;2;87;90;90m▀[0m[38;2;0;0;0m[48;2;0;0;0m▀[0m[38;2;37;39;39m[48;2;130;135;135m▀[0m[38;2;33;37;37m[48;2;132;135;137m▀[0m[38;2;7;9;9m[48;2;124;126;126m▀[0m[38;2;0;0;0m[48;2;86;88;88m▀[0m[38;2;0;0;0m[48;2;0;0;0m▀[0m[38;2;0;0;0m[48;2;0;0;0m▀[0m[38;2;91;91;93m[48;2;172;176;176m▀[0m[38;2;147;150;150m[48;2;48;48;48m▀[0m[38;2;164;166;166m[48;2;146;150;150m▀[0m[38;2;19;21;21m[48;2;0;0;0m▀[0m[38;2;0;0;0m[48;2;0;0;0m▀[0m[38;2;0;0;0m[48;2;197;197;197m▀[0m[38;2;0;0;0m[48;2;151;151;151m▀[0m[38;2;0;0;0m[48;2;0;0;0m▀[0m[38;2;0;0;0m[48;2;0;0;0m▀[0m[38;2;0;0;0m[48;2;0;0;0m▀[0m[38;2;0;3;3m[48;2;7;10;12m▀[0m[38;2;39;44;44m[48;2;19;21;21m▀[0m[38;2;0;0;0m[48;2;87;89;89m▀[0m[38;2;45;45;46m[48;2;69;69;66m▀[0m[38;2;91;95;95m[48;2;0;0;0m▀[0m[38;2;39;39;39m[48;2;0;0;0m▀[0m[38;2;0;0;0m[48;2;0;0;0m▀[0m[38;2;0;0;0m[48;2;0;0;0m▀[0m[38;2;0;0;0m[48;2;196;196;197m▀[0m[38;2;0;0;0m[48;2;255;255;255m▀[0m[38;2;99;101;103m[48;2;228;231;231m▀[0m[38;2;233;235;236m[48;2;201;206;205m▀[0m[38;2;51;56;56m[48;2;203;206;206m▀[0m[38;2;0;0;0m[48;2;3;9;9m▀[0m[38;2;99;102;102m[48;2;230;238;238m▀[0m[38;2;208;212;212m[48;2;255;255;255m▀[0m[38;2;225;227;227m[48;2;255;255;255m▀[0m[38;2;218;220;220m[48;2;255;255;255m▀[0m[38;2;255;255;255m[48;2;255;255;255m▀[0m[38;2;255;255;255m[48;2;255;255;255m▀[0m[38;2;255;255;255m[48;2;255;255;255m▀[0m[38;2;230;228;228m[48;2;255;255;255m▀[0m[38;2;191;194;194m[48;2;255;255;255m▀[0m[38;2;237;240;237m[48;2;255;255;255m▀[0m[38;2;255;255;255m[48;2;255;255;255m▀[0m[38;2;28;27;28m[48;2;255;255;255m▀[0m[38;2;191;190;190m[48;2;125;126;123m▀[0m[38;2;189;186;190m[48;2;233;236;236m▀[0m[38;2;0;0;0m[48;2;179;181;181m▀[0m[38;2;88;91;90m[48;2;207;210;209m▀[0m[38;2;27;27;24m[48;2;46;49;50m▀[0m[38;2;0;0;0m[48;2;0;0;0m▀[0m[38;2;0;0;0m[48;2;0;0;0m▀[0m[38;2;0;0;1m[48;2;0;0;1m▀[0m[38;2;0;0;1m[48;2;0;0;0m▀[0m[38;2;0;0;0m[48;2;0;0;0m▀[0m[38;2;0;0;0m[48;2;0;0;0m▀[0m[38;2;0;0;0m[48;2;0;0;0m▀[0m[38;2;142;145;145m[48;2;184;184;184m▀[0m[38;2;0;0;0m[48;2;194;197;197m▀[0m[38;2;145;145;145m[48;2;151;151;151m▀[0m[38;2;0;0;0m[48;2;0;0;0m▀[0m[38;2;0;0;0m[48;2;0;0;0m▀[0m[38;2;0;1;0m[48;2;0;1;0m▀[0m[38;2;0;0;0m[48;2;0;0;1m▀[0m[38;2;0;0;0m[48;2;0;0;0m▀[0m[38;2;0;0;0m[48;2;28;30;30m▀[0m[38;2;0;0;0m[48;2;79;83;83m▀[0m[38;2;0;0;0m[48;2;0;0;0m▀[0m[38;2;0;0;0m[48;2;1;1;2m▀[0m[38;2;0;1;1m[48;2;0;0;0m▀[0m[38;2;0;0;1m[48;2;0;0;0m▀[0m[38;2;0;0;0m[48;2;0;0;0m▀[0m[38;2;0;0;0m[48;2;5;7;7m▀[0m[38;2;0;0;0m[48;2;0;0;0m▀[0m[38;2;12;16;15m[48;2;10;12;14m▀[0m[38;2;0;0;0m[48;2;7;6;6m▀[0m[38;2;20;19;19m[48;2;15;11;11m▀[0m
[38;2;0;0;0m[48;2;101;105;102m▀[0m[38;2;42;41;41m[48;2;108;110;110m▀[0m[38;2;60;61;57m[48;2;11;12;9m▀[0m[38;2;85;87;89m[48;2;5;7;7m▀[0m[38;2;123;125;125m[48;2;9;12;12m▀[0m[38;2;140;143;145m[48;2;14;17;14m▀[0m[38;2;0;0;0m[48;2;0;0;0m▀[0m[38;2;0;0;0m[48;2;0;0;0m▀[0m[38;2;212;216;214m[48;2;90;90;91m▀[0m[38;2;193;193;191m[48;2;255;255;255m▀[0m[38;2;141;141;141m[48;2;86;86;86m▀[0m[38;2;52;50;54m[48;2;255;255;255m▀[0m[38;2;224;227;224m[48;2;145;145;147m▀[0m[38;2;183;183;183m[48;2;9;8;8m▀[0m[38;2;255;255;255m[48;2;255;255;255m▀[0m[38;2;255;255;255m[48;2;255;255;255m▀[0m[38;2;0;0;0m[48;2;255;255;255m▀[0m[38;2;0;0;0m[48;2;0;0;0m▀[0m[38;2;0;0;0m[48;2;0;0;0m▀[0m[38;2;0;0;0m[48;2;0;0;0m▀[0m[38;2;48;48;48m[48;2;14;17;17m▀[0m[38;2;74;74;74m[48;2;165;165;167m▀[0m[38;2;22;21;21m[48;2;15;18;18m▀[0m[38;2;0;0;1m[48;2;0;0;0m▀[0m[38;2;0;0;0m[48;2;0;0;0m▀[0m[38;2;0;0;0m[48;2;0;0;0m▀[0m[38;2;1;0;2m[48;2;0;0;0m▀[0m[38;2;255;255;255m[48;2;0;0;0m▀[0m[38;2;221;225;225m[48;2;163;167;167m▀[0m[38;2;190;194;194m[48;2;205;208;208m▀[0m[38;2;219;240;240m[48;2;178;199;200m▀[0m[38;2;173;104;97m[48;2;251;204;197m▀[0m[38;2;0;0;0m[48;2;38;0;0m▀[0m[38;2;255;255;255m[48;2;0;0;0m▀[0m[38;2;255;255;255m[48;2;9;9;9m▀[0m[38;2;100;104;104m[48;2;55;57;57m▀[0m[38;2;255;255;255m[48;2;39;39;39m▀[0m[38;2;255;255;255m[48;2;192;191;191m▀[0m[38;2;255;255;255m[48;2;101;104;106m▀[0m[38;2;255;255;255m[48;2;187;187;189m▀[0m[38;2;255;255;255m[48;2;255;255;255m▀[0m[38;2;255;255;255m[48;2;255;255;255m▀[0m[38;2;255;255;255m[48;2;255;255;255m▀[0m[38;2;255;255;255m[48;2;255;255;255m▀[0m[38;2;255;255;255m[48;2;255;255;255m▀[0m[38;2;235;238;238m[48;2;255;255;255m▀[0m[38;2;199;204;200m[48;2;255;255;255m▀[0m[38;2;167;169;171m[48;2;203;207;207m▀[0m[38;2;10;14;12m[48;2;79;86;87m▀[0m[38;2;0;0;0m[48;2;0;0;0m▀[0m[38;2;0;0;0m[48;2;0;0;0m▀[0m[38;2;0;0;0m[48;2;0;0;0m▀[0m[38;2;0;0;0m[48;2;0;0;0m▀[0m[38;2;0;0;0m[48;2;0;0;0m▀[0m[38;2;0;0;0m[48;2;0;0;0m▀[0m[38;2;0;0;0m[48;2;0;0;0m▀[0m[38;2;81;81;82m[48;2;84;86;86m▀[0m[38;2;255;255;255m[48;2;78;78;79m▀[0m[38;2;1;1;1m[48;2;118;118;120m▀[0m[38;2;0;0;0m[48;2;0;0;0m▀[0m[38;2;0;0;0m[48;2;0;0;0m▀[0m[38;2;0;0;0m[48;2;0;0;0m▀[0m[38;2;0;0;0m[48;2;0;0;0m▀[0m[38;2;0;0;1m[48;2;0;0;1m▀[0m[38;2;3;3;3m[48;2;0;0;0m▀[0m[38;2;12;12;15m[48;2;0;0;0m▀[0m[38;2;0;0;0m[48;2;0;0;0m▀[0m[38;2;0;0;0m[48;2;0;0;0m▀[0m[38;2;0;0;0m[48;2;0;0;0m▀[0m[38;2;0;0;0m[48;2;65;69;69m▀[0m[38;2;49;51;51m[48;2;29;28;28m▀[0m[38;2;8;8;8m[48;2;0;0;0m▀[0m[38;2;0;0;0m[48;2;0;0;0m▀[0m[38;2;10;12;14m[48;2;0;0;0m▀[0m[38;2;9;7;10m[48;2;58;56;59m▀[0m[38;2;3;5;5m[48;2;108;112;109m▀[0m
[38;2;116;120;122m[48;2;110;112;112m▀[0m[38;2;137;139;141m[48;2;127;129;129m▀[0m[38;2;34;36;36m[48;2;0;0;0m▀[0m[38;2;106;108;104m[48;2;83;87;84m▀[0m[38;2;145;149;149m[48;2;131;135;135m▀[0m[38;2;50;54;54m[48;2;36;38;38m▀[0m[38;2;0;0;0m[48;2;0;0;0m▀[0m[38;2;0;0;0m[48;2;78;81;81m▀[0m[38;2;3;3;1m[48;2;0;0;0m▀[0m[38;2;0;0;0m[48;2;0;0;0m▀[0m[38;2;0;0;0m[48;2;152;150;153m▀[0m[38;2;212;216;218m[48;2;9;12;15m▀[0m[38;2;200;200;203m[48;2;0;0;0m▀[0m[38;2;0;0;0m[48;2;0;0;0m▀[0m[38;2;255;255;255m[48;2;0;0;0m▀[0m[38;2;221;227;227m[48;2;205;204;204m▀[0m[38;2;253;255;255m[48;2;255;255;255m▀[0m[38;2;255;255;255m[48;2;117;116;116m▀[0m[38;2;0;0;0m[48;2;0;0;0m▀[0m[38;2;0;0;0m[48;2;104;106;109m▀[0m[38;2;100;100;102m[48;2;12;12;15m▀[0m[38;2;29;29;30m[48;2;0;0;0m▀[0m[38;2;0;0;0m[48;2;0;0;0m▀[0m[38;2;0;0;0m[48;2;2;1;1m▀[0m[38;2;96;96;96m[48;2;191;190;190m▀[0m[38;2;86;86;86m[48;2;252;253;250m▀[0m[38;2;83;87;87m[48;2;78;78;76m▀[0m[38;2;198;200;203m[48;2;178;182;182m▀[0m[38;2;183;185;186m[48;2;165;168;168m▀[0m[38;2;167;170;172m[48;2;154;157;157m▀[0m[38;2;200;204;205m[48;2;209;211;212m▀[0m[38;2;206;222;222m[48;2;189;203;204m▀[0m[38;2;197;205;206m[48;2;217;185;185m▀[0m[38;2;0;0;0m[48;2;255;182;177m▀[0m[38;2;0;0;0m[48;2;2;21;24m▀[0m[38;2;0;0;0m[48;2;0;0;0m▀[0m[38;2;0;0;0m[48;2;147;150;150m▀[0m[38;2;0;0;0m[48;2;0;0;0m▀[0m[38;2;0;0;0m[48;2;0;0;0m▀[0m[38;2;0;0;0m[48;2;0;0;0m▀[0m[38;2;255;255;255m[48;2;255;255;255m▀[0m[38;2;194;194;194m[48;2;0;0;0m▀[0m[38;2;255;255;255m[48;2;0;0;0m▀[0m[38;2;255;255;255m[48;2;72;75;74m▀[0m[38;2;255;255;255m[48;2;212;214;214m▀[0m[38;2;255;255;255m[48;2;255;255;255m▀[0m[38;2;255;255;255m[48;2;255;255;255m▀[0m[38;2;255;255;255m[48;2;204;206;206m▀[0m[38;2;46;48;54m[48;2;0;0;0m▀[0m[38;2;0;0;0m[48;2;0;0;0m▀[0m[38;2;0;0;0m[48;2;0;0;0m▀[0m[38;2;0;0;0m[48;2;0;0;0m▀[0m[38;2;0;0;0m[48;2;0;0;0m▀[0m[38;2;0;0;0m[48;2;0;0;0m▀[0m[38;2;0;0;0m[48;2;0;0;0m▀[0m[38;2;0;0;0m[48;2;0;0;0m▀[0m[38;2;115;115;115m[48;2;21;21;21m▀[0m[38;2;187;191;191m[48;2;255;255;255m▀[0m[38;2;208;208;209m[48;2;255;255;255m▀[0m[38;2;0;0;0m[48;2;0;0;0m▀[0m[38;2;0;0;0m[48;2;0;0;0m▀[0m[38;2;0;0;0m[48;2;0;0;0m▀[0m[38;2;0;0;0m[48;2;0;0;0m▀[0m[38;2;0;0;1m[48;2;0;0;0m▀[0m[38;2;0;0;0m[48;2;0;0;0m▀[0m[38;2;0;0;0m[48;2;0;0;0m▀[0m[38;2;0;0;0m[48;2;29;31;29m▀[0m[38;2;4;4;4m[48;2;89;90;87m▀[0m[38;2;72;74;74m[48;2;104;106;106m▀[0m[38;2;47;47;47m[48;2;0;0;0m▀[0m[38;2;0;0;0m[48;2;0;0;0m▀[0m[38;2;0;0;0m[48;2;0;0;0m▀[0m[38;2;0;0;0m[48;2;0;0;0m▀[0m[38;2;29;28;28m[48;2;58;60;60m▀[0m[38;2;85;91;88m[48;2;58;60;60m▀[0m[38;2;63;68;68m[48;2;11;10;10m▀[0m
[38;2;115;117;118m[48;2;117;122;120m▀[0m[38;2;101;105;102m[48;2;75;78;77m▀[0m[38;2;18;17;17m[48;2;89;90;87m▀[0m[38;2;102;102;103m[48;2;149;149;150m▀[0m[38;2;131;135;137m[48;2;49;51;54m▀[0m[38;2;16;15;15m[48;2;0;0;0m▀[0m[38;2;9;8;8m[48;2;12;16;18m▀[0m[38;2;0;3;0m[48;2;0;0;0m▀[0m[38;2;0;0;0m[48;2;59;58;58m▀[0m[38;2;147;147;149m[48;2;14;14;11m▀[0m[38;2;214;212;216m[48;2;109;108;108m▀[0m[38;2;0;0;0m[48;2;0;0;0m▀[0m[38;2;0;0;0m[48;2;0;0;0m▀[0m[38;2;209;208;208m[48;2;150;153;153m▀[0m[38;2;28;28;28m[48;2;255;255;255m▀[0m[38;2;7;9;9m[48;2;255;255;255m▀[0m[38;2;255;255;255m[48;2;255;255;255m▀[0m[38;2;0;0;0m[48;2;38;38;38m▀[0m[38;2;5;5;5m[48;2;0;0;0m▀[0m[38;2;110;110;106m[48;2;0;0;0m▀[0m[38;2;43;43;43m[48;2;50;52;52m▀[0m[38;2;0;0;0m[48;2;0;0;0m▀[0m[38;2;0;0;0m[48;2;0;0;0m▀[0m[38;2;51;50;50m[48;2;111;113;115m▀[0m[38;2;109;111;109m[48;2;203;203;204m▀[0m[38;2;255;255;255m[48;2;255;255;255m▀[0m[38;2;0;0;0m[48;2;58;57;58m▀[0m[38;2;0;0;0m[48;2;0;0;0m▀[0m[38;2;137;139;137m[48;2;185;187;187m▀[0m[38;2;111;113;113m[48;2;224;226;226m▀[0m[38;2;152;156;157m[48;2;110;113;114m▀[0m[38;2;204;207;207m[48;2;159;164;163m▀[0m[38;2;187;192;192m[48;2;206;210;210m▀[0m[38;2;255;249;246m[48;2;255;255;255m▀[0m[38;2;206;210;210m[48;2;113;113;110m▀[0m[38;2;139;141;139m[48;2;216;220;217m▀[0m[38;2;255;255;255m[48;2;212;216;216m▀[0m[38;2;63;65;65m[48;2;152;152;154m▀[0m[38;2;252;252;252m[48;2;201;204;204m▀[0m[38;2;114;114;115m[48;2;103;106;106m▀[0m[38;2;0;0;0m[48;2;17;19;19m▀[0m[38;2;0;0;0m[48;2;96;96;96m▀[0m[38;2;0;0;0m[48;2;2;2;4m▀[0m[38;2;0;0;0m[48;2;0;0;0m▀[0m[38;2;112;113;110m[48;2;0;0;0m▀[0m[38;2;156;159;159m[48;2;60;63;60m▀[0m[38;2;255;255;255m[48;2;64;65;62m▀[0m[38;2;20;23;23m[48;2;0;0;0m▀[0m[38;2;0;0;0m[48;2;0;0;0m▀[0m[38;2;0;0;0m[48;2;0;0;0m▀[0m[38;2;0;0;0m[48;2;132;132;132m▀[0m[38;2;3;3;3m[48;2;255;255;255m▀[0m[38;2;244;246;246m[48;2;255;255;255m▀[0m[38;2;118;118;118m[48;2;255;255;255m▀[0m[38;2;0;0;0m[48;2;201;201;201m▀[0m[38;2;0;0;0m[48;2;0;0;0m▀[0m[38;2;0;0;0m[48;2;0;0;0m▀[0m[38;2;238;238;238m[48;2;200;200;200m▀[0m[38;2;255;255;255m[48;2;96;96;98m▀[0m[38;2;0;0;0m[48;2;96;96;96m▀[0m[38;2;0;0;0m[48;2;0;0;0m▀[0m[38;2;0;0;0m[48;2;0;0;0m▀[0m[38;2;0;0;0m[48;2;0;0;0m▀[0m[38;2;0;1;1m[48;2;0;0;0m▀[0m[38;2;0;0;0m[48;2;0;0;0m▀[0m[38;2;19;21;21m[48;2;0;2;1m▀[0m[38;2;48;49;46m[48;2;17;17;17m▀[0m[38;2;145;149;145m[48;2;16;16;16m▀[0m[38;2;18;20;18m[48;2;0;0;0m▀[0m[38;2;0;0;0m[48;2;0;0;0m▀[0m[38;2;0;0;0m[48;2;0;0;1m▀[0m[38;2;0;0;0m[48;2;0;0;1m▀[0m[38;2;0;0;0m[48;2;0;0;0m▀[0m[38;2;2;5;5m[48;2;0;0;0m▀[0m[38;2;4;4;4m[48;2;39;43;43m▀[0m[38;2;0;0;0m[48;2;62;65;64m▀[0m
[38;2;116;120;119m[48;2;111;114;114m▀[0m[38;2;59;59;60m[48;2;47;49;49m▀[0m[38;2;95;97;97m[48;2;124;126;126m▀[0m[38;2;135;139;143m[48;2;113;116;117m▀[0m[38;2;0;0;0m[48;2;0;0;0m▀[0m[38;2;0;0;0m[48;2;0;0;0m▀[0m[38;2;0;0;0m[48;2;88;88;88m▀[0m[38;2;203;203;200m[48;2;255;255;255m▀[0m[38;2;255;255;255m[48;2;255;255;255m▀[0m[38;2;166;166;163m[48;2;255;255;255m▀[0m[38;2;0;0;0m[48;2;73;73;73m▀[0m[38;2;110;110;111m[48;2;22;25;25m▀[0m[38;2;0;0;0m[48;2;0;0;0m▀[0m[38;2;111;111;113m[48;2;0;0;0m▀[0m[38;2;255;255;255m[48;2;0;0;0m▀[0m[38;2;255;255;255m[48;2;0;0;0m▀[0m[38;2;113;113;115m[48;2;0;0;0m▀[0m[38;2;0;0;0m[48;2;39;42;47m▀[0m[38;2;4;6;6m[48;2;62;66;70m▀[0m[38;2;50;55;58m[48;2;0;0;0m▀[0m[38;2;0;0;0m[48;2;0;0;0m▀[0m[38;2;0;0;0m[48;2;0;0;0m▀[0m[38;2;54;56;56m[48;2;59;62;61m▀[0m[38;2;115;117;117m[48;2;118;120;120m▀[0m[38;2;197;199;201m[48;2;207;210;209m▀[0m[38;2;255;255;255m[48;2;255;255;255m▀[0m[38;2;185;187;189m[48;2;243;245;245m▀[0m[38;2;0;0;0m[48;2;0;0;0m▀[0m[38;2;29;31;31m[48;2;0;0;0m▀[0m[38;2;99;98;98m[48;2;0;0;0m▀[0m[38;2;164;167;166m[48;2;0;0;0m▀[0m[38;2;241;245;245m[48;2;29;29;25m▀[0m[38;2;248;254;254m[48;2;51;56;55m▀[0m[38;2;255;255;255m[48;2;234;230;226m▀[0m[38;2;105;64;61m[48;2;180;85;82m▀[0m[38;2;227;227;227m[48;2;255;255;255m▀[0m[38;2;255;255;255m[48;2;255;255;255m▀[0m[38;2;255;255;255m[48;2;255;255;255m▀[0m[38;2;223;227;227m[48;2;255;255;255m▀[0m[38;2;206;210;210m[48;2;255;255;255m▀[0m[38;2;129;136;136m[48;2;132;125;125m▀[0m[38;2;255;255;255m[48;2;23;11;11m▀[0m[38;2;243;246;246m[48;2;192;199;199m▀[0m[38;2;19;19;19m[48;2;37;39;39m▀[0m[38;2;77;74;74m[48;2;230;230;230m▀[0m[38;2;0;0;0m[48;2;0;0;0m▀[0m[38;2;0;0;0m[48;2;0;0;0m▀[0m[38;2;0;0;0m[48;2;0;0;0m▀[0m[38;2;0;0;0m[48;2;30;30;30m▀[0m[38;2;126;124;127m[48;2;255;255;255m▀[0m[38;2;255;255;255m[48;2;146;146;146m▀[0m[38;2;218;221;221m[48;2;255;255;255m▀[0m[38;2;255;255;255m[48;2;255;255;255m▀[0m[38;2;88;91;91m[48;2;27;27;24m▀[0m[38;2;227;227;227m[48;2;164;165;160m▀[0m[38;2;230;228;230m[48;2;255;255;255m▀[0m[38;2;0;0;0m[48;2;120;120;120m▀[0m[38;2;190;192;190m[48;2;84;84;84m▀[0m[38;2;44;44;44m[48;2;255;255;255m▀[0m[38;2;60;60;60m[48;2;158;158;158m▀[0m[38;2;0;0;0m[48;2;0;0;0m▀[0m[38;2;0;0;0m[48;2;0;0;0m▀[0m[38;2;0;0;0m[48;2;0;0;0m▀[0m[38;2;0;0;0m[48;2;10;15;11m▀[0m[38;2;16;12;12m[48;2;76;75;72m▀[0m[38;2;20;23;23m[48;2;24;24;25m▀[0m[38;2;29;27;30m[48;2;7;7;8m▀[0m[38;2;0;0;0m[48;2;0;0;0m▀[0m[38;2;0;0;0m[48;2;0;0;0m▀[0m[38;2;0;0;0m[48;2;0;0;0m▀[0m[38;2;0;0;1m[48;2;0;0;0m▀[0m[38;2;0;0;0m[48;2;0;0;1m▀[0m[38;2;1;1;0m[48;2;0;0;0m▀[0m[38;2;0;0;0m[48;2;0;0;0m▀[0m[38;2;17;19;19m[48;2;0;0;0m▀[0m[38;2;93;97;97m[48;2;86;88;88m▀[0m
[38;2;98;101;102m[48;2;72;77;86m▀[0m[38;2;63;65;63m[48;2;101;104;106m▀[0m[38;2;152;155;151m[48;2;197;197;194m▀[0m[38;2;75;77;75m[48;2;0;0;0m▀[0m[38;2;0;0;0m[48;2;0;0;0m▀[0m[38;2;0;0;0m[48;2;255;255;255m▀[0m[38;2;255;255;255m[48;2;255;255;255m▀[0m[38;2;255;255;255m[48;2;255;255;255m▀[0m[38;2;255;255;255m[48;2;255;255;255m▀[0m[38;2;255;255;255m[48;2;255;255;255m▀[0m[38;2;58;58;58m[48;2;0;0;0m▀[0m[38;2;33;33;35m[48;2;19;16;19m▀[0m[38;2;7;7;7m[48;2;0;0;0m▀[0m[38;2;0;0;0m[48;2;16;20;17m▀[0m[38;2;0;0;0m[48;2;7;7;7m▀[0m[38;2;0;0;0m[48;2;30;27;27m▀[0m[38;2;0;0;0m[48;2;0;0;0m▀[0m[38;2;7;9;9m[48;2;12;11;11m▀[0m[38;2;48;50;50m[48;2;105;108;108m▀[0m[38;2;0;0;0m[48;2;30;32;32m▀[0m[38;2;0;0;0m[48;2;83;85;90m▀[0m[38;2;62;62;63m[48;2;129;135;141m▀[0m[38;2;112;112;113m[48;2;124;123;123m▀[0m[38;2;164;164;160m[48;2;192;190;193m▀[0m[38;2;255;255;255m[48;2;255;255;255m▀[0m[38;2;255;255;255m[48;2;255;255;255m▀[0m[38;2;255;255;255m[48;2;225;227;227m▀[0m[38;2;108;110;110m[48;2;0;0;0m▀[0m[38;2;0;0;0m[48;2;0;0;0m▀[0m[38;2;0;0;0m[48;2;0;0;0m▀[0m[38;2;0;0;0m[48;2;0;0;0m▀[0m[38;2;0;0;0m[48;2;91;91;91m▀[0m[38;2;0;0;0m[48;2;0;0;0m▀[0m[38;2;0;0;0m[48;2;0;0;0m▀[0m[38;2;0;0;0m[48;2;0;0;0m▀[0m[38;2;66;71;72m[48;2;0;0;0m▀[0m[38;2;255;255;255m[48;2;0;0;0m▀[0m[38;2;255;255;255m[48;2;129;142;146m▀[0m[38;2;255;255;255m[48;2;255;255;255m▀[0m[38;2;255;255;255m[48;2;255;255;255m▀[0m[38;2;224;131;125m[48;2;194;10;5m▀[0m[38;2;218;177;173m[48;2;255;255;255m▀[0m[38;2;255;255;255m[48;2;255;255;255m▀[0m[38;2;255;255;255m[48;2;255;255;255m▀[0m[38;2;247;247;247m[48;2;150;153;153m▀[0m[38;2;0;0;0m[48;2;0;0;0m▀[0m[38;2;0;0;0m[48;2;0;0;0m▀[0m[38;2;0;0;0m[48;2;0;0;0m▀[0m[38;2;0;0;0m[48;2;0;0;0m▀[0m[38;2;155;153;156m[48;2;214;213;213m▀[0m[38;2;255;255;255m[48;2;255;255;255m▀[0m[38;2;219;214;214m[48;2;0;0;0m▀[0m[38;2;23;23;23m[48;2;0;0;0m▀[0m[38;2;0;0;0m[48;2;0;0;0m▀[0m[38;2;243;241;239m[48;2;139;141;139m▀[0m[38;2;255;255;255m[48;2;255;255;255m▀[0m[38;2;255;255;255m[48;2;0;0;0m▀[0m[38;2;6;5;5m[48;2;135;135;135m▀[0m[38;2;213;213;213m[48;2;0;0;0m▀[0m[38;2;153;153;151m[48;2;0;0;0m▀[0m[38;2;0;0;0m[48;2;0;0;0m▀[0m[38;2;0;0;0m[48;2;0;0;0m▀[0m[38;2;0;0;0m[48;2;0;0;0m▀[0m[38;2;37;41;39m[48;2;0;0;0m▀[0m[38;2;43;45;47m[48;2;29;27;33m▀[0m[38;2;25;29;28m[48;2;0;2;1m▀[0m[38;2;0;0;0m[48;2;0;0;0m▀[0m[38;2;1;1;0m[48;2;0;0;1m▀[0m[38;2;0;0;0m[48;2;0;0;1m▀[0m[38;2;0;0;0m[48;2;0;0;0m▀[0m[38;2;0;0;0m[48;2;0;0;0m▀[0m[38;2;0;0;1m[48;2;0;0;0m▀[0m[38;2;0;0;0m[48;2;0;0;0m▀[0m[38;2;0;0;0m[48;2;0;0;0m▀[0m[38;2;0;0;0m[48;2;0;0;0m▀[0m[38;2;20;23;23m[48;2;0;0;0m▀[0m
[38;2;27;12;0m[48;2;66;49;15m▀[0m[38;2;0;0;0m[48;2;72;68;52m▀[0m[38;2;31;33;34m[48;2;0;0;0m▀[0m[38;2;0;0;0m[48;2;16;16;17m▀[0m[38;2;144;149;149m[48;2;255;255;255m▀[0m[38;2;255;255;255m[48;2;255;255;255m▀[0m[38;2;255;255;255m[48;2;255;255;255m▀[0m[38;2;255;255;255m[48;2;255;255;255m▀[0m[38;2;255;255;255m[48;2;255;255;255m▀[0m[38;2;146;146;146m[48;2;24;24;24m▀[0m[38;2;0;0;0m[48;2;0;0;0m▀[0m[38;2;0;0;0m[48;2;0;0;0m▀[0m[38;2;0;0;0m[48;2;0;0;0m▀[0m[38;2;6;6;6m[48;2;0;0;0m▀[0m[38;2;29;31;31m[48;2;103;103;105m▀[0m[38;2;78;76;79m[48;2;119;123;122m▀[0m[38;2;88;90;90m[48;2;5;3;6m▀[0m[38;2;57;59;59m[48;2;0;0;0m▀[0m[38;2;0;0;0m[48;2;9;8;8m▀[0m[38;2;6;8;8m[48;2;151;155;155m▀[0m[38;2;232;236;237m[48;2;198;198;198m▀[0m[38;2;238;240;241m[48;2;249;248;246m▀[0m[38;2;73;75;81m[48;2;170;172;173m▀[0m[38;2;235;233;236m[48;2;255;255;255m▀[0m[38;2;255;255;255m[48;2;195;198;198m▀[0m[38;2;154;154;155m[48;2;0;0;0m▀[0m[38;2;0;0;0m[48;2;0;0;0m▀[0m[38;2;0;0;0m[48;2;0;0;0m▀[0m[38;2;0;0;0m[48;2;0;0;2m▀[0m[38;2;19;19;19m[48;2;155;155;155m▀[0m[38;2;158;162;162m[48;2;97;97;97m▀[0m[38;2;162;162;162m[48;2;0;0;0m▀[0m[38;2;209;209;210m[48;2;85;85;85m▀[0m[38;2;30;30;30m[48;2;233;233;230m▀[0m[38;2;56;55;56m[48;2;255;255;255m▀[0m[38;2;255;255;255m[48;2;255;255;255m▀[0m[38;2;178;176;169m[48;2;255;255;255m▀[0m[38;2;0;0;0m[48;2;255;125;105m▀[0m[38;2;0;11;14m[48;2;0;0;0m▀[0m[38;2;255;246;245m[48;2;0;0;0m▀[0m[38;2;184;11;9m[48;2;72;52;54m▀[0m[38;2;255;255;255m[48;2;255;255;255m▀[0m[38;2;255;255;255m[48;2;255;255;255m▀[0m[38;2;255;255;255m[48;2;146;150;149m▀[0m[38;2;0;0;0m[48;2;0;0;0m▀[0m[38;2;0;0;0m[48;2;0;0;0m▀[0m[38;2;0;0;0m[48;2;0;0;0m▀[0m[38;2;0;0;0m[48;2;0;0;0m▀[0m[38;2;0;0;0m[48;2;0;0;0m▀[0m[38;2;45;44;44m[48;2;0;0;0m▀[0m[38;2;255;255;255m[48;2;43;43;43m▀[0m[38;2;255;255;255m[48;2;255;255;255m▀[0m[38;2;255;255;255m[48;2;255;255;255m▀[0m[38;2;255;255;255m[48;2;255;255;255m▀[0m[38;2;118;120;118m[48;2;59;59;59m▀[0m[38;2;0;0;0m[48;2;0;0;0m▀[0m[38;2;0;0;0m[48;2;0;0;0m▀[0m[38;2;203;203;203m[48;2;77;77;82m▀[0m[38;2;76;76;76m[48;2;245;247;247m▀[0m[38;2;0;0;0m[48;2;0;0;0m▀[0m[38;2;56;56;58m[48;2;28;28;30m▀[0m[38;2;0;0;0m[48;2;74;74;74m▀[0m[38;2;0;0;0m[48;2;0;0;0m▀[0m[38;2;0;0;0m[48;2;0;0;0m▀[0m[38;2;0;0;0m[48;2;20;18;21m▀[0m[38;2;0;0;0m[48;2;0;0;0m▀[0m[38;2;0;0;0m[48;2;0;0;0m▀[0m[38;2;0;0;1m[48;2;0;0;1m▀[0m[38;2;0;0;1m[48;2;0;1;1m▀[0m[38;2;0;0;1m[48;2;0;0;1m▀[0m[38;2;0;0;0m[48;2;0;0;0m▀[0m[38;2;2;2;2m[48;2;16;16;18m▀[0m[38;2;15;18;18m[48;2;0;0;1m▀[0m[38;2;0;0;0m[48;2;6;8;8m▀[0m[38;2;0;0;0m[48;2;2;2;0m▀[0m[38;2;0;0;0m[48;2;0;0;0m▀[0m
[38;2;19;16;23m[48;2;31;22;18m▀[0m[38;2;156;151;137m[48;2;15;6;0m▀[0m[38;2;0;0;0m[48;2;74;78;83m▀[0m[38;2;255;255;255m[48;2;255;255;255m▀[0m[38;2;255;255;255m[48;2;255;255;255m▀[0m[38;2;255;255;255m[48;2;255;255;255m▀[0m[38;2;255;255;255m[48;2;255;255;255m▀[0m[38;2;255;255;255m[48;2;255;255;255m▀[0m[38;2;255;255;255m[48;2;249;249;249m▀[0m[38;2;0;0;0m[48;2;0;0;0m▀[0m[38;2;0;0;0m[48;2;0;0;0m▀[0m[38;2;0;0;0m[48;2;0;0;0m▀[0m[38;2;0;0;0m[48;2;38;42;42m▀[0m[38;2;46;52;52m[48;2;0;0;0m▀[0m[38;2;2;5;4m[48;2;95;93;93m▀[0m[38;2;0;0;0m[48;2;159;158;158m▀[0m[38;2;0;3;4m[48;2;167;167;165m▀[0m[38;2;182;180;186m[48;2;255;255;255m▀[0m[38;2;206;204;207m[48;2;187;187;192m▀[0m[38;2;211;213;216m[48;2;181;181;182m▀[0m[38;2;192;194;196m[48;2;186;189;190m▀[0m[38;2;173;176;173m[48;2;210;209;210m▀[0m[38;2;255;255;255m[48;2;255;255;255m▀[0m[38;2;255;255;255m[48;2;82;79;83m▀[0m[38;2;0;0;0m[48;2;0;0;0m▀[0m[38;2;0;0;0m[48;2;0;0;0m▀[0m[38;2;0;0;0m[48;2;100;102;102m▀[0m[38;2;159;163;163m[48;2;255;255;255m▀[0m[38;2;129;132;129m[48;2;255;255;255m▀[0m[38;2;5;5;5m[48;2;168;168;168m▀[0m[38;2;128;128;128m[48;2;255;255;255m▀[0m[38;2;255;255;255m[48;2;255;255;255m▀[0m[38;2;255;255;255m[48;2;255;255;255m▀[0m[38;2;255;255;255m[48;2;250;250;250m▀[0m[38;2;218;222;222m[48;2;0;0;0m▀[0m[38;2;104;111;112m[48;2;65;68;68m▀[0m[38;2;38;52;54m[48;2;86;90;93m▀[0m[38;2;193;201;201m[48;2;42;64;68m▀[0m[38;2;247;142;138m[48;2;206;213;206m▀[0m[38;2;0;0;0m[48;2;220;74;68m▀[0m[38;2;0;0;0m[48;2;0;0;0m▀[0m[38;2;39;48;51m[48;2;0;0;0m▀[0m[38;2;69;73;73m[48;2;0;0;0m▀[0m[38;2;0;0;0m[48;2;0;0;0m▀[0m[38;2;0;0;0m[48;2;0;0;0m▀[0m[38;2;0;0;0m[48;2;27;30;32m▀[0m[38;2;15;15;16m[48;2;46;49;49m▀[0m[38;2;1;1;1m[48;2;72;72;72m▀[0m[38;2;0;0;0m[48;2;6;6;6m▀[0m[38;2;0;0;0m[48;2;0;0;0m▀[0m[38;2;0;0;0m[48;2;0;0;0m▀[0m[38;2;0;0;0m[48;2;0;0;0m▀[0m[38;2;0;0;0m[48;2;0;0;0m▀[0m[38;2;0;0;0m[48;2;0;0;0m▀[0m[38;2;0;0;0m[48;2;24;24;24m▀[0m[38;2;0;0;0m[48;2;6;6;6m▀[0m[38;2;15;17;17m[48;2;6;8;9m▀[0m[38;2;43;46;46m[48;2;76;76;76m▀[0m[38;2;11;10;10m[48;2;255;255;255m▀[0m[38;2;108;108;109m[48;2;255;255;255m▀[0m[38;2;0;0;0m[48;2;194;193;193m▀[0m[38;2;55;55;55m[48;2;0;0;0m▀[0m[38;2;0;0;0m[48;2;0;0;0m▀[0m[38;2;0;0;0m[48;2;0;0;0m▀[0m[38;2;34;37;37m[48;2;39;43;43m▀[0m[38;2;3;5;5m[48;2;14;14;16m▀[0m[38;2;0;0;0m[48;2;0;0;0m▀[0m[38;2;0;0;1m[48;2;1;1;1m▀[0m[38;2;0;1;1m[48;2;0;1;1m▀[0m[38;2;0;0;0m[48;2;0;0;0m▀[0m[38;2;5;7;7m[48;2;18;20;20m▀[0m[38;2;1;4;4m[48;2;0;0;0m▀[0m[38;2;12;15;15m[48;2;58;60;60m▀[0m[38;2;35;37;39m[48;2;0;0;0m▀[0m[38;2;12;12;9m[48;2;34;34;32m▀[0m[38;2;0;0;0m[48;2;28;28;29m▀[0m
[38;2;0;0;0m[48;2;0;0;0m▀[0m[38;2;0;0;0m[48;2;115;118;120m▀[0m[38;2;255;255;255m[48;2;255;255;255m▀[0m[38;2;255;255;255m[48;2;255;255;254m▀[0m[38;2;255;255;255m[48;2;255;255;255m▀[0m[38;2;255;255;255m[48;2;255;255;255m▀[0m[38;2;255;255;255m[48;2;253;253;255m▀[0m[38;2;255;255;255m[48;2;255;255;255m▀[0m[38;2;194;194;194m[48;2;105;105;105m▀[0m[38;2;0;0;0m[48;2;0;0;0m▀[0m[38;2;58;61;61m[48;2;0;0;0m▀[0m[38;2;12;15;15m[48;2;18;17;17m▀[0m[38;2;9;12;11m[48;2;85;91;91m▀[0m[38;2;37;39;39m[48;2;73;75;75m▀[0m[38;2;230;232;232m[48;2;31;33;33m▀[0m[38;2;223;225;225m[48;2;72;74;74m▀[0m[38;2;222;223;220m[48;2;204;206;206m▀[0m[38;2;197;196;196m[48;2;232;230;233m▀[0m[38;2;160;163;165m[48;2;182;185;181m▀[0m[38;2;154;156;156m[48;2;255;255;255m▀[0m[38;2;192;194;194m[48;2;255;255;255m▀[0m[38;2;255;255;255m[48;2;255;255;255m▀[0m[38;2;255;255;255m[48;2;137;137;135m▀[0m[38;2;0;0;0m[48;2;0;0;0m▀[0m[38;2;0;0;0m[48;2;0;0;0m▀[0m[38;2;0;0;0m[48;2;116;116;116m▀[0m[38;2;233;233;233m[48;2;149;149;145m▀[0m[38;2;255;255;255m[48;2;255;255;255m▀[0m[38;2;115;114;114m[48;2;96;95;95m▀[0m[38;2;130;132;130m[48;2;64;64;66m▀[0m[38;2;255;255;255m[48;2;64;68;68m▀[0m[38;2;255;255;255m[48;2;218;218;218m▀[0m[38;2;255;255;255m[48;2;255;255;255m▀[0m[38;2;255;255;255m[48;2;255;255;255m▀[0m[38;2;255;255;255m[48;2;255;255;255m▀[0m[38;2;255;255;255m[48;2;255;255;255m▀[0m[38;2;255;255;255m[48;2;249;252;249m▀[0m[38;2;255;255;255m[48;2;255;255;255m▀[0m[38;2;234;248;249m[48;2;255;255;255m▀[0m[38;2;255;238;225m[48;2;255;255;255m▀[0m[38;2;0;0;0m[48;2;92;97;97m▀[0m[38;2;0;0;0m[48;2;11;20;20m▀[0m[38;2;62;64;64m[48;2;58;58;58m▀[0m[38;2;37;39;39m[48;2;62;61;61m▀[0m[38;2;10;10;8m[48;2;84;84;86m▀[0m[38;2;32;35;35m[48;2;0;0;0m▀[0m[38;2;0;0;0m[48;2;0;0;0m▀[0m[38;2;36;36;36m[48;2;0;0;0m▀[0m[38;2;19;19;19m[48;2;0;0;0m▀[0m[38;2;19;22;22m[48;2;55;58;55m▀[0m[38;2;0;0;0m[48;2;0;0;0m▀[0m[38;2;0;0;0m[48;2;0;0;0m▀[0m[38;2;0;0;0m[48;2;0;0;0m▀[0m[38;2;0;0;0m[48;2;0;0;0m▀[0m[38;2;0;0;0m[48;2;0;0;0m▀[0m[38;2;59;62;59m[48;2;32;32;32m▀[0m[38;2;0;0;0m[48;2;0;0;0m▀[0m[38;2;255;255;255m[48;2;249;252;252m▀[0m[38;2;255;255;255m[48;2;255;255;255m▀[0m[38;2;255;255;255m[48;2;255;255;255m▀[0m[38;2;255;255;255m[48;2;255;255;255m▀[0m[38;2;0;0;0m[48;2;255;255;255m▀[0m[38;2;0;0;0m[48;2;0;0;0m▀[0m[38;2;0;0;0m[48;2;0;0;0m▀[0m[38;2;32;32;34m[48;2;18;18;18m▀[0m[38;2;25;29;29m[48;2;36;39;38m▀[0m[38;2;0;0;0m[48;2;0;0;0m▀[0m[38;2;0;2;2m[48;2;0;0;0m▀[0m[38;2;0;0;0m[48;2;0;0;0m▀[0m[38;2;7;7;8m[48;2;14;12;12m▀[0m[38;2;1;3;3m[48;2;0;0;0m▀[0m[38;2;17;17;17m[48;2;50;52;52m▀[0m[38;2;25;29;28m[48;2;0;0;0m▀[0m[38;2;0;0;0m[48;2;48;51;51m▀[0m[38;2;110;112;112m[48;2;78;81;82m▀[0m[38;2;12;15;15m[48;2;74;73;73m▀[0m
[38;2;0;0;0m[48;2;176;179;178m▀[0m[38;2;255;255;255m[48;2;255;255;255m▀[0m[38;2;244;244;244m[48;2;213;213;213m▀[0m[38;2;228;228;228m[48;2;209;209;204m▀[0m[38;2;255;255;255m[48;2;255;255;255m▀[0m[38;2;255;255;255m[48;2;255;255;255m▀[0m[38;2;222;224;224m[48;2;255;255;255m▀[0m[38;2;195;195;195m[48;2;255;255;255m▀[0m[38;2;0;0;0m[48;2;127;127;127m▀[0m[38;2;0;0;0m[48;2;0;0;0m▀[0m[38;2;79;84;81m[48;2;183;185;185m▀[0m[38;2;186;191;187m[48;2;167;166;163m▀[0m[38;2;164;169;165m[48;2;228;227;227m▀[0m[38;2;205;207;208m[48;2;255;255;255m▀[0m[38;2;255;255;255m[48;2;255;255;255m▀[0m[38;2;77;76;76m[48;2;255;255;255m▀[0m[38;2;0;0;0m[48;2;0;0;0m▀[0m[38;2;110;112;112m[48;2;111;113;113m▀[0m[38;2;168;171;171m[48;2;205;205;205m▀[0m[38;2;255;255;255m[48;2;0;0;0m▀[0m[38;2;255;255;255m[48;2;0;0;0m▀[0m[38;2;115;115;115m[48;2;0;0;0m▀[0m[38;2;0;0;0m[48;2;0;0;0m▀[0m[38;2;0;0;1m[48;2;0;0;0m▀[0m[38;2;0;0;0m[48;2;62;62;62m▀[0m[38;2;96;96;97m[48;2;21;21;23m▀[0m[38;2;255;255;255m[48;2;93;93;96m▀[0m[38;2;245;245;243m[48;2;171;173;173m▀[0m[38;2;241;244;244m[48;2;0;0;0m▀[0m[38;2;105;109;109m[48;2;92;96;96m▀[0m[38;2;7;7;9m[48;2;198;186;189m▀[0m[38;2;254;251;255m[48;2;255;255;255m▀[0m[38;2;255;255;255m[48;2;255;255;255m▀[0m[38;2;255;255;255m[48;2;219;219;217m▀[0m[38;2;237;237;235m[48;2;207;207;205m▀[0m[38;2;212;214;214m[48;2;213;220;217m▀[0m[38;2;218;220;220m[48;2;216;219;219m▀[0m[38;2;217;234;233m[48;2;224;248;252m▀[0m[38;2;255;221;217m[48;2;223;186;177m▀[0m[38;2;255;255;255m[48;2;255;255;255m▀[0m[38;2;119;140;140m[48;2;114;129;129m▀[0m[38;2;0;0;0m[48;2;34;36;36m▀[0m[38;2;166;168;168m[48;2;237;236;236m▀[0m[38;2;49;49;50m[48;2;0;0;0m▀[0m[38;2;35;35;35m[48;2;47;46;46m▀[0m[38;2;0;0;0m[48;2;57;57;55m▀[0m[38;2;0;0;0m[48;2;0;0;0m▀[0m[38;2;51;55;55m[48;2;0;0;0m▀[0m[38;2;17;17;17m[48;2;5;5;5m▀[0m[38;2;35;35;35m[48;2;0;0;0m▀[0m[38;2;18;18;18m[48;2;12;12;12m▀[0m[38;2;0;0;0m[48;2;22;22;22m▀[0m[38;2;0;0;0m[48;2;41;44;44m▀[0m[38;2;0;0;0m[48;2;0;0;0m▀[0m[38;2;0;0;0m[48;2;0;0;0m▀[0m[38;2;0;0;0m[48;2;0;0;0m▀[0m[38;2;0;0;0m[48;2;0;0;0m▀[0m[38;2;114;117;114m[48;2;0;0;0m▀[0m[38;2;255;255;255m[48;2;255;255;255m▀[0m[38;2;255;255;255m[48;2;255;255;255m▀[0m[38;2;255;255;255m[48;2;255;255;255m▀[0m[38;2;255;255;255m[48;2;255;255;255m▀[0m[38;2;65;65;62m[48;2;255;255;255m▀[0m[38;2;0;0;0m[48;2;0;0;0m▀[0m[38;2;0;1;1m[48;2;0;0;0m▀[0m[38;2;51;55;57m[48;2;20;22;22m▀[0m[38;2;0;0;0m[48;2;0;0;0m▀[0m[38;2;0;0;0m[48;2;0;0;0m▀[0m[38;2;3;3;4m[48;2;7;7;7m▀[0m[38;2;6;6;7m[48;2;0;0;0m▀[0m[38;2;2;0;3m[48;2;27;29;29m▀[0m[38;2;39;42;42m[48;2;3;3;1m▀[0m[38;2;0;0;0m[48;2;0;0;0m▀[0m[38;2;32;35;35m[48;2;47;49;49m▀[0m[38;2;100;102;100m[48;2;56;55;56m▀[0m[38;2;48;49;46m[48;2;136;138;136m▀[0m
[38;2;10;14;12m[48;2;0;0;0m▀[0m[38;2;255;255;255m[48;2;50;52;52m▀[0m[38;2;255;255;255m[48;2;255;255;255m▀[0m[38;2;243;243;240m[48;2;255;255;255m▀[0m[38;2;255;255;255m[48;2;255;255;255m▀[0m[38;2;255;255;255m[48;2;255;255;255m▀[0m[38;2;255;255;255m[48;2;255;255;255m▀[0m[38;2;255;255;255m[48;2;255;255;255m▀[0m[38;2;255;255;255m[48;2;255;255;255m▀[0m[38;2;231;230;230m[48;2;255;255;255m▀[0m[38;2;48;47;47m[48;2;255;255;255m▀[0m[38;2;103;100;103m[48;2;129;129;129m▀[0m[38;2;207;205;203m[48;2;46;46;43m▀[0m[38;2;233;231;227m[48;2;139;136;136m▀[0m[38;2;204;204;200m[48;2;196;196;196m▀[0m[38;2;241;245;241m[48;2;159;163;162m▀[0m[38;2;126;128;128m[48;2;56;59;59m▀[0m[38;2;151;153;153m[48;2;0;0;0m▀[0m[38;2;124;127;127m[48;2;50;54;54m▀[0m[38;2;0;0;0m[48;2;225;223;226m▀[0m[38;2;0;0;0m[48;2;0;0;0m▀[0m[38;2;0;0;0m[48;2;117;116;116m▀[0m[38;2;4;3;3m[48;2;243;245;247m▀[0m[38;2;208;208;208m[48;2;108;110;110m▀[0m[38;2;252;255;252m[48;2;0;1;0m▀[0m[38;2;84;84;84m[48;2;0;0;0m▀[0m[38;2;0;0;0m[48;2;164;164;166m▀[0m[38;2;0;0;0m[48;2;214;213;213m▀[0m[38;2;84;84;84m[48;2;158;162;162m▀[0m[38;2;187;192;192m[48;2;255;255;255m▀[0m[38;2;255;255;255m[48;2;255;255;255m▀[0m[38;2;255;255;255m[48;2;228;237;239m▀[0m[38;2;221;225;224m[48;2;217;226;226m▀[0m[38;2;208;210;208m[48;2;255;255;255m▀[0m[38;2;249;251;249m[48;2;255;255;255m▀[0m[38;2;255;255;255m[48;2;255;255;255m▀[0m[38;2;249;255;254m[48;2;255;255;255m▀[0m[38;2;234;231;235m[48;2;255;217;208m▀[0m[38;2;254;231;221m[48;2;205;89;83m▀[0m[38;2;255;255;255m[48;2;255;255;255m▀[0m[38;2;90;98;98m[48;2;0;0;0m▀[0m[38;2;0;0;0m[48;2;0;0;0m▀[0m[38;2;102;102;102m[48;2;131;131;131m▀[0m[38;2;0;0;0m[48;2;0;0;0m▀[0m[38;2;0;0;0m[48;2;0;0;0m▀[0m[38;2;61;61;61m[48;2;0;0;0m▀[0m[38;2;102;102;100m[48;2;14;14;14m▀[0m[38;2;0;0;0m[48;2;153;153;153m▀[0m[38;2;0;0;0m[48;2;106;106;103m▀[0m[38;2;0;0;0m[48;2;61;64;64m▀[0m[38;2;0;0;0m[48;2;76;76;76m▀[0m[38;2;0;0;0m[48;2;63;63;63m▀[0m[38;2;0;0;0m[48;2;44;43;43m▀[0m[38;2;0;0;0m[48;2;1;3;3m▀[0m[38;2;0;0;0m[48;2;27;27;27m▀[0m[38;2;0;0;0m[48;2;0;0;0m▀[0m[38;2;0;0;0m[48;2;0;0;0m▀[0m[38;2;0;0;0m[48;2;0;0;0m▀[0m[38;2;255;255;255m[48;2;220;220;220m▀[0m[38;2;255;255;255m[48;2;255;255;255m▀[0m[38;2;255;255;255m[48;2;255;255;255m▀[0m[38;2;255;255;255m[48;2;255;255;255m▀[0m[38;2;255;255;255m[48;2;255;255;255m▀[0m[38;2;137;137;135m[48;2;255;255;255m▀[0m[38;2;0;0;0m[48;2;0;0;0m▀[0m[38;2;0;0;0m[48;2;0;0;0m▀[0m[38;2;0;0;0m[48;2;0;0;0m▀[0m[38;2;0;0;0m[48;2;0;0;0m▀[0m[38;2;1;3;3m[48;2;0;0;0m▀[0m[38;2;0;0;0m[48;2;0;0;0m▀[0m[38;2;31;33;33m[48;2;14;14;15m▀[0m[38;2;51;56;56m[48;2;24;27;28m▀[0m[38;2;5;9;9m[48;2;63;65;66m▀[0m[38;2;37;41;41m[48;2;76;83;82m▀[0m[38;2;88;91;88m[48;2;96;101;97m▀[0m[38;2;145;145;146m[48;2;130;132;132m▀[0m
[38;2;0;0;0m[48;2;30;34;38m▀[0m[38;2;0;0;0m[48;2;0;0;0m▀[0m[38;2;85;85;83m[48;2;0;0;0m▀[0m[38;2;255;255;255m[48;2;74;77;77m▀[0m[38;2;255;255;255m[48;2;255;255;255m▀[0m[38;2;255;255;255m[48;2;255;255;255m▀[0m[38;2;255;255;255m[48;2;255;255;255m▀[0m[38;2;255;255;255m[48;2;255;255;255m▀[0m[38;2;255;255;255m[48;2;255;255;255m▀[0m[38;2;255;255;255m[48;2;255;255;255m▀[0m[38;2;255;255;255m[48;2;255;255;255m▀[0m[38;2;255;255;255m[48;2;255;255;255m▀[0m[38;2;255;255;255m[48;2;255;255;255m▀[0m[38;2;109;109;111m[48;2;255;255;255m▀[0m[38;2;0;0;0m[48;2;255;255;255m▀[0m[38;2;0;0;0m[48;2;0;0;0m▀[0m[38;2;0;0;0m[48;2;57;57;57m▀[0m[38;2;252;254;255m[48;2;255;255;255m▀[0m[38;2;255;255;255m[48;2;33;37;36m▀[0m[38;2;255;255;255m[48;2;216;218;216m▀[0m[38;2;255;255;255m[48;2;235;238;235m▀[0m[38;2;216;220;217m[48;2;189;191;191m▀[0m[38;2;255;255;255m[48;2;189;191;191m▀[0m[38;2;255;255;255m[48;2;115;115;117m▀[0m[38;2;255;255;255m[48;2;82;82;79m▀[0m[38;2;75;75;77m[48;2;0;0;0m▀[0m[38;2;109;109;109m[48;2;51;51;54m▀[0m[38;2;255;255;255m[48;2;225;224;224m▀[0m[38;2;1;1;3m[48;2;0;0;0m▀[0m[38;2;0;0;0m[48;2;0;0;0m▀[0m[38;2;239;252;255m[48;2;255;255;255m▀[0m[38;2;255;230;231m[48;2;255;233;232m▀[0m[38;2;255;248;245m[48;2;255;249;249m▀[0m[38;2;255;255;255m[48;2;255;255;255m▀[0m[38;2;255;255;255m[48;2;255;255;255m▀[0m[38;2;255;255;255m[48;2;255;255;255m▀[0m[38;2;255;255;255m[48;2;255;255;255m▀[0m[38;2;255;235;231m[48;2;255;255;255m▀[0m[38;2;109;131;131m[48;2;182;190;190m▀[0m[38;2;79;88;88m[48;2;0;0;0m▀[0m[38;2;0;0;0m[48;2;12;16;16m▀[0m[38;2;28;32;32m[48;2;101;105;105m▀[0m[38;2;136;136;136m[48;2;240;243;243m▀[0m[38;2;129;132;132m[48;2;255;255;255m▀[0m[38;2;0;0;0m[48;2;255;255;255m▀[0m[38;2;0;0;0m[48;2;207;207;208m▀[0m[38;2;49;49;47m[48;2;8;8;6m▀[0m[38;2;11;11;11m[48;2;0;0;0m▀[0m[38;2;0;0;0m[48;2;130;137;133m▀[0m[38;2;0;0;0m[48;2;191;194;191m▀[0m[38;2;0;0;0m[48;2;99;101;99m▀[0m[38;2;45;48;48m[48;2;0;0;0m▀[0m[38;2;103;105;105m[48;2;0;0;0m▀[0m[38;2;132;133;130m[48;2;0;0;0m▀[0m[38;2;136;136;132m[48;2;39;39;39m▀[0m[38;2;14;14;14m[48;2;124;124;124m▀[0m[38;2;0;0;0m[48;2;56;56;58m▀[0m[38;2;0;0;0m[48;2;0;0;0m▀[0m[38;2;115;118;115m[48;2;16;16;16m▀[0m[38;2;255;255;255m[48;2;255;255;255m▀[0m[38;2;255;255;255m[48;2;255;255;255m▀[0m[38;2;255;255;255m[48;2;255;255;255m▀[0m[38;2;255;255;255m[48;2;255;255;255m▀[0m[38;2;255;255;255m[48;2;255;255;255m▀[0m[38;2;139;142;142m[48;2;255;255;255m▀[0m[38;2;0;0;0m[48;2;0;0;0m▀[0m[38;2;0;0;0m[48;2;0;0;0m▀[0m[38;2;0;0;0m[48;2;0;0;0m▀[0m[38;2;0;0;1m[48;2;0;0;0m▀[0m[38;2;0;0;0m[48;2;0;0;1m▀[0m[38;2;0;1;2m[48;2;0;0;0m▀[0m[38;2;0;0;0m[48;2;0;0;0m▀[0m[38;2;33;41;41m[48;2;7;19;22m▀[0m[38;2;86;96;100m[48;2;66;103;111m▀[0m[38;2;86;108;108m[48;2;113;128;124m▀[0m[38;2;99;128;132m[48;2;108;127;131m▀[0m
[38;2;0;0;0m[48;2;36;38;41m▀[0m[38;2;0;0;0m[48;2;11;14;16m▀[0m[38;2;0;0;0m[48;2;0;0;0m▀[0m[38;2;0;0;0m[48;2;0;0;0m▀[0m[38;2;23;23;24m[48;2;0;0;0m▀[0m[38;2;255;255;255m[48;2;0;0;0m▀[0m[38;2;255;255;255m[48;2;194;194;194m▀[0m[38;2;255;255;255m[48;2;200;205;205m▀[0m[38;2;255;255;255m[48;2;116;119;119m▀[0m[38;2;255;255;255m[48;2;101;101;99m▀[0m[38;2;255;255;255m[48;2;140;140;140m▀[0m[38;2;255;255;255m[48;2;194;194;194m▀[0m[38;2;255;255;255m[48;2;255;255;255m▀[0m[38;2;255;255;255m[48;2;255;255;255m▀[0m[38;2;255;255;255m[48;2;255;255;255m▀[0m[38;2;255;255;255m[48;2;255;255;255m▀[0m[38;2;198;201;200m[48;2;255;255;255m▀[0m[38;2;8;7;8m[48;2;255;255;255m▀[0m[38;2;0;0;0m[48;2;176;176;176m▀[0m[38;2;0;0;0m[48;2;0;0;0m▀[0m[38;2;0;0;0m[48;2;0;0;0m▀[0m[38;2;4;4;4m[48;2;15;18;15m▀[0m[38;2;0;0;0m[48;2;0;0;0m▀[0m[38;2;0;0;0m[48;2;96;99;99m▀[0m[38;2;0;0;0m[48;2;144;146;146m▀[0m[38;2;0;0;0m[48;2;28;27;27m▀[0m[38;2;113;113;115m[48;2;91;93;93m▀[0m[38;2;194;194;194m[48;2;145;149;149m▀[0m[38;2;122;122;123m[48;2;206;209;208m▀[0m[38;2;0;0;0m[48;2;0;0;0m▀[0m[38;2;189;206;205m[48;2;89;101;101m▀[0m[38;2;255;255;255m[48;2;255;255;255m▀[0m[38;2;255;255;255m[48;2;255;255;255m▀[0m[38;2;255;255;255m[48;2;255;255;255m▀[0m[38;2;255;255;255m[48;2;255;255;255m▀[0m[38;2;255;255;255m[48;2;255;255;255m▀[0m[38;2;255;255;255m[48;2;255;255;255m▀[0m[38;2;255;255;255m[48;2;255;255;255m▀[0m[38;2;62;55;55m[48;2;65;58;58m▀[0m[38;2;0;0;0m[48;2;0;0;0m▀[0m[38;2;145;149;149m[48;2;207;209;209m▀[0m[38;2;106;110;110m[48;2;181;181;181m▀[0m[38;2;0;0;0m[48;2;0;0;0m▀[0m[38;2;61;61;61m[48;2;0;0;0m▀[0m[38;2;115;115;115m[48;2;19;22;19m▀[0m[38;2;187;187;187m[48;2;157;157;157m▀[0m[38;2;144;144;144m[48;2;255;255;255m▀[0m[38;2;180;180;180m[48;2;255;255;255m▀[0m[38;2;211;213;213m[48;2;108;110;110m▀[0m[38;2;245;248;245m[48;2;38;38;41m▀[0m[38;2;152;156;152m[48;2;193;196;190m▀[0m[38;2;143;144;141m[48;2;255;255;255m▀[0m[38;2;172;174;172m[48;2;255;255;255m▀[0m[38;2;22;22;22m[48;2;179;182;182m▀[0m[38;2;0;0;0m[48;2;0;0;0m▀[0m[38;2;0;0;0m[48;2;0;0;0m▀[0m[38;2;56;56;61m[48;2;0;0;0m▀[0m[38;2;29;29;33m[48;2;0;0;0m▀[0m[38;2;0;0;0m[48;2;0;0;0m▀[0m[38;2;255;255;255m[48;2;122;123;119m▀[0m[38;2;255;255;255m[48;2;248;248;248m▀[0m[38;2;255;255;255m[48;2;255;255;255m▀[0m[38;2;255;255;255m[48;2;255;255;255m▀[0m[38;2;255;255;255m[48;2;255;255;255m▀[0m[38;2;255;255;255m[48;2;255;255;255m▀[0m[38;2;75;78;78m[48;2;244;247;247m▀[0m[38;2;0;0;0m[48;2;0;0;0m▀[0m[38;2;0;0;0m[48;2;0;0;0m▀[0m[38;2;0;0;0m[48;2;0;0;0m▀[0m[38;2;0;0;1m[48;2;0;1;1m▀[0m[38;2;0;0;0m[48;2;0;0;0m▀[0m[38;2;0;0;0m[48;2;0;0;0m▀[0m[38;2;0;3;6m[48;2;0;0;0m▀[0m[38;2;39;119;132m[48;2;34;117;133m▀[0m[38;2;255;56;2m[48;2;255;17;0m▀[0m[38;2;255;35;0m[48;2;255;8;0m▀[0m
[38;2;0;0;0m[48;2;0;0;0m▀[0m[38;2;0;0;0m[48;2;0;0;0m▀[0m[38;2;0;0;0m[48;2;58;58;55m▀[0m[38;2;0;0;0m[48;2;149;149;149m▀[0m[38;2;0;0;0m[48;2;245;244;244m▀[0m[38;2;0;0;0m[48;2;255;255;255m▀[0m[38;2;0;0;0m[48;2;255;255;255m▀[0m[38;2;111;114;111m[48;2;255;255;255m▀[0m[38;2;182;182;184m[48;2;255;255;255m▀[0m[38;2;211;208;210m[48;2;231;230;230m▀[0m[38;2;156;156;158m[48;2;177;180;180m▀[0m[38;2;110;113;110m[48;2;167;170;170m▀[0m[38;2;92;92;92m[48;2;182;182;182m▀[0m[38;2;138;138;136m[48;2;127;127;127m▀[0m[38;2;255;255;255m[48;2;76;76;76m▀[0m[38;2;255;255;255m[48;2;231;231;231m▀[0m[38;2;255;255;255m[48;2;255;255;255m▀[0m[38;2;255;255;255m[48;2;255;255;255m▀[0m[38;2;255;255;255m[48;2;255;255;255m▀[0m[38;2;255;255;255m[48;2;255;255;255m▀[0m[38;2;243;243;243m[48;2;255;255;255m▀[0m[38;2;179;179;179m[48;2;255;255;255m▀[0m[38;2;112;111;111m[48;2;255;255;255m▀[0m[38;2;105;102;102m[48;2;255;255;255m▀[0m[38;2;6;6;6m[48;2;255;255;255m▀[0m[38;2;0;0;0m[48;2;189;189;185m▀[0m[38;2;92;95;95m[48;2;0;0;0m▀[0m[38;2;0;0;0m[48;2;0;0;0m▀[0m[38;2;170;170;170m[48;2;66;66;66m▀[0m[38;2;6;8;10m[48;2;81;81;83m▀[0m[38;2;46;50;54m[48;2;0;0;0m▀[0m[38;2;255;255;255m[48;2;255;255;255m▀[0m[38;2;255;255;255m[48;2;255;255;255m▀[0m[38;2;255;255;255m[48;2;255;255;255m▀[0m[38;2;255;255;255m[48;2;255;255;255m▀[0m[38;2;255;255;255m[48;2;255;255;255m▀[0m[38;2;255;255;255m[48;2;255;254;248m▀[0m[38;2;255;255;255m[48;2;255;221;217m▀[0m[38;2;19;31;33m[48;2;0;0;0m▀[0m[38;2;0;0;0m[48;2;36;36;31m▀[0m[38;2;163;165;165m[48;2;39;43;43m▀[0m[38;2;223;226;223m[48;2;213;212;212m▀[0m[38;2;0;0;0m[48;2;46;45;45m▀[0m[38;2;54;56;54m[48;2;138;141;141m▀[0m[38;2;218;218;218m[48;2;0;0;0m▀[0m[38;2;255;255;255m[48;2;210;213;213m▀[0m[38;2;255;255;255m[48;2;207;209;209m▀[0m[38;2;255;255;255m[48;2;184;184;186m▀[0m[38;2;255;255;255m[48;2;192;195;194m▀[0m[38;2;105;102;105m[48;2;69;69;71m▀[0m[38;2;71;71;71m[48;2;0;0;0m▀[0m[38;2;197;199;199m[48;2;0;0;0m▀[0m[38;2;201;204;205m[48;2;127;129;133m▀[0m[38;2;186;190;190m[48;2;173;177;176m▀[0m[38;2;0;3;0m[48;2;255;255;255m▀[0m[38;2;8;11;8m[48;2;255;255;255m▀[0m[38;2;147;150;150m[48;2;255;255;255m▀[0m[38;2;231;231;228m[48;2;255;255;255m▀[0m[38;2;255;255;255m[48;2;255;255;255m▀[0m[38;2;255;255;255m[48;2;255;255;255m▀[0m[38;2;255;255;255m[48;2;255;255;255m▀[0m[38;2;255;255;255m[48;2;255;255;255m▀[0m[38;2;255;255;255m[48;2;255;255;255m▀[0m[38;2;255;255;255m[48;2;255;255;255m▀[0m[38;2;255;255;255m[48;2;226;230;226m▀[0m[38;2;255;255;255m[48;2;255;255;255m▀[0m[38;2;14;14;14m[48;2;245;245;245m▀[0m[38;2;0;0;0m[48;2;0;0;0m▀[0m[38;2;0;0;0m[48;2;0;0;0m▀[0m[38;2;0;0;0m[48;2;0;0;0m▀[0m[38;2;0;0;0m[48;2;0;0;0m▀[0m[38;2;0;0;0m[48;2;0;0;0m▀[0m[38;2;0;0;0m[48;2;0;0;0m▀[0m[38;2;17;108;133m[48;2;47;88;108m▀[0m[38;2;221;37;7m[48;2;127;100;56m▀[0m[38;2;255;38;0m[48;2;255;220;0m▀[0m
[38;2;255;255;255m[48;2;255;255;255m▀[0m[38;2;255;255;255m[48;2;255;255;255m▀[0m[38;2;255;255;255m[48;2;255;255;255m▀[0m[38;2;255;255;255m[48;2;255;255;255m▀[0m[38;2;255;255;255m[48;2;255;255;255m▀[0m[38;2;255;255;255m[48;2;255;255;255m▀[0m[38;2;255;255;255m[48;2;255;255;255m▀[0m[38;2;255;255;255m[48;2;255;255;255m▀[0m[38;2;255;255;255m[48;2;255;255;255m▀[0m[38;2;255;255;255m[48;2;255;255;255m▀[0m[38;2;255;255;255m[48;2;255;255;255m▀[0m[38;2;255;255;255m[48;2;255;255;255m▀[0m[38;2;255;255;255m[48;2;255;255;255m▀[0m[38;2;233;233;233m[48;2;255;255;255m▀[0m[38;2;163;166;166m[48;2;255;255;255m▀[0m[38;2;75;72;72m[48;2;255;255;255m▀[0m[38;2;193;193;193m[48;2;69;69;69m▀[0m[38;2;255;255;255m[48;2;197;197;199m▀[0m[38;2;255;255;255m[48;2;255;255;255m▀[0m[38;2;255;255;255m[48;2;255;255;255m▀[0m[38;2;255;255;255m[48;2;255;255;255m▀[0m[38;2;237;239;239m[48;2;192;195;195m▀[0m[38;2;255;255;255m[48;2;199;198;198m▀[0m[38;2;255;255;255m[48;2;255;255;255m▀[0m[38;2;255;255;255m[48;2;255;255;255m▀[0m[38;2;255;255;255m[48;2;255;255;255m▀[0m[38;2;116;116;116m[48;2;255;255;255m▀[0m[38;2;0;0;0m[48;2;113;116;116m▀[0m[38;2;211;211;211m[48;2;147;147;144m▀[0m[38;2;0;0;0m[48;2;41;44;43m▀[0m[38;2;0;0;0m[48;2;60;63;63m▀[0m[38;2;255;255;255m[48;2;255;255;255m▀[0m[38;2;255;255;255m[48;2;255;255;255m▀[0m[38;2;252;254;252m[48;2;252;255;253m▀[0m[38;2;255;255;255m[48;2;255;255;255m▀[0m[38;2;255;255;255m[48;2;255;255;255m▀[0m[38;2;255;237;232m[48;2;255;255;255m▀[0m[38;2;243;200;197m[48;2;87;108;108m▀[0m[38;2;0;0;0m[48;2;0;0;0m▀[0m[38;2;57;60;59m[48;2;0;0;0m▀[0m[38;2;16;16;16m[48;2;133;138;135m▀[0m[38;2;45;44;44m[48;2;116;116;116m▀[0m[38;2;0;0;0m[48;2;64;68;64m▀[0m[38;2;7;7;7m[48;2;255;255;255m▀[0m[38;2;85;85;85m[48;2;255;255;255m▀[0m[38;2;126;126;123m[48;2;177;177;177m▀[0m[38;2;240;239;239m[48;2;255;255;255m▀[0m[38;2;236;236;238m[48;2;255;255;255m▀[0m[38;2;239;239;237m[48;2;255;255;255m▀[0m[38;2;201;201;201m[48;2;255;255;255m▀[0m[38;2;214;214;214m[48;2;255;255;255m▀[0m[38;2;255;255;255m[48;2;255;255;255m▀[0m[38;2;255;255;255m[48;2;255;255;255m▀[0m[38;2;255;255;255m[48;2;255;255;255m▀[0m[38;2;255;255;255m[48;2;255;255;255m▀[0m[38;2;255;255;255m[48;2;255;255;255m▀[0m[38;2;255;255;255m[48;2;255;255;255m▀[0m[38;2;255;255;255m[48;2;255;255;255m▀[0m[38;2;255;255;255m[48;2;255;255;255m▀[0m[38;2;255;255;255m[48;2;255;255;255m▀[0m[38;2;255;255;255m[48;2;255;255;255m▀[0m[38;2;255;255;255m[48;2;255;255;255m▀[0m[38;2;255;255;255m[48;2;255;255;255m▀[0m[38;2;255;255;255m[48;2;255;255;255m▀[0m[38;2;255;255;255m[48;2;255;255;255m▀[0m[38;2;255;255;255m[48;2;181;183;183m▀[0m[38;2;211;214;214m[48;2;0;0;0m▀[0m[38;2;0;0;0m[48;2;0;0;0m▀[0m[38;2;0;0;0m[48;2;0;0;0m▀[0m[38;2;0;0;0m[48;2;0;0;0m▀[0m[38;2;0;0;0m[48;2;0;0;0m▀[0m[38;2;0;0;0m[48;2;0;0;0m▀[0m[38;2;0;0;0m[48;2;9;16;27m▀[0m[38;2;170;136;66m[48;2;59;58;45m▀[0m[38;2;92;100;82m[48;2;86;89;91m▀[0m[38;2;255;246;0m[48;2;255;221;0m▀[0m
[38;2;255;255;255m[48;2;255;255;255m▀[0m[38;2;255;255;255m[48;2;255;255;255m▀[0m[38;2;255;255;255m[48;2;255;255;255m▀[0m[38;2;255;255;255m[48;2;255;255;255m▀[0m[38;2;255;255;255m[48;2;255;255;255m▀[0m[38;2;255;255;255m[48;2;255;255;255m▀[0m[38;2;255;255;255m[48;2;255;255;255m▀[0m[38;2;255;255;255m[48;2;255;255;255m▀[0m[38;2;255;255;255m[48;2;255;255;255m▀[0m[38;2;255;255;255m[48;2;255;255;255m▀[0m[38;2;255;255;255m[48;2;255;255;255m▀[0m[38;2;255;255;255m[48;2;255;255;255m▀[0m[38;2;255;255;255m[48;2;233;233;233m▀[0m[38;2;255;255;255m[48;2;255;255;255m▀[0m[38;2;255;255;255m[48;2;255;255;255m▀[0m[38;2;255;255;255m[48;2;255;255;255m▀[0m[38;2;255;255;255m[48;2;255;255;255m▀[0m[38;2;35;38;38m[48;2;255;255;255m▀[0m[38;2;221;221;219m[48;2;0;0;0m▀[0m[38;2;255;255;255m[48;2;217;217;211m▀[0m[38;2;255;255;255m[48;2;255;255;255m▀[0m[38;2;255;255;255m[48;2;255;255;255m▀[0m[38;2;2;5;5m[48;2;61;63;63m▀[0m[38;2;255;255;255m[48;2;0;0;0m▀[0m[38;2;255;255;255m[48;2;255;255;255m▀[0m[38;2;255;255;255m[48;2;255;255;255m▀[0m[38;2;255;255;255m[48;2;255;255;255m▀[0m[38;2;255;255;255m[48;2;255;255;255m▀[0m[38;2;63;63;63m[48;2;255;255;255m▀[0m[38;2;83;86;82m[48;2;179;178;178m▀[0m[38;2;218;221;222m[48;2;201;205;205m▀[0m[38;2;192;195;196m[48;2;255;255;255m▀[0m[38;2;224;232;232m[48;2;247;250;251m▀[0m[38;2;183;199;200m[48;2;225;152;147m▀[0m[38;2;132;151;152m[48;2;10;0;0m▀[0m[38;2;255;255;255m[48;2;159;180;180m▀[0m[38;2;255;255;255m[48;2;216;212;212m▀[0m[38;2;42;48;45m[48;2;197;195;198m▀[0m[38;2;0;0;0m[48;2;206;210;210m▀[0m[38;2;0;0;0m[48;2;255;255;255m▀[0m[38;2;0;0;0m[48;2;124;131;131m▀[0m[38;2;227;230;230m[48;2;0;0;0m▀[0m[38;2;255;255;255m[48;2;137;139;141m▀[0m[38;2;255;255;255m[48;2;68;72;69m▀[0m[38;2;172;176;176m[48;2;118;122;118m▀[0m[38;2;132;136;136m[48;2;255;255;255m▀[0m[38;2;255;255;255m[48;2;255;255;255m▀[0m[38;2;255;255;255m[48;2;208;210;210m▀[0m[38;2;247;250;249m[48;2;238;235;235m▀[0m[38;2;255;255;255m[48;2;255;255;255m▀[0m[38;2;255;255;255m[48;2;255;255;255m▀[0m[38;2;255;255;255m[48;2;255;255;255m▀[0m[38;2;255;255;255m[48;2;255;255;255m▀[0m[38;2;255;255;255m[48;2;255;255;255m▀[0m[38;2;255;255;255m[48;2;255;255;255m▀[0m[38;2;255;255;255m[48;2;255;255;255m▀[0m[38;2;255;255;255m[48;2;255;255;255m▀[0m[38;2;255;255;255m[48;2;255;255;255m▀[0m[38;2;255;255;255m[48;2;255;255;255m▀[0m[38;2;255;255;255m[48;2;255;255;255m▀[0m[38;2;255;255;255m[48;2;255;255;255m▀[0m[38;2;255;255;255m[48;2;116;119;122m▀[0m[38;2;255;255;255m[48;2;0;0;0m▀[0m[38;2;173;176;176m[48;2;0;0;0m▀[0m[38;2;0;0;0m[48;2;0;0;0m▀[0m[38;2;0;0;0m[48;2;0;0;0m▀[0m[38;2;0;0;0m[48;2;0;0;0m▀[0m[38;2;0;0;0m[48;2;0;0;0m▀[0m[38;2;0;0;0m[48;2;0;0;0m▀[0m[38;2;0;0;0m[48;2;0;0;0m▀[0m[38;2;0;0;0m[48;2;0;0;0m▀[0m[38;2;0;0;0m[48;2;0;0;0m▀[0m[38;2;43;50;56m[48;2;1;4;4m▀[0m[38;2;46;58;72m[48;2;0;0;0m▀[0m[38;2;65;64;57m[48;2;3;8;14m▀[0m[38;2;71;59;1m[48;2;58;62;84m▀[0m
[38;2;255;255;255m[48;2;255;255;255m▀[0m[38;2;255;255;255m[48;2;255;255;255m▀[0m[38;2;255;255;255m[48;2;255;255;255m▀[0m[38;2;255;255;255m[48;2;255;255;255m▀[0m[38;2;255;255;255m[48;2;255;255;255m▀[0m[38;2;255;255;255m[48;2;255;255;255m▀[0m[38;2;255;255;255m[48;2;255;255;255m▀[0m[38;2;255;255;255m[48;2;255;255;255m▀[0m[38;2;255;255;255m[48;2;255;255;255m▀[0m[38;2;255;255;255m[48;2;255;255;255m▀[0m[38;2;255;255;255m[48;2;255;255;255m▀[0m[38;2;255;255;255m[48;2;255;255;255m▀[0m[38;2;160;160;160m[48;2;155;158;158m▀[0m[38;2;178;181;178m[48;2;35;38;35m▀[0m[38;2;255;255;255m[48;2;255;255;255m▀[0m[38;2;255;255;255m[48;2;255;255;255m▀[0m[38;2;255;255;255m[48;2;255;255;255m▀[0m[38;2;255;255;255m[48;2;255;255;255m▀[0m[38;2;184;181;184m[48;2;255;255;255m▀[0m[38;2;0;0;0m[48;2;62;62;63m▀[0m[38;2;237;240;237m[48;2;0;0;0m▀[0m[38;2;222;225;222m[48;2;245;248;248m▀[0m[38;2;135;138;135m[48;2;238;238;238m▀[0m[38;2;0;0;0m[48;2;181;184;181m▀[0m[38;2;195;197;195m[48;2;9;12;12m▀[0m[38;2;255;255;255m[48;2;255;255;255m▀[0m[38;2;255;255;255m[48;2;255;255;255m▀[0m[38;2;255;255;255m[48;2;255;255;255m▀[0m[38;2;255;255;255m[48;2;235;235;233m▀[0m[38;2;29;31;31m[48;2;104;106;106m▀[0m[38;2;56;59;59m[48;2;194;194;194m▀[0m[38;2;255;255;255m[48;2;255;255;255m▀[0m[38;2;255;255;255m[48;2;116;120;117m▀[0m[38;2;255;255;255m[48;2;204;219;219m▀[0m[38;2;255;255;255m[48;2;255;255;255m▀[0m[38;2;251;255;255m[48;2;255;255;255m▀[0m[38;2;255;255;255m[48;2;255;255;255m▀[0m[38;2;255;255;255m[48;2;255;255;255m▀[0m[38;2;255;255;255m[48;2;255;255;255m▀[0m[38;2;255;255;255m[48;2;255;255;255m▀[0m[38;2;255;255;255m[48;2;255;68;70m▀[0m[38;2;255;255;255m[48;2;203;162;157m▀[0m[38;2;169;173;170m[48;2;141;160;157m▀[0m[38;2;110;113;115m[48;2;171;174;174m▀[0m[38;2;180;183;183m[48;2;252;255;255m▀[0m[38;2;255;255;255m[48;2;122;126;125m▀[0m[38;2;255;255;255m[48;2;176;178;176m▀[0m[38;2;44;45;42m[48;2;37;39;42m▀[0m[38;2;245;244;244m[48;2;255;255;255m▀[0m[38;2;255;255;255m[48;2;255;255;255m▀[0m[38;2;255;255;255m[48;2;255;255;255m▀[0m[38;2;255;255;255m[48;2;255;255;255m▀[0m[38;2;255;255;255m[48;2;255;255;255m▀[0m[38;2;255;255;255m[48;2;255;255;255m▀[0m[38;2;255;255;255m[48;2;234;234;234m▀[0m[38;2;255;255;255m[48;2;123;126;126m▀[0m[38;2;255;255;255m[48;2;7;7;7m▀[0m[38;2;255;255;255m[48;2;0;0;0m▀[0m[38;2;180;183;182m[48;2;0;0;0m▀[0m[38;2;28;28;30m[48;2;0;0;0m▀[0m[38;2;0;0;0m[48;2;0;0;0m▀[0m[38;2;0;0;0m[48;2;42;42;44m▀[0m[38;2;0;0;1m[48;2;85;85;85m▀[0m[38;2;0;0;0m[48;2;0;0;0m▀[0m[38;2;0;0;0m[48;2;0;0;0m▀[0m[38;2;0;0;0m[48;2;0;0;0m▀[0m[38;2;8;10;10m[48;2;11;14;14m▀[0m[38;2;1;3;3m[48;2;0;0;0m▀[0m[38;2;0;0;0m[48;2;0;0;0m▀[0m[38;2;0;0;0m[48;2;0;0;0m▀[0m[38;2;0;0;0m[48;2;0;0;0m▀[0m[38;2;0;0;0m[48;2;119;124;124m▀[0m[38;2;0;0;0m[48;2;244;246;248m▀[0m[38;2;0;0;0m[48;2;255;255;255m▀[0m[38;2;49;51;52m[48;2;255;255;255m▀[0m[38;2;22;23;19m[48;2;255;255;255m▀[0m
[38;2;255;255;255m[48;2;255;255;255m▀[0m[38;2;255;255;255m[48;2;255;255;255m▀[0m[38;2;255;255;255m[48;2;255;255;255m▀[0m[38;2;255;255;255m[48;2;255;255;255m▀[0m[38;2;255;255;255m[48;2;255;255;255m▀[0m[38;2;255;255;255m[48;2;255;255;255m▀[0m[38;2;255;255;255m[48;2;255;255;255m▀[0m[38;2;255;255;255m[48;2;255;255;255m▀[0m[38;2;255;255;255m[48;2;255;255;255m▀[0m[38;2;255;255;255m[48;2;255;255;255m▀[0m[38;2;255;255;255m[48;2;255;255;255m▀[0m[38;2;255;255;255m[48;2;255;255;255m▀[0m[38;2;125;125;125m[48;2;24;28;24m▀[0m[38;2;0;0;0m[48;2;0;0;0m▀[0m[38;2;255;255;255m[48;2;255;255;255m▀[0m[38;2;255;255;255m[48;2;255;255;255m▀[0m[38;2;255;255;255m[48;2;255;255;255m▀[0m[38;2;255;255;255m[48;2;255;255;255m▀[0m[38;2;255;255;255m[48;2;255;255;255m▀[0m[38;2;255;255;255m[48;2;255;255;255m▀[0m[38;2;0;0;0m[48;2;255;255;255m▀[0m[38;2;0;0;0m[48;2;0;0;0m▀[0m[38;2;176;178;179m[48;2;0;0;0m▀[0m[38;2;255;255;255m[48;2;251;250;250m▀[0m[38;2;0;0;0m[48;2;38;38;38m▀[0m[38;2;162;164;164m[48;2;0;0;0m▀[0m[38;2;255;255;255m[48;2;255;255;255m▀[0m[38;2;255;255;255m[48;2;255;255;255m▀[0m[38;2;255;255;255m[48;2;255;255;255m▀[0m[38;2;255;255;255m[48;2;255;255;255m▀[0m[38;2;255;255;255m[48;2;255;255;255m▀[0m[38;2;255;255;255m[48;2;255;255;255m▀[0m[38;2;143;143;143m[48;2;255;255;255m▀[0m[38;2;0;0;0m[48;2;228;233;233m▀[0m[38;2;151;150;150m[48;2;32;35;35m▀[0m[38;2;255;255;255m[48;2;220;228;227m▀[0m[38;2;255;217;206m[48;2;255;255;255m▀[0m[38;2;255;213;206m[48;2;255;255;255m▀[0m[38;2;255;189;192m[48;2;255;0;0m▀[0m[38;2;255;217;210m[48;2;255;92;84m▀[0m[38;2;255;255;255m[48;2;255;255;255m▀[0m[38;2;198;203;199m[48;2;255;255;255m▀[0m[38;2;217;224;224m[48;2;255;255;255m▀[0m[38;2;255;255;255m[48;2;255;255;255m▀[0m[38;2;255;255;255m[48;2;255;255;255m▀[0m[38;2;113;116;116m[48;2;255;255;255m▀[0m[38;2;0;0;0m[48;2;0;0;0m▀[0m[38;2;163;165;167m[48;2;9;6;9m▀[0m[38;2;255;255;255m[48;2;0;0;0m▀[0m[38;2;133;133;136m[48;2;0;0;0m▀[0m[38;2;96;96;98m[48;2;0;0;0m▀[0m[38;2;51;54;54m[48;2;0;0;0m▀[0m[38;2;0;0;0m[48;2;0;0;0m▀[0m[38;2;0;0;0m[48;2;0;0;0m▀[0m[38;2;0;0;0m[48;2;0;0;0m▀[0m[38;2;0;0;0m[48;2;0;0;0m▀[0m[38;2;0;0;0m[48;2;0;0;0m▀[0m[38;2;0;0;0m[48;2;0;0;0m▀[0m[38;2;0;0;0m[48;2;0;0;0m▀[0m[38;2;0;0;0m[48;2;0;0;0m▀[0m[38;2;0;0;0m[48;2;0;0;0m▀[0m[38;2;162;162;164m[48;2;255;255;255m▀[0m[38;2;126;125;125m[48;2;98;101;101m▀[0m[38;2;0;0;0m[48;2;0;0;0m▀[0m[38;2;0;0;0m[48;2;0;0;0m▀[0m[38;2;0;0;0m[48;2;0;0;0m▀[0m[38;2;14;18;18m[48;2;0;0;0m▀[0m[38;2;5;7;8m[48;2;0;0;0m▀[0m[38;2;0;0;0m[48;2;135;137;137m▀[0m[38;2;47;46;46m[48;2;255;255;255m▀[0m[38;2;255;255;255m[48;2;255;255;255m▀[0m[38;2;255;255;255m[48;2;255;255;255m▀[0m[38;2;232;235;237m[48;2;255;255;255m▀[0m[38;2;223;230;230m[48;2;255;255;255m▀[0m[38;2;240;243;243m[48;2;255;255;255m▀[0m[38;2;255;255;255m[48;2;255;255;255m▀[0m
[38;2;255;255;255m[48;2;255;255;255m▀[0m[38;2;255;255;255m[48;2;255;255;255m▀[0m[38;2;255;255;255m[48;2;255;255;255m▀[0m[38;2;255;255;255m[48;2;255;255;255m▀[0m[38;2;255;255;255m[48;2;255;255;255m▀[0m[38;2;255;255;255m[48;2;255;255;255m▀[0m[38;2;255;255;255m[48;2;255;255;255m▀[0m[38;2;255;255;255m[48;2;255;255;255m▀[0m[38;2;255;255;255m[48;2;255;255;255m▀[0m[38;2;255;255;255m[48;2;255;255;255m▀[0m[38;2;255;255;255m[48;2;255;255;255m▀[0m[38;2;255;255;255m[48;2;218;218;218m▀[0m[38;2;0;0;0m[48;2;174;174;174m▀[0m[38;2;0;0;0m[48;2;217;217;221m▀[0m[38;2;248;251;251m[48;2;196;199;199m▀[0m[38;2;255;255;255m[48;2;255;255;255m▀[0m[38;2;255;255;255m[48;2;255;255;255m▀[0m[38;2;255;255;255m[48;2;255;255;255m▀[0m[38;2;255;255;255m[48;2;255;255;255m▀[0m[38;2;255;255;255m[48;2;255;255;255m▀[0m[38;2;255;255;255m[48;2;255;255;255m▀[0m[38;2;164;164;164m[48;2;255;255;255m▀[0m[38;2;0;0;0m[48;2;18;20;20m▀[0m[38;2;12;16;16m[48;2;0;0;0m▀[0m[38;2;21;23;23m[48;2;0;0;0m▀[0m[38;2;0;0;0m[48;2;114;113;113m▀[0m[38;2;255;255;255m[48;2;255;255;255m▀[0m[38;2;255;255;255m[48;2;255;255;255m▀[0m[38;2;255;255;255m[48;2;201;201;204m▀[0m[38;2;163;163;163m[48;2;95;95;95m▀[0m[38;2;133;137;132m[48;2;129;128;128m▀[0m[38;2;240;240;240m[48;2;214;214;212m▀[0m[38;2;255;255;255m[48;2;255;255;255m▀[0m[38;2;255;255;255m[48;2;255;255;255m▀[0m[38;2;255;255;255m[48;2;255;255;255m▀[0m[38;2;216;220;221m[48;2;255;255;255m▀[0m[38;2;255;255;255m[48;2;255;255;255m▀[0m[38;2;255;255;255m[48;2;255;255;255m▀[0m[38;2;255;139;130m[48;2;255;255;254m▀[0m[38;2;255;209;201m[48;2;255;251;248m▀[0m[38;2;255;255;255m[48;2;255;255;255m▀[0m[38;2;255;255;255m[48;2;255;255;255m▀[0m[38;2;255;255;255m[48;2;255;255;255m▀[0m[38;2;255;255;255m[48;2;255;255;255m▀[0m[38;2;255;255;255m[48;2;255;255;255m▀[0m[38;2;255;255;255m[48;2;255;255;255m▀[0m[38;2;255;255;255m[48;2;255;255;255m▀[0m[38;2;0;0;0m[48;2;255;255;255m▀[0m[38;2;0;0;0m[48;2;108;111;108m▀[0m[38;2;0;0;0m[48;2;0;0;0m▀[0m[38;2;0;0;0m[48;2;0;0;0m▀[0m[38;2;0;0;0m[48;2;0;0;0m▀[0m[38;2;0;0;0m[48;2;0;0;0m▀[0m[38;2;0;0;0m[48;2;32;34;36m▀[0m[38;2;69;73;73m[48;2;255;255;255m▀[0m[38;2;244;243;240m[48;2;255;255;255m▀[0m[38;2;153;158;153m[48;2;233;233;233m▀[0m[38;2;98;100;98m[48;2;255;255;255m▀[0m[38;2;0;0;0m[48;2;186;190;190m▀[0m[38;2;0;0;0m[48;2;11;14;14m▀[0m[38;2;0;0;0m[48;2;0;0;0m▀[0m[38;2;176;176;176m[48;2;0;0;0m▀[0m[38;2;157;156;156m[48;2;126;126;126m▀[0m[38;2;0;0;0m[48;2;86;89;89m▀[0m[38;2;0;0;0m[48;2;0;0;0m▀[0m[38;2;0;0;0m[48;2;0;0;0m▀[0m[38;2;0;0;0m[48;2;255;255;255m▀[0m[38;2;209;212;212m[48;2;255;255;255m▀[0m[38;2;255;255;255m[48;2;255;255;255m▀[0m[38;2;255;255;255m[48;2;255;255;255m▀[0m[38;2;255;255;255m[48;2;255;255;255m▀[0m[38;2;255;255;255m[48;2;255;255;255m▀[0m[38;2;255;255;255m[48;2;255;255;255m▀[0m[38;2;255;255;255m[48;2;255;255;255m▀[0m[38;2;255;255;255m[48;2;255;255;255m▀[0m[38;2;255;255;255m[48;2;255;255;255m▀[0m
[38;2;255;255;255m[48;2;255;255;255m▀[0m[38;2;255;255;255m[48;2;255;255;255m▀[0m[38;2;255;255;255m[48;2;255;255;255m▀[0m[38;2;255;255;255m[48;2;255;255;255m▀[0m[38;2;255;255;255m[48;2;255;255;255m▀[0m[38;2;255;255;255m[48;2;255;255;255m▀[0m[38;2;255;255;255m[48;2;255;255;255m▀[0m[38;2;255;255;255m[48;2;255;255;255m▀[0m[38;2;255;255;255m[48;2;255;255;255m▀[0m[38;2;255;255;255m[48;2;255;255;255m▀[0m[38;2;255;255;255m[48;2;163;166;165m▀[0m[38;2;113;113;113m[48;2;93;93;93m▀[0m[38;2;255;255;255m[48;2;255;255;255m▀[0m[38;2;255;255;255m[48;2;255;255;255m▀[0m[38;2;226;225;225m[48;2;255;255;255m▀[0m[38;2;255;255;255m[48;2;255;255;255m▀[0m[38;2;255;255;255m[48;2;255;255;255m▀[0m[38;2;255;255;255m[48;2;255;255;255m▀[0m[38;2;255;255;255m[48;2;255;255;255m▀[0m[38;2;255;255;255m[48;2;255;255;255m▀[0m[38;2;255;255;255m[48;2;255;255;255m▀[0m[38;2;255;255;255m[48;2;255;255;255m▀[0m[38;2;255;255;255m[48;2;255;255;255m▀[0m[38;2;0;0;0m[48;2;216;219;218m▀[0m[38;2;0;0;0m[48;2;0;0;0m▀[0m[38;2;184;184;184m[48;2;166;170;170m▀[0m[38;2;255;255;255m[48;2;255;255;255m▀[0m[38;2;255;255;255m[48;2;255;255;255m▀[0m[38;2;220;220;218m[48;2;255;255;255m▀[0m[38;2;198;201;198m[48;2;252;254;254m▀[0m[38;2;239;241;241m[48;2;255;255;255m▀[0m[38;2;255;255;255m[48;2;255;255;255m▀[0m[38;2;255;255;255m[48;2;255;255;255m▀[0m[38;2;255;255;255m[48;2;255;255;255m▀[0m[38;2;255;255;255m[48;2;255;255;255m▀[0m[38;2;255;255;255m[48;2;255;255;255m▀[0m[38;2;255;255;255m[48;2;255;255;255m▀[0m[38;2;255;255;255m[48;2;255;255;255m▀[0m[38;2;255;255;255m[48;2;255;255;255m▀[0m[38;2;255;255;255m[48;2;255;255;255m▀[0m[38;2;255;255;255m[48;2;255;255;255m▀[0m[38;2;255;255;255m[48;2;255;255;255m▀[0m[38;2;255;255;255m[48;2;255;255;255m▀[0m[38;2;255;255;255m[48;2;255;255;255m▀[0m[38;2;255;255;255m[48;2;255;255;255m▀[0m[38;2;255;255;255m[48;2;255;255;255m▀[0m[38;2;255;255;255m[48;2;255;255;255m▀[0m[38;2;255;255;255m[48;2;255;255;255m▀[0m[38;2;255;255;255m[48;2;238;238;238m▀[0m[38;2;240;244;240m[48;2;255;255;255m▀[0m[38;2;0;0;0m[48;2;0;0;0m▀[0m[38;2;0;0;0m[48;2;0;0;0m▀[0m[38;2;0;0;0m[48;2;1;3;3m▀[0m[38;2;186;185;185m[48;2;168;173;169m▀[0m[38;2;255;255;255m[48;2;255;255;255m▀[0m[38;2;255;255;255m[48;2;255;255;255m▀[0m[38;2;176;176;172m[48;2;182;185;182m▀[0m[38;2;203;205;205m[48;2;190;190;187m▀[0m[38;2;244;243;243m[48;2;197;199;199m▀[0m[38;2;227;230;230m[48;2;238;243;243m▀[0m[38;2;0;0;0m[48;2;171;173;173m▀[0m[38;2;0;0;0m[48;2;0;0;0m▀[0m[38;2;0;0;0m[48;2;0;0;0m▀[0m[38;2;99;99;101m[48;2;0;0;0m▀[0m[38;2;0;0;0m[48;2;255;255;255m▀[0m[38;2;255;255;255m[48;2;255;255;255m▀[0m[38;2;255;255;255m[48;2;255;255;255m▀[0m[38;2;255;255;255m[48;2;255;255;255m▀[0m[38;2;255;255;255m[48;2;255;255;255m▀[0m[38;2;255;255;255m[48;2;255;255;255m▀[0m[38;2;255;255;255m[48;2;255;255;255m▀[0m[38;2;255;255;255m[48;2;255;255;255m▀[0m[38;2;255;255;255m[48;2;255;255;255m▀[0m[38;2;255;255;255m[48;2;238;238;238m▀[0m[38;2;255;255;255m[48;2;218;218;214m▀[0m[38;2;255;255;255m[48;2;255;255;255m▀[0m
[38;2;255;255;255m[48;2;255;255;255m▀[0m[38;2;255;255;255m[48;2;255;255;255m▀[0m[38;2;255;255;255m[48;2;255;255;255m▀[0m[38;2;255;255;255m[48;2;255;255;255m▀[0m[38;2;255;255;255m[48;2;255;255;255m▀[0m[38;2;255;255;255m[48;2;255;255;255m▀[0m[38;2;255;255;255m[48;2;255;255;255m▀[0m[38;2;255;255;255m[48;2;255;255;255m▀[0m[38;2;255;255;255m[48;2;255;255;255m▀[0m[38;2;255;255;255m[48;2;0;0;0m▀[0m[38;2;0;0;0m[48;2;0;0;0m▀[0m[38;2;255;255;255m[48;2;255;255;255m▀[0m[38;2;255;255;255m[48;2;255;255;255m▀[0m[38;2;255;255;255m[48;2;255;255;255m▀[0m[38;2;255;255;255m[48;2;255;255;255m▀[0m[38;2;255;255;255m[48;2;255;255;255m▀[0m[38;2;255;255;255m[48;2;255;255;255m▀[0m[38;2;255;255;255m[48;2;255;255;255m▀[0m[38;2;255;255;255m[48;2;255;255;255m▀[0m[38;2;255;255;255m[48;2;255;255;255m▀[0m[38;2;255;255;255m[48;2;255;255;255m▀[0m[38;2;255;255;255m[48;2;255;255;255m▀[0m[38;2;255;255;255m[48;2;255;203;198m▀[0m[38;2;255;255;255m[48;2;255;255;255m▀[0m[38;2;50;55;56m[48;2;255;255;255m▀[0m[38;2;20;29;29m[48;2;33;69;68m▀[0m[38;2;255;255;255m[48;2;254;255;255m▀[0m[38;2;255;255;255m[48;2;255;255;255m▀[0m[38;2;255;255;255m[48;2;255;255;255m▀[0m[38;2;255;255;255m[48;2;255;255;255m▀[0m[38;2;255;255;255m[48;2;255;255;255m▀[0m[38;2;255;255;255m[48;2;255;255;255m▀[0m[38;2;255;255;255m[48;2;255;255;255m▀[0m[38;2;255;255;255m[48;2;255;255;255m▀[0m[38;2;255;255;255m[48;2;255;255;255m▀[0m[38;2;255;255;255m[48;2;255;255;255m▀[0m[38;2;255;255;255m[48;2;255;255;255m▀[0m[38;2;255;255;255m[48;2;255;255;255m▀[0m[38;2;255;255;255m[48;2;255;255;255m▀[0m[38;2;255;255;255m[48;2;255;255;255m▀[0m[38;2;255;255;255m[48;2;255;255;255m▀[0m[38;2;255;255;255m[48;2;255;255;255m▀[0m[38;2;255;255;255m[48;2;255;255;255m▀[0m[38;2;255;255;255m[48;2;255;255;255m▀[0m[38;2;255;255;255m[48;2;255;255;255m▀[0m[38;2;255;255;255m[48;2;255;255;255m▀[0m[38;2;255;255;255m[48;2;255;255;255m▀[0m[38;2;255;255;255m[48;2;255;255;255m▀[0m[38;2;255;255;255m[48;2;255;255;255m▀[0m[38;2;255;255;255m[48;2;255;255;255m▀[0m[38;2;75;75;75m[48;2;110;110;110m▀[0m[38;2;0;0;0m[48;2;0;0;0m▀[0m[38;2;0;0;0m[48;2;10;10;11m▀[0m[38;2;222;224;224m[48;2;255;255;255m▀[0m[38;2;213;218;214m[48;2;194;197;197m▀[0m[38;2;255;255;255m[48;2;205;207;207m▀[0m[38;2;235;237;238m[48;2;244;244;244m▀[0m[38;2;177;177;174m[48;2;196;198;198m▀[0m[38;2;174;176;172m[48;2;200;205;205m▀[0m[38;2;195;197;198m[48;2;218;225;223m▀[0m[38;2;255;255;255m[48;2;231;235;234m▀[0m[38;2;0;0;0m[48;2;0;0;0m▀[0m[38;2;0;0;0m[48;2;233;241;245m▀[0m[38;2;255;255;255m[48;2;255;255;255m▀[0m[38;2;255;255;255m[48;2;255;255;255m▀[0m[38;2;255;255;255m[48;2;255;255;255m▀[0m[38;2;255;255;255m[48;2;255;255;255m▀[0m[38;2;255;255;255m[48;2;255;255;255m▀[0m[38;2;255;255;255m[48;2;255;255;255m▀[0m[38;2;255;255;255m[48;2;255;255;255m▀[0m[38;2;255;255;255m[48;2;255;255;255m▀[0m[38;2;255;255;255m[48;2;255;255;255m▀[0m[38;2;255;255;255m[48;2;255;255;255m▀[0m[38;2;100;103;100m[48;2;0;2;0m▀[0m[38;2;241;241;243m[48;2;255;255;255m▀[0m[38;2;255;255;255m[48;2;255;255;255m▀[0m
[38;2;255;255;255m[48;2;255;255;255m▀[0m[38;2;255;255;255m[48;2;255;255;255m▀[0m[38;2;255;255;255m[48;2;255;255;255m▀[0m[38;2;255;255;255m[48;2;255;255;255m▀[0m[38;2;255;255;255m[48;2;199;203;201m▀[0m[38;2;255;255;255m[48;2;78;82;82m▀[0m[38;2;255;255;255m[48;2;0;0;0m▀[0m[38;2;147;150;150m[48;2;0;0;0m▀[0m[38;2;0;0;0m[48;2;0;0;0m▀[0m[38;2;0;0;0m[48;2;0;0;0m▀[0m[38;2;147;147;147m[48;2;255;255;255m▀[0m[38;2;255;255;255m[48;2;255;255;255m▀[0m[38;2;255;255;255m[48;2;255;255;255m▀[0m[38;2;255;255;255m[48;2;255;255;255m▀[0m[38;2;255;255;255m[48;2;255;255;255m▀[0m[38;2;255;255;255m[48;2;255;255;255m▀[0m[38;2;255;255;255m[48;2;255;255;255m▀[0m[38;2;255;255;255m[48;2;255;255;255m▀[0m[38;2;255;255;255m[48;2;255;255;255m▀[0m[38;2;255;255;255m[48;2;255;255;255m▀[0m[38;2;255;255;255m[48;2;255;118;99m▀[0m[38;2;255;255;255m[48;2;255;217;208m▀[0m[38;2;255;2;0m[48;2;255;255;255m▀[0m[38;2;255;19;14m[48;2;255;185;185m▀[0m[38;2;255;191;187m[48;2;255;0;0m▀[0m[38;2;255;255;255m[48;2;255;110;110m▀[0m[38;2;41;101;99m[48;2;253;91;87m▀[0m[38;2;255;255;255m[48;2;0;0;0m▀[0m[38;2;255;255;255m[48;2;155;170;170m▀[0m[38;2;255;255;255m[48;2;255;255;255m▀[0m[38;2;255;255;255m[48;2;255;255;255m▀[0m[38;2;255;255;255m[48;2;168;168;170m▀[0m[38;2;255;255;255m[48;2;18;18;20m▀[0m[38;2;247;250;250m[48;2;70;70;70m▀[0m[38;2;198;203;199m[48;2;216;219;219m▀[0m[38;2;255;255;255m[48;2;255;255;255m▀[0m[38;2;255;255;255m[48;2;255;255;255m▀[0m[38;2;255;255;255m[48;2;255;255;255m▀[0m[38;2;210;212;213m[48;2;194;195;192m▀[0m[38;2;235;235;235m[48;2;198;198;198m▀[0m[38;2;255;255;255m[48;2;255;255;255m▀[0m[38;2;246;246;248m[48;2;255;255;255m▀[0m[38;2;197;197;199m[48;2;254;255;255m▀[0m[38;2;249;249;250m[48;2;155;153;156m▀[0m[38;2;255;255;255m[48;2;81;84;84m▀[0m[38;2;255;255;255m[48;2;214;217;217m▀[0m[38;2;255;255;255m[48;2;255;255;255m▀[0m[38;2;255;255;255m[48;2;255;255;255m▀[0m[38;2;255;255;255m[48;2;255;255;255m▀[0m[38;2;255;255;255m[48;2;216;216;216m▀[0m[38;2;18;18;20m[48;2;0;0;0m▀[0m[38;2;0;0;0m[48;2;0;0;0m▀[0m[38;2;69;72;72m[48;2;31;31;31m▀[0m[38;2;181;183;183m[48;2;126;125;123m▀[0m[38;2;179;182;182m[48;2;152;155;155m▀[0m[38;2;235;234;235m[48;2;247;250;250m▀[0m[38;2;255;255;255m[48;2;213;218;218m▀[0m[38;2;205;214;213m[48;2;237;249;247m▀[0m[38;2;210;220;219m[48;2;193;232;234m▀[0m[38;2;224;237;240m[48;2;0;52;50m▀[0m[38;2;2;34;36m[48;2;187;196;191m▀[0m[38;2;206;225;230m[48;2;255;255;255m▀[0m[38;2;255;255;255m[48;2;255;92;84m▀[0m[38;2;255;255;255m[48;2;255;219;216m▀[0m[38;2;255;255;255m[48;2;255;255;255m▀[0m[38;2;255;255;255m[48;2;255;255;255m▀[0m[38;2;255;255;255m[48;2;255;255;255m▀[0m[38;2;255;255;255m[48;2;255;255;255m▀[0m[38;2;255;255;255m[48;2;255;255;255m▀[0m[38;2;255;255;255m[48;2;255;255;255m▀[0m[38;2;255;255;255m[48;2;255;255;255m▀[0m[38;2;255;255;255m[48;2;255;255;255m▀[0m[38;2;173;176;176m[48;2;60;60;61m▀[0m[38;2;0;0;0m[48;2;0;0;0m▀[0m[38;2;255;255;255m[48;2;255;255;255m▀[0m[38;2;255;255;255m[48;2;255;255;255m▀[0m
[38;2;0;0;0m[48;2;0;0;0m▀[0m[38;2;0;0;0m[48;2;0;0;0m▀[0m[38;2;0;0;0m[48;2;0;0;0m▀[0m[38;2;0;0;0m[48;2;0;0;0m▀[0m[38;2;0;0;0m[48;2;0;0;0m▀[0m[38;2;0;0;0m[48;2;0;0;0m▀[0m[38;2;0;0;0m[48;2;0;0;0m▀[0m[38;2;0;0;0m[48;2;0;0;0m▀[0m[38;2;0;0;0m[48;2;0;0;0m▀[0m[38;2;0;0;0m[48;2;0;0;0m▀[0m[38;2;255;255;255m[48;2;255;255;255m▀[0m[38;2;255;255;255m[48;2;255;255;255m▀[0m[38;2;255;255;255m[48;2;255;255;255m▀[0m[38;2;255;255;255m[48;2;255;255;255m▀[0m[38;2;255;255;255m[48;2;255;255;255m▀[0m[38;2;255;255;255m[48;2;255;255;255m▀[0m[38;2;255;255;255m[48;2;255;255;255m▀[0m[38;2;255;255;255m[48;2;255;255;255m▀[0m[38;2;255;255;255m[48;2;255;255;255m▀[0m[38;2;255;255;255m[48;2;255;255;255m▀[0m[38;2;255;255;255m[48;2;255;255;255m▀[0m[38;2;255;255;255m[48;2;255;255;255m▀[0m[38;2;255;255;255m[48;2;255;255;255m▀[0m[38;2;255;255;255m[48;2;255;255;255m▀[0m[38;2;255;255;255m[48;2;255;255;255m▀[0m[38;2;255;255;255m[48;2;255;240;239m▀[0m[38;2;255;150;145m[48;2;255;255;255m▀[0m[38;2;245;92;84m[48;2;255;235;230m▀[0m[38;2;0;0;0m[48;2;239;255;255m▀[0m[38;2;0;0;0m[48;2;0;0;0m▀[0m[38;2;0;0;0m[48;2;181;185;182m▀[0m[38;2;0;0;0m[48;2;255;255;255m▀[0m[38;2;196;195;195m[48;2;255;255;255m▀[0m[38;2;255;255;255m[48;2;255;255;255m▀[0m[38;2;255;255;255m[48;2;255;255;255m▀[0m[38;2;255;255;255m[48;2;255;255;255m▀[0m[38;2;255;255;255m[48;2;255;255;255m▀[0m[38;2;255;255;255m[48;2;255;255;255m▀[0m[38;2;255;255;255m[48;2;255;255;255m▀[0m[38;2;255;255;255m[48;2;255;255;255m▀[0m[38;2;255;255;255m[48;2;195;197;199m▀[0m[38;2;255;255;255m[48;2;196;195;195m▀[0m[38;2;255;255;255m[48;2;255;255;255m▀[0m[38;2;255;255;255m[48;2;255;255;255m▀[0m[38;2;233;233;233m[48;2;255;255;255m▀[0m[38;2;0;0;0m[48;2;255;255;255m▀[0m[38;2;0;0;0m[48;2;86;85;86m▀[0m[38;2;108;110;110m[48;2;0;0;0m▀[0m[38;2;50;54;55m[48;2;0;0;0m▀[0m[38;2;0;0;0m[48;2;0;0;0m▀[0m[38;2;0;0;0m[48;2;0;0;0m▀[0m[38;2;0;0;0m[48;2;0;0;0m▀[0m[38;2;0;0;0m[48;2;0;0;0m▀[0m[38;2;76;77;73m[48;2;0;0;0m▀[0m[38;2;132;135;136m[48;2;59;61;62m▀[0m[38;2;240;245;241m[48;2;194;197;197m▀[0m[38;2;255;255;255m[48;2;47;57;59m▀[0m[38;2;112;146;147m[48;2;0;0;0m▀[0m[38;2;0;0;0m[48;2;181;0;0m▀[0m[38;2;221;0;0m[48;2;255;55;55m▀[0m[38;2;255;0;0m[48;2;255;0;0m▀[0m[38;2;255;255;255m[48;2;255;249;248m▀[0m[38;2;255;255;255m[48;2;255;255;255m▀[0m[38;2;255;255;255m[48;2;255;255;255m▀[0m[38;2;255;255;255m[48;2;255;255;255m▀[0m[38;2;255;255;255m[48;2;255;255;255m▀[0m[38;2;255;255;255m[48;2;255;255;255m▀[0m[38;2;255;255;255m[48;2;255;255;255m▀[0m[38;2;255;255;255m[48;2;255;255;255m▀[0m[38;2;255;255;255m[48;2;255;255;255m▀[0m[38;2;255;255;255m[48;2;255;255;255m▀[0m[38;2;255;255;255m[48;2;240;239;239m▀[0m[38;2;0;0;0m[48;2;0;0;0m▀[0m[38;2;0;0;0m[48;2;0;0;0m▀[0m[38;2;255;255;255m[48;2;255;255;255m▀[0m[38;2;255;255;255m[48;2;255;255;255m▀[0m
[38;2;0;0;0m[48;2;15;15;15m▀[0m[38;2;0;0;0m[48;2;0;0;0m▀[0m[38;2;0;0;0m[48;2;0;0;0m▀[0m[38;2;0;0;0m[48;2;0;0;0m▀[0m[38;2;0;0;0m[48;2;0;2;2m▀[0m[38;2;0;0;0m[48;2;0;0;1m▀[0m[38;2;0;0;0m[48;2;0;0;0m▀[0m[38;2;0;0;0m[48;2;0;0;0m▀[0m[38;2;0;0;0m[48;2;0;0;0m▀[0m[38;2;0;0;0m[48;2;0;0;0m▀[0m[38;2;255;255;255m[48;2;177;177;177m▀[0m[38;2;255;255;255m[48;2;255;255;255m▀[0m[38;2;255;255;255m[48;2;255;255;255m▀[0m[38;2;255;255;255m[48;2;255;255;255m▀[0m[38;2;255;255;255m[48;2;255;255;255m▀[0m[38;2;255;255;255m[48;2;255;255;255m▀[0m[38;2;255;255;255m[48;2;255;255;255m▀[0m[38;2;255;255;255m[48;2;255;255;255m▀[0m[38;2;255;255;255m[48;2;255;255;255m▀[0m[38;2;255;255;255m[48;2;255;255;255m▀[0m[38;2;255;255;255m[48;2;255;255;255m▀[0m[38;2;255;255;255m[48;2;255;255;255m▀[0m[38;2;255;255;255m[48;2;255;255;255m▀[0m[38;2;255;255;255m[48;2;255;255;255m▀[0m[38;2;255;255;255m[48;2;255;255;255m▀[0m[38;2;255;255;255m[48;2;255;255;255m▀[0m[38;2;255;231;227m[48;2;255;255;255m▀[0m[38;2;255;255;255m[48;2;255;122;119m▀[0m[38;2;255;255;255m[48;2;255;255;255m▀[0m[38;2;211;218;218m[48;2;255;255;255m▀[0m[38;2;68;72;72m[48;2;206;209;211m▀[0m[38;2;255;255;255m[48;2;0;0;0m▀[0m[38;2;209;211;211m[48;2;105;108;109m▀[0m[38;2;125;126;123m[48;2;172;173;170m▀[0m[38;2;100;103;103m[48;2;0;0;0m▀[0m[38;2;65;69;69m[48;2;0;0;0m▀[0m[38;2;231;234;233m[48;2;0;0;0m▀[0m[38;2;255;255;255m[48;2;22;24;24m▀[0m[38;2;140;144;144m[48;2;56;58;60m▀[0m[38;2;105;110;113m[48;2;37;39;39m▀[0m[38;2;144;149;149m[48;2;61;63;63m▀[0m[38;2;131;135;137m[48;2;203;206;206m▀[0m[38;2;119;124;124m[48;2;164;167;168m▀[0m[38;2;169;167;170m[48;2;136;139;139m▀[0m[38;2;92;95;95m[48;2;111;115;112m▀[0m[38;2;117;117;115m[48;2;18;20;20m▀[0m[38;2;255;255;255m[48;2;102;104;102m▀[0m[38;2;99;99;99m[48;2;118;117;117m▀[0m[38;2;0;0;0m[48;2;0;0;0m▀[0m[38;2;0;0;0m[48;2;33;33;30m▀[0m[38;2;0;0;0m[48;2;23;23;24m▀[0m[38;2;0;0;0m[48;2;0;0;0m▀[0m[38;2;0;0;0m[48;2;0;0;0m▀[0m[38;2;0;0;0m[48;2;0;0;0m▀[0m[38;2;0;0;0m[48;2;17;17;17m▀[0m[38;2;39;39;39m[48;2;0;0;0m▀[0m[38;2;0;0;0m[48;2;55;66;66m▀[0m[38;2;99;49;49m[48;2;255;255;255m▀[0m[38;2;255;231;228m[48;2;255;255;255m▀[0m[38;2;255;255;255m[48;2;255;255;255m▀[0m[38;2;255;255;255m[48;2;255;255;255m▀[0m[38;2;255;12;11m[48;2;255;231;228m▀[0m[38;2;255;235;235m[48;2;255;220;218m▀[0m[38;2;255;255;255m[48;2;255;255;255m▀[0m[38;2;255;255;255m[48;2;255;255;255m▀[0m[38;2;255;255;255m[48;2;255;255;255m▀[0m[38;2;255;255;255m[48;2;255;255;255m▀[0m[38;2;255;255;255m[48;2;255;255;255m▀[0m[38;2;255;255;255m[48;2;255;255;255m▀[0m[38;2;255;255;255m[48;2;255;255;255m▀[0m[38;2;255;255;255m[48;2;255;255;255m▀[0m[38;2;138;140;140m[48;2;173;176;176m▀[0m[38;2;143;146;145m[48;2;255;255;255m▀[0m[38;2;0;0;0m[48;2;44;44;44m▀[0m[38;2;209;212;212m[48;2;11;15;15m▀[0m[38;2;255;255;255m[48;2;255;255;255m▀[0m
[38;2;11;14;14m[48;2;51;54;56m▀[0m[38;2;0;0;0m[48;2;74;76;78m▀[0m[38;2;0;0;0m[48;2;31;31;32m▀[0m[38;2;0;0;0m[48;2;0;0;0m▀[0m[38;2;0;0;0m[48;2;0;0;0m▀[0m[38;2;0;0;0m[48;2;0;0;0m▀[0m[38;2;0;0;0m[48;2;0;0;0m▀[0m[38;2;0;0;0m[48;2;0;0;0m▀[0m[38;2;0;0;0m[48;2;45;48;54m▀[0m[38;2;0;0;0m[48;2;0;0;0m▀[0m[38;2;71;69;72m[48;2;0;0;0m▀[0m[38;2;255;255;255m[48;2;255;255;255m▀[0m[38;2;255;255;255m[48;2;255;255;255m▀[0m[38;2;255;255;255m[48;2;255;255;255m▀[0m[38;2;255;255;255m[48;2;255;255;255m▀[0m[38;2;255;255;255m[48;2;255;255;255m▀[0m[38;2;255;255;255m[48;2;255;255;255m▀[0m[38;2;255;255;255m[48;2;255;255;255m▀[0m[38;2;255;255;255m[48;2;255;255;255m▀[0m[38;2;255;255;255m[48;2;255;255;255m▀[0m[38;2;255;255;255m[48;2;255;255;255m▀[0m[38;2;255;255;255m[48;2;255;255;255m▀[0m[38;2;255;255;255m[48;2;255;255;255m▀[0m[38;2;255;255;255m[48;2;255;255;255m▀[0m[38;2;255;255;255m[48;2;255;255;255m▀[0m[38;2;255;255;255m[48;2;255;255;255m▀[0m[38;2;255;255;255m[48;2;255;255;255m▀[0m[38;2;255;95;87m[48;2;255;255;255m▀[0m[38;2;255;226;221m[48;2;255;255;255m▀[0m[38;2;255;255;255m[48;2;255;255;255m▀[0m[38;2;255;255;255m[48;2;255;255;255m▀[0m[38;2;209;209;211m[48;2;255;255;255m▀[0m[38;2;0;0;0m[48;2;169;169;169m▀[0m[38;2;0;0;0m[48;2;0;0;0m▀[0m[38;2;83;83;84m[48;2;203;205;207m▀[0m[38;2;144;147;146m[48;2;169;172;171m▀[0m[38;2;169;171;173m[48;2;192;196;192m▀[0m[38;2;146;149;149m[48;2;231;233;233m▀[0m[38;2;139;139;140m[48;2;255;255;255m▀[0m[38;2;86;88;88m[48;2;255;255;255m▀[0m[38;2;0;0;0m[48;2;250;252;252m▀[0m[38;2;51;48;48m[48;2;227;224;226m▀[0m[38;2;160;164;166m[48;2;56;56;57m▀[0m[38;2;68;72;75m[48;2;23;28;31m▀[0m[38;2;113;115;117m[48;2;0;0;0m▀[0m[38;2;164;167;168m[48;2;47;50;55m▀[0m[38;2;87;84;86m[48;2;132;136;140m▀[0m[38;2;255;255;255m[48;2;255;255;255m▀[0m[38;2;255;255;255m[48;2;238;240;243m▀[0m[38;2;165;165;162m[48;2;154;157;154m▀[0m[38;2;81;77;77m[48;2;109;109;106m▀[0m[38;2;0;0;0m[48;2;0;0;0m▀[0m[38;2;0;0;0m[48;2;70;70;70m▀[0m[38;2;0;0;0m[48;2;0;0;0m▀[0m[38;2;0;0;0m[48;2;0;0;0m▀[0m[38;2;0;0;0m[48;2;255;255;255m▀[0m[38;2;255;255;255m[48;2;255;255;255m▀[0m[38;2;255;255;255m[48;2;255;255;255m▀[0m[38;2;255;255;255m[48;2;255;144;139m▀[0m[38;2;255;255;255m[48;2;255;255;255m▀[0m[38;2;255;255;255m[48;2;255;255;255m▀[0m[38;2;255;255;255m[48;2;255;255;255m▀[0m[38;2;255;255;255m[48;2;255;255;255m▀[0m[38;2;255;255;255m[48;2;255;255;255m▀[0m[38;2;255;255;255m[48;2;255;255;255m▀[0m[38;2;255;255;255m[48;2;255;255;255m▀[0m[38;2;255;255;255m[48;2;255;255;255m▀[0m[38;2;255;255;255m[48;2;255;255;255m▀[0m[38;2;255;255;255m[48;2;255;255;255m▀[0m[38;2;255;255;255m[48;2;255;255;255m▀[0m[38;2;255;255;255m[48;2;255;255;255m▀[0m[38;2;243;243;243m[48;2;255;255;255m▀[0m[38;2;255;255;255m[48;2;255;255;255m▀[0m[38;2;122;122;122m[48;2;96;96;96m▀[0m[38;2;0;0;0m[48;2;0;0;0m▀[0m[38;2;255;255;255m[48;2;0;0;0m▀[0m
[38;2;72;76;76m[48;2;45;47;47m▀[0m[38;2;74;76;76m[48;2;45;47;47m▀[0m[38;2;62;64;65m[48;2;63;65;63m▀[0m[38;2;7;7;7m[48;2;51;55;51m▀[0m[38;2;0;0;0m[48;2;0;0;0m▀[0m[38;2;0;0;0m[48;2;0;0;0m▀[0m[38;2;0;0;0m[48;2;19;18;18m▀[0m[38;2;73;79;85m[48;2;156;156;156m▀[0m[38;2;79;83;82m[48;2;3;3;3m▀[0m[38;2;0;0;0m[48;2;0;0;0m▀[0m[38;2;0;0;0m[48;2;0;0;0m▀[0m[38;2;255;255;255m[48;2;251;254;254m▀[0m[38;2;255;255;255m[48;2;255;255;255m▀[0m[38;2;255;255;255m[48;2;255;255;255m▀[0m[38;2;255;255;255m[48;2;255;255;255m▀[0m[38;2;255;255;255m[48;2;255;255;255m▀[0m[38;2;255;255;255m[48;2;255;255;255m▀[0m[38;2;255;255;255m[48;2;255;255;255m▀[0m[38;2;255;255;255m[48;2;255;255;255m▀[0m[38;2;255;255;255m[48;2;255;255;255m▀[0m[38;2;255;255;255m[48;2;255;255;255m▀[0m[38;2;255;255;255m[48;2;255;255;255m▀[0m[38;2;210;209;209m[48;2;139;143;143m▀[0m[38;2;156;158;158m[48;2;191;193;193m▀[0m[38;2;255;255;255m[48;2;255;255;255m▀[0m[38;2;255;255;255m[48;2;255;255;255m▀[0m[38;2;255;255;255m[48;2;255;255;255m▀[0m[38;2;255;255;255m[48;2;255;255;255m▀[0m[38;2;255;255;255m[48;2;255;255;255m▀[0m[38;2;255;255;255m[48;2;255;255;255m▀[0m[38;2;255;255;255m[48;2;255;255;255m▀[0m[38;2;255;255;255m[48;2;255;255;255m▀[0m[38;2;255;255;255m[48;2;255;255;255m▀[0m[38;2;140;140;138m[48;2;255;255;255m▀[0m[38;2;0;0;0m[48;2;47;48;45m▀[0m[38;2;169;172;168m[48;2;0;0;0m▀[0m[38;2;138;142;142m[48;2;75;79;79m▀[0m[38;2;51;54;54m[48;2;68;66;66m▀[0m[38;2;0;0;0m[48;2;41;43;43m▀[0m[38;2;37;37;39m[48;2;72;74;74m▀[0m[38;2;147;150;150m[48;2;0;0;0m▀[0m[38;2;186;189;190m[48;2;0;0;0m▀[0m[38;2;158;160;158m[48;2;35;37;35m▀[0m[38;2;29;28;24m[48;2;123;125;125m▀[0m[38;2;0;0;0m[48;2;64;68;68m▀[0m[38;2;0;0;0m[48;2;0;0;0m▀[0m[38;2;0;0;0m[48;2;0;0;0m▀[0m[38;2;0;0;0m[48;2;0;0;0m▀[0m[38;2;185;190;186m[48;2;3;1;4m▀[0m[38;2;166;172;169m[48;2;72;74;74m▀[0m[38;2;255;255;255m[48;2;246;246;246m▀[0m[38;2;37;41;41m[48;2;116;116;116m▀[0m[38;2;41;41;41m[48;2;136;139;139m▀[0m[38;2;0;0;0m[48;2;0;0;0m▀[0m[38;2;137;139;139m[48;2;255;255;255m▀[0m[38;2;255;255;255m[48;2;255;255;255m▀[0m[38;2;255;255;255m[48;2;255;255;255m▀[0m[38;2;255;243;236m[48;2;255;249;240m▀[0m[38;2;255;233;232m[48;2;255;255;255m▀[0m[38;2;255;255;255m[48;2;255;255;255m▀[0m[38;2;255;255;255m[48;2;255;255;255m▀[0m[38;2;255;189;181m[48;2;255;233;232m▀[0m[38;2;255;179;173m[48;2;255;174;167m▀[0m[38;2;255;255;255m[48;2;255;255;255m▀[0m[38;2;255;255;255m[48;2;255;255;255m▀[0m[38;2;255;255;255m[48;2;255;255;255m▀[0m[38;2;255;255;255m[48;2;255;255;255m▀[0m[38;2;255;255;255m[48;2;255;255;255m▀[0m[38;2;255;255;255m[48;2;255;255;255m▀[0m[38;2;255;255;255m[48;2;255;255;255m▀[0m[38;2;255;255;255m[48;2;255;255;255m▀[0m[38;2;255;255;255m[48;2;255;255;255m▀[0m[38;2;255;255;255m[48;2;255;255;255m▀[0m[38;2;0;0;0m[48;2;0;0;0m▀[0m[38;2;0;0;0m[48;2;0;0;0m▀[0m[38;2;0;0;0m[48;2;0;0;0m▀[0m
[38;2;38;41;41m[48;2;108;112;112m▀[0m[38;2;96;95;95m[48;2;138;140;140m▀[0m[38;2;72;74;74m[48;2;108;109;105m▀[0m[38;2;78;81;81m[48;2;61;63;63m▀[0m[38;2;78;82;82m[48;2;76;79;78m▀[0m[38;2;0;0;0m[48;2;76;78;78m▀[0m[38;2;23;21;24m[48;2;0;0;0m▀[0m[38;2;99;101;101m[48;2;158;156;159m▀[0m[38;2;0;0;0m[48;2;0;0;0m▀[0m[38;2;0;0;0m[48;2;0;0;0m▀[0m[38;2;0;0;0m[48;2;0;0;0m▀[0m[38;2;181;181;181m[48;2;91;95;95m▀[0m[38;2;255;255;255m[48;2;255;255;255m▀[0m[38;2;255;255;255m[48;2;255;255;255m▀[0m[38;2;255;255;255m[48;2;17;19;19m▀[0m[38;2;224;226;226m[48;2;66;65;65m▀[0m[38;2;231;233;233m[48;2;144;146;144m▀[0m[38;2;196;199;199m[48;2;120;120;120m▀[0m[38;2;81;84;84m[48;2;0;0;0m▀[0m[38;2;7;9;9m[48;2;0;0;0m▀[0m[38;2;0;0;0m[48;2;0;0;0m▀[0m[38;2;0;0;0m[48;2;0;0;0m▀[0m[38;2;0;0;0m[48;2;196;198;198m▀[0m[38;2;255;255;255m[48;2;255;255;255m▀[0m[38;2;255;255;255m[48;2;255;255;255m▀[0m[38;2;255;255;255m[48;2;255;255;255m▀[0m[38;2;255;255;255m[48;2;255;255;255m▀[0m[38;2;255;255;255m[48;2;255;255;255m▀[0m[38;2;255;255;255m[48;2;255;204;197m▀[0m[38;2;255;255;255m[48;2;255;250;250m▀[0m[38;2;255;255;255m[48;2;255;255;255m▀[0m[38;2;255;255;255m[48;2;255;255;255m▀[0m[38;2;255;255;255m[48;2;255;255;255m▀[0m[38;2;255;255;255m[48;2;255;255;255m▀[0m[38;2;255;255;255m[48;2;255;255;255m▀[0m[38;2;0;0;0m[48;2;208;208;208m▀[0m[38;2;179;183;183m[48;2;0;0;0m▀[0m[38;2;255;255;255m[48;2;38;42;42m▀[0m[38;2;255;255;255m[48;2;99;101;103m▀[0m[38;2;195;199;199m[48;2;115;116;113m▀[0m[38;2;81;82;78m[48;2;125;127;127m▀[0m[38;2;118;120;120m[48;2;226;225;223m▀[0m[38;2;93;96;93m[48;2;255;255;255m▀[0m[38;2;0;0;0m[48;2;255;255;255m▀[0m[38;2;0;0;0m[48;2;255;255;255m▀[0m[38;2;0;0;0m[48;2;255;255;255m▀[0m[38;2;0;0;0m[48;2;255;255;255m▀[0m[38;2;0;0;0m[48;2;255;255;255m▀[0m[38;2;0;0;0m[48;2;151;151;153m▀[0m[38;2;0;0;0m[48;2;0;0;0m▀[0m[38;2;0;0;0m[48;2;0;0;0m▀[0m[38;2;0;0;0m[48;2;0;0;0m▀[0m[38;2;0;0;0m[48;2;0;0;0m▀[0m[38;2;232;235;235m[48;2;255;255;255m▀[0m[38;2;255;255;255m[48;2;255;255;255m▀[0m[38;2;255;255;255m[48;2;255;255;255m▀[0m[38;2;255;255;255m[48;2;255;255;255m▀[0m[38;2;255;255;255m[48;2;255;255;255m▀[0m[38;2;255;255;255m[48;2;255;255;255m▀[0m[38;2;255;255;255m[48;2;255;255;255m▀[0m[38;2;255;255;255m[48;2;255;255;255m▀[0m[38;2;255;255;255m[48;2;255;190;185m▀[0m[38;2;255;102;90m[48;2;255;73;63m▀[0m[38;2;255;255;255m[48;2;255;255;255m▀[0m[38;2;255;255;255m[48;2;255;255;255m▀[0m[38;2;255;255;255m[48;2;255;255;255m▀[0m[38;2;255;255;255m[48;2;255;255;255m▀[0m[38;2;255;255;255m[48;2;255;255;255m▀[0m[38;2;255;255;255m[48;2;255;255;255m▀[0m[38;2;255;255;255m[48;2;255;255;255m▀[0m[38;2;255;255;255m[48;2;255;255;255m▀[0m[38;2;255;255;255m[48;2;255;255;255m▀[0m[38;2;184;186;186m[48;2;99;101;101m▀[0m[38;2;0;0;0m[48;2;0;0;0m▀[0m[38;2;0;0;0m[48;2;0;0;0m▀[0m[38;2;0;0;0m[48;2;0;0;0m▀[0m
[38;2;0;0;0m[48;2;117;116;116m▀[0m[38;2;163;160;164m[48;2;255;253;255m▀[0m[38;2;224;226;224m[48;2;96;99;103m▀[0m[38;2;146;144;151m[48;2;118;120;123m▀[0m[38;2;50;55;56m[48;2;125;127;125m▀[0m[38;2;50;52;55m[48;2;55;61;60m▀[0m[38;2;0;0;0m[48;2;31;33;35m▀[0m[38;2;95;92;96m[48;2;0;0;0m▀[0m[38;2;79;79;77m[48;2;145;145;146m▀[0m[38;2;0;0;0m[48;2;14;12;12m▀[0m[38;2;0;0;0m[48;2;0;0;0m▀[0m[38;2;0;0;0m[48;2;0;0;0m▀[0m[38;2;255;255;255m[48;2;63;66;66m▀[0m[38;2;63;65;65m[48;2;0;0;0m▀[0m[38;2;2;4;4m[48;2;255;255;255m▀[0m[38;2;232;231;232m[48;2;246;248;248m▀[0m[38;2;255;255;255m[48;2;255;255;255m▀[0m[38;2;255;255;255m[48;2;255;255;255m▀[0m[38;2;239;239;239m[48;2;255;255;255m▀[0m[38;2;252;254;252m[48;2;255;255;255m▀[0m[38;2;246;247;244m[48;2;108;111;108m▀[0m[38;2;168;171;168m[48;2;255;255;255m▀[0m[38;2;255;255;255m[48;2;255;255;255m▀[0m[38;2;255;255;255m[48;2;255;255;255m▀[0m[38;2;255;255;255m[48;2;255;255;255m▀[0m[38;2;255;255;255m[48;2;255;255;255m▀[0m[38;2;255;255;255m[48;2;255;255;255m▀[0m[38;2;255;255;255m[48;2;255;255;255m▀[0m[38;2;255;255;255m[48;2;255;255;255m▀[0m[38;2;255;255;255m[48;2;255;255;255m▀[0m[38;2;255;255;255m[48;2;255;255;255m▀[0m[38;2;255;255;255m[48;2;255;255;255m▀[0m[38;2;255;255;255m[48;2;255;255;255m▀[0m[38;2;255;255;255m[48;2;255;255;255m▀[0m[38;2;255;255;255m[48;2;255;255;255m▀[0m[38;2;255;255;255m[48;2;255;255;255m▀[0m[38;2;42;42;43m[48;2;255;255;255m▀[0m[38;2;0;0;0m[48;2;0;0;0m▀[0m[38;2;110;109;109m[48;2;255;255;255m▀[0m[38;2;241;240;240m[48;2;255;255;255m▀[0m[38;2;255;255;255m[48;2;255;255;255m▀[0m[38;2;255;255;255m[48;2;203;206;203m▀[0m[38;2;255;255;255m[48;2;190;190;186m▀[0m[38;2;255;255;255m[48;2;222;222;222m▀[0m[38;2;255;255;255m[48;2;255;255;255m▀[0m[38;2;255;255;255m[48;2;255;255;255m▀[0m[38;2;255;255;255m[48;2;255;255;255m▀[0m[38;2;255;255;255m[48;2;192;194;194m▀[0m[38;2;255;255;255m[48;2;187;191;191m▀[0m[38;2;255;255;255m[48;2;255;255;255m▀[0m[38;2;146;146;146m[48;2;255;255;255m▀[0m[38;2;0;0;0m[48;2;0;0;0m▀[0m[38;2;189;189;191m[48;2;255;255;255m▀[0m[38;2;255;255;255m[48;2;255;255;255m▀[0m[38;2;255;255;255m[48;2;255;255;255m▀[0m[38;2;255;255;255m[48;2;255;255;255m▀[0m[38;2;255;255;255m[48;2;255;255;255m▀[0m[38;2;255;255;255m[48;2;255;255;255m▀[0m[38;2;255;255;255m[48;2;255;255;255m▀[0m[38;2;255;255;255m[48;2;255;255;255m▀[0m[38;2;255;243;241m[48;2;255;255;255m▀[0m[38;2;255;64;57m[48;2;255;0;0m▀[0m[38;2;255;156;155m[48;2;255;108;105m▀[0m[38;2;255;255;255m[48;2;255;255;255m▀[0m[38;2;255;255;255m[48;2;255;255;255m▀[0m[38;2;255;255;255m[48;2;255;255;255m▀[0m[38;2;255;255;255m[48;2;255;255;255m▀[0m[38;2;255;255;255m[48;2;255;255;255m▀[0m[38;2;255;255;255m[48;2;255;255;255m▀[0m[38;2;255;255;255m[48;2;255;255;255m▀[0m[38;2;255;255;255m[48;2;255;255;255m▀[0m[38;2;255;255;255m[48;2;255;255;255m▀[0m[38;2;27;29;29m[48;2;0;0;0m▀[0m[38;2;0;0;0m[48;2;0;0;0m▀[0m[38;2;0;0;0m[48;2;0;0;0m▀[0m[38;2;0;0;0m[48;2;0;0;0m▀[0m
[38;2;19;21;21m[48;2;0;0;0m▀[0m[38;2;15;19;19m[48;2;0;0;0m▀[0m[38;2;48;51;50m[48;2;102;105;101m▀[0m[38;2;135;136;132m[48;2;118;117;117m▀[0m[38;2;136;138;140m[48;2;144;147;144m▀[0m[38;2;131;135;133m[48;2;144;147;143m▀[0m[38;2;106;111;114m[48;2;119;124;120m▀[0m[38;2;58;60;60m[48;2;128;130;128m▀[0m[38;2;11;11;11m[48;2;69;71;72m▀[0m[38;2;95;97;97m[48;2;0;0;0m▀[0m[38;2;0;0;0m[48;2;0;0;0m▀[0m[38;2;0;0;0m[48;2;0;0;0m▀[0m[38;2;0;0;0m[48;2;255;255;255m▀[0m[38;2;255;255;255m[48;2;255;255;255m▀[0m[38;2;255;255;255m[48;2;236;239;239m▀[0m[38;2;255;255;255m[48;2;160;163;163m▀[0m[38;2;255;255;255m[48;2;164;164;164m▀[0m[38;2;255;255;255m[48;2;0;0;0m▀[0m[38;2;164;164;166m[48;2;0;0;0m▀[0m[38;2;68;70;70m[48;2;255;255;255m▀[0m[38;2;255;255;255m[48;2;255;255;255m▀[0m[38;2;255;255;255m[48;2;255;255;255m▀[0m[38;2;255;255;255m[48;2;255;255;255m▀[0m[38;2;255;255;255m[48;2;255;255;255m▀[0m[38;2;255;255;255m[48;2;255;255;255m▀[0m[38;2;255;255;255m[48;2;255;255;255m▀[0m[38;2;255;255;255m[48;2;255;255;255m▀[0m[38;2;255;255;255m[48;2;255;255;255m▀[0m[38;2;255;255;255m[48;2;255;255;255m▀[0m[38;2;255;255;255m[48;2;255;255;255m▀[0m[38;2;255;255;255m[48;2;255;255;255m▀[0m[38;2;255;255;255m[48;2;255;255;255m▀[0m[38;2;255;255;255m[48;2;255;255;255m▀[0m[38;2;255;255;255m[48;2;255;255;255m▀[0m[38;2;255;255;255m[48;2;255;255;255m▀[0m[38;2;255;255;255m[48;2;255;255;255m▀[0m[38;2;255;255;255m[48;2;255;255;255m▀[0m[38;2;126;126;126m[48;2;255;255;255m▀[0m[38;2;1;4;4m[48;2;221;225;225m▀[0m[38;2;165;164;164m[48;2;248;248;248m▀[0m[38;2;145;149;145m[48;2;255;255;255m▀[0m[38;2;210;210;210m[48;2;245;244;244m▀[0m[38;2;238;241;241m[48;2;225;230;225m▀[0m[38;2;236;236;238m[48;2;255;255;255m▀[0m[38;2;243;243;244m[48;2;255;255;255m▀[0m[38;2;167;169;169m[48;2;197;199;201m▀[0m[38;2;225;228;225m[48;2;0;0;0m▀[0m[38;2;255;255;255m[48;2;223;225;225m▀[0m[38;2;250;252;253m[48;2;255;255;255m▀[0m[38;2;140;142;142m[48;2;255;255;255m▀[0m[38;2;0;0;0m[48;2;192;191;191m▀[0m[38;2;14;14;11m[48;2;255;255;255m▀[0m[38;2;255;255;255m[48;2;255;255;255m▀[0m[38;2;255;255;255m[48;2;255;255;255m▀[0m[38;2;255;255;255m[48;2;255;255;255m▀[0m[38;2;255;255;255m[48;2;255;255;255m▀[0m[38;2;255;255;255m[48;2;255;255;255m▀[0m[38;2;255;255;255m[48;2;255;255;255m▀[0m[38;2;255;255;255m[48;2;255;255;255m▀[0m[38;2;255;255;255m[48;2;255;255;255m▀[0m[38;2;255;255;255m[48;2;255;255;255m▀[0m[38;2;255;56;45m[48;2;255;179;168m▀[0m[38;2;255;113;108m[48;2;255;149;143m▀[0m[38;2;255;255;255m[48;2;255;255;255m▀[0m[38;2;255;255;255m[48;2;255;255;255m▀[0m[38;2;255;255;255m[48;2;255;255;255m▀[0m[38;2;255;255;255m[48;2;255;255;255m▀[0m[38;2;255;255;255m[48;2;255;255;255m▀[0m[38;2;255;255;255m[48;2;255;255;255m▀[0m[38;2;255;255;255m[48;2;255;255;255m▀[0m[38;2;255;255;255m[48;2;255;255;255m▀[0m[38;2;255;255;255m[48;2;38;38;35m▀[0m[38;2;0;0;0m[48;2;0;0;0m▀[0m[38;2;0;0;0m[48;2;0;0;0m▀[0m[38;2;0;0;0m[48;2;0;0;0m▀[0m[38;2;87;87;85m[48;2;255;255;255m▀[0m
[38;2;0;0;0m[48;2;18;18;18m▀[0m[38;2;25;23;27m[48;2;33;30;34m▀[0m[38;2;49;52;51m[48;2;0;0;0m▀[0m[38;2;155;157;157m[48;2;78;81;83m▀[0m[38;2;222;222;222m[48;2;167;169;169m▀[0m[38;2;153;156;153m[48;2;72;72;70m▀[0m[38;2;104;105;102m[48;2;138;140;140m▀[0m[38;2;93;96;96m[48;2;52;55;55m▀[0m[38;2;68;70;70m[48;2;41;39;39m▀[0m[38;2;50;52;52m[48;2;0;0;0m▀[0m[38;2;0;0;0m[48;2;193;200;200m▀[0m[38;2;238;243;239m[48;2;255;255;255m▀[0m[38;2;255;255;255m[48;2;254;255;255m▀[0m[38;2;255;255;255m[48;2;255;255;255m▀[0m[38;2;255;255;255m[48;2;255;255;255m▀[0m[38;2;176;177;172m[48;2;189;191;191m▀[0m[38;2;0;0;0m[48;2;84;83;79m▀[0m[38;2;0;0;0m[48;2;0;0;0m▀[0m[38;2;184;184;184m[48;2;255;255;255m▀[0m[38;2;255;255;255m[48;2;255;255;255m▀[0m[38;2;255;255;255m[48;2;255;255;255m▀[0m[38;2;255;255;255m[48;2;255;255;255m▀[0m[38;2;255;255;255m[48;2;255;255;255m▀[0m[38;2;255;255;255m[48;2;255;255;255m▀[0m[38;2;255;255;255m[48;2;255;255;255m▀[0m[38;2;255;255;255m[48;2;255;255;255m▀[0m[38;2;255;255;255m[48;2;255;255;255m▀[0m[38;2;255;255;255m[48;2;255;255;255m▀[0m[38;2;255;255;255m[48;2;255;255;255m▀[0m[38;2;255;255;255m[48;2;255;255;255m▀[0m[38;2;255;255;255m[48;2;255;255;255m▀[0m[38;2;255;255;255m[48;2;255;255;255m▀[0m[38;2;255;255;255m[48;2;255;255;255m▀[0m[38;2;255;255;255m[48;2;255;255;255m▀[0m[38;2;255;255;255m[48;2;255;255;255m▀[0m[38;2;255;255;255m[48;2;255;255;255m▀[0m[38;2;255;255;255m[48;2;255;255;255m▀[0m[38;2;246;248;248m[48;2;227;226;226m▀[0m[38;2;255;255;255m[48;2;230;228;228m▀[0m[38;2;255;255;255m[48;2;255;255;255m▀[0m[38;2;255;255;255m[48;2;255;255;255m▀[0m[38;2;219;219;219m[48;2;233;233;233m▀[0m[38;2;231;231;231m[48;2;230;230;230m▀[0m[38;2;255;255;255m[48;2;255;255;255m▀[0m[38;2;251;254;253m[48;2;181;183;183m▀[0m[38;2;0;0;0m[48;2;0;0;0m▀[0m[38;2;44;44;42m[48;2;38;38;38m▀[0m[38;2;173;171;174m[48;2;6;5;5m▀[0m[38;2;173;176;176m[48;2;0;0;0m▀[0m[38;2;68;70;70m[48;2;0;0;0m▀[0m[38;2;246;249;245m[48;2;14;17;16m▀[0m[38;2;255;255;255m[48;2;255;255;255m▀[0m[38;2;255;255;255m[48;2;255;255;255m▀[0m[38;2;250;250;251m[48;2;208;209;206m▀[0m[38;2;255;255;255m[48;2;255;255;255m▀[0m[38;2;255;255;255m[48;2;255;255;255m▀[0m[38;2;255;255;255m[48;2;255;255;255m▀[0m[38;2;255;255;255m[48;2;255;255;255m▀[0m[38;2;255;255;255m[48;2;255;255;255m▀[0m[38;2;255;255;255m[48;2;255;255;255m▀[0m[38;2;255;255;255m[48;2;255;255;255m▀[0m[38;2;255;216;214m[48;2;255;238;240m▀[0m[38;2;255;143;133m[48;2;255;136;128m▀[0m[38;2;255;255;255m[48;2;255;255;255m▀[0m[38;2;255;255;255m[48;2;255;255;255m▀[0m[38;2;255;255;255m[48;2;255;255;255m▀[0m[38;2;255;255;255m[48;2;255;255;255m▀[0m[38;2;255;255;255m[48;2;255;255;255m▀[0m[38;2;255;255;255m[48;2;255;255;255m▀[0m[38;2;255;255;255m[48;2;240;244;244m▀[0m[38;2;232;232;232m[48;2;105;109;109m▀[0m[38;2;112;112;112m[48;2;181;181;181m▀[0m[38;2;204;204;204m[48;2;255;255;255m▀[0m[38;2;74;73;70m[48;2;244;243;243m▀[0m[38;2;0;0;0m[48;2;0;0;0m▀[0m[38;2;141;145;145m[48;2;0;0;0m▀[0m
[38;2;12;9;14m[48;2;0;0;0m▀[0m[38;2;10;12;15m[48;2;0;0;0m▀[0m[38;2;0;0;0m[48;2;0;0;0m▀[0m[38;2;1;3;5m[48;2;8;11;10m▀[0m[38;2;65;68;68m[48;2;44;47;46m▀[0m[38;2;69;72;71m[48;2;39;44;41m▀[0m[38;2;65;65;66m[48;2;65;65;65m▀[0m[38;2;41;39;39m[48;2;0;0;0m▀[0m[38;2;0;0;0m[48;2;86;88;88m▀[0m[38;2;88;92;92m[48;2;113;115;116m▀[0m[38;2;167;169;169m[48;2;65;68;68m▀[0m[38;2;114;116;116m[48;2;117;119;122m▀[0m[38;2;21;25;22m[48;2;163;165;166m▀[0m[38;2;201;208;205m[48;2;230;234;234m▀[0m[38;2;255;255;255m[48;2;255;255;255m▀[0m[38;2;255;255;255m[48;2;212;214;217m▀[0m[38;2;255;255;255m[48;2;159;162;162m▀[0m[38;2;38;37;38m[48;2;255;255;255m▀[0m[38;2;0;0;0m[48;2;160;164;164m▀[0m[38;2;255;255;255m[48;2;116;119;119m▀[0m[38;2;255;255;255m[48;2;135;141;141m▀[0m[38;2;255;255;255m[48;2;167;170;170m▀[0m[38;2;255;255;255m[48;2;163;166;166m▀[0m[38;2;255;255;255m[48;2;174;177;177m▀[0m[38;2;255;255;255m[48;2;220;220;220m▀[0m[38;2;255;255;255m[48;2;255;255;255m▀[0m[38;2;255;255;255m[48;2;255;255;255m▀[0m[38;2;255;255;255m[48;2;255;255;255m▀[0m[38;2;255;255;255m[48;2;255;255;255m▀[0m[38;2;255;255;255m[48;2;255;255;255m▀[0m[38;2;255;255;255m[48;2;255;255;255m▀[0m[38;2;255;255;255m[48;2;255;255;255m▀[0m[38;2;255;255;255m[48;2;255;255;255m▀[0m[38;2;255;255;255m[48;2;255;255;255m▀[0m[38;2;255;255;255m[48;2;255;255;255m▀[0m[38;2;255;255;255m[48;2;255;255;255m▀[0m[38;2;255;255;255m[48;2;255;255;255m▀[0m[38;2;255;252;252m[48;2;255;255;255m▀[0m[38;2;200;199;199m[48;2;219;219;216m▀[0m[38;2;219;222;219m[48;2;205;205;205m▀[0m[38;2;255;255;255m[48;2;255;255;255m▀[0m[38;2;241;241;241m[48;2;253;253;253m▀[0m[38;2;234;237;234m[48;2;255;254;254m▀[0m[38;2;255;255;255m[48;2;240;241;238m▀[0m[38;2;79;79;79m[48;2;97;100;100m▀[0m[38;2;30;30;30m[48;2;246;246;244m▀[0m[38;2;0;0;0m[48;2;132;132;135m▀[0m[38;2;0;0;0m[48;2;182;180;183m▀[0m[38;2;0;0;0m[48;2;0;0;0m▀[0m[38;2;255;255;255m[48;2;255;255;255m▀[0m[38;2;0;0;0m[48;2;77;77;77m▀[0m[38;2;203;203;204m[48;2;120;124;123m▀[0m[38;2;239;241;241m[48;2;255;255;255m▀[0m[38;2;238;237;234m[48;2;255;255;255m▀[0m[38;2;255;255;255m[48;2;255;255;255m▀[0m[38;2;255;255;255m[48;2;255;255;255m▀[0m[38;2;255;255;255m[48;2;255;255;255m▀[0m[38;2;255;255;255m[48;2;255;255;255m▀[0m[38;2;255;255;255m[48;2;255;255;255m▀[0m[38;2;255;255;255m[48;2;255;255;255m▀[0m[38;2;255;255;255m[48;2;255;255;255m▀[0m[38;2;255;247;246m[48;2;255;247;246m▀[0m[38;2;255;143;139m[48;2;255;150;143m▀[0m[38;2;255;255;255m[48;2;255;255;255m▀[0m[38;2;255;255;255m[48;2;255;255;255m▀[0m[38;2;255;255;255m[48;2;255;255;255m▀[0m[38;2;255;255;255m[48;2;255;255;255m▀[0m[38;2;255;255;255m[48;2;255;255;255m▀[0m[38;2;255;255;255m[48;2;255;255;255m▀[0m[38;2;142;141;141m[48;2;104;103;103m▀[0m[38;2;168;171;168m[48;2;248;248;245m▀[0m[38;2;191;194;194m[48;2;190;192;192m▀[0m[38;2;231;234;234m[48;2;226;225;225m▀[0m[38;2;199;200;197m[48;2;135;138;138m▀[0m[38;2;6;8;8m[48;2;0;0;0m▀[0m[38;2;0;0;0m[48;2;0;0;0m▀[0m
[38;2;11;15;15m[48;2;98;100;100m▀[0m[38;2;0;0;0m[48;2;0;0;0m▀[0m[38;2;0;0;0m[48;2;0;0;0m▀[0m[38;2;0;0;0m[48;2;0;0;0m▀[0m[38;2;22;22;19m[48;2;16;16;16m▀[0m[38;2;0;0;0m[48;2;0;0;0m▀[0m[38;2;63;63;63m[48;2;68;64;68m▀[0m[38;2;8;10;10m[48;2;23;28;24m▀[0m[38;2;100;104;104m[48;2;91;96;96m▀[0m[38;2;93;98;97m[48;2;0;0;0m▀[0m[38;2;86;90;90m[48;2;42;44;44m▀[0m[38;2;60;62;64m[48;2;38;43;43m▀[0m[38;2;0;0;0m[48;2;20;22;22m▀[0m[38;2;0;0;0m[48;2;56;58;58m▀[0m[38;2;0;0;0m[48;2;63;63;64m▀[0m[38;2;151;153;157m[48;2;209;212;211m▀[0m[38;2;157;160;160m[48;2;255;255;255m▀[0m[38;2;255;255;255m[48;2;255;255;255m▀[0m[38;2;255;255;255m[48;2;255;255;255m▀[0m[38;2;255;255;255m[48;2;122;124;124m▀[0m[38;2;152;155;155m[48;2;0;0;0m▀[0m[38;2;183;183;183m[48;2;200;201;198m▀[0m[38;2;199;198;199m[48;2;255;255;255m▀[0m[38;2;154;153;153m[48;2;255;255;255m▀[0m[38;2;111;114;111m[48;2;255;255;255m▀[0m[38;2;98;98;98m[48;2;255;255;255m▀[0m[38;2;130;129;129m[48;2;219;221;223m▀[0m[38;2;168;168;168m[48;2;199;201;204m▀[0m[38;2;246;246;246m[48;2;89;89;91m▀[0m[38;2;255;255;255m[48;2;55;55;51m▀[0m[38;2;255;255;255m[48;2;249;249;249m▀[0m[38;2;255;255;255m[48;2;255;255;255m▀[0m[38;2;255;255;255m[48;2;255;255;255m▀[0m[38;2;255;255;255m[48;2;255;255;255m▀[0m[38;2;255;255;255m[48;2;255;255;255m▀[0m[38;2;255;255;255m[48;2;255;255;255m▀[0m[38;2;255;255;255m[48;2;255;255;255m▀[0m[38;2;255;255;255m[48;2;255;255;255m▀[0m[38;2;255;255;255m[48;2;255;255;255m▀[0m[38;2;205;205;205m[48;2;251;251;251m▀[0m[38;2;249;249;249m[48;2;252;254;254m▀[0m[38;2;254;254;255m[48;2;255;255;255m▀[0m[38;2;255;255;255m[48;2;255;255;255m▀[0m[38;2;156;155;155m[48;2;61;60;57m▀[0m[38;2;168;170;170m[48;2;138;141;141m▀[0m[38;2;196;199;198m[48;2;124;127;126m▀[0m[38;2;168;171;173m[48;2;74;77;79m▀[0m[38;2;255;255;255m[48;2;170;172;172m▀[0m[38;2;193;193;191m[48;2;255;255;255m▀[0m[38;2;225;222;222m[48;2;8;8;10m▀[0m[38;2;8;10;11m[48;2;0;0;0m▀[0m[38;2;156;156;157m[48;2;255;255;255m▀[0m[38;2;255;255;255m[48;2;255;255;255m▀[0m[38;2;255;255;255m[48;2;255;255;255m▀[0m[38;2;255;255;255m[48;2;255;255;255m▀[0m[38;2;255;255;255m[48;2;255;255;255m▀[0m[38;2;255;255;255m[48;2;255;255;255m▀[0m[38;2;255;255;255m[48;2;255;255;255m▀[0m[38;2;255;255;255m[48;2;255;255;255m▀[0m[38;2;255;255;255m[48;2;255;255;255m▀[0m[38;2;255;255;255m[48;2;255;255;255m▀[0m[38;2;255;243;241m[48;2;255;231;230m▀[0m[38;2;255;162;155m[48;2;255;178;174m▀[0m[38;2;255;255;255m[48;2;255;255;255m▀[0m[38;2;255;255;255m[48;2;255;255;255m▀[0m[38;2;255;255;255m[48;2;255;255;255m▀[0m[38;2;255;255;255m[48;2;255;255;255m▀[0m[38;2;255;255;255m[48;2;249;252;249m▀[0m[38;2;255;255;255m[48;2;145;149;147m▀[0m[38;2;0;0;0m[48;2;24;24;25m▀[0m[38;2;65;64;65m[48;2;0;0;0m▀[0m[38;2;81;79;79m[48;2;0;0;0m▀[0m[38;2;83;85;85m[48;2;0;0;0m▀[0m[38;2;2;2;3m[48;2;0;0;0m▀[0m[38;2;0;0;0m[48;2;0;0;0m▀[0m[38;2;0;0;0m[48;2;0;0;0m▀[0m
[38;2;122;124;124m[48;2;28;30;30m▀[0m[38;2;52;51;51m[48;2;120;123;123m▀[0m[38;2;23;23;23m[48;2;101;108;106m▀[0m[38;2;0;0;0m[48;2;20;20;20m▀[0m[38;2;14;14;14m[48;2;3;5;5m▀[0m[38;2;1;0;0m[48;2;0;0;0m▀[0m[38;2;74;74;76m[48;2;33;31;34m▀[0m[38;2;5;9;6m[48;2;0;0;0m▀[0m[38;2;66;74;74m[48;2;20;23;23m▀[0m[38;2;0;0;0m[48;2;22;24;24m▀[0m[38;2;32;34;34m[48;2;20;22;22m▀[0m[38;2;0;0;0m[48;2;18;20;20m▀[0m[38;2;0;0;0m[48;2;0;0;0m▀[0m[38;2;11;10;10m[48;2;0;0;0m▀[0m[38;2;50;48;51m[48;2;0;0;0m▀[0m[38;2;48;55;54m[48;2;0;0;0m▀[0m[38;2;50;55;55m[48;2;0;0;0m▀[0m[38;2;88;90;90m[48;2;0;0;0m▀[0m[38;2;151;153;154m[48;2;24;27;31m▀[0m[38;2;55;57;59m[48;2;50;52;55m▀[0m[38;2;0;0;0m[48;2;32;34;34m▀[0m[38;2;179;178;178m[48;2;236;240;237m▀[0m[38;2;255;255;255m[48;2;255;255;255m▀[0m[38;2;252;254;252m[48;2;255;255;255m▀[0m[38;2;250;249;249m[48;2;255;255;255m▀[0m[38;2;255;255;255m[48;2;255;255;255m▀[0m[38;2;169;171;173m[48;2;225;230;230m▀[0m[38;2;24;27;27m[48;2;75;78;77m▀[0m[38;2;141;140;140m[48;2;0;0;0m▀[0m[38;2;174;174;176m[48;2;0;0;0m▀[0m[38;2;58;58;55m[48;2;0;0;0m▀[0m[38;2;193;193;187m[48;2;0;0;0m▀[0m[38;2;255;255;255m[48;2;199;203;199m▀[0m[38;2;255;255;255m[48;2;233;233;233m▀[0m[38;2;255;255;255m[48;2;255;255;255m▀[0m[38;2;255;255;255m[48;2;255;255;255m▀[0m[38;2;255;255;255m[48;2;255;255;255m▀[0m[38;2;255;255;255m[48;2;255;255;255m▀[0m[38;2;255;255;255m[48;2;255;255;255m▀[0m[38;2;255;255;255m[48;2;255;255;255m▀[0m[38;2;255;255;255m[48;2;255;255;255m▀[0m[38;2;255;255;255m[48;2;255;255;255m▀[0m[38;2;255;255;255m[48;2;241;241;243m▀[0m[38;2;137;137;133m[48;2;255;255;255m▀[0m[38;2;39;43;39m[48;2;190;194;190m▀[0m[38;2;204;204;205m[48;2;177;177;177m▀[0m[38;2;0;0;0m[48;2;0;0;0m▀[0m[38;2;223;222;222m[48;2;0;0;0m▀[0m[38;2;209;209;207m[48;2;89;92;88m▀[0m[38;2;15;15;16m[48;2;255;255;255m▀[0m[38;2;220;223;222m[48;2;250;252;252m▀[0m[38;2;255;255;255m[48;2;255;255;255m▀[0m[38;2;255;255;255m[48;2;255;255;255m▀[0m[38;2;255;255;255m[48;2;255;255;255m▀[0m[38;2;255;255;255m[48;2;255;255;255m▀[0m[38;2;255;255;255m[48;2;255;255;255m▀[0m[38;2;255;255;255m[48;2;255;255;255m▀[0m[38;2;255;255;255m[48;2;255;255;255m▀[0m[38;2;255;255;255m[48;2;255;255;255m▀[0m[38;2;255;255;255m[48;2;255;255;255m▀[0m[38;2;255;255;255m[48;2;255;255;255m▀[0m[38;2;255;209;206m[48;2;255;189;183m▀[0m[38;2;255;201;198m[48;2;255;226;222m▀[0m[38;2;255;255;255m[48;2;255;255;255m▀[0m[38;2;255;255;255m[48;2;255;255;255m▀[0m[38;2;255;255;255m[48;2;113;115;115m▀[0m[38;2;162;162;162m[48;2;0;0;0m▀[0m[38;2;23;27;27m[48;2;110;110;110m▀[0m[38;2;124;124;122m[48;2;0;0;0m▀[0m[38;2;255;255;255m[48;2;130;132;132m▀[0m[38;2;255;255;255m[48;2;255;255;255m▀[0m[38;2;255;255;255m[48;2;255;255;255m▀[0m[38;2;165;163;166m[48;2;170;174;173m▀[0m[38;2;0;0;0m[48;2;0;0;0m▀[0m[38;2;0;0;0m[48;2;0;0;0m▀[0m[38;2;0;0;0m[48;2;0;0;0m▀[0m
[38;2;2;5;4m[48;2;0;0;0m▀[0m[38;2;41;43;45m[48;2;0;0;0m▀[0m[38;2;60;63;62m[48;2;5;8;8m▀[0m[38;2;0;0;0m[48;2;0;0;0m▀[0m[38;2;4;7;7m[48;2;0;0;0m▀[0m[38;2;0;0;0m[48;2;10;10;10m▀[0m[38;2;10;7;7m[48;2;46;45;45m▀[0m[38;2;0;0;0m[48;2;5;5;5m▀[0m[38;2;4;6;6m[48;2;0;0;0m▀[0m[38;2;41;43;43m[48;2;3;6;6m▀[0m[38;2;8;10;10m[48;2;8;5;5m▀[0m[38;2;34;32;35m[48;2;23;28;28m▀[0m[38;2;0;0;0m[48;2;0;0;0m▀[0m[38;2;0;0;0m[48;2;0;0;0m▀[0m[38;2;0;0;0m[48;2;0;0;0m▀[0m[38;2;78;81;85m[48;2;33;35;39m▀[0m[38;2;199;201;204m[48;2;255;255;255m▀[0m[38;2;255;255;255m[48;2;255;255;255m▀[0m[38;2;172;176;174m[48;2;255;255;255m▀[0m[38;2;0;0;0m[48;2;74;74;74m▀[0m[38;2;0;0;0m[48;2;0;0;0m▀[0m[38;2;0;2;2m[48;2;0;0;0m▀[0m[38;2;51;56;56m[48;2;212;211;211m▀[0m[38;2;69;68;68m[48;2;238;237;237m▀[0m[38;2;85;87;87m[48;2;250;249;249m▀[0m[38;2;109;111;111m[48;2;217;219;219m▀[0m[38;2;165;169;166m[48;2;199;201;201m▀[0m[38;2;189;194;190m[48;2;184;185;182m▀[0m[38;2;0;0;0m[48;2;234;234;234m▀[0m[38;2;0;0;0m[48;2;255;255;255m▀[0m[38;2;81;84;81m[48;2;255;255;255m▀[0m[38;2;150;153;150m[48;2;255;255;255m▀[0m[38;2;197;200;197m[48;2;255;255;255m▀[0m[38;2;173;174;171m[48;2;255;255;255m▀[0m[38;2;239;239;236m[48;2;255;255;255m▀[0m[38;2;255;255;255m[48;2;255;255;255m▀[0m[38;2;255;255;255m[48;2;255;255;255m▀[0m[38;2;255;255;255m[48;2;255;255;255m▀[0m[38;2;255;255;255m[48;2;255;255;255m▀[0m[38;2;255;255;255m[48;2;255;255;255m▀[0m[38;2;255;255;255m[48;2;255;255;255m▀[0m[38;2;255;255;255m[48;2;255;255;255m▀[0m[38;2;250;252;250m[48;2;255;255;255m▀[0m[38;2;233;237;238m[48;2;255;255;255m▀[0m[38;2;255;255;255m[48;2;255;255;255m▀[0m[38;2;228;231;231m[48;2;216;235;236m▀[0m[38;2;91;93;93m[48;2;0;0;0m▀[0m[38;2;8;10;10m[48;2;126;159;164m▀[0m[38;2;255;255;255m[48;2;231;252;255m▀[0m[38;2;255;255;255m[48;2;255;255;255m▀[0m[38;2;255;255;255m[48;2;255;255;255m▀[0m[38;2;255;255;255m[48;2;255;255;255m▀[0m[38;2;255;255;255m[48;2;255;255;255m▀[0m[38;2;255;255;255m[48;2;255;255;255m▀[0m[38;2;255;255;255m[48;2;255;255;255m▀[0m[38;2;255;255;255m[48;2;255;255;255m▀[0m[38;2;255;255;255m[48;2;255;255;255m▀[0m[38;2;255;255;255m[48;2;255;255;255m▀[0m[38;2;255;255;255m[48;2;255;255;255m▀[0m[38;2;255;255;255m[48;2;255;255;255m▀[0m[38;2;255;255;255m[48;2;255;255;255m▀[0m[38;2;255;163;159m[48;2;255;166;163m▀[0m[38;2;255;252;253m[48;2;255;255;255m▀[0m[38;2;255;255;255m[48;2;255;255;255m▀[0m[38;2;255;255;255m[48;2;255;255;255m▀[0m[38;2;174;174;174m[48;2;255;255;255m▀[0m[38;2;0;0;0m[48;2;187;186;186m▀[0m[38;2;0;0;0m[48;2;0;0;0m▀[0m[38;2;0;0;0m[48;2;149;152;152m▀[0m[38;2;255;255;255m[48;2;255;255;255m▀[0m[38;2;255;255;255m[48;2;255;255;255m▀[0m[38;2;179;179;179m[48;2;157;159;157m▀[0m[38;2;123;126;127m[48;2;4;6;4m▀[0m[38;2;0;0;0m[48;2;0;0;0m▀[0m[38;2;0;0;0m[48;2;0;0;0m▀[0m[38;2;0;0;0m[48;2;128;128;128m▀[0m
[38;2;0;0;0m[48;2;56;59;59m▀[0m[38;2;0;0;0m[48;2;25;28;28m▀[0m[38;2;0;0;0m[48;2;0;0;0m▀[0m[38;2;0;0;0m[48;2;0;0;0m▀[0m[38;2;0;0;0m[48;2;0;0;0m▀[0m[38;2;0;0;0m[48;2;0;0;0m▀[0m[38;2;20;20;20m[48;2;0;0;0m▀[0m[38;2;35;35;35m[48;2;16;19;19m▀[0m[38;2;0;0;0m[48;2;3;5;6m▀[0m[38;2;0;0;0m[48;2;0;0;0m▀[0m[38;2;0;0;0m[48;2;0;0;0m▀[0m[38;2;14;18;18m[48;2;6;8;9m▀[0m[38;2;22;21;21m[48;2;0;0;0m▀[0m[38;2;30;33;32m[48;2;15;15;19m▀[0m[38;2;31;32;29m[48;2;15;17;17m▀[0m[38;2;31;33;33m[48;2;106;106;106m▀[0m[38;2;114;116;116m[48;2;84;87;87m▀[0m[38;2;255;255;255m[48;2;71;73;73m▀[0m[38;2;255;255;255m[48;2;232;234;234m▀[0m[38;2;255;255;255m[48;2;255;255;255m▀[0m[38;2;0;0;0m[48;2;255;255;255m▀[0m[38;2;0;0;0m[48;2;0;0;0m▀[0m[38;2;255;255;255m[48;2;5;5;5m▀[0m[38;2;255;255;255m[48;2;255;255;255m▀[0m[38;2;255;255;255m[48;2;255;255;255m▀[0m[38;2;255;255;255m[48;2;255;255;255m▀[0m[38;2;255;255;255m[48;2;255;255;255m▀[0m[38;2;255;255;255m[48;2;255;255;255m▀[0m[38;2;255;255;255m[48;2;255;255;255m▀[0m[38;2;255;255;255m[48;2;255;255;255m▀[0m[38;2;255;255;255m[48;2;255;255;255m▀[0m[38;2;255;255;255m[48;2;255;255;255m▀[0m[38;2;255;255;255m[48;2;255;255;255m▀[0m[38;2;255;255;255m[48;2;255;255;255m▀[0m[38;2;255;255;255m[48;2;255;255;255m▀[0m[38;2;255;255;255m[48;2;255;255;255m▀[0m[38;2;255;255;255m[48;2;255;255;255m▀[0m[38;2;255;255;255m[48;2;255;255;255m▀[0m[38;2;255;255;255m[48;2;255;255;255m▀[0m[38;2;255;255;255m[48;2;255;255;255m▀[0m[38;2;255;255;255m[48;2;255;255;255m▀[0m[38;2;255;255;255m[48;2;255;255;255m▀[0m[38;2;255;255;255m[48;2;255;255;255m▀[0m[38;2;255;255;255m[48;2;255;184;176m▀[0m[38;2;255;255;255m[48;2;253;91;74m▀[0m[38;2;162;136;129m[48;2;192;46;35m▀[0m[38;2;21;0;0m[48;2;136;114;113m▀[0m[38;2;122;54;49m[48;2;197;27;29m▀[0m[38;2;203;189;187m[48;2;193;0;0m▀[0m[38;2;255;255;255m[48;2;255;174;157m▀[0m[38;2;255;255;255m[48;2;255;255;255m▀[0m[38;2;255;255;255m[48;2;255;255;255m▀[0m[38;2;255;255;255m[48;2;255;255;255m▀[0m[38;2;255;255;255m[48;2;255;255;255m▀[0m[38;2;255;255;255m[48;2;253;255;255m▀[0m[38;2;255;255;255m[48;2;255;255;255m▀[0m[38;2;255;255;255m[48;2;255;255;255m▀[0m[38;2;255;255;255m[48;2;255;255;255m▀[0m[38;2;255;255;255m[48;2;255;255;255m▀[0m[38;2;255;255;255m[48;2;255;255;255m▀[0m[38;2;255;255;255m[48;2;255;218;216m▀[0m[38;2;255;181;179m[48;2;255;243;240m▀[0m[38;2;255;255;255m[48;2;198;233;234m▀[0m[38;2;255;255;255m[48;2;139;141;141m▀[0m[38;2;255;255;255m[48;2;156;156;154m▀[0m[38;2;239;240;237m[48;2;176;177;172m▀[0m[38;2;49;52;52m[48;2;255;255;255m▀[0m[38;2;0;0;0m[48;2;255;255;255m▀[0m[38;2;0;0;0m[48;2;0;0;0m▀[0m[38;2;0;0;0m[48;2;0;0;0m▀[0m[38;2;0;0;0m[48;2;0;0;0m▀[0m[38;2;0;0;0m[48;2;0;0;0m▀[0m[38;2;0;0;0m[48;2;0;0;0m▀[0m[38;2;0;0;0m[48;2;34;34;36m▀[0m[38;2;114;117;117m[48;2;255;255;255m▀[0m[38;2;255;255;255m[48;2;37;41;41m▀[0m
[38;2;96;99;99m[48;2;0;0;0m▀[0m[38;2;136;138;139m[48;2;0;0;0m▀[0m[38;2;144;147;144m[48;2;0;0;0m▀[0m[38;2;146;145;145m[48;2;89;88;88m▀[0m[38;2;155;158;155m[48;2;100;100;100m▀[0m[38;2;129;131;131m[48;2;102;101;101m▀[0m[38;2;112;112;114m[48;2;108;106;106m▀[0m[38;2;55;58;58m[48;2;49;54;50m▀[0m[38;2;6;8;6m[48;2;86;88;93m▀[0m[38;2;2;5;5m[48;2;59;57;60m▀[0m[38;2;9;8;8m[48;2;9;12;9m▀[0m[38;2;0;0;0m[48;2;33;32;32m▀[0m[38;2;0;0;0m[48;2;9;9;10m▀[0m[38;2;0;0;0m[48;2;0;0;0m▀[0m[38;2;0;0;0m[48;2;0;0;0m▀[0m[38;2;0;0;0m[48;2;191;193;198m▀[0m[38;2;12;15;15m[48;2;49;51;52m▀[0m[38;2;34;36;36m[48;2;45;47;47m▀[0m[38;2;41;42;38m[48;2;101;102;99m▀[0m[38;2;178;180;181m[48;2;52;55;52m▀[0m[38;2;255;255;255m[48;2;87;87;87m▀[0m[38;2;255;255;255m[48;2;227;228;224m▀[0m[38;2;62;59;62m[48;2;255;255;255m▀[0m[38;2;9;6;6m[48;2;200;200;200m▀[0m[38;2;255;255;250m[48;2;85;85;82m▀[0m[38;2;255;255;255m[48;2;156;156;154m▀[0m[38;2;255;255;255m[48;2;233;233;234m▀[0m[38;2;255;255;255m[48;2;255;255;255m▀[0m[38;2;255;255;255m[48;2;255;255;255m▀[0m[38;2;255;255;255m[48;2;255;255;255m▀[0m[38;2;255;255;255m[48;2;255;255;255m▀[0m[38;2;255;255;255m[48;2;255;255;255m▀[0m[38;2;255;255;255m[48;2;255;255;255m▀[0m[38;2;254;254;254m[48;2;254;255;255m▀[0m[38;2;255;255;255m[48;2;251;253;251m▀[0m[38;2;254;255;255m[48;2;255;255;255m▀[0m[38;2;255;255;255m[48;2;255;255;255m▀[0m[38;2;255;255;255m[48;2;255;255;255m▀[0m[38;2;255;255;255m[48;2;255;255;255m▀[0m[38;2;255;255;255m[48;2;255;255;255m▀[0m[38;2;255;255;255m[48;2;255;255;255m▀[0m[38;2;255;232;224m[48;2;128;0;0m▀[0m[38;2;192;0;0m[48;2;0;0;0m▀[0m[38;2;0;0;0m[48;2;0;0;0m▀[0m[38;2;0;0;0m[48;2;0;0;0m▀[0m[38;2;190;238;238m[48;2;156;101;89m▀[0m[38;2;255;255;255m[48;2;255;255;255m▀[0m[38;2;255;255;255m[48;2;255;255;255m▀[0m[38;2;255;255;255m[48;2;235;255;255m▀[0m[38;2;17;0;0m[48;2;28;64;68m▀[0m[38;2;255;185;166m[48;2;62;0;0m▀[0m[38;2;255;255;255m[48;2;255;255;255m▀[0m[38;2;255;255;255m[48;2;255;255;255m▀[0m[38;2;254;255;255m[48;2;255;255;255m▀[0m[38;2;255;255;255m[48;2;255;255;255m▀[0m[38;2;241;241;244m[48;2;219;219;216m▀[0m[38;2;252;254;254m[48;2;226;228;228m▀[0m[38;2;255;255;255m[48;2;255;255;255m▀[0m[38;2;255;255;255m[48;2;240;247;247m▀[0m[38;2;255;255;255m[48;2;128;138;138m▀[0m[38;2;255;114;106m[48;2;0;0;0m▀[0m[38;2;52;3;0m[48;2;28;42;38m▀[0m[38;2;22;50;51m[48;2;133;141;139m▀[0m[38;2;183;187;187m[48;2;0;0;0m▀[0m[38;2;255;255;255m[48;2;59;61;61m▀[0m[38;2;255;255;255m[48;2;255;255;255m▀[0m[38;2;255;255;255m[48;2;255;255;255m▀[0m[38;2;255;255;255m[48;2;182;181;181m▀[0m[38;2;64;66;66m[48;2;0;0;0m▀[0m[38;2;0;0;0m[48;2;0;0;0m▀[0m[38;2;0;0;0m[48;2;0;0;0m▀[0m[38;2;0;0;0m[48;2;0;0;0m▀[0m[38;2;3;3;1m[48;2;249;255;252m▀[0m[38;2;255;255;255m[48;2;57;57;57m▀[0m[38;2;52;56;52m[48;2;0;0;0m▀[0m[38;2;0;0;0m[48;2;0;0;0m▀[0m
[38;2;0;0;0m[48;2;0;0;0m▀[0m[38;2;0;0;0m[48;2;0;0;0m▀[0m[38;2;11;10;11m[48;2;0;0;0m▀[0m[38;2;166;167;164m[48;2;113;116;113m▀[0m[38;2;10;10;12m[48;2;0;0;0m▀[0m[38;2;73;71;74m[48;2;0;0;0m▀[0m[38;2;145;144;144m[48;2;0;0;0m▀[0m[38;2;211;211;212m[48;2;88;90;95m▀[0m[38;2;216;219;220m[48;2;0;0;0m▀[0m[38;2;22;20;23m[48;2;0;0;0m▀[0m[38;2;0;0;0m[48;2;0;0;0m▀[0m[38;2;1;0;2m[48;2;0;0;0m▀[0m[38;2;24;27;27m[48;2;0;0;0m▀[0m[38;2;31;31;33m[48;2;0;0;0m▀[0m[38;2;0;0;0m[48;2;19;19;19m▀[0m[38;2;104;104;106m[48;2;0;0;0m▀[0m[38;2;231;234;238m[48;2;0;0;0m▀[0m[38;2;23;25;25m[48;2;46;44;47m▀[0m[38;2;29;31;31m[48;2;0;0;0m▀[0m[38;2;95;93;95m[48;2;0;0;0m▀[0m[38;2;93;93;88m[48;2;70;72;74m▀[0m[38;2;5;8;5m[48;2;41;39;39m▀[0m[38;2;50;52;52m[48;2;93;97;97m▀[0m[38;2;255;255;255m[48;2;255;255;255m▀[0m[38;2;255;255;255m[48;2;255;255;255m▀[0m[38;2;255;255;255m[48;2;255;255;255m▀[0m[38;2;66;66;64m[48;2;132;137;138m▀[0m[38;2;6;9;10m[48;2;29;35;34m▀[0m[38;2;110;113;112m[48;2;41;43;45m▀[0m[38;2;160;164;163m[48;2;72;74;76m▀[0m[38;2;255;255;255m[48;2;18;18;16m▀[0m[38;2;255;255;255m[48;2;69;72;69m▀[0m[38;2;255;255;255m[48;2;190;190;190m▀[0m[38;2;255;255;255m[48;2;244;247;247m▀[0m[38;2;251;254;254m[48;2;255;255;255m▀[0m[38;2;255;255;255m[48;2;253;255;253m▀[0m[38;2;255;255;255m[48;2;253;253;254m▀[0m[38;2;255;255;255m[48;2;251;254;251m▀[0m[38;2;255;255;255m[48;2;255;255;255m▀[0m[38;2;255;255;255m[48;2;255;255;255m▀[0m[38;2;162;123;118m[48;2;0;0;0m▀[0m[38;2;0;0;0m[48;2;0;0;0m▀[0m[38;2;143;0;0m[48;2;255;0;0m▀[0m[38;2;166;0;0m[48;2;63;0;0m▀[0m[38;2;0;0;0m[48;2;0;0;0m▀[0m[38;2;0;0;0m[48;2;255;55;52m▀[0m[38;2;174;173;174m[48;2;99;122;120m▀[0m[38;2;255;255;255m[48;2;255;255;255m▀[0m[38;2;0;0;0m[48;2;101;104;104m▀[0m[38;2;27;55;55m[48;2;0;0;0m▀[0m[38;2;157;19;16m[48;2;187;125;124m▀[0m[38;2;196;143;139m[48;2;138;76;75m▀[0m[38;2;255;255;255m[48;2;255;255;255m▀[0m[38;2;255;255;255m[48;2;255;255;255m▀[0m[38;2;255;255;255m[48;2;255;255;255m▀[0m[38;2;239;238;236m[48;2;198;198;196m▀[0m[38;2;205;208;208m[48;2;206;206;206m▀[0m[38;2;218;222;222m[48;2;255;255;255m▀[0m[38;2;144;144;141m[48;2;255;255;255m▀[0m[38;2;156;156;156m[48;2;255;255;255m▀[0m[38;2;42;56;52m[48;2;223;221;224m▀[0m[38;2;0;0;0m[48;2;52;55;59m▀[0m[38;2;0;0;0m[48;2;64;64;65m▀[0m[38;2;0;0;0m[48;2;69;71;71m▀[0m[38;2;255;255;255m[48;2;110;112;112m▀[0m[38;2;255;255;255m[48;2;47;47;45m▀[0m[38;2;243;246;245m[48;2;0;0;0m▀[0m[38;2;30;30;32m[48;2;0;0;0m▀[0m[38;2;0;0;0m[48;2;0;0;0m▀[0m[38;2;0;0;0m[48;2;62;62;60m▀[0m[38;2;11;15;14m[48;2;255;255;255m▀[0m[38;2;220;222;222m[48;2;114;115;112m▀[0m[38;2;46;46;46m[48;2;72;72;72m▀[0m[38;2;0;0;0m[48;2;119;119;119m▀[0m[38;2;0;0;0m[48;2;72;72;74m▀[0m[38;2;81;84;84m[48;2;32;32;32m▀[0m
[38;2;0;0;0m[48;2;252;255;255m▀[0m[38;2;234;234;234m[48;2;203;206;206m▀[0m[38;2;157;156;156m[48;2;15;12;16m▀[0m[38;2;174;174;174m[48;2;0;0;0m▀[0m[38;2;15;15;12m[48;2;0;0;0m▀[0m[38;2;0;0;0m[48;2;17;15;18m▀[0m[38;2;126;130;133m[48;2;170;173;176m▀[0m[38;2;0;0;0m[48;2;0;0;0m▀[0m[38;2;0;0;0m[48;2;3;3;1m▀[0m[38;2;0;0;0m[48;2;8;10;10m▀[0m[38;2;8;8;8m[48;2;20;23;23m▀[0m[38;2;8;8;8m[48;2;34;34;34m▀[0m[38;2;0;0;0m[48;2;44;44;44m▀[0m[38;2;0;0;0m[48;2;29;31;31m▀[0m[38;2;0;0;0m[48;2;3;3;3m▀[0m[38;2;5;5;5m[48;2;0;0;0m▀[0m[38;2;0;0;0m[48;2;0;0;0m▀[0m[38;2;0;0;0m[48;2;24;24;24m▀[0m[38;2;0;0;0m[48;2;50;50;50m▀[0m[38;2;0;0;0m[48;2;36;36;36m▀[0m[38;2;22;25;25m[48;2;0;0;0m▀[0m[38;2;37;37;37m[48;2;27;27;27m▀[0m[38;2;114;120;117m[48;2;42;45;45m▀[0m[38;2;179;182;181m[48;2;0;0;0m▀[0m[38;2;182;185;186m[48;2;0;0;0m▀[0m[38;2;149;151;151m[48;2;0;0;0m▀[0m[38;2;39;42;42m[48;2;0;0;0m▀[0m[38;2;60;64;64m[48;2;0;0;0m▀[0m[38;2;0;0;0m[48;2;77;79;79m▀[0m[38;2;0;0;0m[48;2;0;0;0m▀[0m[38;2;0;0;0m[48;2;0;0;0m▀[0m[38;2;0;0;0m[48;2;91;91;91m▀[0m[38;2;144;142;139m[48;2;255;255;255m▀[0m[38;2;106;106;100m[48;2;255;255;255m▀[0m[38;2;193;193;190m[48;2;255;255;255m▀[0m[38;2;230;230;230m[48;2;219;219;219m▀[0m[38;2;253;253;254m[48;2;237;237;238m▀[0m[38;2;255;255;255m[48;2;255;255;255m▀[0m[38;2;255;255;255m[48;2;255;255;255m▀[0m[38;2;170;126;125m[48;2;72;46;43m▀[0m[38;2;0;0;0m[48;2;19;0;0m▀[0m[38;2;0;0;0m[48;2;84;115;115m▀[0m[38;2;183;179;174m[48;2;75;96;92m▀[0m[38;2;155;11;10m[48;2;199;84;82m▀[0m[38;2;0;0;0m[48;2;0;0;0m▀[0m[38;2;165;157;153m[48;2;255;255;255m▀[0m[38;2;138;163;163m[48;2;255;255;255m▀[0m[38;2;255;255;255m[48;2;216;216;217m▀[0m[38;2;204;208;208m[48;2;206;206;206m▀[0m[38;2;8;16;17m[48;2;72;76;76m▀[0m[38;2;152;158;159m[48;2;151;153;154m▀[0m[38;2;151;153;151m[48;2;90;97;93m▀[0m[38;2;255;255;255m[48;2;255;255;255m▀[0m[38;2;255;255;255m[48;2;255;255;255m▀[0m[38;2;255;255;255m[48;2;255;255;255m▀[0m[38;2;194;194;194m[48;2;205;208;208m▀[0m[38;2;248;248;246m[48;2;255;255;255m▀[0m[38;2;255;255;255m[48;2;115;115;115m▀[0m[38;2;132;135;136m[48;2;0;0;0m▀[0m[38;2;0;0;0m[48;2;102;102;104m▀[0m[38;2;0;0;0m[48;2;16;15;15m▀[0m[38;2;30;32;34m[48;2;0;0;0m▀[0m[38;2;129;132;133m[48;2;9;7;10m▀[0m[38;2;126;130;130m[48;2;7;9;9m▀[0m[38;2;69;73;70m[48;2;0;0;0m▀[0m[38;2;0;0;0m[48;2;0;0;0m▀[0m[38;2;0;0;0m[48;2;0;0;0m▀[0m[38;2;0;0;0m[48;2;65;68;70m▀[0m[38;2;88;90;90m[48;2;32;32;32m▀[0m[38;2;0;0;0m[48;2;0;0;0m▀[0m[38;2;0;0;0m[48;2;52;51;51m▀[0m[38;2;0;0;0m[48;2;122;124;124m▀[0m[38;2;0;0;0m[48;2;212;219;216m▀[0m[38;2;17;17;17m[48;2;227;226;226m▀[0m[38;2;143;143;143m[48;2;116;116;116m▀[0m[38;2;55;55;55m[48;2;102;102;100m▀[0m
[38;2;19;19;21m[48;2;0;0;0m▀[0m[38;2;0;0;0m[48;2;0;0;0m▀[0m[38;2;0;0;0m[48;2;0;0;0m▀[0m[38;2;0;0;0m[48;2;29;32;29m▀[0m[38;2;0;0;0m[48;2;116;116;116m▀[0m[38;2;141;139;142m[48;2;129;132;131m▀[0m[38;2;120;120;120m[48;2;0;0;0m▀[0m[38;2;0;0;0m[48;2;0;0;0m▀[0m[38;2;0;0;0m[48;2;0;0;0m▀[0m[38;2;0;0;0m[48;2;0;0;0m▀[0m[38;2;0;0;0m[48;2;0;0;0m▀[0m[38;2;0;0;0m[48;2;0;0;0m▀[0m[38;2;0;0;0m[48;2;0;0;0m▀[0m[38;2;9;9;9m[48;2;0;0;0m▀[0m[38;2;32;35;35m[48;2;0;0;0m▀[0m[38;2;57;59;59m[48;2;15;11;11m▀[0m[38;2;35;35;35m[48;2;87;87;89m▀[0m[38;2;0;0;0m[48;2;114;114;115m▀[0m[38;2;7;7;7m[48;2;27;27;27m▀[0m[38;2;77;77;74m[48;2;0;0;0m▀[0m[38;2;77;81;77m[48;2;0;0;0m▀[0m[38;2;45;44;42m[48;2;0;0;0m▀[0m[38;2;65;65;65m[48;2;0;0;0m▀[0m[38;2;55;58;58m[48;2;0;0;0m▀[0m[38;2;0;0;0m[48;2;9;9;7m▀[0m[38;2;0;0;0m[48;2;21;23;23m▀[0m[38;2;8;11;11m[48;2;12;15;15m▀[0m[38;2;35;37;37m[48;2;0;0;0m▀[0m[38;2;44;41;41m[48;2;0;0;0m▀[0m[38;2;90;92;93m[48;2;11;14;15m▀[0m[38;2;255;255;255m[48;2;153;153;153m▀[0m[38;2;255;255;255m[48;2;255;255;255m▀[0m[38;2;255;255;255m[48;2;255;255;255m▀[0m[38;2;255;255;255m[48;2;255;255;255m▀[0m[38;2;255;255;255m[48;2;207;206;206m▀[0m[38;2;204;204;204m[48;2;227;231;227m▀[0m[38;2;245;245;245m[48;2;255;255;255m▀[0m[38;2;255;255;255m[48;2;255;255;255m▀[0m[38;2;255;255;255m[48;2;145;153;156m▀[0m[38;2;50;16;10m[48;2;0;0;0m▀[0m[38;2;104;59;54m[48;2;124;128;128m▀[0m[38;2;187;213;217m[48;2;193;199;199m▀[0m[38;2;0;0;1m[48;2;122;124;122m▀[0m[38;2;116;132;130m[48;2;195;198;198m▀[0m[38;2;38;50;47m[48;2;136;142;139m▀[0m[38;2;255;255;255m[48;2;218;221;220m▀[0m[38;2;255;255;255m[48;2;255;255;255m▀[0m[38;2;169;168;169m[48;2;144;143;144m▀[0m[38;2;211;210;208m[48;2;236;235;236m▀[0m[38;2;163;164;160m[48;2;9;12;9m▀[0m[38;2;99;99;100m[48;2;30;29;29m▀[0m[38;2;9;9;9m[48;2;73;73;73m▀[0m[38;2;255;255;255m[48;2;0;0;0m▀[0m[38;2;255;255;255m[48;2;190;192;192m▀[0m[38;2;255;255;255m[48;2;222;222;222m▀[0m[38;2;69;72;72m[48;2;71;71;71m▀[0m[38;2;46;46;46m[48;2;0;0;0m▀[0m[38;2;0;0;0m[48;2;0;0;0m▀[0m[38;2;0;0;0m[48;2;0;0;0m▀[0m[38;2;46;46;48m[48;2;0;0;0m▀[0m[38;2;12;15;15m[48;2;0;0;0m▀[0m[38;2;0;0;0m[48;2;0;0;0m▀[0m[38;2;0;0;0m[48;2;29;31;31m▀[0m[38;2;0;0;0m[48;2;74;76;76m▀[0m[38;2;0;0;0m[48;2;0;0;0m▀[0m[38;2;17;16;16m[48;2;3;4;1m▀[0m[38;2;90;93;93m[48;2;55;57;57m▀[0m[38;2;106;109;109m[48;2;136;138;140m▀[0m[38;2;150;152;152m[48;2;115;117;119m▀[0m[38;2;241;244;246m[48;2;181;183;183m▀[0m[38;2;253;255;255m[48;2;238;243;239m▀[0m[38;2;247;250;250m[48;2;247;250;250m▀[0m[38;2;255;255;255m[48;2;177;179;181m▀[0m[38;2;255;255;255m[48;2;0;0;0m▀[0m[38;2;185;187;187m[48;2;0;0;0m▀[0m[38;2;12;16;15m[48;2;14;16;17m▀[0m
[38;2;0;0;0m[48;2;0;0;0m▀[0m[38;2;0;0;0m[48;2;84;90;90m▀[0m[38;2;21;21;22m[48;2;22;24;24m▀[0m[38;2;37;37;37m[48;2;0;0;0m▀[0m[38;2;0;0;0m[48;2;0;2;2m▀[0m[38;2;0;0;0m[48;2;15;15;15m▀[0m[38;2;0;0;0m[48;2;0;2;2m▀[0m[38;2;0;0;0m[48;2;122;122;124m▀[0m[38;2;0;0;0m[48;2;163;169;169m▀[0m[38;2;0;0;0m[48;2;110;114;114m▀[0m[38;2;0;0;0m[48;2;43;45;45m▀[0m[38;2;0;0;0m[48;2;15;17;15m▀[0m[38;2;0;0;0m[48;2;0;0;0m▀[0m[38;2;15;15;15m[48;2;0;0;0m▀[0m[38;2;6;6;6m[48;2;25;24;24m▀[0m[38;2;0;0;0m[48;2;0;0;0m▀[0m[38;2;0;0;0m[48;2;8;7;7m▀[0m[38;2;46;46;46m[48;2;0;0;0m▀[0m[38;2;129;132;132m[48;2;7;7;9m▀[0m[38;2;68;68;68m[48;2;115;115;115m▀[0m[38;2;0;0;0m[48;2;73;73;73m▀[0m[38;2;0;0;0m[48;2;0;0;0m▀[0m[38;2;0;0;0m[48;2;0;0;0m▀[0m[38;2;0;0;0m[48;2;41;41;42m▀[0m[38;2;0;0;0m[48;2;48;48;49m▀[0m[38;2;0;0;0m[48;2;52;56;55m▀[0m[38;2;0;0;0m[48;2;22;20;23m▀[0m[38;2;0;0;0m[48;2;0;0;0m▀[0m[38;2;0;0;0m[48;2;0;0;0m▀[0m[38;2;0;0;0m[48;2;0;0;0m▀[0m[38;2;0;0;0m[48;2;0;0;0m▀[0m[38;2;0;0;0m[48;2;0;0;0m▀[0m[38;2;10;10;10m[48;2;0;0;0m▀[0m[38;2;156;155;152m[48;2;76;77;74m▀[0m[38;2;255;255;255m[48;2;110;112;112m▀[0m[38;2;255;255;255m[48;2;255;255;255m▀[0m[38;2;142;151;151m[48;2;0;0;0m▀[0m[38;2;10;15;14m[48;2;0;0;0m▀[0m[38;2;0;0;0m[48;2;0;0;0m▀[0m[38;2;0;0;0m[48;2;0;0;0m▀[0m[38;2;108;112;112m[48;2;120;120;120m▀[0m[38;2;218;221;220m[48;2;123;126;126m▀[0m[38;2;163;166;163m[48;2;200;201;198m▀[0m[38;2;255;255;255m[48;2;74;77;77m▀[0m[38;2;96;99;99m[48;2;0;0;0m▀[0m[38;2;223;225;225m[48;2;189;191;193m▀[0m[38;2;228;231;231m[48;2;243;240;244m▀[0m[38;2;159;162;162m[48;2;156;158;156m▀[0m[38;2;178;177;177m[48;2;98;97;97m▀[0m[38;2;0;0;0m[48;2;168;170;170m▀[0m[38;2;119;122;122m[48;2;104;104;104m▀[0m[38;2;182;182;182m[48;2;252;251;252m▀[0m[38;2;0;0;0m[48;2;0;0;0m▀[0m[38;2;165;164;162m[48;2;60;60;60m▀[0m[38;2;255;255;255m[48;2;255;255;255m▀[0m[38;2;0;0;0m[48;2;0;0;0m▀[0m[38;2;0;0;0m[48;2;0;0;0m▀[0m[38;2;35;38;41m[48;2;55;58;58m▀[0m[38;2;0;0;0m[48;2;38;41;41m▀[0m[38;2;7;10;10m[48;2;6;8;8m▀[0m[38;2;0;0;0m[48;2;0;0;0m▀[0m[38;2;0;0;0m[48;2;0;0;0m▀[0m[38;2;82;81;81m[48;2;104;108;108m▀[0m[38;2;122;125;125m[48;2;88;91;91m▀[0m[38;2;89;88;89m[48;2;82;82;82m▀[0m[38;2;74;76;76m[48;2;71;71;73m▀[0m[38;2;51;54;54m[48;2;108;110;111m▀[0m[38;2;29;31;31m[48;2;237;241;245m▀[0m[38;2;115;117;122m[48;2;238;243;243m▀[0m[38;2;252;255;255m[48;2;66;69;69m▀[0m[38;2;196;198;198m[48;2;4;6;6m▀[0m[38;2;51;48;48m[48;2;0;0;0m▀[0m[38;2;0;0;0m[48;2;0;0;0m▀[0m[38;2;0;0;0m[48;2;158;162;160m▀[0m[38;2;222;228;227m[48;2;154;153;153m▀[0m[38;2;233;237;240m[48;2;141;143;143m▀[0m
[38;2;41;39;39m[48;2;149;153;153m▀[0m[38;2;111;114;113m[48;2;5;5;7m▀[0m[38;2;0;0;0m[48;2;0;0;0m▀[0m[38;2;25;28;25m[48;2;0;0;0m▀[0m[38;2;2;1;1m[48;2;0;0;0m▀[0m[38;2;0;0;0m[48;2;38;37;38m▀[0m[38;2;0;0;0m[48;2;160;160;160m▀[0m[38;2;4;4;5m[48;2;177;179;177m▀[0m[38;2;0;0;0m[48;2;103;105;105m▀[0m[38;2;0;0;0m[48;2;0;0;0m▀[0m[38;2;3;5;5m[48;2;0;0;0m▀[0m[38;2;30;30;31m[48;2;0;0;0m▀[0m[38;2;22;22;22m[48;2;0;0;0m▀[0m[38;2;0;0;0m[48;2;0;0;0m▀[0m[38;2;0;0;0m[48;2;0;0;0m▀[0m[38;2;25;29;29m[48;2;0;0;0m▀[0m[38;2;38;38;36m[48;2;24;23;23m▀[0m[38;2;92;92;90m[48;2;32;36;36m▀[0m[38;2;44;46;46m[48;2;101;103;103m▀[0m[38;2;6;9;9m[48;2;68;68;68m▀[0m[38;2;83;83;83m[48;2;0;0;0m▀[0m[38;2;69;68;69m[48;2;48;50;51m▀[0m[38;2;0;0;0m[48;2;51;52;49m▀[0m[38;2;17;17;18m[48;2;0;0;0m▀[0m[38;2;59;61;63m[48;2;0;0;0m▀[0m[38;2;84;87;88m[48;2;0;0;0m▀[0m[38;2;55;57;58m[48;2;0;0;0m▀[0m[38;2;0;0;0m[48;2;0;0;0m▀[0m[38;2;0;0;0m[48;2;0;0;0m▀[0m[38;2;0;0;0m[48;2;36;38;41m▀[0m[38;2;21;24;23m[48;2;8;10;10m▀[0m[38;2;0;0;0m[48;2;0;0;0m▀[0m[38;2;0;0;0m[48;2;20;22;23m▀[0m[38;2;0;0;0m[48;2;0;0;0m▀[0m[38;2;0;0;0m[48;2;0;0;0m▀[0m[38;2;176;178;176m[48;2;219;219;219m▀[0m[38;2;0;0;0m[48;2;0;0;0m▀[0m[38;2;0;0;0m[48;2;0;0;0m▀[0m[38;2;0;0;0m[48;2;0;0;0m▀[0m[38;2;0;0;0m[48;2;0;0;0m▀[0m[38;2;149;151;151m[48;2;103;105;105m▀[0m[38;2;91;93;93m[48;2;160;165;162m▀[0m[38;2;185;190;190m[48;2;158;163;163m▀[0m[38;2;166;168;168m[48;2;140;142;142m▀[0m[38;2;39;41;37m[48;2;179;178;178m▀[0m[38;2;43;43;43m[48;2;11;10;10m▀[0m[38;2;164;170;171m[48;2;83;83;81m▀[0m[38;2;118;120;120m[48;2;245;244;240m▀[0m[38;2;123;124;120m[48;2;159;162;162m▀[0m[38;2;130;132;133m[48;2;84;86;86m▀[0m[38;2;106;108;104m[48;2;25;28;28m▀[0m[38;2;246;248;249m[48;2;29;28;29m▀[0m[38;2;0;0;0m[48;2;0;0;0m▀[0m[38;2;97;100;100m[48;2;0;0;0m▀[0m[38;2;255;255;255m[48;2;0;0;0m▀[0m[38;2;0;0;0m[48;2;0;0;0m▀[0m[38;2;0;0;0m[48;2;0;0;0m▀[0m[38;2;14;14;14m[48;2;0;0;0m▀[0m[38;2;109;111;111m[48;2;149;152;151m▀[0m[38;2;9;14;14m[48;2;39;42;44m▀[0m[38;2;0;0;0m[48;2;0;0;0m▀[0m[38;2;9;8;8m[48;2;0;0;0m▀[0m[38;2;190;193;194m[48;2;127;130;132m▀[0m[38;2;112;112;109m[48;2;85;88;87m▀[0m[38;2;123;125;123m[48;2;112;112;112m▀[0m[38;2;190;193;193m[48;2;47;47;47m▀[0m[38;2;231;234;234m[48;2;0;0;0m▀[0m[38;2;88;90;90m[48;2;11;11;11m▀[0m[38;2;0;0;0m[48;2;173;176;176m▀[0m[38;2;78;81;81m[48;2;20;22;22m▀[0m[38;2;29;31;33m[48;2;7;8;5m▀[0m[38;2;0;0;0m[48;2;226;227;221m▀[0m[38;2;132;135;137m[48;2;255;255;255m▀[0m[38;2;179;179;177m[48;2;150;152;152m▀[0m[38;2;255;255;255m[48;2;2;1;0m▀[0m[38;2;156;155;155m[48;2;0;0;0m▀[0m
[38;2;73;75;77m[48;2;0;0;0m▀[0m[38;2;0;0;0m[48;2;5;5;6m▀[0m[38;2;0;0;0m[48;2;93;98;98m▀[0m[38;2;0;0;0m[48;2;217;219;221m▀[0m[38;2;95;101;98m[48;2;183;186;183m▀[0m[38;2;251;255;254m[48;2;125;127;127m▀[0m[38;2;206;208;209m[48;2;156;160;159m▀[0m[38;2;156;156;154m[48;2;237;240;239m▀[0m[38;2;186;187;184m[48;2;224;227;227m▀[0m[38;2;197;198;195m[48;2;217;219;219m▀[0m[38;2;173;176;176m[48;2;223;225;225m▀[0m[38;2;153;155;155m[48;2;216;218;218m▀[0m[38;2;84;86;86m[48;2;206;209;209m▀[0m[38;2;43;43;41m[48;2;181;183;183m▀[0m[38;2;0;0;0m[48;2;219;218;218m▀[0m[38;2;0;0;0m[48;2;165;165;165m▀[0m[38;2;0;0;0m[48;2;0;0;0m▀[0m[38;2;22;24;24m[48;2;0;0;0m▀[0m[38;2;28;27;27m[48;2;27;29;29m▀[0m[38;2;95;97;97m[48;2;5;7;7m▀[0m[38;2;76;76;76m[48;2;47;50;50m▀[0m[38;2;0;0;0m[48;2;17;15;18m▀[0m[38;2;11;11;11m[48;2;0;0;0m▀[0m[38;2;0;0;0m[48;2;0;0;0m▀[0m[38;2;0;0;0m[48;2;10;14;12m▀[0m[38;2;0;0;0m[48;2;52;52;58m▀[0m[38;2;0;0;0m[48;2;43;43;47m▀[0m[38;2;0;0;0m[48;2;28;25;29m▀[0m[38;2;24;27;31m[48;2;73;75;73m▀[0m[38;2;75;77;79m[48;2;70;72;74m▀[0m[38;2;0;0;0m[48;2;0;0;0m▀[0m[38;2;2;5;4m[48;2;46;49;48m▀[0m[38;2;16;16;20m[48;2;38;42;42m▀[0m[38;2;0;0;0m[48;2;0;0;0m▀[0m[38;2;22;21;22m[48;2;5;5;5m▀[0m[38;2;255;255;255m[48;2;255;255;255m▀[0m[38;2;0;0;0m[48;2;0;0;0m▀[0m[38;2;0;0;0m[48;2;0;0;0m▀[0m[38;2;0;0;0m[48;2;0;0;0m▀[0m[38;2;9;9;7m[48;2;0;0;0m▀[0m[38;2;0;0;0m[48;2;0;0;0m▀[0m[38;2;182;185;185m[48;2;116;120;120m▀[0m[38;2;164;168;164m[48;2;155;159;159m▀[0m[38;2;144;146;146m[48;2;62;60;63m▀[0m[38;2;212;211;211m[48;2;221;219;222m▀[0m[38;2;78;78;78m[48;2;95;98;98m▀[0m[38;2;198;198;196m[48;2;127;127;125m▀[0m[38;2;255;255;255m[48;2;255;255;255m▀[0m[38;2;136;140;137m[48;2;84;88;85m▀[0m[38;2;22;29;25m[48;2;0;0;0m▀[0m[38;2;65;70;73m[48;2;78;81;86m▀[0m[38;2;0;0;0m[48;2;0;0;0m▀[0m[38;2;0;0;0m[48;2;0;0;0m▀[0m[38;2;0;0;0m[48;2;0;0;0m▀[0m[38;2;0;0;0m[48;2;0;0;0m▀[0m[38;2;0;0;0m[48;2;0;0;0m▀[0m[38;2;0;0;0m[48;2;0;0;0m▀[0m[38;2;0;0;0m[48;2;0;0;0m▀[0m[38;2;72;74;74m[48;2;4;6;6m▀[0m[38;2;34;36;36m[48;2;0;0;0m▀[0m[38;2;0;0;0m[48;2;0;0;0m▀[0m[38;2;108;114;113m[48;2;189;192;193m▀[0m[38;2;189;195;194m[48;2;235;238;239m▀[0m[38;2;149;149;146m[48;2;88;91;90m▀[0m[38;2;0;0;0m[48;2;29;32;31m▀[0m[38;2;0;0;0m[48;2;173;173;176m▀[0m[38;2;108;108;110m[48;2;155;157;157m▀[0m[38;2;183;183;183m[48;2;0;0;0m▀[0m[38;2;0;0;0m[48;2;92;90;93m▀[0m[38;2;36;38;38m[48;2;255;255;255m▀[0m[38;2;238;240;240m[48;2;216;218;220m▀[0m[38;2;255;255;255m[48;2;150;153;155m▀[0m[38;2;255;255;255m[48;2;93;98;101m▀[0m[38;2;0;0;0m[48;2;133;130;132m▀[0m[38;2;0;0;0m[48;2;106;113;113m▀[0m[38;2;255;255;255m[48;2;183;192;194m▀[0m
[38;2;109;111;111m[48;2;140;146;147m▀[0m[38;2;177;183;184m[48;2;117;120;122m▀[0m[38;2;138;142;142m[48;2;168;170;170m▀[0m[38;2;119;122;122m[48;2;212;214;212m▀[0m[38;2;122;124;124m[48;2;223;225;225m▀[0m[38;2;131;131;129m[48;2;216;218;220m▀[0m[38;2;145;147;145m[48;2;210;212;212m▀[0m[38;2;93;97;98m[48;2;77;79;79m▀[0m[38;2;92;95;97m[48;2;136;138;140m▀[0m[38;2;87;85;88m[48;2;255;255;255m▀[0m[38;2;151;153;153m[48;2;219;218;218m▀[0m[38;2;143;142;142m[48;2;219;221;219m▀[0m[38;2;124;126;126m[48;2;166;168;166m▀[0m[38;2;221;225;225m[48;2;127;126;126m▀[0m[38;2;228;231;231m[48;2;203;205;205m▀[0m[38;2;255;255;255m[48;2;204;206;206m▀[0m[38;2;255;255;255m[48;2;231;233;233m▀[0m[38;2;45;44;42m[48;2;255;255;255m▀[0m[38;2;0;0;0m[48;2;38;37;35m▀[0m[38;2;47;49;49m[48;2;0;0;0m▀[0m[38;2;100;100;100m[48;2;167;169;170m▀[0m[38;2;104;105;102m[48;2;149;152;149m▀[0m[38;2;127;129;129m[48;2;149;147;147m▀[0m[38;2;158;162;158m[48;2;151;153;153m▀[0m[38;2;153;153;153m[48;2;122;124;124m▀[0m[38;2;86;84;87m[48;2;21;24;23m▀[0m[38;2;71;71;75m[48;2;35;37;37m▀[0m[38;2;64;62;65m[48;2;39;39;42m▀[0m[38;2;60;64;63m[48;2;58;61;61m▀[0m[38;2;39;38;39m[48;2;0;0;0m▀[0m[38;2;0;0;0m[48;2;97;100;100m▀[0m[38;2;0;0;0m[48;2;0;0;0m▀[0m[38;2;99;99;101m[48;2;0;0;0m▀[0m[38;2;7;6;6m[48;2;101;103;103m▀[0m[38;2;0;0;0m[48;2;0;0;0m▀[0m[38;2;0;0;0m[48;2;0;0;0m▀[0m[38;2;0;0;0m[48;2;0;0;0m▀[0m[38;2;0;0;0m[48;2;0;0;0m▀[0m[38;2;0;0;0m[48;2;25;25;25m▀[0m[38;2;14;12;12m[48;2;0;0;0m▀[0m[38;2;132;135;135m[48;2;20;20;20m▀[0m[38;2;174;177;179m[48;2;143;147;149m▀[0m[38;2;114;118;119m[48;2;137;141;140m▀[0m[38;2;38;41;41m[48;2;44;46;46m▀[0m[38;2;225;230;226m[48;2;232;234;234m▀[0m[38;2;90;93;93m[48;2;92;96;96m▀[0m[38;2;178;178;176m[48;2;186;186;187m▀[0m[38;2;255;255;255m[48;2;255;255;255m▀[0m[38;2;0;0;0m[48;2;0;0;0m▀[0m[38;2;27;31;34m[48;2;86;90;91m▀[0m[38;2;17;19;21m[48;2;0;0;0m▀[0m[38;2;0;0;0m[48;2;0;0;0m▀[0m[38;2;0;0;0m[48;2;0;0;0m▀[0m[38;2;0;0;0m[48;2;71;73;73m▀[0m[38;2;115;122;122m[48;2;209;212;212m▀[0m[38;2;48;48;48m[48;2;233;233;233m▀[0m[38;2;0;0;0m[48;2;0;0;0m▀[0m[38;2;0;0;0m[48;2;0;0;0m▀[0m[38;2;12;11;11m[48;2;0;0;0m▀[0m[38;2;0;0;0m[48;2;46;49;49m▀[0m[38;2;0;0;0m[48;2;0;0;0m▀[0m[38;2;118;118;120m[48;2;232;235;237m▀[0m[38;2;0;0;0m[48;2;213;220;221m▀[0m[38;2;56;58;58m[48;2;231;233;233m▀[0m[38;2;203;206;206m[48;2;73;75;75m▀[0m[38;2;117;117;117m[48;2;0;0;0m▀[0m[38;2;0;0;0m[48;2;199;204;200m▀[0m[38;2;150;152;150m[48;2;236;236;236m▀[0m[38;2;249;251;252m[48;2;192;191;192m▀[0m[38;2;241;245;245m[48;2;187;187;187m▀[0m[38;2;207;209;209m[48;2;184;187;187m▀[0m[38;2;157;159;159m[48;2;228;230;226m▀[0m[38;2;247;249;250m[48;2;198;200;198m▀[0m[38;2;124;122;126m[48;2;0;0;0m▀[0m[38;2;42;49;49m[48;2;55;59;59m▀[0m[38;2;114;117;118m[48;2;241;244;245m▀[0m
[38;2;0;0;0m[48;2;155;158;159m▀[0m[38;2;84;86;84m[48;2;126;126;128m▀[0m[38;2;199;201;201m[48;2;73;73;74m▀[0m[38;2;132;135;139m[48;2;129;131;133m▀[0m[38;2;88;90;90m[48;2;153;155;155m▀[0m[38;2;74;76;76m[48;2;176;174;176m▀[0m[38;2;76;74;77m[48;2;195;193;196m▀[0m[38;2;151;153;153m[48;2;197;199;199m▀[0m[38;2;45;47;47m[48;2;186;191;191m▀[0m[38;2;118;120;122m[48;2;111;113;114m▀[0m[38;2;179;178;179m[48;2;156;158;159m▀[0m[38;2;209;211;212m[48;2;135;137;138m▀[0m[38;2;246;248;249m[48;2;177;179;179m▀[0m[38;2;181;181;181m[48;2;201;200;200m▀[0m[38;2;185;189;185m[48;2;178;180;180m▀[0m[38;2;204;206;204m[48;2;180;180;180m▀[0m[38;2;201;204;204m[48;2;205;204;205m▀[0m[38;2;220;222;220m[48;2;204;207;207m▀[0m[38;2;255;255;255m[48;2;217;219;220m▀[0m[38;2;22;24;22m[48;2;249;248;249m▀[0m[38;2;21;25;25m[48;2;25;25;25m▀[0m[38;2;151;154;154m[48;2;41;43;43m▀[0m[38;2;122;124;124m[48;2;147;150;150m▀[0m[38;2;130;132;132m[48;2;125;127;127m▀[0m[38;2;145;143;146m[48;2;144;142;145m▀[0m[38;2;61;59;62m[48;2;150;152;152m▀[0m[38;2;38;41;41m[48;2;122;124;126m▀[0m[38;2;97;99;99m[48;2;77;79;79m▀[0m[38;2;24;27;28m[48;2;0;0;0m▀[0m[38;2;7;9;11m[48;2;147;149;145m▀[0m[38;2;255;255;255m[48;2;255;255;255m▀[0m[38;2;184;184;185m[48;2;255;255;255m▀[0m[38;2;0;0;0m[48;2;9;9;9m▀[0m[38;2;31;31;31m[48;2;0;0;0m▀[0m[38;2;44;47;47m[48;2;35;39;39m▀[0m[38;2;7;5;8m[48;2;45;47;47m▀[0m[38;2;11;10;10m[48;2;12;15;15m▀[0m[38;2;15;14;14m[48;2;72;71;71m▀[0m[38;2;16;16;16m[48;2;19;19;19m▀[0m[38;2;20;18;21m[48;2;45;45;45m▀[0m[38;2;63;65;65m[48;2;0;0;0m▀[0m[38;2;174;177;177m[48;2;84;87;86m▀[0m[38;2;98;100;100m[48;2;0;0;0m▀[0m[38;2;65;68;70m[48;2;131;136;136m▀[0m[38;2;251;252;249m[48;2;255;255;255m▀[0m[38;2;86;85;85m[48;2;69;71;71m▀[0m[38;2;172;171;171m[48;2;147;146;146m▀[0m[38;2;114;115;111m[48;2;17;19;17m▀[0m[38;2;0;0;0m[48;2;8;15;19m▀[0m[38;2;23;25;27m[48;2;0;0;0m▀[0m[38;2;0;0;0m[48;2;0;0;0m▀[0m[38;2;0;0;0m[48;2;0;0;0m▀[0m[38;2;49;54;54m[48;2;123;127;127m▀[0m[38;2;149;153;153m[48;2;217;219;219m▀[0m[38;2;255;255;255m[48;2;246;248;250m▀[0m[38;2;255;255;255m[48;2;241;243;239m▀[0m[38;2;32;35;32m[48;2;190;190;186m▀[0m[38;2;0;0;0m[48;2;0;0;0m▀[0m[38;2;0;0;0m[48;2;0;0;0m▀[0m[38;2;85;88;88m[48;2;0;0;0m▀[0m[38;2;12;11;11m[48;2;5;8;5m▀[0m[38;2;84;86;87m[48;2;0;3;0m▀[0m[38;2;255;255;255m[48;2;0;0;0m▀[0m[38;2;32;31;31m[48;2;29;31;31m▀[0m[38;2;0;0;0m[48;2;186;187;184m▀[0m[38;2;196;197;194m[48;2;176;177;173m▀[0m[38;2;226;230;226m[48;2;193;196;196m▀[0m[38;2;187;190;191m[48;2;184;184;184m▀[0m[38;2;186;185;186m[48;2;177;179;177m▀[0m[38;2;179;182;179m[48;2;179;180;177m▀[0m[38;2;182;185;185m[48;2;189;189;189m▀[0m[38;2;210;212;212m[48;2;209;211;212m▀[0m[38;2;46;48;48m[48;2;0;0;0m▀[0m[38;2;0;0;0m[48;2;0;0;0m▀[0m[38;2;140;142;142m[48;2;238;240;240m▀[0m[38;2;234;236;234m[48;2;239;239;239m▀[0m
[38;2;145;145;146m[48;2;63;63;61m▀[0m[38;2;185;184;185m[48;2;153;155;156m▀[0m[38;2;157;160;162m[48;2;166;168;170m▀[0m[38;2;93;96;97m[48;2;104;106;106m▀[0m[38;2;171;173;171m[48;2;110;112;112m▀[0m[38;2;184;186;184m[48;2;191;193;194m▀[0m[38;2;173;176;176m[48;2;169;171;171m▀[0m[38;2;176;178;178m[48;2;170;172;172m▀[0m[38;2;183;185;185m[48;2;170;172;172m▀[0m[38;2;193;195;195m[48;2;174;177;177m▀[0m[38;2;216;218;216m[48;2;178;180;178m▀[0m[38;2;177;177;174m[48;2;185;189;185m▀[0m[38;2;129;131;129m[48;2;194;194;191m▀[0m[38;2;204;203;203m[48;2;192;194;192m▀[0m[38;2;167;169;170m[48;2;191;193;194m▀[0m[38;2;105;104;105m[48;2;147;150;151m▀[0m[38;2;207;209;207m[48;2;204;203;200m▀[0m[38;2;187;189;185m[48;2;177;179;177m▀[0m[38;2;198;199;196m[48;2;180;182;182m▀[0m[38;2;214;217;214m[48;2;200;203;203m▀[0m[38;2;239;239;239m[48;2;225;228;228m▀[0m[38;2;30;29;29m[48;2;232;231;231m▀[0m[38;2;63;65;65m[48;2;0;0;0m▀[0m[38;2;168;166;169m[48;2;57;59;59m▀[0m[38;2;150;147;151m[48;2;77;81;81m▀[0m[38;2;111;113;115m[48;2;32;30;33m▀[0m[38;2;44;46;46m[48;2;39;42;44m▀[0m[38;2;5;7;9m[48;2;0;0;0m▀[0m[38;2;36;38;38m[48;2;169;171;172m▀[0m[38;2;193;192;192m[48;2;254;253;250m▀[0m[38;2;151;153;153m[48;2;95;98;93m▀[0m[38;2;255;255;255m[48;2;199;203;204m▀[0m[38;2;200;199;199m[48;2;255;255;255m▀[0m[38;2;0;0;0m[48;2;3;2;2m▀[0m[38;2;0;0;0m[48;2;0;0;0m▀[0m[38;2;55;57;57m[48;2;21;23;25m▀[0m[38;2;0;0;0m[48;2;0;0;0m▀[0m[38;2;73;72;72m[48;2;25;25;25m▀[0m[38;2;138;141;141m[48;2;183;184;181m▀[0m[38;2;0;0;0m[48;2;90;89;90m▀[0m[38;2;39;38;38m[48;2;0;0;0m▀[0m[38;2;45;45;46m[48;2;33;33;34m▀[0m[38;2;0;0;0m[48;2;0;0;0m▀[0m[38;2;44;47;49m[48;2;0;0;0m▀[0m[38;2;191;198;203m[48;2;0;0;0m▀[0m[38;2;8;10;10m[48;2;50;50;52m▀[0m[38;2;185;184;184m[48;2;255;254;254m▀[0m[38;2;0;0;0m[48;2;0;0;0m▀[0m[38;2;0;0;0m[48;2;6;9;9m▀[0m[38;2;0;0;0m[48;2;9;8;8m▀[0m[38;2;0;0;0m[48;2;0;0;0m▀[0m[38;2;5;3;6m[48;2;23;25;28m▀[0m[38;2;164;166;168m[48;2;213;216;218m▀[0m[38;2;234;236;236m[48;2;231;233;233m▀[0m[38;2;206;210;209m[48;2;203;203;203m▀[0m[38;2;197;199;199m[48;2;197;199;199m▀[0m[38;2;255;255;255m[48;2;224;223;223m▀[0m[38;2;99;98;98m[48;2;233;234;231m▀[0m[38;2;65;66;63m[48;2;234;238;235m▀[0m[38;2;158;162;157m[48;2;217;220;219m▀[0m[38;2;172;173;169m[48;2;255;255;255m▀[0m[38;2;177;178;173m[48;2;255;255;255m▀[0m[38;2;255;255;255m[48;2;255;255;255m▀[0m[38;2;255;255;255m[48;2;255;255;255m▀[0m[38;2;158;159;156m[48;2;157;159;159m▀[0m[38;2;153;154;151m[48;2;146;149;150m▀[0m[38;2;189;189;189m[48;2;160;160;160m▀[0m[38;2;178;174;178m[48;2;178;180;178m▀[0m[38;2;173;176;173m[48;2;170;172;170m▀[0m[38;2;176;176;176m[48;2;168;171;171m▀[0m[38;2;195;195;195m[48;2;201;203;199m▀[0m[38;2;169;168;169m[48;2;85;88;88m▀[0m[38;2;0;0;0m[48;2;82;85;82m▀[0m[38;2;173;174;171m[48;2;210;212;212m▀[0m[38;2;195;197;197m[48;2;162;162;163m▀[0m[38;2;184;183;183m[48;2;157;159;159m▀[0m
[38;2;172;176;174m[48;2;154;154;155m▀[0m[38;2;166;166;167m[48;2;172;176;174m▀[0m[38;2;168;170;170m[48;2;154;153;153m▀[0m[38;2;187;190;191m[48;2;113;116;116m▀[0m[38;2;171;173;173m[48;2;147;150;147m▀[0m[38;2;135;137;137m[48;2;97;96;96m▀[0m[38;2;186;189;191m[48;2;73;76;76m▀[0m[38;2;173;177;176m[48;2;162;158;163m▀[0m[38;2;158;160;160m[48;2;213;213;216m▀[0m[38;2;203;203;205m[48;2;248;248;248m▀[0m[38;2;218;216;220m[48;2;164;163;163m▀[0m[38;2;169;172;168m[48;2;174;174;174m▀[0m[38;2;178;178;178m[48;2;177;177;174m▀[0m[38;2;200;200;200m[48;2;183;182;183m▀[0m[38;2;138;137;138m[48;2;187;186;187m▀[0m[38;2;5;6;2m[48;2;126;128;126m▀[0m[38;2;212;214;212m[48;2;187;189;185m▀[0m[38;2;194;193;194m[48;2;198;200;198m▀[0m[38;2;205;207;207m[48;2;163;165;167m▀[0m[38;2;203;205;205m[48;2;183;186;187m▀[0m[38;2;212;216;216m[48;2;217;221;221m▀[0m[38;2;217;219;219m[48;2;224;226;227m▀[0m[38;2;21;21;22m[48;2;30;30;31m▀[0m[38;2;0;0;0m[48;2;0;0;0m▀[0m[38;2;0;0;0m[48;2;91;90;91m▀[0m[38;2;35;37;39m[48;2;0;0;0m▀[0m[38;2;8;10;12m[48;2;0;0;0m▀[0m[38;2;6;8;8m[48;2;169;171;171m▀[0m[38;2;221;225;225m[48;2;213;216;218m▀[0m[38;2;255;255;255m[48;2;223;221;224m▀[0m[38;2;154;153;150m[48;2;168;170;170m▀[0m[38;2;189;187;187m[48;2;232;232;232m▀[0m[38;2;145;149;149m[48;2;255;255;255m▀[0m[38;2;83;85;85m[48;2;106;109;109m▀[0m[38;2;0;0;0m[48;2;0;0;0m▀[0m[38;2;2;4;4m[48;2;0;0;0m▀[0m[38;2;0;0;0m[48;2;0;0;0m▀[0m[38;2;0;0;0m[48;2;160;167;167m▀[0m[38;2;159;160;157m[48;2;139;141;141m▀[0m[38;2;170;170;172m[48;2;135;138;138m▀[0m[38;2;62;61;61m[48;2;155;157;157m▀[0m[38;2;0;0;0m[48;2;126;126;120m▀[0m[38;2;0;0;0m[48;2;115;114;115m▀[0m[38;2;0;0;0m[48;2;0;0;0m▀[0m[38;2;0;0;0m[48;2;157;159;159m▀[0m[38;2;255;255;255m[48;2;255;255;255m▀[0m[38;2;235;234;234m[48;2;255;255;255m▀[0m[38;2;0;0;0m[48;2;0;0;0m▀[0m[38;2;39;42;42m[48;2;102;101;101m▀[0m[38;2;0;0;0m[48;2;12;12;12m▀[0m[38;2;0;0;0m[48;2;0;0;0m▀[0m[38;2;0;0;0m[48;2;0;0;0m▀[0m[38;2;217;221;222m[48;2;119;127;127m▀[0m[38;2;236;238;238m[48;2;255;255;255m▀[0m[38;2;191;194;191m[48;2;108;108;105m▀[0m[38;2;181;185;185m[48;2;138;142;139m▀[0m[38;2;173;176;176m[48;2;179;181;181m▀[0m[38;2;189;190;186m[48;2;189;191;191m▀[0m[38;2;182;184;184m[48;2;181;181;181m▀[0m[38;2;182;185;186m[48;2;184;184;184m▀[0m[38;2;225;227;225m[48;2;183;185;185m▀[0m[38;2;154;154;154m[48;2;164;167;164m▀[0m[38;2;206;206;206m[48;2;157;157;157m▀[0m[38;2;255;255;255m[48;2;226;230;225m▀[0m[38;2;255;255;255m[48;2;255;255;255m▀[0m[38;2;124;123;124m[48;2;210;212;213m▀[0m[38;2;101;102;99m[48;2;95;93;93m▀[0m[38;2;180;182;183m[48;2;163;165;166m▀[0m[38;2;168;168;168m[48;2;165;167;167m▀[0m[38;2;170;169;169m[48;2;167;169;169m▀[0m[38;2;190;192;192m[48;2;185;187;187m▀[0m[38;2;89;92;92m[48;2;49;52;49m▀[0m[38;2;145;146;143m[48;2;159;159;162m▀[0m[38;2;181;183;183m[48;2;173;173;173m▀[0m[38;2;163;160;164m[48;2;158;160;160m▀[0m[38;2;156;158;158m[48;2;152;154;154m▀[0m
[38;2;168;164;170m[48;2;64;64;65m▀[0m[38;2;120;120;122m[48;2;52;56;56m▀[0m[38;2;78;82;78m[48;2;147;150;150m▀[0m[38;2;141;143;141m[48;2;172;172;172m▀[0m[38;2;176;174;174m[48;2;157;159;159m▀[0m[38;2;176;174;171m[48;2;153;153;153m▀[0m[38;2;122;122;118m[48;2;168;168;168m▀[0m[38;2;41;44;44m[48;2;184;184;184m▀[0m[38;2;142;142;142m[48;2;48;48;45m▀[0m[38;2;203;203;204m[48;2;126;126;126m▀[0m[38;2;165;165;165m[48;2;184;186;186m▀[0m[38;2;168;170;168m[48;2;164;167;167m▀[0m[38;2;172;172;170m[48;2;169;172;169m▀[0m[38;2;176;173;171m[48;2;169;169;169m▀[0m[38;2;177;179;177m[48;2;171;171;171m▀[0m[38;2;192;194;192m[48;2;170;172;170m▀[0m[38;2;182;184;182m[48;2;176;179;179m▀[0m[38;2;221;224;221m[48;2;203;206;206m▀[0m[38;2;32;31;31m[48;2;131;130;131m▀[0m[38;2;38;41;42m[48;2;20;19;20m▀[0m[38;2;239;243;243m[48;2;226;230;230m▀[0m[38;2;228;231;228m[48;2;226;228;230m▀[0m[38;2;33;34;31m[48;2;45;46;39m▀[0m[38;2;36;35;35m[48;2;86;90;87m▀[0m[38;2;255;255;255m[48;2;255;255;255m▀[0m[38;2;253;255;252m[48;2;239;241;241m▀[0m[38;2;208;211;210m[48;2;239;241;244m▀[0m[38;2;255;255;255m[48;2;255;255;255m▀[0m[38;2;250;252;252m[48;2;246;248;249m▀[0m[38;2;147;147;145m[48;2;156;159;158m▀[0m[38;2;168;170;170m[48;2;112;111;111m▀[0m[38;2;12;11;11m[48;2;0;0;0m▀[0m[38;2;255;255;255m[48;2;255;255;255m▀[0m[38;2;129;132;132m[48;2;163;166;166m▀[0m[38;2;0;0;0m[48;2;0;0;0m▀[0m[38;2;0;0;0m[48;2;0;0;0m▀[0m[38;2;109;113;113m[48;2;190;194;191m▀[0m[38;2;212;217;217m[48;2;173;176;176m▀[0m[38;2;160;162;158m[48;2;150;152;152m▀[0m[38;2;155;157;157m[48;2;162;164;166m▀[0m[38;2;144;145;142m[48;2;168;171;171m▀[0m[38;2;153;155;155m[48;2;168;170;170m▀[0m[38;2;100;102;100m[48;2;118;117;117m▀[0m[38;2;56;57;54m[48;2;0;0;0m▀[0m[38;2;255;255;255m[48;2;255;255;255m▀[0m[38;2;184;184;182m[48;2;0;0;0m▀[0m[38;2;132;136;136m[48;2;56;56;58m▀[0m[38;2;87;89;89m[48;2;209;212;212m▀[0m[38;2;133;136;136m[48;2;102;104;104m▀[0m[38;2;167;169;167m[48;2;187;189;185m▀[0m[38;2;58;59;56m[48;2;190;190;190m▀[0m[38;2;0;0;0m[48;2;0;0;0m▀[0m[38;2;0;0;0m[48;2;0;0;0m▀[0m[38;2;255;255;255m[48;2;238;243;239m▀[0m[38;2;86;86;87m[48;2;122;124;122m▀[0m[38;2;82;84;84m[48;2;56;58;58m▀[0m[38;2;207;208;205m[48;2;224;227;227m▀[0m[38;2;184;186;186m[48;2;178;181;181m▀[0m[38;2;183;180;180m[48;2;181;178;178m▀[0m[38;2;178;180;178m[48;2;174;177;177m▀[0m[38;2;172;176;176m[48;2;173;176;173m▀[0m[38;2;176;176;176m[48;2;172;174;174m▀[0m[38;2;151;153;151m[48;2;165;163;166m▀[0m[38;2;206;205;205m[48;2;160;162;158m▀[0m[38;2;255;255;255m[48;2;126;130;127m▀[0m[38;2;255;255;255m[48;2;246;249;246m▀[0m[38;2;236;238;238m[48;2;244;246;244m▀[0m[38;2;136;139;139m[48;2;223;223;220m▀[0m[38;2;157;155;158m[48;2;137;140;140m▀[0m[38;2;179;177;180m[48;2;176;178;178m▀[0m[38;2;139;141;141m[48;2;116;115;115m▀[0m[38;2;0;0;0m[48;2;0;0;0m▀[0m[38;2;172;176;176m[48;2;180;182;182m▀[0m[38;2;166;164;167m[48;2;155;155;157m▀[0m[38;2;151;153;153m[48;2;149;151;151m▀[0m[38;2;151;151;152m[48;2;147;150;150m▀[0m
[38;2;30;34;31m[48;2;97;98;95m▀[0m[38;2;101;108;104m[48;2;167;167;167m▀[0m[38;2;154;154;156m[48;2;150;150;151m▀[0m[38;2;153;153;153m[48;2;147;147;147m▀[0m[38;2;151;153;151m[48;2;137;135;138m▀[0m[38;2;140;139;139m[48;2;135;137;139m▀[0m[38;2;207;207;205m[48;2;255;255;255m▀[0m[38;2;240;240;240m[48;2;165;165;165m▀[0m[38;2;162;162;155m[48;2;169;166;166m▀[0m[38;2;30;30;27m[48;2;129;129;126m▀[0m[38;2;162;159;163m[48;2;0;0;0m▀[0m[38;2;187;187;190m[48;2;191;191;191m▀[0m[38;2;165;168;168m[48;2;182;182;182m▀[0m[38;2;164;168;164m[48;2;166;169;169m▀[0m[38;2;166;168;166m[48;2;162;164;166m▀[0m[38;2;167;169;169m[48;2;164;166;166m▀[0m[38;2;170;170;174m[48;2;165;167;167m▀[0m[38;2;179;177;180m[48;2;170;171;168m▀[0m[38;2;182;182;180m[48;2;177;180;179m▀[0m[38;2;82;81;81m[48;2;152;154;154m▀[0m[38;2;195;199;199m[48;2;172;176;176m▀[0m[38;2;223;225;226m[48;2;208;211;211m▀[0m[38;2;62;63;60m[48;2;87;90;87m▀[0m[38;2;85;87;87m[48;2;102;104;104m▀[0m[38;2;235;237;237m[48;2;255;255;255m▀[0m[38;2;182;184;184m[48;2;225;227;227m▀[0m[38;2;247;249;251m[48;2;179;181;183m▀[0m[38;2;255;255;255m[48;2;184;191;192m▀[0m[38;2;206;209;210m[48;2;98;100;100m▀[0m[38;2;190;192;192m[48;2;191;191;192m▀[0m[38;2;102;102;103m[48;2;116;115;115m▀[0m[38;2;54;56;56m[48;2;115;117;115m▀[0m[38;2;255;255;255m[48;2;176;178;180m▀[0m[38;2;153;156;156m[48;2;0;0;0m▀[0m[38;2;0;0;0m[48;2;0;0;0m▀[0m[38;2;22;25;25m[48;2;83;87;87m▀[0m[38;2;206;208;208m[48;2;186;191;187m▀[0m[38;2;163;165;165m[48;2;164;166;166m▀[0m[38;2;133;136;136m[48;2;126;124;127m▀[0m[38;2;191;193;193m[48;2;230;228;228m▀[0m[38;2;201;204;204m[48;2;255;255;255m▀[0m[38;2;119;122;122m[48;2;163;165;169m▀[0m[38;2;180;181;178m[48;2;137;139;139m▀[0m[38;2;109;111;112m[48;2;166;168;168m▀[0m[38;2;69;71;72m[48;2;64;66;66m▀[0m[38;2;28;28;30m[48;2;154;153;153m▀[0m[38;2;9;9;9m[48;2;21;23;21m▀[0m[38;2;255;255;255m[48;2;255;255;255m▀[0m[38;2;131;130;130m[48;2;236;237;234m▀[0m[38;2;143;146;143m[48;2;103;103;103m▀[0m[38;2;193;196;196m[48;2;169;172;172m▀[0m[38;2;160;160;160m[48;2;208;208;208m▀[0m[38;2;0;0;0m[48;2;32;31;31m▀[0m[38;2;62;64;64m[48;2;0;0;0m▀[0m[38;2;181;185;182m[48;2;69;73;70m▀[0m[38;2;132;132;132m[48;2;168;169;166m▀[0m[38;2;220;223;223m[48;2;219;225;222m▀[0m[38;2;179;182;182m[48;2;179;182;182m▀[0m[38;2;173;176;173m[48;2;169;171;171m▀[0m[38;2;173;173;173m[48;2;169;169;169m▀[0m[38;2;171;173;171m[48;2;167;169;167m▀[0m[38;2;169;171;171m[48;2;166;168;168m▀[0m[38;2;166;165;166m[48;2;163;165;165m▀[0m[38;2;158;160;160m[48;2;162;164;164m▀[0m[38;2;152;154;154m[48;2;157;159;159m▀[0m[38;2;149;153;153m[48;2;158;160;160m▀[0m[38;2;86;90;87m[48;2;156;158;158m▀[0m[38;2;136;139;136m[48;2;113;116;116m▀[0m[38;2;226;226;226m[48;2;168;168;170m▀[0m[38;2;151;153;153m[48;2;118;122;124m▀[0m[38;2;169;171;171m[48;2;136;138;138m▀[0m[38;2;162;160;160m[48;2;174;177;177m▀[0m[38;2;160;163;163m[48;2;155;155;153m▀[0m[38;2;151;154;153m[48;2;153;153;154m▀[0m[38;2;146;149;149m[48;2;144;146;146m▀[0m[38;2;145;147;147m[48;2;144;144;144m▀[0m
[38;2;151;152;149m[48;2;136;138;138m▀[0m[38;2;140;140;140m[48;2;131;131;132m▀[0m[38;2;142;142;143m[48;2;100;100;101m▀[0m[38;2;116;118;118m[48;2;125;125;127m▀[0m[38;2;128;128;128m[48;2;196;196;193m▀[0m[38;2;139;139;139m[48;2;255;255;255m▀[0m[38;2;133;137;138m[48;2;136;136;137m▀[0m[38;2;143;145;145m[48;2;126;128;128m▀[0m[38;2;143;145;145m[48;2;142;144;144m▀[0m[38;2;196;196;193m[48;2;159;166;166m▀[0m[38;2;20;20;20m[48;2;156;157;154m▀[0m[38;2;0;0;0m[48;2;0;0;0m▀[0m[38;2;210;210;210m[48;2;28;28;28m▀[0m[38;2;179;177;180m[48;2;200;199;199m▀[0m[38;2;166;168;169m[48;2;173;177;177m▀[0m[38;2;164;165;160m[48;2;162;164;164m▀[0m[38;2;162;164;164m[48;2;157;159;159m▀[0m[38;2;163;165;165m[48;2;158;158;158m▀[0m[38;2;167;164;164m[48;2;158;160;160m▀[0m[38;2;170;172;172m[48;2;160;163;160m▀[0m[38;2;169;171;171m[48;2;162;162;162m▀[0m[38;2;193;192;192m[48;2;176;173;177m▀[0m[38;2;111;114;114m[48;2;109;108;108m▀[0m[38;2;145;146;143m[48;2;158;160;160m▀[0m[38;2;255;255;255m[48;2;199;201;201m▀[0m[38;2;220;222;222m[48;2;177;180;180m▀[0m[38;2;156;158;158m[48;2;165;169;169m▀[0m[38;2;190;192;190m[48;2;191;190;191m▀[0m[38;2;118;122;120m[48;2;127;125;128m▀[0m[38;2;183;185;186m[48;2;171;173;176m▀[0m[38;2;109;113;116m[48;2;154;156;156m▀[0m[38;2;108;110;110m[48;2;22;20;23m▀[0m[38;2;174;179;179m[48;2;71;73;73m▀[0m[38;2;0;0;0m[48;2;0;0;0m▀[0m[38;2;0;0;0m[48;2;0;0;0m▀[0m[38;2;114;117;114m[48;2;73;72;72m▀[0m[38;2;145;147;145m[48;2;129;131;131m▀[0m[38;2;177;177;178m[48;2;143;143;144m▀[0m[38;2;136;138;138m[48;2;157;158;155m▀[0m[38;2;162;164;162m[48;2;136;136;136m▀[0m[38;2;255;255;255m[48;2;124;127;127m▀[0m[38;2;196;198;200m[48;2;131;135;135m▀[0m[38;2;131;130;130m[48;2;143;145;145m▀[0m[38;2;163;164;160m[48;2;157;157;157m▀[0m[38;2;98;100;100m[48;2;131;133;133m▀[0m[38;2;118;122;122m[48;2;138;140;138m▀[0m[38;2;110;112;112m[48;2;133;136;136m▀[0m[38;2;255;255;255m[48;2;255;255;255m▀[0m[38;2;110;111;108m[48;2;46;48;48m▀[0m[38;2;117;124;120m[48;2;154;158;158m▀[0m[38;2;159;163;159m[48;2;154;153;153m▀[0m[38;2;198;198;198m[48;2;207;207;207m▀[0m[38;2;102;104;104m[48;2;101;103;103m▀[0m[38;2;0;0;0m[48;2;0;0;0m▀[0m[38;2;0;0;0m[48;2;0;0;0m▀[0m[38;2;136;138;138m[48;2;19;19;17m▀[0m[38;2;231;236;232m[48;2;183;185;185m▀[0m[38;2;182;181;181m[48;2;179;178;179m▀[0m[38;2;174;176;172m[48;2;185;184;184m▀[0m[38;2;165;167;165m[48;2;166;169;166m▀[0m[38;2;165;165;163m[48;2;165;165;165m▀[0m[38;2;163;165;163m[48;2;165;164;164m▀[0m[38;2;160;163;163m[48;2;162;164;164m▀[0m[38;2;160;160;162m[48;2;154;156;156m▀[0m[38;2;157;157;157m[48;2;154;154;154m▀[0m[38;2;154;156;156m[48;2;155;157;157m▀[0m[38;2;153;153;153m[48;2;152;152;153m▀[0m[38;2;159;163;163m[48;2;149;153;153m▀[0m[38;2;160;159;160m[48;2;152;151;152m▀[0m[38;2;112;112;112m[48;2;172;172;166m▀[0m[38;2;39;42;44m[48;2;85;84;81m▀[0m[38;2;135;138;140m[48;2;0;0;0m▀[0m[38;2;176;176;178m[48;2;129;131;132m▀[0m[38;2;150;150;147m[48;2;178;178;179m▀[0m[38;2;145;145;145m[48;2;152;152;152m▀[0m[38;2;145;145;145m[48;2;128;128;128m▀[0m
[38;2;132;132;130m[48;2;126;126;124m▀[0m[38;2;118;115;117m[48;2;105;105;106m▀[0m[38;2;176;176;177m[48;2;255;255;255m▀[0m[38;2;255;255;255m[48;2;255;255;255m▀[0m[38;2;255;255;255m[48;2;255;255;255m▀[0m[38;2;200;200;200m[48;2;200;200;200m▀[0m[38;2;130;130;128m[48;2;96;96;96m▀[0m[38;2;130;130;128m[48;2;133;137;137m▀[0m[38;2;142;142;143m[48;2;138;140;140m▀[0m[38;2;144;151;151m[48;2;145;143;146m▀[0m[38;2;180;182;182m[48;2;154;157;159m▀[0m[38;2;45;45;45m[48;2;174;178;174m▀[0m[38;2;0;0;0m[48;2;36;38;39m▀[0m[38;2;42;44;44m[48;2;0;0;0m▀[0m[38;2;196;196;196m[48;2;95;93;93m▀[0m[38;2;162;164;164m[48;2;178;178;178m▀[0m[38;2;153;157;157m[48;2;155;154;154m▀[0m[38;2;154;156;156m[48;2;151;153;153m▀[0m[38;2;156;156;156m[48;2;152;154;154m▀[0m[38;2;156;158;158m[48;2;154;154;154m▀[0m[38;2;156;158;158m[48;2;157;159;159m▀[0m[38;2;165;164;164m[48;2;152;152;153m▀[0m[38;2;87;89;89m[48;2;108;110;110m▀[0m[38;2;255;255;255m[48;2;255;255;255m▀[0m[38;2;196;198;198m[48;2;157;162;162m▀[0m[38;2;163;166;165m[48;2;166;168;168m▀[0m[38;2;152;154;154m[48;2;153;153;153m▀[0m[38;2;135;137;138m[48;2;131;133;131m▀[0m[38;2;140;143;143m[48;2;144;146;149m▀[0m[38;2;166;168;168m[48;2;169;171;171m▀[0m[38;2;166;168;170m[48;2;151;155;155m▀[0m[38;2;0;0;0m[48;2;0;0;0m▀[0m[38;2;0;0;0m[48;2;0;0;0m▀[0m[38;2;0;0;0m[48;2;0;0;0m▀[0m[38;2;0;0;0m[48;2;6;9;9m▀[0m[38;2;0;0;0m[48;2;0;0;0m▀[0m[38;2;127;129;129m[48;2;44;43;43m▀[0m[38;2;149;152;151m[48;2;139;142;141m▀[0m[38;2;174;177;177m[48;2;143;145;145m▀[0m[38;2;154;154;154m[48;2;162;164;164m▀[0m[38;2;146;146;146m[48;2;159;162;162m▀[0m[38;2;144;144;144m[48;2;166;168;169m▀[0m[38;2;146;149;149m[48;2;167;169;169m▀[0m[38;2;171;170;170m[48;2;150;152;152m▀[0m[38;2;138;140;142m[48;2;83;85;83m▀[0m[38;2;160;159;159m[48;2;207;209;209m▀[0m[38;2;92;95;95m[48;2;78;81;83m▀[0m[38;2;203;205;205m[48;2;216;216;216m▀[0m[38;2;152;151;151m[48;2;182;184;184m▀[0m[38;2;157;156;156m[48;2;165;167;167m▀[0m[38;2;185;187;187m[48;2;144;146;146m▀[0m[38;2;168;170;172m[48;2;115;119;119m▀[0m[38;2;50;52;55m[48;2;34;44;39m▀[0m[38;2;0;0;0m[48;2;0;0;0m▀[0m[38;2;0;0;0m[48;2;0;0;0m▀[0m[38;2;0;0;0m[48;2;0;0;0m▀[0m[38;2;27;29;29m[48;2;0;0;0m▀[0m[38;2;164;167;167m[48;2;21;24;24m▀[0m[38;2;203;204;200m[48;2;214;216;212m▀[0m[38;2;167;167;167m[48;2;201;201;201m▀[0m[38;2;169;169;169m[48;2;170;169;169m▀[0m[38;2;150;150;150m[48;2;158;157;157m▀[0m[38;2;123;122;122m[48;2;95;95;95m▀[0m[38;2;163;163;163m[48;2;163;163;163m▀[0m[38;2;153;153;154m[48;2;163;163;164m▀[0m[38;2;143;145;146m[48;2;95;97;97m▀[0m[38;2;155;153;156m[48;2;142;144;144m▀[0m[38;2;146;151;151m[48;2;152;152;152m▀[0m[38;2;146;149;146m[48;2;145;149;149m▀[0m[38;2;150;153;150m[48;2;150;150;150m▀[0m[38;2;180;179;176m[48;2;162;162;162m▀[0m[38;2;44;43;44m[48;2;183;183;183m▀[0m[38;2;0;0;0m[48;2;7;10;10m▀[0m[38;2;131;131;131m[48;2;0;0;0m▀[0m[38;2;194;194;194m[48;2;123;123;123m▀[0m[38;2;143;143;143m[48;2;167;168;165m▀[0m
[38;2;124;124;122m[48;2;115;116;113m▀[0m[38;2;97;97;95m[48;2;142;144;144m▀[0m[38;2;113;113;115m[48;2;164;163;163m▀[0m[38;2;238;237;237m[48;2;76;76;76m▀[0m[38;2;255;255;255m[48;2;92;96;92m▀[0m[38;2;166;166;166m[48;2;105;109;109m▀[0m[38;2;106;109;109m[48;2;120;123;125m▀[0m[38;2;133;133;136m[48;2;130;127;130m▀[0m[38;2;138;138;138m[48;2;133;133;135m▀[0m[38;2;136;140;140m[48;2;133;133;135m▀[0m[38;2;139;143;143m[48;2;136;137;132m▀[0m[38;2;177;176;176m[48;2;146;149;149m▀[0m[38;2;96;99;96m[48;2;129;131;129m▀[0m[38;2;77;79;79m[48;2;82;84;84m▀[0m[38;2;137;136;136m[48;2;181;180;180m▀[0m[38;2;108;106;106m[48;2;103;101;104m▀[0m[38;2;164;166;166m[48;2;135;137;137m▀[0m[38;2;147;150;150m[48;2;154;156;156m▀[0m[38;2;151;151;151m[48;2;147;150;150m▀[0m[38;2;150;154;151m[48;2;152;155;156m▀[0m[38;2;156;158;158m[48;2;166;164;167m▀[0m[38;2;140;138;141m[48;2;125;127;127m▀[0m[38;2;102;104;104m[48;2;114;118;118m▀[0m[38;2;191;192;189m[48;2;159;163;164m▀[0m[38;2;98;102;102m[48;2;99;99;100m▀[0m[38;2;172;176;172m[48;2;178;177;177m▀[0m[38;2;147;150;150m[48;2;143;145;145m▀[0m[38;2;137;137;137m[48;2;136;137;133m▀[0m[38;2;143;145;145m[48;2;163;166;166m▀[0m[38;2;181;183;185m[48;2;136;138;140m▀[0m[38;2;57;61;62m[48;2;0;0;0m▀[0m[38;2;0;0;0m[48;2;0;0;0m▀[0m[38;2;0;0;0m[48;2;0;0;0m▀[0m[38;2;0;0;0m[48;2;0;0;0m▀[0m[38;2;0;0;0m[48;2;0;0;0m▀[0m[38;2;0;0;0m[48;2;0;1;1m▀[0m[38;2;0;0;0m[48;2;0;0;0m▀[0m[38;2;39;42;39m[48;2;0;0;0m▀[0m[38;2;116;119;115m[48;2;2;2;3m▀[0m[38;2;187;190;190m[48;2;61;65;66m▀[0m[38;2;199;199;199m[48;2;123;126;123m▀[0m[38;2;173;178;178m[48;2;66;70;70m▀[0m[38;2;110;117;117m[48;2;3;7;10m▀[0m[38;2;18;22;22m[48;2;0;0;0m▀[0m[38;2;23;25;23m[48;2;158;157;158m▀[0m[38;2;164;162;165m[48;2;88;89;86m▀[0m[38;2;0;0;0m[48;2;0;0;0m▀[0m[38;2;255;255;255m[48;2;255;255;255m▀[0m[38;2;141;143;143m[48;2;8;10;10m▀[0m[38;2;81;87;87m[48;2;0;0;0m▀[0m[38;2;37;45;48m[48;2;0;0;0m▀[0m[38;2;47;50;50m[48;2;0;0;0m▀[0m[38;2;0;0;0m[48;2;0;0;0m▀[0m[38;2;0;0;0m[48;2;0;0;0m▀[0m[38;2;0;0;0m[48;2;0;0;0m▀[0m[38;2;0;0;0m[48;2;0;0;0m▀[0m[38;2;0;0;0m[48;2;0;0;0m▀[0m[38;2;0;0;0m[48;2;0;0;0m▀[0m[38;2;24;24;25m[48;2;0;0;0m▀[0m[38;2;189;189;193m[48;2;0;0;0m▀[0m[38;2;212;212;212m[48;2;86;86;88m▀[0m[38;2;193;196;196m[48;2;192;194;195m▀[0m[38;2;106;106;106m[48;2;191;191;193m▀[0m[38;2;139;142;138m[48;2;130;133;133m▀[0m[38;2;178;177;177m[48;2;183;185;185m▀[0m[38;2;109;112;112m[48;2;150;153;150m▀[0m[38;2;114;116;116m[48;2;85;85;85m▀[0m[38;2;157;157;159m[48;2;152;155;155m▀[0m[38;2;143;143;143m[48;2;151;151;151m▀[0m[38;2;145;145;145m[48;2;151;154;151m▀[0m[38;2;153;150;153m[48;2;127;131;127m▀[0m[38;2;168;168;168m[48;2;135;138;138m▀[0m[38;2;63;63;63m[48;2;127;127;127m▀[0m[38;2;0;0;0m[48;2;19;22;21m▀[0m[38;2;0;0;0m[48;2;1;1;1m▀[0m[38;2;52;55;55m[48;2;0;0;0m▀[0m
[38;2;112;112;112m[48;2;120;120;123m▀[0m[38;2;151;155;154m[48;2;101;103;104m▀[0m[38;2;239;240;237m[48;2;95;93;93m▀[0m[38;2;111;114;114m[48;2;116;116;116m▀[0m[38;2;118;117;117m[48;2;120;119;119m▀[0m[38;2;123;126;126m[48;2;122;125;125m▀[0m[38;2;126;128;128m[48;2;126;128;128m▀[0m[38;2;130;130;130m[48;2;128;128;129m▀[0m[38;2;129;131;131m[48;2;129;129;129m▀[0m[38;2;129;131;131m[48;2;128;130;130m▀[0m[38;2;131;133;131m[48;2;129;131;131m▀[0m[38;2;138;140;140m[48;2;132;135;135m▀[0m[38;2;144;144;144m[48;2;149;152;152m▀[0m[38;2;73;72;72m[48;2;62;64;64m▀[0m[38;2;153;156;156m[48;2;128;125;125m▀[0m[38;2;131;133;133m[48;2;144;142;145m▀[0m[38;2;112;112;112m[48;2;78;78;75m▀[0m[38;2;153;153;154m[48;2;142;145;141m▀[0m[38;2;154;152;155m[48;2;152;154;154m▀[0m[38;2;117;115;118m[48;2;99;101;101m▀[0m[38;2;144;146;146m[48;2;124;123;123m▀[0m[38;2;111;114;113m[48;2;113;115;115m▀[0m[38;2;127;133;130m[48;2;102;104;105m▀[0m[38;2;160;164;165m[48;2;142;145;146m▀[0m[38;2;101;104;103m[48;2;105;105;103m▀[0m[38;2;179;176;179m[48;2;173;173;173m▀[0m[38;2;132;131;132m[48;2;114;112;115m▀[0m[38;2;145;145;145m[48;2;164;164;164m▀[0m[38;2;150;149;150m[48;2;19;19;19m▀[0m[38;2;0;0;0m[48;2;0;0;0m▀[0m[38;2;0;0;0m[48;2;0;0;0m▀[0m[38;2;0;0;0m[48;2;9;9;9m▀[0m[38;2;0;0;0m[48;2;79;87;77m▀[0m[38;2;0;0;0m[48;2;88;24;23m▀[0m[38;2;0;0;0m[48;2;160;0;0m▀[0m[38;2;0;0;0m[48;2;65;5;0m▀[0m[38;2;3;9;9m[48;2;0;0;0m▀[0m[38;2;0;1;0m[48;2;1;5;5m▀[0m[38;2;0;0;0m[48;2;0;0;0m▀[0m[38;2;0;0;0m[48;2;0;0;0m▀[0m[38;2;0;0;0m[48;2;0;0;0m▀[0m[38;2;0;0;0m[48;2;0;0;0m▀[0m[38;2;0;0;0m[48;2;0;0;0m▀[0m[38;2;60;60;64m[48;2;74;73;73m▀[0m[38;2;255;255;255m[48;2;25;23;27m▀[0m[38;2;0;0;0m[48;2;0;0;0m▀[0m[38;2;56;59;56m[48;2;255;255;255m▀[0m[38;2;255;255;255m[48;2;255;255;255m▀[0m[38;2;0;0;0m[48;2;0;0;0m▀[0m[38;2;0;0;0m[48;2;0;0;0m▀[0m[38;2;0;0;0m[48;2;0;0;0m▀[0m[38;2;0;0;0m[48;2;0;0;0m▀[0m[38;2;0;0;0m[48;2;50;38;34m▀[0m[38;2;129;108;96m[48;2;157;122;109m▀[0m[38;2;165;138;123m[48;2;157;128;111m▀[0m[38;2;122;103;92m[48;2;153;125;106m▀[0m[38;2;45;37;36m[48;2;171;138;120m▀[0m[38;2;0;0;0m[48;2;129;106;91m▀[0m[38;2;0;0;0m[48;2;86;73;61m▀[0m[38;2;0;0;0m[48;2;15;10;6m▀[0m[38;2;0;0;0m[48;2;0;0;0m▀[0m[38;2;0;0;0m[48;2;0;0;0m▀[0m[38;2;69;71;71m[48;2;0;0;0m▀[0m[38;2;103;106;105m[48;2;0;0;0m▀[0m[38;2;159;163;159m[48;2;0;0;0m▀[0m[38;2;206;208;208m[48;2;45;47;47m▀[0m[38;2;127;127;124m[48;2;109;109;109m▀[0m[38;2;122;122;122m[48;2;91;91;91m▀[0m[38;2;117;115;119m[48;2;110;112;110m▀[0m[38;2;149;149;149m[48;2;83;83;83m▀[0m[38;2;155;157;157m[48;2;141;140;140m▀[0m[38;2;92;95;95m[48;2;114;114;114m▀[0m[38;2;170;169;169m[48;2;102;102;102m▀[0m[38;2;96;96;97m[48;2;187;187;189m▀[0m[38;2;15;15;15m[48;2;55;57;55m▀[0m[38;2;9;8;9m[48;2;24;24;21m▀[0m
