[38;2;1;1;5m[48;2;1;1;5m▀[0m[38;2;0;2;4m[48;2;0;1;5m▀[0m[38;2;0;2;4m[48;2;0;2;4m▀[0m[38;2;0;0;5m[48;2;1;0;5m▀[0m[38;2;21;20;4m[48;2;4;6;4m▀[0m[38;2;47;44;6m[48;2;11;15;4m▀[0m[38;2;0;0;0m[48;2;0;0;4m▀[0m[38;2;0;0;1m[48;2;0;0;0m▀[0m[38;2;0;0;0m[48;2;0;0;0m▀[0m[38;2;0;0;0m[48;2;0;0;0m▀[0m[38;2;88;88;81m[48;2;149;149;136m▀[0m[38;2;198;196;170m[48;2;169;164;135m▀[0m[38;2;6;8;6m[48;2;0;0;0m▀[0m[38;2;0;0;0m[48;2;0;0;0m▀[0m[38;2;4;0;2m[48;2;1;0;5m▀[0m[38;2;4;5;0m[48;2;5;2;2m▀[0m[38;2;4;5;0m[48;2;4;4;1m▀[0m[38;2;7;5;0m[48;2;4;5;0m▀[0m[38;2;8;4;0m[48;2;5;5;0m▀[0m[38;2;10;4;0m[48;2;7;5;2m▀[0m[38;2;10;6;0m[48;2;8;4;0m▀[0m[38;2;11;7;0m[48;2;8;4;0m▀[0m[38;2;14;6;1m[48;2;11;5;0m▀[0m[38;2;12;6;0m[48;2;12;6;0m▀[0m[38;2;14;7;0m[48;2;9;5;0m▀[0m[38;2;10;3;0m[48;2;33;29;17m▀[0m[38;2;11;5;0m[48;2;19;14;0m▀[0m[38;2;16;3;0m[48;2;42;28;12m▀[0m[38;2;21;5;0m[48;2;27;6;0m▀[0m[38;2;29;16;0m[48;2;28;8;0m▀[0m[38;2;37;24;2m[48;2;32;7;0m▀[0m[38;2;24;5;0m[48;2;30;4;0m▀[0m[38;2;29;9;0m[48;2;10;0;0m▀[0m[38;2;11;0;0m[48;2;0;0;0m▀[0m[38;2;79;50;0m[48;2;52;31;0m▀[0m[38;2;65;83;1m[48;2;35;27;0m▀[0m[38;2;78;0;0m[48;2;12;0;0m▀[0m[38;2;0;0;0m[48;2;0;0;0m▀[0m[38;2;92;106;46m[48;2;44;61;9m▀[0m[38;2;39;11;0m[48;2;28;0;0m▀[0m[38;2;21;2;0m[48;2;34;2;0m▀[0m[38;2;22;6;0m[48;2;34;7;0m▀[0m[38;2;27;20;0m[48;2;29;12;0m▀[0m[38;2;19;16;1m[48;2;21;7;0m▀[0m[38;2;7;1;0m[48;2;24;18;3m▀[0m[38;2;12;7;0m[48;2;7;1;0m▀[0m[38;2;11;3;0m[48;2;32;25;20m▀[0m[38;2;8;2;0m[48;2;22;16;0m▀[0m[38;2;12;1;1m[48;2;23;18;2m▀[0m[38;2;12;6;1m[48;2;5;1;1m▀[0m[38;2;11;7;0m[48;2;10;4;0m▀[0m[38;2;9;7;0m[48;2;8;4;1m▀[0m[38;2;6;0;0m[48;2;6;0;0m▀[0m[38;2;0;0;0m[48;2;0;0;0m▀[0m[38;2;115;113;90m[48;2;58;58;41m▀[0m[38;2;93;88;70m[48;2;126;128;105m▀[0m[38;2;0;0;0m[48;2;0;0;0m▀[0m[38;2;1;2;0m[48;2;0;0;0m▀[0m[38;2;5;2;2m[48;2;4;0;3m▀[0m[38;2;4;3;3m[48;2;3;3;4m▀[0m[38;2;0;0;0m[48;2;0;0;0m▀[0m[38;2;0;0;0m[48;2;0;0;0m▀[0m[38;2;0;0;1m[48;2;0;0;0m▀[0m[38;2;255;255;255m[48;2;255;255;255m▀[0m[38;2;0;0;0m[48;2;41;41;37m▀[0m[38;2;0;0;0m[48;2;0;0;0m▀[0m[38;2;0;0;0m[48;2;0;0;0m▀[0m[38;2;0;2;2m[48;2;0;2;3m▀[0m[38;2;0;2;4m[48;2;0;2;6m▀[0m[38;2;0;2;4m[48;2;0;2;6m▀[0m[38;2;0;2;6m[48;2;0;2;4m▀[0m[38;2;0;2;6m[48;2;0;2;6m▀[0m[38;2;0;2;6m[48;2;0;2;6m▀[0m[38;2;0;2;6m[48;2;0;2;6m▀[0m[38;2;0;2;6m[48;2;0;2;6m▀[0m[38;2;0;2;6m[48;2;0;2;6m▀[0m
[38;2;0;2;4m[48;2;0;2;6m▀[0m[38;2;0;1;5m[48;2;0;2;6m▀[0m[38;2;0;2;4m[48;2;0;2;6m▀[0m[38;2;0;2;4m[48;2;0;2;6m▀[0m[38;2;0;1;6m[48;2;0;2;4m▀[0m[38;2;0;0;5m[48;2;0;2;6m▀[0m[38;2;0;2;6m[48;2;0;2;6m▀[0m[38;2;0;0;2m[48;2;0;0;7m▀[0m[38;2;0;0;0m[48;2;0;0;0m▀[0m[38;2;0;0;0m[48;2;2;2;6m▀[0m[38;2;178;173;147m[48;2;169;165;139m▀[0m[38;2;114;109;90m[48;2;87;88;76m▀[0m[38;2;0;0;0m[48;2;0;0;0m▀[0m[38;2;0;0;0m[48;2;0;0;0m▀[0m[38;2;1;0;5m[48;2;0;2;0m▀[0m[38;2;4;1;3m[48;2;3;2;2m▀[0m[38;2;4;3;3m[48;2;3;2;3m▀[0m[38;2;4;3;3m[48;2;4;3;3m▀[0m[38;2;5;4;1m[48;2;5;2;2m▀[0m[38;2;5;5;0m[48;2;5;4;2m▀[0m[38;2;6;5;0m[48;2;5;5;0m▀[0m[38;2;7;5;0m[48;2;3;4;0m▀[0m[38;2;10;4;0m[48;2;10;4;1m▀[0m[38;2;12;6;0m[48;2;8;4;0m▀[0m[38;2;11;5;0m[48;2;5;0;0m▀[0m[38;2;19;14;0m[48;2;16;4;0m▀[0m[38;2;45;36;12m[48;2;20;2;0m▀[0m[38;2;35;18;0m[48;2;29;2;0m▀[0m[38;2;34;8;0m[48;2;17;0;0m▀[0m[38;2;33;4;0m[48;2;8;0;0m▀[0m[38;2;5;0;0m[48;2;144;64;0m▀[0m[38;2;22;0;0m[48;2;255;238;192m▀[0m[38;2;110;38;0m[48;2;255;255;255m▀[0m[38;2;212;165;116m[48;2;255;255;255m▀[0m[38;2;255;184;122m[48;2;255;205;209m▀[0m[38;2;255;235;185m[48;2;255;255;255m▀[0m[38;2;255;255;255m[48;2;190;142;131m▀[0m[38;2;255;237;212m[48;2;156;118;83m▀[0m[38;2;255;255;255m[48;2;255;255;255m▀[0m[38;2;123;60;0m[48;2;255;255;255m▀[0m[38;2;17;0;0m[48;2;255;226;191m▀[0m[38;2;34;1;0m[48;2;75;12;0m▀[0m[38;2;36;6;0m[48;2;34;0;0m▀[0m[38;2;30;6;0m[48;2;41;5;0m▀[0m[38;2;33;17;8m[48;2;10;0;0m▀[0m[38;2;70;65;47m[48;2;77;65;44m▀[0m[38;2;48;39;25m[48;2;55;46;22m▀[0m[38;2;28;30;16m[48;2;0;0;0m▀[0m[38;2;25;22;6m[48;2;7;5;2m▀[0m[38;2;29;30;11m[48;2;2;0;2m▀[0m[38;2;2;0;1m[48;2;6;4;1m▀[0m[38;2;7;5;0m[48;2;5;4;1m▀[0m[38;2;2;6;0m[48;2;2;4;2m▀[0m[38;2;0;0;0m[48;2;0;0;0m▀[0m[38;2;21;22;14m[48;2;0;0;0m▀[0m[38;2;132;142;123m[48;2;92;102;90m▀[0m[38;2;8;8;9m[48;2;29;32;29m▀[0m[38;2;0;0;0m[48;2;0;0;0m▀[0m[38;2;0;3;3m[48;2;3;3;3m▀[0m[38;2;3;2;3m[48;2;1;1;3m▀[0m[38;2;0;0;0m[48;2;0;0;1m▀[0m[38;2;0;0;0m[48;2;0;0;0m▀[0m[38;2;0;0;0m[48;2;0;0;0m▀[0m[38;2;197;197;189m[48;2;109;110;105m▀[0m[38;2;132;132;126m[48;2;189;192;187m▀[0m[38;2;0;0;0m[48;2;0;0;0m▀[0m[38;2;0;0;0m[48;2;0;0;0m▀[0m[38;2;0;0;2m[48;2;0;0;4m▀[0m[38;2;0;2;6m[48;2;0;2;6m▀[0m[38;2;0;2;4m[48;2;0;2;6m▀[0m[38;2;0;2;4m[48;2;0;2;6m▀[0m[38;2;0;2;6m[48;2;0;2;6m▀[0m[38;2;0;2;6m[48;2;0;2;6m▀[0m[38;2;0;2;6m[48;2;0;2;6m▀[0m[38;2;0;2;6m[48;2;0;2;4m▀[0m[38;2;0;2;6m[48;2;0;2;6m▀[0m
[38;2;0;2;6m[48;2;0;2;6m▀[0m[38;2;0;2;6m[48;2;0;2;6m▀[0m[38;2;0;2;6m[48;2;0;2;6m▀[0m[38;2;0;2;6m[48;2;0;2;6m▀[0m[38;2;0;2;6m[48;2;0;2;6m▀[0m[38;2;0;2;6m[48;2;0;2;6m▀[0m[38;2;0;2;6m[48;2;0;2;4m▀[0m[38;2;0;0;5m[48;2;0;0;4m▀[0m[38;2;0;0;0m[48;2;0;0;0m▀[0m[38;2;5;9;10m[48;2;14;15;11m▀[0m[38;2;179;171;142m[48;2;196;183;160m▀[0m[38;2;74;70;59m[48;2;65;61;64m▀[0m[38;2;0;0;0m[48;2;0;0;0m▀[0m[38;2;0;0;2m[48;2;0;0;0m▀[0m[38;2;0;0;4m[48;2;0;2;3m▀[0m[38;2;3;2;2m[48;2;0;2;2m▀[0m[38;2;3;2;3m[48;2;2;2;2m▀[0m[38;2;3;3;3m[48;2;2;2;3m▀[0m[38;2;4;3;3m[48;2;3;2;2m▀[0m[38;2;4;1;3m[48;2;3;2;3m▀[0m[38;2;4;1;3m[48;2;0;3;3m▀[0m[38;2;4;4;2m[48;2;9;5;1m▀[0m[38;2;6;4;1m[48;2;11;3;0m▀[0m[38;2;16;10;0m[48;2;19;7;0m▀[0m[38;2;31;30;10m[48;2;48;37;6m▀[0m[38;2;18;0;0m[48;2;23;0;0m▀[0m[38;2;28;1;0m[48;2;0;0;0m▀[0m[38;2;0;0;0m[48;2;84;17;0m▀[0m[38;2;58;0;0m[48;2;255;255;255m▀[0m[38;2;255;187;146m[48;2;255;255;255m▀[0m[38;2;255;255;255m[48;2;207;219;230m▀[0m[38;2;255;255;255m[48;2;0;0;0m▀[0m[38;2;255;255;255m[48;2;36;38;39m▀[0m[38;2;237;221;200m[48;2;0;0;0m▀[0m[38;2;61;73;57m[48;2;0;0;0m▀[0m[38;2;0;0;0m[48;2;0;0;0m▀[0m[38;2;0;0;0m[48;2;27;45;54m▀[0m[38;2;0;0;0m[48;2;31;41;48m▀[0m[38;2;0;0;0m[48;2;0;12;28m▀[0m[38;2;165;170;176m[48;2;0;0;0m▀[0m[38;2;255;255;255m[48;2;22;7;3m▀[0m[38;2;255;255;255m[48;2;181;207;225m▀[0m[38;2;151;96;47m[48;2;255;255;255m▀[0m[38;2;29;0;0m[48;2;205;167;125m▀[0m[38;2;41;7;0m[48;2;14;0;0m▀[0m[38;2;7;0;0m[48;2;34;7;0m▀[0m[38;2;8;0;0m[48;2;19;5;0m▀[0m[38;2;16;7;0m[48;2;16;3;0m▀[0m[38;2;5;4;0m[48;2;18;12;2m▀[0m[38;2;2;3;0m[48;2;11;9;3m▀[0m[38;2;3;3;3m[48;2;3;0;3m▀[0m[38;2;0;3;3m[48;2;0;2;3m▀[0m[38;2;0;3;4m[48;2;3;2;3m▀[0m[38;2;1;0;5m[48;2;3;2;3m▀[0m[38;2;0;0;0m[48;2;1;0;5m▀[0m[38;2;10;12;12m[48;2;0;0;0m▀[0m[38;2;8;10;8m[48;2;0;0;0m▀[0m[38;2;0;0;0m[48;2;0;2;3m▀[0m[38;2;2;2;3m[48;2;0;2;3m▀[0m[38;2;0;2;4m[48;2;0;2;2m▀[0m[38;2;0;2;3m[48;2;0;3;2m▀[0m[38;2;0;0;0m[48;2;0;0;0m▀[0m[38;2;0;0;0m[48;2;0;0;0m▀[0m[38;2;33;36;38m[48;2;0;0;0m▀[0m[38;2;217;217;211m[48;2;214;213;206m▀[0m[38;2;0;0;0m[48;2;0;0;0m▀[0m[38;2;0;0;0m[48;2;27;22;2m▀[0m[38;2;0;0;0m[48;2;60;59;9m▀[0m[38;2;0;2;6m[48;2;0;0;1m▀[0m[38;2;0;2;4m[48;2;1;3;4m▀[0m[38;2;0;2;6m[48;2;0;2;4m▀[0m[38;2;0;2;6m[48;2;0;2;4m▀[0m[38;2;0;2;4m[48;2;0;2;6m▀[0m[38;2;0;2;6m[48;2;0;2;6m▀[0m[38;2;0;2;4m[48;2;0;2;6m▀[0m[38;2;0;2;4m[48;2;0;2;6m▀[0m
[38;2;0;2;6m[48;2;0;2;6m▀[0m[38;2;0;2;6m[48;2;0;2;4m▀[0m[38;2;0;2;6m[48;2;0;2;6m▀[0m[38;2;0;2;6m[48;2;0;2;6m▀[0m[38;2;0;2;6m[48;2;0;2;6m▀[0m[38;2;0;2;6m[48;2;0;2;4m▀[0m[38;2;0;2;6m[48;2;0;2;4m▀[0m[38;2;0;0;4m[48;2;0;0;4m▀[0m[38;2;0;0;0m[48;2;0;0;0m▀[0m[38;2;11;10;7m[48;2;10;11;5m▀[0m[38;2;208;201;182m[48;2;225;217;203m▀[0m[38;2;61;63;64m[48;2;68;70;72m▀[0m[38;2;0;0;0m[48;2;0;0;0m▀[0m[38;2;0;0;0m[48;2;0;0;0m▀[0m[38;2;2;3;0m[48;2;0;2;4m▀[0m[38;2;0;2;2m[48;2;2;2;3m▀[0m[38;2;2;2;3m[48;2;2;2;2m▀[0m[38;2;2;2;3m[48;2;0;2;3m▀[0m[38;2;3;2;3m[48;2;0;2;3m▀[0m[38;2;3;2;3m[48;2;0;2;3m▀[0m[38;2;2;4;2m[48;2;8;6;0m▀[0m[38;2;7;3;0m[48;2;17;8;0m▀[0m[38;2;23;17;2m[48;2;20;7;0m▀[0m[38;2;46;34;16m[48;2;27;2;0m▀[0m[38;2;14;0;0m[48;2;0;0;0m▀[0m[38;2;0;0;0m[48;2;76;18;0m▀[0m[38;2;103;48;0m[48;2;255;255;255m▀[0m[38;2;255;255;255m[48;2;255;255;255m▀[0m[38;2;255;255;255m[48;2;154;138;49m▀[0m[38;2;174;163;156m[48;2;23;14;18m▀[0m[38;2;2;18;62m[48;2;255;255;115m▀[0m[38;2;0;0;19m[48;2;234;209;163m▀[0m[38;2;0;0;0m[48;2;12;51;87m▀[0m[38;2;0;0;0m[48;2;166;218;234m▀[0m[38;2;79;103;113m[48;2;45;81;96m▀[0m[38;2;31;41;43m[48;2;30;22;18m▀[0m[38;2;255;255;255m[48;2;0;0;0m▀[0m[38;2;95;136;150m[48;2;0;0;0m▀[0m[38;2;171;231;255m[48;2;0;0;0m▀[0m[38;2;104;153;183m[48;2;37;50;63m▀[0m[38;2;48;47;47m[48;2;0;31;35m▀[0m[38;2;0;0;0m[48;2;49;0;0m▀[0m[38;2;95;112;139m[48;2;0;0;0m▀[0m[38;2;255;255;255m[48;2;0;0;7m▀[0m[38;2;199;156;102m[48;2;255;255;255m▀[0m[38;2;0;0;0m[48;2;127;82;46m▀[0m[38;2;30;9;0m[48;2;0;0;0m▀[0m[38;2;15;0;0m[48;2;23;4;0m▀[0m[38;2;28;23;7m[48;2;15;0;0m▀[0m[38;2;18;18;6m[48;2;5;0;0m▀[0m[38;2;2;0;2m[48;2;2;1;0m▀[0m[38;2;1;0;2m[48;2;0;1;2m▀[0m[38;2;35;33;10m[48;2;3;3;4m▀[0m[38;2;2;2;3m[48;2;0;2;3m▀[0m[38;2;2;2;3m[48;2;0;2;3m▀[0m[38;2;0;2;4m[48;2;0;2;3m▀[0m[38;2;0;2;3m[48;2;0;2;2m▀[0m[38;2;0;2;3m[48;2;2;2;3m▀[0m[38;2;0;2;2m[48;2;0;2;3m▀[0m[38;2;0;2;2m[48;2;0;2;3m▀[0m[38;2;1;3;3m[48;2;1;3;7m▀[0m[38;2;0;0;0m[48;2;0;0;0m▀[0m[38;2;22;28;20m[48;2;30;34;20m▀[0m[38;2;0;0;0m[48;2;4;4;0m▀[0m[38;2;182;183;174m[48;2;147;146;136m▀[0m[38;2;0;0;0m[48;2;0;0;7m▀[0m[38;2;0;0;0m[48;2;0;0;0m▀[0m[38;2;8;9;6m[48;2;0;0;0m▀[0m[38;2;0;0;6m[48;2;0;2;6m▀[0m[38;2;0;2;6m[48;2;0;2;6m▀[0m[38;2;0;2;6m[48;2;0;2;6m▀[0m[38;2;0;2;4m[48;2;0;2;6m▀[0m[38;2;0;2;4m[48;2;0;2;6m▀[0m[38;2;0;2;6m[48;2;0;2;6m▀[0m[38;2;0;2;6m[48;2;0;2;6m▀[0m[38;2;0;2;6m[48;2;0;2;4m▀[0m
[38;2;0;2;4m[48;2;0;2;4m▀[0m[38;2;0;2;6m[48;2;0;2;4m▀[0m[38;2;0;2;6m[48;2;0;2;6m▀[0m[38;2;0;2;6m[48;2;0;2;6m▀[0m[38;2;0;2;6m[48;2;0;2;4m▀[0m[38;2;0;2;6m[48;2;0;2;6m▀[0m[38;2;0;1;5m[48;2;0;2;6m▀[0m[38;2;0;0;4m[48;2;0;0;5m▀[0m[38;2;0;0;0m[48;2;0;0;0m▀[0m[38;2;2;2;0m[48;2;0;0;0m▀[0m[38;2;219;214;195m[48;2;207;198;173m▀[0m[38;2;86;88;90m[48;2;128;127;125m▀[0m[38;2;0;0;0m[48;2;0;0;0m▀[0m[38;2;0;0;0m[48;2;0;0;0m▀[0m[38;2;0;2;6m[48;2;0;0;1m▀[0m[38;2;0;2;4m[48;2;0;2;6m▀[0m[38;2;1;3;3m[48;2;0;2;6m▀[0m[38;2;2;2;2m[48;2;2;2;4m▀[0m[38;2;0;2;2m[48;2;0;2;4m▀[0m[38;2;1;4;3m[48;2;2;4;2m▀[0m[38;2;12;6;0m[48;2;16;7;0m▀[0m[38;2;18;6;0m[48;2;22;4;0m▀[0m[38;2;25;2;0m[48;2;27;0;0m▀[0m[38;2;23;0;0m[48;2;0;0;0m▀[0m[38;2;12;0;0m[48;2;153;117;83m▀[0m[38;2;255;255;232m[48;2;255;255;255m▀[0m[38;2;255;255;255m[48;2;29;47;58m▀[0m[38;2;16;7;0m[48;2;0;0;0m▀[0m[38;2;255;255;56m[48;2;96;37;0m▀[0m[38;2;84;49;0m[48;2;255;218;0m▀[0m[38;2;118;60;0m[48;2;135;130;86m▀[0m[38;2;108;82;17m[48;2;0;0;0m▀[0m[38;2;12;72;129m[48;2;0;0;0m▀[0m[38;2;0;0;2m[48;2;0;0;0m▀[0m[38;2;0;0;0m[48;2;17;23;28m▀[0m[38;2;183;167;158m[48;2;255;255;255m▀[0m[38;2;173;0;0m[48;2;255;123;109m▀[0m[38;2;0;0;0m[48;2;39;0;0m▀[0m[38;2;0;0;0m[48;2;0;9;5m▀[0m[38;2;100;3;0m[48;2;98;0;0m▀[0m[38;2;19;0;0m[48;2;255;0;0m▀[0m[38;2;165;0;0m[48;2;171;0;0m▀[0m[38;2;0;0;0m[48;2;0;0;0m▀[0m[38;2;0;0;0m[48;2;50;0;0m▀[0m[38;2;22;49;64m[48;2;0;0;0m▀[0m[38;2;255;255;255m[48;2;145;109;72m▀[0m[38;2;127;74;31m[48;2;255;255;190m▀[0m[38;2;29;8;0m[48;2;172;164;74m▀[0m[38;2;12;0;0m[48;2;14;0;0m▀[0m[38;2;28;27;10m[48;2;19;10;0m▀[0m[38;2;9;10;0m[48;2;0;0;0m▀[0m[38;2;0;0;2m[48;2;0;0;0m▀[0m[38;2;0;0;0m[48;2;0;0;0m▀[0m[38;2;0;0;1m[48;2;0;0;0m▀[0m[38;2;1;3;3m[48;2;0;0;0m▀[0m[38;2;0;2;3m[48;2;0;0;4m▀[0m[38;2;0;2;3m[48;2;0;2;4m▀[0m[38;2;0;2;4m[48;2;0;2;4m▀[0m[38;2;0;2;4m[48;2;0;2;4m▀[0m[38;2;0;2;4m[48;2;0;2;6m▀[0m[38;2;1;3;5m[48;2;0;1;6m▀[0m[38;2;0;0;0m[48;2;0;0;0m▀[0m[38;2;21;24;18m[48;2;24;25;19m▀[0m[38;2;32;34;17m[48;2;41;48;29m▀[0m[38;2;123;124;112m[48;2;117;118;105m▀[0m[38;2;2;4;10m[48;2;1;3;9m▀[0m[38;2;0;0;0m[48;2;0;0;0m▀[0m[38;2;0;0;4m[48;2;0;0;4m▀[0m[38;2;0;2;4m[48;2;0;2;6m▀[0m[38;2;0;2;4m[48;2;0;2;6m▀[0m[38;2;0;2;6m[48;2;0;2;6m▀[0m[38;2;0;2;6m[48;2;0;2;6m▀[0m[38;2;0;2;6m[48;2;0;2;6m▀[0m[38;2;0;2;4m[48;2;0;2;6m▀[0m[38;2;0;2;6m[48;2;0;2;6m▀[0m[38;2;1;1;5m[48;2;0;2;6m▀[0m
[38;2;0;2;4m[48;2;0;2;6m▀[0m[38;2;0;2;6m[48;2;0;2;6m▀[0m[38;2;0;2;6m[48;2;0;2;6m▀[0m[38;2;0;2;6m[48;2;0;2;6m▀[0m[38;2;0;2;6m[48;2;0;2;6m▀[0m[38;2;0;2;4m[48;2;0;2;6m▀[0m[38;2;0;2;6m[48;2;0;2;6m▀[0m[38;2;0;1;7m[48;2;0;2;6m▀[0m[38;2;0;0;0m[48;2;0;0;0m▀[0m[38;2;0;0;0m[48;2;0;0;0m▀[0m[38;2;167;159;130m[48;2;98;91;66m▀[0m[38;2;194;190;182m[48;2;252;251;240m▀[0m[38;2;0;0;0m[48;2;0;0;0m▀[0m[38;2;0;0;0m[48;2;0;0;0m▀[0m[38;2;0;0;2m[48;2;0;0;0m▀[0m[38;2;0;2;6m[48;2;0;2;6m▀[0m[38;2;0;2;6m[48;2;0;2;6m▀[0m[38;2;0;2;4m[48;2;0;1;5m▀[0m[38;2;0;2;6m[48;2;0;2;4m▀[0m[38;2;4;4;2m[48;2;2;0;3m▀[0m[38;2;15;6;0m[48;2;15;2;0m▀[0m[38;2;24;0;0m[48;2;23;0;0m▀[0m[38;2;19;1;0m[48;2;0;0;0m▀[0m[38;2;38;12;0m[48;2;234;195;158m▀[0m[38;2;255;255;255m[48;2;255;255;255m▀[0m[38;2;217;228;241m[48;2;0;0;0m▀[0m[38;2;0;0;0m[48;2;0;0;0m▀[0m[38;2;66;55;64m[48;2;109;95;101m▀[0m[38;2;0;0;5m[48;2;1;3;5m▀[0m[38;2;0;0;0m[48;2;0;0;0m▀[0m[38;2;51;33;12m[48;2;0;0;0m▀[0m[38;2;1;0;0m[48;2;10;0;0m▀[0m[38;2;0;0;0m[48;2;24;0;0m▀[0m[38;2;91;0;0m[48;2;63;18;16m▀[0m[38;2;154;180;194m[48;2;255;255;255m▀[0m[38;2;48;98;111m[48;2;55;79;92m▀[0m[38;2;38;4;4m[48;2;0;0;0m▀[0m[38;2;223;0;0m[48;2;0;0;0m▀[0m[38;2;0;23;8m[48;2;118;0;0m▀[0m[38;2;255;0;0m[48;2;255;0;0m▀[0m[38;2;255;0;0m[48;2;104;0;0m▀[0m[38;2;0;0;0m[48;2;126;0;0m▀[0m[38;2;127;100;93m[48;2;87;99;84m▀[0m[38;2;234;12;12m[48;2;155;52;48m▀[0m[38;2;0;0;0m[48;2;87;0;0m▀[0m[38;2;0;0;0m[48;2;25;0;0m▀[0m[38;2;180;147;49m[48;2;212;43;0m▀[0m[38;2;125;99;27m[48;2;3;32;0m▀[0m[38;2;0;0;0m[48;2;0;0;0m▀[0m[38;2;0;0;0m[48;2;85;92;90m▀[0m[38;2;1;0;0m[48;2;144;156;167m▀[0m[38;2;28;31;35m[48;2;157;165;168m▀[0m[38;2;0;0;0m[48;2;16;15;16m▀[0m[38;2;0;0;0m[48;2;77;85;86m▀[0m[38;2;0;0;0m[48;2;103;110;113m▀[0m[38;2;0;0;0m[48;2;0;0;0m▀[0m[38;2;0;0;0m[48;2;0;0;0m▀[0m[38;2;1;0;5m[48;2;0;0;4m▀[0m[38;2;0;2;6m[48;2;0;2;6m▀[0m[38;2;0;2;6m[48;2;0;2;6m▀[0m[38;2;0;1;7m[48;2;0;1;7m▀[0m[38;2;0;0;0m[48;2;0;0;0m▀[0m[38;2;27;28;24m[48;2;34;35;32m▀[0m[38;2;48;52;36m[48;2;48;52;36m▀[0m[38;2;115;114;101m[48;2;112;111;91m▀[0m[38;2;3;5;10m[48;2;0;2;7m▀[0m[38;2;0;0;0m[48;2;0;0;0m▀[0m[38;2;0;0;4m[48;2;0;0;6m▀[0m[38;2;0;2;6m[48;2;0;2;4m▀[0m[38;2;0;2;4m[48;2;0;2;6m▀[0m[38;2;0;2;4m[48;2;0;2;4m▀[0m[38;2;0;2;4m[48;2;0;2;4m▀[0m[38;2;0;2;6m[48;2;0;2;4m▀[0m[38;2;0;2;6m[48;2;0;2;6m▀[0m[38;2;0;2;6m[48;2;0;2;6m▀[0m[38;2;0;2;6m[48;2;0;2;6m▀[0m
[38;2;0;2;6m[48;2;0;2;6m▀[0m[38;2;0;2;6m[48;2;0;2;6m▀[0m[38;2;0;2;6m[48;2;0;2;6m▀[0m[38;2;0;2;6m[48;2;0;2;6m▀[0m[38;2;0;2;6m[48;2;0;2;4m▀[0m[38;2;0;2;4m[48;2;0;2;6m▀[0m[38;2;0;2;6m[48;2;0;2;6m▀[0m[38;2;0;2;6m[48;2;0;2;4m▀[0m[38;2;0;0;0m[48;2;0;0;2m▀[0m[38;2;0;0;0m[48;2;0;0;0m▀[0m[38;2;28;27;6m[48;2;0;0;0m▀[0m[38;2;255;255;251m[48;2;234;226;194m▀[0m[38;2;6;8;15m[48;2;113;115;115m▀[0m[38;2;0;0;0m[48;2;0;0;0m▀[0m[38;2;0;0;0m[48;2;0;0;0m▀[0m[38;2;0;2;6m[48;2;0;0;6m▀[0m[38;2;0;2;4m[48;2;0;1;3m▀[0m[38;2;0;2;4m[48;2;0;2;4m▀[0m[38;2;0;0;4m[48;2;5;12;5m▀[0m[38;2;0;0;2m[48;2;0;0;0m▀[0m[38;2;0;0;0m[48;2;0;0;0m▀[0m[38;2;15;0;0m[48;2;0;0;0m▀[0m[38;2;57;29;1m[48;2;131;105;99m▀[0m[38;2;255;255;255m[48;2;255;255;255m▀[0m[38;2;103;123;126m[48;2;0;0;0m▀[0m[38;2;0;0;0m[48;2;0;0;0m▀[0m[38;2;0;0;0m[48;2;2;0;0m▀[0m[38;2;123;96;99m[48;2;139;55;39m▀[0m[38;2;0;0;0m[48;2;0;0;0m▀[0m[38;2;0;0;0m[48;2;0;0;0m▀[0m[38;2;30;1;0m[48;2;93;0;0m▀[0m[38;2;151;0;0m[48;2;255;0;0m▀[0m[38;2;84;0;0m[48;2;0;0;0m▀[0m[38;2;0;0;0m[48;2;0;0;0m▀[0m[38;2;167;200;210m[48;2;113;147;152m▀[0m[38;2;0;0;0m[48;2;0;0;0m▀[0m[38;2;0;0;0m[48;2;0;0;0m▀[0m[38;2;0;0;0m[48;2;0;0;0m▀[0m[38;2;126;0;0m[48;2;0;0;11m▀[0m[38;2;5;0;0m[48;2;3;46;57m▀[0m[38;2;0;0;0m[48;2;243;212;187m▀[0m[38;2;0;0;0m[48;2;110;144;144m▀[0m[38;2;0;33;37m[48;2;1;46;76m▀[0m[38;2;0;2;1m[48;2;0;0;0m▀[0m[38;2;83;2;0m[48;2;0;0;0m▀[0m[38;2;112;0;0m[48;2;156;0;0m▀[0m[38;2;255;0;0m[48;2;255;0;0m▀[0m[38;2;46;18;0m[48;2;164;0;0m▀[0m[38;2;0;0;0m[48;2;0;0;0m▀[0m[38;2;52;66;66m[48;2;3;11;10m▀[0m[38;2;118;127;135m[48;2;235;254;255m▀[0m[38;2;83;83;83m[48;2;255;255;255m▀[0m[38;2;12;17;17m[48;2;219;235;241m▀[0m[38;2;100;116;114m[48;2;108;119;124m▀[0m[38;2;154;164;166m[48;2;81;84;86m▀[0m[38;2;58;61;63m[48;2;61;63;65m▀[0m[38;2;0;0;0m[48;2;0;0;0m▀[0m[38;2;0;0;2m[48;2;0;0;4m▀[0m[38;2;0;2;6m[48;2;0;2;6m▀[0m[38;2;0;2;6m[48;2;0;2;6m▀[0m[38;2;0;0;2m[48;2;0;0;0m▀[0m[38;2;0;0;0m[48;2;0;0;0m▀[0m[38;2;51;52;41m[48;2;70;74;61m▀[0m[38;2;35;41;29m[48;2;15;22;14m▀[0m[38;2;114;113;93m[48;2;116;117;104m▀[0m[38;2;0;0;0m[48;2;0;0;0m▀[0m[38;2;0;0;0m[48;2;0;0;0m▀[0m[38;2;0;0;6m[48;2;0;0;6m▀[0m[38;2;0;2;6m[48;2;0;2;6m▀[0m[38;2;0;2;6m[48;2;0;2;6m▀[0m[38;2;0;2;6m[48;2;0;2;6m▀[0m[38;2;0;2;6m[48;2;0;2;6m▀[0m[38;2;0;2;4m[48;2;0;2;6m▀[0m[38;2;0;2;4m[48;2;0;2;6m▀[0m[38;2;0;2;6m[48;2;0;2;6m▀[0m[38;2;0;2;4m[48;2;0;2;6m▀[0m
[38;2;0;2;6m[48;2;0;2;6m▀[0m[38;2;0;2;6m[48;2;0;2;6m▀[0m[38;2;0;2;6m[48;2;0;2;6m▀[0m[38;2;0;2;4m[48;2;0;2;6m▀[0m[38;2;0;2;4m[48;2;0;2;4m▀[0m[38;2;0;2;6m[48;2;0;2;6m▀[0m[38;2;2;2;6m[48;2;0;2;6m▀[0m[38;2;0;2;6m[48;2;0;2;4m▀[0m[38;2;0;0;2m[48;2;0;2;4m▀[0m[38;2;0;0;0m[48;2;0;0;1m▀[0m[38;2;0;0;0m[48;2;0;0;0m▀[0m[38;2;117;113;83m[48;2;28;23;4m▀[0m[38;2;219;218;205m[48;2;217;213;196m▀[0m[38;2;0;0;0m[48;2;20;22;31m▀[0m[38;2;0;0;0m[48;2;0;0;0m▀[0m[38;2;3;3;4m[48;2;0;0;4m▀[0m[38;2;29;31;12m[48;2;2;4;5m▀[0m[38;2;0;0;1m[48;2;0;0;5m▀[0m[38;2;6;9;6m[48;2;0;0;2m▀[0m[38;2;0;0;0m[48;2;0;0;0m▀[0m[38;2;0;2;12m[48;2;15;35;45m▀[0m[38;2;0;0;2m[48;2;58;48;44m▀[0m[38;2;255;251;247m[48;2;255;255;255m▀[0m[38;2;149;165;177m[48;2;0;0;0m▀[0m[38;2;0;0;0m[48;2;0;0;0m▀[0m[38;2;0;0;0m[48;2;0;0;0m▀[0m[38;2;69;0;0m[48;2;71;0;0m▀[0m[38;2;108;14;1m[48;2;25;0;0m▀[0m[38;2;0;3;0m[48;2;0;0;0m▀[0m[38;2;0;2;3m[48;2;97;2;0m▀[0m[38;2;0;0;0m[48;2;0;0;5m▀[0m[38;2;255;0;0m[48;2;252;0;0m▀[0m[38;2;0;3;3m[48;2;233;60;58m▀[0m[38;2;0;0;0m[48;2;30;127;139m▀[0m[38;2;159;210;220m[48;2;109;100;104m▀[0m[38;2;195;228;234m[48;2;255;251;254m▀[0m[38;2;36;39;41m[48;2;156;91;100m▀[0m[38;2;60;38;38m[48;2;145;99;115m▀[0m[38;2;139;102;116m[48;2;126;111;126m▀[0m[38;2;153;128;139m[48;2;104;111;120m▀[0m[38;2;255;255;255m[48;2;76;84;98m▀[0m[38;2;234;185;184m[48;2;76;76;81m▀[0m[38;2;0;0;0m[48;2;78;75;84m▀[0m[38;2;0;0;0m[48;2;0;0;0m▀[0m[38;2;34;0;0m[48;2;0;0;0m▀[0m[38;2;216;0;0m[48;2;255;0;0m▀[0m[38;2;179;0;0m[48;2;55;0;0m▀[0m[38;2;65;0;0m[48;2;34;95;91m▀[0m[38;2;0;0;0m[48;2;126;142;138m▀[0m[38;2;165;195;206m[48;2;234;255;255m▀[0m[38;2;255;255;255m[48;2;217;230;243m▀[0m[38;2;250;255;255m[48;2;218;228;245m▀[0m[38;2;255;255;255m[48;2;213;222;231m▀[0m[38;2;196;209;220m[48;2;255;255;255m▀[0m[38;2;0;0;0m[48;2;73;81;88m▀[0m[38;2;0;0;0m[48;2;0;0;0m▀[0m[38;2;0;0;0m[48;2;0;0;0m▀[0m[38;2;0;0;1m[48;2;0;0;0m▀[0m[38;2;0;2;6m[48;2;0;0;2m▀[0m[38;2;0;0;4m[48;2;0;0;2m▀[0m[38;2;0;0;0m[48;2;0;0;0m▀[0m[38;2;9;11;14m[48;2;49;49;43m▀[0m[38;2;45;48;37m[48;2;19;19;20m▀[0m[38;2;0;0;0m[48;2;0;0;0m▀[0m[38;2;110;111;102m[48;2;91;92;79m▀[0m[38;2;0;0;0m[48;2;0;0;0m▀[0m[38;2;0;0;4m[48;2;0;1;5m▀[0m[38;2;0;2;4m[48;2;0;2;6m▀[0m[38;2;0;2;6m[48;2;0;2;6m▀[0m[38;2;0;2;6m[48;2;0;2;6m▀[0m[38;2;0;2;6m[48;2;0;2;6m▀[0m[38;2;0;2;4m[48;2;0;2;4m▀[0m[38;2;0;2;6m[48;2;0;2;4m▀[0m[38;2;0;2;6m[48;2;0;2;6m▀[0m[38;2;0;2;6m[48;2;0;2;6m▀[0m[38;2;0;2;6m[48;2;0;2;6m▀[0m
[38;2;0;2;6m[48;2;0;2;6m▀[0m[38;2;0;2;6m[48;2;0;2;6m▀[0m[38;2;0;2;6m[48;2;0;2;6m▀[0m[38;2;0;2;6m[48;2;0;2;6m▀[0m[38;2;0;2;6m[48;2;0;2;6m▀[0m[38;2;1;1;5m[48;2;0;2;4m▀[0m[38;2;0;2;4m[48;2;0;2;6m▀[0m[38;2;0;2;4m[48;2;0;2;6m▀[0m[38;2;0;2;6m[48;2;0;2;6m▀[0m[38;2;0;0;4m[48;2;0;0;6m▀[0m[38;2;0;0;0m[48;2;0;0;0m▀[0m[38;2;1;0;0m[48;2;0;0;0m▀[0m[38;2;119;111;84m[48;2;63;59;39m▀[0m[38;2;112;106;87m[48;2;78;75;49m▀[0m[38;2;0;0;0m[48;2;8;8;10m▀[0m[38;2;0;0;4m[48;2;0;0;0m▀[0m[38;2;0;0;5m[48;2;0;0;2m▀[0m[38;2;0;0;4m[48;2;0;0;0m▀[0m[38;2;0;0;0m[48;2;0;0;0m▀[0m[38;2;0;0;0m[48;2;0;0;0m▀[0m[38;2;0;14;20m[48;2;74;84;91m▀[0m[38;2;187;174;166m[48;2;255;255;255m▀[0m[38;2;145;158;166m[48;2;0;0;0m▀[0m[38;2;0;0;0m[48;2;0;0;0m▀[0m[38;2;0;0;0m[48;2;0;0;0m▀[0m[38;2;69;0;0m[48;2;214;0;0m▀[0m[38;2;99;20;8m[48;2;34;15;11m▀[0m[38;2;195;31;17m[48;2;56;29;25m▀[0m[38;2;0;0;0m[48;2;250;0;0m▀[0m[38;2;166;0;0m[48;2;0;0;0m▀[0m[38;2;255;0;0m[48;2;255;0;0m▀[0m[38;2;214;0;0m[48;2;255;0;0m▀[0m[38;2;255;0;0m[48;2;255;0;0m▀[0m[38;2;167;70;70m[48;2;172;0;0m▀[0m[38;2;89;115;126m[48;2;152;14;9m▀[0m[38;2;106;78;90m[48;2;71;73;74m▀[0m[38;2;111;90;99m[48;2;98;114;118m▀[0m[38;2;105;102;114m[48;2;101;109;117m▀[0m[38;2;103;112;120m[48;2;101;119;126m▀[0m[38;2;101;120;127m[48;2;99;119;129m▀[0m[38;2;115;135;145m[48;2;122;48;47m▀[0m[38;2;122;130;139m[48;2;79;10;3m▀[0m[38;2;144;132;147m[48;2;97;93;96m▀[0m[38;2;98;81;95m[48;2;124;114;129m▀[0m[38;2;0;57;49m[48;2;81;146;151m▀[0m[38;2;220;0;0m[48;2;211;0;0m▀[0m[38;2;197;0;0m[48;2;255;37;3m▀[0m[38;2;211;255;255m[48;2;255;255;255m▀[0m[38;2;176;205;200m[48;2;255;255;255m▀[0m[38;2;166;182;177m[48;2;117;142;130m▀[0m[38;2;162;171;171m[48;2;91;92;85m▀[0m[38;2;194;206;219m[48;2;135;142;150m▀[0m[38;2;210;217;226m[48;2;218;230;240m▀[0m[38;2;253;255;255m[48;2;241;253;255m▀[0m[38;2;100;112;115m[48;2;193;208;212m▀[0m[38;2;0;0;0m[48;2;145;158;166m▀[0m[38;2;0;0;0m[48;2;71;79;83m▀[0m[38;2;0;0;0m[48;2;0;0;0m▀[0m[38;2;0;0;0m[48;2;0;0;0m▀[0m[38;2;0;0;0m[48;2;0;0;0m▀[0m[38;2;0;0;0m[48;2;19;19;24m▀[0m[38;2;123;123;106m[48;2;196;195;182m▀[0m[38;2;0;0;0m[48;2;0;0;0m▀[0m[38;2;19;21;21m[48;2;21;21;19m▀[0m[38;2;54;52;46m[48;2;10;12;14m▀[0m[38;2;0;0;0m[48;2;0;0;0m▀[0m[38;2;0;1;7m[48;2;0;2;4m▀[0m[38;2;0;2;6m[48;2;0;2;4m▀[0m[38;2;0;2;6m[48;2;0;2;4m▀[0m[38;2;0;2;6m[48;2;0;2;4m▀[0m[38;2;0;2;6m[48;2;0;2;6m▀[0m[38;2;0;2;6m[48;2;0;2;6m▀[0m[38;2;0;2;6m[48;2;0;2;6m▀[0m[38;2;0;2;4m[48;2;0;2;6m▀[0m[38;2;0;2;6m[48;2;0;2;6m▀[0m[38;2;0;2;6m[48;2;0;2;6m▀[0m
[38;2;0;2;6m[48;2;0;2;6m▀[0m[38;2;0;2;6m[48;2;0;2;4m▀[0m[38;2;0;2;6m[48;2;0;2;6m▀[0m[38;2;0;2;6m[48;2;0;2;6m▀[0m[38;2;0;2;6m[48;2;0;2;6m▀[0m[38;2;0;2;6m[48;2;0;2;4m▀[0m[38;2;0;2;4m[48;2;0;2;4m▀[0m[38;2;0;2;6m[48;2;0;2;6m▀[0m[38;2;0;2;6m[48;2;0;2;6m▀[0m[38;2;0;2;6m[48;2;0;2;4m▀[0m[38;2;0;0;4m[48;2;0;2;4m▀[0m[38;2;0;0;0m[48;2;0;0;5m▀[0m[38;2;22;22;19m[48;2;0;0;0m▀[0m[38;2;65;62;42m[48;2;83;79;60m▀[0m[38;2;0;0;0m[48;2;6;9;9m▀[0m[38;2;0;0;0m[48;2;0;0;0m▀[0m[38;2;0;0;0m[48;2;15;28;12m▀[0m[38;2;0;0;0m[48;2;0;0;0m▀[0m[38;2;0;0;0m[48;2;0;0;0m▀[0m[38;2;0;0;0m[48;2;144;137;137m▀[0m[38;2;255;255;255m[48;2;255;255;255m▀[0m[38;2;255;255;255m[48;2;255;255;255m▀[0m[38;2;0;0;0m[48;2;0;0;0m▀[0m[38;2;0;0;0m[48;2;116;0;0m▀[0m[38;2;77;0;0m[48;2;146;0;0m▀[0m[38;2;255;0;0m[48;2;255;0;0m▀[0m[38;2;0;41;44m[48;2;25;77;77m▀[0m[38;2;0;85;99m[48;2;0;132;141m▀[0m[38;2;255;0;0m[48;2;70;0;0m▀[0m[38;2;245;0;0m[48;2;255;0;0m▀[0m[38;2;255;0;0m[48;2;255;0;0m▀[0m[38;2;255;0;0m[48;2;255;0;0m▀[0m[38;2;255;0;0m[48;2;132;0;0m▀[0m[38;2;236;0;0m[48;2;149;0;0m▀[0m[38;2;48;119;133m[48;2;183;42;39m▀[0m[38;2;89;128;142m[48;2;54;87;93m▀[0m[38;2;95;111;123m[48;2;88;102;113m▀[0m[38;2;100;106;120m[48;2;100;109;118m▀[0m[38;2;73;91;96m[48;2;91;102;115m▀[0m[38;2;82;33;29m[48;2;92;109;119m▀[0m[38;2;192;28;24m[48;2;243;61;57m▀[0m[38;2;38;0;0m[48;2;199;0;0m▀[0m[38;2;46;62;63m[48;2;69;104;114m▀[0m[38;2;100;127;140m[48;2;96;133;151m▀[0m[38;2;39;98;110m[48;2;82;150;162m▀[0m[38;2;255;32;12m[48;2;248;128;104m▀[0m[38;2;255;232;222m[48;2;255;211;199m▀[0m[38;2;255;255;255m[48;2;255;172;166m▀[0m[38;2;255;255;255m[48;2;255;255;255m▀[0m[38;2;169;208;208m[48;2;255;255;255m▀[0m[38;2;87;99;106m[48;2;243;255;255m▀[0m[38;2;154;165;174m[48;2;254;255;255m▀[0m[38;2;209;225;237m[48;2;210;223;230m▀[0m[38;2;248;255;255m[48;2;206;219;227m▀[0m[38;2;197;211;223m[48;2;177;193;205m▀[0m[38;2;171;185;196m[48;2;141;152;164m▀[0m[38;2;109;120;132m[48;2;57;65;70m▀[0m[38;2;0;0;0m[48;2;0;0;0m▀[0m[38;2;0;0;0m[48;2;0;0;0m▀[0m[38;2;0;0;0m[48;2;0;0;2m▀[0m[38;2;196;196;189m[48;2;255;255;255m▀[0m[38;2;120;120;114m[48;2;0;0;0m▀[0m[38;2;0;0;0m[48;2;0;0;0m▀[0m[38;2;0;0;0m[48;2;0;0;0m▀[0m[38;2;0;0;0m[48;2;0;2;6m▀[0m[38;2;0;2;6m[48;2;0;2;6m▀[0m[38;2;0;2;6m[48;2;0;2;6m▀[0m[38;2;0;2;6m[48;2;0;2;6m▀[0m[38;2;0;2;6m[48;2;0;2;6m▀[0m[38;2;0;2;4m[48;2;0;2;6m▀[0m[38;2;0;2;6m[48;2;0;2;6m▀[0m[38;2;0;2;6m[48;2;0;2;4m▀[0m[38;2;0;2;4m[48;2;0;2;4m▀[0m[38;2;0;2;6m[48;2;0;2;6m▀[0m[38;2;0;2;6m[48;2;0;2;6m▀[0m[38;2;0;2;6m[48;2;0;2;6m▀[0m
[38;2;0;2;4m[48;2;0;2;6m▀[0m[38;2;0;2;4m[48;2;0;2;6m▀[0m[38;2;0;2;6m[48;2;0;2;6m▀[0m[38;2;0;2;4m[48;2;0;2;4m▀[0m[38;2;0;2;4m[48;2;0;2;4m▀[0m[38;2;0;1;5m[48;2;0;2;6m▀[0m[38;2;0;2;4m[48;2;0;2;6m▀[0m[38;2;0;2;6m[48;2;0;2;6m▀[0m[38;2;0;2;6m[48;2;0;2;6m▀[0m[38;2;0;2;6m[48;2;0;2;6m▀[0m[38;2;0;2;6m[48;2;0;2;4m▀[0m[38;2;0;0;5m[48;2;0;2;4m▀[0m[38;2;0;0;0m[48;2;0;1;7m▀[0m[38;2;5;3;7m[48;2;0;0;0m▀[0m[38;2;69;65;48m[48;2;25;25;20m▀[0m[38;2;0;0;0m[48;2;14;12;3m▀[0m[38;2;78;71;45m[48;2;102;98;90m▀[0m[38;2;104;92;84m[48;2;89;89;82m▀[0m[38;2;255;255;255m[48;2;0;0;0m▀[0m[38;2;255;255;255m[48;2;158;150;144m▀[0m[38;2;255;255;255m[48;2;255;226;210m▀[0m[38;2;255;207;187m[48;2;255;163;151m▀[0m[38;2;0;0;0m[48;2;154;0;0m▀[0m[38;2;244;0;0m[48;2;255;0;0m▀[0m[38;2;245;0;0m[48;2;247;0;0m▀[0m[38;2;255;0;0m[48;2;255;0;0m▀[0m[38;2;95;0;0m[48;2;255;0;0m▀[0m[38;2;100;50;50m[48;2;255;0;0m▀[0m[38;2;0;70;81m[48;2;17;61;0m▀[0m[38;2;255;0;0m[48;2;195;15;0m▀[0m[38;2;255;0;0m[48;2;255;0;0m▀[0m[38;2;255;0;0m[48;2;255;0;0m▀[0m[38;2;255;0;0m[48;2;255;0;0m▀[0m[38;2;49;58;57m[48;2;255;0;0m▀[0m[38;2;6;171;189m[48;2;111;116;126m▀[0m[38;2;87;113;124m[48;2;78;162;179m▀[0m[38;2;97;110;122m[48;2;95;115;124m▀[0m[38;2;99;109;116m[48;2;99;110;119m▀[0m[38;2;99;106;119m[48;2;99;105;119m▀[0m[38;2;91;112;120m[48;2;98;106;118m▀[0m[38;2;75;122;140m[48;2;96;108;120m▀[0m[38;2;79;124;143m[48;2;88;108;122m▀[0m[38;2;83;109;125m[48;2;63;108;133m▀[0m[38;2;36;102;125m[48;2;81;143;139m▀[0m[38;2;228;212;217m[48;2;255;235;230m▀[0m[38;2;255;209;198m[48;2;255;173;166m▀[0m[38;2;255;133;129m[48;2;255;198;181m▀[0m[38;2;255;189;174m[48;2;255;118;104m▀[0m[38;2;255;255;250m[48;2;255;172;163m▀[0m[38;2;255;255;253m[48;2;158;0;0m▀[0m[38;2;255;255;255m[48;2;255;180;171m▀[0m[38;2;252;177;177m[48;2;0;0;0m▀[0m[38;2;56;56;60m[48;2;0;0;0m▀[0m[38;2;89;105;111m[48;2;0;0;7m▀[0m[38;2;154;172;183m[48;2;39;51;58m▀[0m[38;2;79;88;98m[48;2;0;0;0m▀[0m[38;2;0;0;0m[48;2;0;0;0m▀[0m[38;2;0;0;0m[48;2;0;0;0m▀[0m[38;2;0;0;0m[48;2;98;100;102m▀[0m[38;2;255;255;255m[48;2;255;255;255m▀[0m[38;2;173;171;166m[48;2;0;0;0m▀[0m[38;2;0;0;0m[48;2;0;0;0m▀[0m[38;2;0;0;0m[48;2;0;0;0m▀[0m[38;2;0;0;2m[48;2;0;2;6m▀[0m[38;2;0;2;4m[48;2;0;2;4m▀[0m[38;2;0;2;6m[48;2;0;2;6m▀[0m[38;2;0;2;6m[48;2;0;2;6m▀[0m[38;2;0;2;6m[48;2;0;2;4m▀[0m[38;2;0;2;6m[48;2;0;2;4m▀[0m[38;2;0;2;6m[48;2;0;2;4m▀[0m[38;2;0;2;4m[48;2;0;2;4m▀[0m[38;2;0;2;4m[48;2;0;2;6m▀[0m[38;2;0;2;6m[48;2;0;2;6m▀[0m[38;2;0;2;6m[48;2;0;2;6m▀[0m[38;2;0;2;6m[48;2;0;2;6m▀[0m[38;2;0;2;6m[48;2;0;2;6m▀[0m
[38;2;0;2;6m[48;2;0;2;6m▀[0m[38;2;0;2;6m[48;2;0;2;4m▀[0m[38;2;0;2;4m[48;2;0;2;6m▀[0m[38;2;0;2;4m[48;2;0;2;4m▀[0m[38;2;0;2;4m[48;2;0;2;4m▀[0m[38;2;0;2;6m[48;2;0;2;6m▀[0m[38;2;0;2;6m[48;2;0;2;6m▀[0m[38;2;0;2;6m[48;2;0;2;4m▀[0m[38;2;0;2;6m[48;2;0;2;4m▀[0m[38;2;0;2;6m[48;2;0;2;6m▀[0m[38;2;0;2;6m[48;2;0;2;6m▀[0m[38;2;0;2;4m[48;2;0;2;6m▀[0m[38;2;0;2;4m[48;2;0;2;4m▀[0m[38;2;0;0;6m[48;2;0;2;4m▀[0m[38;2;0;0;0m[48;2;0;0;1m▀[0m[38;2;0;0;0m[48;2;10;2;0m▀[0m[38;2;0;0;0m[48;2;0;0;0m▀[0m[38;2;147;160;143m[48;2;0;0;0m▀[0m[38;2;0;14;14m[48;2;189;255;255m▀[0m[38;2;255;209;206m[48;2;255;147;137m▀[0m[38;2;255;18;1m[48;2;255;0;0m▀[0m[38;2;255;208;203m[48;2;255;178;163m▀[0m[38;2;133;0;0m[48;2;255;0;0m▀[0m[38;2;0;0;0m[48;2;0;0;0m▀[0m[38;2;255;0;0m[48;2;156;0;0m▀[0m[38;2;255;0;0m[48;2;255;0;0m▀[0m[38;2;255;0;0m[48;2;255;0;0m▀[0m[38;2;141;0;0m[48;2;206;0;0m▀[0m[38;2;0;88;21m[48;2;0;37;6m▀[0m[38;2;217;255;255m[48;2;199;255;81m▀[0m[38;2;234;0;3m[48;2;190;10;6m▀[0m[38;2;255;0;0m[48;2;37;0;0m▀[0m[38;2;255;0;0m[48;2;159;0;0m▀[0m[38;2;162;0;0m[48;2;255;0;0m▀[0m[38;2;150;0;0m[48;2;109;17;18m▀[0m[38;2;119;71;65m[48;2;0;2;2m▀[0m[38;2;120;124;124m[48;2;0;0;0m▀[0m[38;2;130;142;154m[48;2;28;45;45m▀[0m[38;2;117;128;141m[48;2;71;83;90m▀[0m[38;2;112;125;140m[48;2;78;108;118m▀[0m[38;2;102;118;138m[48;2;43;131;145m▀[0m[38;2;74;105;129m[48;2;0;174;182m▀[0m[38;2;63;157;189m[48;2;157;146;114m▀[0m[38;2;38;133;36m[48;2;238;0;0m▀[0m[38;2;255;24;0m[48;2;255;0;0m▀[0m[38;2;255;0;0m[48;2;255;0;0m▀[0m[38;2;255;50;33m[48;2;255;0;0m▀[0m[38;2;255;35;16m[48;2;255;113;99m▀[0m[38;2;255;103;88m[48;2;255;0;0m▀[0m[38;2;0;0;0m[48;2;100;0;0m▀[0m[38;2;255;9;3m[48;2;0;0;0m▀[0m[38;2;214;182;169m[48;2;255;125;99m▀[0m[38;2;0;0;0m[48;2;0;0;0m▀[0m[38;2;0;0;0m[48;2;0;0;0m▀[0m[38;2;0;0;0m[48;2;0;0;0m▀[0m[38;2;0;0;0m[48;2;0;0;0m▀[0m[38;2;0;0;0m[48;2;0;0;0m▀[0m[38;2;8;8;8m[48;2;255;255;255m▀[0m[38;2;255;255;255m[48;2;255;255;255m▀[0m[38;2;105;105;97m[48;2;0;0;0m▀[0m[38;2;0;0;0m[48;2;0;0;0m▀[0m[38;2;0;0;0m[48;2;0;0;0m▀[0m[38;2;0;0;0m[48;2;0;0;6m▀[0m[38;2;0;2;4m[48;2;0;2;4m▀[0m[38;2;0;2;6m[48;2;0;2;4m▀[0m[38;2;0;2;6m[48;2;0;2;6m▀[0m[38;2;0;2;6m[48;2;0;2;6m▀[0m[38;2;0;2;6m[48;2;0;2;6m▀[0m[38;2;0;2;4m[48;2;0;2;6m▀[0m[38;2;0;2;4m[48;2;0;2;6m▀[0m[38;2;0;2;6m[48;2;0;2;4m▀[0m[38;2;0;2;4m[48;2;0;1;5m▀[0m[38;2;0;2;6m[48;2;0;2;4m▀[0m[38;2;0;2;6m[48;2;0;2;6m▀[0m[38;2;0;2;6m[48;2;0;2;6m▀[0m[38;2;0;2;6m[48;2;0;2;4m▀[0m
[38;2;0;2;6m[48;2;0;2;6m▀[0m[38;2;0;2;6m[48;2;0;2;6m▀[0m[38;2;0;2;4m[48;2;0;2;4m▀[0m[38;2;0;2;6m[48;2;0;2;6m▀[0m[38;2;0;2;6m[48;2;0;2;6m▀[0m[38;2;0;2;4m[48;2;0;2;4m▀[0m[38;2;0;2;6m[48;2;0;2;6m▀[0m[38;2;0;2;6m[48;2;0;2;6m▀[0m[38;2;0;2;4m[48;2;0;2;6m▀[0m[38;2;0;2;6m[48;2;0;2;4m▀[0m[38;2;0;2;4m[48;2;0;2;6m▀[0m[38;2;0;2;6m[48;2;0;2;6m▀[0m[38;2;0;2;4m[48;2;0;2;4m▀[0m[38;2;0;2;4m[48;2;0;2;4m▀[0m[38;2;0;2;6m[48;2;0;2;4m▀[0m[38;2;0;0;2m[48;2;0;0;6m▀[0m[38;2;0;0;0m[48;2;0;0;1m▀[0m[38;2;0;0;0m[48;2;0;0;0m▀[0m[38;2;0;56;59m[48;2;0;17;22m▀[0m[38;2;255;66;47m[48;2;255;14;0m▀[0m[38;2;255;0;0m[48;2;126;0;0m▀[0m[38;2;230;0;0m[48;2;247;0;0m▀[0m[38;2;255;0;0m[48;2;255;0;0m▀[0m[38;2;255;0;0m[48;2;255;0;0m▀[0m[38;2;0;7;3m[48;2;255;0;0m▀[0m[38;2;128;2;0m[48;2;139;1;0m▀[0m[38;2;255;0;0m[48;2;88;3;0m▀[0m[38;2;255;0;0m[48;2;235;0;0m▀[0m[38;2;33;16;0m[48;2;255;0;0m▀[0m[38;2;243;14;0m[48;2;255;0;0m▀[0m[38;2;255;0;0m[48;2;255;0;0m▀[0m[38;2;178;0;0m[48;2;233;0;0m▀[0m[38;2;0;18;25m[48;2;0;39;48m▀[0m[38;2;77;55;60m[48;2;5;132;162m▀[0m[38;2;255;0;0m[48;2;12;97;120m▀[0m[38;2;62;60;68m[48;2;52;75;90m▀[0m[38;2;27;59;70m[48;2;77;89;103m▀[0m[38;2;0;0;0m[48;2;78;91;106m▀[0m[38;2;0;0;0m[48;2;3;36;47m▀[0m[38;2;0;0;0m[48;2;7;68;64m▀[0m[38;2;136;39;19m[48;2;255;0;0m▀[0m[38;2;244;19;0m[48;2;255;0;0m▀[0m[38;2;255;0;0m[48;2;255;0;0m▀[0m[38;2;255;0;0m[48;2;255;0;0m▀[0m[38;2;255;0;0m[48;2;255;0;0m▀[0m[38;2;255;0;0m[48;2;142;0;0m▀[0m[38;2;255;0;0m[48;2;217;0;0m▀[0m[38;2;255;6;0m[48;2;255;0;0m▀[0m[38;2;255;0;0m[48;2;255;0;0m▀[0m[38;2;173;0;0m[48;2;93;0;0m▀[0m[38;2;0;0;0m[48;2;0;49;50m▀[0m[38;2;127;54;35m[48;2;23;16;17m▀[0m[38;2;0;0;0m[48;2;0;0;0m▀[0m[38;2;0;0;0m[48;2;0;0;2m▀[0m[38;2;0;0;0m[48;2;0;0;0m▀[0m[38;2;0;0;0m[48;2;0;0;0m▀[0m[38;2;76;70;55m[48;2;157;156;139m▀[0m[38;2;255;255;255m[48;2;70;70;64m▀[0m[38;2;0;0;0m[48;2;0;0;0m▀[0m[38;2;0;0;0m[48;2;0;0;0m▀[0m[38;2;0;0;0m[48;2;0;0;0m▀[0m[38;2;0;0;2m[48;2;0;0;6m▀[0m[38;2;0;2;6m[48;2;0;2;6m▀[0m[38;2;0;2;4m[48;2;0;0;2m▀[0m[38;2;2;4;6m[48;2;0;0;0m▀[0m[38;2;0;2;6m[48;2;0;0;6m▀[0m[38;2;0;2;6m[48;2;0;2;6m▀[0m[38;2;0;2;6m[48;2;0;2;6m▀[0m[38;2;0;2;6m[48;2;0;2;4m▀[0m[38;2;0;2;4m[48;2;0;2;6m▀[0m[38;2;0;2;6m[48;2;0;2;6m▀[0m[38;2;0;2;6m[48;2;0;2;6m▀[0m[38;2;0;2;4m[48;2;0;2;6m▀[0m[38;2;0;2;6m[48;2;0;2;6m▀[0m[38;2;0;2;6m[48;2;0;2;6m▀[0m[38;2;0;2;4m[48;2;0;1;5m▀[0m
[38;2;0;2;6m[48;2;0;2;4m▀[0m[38;2;0;2;6m[48;2;0;2;4m▀[0m[38;2;0;2;6m[48;2;0;2;6m▀[0m[38;2;0;2;6m[48;2;0;2;6m▀[0m[38;2;0;2;6m[48;2;0;2;6m▀[0m[38;2;0;2;6m[48;2;0;2;6m▀[0m[38;2;0;2;4m[48;2;0;2;4m▀[0m[38;2;0;2;6m[48;2;0;2;6m▀[0m[38;2;0;2;6m[48;2;0;2;6m▀[0m[38;2;0;2;6m[48;2;0;2;6m▀[0m[38;2;0;2;6m[48;2;0;2;6m▀[0m[38;2;0;2;6m[48;2;0;2;4m▀[0m[38;2;0;2;4m[48;2;0;2;6m▀[0m[38;2;0;2;4m[48;2;0;0;5m▀[0m[38;2;0;2;6m[48;2;0;0;5m▀[0m[38;2;0;2;4m[48;2;0;0;1m▀[0m[38;2;4;6;7m[48;2;18;23;14m▀[0m[38;2;0;0;1m[48;2;0;4;7m▀[0m[38;2;0;0;0m[48;2;0;0;6m▀[0m[38;2;49;0;0m[48;2;0;0;6m▀[0m[38;2;102;3;0m[48;2;15;5;5m▀[0m[38;2;91;0;0m[48;2;0;5;5m▀[0m[38;2;255;0;0m[48;2;255;0;0m▀[0m[38;2;255;0;0m[48;2;255;0;0m▀[0m[38;2;255;0;0m[48;2;0;0;6m▀[0m[38;2;255;0;0m[48;2;255;0;0m▀[0m[38;2;255;0;0m[48;2;255;0;0m▀[0m[38;2;255;0;0m[48;2;181;0;0m▀[0m[38;2;255;0;0m[48;2;255;0;0m▀[0m[38;2;255;0;0m[48;2;200;0;0m▀[0m[38;2;255;0;0m[48;2;255;0;0m▀[0m[38;2;255;0;0m[48;2;255;0;0m▀[0m[38;2;47;28;22m[48;2;0;32;11m▀[0m[38;2;0;34;45m[48;2;0;0;0m▀[0m[38;2;56;71;72m[48;2;0;0;0m▀[0m[38;2;86;115;119m[48;2;126;151;155m▀[0m[38;2;31;39;45m[48;2;0;0;0m▀[0m[38;2;82;95;106m[48;2;55;69;76m▀[0m[38;2;58;95;112m[48;2;78;103;116m▀[0m[38;2;50;117;125m[48;2;0;0;14m▀[0m[38;2;255;0;0m[48;2;24;0;0m▀[0m[38;2;255;0;0m[48;2;255;0;0m▀[0m[38;2;255;0;0m[48;2;195;0;0m▀[0m[38;2;255;0;0m[48;2;241;0;0m▀[0m[38;2;255;0;0m[48;2;93;0;0m▀[0m[38;2;0;0;5m[48;2;0;2;6m▀[0m[38;2;255;0;0m[48;2;187;0;0m▀[0m[38;2;255;0;0m[48;2;0;3;6m▀[0m[38;2;176;0;0m[48;2;0;0;4m▀[0m[38;2;0;0;4m[48;2;0;0;0m▀[0m[38;2;0;0;4m[48;2;0;0;1m▀[0m[38;2;0;0;2m[48;2;0;0;0m▀[0m[38;2;0;0;0m[48;2;0;0;0m▀[0m[38;2;0;0;0m[48;2;36;35;25m▀[0m[38;2;0;0;0m[48;2;45;45;32m▀[0m[38;2;86;86;66m[48;2;38;42;31m▀[0m[38;2;82;82;65m[48;2;0;0;0m▀[0m[38;2;0;0;0m[48;2;0;0;1m▀[0m[38;2;0;0;0m[48;2;0;0;1m▀[0m[38;2;0;0;0m[48;2;0;0;6m▀[0m[38;2;0;2;6m[48;2;0;2;6m▀[0m[38;2;0;2;6m[48;2;0;2;6m▀[0m[38;2;0;0;2m[48;2;0;0;2m▀[0m[38;2;2;4;8m[48;2;6;8;8m▀[0m[38;2;119;118;60m[48;2;111;110;55m▀[0m[38;2;0;0;4m[48;2;0;0;1m▀[0m[38;2;0;0;6m[48;2;0;0;6m▀[0m[38;2;0;2;6m[48;2;0;2;6m▀[0m[38;2;0;2;4m[48;2;0;2;4m▀[0m[38;2;0;2;4m[48;2;0;2;6m▀[0m[38;2;0;2;4m[48;2;0;2;6m▀[0m[38;2;0;2;6m[48;2;0;2;6m▀[0m[38;2;0;2;6m[48;2;0;2;6m▀[0m[38;2;0;2;6m[48;2;0;2;4m▀[0m[38;2;0;2;6m[48;2;0;2;4m▀[0m[38;2;0;2;4m[48;2;0;2;4m▀[0m
[38;2;0;2;6m[48;2;0;2;6m▀[0m[38;2;0;2;6m[48;2;0;2;4m▀[0m[38;2;0;2;6m[48;2;0;2;6m▀[0m[38;2;0;2;6m[48;2;0;2;6m▀[0m[38;2;0;2;6m[48;2;0;2;6m▀[0m[38;2;0;2;6m[48;2;0;2;6m▀[0m[38;2;0;2;6m[48;2;2;2;6m▀[0m[38;2;0;2;4m[48;2;0;2;4m▀[0m[38;2;0;2;4m[48;2;0;2;4m▀[0m[38;2;0;2;4m[48;2;0;2;4m▀[0m[38;2;0;2;6m[48;2;0;2;4m▀[0m[38;2;0;2;6m[48;2;0;2;4m▀[0m[38;2;0;2;6m[48;2;1;3;5m▀[0m[38;2;0;0;6m[48;2;0;0;1m▀[0m[38;2;17;18;6m[48;2;163;163;50m▀[0m[38;2;0;0;6m[48;2;17;18;5m▀[0m[38;2;0;0;5m[48;2;0;0;1m▀[0m[38;2;0;2;6m[48;2;0;2;6m▀[0m[38;2;0;2;6m[48;2;0;2;6m▀[0m[38;2;0;0;7m[48;2;0;0;4m▀[0m[38;2;0;0;6m[48;2;0;2;7m▀[0m[38;2;0;0;6m[48;2;0;0;0m▀[0m[38;2;0;0;4m[48;2;0;0;0m▀[0m[38;2;255;0;0m[48;2;0;0;0m▀[0m[38;2;19;7;5m[48;2;0;0;0m▀[0m[38;2;0;0;4m[48;2;0;0;0m▀[0m[38;2;255;0;0m[48;2;0;0;0m▀[0m[38;2;20;1;4m[48;2;0;0;0m▀[0m[38;2;44;0;0m[48;2;0;0;0m▀[0m[38;2;0;2;1m[48;2;0;0;0m▀[0m[38;2;29;0;0m[48;2;0;0;0m▀[0m[38;2;191;28;30m[48;2;0;21;36m▀[0m[38;2;100;125;96m[48;2;152;120;77m▀[0m[38;2;0;0;0m[48;2;0;0;0m▀[0m[38;2;0;0;0m[48;2;0;0;0m▀[0m[38;2;222;243;251m[48;2;138;171;180m▀[0m[38;2;0;0;0m[48;2;0;0;0m▀[0m[38;2;0;0;0m[48;2;0;0;0m▀[0m[38;2;63;89;111m[48;2;11;32;61m▀[0m[38;2;0;0;0m[48;2;35;34;0m▀[0m[38;2;59;84;68m[48;2;105;124;77m▀[0m[38;2;0;1;9m[48;2;0;0;0m▀[0m[38;2;42;0;0m[48;2;0;0;0m▀[0m[38;2;0;2;7m[48;2;0;0;0m▀[0m[38;2;0;0;2m[48;2;0;18;15m▀[0m[38;2;0;0;0m[48;2;9;35;19m▀[0m[38;2;0;0;1m[48;2;0;0;0m▀[0m[38;2;0;0;0m[48;2;0;0;0m▀[0m[38;2;0;0;0m[48;2;0;0;0m▀[0m[38;2;0;0;0m[48;2;22;25;28m▀[0m[38;2;0;0;0m[48;2;153;154;129m▀[0m[38;2;36;37;34m[48;2;145;144;124m▀[0m[38;2;110;105;79m[48;2;16;12;12m▀[0m[38;2;33;34;21m[48;2;0;0;0m▀[0m[38;2;0;0;0m[48;2;0;0;2m▀[0m[38;2;0;0;0m[48;2;0;1;6m▀[0m[38;2;0;0;2m[48;2;0;2;6m▀[0m[38;2;0;0;4m[48;2;0;2;6m▀[0m[38;2;0;2;6m[48;2;0;2;6m▀[0m[38;2;0;2;6m[48;2;0;2;6m▀[0m[38;2;0;2;6m[48;2;0;2;6m▀[0m[38;2;0;2;4m[48;2;0;2;4m▀[0m[38;2;0;2;6m[48;2;0;2;6m▀[0m[38;2;0;0;2m[48;2;0;2;6m▀[0m[38;2;0;0;0m[48;2;1;4;5m▀[0m[38;2;0;0;6m[48;2;0;2;6m▀[0m[38;2;0;2;6m[48;2;0;2;6m▀[0m[38;2;0;2;6m[48;2;0;2;6m▀[0m[38;2;0;2;4m[48;2;0;2;4m▀[0m[38;2;0;2;6m[48;2;0;2;4m▀[0m[38;2;0;2;6m[48;2;0;2;6m▀[0m[38;2;0;2;4m[48;2;0;2;4m▀[0m[38;2;0;2;6m[48;2;0;2;6m▀[0m[38;2;0;2;4m[48;2;0;2;6m▀[0m[38;2;0;2;4m[48;2;0;1;5m▀[0m[38;2;0;2;4m[48;2;0;2;6m▀[0m
[38;2;0;2;6m[48;2;0;2;6m▀[0m[38;2;0;2;4m[48;2;0;2;6m▀[0m[38;2;0;2;6m[48;2;0;2;4m▀[0m[38;2;0;2;6m[48;2;0;2;4m▀[0m[38;2;0;2;6m[48;2;0;2;6m▀[0m[38;2;0;2;6m[48;2;0;2;4m▀[0m[38;2;0;2;4m[48;2;0;2;4m▀[0m[38;2;0;2;6m[48;2;0;2;4m▀[0m[38;2;0;2;6m[48;2;0;2;4m▀[0m[38;2;0;2;6m[48;2;0;2;4m▀[0m[38;2;0;2;6m[48;2;0;2;6m▀[0m[38;2;0;2;6m[48;2;0;2;6m▀[0m[38;2;0;2;6m[48;2;0;2;6m▀[0m[38;2;0;0;6m[48;2;0;2;6m▀[0m[38;2;0;0;0m[48;2;1;3;5m▀[0m[38;2;0;0;2m[48;2;0;0;6m▀[0m[38;2;0;0;5m[48;2;0;0;1m▀[0m[38;2;0;2;6m[48;2;0;0;2m▀[0m[38;2;0;0;6m[48;2;0;0;0m▀[0m[38;2;0;0;0m[48;2;0;0;0m▀[0m[38;2;54;64;49m[48;2;0;0;0m▀[0m[38;2;0;0;0m[48;2;0;0;0m▀[0m[38;2;0;0;0m[48;2;172;130;115m▀[0m[38;2;0;0;0m[48;2;255;255;255m▀[0m[38;2;0;0;0m[48;2;255;255;255m▀[0m[38;2;0;0;0m[48;2;192;130;125m▀[0m[38;2;0;0;0m[48;2;137;96;69m▀[0m[38;2;0;0;0m[48;2;82;91;90m▀[0m[38;2;0;0;0m[48;2;244;248;244m▀[0m[38;2;0;0;0m[48;2;241;225;203m▀[0m[38;2;49;73;83m[48;2;210;194;172m▀[0m[38;2;189;169;160m[48;2;142;86;36m▀[0m[38;2;102;61;23m[48;2;0;0;0m▀[0m[38;2;0;0;0m[48;2;0;9;28m▀[0m[38;2;0;0;0m[48;2;14;38;52m▀[0m[38;2;227;251;255m[48;2;187;218;230m▀[0m[38;2;0;0;0m[48;2;0;0;0m▀[0m[38;2;6;0;0m[48;2;104;64;0m▀[0m[38;2;0;0;0m[48;2;0;0;0m▀[0m[38;2;28;18;0m[48;2;0;0;0m▀[0m[38;2;166;155;100m[48;2;231;203;78m▀[0m[38;2;0;0;0m[48;2;123;132;151m▀[0m[38;2;0;0;0m[48;2;0;0;0m▀[0m[38;2;0;0;0m[48;2;0;0;0m▀[0m[38;2;0;0;0m[48;2;81;82;78m▀[0m[38;2;8;17;0m[48;2;127;126;120m▀[0m[38;2;0;0;0m[48;2;174;173;158m▀[0m[38;2;56;59;55m[48;2;154;154;138m▀[0m[38;2;170;169;154m[48;2;52;54;50m▀[0m[38;2;195;194;174m[48;2;0;0;0m▀[0m[38;2;68;68;57m[48;2;0;0;0m▀[0m[38;2;0;0;0m[48;2;0;0;0m▀[0m[38;2;0;0;0m[48;2;0;0;0m▀[0m[38;2;3;3;4m[48;2;42;44;22m▀[0m[38;2;0;0;4m[48;2;3;5;6m▀[0m[38;2;0;2;4m[48;2;0;0;4m▀[0m[38;2;0;2;6m[48;2;0;2;6m▀[0m[38;2;0;2;6m[48;2;0;2;4m▀[0m[38;2;0;2;4m[48;2;0;2;4m▀[0m[38;2;0;2;4m[48;2;0;2;6m▀[0m[38;2;0;2;6m[48;2;0;2;4m▀[0m[38;2;0;2;6m[48;2;0;2;6m▀[0m[38;2;0;2;6m[48;2;0;2;6m▀[0m[38;2;0;2;4m[48;2;0;2;6m▀[0m[38;2;0;2;4m[48;2;0;2;6m▀[0m[38;2;0;2;6m[48;2;0;2;4m▀[0m[38;2;0;2;6m[48;2;0;2;6m▀[0m[38;2;0;2;6m[48;2;0;2;6m▀[0m[38;2;0;2;6m[48;2;0;2;6m▀[0m[38;2;0;2;4m[48;2;0;2;6m▀[0m[38;2;0;2;6m[48;2;0;2;6m▀[0m[38;2;0;2;6m[48;2;0;2;4m▀[0m[38;2;0;2;6m[48;2;0;2;6m▀[0m[38;2;0;2;4m[48;2;0;2;4m▀[0m[38;2;0;2;6m[48;2;0;2;6m▀[0m[38;2;0;2;4m[48;2;0;2;6m▀[0m
[38;2;0;2;6m[48;2;0;2;6m▀[0m[38;2;0;2;6m[48;2;0;2;6m▀[0m[38;2;0;2;4m[48;2;0;2;4m▀[0m[38;2;0;2;4m[48;2;0;2;4m▀[0m[38;2;0;2;6m[48;2;0;2;6m▀[0m[38;2;0;2;4m[48;2;0;2;6m▀[0m[38;2;0;2;6m[48;2;0;2;4m▀[0m[38;2;0;2;6m[48;2;0;0;0m▀[0m[38;2;0;1;6m[48;2;4;8;5m▀[0m[38;2;0;0;4m[48;2;15;17;4m▀[0m[38;2;0;2;4m[48;2;0;2;4m▀[0m[38;2;0;2;4m[48;2;0;2;4m▀[0m[38;2;0;2;6m[48;2;0;2;4m▀[0m[38;2;0;2;6m[48;2;0;2;6m▀[0m[38;2;0;2;6m[48;2;0;2;6m▀[0m[38;2;1;0;5m[48;2;0;2;4m▀[0m[38;2;27;28;6m[48;2;5;6;3m▀[0m[38;2;1;4;0m[48;2;0;0;0m▀[0m[38;2;0;0;0m[48;2;0;0;0m▀[0m[38;2;0;0;0m[48;2;0;0;0m▀[0m[38;2;0;0;0m[48;2;250;208;196m▀[0m[38;2;255;217;201m[48;2;255;255;255m▀[0m[38;2;255;255;255m[48;2;190;207;235m▀[0m[38;2;255;255;255m[48;2;81;75;85m▀[0m[38;2;254;255;255m[48;2;73;75;76m▀[0m[38;2;255;255;255m[48;2;84;87;92m▀[0m[38;2;220;235;255m[48;2;87;93;109m▀[0m[38;2;0;0;1m[48;2;69;76;88m▀[0m[38;2;32;32;23m[48;2;0;0;0m▀[0m[38;2;45;4;0m[48;2;4;16;20m▀[0m[38;2;24;0;0m[48;2;29;41;45m▀[0m[38;2;0;0;0m[48;2;0;0;0m▀[0m[38;2;0;0;0m[48;2;0;0;0m▀[0m[38;2;0;5;24m[48;2;0;0;0m▀[0m[38;2;99;163;199m[48;2;0;0;4m▀[0m[38;2;110;152;177m[48;2;0;0;14m▀[0m[38;2;0;0;0m[48;2;0;0;0m▀[0m[38;2;162;110;0m[48;2;93;73;4m▀[0m[38;2;0;0;0m[48;2;111;112;103m▀[0m[38;2;0;0;0m[48;2;0;6;18m▀[0m[38;2;0;0;0m[48;2;0;0;0m▀[0m[38;2;225;195;104m[48;2;65;27;0m▀[0m[38;2;149;156;164m[48;2;20;24;18m▀[0m[38;2;73;69;61m[48;2;124;137;143m▀[0m[38;2;0;1;0m[48;2;219;230;223m▀[0m[38;2;0;0;0m[48;2;123;113;105m▀[0m[38;2;0;0;0m[48;2;39;45;50m▀[0m[38;2;0;0;0m[48;2;28;32;36m▀[0m[38;2;0;0;0m[48;2;39;28;24m▀[0m[38;2;0;0;0m[48;2;20;0;0m▀[0m[38;2;0;0;0m[48;2;8;0;0m▀[0m[38;2;0;0;0m[48;2;0;0;0m▀[0m[38;2;0;0;0m[48;2;0;0;0m▀[0m[38;2;0;0;0m[48;2;0;0;0m▀[0m[38;2;0;0;1m[48;2;7;9;14m▀[0m[38;2;4;6;6m[48;2;21;23;5m▀[0m[38;2;0;2;4m[48;2;0;2;4m▀[0m[38;2;0;2;6m[48;2;0;2;6m▀[0m[38;2;0;2;4m[48;2;0;2;6m▀[0m[38;2;0;2;6m[48;2;0;0;2m▀[0m[38;2;0;0;2m[48;2;4;6;8m▀[0m[38;2;0;0;0m[48;2;15;18;22m▀[0m[38;2;0;2;6m[48;2;0;0;1m▀[0m[38;2;0;2;4m[48;2;0;2;6m▀[0m[38;2;0;2;6m[48;2;0;2;6m▀[0m[38;2;0;2;4m[48;2;0;2;6m▀[0m[38;2;0;2;6m[48;2;0;2;6m▀[0m[38;2;0;2;6m[48;2;0;2;6m▀[0m[38;2;0;2;6m[48;2;0;2;6m▀[0m[38;2;0;2;6m[48;2;0;0;4m▀[0m[38;2;0;2;4m[48;2;0;2;4m▀[0m[38;2;0;2;6m[48;2;0;2;6m▀[0m[38;2;0;2;6m[48;2;0;2;6m▀[0m[38;2;0;2;6m[48;2;0;2;6m▀[0m[38;2;0;2;6m[48;2;0;2;4m▀[0m[38;2;0;2;6m[48;2;0;2;6m▀[0m
[38;2;0;2;4m[48;2;0;2;6m▀[0m[38;2;0;2;4m[48;2;0;2;6m▀[0m[38;2;0;2;4m[48;2;0;2;4m▀[0m[38;2;0;2;4m[48;2;0;2;4m▀[0m[38;2;0;2;6m[48;2;0;2;6m▀[0m[38;2;0;2;4m[48;2;1;0;5m▀[0m[38;2;2;4;8m[48;2;4;6;12m▀[0m[38;2;17;20;22m[48;2;35;42;42m▀[0m[38;2;2;2;4m[48;2;0;0;1m▀[0m[38;2;4;8;5m[48;2;1;1;5m▀[0m[38;2;0;2;4m[48;2;0;2;6m▀[0m[38;2;0;2;4m[48;2;0;2;4m▀[0m[38;2;0;2;4m[48;2;0;2;6m▀[0m[38;2;0;2;6m[48;2;0;2;6m▀[0m[38;2;0;2;6m[48;2;0;3;7m▀[0m[38;2;0;0;4m[48;2;0;0;0m▀[0m[38;2;0;0;0m[48;2;0;0;0m▀[0m[38;2;0;0;0m[48;2;0;0;0m▀[0m[38;2;0;0;0m[48;2;119;83;74m▀[0m[38;2;204;158;146m[48;2;255;255;255m▀[0m[38;2;255;255;255m[48;2;183;195;222m▀[0m[38;2;179;195;220m[48;2;57;57;57m▀[0m[38;2;72;58;61m[48;2;38;36;39m▀[0m[38;2;27;23;31m[48;2;70;82;90m▀[0m[38;2;255;255;255m[48;2;105;126;140m▀[0m[38;2;184;204;207m[48;2;45;51;57m▀[0m[38;2;8;8;12m[48;2;51;49;56m▀[0m[38;2;37;34;42m[48;2;98;105;119m▀[0m[38;2;108;114;125m[48;2;240;255;255m▀[0m[38;2;170;192;219m[48;2;255;255;255m▀[0m[38;2;126;132;140m[48;2;240;255;255m▀[0m[38;2;120;118;115m[48;2;140;151;160m▀[0m[38;2;65;74;77m[48;2;189;218;246m▀[0m[38;2;84;108;120m[48;2;241;255;255m▀[0m[38;2;91;105;120m[48;2;113;125;137m▀[0m[38;2;247;252;255m[48;2;172;185;207m▀[0m[38;2;180;194;225m[48;2;246;255;255m▀[0m[38;2;123;135;166m[48;2;246;255;255m▀[0m[38;2;158;179;179m[48;2;212;255;255m▀[0m[38;2;157;109;34m[48;2;115;180;211m▀[0m[38;2;0;0;0m[48;2;62;33;46m▀[0m[38;2;0;17;36m[48;2;33;36;51m▀[0m[38;2;0;15;23m[48;2;0;78;98m▀[0m[38;2;0;0;0m[48;2;7;45;55m▀[0m[38;2;78;85;65m[48;2;0;0;0m▀[0m[38;2;195;128;49m[48;2;0;0;0m▀[0m[38;2;113;75;38m[48;2;0;0;0m▀[0m[38;2;64;60;56m[48;2;0;0;0m▀[0m[38;2;150;155;165m[48;2;0;0;0m▀[0m[38;2;198;179;180m[48;2;78;109;141m▀[0m[38;2;255;255;255m[48;2;244;252;255m▀[0m[38;2;255;255;255m[48;2;255;255;255m▀[0m[38;2;15;0;0m[48;2;255;230;224m▀[0m[38;2;0;0;0m[48;2;0;0;0m▀[0m[38;2;0;0;1m[48;2;0;0;0m▀[0m[38;2;0;0;0m[48;2;0;0;0m▀[0m[38;2;0;2;6m[48;2;0;2;6m▀[0m[38;2;0;2;6m[48;2;0;2;4m▀[0m[38;2;0;2;7m[48;2;0;2;6m▀[0m[38;2;0;0;0m[48;2;0;0;2m▀[0m[38;2;142;138;47m[48;2;5;5;6m▀[0m[38;2;16;19;12m[48;2;0;0;2m▀[0m[38;2;0;0;1m[48;2;0;2;6m▀[0m[38;2;0;2;6m[48;2;0;2;4m▀[0m[38;2;0;2;6m[48;2;0;2;6m▀[0m[38;2;0;2;6m[48;2;0;2;6m▀[0m[38;2;0;2;6m[48;2;0;2;6m▀[0m[38;2;1;1;5m[48;2;0;2;4m▀[0m[38;2;2;4;5m[48;2;0;2;4m▀[0m[38;2;24;25;8m[48;2;3;5;6m▀[0m[38;2;1;1;5m[48;2;1;1;5m▀[0m[38;2;0;2;4m[48;2;1;1;5m▀[0m[38;2;0;2;6m[48;2;0;2;6m▀[0m[38;2;0;2;6m[48;2;0;2;6m▀[0m[38;2;0;2;6m[48;2;0;2;6m▀[0m[38;2;0;2;4m[48;2;0;2;6m▀[0m
[38;2;0;2;6m[48;2;0;2;4m▀[0m[38;2;0;2;6m[48;2;0;2;4m▀[0m[38;2;0;2;4m[48;2;0;2;4m▀[0m[38;2;0;2;4m[48;2;0;2;6m▀[0m[38;2;0;2;6m[48;2;0;2;4m▀[0m[38;2;0;2;6m[48;2;0;2;6m▀[0m[38;2;0;1;5m[48;2;0;2;4m▀[0m[38;2;0;0;0m[48;2;1;3;5m▀[0m[38;2;0;2;6m[48;2;0;2;6m▀[0m[38;2;0;2;6m[48;2;0;2;6m▀[0m[38;2;0;2;4m[48;2;0;2;4m▀[0m[38;2;1;1;5m[48;2;0;0;5m▀[0m[38;2;0;2;6m[48;2;0;0;4m▀[0m[38;2;0;0;4m[48;2;0;0;0m▀[0m[38;2;0;0;0m[48;2;9;11;9m▀[0m[38;2;0;0;0m[48;2;0;0;0m▀[0m[38;2;0;0;0m[48;2;0;0;0m▀[0m[38;2;7;0;0m[48;2;255;255;255m▀[0m[38;2;255;255;255m[48;2;255;255;255m▀[0m[38;2;207;220;246m[48;2;46;46;47m▀[0m[38;2;51;47;49m[48;2;44;52;60m▀[0m[38;2;44;50;56m[48;2;68;75;87m▀[0m[38;2;58;66;75m[48;2;78;86;95m▀[0m[38;2;62;71;76m[48;2;74;81;90m▀[0m[38;2;57;55;62m[48;2;78;86;99m▀[0m[38;2;72;74;83m[48;2;77;85;95m▀[0m[38;2;42;44;54m[48;2;39;45;56m▀[0m[38;2;125;138;158m[48;2;139;144;153m▀[0m[38;2;255;255;255m[48;2;234;241;255m▀[0m[38;2;249;255;255m[48;2;200;205;233m▀[0m[38;2;217;228;250m[48;2;187;193;224m▀[0m[38;2;204;223;253m[48;2;166;184;197m▀[0m[38;2;170;194;211m[48;2;183;197;217m▀[0m[38;2;183;194;218m[48;2;167;184;213m▀[0m[38;2;156;168;189m[48;2;222;250;255m▀[0m[38;2;25;39;56m[48;2;132;140;155m▀[0m[38;2;167;184;212m[48;2;97;102;135m▀[0m[38;2;158;179;197m[48;2;157;199;254m▀[0m[38;2;223;178;180m[48;2;194;178;185m▀[0m[38;2;255;239;252m[48;2;255;99;86m▀[0m[38;2;255;205;230m[48;2;255;81;57m▀[0m[38;2;255;0;0m[48;2;255;127;100m▀[0m[38;2;177;0;0m[48;2;255;97;79m▀[0m[38;2;14;87;102m[48;2;255;193;181m▀[0m[38;2;64;168;194m[48;2;255;153;163m▀[0m[38;2;143;223;255m[48;2;255;201;209m▀[0m[38;2;166;206;236m[48;2;234;245;255m▀[0m[38;2;123;146;165m[48;2;234;255;255m▀[0m[38;2;46;81;105m[48;2;224;241;255m▀[0m[38;2;112;155;190m[48;2;95;115;133m▀[0m[38;2;51;55;59m[48;2;0;0;0m▀[0m[38;2;27;35;44m[48;2;0;0;0m▀[0m[38;2;153;167;168m[48;2;21;44;59m▀[0m[38;2;144;105;103m[48;2;177;172;179m▀[0m[38;2;0;0;0m[48;2;0;0;0m▀[0m[38;2;0;0;0m[48;2;0;0;0m▀[0m[38;2;0;0;4m[48;2;0;0;0m▀[0m[38;2;0;2;6m[48;2;0;0;6m▀[0m[38;2;0;2;6m[48;2;0;2;6m▀[0m[38;2;0;2;4m[48;2;0;2;4m▀[0m[38;2;0;0;6m[48;2;0;2;6m▀[0m[38;2;0;2;6m[48;2;0;2;6m▀[0m[38;2;0;2;6m[48;2;0;2;4m▀[0m[38;2;0;2;6m[48;2;0;2;6m▀[0m[38;2;0;2;6m[48;2;0;3;5m▀[0m[38;2;0;2;6m[48;2;0;2;6m▀[0m[38;2;0;2;6m[48;2;0;2;6m▀[0m[38;2;0;2;6m[48;2;0;2;6m▀[0m[38;2;0;2;6m[48;2;0;2;6m▀[0m[38;2;0;1;6m[48;2;0;2;4m▀[0m[38;2;0;2;4m[48;2;0;2;4m▀[0m[38;2;0;2;4m[48;2;0;2;4m▀[0m[38;2;0;2;6m[48;2;0;2;6m▀[0m[38;2;0;2;6m[48;2;0;2;6m▀[0m[38;2;0;2;6m[48;2;0;2;4m▀[0m[38;2;0;2;6m[48;2;0;2;4m▀[0m
[38;2;0;2;4m[48;2;0;2;6m▀[0m[38;2;0;2;4m[48;2;0;2;6m▀[0m[38;2;0;2;4m[48;2;0;2;4m▀[0m[38;2;0;2;6m[48;2;0;2;6m▀[0m[38;2;0;2;4m[48;2;0;2;6m▀[0m[38;2;0;2;6m[48;2;0;2;6m▀[0m[38;2;0;2;4m[48;2;0;2;6m▀[0m[38;2;0;2;4m[48;2;0;2;4m▀[0m[38;2;0;2;4m[48;2;0;2;4m▀[0m[38;2;0;2;4m[48;2;0;2;4m▀[0m[38;2;0;2;4m[48;2;0;0;5m▀[0m[38;2;0;0;6m[48;2;3;7;4m▀[0m[38;2;0;0;0m[48;2;5;0;0m▀[0m[38;2;0;0;0m[48;2;12;0;0m▀[0m[38;2;87;70;39m[48;2;112;74;29m▀[0m[38;2;0;0;0m[48;2;255;255;255m▀[0m[38;2;167;104;74m[48;2;255;255;255m▀[0m[38;2;255;255;255m[48;2;83;77;85m▀[0m[38;2;55;63;69m[48;2;32;51;64m▀[0m[38;2;43;52;57m[48;2;64;71;82m▀[0m[38;2;65;73;86m[48;2;69;75;85m▀[0m[38;2;72;81;90m[48;2;73;81;89m▀[0m[38;2;71;77;86m[48;2;79;88;100m▀[0m[38;2;78;86;100m[48;2;75;82;96m▀[0m[38;2;89;102;115m[48;2;38;38;41m▀[0m[38;2;56;59;68m[48;2;0;0;0m▀[0m[38;2;46;49;46m[48;2;0;0;0m▀[0m[38;2;187;204;216m[48;2;68;69;65m▀[0m[38;2;221;232;255m[48;2;112;116;117m▀[0m[38;2;217;222;250m[48;2;158;165;179m▀[0m[38;2;171;183;196m[48;2;165;181;197m▀[0m[38;2;143;157;172m[48;2;185;200;228m▀[0m[38;2;189;205;233m[48;2;211;233;255m▀[0m[38;2;255;255;255m[48;2;255;255;254m▀[0m[38;2;255;255;255m[48;2;255;249;207m▀[0m[38;2;255;248;207m[48;2;255;255;255m▀[0m[38;2;255;179;105m[48;2;255;255;255m▀[0m[38;2;240;253;238m[48;2;255;255;223m▀[0m[38;2;169;204;249m[48;2;255;255;255m▀[0m[38;2;137;218;255m[48;2;185;172;164m▀[0m[38;2;144;203;228m[48;2;125;171;243m▀[0m[38;2;195;228;223m[48;2;127;185;233m▀[0m[38;2;255;255;255m[48;2;117;197;218m▀[0m[38;2;255;116;104m[48;2;255;112;98m▀[0m[38;2;255;0;0m[48;2;255;0;0m▀[0m[38;2;255;168;156m[48;2;97;230;253m▀[0m[38;2;169;181;194m[48;2;141;201;225m▀[0m[38;2;165;193;211m[48;2;167;193;206m▀[0m[38;2;189;200;218m[48;2;160;184;196m▀[0m[38;2;213;221;243m[48;2;160;174;194m▀[0m[38;2;135;130;133m[48;2;182;197;222m▀[0m[38;2;91;61;42m[48;2;211;223;240m▀[0m[38;2;59;52;44m[48;2;239;236;244m▀[0m[38;2;75;74;75m[48;2;237;228;225m▀[0m[38;2;71;65;75m[48;2;207;157;144m▀[0m[38;2;0;0;0m[48;2;0;0;0m▀[0m[38;2;0;0;0m[48;2;0;0;0m▀[0m[38;2;0;0;0m[48;2;8;0;0m▀[0m[38;2;0;0;6m[48;2;0;0;0m▀[0m[38;2;0;0;6m[48;2;0;0;1m▀[0m[38;2;0;2;4m[48;2;0;0;5m▀[0m[38;2;0;2;6m[48;2;0;2;6m▀[0m[38;2;0;2;6m[48;2;1;1;3m▀[0m[38;2;0;0;5m[48;2;19;20;8m▀[0m[38;2;0;0;4m[48;2;29;33;12m▀[0m[38;2;0;2;6m[48;2;1;0;3m▀[0m[38;2;0;2;6m[48;2;0;2;6m▀[0m[38;2;0;2;6m[48;2;0;2;6m▀[0m[38;2;0;2;4m[48;2;0;2;4m▀[0m[38;2;0;2;4m[48;2;0;2;4m▀[0m[38;2;0;2;4m[48;2;0;2;4m▀[0m[38;2;0;2;4m[48;2;0;2;4m▀[0m[38;2;0;2;6m[48;2;0;2;6m▀[0m[38;2;0;2;6m[48;2;0;2;6m▀[0m[38;2;0;2;4m[48;2;0;2;6m▀[0m[38;2;0;1;5m[48;2;0;2;4m▀[0m
[38;2;0;2;6m[48;2;0;2;6m▀[0m[38;2;0;2;6m[48;2;0;2;6m▀[0m[38;2;0;2;4m[48;2;0;2;6m▀[0m[38;2;0;2;4m[48;2;0;2;4m▀[0m[38;2;0;2;4m[48;2;0;2;4m▀[0m[38;2;0;2;4m[48;2;0;2;4m▀[0m[38;2;0;2;4m[48;2;0;2;4m▀[0m[38;2;0;2;4m[48;2;0;2;4m▀[0m[38;2;0;2;4m[48;2;0;2;4m▀[0m[38;2;2;4;5m[48;2;6;8;6m▀[0m[38;2;0;0;4m[48;2;0;0;0m▀[0m[38;2;0;0;0m[48;2;0;0;0m▀[0m[38;2;16;0;0m[48;2;0;0;0m▀[0m[38;2;54;0;0m[48;2;211;168;156m▀[0m[38;2;255;255;255m[48;2;255;255;255m▀[0m[38;2;255;255;255m[48;2;255;255;0m▀[0m[38;2;254;213;79m[48;2;131;73;0m▀[0m[38;2;0;5;38m[48;2;12;37;97m▀[0m[38;2;64;77;98m[48;2;66;77;93m▀[0m[38;2;65;76;86m[48;2;69;72;82m▀[0m[38;2;74;77;86m[48;2;73;78;85m▀[0m[38;2;73;81;90m[48;2;77;88;101m▀[0m[38;2;71;79;88m[48;2;78;84;97m▀[0m[38;2;46;46;51m[48;2;89;98;106m▀[0m[38;2;24;27;28m[48;2;81;87;95m▀[0m[38;2;0;0;0m[48;2;8;11;12m▀[0m[38;2;0;0;0m[48;2;2;4;2m▀[0m[38;2;0;0;0m[48;2;0;0;0m▀[0m[38;2;23;22;17m[48;2;5;7;11m▀[0m[38;2;147;154;169m[48;2;165;173;186m▀[0m[38;2;167;181;198m[48;2;162;179;204m▀[0m[38;2;191;211;255m[48;2;218;201;185m▀[0m[38;2;221;187;157m[48;2;255;255;180m▀[0m[38;2;255;227;136m[48;2;255;255;255m▀[0m[38;2;255;255;255m[48;2;255;255;255m▀[0m[38;2;255;255;255m[48;2;126;142;165m▀[0m[38;2;255;234;108m[48;2;0;0;0m▀[0m[38;2;141;91;0m[48;2;0;0;0m▀[0m[38;2;233;208;85m[48;2;0;0;0m▀[0m[38;2;255;255;122m[48;2;138;110;0m▀[0m[38;2;225;216;113m[48;2;216;177;0m▀[0m[38;2;151;178;226m[48;2;178;196;223m▀[0m[38;2;139;183;211m[48;2;189;222;255m▀[0m[38;2;109;245;255m[48;2;99;163;192m▀[0m[38;2;255;90;69m[48;2;218;176;164m▀[0m[38;2;234;96;93m[48;2;255;56;32m▀[0m[38;2;131;224;253m[48;2;154;227;247m▀[0m[38;2;178;201;218m[48;2;170;198;219m▀[0m[38;2;158;185;200m[48;2;130;153;171m▀[0m[38;2;208;228;248m[48;2;226;246;255m▀[0m[38;2;212;231;250m[48;2;255;255;255m▀[0m[38;2;186;209;234m[48;2;255;255;255m▀[0m[38;2;165;186;216m[48;2;211;236;253m▀[0m[38;2;198;236;255m[48;2;171;192;223m▀[0m[38;2;255;255;255m[48;2;162;198;246m▀[0m[38;2;255;180;114m[48;2;255;243;198m▀[0m[38;2;111;28;0m[48;2;255;255;255m▀[0m[38;2;88;28;0m[48;2;206;144;61m▀[0m[38;2;61;42;7m[48;2;71;0;0m▀[0m[38;2;0;0;0m[48;2;36;10;0m▀[0m[38;2;0;0;2m[48;2;0;0;0m▀[0m[38;2;0;0;6m[48;2;0;0;5m▀[0m[38;2;0;2;4m[48;2;0;0;4m▀[0m[38;2;3;5;6m[48;2;0;0;6m▀[0m[38;2;8;9;6m[48;2;0;1;5m▀[0m[38;2;0;2;4m[48;2;0;2;6m▀[0m[38;2;0;2;4m[48;2;0;2;6m▀[0m[38;2;0;2;4m[48;2;0;2;4m▀[0m[38;2;0;2;4m[48;2;0;2;6m▀[0m[38;2;0;2;6m[48;2;0;2;6m▀[0m[38;2;0;2;4m[48;2;0;2;6m▀[0m[38;2;0;2;6m[48;2;0;2;6m▀[0m[38;2;0;2;6m[48;2;0;2;4m▀[0m[38;2;0;2;4m[48;2;1;1;5m▀[0m[38;2;0;2;6m[48;2;0;2;6m▀[0m[38;2;0;2;6m[48;2;0;2;6m▀[0m
[38;2;0;2;6m[48;2;0;2;6m▀[0m[38;2;0;2;6m[48;2;0;2;6m▀[0m[38;2;0;2;4m[48;2;0;2;6m▀[0m[38;2;0;2;4m[48;2;0;2;4m▀[0m[38;2;1;1;5m[48;2;0;2;4m▀[0m[38;2;0;2;4m[48;2;0;2;6m▀[0m[38;2;0;2;4m[48;2;0;2;6m▀[0m[38;2;0;2;4m[48;2;0;2;6m▀[0m[38;2;0;2;6m[48;2;0;0;1m▀[0m[38;2;0;0;0m[48;2;0;0;0m▀[0m[38;2;0;0;0m[48;2;0;0;0m▀[0m[38;2;0;0;0m[48;2;0;0;0m▀[0m[38;2;146;102;66m[48;2;255;255;255m▀[0m[38;2;255;255;255m[48;2;58;49;25m▀[0m[38;2;6;19;0m[48;2;99;42;0m▀[0m[38;2;251;166;0m[48;2;0;0;0m▀[0m[38;2;65;27;0m[48;2;158;91;0m▀[0m[38;2;2;35;108m[48;2;29;29;12m▀[0m[38;2;65;72;86m[48;2;25;45;91m▀[0m[38;2;71;87;103m[48;2;144;196;234m▀[0m[38;2;104;157;182m[48;2;77;96;105m▀[0m[38;2;76;82;90m[48;2;76;83;91m▀[0m[38;2;87;93;108m[48;2;75;87;100m▀[0m[38;2;76;87;96m[48;2;17;23;27m▀[0m[38;2;3;5;5m[48;2;0;0;0m▀[0m[38;2;0;0;0m[48;2;0;0;0m▀[0m[38;2;0;4;3m[48;2;33;41;42m▀[0m[38;2;0;0;0m[48;2;55;62;70m▀[0m[38;2;18;21;22m[48;2;24;27;31m▀[0m[38;2;176;183;207m[48;2;139;144;166m▀[0m[38;2;207;227;255m[48;2;144;162;219m▀[0m[38;2;109;103;85m[48;2;102;87;0m▀[0m[38;2;251;225;118m[48;2;167;131;0m▀[0m[38;2;190;184;207m[48;2;0;0;0m▀[0m[38;2;0;10;32m[48;2;0;0;0m▀[0m[38;2;0;0;0m[48;2;0;0;0m▀[0m[38;2;0;0;0m[48;2;143;99;37m▀[0m[38;2;0;0;0m[48;2;205;138;71m▀[0m[38;2;0;0;0m[48;2;70;16;0m▀[0m[38;2;0;0;0m[48;2;0;0;0m▀[0m[38;2;33;0;0m[48;2;34;0;0m▀[0m[38;2;187;214;255m[48;2;133;99;37m▀[0m[38;2;165;195;223m[48;2;105;139;185m▀[0m[38;2;102;131;153m[48;2;90;103;116m▀[0m[38;2;56;124;127m[48;2;0;29;38m▀[0m[38;2;255;111;81m[48;2;255;178;168m▀[0m[38;2;217;172;179m[48;2;255;108;99m▀[0m[38;2;146;206;228m[48;2;118;196;224m▀[0m[38;2;128;144;159m[48;2;182;197;222m▀[0m[38;2;187;200;225m[48;2;192;205;231m▀[0m[38;2;255;255;255m[48;2;183;195;219m▀[0m[38;2;255;255;255m[48;2;179;192;220m▀[0m[38;2;233;251;255m[48;2;167;179;209m▀[0m[38;2;177;192;222m[48;2;197;214;238m▀[0m[38;2;180;205;252m[48;2;166;182;236m▀[0m[38;2;255;208;182m[48;2;248;181;64m▀[0m[38;2;255;255;255m[48;2;157;140;103m▀[0m[38;2;255;255;255m[48;2;0;0;0m▀[0m[38;2;178;108;35m[48;2;144;151;132m▀[0m[38;2;54;0;0m[48;2;85;34;0m▀[0m[38;2;4;0;0m[48;2;0;0;0m▀[0m[38;2;1;5;8m[48;2;0;0;6m▀[0m[38;2;42;43;17m[48;2;5;5;6m▀[0m[38;2;1;0;3m[48;2;0;2;4m▀[0m[38;2;1;3;5m[48;2;0;2;6m▀[0m[38;2;0;2;6m[48;2;0;2;6m▀[0m[38;2;0;2;6m[48;2;0;2;6m▀[0m[38;2;0;2;4m[48;2;0;2;4m▀[0m[38;2;0;2;6m[48;2;0;2;6m▀[0m[38;2;0;2;6m[48;2;0;2;6m▀[0m[38;2;0;2;6m[48;2;0;2;6m▀[0m[38;2;0;2;6m[48;2;0;2;6m▀[0m[38;2;0;2;6m[48;2;0;2;6m▀[0m[38;2;0;2;6m[48;2;0;2;6m▀[0m[38;2;0;2;6m[48;2;0;2;6m▀[0m[38;2;0;2;6m[48;2;0;2;6m▀[0m
[38;2;0;2;6m[48;2;0;2;4m▀[0m[38;2;0;2;6m[48;2;0;2;6m▀[0m[38;2;0;2;6m[48;2;0;2;6m▀[0m[38;2;0;2;6m[48;2;0;2;6m▀[0m[38;2;0;2;6m[48;2;0;2;6m▀[0m[38;2;0;2;4m[48;2;0;2;6m▀[0m[38;2;0;2;6m[48;2;0;0;1m▀[0m[38;2;0;0;1m[48;2;0;0;0m▀[0m[38;2;0;0;0m[48;2;0;0;0m▀[0m[38;2;0;0;0m[48;2;0;0;0m▀[0m[38;2;0;0;0m[48;2;103;112;116m▀[0m[38;2;223;192;144m[48;2;255;255;125m▀[0m[38;2;255;234;154m[48;2;169;123;17m▀[0m[38;2;119;36;0m[48;2;0;0;0m▀[0m[38;2;126;69;0m[48;2;0;0;0m▀[0m[38;2;3;0;0m[48;2;129;123;38m▀[0m[38;2;255;255;194m[48;2;255;255;255m▀[0m[38;2;255;255;255m[48;2;255;255;230m▀[0m[38;2;62;51;43m[48;2;19;0;0m▀[0m[38;2;63;73;95m[48;2;0;0;25m▀[0m[38;2;75;81;91m[48;2;33;47;59m▀[0m[38;2;61;75;92m[48;2;82;61;48m▀[0m[38;2;49;45;44m[48;2;24;11;0m▀[0m[38;2;0;0;0m[48;2;0;0;0m▀[0m[38;2;77;43;19m[48;2;7;1;0m▀[0m[38;2;21;16;5m[48;2;182;100;49m▀[0m[38;2;19;44;51m[48;2;66;62;55m▀[0m[38;2;69;76;85m[48;2;43;65;83m▀[0m[38;2;18;25;35m[48;2;31;36;47m▀[0m[38;2;46;55;71m[48;2;0;0;9m▀[0m[38;2;33;38;62m[48;2;30;17;12m▀[0m[38;2;211;162;0m[48;2;65;10;0m▀[0m[38;2;1;5;0m[48;2;51;30;0m▀[0m[38;2;0;0;0m[48;2;0;12;28m▀[0m[38;2;0;0;0m[48;2;83;30;0m▀[0m[38;2;255;255;185m[48;2;213;138;0m▀[0m[38;2;255;255;255m[48;2;192;178;128m▀[0m[38;2;255;255;255m[48;2;239;203;167m▀[0m[38;2;255;255;255m[48;2;160;79;0m▀[0m[38;2;160;46;0m[48;2;120;33;0m▀[0m[38;2;0;0;0m[48;2;255;168;0m▀[0m[38;2;6;0;0m[48;2;192;114;0m▀[0m[38;2;82;84;88m[48;2;23;15;16m▀[0m[38;2;61;82;110m[48;2;12;30;51m▀[0m[38;2;0;0;0m[48;2;0;0;0m▀[0m[38;2;247;255;255m[48;2;255;255;255m▀[0m[38;2;255;153;136m[48;2;255;193;173m▀[0m[38;2;106;156;174m[48;2;255;243;246m▀[0m[38;2;96;116;130m[48;2;7;52;69m▀[0m[38;2;174;192;213m[48;2;48;55;59m▀[0m[38;2;193;206;227m[48;2;124;136;149m▀[0m[38;2;211;222;240m[48;2;162;178;189m▀[0m[38;2;255;255;255m[48;2;250;255;255m▀[0m[38;2;199;217;238m[48;2;173;186;214m▀[0m[38;2;183;208;255m[48;2;115;131;164m▀[0m[38;2;75;68;38m[48;2;2;17;47m▀[0m[38;2;0;0;0m[48;2;206;120;0m▀[0m[38;2;141;63;0m[48;2;100;56;0m▀[0m[38;2;88;75;35m[48;2;59;50;25m▀[0m[38;2;65;50;28m[48;2;66;58;42m▀[0m[38;2;0;0;0m[48;2;0;0;0m▀[0m[38;2;0;0;7m[48;2;0;0;7m▀[0m[38;2;0;0;5m[48;2;0;2;6m▀[0m[38;2;0;2;6m[48;2;0;2;6m▀[0m[38;2;0;2;6m[48;2;0;2;6m▀[0m[38;2;0;2;6m[48;2;0;2;6m▀[0m[38;2;0;2;6m[48;2;0;2;6m▀[0m[38;2;0;2;4m[48;2;0;2;6m▀[0m[38;2;0;2;6m[48;2;0;2;6m▀[0m[38;2;0;2;6m[48;2;0;2;6m▀[0m[38;2;0;2;6m[48;2;0;2;4m▀[0m[38;2;0;2;6m[48;2;0;2;4m▀[0m[38;2;0;2;6m[48;2;0;2;6m▀[0m[38;2;0;2;4m[48;2;0;2;6m▀[0m[38;2;0;2;6m[48;2;0;2;6m▀[0m[38;2;0;2;6m[48;2;0;2;6m▀[0m
[38;2;0;2;4m[48;2;0;2;6m▀[0m[38;2;0;2;6m[48;2;0;2;6m▀[0m[38;2;0;2;6m[48;2;0;2;6m▀[0m[38;2;0;2;4m[48;2;0;2;6m▀[0m[38;2;0;2;6m[48;2;0;2;6m▀[0m[38;2;0;2;6m[48;2;0;0;0m▀[0m[38;2;0;0;0m[48;2;0;0;0m▀[0m[38;2;0;0;0m[48;2;0;0;0m▀[0m[38;2;0;0;0m[48;2;99;103;108m▀[0m[38;2;158;173;179m[48;2;236;246;246m▀[0m[38;2;220;240;246m[48;2;0;0;0m▀[0m[38;2;0;0;0m[48;2;0;0;0m▀[0m[38;2;0;0;0m[48;2;0;0;0m▀[0m[38;2;0;0;0m[48;2;0;0;0m▀[0m[38;2;37;50;73m[48;2;240;255;255m▀[0m[38;2;237;255;255m[48;2;50;59;72m▀[0m[38;2;8;18;18m[48;2;0;0;0m▀[0m[38;2;39;15;0m[48;2;0;0;0m▀[0m[38;2;0;0;0m[48;2;170;96;0m▀[0m[38;2;35;11;0m[48;2;231;155;0m▀[0m[38;2;162;128;114m[48;2;58;71;91m▀[0m[38;2;86;55;31m[48;2;0;0;0m▀[0m[38;2;0;0;0m[48;2;0;0;0m▀[0m[38;2;0;0;0m[48;2;0;0;1m▀[0m[38;2;0;0;0m[48;2;0;0;0m▀[0m[38;2;24;16;10m[48;2;0;0;6m▀[0m[38;2;222;125;68m[48;2;33;17;10m▀[0m[38;2;41;33;32m[48;2;138;75;43m▀[0m[38;2;60;73;86m[48;2;47;72;90m▀[0m[38;2;0;0;0m[48;2;8;28;64m▀[0m[38;2;96;71;0m[48;2;38;14;0m▀[0m[38;2;233;150;0m[48;2;193;135;0m▀[0m[38;2;124;57;0m[48;2;255;233;0m▀[0m[38;2;0;0;0m[48;2;255;209;0m▀[0m[38;2;0;0;0m[48;2;0;0;0m▀[0m[38;2;73;22;0m[48;2;0;0;0m▀[0m[38;2;110;30;0m[48;2;93;38;0m▀[0m[38;2;91;1;0m[48;2;152;70;0m▀[0m[38;2;87;8;0m[48;2;255;194;0m▀[0m[38;2;103;25;0m[48;2;255;255;0m▀[0m[38;2;255;246;0m[48;2;255;255;0m▀[0m[38;2;255;167;0m[48;2;0;0;0m▀[0m[38;2;0;0;19m[48;2;0;0;0m▀[0m[38;2;0;0;0m[48;2;0;0;0m▀[0m[38;2;0;0;6m[48;2;162;198;239m▀[0m[38;2;254;255;255m[48;2;177;245;255m▀[0m[38;2;255;250;235m[48;2;255;255;255m▀[0m[38;2;255;228;213m[48;2;255;163;136m▀[0m[38;2;183;255;255m[48;2;255;255;255m▀[0m[38;2;0;0;0m[48;2;135;165;197m▀[0m[38;2;10;9;7m[48;2;0;0;0m▀[0m[38;2;57;60;61m[48;2;0;0;0m▀[0m[38;2;69;73;77m[48;2;25;29;30m▀[0m[38;2;79;82;91m[48;2;7;18;41m▀[0m[38;2;7;29;62m[48;2;0;0;4m▀[0m[38;2;0;0;0m[48;2;179;167;113m▀[0m[38;2;74;47;0m[48;2;255;255;253m▀[0m[38;2;0;0;0m[48;2;193;65;0m▀[0m[38;2;137;96;16m[48;2;192;149;31m▀[0m[38;2;57;57;46m[48;2;0;6;16m▀[0m[38;2;0;0;0m[48;2;0;0;0m▀[0m[38;2;0;0;5m[48;2;0;0;1m▀[0m[38;2;0;2;6m[48;2;0;0;6m▀[0m[38;2;0;2;6m[48;2;0;2;6m▀[0m[38;2;0;2;6m[48;2;0;2;6m▀[0m[38;2;0;2;6m[48;2;0;2;4m▀[0m[38;2;0;2;6m[48;2;0;2;4m▀[0m[38;2;0;2;6m[48;2;0;2;6m▀[0m[38;2;0;2;6m[48;2;0;2;6m▀[0m[38;2;0;2;6m[48;2;0;2;6m▀[0m[38;2;0;2;6m[48;2;0;2;6m▀[0m[38;2;0;2;4m[48;2;0;2;6m▀[0m[38;2;0;2;4m[48;2;0;2;6m▀[0m[38;2;0;2;6m[48;2;0;2;6m▀[0m[38;2;0;2;6m[48;2;0;2;6m▀[0m[38;2;0;2;6m[48;2;0;2;6m▀[0m
[38;2;0;2;6m[48;2;0;2;6m▀[0m[38;2;0;2;6m[48;2;0;2;4m▀[0m[38;2;0;2;6m[48;2;0;2;4m▀[0m[38;2;0;2;6m[48;2;0;0;6m▀[0m[38;2;0;0;2m[48;2;0;0;0m▀[0m[38;2;0;0;0m[48;2;0;0;0m▀[0m[38;2;0;0;0m[48;2;0;0;0m▀[0m[38;2;25;28;33m[48;2;240;250;254m▀[0m[38;2;248;255;255m[48;2;22;22;20m▀[0m[38;2;0;0;0m[48;2;0;0;0m▀[0m[38;2;0;0;0m[48;2;0;0;0m▀[0m[38;2;0;0;0m[48;2;27;31;35m▀[0m[38;2;0;0;0m[48;2;0;6;14m▀[0m[38;2;11;24;31m[48;2;0;0;0m▀[0m[38;2;0;0;7m[48;2;12;0;0m▀[0m[38;2;0;0;0m[48;2;66;37;0m▀[0m[38;2;35;19;0m[48;2;23;9;0m▀[0m[38;2;15;0;0m[48;2;30;22;25m▀[0m[38;2;255;255;0m[48;2;39;31;1m▀[0m[38;2;91;72;0m[48;2;0;0;0m▀[0m[38;2;0;0;0m[48;2;0;0;7m▀[0m[38;2;0;0;0m[48;2;0;0;2m▀[0m[38;2;0;0;4m[48;2;0;2;4m▀[0m[38;2;0;0;6m[48;2;0;2;6m▀[0m[38;2;0;0;2m[48;2;0;0;0m▀[0m[38;2;0;0;6m[48;2;30;38;43m▀[0m[38;2;0;0;0m[48;2;0;0;0m▀[0m[38;2;104;58;30m[48;2;59;29;18m▀[0m[38;2;49;56;64m[48;2;87;57;45m▀[0m[38;2;36;59;99m[48;2;0;1;22m▀[0m[38;2;28;19;1m[48;2;164;99;0m▀[0m[38;2;0;0;0m[48;2;104;41;0m▀[0m[38;2;147;75;0m[48;2;0;0;0m▀[0m[38;2;255;255;24m[48;2;64;36;11m▀[0m[38;2;255;255;176m[48;2;224;214;154m▀[0m[38;2;255;217;108m[48;2;241;222;145m▀[0m[38;2;68;8;0m[48;2;70;61;36m▀[0m[38;2;156;66;0m[48;2;49;33;24m▀[0m[38;2;255;189;0m[48;2;45;64;115m▀[0m[38;2;115;83;0m[48;2;91;73;28m▀[0m[38;2;0;0;0m[48;2;76;36;0m▀[0m[38;2;42;20;0m[48;2;0;0;0m▀[0m[38;2;17;0;0m[48;2;168;115;0m▀[0m[38;2;0;0;24m[48;2;24;48;104m▀[0m[38;2;169;207;248m[48;2;38;49;65m▀[0m[38;2;205;254;255m[48;2;207;246;255m▀[0m[38;2;183;246;255m[48;2;84;142;172m▀[0m[38;2;255;139;110m[48;2;150;12;0m▀[0m[38;2;255;255;255m[48;2;255;255;255m▀[0m[38;2;255;255;255m[48;2;255;255;255m▀[0m[38;2;112;133;167m[48;2;254;255;255m▀[0m[38;2;0;0;0m[48;2;81;101;133m▀[0m[38;2;0;0;5m[48;2;0;0;0m▀[0m[38;2;32;27;11m[48;2;10;0;0m▀[0m[38;2;48;29;0m[48;2;57;20;0m▀[0m[38;2;232;150;0m[48;2;157;65;0m▀[0m[38;2;236;131;0m[48;2;75;15;0m▀[0m[38;2;119;44;0m[48;2;210;174;21m▀[0m[38;2;255;248;126m[48;2;65;73;43m▀[0m[38;2;36;56;98m[48;2;171;199;230m▀[0m[38;2;0;0;0m[48;2;0;0;6m▀[0m[38;2;0;0;0m[48;2;0;0;0m▀[0m[38;2;0;0;4m[48;2;0;0;0m▀[0m[38;2;0;2;6m[48;2;0;2;6m▀[0m[38;2;0;2;6m[48;2;0;2;6m▀[0m[38;2;0;2;4m[48;2;0;2;6m▀[0m[38;2;0;2;6m[48;2;0;2;6m▀[0m[38;2;0;2;6m[48;2;0;2;6m▀[0m[38;2;0;2;4m[48;2;0;2;6m▀[0m[38;2;0;2;6m[48;2;0;2;6m▀[0m[38;2;0;2;4m[48;2;0;2;4m▀[0m[38;2;0;2;6m[48;2;0;2;4m▀[0m[38;2;0;2;4m[48;2;0;2;4m▀[0m[38;2;0;2;6m[48;2;0;2;6m▀[0m[38;2;0;2;6m[48;2;0;2;6m▀[0m[38;2;0;2;6m[48;2;0;2;4m▀[0m
[38;2;0;2;6m[48;2;0;2;4m▀[0m[38;2;0;2;4m[48;2;0;2;6m▀[0m[38;2;0;2;4m[48;2;0;0;4m▀[0m[38;2;0;0;0m[48;2;0;0;0m▀[0m[38;2;0;0;0m[48;2;0;0;0m▀[0m[38;2;0;0;0m[48;2;14;14;18m▀[0m[38;2;126;133;138m[48;2;255;255;255m▀[0m[38;2;79;86;85m[48;2;0;0;0m▀[0m[38;2;0;0;0m[48;2;0;0;0m▀[0m[38;2;0;0;0m[48;2;152;165;169m▀[0m[38;2;120;132;135m[48;2;58;71;75m▀[0m[38;2;255;255;255m[48;2;48;59;68m▀[0m[38;2;0;0;0m[48;2;16;5;0m▀[0m[38;2;37;21;0m[48;2;52;27;0m▀[0m[38;2;68;38;0m[48;2;15;6;0m▀[0m[38;2;21;8;0m[48;2;75;57;47m▀[0m[38;2;69;52;41m[48;2;51;36;35m▀[0m[38;2;39;32;39m[48;2;0;0;0m▀[0m[38;2;0;0;0m[48;2;0;0;4m▀[0m[38;2;0;0;7m[48;2;0;0;6m▀[0m[38;2;0;0;6m[48;2;0;2;4m▀[0m[38;2;0;2;6m[48;2;0;2;4m▀[0m[38;2;0;2;4m[48;2;0;2;4m▀[0m[38;2;0;2;6m[48;2;0;2;6m▀[0m[38;2;0;2;6m[48;2;0;2;6m▀[0m[38;2;0;0;0m[48;2;0;3;6m▀[0m[38;2;0;0;0m[48;2;0;0;4m▀[0m[38;2;0;0;0m[48;2;0;0;0m▀[0m[38;2;198;114;64m[48;2;66;36;25m▀[0m[38;2;34;17;21m[48;2;111;52;32m▀[0m[38;2;151;96;0m[48;2;131;72;0m▀[0m[38;2;221;115;0m[48;2;255;255;0m▀[0m[38;2;0;0;0m[48;2;56;0;0m▀[0m[38;2;42;25;5m[48;2;0;0;0m▀[0m[38;2;0;9;56m[48;2;0;0;0m▀[0m[38;2;0;0;5m[48;2;0;0;0m▀[0m[38;2;0;0;0m[48;2;22;75;155m▀[0m[38;2;255;224;46m[48;2;166;128;0m▀[0m[38;2;255;255;255m[48;2;255;255;221m▀[0m[38;2;255;255;255m[48;2;255;255;255m▀[0m[38;2;255;239;0m[48;2;255;245;111m▀[0m[38;2;87;61;38m[48;2;195;141;0m▀[0m[38;2;255;239;29m[48;2;171;103;0m▀[0m[38;2;61;73;73m[48;2;82;72;30m▀[0m[38;2;48;63;95m[48;2;70;91;135m▀[0m[38;2;91;109;130m[48;2;16;18;19m▀[0m[38;2;0;0;0m[48;2;0;0;0m▀[0m[38;2;2;0;0m[48;2;0;0;0m▀[0m[38;2;255;255;255m[48;2;255;255;255m▀[0m[38;2;144;182;198m[48;2;32;50;57m▀[0m[38;2;186;216;244m[48;2;21;29;38m▀[0m[38;2;244;255;255m[48;2;250;255;255m▀[0m[38;2;15;23;31m[48;2;88;108;118m▀[0m[38;2;140;85;0m[48;2;237;165;0m▀[0m[38;2;0;0;0m[48;2;0;0;0m▀[0m[38;2;59;30;0m[48;2;51;27;0m▀[0m[38;2;197;151;0m[48;2;102;158;152m▀[0m[38;2;117;113;44m[48;2;0;0;10m▀[0m[38;2;0;0;0m[48;2;0;0;0m▀[0m[38;2;51;64;71m[48;2;0;0;0m▀[0m[38;2;157;171;179m[48;2;167;186;190m▀[0m[38;2;0;0;0m[48;2;33;33;42m▀[0m[38;2;0;0;0m[48;2;0;0;0m▀[0m[38;2;0;0;2m[48;2;0;0;1m▀[0m[38;2;0;2;6m[48;2;0;2;6m▀[0m[38;2;0;2;6m[48;2;0;2;6m▀[0m[38;2;0;2;4m[48;2;0;2;6m▀[0m[38;2;0;2;4m[48;2;0;2;4m▀[0m[38;2;0;2;6m[48;2;0;2;6m▀[0m[38;2;0;2;6m[48;2;0;2;6m▀[0m[38;2;0;2;4m[48;2;0;2;6m▀[0m[38;2;0;2;4m[48;2;0;2;6m▀[0m[38;2;0;2;6m[48;2;0;2;6m▀[0m[38;2;0;2;6m[48;2;0;2;6m▀[0m[38;2;0;2;6m[48;2;0;2;6m▀[0m[38;2;0;2;4m[48;2;0;2;6m▀[0m
[38;2;0;2;4m[48;2;0;2;6m▀[0m[38;2;0;2;2m[48;2;0;0;0m▀[0m[38;2;0;0;0m[48;2;0;0;0m▀[0m[38;2;0;0;0m[48;2;0;0;0m▀[0m[38;2;0;0;0m[48;2;98;104;110m▀[0m[38;2;251;255;255m[48;2;253;255;255m▀[0m[38;2;211;228;227m[48;2;74;93;88m▀[0m[38;2;0;0;0m[48;2;187;190;194m▀[0m[38;2;0;0;0m[48;2;153;165;172m▀[0m[38;2;189;197;200m[48;2;4;8;9m▀[0m[38;2;255;255;255m[48;2;61;64;64m▀[0m[38;2;0;0;0m[48;2;0;0;0m▀[0m[38;2;0;0;0m[48;2;0;0;0m▀[0m[38;2;18;11;3m[48;2;119;86;62m▀[0m[38;2;97;74;59m[48;2;8;8;5m▀[0m[38;2;32;23;20m[48;2;0;0;0m▀[0m[38;2;0;0;0m[48;2;0;0;7m▀[0m[38;2;0;0;7m[48;2;0;2;6m▀[0m[38;2;0;0;6m[48;2;0;2;6m▀[0m[38;2;0;2;6m[48;2;0;2;6m▀[0m[38;2;0;2;6m[48;2;0;2;4m▀[0m[38;2;0;2;6m[48;2;0;2;6m▀[0m[38;2;0;2;6m[48;2;0;2;4m▀[0m[38;2;0;0;0m[48;2;19;21;28m▀[0m[38;2;1;1;5m[48;2;1;3;5m▀[0m[38;2;0;2;6m[48;2;0;2;6m▀[0m[38;2;0;0;4m[48;2;0;2;6m▀[0m[38;2;0;0;4m[48;2;0;0;4m▀[0m[38;2;0;0;0m[48;2;0;0;0m▀[0m[38;2;156;172;167m[48;2;86;111;123m▀[0m[38;2;62;19;19m[48;2;203;180;156m▀[0m[38;2;255;226;0m[48;2;6;0;0m▀[0m[38;2;255;197;0m[48;2;140;116;0m▀[0m[38;2;0;0;0m[48;2;85;60;0m▀[0m[38;2;128;59;0m[48;2;157;91;0m▀[0m[38;2;192;96;0m[48;2;222;91;0m▀[0m[38;2;166;169;132m[48;2;255;240;0m▀[0m[38;2;0;0;0m[48;2;86;117;164m▀[0m[38;2;255;250;132m[48;2;145;90;8m▀[0m[38;2;199;158;74m[48;2;0;0;0m▀[0m[38;2;6;14;36m[48;2;220;255;255m▀[0m[38;2;45;65;106m[48;2;255;255;255m▀[0m[38;2;0;17;58m[48;2;72;89;122m▀[0m[38;2;54;74;108m[48;2;47;55;66m▀[0m[38;2;39;48;58m[48;2;0;0;0m▀[0m[38;2;0;0;0m[48;2;4;4;4m▀[0m[38;2;0;0;0m[48;2;32;37;43m▀[0m[38;2;0;0;0m[48;2;0;0;0m▀[0m[38;2;250;255;255m[48;2;183;191;192m▀[0m[38;2;76;88;104m[48;2;64;75;88m▀[0m[38;2;11;19;33m[48;2;81;97;118m▀[0m[38;2;105;136;170m[48;2;70;82;100m▀[0m[38;2;92;104;112m[48;2;0;0;0m▀[0m[38;2;255;240;112m[48;2;123;91;28m▀[0m[38;2;0;0;0m[48;2;70;18;0m▀[0m[38;2;196;126;0m[48;2;255;255;255m▀[0m[38;2;179;208;149m[48;2;165;117;12m▀[0m[38;2;0;95;209m[48;2;0;86;189m▀[0m[38;2;0;0;0m[48;2;25;59;91m▀[0m[38;2;0;0;0m[48;2;0;0;0m▀[0m[38;2;21;23;23m[48;2;0;0;0m▀[0m[38;2;159;174;177m[48;2;135;149;150m▀[0m[38;2;0;0;0m[48;2;38;42;47m▀[0m[38;2;0;0;0m[48;2;0;0;0m▀[0m[38;2;0;0;2m[48;2;0;0;1m▀[0m[38;2;0;2;6m[48;2;0;2;6m▀[0m[38;2;0;2;6m[48;2;0;2;4m▀[0m[38;2;0;2;4m[48;2;0;2;4m▀[0m[38;2;0;2;4m[48;2;0;2;4m▀[0m[38;2;0;2;6m[48;2;0;2;4m▀[0m[38;2;0;2;6m[48;2;0;2;6m▀[0m[38;2;0;2;4m[48;2;0;2;6m▀[0m[38;2;0;2;4m[48;2;0;2;6m▀[0m[38;2;0;2;6m[48;2;0;2;6m▀[0m[38;2;0;2;6m[48;2;0;2;6m▀[0m[38;2;0;2;6m[48;2;0;2;4m▀[0m
[38;2;0;0;4m[48;2;0;0;0m▀[0m[38;2;0;0;0m[48;2;0;0;0m▀[0m[38;2;0;0;0m[48;2;0;0;0m▀[0m[38;2;0;0;0m[48;2;255;255;255m▀[0m[38;2;224;255;255m[48;2;74;95;98m▀[0m[38;2;0;0;0m[48;2;0;0;0m▀[0m[38;2;0;0;0m[48;2;0;0;0m▀[0m[38;2;255;255;255m[48;2;158;170;179m▀[0m[38;2;255;255;255m[48;2;255;255;255m▀[0m[38;2;0;0;0m[48;2;254;255;255m▀[0m[38;2;0;0;0m[48;2;0;0;0m▀[0m[38;2;0;0;0m[48;2;0;0;0m▀[0m[38;2;68;50;29m[48;2;43;30;11m▀[0m[38;2;8;5;7m[48;2;0;0;0m▀[0m[38;2;0;0;0m[48;2;0;0;0m▀[0m[38;2;0;0;7m[48;2;0;0;5m▀[0m[38;2;0;2;6m[48;2;0;2;6m▀[0m[38;2;0;2;6m[48;2;0;2;6m▀[0m[38;2;0;2;6m[48;2;0;2;4m▀[0m[38;2;0;2;4m[48;2;0;2;4m▀[0m[38;2;0;2;4m[48;2;0;2;4m▀[0m[38;2;0;2;6m[48;2;0;2;6m▀[0m[38;2;0;2;4m[48;2;0;2;6m▀[0m[38;2;6;8;12m[48;2;0;1;5m▀[0m[38;2;1;3;5m[48;2;0;2;6m▀[0m[38;2;0;2;6m[48;2;0;2;6m▀[0m[38;2;0;2;4m[48;2;0;2;4m▀[0m[38;2;0;0;1m[48;2;0;0;1m▀[0m[38;2;0;0;0m[48;2;0;0;0m▀[0m[38;2;0;0;0m[48;2;0;0;0m▀[0m[38;2;230;223;204m[48;2;41;50;72m▀[0m[38;2;76;51;20m[48;2;255;220;127m▀[0m[38;2;0;0;0m[48;2;0;0;0m▀[0m[38;2;72;51;0m[48;2;42;72;128m▀[0m[38;2;0;0;0m[48;2;31;64;123m▀[0m[38;2;71;3;0m[48;2;0;0;0m▀[0m[38;2;255;255;7m[48;2;255;208;0m▀[0m[38;2;255;255;255m[48;2;243;200;101m▀[0m[38;2;0;0;0m[48;2;28;6;0m▀[0m[38;2;21;48;99m[48;2;45;71;116m▀[0m[38;2;68;86;111m[48;2;68;71;86m▀[0m[38;2;136;173;205m[48;2;54;62;76m▀[0m[38;2;43;48;58m[48;2;9;8;3m▀[0m[38;2;0;0;0m[48;2;0;0;0m▀[0m[38;2;0;0;0m[48;2;68;78;87m▀[0m[38;2;49;58;63m[48;2;69;75;88m▀[0m[38;2;50;55;59m[48;2;37;39;41m▀[0m[38;2;0;0;0m[48;2;15;15;15m▀[0m[38;2;81;87;90m[48;2;36;43;46m▀[0m[38;2;78;86;101m[48;2;74;82;95m▀[0m[38;2;73;86;102m[48;2;59;68;76m▀[0m[38;2;62;73;92m[48;2;78;89;99m▀[0m[38;2;11;16;17m[48;2;45;52;56m▀[0m[38;2;0;0;0m[48;2;0;0;0m▀[0m[38;2;0;0;0m[48;2;0;0;0m▀[0m[38;2;255;221;140m[48;2;25;11;0m▀[0m[38;2;184;135;49m[48;2;141;120;59m▀[0m[38;2;0;0;0m[48;2;2;0;0m▀[0m[38;2;55;142;212m[48;2;7;48;82m▀[0m[38;2;0;0;0m[48;2;23;69;98m▀[0m[38;2;0;0;0m[48;2;0;0;0m▀[0m[38;2;12;16;12m[48;2;0;0;0m▀[0m[38;2;146;159;163m[48;2;171;186;189m▀[0m[38;2;0;0;0m[48;2;34;39;45m▀[0m[38;2;0;0;0m[48;2;0;0;0m▀[0m[38;2;0;0;0m[48;2;0;0;0m▀[0m[38;2;0;2;6m[48;2;0;2;6m▀[0m[38;2;0;2;4m[48;2;0;2;6m▀[0m[38;2;0;1;5m[48;2;0;2;6m▀[0m[38;2;0;2;6m[48;2;0;2;6m▀[0m[38;2;0;2;6m[48;2;0;2;6m▀[0m[38;2;0;2;4m[48;2;0;2;6m▀[0m[38;2;0;2;6m[48;2;0;2;6m▀[0m[38;2;0;2;6m[48;2;0;2;6m▀[0m[38;2;0;2;6m[48;2;0;2;6m▀[0m[38;2;0;2;6m[48;2;0;2;6m▀[0m
[38;2;0;0;5m[48;2;0;1;3m▀[0m[38;2;0;0;0m[48;2;0;0;0m▀[0m[38;2;56;59;64m[48;2;37;54;58m▀[0m[38;2;255;255;255m[48;2;10;25;28m▀[0m[38;2;124;132;136m[48;2;33;29;29m▀[0m[38;2;0;0;0m[48;2;0;0;0m▀[0m[38;2;0;0;0m[48;2;0;0;0m▀[0m[38;2;0;0;0m[48;2;4;42;84m▀[0m[38;2;255;255;255m[48;2;57;96;133m▀[0m[38;2;255;255;255m[48;2;255;255;255m▀[0m[38;2;146;178;182m[48;2;255;255;255m▀[0m[38;2;0;0;0m[48;2;0;15;21m▀[0m[38;2;66;43;29m[48;2;51;9;0m▀[0m[38;2;0;0;0m[48;2;0;0;0m▀[0m[38;2;0;0;2m[48;2;0;0;0m▀[0m[38;2;0;2;4m[48;2;0;0;6m▀[0m[38;2;0;2;6m[48;2;0;2;6m▀[0m[38;2;0;2;4m[48;2;0;2;4m▀[0m[38;2;0;2;4m[48;2;0;0;5m▀[0m[38;2;0;2;4m[48;2;0;0;5m▀[0m[38;2;0;2;4m[48;2;0;2;4m▀[0m[38;2;0;2;6m[48;2;0;2;6m▀[0m[38;2;0;2;6m[48;2;0;2;6m▀[0m[38;2;0;2;6m[48;2;0;2;6m▀[0m[38;2;0;2;4m[48;2;0;2;4m▀[0m[38;2;0;2;6m[48;2;0;2;4m▀[0m[38;2;0;2;6m[48;2;0;2;6m▀[0m[38;2;0;2;6m[48;2;0;2;4m▀[0m[38;2;0;0;4m[48;2;0;2;6m▀[0m[38;2;0;0;0m[48;2;0;0;4m▀[0m[38;2;0;0;0m[48;2;0;0;1m▀[0m[38;2;52;34;7m[48;2;0;0;0m▀[0m[38;2;48;21;0m[48;2;116;66;29m▀[0m[38;2;28;50;72m[48;2;75;44;20m▀[0m[38;2;99;120;162m[48;2;1;31;56m▀[0m[38;2;3;33;105m[48;2;38;65;112m▀[0m[38;2;183;114;0m[48;2;109;47;0m▀[0m[38;2;255;255;113m[48;2;181;165;52m▀[0m[38;2;62;35;0m[48;2;221;187;34m▀[0m[38;2;45;72;123m[48;2;12;32;79m▀[0m[38;2;68;74;85m[48;2;51;60;65m▀[0m[38;2;27;33;36m[48;2;0;0;0m▀[0m[38;2;0;0;0m[48;2;36;43;47m▀[0m[38;2;69;76;82m[48;2;255;255;255m▀[0m[38;2;110;120;137m[48;2;116;128;139m▀[0m[38;2;59;65;74m[48;2;49;55;64m▀[0m[38;2;46;48;54m[48;2;58;63;70m▀[0m[38;2;20;20;18m[48;2;21;21;19m▀[0m[38;2;44;50;54m[48;2;49;61;68m▀[0m[38;2;84;95;108m[48;2;86;93;106m▀[0m[38;2;78;92;110m[48;2;105;118;133m▀[0m[38;2;70;81;95m[48;2;24;38;49m▀[0m[38;2;11;15;11m[48;2;1;0;0m▀[0m[38;2;0;0;0m[48;2;75;44;20m▀[0m[38;2;0;0;0m[48;2;0;0;0m▀[0m[38;2;115;118;83m[48;2;157;141;91m▀[0m[38;2;72;78;54m[48;2;75;69;68m▀[0m[38;2;34;0;0m[48;2;0;0;0m▀[0m[38;2;37;4;0m[48;2;59;22;0m▀[0m[38;2;5;51;86m[48;2;0;0;0m▀[0m[38;2;47;97;136m[48;2;55;119;146m▀[0m[38;2;0;0;0m[48;2;3;12;15m▀[0m[38;2;33;37;34m[48;2;54;57;61m▀[0m[38;2;131;150;160m[48;2;176;189;195m▀[0m[38;2;0;0;0m[48;2;0;0;0m▀[0m[38;2;0;0;0m[48;2;0;0;0m▀[0m[38;2;0;0;4m[48;2;0;0;1m▀[0m[38;2;0;2;6m[48;2;0;2;6m▀[0m[38;2;0;2;6m[48;2;0;2;6m▀[0m[38;2;0;2;6m[48;2;0;2;6m▀[0m[38;2;0;2;6m[48;2;0;2;6m▀[0m[38;2;0;2;6m[48;2;0;2;4m▀[0m[38;2;0;2;4m[48;2;0;2;4m▀[0m[38;2;0;2;6m[48;2;0;2;6m▀[0m[38;2;0;2;4m[48;2;0;2;4m▀[0m[38;2;0;2;4m[48;2;0;2;6m▀[0m
[38;2;0;0;2m[48;2;0;2;4m▀[0m[38;2;0;0;0m[48;2;0;0;4m▀[0m[38;2;0;0;0m[48;2;0;0;0m▀[0m[38;2;31;57;70m[48;2;1;1;5m▀[0m[38;2;0;0;0m[48;2;61;85;108m▀[0m[38;2;0;0;0m[48;2;0;0;0m▀[0m[38;2;0;0;0m[48;2;0;0;0m▀[0m[38;2;0;0;0m[48;2;0;0;0m▀[0m[38;2;14;47;89m[48;2;0;0;0m▀[0m[38;2;47;98;137m[48;2;21;44;85m▀[0m[38;2;206;251;255m[48;2;69;127;172m▀[0m[38;2;111;153;178m[48;2;71;125;155m▀[0m[38;2;0;0;0m[48;2;0;4;23m▀[0m[38;2;78;42;20m[48;2;87;42;11m▀[0m[38;2;0;0;0m[48;2;11;3;3m▀[0m[38;2;0;0;5m[48;2;0;0;0m▀[0m[38;2;0;2;6m[48;2;0;1;6m▀[0m[38;2;0;2;4m[48;2;0;0;4m▀[0m[38;2;16;11;4m[48;2;35;31;6m▀[0m[38;2;10;9;4m[48;2;28;27;5m▀[0m[38;2;0;2;4m[48;2;1;1;3m▀[0m[38;2;0;2;6m[48;2;0;2;6m▀[0m[38;2;0;2;6m[48;2;0;2;6m▀[0m[38;2;0;2;4m[48;2;0;2;4m▀[0m[38;2;0;2;6m[48;2;0;2;6m▀[0m[38;2;0;2;4m[48;2;0;2;4m▀[0m[38;2;0;2;4m[48;2;1;3;4m▀[0m[38;2;0;2;4m[48;2;4;4;5m▀[0m[38;2;0;2;4m[48;2;0;0;5m▀[0m[38;2;0;2;6m[48;2;0;0;6m▀[0m[38;2;0;0;4m[48;2;0;0;2m▀[0m[38;2;0;0;0m[48;2;0;0;2m▀[0m[38;2;0;0;0m[48;2;0;0;0m▀[0m[38;2;246;147;69m[48;2;56;32;14m▀[0m[38;2;39;20;5m[48;2;149;91;57m▀[0m[38;2;0;0;0m[48;2;25;55;84m▀[0m[38;2;73;16;0m[48;2;20;33;58m▀[0m[38;2;177;116;0m[48;2;59;12;0m▀[0m[38;2;65;56;27m[48;2;39;57;86m▀[0m[38;2;35;51;84m[48;2;66;78;97m▀[0m[38;2;34;39;45m[48;2;43;49;54m▀[0m[38;2;41;43;44m[48;2;70;76;86m▀[0m[38;2;86;95;108m[48;2;65;62;73m▀[0m[38;2;255;255;255m[48;2;135;182;221m▀[0m[38;2;82;95;106m[48;2;62;71;81m▀[0m[38;2;59;61;70m[48;2;66;66;78m▀[0m[38;2;63;70;78m[48;2;65;73;82m▀[0m[38;2;31;31;28m[48;2;42;42;39m▀[0m[38;2;58;66;74m[48;2;59;66;74m▀[0m[38;2;84;92;105m[48;2;87;96;110m▀[0m[38;2;64;73;86m[48;2;69;79;88m▀[0m[38;2;7;22;27m[48;2;0;16;20m▀[0m[38;2;11;2;0m[48;2;8;0;0m▀[0m[38;2;89;52;24m[48;2;84;50;29m▀[0m[38;2;14;9;0m[48;2;24;18;0m▀[0m[38;2;140;104;21m[48;2;58;41;0m▀[0m[38;2;0;0;10m[48;2;0;0;0m▀[0m[38;2;93;65;48m[48;2;52;36;30m▀[0m[38;2;6;0;0m[48;2;55;30;16m▀[0m[38;2;0;0;0m[48;2;0;0;0m▀[0m[38;2;0;0;0m[48;2;0;0;0m▀[0m[38;2;91;115;119m[48;2;77;86;89m▀[0m[38;2;6;16;22m[48;2;165;210;225m▀[0m[38;2;71;78;77m[48;2;0;0;0m▀[0m[38;2;140;140;147m[48;2;111;109;115m▀[0m[38;2;0;0;0m[48;2;0;0;0m▀[0m[38;2;1;3;4m[48;2;0;0;0m▀[0m[38;2;0;2;6m[48;2;0;2;6m▀[0m[38;2;0;2;6m[48;2;0;2;6m▀[0m[38;2;0;2;6m[48;2;0;2;4m▀[0m[38;2;0;2;6m[48;2;0;2;6m▀[0m[38;2;0;2;6m[48;2;0;2;6m▀[0m[38;2;0;2;6m[48;2;0;2;6m▀[0m[38;2;0;2;6m[48;2;0;2;6m▀[0m[38;2;0;2;6m[48;2;0;2;6m▀[0m[38;2;0;2;6m[48;2;0;2;4m▀[0m
[38;2;0;2;4m[48;2;0;2;4m▀[0m[38;2;0;2;6m[48;2;0;2;4m▀[0m[38;2;2;0;4m[48;2;0;2;2m▀[0m[38;2;0;0;0m[48;2;0;0;5m▀[0m[38;2;10;17;22m[48;2;0;0;0m▀[0m[38;2;65;101;132m[48;2;17;46;76m▀[0m[38;2;0;0;0m[48;2;133;165;167m▀[0m[38;2;51;58;58m[48;2;200;163;93m▀[0m[38;2;0;0;0m[48;2;255;238;187m▀[0m[38;2;0;0;0m[48;2;218;203;154m▀[0m[38;2;0;0;34m[48;2;97;89;90m▀[0m[38;2;115;177;227m[48;2;81;88;101m▀[0m[38;2;77;123;158m[48;2;142;193;226m▀[0m[38;2;23;10;7m[48;2;0;5;48m▀[0m[38;2;83;44;21m[48;2;84;45;18m▀[0m[38;2;0;0;0m[48;2;3;0;0m▀[0m[38;2;0;0;1m[48;2;0;0;0m▀[0m[38;2;0;0;6m[48;2;0;0;6m▀[0m[38;2;0;0;5m[48;2;1;3;4m▀[0m[38;2;0;0;4m[48;2;0;2;4m▀[0m[38;2;0;2;4m[48;2;0;2;4m▀[0m[38;2;0;2;4m[48;2;0;2;4m▀[0m[38;2;0;2;6m[48;2;0;2;6m▀[0m[38;2;0;2;6m[48;2;0;2;6m▀[0m[38;2;0;2;4m[48;2;1;3;5m▀[0m[38;2;0;0;5m[48;2;0;0;0m▀[0m[38;2;0;0;0m[48;2;39;35;14m▀[0m[38;2;0;0;0m[48;2;168;165;70m▀[0m[38;2;0;0;1m[48;2;0;0;0m▀[0m[38;2;0;0;6m[48;2;25;32;29m▀[0m[38;2;0;0;2m[48;2;0;2;7m▀[0m[38;2;0;0;0m[48;2;0;0;0m▀[0m[38;2;0;0;0m[48;2;0;0;0m▀[0m[38;2;47;15;2m[48;2;72;31;1m▀[0m[38;2;38;15;6m[48;2;206;112;46m▀[0m[38;2;23;52;69m[48;2;0;0;0m▀[0m[38;2;99;112;138m[48;2;2;7;3m▀[0m[38;2;63;86;122m[48;2;60;65;74m▀[0m[38;2;76;89;111m[48;2;71;77;90m▀[0m[38;2;68;74;88m[48;2;73;81;90m▀[0m[38;2;47;50;51m[48;2;62;68;73m▀[0m[38;2;63;71;75m[48;2;69;75;81m▀[0m[38;2;70;72;77m[48;2;74;82;93m▀[0m[38;2;96;126;149m[48;2;82;110;133m▀[0m[38;2;63;69;75m[48;2;65;68;72m▀[0m[38;2;71;73;83m[48;2;70;76;86m▀[0m[38;2;66;73;82m[48;2;65;72;81m▀[0m[38;2;48;55;56m[48;2;57;63;66m▀[0m[38;2;64;76;85m[48;2;70;86;101m▀[0m[38;2;81;87;102m[48;2;66;75;87m▀[0m[38;2;52;61;66m[48;2;28;37;44m▀[0m[38;2;0;0;0m[48;2;0;0;0m▀[0m[38;2;24;6;0m[48;2;99;56;18m▀[0m[38;2;96;62;32m[48;2;255;193;115m▀[0m[38;2;131;88;57m[48;2;206;149;95m▀[0m[38;2;0;0;0m[48;2;0;0;0m▀[0m[38;2;0;0;0m[48;2;0;0;0m▀[0m[38;2;7;3;6m[48;2;27;19;18m▀[0m[38;2;86;57;31m[48;2;87;60;36m▀[0m[38;2;0;0;0m[48;2;0;0;0m▀[0m[38;2;0;0;0m[48;2;49;85;114m▀[0m[38;2;255;255;255m[48;2;255;255;255m▀[0m[38;2;255;255;255m[48;2;57;89;102m▀[0m[38;2;0;0;0m[48;2;0;0;0m▀[0m[38;2;0;0;2m[48;2;2;22;41m▀[0m[38;2;0;0;0m[48;2;0;0;0m▀[0m[38;2;0;0;0m[48;2;0;0;1m▀[0m[38;2;0;2;6m[48;2;0;2;4m▀[0m[38;2;0;2;6m[48;2;0;2;6m▀[0m[38;2;0;2;6m[48;2;0;2;6m▀[0m[38;2;0;2;6m[48;2;0;2;6m▀[0m[38;2;0;2;6m[48;2;0;2;6m▀[0m[38;2;0;2;6m[48;2;0;2;6m▀[0m[38;2;0;2;6m[48;2;0;2;6m▀[0m[38;2;0;2;6m[48;2;0;2;4m▀[0m[38;2;0;2;6m[48;2;0;2;4m▀[0m
[38;2;0;2;6m[48;2;0;2;6m▀[0m[38;2;0;2;4m[48;2;0;2;4m▀[0m[38;2;0;2;4m[48;2;0;2;4m▀[0m[38;2;0;0;1m[48;2;2;2;6m▀[0m[38;2;0;0;0m[48;2;0;0;1m▀[0m[38;2;0;0;0m[48;2;0;0;0m▀[0m[38;2;41;71;100m[48;2;0;0;2m▀[0m[38;2;20;0;0m[48;2;0;2;15m▀[0m[38;2;222;83;0m[48;2;0;0;0m▀[0m[38;2;255;255;0m[48;2;255;214;0m▀[0m[38;2;54;52;54m[48;2;0;1;0m▀[0m[38;2;129;116;74m[48;2;0;0;0m▀[0m[38;2;224;216;170m[48;2;0;34;79m▀[0m[38;2;191;203;206m[48;2;183;189;174m▀[0m[38;2;7;2;10m[48;2;226;209;138m▀[0m[38;2;65;32;22m[48;2;150;95;35m▀[0m[38;2;0;0;0m[48;2;0;0;4m▀[0m[38;2;0;0;1m[48;2;0;0;0m▀[0m[38;2;0;0;5m[48;2;0;0;6m▀[0m[38;2;0;2;6m[48;2;0;2;6m▀[0m[38;2;0;2;6m[48;2;0;2;4m▀[0m[38;2;0;2;4m[48;2;0;2;6m▀[0m[38;2;0;2;4m[48;2;0;2;4m▀[0m[38;2;0;2;4m[48;2;0;2;4m▀[0m[38;2;0;0;6m[48;2;0;0;1m▀[0m[38;2;0;0;0m[48;2;9;15;25m▀[0m[38;2;12;12;7m[48;2;0;0;0m▀[0m[38;2;104;101;38m[48;2;0;0;0m▀[0m[38;2;0;0;0m[48;2;0;0;0m▀[0m[38;2;20;22;8m[48;2;0;0;0m▀[0m[38;2;0;0;0m[48;2;0;0;0m▀[0m[38;2;0;0;0m[48;2;8;4;1m▀[0m[38;2;5;0;0m[48;2;192;200;212m▀[0m[38;2;151;130;105m[48;2;222;250;255m▀[0m[38;2;93;91;88m[48;2;151;171;198m▀[0m[38;2;62;70;79m[48;2;31;36;46m▀[0m[38;2;31;33;37m[48;2;51;52;68m▀[0m[38;2;69;83;91m[48;2;195;220;239m▀[0m[38;2;89;111;123m[48;2;95;109;120m▀[0m[38;2;51;54;58m[48;2;45;43;49m▀[0m[38;2;68;71;79m[48;2;52;60;61m▀[0m[38;2;71;78;87m[48;2;71;78;87m▀[0m[38;2;71;82;98m[48;2;71;79;96m▀[0m[38;2;72;95;110m[48;2;66;77;86m▀[0m[38;2;69;69;77m[48;2;69;75;88m▀[0m[38;2;72;77;88m[48;2;71;79;89m▀[0m[38;2;62;69;79m[48;2;58;63;70m▀[0m[38;2;55;61;66m[48;2;50;55;55m▀[0m[38;2;66;79;91m[48;2;49;58;62m▀[0m[38;2;52;58;64m[48;2;33;42;47m▀[0m[38;2;0;3;14m[48;2;0;0;0m▀[0m[38;2;0;0;0m[48;2;98;60;20m▀[0m[38;2;197;128;70m[48;2;255;174;109m▀[0m[38;2;255;255;177m[48;2;255;243;150m▀[0m[38;2;129;141;143m[48;2;0;0;0m▀[0m[38;2;0;0;0m[48;2;0;0;0m▀[0m[38;2;0;0;0m[48;2;0;0;0m▀[0m[38;2;104;74;57m[48;2;150;103;73m▀[0m[38;2;32;16;3m[48;2;0;0;0m▀[0m[38;2;0;0;0m[48;2;0;0;2m▀[0m[38;2;137;194;230m[48;2;32;89;155m▀[0m[38;2;120;180;208m[48;2;0;0;19m▀[0m[38;2;0;0;0m[48;2;255;252;160m▀[0m[38;2;228;184;83m[48;2;141;83;0m▀[0m[38;2;42;25;0m[48;2;0;0;0m▀[0m[38;2;0;0;0m[48;2;0;0;2m▀[0m[38;2;0;1;6m[48;2;0;0;6m▀[0m[38;2;0;2;6m[48;2;0;2;6m▀[0m[38;2;0;2;6m[48;2;0;2;6m▀[0m[38;2;0;2;4m[48;2;0;2;6m▀[0m[38;2;0;2;6m[48;2;0;2;4m▀[0m[38;2;0;2;6m[48;2;0;2;4m▀[0m[38;2;0;2;4m[48;2;0;2;4m▀[0m[38;2;0;2;6m[48;2;0;2;4m▀[0m[38;2;0;2;4m[48;2;0;2;6m▀[0m[38;2;0;2;6m[48;2;0;2;6m▀[0m
[38;2;0;2;6m[48;2;0;2;4m▀[0m[38;2;0;2;6m[48;2;0;2;6m▀[0m[38;2;0;2;6m[48;2;0;2;6m▀[0m[38;2;0;2;6m[48;2;0;2;6m▀[0m[38;2;2;2;2m[48;2;0;2;4m▀[0m[38;2;0;0;4m[48;2;0;2;4m▀[0m[38;2;0;0;0m[48;2;0;0;6m▀[0m[38;2;7;1;0m[48;2;0;0;0m▀[0m[38;2;106;69;0m[48;2;76;63;0m▀[0m[38;2;29;0;0m[48;2;167;101;0m▀[0m[38;2;255;255;143m[48;2;30;8;14m▀[0m[38;2;0;5;15m[48;2;255;255;168m▀[0m[38;2;0;0;0m[48;2;11;0;0m▀[0m[38;2;0;72;157m[48;2;0;0;1m▀[0m[38;2;39;52;57m[48;2;96;164;243m▀[0m[38;2;163;106;0m[48;2;0;29;78m▀[0m[38;2;140;86;33m[48;2;66;32;0m▀[0m[38;2;0;0;0m[48;2;86;47;6m▀[0m[38;2;0;0;0m[48;2;0;0;0m▀[0m[38;2;0;0;6m[48;2;0;0;0m▀[0m[38;2;1;0;5m[48;2;0;0;0m▀[0m[38;2;0;2;6m[48;2;0;0;2m▀[0m[38;2;0;2;4m[48;2;0;2;6m▀[0m[38;2;0;2;6m[48;2;0;2;6m▀[0m[38;2;1;0;5m[48;2;0;2;4m▀[0m[38;2;22;27;17m[48;2;5;7;7m▀[0m[38;2;0;1;3m[48;2;0;0;0m▀[0m[38;2;0;0;0m[48;2;0;0;0m▀[0m[38;2;0;0;0m[48;2;0;0;0m▀[0m[38;2;0;0;0m[48;2;97;84;101m▀[0m[38;2;65;61;68m[48;2;255;255;255m▀[0m[38;2;248;255;255m[48;2;212;237;255m▀[0m[38;2;237;253;255m[48;2;196;208;234m▀[0m[38;2;207;222;244m[48;2;173;186;211m▀[0m[38;2;231;248;255m[48;2;255;255;255m▀[0m[38;2;123;139;152m[48;2;255;255;255m▀[0m[38;2;42;47;57m[48;2;41;49;55m▀[0m[38;2;170;189;212m[48;2;35;42;50m▀[0m[38;2;63;72;81m[48;2;34;42;47m▀[0m[38;2;63;74;83m[48;2;51;58;63m▀[0m[38;2;71;77;86m[48;2;75;77;87m▀[0m[38;2;70;77;86m[48;2;69;75;84m▀[0m[38;2;69;76;85m[48;2;69;75;84m▀[0m[38;2;68;74;83m[48;2;74;81;89m▀[0m[38;2;71;79;89m[48;2;66;74;84m▀[0m[38;2;64;71;79m[48;2;58;62;66m▀[0m[38;2;51;55;60m[48;2;31;32;29m▀[0m[38;2;36;39;38m[48;2;23;28;21m▀[0m[38;2;42;44;44m[48;2;34;38;38m▀[0m[38;2;0;14;24m[48;2;0;6;14m▀[0m[38;2;23;15;2m[48;2;41;24;5m▀[0m[38;2;131;82;41m[48;2;117;75;47m▀[0m[38;2;255;176;117m[48;2;225;153;100m▀[0m[38;2;255;204;119m[48;2;255;198;115m▀[0m[38;2;0;0;0m[48;2;0;0;0m▀[0m[38;2;0;0;0m[48;2;0;0;0m▀[0m[38;2;0;0;0m[48;2;0;0;0m▀[0m[38;2;168;110;75m[48;2;170;109;76m▀[0m[38;2;0;0;0m[48;2;0;0;0m▀[0m[38;2;0;0;11m[48;2;93;72;6m▀[0m[38;2;131;141;102m[48;2;122;123;96m▀[0m[38;2;96;103;77m[48;2;0;0;0m▀[0m[38;2;255;190;9m[48;2;196;126;0m▀[0m[38;2;77;21;0m[48;2;140;75;0m▀[0m[38;2;0;0;1m[48;2;0;0;0m▀[0m[38;2;0;0;2m[48;2;0;0;6m▀[0m[38;2;2;2;6m[48;2;0;2;6m▀[0m[38;2;0;2;4m[48;2;0;2;6m▀[0m[38;2;0;2;4m[48;2;0;2;6m▀[0m[38;2;0;2;6m[48;2;0;2;6m▀[0m[38;2;0;2;6m[48;2;0;2;6m▀[0m[38;2;0;2;4m[48;2;0;2;6m▀[0m[38;2;0;2;4m[48;2;0;2;6m▀[0m[38;2;0;2;4m[48;2;0;2;4m▀[0m[38;2;0;2;6m[48;2;0;2;4m▀[0m[38;2;0;2;6m[48;2;0;2;4m▀[0m
[38;2;0;2;4m[48;2;0;2;4m▀[0m[38;2;0;2;6m[48;2;0;2;4m▀[0m[38;2;0;2;4m[48;2;0;2;6m▀[0m[38;2;0;2;6m[48;2;0;2;6m▀[0m[38;2;0;2;6m[48;2;0;2;6m▀[0m[38;2;0;2;4m[48;2;0;2;4m▀[0m[38;2;0;0;6m[48;2;0;2;4m▀[0m[38;2;0;0;5m[48;2;0;0;5m▀[0m[38;2;0;0;0m[48;2;0;0;6m▀[0m[38;2;85;72;0m[48;2;0;0;0m▀[0m[38;2;194;108;0m[48;2;69;58;2m▀[0m[38;2;44;8;0m[48;2;217;131;0m▀[0m[38;2;255;255;119m[48;2;33;0;0m▀[0m[38;2;28;7;0m[48;2;255;226;113m▀[0m[38;2;0;0;23m[48;2;47;18;0m▀[0m[38;2;158;224;255m[48;2;0;0;15m▀[0m[38;2;5;46;104m[48;2;219;255;255m▀[0m[38;2;24;0;0m[48;2;0;28;75m▀[0m[38;2;23;0;0m[48;2;85;42;0m▀[0m[38;2;0;0;0m[48;2;99;81;51m▀[0m[38;2;0;0;0m[48;2;0;0;0m▀[0m[38;2;0;0;1m[48;2;0;0;0m▀[0m[38;2;0;0;1m[48;2;0;0;0m▀[0m[38;2;0;0;2m[48;2;0;0;0m▀[0m[38;2;0;0;0m[48;2;0;0;0m▀[0m[38;2;0;0;0m[48;2;0;0;0m▀[0m[38;2;0;0;0m[48;2;0;0;0m▀[0m[38;2;0;0;0m[48;2;42;29;24m▀[0m[38;2;75;55;58m[48;2;255;255;255m▀[0m[38;2;255;255;255m[48;2;78;89;83m▀[0m[38;2;255;255;254m[48;2;104;74;19m▀[0m[38;2;238;235;255m[48;2;241;218;149m▀[0m[38;2;168;181;232m[48;2;255;244;198m▀[0m[38;2;231;251;255m[48;2;255;255;255m▀[0m[38;2;255;255;255m[48;2;255;255;255m▀[0m[38;2;255;255;255m[48;2;181;205;231m▀[0m[38;2;86;98;111m[48;2;163;173;196m▀[0m[38;2;42;45;47m[48;2;41;44;49m▀[0m[38;2;47;56;59m[48;2;55;61;65m▀[0m[38;2;61;68;76m[48;2;68;74;83m▀[0m[38;2;70;75;85m[48;2;68;70;76m▀[0m[38;2;69;71;81m[48;2;71;79;91m▀[0m[38;2;70;77;92m[48;2;70;89;106m▀[0m[38;2;72;78;84m[48;2;69;71;77m▀[0m[38;2;60;65;71m[48;2;52;52;61m▀[0m[38;2;46;50;49m[48;2;7;10;3m▀[0m[38;2;2;5;1m[48;2;0;0;0m▀[0m[38;2;30;30;28m[48;2;56;56;58m▀[0m[38;2;41;43;45m[48;2;82;88;98m▀[0m[38;2;18;27;30m[48;2;32;41;41m▀[0m[38;2;0;0;0m[48;2;0;0;0m▀[0m[38;2;137;88;58m[48;2;132;83;48m▀[0m[38;2;89;60;38m[48;2;0;0;0m▀[0m[38;2;255;225;133m[48;2;255;208;120m▀[0m[38;2;19;12;15m[48;2;100;70;47m▀[0m[38;2;0;0;0m[48;2;0;0;0m▀[0m[38;2;0;0;0m[48;2;0;0;0m▀[0m[38;2;158;105;81m[48;2;170;109;59m▀[0m[38;2;30;4;0m[48;2;21;8;0m▀[0m[38;2;101;111;95m[48;2;11;45;84m▀[0m[38;2;0;4;47m[48;2;0;0;0m▀[0m[38;2;0;0;0m[48;2;137;109;11m▀[0m[38;2;196;137;0m[48;2;124;75;0m▀[0m[38;2;35;18;0m[48;2;27;21;0m▀[0m[38;2;0;0;4m[48;2;0;0;2m▀[0m[38;2;0;0;6m[48;2;0;1;6m▀[0m[38;2;0;2;6m[48;2;0;2;6m▀[0m[38;2;0;2;6m[48;2;0;2;6m▀[0m[38;2;0;2;4m[48;2;0;2;4m▀[0m[38;2;0;2;6m[48;2;0;2;4m▀[0m[38;2;0;2;6m[48;2;0;2;4m▀[0m[38;2;0;2;6m[48;2;0;2;4m▀[0m[38;2;0;2;6m[48;2;0;2;6m▀[0m[38;2;0;2;6m[48;2;0;2;6m▀[0m[38;2;0;2;6m[48;2;0;2;6m▀[0m[38;2;0;2;4m[48;2;0;2;6m▀[0m
[38;2;0;2;6m[48;2;0;2;6m▀[0m[38;2;0;2;6m[48;2;0;2;6m▀[0m[38;2;0;2;6m[48;2;0;2;4m▀[0m[38;2;0;2;4m[48;2;0;2;4m▀[0m[38;2;0;2;4m[48;2;0;2;4m▀[0m[38;2;0;2;4m[48;2;0;2;4m▀[0m[38;2;1;1;5m[48;2;0;2;4m▀[0m[38;2;0;2;4m[48;2;0;2;6m▀[0m[38;2;0;0;6m[48;2;0;2;6m▀[0m[38;2;0;0;6m[48;2;0;0;5m▀[0m[38;2;0;0;0m[48;2;0;0;4m▀[0m[38;2;48;45;7m[48;2;0;0;0m▀[0m[38;2;244;158;0m[48;2;12;23;9m▀[0m[38;2;47;6;0m[48;2;255;181;0m▀[0m[38;2;224;160;35m[48;2;71;24;0m▀[0m[38;2;82;29;0m[48;2;132;93;0m▀[0m[38;2;120;132;135m[48;2;75;60;0m▀[0m[38;2;232;243;255m[48;2;255;255;170m▀[0m[38;2;196;186;103m[48;2;255;255;255m▀[0m[38;2;151;108;61m[48;2;255;196;0m▀[0m[38;2;255;241;249m[48;2;144;69;0m▀[0m[38;2;0;5;27m[48;2;255;255;249m▀[0m[38;2;0;0;0m[48;2;79;81;70m▀[0m[38;2;0;0;0m[48;2;0;0;0m▀[0m[38;2;0;0;0m[48;2;42;42;46m▀[0m[38;2;0;0;0m[48;2;255;255;255m▀[0m[38;2;211;225;222m[48;2;255;255;255m▀[0m[38;2;173;198;200m[48;2;159;164;164m▀[0m[38;2;0;0;0m[48;2;194;190;190m▀[0m[38;2;0;0;0m[48;2;165;165;166m▀[0m[38;2;0;0;0m[48;2;143;155;166m▀[0m[38;2;0;0;0m[48;2;104;125;162m▀[0m[38;2;81;41;0m[48;2;17;12;21m▀[0m[38;2;253;219;125m[48;2;7;0;0m▀[0m[38;2;193;187;168m[48;2;155;103;0m▀[0m[38;2;185;201;236m[48;2;197;211;247m▀[0m[38;2;221;231;255m[48;2;226;243;255m▀[0m[38;2;74;82;91m[48;2;84;90;98m▀[0m[38;2;32;38;43m[48;2;19;25;31m▀[0m[38;2;66;73;84m[48;2;68;71;82m▀[0m[38;2;60;55;63m[48;2;41;37;45m▀[0m[38;2;69;99;129m[48;2;130;178;200m▀[0m[38;2;68;87;104m[48;2;81;100;110m▀[0m[38;2;68;68;75m[48;2;58;56;66m▀[0m[38;2;38;42;44m[48;2;50;55;58m▀[0m[38;2;0;0;0m[48;2;0;0;0m▀[0m[38;2;0;0;0m[48;2;124;133;138m▀[0m[38;2;58;65;71m[48;2;245;255;255m▀[0m[38;2;69;76;86m[48;2;93;97;113m▀[0m[38;2;34;46;49m[48;2;28;41;49m▀[0m[38;2;0;0;0m[48;2;0;0;0m▀[0m[38;2;108;68;36m[48;2;95;57;25m▀[0m[38;2;0;0;0m[48;2;0;0;0m▀[0m[38;2;207;143;82m[48;2;81;57;31m▀[0m[38;2;198;138;81m[48;2;255;189;114m▀[0m[38;2;0;0;0m[48;2;0;0;0m▀[0m[38;2;2;0;1m[48;2;0;0;0m▀[0m[38;2;117;91;54m[48;2;0;0;0m▀[0m[38;2;0;0;0m[48;2;0;0;0m▀[0m[38;2;0;0;0m[48;2;64;65;78m▀[0m[38;2;59;51;23m[48;2;208;185;124m▀[0m[38;2;152;110;24m[48;2;70;41;0m▀[0m[38;2;97;60;0m[48;2;82;59;0m▀[0m[38;2;0;0;5m[48;2;0;0;0m▀[0m[38;2;0;0;5m[48;2;0;1;6m▀[0m[38;2;0;0;6m[48;2;0;2;6m▀[0m[38;2;0;2;4m[48;2;0;2;6m▀[0m[38;2;0;2;6m[48;2;0;2;6m▀[0m[38;2;0;2;6m[48;2;0;2;6m▀[0m[38;2;0;2;4m[48;2;0;2;4m▀[0m[38;2;0;2;4m[48;2;0;2;4m▀[0m[38;2;0;2;4m[48;2;0;2;4m▀[0m[38;2;0;2;4m[48;2;0;2;6m▀[0m[38;2;0;2;6m[48;2;0;2;6m▀[0m[38;2;0;2;4m[48;2;0;2;6m▀[0m[38;2;0;2;4m[48;2;0;2;6m▀[0m
[38;2;0;2;6m[48;2;0;2;6m▀[0m[38;2;0;2;6m[48;2;0;2;6m▀[0m[38;2;0;2;4m[48;2;0;2;6m▀[0m[38;2;0;2;6m[48;2;0;2;6m▀[0m[38;2;0;2;4m[48;2;0;2;6m▀[0m[38;2;0;2;4m[48;2;0;2;6m▀[0m[38;2;0;2;6m[48;2;0;2;6m▀[0m[38;2;0;2;6m[48;2;0;2;4m▀[0m[38;2;0;2;4m[48;2;0;2;4m▀[0m[38;2;0;2;6m[48;2;0;2;6m▀[0m[38;2;0;0;6m[48;2;0;2;6m▀[0m[38;2;0;0;6m[48;2;0;0;5m▀[0m[38;2;0;0;0m[48;2;0;0;6m▀[0m[38;2;0;0;4m[48;2;0;0;1m▀[0m[38;2;195;133;0m[48;2;0;0;2m▀[0m[38;2;0;0;0m[48;2;255;195;0m▀[0m[38;2;0;0;0m[48;2;29;2;0m▀[0m[38;2;78;17;0m[48;2;0;0;0m▀[0m[38;2;255;230;150m[48;2;11;0;0m▀[0m[38;2;255;255;255m[48;2;255;255;186m▀[0m[38;2;255;255;171m[48;2;46;83;157m▀[0m[38;2;174;127;46m[48;2;0;0;18m▀[0m[38;2;109;99;66m[48;2;112;129;149m▀[0m[38;2;224;216;197m[48;2;138;137;138m▀[0m[38;2;189;200;211m[48;2;0;0;0m▀[0m[38;2;116;142;150m[48;2;0;0;0m▀[0m[38;2;228;255;255m[48;2;0;0;4m▀[0m[38;2;71;75;74m[48;2;140;184;206m▀[0m[38;2;86;86;87m[48;2;197;211;220m▀[0m[38;2;163;158;166m[48;2;119;142;157m▀[0m[38;2;255;255;255m[48;2;0;0;0m▀[0m[38;2;99;97;68m[48;2;0;0;0m▀[0m[38;2;255;255;255m[48;2;78;92;109m▀[0m[38;2;209;228;255m[48;2;255;255;255m▀[0m[38;2;192;213;250m[48;2;237;255;255m▀[0m[38;2;226;247;255m[48;2;165;165;182m▀[0m[38;2;156;155;171m[48;2;58;56;64m▀[0m[38;2;45;48;54m[48;2;35;44;48m▀[0m[38;2;36;46;52m[48;2;48;60;63m▀[0m[38;2;54;60;71m[48;2;55;58;69m▀[0m[38;2;44;49;58m[48;2;36;43;56m▀[0m[38;2;255;255;255m[48;2;255;255;255m▀[0m[38;2;167;177;181m[48;2;255;255;255m▀[0m[38;2;28;33;43m[48;2;7;12;22m▀[0m[38;2;64;71;79m[48;2;73;74;87m▀[0m[38;2;0;0;0m[48;2;29;34;39m▀[0m[38;2;255;255;255m[48;2;152;155;170m▀[0m[38;2;255;255;255m[48;2;178;178;195m▀[0m[38;2;109;110;127m[48;2;52;56;69m▀[0m[38;2;9;18;25m[48;2;0;0;0m▀[0m[38;2;0;0;0m[48;2;0;0;0m▀[0m[38;2;98;61;33m[48;2;118;81;51m▀[0m[38;2;11;42;68m[48;2;31;57;81m▀[0m[38;2;7;12;19m[48;2;0;3;20m▀[0m[38;2;255;171;97m[48;2;213;125;59m▀[0m[38;2;25;33;3m[48;2;144;126;59m▀[0m[38;2;85;78;0m[48;2;255;255;255m▀[0m[38;2;8;4;0m[48;2;255;255;98m▀[0m[38;2;111;120;144m[48;2;255;190;0m▀[0m[38;2;255;255;213m[48;2;0;0;0m▀[0m[38;2;0;0;0m[48;2;180;115;0m▀[0m[38;2;181;126;0m[48;2;50;36;0m▀[0m[38;2;0;0;0m[48;2;0;0;0m▀[0m[38;2;0;0;6m[48;2;0;0;6m▀[0m[38;2;0;0;6m[48;2;0;2;6m▀[0m[38;2;0;2;6m[48;2;0;2;6m▀[0m[38;2;0;2;6m[48;2;0;2;6m▀[0m[38;2;0;2;6m[48;2;0;2;6m▀[0m[38;2;0;2;6m[48;2;0;2;4m▀[0m[38;2;0;2;4m[48;2;0;2;4m▀[0m[38;2;0;2;4m[48;2;0;2;6m▀[0m[38;2;0;2;6m[48;2;0;2;6m▀[0m[38;2;0;2;6m[48;2;0;2;6m▀[0m[38;2;0;2;6m[48;2;0;2;6m▀[0m[38;2;0;2;6m[48;2;0;2;6m▀[0m[38;2;0;2;6m[48;2;0;2;6m▀[0m
[38;2;0;2;6m[48;2;0;2;6m▀[0m[38;2;0;2;4m[48;2;0;2;4m▀[0m[38;2;0;2;6m[48;2;0;2;6m▀[0m[38;2;0;2;6m[48;2;0;2;6m▀[0m[38;2;0;2;6m[48;2;0;2;6m▀[0m[38;2;0;2;6m[48;2;0;2;6m▀[0m[38;2;0;2;6m[48;2;0;2;6m▀[0m[38;2;0;2;4m[48;2;0;2;6m▀[0m[38;2;0;2;4m[48;2;0;2;6m▀[0m[38;2;0;2;6m[48;2;0;2;6m▀[0m[38;2;0;2;6m[48;2;0;2;6m▀[0m[38;2;0;2;6m[48;2;0;2;6m▀[0m[38;2;0;0;6m[48;2;0;2;6m▀[0m[38;2;0;0;6m[48;2;0;0;5m▀[0m[38;2;0;0;5m[48;2;0;0;5m▀[0m[38;2;143;102;0m[48;2;0;0;0m▀[0m[38;2;255;255;0m[48;2;12;6;5m▀[0m[38;2;118;72;0m[48;2;255;255;0m▀[0m[38;2;0;0;0m[48;2;255;255;0m▀[0m[38;2;55;25;0m[48;2;0;0;0m▀[0m[38;2;8;37;79m[48;2;0;0;0m▀[0m[38;2;62;82;90m[48;2;0;0;0m▀[0m[38;2;0;0;0m[48;2;4;30;47m▀[0m[38;2;0;0;0m[48;2;18;58;87m▀[0m[38;2;0;12;36m[48;2;0;21;39m▀[0m[38;2;255;255;255m[48;2;19;44;69m▀[0m[38;2;0;0;0m[48;2;255;255;255m▀[0m[38;2;0;0;0m[48;2;128;122;122m▀[0m[38;2;0;0;7m[48;2;0;0;0m▀[0m[38;2;149;145;128m[48;2;0;0;0m▀[0m[38;2;6;0;0m[48;2;22;0;0m▀[0m[38;2;0;0;0m[48;2;18;0;0m▀[0m[38;2;0;0;0m[48;2;0;0;0m▀[0m[38;2;180;206;244m[48;2;15;2;0m▀[0m[38;2;181;184;206m[48;2;48;56;79m▀[0m[38;2;59;48;58m[48;2;37;48;68m▀[0m[38;2;42;50;58m[48;2;56;64;77m▀[0m[38;2;51;58;68m[48;2;62;69;77m▀[0m[38;2;50;56;61m[48;2;63;70;79m▀[0m[38;2;63;70;78m[48;2;60;65;76m▀[0m[38;2;20;22;32m[48;2;58;61;68m▀[0m[38;2;189;203;213m[48;2;29;27;35m▀[0m[38;2;237;255;255m[48;2;82;103;115m▀[0m[38;2;22;31;41m[48;2;62;75;83m▀[0m[38;2;60;60;71m[48;2;46;48;50m▀[0m[38;2;47;52;59m[48;2;51;55;57m▀[0m[38;2;54;57;61m[48;2;41;41;45m▀[0m[38;2;61;66;76m[48;2;31;35;38m▀[0m[38;2;22;32;31m[48;2;0;0;0m▀[0m[38;2;0;0;0m[48;2;0;0;0m▀[0m[38;2;79;35;10m[48;2;211;119;62m▀[0m[38;2;122;83;58m[48;2;70;57;46m▀[0m[38;2;27;51;74m[48;2;39;59;76m▀[0m[38;2;2;21;36m[48;2;2;15;32m▀[0m[38;2;71;19;0m[48;2;0;0;0m▀[0m[38;2;155;166;193m[48;2;41;16;0m▀[0m[38;2;255;255;255m[48;2;0;0;0m▀[0m[38;2;228;132;0m[48;2;87;51;15m▀[0m[38;2;0;0;0m[48;2;0;0;0m▀[0m[38;2;7;0;0m[48;2;245;145;0m▀[0m[38;2;116;81;0m[48;2;0;0;0m▀[0m[38;2;0;0;0m[48;2;0;0;2m▀[0m[38;2;0;0;6m[48;2;0;0;6m▀[0m[38;2;0;0;6m[48;2;0;2;6m▀[0m[38;2;0;2;6m[48;2;0;2;6m▀[0m[38;2;0;2;6m[48;2;0;2;4m▀[0m[38;2;0;2;6m[48;2;0;2;4m▀[0m[38;2;0;2;6m[48;2;0;2;4m▀[0m[38;2;0;2;4m[48;2;0;2;4m▀[0m[38;2;0;2;6m[48;2;0;2;6m▀[0m[38;2;0;2;6m[48;2;0;2;6m▀[0m[38;2;0;2;6m[48;2;0;2;4m▀[0m[38;2;0;2;6m[48;2;0;2;6m▀[0m[38;2;0;2;6m[48;2;0;2;6m▀[0m[38;2;0;2;4m[48;2;0;2;4m▀[0m[38;2;0;2;6m[48;2;0;2;6m▀[0m
[38;2;0;2;6m[48;2;0;2;4m▀[0m[38;2;0;2;6m[48;2;0;2;6m▀[0m[38;2;0;2;6m[48;2;0;2;4m▀[0m[38;2;0;2;4m[48;2;0;2;6m▀[0m[38;2;0;2;6m[48;2;0;2;6m▀[0m[38;2;0;2;6m[48;2;0;2;6m▀[0m[38;2;0;2;6m[48;2;0;2;6m▀[0m[38;2;0;2;4m[48;2;0;2;6m▀[0m[38;2;0;2;6m[48;2;0;2;6m▀[0m[38;2;0;2;6m[48;2;0;2;6m▀[0m[38;2;0;2;6m[48;2;0;2;6m▀[0m[38;2;0;2;6m[48;2;0;2;6m▀[0m[38;2;0;2;6m[48;2;0;2;6m▀[0m[38;2;0;2;4m[48;2;0;2;4m▀[0m[38;2;0;0;5m[48;2;0;2;6m▀[0m[38;2;0;0;5m[48;2;0;0;5m▀[0m[38;2;0;0;5m[48;2;0;0;6m▀[0m[38;2;0;0;1m[48;2;0;0;6m▀[0m[38;2;197;141;0m[48;2;0;0;5m▀[0m[38;2;24;4;0m[48;2;0;0;6m▀[0m[38;2;0;0;0m[48;2;81;37;0m▀[0m[38;2;0;3;35m[48;2;62;21;0m▀[0m[38;2;0;3;32m[48;2;88;27;0m▀[0m[38;2;0;0;0m[48;2;33;0;0m▀[0m[38;2;0;0;0m[48;2;0;0;0m▀[0m[38;2;0;0;0m[48;2;3;1;5m▀[0m[38;2;58;39;27m[48;2;0;0;0m▀[0m[38;2;255;255;255m[48;2;0;0;0m▀[0m[38;2;60;65;72m[48;2;0;0;0m▀[0m[38;2;46;57;78m[48;2;64;71;76m▀[0m[38;2;14;1;0m[48;2;205;238;255m▀[0m[38;2;54;4;0m[48;2;14;9;27m▀[0m[38;2;6;0;0m[48;2;201;119;0m▀[0m[38;2;194;102;0m[48;2;106;73;0m▀[0m[38;2;234;151;0m[48;2;59;22;0m▀[0m[38;2;16;35;84m[48;2;23;32;48m▀[0m[38;2;64;73;81m[48;2;64;75;88m▀[0m[38;2;55;60;70m[48;2;56;62;68m▀[0m[38;2;60;66;75m[48;2;57;60;66m▀[0m[38;2;62;68;76m[48;2;59;64;74m▀[0m[38;2;61;66;73m[48;2;57;60;65m▀[0m[38;2;56;60;63m[48;2;52;57;57m▀[0m[38;2;41;37;42m[48;2;50;54;58m▀[0m[38;2;46;48;52m[48;2;47;49;54m▀[0m[38;2;49;51;54m[48;2;44;46;47m▀[0m[38;2;43;45;47m[48;2;32;34;34m▀[0m[38;2;36;38;38m[48;2;2;8;9m▀[0m[38;2;6;15;12m[48;2;0;0;0m▀[0m[38;2;0;0;0m[48;2;0;0;0m▀[0m[38;2;59;30;12m[48;2;255;146;78m▀[0m[38;2;255;154;83m[48;2;155;92;54m▀[0m[38;2;8;28;34m[48;2;0;25;42m▀[0m[38;2;49;63;79m[48;2;41;50;57m▀[0m[38;2;0;7;17m[48;2;18;24;32m▀[0m[38;2;0;0;0m[48;2;1;2;0m▀[0m[38;2;0;0;0m[48;2;21;28;27m▀[0m[38;2;169;194;227m[48;2;81;98;125m▀[0m[38;2;96;116;164m[48;2;43;47;50m▀[0m[38;2;255;162;0m[48;2;255;254;18m▀[0m[38;2;243;171;0m[48;2;0;0;0m▀[0m[38;2;0;0;0m[48;2;0;0;0m▀[0m[38;2;0;0;6m[48;2;0;0;6m▀[0m[38;2;0;0;7m[48;2;0;0;0m▀[0m[38;2;1;3;5m[48;2;0;0;1m▀[0m[38;2;0;2;6m[48;2;0;0;5m▀[0m[38;2;0;2;4m[48;2;0;2;4m▀[0m[38;2;0;2;6m[48;2;0;2;6m▀[0m[38;2;0;2;4m[48;2;0;2;4m▀[0m[38;2;0;2;4m[48;2;0;2;4m▀[0m[38;2;0;2;6m[48;2;0;2;6m▀[0m[38;2;0;2;6m[48;2;0;2;4m▀[0m[38;2;0;2;6m[48;2;0;2;6m▀[0m[38;2;0;2;6m[48;2;0;2;6m▀[0m[38;2;0;2;6m[48;2;0;2;6m▀[0m[38;2;0;2;6m[48;2;0;2;6m▀[0m[38;2;0;2;6m[48;2;0;2;6m▀[0m
[38;2;0;2;4m[48;2;0;2;4m▀[0m[38;2;0;2;4m[48;2;0;2;4m▀[0m[38;2;0;2;6m[48;2;0;2;4m▀[0m[38;2;0;2;6m[48;2;0;2;4m▀[0m[38;2;0;2;4m[48;2;0;2;4m▀[0m[38;2;0;2;6m[48;2;0;2;6m▀[0m[38;2;0;2;4m[48;2;0;2;6m▀[0m[38;2;0;2;6m[48;2;0;2;6m▀[0m[38;2;0;2;6m[48;2;0;2;6m▀[0m[38;2;0;2;6m[48;2;0;2;4m▀[0m[38;2;0;2;6m[48;2;0;2;4m▀[0m[38;2;0;2;4m[48;2;0;2;4m▀[0m[38;2;0;2;6m[48;2;0;2;4m▀[0m[38;2;0;2;6m[48;2;0;2;4m▀[0m[38;2;0;2;4m[48;2;0;2;4m▀[0m[38;2;0;2;6m[48;2;0;2;6m▀[0m[38;2;0;0;6m[48;2;0;2;6m▀[0m[38;2;0;0;6m[48;2;0;2;4m▀[0m[38;2;0;0;6m[48;2;0;0;0m▀[0m[38;2;0;0;6m[48;2;0;0;0m▀[0m[38;2;0;0;0m[48;2;0;0;1m▀[0m[38;2;77;34;0m[48;2;0;0;0m▀[0m[38;2;15;0;0m[48;2;0;0;0m▀[0m[38;2;0;0;0m[48;2;146;169;194m▀[0m[38;2;104;114;133m[48;2;253;255;255m▀[0m[38;2;192;207;228m[48;2;234;252;255m▀[0m[38;2;206;223;247m[48;2;246;255;255m▀[0m[38;2;104;117;133m[48;2;255;255;255m▀[0m[38;2;0;0;0m[48;2;49;62;81m▀[0m[38;2;0;0;0m[48;2;2;0;0m▀[0m[38;2;225;213;206m[48;2;201;124;0m▀[0m[38;2;168;207;255m[48;2;68;84;89m▀[0m[38;2;0;0;0m[48;2;0;0;11m▀[0m[38;2;11;15;14m[48;2;0;0;0m▀[0m[38;2;0;0;29m[48;2;27;30;29m▀[0m[38;2;36;43;48m[48;2;45;50;60m▀[0m[38;2;61;70;79m[48;2;59;66;75m▀[0m[38;2;37;45;48m[48;2;52;57;57m▀[0m[38;2;54;52;54m[48;2;55;62;72m▀[0m[38;2;54;57;58m[48;2;49;57;64m▀[0m[38;2;52;56;58m[48;2;64;64;62m▀[0m[38;2;48;51;54m[48;2;49;52;52m▀[0m[38;2;45;47;49m[48;2;38;41;42m▀[0m[38;2;38;45;44m[48;2;33;35;36m▀[0m[38;2;25;32;31m[48;2;0;3;3m▀[0m[38;2;0;0;0m[48;2;0;0;0m▀[0m[38;2;0;0;0m[48;2;6;2;0m▀[0m[38;2;0;0;0m[48;2;90;54;20m▀[0m[38;2;151;84;41m[48;2;238;138;75m▀[0m[38;2;255;168;98m[48;2;177;99;57m▀[0m[38;2;39;29;20m[48;2;0;0;6m▀[0m[38;2;14;38;48m[48;2;49;72;85m▀[0m[38;2;38;46;51m[48;2;37;60;73m▀[0m[38;2;19;25;29m[48;2;20;18;12m▀[0m[38;2;8;0;0m[48;2;12;24;41m▀[0m[38;2;0;9;37m[48;2;0;0;0m▀[0m[38;2;0;0;0m[48;2;0;0;0m▀[0m[38;2;247;253;255m[48;2;28;25;30m▀[0m[38;2;91;96;91m[48;2;118;125;129m▀[0m[38;2;0;0;0m[48;2;0;0;0m▀[0m[38;2;0;0;4m[48;2;0;0;5m▀[0m[38;2;0;0;0m[48;2;0;0;0m▀[0m[38;2;66;64;12m[48;2;57;56;10m▀[0m[38;2;52;52;11m[48;2;45;43;11m▀[0m[38;2;14;12;3m[48;2;8;9;5m▀[0m[38;2;0;2;4m[48;2;0;2;6m▀[0m[38;2;0;2;6m[48;2;0;2;6m▀[0m[38;2;0;2;4m[48;2;0;2;6m▀[0m[38;2;0;2;6m[48;2;0;2;6m▀[0m[38;2;0;2;6m[48;2;0;2;4m▀[0m[38;2;0;2;4m[48;2;0;2;6m▀[0m[38;2;0;2;4m[48;2;0;2;4m▀[0m[38;2;0;2;6m[48;2;0;2;4m▀[0m[38;2;0;2;6m[48;2;0;2;6m▀[0m[38;2;0;2;6m[48;2;0;2;6m▀[0m[38;2;0;2;6m[48;2;0;2;6m▀[0m
[38;2;0;2;4m[48;2;0;2;6m▀[0m[38;2;0;2;4m[48;2;0;2;6m▀[0m[38;2;0;2;4m[48;2;0;2;6m▀[0m[38;2;0;2;6m[48;2;0;2;6m▀[0m[38;2;0;2;6m[48;2;0;2;6m▀[0m[38;2;0;2;6m[48;2;0;2;6m▀[0m[38;2;0;2;6m[48;2;0;2;4m▀[0m[38;2;0;2;4m[48;2;0;2;4m▀[0m[38;2;0;2;4m[48;2;0;2;6m▀[0m[38;2;0;2;6m[48;2;0;2;6m▀[0m[38;2;0;2;6m[48;2;0;2;6m▀[0m[38;2;0;2;6m[48;2;0;2;6m▀[0m[38;2;0;2;6m[48;2;0;2;4m▀[0m[38;2;0;2;4m[48;2;0;2;4m▀[0m[38;2;0;2;4m[48;2;0;2;4m▀[0m[38;2;0;2;6m[48;2;0;2;4m▀[0m[38;2;2;2;6m[48;2;2;2;6m▀[0m[38;2;0;0;1m[48;2;0;0;0m▀[0m[38;2;22;24;12m[48;2;1;1;6m▀[0m[38;2;7;9;10m[48;2;0;0;0m▀[0m[38;2;0;0;0m[48;2;0;0;0m▀[0m[38;2;0;0;0m[48;2;74;46;24m▀[0m[38;2;168;105;34m[48;2;214;144;0m▀[0m[38;2;255;235;234m[48;2;255;239;218m▀[0m[38;2;199;233;255m[48;2;183;205;251m▀[0m[38;2;201;217;243m[48;2;224;245;255m▀[0m[38;2;244;255;255m[48;2;160;170;190m▀[0m[38;2;117;129;146m[48;2;0;0;0m▀[0m[38;2;0;0;0m[48;2;27;32;37m▀[0m[38;2;105;152;177m[48;2;172;231;255m▀[0m[38;2;93;131;147m[48;2;52;61;75m▀[0m[38;2;0;0;0m[48;2;0;0;0m▀[0m[38;2;0;0;0m[48;2;14;14;15m▀[0m[38;2;0;0;0m[48;2;39;43;44m▀[0m[38;2;9;9;4m[48;2;57;70;73m▀[0m[38;2;58;63;72m[48;2;57;60;64m▀[0m[38;2;57;62;68m[48;2;52;61;63m▀[0m[38;2;48;46;43m[48;2;54;57;57m▀[0m[38;2;76;105;129m[48;2;51;62;71m▀[0m[38;2;83;123;152m[48;2;47;66;81m▀[0m[38;2;29;21;17m[48;2;44;39;38m▀[0m[38;2;39;43;45m[48;2;38;41;43m▀[0m[38;2;35;37;38m[48;2;32;34;34m▀[0m[38;2;22;30;25m[48;2;17;21;25m▀[0m[38;2;0;8;15m[48;2;9;17;17m▀[0m[38;2;22;20;10m[48;2;52;36;20m▀[0m[38;2;65;41;18m[48;2;58;35;20m▀[0m[38;2;101;58;27m[48;2;123;73;39m▀[0m[38;2;200;110;62m[48;2;74;41;27m▀[0m[38;2;28;20;11m[48;2;0;9;22m▀[0m[38;2;15;35;46m[48;2;56;64;76m▀[0m[38;2;52;63;72m[48;2;49;55;61m▀[0m[38;2;0;0;6m[48;2;0;0;0m▀[0m[38;2;85;56;0m[48;2;0;0;0m▀[0m[38;2;69;45;0m[48;2;54;25;0m▀[0m[38;2;34;19;0m[48;2;66;37;0m▀[0m[38;2;22;10;0m[48;2;57;25;0m▀[0m[38;2;18;12;0m[48;2;46;18;0m▀[0m[38;2;49;66;83m[48;2;0;0;0m▀[0m[38;2;0;0;0m[48;2;0;0;1m▀[0m[38;2;0;0;5m[48;2;0;0;6m▀[0m[38;2;0;0;6m[48;2;0;2;4m▀[0m[38;2;0;0;0m[48;2;1;3;5m▀[0m[38;2;0;0;0m[48;2;1;3;4m▀[0m[38;2;0;0;5m[48;2;0;2;6m▀[0m[38;2;0;2;6m[48;2;0;2;6m▀[0m[38;2;0;2;6m[48;2;0;2;6m▀[0m[38;2;0;2;6m[48;2;0;2;6m▀[0m[38;2;0;2;6m[48;2;0;2;6m▀[0m[38;2;0;2;4m[48;2;0;2;6m▀[0m[38;2;0;2;6m[48;2;0;2;6m▀[0m[38;2;0;2;6m[48;2;0;2;6m▀[0m[38;2;0;2;6m[48;2;0;2;6m▀[0m[38;2;0;2;4m[48;2;0;2;6m▀[0m[38;2;0;2;4m[48;2;0;2;6m▀[0m[38;2;0;2;4m[48;2;0;2;4m▀[0m
[38;2;0;2;6m[48;2;0;2;4m▀[0m[38;2;0;2;6m[48;2;0;2;6m▀[0m[38;2;0;2;6m[48;2;0;2;4m▀[0m[38;2;0;2;4m[48;2;0;2;4m▀[0m[38;2;0;2;4m[48;2;0;2;6m▀[0m[38;2;0;2;6m[48;2;0;2;6m▀[0m[38;2;0;2;4m[48;2;0;2;4m▀[0m[38;2;0;2;4m[48;2;0;2;4m▀[0m[38;2;0;2;6m[48;2;0;2;6m▀[0m[38;2;0;2;6m[48;2;0;2;6m▀[0m[38;2;0;2;6m[48;2;0;2;6m▀[0m[38;2;0;2;4m[48;2;0;2;4m▀[0m[38;2;0;2;4m[48;2;0;0;6m▀[0m[38;2;1;3;4m[48;2;0;0;0m▀[0m[38;2;1;3;4m[48;2;0;0;0m▀[0m[38;2;0;2;6m[48;2;0;0;6m▀[0m[38;2;0;0;2m[48;2;0;0;0m▀[0m[38;2;0;0;1m[48;2;0;0;0m▀[0m[38;2;43;44;22m[48;2;49;51;15m▀[0m[38;2;0;0;0m[48;2;0;0;20m▀[0m[38;2;96;104;110m[48;2;184;197;225m▀[0m[38;2;12;8;21m[48;2;0;0;0m▀[0m[38;2;255;179;0m[48;2;255;255;0m▀[0m[38;2;255;206;166m[48;2;241;170;141m▀[0m[38;2;189;200;255m[48;2;199;203;255m▀[0m[38;2;205;230;255m[48;2;184;213;247m▀[0m[38;2;23;28;29m[48;2;34;36;38m▀[0m[38;2;0;0;0m[48;2;25;25;27m▀[0m[38;2;72;109;133m[48;2;157;198;222m▀[0m[38;2;75;100;125m[48;2;54;70;83m▀[0m[38;2;0;0;0m[48;2;0;0;0m▀[0m[38;2;0;0;0m[48;2;24;22;19m▀[0m[38;2;57;59;64m[48;2;71;76;89m▀[0m[38;2;72;77;84m[48;2;71;76;91m▀[0m[38;2;70;98;116m[48;2;21;25;22m▀[0m[38;2;50;57;65m[48;2;42;54;51m▀[0m[38;2;52;58;63m[48;2;55;62;65m▀[0m[38;2;54;57;61m[48;2;52;56;60m▀[0m[38;2;49;54;57m[48;2;48;51;54m▀[0m[38;2;41;45;46m[48;2;44;41;44m▀[0m[38;2;41;44;39m[48;2;41;43;45m▀[0m[38;2;36;38;39m[48;2;35;37;38m▀[0m[38;2;28;32;32m[48;2;27;31;31m▀[0m[38;2;11;19;22m[48;2;14;20;19m▀[0m[38;2;43;31;22m[48;2;77;44;19m▀[0m[38;2;86;52;25m[48;2;69;44;22m▀[0m[38;2;87;52;24m[48;2;28;22;10m▀[0m[38;2;56;35;21m[48;2;0;5;3m▀[0m[38;2;0;2;3m[48;2;16;24;29m▀[0m[38;2;35;44;52m[48;2;44;50;58m▀[0m[38;2;52;61;70m[48;2;34;38;39m▀[0m[38;2;14;17;17m[48;2;0;0;0m▀[0m[38;2;0;0;0m[48;2;6;18;24m▀[0m[38;2;16;49;74m[48;2;74;104;124m▀[0m[38;2;0;0;0m[48;2;0;5;24m▀[0m[38;2;38;20;0m[48;2;41;32;22m▀[0m[38;2;138;66;12m[48;2;194;116;65m▀[0m[38;2;0;0;0m[48;2;0;0;0m▀[0m[38;2;0;0;5m[48;2;0;0;5m▀[0m[38;2;0;0;6m[48;2;0;0;6m▀[0m[38;2;0;2;6m[48;2;0;2;6m▀[0m[38;2;0;2;4m[48;2;0;2;6m▀[0m[38;2;0;2;4m[48;2;0;2;6m▀[0m[38;2;0;2;4m[48;2;0;2;6m▀[0m[38;2;0;2;4m[48;2;0;2;4m▀[0m[38;2;0;2;6m[48;2;0;2;6m▀[0m[38;2;0;2;6m[48;2;0;2;4m▀[0m[38;2;0;2;6m[48;2;0;2;6m▀[0m[38;2;0;2;6m[48;2;0;2;6m▀[0m[38;2;0;2;6m[48;2;0;2;6m▀[0m[38;2;0;2;6m[48;2;0;2;6m▀[0m[38;2;0;2;4m[48;2;0;2;4m▀[0m[38;2;0;2;4m[48;2;0;2;4m▀[0m[38;2;0;2;6m[48;2;0;2;6m▀[0m[38;2;0;2;6m[48;2;0;2;4m▀[0m[38;2;0;2;6m[48;2;0;2;6m▀[0m
[38;2;0;2;4m[48;2;0;2;6m▀[0m[38;2;0;2;4m[48;2;0;2;4m▀[0m[38;2;0;2;4m[48;2;0;2;6m▀[0m[38;2;0;2;6m[48;2;0;2;6m▀[0m[38;2;0;2;6m[48;2;0;2;4m▀[0m[38;2;0;2;6m[48;2;0;2;6m▀[0m[38;2;0;2;6m[48;2;0;2;6m▀[0m[38;2;0;2;4m[48;2;0;2;6m▀[0m[38;2;0;2;6m[48;2;0;2;6m▀[0m[38;2;0;2;6m[48;2;0;2;6m▀[0m[38;2;0;2;4m[48;2;0;2;4m▀[0m[38;2;1;3;5m[48;2;1;3;5m▀[0m[38;2;0;0;1m[48;2;0;0;1m▀[0m[38;2;51;51;19m[48;2;46;44;15m▀[0m[38;2;64;63;19m[48;2;36;37;12m▀[0m[38;2;0;0;0m[48;2;0;0;0m▀[0m[38;2;2;10;12m[48;2;0;0;1m▀[0m[38;2;0;0;0m[48;2;0;0;0m▀[0m[38;2;0;0;0m[48;2;0;0;0m▀[0m[38;2;178;191;206m[48;2;255;255;255m▀[0m[38;2;93;101;135m[48;2;0;0;0m▀[0m[38;2;105;51;0m[48;2;237;168;0m▀[0m[38;2;255;255;0m[48;2;255;255;0m▀[0m[38;2;254;191;156m[48;2;255;255;200m▀[0m[38;2;177;179;250m[48;2;169;169;226m▀[0m[38;2;209;243;255m[48;2;211;246;255m▀[0m[38;2;63;66;73m[48;2;96;103;118m▀[0m[38;2;48;55;63m[48;2;32;34;36m▀[0m[38;2;163;192;209m[48;2;117;181;214m▀[0m[38;2;45;61;77m[48;2;60;63;74m▀[0m[38;2;1;0;0m[48;2;6;5;5m▀[0m[38;2;22;16;12m[48;2;9;9;2m▀[0m[38;2;51;54;60m[48;2;43;39;42m▀[0m[38;2;75;81;95m[48;2;59;62;69m▀[0m[38;2;37;45;45m[48;2;48;57;64m▀[0m[38;2;35;39;39m[48;2;31;37;41m▀[0m[38;2;58;61;66m[48;2;51;57;63m▀[0m[38;2;51;55;60m[48;2;54;57;62m▀[0m[38;2;49;52;55m[48;2;52;55;61m▀[0m[38;2;45;43;50m[48;2;49;51;52m▀[0m[38;2;41;44;45m[48;2;44;46;47m▀[0m[38;2;35;37;38m[48;2;34;41;41m▀[0m[38;2;23;27;27m[48;2;23;25;25m▀[0m[38;2;10;12;10m[48;2;5;8;8m▀[0m[38;2;10;10;7m[48;2;2;8;9m▀[0m[38;2;1;4;8m[48;2;20;23;25m▀[0m[38;2;1;9;12m[48;2;27;29;29m▀[0m[38;2;12;19;22m[48;2;22;27;27m▀[0m[38;2;29;31;31m[48;2;30;30;30m▀[0m[38;2;36;39;42m[48;2;29;32;32m▀[0m[38;2;17;18;14m[48;2;23;25;23m▀[0m[38;2;0;0;0m[48;2;41;44;45m▀[0m[38;2;50;57;64m[48;2;56;59;63m▀[0m[38;2;62;60;69m[48;2;32;39;44m▀[0m[38;2;0;0;0m[48;2;0;0;0m▀[0m[38;2;106;78;44m[48;2;255;185;117m▀[0m[38;2;211;123;66m[48;2;184;95;57m▀[0m[38;2;0;0;0m[48;2;0;0;0m▀[0m[38;2;0;0;5m[48;2;0;0;1m▀[0m[38;2;0;0;5m[48;2;0;0;2m▀[0m[38;2;0;2;4m[48;2;0;2;4m▀[0m[38;2;0;2;6m[48;2;0;2;4m▀[0m[38;2;0;2;6m[48;2;0;2;6m▀[0m[38;2;0;2;6m[48;2;0;2;6m▀[0m[38;2;0;2;6m[48;2;0;2;6m▀[0m[38;2;0;2;6m[48;2;0;2;6m▀[0m[38;2;0;2;6m[48;2;0;2;6m▀[0m[38;2;0;2;6m[48;2;1;1;5m▀[0m[38;2;0;2;6m[48;2;0;2;4m▀[0m[38;2;0;2;6m[48;2;0;2;4m▀[0m[38;2;0;2;6m[48;2;0;2;6m▀[0m[38;2;0;2;4m[48;2;0;2;4m▀[0m[38;2;0;2;4m[48;2;0;2;6m▀[0m[38;2;0;2;4m[48;2;0;2;4m▀[0m[38;2;0;2;6m[48;2;0;2;6m▀[0m[38;2;0;2;6m[48;2;0;2;6m▀[0m
[38;2;0;2;6m[48;2;0;2;6m▀[0m[38;2;0;2;6m[48;2;0;2;4m▀[0m[38;2;0;2;6m[48;2;0;2;4m▀[0m[38;2;0;2;4m[48;2;0;2;4m▀[0m[38;2;0;2;4m[48;2;0;2;6m▀[0m[38;2;0;2;6m[48;2;0;2;6m▀[0m[38;2;0;2;6m[48;2;0;2;6m▀[0m[38;2;0;2;6m[48;2;0;2;6m▀[0m[38;2;0;2;6m[48;2;0;2;4m▀[0m[38;2;0;2;6m[48;2;0;2;6m▀[0m[38;2;0;2;6m[48;2;0;2;6m▀[0m[38;2;0;2;4m[48;2;0;2;6m▀[0m[38;2;0;2;4m[48;2;0;2;4m▀[0m[38;2;0;0;0m[48;2;1;3;4m▀[0m[38;2;0;0;0m[48;2;1;3;5m▀[0m[38;2;0;0;1m[48;2;0;0;0m▀[0m[38;2;0;0;1m[48;2;0;0;0m▀[0m[38;2;0;0;0m[48;2;0;0;0m▀[0m[38;2;100;115;143m[48;2;255;251;226m▀[0m[38;2;255;247;177m[48;2;135;78;0m▀[0m[38;2;0;0;0m[48;2;0;0;0m▀[0m[38;2;255;255;0m[48;2;255;255;0m▀[0m[38;2;255;255;0m[48;2;255;181;0m▀[0m[38;2;36;0;0m[48;2;0;0;0m▀[0m[38;2;255;255;166m[48;2;88;78;10m▀[0m[38;2;204;214;255m[48;2;255;244;152m▀[0m[38;2;128;145;176m[48;2;51;64;105m▀[0m[38;2;33;33;38m[48;2;49;55;63m▀[0m[38;2;82;113;133m[48;2;61;92;117m▀[0m[38;2;66;75;85m[48;2;57;64;73m▀[0m[38;2;66;66;78m[48;2;69;70;82m▀[0m[38;2;5;9;8m[48;2;68;75;85m▀[0m[38;2;29;28;24m[48;2;2;4;2m▀[0m[38;2;50;48;51m[48;2;36;36;34m▀[0m[38;2;52;58;66m[48;2;48;51;57m▀[0m[38;2;59;66;74m[48;2;33;38;52m▀[0m[38;2;46;52;58m[48;2;3;21;72m▀[0m[38;2;23;35;71m[48;2;89;85;35m▀[0m[38;2;29;34;66m[48;2;47;47;51m▀[0m[38;2;27;38;68m[48;2;37;44;55m▀[0m[38;2;46;51;61m[48;2;10;27;74m▀[0m[38;2;46;48;55m[48;2;48;54;75m▀[0m[38;2;42;45;50m[48;2;49;57;74m▀[0m[38;2;36;39;39m[48;2;59;62;72m▀[0m[38;2;41;45;48m[48;2;44;51;63m▀[0m[38;2;39;46;49m[48;2;6;14;35m▀[0m[38;2;23;28;28m[48;2;21;23;25m▀[0m[38;2;22;24;22m[48;2;22;25;28m▀[0m[38;2;29;31;31m[48;2;34;37;37m▀[0m[38;2;36;38;38m[48;2;31;33;33m▀[0m[38;2;31;33;33m[48;2;8;2;0m▀[0m[38;2;22;18;14m[48;2;18;28;35m▀[0m[38;2;24;23;24m[48;2;31;44;59m▀[0m[38;2;0;0;1m[48;2;16;18;20m▀[0m[38;2;0;2;2m[48;2;0;0;4m▀[0m[38;2;255;255;156m[48;2;8;9;1m▀[0m[38;2;255;167;102m[48;2;255;255;155m▀[0m[38;2;0;0;0m[48;2;70;29;16m▀[0m[38;2;0;0;0m[48;2;0;0;0m▀[0m[38;2;0;0;1m[48;2;0;0;0m▀[0m[38;2;0;2;4m[48;2;0;0;1m▀[0m[38;2;0;2;4m[48;2;0;2;4m▀[0m[38;2;0;2;6m[48;2;0;2;4m▀[0m[38;2;0;2;6m[48;2;0;2;6m▀[0m[38;2;0;2;6m[48;2;0;2;4m▀[0m[38;2;0;2;6m[48;2;0;2;6m▀[0m[38;2;0;2;4m[48;2;0;2;6m▀[0m[38;2;0;1;5m[48;2;0;3;5m▀[0m[38;2;0;2;4m[48;2;0;2;6m▀[0m[38;2;0;2;4m[48;2;0;2;6m▀[0m[38;2;0;2;6m[48;2;0;2;4m▀[0m[38;2;0;2;6m[48;2;0;2;6m▀[0m[38;2;0;2;4m[48;2;0;2;4m▀[0m[38;2;0;2;6m[48;2;0;2;6m▀[0m[38;2;0;2;6m[48;2;0;2;6m▀[0m[38;2;0;2;6m[48;2;0;2;4m▀[0m
[38;2;0;2;6m[48;2;0;2;6m▀[0m[38;2;0;2;4m[48;2;0;2;4m▀[0m[38;2;0;2;6m[48;2;0;2;4m▀[0m[38;2;0;2;6m[48;2;0;2;4m▀[0m[38;2;0;2;6m[48;2;0;2;4m▀[0m[38;2;0;2;6m[48;2;0;2;6m▀[0m[38;2;0;2;4m[48;2;0;2;6m▀[0m[38;2;0;2;6m[48;2;0;2;6m▀[0m[38;2;0;2;4m[48;2;0;2;6m▀[0m[38;2;0;2;4m[48;2;0;2;4m▀[0m[38;2;0;2;4m[48;2;0;2;6m▀[0m[38;2;0;2;4m[48;2;0;2;4m▀[0m[38;2;0;2;4m[48;2;0;2;4m▀[0m[38;2;1;1;5m[48;2;2;4;6m▀[0m[38;2;0;0;1m[48;2;4;6;7m▀[0m[38;2;0;0;0m[48;2;0;0;0m▀[0m[38;2;0;0;0m[48;2;0;0;0m▀[0m[38;2;0;0;23m[48;2;70;87;111m▀[0m[38;2;255;251;185m[48;2;225;182;113m▀[0m[38;2;8;0;0m[48;2;0;0;0m▀[0m[38;2;3;0;0m[48;2;25;0;0m▀[0m[38;2;255;185;0m[48;2;156;87;0m▀[0m[38;2;18;6;3m[48;2;0;0;0m▀[0m[38;2;73;65;35m[48;2;35;30;19m▀[0m[38;2;46;32;0m[48;2;255;255;85m▀[0m[38;2;55;15;0m[48;2;36;4;0m▀[0m[38;2;0;0;14m[48;2;0;0;21m▀[0m[38;2;50;59;75m[48;2;24;41;63m▀[0m[38;2;133;170;195m[48;2;238;255;255m▀[0m[38;2;61;70;82m[48;2;82;89;99m▀[0m[38;2;56;56;66m[48;2;39;42;51m▀[0m[38;2;74;81;90m[48;2;63;70;78m▀[0m[38;2;50;57;62m[48;2;76;83;90m▀[0m[38;2;0;5;4m[48;2;44;71;84m▀[0m[38;2;47;49;50m[48;2;2;6;6m▀[0m[38;2;20;34;73m[48;2;20;32;59m▀[0m[38;2;155;124;0m[48;2;49;29;0m▀[0m[38;2;239;194;44m[48;2;145;110;11m▀[0m[38;2;213;192;89m[48;2;255;253;0m▀[0m[38;2;255;255;0m[48;2;255;197;0m▀[0m[38;2;77;66;20m[48;2;254;170;0m▀[0m[38;2;1;23;86m[48;2;44;37;21m▀[0m[38;2;50;57;72m[48;2;0;0;34m▀[0m[38;2;21;33;56m[48;2;5;11;19m▀[0m[38;2;0;2;31m[48;2;155;120;0m▀[0m[38;2;123;103;6m[48;2;111;82;0m▀[0m[38;2;17;23;22m[48;2;47;14;0m▀[0m[38;2;16;24;38m[48;2;34;33;28m▀[0m[38;2;32;32;34m[48;2;7;14;21m▀[0m[38;2;6;5;2m[48;2;17;17;21m▀[0m[38;2;23;28;31m[48;2;36;39;39m▀[0m[38;2;69;132;166m[48;2;39;46;46m▀[0m[38;2;60;106;133m[48;2;73;131;165m▀[0m[38;2;32;23;27m[48;2;35;32;35m▀[0m[38;2;38;46;54m[48;2;33;31;34m▀[0m[38;2;0;0;18m[48;2;34;36;42m▀[0m[38;2;60;51;33m[48;2;0;0;1m▀[0m[38;2;255;172;91m[48;2;82;43;6m▀[0m[38;2;0;0;0m[48;2;255;220;160m▀[0m[38;2;0;0;0m[48;2;38;47;50m▀[0m[38;2;0;0;0m[48;2;0;0;0m▀[0m[38;2;0;0;1m[48;2;0;0;0m▀[0m[38;2;0;2;6m[48;2;0;0;6m▀[0m[38;2;0;2;6m[48;2;0;2;4m▀[0m[38;2;0;2;4m[48;2;0;2;4m▀[0m[38;2;0;2;6m[48;2;0;0;5m▀[0m[38;2;0;0;1m[48;2;16;15;8m▀[0m[38;2;0;0;0m[48;2;61;57;22m▀[0m[38;2;0;0;6m[48;2;0;0;0m▀[0m[38;2;0;2;6m[48;2;1;3;5m▀[0m[38;2;0;2;4m[48;2;0;2;6m▀[0m[38;2;0;2;6m[48;2;0;2;6m▀[0m[38;2;0;2;6m[48;2;0;2;6m▀[0m[38;2;0;2;6m[48;2;0;2;6m▀[0m[38;2;0;2;6m[48;2;0;2;6m▀[0m[38;2;0;2;4m[48;2;0;2;6m▀[0m
[38;2;0;2;4m[48;2;0;2;4m▀[0m[38;2;0;2;4m[48;2;0;2;6m▀[0m[38;2;0;2;4m[48;2;0;2;4m▀[0m[38;2;0;2;4m[48;2;0;2;4m▀[0m[38;2;0;2;4m[48;2;0;2;6m▀[0m[38;2;0;2;4m[48;2;0;2;6m▀[0m[38;2;0;2;6m[48;2;0;2;6m▀[0m[38;2;0;2;4m[48;2;0;2;6m▀[0m[38;2;0;2;6m[48;2;0;2;6m▀[0m[38;2;0;2;6m[48;2;0;2;6m▀[0m[38;2;0;2;6m[48;2;0;2;6m▀[0m[38;2;0;2;4m[48;2;0;2;6m▀[0m[38;2;0;2;4m[48;2;0;2;6m▀[0m[38;2;2;8;7m[48;2;0;1;5m▀[0m[38;2;5;11;8m[48;2;0;0;1m▀[0m[38;2;0;0;0m[48;2;0;0;0m▀[0m[38;2;0;0;0m[48;2;0;0;0m▀[0m[38;2;162;168;173m[48;2;210;198;177m▀[0m[38;2;205;135;19m[48;2;197;101;0m▀[0m[38;2;0;0;0m[48;2;0;0;0m▀[0m[38;2;72;30;0m[48;2;104;54;0m▀[0m[38;2;232;162;0m[48;2;253;176;8m▀[0m[38;2;0;0;0m[48;2;0;0;0m▀[0m[38;2;0;0;0m[48;2;0;0;0m▀[0m[38;2;130;112;19m[48;2;0;0;0m▀[0m[38;2;255;255;239m[48;2;192;151;24m▀[0m[38;2;43;52;93m[48;2;255;255;250m▀[0m[38;2;0;0;20m[48;2;4;11;45m▀[0m[38;2;255;255;255m[48;2;255;255;255m▀[0m[38;2;111;123;131m[48;2;164;172;178m▀[0m[38;2;20;22;32m[48;2;2;8;21m▀[0m[38;2;60;69;77m[48;2;61;64;77m▀[0m[38;2;69;75;83m[48;2;65;74;82m▀[0m[38;2;64;81;92m[48;2;62;70;77m▀[0m[38;2;6;16;20m[48;2;14;21;34m▀[0m[38;2;10;14;30m[48;2;17;22;31m▀[0m[38;2;0;0;46m[48;2;0;0;36m▀[0m[38;2;245;171;0m[48;2;146;99;0m▀[0m[38;2;255;255;88m[48;2;255;255;255m▀[0m[38;2;0;0;70m[48;2;145;171;187m▀[0m[38;2;255;223;0m[48;2;255;196;9m▀[0m[38;2;231;169;0m[48;2;152;77;0m▀[0m[38;2;70;62;12m[48;2;62;50;2m▀[0m[38;2;77;70;4m[48;2;0;0;0m▀[0m[38;2;61;42;0m[48;2;0;0;0m▀[0m[38;2;82;33;0m[48;2;155;82;0m▀[0m[38;2;101;50;0m[48;2;0;0;4m▀[0m[38;2;10;17;16m[48;2;0;9;22m▀[0m[38;2;4;12;21m[48;2;42;44;48m▀[0m[38;2;36;38;41m[48;2;38;41;43m▀[0m[38;2;44;44;48m[48;2;39;43;43m▀[0m[38;2;38;29;27m[48;2;37;33;39m▀[0m[38;2;45;74;92m[48;2;21;21;22m▀[0m[38;2;43;73;101m[48;2;7;34;46m▀[0m[38;2;8;0;0m[48;2;48;57;64m▀[0m[38;2;0;6;11m[48;2;141;153;173m▀[0m[38;2;2;11;16m[48;2;168;183;204m▀[0m[38;2;0;0;0m[48;2;137;160;180m▀[0m[38;2;82;33;0m[48;2;0;0;0m▀[0m[38;2;240;217;169m[48;2;129;111;91m▀[0m[38;2;0;0;0m[48;2;168;123;73m▀[0m[38;2;0;0;0m[48;2;0;0;0m▀[0m[38;2;0;0;0m[48;2;0;0;0m▀[0m[38;2;0;0;5m[48;2;0;0;0m▀[0m[38;2;0;3;6m[48;2;0;0;6m▀[0m[38;2;0;0;0m[48;2;9;9;6m▀[0m[38;2;46;44;21m[48;2;0;0;2m▀[0m[38;2;118;116;45m[48;2;0;0;0m▀[0m[38;2;0;0;0m[48;2;0;0;5m▀[0m[38;2;2;4;6m[48;2;0;2;4m▀[0m[38;2;0;2;6m[48;2;0;2;6m▀[0m[38;2;0;2;4m[48;2;0;2;4m▀[0m[38;2;0;2;4m[48;2;0;2;6m▀[0m[38;2;0;2;6m[48;2;0;2;6m▀[0m[38;2;0;2;6m[48;2;0;2;6m▀[0m[38;2;0;2;6m[48;2;0;2;6m▀[0m
[38;2;0;2;4m[48;2;0;2;6m▀[0m[38;2;0;2;6m[48;2;0;2;6m▀[0m[38;2;0;2;4m[48;2;0;2;4m▀[0m[38;2;0;2;6m[48;2;0;2;6m▀[0m[38;2;0;2;6m[48;2;0;2;6m▀[0m[38;2;0;2;6m[48;2;0;2;4m▀[0m[38;2;0;2;6m[48;2;0;2;6m▀[0m[38;2;0;2;6m[48;2;0;2;6m▀[0m[38;2;0;2;6m[48;2;0;2;6m▀[0m[38;2;0;2;6m[48;2;0;2;6m▀[0m[38;2;0;2;4m[48;2;0;2;6m▀[0m[38;2;0;2;6m[48;2;0;2;6m▀[0m[38;2;0;2;4m[48;2;0;2;6m▀[0m[38;2;0;2;4m[48;2;0;2;4m▀[0m[38;2;0;0;4m[48;2;0;0;4m▀[0m[38;2;0;0;0m[48;2;0;0;0m▀[0m[38;2;0;0;0m[48;2;0;0;23m▀[0m[38;2;240;210;157m[48;2;250;210;142m▀[0m[38;2;184;81;0m[48;2;181;74;0m▀[0m[38;2;0;0;0m[48;2;0;0;0m▀[0m[38;2;128;58;0m[48;2;113;49;0m▀[0m[38;2;255;204;42m[48;2;255;230;47m▀[0m[38;2;0;0;0m[48;2;0;0;0m▀[0m[38;2;0;0;0m[48;2;0;0;0m▀[0m[38;2;0;0;0m[48;2;0;0;0m▀[0m[38;2;0;0;0m[48;2;0;0;0m▀[0m[38;2;247;199;66m[48;2;118;90;0m▀[0m[38;2;255;255;253m[48;2;255;255;255m▀[0m[38;2;255;255;255m[48;2;255;255;230m▀[0m[38;2;201;225;238m[48;2;199;184;184m▀[0m[38;2;0;0;11m[48;2;0;6;30m▀[0m[38;2;56;61;74m[48;2;51;55;68m▀[0m[38;2;62;69;77m[48;2;55;60;71m▀[0m[38;2;70;76;84m[48;2;66;72;82m▀[0m[38;2;42;52;74m[48;2;50;56;69m▀[0m[38;2;38;46;54m[48;2;31;39;52m▀[0m[38;2;0;0;34m[48;2;28;36;48m▀[0m[38;2;36;20;0m[48;2;0;0;6m▀[0m[38;2;255;224;111m[48;2;141;68;0m▀[0m[38;2;222;145;60m[48;2;160;59;0m▀[0m[38;2;139;31;0m[48;2;171;84;0m▀[0m[38;2;189;79;0m[48;2;142;76;0m▀[0m[38;2;0;0;0m[48;2;136;85;0m▀[0m[38;2;42;21;0m[48;2;122;77;0m▀[0m[38;2;45;25;0m[48;2;0;0;2m▀[0m[38;2;9;11;0m[48;2;106;163;245m▀[0m[38;2;6;19;37m[48;2;65;83;108m▀[0m[38;2;45;47;48m[48;2;31;27;23m▀[0m[38;2;38;42;47m[48;2;39;37;45m▀[0m[38;2;37;39;39m[48;2;35;35;36m▀[0m[38;2;38;36;41m[48;2;32;32;32m▀[0m[38;2;29;22;25m[48;2;2;2;0m▀[0m[38;2;0;5;5m[48;2;72;90;101m▀[0m[38;2;87;98;108m[48;2;203;204;224m▀[0m[38;2;225;236;255m[48;2;233;255;255m▀[0m[38;2;204;211;237m[48;2;179;205;226m▀[0m[38;2;199;205;230m[48;2;156;160;181m▀[0m[38;2;212;225;243m[48;2;159;176;193m▀[0m[38;2;185;206;235m[48;2;214;227;253m▀[0m[38;2;0;0;16m[48;2;61;78;102m▀[0m[38;2;255;255;236m[48;2;249;255;255m▀[0m[38;2;66;0;0m[48;2;255;222;166m▀[0m[38;2;15;0;0m[48;2;1;0;0m▀[0m[38;2;0;0;0m[48;2;14;0;0m▀[0m[38;2;0;0;0m[48;2;0;0;0m▀[0m[38;2;43;42;5m[48;2;0;0;5m▀[0m[38;2;11;12;5m[48;2;0;0;6m▀[0m[38;2;0;1;6m[48;2;0;2;6m▀[0m[38;2;0;0;5m[48;2;0;2;6m▀[0m[38;2;0;2;4m[48;2;0;2;4m▀[0m[38;2;0;2;4m[48;2;0;2;4m▀[0m[38;2;0;2;4m[48;2;0;2;4m▀[0m[38;2;0;2;4m[48;2;0;2;4m▀[0m[38;2;0;2;6m[48;2;0;2;6m▀[0m[38;2;0;2;6m[48;2;0;2;6m▀[0m[38;2;0;2;6m[48;2;0;2;6m▀[0m
[38;2;0;2;6m[48;2;0;2;6m▀[0m[38;2;0;2;6m[48;2;0;2;6m▀[0m[38;2;0;2;4m[48;2;0;2;6m▀[0m[38;2;0;2;4m[48;2;0;2;4m▀[0m[38;2;0;2;4m[48;2;0;2;4m▀[0m[38;2;0;2;6m[48;2;0;2;6m▀[0m[38;2;0;2;6m[48;2;0;2;6m▀[0m[38;2;0;2;4m[48;2;0;2;6m▀[0m[38;2;0;2;4m[48;2;0;2;6m▀[0m[38;2;0;2;6m[48;2;0;2;4m▀[0m[38;2;0;2;4m[48;2;0;2;4m▀[0m[38;2;0;2;6m[48;2;0;2;6m▀[0m[38;2;0;2;6m[48;2;0;2;6m▀[0m[38;2;0;2;4m[48;2;0;2;4m▀[0m[38;2;0;0;4m[48;2;0;0;4m▀[0m[38;2;0;0;0m[48;2;0;0;0m▀[0m[38;2;0;0;30m[48;2;0;0;6m▀[0m[38;2;246;205;133m[48;2;213;180;110m▀[0m[38;2;169;68;0m[48;2;171;70;0m▀[0m[38;2;0;0;0m[48;2;0;0;0m▀[0m[38;2;78;29;0m[48;2;65;16;0m▀[0m[38;2;255;255;56m[48;2;255;228;71m▀[0m[38;2;0;0;5m[48;2;27;29;17m▀[0m[38;2;0;0;0m[48;2;0;0;0m▀[0m[38;2;0;0;0m[48;2;0;0;0m▀[0m[38;2;0;0;0m[48;2;0;0;0m▀[0m[38;2;75;46;0m[48;2;0;0;0m▀[0m[38;2;255;255;255m[48;2;255;255;255m▀[0m[38;2;255;255;255m[48;2;255;255;255m▀[0m[38;2;252;214;168m[48;2;255;255;255m▀[0m[38;2;0;0;18m[48;2;150;140;141m▀[0m[38;2;31;42;58m[48;2;0;0;29m▀[0m[38;2;73;78;87m[48;2;52;63;79m▀[0m[38;2;68;75;84m[48;2;48;55;69m▀[0m[38;2;62;65;76m[48;2;69;72;81m▀[0m[38;2;14;18;21m[48;2;41;54;69m▀[0m[38;2;44;49;55m[48;2;47;65;85m▀[0m[38;2;0;0;9m[48;2;0;2;33m▀[0m[38;2;6;0;0m[48;2;48;28;0m▀[0m[38;2;88;42;0m[48;2;212;144;0m▀[0m[38;2;5;0;0m[48;2;133;79;0m▀[0m[38;2;0;0;0m[48;2;157;95;0m▀[0m[38;2;85;54;0m[48;2;12;4;0m▀[0m[38;2;10;9;9m[48;2;0;0;0m▀[0m[38;2;0;0;0m[48;2;12;16;24m▀[0m[38;2;36;60;102m[48;2;0;0;0m▀[0m[38;2;73;100;127m[48;2;20;33;37m▀[0m[38;2;41;46;51m[48;2;49;57;66m▀[0m[38;2;35;35;32m[48;2;17;17;19m▀[0m[38;2;30;29;30m[48;2;23;17;17m▀[0m[38;2;12;9;9m[48;2;2;8;9m▀[0m[38;2;33;46;50m[48;2;145;157;173m▀[0m[38;2;195;200;222m[48;2;199;206;223m▀[0m[38;2;181;184;200m[48;2;162;169;183m▀[0m[38;2;168;185;203m[48;2;138;151;171m▀[0m[38;2;255;255;255m[48;2;255;255;255m▀[0m[38;2;168;182;201m[48;2;255;255;255m▀[0m[38;2;151;158;176m[48;2;132;147;172m▀[0m[38;2;174;191;213m[48;2;159;177;207m▀[0m[38;2;170;167;195m[48;2;211;183;196m▀[0m[38;2;145;111;87m[48;2;96;63;55m▀[0m[38;2;255;255;255m[48;2;56;56;5m▀[0m[38;2;145;64;4m[48;2;255;255;227m▀[0m[38;2;15;0;0m[48;2;23;0;0m▀[0m[38;2;0;0;0m[48;2;15;0;0m▀[0m[38;2;0;0;2m[48;2;0;0;0m▀[0m[38;2;0;2;4m[48;2;0;0;6m▀[0m[38;2;0;2;6m[48;2;0;2;6m▀[0m[38;2;0;2;6m[48;2;0;2;6m▀[0m[38;2;0;2;6m[48;2;0;2;6m▀[0m[38;2;0;2;6m[48;2;0;2;6m▀[0m[38;2;0;2;6m[48;2;0;2;4m▀[0m[38;2;0;2;6m[48;2;0;2;6m▀[0m[38;2;0;2;6m[48;2;0;2;6m▀[0m[38;2;0;2;6m[48;2;0;2;6m▀[0m[38;2;0;2;6m[48;2;0;2;4m▀[0m
[38;2;0;2;6m[48;2;0;2;6m▀[0m[38;2;0;2;6m[48;2;0;2;6m▀[0m[38;2;0;2;6m[48;2;0;2;6m▀[0m[38;2;0;2;6m[48;2;0;2;6m▀[0m[38;2;0;2;4m[48;2;0;2;6m▀[0m[38;2;0;2;4m[48;2;0;2;4m▀[0m[38;2;0;2;4m[48;2;0;2;4m▀[0m[38;2;0;2;4m[48;2;0;2;4m▀[0m[38;2;0;2;6m[48;2;0;2;4m▀[0m[38;2;0;2;4m[48;2;0;2;4m▀[0m[38;2;0;2;4m[48;2;0;2;6m▀[0m[38;2;0;2;6m[48;2;0;2;4m▀[0m[38;2;0;2;6m[48;2;0;2;4m▀[0m[38;2;0;2;6m[48;2;0;2;6m▀[0m[38;2;0;0;6m[48;2;0;0;2m▀[0m[38;2;0;0;0m[48;2;0;0;0m▀[0m[38;2;0;0;0m[48;2;0;0;0m▀[0m[38;2;156;144;85m[48;2;170;179;136m▀[0m[38;2;196;88;0m[48;2;203;103;0m▀[0m[38;2;0;0;0m[48;2;0;0;0m▀[0m[38;2;117;43;0m[48;2;122;46;0m▀[0m[38;2;220;169;49m[48;2;255;206;29m▀[0m[38;2;62;59;29m[48;2;117;109;65m▀[0m[38;2;0;0;0m[48;2;0;0;0m▀[0m[38;2;0;0;0m[48;2;0;0;0m▀[0m[38;2;0;0;0m[48;2;0;0;0m▀[0m[38;2;0;0;0m[48;2;0;0;0m▀[0m[38;2;255;255;166m[48;2;233;190;79m▀[0m[38;2;255;255;255m[48;2;255;255;255m▀[0m[38;2;255;255;255m[48;2;255;255;255m▀[0m[38;2;255;255;145m[48;2;234;144;0m▀[0m[38;2;112;116;98m[48;2;221;166;0m▀[0m[38;2;0;19;66m[48;2;62;63;48m▀[0m[38;2;59;70;84m[48;2;30;48;88m▀[0m[38;2;62;68;82m[48;2;62;65;83m▀[0m[38;2;55;63;76m[48;2;59;64;74m▀[0m[38;2;43;66;91m[48;2;16;20;24m▀[0m[38;2;17;30;45m[48;2;10;19;28m▀[0m[38;2;0;0;0m[48;2;21;29;43m▀[0m[38;2;43;18;0m[48;2;240;252;255m▀[0m[38;2;83;42;0m[48;2;0;0;0m▀[0m[38;2;20;9;0m[48;2;0;0;0m▀[0m[38;2;0;0;0m[48;2;0;0;0m▀[0m[38;2;24;31;39m[48;2;42;48;54m▀[0m[38;2;48;52;57m[48;2;48;46;52m▀[0m[38;2;30;27;30m[48;2;15;14;15m▀[0m[38;2;0;0;0m[48;2;75;87;90m▀[0m[38;2;36;50;50m[48;2;255;255;255m▀[0m[38;2;108;111;111m[48;2;104;104;96m▀[0m[38;2;0;0;0m[48;2;0;0;1m▀[0m[38;2;77;93;111m[48;2;174;192;219m▀[0m[38;2;194;205;223m[48;2;173;180;195m▀[0m[38;2;170;181;195m[48;2;166;173;187m▀[0m[38;2;164;169;180m[48;2;162;168;181m▀[0m[38;2;129;141;162m[48;2;133;140;155m▀[0m[38;2;248;255;255m[48;2;193;219;240m▀[0m[38;2;255;255;255m[48;2;255;255;255m▀[0m[38;2;183;208;239m[48;2;255;255;255m▀[0m[38;2;139;162;193m[48;2;147;184;234m▀[0m[38;2;207;164;168m[48;2;106;61;45m▀[0m[38;2;192;181;127m[48;2;152;119;0m▀[0m[38;2;0;0;0m[48;2;1;0;0m▀[0m[38;2;255;255;246m[48;2;112;87;45m▀[0m[38;2;169;98;36m[48;2;255;255;254m▀[0m[38;2;1;0;0m[48;2;25;0;0m▀[0m[38;2;0;0;0m[48;2;2;0;0m▀[0m[38;2;0;0;1m[48;2;0;0;0m▀[0m[38;2;1;3;5m[48;2;0;0;1m▀[0m[38;2;0;2;6m[48;2;0;2;6m▀[0m[38;2;0;2;6m[48;2;0;2;6m▀[0m[38;2;0;2;6m[48;2;0;2;6m▀[0m[38;2;0;2;6m[48;2;0;2;6m▀[0m[38;2;0;2;6m[48;2;0;2;6m▀[0m[38;2;0;2;6m[48;2;0;2;6m▀[0m[38;2;0;2;6m[48;2;0;2;6m▀[0m[38;2;0;2;6m[48;2;0;2;6m▀[0m
[38;2;0;2;6m[48;2;0;2;4m▀[0m[38;2;0;2;4m[48;2;0;2;4m▀[0m[38;2;0;2;6m[48;2;0;2;6m▀[0m[38;2;0;2;4m[48;2;0;2;6m▀[0m[38;2;0;2;6m[48;2;0;2;6m▀[0m[38;2;0;2;6m[48;2;0;2;4m▀[0m[38;2;0;2;6m[48;2;0;2;6m▀[0m[38;2;0;2;6m[48;2;0;2;6m▀[0m[38;2;0;2;6m[48;2;0;2;6m▀[0m[38;2;0;2;4m[48;2;0;2;6m▀[0m[38;2;0;2;6m[48;2;0;2;6m▀[0m[38;2;0;2;4m[48;2;0;2;6m▀[0m[38;2;0;2;4m[48;2;0;2;6m▀[0m[38;2;0;2;6m[48;2;0;2;6m▀[0m[38;2;0;0;1m[48;2;0;0;4m▀[0m[38;2;0;0;0m[48;2;0;0;1m▀[0m[38;2;0;0;0m[48;2;0;0;0m▀[0m[38;2;197;222;208m[48;2;180;181;165m▀[0m[38;2;191;116;0m[48;2;185;119;0m▀[0m[38;2;0;0;0m[48;2;0;0;0m▀[0m[38;2;87;22;0m[48;2;31;0;0m▀[0m[38;2;255;209;24m[48;2;249;162;0m▀[0m[38;2;255;247;105m[48;2;255;255;108m▀[0m[38;2;74;86;79m[48;2;0;0;0m▀[0m[38;2;16;20;21m[48;2;115;123;104m▀[0m[38;2;0;0;0m[48;2;51;52;41m▀[0m[38;2;0;0;0m[48;2;0;0;0m▀[0m[38;2;117;86;0m[48;2;18;0;0m▀[0m[38;2;255;255;255m[48;2;255;255;255m▀[0m[38;2;255;255;255m[48;2;255;255;255m▀[0m[38;2;217;90;0m[48;2;203;74;0m▀[0m[38;2;0;0;0m[48;2;255;211;43m▀[0m[38;2;114;88;1m[48;2;34;25;1m▀[0m[38;2;38;50;73m[48;2;139;102;27m▀[0m[38;2;50;61;87m[48;2;28;47;86m▀[0m[38;2;58;61;74m[48;2;58;61;74m▀[0m[38;2;58;66;78m[48;2;74;85;97m▀[0m[38;2;19;32;45m[48;2;38;48;51m▀[0m[38;2;22;19;4m[48;2;24;23;21m▀[0m[38;2;186;149;73m[48;2;0;0;0m▀[0m[38;2;21;14;4m[48;2;179;162;142m▀[0m[38;2;0;0;0m[48;2;167;173;174m▀[0m[38;2;0;0;0m[48;2;20;25;32m▀[0m[38;2;25;29;33m[48;2;34;43;45m▀[0m[38;2;61;63;68m[48;2;137;140;142m▀[0m[38;2;0;0;0m[48;2;0;0;0m▀[0m[38;2;98;106;110m[48;2;87;97;100m▀[0m[38;2;155;171;172m[48;2;28;33;29m▀[0m[38;2;0;0;0m[48;2;17;23;28m▀[0m[38;2;145;156;176m[48;2;222;247;255m▀[0m[38;2;205;221;236m[48;2;171;184;196m▀[0m[38;2;151;158;171m[48;2;155;163;172m▀[0m[38;2;163;173;185m[48;2;160;169;182m▀[0m[38;2;160;168;182m[48;2;157;169;183m▀[0m[38;2;144;147;160m[48;2;156;156;171m▀[0m[38;2;153;173;198m[48;2;129;144;166m▀[0m[38;2;255;255;255m[48;2;251;255;255m▀[0m[38;2;255;255;255m[48;2;255;255;255m▀[0m[38;2;189;232;255m[48;2;249;255;255m▀[0m[38;2;86;86;115m[48;2;96;120;209m▀[0m[38;2;48;1;0m[48;2;255;210;57m▀[0m[38;2;7;18;0m[48;2;35;36;0m▀[0m[38;2;0;0;0m[48;2;0;0;0m▀[0m[38;2;255;255;255m[48;2;205;186;127m▀[0m[38;2;159;83;22m[48;2;255;255;236m▀[0m[38;2;0;0;0m[48;2;0;0;0m▀[0m[38;2;0;0;0m[48;2;0;0;0m▀[0m[38;2;37;39;19m[48;2;28;35;11m▀[0m[38;2;0;3;6m[48;2;1;1;6m▀[0m[38;2;0;2;6m[48;2;0;2;6m▀[0m[38;2;0;2;6m[48;2;0;2;6m▀[0m[38;2;0;2;6m[48;2;0;2;6m▀[0m[38;2;0;2;6m[48;2;0;2;6m▀[0m[38;2;0;2;6m[48;2;0;2;6m▀[0m[38;2;0;2;6m[48;2;0;2;6m▀[0m[38;2;0;2;6m[48;2;0;2;4m▀[0m
[38;2;0;2;6m[48;2;0;2;6m▀[0m[38;2;0;2;6m[48;2;0;2;6m▀[0m[38;2;0;2;6m[48;2;0;2;4m▀[0m[38;2;0;2;6m[48;2;0;2;6m▀[0m[38;2;0;2;6m[48;2;0;2;6m▀[0m[38;2;0;2;4m[48;2;0;2;6m▀[0m[38;2;0;2;4m[48;2;0;2;6m▀[0m[38;2;0;2;6m[48;2;0;2;6m▀[0m[38;2;0;2;6m[48;2;0;2;6m▀[0m[38;2;0;2;6m[48;2;0;2;4m▀[0m[38;2;0;2;4m[48;2;0;2;4m▀[0m[38;2;0;2;6m[48;2;0;2;6m▀[0m[38;2;0;2;4m[48;2;0;2;4m▀[0m[38;2;0;2;6m[48;2;0;2;6m▀[0m[38;2;0;0;6m[48;2;0;2;6m▀[0m[38;2;0;0;4m[48;2;0;0;4m▀[0m[38;2;0;0;0m[48;2;0;0;0m▀[0m[38;2;127;116;91m[48;2;49;57;72m▀[0m[38;2;195;135;14m[48;2;255;174;35m▀[0m[38;2;59;14;0m[48;2;61;25;0m▀[0m[38;2;89;27;0m[48;2;102;28;0m▀[0m[38;2;207;115;0m[48;2;113;44;0m▀[0m[38;2;255;255;141m[48;2;255;255;136m▀[0m[38;2;0;0;0m[48;2;59;56;29m▀[0m[38;2;0;0;0m[48;2;0;0;0m▀[0m[38;2;122;123;98m[48;2;0;0;0m▀[0m[38;2;58;61;50m[48;2;70;71;60m▀[0m[38;2;0;0;0m[48;2;32;32;7m▀[0m[38;2;255;255;255m[48;2;255;255;248m▀[0m[38;2;255;255;255m[48;2;255;255;255m▀[0m[38;2;136;27;0m[48;2;110;0;0m▀[0m[38;2;255;255;72m[48;2;255;255;70m▀[0m[38;2;74;71;32m[48;2;100;95;34m▀[0m[38;2;58;24;0m[48;2;0;0;0m▀[0m[38;2;117;100;50m[48;2;197;139;4m▀[0m[38;2;41;57;92m[48;2;52;58;87m▀[0m[38;2;42;51;56m[48;2;50;54;73m▀[0m[38;2;12;20;32m[48;2;48;60;71m▀[0m[38;2;9;14;15m[48;2;0;0;1m▀[0m[38;2;0;0;0m[48;2;123;139;181m▀[0m[38;2;255;255;255m[48;2;255;255;90m▀[0m[38;2;255;255;255m[48;2;76;66;31m▀[0m[38;2;93;97;105m[48;2;150;157;183m▀[0m[38;2;98;129;130m[48;2;0;0;0m▀[0m[38;2;159;164;164m[48;2;28;31;33m▀[0m[38;2;0;0;0m[48;2;119;128;130m▀[0m[38;2;191;210;214m[48;2;156;178;181m▀[0m[38;2;117;131;142m[48;2;227;255;255m▀[0m[38;2;155;167;176m[48;2;127;135;157m▀[0m[38;2;255;255;255m[48;2;255;255;255m▀[0m[38;2;158;179;190m[48;2;190;198;210m▀[0m[38;2;153;156;172m[48;2;146;155;171m▀[0m[38;2;159;167;181m[48;2;157;166;179m▀[0m[38;2;159;168;181m[48;2;158;166;180m▀[0m[38;2;157;164;179m[48;2;159;166;181m▀[0m[38;2;131;140;156m[48;2;145;151;164m▀[0m[38;2;193;217;238m[48;2;145;169;194m▀[0m[38;2;255;255;255m[48;2;255;255;255m▀[0m[38;2;255;255;255m[48;2;255;255;255m▀[0m[38;2;154;170;232m[48;2;254;201;214m▀[0m[38;2;255;250;62m[48;2;255;223;33m▀[0m[38;2;187;160;10m[48;2;255;255;73m▀[0m[38;2;0;0;0m[48;2;0;0;0m▀[0m[38;2;37;51;11m[48;2;0;0;0m▀[0m[38;2;255;255;255m[48;2;198;210;212m▀[0m[38;2;69;16;0m[48;2;255;203;162m▀[0m[38;2;0;0;0m[48;2;0;0;0m▀[0m[38;2;0;0;0m[48;2;0;0;0m▀[0m[38;2;0;0;6m[48;2;0;0;0m▀[0m[38;2;0;2;6m[48;2;0;2;6m▀[0m[38;2;0;2;6m[48;2;0;2;6m▀[0m[38;2;0;2;6m[48;2;0;2;6m▀[0m[38;2;0;2;6m[48;2;0;2;6m▀[0m[38;2;0;2;6m[48;2;0;2;4m▀[0m[38;2;0;2;4m[48;2;0;2;6m▀[0m[38;2;0;2;6m[48;2;0;2;6m▀[0m
[38;2;0;2;6m[48;2;0;2;4m▀[0m[38;2;0;2;6m[48;2;0;2;4m▀[0m[38;2;0;2;6m[48;2;0;2;4m▀[0m[38;2;0;2;4m[48;2;0;1;5m▀[0m[38;2;0;2;6m[48;2;0;2;4m▀[0m[38;2;0;2;6m[48;2;0;2;6m▀[0m[38;2;0;2;6m[48;2;0;2;6m▀[0m[38;2;0;2;4m[48;2;0;2;6m▀[0m[38;2;0;2;6m[48;2;0;2;4m▀[0m[38;2;0;2;6m[48;2;0;2;6m▀[0m[38;2;0;2;6m[48;2;0;2;6m▀[0m[38;2;0;2;4m[48;2;0;2;4m▀[0m[38;2;0;2;4m[48;2;0;2;4m▀[0m[38;2;0;2;6m[48;2;0;2;4m▀[0m[38;2;1;1;5m[48;2;0;2;4m▀[0m[38;2;0;0;4m[48;2;0;0;6m▀[0m[38;2;0;0;0m[48;2;0;0;0m▀[0m[38;2;0;14;44m[48;2;0;0;5m▀[0m[38;2;255;180;54m[48;2;221;167;64m▀[0m[38;2;104;71;0m[48;2;69;19;0m▀[0m[38;2;2;8;14m[48;2;74;87;70m▀[0m[38;2;0;0;0m[48;2;0;0;0m▀[0m[38;2;255;255;84m[48;2;147;127;23m▀[0m[38;2;192;166;59m[48;2;255;253;78m▀[0m[38;2;0;0;0m[48;2;0;0;0m▀[0m[38;2;0;0;0m[48;2;0;0;0m▀[0m[38;2;0;0;0m[48;2;0;0;0m▀[0m[38;2;0;0;0m[48;2;0;0;0m▀[0m[38;2;189;203;210m[48;2;93;119;159m▀[0m[38;2;255;255;237m[48;2;162;147;104m▀[0m[38;2;95;0;0m[48;2;101;0;0m▀[0m[38;2;255;255;69m[48;2;255;255;59m▀[0m[38;2;114;102;43m[48;2;105;101;47m▀[0m[38;2;0;0;0m[48;2;0;0;0m▀[0m[38;2;99;56;0m[48;2;0;0;0m▀[0m[38;2;139;113;47m[48;2;157;115;5m▀[0m[38;2;29;48;83m[48;2;47;60;83m▀[0m[38;2;38;42;50m[48;2;38;46;68m▀[0m[38;2;9;19;25m[48;2;0;4;12m▀[0m[38;2;0;0;11m[48;2;72;11;0m▀[0m[38;2;152;97;0m[48;2;207;147;0m▀[0m[38;2;64;52;0m[48;2;58;47;0m▀[0m[38;2;255;255;255m[48;2;255;255;255m▀[0m[38;2;0;0;0m[48;2;2;5;5m▀[0m[38;2;89;98;101m[48;2;56;59;60m▀[0m[38;2;255;255;255m[48;2;75;82;81m▀[0m[38;2;0;0;0m[48;2;149;157;159m▀[0m[38;2;116;127;145m[48;2;153;165;182m▀[0m[38;2;169;179;200m[48;2;160;170;189m▀[0m[38;2;146;156;164m[48;2;158;168;174m▀[0m[38;2;127;139;153m[48;2;138;158;172m▀[0m[38;2;164;169;186m[48;2;160;172;186m▀[0m[38;2;155;163;176m[48;2;153;162;174m▀[0m[38;2;151;157;170m[48;2;139;145;156m▀[0m[38;2;158;167;180m[48;2;154;163;174m▀[0m[38;2;155;162;176m[48;2;159;166;183m▀[0m[38;2;130;141;163m[48;2;142;143;163m▀[0m[38;2;234;255;255m[48;2;167;210;249m▀[0m[38;2;255;255;255m[48;2;255;255;255m▀[0m[38;2;255;185;184m[48;2;255;221;211m▀[0m[38;2;255;247;62m[48;2;255;255;193m▀[0m[38;2;255;255;104m[48;2;255;255;95m▀[0m[38;2;125;98;19m[48;2;252;205;31m▀[0m[38;2;0;0;0m[48;2;0;0;0m▀[0m[38;2;28;33;42m[48;2;0;0;0m▀[0m[38;2;255;255;255m[48;2;255;255;255m▀[0m[38;2;0;0;0m[48;2;101;60;34m▀[0m[38;2;0;0;0m[48;2;0;0;0m▀[0m[38;2;0;0;0m[48;2;0;0;0m▀[0m[38;2;0;2;4m[48;2;0;2;4m▀[0m[38;2;0;2;6m[48;2;0;2;4m▀[0m[38;2;0;2;6m[48;2;0;2;4m▀[0m[38;2;0;2;6m[48;2;0;2;6m▀[0m[38;2;0;2;6m[48;2;0;2;6m▀[0m[38;2;0;2;6m[48;2;0;2;6m▀[0m[38;2;0;2;6m[48;2;0;2;6m▀[0m
[38;2;0;2;6m[48;2;0;2;4m▀[0m[38;2;0;2;6m[48;2;0;2;6m▀[0m[38;2;0;2;4m[48;2;0;2;6m▀[0m[38;2;0;2;4m[48;2;1;1;5m▀[0m[38;2;0;2;4m[48;2;0;1;5m▀[0m[38;2;0;2;6m[48;2;0;2;6m▀[0m[38;2;0;2;6m[48;2;0;2;4m▀[0m[38;2;0;2;6m[48;2;0;2;4m▀[0m[38;2;0;2;6m[48;2;0;2;6m▀[0m[38;2;0;2;6m[48;2;0;2;6m▀[0m[38;2;0;2;6m[48;2;0;2;4m▀[0m[38;2;0;2;4m[48;2;0;2;4m▀[0m[38;2;0;2;4m[48;2;0;2;4m▀[0m[38;2;0;2;4m[48;2;1;1;5m▀[0m[38;2;0;2;4m[48;2;0;2;4m▀[0m[38;2;0;2;6m[48;2;0;2;4m▀[0m[38;2;0;0;2m[48;2;0;0;6m▀[0m[38;2;0;0;0m[48;2;0;0;0m▀[0m[38;2;112;95;42m[48;2;0;2;22m▀[0m[38;2;186;95;0m[48;2;237;150;0m▀[0m[38;2;0;0;0m[48;2;0;0;0m▀[0m[38;2;38;46;20m[48;2;24;24;7m▀[0m[38;2;0;0;4m[48;2;14;2;0m▀[0m[38;2;203;180;55m[48;2;101;103;63m▀[0m[38;2;0;0;0m[48;2;30;28;16m▀[0m[38;2;0;0;0m[48;2;0;0;0m▀[0m[38;2;0;0;0m[48;2;0;0;0m▀[0m[38;2;0;0;0m[48;2;0;0;0m▀[0m[38;2;128;142;151m[48;2;0;10;33m▀[0m[38;2;255;255;255m[48;2;162;228;255m▀[0m[38;2;0;0;0m[48;2;0;0;0m▀[0m[38;2;255;255;32m[48;2;243;189;28m▀[0m[38;2;104;101;43m[48;2;72;64;22m▀[0m[38;2;0;0;0m[48;2;0;0;0m▀[0m[38;2;0;0;0m[48;2;0;0;0m▀[0m[38;2;116;69;0m[48;2;181;114;0m▀[0m[38;2;68;62;41m[48;2;9;10;6m▀[0m[38;2;8;30;59m[48;2;0;23;48m▀[0m[38;2;5;14;16m[48;2;29;34;20m▀[0m[38;2;98;0;0m[48;2;105;0;0m▀[0m[38;2;184;133;0m[48;2;186;135;0m▀[0m[38;2;52;42;0m[48;2;56;51;2m▀[0m[38;2;0;0;5m[48;2;0;0;0m▀[0m[38;2;0;0;0m[48;2;0;0;0m▀[0m[38;2;39;43;38m[48;2;58;61;58m▀[0m[38;2;0;0;0m[48;2;0;0;0m▀[0m[38;2;255;255;255m[48;2;198;205;210m▀[0m[38;2;164;174;194m[48;2;166;177;191m▀[0m[38;2;144;156;170m[48;2;165;176;195m▀[0m[38;2;241;243;235m[48;2;90;88;85m▀[0m[38;2;197;211;222m[48;2;106;110;111m▀[0m[38;2;152;163;180m[48;2;173;184;203m▀[0m[38;2;157;166;180m[48;2;162;170;184m▀[0m[38;2;127;136;144m[48;2;117;126;138m▀[0m[38;2;142;150;159m[48;2;128;139;147m▀[0m[38;2;151;162;176m[48;2;141;152;164m▀[0m[38;2;154;160;178m[48;2;154;173;186m▀[0m[38;2;128;159;198m[48;2;131;124;143m▀[0m[38;2;248;214;181m[48;2;255;187;118m▀[0m[38;2;255;255;255m[48;2;255;255;255m▀[0m[38;2;255;255;255m[48;2;255;255;255m▀[0m[38;2;255;255;145m[48;2;255;255;116m▀[0m[38;2;84;77;19m[48;2;35;64;92m▀[0m[38;2;0;0;0m[48;2;0;0;36m▀[0m[38;2;0;0;0m[48;2;0;0;0m▀[0m[38;2;255;240;156m[48;2;64;39;0m▀[0m[38;2;251;212;177m[48;2;255;255;223m▀[0m[38;2;0;0;0m[48;2;0;0;0m▀[0m[38;2;0;0;0m[48;2;0;0;0m▀[0m[38;2;0;0;1m[48;2;0;0;2m▀[0m[38;2;0;2;6m[48;2;0;2;4m▀[0m[38;2;0;2;6m[48;2;0;2;6m▀[0m[38;2;0;2;6m[48;2;0;2;6m▀[0m[38;2;0;2;4m[48;2;0;2;6m▀[0m[38;2;0;2;6m[48;2;0;2;6m▀[0m[38;2;0;2;4m[48;2;0;2;4m▀[0m
