[38;2;6;6;7m[48;2;62;62;60m▀[0m[38;2;36;38;41m[48;2;24;27;27m▀[0m[38;2;59;62;64m[48;2;0;0;0m▀[0m[38;2;52;48;55m[48;2;0;0;0m▀[0m[38;2;8;7;8m[48;2;0;0;0m▀[0m[38;2;0;0;0m[48;2;0;0;0m▀[0m[38;2;0;0;0m[48;2;0;0;0m▀[0m[38;2;0;0;0m[48;2;0;0;0m▀[0m[38;2;0;0;0m[48;2;0;0;0m▀[0m[38;2;0;0;0m[48;2;0;0;0m▀[0m[38;2;0;0;0m[48;2;0;0;0m▀[0m[38;2;0;0;0m[48;2;44;44;44m▀[0m[38;2;0;0;0m[48;2;91;95;91m▀[0m[38;2;83;86;86m[48;2;1;4;1m▀[0m[38;2;82;81;82m[48;2;0;0;0m▀[0m[38;2;0;0;0m[48;2;0;0;0m▀[0m[38;2;0;0;0m[48;2;59;62;62m▀[0m[38;2;0;0;0m[48;2;147;152;152m▀[0m[38;2;0;0;0m[48;2;154;156;158m▀[0m[38;2;177;177;174m[48;2;95;95;96m▀[0m[38;2;132;132;135m[48;2;27;27;27m▀[0m[38;2;156;158;160m[48;2;0;0;0m▀[0m[38;2;139;139;141m[48;2;10;10;10m▀[0m[38;2;50;49;49m[48;2;76;75;75m▀[0m[38;2;0;0;0m[48;2;151;151;153m▀[0m[38;2;0;0;0m[48;2;196;196;200m▀[0m[38;2;0;0;0m[48;2;206;209;210m▀[0m[38;2;30;27;31m[48;2;208;208;206m▀[0m[38;2;62;57;61m[48;2;208;211;210m▀[0m[38;2;116;116;117m[48;2;208;211;212m▀[0m[38;2;83;83;84m[48;2;155;157;158m▀[0m[38;2;0;0;0m[48;2;0;0;0m▀[0m[38;2;16;20;19m[48;2;0;0;0m▀[0m[38;2;25;29;25m[48;2;0;12;8m▀[0m[38;2;8;17;20m[48;2;0;12;12m▀[0m[38;2;0;29;30m[48;2;0;20;27m▀[0m[38;2;0;32;31m[48;2;14;18;21m▀[0m[38;2;0;0;0m[48;2;24;4;5m▀[0m[38;2;0;20;22m[48;2;62;8;5m▀[0m[38;2;0;31;33m[48;2;63;8;6m▀[0m[38;2;0;31;29m[48;2;16;14;11m▀[0m[38;2;14;31;31m[48;2;0;23;24m▀[0m[38;2;11;20;19m[48;2;0;0;0m▀[0m[38;2;0;0;0m[48;2;5;12;14m▀[0m[38;2;78;77;78m[48;2;147;147;155m▀[0m[38;2;83;82;83m[48;2;180;177;183m▀[0m[38;2;51;54;51m[48;2;194;192;196m▀[0m[38;2;24;21;21m[48;2;216;210;216m▀[0m[38;2;0;0;0m[48;2;213;209;212m▀[0m[38;2;0;0;0m[48;2;198;198;196m▀[0m[38;2;0;0;0m[48;2;157;156;156m▀[0m[38;2;18;20;20m[48;2;66;65;65m▀[0m[38;2;131;133;133m[48;2;0;0;0m▀[0m[38;2;169;171;171m[48;2;0;0;0m▀[0m[38;2;139;142;142m[48;2;6;6;8m▀[0m[38;2;56;56;56m[48;2;88;91;93m▀[0m[38;2;0;0;0m[48;2;167;167;168m▀[0m[38;2;0;0;0m[48;2;156;156;154m▀[0m[38;2;0;0;0m[48;2;49;51;51m▀[0m[38;2;24;24;27m[48;2;0;0;0m▀[0m[38;2;233;233;240m[48;2;0;0;0m▀[0m[38;2;35;35;36m[48;2;108;108;109m▀[0m[38;2;0;0;0m[48;2;58;58;60m▀[0m[38;2;30;30;28m[48;2;0;0;0m▀[0m[38;2;30;30;30m[48;2;0;0;0m▀[0m[38;2;28;28;28m[48;2;0;0;0m▀[0m[38;2;22;22;22m[48;2;0;0;0m▀[0m[38;2;23;23;23m[48;2;18;18;18m▀[0m[38;2;23;23;23m[48;2;45;48;48m▀[0m[38;2;0;0;0m[48;2;43;43;43m▀[0m[38;2;0;0;0m[48;2;30;30;30m▀[0m[38;2;0;0;0m[48;2;20;20;20m▀[0m[38;2;0;0;0m[48;2;8;8;9m▀[0m[38;2;0;0;0m[48;2;10;10;10m▀[0m[38;2;0;0;0m[48;2;35;38;35m▀[0m[38;2;0;0;0m[48;2;73;76;76m▀[0m
[38;2;0;0;0m[48;2;124;122;116m▀[0m[38;2;0;0;0m[48;2;160;160;157m▀[0m[38;2;0;0;0m[48;2;155;155;157m▀[0m[38;2;19;19;19m[48;2;130;130;130m▀[0m[38;2;49;48;48m[48;2;114;113;110m▀[0m[38;2;70;70;70m[48;2;91;91;86m▀[0m[38;2;75;75;75m[48;2;76;76;76m▀[0m[38;2;57;57;57m[48;2;165;165;167m▀[0m[38;2;88;85;88m[48;2;81;78;82m▀[0m[38;2;119;116;116m[48;2;101;101;101m▀[0m[38;2;104;101;104m[48;2;0;0;0m▀[0m[38;2;31;31;28m[48;2;0;0;0m▀[0m[38;2;0;0;0m[48;2;124;126;126m▀[0m[38;2;0;0;0m[48;2;191;194;191m▀[0m[38;2;123;125;123m[48;2;89;88;89m▀[0m[38;2;191;194;194m[48;2;9;7;10m▀[0m[38;2;124;128;131m[48;2;35;33;36m▀[0m[38;2;23;27;28m[48;2;140;143;142m▀[0m[38;2;4;3;4m[48;2;199;201;199m▀[0m[38;2;55;58;51m[48;2;197;204;204m▀[0m[38;2;125;128;125m[48;2;162;166;169m▀[0m[38;2;189;191;191m[48;2;117;120;120m▀[0m[38;2;206;209;209m[48;2;62;64;64m▀[0m[38;2;205;207;207m[48;2;8;8;8m▀[0m[38;2;185;185;187m[48;2;0;0;0m▀[0m[38;2;143;146;145m[48;2;0;0;0m▀[0m[38;2;102;102;100m[48;2;0;0;0m▀[0m[38;2;46;46;47m[48;2;0;0;0m▀[0m[38;2;4;7;8m[48;2;54;54;54m▀[0m[38;2;24;21;25m[48;2;0;0;0m▀[0m[38;2;20;22;22m[48;2;0;0;0m▀[0m[38;2;0;0;0m[48;2;42;56;57m▀[0m[38;2;0;0;0m[48;2;0;0;0m▀[0m[38;2;7;0;0m[48;2;186;0;0m▀[0m[38;2;246;0;0m[48;2;255;0;0m▀[0m[38;2;255;0;0m[48;2;222;0;0m▀[0m[38;2;255;0;0m[48;2;224;0;0m▀[0m[38;2;255;0;0m[48;2;227;0;0m▀[0m[38;2;255;0;0m[48;2;209;0;0m▀[0m[38;2;255;0;0m[48;2;218;0;0m▀[0m[38;2;255;0;0m[48;2;223;0;0m▀[0m[38;2;149;0;0m[48;2;195;0;0m▀[0m[38;2;0;0;0m[48;2;0;0;0m▀[0m[38;2;0;0;0m[48;2;0;0;0m▀[0m[38;2;0;0;0m[48;2;0;0;0m▀[0m[38;2;0;0;0m[48;2;0;0;0m▀[0m[38;2;0;0;0m[48;2;0;0;0m▀[0m[38;2;18;18;20m[48;2;0;0;0m▀[0m[38;2;48;51;52m[48;2;0;0;0m▀[0m[38;2;114;114;116m[48;2;0;0;0m▀[0m[38;2;177;177;178m[48;2;0;0;0m▀[0m[38;2;222;220;223m[48;2;1;0;2m▀[0m[38;2;216;216;213m[48;2;62;60;63m▀[0m[38;2;165;168;165m[48;2;125;122;126m▀[0m[38;2;86;89;86m[48;2;169;169;174m▀[0m[38;2;0;0;0m[48;2;206;206;206m▀[0m[38;2;0;0;0m[48;2;167;172;168m▀[0m[38;2;17;14;16m[48;2;69;71;71m▀[0m[38;2;142;139;142m[48;2;0;0;0m▀[0m[38;2;194;191;195m[48;2;0;0;0m▀[0m[38;2;87;87;88m[48;2;112;112;113m▀[0m[38;2;0;0;0m[48;2;204;201;206m▀[0m[38;2;28;28;25m[48;2;95;91;95m▀[0m[38;2;89;86;90m[48;2;3;3;5m▀[0m[38;2;15;15;15m[48;2;32;32;34m▀[0m[38;2;0;0;0m[48;2;55;55;52m▀[0m[38;2;0;0;0m[48;2;23;23;23m▀[0m[38;2;0;0;0m[48;2;0;0;0m▀[0m[38;2;0;0;0m[48;2;0;0;0m▀[0m[38;2;0;0;0m[48;2;0;0;0m▀[0m[38;2;7;7;7m[48;2;0;0;0m▀[0m[38;2;17;20;17m[48;2;0;0;0m▀[0m[38;2;25;25;25m[48;2;0;0;0m▀[0m[38;2;34;34;34m[48;2;0;0;0m▀[0m[38;2;55;57;55m[48;2;0;0;0m▀[0m[38;2;23;23;20m[48;2;0;0;0m▀[0m
[38;2;15;12;10m[48;2;0;0;0m▀[0m[38;2;0;0;0m[48;2;17;20;19m▀[0m[38;2;0;0;0m[48;2;57;55;59m▀[0m[38;2;0;0;0m[48;2;63;65;68m▀[0m[38;2;0;0;0m[48;2;71;69;72m▀[0m[38;2;0;0;0m[48;2;72;72;74m▀[0m[38;2;82;79;83m[48;2;0;0;0m▀[0m[38;2;75;78;81m[48;2;73;73;73m▀[0m[38;2;60;59;59m[48;2;87;86;81m▀[0m[38;2;0;0;0m[48;2;189;189;185m▀[0m[38;2;95;98;98m[48;2;110;111;104m▀[0m[38;2;194;197;197m[48;2;9;9;6m▀[0m[38;2;78;81;81m[48;2;89;89;90m▀[0m[38;2;15;14;14m[48;2;191;195;198m▀[0m[38;2;82;84;85m[48;2;206;209;208m▀[0m[38;2;174;179;179m[48;2;152;154;154m▀[0m[38;2;217;219;221m[48;2;54;54;51m▀[0m[38;2;164;164;165m[48;2;0;0;0m▀[0m[38;2;74;82;82m[48;2;0;0;0m▀[0m[38;2;9;9;9m[48;2;0;0;0m▀[0m[38;2;0;0;0m[48;2;5;4;4m▀[0m[38;2;0;0;0m[48;2;103;100;102m▀[0m[38;2;0;0;0m[48;2;0;0;0m▀[0m[38;2;0;0;0m[48;2;0;0;0m▀[0m[38;2;0;0;0m[48;2;142;140;144m▀[0m[38;2;0;0;0m[48;2;37;37;39m▀[0m[38;2;22;22;20m[48;2;151;151;152m▀[0m[38;2;0;0;0m[48;2;11;11;12m▀[0m[38;2;193;193;193m[48;2;86;86;90m▀[0m[38;2;133;137;138m[48;2;255;255;255m▀[0m[38;2;2;5;5m[48;2;255;255;255m▀[0m[38;2;63;100;101m[48;2;22;62;61m▀[0m[38;2;0;0;0m[48;2;145;0;0m▀[0m[38;2;255;0;0m[48;2;153;0;0m▀[0m[38;2;255;0;0m[48;2;18;11;15m▀[0m[38;2;255;0;0m[48;2;0;12;17m▀[0m[38;2;255;0;0m[48;2;0;1;5m▀[0m[38;2;240;0;0m[48;2;0;0;5m▀[0m[38;2;255;0;0m[48;2;45;1;0m▀[0m[38;2;255;0;0m[48;2;255;0;0m▀[0m[38;2;207;0;0m[48;2;255;0;0m▀[0m[38;2;198;0;0m[48;2;255;0;0m▀[0m[38;2;0;8;12m[48;2;206;0;0m▀[0m[38;2;33;84;87m[48;2;10;68;68m▀[0m[38;2;223;230;230m[48;2;234;238;239m▀[0m[38;2;0;0;0m[48;2;64;66;66m▀[0m[38;2;177;181;182m[48;2;144;144;145m▀[0m[38;2;168;165;165m[48;2;253;253;254m▀[0m[38;2;62;61;61m[48;2;0;0;0m▀[0m[38;2;0;0;0m[48;2;64;60;66m▀[0m[38;2;0;0;0m[48;2;0;0;0m▀[0m[38;2;0;0;0m[48;2;0;0;0m▀[0m[38;2;0;0;0m[48;2;123;123;124m▀[0m[38;2;0;0;0m[48;2;18;18;18m▀[0m[38;2;0;0;0m[48;2;0;0;0m▀[0m[38;2;30;30;35m[48;2;0;0;0m▀[0m[38;2;112;109;117m[48;2;0;0;0m▀[0m[38;2;182;182;186m[48;2;0;0;0m▀[0m[38;2;191;191;192m[48;2;100;97;104m▀[0m[38;2;102;102;102m[48;2;182;182;187m▀[0m[38;2;0;0;0m[48;2;179;179;179m▀[0m[38;2;0;0;0m[48;2;97;97;98m▀[0m[38;2;105;109;108m[48;2;0;0;0m▀[0m[38;2;206;206;208m[48;2;0;0;0m▀[0m[38;2;77;77;75m[48;2;140;140;142m▀[0m[38;2;0;0;0m[48;2;191;194;196m▀[0m[38;2;18;21;20m[48;2;21;21;22m▀[0m[38;2;70;70;68m[48;2;0;0;0m▀[0m[38;2;35;33;36m[48;2;0;0;0m▀[0m[38;2;10;10;10m[48;2;22;22;22m▀[0m[38;2;0;0;0m[48;2;21;21;21m▀[0m[38;2;0;0;0m[48;2;9;9;9m▀[0m[38;2;0;0;0m[48;2;31;31;31m▀[0m[38;2;0;0;0m[48;2;36;36;36m▀[0m[38;2;0;0;0m[48;2;23;23;23m▀[0m[38;2;0;0;0m[48;2;43;43;45m▀[0m
[38;2;70;73;70m[48;2;1;1;1m▀[0m[38;2;72;72;70m[48;2;0;0;0m▀[0m[38;2;31;30;28m[48;2;0;0;0m▀[0m[38;2;4;4;4m[48;2;0;0;0m▀[0m[38;2;0;0;0m[48;2;0;0;0m▀[0m[38;2;0;0;0m[48;2;75;75;76m▀[0m[38;2;0;0;0m[48;2;223;226;225m▀[0m[38;2;235;235;232m[48;2;43;46;43m▀[0m[38;2;135;135;128m[48;2;19;19;21m▀[0m[38;2;10;10;10m[48;2;151;149;152m▀[0m[38;2;73;71;74m[48;2;176;178;178m▀[0m[38;2;181;184;184m[48;2;166;171;166m▀[0m[38;2;197;201;201m[48;2;69;70;65m▀[0m[38;2;154;158;158m[48;2;0;0;0m▀[0m[38;2;48;47;47m[48;2;0;0;0m▀[0m[38;2;0;0;0m[48;2;33;36;36m▀[0m[38;2;0;0;0m[48;2;0;0;0m▀[0m[38;2;2;4;6m[48;2;0;0;0m▀[0m[38;2;255;255;255m[48;2;255;255;255m▀[0m[38;2;0;0;0m[48;2;225;225;227m▀[0m[38;2;0;0;0m[48;2;0;0;0m▀[0m[38;2;85;84;84m[48;2;150;153;153m▀[0m[38;2;0;0;0m[48;2;216;218;218m▀[0m[38;2;25;25;23m[48;2;156;159;160m▀[0m[38;2;149;149;151m[48;2;195;198;200m▀[0m[38;2;55;57;57m[48;2;90;87;87m▀[0m[38;2;255;255;255m[48;2;117;116;116m▀[0m[38;2;171;174;173m[48;2;57;56;56m▀[0m[38;2;204;204;205m[48;2;63;68;66m▀[0m[38;2;85;85;86m[48;2;111;114;120m▀[0m[38;2;183;193;192m[48;2;119;138;144m▀[0m[38;2;37;55;55m[48;2;0;8;8m▀[0m[38;2;0;0;0m[48;2;0;0;1m▀[0m[38;2;0;18;18m[48;2;0;28;32m▀[0m[38;2;0;33;36m[48;2;0;15;18m▀[0m[38;2;0;29;32m[48;2;206;0;0m▀[0m[38;2;0;0;0m[48;2;255;0;0m▀[0m[38;2;136;0;0m[48;2;255;0;0m▀[0m[38;2;255;0;0m[48;2;59;0;0m▀[0m[38;2;248;0;0m[48;2;0;12;15m▀[0m[38;2;74;5;5m[48;2;0;32;34m▀[0m[38;2;0;18;17m[48;2;0;27;28m▀[0m[38;2;51;0;0m[48;2;0;0;0m▀[0m[38;2;10;35;37m[48;2;8;37;38m▀[0m[38;2;77;91;91m[48;2;141;153;159m▀[0m[38;2;172;176;174m[48;2;79;79;84m▀[0m[38;2;255;255;255m[48;2;87;86;87m▀[0m[38;2;206;206;207m[48;2;87;89;89m▀[0m[38;2;0;0;0m[48;2;101;103;101m▀[0m[38;2;164;164;168m[48;2;163;163;160m▀[0m[38;2;153;156;158m[48;2;198;198;199m▀[0m[38;2;254;255;255m[48;2;255;255;255m▀[0m[38;2;195;195;196m[48;2;232;232;233m▀[0m[38;2;0;0;0m[48;2;0;0;0m▀[0m[38;2;0;0;0m[48;2;109;112;112m▀[0m[38;2;246;246;246m[48;2;255;255;255m▀[0m[38;2;100;103;102m[48;2;79;79;81m▀[0m[38;2;0;0;0m[48;2;0;0;0m▀[0m[38;2;0;0;0m[48;2;0;0;0m▀[0m[38;2;6;6;8m[48;2;0;0;0m▀[0m[38;2;104;108;110m[48;2;0;0;0m▀[0m[38;2;173;177;178m[48;2;41;41;42m▀[0m[38;2;165;165;166m[48;2;149;151;155m▀[0m[38;2;81;81;81m[48;2;176;176;178m▀[0m[38;2;0;0;0m[48;2;164;164;164m▀[0m[38;2;0;0;0m[48;2;33;33;30m▀[0m[38;2;186;183;187m[48;2;0;0;0m▀[0m[38;2;153;151;157m[48;2;66;69;73m▀[0m[38;2;0;0;0m[48;2;255;255;255m▀[0m[38;2;0;0;0m[48;2;241;245;247m▀[0m[38;2;0;0;0m[48;2;159;163;163m▀[0m[38;2;25;25;28m[48;2;144;144;145m▀[0m[38;2;113;116;118m[48;2;34;36;41m▀[0m[38;2;102;100;106m[48;2;12;10;14m▀[0m[38;2;1;1;0m[48;2;151;151;149m▀[0m[38;2;0;0;0m[48;2;48;45;48m▀[0m
[38;2;0;0;0m[48;2;0;0;0m▀[0m[38;2;0;0;0m[48;2;0;0;0m▀[0m[38;2;0;0;0m[48;2;0;0;0m▀[0m[38;2;0;0;0m[48;2;225;225;226m▀[0m[38;2;181;178;184m[48;2;93;90;93m▀[0m[38;2;177;173;176m[48;2;0;0;0m▀[0m[38;2;0;0;0m[48;2;162;162;166m▀[0m[38;2;87;89;91m[48;2;186;186;191m▀[0m[38;2;196;196;194m[48;2;153;153;157m▀[0m[38;2;171;172;169m[48;2;24;23;23m▀[0m[38;2;100;97;97m[48;2;0;0;0m▀[0m[38;2;0;0;0m[48;2;0;0;0m▀[0m[38;2;0;0;0m[48;2;0;0;0m▀[0m[38;2;0;0;0m[48;2;0;0;0m▀[0m[38;2;0;0;0m[48;2;0;0;0m▀[0m[38;2;89;87;90m[48;2;0;0;0m▀[0m[38;2;197;200;203m[48;2;224;227;227m▀[0m[38;2;0;0;0m[48;2;104;108;103m▀[0m[38;2;108;106;108m[48;2;39;42;43m▀[0m[38;2;255;255;255m[48;2;144;151;151m▀[0m[38;2;78;83;83m[48;2;127;130;130m▀[0m[38;2;153;156;156m[48;2;82;84;84m▀[0m[38;2;179;181;183m[48;2;85;87;88m▀[0m[38;2;102;104;102m[48;2;103;103;104m▀[0m[38;2;83;87;84m[48;2;84;84;85m▀[0m[38;2;105;108;105m[48;2;14;14;18m▀[0m[38;2;130;132;137m[48;2;0;0;0m▀[0m[38;2;150;152;153m[48;2;0;0;0m▀[0m[38;2;129;136;143m[48;2;0;0;0m▀[0m[38;2;87;96;103m[48;2;1;17;18m▀[0m[38;2;52;87;88m[48;2;0;0;0m▀[0m[38;2;99;0;0m[48;2;0;0;0m▀[0m[38;2;34;1;0m[48;2;255;0;0m▀[0m[38;2;132;0;0m[48;2;255;0;0m▀[0m[38;2;255;0;0m[48;2;198;0;0m▀[0m[38;2;255;0;0m[48;2;0;0;0m▀[0m[38;2;123;0;0m[48;2;0;0;0m▀[0m[38;2;153;0;0m[48;2;0;0;0m▀[0m[38;2;255;0;0m[48;2;0;0;0m▀[0m[38;2;255;0;0m[48;2;185;0;0m▀[0m[38;2;151;0;0m[48;2;255;0;0m▀[0m[38;2;0;15;14m[48;2;255;0;0m▀[0m[38;2;0;16;15m[48;2;255;0;0m▀[0m[38;2;0;0;0m[48;2;0;0;0m▀[0m[38;2;22;45;45m[48;2;0;0;0m▀[0m[38;2;39;52;56m[48;2;0;0;0m▀[0m[38;2;70;70;78m[48;2;0;0;0m▀[0m[38;2;85;83;93m[48;2;0;0;0m▀[0m[38;2;108;105;110m[48;2;0;0;0m▀[0m[38;2;83;83;84m[48;2;28;28;33m▀[0m[38;2;73;76;73m[48;2;86;82;86m▀[0m[38;2;101;104;98m[48;2;104;104;105m▀[0m[38;2;152;155;154m[48;2;82;86;87m▀[0m[38;2;33;32;33m[48;2;66;65;65m▀[0m[38;2;255;255;255m[48;2;143;140;140m▀[0m[38;2;255;255;255m[48;2;255;255;255m▀[0m[38;2;38;38;38m[48;2;77;77;78m▀[0m[38;2;0;0;0m[48;2;68;70;70m▀[0m[38;2;0;0;0m[48;2;79;83;83m▀[0m[38;2;0;0;0m[48;2;0;0;0m▀[0m[38;2;0;0;0m[48;2;0;0;0m▀[0m[38;2;0;0;0m[48;2;104;106;106m▀[0m[38;2;0;0;0m[48;2;143;146;149m▀[0m[38;2;78;78;79m[48;2;0;0;0m▀[0m[38;2;167;167;169m[48;2;2;2;4m▀[0m[38;2;178;178;178m[48;2;146;146;149m▀[0m[38;2;105;101;101m[48;2;191;187;191m▀[0m[38;2;0;0;0m[48;2;145;145;147m▀[0m[38;2;0;0;0m[48;2;20;20;18m▀[0m[38;2;170;170;172m[48;2;0;0;0m▀[0m[38;2;102;99;101m[48;2;115;115;116m▀[0m[38;2;0;0;0m[48;2;190;189;190m▀[0m[38;2;0;0;0m[48;2;0;0;0m▀[0m[38;2;0;0;0m[48;2;0;0;0m▀[0m[38;2;0;0;0m[48;2;0;0;0m▀[0m[38;2;69;68;68m[48;2;0;0;0m▀[0m
[38;2;29;22;22m[48;2;125;117;117m▀[0m[38;2;0;0;0m[48;2;165;160;170m▀[0m[38;2;237;235;244m[48;2;0;0;0m▀[0m[38;2;19;19;21m[48;2;74;74;74m▀[0m[38;2;33;36;36m[48;2;183;183;183m▀[0m[38;2;180;183;182m[48;2;165;165;166m▀[0m[38;2;172;172;173m[48;2;60;60;61m▀[0m[38;2;117;114;118m[48;2;0;0;0m▀[0m[38;2;0;0;0m[48;2;0;0;0m▀[0m[38;2;0;0;0m[48;2;0;0;0m▀[0m[38;2;0;0;0m[48;2;0;0;0m▀[0m[38;2;173;173;173m[48;2;39;39;42m▀[0m[38;2;109;109;106m[48;2;255;255;255m▀[0m[38;2;0;0;0m[48;2;189;189;191m▀[0m[38;2;245;244;244m[48;2;162;164;164m▀[0m[38;2;32;31;31m[48;2;185;187;187m▀[0m[38;2;92;92;89m[48;2;120;127;124m▀[0m[38;2;140;144;141m[48;2;101;104;104m▀[0m[38;2;139;141;139m[48;2;51;51;51m▀[0m[38;2;97;97;97m[48;2;0;0;0m▀[0m[38;2;90;89;89m[48;2;0;0;0m▀[0m[38;2;66;70;65m[48;2;0;0;0m▀[0m[38;2;10;10;10m[48;2;14;12;7m▀[0m[38;2;0;0;0m[48;2;91;91;91m▀[0m[38;2;0;0;0m[48;2;149;151;151m▀[0m[38;2;0;0;0m[48;2;204;210;210m▀[0m[38;2;68;71;70m[48;2;212;217;213m▀[0m[38;2;156;164;164m[48;2;181;190;190m▀[0m[38;2;181;189;190m[48;2;167;176;179m▀[0m[38;2;139;177;180m[48;2;0;18;18m▀[0m[38;2;75;29;32m[48;2;244;0;0m▀[0m[38;2;255;0;0m[48;2;96;0;0m▀[0m[38;2;203;0;0m[48;2;0;19;25m▀[0m[38;2;184;0;0m[48;2;0;10;11m▀[0m[38;2;58;0;0m[48;2;252;0;0m▀[0m[38;2;0;0;0m[48;2;0;0;0m▀[0m[38;2;54;86;90m[48;2;137;168;168m▀[0m[38;2;118;155;156m[48;2;236;248;251m▀[0m[38;2;0;47;47m[48;2;151;166;168m▀[0m[38;2;0;0;0m[48;2;0;0;0m▀[0m[38;2;0;23;21m[48;2;0;15;15m▀[0m[38;2;44;6;7m[48;2;119;0;0m▀[0m[38;2;255;0;0m[48;2;255;0;0m▀[0m[38;2;255;0;0m[48;2;142;0;0m▀[0m[38;2;125;0;0m[48;2;255;0;0m▀[0m[38;2;81;149;149m[48;2;82;0;0m▀[0m[38;2;167;184;180m[48;2;138;193;196m▀[0m[38;2;108;112;112m[48;2;180;178;181m▀[0m[38;2;25;25;25m[48;2;171;171;168m▀[0m[38;2;0;0;0m[48;2;234;232;235m▀[0m[38;2;0;0;0m[48;2;160;157;160m▀[0m[38;2;0;0;0m[48;2;10;10;8m▀[0m[38;2;37;42;41m[48;2;0;0;0m▀[0m[38;2;111;110;111m[48;2;0;0;0m▀[0m[38;2;75;72;72m[48;2;10;15;14m▀[0m[38;2;58;56;48m[48;2;90;92;92m▀[0m[38;2;87;87;82m[48;2;82;82;79m▀[0m[38;2;158;157;157m[48;2;66;64;58m▀[0m[38;2;208;210;210m[48;2;139;138;136m▀[0m[38;2;158;156;159m[48;2;228;228;231m▀[0m[38;2;235;235;235m[48;2;56;55;56m▀[0m[38;2;255;255;255m[48;2;0;0;0m▀[0m[38;2;35;35;37m[48;2;0;0;0m▀[0m[38;2;0;0;0m[48;2;0;0;0m▀[0m[38;2;0;0;0m[48;2;0;0;0m▀[0m[38;2;0;0;0m[48;2;29;29;30m▀[0m[38;2;65;65;65m[48;2;0;0;0m▀[0m[38;2;178;178;180m[48;2;7;7;7m▀[0m[38;2;170;167;170m[48;2;150;152;154m▀[0m[38;2;98;100;98m[48;2;184;183;181m▀[0m[38;2;0;0;0m[48;2;151;153;151m▀[0m[38;2;31;33;34m[48;2;0;0;0m▀[0m[38;2;211;208;214m[48;2;0;0;0m▀[0m[38;2;42;42;42m[48;2;185;182;189m▀[0m[38;2;0;0;0m[48;2;85;82;85m▀[0m[38;2;0;0;0m[48;2;0;0;0m▀[0m
[38;2;181;174;173m[48;2;200;191;186m▀[0m[38;2;0;0;0m[48;2;18;21;22m▀[0m[38;2;98;97;97m[48;2;149;152;149m▀[0m[38;2;178;178;176m[48;2;169;169;170m▀[0m[38;2;174;174;172m[48;2;7;6;3m▀[0m[38;2;21;21;22m[48;2;0;0;0m▀[0m[38;2;0;0;0m[48;2;0;0;0m▀[0m[38;2;78;78;79m[48;2;252;255;255m▀[0m[38;2;0;0;0m[48;2;255;255;255m▀[0m[38;2;0;0;0m[48;2;129;132;132m▀[0m[38;2;54;52;52m[48;2;183;182;182m▀[0m[38;2;0;0;0m[48;2;123;123;119m▀[0m[38;2;95;95;96m[48;2;153;156;153m▀[0m[38;2;212;211;211m[48;2;79;82;82m▀[0m[38;2;96;99;99m[48;2;35;35;36m▀[0m[38;2;99;105;109m[48;2;0;0;0m▀[0m[38;2;24;27;29m[48;2;0;0;0m▀[0m[38;2;0;0;0m[48;2;0;0;0m▀[0m[38;2;0;0;0m[48;2;128;131;128m▀[0m[38;2;0;0;0m[48;2;226;230;226m▀[0m[38;2;70;70;58m[48;2;143;146;143m▀[0m[38;2;102;101;99m[48;2;68;71;73m▀[0m[38;2;146;149;149m[48;2;200;207;210m▀[0m[38;2;200;204;205m[48;2;255;255;255m▀[0m[38;2;199;197;200m[48;2;142;141;141m▀[0m[38;2;255;255;255m[48;2;111;115;115m▀[0m[38;2;250;250;250m[48;2;17;17;17m▀[0m[38;2;205;207;207m[48;2;3;7;7m▀[0m[38;2;192;209;209m[48;2;78;85;85m▀[0m[38;2;59;42;42m[48;2;0;0;0m▀[0m[38;2;33;0;0m[48;2;1;23;21m▀[0m[38;2;0;23;21m[48;2;3;10;6m▀[0m[38;2;11;19;18m[48;2;9;19;19m▀[0m[38;2;0;22;22m[48;2;1;22;20m▀[0m[38;2;104;0;0m[48;2;0;0;0m▀[0m[38;2;68;0;0m[48;2;42;10;10m▀[0m[38;2;255;255;255m[48;2;255;255;255m▀[0m[38;2;255;255;255m[48;2;43;46;43m▀[0m[38;2;255;255;255m[48;2;255;255;255m▀[0m[38;2;0;2;2m[48;2;5;66;68m▀[0m[38;2;3;0;0m[48;2;153;0;0m▀[0m[38;2;255;0;0m[48;2;106;0;0m▀[0m[38;2;14;16;14m[48;2;0;25;27m▀[0m[38;2;0;20;20m[48;2;0;21;20m▀[0m[38;2;73;0;0m[48;2;0;16;15m▀[0m[38;2;127;0;0m[48;2;0;0;0m▀[0m[38;2;103;157;165m[48;2;32;44;44m▀[0m[38;2;226;224;233m[48;2;79;87;87m▀[0m[38;2;110;114;117m[48;2;104;112;115m▀[0m[38;2;255;255;255m[48;2;231;233;235m▀[0m[38;2;203;206;206m[48;2;114;116;116m▀[0m[38;2;216;216;217m[48;2;254;255;255m▀[0m[38;2;232;232;232m[48;2;237;240;243m▀[0m[38;2;103;101;96m[48;2;141;141;143m▀[0m[38;2;0;0;0m[48;2;221;221;222m▀[0m[38;2;0;0;0m[48;2;136;136;136m▀[0m[38;2;0;0;0m[48;2;0;0;0m▀[0m[38;2;84;84;86m[48;2;0;0;0m▀[0m[38;2;81;79;77m[48;2;20;20;20m▀[0m[38;2;64;64;58m[48;2;119;116;116m▀[0m[38;2;123;123;123m[48;2;111;108;110m▀[0m[38;2;154;154;156m[48;2;78;81;81m▀[0m[38;2;0;0;0m[48;2;147;147;149m▀[0m[38;2;156;158;163m[48;2;255;255;255m▀[0m[38;2;81;81;88m[48;2;35;34;34m▀[0m[38;2;187;187;200m[48;2;0;0;0m▀[0m[38;2;43;43;43m[48;2;0;0;0m▀[0m[38;2;0;0;0m[48;2;0;0;0m▀[0m[38;2;0;0;0m[48;2;0;0;0m▀[0m[38;2;106;102;105m[48;2;0;0;0m▀[0m[38;2;187;183;185m[48;2;71;65;71m▀[0m[38;2;174;178;180m[48;2;187;184;187m▀[0m[38;2;11;15;15m[48;2;180;180;182m▀[0m[38;2;0;0;0m[48;2;24;24;24m▀[0m[38;2;139;136;142m[48;2;0;0;0m▀[0m[38;2;4;2;5m[48;2;28;28;28m▀[0m
[38;2;255;252;248m[48;2;255;255;255m▀[0m[38;2;15;15;12m[48;2;84;77;76m▀[0m[38;2;149;153;153m[48;2;0;0;0m▀[0m[38;2;0;0;0m[48;2;0;0;0m▀[0m[38;2;0;0;0m[48;2;4;4;4m▀[0m[38;2;0;0;0m[48;2;0;0;0m▀[0m[38;2;0;0;0m[48;2;0;0;0m▀[0m[38;2;0;0;0m[48;2;0;0;0m▀[0m[38;2;72;70;73m[48;2;49;52;51m▀[0m[38;2;255;255;255m[48;2;105;108;105m▀[0m[38;2;150;152;153m[48;2;116;112;114m▀[0m[38;2;125;124;125m[48;2;36;36;36m▀[0m[38;2;76;76;71m[48;2;0;0;0m▀[0m[38;2;0;0;0m[48;2;0;0;0m▀[0m[38;2;0;0;0m[48;2;139;141;142m▀[0m[38;2;6;5;3m[48;2;213;214;208m▀[0m[38;2;115;116;113m[48;2;253;255;251m▀[0m[38;2;217;219;220m[48;2;255;255;255m▀[0m[38;2;147;150;150m[48;2;255;255;255m▀[0m[38;2;149;152;153m[48;2;77;81;79m▀[0m[38;2;255;255;255m[48;2;0;0;0m▀[0m[38;2;149;151;151m[48;2;31;28;28m▀[0m[38;2;29;29;25m[48;2;91;91;93m▀[0m[38;2;0;0;0m[48;2;158;156;159m▀[0m[38;2;7;9;15m[48;2;255;255;255m▀[0m[38;2;0;0;0m[48;2;181;181;178m▀[0m[38;2;0;0;0m[48;2;196;196;198m▀[0m[38;2;172;172;174m[48;2;10;10;10m▀[0m[38;2;37;39;39m[48;2;0;0;0m▀[0m[38;2;55;59;62m[48;2;163;166;166m▀[0m[38;2;38;36;34m[48;2;0;0;0m▀[0m[38;2;0;3;3m[48;2;15;10;12m▀[0m[38;2;12;16;16m[48;2;17;17;14m▀[0m[38;2;19;19;17m[48;2;16;17;14m▀[0m[38;2;0;0;0m[48;2;0;0;0m▀[0m[38;2;11;23;27m[48;2;228;235;238m▀[0m[38;2;213;216;218m[48;2;146;150;150m▀[0m[38;2;0;0;0m[48;2;4;7;7m▀[0m[38;2;100;103;105m[48;2;27;30;30m▀[0m[38;2;105;123;123m[48;2;213;221;221m▀[0m[38;2;17;0;0m[48;2;0;0;0m▀[0m[38;2;0;19;15m[48;2;6;10;6m▀[0m[38;2;7;21;19m[48;2;16;20;19m▀[0m[38;2;6;16;18m[48;2;21;19;22m▀[0m[38;2;0;3;3m[48;2;0;0;0m▀[0m[38;2;75;82;85m[48;2;143;141;144m▀[0m[38;2;16;20;20m[48;2;15;17;19m▀[0m[38;2;154;156;156m[48;2;0;0;0m▀[0m[38;2;24;27;27m[48;2;157;156;156m▀[0m[38;2;0;0;0m[48;2;28;31;27m▀[0m[38;2;16;18;18m[48;2;0;0;0m▀[0m[38;2;129;130;126m[48;2;130;130;131m▀[0m[38;2;151;157;156m[48;2;77;77;78m▀[0m[38;2;48;48;46m[48;2;109;109;110m▀[0m[38;2;255;255;255m[48;2;173;176;173m▀[0m[38;2;199;199;201m[48;2;117;117;117m▀[0m[38;2;168;165;171m[48;2;0;0;0m▀[0m[38;2;120;120;120m[48;2;160;160;165m▀[0m[38;2;0;0;0m[48;2;182;182;182m▀[0m[38;2;0;0;0m[48;2;77;77;77m▀[0m[38;2;58;55;58m[48;2;0;0;0m▀[0m[38;2;101;98;98m[48;2;0;0;0m▀[0m[38;2;92;88;91m[48;2;73;72;73m▀[0m[38;2;106;111;110m[48;2;83;83;85m▀[0m[38;2;76;76;70m[48;2;136;136;137m▀[0m[38;2;22;22;19m[48;2;51;51;49m▀[0m[38;2;19;19;19m[48;2;255;255;255m▀[0m[38;2;189;189;189m[48;2;240;238;241m▀[0m[38;2;143;145;145m[48;2;0;0;0m▀[0m[38;2;0;0;0m[48;2;0;0;0m▀[0m[38;2;0;0;0m[48;2;0;0;0m▀[0m[38;2;41;41;37m[48;2;0;0;0m▀[0m[38;2;194;187;191m[48;2;19;16;16m▀[0m[38;2;174;171;176m[48;2;169;171;172m▀[0m[38;2;0;1;2m[48;2;23;25;27m▀[0m[38;2;129;120;122m[48;2;244;227;222m▀[0m
[38;2;255;255;255m[48;2;246;234;227m▀[0m[38;2;173;165;160m[48;2;255;255;255m▀[0m[38;2;0;0;0m[48;2;0;0;0m▀[0m[38;2;47;47;47m[48;2;0;0;0m▀[0m[38;2;37;41;41m[48;2;216;212;212m▀[0m[38;2;153;155;156m[48;2;143;143;141m▀[0m[38;2;158;156;159m[48;2;168;171;171m▀[0m[38;2;181;181;182m[48;2;109;112;112m▀[0m[38;2;128;131;130m[48;2;77;77;77m▀[0m[38;2;118;118;118m[48;2;0;0;0m▀[0m[38;2;0;0;0m[48;2;0;0;0m▀[0m[38;2;0;0;0m[48;2;184;184;185m▀[0m[38;2;105;105;105m[48;2;199;199;199m▀[0m[38;2;160;164;160m[48;2;101;100;101m▀[0m[38;2;172;177;176m[48;2;255;255;255m▀[0m[38;2;201;203;198m[48;2;195;194;194m▀[0m[38;2;160;163;165m[48;2;0;0;0m▀[0m[38;2;119;123;128m[48;2;0;0;0m▀[0m[38;2;48;46;52m[48;2;0;0;0m▀[0m[38;2;69;65;70m[48;2;255;255;255m▀[0m[38;2;118;112;112m[48;2;55;50;54m▀[0m[38;2;140;143;142m[48;2;172;177;178m▀[0m[38;2;180;183;184m[48;2;55;55;56m▀[0m[38;2;144;144;146m[48;2;3;0;2m▀[0m[38;2;228;228;228m[48;2;73;76;76m▀[0m[38;2;206;206;206m[48;2;180;183;183m▀[0m[38;2;54;54;56m[48;2;104;104;104m▀[0m[38;2;36;36;36m[48;2;0;0;0m▀[0m[38;2;109;109;111m[48;2;255;255;255m▀[0m[38;2;168;170;170m[48;2;110;109;109m▀[0m[38;2;0;0;0m[48;2;0;0;0m▀[0m[38;2;20;16;18m[48;2;17;16;14m▀[0m[38;2;19;15;15m[48;2;17;16;17m▀[0m[38;2;9;7;4m[48;2;0;0;0m▀[0m[38;2;0;0;0m[48;2;6;6;7m▀[0m[38;2;146;153;156m[48;2;172;172;173m▀[0m[38;2;130;132;133m[48;2;29;31;32m▀[0m[38;2;0;0;0m[48;2;0;0;0m▀[0m[38;2;8;8;8m[48;2;0;0;0m▀[0m[38;2;179;179;181m[48;2;91;95;97m▀[0m[38;2;51;54;54m[48;2;20;22;23m▀[0m[38;2;0;0;0m[48;2;0;0;0m▀[0m[38;2;24;20;20m[48;2;23;16;19m▀[0m[38;2;21;19;17m[48;2;22;15;16m▀[0m[38;2;0;0;0m[48;2;0;0;0m▀[0m[38;2;93;89;92m[48;2;69;71;71m▀[0m[38;2;143;146;146m[48;2;255;255;255m▀[0m[38;2;0;0;0m[48;2;0;0;0m▀[0m[38;2;0;0;0m[48;2;4;4;4m▀[0m[38;2;144;144;142m[48;2;108;103;106m▀[0m[38;2;147;147;152m[48;2;130;128;131m▀[0m[38;2;255;255;255m[48;2;144;146;147m▀[0m[38;2;162;162;166m[48;2;93;93;93m▀[0m[38;2;70;70;71m[48;2;142;142;142m▀[0m[38;2;102;104;105m[48;2;89;87;91m▀[0m[38;2;82;82;79m[48;2;142;142;143m▀[0m[38;2;187;187;190m[48;2;0;0;0m▀[0m[38;2;253;253;251m[48;2;83;86;86m▀[0m[38;2;220;220;222m[48;2;255;255;255m▀[0m[38;2;178;174;177m[48;2;255;255;255m▀[0m[38;2;192;192;190m[48;2;96;96;93m▀[0m[38;2;10;10;8m[48;2;194;194;195m▀[0m[38;2;0;0;0m[48;2;96;96;93m▀[0m[38;2;29;29;29m[48;2;0;0;0m▀[0m[38;2;81;81;81m[48;2;0;0;0m▀[0m[38;2;137;135;132m[48;2;29;29;30m▀[0m[38;2;199;201;199m[48;2;96;95;92m▀[0m[38;2;0;0;0m[48;2;144;141;143m▀[0m[38;2;159;163;165m[48;2;205;204;204m▀[0m[38;2;200;200;203m[48;2;73;73;73m▀[0m[38;2;31;34;33m[48;2;189;189;190m▀[0m[38;2;0;0;0m[48;2;191;192;189m▀[0m[38;2;0;0;0m[48;2;0;0;0m▀[0m[38;2;0;0;0m[48;2;0;0;0m▀[0m[38;2;82;79;74m[48;2;235;225;222m▀[0m[38;2;255;255;255m[48;2;255;252;244m▀[0m
[38;2;225;212;208m[48;2;222;206;204m▀[0m[38;2;255;255;255m[48;2;250;234;232m▀[0m[38;2;132;126;125m[48;2;234;226;225m▀[0m[38;2;0;0;0m[48;2;0;0;0m▀[0m[38;2;139;142;141m[48;2;77;76;77m▀[0m[38;2;146;150;149m[48;2;171;171;171m▀[0m[38;2;147;144;144m[48;2;48;47;44m▀[0m[38;2;61;61;58m[48;2;0;0;0m▀[0m[38;2;0;0;0m[48;2;47;47;49m▀[0m[38;2;22;22;22m[48;2;243;243;244m▀[0m[38;2;234;234;234m[48;2;142;142;142m▀[0m[38;2;131;135;135m[48;2;176;176;178m▀[0m[38;2;145;145;145m[48;2;184;184;184m▀[0m[38;2;255;255;255m[48;2;0;0;0m▀[0m[38;2;63;65;66m[48;2;56;55;56m▀[0m[38;2;0;0;0m[48;2;152;155;156m▀[0m[38;2;18;21;22m[48;2;144;144;145m▀[0m[38;2;82;82;84m[48;2;172;172;172m▀[0m[38;2;224;224;225m[48;2;245;245;243m▀[0m[38;2;0;0;0m[48;2;0;0;0m▀[0m[38;2;211;214;216m[48;2;255;255;255m▀[0m[38;2;84;87;88m[48;2;17;20;16m▀[0m[38;2;0;0;0m[48;2;0;0;0m▀[0m[38;2;69;68;68m[48;2;0;0;0m▀[0m[38;2;0;0;0m[48;2;0;0;0m▀[0m[38;2;84;86;84m[48;2;64;69;69m▀[0m[38;2;88;91;88m[48;2;135;135;135m▀[0m[38;2;0;0;0m[48;2;7;6;7m▀[0m[38;2;255;255;255m[48;2;255;255;255m▀[0m[38;2;113;115;115m[48;2;0;0;0m▀[0m[38;2;0;0;0m[48;2;0;0;0m▀[0m[38;2;14;16;14m[48;2;0;0;0m▀[0m[38;2;20;12;11m[48;2;8;4;4m▀[0m[38;2;0;0;0m[48;2;0;0;0m▀[0m[38;2;0;0;0m[48;2;30;34;37m▀[0m[38;2;0;0;1m[48;2;211;212;208m▀[0m[38;2;0;0;0m[48;2;255;255;255m▀[0m[38;2;0;0;0m[48;2;255;255;255m▀[0m[38;2;0;0;0m[48;2;255;255;255m▀[0m[38;2;0;0;0m[48;2;255;255;255m▀[0m[38;2;0;0;0m[48;2;145;151;141m▀[0m[38;2;0;0;0m[48;2;0;0;0m▀[0m[38;2;12;11;8m[48;2;0;0;0m▀[0m[38;2;16;11;10m[48;2;0;0;0m▀[0m[38;2;0;0;0m[48;2;14;12;9m▀[0m[38;2;59;62;58m[48;2;0;0;0m▀[0m[38;2;255;255;255m[48;2;223;223;225m▀[0m[38;2;6;6;6m[48;2;105;105;105m▀[0m[38;2;0;0;0m[48;2;0;0;0m▀[0m[38;2;0;3;0m[48;2;0;0;0m▀[0m[38;2;93;96;97m[48;2;158;160;162m▀[0m[38;2;124;124;122m[48;2;109;112;112m▀[0m[38;2;167;165;158m[48;2;17;19;21m▀[0m[38;2;36;36;36m[48;2;0;0;0m▀[0m[38;2;112;109;117m[48;2;0;0;0m▀[0m[38;2;36;36;37m[48;2;20;20;18m▀[0m[38;2;255;255;255m[48;2;255;255;255m▀[0m[38;2;95;95;96m[48;2;237;241;240m▀[0m[38;2;0;0;0m[48;2;0;0;0m▀[0m[38;2;154;154;156m[48;2;0;0;0m▀[0m[38;2;233;233;234m[48;2;61;61;59m▀[0m[38;2;0;0;0m[48;2;232;232;233m▀[0m[38;2;149;149;150m[48;2;255;255;255m▀[0m[38;2;169;166;168m[48;2;98;100;100m▀[0m[38;2;0;0;0m[48;2;190;190;194m▀[0m[38;2;0;0;0m[48;2;50;50;51m▀[0m[38;2;0;1;0m[48;2;0;0;0m▀[0m[38;2;114;114;112m[48;2;0;0;0m▀[0m[38;2;186;190;190m[48;2;110;110;108m▀[0m[38;2;103;103;103m[48;2;123;123;123m▀[0m[38;2;0;0;0m[48;2;131;133;133m▀[0m[38;2;86;88;90m[48;2;113;115;117m▀[0m[38;2;0;0;0m[48;2;0;0;0m▀[0m[38;2;208;199;197m[48;2;230;222;221m▀[0m[38;2;255;255;255m[48;2;253;235;230m▀[0m[38;2;230;217;213m[48;2;219;210;207m▀[0m
[38;2;222;207;210m[48;2;223;211;211m▀[0m[38;2;225;213;207m[48;2;233;221;214m▀[0m[38;2;255;253;250m[48;2;143;147;144m▀[0m[38;2;160;142;140m[48;2;255;254;250m▀[0m[38;2;56;55;52m[48;2;62;60;55m▀[0m[38;2;45;43;41m[48;2;0;0;0m▀[0m[38;2;0;0;0m[48;2;35;35;35m▀[0m[38;2;49;51;51m[48;2;217;220;220m▀[0m[38;2;246;246;248m[48;2;224;224;224m▀[0m[38;2;63;66;66m[48;2;142;142;142m▀[0m[38;2;113;113;113m[48;2;255;255;255m▀[0m[38;2;255;255;255m[48;2;132;132;132m▀[0m[38;2;54;57;57m[48;2;138;141;138m▀[0m[38;2;255;255;255m[48;2;22;22;19m▀[0m[38;2;249;246;246m[48;2;126;133;137m▀[0m[38;2;128;131;127m[48;2;0;0;0m▀[0m[38;2;89;89;86m[48;2;0;0;0m▀[0m[38;2;127;127;128m[48;2;0;0;0m▀[0m[38;2;19;19;17m[48;2;117;115;122m▀[0m[38;2;0;0;0m[48;2;147;151;152m▀[0m[38;2;15;14;14m[48;2;0;0;0m▀[0m[38;2;0;0;0m[48;2;0;0;0m▀[0m[38;2;0;0;0m[48;2;30;30;32m▀[0m[38;2;0;0;0m[48;2;60;56;60m▀[0m[38;2;0;0;0m[48;2;112;112;113m▀[0m[38;2;0;0;0m[48;2;146;149;150m▀[0m[38;2;84;88;85m[48;2;0;0;0m▀[0m[38;2;140;138;142m[48;2;191;187;190m▀[0m[38;2;255;255;255m[48;2;255;255;255m▀[0m[38;2;0;0;0m[48;2;0;0;0m▀[0m[38;2;3;2;0m[48;2;4;3;1m▀[0m[38;2;0;0;0m[48;2;1;0;1m▀[0m[38;2;0;0;0m[48;2;0;0;0m▀[0m[38;2;3;6;8m[48;2;156;162;177m▀[0m[38;2;255;255;255m[48;2;255;255;255m▀[0m[38;2;255;255;255m[48;2;255;255;255m▀[0m[38;2;255;255;255m[48;2;255;255;255m▀[0m[38;2;255;255;255m[48;2;255;246;210m▀[0m[38;2;255;255;255m[48;2;255;234;99m▀[0m[38;2;255;255;255m[48;2;255;255;158m▀[0m[38;2;255;255;255m[48;2;255;255;255m▀[0m[38;2;167;169;169m[48;2;255;255;248m▀[0m[38;2;0;0;0m[48;2;0;0;0m▀[0m[38;2;0;0;0m[48;2;0;0;0m▀[0m[38;2;6;7;4m[48;2;6;6;4m▀[0m[38;2;0;0;0m[48;2;0;0;0m▀[0m[38;2;116;117;114m[48;2;42;41;37m▀[0m[38;2;158;156;160m[48;2;153;155;156m▀[0m[38;2;10;10;10m[48;2;157;157;157m▀[0m[38;2;211;211;213m[48;2;155;157;158m▀[0m[38;2;41;44;44m[48;2;6;5;6m▀[0m[38;2;0;0;0m[48;2;0;0;0m▀[0m[38;2;0;0;0m[48;2;0;0;0m▀[0m[38;2;0;0;0m[48;2;0;0;0m▀[0m[38;2;0;0;0m[48;2;0;0;0m▀[0m[38;2;0;0;0m[48;2;0;0;0m▀[0m[38;2;129;126;130m[48;2;102;102;103m▀[0m[38;2;191;193;194m[48;2;49;48;49m▀[0m[38;2;101;101;102m[48;2;0;0;0m▀[0m[38;2;147;147;150m[48;2;66;63;66m▀[0m[38;2;73;73;74m[48;2;51;51;52m▀[0m[38;2;144;146;147m[48;2;0;0;0m▀[0m[38;2;255;255;255m[48;2;85;88;87m▀[0m[38;2;255;255;255m[48;2;255;255;255m▀[0m[38;2;81;81;82m[48;2;255;255;255m▀[0m[38;2;160;164;168m[48;2;10;12;12m▀[0m[38;2;73;73;74m[48;2;240;240;241m▀[0m[38;2;0;0;0m[48;2;55;51;54m▀[0m[38;2;0;0;0m[48;2;0;0;0m▀[0m[38;2;125;125;125m[48;2;0;0;0m▀[0m[38;2;173;176;176m[48;2;111;113;117m▀[0m[38;2;0;0;0m[48;2;0;0;0m▀[0m[38;2;56;49;51m[48;2;208;196;192m▀[0m[38;2;205;193;184m[48;2;241;230;219m▀[0m[38;2;243;230;223m[48;2;222;212;208m▀[0m[38;2;214;206;203m[48;2;217;205;205m▀[0m
[38;2;217;205;198m[48;2;212;199;195m▀[0m[38;2;255;240;235m[48;2;255;246;244m▀[0m[38;2;85;84;84m[48;2;70;62;65m▀[0m[38;2;130;130;124m[48;2;88;87;85m▀[0m[38;2;174;167;162m[48;2;210;201;196m▀[0m[38;2;0;0;0m[48;2;23;28;32m▀[0m[38;2;194;197;199m[48;2;85;85;87m▀[0m[38;2;124;124;126m[48;2;42;42;42m▀[0m[38;2;198;198;198m[48;2;220;220;220m▀[0m[38;2;248;248;248m[48;2;0;0;0m▀[0m[38;2;54;54;54m[48;2;0;0;0m▀[0m[38;2;0;0;0m[48;2;0;0;0m▀[0m[38;2;0;0;0m[48;2;16;19;19m▀[0m[38;2;0;0;0m[48;2;54;54;54m▀[0m[38;2;241;245;250m[48;2;88;84;84m▀[0m[38;2;60;60;57m[48;2;142;139;142m▀[0m[38;2;11;11;11m[48;2;138;140;138m▀[0m[38;2;69;69;69m[48;2;144;141;141m▀[0m[38;2;181;179;182m[48;2;116;116;116m▀[0m[38;2;131;131;132m[48;2;124;120;124m▀[0m[38;2;115;117;119m[48;2;138;137;137m▀[0m[38;2;129;131;131m[48;2;129;133;130m▀[0m[38;2;142;142;140m[48;2;84;88;85m▀[0m[38;2;95;96;92m[48;2;115;117;117m▀[0m[38;2;236;237;234m[48;2;236;238;238m▀[0m[38;2;255;255;255m[48;2;49;52;52m▀[0m[38;2;0;0;0m[48;2;0;0;0m▀[0m[38;2;225;225;227m[48;2;255;255;255m▀[0m[38;2;89;91;89m[48;2;57;58;55m▀[0m[38;2;0;0;0m[48;2;0;0;0m▀[0m[38;2;6;0;3m[48;2;6;2;4m▀[0m[38;2;0;0;0m[48;2;0;0;0m▀[0m[38;2;1;4;12m[48;2;113;109;74m▀[0m[38;2;255;255;255m[48;2;255;255;172m▀[0m[38;2;255;255;204m[48;2;255;255;137m▀[0m[38;2;255;255;172m[48;2;239;207;111m▀[0m[38;2;255;255;251m[48;2;255;255;255m▀[0m[38;2;255;228;119m[48;2;255;247;137m▀[0m[38;2;255;253;145m[48;2;255;226;132m▀[0m[38;2;255;255;132m[48;2;255;255;159m▀[0m[38;2;255;255;181m[48;2;255;234;126m▀[0m[38;2;255;255;248m[48;2;255;255;169m▀[0m[38;2;27;14;7m[48;2;136;112;66m▀[0m[38;2;0;0;0m[48;2;0;0;0m▀[0m[38;2;10;4;6m[48;2;0;0;0m▀[0m[38;2;0;0;0m[48;2;0;0;0m▀[0m[38;2;0;0;0m[48;2;14;14;11m▀[0m[38;2;133;136;137m[48;2;56;58;58m▀[0m[38;2;0;0;0m[48;2;22;19;19m▀[0m[38;2;20;20;20m[48;2;0;0;0m▀[0m[38;2;255;255;255m[48;2;74;74;75m▀[0m[38;2;244;247;244m[48;2;255;255;255m▀[0m[38;2;123;126;123m[48;2;227;231;231m▀[0m[38;2;102;101;101m[48;2;225;230;230m▀[0m[38;2;128;128;128m[48;2;126;130;130m▀[0m[38;2;113;113;114m[48;2;0;0;0m▀[0m[38;2;87;87;87m[48;2;0;0;0m▀[0m[38;2;255;255;255m[48;2;41;41;41m▀[0m[38;2;160;159;159m[48;2;157;156;153m▀[0m[38;2;238;234;238m[48;2;166;166;168m▀[0m[38;2;146;146;144m[48;2;43;41;44m▀[0m[38;2;0;0;0m[48;2;48;45;48m▀[0m[38;2;0;0;0m[48;2;14;17;17m▀[0m[38;2;0;0;0m[48;2;0;0;0m▀[0m[38;2;111;111;108m[48;2;0;0;0m▀[0m[38;2;255;255;255m[48;2;41;44;46m▀[0m[38;2;255;255;255m[48;2;255;255;255m▀[0m[38;2;255;255;255m[48;2;85;85;85m▀[0m[38;2;60;60;60m[48;2;233;232;228m▀[0m[38;2;0;0;0m[48;2;56;51;51m▀[0m[38;2;0;0;0m[48;2;0;0;0m▀[0m[38;2;37;35;38m[48;2;165;163;159m▀[0m[38;2;255;255;252m[48;2;255;251;238m▀[0m[38;2;227;216;209m[48;2;219;200;196m▀[0m[38;2;223;211;208m[48;2;218;209;204m▀[0m[38;2;219;204;204m[48;2;224;212;212m▀[0m
[38;2;214;199;195m[48;2;223;213;211m▀[0m[38;2;250;237;234m[48;2;217;208;208m▀[0m[38;2;7;8;5m[48;2;133;129;123m▀[0m[38;2;185;171;173m[48;2;255;255;255m▀[0m[38;2;203;187;186m[48;2;183;174;172m▀[0m[38;2;0;0;0m[48;2;0;3;3m▀[0m[38;2;0;0;0m[48;2;206;206;207m▀[0m[38;2;255;255;255m[48;2;139;139;140m▀[0m[38;2;114;117;117m[48;2;27;30;30m▀[0m[38;2;76;76;74m[48;2;32;32;33m▀[0m[38;2;128;128;126m[48;2;255;255;255m▀[0m[38;2;156;156;154m[48;2;0;0;0m▀[0m[38;2;131;131;132m[48;2;0;0;0m▀[0m[38;2;90;90;92m[48;2;0;0;0m▀[0m[38;2;110;110;111m[48;2;86;86;86m▀[0m[38;2;125;127;127m[48;2;12;12;12m▀[0m[38;2;158;159;155m[48;2;0;0;0m▀[0m[38;2;136;135;135m[48;2;0;0;0m▀[0m[38;2;90;87;87m[48;2;0;0;0m▀[0m[38;2;39;43;44m[48;2;0;0;0m▀[0m[38;2;0;0;0m[48;2;0;0;0m▀[0m[38;2;0;0;0m[48;2;173;172;172m▀[0m[38;2;76;78;78m[48;2;88;88;88m▀[0m[38;2;245;247;247m[48;2;123;123;123m▀[0m[38;2;0;0;0m[48;2;59;61;61m▀[0m[38;2;0;0;0m[48;2;31;34;34m▀[0m[38;2;0;0;0m[48;2;130;132;132m▀[0m[38;2;255;255;255m[48;2;255;255;255m▀[0m[38;2;50;50;50m[48;2;0;0;0m▀[0m[38;2;0;0;0m[48;2;78;78;81m▀[0m[38;2;0;0;0m[48;2;11;12;33m▀[0m[38;2;0;0;0m[48;2;0;0;0m▀[0m[38;2;210;192;109m[48;2;255;255;154m▀[0m[38;2;255;255;186m[48;2;255;255;191m▀[0m[38;2;223;203;127m[48;2;105;92;58m▀[0m[38;2;196;164;88m[48;2;193;160;88m▀[0m[38;2;162;163;184m[48;2;241;245;240m▀[0m[38;2;255;250;145m[48;2;255;255;172m▀[0m[38;2;152;136;77m[48;2;88;71;49m▀[0m[38;2;255;255;169m[48;2;255;244;156m▀[0m[38;2;211;191;110m[48;2;255;255;146m▀[0m[38;2;255;249;143m[48;2;255;232;128m▀[0m[38;2;199;174;92m[48;2;255;255;141m▀[0m[38;2;0;0;0m[48;2;51;55;63m▀[0m[38;2;147;154;164m[48;2;63;73;90m▀[0m[38;2;99;102;108m[48;2;90;97;101m▀[0m[38;2;151;150;147m[48;2;12;15;15m▀[0m[38;2;66;65;65m[48;2;78;81;78m▀[0m[38;2;0;0;0m[48;2;19;21;21m▀[0m[38;2;135;131;131m[48;2;82;86;89m▀[0m[38;2;0;0;0m[48;2;168;170;170m▀[0m[38;2;0;0;0m[48;2;0;0;0m▀[0m[38;2;0;0;0m[48;2;0;0;0m▀[0m[38;2;109;106;110m[48;2;0;0;0m▀[0m[38;2;184;187;189m[48;2;0;0;0m▀[0m[38;2;150;153;153m[48;2;17;17;17m▀[0m[38;2;100;103;102m[48;2;101;101;102m▀[0m[38;2;5;5;5m[48;2;184;184;184m▀[0m[38;2;0;0;0m[48;2;209;209;210m▀[0m[38;2;73;73;74m[48;2;199;199;200m▀[0m[38;2;185;189;187m[48;2;255;255;255m▀[0m[38;2;0;0;0m[48;2;8;10;10m▀[0m[38;2;84;81;84m[48;2;112;115;115m▀[0m[38;2;120;122;118m[48;2;74;73;73m▀[0m[38;2;113;112;109m[48;2;150;150;151m▀[0m[38;2;18;18;15m[48;2;146;146;144m▀[0m[38;2;178;178;178m[48;2;89;89;89m▀[0m[38;2;210;213;213m[48;2;255;255;255m▀[0m[38;2;0;0;0m[48;2;138;141;142m▀[0m[38;2;174;171;171m[48;2;0;0;0m▀[0m[38;2;0;0;0m[48;2;208;200;193m▀[0m[38;2;255;254;249m[48;2;255;236;231m▀[0m[38;2;227;214;204m[48;2;216;201;194m▀[0m[38;2;219;206;199m[48;2;220;204;199m▀[0m[38;2;234;222;219m[48;2;255;244;238m▀[0m[38;2;193;183;184m[48;2;69;69;65m▀[0m
[38;2;255;255;253m[48;2;106;97;95m▀[0m[38;2;255;252;249m[48;2;219;204;203m▀[0m[38;2;255;255;255m[48;2;219;210;208m▀[0m[38;2;190;178;169m[48;2;139;137;140m▀[0m[38;2;184;170;169m[48;2;251;232;239m▀[0m[38;2;189;186;193m[48;2;32;24;28m▀[0m[38;2;211;218;222m[48;2;0;0;0m▀[0m[38;2;119;119;117m[48;2;149;149;150m▀[0m[38;2;224;221;224m[48;2;69;69;69m▀[0m[38;2;0;0;0m[48;2;157;157;158m▀[0m[38;2;51;55;55m[48;2;160;160;162m▀[0m[38;2;133;133;135m[48;2;83;83;81m▀[0m[38;2;208;208;209m[48;2;0;0;0m▀[0m[38;2;186;190;190m[48;2;0;0;0m▀[0m[38;2;74;74;74m[48;2;0;0;0m▀[0m[38;2;0;0;0m[48;2;0;0;0m▀[0m[38;2;0;0;0m[48;2;0;0;0m▀[0m[38;2;0;0;0m[48;2;0;0;0m▀[0m[38;2;0;0;0m[48;2;0;0;0m▀[0m[38;2;0;0;0m[48;2;211;210;208m▀[0m[38;2;227;226;226m[48;2;129;129;129m▀[0m[38;2;64;63;63m[48;2;0;0;0m▀[0m[38;2;0;0;0m[48;2;0;0;0m▀[0m[38;2;0;0;0m[48;2;1;0;0m▀[0m[38;2;63;61;64m[48;2;180;180;178m▀[0m[38;2;102;105;105m[48;2;136;138;140m▀[0m[38;2;162;164;166m[48;2;255;255;255m▀[0m[38;2;255;255;255m[48;2;255;255;255m▀[0m[38;2;34;36;41m[48;2;84;87;89m▀[0m[38;2;130;132;133m[48;2;20;38;44m▀[0m[38;2;57;61;85m[48;2;0;0;4m▀[0m[38;2;69;64;41m[48;2;189;163;111m▀[0m[38;2;255;255;171m[48;2;246;223;97m▀[0m[38;2;255;255;157m[48;2;255;241;138m▀[0m[38;2;124;103;98m[48;2;185;144;153m▀[0m[38;2;214;183;102m[48;2;236;203;136m▀[0m[38;2;185;178;166m[48;2;58;54;44m▀[0m[38;2;255;255;244m[48;2;255;255;247m▀[0m[38;2;178;144;102m[48;2;0;0;0m▀[0m[38;2;190;163;129m[48;2;88;82;65m▀[0m[38;2;237;217;142m[48;2;236;196;142m▀[0m[38;2;182;166;109m[48;2;157;120;101m▀[0m[38;2;255;255;147m[48;2;245;230;151m▀[0m[38;2;140;125;82m[48;2;218;199;130m▀[0m[38;2;255;214;206m[48;2;255;255;255m▀[0m[38;2;100;93;88m[48;2;230;190;167m▀[0m[38;2;31;43;46m[48;2;0;9;16m▀[0m[38;2;0;0;0m[48;2;11;24;32m▀[0m[38;2;69;69;70m[48;2;0;0;0m▀[0m[38;2;220;223;225m[48;2;255;255;255m▀[0m[38;2;104;106;106m[48;2;178;178;180m▀[0m[38;2;33;32;32m[48;2;55;55;55m▀[0m[38;2;0;0;0m[48;2;0;0;0m▀[0m[38;2;0;0;0m[48;2;0;0;0m▀[0m[38;2;0;0;0m[48;2;0;0;0m▀[0m[38;2;0;0;0m[48;2;0;0;0m▀[0m[38;2;0;0;0m[48;2;0;0;0m▀[0m[38;2;0;0;0m[48;2;0;0;0m▀[0m[38;2;0;0;0m[48;2;0;0;0m▀[0m[38;2;7;7;8m[48;2;0;0;0m▀[0m[38;2;50;50;48m[48;2;0;0;0m▀[0m[38;2;149;146;150m[48;2;0;0;0m▀[0m[38;2;182;185;187m[48;2;0;0;0m▀[0m[38;2;186;184;187m[48;2;0;0;0m▀[0m[38;2;168;168;166m[48;2;10;10;8m▀[0m[38;2;127;124;126m[48;2;83;81;78m▀[0m[38;2;111;113;114m[48;2;181;183;181m▀[0m[38;2;51;54;59m[48;2;124;124;128m▀[0m[38;2;152;152;159m[48;2;0;0;0m▀[0m[38;2;66;60;60m[48;2;247;232;230m▀[0m[38;2;255;251;246m[48;2;232;217;214m▀[0m[38;2;221;208;204m[48;2;221;209;201m▀[0m[38;2;219;207;198m[48;2;218;205;200m▀[0m[38;2;230;217;212m[48;2;244;231;224m▀[0m[38;2;246;231;225m[48;2;221;208;201m▀[0m[38;2;38;41;41m[48;2;0;0;0m▀[0m
[38;2;0;0;0m[48;2;0;0;0m▀[0m[38;2;0;0;0m[48;2;135;139;140m▀[0m[38;2;0;0;0m[48;2;0;0;1m▀[0m[38;2;21;23;24m[48;2;29;32;31m▀[0m[38;2;0;0;0m[48;2;255;255;255m▀[0m[38;2;168;171;180m[48;2;157;163;171m▀[0m[38;2;72;75;74m[48;2;159;157;162m▀[0m[38;2;0;0;0m[48;2;144;143;144m▀[0m[38;2;12;16;15m[48;2;180;180;184m▀[0m[38;2;136;136;133m[48;2;191;194;195m▀[0m[38;2;104;108;108m[48;2;193;196;196m▀[0m[38;2;113;116;113m[48;2;196;196;198m▀[0m[38;2;152;155;152m[48;2;198;198;199m▀[0m[38;2;176;176;176m[48;2;194;196;196m▀[0m[38;2;160;160;160m[48;2;195;197;197m▀[0m[38;2;163;163;159m[48;2;194;197;199m▀[0m[38;2;142;139;139m[48;2;193;196;198m▀[0m[38;2;162;163;159m[48;2;184;184;184m▀[0m[38;2;255;255;255m[48;2;168;171;168m▀[0m[38;2;222;226;227m[48;2;153;159;156m▀[0m[38;2;195;203;203m[48;2;163;165;165m▀[0m[38;2;180;187;187m[48;2;174;178;178m▀[0m[38;2;255;255;255m[48;2;214;219;220m▀[0m[38;2;194;196;196m[48;2;180;183;183m▀[0m[38;2;32;32;32m[48;2;79;79;82m▀[0m[38;2;244;247;252m[48;2;158;158;160m▀[0m[38;2;251;253;255m[48;2;14;22;28m▀[0m[38;2;0;0;2m[48;2;0;0;0m▀[0m[38;2;0;0;0m[48;2;77;81;77m▀[0m[38;2;86;70;63m[48;2;255;255;244m▀[0m[38;2;255;217;196m[48;2;255;233;211m▀[0m[38;2;178;155;99m[48;2;162;149;93m▀[0m[38;2;92;97;79m[48;2;78;89;113m▀[0m[38;2;41;46;34m[48;2;0;0;0m▀[0m[38;2;0;0;0m[48;2;0;0;0m▀[0m[38;2;1;2;0m[48;2;0;0;0m▀[0m[38;2;0;0;0m[48;2;0;0;0m▀[0m[38;2;0;0;0m[48;2;0;0;0m▀[0m[38;2;0;0;0m[48;2;0;0;0m▀[0m[38;2;0;0;0m[48;2;0;0;0m▀[0m[38;2;0;0;0m[48;2;0;0;0m▀[0m[38;2;0;0;0m[48;2;0;0;0m▀[0m[38;2;122;116;87m[48;2;0;0;0m▀[0m[38;2;140;126;77m[48;2;0;0;0m▀[0m[38;2;255;214;204m[48;2;247;208;189m▀[0m[38;2;255;255;236m[48;2;255;240;220m▀[0m[38;2;217;176;151m[48;2;255;255;236m▀[0m[38;2;75;69;69m[48;2;234;192;170m▀[0m[38;2;0;9;20m[48;2;15;0;0m▀[0m[38;2;49;58;62m[48;2;135;133;135m▀[0m[38;2;106;109;113m[48;2;255;255;255m▀[0m[38;2;216;218;218m[48;2;159;166;171m▀[0m[38;2;167;164;167m[48;2;151;150;151m▀[0m[38;2;167;167;168m[48;2;141;144;145m▀[0m[38;2;165;163;169m[48;2;192;195;197m▀[0m[38;2;180;182;184m[48;2;114;117;116m▀[0m[38;2;180;180;181m[48;2;130;133;132m▀[0m[38;2;165;165;166m[48;2;139;139;137m▀[0m[38;2;162;162;166m[48;2;142;142;143m▀[0m[38;2;157;160;162m[48;2;135;135;137m▀[0m[38;2;158;158;164m[48;2;122;122;124m▀[0m[38;2;177;179;181m[48;2;170;177;176m▀[0m[38;2;149;150;146m[48;2;153;153;153m▀[0m[38;2;140;142;142m[48;2;136;136;136m▀[0m[38;2;147;147;150m[48;2;142;144;146m▀[0m[38;2;135;135;137m[48;2;137;140;141m▀[0m[38;2;145;147;149m[48;2;136;143;142m▀[0m[38;2;149;151;153m[48;2;153;156;162m▀[0m[38;2;84;79;76m[48;2;128;122;124m▀[0m[38;2;255;255;253m[48;2;223;217;216m▀[0m[38;2;240;225;223m[48;2;154;147;144m▀[0m[38;2;225;212;200m[48;2;251;239;231m▀[0m[38;2;223;208;204m[48;2;244;225;220m▀[0m[38;2;255;250;246m[48;2;255;255;255m▀[0m[38;2;178;169;166m[48;2;19;16;16m▀[0m[38;2;0;0;0m[48;2;25;33;33m▀[0m
[38;2;23;27;25m[48;2;124;127;126m▀[0m[38;2;149;147;149m[48;2;183;186;185m▀[0m[38;2;115;118;119m[48;2;255;255;255m▀[0m[38;2;0;0;0m[48;2;0;0;0m▀[0m[38;2;255;255;255m[48;2;0;0;0m▀[0m[38;2;89;93;97m[48;2;255;255;255m▀[0m[38;2;3;2;3m[48;2;151;149;152m▀[0m[38;2;4;3;3m[48;2;45;42;44m▀[0m[38;2;0;0;0m[48;2;127;125;128m▀[0m[38;2;0;0;0m[48;2;79;79;82m▀[0m[38;2;0;0;0m[48;2;0;0;0m▀[0m[38;2;0;0;0m[48;2;0;0;0m▀[0m[38;2;0;0;0m[48;2;0;0;0m▀[0m[38;2;0;0;0m[48;2;0;0;0m▀[0m[38;2;0;0;0m[48;2;0;0;0m▀[0m[38;2;0;0;0m[48;2;0;0;0m▀[0m[38;2;0;0;0m[48;2;0;0;0m▀[0m[38;2;0;0;0m[48;2;0;0;0m▀[0m[38;2;0;0;0m[48;2;0;0;0m▀[0m[38;2;0;0;0m[48;2;0;0;0m▀[0m[38;2;0;0;0m[48;2;0;0;0m▀[0m[38;2;0;0;0m[48;2;68;65;69m▀[0m[38;2;0;0;0m[48;2;237;240;249m▀[0m[38;2;165;168;177m[48;2;138;151;158m▀[0m[38;2;158;158;163m[48;2;0;0;0m▀[0m[38;2;0;0;0m[48;2;64;78;86m▀[0m[38;2;255;255;255m[48;2;255;255;255m▀[0m[38;2;140;131;124m[48;2;255;224;197m▀[0m[38;2;206;166;143m[48;2;255;223;199m▀[0m[38;2;255;254;233m[48;2;255;251;230m▀[0m[38;2;211;170;158m[48;2;132;101;101m▀[0m[38;2;192;183;102m[48;2;106;111;45m▀[0m[38;2;171;187;196m[48;2;157;155;145m▀[0m[38;2;0;0;0m[48;2;72;17;15m▀[0m[38;2;0;0;0m[48;2;244;135;108m▀[0m[38;2;0;0;0m[48;2;255;200;170m▀[0m[38;2;118;73;68m[48;2;255;253;218m▀[0m[38;2;255;255;255m[48;2;255;251;223m▀[0m[38;2;255;204;171m[48;2;255;255;214m▀[0m[38;2;109;47;36m[48;2;255;240;195m▀[0m[38;2;0;0;0m[48;2;255;228;190m▀[0m[38;2;0;0;0m[48;2;255;158;126m▀[0m[38;2;0;0;0m[48;2;181;90;81m▀[0m[38;2;0;0;0m[48;2;44;3;0m▀[0m[38;2;179;155;141m[48;2;131;118;98m▀[0m[38;2;255;251;230m[48;2;255;249;225m▀[0m[38;2;248;212;193m[48;2;248;208;185m▀[0m[38;2;255;226;204m[48;2;244;203;178m▀[0m[38;2;255;243;216m[48;2;255;246;214m▀[0m[38;2;137;128;123m[48;2;109;99;91m▀[0m[38;2;255;255;255m[48;2;82;79;73m▀[0m[38;2;117;117;117m[48;2;255;255;255m▀[0m[38;2;0;0;0m[48;2;255;255;255m▀[0m[38;2;0;0;0m[48;2;35;38;38m▀[0m[38;2;48;54;62m[48;2;0;0;0m▀[0m[38;2;110;113;114m[48;2;34;34;35m▀[0m[38;2;0;0;0m[48;2;247;243;247m▀[0m[38;2;0;0;0m[48;2;81;81;78m▀[0m[38;2;0;0;0m[48;2;0;0;0m▀[0m[38;2;0;0;0m[48;2;0;0;0m▀[0m[38;2;0;0;0m[48;2;0;0;0m▀[0m[38;2;0;0;0m[48;2;0;0;0m▀[0m[38;2;0;0;0m[48;2;0;0;0m▀[0m[38;2;0;0;0m[48;2;0;0;0m▀[0m[38;2;0;0;0m[48;2;0;0;0m▀[0m[38;2;0;0;0m[48;2;0;0;0m▀[0m[38;2;0;0;0m[48;2;27;27;27m▀[0m[38;2;3;6;5m[48;2;17;21;24m▀[0m[38;2;158;149;149m[48;2;81;74;74m▀[0m[38;2;192;178;180m[48;2;126;119;118m▀[0m[38;2;97;89;88m[48;2;93;89;88m▀[0m[38;2;236;226;222m[48;2;193;185;184m▀[0m[38;2;220;205;205m[48;2;21;18;18m▀[0m[38;2;136;126;122m[48;2;150;153;157m▀[0m[38;2;56;60;60m[48;2;255;255;255m▀[0m[38;2;0;0;0m[48;2;72;74;74m▀[0m
[38;2;68;71;70m[48;2;151;154;153m▀[0m[38;2;255;255;255m[48;2;83;86;85m▀[0m[38;2;88;88;89m[48;2;70;70;72m▀[0m[38;2;118;117;117m[48;2;135;138;137m▀[0m[38;2;14;14;15m[48;2;33;35;35m▀[0m[38;2;79;79;79m[48;2;14;14;16m▀[0m[38;2;255;255;255m[48;2;152;155;154m▀[0m[38;2;0;0;0m[48;2;255;255;255m▀[0m[38;2;0;0;0m[48;2;0;0;0m▀[0m[38;2;123;123;128m[48;2;0;0;0m▀[0m[38;2;178;178;180m[48;2;0;0;0m▀[0m[38;2;146;146;146m[48;2;92;92;95m▀[0m[38;2;34;34;34m[48;2;155;155;155m▀[0m[38;2;0;0;0m[48;2;140;140;135m▀[0m[38;2;0;0;0m[48;2;100;100;100m▀[0m[38;2;0;0;0m[48;2;104;104;104m▀[0m[38;2;0;0;0m[48;2;24;24;24m▀[0m[38;2;0;0;0m[48;2;0;0;0m▀[0m[38;2;0;0;0m[48;2;59;58;59m▀[0m[38;2;0;0;0m[48;2;235;237;238m▀[0m[38;2;187;185;192m[48;2;96;98;98m▀[0m[38;2;194;196;198m[48;2;0;0;0m▀[0m[38;2;0;0;0m[48;2;145;74;62m▀[0m[38;2;0;0;0m[48;2;255;231;199m▀[0m[38;2;0;0;0m[48;2;255;131;102m▀[0m[38;2;151;151;152m[48;2;207;187;179m▀[0m[38;2;255;255;235m[48;2;255;239;213m▀[0m[38;2;241;200;176m[48;2;245;204;180m▀[0m[38;2;241;200;180m[48;2;243;203;183m▀[0m[38;2;255;241;225m[48;2;255;220;205m▀[0m[38;2;108;84;71m[48;2;155;129;89m▀[0m[38;2;6;8;0m[48;2;145;137;49m▀[0m[38;2;252;251;241m[48;2;252;255;255m▀[0m[38;2;255;255;255m[48;2;159;116;103m▀[0m[38;2;255;169;137m[48;2;74;106;106m▀[0m[38;2;255;230;204m[48;2;43;69;77m▀[0m[38;2;255;255;231m[48;2;86;111;124m▀[0m[38;2;255;255;249m[48;2;48;78;91m▀[0m[38;2;255;255;235m[48;2;11;48;63m▀[0m[38;2;255;218;190m[48;2;93;135;152m▀[0m[38;2;214;157;138m[48;2;0;0;1m▀[0m[38;2;255;187;150m[48;2;68;101;102m▀[0m[38;2;255;255;244m[48;2;154;115;111m▀[0m[38;2;239;154;119m[48;2;204;157;128m▀[0m[38;2;88;82;58m[48;2;82;82;33m▀[0m[38;2;255;243;221m[48;2;255;221;205m▀[0m[38;2;247;208;186m[48;2;249;210;191m▀[0m[38;2;239;198;178m[48;2;241;201;182m▀[0m[38;2;255;236;210m[48;2;255;221;203m▀[0m[38;2;176;155;140m[48;2;236;205;184m▀[0m[38;2;95;7;0m[48;2;132;97;77m▀[0m[38;2;232;103;70m[48;2;0;0;0m▀[0m[38;2;193;120;104m[48;2;0;0;0m▀[0m[38;2;139;145;150m[48;2;0;0;0m▀[0m[38;2;212;214;219m[48;2;0;0;0m▀[0m[38;2;70;70;68m[48;2;145;149;147m▀[0m[38;2;11;15;17m[48;2;183;183;185m▀[0m[38;2;238;238;239m[48;2;96;96;96m▀[0m[38;2;144;144;144m[48;2;139;139;139m▀[0m[38;2;136;136;136m[48;2;0;0;0m▀[0m[38;2;106;106;106m[48;2;6;6;6m▀[0m[38;2;0;0;0m[48;2;65;69;68m▀[0m[38;2;0;3;0m[48;2;145;144;145m▀[0m[38;2;51;51;52m[48;2;163;163;163m▀[0m[38;2;104;104;104m[48;2;82;82;79m▀[0m[38;2;133;137;137m[48;2;6;6;6m▀[0m[38;2;102;105;105m[48;2;0;0;0m▀[0m[38;2;56;58;56m[48;2;200;203;204m▀[0m[38;2;240;243;243m[48;2;255;255;255m▀[0m[38;2;11;15;15m[48;2;0;0;0m▀[0m[38;2;0;0;0m[48;2;119;119;122m▀[0m[38;2;14;16;16m[48;2;52;55;55m▀[0m[38;2;88;96;96m[48;2;141;141;139m▀[0m[38;2;158;160;163m[48;2;33;33;33m▀[0m[38;2;204;206;207m[48;2;104;104;104m▀[0m[38;2;163;165;165m[48;2;48;45;45m▀[0m
[38;2;255;255;255m[48;2;156;154;157m▀[0m[38;2;0;0;0m[48;2;0;0;0m▀[0m[38;2;43;46;46m[48;2;0;0;0m▀[0m[38;2;233;233;231m[48;2;255;255;255m▀[0m[38;2;0;0;0m[48;2;0;0;0m▀[0m[38;2;120;117;124m[48;2;57;54;60m▀[0m[38;2;0;0;0m[48;2;16;15;16m▀[0m[38;2;255;255;255m[48;2;0;0;0m▀[0m[38;2;212;208;210m[48;2;255;255;255m▀[0m[38;2;0;0;0m[48;2;127;128;124m▀[0m[38;2;0;0;0m[48;2;0;0;0m▀[0m[38;2;0;0;0m[48;2;0;0;0m▀[0m[38;2;0;0;0m[48;2;0;0;0m▀[0m[38;2;73;73;74m[48;2;0;0;0m▀[0m[38;2;112;109;112m[48;2;0;0;0m▀[0m[38;2;82;82;82m[48;2;11;11;11m▀[0m[38;2;59;59;59m[48;2;255;255;255m▀[0m[38;2;190;193;190m[48;2;255;255;255m▀[0m[38;2;255;255;255m[48;2;0;0;0m▀[0m[38;2;0;0;0m[48;2;0;0;0m▀[0m[38;2;0;0;0m[48;2;0;0;0m▀[0m[38;2;0;0;0m[48;2;0;0;0m▀[0m[38;2;8;0;0m[48;2;0;0;0m▀[0m[38;2;93;19;10m[48;2;0;8;16m▀[0m[38;2;117;34;22m[48;2;0;0;0m▀[0m[38;2;230;213;207m[48;2;243;203;185m▀[0m[38;2;255;226;208m[48;2;255;221;204m▀[0m[38;2;240;204;179m[48;2;240;207;182m▀[0m[38;2;246;207;185m[48;2;255;214;197m▀[0m[38;2;247;200;201m[48;2;233;190;197m▀[0m[38;2;199;178;124m[48;2;166;153;89m▀[0m[38;2;243;222;103m[48;2;255;255;140m▀[0m[38;2;63;79;100m[48;2;0;0;0m▀[0m[38;2;0;0;0m[48;2;21;18;25m▀[0m[38;2;2;25;30m[48;2;99;89;83m▀[0m[38;2;0;0;0m[48;2;164;137;122m▀[0m[38;2;0;0;0m[48;2;219;169;149m▀[0m[38;2;0;0;0m[48;2;255;217;187m▀[0m[38;2;0;0;0m[48;2;255;254;237m▀[0m[38;2;4;23;33m[48;2;234;184;160m▀[0m[38;2;0;0;0m[48;2;191;167;158m▀[0m[38;2;39;66;74m[48;2;182;164;162m▀[0m[38;2;0;0;0m[48;2;0;0;0m▀[0m[38;2;30;25;14m[48;2;10;11;1m▀[0m[38;2;176;164;82m[48;2;227;211;115m▀[0m[38;2;196;164;159m[48;2;168;141;129m▀[0m[38;2;255;224;204m[48;2;255;225;214m▀[0m[38;2;241;203;184m[48;2;240;201;183m▀[0m[38;2;248;209;187m[48;2;246;206;184m▀[0m[38;2;255;243;218m[48;2;255;240;207m▀[0m[38;2;27;23;25m[48;2;137;118;108m▀[0m[38;2;0;0;0m[48;2;195;207;220m▀[0m[38;2;0;0;0m[48;2;103;104;101m▀[0m[38;2;0;0;0m[48;2;255;255;255m▀[0m[38;2;39;42;39m[48;2;181;183;183m▀[0m[38;2;0;0;0m[48;2;189;187;187m▀[0m[38;2;0;0;0m[48;2;0;0;0m▀[0m[38;2;160;164;160m[48;2;0;0;0m▀[0m[38;2;169;172;169m[48;2;173;174;170m▀[0m[38;2;143;143;143m[48;2;255;255;255m▀[0m[38;2;0;0;0m[48;2;255;255;255m▀[0m[38;2;74;76;77m[48;2;0;0;0m▀[0m[38;2;70;72;73m[48;2;0;0;0m▀[0m[38;2;0;0;0m[48;2;0;0;0m▀[0m[38;2;0;0;0m[48;2;0;0;0m▀[0m[38;2;0;0;0m[48;2;74;74;82m▀[0m[38;2;142;142;142m[48;2;255;255;255m▀[0m[38;2;255;255;255m[48;2;87;87;87m▀[0m[38;2;0;0;0m[48;2;0;0;0m▀[0m[38;2;10;10;12m[48;2;144;144;144m▀[0m[38;2;70;70;70m[48;2;15;18;18m▀[0m[38;2;143;146;143m[48;2;181;183;181m▀[0m[38;2;255;255;255m[48;2;208;207;204m▀[0m[38;2;1;0;0m[48;2;0;1;1m▀[0m[38;2;0;0;0m[48;2;0;0;0m▀[0m[38;2;240;240;243m[48;2;255;255;255m▀[0m
[38;2;32;34;34m[48;2;0;0;0m▀[0m[38;2;0;0;0m[48;2;0;0;0m▀[0m[38;2;0;0;0m[48;2;17;20;20m▀[0m[38;2;108;111;110m[48;2;223;227;224m▀[0m[38;2;104;106;106m[48;2;255;255;255m▀[0m[38;2;156;156;157m[48;2;103;106;103m▀[0m[38;2;122;122;126m[48;2;150;152;156m▀[0m[38;2;0;0;0m[48;2;0;0;0m▀[0m[38;2;71;71;75m[48;2;0;0;0m▀[0m[38;2;255;255;255m[48;2;171;168;172m▀[0m[38;2;55;54;54m[48;2;255;255;255m▀[0m[38;2;0;0;0m[48;2;0;0;0m▀[0m[38;2;0;0;0m[48;2;0;0;0m▀[0m[38;2;0;0;0m[48;2;0;0;0m▀[0m[38;2;0;0;0m[48;2;255;255;255m▀[0m[38;2;255;255;255m[48;2;255;255;255m▀[0m[38;2;255;255;255m[48;2;0;0;0m▀[0m[38;2;113;113;114m[48;2;0;0;0m▀[0m[38;2;203;203;204m[48;2;184;184;185m▀[0m[38;2;255;255;255m[48;2;255;255;255m▀[0m[38;2;0;0;0m[48;2;200;200;200m▀[0m[38;2;0;0;0m[48;2;255;255;255m▀[0m[38;2;236;246;241m[48;2;58;65;64m▀[0m[38;2;255;255;255m[48;2;105;127;127m▀[0m[38;2;116;109;105m[48;2;144;118;105m▀[0m[38;2;255;227;198m[48;2;255;246;218m▀[0m[38;2;253;212;192m[48;2;239;200;183m▀[0m[38;2;243;204;184m[48;2;244;201;184m▀[0m[38;2;255;226;206m[48;2;255;236;217m▀[0m[38;2;201;167;168m[48;2;150;127;124m▀[0m[38;2;126;110;42m[48;2;191;171;97m▀[0m[38;2;255;255;150m[48;2;221;199;115m▀[0m[38;2;0;0;0m[48;2;185;153;96m▀[0m[38;2;63;31;36m[48;2;214;183;92m▀[0m[38;2;255;255;255m[48;2;4;15;33m▀[0m[38;2;255;255;255m[48;2;247;228;224m▀[0m[38;2;255;255;239m[48;2;255;220;198m▀[0m[38;2;255;245;211m[48;2;255;255;235m▀[0m[38;2;255;255;252m[48;2;255;255;255m▀[0m[38;2;255;247;210m[48;2;255;205;178m▀[0m[38;2;255;255;255m[48;2;141;140;160m▀[0m[38;2;255;255;255m[48;2;37;45;15m▀[0m[38;2;0;0;0m[48;2;247;230;119m▀[0m[38;2;98;87;50m[48;2;207;189;101m▀[0m[38;2;255;255;166m[48;2;255;255;208m▀[0m[38;2;114;97;76m[48;2;21;21;10m▀[0m[38;2;255;227;219m[48;2;227;189;182m▀[0m[38;2;243;206;186m[48;2;255;225;206m▀[0m[38;2;238;201;177m[48;2;238;207;185m▀[0m[38;2;255;232;203m[48;2;254;214;190m▀[0m[38;2;204;164;137m[48;2;250;196;167m▀[0m[38;2;125;137;145m[48;2;140;136;142m▀[0m[38;2;255;255;255m[48;2;255;255;255m▀[0m[38;2;74;74;75m[48;2;0;0;0m▀[0m[38;2;5;5;7m[48;2;0;0;0m▀[0m[38;2;0;0;0m[48;2;0;0;0m▀[0m[38;2;84;87;84m[48;2;49;49;49m▀[0m[38;2;207;208;205m[48;2;25;24;24m▀[0m[38;2;126;126;123m[48;2;0;0;0m▀[0m[38;2;19;19;19m[48;2;0;0;0m▀[0m[38;2;226;225;223m[48;2;34;34;34m▀[0m[38;2;130;128;125m[48;2;198;198;198m▀[0m[38;2;0;0;0m[48;2;82;84;82m▀[0m[38;2;0;0;0m[48;2;0;0;0m▀[0m[38;2;14;14;15m[48;2;238;238;238m▀[0m[38;2;255;255;255m[48;2;249;249;249m▀[0m[38;2;173;177;177m[48;2;0;0;0m▀[0m[38;2;0;0;0m[48;2;0;0;0m▀[0m[38;2;0;0;0m[48;2;125;125;123m▀[0m[38;2;133;133;133m[48;2;0;0;0m▀[0m[38;2;0;0;0m[48;2;82;84;86m▀[0m[38;2;130;133;133m[48;2;255;255;255m▀[0m[38;2;117;115;119m[48;2;178;178;176m▀[0m[38;2;0;0;0m[48;2;0;0;0m▀[0m[38;2;0;0;0m[48;2;0;0;0m▀[0m[38;2;101;103;105m[48;2;0;0;0m▀[0m
[38;2;0;0;0m[48;2;0;0;0m▀[0m[38;2;151;158;159m[48;2;127;136;138m▀[0m[38;2;255;255;255m[48;2;0;0;0m▀[0m[38;2;239;243;244m[48;2;0;0;0m▀[0m[38;2;203;200;205m[48;2;0;0;0m▀[0m[38;2;238;241;241m[48;2;0;0;0m▀[0m[38;2;255;255;255m[48;2;144;157;165m▀[0m[38;2;110;113;115m[48;2;254;255;255m▀[0m[38;2;0;0;0m[48;2;0;0;0m▀[0m[38;2;0;0;0m[48;2;0;0;0m▀[0m[38;2;234;234;238m[48;2;0;0;0m▀[0m[38;2;230;226;226m[48;2;251;253;253m▀[0m[38;2;0;0;0m[48;2;190;190;190m▀[0m[38;2;129;132;133m[48;2;255;255;255m▀[0m[38;2;255;255;255m[48;2;143;145;145m▀[0m[38;2;49;52;51m[48;2;0;0;0m▀[0m[38;2;0;0;0m[48;2;0;0;0m▀[0m[38;2;192;192;190m[48;2;174;174;174m▀[0m[38;2;120;120;120m[48;2;0;0;0m▀[0m[38;2;0;0;0m[48;2;0;0;0m▀[0m[38;2;0;0;0m[48;2;0;0;0m▀[0m[38;2;157;157;159m[48;2;0;0;0m▀[0m[38;2;125;131;136m[48;2;255;255;255m▀[0m[38;2;87;97;101m[48;2;0;0;0m▀[0m[38;2;181;146;119m[48;2;255;207;182m▀[0m[38;2;255;239;213m[48;2;255;228;208m▀[0m[38;2;243;203;185m[48;2;243;211;191m▀[0m[38;2;240;203;186m[48;2;248;211;192m▀[0m[38;2;255;255;236m[48;2;255;213;201m▀[0m[38;2;45;32;52m[48;2;46;33;29m▀[0m[38;2;43;47;24m[48;2;0;0;0m▀[0m[38;2;255;255;186m[48;2;197;172;92m▀[0m[38;2;239;211;125m[48;2;255;255;200m▀[0m[38;2;255;255;160m[48;2;0;0;0m▀[0m[38;2;0;0;0m[48;2;12;21;35m▀[0m[38;2;0;0;0m[48;2;119;122;124m▀[0m[38;2;0;0;0m[48;2;98;108;112m▀[0m[38;2;115;89;77m[48;2;35;48;55m▀[0m[38;2;176;164;157m[48;2;198;210;214m▀[0m[38;2;0;0;0m[48;2;76;85;88m▀[0m[38;2;0;0;0m[48;2;105;109;117m▀[0m[38;2;92;89;35m[48;2;0;0;0m▀[0m[38;2;238;221;123m[48;2;194;173;99m▀[0m[38;2;255;235;126m[48;2;255;255;176m▀[0m[38;2;255;255;211m[48;2;186;165;103m▀[0m[38;2;0;0;0m[48;2;0;0;0m▀[0m[38;2;163;118;113m[48;2;152;98;86m▀[0m[38;2;255;237;222m[48;2;255;192;171m▀[0m[38;2;238;207;187m[48;2;252;210;193m▀[0m[38;2;240;204;179m[48;2;247;207;190m▀[0m[38;2;255;240;209m[48;2;255;255;233m▀[0m[38;2;123;101;93m[48;2;104;78;62m▀[0m[38;2;193;206;217m[48;2;190;203;211m▀[0m[38;2;0;0;0m[48;2;128;131;132m▀[0m[38;2;0;0;0m[48;2;0;0;0m▀[0m[38;2;0;0;0m[48;2;0;0;0m▀[0m[38;2;0;0;0m[48;2;0;0;0m▀[0m[38;2;0;0;0m[48;2;0;0;0m▀[0m[38;2;0;0;0m[48;2;0;0;0m▀[0m[38;2;0;0;0m[48;2;88;88;88m▀[0m[38;2;0;0;0m[48;2;151;150;151m▀[0m[38;2;154;154;154m[48;2;60;60;60m▀[0m[38;2;238;238;238m[48;2;255;255;255m▀[0m[38;2;166;166;166m[48;2;255;255;255m▀[0m[38;2;255;255;255m[48;2;36;36;36m▀[0m[38;2;10;11;8m[48;2;0;0;0m▀[0m[38;2;0;0;0m[48;2;0;0;0m▀[0m[38;2;0;0;0m[48;2;25;32;32m▀[0m[38;2;170;172;178m[48;2;233;240;245m▀[0m[38;2;196;199;200m[48;2;110;128;135m▀[0m[38;2;255;255;255m[48;2;0;0;0m▀[0m[38;2;236;239;240m[48;2;0;0;0m▀[0m[38;2;210;218;221m[48;2;0;0;0m▀[0m[38;2;191;197;207m[48;2;46;39;39m▀[0m[38;2;0;0;0m[48;2;115;97;84m▀[0m[38;2;0;0;0m[48;2;156;127;111m▀[0m
[38;2;194;154;132m[48;2;182;149;131m▀[0m[38;2;173;132;111m[48;2;228;192;172m▀[0m[38;2;171;136;117m[48;2;254;212;192m▀[0m[38;2;143;116;103m[48;2;255;224;204m▀[0m[38;2;92;73;66m[48;2;255;235;207m▀[0m[38;2;16;1;0m[48;2;255;225;197m▀[0m[38;2;0;0;0m[48;2;255;201;172m▀[0m[38;2;108;104;104m[48;2;224;152;128m▀[0m[38;2;0;0;0m[48;2;255;181;147m▀[0m[38;2;0;0;0m[48;2;114;78;65m▀[0m[38;2;0;0;0m[48;2;0;0;0m▀[0m[38;2;22;29;30m[48;2;0;0;0m▀[0m[38;2;255;255;255m[48;2;255;255;255m▀[0m[38;2;255;255;255m[48;2;169;172;173m▀[0m[38;2;101;101;101m[48;2;0;0;0m▀[0m[38;2;0;0;0m[48;2;191;189;193m▀[0m[38;2;0;0;0m[48;2;0;0;0m▀[0m[38;2;0;0;0m[48;2;0;0;0m▀[0m[38;2;0;0;0m[48;2;0;0;0m▀[0m[38;2;0;0;0m[48;2;0;0;0m▀[0m[38;2;0;0;0m[48;2;0;0;0m▀[0m[38;2;139;141;143m[48;2;255;255;255m▀[0m[38;2;224;232;236m[48;2;1;8;8m▀[0m[38;2;0;0;0m[48;2;0;0;0m▀[0m[38;2;255;250;222m[48;2;255;246;213m▀[0m[38;2;255;230;206m[48;2;255;228;199m▀[0m[38;2;245;210;186m[48;2;255;173;157m▀[0m[38;2;255;189;179m[48;2;248;156;140m▀[0m[38;2;255;163;149m[48;2;234;137;126m▀[0m[38;2;174;113;78m[48;2;166;136;81m▀[0m[38;2;255;255;146m[48;2;255;255;164m▀[0m[38;2;255;255;190m[48;2;101;84;59m▀[0m[38;2;82;72;44m[48;2;0;0;0m▀[0m[38;2;0;0;9m[48;2;3;3;10m▀[0m[38;2;36;38;39m[48;2;1;7;6m▀[0m[38;2;0;0;0m[48;2;66;66;64m▀[0m[38;2;24;28;27m[48;2;9;11;11m▀[0m[38;2;138;141;142m[48;2;157;157;157m▀[0m[38;2;117;119;120m[48;2;54;54;55m▀[0m[38;2;0;0;0m[48;2;31;34;35m▀[0m[38;2;0;0;1m[48;2;57;61;61m▀[0m[38;2;20;23;39m[48;2;0;0;0m▀[0m[38;2;0;0;0m[48;2;0;0;0m▀[0m[38;2;214;191;122m[48;2;0;0;0m▀[0m[38;2;255;255;170m[48;2;255;255;171m▀[0m[38;2;186;180;105m[48;2;255;255;164m▀[0m[38;2;197;156;104m[48;2;223;201;113m▀[0m[38;2;236;133;115m[48;2;232;137;120m▀[0m[38;2;254;183;163m[48;2;244;165;144m▀[0m[38;2;244;199;178m[48;2;250;168;145m▀[0m[38;2;255;255;232m[48;2;255;253;233m▀[0m[38;2;152;122;109m[48;2;150;122;105m▀[0m[38;2;0;0;0m[48;2;0;0;0m▀[0m[38;2;255;255;255m[48;2;70;72;72m▀[0m[38;2;0;0;0m[48;2;255;255;255m▀[0m[38;2;0;0;0m[48;2;127;127;127m▀[0m[38;2;43;43;43m[48;2;156;153;156m▀[0m[38;2;130;132;132m[48;2;32;30;33m▀[0m[38;2;169;169;169m[48;2;0;0;0m▀[0m[38;2;88;91;91m[48;2;0;0;0m▀[0m[38;2;0;0;0m[48;2;0;0;0m▀[0m[38;2;0;0;0m[48;2;249;249;249m▀[0m[38;2;240;243;243m[48;2;179;181;182m▀[0m[38;2;255;255;255m[48;2;236;236;236m▀[0m[38;2;0;0;0m[48;2;239;244;245m▀[0m[38;2;0;0;0m[48;2;0;0;0m▀[0m[38;2;0;0;0m[48;2;0;0;0m▀[0m[38;2;0;0;0m[48;2;48;24;19m▀[0m[38;2;33;51;57m[48;2;196;122;98m▀[0m[38;2;0;0;0m[48;2;204;131;105m▀[0m[38;2;0;0;0m[48;2;255;204;171m▀[0m[38;2;119;89;72m[48;2;255;245;220m▀[0m[38;2;235;190;165m[48;2;255;227;205m▀[0m[38;2;255;214;192m[48;2;237;198;179m▀[0m[38;2;254;208;183m[48;2;203;169;152m▀[0m[38;2;208;171;157m[48;2;173;149;132m▀[0m
[38;2;167;137;120m[48;2;166;136;120m▀[0m[38;2;193;159;144m[48;2;193;159;144m▀[0m[38;2;210;177;157m[48;2;205;171;158m▀[0m[38;2;218;180;166m[48;2;218;181;168m▀[0m[38;2;233;189;165m[48;2;228;192;170m▀[0m[38;2;235;194;168m[48;2;234;197;178m▀[0m[38;2;249;196;169m[48;2;238;201;179m▀[0m[38;2;230;164;141m[48;2;255;211;183m▀[0m[38;2;201;135;112m[48;2;253;194;169m▀[0m[38;2;255;211;182m[48;2;237;171;149m▀[0m[38;2;145;87;66m[48;2;255;232;207m▀[0m[38;2;4;25;29m[48;2;200;146;127m▀[0m[38;2;141;153;159m[48;2;0;0;0m▀[0m[38;2;106;109;110m[48;2;0;0;0m▀[0m[38;2;71;73;73m[48;2;197;197;201m▀[0m[38;2;6;8;9m[48;2;11;16;15m▀[0m[38;2;234;228;233m[48;2;0;0;0m▀[0m[38;2;25;25;25m[48;2;233;230;230m▀[0m[38;2;0;0;0m[48;2;38;35;38m▀[0m[38;2;0;0;0m[48;2;49;45;45m▀[0m[38;2;209;208;209m[48;2;255;255;255m▀[0m[38;2;177;181;178m[48;2;0;0;0m▀[0m[38;2;0;0;0m[48;2;0;0;0m▀[0m[38;2;0;0;0m[48;2;0;8;17m▀[0m[38;2;237;199;185m[48;2;95;83;75m▀[0m[38;2;255;238;218m[48;2;255;255;255m▀[0m[38;2;255;157;138m[48;2;255;200;180m▀[0m[38;2;249;159;143m[48;2;169;138;116m▀[0m[38;2;144;122;98m[48;2;255;255;168m▀[0m[38;2;254;232;117m[48;2;125;125;72m▀[0m[38;2;255;255;227m[48;2;0;0;0m▀[0m[38;2;32;30;22m[48;2;0;0;0m▀[0m[38;2;0;0;0m[48;2;0;0;0m▀[0m[38;2;0;0;0m[48;2;0;0;0m▀[0m[38;2;0;0;0m[48;2;0;0;0m▀[0m[38;2;0;0;0m[48;2;21;18;24m▀[0m[38;2;50;68;68m[48;2;15;0;0m▀[0m[38;2;66;86;85m[48;2;105;83;81m▀[0m[38;2;182;205;208m[48;2;174;132;125m▀[0m[38;2;83;99;101m[48;2;0;0;2m▀[0m[38;2;0;0;0m[48;2;127;113;118m▀[0m[38;2;95;104;111m[48;2;255;251;255m▀[0m[38;2;0;0;0m[48;2;0;0;0m▀[0m[38;2;0;0;0m[48;2;0;0;0m▀[0m[38;2;10;9;2m[48;2;0;0;0m▀[0m[38;2;255;255;205m[48;2;0;0;0m▀[0m[38;2;255;255;195m[48;2;15;25;1m▀[0m[38;2;189;184;131m[48;2;252;255;147m▀[0m[38;2;255;195;182m[48;2;209;185;139m▀[0m[38;2;252;166;141m[48;2;255;226;208m▀[0m[38;2;255;255;240m[48;2;255;255;240m▀[0m[38;2;91;73;66m[48;2;0;0;0m▀[0m[38;2;0;0;0m[48;2;46;56;60m▀[0m[38;2;0;0;0m[48;2;0;0;0m▀[0m[38;2;209;209;210m[48;2;0;0;0m▀[0m[38;2;106;106;106m[48;2;255;255;255m▀[0m[38;2;0;0;0m[48;2;18;21;21m▀[0m[38;2;0;0;0m[48;2;0;0;0m▀[0m[38;2;0;0;0m[48;2;86;86;86m▀[0m[38;2;45;49;49m[48;2;203;203;203m▀[0m[38;2;253;253;253m[48;2;200;200;200m▀[0m[38;2;155;158;158m[48;2;0;0;0m▀[0m[38;2;22;22;27m[48;2;122;124;128m▀[0m[38;2;102;109;109m[48;2;35;43;44m▀[0m[38;2;159;168;172m[48;2;0;0;0m▀[0m[38;2;0;0;0m[48;2;100;60;50m▀[0m[38;2;85;48;33m[48;2;255;216;187m▀[0m[38;2;255;183;153m[48;2;210;147;125m▀[0m[38;2;213;147;123m[48;2;255;214;182m▀[0m[38;2;255;196;167m[48;2;255;218;196m▀[0m[38;2;255;222;195m[48;2;239;203;184m▀[0m[38;2;246;205;187m[48;2;239;200;182m▀[0m[38;2;233;198;177m[48;2;228;187;167m▀[0m[38;2;223;187;168m[48;2;216;176;162m▀[0m[38;2;203;169;150m[48;2;203;166;156m▀[0m[38;2;176;144;129m[48;2;174;139;125m▀[0m
[38;2;173;145;128m[48;2;173;144;127m▀[0m[38;2;191;160;139m[48;2;207;179;158m▀[0m[38;2;209;179;162m[48;2;216;182;165m▀[0m[38;2;222;185;172m[48;2;230;200;182m▀[0m[38;2;224;193;171m[48;2;234;200;176m▀[0m[38;2;228;193;174m[48;2;237;197;176m▀[0m[38;2;231;197;177m[48;2;232;194;178m▀[0m[38;2;234;198;180m[48;2;233;197;179m▀[0m[38;2;245;204;185m[48;2;235;204;182m▀[0m[38;2;254;209;189m[48;2;238;203;183m▀[0m[38;2;252;206;189m[48;2;245;205;183m▀[0m[38;2;255;249;219m[48;2;255;220;193m▀[0m[38;2;149;112;95m[48;2;255;255;245m▀[0m[38;2;0;0;0m[48;2;135;104;91m▀[0m[38;2;0;0;0m[48;2;0;0;0m▀[0m[38;2;186;189;194m[48;2;0;0;0m▀[0m[38;2;0;0;0m[48;2;174;177;181m▀[0m[38;2;0;0;0m[48;2;0;0;0m▀[0m[38;2;176;174;176m[48;2;146;146;146m▀[0m[38;2;255;255;255m[48;2;241;245;245m▀[0m[38;2;45;48;45m[48;2;55;58;60m▀[0m[38;2;0;0;0m[48;2;4;4;2m▀[0m[38;2;48;51;51m[48;2;96;98;100m▀[0m[38;2;52;61;64m[48;2;0;0;0m▀[0m[38;2;0;0;0m[48;2;0;0;0m▀[0m[38;2;255;249;234m[48;2;66;46;54m▀[0m[38;2;255;219;213m[48;2;255;220;179m▀[0m[38;2;255;252;150m[48;2;170;173;95m▀[0m[38;2;30;47;7m[48;2;0;0;0m▀[0m[38;2;0;0;0m[48;2;224;176;163m▀[0m[38;2;2;7;20m[48;2;255;255;233m▀[0m[38;2;139;114;105m[48;2;255;255;254m▀[0m[38;2;203;166;147m[48;2;255;255;233m▀[0m[38;2;221;182;160m[48;2;255;253;226m▀[0m[38;2;195;165;149m[48;2;255;252;224m▀[0m[38;2;182;137;120m[48;2;255;255;234m▀[0m[38;2;0;0;0m[48;2;255;231;206m▀[0m[38;2;82;9;0m[48;2;232;195;172m▀[0m[38;2;119;31;20m[48;2;255;255;235m▀[0m[38;2;10;0;0m[48;2;255;237;210m▀[0m[38;2;0;0;0m[48;2;186;160;143m▀[0m[38;2;11;0;0m[48;2;255;246;217m▀[0m[38;2;156;123;112m[48;2;255;255;236m▀[0m[38;2;200;160;143m[48;2;255;253;224m▀[0m[38;2;205;167;153m[48;2;255;252;226m▀[0m[38;2;143;120;125m[48;2;255;255;232m▀[0m[38;2;66;56;65m[48;2;255;235;210m▀[0m[38;2;182;195;109m[48;2;216;147;143m▀[0m[38;2;87;97;35m[48;2;105;90;70m▀[0m[38;2;255;248;238m[48;2;144;133;106m▀[0m[38;2;255;227;204m[48;2;110;90;86m▀[0m[38;2;0;0;0m[48;2;0;0;0m▀[0m[38;2;63;61;65m[48;2;78;82;84m▀[0m[38;2;56;56;56m[48;2;101;100;100m▀[0m[38;2;0;0;0m[48;2;0;0;0m▀[0m[38;2;86;86;86m[48;2;0;0;0m▀[0m[38;2;212;211;211m[48;2;255;255;255m▀[0m[38;2;103;103;100m[48;2;149;149;149m▀[0m[38;2;128;128;123m[48;2;65;65;65m▀[0m[38;2;159;156;159m[48;2;0;0;0m▀[0m[38;2;0;0;0m[48;2;41;43;45m▀[0m[38;2;15;19;19m[48;2;245;245;246m▀[0m[38;2;204;210;211m[48;2;0;0;0m▀[0m[38;2;0;0;0m[48;2;0;0;0m▀[0m[38;2;44;28;22m[48;2;255;255;228m▀[0m[38;2;255;255;223m[48;2;255;230;203m▀[0m[38;2;255;211;182m[48;2;247;205;180m▀[0m[38;2;255;217;191m[48;2;243;204;181m▀[0m[38;2;243;207;189m[48;2;243;203;181m▀[0m[38;2;233;199;178m[48;2;233;194;174m▀[0m[38;2;234;197;180m[48;2;233;196;178m▀[0m[38;2;227;194;172m[48;2;230;194;176m▀[0m[38;2;235;204;182m[48;2;236;208;187m▀[0m[38;2;254;226;210m[48;2;255;254;235m▀[0m[38;2;211;180;163m[48;2;217;187;170m▀[0m[38;2;194;166;145m[48;2;190;156;132m▀[0m
[38;2;177;145;130m[48;2;186;151;133m▀[0m[38;2;232;203;182m[48;2;207;173;154m▀[0m[38;2;219;185;166m[48;2;219;185;170m▀[0m[38;2;221;172;157m[48;2;210;123;109m▀[0m[38;2;233;187;168m[48;2;223;156;131m▀[0m[38;2;245;206;187m[48;2;227;178;153m▀[0m[38;2;238;197;179m[48;2;236;196;173m▀[0m[38;2;233;199;180m[48;2;238;203;183m▀[0m[38;2;233;193;174m[48;2;247;208;190m▀[0m[38;2;240;201;177m[48;2;248;207;191m▀[0m[38;2;244;209;185m[48;2;244;201;180m▀[0m[38;2;250;211;185m[48;2;250;213;192m▀[0m[38;2;255;221;197m[48;2;249;212;190m▀[0m[38;2;255;255;254m[48;2;255;231;206m▀[0m[38;2;68;55;48m[48;2;255;253;226m▀[0m[38;2;0;0;0m[48;2;0;0;0m▀[0m[38;2;0;0;0m[48;2;0;0;0m▀[0m[38;2;238;240;240m[48;2;255;255;255m▀[0m[38;2;255;255;255m[48;2;255;255;255m▀[0m[38;2;0;0;0m[48;2;0;0;0m▀[0m[38;2;16;16;18m[48;2;8;8;10m▀[0m[38;2;237;237;238m[48;2;33;35;35m▀[0m[38;2;0;0;0m[48;2;9;14;15m▀[0m[38;2;64;68;74m[48;2;60;58;66m▀[0m[38;2;29;38;46m[48;2;0;0;0m▀[0m[38;2;0;0;0m[48;2;0;0;0m▀[0m[38;2;238;228;125m[48;2;85;100;93m▀[0m[38;2;112;114;85m[48;2;225;157;141m▀[0m[38;2;224;144;136m[48;2;216;95;83m▀[0m[38;2;255;123;110m[48;2;255;131;114m▀[0m[38;2;255;153;132m[48;2;255;166;141m▀[0m[38;2;247;206;185m[48;2;243;191;172m▀[0m[38;2;241;210;186m[48;2;235;200;179m▀[0m[38;2;244;199;181m[48;2;240;196;174m▀[0m[38;2;243;204;185m[48;2;235;201;181m▀[0m[38;2;245;206;181m[48;2;240;200;179m▀[0m[38;2;255;221;196m[48;2;238;201;182m▀[0m[38;2;255;214;190m[48;2;236;199;180m▀[0m[38;2;251;211;185m[48;2;239;199;177m▀[0m[38;2;255;218;199m[48;2;241;201;185m▀[0m[38;2;255;230;205m[48;2;241;199;173m▀[0m[38;2;255;213;190m[48;2;236;199;180m▀[0m[38;2;240;201;183m[48;2;232;195;173m▀[0m[38;2;243;206;184m[48;2;235;196;173m▀[0m[38;2;239;206;189m[48;2;234;203;186m▀[0m[38;2;241;208;181m[48;2;236;199;172m▀[0m[38;2;255;141;113m[48;2;255;206;187m▀[0m[38;2;255;114;93m[48;2;255;191;176m▀[0m[38;2;254;113;98m[48;2;254;102;79m▀[0m[38;2;48;21;18m[48;2;255;189;165m▀[0m[38;2;0;0;0m[48;2;15;21;21m▀[0m[38;2;0;0;0m[48;2;0;0;0m▀[0m[38;2;59;63;64m[48;2;0;0;0m▀[0m[38;2;34;31;34m[48;2;73;73;75m▀[0m[38;2;178;174;178m[48;2;90;87;90m▀[0m[38;2;118;120;120m[48;2;0;0;0m▀[0m[38;2;12;16;16m[48;2;75;75;72m▀[0m[38;2;255;255;255m[48;2;255;255;255m▀[0m[38;2;36;36;33m[48;2;214;211;211m▀[0m[38;2;95;95;96m[48;2;23;28;28m▀[0m[38;2;212;216;217m[48;2;0;0;0m▀[0m[38;2;0;0;0m[48;2;0;0;0m▀[0m[38;2;0;0;0m[48;2;138;115;101m▀[0m[38;2;252;207;182m[48;2;255;255;238m▀[0m[38;2;255;250;222m[48;2;253;212;194m▀[0m[38;2;251;206;183m[48;2;255;213;193m▀[0m[38;2;248;207;186m[48;2;208;168;152m▀[0m[38;2;240;204;182m[48;2;226;193;173m▀[0m[38;2;239;203;178m[48;2;249;216;191m▀[0m[38;2;233;194;174m[48;2;239;200;182m▀[0m[38;2;232;195;173m[48;2;233;196;177m▀[0m[38;2;232;193;174m[48;2;232;195;176m▀[0m[38;2;227;191;171m[48;2;231;194;172m▀[0m[38;2;220;181;163m[48;2;226;190;170m▀[0m[38;2;210;173;158m[48;2;219;183;165m▀[0m[38;2;194;163;142m[48;2;198;168;145m▀[0m
[38;2;193;156;139m[48;2;186;157;137m▀[0m[38;2;211;178;158m[48;2;209;178;158m▀[0m[38;2;223;192;172m[48;2;223;190;172m▀[0m[38;2;231;203;181m[48;2;228;193;173m▀[0m[38;2;236;201;180m[48;2;237;195;177m▀[0m[38;2;233;196;174m[48;2;239;203;181m▀[0m[38;2;243;204;179m[48;2;248;207;182m▀[0m[38;2;245;208;189m[48;2;255;255;234m▀[0m[38;2;255;244;224m[48;2;120;104;93m▀[0m[38;2;169;143;131m[48;2;0;0;0m▀[0m[38;2;131;110;101m[48;2;232;189;172m▀[0m[38;2;236;196;174m[48;2;255;216;194m▀[0m[38;2;246;209;187m[48;2;237;203;179m▀[0m[38;2;246;207;184m[48;2;244;205;180m▀[0m[38;2;255;251;226m[48;2;251;210;189m▀[0m[38;2;195;150;129m[48;2;255;255;234m▀[0m[38;2;71;86;90m[48;2;119;96;87m▀[0m[38;2;152;158;166m[48;2;0;0;0m▀[0m[38;2;0;0;0m[48;2;0;0;0m▀[0m[38;2;207;207;207m[48;2;116;120;122m▀[0m[38;2;151;151;152m[48;2;0;0;0m▀[0m[38;2;0;0;0m[48;2;178;180;180m▀[0m[38;2;49;52;61m[48;2;147;155;156m▀[0m[38;2;0;0;0m[48;2;70;73;62m▀[0m[38;2;7;6;0m[48;2;255;255;190m▀[0m[38;2;226;209;116m[48;2;255;250;133m▀[0m[38;2;159;136;114m[48;2;196;165;159m▀[0m[38;2;255;137;123m[48;2;255;194;181m▀[0m[38;2;255;129;111m[48;2;240;169;147m▀[0m[38;2;255;168;147m[48;2;234;192;166m▀[0m[38;2;255;231;210m[48;2;235;198;181m▀[0m[38;2;232;200;180m[48;2;234;203;182m▀[0m[38;2;236;197;178m[48;2;231;197;178m▀[0m[38;2;236;199;177m[48;2;237;198;179m▀[0m[38;2;237;200;179m[48;2;239;199;180m▀[0m[38;2;237;198;179m[48;2;238;199;180m▀[0m[38;2;237;198;179m[48;2;237;200;179m▀[0m[38;2;237;198;176m[48;2;235;191;166m▀[0m[38;2;238;192;169m[48;2;245;213;196m▀[0m[38;2;233;191;166m[48;2;255;255;255m▀[0m[38;2;235;193;167m[48;2;250;222;206m▀[0m[38;2;237;196;178m[48;2;233;191;166m▀[0m[38;2;237;198;173m[48;2;234;192;168m▀[0m[38;2;237;197;179m[48;2;237;193;174m▀[0m[38;2;236;199;184m[48;2;236;197;178m▀[0m[38;2;236;203;179m[48;2;237;198;179m▀[0m[38;2;241;221;203m[48;2;236;196;179m▀[0m[38;2;255;194;177m[48;2;236;203;182m▀[0m[38;2;255;141;116m[48;2;248;204;182m▀[0m[38;2;255;207;178m[48;2;255;235;210m▀[0m[38;2;232;196;183m[48;2;255;255;247m▀[0m[38;2;0;0;0m[48;2;0;0;0m▀[0m[38;2;0;0;0m[48;2;0;0;0m▀[0m[38;2;20;22;24m[48;2;42;44;48m▀[0m[38;2;24;24;27m[48;2;240;240;246m▀[0m[38;2;153;153;153m[48;2;138;138;140m▀[0m[38;2;83;83;81m[48;2;57;60;60m▀[0m[38;2;0;0;0m[48;2;0;0;0m▀[0m[38;2;255;255;255m[48;2;77;81;81m▀[0m[38;2;90;90;88m[48;2;255;255;255m▀[0m[38;2;0;0;0m[48;2;0;0;0m▀[0m[38;2;17;9;8m[48;2;243;196;173m▀[0m[38;2;255;255;233m[48;2;255;243;216m▀[0m[38;2;255;221;195m[48;2;250;206;184m▀[0m[38;2;255;211;186m[48;2;244;205;182m▀[0m[38;2;255;221;197m[48;2;254;213;195m▀[0m[38;2;164;135;127m[48;2;255;223;205m▀[0m[38;2;126;110;104m[48;2;0;0;0m▀[0m[38;2;255;243;220m[48;2;184;154;138m▀[0m[38;2;245;205;189m[48;2;255;241;216m▀[0m[38;2;245;206;189m[48;2;245;205;183m▀[0m[38;2;238;196;176m[48;2;241;201;180m▀[0m[38;2;231;194;172m[48;2;239;198;178m▀[0m[38;2;226;195;171m[48;2;237;197;176m▀[0m[38;2;222;185;168m[48;2;221;184;166m▀[0m[38;2;208;171;152m[48;2;210;174;156m▀[0m
[38;2;198;168;151m[48;2;225;190;171m▀[0m[38;2;220;185;164m[48;2;241;205;185m▀[0m[38;2;235;198;179m[48;2;255;225;199m▀[0m[38;2;236;199;180m[48;2;255;248;224m▀[0m[38;2;243;200;177m[48;2;255;255;245m▀[0m[38;2;255;222;201m[48;2;255;227;210m▀[0m[38;2;255;249;221m[48;2;102;92;86m▀[0m[38;2;176;152;142m[48;2;115;97;88m▀[0m[38;2;63;47;46m[48;2;255;217;195m▀[0m[38;2;0;0;0m[48;2;232;195;170m▀[0m[38;2;214;173;157m[48;2;111;95;84m▀[0m[38;2;255;230;206m[48;2;255;226;208m▀[0m[38;2;239;203;185m[48;2;235;198;181m▀[0m[38;2;240;200;179m[48;2;234;197;178m▀[0m[38;2;245;204;183m[48;2;236;195;173m▀[0m[38;2;255;220;196m[48;2;241;203;178m▀[0m[38;2;255;255;232m[48;2;255;247;220m▀[0m[38;2;0;0;0m[48;2;255;214;192m▀[0m[38;2;0;9;14m[48;2;0;0;0m▀[0m[38;2;38;42;43m[48;2;0;0;0m▀[0m[38;2;57;59;61m[48;2;109;112;114m▀[0m[38;2;49;56;55m[48;2;0;0;0m▀[0m[38;2;10;10;18m[48;2;0;0;0m▀[0m[38;2;252;226;139m[48;2;181;159;84m▀[0m[38;2;255;255;166m[48;2;29;30;9m▀[0m[38;2;204;193;105m[48;2;27;34;9m▀[0m[38;2;223;184;180m[48;2;237;198;191m▀[0m[38;2;255;238;221m[48;2;255;238;221m▀[0m[38;2;238;210;190m[48;2;250;211;189m▀[0m[38;2;234;207;181m[48;2;241;205;182m▀[0m[38;2;234;203;185m[48;2;236;196;180m▀[0m[38;2;233;203;182m[48;2;236;196;179m▀[0m[38;2;235;207;190m[48;2;245;205;187m▀[0m[38;2;237;198;179m[48;2;235;198;179m▀[0m[38;2;239;199;180m[48;2;245;204;178m▀[0m[38;2;236;199;181m[48;2;249;209;187m▀[0m[38;2;237;198;180m[48;2;241;198;181m▀[0m[38;2;235;193;171m[48;2;231;178;156m▀[0m[38;2;226;184;163m[48;2;235;206;193m▀[0m[38;2;255;255;255m[48;2;241;239;228m▀[0m[38;2;254;231;218m[48;2;231;178;155m▀[0m[38;2;228;184;156m[48;2;239;198;172m▀[0m[38;2;246;217;201m[48;2;255;255;255m▀[0m[38;2;239;199;182m[48;2;248;212;201m▀[0m[38;2;236;206;183m[48;2;238;199;182m▀[0m[38;2;237;204;189m[48;2;241;205;185m▀[0m[38;2;237;197;178m[48;2;235;196;174m▀[0m[38;2;236;203;182m[48;2;234;203;179m▀[0m[38;2;241;208;189m[48;2;245;210;185m▀[0m[38;2;255;225;198m[48;2;255;221;198m▀[0m[38;2;255;255;249m[48;2;255;255;249m▀[0m[38;2;31;18;14m[48;2;22;16;11m▀[0m[38;2;0;0;0m[48;2;0;0;0m▀[0m[38;2;233;231;235m[48;2;118;118;120m▀[0m[38;2;0;0;0m[48;2;0;0;0m▀[0m[38;2;8;8;8m[48;2;0;0;0m▀[0m[38;2;164;164;166m[48;2;0;0;0m▀[0m[38;2;12;15;19m[48;2;130;132;138m▀[0m[38;2;0;0;0m[48;2;0;0;0m▀[0m[38;2;0;18;24m[48;2;34;22;15m▀[0m[38;2;159;129;116m[48;2;255;255;231m▀[0m[38;2;255;255;231m[48;2;253;214;195m▀[0m[38;2;244;207;185m[48;2;241;201;177m▀[0m[38;2;244;204;179m[48;2;234;197;176m▀[0m[38;2;241;199;179m[48;2;239;199;181m▀[0m[38;2;255;223;201m[48;2;255;220;195m▀[0m[38;2;204;173;163m[48;2;166;142;123m▀[0m[38;2;0;0;0m[48;2;251;207;189m▀[0m[38;2;70;60;56m[48;2;255;227;207m▀[0m[38;2;204;172;152m[48;2;100;82;75m▀[0m[38;2;255;252;232m[48;2;119;98;86m▀[0m[38;2;255;223;200m[48;2;255;248;226m▀[0m[38;2;245;208;185m[48;2;255;255;246m▀[0m[38;2;243;203;183m[48;2;255;255;244m▀[0m[38;2;236;196;174m[48;2;255;255;232m▀[0m[38;2;225;183;167m[48;2;255;237;213m▀[0m
[38;2;230;190;171m[48;2;0;0;0m▀[0m[38;2;249;209;187m[48;2;0;0;0m▀[0m[38;2;234;195;173m[48;2;0;0;0m▀[0m[38;2;199;170;157m[48;2;0;0;0m▀[0m[38;2;99;86;79m[48;2;0;0;0m▀[0m[38;2;0;0;0m[48;2;0;0;0m▀[0m[38;2;38;37;32m[48;2;145;122;104m▀[0m[38;2;255;240;217m[48;2;255;250;222m▀[0m[38;2;255;219;195m[48;2;249;209;187m▀[0m[38;2;255;220;195m[48;2;236;203;183m▀[0m[38;2;208;174;154m[48;2;246;205;183m▀[0m[38;2;247;204;187m[48;2;241;201;182m▀[0m[38;2;233;201;181m[48;2;234;197;178m▀[0m[38;2;235;198;179m[48;2;235;196;174m▀[0m[38;2;238;201;177m[48;2;236;196;177m▀[0m[38;2;244;205;182m[48;2;238;197;177m▀[0m[38;2;249;212;190m[48;2;244;209;187m▀[0m[38;2;255;255;241m[48;2;252;216;191m▀[0m[38;2;168;129;112m[48;2;255;255;246m▀[0m[38;2;0;0;0m[48;2;110;84;71m▀[0m[38;2;0;0;0m[48;2;0;0;0m▀[0m[38;2;0;0;0m[48;2;6;15;18m▀[0m[38;2;0;0;0m[48;2;0;0;4m▀[0m[38;2;0;0;0m[48;2;0;0;0m▀[0m[38;2;0;0;0m[48;2;0;0;0m▀[0m[38;2;0;0;0m[48;2;0;0;0m▀[0m[38;2;127;102;93m[48;2;0;0;0m▀[0m[38;2;255;255;255m[48;2;189;141;124m▀[0m[38;2;253;212;192m[48;2;255;255;249m▀[0m[38;2;245;206;187m[48;2;255;255;236m▀[0m[38;2;239;197;177m[48;2;255;248;226m▀[0m[38;2;246;200;180m[48;2;249;209;182m▀[0m[38;2;253;211;190m[48;2;221;181;165m▀[0m[38;2;246;207;189m[48;2;203;162;145m▀[0m[38;2;232;189;173m[48;2;205;164;145m▀[0m[38;2;200;172;154m[48;2;218;184;165m▀[0m[38;2;234;192;170m[48;2;234;197;166m▀[0m[38;2;231;186;157m[48;2;243;213;191m▀[0m[38;2;255;255;255m[48;2;255;255;255m▀[0m[38;2;235;204;186m[48;2;253;227;210m▀[0m[38;2;236;182;159m[48;2;236;186;162m▀[0m[38;2;221;179;160m[48;2;230;183;163m▀[0m[38;2;218;178;159m[48;2;198;156;132m▀[0m[38;2;237;197;174m[48;2;182;145;128m▀[0m[38;2;249;205;183m[48;2;196;165;143m▀[0m[38;2;244;201;183m[48;2;231;192;172m▀[0m[38;2;238;197;183m[48;2;255;237;213m▀[0m[38;2;240;201;180m[48;2;255;252;226m▀[0m[38;2;249;210;189m[48;2;255;255;234m▀[0m[38;2;255;243;218m[48;2;255;255;238m▀[0m[38;2;255;235;210m[48;2;38;24;16m▀[0m[38;2;0;0;0m[48;2;0;12;17m▀[0m[38;2;0;0;0m[48;2;75;82;83m▀[0m[38;2;155;154;155m[48;2;224;221;225m▀[0m[38;2;90;90;90m[48;2;82;84;82m▀[0m[38;2;0;0;0m[48;2;18;21;23m▀[0m[38;2;0;0;0m[48;2;29;33;37m▀[0m[38;2;0;0;0m[48;2;0;0;0m▀[0m[38;2;0;0;0m[48;2;206;170;159m▀[0m[38;2;255;247;225m[48;2;255;255;250m▀[0m[38;2;255;234;206m[48;2;255;217;193m▀[0m[38;2;244;209;187m[48;2;245;200;179m▀[0m[38;2;233;199;176m[48;2;238;197;177m▀[0m[38;2;236;197;178m[48;2;236;197;178m▀[0m[38;2;245;204;185m[48;2;237;198;177m▀[0m[38;2;237;198;180m[48;2;233;196;177m▀[0m[38;2;222;181;167m[48;2;241;205;187m▀[0m[38;2;249;210;193m[48;2;236;203;181m▀[0m[38;2;252;211;194m[48;2;240;200;179m▀[0m[38;2;255;236;217m[48;2;255;254;228m▀[0m[38;2;91;72;63m[48;2;141;117;109m▀[0m[38;2;0;0;0m[48;2;5;7;9m▀[0m[38;2;38;29;22m[48;2;0;0;0m▀[0m[38;2;87;73;62m[48;2;0;0;0m▀[0m[38;2;55;42;34m[48;2;25;38;45m▀[0m[38;2;16;6;0m[48;2;79;93;101m▀[0m
[38;2;164;172;176m[48;2;143;145;145m▀[0m[38;2;31;38;38m[48;2;255;255;255m▀[0m[38;2;243;255;255m[48;2;105;106;103m▀[0m[38;2;0;0;0m[48;2;0;0;0m▀[0m[38;2;0;0;0m[48;2;0;0;0m▀[0m[38;2;32;20;22m[48;2;0;0;0m▀[0m[38;2;255;220;203m[48;2;249;203;186m▀[0m[38;2;218;184;165m[48;2;255;243;220m▀[0m[38;2;255;218;199m[48;2;251;210;190m▀[0m[38;2;236;201;178m[48;2;239;200;181m▀[0m[38;2;236;197;176m[48;2;237;198;179m▀[0m[38;2;235;198;179m[48;2;236;203;185m▀[0m[38;2;234;197;178m[48;2;235;198;179m▀[0m[38;2;235;196;174m[48;2;236;192;171m▀[0m[38;2;237;193;171m[48;2;236;191;167m▀[0m[38;2;235;196;177m[48;2;236;194;173m▀[0m[38;2;241;201;180m[48;2;255;227;208m▀[0m[38;2;252;210;186m[48;2;255;241;212m▀[0m[38;2;255;247;225m[48;2;201;173;156m▀[0m[38;2;255;255;255m[48;2;108;91;87m▀[0m[38;2;131;108;98m[48;2;106;83;74m▀[0m[38;2;187;203;207m[48;2;0;0;0m▀[0m[38;2;255;255;255m[48;2;31;43;47m▀[0m[38;2;255;255;255m[48;2;44;46;47m▀[0m[38;2;255;255;255m[48;2;93;93;99m▀[0m[38;2;255;255;255m[48;2;255;255;255m▀[0m[38;2;225;233;238m[48;2;138;138;142m▀[0m[38;2;38;48;56m[48;2;41;49;48m▀[0m[38;2;63;45;38m[48;2;0;0;0m▀[0m[38;2;120;96;86m[48;2;0;0;0m▀[0m[38;2;83;68;63m[48;2;171;141;128m▀[0m[38;2;166;132;122m[48;2;255;230;208m▀[0m[38;2;222;181;163m[48;2;252;212;187m▀[0m[38;2;236;197;178m[48;2;240;201;184m▀[0m[38;2;243;201;184m[48;2;236;198;182m▀[0m[38;2;240;198;185m[48;2;235;198;177m▀[0m[38;2;233;196;178m[48;2;236;197;172m▀[0m[38;2;248;208;189m[48;2;243;200;182m▀[0m[38;2;157;130;118m[48;2;196;157;136m▀[0m[38;2;219;172;145m[48;2;221;171;142m▀[0m[38;2;238;187;158m[48;2;245;213;190m▀[0m[38;2;255;238;232m[48;2;255;255;255m▀[0m[38;2;255;255;255m[48;2;255;255;254m▀[0m[38;2;245;211;194m[48;2;243;201;177m▀[0m[38;2;207;169;153m[48;2;252;206;179m▀[0m[38;2;168;137;128m[48;2;255;222;204m▀[0m[38;2;110;89;76m[48;2;221;180;168m▀[0m[38;2;141;120;105m[48;2;0;0;0m▀[0m[38;2;165;136;123m[48;2;0;0;0m▀[0m[38;2;20;12;11m[48;2;0;0;0m▀[0m[38;2;105;113;122m[48;2;87;91;91m▀[0m[38;2;255;255;255m[48;2;219;223;223m▀[0m[38;2;255;255;255m[48;2;74;75;71m▀[0m[38;2;255;255;255m[48;2;78;81;81m▀[0m[38;2;255;255;255m[48;2;58;65;65m▀[0m[38;2;255;255;255m[48;2;0;5;12m▀[0m[38;2;105;116;130m[48;2;69;57;52m▀[0m[38;2;127;104;91m[48;2;255;250;218m▀[0m[38;2;255;227;207m[48;2;255;231;206m▀[0m[38;2;129;97;90m[48;2;189;150;132m▀[0m[38;2;255;213;194m[48;2;61;60;61m▀[0m[38;2;254;212;189m[48;2;255;255;255m▀[0m[38;2;234;195;176m[48;2;249;207;186m▀[0m[38;2;240;198;177m[48;2;236;195;173m▀[0m[38;2;237;196;176m[48;2;243;197;178m▀[0m[38;2;232;195;170m[48;2;234;199;178m▀[0m[38;2;234;203;178m[48;2;235;198;179m▀[0m[38;2;239;203;174m[48;2;239;198;178m▀[0m[38;2;240;201;179m[48;2;247;212;187m▀[0m[38;2;255;220;201m[48;2;243;208;186m▀[0m[38;2;171;138;129m[48;2;255;255;230m▀[0m[38;2;255;255;234m[48;2;114;96;83m▀[0m[38;2;0;0;0m[48;2;0;0;0m▀[0m[38;2;0;0;0m[48;2;0;0;0m▀[0m[38;2;255;255;255m[48;2;255;255;255m▀[0m[38;2;153;157;162m[48;2;97;99;103m▀[0m
[38;2;0;0;0m[48;2;0;0;0m▀[0m[38;2;164;167;168m[48;2;61;61;66m▀[0m[38;2;30;33;27m[48;2;173;171;174m▀[0m[38;2;0;0;0m[48;2;0;0;0m▀[0m[38;2;55;58;58m[48;2;127;131;132m▀[0m[38;2;70;85;90m[48;2;75;81;89m▀[0m[38;2;63;44;37m[48;2;0;0;0m▀[0m[38;2;255;255;255m[48;2;255;251;221m▀[0m[38;2;248;213;190m[48;2;255;220;193m▀[0m[38;2;241;199;179m[48;2;237;196;176m▀[0m[38;2;233;196;178m[48;2;233;193;168m▀[0m[38;2;236;197;176m[48;2;234;193;168m▀[0m[38;2;236;196;177m[48;2;238;197;176m▀[0m[38;2;237;198;176m[48;2;238;196;174m▀[0m[38;2;237;192;164m[48;2;243;203;183m▀[0m[38;2;245;203;179m[48;2;255;255;255m▀[0m[38;2;255;255;255m[48;2;214;236;245m▀[0m[38;2;49;33;27m[48;2;38;24;12m▀[0m[38;2;0;0;0m[48;2;255;236;208m▀[0m[38;2;151;124;111m[48;2;255;248;221m▀[0m[38;2;238;196;176m[48;2;255;235;210m▀[0m[38;2;210;169;143m[48;2;255;255;250m▀[0m[38;2;0;0;0m[48;2;255;217;196m▀[0m[38;2;0;0;0m[48;2;0;0;0m▀[0m[38;2;0;0;0m[48;2;0;0;0m▀[0m[38;2;35;37;44m[48;2;0;0;0m▀[0m[38;2;180;178;182m[48;2;0;0;0m▀[0m[38;2;143;143;149m[48;2;33;39;41m▀[0m[38;2;0;0;0m[48;2;0;0;0m▀[0m[38;2;185;155;136m[48;2;255;213;191m▀[0m[38;2;255;255;255m[48;2;255;241;218m▀[0m[38;2;249;209;187m[48;2;250;211;186m▀[0m[38;2;240;199;179m[48;2;243;203;177m▀[0m[38;2;237;198;179m[48;2;241;197;177m▀[0m[38;2;236;199;178m[48;2;237;198;180m▀[0m[38;2;236;201;180m[48;2;234;199;171m▀[0m[38;2;236;197;174m[48;2;232;192;169m▀[0m[38;2;235;190;173m[48;2;234;186;166m▀[0m[38;2;240;186;156m[48;2;232;187;163m▀[0m[38;2;255;254;250m[48;2;255;255;255m▀[0m[38;2;255;255;255m[48;2;255;255;252m▀[0m[38;2;245;217;199m[48;2;222;166;139m▀[0m[38;2;222;165;135m[48;2;233;193;174m▀[0m[38;2;237;191;167m[48;2;236;195;174m▀[0m[38;2;239;199;177m[48;2;236;197;178m▀[0m[38;2;243;204;182m[48;2;249;208;190m▀[0m[38;2;255;253;230m[48;2;255;217;195m▀[0m[38;2;255;227;203m[48;2;255;255;249m▀[0m[38;2;0;0;0m[48;2;46;37;35m▀[0m[38;2;122;127;132m[48;2;34;42;47m▀[0m[38;2;203;210;214m[48;2;0;0;0m▀[0m[38;2;32;36;36m[48;2;0;0;0m▀[0m[38;2;0;0;0m[48;2;0;0;0m▀[0m[38;2;0;0;0m[48;2;0;0;0m▀[0m[38;2;0;0;0m[48;2;0;0;0m▀[0m[38;2;0;0;0m[48;2;255;239;216m▀[0m[38;2;255;245;216m[48;2;255;239;216m▀[0m[38;2;255;228;199m[48;2;247;205;181m▀[0m[38;2;241;201;179m[48;2;245;205;183m▀[0m[38;2;255;232;207m[48;2;236;199;174m▀[0m[38;2;176;139;119m[48;2;255;237;209m▀[0m[38;2;127;157;168m[48;2;146;119;104m▀[0m[38;2;255;255;251m[48;2;37;39;39m▀[0m[38;2;249;201;174m[48;2;255;247;223m▀[0m[38;2;241;201;182m[48;2;239;205;181m▀[0m[38;2;235;201;174m[48;2;240;201;183m▀[0m[38;2;237;197;179m[48;2;237;198;177m▀[0m[38;2;234;195;173m[48;2;234;195;172m▀[0m[38;2;241;203;180m[48;2;240;199;178m▀[0m[38;2;255;225;204m[48;2;255;248;220m▀[0m[38;2;255;255;237m[48;2;199;169;152m▀[0m[38;2;0;0;0m[48;2;0;0;0m▀[0m[38;2;0;0;0m[48;2;0;0;0m▀[0m[38;2;0;0;0m[48;2;60;62;62m▀[0m[38;2;217;219;219m[48;2;135;137;138m▀[0m[38;2;91;96;96m[48;2;0;0;0m▀[0m
[38;2;0;0;0m[48;2;0;0;0m▀[0m[38;2;0;0;0m[48;2;0;0;0m▀[0m[38;2;240;238;247m[48;2;225;228;230m▀[0m[38;2;0;0;0m[48;2;6;9;9m▀[0m[38;2;165;167;167m[48;2;159;159;159m▀[0m[38;2;4;11;15m[48;2;0;0;0m▀[0m[38;2;0;0;0m[48;2;72;83;91m▀[0m[38;2;191;155;142m[48;2;27;18;14m▀[0m[38;2;255;247;213m[48;2;255;255;234m▀[0m[38;2;239;198;178m[48;2;247;207;185m▀[0m[38;2;236;195;173m[48;2;238;199;177m▀[0m[38;2;236;199;177m[48;2;241;200;177m▀[0m[38;2;244;201;180m[48;2;255;222;198m▀[0m[38;2;253;196;172m[48;2;199;158;135m▀[0m[38;2;233;213;203m[48;2;0;0;0m▀[0m[38;2;255;255;255m[48;2;255;255;255m▀[0m[38;2;255;255;255m[48;2;252;217;197m▀[0m[38;2;255;226;191m[48;2;234;194;168m▀[0m[38;2;251;214;187m[48;2;255;227;203m▀[0m[38;2;249;218;194m[48;2;239;190;172m▀[0m[38;2;253;222;198m[48;2;253;185;168m▀[0m[38;2;255;217;198m[48;2;255;254;233m▀[0m[38;2;255;255;255m[48;2;162;141;132m▀[0m[38;2;255;235;212m[48;2;255;219;203m▀[0m[38;2;0;0;0m[48;2;255;219;194m▀[0m[38;2;0;0;0m[48;2;0;0;0m▀[0m[38;2;0;0;0m[48;2;0;0;0m▀[0m[38;2;0;0;0m[48;2;0;0;0m▀[0m[38;2;0;0;0m[48;2;0;0;0m▀[0m[38;2;247;203;181m[48;2;167;141;128m▀[0m[38;2;255;252;226m[48;2;255;255;255m▀[0m[38;2;255;222;198m[48;2;176;154;146m▀[0m[38;2;245;205;180m[48;2;217;183;164m▀[0m[38;2;239;197;176m[48;2;246;205;181m▀[0m[38;2;237;198;177m[48;2;241;201;187m▀[0m[38;2;235;198;170m[48;2;245;204;186m▀[0m[38;2;227;176;151m[48;2;233;185;160m▀[0m[38;2;255;255;255m[48;2;255;248;249m▀[0m[38;2;255;255;255m[48;2;255;255;255m▀[0m[38;2;252;228;214m[48;2;250;201;158m▀[0m[38;2;255;249;240m[48;2;255;255;255m▀[0m[38;2;230;178;146m[48;2;244;208;191m▀[0m[38;2;235;194;172m[48;2;240;194;169m▀[0m[38;2;231;189;167m[48;2;240;199;179m▀[0m[38;2;233;193;173m[48;2;239;199;182m▀[0m[38;2;246;209;187m[48;2;234;199;174m▀[0m[38;2;255;227;207m[48;2;230;191;165m▀[0m[38;2;255;255;255m[48;2;255;255;250m▀[0m[38;2;27;25;20m[48;2;0;0;0m▀[0m[38;2;0;0;0m[48;2;0;0;0m▀[0m[38;2;0;0;0m[48;2;0;0;0m▀[0m[38;2;0;0;0m[48;2;0;0;0m▀[0m[38;2;0;0;0m[48;2;0;0;0m▀[0m[38;2;0;0;0m[48;2;222;87;70m▀[0m[38;2;255;165;143m[48;2;255;182;158m▀[0m[38;2;255;255;231m[48;2;253;219;197m▀[0m[38;2;244;207;184m[48;2;243;206;179m▀[0m[38;2;243;203;178m[48;2;239;200;173m▀[0m[38;2;240;201;179m[48;2;237;198;179m▀[0m[38;2;243;204;182m[48;2;238;201;183m▀[0m[38;2;243;211;190m[48;2;243;212;192m▀[0m[38;2;255;217;190m[48;2;255;217;187m▀[0m[38;2;24;0;0m[48;2;200;16;5m▀[0m[38;2;145;127;122m[48;2;2;0;0m▀[0m[38;2;255;239;208m[48;2;255;236;206m▀[0m[38;2;237;201;183m[48;2;249;212;190m▀[0m[38;2;237;204;184m[48;2;239;203;184m▀[0m[38;2;239;199;180m[48;2;238;197;172m▀[0m[38;2;245;203;184m[48;2;252;210;190m▀[0m[38;2;255;255;246m[48;2;255;255;246m▀[0m[38;2;83;60;46m[48;2;0;0;0m▀[0m[38;2;59;75;86m[48;2;30;43;50m▀[0m[38;2;14;17;18m[48;2;115;117;115m▀[0m[38;2;105;109;109m[48;2;147;150;150m▀[0m[38;2;93;97;97m[48;2;23;23;23m▀[0m[38;2;0;0;0m[48;2;0;0;0m▀[0m
[38;2;0;0;0m[48;2;22;22;22m▀[0m[38;2;0;0;0m[48;2;0;0;0m▀[0m[38;2;131;131;129m[48;2;35;34;34m▀[0m[38;2;141;144;144m[48;2;176;178;178m▀[0m[38;2;30;30;30m[48;2;0;0;0m▀[0m[38;2;115;117;119m[48;2;255;255;255m▀[0m[38;2;248;255;255m[48;2;169;178;185m▀[0m[38;2;0;0;0m[48;2;0;0;0m▀[0m[38;2;255;220;192m[48;2;191;155;136m▀[0m[38;2;255;226;206m[48;2;255;252;230m▀[0m[38;2;246;207;184m[48;2;250;210;185m▀[0m[38;2;245;205;183m[48;2;255;223;205m▀[0m[38;2;255;255;232m[48;2;233;196;178m▀[0m[38;2;6;4;2m[48;2;0;0;0m▀[0m[38;2;27;15;17m[48;2;252;213;191m▀[0m[38;2;255;255;237m[48;2;255;216;186m▀[0m[38;2;234;192;168m[48;2;246;204;180m▀[0m[38;2;255;222;199m[48;2;255;234;210m▀[0m[38;2;255;255;237m[48;2;225;178;157m▀[0m[38;2;169;62;46m[48;2;28;0;0m▀[0m[38;2;182;87;73m[48;2;0;0;0m▀[0m[38;2;49;48;43m[48;2;195;170;147m▀[0m[38;2;110;93;81m[48;2;255;253;224m▀[0m[38;2;241;210;191m[48;2;255;219;198m▀[0m[38;2;255;255;255m[48;2;255;255;235m▀[0m[38;2;233;36;29m[48;2;249;139;124m▀[0m[38;2;0;0;0m[48;2;183;0;0m▀[0m[38;2;0;0;0m[48;2;0;0;0m▀[0m[38;2;0;0;0m[48;2;0;0;0m▀[0m[38;2;0;1;6m[48;2;54;44;39m▀[0m[38;2;143;125;116m[48;2;248;207;185m▀[0m[38;2;126;105;95m[48;2;255;226;200m▀[0m[38;2;255;213;191m[48;2;249;212;191m▀[0m[38;2;250;211;194m[48;2;221;171;139m▀[0m[38;2;233;187;170m[48;2;219;157;128m▀[0m[38;2;197;158;137m[48;2;233;181;150m▀[0m[38;2;180;135;109m[48;2;237;152;118m▀[0m[38;2;216;186;179m[48;2;255;255;255m▀[0m[38;2;182;143;136m[48;2;164;142;137m▀[0m[38;2;184;84;49m[48;2;122;35;11m▀[0m[38;2;243;201;180m[48;2;245;174;151m▀[0m[38;2;255;255;255m[48;2;255;255;255m▀[0m[38;2;192;150;128m[48;2;235;211;195m▀[0m[38;2;217;180;158m[48;2;193;146;122m▀[0m[38;2;245;211;194m[48;2;205;166;146m▀[0m[38;2;252;208;190m[48;2;248;204;185m▀[0m[38;2;217;177;150m[48;2;255;226;205m▀[0m[38;2;162;130;110m[48;2;255;227;203m▀[0m[38;2;0;0;0m[48;2;87;68;58m▀[0m[38;2;0;0;0m[48;2;0;0;0m▀[0m[38;2;0;0;0m[48;2;0;0;0m▀[0m[38;2;0;7;9m[48;2;253;209;189m▀[0m[38;2;255;158;138m[48;2;255;129;111m▀[0m[38;2;255;179;156m[48;2;255;224;204m▀[0m[38;2;255;226;197m[48;2;246;213;185m▀[0m[38;2;248;211;190m[48;2;234;197;172m▀[0m[38;2;237;200;179m[48;2;236;197;178m▀[0m[38;2;238;198;177m[48;2;235;198;176m▀[0m[38;2;235;196;177m[48;2;235;196;177m▀[0m[38;2;235;198;177m[48;2;235;198;177m▀[0m[38;2;238;207;186m[48;2;238;207;186m▀[0m[38;2;252;226;205m[48;2;248;223;209m▀[0m[38;2;252;111;86m[48;2;255;219;189m▀[0m[38;2;61;0;0m[48;2;222;150;130m▀[0m[38;2;144;143;127m[48;2;65;48;48m▀[0m[38;2;255;237;214m[48;2;255;238;217m▀[0m[38;2;241;201;185m[48;2;244;204;178m▀[0m[38;2;239;198;174m[48;2;244;209;187m▀[0m[38;2;255;221;197m[48;2;255;240;217m▀[0m[38;2;255;236;211m[48;2;208;169;147m▀[0m[38;2;0;0;0m[48;2;0;0;0m▀[0m[38;2;0;0;0m[48;2;87;92;99m▀[0m[38;2;203;205;205m[48;2;238;240;243m▀[0m[38;2;156;158;158m[48;2;185;184;184m▀[0m[38;2;0;0;0m[48;2;0;0;0m▀[0m[38;2;0;0;0m[48;2;110;113;113m▀[0m
[38;2;178;178;183m[48;2;255;255;255m▀[0m[38;2;0;0;0m[48;2;0;0;0m▀[0m[38;2;0;0;0m[48;2;0;0;0m▀[0m[38;2;96;98;98m[48;2;8;11;11m▀[0m[38;2;131;135;135m[48;2;255;255;255m▀[0m[38;2;255;255;255m[48;2;151;153;154m▀[0m[38;2;5;7;11m[48;2;0;0;0m▀[0m[38;2;0;0;0m[48;2;0;0;0m▀[0m[38;2;73;60;49m[48;2;0;1;2m▀[0m[38;2;255;255;241m[48;2;255;240;220m▀[0m[38;2;249;209;183m[48;2;255;232;206m▀[0m[38;2;255;255;228m[48;2;255;255;227m▀[0m[38;2;88;74;65m[48;2;0;0;0m▀[0m[38;2;39;32;29m[48;2;163;136;120m▀[0m[38;2;255;255;232m[48;2;255;243;218m▀[0m[38;2;250;209;187m[48;2;253;213;195m▀[0m[38;2;248;208;186m[48;2;255;238;210m▀[0m[38;2;255;253;226m[48;2;190;165;146m▀[0m[38;2;22;8;7m[48;2;0;0;0m▀[0m[38;2;0;0;0m[48;2;226;54;48m▀[0m[38;2;250;174;159m[48;2;255;181;156m▀[0m[38;2;255;251;228m[48;2;250;223;199m▀[0m[38;2;244;210;185m[48;2;243;208;184m▀[0m[38;2;240;207;185m[48;2;240;201;182m▀[0m[38;2;255;236;216m[48;2;248;224;200m▀[0m[38;2;224;171;153m[48;2;222;170;149m▀[0m[38;2;252;138;118m[48;2;228;156;141m▀[0m[38;2;226;180;160m[48;2;255;248;224m▀[0m[38;2;0;0;0m[48;2;200;174;154m▀[0m[38;2;255;255;233m[48;2;129;102;89m▀[0m[38;2;255;241;218m[48;2;255;237;212m▀[0m[38;2;252;211;187m[48;2;241;205;182m▀[0m[38;2;232;178;149m[48;2;241;197;179m▀[0m[38;2;247;221;205m[48;2;255;255;255m▀[0m[38;2;255;249;239m[48;2;243;217;205m▀[0m[38;2;225;169;139m[48;2;227;170;144m▀[0m[38;2;237;192;172m[48;2;255;255;255m▀[0m[38;2;255;255;255m[48;2;255;255;255m▀[0m[38;2;255;243;233m[48;2;255;255;255m▀[0m[38;2;255;158;123m[48;2;239;178;150m▀[0m[38;2;254;176;146m[48;2;238;182;149m▀[0m[38;2;241;179;141m[48;2;255;240;230m▀[0m[38;2;240;200;176m[48;2;239;199;177m▀[0m[38;2;250;209;192m[48;2;233;194;174m▀[0m[38;2;220;173;153m[48;2;240;198;178m▀[0m[38;2;237;192;169m[48;2;237;200;181m▀[0m[38;2;255;210;195m[48;2;249;204;183m▀[0m[38;2;255;228;211m[48;2;255;216;194m▀[0m[38;2;255;255;255m[48;2;236;203;176m▀[0m[38;2;54;45;37m[48;2;111;91;83m▀[0m[38;2;125;120;109m[48;2;255;255;255m▀[0m[38;2;255;218;193m[48;2;195;81;65m▀[0m[38;2;212;110;96m[48;2;214;101;86m▀[0m[38;2;255;255;252m[48;2;255;255;253m▀[0m[38;2;250;233;217m[48;2;254;235;221m▀[0m[38;2;232;191;165m[48;2;231;186;160m▀[0m[38;2;237;198;179m[48;2;237;198;177m▀[0m[38;2;235;198;177m[48;2;236;196;171m▀[0m[38;2;235;198;179m[48;2;234;197;176m▀[0m[38;2;235;196;174m[48;2;235;198;179m▀[0m[38;2;236;197;178m[48;2;235;196;177m▀[0m[38;2;240;207;193m[48;2;234;195;176m▀[0m[38;2;243;208;186m[48;2;239;199;181m▀[0m[38;2;255;238;214m[48;2;255;239;216m▀[0m[38;2;54;42;37m[48;2;105;91;83m▀[0m[38;2;207;183;165m[48;2;119;101;91m▀[0m[38;2;255;224;203m[48;2;255;250;222m▀[0m[38;2;249;207;185m[48;2;253;212;191m▀[0m[38;2;255;255;241m[48;2;255;255;238m▀[0m[38;2;113;89;73m[48;2;34;25;20m▀[0m[38;2;0;0;0m[48;2;0;0;0m▀[0m[38;2;255;255;255m[48;2;165;168;167m▀[0m[38;2;152;151;151m[48;2;255;255;254m▀[0m[38;2;3;3;5m[48;2;0;0;0m▀[0m[38;2;0;0;0m[48;2;54;54;54m▀[0m[38;2;200;199;199m[48;2;213;213;213m▀[0m
[38;2;216;213;217m[48;2;124;123;123m▀[0m[38;2;77;81;82m[48;2;154;154;159m▀[0m[38;2;0;0;0m[48;2;96;95;95m▀[0m[38;2;255;255;255m[48;2;255;255;255m▀[0m[38;2;255;255;255m[48;2;58;58;58m▀[0m[38;2;0;0;0m[48;2;20;20;22m▀[0m[38;2;37;41;41m[48;2;36;38;38m▀[0m[38;2;82;90;90m[48;2;0;0;0m▀[0m[38;2;0;0;0m[48;2;0;0;0m▀[0m[38;2;221;182;165m[48;2;98;84;75m▀[0m[38;2;255;255;247m[48;2;255;255;255m▀[0m[38;2;255;219;193m[48;2;204;170;157m▀[0m[38;2;0;0;0m[48;2;0;0;0m▀[0m[38;2;241;205;183m[48;2;255;244;218m▀[0m[38;2;255;225;200m[48;2;252;211;193m▀[0m[38;2;255;220;201m[48;2;255;245;223m▀[0m[38;2;252;212;193m[48;2;142;113;98m▀[0m[38;2;32;11;3m[48;2;46;0;0m▀[0m[38;2;208;73;58m[48;2;255;204;172m▀[0m[38;2;230;101;95m[48;2;249;192;170m▀[0m[38;2;255;225;203m[48;2;255;255;254m▀[0m[38;2;241;203;180m[48;2;237;200;182m▀[0m[38;2;235;196;174m[48;2;233;193;170m▀[0m[38;2;236;197;176m[48;2;236;197;176m▀[0m[38;2;234;204;178m[48;2;235;198;176m▀[0m[38;2;243;218;194m[48;2;240;201;179m▀[0m[38;2;249;211;199m[48;2;239;200;196m▀[0m[38;2;230;163;150m[48;2;203;118;106m▀[0m[38;2;255;253;227m[48;2;255;226;198m▀[0m[38;2;111;87;74m[48;2;246;204;187m▀[0m[38;2;182;153;136m[48;2;86;68;63m▀[0m[38;2;255;220;198m[48;2;255;216;191m▀[0m[38;2;239;208;186m[48;2;240;194;171m▀[0m[38;2;247;222;208m[48;2;255;231;211m▀[0m[38;2;218;147;118m[48;2;243;209;190m▀[0m[38;2;245;205;185m[48;2;246;225;211m▀[0m[38;2;255;255;255m[48;2;255;247;238m▀[0m[38;2;255;255;255m[48;2;237;187;155m▀[0m[38;2;255;255;255m[48;2;237;198;176m▀[0m[38;2;255;255;255m[48;2;255;255;255m▀[0m[38;2;255;255;255m[48;2;255;255;255m▀[0m[38;2;255;255;253m[48;2;223;167;133m▀[0m[38;2;235;194;167m[48;2;233;189;164m▀[0m[38;2;236;194;170m[48;2;235;194;170m▀[0m[38;2;236;196;174m[48;2;236;196;177m▀[0m[38;2;238;204;180m[48;2;238;201;177m▀[0m[38;2;243;206;186m[48;2;255;226;204m▀[0m[38;2;255;235;217m[48;2;186;155;140m▀[0m[38;2;98;77;66m[48;2;116;92;81m▀[0m[38;2;201;171;152m[48;2;255;245;220m▀[0m[38;2;255;255;236m[48;2;245;208;185m▀[0m[38;2;154;25;16m[48;2;186;79;57m▀[0m[38;2;214;141;118m[48;2;245;220;198m▀[0m[38;2;255;255;255m[48;2;255;255;255m▀[0m[38;2;254;232;218m[48;2;248;228;216m▀[0m[38;2;227;180;152m[48;2;226;179;152m▀[0m[38;2;234;192;168m[48;2;234;195;172m▀[0m[38;2;234;190;165m[48;2;231;194;167m▀[0m[38;2;243;209;189m[48;2;255;238;226m▀[0m[38;2;251;226;212m[48;2;238;207;190m▀[0m[38;2;230;190;167m[48;2;235;194;173m▀[0m[38;2;234;195;168m[48;2;235;198;177m▀[0m[38;2;239;203;181m[48;2;240;200;178m▀[0m[38;2;255;226;205m[48;2;250;211;190m▀[0m[38;2;186;160;146m[48;2;239;208;184m▀[0m[38;2;60;47;44m[48;2;38;32;31m▀[0m[38;2;255;248;218m[48;2;255;223;197m▀[0m[38;2;255;232;211m[48;2;255;255;244m▀[0m[38;2;255;245;223m[48;2;218;182;168m▀[0m[38;2;0;0;0m[48;2;0;0;0m▀[0m[38;2;11;18;22m[48;2;0;0;0m▀[0m[38;2;50;49;50m[48;2;37;35;38m▀[0m[38;2;255;255;255m[48;2;186;189;189m▀[0m[38;2;172;172;169m[48;2;255;255;255m▀[0m[38;2;0;0;0m[48;2;33;33;30m▀[0m[38;2;179;179;179m[48;2;0;0;0m▀[0m
[38;2;0;0;0m[48;2;0;0;0m▀[0m[38;2;27;27;29m[48;2;115;115;115m▀[0m[38;2;255;255;255m[48;2;255;255;255m▀[0m[38;2;198;198;198m[48;2;72;69;69m▀[0m[38;2;0;0;0m[48;2;0;0;0m▀[0m[38;2;0;0;0m[48;2;46;46;46m▀[0m[38;2;36;36;36m[48;2;7;7;9m▀[0m[38;2;100;102;103m[48;2;0;0;0m▀[0m[38;2;0;0;0m[48;2;0;0;0m▀[0m[38;2;0;0;0m[48;2;0;0;0m▀[0m[38;2;255;255;255m[48;2;255;220;196m▀[0m[38;2;167;144;131m[48;2;159;130;117m▀[0m[38;2;10;6;9m[48;2;45;36;36m▀[0m[38;2;255;255;233m[48;2;255;255;230m▀[0m[38;2;249;208;186m[48;2;255;213;193m▀[0m[38;2;255;251;231m[48;2;234;210;198m▀[0m[38;2;20;11;9m[48;2;86;20;15m▀[0m[38;2;115;64;56m[48;2;238;144;130m▀[0m[38;2;255;255;232m[48;2;255;233;213m▀[0m[38;2;231;197;173m[48;2;233;192;173m▀[0m[38;2;255;248;236m[48;2;238;205;183m▀[0m[38;2;252;226;210m[48;2;255;245;232m▀[0m[38;2;227;186;163m[48;2;232;192;169m▀[0m[38;2;237;198;179m[48;2;232;193;173m▀[0m[38;2;237;200;179m[48;2;235;201;177m▀[0m[38;2;228;189;163m[48;2;226;184;158m▀[0m[38;2;255;252;247m[48;2;255;246;239m▀[0m[38;2;233;196;179m[48;2;237;200;181m▀[0m[38;2;235;193;171m[48;2;236;189;165m▀[0m[38;2;255;230;208m[48;2;241;200;180m▀[0m[38;2;173;145;129m[48;2;255;226;203m▀[0m[38;2;149;123;106m[48;2;58;46;37m▀[0m[38;2;255;235;207m[48;2;125;99;88m▀[0m[38;2;255;232;216m[48;2;232;186;166m▀[0m[38;2;244;214;198m[48;2;247;203;184m▀[0m[38;2;251;232;219m[48;2;234;192;168m▀[0m[38;2;232;173;147m[48;2;237;198;172m▀[0m[38;2;234;184;160m[48;2;244;192;160m▀[0m[38;2;255;255;252m[48;2;255;254;241m▀[0m[38;2;255;255;255m[48;2;255;255;255m▀[0m[38;2;255;240;232m[48;2;245;213;194m▀[0m[38;2;227;174;149m[48;2;246;201;171m▀[0m[38;2;238;194;176m[48;2;246;200;177m▀[0m[38;2;235;196;177m[48;2;240;196;178m▀[0m[38;2;238;203;184m[48;2;246;210;191m▀[0m[38;2;253;219;197m[48;2;236;205;189m▀[0m[38;2;255;228;211m[48;2;82;66;64m▀[0m[38;2;77;61;52m[48;2;103;85;74m▀[0m[38;2;237;200;178m[48;2;255;236;203m▀[0m[38;2;255;223;204m[48;2;243;204;182m▀[0m[38;2;241;197;179m[48;2;230;177;151m▀[0m[38;2;189;83;59m[48;2;205;111;98m▀[0m[38;2;255;255;255m[48;2;252;239;227m▀[0m[38;2;254;255;251m[48;2;243;213;197m▀[0m[38;2;249;220;204m[48;2;250;230;214m▀[0m[38;2;234;184;162m[48;2;226;180;153m▀[0m[38;2;232;193;170m[48;2;233;194;171m▀[0m[38;2;238;207;190m[48;2;241;208;184m▀[0m[38;2;247;220;205m[48;2;235;198;179m▀[0m[38;2;237;193;172m[48;2;237;197;178m▀[0m[38;2;238;199;180m[48;2;237;198;179m▀[0m[38;2;235;198;179m[48;2;236;197;178m▀[0m[38;2;236;199;174m[48;2;234;200;180m▀[0m[38;2;241;203;184m[48;2;240;201;180m▀[0m[38;2;255;228;208m[48;2;255;237;217m▀[0m[38;2;47;41;35m[48;2;69;55;54m▀[0m[38;2;246;201;180m[48;2;236;194;173m▀[0m[38;2;255;255;255m[48;2;255;255;252m▀[0m[38;2;96;84;73m[48;2;0;0;0m▀[0m[38;2;0;0;5m[48;2;0;0;0m▀[0m[38;2;0;0;0m[48;2;8;10;8m▀[0m[38;2;0;0;0m[48;2;44;44;44m▀[0m[38;2;3;6;6m[48;2;0;0;0m▀[0m[38;2;255;255;255m[48;2;37;38;35m▀[0m[38;2;236;233;233m[48;2;250;247;250m▀[0m[38;2;0;0;0m[48;2;137;137;137m▀[0m
[38;2;49;49;49m[48;2;212;212;214m▀[0m[38;2;237;237;237m[48;2;251;254;255m▀[0m[38;2;217;217;218m[48;2;255;255;255m▀[0m[38;2;0;0;0m[48;2;198;201;204m▀[0m[38;2;33;32;33m[48;2;213;213;213m▀[0m[38;2;100;103;100m[48;2;255;255;255m▀[0m[38;2;153;158;153m[48;2;255;255;255m▀[0m[38;2;174;178;179m[48;2;255;255;255m▀[0m[38;2;198;201;203m[48;2;249;251;249m▀[0m[38;2;72;85;88m[48;2;241;251;254m▀[0m[38;2;102;79;62m[48;2;55;52;47m▀[0m[38;2;169;141;125m[48;2;102;83;70m▀[0m[38;2;68;60;50m[48;2;102;84;74m▀[0m[38;2;255;255;235m[48;2;255;255;228m▀[0m[38;2;244;201;177m[48;2;238;196;174m▀[0m[38;2;251;223;203m[48;2;250;222;199m▀[0m[38;2;211;117;97m[48;2;210;153;131m▀[0m[38;2;236;163;142m[48;2;226;181;160m▀[0m[38;2;248;222;204m[48;2;241;213;192m▀[0m[38;2;236;195;177m[48;2;233;194;174m▀[0m[38;2;233;192;167m[48;2;235;198;176m▀[0m[38;2;249;219;206m[48;2;233;194;169m▀[0m[38;2;249;216;201m[48;2;238;201;183m▀[0m[38;2;233;189;167m[48;2;239;200;182m▀[0m[38;2;236;201;178m[48;2;237;195;178m▀[0m[38;2;224;177;150m[48;2;225;178;154m▀[0m[38;2;255;255;255m[48;2;255;255;255m▀[0m[38;2;255;255;255m[48;2;255;255;255m▀[0m[38;2;233;185;160m[48;2;231;185;160m▀[0m[38;2;235;196;177m[48;2;238;198;176m▀[0m[38;2;255;220;194m[48;2;243;195;172m▀[0m[38;2;194;163;139m[48;2;255;219;193m▀[0m[38;2;127;102;84m[48;2;145;117;100m▀[0m[38;2;200;170;159m[48;2;237;187;173m▀[0m[38;2;222;185;170m[48;2;255;217;204m▀[0m[38;2;250;213;194m[48;2;230;200;184m▀[0m[38;2;245;211;192m[48;2;120;100;87m▀[0m[38;2;190;156;143m[48;2;110;77;64m▀[0m[38;2;219;192;179m[48;2;201;154;133m▀[0m[38;2;255;255;255m[48;2;254;198;168m▀[0m[38;2;236;197;178m[48;2;244;184;159m▀[0m[38;2;185;159;141m[48;2;155;112;103m▀[0m[38;2;227;199;178m[48;2;115;90;81m▀[0m[38;2;255;223;204m[48;2;189;160;143m▀[0m[38;2;223;187;170m[48;2;255;240;216m▀[0m[38;2;233;189;168m[48;2;147;128;113m▀[0m[38;2;101;81;66m[48;2;104;86;75m▀[0m[38;2;223;187;168m[48;2;255;235;212m▀[0m[38;2;255;214;190m[48;2;239;200;181m▀[0m[38;2;235;196;177m[48;2;232;186;162m▀[0m[38;2;235;182;155m[48;2;245;209;195m▀[0m[38;2;255;249;237m[48;2;255;255;255m▀[0m[38;2;232;193;167m[48;2;218;171;139m▀[0m[38;2;255;255;255m[48;2;255;255;255m▀[0m[38;2;248;228;216m[48;2;253;239;232m▀[0m[38;2;223;173;149m[48;2;222;172;145m▀[0m[38;2;235;193;171m[48;2;237;198;179m▀[0m[38;2;236;197;176m[48;2;234;197;178m▀[0m[38;2;236;196;177m[48;2;230;192;176m▀[0m[38;2;236;195;174m[48;2;235;196;177m▀[0m[38;2;235;196;177m[48;2;234;195;176m▀[0m[38;2;235;196;177m[48;2;234;195;176m▀[0m[38;2;237;203;179m[48;2;238;199;180m▀[0m[38;2;238;199;178m[48;2;237;198;180m▀[0m[38;2;255;240;217m[48;2;255;248;221m▀[0m[38;2;73;61;55m[48;2;69;59;51m▀[0m[38;2;252;207;184m[48;2;255;213;193m▀[0m[38;2;220;178;157m[48;2;75;55;46m▀[0m[38;2;0;0;0m[48;2;207;220;227m▀[0m[38;2;84;91;91m[48;2;255;255;255m▀[0m[38;2;82;85;84m[48;2;255;255;255m▀[0m[38;2;132;132;129m[48;2;255;255;255m▀[0m[38;2;182;182;182m[48;2;255;255;255m▀[0m[38;2;41;41;38m[48;2;255;255;255m▀[0m[38;2;228;228;228m[48;2;245;248;250m▀[0m[38;2;181;184;186m[48;2;159;157;160m▀[0m
[38;2;200;197;200m[48;2;0;0;0m▀[0m[38;2;200;200;195m[48;2;20;18;16m▀[0m[38;2;164;164;165m[48;2;2;2;0m▀[0m[38;2;174;178;179m[48;2;119;119;114m▀[0m[38;2;193;193;195m[48;2;0;0;0m▀[0m[38;2;183;186;189m[48;2;0;0;0m▀[0m[38;2;143;146;149m[48;2;146;146;147m▀[0m[38;2;172;172;172m[48;2;0;0;0m▀[0m[38;2;180;185;191m[48;2;0;0;0m▀[0m[38;2;217;223;236m[48;2;0;0;0m▀[0m[38;2;143;150;160m[48;2;0;0;0m▀[0m[38;2;0;0;0m[48;2;0;0;0m▀[0m[38;2;124;104;90m[48;2;65;61;57m▀[0m[38;2;255;255;231m[48;2;255;255;244m▀[0m[38;2;240;201;180m[48;2;249;208;186m▀[0m[38;2;243;217;195m[48;2;250;220;198m▀[0m[38;2;214;163;141m[48;2;209;154;130m▀[0m[38;2;232;186;167m[48;2;230;178;157m▀[0m[38;2;240;209;192m[48;2;243;212;192m▀[0m[38;2;234;195;177m[48;2;233;193;173m▀[0m[38;2;236;197;176m[48;2;236;197;176m▀[0m[38;2;234;197;178m[48;2;235;198;179m▀[0m[38;2;237;198;179m[48;2;234;197;170m▀[0m[38;2;238;210;192m[48;2;236;191;171m▀[0m[38;2;235;191;172m[48;2;230;189;170m▀[0m[38;2;231;181;154m[48;2;231;191;168m▀[0m[38;2;255;255;255m[48;2;255;240;240m▀[0m[38;2;233;195;181m[48;2;225;179;152m▀[0m[38;2;231;184;159m[48;2;233;193;170m▀[0m[38;2;239;192;174m[48;2;231;181;153m▀[0m[38;2;241;205;182m[48;2;255;248;232m▀[0m[38;2;255;209;189m[48;2;255;255;255m▀[0m[38;2;194;160;143m[48;2;251;205;180m▀[0m[38;2;106;84;70m[48;2;214;183;163m▀[0m[38;2;255;223;201m[48;2;226;199;189m▀[0m[38;2;226;203;177m[48;2;255;204;178m▀[0m[38;2;243;177;154m[48;2;255;165;135m▀[0m[38;2;255;186;165m[48;2;255;190;163m▀[0m[38;2;255;172;143m[48;2;255;172;144m▀[0m[38;2;205;113;95m[48;2;179;66;56m▀[0m[38;2;255;171;143m[48;2;240;146;122m▀[0m[38;2;255;190;165m[48;2;255;197;173m▀[0m[38;2;255;172;149m[48;2;255;166;139m▀[0m[38;2;228;174;153m[48;2;255;185;152m▀[0m[38;2;232;203;184m[48;2;224;190;166m▀[0m[38;2;110;93;82m[48;2;250;208;191m▀[0m[38;2;239;203;184m[48;2;239;194;174m▀[0m[38;2;254;212;191m[48;2;231;191;165m▀[0m[38;2;237;198;179m[48;2;235;190;165m▀[0m[38;2;226;176;149m[48;2;236;200;182m▀[0m[38;2;255;255;255m[48;2;255;255;255m▀[0m[38;2;254;241;230m[48;2;239;209;183m▀[0m[38;2;216;164;131m[48;2;228;178;151m▀[0m[38;2;255;255;255m[48;2;228;187;162m▀[0m[38;2;255;255;255m[48;2;227;189;170m▀[0m[38;2;230;180;153m[48;2;236;194;173m▀[0m[38;2;236;194;176m[48;2;235;196;173m▀[0m[38;2;234;197;178m[48;2;235;198;176m▀[0m[38;2;236;197;176m[48;2;236;199;178m▀[0m[38;2;236;197;178m[48;2;237;198;179m▀[0m[38;2;235;196;177m[48;2;237;198;180m▀[0m[38;2;235;196;177m[48;2;235;198;177m▀[0m[38;2;238;199;182m[48;2;240;198;181m▀[0m[38;2;244;203;182m[48;2;248;208;185m▀[0m[38;2;255;252;230m[48;2;255;250;225m▀[0m[38;2;93;74;69m[48;2;119;100;90m▀[0m[38;2;201;162;147m[48;2;0;0;0m▀[0m[38;2;0;0;0m[48;2;0;0;0m▀[0m[38;2;60;66;70m[48;2;143;146;146m▀[0m[38;2;93;96;96m[48;2;0;0;0m▀[0m[38;2;77;77;78m[48;2;122;122;123m▀[0m[38;2;84;84;82m[48;2;12;15;15m▀[0m[38;2;93;97;97m[48;2;0;0;0m▀[0m[38;2;75;75;73m[48;2;143;143;143m▀[0m[38;2;69;72;73m[48;2;17;17;18m▀[0m[38;2;59;58;59m[48;2;95;93;91m▀[0m
[38;2;87;87;85m[48;2;183;180;180m▀[0m[38;2;12;12;12m[48;2;24;24;21m▀[0m[38;2;75;77;75m[48;2;63;63;65m▀[0m[38;2;108;108;108m[48;2;23;23;25m▀[0m[38;2;170;171;168m[48;2;172;172;172m▀[0m[38;2;0;0;0m[48;2;61;61;61m▀[0m[38;2;152;152;154m[48;2;39;39;37m▀[0m[38;2;180;177;183m[48;2;162;162;162m▀[0m[38;2;66;66;64m[48;2;227;227;228m▀[0m[38;2;99;99;99m[48;2;50;50;48m▀[0m[38;2;0;0;0m[48;2;170;170;171m▀[0m[38;2;0;0;0m[48;2;0;0;0m▀[0m[38;2;0;0;0m[48;2;0;0;0m▀[0m[38;2;255;255;236m[48;2;239;197;172m▀[0m[38;2;255;217;198m[48;2;255;255;234m▀[0m[38;2;255;230;212m[48;2;255;241;218m▀[0m[38;2;210;151;131m[48;2;213;140;120m▀[0m[38;2;219;153;132m[48;2;189;72;57m▀[0m[38;2;247;222;199m[48;2;255;233;210m▀[0m[38;2;234;194;172m[48;2;237;198;180m▀[0m[38;2;236;197;176m[48;2;236;197;176m▀[0m[38;2;236;197;176m[48;2;235;196;177m▀[0m[38;2;234;194;167m[48;2;235;196;174m▀[0m[38;2;232;191;174m[48;2;236;197;179m▀[0m[38;2;231;186;165m[48;2;227;183;157m▀[0m[38;2;235;201;186m[48;2;246;220;207m▀[0m[38;2;255;251;243m[48;2;255;255;255m▀[0m[38;2;232;182;154m[48;2;223;178;149m▀[0m[38;2;234;192;168m[48;2;234;195;176m▀[0m[38;2;235;191;169m[48;2;237;198;176m▀[0m[38;2;235;193;167m[48;2;234;193;168m▀[0m[38;2;255;255;255m[48;2;233;191;166m▀[0m[38;2;255;244;233m[48;2;240;198;180m▀[0m[38;2;231;183;163m[48;2;209;167;143m▀[0m[38;2;230;199;186m[48;2;174;147;140m▀[0m[38;2;254;178;155m[48;2;245;172;146m▀[0m[38;2;247;140;109m[48;2;249;151;126m▀[0m[38;2;255;243;224m[48;2;255;191;157m▀[0m[38;2;255;186;163m[48;2;255;163;128m▀[0m[38;2;59;0;0m[48;2;71;8;5m▀[0m[38;2;228;128;108m[48;2;212;116;98m▀[0m[38;2;255;235;212m[48;2;255;187;155m▀[0m[38;2;253;160;132m[48;2;251;158;126m▀[0m[38;2;246;172;150m[48;2;239;168;151m▀[0m[38;2;241;214;189m[48;2;221;192;176m▀[0m[38;2;227;183;162m[48;2;209;157;137m▀[0m[38;2;210;157;139m[48;2;230;187;164m▀[0m[38;2;235;195;173m[48;2;244;203;179m▀[0m[38;2;228;181;152m[48;2;224;179;150m▀[0m[38;2;255;248;240m[48;2;255;255;255m▀[0m[38;2;255;255;255m[48;2;255;255;255m▀[0m[38;2;234;192;164m[48;2;231;186;160m▀[0m[38;2;232;184;155m[48;2;234;192;167m▀[0m[38;2;232;192;172m[48;2;236;195;174m▀[0m[38;2;235;198;173m[48;2;238;199;177m▀[0m[38;2;237;198;177m[48;2;236;197;176m▀[0m[38;2;235;198;177m[48;2;236;196;173m▀[0m[38;2;236;199;180m[48;2;236;197;178m▀[0m[38;2;236;197;178m[48;2;235;196;177m▀[0m[38;2;236;196;178m[48;2;236;197;176m▀[0m[38;2;237;197;178m[48;2;235;196;174m▀[0m[38;2;236;196;177m[48;2;238;198;173m▀[0m[38;2;244;201;180m[48;2;248;209;186m▀[0m[38;2;255;214;193m[48;2;255;237;211m▀[0m[38;2;255;255;235m[48;2;255;246;219m▀[0m[38;2;16;7;2m[48;2;0;0;0m▀[0m[38;2;0;0;2m[48;2;144;153;162m▀[0m[38;2;34;42;42m[48;2;255;255;255m▀[0m[38;2;137;139;140m[48;2;143;143;144m▀[0m[38;2;174;174;177m[48;2;81;81;83m▀[0m[38;2;228;228;230m[48;2;255;255;255m▀[0m[38;2;0;0;0m[48;2;0;0;0m▀[0m[38;2;89;89;91m[48;2;252;252;249m▀[0m[38;2;223;223;223m[48;2;115;115;112m▀[0m[38;2;123;123;120m[48;2;95;95;92m▀[0m[38;2;59;59;60m[48;2;0;0;0m▀[0m
[38;2;129;132;132m[48;2;47;49;51m▀[0m[38;2;193;189;189m[48;2;83;79;83m▀[0m[38;2;6;7;3m[48;2;142;139;139m▀[0m[38;2;103;103;105m[48;2;7;7;9m▀[0m[38;2;9;14;12m[48;2;95;91;95m▀[0m[38;2;0;0;0m[48;2;0;0;0m▀[0m[38;2;156;156;157m[48;2;58;58;59m▀[0m[38;2;150;150;150m[48;2;255;255;255m▀[0m[38;2;88;88;86m[48;2;55;55;52m▀[0m[38;2;255;255;255m[48;2;126;129;128m▀[0m[38;2;125;125;127m[48;2;216;214;214m▀[0m[38;2;255;255;255m[48;2;184;187;190m▀[0m[38;2;0;0;0m[48;2;106;114;118m▀[0m[38;2;5;0;0m[48;2;0;0;0m▀[0m[38;2;255;255;254m[48;2;24;16;14m▀[0m[38;2;255;255;253m[48;2;255;230;205m▀[0m[38;2;233;165;145m[48;2;255;255;255m▀[0m[38;2;137;0;0m[48;2;255;196;180m▀[0m[38;2;253;223;203m[48;2;248;217;190m▀[0m[38;2;238;208;185m[48;2;247;212;185m▀[0m[38;2;236;197;176m[48;2;238;201;182m▀[0m[38;2;234;197;178m[48;2;233;197;178m▀[0m[38;2;235;196;174m[48;2;234;195;170m▀[0m[38;2;237;198;179m[48;2;237;195;171m▀[0m[38;2;224;177;147m[48;2;227;177;144m▀[0m[38;2;255;247;239m[48;2;255;255;255m▀[0m[38;2;255;255;255m[48;2;255;255;255m▀[0m[38;2;222;176;146m[48;2;222;174;151m▀[0m[38;2;234;195;177m[48;2;232;191;165m▀[0m[38;2;234;197;172m[48;2;235;194;170m▀[0m[38;2;237;198;179m[48;2;235;198;180m▀[0m[38;2;236;197;179m[48;2;235;198;179m▀[0m[38;2;235;195;178m[48;2;232;195;173m▀[0m[38;2;240;207;187m[48;2;238;204;182m▀[0m[38;2;171;150;140m[48;2;230;207;187m▀[0m[38;2;220;157;137m[48;2;203;157;141m▀[0m[38;2;255;165;140m[48;2;248;168;141m▀[0m[38;2;255;160;129m[48;2;255;166;133m▀[0m[38;2;255;154;123m[48;2;255;146;124m▀[0m[38;2;195;79;75m[48;2;64;0;0m▀[0m[38;2;239;123;108m[48;2;203;92;82m▀[0m[38;2;255;172;140m[48;2;255;179;142m▀[0m[38;2;255;164;136m[48;2;255;170;141m▀[0m[38;2;217;151;132m[48;2;196;142;129m▀[0m[38;2;207;178;163m[48;2;233;204;189m▀[0m[38;2;231;189;167m[48;2;244;210;186m▀[0m[38;2;245;206;187m[48;2;236;196;178m▀[0m[38;2;234;197;178m[48;2;235;196;178m▀[0m[38;2;232;186;162m[48;2;237;196;174m▀[0m[38;2;244;213;200m[48;2;230;180;156m▀[0m[38;2;251;235;220m[48;2;255;247;234m▀[0m[38;2;231;184;162m[48;2;240;207;186m▀[0m[38;2;235;196;177m[48;2;233;192;166m▀[0m[38;2;235;198;177m[48;2;237;198;176m▀[0m[38;2;238;199;178m[48;2;238;198;179m▀[0m[38;2;236;197;176m[48;2;237;197;176m▀[0m[38;2;235;196;173m[48;2;236;196;174m▀[0m[38;2;236;196;177m[48;2;236;196;174m▀[0m[38;2;236;197;176m[48;2;238;199;178m▀[0m[38;2;235;198;176m[48;2;246;201;183m▀[0m[38;2;239;199;177m[48;2;249;207;185m▀[0m[38;2;244;204;181m[48;2;255;234;207m▀[0m[38;2;255;219;197m[48;2;255;255;255m▀[0m[38;2;255;255;255m[48;2;135;109;95m▀[0m[38;2;63;51;43m[48;2;0;0;0m▀[0m[38;2;23;35;43m[48;2;101;106;112m▀[0m[38;2;254;255;255m[48;2;54;56;60m▀[0m[38;2;183;183;185m[48;2;0;0;0m▀[0m[38;2;0;0;0m[48;2;172;172;173m▀[0m[38;2;241;241;243m[48;2;255;255;255m▀[0m[38;2;149;152;153m[48;2;0;0;0m▀[0m[38;2;167;164;164m[48;2;196;196;196m▀[0m[38;2;171;171;168m[48;2;168;166;164m▀[0m[38;2;137;133;133m[48;2;0;0;0m▀[0m[38;2;0;0;0m[48;2;69;69;69m▀[0m[38;2;152;152;149m[48;2;200;204;204m▀[0m
[38;2;0;0;0m[48;2;245;245;245m▀[0m[38;2;0;0;0m[48;2;255;255;255m▀[0m[38;2;182;182;182m[48;2;255;255;255m▀[0m[38;2;73;73;73m[48;2;214;214;214m▀[0m[38;2;24;24;24m[48;2;32;32;32m▀[0m[38;2;127;124;126m[48;2;50;50;52m▀[0m[38;2;0;0;0m[48;2;116;119;118m▀[0m[38;2;41;44;43m[48;2;0;0;0m▀[0m[38;2;255;255;255m[48;2;0;0;0m▀[0m[38;2;60;60;55m[48;2;82;82;79m▀[0m[38;2;98;100;100m[48;2;0;0;0m▀[0m[38;2;249;247;244m[48;2;0;0;0m▀[0m[38;2;87;88;85m[48;2;0;0;0m▀[0m[38;2;0;0;0m[48;2;0;0;0m▀[0m[38;2;43;43;50m[48;2;66;63;63m▀[0m[38;2;0;0;0m[48;2;77;74;76m▀[0m[38;2;141;116;106m[48;2;0;0;0m▀[0m[38;2;255;255;237m[48;2;24;22;20m▀[0m[38;2;255;255;230m[48;2;143;117;109m▀[0m[38;2;255;219;194m[48;2;255;247;218m▀[0m[38;2;247;207;182m[48;2;255;233;209m▀[0m[38;2;238;201;182m[48;2;248;206;180m▀[0m[38;2;235;196;173m[48;2;241;201;176m▀[0m[38;2;235;198;177m[48;2;240;198;174m▀[0m[38;2;231;180;151m[48;2;236;197;176m▀[0m[38;2;249;224;207m[48;2;228;171;142m▀[0m[38;2;255;255;255m[48;2;255;249;241m▀[0m[38;2;232;180;157m[48;2;249;216;194m▀[0m[38;2;232;190;165m[48;2;234;193;169m▀[0m[38;2;236;197;178m[48;2;241;203;181m▀[0m[38;2;236;199;182m[48;2;233;193;171m▀[0m[38;2;237;198;179m[48;2;236;197;171m▀[0m[38;2;239;197;176m[48;2;246;204;183m▀[0m[38;2;235;195;176m[48;2;241;200;177m▀[0m[38;2;244;212;192m[48;2;241;208;187m▀[0m[38;2;212;177;159m[48;2;226;197;176m▀[0m[38;2;236;159;131m[48;2;222;165;149m▀[0m[38;2;255;173;142m[48;2;255;179;147m▀[0m[38;2;246;118;97m[48;2;213;111;77m▀[0m[38;2;111;101;117m[48;2;234;255;255m▀[0m[38;2;167;87;82m[48;2;226;159;146m▀[0m[38;2;255;178;144m[48;2;255;171;142m▀[0m[38;2;235;159;135m[48;2;199;140;116m▀[0m[38;2;192;160;144m[48;2;216;190;172m▀[0m[38;2;247;216;198m[48;2;254;218;195m▀[0m[38;2;233;201;178m[48;2;247;206;185m▀[0m[38;2;238;205;185m[48;2;248;209;192m▀[0m[38;2;240;198;178m[48;2;241;203;184m▀[0m[38;2;237;197;178m[48;2;239;197;173m▀[0m[38;2;236;197;171m[48;2;240;199;181m▀[0m[38;2;244;218;199m[48;2;235;193;172m▀[0m[38;2;236;200;181m[48;2;237;198;176m▀[0m[38;2;235;198;179m[48;2;238;199;181m▀[0m[38;2;237;198;179m[48;2;238;201;182m▀[0m[38;2;237;198;177m[48;2;243;206;179m▀[0m[38;2;235;196;174m[48;2;240;204;174m▀[0m[38;2;235;196;174m[48;2;251;207;183m▀[0m[38;2;241;203;180m[48;2;250;209;184m▀[0m[38;2;245;205;180m[48;2;255;236;206m▀[0m[38;2;255;217;196m[48;2;255;255;240m▀[0m[38;2;255;254;225m[48;2;140;116;106m▀[0m[38;2;255;224;207m[48;2;0;0;0m▀[0m[38;2;82;70;62m[48;2;4;12;16m▀[0m[38;2;0;0;0m[48;2;104;96;103m▀[0m[38;2;82;81;82m[48;2;45;44;44m▀[0m[38;2;0;0;0m[48;2;0;0;0m▀[0m[38;2;0;0;0m[48;2;0;0;0m▀[0m[38;2;0;0;0m[48;2;0;0;0m▀[0m[38;2;0;0;0m[48;2;0;0;0m▀[0m[38;2;0;0;0m[48;2;100;102;100m▀[0m[38;2;103;103;104m[48;2;248;248;249m▀[0m[38;2;199;199;197m[48;2;178;181;180m▀[0m[38;2;15;15;15m[48;2;0;0;0m▀[0m[38;2;0;0;0m[48;2;199;203;203m▀[0m[38;2;206;206;204m[48;2;108;111;110m▀[0m[38;2;227;231;231m[48;2;19;23;23m▀[0m
[38;2;105;105;106m[48;2;0;0;0m▀[0m[38;2;34;37;37m[48;2;0;0;0m▀[0m[38;2;0;0;0m[48;2;0;0;0m▀[0m[38;2;36;36;36m[48;2;54;52;52m▀[0m[38;2;162;162;162m[48;2;184;184;184m▀[0m[38;2;2;2;2m[48;2;151;151;153m▀[0m[38;2;57;57;55m[48;2;0;0;0m▀[0m[38;2;153;153;154m[48;2;74;74;75m▀[0m[38;2;0;0;0m[48;2;199;199;200m▀[0m[38;2;0;0;0m[48;2;28;28;25m▀[0m[38;2;0;0;0m[48;2;0;0;0m▀[0m[38;2;0;0;0m[48;2;0;0;0m▀[0m[38;2;0;0;0m[48;2;0;0;0m▀[0m[38;2;0;0;0m[48;2;0;0;0m▀[0m[38;2;0;0;0m[48;2;0;0;0m▀[0m[38;2;75;70;74m[48;2;37;39;39m▀[0m[38;2;84;76;76m[48;2;88;81;79m▀[0m[38;2;48;44;47m[48;2;66;60;60m▀[0m[38;2;0;0;0m[48;2;70;65;65m▀[0m[38;2;60;50;46m[48;2;20;27;32m▀[0m[38;2;255;217;195m[48;2;8;12;16m▀[0m[38;2;255;255;233m[48;2;169;141;123m▀[0m[38;2;255;228;203m[48;2;255;251;230m▀[0m[38;2;250;209;185m[48;2;255;255;246m▀[0m[38;2;244;203;182m[48;2;255;255;239m▀[0m[38;2;235;189;158m[48;2;255;255;220m▀[0m[38;2;255;255;255m[48;2;255;255;245m▀[0m[38;2;255;255;255m[48;2;255;251;226m▀[0m[38;2;255;204;177m[48;2;255;220;189m▀[0m[38;2;255;230;206m[48;2;248;204;179m▀[0m[38;2;255;230;201m[48;2;179;149;133m▀[0m[38;2;255;235;210m[48;2;157;133;120m▀[0m[38;2;255;217;199m[48;2;208;178;160m▀[0m[38;2;244;205;185m[48;2;220;178;163m▀[0m[38;2;237;204;183m[48;2;233;194;174m▀[0m[38;2;241;210;189m[48;2;243;209;185m▀[0m[38;2;240;204;185m[48;2;243;203;184m▀[0m[38;2;245;194;166m[48;2;245;198;174m▀[0m[38;2;246;168;138m[48;2;255;179;152m▀[0m[38;2;249;241;238m[48;2;253;191;162m▀[0m[38;2;243;185;166m[48;2;255;194;160m▀[0m[38;2;255;201;170m[48;2;248;208;183m▀[0m[38;2;231;190;165m[48;2;238;205;184m▀[0m[38;2;240;207;186m[48;2;239;199;182m▀[0m[38;2;208;180;157m[48;2;214;181;157m▀[0m[38;2;230;198;177m[48;2;233;193;174m▀[0m[38;2;244;205;186m[48;2;208;171;154m▀[0m[38;2;255;228;208m[48;2;98;76;64m▀[0m[38;2;255;243;216m[48;2;108;87;74m▀[0m[38;2;255;239;221m[48;2;185;154;138m▀[0m[38;2;255;236;211m[48;2;213;183;163m▀[0m[38;2;255;225;201m[48;2;251;212;187m▀[0m[38;2;253;212;191m[48;2;255;251;222m▀[0m[38;2;251;212;190m[48;2;255;255;236m▀[0m[38;2;255;218;198m[48;2;255;255;237m▀[0m[38;2;255;219;194m[48;2;255;240;216m▀[0m[38;2;255;233;212m[48;2;255;217;196m▀[0m[38;2;255;255;237m[48;2;149;122;111m▀[0m[38;2;245;200;177m[48;2;0;0;0m▀[0m[38;2;57;48;44m[48;2;18;25;31m▀[0m[38;2;0;3;6m[48;2;68;61;60m▀[0m[38;2;60;59;54m[48;2;72;62;65m▀[0m[38;2;95;83;85m[48;2;85;73;73m▀[0m[38;2;45;36;41m[48;2;7;6;7m▀[0m[38;2;0;0;0m[48;2;0;0;0m▀[0m[38;2;0;0;0m[48;2;0;0;0m▀[0m[38;2;0;0;0m[48;2;0;0;0m▀[0m[38;2;0;0;0m[48;2;152;149;149m▀[0m[38;2;135;133;131m[48;2;255;255;255m▀[0m[38;2;247;249;247m[48;2;177;177;177m▀[0m[38;2;205;205;207m[48;2;0;0;0m▀[0m[38;2;0;0;0m[48;2;106;110;111m▀[0m[38;2;160;160;163m[48;2;160;164;163m▀[0m[38;2;153;155;155m[48;2;209;212;218m▀[0m[38;2;89;92;91m[48;2;82;85;85m▀[0m[38;2;15;17;17m[48;2;0;0;0m▀[0m
[38;2;0;0;0m[48;2;0;0;0m▀[0m[38;2;0;0;0m[48;2;0;0;0m▀[0m[38;2;14;17;17m[48;2;0;0;0m▀[0m[38;2;48;47;47m[48;2;0;0;0m▀[0m[38;2;255;255;255m[48;2;113;113;113m▀[0m[38;2;246;246;246m[48;2;0;0;0m▀[0m[38;2;126;126;128m[48;2;141;141;141m▀[0m[38;2;0;0;0m[48;2;133;130;133m▀[0m[38;2;75;75;76m[48;2;0;0;0m▀[0m[38;2;238;238;243m[48;2;58;58;59m▀[0m[38;2;83;83;83m[48;2;239;236;240m▀[0m[38;2;0;0;0m[48;2;157;154;156m▀[0m[38;2;0;0;0m[48;2;0;0;0m▀[0m[38;2;0;0;0m[48;2;0;0;0m▀[0m[38;2;27;30;30m[48;2;0;0;0m▀[0m[38;2;63;59;59m[48;2;74;70;70m▀[0m[38;2;83;76;72m[48;2;90;78;74m▀[0m[38;2;71;63;62m[48;2;72;64;63m▀[0m[38;2;70;63;62m[48;2;73;64;62m▀[0m[38;2;70;61;62m[48;2;75;66;64m▀[0m[38;2;10;19;21m[48;2;76;66;64m▀[0m[38;2;0;0;0m[48;2;64;57;57m▀[0m[38;2;0;0;0m[48;2;37;34;37m▀[0m[38;2;71;55;52m[48;2;8;8;14m▀[0m[38;2;119;99;93m[48;2;1;5;6m▀[0m[38;2;98;77;72m[48;2;16;18;20m▀[0m[38;2;50;38;31m[48;2;28;32;35m▀[0m[38;2;43;35;32m[48;2;42;48;49m▀[0m[38;2;29;24;27m[48;2;30;31;43m▀[0m[38;2;32;30;36m[48;2;0;0;0m▀[0m[38;2;0;0;0m[48;2;0;0;0m▀[0m[38;2;0;0;0m[48;2;237;193;169m▀[0m[38;2;176;139;126m[48;2;255;240;212m▀[0m[38;2;240;198;180m[48;2;240;204;177m▀[0m[38;2;248;207;186m[48;2;237;200;176m▀[0m[38;2;240;200;173m[48;2;255;205;176m▀[0m[38;2;253;193;166m[48;2;228;111;79m▀[0m[38;2;246;132;105m[48;2;153;102;99m▀[0m[38;2;197;84;63m[48;2;255;255;255m▀[0m[38;2;172;125;124m[48;2;255;255;255m▀[0m[38;2;197;106;98m[48;2;255;255;255m▀[0m[38;2;255;112;84m[48;2;191;124;112m▀[0m[38;2;255;193;167m[48;2;211;63;34m▀[0m[38;2;238;198;181m[48;2;255;205;178m▀[0m[38;2;244;205;182m[48;2;237;203;178m▀[0m[38;2;252;207;194m[48;2;230;199;174m▀[0m[38;2;255;210;190m[48;2;255;219;194m▀[0m[38;2;41;34;27m[48;2;255;211;191m▀[0m[38;2;0;0;0m[48;2;0;0;0m▀[0m[38;2;33;33;37m[48;2;0;0;0m▀[0m[38;2;0;0;2m[48;2;28;32;36m▀[0m[38;2;11;11;14m[48;2;56;50;56m▀[0m[38;2;66;52;51m[48;2;37;37;43m▀[0m[38;2;100;82;73m[48;2;29;31;36m▀[0m[38;2;58;49;46m[48;2;34;38;42m▀[0m[38;2;0;0;0m[48;2;41;46;42m▀[0m[38;2;0;0;0m[48;2;61;59;57m▀[0m[38;2;0;0;0m[48;2;73;64;64m▀[0m[38;2;42;39;43m[48;2;78;70;66m▀[0m[38;2;70;65;65m[48;2;75;66;66m▀[0m[38;2;70;63;62m[48;2;76;68;65m▀[0m[38;2;81;74;73m[48;2;84;76;75m▀[0m[38;2;72;70;68m[48;2;85;78;75m▀[0m[38;2;61;54;57m[48;2;19;19;20m▀[0m[38;2;0;0;0m[48;2;10;14;14m▀[0m[38;2;0;0;0m[48;2;236;236;236m▀[0m[38;2;190;186;186m[48;2;255;255;255m▀[0m[38;2;255;255;255m[48;2;133;130;133m▀[0m[38;2;168;166;169m[48;2;0;0;0m▀[0m[38;2;0;0;0m[48;2;97;100;96m▀[0m[38;2;85;85;87m[48;2;191;191;193m▀[0m[38;2;246;245;246m[48;2;46;45;45m▀[0m[38;2;89;91;91m[48;2;255;255;255m▀[0m[38;2;39;42;43m[48;2;104;102;105m▀[0m[38;2;0;0;0m[48;2;0;0;0m▀[0m[38;2;0;0;0m[48;2;0;0;0m▀[0m
[38;2;171;170;171m[48;2;172;174;176m▀[0m[38;2;0;0;0m[48;2;162;158;163m▀[0m[38;2;0;0;0m[48;2;0;0;0m▀[0m[38;2;0;0;0m[48;2;0;0;0m▀[0m[38;2;0;0;0m[48;2;0;0;0m▀[0m[38;2;0;0;0m[48;2;0;0;0m▀[0m[38;2;183;183;183m[48;2;64;64;64m▀[0m[38;2;129;126;129m[48;2;130;130;130m▀[0m[38;2;124;124;122m[48;2;184;181;184m▀[0m[38;2;0;0;0m[48;2;130;130;128m▀[0m[38;2;23;23;25m[48;2;14;14;11m▀[0m[38;2;198;195;199m[48;2;0;0;0m▀[0m[38;2;187;187;192m[48;2;172;169;176m▀[0m[38;2;0;2;2m[48;2;164;167;167m▀[0m[38;2;0;0;0m[48;2;0;0;0m▀[0m[38;2;65;61;58m[48;2;88;81;77m▀[0m[38;2;88;76;74m[48;2;78;66;64m▀[0m[38;2;78;71;66m[48;2;78;69;62m▀[0m[38;2;79;68;65m[48;2;76;68;64m▀[0m[38;2;74;65;63m[48;2;76;68;65m▀[0m[38;2;73;64;65m[48;2;73;65;64m▀[0m[38;2;75;73;66m[48;2;74;66;65m▀[0m[38;2;78;70;68m[48;2;77;70;64m▀[0m[38;2;85;71;76m[48;2;77;69;63m▀[0m[38;2;82;74;71m[48;2;82;74;71m▀[0m[38;2;79;75;72m[48;2;50;50;51m▀[0m[38;2;70;66;71m[48;2;0;0;0m▀[0m[38;2;4;11;23m[48;2;86;70;61m▀[0m[38;2;0;0;0m[48;2;224;187;160m▀[0m[38;2;39;33;32m[48;2;255;250;218m▀[0m[38;2;212;172;153m[48;2;255;243;217m▀[0m[38;2;255;244;218m[48;2;249;208;186m▀[0m[38;2;245;208;181m[48;2;246;204;182m▀[0m[38;2;240;206;182m[48;2;238;197;180m▀[0m[38;2;243;204;179m[48;2;255;222;198m▀[0m[38;2;255;174;141m[48;2;181;89;59m▀[0m[38;2;114;11;1m[48;2;127;113;124m▀[0m[38;2;255;255;255m[48;2;255;255;255m▀[0m[38;2;255;255;255m[48;2;144;103;97m▀[0m[38;2;102;87;85m[48;2;22;0;0m▀[0m[38;2;255;255;255m[48;2;255;255;255m▀[0m[38;2;255;255;255m[48;2;58;9;8m▀[0m[38;2;111;85;81m[48;2;255;255;255m▀[0m[38;2;244;130;104m[48;2;247;189;170m▀[0m[38;2;253;217;197m[48;2;255;207;182m▀[0m[38;2;238;201;182m[48;2;238;207;186m▀[0m[38;2;241;208;183m[48;2;241;207;182m▀[0m[38;2;255;233;207m[48;2;245;208;183m▀[0m[38;2;245;197;174m[48;2;255;228;205m▀[0m[38;2;98;84;75m[48;2;255;255;225m▀[0m[38;2;46;42;46m[48;2;255;249;224m▀[0m[38;2;2;10;15m[48;2;187;156;140m▀[0m[38;2;56;58;60m[48;2;0;0;0m▀[0m[38;2;83;75;74m[48;2;23;27;28m▀[0m[38;2;79;71;69m[48;2;85;78;78m▀[0m[38;2;79;71;69m[48;2;83;69;69m▀[0m[38;2;77;70;66m[48;2;79;71;69m▀[0m[38;2;77;70;66m[48;2;76;74;71m▀[0m[38;2;78;70;66m[48;2;78;74;68m▀[0m[38;2;74;64;64m[48;2;76;68;65m▀[0m[38;2;73;64;62m[48;2;73;66;63m▀[0m[38;2;79;70;71m[48;2;81;73;73m▀[0m[38;2;85;75;76m[48;2;81;72;69m▀[0m[38;2;0;0;0m[48;2;43;35;38m▀[0m[38;2;85;86;83m[48;2;7;9;9m▀[0m[38;2;253;253;251m[48;2;0;0;0m▀[0m[38;2;62;62;63m[48;2;0;0;0m▀[0m[38;2;0;0;0m[48;2;116;116;114m▀[0m[38;2;118;122;118m[48;2;168;167;167m▀[0m[38;2;165;165;165m[48;2;23;25;25m▀[0m[38;2;240;240;240m[48;2;0;0;0m▀[0m[38;2;20;19;19m[48;2;0;0;0m▀[0m[38;2;0;0;0m[48;2;0;0;0m▀[0m[38;2;169;171;173m[48;2;0;0;0m▀[0m[38;2;0;0;0m[48;2;0;0;0m▀[0m[38;2;0;0;0m[48;2;0;0;0m▀[0m
[38;2;140;139;140m[48;2;60;59;60m▀[0m[38;2;176;176;177m[48;2;132;133;130m▀[0m[38;2;176;173;178m[48;2;181;180;181m▀[0m[38;2;0;0;0m[48;2;186;183;185m▀[0m[38;2;0;0;0m[48;2;0;0;0m▀[0m[38;2;0;0;0m[48;2;0;0;0m▀[0m[38;2;0;0;0m[48;2;0;0;0m▀[0m[38;2;162;162;162m[48;2;0;0;0m▀[0m[38;2;16;14;11m[48;2;0;0;0m▀[0m[38;2;237;237;237m[48;2;255;255;255m▀[0m[38;2;169;168;168m[48;2;60;60;58m▀[0m[38;2;63;60;63m[48;2;167;164;167m▀[0m[38;2;0;0;0m[48;2;124;120;124m▀[0m[38;2;17;17;19m[48;2;0;0;0m▀[0m[38;2;2;2;2m[48;2;0;0;0m▀[0m[38;2;100;96;95m[48;2;46;48;52m▀[0m[38;2;81;65;68m[48;2;65;58;58m▀[0m[38;2;72;64;64m[48;2;76;69;68m▀[0m[38;2;74;65;63m[48;2;72;64;63m▀[0m[38;2;76;68;65m[48;2;73;64;62m▀[0m[38;2;71;63;62m[48;2;77;63;63m▀[0m[38;2;73;63;63m[48;2;85;78;74m▀[0m[38;2;81;69;69m[48;2;86;77;75m▀[0m[38;2;88;84;76m[48;2;109;100;98m▀[0m[38;2;44;42;45m[48;2;0;0;0m▀[0m[38;2;0;0;0m[48;2;27;15;10m▀[0m[38;2;222;185;163m[48;2;255;255;252m▀[0m[38;2;255;255;255m[48;2;255;255;234m▀[0m[38;2;255;249;224m[48;2;255;223;198m▀[0m[38;2;255;218;196m[48;2;248;201;174m▀[0m[38;2;243;208;183m[48;2;240;198;177m▀[0m[38;2;238;204;176m[48;2;236;195;174m▀[0m[38;2;238;196;176m[48;2;234;194;171m▀[0m[38;2;238;199;174m[48;2;240;191;162m▀[0m[38;2;255;217;185m[48;2;255;255;237m▀[0m[38;2;200;194;190m[48;2;222;255;255m▀[0m[38;2;255;255;255m[48;2;247;255;255m▀[0m[38;2;110;57;47m[48;2;0;0;0m▀[0m[38;2;95;35;24m[48;2;64;17;12m▀[0m[38;2;227;213;213m[48;2;255;255;255m▀[0m[38;2;252;244;240m[48;2;153;112;115m▀[0m[38;2;0;0;0m[48;2;17;0;0m▀[0m[38;2;55;44;55m[48;2;0;0;0m▀[0m[38;2;178;176;168m[48;2;118;103;105m▀[0m[38;2;255;216;185m[48;2;255;255;240m▀[0m[38;2;246;204;182m[48;2;249;203;174m▀[0m[38;2;240;198;178m[48;2;240;196;172m▀[0m[38;2;239;200;176m[48;2;236;194;176m▀[0m[38;2;241;203;181m[48;2;235;195;173m▀[0m[38;2;249;209;186m[48;2;251;207;183m▀[0m[38;2;255;223;200m[48;2;255;235;208m▀[0m[38;2;255;255;244m[48;2;255;255;244m▀[0m[38;2;245;200;179m[48;2;255;255;255m▀[0m[38;2;0;0;0m[48;2;70;62;55m▀[0m[38;2;37;37;37m[48;2;0;0;0m▀[0m[38;2;96;82;81m[48;2;106;97;98m▀[0m[38;2;73;63;63m[48;2;85;77;73m▀[0m[38;2;76;68;65m[48;2;88;81;76m▀[0m[38;2;76;69;65m[48;2;82;72;70m▀[0m[38;2;76;69;65m[48;2;81;71;64m▀[0m[38;2;75;66;63m[48;2;75;66;64m▀[0m[38;2;79;65;68m[48;2;86;73;69m▀[0m[38;2;62;55;56m[48;2;51;45;47m▀[0m[38;2;84;70;76m[48;2;2;2;7m▀[0m[38;2;0;0;0m[48;2;0;0;0m▀[0m[38;2;0;0;0m[48;2;125;128;125m▀[0m[38;2;156;155;156m[48;2;76;76;76m▀[0m[38;2;198;200;200m[48;2;170;174;176m▀[0m[38;2;198;196;199m[48;2;217;219;227m▀[0m[38;2;255;255;255m[48;2;24;24;24m▀[0m[38;2;90;93;93m[48;2;126;126;126m▀[0m[38;2;0;0;0m[48;2;0;0;0m▀[0m[38;2;0;0;0m[48;2;0;0;0m▀[0m[38;2;0;0;0m[48;2;0;0;0m▀[0m[38;2;0;0;0m[48;2;209;211;213m▀[0m[38;2;210;210;212m[48;2;186;186;189m▀[0m
[38;2;167;162;169m[48;2;0;0;0m▀[0m[38;2;87;86;86m[48;2;154;149;156m▀[0m[38;2;127;129;130m[48;2;89;86;88m▀[0m[38;2;167;167;171m[48;2;128;128;129m▀[0m[38;2;187;184;191m[48;2;152;152;153m▀[0m[38;2;0;0;0m[48;2;182;179;185m▀[0m[38;2;0;0;0m[48;2;15;14;15m▀[0m[38;2;0;0;0m[48;2;0;0;0m▀[0m[38;2;173;180;183m[48;2;85;88;88m▀[0m[38;2;255;255;255m[48;2;0;0;0m▀[0m[38;2;0;0;0m[48;2;0;0;0m▀[0m[38;2;24;24;27m[48;2;206;212;213m▀[0m[38;2;201;204;206m[48;2;135;137;141m▀[0m[38;2;12;15;15m[48;2;0;0;0m▀[0m[38;2;0;0;0m[48;2;74;66;61m▀[0m[38;2;65;56;52m[48;2;99;87;81m▀[0m[38;2;86;71;73m[48;2;81;66;66m▀[0m[38;2;82;68;70m[48;2;82;72;68m▀[0m[38;2;77;68;61m[48;2;93;87;79m▀[0m[38;2;87;77;73m[48;2;68;65;60m▀[0m[38;2;88;73;73m[48;2;36;39;39m▀[0m[38;2;73;64;61m[48;2;73;69;75m▀[0m[38;2;95;85;85m[48;2;19;19;19m▀[0m[38;2;28;23;25m[48;2;0;0;0m▀[0m[38;2;0;0;0m[48;2;0;0;0m▀[0m[38;2;0;0;0m[48;2;32;34;38m▀[0m[38;2;58;57;57m[48;2;255;255;255m▀[0m[38;2;130;93;84m[48;2;255;255;255m▀[0m[38;2;221;166;144m[48;2;106;109;110m▀[0m[38;2;255;211;179m[48;2;85;64;59m▀[0m[38;2;255;220;201m[48;2;126;96;83m▀[0m[38;2;255;221;194m[48;2;146;110;91m▀[0m[38;2;255;208;179m[48;2;122;83;60m▀[0m[38;2;255;231;204m[48;2;255;255;255m▀[0m[38;2;255;255;255m[48;2;228;252;255m▀[0m[38;2;35;0;0m[48;2;24;20;23m▀[0m[38;2;0;0;0m[48;2;23;0;0m▀[0m[38;2;33;0;0m[48;2;51;17;16m▀[0m[38;2;104;92;88m[48;2;112;104;104m▀[0m[38;2;255;255;255m[48;2;237;236;231m▀[0m[38;2;41;0;0m[48;2;0;0;0m▀[0m[38;2;31;0;0m[48;2;77;36;34m▀[0m[38;2;19;0;0m[48;2;64;36;35m▀[0m[38;2;99;63;70m[48;2;24;0;0m▀[0m[38;2;255;255;255m[48;2;222;244;243m▀[0m[38;2;255;196;165m[48;2;139;114;105m▀[0m[38;2;255;230;204m[48;2;119;83;68m▀[0m[38;2;255;223;200m[48;2;131;93;77m▀[0m[38;2;255;218;197m[48;2;111;88;71m▀[0m[38;2;255;209;181m[48;2;83;74;64m▀[0m[38;2;232;178;157m[48;2;142;146;145m▀[0m[38;2;145;105;96m[48;2;55;66;73m▀[0m[38;2;3;0;0m[48;2;0;0;0m▀[0m[38;2;0;0;0m[48;2;0;0;0m▀[0m[38;2;0;0;0m[48;2;74;76;81m▀[0m[38;2;2;1;1m[48;2;57;61;57m▀[0m[38;2;89;81;78m[48;2;8;6;4m▀[0m[38;2;61;57;54m[48;2;65;57;55m▀[0m[38;2;86;78;79m[48;2;21;20;21m▀[0m[38;2;88;78;76m[48;2;79;68;65m▀[0m[38;2;78;72;66m[48;2;95;82;77m▀[0m[38;2;84;74;71m[48;2;82;70;66m▀[0m[38;2;100;85;84m[48;2;78;70;68m▀[0m[38;2;34;32;29m[48;2;96;84;86m▀[0m[38;2;0;0;0m[48;2;31;27;25m▀[0m[38;2;118;120;120m[48;2;0;0;0m▀[0m[38;2;117;120;119m[48;2;203;205;206m▀[0m[38;2;0;0;0m[48;2;255;255;255m▀[0m[38;2;0;0;0m[48;2;0;0;0m▀[0m[38;2;0;0;0m[48;2;0;0;0m▀[0m[38;2;0;0;0m[48;2;0;0;0m▀[0m[38;2;0;0;0m[48;2;0;0;0m▀[0m[38;2;0;0;0m[48;2;226;226;228m▀[0m[38;2;218;220;222m[48;2;164;163;163m▀[0m[38;2;173;171;174m[48;2;126;125;122m▀[0m[38;2;123;123;119m[48;2;142;145;145m▀[0m
[38;2;0;0;0m[48;2;255;255;255m▀[0m[38;2;0;0;0m[48;2;22;19;22m▀[0m[38;2;146;149;146m[48;2;0;0;0m▀[0m[38;2;88;87;82m[48;2;126;126;126m▀[0m[38;2;120;120;122m[48;2;102;102;102m▀[0m[38;2;143;143;147m[48;2;103;100;102m▀[0m[38;2;189;185;187m[48;2;136;132;137m▀[0m[38;2;65;65;63m[48;2;177;177;174m▀[0m[38;2;0;0;0m[48;2;146;146;147m▀[0m[38;2;0;0;0m[48;2;0;0;0m▀[0m[38;2;165;165;167m[48;2;0;0;0m▀[0m[38;2;85;91;90m[48;2;0;0;0m▀[0m[38;2;0;0;0m[48;2;0;0;0m▀[0m[38;2;59;50;46m[48;2;96;84;82m▀[0m[38;2;101;92;88m[48;2;75;69;64m▀[0m[38;2;79;72;68m[48;2;82;72;68m▀[0m[38;2;81;71;66m[48;2;78;71;71m▀[0m[38;2;88;76;74m[48;2;97;88;86m▀[0m[38;2;92;84;82m[48;2;47;43;42m▀[0m[38;2;0;0;0m[48;2;0;0;0m▀[0m[38;2;0;0;0m[48;2;0;0;0m▀[0m[38;2;0;0;0m[48;2;27;27;23m▀[0m[38;2;109;111;115m[48;2;0;0;0m▀[0m[38;2;232;235;237m[48;2;29;29;31m▀[0m[38;2;169;172;172m[48;2;136;139;141m▀[0m[38;2;99;103;103m[48;2;206;206;206m▀[0m[38;2;216;219;219m[48;2;0;0;0m▀[0m[38;2;255;255;255m[48;2;74;78;78m▀[0m[38;2;255;255;255m[48;2;255;255;255m▀[0m[38;2;241;255;255m[48;2;255;255;255m▀[0m[38;2;186;201;204m[48;2;255;255;255m▀[0m[38;2;207;216;219m[48;2;255;255;255m▀[0m[38;2;157;172;169m[48;2;255;255;255m▀[0m[38;2;219;237;238m[48;2;252;255;255m▀[0m[38;2;255;255;255m[48;2;255;255;255m▀[0m[38;2;149;157;157m[48;2;118;125;126m▀[0m[38;2;14;0;0m[48;2;29;0;0m▀[0m[38;2;78;49;48m[48;2;77;41;33m▀[0m[38;2;85;78;78m[48;2;117;111;110m▀[0m[38;2;255;255;255m[48;2;255;255;255m▀[0m[38;2;63;0;0m[48;2;204;191;186m▀[0m[38;2;79;52;48m[48;2;54;22;24m▀[0m[38;2;71;47;43m[48;2;75;54;49m▀[0m[38;2;66;38;37m[48;2;43;35;31m▀[0m[38;2;255;255;255m[48;2;255;255;255m▀[0m[38;2;218;233;234m[48;2;213;220;225m▀[0m[38;2;157;171;179m[48;2;255;255;255m▀[0m[38;2;203;218;218m[48;2;255;255;255m▀[0m[38;2;222;232;236m[48;2;255;255;255m▀[0m[38;2;255;255;255m[48;2;255;255;255m▀[0m[38;2;255;255;255m[48;2;255;255;255m▀[0m[38;2;195;194;192m[48;2;112;114;116m▀[0m[38;2;119;119;120m[48;2;114;116;118m▀[0m[38;2;222;226;226m[48;2;119;123;124m▀[0m[38;2;235;235;236m[48;2;38;42;42m▀[0m[38;2;184;190;195m[48;2;27;29;27m▀[0m[38;2;6;10;14m[48;2;109;109;110m▀[0m[38;2;0;0;0m[48;2;56;56;58m▀[0m[38;2;0;0;0m[48;2;0;0;0m▀[0m[38;2;22;24;22m[48;2;21;21;22m▀[0m[38;2;95;85;83m[48;2;99;90;91m▀[0m[38;2;75;68;66m[48;2;75;65;63m▀[0m[38;2;73;69;68m[48;2;72;64;61m▀[0m[38;2;76;69;68m[48;2;75;63;61m▀[0m[38;2;104;89;85m[48;2;86;72;74m▀[0m[38;2;0;0;0m[48;2;66;52;52m▀[0m[38;2;0;0;0m[48;2;0;0;0m▀[0m[38;2;255;255;255m[48;2;0;0;0m▀[0m[38;2;77;81;79m[48;2;0;0;0m▀[0m[38;2;0;0;0m[48;2;48;52;54m▀[0m[38;2;0;0;0m[48;2;221;224;226m▀[0m[38;2;217;219;219m[48;2;146;145;145m▀[0m[38;2;151;154;151m[48;2;142;142;142m▀[0m[38;2;128;127;124m[48;2;166;165;162m▀[0m[38;2;162;162;162m[48;2;74;73;73m▀[0m[38;2;92;90;93m[48;2;0;0;0m▀[0m
[38;2;23;27;27m[48;2;0;0;0m▀[0m[38;2;255;255;255m[48;2;1;1;1m▀[0m[38;2;55;51;51m[48;2;255;255;255m▀[0m[38;2;0;0;0m[48;2;115;112;112m▀[0m[38;2;102;102;104m[48;2;0;0;0m▀[0m[38;2;126;124;122m[48;2;47;47;48m▀[0m[38;2;75;72;76m[48;2;135;131;136m▀[0m[38;2;132;132;137m[48;2;64;64;69m▀[0m[38;2;149;147;149m[48;2;128;130;128m▀[0m[38;2;205;205;209m[48;2;159;162;159m▀[0m[38;2;18;18;20m[48;2;106;109;111m▀[0m[38;2;0;0;0m[48;2;0;0;0m▀[0m[38;2;64;58;57m[48;2;102;92;89m▀[0m[38;2;91;79;75m[48;2;79;72;68m▀[0m[38;2;76;63;60m[48;2;74;65;63m▀[0m[38;2;79;68;64m[48;2;74;66;63m▀[0m[38;2;87;77;73m[48;2;86;77;75m▀[0m[38;2;74;65;63m[48;2;68;61;60m▀[0m[38;2;48;41;39m[48;2;29;19;20m▀[0m[38;2;0;0;0m[48;2;14;18;15m▀[0m[38;2;36;41;37m[48;2;176;176;176m▀[0m[38;2;164;164;162m[48;2;163;163;164m▀[0m[38;2;147;145;143m[48;2;72;72;70m▀[0m[38;2;51;48;48m[48;2;170;170;172m▀[0m[38;2;0;0;0m[48;2;174;178;174m▀[0m[38;2;0;0;0m[48;2;112;112;110m▀[0m[38;2;0;0;0m[48;2;5;4;4m▀[0m[38;2;223;223;225m[48;2;32;32;29m▀[0m[38;2;255;255;255m[48;2;255;255;255m▀[0m[38;2;255;255;255m[48;2;255;255;255m▀[0m[38;2;255;255;255m[48;2;255;255;255m▀[0m[38;2;253;253;255m[48;2;255;255;255m▀[0m[38;2;255;255;255m[48;2;255;255;255m▀[0m[38;2;255;255;255m[48;2;208;211;211m▀[0m[38;2;255;255;255m[48;2;255;255;255m▀[0m[38;2;117;111;110m[48;2;157;155;153m▀[0m[38;2;0;0;0m[48;2;0;0;0m▀[0m[38;2;60;2;0m[48;2;29;21;17m▀[0m[38;2;97;100;102m[48;2;85;85;87m▀[0m[38;2;255;255;255m[48;2;224;226;226m▀[0m[38;2;101;37;37m[48;2;69;49;41m▀[0m[38;2;64;5;10m[48;2;93;27;28m▀[0m[38;2;69;55;54m[48;2;65;36;35m▀[0m[38;2;61;54;49m[48;2;85;91;90m▀[0m[38;2;255;255;255m[48;2;255;255;255m▀[0m[38;2;255;255;255m[48;2;246;248;248m▀[0m[38;2;255;255;255m[48;2;255;255;255m▀[0m[38;2;255;255;255m[48;2;255;255;255m▀[0m[38;2;255;255;255m[48;2;255;255;255m▀[0m[38;2;255;255;255m[48;2;255;255;255m▀[0m[38;2;255;255;255m[48;2;255;255;255m▀[0m[38;2;255;255;255m[48;2;116;119;120m▀[0m[38;2;0;0;0m[48;2;44;43;43m▀[0m[38;2;0;0;0m[48;2;238;237;235m▀[0m[38;2;96;96;96m[48;2;119;118;118m▀[0m[38;2;171;171;177m[48;2;88;91;92m▀[0m[38;2;178;178;183m[48;2;204;210;211m▀[0m[38;2;115;115;117m[48;2;0;0;0m▀[0m[38;2;0;0;0m[48;2;0;0;0m▀[0m[38;2;0;0;0m[48;2;0;0;0m▀[0m[38;2;69;61;61m[48;2;14;14;11m▀[0m[38;2;92;83;75m[48;2;97;87;85m▀[0m[38;2;76;66;64m[48;2;77;68;69m▀[0m[38;2;72;63;61m[48;2;73;64;64m▀[0m[38;2;69;61;60m[48;2;71;66;65m▀[0m[38;2;88;73;73m[48;2;88;74;79m▀[0m[38;2;6;5;6m[48;2;54;42;45m▀[0m[38;2;0;0;0m[48;2;28;32;31m▀[0m[38;2;115;117;117m[48;2;191;194;195m▀[0m[38;2;213;216;217m[48;2;176;178;178m▀[0m[38;2;162;158;158m[48;2;166;166;166m▀[0m[38;2;157;156;156m[48;2;149;145;145m▀[0m[38;2;157;154;154m[48;2;0;0;0m▀[0m[38;2;49;46;46m[48;2;0;0;0m▀[0m[38;2;0;0;0m[48;2;255;255;255m▀[0m[38;2;166;168;168m[48;2;255;255;255m▀[0m
[38;2;0;0;0m[48;2;0;0;0m▀[0m[38;2;0;0;0m[48;2;0;0;0m▀[0m[38;2;0;0;0m[48;2;0;0;0m▀[0m[38;2;254;252;255m[48;2;0;0;0m▀[0m[38;2;198;197;198m[48;2;168;165;167m▀[0m[38;2;0;0;0m[48;2;255;255;255m▀[0m[38;2;0;0;0m[48;2;0;0;0m▀[0m[38;2;125;122;130m[48;2;0;0;0m▀[0m[38;2;93;89;99m[48;2;68;65;81m▀[0m[38;2;194;194;198m[48;2;0;0;0m▀[0m[38;2;0;0;0m[48;2;7;6;4m▀[0m[38;2;65;54;51m[48;2;97;82;81m▀[0m[38;2;86;77;77m[48;2;72;68;66m▀[0m[38;2;72;68;66m[48;2;75;65;63m▀[0m[38;2;73;64;62m[48;2;74;65;63m▀[0m[38;2;78;69;66m[48;2;74;66;66m▀[0m[38;2;81;74;73m[48;2;99;92;91m▀[0m[38;2;85;76;74m[48;2;58;56;54m▀[0m[38;2;0;0;0m[48;2;0;0;0m▀[0m[38;2;0;0;0m[48;2;0;0;0m▀[0m[38;2;76;81;82m[48;2;0;0;0m▀[0m[38;2;39;46;47m[48;2;0;0;0m▀[0m[38;2;0;0;0m[48;2;0;0;0m▀[0m[38;2;255;255;255m[48;2;163;163;164m▀[0m[38;2;255;255;255m[48;2;232;235;236m▀[0m[38;2;128;128;133m[48;2;0;0;0m▀[0m[38;2;255;255;255m[48;2;255;255;255m▀[0m[38;2;63;63;64m[48;2;29;29;27m▀[0m[38;2;0;0;2m[48;2;60;60;62m▀[0m[38;2;155;158;158m[48;2;119;123;123m▀[0m[38;2;255;255;255m[48;2;138;141;138m▀[0m[38;2;255;255;255m[48;2;168;171;168m▀[0m[38;2;255;255;255m[48;2;255;255;255m▀[0m[38;2;255;255;255m[48;2;255;255;255m▀[0m[38;2;255;255;255m[48;2;255;255;255m▀[0m[38;2;178;186;184m[48;2;209;217;216m▀[0m[38;2;0;0;0m[48;2;8;0;0m▀[0m[38;2;62;44;43m[48;2;77;64;61m▀[0m[38;2;165;162;162m[48;2;124;116;119m▀[0m[38;2;255;255;255m[48;2;204;199;189m▀[0m[38;2;98;93;84m[48;2;98;93;84m▀[0m[38;2;70;0;0m[48;2;103;48;48m▀[0m[38;2;37;0;0m[48;2;0;0;0m▀[0m[38;2;109;124;125m[48;2;128;140;140m▀[0m[38;2;255;255;255m[48;2;255;255;255m▀[0m[38;2;255;255;255m[48;2;255;255;255m▀[0m[38;2;255;255;255m[48;2;255;255;255m▀[0m[38;2;255;255;255m[48;2;255;255;255m▀[0m[38;2;255;255;255m[48;2;255;255;255m▀[0m[38;2;255;255;255m[48;2;88;90;88m▀[0m[38;2;174;178;178m[48;2;0;0;0m▀[0m[38;2;25;29;28m[48;2;62;62;63m▀[0m[38;2;99;101;101m[48;2;0;0;0m▀[0m[38;2;255;255;255m[48;2;255;255;255m▀[0m[38;2;97;93;93m[48;2;141;144;141m▀[0m[38;2;0;0;0m[48;2;0;0;0m▀[0m[38;2;96;102;103m[48;2;0;0;0m▀[0m[38;2;0;0;0m[48;2;0;0;0m▀[0m[38;2;0;0;0m[48;2;0;0;0m▀[0m[38;2;0;0;0m[48;2;0;0;0m▀[0m[38;2;5;5;2m[48;2;0;0;0m▀[0m[38;2;101;86;86m[48;2;81;72;73m▀[0m[38;2;81;71;69m[48;2;90;81;78m▀[0m[38;2;79;71;68m[48;2;78;66;62m▀[0m[38;2;79;71;63m[48;2;76;64;62m▀[0m[38;2;77;65;65m[48;2;74;65;63m▀[0m[38;2;95;85;82m[48;2;81;71;66m▀[0m[38;2;0;0;0m[48;2;71;57;56m▀[0m[38;2;72;76;77m[48;2;0;0;0m▀[0m[38;2;178;174;177m[48;2;14;10;12m▀[0m[38;2;108;106;103m[48;2;0;0;0m▀[0m[38;2;0;0;0m[48;2;119;119;120m▀[0m[38;2;0;0;0m[48;2;255;255;255m▀[0m[38;2;255;255;255m[48;2;100;102;102m▀[0m[38;2;192;195;199m[48;2;0;0;0m▀[0m[38;2;0;0;0m[48;2;0;0;0m▀[0m
[38;2;0;0;0m[48;2;29;29;29m▀[0m[38;2;0;0;0m[48;2;82;82;84m▀[0m[38;2;0;0;0m[48;2;101;101;106m▀[0m[38;2;0;2;3m[48;2;71;73;74m▀[0m[38;2;46;54;58m[48;2;28;35;33m▀[0m[38;2;171;173;176m[48;2;0;0;0m▀[0m[38;2;255;255;255m[48;2;0;0;0m▀[0m[38;2;140;139;137m[48;2;247;249;251m▀[0m[38;2;0;0;0m[48;2;22;25;25m▀[0m[38;2;0;0;0m[48;2;31;30;24m▀[0m[38;2;96;86;82m[48;2;109;93;88m▀[0m[38;2;83;75;71m[48;2;78;69;65m▀[0m[38;2;72;70;63m[48;2;74;66;63m▀[0m[38;2;74;65;62m[48;2;73;64;64m▀[0m[38;2;75;63;61m[48;2;73;64;62m▀[0m[38;2;76;70;69m[48;2;97;85;85m▀[0m[38;2;98;97;93m[48;2;56;51;51m▀[0m[38;2;0;0;0m[48;2;0;0;0m▀[0m[38;2;0;0;0m[48;2;0;0;0m▀[0m[38;2;0;0;0m[48;2;0;0;0m▀[0m[38;2;0;0;0m[48;2;0;0;0m▀[0m[38;2;0;0;0m[48;2;0;0;0m▀[0m[38;2;0;0;0m[48;2;100;100;98m▀[0m[38;2;255;255;255m[48;2;184;184;182m▀[0m[38;2;152;152;153m[48;2;0;0;0m▀[0m[38;2;0;0;0m[48;2;0;0;0m▀[0m[38;2;0;0;0m[48;2;0;0;0m▀[0m[38;2;0;0;0m[48;2;0;0;0m▀[0m[38;2;216;216;220m[48;2;195;193;196m▀[0m[38;2;230;234;234m[48;2;166;168;168m▀[0m[38;2;87;86;87m[48;2;0;0;0m▀[0m[38;2;0;0;0m[48;2;98;100;101m▀[0m[38;2;255;255;255m[48;2;128;128;128m▀[0m[38;2;255;255;255m[48;2;255;255;255m▀[0m[38;2;255;255;255m[48;2;255;255;255m▀[0m[38;2;216;223;226m[48;2;255;255;255m▀[0m[38;2;7;1;0m[48;2;15;7;8m▀[0m[38;2;71;63;56m[48;2;77;65;63m▀[0m[38;2;96;91;95m[48;2;63;56;55m▀[0m[38;2;251;247;240m[48;2;249;247;241m▀[0m[38;2;109;101;96m[48;2;128;116;113m▀[0m[38;2;142;141;138m[48;2;142;135;130m▀[0m[38;2;0;0;0m[48;2;0;0;0m▀[0m[38;2;154;155;151m[48;2;233;240;241m▀[0m[38;2;255;255;255m[48;2;255;255;255m▀[0m[38;2;255;255;255m[48;2;211;214;213m▀[0m[38;2;255;255;255m[48;2;255;255;255m▀[0m[38;2;255;255;255m[48;2;255;255;255m▀[0m[38;2;255;255;255m[48;2;247;250;252m▀[0m[38;2;135;135;136m[48;2;0;0;0m▀[0m[38;2;0;0;0m[48;2;0;0;0m▀[0m[38;2;255;255;255m[48;2;84;84;82m▀[0m[38;2;0;0;0m[48;2;0;0;0m▀[0m[38;2;171;170;170m[48;2;0;0;0m▀[0m[38;2;255;255;255m[48;2;156;156;156m▀[0m[38;2;0;0;0m[48;2;0;0;0m▀[0m[38;2;0;0;0m[48;2;0;0;0m▀[0m[38;2;0;0;0m[48;2;23;27;23m▀[0m[38;2;0;0;0m[48;2;157;159;159m▀[0m[38;2;5;5;5m[48;2;250;253;253m▀[0m[38;2;9;11;11m[48;2;119;122;124m▀[0m[38;2;23;19;19m[48;2;0;0;0m▀[0m[38;2;102;90;88m[48;2;99;92;88m▀[0m[38;2;77;73;63m[48;2;83;76;72m▀[0m[38;2;75;66;63m[48;2;81;73;70m▀[0m[38;2;74;65;62m[48;2;76;69;65m▀[0m[38;2;73;65;62m[48;2;74;72;69m▀[0m[38;2;101;89;82m[48;2;88;81;73m▀[0m[38;2;12;6;6m[48;2;70;61;59m▀[0m[38;2;0;0;0m[48;2;9;9;10m▀[0m[38;2;255;255;255m[48;2;116;118;118m▀[0m[38;2;255;255;255m[48;2;0;0;0m▀[0m[38;2;0;0;0m[48;2;0;0;0m▀[0m[38;2;0;0;0m[48;2;0;0;0m▀[0m[38;2;0;0;0m[48;2;0;0;0m▀[0m[38;2;0;0;0m[48;2;71;71;73m▀[0m
[38;2;95;95;95m[48;2;0;0;0m▀[0m[38;2;45;45;45m[48;2;0;0;0m▀[0m[38;2;0;0;0m[48;2;0;0;0m▀[0m[38;2;0;0;0m[48;2;0;0;0m▀[0m[38;2;0;0;0m[48;2;0;0;0m▀[0m[38;2;0;0;0m[48;2;0;0;0m▀[0m[38;2;0;0;0m[48;2;0;0;0m▀[0m[38;2;0;0;0m[48;2;0;0;0m▀[0m[38;2;0;0;0m[48;2;86;76;72m▀[0m[38;2;97;90;85m[48;2;99;86;83m▀[0m[38;2;82;73;68m[48;2;77;70;66m▀[0m[38;2;76;66;63m[48;2;79;71;66m▀[0m[38;2;74;65;63m[48;2;77;70;66m▀[0m[38;2;74;68;64m[48;2;77;74;74m▀[0m[38;2;78;74;70m[48;2;99;87;85m▀[0m[38;2;104;95;92m[48;2;83;75;71m▀[0m[38;2;0;0;0m[48;2;0;0;0m▀[0m[38;2;73;75;75m[48;2;119;122;122m▀[0m[38;2;184;186;186m[48;2;192;189;191m▀[0m[38;2;112;112;112m[48;2;193;194;191m▀[0m[38;2;34;37;37m[48;2;190;186;186m▀[0m[38;2;0;0;0m[48;2;166;168;168m▀[0m[38;2;0;0;0m[48;2;122;122;124m▀[0m[38;2;0;0;0m[48;2;70;70;70m▀[0m[38;2;0;0;0m[48;2;16;16;16m▀[0m[38;2;0;0;0m[48;2;0;0;0m▀[0m[38;2;0;0;0m[48;2;0;0;0m▀[0m[38;2;0;0;0m[48;2;0;0;0m▀[0m[38;2;89;91;91m[48;2;0;0;0m▀[0m[38;2;0;0;0m[48;2;0;0;0m▀[0m[38;2;0;0;0m[48;2;0;0;0m▀[0m[38;2;0;0;0m[48;2;0;0;0m▀[0m[38;2;0;0;0m[48;2;0;0;0m▀[0m[38;2;0;2;2m[48;2;0;0;0m▀[0m[38;2;199;203;203m[48;2;0;0;0m▀[0m[38;2;197;201;205m[48;2;0;0;0m▀[0m[38;2;31;24;27m[48;2;72;63;61m▀[0m[38;2;99;91;90m[48;2;125;118;114m▀[0m[38;2;100;86;88m[48;2;117;110;110m▀[0m[38;2;167;158;156m[48;2;122;108;110m▀[0m[38;2;126;116;114m[48;2;123;114;111m▀[0m[38;2;152;138;137m[48;2;156;140;142m▀[0m[38;2;49;17;12m[48;2;110;103;105m▀[0m[38;2;140;146;150m[48;2;0;0;0m▀[0m[38;2;116;123;123m[48;2;0;0;0m▀[0m[38;2;84;84;85m[48;2;0;0;0m▀[0m[38;2;0;0;0m[48;2;0;0;0m▀[0m[38;2;255;255;255m[48;2;89;89;89m▀[0m[38;2;237;237;237m[48;2;6;6;6m▀[0m[38;2;0;0;0m[48;2;0;0;0m▀[0m[38;2;0;0;0m[48;2;0;0;0m▀[0m[38;2;0;0;0m[48;2;0;0;0m▀[0m[38;2;0;0;0m[48;2;62;61;61m▀[0m[38;2;0;0;0m[48;2;162;160;160m▀[0m[38;2;0;0;0m[48;2;230;230;230m▀[0m[38;2;79;82;79m[48;2;241;240;240m▀[0m[38;2;197;199;199m[48;2;198;198;199m▀[0m[38;2;232;232;232m[48;2;164;164;162m▀[0m[38;2;177;179;179m[48;2;120;116;119m▀[0m[38;2;182;182;182m[48;2;12;12;15m▀[0m[38;2;166;163;166m[48;2;0;0;0m▀[0m[38;2;0;0;0m[48;2;0;0;0m▀[0m[38;2;70;65;68m[48;2;31;29;32m▀[0m[38;2;93;86;85m[48;2;101;95;90m▀[0m[38;2;83;74;71m[48;2;83;74;71m▀[0m[38;2;78;70;66m[48;2;79;72;69m▀[0m[38;2;78;70;66m[48;2;78;72;68m▀[0m[38;2;78;64;64m[48;2;77;69;66m▀[0m[38;2;98;85;81m[48;2;81;71;66m▀[0m[38;2;27;22;21m[48;2;98;86;84m▀[0m[38;2;0;0;0m[48;2;0;0;0m▀[0m[38;2;0;0;0m[48;2;0;0;0m▀[0m[38;2;60;60;62m[48;2;85;85;83m▀[0m[38;2;132;132;132m[48;2;22;22;22m▀[0m[38;2;149;145;145m[48;2;0;0;0m▀[0m[38;2;102;102;99m[48;2;142;142;143m▀[0m
[38;2;171;173;173m[48;2;45;42;42m▀[0m[38;2;14;14;14m[48;2;187;184;184m▀[0m[38;2;0;0;0m[48;2;54;52;52m▀[0m[38;2;0;0;0m[48;2;0;0;0m▀[0m[38;2;0;0;0m[48;2;0;0;0m▀[0m[38;2;0;0;0m[48;2;0;0;0m▀[0m[38;2;0;0;0m[48;2;7;7;8m▀[0m[38;2;46;44;41m[48;2;109;100;98m▀[0m[38;2;109;99;91m[48;2;88;79;75m▀[0m[38;2;89;79;76m[48;2;86;78;71m▀[0m[38;2;88;78;74m[48;2;86;77;74m▀[0m[38;2;83;75;71m[48;2;87;78;74m▀[0m[38;2;84;75;71m[48;2;91;79;76m▀[0m[38;2;87;79;76m[48;2;104;96;93m▀[0m[38;2;113;103;96m[48;2;127;117;111m▀[0m[38;2;30;29;27m[48;2;0;0;0m▀[0m[38;2;0;0;0m[48;2;78;83;84m▀[0m[38;2;0;0;0m[48;2;255;255;255m▀[0m[38;2;0;0;0m[48;2;86;86;88m▀[0m[38;2;52;52;52m[48;2;0;0;0m▀[0m[38;2;120;124;124m[48;2;0;0;0m▀[0m[38;2;160;160;163m[48;2;0;0;0m▀[0m[38;2;173;173;176m[48;2;0;0;0m▀[0m[38;2;185;185;185m[48;2;74;74;74m▀[0m[38;2;200;198;195m[48;2;132;129;132m▀[0m[38;2;198;194;190m[48;2;173;176;173m▀[0m[38;2;165;167;165m[48;2;203;203;207m▀[0m[38;2;123;123;123m[48;2;213;213;213m▀[0m[38;2;81;76;76m[48;2;219;216;219m▀[0m[38;2;41;41;37m[48;2;212;210;208m▀[0m[38;2;3;3;3m[48;2;209;209;207m▀[0m[38;2;0;0;0m[48;2;209;209;209m▀[0m[38;2;0;0;0m[48;2;198;197;197m▀[0m[38;2;0;0;0m[48;2;208;208;208m▀[0m[38;2;0;0;0m[48;2;102;104;104m▀[0m[38;2;0;0;0m[48;2;0;0;0m▀[0m[38;2;81;76;70m[48;2;78;74;74m▀[0m[38;2;177;162;157m[48;2;195;177;176m▀[0m[38;2;137;128;126m[48;2;156;147;143m▀[0m[38;2;153;140;137m[48;2;120;111;109m▀[0m[38;2;132;123;120m[48;2;146;138;135m▀[0m[38;2;167;152;154m[48;2;185;171;170m▀[0m[38;2;112;102;102m[48;2;118;110;106m▀[0m[38;2;0;0;0m[48;2;0;0;0m▀[0m[38;2;0;0;0m[48;2;114;117;114m▀[0m[38;2;0;0;0m[48;2;236;236;237m▀[0m[38;2;0;0;0m[48;2;217;220;220m▀[0m[38;2;0;0;0m[48;2;247;251;245m▀[0m[38;2;29;29;25m[48;2;249;253;252m▀[0m[38;2;118;122;118m[48;2;222;230;225m▀[0m[38;2;184;187;184m[48;2;199;204;200m▀[0m[38;2;232;235;235m[48;2;184;187;187m▀[0m[38;2;241;244;244m[48;2;125;123;126m▀[0m[38;2;228;226;230m[48;2;24;24;27m▀[0m[38;2;192;194;196m[48;2;0;0;0m▀[0m[38;2;131;133;136m[48;2;0;0;0m▀[0m[38;2;33;33;35m[48;2;0;0;0m▀[0m[38;2;0;0;0m[48;2;124;126;126m▀[0m[38;2;0;0;0m[48;2;255;255;255m▀[0m[38;2;0;0;0m[48;2;255;255;255m▀[0m[38;2;212;216;212m[48;2;187;187;190m▀[0m[38;2;255;255;255m[48;2;16;16;16m▀[0m[38;2;0;0;0m[48;2;0;0;0m▀[0m[38;2;99;89;87m[48;2;72;63;64m▀[0m[38;2;90;82;78m[48;2;110;98;95m▀[0m[38;2;86;74;76m[48;2;90;81;77m▀[0m[38;2;90;81;77m[48;2;89;81;76m▀[0m[38;2;84;75;72m[48;2;88;79;77m▀[0m[38;2;79;71;69m[48;2;87;78;75m▀[0m[38;2;98;88;84m[48;2;96;86;83m▀[0m[38;2;75;71;66m[48;2;103;97;91m▀[0m[38;2;0;0;0m[48;2;48;44;47m▀[0m[38;2;0;0;0m[48;2;0;0;0m▀[0m[38;2;0;0;0m[48;2;153;152;152m▀[0m[38;2;177;177;177m[48;2;64;64;61m▀[0m[38;2;116;116;118m[48;2;0;0;0m▀[0m
[38;2;0;0;0m[48;2;0;0;0m▀[0m[38;2;0;0;0m[48;2;0;0;0m▀[0m[38;2;147;146;146m[48;2;0;0;0m▀[0m[38;2;87;84;84m[48;2;25;25;25m▀[0m[38;2;0;0;0m[48;2;0;0;0m▀[0m[38;2;0;0;0m[48;2;70;70;64m▀[0m[38;2;91;90;85m[48;2;116;108;104m▀[0m[38;2;101;97;97m[48;2;100;91;86m▀[0m[38;2;84;76;77m[48;2;95;83;79m▀[0m[38;2;88;81;77m[48;2;92;84;81m▀[0m[38;2;90;82;78m[48;2;95;86;83m▀[0m[38;2;89;81;77m[48;2;93;85;83m▀[0m[38;2;92;85;77m[48;2;98;90;90m▀[0m[38;2;123;114;110m[48;2;125;113;113m▀[0m[38;2;91;84;79m[48;2;56;51;51m▀[0m[38;2;0;0;0m[48;2;0;0;0m▀[0m[38;2;0;0;0m[48;2;0;0;0m▀[0m[38;2;66;63;65m[48;2;0;0;0m▀[0m[38;2;206;206;208m[48;2;0;0;0m▀[0m[38;2;255;255;255m[48;2;0;0;0m▀[0m[38;2;255;255;255m[48;2;76;76;78m▀[0m[38;2;149;152;149m[48;2;201;201;204m▀[0m[38;2;15;12;10m[48;2;255;255;255m▀[0m[38;2;0;0;0m[48;2;255;255;255m▀[0m[38;2;0;0;0m[48;2;255;255;255m▀[0m[38;2;0;0;0m[48;2;132;132;132m▀[0m[38;2;0;0;0m[48;2;12;12;9m▀[0m[38;2;43;43;41m[48;2;0;0;0m▀[0m[38;2;88;85;89m[48;2;0;0;0m▀[0m[38;2;124;124;125m[48;2;0;0;0m▀[0m[38;2;156;156;158m[48;2;0;0;0m▀[0m[38;2;169;169;171m[48;2;0;0;0m▀[0m[38;2;204;201;205m[48;2;5;1;4m▀[0m[38;2;87;89;89m[48;2;0;0;0m▀[0m[38;2;0;0;0m[48;2;255;255;255m▀[0m[38;2;0;0;0m[48;2;173;177;177m▀[0m[38;2;82;77;77m[48;2;41;37;37m▀[0m[38;2;208;189;189m[48;2;136;129;132m▀[0m[38;2;183;168;168m[48;2;104;98;101m▀[0m[38;2;102;95;96m[48;2;7;9;9m▀[0m[38;2;163;153;153m[48;2;114;108;111m▀[0m[38;2;224;204;199m[48;2;141;129;131m▀[0m[38;2;126;114;111m[48;2;72;63;58m▀[0m[38;2;0;0;0m[48;2;70;73;74m▀[0m[38;2;0;0;0m[48;2;255;255;255m▀[0m[38;2;87;90;91m[48;2;0;0;0m▀[0m[38;2;210;212;210m[48;2;0;0;0m▀[0m[38;2;158;158;155m[48;2;0;0;0m▀[0m[38;2;115;113;116m[48;2;0;0;0m▀[0m[38;2;41;44;41m[48;2;0;0;0m▀[0m[38;2;0;0;0m[48;2;84;84;85m▀[0m[38;2;0;0;0m[48;2;201;201;204m▀[0m[38;2;0;0;0m[48;2;255;255;255m▀[0m[38;2;0;0;0m[48;2;255;255;255m▀[0m[38;2;124;126;126m[48;2;218;222;219m▀[0m[38;2;255;255;255m[48;2;83;84;81m▀[0m[38;2;255;255;255m[48;2;0;0;0m▀[0m[38;2;235;234;234m[48;2;0;0;0m▀[0m[38;2;65;65;68m[48;2;0;0;0m▀[0m[38;2;0;0;0m[48;2;0;0;0m▀[0m[38;2;0;0;0m[48;2;0;0;0m▀[0m[38;2;0;0;0m[48;2;0;0;0m▀[0m[38;2;0;0;0m[48;2;0;0;0m▀[0m[38;2;25;25;27m[48;2;6;12;11m▀[0m[38;2;129;117;111m[48;2;123;111;108m▀[0m[38;2;97;87;81m[48;2;114;101;95m▀[0m[38;2;90;83;79m[48;2;97;89;85m▀[0m[38;2;92;84;81m[48;2;96;87;83m▀[0m[38;2;92;83;79m[48;2;98;88;85m▀[0m[38;2;92;84;81m[48;2;101;92;87m▀[0m[38;2;102;87;87m[48;2;101;88;85m▀[0m[38;2;99;87;85m[48;2;111;98;93m▀[0m[38;2;23;22;20m[48;2;83;76;75m▀[0m[38;2;0;0;0m[48;2;12;12;14m▀[0m[38;2;0;0;0m[48;2;0;0;0m▀[0m[38;2;0;0;0m[48;2;0;0;0m▀[0m
[38;2;0;0;0m[48;2;1;1;1m▀[0m[38;2;0;0;0m[48;2;0;0;0m▀[0m[38;2;0;0;0m[48;2;0;0;0m▀[0m[38;2;0;0;0m[48;2;32;32;32m▀[0m[38;2;48;51;52m[48;2;103;97;92m▀[0m[38;2;110;101;99m[48;2;120;111;108m▀[0m[38;2;103;97;91m[48;2;102;95;87m▀[0m[38;2;96;87;79m[48;2;103;92;83m▀[0m[38;2;100;87;83m[48;2;110;97;93m▀[0m[38;2;96;87;84m[48;2;105;98;92m▀[0m[38;2;96;88;84m[48;2;103;95;87m▀[0m[38;2;98;89;85m[48;2;106;95;87m▀[0m[38;2;106;99;93m[48;2;114;104;98m▀[0m[38;2;120;112;109m[48;2;146;138;132m▀[0m[38;2;50;47;47m[48;2;32;32;33m▀[0m[38;2;0;0;0m[48;2;0;0;0m▀[0m[38;2;0;0;0m[48;2;0;0;0m▀[0m[38;2;0;0;0m[48;2;0;0;0m▀[0m[38;2;0;0;0m[48;2;0;0;0m▀[0m[38;2;0;0;0m[48;2;0;0;0m▀[0m[38;2;0;0;0m[48;2;0;0;0m▀[0m[38;2;0;0;0m[48;2;0;0;0m▀[0m[38;2;0;0;0m[48;2;0;0;0m▀[0m[38;2;0;3;4m[48;2;0;0;0m▀[0m[38;2;108;108;110m[48;2;0;0;0m▀[0m[38;2;216;216;216m[48;2;0;0;0m▀[0m[38;2;255;255;255m[48;2;0;0;0m▀[0m[38;2;255;255;255m[48;2;0;0;0m▀[0m[38;2;255;255;255m[48;2;7;7;7m▀[0m[38;2;210;210;211m[48;2;66;64;62m▀[0m[38;2;136;136;137m[48;2;113;111;115m▀[0m[38;2;8;11;10m[48;2;37;37;35m▀[0m[38;2;0;0;0m[48;2;0;0;0m▀[0m[38;2;255;255;255m[48;2;88;91;92m▀[0m[38;2;255;255;255m[48;2;33;31;28m▀[0m[38;2;16;18;18m[48;2;141;126;129m▀[0m[38;2;0;0;0m[48;2;82;77;79m▀[0m[38;2;0;0;0m[48;2;5;5;5m▀[0m[38;2;0;0;0m[48;2;37;37;38m▀[0m[38;2;0;0;0m[48;2;9;11;9m▀[0m[38;2;0;0;0m[48;2;14;12;12m▀[0m[38;2;0;0;0m[48;2;29;28;28m▀[0m[38;2;0;0;0m[48;2;44;37;37m▀[0m[38;2;0;0;1m[48;2;114;99;97m▀[0m[38;2;255;255;255m[48;2;14;9;3m▀[0m[38;2;255;255;255m[48;2;85;85;85m▀[0m[38;2;0;0;0m[48;2;3;5;7m▀[0m[38;2;233;231;234m[48;2;10;9;9m▀[0m[38;2;255;255;255m[48;2;0;0;0m▀[0m[38;2;255;255;255m[48;2;0;0;0m▀[0m[38;2;225;225;225m[48;2;0;0;0m▀[0m[38;2;130;133;133m[48;2;0;0;0m▀[0m[38;2;25;28;28m[48;2;0;0;0m▀[0m[38;2;0;0;0m[48;2;0;0;0m▀[0m[38;2;0;0;0m[48;2;0;0;0m▀[0m[38;2;0;0;0m[48;2;45;45;45m▀[0m[38;2;0;0;0m[48;2;62;62;62m▀[0m[38;2;0;0;0m[48;2;3;3;0m▀[0m[38;2;0;0;0m[48;2;0;0;0m▀[0m[38;2;0;0;0m[48;2;0;3;0m▀[0m[38;2;0;0;0m[48;2;0;0;0m▀[0m[38;2;0;0;0m[48;2;46;46;48m▀[0m[38;2;0;0;0m[48;2;11;14;14m▀[0m[38;2;19;16;20m[48;2;0;0;0m▀[0m[38;2;128;116;110m[48;2;153;138;138m▀[0m[38;2;114;104;101m[48;2;122;114;109m▀[0m[38;2;101;92;89m[48;2;111;104;101m▀[0m[38;2;101;92;88m[48;2;113;104;101m▀[0m[38;2;100;92;89m[48;2;110;102;98m▀[0m[38;2;106;98;92m[48;2;104;100;92m▀[0m[38;2;103;97;91m[48;2;108;99;99m▀[0m[38;2;113;98;101m[48;2;115;106;106m▀[0m[38;2;111;102;99m[48;2;126;122;114m▀[0m[38;2;85;78;78m[48;2;111;103;103m▀[0m[38;2;5;8;5m[48;2;84;77;74m▀[0m[38;2;0;0;0m[48;2;0;0;0m▀[0m
