[38;2;154;151;154m[48;2;0;0;0m▀[0m[38;2;255;255;255m[48;2;89;85;89m▀[0m[38;2;0;0;0m[48;2;255;255;255m▀[0m[38;2;0;0;0m[48;2;56;54;57m▀[0m[38;2;0;0;0m[48;2;150;147;144m▀[0m[38;2;228;231;231m[48;2;255;255;255m▀[0m[38;2;252;249;249m[48;2;194;191;191m▀[0m[38;2;101;98;101m[48;2;0;0;0m▀[0m[38;2;0;0;0m[48;2;0;0;0m▀[0m[38;2;0;0;0m[48;2;0;0;0m▀[0m[38;2;0;0;0m[48;2;0;0;0m▀[0m[38;2;78;78;78m[48;2;221;221;221m▀[0m[38;2;25;33;36m[48;2;0;0;0m▀[0m[38;2;2;0;0m[48;2;0;0;0m▀[0m[38;2;255;255;255m[48;2;228;186;171m▀[0m[38;2;255;222;194m[48;2;255;255;235m▀[0m[38;2;253;191;167m[48;2;255;221;203m▀[0m[38;2;252;177;158m[48;2;255;217;201m▀[0m[38;2;255;185;166m[48;2;97;71;59m▀[0m[38;2;114;78;85m[48;2;205;205;123m▀[0m[38;2;102;98;72m[48;2;255;255;185m▀[0m[38;2;255;255;255m[48;2;172;159;85m▀[0m[38;2;128;111;74m[48;2;0;0;0m▀[0m[38;2;0;0;0m[48;2;0;0;0m▀[0m[38;2;4;4;6m[48;2;0;0;0m▀[0m[38;2;3;3;4m[48;2;0;0;0m▀[0m[38;2;0;0;0m[48;2;0;0;0m▀[0m[38;2;0;0;0m[48;2;0;0;0m▀[0m[38;2;0;0;0m[48;2;0;0;0m▀[0m[38;2;0;0;0m[48;2;7;3;0m▀[0m[38;2;0;0;0m[48;2;0;0;0m▀[0m[38;2;0;0;0m[48;2;0;0;0m▀[0m[38;2;0;0;6m[48;2;4;1;11m▀[0m[38;2;92;110;109m[48;2;104;48;56m▀[0m[38;2;47;69;68m[48;2;85;0;0m▀[0m[38;2;87;118;123m[48;2;29;0;0m▀[0m[38;2;32;70;70m[48;2;42;0;0m▀[0m[38;2;150;192;189m[48;2;231;86;79m▀[0m[38;2;180;210;200m[48;2;216;19;11m▀[0m[38;2;117;150;144m[48;2;66;0;0m▀[0m[38;2;86;111;114m[48;2;0;0;0m▀[0m[38;2;84;108;116m[48;2;127;44;44m▀[0m[38;2;57;86;87m[48;2;126;25;22m▀[0m[38;2;255;255;255m[48;2;63;0;0m▀[0m[38;2;255;255;255m[48;2;1;0;0m▀[0m[38;2;97;110;114m[48;2;0;0;0m▀[0m[38;2;0;0;0m[48;2;0;0;0m▀[0m[38;2;0;0;0m[48;2;0;0;0m▀[0m[38;2;0;0;0m[48;2;0;0;0m▀[0m[38;2;0;0;0m[48;2;0;0;0m▀[0m[38;2;0;0;0m[48;2;0;0;0m▀[0m[38;2;0;0;0m[48;2;0;0;0m▀[0m[38;2;0;0;0m[48;2;0;0;0m▀[0m[38;2;76;68;38m[48;2;0;0;0m▀[0m[38;2;255;255;157m[48;2;255;255;200m▀[0m[38;2;166;153;93m[48;2;255;255;255m▀[0m[38;2;104;86;60m[48;2;255;255;139m▀[0m[38;2;185;135;136m[48;2;95;73;74m▀[0m[38;2;255;227;196m[48;2;255;244;224m▀[0m[38;2;254;211;182m[48;2;255;216;198m▀[0m[38;2;255;255;244m[48;2;255;255;252m▀[0m[38;2;194;156;140m[48;2;68;55;46m▀[0m[38;2;0;0;0m[48;2;0;0;0m▀[0m[38;2;151;153;151m[48;2;0;0;0m▀[0m[38;2;75;73;77m[48;2;220;219;219m▀[0m[38;2;0;0;0m[48;2;0;0;0m▀[0m[38;2;0;0;0m[48;2;0;0;0m▀[0m[38;2;0;0;0m[48;2;0;0;0m▀[0m[38;2;93;96;93m[48;2;0;0;0m▀[0m[38;2;255;255;255m[48;2;169;167;165m▀[0m[38;2;177;173;173m[48;2;255;255;255m▀[0m[38;2;0;0;0m[48;2;44;44;44m▀[0m[38;2;0;0;0m[48;2;0;0;0m▀[0m[38;2;0;0;0m[48;2;0;0;0m▀[0m[38;2;0;0;0m[48;2;245;243;237m▀[0m[38;2;153;155;156m[48;2;255;255;255m▀[0m
[38;2;0;0;0m[48;2;0;0;0m▀[0m[38;2;0;0;0m[48;2;0;0;0m▀[0m[38;2;0;0;0m[48;2;0;0;0m▀[0m[38;2;255;255;255m[48;2;255;255;255m▀[0m[38;2;255;255;255m[48;2;174;174;176m▀[0m[38;2;201;205;205m[48;2;189;192;192m▀[0m[38;2;35;38;38m[48;2;0;0;0m▀[0m[38;2;0;0;0m[48;2;0;0;0m▀[0m[38;2;0;0;0m[48;2;0;0;0m▀[0m[38;2;0;0;0m[48;2;45;45;46m▀[0m[38;2;169;169;169m[48;2;190;186;190m▀[0m[38;2;56;58;58m[48;2;0;0;0m▀[0m[38;2;32;34;36m[48;2;0;0;0m▀[0m[38;2;0;0;0m[48;2;0;0;0m▀[0m[38;2;12;0;3m[48;2;0;0;0m▀[0m[38;2;255;255;253m[48;2;206;153;145m▀[0m[38;2;255;241;223m[48;2;255;255;255m▀[0m[38;2;237;187;183m[48;2;186;145;162m▀[0m[38;2;138;131;75m[48;2;130;113;64m▀[0m[38;2;255;255;255m[48;2;255;255;218m▀[0m[38;2;87;74;47m[48;2;0;0;0m▀[0m[38;2;0;0;0m[48;2;0;0;0m▀[0m[38;2;0;0;0m[48;2;62;60;57m▀[0m[38;2;0;0;0m[48;2;231;194;172m▀[0m[38;2;22;16;16m[48;2;255;255;234m▀[0m[38;2;135;102;91m[48;2;255;255;250m▀[0m[38;2;225;183;163m[48;2;255;251;233m▀[0m[38;2;255;225;195m[48;2;255;232;214m▀[0m[38;2;255;250;216m[48;2;255;221;187m▀[0m[38;2;255;255;227m[48;2;255;220;196m▀[0m[38;2;255;250;221m[48;2;255;222;201m▀[0m[38;2;255;228;198m[48;2;255;222;193m▀[0m[38;2;233;198;170m[48;2;255;238;205m▀[0m[38;2;162;131;111m[48;2;255;255;233m▀[0m[38;2;51;35;29m[48;2;255;255;255m▀[0m[38;2;0;0;0m[48;2;197;173;155m▀[0m[38;2;0;0;0m[48;2;150;120;98m▀[0m[38;2;41;7;2m[48;2;255;255;237m▀[0m[38;2;30;8;8m[48;2;255;255;255m▀[0m[38;2;0;0;0m[48;2;255;255;240m▀[0m[38;2;0;0;0m[48;2;255;255;235m▀[0m[38;2;0;0;0m[48;2;231;203;181m▀[0m[38;2;0;0;0m[48;2;23;22;19m▀[0m[38;2;0;0;0m[48;2;189;155;133m▀[0m[38;2;18;0;0m[48;2;255;255;236m▀[0m[38;2;167;125;106m[48;2;255;255;232m▀[0m[38;2;250;203;173m[48;2;255;237;209m▀[0m[38;2;255;233;204m[48;2;255;228;201m▀[0m[38;2;255;246;210m[48;2;255;224;192m▀[0m[38;2;255;255;220m[48;2;255;223;201m▀[0m[38;2;255;253;224m[48;2;255;223;205m▀[0m[38;2;255;230;203m[48;2;255;232;204m▀[0m[38;2;234;189;169m[48;2;255;238;213m▀[0m[38;2;118;84;83m[48;2;255;251;223m▀[0m[38;2;0;0;0m[48;2;255;223;206m▀[0m[38;2;165;169;89m[48;2;83;75;93m▀[0m[38;2;156;150;58m[48;2;0;0;0m▀[0m[38;2;0;0;0m[48;2;91;87;39m▀[0m[38;2;255;255;239m[48;2;155;129;112m▀[0m[38;2;255;243;221m[48;2;255;255;255m▀[0m[38;2;255;253;227m[48;2;248;205;189m▀[0m[38;2;0;0;0m[48;2;0;0;0m▀[0m[38;2;19;25;31m[48;2;101;103;108m▀[0m[38;2;0;0;0m[48;2;191;189;192m▀[0m[38;2;78;77;75m[48;2;0;0;0m▀[0m[38;2;172;168;168m[48;2;231;224;224m▀[0m[38;2;0;0;0m[48;2;57;54;57m▀[0m[38;2;0;0;0m[48;2;0;0;0m▀[0m[38;2;0;0;0m[48;2;0;0;0m▀[0m[38;2;76;76;77m[48;2;0;0;0m▀[0m[38;2;211;212;208m[48;2;132;135;132m▀[0m[38;2;255;255;255m[48;2;210;207;207m▀[0m[38;2;5;5;5m[48;2;255;255;255m▀[0m[38;2;255;255;255m[48;2;29;28;25m▀[0m[38;2;190;189;179m[48;2;0;0;0m▀[0m[38;2;0;0;0m[48;2;184;184;185m▀[0m
[38;2;86;85;86m[48;2;240;240;240m▀[0m[38;2;0;0;0m[48;2;195;197;195m▀[0m[38;2;207;206;206m[48;2;255;255;255m▀[0m[38;2;235;235;233m[48;2;195;195;195m▀[0m[38;2;177;180;180m[48;2;88;88;90m▀[0m[38;2;174;174;183m[48;2;0;0;0m▀[0m[38;2;193;190;197m[48;2;115;115;119m▀[0m[38;2;0;0;0m[48;2;255;255;255m▀[0m[38;2;0;0;0m[48;2;255;255;255m▀[0m[38;2;227;227;227m[48;2;88;87;88m▀[0m[38;2;1;1;1m[48;2;0;0;0m▀[0m[38;2;0;0;0m[48;2;0;0;0m▀[0m[38;2;0;0;0m[48;2;143;143;143m▀[0m[38;2;124;127;128m[48;2;164;164;165m▀[0m[38;2;0;0;0m[48;2;0;0;0m▀[0m[38;2;4;0;8m[48;2;0;0;0m▀[0m[38;2;191;153;139m[48;2;127;110;47m▀[0m[38;2;81;72;48m[48;2;255;255;255m▀[0m[38;2;255;255;173m[48;2;189;181;105m▀[0m[38;2;124;118;69m[48;2;0;0;0m▀[0m[38;2;0;0;0m[48;2;255;244;217m▀[0m[38;2;219;185;166m[48;2;255;210;182m▀[0m[38;2;255;255;245m[48;2;227;120;113m▀[0m[38;2;255;221;198m[48;2;247;127;113m▀[0m[38;2;255;211;191m[48;2;241;159;137m▀[0m[38;2;246;217;194m[48;2;238;186;166m▀[0m[38;2;244;208;190m[48;2;232;201;181m▀[0m[38;2;244;208;189m[48;2;234;200;180m▀[0m[38;2;243;204;184m[48;2;235;196;174m▀[0m[38;2;239;198;172m[48;2;233;194;172m▀[0m[38;2;243;201;185m[48;2;235;194;178m▀[0m[38;2;239;197;182m[48;2;234;195;176m▀[0m[38;2;236;197;171m[48;2;233;196;171m▀[0m[38;2;247;206;180m[48;2;239;198;177m▀[0m[38;2;252;212;187m[48;2;241;203;180m▀[0m[38;2;255;239;211m[48;2;234;203;176m▀[0m[38;2;247;208;185m[48;2;247;207;185m▀[0m[38;2;187;147;131m[48;2;247;206;182m▀[0m[38;2;240;193;165m[48;2;234;194;171m▀[0m[38;2;254;213;186m[48;2;246;206;189m▀[0m[38;2;255;224;200m[48;2;244;204;185m▀[0m[38;2;225;185;168m[48;2;248;208;185m▀[0m[38;2;255;223;194m[48;2;249;209;192m▀[0m[38;2;255;249;221m[48;2;243;203;189m▀[0m[38;2;253;212;181m[48;2;240;199;182m▀[0m[38;2;236;206;180m[48;2;232;193;171m▀[0m[38;2;238;201;187m[48;2;231;196;174m▀[0m[38;2;241;199;183m[48;2;233;196;177m▀[0m[38;2;243;204;179m[48;2;234;197;176m▀[0m[38;2;240;206;182m[48;2;233;196;174m▀[0m[38;2;240;204;185m[48;2;234;196;182m▀[0m[38;2;246;207;190m[48;2;233;206;182m▀[0m[38;2;251;201;173m[48;2;237;173;142m▀[0m[38;2;249;174;149m[48;2;252;136;112m▀[0m[38;2;255;180;155m[48;2;255;138;114m▀[0m[38;2;255;237;205m[48;2;176;66;54m▀[0m[38;2;255;208;187m[48;2;182;75;63m▀[0m[38;2;168;154;111m[48;2;244;131;111m▀[0m[38;2;11;29;7m[48;2;2;0;0m▀[0m[38;2;199;176;162m[48;2;0;0;0m▀[0m[38;2;130;116;108m[48;2;0;0;0m▀[0m[38;2;0;0;0m[48;2;0;0;0m▀[0m[38;2;0;0;0m[48;2;0;0;0m▀[0m[38;2;206;208;208m[48;2;3;5;6m▀[0m[38;2;30;32;33m[48;2;197;196;197m▀[0m[38;2;0;0;0m[48;2;0;0;0m▀[0m[38;2;237;230;228m[48;2;118;114;117m▀[0m[38;2;0;0;0m[48;2;106;105;103m▀[0m[38;2;0;0;0m[48;2;100;99;99m▀[0m[38;2;0;0;0m[48;2;255;255;255m▀[0m[38;2;177;173;177m[48;2;84;81;84m▀[0m[38;2;190;189;189m[48;2;150;150;150m▀[0m[38;2;233;230;230m[48;2;169;168;168m▀[0m[38;2;0;0;0m[48;2;255;255;255m▀[0m[38;2;125;122;126m[48;2;69;69;66m▀[0m[38;2;225;222;222m[48;2;0;0;0m▀[0m
[38;2;0;0;0m[48;2;142;139;142m▀[0m[38;2;255;255;255m[48;2;255;255;255m▀[0m[38;2;255;255;255m[48;2;255;255;255m▀[0m[38;2;166;166;166m[48;2;70;70;70m▀[0m[38;2;0;0;0m[48;2;0;0;0m▀[0m[38;2;0;0;0m[48;2;0;0;0m▀[0m[38;2;0;0;0m[48;2;0;0;0m▀[0m[38;2;29;29;31m[48;2;219;219;217m▀[0m[38;2;255;255;255m[48;2;0;0;2m▀[0m[38;2;0;0;0m[48;2;0;0;0m▀[0m[38;2;0;0;0m[48;2;31;31;33m▀[0m[38;2;85;85;86m[48;2;200;203;200m▀[0m[38;2;207;204;207m[48;2;0;0;0m▀[0m[38;2;0;0;0m[48;2;0;0;0m▀[0m[38;2;0;0;0m[48;2;0;0;0m▀[0m[38;2;0;0;0m[48;2;0;0;0m▀[0m[38;2;55;46;28m[48;2;214;226;220m▀[0m[38;2;255;246;142m[48;2;0;0;0m▀[0m[38;2;0;0;0m[48;2;217;189;164m▀[0m[38;2;255;238;209m[48;2;241;171;146m▀[0m[38;2;179;112;100m[48;2;144;59;56m▀[0m[38;2;156;46;43m[48;2;241;115;106m▀[0m[38;2;163;62;59m[48;2;255;144;125m▀[0m[38;2;245;140;116m[48;2;252;130;103m▀[0m[38;2;255;150;127m[48;2;252;123;95m▀[0m[38;2;241;159;139m[48;2;244;162;140m▀[0m[38;2;233;198;177m[48;2;234;198;181m▀[0m[38;2;233;197;178m[48;2;234;197;179m▀[0m[38;2;234;193;169m[48;2;234;192;170m▀[0m[38;2;235;193;167m[48;2;235;193;171m▀[0m[38;2;235;194;177m[48;2;235;196;178m▀[0m[38;2;235;196;174m[48;2;234;197;178m▀[0m[38;2;233;196;173m[48;2;233;198;174m▀[0m[38;2;235;196;173m[48;2;236;197;174m▀[0m[38;2;236;197;178m[48;2;236;197;176m▀[0m[38;2;236;197;178m[48;2;234;198;180m▀[0m[38;2;235;196;174m[48;2;234;197;179m▀[0m[38;2;234;200;172m[48;2;232;195;173m▀[0m[38;2;239;199;173m[48;2;235;195;173m▀[0m[38;2;234;200;183m[48;2;235;196;177m▀[0m[38;2;237;199;183m[48;2;234;197;184m▀[0m[38;2;233;196;173m[48;2;236;196;173m▀[0m[38;2;234;195;172m[48;2;237;196;171m▀[0m[38;2;235;196;173m[48;2;237;197;172m▀[0m[38;2;235;196;173m[48;2;235;196;174m▀[0m[38;2;234;195;176m[48;2;231;196;174m▀[0m[38;2;232;195;176m[48;2;226;195;171m▀[0m[38;2;234;195;173m[48;2;234;196;164m▀[0m[38;2;232;197;176m[48;2;235;196;174m▀[0m[38;2;231;195;176m[48;2;233;196;177m▀[0m[38;2;233;196;179m[48;2;233;196;177m▀[0m[38;2;233;205;180m[48;2;236;205;180m▀[0m[38;2;239;167;137m[48;2;239;181;147m▀[0m[38;2;248;137;115m[48;2;245;164;139m▀[0m[38;2;239;135;112m[48;2;255;198;183m▀[0m[38;2;231;115;104m[48;2;255;154;133m▀[0m[38;2;255;127;110m[48;2;255;136;117m▀[0m[38;2;178;56;54m[48;2;198;79;66m▀[0m[38;2;255;180;156m[48;2;255;180;155m▀[0m[38;2;0;0;0m[48;2;239;197;182m▀[0m[38;2;0;0;0m[48;2;0;0;0m▀[0m[38;2;0;0;0m[48;2;0;0;0m▀[0m[38;2;0;0;0m[48;2;0;0;0m▀[0m[38;2;0;0;0m[48;2;0;0;0m▀[0m[38;2;99;98;99m[48;2;0;0;0m▀[0m[38;2;112;114;114m[48;2;209;211;211m▀[0m[38;2;0;0;0m[48;2;0;0;0m▀[0m[38;2;255;255;255m[48;2;34;34;35m▀[0m[38;2;255;255;255m[48;2;178;163;163m▀[0m[38;2;14;12;12m[48;2;0;0;0m▀[0m[38;2;0;0;0m[48;2;0;0;0m▀[0m[38;2;0;0;0m[48;2;0;0;0m▀[0m[38;2;174;177;177m[48;2;255;255;255m▀[0m[38;2;232;231;227m[48;2;179;183;183m▀[0m[38;2;154;153;150m[48;2;255;255;255m▀[0m[38;2;0;0;0m[48;2;27;24;28m▀[0m
[38;2;255;255;255m[48;2;197;197;197m▀[0m[38;2;122;125;122m[48;2;109;105;109m▀[0m[38;2;102;99;99m[48;2;0;0;0m▀[0m[38;2;255;255;255m[48;2;0;0;0m▀[0m[38;2;117;114;114m[48;2;255;255;255m▀[0m[38;2;0;0;0m[48;2;255;255;255m▀[0m[38;2;137;137;139m[48;2;234;231;234m▀[0m[38;2;152;151;152m[48;2;0;0;0m▀[0m[38;2;0;0;0m[48;2;0;0;0m▀[0m[38;2;6;8;6m[48;2;190;187;191m▀[0m[38;2;191;191;192m[48;2;9;6;12m▀[0m[38;2;0;0;0m[48;2;0;0;0m▀[0m[38;2;0;0;0m[48;2;0;0;0m▀[0m[38;2;0;0;0m[48;2;0;0;0m▀[0m[38;2;0;0;0m[48;2;84;68;47m▀[0m[38;2;33;31;20m[48;2;255;255;255m▀[0m[38;2;61;76;63m[48;2;52;43;3m▀[0m[38;2;101;85;78m[48;2;217;181;163m▀[0m[38;2;255;228;201m[48;2;213;143;127m▀[0m[38;2;198;84;74m[48;2;243;110;99m▀[0m[38;2;255;153;128m[48;2;255;151;127m▀[0m[38;2;233;140;117m[48;2;255;147;127m▀[0m[38;2;254;151;123m[48;2;248;137;116m▀[0m[38;2;255;213;194m[48;2;255;216;194m▀[0m[38;2;255;213;198m[48;2;255;255;239m▀[0m[38;2;235;178;153m[48;2;232;192;169m▀[0m[38;2;234;199;178m[48;2;228;197;180m▀[0m[38;2;235;194;172m[48;2;234;195;176m▀[0m[38;2;236;195;173m[48;2;235;196;174m▀[0m[38;2;236;195;173m[48;2;236;197;174m▀[0m[38;2;237;198;179m[48;2;236;199;177m▀[0m[38;2;235;198;179m[48;2;236;199;178m▀[0m[38;2;234;197;176m[48;2;237;198;179m▀[0m[38;2;236;197;176m[48;2;236;197;178m▀[0m[38;2;236;197;178m[48;2;236;197;178m▀[0m[38;2;234;197;179m[48;2;236;197;176m▀[0m[38;2;234;197;178m[48;2;237;197;178m▀[0m[38;2;235;196;178m[48;2;236;197;178m▀[0m[38;2;235;195;169m[48;2;236;195;174m▀[0m[38;2;235;193;177m[48;2;234;193;168m▀[0m[38;2;235;197;181m[48;2;232;184;157m▀[0m[38;2;238;197;179m[48;2;235;191;163m▀[0m[38;2;238;198;177m[48;2;238;197;173m▀[0m[38;2;235;198;177m[48;2;236;197;178m▀[0m[38;2;234;197;179m[48;2;234;197;178m▀[0m[38;2;233;194;172m[48;2;236;197;178m▀[0m[38;2;233;194;172m[48;2;237;197;178m▀[0m[38;2;234;195;168m[48;2;236;196;178m▀[0m[38;2;237;196;178m[48;2;236;196;178m▀[0m[38;2;237;197;179m[48;2;234;198;179m▀[0m[38;2;235;198;179m[48;2;235;199;180m▀[0m[38;2;235;204;179m[48;2;237;198;179m▀[0m[38;2;231;181;153m[48;2;230;196;172m▀[0m[38;2;255;255;248m[48;2;237;200;173m▀[0m[38;2;255;255;255m[48;2;249;185;162m▀[0m[38;2;254;145;118m[48;2;251;158;136m▀[0m[38;2;239;136;112m[48;2;253;145;127m▀[0m[38;2;243;137;113m[48;2;252;141;118m▀[0m[38;2;255;140;113m[48;2;253;128;103m▀[0m[38;2;255;249;228m[48;2;255;219;194m▀[0m[38;2;124;102;98m[48;2;255;243;226m▀[0m[38;2;0;0;0m[48;2;0;0;0m▀[0m[38;2;0;0;0m[48;2;0;0;0m▀[0m[38;2;0;0;0m[48;2;0;0;0m▀[0m[38;2;0;0;0m[48;2;0;0;0m▀[0m[38;2;44;44;44m[48;2;0;0;0m▀[0m[38;2;163;163;165m[48;2;186;183;187m▀[0m[38;2;0;0;0m[48;2;0;0;1m▀[0m[38;2;185;183;186m[48;2;0;0;0m▀[0m[38;2;43;35;35m[48;2;255;255;255m▀[0m[38;2;81;81;78m[48;2;221;219;217m▀[0m[38;2;255;255;255m[48;2;28;28;25m▀[0m[38;2;101;100;93m[48;2;0;0;0m▀[0m[38;2;193;195;195m[48;2;39;36;36m▀[0m[38;2;178;173;173m[48;2;198;200;200m▀[0m[38;2;255;255;255m[48;2;219;217;214m▀[0m
[38;2;87;86;86m[48;2;0;0;0m▀[0m[38;2;19;19;19m[48;2;0;0;0m▀[0m[38;2;0;0;0m[48;2;0;0;0m▀[0m[38;2;0;0;0m[48;2;0;0;0m▀[0m[38;2;0;0;0m[48;2;150;153;153m▀[0m[38;2;255;255;255m[48;2;117;119;120m▀[0m[38;2;17;17;17m[48;2;0;0;0m▀[0m[38;2;0;0;0m[48;2;28;28;29m▀[0m[38;2;146;146;149m[48;2;255;255;255m▀[0m[38;2;72;68;71m[48;2;255;255;255m▀[0m[38;2;0;0;0m[48;2;130;137;133m▀[0m[38;2;4;4;8m[48;2;68;73;82m▀[0m[38;2;6;8;8m[48;2;197;194;139m▀[0m[38;2;144;123;75m[48;2;246;221;137m▀[0m[38;2;255;255;246m[48;2;255;255;199m▀[0m[38;2;255;255;180m[48;2;236;219;119m▀[0m[38;2;24;12;6m[48;2;33;19;24m▀[0m[38;2;255;240;214m[48;2;255;249;224m▀[0m[38;2;192;138;124m[48;2;245;209;192m▀[0m[38;2;226;95;86m[48;2;227;172;152m▀[0m[38;2;255;143;124m[48;2;231;174;150m▀[0m[38;2;245;143;125m[48;2;228;184;155m▀[0m[38;2;240;165;140m[48;2;234;194;167m▀[0m[38;2;235;179;152m[48;2;234;200;176m▀[0m[38;2;237;190;167m[48;2;236;196;182m▀[0m[38;2;234;196;180m[48;2;236;197;178m▀[0m[38;2;235;196;177m[48;2;234;197;178m▀[0m[38;2;234;197;178m[48;2;233;197;179m▀[0m[38;2;235;195;176m[48;2;233;196;177m▀[0m[38;2;235;196;177m[48;2;235;196;177m▀[0m[38;2;235;198;177m[48;2;235;198;177m▀[0m[38;2;239;198;178m[48;2;238;198;179m▀[0m[38;2;238;197;176m[48;2;237;198;180m▀[0m[38;2;237;198;177m[48;2;238;198;179m▀[0m[38;2;237;198;177m[48;2;238;198;179m▀[0m[38;2;236;197;176m[48;2;237;197;176m▀[0m[38;2;238;198;179m[48;2;238;198;179m▀[0m[38;2;236;197;178m[48;2;237;198;179m▀[0m[38;2;233;192;167m[48;2;226;180;152m▀[0m[38;2;238;198;179m[48;2;255;255;255m▀[0m[38;2;245;216;198m[48;2;255;255;255m▀[0m[38;2;237;200;173m[48;2;255;255;255m▀[0m[38;2;233;186;158m[48;2;239;200;181m▀[0m[38;2;237;195;178m[48;2;235;190;165m▀[0m[38;2;237;196;179m[48;2;236;199;180m▀[0m[38;2;237;197;178m[48;2;235;198;180m▀[0m[38;2;234;199;176m[48;2;234;197;179m▀[0m[38;2;236;196;178m[48;2;236;195;173m▀[0m[38;2;236;196;178m[48;2;236;196;178m▀[0m[38;2;236;197;178m[48;2;234;197;178m▀[0m[38;2;237;198;179m[48;2;237;198;179m▀[0m[38;2;236;199;180m[48;2;236;197;178m▀[0m[38;2;236;197;178m[48;2;236;197;178m▀[0m[38;2;232;195;173m[48;2;235;196;178m▀[0m[38;2;236;196;171m[48;2;235;199;180m▀[0m[38;2;238;196;170m[48;2;234;198;180m▀[0m[38;2;241;177;150m[48;2;232;200;177m▀[0m[38;2;243;159;135m[48;2;232;208;185m▀[0m[38;2;244;172;151m[48;2;234;211;194m▀[0m[38;2;248;222;199m[48;2;241;216;197m▀[0m[38;2;255;255;254m[48;2;255;255;237m▀[0m[38;2;78;62;64m[48;2;198;156;141m▀[0m[38;2;0;0;0m[48;2;0;0;0m▀[0m[38;2;0;0;0m[48;2;0;0;0m▀[0m[38;2;0;0;0m[48;2;0;0;0m▀[0m[38;2;0;0;0m[48;2;0;0;0m▀[0m[38;2;0;0;0m[48;2;12;12;12m▀[0m[38;2;217;214;219m[48;2;255;255;255m▀[0m[38;2;0;0;0m[48;2;255;255;255m▀[0m[38;2;89;89;91m[48;2;0;0;0m▀[0m[38;2;78;78;83m[48;2;255;255;255m▀[0m[38;2;0;0;0m[48;2;6;6;6m▀[0m[38;2;0;0;0m[48;2;0;0;0m▀[0m[38;2;0;0;0m[48;2;0;0;0m▀[0m[38;2;151;149;152m[48;2;0;0;0m▀[0m[38;2;147;145;142m[48;2;255;255;255m▀[0m
[38;2;3;0;0m[48;2;255;220;199m▀[0m[38;2;0;0;0m[48;2;0;0;0m▀[0m[38;2;0;0;0m[48;2;0;0;0m▀[0m[38;2;42;39;46m[48;2;234;237;238m▀[0m[38;2;255;255;255m[48;2;16;12;17m▀[0m[38;2;0;0;0m[48;2;0;0;0m▀[0m[38;2;0;0;0m[48;2;150;150;152m▀[0m[38;2;250;250;248m[48;2;146;143;146m▀[0m[38;2;7;7;8m[48;2;0;0;0m▀[0m[38;2;35;37;42m[48;2;0;0;0m▀[0m[38;2;156;156;167m[48;2;0;0;0m▀[0m[38;2;62;64;71m[48;2;253;225;125m▀[0m[38;2;189;173;90m[48;2;255;255;199m▀[0m[38;2;248;225;127m[48;2;157;146;78m▀[0m[38;2;255;255;167m[48;2;255;255;254m▀[0m[38;2;216;203;101m[48;2;150;142;71m▀[0m[38;2;66;49;61m[48;2;92;65;75m▀[0m[38;2;255;250;230m[48;2;255;253;237m▀[0m[38;2;240;200;181m[48;2;239;200;183m▀[0m[38;2;238;205;178m[48;2;239;199;180m▀[0m[38;2;230;199;178m[48;2;235;195;178m▀[0m[38;2;231;200;172m[48;2;235;195;173m▀[0m[38;2;233;200;168m[48;2;235;200;173m▀[0m[38;2;232;195;173m[48;2;236;196;178m▀[0m[38;2;234;195;178m[48;2;234;197;179m▀[0m[38;2;236;197;179m[48;2;234;197;179m▀[0m[38;2;232;196;177m[48;2;227;197;177m▀[0m[38;2;223;192;171m[48;2;243;220;207m▀[0m[38;2;233;197;178m[48;2;237;201;186m▀[0m[38;2;236;196;177m[48;2;234;197;178m▀[0m[38;2;237;198;177m[48;2;237;198;179m▀[0m[38;2;237;198;179m[48;2;237;198;179m▀[0m[38;2;237;198;181m[48;2;238;199;177m▀[0m[38;2;235;198;180m[48;2;236;199;180m▀[0m[38;2;234;198;179m[48;2;235;198;181m▀[0m[38;2;237;198;177m[48;2;236;196;178m▀[0m[38;2;237;198;177m[48;2;237;197;178m▀[0m[38;2;232;199;170m[48;2;235;194;168m▀[0m[38;2;226;179;155m[48;2;236;191;173m▀[0m[38;2;235;212;199m[48;2;210;158;129m▀[0m[38;2;255;255;255m[48;2;249;253;244m▀[0m[38;2;255;255;255m[48;2;255;255;255m▀[0m[38;2;246;220;203m[48;2;226;181;152m▀[0m[38;2;230;183;158m[48;2;235;191;169m▀[0m[38;2;232;201;176m[48;2;230;193;168m▀[0m[38;2;230;193;168m[48;2;234;195;177m▀[0m[38;2;231;183;166m[48;2;246;227;208m▀[0m[38;2;238;191;173m[48;2;237;191;176m▀[0m[38;2;235;198;167m[48;2;230;187;167m▀[0m[38;2;231;194;171m[48;2;235;201;180m▀[0m[38;2;232;191;172m[48;2;250;230;220m▀[0m[38;2;236;197;178m[48;2;236;199;181m▀[0m[38;2;236;197;179m[48;2;236;196;177m▀[0m[38;2;237;197;179m[48;2;236;197;176m▀[0m[38;2;237;197;181m[48;2;236;196;177m▀[0m[38;2;236;196;180m[48;2;236;197;178m▀[0m[38;2;236;195;179m[48;2;234;197;178m▀[0m[38;2;233;195;179m[48;2;235;196;177m▀[0m[38;2;234;197;178m[48;2;235;196;174m▀[0m[38;2;246;207;185m[48;2;244;207;174m▀[0m[38;2;255;247;219m[48;2;255;239;210m▀[0m[38;2;254;200;180m[48;2;255;222;196m▀[0m[38;2;0;0;0m[48;2;0;0;0m▀[0m[38;2;0;0;0m[48;2;0;0;0m▀[0m[38;2;10;10;12m[48;2;0;0;0m▀[0m[38;2;255;255;255m[48;2;255;255;255m▀[0m[38;2;255;255;255m[48;2;0;0;0m▀[0m[38;2;112;115;115m[48;2;0;0;0m▀[0m[38;2;0;0;0m[48;2;0;0;0m▀[0m[38;2;93;90;92m[48;2;0;0;0m▀[0m[38;2;212;209;212m[48;2;0;0;0m▀[0m[38;2;212;214;216m[48;2;210;208;212m▀[0m[38;2;0;0;0m[48;2;165;165;167m▀[0m[38;2;0;0;0m[48;2;0;0;0m▀[0m[38;2;0;0;0m[48;2;0;0;0m▀[0m[38;2;45;45;46m[48;2;0;0;0m▀[0m
[38;2;255;255;255m[48;2;255;230;209m▀[0m[38;2;143;106;92m[48;2;255;255;235m▀[0m[38;2;0;0;0m[48;2;30;9;10m▀[0m[38;2;27;30;35m[48;2;0;0;0m▀[0m[38;2;0;0;0m[48;2;0;0;0m▀[0m[38;2;19;19;21m[48;2;222;224;224m▀[0m[38;2;247;249;247m[48;2;45;47;45m▀[0m[38;2;0;0;0m[48;2;0;0;0m▀[0m[38;2;0;0;0m[48;2;0;0;0m▀[0m[38;2;0;0;0m[48;2;0;0;0m▀[0m[38;2;0;0;0m[48;2;0;0;0m▀[0m[38;2;255;255;255m[48;2;140;122;73m▀[0m[38;2;57;49;23m[48;2;133;115;66m▀[0m[38;2;33;37;15m[48;2;0;0;0m▀[0m[38;2;169;166;101m[48;2;81;72;59m▀[0m[38;2;65;72;25m[48;2;0;0;0m▀[0m[38;2;72;56;60m[48;2;41;30;37m▀[0m[38;2;255;255;248m[48;2;255;255;255m▀[0m[38;2;249;205;186m[48;2;253;212;192m▀[0m[38;2;241;201;182m[48;2;240;201;182m▀[0m[38;2;236;197;178m[48;2;235;198;179m▀[0m[38;2;234;197;176m[48;2;235;198;176m▀[0m[38;2;236;197;174m[48;2;236;197;174m▀[0m[38;2;237;196;176m[48;2;234;195;177m▀[0m[38;2;234;197;178m[48;2;234;195;177m▀[0m[38;2;233;196;177m[48;2;235;195;176m▀[0m[38;2;230;196;172m[48;2;234;192;177m▀[0m[38;2;243;213;200m[48;2;237;187;173m▀[0m[38;2;241;205;185m[48;2;244;199;179m▀[0m[38;2;235;198;177m[48;2;236;199;180m▀[0m[38;2;236;197;179m[48;2;233;196;174m▀[0m[38;2;237;198;179m[48;2;236;197;176m▀[0m[38;2;238;199;178m[48;2;239;200;176m▀[0m[38;2;238;199;181m[48;2;244;203;186m▀[0m[38;2;236;198;186m[48;2;246;203;191m▀[0m[38;2;237;196;176m[48;2;240;196;178m▀[0m[38;2;235;195;170m[48;2;236;191;167m▀[0m[38;2;236;187;174m[48;2;228;184;158m▀[0m[38;2;232;186;171m[48;2;214;167;144m▀[0m[38;2;224;195;177m[48;2;255;255;255m▀[0m[38;2;255;255;255m[48;2;233;240;235m▀[0m[38;2;243;206;191m[48;2;200;147;120m▀[0m[38;2;233;183;155m[48;2;250;204;184m▀[0m[38;2;232;195;177m[48;2;236;199;172m▀[0m[38;2;232;184;155m[48;2;239;194;168m▀[0m[38;2;255;255;253m[48;2;255;244;235m▀[0m[38;2;255;255;255m[48;2;255;255;255m▀[0m[38;2;253;226;219m[48;2;238;198;177m▀[0m[38;2;232;177;157m[48;2;234;189;166m▀[0m[38;2;239;203;189m[48;2;237;192;176m▀[0m[38;2;255;236;223m[48;2;235;193;172m▀[0m[38;2;235;198;176m[48;2;235;196;174m▀[0m[38;2;235;196;170m[48;2;234;197;169m▀[0m[38;2;235;196;174m[48;2;234;195;176m▀[0m[38;2;235;196;169m[48;2;234;195;177m▀[0m[38;2;234;197;176m[48;2;234;197;178m▀[0m[38;2;234;197;178m[48;2;234;197;178m▀[0m[38;2;236;196;178m[48;2;236;197;178m▀[0m[38;2;239;197;177m[48;2;239;200;179m▀[0m[38;2;243;208;180m[48;2;250;208;195m▀[0m[38;2;255;244;219m[48;2;255;255;234m▀[0m[38;2;255;217;197m[48;2;222;181;164m▀[0m[38;2;0;0;0m[48;2;0;0;0m▀[0m[38;2;0;0;0m[48;2;0;0;0m▀[0m[38;2;0;0;0m[48;2;0;0;0m▀[0m[38;2;190;190;190m[48;2;75;73;76m▀[0m[38;2;95;97;98m[48;2;233;231;234m▀[0m[38;2;0;0;0m[48;2;0;0;0m▀[0m[38;2;0;0;0m[48;2;0;0;0m▀[0m[38;2;0;0;0m[48;2;0;0;0m▀[0m[38;2;0;0;0m[48;2;0;0;0m▀[0m[38;2;0;0;0m[48;2;0;0;0m▀[0m[38;2;255;255;255m[48;2;101;100;101m▀[0m[38;2;51;48;51m[48;2;156;154;157m▀[0m[38;2;0;0;0m[48;2;0;0;0m▀[0m[38;2;0;0;0m[48;2;0;0;0m▀[0m
[38;2;252;213;192m[48;2;237;207;184m▀[0m[38;2;255;239;208m[48;2;248;209;190m▀[0m[38;2;255;243;217m[48;2;255;252;222m▀[0m[38;2;0;0;0m[48;2;225;183;162m▀[0m[38;2;0;10;18m[48;2;0;0;0m▀[0m[38;2;168;170;170m[48;2;0;0;0m▀[0m[38;2;0;0;0m[48;2;0;0;0m▀[0m[38;2;0;0;0m[48;2;0;0;0m▀[0m[38;2;0;0;0m[48;2;0;0;0m▀[0m[38;2;0;0;0m[48;2;0;0;0m▀[0m[38;2;0;0;0m[48;2;0;0;0m▀[0m[38;2;0;0;0m[48;2;0;0;0m▀[0m[38;2;0;0;0m[48;2;0;0;0m▀[0m[38;2;62;56;50m[48;2;0;0;0m▀[0m[38;2;52;45;35m[48;2;0;0;0m▀[0m[38;2;0;0;0m[48;2;0;0;0m▀[0m[38;2;0;0;0m[48;2;0;0;0m▀[0m[38;2;255;245;223m[48;2;106;82;74m▀[0m[38;2;255;236;218m[48;2;255;255;253m▀[0m[38;2;245;205;186m[48;2;254;212;195m▀[0m[38;2;237;197;174m[48;2;248;207;190m▀[0m[38;2;234;197;176m[48;2;240;204;185m▀[0m[38;2;233;196;178m[48;2;238;198;181m▀[0m[38;2;234;195;176m[48;2;240;195;179m▀[0m[38;2;235;195;173m[48;2;237;195;171m▀[0m[38;2;235;194;172m[48;2;233;199;172m▀[0m[38;2;236;191;167m[48;2;239;198;172m▀[0m[38;2;238;196;178m[48;2;243;198;178m▀[0m[38;2;239;203;181m[48;2;245;211;194m▀[0m[38;2;232;201;176m[48;2;248;219;203m▀[0m[38;2;237;198;180m[48;2;250;201;186m▀[0m[38;2;254;207;197m[48;2;226;177;159m▀[0m[38;2;254;213;186m[48;2;164;146;127m▀[0m[38;2;226;193;179m[48;2;154;138;120m▀[0m[38;2;219;185;172m[48;2;205;174;152m▀[0m[38;2;239;195;174m[48;2;240;201;176m▀[0m[38;2;237;191;167m[48;2;237;193;167m▀[0m[38;2;222;177;147m[48;2;226;184;158m▀[0m[38;2;222;208;189m[48;2;255;255;255m▀[0m[38;2;255;255;255m[48;2;255;255;255m▀[0m[38;2;193;141;110m[48;2;249;216;196m▀[0m[38;2;222;171;144m[48;2;241;192;165m▀[0m[38;2;246;200;181m[48;2;239;198;178m▀[0m[38;2;234;190;168m[48;2;236;196;179m▀[0m[38;2;222;177;164m[48;2;199;166;153m▀[0m[38;2;239;187;165m[48;2;180;150;129m▀[0m[38;2;243;193;168m[48;2;193;156;142m▀[0m[38;2;237;196;178m[48;2;234;195;173m▀[0m[38;2;235;196;178m[48;2;254;213;182m▀[0m[38;2;236;196;179m[48;2;249;212;190m▀[0m[38;2;235;195;176m[48;2;236;197;179m▀[0m[38;2;234;195;176m[48;2;235;194;172m▀[0m[38;2;235;196;178m[48;2;239;199;186m▀[0m[38;2;234;195;177m[48;2;232;195;182m▀[0m[38;2;233;194;172m[48;2;231;194;172m▀[0m[38;2;235;196;177m[48;2;235;196;177m▀[0m[38;2;235;198;179m[48;2;235;204;180m▀[0m[38;2;233;196;177m[48;2;240;199;179m▀[0m[38;2;236;199;180m[48;2;243;204;178m▀[0m[38;2;252;210;195m[48;2;255;237;210m▀[0m[38;2;255;255;252m[48;2;255;243;217m▀[0m[38;2;117;95;79m[48;2;0;0;0m▀[0m[38;2;0;0;0m[48;2;0;0;0m▀[0m[38;2;0;0;0m[48;2;0;0;0m▀[0m[38;2;0;0;0m[48;2;0;0;0m▀[0m[38;2;0;0;0m[48;2;0;0;0m▀[0m[38;2;255;255;255m[48;2;255;255;255m▀[0m[38;2;48;48;49m[48;2;159;159;154m▀[0m[38;2;0;0;0m[48;2;0;0;0m▀[0m[38;2;0;0;0m[48;2;0;0;0m▀[0m[38;2;0;0;0m[48;2;0;0;0m▀[0m[38;2;0;0;0m[48;2;0;0;0m▀[0m[38;2;0;0;0m[48;2;0;0;0m▀[0m[38;2;0;0;0m[48;2;0;0;0m▀[0m[38;2;0;0;0m[48;2;0;0;0m▀[0m[38;2;33;24;21m[48;2;255;228;208m▀[0m
[38;2;231;197;177m[48;2;233;197;178m▀[0m[38;2;237;204;180m[48;2;232;195;173m▀[0m[38;2;248;207;182m[48;2;239;205;181m▀[0m[38;2;255;255;231m[48;2;250;213;192m▀[0m[38;2;186;151;133m[48;2;255;255;248m▀[0m[38;2;0;0;0m[48;2;144;114;95m▀[0m[38;2;0;0;0m[48;2;0;0;0m▀[0m[38;2;0;0;0m[48;2;195;201;206m▀[0m[38;2;0;0;0m[48;2;252;248;252m▀[0m[38;2;0;0;0m[48;2;228;231;231m▀[0m[38;2;0;0;0m[48;2;232;232;232m▀[0m[38;2;0;0;0m[48;2;230;230;232m▀[0m[38;2;0;0;0m[48;2;230;230;230m▀[0m[38;2;0;0;0m[48;2;220;217;220m▀[0m[38;2;0;0;0m[48;2;220;217;220m▀[0m[38;2;0;0;0m[48;2;221;219;226m▀[0m[38;2;0;0;0m[48;2;224;224;232m▀[0m[38;2;0;0;0m[48;2;113;113;118m▀[0m[38;2;165;125;111m[48;2;0;0;0m▀[0m[38;2;255;255;249m[48;2;95;65;54m▀[0m[38;2;255;226;204m[48;2;255;226;200m▀[0m[38;2;255;216;194m[48;2;255;255;240m▀[0m[38;2;248;211;189m[48;2;255;255;241m▀[0m[38;2;246;206;184m[48;2;255;255;238m▀[0m[38;2;240;204;182m[48;2;255;255;241m▀[0m[38;2;249;209;192m[48;2;255;227;210m▀[0m[38;2;255;222;190m[48;2;205;163;141m▀[0m[38;2;255;222;197m[48;2;159;119;103m▀[0m[38;2;236;196;182m[48;2;174;137;123m▀[0m[38;2;185;149;131m[48;2;200;167;147m▀[0m[38;2;174;132;114m[48;2;235;195;177m▀[0m[38;2;186;146;125m[48;2;250;209;191m▀[0m[38;2;216;181;159m[48;2;246;205;189m▀[0m[38;2;249;201;182m[48;2;232;195;182m▀[0m[38;2;243;203;172m[48;2;231;197;176m▀[0m[38;2;234;199;174m[48;2;233;196;177m▀[0m[38;2;233;186;158m[48;2;234;193;177m▀[0m[38;2;244;222;196m[48;2;235;205;182m▀[0m[38;2;255;255;255m[48;2;252;244;234m▀[0m[38;2;255;255;255m[48;2;195;183;170m▀[0m[38;2;255;255;246m[48;2;239;190;158m▀[0m[38;2;231;182;149m[48;2;237;192;162m▀[0m[38;2;238;198;181m[48;2;237;194;177m▀[0m[38;2;238;198;181m[48;2;234;191;176m▀[0m[38;2;245;205;179m[48;2;230;184;160m▀[0m[38;2;234;195;173m[48;2;234;184;160m▀[0m[38;2;197;162;146m[48;2;239;183;157m▀[0m[38;2;152;125;112m[48;2;237;190;165m▀[0m[38;2;163;135;112m[48;2;201;166;151m▀[0m[38;2;219;182;159m[48;2;147;123;114m▀[0m[38;2;255;217;189m[48;2;119;96;87m▀[0m[38;2;255;219;194m[48;2;176;140;123m▀[0m[38;2;249;212;198m[48;2;250;209;179m▀[0m[38;2;240;207;186m[48;2;255;255;225m▀[0m[38;2;239;203;180m[48;2;255;255;228m▀[0m[38;2;245;203;185m[48;2;255;251;225m▀[0m[38;2;243;206;186m[48;2;255;255;235m▀[0m[38;2;246;205;183m[48;2;255;255;247m▀[0m[38;2;255;224;195m[48;2;255;255;226m▀[0m[38;2;255;255;254m[48;2;65;42;34m▀[0m[38;2;55;41;29m[48;2;0;0;0m▀[0m[38;2;0;0;0m[48;2;170;178;183m▀[0m[38;2;0;0;0m[48;2;255;255;255m▀[0m[38;2;0;0;0m[48;2;255;255;255m▀[0m[38;2;15;14;14m[48;2;255;255;255m▀[0m[38;2;255;255;255m[48;2;255;255;255m▀[0m[38;2;93;93;90m[48;2;181;186;193m▀[0m[38;2;0;0;0m[48;2;244;251;252m▀[0m[38;2;0;0;0m[48;2;238;245;246m▀[0m[38;2;0;0;0m[48;2;241;244;250m▀[0m[38;2;0;0;0m[48;2;230;227;232m▀[0m[38;2;0;0;0m[48;2;253;253;255m▀[0m[38;2;0;0;0m[48;2;12;22;30m▀[0m[38;2;0;0;0m[48;2;35;25;27m▀[0m[38;2;157;136;126m[48;2;255;255;253m▀[0m[38;2;255;255;255m[48;2;218;180;164m▀[0m
[38;2;237;200;181m[48;2;246;207;187m▀[0m[38;2;241;200;180m[48;2;245;205;185m▀[0m[38;2;237;206;184m[48;2;255;216;197m▀[0m[38;2;247;216;195m[48;2;255;253;231m▀[0m[38;2;255;221;203m[48;2;255;255;255m▀[0m[38;2;255;255;255m[48;2;255;255;239m▀[0m[38;2;101;76;62m[48;2;255;255;255m▀[0m[38;2;12;25;34m[48;2;0;0;0m▀[0m[38;2;219;222;222m[48;2;119;129;131m▀[0m[38;2;226;227;224m[48;2;255;255;255m▀[0m[38;2;237;237;234m[48;2;255;255;255m▀[0m[38;2;251;251;252m[48;2;255;255;255m▀[0m[38;2;250;251;248m[48;2;234;233;230m▀[0m[38;2;254;255;251m[48;2;210;210;210m▀[0m[38;2;227;227;224m[48;2;255;255;255m▀[0m[38;2;210;207;207m[48;2;255;255;255m▀[0m[38;2;206;203;205m[48;2;252;251;251m▀[0m[38;2;214;214;214m[48;2;255;255;255m▀[0m[38;2;64;71;74m[48;2;255;255;255m▀[0m[38;2;0;0;0m[48;2;255;255;255m▀[0m[38;2;0;0;0m[48;2;0;0;0m▀[0m[38;2;76;56;47m[48;2;0;0;0m▀[0m[38;2;133;109;99m[48;2;0;0;0m▀[0m[38;2;120;100;95m[48;2;0;0;0m▀[0m[38;2;30;22;25m[48;2;21;15;10m▀[0m[38;2;21;17;16m[48;2;237;201;183m▀[0m[38;2;135;111;102m[48;2;255;238;214m▀[0m[38;2;217;180;163m[48;2;255;217;192m▀[0m[38;2;254;213;195m[48;2;239;200;182m▀[0m[38;2;251;211;192m[48;2;234;195;177m▀[0m[38;2;238;199;182m[48;2;234;197;178m▀[0m[38;2;233;194;176m[48;2;234;197;178m▀[0m[38;2;231;194;174m[48;2;234;197;178m▀[0m[38;2;235;195;178m[48;2;234;197;178m▀[0m[38;2;234;197;179m[48;2;236;197;176m▀[0m[38;2;235;196;178m[48;2;236;196;177m▀[0m[38;2;235;196;179m[48;2;236;196;177m▀[0m[38;2;247;207;190m[48;2;250;210;189m▀[0m[38;2;206;166;144m[48;2;218;181;162m▀[0m[38;2;74;47;32m[48;2;93;73;63m▀[0m[38;2;255;217;189m[48;2;255;219;194m▀[0m[38;2;236;199;174m[48;2;239;197;171m▀[0m[38;2;235;193;167m[48;2;231;177;146m▀[0m[38;2;227;178;159m[48;2;249;225;212m▀[0m[38;2;255;255;254m[48;2;255;255;255m▀[0m[38;2;255;255;255m[48;2;255;255;255m▀[0m[38;2;255;255;255m[48;2;255;255;255m▀[0m[38;2;255;232;220m[48;2;255;236;223m▀[0m[38;2;247;194;173m[48;2;232;185;160m▀[0m[38;2;255;219;201m[48;2;239;200;178m▀[0m[38;2;217;181;170m[48;2;255;214;196m▀[0m[38;2;139;114;108m[48;2;255;230;213m▀[0m[38;2;64;45;38m[48;2;255;221;203m▀[0m[38;2;46;34;28m[48;2;104;78;75m▀[0m[38;2;146;125;113m[48;2;0;0;0m▀[0m[38;2;210;174;156m[48;2;0;0;0m▀[0m[38;2;198;168;147m[48;2;0;0;0m▀[0m[38;2;126;101;98m[48;2;0;0;0m▀[0m[38;2;0;0;0m[48;2;0;0;0m▀[0m[38;2;0;0;0m[48;2;76;79;81m▀[0m[38;2;225;228;234m[48;2;231;231;231m▀[0m[38;2;255;255;255m[48;2;170;171;167m▀[0m[38;2;222;222;227m[48;2;208;210;210m▀[0m[38;2;212;212;218m[48;2;228;228;223m▀[0m[38;2;181;181;183m[48;2;255;255;255m▀[0m[38;2;177;177;178m[48;2;255;255;255m▀[0m[38;2;190;192;197m[48;2;255;255;255m▀[0m[38;2;191;195;196m[48;2;255;255;255m▀[0m[38;2;189;191;192m[48;2;232;239;244m▀[0m[38;2;190;192;198m[48;2;246;254;254m▀[0m[38;2;248;245;251m[48;2;207;212;218m▀[0m[38;2;20;32;39m[48;2;0;0;0m▀[0m[38;2;0;0;0m[48;2;226;184;166m▀[0m[38;2;255;245;216m[48;2;255;241;210m▀[0m[38;2;255;233;211m[48;2;249;207;183m▀[0m[38;2;112;92;84m[48;2;255;219;191m▀[0m
[38;2;255;211;183m[48;2;255;255;249m▀[0m[38;2;255;238;206m[48;2;211;178;157m▀[0m[38;2;255;250;228m[48;2;0;0;0m▀[0m[38;2;150;131;125m[48;2;0;0;0m▀[0m[38;2;2;2;6m[48;2;39;31;28m▀[0m[38;2;0;0;0m[48;2;173;145;129m▀[0m[38;2;0;0;0m[48;2;211;174;150m▀[0m[38;2;5;7;11m[48;2;204;164;142m▀[0m[38;2;0;0;0m[48;2;116;93;78m▀[0m[38;2;0;0;0m[48;2;0;0;0m▀[0m[38;2;0;0;0m[48;2;0;0;0m▀[0m[38;2;0;0;0m[48;2;0;0;0m▀[0m[38;2;0;0;0m[48;2;0;0;0m▀[0m[38;2;0;0;0m[48;2;0;0;0m▀[0m[38;2;174;179;183m[48;2;0;0;0m▀[0m[38;2;255;255;255m[48;2;142;144;149m▀[0m[38;2;0;0;0m[48;2;255;255;255m▀[0m[38;2;0;0;0m[48;2;255;255;255m▀[0m[38;2;0;0;0m[48;2;114;110;112m▀[0m[38;2;0;0;0m[48;2;0;0;0m▀[0m[38;2;0;0;0m[48;2;0;0;0m▀[0m[38;2;0;0;0m[48;2;0;0;0m▀[0m[38;2;0;0;0m[48;2;115;97;87m▀[0m[38;2;181;152;131m[48;2;255;255;252m▀[0m[38;2;255;255;248m[48;2;255;213;187m▀[0m[38;2;255;231;207m[48;2;245;206;181m▀[0m[38;2;245;205;183m[48;2;239;199;181m▀[0m[38;2;237;198;177m[48;2;233;194;172m▀[0m[38;2;233;196;174m[48;2;235;196;174m▀[0m[38;2;234;197;178m[48;2;235;198;179m▀[0m[38;2;235;198;179m[48;2;236;199;180m▀[0m[38;2;237;198;179m[48;2;237;198;177m▀[0m[38;2;236;199;180m[48;2;237;198;180m▀[0m[38;2;235;198;176m[48;2;235;198;179m▀[0m[38;2;234;197;166m[48;2;234;197;172m▀[0m[38;2;236;196;178m[48;2;235;195;178m▀[0m[38;2;235;196;178m[48;2;236;196;179m▀[0m[38;2;240;201;182m[48;2;235;196;178m▀[0m[38;2;240;195;176m[48;2;236;197;170m▀[0m[38;2;213;173;152m[48;2;244;196;168m▀[0m[38;2;240;194;167m[48;2;244;201;180m▀[0m[38;2;232;178;153m[48;2;248;240;241m▀[0m[38;2;224;178;153m[48;2;255;255;255m▀[0m[38;2;255;255;255m[48;2;255;255;255m▀[0m[38;2;255;255;255m[48;2;240;212;192m▀[0m[38;2;249;218;200m[48;2;217;157;125m▀[0m[38;2;235;179;152m[48;2;230;182;157m▀[0m[38;2;231;180;152m[48;2;237;190;166m▀[0m[38;2;236;193;162m[48;2;231;191;159m▀[0m[38;2;236;197;174m[48;2;235;196;177m▀[0m[38;2;240;200;179m[48;2;236;196;177m▀[0m[38;2;234;197;172m[48;2;233;194;174m▀[0m[38;2;251;210;196m[48;2;238;201;182m▀[0m[38;2;255;255;244m[48;2;250;209;191m▀[0m[38;2;235;186;171m[48;2;255;255;246m▀[0m[38;2;0;0;0m[48;2;180;149;133m▀[0m[38;2;0;0;0m[48;2;0;0;0m▀[0m[38;2;0;0;0m[48;2;0;0;0m▀[0m[38;2;0;0;0m[48;2;0;0;0m▀[0m[38;2;0;0;0m[48;2;88;88;93m▀[0m[38;2;0;0;0m[48;2;255;255;255m▀[0m[38;2;52;52;54m[48;2;255;255;255m▀[0m[38;2;255;255;255m[48;2;50;46;49m▀[0m[38;2;15;18;17m[48;2;0;0;0m▀[0m[38;2;0;0;0m[48;2;0;0;0m▀[0m[38;2;0;0;0m[48;2;0;0;0m▀[0m[38;2;0;0;0m[48;2;0;0;0m▀[0m[38;2;0;0;0m[48;2;0;0;0m▀[0m[38;2;0;0;0m[48;2;0;0;0m▀[0m[38;2;0;0;0m[48;2;0;0;0m▀[0m[38;2;0;0;0m[48;2;130;105;97m▀[0m[38;2;177;141;124m[48;2;255;255;241m▀[0m[38;2;255;255;227m[48;2;249;214;186m▀[0m[38;2;244;205;178m[48;2;236;204;174m▀[0m[38;2;245;203;182m[48;2;230;193;168m▀[0m[38;2;241;196;177m[48;2;232;193;170m▀[0m
[38;2;96;83;74m[48;2;0;0;0m▀[0m[38;2;0;0;0m[48;2;152;128;118m▀[0m[38;2;32;28;24m[48;2;255;255;236m▀[0m[38;2;255;222;197m[48;2;255;228;203m▀[0m[38;2;255;255;239m[48;2;246;206;186m▀[0m[38;2;255;250;228m[48;2;243;204;182m▀[0m[38;2;255;244;218m[48;2;241;205;185m▀[0m[38;2;255;249;222m[48;2;250;206;182m▀[0m[38;2;255;255;255m[48;2;255;212;197m▀[0m[38;2;203;168;146m[48;2;255;255;250m▀[0m[38;2;0;0;0m[48;2;168;138;125m▀[0m[38;2;0;0;0m[48;2;0;0;0m▀[0m[38;2;0;0;0m[48;2;0;0;0m▀[0m[38;2;0;0;0m[48;2;0;0;0m▀[0m[38;2;0;0;0m[48;2;0;0;0m▀[0m[38;2;0;0;0m[48;2;0;0;0m▀[0m[38;2;0;0;0m[48;2;0;0;0m▀[0m[38;2;143;141;144m[48;2;0;0;0m▀[0m[38;2;255;255;255m[48;2;0;0;0m▀[0m[38;2;255;255;255m[48;2;44;41;41m▀[0m[38;2;49;47;54m[48;2;0;0;0m▀[0m[38;2;0;0;0m[48;2;0;0;0m▀[0m[38;2;238;199;178m[48;2;255;233;212m▀[0m[38;2;255;248;223m[48;2;255;234;211m▀[0m[38;2;247;205;186m[48;2;237;196;176m▀[0m[38;2;236;199;178m[48;2;233;196;174m▀[0m[38;2;235;196;177m[48;2;236;197;178m▀[0m[38;2;234;197;176m[48;2;235;196;174m▀[0m[38;2;234;197;176m[48;2;233;196;173m▀[0m[38;2;236;197;178m[48;2;236;196;174m▀[0m[38;2;237;196;178m[48;2;237;196;174m▀[0m[38;2;236;197;170m[48;2;235;197;183m▀[0m[38;2;234;198;179m[48;2;236;197;179m▀[0m[38;2;233;199;182m[48;2;234;197;174m▀[0m[38;2;234;197;174m[48;2;234;195;168m▀[0m[38;2;235;195;177m[48;2;234;195;170m▀[0m[38;2;235;195;178m[48;2;235;193;176m▀[0m[38;2;235;194;178m[48;2;232;185;163m▀[0m[38;2;234;189;164m[48;2;228;178;144m▀[0m[38;2;235;182;159m[48;2;222;171;139m▀[0m[38;2;255;255;255m[48;2;255;255;255m▀[0m[38;2;255;255;255m[48;2;255;255;255m▀[0m[38;2;255;255;255m[48;2;255;255;255m▀[0m[38;2;249;224;207m[48;2;224;163;128m▀[0m[38;2;214;157;124m[48;2;230;187;164m▀[0m[38;2;234;192;171m[48;2;233;193;173m▀[0m[38;2;233;191;170m[48;2;234;195;173m▀[0m[38;2;236;197;179m[48;2;235;196;177m▀[0m[38;2;235;196;178m[48;2;234;197;182m▀[0m[38;2;234;197;178m[48;2;234;197;179m▀[0m[38;2;235;196;177m[48;2;235;198;179m▀[0m[38;2;235;196;177m[48;2;236;197;178m▀[0m[38;2;237;195;177m[48;2;235;196;177m▀[0m[38;2;250;204;179m[48;2;241;198;181m▀[0m[38;2;255;224;197m[48;2;251;212;193m▀[0m[38;2;255;255;247m[48;2;255;255;251m▀[0m[38;2;0;0;0m[48;2;99;74;70m▀[0m[38;2;0;0;0m[48;2;0;0;0m▀[0m[38;2;255;255;255m[48;2;118;119;116m▀[0m[38;2;255;255;255m[48;2;0;0;0m▀[0m[38;2;140;143;142m[48;2;0;0;0m▀[0m[38;2;0;0;0m[48;2;0;0;0m▀[0m[38;2;0;0;0m[48;2;0;0;0m▀[0m[38;2;0;0;0m[48;2;0;0;0m▀[0m[38;2;0;0;0m[48;2;0;0;0m▀[0m[38;2;0;0;0m[48;2;0;0;0m▀[0m[38;2;0;0;0m[48;2;0;0;0m▀[0m[38;2;0;0;0m[48;2;0;0;0m▀[0m[38;2;0;0;0m[48;2;34;22;22m▀[0m[38;2;77;64;60m[48;2;255;255;238m▀[0m[38;2;255;255;245m[48;2;255;227;210m▀[0m[38;2;255;218;196m[48;2;239;203;189m▀[0m[38;2;244;207;180m[48;2;236;196;169m▀[0m[38;2;234;197;172m[48;2;235;195;172m▀[0m[38;2;231;194;171m[48;2;234;195;176m▀[0m[38;2;232;193;171m[48;2;233;196;177m▀[0m
[38;2;232;201;182m[48;2;255;232;209m▀[0m[38;2;255;253;226m[48;2;246;211;187m▀[0m[38;2;253;217;190m[48;2;245;208;181m▀[0m[38;2;250;210;187m[48;2;239;206;185m▀[0m[38;2;240;204;179m[48;2;233;199;174m▀[0m[38;2;237;200;181m[48;2;233;195;179m▀[0m[38;2;237;198;173m[48;2;237;207;182m▀[0m[38;2;237;198;171m[48;2;236;199;178m▀[0m[38;2;246;204;191m[48;2;240;203;186m▀[0m[38;2;251;209;187m[48;2;248;205;190m▀[0m[38;2;255;255;248m[48;2;255;213;198m▀[0m[38;2;171;143;126m[48;2;255;255;254m▀[0m[38;2;0;0;0m[48;2;192;150;133m▀[0m[38;2;0;0;0m[48;2;0;0;0m▀[0m[38;2;0;0;0m[48;2;0;0;0m▀[0m[38;2;0;0;0m[48;2;0;0;0m▀[0m[38;2;0;0;0m[48;2;0;0;0m▀[0m[38;2;0;0;0m[48;2;0;0;0m▀[0m[38;2;0;0;0m[48;2;0;0;0m▀[0m[38;2;0;0;0m[48;2;0;0;0m▀[0m[38;2;0;0;0m[48;2;0;0;0m▀[0m[38;2;0;0;0m[48;2;0;0;0m▀[0m[38;2;255;240;220m[48;2;255;217;189m▀[0m[38;2;255;230;205m[48;2;255;238;209m▀[0m[38;2;240;199;176m[48;2;243;201;177m▀[0m[38;2;235;196;174m[48;2;239;199;177m▀[0m[38;2;236;197;176m[48;2;235;198;173m▀[0m[38;2;236;197;176m[48;2;241;201;177m▀[0m[38;2;237;196;174m[48;2;238;201;179m▀[0m[38;2;237;196;174m[48;2;235;196;174m▀[0m[38;2;237;197;178m[48;2;237;197;176m▀[0m[38;2;237;197;183m[48;2;237;198;177m▀[0m[38;2;236;196;177m[48;2;235;196;171m▀[0m[38;2;234;197;170m[48;2;234;195;170m▀[0m[38;2;233;196;163m[48;2;234;197;168m▀[0m[38;2;235;191;165m[48;2;230;184;160m▀[0m[38;2;233;181;156m[48;2;230;184;164m▀[0m[38;2;243;211;194m[48;2;255;255;255m▀[0m[38;2;232;186;162m[48;2;255;255;255m▀[0m[38;2;251;235;223m[48;2;238;205;184m▀[0m[38;2;255;255;255m[48;2;221;143;104m▀[0m[38;2;255;255;255m[48;2;255;255;255m▀[0m[38;2;251;210;186m[48;2;254;221;201m▀[0m[38;2;230;170;141m[48;2;233;169;131m▀[0m[38;2;234;193;171m[48;2;236;196;170m▀[0m[38;2;236;197;178m[48;2;237;198;179m▀[0m[38;2;236;196;178m[48;2;235;195;176m▀[0m[38;2;235;196;177m[48;2;232;193;166m▀[0m[38;2;232;190;164m[48;2;232;193;173m▀[0m[38;2;234;190;169m[48;2;228;176;153m▀[0m[38;2;235;198;179m[48;2;236;197;178m▀[0m[38;2;235;198;179m[48;2;235;201;181m▀[0m[38;2;235;196;177m[48;2;238;197;177m▀[0m[38;2;239;198;181m[48;2;236;199;182m▀[0m[38;2;244;207;190m[48;2;245;209;190m▀[0m[38;2;255;255;244m[48;2;255;255;249m▀[0m[38;2;130;110;101m[48;2;112;93;91m▀[0m[38;2;0;0;0m[48;2;0;0;0m▀[0m[38;2;0;0;0m[48;2;0;0;0m▀[0m[38;2;0;0;0m[48;2;0;0;0m▀[0m[38;2;0;0;0m[48;2;0;0;0m▀[0m[38;2;0;0;0m[48;2;0;0;0m▀[0m[38;2;0;0;0m[48;2;0;0;0m▀[0m[38;2;1;1;2m[48;2;0;0;2m▀[0m[38;2;0;0;4m[48;2;0;0;0m▀[0m[38;2;0;0;0m[48;2;0;0;0m▀[0m[38;2;0;0;0m[48;2;12;0;0m▀[0m[38;2;0;0;0m[48;2;255;204;176m▀[0m[38;2;255;241;217m[48;2;255;255;227m▀[0m[38;2;255;238;210m[48;2;247;208;181m▀[0m[38;2;243;207;187m[48;2;238;201;182m▀[0m[38;2;234;200;176m[48;2;232;193;170m▀[0m[38;2;235;195;170m[48;2;233;195;166m▀[0m[38;2;236;196;173m[48;2;236;196;174m▀[0m[38;2;235;196;174m[48;2;235;196;177m▀[0m[38;2;234;197;176m[48;2;236;197;176m▀[0m
[38;2;237;203;176m[48;2;234;199;178m▀[0m[38;2;233;203;174m[48;2;234;197;178m▀[0m[38;2;233;199;176m[48;2;233;198;174m▀[0m[38;2;232;203;180m[48;2;243;206;191m▀[0m[38;2;234;197;180m[48;2;255;227;206m▀[0m[38;2;235;209;187m[48;2;213;149;138m▀[0m[38;2;233;191;174m[48;2;231;142;127m▀[0m[38;2;241;208;183m[48;2;252;222;197m▀[0m[38;2;244;205;187m[48;2;255;230;211m▀[0m[38;2;246;207;189m[48;2;255;249;227m▀[0m[38;2;255;233;220m[48;2;158;137;129m▀[0m[38;2;255;244;227m[48;2;105;86;77m▀[0m[38;2;255;255;252m[48;2;255;227;204m▀[0m[38;2;211;171;142m[48;2;255;255;255m▀[0m[38;2;0;0;0m[48;2;146;48;42m▀[0m[38;2;0;0;0m[48;2;0;0;0m▀[0m[38;2;0;0;0m[48;2;0;0;0m▀[0m[38;2;0;2;2m[48;2;0;0;0m▀[0m[38;2;3;2;2m[48;2;0;2;2m▀[0m[38;2;0;0;0m[48;2;0;0;4m▀[0m[38;2;0;0;0m[48;2;0;0;0m▀[0m[38;2;0;0;0m[48;2;0;0;0m▀[0m[38;2;195;164;140m[48;2;104;86;84m▀[0m[38;2;255;255;238m[48;2;255;255;255m▀[0m[38;2;247;207;190m[48;2;255;225;211m▀[0m[38;2;244;205;185m[48;2;255;233;213m▀[0m[38;2;255;221;201m[48;2;156;143;132m▀[0m[38;2;239;200;183m[48;2;137;122;117m▀[0m[38;2;233;194;174m[48;2;244;201;181m▀[0m[38;2;233;196;173m[48;2;238;198;176m▀[0m[38;2;236;197;174m[48;2;235;196;178m▀[0m[38;2;236;197;176m[48;2;237;196;184m▀[0m[38;2;236;196;173m[48;2;238;195;184m▀[0m[38;2;234;195;170m[48;2;239;197;181m▀[0m[38;2;235;195;177m[48;2;244;199;176m▀[0m[38;2;236;186;168m[48;2;245;200;177m▀[0m[38;2;228;177;152m[48;2;233;171;142m▀[0m[38;2;255;255;255m[48;2;255;253;252m▀[0m[38;2;255;255;255m[48;2;255;255;255m▀[0m[38;2;234;176;145m[48;2;233;190;158m▀[0m[38;2;230;171;132m[48;2;227;178;140m▀[0m[38;2;255;255;255m[48;2;247;213;189m▀[0m[38;2;255;255;255m[48;2;255;255;255m▀[0m[38;2;232;180;155m[48;2;255;255;251m▀[0m[38;2;235;190;167m[48;2;231;176;154m▀[0m[38;2;237;198;179m[48;2;238;199;177m▀[0m[38;2;234;194;169m[48;2;234;195;169m▀[0m[38;2;234;194;171m[48;2;238;196;172m▀[0m[38;2;233;196;177m[48;2;235;196;177m▀[0m[38;2;234;194;176m[48;2;234;196;182m▀[0m[38;2;234;195;177m[48;2;235;196;177m▀[0m[38;2;239;199;181m[48;2;238;199;174m▀[0m[38;2;244;204;184m[48;2;192;158;138m▀[0m[38;2;247;210;187m[48;2;225;186;160m▀[0m[38;2;255;216;197m[48;2;255;247;230m▀[0m[38;2;255;255;255m[48;2;255;255;254m▀[0m[38;2;78;70;62m[48;2;24;27;29m▀[0m[38;2;0;0;0m[48;2;0;0;0m▀[0m[38;2;0;0;0m[48;2;0;0;0m▀[0m[38;2;0;0;0m[48;2;0;0;0m▀[0m[38;2;1;0;1m[48;2;0;0;0m▀[0m[38;2;0;0;0m[48;2;0;0;0m▀[0m[38;2;0;0;0m[48;2;0;0;0m▀[0m[38;2;0;0;0m[48;2;0;0;0m▀[0m[38;2;0;0;0m[48;2;93;98;88m▀[0m[38;2;0;0;0m[48;2;143;0;0m▀[0m[38;2;255;77;60m[48;2;255;226;189m▀[0m[38;2;255;165;136m[48;2;163;77;68m▀[0m[38;2;226;147;129m[48;2;245;205;182m▀[0m[38;2;249;224;200m[48;2;244;210;189m▀[0m[38;2;233;193;171m[48;2;234;194;177m▀[0m[38;2;227;193;165m[48;2;234;194;171m▀[0m[38;2;235;195;170m[48;2;237;197;171m▀[0m[38;2;237;197;176m[48;2;236;197;174m▀[0m[38;2;235;196;177m[48;2;235;196;177m▀[0m[38;2;236;197;178m[48;2;236;197;179m▀[0m
[38;2;228;192;169m[48;2;233;192;171m▀[0m[38;2;248;217;199m[48;2;249;213;196m▀[0m[38;2;255;236;223m[48;2;255;255;255m▀[0m[38;2;255;238;218m[48;2;255;240;211m▀[0m[38;2;206;147;119m[48;2;57;0;0m▀[0m[38;2;140;3;0m[48;2;217;105;81m▀[0m[38;2;255;220;190m[48;2;244;141;125m▀[0m[38;2;255;243;220m[48;2;31;10;19m▀[0m[38;2;210;193;176m[48;2;0;0;0m▀[0m[38;2;0;0;0m[48;2;120;96;77m▀[0m[38;2;0;0;0m[48;2;255;243;216m▀[0m[38;2;140;119;110m[48;2;255;235;209m▀[0m[38;2;255;227;206m[48;2;245;213;190m▀[0m[38;2;255;240;216m[48;2;251;214;192m▀[0m[38;2;255;225;196m[48;2;255;255;249m▀[0m[38;2;155;0;0m[48;2;236;49;42m▀[0m[38;2;0;0;0m[48;2;167;0;0m▀[0m[38;2;0;0;0m[48;2;0;0;0m▀[0m[38;2;0;0;1m[48;2;0;0;0m▀[0m[38;2;0;0;0m[48;2;0;0;0m▀[0m[38;2;0;0;0m[48;2;0;0;0m▀[0m[38;2;0;0;0m[48;2;0;0;0m▀[0m[38;2;0;0;0m[48;2;0;0;0m▀[0m[38;2;255;255;255m[48;2;135;119;118m▀[0m[38;2;255;232;219m[48;2;9;14;14m▀[0m[38;2;57;60;61m[48;2;44;35;28m▀[0m[38;2;79;61;56m[48;2;207;171;153m▀[0m[38;2;250;200;171m[48;2;249;209;184m▀[0m[38;2;253;209;189m[48;2;245;206;186m▀[0m[38;2;240;200;182m[48;2;245;205;187m▀[0m[38;2;236;196;180m[48;2;249;208;191m▀[0m[38;2;243;200;180m[48;2;237;199;185m▀[0m[38;2;252;210;195m[48;2;189;155;138m▀[0m[38;2;246;206;196m[48;2;157;129;108m▀[0m[38;2;226;193;166m[48;2;169;136;115m▀[0m[38;2;218;184;170m[48;2;158;123;103m▀[0m[38;2;225;171;155m[48;2;129;75;50m▀[0m[38;2;255;246;239m[48;2;244;236;231m▀[0m[38;2;255;255;255m[48;2;130;110;111m▀[0m[38;2;255;197;162m[48;2;160;59;39m▀[0m[38;2;255;198;164m[48;2;255;166;137m▀[0m[38;2;255;190;139m[48;2;186;97;76m▀[0m[38;2;255;233;204m[48;2;195;112;81m▀[0m[38;2;255;255;255m[48;2;255;255;255m▀[0m[38;2;236;206;191m[48;2;250;255;255m▀[0m[38;2;238;184;162m[48;2;153;112;95m▀[0m[38;2;249;212;184m[48;2;165;126;104m▀[0m[38;2;247;206;182m[48;2;210;177;156m▀[0m[38;2;238;199;182m[48;2;241;210;183m▀[0m[38;2;232;200;180m[48;2;245;209;190m▀[0m[38;2;240;199;186m[48;2;238;201;190m▀[0m[38;2;241;200;177m[48;2;243;200;185m▀[0m[38;2;205;170;143m[48;2;249;203;176m▀[0m[38;2;126;99;73m[48;2;238;197;172m▀[0m[38;2;187;145;122m[48;2;151;116;95m▀[0m[38;2;255;255;249m[48;2;62;44;34m▀[0m[38;2;0;0;0m[48;2;0;0;0m▀[0m[38;2;0;0;0m[48;2;0;0;0m▀[0m[38;2;0;0;0m[48;2;0;0;0m▀[0m[38;2;0;0;0m[48;2;0;0;0m▀[0m[38;2;0;0;0m[48;2;0;0;0m▀[0m[38;2;0;0;0m[48;2;0;0;0m▀[0m[38;2;0;0;0m[48;2;29;28;28m▀[0m[38;2;120;118;104m[48;2;255;255;255m▀[0m[38;2;248;159;133m[48;2;157;16;14m▀[0m[38;2;220;112;100m[48;2;255;195;171m▀[0m[38;2;255;234;207m[48;2;221;162;138m▀[0m[38;2;241;191;163m[48;2;245;208;181m▀[0m[38;2;250;222;200m[48;2;233;199;174m▀[0m[38;2;237;198;181m[48;2;234;195;173m▀[0m[38;2;233;196;174m[48;2;234;195;173m▀[0m[38;2;235;195;173m[48;2;236;196;174m▀[0m[38;2;238;197;176m[48;2;238;198;181m▀[0m[38;2;236;196;177m[48;2;235;196;177m▀[0m[38;2;235;196;177m[48;2;234;195;173m▀[0m[38;2;234;197;178m[48;2;234;195;176m▀[0m
[38;2;237;198;179m[48;2;237;200;178m▀[0m[38;2;237;200;179m[48;2;253;217;192m▀[0m[38;2;255;255;235m[48;2;255;228;204m▀[0m[38;2;162;120;109m[48;2;109;37;31m▀[0m[38;2;129;19;16m[48;2;141;41;33m▀[0m[38;2;211;62;47m[48;2;0;0;0m▀[0m[38;2;0;0;0m[48;2;14;14;15m▀[0m[38;2;0;0;0m[48;2;255;250;217m▀[0m[38;2;255;210;177m[48;2;255;243;214m▀[0m[38;2;255;255;219m[48;2;243;206;183m▀[0m[38;2;245;214;192m[48;2;241;205;182m▀[0m[38;2;235;201;182m[48;2;232;198;184m▀[0m[38;2;240;201;182m[48;2;238;195;180m▀[0m[38;2;238;205;184m[48;2;238;198;185m▀[0m[38;2;255;255;238m[48;2;255;238;225m▀[0m[38;2;206;127;114m[48;2;212;168;150m▀[0m[38;2;167;0;0m[48;2;172;39;34m▀[0m[38;2;156;0;0m[48;2;255;122;118m▀[0m[38;2;0;0;0m[48;2;132;66;59m▀[0m[38;2;0;0;0m[48;2;0;0;0m▀[0m[38;2;0;0;0m[48;2;0;0;0m▀[0m[38;2;0;0;0m[48;2;0;0;0m▀[0m[38;2;0;0;0m[48;2;177;139;123m▀[0m[38;2;79;61;50m[48;2;255;255;238m▀[0m[38;2;239;193;168m[48;2;255;230;212m▀[0m[38;2;255;237;207m[48;2;241;206;189m▀[0m[38;2;255;218;193m[48;2;240;200;183m▀[0m[38;2;245;206;189m[48;2;241;200;183m▀[0m[38;2;245;208;189m[48;2;244;203;186m▀[0m[38;2;245;208;190m[48;2;211;163;126m▀[0m[38;2;221;182;155m[48;2;197;139;100m▀[0m[38;2;201;152;123m[48;2;240;178;153m▀[0m[38;2;219;163;137m[48;2;254;204;177m▀[0m[38;2;239;193;159m[48;2;239;197;169m▀[0m[38;2;253;195;164m[48;2;240;182;157m▀[0m[38;2;255;189;157m[48;2;240;155;129m▀[0m[38;2;250;166;129m[48;2;249;208;192m▀[0m[38;2;255;255;255m[48;2;255;255;255m▀[0m[38;2;149;157;153m[48;2;255;255;255m▀[0m[38;2;0;0;0m[48;2;255;181;154m▀[0m[38;2;0;0;0m[48;2;254;169;140m▀[0m[38;2;112;45;27m[48;2;255;210;172m▀[0m[38;2;236;194;176m[48;2;255;181;143m▀[0m[38;2;255;255;255m[48;2;248;197;169m▀[0m[38;2;255;255;255m[48;2;255;255;255m▀[0m[38;2;255;255;255m[48;2;255;251;239m▀[0m[38;2;194;142;111m[48;2;244;198;172m▀[0m[38;2;165;124;98m[48;2;255;209;192m▀[0m[38;2;173;140;119m[48;2;213;159;138m▀[0m[38;2;226;193;176m[48;2;176;135;109m▀[0m[38;2;248;214;197m[48;2;196;157;131m▀[0m[38;2;245;205;187m[48;2;244;201;180m▀[0m[38;2;238;199;182m[48;2;243;201;178m▀[0m[38;2;244;207;184m[48;2;243;203;181m▀[0m[38;2;255;240;211m[48;2;245;211;192m▀[0m[38;2;235;193;165m[48;2;255;244;222m▀[0m[38;2;35;28;23m[48;2;255;255;222m▀[0m[38;2;0;0;0m[48;2;114;93;83m▀[0m[38;2;0;0;0m[48;2;0;0;0m▀[0m[38;2;0;0;0m[48;2;0;0;0m▀[0m[38;2;0;0;0m[48;2;0;0;0m▀[0m[38;2;0;0;0m[48;2;217;176;162m▀[0m[38;2;255;255;237m[48;2;255;255;255m▀[0m[38;2;255;190;163m[48;2;190;48;36m▀[0m[38;2;195;24;22m[48;2;213;117;106m▀[0m[38;2;255;249;223m[48;2;246;237;213m▀[0m[38;2;241;208;181m[48;2;230;204;190m▀[0m[38;2;234;195;168m[48;2;234;204;178m▀[0m[38;2;235;196;171m[48;2;235;193;165m▀[0m[38;2;233;194;171m[48;2;234;195;172m▀[0m[38;2;233;194;174m[48;2;234;195;173m▀[0m[38;2;235;196;177m[48;2;235;196;177m▀[0m[38;2;236;197;176m[48;2;234;197;176m▀[0m[38;2;233;196;173m[48;2;234;197;176m▀[0m[38;2;231;194;172m[48;2;233;196;174m▀[0m[38;2;233;196;174m[48;2;234;197;178m▀[0m
[38;2;247;203;182m[48;2;254;213;190m▀[0m[38;2;255;243;218m[48;2;255;255;231m▀[0m[38;2;200;149;133m[48;2;43;28;30m▀[0m[38;2;0;0;0m[48;2;0;0;0m▀[0m[38;2;0;0;0m[48;2;165;86;77m▀[0m[38;2;82;47;47m[48;2;255;156;145m▀[0m[38;2;255;209;195m[48;2;247;180;164m▀[0m[38;2;255;223;194m[48;2;251;209;187m▀[0m[38;2;247;216;192m[48;2;244;207;187m▀[0m[38;2;246;201;183m[48;2;239;199;178m▀[0m[38;2;235;196;177m[48;2;233;196;174m▀[0m[38;2;233;196;174m[48;2;234;197;178m▀[0m[38;2;235;194;176m[48;2;235;196;178m▀[0m[38;2;238;205;183m[48;2;237;203;181m▀[0m[38;2;249;224;205m[48;2;251;221;196m▀[0m[38;2;233;203;183m[48;2;226;190;170m▀[0m[38;2;182;88;74m[48;2;145;31;24m▀[0m[38;2;249;165;152m[48;2;255;184;159m▀[0m[38;2;255;208;181m[48;2;240;158;138m▀[0m[38;2;179;162;144m[48;2;255;255;255m▀[0m[38;2;0;0;0m[48;2;106;82;72m▀[0m[38;2;126;96;84m[48;2;33;18;18m▀[0m[38;2;255;255;255m[48;2;255;255;244m▀[0m[38;2;252;221;204m[48;2;255;210;187m▀[0m[38;2;247;208;191m[48;2;245;203;177m▀[0m[38;2;240;201;176m[48;2;234;195;178m▀[0m[38;2;235;195;173m[48;2;233;196;171m▀[0m[38;2;240;198;182m[48;2;235;200;177m▀[0m[38;2;220;176;144m[48;2;212;155;125m▀[0m[38;2;209;150;119m[48;2;240;211;195m▀[0m[38;2;255;241;228m[48;2;255;255;255m▀[0m[38;2;255;222;203m[48;2;255;255;255m▀[0m[38;2;238;189;168m[48;2;227;181;153m▀[0m[38;2;234;192;167m[48;2;231;185;160m▀[0m[38;2;227;182;152m[48;2;219;162;135m▀[0m[38;2;221;157;130m[48;2;245;233;219m▀[0m[38;2;255;255;255m[48;2;255;255;255m▀[0m[38;2;255;255;255m[48;2;255;255;255m▀[0m[38;2;255;250;247m[48;2;255;255;255m▀[0m[38;2;249;123;93m[48;2;248;176;154m▀[0m[38;2;255;178;151m[48;2;245;164;135m▀[0m[38;2;253;179;154m[48;2;241;184;157m▀[0m[38;2;248;181;156m[48;2;240;189;155m▀[0m[38;2;248;178;146m[48;2;247;190;164m▀[0m[38;2;236;182;149m[48;2;246;189;164m▀[0m[38;2;230;182;153m[48;2;236;193;164m▀[0m[38;2;237;192;174m[48;2;231;195;176m▀[0m[38;2;247;216;198m[48;2;236;194;176m▀[0m[38;2;252;217;197m[48;2;238;201;173m▀[0m[38;2;230;180;162m[48;2;239;199;180m▀[0m[38;2;203;158;138m[48;2;231;191;165m▀[0m[38;2;238;197;172m[48;2;235;195;172m▀[0m[38;2;250;198;178m[48;2;247;195;182m▀[0m[38;2;245;198;182m[48;2;238;196;178m▀[0m[38;2;239;208;186m[48;2;232;194;182m▀[0m[38;2;245;213;197m[48;2;237;197;183m▀[0m[38;2;255;216;186m[48;2;244;205;180m▀[0m[38;2;255;255;237m[48;2;255;253;222m▀[0m[38;2;138;114;104m[48;2;209;173;154m▀[0m[38;2;0;0;0m[48;2;0;0;0m▀[0m[38;2;115;95;89m[48;2;255;255;239m▀[0m[38;2;255;255;255m[48;2;255;255;248m▀[0m[38;2;253;224;198m[48;2;203;138;122m▀[0m[38;2;158;0;0m[48;2;155;0;0m▀[0m[38;2;252;226;206m[48;2;255;255;233m▀[0m[38;2;226;205;176m[48;2;227;191;164m▀[0m[38;2;253;255;250m[48;2;255;255;255m▀[0m[38;2;249;227;216m[48;2;254;235;226m▀[0m[38;2;230;183;153m[48;2;228;179;155m▀[0m[38;2;235;196;170m[48;2;234;197;176m▀[0m[38;2;236;197;176m[48;2;235;196;177m▀[0m[38;2;237;196;176m[48;2;237;197;178m▀[0m[38;2;234;197;176m[48;2;236;196;178m▀[0m[38;2;234;197;176m[48;2;235;196;177m▀[0m[38;2;234;197;178m[48;2;234;197;178m▀[0m[38;2;233;196;177m[48;2;233;196;174m▀[0m
[38;2;255;253;224m[48;2;255;255;237m▀[0m[38;2;230;190;164m[48;2;0;0;0m▀[0m[38;2;0;0;0m[48;2;87;45;34m▀[0m[38;2;157;84;65m[48;2;255;117;102m▀[0m[38;2;255;87;81m[48;2;144;0;2m▀[0m[38;2;204;52;44m[48;2;255;146;129m▀[0m[38;2;249;189;162m[48;2;237;195;169m▀[0m[38;2;238;208;180m[48;2;238;205;178m▀[0m[38;2;239;205;180m[48;2;234;203;181m▀[0m[38;2;235;198;177m[48;2;235;198;177m▀[0m[38;2;237;197;176m[48;2;235;196;174m▀[0m[38;2;238;197;177m[48;2;237;197;176m▀[0m[38;2;235;198;183m[48;2;235;198;177m▀[0m[38;2;234;196;180m[48;2;233;199;176m▀[0m[38;2;251;218;198m[48;2;233;203;180m▀[0m[38;2;222;165;145m[48;2;235;204;177m▀[0m[38;2;142;35;28m[48;2;249;232;207m▀[0m[38;2;255;226;209m[48;2;255;236;227m▀[0m[38;2;220;132;111m[48;2;207;115;97m▀[0m[38;2;255;245;221m[48;2;255;236;218m▀[0m[38;2;255;255;239m[48;2;254;216;191m▀[0m[38;2;43;34;29m[48;2;255;238;212m▀[0m[38;2;83;61;52m[48;2;0;0;0m▀[0m[38;2;255;248;214m[48;2;182;146;127m▀[0m[38;2;244;204;184m[48;2;255;235;209m▀[0m[38;2;239;203;184m[48;2;241;203;185m▀[0m[38;2;236;197;179m[48;2;233;196;178m▀[0m[38;2;238;198;180m[48;2;237;191;171m▀[0m[38;2;233;181;160m[48;2;236;192;166m▀[0m[38;2;255;255;255m[48;2;255;255;255m▀[0m[38;2;255;255;255m[48;2;228;212;208m▀[0m[38;2;235;210;194m[48;2;201;135;102m▀[0m[38;2;228;181;157m[48;2;239;190;166m▀[0m[38;2;222;168;142m[48;2;227;171;146m▀[0m[38;2;245;208;195m[48;2;255;255;255m▀[0m[38;2;255;255;255m[48;2;255;255;255m▀[0m[38;2;255;255;255m[48;2;255;255;255m▀[0m[38;2;255;255;255m[48;2;255;255;255m▀[0m[38;2;255;255;255m[48;2;255;255;255m▀[0m[38;2;255;249;245m[48;2;255;255;255m▀[0m[38;2;230;144;111m[48;2;255;245;238m▀[0m[38;2;230;174;135m[48;2;248;214;195m▀[0m[38;2;235;173;139m[48;2;244;204;181m▀[0m[38;2;236;180;149m[48;2;255;255;255m▀[0m[38;2;249;224;210m[48;2;255;255;255m▀[0m[38;2;237;197;171m[48;2;243;218;204m▀[0m[38;2;232;192;166m[48;2;232;190;164m▀[0m[38;2;234;197;178m[48;2;234;197;176m▀[0m[38;2;236;197;178m[48;2;234;197;178m▀[0m[38;2;236;195;174m[48;2;235;196;173m▀[0m[38;2;235;196;174m[48;2;233;196;177m▀[0m[38;2;235;196;177m[48;2;233;198;177m▀[0m[38;2;236;195;174m[48;2;236;197;174m▀[0m[38;2;236;194;172m[48;2;237;196;176m▀[0m[38;2;238;193;172m[48;2;241;203;183m▀[0m[38;2;230;196;166m[48;2;238;199;174m▀[0m[38;2;251;213;181m[48;2;255;247;218m▀[0m[38;2;255;219;193m[48;2;45;33;27m▀[0m[38;2;0;0;0m[48;2;92;73;62m▀[0m[38;2;226;191;173m[48;2;255;255;235m▀[0m[38;2;255;243;223m[48;2;247;213;196m▀[0m[38;2;255;255;241m[48;2;255;255;237m▀[0m[38;2;158;45;32m[48;2;114;0;0m▀[0m[38;2;172;0;0m[48;2;190;31;24m▀[0m[38;2;255;255;234m[48;2;252;247;219m▀[0m[38;2;228;183;163m[48;2;220;174;151m▀[0m[38;2;255;255;255m[48;2;255;255;255m▀[0m[38;2;254;236;223m[48;2;248;223;206m▀[0m[38;2;227;178;146m[48;2;227;177;149m▀[0m[38;2;235;198;177m[48;2;236;197;178m▀[0m[38;2;234;197;176m[48;2;233;196;173m▀[0m[38;2;236;196;174m[48;2;234;196;164m▀[0m[38;2;235;195;176m[48;2;235;194;159m▀[0m[38;2;234;195;173m[48;2;234;195;169m▀[0m[38;2;233;198;177m[48;2;236;197;178m▀[0m[38;2;235;198;179m[48;2;236;192;170m▀[0m
[38;2;97;85;72m[48;2;0;0;0m▀[0m[38;2;0;0;0m[48;2;143;74;63m▀[0m[38;2;255;199;163m[48;2;255;226;186m▀[0m[38;2;186;51;49m[48;2;239;114;96m▀[0m[38;2;213;79;74m[48;2;228;141;120m▀[0m[38;2;255;217;192m[48;2;255;252;232m▀[0m[38;2;246;204;185m[48;2;255;246;230m▀[0m[38;2;239;193;170m[48;2;238;192;171m▀[0m[38;2;233;196;174m[48;2;227;193;171m▀[0m[38;2;233;196;173m[48;2;227;192;174m▀[0m[38;2;233;194;168m[48;2;235;193;165m▀[0m[38;2;234;195;173m[48;2;235;191;172m▀[0m[38;2;235;198;177m[48;2;234;199;176m▀[0m[38;2;235;198;176m[48;2;234;197;174m▀[0m[38;2;234;197;176m[48;2;233;198;177m▀[0m[38;2;234;193;169m[48;2;234;195;173m▀[0m[38;2;234;211;187m[48;2;237;209;183m▀[0m[38;2;255;238;232m[48;2;255;245;247m▀[0m[38;2;196;93;78m[48;2;149;0;0m▀[0m[38;2;255;231;209m[48;2;250;216;191m▀[0m[38;2;244;203;181m[48;2;238;205;181m▀[0m[38;2;255;230;211m[48;2;243;203;177m▀[0m[38;2;210;171;146m[48;2;255;243;223m▀[0m[38;2;0;0;0m[48;2;95;73;64m▀[0m[38;2;255;222;192m[48;2;68;49;44m▀[0m[38;2;255;216;194m[48;2;255;248;223m▀[0m[38;2;233;196;178m[48;2;240;204;182m▀[0m[38;2;234;192;174m[48;2;233;198;177m▀[0m[38;2;235;187;163m[48;2;232;193;168m▀[0m[38;2;254;243;232m[48;2;232;183;153m▀[0m[38;2;230;174;153m[48;2;234;186;157m▀[0m[38;2;232;176;149m[48;2;237;183;157m▀[0m[38;2;235;183;154m[48;2;232;182;155m▀[0m[38;2;227;176;143m[48;2;230;183;163m▀[0m[38;2;255;255;255m[48;2;255;255;255m▀[0m[38;2;255;255;255m[48;2;255;255;255m▀[0m[38;2;255;255;255m[48;2;255;255;245m▀[0m[38;2;255;255;255m[48;2;223;159;117m▀[0m[38;2;255;255;255m[48;2;217;166;130m▀[0m[38;2;255;255;255m[48;2;255;255;255m▀[0m[38;2;255;255;255m[48;2;255;255;255m▀[0m[38;2;255;255;255m[48;2;255;255;255m▀[0m[38;2;255;255;255m[48;2;255;255;255m▀[0m[38;2;255;255;255m[48;2;231;194;162m▀[0m[38;2;240;218;199m[48;2;223;169;124m▀[0m[38;2;232;187;158m[48;2;233;191;166m▀[0m[38;2;238;198;173m[48;2;235;196;177m▀[0m[38;2;235;196;173m[48;2;234;195;172m▀[0m[38;2;235;195;172m[48;2;233;193;164m▀[0m[38;2;236;195;171m[48;2;235;195;172m▀[0m[38;2;236;196;177m[48;2;236;197;178m▀[0m[38;2;235;196;177m[48;2;235;196;177m▀[0m[38;2;235;198;176m[48;2;233;203;178m▀[0m[38;2;238;199;182m[48;2;239;204;186m▀[0m[38;2;238;205;190m[48;2;248;210;194m▀[0m[38;2;255;239;219m[48;2;255;235;209m▀[0m[38;2;178;147;132m[48;2;0;0;0m▀[0m[38;2;0;0;0m[48;2;192;150;133m▀[0m[38;2;255;240;216m[48;2;255;235;208m▀[0m[38;2;249;218;198m[48;2;243;209;185m▀[0m[38;2;252;223;200m[48;2;252;232;206m▀[0m[38;2;243;225;198m[48;2;219;171;152m▀[0m[38;2;63;0;0m[48;2;135;0;0m▀[0m[38;2;221;152;130m[48;2;252;233;199m▀[0m[38;2;236;211;176m[48;2;230;190;164m▀[0m[38;2;233;205;184m[48;2;255;255;255m▀[0m[38;2;255;255;255m[48;2;255;255;255m▀[0m[38;2;240;211;193m[48;2;240;212;195m▀[0m[38;2;227;174;149m[48;2;224;174;143m▀[0m[38;2;236;192;170m[48;2;235;194;170m▀[0m[38;2;235;194;172m[48;2;235;195;176m▀[0m[38;2;235;193;171m[48;2;234;194;171m▀[0m[38;2;234;191;173m[48;2;234;195;169m▀[0m[38;2;237;193;169m[48;2;233;191;165m▀[0m[38;2;232;191;169m[48;2;240;204;185m▀[0m[38;2;246;218;192m[48;2;255;248;239m▀[0m
[38;2;0;0;0m[48;2;0;0;0m▀[0m[38;2;216;151;133m[48;2;255;213;192m▀[0m[38;2;255;239;205m[48;2;255;234;201m▀[0m[38;2;253;169;149m[48;2;243;201;180m▀[0m[38;2;232;177;153m[48;2;233;191;163m▀[0m[38;2;241;217;200m[48;2;232;200;181m▀[0m[38;2;255;255;250m[48;2;255;250;235m▀[0m[38;2;250;222;204m[48;2;255;245;232m▀[0m[38;2;230;189;171m[48;2;236;194;173m▀[0m[38;2;235;193;177m[48;2;231;191;165m▀[0m[38;2;235;195;168m[48;2;234;195;169m▀[0m[38;2;236;197;176m[48;2;235;196;174m▀[0m[38;2;234;197;174m[48;2;237;197;176m▀[0m[38;2;234;197;174m[48;2;237;198;176m▀[0m[38;2;234;197;176m[48;2;236;197;176m▀[0m[38;2;238;193;178m[48;2;236;195;174m▀[0m[38;2;237;193;169m[48;2;224;183;153m▀[0m[38;2;255;255;255m[48;2;255;255;255m▀[0m[38;2;143;0;0m[48;2;221;192;180m▀[0m[38;2;232;186;160m[48;2;228;183;157m▀[0m[38;2;238;208;182m[48;2;234;199;174m▀[0m[38;2;239;205;181m[48;2;238;199;180m▀[0m[38;2;247;207;194m[48;2;244;205;183m▀[0m[38;2;255;232;216m[48;2;255;239;218m▀[0m[38;2;0;0;0m[48;2;169;139;124m▀[0m[38;2;204;168;150m[48;2;43;30;25m▀[0m[38;2;255;231;205m[48;2;255;239;210m▀[0m[38;2;241;205;182m[48;2;241;205;178m▀[0m[38;2;236;197;172m[48;2;236;197;170m▀[0m[38;2;239;199;180m[48;2;243;211;191m▀[0m[38;2;255;255;255m[48;2;255;255;255m▀[0m[38;2;247;223;210m[48;2;237;209;192m▀[0m[38;2;217;165;136m[48;2;230;193;176m▀[0m[38;2;255;254;245m[48;2;255;255;255m▀[0m[38;2;255;241;231m[48;2;237;197;171m▀[0m[38;2;238;184;159m[48;2;228;170;139m▀[0m[38;2;241;196;166m[48;2;240;199;176m▀[0m[38;2;240;186;156m[48;2;251;235;226m▀[0m[38;2;210;133;95m[48;2;249;233;220m▀[0m[38;2;254;235;221m[48;2;255;255;253m▀[0m[38;2;255;255;255m[48;2;255;255;255m▀[0m[38;2;255;255;255m[48;2;255;255;255m▀[0m[38;2;255;255;255m[48;2;255;255;255m▀[0m[38;2;223;171;140m[48;2;234;177;156m▀[0m[38;2;233;189;165m[48;2;237;191;173m▀[0m[38;2;233;193;168m[48;2;236;196;177m▀[0m[38;2;235;195;173m[48;2;235;195;173m▀[0m[38;2;234;195;172m[48;2;235;195;172m▀[0m[38;2;234;195;173m[48;2;234;195;177m▀[0m[38;2;234;195;176m[48;2;233;196;178m▀[0m[38;2;235;196;177m[48;2;233;198;177m▀[0m[38;2;235;196;177m[48;2;238;199;180m▀[0m[38;2;231;196;174m[48;2;240;201;180m▀[0m[38;2;240;201;180m[48;2;255;217;198m▀[0m[38;2;255;251;228m[48;2;255;218;197m▀[0m[38;2;109;88;83m[48;2;0;0;0m▀[0m[38;2;47;29;24m[48;2;236;192;173m▀[0m[38;2;255;255;232m[48;2;255;228;205m▀[0m[38;2;241;205;182m[48;2;241;207;183m▀[0m[38;2;245;204;186m[48;2;238;200;186m▀[0m[38;2;255;227;205m[48;2;250;226;209m▀[0m[38;2;216;145;126m[48;2;212;136;113m▀[0m[38;2;179;43;29m[48;2;187;65;48m▀[0m[38;2;250;228;203m[48;2;241;217;191m▀[0m[38;2;240;218;196m[48;2;255;255;255m▀[0m[38;2;255;255;255m[48;2;255;255;255m▀[0m[38;2;255;255;255m[48;2;255;255;255m▀[0m[38;2;246;217;200m[48;2;248;225;211m▀[0m[38;2;219;171;144m[48;2;226;177;153m▀[0m[38;2;235;198;179m[48;2;237;198;179m▀[0m[38;2;236;197;176m[48;2;236;197;176m▀[0m[38;2;233;196;173m[48;2;235;196;177m▀[0m[38;2;234;197;166m[48;2;228;192;169m▀[0m[38;2;225;185;158m[48;2;234;195;176m▀[0m[38;2;255;228;217m[48;2;255;243;235m▀[0m[38;2;255;238;225m[48;2;233;196;174m▀[0m
[38;2;24;0;0m[48;2;162;21;23m▀[0m[38;2;255;241;214m[48;2;255;241;216m▀[0m[38;2;249;220;197m[48;2;241;208;194m▀[0m[38;2;239;206;185m[48;2;234;198;181m▀[0m[38;2;230;195;168m[48;2;233;194;174m▀[0m[38;2;223;184;163m[48;2;230;185;164m▀[0m[38;2;246;222;206m[48;2;232;191;174m▀[0m[38;2;255;253;238m[48;2;255;243;233m▀[0m[38;2;240;209;189m[48;2;255;238;225m▀[0m[38;2;223;185;156m[48;2;224;185;158m▀[0m[38;2;230;193;176m[48;2;232;192;169m▀[0m[38;2;234;195;176m[48;2;235;195;177m▀[0m[38;2;236;197;179m[48;2;235;196;178m▀[0m[38;2;236;197;179m[48;2;234;198;179m▀[0m[38;2;233;198;171m[48;2;234;199;178m▀[0m[38;2;227;197;168m[48;2;231;197;176m▀[0m[38;2;222;177;156m[48;2;223;170;147m▀[0m[38;2;255;255;255m[48;2;255;255;255m▀[0m[38;2;236;207;190m[48;2;231;205;191m▀[0m[38;2;226;174;145m[48;2;224;173;142m▀[0m[38;2;233;196;174m[48;2;235;194;173m▀[0m[38;2;235;196;174m[48;2;235;196;177m▀[0m[38;2;240;201;182m[48;2;235;196;177m▀[0m[38;2;245;211;186m[48;2;241;203;183m▀[0m[38;2;255;246;217m[48;2;255;228;204m▀[0m[38;2;45;32;28m[48;2;209;172;153m▀[0m[38;2;186;153;138m[48;2;0;0;0m▀[0m[38;2;255;255;231m[48;2;132;108;96m▀[0m[38;2;251;206;185m[48;2;255;217;189m▀[0m[38;2;234;193;169m[48;2;255;225;198m▀[0m[38;2;231;186;156m[48;2;241;201;180m▀[0m[38;2;231;189;164m[48;2;235;196;178m▀[0m[38;2;238;205;194m[48;2;236;196;174m▀[0m[38;2;238;213;199m[48;2;233;187;162m▀[0m[38;2;227;180;155m[48;2;234;197;178m▀[0m[38;2;234;190;169m[48;2;235;193;177m▀[0m[38;2;236;191;168m[48;2;238;198;176m▀[0m[38;2;223;165;136m[48;2;234;189;163m▀[0m[38;2;251;228;214m[48;2;231;183;163m▀[0m[38;2;255;255;255m[48;2;255;255;255m▀[0m[38;2;255;255;255m[48;2;255;255;255m▀[0m[38;2;255;255;255m[48;2;255;255;255m▀[0m[38;2;230;187;169m[48;2;227;180;151m▀[0m[38;2;228;174;138m[48;2;232;189;154m▀[0m[38;2;234;197;165m[48;2;236;199;171m▀[0m[38;2;236;196;177m[48;2;236;196;174m▀[0m[38;2;237;195;177m[48;2;236;194;168m▀[0m[38;2;234;195;173m[48;2;235;194;173m▀[0m[38;2;233;194;174m[48;2;235;195;178m▀[0m[38;2;234;195;177m[48;2;237;198;180m▀[0m[38;2;234;200;185m[48;2;241;206;187m▀[0m[38;2;238;204;182m[48;2;255;227;208m▀[0m[38;2;250;213;194m[48;2;255;225;208m▀[0m[38;2;255;255;255m[48;2;124;105;100m▀[0m[38;2;86;72;60m[48;2;0;0;0m▀[0m[38;2;64;52;44m[48;2;247;203;181m▀[0m[38;2;255;255;224m[48;2;255;223;200m▀[0m[38;2;240;204;184m[48;2;238;198;173m▀[0m[38;2;240;201;183m[48;2;235;195;173m▀[0m[38;2;236;199;180m[48;2;234;196;182m▀[0m[38;2;251;225;205m[48;2;251;228;207m▀[0m[38;2;204;128;105m[48;2;185;85;61m▀[0m[38;2;164;44;24m[48;2;170;36;28m▀[0m[38;2;255;255;255m[48;2;255;255;255m▀[0m[38;2;255;255;255m[48;2;221;177;153m▀[0m[38;2;178;119;89m[48;2;217;147;116m▀[0m[38;2;224;198;184m[48;2;255;255;255m▀[0m[38;2;255;230;217m[48;2;249;218;203m▀[0m[38;2;232;179;153m[48;2;230;180;157m▀[0m[38;2;237;198;179m[48;2;234;197;174m▀[0m[38;2;236;197;178m[48;2;234;197;176m▀[0m[38;2;233;196;174m[48;2;233;192;170m▀[0m[38;2;230;190;167m[48;2;238;199;180m▀[0m[38;2;250;223;208m[48;2;247;217;196m▀[0m[38;2;245;213;197m[48;2;228;192;167m▀[0m[38;2;228;187;166m[48;2;232;195;176m▀[0m
[38;2;228;92;79m[48;2;216;128;108m▀[0m[38;2;254;230;206m[48;2;248;220;195m▀[0m[38;2;239;203;184m[48;2;236;200;183m▀[0m[38;2;234;198;181m[48;2;234;196;180m▀[0m[38;2;235;196;177m[48;2;237;195;177m▀[0m[38;2;235;195;172m[48;2;235;194;173m▀[0m[38;2;231;185;163m[48;2;236;197;178m▀[0m[38;2;240;205;186m[48;2;228;186;166m▀[0m[38;2;255;255;249m[48;2;249;220;207m▀[0m[38;2;241;208;187m[48;2;255;245;236m▀[0m[38;2;227;184;153m[48;2;235;190;169m▀[0m[38;2;233;196;177m[48;2;236;194;178m▀[0m[38;2;232;197;176m[48;2;236;196;178m▀[0m[38;2;233;198;174m[48;2;235;198;179m▀[0m[38;2;234;200;177m[48;2;234;198;179m▀[0m[38;2;228;198;177m[48;2;232;193;170m▀[0m[38;2;222;168;147m[48;2;220;169;138m▀[0m[38;2;255;255;255m[48;2;255;255;255m▀[0m[38;2;248;237;221m[48;2;255;255;255m▀[0m[38;2;220;169;138m[48;2;228;187;162m▀[0m[38;2;234;192;170m[48;2;230;183;158m▀[0m[38;2;237;197;179m[48;2;236;199;181m▀[0m[38;2;235;196;177m[48;2;233;196;177m▀[0m[38;2;238;199;177m[48;2;234;195;170m▀[0m[38;2;240;206;184m[48;2;239;199;177m▀[0m[38;2;255;251;221m[48;2;255;226;203m▀[0m[38;2;54;42;33m[48;2;214;180;158m▀[0m[38;2;29;23;12m[48;2;110;84;65m▀[0m[38;2;77;62;58m[48;2;255;237;204m▀[0m[38;2;158;129;113m[48;2;158;140;127m▀[0m[38;2;250;210;189m[48;2;129;110;99m▀[0m[38;2;251;208;193m[48;2;211;176;160m▀[0m[38;2;238;195;178m[48;2;241;205;180m▀[0m[38;2;235;195;170m[48;2;237;197;176m▀[0m[38;2;233;196;174m[48;2;238;203;185m▀[0m[38;2;237;198;173m[48;2;253;217;198m▀[0m[38;2;239;195;174m[48;2;255;241;223m▀[0m[38;2;234;197;180m[48;2;255;228;204m▀[0m[38;2;227;177;150m[48;2;255;209;186m▀[0m[38;2;255;255;255m[48;2;252;220;209m▀[0m[38;2;255;255;255m[48;2;255;255;255m▀[0m[38;2;255;255;255m[48;2;245;213;194m▀[0m[38;2;237;187;164m[48;2;237;190;166m▀[0m[38;2;236;194;169m[48;2;255;214;190m▀[0m[38;2;235;205;182m[48;2;255;231;206m▀[0m[38;2;236;201;180m[48;2;255;238;213m▀[0m[38;2;239;194;170m[48;2;253;217;192m▀[0m[38;2;234;193;174m[48;2;237;200;185m▀[0m[38;2;239;198;182m[48;2;245;204;187m▀[0m[38;2;247;209;193m[48;2;223;187;168m▀[0m[38;2;239;204;185m[48;2;156;120;108m▀[0m[38;2;170;145;137m[48;2;187;147;130m▀[0m[38;2;137;113;101m[48;2;255;252;221m▀[0m[38;2;25;18;15m[48;2;96;72;59m▀[0m[38;2;54;37;32m[48;2;191;159;143m▀[0m[38;2;255;251;212m[48;2;255;232;207m▀[0m[38;2;238;205;167m[48;2;236;201;178m▀[0m[38;2;237;200;167m[48;2;235;195;176m▀[0m[38;2;235;195;170m[48;2;234;194;174m▀[0m[38;2;234;193;172m[48;2;234;194;174m▀[0m[38;2;246;224;198m[48;2;238;196;176m▀[0m[38;2;195;83;56m[48;2;236;192;154m▀[0m[38;2;235;155;150m[48;2;255;255;255m▀[0m[38;2;255;255;255m[48;2;241;218;198m▀[0m[38;2;216;149;113m[48;2;220;163;129m▀[0m[38;2;241;211;192m[48;2;252;234;230m▀[0m[38;2;255;255;255m[48;2;255;255;255m▀[0m[38;2;244;212;195m[48;2;244;218;199m▀[0m[38;2;224;180;151m[48;2;220;174;145m▀[0m[38;2;234;194;174m[48;2;234;192;168m▀[0m[38;2;232;195;173m[48;2;233;191;172m▀[0m[38;2;233;194;172m[48;2;233;193;173m▀[0m[38;2;237;204;182m[48;2;235;195;176m▀[0m[38;2;234;197;170m[48;2;234;197;176m▀[0m[38;2;235;196;177m[48;2;234;197;176m▀[0m[38;2;237;197;178m[48;2;235;195;173m▀[0m
[38;2;222;159;129m[48;2;232;182;159m▀[0m[38;2;238;209;186m[48;2;232;203;182m▀[0m[38;2;233;199;180m[48;2;234;195;177m▀[0m[38;2;235;196;177m[48;2;234;195;177m▀[0m[38;2;234;193;171m[48;2;231;194;167m▀[0m[38;2;232;195;172m[48;2;231;194;171m▀[0m[38;2;234;197;176m[48;2;234;197;174m▀[0m[38;2;236;197;178m[48;2;234;197;174m▀[0m[38;2;224;187;165m[48;2;235;194;172m▀[0m[38;2;248;223;210m[48;2;227;187;165m▀[0m[38;2;244;207;193m[48;2;237;200;181m▀[0m[38;2;237;192;168m[48;2;236;197;170m▀[0m[38;2;236;196;178m[48;2;236;197;178m▀[0m[38;2;234;197;179m[48;2;236;197;179m▀[0m[38;2;234;197;174m[48;2;236;197;179m▀[0m[38;2;228;190;168m[48;2;234;192;174m▀[0m[38;2;221;173;151m[48;2;226;179;156m▀[0m[38;2;255;255;255m[48;2;255;255;255m▀[0m[38;2;255;255;255m[48;2;255;255;255m▀[0m[38;2;255;255;255m[48;2;255;255;255m▀[0m[38;2;228;183;159m[48;2;226;181;155m▀[0m[38;2;236;196;177m[48;2;237;195;173m▀[0m[38;2;235;195;170m[48;2;236;196;178m▀[0m[38;2;236;194;172m[48;2;236;196;177m▀[0m[38;2;240;194;170m[48;2;237;196;174m▀[0m[38;2;240;206;182m[48;2;239;199;181m▀[0m[38;2;255;238;209m[48;2;255;223;200m▀[0m[38;2;78;62;46m[48;2;220;185;164m▀[0m[38;2;210;168;140m[48;2;70;54;47m▀[0m[38;2;255;255;240m[48;2;255;231;208m▀[0m[38;2;237;197;189m[48;2;255;217;203m▀[0m[38;2;216;179;166m[48;2;255;210;199m▀[0m[38;2;248;208;195m[48;2;243;207;192m▀[0m[38;2;240;204;186m[48;2;240;209;187m▀[0m[38;2;255;226;205m[48;2;164;135;118m▀[0m[38;2;230;199;187m[48;2;16;6;3m▀[0m[38;2;103;90;84m[48;2;84;51;38m▀[0m[38;2;46;38;29m[48;2;176;123;102m▀[0m[38;2;95;73;69m[48;2;192;149;131m▀[0m[38;2;244;198;170m[48;2;246;198;171m▀[0m[38;2;237;187;158m[48;2;247;200;171m▀[0m[38;2;227;187;162m[48;2;244;192;167m▀[0m[38;2;248;208;182m[48;2;255;189;165m▀[0m[38;2;116;93;79m[48;2;228;170;150m▀[0m[38;2;37;36;31m[48;2;195;140;128m▀[0m[38;2;116;102;95m[48;2;109;79;68m▀[0m[38;2;227;196;176m[48;2;42;33;30m▀[0m[38;2;255;224;200m[48;2;127;99;83m▀[0m[38;2;248;214;193m[48;2;240;196;178m▀[0m[38;2;236;199;182m[48;2;247;218;197m▀[0m[38;2;251;209;187m[48;2;255;240;216m▀[0m[38;2;255;255;249m[48;2;228;199;177m▀[0m[38;2;187;156;137m[48;2;0;0;0m▀[0m[38;2;10;3;3m[48;2;196;163;145m▀[0m[38;2;255;239;214m[48;2;255;234;209m▀[0m[38;2;247;211;193m[48;2;241;205;182m▀[0m[38;2;241;201;184m[48;2;235;199;182m▀[0m[38;2;234;197;176m[48;2;236;197;178m▀[0m[38;2;234;196;167m[48;2;235;198;165m▀[0m[38;2;233;191;176m[48;2;230;189;171m▀[0m[38;2;238;176;157m[48;2;226;169;147m▀[0m[38;2;251;220;203m[48;2;255;255;255m▀[0m[38;2;255;255;255m[48;2;255;255;252m▀[0m[38;2;228;177;154m[48;2;225;168;142m▀[0m[38;2;217;170;140m[48;2;220;176;145m▀[0m[38;2;255;255;248m[48;2;255;255;255m▀[0m[38;2;255;255;255m[48;2;255;255;255m▀[0m[38;2;241;216;198m[48;2;247;224;211m▀[0m[38;2;214;167;144m[48;2;210;160;128m▀[0m[38;2;234;194;171m[48;2;232;193;173m▀[0m[38;2;234;195;172m[48;2;236;197;176m▀[0m[38;2;234;194;174m[48;2;236;197;174m▀[0m[38;2;235;196;177m[48;2;234;197;176m▀[0m[38;2;235;196;177m[48;2;233;196;174m▀[0m[38;2;234;195;173m[48;2;232;193;173m▀[0m[38;2;233;193;173m[48;2;232;193;173m▀[0m
[38;2;233;189;168m[48;2;233;189;167m▀[0m[38;2;237;204;186m[48;2;239;206;186m▀[0m[38;2;235;196;177m[48;2;234;195;177m▀[0m[38;2;234;195;177m[48;2;232;195;176m▀[0m[38;2;231;194;174m[48;2;232;195;176m▀[0m[38;2;233;194;174m[48;2;234;194;174m▀[0m[38;2;234;197;174m[48;2;235;196;174m▀[0m[38;2;235;196;174m[48;2;234;197;176m▀[0m[38;2;235;196;178m[48;2;234;197;178m▀[0m[38;2;235;189;172m[48;2;235;195;173m▀[0m[38;2;237;200;182m[48;2;235;196;174m▀[0m[38;2;255;235;221m[48;2;244;214;197m▀[0m[38;2;231;197;178m[48;2;228;197;177m▀[0m[38;2;235;198;180m[48;2;235;196;179m▀[0m[38;2;236;197;179m[48;2;232;190;166m▀[0m[38;2;232;190;166m[48;2;230;182;153m▀[0m[38;2;227;182;156m[48;2;234;193;174m▀[0m[38;2;255;255;255m[48;2;255;255;255m▀[0m[38;2;255;255;255m[48;2;224;182;170m▀[0m[38;2;200;149;117m[48;2;220;162;136m▀[0m[38;2;232;192;166m[48;2;237;200;182m▀[0m[38;2;236;194;173m[48;2;237;197;179m▀[0m[38;2;237;197;179m[48;2;236;196;177m▀[0m[38;2;237;197;176m[48;2;234;192;168m▀[0m[38;2;236;194;169m[48;2;240;196;174m▀[0m[38;2;237;191;167m[48;2;235;198;177m▀[0m[38;2;239;201;185m[48;2;231;179;154m▀[0m[38;2;255;239;216m[48;2;238;199;173m▀[0m[38;2;89;83;69m[48;2;255;221;192m▀[0m[38;2;14;6;6m[48;2;59;52;49m▀[0m[38;2;255;213;186m[48;2;178;136;117m▀[0m[38;2;245;205;183m[48;2;255;224;201m▀[0m[38;2;245;212;184m[48;2;240;210;198m▀[0m[38;2;211;184;160m[48;2;243;218;196m▀[0m[38;2;170;131;112m[48;2;255;212;176m▀[0m[38;2;255;195;170m[48;2;255;181;157m▀[0m[38;2;255;231;201m[48;2;250;169;155m▀[0m[38;2;255;205;177m[48;2;254;168;149m▀[0m[38;2;255;197;169m[48;2;252;164;139m▀[0m[38;2;249;182;155m[48;2;251;169;142m▀[0m[38;2;240;164;136m[48;2;165;68;61m▀[0m[38;2;247;171;149m[48;2;192;104;89m▀[0m[38;2;255;182;157m[48;2;255;186;156m▀[0m[38;2;255;194;171m[48;2;250;179;153m▀[0m[38;2;255;199;178m[48;2;250;169;146m▀[0m[38;2;255;214;185m[48;2;241;169;143m▀[0m[38;2;255;192;167m[48;2;255;176;145m▀[0m[38;2;164;123;109m[48;2;255;192;162m▀[0m[38;2;206;170;153m[48;2;241;204;172m▀[0m[38;2;255;221;204m[48;2;248;214;199m▀[0m[38;2;194;168;146m[48;2;211;176;162m▀[0m[38;2;0;0;0m[48;2;171;129;117m▀[0m[38;2;66;48;43m[48;2;254;214;196m▀[0m[38;2;255;245;223m[48;2;255;219;200m▀[0m[38;2;248;206;187m[48;2;247;206;182m▀[0m[38;2;240;201;182m[48;2;238;196;174m▀[0m[38;2;234;197;178m[48;2;236;196;177m▀[0m[38;2;236;197;178m[48;2;237;197;178m▀[0m[38;2;234;194;168m[48;2;233;187;164m▀[0m[38;2;220;169;142m[48;2;221;174;151m▀[0m[38;2;247;223;207m[48;2;255;255;255m▀[0m[38;2;255;255;255m[48;2;255;255;255m▀[0m[38;2;234;203;178m[48;2;222;180;152m▀[0m[38;2;226;179;152m[48;2;227;186;165m▀[0m[38;2;223;173;149m[48;2;230;183;155m▀[0m[38;2;249;249;236m[48;2;231;206;186m▀[0m[38;2;255;255;255m[48;2;255;255;255m▀[0m[38;2;255;255;255m[48;2;255;255;255m▀[0m[38;2;220;170;145m[48;2;224;182;158m▀[0m[38;2;236;195;174m[48;2;236;195;174m▀[0m[38;2;234;195;169m[48;2;234;195;173m▀[0m[38;2;234;194;172m[48;2;233;193;176m▀[0m[38;2;235;196;178m[48;2;235;196;178m▀[0m[38;2;233;196;177m[48;2;235;196;174m▀[0m[38;2;232;195;176m[48;2;234;197;174m▀[0m[38;2;233;194;174m[48;2;235;198;177m▀[0m
[38;2;231;177;156m[48;2;216;149;126m▀[0m[38;2;241;210;190m[48;2;248;222;200m▀[0m[38;2;235;195;181m[48;2;238;199;180m▀[0m[38;2;233;196;177m[48;2;235;195;172m▀[0m[38;2;233;193;173m[48;2;232;192;166m▀[0m[38;2;234;193;172m[48;2;232;194;165m▀[0m[38;2;235;196;173m[48;2;235;196;174m▀[0m[38;2;234;197;176m[48;2;236;197;178m▀[0m[38;2;233;197;178m[48;2;234;197;180m▀[0m[38;2;232;197;172m[48;2;232;195;172m▀[0m[38;2;235;195;173m[48;2;233;193;173m▀[0m[38;2;233;191;166m[48;2;233;193;173m▀[0m[38;2;235;195;177m[48;2;234;194;174m▀[0m[38;2;234;194;177m[48;2;234;195;177m▀[0m[38;2;235;193;165m[48;2;230;193;171m▀[0m[38;2;226;180;146m[48;2;221;176;150m▀[0m[38;2;243;213;203m[48;2;247;226;217m▀[0m[38;2;255;255;255m[48;2;255;252;248m▀[0m[38;2;207;149;127m[48;2;222;166;136m▀[0m[38;2;237;195;170m[48;2;235;199;180m▀[0m[38;2;226;192;165m[48;2;230;196;169m▀[0m[38;2;235;196;174m[48;2;232;195;172m▀[0m[38;2;236;197;178m[48;2;235;196;171m▀[0m[38;2;231;181;154m[48;2;232;185;162m▀[0m[38;2;250;231;217m[48;2;237;203;176m▀[0m[38;2;255;255;255m[48;2;255;255;255m▀[0m[38;2;251;225;219m[48;2;255;255;255m▀[0m[38;2;227;171;146m[48;2;245;224;210m▀[0m[38;2;249;203;176m[48;2;228;174;149m▀[0m[38;2;239;201;172m[48;2;251;208;191m▀[0m[38;2;126;110;98m[48;2;250;210;193m▀[0m[38;2;241;206;191m[48;2;227;197;184m▀[0m[38;2;244;207;193m[48;2;243;203;189m▀[0m[38;2;244;197;168m[48;2;250;181;158m▀[0m[38;2;248;177;146m[48;2;253;167;140m▀[0m[38;2;255;167;143m[48;2;251;158;126m▀[0m[38;2;253;164;140m[48;2;253;154;125m▀[0m[38;2;250;145;116m[48;2;255;251;236m▀[0m[38;2;255;159;128m[48;2;255;189;162m▀[0m[38;2;255;168;140m[48;2;244;145;120m▀[0m[38;2;158;58;52m[48;2;221;102;91m▀[0m[38;2;193;92;82m[48;2;172;82;70m▀[0m[38;2;255;182;152m[48;2;255;166;137m▀[0m[38;2;249;169;140m[48;2;255;179;152m▀[0m[38;2;243;149;119m[48;2;255;234;222m▀[0m[38;2;248;160;140m[48;2;249;157;133m▀[0m[38;2;252;165;141m[48;2;249;157;130m▀[0m[38;2;248;166;141m[48;2;244;167;139m▀[0m[38;2;233;187;162m[48;2;235;185;156m▀[0m[38;2;234;197;174m[48;2;230;198;174m▀[0m[38;2;178;126;112m[48;2;243;204;179m▀[0m[38;2;230;187;169m[48;2;250;213;191m▀[0m[38;2;255;223;199m[48;2;233;196;174m▀[0m[38;2;238;196;179m[48;2;213;164;146m▀[0m[38;2;230;189;167m[48;2;217;170;147m▀[0m[38;2;235;199;181m[48;2;234;201;172m▀[0m[38;2;235;195;173m[48;2;233;196;174m▀[0m[38;2;233;194;169m[48;2;233;193;166m▀[0m[38;2;222;170;147m[48;2;221;174;146m▀[0m[38;2;240;224;208m[48;2;255;255;255m▀[0m[38;2;255;255;255m[48;2;255;255;255m▀[0m[38;2;255;255;255m[48;2;255;254;241m▀[0m[38;2;220;173;144m[48;2;220;171;139m▀[0m[38;2;232;192;169m[48;2;233;196;169m▀[0m[38;2;238;191;167m[48;2;236;195;173m▀[0m[38;2;230;185;160m[48;2;235;194;178m▀[0m[38;2;224;187;165m[48;2;232;191;164m▀[0m[38;2;224;183;163m[48;2;230;190;168m▀[0m[38;2;231;191;174m[48;2;230;193;171m▀[0m[38;2;237;196;178m[48;2;235;198;170m▀[0m[38;2;235;194;176m[48;2;234;195;173m▀[0m[38;2;235;194;176m[48;2;232;197;176m▀[0m[38;2;234;197;172m[48;2;233;199;174m▀[0m[38;2;234;197;174m[48;2;235;198;177m▀[0m[38;2;234;197;176m[48;2;235;198;177m▀[0m[38;2;235;198;179m[48;2;236;197;178m▀[0m
[38;2;189;100;81m[48;2;166;42;30m▀[0m[38;2;254;236;208m[48;2;255;246;222m▀[0m[38;2;235;199;180m[48;2;241;207;183m▀[0m[38;2;235;195;178m[48;2;233;201;182m▀[0m[38;2;233;194;171m[48;2;235;196;174m▀[0m[38;2;234;194;171m[48;2;235;196;173m▀[0m[38;2;236;197;174m[48;2;236;197;176m▀[0m[38;2;235;196;177m[48;2;233;196;174m▀[0m[38;2;235;196;174m[48;2;234;194;174m▀[0m[38;2;234;194;163m[48;2;234;194;165m▀[0m[38;2;233;189;167m[48;2;234;195;170m▀[0m[38;2;232;192;173m[48;2;233;193;174m▀[0m[38;2;233;192;173m[48;2;234;194;176m▀[0m[38;2;234;194;177m[48;2;234;195;168m▀[0m[38;2;235;194;180m[48;2;237;192;172m▀[0m[38;2;222;172;155m[48;2;220;173;146m▀[0m[38;2;255;250;247m[48;2;255;255;255m▀[0m[38;2;255;254;244m[48;2;255;252;239m▀[0m[38;2;225;173;138m[48;2;227;171;140m▀[0m[38;2;234;197;174m[48;2;236;193;176m▀[0m[38;2;235;196;174m[48;2;235;195;176m▀[0m[38;2;235;195;172m[48;2;235;196;174m▀[0m[38;2;235;195;170m[48;2;235;196;177m▀[0m[38;2;234;191;173m[48;2;235;193;174m▀[0m[38;2;228;178;146m[48;2;234;192;168m▀[0m[38;2;255;237;226m[48;2;230;183;146m▀[0m[38;2;255;255;255m[48;2;249;235;216m▀[0m[38;2;255;255;255m[48;2;255;255;255m▀[0m[38;2;223;176;153m[48;2;221;179;151m▀[0m[38;2;235;194;173m[48;2;226;176;147m▀[0m[38;2;232;195;177m[48;2;223;190;176m▀[0m[38;2;227;199;183m[48;2;192;167;153m▀[0m[38;2;247;200;181m[48;2;248;196;174m▀[0m[38;2;248;176;154m[48;2;248;172;147m▀[0m[38;2;247;162;130m[48;2;243;160;138m▀[0m[38;2;244;144;115m[48;2;243;140;117m▀[0m[38;2;248;144;118m[48;2;250;168;143m▀[0m[38;2;255;255;255m[48;2;255;233;208m▀[0m[38;2;255;201;180m[48;2;248;138;106m▀[0m[38;2;255;139;114m[48;2;255;172;142m▀[0m[38;2;74;18;25m[48;2;0;0;0m▀[0m[38;2;95;28;29m[48;2;57;1;9m▀[0m[38;2;255;169;139m[48;2;255;203;169m▀[0m[38;2;255;177;149m[48;2;254;151;127m▀[0m[38;2;255;255;255m[48;2;252;189;162m▀[0m[38;2;246;163;141m[48;2;239;147;117m▀[0m[38;2;244;150;122m[48;2;247;149;122m▀[0m[38;2;249;165;143m[48;2;251;163;144m▀[0m[38;2;236;181;157m[48;2;239;185;159m▀[0m[38;2;231;203;174m[48;2;243;208;183m▀[0m[38;2;241;208;180m[48;2;230;189;170m▀[0m[38;2;228;184;163m[48;2;211;162;138m▀[0m[38;2;212;163;142m[48;2;211;162;138m▀[0m[38;2;214;159;143m[48;2;216;164;145m▀[0m[38;2;225;181;156m[48;2;241;200;180m▀[0m[38;2;233;201;177m[48;2;235;198;173m▀[0m[38;2;235;196;177m[48;2;235;194;170m▀[0m[38;2;230;185;157m[48;2;224;177;152m▀[0m[38;2;237;197;176m[48;2;248;220;201m▀[0m[38;2;255;255;255m[48;2;255;255;255m▀[0m[38;2;255;255;255m[48;2;255;255;255m▀[0m[38;2;253;231;218m[48;2;249;223;205m▀[0m[38;2;221;172;142m[48;2;226;177;142m▀[0m[38;2;237;197;174m[48;2;238;199;174m▀[0m[38;2;235;196;170m[48;2;235;196;174m▀[0m[38;2;227;196;169m[48;2;233;194;172m▀[0m[38;2;232;200;179m[48;2;233;196;177m▀[0m[38;2;235;196;177m[48;2;237;198;176m▀[0m[38;2;235;196;174m[48;2;237;197;176m▀[0m[38;2;237;197;176m[48;2;237;197;178m▀[0m[38;2;233;196;174m[48;2;235;196;177m▀[0m[38;2;233;198;177m[48;2;236;196;174m▀[0m[38;2;235;198;177m[48;2;237;198;179m▀[0m[38;2;237;198;177m[48;2;235;198;179m▀[0m[38;2;236;197;178m[48;2;234;195;173m▀[0m[38;2;234;197;178m[48;2;233;194;172m▀[0m
[38;2;132;0;0m[48;2;82;0;0m▀[0m[38;2;255;240;214m[48;2;226;167;138m▀[0m[38;2;247;218;193m[48;2;255;243;218m▀[0m[38;2;235;204;184m[48;2;234;204;184m▀[0m[38;2;235;196;174m[48;2;234;197;176m▀[0m[38;2;235;196;174m[48;2;234;197;174m▀[0m[38;2;233;196;174m[48;2;234;197;174m▀[0m[38;2;234;195;176m[48;2;234;197;176m▀[0m[38;2;232;195;177m[48;2;233;196;177m▀[0m[38;2;232;195;170m[48;2;234;195;173m▀[0m[38;2;235;196;174m[48;2;234;197;174m▀[0m[38;2;234;195;178m[48;2;235;195;178m▀[0m[38;2;235;196;177m[48;2;235;196;177m▀[0m[38;2;233;196;177m[48;2;230;198;178m▀[0m[38;2;230;190;167m[48;2;226;180;155m▀[0m[38;2;225;176;152m[48;2;236;194;170m▀[0m[38;2;255;255;255m[48;2;255;255;255m▀[0m[38;2;255;241;228m[48;2;253;233;224m▀[0m[38;2;221;173;144m[48;2;221;172;142m▀[0m[38;2;235;193;171m[48;2;231;194;171m▀[0m[38;2;234;195;177m[48;2;233;196;178m▀[0m[38;2;233;196;177m[48;2;233;196;178m▀[0m[38;2;236;197;176m[48;2;235;196;174m▀[0m[38;2;236;199;178m[48;2;236;197;176m▀[0m[38;2;233;194;176m[48;2;236;197;176m▀[0m[38;2;234;192;167m[48;2;235;196;177m▀[0m[38;2;226;181;147m[48;2;235;194;178m▀[0m[38;2;227;186;160m[48;2;236;196;179m▀[0m[38;2;234;190;168m[48;2;243;199;186m▀[0m[38;2;213;162;130m[48;2;233;191;170m▀[0m[38;2;213;168;149m[48;2;228;183;160m▀[0m[38;2;153;133;132m[48;2;159;140;135m▀[0m[38;2;224;171;154m[48;2;190;147;131m▀[0m[38;2;255;174;150m[48;2;254;178;149m▀[0m[38;2;243;158;142m[48;2;246;162;141m▀[0m[38;2;244;143;123m[48;2;244;156;131m▀[0m[38;2;249;169;142m[48;2;247;145;115m▀[0m[38;2;255;225;197m[48;2;255;176;142m▀[0m[38;2;250;145;113m[48;2;254;152;120m▀[0m[38;2;255;169;139m[48;2;255;162;132m▀[0m[38;2;99;27;20m[48;2;157;65;57m▀[0m[38;2;19;0;0m[48;2;146;62;62m▀[0m[38;2;255;182;157m[48;2;228;129;109m▀[0m[38;2;255;154;129m[48;2;255;171;132m▀[0m[38;2;255;205;182m[48;2;248;163;138m▀[0m[38;2;246;163;132m[48;2;245;157;131m▀[0m[38;2;245;152;118m[48;2;243;156;122m▀[0m[38;2;252;168;146m[48;2;255;177;143m▀[0m[38;2;226;173;152m[48;2;192;142;127m▀[0m[38;2;225;203;185m[48;2;216;197;184m▀[0m[38;2;226;182;162m[48;2;221;174;147m▀[0m[38;2;213;160;140m[48;2;206;154;133m▀[0m[38;2;209;163;139m[48;2;234;193;174m▀[0m[38;2;230;189;165m[48;2;244;203;182m▀[0m[38;2;244;205;185m[48;2;235;198;179m▀[0m[38;2;236;197;174m[48;2;234;197;176m▀[0m[38;2;237;198;177m[48;2;235;198;179m▀[0m[38;2;222;174;146m[48;2;228;182;154m▀[0m[38;2;248;225;211m[48;2;240;211;193m▀[0m[38;2;255;255;255m[48;2;255;255;255m▀[0m[38;2;255;255;255m[48;2;255;255;255m▀[0m[38;2;243;222;203m[48;2;228;189;164m▀[0m[38;2;224;177;150m[48;2;231;186;163m▀[0m[38;2;236;199;174m[48;2;237;198;179m▀[0m[38;2;236;197;176m[48;2;236;197;179m▀[0m[38;2;235;196;178m[48;2;233;197;178m▀[0m[38;2;235;196;174m[48;2;234;197;174m▀[0m[38;2;237;197;176m[48;2;237;197;176m▀[0m[38;2;236;197;176m[48;2;237;198;177m▀[0m[38;2;234;197;176m[48;2;234;195;173m▀[0m[38;2;235;195;173m[48;2;232;190;162m▀[0m[38;2;234;195;170m[48;2;234;194;167m▀[0m[38;2;235;196;178m[48;2;234;195;176m▀[0m[38;2;235;196;177m[48;2;235;195;176m▀[0m[38;2;233;194;172m[48;2;234;195;176m▀[0m[38;2;236;196;174m[48;2;236;196;174m▀[0m
[38;2;70;0;0m[48;2;204;110;91m▀[0m[38;2;153;0;0m[48;2;190;89;70m▀[0m[38;2;255;252;231m[48;2;252;234;210m▀[0m[38;2;234;204;184m[48;2;239;206;186m▀[0m[38;2;234;201;173m[48;2;236;197;180m▀[0m[38;2;236;197;174m[48;2;236;197;174m▀[0m[38;2;236;196;174m[48;2;235;195;173m▀[0m[38;2;233;196;177m[48;2;234;195;177m▀[0m[38;2;233;196;174m[48;2;232;196;178m▀[0m[38;2;233;194;167m[48;2;233;194;174m▀[0m[38;2;235;196;173m[48;2;233;194;174m▀[0m[38;2;236;196;177m[48;2;235;194;172m▀[0m[38;2;236;196;174m[48;2;236;196;171m▀[0m[38;2;236;195;171m[48;2;237;198;173m▀[0m[38;2;223;170;144m[48;2;220;170;141m▀[0m[38;2;247;216;198m[48;2;255;233;224m▀[0m[38;2;255;255;255m[48;2;255;255;255m▀[0m[38;2;254;234;225m[48;2;255;246;238m▀[0m[38;2;222;171;144m[48;2;218;171;142m▀[0m[38;2;233;194;169m[48;2;236;195;171m▀[0m[38;2;235;196;178m[48;2;233;196;174m▀[0m[38;2;233;196;177m[48;2;231;194;172m▀[0m[38;2;233;196;174m[48;2;231;196;174m▀[0m[38;2;235;196;177m[48;2;235;194;173m▀[0m[38;2;236;197;178m[48;2;234;197;178m▀[0m[38;2;236;197;178m[48;2;234;198;179m▀[0m[38;2;235;196;179m[48;2;234;197;178m▀[0m[38;2;235;195;178m[48;2;233;194;174m▀[0m[38;2;233;195;181m[48;2;224;194;169m▀[0m[38;2;234;203;186m[48;2;231;195;176m▀[0m[38;2;254;218;199m[48;2;244;203;186m▀[0m[38;2;176;154;142m[48;2;237;201;183m▀[0m[38;2;152;122;111m[48;2;193;167;151m▀[0m[38;2;243;172;153m[48;2;199;147;127m▀[0m[38;2;253;166;146m[48;2;255;179;154m▀[0m[38;2;243;163;136m[48;2;243;162;140m▀[0m[38;2;245;159;133m[48;2;245;163;141m▀[0m[38;2;253;155;128m[48;2;253;154;128m▀[0m[38;2;255;156;128m[48;2;255;163;139m▀[0m[38;2;255;158;131m[48;2;255;155;129m▀[0m[38;2;197;87;78m[48;2;98;29;30m▀[0m[38;2;254;122;116m[48;2;204;86;87m▀[0m[38;2;225;123;100m[48;2;235;122;106m▀[0m[38;2;255;178;151m[48;2;255;181;146m▀[0m[38;2;244;157;131m[48;2;241;163;131m▀[0m[38;2;244;158;129m[48;2;244;160;136m▀[0m[38;2;245;163;138m[48;2;250;169;140m▀[0m[38;2;255;174;150m[48;2;241;166;142m▀[0m[38;2;171;126;114m[48;2;153;119;106m▀[0m[38;2;234;205;192m[48;2;251;218;198m▀[0m[38;2;211;164;137m[48;2;237;198;176m▀[0m[38;2;230;189;165m[48;2;239;205;180m▀[0m[38;2;241;210;190m[48;2;239;200;182m▀[0m[38;2;239;198;180m[48;2;234;195;169m▀[0m[38;2;235;196;177m[48;2;233;194;174m▀[0m[38;2;232;197;169m[48;2;234;195;177m▀[0m[38;2;235;196;171m[48;2;236;196;177m▀[0m[38;2;235;190;169m[48;2;236;194;172m▀[0m[38;2;225;180;157m[48;2;239;193;176m▀[0m[38;2;250;232;219m[48;2;218;166;143m▀[0m[38;2;237;206;179m[48;2;249;225;206m▀[0m[38;2;225;176;151m[48;2;243;211;191m▀[0m[38;2;233;193;171m[48;2;232;190;168m▀[0m[38;2;235;198;179m[48;2;236;197;179m▀[0m[38;2;237;197;178m[48;2;235;195;173m▀[0m[38;2;233;199;174m[48;2;235;196;173m▀[0m[38;2;235;198;177m[48;2;237;198;177m▀[0m[38;2;237;197;176m[48;2;237;197;176m▀[0m[38;2;237;198;179m[48;2;236;197;176m▀[0m[38;2;235;196;177m[48;2;236;197;176m▀[0m[38;2;233;194;172m[48;2;236;197;176m▀[0m[38;2;235;196;173m[48;2;236;196;174m▀[0m[38;2;235;195;177m[48;2;236;196;177m▀[0m[38;2;234;194;176m[48;2;235;195;173m▀[0m[38;2;233;194;172m[48;2;234;195;172m▀[0m[38;2;236;197;174m[48;2;236;196;174m▀[0m
[38;2;255;250;232m[48;2;255;231;218m▀[0m[38;2;255;243;222m[48;2;254;213;200m▀[0m[38;2;237;214;183m[48;2;244;210;182m▀[0m[38;2;235;206;168m[48;2;239;207;178m▀[0m[38;2;234;197;174m[48;2;233;199;178m▀[0m[38;2;236;197;172m[48;2;235;196;173m▀[0m[38;2;235;196;177m[48;2;235;196;177m▀[0m[38;2;234;196;182m[48;2;235;196;178m▀[0m[38;2;233;196;174m[48;2;233;196;178m▀[0m[38;2;232;195;164m[48;2;233;194;167m▀[0m[38;2;234;195;173m[48;2;234;195;172m▀[0m[38;2;234;195;172m[48;2;234;195;173m▀[0m[38;2;235;196;171m[48;2;235;195;173m▀[0m[38;2;237;198;172m[48;2;236;194;177m▀[0m[38;2;222;171;142m[48;2;226;172;142m▀[0m[38;2;255;241;235m[48;2;247;221;203m▀[0m[38;2;255;255;255m[48;2;255;255;255m▀[0m[38;2;255;255;253m[48;2;255;255;255m▀[0m[38;2;218;171;149m[48;2;220;170;147m▀[0m[38;2;233;192;171m[48;2;235;191;170m▀[0m[38;2;234;194;169m[48;2;234;192;166m▀[0m[38;2;232;195;166m[48;2;233;194;168m▀[0m[38;2;233;196;177m[48;2;235;196;174m▀[0m[38;2;235;196;177m[48;2;236;196;177m▀[0m[38;2;234;197;179m[48;2;235;198;180m▀[0m[38;2;235;198;179m[48;2;235;198;177m▀[0m[38;2;234;197;176m[48;2;234;197;176m▀[0m[38;2;234;195;176m[48;2;235;196;174m▀[0m[38;2;233;193;168m[48;2;234;195;172m▀[0m[38;2;235;195;176m[48;2;234;195;173m▀[0m[38;2;237;197;178m[48;2;235;195;176m▀[0m[38;2;244;209;184m[48;2;236;197;179m▀[0m[38;2;241;213;193m[48;2;249;218;194m▀[0m[38;2;173;131;113m[48;2;190;156;143m▀[0m[38;2;251;172;145m[48;2;228;154;129m▀[0m[38;2;239;165;139m[48;2;246;174;147m▀[0m[38;2;241;163;135m[48;2;240;165;139m▀[0m[38;2;248;163;133m[48;2;250;157;133m▀[0m[38;2;255;167;138m[48;2;255;182;151m▀[0m[38;2;255;137;120m[48;2;224;87;74m▀[0m[38;2;31;0;0m[48;2;112;62;71m▀[0m[38;2;51;0;4m[48;2;45;33;41m▀[0m[38;2;240;117;109m[48;2;174;59;57m▀[0m[38;2;255;177;145m[48;2;255;180;146m▀[0m[38;2;248;163;137m[48;2;250;169;140m▀[0m[38;2;246;163;136m[48;2;247;172;143m▀[0m[38;2;255;178;157m[48;2;255;181;157m▀[0m[38;2;209;138;120m[48;2;164;117;97m▀[0m[38;2;179;146;137m[48;2;223;196;183m▀[0m[38;2;254;223;204m[48;2;245;208;190m▀[0m[38;2;236;199;180m[48;2;234;200;180m▀[0m[38;2;236;197;178m[48;2;234;197;178m▀[0m[38;2;237;197;179m[48;2;236;197;178m▀[0m[38;2;235;196;177m[48;2;236;197;180m▀[0m[38;2;235;195;177m[48;2;236;197;180m▀[0m[38;2;235;196;178m[48;2;236;196;178m▀[0m[38;2;236;196;174m[48;2;236;196;174m▀[0m[38;2;235;196;171m[48;2;235;196;174m▀[0m[38;2;237;192;172m[48;2;236;194;178m▀[0m[38;2;226;180;151m[48;2;231;184;159m▀[0m[38;2;255;255;255m[48;2;255;247;233m▀[0m[38;2;255;240;221m[48;2;239;210;195m▀[0m[38;2;231;184;164m[48;2;233;190;172m▀[0m[38;2;235;199;180m[48;2;234;197;178m▀[0m[38;2;234;197;169m[48;2;234;197;174m▀[0m[38;2;235;197;165m[48;2;235;198;176m▀[0m[38;2;237;198;177m[48;2;235;198;176m▀[0m[38;2;237;198;177m[48;2;235;198;177m▀[0m[38;2;235;196;173m[48;2;236;196;177m▀[0m[38;2;235;195;172m[48;2;235;195;176m▀[0m[38;2;235;195;172m[48;2;234;195;172m▀[0m[38;2;233;193;167m[48;2;233;193;171m▀[0m[38;2;236;196;173m[48;2;235;195;172m▀[0m[38;2;235;195;172m[48;2;235;195;173m▀[0m[38;2;232;195;172m[48;2;234;195;173m▀[0m[38;2;236;196;174m[48;2;235;196;174m▀[0m
[38;2;226;179;166m[48;2;0;0;0m▀[0m[38;2;255;244;217m[48;2;29;24;18m▀[0m[38;2;255;248;224m[48;2;179;139;126m▀[0m[38;2;252;213;196m[48;2;255;254;227m▀[0m[38;2;240;200;182m[48;2;255;222;197m▀[0m[38;2;239;198;177m[48;2;241;201;171m▀[0m[38;2;235;196;174m[48;2;237;200;179m▀[0m[38;2;235;196;177m[48;2;237;199;170m▀[0m[38;2;232;195;176m[48;2;235;196;170m▀[0m[38;2;234;194;172m[48;2;234;195;170m▀[0m[38;2;235;196;171m[48;2;234;197;170m▀[0m[38;2;233;196;174m[48;2;235;196;173m▀[0m[38;2;235;195;178m[48;2;237;195;174m▀[0m[38;2;236;196;174m[48;2;235;195;176m▀[0m[38;2;232;186;153m[48;2;231;193;162m▀[0m[38;2;226;172;139m[48;2;231;182;149m▀[0m[38;2;255;255;255m[48;2;208;147;123m▀[0m[38;2;255;255;255m[48;2;255;255;255m▀[0m[38;2;231;179;157m[48;2;246;216;191m▀[0m[38;2;237;187;159m[48;2;233;181;147m▀[0m[38;2;232;192;174m[48;2;236;196;177m▀[0m[38;2;235;196;177m[48;2;236;197;178m▀[0m[38;2;234;197;176m[48;2;237;198;177m▀[0m[38;2;236;197;178m[48;2;237;198;177m▀[0m[38;2;236;197;178m[48;2;232;193;166m▀[0m[38;2;235;196;177m[48;2;233;193;168m▀[0m[38;2;234;197;179m[48;2;235;196;174m▀[0m[38;2;237;196;176m[48;2;236;197;178m▀[0m[38;2;237;197;176m[48;2;237;197;178m▀[0m[38;2;234;195;173m[48;2;235;196;174m▀[0m[38;2;234;195;173m[48;2;235;196;173m▀[0m[38;2;234;196;182m[48;2;234;197;183m▀[0m[38;2;241;207;182m[48;2;233;197;180m▀[0m[38;2;224;193;173m[48;2;236;206;181m▀[0m[38;2;204;139;118m[48;2;185;145;129m▀[0m[38;2;255;173;144m[48;2;238;157;143m▀[0m[38;2;241;166;142m[48;2;249;170;152m▀[0m[38;2;252;156;131m[48;2;240;165;139m▀[0m[38;2;255;173;143m[48;2;255;158;120m▀[0m[38;2;174;46;29m[48;2;137;45;25m▀[0m[38;2;204;224;228m[48;2;255;255;255m▀[0m[38;2;195;221;230m[48;2;255;255;255m▀[0m[38;2;153;29;21m[48;2;177;69;52m▀[0m[38;2;255;183;149m[48;2;255;176;144m▀[0m[38;2;251;165;143m[48;2;251;167;143m▀[0m[38;2;255;180;154m[48;2;255;185;154m▀[0m[38;2;223;154;133m[48;2;146;97;84m▀[0m[38;2;151;124;109m[48;2;201;172;157m▀[0m[38;2;255;223;204m[48;2;252;220;191m▀[0m[38;2;235;201;180m[48;2;236;199;177m▀[0m[38;2;236;197;178m[48;2;237;197;176m▀[0m[38;2;234;197;176m[48;2;237;198;177m▀[0m[38;2;235;198;177m[48;2;237;198;177m▀[0m[38;2;237;198;181m[48;2;236;199;181m▀[0m[38;2;235;198;177m[48;2;236;197;179m▀[0m[38;2;237;197;178m[48;2;235;196;174m▀[0m[38;2;236;196;174m[48;2;234;194;167m▀[0m[38;2;236;196;177m[48;2;236;195;174m▀[0m[38;2;236;196;177m[48;2;235;196;169m▀[0m[38;2;235;194;169m[48;2;228;197;170m▀[0m[38;2;230;189;162m[48;2;235;198;179m▀[0m[38;2;231;196;174m[48;2;234;197;179m▀[0m[38;2;234;199;178m[48;2;234;197;178m▀[0m[38;2;234;197;176m[48;2;234;197;178m▀[0m[38;2;234;197;180m[48;2;233;196;179m▀[0m[38;2;236;196;180m[48;2;235;196;178m▀[0m[38;2;236;197;176m[48;2;237;198;179m▀[0m[38;2;236;197;178m[48;2;236;197;178m▀[0m[38;2;235;196;174m[48;2;235;196;173m▀[0m[38;2;232;197;170m[48;2;234;195;170m▀[0m[38;2;232;197;170m[48;2;235;196;173m▀[0m[38;2;236;195;174m[48;2;237;197;176m▀[0m[38;2;236;196;177m[48;2;237;197;180m▀[0m[38;2;235;196;177m[48;2;234;195;173m▀[0m[38;2;235;196;173m[48;2;232;193;168m▀[0m[38;2;235;195;176m[48;2;237;196;176m▀[0m
[38;2;58;54;54m[48;2;70;61;64m▀[0m[38;2;24;28;32m[48;2;74;64;68m▀[0m[38;2;0;0;0m[48;2;70;68;65m▀[0m[38;2;47;34;30m[48;2;0;0;0m▀[0m[38;2;255;236;207m[48;2;0;0;0m▀[0m[38;2;255;243;211m[48;2;233;186;163m▀[0m[38;2;241;206;192m[48;2;255;255;236m▀[0m[38;2;241;199;184m[48;2;255;216;195m▀[0m[38;2;239;197;177m[48;2;247;205;186m▀[0m[38;2;233;196;169m[48;2;245;203;184m▀[0m[38;2;231;196;167m[48;2;241;200;176m▀[0m[38;2;235;195;173m[48;2;233;196;173m▀[0m[38;2;235;195;176m[48;2;234;195;177m▀[0m[38;2;232;195;177m[48;2;234;194;176m▀[0m[38;2;234;191;178m[48;2;234;195;176m▀[0m[38;2;236;190;173m[48;2;228;186;160m▀[0m[38;2;218;158;130m[48;2;234;195;173m▀[0m[38;2;255;255;255m[48;2;255;255;255m▀[0m[38;2;255;255;253m[48;2;255;255;255m▀[0m[38;2;224;170;147m[48;2;233;192;167m▀[0m[38;2;234;194;176m[48;2;234;192;170m▀[0m[38;2;234;197;178m[48;2;237;197;178m▀[0m[38;2;235;198;179m[48;2;238;200;184m▀[0m[38;2;235;196;173m[48;2;243;200;177m▀[0m[38;2;231;189;163m[48;2;231;190;166m▀[0m[38;2;232;192;170m[48;2;228;195;166m▀[0m[38;2;235;196;173m[48;2;239;198;182m▀[0m[38;2;236;197;172m[48;2;240;201;184m▀[0m[38;2;235;201;177m[48;2;237;204;184m▀[0m[38;2;236;196;174m[48;2;245;205;187m▀[0m[38;2;236;195;171m[48;2;244;208;191m▀[0m[38;2;234;197;183m[48;2;240;203;186m▀[0m[38;2;236;196;177m[48;2;238;201;179m▀[0m[38;2;240;200;176m[48;2;239;203;181m▀[0m[38;2;225;186;167m[48;2;245;204;180m▀[0m[38;2;221;171;158m[48;2;240;201;177m▀[0m[38;2;243;185;152m[48;2;239;183;157m▀[0m[38;2;238;173;145m[48;2;240;180;155m▀[0m[38;2;255;167;130m[48;2;240;177;152m▀[0m[38;2;177;78;58m[48;2;238;133;97m▀[0m[38;2;255;255;255m[48;2;252;251;248m▀[0m[38;2;255;255;255m[48;2;223;232;239m▀[0m[38;2;191;89;70m[48;2;212;103;76m▀[0m[38;2;255;184;149m[48;2;255;199;169m▀[0m[38;2;251;182;156m[48;2;246;196;168m▀[0m[38;2;236;166;140m[48;2;235;183;158m▀[0m[38;2;160;120;101m[48;2;231;194;171m▀[0m[38;2;251;212;191m[48;2;241;200;179m▀[0m[38;2;244;204;186m[48;2;240;196;178m▀[0m[38;2;245;206;181m[48;2;222;189;162m▀[0m[38;2;240;199;178m[48;2;244;210;185m▀[0m[38;2;240;199;179m[48;2;249;209;192m▀[0m[38;2;238;197;176m[48;2;247;210;185m▀[0m[38;2;234;196;182m[48;2;255;219;200m▀[0m[38;2;236;198;182m[48;2;255;217;199m▀[0m[38;2;237;197;179m[48;2;247;208;191m▀[0m[38;2;238;194;173m[48;2;241;199;178m▀[0m[38;2;235;194;176m[48;2;241;200;179m▀[0m[38;2;232;195;186m[48;2;238;201;192m▀[0m[38;2;233;196;178m[48;2;235;201;186m▀[0m[38;2;235;196;177m[48;2;238;199;173m▀[0m[38;2;233;194;174m[48;2;233;196;171m▀[0m[38;2;234;195;176m[48;2;235;195;172m▀[0m[38;2;234;197;178m[48;2;233;196;181m▀[0m[38;2;233;196;174m[48;2;232;195;176m▀[0m[38;2;233;198;167m[48;2;234;197;166m▀[0m[38;2;235;198;177m[48;2;235;198;179m▀[0m[38;2;235;198;177m[48;2;235;198;183m▀[0m[38;2;236;197;174m[48;2;234;197;174m▀[0m[38;2;234;197;172m[48;2;233;196;174m▀[0m[38;2;235;196;173m[48;2;236;194;177m▀[0m[38;2;236;197;174m[48;2;237;200;183m▀[0m[38;2;241;200;179m[48;2;243;206;183m▀[0m[38;2;240;201;176m[48;2;255;214;191m▀[0m[38;2;239;198;169m[48;2;255;253;226m▀[0m[38;2;255;218;193m[48;2;246;205;183m▀[0m
[38;2;73;64;62m[48;2;72;64;61m▀[0m[38;2;72;64;63m[48;2;72;64;61m▀[0m[38;2;64;58;60m[48;2;74;65;66m▀[0m[38;2;76;65;72m[48;2;74;66;66m▀[0m[38;2;22;25;35m[48;2;78;70;68m▀[0m[38;2;0;0;0m[48;2;69;73;74m▀[0m[38;2;128;99;87m[48;2;0;0;1m▀[0m[38;2;255;253;220m[48;2;18;8;5m▀[0m[38;2;255;255;225m[48;2;217;178;153m▀[0m[38;2;253;223;200m[48;2;255;255;244m▀[0m[38;2;247;206;194m[48;2;255;255;239m▀[0m[38;2;244;201;185m[48;2;255;236;217m▀[0m[38;2;241;201;176m[48;2;255;220;200m▀[0m[38;2;239;197;179m[48;2;250;210;192m▀[0m[38;2;236;197;178m[48;2;254;210;190m▀[0m[38;2;232;198;173m[48;2;255;222;194m▀[0m[38;2;233;187;158m[48;2;255;231;198m▀[0m[38;2;255;255;255m[48;2;255;255;223m▀[0m[38;2;255;255;255m[48;2;255;253;223m▀[0m[38;2;240;205;186m[48;2;255;228;191m▀[0m[38;2;240;196;171m[48;2;255;253;223m▀[0m[38;2;248;209;187m[48;2;255;249;219m▀[0m[38;2;254;216;190m[48;2;255;244;208m▀[0m[38;2;255;221;199m[48;2;255;228;199m▀[0m[38;2;255;224;199m[48;2;250;203;183m▀[0m[38;2;255;236;207m[48;2;203;173;157m▀[0m[38;2;255;230;208m[48;2;223;186;164m▀[0m[38;2;250;214;199m[48;2;238;199;173m▀[0m[38;2;239;200;179m[48;2;218;181;162m▀[0m[38;2;235;195;176m[48;2;192;156;138m▀[0m[38;2;222;183;164m[48;2;193;156;137m▀[0m[38;2;225;185;167m[48;2;227;186;169m▀[0m[38;2;235;200;176m[48;2;239;198;173m▀[0m[38;2;237;196;179m[48;2;237;196;174m▀[0m[38;2;235;200;172m[48;2;236;201;173m▀[0m[38;2;239;197;180m[48;2;238;199;182m▀[0m[38;2;244;196;172m[48;2;243;196;179m▀[0m[38;2;237;195;167m[48;2;236;190;166m▀[0m[38;2;246;192;171m[48;2;244;185;160m▀[0m[38;2;246;171;143m[48;2;247;176;150m▀[0m[38;2;255;219;200m[48;2;244;182;154m▀[0m[38;2;255;220;205m[48;2;251;201;168m▀[0m[38;2;255;184;159m[48;2;252;192;156m▀[0m[38;2;250;208;180m[48;2;251;205;177m▀[0m[38;2;243;209;179m[48;2;246;198;171m▀[0m[38;2;239;206;182m[48;2;237;198;173m▀[0m[38;2;234;195;170m[48;2;235;193;171m▀[0m[38;2;238;194;169m[48;2;235;189;169m▀[0m[38;2;245;203;184m[48;2;234;195;173m▀[0m[38;2;163;133;115m[48;2;247;205;180m▀[0m[38;2;137;112;93m[48;2;230;187;169m▀[0m[38;2;216;185;163m[48;2;235;195;173m▀[0m[38;2;221;187;164m[48;2;236;192;173m▀[0m[38;2;190;156;141m[48;2;177;147;136m▀[0m[38;2;228;190;163m[48;2;111;91;81m▀[0m[38;2;255;235;210m[48;2;63;49;41m▀[0m[38;2;255;246;218m[48;2;101;74;66m▀[0m[38;2;255;244;210m[48;2;159;126;106m▀[0m[38;2;255;239;210m[48;2;197;157;138m▀[0m[38;2;255;234;218m[48;2;226;186;164m▀[0m[38;2;255;226;203m[48;2;255;218;186m▀[0m[38;2;255;219;201m[48;2;255;232;208m▀[0m[38;2;253;211;195m[48;2;255;254;227m▀[0m[38;2;245;204;183m[48;2;255;255;225m▀[0m[38;2;238;204;179m[48;2;255;246;214m▀[0m[38;2;244;205;182m[48;2;255;237;211m▀[0m[38;2;245;204;190m[48;2;255;234;213m▀[0m[38;2;247;206;193m[48;2;255;241;221m▀[0m[38;2;245;205;187m[48;2;255;254;232m▀[0m[38;2;243;201;180m[48;2;255;255;234m▀[0m[38;2;243;206;181m[48;2;255;255;234m▀[0m[38;2;253;217;198m[48;2;255;252;226m▀[0m[38;2;255;241;221m[48;2;248;205;187m▀[0m[38;2;255;255;245m[48;2;60;47;44m▀[0m[38;2;142;110;100m[48;2;0;0;0m▀[0m[38;2;0;0;0m[48;2;32;39;43m▀[0m
[38;2;71;63;62m[48;2;71;63;62m▀[0m[38;2;72;63;60m[48;2;65;61;60m▀[0m[38;2;73;65;64m[48;2;71;63;62m▀[0m[38;2;73;71;69m[48;2;73;64;64m▀[0m[38;2;77;70;69m[48;2;76;64;68m▀[0m[38;2;45;42;44m[48;2;63;56;59m▀[0m[38;2;47;51;51m[48;2;21;18;20m▀[0m[38;2;15;24;29m[48;2;6;8;9m▀[0m[38;2;0;0;0m[48;2;7;17;20m▀[0m[38;2;43;30;23m[48;2;0;0;0m▀[0m[38;2;185;149;133m[48;2;0;0;0m▀[0m[38;2;255;218;199m[48;2;0;0;0m▀[0m[38;2;255;254;236m[48;2;0;0;0m▀[0m[38;2;255;255;250m[48;2;18;14;14m▀[0m[38;2;255;255;246m[48;2;23;17;20m▀[0m[38;2;255;236;213m[48;2;0;0;0m▀[0m[38;2;236;195;170m[48;2;0;0;0m▀[0m[38;2;173;138;119m[48;2;0;0;0m▀[0m[38;2;136;110;88m[48;2;3;9;17m▀[0m[38;2;139;110;97m[48;2;14;14;25m▀[0m[38;2;117;91;78m[48;2;15;17;27m▀[0m[38;2;91;75;66m[48;2;15;23;27m▀[0m[38;2;66;55;48m[48;2;38;41;46m▀[0m[38;2;21;19;14m[48;2;78;75;82m▀[0m[38;2;0;0;0m[48;2;22;24;29m▀[0m[38;2;0;0;0m[48;2;0;0;0m▀[0m[38;2;0;0;0m[48;2;93;66;60m▀[0m[38;2;100;81;75m[48;2;184;142;126m▀[0m[38;2;173;147;137m[48;2;131;101;90m▀[0m[38;2;248;207;185m[48;2;220;181;164m▀[0m[38;2;255;211;196m[48;2;248;200;178m▀[0m[38;2;248;203;185m[48;2;236;196;170m▀[0m[38;2;237;195;173m[48;2;236;196;174m▀[0m[38;2;235;198;173m[48;2;237;193;165m▀[0m[38;2;240;198;170m[48;2;249;193;166m▀[0m[38;2;241;194;167m[48;2;239;173;156m▀[0m[38;2;235;174;151m[48;2;253;177;152m▀[0m[38;2;233;172;149m[48;2;255;131;109m▀[0m[38;2;246;166;137m[48;2;217;60;47m▀[0m[38;2;236;127;106m[48;2;155;72;63m▀[0m[38;2;235;181;167m[48;2;132;64;60m▀[0m[38;2;208;179;168m[48;2;168;110;116m▀[0m[38;2;219;118;99m[48;2;195;90;89m▀[0m[38;2;217;163;141m[48;2;246;79;58m▀[0m[38;2;239;176;153m[48;2;255;149;124m▀[0m[38;2;246;193;177m[48;2;253;165;139m▀[0m[38;2;233;198;177m[48;2;244;192;167m▀[0m[38;2;230;190;176m[48;2;243;196;180m▀[0m[38;2;241;195;172m[48;2;236;196;177m▀[0m[38;2;234;193;167m[48;2;233;193;171m▀[0m[38;2;248;198;178m[48;2;231;192;172m▀[0m[38;2;253;204;191m[48;2;237;195;183m▀[0m[38;2;255;210;197m[48;2;239;193;176m▀[0m[38;2;248;196;176m[48;2;197;156;132m▀[0m[38;2;191;149;131m[48;2;245;204;185m▀[0m[38;2;0;0;0m[48;2;0;0;0m▀[0m[38;2;0;0;0m[48;2;0;0;1m▀[0m[38;2;0;1;7m[48;2;115;98;99m▀[0m[38;2;16;18;24m[48;2;101;86;88m▀[0m[38;2;4;7;12m[48;2;48;45;49m▀[0m[38;2;0;3;3m[48;2;57;49;49m▀[0m[38;2;9;10;7m[48;2;54;42;47m▀[0m[38;2;43;38;31m[48;2;18;16;24m▀[0m[38;2;163;127;117m[48;2;0;0;5m▀[0m[38;2;226;181;160m[48;2;0;0;0m▀[0m[38;2;251;205;177m[48;2;0;0;0m▀[0m[38;2;255;217;193m[48;2;1;0;5m▀[0m[38;2;234;195;172m[48;2;0;0;0m▀[0m[38;2;173;142;126m[48;2;0;0;0m▀[0m[38;2;132;99;95m[48;2;0;0;0m▀[0m[38;2;91;59;58m[48;2;0;0;0m▀[0m[38;2;10;3;4m[48;2;3;5;10m▀[0m[38;2;0;0;0m[48;2;46;39;36m▀[0m[38;2;0;3;8m[48;2;54;42;44m▀[0m[38;2;51;45;45m[48;2;54;45;46m▀[0m[38;2;62;58;58m[48;2;71;63;63m▀[0m
[38;2;73;63;63m[48;2;74;64;64m▀[0m[38;2;70;61;59m[48;2;72;63;63m▀[0m[38;2;71;63;62m[48;2;73;64;62m▀[0m[38;2;73;64;62m[48;2;73;65;64m▀[0m[38;2;73;64;62m[48;2;73;64;64m▀[0m[38;2;86;73;70m[48;2;73;64;64m▀[0m[38;2;92;78;78m[48;2;76;64;62m▀[0m[38;2;75;65;61m[48;2;78;69;64m▀[0m[38;2;64;49;51m[48;2;86;74;72m▀[0m[38;2;55;47;47m[48;2;90;75;74m▀[0m[38;2;54;49;52m[48;2;84;72;68m▀[0m[38;2;43;39;42m[48;2;82;70;72m▀[0m[38;2;0;0;0m[48;2;96;82;84m▀[0m[38;2;0;0;0m[48;2;95;83;78m▀[0m[38;2;11;11;12m[48;2;84;82;75m▀[0m[38;2;38;41;42m[48;2;81;74;70m▀[0m[38;2;61;61;58m[48;2;74;66;65m▀[0m[38;2;69;66;61m[48;2;73;63;64m▀[0m[38;2;69;68;57m[48;2;71;66;63m▀[0m[38;2;72;65;64m[48;2;70;65;65m▀[0m[38;2;78;71;72m[48;2;63;57;60m▀[0m[38;2;49;45;45m[48;2;82;66;75m▀[0m[38;2;32;24;24m[48;2;35;29;31m▀[0m[38;2;102;92;97m[48;2;0;0;0m▀[0m[38;2;38;42;50m[48;2;0;0;0m▀[0m[38;2;0;0;0m[48;2;198;157;141m▀[0m[38;2;255;254;224m[48;2;255;252;221m▀[0m[38;2;255;255;231m[48;2;237;205;174m▀[0m[38;2;255;225;199m[48;2;235;196;171m▀[0m[38;2;244;204;181m[48;2;232;199;170m▀[0m[38;2;233;192;168m[48;2;232;192;169m▀[0m[38;2;235;193;168m[48;2;234;192;168m▀[0m[38;2;235;196;177m[48;2;235;195;172m▀[0m[38;2;239;199;172m[48;2;248;196;171m▀[0m[38;2;244;185;157m[48;2;255;185;155m▀[0m[38;2;255;177;144m[48;2;224;91;60m▀[0m[38;2;227;92;74m[48;2;0;0;0m▀[0m[38;2;120;42;33m[48;2;253;255;255m▀[0m[38;2;177;176;173m[48;2;255;255;255m▀[0m[38;2;224;252;250m[48;2;255;255;255m▀[0m[38;2;221;243;237m[48;2;255;255;255m▀[0m[38;2;238;254;250m[48;2;255;255;255m▀[0m[38;2;236;255;255m[48;2;255;255;255m▀[0m[38;2;190;128;123m[48;2;255;255;255m▀[0m[38;2;210;31;0m[48;2;78;114;124m▀[0m[38;2;255;130;92m[48;2;47;0;0m▀[0m[38;2;246;173;153m[48;2;255;144;115m▀[0m[38;2;247;199;170m[48;2;248;183;152m▀[0m[38;2;238;199;177m[48;2;252;196;171m▀[0m[38;2;233;192;168m[48;2;235;198;180m▀[0m[38;2;227;194;167m[48;2;233;198;171m▀[0m[38;2;230;193;170m[48;2;232;195;168m▀[0m[38;2;227;194;173m[48;2;227;193;169m▀[0m[38;2;254;212;191m[48;2;239;197;173m▀[0m[38;2;255;255;237m[48;2;250;208;183m▀[0m[38;2;189;155;140m[48;2;255;249;224m▀[0m[38;2;0;0;0m[48;2;72;50;46m▀[0m[38;2;87;81;79m[48;2;0;0;0m▀[0m[38;2;97;87;85m[48;2;3;8;19m▀[0m[38;2;31;28;34m[48;2;57;57;58m▀[0m[38;2;76;68;64m[48;2;82;73;71m▀[0m[38;2;72;60;63m[48;2;79;71;69m▀[0m[38;2;77;65;69m[48;2;71;63;68m▀[0m[38;2;86;72;71m[48;2;75;66;66m▀[0m[38;2;73;71;65m[48;2;71;69;66m▀[0m[38;2;68;65;60m[48;2;76;69;68m▀[0m[38;2;65;59;62m[48;2;76;68;65m▀[0m[38;2;71;71;71m[48;2;75;69;65m▀[0m[38;2;81;82;74m[48;2;74;68;63m▀[0m[38;2;73;69;64m[48;2;82;77;68m▀[0m[38;2;79;77;71m[48;2;79;75;65m▀[0m[38;2;83;71;71m[48;2;76;75;65m▀[0m[38;2;70;61;58m[48;2;83;69;72m▀[0m[38;2;73;64;68m[48;2;82;70;63m▀[0m[38;2;82;73;74m[48;2;77;68;64m▀[0m[38;2;78;70;68m[48;2;77;68;65m▀[0m
[38;2;74;65;63m[48;2;75;65;65m▀[0m[38;2;74;65;63m[48;2;75;66;64m▀[0m[38;2;74;65;63m[48;2;75;66;63m▀[0m[38;2;74;65;63m[48;2;75;66;64m▀[0m[38;2;72;64;61m[48;2;73;64;64m▀[0m[38;2;72;63;63m[48;2;73;64;64m▀[0m[38;2;73;63;64m[48;2;71;63;64m▀[0m[38;2;72;65;62m[48;2;73;64;65m▀[0m[38;2;73;69;64m[48;2;74;66;65m▀[0m[38;2;77;69;64m[48;2;74;68;63m▀[0m[38;2;74;63;71m[48;2;75;65;63m▀[0m[38;2;73;65;64m[48;2;76;64;66m▀[0m[38;2;74;64;69m[48;2;77;65;65m▀[0m[38;2;74;66;70m[48;2;74;72;65m▀[0m[38;2;74;72;65m[48;2;77;71;65m▀[0m[38;2;74;72;65m[48;2;73;71;69m▀[0m[38;2;73;71;69m[48;2;78;71;71m▀[0m[38;2;72;64;64m[48;2;91;85;87m▀[0m[38;2;86;72;83m[48;2;50;48;55m▀[0m[38;2;84;78;86m[48;2;0;0;0m▀[0m[38;2;44;39;44m[48;2;0;0;0m▀[0m[38;2;35;35;48m[48;2;0;2;0m▀[0m[38;2;0;0;1m[48;2;145;116;99m▀[0m[38;2;1;0;0m[48;2;255;244;208m▀[0m[38;2;197;155;135m[48;2;255;244;217m▀[0m[38;2;255;255;230m[48;2;255;213;196m▀[0m[38;2;250;211;189m[48;2;245;206;183m▀[0m[38;2;237;203;174m[48;2;234;195;170m▀[0m[38;2;234;195;172m[48;2;235;196;174m▀[0m[38;2;235;196;174m[48;2;235;195;176m▀[0m[38;2;232;193;170m[48;2;235;194;173m▀[0m[38;2;234;192;168m[48;2;236;195;178m▀[0m[38;2;244;199;178m[48;2;250;198;173m▀[0m[38;2;255;196;166m[48;2;255;180;144m▀[0m[38;2;253;128;100m[48;2;183;82;61m▀[0m[38;2;103;4;0m[48;2;65;0;2m▀[0m[38;2;154;144;147m[48;2;243;255;255m▀[0m[38;2;255;255;255m[48;2;255;255;255m▀[0m[38;2;255;255;255m[48;2;255;255;255m▀[0m[38;2;231;245;243m[48;2;74;42;39m▀[0m[38;2;0;0;0m[48;2;0;0;0m▀[0m[38;2;255;255;255m[48;2;254;255;255m▀[0m[38;2;255;255;255m[48;2;255;255;255m▀[0m[38;2;255;255;255m[48;2;136;98;90m▀[0m[38;2;255;255;255m[48;2;235;226;224m▀[0m[38;2;32;86;95m[48;2;255;255;255m▀[0m[38;2;57;0;0m[48;2;18;43;49m▀[0m[38;2;255;162;137m[48;2;216;87;62m▀[0m[38;2;248;190;166m[48;2;255;191;165m▀[0m[38;2;239;201;187m[48;2;236;201;177m▀[0m[38;2;233;197;179m[48;2;232;198;178m▀[0m[38;2;232;193;171m[48;2;234;195;176m▀[0m[38;2;233;194;172m[48;2;233;196;177m▀[0m[38;2;235;198;171m[48;2;233;196;177m▀[0m[38;2;238;201;177m[48;2;237;197;179m▀[0m[38;2;255;213;195m[48;2;244;204;181m▀[0m[38;2;255;252;223m[48;2;251;212;187m▀[0m[38;2;173;131;115m[48;2;255;249;220m▀[0m[38;2;1;0;2m[48;2;255;237;210m▀[0m[38;2;0;0;6m[48;2;224;184;167m▀[0m[38;2;0;3;7m[48;2;165;135;122m▀[0m[38;2;33;35;41m[48;2;18;18;16m▀[0m[38;2;85;77;76m[48;2;0;0;0m▀[0m[38;2;79;72;76m[48;2;59;54;61m▀[0m[38;2;72;68;64m[48;2;78;79;73m▀[0m[38;2;74;66;65m[48;2;79;73;69m▀[0m[38;2;76;68;65m[48;2;83;71;69m▀[0m[38;2;83;71;69m[48;2;83;74;70m▀[0m[38;2;76;68;65m[48;2;76;66;66m▀[0m[38;2;76;66;66m[48;2;75;66;66m▀[0m[38;2;76;69;65m[48;2;77;69;66m▀[0m[38;2;74;68;64m[48;2;75;68;64m▀[0m[38;2;74;65;63m[48;2;76;69;65m▀[0m[38;2;77;68;64m[48;2;77;71;68m▀[0m[38;2;77;69;64m[48;2;76;70;65m▀[0m[38;2;77;68;65m[48;2;79;68;64m▀[0m
[38;2;73;64;62m[48;2;73;64;62m▀[0m[38;2;74;64;62m[48;2;72;63;61m▀[0m[38;2;74;65;62m[48;2;73;64;62m▀[0m[38;2;75;65;63m[48;2;76;66;63m▀[0m[38;2;75;68;64m[48;2;76;68;64m▀[0m[38;2;74;65;62m[48;2;74;65;63m▀[0m[38;2;71;64;61m[48;2;72;64;61m▀[0m[38;2;72;64;64m[48;2;72;63;61m▀[0m[38;2;75;65;65m[48;2;73;64;64m▀[0m[38;2;74;66;65m[48;2;74;65;63m▀[0m[38;2;75;68;63m[48;2;74;65;63m▀[0m[38;2;74;65;63m[48;2;75;66;62m▀[0m[38;2;75;65;65m[48;2;78;69;61m▀[0m[38;2;77;65;63m[48;2;79;75;74m▀[0m[38;2;81;74;66m[48;2;76;69;70m▀[0m[38;2;86;82;78m[48;2;24;27;27m▀[0m[38;2;78;71;81m[48;2;0;0;0m▀[0m[38;2;0;0;0m[48;2;21;14;10m▀[0m[38;2;0;0;0m[48;2;255;209;187m▀[0m[38;2;82;68;56m[48;2;255;255;246m▀[0m[38;2;237;191;164m[48;2;255;241;218m▀[0m[38;2;255;251;221m[48;2;254;216;194m▀[0m[38;2;255;255;227m[48;2;243;208;186m▀[0m[38;2;255;224;196m[48;2;245;205;185m▀[0m[38;2;243;208;181m[48;2;237;200;179m▀[0m[38;2;244;201;181m[48;2;235;196;174m▀[0m[38;2;238;196;179m[48;2;235;196;177m▀[0m[38;2;232;197;172m[48;2;235;196;174m▀[0m[38;2;236;196;174m[48;2;236;195;173m▀[0m[38;2;236;195;173m[48;2;236;195;174m▀[0m[38;2;235;196;177m[48;2;234;197;178m▀[0m[38;2;237;201;184m[48;2;234;198;179m▀[0m[38;2;255;199;168m[48;2;255;212;183m▀[0m[38;2;255;163;120m[48;2;198;154;132m▀[0m[38;2;0;0;0m[48;2;7;0;0m▀[0m[38;2;125;116;120m[48;2;255;255;255m▀[0m[38;2;255;255;255m[48;2;255;255;255m▀[0m[38;2;255;255;255m[48;2;11;0;0m▀[0m[38;2;255;255;255m[48;2;244;244;232m▀[0m[38;2;0;0;0m[48;2;110;48;47m▀[0m[38;2;0;0;0m[48;2;0;0;0m▀[0m[38;2;237;253;253m[48;2;228;238;236m▀[0m[38;2;255;255;255m[48;2;255;255;255m▀[0m[38;2;19;0;0m[48;2;37;0;0m▀[0m[38;2;1;0;0m[48;2;0;0;0m▀[0m[38;2;255;255;255m[48;2;122;128;132m▀[0m[38;2;255;255;255m[48;2;255;255;255m▀[0m[38;2;210;156;137m[48;2;217;216;210m▀[0m[38;2;255;174;150m[48;2;226;170;137m▀[0m[38;2;245;203;184m[48;2;255;216;196m▀[0m[38;2;233;197;178m[48;2;236;199;180m▀[0m[38;2;234;197;180m[48;2;233;196;174m▀[0m[38;2;233;196;177m[48;2;235;196;177m▀[0m[38;2;233;196;177m[48;2;234;197;176m▀[0m[38;2;234;197;176m[48;2;234;197;172m▀[0m[38;2;238;198;172m[48;2;233;198;174m▀[0m[38;2;240;199;183m[48;2;234;196;183m▀[0m[38;2;246;205;186m[48;2;235;198;179m▀[0m[38;2;255;218;192m[48;2;232;200;180m▀[0m[38;2;255;235;201m[48;2;239;203;174m▀[0m[38;2;255;251;225m[48;2;246;205;184m▀[0m[38;2;255;255;235m[48;2;255;218;196m▀[0m[38;2;155;123;113m[48;2;255;255;230m▀[0m[38;2;0;0;0m[48;2;237;193;172m▀[0m[38;2;0;0;0m[48;2;0;0;0m▀[0m[38;2;74;63;71m[48;2;0;0;0m▀[0m[38;2;95;90;86m[48;2;10;15;14m▀[0m[38;2;84;79;75m[48;2;76;75;73m▀[0m[38;2;78;72;71m[48;2;86;72;71m▀[0m[38;2;77;69;66m[48;2;75;65;63m▀[0m[38;2;76;69;68m[48;2;76;64;64m▀[0m[38;2;76;69;65m[48;2;76;64;64m▀[0m[38;2;75;69;65m[48;2;76;68;64m▀[0m[38;2;76;70;69m[48;2;76;69;68m▀[0m[38;2;77;71;68m[48;2;75;68;66m▀[0m[38;2;76;69;65m[48;2;76;68;64m▀[0m
[38;2;73;63;63m[48;2;72;63;63m▀[0m[38;2;71;63;63m[48;2;71;64;64m▀[0m[38;2;72;63;63m[48;2;70;63;63m▀[0m[38;2;76;64;62m[48;2;73;63;63m▀[0m[38;2;75;66;64m[48;2;74;64;62m▀[0m[38;2;72;64;63m[48;2;72;64;63m▀[0m[38;2;68;61;57m[48;2;68;61;61m▀[0m[38;2;68;61;61m[48;2;68;65;63m▀[0m[38;2;73;61;63m[48;2;75;66;64m▀[0m[38;2;76;64;64m[48;2;81;68;64m▀[0m[38;2;75;63;65m[48;2;76;68;65m▀[0m[38;2;73;71;64m[48;2;77;74;74m▀[0m[38;2;83;75;71m[48;2;90;88;81m▀[0m[38;2;83;75;79m[48;2;71;66;65m▀[0m[38;2;0;0;0m[48;2;0;0;0m▀[0m[38;2;0;0;0m[48;2;20;14;12m▀[0m[38;2;78;60;50m[48;2;255;255;255m▀[0m[38;2;255;255;248m[48;2;255;251;222m▀[0m[38;2;255;247;222m[48;2;252;216;193m▀[0m[38;2;249;212;190m[48;2;246;209;182m▀[0m[38;2;245;208;186m[48;2;237;198;172m▀[0m[38;2;241;203;181m[48;2;235;195;173m▀[0m[38;2;236;201;178m[48;2;235;195;176m▀[0m[38;2;234;197;176m[48;2;234;195;173m▀[0m[38;2;235;196;174m[48;2;233;196;177m▀[0m[38;2;232;197;172m[48;2;232;197;172m▀[0m[38;2;234;195;172m[48;2;234;195;172m▀[0m[38;2;235;195;176m[48;2;234;194;172m▀[0m[38;2;235;194;172m[48;2;235;195;176m▀[0m[38;2;235;195;176m[48;2;236;196;174m▀[0m[38;2;235;196;177m[48;2;236;199;171m▀[0m[38;2;232;191;162m[48;2;233;185;156m▀[0m[38;2;255;235;210m[48;2;255;255;245m▀[0m[38;2;154;163;165m[48;2;180;192;198m▀[0m[38;2;226;234;239m[48;2;255;255;255m▀[0m[38;2;255;255;255m[48;2;255;255;255m▀[0m[38;2;220;232;228m[48;2;106;62;64m▀[0m[38;2;19;0;0m[48;2;19;0;0m▀[0m[38;2;57;0;0m[48;2;0;0;0m▀[0m[38;2;255;255;255m[48;2;159;140;137m▀[0m[38;2;111;68;66m[48;2;255;255;255m▀[0m[38;2;255;255;255m[48;2;255;255;255m▀[0m[38;2;255;255;255m[48;2;172;131;125m▀[0m[38;2;15;0;0m[48;2;25;0;0m▀[0m[38;2;58;11;15m[48;2;72;49;54m▀[0m[38;2;0;0;0m[48;2;88;59;59m▀[0m[38;2;7;0;3m[48;2;7;0;0m▀[0m[38;2;154;172;178m[48;2;74;71;77m▀[0m[38;2;189;146;122m[48;2;199;194;182m▀[0m[38;2;255;223;192m[48;2;255;212;178m▀[0m[38;2;233;193;171m[48;2;238;194;172m▀[0m[38;2;236;195;173m[48;2;236;195;174m▀[0m[38;2;236;194;173m[48;2;235;194;172m▀[0m[38;2;235;195;176m[48;2;234;195;173m▀[0m[38;2;233;196;171m[48;2;235;195;176m▀[0m[38;2;232;195;172m[48;2;232;195;173m▀[0m[38;2;231;194;176m[48;2;224;191;164m▀[0m[38;2;232;195;177m[48;2;232;195;173m▀[0m[38;2;234;195;177m[48;2;235;195;176m▀[0m[38;2;238;194;173m[48;2;236;195;174m▀[0m[38;2;236;196;177m[48;2;234;195;173m▀[0m[38;2;239;203;181m[48;2;239;199;180m▀[0m[38;2;243;203;180m[48;2;252;211;185m▀[0m[38;2;255;255;228m[48;2;255;220;192m▀[0m[38;2;241;199;179m[48;2;255;255;255m▀[0m[38;2;0;0;0m[48;2;208;174;166m▀[0m[38;2;0;0;0m[48;2;0;0;0m▀[0m[38;2;51;45;44m[48;2;3;2;2m▀[0m[38;2;101;86;82m[48;2;106;95;97m▀[0m[38;2;81;69;69m[48;2;88;74;74m▀[0m[38;2;73;63;63m[48;2;78;69;66m▀[0m[38;2;74;58;60m[48;2;73;65;64m▀[0m[38;2;76;66;64m[48;2;75;66;64m▀[0m[38;2;76;68;65m[48;2;77;68;65m▀[0m[38;2;74;66;63m[48;2;75;68;64m▀[0m[38;2;75;66;63m[48;2;74;66;65m▀[0m
[38;2;74;65;65m[48;2;76;64;66m▀[0m[38;2;73;64;62m[48;2;77;65;63m▀[0m[38;2;71;63;62m[48;2;74;65;62m▀[0m[38;2;73;63;61m[48;2;72;62;60m▀[0m[38;2;73;64;62m[48;2;72;63;61m▀[0m[38;2;75;63;63m[48;2;79;62;66m▀[0m[38;2;76;61;63m[48;2;79;62;66m▀[0m[38;2;75;71;64m[48;2;81;72;68m▀[0m[38;2;77;75;68m[48;2;85;73;75m▀[0m[38;2;78;72;69m[48;2;78;71;71m▀[0m[38;2;77;73;69m[48;2;78;70;71m▀[0m[38;2;88;79;81m[48;2;108;93;96m▀[0m[38;2;104;100;96m[48;2;62;55;55m▀[0m[38;2;12;15;12m[48;2;0;0;0m▀[0m[38;2;0;0;0m[48;2;0;0;0m▀[0m[38;2;34;28;27m[48;2;0;0;0m▀[0m[38;2;255;247;230m[48;2;0;0;0m▀[0m[38;2;255;255;255m[48;2;56;27;18m▀[0m[38;2;255;235;218m[48;2;231;179;154m▀[0m[38;2;244;203;186m[48;2;255;247;225m▀[0m[38;2;239;197;172m[48;2;255;224;210m▀[0m[38;2;239;203;170m[48;2;249;203;182m▀[0m[38;2;235;194;169m[48;2;244;199;171m▀[0m[38;2;234;193;164m[48;2;243;198;173m▀[0m[38;2;235;197;181m[48;2;241;200;184m▀[0m[38;2;236;196;182m[48;2;243;199;186m▀[0m[38;2;236;196;177m[48;2;238;198;173m▀[0m[38;2;233;191;169m[48;2;234;195;172m▀[0m[38;2;235;190;170m[48;2;235;195;176m▀[0m[38;2;238;193;170m[48;2;239;193;172m▀[0m[38;2;238;198;172m[48;2;235;177;146m▀[0m[38;2;248;195;168m[48;2;255;255;255m▀[0m[38;2;255;255;255m[48;2;255;255;255m▀[0m[38;2;61;86;92m[48;2;45;1;5m▀[0m[38;2;255;255;255m[48;2;6;0;0m▀[0m[38;2;255;255;255m[48;2;20;0;0m▀[0m[38;2;0;0;0m[48;2;39;0;0m▀[0m[38;2;76;37;33m[48;2;96;71;68m▀[0m[38;2;28;0;0m[48;2;34;0;0m▀[0m[38;2;135;101;98m[48;2;133;113;109m▀[0m[38;2;255;255;255m[48;2;255;255;255m▀[0m[38;2;255;255;255m[48;2;218;210;206m▀[0m[38;2;72;29;35m[48;2;45;0;0m▀[0m[38;2;38;0;0m[48;2;52;0;0m▀[0m[38;2;77;28;29m[48;2;50;0;0m▀[0m[38;2;71;3;1m[48;2;73;5;2m▀[0m[38;2;45;0;0m[48;2;60;0;0m▀[0m[38;2;0;0;0m[48;2;0;0;0m▀[0m[38;2;255;255;255m[48;2;255;255;255m▀[0m[38;2;255;218;190m[48;2;255;243;218m▀[0m[38;2;239;198;172m[48;2;246;192;169m▀[0m[38;2;235;196;173m[48;2;239;196;179m▀[0m[38;2;236;195;174m[48;2;243;200;177m▀[0m[38;2;235;195;173m[48;2;239;203;181m▀[0m[38;2;235;195;176m[48;2;241;199;183m▀[0m[38;2;234;194;177m[48;2;240;200;183m▀[0m[38;2;230;193;174m[48;2;243;197;185m▀[0m[38;2;233;194;174m[48;2;239;198;178m▀[0m[38;2;232;195;173m[48;2;234;201;172m▀[0m[38;2;239;198;177m[48;2;246;205;184m▀[0m[38;2;246;204;182m[48;2;255;220;199m▀[0m[38;2;251;210;189m[48;2;255;254;233m▀[0m[38;2;255;221;196m[48;2;255;255;236m▀[0m[38;2;255;255;244m[48;2;238;197;186m▀[0m[38;2;255;255;255m[48;2;64;50;50m▀[0m[38;2;205;178;166m[48;2;0;0;0m▀[0m[38;2;0;0;0m[48;2;0;0;0m▀[0m[38;2;0;0;0m[48;2;0;0;0m▀[0m[38;2;58;55;55m[48;2;0;0;0m▀[0m[38;2;104;92;92m[48;2;87;79;79m▀[0m[38;2;81;71;72m[48;2;96;86;89m▀[0m[38;2;84;70;72m[48;2;75;68;66m▀[0m[38;2;79;72;68m[48;2;86;78;74m▀[0m[38;2;78;66;69m[48;2;93;86;87m▀[0m[38;2;76;68;65m[48;2;76;73;73m▀[0m[38;2;76;68;65m[48;2;77;69;69m▀[0m
[38;2;74;64;65m[48;2;76;66;64m▀[0m[38;2;75;66;63m[48;2;76;68;64m▀[0m[38;2;74;66;63m[48;2;75;71;64m▀[0m[38;2;77;65;62m[48;2;82;75;70m▀[0m[38;2;78;71;63m[48;2;96;87;83m▀[0m[38;2;87;81;77m[48;2;66;60;57m▀[0m[38;2;92;78;78m[48;2;11;8;10m▀[0m[38;2;72;62;62m[48;2;43;39;43m▀[0m[38;2;48;39;39m[48;2;78;74;76m▀[0m[38;2;56;49;46m[48;2;103;99;101m▀[0m[38;2;103;95;95m[48;2;15;11;15m▀[0m[38;2;62;54;57m[48;2;0;0;0m▀[0m[38;2;0;0;0m[48;2;0;0;0m▀[0m[38;2;0;0;0m[48;2;0;0;0m▀[0m[38;2;0;0;0m[48;2;0;0;0m▀[0m[38;2;0;0;0m[48;2;0;0;0m▀[0m[38;2;88;96;105m[48;2;255;255;255m▀[0m[38;2;92;111;113m[48;2;255;255;255m▀[0m[38;2;0;0;0m[48;2;255;255;255m▀[0m[38;2;23;0;0m[48;2;135;154;155m▀[0m[38;2;204;149;135m[48;2;0;0;0m▀[0m[38;2;255;237;209m[48;2;0;0;0m▀[0m[38;2;255;244;222m[48;2;89;49;37m▀[0m[38;2;255;231;203m[48;2;191;141;117m▀[0m[38;2;255;216;203m[48;2;240;194;170m▀[0m[38;2;248;206;197m[48;2;255;221;194m▀[0m[38;2;245;205;182m[48;2;255;224;199m▀[0m[38;2;240;200;169m[48;2;255;227;200m▀[0m[38;2;244;205;182m[48;2;246;186;160m▀[0m[38;2;245;186;166m[48;2;253;226;213m▀[0m[38;2;255;255;243m[48;2;255;255;255m▀[0m[38;2;255;255;255m[48;2;238;251;254m▀[0m[38;2;65;31;25m[48;2;9;11;12m▀[0m[38;2;112;15;0m[48;2;0;0;0m▀[0m[38;2;23;0;0m[48;2;41;3;15m▀[0m[38;2;62;0;0m[48;2;83;0;0m▀[0m[38;2;73;31;28m[48;2;84;49;49m▀[0m[38;2;99;74;72m[48;2;91;69;70m▀[0m[38;2;33;0;0m[48;2;32;0;0m▀[0m[38;2;166;159;155m[48;2;151;143;142m▀[0m[38;2;255;255;255m[48;2;255;255;255m▀[0m[38;2;42;0;0m[48;2;0;0;0m▀[0m[38;2;58;0;0m[48;2;25;0;0m▀[0m[38;2;52;0;0m[48;2;61;0;0m▀[0m[38;2;72;10;8m[48;2;95;70;71m▀[0m[38;2;105;105;103m[48;2;97;95;92m▀[0m[38;2;91;25;24m[48;2;98;60;58m▀[0m[38;2;0;0;0m[48;2;0;0;0m▀[0m[38;2;218;252;255m[48;2;29;49;50m▀[0m[38;2;255;255;255m[48;2;253;255;255m▀[0m[38;2;233;174;141m[48;2;82;65;57m▀[0m[38;2;255;238;210m[48;2;113;71;54m▀[0m[38;2;255;216;191m[48;2;228;174;160m▀[0m[38;2;253;209;189m[48;2;255;224;198m▀[0m[38;2;252;210;192m[48;2;255;217;191m▀[0m[38;2;255;213;193m[48;2;255;209;186m▀[0m[38;2;255;222;200m[48;2;225;178;155m▀[0m[38;2;255;234;210m[48;2;151;114;91m▀[0m[38;2;255;245;220m[48;2;78;49;34m▀[0m[38;2;255;244;222m[48;2;0;0;0m▀[0m[38;2;248;194;173m[48;2;0;0;0m▀[0m[38;2;131;96;87m[48;2;66;78;83m▀[0m[38;2;0;0;0m[48;2;0;0;0m▀[0m[38;2;0;0;0m[48;2;0;0;0m▀[0m[38;2;0;0;0m[48;2;0;0;0m▀[0m[38;2;0;0;0m[48;2;0;0;0m▀[0m[38;2;0;0;0m[48;2;0;0;0m▀[0m[38;2;0;0;0m[48;2;0;0;0m▀[0m[38;2;0;0;0m[48;2;0;0;0m▀[0m[38;2;0;0;0m[48;2;39;43;39m▀[0m[38;2;84;70;72m[48;2;0;0;0m▀[0m[38;2;75;66;64m[48;2;77;70;66m▀[0m[38;2;19;19;17m[48;2;97;82;84m▀[0m[38;2;36;33;35m[48;2;62;55;51m▀[0m[38;2;83;74;75m[48;2;15;14;14m▀[0m[38;2;96;86;86m[48;2;64;55;55m▀[0m
[38;2;77;68;64m[48;2;75;68;66m▀[0m[38;2;81;68;64m[48;2;74;66;65m▀[0m[38;2;77;70;66m[48;2;86;76;74m▀[0m[38;2;95;88;81m[48;2;95;90;86m▀[0m[38;2;77;73;72m[48;2;0;0;0m▀[0m[38;2;0;0;0m[48;2;0;0;0m▀[0m[38;2;52;50;55m[48;2;10;12;17m▀[0m[38;2;117;112;122m[48;2;0;0;0m▀[0m[38;2;75;68;75m[48;2;0;0;0m▀[0m[38;2;0;0;0m[48;2;89;87;91m▀[0m[38;2;4;7;8m[48;2;126;128;129m▀[0m[38;2;132;135;132m[48;2;187;191;191m▀[0m[38;2;0;0;0m[48;2;244;244;241m▀[0m[38;2;0;0;0m[48;2;226;230;226m▀[0m[38;2;0;0;0m[48;2;122;122;122m▀[0m[38;2;0;0;0m[48;2;0;0;0m▀[0m[38;2;255;255;255m[48;2;231;231;231m▀[0m[38;2;255;255;255m[48;2;255;255;255m▀[0m[38;2;255;255;255m[48;2;255;255;255m▀[0m[38;2;255;255;255m[48;2;255;255;255m▀[0m[38;2;255;255;255m[48;2;255;255;255m▀[0m[38;2;210;224;232m[48;2;255;255;255m▀[0m[38;2;78;93;99m[48;2;255;255;255m▀[0m[38;2;0;0;0m[48;2;222;234;231m▀[0m[38;2;10;8;6m[48;2;255;255;255m▀[0m[38;2;19;6;0m[48;2;255;255;255m▀[0m[38;2;22;6;0m[48;2;232;247;252m▀[0m[38;2;0;0;0m[48;2;213;226;235m▀[0m[38;2;0;0;0m[48;2;150;163;147m▀[0m[38;2;235;255;255m[48;2;255;255;255m▀[0m[38;2;255;255;255m[48;2;194;204;204m▀[0m[38;2;167;173;178m[48;2;255;255;255m▀[0m[38;2;255;255;255m[48;2;255;255;255m▀[0m[38;2;101;127;126m[48;2;73;88;89m▀[0m[38;2;19;0;0m[48;2;29;0;0m▀[0m[38;2;95;0;0m[48;2;90;0;0m▀[0m[38;2;90;68;69m[48;2;105;83;81m▀[0m[38;2;92;72;71m[48;2;103;74;73m▀[0m[38;2;37;11;12m[48;2;41;20;15m▀[0m[38;2;119;112;113m[48;2;108;108;105m▀[0m[38;2;255;255;255m[48;2;255;255;255m▀[0m[38;2;65;33;29m[48;2;206;217;209m▀[0m[38;2;0;0;0m[48;2;0;0;0m▀[0m[38;2;87;11;12m[48;2;96;48;47m▀[0m[38;2;97;90;86m[48;2;95;90;86m▀[0m[38;2;100;79;76m[48;2;105;81;81m▀[0m[38;2;112;90;83m[48;2;124;101;99m▀[0m[38;2;0;0;0m[48;2;0;0;0m▀[0m[38;2;168;176;174m[48;2;192;189;189m▀[0m[38;2;233;237;236m[48;2;255;255;255m▀[0m[38;2;255;255;255m[48;2;224;218;214m▀[0m[38;2;93;105;109m[48;2;255;255;255m▀[0m[38;2;0;0;0m[48;2;231;239;237m▀[0m[38;2;0;0;0m[48;2;182;198;198m▀[0m[38;2;0;0;0m[48;2;255;255;255m▀[0m[38;2;0;0;0m[48;2;255;255;255m▀[0m[38;2;0;2;4m[48;2;255;255;255m▀[0m[38;2;30;39;42m[48;2;255;255;255m▀[0m[38;2;99;108;112m[48;2;255;255;255m▀[0m[38;2;189;200;197m[48;2;255;255;255m▀[0m[38;2;255;255;255m[48;2;255;255;255m▀[0m[38;2;255;255;255m[48;2;255;255;255m▀[0m[38;2;196;196;193m[48;2;127;115;111m▀[0m[38;2;0;0;0m[48;2;0;0;0m▀[0m[38;2;0;0;0m[48;2;185;185;185m▀[0m[38;2;0;0;0m[48;2;255;255;255m▀[0m[38;2;74;77;77m[48;2;255;255;255m▀[0m[38;2;255;255;255m[48;2;143;142;140m▀[0m[38;2;255;255;255m[48;2;39;39;41m▀[0m[38;2;171;172;169m[48;2;106;110;112m▀[0m[38;2;0;0;0m[48;2;254;255;255m▀[0m[38;2;0;0;0m[48;2;35;38;39m▀[0m[38;2;31;28;28m[48;2;0;0;0m▀[0m[38;2;100;88;88m[48;2;0;0;0m▀[0m[38;2;47;41;44m[48;2;3;2;2m▀[0m[38;2;0;0;0m[48;2;4;4;5m▀[0m
[38;2;75;68;66m[48;2;77;70;69m▀[0m[38;2;77;68;69m[48;2;90;82;79m▀[0m[38;2;103;96;95m[48;2;77;71;71m▀[0m[38;2;33;29;32m[48;2;0;0;0m▀[0m[38;2;0;0;0m[48;2;34;31;31m▀[0m[38;2;0;0;0m[48;2;0;0;0m▀[0m[38;2;0;0;0m[48;2;0;0;0m▀[0m[38;2;0;0;0m[48;2;69;71;69m▀[0m[38;2;0;0;0m[48;2;0;0;0m▀[0m[38;2;100;98;101m[48;2;0;0;0m▀[0m[38;2;205;203;207m[48;2;0;0;0m▀[0m[38;2;195;195;199m[48;2;0;0;0m▀[0m[38;2;162;162;166m[48;2;103;100;104m▀[0m[38;2;177;180;180m[48;2;201;198;205m▀[0m[38;2;217;220;216m[48;2;217;217;218m▀[0m[38;2;214;213;213m[48;2;195;194;194m▀[0m[38;2;24;24;22m[48;2;206;208;206m▀[0m[38;2;0;0;0m[48;2;37;34;36m▀[0m[38;2;0;0;0m[48;2;0;0;0m▀[0m[38;2;231;234;231m[48;2;238;241;241m▀[0m[38;2;255;255;255m[48;2;255;255;255m▀[0m[38;2;255;255;255m[48;2;255;255;255m▀[0m[38;2;255;255;255m[48;2;255;255;255m▀[0m[38;2;169;171;159m[48;2;236;236;230m▀[0m[38;2;255;255;255m[48;2;201;207;199m▀[0m[38;2;255;255;255m[48;2;255;255;255m▀[0m[38;2;255;255;255m[48;2;255;255;255m▀[0m[38;2;255;255;255m[48;2;255;255;255m▀[0m[38;2;255;255;255m[48;2;255;255;255m▀[0m[38;2;185;191;174m[48;2;255;255;251m▀[0m[38;2;255;255;255m[48;2;166;173;169m▀[0m[38;2;255;255;255m[48;2;204;204;205m▀[0m[38;2;255;255;255m[48;2;255;255;255m▀[0m[38;2;69;85;86m[48;2;63;78;81m▀[0m[38;2;38;0;0m[48;2;56;12;15m▀[0m[38;2;90;6;3m[48;2;96;0;0m▀[0m[38;2;102;83;83m[48;2;90;70;62m▀[0m[38;2;104;76;75m[48;2;105;93;89m▀[0m[38;2;47;25;20m[48;2;68;36;38m▀[0m[38;2;97;99;97m[48;2;173;169;166m▀[0m[38;2;255;255;255m[48;2;255;255;255m▀[0m[38;2;255;255;255m[48;2;255;255;255m▀[0m[38;2;47;0;0m[48;2;152;138;137m▀[0m[38;2;72;34;32m[48;2;28;0;0m▀[0m[38;2;104;88;84m[48;2;109;89;90m▀[0m[38;2;102;81;76m[48;2;101;75;75m▀[0m[38;2;123;103;99m[48;2;127;102;95m▀[0m[38;2;0;0;0m[48;2;0;0;0m▀[0m[38;2;142;133;133m[48;2;126;130;126m▀[0m[38;2;255;255;255m[48;2;255;255;255m▀[0m[38;2;235;235;230m[48;2;151;159;159m▀[0m[38;2;180;187;185m[48;2;147;159;168m▀[0m[38;2;152;165;172m[48;2;255;255;255m▀[0m[38;2;255;255;255m[48;2;255;255;255m▀[0m[38;2;255;255;255m[48;2;255;255;255m▀[0m[38;2;255;255;255m[48;2;221;218;220m▀[0m[38;2;238;238;235m[48;2;255;255;255m▀[0m[38;2;255;255;255m[48;2;255;255;255m▀[0m[38;2;255;255;255m[48;2;255;255;255m▀[0m[38;2;255;255;255m[48;2;255;255;255m▀[0m[38;2;255;255;255m[48;2;255;255;255m▀[0m[38;2;249;249;249m[48;2;255;255;255m▀[0m[38;2;0;0;0m[48;2;0;0;0m▀[0m[38;2;255;255;255m[48;2;0;0;0m▀[0m[38;2;246;248;248m[48;2;174;173;170m▀[0m[38;2;100;102;102m[48;2;233;233;233m▀[0m[38;2;59;59;61m[48;2;222;222;222m▀[0m[38;2;167;168;165m[48;2;87;83;86m▀[0m[38;2;255;255;255m[48;2;0;0;0m▀[0m[38;2;207;207;209m[48;2;0;0;0m▀[0m[38;2;17;17;18m[48;2;0;0;0m▀[0m[38;2;0;0;0m[48;2;193;195;196m▀[0m[38;2;0;0;0m[48;2;212;212;213m▀[0m[38;2;0;0;0m[48;2;0;0;0m▀[0m[38;2;0;0;0m[48;2;0;0;0m▀[0m[38;2;0;0;1m[48;2;0;0;0m▀[0m
[38;2;78;71;68m[48;2;89;75;75m▀[0m[38;2;96;88;85m[48;2;58;50;50m▀[0m[38;2;10;10;11m[48;2;35;32;32m▀[0m[38;2;58;48;45m[48;2;82;68;68m▀[0m[38;2;16;14;11m[48;2;0;0;0m▀[0m[38;2;0;0;0m[48;2;0;0;0m▀[0m[38;2;46;45;45m[48;2;47;47;48m▀[0m[38;2;147;146;144m[48;2;138;140;140m▀[0m[38;2;206;205;203m[48;2;109;109;109m▀[0m[38;2;156;155;153m[48;2;126;126;126m▀[0m[38;2;30;27;29m[48;2;201;198;198m▀[0m[38;2;0;0;0m[48;2;212;209;209m▀[0m[38;2;0;0;0m[48;2;141;138;141m▀[0m[38;2;0;0;0m[48;2;31;31;31m▀[0m[38;2;0;0;0m[48;2;0;0;0m▀[0m[38;2;66;62;69m[48;2;0;0;0m▀[0m[38;2;181;180;181m[48;2;0;0;0m▀[0m[38;2;124;120;123m[48;2;0;0;0m▀[0m[38;2;0;0;0m[48;2;38;38;38m▀[0m[38;2;255;255;255m[48;2;255;255;255m▀[0m[38;2;255;255;255m[48;2;255;255;255m▀[0m[38;2;255;255;255m[48;2;255;255;255m▀[0m[38;2;255;255;255m[48;2;255;255;255m▀[0m[38;2;255;255;255m[48;2;255;255;255m▀[0m[38;2;213;217;212m[48;2;255;255;255m▀[0m[38;2;248;247;248m[48;2;222;224;222m▀[0m[38;2;255;255;255m[48;2;221;224;221m▀[0m[38;2;255;255;255m[48;2;255;255;255m▀[0m[38;2;255;255;255m[48;2;255;255;255m▀[0m[38;2;255;255;255m[48;2;255;255;255m▀[0m[38;2;255;255;255m[48;2;255;255;255m▀[0m[38;2;249;255;252m[48;2;255;255;255m▀[0m[38;2;255;255;255m[48;2;255;255;255m▀[0m[38;2;59;69;66m[48;2;98;108;106m▀[0m[38;2;25;0;0m[48;2;0;0;0m▀[0m[38;2;99;0;0m[48;2;60;0;0m▀[0m[38;2;73;0;0m[48;2;78;16;10m▀[0m[38;2;123;104;98m[48;2;102;58;54m▀[0m[38;2;54;33;33m[48;2;0;0;0m▀[0m[38;2;196;197;194m[48;2;123;127;128m▀[0m[38;2;255;255;255m[48;2;255;255;255m▀[0m[38;2;255;255;255m[48;2;74;61;57m▀[0m[38;2;196;159;158m[48;2;22;0;0m▀[0m[38;2;28;0;0m[48;2;47;0;0m▀[0m[38;2;101;101;105m[48;2;90;70;70m▀[0m[38;2;98;76;78m[48;2;103;95;95m▀[0m[38;2;126;103;100m[48;2;124;101;98m▀[0m[38;2;0;0;0m[48;2;0;0;0m▀[0m[38;2;162;154;154m[48;2;184;195;187m▀[0m[38;2;255;255;255m[48;2;255;255;255m▀[0m[38;2;247;249;249m[48;2;255;255;255m▀[0m[38;2;255;255;255m[48;2;255;255;255m▀[0m[38;2;255;255;255m[48;2;255;255;255m▀[0m[38;2;255;255;255m[48;2;221;221;218m▀[0m[38;2;233;233;230m[48;2;254;251;251m▀[0m[38;2;255;255;255m[48;2;255;255;255m▀[0m[38;2;255;255;255m[48;2;255;255;255m▀[0m[38;2;255;255;255m[48;2;255;255;255m▀[0m[38;2;255;255;255m[48;2;255;255;255m▀[0m[38;2;255;255;255m[48;2;255;255;255m▀[0m[38;2;255;255;255m[48;2;255;255;255m▀[0m[38;2;255;255;255m[48;2;255;255;255m▀[0m[38;2;251;251;252m[48;2;255;255;255m▀[0m[38;2;0;0;0m[48;2;0;0;0m▀[0m[38;2;55;51;54m[48;2;0;0;0m▀[0m[38;2;0;0;0m[48;2;0;0;0m▀[0m[38;2;0;0;0m[48;2;129;126;126m▀[0m[38;2;0;0;0m[48;2;239;239;236m▀[0m[38;2;31;27;27m[48;2;190;190;190m▀[0m[38;2;196;199;199m[48;2;113;113;114m▀[0m[38;2;243;241;243m[48;2;96;93;98m▀[0m[38;2;131;131;132m[48;2;141;139;145m▀[0m[38;2;93;93;95m[48;2;194;191;193m▀[0m[38;2;164;164;166m[48;2;77;77;75m▀[0m[38;2;0;0;0m[48;2;0;0;0m▀[0m[38;2;0;0;0m[48;2;0;0;0m▀[0m
[38;2;98;86;86m[48;2;58;54;52m▀[0m[38;2;15;18;15m[48;2;49;45;45m▀[0m[38;2;96;82;82m[48;2;101;86;86m▀[0m[38;2;11;10;10m[48;2;0;0;0m▀[0m[38;2;0;0;0m[48;2;0;0;0m▀[0m[38;2;50;49;49m[48;2;255;255;255m▀[0m[38;2;96;95;95m[48;2;132;130;127m▀[0m[38;2;0;0;0m[48;2;255;255;255m▀[0m[38;2;166;166;166m[48;2;224;227;230m▀[0m[38;2;144;141;141m[48;2;0;0;0m▀[0m[38;2;129;126;126m[48;2;22;22;22m▀[0m[38;2;112;113;110m[48;2;129;129;130m▀[0m[38;2;100;100;100m[48;2;211;211;211m▀[0m[38;2;174;174;174m[48;2;54;54;51m▀[0m[38;2;218;218;218m[48;2;16;16;16m▀[0m[38;2;137;133;138m[48;2;81;81;77m▀[0m[38;2;44;44;44m[48;2;133;135;130m▀[0m[38;2;0;0;0m[48;2;157;154;154m▀[0m[38;2;0;0;0m[48;2;125;124;118m▀[0m[38;2;246;246;243m[48;2;0;0;0m▀[0m[38;2;255;255;255m[48;2;181;181;181m▀[0m[38;2;255;255;255m[48;2;255;255;255m▀[0m[38;2;255;255;255m[48;2;255;255;255m▀[0m[38;2;255;255;255m[48;2;255;255;255m▀[0m[38;2;255;255;255m[48;2;255;255;255m▀[0m[38;2;255;255;255m[48;2;255;255;255m▀[0m[38;2;249;249;249m[48;2;255;255;255m▀[0m[38;2;255;255;255m[48;2;255;255;255m▀[0m[38;2;255;255;255m[48;2;255;255;255m▀[0m[38;2;239;238;238m[48;2;150;153;150m▀[0m[38;2;255;255;255m[48;2;115;118;112m▀[0m[38;2;255;255;255m[48;2;96;92;92m▀[0m[38;2;255;255;255m[48;2;255;255;255m▀[0m[38;2;144;147;146m[48;2;189;193;192m▀[0m[38;2;0;0;0m[48;2;0;0;0m▀[0m[38;2;52;36;32m[48;2;74;79;74m▀[0m[38;2;92;112;106m[48;2;49;48;45m▀[0m[38;2;59;34;34m[48;2;68;56;51m▀[0m[38;2;0;0;0m[48;2;24;20;22m▀[0m[38;2;145;142;144m[48;2;159;155;155m▀[0m[38;2;239;247;243m[48;2;255;255;255m▀[0m[38;2;0;0;0m[48;2;101;85;76m▀[0m[38;2;105;103;93m[48;2;116;103;100m▀[0m[38;2;92;48;44m[48;2;131;131;128m▀[0m[38;2;85;0;0m[48;2;73;0;0m▀[0m[38;2;116;106;110m[48;2;120;85;90m▀[0m[38;2;122;100;99m[48;2;131;112;108m▀[0m[38;2;0;0;0m[48;2;0;0;0m▀[0m[38;2;214;222;222m[48;2;254;255;255m▀[0m[38;2;255;255;255m[48;2;248;251;250m▀[0m[38;2;255;255;255m[48;2;176;176;176m▀[0m[38;2;189;189;189m[48;2;251;251;251m▀[0m[38;2;255;255;255m[48;2;255;255;255m▀[0m[38;2;255;255;255m[48;2;255;255;255m▀[0m[38;2;255;255;255m[48;2;255;255;255m▀[0m[38;2;255;255;255m[48;2;255;255;255m▀[0m[38;2;255;255;255m[48;2;255;255;255m▀[0m[38;2;255;255;255m[48;2;255;255;255m▀[0m[38;2;255;255;255m[48;2;255;255;255m▀[0m[38;2;255;255;255m[48;2;255;255;255m▀[0m[38;2;255;255;255m[48;2;255;255;255m▀[0m[38;2;255;255;255m[48;2;255;255;255m▀[0m[38;2;152;152;153m[48;2;0;0;0m▀[0m[38;2;0;0;0m[48;2;36;36;38m▀[0m[38;2;141;141;139m[48;2;130;130;131m▀[0m[38;2;221;222;216m[48;2;156;159;156m▀[0m[38;2;155;155;153m[48;2;234;234;232m▀[0m[38;2;124;127;127m[48;2;112;111;105m▀[0m[38;2;129;132;132m[48;2;7;7;7m▀[0m[38;2;131;131;132m[48;2;0;0;0m▀[0m[38;2;255;255;255m[48;2;255;255;255m▀[0m[38;2;129;127;131m[48;2;186;194;194m▀[0m[38;2;0;0;0m[48;2;0;0;0m▀[0m[38;2;0;0;0m[48;2;0;0;0m▀[0m[38;2;0;0;0m[48;2;0;0;0m▀[0m[38;2;0;0;0m[48;2;0;0;0m▀[0m
[38;2;34;32;29m[48;2;95;86;83m▀[0m[38;2;109;96;92m[48;2;91;79;82m▀[0m[38;2;31;28;28m[48;2;0;0;0m▀[0m[38;2;0;0;0m[48;2;0;0;0m▀[0m[38;2;0;0;0m[48;2;0;0;0m▀[0m[38;2;0;0;0m[48;2;0;0;0m▀[0m[38;2;44;48;49m[48;2;0;0;0m▀[0m[38;2;255;255;255m[48;2;0;0;0m▀[0m[38;2;0;0;0m[48;2;0;0;0m▀[0m[38;2;0;0;0m[48;2;0;0;0m▀[0m[38;2;0;0;0m[48;2;0;0;0m▀[0m[38;2;91;88;95m[48;2;255;255;255m▀[0m[38;2;255;255;255m[48;2;255;255;255m▀[0m[38;2;255;255;255m[48;2;255;255;255m▀[0m[38;2;255;255;255m[48;2;0;0;0m▀[0m[38;2;220;217;223m[48;2;0;0;0m▀[0m[38;2;123;122;123m[48;2;255;255;255m▀[0m[38;2;64;66;64m[48;2;255;255;255m▀[0m[38;2;37;36;36m[48;2;164;166;166m▀[0m[38;2;0;0;0m[48;2;213;216;217m▀[0m[38;2;0;0;0m[48;2;218;218;216m▀[0m[38;2;0;0;0m[48;2;44;44;45m▀[0m[38;2;255;255;255m[48;2;0;0;0m▀[0m[38;2;255;255;255m[48;2;84;84;81m▀[0m[38;2;255;255;255m[48;2;255;255;255m▀[0m[38;2;255;255;255m[48;2;255;255;255m▀[0m[38;2;255;255;255m[48;2;255;255;255m▀[0m[38;2;255;255;255m[48;2;255;255;255m▀[0m[38;2;255;255;255m[48;2;255;255;255m▀[0m[38;2;255;255;255m[48;2;255;255;255m▀[0m[38;2;255;255;255m[48;2;255;255;255m▀[0m[38;2;255;255;255m[48;2;255;255;255m▀[0m[38;2;255;255;255m[48;2;255;255;255m▀[0m[38;2;193;197;198m[48;2;218;224;225m▀[0m[38;2;0;0;0m[48;2;0;0;0m▀[0m[38;2;85;73;65m[48;2;125;112;104m▀[0m[38;2;60;51;46m[48;2;72;43;34m▀[0m[38;2;95;79;79m[48;2;139;120;129m▀[0m[38;2;50;46;42m[48;2;74;58;62m▀[0m[38;2;222;214;214m[48;2;214;213;210m▀[0m[38;2;255;255;255m[48;2;255;255;255m▀[0m[38;2;97;78;70m[48;2;86;64;57m▀[0m[38;2;106;91;86m[48;2;110;109;103m▀[0m[38;2;129;128;122m[48;2;99;61;58m▀[0m[38;2;60;0;0m[48;2;44;0;0m▀[0m[38;2;100;39;43m[48;2;63;0;0m▀[0m[38;2;118;114;99m[48;2;109;100;95m▀[0m[38;2;0;0;0m[48;2;0;0;0m▀[0m[38;2;255;255;255m[48;2;255;255;255m▀[0m[38;2;255;255;255m[48;2;255;255;255m▀[0m[38;2;255;255;255m[48;2;255;255;255m▀[0m[38;2;255;255;255m[48;2;255;255;255m▀[0m[38;2;255;255;255m[48;2;255;255;255m▀[0m[38;2;255;255;255m[48;2;255;255;255m▀[0m[38;2;255;255;255m[48;2;255;255;255m▀[0m[38;2;255;255;255m[48;2;255;255;255m▀[0m[38;2;255;255;255m[48;2;255;255;255m▀[0m[38;2;255;255;255m[48;2;255;255;255m▀[0m[38;2;255;255;255m[48;2;255;255;255m▀[0m[38;2;255;255;255m[48;2;255;255;255m▀[0m[38;2;255;255;255m[48;2;0;0;0m▀[0m[38;2;0;0;0m[48;2;30;30;31m▀[0m[38;2;77;79;81m[48;2;144;144;146m▀[0m[38;2;210;210;210m[48;2;109;105;109m▀[0m[38;2;138;138;135m[48;2;0;0;0m▀[0m[38;2;255;255;255m[48;2;65;62;62m▀[0m[38;2;255;255;255m[48;2;255;255;255m▀[0m[38;2;41;37;41m[48;2;196;199;196m▀[0m[38;2;0;0;0m[48;2;0;0;0m▀[0m[38;2;0;0;0m[48;2;0;0;0m▀[0m[38;2;226;236;239m[48;2;0;0;0m▀[0m[38;2;176;183;191m[48;2;0;0;0m▀[0m[38;2;0;0;0m[48;2;0;0;0m▀[0m[38;2;0;0;0m[48;2;0;0;0m▀[0m[38;2;0;0;0m[48;2;2;2;2m▀[0m[38;2;2;1;1m[48;2;4;3;3m▀[0m
[38;2;115;108;104m[48;2;102;93;93m▀[0m[38;2;33;32;30m[48;2;0;0;0m▀[0m[38;2;0;0;0m[48;2;0;0;0m▀[0m[38;2;0;0;0m[48;2;0;0;0m▀[0m[38;2;0;0;0m[48;2;2;1;2m▀[0m[38;2;0;0;1m[48;2;1;1;1m▀[0m[38;2;0;0;0m[48;2;2;2;2m▀[0m[38;2;0;0;0m[48;2;3;2;3m▀[0m[38;2;0;0;0m[48;2;0;0;0m▀[0m[38;2;0;0;0m[48;2;0;0;0m▀[0m[38;2;0;0;0m[48;2;0;0;0m▀[0m[38;2;46;46;47m[48;2;0;0;0m▀[0m[38;2;208;205;207m[48;2;239;239;237m▀[0m[38;2;255;255;255m[48;2;255;255;255m▀[0m[38;2;0;0;0m[48;2;0;0;0m▀[0m[38;2;0;0;0m[48;2;0;0;0m▀[0m[38;2;122;118;127m[48;2;0;0;0m▀[0m[38;2;255;255;255m[48;2;214;214;216m▀[0m[38;2;62;62;64m[48;2;46;43;46m▀[0m[38;2;0;0;0m[48;2;0;0;0m▀[0m[38;2;7;7;7m[48;2;0;0;0m▀[0m[38;2;72;72;74m[48;2;255;255;255m▀[0m[38;2;198;198;200m[48;2;172;171;168m▀[0m[38;2;87;87;87m[48;2;210;213;213m▀[0m[38;2;19;22;19m[48;2;255;255;255m▀[0m[38;2;32;35;31m[48;2;78;78;75m▀[0m[38;2;244;244;244m[48;2;0;0;0m▀[0m[38;2;255;255;255m[48;2;255;255;255m▀[0m[38;2;255;255;255m[48;2;255;255;255m▀[0m[38;2;255;255;255m[48;2;255;255;255m▀[0m[38;2;255;255;255m[48;2;255;255;255m▀[0m[38;2;255;255;255m[48;2;255;255;255m▀[0m[38;2;255;255;255m[48;2;255;255;255m▀[0m[38;2;251;255;253m[48;2;255;255;255m▀[0m[38;2;0;0;0m[48;2;0;0;0m▀[0m[38;2;123;104;100m[48;2;119;108;101m▀[0m[38;2;56;42;34m[48;2;56;43;30m▀[0m[38;2;103;103;100m[48;2;99;91;91m▀[0m[38;2;83;75;76m[48;2;82;78;82m▀[0m[38;2;115;106;104m[48;2;95;79;85m▀[0m[38;2;230;218;210m[48;2;250;246;239m▀[0m[38;2;88;70;63m[48;2;113;95;90m▀[0m[38;2;111;111;108m[48;2;103;93;90m▀[0m[38;2;114;87;84m[48;2;120;116;113m▀[0m[38;2;112;66;66m[48;2;143;159;152m▀[0m[38;2;72;0;0m[48;2;120;44;47m▀[0m[38;2;65;14;16m[48;2;0;0;0m▀[0m[38;2;0;0;0m[48;2;0;0;0m▀[0m[38;2;255;255;255m[48;2;255;255;255m▀[0m[38;2;255;255;255m[48;2;255;255;255m▀[0m[38;2;255;255;255m[48;2;255;255;255m▀[0m[38;2;255;255;255m[48;2;255;255;255m▀[0m[38;2;255;255;255m[48;2;255;255;255m▀[0m[38;2;255;255;255m[48;2;255;255;255m▀[0m[38;2;255;255;255m[48;2;255;255;255m▀[0m[38;2;255;255;255m[48;2;255;255;255m▀[0m[38;2;255;255;255m[48;2;255;255;255m▀[0m[38;2;255;255;255m[48;2;255;255;255m▀[0m[38;2;158;156;154m[48;2;25;22;24m▀[0m[38;2;0;0;0m[48;2;0;0;0m▀[0m[38;2;0;0;0m[48;2;0;0;0m▀[0m[38;2;14;12;14m[48;2;233;235;236m▀[0m[38;2;0;0;0m[48;2;255;255;255m▀[0m[38;2;0;0;0m[48;2;0;0;0m▀[0m[38;2;0;0;0m[48;2;0;0;0m▀[0m[38;2;146;146;146m[48;2;114;116;114m▀[0m[38;2;255;255;255m[48;2;255;255;255m▀[0m[38;2;3;3;0m[48;2;249;249;249m▀[0m[38;2;0;0;0m[48;2;0;0;0m▀[0m[38;2;0;0;0m[48;2;0;0;0m▀[0m[38;2;0;0;0m[48;2;0;0;0m▀[0m[38;2;0;0;0m[48;2;0;0;0m▀[0m[38;2;0;0;0m[48;2;3;2;2m▀[0m[38;2;0;0;0m[48;2;1;0;0m▀[0m[38;2;3;3;3m[48;2;1;0;0m▀[0m[38;2;4;3;3m[48;2;2;1;1m▀[0m
[38;2;59;55;55m[48;2;0;0;0m▀[0m[38;2;0;0;0m[48;2;0;0;0m▀[0m[38;2;0;0;0m[48;2;0;0;0m▀[0m[38;2;0;0;0m[48;2;0;0;0m▀[0m[38;2;1;1;1m[48;2;0;0;0m▀[0m[38;2;1;1;1m[48;2;0;0;0m▀[0m[38;2;2;1;2m[48;2;0;0;0m▀[0m[38;2;2;1;2m[48;2;0;0;0m▀[0m[38;2;0;0;0m[48;2;0;0;0m▀[0m[38;2;0;0;0m[48;2;0;0;0m▀[0m[38;2;0;0;0m[48;2;190;186;189m▀[0m[38;2;255;255;255m[48;2;255;255;255m▀[0m[38;2;255;255;255m[48;2;232;228;232m▀[0m[38;2;198;200;200m[48;2;0;0;0m▀[0m[38;2;0;0;0m[48;2;0;0;0m▀[0m[38;2;0;0;0m[48;2;0;0;0m▀[0m[38;2;0;0;0m[48;2;0;0;0m▀[0m[38;2;0;0;0m[48;2;0;0;0m▀[0m[38;2;0;0;0m[48;2;0;0;0m▀[0m[38;2;0;0;0m[48;2;0;0;0m▀[0m[38;2;129;129;138m[48;2;29;29;34m▀[0m[38;2;255;255;255m[48;2;255;255;255m▀[0m[38;2;0;0;0m[48;2;200;209;211m▀[0m[38;2;216;213;217m[48;2;48;48;50m▀[0m[38;2;71;71;72m[48;2;0;0;0m▀[0m[38;2;0;0;0m[48;2;0;0;0m▀[0m[38;2;0;0;0m[48;2;137;140;139m▀[0m[38;2;255;255;255m[48;2;50;47;47m▀[0m[38;2;255;255;255m[48;2;255;255;255m▀[0m[38;2;255;255;255m[48;2;255;255;255m▀[0m[38;2;255;255;255m[48;2;255;255;255m▀[0m[38;2;255;255;255m[48;2;255;255;255m▀[0m[38;2;255;255;255m[48;2;255;255;255m▀[0m[38;2;255;255;255m[48;2;255;255;255m▀[0m[38;2;0;0;0m[48;2;0;0;0m▀[0m[38;2;124;108;111m[48;2;120;111;108m▀[0m[38;2;63;49;41m[48;2;104;89;85m▀[0m[38;2;98;96;90m[48;2;72;65;62m▀[0m[38;2;91;83;87m[48;2;46;39;39m▀[0m[38;2;104;92;98m[48;2;84;72;77m▀[0m[38;2;255;255;255m[48;2;255;255;255m▀[0m[38;2;132;124;115m[48;2;166;155;146m▀[0m[38;2;96;84;81m[48;2;96;83;79m▀[0m[38;2;122;105;104m[48;2;127;115;112m▀[0m[38;2;137;135;129m[48;2;133;132;127m▀[0m[38;2;132;83;79m[48;2;145;116;115m▀[0m[38;2;0;0;0m[48;2;0;0;0m▀[0m[38;2;10;27;21m[48;2;38;58;55m▀[0m[38;2;255;255;255m[48;2;255;255;255m▀[0m[38;2;255;255;255m[48;2;255;255;255m▀[0m[38;2;255;255;255m[48;2;255;255;255m▀[0m[38;2;255;255;255m[48;2;255;255;255m▀[0m[38;2;255;255;255m[48;2;255;255;255m▀[0m[38;2;255;255;255m[48;2;255;255;255m▀[0m[38;2;255;255;255m[48;2;255;255;255m▀[0m[38;2;255;255;255m[48;2;255;255;255m▀[0m[38;2;255;255;255m[48;2;255;255;255m▀[0m[38;2;255;255;255m[48;2;255;255;255m▀[0m[38;2;255;255;255m[48;2;144;147;150m▀[0m[38;2;0;0;0m[48;2;0;0;0m▀[0m[38;2;0;0;0m[48;2;0;0;0m▀[0m[38;2;36;36;37m[48;2;193;186;189m▀[0m[38;2;255;255;255m[48;2;247;247;248m▀[0m[38;2;7;4;8m[48;2;0;0;0m▀[0m[38;2;0;0;0m[48;2;0;0;0m▀[0m[38;2;0;0;0m[48;2;0;0;0m▀[0m[38;2;255;255;255m[48;2;85;82;85m▀[0m[38;2;255;255;255m[48;2;255;255;255m▀[0m[38;2;0;0;0m[48;2;0;0;0m▀[0m[38;2;0;0;0m[48;2;0;0;0m▀[0m[38;2;0;0;0m[48;2;0;0;0m▀[0m[38;2;0;0;0m[48;2;0;0;0m▀[0m[38;2;0;0;0m[48;2;0;0;0m▀[0m[38;2;0;0;0m[48;2;0;0;0m▀[0m[38;2;0;0;0m[48;2;0;0;0m▀[0m[38;2;0;0;0m[48;2;0;0;0m▀[0m
[38;2;0;0;0m[48;2;0;0;0m▀[0m[38;2;0;0;0m[48;2;237;238;235m▀[0m[38;2;0;0;0m[48;2;255;255;255m▀[0m[38;2;0;0;0m[48;2;58;61;61m▀[0m[38;2;0;0;0m[48;2;0;0;0m▀[0m[38;2;0;0;0m[48;2;0;0;0m▀[0m[38;2;0;0;0m[48;2;0;0;0m▀[0m[38;2;0;0;0m[48;2;0;0;0m▀[0m[38;2;0;0;0m[48;2;0;0;0m▀[0m[38;2;0;0;0m[48;2;0;0;0m▀[0m[38;2;208;205;211m[48;2;0;0;0m▀[0m[38;2;62;61;62m[48;2;0;0;0m▀[0m[38;2;0;0;0m[48;2;0;0;0m▀[0m[38;2;0;0;0m[48;2;0;0;0m▀[0m[38;2;0;0;0m[48;2;0;0;0m▀[0m[38;2;0;0;0m[48;2;0;0;0m▀[0m[38;2;1;0;1m[48;2;1;0;1m▀[0m[38;2;0;0;0m[48;2;2;1;2m▀[0m[38;2;0;0;0m[48;2;0;0;0m▀[0m[38;2;0;0;0m[48;2;0;0;0m▀[0m[38;2;0;0;0m[48;2;17;19;20m▀[0m[38;2;255;255;255m[48;2;255;255;255m▀[0m[38;2;131;131;133m[48;2;0;1;2m▀[0m[38;2;0;0;0m[48;2;0;0;0m▀[0m[38;2;0;0;0m[48;2;0;0;0m▀[0m[38;2;0;0;0m[48;2;0;0;0m▀[0m[38;2;255;255;255m[48;2;4;6;7m▀[0m[38;2;9;9;11m[48;2;0;0;0m▀[0m[38;2;81;82;77m[48;2;0;0;0m▀[0m[38;2;255;255;255m[48;2;19;15;18m▀[0m[38;2;255;255;255m[48;2;233;236;236m▀[0m[38;2;255;255;255m[48;2;255;255;255m▀[0m[38;2;255;255;255m[48;2;255;255;255m▀[0m[38;2;255;255;255m[48;2;255;255;255m▀[0m[38;2;0;0;0m[48;2;0;0;0m▀[0m[38;2;103;90;87m[48;2;86;70;77m▀[0m[38;2;140;128;124m[48;2;160;149;142m▀[0m[38;2;14;9;8m[48;2;47;39;38m▀[0m[38;2;70;61;58m[48;2;103;91;91m▀[0m[38;2;84;69;74m[48;2;95;78;82m▀[0m[38;2;255;255;255m[48;2;226;225;223m▀[0m[38;2;176;167;158m[48;2;164;155;150m▀[0m[38;2;103;85;83m[48;2;109;91;91m▀[0m[38;2;127;117;111m[48;2;128;114;113m▀[0m[38;2;133;135;130m[48;2;140;137;139m▀[0m[38;2;145;101;97m[48;2;130;81;73m▀[0m[38;2;0;0;0m[48;2;0;0;0m▀[0m[38;2;66;86;89m[48;2;145;162;164m▀[0m[38;2;255;255;255m[48;2;255;255;255m▀[0m[38;2;255;255;255m[48;2;206;210;210m▀[0m[38;2;255;255;255m[48;2;0;0;0m▀[0m[38;2;85;85;82m[48;2;194;193;194m▀[0m[38;2;77;75;72m[48;2;77;81;81m▀[0m[38;2;255;255;255m[48;2;0;0;0m▀[0m[38;2;255;255;255m[48;2;254;254;251m▀[0m[38;2;255;255;255m[48;2;255;255;255m▀[0m[38;2;255;255;255m[48;2;255;255;255m▀[0m[38;2;4;4;9m[48;2;0;0;0m▀[0m[38;2;0;0;0m[48;2;0;0;0m▀[0m[38;2;0;0;0m[48;2;0;0;0m▀[0m[38;2;0;0;0m[48;2;0;0;0m▀[0m[38;2;165;167;168m[48;2;0;0;0m▀[0m[38;2;0;1;2m[48;2;0;0;0m▀[0m[38;2;0;0;0m[48;2;0;0;0m▀[0m[38;2;0;0;0m[48;2;0;0;0m▀[0m[38;2;0;0;0m[48;2;0;0;0m▀[0m[38;2;0;0;0m[48;2;0;0;0m▀[0m[38;2;197;197;199m[48;2;0;0;0m▀[0m[38;2;176;176;178m[48;2;0;0;0m▀[0m[38;2;0;0;0m[48;2;0;0;0m▀[0m[38;2;0;0;0m[48;2;0;0;0m▀[0m[38;2;0;0;0m[48;2;73;73;73m▀[0m[38;2;0;0;0m[48;2;255;255;255m▀[0m[38;2;0;0;0m[48;2;255;255;255m▀[0m[38;2;187;187;184m[48;2;255;255;255m▀[0m[38;2;255;255;255m[48;2;55;58;58m▀[0m
[38;2;0;0;0m[48;2;93;90;93m▀[0m[38;2;0;0;0m[48;2;255;255;255m▀[0m[38;2;99;99;96m[48;2;129;128;125m▀[0m[38;2;255;255;254m[48;2;0;0;0m▀[0m[38;2;255;255;255m[48;2;0;0;0m▀[0m[38;2;223;223;223m[48;2;102;104;104m▀[0m[38;2;73;75;73m[48;2;249;248;246m▀[0m[38;2;0;0;0m[48;2;255;255;255m▀[0m[38;2;0;0;0m[48;2;255;255;255m▀[0m[38;2;0;0;0m[48;2;137;137;138m▀[0m[38;2;0;0;0m[48;2;18;15;21m▀[0m[38;2;0;0;0m[48;2;0;0;0m▀[0m[38;2;0;0;0m[48;2;0;0;0m▀[0m[38;2;0;0;0m[48;2;0;0;0m▀[0m[38;2;0;0;0m[48;2;0;0;0m▀[0m[38;2;0;0;0m[48;2;0;0;0m▀[0m[38;2;0;0;0m[48;2;0;0;0m▀[0m[38;2;0;0;0m[48;2;0;0;0m▀[0m[38;2;0;0;0m[48;2;0;0;0m▀[0m[38;2;0;0;0m[48;2;0;0;0m▀[0m[38;2;85;82;84m[48;2;0;0;0m▀[0m[38;2;76;76;77m[48;2;0;0;0m▀[0m[38;2;0;0;0m[48;2;0;0;0m▀[0m[38;2;0;0;0m[48;2;0;0;0m▀[0m[38;2;0;0;0m[48;2;0;0;0m▀[0m[38;2;0;0;0m[48;2;0;0;0m▀[0m[38;2;0;0;0m[48;2;0;0;0m▀[0m[38;2;0;0;0m[48;2;0;0;0m▀[0m[38;2;0;0;0m[48;2;0;0;0m▀[0m[38;2;0;0;0m[48;2;0;0;0m▀[0m[38;2;0;0;0m[48;2;0;0;0m▀[0m[38;2;0;0;0m[48;2;0;0;0m▀[0m[38;2;91;95;97m[48;2;0;0;0m▀[0m[38;2;198;200;198m[48;2;0;0;0m▀[0m[38;2;0;0;0m[48;2;0;0;0m▀[0m[38;2;100;91;92m[48;2;136;120;123m▀[0m[38;2;137;123;125m[48;2;155;139;135m▀[0m[38;2;46;43;45m[48;2;71;74;75m▀[0m[38;2;118;109;110m[48;2;130;122;123m▀[0m[38;2;122;106;106m[48;2;126;114;114m▀[0m[38;2;136;126;124m[48;2;116;102;101m▀[0m[38;2;132;116;115m[48;2;120;109;104m▀[0m[38;2;118;104;103m[48;2;118;116;104m▀[0m[38;2;127;118;116m[48;2;125;115;112m▀[0m[38;2;139;127;125m[48;2;140;120;125m▀[0m[38;2;168;147;149m[48;2;176;156;156m▀[0m[38;2;30;15;9m[48;2;83;75;74m▀[0m[38;2;65;75;78m[48;2;0;0;0m▀[0m[38;2;61;61;66m[48;2;0;0;0m▀[0m[38;2;0;0;0m[48;2;0;0;0m▀[0m[38;2;184;181;184m[48;2;0;0;0m▀[0m[38;2;179;178;179m[48;2;0;0;0m▀[0m[38;2;0;0;0m[48;2;0;0;0m▀[0m[38;2;0;0;0m[48;2;0;0;0m▀[0m[38;2;255;255;255m[48;2;126;126;126m▀[0m[38;2;255;255;255m[48;2;255;255;255m▀[0m[38;2;255;255;255m[48;2;164;160;164m▀[0m[38;2;98;91;95m[48;2;0;0;0m▀[0m[38;2;0;0;0m[48;2;0;0;0m▀[0m[38;2;0;0;0m[48;2;0;0;0m▀[0m[38;2;0;0;0m[48;2;0;0;0m▀[0m[38;2;0;0;0m[48;2;0;0;0m▀[0m[38;2;0;0;0m[48;2;0;0;0m▀[0m[38;2;0;0;0m[48;2;0;0;0m▀[0m[38;2;0;0;0m[48;2;0;0;0m▀[0m[38;2;0;0;0m[48;2;0;0;0m▀[0m[38;2;0;0;0m[48;2;115;112;115m▀[0m[38;2;0;0;0m[48;2;255;255;255m▀[0m[38;2;0;0;0m[48;2;255;255;255m▀[0m[38;2;159;163;159m[48;2;255;255;255m▀[0m[38;2;255;255;255m[48;2;108;111;108m▀[0m[38;2;255;255;255m[48;2;0;0;0m▀[0m[38;2;211;214;214m[48;2;23;19;19m▀[0m[38;2;0;0;0m[48;2;217;217;213m▀[0m[38;2;0;0;0m[48;2;255;255;255m▀[0m[38;2;89;87;84m[48;2;255;255;255m▀[0m
[38;2;0;0;0m[48;2;0;0;0m▀[0m[38;2;38;38;43m[48;2;0;0;0m▀[0m[38;2;203;203;203m[48;2;0;0;0m▀[0m[38;2;255;255;255m[48;2;0;0;0m▀[0m[38;2;255;255;255m[48;2;47;50;50m▀[0m[38;2;115;116;113m[48;2;192;192;192m▀[0m[38;2;0;0;0m[48;2;255;255;255m▀[0m[38;2;0;0;0m[48;2;255;255;255m▀[0m[38;2;43;45;45m[48;2;182;178;180m▀[0m[38;2;183;183;183m[48;2;42;38;38m▀[0m[38;2;255;255;255m[48;2;0;0;0m▀[0m[38;2;255;255;255m[48;2;0;0;0m▀[0m[38;2;235;234;234m[48;2;86;88;89m▀[0m[38;2;133;132;132m[48;2;217;216;210m▀[0m[38;2;24;25;22m[48;2;255;255;255m▀[0m[38;2;0;0;0m[48;2;255;255;255m▀[0m[38;2;0;0;0m[48;2;255;255;255m▀[0m[38;2;0;0;0m[48;2;200;205;205m▀[0m[38;2;0;0;0m[48;2;117;120;123m▀[0m[38;2;0;0;0m[48;2;23;23;23m▀[0m[38;2;0;0;0m[48;2;0;0;0m▀[0m[38;2;0;0;0m[48;2;0;0;0m▀[0m[38;2;0;0;0m[48;2;0;0;0m▀[0m[38;2;0;0;0m[48;2;0;0;0m▀[0m[38;2;0;0;0m[48;2;0;0;0m▀[0m[38;2;0;0;0m[48;2;0;0;0m▀[0m[38;2;0;0;0m[48;2;0;0;0m▀[0m[38;2;0;0;0m[48;2;0;0;0m▀[0m[38;2;0;0;0m[48;2;0;0;0m▀[0m[38;2;0;0;0m[48;2;0;0;0m▀[0m[38;2;0;0;0m[48;2;0;0;0m▀[0m[38;2;0;0;0m[48;2;0;0;0m▀[0m[38;2;0;0;0m[48;2;0;0;0m▀[0m[38;2;0;0;0m[48;2;0;0;0m▀[0m[38;2;0;0;0m[48;2;0;0;0m▀[0m[38;2;141;126;125m[48;2;145;137;132m▀[0m[38;2;166;153;146m[48;2;166;154;143m▀[0m[38;2;66;65;65m[48;2;141;132;129m▀[0m[38;2;115;111;110m[48;2;139;129;125m▀[0m[38;2;126;116;114m[48;2;129;119;119m▀[0m[38;2;127;115;113m[48;2;142;130;127m▀[0m[38;2;130;118;116m[48;2;136;120;119m▀[0m[38;2;122;115;110m[48;2;125;117;116m▀[0m[38;2;122;115;112m[48;2;127;117;117m▀[0m[38;2;131;119;119m[48;2;136;124;124m▀[0m[38;2;176;159;162m[48;2;190;169;170m▀[0m[38;2;78;70;70m[48;2;79;72;72m▀[0m[38;2;0;0;0m[48;2;0;0;0m▀[0m[38;2;0;0;0m[48;2;0;0;0m▀[0m[38;2;0;0;0m[48;2;0;0;0m▀[0m[38;2;0;0;0m[48;2;0;0;0m▀[0m[38;2;0;0;0m[48;2;0;0;0m▀[0m[38;2;0;0;0m[48;2;0;0;0m▀[0m[38;2;0;0;0m[48;2;0;0;0m▀[0m[38;2;0;0;0m[48;2;0;0;0m▀[0m[38;2;0;0;0m[48;2;0;0;0m▀[0m[38;2;0;0;0m[48;2;0;0;0m▀[0m[38;2;0;0;0m[48;2;0;0;0m▀[0m[38;2;0;0;0m[48;2;30;29;27m▀[0m[38;2;0;0;0m[48;2;153;152;152m▀[0m[38;2;0;0;0m[48;2;255;255;255m▀[0m[38;2;0;0;0m[48;2;255;255;255m▀[0m[38;2;24;24;24m[48;2;255;255;255m▀[0m[38;2;155;157;155m[48;2;255;255;255m▀[0m[38;2;255;255;255m[48;2;135;133;133m▀[0m[38;2;255;255;255m[48;2;8;7;8m▀[0m[38;2;255;255;255m[48;2;12;16;9m▀[0m[38;2;166;168;166m[48;2;119;119;119m▀[0m[38;2;6;6;6m[48;2;255;255;255m▀[0m[38;2;1;1;1m[48;2;255;255;255m▀[0m[38;2;149;149;149m[48;2;195;192;198m▀[0m[38;2;255;255;255m[48;2;15;11;18m▀[0m[38;2;255;255;255m[48;2;0;0;0m▀[0m[38;2;146;143;145m[48;2;0;0;0m▀[0m[38;2;0;0;0m[48;2;0;0;0m▀[0m[38;2;0;0;0m[48;2;0;0;0m▀[0m
[38;2;0;0;0m[48;2;255;255;255m▀[0m[38;2;0;0;0m[48;2;248;241;245m▀[0m[38;2;0;0;0m[48;2;39;33;36m▀[0m[38;2;0;0;0m[48;2;0;0;0m▀[0m[38;2;0;0;0m[48;2;0;0;0m▀[0m[38;2;0;0;0m[48;2;0;0;0m▀[0m[38;2;0;0;0m[48;2;0;0;0m▀[0m[38;2;8;5;11m[48;2;0;0;0m▀[0m[38;2;120;118;123m[48;2;0;0;0m▀[0m[38;2;235;232;235m[48;2;0;0;0m▀[0m[38;2;255;255;255m[48;2;0;0;0m▀[0m[38;2;254;252;255m[48;2;41;43;44m▀[0m[38;2;154;153;153m[48;2;159;157;162m▀[0m[38;2;46;42;44m[48;2;253;251;254m▀[0m[38;2;0;0;0m[48;2;255;255;255m▀[0m[38;2;7;0;5m[48;2;255;255;255m▀[0m[38;2;88;86;83m[48;2;206;203;206m▀[0m[38;2;166;168;168m[48;2;114;106;114m▀[0m[38;2;255;255;255m[48;2;19;19;19m▀[0m[38;2;255;255;255m[48;2;0;0;0m▀[0m[38;2;255;255;255m[48;2;0;0;0m▀[0m[38;2;255;255;255m[48;2;36;30;30m▀[0m[38;2;255;255;255m[48;2;93;92;87m▀[0m[38;2;213;212;210m[48;2;159;160;156m▀[0m[38;2;144;141;144m[48;2;241;243;239m▀[0m[38;2;81;77;82m[48;2;255;255;255m▀[0m[38;2;22;18;25m[48;2;255;255;255m▀[0m[38;2;0;0;0m[48;2;255;255;255m▀[0m[38;2;0;0;0m[48;2;255;255;255m▀[0m[38;2;0;0;0m[48;2;255;255;255m▀[0m[38;2;0;0;0m[48;2;255;255;255m▀[0m[38;2;0;0;0m[48;2;255;255;255m▀[0m[38;2;0;0;0m[48;2;4;6;7m▀[0m[38;2;0;0;0m[48;2;0;0;0m▀[0m[38;2;0;0;0m[48;2;0;0;0m▀[0m[38;2;141;132;130m[48;2;131;123;127m▀[0m[38;2;171;155;153m[48;2;178;163;163m▀[0m[38;2;138;128;126m[48;2;138;128;124m▀[0m[38;2;143;135;129m[48;2;146;138;135m▀[0m[38;2;132;120;118m[48;2;145;138;130m▀[0m[38;2;159;143;139m[48;2;87;77;75m▀[0m[38;2;151;137;136m[48;2;129;117;117m▀[0m[38;2;130;120;118m[48;2;142;132;130m▀[0m[38;2;132;123;120m[48;2;140;130;128m▀[0m[38;2;146;130;132m[48;2;145;130;132m▀[0m[38;2;193;177;174m[48;2;197;178;178m▀[0m[38;2;68;66;60m[48;2;69;62;61m▀[0m[38;2;0;0;0m[48;2;0;0;0m▀[0m[38;2;0;0;0m[48;2;0;0;0m▀[0m[38;2;0;0;0m[48;2;157;162;158m▀[0m[38;2;0;0;0m[48;2;255;255;255m▀[0m[38;2;0;0;0m[48;2;255;255;255m▀[0m[38;2;0;0;0m[48;2;255;255;255m▀[0m[38;2;51;51;51m[48;2;255;255;255m▀[0m[38;2;137;137;135m[48;2;255;255;255m▀[0m[38;2;231;233;231m[48;2;180;186;185m▀[0m[38;2;255;255;255m[48;2;89;91;91m▀[0m[38;2;255;255;255m[48;2;16;18;16m▀[0m[38;2;255;255;255m[48;2;0;0;0m▀[0m[38;2;255;255;255m[48;2;15;21;22m▀[0m[38;2;141;140;138m[48;2;111;114;113m▀[0m[38;2;28;28;30m[48;2;237;239;239m▀[0m[38;2;0;0;0m[48;2;255;255;255m▀[0m[38;2;28;29;25m[48;2;255;255;255m▀[0m[38;2;150;154;151m[48;2;189;189;196m▀[0m[38;2;255;255;255m[48;2;34;32;36m▀[0m[38;2;255;255;255m[48;2;0;0;0m▀[0m[38;2;222;219;223m[48;2;0;0;0m▀[0m[38;2;66;66;71m[48;2;0;0;0m▀[0m[38;2;0;0;0m[48;2;0;0;0m▀[0m[38;2;0;0;0m[48;2;0;0;0m▀[0m[38;2;0;0;0m[48;2;0;0;0m▀[0m[38;2;0;0;0m[48;2;0;0;0m▀[0m[38;2;0;0;0m[48;2;110;113;113m▀[0m[38;2;0;0;0m[48;2;255;255;255m▀[0m[38;2;11;11;14m[48;2;255;255;255m▀[0m
[38;2;91;91;92m[48;2;0;0;0m▀[0m[38;2;255;255;255m[48;2;0;0;0m▀[0m[38;2;255;255;255m[48;2;0;0;0m▀[0m[38;2;255;255;255m[48;2;124;127;129m▀[0m[38;2;195;195;195m[48;2;255;255;255m▀[0m[38;2;52;52;54m[48;2;255;255;255m▀[0m[38;2;0;0;0m[48;2;255;255;255m▀[0m[38;2;0;0;0m[48;2;255;255;255m▀[0m[38;2;0;0;0m[48;2;157;157;157m▀[0m[38;2;0;0;0m[48;2;44;43;44m▀[0m[38;2;0;0;0m[48;2;0;0;0m▀[0m[38;2;0;0;0m[48;2;0;0;0m▀[0m[38;2;0;0;0m[48;2;0;0;0m▀[0m[38;2;0;0;0m[48;2;0;0;0m▀[0m[38;2;0;0;0m[48;2;0;0;0m▀[0m[38;2;15;14;11m[48;2;0;0;0m▀[0m[38;2;104;104;101m[48;2;0;0;0m▀[0m[38;2;200;200;200m[48;2;0;0;0m▀[0m[38;2;255;255;255m[48;2;0;0;0m▀[0m[38;2;255;255;255m[48;2;0;0;0m▀[0m[38;2;255;255;255m[48;2;0;0;0m▀[0m[38;2;199;198;199m[48;2;56;58;56m▀[0m[38;2;123;120;124m[48;2;123;123;123m▀[0m[38;2;54;56;60m[48;2;194;192;196m▀[0m[38;2;0;0;0m[48;2;251;253;251m▀[0m[38;2;0;0;0m[48;2;255;255;255m▀[0m[38;2;0;0;0m[48;2;255;255;255m▀[0m[38;2;0;0;0m[48;2;230;226;237m▀[0m[38;2;5;5;2m[48;2;218;218;222m▀[0m[38;2;60;60;60m[48;2;146;143;146m▀[0m[38;2;116;116;116m[48;2;0;0;0m▀[0m[38;2;70;70;70m[48;2;0;0;0m▀[0m[38;2;0;0;0m[48;2;0;0;0m▀[0m[38;2;0;0;0m[48;2;0;0;0m▀[0m[38;2;0;0;0m[48;2;0;0;0m▀[0m[38;2;138;129;132m[48;2;142;135;133m▀[0m[38;2;177;162;162m[48;2;170;154;153m▀[0m[38;2;138;124;123m[48;2;139;125;125m▀[0m[38;2;144;136;132m[48;2;143;135;135m▀[0m[38;2;158;149;145m[48;2;153;143;144m▀[0m[38;2;62;55;55m[48;2;69;61;64m▀[0m[38;2;87;79;79m[48;2;73;65;69m▀[0m[38;2;149;139;139m[48;2;153;139;139m▀[0m[38;2;144;135;132m[48;2;147;133;136m▀[0m[38;2;145;137;132m[48;2;149;141;133m▀[0m[38;2;195;182;178m[48;2;199;183;181m▀[0m[38;2;62;56;51m[48;2;63;55;60m▀[0m[38;2;0;0;0m[48;2;0;0;0m▀[0m[38;2;0;0;0m[48;2;0;0;0m▀[0m[38;2;30;34;34m[48;2;0;0;0m▀[0m[38;2;143;143;145m[48;2;0;0;0m▀[0m[38;2;66;69;70m[48;2;49;48;49m▀[0m[38;2;5;8;8m[48;2;255;255;255m▀[0m[38;2;0;0;0m[48;2;255;255;255m▀[0m[38;2;28;30;28m[48;2;250;250;247m▀[0m[38;2;103;103;104m[48;2;192;192;190m▀[0m[38;2;186;186;186m[48;2;119;115;117m▀[0m[38;2;255;255;255m[48;2;28;23;25m▀[0m[38;2;255;255;255m[48;2;0;0;0m▀[0m[38;2;255;255;255m[48;2;0;0;0m▀[0m[38;2;209;217;212m[48;2;0;0;0m▀[0m[38;2;113;112;109m[48;2;0;0;0m▀[0m[38;2;0;0;0m[48;2;0;0;0m▀[0m[38;2;0;0;0m[48;2;0;0;0m▀[0m[38;2;0;0;0m[48;2;0;0;0m▀[0m[38;2;0;0;0m[48;2;0;0;0m▀[0m[38;2;0;0;0m[48;2;5;5;6m▀[0m[38;2;0;0;0m[48;2;125;125;126m▀[0m[38;2;0;0;0m[48;2;255;255;255m▀[0m[38;2;0;0;0m[48;2;255;255;255m▀[0m[38;2;75;78;81m[48;2;255;255;255m▀[0m[38;2;248;253;249m[48;2;255;255;255m▀[0m[38;2;255;255;255m[48;2;149;149;146m▀[0m[38;2;255;255;255m[48;2;0;0;0m▀[0m[38;2;255;255;255m[48;2;0;0;0m▀[0m[38;2;108;105;109m[48;2;0;0;0m▀[0m
