[38;2;16;38;37m[48;2;0;0;0m▀[0m[38;2;199;216;211m[48;2;141;141;139m▀[0m[38;2;0;3;0m[48;2;10;46;37m▀[0m[38;2;0;44;35m[48;2;0;39;30m▀[0m[38;2;0;14;7m[48;2;0;19;14m▀[0m[38;2;0;0;0m[48;2;0;0;0m▀[0m[38;2;2;43;32m[48;2;0;34;24m▀[0m[38;2;0;0;0m[48;2;0;0;0m▀[0m[38;2;1;21;18m[48;2;1;8;6m▀[0m[38;2;2;35;31m[48;2;2;46;43m▀[0m[38;2;0;0;0m[48;2;0;0;0m▀[0m[38;2;0;2;0m[48;2;0;2;2m▀[0m[38;2;1;1;2m[48;2;1;1;1m▀[0m[38;2;1;1;2m[48;2;0;1;1m▀[0m[38;2;0;1;1m[48;2;0;1;1m▀[0m[38;2;1;1;1m[48;2;1;1;1m▀[0m[38;2;0;1;1m[48;2;0;2;2m▀[0m[38;2;0;0;0m[48;2;0;0;0m▀[0m[38;2;0;0;0m[48;2;0;0;0m▀[0m[38;2;0;0;0m[48;2;0;0;0m▀[0m[38;2;0;0;0m[48;2;118;125;125m▀[0m[38;2;255;255;255m[48;2;255;255;255m▀[0m[38;2;255;255;255m[48;2;253;255;255m▀[0m[38;2;255;255;255m[48;2;232;236;233m▀[0m[38;2;162;165;165m[48;2;111;115;115m▀[0m[38;2;174;184;184m[48;2;240;248;248m▀[0m[38;2;199;207;207m[48;2;158;165;165m▀[0m[38;2;154;164;164m[48;2;232;236;236m▀[0m[38;2;255;255;255m[48;2;255;255;255m▀[0m[38;2;255;255;255m[48;2;251;255;255m▀[0m[38;2;28;48;45m[48;2;0;0;0m▀[0m[38;2;7;0;0m[48;2;116;19;10m▀[0m[38;2;66;22;18m[48;2;95;23;16m▀[0m[38;2;255;255;255m[48;2;201;239;237m▀[0m[38;2;248;255;255m[48;2;231;243;236m▀[0m[38;2;238;254;254m[48;2;218;225;224m▀[0m[38;2;197;206;208m[48;2;201;206;206m▀[0m[38;2;204;210;209m[48;2;184;187;186m▀[0m[38;2;221;227;228m[48;2;228;235;234m▀[0m[38;2;236;244;245m[48;2;236;243;239m▀[0m[38;2;184;192;191m[48;2;187;191;192m▀[0m[38;2;255;255;255m[48;2;255;255;255m▀[0m[38;2;86;92;92m[48;2;69;72;74m▀[0m[38;2;119;129;132m[48;2;0;0;0m▀[0m[38;2;255;255;255m[48;2;255;255;255m▀[0m[38;2;191;191;191m[48;2;255;255;255m▀[0m[38;2;0;0;0m[48;2;86;90;90m▀[0m[38;2;0;0;0m[48;2;0;0;0m▀[0m[38;2;0;0;0m[48;2;0;0;0m▀[0m[38;2;59;50;56m[48;2;25;25;27m▀[0m[38;2;77;68;71m[48;2;60;48;55m▀[0m[38;2;255;255;255m[48;2;18;10;15m▀[0m[38;2;255;255;255m[48;2;5;8;9m▀[0m[38;2;255;255;255m[48;2;108;112;112m▀[0m[38;2;255;255;255m[48;2;255;255;255m▀[0m[38;2;255;255;255m[48;2;255;255;255m▀[0m[38;2;230;233;232m[48;2;205;207;207m▀[0m[38;2;255;255;255m[48;2;255;255;255m▀[0m[38;2;255;255;255m[48;2;211;214;214m▀[0m[38;2;0;0;0m[48;2;0;0;0m▀[0m[38;2;0;0;0m[48;2;0;0;0m▀[0m[38;2;0;0;0m[48;2;0;0;0m▀[0m[38;2;0;1;1m[48;2;2;2;2m▀[0m[38;2;0;2;2m[48;2;2;2;2m▀[0m[38;2;1;1;1m[48;2;1;1;1m▀[0m[38;2;1;1;1m[48;2;1;1;1m▀[0m[38;2;1;0;0m[48;2;1;0;0m▀[0m[38;2;1;0;0m[48;2;0;3;5m▀[0m[38;2;1;49;44m[48;2;2;48;43m▀[0m[38;2;1;0;0m[48;2;0;0;0m▀[0m[38;2;0;2;0m[48;2;0;10;4m▀[0m[38;2;0;21;9m[48;2;0;25;17m▀[0m[38;2;0;0;0m[48;2;0;0;0m▀[0m[38;2;255;255;255m[48;2;149;170;165m▀[0m[38;2;184;179;183m[48;2;140;128;130m▀[0m[38;2;201;250;255m[48;2;0;0;0m▀[0m
[38;2;0;0;0m[48;2;0;0;0m▀[0m[38;2;255;255;255m[48;2;255;255;255m▀[0m[38;2;104;127;125m[48;2;171;181;180m▀[0m[38;2;0;17;10m[48;2;0;6;0m▀[0m[38;2;2;31;24m[48;2;5;46;38m▀[0m[38;2;0;0;0m[48;2;0;0;0m▀[0m[38;2;2;27;22m[48;2;3;19;11m▀[0m[38;2;3;25;21m[48;2;7;64;56m▀[0m[38;2;0;0;0m[48;2;0;0;0m▀[0m[38;2;2;54;45m[48;2;4;51;42m▀[0m[38;2;1;0;0m[48;2;2;0;0m▀[0m[38;2;2;2;2m[48;2;2;0;2m▀[0m[38;2;0;2;2m[48;2;1;1;2m▀[0m[38;2;0;2;2m[48;2;0;2;2m▀[0m[38;2;0;1;1m[48;2;1;1;1m▀[0m[38;2;1;1;1m[48;2;1;1;1m▀[0m[38;2;1;1;1m[48;2;0;2;2m▀[0m[38;2;0;0;0m[48;2;0;0;0m▀[0m[38;2;0;0;0m[48;2;0;0;0m▀[0m[38;2;0;0;0m[48;2;22;27;23m▀[0m[38;2;255;255;255m[48;2;255;255;255m▀[0m[38;2;255;255;255m[48;2;255;255;255m▀[0m[38;2;226;236;234m[48;2;226;235;237m▀[0m[38;2;176;182;182m[48;2;122;128;131m▀[0m[38;2;105;113;111m[48;2;199;203;203m▀[0m[38;2;255;255;255m[48;2;255;255;255m▀[0m[38;2;176;179;179m[48;2;167;171;171m▀[0m[38;2;245;252;252m[48;2;250;255;255m▀[0m[38;2;255;255;255m[48;2;255;255;255m▀[0m[38;2;108;108;105m[48;2;0;0;0m▀[0m[38;2;29;0;0m[48;2;125;10;1m▀[0m[38;2;191;63;59m[48;2;228;50;49m▀[0m[38;2;113;21;18m[48;2;104;3;1m▀[0m[38;2;170;203;199m[48;2;146;172;176m▀[0m[38;2;246;255;253m[48;2;255;255;255m▀[0m[38;2;209;212;211m[48;2;198;201;200m▀[0m[38;2;207;210;210m[48;2;235;234;235m▀[0m[38;2;163;167;166m[48;2;143;146;145m▀[0m[38;2;240;248;244m[48;2;240;246;241m▀[0m[38;2;239;246;243m[48;2;250;255;251m▀[0m[38;2;185;190;189m[48;2;173;177;176m▀[0m[38;2;255;255;255m[48;2;251;255;255m▀[0m[38;2;139;119;120m[48;2;141;126;125m▀[0m[38;2;0;0;0m[48;2;122;0;0m▀[0m[38;2;159;184;183m[48;2;0;0;0m▀[0m[38;2;255;255;255m[48;2;255;255;255m▀[0m[38;2;255;255;255m[48;2;255;255;255m▀[0m[38;2;0;0;0m[48;2;125;128;125m▀[0m[38;2;0;0;0m[48;2;0;0;0m▀[0m[38;2;3;5;5m[48;2;0;0;0m▀[0m[38;2;82;73;78m[48;2;86;72;79m▀[0m[38;2;51;45;48m[48;2;78;70;75m▀[0m[38;2;16;10;15m[48;2;35;27;34m▀[0m[38;2;21;21;25m[48;2;83;78;81m▀[0m[38;2;51;56;57m[48;2;187;190;190m▀[0m[38;2;255;255;255m[48;2;255;255;255m▀[0m[38;2;255;255;255m[48;2;255;255;255m▀[0m[38;2;255;255;255m[48;2;255;255;255m▀[0m[38;2;169;172;172m[48;2;212;216;216m▀[0m[38;2;0;0;0m[48;2;234;235;232m▀[0m[38;2;0;0;0m[48;2;32;34;34m▀[0m[38;2;0;0;0m[48;2;0;0;0m▀[0m[38;2;0;0;0m[48;2;0;0;0m▀[0m[38;2;1;1;1m[48;2;1;1;1m▀[0m[38;2;1;1;1m[48;2;1;1;1m▀[0m[38;2;0;2;2m[48;2;1;1;1m▀[0m[38;2;0;0;0m[48;2;0;0;0m▀[0m[38;2;1;9;8m[48;2;0;19;15m▀[0m[38;2;4;45;42m[48;2;1;44;41m▀[0m[38;2;0;0;0m[48;2;0;0;0m▀[0m[38;2;0;16;9m[48;2;2;19;15m▀[0m[38;2;0;18;11m[48;2;0;18;14m▀[0m[38;2;0;0;0m[48;2;0;4;0m▀[0m[38;2;0;47;41m[48;2;10;73;64m▀[0m[38;2;255;255;253m[48;2;255;255;255m▀[0m[38;2;0;0;0m[48;2;0;0;0m▀[0m
[38;2;0;0;0m[48;2;0;0;0m▀[0m[38;2;224;217;217m[48;2;166;176;173m▀[0m[38;2;246;238;241m[48;2;255;255;255m▀[0m[38;2;0;0;0m[48;2;0;0;0m▀[0m[38;2;7;54;50m[48;2;2;61;54m▀[0m[38;2;0;0;0m[48;2;0;3;0m▀[0m[38;2;1;0;0m[48;2;2;0;0m▀[0m[38;2;9;71;61m[48;2;11;73;64m▀[0m[38;2;0;0;0m[48;2;0;0;0m▀[0m[38;2;4;47;39m[48;2;6;31;23m▀[0m[38;2;2;4;2m[48;2;2;9;9m▀[0m[38;2;0;0;0m[48;2;0;0;0m▀[0m[38;2;1;1;1m[48;2;1;1;1m▀[0m[38;2;1;1;1m[48;2;0;2;0m▀[0m[38;2;1;1;1m[48;2;1;1;1m▀[0m[38;2;1;1;1m[48;2;1;1;1m▀[0m[38;2;0;0;0m[48;2;0;0;0m▀[0m[38;2;0;0;0m[48;2;0;0;0m▀[0m[38;2;0;0;0m[48;2;0;0;0m▀[0m[38;2;146;156;154m[48;2;255;255;255m▀[0m[38;2;255;255;255m[48;2;255;255;255m▀[0m[38;2;244;247;247m[48;2;255;255;253m▀[0m[38;2;223;232;235m[48;2;255;255;255m▀[0m[38;2;105;109;109m[48;2;65;72;72m▀[0m[38;2;255;255;255m[48;2;248;255;254m▀[0m[38;2;182;186;187m[48;2;150;154;153m▀[0m[38;2;187;191;190m[48;2;235;241;238m▀[0m[38;2;255;255;255m[48;2;255;255;255m▀[0m[38;2;208;226;227m[48;2;172;177;176m▀[0m[38;2;83;0;0m[48;2;136;120;124m▀[0m[38;2;214;98;87m[48;2;114;170;177m▀[0m[38;2;214;181;181m[48;2;29;84;88m▀[0m[38;2;109;120;120m[48;2;0;0;0m▀[0m[38;2;106;123;118m[48;2;54;65;62m▀[0m[38;2;255;255;255m[48;2;255;255;255m▀[0m[38;2;199;198;195m[48;2;212;213;209m▀[0m[38;2;248;250;248m[48;2;248;252;248m▀[0m[38;2;153;153;153m[48;2;183;183;183m▀[0m[38;2;226;230;225m[48;2;198;200;198m▀[0m[38;2;255;255;255m[48;2;255;255;255m▀[0m[38;2;158;162;157m[48;2;164;167;167m▀[0m[38;2;238;246;245m[48;2;255;255;255m▀[0m[38;2;165;180;178m[48;2;55;71;76m▀[0m[38;2;199;181;179m[48;2;0;0;0m▀[0m[38;2;105;93;90m[48;2;61;90;91m▀[0m[38;2;157;173;171m[48;2;0;28;32m▀[0m[38;2;255;255;255m[48;2;243;254;255m▀[0m[38;2;238;241;237m[48;2;255;255;255m▀[0m[38;2;0;0;0m[48;2;73;79;83m▀[0m[38;2;0;0;0m[48;2;0;0;0m▀[0m[38;2;19;17;20m[48;2;0;0;0m▀[0m[38;2;68;59;62m[48;2;6;9;5m▀[0m[38;2;77;69;73m[48;2;15;11;14m▀[0m[38;2;6;0;0m[48;2;58;49;52m▀[0m[38;2;98;97;98m[48;2;0;0;0m▀[0m[38;2;255;255;255m[48;2;255;255;255m▀[0m[38;2;255;255;255m[48;2;255;255;255m▀[0m[38;2;255;255;255m[48;2;255;255;255m▀[0m[38;2;255;255;255m[48;2;255;255;255m▀[0m[38;2;185;187;185m[48;2;255;255;255m▀[0m[38;2;52;57;57m[48;2;0;0;0m▀[0m[38;2;0;0;0m[48;2;0;0;0m▀[0m[38;2;0;0;0m[48;2;0;0;0m▀[0m[38;2;0;1;1m[48;2;0;0;0m▀[0m[38;2;0;1;1m[48;2;0;1;1m▀[0m[38;2;0;0;1m[48;2;0;2;2m▀[0m[38;2;0;0;0m[48;2;0;0;0m▀[0m[38;2;0;30;22m[48;2;0;34;30m▀[0m[38;2;0;39;32m[48;2;0;32;28m▀[0m[38;2;0;0;0m[48;2;0;0;0m▀[0m[38;2;0;25;24m[48;2;0;32;31m▀[0m[38;2;0;12;6m[48;2;0;12;3m▀[0m[38;2;0;29;24m[48;2;8;44;39m▀[0m[38;2;0;70;61m[48;2;16;79;75m▀[0m[38;2;0;0;0m[48;2;0;0;0m▀[0m[38;2;0;0;0m[48;2;0;0;0m▀[0m
[38;2;0;4;0m[48;2;0;30;21m▀[0m[38;2;98;117;117m[48;2;0;35;32m▀[0m[38;2;255;255;255m[48;2;255;255;255m▀[0m[38;2;0;5;0m[48;2;0;14;9m▀[0m[38;2;0;71;62m[48;2;0;59;49m▀[0m[38;2;0;6;1m[48;2;0;17;11m▀[0m[38;2;7;11;8m[48;2;4;21;18m▀[0m[38;2;4;20;17m[48;2;4;8;8m▀[0m[38;2;0;0;0m[48;2;0;0;0m▀[0m[38;2;6;22;15m[48;2;2;11;9m▀[0m[38;2;5;21;19m[48;2;3;31;29m▀[0m[38;2;0;0;0m[48;2;0;0;0m▀[0m[38;2;0;2;0m[48;2;0;2;2m▀[0m[38;2;1;1;1m[48;2;1;1;1m▀[0m[38;2;1;1;1m[48;2;0;1;1m▀[0m[38;2;1;1;2m[48;2;0;0;0m▀[0m[38;2;0;0;0m[48;2;0;0;0m▀[0m[38;2;0;0;0m[48;2;0;0;0m▀[0m[38;2;0;0;0m[48;2;36;39;39m▀[0m[38;2;255;255;255m[48;2;255;255;255m▀[0m[38;2;255;255;255m[48;2;252;251;251m▀[0m[38;2;240;247;247m[48;2;240;247;247m▀[0m[38;2;220;226;227m[48;2;169;178;180m▀[0m[38;2;70;76;76m[48;2;108;112;111m▀[0m[38;2;255;255;255m[48;2;255;255;255m▀[0m[38;2;145;149;145m[48;2;158;166;165m▀[0m[38;2;255;255;255m[48;2;245;254;255m▀[0m[38;2;145;152;151m[48;2;1;24;30m▀[0m[38;2;89;110;113m[48;2;63;84;84m▀[0m[38;2;0;0;0m[48;2;111;14;0m▀[0m[38;2;0;0;0m[48;2;255;126;104m▀[0m[38;2;0;0;0m[48;2;255;131;114m▀[0m[38;2;0;0;0m[48;2;144;39;24m▀[0m[38;2;4;22;23m[48;2;0;9;14m▀[0m[38;2;220;227;226m[48;2;52;77;84m▀[0m[38;2;226;230;231m[48;2;255;255;255m▀[0m[38;2;244;250;247m[48;2;217;222;217m▀[0m[38;2;219;221;221m[48;2;226;230;230m▀[0m[38;2;190;191;187m[48;2;212;211;208m▀[0m[38;2;228;235;232m[48;2;194;200;197m▀[0m[38;2;177;178;174m[48;2;212;212;212m▀[0m[38;2;255;255;255m[48;2;182;201;200m▀[0m[38;2;38;56;56m[48;2;123;89;88m▀[0m[38;2;62;0;0m[48;2;168;35;25m▀[0m[38;2;228;64;48m[48;2;236;91;78m▀[0m[38;2;0;0;0m[48;2;228;73;61m▀[0m[38;2;58;98;98m[48;2;5;0;0m▀[0m[38;2;255;255;255m[48;2;204;233;231m▀[0m[38;2;127;136;136m[48;2;210;214;213m▀[0m[38;2;0;0;0m[48;2;0;0;0m▀[0m[38;2;0;0;0m[48;2;0;0;0m▀[0m[38;2;82;78;82m[48;2;50;46;52m▀[0m[38;2;49;45;48m[48;2;105;93;104m▀[0m[38;2;10;10;11m[48;2;65;61;64m▀[0m[38;2;0;0;0m[48;2;0;0;0m▀[0m[38;2;58;56;60m[48;2;0;0;0m▀[0m[38;2;255;255;255m[48;2;153;153;154m▀[0m[38;2;255;255;255m[48;2;255;255;255m▀[0m[38;2;190;193;193m[48;2;205;205;203m▀[0m[38;2;255;255;255m[48;2;255;255;255m▀[0m[38;2;89;92;92m[48;2;255;255;255m▀[0m[38;2;0;0;0m[48;2;0;0;0m▀[0m[38;2;0;0;0m[48;2;0;0;0m▀[0m[38;2;0;0;0m[48;2;0;0;0m▀[0m[38;2;1;1;1m[48;2;0;0;0m▀[0m[38;2;0;2;2m[48;2;0;2;2m▀[0m[38;2;0;0;0m[48;2;0;0;0m▀[0m[38;2;0;39;37m[48;2;0;44;39m▀[0m[38;2;0;22;21m[48;2;1;16;14m▀[0m[38;2;0;0;0m[48;2;0;0;0m▀[0m[38;2;0;34;29m[48;2;1;35;30m▀[0m[38;2;1;4;1m[48;2;5;5;2m▀[0m[38;2;12;63;55m[48;2;20;79;70m▀[0m[38;2;20;79;74m[48;2;15;63;59m▀[0m[38;2;0;0;0m[48;2;0;0;0m▀[0m[38;2;1;18;17m[48;2;5;19;17m▀[0m
[38;2;0;28;19m[48;2;0;1;0m▀[0m[38;2;145;144;145m[48;2;81;69;71m▀[0m[38;2;255;255;255m[48;2;131;124;125m▀[0m[38;2;255;255;255m[48;2;255;255;255m▀[0m[38;2;49;72;71m[48;2;105;126;123m▀[0m[38;2;0;2;0m[48;2;0;2;0m▀[0m[38;2;6;21;15m[48;2;4;14;12m▀[0m[38;2;3;30;25m[48;2;1;41;34m▀[0m[38;2;0;0;0m[48;2;0;0;0m▀[0m[38;2;2;4;2m[48;2;1;0;0m▀[0m[38;2;7;45;38m[48;2;6;27;23m▀[0m[38;2;0;0;0m[48;2;0;0;0m▀[0m[38;2;0;2;2m[48;2;1;1;2m▀[0m[38;2;1;1;1m[48;2;1;1;2m▀[0m[38;2;0;1;1m[48;2;1;1;1m▀[0m[38;2;0;0;0m[48;2;0;0;0m▀[0m[38;2;0;0;0m[48;2;0;0;0m▀[0m[38;2;0;0;0m[48;2;0;0;0m▀[0m[38;2;152;154;154m[48;2;255;255;255m▀[0m[38;2;255;255;255m[48;2;255;255;255m▀[0m[38;2;203;206;206m[48;2;203;206;206m▀[0m[38;2;240;247;248m[48;2;240;248;247m▀[0m[38;2;169;173;178m[48;2;164;176;173m▀[0m[38;2;124;127;124m[48;2;133;137;136m▀[0m[38;2;255;255;255m[48;2;255;255;255m▀[0m[38;2;184;192;190m[48;2;184;196;194m▀[0m[38;2;197;214;211m[48;2;167;158;158m▀[0m[38;2;66;4;0m[48;2;138;22;16m▀[0m[38;2;208;174;171m[48;2;71;71;72m▀[0m[38;2;223;83;66m[48;2;0;0;0m▀[0m[38;2;158;64;55m[48;2;0;0;0m▀[0m[38;2;116;47;39m[48;2;68;29;24m▀[0m[38;2;69;16;8m[48;2;131;46;39m▀[0m[38;2;111;73;69m[48;2;194;99;85m▀[0m[38;2;27;17;15m[48;2;212;96;85m▀[0m[38;2;195;205;204m[48;2;197;164;155m▀[0m[38;2;142;157;151m[48;2;46;85;88m▀[0m[38;2;219;226;221m[48;2;223;226;222m▀[0m[38;2;238;241;238m[48;2;254;255;255m▀[0m[38;2;199;206;203m[48;2;217;220;220m▀[0m[38;2;255;255;255m[48;2;255;255;255m▀[0m[38;2;81;103;103m[48;2;96;129;130m▀[0m[38;2;113;72;64m[48;2;191;112;102m▀[0m[38;2;179;39;27m[48;2;106;35;31m▀[0m[38;2;173;73;61m[48;2;0;0;0m▀[0m[38;2;146;62;55m[48;2;0;0;0m▀[0m[38;2;170;45;33m[48;2;0;0;0m▀[0m[38;2;158;142;138m[48;2;57;32;28m▀[0m[38;2;178;192;189m[48;2;120;135;131m▀[0m[38;2;0;0;0m[48;2;5;12;7m▀[0m[38;2;0;0;0m[48;2;0;0;0m▀[0m[38;2;2;4;4m[48;2;0;0;0m▀[0m[38;2;98;88;92m[48;2;52;47;55m▀[0m[38;2;84;72;79m[48;2;99;88;98m▀[0m[38;2;12;5;12m[48;2;6;4;7m▀[0m[38;2;204;211;210m[48;2;21;29;28m▀[0m[38;2;186;183;187m[48;2;255;255;255m▀[0m[38;2;10;7;16m[48;2;204;201;208m▀[0m[38;2;237;240;243m[48;2;192;192;194m▀[0m[38;2;255;255;255m[48;2;255;255;255m▀[0m[38;2;255;255;255m[48;2;255;255;255m▀[0m[38;2;99;98;98m[48;2;246;246;246m▀[0m[38;2;0;0;0m[48;2;0;0;0m▀[0m[38;2;0;0;0m[48;2;0;0;0m▀[0m[38;2;0;0;0m[48;2;0;0;0m▀[0m[38;2;1;0;0m[48;2;0;0;0m▀[0m[38;2;0;0;0m[48;2;0;0;0m▀[0m[38;2;2;48;44m[48;2;0;47;39m▀[0m[38;2;2;11;10m[48;2;1;3;4m▀[0m[38;2;0;0;0m[48;2;0;0;0m▀[0m[38;2;1;36;28m[48;2;1;33;28m▀[0m[38;2;6;7;0m[48;2;8;8;6m▀[0m[38;2;25;89;81m[48;2;25;89;85m▀[0m[38;2;10;45;44m[48;2;24;87;83m▀[0m[38;2;0;0;0m[48;2;0;0;0m▀[0m[38;2;8;24;21m[48;2;7;28;24m▀[0m
[38;2;3;29;28m[48;2;7;24;23m▀[0m[38;2;0;11;9m[48;2;11;46;43m▀[0m[38;2;0;0;0m[48;2;0;0;0m▀[0m[38;2;129;139;142m[48;2;0;16;9m▀[0m[38;2;2;70;65m[48;2;12;100;91m▀[0m[38;2;0;38;31m[48;2;14;44;39m▀[0m[38;2;0;2;1m[48;2;0;0;0m▀[0m[38;2;1;47;39m[48;2;1;52;48m▀[0m[38;2;0;0;0m[48;2;0;0;0m▀[0m[38;2;0;0;0m[48;2;0;0;0m▀[0m[38;2;0;0;0m[48;2;1;0;0m▀[0m[38;2;1;0;1m[48;2;0;0;0m▀[0m[38;2;1;1;1m[48;2;0;0;0m▀[0m[38;2;0;2;0m[48;2;0;0;0m▀[0m[38;2;1;1;1m[48;2;0;0;0m▀[0m[38;2;0;0;0m[48;2;0;0;0m▀[0m[38;2;0;0;0m[48;2;0;0;0m▀[0m[38;2;0;0;0m[48;2;1;3;3m▀[0m[38;2;255;255;255m[48;2;255;255;255m▀[0m[38;2;255;255;255m[48;2;230;228;228m▀[0m[38;2;216;216;213m[48;2;221;219;217m▀[0m[38;2;243;252;250m[48;2;244;250;247m▀[0m[38;2;174;182;182m[48;2;173;180;177m▀[0m[38;2;146;150;149m[48;2;163;167;167m▀[0m[38;2;255;255;255m[48;2;255;255;255m▀[0m[38;2;138;144;143m[48;2;89;83;82m▀[0m[38;2;138;118;122m[48;2;63;66;63m▀[0m[38;2;0;0;0m[48;2;0;0;0m▀[0m[38;2;0;0;0m[48;2;0;0;0m▀[0m[38;2;0;0;0m[48;2;0;0;0m▀[0m[38;2;0;0;0m[48;2;0;0;0m▀[0m[38;2;0;0;0m[48;2;0;0;0m▀[0m[38;2;0;0;0m[48;2;0;0;0m▀[0m[38;2;207;81;65m[48;2;170;58;45m▀[0m[38;2;255;117;93m[48;2;255;115;86m▀[0m[38;2;180;109;100m[48;2;160;77;64m▀[0m[38;2;71;55;55m[48;2;249;10;0m▀[0m[38;2;115;144;141m[48;2;71;81;79m▀[0m[38;2;170;178;173m[48;2;61;84;83m▀[0m[38;2;253;255;255m[48;2;164;172;168m▀[0m[38;2;255;255;255m[48;2;255;255;255m▀[0m[38;2;169;151;150m[48;2;255;182;166m▀[0m[38;2;65;44;41m[48;2;17;0;0m▀[0m[38;2;0;0;0m[48;2;0;0;0m▀[0m[38;2;0;0;0m[48;2;0;0;0m▀[0m[38;2;0;0;0m[48;2;0;0;0m▀[0m[38;2;0;0;0m[48;2;0;0;0m▀[0m[38;2;0;0;0m[48;2;0;0;0m▀[0m[38;2;96;99;99m[48;2;85;92;92m▀[0m[38;2;24;27;27m[48;2;140;144;141m▀[0m[38;2;0;0;0m[48;2;0;0;0m▀[0m[38;2;0;0;0m[48;2;0;0;0m▀[0m[38;2;0;0;0m[48;2;0;0;0m▀[0m[38;2;49;44;49m[48;2;0;0;0m▀[0m[38;2;116;113;115m[48;2;84;84;82m▀[0m[38;2;0;0;0m[48;2;38;32;35m▀[0m[38;2;0;2;1m[48;2;179;179;173m▀[0m[38;2;255;255;255m[48;2;74;74;72m▀[0m[38;2;255;255;255m[48;2;0;0;0m▀[0m[38;2;220;223;224m[48;2;14;17;18m▀[0m[38;2;255;255;255m[48;2;255;255;255m▀[0m[38;2;255;255;255m[48;2;255;255;255m▀[0m[38;2;96;96;96m[48;2;255;255;255m▀[0m[38;2;0;0;0m[48;2;125;125;125m▀[0m[38;2;0;0;0m[48;2;0;0;0m▀[0m[38;2;0;0;0m[48;2;0;0;0m▀[0m[38;2;0;0;0m[48;2;0;0;0m▀[0m[38;2;1;47;39m[48;2;1;36;32m▀[0m[38;2;2;0;0m[48;2;0;0;0m▀[0m[38;2;1;1;1m[48;2;2;9;7m▀[0m[38;2;0;28;24m[48;2;0;27;23m▀[0m[38;2;9;8;8m[48;2;9;3;6m▀[0m[38;2;24;95;87m[48;2;27;102;98m▀[0m[38;2;30;111;104m[48;2;27;101;97m▀[0m[38;2;2;0;0m[48;2;1;0;0m▀[0m[38;2;10;43;35m[48;2;20;56;54m▀[0m
[38;2;6;21;17m[48;2;3;7;6m▀[0m[38;2;11;36;29m[48;2;8;25;21m▀[0m[38;2;0;0;0m[48;2;17;77;74m▀[0m[38;2;11;69;61m[48;2;28;106;103m▀[0m[38;2;17;97;88m[48;2;19;86;84m▀[0m[38;2;15;50;46m[48;2;10;52;48m▀[0m[38;2;0;0;0m[48;2;0;0;0m▀[0m[38;2;5;57;50m[48;2;2;52;44m▀[0m[38;2;0;0;0m[48;2;0;0;0m▀[0m[38;2;2;21;17m[48;2;3;38;32m▀[0m[38;2;2;14;10m[48;2;2;46;38m▀[0m[38;2;0;0;0m[48;2;0;0;0m▀[0m[38;2;0;0;0m[48;2;0;0;0m▀[0m[38;2;0;0;0m[48;2;0;0;0m▀[0m[38;2;0;0;0m[48;2;0;0;0m▀[0m[38;2;0;0;0m[48;2;0;0;0m▀[0m[38;2;0;0;0m[48;2;0;0;0m▀[0m[38;2;20;23;20m[48;2;27;29;29m▀[0m[38;2;255;255;255m[48;2;255;255;255m▀[0m[38;2;197;199;199m[48;2;186;194;197m▀[0m[38;2;224;226;227m[48;2;241;244;244m▀[0m[38;2;249;252;251m[48;2;250;253;252m▀[0m[38;2;173;180;177m[48;2;177;181;180m▀[0m[38;2;184;187;186m[48;2;209;213;213m▀[0m[38;2;255;255;255m[48;2;255;255;255m▀[0m[38;2;89;48;46m[48;2;0;0;0m▀[0m[38;2;61;60;60m[48;2;50;55;58m▀[0m[38;2;0;0;0m[48;2;0;0;0m▀[0m[38;2;0;0;0m[48;2;0;0;0m▀[0m[38;2;0;0;0m[48;2;0;0;0m▀[0m[38;2;0;0;0m[48;2;0;0;0m▀[0m[38;2;0;0;0m[48;2;0;0;0m▀[0m[38;2;0;0;0m[48;2;0;0;0m▀[0m[38;2;43;0;0m[48;2;1;7;8m▀[0m[38;2;255;136;118m[48;2;132;52;42m▀[0m[38;2;186;70;59m[48;2;255;101;78m▀[0m[38;2;255;236;231m[48;2;255;255;255m▀[0m[38;2;255;255;255m[48;2;255;255;255m▀[0m[38;2;130;179;179m[48;2;255;217;200m▀[0m[38;2;88;122;118m[48;2;201;37;17m▀[0m[38;2;255;255;255m[48;2;168;187;184m▀[0m[38;2;191;158;156m[48;2;238;255;255m▀[0m[38;2;0;0;0m[48;2;48;3;0m▀[0m[38;2;0;0;0m[48;2;0;0;0m▀[0m[38;2;0;0;0m[48;2;0;0;0m▀[0m[38;2;0;0;0m[48;2;0;0;0m▀[0m[38;2;0;0;0m[48;2;0;0;0m▀[0m[38;2;0;0;0m[48;2;0;0;0m▀[0m[38;2;19;23;23m[48;2;0;0;0m▀[0m[38;2;158;158;158m[48;2;105;109;110m▀[0m[38;2;0;0;0m[48;2;0;0;0m▀[0m[38;2;0;0;0m[48;2;0;0;0m▀[0m[38;2;0;0;0m[48;2;0;0;0m▀[0m[38;2;0;0;0m[48;2;0;0;0m▀[0m[38;2;65;65;68m[48;2;106;109;109m▀[0m[38;2;0;0;0m[48;2;0;0;0m▀[0m[38;2;0;0;0m[48;2;0;0;0m▀[0m[38;2;0;0;0m[48;2;64;60;62m▀[0m[38;2;43;37;45m[48;2;73;65;73m▀[0m[38;2;3;0;4m[48;2;39;35;38m▀[0m[38;2;255;255;255m[48;2;0;0;0m▀[0m[38;2;255;255;255m[48;2;171;176;174m▀[0m[38;2;251;251;253m[48;2;255;255;255m▀[0m[38;2;240;238;241m[48;2;135;132;136m▀[0m[38;2;214;217;217m[48;2;158;162;164m▀[0m[38;2;0;0;0m[48;2;147;146;146m▀[0m[38;2;0;0;0m[48;2;0;0;0m▀[0m[38;2;0;2;0m[48;2;0;0;0m▀[0m[38;2;0;0;0m[48;2;0;0;0m▀[0m[38;2;0;17;14m[48;2;0;16;11m▀[0m[38;2;1;21;17m[48;2;0;14;10m▀[0m[38;2;6;9;6m[48;2;7;9;9m▀[0m[38;2;25;105;99m[48;2;30;105;98m▀[0m[38;2;28;100;92m[48;2;32;106;101m▀[0m[38;2;1;0;0m[48;2;12;41;37m▀[0m[38;2;14;59;54m[48;2;15;52;48m▀[0m
[38;2;0;0;0m[48;2;0;0;0m▀[0m[38;2;16;49;46m[48;2;11;34;30m▀[0m[38;2;0;85;88m[48;2;0;41;39m▀[0m[38;2;152;191;189m[48;2;255;255;255m▀[0m[38;2;64;126;126m[48;2;142;186;186m▀[0m[38;2;0;41;36m[48;2;0;29;24m▀[0m[38;2;0;0;0m[48;2;0;0;0m▀[0m[38;2;3;38;30m[48;2;0;29;20m▀[0m[38;2;3;19;17m[48;2;2;37;33m▀[0m[38;2;0;0;0m[48;2;0;0;0m▀[0m[38;2;0;0;0m[48;2;0;0;0m▀[0m[38;2;17;17;17m[48;2;4;6;6m▀[0m[38;2;204;208;208m[48;2;255;255;255m▀[0m[38;2;169;172;172m[48;2;221;204;207m▀[0m[38;2;116;120;120m[48;2;193;205;207m▀[0m[38;2;45;52;52m[48;2;255;255;255m▀[0m[38;2;0;0;0m[48;2;255;255;255m▀[0m[38;2;7;16;16m[48;2;255;255;255m▀[0m[38;2;223;231;234m[48;2;255;255;255m▀[0m[38;2;150;157;160m[48;2;112;120;120m▀[0m[38;2;255;255;255m[48;2;254;255;255m▀[0m[38;2;248;251;251m[48;2;255;255;255m▀[0m[38;2;182;185;186m[48;2;186;193;192m▀[0m[38;2;210;214;213m[48;2;185;189;185m▀[0m[38;2;209;221;223m[48;2;255;255;255m▀[0m[38;2;0;0;0m[48;2;0;0;0m▀[0m[38;2;104;75;70m[48;2;189;139;131m▀[0m[38;2;122;157;153m[48;2;203;151;152m▀[0m[38;2;36;54;52m[48;2;174;225;225m▀[0m[38;2;0;0;0m[48;2;33;48;45m▀[0m[38;2;4;3;1m[48;2;255;126;97m▀[0m[38;2;0;2;3m[48;2;140;57;46m▀[0m[38;2;124;56;44m[48;2;214;76;59m▀[0m[38;2;224;84;68m[48;2;255;149;115m▀[0m[38;2;255;91;68m[48;2;255;133;101m▀[0m[38;2;255;117;88m[48;2;252;92;65m▀[0m[38;2;255;70;43m[48;2;0;0;0m▀[0m[38;2;255;89;63m[48;2;233;84;66m▀[0m[38;2;255;57;32m[48;2;0;0;0m▀[0m[38;2;255;114;84m[48;2;255;92;71m▀[0m[38;2;221;32;9m[48;2;255;122;93m▀[0m[38;2;129;187;187m[48;2;72;64;56m▀[0m[38;2;206;133;122m[48;2;97;63;58m▀[0m[38;2;137;49;34m[48;2;217;79;65m▀[0m[38;2;37;22;21m[48;2;0;2;1m▀[0m[38;2;0;0;0m[48;2;109;37;33m▀[0m[38;2;0;0;0m[48;2;33;35;37m▀[0m[38;2;185;200;198m[48;2;196;230;234m▀[0m[38;2;136;147;145m[48;2;201;177;179m▀[0m[38;2;75;85;87m[48;2;63;75;75m▀[0m[38;2;0;0;0m[48;2;0;0;0m▀[0m[38;2;17;20;24m[48;2;12;8;10m▀[0m[38;2;0;0;0m[48;2;1;9;14m▀[0m[38;2;0;0;0m[48;2;0;0;0m▀[0m[38;2;112;112;112m[48;2;0;0;0m▀[0m[38;2;0;0;0m[48;2;0;0;0m▀[0m[38;2;16;22;23m[48;2;34;37;38m▀[0m[38;2;5;4;5m[48;2;24;24;25m▀[0m[38;2;66;62;66m[48;2;0;0;0m▀[0m[38;2;70;62;70m[48;2;74;70;74m▀[0m[38;2;17;11;17m[48;2;70;61;70m▀[0m[38;2;0;0;0m[48;2;0;0;0m▀[0m[38;2;231;231;228m[48;2;0;0;0m▀[0m[38;2;255;255;255m[48;2;147;145;149m▀[0m[38;2;246;249;248m[48;2;255;255;255m▀[0m[38;2;212;216;216m[48;2;255;255;255m▀[0m[38;2;76;75;75m[48;2;255;255;255m▀[0m[38;2;0;0;0m[48;2;143;146;143m▀[0m[38;2;0;0;0m[48;2;0;0;0m▀[0m[38;2;0;7;3m[48;2;0;0;0m▀[0m[38;2;0;2;0m[48;2;0;0;0m▀[0m[38;2;2;9;7m[48;2;0;11;8m▀[0m[38;2;32;108;104m[48;2;28;110;104m▀[0m[38;2;24;91;90m[48;2;22;68;64m▀[0m[38;2;19;52;49m[48;2;22;51;48m▀[0m[38;2;19;51;48m[48;2;21;49;46m▀[0m
[38;2;0;0;0m[48;2;0;0;0m▀[0m[38;2;3;23;22m[48;2;8;37;34m▀[0m[38;2;0;0;0m[48;2;0;10;8m▀[0m[38;2;255;255;255m[48;2;255;255;255m▀[0m[38;2;255;255;255m[48;2;255;255;255m▀[0m[38;2;0;37;30m[48;2;0;50;43m▀[0m[38;2;2;1;1m[48;2;0;12;12m▀[0m[38;2;0;10;6m[48;2;0;0;0m▀[0m[38;2;4;50;45m[48;2;0;61;54m▀[0m[38;2;0;0;0m[48;2;0;0;0m▀[0m[38;2;0;0;0m[48;2;0;0;0m▀[0m[38;2;0;0;0m[48;2;0;0;0m▀[0m[38;2;19;27;27m[48;2;0;0;0m▀[0m[38;2;172;146;143m[48;2;51;61;61m▀[0m[38;2;0;0;0m[48;2;255;178;166m▀[0m[38;2;0;0;0m[48;2;115;30;25m▀[0m[38;2;0;0;0m[48;2;24;0;0m▀[0m[38;2;103;43;42m[48;2;204;70;60m▀[0m[38;2;181;117;116m[48;2;0;0;0m▀[0m[38;2;180;131;123m[48;2;0;0;0m▀[0m[38;2;255;255;255m[48;2;255;255;255m▀[0m[38;2;255;255;255m[48;2;255;255;255m▀[0m[38;2;201;204;204m[48;2;212;217;216m▀[0m[38;2;174;179;174m[48;2;179;181;179m▀[0m[38;2;255;255;255m[48;2;254;255;255m▀[0m[38;2;49;0;0m[48;2;99;66;66m▀[0m[38;2;221;159;153m[48;2;225;120;111m▀[0m[38;2;255;106;99m[48;2;255;96;73m▀[0m[38;2;0;0;0m[48;2;0;0;0m▀[0m[38;2;77;19;7m[48;2;245;96;73m▀[0m[38;2;255;166;127m[48;2;255;132;100m▀[0m[38;2;196;77;62m[48;2;192;75;60m▀[0m[38;2;232;86;69m[48;2;214;84;64m▀[0m[38;2;255;125;97m[48;2;255;131;104m▀[0m[38;2;255;136;102m[48;2;255;111;87m▀[0m[38;2;7;0;0m[48;2;56;23;14m▀[0m[38;2;0;0;0m[48;2;146;36;29m▀[0m[38;2;255;135;110m[48;2;255;159;129m▀[0m[38;2;0;0;0m[48;2;0;0;0m▀[0m[38;2;119;37;30m[48;2;123;57;35m▀[0m[38;2;255;132;104m[48;2;255;120;98m▀[0m[38;2;207;74;60m[48;2;255;111;90m▀[0m[38;2;111;33;24m[48;2;227;85;69m▀[0m[38;2;245;100;87m[48;2;253;103;85m▀[0m[38;2;206;72;60m[48;2;255;89;72m▀[0m[38;2;245;96;77m[48;2;255;111;82m▀[0m[38;2;62;12;7m[48;2;192;72;54m▀[0m[38;2;0;0;0m[48;2;41;6;3m▀[0m[38;2;218;155;152m[48;2;217;96;79m▀[0m[38;2;249;78;64m[48;2;255;89;75m▀[0m[38;2;123;44;30m[48;2;133;43;31m▀[0m[38;2;128;112;99m[48;2;217;225;217m▀[0m[38;2;0;0;0m[48;2;4;17;21m▀[0m[38;2;19;17;21m[48;2;0;0;0m▀[0m[38;2;0;0;0m[48;2;16;18;18m▀[0m[38;2;0;0;0m[48;2;11;14;14m▀[0m[38;2;0;0;0m[48;2;0;0;0m▀[0m[38;2;50;47;49m[48;2;0;0;0m▀[0m[38;2;4;3;4m[48;2;57;52;57m▀[0m[38;2;11;10;11m[48;2;12;9;12m▀[0m[38;2;95;88;91m[48;2;45;36;42m▀[0m[38;2;22;21;22m[48;2;43;41;44m▀[0m[38;2;24;24;25m[48;2;21;25;24m▀[0m[38;2;0;0;0m[48;2;49;49;50m▀[0m[38;2;120;123;120m[48;2;0;0;0m▀[0m[38;2;255;255;255m[48;2;122;128;129m▀[0m[38;2;255;255;255m[48;2;255;255;255m▀[0m[38;2;255;255;255m[48;2;255;255;255m▀[0m[38;2;236;230;233m[48;2;255;255;255m▀[0m[38;2;8;23;21m[48;2;255;255;255m▀[0m[38;2;0;0;0m[48;2;110;101;104m▀[0m[38;2;0;0;0m[48;2;15;42;37m▀[0m[38;2;12;92;90m[48;2;0;72;63m▀[0m[38;2;24;81;77m[48;2;0;58;51m▀[0m[38;2;25;68;64m[48;2;18;86;82m▀[0m[38;2;12;35;34m[48;2;0;11;9m▀[0m
[38;2;0;0;0m[48;2;0;0;0m▀[0m[38;2;0;24;23m[48;2;0;12;8m▀[0m[38;2;0;38;39m[48;2;0;35;33m▀[0m[38;2;41;103;98m[48;2;197;200;201m▀[0m[38;2;87;112;114m[48;2;226;210;209m▀[0m[38;2;0;34;30m[48;2;248;239;237m▀[0m[38;2;0;16;12m[48;2;9;46;46m▀[0m[38;2;0;0;0m[48;2;0;0;0m▀[0m[38;2;0;64;56m[48;2;5;64;59m▀[0m[38;2;0;0;0m[48;2;0;0;0m▀[0m[38;2;0;0;0m[48;2;1;0;0m▀[0m[38;2;0;0;0m[48;2;0;0;0m▀[0m[38;2;0;0;0m[48;2;0;0;0m▀[0m[38;2;0;0;0m[48;2;0;0;0m▀[0m[38;2;41;50;52m[48;2;0;0;0m▀[0m[38;2;240;156;144m[48;2;24;36;36m▀[0m[38;2;153;59;47m[48;2;185;108;93m▀[0m[38;2;217;91;78m[48;2;193;84;70m▀[0m[38;2;0;0;0m[48;2;49;7;1m▀[0m[38;2;0;0;0m[48;2;0;0;0m▀[0m[38;2;255;255;255m[48;2;255;255;255m▀[0m[38;2;255;255;255m[48;2;255;255;255m▀[0m[38;2;213;216;213m[48;2;209;212;212m▀[0m[38;2;189;193;194m[48;2;208;217;216m▀[0m[38;2;243;255;255m[48;2;183;199;195m▀[0m[38;2;122;151;147m[48;2;193;232;231m▀[0m[38;2;217;84;64m[48;2;214;35;17m▀[0m[38;2;255;83;66m[48;2;255;89;71m▀[0m[38;2;16;1;4m[48;2;11;4;1m▀[0m[38;2;255;109;82m[48;2;255;116;90m▀[0m[38;2;255;119;91m[48;2;255;123;95m▀[0m[38;2;189;74;58m[48;2;201;75;59m▀[0m[38;2;195;70;52m[48;2;238;82;62m▀[0m[38;2;255;138;112m[48;2;255;71;48m▀[0m[38;2;114;22;12m[48;2;0;0;0m▀[0m[38;2;0;0;0m[48;2;136;181;186m▀[0m[38;2;0;0;0m[48;2;221;255;255m▀[0m[38;2;170;32;19m[48;2;255;255;255m▀[0m[38;2;0;0;0m[48;2;247;255;255m▀[0m[38;2;0;0;0m[48;2;61;98;102m▀[0m[38;2;96;0;0m[48;2;20;82;88m▀[0m[38;2;255;124;93m[48;2;207;65;48m▀[0m[38;2;255;108;85m[48;2;255;100;74m▀[0m[38;2;255;118;88m[48;2;255;106;75m▀[0m[38;2;255;91;74m[48;2;255;99;76m▀[0m[38;2;255;104;77m[48;2;255;96;73m▀[0m[38;2;191;71;51m[48;2;209;78;57m▀[0m[38;2;0;0;0m[48;2;0;0;0m▀[0m[38;2;255;118;93m[48;2;255;139;112m▀[0m[38;2;199;63;50m[48;2;183;46;30m▀[0m[38;2;96;35;29m[48;2;52;62;62m▀[0m[38;2;255;255;255m[48;2;255;255;255m▀[0m[38;2;0;15;19m[48;2;37;41;41m▀[0m[38;2;0;0;0m[48;2;0;0;0m▀[0m[38;2;0;0;0m[48;2;0;0;0m▀[0m[38;2;44;44;46m[48;2;59;59;61m▀[0m[38;2;10;10;10m[48;2;72;72;74m▀[0m[38;2;0;0;0m[48;2;16;16;12m▀[0m[38;2;0;0;0m[48;2;0;0;0m▀[0m[38;2;63;60;66m[48;2;0;0;0m▀[0m[38;2;31;30;31m[48;2;77;73;77m▀[0m[38;2;0;3;3m[48;2;33;29;33m▀[0m[38;2;21;21;22m[48;2;0;0;0m▀[0m[38;2;43;43;44m[48;2;37;41;39m▀[0m[38;2;61;60;60m[48;2;95;93;93m▀[0m[38;2;0;0;0m[48;2;28;24;29m▀[0m[38;2;213;217;216m[48;2;0;0;0m▀[0m[38;2;255;255;255m[48;2;255;255;255m▀[0m[38;2;255;255;255m[48;2;255;255;255m▀[0m[38;2;255;255;255m[48;2;255;255;255m▀[0m[38;2;255;255;255m[48;2;255;255;255m▀[0m[38;2;212;200;206m[48;2;255;255;255m▀[0m[38;2;139;156;155m[48;2;255;255;255m▀[0m[38;2;37;108;103m[48;2;225;210;213m▀[0m[38;2;0;86;77m[48;2;78;123;118m▀[0m[38;2;0;0;0m[48;2;0;0;0m▀[0m
[38;2;0;0;0m[48;2;0;0;0m▀[0m[38;2;0;0;0m[48;2;0;0;0m▀[0m[38;2;0;30;23m[48;2;0;58;54m▀[0m[38;2;255;255;255m[48;2;201;197;196m▀[0m[38;2;255;255;255m[48;2;255;255;255m▀[0m[38;2;255;255;255m[48;2;239;227;230m▀[0m[38;2;85;118;118m[48;2;85;114;115m▀[0m[38;2;0;0;0m[48;2;0;0;0m▀[0m[38;2;2;65;57m[48;2;0;47;41m▀[0m[38;2;4;7;6m[48;2;4;21;18m▀[0m[38;2;1;0;0m[48;2;0;0;0m▀[0m[38;2;1;0;0m[48;2;0;2;2m▀[0m[38;2;1;0;0m[48;2;0;1;1m▀[0m[38;2;0;0;0m[48;2;1;1;1m▀[0m[38;2;0;0;0m[48;2;0;0;0m▀[0m[38;2;0;0;0m[48;2;0;0;0m▀[0m[38;2;0;0;0m[48;2;0;0;0m▀[0m[38;2;194;81;69m[48;2;21;39;41m▀[0m[38;2;190;69;59m[48;2;169;41;31m▀[0m[38;2;0;0;0m[48;2;165;9;0m▀[0m[38;2;217;236;235m[48;2;216;224;222m▀[0m[38;2;255;255;255m[48;2;255;255;255m▀[0m[38;2;198;200;200m[48;2;219;222;219m▀[0m[38;2;255;255;255m[48;2;255;255;255m▀[0m[38;2;61;78;78m[48;2;115;122;125m▀[0m[38;2;198;250;249m[48;2;33;75;72m▀[0m[38;2;244;79;63m[48;2;214;185;183m▀[0m[38;2;255;87;66m[48;2;255;65;42m▀[0m[38;2;9;2;2m[48;2;38;14;11m▀[0m[38;2;255;119;96m[48;2;255;116;92m▀[0m[38;2;255;109;87m[48;2;255;109;84m▀[0m[38;2;255;106;82m[48;2;255;117;88m▀[0m[38;2;255;104;78m[48;2;226;45;23m▀[0m[38;2;77;39;35m[48;2;228;255;255m▀[0m[38;2;243;255;255m[48;2;222;247;254m▀[0m[38;2;255;255;255m[48;2;153;160;162m▀[0m[38;2;255;255;255m[48;2;25;33;31m▀[0m[38;2;255;255;255m[48;2;54;57;57m▀[0m[38;2;255;255;255m[48;2;18;20;22m▀[0m[38;2;255;255;255m[48;2;136;143;144m▀[0m[38;2;255;255;255m[48;2;224;244;248m▀[0m[38;2;39;73;74m[48;2;255;255;255m▀[0m[38;2;255;69;45m[48;2;149;33;24m▀[0m[38;2;255;110;86m[48;2;255;122;92m▀[0m[38;2;255;98;77m[48;2;234;90;73m▀[0m[38;2;245;91;75m[48;2;201;76;59m▀[0m[38;2;226;85;60m[48;2;255;98;75m▀[0m[38;2;0;0;0m[48;2;52;19;19m▀[0m[38;2;255;139;110m[48;2;255;125;93m▀[0m[38;2;209;50;32m[48;2;218;126;108m▀[0m[38;2;146;174;176m[48;2;158;197;197m▀[0m[38;2;255;255;255m[48;2;174;186;184m▀[0m[38;2;186;191;186m[48;2;255;255;255m▀[0m[38;2;0;0;0m[48;2;0;0;0m▀[0m[38;2;0;0;0m[48;2;27;25;25m▀[0m[38;2;18;18;20m[48;2;2;2;4m▀[0m[38;2;46;43;46m[48;2;23;23;25m▀[0m[38;2;0;0;0m[48;2;0;0;0m▀[0m[38;2;11;11;11m[48;2;19;18;18m▀[0m[38;2;0;0;0m[48;2;20;20;20m▀[0m[38;2;0;0;0m[48;2;0;0;0m▀[0m[38;2;86;77;83m[48;2;0;0;0m▀[0m[38;2;20;17;19m[48;2;37;34;36m▀[0m[38;2;0;0;0m[48;2;0;0;0m▀[0m[38;2;96;98;98m[48;2;98;101;100m▀[0m[38;2;49;46;50m[48;2;68;66;66m▀[0m[38;2;15;9;14m[48;2;48;45;47m▀[0m[38;2;21;17;20m[48;2;43;38;42m▀[0m[38;2;182;186;183m[48;2;0;0;0m▀[0m[38;2;255;255;255m[48;2;96;99;98m▀[0m[38;2;179;176;182m[48;2;255;255;255m▀[0m[38;2;190;187;194m[48;2;81;90;88m▀[0m[38;2;255;255;255m[48;2;71;79;83m▀[0m[38;2;255;255;255m[48;2;162;170;172m▀[0m[38;2;255;255;255m[48;2;255;255;255m▀[0m[38;2;186;180;183m[48;2;255;255;255m▀[0m
[38;2;4;3;4m[48;2;12;35;37m▀[0m[38;2;0;0;0m[48;2;0;0;0m▀[0m[38;2;0;65;61m[48;2;0;68;63m▀[0m[38;2;103;101;99m[48;2;0;0;0m▀[0m[38;2;255;255;255m[48;2;255;255;255m▀[0m[38;2;255;255;255m[48;2;255;255;255m▀[0m[38;2;0;45;42m[48;2;0;36;34m▀[0m[38;2;0;0;0m[48;2;0;0;0m▀[0m[38;2;0;25;21m[48;2;0;9;2m▀[0m[38;2;2;37;33m[48;2;2;58;54m▀[0m[38;2;0;0;0m[48;2;0;0;0m▀[0m[38;2;1;0;0m[48;2;2;1;0m▀[0m[38;2;1;1;1m[48;2;1;1;1m▀[0m[38;2;0;1;1m[48;2;0;2;2m▀[0m[38;2;0;0;0m[48;2;0;0;0m▀[0m[38;2;0;0;0m[48;2;0;0;0m▀[0m[38;2;0;0;0m[48;2;0;0;0m▀[0m[38;2;86;108;109m[48;2;132;136;136m▀[0m[38;2;210;230;228m[48;2;255;255;255m▀[0m[38;2;70;0;0m[48;2;2;30;30m▀[0m[38;2;204;196;195m[48;2;147;151;151m▀[0m[38;2;255;255;255m[48;2;255;255;255m▀[0m[38;2;227;231;227m[48;2;216;219;216m▀[0m[38;2;255;255;255m[48;2;255;255;255m▀[0m[38;2;197;211;208m[48;2;117;157;159m▀[0m[38;2;52;0;0m[48;2;190;52;25m▀[0m[38;2;120;151;147m[48;2;113;92;85m▀[0m[38;2;197;77;68m[48;2;221;116;108m▀[0m[38;2;32;4;3m[48;2;108;23;17m▀[0m[38;2;255;118;92m[48;2;255;118;90m▀[0m[38;2;255;111;87m[48;2;255;118;90m▀[0m[38;2;255;122;91m[48;2;255;133;103m▀[0m[38;2;84;29;20m[48;2;0;0;0m▀[0m[38;2;206;255;255m[48;2;15;98;106m▀[0m[38;2;43;46;46m[48;2;39;47;46m▀[0m[38;2;0;0;0m[48;2;0;0;0m▀[0m[38;2;0;0;0m[48;2;0;0;0m▀[0m[38;2;0;0;0m[48;2;0;0;0m▀[0m[38;2;0;0;0m[48;2;0;0;0m▀[0m[38;2;0;0;0m[48;2;14;17;17m▀[0m[38;2;205;205;201m[48;2;36;41;41m▀[0m[38;2;191;255;255m[48;2;0;0;5m▀[0m[38;2;91;98;101m[48;2;3;36;46m▀[0m[38;2;255;119;86m[48;2;255;105;76m▀[0m[38;2;191;72;62m[48;2;255;112;89m▀[0m[38;2;118;47;38m[48;2;255;110;90m▀[0m[38;2;255;110;83m[48;2;228;83;65m▀[0m[38;2;149;54;43m[48;2;100;33;31m▀[0m[38;2;255;120;97m[48;2;165;52;42m▀[0m[38;2;49;78;74m[48;2;102;0;0m▀[0m[38;2;62;95;95m[48;2;149;157;156m▀[0m[38;2;227;241;239m[48;2;255;255;255m▀[0m[38;2;255;255;255m[48;2;255;255;255m▀[0m[38;2;95;95;89m[48;2;231;231;227m▀[0m[38;2;0;0;0m[48;2;21;21;18m▀[0m[38;2;95;98;98m[48;2;0;0;0m▀[0m[38;2;155;158;158m[48;2;165;167;169m▀[0m[38;2;60;62;63m[48;2;255;255;255m▀[0m[38;2;0;0;0m[48;2;71;68;68m▀[0m[38;2;4;4;4m[48;2;0;0;0m▀[0m[38;2;19;19;20m[48;2;14;14;16m▀[0m[38;2;0;0;0m[48;2;17;17;18m▀[0m[38;2;0;0;0m[48;2;0;0;0m▀[0m[38;2;0;0;0m[48;2;0;0;0m▀[0m[38;2;63;63;61m[48;2;42;42;44m▀[0m[38;2;78;76;81m[48;2;24;27;24m▀[0m[38;2;63;58;65m[48;2;47;47;52m▀[0m[38;2;61;59;66m[48;2;87;83;89m▀[0m[38;2;12;15;15m[48;2;29;29;30m▀[0m[38;2;0;0;0m[48;2;0;0;0m▀[0m[38;2;249;252;251m[48;2;0;0;0m▀[0m[38;2;182;185;182m[48;2;255;255;255m▀[0m[38;2;0;0;0m[48;2;69;65;72m▀[0m[38;2;31;27;34m[48;2;0;0;0m▀[0m[38;2;189;189;189m[48;2;0;0;0m▀[0m[38;2;255;255;255m[48;2;70;66;71m▀[0m
[38;2;24;63;66m[48;2;33;90;90m▀[0m[38;2;0;0;0m[48;2;0;0;0m▀[0m[38;2;3;57;52m[48;2;0;39;35m▀[0m[38;2;0;0;0m[48;2;0;0;0m▀[0m[38;2;255;255;255m[48;2;218;217;213m▀[0m[38;2;255;255;255m[48;2;255;255;255m▀[0m[38;2;0;42;39m[48;2;28;90;86m▀[0m[38;2;0;0;0m[48;2;0;2;0m▀[0m[38;2;0;0;0m[48;2;0;0;0m▀[0m[38;2;6;69;65m[48;2;8;81;72m▀[0m[38;2;0;0;0m[48;2;0;0;0m▀[0m[38;2;3;1;0m[48;2;2;0;0m▀[0m[38;2;1;1;2m[48;2;1;1;1m▀[0m[38;2;0;2;0m[48;2;0;2;0m▀[0m[38;2;0;0;0m[48;2;0;0;0m▀[0m[38;2;0;0;0m[48;2;0;0;0m▀[0m[38;2;0;0;0m[48;2;0;0;0m▀[0m[38;2;177;181;181m[48;2;255;255;255m▀[0m[38;2;255;255;255m[48;2;255;255;255m▀[0m[38;2;12;29;29m[48;2;0;0;0m▀[0m[38;2;139;143;139m[48;2;108;111;110m▀[0m[38;2;255;255;255m[48;2;255;255;255m▀[0m[38;2;214;217;217m[48;2;221;223;223m▀[0m[38;2;255;255;255m[48;2;255;255;255m▀[0m[38;2;78;117;122m[48;2;135;150;151m▀[0m[38;2;89;22;2m[48;2;0;0;0m▀[0m[38;2;227;141;124m[48;2;164;165;152m▀[0m[38;2;137;109;109m[48;2;251;130;116m▀[0m[38;2;89;5;2m[48;2;55;5;5m▀[0m[38;2;255;123;96m[48;2;255;116;90m▀[0m[38;2;255;123;95m[48;2;255;132;102m▀[0m[38;2;255;123;95m[48;2;255;101;81m▀[0m[38;2;0;0;0m[48;2;0;0;0m▀[0m[38;2;19;43;47m[48;2;29;51;55m▀[0m[38;2;34;42;42m[48;2;11;16;17m▀[0m[38;2;0;0;0m[48;2;0;0;0m▀[0m[38;2;0;0;0m[48;2;0;0;0m▀[0m[38;2;0;0;0m[48;2;0;0;0m▀[0m[38;2;0;0;0m[48;2;0;0;0m▀[0m[38;2;0;0;0m[48;2;0;0;0m▀[0m[38;2;0;5;8m[48;2;0;1;2m▀[0m[38;2;20;41;39m[48;2;63;79;79m▀[0m[38;2;0;0;0m[48;2;0;0;0m▀[0m[38;2;255;100;76m[48;2;217;81;61m▀[0m[38;2;255;127;100m[48;2;255;128;103m▀[0m[38;2;255;124;98m[48;2;255;116;93m▀[0m[38;2;205;76;68m[48;2;214;82;63m▀[0m[38;2;90;29;24m[48;2;164;59;50m▀[0m[38;2;255;88;65m[48;2;255;100;79m▀[0m[38;2;182;38;23m[48;2;128;28;14m▀[0m[38;2;116;149;147m[48;2;63;105;109m▀[0m[38;2;255;255;255m[48;2;255;255;255m▀[0m[38;2;234;235;231m[48;2;212;216;211m▀[0m[38;2;255;255;255m[48;2;255;255;255m▀[0m[38;2;108;105;103m[48;2;98;98;95m▀[0m[38;2;0;0;0m[48;2;0;0;0m▀[0m[38;2;124;126;128m[48;2;71;71;72m▀[0m[38;2;255;255;255m[48;2;255;255;255m▀[0m[38;2;87;91;87m[48;2;27;30;27m▀[0m[38;2;73;70;72m[48;2;30;32;32m▀[0m[38;2;0;0;0m[48;2;101;97;97m▀[0m[38;2;20;22;22m[48;2;0;0;0m▀[0m[38;2;16;16;17m[48;2;29;29;31m▀[0m[38;2;0;0;0m[48;2;5;2;5m▀[0m[38;2;30;30;30m[48;2;0;0;0m▀[0m[38;2;34;34;31m[48;2;60;60;60m▀[0m[38;2;0;0;0m[48;2;0;0;0m▀[0m[38;2;73;71;74m[48;2;0;0;0m▀[0m[38;2;47;50;51m[48;2;16;16;18m▀[0m[38;2;0;0;0m[48;2;0;0;0m▀[0m[38;2;0;0;0m[48;2;78;75;79m▀[0m[38;2;70;70;71m[48;2;28;24;31m▀[0m[38;2;147;147;149m[48;2;70;73;72m▀[0m[38;2;22;18;24m[48;2;131;129;132m▀[0m[38;2;41;38;45m[48;2;24;21;25m▀[0m[38;2;14;11;18m[48;2;50;50;52m▀[0m
[38;2;23;100;100m[48;2;41;119;115m▀[0m[38;2;0;0;0m[48;2;27;15;17m▀[0m[38;2;0;7;3m[48;2;0;1;2m▀[0m[38;2;0;0;0m[48;2;19;44;43m▀[0m[38;2;137;144;137m[48;2;85;97;92m▀[0m[38;2;255;255;255m[48;2;255;255;255m▀[0m[38;2;86;128;128m[48;2;124;145;150m▀[0m[38;2;0;2;0m[48;2;0;35;33m▀[0m[38;2;0;0;0m[48;2;0;0;0m▀[0m[38;2;9;82;70m[48;2;0;63;54m▀[0m[38;2;0;0;0m[48;2;0;0;0m▀[0m[38;2;1;0;0m[48;2;0;0;0m▀[0m[38;2;1;1;1m[48;2;1;0;0m▀[0m[38;2;0;1;1m[48;2;0;0;0m▀[0m[38;2;0;0;0m[48;2;0;0;0m▀[0m[38;2;0;0;0m[48;2;0;0;0m▀[0m[38;2;0;3;4m[48;2;66;69;70m▀[0m[38;2;255;255;255m[48;2;255;255;255m▀[0m[38;2;255;255;255m[48;2;211;218;217m▀[0m[38;2;0;0;0m[48;2;0;0;0m▀[0m[38;2;106;110;111m[48;2;103;111;111m▀[0m[38;2;255;255;255m[48;2;255;255;255m▀[0m[38;2;220;219;219m[48;2;218;218;216m▀[0m[38;2;255;255;255m[48;2;255;255;255m▀[0m[38;2;177;189;185m[48;2;220;234;230m▀[0m[38;2;83;0;0m[48;2;0;0;0m▀[0m[38;2;75;34;30m[48;2;237;43;24m▀[0m[38;2;212;62;45m[48;2;238;123;110m▀[0m[38;2;108;33;29m[48;2;12;34;37m▀[0m[38;2;255;105;82m[48;2;238;82;65m▀[0m[38;2;255;136;110m[48;2;255;140;117m▀[0m[38;2;228;79;65m[48;2;200;55;44m▀[0m[38;2;0;0;0m[48;2;0;0;0m▀[0m[38;2;0;0;0m[48;2;31;73;73m▀[0m[38;2;0;0;0m[48;2;234;243;245m▀[0m[38;2;0;0;0m[48;2;255;255;255m▀[0m[38;2;0;0;0m[48;2;255;255;255m▀[0m[38;2;0;0;0m[48;2;109;113;113m▀[0m[38;2;0;0;0m[48;2;189;191;191m▀[0m[38;2;0;0;0m[48;2;255;255;255m▀[0m[38;2;0;0;0m[48;2;90;87;87m▀[0m[38;2;0;0;0m[48;2;0;62;82m▀[0m[38;2;0;0;0m[48;2;0;0;14m▀[0m[38;2;180;65;45m[48;2;142;29;6m▀[0m[38;2;255;133;103m[48;2;255;130;99m▀[0m[38;2;255;119;96m[48;2;255;125;101m▀[0m[38;2;173;65;52m[48;2;130;61;55m▀[0m[38;2;147;54;42m[48;2;219;135;117m▀[0m[38;2;255;106;84m[48;2;255;82;60m▀[0m[38;2;19;0;0m[48;2;0;0;0m▀[0m[38;2;88;136;140m[48;2;101;130;135m▀[0m[38;2;255;255;255m[48;2;255;255;255m▀[0m[38;2;204;207;203m[48;2;206;209;203m▀[0m[38;2;255;255;255m[48;2;255;255;255m▀[0m[38;2;62;65;62m[48;2;23;21;25m▀[0m[38;2;29;36;37m[48;2;87;97;99m▀[0m[38;2;24;24;25m[48;2;0;4;4m▀[0m[38;2;255;255;255m[48;2;255;255;255m▀[0m[38;2;130;131;128m[48;2;225;222;222m▀[0m[38;2;0;0;0m[48;2;0;0;0m▀[0m[38;2;82;84;84m[48;2;0;0;0m▀[0m[38;2;54;56;56m[48;2;165;164;165m▀[0m[38;2;0;0;0m[48;2;16;19;19m▀[0m[38;2;27;22;27m[48;2;0;0;0m▀[0m[38;2;0;0;0m[48;2;0;0;0m▀[0m[38;2;66;70;70m[48;2;46;48;49m▀[0m[38;2;0;0;0m[48;2;10;12;12m▀[0m[38;2;0;0;0m[48;2;0;0;0m▀[0m[38;2;0;0;0m[48;2;0;0;0m▀[0m[38;2;126;129;128m[48;2;127;130;131m▀[0m[38;2;111;113;115m[48;2;29;31;31m▀[0m[38;2;61;59;66m[48;2;0;0;0m▀[0m[38;2;17;20;21m[48;2;46;49;50m▀[0m[38;2;93;97;98m[48;2;0;0;0m▀[0m[38;2;132;130;133m[48;2;157;160;159m▀[0m[38;2;29;25;32m[48;2;59;56;60m▀[0m
[38;2;103;112;110m[48;2;0;0;0m▀[0m[38;2;226;209;210m[48;2;37;24;21m▀[0m[38;2;170;154;156m[48;2;122;110;112m▀[0m[38;2;182;173;177m[48;2;255;255;255m▀[0m[38;2;12;10;7m[48;2;130;126;125m▀[0m[38;2;255;255;255m[48;2;255;255;255m▀[0m[38;2;144;165;168m[48;2;224;222;231m▀[0m[38;2;0;0;0m[48;2;108;128;131m▀[0m[38;2;0;0;0m[48;2;82;70;70m▀[0m[38;2;0;20;14m[48;2;2;36;32m▀[0m[38;2;0;0;0m[48;2;0;0;0m▀[0m[38;2;0;0;0m[48;2;0;0;0m▀[0m[38;2;0;0;0m[48;2;0;0;0m▀[0m[38;2;0;0;0m[48;2;0;0;0m▀[0m[38;2;0;0;0m[48;2;0;0;0m▀[0m[38;2;0;0;0m[48;2;0;0;0m▀[0m[38;2;106;109;109m[48;2;169;171;172m▀[0m[38;2;255;255;255m[48;2;255;255;255m▀[0m[38;2;144;149;144m[48;2;69;70;66m▀[0m[38;2;7;10;12m[48;2;42;49;49m▀[0m[38;2;52;59;60m[48;2;30;36;35m▀[0m[38;2;244;243;240m[48;2;232;232;230m▀[0m[38;2;234;237;234m[48;2;249;252;248m▀[0m[38;2;255;255;255m[48;2;254;255;250m▀[0m[38;2;235;243;241m[48;2;235;243;240m▀[0m[38;2;0;0;0m[48;2;219;248;249m▀[0m[38;2;147;65;55m[48;2;92;124;126m▀[0m[38;2;255;171;142m[48;2;255;100;69m▀[0m[38;2;35;51;57m[48;2;146;50;39m▀[0m[38;2;173;52;44m[48;2;205;76;61m▀[0m[38;2;255;146;117m[48;2;255;138;109m▀[0m[38;2;216;54;31m[48;2;255;63;38m▀[0m[38;2;22;98;105m[48;2;98;131;137m▀[0m[38;2;147;190;191m[48;2;255;255;255m▀[0m[38;2;255;255;255m[48;2;255;255;255m▀[0m[38;2;255;255;255m[48;2;255;255;255m▀[0m[38;2;255;255;255m[48;2;255;255;255m▀[0m[38;2;255;255;255m[48;2;255;255;255m▀[0m[38;2;255;255;255m[48;2;208;224;224m▀[0m[38;2;255;255;255m[48;2;255;255;255m▀[0m[38;2;255;255;255m[48;2;255;255;255m▀[0m[38;2;243;255;255m[48;2;255;255;255m▀[0m[38;2;61;150;168m[48;2;90;146;151m▀[0m[38;2;147;19;0m[48;2;194;30;8m▀[0m[38;2;255;129;98m[48;2;255;127;96m▀[0m[38;2;255;124;100m[48;2;255;115;91m▀[0m[38;2;73;35;30m[48;2;17;1;4m▀[0m[38;2;159;98;85m[48;2;255;112;98m▀[0m[38;2;141;58;45m[48;2;49;20;20m▀[0m[38;2;0;0;0m[48;2;60;98;97m▀[0m[38;2;115;129;126m[48;2;123;129;126m▀[0m[38;2;255;255;255m[48;2;255;255;255m▀[0m[38;2;219;221;219m[48;2;236;238;236m▀[0m[38;2;255;255;255m[48;2;255;255;255m▀[0m[38;2;0;0;0m[48;2;47;49;47m▀[0m[38;2;110;118;118m[48;2;178;187;185m▀[0m[38;2;0;0;0m[48;2;0;3;3m▀[0m[38;2;241;248;248m[48;2;129;133;138m▀[0m[38;2;255;255;255m[48;2;255;255;255m▀[0m[38;2;0;0;0m[48;2;56;58;56m▀[0m[38;2;0;0;0m[48;2;0;0;0m▀[0m[38;2;2;1;2m[48;2;0;0;0m▀[0m[38;2;192;194;194m[48;2;82;84;84m▀[0m[38;2;0;0;0m[48;2;132;137;137m▀[0m[38;2;0;0;0m[48;2;0;0;0m▀[0m[38;2;3;5;6m[48;2;0;0;0m▀[0m[38;2;9;11;11m[48;2;0;0;0m▀[0m[38;2;0;0;0m[48;2;0;0;0m▀[0m[38;2;0;0;0m[48;2;0;0;0m▀[0m[38;2;0;0;0m[48;2;0;0;0m▀[0m[38;2;0;0;0m[48;2;0;0;0m▀[0m[38;2;0;0;0m[48;2;0;0;0m▀[0m[38;2;2;2;2m[48;2;0;0;0m▀[0m[38;2;0;0;0m[48;2;0;0;0m▀[0m[38;2;90;92;92m[48;2;56;58;58m▀[0m[38;2;104;104;109m[48;2;46;49;51m▀[0m
[38;2;0;27;30m[48;2;34;32;39m▀[0m[38;2;19;103;115m[48;2;21;116;130m▀[0m[38;2;104;211;227m[48;2;57;187;210m▀[0m[38;2;255;255;255m[48;2;216;216;218m▀[0m[38;2;206;196;194m[48;2;92;79;73m▀[0m[38;2;255;255;255m[48;2;255;255;255m▀[0m[38;2;255;255;255m[48;2;231;234;236m▀[0m[38;2;225;217;217m[48;2;109;112;112m▀[0m[38;2;255;255;255m[48;2;147;146;144m▀[0m[38;2;255;255;255m[48;2;255;255;255m▀[0m[38;2;255;250;253m[48;2;255;255;255m▀[0m[38;2;0;0;0m[48;2;81;83;83m▀[0m[38;2;0;0;0m[48;2;0;0;0m▀[0m[38;2;0;0;0m[48;2;0;0;0m▀[0m[38;2;0;0;0m[48;2;0;0;0m▀[0m[38;2;0;0;0m[48;2;33;36;36m▀[0m[38;2;255;255;255m[48;2;255;255;255m▀[0m[38;2;255;255;255m[48;2;212;220;218m▀[0m[38;2;54;57;57m[48;2;7;19;19m▀[0m[38;2;137;151;152m[48;2;68;61;58m▀[0m[38;2;106;111;110m[48;2;145;150;151m▀[0m[38;2;218;218;216m[48;2;151;154;153m▀[0m[38;2;233;233;226m[48;2;233;232;225m▀[0m[38;2;244;248;244m[48;2;249;248;246m▀[0m[38;2;255;255;255m[48;2;255;255;255m▀[0m[38;2;0;0;0m[48;2;71;77;77m▀[0m[38;2;0;0;0m[48;2;0;0;0m▀[0m[38;2;90;32;24m[48;2;0;0;0m▀[0m[38;2;194;79;64m[48;2;0;0;0m▀[0m[38;2;165;58;48m[48;2;131;54;42m▀[0m[38;2;255;135;104m[48;2;255;141;110m▀[0m[38;2;255;103;74m[48;2;255;126;97m▀[0m[38;2;74;41;39m[48;2;122;31;29m▀[0m[38;2;210;255;255m[48;2;110;69;55m▀[0m[38;2;255;108;70m[48;2;255;0;0m▀[0m[38;2;255;44;9m[48;2;255;0;0m▀[0m[38;2;243;240;234m[48;2;223;144;135m▀[0m[38;2;255;255;255m[48;2;255;255;255m▀[0m[38;2;255;255;255m[48;2;239;255;255m▀[0m[38;2;245;255;255m[48;2;255;0;0m▀[0m[38;2;255;255;255m[48;2;255;129;106m▀[0m[38;2;255;255;255m[48;2;230;255;255m▀[0m[38;2;102;141;140m[48;2;29;37;41m▀[0m[38;2;245;36;8m[48;2;255;87;58m▀[0m[38;2;255;135;105m[48;2;255;138;108m▀[0m[38;2;248;95;75m[48;2;201;77;64m▀[0m[38;2;66;20;20m[48;2;64;27;23m▀[0m[38;2;255;117;100m[48;2;19;3;2m▀[0m[38;2;0;0;0m[48;2;0;0;0m▀[0m[38;2;0;0;0m[48;2;0;0;0m▀[0m[38;2;120;129;128m[48;2;136;138;136m▀[0m[38;2;255;255;255m[48;2;255;255;255m▀[0m[38;2;255;255;255m[48;2;255;255;255m▀[0m[38;2;236;236;237m[48;2;220;223;220m▀[0m[38;2;85;88;87m[48;2;77;77;75m▀[0m[38;2;174;178;179m[48;2;248;252;251m▀[0m[38;2;0;0;0m[48;2;25;0;0m▀[0m[38;2;55;63;63m[48;2;0;0;0m▀[0m[38;2;255;255;255m[48;2;195;207;209m▀[0m[38;2;207;210;210m[48;2;255;255;255m▀[0m[38;2;0;0;0m[48;2;0;0;0m▀[0m[38;2;0;0;0m[48;2;0;0;0m▀[0m[38;2;0;0;0m[48;2;0;0;0m▀[0m[38;2;152;154;154m[48;2;0;0;0m▀[0m[38;2;37;36;36m[48;2;150;152;154m▀[0m[38;2;0;0;0m[48;2;0;0;0m▀[0m[38;2;108;110;112m[48;2;87;90;96m▀[0m[38;2;41;41;43m[48;2;30;30;30m▀[0m[38;2;0;0;0m[48;2;0;0;0m▀[0m[38;2;0;0;0m[48;2;0;0;0m▀[0m[38;2;7;7;8m[48;2;0;0;0m▀[0m[38;2;12;12;17m[48;2;84;81;89m▀[0m[38;2;0;0;0m[48;2;48;46;50m▀[0m[38;2;0;0;0m[48;2;0;0;0m▀[0m[38;2;0;0;0m[48;2;0;0;0m▀[0m[38;2;0;0;0m[48;2;0;0;0m▀[0m
[38;2;42;51;59m[48;2;45;101;112m▀[0m[38;2;23;89;102m[48;2;24;66;73m▀[0m[38;2;47;189;212m[48;2;130;193;199m▀[0m[38;2;193;214;216m[48;2;214;221;221m▀[0m[38;2;57;45;41m[48;2;234;230;230m▀[0m[38;2;153;152;153m[48;2;255;255;255m▀[0m[38;2;186;189;186m[48;2;255;255;255m▀[0m[38;2;246;246;240m[48;2;255;255;255m▀[0m[38;2;255;255;255m[48;2;255;255;255m▀[0m[38;2;255;255;255m[48;2;143;141;139m▀[0m[38;2;238;241;238m[48;2;49;45;42m▀[0m[38;2;0;0;0m[48;2;0;0;0m▀[0m[38;2;0;0;0m[48;2;0;0;0m▀[0m[38;2;0;0;0m[48;2;0;0;0m▀[0m[38;2;0;0;0m[48;2;0;0;0m▀[0m[38;2;106;109;109m[48;2;120;125;124m▀[0m[38;2;255;255;255m[48;2;252;255;255m▀[0m[38;2;108;119;119m[48;2;255;255;255m▀[0m[38;2;15;0;0m[48;2;62;43;38m▀[0m[38;2;89;25;21m[48;2;255;255;251m▀[0m[38;2;125;137;139m[48;2;7;14;14m▀[0m[38;2;66;66;68m[48;2;42;44;44m▀[0m[38;2;241;241;239m[48;2;235;235;233m▀[0m[38;2;255;255;253m[48;2;255;255;255m▀[0m[38;2;255;255;255m[48;2;238;241;240m▀[0m[38;2;190;191;187m[48;2;169;172;169m▀[0m[38;2;0;0;0m[48;2;0;0;0m▀[0m[38;2;0;0;0m[48;2;0;0;0m▀[0m[38;2;0;0;0m[48;2;25;10;6m▀[0m[38;2;3;5;5m[48;2;15;14;8m▀[0m[38;2;255;147;114m[48;2;83;37;32m▀[0m[38;2;255;147;112m[48;2;255;179;138m▀[0m[38;2;159;39;27m[48;2;245;75;54m▀[0m[38;2;0;57;68m[48;2;0;0;16m▀[0m[38;2;255;126;91m[48;2;255;199;189m▀[0m[38;2;255;0;0m[48;2;255;129;102m▀[0m[38;2;223;0;0m[48;2;203;138;124m▀[0m[38;2;255;255;255m[48;2;214;254;253m▀[0m[38;2;255;118;95m[48;2;255;19;0m▀[0m[38;2;255;0;0m[48;2;255;0;0m▀[0m[38;2;255;0;0m[48;2;255;47;7m▀[0m[38;2;45;63;68m[48;2;0;22;29m▀[0m[38;2;0;0;0m[48;2;72;27;21m▀[0m[38;2;255;128;101m[48;2;255;168;136m▀[0m[38;2;255;154;126m[48;2;255;118;98m▀[0m[38;2;143;59;48m[48;2;6;6;8m▀[0m[38;2;0;0;0m[48;2;0;0;0m▀[0m[38;2;0;0;0m[48;2;0;0;0m▀[0m[38;2;48;59;69m[48;2;0;2;4m▀[0m[38;2;5;12;14m[48;2;5;5;3m▀[0m[38;2;131;136;132m[48;2;138;140;138m▀[0m[38;2;255;255;255m[48;2;255;255;255m▀[0m[38;2;255;255;255m[48;2;255;255;255m▀[0m[38;2;226;226;223m[48;2;154;154;152m▀[0m[38;2;11;11;12m[48;2;31;34;38m▀[0m[38;2;177;183;183m[48;2;0;0;0m▀[0m[38;2;255;255;255m[48;2;163;171;171m▀[0m[38;2;50;0;0m[48;2;205;178;169m▀[0m[38;2;19;0;0m[48;2;173;153;149m▀[0m[38;2;243;254;255m[48;2;255;255;255m▀[0m[38;2;87;89;89m[48;2;203;217;218m▀[0m[38;2;0;0;0m[48;2;120;130;128m▀[0m[38;2;0;0;0m[48;2;0;0;0m▀[0m[38;2;0;0;0m[48;2;0;0;0m▀[0m[38;2;46;48;48m[48;2;0;0;0m▀[0m[38;2;91;95;95m[48;2;86;88;88m▀[0m[38;2;0;0;0m[48;2;33;29;29m▀[0m[38;2;0;0;0m[48;2;0;0;0m▀[0m[38;2;0;0;0m[48;2;0;0;0m▀[0m[38;2;0;0;0m[48;2;0;0;0m▀[0m[38;2;0;0;0m[48;2;0;0;0m▀[0m[38;2;35;35;36m[48;2;0;0;0m▀[0m[38;2;87;87;91m[48;2;14;14;15m▀[0m[38;2;0;0;0m[48;2;58;56;60m▀[0m[38;2;0;0;0m[48;2;7;7;9m▀[0m[38;2;0;0;0m[48;2;0;0;0m▀[0m
[38;2;60;113;123m[48;2;0;0;0m▀[0m[38;2;89;128;137m[48;2;0;0;0m▀[0m[38;2;206;204;197m[48;2;0;0;0m▀[0m[38;2;216;213;210m[48;2;0;0;0m▀[0m[38;2;200;199;199m[48;2;0;0;0m▀[0m[38;2;162;164;164m[48;2;0;0;0m▀[0m[38;2;98;98;98m[48;2;0;0;0m▀[0m[38;2;45;44;44m[48;2;0;0;0m▀[0m[38;2;0;0;0m[48;2;0;0;0m▀[0m[38;2;0;0;0m[48;2;0;4;0m▀[0m[38;2;0;0;0m[48;2;0;24;8m▀[0m[38;2;0;0;0m[48;2;0;0;0m▀[0m[38;2;0;0;0m[48;2;211;201;203m▀[0m[38;2;25;30;30m[48;2;255;255;255m▀[0m[38;2;214;223;223m[48;2;255;255;255m▀[0m[38;2;255;255;255m[48;2;166;144;141m▀[0m[38;2;135;114;114m[48;2;46;0;0m▀[0m[38;2;255;255;255m[48;2;63;11;9m▀[0m[38;2;255;255;255m[48;2;118;132;132m▀[0m[38;2;145;155;155m[48;2;0;0;0m▀[0m[38;2;0;0;0m[48;2;0;0;0m▀[0m[38;2;43;47;46m[48;2;0;14;14m▀[0m[38;2;179;182;181m[48;2;129;133;130m▀[0m[38;2;255;255;255m[48;2;255;255;255m▀[0m[38;2;236;237;234m[48;2;238;239;236m▀[0m[38;2;123;127;127m[48;2;144;144;146m▀[0m[38;2;36;34;37m[48;2;0;0;0m▀[0m[38;2;0;0;0m[48;2;110;113;112m▀[0m[38;2;0;0;0m[48;2;12;22;22m▀[0m[38;2;54;27;22m[48;2;20;4;7m▀[0m[38;2;0;0;0m[48;2;0;0;0m▀[0m[38;2;98;34;35m[48;2;0;0;0m▀[0m[38;2;255;105;90m[48;2;14;6;6m▀[0m[38;2;111;23;25m[48;2;83;0;2m▀[0m[38;2;146;208;214m[48;2;76;105;114m▀[0m[38;2;255;138;111m[48;2;255;244;238m▀[0m[38;2;255;137;114m[48;2;255;0;0m▀[0m[38;2;228;255;255m[48;2;255;71;35m▀[0m[38;2;255;27;0m[48;2;255;0;0m▀[0m[38;2;255;20;0m[48;2;243;0;0m▀[0m[38;2;207;10;0m[48;2;130;50;49m▀[0m[38;2;163;75;77m[48;2;255;124;112m▀[0m[38;2;238;97;77m[48;2;25;9;18m▀[0m[38;2;255;115;92m[48;2;0;0;0m▀[0m[38;2;0;0;0m[48;2;0;0;0m▀[0m[38;2;73;29;24m[48;2;59;21;17m▀[0m[38;2;0;0;0m[48;2;0;0;0m▀[0m[38;2;0;0;0m[48;2;28;27;27m▀[0m[38;2;0;0;0m[48;2;0;0;0m▀[0m[38;2;22;22;19m[48;2;91;96;91m▀[0m[38;2;197;200;196m[48;2;255;255;255m▀[0m[38;2;255;255;255m[48;2;255;255;255m▀[0m[38;2;255;255;255m[48;2;251;250;248m▀[0m[38;2;82;84;82m[48;2;38;42;43m▀[0m[38;2;60;66;68m[48;2;71;77;76m▀[0m[38;2;0;0;0m[48;2;0;0;0m▀[0m[38;2;0;0;0m[48;2;0;0;0m▀[0m[38;2;16;25;30m[48;2;5;0;0m▀[0m[38;2;231;240;243m[48;2;125;98;101m▀[0m[38;2;255;255;255m[48;2;133;150;151m▀[0m[38;2;255;247;246m[48;2;33;0;0m▀[0m[38;2;255;255;255m[48;2;232;206;203m▀[0m[38;2;255;255;255m[48;2;255;255;255m▀[0m[38;2;0;2;3m[48;2;255;255;255m▀[0m[38;2;0;0;0m[48;2;145;145;146m▀[0m[38;2;0;0;0m[48;2;0;0;0m▀[0m[38;2;109;115;116m[48;2;0;66;62m▀[0m[38;2;0;0;0m[48;2;70;60;60m▀[0m[38;2;0;0;0m[48;2;0;0;0m▀[0m[38;2;0;0;0m[48;2;0;0;0m▀[0m[38;2;0;0;0m[48;2;1;0;2m▀[0m[38;2;0;0;0m[48;2;0;0;0m▀[0m[38;2;0;0;0m[48;2;0;0;0m▀[0m[38;2;89;91;97m[48;2;71;69;72m▀[0m[38;2;37;37;38m[48;2;24;24;25m▀[0m[38;2;7;10;9m[48;2;15;17;17m▀[0m
[38;2;0;0;0m[48;2;0;5;3m▀[0m[38;2;0;0;0m[48;2;16;14;17m▀[0m[38;2;0;0;0m[48;2;11;33;33m▀[0m[38;2;0;2;2m[48;2;34;101;96m▀[0m[38;2;0;0;0m[48;2;5;17;21m▀[0m[38;2;3;17;18m[48;2;66;128;141m▀[0m[38;2;0;0;0m[48;2;0;3;0m▀[0m[38;2;0;0;0m[48;2;0;2;0m▀[0m[38;2;8;29;30m[48;2;0;0;0m▀[0m[38;2;0;0;0m[48;2;0;0;0m▀[0m[38;2;0;21;12m[48;2;255;255;255m▀[0m[38;2;255;255;255m[48;2;255;255;255m▀[0m[38;2;255;255;255m[48;2;255;253;252m▀[0m[38;2;255;255;255m[48;2;195;133;133m▀[0m[38;2;172;146;142m[48;2;255;255;255m▀[0m[38;2;0;0;0m[48;2;255;255;255m▀[0m[38;2;132;88;87m[48;2;255;255;255m▀[0m[38;2;141;77;78m[48;2;255;255;255m▀[0m[38;2;0;0;0m[48;2;49;61;59m▀[0m[38;2;0;0;0m[48;2;0;0;0m▀[0m[38;2;57;8;3m[48;2;76;25;21m▀[0m[38;2;97;60;57m[48;2;21;14;12m▀[0m[38;2;78;88;90m[48;2;22;36;36m▀[0m[38;2;255;255;255m[48;2;255;255;255m▀[0m[38;2;252;254;252m[48;2;255;255;255m▀[0m[38;2;145;142;145m[48;2;219;219;219m▀[0m[38;2;0;0;0m[48;2;0;0;0m▀[0m[38;2;0;0;0m[48;2;0;0;0m▀[0m[38;2;0;2;3m[48;2;14;16;16m▀[0m[38;2;0;0;0m[48;2;17;15;18m▀[0m[38;2;0;0;6m[48;2;33;12;16m▀[0m[38;2;0;3;0m[48;2;0;0;0m▀[0m[38;2;201;133;0m[48;2;49;38;3m▀[0m[38;2;6;11;0m[48;2;255;205;0m▀[0m[38;2;0;0;0m[48;2;7;0;0m▀[0m[38;2;221;255;255m[48;2;16;70;137m▀[0m[38;2;220;137;132m[48;2;255;255;255m▀[0m[38;2;208;0;0m[48;2;166;225;248m▀[0m[38;2;245;24;2m[48;2;255;255;255m▀[0m[38;2;158;196;206m[48;2;86;158;216m▀[0m[38;2;183;68;61m[48;2;0;0;0m▀[0m[38;2;56;18;16m[48;2;164;122;0m▀[0m[38;2;0;4;0m[48;2;62;49;0m▀[0m[38;2;0;0;0m[48;2;0;0;0m▀[0m[38;2;38;18;17m[48;2;24;10;10m▀[0m[38;2;0;0;0m[48;2;0;0;0m▀[0m[38;2;0;0;0m[48;2;118;127;125m▀[0m[38;2;16;18;20m[48;2;0;0;0m▀[0m[38;2;0;0;0m[48;2;0;0;0m▀[0m[38;2;173;177;177m[48;2;95;97;97m▀[0m[38;2;236;239;238m[48;2;178;181;177m▀[0m[38;2;255;255;255m[48;2;245;247;245m▀[0m[38;2;173;173;171m[48;2;126;130;133m▀[0m[38;2;16;34;36m[48;2;48;63;65m▀[0m[38;2;168;126;117m[48;2;0;0;0m▀[0m[38;2;0;0;0m[48;2;52;8;8m▀[0m[38;2;0;0;0m[48;2;209;92;91m▀[0m[38;2;81;51;51m[48;2;114;50;49m▀[0m[38;2;245;213;213m[48;2;81;11;12m▀[0m[38;2;255;255;255m[48;2;50;0;0m▀[0m[38;2;253;255;255m[48;2;137;96;89m▀[0m[38;2;227;207;204m[48;2;255;246;244m▀[0m[38;2;255;240;236m[48;2;114;0;0m▀[0m[38;2;255;255;255m[48;2;151;46;38m▀[0m[38;2;255;255;255m[48;2;189;162;155m▀[0m[38;2;238;243;244m[48;2;255;255;255m▀[0m[38;2;0;0;0m[48;2;141;156;154m▀[0m[38;2;14;65;63m[48;2;0;25;20m▀[0m[38;2;0;0;0m[48;2;0;0;0m▀[0m[38;2;0;0;0m[48;2;0;0;0m▀[0m[38;2;1;0;0m[48;2;0;0;0m▀[0m[38;2;0;0;0m[48;2;1;0;0m▀[0m[38;2;0;0;0m[48;2;0;0;0m▀[0m[38;2;2;2;3m[48;2;0;0;0m▀[0m[38;2;36;33;37m[48;2;15;15;16m▀[0m[38;2;15;15;16m[48;2;27;24;31m▀[0m
[38;2;1;10;8m[48;2;0;2;2m▀[0m[38;2;24;21;24m[48;2;39;37;35m▀[0m[38;2;0;0;0m[48;2;17;10;7m▀[0m[38;2;0;1;1m[48;2;0;0;0m▀[0m[38;2;2;4;2m[48;2;0;0;0m▀[0m[38;2;76;139;155m[48;2;86;152;168m▀[0m[38;2;0;0;0m[48;2;0;0;0m▀[0m[38;2;0;36;32m[48;2;0;52;42m▀[0m[38;2;0;0;0m[48;2;91;124;125m▀[0m[38;2;255;255;255m[48;2;255;255;255m▀[0m[38;2;255;255;255m[48;2;30;0;0m▀[0m[38;2;164;76;65m[48;2;165;34;25m▀[0m[38;2;108;0;0m[48;2;154;74;71m▀[0m[38;2;216;160;157m[48;2;255;255;255m▀[0m[38;2;255;255;255m[48;2;119;64;56m▀[0m[38;2;140;103;99m[48;2;25;0;0m▀[0m[38;2;49;0;0m[48;2;146;115;110m▀[0m[38;2;78;17;15m[48;2;176;104;90m▀[0m[38;2;124;58;58m[48;2;171;70;62m▀[0m[38;2;203;93;85m[48;2;218;95;86m▀[0m[38;2;23;5;3m[48;2;255;114;102m▀[0m[38;2;0;0;0m[48;2;30;0;0m▀[0m[38;2;0;0;0m[48;2;0;0;0m▀[0m[38;2;207;211;210m[48;2;131;135;135m▀[0m[38;2;255;255;255m[48;2;255;255;255m▀[0m[38;2;255;255;255m[48;2;255;255;255m▀[0m[38;2;0;0;0m[48;2;61;64;64m▀[0m[38;2;0;0;0m[48;2;0;0;0m▀[0m[38;2;68;70;70m[48;2;0;0;0m▀[0m[38;2;0;6;7m[48;2;0;0;0m▀[0m[38;2;9;5;9m[48;2;0;0;2m▀[0m[38;2;0;0;0m[48;2;0;0;0m▀[0m[38;2;0;0;0m[48;2;0;0;0m▀[0m[38;2;76;52;3m[48;2;19;20;4m▀[0m[38;2;178;105;0m[48;2;152;103;0m▀[0m[38;2;157;99;0m[48;2;122;54;0m▀[0m[38;2;255;255;255m[48;2;141;152;168m▀[0m[38;2;255;255;255m[48;2;255;255;255m▀[0m[38;2;255;255;255m[48;2;197;209;217m▀[0m[38;2;103;51;0m[48;2;122;48;0m▀[0m[38;2;181;99;0m[48;2;157;98;0m▀[0m[38;2;136;81;0m[48;2;0;0;0m▀[0m[38;2;0;0;0m[48;2;0;0;0m▀[0m[38;2;0;0;4m[48;2;9;9;11m▀[0m[38;2;0;0;0m[48;2;0;0;0m▀[0m[38;2;0;0;0m[48;2;0;0;0m▀[0m[38;2;0;0;0m[48;2;0;0;0m▀[0m[38;2;0;0;0m[48;2;65;68;70m▀[0m[38;2;60;60;62m[48;2;44;44;48m▀[0m[38;2;0;0;0m[48;2;0;0;0m▀[0m[38;2;160;164;164m[48;2;255;255;255m▀[0m[38;2;213;217;218m[48;2;233;239;238m▀[0m[38;2;250;255;255m[48;2;255;255;255m▀[0m[38;2;0;0;0m[48;2;117;21;12m▀[0m[38;2;79;5;1m[48;2;255;110;91m▀[0m[38;2;219;98;86m[48;2;0;0;0m▀[0m[38;2;124;56;48m[48;2;136;58;48m▀[0m[38;2;210;93;81m[48;2;243;104;88m▀[0m[38;2;163;71;61m[48;2;198;84;66m▀[0m[38;2;153;85;81m[48;2;173;49;37m▀[0m[38;2;60;0;0m[48;2;146;49;37m▀[0m[38;2;157;157;152m[48;2;75;15;9m▀[0m[38;2;255;255;255m[48;2;169;186;183m▀[0m[38;2;122;12;8m[48;2;140;90;85m▀[0m[38;2;110;0;0m[48;2;138;52;48m▀[0m[38;2;20;11;8m[48;2;84;0;0m▀[0m[38;2;255;255;255m[48;2;150;165;165m▀[0m[38;2;0;34;31m[48;2;87;106;103m▀[0m[38;2;0;0;0m[48;2;0;0;0m▀[0m[38;2;0;16;11m[48;2;28;111;100m▀[0m[38;2;0;0;0m[48;2;0;0;0m▀[0m[38;2;0;0;0m[48;2;0;0;0m▀[0m[38;2;0;0;0m[48;2;0;0;0m▀[0m[38;2;0;0;0m[48;2;1;0;1m▀[0m[38;2;0;0;0m[48;2;0;2;2m▀[0m[38;2;5;5;6m[48;2;0;0;0m▀[0m
[38;2;0;1;0m[48;2;0;30;29m▀[0m[38;2;49;33;35m[48;2;32;18;23m▀[0m[38;2;73;95;90m[48;2;118;135;132m▀[0m[38;2;11;115;97m[48;2;0;32;25m▀[0m[38;2;0;0;0m[48;2;0;0;0m▀[0m[38;2;66;137;150m[48;2;46;111;128m▀[0m[38;2;3;42;39m[48;2;0;31;33m▀[0m[38;2;0;45;36m[48;2;0;0;0m▀[0m[38;2;153;173;172m[48;2;137;145;147m▀[0m[38;2;55;59;59m[48;2;49;36;33m▀[0m[38;2;106;21;15m[48;2;184;74;68m▀[0m[38;2;176;66;60m[48;2;137;58;55m▀[0m[38;2;139;122;125m[48;2;85;69;66m▀[0m[38;2;142;66;64m[48;2;167;76;69m▀[0m[38;2;110;24;15m[48;2;104;35;29m▀[0m[38;2;0;0;0m[48;2;58;51;50m▀[0m[38;2;132;41;31m[48;2;218;156;150m▀[0m[38;2;205;85;72m[48;2;181;71;56m▀[0m[38;2;235;97;81m[48;2;223;91;81m▀[0m[38;2;120;55;47m[48;2;228;109;91m▀[0m[38;2;0;0;0m[48;2;0;0;0m▀[0m[38;2;167;59;50m[48;2;0;0;0m▀[0m[38;2;32;16;14m[48;2;137;32;19m▀[0m[38;2;135;157;159m[48;2;100;91;92m▀[0m[38;2;255;255;255m[48;2;255;255;255m▀[0m[38;2;255;255;255m[48;2;255;255;255m▀[0m[38;2;0;0;0m[48;2;0;0;0m▀[0m[38;2;63;65;65m[48;2;0;0;0m▀[0m[38;2;24;28;28m[48;2;0;12;12m▀[0m[38;2;0;0;0m[48;2;0;0;0m▀[0m[38;2;43;22;19m[48;2;144;69;60m▀[0m[38;2;43;21;21m[48;2;56;24;24m▀[0m[38;2;0;0;0m[48;2;0;0;0m▀[0m[38;2;0;0;0m[48;2;0;0;0m▀[0m[38;2;42;24;0m[48;2;0;0;0m▀[0m[38;2;184;81;0m[48;2;143;76;0m▀[0m[38;2;190;144;57m[48;2;126;82;1m▀[0m[38;2;255;255;255m[48;2;255;255;255m▀[0m[38;2;192;180;158m[48;2;131;129;102m▀[0m[38;2;174;83;0m[48;2;169;84;0m▀[0m[38;2;112;71;0m[48;2;24;15;0m▀[0m[38;2;0;0;0m[48;2;0;0;0m▀[0m[38;2;38;16;30m[48;2;145;77;71m▀[0m[38;2;28;18;16m[48;2;98;50;42m▀[0m[38;2;0;0;0m[48;2;0;0;0m▀[0m[38;2;66;34;28m[48;2;0;0;0m▀[0m[38;2;62;56;56m[48;2;4;4;1m▀[0m[38;2;59;63;63m[48;2;0;0;0m▀[0m[38;2;0;0;0m[48;2;0;0;0m▀[0m[38;2;0;0;0m[48;2;0;0;0m▀[0m[38;2;255;255;255m[48;2;255;255;255m▀[0m[38;2;255;255;255m[48;2;255;255;255m▀[0m[38;2;255;255;255m[48;2;208;223;220m▀[0m[38;2;177;31;18m[48;2;0;0;0m▀[0m[38;2;0;0;0m[48;2;0;0;0m▀[0m[38;2;0;0;0m[48;2;3;1;0m▀[0m[38;2;255;116;99m[48;2;255;117;97m▀[0m[38;2;212;91;79m[48;2;216;95;81m▀[0m[38;2;183;63;54m[48;2;174;55;42m▀[0m[38;2;230;184;178m[48;2;255;255;251m▀[0m[38;2;207;138;130m[48;2;255;255;255m▀[0m[38;2;201;63;60m[48;2;191;60;51m▀[0m[38;2;10;0;0m[48;2;79;34;32m▀[0m[38;2;128;59;50m[48;2;112;51;46m▀[0m[38;2;102;42;35m[48;2;168;72;65m▀[0m[38;2;122;36;27m[48;2;58;8;3m▀[0m[38;2;117;100;100m[48;2;165;130;127m▀[0m[38;2;128;155;151m[48;2;138;160;159m▀[0m[38;2;0;4;0m[48;2;0;5;1m▀[0m[38;2;23;48;47m[48;2;20;29;28m▀[0m[38;2;21;38;37m[48;2;89;156;158m▀[0m[38;2;0;0;0m[48;2;52;90;88m▀[0m[38;2;0;0;0m[48;2;0;0;0m▀[0m[38;2;1;0;0m[48;2;0;0;0m▀[0m[38;2;1;1;1m[48;2;1;0;0m▀[0m[38;2;1;1;2m[48;2;1;1;1m▀[0m
[38;2;1;7;6m[48;2;15;61;57m▀[0m[38;2;2;0;0m[48;2;0;2;1m▀[0m[38;2;146;139;140m[48;2;0;0;0m▀[0m[38;2;4;0;4m[48;2;55;100;106m▀[0m[38;2;0;0;0m[48;2;21;55;58m▀[0m[38;2;0;46;55m[48;2;29;87;95m▀[0m[38;2;255;255;255m[48;2;169;194;196m▀[0m[38;2;174;150;150m[48;2;200;193;190m▀[0m[38;2;45;59;59m[48;2;128;140;140m▀[0m[38;2;50;32;30m[48;2;0;0;0m▀[0m[38;2;199;83;74m[48;2;185;77;70m▀[0m[38;2;114;51;50m[48;2;115;55;54m▀[0m[38;2;61;29;23m[48;2;83;46;41m▀[0m[38;2;196;96;81m[48;2;225;101;87m▀[0m[38;2;75;10;2m[48;2;81;35;30m▀[0m[38;2;171;225;230m[48;2;32;23;21m▀[0m[38;2;255;255;255m[48;2;220;82;71m▀[0m[38;2;184;52;39m[48;2;203;83;71m▀[0m[38;2;223;95;82m[48;2;225;93;79m▀[0m[38;2;255;125;104m[48;2;255;123;101m▀[0m[38;2;19;11;10m[48;2;32;12;12m▀[0m[38;2;0;0;0m[48;2;0;0;0m▀[0m[38;2;0;0;0m[48;2;0;0;0m▀[0m[38;2;38;0;0m[48;2;0;0;0m▀[0m[38;2;255;255;255m[48;2;255;255;255m▀[0m[38;2;156;164;165m[48;2;5;20;20m▀[0m[38;2;65;74;76m[48;2;90;84;78m▀[0m[38;2;0;0;0m[48;2;146;46;38m▀[0m[38;2;0;0;0m[48;2;0;0;0m▀[0m[38;2;143;70;58m[48;2;57;33;29m▀[0m[38;2;239;116;100m[48;2;0;0;0m▀[0m[38;2;0;0;0m[48;2;0;0;0m▀[0m[38;2;18;8;8m[48;2;0;0;0m▀[0m[38;2;115;50;52m[48;2;255;124;122m▀[0m[38;2;0;0;0m[48;2;0;0;9m▀[0m[38;2;133;68;0m[48;2;0;0;0m▀[0m[38;2;168;98;0m[48;2;132;58;0m▀[0m[38;2;255;255;255m[48;2;255;255;255m▀[0m[38;2;195;159;84m[48;2;226;191;92m▀[0m[38;2;205;119;0m[48;2;73;37;0m▀[0m[38;2;0;0;0m[48;2;0;0;0m▀[0m[38;2;47;20;32m[48;2;170;81;81m▀[0m[38;2;63;31;32m[48;2;0;0;0m▀[0m[38;2;236;103;90m[48;2;155;70;62m▀[0m[38;2;0;0;0m[48;2;100;51;48m▀[0m[38;2;0;0;0m[48;2;0;0;0m▀[0m[38;2;0;0;0m[48;2;117;48;42m▀[0m[38;2;0;0;0m[48;2;255;124;105m▀[0m[38;2;0;0;0m[48;2;108;23;17m▀[0m[38;2;0;0;0m[48;2;0;0;0m▀[0m[38;2;255;255;255m[48;2;255;255;255m▀[0m[38;2;244;255;255m[48;2;76;120;120m▀[0m[38;2;17;33;31m[48;2;119;35;24m▀[0m[38;2;0;0;0m[48;2;227;50;38m▀[0m[38;2;0;0;0m[48;2;0;0;0m▀[0m[38;2;0;0;0m[48;2;0;0;0m▀[0m[38;2;247;111;88m[48;2;228;102;83m▀[0m[38;2;224;96;78m[48;2;238;105;87m▀[0m[38;2;187;79;70m[48;2;196;86;73m▀[0m[38;2;185;60;51m[48;2;196;88;76m▀[0m[38;2;144;61;58m[48;2;168;74;62m▀[0m[38;2;179;76;65m[48;2;136;61;52m▀[0m[38;2;111;48;43m[48;2;125;57;50m▀[0m[38;2;105;52;45m[48;2;118;59;48m▀[0m[38;2;219;101;96m[48;2;237;109;102m▀[0m[38;2;37;3;0m[48;2;0;0;0m▀[0m[38;2;110;97;93m[48;2;77;77;77m▀[0m[38;2;118;155;156m[48;2;111;142;142m▀[0m[38;2;0;49;51m[48;2;47;152;156m▀[0m[38;2;41;89;89m[48;2;89;187;189m▀[0m[38;2;39;73;73m[48;2;0;0;0m▀[0m[38;2;34;63;60m[48;2;0;0;0m▀[0m[38;2;0;0;0m[48;2;0;0;0m▀[0m[38;2;0;0;0m[48;2;0;0;0m▀[0m[38;2;0;0;0m[48;2;0;0;0m▀[0m[38;2;1;0;0m[48;2;0;0;0m▀[0m
[38;2;6;37;37m[48;2;0;0;0m▀[0m[38;2;21;24;29m[48;2;29;29;30m▀[0m[38;2;0;0;0m[48;2;0;0;0m▀[0m[38;2;0;0;0m[48;2;0;0;0m▀[0m[38;2;0;0;0m[48;2;0;0;0m▀[0m[38;2;0;0;0m[48;2;0;0;0m▀[0m[38;2;255;255;255m[48;2;243;230;213m▀[0m[38;2;255;255;255m[48;2;48;57;65m▀[0m[38;2;235;232;232m[48;2;64;81;98m▀[0m[38;2;0;0;0m[48;2;54;62;61m▀[0m[38;2;122;50;39m[48;2;0;0;0m▀[0m[38;2;126;70;62m[48;2;129;73;66m▀[0m[38;2;97;51;46m[48;2;110;56;49m▀[0m[38;2;247;109;97m[48;2;251;115;101m▀[0m[38;2;91;50;46m[48;2;133;64;58m▀[0m[38;2;29;3;3m[48;2;59;24;23m▀[0m[38;2;237;99;85m[48;2;241;105;89m▀[0m[38;2;208;87;73m[48;2;210;90;75m▀[0m[38;2;226;97;82m[48;2;243;99;83m▀[0m[38;2;255;124;101m[48;2;219;92;75m▀[0m[38;2;0;0;0m[48;2;0;2;3m▀[0m[38;2;0;0;0m[48;2;252;104;89m▀[0m[38;2;228;76;54m[48;2;255;115;85m▀[0m[38;2;12;8;10m[48;2;174;126;117m▀[0m[38;2;255;255;255m[48;2;110;137;144m▀[0m[38;2;19;29;31m[48;2;52;69;71m▀[0m[38;2;0;0;0m[48;2;44;58;58m▀[0m[38;2;155;43;31m[48;2;16;52;57m▀[0m[38;2;255;141;116m[48;2;0;0;0m▀[0m[38;2;227;84;69m[48;2;207;83;70m▀[0m[38;2;51;17;14m[48;2;255;151;125m▀[0m[38;2;0;0;0m[48;2;255;155;128m▀[0m[38;2;0;0;0m[48;2;255;159;136m▀[0m[38;2;0;0;0m[48;2;210;114;98m▀[0m[38;2;23;12;22m[48;2;0;0;0m▀[0m[38;2;0;0;0m[48;2;0;0;0m▀[0m[38;2;46;23;0m[48;2;69;46;0m▀[0m[38;2;255;255;255m[48;2;255;255;255m▀[0m[38;2;230;191;128m[48;2;249;216;132m▀[0m[38;2;0;0;0m[48;2;0;0;0m▀[0m[38;2;8;0;17m[48;2;0;0;0m▀[0m[38;2;37;15;15m[48;2;58;54;58m▀[0m[38;2;0;0;0m[48;2;255;223;210m▀[0m[38;2;0;0;0m[48;2;255;155;126m▀[0m[38;2;177;69;56m[48;2;255;116;100m▀[0m[38;2;255;138;118m[48;2;109;43;38m▀[0m[38;2;255;139;118m[48;2;0;0;0m▀[0m[38;2;90;32;28m[48;2;0;0;0m▀[0m[38;2;0;0;0m[48;2;0;0;0m▀[0m[38;2;0;0;0m[48;2;10;19;23m▀[0m[38;2;255;255;255m[48;2;255;255;255m▀[0m[38;2;159;193;194m[48;2;116;143;147m▀[0m[38;2;183;6;0m[48;2;238;28;0m▀[0m[38;2;255;226;206m[48;2;255;196;176m▀[0m[38;2;225;158;151m[48;2;255;176;162m▀[0m[38;2;0;0;0m[48;2;184;66;58m▀[0m[38;2;117;55;45m[48;2;85;39;35m▀[0m[38;2;255;113;93m[48;2;235;102;85m▀[0m[38;2;204;87;72m[48;2;219;95;81m▀[0m[38;2;199;90;72m[48;2;209;90;73m▀[0m[38;2;207;83;71m[48;2;236;98;86m▀[0m[38;2;76;72;69m[48;2;32;23;21m▀[0m[38;2;77;52;49m[48;2;10;12;14m▀[0m[38;2;159;70;61m[48;2;226;103;91m▀[0m[38;2;216;101;95m[48;2;118;56;59m▀[0m[38;2;0;0;0m[48;2;0;0;0m▀[0m[38;2;112;109;109m[48;2;163;149;149m▀[0m[38;2;97;129;129m[48;2;96;171;171m▀[0m[38;2;0;23;21m[48;2;70;165;158m▀[0m[38;2;41;78;78m[48;2;46;86;88m▀[0m[38;2;59;119;119m[48;2;78;153;155m▀[0m[38;2;39;72;72m[48;2;100;198;198m▀[0m[38;2;73;136;132m[48;2;60;118;120m▀[0m[38;2;97;164;158m[48;2;69;120;119m▀[0m[38;2;0;0;0m[48;2;22;31;31m▀[0m[38;2;0;0;0m[48;2;0;0;0m▀[0m
[38;2;0;0;0m[48;2;0;0;0m▀[0m[38;2;0;0;0m[48;2;3;37;38m▀[0m[38;2;17;36;36m[48;2;51;159;159m▀[0m[38;2;33;75;69m[48;2;93;205;205m▀[0m[38;2;39;79;83m[48;2;78;165;166m▀[0m[38;2;10;47;47m[48;2;44;89;89m▀[0m[38;2;0;0;0m[48;2;92;180;181m▀[0m[38;2;12;108;114m[48;2;86;189;193m▀[0m[38;2;88;149;151m[48;2;61;151;154m▀[0m[38;2;135;125;123m[48;2;194;180;180m▀[0m[38;2;0;0;0m[48;2;0;0;0m▀[0m[38;2;3;5;5m[48;2;0;0;0m▀[0m[38;2;60;32;31m[48;2;0;0;0m▀[0m[38;2;254;118;104m[48;2;140;72;63m▀[0m[38;2;172;79;73m[48;2;138;72;71m▀[0m[38;2;85;35;32m[48;2;102;47;45m▀[0m[38;2;255;116;95m[48;2;255;125;117m▀[0m[38;2;233;102;81m[48;2;199;97;85m▀[0m[38;2;255;103;87m[48;2;153;76;57m▀[0m[38;2;174;72;61m[48;2;235;93;74m▀[0m[38;2;190;82;69m[48;2;249;87;73m▀[0m[38;2;255;117;95m[48;2;255;81;63m▀[0m[38;2;220;85;66m[48;2;217;87;71m▀[0m[38;2;52;43;36m[48;2;255;109;85m▀[0m[38;2;110;41;32m[48;2;163;42;29m▀[0m[38;2;74;109;114m[48;2;0;37;44m▀[0m[38;2;0;0;0m[48;2;64;73;76m▀[0m[38;2;88;102;103m[48;2;0;0;0m▀[0m[38;2;0;0;0m[48;2;0;0;0m▀[0m[38;2;0;0;0m[48;2;0;0;0m▀[0m[38;2;0;0;0m[48;2;0;0;0m▀[0m[38;2;76;21;17m[48;2;0;0;0m▀[0m[38;2;185;103;88m[48;2;0;0;0m▀[0m[38;2;255;234;198m[48;2;37;8;10m▀[0m[38;2;255;103;86m[48;2;255;177;155m▀[0m[38;2;0;0;0m[48;2;122;15;35m▀[0m[38;2;0;0;0m[48;2;0;0;0m▀[0m[38;2;255;255;255m[48;2;255;255;255m▀[0m[38;2;171;149;77m[48;2;116;108;75m▀[0m[38;2;0;0;0m[48;2;0;0;0m▀[0m[38;2;56;10;16m[48;2;238;84;86m▀[0m[38;2;255;200;178m[48;2;255;110;95m▀[0m[38;2;255;160;145m[48;2;0;0;0m▀[0m[38;2;16;1;0m[48;2;0;0;0m▀[0m[38;2;0;0;0m[48;2;0;0;0m▀[0m[38;2;0;0;0m[48;2;89;42;36m▀[0m[38;2;0;0;0m[48;2;17;7;7m▀[0m[38;2;0;0;0m[48;2;0;0;0m▀[0m[38;2;4;11;15m[48;2;25;35;38m▀[0m[38;2;250;255;255m[48;2;158;183;185m▀[0m[38;2;83;108;111m[48;2;0;0;0m▀[0m[38;2;31;92;99m[48;2;54;4;0m▀[0m[38;2;158;84;75m[48;2;176;68;56m▀[0m[38;2;255;72;47m[48;2;232;82;61m▀[0m[38;2;255;84;63m[48;2;251;87;65m▀[0m[38;2;255;108;83m[48;2;239;91;74m▀[0m[38;2;245;99;84m[48;2;255;96;82m▀[0m[38;2;232;99;82m[48;2;219;93;78m▀[0m[38;2;245;109;90m[48;2;93;49;44m▀[0m[38;2;239;106;89m[48;2;103;55;50m▀[0m[38;2;255;114;95m[48;2;155;83;75m▀[0m[38;2;192;83;71m[48;2;150;70;64m▀[0m[38;2;106;46;44m[48;2;71;32;30m▀[0m[38;2;164;79;76m[48;2;0;0;0m▀[0m[38;2;0;0;0m[48;2;0;0;0m▀[0m[38;2;0;0;0m[48;2;33;24;24m▀[0m[38;2;214;203;203m[48;2;225;237;240m▀[0m[38;2;33;90;90m[48;2;41;117;118m▀[0m[38;2;77;159;158m[48;2;62;116;116m▀[0m[38;2;76;155;152m[48;2;82;163;169m▀[0m[38;2;27;52;52m[48;2;75;155;155m▀[0m[38;2;57;118;118m[48;2;45;89;86m▀[0m[38;2;102;193;196m[48;2;0;0;0m▀[0m[38;2;73;124;127m[48;2;0;0;0m▀[0m[38;2;39;74;74m[48;2;0;0;0m▀[0m[38;2;38;76;74m[48;2;0;2;0m▀[0m
[38;2;237;234;237m[48;2;113;177;176m▀[0m[38;2;223;238;239m[48;2;63;114;119m▀[0m[38;2;191;200;199m[48;2;72;59;55m▀[0m[38;2;11;44;39m[48;2;0;0;0m▀[0m[38;2;4;18;19m[48;2;66;168;170m▀[0m[38;2;50;97;97m[48;2;68;146;150m▀[0m[38;2;48;90;88m[48;2;27;51;51m▀[0m[38;2;25;52;56m[48;2;66;125;127m▀[0m[38;2;0;30;33m[48;2;44;143;145m▀[0m[38;2;199;192;191m[48;2;145;160;160m▀[0m[38;2;16;7;7m[48;2;136;115;115m▀[0m[38;2;0;0;0m[48;2;0;0;0m▀[0m[38;2;0;0;0m[48;2;0;0;0m▀[0m[38;2;48;16;11m[48;2;65;24;20m▀[0m[38;2;0;0;0m[48;2;0;0;0m▀[0m[38;2;0;0;0m[48;2;0;0;0m▀[0m[38;2;20;15;23m[48;2;0;0;0m▀[0m[38;2;24;23;24m[48;2;0;0;0m▀[0m[38;2;124;68;61m[48;2;214;96;82m▀[0m[38;2;236;82;65m[48;2;255;88;71m▀[0m[38;2;255;132;120m[48;2;255;145;136m▀[0m[38;2;255;201;193m[48;2;230;158;150m▀[0m[38;2;250;81;60m[48;2;244;82;59m▀[0m[38;2;255;127;102m[48;2;255;110;85m▀[0m[38;2;171;71;59m[48;2;210;119;108m▀[0m[38;2;0;0;0m[48;2;0;0;2m▀[0m[38;2;19;33;33m[48;2;0;0;0m▀[0m[38;2;0;0;0m[48;2;72;33;29m▀[0m[38;2;0;0;0m[48;2;0;0;0m▀[0m[38;2;0;0;0m[48;2;0;0;0m▀[0m[38;2;238;97;76m[48;2;31;15;10m▀[0m[38;2;155;58;45m[48;2;217;84;66m▀[0m[38;2;0;0;0m[48;2;0;0;0m▀[0m[38;2;0;0;0m[48;2;0;0;0m▀[0m[38;2;0;0;1m[48;2;0;0;0m▀[0m[38;2;0;0;0m[48;2;133;111;5m▀[0m[38;2;159;95;0m[48;2;255;255;0m▀[0m[38;2;255;255;255m[48;2;254;255;255m▀[0m[38;2;255;187;35m[48;2;255;255;146m▀[0m[38;2;81;22;0m[48;2;255;234;0m▀[0m[38;2;0;0;0m[48;2;10;12;0m▀[0m[38;2;0;0;0m[48;2;0;0;0m▀[0m[38;2;0;0;0m[48;2;0;0;0m▀[0m[38;2;0;0;0m[48;2;10;10;8m▀[0m[38;2;212;92;77m[48;2;52;27;23m▀[0m[38;2;154;65;55m[48;2;0;0;0m▀[0m[38;2;0;0;0m[48;2;0;0;0m▀[0m[38;2;0;0;0m[48;2;0;0;0m▀[0m[38;2;15;47;51m[48;2;90;43;38m▀[0m[38;2;29;42;45m[48;2;255;125;104m▀[0m[38;2;0;0;0m[48;2;0;0;0m▀[0m[38;2;151;49;37m[48;2;110;38;31m▀[0m[38;2;255;132;102m[48;2;255;118;101m▀[0m[38;2;255;111;88m[48;2;255;89;72m▀[0m[38;2;255;203;186m[48;2;255;216;200m▀[0m[38;2;240;90;69m[48;2;245;97;82m▀[0m[38;2;255;99;83m[48;2;255;106;84m▀[0m[38;2;219;98;88m[48;2;206;96;84m▀[0m[38;2;0;0;0m[48;2;0;0;0m▀[0m[38;2;0;0;0m[48;2;0;0;0m▀[0m[38;2;0;0;0m[48;2;0;0;0m▀[0m[38;2;27;9;14m[48;2;74;35;29m▀[0m[38;2;3;0;0m[48;2;0;0;0m▀[0m[38;2;0;0;0m[48;2;0;0;0m▀[0m[38;2;0;0;0m[48;2;0;0;0m▀[0m[38;2;164;147;147m[48;2;255;243;240m▀[0m[38;2;155;172;172m[48;2;32;58;58m▀[0m[38;2;29;100;103m[48;2;34;102;102m▀[0m[38;2;50;89;89m[48;2;35;72;72m▀[0m[38;2;56;110;112m[48;2;14;35;35m▀[0m[38;2;68;129;131m[48;2;33;77;77m▀[0m[38;2;76;150;147m[48;2;41;87;87m▀[0m[38;2;36;70;66m[48;2;41;104;104m▀[0m[38;2;0;0;0m[48;2;0;25;24m▀[0m[38;2;0;0;0m[48;2;15;57;55m▀[0m[38;2;0;0;0m[48;2;43;74;75m▀[0m
[38;2;23;71;76m[48;2;120;216;236m▀[0m[38;2;71;146;166m[48;2;61;126;142m▀[0m[38;2;11;48;58m[48;2;0;7;14m▀[0m[38;2;11;39;41m[48;2;39;64;62m▀[0m[38;2;41;92;95m[48;2;241;239;233m▀[0m[38;2;1;20;23m[48;2;103;87;83m▀[0m[38;2;76;153;154m[48;2;15;49;50m▀[0m[38;2;88;180;180m[48;2;42;93;89m▀[0m[38;2;30;91;88m[48;2;39;79;79m▀[0m[38;2;37;77;71m[48;2;20;116;120m▀[0m[38;2;255;253;255m[48;2;233;233;231m▀[0m[38;2;0;0;0m[48;2;136;118;118m▀[0m[38;2;0;0;0m[48;2;0;0;0m▀[0m[38;2;3;0;0m[48;2;0;0;0m▀[0m[38;2;72;27;25m[48;2;88;34;28m▀[0m[38;2;0;0;0m[48;2;46;20;17m▀[0m[38;2;0;0;0m[48;2;0;0;0m▀[0m[38;2;27;17;20m[48;2;56;31;27m▀[0m[38;2;221;98;84m[48;2;124;63;58m▀[0m[38;2;255;118;100m[48;2;255;119;99m▀[0m[38;2;190;69;55m[48;2;105;50;39m▀[0m[38;2;162;56;35m[48;2;178;75;59m▀[0m[38;2;255;102;77m[48;2;255;104;81m▀[0m[38;2;255;103;79m[48;2;255;114;89m▀[0m[38;2;207;135;124m[48;2;157;123;117m▀[0m[38;2;0;0;0m[48;2;127;72;68m▀[0m[38;2;0;0;0m[48;2;0;0;0m▀[0m[38;2;74;37;29m[48;2;79;25;19m▀[0m[38;2;72;34;29m[48;2;255;144;115m▀[0m[38;2;0;0;0m[48;2;8;5;5m▀[0m[38;2;0;0;0m[48;2;27;17;15m▀[0m[38;2;0;0;0m[48;2;0;0;0m▀[0m[38;2;0;0;0m[48;2;0;0;0m▀[0m[38;2;0;0;0m[48;2;0;0;0m▀[0m[38;2;0;0;0m[48;2;0;0;0m▀[0m[38;2;0;0;0m[48;2;65;30;0m▀[0m[38;2;79;39;0m[48;2;255;164;0m▀[0m[38;2;255;255;255m[48;2;255;255;255m▀[0m[38;2;147;128;95m[48;2;255;255;49m▀[0m[38;2;72;36;0m[48;2;163;112;0m▀[0m[38;2;0;0;0m[48;2;0;0;0m▀[0m[38;2;0;0;0m[48;2;0;0;0m▀[0m[38;2;0;0;0m[48;2;0;0;0m▀[0m[38;2;0;0;0m[48;2;21;14;12m▀[0m[38;2;0;0;0m[48;2;0;0;0m▀[0m[38;2;0;0;0m[48;2;0;0;0m▀[0m[38;2;0;0;0m[48;2;103;39;35m▀[0m[38;2;167;72;63m[48;2;255;139;117m▀[0m[38;2;113;43;30m[48;2;90;35;28m▀[0m[38;2;255;178;149m[48;2;255;155;130m▀[0m[38;2;0;0;1m[48;2;74;29;27m▀[0m[38;2;90;34;30m[48;2;72;28;23m▀[0m[38;2;255;125;104m[48;2;255;135;111m▀[0m[38;2;255;95;78m[48;2;255;113;95m▀[0m[38;2;182;75;65m[48;2;156;61;55m▀[0m[38;2;198;85;68m[48;2;165;73;57m▀[0m[38;2;255;116;96m[48;2;201;95;87m▀[0m[38;2;126;64;59m[48;2;36;27;28m▀[0m[38;2;0;2;6m[48;2;0;0;0m▀[0m[38;2;0;0;0m[48;2;0;0;0m▀[0m[38;2;46;20;17m[48;2;109;47;45m▀[0m[38;2;51;20;18m[48;2;0;0;0m▀[0m[38;2;0;0;0m[48;2;0;0;0m▀[0m[38;2;0;0;0m[48;2;0;0;0m▀[0m[38;2;66;52;52m[48;2;255;248;248m▀[0m[38;2;255;255;255m[48;2;115;160;160m▀[0m[38;2;2;63;65m[48;2;61;167;167m▀[0m[38;2;50;112;111m[48;2;42;81;76m▀[0m[38;2;93;186;186m[48;2;55;106;109m▀[0m[38;2;63;135;138m[48;2;83;169;169m▀[0m[38;2;52;117;115m[48;2;52;139;136m▀[0m[38;2;68;166;160m[48;2;8;106;104m▀[0m[38;2;49;95;96m[48;2;57;62;68m▀[0m[38;2;200;196;200m[48;2;214;250;255m▀[0m[38;2;255;250;246m[48;2;29;93;105m▀[0m[38;2;255;255;254m[48;2;101;106;101m▀[0m
[38;2;18;37;41m[48;2;0;5;1m▀[0m[38;2;0;0;0m[48;2;0;47;42m▀[0m[38;2;1;42;38m[48;2;6;50;47m▀[0m[38;2;0;71;61m[48;2;51;99;109m▀[0m[38;2;24;75;70m[48;2;88;171;189m▀[0m[38;2;89;135;143m[48;2;102;209;226m▀[0m[38;2;35;64;69m[48;2;10;17;18m▀[0m[38;2;31;79;75m[48;2;37;89;91m▀[0m[38;2;78;166;172m[48;2;42;104;104m▀[0m[38;2;61;146;156m[48;2;50;111;112m▀[0m[38;2;66;116;119m[48;2;0;71;74m▀[0m[38;2;255;255;255m[48;2;217;216;217m▀[0m[38;2;0;0;0m[48;2;255;255;255m▀[0m[38;2;0;0;0m[48;2;0;0;0m▀[0m[38;2;1;0;0m[48;2;0;0;0m▀[0m[38;2;60;23;20m[48;2;0;0;0m▀[0m[38;2;0;0;0m[48;2;0;0;0m▀[0m[38;2;0;0;0m[48;2;0;0;0m▀[0m[38;2;37;28;25m[48;2;0;0;0m▀[0m[38;2;124;71;65m[48;2;76;51;49m▀[0m[38;2;62;35;31m[48;2;31;28;30m▀[0m[38;2;194;77;68m[48;2;91;52;54m▀[0m[38;2;255;127;98m[48;2;84;33;32m▀[0m[38;2;245;83;65m[48;2;52;30;35m▀[0m[38;2;88;97;100m[48;2;204;204;200m▀[0m[38;2;250;112;98m[48;2;227;88;73m▀[0m[38;2;0;0;0m[48;2;59;21;17m▀[0m[38;2;255;102;82m[48;2;255;125;99m▀[0m[38;2;255;159;128m[48;2;255;123;99m▀[0m[38;2;135;52;42m[48;2;255;101;78m▀[0m[38;2;201;79;73m[48;2;58;35;35m▀[0m[38;2;0;0;0m[48;2;0;0;0m▀[0m[38;2;0;0;0m[48;2;0;0;0m▀[0m[38;2;0;0;0m[48;2;103;41;34m▀[0m[38;2;0;0;0m[48;2;0;0;0m▀[0m[38;2;0;0;0m[48;2;0;0;0m▀[0m[38;2;144;79;0m[48;2;180;108;0m▀[0m[38;2;255;255;255m[48;2;255;255;255m▀[0m[38;2;204;155;28m[48;2;237;167;0m▀[0m[38;2;60;19;0m[48;2;31;5;0m▀[0m[38;2;0;0;0m[48;2;0;0;0m▀[0m[38;2;0;0;0m[48;2;0;0;0m▀[0m[38;2;62;23;23m[48;2;255;133;113m▀[0m[38;2;194;86;73m[48;2;84;33;30m▀[0m[38;2;0;0;0m[48;2;0;0;0m▀[0m[38;2;0;0;0m[48;2;59;33;30m▀[0m[38;2;252;97;82m[48;2;255;123;97m▀[0m[38;2;255;141;118m[48;2;255;126;101m▀[0m[38;2;139;54;44m[48;2;199;76;64m▀[0m[38;2;255;133;106m[48;2;252;96;79m▀[0m[38;2;84;35;32m[48;2;127;51;43m▀[0m[38;2;11;3;4m[48;2;68;29;22m▀[0m[38;2;225;90;77m[48;2;152;68;64m▀[0m[38;2;255;113;93m[48;2;62;50;48m▀[0m[38;2;95;55;46m[48;2;38;31;31m▀[0m[38;2;78;45;42m[48;2;48;36;36m▀[0m[38;2;90;57;60m[48;2;0;0;0m▀[0m[38;2;0;0;0m[48;2;20;5;5m▀[0m[38;2;0;0;0m[48;2;70;36;35m▀[0m[38;2;78;34;29m[48;2;63;22;20m▀[0m[38;2;20;5;4m[48;2;0;0;0m▀[0m[38;2;0;0;0m[48;2;0;0;0m▀[0m[38;2;0;0;0m[48;2;0;0;0m▀[0m[38;2;97;89;89m[48;2;255;255;255m▀[0m[38;2;255;255;255m[48;2;178;171;168m▀[0m[38;2;0;50;49m[48;2;0;52;44m▀[0m[38;2;57;120;115m[48;2;42;89;93m▀[0m[38;2;60;117;110m[48;2;48;93;95m▀[0m[38;2;20;24;21m[48;2;51;109;102m▀[0m[38;2;31;87;84m[48;2;0;8;2m▀[0m[38;2;63;97;96m[48;2;78;131;147m▀[0m[38;2;146;155;154m[48;2;206;213;227m▀[0m[38;2;59;33;33m[48;2;36;75;82m▀[0m[38;2;87;75;72m[48;2;0;0;0m▀[0m[38;2;72;185;200m[48;2;0;0;0m▀[0m[38;2;90;193;204m[48;2;68;163;179m▀[0m
[38;2;9;45;39m[48;2;95;159;173m▀[0m[38;2;55;100;106m[48;2;124;237;250m▀[0m[38;2;136;235;255m[48;2;96;179;187m▀[0m[38;2;119;223;238m[48;2;10;7;10m▀[0m[38;2;63;117;124m[48;2;0;0;0m▀[0m[38;2;12;17;21m[48;2;0;6;2m▀[0m[38;2;0;0;0m[48;2;20;90;84m▀[0m[38;2;91;114;117m[48;2;50;145;143m▀[0m[38;2;99;144;141m[48;2;136;180;182m▀[0m[38;2;27;66;60m[48;2;9;28;30m▀[0m[38;2;19;106;104m[48;2;27;95;95m▀[0m[38;2;79;98;102m[48;2;58;98;101m▀[0m[38;2;255;255;255m[48;2;58;36;36m▀[0m[38;2;48;47;47m[48;2;108;106;103m▀[0m[38;2;0;0;0m[48;2;0;0;0m▀[0m[38;2;0;0;0m[48;2;0;0;0m▀[0m[38;2;0;0;0m[48;2;0;0;0m▀[0m[38;2;178;85;77m[48;2;233;109;97m▀[0m[38;2;73;29;29m[48;2;255;113;100m▀[0m[38;2;0;0;0m[48;2;54;20;16m▀[0m[38;2;33;25;24m[48;2;0;0;0m▀[0m[38;2;9;17;21m[48;2;0;0;0m▀[0m[38;2;0;0;6m[48;2;60;37;39m▀[0m[38;2;135;61;57m[48;2;197;81;70m▀[0m[38;2;141;105;97m[48;2;35;1;0m▀[0m[38;2;227;92;73m[48;2;219;96;75m▀[0m[38;2;149;61;47m[48;2;180;73;60m▀[0m[38;2;255;116;90m[48;2;255;108;87m▀[0m[38;2;255;105;85m[48;2;249;100;82m▀[0m[38;2;255;122;98m[48;2;255;123;99m▀[0m[38;2;105;82;74m[48;2;154;58;46m▀[0m[38;2;0;0;0m[48;2;0;0;0m▀[0m[38;2;0;0;0m[48;2;252;98;82m▀[0m[38;2;212;79;65m[48;2;82;33;28m▀[0m[38;2;128;46;41m[48;2;255;144;117m▀[0m[38;2;0;0;0m[48;2;0;0;0m▀[0m[38;2;150;139;129m[48;2;46;95;101m▀[0m[38;2;255;255;255m[48;2;255;255;255m▀[0m[38;2;238;217;180m[48;2;255;255;255m▀[0m[38;2;23;0;0m[48;2;0;0;0m▀[0m[38;2;0;0;0m[48;2;143;51;44m▀[0m[38;2;11;4;8m[48;2;0;1;5m▀[0m[38;2;234;102;88m[48;2;0;0;0m▀[0m[38;2;0;0;0m[48;2;0;0;0m▀[0m[38;2;58;23;19m[48;2;245;97;82m▀[0m[38;2;199;85;69m[48;2;176;73;58m▀[0m[38;2;255;116;95m[48;2;255;114;90m▀[0m[38;2;255;113;88m[48;2;255;99;82m▀[0m[38;2;255;102;83m[48;2;255;113;90m▀[0m[38;2;138;55;47m[48;2;38;38;35m▀[0m[38;2;127;48;41m[48;2;36;30;29m▀[0m[38;2;194;73;61m[48;2;255;101;82m▀[0m[38;2;231;100;87m[48;2;253;108;93m▀[0m[38;2;33;33;38m[48;2;44;32;30m▀[0m[38;2;14;14;15m[48;2;0;0;0m▀[0m[38;2;0;0;0m[48;2;0;0;0m▀[0m[38;2;0;0;0m[48;2;225;89;81m▀[0m[38;2;255;119;104m[48;2;240;108;97m▀[0m[38;2;156;82;75m[48;2;140;74;69m▀[0m[38;2;73;25;24m[48;2;0;0;0m▀[0m[38;2;0;0;0m[48;2;0;0;0m▀[0m[38;2;0;0;0m[48;2;2;5;9m▀[0m[38;2;146;146;147m[48;2;21;18;18m▀[0m[38;2;255;244;244m[48;2;86;65;65m▀[0m[38;2;106;138;136m[48;2;74;129;128m▀[0m[38;2;41;139;131m[48;2;45;131;125m▀[0m[38;2;74;149;153m[48;2;56;123;125m▀[0m[38;2;66;142;146m[48;2;68;139;143m▀[0m[38;2;81;179;179m[48;2;18;84;84m▀[0m[38;2;14;71;68m[48;2;133;151;146m▀[0m[38;2;0;0;0m[48;2;133;137;129m▀[0m[38;2;68;179;199m[48;2;0;0;0m▀[0m[38;2;58;163;174m[48;2;71;155;170m▀[0m[38;2;10;81;76m[48;2;69;160;172m▀[0m[38;2;0;0;0m[48;2;15;66;64m▀[0m[38;2;0;0;0m[48;2;0;0;0m▀[0m
[38;2;81;152;164m[48;2;0;0;0m▀[0m[38;2;25;46;46m[48;2;0;0;0m▀[0m[38;2;0;0;0m[48;2;29;98;97m▀[0m[38;2;0;10;4m[48;2;45;130;136m▀[0m[38;2;27;108;106m[48;2;31;86;90m▀[0m[38;2;37;138;137m[48;2;0;18;14m▀[0m[38;2;24;92;88m[48;2;0;0;0m▀[0m[38;2;0;23;19m[48;2;42;74;79m▀[0m[38;2;0;0;0m[48;2;108;185;201m▀[0m[38;2;0;7;9m[48;2;50;77;82m▀[0m[38;2;24;60;58m[48;2;28;47;44m▀[0m[38;2;72;138;138m[48;2;61;136;132m▀[0m[38;2;20;3;7m[48;2;61;52;56m▀[0m[38;2;0;0;0m[48;2;25;0;0m▀[0m[38;2;0;0;0m[48;2;0;0;0m▀[0m[38;2;0;0;0m[48;2;0;0;0m▀[0m[38;2;0;0;0m[48;2;0;0;0m▀[0m[38;2;207;100;90m[48;2;155;86;78m▀[0m[38;2;225;110;99m[48;2;255;210;190m▀[0m[38;2;253;105;95m[48;2;200;88;77m▀[0m[38;2;71;32;29m[48;2;243;105;98m▀[0m[38;2;0;0;0m[48;2;0;0;0m▀[0m[38;2;104;48;44m[48;2;140;60;49m▀[0m[38;2;219;92;77m[48;2;221;91;75m▀[0m[38;2;0;0;1m[48;2;79;37;31m▀[0m[38;2;182;81;66m[48;2;128;63;52m▀[0m[38;2;194;78;65m[48;2;210;81;65m▀[0m[38;2;255;102;82m[48;2;255;95;78m▀[0m[38;2;241;92;77m[48;2;238;90;70m▀[0m[38;2;255;113;90m[48;2;255;103;79m▀[0m[38;2;208;79;62m[48;2;239;90;69m▀[0m[38;2;0;0;0m[48;2;0;0;0m▀[0m[38;2;255;146;130m[48;2;216;77;70m▀[0m[38;2;179;71;62m[48;2;246;92;81m▀[0m[38;2;235;84;64m[48;2;126;46;37m▀[0m[38;2;255;98;73m[48;2;255;140;115m▀[0m[38;2;0;0;0m[48;2;90;0;0m▀[0m[38;2;255;255;255m[48;2;59;127;135m▀[0m[38;2;222;255;255m[48;2;64;112;120m▀[0m[38;2;0;0;0m[48;2;183;35;18m▀[0m[38;2;255;126;102m[48;2;255;111;95m▀[0m[38;2;8;0;0m[48;2;200;89;64m▀[0m[38;2;76;39;24m[48;2;82;42;24m▀[0m[38;2;32;12;11m[48;2;120;48;39m▀[0m[38;2;255;100;84m[48;2;209;76;63m▀[0m[38;2;177;70;54m[48;2;196;71;58m▀[0m[38;2;255;109;86m[48;2;255;87;68m▀[0m[38;2;241;81;63m[48;2;241;157;151m▀[0m[38;2;255;104;83m[48;2;255;110;91m▀[0m[38;2;109;55;47m[48;2;205;82;64m▀[0m[38;2;70;33;29m[48;2;128;52;43m▀[0m[38;2;255;106;85m[48;2;255;102;85m▀[0m[38;2;255;105;95m[48;2;248;99;89m▀[0m[38;2;86;48;44m[48;2;111;58;50m▀[0m[38;2;0;0;0m[48;2;32;1;0m▀[0m[38;2;220;83;74m[48;2;255;141;129m▀[0m[38;2;247;133;122m[48;2;255;255;255m▀[0m[38;2;204;97;84m[48;2;189;78;65m▀[0m[38;2;114;59;56m[48;2;87;49;46m▀[0m[38;2;0;0;0m[48;2;0;0;0m▀[0m[38;2;0;0;0m[48;2;12;3;6m▀[0m[38;2;0;0;0m[48;2;101;37;36m▀[0m[38;2;0;0;0m[48;2;0;0;0m▀[0m[38;2;129;120;120m[48;2;120;146;149m▀[0m[38;2;20;55;54m[48;2;27;103;98m▀[0m[38;2;49;116;119m[48;2;22;56;56m▀[0m[38;2;62;131;136m[48;2;65;157;159m▀[0m[38;2;48;109;105m[48;2;16;43;38m▀[0m[38;2;0;0;0m[48;2;1;0;3m▀[0m[38;2;73;88;88m[48;2;110;231;252m▀[0m[38;2;48;110;104m[48;2;35;77;85m▀[0m[38;2;0;59;50m[48;2;7;46;46m▀[0m[38;2;0;0;0m[48;2;2;50;46m▀[0m[38;2;62;115;131m[48;2;0;0;0m▀[0m[38;2;75;142;158m[48;2;48;81;93m▀[0m[38;2;0;0;0m[48;2;103;196;219m▀[0m
[38;2;19;77;77m[48;2;30;111;110m▀[0m[38;2;46;132;133m[48;2;9;36;30m▀[0m[38;2;32;95;96m[48;2;0;0;0m▀[0m[38;2;4;18;15m[48;2;35;63;61m▀[0m[38;2;0;0;0m[48;2;92;177;190m▀[0m[38;2;42;76;76m[48;2;120;234;251m▀[0m[38;2;98;187;203m[48;2;93;172;184m▀[0m[38;2;119;220;237m[48;2;35;46;55m▀[0m[38;2;105;195;213m[48;2;0;0;0m▀[0m[38;2;10;12;15m[48;2;6;22;19m▀[0m[38;2;21;41;39m[48;2;32;76;73m▀[0m[38;2;15;65;61m[48;2;27;90;90m▀[0m[38;2;72;93;95m[48;2;77;136;136m▀[0m[38;2;111;43;39m[48;2;44;19;17m▀[0m[38;2;158;71;60m[48;2;214;91;79m▀[0m[38;2;0;0;0m[48;2;150;81;72m▀[0m[38;2;0;0;0m[48;2;0;0;0m▀[0m[38;2;119;54;50m[48;2;84;36;34m▀[0m[38;2;228;173;162m[48;2;200;133;125m▀[0m[38;2;197;106;97m[48;2;200;133;124m▀[0m[38;2;220;86;78m[48;2;204;77;66m▀[0m[38;2;19;7;12m[48;2;45;24;21m▀[0m[38;2;170;71;59m[48;2;155;63;56m▀[0m[38;2;226;90;72m[48;2;196;83;71m▀[0m[38;2;177;73;64m[48;2;224;96;84m▀[0m[38;2;52;31;27m[48;2;0;0;0m▀[0m[38;2;227;84;64m[48;2;223;85;68m▀[0m[38;2;255;92;76m[48;2;237;64;42m▀[0m[38;2;237;113;99m[48;2;247;179;179m▀[0m[38;2;240;58;34m[48;2;255;235;232m▀[0m[38;2;255;88;66m[48;2;255;79;57m▀[0m[38;2;18;0;0m[48;2;37;0;0m▀[0m[38;2;145;55;46m[48;2;238;87;70m▀[0m[38;2;255;100;84m[48;2;255;119;97m▀[0m[38;2;152;58;48m[48;2;222;87;72m▀[0m[38;2;238;87;68m[48;2;143;56;46m▀[0m[38;2;255;112;87m[48;2;255;139;110m▀[0m[38;2;0;0;0m[48;2;39;10;9m▀[0m[38;2;0;0;0m[48;2;0;0;0m▀[0m[38;2;255;115;89m[48;2;255;139;113m▀[0m[38;2;186;72;56m[48;2;48;19;18m▀[0m[38;2;0;0;0m[48;2;57;6;5m▀[0m[38;2;166;59;49m[48;2;205;113;103m▀[0m[38;2;189;72;57m[48;2;222;173;167m▀[0m[38;2;165;55;42m[48;2;123;4;0m▀[0m[38;2;204;34;12m[48;2;239;181;172m▀[0m[38;2;250;95;76m[48;2;255;255;255m▀[0m[38;2;249;164;152m[48;2;234;146;137m▀[0m[38;2;241;76;58m[48;2;231;57;45m▀[0m[38;2;209;85;73m[48;2;199;84;73m▀[0m[38;2;137;58;48m[48;2;129;50;49m▀[0m[38;2;246;96;86m[48;2;236;92;84m▀[0m[38;2;233;95;86m[48;2;210;88;81m▀[0m[38;2;103;58;47m[48;2;74;49;41m▀[0m[38;2;56;5;5m[48;2;96;32;28m▀[0m[38;2;245;169;157m[48;2;150;109;105m▀[0m[38;2;227;154;142m[48;2;194;106;97m▀[0m[38;2;166;65;60m[48;2;147;64;65m▀[0m[38;2;32;20;20m[48;2;0;0;0m▀[0m[38;2;0;0;0m[48;2;89;47;44m▀[0m[38;2;224;112;104m[48;2;236;112;105m▀[0m[38;2;92;27;22m[48;2;28;0;0m▀[0m[38;2;55;55;56m[48;2;72;78;77m▀[0m[38;2;88;152;149m[48;2;23;72;73m▀[0m[38;2;57;163;157m[48;2;33;83;83m▀[0m[38;2;37;78;75m[48;2;23;57;56m▀[0m[38;2;45;106;108m[48;2;0;0;0m▀[0m[38;2;36;93;91m[48;2;17;38;34m▀[0m[38;2;0;0;0m[48;2;22;41;42m▀[0m[38;2;27;64;70m[48;2;0;0;0m▀[0m[38;2;137;255;255m[48;2;0;0;0m▀[0m[38;2;109;197;216m[48;2;84;164;180m▀[0m[38;2;27;58;62m[48;2;138;255;255m▀[0m[38;2;0;32;23m[48;2;78;149;164m▀[0m[38;2;0;0;0m[48;2;15;54;51m▀[0m[38;2;20;42;46m[48;2;0;0;0m▀[0m
[38;2;0;0;0m[48;2;89;160;172m▀[0m[38;2;35;56;59m[48;2;103;186;207m▀[0m[38;2;95;165;181m[48;2;84;162;178m▀[0m[38;2;117;221;245m[48;2;25;51;54m▀[0m[38;2;85;168;184m[48;2;0;0;0m▀[0m[38;2;37;54;62m[48;2;0;0;0m▀[0m[38;2;0;0;0m[48;2;28;85;76m▀[0m[38;2;0;1;0m[48;2;49;133;127m▀[0m[38;2;38;103;99m[48;2;54;145;138m▀[0m[38;2;56;137;131m[48;2;20;41;41m▀[0m[38;2;23;51;52m[48;2;15;34;31m▀[0m[38;2;49;140;140m[48;2;34;97;93m▀[0m[38;2;46;130;124m[48;2;0;32;25m▀[0m[38;2;77;85;85m[48;2;109;124;119m▀[0m[38;2;101;27;22m[48;2;45;43;41m▀[0m[38;2;234;109;102m[48;2;126;36;34m▀[0m[38;2;71;36;35m[48;2;167;84;76m▀[0m[38;2;54;32;29m[48;2;47;32;28m▀[0m[38;2;170;86;75m[48;2;159;77;70m▀[0m[38;2;173;106;95m[48;2;116;52;45m▀[0m[38;2;200;88;77m[48;2;190;87;76m▀[0m[38;2;89;45;39m[48;2;143;65;60m▀[0m[38;2;106;46;45m[48;2;56;33;30m▀[0m[38;2;173;76;64m[48;2;158;79;70m▀[0m[38;2;238;99;87m[48;2;249;104;96m▀[0m[38;2;27;12;15m[48;2;88;38;35m▀[0m[38;2;207;82;69m[48;2;196;77;66m▀[0m[38;2;226;55;30m[48;2;226;73;51m▀[0m[38;2;245;196;186m[48;2;214;76;55m▀[0m[38;2;255;255;255m[48;2;255;255;255m▀[0m[38;2;255;255;255m[48;2;255;255;255m▀[0m[38;2;87;11;3m[48;2;128;36;20m▀[0m[38;2;197;69;51m[48;2;173;57;43m▀[0m[38;2;255;106;82m[48;2;255;102;77m▀[0m[38;2;255;106;88m[48;2;255;99;83m▀[0m[38;2;136;57;48m[48;2;186;70;64m▀[0m[38;2;255;122;93m[48;2;219;90;75m▀[0m[38;2;109;44;34m[48;2;141;58;51m▀[0m[38;2;3;5;6m[48;2;42;28;20m▀[0m[38;2;255;118;93m[48;2;204;99;79m▀[0m[38;2;93;38;35m[48;2;155;66;55m▀[0m[38;2;236;85;69m[48;2;243;95;77m▀[0m[38;2;131;62;55m[48;2;255;101;82m▀[0m[38;2;208;72;59m[48;2;231;48;28m▀[0m[38;2;136;77;75m[48;2;87;78;79m▀[0m[38;2;255;255;255m[48;2;255;255;255m▀[0m[38;2;255;255;255m[48;2;255;220;212m▀[0m[38;2;223;97;85m[48;2;204;50;34m▀[0m[38;2;227;66;56m[48;2;231;90;73m▀[0m[38;2;191;82;64m[48;2;169;72;60m▀[0m[38;2;112;45;43m[48;2;85;33;31m▀[0m[38;2;245;96;90m[48;2;239;100;88m▀[0m[38;2;190;89;82m[48;2;144;76;68m▀[0m[38;2;41;31;24m[48;2;31;19;19m▀[0m[38;2;129;55;54m[48;2;154;74;69m▀[0m[38;2;125;77;71m[48;2;116;52;45m▀[0m[38;2;190;88;78m[48;2;198;89;83m▀[0m[38;2;115;55;58m[48;2;85;47;45m▀[0m[38;2;0;0;0m[48;2;88;54;48m▀[0m[38;2;197;99;91m[48;2;143;61;54m▀[0m[38;2;119;47;38m[48;2;0;0;0m▀[0m[38;2;17;20;21m[48;2;49;65;65m▀[0m[38;2;49;89;91m[48;2;18;93;93m▀[0m[38;2;27;88;84m[48;2;36;103;102m▀[0m[38;2;33;83;79m[48;2;45;122;117m▀[0m[38;2;27;83;78m[48;2;29;68;68m▀[0m[38;2;4;19;15m[48;2;93;173;186m▀[0m[38;2;29;51;51m[48;2;128;239;255m▀[0m[38;2;72;132;141m[48;2;118;210;230m▀[0m[38;2;88;178;193m[48;2;82;152;165m▀[0m[38;2;43;81;79m[48;2;72;143;153m▀[0m[38;2;0;0;0m[48;2;93;184;185m▀[0m[38;2;20;32;41m[48;2;0;0;0m▀[0m[38;2;110;211;232m[48;2;0;0;0m▀[0m[38;2;102;203;226m[48;2;43;86;93m▀[0m[38;2;59;120;129m[48;2;93;185;206m▀[0m
[38;2;101;197;210m[48;2;0;0;0m▀[0m[38;2;14;34;35m[48;2;10;32;30m▀[0m[38;2;0;0;0m[48;2;64;137;146m▀[0m[38;2;0;0;0m[48;2;105;200;223m▀[0m[38;2;16;37;37m[48;2;127;231;254m▀[0m[38;2;32;89;86m[48;2;123;214;238m▀[0m[38;2;38;95;90m[48;2;61;111;120m▀[0m[38;2;41;96;96m[48;2;27;71;68m▀[0m[38;2;36;82;79m[48;2;23;46;45m▀[0m[38;2;22;50;50m[48;2;36;98;92m▀[0m[38;2;43;116;110m[48;2;39;97;93m▀[0m[38;2;36;108;104m[48;2;34;85;83m▀[0m[38;2;0;9;6m[48;2;7;51;48m▀[0m[38;2;58;92;92m[48;2;29;90;89m▀[0m[38;2;212;216;216m[48;2;205;198;198m▀[0m[38;2;0;0;0m[48;2;164;172;177m▀[0m[38;2;115;47;38m[48;2;0;0;0m▀[0m[38;2;92;55;47m[48;2;37;10;7m▀[0m[38;2;160;78;74m[48;2;176;85;77m▀[0m[38;2;124;58;50m[48;2;146;77;70m▀[0m[38;2;162;66;59m[48;2;141;73;65m▀[0m[38;2;201;89;84m[48;2;221;100;91m▀[0m[38;2;22;10;14m[48;2;54;22;21m▀[0m[38;2;79;47;46m[48;2;0;4;7m▀[0m[38;2;235;104;93m[48;2;183;95;79m▀[0m[38;2;124;56;51m[48;2;127;65;59m▀[0m[38;2;184;76;60m[48;2;169;73;64m▀[0m[38;2;217;82;69m[48;2;212;86;71m▀[0m[38;2;205;44;30m[48;2;201;73;64m▀[0m[38;2;211;117;108m[48;2;198;55;46m▀[0m[38;2;255;255;251m[48;2;234;122;113m▀[0m[38;2;140;43;32m[48;2;162;70;66m▀[0m[38;2;157;56;42m[48;2;143;51;42m▀[0m[38;2;251;97;82m[48;2;241;98;83m▀[0m[38;2;237;89;76m[48;2;226;89;76m▀[0m[38;2;233;90;78m[48;2;243;97;83m▀[0m[38;2;181;74;69m[48;2;180;76;68m▀[0m[38;2;153;68;57m[48;2;150;68;62m▀[0m[38;2;47;35;28m[48;2;33;27;23m▀[0m[38;2;205;93;77m[48;2;222;93;82m▀[0m[38;2;177;76;64m[48;2;176;76;64m▀[0m[38;2;243;91;77m[48;2;237;95;77m▀[0m[38;2;255;90;79m[48;2;234;84;71m▀[0m[38;2;203;72;50m[48;2;192;100;79m▀[0m[38;2;119;158;163m[48;2;139;99;90m▀[0m[38;2;243;152;146m[48;2;226;75;65m▀[0m[38;2;197;30;15m[48;2;198;72;56m▀[0m[38;2;205;70;47m[48;2;192;79;62m▀[0m[38;2;228;86;74m[48;2;227;89;77m▀[0m[38;2;147;68;59m[48;2;131;65;62m▀[0m[38;2;81;44;44m[48;2;84;76;77m▀[0m[38;2;217;91;76m[48;2;151;66;60m▀[0m[38;2;68;38;38m[48;2;0;1;5m▀[0m[38;2;62;29;28m[48;2;140;68;60m▀[0m[38;2;158;75;69m[48;2;125;61;60m▀[0m[38;2;123;58;48m[48;2;151;69;63m▀[0m[38;2;191;89;82m[48;2;191;95;86m▀[0m[38;2;126;64;58m[48;2;55;21;20m▀[0m[38;2;77;27;27m[48;2;0;0;0m▀[0m[38;2;0;0;0m[48;2;224;223;224m▀[0m[38;2;69;72;72m[48;2;178;206;204m▀[0m[38;2;0;35;31m[48;2;0;36;34m▀[0m[38;2;25;82;77m[48;2;18;49;47m▀[0m[38;2;30;75;73m[48;2;34;78;75m▀[0m[38;2;33;104;97m[48;2;29;71;66m▀[0m[38;2;19;63;57m[48;2;33;98;91m▀[0m[38;2;42;78;84m[48;2;7;47;39m▀[0m[38;2;109;196;212m[48;2;7;29;28m▀[0m[38;2;137;249;255m[48;2;60;104;110m▀[0m[38;2;131;255;255m[48;2;61;119;130m▀[0m[38;2;55;140;145m[48;2;79;174;187m▀[0m[38;2;60;122;128m[48;2;56;106;112m▀[0m[38;2;127;253;255m[48;2;52;90;102m▀[0m[38;2;37;70;71m[48;2;105;204;224m▀[0m[38;2;0;0;0m[48;2;78;140;145m▀[0m[38;2;0;0;0m[48;2;0;0;0m▀[0m
[38;2;42;89;102m[48;2;82;144;156m▀[0m[38;2;111;223;245m[48;2;45;76;85m▀[0m[38;2;132;255;255m[48;2;64;110;126m▀[0m[38;2;130;249;255m[48;2;49;82;92m▀[0m[38;2;119;221;246m[48;2;6;16;14m▀[0m[38;2;56;109;117m[48;2;11;64;51m▀[0m[38;2;25;87;75m[48;2;28;90;81m▀[0m[38;2;23;64;56m[48;2;6;20;18m▀[0m[38;2;21;58;58m[48;2;24;87;83m▀[0m[38;2;32;88;82m[48;2;18;50;47m▀[0m[38;2;29;83;81m[48;2;27;83;79m▀[0m[38;2;10;46;44m[48;2;5;37;33m▀[0m[38;2;9;70;70m[48;2;10;84;82m▀[0m[38;2;59;113;112m[48;2;51;105;101m▀[0m[38;2;177;177;178m[48;2;207;213;212m▀[0m[38;2;255;255;255m[48;2;248;241;244m▀[0m[38;2;32;42;44m[48;2;255;255;255m▀[0m[38;2;0;0;0m[48;2;0;0;0m▀[0m[38;2;95;39;35m[48;2;0;0;0m▀[0m[38;2;189;109;103m[48;2;116;56;56m▀[0m[38;2;165;126;122m[48;2;98;46;43m▀[0m[38;2;210;90;81m[48;2;201;93;86m▀[0m[38;2;126;63;57m[48;2;209;102;93m▀[0m[38;2;0;0;0m[48;2;0;0;0m▀[0m[38;2;150;78;71m[48;2;103;52;48m▀[0m[38;2;125;61;56m[48;2;130;69;66m▀[0m[38;2;158;71;61m[48;2;141;63;57m▀[0m[38;2;216;92;79m[48;2;218;93;81m▀[0m[38;2;199;83;68m[48;2;194;79;70m▀[0m[38;2;201;85;71m[48;2;199;81;70m▀[0m[38;2;222;76;65m[48;2;228;91;82m▀[0m[38;2;155;60;52m[48;2;141;59;55m▀[0m[38;2;120;52;45m[48;2;103;42;35m▀[0m[38;2;231;92;78m[48;2;228;93;78m▀[0m[38;2;211;86;70m[48;2;204;85;72m▀[0m[38;2;235;98;81m[48;2;233;97;81m▀[0m[38;2;169;72;61m[48;2;156;69;58m▀[0m[38;2;137;64;56m[48;2;124;60;57m▀[0m[38;2;0;6;9m[48;2;0;0;0m▀[0m[38;2;223;91;81m[48;2;181;82;70m▀[0m[38;2;169;73;62m[48;2;165;71;59m▀[0m[38;2;218;78;71m[48;2;227;88;77m▀[0m[38;2;219;92;77m[48;2;226;92;81m▀[0m[38;2;177;68;59m[48;2;160;72;61m▀[0m[38;2;123;37;30m[48;2;135;62;50m▀[0m[38;2;221;84;72m[48;2;212;91;75m▀[0m[38;2;194;82;71m[48;2;195;78;74m▀[0m[38;2;183;78;66m[48;2;190;82;69m▀[0m[38;2;222;93;85m[48;2;224;98;90m▀[0m[38;2;112;49;49m[48;2;92;46;46m▀[0m[38;2;90;45;41m[48;2;124;63;63m▀[0m[38;2;136;70;69m[48;2;20;11;11m▀[0m[38;2;0;0;0m[48;2;57;36;31m▀[0m[38;2;212;104;98m[48;2;213;117;109m▀[0m[38;2;104;57;55m[48;2;114;59;55m▀[0m[38;2;177;89;83m[48;2;92;48;44m▀[0m[38;2;98;52;50m[48;2;0;0;0m▀[0m[38;2;0;0;0m[48;2;0;0;0m▀[0m[38;2;132;144;142m[48;2;238;243;239m▀[0m[38;2;211;203;200m[48;2;198;194;193m▀[0m[38;2;115;149;147m[48;2;111;140;140m▀[0m[38;2;16;90;86m[48;2;0;79;69m▀[0m[38;2;7;24;21m[48;2;0;0;0m▀[0m[38;2;36;74;73m[48;2;0;20;19m▀[0m[38;2;25;63;59m[48;2;0;58;56m▀[0m[38;2;24;63;61m[48;2;7;51;47m▀[0m[38;2;24;82;77m[48;2;20;69;63m▀[0m[38;2;20;77;70m[48;2;18;70;61m▀[0m[38;2;5;41;31m[48;2;27;84;77m▀[0m[38;2;0;0;0m[48;2;25;85;77m▀[0m[38;2;0;0;0m[48;2;7;27;23m▀[0m[38;2;60;130;146m[48;2;0;3;0m▀[0m[38;2;103;220;245m[48;2;59;109;123m▀[0m[38;2;77;156;177m[48;2;140;255;255m▀[0m[38;2;114;213;233m[48;2;124;213;238m▀[0m[38;2;120;208;222m[48;2;89;162;177m▀[0m
[38;2;99;183;203m[48;2;41;91;96m▀[0m[38;2;66;117;127m[48;2;0;1;0m▀[0m[38;2;0;0;0m[48;2;8;50;38m▀[0m[38;2;0;0;0m[48;2;27;98;89m▀[0m[38;2;10;66;54m[48;2;25;87;77m▀[0m[38;2;31;103;91m[48;2;20;76;70m▀[0m[38;2;11;38;35m[48;2;0;0;0m▀[0m[38;2;20;54;54m[48;2;11;41;37m▀[0m[38;2;27;88;85m[48;2;19;57;55m▀[0m[38;2;24;71;66m[48;2;8;46;42m▀[0m[38;2;24;91;86m[48;2;0;39;34m▀[0m[38;2;15;72;72m[48;2;0;37;34m▀[0m[38;2;9;85;79m[48;2;0;38;31m▀[0m[38;2;54;111;102m[48;2;30;82;75m▀[0m[38;2;184;186;187m[48;2;167;164;168m▀[0m[38;2;255;255;255m[48;2;255;255;255m▀[0m[38;2;255;255;255m[48;2;208;207;207m▀[0m[38;2;70;76;76m[48;2;106;111;111m▀[0m[38;2;0;0;0m[48;2;0;0;0m▀[0m[38;2;0;0;0m[48;2;0;0;0m▀[0m[38;2;47;24;25m[48;2;0;0;0m▀[0m[38;2;58;23;27m[48;2;31;10;10m▀[0m[38;2;187;96;92m[48;2;92;43;37m▀[0m[38;2;62;34;33m[48;2;0;0;0m▀[0m[38;2;0;0;1m[48;2;0;0;0m▀[0m[38;2;138;77;73m[48;2;92;51;51m▀[0m[38;2;91;50;44m[48;2;90;51;47m▀[0m[38;2;195;92;81m[48;2;139;71;64m▀[0m[38;2;197;84;72m[48;2;180;85;74m▀[0m[38;2;197;82;72m[48;2;191;87;78m▀[0m[38;2;228;90;79m[48;2;235;97;86m▀[0m[38;2;141;74;66m[48;2;119;61;61m▀[0m[38;2;130;77;70m[48;2;43;45;43m▀[0m[38;2;228;91;83m[48;2;235;97;88m▀[0m[38;2;204;87;77m[48;2;206;89;86m▀[0m[38;2;244;100;85m[48;2;211;91;82m▀[0m[38;2;128;51;50m[48;2;77;38;32m▀[0m[38;2;96;55;52m[48;2;71;38;42m▀[0m[38;2;0;0;0m[48;2;47;25;24m▀[0m[38;2;108;57;49m[48;2;128;65;61m▀[0m[38;2;159;74;60m[48;2;113;59;51m▀[0m[38;2;225;96;78m[48;2;210;90;78m▀[0m[38;2;216;92;76m[48;2;211;93;85m▀[0m[38;2;135;61;57m[48;2;109;50;48m▀[0m[38;2;142;71;56m[48;2;163;75;61m▀[0m[38;2;203;93;79m[48;2;192;91;81m▀[0m[38;2;190;87;76m[48;2;169;82;74m▀[0m[38;2;193;91;79m[48;2;151;75;73m▀[0m[38;2;187;89;79m[48;2;119;65;62m▀[0m[38;2;72;41;41m[48;2;31;21;21m▀[0m[38;2;46;31;31m[48;2;0;0;0m▀[0m[38;2;0;0;0m[48;2;0;0;0m▀[0m[38;2;47;27;25m[48;2;0;0;0m▀[0m[38;2;136;68;61m[48;2;44;17;14m▀[0m[38;2;24;5;5m[48;2;0;0;0m▀[0m[38;2;0;0;0m[48;2;0;0;0m▀[0m[38;2;0;0;0m[48;2;0;0;0m▀[0m[38;2;58;62;62m[48;2;162;164;162m▀[0m[38;2;184;181;181m[48;2;207;207;207m▀[0m[38;2;255;255;255m[48;2;255;255;255m▀[0m[38;2;117;137;136m[48;2;82;88;85m▀[0m[38;2;139;173;169m[48;2;19;35;32m▀[0m[38;2;160;165;162m[48;2;43;73;68m▀[0m[38;2;132;126;126m[48;2;72;76;69m▀[0m[38;2;85;106;105m[48;2;116;102;102m▀[0m[38;2;30;78;77m[48;2;147;147;149m▀[0m[38;2;0;48;42m[48;2;133;149;149m▀[0m[38;2;10;62;54m[48;2;2;56;49m▀[0m[38;2;14;46;41m[48;2;2;48;41m▀[0m[38;2;21;85;79m[48;2;9;37;33m▀[0m[38;2;19;58;54m[48;2;28;90;82m▀[0m[38;2;16;46;43m[48;2;16;44;39m▀[0m[38;2;0;0;0m[48;2;17;47;43m▀[0m[38;2;29;38;46m[48;2;0;12;4m▀[0m[38;2;11;45;41m[48;2;9;69;54m▀[0m[38;2;0;4;0m[48;2;15;70;56m▀[0m
[38;2;0;32;27m[48;2;3;12;11m▀[0m[38;2;6;36;31m[48;2;12;54;46m▀[0m[38;2;19;83;73m[48;2;12;54;46m▀[0m[38;2;17;68;58m[48;2;14;61;52m▀[0m[38;2;22;84;76m[48;2;14;54;47m▀[0m[38;2;2;19;14m[48;2;0;7;6m▀[0m[38;2;3;36;33m[48;2;0;65;58m▀[0m[38;2;0;58;49m[48;2;55;101;98m▀[0m[38;2;0;31;27m[48;2;186;193;198m▀[0m[38;2;15;43;41m[48;2;75;72;72m▀[0m[38;2;39;62;58m[48;2;1;10;9m▀[0m[38;2;29;68;68m[48;2;0;10;7m▀[0m[38;2;0;7;3m[48;2;15;39;31m▀[0m[38;2;36;69;63m[48;2;125;137;133m▀[0m[38;2;206;200;206m[48;2;246;241;245m▀[0m[38;2;255;255;255m[48;2;255;255;255m▀[0m[38;2;173;170;170m[48;2;213;217;216m▀[0m[38;2;145;150;146m[48;2;255;255;255m▀[0m[38;2;0;0;0m[48;2;87;97;96m▀[0m[38;2;0;0;0m[48;2;33;0;0m▀[0m[38;2;0;0;0m[48;2;59;31;30m▀[0m[38;2;2;0;0m[48;2;0;0;0m▀[0m[38;2;76;33;25m[48;2;0;0;0m▀[0m[38;2;0;0;0m[48;2;0;0;0m▀[0m[38;2;0;0;0m[48;2;0;0;0m▀[0m[38;2;0;0;0m[48;2;0;0;0m▀[0m[38;2;65;37;41m[48;2;0;0;0m▀[0m[38;2;114;59;55m[48;2;41;24;22m▀[0m[38;2;137;72;61m[48;2;163;84;79m▀[0m[38;2;140;72;62m[48;2;127;64;58m▀[0m[38;2;182;86;78m[48;2;122;65;58m▀[0m[38;2;70;38;36m[48;2;56;31;29m▀[0m[38;2;17;27;27m[48;2;76;37;39m▀[0m[38;2;164;78;68m[48;2;76;38;33m▀[0m[38;2;158;78;71m[48;2;119;65;57m▀[0m[38;2;122;60;54m[48;2;133;70;64m▀[0m[38;2;151;84;71m[48;2;155;79;75m▀[0m[38;2;52;30;31m[48;2;0;0;0m▀[0m[38;2;45;25;22m[48;2;0;0;0m▀[0m[38;2;152;79;72m[48;2;172;89;83m▀[0m[38;2;66;37;36m[48;2;78;44;41m▀[0m[38;2;159;82;69m[48;2;137;69;69m▀[0m[38;2;155;82;68m[48;2;106;56;51m▀[0m[38;2;63;36;29m[48;2;58;36;33m▀[0m[38;2;142;72;59m[48;2;120;65;62m▀[0m[38;2;136;70;65m[48;2;111;57;54m▀[0m[38;2;117;61;57m[48;2;130;66;61m▀[0m[38;2;128;68;63m[48;2;156;85;78m▀[0m[38;2;93;52;45m[48;2;28;18;16m▀[0m[38;2;0;0;0m[48;2;0;0;0m▀[0m[38;2;0;0;0m[48;2;0;0;0m▀[0m[38;2;0;0;0m[48;2;0;0;0m▀[0m[38;2;0;0;0m[48;2;0;0;0m▀[0m[38;2;0;0;0m[48;2;0;0;0m▀[0m[38;2;0;0;0m[48;2;0;0;0m▀[0m[38;2;0;0;0m[48;2;10;6;5m▀[0m[38;2;97;97;97m[48;2;200;209;204m▀[0m[38;2;255;255;255m[48;2;159;162;162m▀[0m[38;2;255;255;255m[48;2;255;255;255m▀[0m[38;2;255;255;255m[48;2;255;255;255m▀[0m[38;2;105;123;119m[48;2;174;179;178m▀[0m[38;2;0;38;31m[48;2;12;8;8m▀[0m[38;2;18;82;73m[48;2;221;214;211m▀[0m[38;2;0;0;0m[48;2;255;255;255m▀[0m[38;2;0;0;0m[48;2;0;0;0m▀[0m[38;2;0;0;0m[48;2;0;0;0m▀[0m[38;2;35;66;64m[48;2;132;153;152m▀[0m[38;2;129;139;137m[48;2;255;255;255m▀[0m[38;2;0;46;35m[48;2;0;20;12m▀[0m[38;2;6;31;29m[48;2;0;50;44m▀[0m[38;2;18;56;50m[48;2;6;18;14m▀[0m[38;2;21;78;68m[48;2;17;71;64m▀[0m[38;2;12;32;28m[48;2;17;49;45m▀[0m[38;2;21;85;75m[48;2;8;31;29m▀[0m[38;2;15;69;58m[48;2;10;61;55m▀[0m[38;2;15;64;58m[48;2;11;57;49m▀[0m
[38;2;11;45;41m[48;2;4;47;39m▀[0m[38;2;7;47;36m[48;2;0;54;38m▀[0m[38;2;6;38;30m[48;2;0;48;39m▀[0m[38;2;10;46;41m[48;2;0;9;3m▀[0m[38;2;0;6;4m[48;2;0;0;0m▀[0m[38;2;2;46;42m[48;2;0;9;5m▀[0m[38;2;0;16;9m[48;2;0;0;0m▀[0m[38;2;131;146;143m[48;2;0;0;0m▀[0m[38;2;255;255;255m[48;2;183;195;193m▀[0m[38;2;144;145;142m[48;2;255;255;255m▀[0m[38;2;165;182;178m[48;2;255;255;255m▀[0m[38;2;225;228;227m[48;2;239;235;235m▀[0m[38;2;142;139;142m[48;2;0;0;0m▀[0m[38;2;138;133;137m[48;2;0;0;0m▀[0m[38;2;246;244;247m[48;2;255;255;255m▀[0m[38;2;255;255;255m[48;2;255;255;255m▀[0m[38;2;214;217;217m[48;2;122;123;119m▀[0m[38;2;205;209;206m[48;2;0;0;0m▀[0m[38;2;167;179;177m[48;2;103;108;109m▀[0m[38;2;18;9;6m[48;2;7;28;27m▀[0m[38;2;185;88;81m[48;2;105;42;34m▀[0m[38;2;32;16;15m[48;2;208;108;100m▀[0m[38;2;0;0;0m[48;2;66;34;33m▀[0m[38;2;0;0;0m[48;2;0;0;0m▀[0m[38;2;0;0;0m[48;2;0;0;0m▀[0m[38;2;0;0;0m[48;2;0;0;0m▀[0m[38;2;0;0;0m[48;2;0;0;0m▀[0m[38;2;0;0;0m[48;2;0;0;0m▀[0m[38;2;87;48;45m[48;2;0;0;0m▀[0m[38;2;187;98;89m[48;2;32;17;16m▀[0m[38;2;122;66;58m[48;2;46;24;21m▀[0m[38;2;83;44;41m[48;2;128;68;63m▀[0m[38;2;152;76;72m[48;2;170;90;87m▀[0m[38;2;77;43;39m[48;2;106;58;52m▀[0m[38;2;162;82;77m[48;2;78;44;44m▀[0m[38;2;163;83;78m[48;2;14;6;9m▀[0m[38;2;29;17;17m[48;2;0;0;0m▀[0m[38;2;0;0;0m[48;2;0;0;0m▀[0m[38;2;0;0;0m[48;2;0;0;0m▀[0m[38;2;47;25;24m[48;2;0;0;0m▀[0m[38;2;122;69;63m[48;2;20;14;12m▀[0m[38;2;127;66;65m[48;2;35;18;19m▀[0m[38;2;92;49;48m[48;2;75;41;37m▀[0m[38;2;118;64;60m[48;2;151;84;75m▀[0m[38;2;154;81;76m[48;2;128;70;69m▀[0m[38;2;158;84;82m[48;2;69;37;36m▀[0m[38;2;147;78;76m[48;2;0;0;0m▀[0m[38;2;32;20;18m[48;2;0;0;0m▀[0m[38;2;0;0;0m[48;2;0;0;0m▀[0m[38;2;0;0;0m[48;2;0;0;0m▀[0m[38;2;0;0;0m[48;2;0;0;0m▀[0m[38;2;0;0;0m[48;2;0;0;0m▀[0m[38;2;0;0;0m[48;2;127;69;63m▀[0m[38;2;68;33;30m[48;2;216;111;102m▀[0m[38;2;164;72;63m[48;2;92;30;25m▀[0m[38;2;0;0;0m[48;2;0;0;0m▀[0m[38;2;141;153;153m[48;2;252;255;255m▀[0m[38;2;200;200;200m[48;2;250;252;250m▀[0m[38;2;253;253;254m[48;2;233;235;235m▀[0m[38;2;255;255;255m[48;2;255;255;255m▀[0m[38;2;176;178;180m[48;2;209;213;212m▀[0m[38;2;68;68;69m[48;2;255;255;255m▀[0m[38;2;230;230;227m[48;2;255;255;255m▀[0m[38;2;250;244;244m[48;2;255;255;255m▀[0m[38;2;27;42;39m[48;2;255;255;255m▀[0m[38;2;99;101;99m[48;2;255;255;255m▀[0m[38;2;255;253;252m[48;2;185;177;178m▀[0m[38;2;101;115;112m[48;2;0;0;0m▀[0m[38;2;0;0;0m[48;2;19;66;58m▀[0m[38;2;0;46;39m[48;2;0;27;19m▀[0m[38;2;0;27;19m[48;2;0;0;0m▀[0m[38;2;9;24;21m[48;2;0;0;0m▀[0m[38;2;16;62;57m[48;2;0;17;5m▀[0m[38;2;2;19;14m[48;2;0;52;38m▀[0m[38;2;0;0;0m[48;2;0;11;8m▀[0m[38;2;1;7;4m[48;2;2;47;42m▀[0m
[38;2;0;32;20m[48;2;0;0;0m▀[0m[38;2;0;11;1m[48;2;0;16;10m▀[0m[38;2;0;19;17m[48;2;255;255;255m▀[0m[38;2;64;72;71m[48;2;0;0;0m▀[0m[38;2;86;92;92m[48;2;0;0;0m▀[0m[38;2;113;117;116m[48;2;0;0;0m▀[0m[38;2;186;186;184m[48;2;255;255;255m▀[0m[38;2;255;255;255m[48;2;255;255;255m▀[0m[38;2;255;255;255m[48;2;205;204;204m▀[0m[38;2;0;0;0m[48;2;136;133;137m▀[0m[38;2;0;0;0m[48;2;20;19;19m▀[0m[38;2;138;141;140m[48;2;89;89;89m▀[0m[38;2;218;218;218m[48;2;227;226;226m▀[0m[38;2;211;210;210m[48;2;255;255;255m▀[0m[38;2;255;255;255m[48;2;243;245;245m▀[0m[38;2;255;255;255m[48;2;226;230;230m▀[0m[38;2;37;36;36m[48;2;0;0;0m▀[0m[38;2;0;0;0m[48;2;0;0;0m▀[0m[38;2;147;152;152m[48;2;0;0;0m▀[0m[38;2;123;143;144m[48;2;131;146;147m▀[0m[38;2;10;0;0m[48;2;0;0;0m▀[0m[38;2;195;97;93m[48;2;158;75;63m▀[0m[38;2;183;90;90m[48;2;147;69;63m▀[0m[38;2;133;75;68m[48;2;144;61;58m▀[0m[38;2;39;19;18m[48;2;194;96;90m▀[0m[38;2;0;0;0m[48;2;64;30;30m▀[0m[38;2;45;23;22m[48;2;0;0;0m▀[0m[38;2;120;64;58m[48;2;249;118;110m▀[0m[38;2;0;0;0m[48;2;111;58;50m▀[0m[38;2;0;0;0m[48;2;0;0;0m▀[0m[38;2;0;0;0m[48;2;0;0;0m▀[0m[38;2;0;0;0m[48;2;17;12;12m▀[0m[38;2;0;0;0m[48;2;0;0;0m▀[0m[38;2;0;0;0m[48;2;0;0;0m▀[0m[38;2;0;0;0m[48;2;0;0;0m▀[0m[38;2;0;0;0m[48;2;0;0;0m▀[0m[38;2;0;0;0m[48;2;31;21;18m▀[0m[38;2;0;0;0m[48;2;49;29;28m▀[0m[38;2;0;0;0m[48;2;30;15;15m▀[0m[38;2;0;0;0m[48;2;6;5;5m▀[0m[38;2;0;0;0m[48;2;0;0;0m▀[0m[38;2;0;0;0m[48;2;0;0;0m▀[0m[38;2;0;0;0m[48;2;0;0;0m▀[0m[38;2;0;1;0m[48;2;0;4;5m▀[0m[38;2;0;0;0m[48;2;0;5;5m▀[0m[38;2;0;0;0m[48;2;0;0;0m▀[0m[38;2;0;0;0m[48;2;0;0;0m▀[0m[38;2;0;0;0m[48;2;162;85;82m▀[0m[38;2;64;32;33m[48;2;145;76;76m▀[0m[38;2;0;0;0m[48;2;15;7;4m▀[0m[38;2;39;21;17m[48;2;173;82;73m▀[0m[38;2;176;86;81m[48;2;155;78;74m▀[0m[38;2;171;84;72m[48;2;179;113;108m▀[0m[38;2;187;96;88m[48;2;153;69;62m▀[0m[38;2;0;0;0m[48;2;0;0;0m▀[0m[38;2;82;111;115m[48;2;104;123;125m▀[0m[38;2;106;114;114m[48;2;0;0;0m▀[0m[38;2;66;70;70m[48;2;8;8;8m▀[0m[38;2;255;255;255m[48;2;244;243;244m▀[0m[38;2;255;255;255m[48;2;255;255;255m▀[0m[38;2;206;208;206m[48;2;252;254;255m▀[0m[38;2;52;55;52m[48;2;154;156;154m▀[0m[38;2;78;78;78m[48;2;86;86;86m▀[0m[38;2;0;0;0m[48;2;151;151;151m▀[0m[38;2;223;223;221m[48;2;255;255;255m▀[0m[38;2;255;255;255m[48;2;252;251;251m▀[0m[38;2;255;255;255m[48;2;255;255;255m▀[0m[38;2;212;204;201m[48;2;0;0;0m▀[0m[38;2;58;43;45m[48;2;0;0;0m▀[0m[38;2;218;210;210m[48;2;0;0;0m▀[0m[38;2;246;245;246m[48;2;255;255;255m▀[0m[38;2;145;155;155m[48;2;255;255;255m▀[0m[38;2;0;30;22m[48;2;207;191;194m▀[0m[38;2;0;2;0m[48;2;34;54;48m▀[0m[38;2;0;35;19m[48;2;0;0;0m▀[0m[38;2;0;4;4m[48;2;0;0;0m▀[0m
[38;2;140;133;130m[48;2;255;255;255m▀[0m[38;2;144;143;141m[48;2;255;255;255m▀[0m[38;2;243;236;238m[48;2;255;255;255m▀[0m[38;2;115;115;115m[48;2;255;255;255m▀[0m[38;2;108;106;108m[48;2;255;255;255m▀[0m[38;2;48;48;50m[48;2;232;236;233m▀[0m[38;2;217;216;216m[48;2;130;133;135m▀[0m[38;2;255;255;255m[48;2;28;32;31m▀[0m[38;2;255;255;255m[48;2;227;227;225m▀[0m[38;2;255;255;255m[48;2;255;255;255m▀[0m[38;2;255;255;255m[48;2;255;255;255m▀[0m[38;2;255;255;255m[48;2;255;255;255m▀[0m[38;2;255;255;255m[48;2;249;251;251m▀[0m[38;2;255;255;255m[48;2;255;255;255m▀[0m[38;2;219;218;218m[48;2;255;255;255m▀[0m[38;2;213;216;216m[48;2;173;177;173m▀[0m[38;2;0;0;0m[48;2;0;0;0m▀[0m[38;2;0;0;0m[48;2;0;0;0m▀[0m[38;2;0;0;0m[48;2;1;0;0m▀[0m[38;2;130;137;136m[48;2;136;139;138m▀[0m[38;2;0;0;0m[48;2;14;34;35m▀[0m[38;2;68;6;4m[48;2;0;0;0m▀[0m[38;2;254;212;204m[48;2;182;101;99m▀[0m[38;2;255;255;255m[48;2;230;198;196m▀[0m[38;2;120;36;30m[48;2;179;130;127m▀[0m[38;2;174;89;86m[48;2;153;68;61m▀[0m[38;2;0;0;0m[48;2;62;34;34m▀[0m[38;2;98;46;46m[48;2;59;31;31m▀[0m[38;2;206;109;96m[48;2;184;93;84m▀[0m[38;2;0;0;0m[48;2;58;33;33m▀[0m[38;2;0;0;0m[48;2;0;0;0m▀[0m[38;2;43;25;25m[48;2;1;0;2m▀[0m[38;2;0;0;0m[48;2;48;25;25m▀[0m[38;2;0;0;0m[48;2;6;5;5m▀[0m[38;2;0;0;2m[48;2;0;0;0m▀[0m[38;2;0;0;2m[48;2;0;0;0m▀[0m[38;2;29;15;17m[48;2;0;0;0m▀[0m[38;2;12;10;8m[48;2;0;0;0m▀[0m[38;2;0;3;2m[48;2;0;0;0m▀[0m[38;2;3;3;3m[48;2;0;0;0m▀[0m[38;2;0;0;0m[48;2;0;2;2m▀[0m[38;2;0;0;0m[48;2;11;5;7m▀[0m[38;2;0;0;0m[48;2;34;18;22m▀[0m[38;2;43;29;28m[48;2;2;1;2m▀[0m[38;2;0;0;0m[48;2;0;0;0m▀[0m[38;2;0;0;0m[48;2;69;36;32m▀[0m[38;2;99;51;49m[48;2;145;78;69m▀[0m[38;2;201;105;103m[48;2;157;84;82m▀[0m[38;2;41;24;23m[48;2;57;32;30m▀[0m[38;2;76;37;33m[48;2;93;45;41m▀[0m[38;2;147;62;51m[48;2;230;195;187m▀[0m[38;2;255;255;255m[48;2;212;149;147m▀[0m[38;2;255;201;193m[48;2;153;56;48m▀[0m[38;2;60;0;0m[48;2;0;0;0m▀[0m[38;2;0;0;0m[48;2;54;66;71m▀[0m[38;2;182;189;185m[48;2;147;155;153m▀[0m[38;2;0;0;0m[48;2;0;0;0m▀[0m[38;2;0;0;0m[48;2;0;0;0m▀[0m[38;2;206;208;209m[48;2;177;179;177m▀[0m[38;2;208;212;211m[48;2;255;255;255m▀[0m[38;2;255;255;255m[48;2;255;255;255m▀[0m[38;2;255;255;255m[48;2;255;255;255m▀[0m[38;2;255;255;255m[48;2;255;255;255m▀[0m[38;2;255;255;254m[48;2;255;255;255m▀[0m[38;2;219;221;221m[48;2;255;255;255m▀[0m[38;2;250;249;249m[48;2;198;200;201m▀[0m[38;2;118;123;122m[48;2;153;153;153m▀[0m[38;2;16;43;34m[48;2;241;234;233m▀[0m[38;2;50;65;65m[48;2;220;213;216m▀[0m[38;2;156;156;156m[48;2;147;150;147m▀[0m[38;2;222;219;222m[48;2;255;255;255m▀[0m[38;2;98;97;97m[48;2;255;255;255m▀[0m[38;2;160;154;154m[48;2;255;255;255m▀[0m[38;2;228;222;221m[48;2;223;221;218m▀[0m[38;2;160;156;155m[48;2;232;220;218m▀[0m[38;2;171;176;174m[48;2;210;200;200m▀[0m
[38;2;106;115;125m[48;2;185;199;212m▀[0m[38;2;153;160;169m[48;2;182;194;210m▀[0m[38;2;236;244;253m[48;2;190;207;223m▀[0m[38;2;195;203;217m[48;2;74;87;93m▀[0m[38;2;117;124;125m[48;2;137;146;153m▀[0m[38;2;238;238;235m[48;2;145;153;152m▀[0m[38;2;163;189;206m[48;2;255;255;255m▀[0m[38;2;108;133;155m[48;2;255;255;255m▀[0m[38;2;60;75;81m[48;2;255;255;255m▀[0m[38;2;255;255;250m[48;2;255;255;255m▀[0m[38;2;209;206;206m[48;2;0;4;7m▀[0m[38;2;227;230;227m[48;2;0;0;0m▀[0m[38;2;217;221;221m[48;2;0;0;0m▀[0m[38;2;249;248;248m[48;2;0;0;0m▀[0m[38;2;166;168;166m[48;2;109;112;105m▀[0m[38;2;86;93;89m[48;2;110;112;113m▀[0m[38;2;0;0;0m[48;2;0;0;0m▀[0m[38;2;0;0;0m[48;2;0;0;0m▀[0m[38;2;32;4;4m[48;2;51;24;29m▀[0m[38;2;101;93;90m[48;2;65;39;39m▀[0m[38;2;136;144;142m[48;2;179;186;186m▀[0m[38;2;0;0;0m[48;2;0;0;0m▀[0m[38;2;47;12;11m[48;2;0;0;0m▀[0m[38;2;168;72;69m[48;2;52;27;24m▀[0m[38;2;162;99;93m[48;2;170;87;84m▀[0m[38;2;154;75;74m[48;2;163;84;79m▀[0m[38;2;56;27;27m[48;2;59;30;28m▀[0m[38;2;125;59;56m[48;2;110;56;51m▀[0m[38;2;189;93;85m[48;2;182;92;85m▀[0m[38;2;110;56;54m[48;2;162;84;77m▀[0m[38;2;0;0;0m[48;2;0;0;0m▀[0m[38;2;0;0;0m[48;2;29;17;15m▀[0m[38;2;0;0;0m[48;2;22;15;9m▀[0m[38;2;30;15;17m[48;2;0;0;0m▀[0m[38;2;27;15;12m[48;2;0;0;0m▀[0m[38;2;6;3;3m[48;2;0;0;0m▀[0m[38;2;0;0;0m[48;2;0;0;0m▀[0m[38;2;0;0;0m[48;2;0;0;0m▀[0m[38;2;2;5;1m[48;2;0;0;0m▀[0m[38;2;21;11;11m[48;2;0;0;0m▀[0m[38;2;28;18;18m[48;2;0;0;0m▀[0m[38;2;15;8;8m[48;2;0;0;0m▀[0m[38;2;0;0;0m[48;2;38;19;19m▀[0m[38;2;0;0;0m[48;2;51;30;30m▀[0m[38;2;0;0;0m[48;2;0;0;0m▀[0m[38;2;151;76;74m[48;2;180;96;89m▀[0m[38;2;130;70;61m[48;2;118;64;57m▀[0m[38;2;145;78;75m[48;2;132;71;64m▀[0m[38;2;56;29;24m[48;2;56;32;28m▀[0m[38;2;115;64;61m[48;2;140;66;65m▀[0m[38;2;186;104;100m[48;2;158;74;72m▀[0m[38;2;140;52;50m[48;2;0;0;0m▀[0m[38;2;6;0;0m[48;2;0;0;0m▀[0m[38;2;0;0;0m[48;2;0;0;0m▀[0m[38;2;147;155;158m[48;2;177;183;183m▀[0m[38;2;27;33;33m[48;2;0;0;0m▀[0m[38;2;0;0;0m[48;2;0;0;0m▀[0m[38;2;0;0;0m[48;2;0;0;0m▀[0m[38;2;103;103;103m[48;2;61;61;61m▀[0m[38;2;255;255;255m[48;2;0;0;0m▀[0m[38;2;255;255;255m[48;2;255;255;255m▀[0m[38;2;240;240;240m[48;2;11;10;8m▀[0m[38;2;205;205;205m[48;2;0;0;0m▀[0m[38;2;100;99;100m[48;2;0;0;0m▀[0m[38;2;227;227;227m[48;2;255;255;255m▀[0m[38;2;255;255;255m[48;2;191;194;198m▀[0m[38;2;120;119;120m[48;2;112;128;141m▀[0m[38;2;108;117;124m[48;2;178;190;197m▀[0m[38;2;214;214;212m[48;2;255;255;255m▀[0m[38;2;124;120;127m[48;2;197;197;199m▀[0m[38;2;99;106;108m[48;2;102;115;130m▀[0m[38;2;194;201;207m[48;2;128;139;149m▀[0m[38;2;179;190;201m[48;2;194;206;222m▀[0m[38;2;131;144;160m[48;2;190;200;212m▀[0m[38;2;133;146;158m[48;2;182;194;206m▀[0m[38;2;152;165;178m[48;2;154;167;176m▀[0m
[38;2;182;190;199m[48;2;194;205;218m▀[0m[38;2;199;208;221m[48;2;207;220;233m▀[0m[38;2;154;165;174m[48;2;97;104;109m▀[0m[38;2;99;103;103m[48;2;177;190;194m▀[0m[38;2;214;227;235m[48;2;194;206;214m▀[0m[38;2;160;173;181m[48;2;190;201;212m▀[0m[38;2;151;154;155m[48;2;181;192;205m▀[0m[38;2;233;232;230m[48;2;151;163;174m▀[0m[38;2;222;225;219m[48;2;149;156;165m▀[0m[38;2;247;250;247m[48;2;174;182;186m▀[0m[38;2;225;228;230m[48;2;183;185;190m▀[0m[38;2;180;187;191m[48;2;185;190;189m▀[0m[38;2;190;194;193m[48;2;208;211;212m▀[0m[38;2;255;255;255m[48;2;104;106;112m▀[0m[38;2;255;255;255m[48;2;0;0;0m▀[0m[38;2;92;95;92m[48;2;77;79;77m▀[0m[38;2;0;0;0m[48;2;0;0;0m▀[0m[38;2;0;0;0m[48;2;0;0;0m▀[0m[38;2;34;18;21m[48;2;38;22;25m▀[0m[38;2;57;14;14m[48;2;78;34;33m▀[0m[38;2;174;167;164m[48;2;78;61;61m▀[0m[38;2;12;29;25m[48;2;86;101;99m▀[0m[38;2;0;0;0m[48;2;0;0;0m▀[0m[38;2;0;0;0m[48;2;39;11;14m▀[0m[38;2;54;35;30m[48;2;0;0;0m▀[0m[38;2;201;105;99m[48;2;88;51;46m▀[0m[38;2;99;50;47m[48;2;137;75;69m▀[0m[38;2;104;52;49m[48;2;96;47;44m▀[0m[38;2;174;89;83m[48;2;178;88;84m▀[0m[38;2;163;84;79m[48;2;155;81;76m▀[0m[38;2;7;1;0m[48;2;16;8;9m▀[0m[38;2;0;0;0m[48;2;0;0;0m▀[0m[38;2;14;7;6m[48;2;0;0;0m▀[0m[38;2;28;11;11m[48;2;0;0;0m▀[0m[38;2;11;0;2m[48;2;0;0;0m▀[0m[38;2;0;0;0m[48;2;37;22;25m▀[0m[38;2;0;0;0m[48;2;163;165;165m▀[0m[38;2;0;0;0m[48;2;166;166;166m▀[0m[38;2;0;0;0m[48;2;127;135;136m▀[0m[38;2;0;0;0m[48;2;61;49;60m▀[0m[38;2;27;7;10m[48;2;0;0;0m▀[0m[38;2;15;0;0m[48;2;155;159;163m▀[0m[38;2;49;21;21m[48;2;0;0;0m▀[0m[38;2;0;0;0m[48;2;0;0;0m▀[0m[38;2;4;4;4m[48;2;18;14;9m▀[0m[38;2;190;100;92m[48;2;186;102;90m▀[0m[38;2;111;57;52m[48;2;103;56;50m▀[0m[38;2;154;81;76m[48;2;181;96;91m▀[0m[38;2;104;56;49m[48;2;143;76;71m▀[0m[38;2;73;39;36m[48;2;0;0;0m▀[0m[38;2;16;8;7m[48;2;22;7;6m▀[0m[38;2;0;0;0m[48;2;22;7;5m▀[0m[38;2;0;0;0m[48;2;0;0;0m▀[0m[38;2;91;105;105m[48;2;141;155;156m▀[0m[38;2;170;144;142m[48;2;83;39;38m▀[0m[38;2;0;0;0m[48;2;36;16;15m▀[0m[38;2;0;0;0m[48;2;0;0;0m▀[0m[38;2;0;0;0m[48;2;0;0;0m▀[0m[38;2;133;133;131m[48;2;51;54;51m▀[0m[38;2;65;66;62m[48;2;98;98;95m▀[0m[38;2;66;64;62m[48;2;100;99;99m▀[0m[38;2;254;250;249m[48;2;77;79;81m▀[0m[38;2;177;172;171m[48;2;143;152;162m▀[0m[38;2;251;250;244m[48;2;166;179;187m▀[0m[38;2;151;153;154m[48;2;165;174;181m▀[0m[38;2;114;123;125m[48;2;170;178;181m▀[0m[38;2;157;160;157m[48;2;165;173;179m▀[0m[38;2;171;167;164m[48;2;169;180;189m▀[0m[38;2;156;158;160m[48;2;180;196;209m▀[0m[38;2;156;169;180m[48;2;153;165;173m▀[0m[38;2;209;222;238m[48;2;167;176;184m▀[0m[38;2;91;98;102m[48;2;166;177;185m▀[0m[38;2;184;191;199m[48;2;93;102;105m▀[0m[38;2;200;209;223m[48;2;214;222;234m▀[0m[38;2;185;191;201m[48;2;189;199;211m▀[0m[38;2;169;178;185m[48;2;191;201;213m▀[0m
[38;2;194;205;217m[48;2;225;232;240m▀[0m[38;2;140;152;159m[48;2;93;100;100m▀[0m[38;2;79;87;90m[48;2;178;187;194m▀[0m[38;2;217;230;240m[48;2;235;247;255m▀[0m[38;2;189;199;211m[48;2;218;230;244m▀[0m[38;2;186;194;208m[48;2;214;226;238m▀[0m[38;2;181;192;205m[48;2;213;225;237m▀[0m[38;2;190;200;214m[48;2;213;224;237m▀[0m[38;2;196;208;221m[48;2;214;228;240m▀[0m[38;2;123;131;141m[48;2;125;133;142m▀[0m[38;2;168;180;192m[48;2;201;214;225m▀[0m[38;2;184;197;210m[48;2;225;239;248m▀[0m[38;2;181;194;207m[48;2;225;239;250m▀[0m[38;2;198;211;223m[48;2;237;251;255m▀[0m[38;2;184;195;212m[48;2;255;255;255m▀[0m[38;2;77;77;75m[48;2;111;114;114m▀[0m[38;2;0;0;0m[48;2;0;0;0m▀[0m[38;2;0;0;0m[48;2;0;0;0m▀[0m[38;2;44;30;29m[48;2;15;12;10m▀[0m[38;2;83;49;50m[48;2;42;27;27m▀[0m[38;2;31;8;6m[48;2;47;22;22m▀[0m[38;2;112;111;104m[48;2;93;65;64m▀[0m[38;2;0;0;0m[48;2;44;58;54m▀[0m[38;2;28;0;2m[48;2;0;0;0m▀[0m[38;2;21;5;7m[48;2;48;22;19m▀[0m[38;2;0;0;0m[48;2;0;0;0m▀[0m[38;2;22;16;15m[48;2;0;0;0m▀[0m[38;2;135;72;66m[48;2;42;25;23m▀[0m[38;2;193;98;91m[48;2;201;106;96m▀[0m[38;2;168;84;79m[48;2;144;75;73m▀[0m[38;2;9;5;7m[48;2;0;0;0m▀[0m[38;2;0;0;0m[48;2;15;6;9m▀[0m[38;2;0;0;0m[48;2;0;0;0m▀[0m[38;2;0;0;0m[48;2;0;0;0m▀[0m[38;2;0;0;0m[48;2;5;0;0m▀[0m[38;2;0;0;0m[48;2;0;0;0m▀[0m[38;2;255;255;255m[48;2;255;255;255m▀[0m[38;2;255;255;255m[48;2;255;255;255m▀[0m[38;2;88;95;96m[48;2;0;0;0m▀[0m[38;2;0;0;0m[48;2;255;255;255m▀[0m[38;2;55;59;63m[48;2;255;255;255m▀[0m[38;2;243;245;245m[48;2;0;0;0m▀[0m[38;2;0;0;0m[48;2;0;0;0m▀[0m[38;2;0;0;0m[48;2;8;1;0m▀[0m[38;2;34;19;17m[48;2;21;12;10m▀[0m[38;2;199;109;97m[48;2;214;117;109m▀[0m[38;2;123;69;60m[48;2;69;37;35m▀[0m[38;2;116;59;59m[48;2;89;50;48m▀[0m[38;2;3;3;4m[48;2;0;1;1m▀[0m[38;2;0;0;0m[48;2;0;0;0m▀[0m[38;2;58;23;24m[48;2;72;31;28m▀[0m[38;2;2;0;0m[48;2;0;0;0m▀[0m[38;2;19;34;38m[48;2;72;76;76m▀[0m[38;2;85;85;83m[48;2;68;39;38m▀[0m[38;2;50;17;18m[48;2;52;31;30m▀[0m[38;2;57;36;32m[48;2;66;37;36m▀[0m[38;2;0;0;0m[48;2;0;0;0m▀[0m[38;2;0;0;0m[48;2;0;0;0m▀[0m[38;2;92;100;99m[48;2;173;181;191m▀[0m[38;2;157;171;179m[48;2;255;255;255m▀[0m[38;2;173;184;193m[48;2;253;255;255m▀[0m[38;2;206;219;234m[48;2;218;234;247m▀[0m[38;2;206;218;231m[48;2;208;219;232m▀[0m[38;2;196;209;222m[48;2;206;219;231m▀[0m[38;2;194;210;222m[48;2;206;220;231m▀[0m[38;2;194;208;219m[48;2;206;217;228m▀[0m[38;2;194;206;217m[48;2;206;218;230m▀[0m[38;2;205;212;224m[48;2;210;218;231m▀[0m[38;2;141;149;157m[48;2;211;222;236m▀[0m[38;2;162;173;182m[48;2;209;223;234m▀[0m[38;2;186;197;206m[48;2;209;222;234m▀[0m[38;2;216;223;237m[48;2;218;225;238m▀[0m[38;2;101;110;115m[48;2;214;222;232m▀[0m[38;2;145;155;159m[48;2;83;92;92m▀[0m[38;2;213;226;239m[48;2;189;200;211m▀[0m[38;2;192;205;217m[48;2;193;209;220m▀[0m
[38;2;128;143;145m[48;2;219;232;244m▀[0m[38;2;48;50;52m[48;2;34;37;39m▀[0m[38;2;0;0;0m[48;2;0;0;0m▀[0m[38;2;120;130;137m[48;2;166;179;186m▀[0m[38;2;104;116;119m[48;2;157;166;174m▀[0m[38;2;92;100;103m[48;2;131;140;149m▀[0m[38;2;100;109;114m[48;2;105;113;122m▀[0m[38;2;122;131;139m[48;2;101;106;112m▀[0m[38;2;119;131;135m[48;2;110;116;119m▀[0m[38;2;137;144;150m[48;2;120;126;132m▀[0m[38;2;123;132;137m[48;2;130;136;141m▀[0m[38;2;114;124;127m[48;2;126;135;140m▀[0m[38;2;116;126;130m[48;2;129;135;143m▀[0m[38;2;115;127;130m[48;2;135;141;150m▀[0m[38;2;137;151;159m[48;2;157;163;177m▀[0m[38;2;87;97;97m[48;2;159;176;187m▀[0m[38;2;0;0;0m[48;2;25;29;31m▀[0m[38;2;0;0;0m[48;2;0;0;0m▀[0m[38;2;12;8;8m[48;2;7;1;1m▀[0m[38;2;12;8;8m[48;2;7;7;4m▀[0m[38;2;47;31;30m[48;2;60;37;34m▀[0m[38;2;97;54;52m[48;2;96;58;56m▀[0m[38;2;75;69;64m[48;2;83;56;52m▀[0m[38;2;0;0;0m[48;2;1;17;15m▀[0m[38;2;47;15;14m[48;2;0;0;0m▀[0m[38;2;5;2;2m[48;2;61;28;23m▀[0m[38;2;0;0;0m[48;2;0;0;0m▀[0m[38;2;0;0;0m[48;2;0;0;0m▀[0m[38;2;11;7;7m[48;2;0;0;0m▀[0m[38;2;0;0;0m[48;2;0;0;0m▀[0m[38;2;0;1;1m[48;2;7;3;3m▀[0m[38;2;30;10;15m[48;2;39;18;19m▀[0m[38;2;0;0;0m[48;2;0;0;0m▀[0m[38;2;0;0;0m[48;2;0;0;0m▀[0m[38;2;23;11;11m[48;2;28;12;16m▀[0m[38;2;0;0;0m[48;2;0;0;0m▀[0m[38;2;226;233;233m[48;2;206;209;211m▀[0m[38;2;255;255;255m[48;2;255;255;255m▀[0m[38;2;0;0;0m[48;2;15;18;17m▀[0m[38;2;15;18;17m[48;2;7;11;11m▀[0m[38;2;89;92;92m[48;2;0;0;0m▀[0m[38;2;0;0;0m[48;2;0;0;0m▀[0m[38;2;0;0;0m[48;2;0;0;0m▀[0m[38;2;33;14;12m[48;2;39;18;19m▀[0m[38;2;0;0;0m[48;2;0;0;0m▀[0m[38;2;12;8;5m[48;2;0;0;0m▀[0m[38;2;37;21;21m[48;2;18;11;11m▀[0m[38;2;55;33;32m[48;2;0;0;0m▀[0m[38;2;0;0;0m[48;2;7;6;6m▀[0m[38;2;43;20;17m[48;2;47;21;22m▀[0m[38;2;12;3;0m[48;2;0;0;0m▀[0m[38;2;0;0;0m[48;2;21;11;12m▀[0m[38;2;79;55;56m[48;2;99;61;59m▀[0m[38;2;83;47;48m[48;2;83;51;50m▀[0m[38;2;38;21;22m[48;2;24;15;16m▀[0m[38;2;71;37;37m[48;2;65;36;35m▀[0m[38;2;0;0;0m[48;2;0;0;0m▀[0m[38;2;0;0;0m[48;2;0;1;1m▀[0m[38;2;105;113;122m[48;2;209;221;234m▀[0m[38;2;113;122;130m[48;2;241;250;255m▀[0m[38;2;70;76;84m[48;2;2;2;0m▀[0m[38;2;96;108;112m[48;2;127;139;143m▀[0m[38;2;108;115;119m[48;2;212;223;233m▀[0m[38;2;101;108;111m[48;2;192;200;212m▀[0m[38;2;102;109;112m[48;2;183;194;204m▀[0m[38;2;101;106;112m[48;2;182;190;198m▀[0m[38;2;96;102;111m[48;2;167;178;186m▀[0m[38;2;93;101;110m[48;2;170;180;187m▀[0m[38;2;99;106;115m[48;2;169;180;189m▀[0m[38;2;101;109;114m[48;2;172;182;189m▀[0m[38;2;100;108;113m[48;2;180;191;199m▀[0m[38;2;102;111;118m[48;2;182;193;203m▀[0m[38;2;136;141;147m[48;2;187;198;207m▀[0m[38;2;36;41;41m[48;2;173;185;196m▀[0m[38;2;0;0;0m[48;2;83;87;91m▀[0m[38;2;138;147;146m[48;2;227;238;250m▀[0m
[38;2;189;199;211m[48;2;108;120;125m▀[0m[38;2;86;95;98m[48;2;219;235;244m▀[0m[38;2;198;211;222m[48;2;224;236;249m▀[0m[38;2;219;230;241m[48;2;186;203;214m▀[0m[38;2;205;218;226m[48;2;186;198;207m▀[0m[38;2;210;221;233m[48;2;189;198;205m▀[0m[38;2;212;225;240m[48;2;187;199;210m▀[0m[38;2;217;230;245m[48;2;201;212;224m▀[0m[38;2;228;240;252m[48;2;186;197;206m▀[0m[38;2;224;235;247m[48;2;200;211;223m▀[0m[38;2;236;248;255m[48;2;111;119;125m▀[0m[38;2;223;235;247m[48;2;152;164;170m▀[0m[38;2;212;223;232m[48;2;200;213;222m▀[0m[38;2;219;227;241m[48;2;211;223;235m▀[0m[38;2;255;255;255m[48;2;169;181;190m▀[0m[38;2;224;237;250m[48;2;0;0;0m▀[0m[38;2;4;11;11m[48;2;149;150;146m▀[0m[38;2;0;0;0m[48;2;50;50;51m▀[0m[38;2;0;0;0m[48;2;0;0;0m▀[0m[38;2;25;18;18m[48;2;19;12;9m▀[0m[38;2;71;44;41m[48;2;62;39;39m▀[0m[38;2;86;55;54m[48;2;86;52;54m▀[0m[38;2;86;52;49m[48;2;83;50;49m▀[0m[38;2;52;28;25m[48;2;83;49;48m▀[0m[38;2;0;0;0m[48;2;29;9;10m▀[0m[38;2;31;12;11m[48;2;0;0;0m▀[0m[38;2;86;36;33m[48;2;73;32;29m▀[0m[38;2;0;0;0m[48;2;22;8;8m▀[0m[38;2;0;2;2m[48;2;42;19;17m▀[0m[38;2;0;0;0m[48;2;0;0;0m▀[0m[38;2;0;0;0m[48;2;0;0;0m▀[0m[38;2;91;48;47m[48;2;84;37;38m▀[0m[38;2;33;29;24m[48;2;88;56;55m▀[0m[38;2;0;0;0m[48;2;23;16;11m▀[0m[38;2;0;0;0m[48;2;0;0;0m▀[0m[38;2;0;0;0m[48;2;0;0;0m▀[0m[38;2;181;185;185m[48;2;172;179;176m▀[0m[38;2;224;227;226m[48;2;199;199;199m▀[0m[38;2;255;255;255m[48;2;243;248;244m▀[0m[38;2;255;255;255m[48;2;129;129;131m▀[0m[38;2;0;0;0m[48;2;0;0;0m▀[0m[38;2;0;0;0m[48;2;0;0;0m▀[0m[38;2;23;15;12m[48;2;97;56;56m▀[0m[38;2;56;27;24m[48;2;51;18;19m▀[0m[38;2;0;0;0m[48;2;0;0;0m▀[0m[38;2;0;0;0m[48;2;33;16;17m▀[0m[38;2;8;7;5m[48;2;0;0;0m▀[0m[38;2;0;0;0m[48;2;0;0;0m▀[0m[38;2;39;19;22m[48;2;0;0;0m▀[0m[38;2;0;0;0m[48;2;0;0;0m▀[0m[38;2;0;0;0m[48;2;21;11;11m▀[0m[38;2;72;39;39m[48;2;96;61;58m▀[0m[38;2;111;70;68m[48;2;102;65;64m▀[0m[38;2;74;49;47m[48;2;68;43;41m▀[0m[38;2;8;7;7m[48;2;0;0;0m▀[0m[38;2;59;37;33m[48;2;44;31;27m▀[0m[38;2;0;0;0m[48;2;0;0;0m▀[0m[38;2;54;60;63m[48;2;91;98;106m▀[0m[38;2;255;255;255m[48;2;255;255;255m▀[0m[38;2;248;255;255m[48;2;8;11;11m▀[0m[38;2;129;138;141m[48;2;96;103;106m▀[0m[38;2;97;110;114m[48;2;109;115;124m▀[0m[38;2;239;252;255m[48;2;61;63;69m▀[0m[38;2;193;205;218m[48;2;0;0;0m▀[0m[38;2;201;216;228m[48;2;95;101;104m▀[0m[38;2;185;196;205m[48;2;140;150;153m▀[0m[38;2;200;210;227m[48;2;191;201;213m▀[0m[38;2;197;205;214m[48;2;185;189;201m▀[0m[38;2;193;206;214m[48;2;181;192;201m▀[0m[38;2;200;211;221m[48;2;192;203;212m▀[0m[38;2;172;183;192m[48;2;153;164;172m▀[0m[38;2;171;190;198m[48;2;160;177;181m▀[0m[38;2;198;211;222m[48;2;191;204;212m▀[0m[38;2;217;230;241m[48;2;186;197;209m▀[0m[38;2;130;140;144m[48;2;200;213;222m▀[0m[38;2;117;125;129m[48;2;68;74;74m▀[0m
[38;2;0;0;0m[48;2;0;0;0m▀[0m[38;2;176;192;198m[48;2;124;131;141m▀[0m[38;2;185;204;210m[48;2;145;156;165m▀[0m[38;2;198;209;226m[48;2;167;174;183m▀[0m[38;2;197;204;218m[48;2;169;176;189m▀[0m[38;2;195;206;214m[48;2;207;219;231m▀[0m[38;2;206;218;228m[48;2;209;221;230m▀[0m[38;2;197;211;222m[48;2;230;240;254m▀[0m[38;2;0;0;0m[48;2;119;126;133m▀[0m[38;2;0;0;0m[48;2;155;163;171m▀[0m[38;2;129;138;150m[48;2;180;191;205m▀[0m[38;2;165;173;183m[48;2;160;169;179m▀[0m[38;2;200;214;223m[48;2;224;238;250m▀[0m[38;2;216;232;240m[48;2;237;253;255m▀[0m[38;2;228;243;255m[48;2;126;135;140m▀[0m[38;2;0;0;0m[48;2;87;89;93m▀[0m[38;2;36;38;36m[48;2;0;0;0m▀[0m[38;2;150;150;151m[48;2;0;0;0m▀[0m[38;2;49;52;55m[48;2;14;20;21m▀[0m[38;2;5;3;0m[48;2;0;0;0m▀[0m[38;2;56;35;32m[48;2;12;8;5m▀[0m[38;2;87;52;57m[48;2;72;47;48m▀[0m[38;2;79;50;48m[48;2;93;60;59m▀[0m[38;2;85;54;52m[48;2;85;57;59m▀[0m[38;2;77;34;33m[48;2;112;59;55m▀[0m[38;2;0;0;0m[48;2;17;3;2m▀[0m[38;2;0;0;0m[48;2;0;0;0m▀[0m[38;2;0;1;1m[48;2;0;0;0m▀[0m[38;2;3;5;3m[48;2;77;41;35m▀[0m[38;2;0;0;0m[48;2;31;12;10m▀[0m[38;2;0;0;0m[48;2;0;0;0m▀[0m[38;2;58;23;22m[48;2;28;9;8m▀[0m[38;2;86;52;51m[48;2;95;54;55m▀[0m[38;2;31;16;15m[48;2;21;8;4m▀[0m[38;2;6;0;0m[48;2;65;29;28m▀[0m[38;2;0;0;0m[48;2;0;0;0m▀[0m[38;2;168;168;170m[48;2;141;149;152m▀[0m[38;2;138;141;140m[48;2;140;146;151m▀[0m[38;2;24;28;27m[48;2;22;24;24m▀[0m[38;2;24;27;27m[48;2;0;0;0m▀[0m[38;2;0;0;0m[48;2;0;0;0m▀[0m[38;2;9;9;7m[48;2;41;27;25m▀[0m[38;2;102;55;54m[48;2;89;41;39m▀[0m[38;2;5;0;1m[48;2;0;0;0m▀[0m[38;2;9;5;5m[48;2;52;25;22m▀[0m[38;2;16;8;7m[48;2;0;0;0m▀[0m[38;2;3;2;2m[48;2;44;16;16m▀[0m[38;2;73;27;27m[48;2;63;24;21m▀[0m[38;2;0;0;0m[48;2;0;0;0m▀[0m[38;2;0;0;0m[48;2;37;18;17m▀[0m[38;2;66;37;37m[48;2;88;56;55m▀[0m[38;2;90;63;57m[48;2;88;56;57m▀[0m[38;2;97;62;61m[48;2;100;64;69m▀[0m[38;2;55;32;33m[48;2;45;30;32m▀[0m[38;2;3;3;3m[48;2;0;0;0m▀[0m[38;2;24;18;15m[48;2;0;0;0m▀[0m[38;2;141;150;145m[48;2;59;65;62m▀[0m[38;2;74;73;71m[48;2;0;0;0m▀[0m[38;2;0;2;0m[48;2;0;0;0m▀[0m[38;2;63;70;74m[48;2;0;0;0m▀[0m[38;2;246;255;255m[48;2;23;23;29m▀[0m[38;2;113;120;122m[48;2;145;155;163m▀[0m[38;2;172;179;190m[48;2;127;133;139m▀[0m[38;2;179;191;203m[48;2;239;251;255m▀[0m[38;2;191;204;214m[48;2;197;205;218m▀[0m[38;2;201;214;223m[48;2;187;198;210m▀[0m[38;2;184;197;204m[48;2;197;205;217m▀[0m[38;2;185;193;205m[48;2;223;235;249m▀[0m[38;2;182;195;203m[48;2;217;231;243m▀[0m[38;2;183;196;204m[48;2;200;214;225m▀[0m[38;2;187;200;211m[48;2;184;195;209m▀[0m[38;2;186;197;207m[48;2;183;196;204m▀[0m[38;2;183;194;203m[48;2;179;190;201m▀[0m[38;2;193;201;210m[48;2;169;181;190m▀[0m[38;2;201;212;224m[48;2;174;187;196m▀[0m[38;2;172;180;192m[48;2;184;196;207m▀[0m
[38;2;205;217;225m[48;2;201;214;225m▀[0m[38;2;201;214;225m[48;2;198;211;222m▀[0m[38;2;182;195;207m[48;2;198;211;222m▀[0m[38;2;182;190;205m[48;2;196;209;220m▀[0m[38;2;196;205;219m[48;2;204;218;231m▀[0m[38;2;0;0;0m[48;2;82;88;88m▀[0m[38;2;0;0;0m[48;2;22;27;28m▀[0m[38;2;61;70;73m[48;2;130;143;150m▀[0m[38;2;243;255;255m[48;2;205;219;230m▀[0m[38;2;211;223;235m[48;2;190;197;207m▀[0m[38;2;183;195;207m[48;2;193;206;217m▀[0m[38;2;196;208;220m[48;2;239;251;255m▀[0m[38;2;137;143;153m[48;2;0;0;0m▀[0m[38;2;251;255;255m[48;2;0;0;0m▀[0m[38;2;0;0;0m[48;2;117;127;130m▀[0m[38;2;0;0;0m[48;2;0;0;0m▀[0m[38;2;0;0;0m[48;2;0;0;0m▀[0m[38;2;0;0;0m[48;2;0;0;0m▀[0m[38;2;0;0;0m[48;2;0;0;0m▀[0m[38;2;0;0;0m[48;2;0;0;0m▀[0m[38;2;19;5;5m[48;2;0;0;0m▀[0m[38;2;47;27;25m[48;2;113;47;39m▀[0m[38;2;42;33;33m[48;2;106;47;36m▀[0m[38;2;56;41;41m[48;2;52;23;21m▀[0m[38;2;101;58;57m[48;2;0;0;0m▀[0m[38;2;92;36;32m[48;2;100;42;37m▀[0m[38;2;0;0;0m[48;2;0;0;0m▀[0m[38;2;0;0;0m[48;2;0;0;0m▀[0m[38;2;0;0;0m[48;2;0;0;0m▀[0m[38;2;28;14;16m[48;2;0;0;0m▀[0m[38;2;0;0;0m[48;2;0;0;0m▀[0m[38;2;0;0;0m[48;2;0;0;0m▀[0m[38;2;66;30;30m[48;2;19;0;0m▀[0m[38;2;0;0;0m[48;2;0;0;0m▀[0m[38;2;15;0;0m[48;2;51;31;25m▀[0m[38;2;0;0;0m[48;2;255;255;255m▀[0m[38;2;255;255;255m[48;2;255;255;255m▀[0m[38;2;255;255;255m[48;2;255;255;255m▀[0m[38;2;205;211;211m[48;2;255;255;255m▀[0m[38;2;0;0;0m[48;2;146;122;124m▀[0m[38;2;0;0;0m[48;2;0;0;0m▀[0m[38;2;34;18;17m[48;2;0;0;0m▀[0m[38;2;46;18;20m[48;2;73;23;22m▀[0m[38;2;54;17;17m[48;2;55;18;18m▀[0m[38;2;17;8;8m[48;2;0;0;0m▀[0m[38;2;0;0;0m[48;2;0;0;0m▀[0m[38;2;0;0;0m[48;2;0;0;0m▀[0m[38;2;0;0;0m[48;2;0;0;0m▀[0m[38;2;0;0;0m[48;2;30;12;12m▀[0m[38;2;112;51;50m[48;2;92;43;39m▀[0m[38;2;93;72;71m[48;2;4;12;11m▀[0m[38;2;82;54;58m[48;2;88;38;34m▀[0m[38;2;77;55;55m[48;2;108;34;32m▀[0m[38;2;82;36;35m[48;2;112;38;36m▀[0m[38;2;68;29;21m[48;2;0;0;0m▀[0m[38;2;0;0;0m[48;2;0;0;0m▀[0m[38;2;0;0;0m[48;2;0;0;0m▀[0m[38;2;0;0;0m[48;2;0;0;0m▀[0m[38;2;0;0;0m[48;2;0;0;0m▀[0m[38;2;0;0;0m[48;2;0;0;0m▀[0m[38;2;0;0;0m[48;2;65;65;71m▀[0m[38;2;141;157;162m[48;2;249;255;255m▀[0m[38;2;87;95;99m[48;2;68;72;71m▀[0m[38;2;219;227;244m[48;2;198;206;218m▀[0m[38;2;187;199;208m[48;2;203;214;227m▀[0m[38;2;198;207;219m[48;2;203;213;225m▀[0m[38;2;194;203;214m[48;2;217;227;240m▀[0m[38;2;48;51;52m[48;2;0;0;0m▀[0m[38;2;106;114;118m[48;2;0;0;0m▀[0m[38;2;179;191;204m[48;2;14;16;14m▀[0m[38;2;207;219;233m[48;2;197;206;218m▀[0m[38;2;199;211;222m[48;2;167;174;189m▀[0m[38;2;185;192;206m[48;2;170;177;191m▀[0m[38;2;146;154;166m[48;2;177;185;199m▀[0m[38;2;145;162;167m[48;2;172;185;196m▀[0m[38;2;145;157;168m[48;2;177;185;197m▀[0m
[38;2;170;181;190m[48;2;157;157;157m▀[0m[38;2;168;184;193m[48;2;158;160;158m▀[0m[38;2;171;183;192m[48;2;154;158;151m▀[0m[38;2;176;190;201m[48;2;159;159;156m▀[0m[38;2;186;203;218m[48;2;150;154;150m▀[0m[38;2;214;234;247m[48;2;154;157;156m▀[0m[38;2;223;240;255m[48;2;147;152;149m▀[0m[38;2;207;227;240m[48;2;142;146;146m▀[0m[38;2;186;203;214m[48;2;141;145;149m▀[0m[38;2;187;200;216m[48;2;140;143;144m▀[0m[38;2;184;196;212m[48;2;157;162;165m▀[0m[38;2;201;214;232m[48;2;143;146;140m▀[0m[38;2;183;195;208m[48;2;147;150;151m▀[0m[38;2;28;31;37m[48;2;176;180;180m▀[0m[38;2;206;219;230m[48;2;164;168;167m▀[0m[38;2;64;69;73m[48;2;185;189;189m▀[0m[38;2;0;0;0m[48;2;91;91;88m▀[0m[38;2;0;0;0m[48;2;74;71;73m▀[0m[38;2;0;0;0m[48;2;16;14;11m▀[0m[38;2;0;0;0m[48;2;9;14;9m▀[0m[38;2;0;0;0m[48;2;17;24;25m▀[0m[38;2;47;14;15m[48;2;16;25;24m▀[0m[38;2;236;95;84m[48;2;86;60;56m▀[0m[38;2;167;62;54m[48;2;88;59;57m▀[0m[38;2;0;0;0m[48;2;4;24;24m▀[0m[38;2;39;10;6m[48;2;54;46;42m▀[0m[38;2;51;19;17m[48;2;117;51;44m▀[0m[38;2;0;0;0m[48;2;0;0;0m▀[0m[38;2;0;1;0m[48;2;0;0;0m▀[0m[38;2;0;2;0m[48;2;0;2;0m▀[0m[38;2;0;0;0m[48;2;0;0;0m▀[0m[38;2;0;0;0m[48;2;0;0;0m▀[0m[38;2;0;0;0m[48;2;0;0;0m▀[0m[38;2;255;255;255m[48;2;255;255;255m▀[0m[38;2;255;255;255m[48;2;255;255;255m▀[0m[38;2;255;255;255m[48;2;191;199;208m▀[0m[38;2;255;255;255m[48;2;191;197;201m▀[0m[38;2;255;255;255m[48;2;255;255;255m▀[0m[38;2;255;255;255m[48;2;252;255;255m▀[0m[38;2;255;255;255m[48;2;255;255;255m▀[0m[38;2;255;255;255m[48;2;255;255;255m▀[0m[38;2;156;156;154m[48;2;255;255;255m▀[0m[38;2;54;0;0m[48;2;0;0;0m▀[0m[38;2;0;0;0m[48;2;0;0;0m▀[0m[38;2;0;0;0m[48;2;0;0;0m▀[0m[38;2;0;0;0m[48;2;0;0;0m▀[0m[38;2;0;0;0m[48;2;0;0;0m▀[0m[38;2;0;0;0m[48;2;0;0;0m▀[0m[38;2;102;42;36m[48;2;151;63;62m▀[0m[38;2;3;0;0m[48;2;25;37;39m▀[0m[38;2;0;0;0m[48;2;24;31;35m▀[0m[38;2;0;0;0m[48;2;17;32;32m▀[0m[38;2;195;62;61m[48;2;44;50;50m▀[0m[38;2;133;48;52m[48;2;28;39;39m▀[0m[38;2;0;0;0m[48;2;38;46;46m▀[0m[38;2;0;0;0m[48;2;15;18;17m▀[0m[38;2;0;0;0m[48;2;24;27;27m▀[0m[38;2;62;71;84m[48;2;81;79;76m▀[0m[38;2;0;0;0m[48;2;85;81;77m▀[0m[38;2;55;61;70m[48;2;86;82;78m▀[0m[38;2;172;189;199m[48;2;76;75;68m▀[0m[38;2;217;237;252m[48;2;142;142;143m▀[0m[38;2;77;84;92m[48;2;125;126;123m▀[0m[38;2;112;119;131m[48;2;137;132;135m▀[0m[38;2;182;198;214m[48;2;150;150;147m▀[0m[38;2;168;178;195m[48;2;142;142;142m▀[0m[38;2;185;201;213m[48;2;155;155;155m▀[0m[38;2;160;179;187m[48;2;194;193;193m▀[0m[38;2;124;132;142m[48;2;209;209;210m▀[0m[38;2;155;170;176m[48;2;206;206;203m▀[0m[38;2;127;139;147m[48;2;207;206;206m▀[0m[38;2;124;131;139m[48;2;204;203;199m▀[0m[38;2;120;131;141m[48;2;195;191;186m▀[0m[38;2;120;133;144m[48;2;196;187;189m▀[0m[38;2;118;132;144m[48;2;183;184;180m▀[0m[38;2;123;136;144m[48;2;183;186;183m▀[0m
[38;2;192;189;189m[48;2;255;255;255m▀[0m[38;2;186;183;183m[48;2;247;254;254m▀[0m[38;2;190;183;183m[48;2;222;231;230m▀[0m[38;2;200;197;197m[48;2;213;221;224m▀[0m[38;2;219;217;213m[48;2;174;183;191m▀[0m[38;2;219;217;213m[48;2;160;172;183m▀[0m[38;2;209;205;205m[48;2;158;169;179m▀[0m[38;2;198;197;197m[48;2;150;164;179m▀[0m[38;2;208;211;210m[48;2;169;185;200m▀[0m[38;2;216;214;212m[48;2;191;205;220m▀[0m[38;2;159;151;145m[48;2;2;5;7m▀[0m[38;2;218;213;212m[48;2;157;171;182m▀[0m[38;2;235;234;232m[48;2;160;179;185m▀[0m[38;2;219;218;212m[48;2;151;167;180m▀[0m[38;2;220;220;218m[48;2;153;169;180m▀[0m[38;2;238;238;236m[48;2;152;166;177m▀[0m[38;2;255;255;255m[48;2;142;160;169m▀[0m[38;2;250;255;255m[48;2;160;177;189m▀[0m[38;2;144;152;157m[48;2;208;222;234m▀[0m[38;2;0;0;0m[48;2;172;180;189m▀[0m[38;2;0;0;0m[48;2;0;0;0m▀[0m[38;2;0;0;0m[48;2;0;0;0m▀[0m[38;2;0;0;0m[48;2;0;0;0m▀[0m[38;2;0;7;7m[48;2;0;0;0m▀[0m[38;2;2;19;19m[48;2;0;0;0m▀[0m[38;2;5;21;21m[48;2;0;0;0m▀[0m[38;2;250;104;85m[48;2;255;111;85m▀[0m[38;2;0;1;0m[48;2;57;24;14m▀[0m[38;2;0;0;0m[48;2;0;0;0m▀[0m[38;2;0;0;0m[48;2;0;0;0m▀[0m[38;2;0;0;0m[48;2;0;0;0m▀[0m[38;2;0;0;0m[48;2;0;0;0m▀[0m[38;2;0;0;0m[48;2;34;1;1m▀[0m[38;2;137;143;140m[48;2;0;0;0m▀[0m[38;2;255;255;255m[48;2;51;59;59m▀[0m[38;2;42;45;47m[48;2;104;104;106m▀[0m[38;2;0;0;0m[48;2;168;168;170m▀[0m[38;2;0;0;0m[48;2;163;163;160m▀[0m[38;2;0;0;0m[48;2;250;254;253m▀[0m[38;2;0;0;4m[48;2;255;255;255m▀[0m[38;2;255;255;255m[48;2;0;0;0m▀[0m[38;2;0;0;0m[48;2;0;0;0m▀[0m[38;2;0;0;0m[48;2;55;29;29m▀[0m[38;2;0;0;0m[48;2;2;1;0m▀[0m[38;2;0;0;0m[48;2;0;0;0m▀[0m[38;2;0;0;0m[48;2;0;0;0m▀[0m[38;2;0;0;0m[48;2;0;0;0m▀[0m[38;2;103;41;36m[48;2;155;62;55m▀[0m[38;2;208;87;82m[48;2;182;72;63m▀[0m[38;2;10;29;30m[48;2;0;0;0m▀[0m[38;2;25;30;30m[48;2;0;0;0m▀[0m[38;2;20;24;21m[48;2;0;0;0m▀[0m[38;2;11;19;20m[48;2;0;0;0m▀[0m[38;2;6;12;14m[48;2;0;0;0m▀[0m[38;2;0;0;0m[48;2;0;0;0m▀[0m[38;2;0;0;0m[48;2;117;129;137m▀[0m[38;2;114;118;122m[48;2;209;221;234m▀[0m[38;2;255;255;255m[48;2;181;193;201m▀[0m[38;2;255;255;255m[48;2;162;170;180m▀[0m[38;2;255;255;255m[48;2;157;168;178m▀[0m[38;2;255;255;255m[48;2;152;166;177m▀[0m[38;2;255;255;255m[48;2;174;189;200m▀[0m[38;2;255;255;255m[48;2;152;166;181m▀[0m[38;2;255;255;255m[48;2;144;158;171m▀[0m[38;2;250;252;252m[48;2;142;156;169m▀[0m[38;2;250;252;252m[48;2;136;150;160m▀[0m[38;2;250;252;252m[48;2;144;153;166m▀[0m[38;2;208;210;210m[48;2;141;154;165m▀[0m[38;2;218;222;225m[48;2;139;150;164m▀[0m[38;2;203;206;211m[48;2;128;144;155m▀[0m[38;2;147;158;167m[48;2;151;173;189m▀[0m[38;2;151;160;164m[48;2;208;220;232m▀[0m[38;2;176;187;194m[48;2;253;255;255m▀[0m[38;2;190;196;199m[48;2;255;255;255m▀[0m[38;2;218;221;220m[48;2;255;255;255m▀[0m[38;2;228;232;228m[48;2;255;255;255m▀[0m
[38;2;168;179;193m[48;2;0;0;0m▀[0m[38;2;230;243;255m[48;2;0;0;0m▀[0m[38;2;244;255;255m[48;2;0;0;0m▀[0m[38;2;232;245;251m[48;2;47;50;55m▀[0m[38;2;192;206;217m[48;2;246;254;255m▀[0m[38;2;178;191;203m[48;2;206;214;224m▀[0m[38;2;173;184;193m[48;2;206;214;224m▀[0m[38;2;183;196;208m[48;2;237;250;255m▀[0m[38;2;87;96;104m[48;2;43;46;50m▀[0m[38;2;96;108;116m[48;2;24;27;29m▀[0m[38;2;112;120;128m[48;2;186;197;209m▀[0m[38;2;171;185;193m[48;2;216;226;239m▀[0m[38;2;138;145;153m[48;2;198;210;222m▀[0m[38;2;143;152;160m[48;2;204;212;222m▀[0m[38;2;139;149;156m[48;2;200;213;222m▀[0m[38;2;144;151;159m[48;2;201;210;222m▀[0m[38;2;154;163;171m[48;2;207;216;227m▀[0m[38;2;129;138;145m[48;2;206;214;228m▀[0m[38;2;120;126;131m[48;2;220;231;243m▀[0m[38;2;142;151;156m[48;2;216;221;236m▀[0m[38;2;176;187;199m[48;2;196;205;219m▀[0m[38;2;22;24;24m[48;2;180;190;197m▀[0m[38;2;0;0;0m[48;2;0;0;0m▀[0m[38;2;0;0;0m[48;2;0;0;0m▀[0m[38;2;0;0;0m[48;2;0;0;0m▀[0m[38;2;0;0;0m[48;2;123;51;47m▀[0m[38;2;69;28;25m[48;2;55;23;25m▀[0m[38;2;33;14;12m[48;2;48;20;22m▀[0m[38;2;0;0;1m[48;2;111;49;47m▀[0m[38;2;0;0;0m[48;2;88;42;42m▀[0m[38;2;0;0;0m[48;2;87;44;47m▀[0m[38;2;0;0;0m[48;2;25;16;19m▀[0m[38;2;0;0;0m[48;2;0;0;0m▀[0m[38;2;95;23;20m[48;2;65;21;20m▀[0m[38;2;0;0;0m[48;2;119;22;14m▀[0m[38;2;25;37;39m[48;2;9;35;37m▀[0m[38;2;255;255;255m[48;2;255;255;255m▀[0m[38;2;255;255;255m[48;2;255;255;255m▀[0m[38;2;255;255;255m[48;2;56;65;65m▀[0m[38;2;255;255;255m[48;2;0;0;0m▀[0m[38;2;108;88;87m[48;2;87;8;2m▀[0m[38;2;68;1;0m[48;2;15;2;0m▀[0m[38;2;34;20;20m[48;2;0;0;0m▀[0m[38;2;0;0;0m[48;2;18;11;10m▀[0m[38;2;0;0;0m[48;2;82;41;36m▀[0m[38;2;0;0;0m[48;2;102;47;41m▀[0m[38;2;7;4;6m[48;2;136;61;55m▀[0m[38;2;42;17;15m[48;2;30;14;12m▀[0m[38;2;50;21;19m[48;2;82;36;28m▀[0m[38;2;0;0;0m[48;2;61;23;19m▀[0m[38;2;0;0;0m[48;2;0;0;0m▀[0m[38;2;0;0;0m[48;2;0;0;0m▀[0m[38;2;0;0;0m[48;2;0;0;0m▀[0m[38;2;8;11;14m[48;2;205;221;236m▀[0m[38;2;194;212;225m[48;2;200;213;224m▀[0m[38;2;171;184;192m[48;2;189;200;211m▀[0m[38;2;139;149;153m[48;2;198;210;222m▀[0m[38;2;138;146;154m[48;2;187;199;208m▀[0m[38;2;140;149;156m[48;2;182;195;201m▀[0m[38;2;145;154;163m[48;2;180;192;199m▀[0m[38;2;154;163;174m[48;2;177;187;197m▀[0m[38;2;157;168;181m[48;2;176;186;195m▀[0m[38;2;152;165;177m[48;2;169;182;193m▀[0m[38;2;167;179;187m[48;2;174;185;195m▀[0m[38;2;173;184;193m[48;2;182;195;204m▀[0m[38;2;181;187;203m[48;2;177;192;197m▀[0m[38;2;185;196;216m[48;2;173;192;203m▀[0m[38;2;173;190;198m[48;2;171;184;195m▀[0m[38;2;158;171;178m[48;2;170;183;192m▀[0m[38;2;155;167;176m[48;2;170;182;193m▀[0m[38;2;158;167;177m[48;2;167;178;191m▀[0m[38;2;145;155;163m[48;2;166;177;185m▀[0m[38;2;142;154;162m[48;2;171;183;192m▀[0m[38;2;203;211;219m[48;2;205;218;228m▀[0m[38;2;157;170;182m[48;2;207;220;233m▀[0m[38;2;145;154;166m[48;2;209;217;225m▀[0m
[38;2;0;0;0m[48;2;0;0;0m▀[0m[38;2;0;0;0m[48;2;0;0;0m▀[0m[38;2;0;0;0m[48;2;0;0;0m▀[0m[38;2;55;55;59m[48;2;168;178;185m▀[0m[38;2;249;255;255m[48;2;165;176;184m▀[0m[38;2;182;192;198m[48;2;173;183;190m▀[0m[38;2;174;185;194m[48;2;183;193;200m▀[0m[38;2;186;203;211m[48;2;255;255;255m▀[0m[38;2;98;103;109m[48;2;123;129;135m▀[0m[38;2;62;65;68m[48;2;129;137;144m▀[0m[38;2;195;208;220m[48;2;222;238;247m▀[0m[38;2;162;172;185m[48;2;183;194;204m▀[0m[38;2;159;170;179m[48;2;171;182;192m▀[0m[38;2;154;162;170m[48;2;176;185;192m▀[0m[38;2;155;160;171m[48;2;171;181;189m▀[0m[38;2;157;164;172m[48;2;173;182;190m▀[0m[38;2;150;158;167m[48;2;177;185;194m▀[0m[38;2;143;151;159m[48;2;177;183;192m▀[0m[38;2;140;147;155m[48;2;189;198;206m▀[0m[38;2;153;160;169m[48;2;200;212;224m▀[0m[38;2;137;144;153m[48;2;244;251;255m▀[0m[38;2;140;151;159m[48;2;255;255;255m▀[0m[38;2;130;132;141m[48;2;200;225;239m▀[0m[38;2;0;0;0m[48;2;108;91;91m▀[0m[38;2;56;21;16m[48;2;44;3;3m▀[0m[38;2;79;34;33m[48;2;0;0;0m▀[0m[38;2;0;0;0m[48;2;25;11;17m▀[0m[38;2;0;0;0m[48;2;0;0;0m▀[0m[38;2;4;1;1m[48;2;0;0;0m▀[0m[38;2;0;0;0m[48;2;0;1;1m▀[0m[38;2;0;1;1m[48;2;14;12;12m▀[0m[38;2;0;0;0m[48;2;0;0;0m▀[0m[38;2;0;0;0m[48;2;0;0;0m▀[0m[38;2;0;0;0m[48;2;0;0;0m▀[0m[38;2;72;22;17m[48;2;0;0;0m▀[0m[38;2;28;0;0m[48;2;20;0;0m▀[0m[38;2;0;0;0m[48;2;48;44;44m▀[0m[38;2;0;0;0m[48;2;255;255;255m▀[0m[38;2;0;0;0m[48;2;77;49;49m▀[0m[38;2;76;8;4m[48;2;20;0;0m▀[0m[38;2;36;7;5m[48;2;0;0;0m▀[0m[38;2;0;0;0m[48;2;0;0;0m▀[0m[38;2;0;0;0m[48;2;0;0;0m▀[0m[38;2;0;0;0m[48;2;0;0;0m▀[0m[38;2;4;3;3m[48;2;0;0;0m▀[0m[38;2;0;1;0m[48;2;0;0;0m▀[0m[38;2;0;2;3m[48;2;0;0;0m▀[0m[38;2;0;0;0m[48;2;8;7;7m▀[0m[38;2;0;0;0m[48;2;10;6;10m▀[0m[38;2;115;48;38m[48;2;0;2;0m▀[0m[38;2;14;0;0m[48;2;63;3;0m▀[0m[38;2;0;9;14m[48;2;86;83;89m▀[0m[38;2;170;183;192m[48;2;255;255;255m▀[0m[38;2;150;165;170m[48;2;255;255;255m▀[0m[38;2;113;126;130m[48;2;247;255;255m▀[0m[38;2;166;179;187m[48;2;226;243;251m▀[0m[38;2;203;213;227m[48;2;196;208;220m▀[0m[38;2;187;200;213m[48;2;190;201;212m▀[0m[38;2;187;199;207m[48;2;183;196;205m▀[0m[38;2;184;195;205m[48;2;180;195;200m▀[0m[38;2;186;199;207m[48;2;181;192;201m▀[0m[38;2;182;193;203m[48;2;183;194;204m▀[0m[38;2;169;174;189m[48;2;190;197;209m▀[0m[38;2;170;178;187m[48;2;182;191;200m▀[0m[38;2;177;185;195m[48;2;172;181;191m▀[0m[38;2;177;185;195m[48;2;166;174;186m▀[0m[38;2;174;185;195m[48;2;165;173;182m▀[0m[38;2;180;193;200m[48;2;169;180;189m▀[0m[38;2;194;206;219m[48;2;178;185;199m▀[0m[38;2;193;206;217m[48;2;165;177;184m▀[0m[38;2;195;208;219m[48;2;158;168;176m▀[0m[38;2;197;208;218m[48;2;168;177;189m▀[0m[38;2;206;219;234m[48;2;180;189;200m▀[0m[38;2;210;228;241m[48;2;214;227;244m▀[0m[38;2;27;30;35m[48;2;0;0;0m▀[0m[38;2;8;8;9m[48;2;0;0;0m▀[0m
[38;2;0;0;0m[48;2;0;0;0m▀[0m[38;2;0;0;0m[48;2;0;0;0m▀[0m[38;2;0;0;0m[48;2;0;0;0m▀[0m[38;2;153;158;165m[48;2;105;113;118m▀[0m[38;2;0;0;0m[48;2;255;255;255m▀[0m[38;2;193;204;218m[48;2;194;206;219m▀[0m[38;2;57;60;62m[48;2;0;0;0m▀[0m[38;2;136;144;152m[48;2;0;0;0m▀[0m[38;2;1;0;0m[48;2;0;0;0m▀[0m[38;2;211;227;236m[48;2;0;0;0m▀[0m[38;2;255;255;255m[48;2;117;127;130m▀[0m[38;2;220;238;247m[48;2;159;169;176m▀[0m[38;2;189;201;210m[48;2;154;163;171m▀[0m[38;2;224;238;250m[48;2;154;166;173m▀[0m[38;2;210;224;233m[48;2;169;178;187m▀[0m[38;2;208;221;230m[48;2;168;180;191m▀[0m[38;2;211;220;232m[48;2;176;184;197m▀[0m[38;2;208;222;234m[48;2;186;200;211m▀[0m[38;2;216;232;244m[48;2;237;255;255m▀[0m[38;2;249;255;255m[48;2;70;82;88m▀[0m[38;2;198;214;227m[48;2;0;0;0m▀[0m[38;2;151;174;184m[48;2;75;4;0m▀[0m[38;2;69;72;74m[48;2;23;0;0m▀[0m[38;2;0;0;0m[48;2;0;0;0m▀[0m[38;2;0;0;0m[48;2;29;11;11m▀[0m[38;2;36;16;16m[48;2;0;0;0m▀[0m[38;2;0;0;0m[48;2;4;5;2m▀[0m[38;2;11;10;10m[48;2;33;21;23m▀[0m[38;2;0;0;2m[48;2;0;0;0m▀[0m[38;2;16;9;9m[48;2;34;18;21m▀[0m[38;2;41;24;24m[48;2;28;16;19m▀[0m[38;2;0;5;5m[48;2;0;0;0m▀[0m[38;2;10;15;15m[48;2;0;0;0m▀[0m[38;2;5;8;8m[48;2;19;11;12m▀[0m[38;2;6;2;5m[48;2;12;4;4m▀[0m[38;2;0;0;0m[48;2;0;0;0m▀[0m[38;2;0;0;0m[48;2;165;172;180m▀[0m[38;2;39;46;46m[48;2;184;196;203m▀[0m[38;2;32;3;6m[48;2;82;41;41m▀[0m[38;2;0;0;0m[48;2;0;0;0m▀[0m[38;2;6;2;2m[48;2;20;8;8m▀[0m[38;2;0;0;0m[48;2;0;1;1m▀[0m[38;2;0;0;0m[48;2;0;0;0m▀[0m[38;2;10;8;6m[48;2;10;6;6m▀[0m[38;2;25;14;14m[48;2;75;43;41m▀[0m[38;2;0;0;0m[48;2;0;0;0m▀[0m[38;2;10;6;6m[48;2;29;15;15m▀[0m[38;2;7;7;7m[48;2;23;17;17m▀[0m[38;2;18;10;10m[48;2;2;1;0m▀[0m[38;2;14;6;7m[48;2;15;3;5m▀[0m[38;2;19;5;5m[48;2;33;18;18m▀[0m[38;2;0;0;0m[48;2;0;0;0m▀[0m[38;2;38;32;34m[48;2;34;0;0m▀[0m[38;2;118;118;123m[48;2;78;0;0m▀[0m[38;2;131;138;146m[48;2;0;0;0m▀[0m[38;2;176;186;195m[48;2;0;0;0m▀[0m[38;2;241;254;255m[48;2;109;115;120m▀[0m[38;2;206;220;231m[48;2;230;238;247m▀[0m[38;2;195;208;219m[48;2;206;209;214m▀[0m[38;2;192;206;214m[48;2;190;196;199m▀[0m[38;2;187;201;212m[48;2;197;204;207m▀[0m[38;2;190;206;218m[48;2;187;191;191m▀[0m[38;2;194;206;223m[48;2;197;204;208m▀[0m[38;2;193;207;216m[48;2;204;210;216m▀[0m[38;2;200;217;228m[48;2;145;153;154m▀[0m[38;2;206;219;230m[48;2;55;59;58m▀[0m[38;2;194;206;217m[48;2;88;90;92m▀[0m[38;2;193;207;214m[48;2;96;100;101m▀[0m[38;2;200;211;221m[48;2;100;103;112m▀[0m[38;2;185;198;207m[48;2;99;106;116m▀[0m[38;2;180;192;204m[48;2;106;115;125m▀[0m[38;2;193;201;213m[48;2;129;138;147m▀[0m[38;2;200;209;225m[48;2;131;144;152m▀[0m[38;2;150;163;178m[48;2;101;122;131m▀[0m[38;2;98;110;118m[48;2;116;137;147m▀[0m[38;2;0;0;0m[48;2;8;15;14m▀[0m
[38;2;0;0;0m[48;2;21;18;20m▀[0m[38;2;0;0;0m[48;2;0;0;0m▀[0m[38;2;0;0;0m[48;2;0;0;0m▀[0m[38;2;0;0;0m[48;2;0;0;0m▀[0m[38;2;87;91;96m[48;2;56;60;63m▀[0m[38;2;64;66;68m[48;2;255;255;255m▀[0m[38;2;0;0;0m[48;2;249;255;255m▀[0m[38;2;0;0;0m[48;2;96;101;106m▀[0m[38;2;0;0;0m[48;2;0;0;0m▀[0m[38;2;0;0;0m[48;2;154;163;170m▀[0m[38;2;0;0;0m[48;2;255;255;255m▀[0m[38;2;0;0;0m[48;2;212;226;239m▀[0m[38;2;0;0;0m[48;2;27;30;29m▀[0m[38;2;0;0;0m[48;2;171;182;191m▀[0m[38;2;125;128;129m[48;2;236;245;255m▀[0m[38;2;118;125;129m[48;2;220;234;243m▀[0m[38;2;147;156;164m[48;2;220;233;245m▀[0m[38;2;169;176;184m[48;2;0;0;0m▀[0m[38;2;0;0;0m[48;2;0;0;0m▀[0m[38;2;0;0;0m[48;2;0;0;0m▀[0m[38;2;0;0;0m[48;2;116;132;139m▀[0m[38;2;19;0;0m[48;2;238;255;255m▀[0m[38;2;12;22;22m[48;2;82;117;130m▀[0m[38;2;0;0;0m[48;2;24;0;0m▀[0m[38;2;0;0;0m[48;2;135;68;64m▀[0m[38;2;15;7;7m[48;2;30;20;18m▀[0m[38;2;91;52;49m[48;2;46;25;22m▀[0m[38;2;0;0;0m[48;2;10;3;6m▀[0m[38;2;0;0;0m[48;2;0;0;0m▀[0m[38;2;72;41;41m[48;2;61;32;32m▀[0m[38;2;0;0;0m[48;2;52;28;21m▀[0m[38;2;0;0;0m[48;2;0;0;0m▀[0m[38;2;0;0;0m[48;2;0;0;0m▀[0m[38;2;52;18;23m[48;2;15;0;0m▀[0m[38;2;28;2;0m[48;2;78;20;8m▀[0m[38;2;0;0;0m[48;2;0;0;0m▀[0m[38;2;124;136;140m[48;2;0;0;0m▀[0m[38;2;255;255;255m[48;2;129;136;149m▀[0m[38;2;18;0;0m[48;2;0;0;0m▀[0m[38;2;0;0;0m[48;2;0;0;0m▀[0m[38;2;43;17;17m[48;2;0;0;0m▀[0m[38;2;38;14;14m[48;2;0;0;0m▀[0m[38;2;0;0;0m[48;2;0;0;0m▀[0m[38;2;0;0;0m[48;2;0;0;0m▀[0m[38;2;50;28;24m[48;2;51;22;22m▀[0m[38;2;0;0;0m[48;2;5;2;2m▀[0m[38;2;0;0;0m[48;2;0;0;0m▀[0m[38;2;90;51;49m[48;2;23;14;11m▀[0m[38;2;15;8;11m[48;2;44;22;23m▀[0m[38;2;46;25;21m[48;2;0;0;0m▀[0m[38;2;0;0;0m[48;2;47;28;24m▀[0m[38;2;0;0;0m[48;2;118;45;43m▀[0m[38;2;0;0;0m[48;2;51;17;11m▀[0m[38;2;72;81;85m[48;2;83;104;108m▀[0m[38;2;33;36;38m[48;2;255;255;255m▀[0m[38;2;0;0;0m[48;2;244;255;255m▀[0m[38;2;0;0;0m[48;2;63;66;66m▀[0m[38;2;0;0;0m[48;2;0;0;0m▀[0m[38;2;150;158;170m[48;2;176;187;200m▀[0m[38;2;162;170;174m[48;2;224;238;250m▀[0m[38;2;157;166;174m[48;2;201;213;227m▀[0m[38;2;102;105;110m[48;2;208;224;236m▀[0m[38;2;76;78;79m[48;2;207;220;232m▀[0m[38;2;99;99;96m[48;2;192;204;217m▀[0m[38;2;145;145;138m[48;2;199;210;226m▀[0m[38;2;191;189;183m[48;2;192;210;220m▀[0m[38;2;200;199;197m[48;2;187;206;219m▀[0m[38;2;200;203;204m[48;2;189;208;219m▀[0m[38;2;237;234;234m[48;2;195;211;224m▀[0m[38;2;255;255;255m[48;2;209;225;236m▀[0m[38;2;254;247;243m[48;2;186;199;210m▀[0m[38;2;238;234;226m[48;2;179;191;201m▀[0m[38;2;226;224;219m[48;2;214;227;248m▀[0m[38;2;162;156;160m[48;2;32;39;43m▀[0m[38;2;191;189;185m[48;2;0;0;0m▀[0m[38;2;60;63;69m[48;2;136;141;152m▀[0m
[38;2;106;109;113m[48;2;0;0;0m▀[0m[38;2;0;0;0m[48;2;0;0;0m▀[0m[38;2;112;114;112m[48;2;172;174;172m▀[0m[38;2;0;0;0m[48;2;0;0;0m▀[0m[38;2;0;0;0m[48;2;0;0;0m▀[0m[38;2;198;217;226m[48;2;41;44;45m▀[0m[38;2;250;255;255m[48;2;130;137;150m▀[0m[38;2;11;14;15m[48;2;32;32;34m▀[0m[38;2;0;0;0m[48;2;0;2;3m▀[0m[38;2;42;45;47m[48;2;15;15;17m▀[0m[38;2;255;255;255m[48;2;86;93;98m▀[0m[38;2;231;239;255m[48;2;210;219;231m▀[0m[38;2;95;100;105m[48;2;208;219;228m▀[0m[38;2;184;197;208m[48;2;203;210;223m▀[0m[38;2;195;208;220m[48;2;191;198;212m▀[0m[38;2;207;219;230m[48;2;194;203;216m▀[0m[38;2;168;178;184m[48;2;214;226;238m▀[0m[38;2;0;0;0m[48;2;227;244;255m▀[0m[38;2;20;22;22m[48;2;243;255;255m▀[0m[38;2;224;240;251m[48;2;255;255;255m▀[0m[38;2;255;255;255m[48;2;108;122;132m▀[0m[38;2;76;91;97m[48;2;0;0;0m▀[0m[38;2;39;0;0m[48;2;142;60;52m▀[0m[38;2;182;84;76m[48;2;0;0;0m▀[0m[38;2;7;1;1m[48;2;0;0;0m▀[0m[38;2;0;0;0m[48;2;170;89;90m▀[0m[38;2;156;77;78m[48;2;52;24;27m▀[0m[38;2;35;19;21m[48;2;0;5;8m▀[0m[38;2;0;0;0m[48;2;0;0;0m▀[0m[38;2;100;54;54m[48;2;88;44;42m▀[0m[38;2;154;132;124m[48;2;128;91;86m▀[0m[38;2;0;0;0m[48;2;0;0;0m▀[0m[38;2;7;0;0m[48;2;0;0;0m▀[0m[38;2;169;195;207m[48;2;73;95;99m▀[0m[38;2;179;170;174m[48;2;191;185;194m▀[0m[38;2;0;0;0m[48;2;0;0;0m▀[0m[38;2;0;0;0m[48;2;0;0;0m▀[0m[38;2;62;60;71m[48;2;0;0;0m▀[0m[38;2;0;0;0m[48;2;0;0;0m▀[0m[38;2;0;0;0m[48;2;0;0;0m▀[0m[38;2;49;64;70m[48;2;226;251;255m▀[0m[38;2;142;168;171m[48;2;255;255;255m▀[0m[38;2;43;21;20m[48;2;79;73;75m▀[0m[38;2;0;0;0m[48;2;0;0;0m▀[0m[38;2;187;96;90m[48;2;65;44;36m▀[0m[38;2;0;0;0m[48;2;72;43;38m▀[0m[38;2;0;0;0m[48;2;0;0;0m▀[0m[38;2;0;0;0m[48;2;0;0;0m▀[0m[38;2;34;19;17m[48;2;0;0;0m▀[0m[38;2;82;37;33m[48;2;166;84;75m▀[0m[38;2;18;21;17m[48;2;69;21;19m▀[0m[38;2;99;72;65m[48;2;87;115;115m▀[0m[38;2;142;47;41m[48;2;139;142;141m▀[0m[38;2;38;0;0m[48;2;0;0;0m▀[0m[38;2;0;0;0m[48;2;0;0;0m▀[0m[38;2;250;255;255m[48;2;42;46;49m▀[0m[38;2;249;255;255m[48;2;209;220;232m▀[0m[38;2;217;228;241m[48;2;176;184;194m▀[0m[38;2;197;210;225m[48;2;162;170;178m▀[0m[38;2;180;192;200m[48;2;158;165;173m▀[0m[38;2;178;192;200m[48;2;152;160;169m▀[0m[38;2;177;189;200m[48;2;153;162;167m▀[0m[38;2;183;194;206m[48;2;154;163;168m▀[0m[38;2;182;195;210m[48;2;147;156;165m▀[0m[38;2;180;191;204m[48;2;145;156;166m▀[0m[38;2;183;192;206m[48;2;150;158;168m▀[0m[38;2;174;189;197m[48;2;149;156;166m▀[0m[38;2;172;181;191m[48;2;149;154;164m▀[0m[38;2;166;180;189m[48;2;152;158;167m▀[0m[38;2;155;173;179m[48;2;165;170;183m▀[0m[38;2;167;185;191m[48;2;144;153;155m▀[0m[38;2;185;197;213m[48;2;79;86;91m▀[0m[38;2;178;190;206m[48;2;157;166;174m▀[0m[38;2;190;201;214m[48;2;158;168;170m▀[0m[38;2;177;185;193m[48;2;170;178;182m▀[0m[38;2;189;200;208m[48;2;169;177;184m▀[0m
