[38;2;14;34;33m[48;2;0;0;0m▀[0m[38;2;179;194;190m[48;2;127;127;125m▀[0m[38;2;0;2;0m[48;2;9;41;33m▀[0m[38;2;0;39;32m[48;2;0;35;27m▀[0m[38;2;0;12;6m[48;2;0;17;12m▀[0m[38;2;0;0;0m[48;2;0;0;0m▀[0m[38;2;1;38;29m[48;2;0;31;22m▀[0m[38;2;0;0;0m[48;2;0;0;0m▀[0m[38;2;0;19;16m[48;2;0;7;5m▀[0m[38;2;1;32;28m[48;2;1;41;38m▀[0m[38;2;0;0;0m[48;2;0;0;0m▀[0m[38;2;0;1;0m[48;2;0;1;1m▀[0m[38;2;0;0;1m[48;2;0;0;0m▀[0m[38;2;0;0;1m[48;2;0;0;0m▀[0m[38;2;0;0;0m[48;2;0;0;0m▀[0m[38;2;0;0;0m[48;2;0;0;0m▀[0m[38;2;0;0;0m[48;2;0;1;1m▀[0m[38;2;0;0;0m[48;2;0;0;0m▀[0m[38;2;0;0;0m[48;2;0;0;0m▀[0m[38;2;0;0;0m[48;2;0;0;0m▀[0m[38;2;0;0;0m[48;2;106;112;112m▀[0m[38;2;247;247;247m[48;2;247;247;247m▀[0m[38;2;247;247;247m[48;2;227;231;231m▀[0m[38;2;232;234;234m[48;2;208;212;209m▀[0m[38;2;145;148;148m[48;2;99;103;103m▀[0m[38;2;157;165;165m[48;2;216;223;223m▀[0m[38;2;179;186;186m[48;2;142;148;148m▀[0m[38;2;138;147;147m[48;2;208;212;212m▀[0m[38;2;247;247;247m[48;2;247;247;247m▀[0m[38;2;247;247;247m[48;2;226;247;247m▀[0m[38;2;25;43;40m[48;2;0;0;0m▀[0m[38;2;6;0;0m[48;2;104;17;9m▀[0m[38;2;60;20;16m[48;2;85;21;14m▀[0m[38;2;236;247;247m[48;2;181;215;213m▀[0m[38;2;223;238;233m[48;2;207;218;212m▀[0m[38;2;214;228;228m[48;2;195;202;201m▀[0m[38;2;177;185;187m[48;2;181;185;185m▀[0m[38;2;183;189;188m[48;2;165;168;167m▀[0m[38;2;198;204;205m[48;2;205;211;210m▀[0m[38;2;212;219;220m[48;2;212;218;215m▀[0m[38;2;165;172;171m[48;2;168;171;172m▀[0m[38;2;247;247;247m[48;2;233;246;247m▀[0m[38;2;77;83;83m[48;2;62;64;66m▀[0m[38;2;107;116;119m[48;2;0;0;0m▀[0m[38;2;247;247;247m[48;2;247;247;247m▀[0m[38;2;171;171;171m[48;2;247;247;247m▀[0m[38;2;0;0;0m[48;2;77;81;81m▀[0m[38;2;0;0;0m[48;2;0;0;0m▀[0m[38;2;0;0;0m[48;2;0;0;0m▀[0m[38;2;53;45;50m[48;2;23;23;24m▀[0m[38;2;69;61;64m[48;2;54;43;49m▀[0m[38;2;247;247;247m[48;2;16;9;13m▀[0m[38;2;247;247;247m[48;2;4;7;8m▀[0m[38;2;247;247;247m[48;2;97;100;100m▀[0m[38;2;247;247;247m[48;2;238;240;241m▀[0m[38;2;230;230;231m[48;2;247;247;247m▀[0m[38;2;206;209;208m[48;2;184;186;186m▀[0m[38;2;247;247;247m[48;2;245;247;247m▀[0m[38;2;241;241;241m[48;2;190;193;193m▀[0m[38;2;0;0;0m[48;2;0;0;0m▀[0m[38;2;0;0;0m[48;2;0;0;0m▀[0m[38;2;0;0;0m[48;2;0;0;0m▀[0m[38;2;0;0;0m[48;2;1;1;1m▀[0m[38;2;0;1;1m[48;2;1;1;1m▀[0m[38;2;0;0;0m[48;2;0;0;0m▀[0m[38;2;0;0;0m[48;2;0;0;0m▀[0m[38;2;0;0;0m[48;2;0;0;0m▀[0m[38;2;0;0;0m[48;2;0;2;4m▀[0m[38;2;0;44;39m[48;2;1;43;38m▀[0m[38;2;0;0;0m[48;2;0;0;0m▀[0m[38;2;0;1;0m[48;2;0;9;3m▀[0m[38;2;0;19;8m[48;2;0;23;15m▀[0m[38;2;0;0;0m[48;2;0;0;0m▀[0m[38;2;247;247;247m[48;2;133;153;148m▀[0m[38;2;165;161;164m[48;2;126;115;117m▀[0m[38;2;181;225;230m[48;2;0;0;0m▀[0m
[38;2;0;0;0m[48;2;0;0;0m▀[0m[38;2;247;247;247m[48;2;245;234;234m▀[0m[38;2;94;114;112m[48;2;154;162;161m▀[0m[38;2;0;15;9m[48;2;0;5;0m▀[0m[38;2;1;28;22m[48;2;4;41;34m▀[0m[38;2;0;0;0m[48;2;0;0;0m▀[0m[38;2;1;24;20m[48;2;2;17;10m▀[0m[38;2;2;23;19m[48;2;6;58;50m▀[0m[38;2;0;0;0m[48;2;0;0;0m▀[0m[38;2;1;48;40m[48;2;3;46;37m▀[0m[38;2;0;0;0m[48;2;1;0;0m▀[0m[38;2;1;1;1m[48;2;1;0;1m▀[0m[38;2;0;1;1m[48;2;0;0;1m▀[0m[38;2;0;1;1m[48;2;0;1;1m▀[0m[38;2;0;0;0m[48;2;0;0;0m▀[0m[38;2;0;0;0m[48;2;0;0;0m▀[0m[38;2;0;0;0m[48;2;0;1;1m▀[0m[38;2;0;0;0m[48;2;0;0;0m▀[0m[38;2;0;0;0m[48;2;0;0;0m▀[0m[38;2;0;0;0m[48;2;20;24;21m▀[0m[38;2;247;247;247m[48;2;247;247;247m▀[0m[38;2;247;247;247m[48;2;247;247;247m▀[0m[38;2;203;212;210m[48;2;203;211;213m▀[0m[38;2;158;163;163m[48;2;109;115;118m▀[0m[38;2;95;101;99m[48;2;179;182;182m▀[0m[38;2;247;247;247m[48;2;235;237;237m▀[0m[38;2;158;161;161m[48;2;150;154;154m▀[0m[38;2;220;226;226m[48;2;225;233;233m▀[0m[38;2;247;247;247m[48;2;234;247;247m▀[0m[38;2;97;97;95m[48;2;0;0;0m▀[0m[38;2;26;0;0m[48;2;112;9;0m▀[0m[38;2;171;57;53m[48;2;205;45;44m▀[0m[38;2;101;19;16m[48;2;94;2;0m▀[0m[38;2;153;182;179m[48;2;131;155;158m▀[0m[38;2;221;229;227m[48;2;232;240;240m▀[0m[38;2;188;191;190m[48;2;178;181;180m▀[0m[38;2;186;189;189m[48;2;211;210;211m▀[0m[38;2;146;150;149m[48;2;129;131;130m▀[0m[38;2;216;223;219m[48;2;216;221;217m▀[0m[38;2;215;221;218m[48;2;225;229;226m▀[0m[38;2;166;170;169m[48;2;156;159;158m▀[0m[38;2;234;247;247m[48;2;226;239;240m▀[0m[38;2;125;107;108m[48;2;127;113;112m▀[0m[38;2;0;0;0m[48;2;109;0;0m▀[0m[38;2;143;165;164m[48;2;0;0;0m▀[0m[38;2;247;247;247m[48;2;247;247;247m▀[0m[38;2;235;235;236m[48;2;247;247;247m▀[0m[38;2;0;0;0m[48;2;112;115;112m▀[0m[38;2;0;0;0m[48;2;0;0;0m▀[0m[38;2;2;4;4m[48;2;0;0;0m▀[0m[38;2;73;65;70m[48;2;77;64;71m▀[0m[38;2;46;40;43m[48;2;70;63;67m▀[0m[38;2;14;9;13m[48;2;32;24;31m▀[0m[38;2;19;19;23m[48;2;74;70;72m▀[0m[38;2;46;50;51m[48;2;168;170;170m▀[0m[38;2;247;247;247m[48;2;247;247;247m▀[0m[38;2;247;247;247m[48;2;247;247;247m▀[0m[38;2;232;235;235m[48;2;245;247;247m▀[0m[38;2;152;155;155m[48;2;191;194;194m▀[0m[38;2;0;0;0m[48;2;210;211;208m▀[0m[38;2;0;0;0m[48;2;29;31;31m▀[0m[38;2;0;0;0m[48;2;0;0;0m▀[0m[38;2;0;0;0m[48;2;0;0;0m▀[0m[38;2;0;0;0m[48;2;0;0;0m▀[0m[38;2;0;0;0m[48;2;0;0;0m▀[0m[38;2;0;1;1m[48;2;0;0;0m▀[0m[38;2;0;0;0m[48;2;0;0;0m▀[0m[38;2;0;8;7m[48;2;0;17;13m▀[0m[38;2;3;40;37m[48;2;0;39;36m▀[0m[38;2;0;0;0m[48;2;0;0;0m▀[0m[38;2;0;14;8m[48;2;1;17;13m▀[0m[38;2;0;16;10m[48;2;0;16;12m▀[0m[38;2;0;0;0m[48;2;0;3;0m▀[0m[38;2;0;42;36m[48;2;9;65;58m▀[0m[38;2;238;229;227m[48;2;247;240;243m▀[0m[38;2;0;0;0m[48;2;0;0;0m▀[0m
[38;2;0;0;0m[48;2;0;0;0m▀[0m[38;2;201;194;194m[48;2;149;158;156m▀[0m[38;2;221;214;217m[48;2;247;247;247m▀[0m[38;2;0;0;0m[48;2;0;0;0m▀[0m[38;2;6;48;45m[48;2;1;55;48m▀[0m[38;2;0;0;0m[48;2;0;2;0m▀[0m[38;2;0;0;0m[48;2;1;0;0m▀[0m[38;2;8;64;55m[48;2;10;65;58m▀[0m[38;2;0;0;0m[48;2;0;0;0m▀[0m[38;2;3;42;35m[48;2;5;28;21m▀[0m[38;2;1;3;1m[48;2;1;8;8m▀[0m[38;2;0;0;0m[48;2;0;0;0m▀[0m[38;2;0;0;0m[48;2;0;0;0m▀[0m[38;2;0;0;0m[48;2;0;1;0m▀[0m[38;2;0;0;0m[48;2;0;0;0m▀[0m[38;2;0;0;0m[48;2;0;0;0m▀[0m[38;2;0;0;0m[48;2;0;0;0m▀[0m[38;2;0;0;0m[48;2;0;0;0m▀[0m[38;2;0;0;0m[48;2;0;0;0m▀[0m[38;2;131;140;138m[48;2;235;242;242m▀[0m[38;2;247;247;247m[48;2;247;247;247m▀[0m[38;2;219;222;222m[48;2;230;230;227m▀[0m[38;2;200;208;211m[48;2;241;244;245m▀[0m[38;2;95;97;97m[48;2;59;64;64m▀[0m[38;2;230;230;230m[48;2;223;230;228m▀[0m[38;2;163;167;168m[48;2;134;138;137m▀[0m[38;2;168;171;170m[48;2;211;217;214m▀[0m[38;2;247;247;247m[48;2;231;245;241m▀[0m[38;2;187;203;204m[48;2;155;159;158m▀[0m[38;2;74;0;0m[48;2;122;108;111m▀[0m[38;2;193;88;78m[48;2;102;153;159m▀[0m[38;2;193;162;162m[48;2;26;75;79m▀[0m[38;2;97;108;108m[48;2;0;0;0m▀[0m[38;2;96;110;106m[48;2;48;59;56m▀[0m[38;2;247;247;247m[48;2;247;247;247m▀[0m[38;2;179;178;175m[48;2;191;192;188m▀[0m[38;2;223;225;223m[48;2;223;226;223m▀[0m[38;2;137;137;137m[48;2;164;164;164m▀[0m[38;2;203;206;202m[48;2;178;180;178m▀[0m[38;2;232;239;235m[48;2;231;235;231m▀[0m[38;2;142;145;141m[48;2;147;150;150m▀[0m[38;2;214;221;220m[48;2;247;247;247m▀[0m[38;2;148;161;160m[48;2;49;64;68m▀[0m[38;2;179;162;161m[48;2;0;0;0m▀[0m[38;2;95;84;81m[48;2;55;81;82m▀[0m[38;2;141;156;154m[48;2;0;25;29m▀[0m[38;2;247;247;247m[48;2;218;228;230m▀[0m[38;2;214;217;213m[48;2;247;247;247m▀[0m[38;2;0;0;0m[48;2;65;71;74m▀[0m[38;2;0;0;0m[48;2;0;0;0m▀[0m[38;2;17;15;18m[48;2;0;0;0m▀[0m[38;2;61;53;56m[48;2;5;8;4m▀[0m[38;2;69;62;65m[48;2;13;10;12m▀[0m[38;2;5;0;0m[48;2;52;44;47m▀[0m[38;2;88;87;88m[48;2;0;0;0m▀[0m[38;2;247;247;247m[48;2;240;240;242m▀[0m[38;2;247;247;247m[48;2;247;247;247m▀[0m[38;2;240;240;242m[48;2;236;239;238m▀[0m[38;2;245;247;245m[48;2;232;235;235m▀[0m[38;2;166;168;166m[48;2;238;244;241m▀[0m[38;2;47;51;51m[48;2;0;0;0m▀[0m[38;2;0;0;0m[48;2;0;0;0m▀[0m[38;2;0;0;0m[48;2;0;0;0m▀[0m[38;2;0;0;0m[48;2;0;0;0m▀[0m[38;2;0;0;0m[48;2;0;0;0m▀[0m[38;2;0;0;0m[48;2;0;1;1m▀[0m[38;2;0;0;0m[48;2;0;0;0m▀[0m[38;2;0;27;20m[48;2;0;31;27m▀[0m[38;2;0;35;29m[48;2;0;29;25m▀[0m[38;2;0;0;0m[48;2;0;0;0m▀[0m[38;2;0;23;22m[48;2;0;29;28m▀[0m[38;2;0;11;5m[48;2;0;11;2m▀[0m[38;2;0;26;22m[48;2;7;39;35m▀[0m[38;2;0;63;55m[48;2;14;71;67m▀[0m[38;2;0;0;0m[48;2;0;0;0m▀[0m[38;2;0;0;0m[48;2;0;0;0m▀[0m
[38;2;0;3;0m[48;2;0;27;19m▀[0m[38;2;88;105;105m[48;2;0;32;29m▀[0m[38;2;247;247;247m[48;2;247;247;247m▀[0m[38;2;0;4;0m[48;2;0;12;8m▀[0m[38;2;0;64;56m[48;2;0;53;44m▀[0m[38;2;0;5;0m[48;2;0;15;10m▀[0m[38;2;6;10;7m[48;2;3;19;16m▀[0m[38;2;3;18;15m[48;2;3;7;7m▀[0m[38;2;0;0;0m[48;2;0;0;0m▀[0m[38;2;5;20;13m[48;2;1;10;8m▀[0m[38;2;4;19;17m[48;2;2;28;26m▀[0m[38;2;0;0;0m[48;2;0;0;0m▀[0m[38;2;0;1;0m[48;2;0;1;1m▀[0m[38;2;0;0;0m[48;2;0;0;0m▀[0m[38;2;0;0;0m[48;2;0;0;0m▀[0m[38;2;0;0;1m[48;2;0;0;0m▀[0m[38;2;0;0;0m[48;2;0;0;0m▀[0m[38;2;0;0;0m[48;2;0;0;0m▀[0m[38;2;0;0;0m[48;2;32;35;35m▀[0m[38;2;247;247;247m[48;2;247;247;247m▀[0m[38;2;247;247;247m[48;2;226;226;226m▀[0m[38;2;216;222;222m[48;2;216;222;222m▀[0m[38;2;197;203;204m[48;2;152;160;161m▀[0m[38;2;63;68;68m[48;2;97;100;99m▀[0m[38;2;238;246;246m[48;2;238;241;241m▀[0m[38;2;130;133;130m[48;2;142;149;148m▀[0m[38;2;247;247;247m[48;2;220;228;230m▀[0m[38;2;130;136;135m[48;2;0;22;27m▀[0m[38;2;80;98;101m[48;2;57;75;75m▀[0m[38;2;0;0;0m[48;2;99;12;0m▀[0m[38;2;0;0;0m[48;2;247;113;94m▀[0m[38;2;0;0;0m[48;2;247;118;102m▀[0m[38;2;0;0;0m[48;2;129;35;22m▀[0m[38;2;3;20;21m[48;2;0;8;12m▀[0m[38;2;197;204;203m[48;2;47;69;75m▀[0m[38;2;203;206;207m[48;2;239;247;247m▀[0m[38;2;219;225;222m[48;2;194;199;194m▀[0m[38;2;196;198;198m[48;2;203;206;206m▀[0m[38;2;170;171;168m[48;2;191;190;187m▀[0m[38;2;205;211;208m[48;2;174;180;177m▀[0m[38;2;159;160;157m[48;2;191;191;191m▀[0m[38;2;247;247;247m[48;2;163;181;180m▀[0m[38;2;34;50;50m[48;2;110;80;79m▀[0m[38;2;56;0;0m[48;2;151;32;23m▀[0m[38;2;205;58;43m[48;2;212;82;70m▀[0m[38;2;0;0;0m[48;2;205;65;55m▀[0m[38;2;52;88;88m[48;2;4;0;0m▀[0m[38;2;247;247;247m[48;2;183;209;207m▀[0m[38;2;114;122;122m[48;2;189;193;192m▀[0m[38;2;0;0;0m[48;2;0;0;0m▀[0m[38;2;0;0;0m[48;2;0;0;0m▀[0m[38;2;73;70;73m[48;2;45;41;47m▀[0m[38;2;44;40;43m[48;2;95;84;94m▀[0m[38;2;9;9;10m[48;2;59;55;58m▀[0m[38;2;0;0;0m[48;2;0;0;0m▀[0m[38;2;52;50;54m[48;2;0;0;0m▀[0m[38;2;247;247;247m[48;2;137;137;138m▀[0m[38;2;247;247;247m[48;2;247;247;247m▀[0m[38;2;170;173;173m[48;2;184;184;182m▀[0m[38;2;247;247;247m[48;2;247;247;247m▀[0m[38;2;80;83;83m[48;2;242;241;241m▀[0m[38;2;0;0;0m[48;2;0;0;0m▀[0m[38;2;0;0;0m[48;2;0;0;0m▀[0m[38;2;0;0;0m[48;2;0;0;0m▀[0m[38;2;0;0;0m[48;2;0;0;0m▀[0m[38;2;0;1;1m[48;2;0;1;1m▀[0m[38;2;0;0;0m[48;2;0;0;0m▀[0m[38;2;0;35;33m[48;2;0;39;35m▀[0m[38;2;0;20;19m[48;2;0;14;12m▀[0m[38;2;0;0;0m[48;2;0;0;0m▀[0m[38;2;0;31;26m[48;2;0;32;27m▀[0m[38;2;0;3;0m[48;2;4;4;1m▀[0m[38;2;11;57;49m[48;2;18;71;63m▀[0m[38;2;18;71;66m[48;2;13;57;53m▀[0m[38;2;0;0;0m[48;2;0;0;0m▀[0m[38;2;0;16;15m[48;2;4;17;15m▀[0m
[38;2;0;25;17m[48;2;0;0;0m▀[0m[38;2;130;129;130m[48;2;72;62;64m▀[0m[38;2;247;247;247m[48;2;118;111;112m▀[0m[38;2;246;231;234m[48;2;247;246;247m▀[0m[38;2;44;64;64m[48;2;95;113;110m▀[0m[38;2;0;1;0m[48;2;0;1;0m▀[0m[38;2;5;19;13m[48;2;3;12;11m▀[0m[38;2;2;27;23m[48;2;0;36;31m▀[0m[38;2;0;0;0m[48;2;0;0;0m▀[0m[38;2;1;3;1m[48;2;0;0;0m▀[0m[38;2;6;40;34m[48;2;5;24;21m▀[0m[38;2;0;0;0m[48;2;0;0;0m▀[0m[38;2;0;1;1m[48;2;0;0;1m▀[0m[38;2;0;0;0m[48;2;0;0;1m▀[0m[38;2;0;0;0m[48;2;0;0;0m▀[0m[38;2;0;0;0m[48;2;0;0;0m▀[0m[38;2;0;0;0m[48;2;0;0;0m▀[0m[38;2;0;0;0m[48;2;0;0;0m▀[0m[38;2;136;138;138m[48;2;241;242;239m▀[0m[38;2;247;247;247m[48;2;247;247;247m▀[0m[38;2;182;185;185m[48;2;182;185;185m▀[0m[38;2;216;222;223m[48;2;216;223;222m▀[0m[38;2;152;156;160m[48;2;147;158;156m▀[0m[38;2;111;114;111m[48;2;120;123;122m▀[0m[38;2;240;242;240m[48;2;247;247;245m▀[0m[38;2;165;172;170m[48;2;165;176;174m▀[0m[38;2;177;193;190m[48;2;150;142;142m▀[0m[38;2;60;3;0m[48;2;124;20;14m▀[0m[38;2;187;157;154m[48;2;64;64;64m▀[0m[38;2;200;74;60m[48;2;0;0;0m▀[0m[38;2;142;58;49m[48;2;0;0;0m▀[0m[38;2;104;42;35m[48;2;61;26;22m▀[0m[38;2;62;14;7m[48;2;118;41;35m▀[0m[38;2;99;65;62m[48;2;174;89;76m▀[0m[38;2;24;15;13m[48;2;191;86;76m▀[0m[38;2;175;184;183m[48;2;177;147;139m▀[0m[38;2;128;141;135m[48;2;41;76;79m▀[0m[38;2;196;203;198m[48;2;200;203;199m▀[0m[38;2;214;217;214m[48;2;228;234;231m▀[0m[38;2;179;185;182m[48;2;194;197;197m▀[0m[38;2;247;247;247m[48;2;247;247;247m▀[0m[38;2;72;93;93m[48;2;86;116;117m▀[0m[38;2;101;64;58m[48;2;171;100;92m▀[0m[38;2;161;35;24m[48;2;96;32;28m▀[0m[38;2;156;65;55m[48;2;0;0;0m▀[0m[38;2;131;56;49m[48;2;0;0;0m▀[0m[38;2;153;40;30m[48;2;0;0;0m▀[0m[38;2;142;128;124m[48;2;51;29;25m▀[0m[38;2;160;172;169m[48;2;108;121;118m▀[0m[38;2;0;0;0m[48;2;4;11;6m▀[0m[38;2;0;0;0m[48;2;0;0;0m▀[0m[38;2;1;3;3m[48;2;0;0;0m▀[0m[38;2;88;79;83m[48;2;47;42;49m▀[0m[38;2;75;64;71m[48;2;89;79;88m▀[0m[38;2;11;4;11m[48;2;5;3;6m▀[0m[38;2;183;190;189m[48;2;19;26;25m▀[0m[38;2;167;164;168m[48;2;247;247;247m▀[0m[38;2;9;6;14m[48;2;183;181;187m▀[0m[38;2;213;216;218m[48;2;172;172;174m▀[0m[38;2;247;247;247m[48;2;247;247;247m▀[0m[38;2;247;247;247m[48;2;247;247;247m▀[0m[38;2;89;88;88m[48;2;221;221;221m▀[0m[38;2;0;0;0m[48;2;0;0;0m▀[0m[38;2;0;0;0m[48;2;0;0;0m▀[0m[38;2;0;0;0m[48;2;0;0;0m▀[0m[38;2;0;0;0m[48;2;0;0;0m▀[0m[38;2;0;0;0m[48;2;0;0;0m▀[0m[38;2;1;43;39m[48;2;0;42;35m▀[0m[38;2;1;10;9m[48;2;0;2;3m▀[0m[38;2;0;0;0m[48;2;0;0;0m▀[0m[38;2;0;32;25m[48;2;0;30;25m▀[0m[38;2;5;6;0m[48;2;7;7;5m▀[0m[38;2;23;80;72m[48;2;23;80;76m▀[0m[38;2;9;40;39m[48;2;22;78;74m▀[0m[38;2;0;0;0m[48;2;0;0;0m▀[0m[38;2;7;22;19m[48;2;6;25;22m▀[0m
[38;2;2;26;25m[48;2;6;22;21m▀[0m[38;2;0;10;8m[48;2;10;41;38m▀[0m[38;2;0;0;0m[48;2;0;0;0m▀[0m[38;2;116;125;128m[48;2;0;14;8m▀[0m[38;2;1;63;59m[48;2;11;90;82m▀[0m[38;2;0;34;28m[48;2;12;39;35m▀[0m[38;2;0;1;0m[48;2;0;0;0m▀[0m[38;2;0;42;35m[48;2;0;47;43m▀[0m[38;2;0;0;0m[48;2;0;0;0m▀[0m[38;2;0;0;0m[48;2;0;0;0m▀[0m[38;2;0;0;0m[48;2;0;0;0m▀[0m[38;2;0;0;0m[48;2;0;0;0m▀[0m[38;2;0;0;0m[48;2;0;0;0m▀[0m[38;2;0;1;0m[48;2;0;0;0m▀[0m[38;2;0;0;0m[48;2;0;0;0m▀[0m[38;2;0;0;0m[48;2;0;0;0m▀[0m[38;2;0;0;0m[48;2;0;0;0m▀[0m[38;2;0;0;0m[48;2;0;2;2m▀[0m[38;2;247;247;247m[48;2;247;247;247m▀[0m[38;2;235;234;234m[48;2;206;205;205m▀[0m[38;2;194;194;192m[48;2;198;196;194m▀[0m[38;2;218;226;225m[48;2;219;225;222m▀[0m[38;2;157;163;163m[48;2;156;161;159m▀[0m[38;2;131;134;133m[48;2;146;150;150m▀[0m[38;2;247;247;247m[48;2;247;247;247m▀[0m[38;2;124;129;129m[48;2;80;74;73m▀[0m[38;2;124;106;109m[48;2;57;60;57m▀[0m[38;2;0;0;0m[48;2;0;0;0m▀[0m[38;2;0;0;0m[48;2;0;0;0m▀[0m[38;2;0;0;0m[48;2;0;0;0m▀[0m[38;2;0;0;0m[48;2;0;0;0m▀[0m[38;2;0;0;0m[48;2;0;0;0m▀[0m[38;2;0;0;0m[48;2;0;0;0m▀[0m[38;2;186;72;59m[48;2;153;52;40m▀[0m[38;2;233;105;84m[48;2;234;103;77m▀[0m[38;2;161;97;90m[48;2;144;69;58m▀[0m[38;2;64;49;49m[48;2;224;9;0m▀[0m[38;2;103;129;127m[48;2;64;72;71m▀[0m[38;2;153;160;156m[48;2;55;75;74m▀[0m[38;2;227;233;233m[48;2;147;155;151m▀[0m[38;2;247;247;247m[48;2;241;247;247m▀[0m[38;2;152;135;134m[48;2;246;163;149m▀[0m[38;2;59;39;36m[48;2;15;0;0m▀[0m[38;2;0;0;0m[48;2;0;0;0m▀[0m[38;2;0;0;0m[48;2;0;0;0m▀[0m[38;2;0;0;0m[48;2;0;0;0m▀[0m[38;2;0;0;0m[48;2;0;0;0m▀[0m[38;2;0;0;0m[48;2;0;0;0m▀[0m[38;2;86;89;89m[48;2;76;83;83m▀[0m[38;2;22;24;24m[48;2;126;129;127m▀[0m[38;2;0;0;0m[48;2;0;0;0m▀[0m[38;2;0;0;0m[48;2;0;0;0m▀[0m[38;2;0;0;0m[48;2;0;0;0m▀[0m[38;2;44;39;44m[48;2;0;0;0m▀[0m[38;2;104;101;103m[48;2;75;75;73m▀[0m[38;2;0;0;0m[48;2;34;29;32m▀[0m[38;2;0;1;0m[48;2;161;161;156m▀[0m[38;2;247;247;247m[48;2;66;66;64m▀[0m[38;2;244;244;245m[48;2;0;0;0m▀[0m[38;2;197;200;201m[48;2;12;15;16m▀[0m[38;2;247;247;247m[48;2;247;247;247m▀[0m[38;2;246;246;246m[48;2;247;247;247m▀[0m[38;2;86;86;86m[48;2;247;247;247m▀[0m[38;2;0;0;0m[48;2;112;112;112m▀[0m[38;2;0;0;0m[48;2;0;0;0m▀[0m[38;2;0;0;0m[48;2;0;0;0m▀[0m[38;2;0;0;0m[48;2;0;0;0m▀[0m[38;2;0;42;35m[48;2;0;32;29m▀[0m[38;2;1;0;0m[48;2;0;0;0m▀[0m[38;2;0;0;0m[48;2;1;8;6m▀[0m[38;2;0;25;22m[48;2;0;24;21m▀[0m[38;2;8;7;7m[48;2;8;2;5m▀[0m[38;2;22;85;78m[48;2;24;92;88m▀[0m[38;2;27;99;94m[48;2;24;91;87m▀[0m[38;2;1;0;0m[48;2;0;0;0m▀[0m[38;2;9;38;32m[48;2;18;50;48m▀[0m
[38;2;5;19;15m[48;2;2;6;5m▀[0m[38;2;10;32;26m[48;2;7;23;19m▀[0m[38;2;0;0;0m[48;2;15;69;66m▀[0m[38;2;10;62;55m[48;2;25;96;93m▀[0m[38;2;15;87;79m[48;2;17;77;75m▀[0m[38;2;13;45;41m[48;2;9;47;43m▀[0m[38;2;0;0;0m[48;2;0;0;0m▀[0m[38;2;4;51;45m[48;2;1;47;39m▀[0m[38;2;0;0;0m[48;2;0;0;0m▀[0m[38;2;1;19;15m[48;2;2;34;29m▀[0m[38;2;1;12;9m[48;2;1;41;34m▀[0m[38;2;0;0;0m[48;2;0;0;0m▀[0m[38;2;0;0;0m[48;2;0;0;0m▀[0m[38;2;0;0;0m[48;2;0;0;0m▀[0m[38;2;0;0;0m[48;2;0;0;0m▀[0m[38;2;0;0;0m[48;2;0;0;0m▀[0m[38;2;0;0;0m[48;2;0;0;0m▀[0m[38;2;18;21;18m[48;2;24;26;26m▀[0m[38;2;234;236;236m[48;2;240;243;243m▀[0m[38;2;177;179;179m[48;2;167;174;177m▀[0m[38;2;201;203;204m[48;2;217;219;219m▀[0m[38;2;224;226;226m[48;2;225;227;226m▀[0m[38;2;156;161;159m[48;2;159;162;161m▀[0m[38;2;165;168;167m[48;2;188;192;192m▀[0m[38;2;247;247;247m[48;2;232;238;238m▀[0m[38;2;80;43;41m[48;2;0;0;0m▀[0m[38;2;55;54;54m[48;2;45;49;52m▀[0m[38;2;0;0;0m[48;2;0;0;0m▀[0m[38;2;0;0;0m[48;2;0;0;0m▀[0m[38;2;0;0;0m[48;2;0;0;0m▀[0m[38;2;0;0;0m[48;2;0;0;0m▀[0m[38;2;0;0;0m[48;2;0;0;0m▀[0m[38;2;0;0;0m[48;2;0;0;0m▀[0m[38;2;38;0;0m[48;2;0;6;7m▀[0m[38;2;232;122;106m[48;2;119;47;37m▀[0m[38;2;167;63;53m[48;2;247;91;70m▀[0m[38;2;247;212;207m[48;2;247;247;247m▀[0m[38;2;247;247;247m[48;2;247;247;247m▀[0m[38;2;117;161;161m[48;2;247;194;180m▀[0m[38;2;79;109;106m[48;2;181;33;15m▀[0m[38;2;238;247;247m[48;2;151;168;165m▀[0m[38;2;171;142;140m[48;2;214;247;246m▀[0m[38;2;0;0;0m[48;2;43;2;0m▀[0m[38;2;0;0;0m[48;2;0;0;0m▀[0m[38;2;0;0;0m[48;2;0;0;0m▀[0m[38;2;0;0;0m[48;2;0;0;0m▀[0m[38;2;0;0;0m[48;2;0;0;0m▀[0m[38;2;0;0;0m[48;2;0;0;0m▀[0m[38;2;17;21;21m[48;2;0;0;0m▀[0m[38;2;142;142;142m[48;2;95;97;98m▀[0m[38;2;0;0;0m[48;2;0;0;0m▀[0m[38;2;0;0;0m[48;2;0;0;0m▀[0m[38;2;0;0;0m[48;2;0;0;0m▀[0m[38;2;0;0;0m[48;2;0;0;0m▀[0m[38;2;59;59;61m[48;2;96;97;97m▀[0m[38;2;0;0;0m[48;2;0;0;0m▀[0m[38;2;0;0;0m[48;2;0;0;0m▀[0m[38;2;0;0;0m[48;2;58;54;56m▀[0m[38;2;38;33;40m[48;2;65;59;65m▀[0m[38;2;2;0;3m[48;2;35;32;34m▀[0m[38;2;247;247;247m[48;2;0;0;0m▀[0m[38;2;247;247;247m[48;2;154;158;157m▀[0m[38;2;226;226;227m[48;2;247;247;247m▀[0m[38;2;216;214;217m[48;2;121;119;122m▀[0m[38;2;193;194;194m[48;2;142;145;147m▀[0m[38;2;0;0;0m[48;2;132;131;131m▀[0m[38;2;0;0;0m[48;2;0;0;0m▀[0m[38;2;0;1;0m[48;2;0;0;0m▀[0m[38;2;0;0;0m[48;2;0;0;0m▀[0m[38;2;0;15;12m[48;2;0;14;10m▀[0m[38;2;0;19;15m[48;2;0;12;9m▀[0m[38;2;5;8;5m[48;2;6;8;8m▀[0m[38;2;23;95;89m[48;2;27;95;88m▀[0m[38;2;25;90;83m[48;2;29;96;91m▀[0m[38;2;0;0;0m[48;2;11;36;33m▀[0m[38;2;12;53;48m[48;2;13;47;43m▀[0m
[38;2;0;0;0m[48;2;0;0;0m▀[0m[38;2;14;44;41m[48;2;10;31;27m▀[0m[38;2;0;76;79m[48;2;0;36;35m▀[0m[38;2;136;171;169m[48;2;229;247;245m▀[0m[38;2;58;113;113m[48;2;128;167;167m▀[0m[38;2;0;36;32m[48;2;0;26;22m▀[0m[38;2;0;0;0m[48;2;0;0;0m▀[0m[38;2;2;34;27m[48;2;0;26;18m▀[0m[38;2;2;17;15m[48;2;1;33;30m▀[0m[38;2;0;0;0m[48;2;0;0;0m▀[0m[38;2;0;0;0m[48;2;0;0;0m▀[0m[38;2;15;15;15m[48;2;3;5;5m▀[0m[38;2;183;187;187m[48;2;247;247;247m▀[0m[38;2;152;155;155m[48;2;198;183;186m▀[0m[38;2;104;108;108m[48;2;173;184;186m▀[0m[38;2;40;47;47m[48;2;240;236;239m▀[0m[38;2;0;0;0m[48;2;247;247;247m▀[0m[38;2;6;14;14m[48;2;247;247;247m▀[0m[38;2;200;207;210m[48;2;247;247;247m▀[0m[38;2;134;141;144m[48;2;100;108;108m▀[0m[38;2;233;236;235m[48;2;228;234;233m▀[0m[38;2;223;226;226m[48;2;229;231;229m▀[0m[38;2;163;166;167m[48;2;167;173;172m▀[0m[38;2;189;193;192m[48;2;166;169;166m▀[0m[38;2;188;198;200m[48;2;247;247;247m▀[0m[38;2;0;0;0m[48;2;0;0;0m▀[0m[38;2;94;67;63m[48;2;169;125;118m▀[0m[38;2;109;141;137m[48;2;182;135;136m▀[0m[38;2;32;48;47m[48;2;157;202;202m▀[0m[38;2;0;0;0m[48;2;30;43;40m▀[0m[38;2;3;2;0m[48;2;247;113;87m▀[0m[38;2;0;1;2m[48;2;126;51;41m▀[0m[38;2;111;50;39m[48;2;193;68;53m▀[0m[38;2;201;75;61m[48;2;247;133;103m▀[0m[38;2;239;82;61m[48;2;247;120;91m▀[0m[38;2;247;105;79m[48;2;226;83;59m▀[0m[38;2;244;63;38m[48;2;0;0;0m▀[0m[38;2;247;80;57m[48;2;209;75;60m▀[0m[38;2;247;51;29m[48;2;0;0;0m▀[0m[38;2;247;102;75m[48;2;246;83;64m▀[0m[38;2;198;29;8m[48;2;247;109;84m▀[0m[38;2;116;168;168m[48;2;64;58;50m▀[0m[38;2;185;120;109m[48;2;87;57;52m▀[0m[38;2;123;44;31m[48;2;194;71;59m▀[0m[38;2;33;20;19m[48;2;0;1;0m▀[0m[38;2;0;0;0m[48;2;97;33;30m▀[0m[38;2;0;0;0m[48;2;30;32;33m▀[0m[38;2;166;180;178m[48;2;176;206;210m▀[0m[38;2;122;132;130m[48;2;181;159;161m▀[0m[38;2;67;76;78m[48;2;57;67;67m▀[0m[38;2;0;0;0m[48;2;0;0;0m▀[0m[38;2;15;18;22m[48;2;11;7;9m▀[0m[38;2;0;0;0m[48;2;0;8;12m▀[0m[38;2;0;0;0m[48;2;0;0;0m▀[0m[38;2;100;100;100m[48;2;0;0;0m▀[0m[38;2;0;0;0m[48;2;0;0;0m▀[0m[38;2;14;20;21m[48;2;31;33;34m▀[0m[38;2;4;3;4m[48;2;22;22;23m▀[0m[38;2;60;56;60m[48;2;0;0;0m▀[0m[38;2;63;56;63m[48;2;66;63;66m▀[0m[38;2;15;10;15m[48;2;63;55;63m▀[0m[38;2;0;0;0m[48;2;0;0;0m▀[0m[38;2;207;207;205m[48;2;0;0;0m▀[0m[38;2;247;247;247m[48;2;132;130;133m▀[0m[38;2;221;224;223m[48;2;247;247;247m▀[0m[38;2;191;194;194m[48;2;247;247;247m▀[0m[38;2;68;67;67m[48;2;247;247;247m▀[0m[38;2;0;0;0m[48;2;129;131;129m▀[0m[38;2;0;0;0m[48;2;0;0;0m▀[0m[38;2;0;6;2m[48;2;0;0;0m▀[0m[38;2;0;1;0m[48;2;0;0;0m▀[0m[38;2;1;8;6m[48;2;0;10;7m▀[0m[38;2;29;97;94m[48;2;25;98;94m▀[0m[38;2;22;82;81m[48;2;20;61;58m▀[0m[38;2;17;47;44m[48;2;20;46;43m▀[0m[38;2;17;46;43m[48;2;19;44;41m▀[0m
[38;2;0;0;0m[48;2;0;0;0m▀[0m[38;2;2;21;20m[48;2;7;33;31m▀[0m[38;2;0;0;0m[48;2;0;9;7m▀[0m[38;2;247;247;247m[48;2;247;247;247m▀[0m[38;2;247;247;247m[48;2;247;247;247m▀[0m[38;2;0;33;27m[48;2;0;45;38m▀[0m[38;2;1;0;0m[48;2;0;11;11m▀[0m[38;2;0;9;5m[48;2;0;0;0m▀[0m[38;2;3;45;40m[48;2;0;55;48m▀[0m[38;2;0;0;0m[48;2;0;0;0m▀[0m[38;2;0;0;0m[48;2;0;0;0m▀[0m[38;2;0;0;0m[48;2;0;0;0m▀[0m[38;2;17;24;24m[48;2;0;0;0m▀[0m[38;2;155;131;129m[48;2;46;55;55m▀[0m[38;2;0;0;0m[48;2;230;160;149m▀[0m[38;2;0;0;0m[48;2;103;27;23m▀[0m[38;2;0;0;0m[48;2;22;0;0m▀[0m[38;2;93;38;37m[48;2;183;63;54m▀[0m[38;2;162;105;104m[48;2;0;0;0m▀[0m[38;2;161;118;110m[48;2;0;0;0m▀[0m[38;2;235;241;240m[48;2;247;247;247m▀[0m[38;2;237;237;238m[48;2;243;244;240m▀[0m[38;2;181;183;183m[48;2;191;194;194m▀[0m[38;2;157;161;157m[48;2;161;162;161m▀[0m[38;2;243;247;247m[48;2;228;247;247m▀[0m[38;2;44;0;0m[48;2;89;60;60m▀[0m[38;2;198;143;137m[48;2;202;108;99m▀[0m[38;2;232;96;89m[48;2;247;86;65m▀[0m[38;2;0;0;0m[48;2;0;0;0m▀[0m[38;2;69;17;6m[48;2;220;86;65m▀[0m[38;2;247;149;114m[48;2;247;119;90m▀[0m[38;2;176;69;56m[48;2;172;67;54m▀[0m[38;2;208;77;62m[48;2;193;75;58m▀[0m[38;2;247;112;87m[48;2;247;118;94m▀[0m[38;2;247;122;92m[48;2;247;99;78m▀[0m[38;2;6;0;0m[48;2;50;21;12m▀[0m[38;2;0;0;0m[48;2;131;32;26m▀[0m[38;2;247;121;98m[48;2;247;143;116m▀[0m[38;2;0;0;0m[48;2;0;0;0m▀[0m[38;2;107;33;27m[48;2;110;51;32m▀[0m[38;2;247;119;94m[48;2;247;108;88m▀[0m[38;2;186;66;54m[48;2;247;99;81m▀[0m[38;2;99;30;22m[48;2;204;76;62m▀[0m[38;2;220;90;78m[48;2;227;93;76m▀[0m[38;2;185;64;54m[48;2;229;80;64m▀[0m[38;2;220;86;69m[48;2;247;99;73m▀[0m[38;2;56;11;6m[48;2;172;64;48m▀[0m[38;2;0;0;0m[48;2;36;5;2m▀[0m[38;2;195;139;136m[48;2;194;86;71m▀[0m[38;2;224;70;58m[48;2;237;80;67m▀[0m[38;2;110;39;27m[48;2;120;38;28m▀[0m[38;2;115;100;89m[48;2;194;202;194m▀[0m[38;2;0;0;0m[48;2;3;15;19m▀[0m[38;2;17;15;19m[48;2;0;0;0m▀[0m[38;2;0;0;0m[48;2;14;16;16m▀[0m[38;2;0;0;0m[48;2;10;12;12m▀[0m[38;2;0;0;0m[48;2;0;0;0m▀[0m[38;2;45;42;44m[48;2;0;0;0m▀[0m[38;2;3;2;3m[48;2;51;47;51m▀[0m[38;2;10;9;10m[48;2;11;8;11m▀[0m[38;2;85;79;82m[48;2;40;32;37m▀[0m[38;2;20;19;20m[48;2;38;36;39m▀[0m[38;2;22;22;23m[48;2;19;23;22m▀[0m[38;2;0;0;0m[48;2;44;44;45m▀[0m[38;2;108;110;108m[48;2;0;0;0m▀[0m[38;2;247;247;247m[48;2;109;115;116m▀[0m[38;2;247;247;247m[48;2;247;247;247m▀[0m[38;2;247;247;247m[48;2;242;243;240m▀[0m[38;2;212;206;209m[48;2;247;247;247m▀[0m[38;2;7;21;19m[48;2;247;247;247m▀[0m[38;2;0;0;0m[48;2;98;91;94m▀[0m[38;2;0;0;0m[48;2;13;37;33m▀[0m[38;2;11;83;81m[48;2;0;64;57m▀[0m[38;2;22;72;69m[48;2;0;52;46m▀[0m[38;2;23;61;58m[48;2;16;77;73m▀[0m[38;2;11;32;31m[48;2;0;10;8m▀[0m
[38;2;0;0;0m[48;2;0;0;0m▀[0m[38;2;0;22;21m[48;2;0;11;7m▀[0m[38;2;0;34;35m[48;2;0;32;30m▀[0m[38;2;36;93;88m[48;2;177;180;181m▀[0m[38;2;78;100;102m[48;2;203;189;188m▀[0m[38;2;0;31;27m[48;2;223;215;213m▀[0m[38;2;0;14;11m[48;2;8;41;41m▀[0m[38;2;0;0;0m[48;2;0;0;0m▀[0m[38;2;0;58;50m[48;2;4;58;53m▀[0m[38;2;0;0;0m[48;2;0;0;0m▀[0m[38;2;0;0;0m[48;2;0;0;0m▀[0m[38;2;0;0;0m[48;2;0;0;0m▀[0m[38;2;0;0;0m[48;2;0;0;0m▀[0m[38;2;0;0;0m[48;2;0;0;0m▀[0m[38;2;36;45;47m[48;2;0;0;0m▀[0m[38;2;216;140;129m[48;2;22;32;32m▀[0m[38;2;137;53;42m[48;2;166;97;84m▀[0m[38;2;194;82;70m[48;2;173;75;63m▀[0m[38;2;0;0;0m[48;2;44;6;0m▀[0m[38;2;0;0;0m[48;2;0;0;0m▀[0m[38;2;247;247;247m[48;2;236;242;241m▀[0m[38;2;247;247;247m[48;2;247;247;247m▀[0m[38;2;192;194;192m[48;2;188;191;191m▀[0m[38;2;169;173;174m[48;2;187;194;194m▀[0m[38;2;218;235;231m[48;2;164;179;175m▀[0m[38;2;109;135;132m[48;2;173;208;207m▀[0m[38;2;194;75;58m[48;2;193;32;15m▀[0m[38;2;247;74;60m[48;2;247;80;64m▀[0m[38;2;14;0;3m[48;2;10;3;0m▀[0m[38;2;247;97;73m[48;2;247;104;81m▀[0m[38;2;247;107;82m[48;2;247;110;85m▀[0m[38;2;169;66;52m[48;2;181;67;53m▀[0m[38;2;175;63;47m[48;2;214;73;56m▀[0m[38;2;247;124;100m[48;2;245;64;43m▀[0m[38;2;102;20;11m[48;2;0;0;0m▀[0m[38;2;0;0;0m[48;2;122;162;167m▀[0m[38;2;0;0;0m[48;2;198;231;234m▀[0m[38;2;153;29;17m[48;2;241;247;247m▀[0m[38;2;0;0;0m[48;2;222;247;247m▀[0m[38;2;0;0;0m[48;2;55;88;92m▀[0m[38;2;86;0;0m[48;2;18;73;79m▀[0m[38;2;247;111;84m[48;2;186;59;43m▀[0m[38;2;247;97;76m[48;2;247;90;66m▀[0m[38;2;247;106;79m[48;2;247;96;67m▀[0m[38;2;230;82;66m[48;2;229;89;68m▀[0m[38;2;247;94;69m[48;2;229;86;65m▀[0m[38;2;171;64;46m[48;2;188;70;51m▀[0m[38;2;0;0;0m[48;2;0;0;0m▀[0m[38;2;247;106;84m[48;2;247;125;100m▀[0m[38;2;179;57;45m[48;2;164;41;27m▀[0m[38;2;86;32;26m[48;2;47;56;56m▀[0m[38;2;247;247;247m[48;2;247;247;247m▀[0m[38;2;0;13;17m[48;2;33;36;36m▀[0m[38;2;0;0;0m[48;2;0;0;0m▀[0m[38;2;0;0;0m[48;2;0;0;0m▀[0m[38;2;39;39;41m[48;2;53;53;55m▀[0m[38;2;9;9;9m[48;2;64;64;66m▀[0m[38;2;0;0;0m[48;2;14;14;11m▀[0m[38;2;0;0;0m[48;2;0;0;0m▀[0m[38;2;57;54;60m[48;2;0;0;0m▀[0m[38;2;28;27;28m[48;2;69;65;69m▀[0m[38;2;0;2;2m[48;2;30;26;30m▀[0m[38;2;19;19;20m[48;2;0;0;0m▀[0m[38;2;38;38;39m[48;2;33;36;35m▀[0m[38;2;55;54;54m[48;2;85;84;84m▀[0m[38;2;0;0;0m[48;2;25;22;26m▀[0m[38;2;192;194;194m[48;2;0;0;0m▀[0m[38;2;247;247;247m[48;2;247;247;247m▀[0m[38;2;247;246;244m[48;2;247;247;247m▀[0m[38;2;247;247;247m[48;2;247;247;247m▀[0m[38;2;247;247;247m[48;2;247;247;247m▀[0m[38;2;191;180;185m[48;2;247;247;247m▀[0m[38;2;125;140;139m[48;2;247;247;247m▀[0m[38;2;33;97;93m[48;2;202;189;192m▀[0m[38;2;0;77;69m[48;2;70;110;106m▀[0m[38;2;0;0;0m[48;2;0;0;0m▀[0m
[38;2;0;0;0m[48;2;0;0;0m▀[0m[38;2;0;0;0m[48;2;0;0;0m▀[0m[38;2;0;27;21m[48;2;0;52;48m▀[0m[38;2;247;247;247m[48;2;181;177;176m▀[0m[38;2;247;247;247m[48;2;247;247;247m▀[0m[38;2;247;247;247m[48;2;215;204;206m▀[0m[38;2;76;106;106m[48;2;76;102;103m▀[0m[38;2;0;0;0m[48;2;0;0;0m▀[0m[38;2;1;59;51m[48;2;0;42;36m▀[0m[38;2;3;6;5m[48;2;3;19;16m▀[0m[38;2;0;0;0m[48;2;0;0;0m▀[0m[38;2;0;0;0m[48;2;0;1;1m▀[0m[38;2;0;0;0m[48;2;0;0;0m▀[0m[38;2;0;0;0m[48;2;0;0;0m▀[0m[38;2;0;0;0m[48;2;0;0;0m▀[0m[38;2;0;0;0m[48;2;0;0;0m▀[0m[38;2;0;0;0m[48;2;0;0;0m▀[0m[38;2;174;72;62m[48;2;19;35;36m▀[0m[38;2;170;62;53m[48;2;152;36;28m▀[0m[38;2;0;0;0m[48;2;148;8;0m▀[0m[38;2;194;212;211m[48;2;194;201;199m▀[0m[38;2;247;247;247m[48;2;247;247;247m▀[0m[38;2;178;180;180m[48;2;196;199;196m▀[0m[38;2;236;240;240m[48;2;247;247;247m▀[0m[38;2;55;70;70m[48;2;103;109;112m▀[0m[38;2;178;225;224m[48;2;30;67;64m▀[0m[38;2;219;71;57m[48;2;193;166;164m▀[0m[38;2;247;78;60m[48;2;236;59;37m▀[0m[38;2;8;1;1m[48;2;34;12;10m▀[0m[38;2;247;107;86m[48;2;247;104;83m▀[0m[38;2;247;97;78m[48;2;247;97;75m▀[0m[38;2;247;96;73m[48;2;247;105;79m▀[0m[38;2;247;94;70m[48;2;203;40;21m▀[0m[38;2;69;35;32m[48;2;205;247;247m▀[0m[38;2;218;247;247m[48;2;199;222;228m▀[0m[38;2;247;247;247m[48;2;137;144;145m▀[0m[38;2;247;247;247m[48;2;23;30;28m▀[0m[38;2;247;247;247m[48;2;48;51;51m▀[0m[38;2;247;247;247m[48;2;16;18;20m▀[0m[38;2;247;247;247m[48;2;122;129;129m▀[0m[38;2;247;247;247m[48;2;201;219;223m▀[0m[38;2;35;65;66m[48;2;245;247;247m▀[0m[38;2;245;62;40m[48;2;133;30;22m▀[0m[38;2;247;98;77m[48;2;247;109;83m▀[0m[38;2;230;88;69m[48;2;210;81;65m▀[0m[38;2;220;82;67m[48;2;181;68;53m▀[0m[38;2;203;76;54m[48;2;233;88;67m▀[0m[38;2;0;0;0m[48;2;47;17;17m▀[0m[38;2;247;125;98m[48;2;247;112;84m▀[0m[38;2;188;45;29m[48;2;195;113;97m▀[0m[38;2;131;157;158m[48;2;142;177;177m▀[0m[38;2;229;247;246m[48;2;157;167;165m▀[0m[38;2;167;171;167m[48;2;247;247;247m▀[0m[38;2;0;0;0m[48;2;0;0;0m▀[0m[38;2;0;0;0m[48;2;24;23;23m▀[0m[38;2;16;16;18m[48;2;1;1;3m▀[0m[38;2;41;38;41m[48;2;21;21;23m▀[0m[38;2;0;0;0m[48;2;0;0;0m▀[0m[38;2;10;10;10m[48;2;17;16;16m▀[0m[38;2;0;0;0m[48;2;18;18;18m▀[0m[38;2;0;0;0m[48;2;0;0;0m▀[0m[38;2;77;69;74m[48;2;0;0;0m▀[0m[38;2;18;15;17m[48;2;33;31;32m▀[0m[38;2;0;0;0m[48;2;0;0;0m▀[0m[38;2;86;88;88m[48;2;88;91;90m▀[0m[38;2;44;41;45m[48;2;61;60;60m▀[0m[38;2;13;8;12m[48;2;43;40;42m▀[0m[38;2;19;15;18m[48;2;38;34;37m▀[0m[38;2;163;167;164m[48;2;0;0;0m▀[0m[38;2;247;247;247m[48;2;86;89;88m▀[0m[38;2;161;158;163m[48;2;247;247;247m▀[0m[38;2;170;168;174m[48;2;72;81;79m▀[0m[38;2;247;247;247m[48;2;64;71;74m▀[0m[38;2;247;247;247m[48;2;145;153;155m▀[0m[38;2;247;234;237m[48;2;247;247;247m▀[0m[38;2;167;161;164m[48;2;247;247;247m▀[0m
[38;2;3;2;3m[48;2;11;32;33m▀[0m[38;2;0;0;0m[48;2;0;0;0m▀[0m[38;2;0;59;55m[48;2;0;61;57m▀[0m[38;2;93;91;89m[48;2;0;0;0m▀[0m[38;2;247;247;247m[48;2;247;247;247m▀[0m[38;2;247;235;240m[48;2;247;247;247m▀[0m[38;2;0;40;37m[48;2;0;32;31m▀[0m[38;2;0;0;0m[48;2;0;0;0m▀[0m[38;2;0;23;19m[48;2;0;8;1m▀[0m[38;2;1;33;30m[48;2;1;52;48m▀[0m[38;2;0;0;0m[48;2;0;0;0m▀[0m[38;2;0;0;0m[48;2;1;0;0m▀[0m[38;2;0;0;0m[48;2;0;0;0m▀[0m[38;2;0;0;0m[48;2;0;1;1m▀[0m[38;2;0;0;0m[48;2;0;0;0m▀[0m[38;2;0;0;0m[48;2;0;0;0m▀[0m[38;2;0;0;0m[48;2;0;0;0m▀[0m[38;2;77;97;97m[48;2;119;122;122m▀[0m[38;2;189;206;205m[48;2;247;247;247m▀[0m[38;2;63;0;0m[48;2;1;27;27m▀[0m[38;2;183;176;175m[48;2;132;135;135m▀[0m[38;2;247;247;247m[48;2;247;247;247m▀[0m[38;2;204;207;204m[48;2;194;196;194m▀[0m[38;2;247;247;247m[48;2;247;247;247m▀[0m[38;2;177;190;187m[48;2;105;141;143m▀[0m[38;2;47;0;0m[48;2;170;47;23m▀[0m[38;2;108;135;132m[48;2;101;83;76m▀[0m[38;2;177;69;61m[48;2;198;104;97m▀[0m[38;2;29;3;2m[48;2;97;21;15m▀[0m[38;2;247;106;83m[48;2;247;106;81m▀[0m[38;2;247;99;78m[48;2;247;106;81m▀[0m[38;2;247;109;82m[48;2;247;120;93m▀[0m[38;2;75;26;18m[48;2;0;0;0m▀[0m[38;2;185;247;247m[48;2;13;88;96m▀[0m[38;2;38;41;41m[48;2;35;42;41m▀[0m[38;2;0;0;0m[48;2;0;0;0m▀[0m[38;2;0;0;0m[48;2;0;0;0m▀[0m[38;2;0;0;0m[48;2;0;0;0m▀[0m[38;2;0;0;0m[48;2;0;0;0m▀[0m[38;2;0;0;0m[48;2;12;15;15m▀[0m[38;2;184;184;181m[48;2;32;36;36m▀[0m[38;2;171;246;247m[48;2;0;0;4m▀[0m[38;2;82;88;91m[48;2;2;32;41m▀[0m[38;2;247;107;77m[48;2;247;95;68m▀[0m[38;2;171;64;56m[48;2;247;100;80m▀[0m[38;2;106;42;34m[48;2;247;98;81m▀[0m[38;2;247;98;74m[48;2;205;74;59m▀[0m[38;2;133;48;38m[48;2;90;30;28m▀[0m[38;2;247;108;87m[48;2;148;47;37m▀[0m[38;2;44;70;66m[48;2;92;0;0m▀[0m[38;2;56;85;85m[48;2;133;141;140m▀[0m[38;2;204;217;215m[48;2;232;247;247m▀[0m[38;2;247;247;247m[48;2;242;243;239m▀[0m[38;2;85;85;80m[48;2;207;207;204m▀[0m[38;2;0;0;0m[48;2;19;19;16m▀[0m[38;2;85;88;88m[48;2;0;0;0m▀[0m[38;2;139;142;142m[48;2;148;150;152m▀[0m[38;2;54;56;57m[48;2;247;247;247m▀[0m[38;2;0;0;0m[48;2;64;61;61m▀[0m[38;2;3;3;3m[48;2;0;0;0m▀[0m[38;2;17;17;18m[48;2;12;12;14m▀[0m[38;2;0;0;0m[48;2;15;15;16m▀[0m[38;2;0;0;0m[48;2;0;0;0m▀[0m[38;2;0;0;0m[48;2;0;0;0m▀[0m[38;2;57;57;55m[48;2;37;37;39m▀[0m[38;2;70;68;72m[48;2;22;24;22m▀[0m[38;2;57;52;59m[48;2;42;42;47m▀[0m[38;2;55;53;60m[48;2;78;74;80m▀[0m[38;2;11;13;13m[48;2;26;26;27m▀[0m[38;2;0;0;0m[48;2;0;0;0m▀[0m[38;2;224;226;226m[48;2;0;0;0m▀[0m[38;2;163;166;163m[48;2;240;243;242m▀[0m[38;2;0;0;0m[48;2;62;59;64m▀[0m[38;2;28;24;31m[48;2;0;0;0m▀[0m[38;2;169;169;169m[48;2;0;0;0m▀[0m[38;2;247;247;247m[48;2;63;60;64m▀[0m
[38;2;22;57;60m[48;2;30;81;81m▀[0m[38;2;0;0;0m[48;2;0;0;0m▀[0m[38;2;2;51;47m[48;2;0;35;32m▀[0m[38;2;0;0;0m[48;2;0;0;0m▀[0m[38;2;244;242;240m[48;2;195;194;192m▀[0m[38;2;247;247;247m[48;2;247;247;247m▀[0m[38;2;0;37;35m[48;2;25;81;77m▀[0m[38;2;0;0;0m[48;2;0;1;0m▀[0m[38;2;0;0;0m[48;2;0;0;0m▀[0m[38;2;5;62;59m[48;2;7;72;64m▀[0m[38;2;0;0;0m[48;2;0;0;0m▀[0m[38;2;2;0;0m[48;2;1;0;0m▀[0m[38;2;0;0;1m[48;2;0;0;0m▀[0m[38;2;0;1;0m[48;2;0;1;0m▀[0m[38;2;0;0;0m[48;2;0;0;0m▀[0m[38;2;0;0;0m[48;2;0;0;0m▀[0m[38;2;0;0;0m[48;2;0;0;0m▀[0m[38;2;159;162;162m[48;2;237;236;236m▀[0m[38;2;247;247;247m[48;2;247;247;247m▀[0m[38;2;11;26;26m[48;2;0;0;0m▀[0m[38;2;125;129;125m[48;2;97;99;98m▀[0m[38;2;247;247;247m[48;2;247;247;247m▀[0m[38;2;193;194;194m[48;2;198;200;200m▀[0m[38;2;247;247;247m[48;2;247;247;247m▀[0m[38;2;70;105;109m[48;2;121;134;135m▀[0m[38;2;80;20;1m[48;2;0;0;0m▀[0m[38;2;204;127;111m[48;2;147;148;136m▀[0m[38;2;123;97;97m[48;2;226;117;104m▀[0m[38;2;80;4;1m[48;2;49;4;4m▀[0m[38;2;247;110;86m[48;2;247;104;81m▀[0m[38;2;247;110;85m[48;2;247;119;92m▀[0m[38;2;247;110;85m[48;2;247;91;72m▀[0m[38;2;0;0;0m[48;2;0;0;0m▀[0m[38;2;17;38;42m[48;2;26;46;49m▀[0m[38;2;31;37;37m[48;2;10;14;15m▀[0m[38;2;0;0;0m[48;2;0;0;0m▀[0m[38;2;0;0;0m[48;2;0;0;0m▀[0m[38;2;0;0;0m[48;2;0;0;0m▀[0m[38;2;0;0;0m[48;2;0;0;0m▀[0m[38;2;0;0;0m[48;2;0;0;0m▀[0m[38;2;0;4;7m[48;2;0;0;1m▀[0m[38;2;18;36;35m[48;2;57;71;71m▀[0m[38;2;0;0;0m[48;2;0;0;0m▀[0m[38;2;240;90;68m[48;2;194;72;55m▀[0m[38;2;247;114;90m[48;2;247;115;93m▀[0m[38;2;247;111;88m[48;2;247;104;84m▀[0m[38;2;184;68;61m[48;2;193;73;57m▀[0m[38;2;81;26;22m[48;2;147;53;45m▀[0m[38;2;247;79;59m[48;2;247;90;71m▀[0m[38;2;163;34;21m[48;2;115;25;12m▀[0m[38;2;104;133;132m[48;2;57;95;97m▀[0m[38;2;240;247;247m[48;2;247;247;247m▀[0m[38;2;210;211;207m[48;2;191;194;190m▀[0m[38;2;247;247;247m[48;2;247;247;247m▀[0m[38;2;97;95;93m[48;2;88;88;85m▀[0m[38;2;0;0;0m[48;2;0;0;0m▀[0m[38;2;111;113;115m[48;2;64;64;64m▀[0m[38;2;247;247;247m[48;2;247;247;247m▀[0m[38;2;78;82;78m[48;2;24;27;24m▀[0m[38;2;65;63;64m[48;2;27;29;29m▀[0m[38;2;0;0;0m[48;2;91;87;87m▀[0m[38;2;18;20;20m[48;2;0;0;0m▀[0m[38;2;14;14;15m[48;2;26;26;28m▀[0m[38;2;0;0;0m[48;2;4;1;4m▀[0m[38;2;27;27;27m[48;2;0;0;0m▀[0m[38;2;31;31;28m[48;2;54;54;54m▀[0m[38;2;0;0;0m[48;2;0;0;0m▀[0m[38;2;65;64;66m[48;2;0;0;0m▀[0m[38;2;42;45;46m[48;2;14;14;16m▀[0m[38;2;0;0;0m[48;2;0;0;0m▀[0m[38;2;0;0;0m[48;2;70;67;71m▀[0m[38;2;63;63;64m[48;2;25;22;28m▀[0m[38;2;132;132;133m[48;2;63;65;64m▀[0m[38;2;20;16;22m[48;2;118;116;119m▀[0m[38;2;36;34;40m[48;2;22;19;23m▀[0m[38;2;12;10;16m[48;2;45;45;47m▀[0m
[38;2;21;90;90m[48;2;36;107;103m▀[0m[38;2;0;0;0m[48;2;24;13;15m▀[0m[38;2;0;6;2m[48;2;0;0;1m▀[0m[38;2;0;0;0m[48;2;17;39;38m▀[0m[38;2;123;129;123m[48;2;76;87;83m▀[0m[38;2;247;247;247m[48;2;247;247;247m▀[0m[38;2;77;115;115m[48;2;111;130;134m▀[0m[38;2;0;1;0m[48;2;0;32;30m▀[0m[38;2;0;0;0m[48;2;0;0;0m▀[0m[38;2;8;73;63m[48;2;0;57;48m▀[0m[38;2;0;0;0m[48;2;0;0;0m▀[0m[38;2;0;0;0m[48;2;0;0;0m▀[0m[38;2;0;0;0m[48;2;0;0;0m▀[0m[38;2;0;0;0m[48;2;0;0;0m▀[0m[38;2;0;0;0m[48;2;0;0;0m▀[0m[38;2;0;0;0m[48;2;0;0;0m▀[0m[38;2;0;2;3m[48;2;60;62;63m▀[0m[38;2;247;247;247m[48;2;247;247;247m▀[0m[38;2;247;247;247m[48;2;190;195;194m▀[0m[38;2;0;0;0m[48;2;0;0;0m▀[0m[38;2;96;98;99m[48;2;93;99;99m▀[0m[38;2;247;247;247m[48;2;246;246;239m▀[0m[38;2;197;196;196m[48;2;195;195;194m▀[0m[38;2;247;247;247m[48;2;247;247;247m▀[0m[38;2;159;169;166m[48;2;197;210;206m▀[0m[38;2;74;0;0m[48;2;0;0;0m▀[0m[38;2;67;31;27m[48;2;213;38;22m▀[0m[38;2;191;56;40m[48;2;214;110;98m▀[0m[38;2;97;30;26m[48;2;11;31;33m▀[0m[38;2;247;95;73m[48;2;214;73;59m▀[0m[38;2;247;122;98m[48;2;247;126;105m▀[0m[38;2;205;71;59m[48;2;180;49;39m▀[0m[38;2;0;0;0m[48;2;0;0;0m▀[0m[38;2;0;0;0m[48;2;28;65;65m▀[0m[38;2;0;0;0m[48;2;210;218;220m▀[0m[38;2;0;0;0m[48;2;247;247;247m▀[0m[38;2;0;0;0m[48;2;247;247;247m▀[0m[38;2;0;0;0m[48;2;97;101;101m▀[0m[38;2;0;0;0m[48;2;169;171;171m▀[0m[38;2;0;0;0m[48;2;247;247;247m▀[0m[38;2;0;0;0m[48;2;81;78;78m▀[0m[38;2;0;0;0m[48;2;0;56;73m▀[0m[38;2;0;0;0m[48;2;0;0;12m▀[0m[38;2;161;59;40m[48;2;128;26;5m▀[0m[38;2;247;120;93m[48;2;247;117;89m▀[0m[38;2;247;107;86m[48;2;247;112;91m▀[0m[38;2;156;59;47m[48;2;117;55;49m▀[0m[38;2;132;48;37m[48;2;196;121;105m▀[0m[38;2;247;96;75m[48;2;247;73;54m▀[0m[38;2;17;0;0m[48;2;0;0;0m▀[0m[38;2;79;122;126m[48;2;91;117;121m▀[0m[38;2;247;247;247m[48;2;247;247;247m▀[0m[38;2;183;186;182m[48;2;185;188;182m▀[0m[38;2;247;247;247m[48;2;247;247;247m▀[0m[38;2;56;59;56m[48;2;21;19;23m▀[0m[38;2;26;32;33m[48;2;78;87;89m▀[0m[38;2;22;22;23m[48;2;0;3;3m▀[0m[38;2;247;247;247m[48;2;247;247;247m▀[0m[38;2;117;118;115m[48;2;202;199;199m▀[0m[38;2;0;0;0m[48;2;0;0;0m▀[0m[38;2;73;75;75m[48;2;0;0;0m▀[0m[38;2;48;50;50m[48;2;148;147;148m▀[0m[38;2;0;0;0m[48;2;14;17;17m▀[0m[38;2;24;20;24m[48;2;0;0;0m▀[0m[38;2;0;0;0m[48;2;0;0;0m▀[0m[38;2;60;63;63m[48;2;41;43;44m▀[0m[38;2;0;0;0m[48;2;9;11;11m▀[0m[38;2;0;0;0m[48;2;0;0;0m▀[0m[38;2;0;0;0m[48;2;0;0;0m▀[0m[38;2;113;116;115m[48;2;114;117;118m▀[0m[38;2;99;101;103m[48;2;26;28;28m▀[0m[38;2;55;53;60m[48;2;0;0;0m▀[0m[38;2;15;18;19m[48;2;41;44;45m▀[0m[38;2;84;87;88m[48;2;0;0;0m▀[0m[38;2;119;117;120m[48;2;141;144;143m▀[0m[38;2;26;23;29m[48;2;53;50;54m▀[0m
[38;2;93;100;98m[48;2;0;0;0m▀[0m[38;2;203;188;189m[48;2;33;22;19m▀[0m[38;2;153;138;140m[48;2;109;98;100m▀[0m[38;2;163;156;159m[48;2;247;247;247m▀[0m[38;2;11;9;6m[48;2;117;113;112m▀[0m[38;2;247;247;247m[48;2;247;247;247m▀[0m[38;2;129;148;151m[48;2;201;199;207m▀[0m[38;2;0;0;0m[48;2;97;115;118m▀[0m[38;2;0;0;0m[48;2;73;63;63m▀[0m[38;2;0;18;12m[48;2;1;32;29m▀[0m[38;2;0;0;0m[48;2;0;0;0m▀[0m[38;2;0;0;0m[48;2;0;0;0m▀[0m[38;2;0;0;0m[48;2;0;0;0m▀[0m[38;2;0;0;0m[48;2;0;0;0m▀[0m[38;2;0;0;0m[48;2;0;0;0m▀[0m[38;2;0;0;0m[48;2;0;0;0m▀[0m[38;2;96;97;97m[48;2;152;154;155m▀[0m[38;2;247;247;247m[48;2;247;247;247m▀[0m[38;2;129;133;129m[48;2;62;63;60m▀[0m[38;2;6;9;11m[48;2;37;44;44m▀[0m[38;2;47;53;54m[48;2;27;32;32m▀[0m[38;2;219;218;216m[48;2;208;208;206m▀[0m[38;2;210;213;210m[48;2;224;226;223m▀[0m[38;2;247;247;247m[48;2;228;233;225m▀[0m[38;2;211;218;217m[48;2;211;218;216m▀[0m[38;2;0;0;0m[48;2;196;223;224m▀[0m[38;2;132;59;49m[48;2;83;111;113m▀[0m[38;2;247;154;128m[48;2;247;90;62m▀[0m[38;2;32;46;51m[48;2;131;45;35m▀[0m[38;2;156;47;39m[48;2;184;68;55m▀[0m[38;2;247;131;105m[48;2;247;124;97m▀[0m[38;2;194;48;28m[48;2;238;57;34m▀[0m[38;2;20;88;95m[48;2;88;118;123m▀[0m[38;2;132;170;171m[48;2;236;247;247m▀[0m[38;2;247;247;247m[48;2;247;247;247m▀[0m[38;2;247;247;247m[48;2;247;247;247m▀[0m[38;2;245;247;247m[48;2;232;247;247m▀[0m[38;2;247;247;247m[48;2;247;247;247m▀[0m[38;2;247;247;247m[48;2;187;201;201m▀[0m[38;2;247;247;247m[48;2;241;247;247m▀[0m[38;2;247;247;247m[48;2;247;247;247m▀[0m[38;2;218;247;247m[48;2;247;247;247m▀[0m[38;2;55;134;151m[48;2;81;131;135m▀[0m[38;2;132;17;0m[48;2;174;27;7m▀[0m[38;2;247;116;88m[48;2;247;114;86m▀[0m[38;2;247;111;90m[48;2;247;103;82m▀[0m[38;2;65;32;27m[48;2;15;0;3m▀[0m[38;2;143;88;76m[48;2;247;100;88m▀[0m[38;2;127;52;40m[48;2;44;18;18m▀[0m[38;2;0;0;0m[48;2;54;88;87m▀[0m[38;2;103;116;113m[48;2;110;116;113m▀[0m[38;2;247;247;247m[48;2;247;247;247m▀[0m[38;2;196;198;196m[48;2;212;214;212m▀[0m[38;2;247;247;247m[48;2;235;237;235m▀[0m[38;2;0;0;0m[48;2;42;44;42m▀[0m[38;2;98;106;106m[48;2;160;168;166m▀[0m[38;2;0;0;0m[48;2;0;2;2m▀[0m[38;2;217;223;223m[48;2;116;120;124m▀[0m[38;2;247;247;247m[48;2;247;247;247m▀[0m[38;2;0;0;0m[48;2;50;52;50m▀[0m[38;2;0;0;0m[48;2;0;0;0m▀[0m[38;2;1;0;1m[48;2;0;0;0m▀[0m[38;2;172;174;174m[48;2;73;75;75m▀[0m[38;2;0;0;0m[48;2;119;123;123m▀[0m[38;2;0;0;0m[48;2;0;0;0m▀[0m[38;2;2;4;5m[48;2;0;0;0m▀[0m[38;2;8;10;10m[48;2;0;0;0m▀[0m[38;2;0;0;0m[48;2;0;0;0m▀[0m[38;2;0;0;0m[48;2;0;0;0m▀[0m[38;2;0;0;0m[48;2;0;0;0m▀[0m[38;2;0;0;0m[48;2;0;0;0m▀[0m[38;2;0;0;0m[48;2;0;0;0m▀[0m[38;2;1;1;1m[48;2;0;0;0m▀[0m[38;2;0;0;0m[48;2;0;0;0m▀[0m[38;2;81;83;83m[48;2;50;52;52m▀[0m[38;2;94;94;97m[48;2;41;44;46m▀[0m
[38;2;0;24;27m[48;2;31;29;35m▀[0m[38;2;17;93;103m[48;2;19;104;117m▀[0m[38;2;94;190;204m[48;2;51;168;189m▀[0m[38;2;247;247;247m[48;2;194;194;195m▀[0m[38;2;185;176;174m[48;2;83;71;65m▀[0m[38;2;247;247;247m[48;2;247;247;247m▀[0m[38;2;247;247;247m[48;2;207;210;212m▀[0m[38;2;202;194;194m[48;2;97;100;100m▀[0m[38;2;247;247;247m[48;2;132;131;129m▀[0m[38;2;247;247;247m[48;2;247;247;247m▀[0m[38;2;231;225;227m[48;2;247;247;247m▀[0m[38;2;0;0;0m[48;2;72;74;74m▀[0m[38;2;0;0;0m[48;2;0;0;0m▀[0m[38;2;0;0;0m[48;2;0;0;0m▀[0m[38;2;0;0;0m[48;2;0;0;0m▀[0m[38;2;0;0;0m[48;2;30;32;32m▀[0m[38;2;247;247;247m[48;2;247;247;247m▀[0m[38;2;247;247;247m[48;2;191;197;195m▀[0m[38;2;48;51;51m[48;2;6;17;17m▀[0m[38;2;123;135;136m[48;2;61;55;52m▀[0m[38;2;96;99;98m[48;2;130;134;135m▀[0m[38;2;195;195;194m[48;2;135;138;137m▀[0m[38;2;209;209;203m[48;2;209;208;202m▀[0m[38;2;219;223;219m[48;2;224;223;221m▀[0m[38;2;247;247;247m[48;2;247;247;247m▀[0m[38;2;0;0;0m[48;2;64;69;69m▀[0m[38;2;0;0;0m[48;2;0;0;0m▀[0m[38;2;81;29;22m[48;2;0;0;0m▀[0m[38;2;174;71;58m[48;2;0;0;0m▀[0m[38;2;148;52;43m[48;2;118;48;37m▀[0m[38;2;247;121;94m[48;2;247;127;98m▀[0m[38;2;247;93;66m[48;2;247;113;87m▀[0m[38;2;66;36;35m[48;2;109;28;26m▀[0m[38;2;189;247;247m[48;2;98;62;49m▀[0m[38;2;247;97;63m[48;2;247;0;0m▀[0m[38;2;247;39;8m[48;2;247;0;0m▀[0m[38;2;218;216;210m[48;2;200;129;121m▀[0m[38;2;247;247;247m[48;2;247;247;247m▀[0m[38;2;247;247;247m[48;2;215;241;242m▀[0m[38;2;220;247;247m[48;2;241;0;0m▀[0m[38;2;230;247;247m[48;2;247;116;96m▀[0m[38;2;247;247;247m[48;2;206;247;247m▀[0m[38;2;92;127;126m[48;2;26;33;36m▀[0m[38;2;220;32;7m[48;2;247;78;52m▀[0m[38;2;247;121;95m[48;2;247;124;97m▀[0m[38;2;223;85;67m[48;2;181;69;58m▀[0m[38;2;60;18;18m[48;2;58;24;21m▀[0m[38;2;247;105;90m[48;2;17;2;1m▀[0m[38;2;0;0;0m[48;2;0;0;0m▀[0m[38;2;0;0;0m[48;2;0;0;0m▀[0m[38;2;108;116;115m[48;2;122;124;122m▀[0m[38;2;247;247;247m[48;2;247;247;247m▀[0m[38;2;238;236;234m[48;2;247;247;247m▀[0m[38;2;212;212;213m[48;2;197;200;197m▀[0m[38;2;76;79;78m[48;2;69;69;67m▀[0m[38;2;157;160;161m[48;2;223;226;226m▀[0m[38;2;0;0;0m[48;2;23;0;0m▀[0m[38;2;49;57;57m[48;2;0;0;0m▀[0m[38;2;247;247;247m[48;2;175;186;188m▀[0m[38;2;186;189;189m[48;2;247;247;247m▀[0m[38;2;0;0;0m[48;2;0;0;0m▀[0m[38;2;0;0;0m[48;2;0;0;0m▀[0m[38;2;0;0;0m[48;2;0;0;0m▀[0m[38;2;136;138;138m[48;2;0;0;0m▀[0m[38;2;33;32;32m[48;2;134;136;138m▀[0m[38;2;0;0;0m[48;2;0;0;0m▀[0m[38;2;97;98;100m[48;2;78;81;86m▀[0m[38;2;36;36;38m[48;2;27;27;27m▀[0m[38;2;0;0;0m[48;2;0;0;0m▀[0m[38;2;0;0;0m[48;2;0;0;0m▀[0m[38;2;6;6;7m[48;2;0;0;0m▀[0m[38;2;11;11;15m[48;2;75;72;80m▀[0m[38;2;0;0;0m[48;2;43;41;45m▀[0m[38;2;0;0;0m[48;2;0;0;0m▀[0m[38;2;0;0;0m[48;2;0;0;0m▀[0m[38;2;0;0;0m[48;2;0;0;0m▀[0m
[38;2;37;46;53m[48;2;40;91;100m▀[0m[38;2;21;80;92m[48;2;22;60;65m▀[0m[38;2;42;169;191m[48;2;117;173;179m▀[0m[38;2;173;193;194m[48;2;193;198;198m▀[0m[38;2;51;40;36m[48;2;210;206;206m▀[0m[38;2;137;136;137m[48;2;247;247;247m▀[0m[38;2;167;169;167m[48;2;247;247;247m▀[0m[38;2;221;221;216m[48;2;247;247;247m▀[0m[38;2;247;247;247m[48;2;230;229;230m▀[0m[38;2;247;247;247m[48;2;129;127;125m▀[0m[38;2;214;217;214m[48;2;44;40;37m▀[0m[38;2;0;0;0m[48;2;0;0;0m▀[0m[38;2;0;0;0m[48;2;0;0;0m▀[0m[38;2;0;0;0m[48;2;0;0;0m▀[0m[38;2;0;0;0m[48;2;0;0;0m▀[0m[38;2;96;97;97m[48;2;108;112;111m▀[0m[38;2;247;247;247m[48;2;226;235;237m▀[0m[38;2;97;107;107m[48;2;240;247;247m▀[0m[38;2;13;0;0m[48;2;56;38;34m▀[0m[38;2;80;23;19m[48;2;233;231;226m▀[0m[38;2;112;123;125m[48;2;6;12;12m▀[0m[38;2;60;60;61m[48;2;37;39;39m▀[0m[38;2;217;217;215m[48;2;211;211;209m▀[0m[38;2;236;230;227m[48;2;247;247;245m▀[0m[38;2;230;233;232m[48;2;214;217;216m▀[0m[38;2;170;171;168m[48;2;152;155;152m▀[0m[38;2;0;0;0m[48;2;0;0;0m▀[0m[38;2;0;0;0m[48;2;0;0;0m▀[0m[38;2;0;0;0m[48;2;23;9;5m▀[0m[38;2;2;4;4m[48;2;13;12;7m▀[0m[38;2;247;132;102m[48;2;74;33;29m▀[0m[38;2;247;132;100m[48;2;247;161;124m▀[0m[38;2;143;35;24m[48;2;220;67;48m▀[0m[38;2;0;51;61m[48;2;0;0;14m▀[0m[38;2;247;113;82m[48;2;229;179;169m▀[0m[38;2;247;0;0m[48;2;247;116;92m▀[0m[38;2;200;0;0m[48;2;182;124;111m▀[0m[38;2;247;247;247m[48;2;193;228;227m▀[0m[38;2;232;106;85m[48;2;247;17;0m▀[0m[38;2;247;0;0m[48;2;247;0;0m▀[0m[38;2;247;0;0m[48;2;247;42;6m▀[0m[38;2;40;57;61m[48;2;0;20;26m▀[0m[38;2;0;0;0m[48;2;64;24;19m▀[0m[38;2;247;115;91m[48;2;247;151;122m▀[0m[38;2;247;138;113m[48;2;247;106;88m▀[0m[38;2;129;53;43m[48;2;5;5;7m▀[0m[38;2;0;0;0m[48;2;0;0;0m▀[0m[38;2;0;0;0m[48;2;0;0;0m▀[0m[38;2;43;53;62m[48;2;0;1;3m▀[0m[38;2;4;11;12m[48;2;4;4;2m▀[0m[38;2;118;122;119m[48;2;124;126;124m▀[0m[38;2;247;247;247m[48;2;247;247;247m▀[0m[38;2;247;247;247m[48;2;247;247;247m▀[0m[38;2;203;203;200m[48;2;138;138;136m▀[0m[38;2;10;10;11m[48;2;28;31;34m▀[0m[38;2;159;164;164m[48;2;0;0;0m▀[0m[38;2;247;247;247m[48;2;146;154;154m▀[0m[38;2;45;0;0m[48;2;184;160;152m▀[0m[38;2;17;0;0m[48;2;156;137;133m▀[0m[38;2;218;228;231m[48;2;247;247;247m▀[0m[38;2;78;80;80m[48;2;182;194;195m▀[0m[38;2;0;0;0m[48;2;108;117;115m▀[0m[38;2;0;0;0m[48;2;0;0;0m▀[0m[38;2;0;0;0m[48;2;0;0;0m▀[0m[38;2;41;43;43m[48;2;0;0;0m▀[0m[38;2;82;85;85m[48;2;77;79;79m▀[0m[38;2;0;0;0m[48;2;30;26;26m▀[0m[38;2;0;0;0m[48;2;0;0;0m▀[0m[38;2;0;0;0m[48;2;0;0;0m▀[0m[38;2;0;0;0m[48;2;0;0;0m▀[0m[38;2;0;0;0m[48;2;0;0;0m▀[0m[38;2;32;32;32m[48;2;0;0;0m▀[0m[38;2;78;78;82m[48;2;12;12;13m▀[0m[38;2;0;0;0m[48;2;52;50;54m▀[0m[38;2;0;0;0m[48;2;6;6;8m▀[0m[38;2;0;0;0m[48;2;0;0;0m▀[0m
[38;2;54;101;110m[48;2;0;0;0m▀[0m[38;2;80;115;123m[48;2;0;0;0m▀[0m[38;2;185;183;177m[48;2;0;0;0m▀[0m[38;2;194;192;189m[48;2;0;0;0m▀[0m[38;2;180;179;179m[48;2;0;0;0m▀[0m[38;2;145;147;147m[48;2;0;0;0m▀[0m[38;2;88;88;88m[48;2;0;0;0m▀[0m[38;2;40;39;39m[48;2;0;0;0m▀[0m[38;2;0;0;0m[48;2;0;0;0m▀[0m[38;2;0;0;0m[48;2;0;3;0m▀[0m[38;2;0;0;0m[48;2;0;22;7m▀[0m[38;2;0;0;0m[48;2;0;0;0m▀[0m[38;2;0;0;0m[48;2;190;181;182m▀[0m[38;2;23;27;27m[48;2;247;247;247m▀[0m[38;2;193;200;200m[48;2;247;247;247m▀[0m[38;2;247;247;247m[48;2;149;129;127m▀[0m[38;2;121;102;102m[48;2;41;0;0m▀[0m[38;2;247;247;247m[48;2;57;10;8m▀[0m[38;2;247;247;247m[48;2;106;119;119m▀[0m[38;2;130;139;139m[48;2;0;0;0m▀[0m[38;2;0;0;0m[48;2;0;0;0m▀[0m[38;2;38;42;41m[48;2;0;12;12m▀[0m[38;2;161;163;162m[48;2;116;120;117m▀[0m[38;2;247;247;247m[48;2;247;247;247m▀[0m[38;2;212;213;210m[48;2;214;215;212m▀[0m[38;2;110;114;114m[48;2;129;129;131m▀[0m[38;2;32;31;33m[48;2;0;0;0m▀[0m[38;2;0;0;0m[48;2;98;101;100m▀[0m[38;2;0;0;0m[48;2;11;20;20m▀[0m[38;2;48;24;20m[48;2;18;3;6m▀[0m[38;2;0;0;0m[48;2;0;0;0m▀[0m[38;2;88;31;32m[48;2;0;0;0m▀[0m[38;2;247;95;81m[48;2;12;5;5m▀[0m[38;2;99;21;23m[48;2;74;0;1m▀[0m[38;2;131;187;193m[48;2;68;95;102m▀[0m[38;2;247;124;99m[48;2;247;219;214m▀[0m[38;2;247;123;102m[48;2;247;0;0m▀[0m[38;2;205;247;247m[48;2;247;64;32m▀[0m[38;2;247;24;0m[48;2;247;0;0m▀[0m[38;2;247;18;0m[48;2;218;0;0m▀[0m[38;2;186;9;0m[48;2;117;45;44m▀[0m[38;2;146;67;69m[48;2;247;111;100m▀[0m[38;2;214;87;69m[48;2;23;8;16m▀[0m[38;2;247;103;83m[48;2;0;0;0m▀[0m[38;2;0;0;0m[48;2;0;0;0m▀[0m[38;2;65;26;22m[48;2;53;19;15m▀[0m[38;2;0;0;0m[48;2;0;0;0m▀[0m[38;2;0;0;0m[48;2;25;24;24m▀[0m[38;2;0;0;0m[48;2;0;0;0m▀[0m[38;2;20;20;17m[48;2;82;86;82m▀[0m[38;2;177;180;176m[48;2;229;232;231m▀[0m[38;2;247;247;247m[48;2;247;247;247m▀[0m[38;2;247;247;247m[48;2;226;225;223m▀[0m[38;2;73;75;73m[48;2;34;37;38m▀[0m[38;2;54;60;61m[48;2;64;69;68m▀[0m[38;2;0;0;0m[48;2;0;0;0m▀[0m[38;2;0;0;0m[48;2;0;0;0m▀[0m[38;2;14;23;27m[48;2;4;0;0m▀[0m[38;2;207;216;218m[48;2;112;88;91m▀[0m[38;2;247;247;247m[48;2;120;134;135m▀[0m[38;2;239;222;221m[48;2;30;0;0m▀[0m[38;2;247;247;247m[48;2;208;185;182m▀[0m[38;2;247;247;247m[48;2;247;247;247m▀[0m[38;2;0;1;2m[48;2;247;247;247m▀[0m[38;2;0;0;0m[48;2;130;130;131m▀[0m[38;2;0;0;0m[48;2;0;0;0m▀[0m[38;2;97;103;104m[48;2;0;60;56m▀[0m[38;2;0;0;0m[48;2;63;54;54m▀[0m[38;2;0;0;0m[48;2;0;0;0m▀[0m[38;2;0;0;0m[48;2;0;0;0m▀[0m[38;2;0;0;0m[48;2;0;0;1m▀[0m[38;2;0;0;0m[48;2;0;0;0m▀[0m[38;2;0;0;0m[48;2;0;0;0m▀[0m[38;2;80;82;87m[48;2;64;62;64m▀[0m[38;2;33;33;34m[48;2;22;22;23m▀[0m[38;2;6;9;8m[48;2;13;15;15m▀[0m
[38;2;0;0;0m[48;2;0;4;2m▀[0m[38;2;0;0;0m[48;2;14;12;15m▀[0m[38;2;0;0;0m[48;2;10;30;30m▀[0m[38;2;0;1;1m[48;2;31;91;86m▀[0m[38;2;0;0;0m[48;2;4;15;19m▀[0m[38;2;2;15;16m[48;2;60;115;127m▀[0m[38;2;0;0;0m[48;2;0;2;0m▀[0m[38;2;0;0;0m[48;2;0;1;0m▀[0m[38;2;7;26;27m[48;2;0;0;0m▀[0m[38;2;0;0;0m[48;2;0;0;0m▀[0m[38;2;0;19;11m[48;2;247;247;247m▀[0m[38;2;247;247;247m[48;2;247;247;247m▀[0m[38;2;247;247;247m[48;2;244;227;226m▀[0m[38;2;247;247;247m[48;2;175;120;120m▀[0m[38;2;155;131;128m[48;2;247;247;247m▀[0m[38;2;0;0;0m[48;2;247;247;247m▀[0m[38;2;119;79;78m[48;2;240;247;247m▀[0m[38;2;127;69;70m[48;2;229;233;232m▀[0m[38;2;0;0;0m[48;2;44;55;53m▀[0m[38;2;0;0;0m[48;2;0;0;0m▀[0m[38;2;51;7;2m[48;2;68;23;19m▀[0m[38;2;87;54;51m[48;2;19;12;11m▀[0m[38;2;70;79;81m[48;2;20;32;32m▀[0m[38;2;247;247;247m[48;2;247;247;245m▀[0m[38;2;226;228;226m[48;2;247;247;247m▀[0m[38;2;130;128;130m[48;2;196;196;196m▀[0m[38;2;0;0;0m[48;2;0;0;0m▀[0m[38;2;0;0;0m[48;2;0;0;0m▀[0m[38;2;0;1;2m[48;2;12;14;14m▀[0m[38;2;0;0;0m[48;2;15;13;16m▀[0m[38;2;0;0;5m[48;2;30;11;14m▀[0m[38;2;0;2;0m[48;2;0;0;0m▀[0m[38;2;181;120;0m[48;2;44;34;2m▀[0m[38;2;5;10;0m[48;2;247;184;0m▀[0m[38;2;0;0;0m[48;2;6;0;0m▀[0m[38;2;198;247;247m[48;2;14;63;123m▀[0m[38;2;197;123;119m[48;2;247;247;247m▀[0m[38;2;187;0;0m[48;2;149;202;223m▀[0m[38;2;220;22;1m[48;2;247;247;247m▀[0m[38;2;142;176;185m[48;2;77;142;194m▀[0m[38;2;164;61;55m[48;2;0;0;0m▀[0m[38;2;50;16;14m[48;2;147;109;0m▀[0m[38;2;0;3;0m[48;2;56;44;0m▀[0m[38;2;0;0;0m[48;2;0;0;0m▀[0m[38;2;34;16;15m[48;2;22;9;9m▀[0m[38;2;0;0;0m[48;2;0;0;0m▀[0m[38;2;0;0;0m[48;2;106;114;112m▀[0m[38;2;14;16;18m[48;2;0;0;0m▀[0m[38;2;0;0;0m[48;2;0;0;0m▀[0m[38;2;156;159;159m[48;2;85;87;87m▀[0m[38;2;212;215;214m[48;2;160;162;159m▀[0m[38;2;247;247;247m[48;2;220;222;220m▀[0m[38;2;156;156;154m[48;2;113;117;120m▀[0m[38;2;14;31;32m[48;2;43;57;59m▀[0m[38;2;151;113;105m[48;2;0;0;0m▀[0m[38;2;0;0;0m[48;2;47;7;7m▀[0m[38;2;0;0;0m[48;2;188;83;82m▀[0m[38;2;72;46;46m[48;2;102;45;44m▀[0m[38;2;220;192;192m[48;2;72;10;11m▀[0m[38;2;247;246;247m[48;2;45;0;0m▀[0m[38;2;227;247;247m[48;2;123;86;80m▀[0m[38;2;204;186;183m[48;2;235;221;219m▀[0m[38;2;233;216;212m[48;2;102;0;0m▀[0m[38;2;247;247;247m[48;2;135;41;34m▀[0m[38;2;247;247;247m[48;2;169;145;139m▀[0m[38;2;214;218;219m[48;2;247;247;247m▀[0m[38;2;0;0;0m[48;2;127;140;138m▀[0m[38;2;12;59;57m[48;2;0;23;18m▀[0m[38;2;0;0;0m[48;2;0;0;0m▀[0m[38;2;0;0;0m[48;2;0;0;0m▀[0m[38;2;0;0;0m[48;2;0;0;0m▀[0m[38;2;0;0;0m[48;2;0;0;0m▀[0m[38;2;0;0;0m[48;2;0;0;0m▀[0m[38;2;1;1;2m[48;2;0;0;0m▀[0m[38;2;32;30;33m[48;2;13;13;14m▀[0m[38;2;13;13;14m[48;2;24;22;28m▀[0m
[38;2;0;9;7m[48;2;0;1;1m▀[0m[38;2;22;19;22m[48;2;35;33;32m▀[0m[38;2;0;0;0m[48;2;15;9;6m▀[0m[38;2;0;0;0m[48;2;0;0;0m▀[0m[38;2;1;3;1m[48;2;0;0;0m▀[0m[38;2;68;125;139m[48;2;77;136;151m▀[0m[38;2;0;0;0m[48;2;0;0;0m▀[0m[38;2;0;32;29m[48;2;0;47;37m▀[0m[38;2;0;0;0m[48;2;82;111;112m▀[0m[38;2;247;247;247m[48;2;235;247;247m▀[0m[38;2;247;247;247m[48;2;27;0;0m▀[0m[38;2;147;68;59m[48;2;148;31;23m▀[0m[38;2;97;0;0m[48;2;138;66;64m▀[0m[38;2;194;144;141m[48;2;247;247;247m▀[0m[38;2;247;247;247m[48;2;107;58;50m▀[0m[38;2;126;93;89m[48;2;23;0;0m▀[0m[38;2;44;0;0m[48;2;131;103;98m▀[0m[38;2;70;15;13m[48;2;158;94;81m▀[0m[38;2;111;52;52m[48;2;154;63;56m▀[0m[38;2;182;84;76m[48;2;195;85;77m▀[0m[38;2;21;4;2m[48;2;229;102;92m▀[0m[38;2;0;0;0m[48;2;27;0;0m▀[0m[38;2;0;0;0m[48;2;0;0;0m▀[0m[38;2;186;190;189m[48;2;118;121;121m▀[0m[38;2;247;247;247m[48;2;247;247;247m▀[0m[38;2;247;247;247m[48;2;247;247;247m▀[0m[38;2;0;0;0m[48;2;55;58;58m▀[0m[38;2;0;0;0m[48;2;0;0;0m▀[0m[38;2;61;63;63m[48;2;0;0;0m▀[0m[38;2;0;5;6m[48;2;0;0;0m▀[0m[38;2;8;4;8m[48;2;0;0;1m▀[0m[38;2;0;0;0m[48;2;0;0;0m▀[0m[38;2;0;0;0m[48;2;0;0;0m▀[0m[38;2;68;47;2m[48;2;17;18;3m▀[0m[38;2;160;95;0m[48;2;136;93;0m▀[0m[38;2;141;89;0m[48;2;109;48;0m▀[0m[38;2;247;247;247m[48;2;127;136;151m▀[0m[38;2;247;247;247m[48;2;247;247;247m▀[0m[38;2;247;247;247m[48;2;177;188;194m▀[0m[38;2;93;46;0m[48;2;109;43;0m▀[0m[38;2;162;89;0m[48;2;141;88;0m▀[0m[38;2;122;72;0m[48;2;0;0;0m▀[0m[38;2;0;0;0m[48;2;0;0;0m▀[0m[38;2;0;0;3m[48;2;8;8;10m▀[0m[38;2;0;0;0m[48;2;0;0;0m▀[0m[38;2;0;0;0m[48;2;0;0;0m▀[0m[38;2;0;0;0m[48;2;0;0;0m▀[0m[38;2;0;0;0m[48;2;59;61;63m▀[0m[38;2;54;54;56m[48;2;39;39;43m▀[0m[38;2;0;0;0m[48;2;0;0;0m▀[0m[38;2;144;147;147m[48;2;235;238;238m▀[0m[38;2;192;194;195m[48;2;209;215;214m▀[0m[38;2;225;233;232m[48;2;247;247;247m▀[0m[38;2;0;0;0m[48;2;105;19;11m▀[0m[38;2;71;4;0m[48;2;247;98;82m▀[0m[38;2;196;88;77m[48;2;0;0;0m▀[0m[38;2;111;50;43m[48;2;122;52;43m▀[0m[38;2;189;84;72m[48;2;218;94;79m▀[0m[38;2;146;64;55m[48;2;178;75;60m▀[0m[38;2;137;76;72m[48;2;156;44;33m▀[0m[38;2;54;0;0m[48;2;131;44;33m▀[0m[38;2;141;141;136m[48;2;67;13;8m▀[0m[38;2;247;239;232m[48;2;152;167;164m▀[0m[38;2;109;11;7m[48;2;126;81;76m▀[0m[38;2;98;0;0m[48;2;124;47;43m▀[0m[38;2;18;10;7m[48;2;75;0;0m▀[0m[38;2;247;247;247m[48;2;134;148;148m▀[0m[38;2;0;31;28m[48;2;78;96;93m▀[0m[38;2;0;0;0m[48;2;0;0;0m▀[0m[38;2;0;14;10m[48;2;25;99;90m▀[0m[38;2;0;0;0m[48;2;0;0;0m▀[0m[38;2;0;0;0m[48;2;0;0;0m▀[0m[38;2;0;0;0m[48;2;0;0;0m▀[0m[38;2;0;0;0m[48;2;0;0;0m▀[0m[38;2;0;0;0m[48;2;0;1;1m▀[0m[38;2;4;4;5m[48;2;0;0;0m▀[0m
[38;2;0;0;0m[48;2;0;27;26m▀[0m[38;2;44;30;32m[48;2;29;16;21m▀[0m[38;2;65;85;81m[48;2;106;121;119m▀[0m[38;2;10;103;87m[48;2;0;29;23m▀[0m[38;2;0;0;0m[48;2;0;0;0m▀[0m[38;2;60;123;134m[48;2;41;99;115m▀[0m[38;2;2;37;35m[48;2;0;28;30m▀[0m[38;2;0;40;32m[48;2;0;0;0m▀[0m[38;2;137;156;155m[48;2;123;130;132m▀[0m[38;2;49;53;53m[48;2;44;32;30m▀[0m[38;2;96;19;13m[48;2;165;66;61m▀[0m[38;2;158;60;54m[48;2;123;52;49m▀[0m[38;2;125;109;112m[48;2;76;62;60m▀[0m[38;2;128;60;58m[48;2;150;68;62m▀[0m[38;2;98;22;13m[48;2;94;32;26m▀[0m[38;2;0;0;0m[48;2;52;46;45m▀[0m[38;2;119;36;28m[48;2;195;140;134m▀[0m[38;2;184;76;64m[48;2;162;64;50m▀[0m[38;2;211;87;72m[48;2;200;82;72m▀[0m[38;2;108;49;42m[48;2;205;97;82m▀[0m[38;2;0;0;0m[48;2;0;0;0m▀[0m[38;2;150;53;45m[48;2;0;0;0m▀[0m[38;2;29;14;12m[48;2;123;29;17m▀[0m[38;2;121;141;143m[48;2;90;82;83m▀[0m[38;2;247;247;247m[48;2;247;247;247m▀[0m[38;2;247;247;247m[48;2;242;245;245m▀[0m[38;2;0;0;0m[48;2;0;0;0m▀[0m[38;2;57;59;59m[48;2;0;0;0m▀[0m[38;2;22;25;25m[48;2;0;11;11m▀[0m[38;2;0;0;0m[48;2;0;0;0m▀[0m[38;2;38;20;17m[48;2;129;62;54m▀[0m[38;2;38;19;19m[48;2;50;22;22m▀[0m[38;2;0;0;0m[48;2;0;0;0m▀[0m[38;2;0;0;0m[48;2;0;0;0m▀[0m[38;2;37;22;0m[48;2;0;0;0m▀[0m[38;2;165;72;0m[48;2;129;68;0m▀[0m[38;2;170;129;51m[48;2;113;73;0m▀[0m[38;2;247;247;247m[48;2;247;247;247m▀[0m[38;2;172;161;142m[48;2;118;116;92m▀[0m[38;2;157;74;0m[48;2;152;75;0m▀[0m[38;2;100;64;0m[48;2;22;13;0m▀[0m[38;2;0;0;0m[48;2;0;0;0m▀[0m[38;2;34;14;27m[48;2;130;69;64m▀[0m[38;2;25;16;14m[48;2;88;45;37m▀[0m[38;2;0;0;0m[48;2;0;0;0m▀[0m[38;2;60;31;25m[48;2;0;0;0m▀[0m[38;2;56;50;50m[48;2;3;3;0m▀[0m[38;2;53;57;57m[48;2;0;0;0m▀[0m[38;2;0;0;0m[48;2;0;0;0m▀[0m[38;2;0;0;0m[48;2;0;0;0m▀[0m[38;2;247;247;247m[48;2;234;240;240m▀[0m[38;2;247;247;247m[48;2;247;247;247m▀[0m[38;2;247;247;247m[48;2;187;200;197m▀[0m[38;2;159;28;16m[48;2;0;0;0m▀[0m[38;2;0;0;0m[48;2;0;0;0m▀[0m[38;2;0;0;0m[48;2;2;0;0m▀[0m[38;2;235;104;89m[48;2;239;105;87m▀[0m[38;2;191;82;71m[48;2;194;85;72m▀[0m[38;2;164;57;48m[48;2;157;49;37m▀[0m[38;2;206;165;160m[48;2;243;231;226m▀[0m[38;2;186;124;117m[48;2;247;247;247m▀[0m[38;2;181;57;54m[48;2;171;54;46m▀[0m[38;2;9;0;0m[48;2;71;31;29m▀[0m[38;2;115;53;45m[48;2;100;46;41m▀[0m[38;2;92;37;32m[48;2;151;64;59m▀[0m[38;2;109;32;24m[48;2;52;7;2m▀[0m[38;2;105;90;90m[48;2;148;117;114m▀[0m[38;2;115;139;135m[48;2;124;144;143m▀[0m[38;2;0;3;0m[48;2;0;4;0m▀[0m[38;2;21;43;42m[48;2;18;26;25m▀[0m[38;2;19;34;33m[48;2;80;140;142m▀[0m[38;2;0;0;0m[48;2;47;81;79m▀[0m[38;2;0;0;0m[48;2;0;0;0m▀[0m[38;2;0;0;0m[48;2;0;0;0m▀[0m[38;2;0;0;0m[48;2;0;0;0m▀[0m[38;2;0;0;1m[48;2;0;0;0m▀[0m
[38;2;0;6;5m[48;2;13;55;51m▀[0m[38;2;1;0;0m[48;2;0;1;0m▀[0m[38;2;131;125;126m[48;2;0;0;0m▀[0m[38;2;3;0;3m[48;2;49;90;96m▀[0m[38;2;0;0;0m[48;2;19;49;52m▀[0m[38;2;0;41;49m[48;2;26;78;85m▀[0m[38;2;247;247;247m[48;2;152;174;176m▀[0m[38;2;157;134;134m[48;2;180;173;170m▀[0m[38;2;40;53;53m[48;2;115;126;126m▀[0m[38;2;45;29;27m[48;2;0;0;0m▀[0m[38;2;179;74;66m[48;2;166;69;63m▀[0m[38;2;102;46;45m[48;2;103;49;48m▀[0m[38;2;55;26;21m[48;2;74;41;36m▀[0m[38;2;176;86;72m[48;2;202;91;78m▀[0m[38;2;67;9;1m[48;2;72;32;27m▀[0m[38;2;154;202;206m[48;2;29;21;19m▀[0m[38;2;247;247;247m[48;2;197;73;64m▀[0m[38;2;165;47;35m[48;2;182;74;64m▀[0m[38;2;200;85;73m[48;2;202;84;71m▀[0m[38;2;247;112;94m[48;2;247;110;91m▀[0m[38;2;17;10;9m[48;2;29;11;11m▀[0m[38;2;0;0;0m[48;2;0;0;0m▀[0m[38;2;0;0;0m[48;2;0;0;0m▀[0m[38;2;34;0;0m[48;2;0;0;0m▀[0m[38;2;247;247;247m[48;2;247;247;247m▀[0m[38;2;140;147;148m[48;2;4;18;18m▀[0m[38;2;59;66;68m[48;2;81;75;70m▀[0m[38;2;0;0;0m[48;2;131;41;34m▀[0m[38;2;0;0;0m[48;2;0;0;0m▀[0m[38;2;129;63;52m[48;2;51;30;26m▀[0m[38;2;215;104;90m[48;2;0;0;0m▀[0m[38;2;0;0;0m[48;2;0;0;0m▀[0m[38;2;16;7;7m[48;2;0;0;0m▀[0m[38;2;103;45;47m[48;2;235;111;109m▀[0m[38;2;0;0;0m[48;2;0;0;8m▀[0m[38;2;120;61;0m[48;2;0;0;0m▀[0m[38;2;151;88;0m[48;2;119;52;0m▀[0m[38;2;247;247;247m[48;2;247;247;247m▀[0m[38;2;175;143;75m[48;2;203;171;83m▀[0m[38;2;184;107;0m[48;2;65;33;0m▀[0m[38;2;0;0;0m[48;2;0;0;0m▀[0m[38;2;42;18;29m[48;2;153;72;72m▀[0m[38;2;57;28;29m[48;2;0;0;0m▀[0m[38;2;212;93;81m[48;2;139;63;56m▀[0m[38;2;0;0;0m[48;2;90;46;43m▀[0m[38;2;0;0;0m[48;2;0;0;0m▀[0m[38;2;0;0;0m[48;2;105;43;37m▀[0m[38;2;0;0;0m[48;2;247;111;95m▀[0m[38;2;0;0;0m[48;2;97;21;15m▀[0m[38;2;0;0;0m[48;2;0;0;0m▀[0m[38;2;247;247;247m[48;2;247;247;247m▀[0m[38;2;219;236;235m[48;2;68;108;108m▀[0m[38;2;15;30;28m[48;2;107;32;22m▀[0m[38;2;0;0;0m[48;2;204;45;34m▀[0m[38;2;0;0;0m[48;2;0;0;0m▀[0m[38;2;0;0;0m[48;2;0;0;0m▀[0m[38;2;222;99;79m[48;2;205;92;74m▀[0m[38;2;201;86;70m[48;2;214;95;78m▀[0m[38;2;168;71;63m[48;2;176;77;65m▀[0m[38;2;166;54;46m[48;2;176;79;68m▀[0m[38;2;129;55;52m[48;2;151;66;56m▀[0m[38;2;161;68;59m[48;2;122;55;47m▀[0m[38;2;99;43;38m[48;2;112;51;45m▀[0m[38;2;95;47;40m[48;2;106;53;43m▀[0m[38;2;196;91;86m[48;2;213;97;92m▀[0m[38;2;33;2;0m[48;2;0;0;0m▀[0m[38;2;98;87;84m[48;2;69;69;69m▀[0m[38;2;106;139;140m[48;2;99;128;128m▀[0m[38;2;0;44;46m[48;2;42;136;140m▀[0m[38;2;36;80;80m[48;2;80;168;169m▀[0m[38;2;35;65;65m[48;2;0;0;0m▀[0m[38;2;31;57;54m[48;2;0;0;0m▀[0m[38;2;0;0;0m[48;2;0;0;0m▀[0m[38;2;0;0;0m[48;2;0;0;0m▀[0m[38;2;0;0;0m[48;2;0;0;0m▀[0m[38;2;0;0;0m[48;2;0;0;0m▀[0m
[38;2;5;33;33m[48;2;0;0;0m▀[0m[38;2;19;22;26m[48;2;26;26;27m▀[0m[38;2;0;0;0m[48;2;0;0;0m▀[0m[38;2;0;0;0m[48;2;0;0;0m▀[0m[38;2;0;0;0m[48;2;0;0;0m▀[0m[38;2;0;0;0m[48;2;0;0;0m▀[0m[38;2;247;247;247m[48;2;218;206;192m▀[0m[38;2;247;247;247m[48;2;43;51;59m▀[0m[38;2;211;208;208m[48;2;58;72;88m▀[0m[38;2;0;0;0m[48;2;48;56;55m▀[0m[38;2;109;45;35m[48;2;0;0;0m▀[0m[38;2;113;63;56m[48;2;116;65;60m▀[0m[38;2;87;46;41m[48;2;98;50;44m▀[0m[38;2;222;97;87m[48;2;226;103;91m▀[0m[38;2;82;45;41m[48;2;120;58;52m▀[0m[38;2;26;2;2m[48;2;53;22;21m▀[0m[38;2;213;89;76m[48;2;217;95;80m▀[0m[38;2;187;78;65m[48;2;189;81;67m▀[0m[38;2;203;87;73m[48;2;218;89;74m▀[0m[38;2;247;111;91m[48;2;196;83;67m▀[0m[38;2;0;0;0m[48;2;0;1;2m▀[0m[38;2;0;0;0m[48;2;226;94;80m▀[0m[38;2;205;68;48m[48;2;247;103;76m▀[0m[38;2;11;7;9m[48;2;157;113;105m▀[0m[38;2;247;247;247m[48;2;98;123;129m▀[0m[38;2;17;26;28m[48;2;47;62;64m▀[0m[38;2;0;0;0m[48;2;39;52;52m▀[0m[38;2;139;38;28m[48;2;14;47;51m▀[0m[38;2;247;127;104m[48;2;0;0;0m▀[0m[38;2;204;75;62m[48;2;186;74;63m▀[0m[38;2;46;15;12m[48;2;247;135;112m▀[0m[38;2;0;0;0m[48;2;247;139;115m▀[0m[38;2;0;0;0m[48;2;247;143;122m▀[0m[38;2;0;0;0m[48;2;189;102;88m▀[0m[38;2;21;11;20m[48;2;0;0;0m▀[0m[38;2;0;0;0m[48;2;0;0;0m▀[0m[38;2;41;21;0m[48;2;62;41;0m▀[0m[38;2;247;247;247m[48;2;247;247;247m▀[0m[38;2;206;171;115m[48;2;224;194;119m▀[0m[38;2;0;0;0m[48;2;0;0;0m▀[0m[38;2;7;0;15m[48;2;0;0;0m▀[0m[38;2;33;13;13m[48;2;52;48;52m▀[0m[38;2;0;0;0m[48;2;247;200;189m▀[0m[38;2;0;0;0m[48;2;247;139;113m▀[0m[38;2;159;62;50m[48;2;247;104;90m▀[0m[38;2;247;124;106m[48;2;97;38;34m▀[0m[38;2;247;125;106m[48;2;0;0;0m▀[0m[38;2;81;29;25m[48;2;0;0;0m▀[0m[38;2;0;0;0m[48;2;0;0;0m▀[0m[38;2;0;0;0m[48;2;9;17;21m▀[0m[38;2;247;247;247m[48;2;247;247;247m▀[0m[38;2;143;173;174m[48;2;104;129;132m▀[0m[38;2;164;5;0m[48;2;214;25;0m▀[0m[38;2;247;203;185m[48;2;247;176;158m▀[0m[38;2;202;142;135m[48;2;247;158;145m▀[0m[38;2;0;0;0m[48;2;165;60;52m▀[0m[38;2;105;49;40m[48;2;76;35;32m▀[0m[38;2;230;101;84m[48;2;211;92;76m▀[0m[38;2;183;78;64m[48;2;196;85;72m▀[0m[38;2;179;81;64m[48;2;188;81;65m▀[0m[38;2;186;74;64m[48;2;212;88;77m▀[0m[38;2;68;64;62m[48;2;29;21;19m▀[0m[38;2;69;47;44m[48;2;9;11;12m▀[0m[38;2;143;63;55m[48;2;203;93;82m▀[0m[38;2;194;91;85m[48;2;106;50;53m▀[0m[38;2;0;0;0m[48;2;0;0;0m▀[0m[38;2;100;97;97m[48;2;146;133;133m▀[0m[38;2;87;116;116m[48;2;86;154;154m▀[0m[38;2;0;21;19m[48;2;63;148;142m▀[0m[38;2;36;70;70m[48;2;41;77;79m▀[0m[38;2;53;107;107m[48;2;70;137;139m▀[0m[38;2;35;64;64m[48;2;90;178;178m▀[0m[38;2;65;122;119m[48;2;54;106;108m▀[0m[38;2;87;147;142m[48;2;62;108;107m▀[0m[38;2;0;0;0m[48;2;20;28;28m▀[0m[38;2;0;0;0m[48;2;0;0;0m▀[0m
[38;2;0;0;0m[48;2;0;0;0m▀[0m[38;2;0;0;0m[48;2;2;33;34m▀[0m[38;2;15;32;32m[48;2;46;143;143m▀[0m[38;2;30;67;62m[48;2;84;184;184m▀[0m[38;2;35;71;74m[48;2;70;148;149m▀[0m[38;2;9;42;42m[48;2;39;80;80m▀[0m[38;2;0;0;0m[48;2;83;161;162m▀[0m[38;2;11;97;102m[48;2;77;169;173m▀[0m[38;2;79;133;135m[48;2;55;135;138m▀[0m[38;2;121;112;110m[48;2;174;161;161m▀[0m[38;2;0;0;0m[48;2;0;0;0m▀[0m[38;2;2;4;4m[48;2;0;0;0m▀[0m[38;2;54;29;28m[48;2;0;0;0m▀[0m[38;2;228;106;94m[48;2;126;64;57m▀[0m[38;2;155;71;65m[48;2;124;64;64m▀[0m[38;2;76;32;29m[48;2;92;42;40m▀[0m[38;2;230;104;85m[48;2;239;112;105m▀[0m[38;2;209;92;72m[48;2;179;87;76m▀[0m[38;2;231;93;78m[48;2;137;68;51m▀[0m[38;2;157;64;55m[48;2;211;84;66m▀[0m[38;2;170;73;62m[48;2;224;78;65m▀[0m[38;2;247;105;85m[48;2;229;72;57m▀[0m[38;2;197;76;60m[48;2;194;78;64m▀[0m[38;2;47;38;32m[48;2;247;97;76m▀[0m[38;2;98;36;29m[48;2;146;37;26m▀[0m[38;2;66;97;102m[48;2;0;33;39m▀[0m[38;2;0;0;0m[48;2;58;65;68m▀[0m[38;2;79;92;93m[48;2;0;0;0m▀[0m[38;2;0;0;0m[48;2;0;0;0m▀[0m[38;2;0;0;0m[48;2;0;0;0m▀[0m[38;2;0;0;0m[48;2;0;0;0m▀[0m[38;2;68;19;15m[48;2;0;0;0m▀[0m[38;2;166;93;79m[48;2;0;0;0m▀[0m[38;2;247;210;178m[48;2;33;7;9m▀[0m[38;2;247;93;77m[48;2;247;159;139m▀[0m[38;2;0;0;0m[48;2;109;13;32m▀[0m[38;2;0;0;0m[48;2;0;0;0m▀[0m[38;2;247;247;247m[48;2;247;247;247m▀[0m[38;2;154;133;69m[48;2;104;97;67m▀[0m[38;2;0;0;0m[48;2;0;0;0m▀[0m[38;2;50;9;14m[48;2;214;75;77m▀[0m[38;2;247;180;160m[48;2;247;98;85m▀[0m[38;2;247;144;130m[48;2;0;0;0m▀[0m[38;2;14;0;0m[48;2;0;0;0m▀[0m[38;2;0;0;0m[48;2;0;0;0m▀[0m[38;2;0;0;0m[48;2;80;37;32m▀[0m[38;2;0;0;0m[48;2;15;6;6m▀[0m[38;2;0;0;0m[48;2;0;0;0m▀[0m[38;2;3;10;13m[48;2;23;32;34m▀[0m[38;2;225;233;235m[48;2;142;164;166m▀[0m[38;2;74;97;99m[48;2;0;0;0m▀[0m[38;2;28;83;89m[48;2;48;3;0m▀[0m[38;2;142;75;67m[48;2;158;61;50m▀[0m[38;2;239;64;42m[48;2;208;73;55m▀[0m[38;2;235;75;57m[48;2;226;78;59m▀[0m[38;2;244;97;74m[48;2;215;82;66m▀[0m[38;2;220;89;75m[48;2;230;86;73m▀[0m[38;2;208;89;73m[48;2;196;84;70m▀[0m[38;2;220;97;81m[48;2;84;44;39m▀[0m[38;2;215;96;80m[48;2;93;49;45m▀[0m[38;2;230;102;85m[48;2;139;74;67m▀[0m[38;2;172;74;64m[48;2;134;63;58m▀[0m[38;2;96;41;39m[48;2;64;29;27m▀[0m[38;2;147;71;68m[48;2;0;0;0m▀[0m[38;2;0;0;0m[48;2;0;0;0m▀[0m[38;2;0;0;0m[48;2;30;22;22m▀[0m[38;2;193;182;182m[48;2;202;213;216m▀[0m[38;2;30;81;81m[48;2;36;105;106m▀[0m[38;2;69;143;142m[48;2;56;104;104m▀[0m[38;2;68;139;136m[48;2;73;146;152m▀[0m[38;2;24;47;47m[48;2;67;139;139m▀[0m[38;2;51;106;106m[48;2;40;80;77m▀[0m[38;2;92;173;176m[48;2;0;0;0m▀[0m[38;2;65;111;114m[48;2;0;0;0m▀[0m[38;2;35;66;66m[48;2;0;0;0m▀[0m[38;2;34;68;66m[48;2;0;1;0m▀[0m
[38;2;213;210;213m[48;2;101;159;158m▀[0m[38;2;200;214;215m[48;2;57;102;107m▀[0m[38;2;171;180;179m[48;2;64;53;49m▀[0m[38;2;10;39;35m[48;2;0;0;0m▀[0m[38;2;3;16;17m[48;2;60;151;153m▀[0m[38;2;45;87;87m[48;2;61;131;134m▀[0m[38;2;43;81;79m[48;2;24;46;46m▀[0m[38;2;23;47;50m[48;2;60;112;114m▀[0m[38;2;0;27;30m[48;2;39;129;130m▀[0m[38;2;179;172;171m[48;2;130;144;144m▀[0m[38;2;14;6;6m[48;2;122;103;103m▀[0m[38;2;0;0;0m[48;2;0;0;0m▀[0m[38;2;0;0;0m[48;2;0;0;0m▀[0m[38;2;43;14;10m[48;2;59;22;18m▀[0m[38;2;0;0;0m[48;2;0;0;0m▀[0m[38;2;0;0;0m[48;2;0;0;0m▀[0m[38;2;18;13;21m[48;2;0;0;0m▀[0m[38;2;22;21;22m[48;2;0;0;0m▀[0m[38;2;111;61;55m[48;2;193;86;73m▀[0m[38;2;212;73;59m[48;2;231;79;64m▀[0m[38;2;232;119;108m[48;2;235;130;122m▀[0m[38;2;235;181;173m[48;2;206;142;134m▀[0m[38;2;225;72;54m[48;2;219;73;53m▀[0m[38;2;247;114;92m[48;2;247;98;76m▀[0m[38;2;154;64;53m[48;2;189;107;97m▀[0m[38;2;0;0;0m[48;2;0;0;1m▀[0m[38;2;17;30;30m[48;2;0;0;0m▀[0m[38;2;0;0;0m[48;2;64;30;26m▀[0m[38;2;0;0;0m[48;2;0;0;0m▀[0m[38;2;0;0;0m[48;2;0;0;0m▀[0m[38;2;214;87;68m[48;2;28;13;9m▀[0m[38;2;139;52;40m[48;2;194;75;60m▀[0m[38;2;0;0;0m[48;2;0;0;0m▀[0m[38;2;0;0;0m[48;2;0;0;0m▀[0m[38;2;0;0;0m[48;2;0;0;0m▀[0m[38;2;0;0;0m[48;2;120;99;4m▀[0m[38;2;143;85;0m[48;2;247;247;0m▀[0m[38;2;247;247;247m[48;2;228;247;247m▀[0m[38;2;247;168;32m[48;2;247;247;131m▀[0m[38;2;72;20;0m[48;2;247;210;0m▀[0m[38;2;0;0;0m[48;2;9;11;0m▀[0m[38;2;0;0;0m[48;2;0;0;0m▀[0m[38;2;0;0;0m[48;2;0;0;0m▀[0m[38;2;0;0;0m[48;2;9;9;7m▀[0m[38;2;191;83;69m[48;2;47;24;21m▀[0m[38;2;138;59;49m[48;2;0;0;0m▀[0m[38;2;0;0;0m[48;2;0;0;0m▀[0m[38;2;0;0;0m[48;2;0;0;0m▀[0m[38;2;13;42;46m[48;2;81;38;34m▀[0m[38;2;26;37;40m[48;2;247;112;94m▀[0m[38;2;0;0;0m[48;2;0;0;0m▀[0m[38;2;135;44;33m[48;2;98;34;28m▀[0m[38;2;247;119;92m[48;2;247;106;91m▀[0m[38;2;233;99;79m[48;2;229;80;64m▀[0m[38;2;234;182;167m[48;2;234;194;180m▀[0m[38;2;216;81;62m[48;2;220;87;73m▀[0m[38;2;237;89;74m[48;2;247;96;75m▀[0m[38;2;196;88;79m[48;2;185;86;75m▀[0m[38;2;0;0;0m[48;2;0;0;0m▀[0m[38;2;0;0;0m[48;2;0;0;0m▀[0m[38;2;0;0;0m[48;2;0;0;0m▀[0m[38;2;24;8;12m[48;2;66;32;26m▀[0m[38;2;2;0;0m[48;2;0;0;0m▀[0m[38;2;0;0;0m[48;2;0;0;0m▀[0m[38;2;0;0;0m[48;2;0;0;0m▀[0m[38;2;147;132;132m[48;2;231;218;216m▀[0m[38;2;139;155;155m[48;2;29;52;52m▀[0m[38;2;26;90;93m[48;2;31;92;92m▀[0m[38;2;45;80;80m[48;2;32;64;64m▀[0m[38;2;50;98;100m[48;2;12;32;32m▀[0m[38;2;61;116;118m[48;2;30;69;69m▀[0m[38;2;68;134;132m[48;2;36;78;78m▀[0m[38;2;32;63;60m[48;2;36;94;94m▀[0m[38;2;0;0;0m[48;2;0;23;22m▀[0m[38;2;0;0;0m[48;2;13;51;49m▀[0m[38;2;0;0;0m[48;2;38;66;67m▀[0m
[38;2;21;64;68m[48;2;108;194;212m▀[0m[38;2;64;131;149m[48;2;55;113;128m▀[0m[38;2;10;43;52m[48;2;0;6;12m▀[0m[38;2;10;35;36m[48;2;35;58;56m▀[0m[38;2;36;83;85m[48;2;217;215;209m▀[0m[38;2;0;18;21m[48;2;93;78;74m▀[0m[38;2;68;137;138m[48;2;13;44;45m▀[0m[38;2;79;161;161m[48;2;37;84;80m▀[0m[38;2;27;82;79m[48;2;35;71;71m▀[0m[38;2;33;69;64m[48;2;18;104;108m▀[0m[38;2;246;227;230m[48;2;209;209;207m▀[0m[38;2;0;0;0m[48;2;122;106;106m▀[0m[38;2;0;0;0m[48;2;0;0;0m▀[0m[38;2;2;0;0m[48;2;0;0;0m▀[0m[38;2;64;24;23m[48;2;79;31;25m▀[0m[38;2;0;0;0m[48;2;41;18;15m▀[0m[38;2;0;0;0m[48;2;0;0;0m▀[0m[38;2;24;15;18m[48;2;50;28;24m▀[0m[38;2;198;88;75m[48;2;111;57;52m▀[0m[38;2;247;106;90m[48;2;238;107;89m▀[0m[38;2;170;62;49m[48;2;95;45;35m▀[0m[38;2;145;50;32m[48;2;160;67;53m▀[0m[38;2;234;92;69m[48;2;247;94;72m▀[0m[38;2;247;93;71m[48;2;247;102;80m▀[0m[38;2;186;121;111m[48;2;141;110;105m▀[0m[38;2;0;0;0m[48;2;114;64;61m▀[0m[38;2;0;0;0m[48;2;0;0;0m▀[0m[38;2;66;33;26m[48;2;71;23;17m▀[0m[38;2;64;31;26m[48;2;247;129;103m▀[0m[38;2;0;0;0m[48;2;7;4;4m▀[0m[38;2;0;0;0m[48;2;24;15;13m▀[0m[38;2;0;0;0m[48;2;0;0;0m▀[0m[38;2;0;0;0m[48;2;0;0;0m▀[0m[38;2;0;0;0m[48;2;0;0;0m▀[0m[38;2;0;0;0m[48;2;0;0;0m▀[0m[38;2;0;0;0m[48;2;59;27;0m▀[0m[38;2;71;35;0m[48;2;247;147;0m▀[0m[38;2;247;247;247m[48;2;245;247;247m▀[0m[38;2;132;115;85m[48;2;247;235;44m▀[0m[38;2;64;32;0m[48;2;146;100;0m▀[0m[38;2;0;0;0m[48;2;0;0;0m▀[0m[38;2;0;0;0m[48;2;0;0;0m▀[0m[38;2;0;0;0m[48;2;0;0;0m▀[0m[38;2;0;0;0m[48;2;19;12;11m▀[0m[38;2;0;0;0m[48;2;0;0;0m▀[0m[38;2;0;0;0m[48;2;0;0;0m▀[0m[38;2;0;0;0m[48;2;93;35;32m▀[0m[38;2;150;64;57m[48;2;247;125;105m▀[0m[38;2;101;38;27m[48;2;81;32;25m▀[0m[38;2;247;160;133m[48;2;247;139;117m▀[0m[38;2;0;0;0m[48;2;66;26;24m▀[0m[38;2;81;31;27m[48;2;64;25;21m▀[0m[38;2;247;112;94m[48;2;247;121;99m▀[0m[38;2;245;85;70m[48;2;247;101;85m▀[0m[38;2;163;67;59m[48;2;140;55;49m▀[0m[38;2;178;76;61m[48;2;148;65;51m▀[0m[38;2;247;104;86m[48;2;181;85;78m▀[0m[38;2;113;58;53m[48;2;32;24;25m▀[0m[38;2;0;1;5m[48;2;0;0;0m▀[0m[38;2;0;0;0m[48;2;0;0;0m▀[0m[38;2;41;18;15m[48;2;97;42;40m▀[0m[38;2;46;18;16m[48;2;0;0;0m▀[0m[38;2;0;0;0m[48;2;0;0;0m▀[0m[38;2;0;0;0m[48;2;0;0;0m▀[0m[38;2;60;47;47m[48;2;238;223;223m▀[0m[38;2;236;238;238m[48;2;103;144;144m▀[0m[38;2;1;57;59m[48;2;55;150;150m▀[0m[38;2;45;100;99m[48;2;37;72;68m▀[0m[38;2;84;167;167m[48;2;49;96;97m▀[0m[38;2;57;121;124m[48;2;74;152;152m▀[0m[38;2;47;105;103m[48;2;47;125;122m▀[0m[38;2;61;149;144m[48;2;7;96;94m▀[0m[38;2;44;85;86m[48;2;51;56;61m▀[0m[38;2;180;176;180m[48;2;193;225;234m▀[0m[38;2;238;225;221m[48;2;26;84;95m▀[0m[38;2;235;235;228m[48;2;91;96;91m▀[0m
[38;2;16;33;36m[48;2;0;4;0m▀[0m[38;2;0;0;0m[48;2;0;42;37m▀[0m[38;2;0;37;34m[48;2;5;45;42m▀[0m[38;2;0;64;55m[48;2;46;89;97m▀[0m[38;2;22;67;63m[48;2;79;154;169m▀[0m[38;2;80;121;129m[48;2;92;188;203m▀[0m[38;2;32;58;62m[48;2;9;15;16m▀[0m[38;2;28;71;67m[48;2;33;80;82m▀[0m[38;2;70;149;155m[48;2;37;94;94m▀[0m[38;2;55;131;140m[48;2;45;99;100m▀[0m[38;2;60;104;107m[48;2;0;64;66m▀[0m[38;2;247;247;247m[48;2;194;194;194m▀[0m[38;2;0;0;0m[48;2;245;236;236m▀[0m[38;2;0;0;0m[48;2;0;0;0m▀[0m[38;2;0;0;0m[48;2;0;0;0m▀[0m[38;2;54;21;18m[48;2;0;0;0m▀[0m[38;2;0;0;0m[48;2;0;0;0m▀[0m[38;2;0;0;0m[48;2;0;0;0m▀[0m[38;2;33;25;23m[48;2;0;0;0m▀[0m[38;2;111;64;59m[48;2;68;46;44m▀[0m[38;2;56;32;28m[48;2;28;25;27m▀[0m[38;2;174;69;61m[48;2;82;47;48m▀[0m[38;2;247;114;88m[48;2;75;30;29m▀[0m[38;2;220;74;59m[48;2;47;27;32m▀[0m[38;2;79;87;90m[48;2;183;183;180m▀[0m[38;2;225;100;88m[48;2;204;79;65m▀[0m[38;2;0;0;0m[48;2;53;19;15m▀[0m[38;2;244;92;73m[48;2;247;112;89m▀[0m[38;2;247;143;115m[48;2;247;110;89m▀[0m[38;2;121;47;37m[48;2;238;91;70m▀[0m[38;2;181;71;65m[48;2;52;32;32m▀[0m[38;2;0;0;0m[48;2;0;0;0m▀[0m[38;2;0;0;0m[48;2;0;0;0m▀[0m[38;2;0;0;0m[48;2;93;36;31m▀[0m[38;2;0;0;0m[48;2;0;0;0m▀[0m[38;2;0;0;0m[48;2;0;0;0m▀[0m[38;2;129;71;0m[48;2;161;97;0m▀[0m[38;2;234;247;247m[48;2;247;247;247m▀[0m[38;2;183;139;25m[48;2;213;150;0m▀[0m[38;2;54;17;0m[48;2;28;4;0m▀[0m[38;2;0;0;0m[48;2;0;0;0m▀[0m[38;2;0;0;0m[48;2;0;0;0m▀[0m[38;2;56;21;21m[48;2;247;120;101m▀[0m[38;2;174;77;65m[48;2;75;30;27m▀[0m[38;2;0;0;0m[48;2;0;0;0m▀[0m[38;2;0;0;0m[48;2;53;30;27m▀[0m[38;2;226;87;73m[48;2;247;110;87m▀[0m[38;2;247;127;106m[48;2;247;113;91m▀[0m[38;2;125;48;39m[48;2;179;68;58m▀[0m[38;2;247;120;96m[48;2;226;86;71m▀[0m[38;2;75;32;29m[48;2;114;46;38m▀[0m[38;2;10;2;3m[48;2;61;26;20m▀[0m[38;2;202;81;69m[48;2;136;61;58m▀[0m[38;2;241;101;84m[48;2;56;45;43m▀[0m[38;2;85;49;41m[48;2;34;28;28m▀[0m[38;2;70;40;37m[48;2;43;32;32m▀[0m[38;2;81;51;54m[48;2;0;0;0m▀[0m[38;2;0;0;0m[48;2;18;4;4m▀[0m[38;2;0;0;0m[48;2;63;32;32m▀[0m[38;2;70;31;26m[48;2;57;20;18m▀[0m[38;2;18;4;3m[48;2;0;0;0m▀[0m[38;2;0;0;0m[48;2;0;0;0m▀[0m[38;2;0;0;0m[48;2;0;0;0m▀[0m[38;2;87;80;80m[48;2;247;247;247m▀[0m[38;2;247;247;247m[48;2;160;154;151m▀[0m[38;2;0;45;44m[48;2;0;47;39m▀[0m[38;2;51;108;103m[48;2;37;80;84m▀[0m[38;2;54;105;98m[48;2;43;84;85m▀[0m[38;2;18;22;19m[48;2;46;97;92m▀[0m[38;2;28;78;75m[48;2;0;7;1m▀[0m[38;2;57;87;86m[48;2;70;118;132m▀[0m[38;2;131;139;138m[48;2;185;192;204m▀[0m[38;2;53;30;30m[48;2;32;67;73m▀[0m[38;2;78;67;64m[48;2;0;0;0m▀[0m[38;2;64;166;180m[48;2;0;0;0m▀[0m[38;2;81;173;183m[48;2;61;146;161m▀[0m
[38;2;8;40;35m[48;2;85;143;156m▀[0m[38;2;49;90;96m[48;2;111;213;225m▀[0m[38;2;122;211;229m[48;2;86;161;168m▀[0m[38;2;107;200;214m[48;2;9;6;9m▀[0m[38;2;57;105;111m[48;2;0;0;0m▀[0m[38;2;11;15;19m[48;2;0;5;1m▀[0m[38;2;0;0;0m[48;2;18;81;75m▀[0m[38;2;82;102;105m[48;2;45;130;129m▀[0m[38;2;89;129;127m[48;2;122;161;163m▀[0m[38;2;24;60;54m[48;2;8;25;27m▀[0m[38;2;17;96;94m[48;2;24;85;85m▀[0m[38;2;71;88;92m[48;2;52;88;91m▀[0m[38;2;247;247;247m[48;2;52;32;32m▀[0m[38;2;43;42;42m[48;2;97;96;93m▀[0m[38;2;0;0;0m[48;2;0;0;0m▀[0m[38;2;0;0;0m[48;2;0;0;0m▀[0m[38;2;0;0;0m[48;2;0;0;0m▀[0m[38;2;160;76;69m[48;2;209;97;87m▀[0m[38;2;65;26;26m[48;2;232;101;90m▀[0m[38;2;0;0;0m[48;2;48;18;14m▀[0m[38;2;30;23;22m[48;2;0;0;0m▀[0m[38;2;8;15;19m[48;2;0;0;0m▀[0m[38;2;0;0;5m[48;2;54;33;35m▀[0m[38;2;121;55;51m[48;2;177;72;63m▀[0m[38;2;127;95;87m[48;2;32;0;0m▀[0m[38;2;204;83;65m[48;2;196;86;67m▀[0m[38;2;133;55;42m[48;2;161;65;54m▀[0m[38;2;247;104;81m[48;2;247;97;78m▀[0m[38;2;240;95;76m[48;2;224;90;73m▀[0m[38;2;247;109;88m[48;2;247;110;89m▀[0m[38;2;95;73;66m[48;2;138;52;41m▀[0m[38;2;0;0;0m[48;2;0;0;0m▀[0m[38;2;0;0;0m[48;2;226;88;73m▀[0m[38;2;191;71;59m[48;2;73;30;25m▀[0m[38;2;115;41;36m[48;2;247;129;105m▀[0m[38;2;0;0;0m[48;2;0;0;0m▀[0m[38;2;134;125;116m[48;2;41;85;91m▀[0m[38;2;247;247;247m[48;2;247;247;247m▀[0m[38;2;214;194;161m[48;2;247;247;247m▀[0m[38;2;21;0;0m[48;2;0;0;0m▀[0m[38;2;0;0;0m[48;2;129;46;39m▀[0m[38;2;10;3;7m[48;2;0;0;4m▀[0m[38;2;210;92;79m[48;2;0;0;0m▀[0m[38;2;0;0;0m[48;2;0;0;0m▀[0m[38;2;52;21;17m[48;2;220;87;73m▀[0m[38;2;179;76;62m[48;2;158;65;52m▀[0m[38;2;247;104;85m[48;2;247;102;81m▀[0m[38;2;247;101;79m[48;2;234;89;73m▀[0m[38;2;235;92;74m[48;2;247;101;81m▀[0m[38;2;124;49;42m[48;2;34;34;32m▀[0m[38;2;114;43;36m[48;2;32;27;26m▀[0m[38;2;174;65;55m[48;2;241;91;73m▀[0m[38;2;207;90;78m[48;2;227;97;84m▀[0m[38;2;30;30;34m[48;2;39;29;27m▀[0m[38;2;12;12;13m[48;2;0;0;0m▀[0m[38;2;0;0;0m[48;2;0;0;0m▀[0m[38;2;0;0;0m[48;2;202;80;72m▀[0m[38;2;235;107;94m[48;2;216;97;87m▀[0m[38;2;140;73;67m[48;2;126;66;62m▀[0m[38;2;65;23;22m[48;2;0;0;0m▀[0m[38;2;0;0;0m[48;2;0;0;0m▀[0m[38;2;0;0;0m[48;2;1;4;8m▀[0m[38;2;131;131;132m[48;2;19;16;16m▀[0m[38;2;236;219;219m[48;2;77;59;59m▀[0m[38;2;96;124;122m[48;2;66;116;115m▀[0m[38;2;36;125;118m[48;2;40;118;112m▀[0m[38;2;66;133;137m[48;2;50;110;112m▀[0m[38;2;60;128;131m[48;2;61;125;129m▀[0m[38;2;72;161;161m[48;2;16;75;75m▀[0m[38;2;12;64;61m[48;2;120;135;131m▀[0m[38;2;0;0;0m[48;2;120;123;116m▀[0m[38;2;61;161;179m[48;2;0;0;0m▀[0m[38;2;52;146;157m[48;2;64;139;153m▀[0m[38;2;9;72;68m[48;2;62;144;155m▀[0m[38;2;0;0;0m[48;2;13;60;58m▀[0m[38;2;0;0;0m[48;2;0;0;0m▀[0m
[38;2;72;136;147m[48;2;0;0;0m▀[0m[38;2;23;41;41m[48;2;0;0;0m▀[0m[38;2;0;0;0m[48;2;26;88;87m▀[0m[38;2;0;9;3m[48;2;40;117;122m▀[0m[38;2;24;97;96m[48;2;28;77;81m▀[0m[38;2;33;124;123m[48;2;0;16;12m▀[0m[38;2;22;83;79m[48;2;0;0;0m▀[0m[38;2;0;21;17m[48;2;37;66;71m▀[0m[38;2;0;0;0m[48;2;97;166;181m▀[0m[38;2;0;6;8m[48;2;45;69;73m▀[0m[38;2;22;54;52m[48;2;25;42;39m▀[0m[38;2;64;124;124m[48;2;55;122;119m▀[0m[38;2;18;2;6m[48;2;55;47;50m▀[0m[38;2;0;0;0m[48;2;23;0;0m▀[0m[38;2;0;0;0m[48;2;0;0;0m▀[0m[38;2;0;0;0m[48;2;0;0;0m▀[0m[38;2;0;0;0m[48;2;0;0;0m▀[0m[38;2;186;90;81m[48;2;139;77;70m▀[0m[38;2;202;98;89m[48;2;230;189;170m▀[0m[38;2;227;95;85m[48;2;180;79;69m▀[0m[38;2;64;29;26m[48;2;218;95;88m▀[0m[38;2;0;0;0m[48;2;0;0;0m▀[0m[38;2;94;43;39m[48;2;126;54;44m▀[0m[38;2;196;83;69m[48;2;198;82;67m▀[0m[38;2;0;0;0m[48;2;71;33;28m▀[0m[38;2;163;72;60m[48;2;115;57;47m▀[0m[38;2;174;70;59m[48;2;189;72;59m▀[0m[38;2;239;92;73m[48;2;235;85;70m▀[0m[38;2;217;83;69m[48;2;214;81;63m▀[0m[38;2;247;101;81m[48;2;243;93;71m▀[0m[38;2;187;71;56m[48;2;215;81;62m▀[0m[38;2;0;0;0m[48;2;0;0;0m▀[0m[38;2;247;131;117m[48;2;194;69;63m▀[0m[38;2;161;64;56m[48;2;221;83;72m▀[0m[38;2;211;75;58m[48;2;113;41;33m▀[0m[38;2;247;88;65m[48;2;247;126;103m▀[0m[38;2;0;0;0m[48;2;81;0;0m▀[0m[38;2;247;247;247m[48;2;53;114;121m▀[0m[38;2;199;238;247m[48;2;58;100;108m▀[0m[38;2;0;0;0m[48;2;164;32;16m▀[0m[38;2;247;113;92m[48;2;247;99;85m▀[0m[38;2;7;0;0m[48;2;180;80;58m▀[0m[38;2;68;35;22m[48;2;73;37;22m▀[0m[38;2;29;11;10m[48;2;108;43;35m▀[0m[38;2;232;90;75m[48;2;188;68;57m▀[0m[38;2;159;63;48m[48;2;176;64;52m▀[0m[38;2;247;97;77m[48;2;240;78;61m▀[0m[38;2;217;72;57m[48;2;217;141;135m▀[0m[38;2;247;94;74m[48;2;233;98;82m▀[0m[38;2;97;49;42m[48;2;184;73;58m▀[0m[38;2;63;30;26m[48;2;115;47;38m▀[0m[38;2;245;96;76m[48;2;230;92;76m▀[0m[38;2;231;95;85m[48;2;223;89;80m▀[0m[38;2;77;43;39m[48;2;99;52;45m▀[0m[38;2;0;0;0m[48;2;29;0;0m▀[0m[38;2;197;74;66m[48;2;234;127;116m▀[0m[38;2;222;120;109m[48;2;247;246;237m▀[0m[38;2;183;87;75m[48;2;169;70;59m▀[0m[38;2;102;53;50m[48;2;78;44;41m▀[0m[38;2;0;0;0m[48;2;0;0;0m▀[0m[38;2;0;0;0m[48;2;11;2;5m▀[0m[38;2;0;0;0m[48;2;91;33;32m▀[0m[38;2;0;0;0m[48;2;0;0;0m▀[0m[38;2;116;108;108m[48;2;108;131;133m▀[0m[38;2;18;49;48m[48;2;24;93;88m▀[0m[38;2;44;104;107m[48;2;20;50;50m▀[0m[38;2;56;118;122m[48;2;59;141;143m▀[0m[38;2;43;97;95m[48;2;14;38;34m▀[0m[38;2;0;0;0m[48;2;0;0;2m▀[0m[38;2;65;79;79m[48;2;98;207;226m▀[0m[38;2;43;98;94m[48;2;32;69;76m▀[0m[38;2;0;53;45m[48;2;6;41;41m▀[0m[38;2;0;0;0m[48;2;1;45;41m▀[0m[38;2;56;103;118m[48;2;0;0;0m▀[0m[38;2;67;128;142m[48;2;43;72;84m▀[0m[38;2;0;0;0m[48;2;93;176;196m▀[0m
[38;2;17;69;69m[48;2;27;99;98m▀[0m[38;2;41;119;120m[48;2;8;32;27m▀[0m[38;2;29;85;86m[48;2;0;0;0m▀[0m[38;2;3;16;13m[48;2;32;57;55m▀[0m[38;2;0;0;0m[48;2;83;159;170m▀[0m[38;2;37;68;68m[48;2;108;210;226m▀[0m[38;2;88;168;182m[48;2;84;155;165m▀[0m[38;2;107;197;213m[48;2;32;41;49m▀[0m[38;2;95;175;192m[48;2;0;0;0m▀[0m[38;2;9;11;13m[48;2;5;20;17m▀[0m[38;2;19;36;35m[48;2;29;68;65m▀[0m[38;2;13;59;55m[48;2;24;81;81m▀[0m[38;2;64;84;85m[48;2;69;122;122m▀[0m[38;2;99;38;35m[48;2;39;17;15m▀[0m[38;2;142;64;54m[48;2;193;82;71m▀[0m[38;2;0;0;0m[48;2;134;72;64m▀[0m[38;2;0;0;0m[48;2;0;0;0m▀[0m[38;2;107;48;45m[48;2;75;32;31m▀[0m[38;2;205;156;145m[48;2;180;120;112m▀[0m[38;2;177;96;87m[48;2;180;120;111m▀[0m[38;2;197;77;70m[48;2;183;69;60m▀[0m[38;2;17;6;11m[48;2;40;22;19m▀[0m[38;2;153;64;53m[48;2;139;57;50m▀[0m[38;2;203;81;64m[48;2;176;74;64m▀[0m[38;2;159;65;58m[48;2;201;86;75m▀[0m[38;2;47;28;24m[48;2;0;0;0m▀[0m[38;2;204;75;58m[48;2;200;76;61m▀[0m[38;2;231;83;68m[48;2;213;58;37m▀[0m[38;2;213;101;89m[48;2;222;161;161m▀[0m[38;2;216;52;31m[48;2;242;211;208m▀[0m[38;2;243;79;60m[48;2;232;71;51m▀[0m[38;2;16;0;0m[48;2;33;0;0m▀[0m[38;2;130;49;41m[48;2;214;78;63m▀[0m[38;2;235;90;75m[48;2;247;107;87m▀[0m[38;2;136;52;43m[48;2;199;78;64m▀[0m[38;2;214;78;61m[48;2;129;50;41m▀[0m[38;2;247;100;78m[48;2;247;125;98m▀[0m[38;2;0;0;0m[48;2;35;9;8m▀[0m[38;2;0;0;0m[48;2;0;0;0m▀[0m[38;2;247;103;80m[48;2;247;125;101m▀[0m[38;2;167;64;50m[48;2;43;17;16m▀[0m[38;2;0;0;0m[48;2;51;5;4m▀[0m[38;2;149;53;44m[48;2;184;101;93m▀[0m[38;2;169;64;51m[48;2;199;156;150m▀[0m[38;2;148;49;37m[48;2;110;3;0m▀[0m[38;2;183;31;11m[48;2;215;162;155m▀[0m[38;2;225;85;68m[48;2;247;247;247m▀[0m[38;2;224;147;136m[48;2;210;131;123m▀[0m[38;2;217;68;52m[48;2;207;51;40m▀[0m[38;2;188;76;65m[48;2;179;75;65m▀[0m[38;2;123;52;43m[48;2;116;45;44m▀[0m[38;2;221;86;77m[48;2;212;83;75m▀[0m[38;2;209;85;77m[48;2;189;79;72m▀[0m[38;2;93;52;42m[48;2;66;44;36m▀[0m[38;2;50;4;4m[48;2;86;29;25m▀[0m[38;2;220;152;141m[48;2;134;97;95m▀[0m[38;2;204;138;128m[48;2;174;96;87m▀[0m[38;2;149;59;54m[48;2;132;58;59m▀[0m[38;2;29;18;18m[48;2;0;0;0m▀[0m[38;2;0;0;0m[48;2;80;42;39m▀[0m[38;2;201;100;94m[48;2;212;100;95m▀[0m[38;2;83;24;20m[48;2;25;0;0m▀[0m[38;2;49;49;50m[48;2;64;70;69m▀[0m[38;2;79;136;133m[48;2;21;64;65m▀[0m[38;2;51;146;141m[48;2;30;74;74m▀[0m[38;2;33;70;67m[48;2;21;51;50m▀[0m[38;2;40;96;97m[48;2;0;0;0m▀[0m[38;2;32;84;82m[48;2;15;34;31m▀[0m[38;2;0;0;0m[48;2;20;36;37m▀[0m[38;2;24;58;63m[48;2;0;0;0m▀[0m[38;2;123;237;247m[48;2;0;0;0m▀[0m[38;2;97;177;194m[48;2;75;147;161m▀[0m[38;2;24;52;56m[48;2;124;240;247m▀[0m[38;2;0;29;21m[48;2;70;133;147m▀[0m[38;2;0;0;0m[48;2;13;48;46m▀[0m[38;2;18;37;41m[48;2;0;0;0m▀[0m
[38;2;0;0;0m[48;2;80;144;155m▀[0m[38;2;32;50;53m[48;2;93;167;186m▀[0m[38;2;85;148;162m[48;2;75;145;160m▀[0m[38;2;105;198;220m[48;2;23;46;48m▀[0m[38;2;76;151;165m[48;2;0;0;0m▀[0m[38;2;33;48;56m[48;2;0;0;0m▀[0m[38;2;0;0;0m[48;2;25;76;68m▀[0m[38;2;0;0;0m[48;2;44;120;114m▀[0m[38;2;34;93;89m[48;2;48;130;124m▀[0m[38;2;50;123;118m[48;2;18;36;36m▀[0m[38;2;21;46;47m[48;2;13;31;28m▀[0m[38;2;44;126;126m[48;2;31;87;84m▀[0m[38;2;41;117;111m[48;2;0;29;23m▀[0m[38;2;69;76;76m[48;2;97;111;107m▀[0m[38;2;91;24;20m[48;2;40;38;36m▀[0m[38;2;210;97;92m[48;2;113;32;31m▀[0m[38;2;64;32;32m[48;2;150;75;68m▀[0m[38;2;48;29;26m[48;2;42;29;25m▀[0m[38;2;153;77;67m[48;2;143;69;63m▀[0m[38;2;156;96;85m[48;2;104;47;40m▀[0m[38;2;180;79;69m[48;2;170;78;68m▀[0m[38;2;80;40;35m[48;2;129;59;54m▀[0m[38;2;96;41;40m[48;2;50;30;27m▀[0m[38;2;156;68;58m[48;2;142;71;63m▀[0m[38;2;214;89;78m[48;2;224;94;86m▀[0m[38;2;24;11;13m[48;2;79;34;32m▀[0m[38;2;186;73;62m[48;2;176;69;60m▀[0m[38;2;203;49;27m[48;2;203;65;46m▀[0m[38;2;220;176;167m[48;2;193;68;49m▀[0m[38;2;247;247;247m[48;2;247;247;247m▀[0m[38;2;247;247;247m[48;2;247;247;247m▀[0m[38;2;78;10;2m[48;2;115;32;18m▀[0m[38;2;177;62;46m[48;2;156;51;38m▀[0m[38;2;244;96;73m[48;2;230;92;69m▀[0m[38;2;241;96;79m[48;2;236;89;74m▀[0m[38;2;122;51;43m[48;2;167;63;58m▀[0m[38;2;247;109;84m[48;2;196;81;67m▀[0m[38;2;97;39;31m[48;2;127;52;46m▀[0m[38;2;2;4;5m[48;2;37;25;18m▀[0m[38;2;247;106;84m[48;2;183;89;71m▀[0m[38;2;84;34;32m[48;2;139;60;49m▀[0m[38;2;212;76;62m[48;2;218;85;69m▀[0m[38;2;118;56;49m[48;2;247;91;73m▀[0m[38;2;187;64;53m[48;2;207;43;25m▀[0m[38;2;122;69;67m[48;2;78;70;71m▀[0m[38;2;247;247;247m[48;2;247;247;247m▀[0m[38;2;247;247;247m[48;2;232;197;191m▀[0m[38;2;200;87;76m[48;2;183;45;31m▀[0m[38;2;204;60;50m[48;2;207;81;65m▀[0m[38;2;171;73;58m[48;2;152;64;54m▀[0m[38;2;100;40;38m[48;2;76;30;28m▀[0m[38;2;220;86;81m[48;2;215;90;79m▀[0m[38;2;170;80;73m[48;2;129;68;61m▀[0m[38;2;36;28;22m[48;2;28;17;17m▀[0m[38;2;116;49;48m[48;2;138;66;62m▀[0m[38;2;112;69;64m[48;2;104;47;40m▀[0m[38;2;170;79;70m[48;2;178;80;74m▀[0m[38;2;103;49;52m[48;2;76;42;40m▀[0m[38;2;0;0;0m[48;2;79;48;43m▀[0m[38;2;177;89;82m[48;2;129;55;48m▀[0m[38;2;107;42;34m[48;2;0;0;0m▀[0m[38;2;15;18;19m[48;2;44;59;59m▀[0m[38;2;44;80;82m[48;2;16;84;84m▀[0m[38;2;24;79;75m[48;2;32;93;92m▀[0m[38;2;30;74;71m[48;2;40;109;105m▀[0m[38;2;24;74;70m[48;2;26;61;61m▀[0m[38;2;3;17;13m[48;2;84;156;167m▀[0m[38;2;26;46;46m[48;2;115;215;230m▀[0m[38;2;64;119;127m[48;2;106;189;206m▀[0m[38;2;79;160;173m[48;2;73;136;148m▀[0m[38;2;38;72;71m[48;2;64;129;137m▀[0m[38;2;0;0;0m[48;2;84;165;166m▀[0m[38;2;18;29;36m[48;2;0;0;0m▀[0m[38;2;98;190;208m[48;2;0;0;0m▀[0m[38;2;92;182;203m[48;2;38;77;84m▀[0m[38;2;53;108;116m[48;2;84;166;185m▀[0m
[38;2;91;177;189m[48;2;0;0;0m▀[0m[38;2;12;31;32m[48;2;9;29;27m▀[0m[38;2;0;0;0m[48;2;58;123;131m▀[0m[38;2;0;0;0m[48;2;95;180;200m▀[0m[38;2;14;33;33m[48;2;114;207;228m▀[0m[38;2;29;80;77m[48;2;110;193;214m▀[0m[38;2;34;85;81m[48;2;55;99;108m▀[0m[38;2;36;86;86m[48;2;24;64;61m▀[0m[38;2;32;73;71m[48;2;21;41;40m▀[0m[38;2;20;45;45m[48;2;32;88;83m▀[0m[38;2;38;104;98m[48;2;35;87;84m▀[0m[38;2;32;97;94m[48;2;31;76;74m▀[0m[38;2;0;8;5m[48;2;6;46;43m▀[0m[38;2;52;83;83m[48;2;26;81;80m▀[0m[38;2;191;194;194m[48;2;184;178;178m▀[0m[38;2;0;0;0m[48;2;147;155;159m▀[0m[38;2;103;42;34m[48;2;0;0;0m▀[0m[38;2;83;49;42m[48;2;33;9;6m▀[0m[38;2;144;70;66m[48;2;158;76;69m▀[0m[38;2;111;52;45m[48;2;131;69;63m▀[0m[38;2;145;60;53m[48;2;127;65;59m▀[0m[38;2;181;80;75m[48;2;198;90;82m▀[0m[38;2;20;9;12m[48;2;48;20;19m▀[0m[38;2;71;42;41m[48;2;0;3;6m▀[0m[38;2;211;94;84m[48;2;164;85;71m▀[0m[38;2;111;50;46m[48;2;114;59;53m▀[0m[38;2;165;68;54m[48;2;152;65;58m▀[0m[38;2;194;73;62m[48;2;191;77;64m▀[0m[38;2;184;39;27m[48;2;181;65;58m▀[0m[38;2;190;105;97m[48;2;178;49;41m▀[0m[38;2;247;236;226m[48;2;210;109;101m▀[0m[38;2;126;38;29m[48;2;145;63;60m▀[0m[38;2;141;50;37m[48;2;129;46;37m▀[0m[38;2;226;87;73m[48;2;217;88;74m▀[0m[38;2;213;80;68m[48;2;203;80;68m▀[0m[38;2;209;81;70m[48;2;218;87;74m▀[0m[38;2;162;66;62m[48;2;161;68;61m▀[0m[38;2;137;61;51m[48;2;134;61;56m▀[0m[38;2;42;32;25m[48;2;30;24;21m▀[0m[38;2;184;84;69m[48;2;199;84;73m▀[0m[38;2;159;68;58m[48;2;158;68;58m▀[0m[38;2;218;82;69m[48;2;213;85;69m▀[0m[38;2;234;81;71m[48;2;210;75;64m▀[0m[38;2;182;64;45m[48;2;172;90;71m▀[0m[38;2;107;142;146m[48;2;125;89;81m▀[0m[38;2;218;136;131m[48;2;203;67;59m▀[0m[38;2;177;27;13m[48;2;178;64;50m▀[0m[38;2;184;63;42m[48;2;172;71;56m▀[0m[38;2;205;77;66m[48;2;204;80;69m▀[0m[38;2;132;61;53m[48;2;118;59;56m▀[0m[38;2;72;39;39m[48;2;75;68;69m▀[0m[38;2;194;82;68m[48;2;135;60;54m▀[0m[38;2;61;34;34m[48;2;0;0;4m▀[0m[38;2;56;26;25m[48;2;126;61;54m▀[0m[38;2;142;67;62m[48;2;112;55;54m▀[0m[38;2;110;52;43m[48;2;135;62;57m▀[0m[38;2;171;80;73m[48;2;171;85;77m▀[0m[38;2;113;58;52m[48;2;49;19;18m▀[0m[38;2;69;24;24m[48;2;0;0;0m▀[0m[38;2;0;0;0m[48;2;201;200;201m▀[0m[38;2;62;64;64m[48;2;160;185;183m▀[0m[38;2;0;32;28m[48;2;0;32;31m▀[0m[38;2;23;73;69m[48;2;16;44;42m▀[0m[38;2;27;67;65m[48;2;31;70;67m▀[0m[38;2;30;94;87m[48;2;26;64;60m▀[0m[38;2;17;57;51m[48;2;30;88;82m▀[0m[38;2;37;70;75m[48;2;6;42;35m▀[0m[38;2;97;176;191m[48;2;6;26;25m▀[0m[38;2;123;224;244m[48;2;54;94;98m▀[0m[38;2;118;229;244m[48;2;55;107;117m▀[0m[38;2;49;126;130m[48;2;71;157;168m▀[0m[38;2;54;109;115m[48;2;50;96;100m▀[0m[38;2;114;227;237m[48;2;47;81;92m▀[0m[38;2;33;63;64m[48;2;95;183;201m▀[0m[38;2;0;0;0m[48;2;70;126;130m▀[0m[38;2;0;0;0m[48;2;0;0;0m▀[0m
[38;2;37;80;92m[48;2;73;129;140m▀[0m[38;2;99;200;220m[48;2;40;68;76m▀[0m[38;2;119;231;247m[48;2;58;98;113m▀[0m[38;2;117;224;247m[48;2;44;73;83m▀[0m[38;2;107;198;221m[48;2;5;14;12m▀[0m[38;2;50;97;105m[48;2;10;58;46m▀[0m[38;2;23;78;67m[48;2;25;81;72m▀[0m[38;2;21;58;50m[48;2;5;18;16m▀[0m[38;2;19;52;52m[48;2;22;78;74m▀[0m[38;2;29;79;73m[48;2;16;45;42m▀[0m[38;2;26;74;72m[48;2;24;74;71m▀[0m[38;2;9;41;39m[48;2;4;33;30m▀[0m[38;2;8;63;63m[48;2;9;75;73m▀[0m[38;2;53;101;100m[48;2;46;95;91m▀[0m[38;2;159;159;160m[48;2;186;192;191m▀[0m[38;2;247;247;247m[48;2;223;217;219m▀[0m[38;2;29;37;39m[48;2;247;247;247m▀[0m[38;2;0;0;0m[48;2;0;0;0m▀[0m[38;2;85;35;32m[48;2;0;0;0m▀[0m[38;2;169;97;93m[48;2;104;50;50m▀[0m[38;2;148;113;109m[48;2;88;41;38m▀[0m[38;2;189;81;72m[48;2;181;84;77m▀[0m[38;2;113;57;51m[48;2;188;92;84m▀[0m[38;2;0;0;0m[48;2;0;0;0m▀[0m[38;2;134;70;64m[48;2;93;47;43m▀[0m[38;2;112;55;50m[48;2;117;62;60m▀[0m[38;2;142;64;55m[48;2;127;57;51m▀[0m[38;2;194;83;71m[48;2;195;84;72m▀[0m[38;2;179;74;61m[48;2;174;71;63m▀[0m[38;2;181;76;64m[48;2;179;72;63m▀[0m[38;2;199;68;59m[48;2;205;82;73m▀[0m[38;2;139;54;47m[48;2;127;53;49m▀[0m[38;2;108;47;40m[48;2;93;37;32m▀[0m[38;2;207;83;70m[48;2;205;84;70m▀[0m[38;2;190;77;63m[48;2;183;76;64m▀[0m[38;2;211;88;72m[48;2;209;87;72m▀[0m[38;2;152;64;55m[48;2;140;62;52m▀[0m[38;2;123;58;50m[48;2;111;54;51m▀[0m[38;2;0;5;8m[48;2;0;0;0m▀[0m[38;2;200;82;72m[48;2;162;73;63m▀[0m[38;2;152;65;56m[48;2;148;64;53m▀[0m[38;2;195;70;64m[48;2;204;79;69m▀[0m[38;2;196;83;69m[48;2;203;83;72m▀[0m[38;2;159;61;53m[48;2;144;64;55m▀[0m[38;2;110;33;27m[48;2;121;56;45m▀[0m[38;2;198;75;64m[48;2;191;82;67m▀[0m[38;2;174;73;64m[48;2;175;70;66m▀[0m[38;2;164;70;60m[48;2;170;73;62m▀[0m[38;2;199;84;76m[48;2;201;88;81m▀[0m[38;2;100;44;44m[48;2;83;41;41m▀[0m[38;2;81;40;36m[48;2;111;57;57m▀[0m[38;2;122;63;62m[48;2;18;10;10m▀[0m[38;2;0;0;0m[48;2;51;32;28m▀[0m[38;2;191;94;88m[48;2;192;105;97m▀[0m[38;2;94;51;49m[48;2;102;53;49m▀[0m[38;2;159;80;74m[48;2;83;43;39m▀[0m[38;2;88;47;45m[48;2;0;0;0m▀[0m[38;2;0;0;0m[48;2;0;0;0m▀[0m[38;2;119;129;128m[48;2;214;218;215m▀[0m[38;2;190;182;180m[48;2;178;174;173m▀[0m[38;2;103;133;132m[48;2;99;126;126m▀[0m[38;2;14;81;77m[48;2;0;71;62m▀[0m[38;2;6;22;19m[48;2;0;0;0m▀[0m[38;2;32;66;65m[48;2;0;18;17m▀[0m[38;2;23;57;53m[48;2;0;52;50m▀[0m[38;2;22;57;55m[48;2;6;46;42m▀[0m[38;2;22;73;69m[48;2;18;62;57m▀[0m[38;2;18;69;63m[48;2;16;63;55m▀[0m[38;2;4;36;28m[48;2;24;75;69m▀[0m[38;2;0;0;0m[48;2;23;76;69m▀[0m[38;2;0;0;0m[48;2;6;24;21m▀[0m[38;2;54;117;131m[48;2;0;2;0m▀[0m[38;2;93;197;220m[48;2;53;97;110m▀[0m[38;2;69;140;159m[48;2;126;238;247m▀[0m[38;2;102;192;209m[48;2;111;192;214m▀[0m[38;2;108;187;199m[48;2;80;145;159m▀[0m
[38;2;89;164;182m[48;2;36;82;86m▀[0m[38;2;60;105;114m[48;2;0;0;0m▀[0m[38;2;0;0;0m[48;2;7;45;34m▀[0m[38;2;0;0;0m[48;2;24;88;80m▀[0m[38;2;9;60;48m[48;2;23;78;69m▀[0m[38;2;28;93;82m[48;2;18;68;63m▀[0m[38;2;10;34;32m[48;2;0;0;0m▀[0m[38;2;18;48;48m[48;2;10;36;33m▀[0m[38;2;24;79;76m[48;2;17;51;49m▀[0m[38;2;22;64;60m[48;2;7;41;37m▀[0m[38;2;22;82;77m[48;2;0;35;31m▀[0m[38;2;13;64;64m[48;2;0;33;31m▀[0m[38;2;8;76;71m[48;2;0;34;28m▀[0m[38;2;48;99;92m[48;2;27;73;67m▀[0m[38;2;165;167;168m[48;2;150;147;151m▀[0m[38;2;247;247;247m[48;2;247;247;247m▀[0m[38;2;247;247;247m[48;2;187;186;186m▀[0m[38;2;63;68;68m[48;2;96;99;99m▀[0m[38;2;0;0;0m[48;2;0;0;0m▀[0m[38;2;0;0;0m[48;2;0;0;0m▀[0m[38;2;42;22;23m[48;2;0;0;0m▀[0m[38;2;52;21;24m[48;2;28;9;9m▀[0m[38;2;168;86;83m[48;2;83;38;33m▀[0m[38;2;56;31;30m[48;2;0;0;0m▀[0m[38;2;0;0;0m[48;2;0;0;0m▀[0m[38;2;124;69;65m[48;2;83;46;46m▀[0m[38;2;82;45;39m[48;2;81;46;42m▀[0m[38;2;175;83;72m[48;2;125;64;58m▀[0m[38;2;177;75;64m[48;2;161;76;66m▀[0m[38;2;177;73;64m[48;2;171;78;70m▀[0m[38;2;205;81;71m[48;2;211;87;77m▀[0m[38;2;127;66;60m[48;2;107;55;55m▀[0m[38;2;117;69;63m[48;2;38;40;38m▀[0m[38;2;205;82;74m[48;2;211;87;79m▀[0m[38;2;183;78;69m[48;2;185;80;77m▀[0m[38;2;219;90;76m[48;2;190;82;73m▀[0m[38;2;115;46;45m[48;2;69;34;29m▀[0m[38;2;86;49;47m[48;2;64;34;37m▀[0m[38;2;0;0;0m[48;2;42;23;22m▀[0m[38;2;97;51;44m[48;2;115;59;55m▀[0m[38;2;143;66;54m[48;2;101;53;46m▀[0m[38;2;202;86;70m[48;2;189;81;70m▀[0m[38;2;194;83;68m[48;2;190;84;76m▀[0m[38;2;121;55;51m[48;2;97;45;43m▀[0m[38;2;128;64;50m[48;2;146;67;55m▀[0m[38;2;182;84;71m[48;2;172;82;72m▀[0m[38;2;170;78;68m[48;2;152;73;66m▀[0m[38;2;173;82;71m[48;2;135;67;65m▀[0m[38;2;168;80;71m[48;2;107;59;56m▀[0m[38;2;64;36;36m[48;2;28;19;19m▀[0m[38;2;41;28;28m[48;2;0;0;0m▀[0m[38;2;0;0;0m[48;2;0;0;0m▀[0m[38;2;42;24;23m[48;2;0;0;0m▀[0m[38;2;122;61;55m[48;2;39;15;12m▀[0m[38;2;22;4;4m[48;2;0;0;0m▀[0m[38;2;0;0;0m[48;2;0;0;0m▀[0m[38;2;0;0;0m[48;2;0;0;0m▀[0m[38;2;52;56;56m[48;2;145;147;145m▀[0m[38;2;165;162;162m[48;2;186;186;186m▀[0m[38;2;247;247;247m[48;2;247;247;247m▀[0m[38;2;105;123;122m[48;2;73;79;76m▀[0m[38;2;125;156;152m[48;2;17;32;29m▀[0m[38;2;144;148;145m[48;2;38;65;61m▀[0m[38;2;119;113;113m[48;2;64;68;62m▀[0m[38;2;76;96;95m[48;2;104;92;92m▀[0m[38;2;27;70;69m[48;2;132;132;133m▀[0m[38;2;0;43;37m[48;2;120;133;133m▀[0m[38;2;9;56;48m[48;2;1;50;44m▀[0m[38;2;12;41;36m[48;2;1;43;36m▀[0m[38;2;19;76;71m[48;2;8;33;30m▀[0m[38;2;17;52;48m[48;2;25;81;73m▀[0m[38;2;14;41;38m[48;2;14;39;35m▀[0m[38;2;0;0;0m[48;2;15;42;38m▀[0m[38;2;26;34;41m[48;2;0;11;3m▀[0m[38;2;10;40;36m[48;2;8;62;48m▀[0m[38;2;0;3;0m[48;2;13;63;50m▀[0m
[38;2;0;29;24m[48;2;2;11;10m▀[0m[38;2;5;32;28m[48;2;11;48;41m▀[0m[38;2;17;74;65m[48;2;11;48;41m▀[0m[38;2;15;61;52m[48;2;12;55;47m▀[0m[38;2;20;75;68m[48;2;12;48;42m▀[0m[38;2;1;17;12m[48;2;0;6;5m▀[0m[38;2;2;32;30m[48;2;0;59;52m▀[0m[38;2;0;52;44m[48;2;49;91;88m▀[0m[38;2;0;28;24m[48;2;167;173;178m▀[0m[38;2;13;38;36m[48;2;67;64;64m▀[0m[38;2;35;56;52m[48;2;0;9;8m▀[0m[38;2;26;61;61m[48;2;0;9;6m▀[0m[38;2;0;6;2m[48;2;13;35;28m▀[0m[38;2;32;62;57m[48;2;112;123;120m▀[0m[38;2;185;180;185m[48;2;221;217;220m▀[0m[38;2;247;247;247m[48;2;247;247;247m▀[0m[38;2;156;153;153m[48;2;192;194;194m▀[0m[38;2;130;134;131m[48;2;247;247;247m▀[0m[38;2;0;0;0m[48;2;78;87;86m▀[0m[38;2;0;0;0m[48;2;30;0;0m▀[0m[38;2;0;0;0m[48;2;53;28;27m▀[0m[38;2;1;0;0m[48;2;0;0;0m▀[0m[38;2;68;30;23m[48;2;0;0;0m▀[0m[38;2;0;0;0m[48;2;0;0;0m▀[0m[38;2;0;0;0m[48;2;0;0;0m▀[0m[38;2;0;0;0m[48;2;0;0;0m▀[0m[38;2;59;33;36m[48;2;0;0;0m▀[0m[38;2;102;53;49m[48;2;36;22;20m▀[0m[38;2;123;64;55m[48;2;146;75;71m▀[0m[38;2;126;64;56m[48;2;114;58;52m▀[0m[38;2;163;77;70m[48;2;109;59;52m▀[0m[38;2;63;34;32m[48;2;50;28;26m▀[0m[38;2;15;24;24m[48;2;68;33;35m▀[0m[38;2;147;70;61m[48;2;68;34;30m▀[0m[38;2;142;70;64m[48;2;107;59;51m▀[0m[38;2;109;54;48m[48;2;120;63;58m▀[0m[38;2;135;75;64m[48;2;139;71;67m▀[0m[38;2;47;27;28m[48;2;0;0;0m▀[0m[38;2;40;23;20m[48;2;0;0;0m▀[0m[38;2;136;71;64m[48;2;155;80;74m▀[0m[38;2;60;33;32m[48;2;70;39;36m▀[0m[38;2;143;73;62m[48;2;123;62;62m▀[0m[38;2;139;73;61m[48;2;96;50;46m▀[0m[38;2;57;32;26m[48;2;52;32;30m▀[0m[38;2;128;64;53m[48;2;108;59;56m▀[0m[38;2;122;63;59m[48;2;99;51;48m▀[0m[38;2;105;55;51m[48;2;117;60;55m▀[0m[38;2;115;61;57m[48;2;140;76;70m▀[0m[38;2;84;47;40m[48;2;25;16;14m▀[0m[38;2;0;0;0m[48;2;0;0;0m▀[0m[38;2;0;0;0m[48;2;0;0;0m▀[0m[38;2;0;0;0m[48;2;0;0;0m▀[0m[38;2;0;0;0m[48;2;0;0;0m▀[0m[38;2;0;0;0m[48;2;0;0;0m▀[0m[38;2;0;0;0m[48;2;0;0;0m▀[0m[38;2;0;0;0m[48;2;9;5;4m▀[0m[38;2;87;87;87m[48;2;180;188;183m▀[0m[38;2;247;247;247m[48;2;143;145;145m▀[0m[38;2;247;247;247m[48;2;247;247;247m▀[0m[38;2;247;247;247m[48;2;247;247;247m▀[0m[38;2;95;110;107m[48;2;157;161;160m▀[0m[38;2;0;34;28m[48;2;11;7;7m▀[0m[38;2;16;73;65m[48;2;198;193;190m▀[0m[38;2;0;0;0m[48;2;247;247;247m▀[0m[38;2;0;0;0m[48;2;0;0;0m▀[0m[38;2;0;0;0m[48;2;0;0;0m▀[0m[38;2;32;60;58m[48;2;119;137;136m▀[0m[38;2;116;125;123m[48;2;247;247;247m▀[0m[38;2;0;41;32m[48;2;0;18;11m▀[0m[38;2;5;28;26m[48;2;0;45;39m▀[0m[38;2;16;50;45m[48;2;5;16;12m▀[0m[38;2;19;70;61m[48;2;15;64;58m▀[0m[38;2;11;29;25m[48;2;15;44;40m▀[0m[38;2;19;76;67m[48;2;7;28;26m▀[0m[38;2;13;62;52m[48;2;9;55;49m▀[0m[38;2;13;58;52m[48;2;10;51;44m▀[0m
[38;2;10;40;36m[48;2;3;42;35m▀[0m[38;2;6;42;32m[48;2;0;48;34m▀[0m[38;2;5;34;27m[48;2;0;43;35m▀[0m[38;2;9;41;36m[48;2;0;8;2m▀[0m[38;2;0;5;3m[48;2;0;0;0m▀[0m[38;2;1;41;37m[48;2;0;8;4m▀[0m[38;2;0;14;8m[48;2;0;0;0m▀[0m[38;2;118;131;129m[48;2;0;0;0m▀[0m[38;2;247;236;239m[48;2;164;175;173m▀[0m[38;2;129;130;128m[48;2;247;247;247m▀[0m[38;2;148;163;160m[48;2;247;247;247m▀[0m[38;2;202;205;204m[48;2;215;211;211m▀[0m[38;2;128;125;128m[48;2;0;0;0m▀[0m[38;2;124;120;123m[48;2;0;0;0m▀[0m[38;2;221;219;222m[48;2;247;247;247m▀[0m[38;2;247;247;247m[48;2;247;247;247m▀[0m[38;2;193;194;194m[48;2;109;110;107m▀[0m[38;2;184;188;185m[48;2;0;0;0m▀[0m[38;2;150;161;159m[48;2;93;97;97m▀[0m[38;2;16;8;5m[48;2;6;25;24m▀[0m[38;2;166;79;72m[48;2;95;37;31m▀[0m[38;2;29;14;13m[48;2;187;97;90m▀[0m[38;2;0;0;0m[48;2;60;31;30m▀[0m[38;2;0;0;0m[48;2;0;0;0m▀[0m[38;2;0;0;0m[48;2;0;0;0m▀[0m[38;2;0;0;0m[48;2;0;0;0m▀[0m[38;2;0;0;0m[48;2;0;0;0m▀[0m[38;2;0;0;0m[48;2;0;0;0m▀[0m[38;2;78;43;40m[48;2;0;0;0m▀[0m[38;2;168;88;80m[48;2;29;15;14m▀[0m[38;2;109;60;52m[48;2;41;22;19m▀[0m[38;2;74;39;36m[48;2;115;61;57m▀[0m[38;2;136;68;64m[48;2;153;81;78m▀[0m[38;2;69;38;35m[48;2;96;52;47m▀[0m[38;2;145;73;69m[48;2;70;39;39m▀[0m[38;2;146;74;70m[48;2;12;5;8m▀[0m[38;2;26;15;15m[48;2;0;0;0m▀[0m[38;2;0;0;0m[48;2;0;0;0m▀[0m[38;2;0;0;0m[48;2;0;0;0m▀[0m[38;2;42;23;22m[48;2;0;0;0m▀[0m[38;2;109;62;57m[48;2;18;12;11m▀[0m[38;2;114;60;59m[48;2;32;16;17m▀[0m[38;2;83;44;43m[48;2;67;36;33m▀[0m[38;2;106;58;54m[48;2;135;75;67m▀[0m[38;2;138;72;68m[48;2;115;63;62m▀[0m[38;2;142;75;73m[48;2;62;33;32m▀[0m[38;2;132;70;68m[48;2;0;0;0m▀[0m[38;2;29;18;16m[48;2;0;0;0m▀[0m[38;2;0;0;0m[48;2;0;0;0m▀[0m[38;2;0;0;0m[48;2;0;0;0m▀[0m[38;2;0;0;0m[48;2;0;0;0m▀[0m[38;2;0;0;0m[48;2;0;0;0m▀[0m[38;2;0;0;0m[48;2;114;62;57m▀[0m[38;2;61;30;27m[48;2;194;99;92m▀[0m[38;2;147;64;57m[48;2;83;27;23m▀[0m[38;2;0;0;0m[48;2;0;0;0m▀[0m[38;2;127;137;137m[48;2;226;232;236m▀[0m[38;2;180;180;180m[48;2;225;226;225m▀[0m[38;2;227;227;228m[48;2;209;211;211m▀[0m[38;2;247;247;247m[48;2;238;237;238m▀[0m[38;2;158;160;161m[48;2;188;192;191m▀[0m[38;2;61;61;62m[48;2;247;247;247m▀[0m[38;2;206;206;204m[48;2;247;247;247m▀[0m[38;2;225;219;219m[48;2;247;247;247m▀[0m[38;2;24;37;35m[48;2;241;237;239m▀[0m[38;2;89;91;89m[48;2;247;247;247m▀[0m[38;2;241;227;226m[48;2;166;159;160m▀[0m[38;2;91;103;100m[48;2;0;0;0m▀[0m[38;2;0;0;0m[48;2;17;60;52m▀[0m[38;2;0;41;35m[48;2;0;24;17m▀[0m[38;2;0;24;17m[48;2;0;0;0m▀[0m[38;2;8;22;19m[48;2;0;0;0m▀[0m[38;2;14;56;51m[48;2;0;15;4m▀[0m[38;2;1;17;12m[48;2;0;47;34m▀[0m[38;2;0;0;0m[48;2;0;10;7m▀[0m[38;2;0;6;3m[48;2;1;42;37m▀[0m
[38;2;0;29;18m[48;2;0;0;0m▀[0m[38;2;0;10;0m[48;2;0;14;9m▀[0m[38;2;0;17;15m[48;2;247;230;233m▀[0m[38;2;58;64;64m[48;2;0;0;0m▀[0m[38;2;77;83;83m[48;2;0;0;0m▀[0m[38;2;101;105;104m[48;2;0;0;0m▀[0m[38;2;167;167;165m[48;2;247;247;247m▀[0m[38;2;247;247;247m[48;2;247;247;247m▀[0m[38;2;247;247;247m[48;2;184;183;183m▀[0m[38;2;0;0;0m[48;2;122;120;123m▀[0m[38;2;0;0;0m[48;2;18;17;17m▀[0m[38;2;124;127;126m[48;2;80;80;80m▀[0m[38;2;195;195;195m[48;2;204;203;203m▀[0m[38;2;190;189;189m[48;2;247;247;247m▀[0m[38;2;247;247;247m[48;2;218;220;220m▀[0m[38;2;238;237;237m[48;2;203;206;206m▀[0m[38;2;33;32;32m[48;2;0;0;0m▀[0m[38;2;0;0;0m[48;2;0;0;0m▀[0m[38;2;132;136;136m[48;2;0;0;0m▀[0m[38;2;110;129;129m[48;2;118;131;132m▀[0m[38;2;9;0;0m[48;2;0;0;0m▀[0m[38;2;175;87;84m[48;2;142;67;57m▀[0m[38;2;164;81;81m[48;2;132;62;57m▀[0m[38;2;120;67;61m[48;2;129;55;52m▀[0m[38;2;35;17;16m[48;2;174;86;81m▀[0m[38;2;0;0;0m[48;2;58;27;27m▀[0m[38;2;40;21;20m[48;2;0;0;0m▀[0m[38;2;108;58;52m[48;2;224;106;98m▀[0m[38;2;0;0;0m[48;2;99;52;45m▀[0m[38;2;0;0;0m[48;2;0;0;0m▀[0m[38;2;0;0;0m[48;2;0;0;0m▀[0m[38;2;0;0;0m[48;2;15;11;11m▀[0m[38;2;0;0;0m[48;2;0;0;0m▀[0m[38;2;0;0;0m[48;2;0;0;0m▀[0m[38;2;0;0;0m[48;2;0;0;0m▀[0m[38;2;0;0;0m[48;2;0;0;0m▀[0m[38;2;0;0;0m[48;2;28;19;16m▀[0m[38;2;0;0;0m[48;2;44;26;25m▀[0m[38;2;0;0;0m[48;2;27;13;13m▀[0m[38;2;0;0;0m[48;2;5;4;4m▀[0m[38;2;0;0;0m[48;2;0;0;0m▀[0m[38;2;0;0;0m[48;2;0;0;0m▀[0m[38;2;0;0;0m[48;2;0;0;0m▀[0m[38;2;0;0;0m[48;2;0;3;4m▀[0m[38;2;0;0;0m[48;2;0;4;4m▀[0m[38;2;0;0;0m[48;2;0;0;0m▀[0m[38;2;0;0;0m[48;2;0;0;0m▀[0m[38;2;0;0;0m[48;2;145;76;73m▀[0m[38;2;58;29;30m[48;2;130;68;68m▀[0m[38;2;0;0;0m[48;2;13;6;3m▀[0m[38;2;35;19;15m[48;2;156;73;65m▀[0m[38;2;158;77;72m[48;2;139;70;66m▀[0m[38;2;154;75;64m[48;2;161;101;97m▀[0m[38;2;168;86;79m[48;2;137;62;56m▀[0m[38;2;0;0;0m[48;2;0;0;0m▀[0m[38;2;73;99;103m[48;2;94;110;112m▀[0m[38;2;96;102;102m[48;2;0;0;0m▀[0m[38;2;60;63;63m[48;2;7;7;7m▀[0m[38;2;240;241;238m[48;2;219;218;219m▀[0m[38;2;247;247;247m[48;2;245;244;245m▀[0m[38;2;185;187;185m[48;2;226;228;229m▀[0m[38;2;47;49;47m[48;2;138;140;138m▀[0m[38;2;70;70;70m[48;2;77;77;77m▀[0m[38;2;0;0;0m[48;2;135;135;135m▀[0m[38;2;200;200;198m[48;2;247;247;247m▀[0m[38;2;247;247;247m[48;2;226;226;226m▀[0m[38;2;247;247;247m[48;2;247;247;247m▀[0m[38;2;191;183;181m[48;2;0;0;0m▀[0m[38;2;52;38;40m[48;2;0;0;0m▀[0m[38;2;195;189;189m[48;2;0;0;0m▀[0m[38;2;221;220;221m[48;2;247;247;247m▀[0m[38;2;130;139;139m[48;2;247;247;247m▀[0m[38;2;0;27;20m[48;2;186;171;174m▀[0m[38;2;0;1;0m[48;2;31;48;43m▀[0m[38;2;0;32;17m[48;2;0;0;0m▀[0m[38;2;0;3;3m[48;2;0;0;0m▀[0m
[38;2;126;120;117m[48;2;247;247;245m▀[0m[38;2;129;129;127m[48;2;247;247;247m▀[0m[38;2;218;212;214m[48;2;247;247;247m▀[0m[38;2;103;103;103m[48;2;247;247;247m▀[0m[38;2;97;96;97m[48;2;247;247;247m▀[0m[38;2;43;43;45m[48;2;208;212;209m▀[0m[38;2;194;194;194m[48;2;117;120;121m▀[0m[38;2;247;247;247m[48;2;25;29;28m▀[0m[38;2;247;247;247m[48;2;204;204;202m▀[0m[38;2;247;247;247m[48;2;247;247;247m▀[0m[38;2;247;247;247m[48;2;247;247;247m▀[0m[38;2;247;247;247m[48;2;230;233;230m▀[0m[38;2;247;247;247m[48;2;224;226;226m▀[0m[38;2;242;241;241m[48;2;234;236;238m▀[0m[38;2;196;195;195m[48;2;247;247;247m▀[0m[38;2;192;194;194m[48;2;156;159;156m▀[0m[38;2;0;0;0m[48;2;0;0;0m▀[0m[38;2;0;0;0m[48;2;0;0;0m▀[0m[38;2;0;0;0m[48;2;0;0;0m▀[0m[38;2;117;123;122m[48;2;122;125;124m▀[0m[38;2;0;0;0m[48;2;12;31;32m▀[0m[38;2;61;5;3m[48;2;0;0;0m▀[0m[38;2;228;191;183m[48;2;163;91;89m▀[0m[38;2;247;247;247m[48;2;206;178;176m▀[0m[38;2;108;32;27m[48;2;161;117;114m▀[0m[38;2;157;80;77m[48;2;137;61;55m▀[0m[38;2;0;0;0m[48;2;56;31;31m▀[0m[38;2;88;41;41m[48;2;53;28;28m▀[0m[38;2;185;97;86m[48;2;165;84;75m▀[0m[38;2;0;0;0m[48;2;52;30;30m▀[0m[38;2;0;0;0m[48;2;0;0;0m▀[0m[38;2;38;23;23m[48;2;0;0;1m▀[0m[38;2;0;0;0m[48;2;43;23;23m▀[0m[38;2;0;0;0m[48;2;5;4;4m▀[0m[38;2;0;0;1m[48;2;0;0;0m▀[0m[38;2;0;0;1m[48;2;0;0;0m▀[0m[38;2;26;13;15m[48;2;0;0;0m▀[0m[38;2;11;9;7m[48;2;0;0;0m▀[0m[38;2;0;2;1m[48;2;0;0;0m▀[0m[38;2;2;2;2m[48;2;0;0;0m▀[0m[38;2;0;0;0m[48;2;0;1;1m▀[0m[38;2;0;0;0m[48;2;10;4;6m▀[0m[38;2;0;0;0m[48;2;31;16;20m▀[0m[38;2;38;26;25m[48;2;1;0;1m▀[0m[38;2;0;0;0m[48;2;0;0;0m▀[0m[38;2;0;0;0m[48;2;62;32;29m▀[0m[38;2;89;46;44m[48;2;130;70;62m▀[0m[38;2;181;95;93m[48;2;141;75;73m▀[0m[38;2;36;22;21m[48;2;51;29;27m▀[0m[38;2;68;33;30m[48;2;84;40;36m▀[0m[38;2;132;56;46m[48;2;206;175;168m▀[0m[38;2;247;239;235m[48;2;191;133;132m▀[0m[38;2;233;181;173m[48;2;137;50;43m▀[0m[38;2;54;0;0m[48;2;0;0;0m▀[0m[38;2;0;0;0m[48;2;48;60;64m▀[0m[38;2;163;169;166m[48;2;132;139;137m▀[0m[38;2;0;0;0m[48;2;0;0;0m▀[0m[38;2;0;0;0m[48;2;0;0;0m▀[0m[38;2;185;187;188m[48;2;159;161;159m▀[0m[38;2;187;191;190m[48;2;247;247;247m▀[0m[38;2;247;247;247m[48;2;231;234;234m▀[0m[38;2;247;247;247m[48;2;247;247;247m▀[0m[38;2;246;246;246m[48;2;247;247;247m▀[0m[38;2;230;230;228m[48;2;247;247;247m▀[0m[38;2;196;198;198m[48;2;247;247;247m▀[0m[38;2;225;224;224m[48;2;178;180;181m▀[0m[38;2;106;110;109m[48;2;137;137;137m▀[0m[38;2;14;38;31m[48;2;217;210;209m▀[0m[38;2;45;59;59m[48;2;197;192;194m▀[0m[38;2;140;140;140m[48;2;132;134;132m▀[0m[38;2;199;196;199m[48;2;240;242;240m▀[0m[38;2;88;87;87m[48;2;247;247;247m▀[0m[38;2;144;138;138m[48;2;246;244;241m▀[0m[38;2;205;199;198m[48;2;200;198;195m▀[0m[38;2;144;140;139m[48;2;208;197;195m▀[0m[38;2;154;158;157m[48;2;189;180;180m▀[0m
[38;2;96;103;112m[48;2;166;179;191m▀[0m[38;2;137;144;152m[48;2;163;174;189m▀[0m[38;2;212;219;227m[48;2;170;186;200m▀[0m[38;2;175;182;194m[48;2;66;78;84m▀[0m[38;2;105;111;112m[48;2;123;131;137m▀[0m[38;2;214;214;211m[48;2;130;137;136m▀[0m[38;2;146;169;185m[48;2;247;247;247m▀[0m[38;2;97;120;139m[48;2;231;234;231m▀[0m[38;2;54;67;72m[48;2;247;247;247m▀[0m[38;2;229;229;225m[48;2;247;247;247m▀[0m[38;2;188;185;185m[48;2;0;3;6m▀[0m[38;2;204;206;204m[48;2;0;0;0m▀[0m[38;2;194;198;198m[48;2;0;0;0m▀[0m[38;2;224;223;223m[48;2;0;0;0m▀[0m[38;2;149;151;149m[48;2;97;100;95m▀[0m[38;2;77;84;80m[48;2;98;100;101m▀[0m[38;2;0;0;0m[48;2;0;0;0m▀[0m[38;2;0;0;0m[48;2;0;0;0m▀[0m[38;2;29;3;3m[48;2;46;22;26m▀[0m[38;2;91;84;81m[48;2;59;35;35m▀[0m[38;2;122;129;128m[48;2;161;167;167m▀[0m[38;2;0;0;0m[48;2;0;0;0m▀[0m[38;2;42;11;10m[48;2;0;0;0m▀[0m[38;2;151;64;62m[48;2;47;24;22m▀[0m[38;2;145;89;84m[48;2;153;78;75m▀[0m[38;2;138;67;66m[48;2;146;75;71m▀[0m[38;2;50;24;24m[48;2;53;27;25m▀[0m[38;2;112;53;50m[48;2;98;50;46m▀[0m[38;2;169;84;76m[48;2;163;83;76m▀[0m[38;2;98;50;48m[48;2;145;75;69m▀[0m[38;2;0;0;0m[48;2;0;0;0m▀[0m[38;2;0;0;0m[48;2;26;15;13m▀[0m[38;2;0;0;0m[48;2;20;13;8m▀[0m[38;2;27;13;15m[48;2;0;0;0m▀[0m[38;2;24;13;11m[48;2;0;0;0m▀[0m[38;2;5;2;2m[48;2;0;0;0m▀[0m[38;2;0;0;0m[48;2;0;0;0m▀[0m[38;2;0;0;0m[48;2;0;0;0m▀[0m[38;2;1;4;0m[48;2;0;0;0m▀[0m[38;2;19;10;10m[48;2;0;0;0m▀[0m[38;2;25;16;16m[48;2;0;0;0m▀[0m[38;2;13;7;7m[48;2;0;0;0m▀[0m[38;2;0;0;0m[48;2;34;17;17m▀[0m[38;2;0;0;0m[48;2;46;27;27m▀[0m[38;2;0;0;0m[48;2;0;0;0m▀[0m[38;2;135;68;66m[48;2;161;86;80m▀[0m[38;2;117;63;55m[48;2;106;58;51m▀[0m[38;2;130;70;67m[48;2;119;64;58m▀[0m[38;2;50;26;22m[48;2;50;29;25m▀[0m[38;2;103;58;55m[48;2;126;60;59m▀[0m[38;2;167;94;90m[48;2;142;66;64m▀[0m[38;2;126;47;45m[48;2;0;0;0m▀[0m[38;2;5;0;0m[48;2;0;0;0m▀[0m[38;2;0;0;0m[48;2;0;0;0m▀[0m[38;2;132;139;142m[48;2;159;164;164m▀[0m[38;2;24;30;30m[48;2;0;0;0m▀[0m[38;2;0;0;0m[48;2;0;0;0m▀[0m[38;2;0;0;0m[48;2;0;0;0m▀[0m[38;2;93;93;93m[48;2;55;55;55m▀[0m[38;2;247;247;247m[48;2;0;0;0m▀[0m[38;2;247;247;247m[48;2;247;247;247m▀[0m[38;2;216;216;216m[48;2;10;9;7m▀[0m[38;2;184;184;184m[48;2;0;0;0m▀[0m[38;2;90;89;90m[48;2;0;0;0m▀[0m[38;2;204;204;204m[48;2;242;242;243m▀[0m[38;2;247;247;247m[48;2;171;174;178m▀[0m[38;2;108;107;108m[48;2;100;115;127m▀[0m[38;2;97;105;111m[48;2;160;170;177m▀[0m[38;2;193;193;191m[48;2;247;247;247m▀[0m[38;2;111;108;114m[48;2;177;177;179m▀[0m[38;2;89;96;97m[48;2;92;103;117m▀[0m[38;2;174;181;186m[48;2;115;125;133m▀[0m[38;2;161;170;181m[48;2;174;185;199m▀[0m[38;2;118;129;144m[48;2;170;180;191m▀[0m[38;2;120;131;142m[48;2;163;174;185m▀[0m[38;2;136;148;160m[48;2;138;150;158m▀[0m
[38;2;163;170;179m[48;2;174;184;195m▀[0m[38;2;179;187;198m[48;2;186;197;209m▀[0m[38;2;138;148;157m[48;2;87;94;97m▀[0m[38;2;89;93;93m[48;2;159;170;174m▀[0m[38;2;193;204;211m[48;2;174;185;193m▀[0m[38;2;144;156;162m[48;2;170;181;191m▀[0m[38;2;135;138;139m[48;2;162;172;184m▀[0m[38;2;209;208;206m[48;2;135;146;157m▀[0m[38;2;199;202;196m[48;2;133;140;148m▀[0m[38;2;222;225;222m[48;2;157;163;167m▀[0m[38;2;202;205;206m[48;2;164;166;170m▀[0m[38;2;161;168;171m[48;2;166;170;169m▀[0m[38;2;170;174;173m[48;2;187;190;191m▀[0m[38;2;244;244;237m[48;2;94;96;100m▀[0m[38;2;247;247;247m[48;2;0;0;0m▀[0m[38;2;83;85;83m[48;2;69;71;69m▀[0m[38;2;0;0;0m[48;2;0;0;0m▀[0m[38;2;0;0;0m[48;2;0;0;0m▀[0m[38;2;31;16;19m[48;2;34;20;23m▀[0m[38;2;51;12;12m[48;2;70;31;30m▀[0m[38;2;157;150;147m[48;2;70;55;55m▀[0m[38;2;11;26;23m[48;2;77;91;89m▀[0m[38;2;0;0;0m[48;2;0;0;0m▀[0m[38;2;0;0;0m[48;2;35;10;12m▀[0m[38;2;48;32;27m[48;2;0;0;0m▀[0m[38;2;181;95;89m[48;2;79;46;41m▀[0m[38;2;89;45;42m[48;2;123;67;62m▀[0m[38;2;94;47;44m[48;2;86;42;39m▀[0m[38;2;157;80;74m[48;2;160;79;75m▀[0m[38;2;146;75;71m[48;2;139;72;68m▀[0m[38;2;6;0;0m[48;2;14;7;8m▀[0m[38;2;0;0;0m[48;2;0;0;0m▀[0m[38;2;12;6;5m[48;2;0;0;0m▀[0m[38;2;25;10;10m[48;2;0;0;0m▀[0m[38;2;10;0;1m[48;2;0;0;0m▀[0m[38;2;0;0;0m[48;2;33;20;23m▀[0m[38;2;0;0;0m[48;2;146;148;148m▀[0m[38;2;0;0;0m[48;2;149;149;149m▀[0m[38;2;0;0;0m[48;2;114;121;122m▀[0m[38;2;0;0;0m[48;2;55;44;54m▀[0m[38;2;24;6;9m[48;2;0;0;0m▀[0m[38;2;13;0;0m[48;2;139;143;146m▀[0m[38;2;44;19;19m[48;2;0;0;0m▀[0m[38;2;0;0;0m[48;2;0;0;0m▀[0m[38;2;3;3;3m[48;2;16;12;8m▀[0m[38;2;170;90;83m[48;2;167;92;81m▀[0m[38;2;99;51;47m[48;2;93;50;45m▀[0m[38;2;138;72;68m[48;2;162;86;82m▀[0m[38;2;94;50;44m[48;2;129;68;64m▀[0m[38;2;65;35;32m[48;2;0;0;0m▀[0m[38;2;14;7;6m[48;2;20;6;5m▀[0m[38;2;0;0;0m[48;2;20;6;4m▀[0m[38;2;0;0;0m[48;2;0;0;0m▀[0m[38;2;82;95;95m[48;2;127;139;140m▀[0m[38;2;153;129;128m[48;2;74;35;34m▀[0m[38;2;0;0;0m[48;2;32;14;13m▀[0m[38;2;0;0;0m[48;2;0;0;0m▀[0m[38;2;0;0;0m[48;2;0;0;0m▀[0m[38;2;120;120;118m[48;2;46;48;46m▀[0m[38;2;59;60;56m[48;2;88;88;85m▀[0m[38;2;60;58;56m[48;2;90;89;89m▀[0m[38;2;228;225;224m[48;2;69;71;72m▀[0m[38;2;159;155;154m[48;2;129;136;145m▀[0m[38;2;226;225;219m[48;2;149;161;168m▀[0m[38;2;135;137;138m[48;2;148;157;162m▀[0m[38;2;102;110;112m[48;2;153;160;162m▀[0m[38;2;141;144;141m[48;2;148;156;161m▀[0m[38;2;154;150;147m[48;2;152;161;169m▀[0m[38;2;140;142;144m[48;2;161;176;188m▀[0m[38;2;140;152;161m[48;2;137;148;156m▀[0m[38;2;188;199;214m[48;2;150;158;165m▀[0m[38;2;82;88;92m[48;2;149;159;166m▀[0m[38;2;165;171;179m[48;2;84;92;95m▀[0m[38;2;180;188;200m[48;2;193;199;210m▀[0m[38;2;166;171;181m[48;2;169;179;190m▀[0m[38;2;152;160;166m[48;2;171;181;192m▀[0m
[38;2;174;184;194m[48;2;202;208;216m▀[0m[38;2;126;136;143m[48;2;84;90;90m▀[0m[38;2;71;78;81m[48;2;160;168;174m▀[0m[38;2;194;206;216m[48;2;211;222;232m▀[0m[38;2;169;179;190m[48;2;195;206;219m▀[0m[38;2;167;174;187m[48;2;193;203;214m▀[0m[38;2;162;172;184m[48;2;192;202;213m▀[0m[38;2;170;180;193m[48;2;192;201;213m▀[0m[38;2;176;187;198m[48;2;193;205;216m▀[0m[38;2;110;118;127m[48;2;112;120;128m▀[0m[38;2;151;161;172m[48;2;181;193;202m▀[0m[38;2;165;177;189m[48;2;202;215;223m▀[0m[38;2;162;174;186m[48;2;202;215;225m▀[0m[38;2;178;190;200m[48;2;213;226;236m▀[0m[38;2;165;175;191m[48;2;240;247;247m▀[0m[38;2;69;69;67m[48;2;99;102;102m▀[0m[38;2;0;0;0m[48;2;0;0;0m▀[0m[38;2;0;0;0m[48;2;0;0;0m▀[0m[38;2;39;27;26m[48;2;13;11;9m▀[0m[38;2;74;44;45m[48;2;37;24;24m▀[0m[38;2;28;7;5m[48;2;42;20;20m▀[0m[38;2;100;99;94m[48;2;84;59;58m▀[0m[38;2;0;0;0m[48;2;39;52;48m▀[0m[38;2;25;0;1m[48;2;0;0;0m▀[0m[38;2;19;4;6m[48;2;43;20;17m▀[0m[38;2;0;0;0m[48;2;0;0;0m▀[0m[38;2;20;14;13m[48;2;0;0;0m▀[0m[38;2;121;64;60m[48;2;37;23;21m▀[0m[38;2;173;88;82m[48;2;181;96;86m▀[0m[38;2;151;75;71m[48;2;129;67;65m▀[0m[38;2;8;4;6m[48;2;0;0;0m▀[0m[38;2;0;0;0m[48;2;13;5;8m▀[0m[38;2;0;0;0m[48;2;0;0;0m▀[0m[38;2;0;0;0m[48;2;0;0;0m▀[0m[38;2;0;0;0m[48;2;4;0;0m▀[0m[38;2;0;0;0m[48;2;0;0;0m▀[0m[38;2;247;247;247m[48;2;236;242;239m▀[0m[38;2;247;247;247m[48;2;247;247;247m▀[0m[38;2;79;85;86m[48;2;0;0;0m▀[0m[38;2;0;0;0m[48;2;241;243;243m▀[0m[38;2;49;53;57m[48;2;247;247;247m▀[0m[38;2;218;220;220m[48;2;0;0;0m▀[0m[38;2;0;0;0m[48;2;0;0;0m▀[0m[38;2;0;0;0m[48;2;7;0;0m▀[0m[38;2;31;17;15m[48;2;19;11;9m▀[0m[38;2;179;97;87m[48;2;193;105;97m▀[0m[38;2;110;62;54m[48;2;62;33;32m▀[0m[38;2;104;53;53m[48;2;80;45;43m▀[0m[38;2;2;2;3m[48;2;0;0;0m▀[0m[38;2;0;0;0m[48;2;0;0;0m▀[0m[38;2;52;21;22m[48;2;64;28;25m▀[0m[38;2;1;0;0m[48;2;0;0;0m▀[0m[38;2;17;31;34m[48;2;64;68;68m▀[0m[38;2;76;76;74m[48;2;61;35;34m▀[0m[38;2;45;15;16m[48;2;47;28;27m▀[0m[38;2;51;32;29m[48;2;60;33;32m▀[0m[38;2;0;0;0m[48;2;0;0;0m▀[0m[38;2;0;0;0m[48;2;0;0;0m▀[0m[38;2;83;90;89m[48;2;156;162;171m▀[0m[38;2;141;154;161m[48;2;247;247;247m▀[0m[38;2;156;165;173m[48;2;227;238;247m▀[0m[38;2;185;196;210m[48;2;195;210;222m▀[0m[38;2;185;195;207m[48;2;187;196;208m▀[0m[38;2;176;188;199m[48;2;185;196;207m▀[0m[38;2;174;189;199m[48;2;185;197;207m▀[0m[38;2;174;187;196m[48;2;185;194;205m▀[0m[38;2;174;185;194m[48;2;185;195;206m▀[0m[38;2;184;191;201m[48;2;189;195;207m▀[0m[38;2;127;133;141m[48;2;190;199;212m▀[0m[38;2;145;156;163m[48;2;188;200;210m▀[0m[38;2;167;177;185m[48;2;188;199;210m▀[0m[38;2;194;200;213m[48;2;195;202;214m▀[0m[38;2;91;98;103m[48;2;193;199;208m▀[0m[38;2;130;139;143m[48;2;74;83;83m▀[0m[38;2;192;203;215m[48;2;169;180;190m▀[0m[38;2;172;184;194m[48;2;173;188;197m▀[0m
[38;2;115;129;130m[48;2;196;208;219m▀[0m[38;2;43;45;47m[48;2;31;33;35m▀[0m[38;2;0;0;0m[48;2;0;0;0m▀[0m[38;2;108;117;123m[48;2;149;161;167m▀[0m[38;2;94;104;107m[48;2;141;149;157m▀[0m[38;2;83;90;93m[48;2;118;126;133m▀[0m[38;2;90;97;102m[48;2;95;101;109m▀[0m[38;2;109;118;125m[48;2;91;96;100m▀[0m[38;2;107;118;121m[48;2;98;104;107m▀[0m[38;2;123;129;134m[48;2;108;113;119m▀[0m[38;2;110;119;123m[48;2;117;122;127m▀[0m[38;2;102;111;114m[48;2;113;121;126m▀[0m[38;2;104;113;117m[48;2;116;121;129m▀[0m[38;2;103;114;117m[48;2;121;127;134m▀[0m[38;2;123;135;143m[48;2;141;146;159m▀[0m[38;2;78;87;87m[48;2;143;158;168m▀[0m[38;2;0;0;0m[48;2;23;26;28m▀[0m[38;2;0;0;0m[48;2;0;0;0m▀[0m[38;2;11;7;7m[48;2;6;0;0m▀[0m[38;2;11;7;7m[48;2;6;6;3m▀[0m[38;2;42;28;27m[48;2;54;33;31m▀[0m[38;2;87;48;47m[48;2;86;52;50m▀[0m[38;2;67;62;58m[48;2;74;50;47m▀[0m[38;2;0;0;0m[48;2;0;15;13m▀[0m[38;2;42;13;12m[48;2;0;0;0m▀[0m[38;2;4;1;1m[48;2;55;25;21m▀[0m[38;2;0;0;0m[48;2;0;0;0m▀[0m[38;2;0;0;0m[48;2;0;0;0m▀[0m[38;2;10;6;6m[48;2;0;0;0m▀[0m[38;2;0;0;0m[48;2;0;0;0m▀[0m[38;2;0;0;0m[48;2;6;2;2m▀[0m[38;2;27;9;13m[48;2;35;16;17m▀[0m[38;2;0;0;0m[48;2;0;0;0m▀[0m[38;2;0;0;0m[48;2;0;0;0m▀[0m[38;2;21;10;10m[48;2;25;11;14m▀[0m[38;2;0;0;0m[48;2;0;0;0m▀[0m[38;2;203;209;209m[48;2;185;188;190m▀[0m[38;2;247;247;247m[48;2;247;247;247m▀[0m[38;2;0;0;0m[48;2;13;16;15m▀[0m[38;2;13;16;15m[48;2;6;10;10m▀[0m[38;2;80;83;83m[48;2;0;0;0m▀[0m[38;2;0;0;0m[48;2;0;0;0m▀[0m[38;2;0;0;0m[48;2;0;0;0m▀[0m[38;2;30;12;11m[48;2;35;16;17m▀[0m[38;2;0;0;0m[48;2;0;0;0m▀[0m[38;2;11;7;4m[48;2;0;0;0m▀[0m[38;2;33;19;19m[48;2;16;10;10m▀[0m[38;2;49;30;29m[48;2;0;0;0m▀[0m[38;2;0;0;0m[48;2;6;5;5m▀[0m[38;2;38;18;15m[48;2;42;19;20m▀[0m[38;2;11;2;0m[48;2;0;0;0m▀[0m[38;2;0;0;0m[48;2;19;10;11m▀[0m[38;2;71;49;50m[48;2;89;55;53m▀[0m[38;2;74;42;43m[48;2;74;46;45m▀[0m[38;2;34;19;20m[48;2;22;13;14m▀[0m[38;2;64;33;33m[48;2;59;32;32m▀[0m[38;2;0;0;0m[48;2;0;0;0m▀[0m[38;2;0;0;0m[48;2;0;0;0m▀[0m[38;2;95;101;109m[48;2;188;198;210m▀[0m[38;2;101;109;117m[48;2;217;225;239m▀[0m[38;2;63;68;75m[48;2;1;1;0m▀[0m[38;2;86;97;100m[48;2;114;125;129m▀[0m[38;2;97;103;107m[48;2;191;200;209m▀[0m[38;2;91;97;99m[48;2;172;180;191m▀[0m[38;2;92;97;100m[48;2;164;174;183m▀[0m[38;2;91;96;100m[48;2;163;170;178m▀[0m[38;2;86;92;99m[48;2;150;160;167m▀[0m[38;2;84;91;98m[48;2;153;161;168m▀[0m[38;2;89;96;103m[48;2;152;161;169m▀[0m[38;2;91;97;102m[48;2;155;163;169m▀[0m[38;2;90;97;101m[48;2;161;171;179m▀[0m[38;2;92;99;106m[48;2;163;173;182m▀[0m[38;2;122;127;132m[48;2;168;178;186m▀[0m[38;2;32;36;36m[48;2;156;166;176m▀[0m[38;2;0;0;0m[48;2;74;78;82m▀[0m[38;2;124;132;131m[48;2;204;214;225m▀[0m
[38;2;169;179;190m[48;2;97;108;112m▀[0m[38;2;77;85;88m[48;2;196;211;219m▀[0m[38;2;178;190;199m[48;2;201;212;224m▀[0m[38;2;196;206;217m[48;2;167;182;193m▀[0m[38;2;184;195;203m[48;2;167;178;186m▀[0m[38;2;189;198;209m[48;2;169;178;184m▀[0m[38;2;191;202;216m[48;2;168;179;189m▀[0m[38;2;194;206;220m[48;2;181;191;201m▀[0m[38;2;205;216;226m[48;2;167;177;185m▀[0m[38;2;201;211;222m[48;2;180;190;200m▀[0m[38;2;212;223;233m[48;2;99;107;112m▀[0m[38;2;200;211;222m[48;2;136;147;153m▀[0m[38;2;191;200;208m[48;2;180;192;199m▀[0m[38;2;196;204;217m[48;2;190;200;211m▀[0m[38;2;230;241;247m[48;2;152;162;170m▀[0m[38;2;201;213;225m[48;2;0;0;0m▀[0m[38;2;3;10;10m[48;2;133;134;131m▀[0m[38;2;0;0;0m[48;2;45;45;46m▀[0m[38;2;0;0;0m[48;2;0;0;0m▀[0m[38;2;23;16;16m[48;2;17;11;8m▀[0m[38;2;64;39;36m[48;2;56;35;35m▀[0m[38;2;77;49;48m[48;2;77;47;48m▀[0m[38;2;77;47;44m[48;2;74;45;44m▀[0m[38;2;47;25;23m[48;2;74;44;43m▀[0m[38;2;0;0;0m[48;2;26;8;9m▀[0m[38;2;28;11;10m[48;2;0;0;0m▀[0m[38;2;77;32;30m[48;2;65;29;26m▀[0m[38;2;0;0;0m[48;2;20;7;7m▀[0m[38;2;0;1;1m[48;2;37;17;15m▀[0m[38;2;0;0;0m[48;2;0;0;0m▀[0m[38;2;0;0;0m[48;2;0;0;0m▀[0m[38;2;82;43;42m[48;2;75;33;34m▀[0m[38;2;30;26;22m[48;2;79;50;49m▀[0m[38;2;0;0;0m[48;2;21;14;10m▀[0m[38;2;0;0;0m[48;2;0;0;0m▀[0m[38;2;0;0;0m[48;2;0;0;0m▀[0m[38;2;162;166;166m[48;2;155;161;158m▀[0m[38;2;201;204;203m[48;2;179;179;179m▀[0m[38;2;244;247;246m[48;2;218;223;219m▀[0m[38;2;229;229;229m[48;2;116;116;118m▀[0m[38;2;0;0;0m[48;2;0;0;0m▀[0m[38;2;0;0;0m[48;2;0;0;0m▀[0m[38;2;21;13;11m[48;2;87;50;50m▀[0m[38;2;50;24;22m[48;2;46;16;17m▀[0m[38;2;0;0;0m[48;2;0;0;0m▀[0m[38;2;0;0;0m[48;2;30;14;15m▀[0m[38;2;7;6;4m[48;2;0;0;0m▀[0m[38;2;0;0;0m[48;2;0;0;0m▀[0m[38;2;35;17;20m[48;2;0;0;0m▀[0m[38;2;0;0;0m[48;2;0;0;0m▀[0m[38;2;0;0;0m[48;2;19;10;10m▀[0m[38;2;64;35;35m[48;2;86;55;52m▀[0m[38;2;99;63;61m[48;2;92;59;58m▀[0m[38;2;66;44;42m[48;2;61;38;36m▀[0m[38;2;7;6;6m[48;2;0;0;0m▀[0m[38;2;53;33;30m[48;2;39;28;24m▀[0m[38;2;0;0;0m[48;2;0;0;0m▀[0m[38;2;48;54;57m[48;2;82;88;96m▀[0m[38;2;247;247;247m[48;2;247;247;247m▀[0m[38;2;223;233;246m[48;2;7;10;10m▀[0m[38;2;116;124;127m[48;2;86;93;96m▀[0m[38;2;87;98;102m[48;2;97;103;111m▀[0m[38;2;215;226;238m[48;2;55;57;62m▀[0m[38;2;173;184;195m[48;2;0;0;0m▀[0m[38;2;181;194;205m[48;2;85;91;94m▀[0m[38;2;166;176;184m[48;2;126;134;137m▀[0m[38;2;180;189;204m[48;2;171;181;192m▀[0m[38;2;177;184;193m[48;2;166;169;181m▀[0m[38;2;173;185;193m[48;2;162;172;181m▀[0m[38;2;180;190;198m[48;2;172;182;191m▀[0m[38;2;155;164;172m[48;2;137;147;155m▀[0m[38;2;154;170;178m[48;2;144;159;162m▀[0m[38;2;178;190;199m[48;2;171;183;191m▀[0m[38;2;194;206;217m[48;2;167;177;188m▀[0m[38;2;117;126;129m[48;2;180;192;199m▀[0m[38;2;105;112;116m[48;2;61;66;66m▀[0m
[38;2;0;0;0m[48;2;0;0;0m▀[0m[38;2;158;172;178m[48;2;111;118;127m▀[0m[38;2;166;183;189m[48;2;130;140;148m▀[0m[38;2;178;188;203m[48;2;150;157;164m▀[0m[38;2;177;183;195m[48;2;152;158;169m▀[0m[38;2;175;185;193m[48;2;186;196;207m▀[0m[38;2;185;195;205m[48;2;188;198;206m▀[0m[38;2;177;190;199m[48;2;206;216;228m▀[0m[38;2;0;0;0m[48;2;107;113;120m▀[0m[38;2;0;0;0m[48;2;139;146;154m▀[0m[38;2;116;124;134m[48;2;161;171;184m▀[0m[38;2;148;156;164m[48;2;144;152;161m▀[0m[38;2;180;193;200m[48;2;201;214;225m▀[0m[38;2;194;208;216m[48;2;213;227;239m▀[0m[38;2;205;218;229m[48;2;113;121;126m▀[0m[38;2;0;0;0m[48;2;78;80;84m▀[0m[38;2;32;34;32m[48;2;0;0;0m▀[0m[38;2;134;134;135m[48;2;0;0;0m▀[0m[38;2;44;47;49m[48;2;12;18;19m▀[0m[38;2;4;2;0m[48;2;0;0;0m▀[0m[38;2;50;32;29m[48;2;11;7;4m▀[0m[38;2;78;47;51m[48;2;64;42;43m▀[0m[38;2;71;45;43m[48;2;84;54;53m▀[0m[38;2;76;48;47m[48;2;76;51;53m▀[0m[38;2;69;31;30m[48;2;100;53;49m▀[0m[38;2;0;0;0m[48;2;15;2;1m▀[0m[38;2;0;0;0m[48;2;0;0;0m▀[0m[38;2;0;0;0m[48;2;0;0;0m▀[0m[38;2;2;4;2m[48;2;69;36;32m▀[0m[38;2;0;0;0m[48;2;28;11;9m▀[0m[38;2;0;0;0m[48;2;0;0;0m▀[0m[38;2;52;21;20m[48;2;25;8;7m▀[0m[38;2;77;47;46m[48;2;85;48;49m▀[0m[38;2;28;14;13m[48;2;19;7;3m▀[0m[38;2;5;0;0m[48;2;59;26;25m▀[0m[38;2;0;0;0m[48;2;0;0;0m▀[0m[38;2;151;151;153m[48;2;127;133;136m▀[0m[38;2;124;127;126m[48;2;126;131;135m▀[0m[38;2;22;25;24m[48;2;20;22;22m▀[0m[38;2;22;24;24m[48;2;0;0;0m▀[0m[38;2;0;0;0m[48;2;0;0;0m▀[0m[38;2;8;8;6m[48;2;36;24;23m▀[0m[38;2;92;49;48m[48;2;80;36;35m▀[0m[38;2;4;0;0m[48;2;0;0;0m▀[0m[38;2;8;4;4m[48;2;47;23;20m▀[0m[38;2;14;7;6m[48;2;0;0;0m▀[0m[38;2;2;1;1m[48;2;39;14;14m▀[0m[38;2;65;24;24m[48;2;57;22;19m▀[0m[38;2;0;0;0m[48;2;0;0;0m▀[0m[38;2;0;0;0m[48;2;33;16;15m▀[0m[38;2;60;33;33m[48;2;79;50;49m▀[0m[38;2;81;57;51m[48;2;79;50;51m▀[0m[38;2;87;56;55m[48;2;90;58;62m▀[0m[38;2;49;29;30m[48;2;40;27;29m▀[0m[38;2;2;2;2m[48;2;0;0;0m▀[0m[38;2;22;16;13m[48;2;0;0;0m▀[0m[38;2;127;134;130m[48;2;53;59;56m▀[0m[38;2;66;65;64m[48;2;0;0;0m▀[0m[38;2;0;1;0m[48;2;0;0;0m▀[0m[38;2;57;63;66m[48;2;0;0;0m▀[0m[38;2;221;235;247m[48;2;21;21;26m▀[0m[38;2;101;108;109m[48;2;130;139;146m▀[0m[38;2;155;161;170m[48;2;114;120;125m▀[0m[38;2;161;171;182m[48;2;215;226;238m▀[0m[38;2;171;183;193m[48;2;177;184;195m▀[0m[38;2;181;193;200m[48;2;168;178;189m▀[0m[38;2;165;177;183m[48;2;177;184;194m▀[0m[38;2;166;173;184m[48;2;200;211;224m▀[0m[38;2;163;175;182m[48;2;194;207;218m▀[0m[38;2;164;176;183m[48;2;180;193;202m▀[0m[38;2;168;180;190m[48;2;165;175;188m▀[0m[38;2;167;177;186m[48;2;164;176;183m▀[0m[38;2;164;174;182m[48;2;161;170;181m▀[0m[38;2;173;181;189m[48;2;152;162;170m▀[0m[38;2;181;191;201m[48;2;157;168;176m▀[0m[38;2;155;161;172m[48;2;165;176;186m▀[0m
[38;2;184;194;202m[48;2;181;193;202m▀[0m[38;2;181;193;202m[48;2;178;190;199m▀[0m[38;2;163;175;186m[48;2;178;190;199m▀[0m[38;2;163;170;184m[48;2;176;188;197m▀[0m[38;2;176;184;196m[48;2;183;195;207m▀[0m[38;2;0;0;0m[48;2;73;79;79m▀[0m[38;2;0;0;0m[48;2;20;24;25m▀[0m[38;2;55;63;65m[48;2;117;129;134m▀[0m[38;2;218;232;242m[48;2;184;196;206m▀[0m[38;2;190;200;211m[48;2;170;177;186m▀[0m[38;2;164;175;186m[48;2;173;185;194m▀[0m[38;2;176;187;197m[48;2;215;226;236m▀[0m[38;2;123;129;137m[48;2;0;0;0m▀[0m[38;2;226;240;247m[48;2;0;0;0m▀[0m[38;2;0;0;0m[48;2;105;114;117m▀[0m[38;2;0;0;0m[48;2;0;0;0m▀[0m[38;2;0;0;0m[48;2;0;0;0m▀[0m[38;2;0;0;0m[48;2;0;0;0m▀[0m[38;2;0;0;0m[48;2;0;0;0m▀[0m[38;2;0;0;0m[48;2;0;0;0m▀[0m[38;2;17;4;4m[48;2;0;0;0m▀[0m[38;2;42;24;23m[48;2;101;42;35m▀[0m[38;2;37;30;30m[48;2;96;42;32m▀[0m[38;2;50;36;36m[48;2;47;21;19m▀[0m[38;2;91;52;51m[48;2;0;0;0m▀[0m[38;2;83;32;29m[48;2;90;37;33m▀[0m[38;2;0;0;0m[48;2;0;0;0m▀[0m[38;2;0;0;0m[48;2;0;0;0m▀[0m[38;2;0;0;0m[48;2;0;0;0m▀[0m[38;2;25;12;14m[48;2;0;0;0m▀[0m[38;2;0;0;0m[48;2;0;0;0m▀[0m[38;2;0;0;0m[48;2;0;0;0m▀[0m[38;2;60;27;27m[48;2;17;0;0m▀[0m[38;2;0;0;0m[48;2;0;0;0m▀[0m[38;2;13;0;0m[48;2;46;28;23m▀[0m[38;2;0;0;0m[48;2;247;247;247m▀[0m[38;2;247;247;247m[48;2;247;247;247m▀[0m[38;2;247;247;247m[48;2;247;247;247m▀[0m[38;2;184;190;190m[48;2;247;247;247m▀[0m[38;2;0;0;0m[48;2;131;109;111m▀[0m[38;2;0;0;0m[48;2;0;0;0m▀[0m[38;2;31;16;15m[48;2;0;0;0m▀[0m[38;2;41;16;18m[48;2;65;21;20m▀[0m[38;2;48;15;15m[48;2;49;16;16m▀[0m[38;2;15;7;7m[48;2;0;0;0m▀[0m[38;2;0;0;0m[48;2;0;0;0m▀[0m[38;2;0;0;0m[48;2;0;0;0m▀[0m[38;2;0;0;0m[48;2;0;0;0m▀[0m[38;2;0;0;0m[48;2;27;11;11m▀[0m[38;2;100;46;45m[48;2;83;38;35m▀[0m[38;2;84;64;64m[48;2;3;11;10m▀[0m[38;2;73;48;52m[48;2;79;34;31m▀[0m[38;2;69;49;49m[48;2;97;31;29m▀[0m[38;2;73;32;32m[48;2;100;34;32m▀[0m[38;2;61;26;19m[48;2;0;0;0m▀[0m[38;2;0;0;0m[48;2;0;0;0m▀[0m[38;2;0;0;0m[48;2;0;0;0m▀[0m[38;2;0;0;0m[48;2;0;0;0m▀[0m[38;2;0;0;0m[48;2;0;0;0m▀[0m[38;2;0;0;0m[48;2;0;0;0m▀[0m[38;2;0;0;0m[48;2;59;59;64m▀[0m[38;2;127;141;145m[48;2;224;241;247m▀[0m[38;2;78;85;89m[48;2;61;64;64m▀[0m[38;2;196;204;219m[48;2;178;185;195m▀[0m[38;2;168;179;187m[48;2;182;193;204m▀[0m[38;2;178;186;196m[48;2;182;192;202m▀[0m[38;2;174;182;193m[48;2;194;204;216m▀[0m[38;2;43;46;47m[48;2;0;0;0m▀[0m[38;2;96;102;106m[48;2;0;0;0m▀[0m[38;2;161;171;183m[48;2;12;14;12m▀[0m[38;2;186;196;209m[48;2;177;185;195m▀[0m[38;2;179;190;199m[48;2;150;157;169m▀[0m[38;2;166;172;185m[48;2;153;159;171m▀[0m[38;2;131;138;149m[48;2;159;166;179m▀[0m[38;2;130;145;150m[48;2;155;166;176m▀[0m[38;2;130;141;151m[48;2;159;166;177m▀[0m
[38;2;153;162;170m[48;2;141;141;141m▀[0m[38;2;151;165;173m[48;2;142;144;142m▀[0m[38;2;154;164;172m[48;2;138;142;135m▀[0m[38;2;158;170;181m[48;2;143;143;140m▀[0m[38;2;167;182;195m[48;2;134;138;134m▀[0m[38;2;193;210;222m[48;2;138;141;140m▀[0m[38;2;200;216;229m[48;2;132;136;133m▀[0m[38;2;186;204;216m[48;2;128;131;131m▀[0m[38;2;167;182;193m[48;2;127;130;133m▀[0m[38;2;168;180;194m[48;2;126;129;129m▀[0m[38;2;165;176;191m[48;2;141;145;148m▀[0m[38;2;181;193;208m[48;2;129;131;126m▀[0m[38;2;164;175;187m[48;2;132;134;135m▀[0m[38;2;25;28;33m[48;2;158;161;161m▀[0m[38;2;185;196;206m[48;2;147;151;150m▀[0m[38;2;58;62;65m[48;2;166;169;169m▀[0m[38;2;0;0;0m[48;2;82;82;79m▀[0m[38;2;0;0;0m[48;2;66;64;65m▀[0m[38;2;0;0;0m[48;2;14;12;10m▀[0m[38;2;0;0;0m[48;2;8;12;8m▀[0m[38;2;0;0;0m[48;2;15;22;23m▀[0m[38;2;42;12;13m[48;2;14;23;22m▀[0m[38;2;212;85;75m[48;2;77;54;50m▀[0m[38;2;150;56;48m[48;2;79;53;51m▀[0m[38;2;0;0;0m[48;2;3;22;22m▀[0m[38;2;35;9;5m[48;2;48;41;37m▀[0m[38;2;46;17;15m[48;2;105;46;39m▀[0m[38;2;0;0;0m[48;2;0;0;0m▀[0m[38;2;0;0;0m[48;2;0;0;0m▀[0m[38;2;0;1;0m[48;2;0;1;0m▀[0m[38;2;0;0;0m[48;2;0;0;0m▀[0m[38;2;0;0;0m[48;2;0;0;0m▀[0m[38;2;0;0;0m[48;2;0;0;0m▀[0m[38;2;247;245;243m[48;2;247;247;247m▀[0m[38;2;247;247;247m[48;2;247;247;247m▀[0m[38;2;247;247;247m[48;2;171;179;187m▀[0m[38;2;247;247;247m[48;2;171;177;181m▀[0m[38;2;247;247;247m[48;2;246;246;247m▀[0m[38;2;247;247;247m[48;2;226;229;233m▀[0m[38;2;247;247;247m[48;2;238;242;246m▀[0m[38;2;247;247;247m[48;2;247;247;247m▀[0m[38;2;140;140;138m[48;2;244;233;233m▀[0m[38;2;48;0;0m[48;2;0;0;0m▀[0m[38;2;0;0;0m[48;2;0;0;0m▀[0m[38;2;0;0;0m[48;2;0;0;0m▀[0m[38;2;0;0;0m[48;2;0;0;0m▀[0m[38;2;0;0;0m[48;2;0;0;0m▀[0m[38;2;0;0;0m[48;2;0;0;0m▀[0m[38;2;92;37;32m[48;2;135;57;56m▀[0m[38;2;2;0;0m[48;2;23;33;35m▀[0m[38;2;0;0;0m[48;2;22;28;32m▀[0m[38;2;0;0;0m[48;2;15;29;29m▀[0m[38;2;175;56;55m[48;2;39;45;45m▀[0m[38;2;120;43;47m[48;2;25;35;35m▀[0m[38;2;0;0;0m[48;2;34;41;41m▀[0m[38;2;0;0;0m[48;2;13;16;15m▀[0m[38;2;0;0;0m[48;2;22;24;24m▀[0m[38;2;56;64;75m[48;2;72;71;68m▀[0m[38;2;0;0;0m[48;2;76;72;69m▀[0m[38;2;49;55;63m[48;2;77;73;70m▀[0m[38;2;155;169;179m[48;2;68;67;61m▀[0m[38;2;194;213;226m[48;2;128;128;129m▀[0m[38;2;69;75;83m[48;2;112;113;110m▀[0m[38;2;100;107;118m[48;2;123;119;121m▀[0m[38;2;163;178;193m[48;2;134;134;132m▀[0m[38;2;151;160;175m[48;2;128;128;128m▀[0m[38;2;166;181;192m[48;2;139;139;139m▀[0m[38;2;144;161;168m[48;2;174;173;173m▀[0m[38;2;111;119;128m[48;2;188;188;189m▀[0m[38;2;139;153;158m[48;2;185;185;182m▀[0m[38;2;114;125;132m[48;2;186;185;185m▀[0m[38;2;111;118;125m[48;2;183;182;179m▀[0m[38;2;108;118;127m[48;2;175;171;167m▀[0m[38;2;108;120;129m[48;2;176;168;169m▀[0m[38;2;106;119;129m[48;2;164;165;161m▀[0m[38;2;110;122;129m[48;2;164;167;164m▀[0m
[38;2;172;169;169m[48;2;247;247;247m▀[0m[38;2;167;164;164m[48;2;222;228;228m▀[0m[38;2;170;164;164m[48;2;199;207;206m▀[0m[38;2;180;177;177m[48;2;192;198;201m▀[0m[38;2;196;194;192m[48;2;157;164;171m▀[0m[38;2;196;194;192m[48;2;144;155;164m▀[0m[38;2;188;184;184m[48;2;142;152;161m▀[0m[38;2;178;177;177m[48;2;134;147;161m▀[0m[38;2;187;190;189m[48;2;152;166;180m▀[0m[38;2;194;193;191m[48;2;171;184;197m▀[0m[38;2;143;135;130m[48;2;1;4;6m▀[0m[38;2;195;192;191m[48;2;141;154;163m▀[0m[38;2;211;210;208m[48;2;144;161;166m▀[0m[38;2;196;195;191m[48;2;135;150;161m▀[0m[38;2;197;197;195m[48;2;137;152;161m▀[0m[38;2;214;214;212m[48;2;136;149;159m▀[0m[38;2;241;245;245m[48;2;128;144;152m▀[0m[38;2;225;232;237m[48;2;144;159;169m▀[0m[38;2;129;136;141m[48;2;187;199;210m▀[0m[38;2;0;0;0m[48;2;155;161;169m▀[0m[38;2;0;0;0m[48;2;0;0;0m▀[0m[38;2;0;0;0m[48;2;0;0;0m▀[0m[38;2;0;0;0m[48;2;0;0;0m▀[0m[38;2;0;6;6m[48;2;0;0;0m▀[0m[38;2;1;17;17m[48;2;0;0;0m▀[0m[38;2;4;19;19m[48;2;0;0;0m▀[0m[38;2;225;94;76m[48;2;247;99;76m▀[0m[38;2;0;0;0m[48;2;51;22;12m▀[0m[38;2;0;0;0m[48;2;0;0;0m▀[0m[38;2;0;0;0m[48;2;0;0;0m▀[0m[38;2;0;0;0m[48;2;0;0;0m▀[0m[38;2;0;0;0m[48;2;0;0;0m▀[0m[38;2;0;0;0m[48;2;31;0;0m▀[0m[38;2;123;129;126m[48;2;0;0;0m▀[0m[38;2;247;247;247m[48;2;46;53;53m▀[0m[38;2;37;40;42m[48;2;94;94;96m▀[0m[38;2;0;0;0m[48;2;151;151;153m▀[0m[38;2;0;0;0m[48;2;146;146;144m▀[0m[38;2;0;0;0m[48;2;225;228;227m▀[0m[38;2;0;0;3m[48;2;247;247;247m▀[0m[38;2;233;241;241m[48;2;0;0;0m▀[0m[38;2;0;0;0m[48;2;0;0;0m▀[0m[38;2;0;0;0m[48;2;49;26;26m▀[0m[38;2;0;0;0m[48;2;1;0;0m▀[0m[38;2;0;0;0m[48;2;0;0;0m▀[0m[38;2;0;0;0m[48;2;0;0;0m▀[0m[38;2;0;0;0m[48;2;0;0;0m▀[0m[38;2;93;36;32m[48;2;139;56;49m▀[0m[38;2;187;78;73m[48;2;163;64;57m▀[0m[38;2;9;26;27m[48;2;0;0;0m▀[0m[38;2;23;27;27m[48;2;0;0;0m▀[0m[38;2;18;22;19m[48;2;0;0;0m▀[0m[38;2;10;17;18m[48;2;0;0;0m▀[0m[38;2;5;11;12m[48;2;0;0;0m▀[0m[38;2;0;0;0m[48;2;0;0;0m▀[0m[38;2;0;0;0m[48;2;105;116;123m▀[0m[38;2;102;106;109m[48;2;188;198;210m▀[0m[38;2;247;247;247m[48;2;162;173;181m▀[0m[38;2;247;247;247m[48;2;145;153;161m▀[0m[38;2;247;247;247m[48;2;141;151;160m▀[0m[38;2;247;247;247m[48;2;136;149;159m▀[0m[38;2;243;244;240m[48;2;157;169;180m▀[0m[38;2;239;241;239m[48;2;136;149;162m▀[0m[38;2;233;234;231m[48;2;129;142;154m▀[0m[38;2;225;226;226m[48;2;128;140;152m▀[0m[38;2;225;226;226m[48;2;122;134;144m▀[0m[38;2;225;226;226m[48;2;129;137;149m▀[0m[38;2;187;189;189m[48;2;127;138;148m▀[0m[38;2;195;199;202m[48;2;125;134;147m▀[0m[38;2;182;185;190m[48;2;115;129;139m▀[0m[38;2;132;142;150m[48;2;135;156;169m▀[0m[38;2;135;144;147m[48;2;187;197;208m▀[0m[38;2;158;168;174m[48;2;227;233;238m▀[0m[38;2;170;176;179m[48;2;247;247;247m▀[0m[38;2;195;198;197m[48;2;247;247;247m▀[0m[38;2;205;208;205m[48;2;247;247;247m▀[0m
[38;2;151;161;173m[48;2;0;0;0m▀[0m[38;2;206;218;231m[48;2;0;0;0m▀[0m[38;2;219;229;239m[48;2;0;0;0m▀[0m[38;2;208;220;226m[48;2;42;45;49m▀[0m[38;2;172;185;194m[48;2;221;228;243m▀[0m[38;2;160;171;182m[48;2;185;193;201m▀[0m[38;2;156;165;173m[48;2;185;193;201m▀[0m[38;2;164;176;187m[48;2;213;225;235m▀[0m[38;2;78;86;94m[48;2;38;41;45m▀[0m[38;2;86;97;104m[48;2;22;24;26m▀[0m[38;2;100;108;115m[48;2;167;177;188m▀[0m[38;2;154;166;173m[48;2;194;203;215m▀[0m[38;2;124;130;137m[48;2;178;189;199m▀[0m[38;2;129;136;144m[48;2;183;191;199m▀[0m[38;2;125;133;140m[48;2;180;192;199m▀[0m[38;2;129;135;143m[48;2;181;189;199m▀[0m[38;2;138;146;154m[48;2;186;194;204m▀[0m[38;2;116;124;130m[48;2;185;193;205m▀[0m[38;2;108;113;118m[48;2;197;207;218m▀[0m[38;2;128;135;140m[48;2;194;198;212m▀[0m[38;2;158;168;179m[48;2;176;184;196m▀[0m[38;2;20;22;22m[48;2;161;170;177m▀[0m[38;2;0;0;0m[48;2;0;0;0m▀[0m[38;2;0;0;0m[48;2;0;0;0m▀[0m[38;2;0;0;0m[48;2;0;0;0m▀[0m[38;2;0;0;0m[48;2;110;46;42m▀[0m[38;2;62;25;23m[48;2;49;21;23m▀[0m[38;2;30;12;11m[48;2;43;18;20m▀[0m[38;2;0;0;0m[48;2;99;44;42m▀[0m[38;2;0;0;0m[48;2;79;37;37m▀[0m[38;2;0;0;0m[48;2;78;39;42m▀[0m[38;2;0;0;0m[48;2;23;14;17m▀[0m[38;2;0;0;0m[48;2;0;0;0m▀[0m[38;2;85;21;18m[48;2;59;19;18m▀[0m[38;2;0;0;0m[48;2;107;20;12m▀[0m[38;2;23;33;35m[48;2;8;32;33m▀[0m[38;2;247;247;247m[48;2;247;247;247m▀[0m[38;2;247;247;247m[48;2;247;247;247m▀[0m[38;2;247;247;247m[48;2;50;59;59m▀[0m[38;2;247;247;247m[48;2;0;0;0m▀[0m[38;2;97;79;78m[48;2;78;7;1m▀[0m[38;2;61;0;0m[48;2;13;1;0m▀[0m[38;2;31;18;18m[48;2;0;0;0m▀[0m[38;2;0;0;0m[48;2;16;10;9m▀[0m[38;2;0;0;0m[48;2;73;36;32m▀[0m[38;2;0;0;0m[48;2;92;42;36m▀[0m[38;2;6;3;5m[48;2;122;55;49m▀[0m[38;2;37;15;13m[48;2;27;12;11m▀[0m[38;2;45;19;17m[48;2;73;32;25m▀[0m[38;2;0;0;0m[48;2;55;21;17m▀[0m[38;2;0;0;0m[48;2;0;0;0m▀[0m[38;2;0;0;0m[48;2;0;0;0m▀[0m[38;2;0;0;0m[48;2;0;0;0m▀[0m[38;2;7;10;12m[48;2;184;198;212m▀[0m[38;2;174;191;202m[48;2;180;192;201m▀[0m[38;2;154;165;172m[48;2;169;180;190m▀[0m[38;2;125;133;137m[48;2;178;189;199m▀[0m[38;2;124;131;138m[48;2;168;179;187m▀[0m[38;2;126;133;140m[48;2;163;175;181m▀[0m[38;2;130;138;146m[48;2;161;172;179m▀[0m[38;2;138;146;157m[48;2;159;168;177m▀[0m[38;2;141;151;162m[48;2;158;167;175m▀[0m[38;2;136;148;159m[48;2;152;163;173m▀[0m[38;2;150;161;168m[48;2;157;166;175m▀[0m[38;2;156;165;173m[48;2;163;175;183m▀[0m[38;2;162;168;182m[48;2;159;172;177m▀[0m[38;2;166;176;194m[48;2;156;172;182m▀[0m[38;2;156;170;178m[48;2;154;165;175m▀[0m[38;2;142;154;160m[48;2;153;164;172m▀[0m[38;2;139;150;158m[48;2;153;163;173m▀[0m[38;2;142;150;159m[48;2;150;160;171m▀[0m[38;2;130;139;146m[48;2;149;159;166m▀[0m[38;2;128;138;145m[48;2;154;164;172m▀[0m[38;2;182;190;196m[48;2;184;195;205m▀[0m[38;2;141;153;163m[48;2;186;197;209m▀[0m[38;2;130;138;149m[48;2;188;194;202m▀[0m
[38;2;0;0;0m[48;2;0;0;0m▀[0m[38;2;0;0;0m[48;2;0;0;0m▀[0m[38;2;0;0;0m[48;2;0;0;0m▀[0m[38;2;49;49;53m[48;2;151;160;166m▀[0m[38;2;224;235;247m[48;2;148;158;165m▀[0m[38;2;163;172;178m[48;2;156;164;170m▀[0m[38;2;157;166;174m[48;2;164;173;180m▀[0m[38;2;167;182;190m[48;2;247;247;247m▀[0m[38;2;88;93;97m[48;2;110;116;121m▀[0m[38;2;56;59;61m[48;2;116;123;129m▀[0m[38;2;175;187;197m[48;2;199;214;222m▀[0m[38;2;145;155;166m[48;2;164;174;183m▀[0m[38;2;143;153;161m[48;2;154;163;172m▀[0m[38;2;138;145;153m[48;2;158;166;172m▀[0m[38;2;139;144;154m[48;2;154;162;169m▀[0m[38;2;141;147;155m[48;2;156;163;170m▀[0m[38;2;134;142;150m[48;2;159;166;174m▀[0m[38;2;129;135;143m[48;2;159;164;172m▀[0m[38;2;126;132;139m[48;2;169;178;185m▀[0m[38;2;137;144;152m[48;2;180;191;201m▀[0m[38;2;123;129;137m[48;2;219;226;241m▀[0m[38;2;126;135;143m[48;2;230;247;247m▀[0m[38;2;117;119;127m[48;2;180;202;215m▀[0m[38;2;0;0;0m[48;2;97;82;82m▀[0m[38;2;50;19;14m[48;2;39;2;2m▀[0m[38;2;71;31;30m[48;2;0;0;0m▀[0m[38;2;0;0;0m[48;2;23;10;15m▀[0m[38;2;0;0;0m[48;2;0;0;0m▀[0m[38;2;3;0;0m[48;2;0;0;0m▀[0m[38;2;0;0;0m[48;2;0;0;0m▀[0m[38;2;0;0;0m[48;2;12;11;11m▀[0m[38;2;0;0;0m[48;2;0;0;0m▀[0m[38;2;0;0;0m[48;2;0;0;0m▀[0m[38;2;0;0;0m[48;2;0;0;0m▀[0m[38;2;64;20;15m[48;2;0;0;0m▀[0m[38;2;25;0;0m[48;2;18;0;0m▀[0m[38;2;0;0;0m[48;2;43;39;39m▀[0m[38;2;0;0;0m[48;2;247;247;247m▀[0m[38;2;0;0;0m[48;2;69;44;44m▀[0m[38;2;68;7;3m[48;2;18;0;0m▀[0m[38;2;32;6;4m[48;2;0;0;0m▀[0m[38;2;0;0;0m[48;2;0;0;0m▀[0m[38;2;0;0;0m[48;2;0;0;0m▀[0m[38;2;0;0;0m[48;2;0;0;0m▀[0m[38;2;3;2;2m[48;2;0;0;0m▀[0m[38;2;0;0;0m[48;2;0;0;0m▀[0m[38;2;0;1;2m[48;2;0;0;0m▀[0m[38;2;0;0;0m[48;2;7;6;6m▀[0m[38;2;0;0;0m[48;2;9;5;9m▀[0m[38;2;103;43;34m[48;2;0;1;0m▀[0m[38;2;12;0;0m[48;2;57;2;0m▀[0m[38;2;0;8;12m[48;2;77;74;80m▀[0m[38;2;153;164;172m[48;2;247;247;247m▀[0m[38;2;134;148;153m[48;2;245;247;247m▀[0m[38;2;101;113;117m[48;2;222;240;247m▀[0m[38;2;149;161;168m[48;2;203;218;226m▀[0m[38;2;182;192;204m[48;2;176;187;197m▀[0m[38;2;168;180;192m[48;2;170;181;191m▀[0m[38;2;168;179;186m[48;2;164;176;184m▀[0m[38;2;165;175;184m[48;2;161;175;180m▀[0m[38;2;167;179;186m[48;2;162;172;181m▀[0m[38;2;163;173;182m[48;2;164;174;183m▀[0m[38;2;152;157;169m[48;2;170;177;188m▀[0m[38;2;153;160;168m[48;2;163;171;180m▀[0m[38;2;159;166;175m[48;2;155;162;171m▀[0m[38;2;159;166;175m[48;2;149;157;167m▀[0m[38;2;157;166;175m[48;2;148;156;163m▀[0m[38;2;161;173;180m[48;2;152;161;169m▀[0m[38;2;174;185;196m[48;2;160;166;179m▀[0m[38;2;173;185;194m[48;2;148;159;165m▀[0m[38;2;175;187;196m[48;2;142;151;158m▀[0m[38;2;177;187;195m[48;2;151;159;169m▀[0m[38;2;185;196;210m[48;2;161;169;180m▀[0m[38;2;189;205;217m[48;2;193;204;219m▀[0m[38;2;24;27;32m[48;2;0;0;0m▀[0m[38;2;7;7;8m[48;2;0;0;0m▀[0m
[38;2;0;0;0m[48;2;0;0;0m▀[0m[38;2;0;0;0m[48;2;0;0;0m▀[0m[38;2;0;0;0m[48;2;0;0;0m▀[0m[38;2;137;142;148m[48;2;95;101;106m▀[0m[38;2;0;0;0m[48;2;247;247;247m▀[0m[38;2;173;183;195m[48;2;174;185;196m▀[0m[38;2;51;54;56m[48;2;0;0;0m▀[0m[38;2;122;129;136m[48;2;0;0;0m▀[0m[38;2;0;0;0m[48;2;0;0;0m▀[0m[38;2;190;204;212m[48;2;0;0;0m▀[0m[38;2;247;247;247m[48;2;105;114;117m▀[0m[38;2;197;214;222m[48;2;143;152;158m▀[0m[38;2;169;181;189m[48;2;138;146;154m▀[0m[38;2;201;214;225m[48;2;138;149;156m▀[0m[38;2;189;201;209m[48;2;152;160;168m▀[0m[38;2;187;198;206m[48;2;151;161;171m▀[0m[38;2;190;197;208m[48;2;158;165;177m▀[0m[38;2;187;199;210m[48;2;167;180;190m▀[0m[38;2;194;208;219m[48;2;213;229;241m▀[0m[38;2;224;234;247m[48;2;63;73;79m▀[0m[38;2;178;193;204m[48;2;0;0;0m▀[0m[38;2;135;157;165m[48;2;67;3;0m▀[0m[38;2;62;64;66m[48;2;21;0;0m▀[0m[38;2;0;0;0m[48;2;0;0;0m▀[0m[38;2;0;0;0m[48;2;26;10;10m▀[0m[38;2;32;14;14m[48;2;0;0;0m▀[0m[38;2;0;0;0m[48;2;3;4;1m▀[0m[38;2;10;9;9m[48;2;30;19;21m▀[0m[38;2;0;0;1m[48;2;0;0;0m▀[0m[38;2;14;8;8m[48;2;31;16;19m▀[0m[38;2;36;22;22m[48;2;25;14;17m▀[0m[38;2;0;4;4m[48;2;0;0;0m▀[0m[38;2;9;13;13m[48;2;0;0;0m▀[0m[38;2;4;7;7m[48;2;17;10;11m▀[0m[38;2;5;1;4m[48;2;11;3;3m▀[0m[38;2;0;0;0m[48;2;0;0;0m▀[0m[38;2;0;0;0m[48;2;148;155;161m▀[0m[38;2;35;41;41m[48;2;165;176;182m▀[0m[38;2;29;2;5m[48;2;73;36;36m▀[0m[38;2;0;0;0m[48;2;0;0;0m▀[0m[38;2;5;1;1m[48;2;18;7;7m▀[0m[38;2;0;0;0m[48;2;0;0;0m▀[0m[38;2;0;0;0m[48;2;0;0;0m▀[0m[38;2;9;7;5m[48;2;9;5;5m▀[0m[38;2;23;12;12m[48;2;67;38;36m▀[0m[38;2;0;0;0m[48;2;0;0;0m▀[0m[38;2;9;5;5m[48;2;26;13;13m▀[0m[38;2;6;6;6m[48;2;21;15;15m▀[0m[38;2;16;9;9m[48;2;1;0;0m▀[0m[38;2;12;5;6m[48;2;13;2;4m▀[0m[38;2;17;4;4m[48;2;30;16;16m▀[0m[38;2;0;0;0m[48;2;0;0;0m▀[0m[38;2;34;29;31m[48;2;31;0;0m▀[0m[38;2;106;106;110m[48;2;70;0;0m▀[0m[38;2;118;124;131m[48;2;0;0;0m▀[0m[38;2;158;167;175m[48;2;0;0;0m▀[0m[38;2;217;228;240m[48;2;97;103;108m▀[0m[38;2;185;197;207m[48;2;206;214;222m▀[0m[38;2;175;187;196m[48;2;185;188;193m▀[0m[38;2;172;185;193m[48;2;170;176;179m▀[0m[38;2;168;181;191m[48;2;177;183;186m▀[0m[38;2;170;185;195m[48;2;168;171;171m▀[0m[38;2;174;185;200m[48;2;177;183;187m▀[0m[38;2;173;186;194m[48;2;183;189;194m▀[0m[38;2;180;194;205m[48;2;130;137;138m▀[0m[38;2;185;196;206m[48;2;49;53;52m▀[0m[38;2;174;185;194m[48;2;79;81;83m▀[0m[38;2;173;186;193m[48;2;86;90;91m▀[0m[38;2;180;190;198m[48;2;90;93;100m▀[0m[38;2;166;178;186m[48;2;89;96;104m▀[0m[38;2;161;172;183m[48;2;96;103;112m▀[0m[38;2;173;181;192m[48;2;116;124;132m▀[0m[38;2;180;188;202m[48;2;118;129;136m▀[0m[38;2;134;146;160m[48;2;91;109;118m▀[0m[38;2;88;98;106m[48;2;104;123;132m▀[0m[38;2;0;0;0m[48;2;7;13;12m▀[0m
[38;2;0;0;0m[48;2;19;16;18m▀[0m[38;2;0;0;0m[48;2;0;0;0m▀[0m[38;2;0;0;0m[48;2;0;0;0m▀[0m[38;2;0;0;0m[48;2;0;0;0m▀[0m[38;2;78;82;86m[48;2;50;54;57m▀[0m[38;2;58;60;61m[48;2;247;247;247m▀[0m[38;2;0;0;0m[48;2;224;240;247m▀[0m[38;2;0;0;0m[48;2;86;91;96m▀[0m[38;2;0;0;0m[48;2;0;0;0m▀[0m[38;2;0;0;0m[48;2;138;146;153m▀[0m[38;2;0;0;0m[48;2;247;247;247m▀[0m[38;2;0;0;0m[48;2;191;203;215m▀[0m[38;2;0;0;0m[48;2;24;27;26m▀[0m[38;2;0;0;0m[48;2;154;163;171m▀[0m[38;2;112;115;116m[48;2;212;220;231m▀[0m[38;2;106;112;116m[48;2;197;210;218m▀[0m[38;2;132;140;147m[48;2;197;209;220m▀[0m[38;2;152;158;165m[48;2;0;0;0m▀[0m[38;2;0;0;0m[48;2;0;0;0m▀[0m[38;2;0;0;0m[48;2;0;0;0m▀[0m[38;2;0;0;0m[48;2;104;119;125m▀[0m[38;2;17;0;0m[48;2;214;241;247m▀[0m[38;2;11;20;20m[48;2;73;105;117m▀[0m[38;2;0;0;0m[48;2;22;0;0m▀[0m[38;2;0;0;0m[48;2;121;61;58m▀[0m[38;2;13;6;6m[48;2;27;18;16m▀[0m[38;2;82;47;44m[48;2;41;23;20m▀[0m[38;2;0;0;0m[48;2;9;2;5m▀[0m[38;2;0;0;0m[48;2;0;0;0m▀[0m[38;2;64;36;36m[48;2;55;29;29m▀[0m[38;2;0;0;0m[48;2;47;25;19m▀[0m[38;2;0;0;0m[48;2;0;0;0m▀[0m[38;2;0;0;0m[48;2;0;0;0m▀[0m[38;2;47;16;21m[48;2;13;0;0m▀[0m[38;2;25;1;0m[48;2;70;18;7m▀[0m[38;2;0;0;0m[48;2;0;0;0m▀[0m[38;2;111;122;126m[48;2;0;0;0m▀[0m[38;2;247;247;247m[48;2;116;122;133m▀[0m[38;2;16;0;0m[48;2;0;0;0m▀[0m[38;2;0;0;0m[48;2;0;0;0m▀[0m[38;2;38;15;15m[48;2;0;0;0m▀[0m[38;2;34;12;12m[48;2;0;0;0m▀[0m[38;2;0;0;0m[48;2;0;0;0m▀[0m[38;2;0;0;0m[48;2;0;0;0m▀[0m[38;2;45;25;22m[48;2;46;20;20m▀[0m[38;2;0;0;0m[48;2;4;1;1m▀[0m[38;2;0;0;0m[48;2;0;0;0m▀[0m[38;2;81;46;44m[48;2;21;12;10m▀[0m[38;2;13;7;10m[48;2;39;20;21m▀[0m[38;2;41;23;19m[48;2;0;0;0m▀[0m[38;2;0;0;0m[48;2;42;25;22m▀[0m[38;2;0;0;0m[48;2;106;40;38m▀[0m[38;2;0;0;0m[48;2;46;15;10m▀[0m[38;2;64;72;76m[48;2;74;94;97m▀[0m[38;2;30;32;34m[48;2;247;247;247m▀[0m[38;2;0;0;0m[48;2;219;235;245m▀[0m[38;2;0;0;0m[48;2;57;60;60m▀[0m[38;2;0;0;0m[48;2;0;0;0m▀[0m[38;2;134;142;153m[48;2;158;168;180m▀[0m[38;2;145;153;157m[48;2;201;214;225m▀[0m[38;2;141;149;157m[48;2;181;192;204m▀[0m[38;2;92;95;98m[48;2;187;201;212m▀[0m[38;2;68;70;71m[48;2;186;197;208m▀[0m[38;2;89;89;86m[48;2;172;183;194m▀[0m[38;2;130;130;124m[48;2;179;189;203m▀[0m[38;2;171;169;164m[48;2;172;189;197m▀[0m[38;2;180;179;177m[48;2;168;185;196m▀[0m[38;2;180;182;183m[48;2;169;187;196m▀[0m[38;2;213;210;210m[48;2;175;190;201m▀[0m[38;2;247;245;243m[48;2;188;202;212m▀[0m[38;2;228;222;218m[48;2;167;179;189m▀[0m[38;2;214;210;203m[48;2;161;171;181m▀[0m[38;2;203;201;196m[48;2;193;204;223m▀[0m[38;2;145;140;144m[48;2;29;35;38m▀[0m[38;2;171;169;166m[48;2;0;0;0m▀[0m[38;2;54;57;62m[48;2;122;127;136m▀[0m
[38;2;96;97;101m[48;2;0;0;0m▀[0m[38;2;0;0;0m[48;2;0;0;0m▀[0m[38;2;100;102;100m[48;2;155;157;155m▀[0m[38;2;0;0;0m[48;2;0;0;0m▀[0m[38;2;0;0;0m[48;2;0;0;0m▀[0m[38;2;178;194;203m[48;2;36;39;40m▀[0m[38;2;225;243;247m[48;2;117;123;134m▀[0m[38;2;10;12;13m[48;2;29;29;31m▀[0m[38;2;0;0;0m[48;2;0;1;2m▀[0m[38;2;37;40;42m[48;2;13;13;15m▀[0m[38;2;235;247;247m[48;2;77;84;88m▀[0m[38;2;207;215;229m[48;2;189;196;207m▀[0m[38;2;85;90;95m[48;2;187;196;205m▀[0m[38;2;165;177;187m[48;2;182;189;200m▀[0m[38;2;175;187;197m[48;2;171;178;191m▀[0m[38;2;186;196;206m[48;2;174;182;194m▀[0m[38;2;151;160;165m[48;2;193;203;214m▀[0m[38;2;0;0;0m[48;2;204;219;229m▀[0m[38;2;18;20;20m[48;2;218;229;240m▀[0m[38;2;201;216;226m[48;2;243;247;247m▀[0m[38;2;247;247;247m[48;2;97;109;119m▀[0m[38;2;68;82;87m[48;2;0;0;0m▀[0m[38;2;35;0;0m[48;2;128;54;47m▀[0m[38;2;163;75;68m[48;2;0;0;0m▀[0m[38;2;6;0;0m[48;2;0;0;0m▀[0m[38;2;0;0;0m[48;2;153;80;81m▀[0m[38;2;140;69;70m[48;2;47;22;24m▀[0m[38;2;32;17;19m[48;2;0;4;7m▀[0m[38;2;0;0;0m[48;2;0;0;0m▀[0m[38;2;90;48;48m[48;2;79;39;37m▀[0m[38;2;138;119;111m[48;2;115;82;77m▀[0m[38;2;0;0;0m[48;2;0;0;0m▀[0m[38;2;6;0;0m[48;2;0;0;0m▀[0m[38;2;152;175;186m[48;2;65;85;89m▀[0m[38;2;161;153;157m[48;2;171;166;174m▀[0m[38;2;0;0;0m[48;2;0;0;0m▀[0m[38;2;0;0;0m[48;2;0;0;0m▀[0m[38;2;56;54;64m[48;2;0;0;0m▀[0m[38;2;0;0;0m[48;2;0;0;0m▀[0m[38;2;0;0;0m[48;2;0;0;0m▀[0m[38;2;44;58;63m[48;2;203;226;232m▀[0m[38;2;128;151;154m[48;2;247;247;247m▀[0m[38;2;38;19;18m[48;2;71;65;67m▀[0m[38;2;0;0;0m[48;2;0;0;0m▀[0m[38;2;168;86;81m[48;2;59;39;32m▀[0m[38;2;0;0;0m[48;2;64;38;34m▀[0m[38;2;0;0;0m[48;2;0;0;0m▀[0m[38;2;0;0;0m[48;2;0;0;0m▀[0m[38;2;31;17;15m[48;2;0;0;0m▀[0m[38;2;73;33;30m[48;2;149;75;67m▀[0m[38;2;16;19;15m[48;2;62;19;17m▀[0m[38;2;89;64;59m[48;2;78;103;103m▀[0m[38;2;128;42;36m[48;2;125;128;127m▀[0m[38;2;34;0;0m[48;2;0;0;0m▀[0m[38;2;0;0;0m[48;2;0;0;0m▀[0m[38;2;225;242;247m[48;2;37;41;44m▀[0m[38;2;224;238;247m[48;2;188;197;208m▀[0m[38;2;194;205;217m[48;2;158;165;174m▀[0m[38;2;177;189;202m[48;2;145;153;160m▀[0m[38;2;161;172;180m[48;2;142;148;156m▀[0m[38;2;160;172;180m[48;2;136;144;152m▀[0m[38;2;159;169;180m[48;2;137;145;150m▀[0m[38;2;164;174;185m[48;2;138;146;151m▀[0m[38;2;163;175;189m[48;2;132;140;148m▀[0m[38;2;161;171;183m[48;2;130;140;149m▀[0m[38;2;164;172;185m[48;2;134;142;151m▀[0m[38;2;157;169;177m[48;2;133;140;149m▀[0m[38;2;155;162;171m[48;2;133;138;147m▀[0m[38;2;149;161;169m[48;2;136;142;150m▀[0m[38;2;139;156;161m[48;2;148;153;164m▀[0m[38;2;150;166;171m[48;2;129;137;139m▀[0m[38;2;166;177;192m[48;2;71;77;82m▀[0m[38;2;160;170;185m[48;2;141;149;157m▀[0m[38;2;170;181;193m[48;2;142;151;153m▀[0m[38;2;159;166;173m[48;2;153;160;163m▀[0m[38;2;169;180;187m[48;2;152;159;165m▀[0m
