[38;2;122;153;153m[48;2;90;111;110m▀[0m[38;2;29;36;33m[48;2;15;18;18m▀[0m[38;2;95;114;109m[48;2;88;107;102m▀[0m[38;2;48;61;61m[48;2;48;61;58m▀[0m[38;2;161;196;190m[48;2;161;198;194m▀[0m[38;2;128;162;157m[48;2;142;179;173m▀[0m[38;2;138;177;171m[48;2;125;159;153m▀[0m[38;2;133;169;162m[48;2;0;0;0m▀[0m[38;2;52;67;68m[48;2;81;99;101m▀[0m[38;2;111;144;139m[48;2;142;177;174m▀[0m[38;2;122;152;148m[48;2;99;123;120m▀[0m[38;2;117;144;141m[48;2;126;158;153m▀[0m[38;2;122;147;144m[48;2;119;147;144m▀[0m[38;2;121;146;144m[48;2;124;141;144m▀[0m[38;2;124;152;151m[48;2;125;153;149m▀[0m[38;2;139;169;165m[48;2;142;177;167m▀[0m[38;2;117;146;142m[48;2;111;140;137m▀[0m[38;2;83;112;107m[48;2;28;47;49m▀[0m[38;2;53;66;64m[48;2;101;126;119m▀[0m[38;2;115;143;142m[48;2;87;114;111m▀[0m[38;2;0;0;0m[48;2;0;0;0m▀[0m[38;2;0;0;0m[48;2;0;0;0m▀[0m[38;2;0;0;0m[48;2;0;0;0m▀[0m[38;2;0;0;0m[48;2;0;1;1m▀[0m[38;2;36;45;47m[48;2;44;57;58m▀[0m[38;2;1;0;2m[48;2;33;39;39m▀[0m[38;2;14;13;13m[48;2;0;0;0m▀[0m[38;2;6;9;9m[48;2;0;3;3m▀[0m[38;2;0;0;0m[48;2;3;7;9m▀[0m[38;2;27;25;25m[48;2;43;43;45m▀[0m[38;2;138;132;126m[48;2;204;210;208m▀[0m[38;2;229;229;229m[48;2;222;225;222m▀[0m[38;2;229;229;229m[48;2;229;229;229m▀[0m[38;2;229;229;229m[48;2;229;229;229m▀[0m[38;2;229;229;229m[48;2;229;229;229m▀[0m[38;2;229;229;229m[48;2;119;122;119m▀[0m[38;2;130;129;130m[48;2;0;0;0m▀[0m[38;2;0;0;0m[48;2;0;0;0m▀[0m[38;2;0;0;0m[48;2;0;0;0m▀[0m[38;2;3;6;8m[48;2;0;0;0m▀[0m[38;2;0;0;0m[48;2;0;10;6m▀[0m[38;2;114;108;110m[48;2;0;0;0m▀[0m[38;2;229;229;229m[48;2;229;229;229m▀[0m[38;2;229;229;229m[48;2;229;229;229m▀[0m[38;2;229;229;229m[48;2;229;229;229m▀[0m[38;2;229;229;229m[48;2;229;229;229m▀[0m[38;2;112;112;113m[48;2;0;0;0m▀[0m[38;2;53;54;54m[48;2;0;0;0m▀[0m[38;2;0;0;0m[48;2;0;12;13m▀[0m[38;2;0;0;0m[48;2;0;0;0m▀[0m[38;2;0;0;0m[48;2;0;0;0m▀[0m[38;2;229;0;0m[48;2;229;0;0m▀[0m[38;2;0;0;0m[48;2;90;0;0m▀[0m[38;2;0;27;28m[48;2;0;0;0m▀[0m[38;2;58;88;87m[48;2;75;116;112m▀[0m[38;2;126;164;157m[48;2;86;125;115m▀[0m[38;2;72;92;92m[48;2;117;155;151m▀[0m[38;2;103;127;129m[48;2;64;85;87m▀[0m[38;2;144;180;172m[48;2;132;166;159m▀[0m[38;2;126;156;151m[48;2;121;150;146m▀[0m[38;2;121;150;150m[48;2;135;162;160m▀[0m[38;2;122;151;147m[48;2;126;153;150m▀[0m[38;2;122;150;146m[48;2;126;154;151m▀[0m[38;2;123;150;146m[48;2;121;155;146m▀[0m[38;2;124;157;151m[48;2;125;158;152m▀[0m[38;2;90;111;110m[48;2;126;157;153m▀[0m[38;2;115;142;139m[48;2;97;107;113m▀[0m[38;2;129;157;153m[48;2;134;165;162m▀[0m[38;2;127;152;148m[48;2;133;161;156m▀[0m[38;2;124;155;150m[48;2;128;155;154m▀[0m[38;2;132;164;161m[48;2;135;163;161m▀[0m[38;2;105;131;133m[48;2;121;148;148m▀[0m[38;2;90;115;111m[48;2;93;117;117m▀[0m[38;2;79;100;87m[48;2;87;103;97m▀[0m[38;2;0;0;0m[48;2;0;7;9m▀[0m[38;2;98;126;123m[48;2;108;141;139m▀[0m
[38;2;76;90;90m[48;2;61;74;74m▀[0m[38;2;21;27;27m[48;2;36;45;43m▀[0m[38;2;70;93;91m[48;2;67;91;89m▀[0m[38;2;67;84;81m[48;2;110;140;138m▀[0m[38;2;172;214;209m[48;2;136;170;164m▀[0m[38;2;119;147;144m[48;2;81;98;95m▀[0m[38;2;45;50;50m[48;2;40;51;54m▀[0m[38;2;83;99;99m[48;2;81;111;112m▀[0m[38;2;167;206;205m[48;2;81;102;106m▀[0m[38;2;92;116;113m[48;2;72;85;87m▀[0m[38;2;115;140;136m[48;2;135;162;154m▀[0m[38;2;127;159;154m[48;2;119;153;144m▀[0m[38;2;120;148;144m[48;2;120;153;149m▀[0m[38;2;122;147;144m[48;2;125;154;151m▀[0m[38;2;125;154;151m[48;2;126;159;155m▀[0m[38;2;155;185;184m[48;2;152;189;187m▀[0m[38;2;72;96;96m[48;2;37;49;47m▀[0m[38;2;35;43;42m[48;2;69;76;75m▀[0m[38;2;117;146;143m[48;2;176;228;225m▀[0m[38;2;92;127;126m[48;2;33;40;42m▀[0m[38;2;0;0;0m[48;2;0;0;0m▀[0m[38;2;0;0;0m[48;2;0;0;0m▀[0m[38;2;0;0;0m[48;2;0;0;0m▀[0m[38;2;18;25;26m[48;2;34;46;45m▀[0m[38;2;44;61;63m[48;2;62;82;84m▀[0m[38;2;5;5;7m[48;2;0;0;0m▀[0m[38;2;1;3;3m[48;2;0;0;0m▀[0m[38;2;0;0;0m[48;2;0;0;0m▀[0m[38;2;30;32;36m[48;2;17;20;18m▀[0m[38;2;96;91;96m[48;2;150;160;162m▀[0m[38;2;180;180;175m[48;2;156;154;157m▀[0m[38;2;229;229;229m[48;2;229;229;229m▀[0m[38;2;229;229;229m[48;2;229;229;229m▀[0m[38;2;229;229;229m[48;2;229;229;229m▀[0m[38;2;229;229;229m[48;2;229;229;229m▀[0m[38;2;72;72;70m[48;2;201;200;198m▀[0m[38;2;0;0;0m[48;2;97;94;96m▀[0m[38;2;75;81;81m[48;2;203;223;226m▀[0m[38;2;147;163;162m[48;2;171;190;192m▀[0m[38;2;183;204;203m[48;2;158;180;179m▀[0m[38;2;133;147;144m[48;2;152;163;164m▀[0m[38;2;137;136;135m[48;2;229;229;229m▀[0m[38;2;229;229;229m[48;2;229;229;229m▀[0m[38;2;229;229;229m[48;2;229;229;229m▀[0m[38;2;229;229;229m[48;2;110;102;112m▀[0m[38;2;26;20;23m[48;2;0;0;0m▀[0m[38;2;0;0;0m[48;2;0;0;0m▀[0m[38;2;49;73;75m[48;2;46;68;72m▀[0m[38;2;23;43;47m[48;2;27;51;52m▀[0m[38;2;0;0;0m[48;2;0;14;15m▀[0m[38;2;0;0;0m[48;2;0;0;0m▀[0m[38;2;229;0;0m[48;2;229;0;0m▀[0m[38;2;229;3;0m[48;2;229;0;0m▀[0m[38;2;0;0;0m[48;2;0;12;11m▀[0m[38;2;21;72;72m[48;2;0;0;0m▀[0m[38;2;82;123;120m[48;2;77;119;119m▀[0m[38;2;108;144;139m[48;2;102;140;140m▀[0m[38;2;72;97;93m[48;2;84;111;108m▀[0m[38;2;110;142;137m[48;2;95;122;119m▀[0m[38;2;102;126;124m[48;2;146;185;177m▀[0m[38;2;109;134;130m[48;2;100;118;117m▀[0m[38;2;134;165;162m[48;2;83;100;101m▀[0m[38;2;129;157;154m[48;2;127;155;154m▀[0m[38;2;126;156;151m[48;2;131;159;155m▀[0m[38;2;127;155;152m[48;2;127;157;152m▀[0m[38;2;129;164;155m[48;2;125;158;153m▀[0m[38;2;128;157;153m[48;2;150;188;181m▀[0m[38;2;55;72;74m[48;2;22;24;25m▀[0m[38;2;133;161;157m[48;2;29;39;41m▀[0m[38;2;137;165;164m[48;2;160;198;191m▀[0m[38;2;136;163;163m[48;2;131;162;161m▀[0m[38;2;128;158;157m[48;2;136;169;168m▀[0m[38;2;88;117;114m[48;2;83;109;108m▀[0m[38;2;94;117;107m[48;2;103;126;120m▀[0m[38;2;0;3;2m[48;2;0;0;0m▀[0m[38;2;110;143;139m[48;2;108;139;137m▀[0m
[38;2;49;57;59m[48;2;33;36;39m▀[0m[38;2;54;68;61m[48;2;65;79;75m▀[0m[38;2;56;71;64m[48;2;72;88;85m▀[0m[38;2;45;57;54m[48;2;46;61;61m▀[0m[38;2;90;116;113m[48;2;67;88;90m▀[0m[38;2;52;65;65m[48;2;113;132;130m▀[0m[38;2;99;113;113m[48;2;167;189;184m▀[0m[38;2;89;113;111m[48;2;139;172;165m▀[0m[38;2;90;114;114m[48;2;136;168;164m▀[0m[38;2;126;148;144m[48;2;131;158;154m▀[0m[38;2;133;154;154m[48;2;120;153;146m▀[0m[38;2;121;149;145m[48;2;121;154;153m▀[0m[38;2;125;154;151m[48;2;127;155;154m▀[0m[38;2;128;156;155m[48;2;144;175;171m▀[0m[38;2;144;176;178m[48;2;105;126;127m▀[0m[38;2;91;126;122m[48;2;83;110;108m▀[0m[38;2;11;10;11m[48;2;64;81;80m▀[0m[38;2;155;194;193m[48;2;193;229;229m▀[0m[38;2;145;186;182m[48;2;28;34;34m▀[0m[38;2;0;0;0m[48;2;0;0;0m▀[0m[38;2;26;33;35m[48;2;67;81;84m▀[0m[38;2;0;0;0m[48;2;0;0;0m▀[0m[38;2;0;0;0m[48;2;0;0;0m▀[0m[38;2;50;66;70m[48;2;58;75;81m▀[0m[38;2;63;81;81m[48;2;70;89;91m▀[0m[38;2;6;12;13m[48;2;23;31;31m▀[0m[38;2;0;0;0m[48;2;0;0;0m▀[0m[38;2;0;0;0m[48;2;0;0;0m▀[0m[38;2;0;0;0m[48;2;12;18;18m▀[0m[38;2;3;5;3m[48;2;0;0;0m▀[0m[38;2;136;139;139m[48;2;0;0;0m▀[0m[38;2;116;117;117m[48;2;0;0;0m▀[0m[38;2;229;229;229m[48;2;27;27;27m▀[0m[38;2;229;229;229m[48;2;225;226;226m▀[0m[38;2;229;229;229m[48;2;229;229;229m▀[0m[38;2;229;229;229m[48;2;229;229;229m▀[0m[38;2;225;221;223m[48;2;229;229;229m▀[0m[38;2;124;135;137m[48;2;229;225;224m▀[0m[38;2;134;160;158m[48;2;132;139;137m▀[0m[38;2;139;158;157m[48;2;123;126;126m▀[0m[38;2;169;168;168m[48;2;229;229;229m▀[0m[38;2;229;229;229m[48;2;229;229;229m▀[0m[38;2;229;229;229m[48;2;169;169;170m▀[0m[38;2;111;111;115m[48;2;57;70;73m▀[0m[38;2;0;0;0m[48;2;0;0;0m▀[0m[38;2;0;0;0m[48;2;0;0;0m▀[0m[38;2;0;1;0m[48;2;0;0;0m▀[0m[38;2;52;78;78m[48;2;68;93;90m▀[0m[38;2;26;41;42m[48;2;13;30;30m▀[0m[38;2;0;38;41m[48;2;8;48;51m▀[0m[38;2;0;0;0m[48;2;0;1;5m▀[0m[38;2;229;0;0m[48;2;215;0;0m▀[0m[38;2;229;0;0m[48;2;229;0;0m▀[0m[38;2;167;33;27m[48;2;229;0;0m▀[0m[38;2;0;0;0m[48;2;0;39;37m▀[0m[38;2;15;57;57m[48;2;0;0;0m▀[0m[38;2;100;141;144m[48;2;25;45;49m▀[0m[38;2;100;134;128m[48;2;132;171;176m▀[0m[38;2;63;80;72m[48;2;40;57;57m▀[0m[38;2;150;186;180m[48;2;141;177;171m▀[0m[38;2;145;175;171m[48;2;146;178;174m▀[0m[38;2;110;132;134m[48;2;140;172;169m▀[0m[38;2;79;92;93m[48;2;118;151;147m▀[0m[38;2;126;152;150m[48;2;77;95;96m▀[0m[38;2;135;165;160m[48;2;119;146;143m▀[0m[38;2;129;159;153m[48;2;136;166;162m▀[0m[38;2;135;167;163m[48;2;131;160;159m▀[0m[38;2;140;167;164m[48;2;144;176;172m▀[0m[38;2;0;0;0m[48;2;108;136;132m▀[0m[38;2;99;126;129m[48;2;12;19;21m▀[0m[38;2;147;185;181m[48;2;91;120;119m▀[0m[38;2;141;176;174m[48;2;109;141;137m▀[0m[38;2;95;120;117m[48;2;77;101;99m▀[0m[38;2;112;140;132m[48;2;124;163;153m▀[0m[38;2;0;0;0m[48;2;0;0;0m▀[0m[38;2;103;132;128m[48;2;95;119;116m▀[0m
[38;2;18;20;20m[48;2;8;7;5m▀[0m[38;2;77;94;90m[48;2;103;130;124m▀[0m[38;2;86;107;105m[48;2;49;61;62m▀[0m[38;2;63;75;77m[48;2;114;138;136m▀[0m[38;2;117;144;144m[48;2;156;194;191m▀[0m[38;2;150;183;178m[48;2;125;159;156m▀[0m[38;2;129;154;150m[48;2;125;158;152m▀[0m[38;2;120;154;148m[48;2;124;153;149m▀[0m[38;2;122;150;146m[48;2;125;153;149m▀[0m[38;2;127;151;152m[48;2;128;152;149m▀[0m[38;2;121;154;147m[48;2;133;153;153m▀[0m[38;2;126;154;151m[48;2;133;162;158m▀[0m[38;2;140;174;171m[48;2;142;177;171m▀[0m[38;2;108;135;131m[48;2;37;44;44m▀[0m[38;2;66;83;80m[48;2;120;153;153m▀[0m[38;2;115;152;152m[48;2;110;143;142m▀[0m[38;2;83;110;107m[48;2;109;142;138m▀[0m[38;2;150;191;188m[48;2;11;17;17m▀[0m[38;2;0;0;0m[48;2;3;3;4m▀[0m[38;2;75;95;99m[48;2;71;88;90m▀[0m[38;2;9;12;13m[48;2;0;0;0m▀[0m[38;2;0;0;0m[48;2;0;0;0m▀[0m[38;2;4;11;15m[48;2;26;35;42m▀[0m[38;2;62;77;82m[48;2;66;87;90m▀[0m[38;2;72;96;96m[48;2;64;86;88m▀[0m[38;2;38;49;52m[48;2;54;72;72m▀[0m[38;2;0;0;0m[48;2;0;0;0m▀[0m[38;2;0;0;0m[48;2;0;0;0m▀[0m[38;2;28;38;36m[48;2;40;54;54m▀[0m[38;2;0;3;4m[48;2;5;9;9m▀[0m[38;2;5;19;18m[48;2;36;59;62m▀[0m[38;2;0;9;7m[48;2;0;0;0m▀[0m[38;2;0;0;0m[48;2;0;0;0m▀[0m[38;2;0;0;0m[48;2;0;0;0m▀[0m[38;2;0;0;0m[48;2;0;0;0m▀[0m[38;2;90;90;90m[48;2;0;0;0m▀[0m[38;2;189;189;186m[48;2;0;0;0m▀[0m[38;2;229;229;229m[48;2;0;0;0m▀[0m[38;2;229;229;229m[48;2;29;27;26m▀[0m[38;2;229;229;229m[48;2;139;136;143m▀[0m[38;2;229;229;229m[48;2;0;0;0m▀[0m[38;2;58;52;51m[48;2;0;3;6m▀[0m[38;2;25;41;46m[48;2;182;181;180m▀[0m[38;2;162;178;179m[48;2;168;168;166m▀[0m[38;2;0;0;0m[48;2;28;28;28m▀[0m[38;2;0;0;0m[48;2;23;29;30m▀[0m[38;2;0;0;0m[48;2;0;0;0m▀[0m[38;2;59;78;78m[48;2;30;40;40m▀[0m[38;2;6;18;18m[48;2;20;33;35m▀[0m[38;2;22;55;61m[48;2;12;36;33m▀[0m[38;2;0;38;45m[48;2;0;79;84m▀[0m[38;2;161;0;0m[48;2;120;0;0m▀[0m[38;2;229;0;0m[48;2;229;0;0m▀[0m[38;2;229;0;0m[48;2;229;0;0m▀[0m[38;2;96;36;31m[48;2;229;0;0m▀[0m[38;2;0;13;13m[48;2;0;69;66m▀[0m[38;2;0;0;0m[48;2;0;0;0m▀[0m[38;2;24;44;48m[48;2;0;0;0m▀[0m[38;2;81;121;123m[48;2;0;0;0m▀[0m[38;2;109;141;134m[48;2;62;86;83m▀[0m[38;2;162;200;193m[48;2;181;229;223m▀[0m[38;2;133;167;161m[48;2;140;172;169m▀[0m[38;2;135;169;162m[48;2;134;165;162m▀[0m[38;2;125;157;153m[48;2;135;169;162m▀[0m[38;2;80;94;94m[48;2;129;156;153m▀[0m[38;2;119;146;143m[48;2;82;95;96m▀[0m[38;2;136;166;165m[48;2;128;157;153m▀[0m[38;2;128;162;155m[48;2;135;164;160m▀[0m[38;2;139;175;169m[48;2;126;159;153m▀[0m[38;2;122;155;150m[48;2;135;170;163m▀[0m[38;2;72;95;91m[48;2;131;166;159m▀[0m[38;2;134;170;162m[48;2;141;177;169m▀[0m[38;2;90;115;112m[48;2;98;125;121m▀[0m[38;2;124;165;157m[48;2;128;172;163m▀[0m[38;2;0;0;0m[48;2;0;0;0m▀[0m[38;2;90;119;114m[48;2;90;119;114m▀[0m
[38;2;2;0;2m[48;2;0;0;0m▀[0m[38;2;116;149;140m[48;2;132;166;160m▀[0m[38;2;46;56;56m[48;2;36;45;44m▀[0m[38;2;132;159;159m[48;2;132;163;162m▀[0m[38;2;138;172;167m[48;2;137;169;167m▀[0m[38;2;117;158;153m[48;2;129;156;153m▀[0m[38;2;124;153;149m[48;2;124;152;148m▀[0m[38;2;125;153;150m[48;2;123;153;148m▀[0m[38;2;124;153;149m[48;2;125;156;154m▀[0m[38;2;128;160;154m[48;2;133;164;161m▀[0m[38;2;126;157;150m[48;2;146;182;176m▀[0m[38;2;155;190;187m[48;2;126;153;153m▀[0m[38;2;53;58;58m[48;2;0;0;0m▀[0m[38;2;70;84;84m[48;2;153;193;189m▀[0m[38;2;127;162;159m[48;2;95;122;116m▀[0m[38;2;133;171;171m[48;2;145;187;186m▀[0m[38;2;81;105;103m[48;2;56;73;73m▀[0m[38;2;0;0;0m[48;2;0;0;0m▀[0m[38;2;72;90;93m[48;2;0;0;0m▀[0m[38;2;0;0;0m[48;2;0;0;0m▀[0m[38;2;0;0;0m[48;2;0;0;0m▀[0m[38;2;0;2;6m[48;2;14;14;21m▀[0m[38;2;39;52;56m[48;2;55;73;74m▀[0m[38;2;81;109;109m[48;2;64;85;87m▀[0m[38;2;40;53;51m[48;2;7;9;9m▀[0m[38;2;61;80;78m[48;2;45;63;63m▀[0m[38;2;0;0;0m[48;2;0;0;0m▀[0m[38;2;0;0;0m[48;2;0;0;0m▀[0m[38;2;61;79;81m[48;2;66;83;86m▀[0m[38;2;11;17;16m[48;2;14;24;26m▀[0m[38;2;22;44;44m[48;2;18;31;32m▀[0m[38;2;36;44;45m[48;2;27;27;25m▀[0m[38;2;100;125;131m[48;2;43;63;67m▀[0m[38;2;9;11;9m[48;2;0;0;0m▀[0m[38;2;18;21;18m[48;2;27;27;22m▀[0m[38;2;229;229;229m[48;2;168;207;216m▀[0m[38;2;184;211;215m[48;2;143;178;180m▀[0m[38;2;0;0;0m[48;2;95;125;134m▀[0m[38;2;73;114;127m[48;2;60;80;87m▀[0m[38;2;86;121;127m[48;2;74;97;107m▀[0m[38;2;0;0;0m[48;2;108;141;146m▀[0m[38;2;132;154;157m[48;2;133;164;167m▀[0m[38;2;229;229;229m[48;2;229;229;229m▀[0m[38;2;166;169;170m[48;2;92;98;101m▀[0m[38;2;0;0;0m[48;2;0;0;0m▀[0m[38;2;14;18;18m[48;2;0;0;0m▀[0m[38;2;74;82;82m[48;2;29;46;45m▀[0m[38;2;49;59;59m[48;2;87;101;100m▀[0m[38;2;7;19;19m[48;2;0;0;0m▀[0m[38;2;2;20;20m[48;2;17;40;40m▀[0m[38;2;0;71;76m[48;2;0;17;20m▀[0m[38;2;60;18;17m[48;2;1;72;76m▀[0m[38;2;229;0;0m[48;2;229;0;0m▀[0m[38;2;218;0;0m[48;2;47;0;0m▀[0m[38;2;229;0;0m[48;2;229;0;0m▀[0m[38;2;81;21;14m[48;2;229;0;0m▀[0m[38;2;0;62;55m[48;2;0;45;41m▀[0m[38;2;0;0;0m[48;2;0;30;30m▀[0m[38;2;0;0;0m[48;2;0;0;0m▀[0m[38;2;0;0;0m[48;2;58;93;94m▀[0m[38;2;92;114;114m[48;2;0;0;0m▀[0m[38;2;177;218;214m[48;2;44;52;54m▀[0m[38;2;144;176;171m[48;2;162;198;198m▀[0m[38;2;135;164;159m[48;2;156;195;189m▀[0m[38;2;141;172;167m[48;2;134;167;161m▀[0m[38;2;118;145;141m[48;2;146;181;174m▀[0m[38;2;91;113;112m[48;2;90;115;116m▀[0m[38;2;138;168;162m[48;2;110;135;129m▀[0m[38;2;128;158;153m[48;2;140;163;160m▀[0m[38;2;126;159;153m[48;2;127;156;152m▀[0m[38;2;130;160;154m[48;2;126;159;153m▀[0m[38;2;143;179;171m[48;2;142;175;170m▀[0m[38;2;86;111;108m[48;2;83;105;104m▀[0m[38;2;142;180;174m[48;2;145;180;178m▀[0m[38;2;0;0;0m[48;2;0;0;0m▀[0m[38;2;120;155;145m[48;2;106;139;132m▀[0m
[38;2;0;0;0m[48;2;0;0;0m▀[0m[38;2;146;180;174m[48;2;145;183;176m▀[0m[38;2;30;34;34m[48;2;29;29;29m▀[0m[38;2;142;173;172m[48;2;153;186;185m▀[0m[38;2;137;166;163m[48;2;136;174;170m▀[0m[38;2;132;157;154m[48;2;149;187;180m▀[0m[38;2;135;165;161m[48;2;117;145;145m▀[0m[38;2;137;175;168m[48;2;86;108;105m▀[0m[38;2;135;171;168m[48;2;81;108;105m▀[0m[38;2;127;159;154m[48;2;104;132;129m▀[0m[38;2;157;198;191m[48;2;126;160;156m▀[0m[38;2;20;23;22m[48;2;0;0;0m▀[0m[38;2;43;51;49m[48;2;126;155;150m▀[0m[38;2;179;228;218m[48;2;185;229;229m▀[0m[38;2;95;122;122m[48;2;71;86;88m▀[0m[38;2;87;116;117m[48;2;86;109;108m▀[0m[38;2;95;135;131m[48;2;25;35;35m▀[0m[38;2;0;0;0m[48;2;0;0;0m▀[0m[38;2;0;0;0m[48;2;0;0;0m▀[0m[38;2;0;0;0m[48;2;0;0;0m▀[0m[38;2;5;8;8m[48;2;0;0;0m▀[0m[38;2;0;4;9m[48;2;0;0;0m▀[0m[38;2;85;117;116m[48;2;17;43;45m▀[0m[38;2;3;10;10m[48;2;0;0;0m▀[0m[38;2;0;0;0m[48;2;0;0;0m▀[0m[38;2;13;23;23m[48;2;0;0;0m▀[0m[38;2;0;0;0m[48;2;0;0;0m▀[0m[38;2;15;21;22m[48;2;43;56;56m▀[0m[38;2;49;67;68m[48;2;15;27;27m▀[0m[38;2;20;34;35m[48;2;0;0;0m▀[0m[38;2;0;0;0m[48;2;0;0;0m▀[0m[38;2;12;20;17m[48;2;0;0;0m▀[0m[38;2;51;72;75m[48;2;0;16;18m▀[0m[38;2;0;0;0m[48;2;0;0;0m▀[0m[38;2;0;0;0m[48;2;0;0;0m▀[0m[38;2;125;149;159m[48;2;7;17;14m▀[0m[38;2;95;117;122m[48;2;70;90;78m▀[0m[38;2;0;0;0m[48;2;28;27;18m▀[0m[38;2;0;0;3m[48;2;0;11;16m▀[0m[38;2;122;150;158m[48;2;174;219;225m▀[0m[38;2;0;0;0m[48;2;87;95;97m▀[0m[38;2;54;71;77m[48;2;48;47;45m▀[0m[38;2;204;224;229m[48;2;74;91;86m▀[0m[38;2;48;45;47m[48;2;2;9;8m▀[0m[38;2;0;0;0m[48;2;0;0;0m▀[0m[38;2;0;0;0m[48;2;0;0;0m▀[0m[38;2;36;52;52m[48;2;10;20;18m▀[0m[38;2;73;91;90m[48;2;36;50;46m▀[0m[38;2;0;0;0m[48;2;0;0;0m▀[0m[38;2;35;57;54m[48;2;0;4;3m▀[0m[38;2;0;0;0m[48;2;7;21;21m▀[0m[38;2;0;79;81m[48;2;0;0;0m▀[0m[38;2;189;0;0m[48;2;16;39;36m▀[0m[38;2;117;0;0m[48;2;136;0;0m▀[0m[38;2;82;0;0m[48;2;0;0;0m▀[0m[38;2;229;0;0m[48;2;127;0;0m▀[0m[38;2;191;0;0m[48;2;229;0;0m▀[0m[38;2;0;51;50m[48;2;84;0;0m▀[0m[38;2;0;0;0m[48;2;0;0;0m▀[0m[38;2;81;132;134m[48;2;0;0;0m▀[0m[38;2;32;55;56m[48;2;7;19;21m▀[0m[38;2;0;0;0m[48;2;133;165;163m▀[0m[38;2;0;0;0m[48;2;72;103;102m▀[0m[38;2;104;125;126m[48;2;0;0;0m▀[0m[38;2;171;207;204m[48;2;32;35;34m▀[0m[38;2;150;177;174m[48;2;161;196;190m▀[0m[38;2;130;160;156m[48;2;164;200;193m▀[0m[38;2;81;105;101m[48;2;85;108;109m▀[0m[38;2;139;164;158m[48;2;116;147;138m▀[0m[38;2;130;157;154m[48;2;134;165;158m▀[0m[38;2;126;158;153m[48;2;127;159;153m▀[0m[38;2;143;178;172m[48;2;144;183;175m▀[0m[38;2;81;104;101m[48;2;80;100;99m▀[0m[38;2;150;181;180m[48;2;148;180;178m▀[0m[38;2;8;6;11m[48;2;20;24;24m▀[0m[38;2;83;112;103m[48;2;67;88;82m▀[0m
[38;2;6;9;9m[48;2;25;35;32m▀[0m[38;2;145;182;177m[48;2;137;179;170m▀[0m[38;2;27;33;33m[48;2;28;36;36m▀[0m[38;2;170;210;207m[48;2;115;143;145m▀[0m[38;2;135;169;166m[48;2;60;72;72m▀[0m[38;2;63;77;77m[48;2;87;105;103m▀[0m[38;2;44;55;54m[48;2;136;171;165m▀[0m[38;2;101;125;122m[48;2;143;176;169m▀[0m[38;2;128;158;153m[48;2;141;172;169m▀[0m[38;2;175;212;207m[48;2;178;216;212m▀[0m[38;2;74;93;91m[48;2;17;24;23m▀[0m[38;2;0;0;0m[48;2;0;0;0m▀[0m[38;2;177;225;217m[48;2;197;229;229m▀[0m[38;2;148;190;185m[48;2;119;153;150m▀[0m[38;2;120;153;151m[48;2;31;43;41m▀[0m[38;2;0;0;0m[48;2;0;0;0m▀[0m[38;2;0;0;0m[48;2;0;0;0m▀[0m[38;2;0;0;0m[48;2;0;0;0m▀[0m[38;2;0;0;0m[48;2;5;10;15m▀[0m[38;2;0;4;3m[48;2;0;0;0m▀[0m[38;2;0;0;0m[48;2;73;76;76m▀[0m[38;2;73;90;90m[48;2;229;229;229m▀[0m[38;2;209;211;211m[48;2;229;229;229m▀[0m[38;2;229;229;229m[48;2;229;229;229m▀[0m[38;2;132;131;131m[48;2;133;132;132m▀[0m[38;2;0;0;0m[48;2;0;0;0m▀[0m[38;2;0;0;0m[48;2;14;28;28m▀[0m[38;2;40;51;60m[48;2;0;8;10m▀[0m[38;2;0;1;1m[48;2;111;136;151m▀[0m[38;2;0;0;0m[48;2;117;150;166m▀[0m[38;2;0;0;0m[48;2;189;211;220m▀[0m[38;2;0;0;0m[48;2;229;229;229m▀[0m[38;2;30;45;40m[48;2;229;229;229m▀[0m[38;2;81;99;91m[48;2;229;229;229m▀[0m[38;2;120;127;124m[48;2;229;229;229m▀[0m[38;2;136;140;136m[48;2;229;229;229m▀[0m[38;2;133;139;135m[48;2;229;229;229m▀[0m[38;2;94;106;107m[48;2;150;157;164m▀[0m[38;2;60;70;77m[48;2;57;88;95m▀[0m[38;2;0;9;10m[48;2;0;0;0m▀[0m[38;2;111;127;130m[48;2;22;54;53m▀[0m[38;2;65;77;60m[48;2;177;189;186m▀[0m[38;2;128;143;132m[48;2;229;229;229m▀[0m[38;2;170;186;182m[48;2;229;229;229m▀[0m[38;2;118;128;122m[48;2;229;229;229m▀[0m[38;2;41;45;41m[48;2;229;229;229m▀[0m[38;2;0;0;0m[48;2;229;229;229m▀[0m[38;2;0;0;0m[48;2;209;214;210m▀[0m[38;2;0;0;0m[48;2;10;16;15m▀[0m[38;2;18;22;21m[48;2;99;112;110m▀[0m[38;2;6;18;18m[48;2;26;34;36m▀[0m[38;2;0;0;0m[48;2;0;0;0m▀[0m[38;2;0;0;0m[48;2;0;0;0m▀[0m[38;2;195;229;228m[48;2;192;213;211m▀[0m[38;2;218;229;229m[48;2;229;229;229m▀[0m[38;2;178;229;229m[48;2;229;229;229m▀[0m[38;2;186;216;214m[48;2;229;229;229m▀[0m[38;2;207;116;113m[48;2;229;229;229m▀[0m[38;2;18;0;0m[48;2;229;229;229m▀[0m[38;2;0;0;0m[48;2;0;0;0m▀[0m[38;2;0;0;0m[48;2;0;0;0m▀[0m[38;2;139;176;172m[48;2;0;0;0m▀[0m[38;2;155;198;194m[48;2;110;138;137m▀[0m[38;2;123;156;156m[48;2;145;186;182m▀[0m[38;2;36;43;42m[48;2;142;180;173m▀[0m[38;2;0;0;0m[48;2;103;127;125m▀[0m[38;2;142;175;170m[48;2;0;0;0m▀[0m[38;2;129;163;158m[48;2;64;81;80m▀[0m[38;2;102;127;124m[48;2;138;171;166m▀[0m[38;2;143;178;171m[48;2;158;193;189m▀[0m[38;2;128;162;156m[48;2;135;170;166m▀[0m[38;2;144;183;176m[48;2;154;192;186m▀[0m[38;2;81;108;101m[48;2;83;111;108m▀[0m[38;2;148;182;177m[48;2;130;163;158m▀[0m[38;2;40;47;45m[48;2;55;70;67m▀[0m[38;2;53;66;63m[48;2;51;63;61m▀[0m
[38;2;46;63;60m[48;2;67;94;90m▀[0m[38;2;126;166;155m[48;2;117;153;144m▀[0m[38;2;0;0;1m[48;2;0;0;0m▀[0m[38;2;84;107;109m[48;2;158;199;196m▀[0m[38;2;143;177;171m[48;2;171;216;205m▀[0m[38;2;156;192;184m[48;2;149;180;175m▀[0m[38;2;132;166;160m[48;2;154;187;183m▀[0m[38;2;135;167;162m[48;2;167;202;198m▀[0m[38;2;145;173;171m[48;2;183;222;217m▀[0m[38;2;182;225;220m[48;2;199;229;229m▀[0m[38;2;33;45;45m[48;2;99;124;122m▀[0m[38;2;0;0;0m[48;2;0;0;0m▀[0m[38;2;103;130;126m[48;2;0;0;0m▀[0m[38;2;0;0;0m[48;2;0;0;0m▀[0m[38;2;0;0;0m[48;2;0;0;0m▀[0m[38;2;0;0;0m[48;2;10;18;18m▀[0m[38;2;0;0;0m[48;2;23;38;40m▀[0m[38;2;16;24;29m[48;2;0;1;0m▀[0m[38;2;0;0;0m[48;2;0;0;0m▀[0m[38;2;0;0;0m[48;2;229;229;229m▀[0m[38;2;229;229;229m[48;2;229;229;229m▀[0m[38;2;229;229;229m[48;2;229;229;229m▀[0m[38;2;229;229;229m[48;2;229;229;229m▀[0m[38;2;229;229;229m[48;2;205;206;203m▀[0m[38;2;0;0;0m[48;2;0;0;0m▀[0m[38;2;0;0;0m[48;2;0;0;0m▀[0m[38;2;0;0;0m[48;2;0;0;0m▀[0m[38;2;76;92;103m[48;2;183;191;191m▀[0m[38;2;170;192;202m[48;2;162;170;166m▀[0m[38;2;212;220;224m[48;2;183;216;214m▀[0m[38;2;229;229;229m[48;2;197;229;229m▀[0m[38;2;229;229;229m[48;2;226;229;229m▀[0m[38;2;229;229;229m[48;2;224;229;229m▀[0m[38;2;229;229;229m[48;2;219;229;229m▀[0m[38;2;229;229;229m[48;2;208;229;229m▀[0m[38;2;229;229;229m[48;2;229;229;229m▀[0m[38;2;229;229;229m[48;2;229;229;229m▀[0m[38;2;187;197;199m[48;2;229;136;125m▀[0m[38;2;34;0;0m[48;2;65;0;0m▀[0m[38;2;86;117;117m[48;2;0;0;0m▀[0m[38;2;0;0;0m[48;2;105;0;0m▀[0m[38;2;229;229;229m[48;2;229;154;116m▀[0m[38;2;229;229;229m[48;2;229;223;220m▀[0m[38;2;229;229;229m[48;2;229;229;229m▀[0m[38;2;229;229;229m[48;2;229;229;229m▀[0m[38;2;229;229;229m[48;2;229;229;229m▀[0m[38;2;229;229;229m[48;2;229;229;229m▀[0m[38;2;229;229;229m[48;2;229;229;229m▀[0m[38;2;225;227;228m[48;2;229;229;229m▀[0m[38;2;31;36;36m[48;2;229;226;226m▀[0m[38;2;9;17;17m[48;2;93;90;91m▀[0m[38;2;0;0;0m[48;2;1;1;1m▀[0m[38;2;0;0;0m[48;2;0;0;0m▀[0m[38;2;0;0;0m[48;2;0;0;0m▀[0m[38;2;199;212;214m[48;2;0;0;0m▀[0m[38;2;229;229;229m[48;2;229;229;229m▀[0m[38;2;229;229;229m[48;2;229;229;229m▀[0m[38;2;229;229;229m[48;2;229;229;229m▀[0m[38;2;229;229;229m[48;2;229;229;229m▀[0m[38;2;229;229;229m[48;2;229;229;229m▀[0m[38;2;0;0;0m[48;2;148;150;150m▀[0m[38;2;0;0;0m[48;2;0;0;0m▀[0m[38;2;0;0;0m[48;2;0;0;0m▀[0m[38;2;84;110;108m[48;2;0;0;0m▀[0m[38;2;146;181;175m[48;2;34;42;38m▀[0m[38;2;144;180;174m[48;2;98;125;118m▀[0m[38;2;160;198;192m[48;2;117;148;148m▀[0m[38;2;0;0;0m[48;2;160;188;184m▀[0m[38;2;31;38;41m[48;2;0;0;0m▀[0m[38;2;173;218;213m[48;2;0;0;0m▀[0m[38;2;160;202;195m[48;2;152;197;190m▀[0m[38;2;164;202;196m[48;2;175;214;209m▀[0m[38;2;123;159;153m[48;2;140;179;172m▀[0m[38;2;169;216;206m[48;2;111;141;135m▀[0m[38;2;96;117;115m[48;2;0;0;0m▀[0m[38;2;19;19;19m[48;2;3;0;0m▀[0m
[38;2;71;98;90m[48;2;63;83;82m▀[0m[38;2;124;155;150m[48;2;130;164;158m▀[0m[38;2;0;0;0m[48;2;114;136;130m▀[0m[38;2;57;75;74m[48;2;6;8;6m▀[0m[38;2;150;187;183m[48;2;0;0;0m▀[0m[38;2;160;200;197m[48;2;0;0;0m▀[0m[38;2;158;193;190m[48;2;0;0;0m▀[0m[38;2;133;162;159m[48;2;0;0;0m▀[0m[38;2;81;97;98m[48;2;0;0;0m▀[0m[38;2;9;13;12m[48;2;0;0;0m▀[0m[38;2;0;0;0m[48;2;0;0;0m▀[0m[38;2;0;0;0m[48;2;4;4;2m▀[0m[38;2;0;0;0m[48;2;20;27;26m▀[0m[38;2;4;2;5m[48;2;29;36;32m▀[0m[38;2;29;39;36m[48;2;0;0;0m▀[0m[38;2;16;22;21m[48;2;0;0;0m▀[0m[38;2;2;10;9m[48;2;0;0;0m▀[0m[38;2;0;0;0m[48;2;0;0;0m▀[0m[38;2;95;98;98m[48;2;229;229;229m▀[0m[38;2;229;229;229m[48;2;229;229;229m▀[0m[38;2;229;229;229m[48;2;229;229;229m▀[0m[38;2;229;229;229m[48;2;158;161;158m▀[0m[38;2;229;229;229m[48;2;16;18;18m▀[0m[38;2;0;0;0m[48;2;41;45;45m▀[0m[38;2;0;0;0m[48;2;181;189;191m▀[0m[38;2;110;114;114m[48;2;229;229;229m▀[0m[38;2;229;229;229m[48;2;229;229;229m▀[0m[38;2;229;229;229m[48;2;229;229;229m▀[0m[38;2;227;208;208m[48;2;229;229;229m▀[0m[38;2;229;109;99m[48;2;229;151;154m▀[0m[38;2;229;0;0m[48;2;188;56;60m▀[0m[38;2;137;0;0m[48;2;49;46;48m▀[0m[38;2;98;0;0m[48;2;9;27;29m▀[0m[38;2;100;9;0m[48;2;0;0;0m▀[0m[38;2;65;44;35m[48;2;35;0;0m▀[0m[38;2;7;0;0m[48;2;21;0;0m▀[0m[38;2;24;0;0m[48;2;0;0;0m▀[0m[38;2;35;0;0m[48;2;0;0;0m▀[0m[38;2;0;0;0m[48;2;0;0;0m▀[0m[38;2;0;0;0m[48;2;0;0;0m▀[0m[38;2;0;0;0m[48;2;0;0;0m▀[0m[38;2;0;0;0m[48;2;0;0;0m▀[0m[38;2;0;0;0m[48;2;0;0;0m▀[0m[38;2;0;54;63m[48;2;44;0;0m▀[0m[38;2;9;60;67m[48;2;33;0;0m▀[0m[38;2;20;33;37m[48;2;45;53;45m▀[0m[38;2;30;33;44m[48;2;57;67;69m▀[0m[38;2;49;52;56m[48;2;92;95;95m▀[0m[38;2;150;150;154m[48;2;157;160;162m▀[0m[38;2;229;229;229m[48;2;229;229;229m▀[0m[38;2;229;229;229m[48;2;229;229;229m▀[0m[38;2;229;229;229m[48;2;229;229;229m▀[0m[38;2;229;229;229m[48;2;229;229;229m▀[0m[38;2;140;139;139m[48;2;229;229;229m▀[0m[38;2;0;0;0m[48;2;149;152;152m▀[0m[38;2;0;0;0m[48;2;4;1;4m▀[0m[38;2;229;229;229m[48;2;0;0;0m▀[0m[38;2;229;229;229m[48;2;144;141;143m▀[0m[38;2;229;229;229m[48;2;229;229;229m▀[0m[38;2;229;229;229m[48;2;229;229;229m▀[0m[38;2;229;229;229m[48;2;229;229;229m▀[0m[38;2;0;0;0m[48;2;161;161;161m▀[0m[38;2;0;0;0m[48;2;0;0;0m▀[0m[38;2;0;0;0m[48;2;0;9;12m▀[0m[38;2;0;0;0m[48;2;6;13;20m▀[0m[38;2;15;24;18m[48;2;0;0;0m▀[0m[38;2;41;59;52m[48;2;26;33;27m▀[0m[38;2;50;60;54m[48;2;52;64;63m▀[0m[38;2;24;26;24m[48;2;50;67;59m▀[0m[38;2;0;0;0m[48;2;0;0;0m▀[0m[38;2;0;0;0m[48;2;0;0;0m▀[0m[38;2;0;0;0m[48;2;9;15;16m▀[0m[38;2;0;0;0m[48;2;138;183;178m▀[0m[38;2;31;38;38m[48;2;195;229;229m▀[0m[38;2;55;78;74m[48;2;135;172;169m▀[0m[38;2;24;27;27m[48;2;0;0;0m▀[0m
[38;2;60;78;77m[48;2;52;69;69m▀[0m[38;2;110;137;134m[48;2;109;141;137m▀[0m[38;2;156;192;184m[48;2;169;207;198m▀[0m[38;2;212;229;229m[48;2;91;109;108m▀[0m[38;2;167;206;198m[48;2;0;0;0m▀[0m[38;2;49;63;63m[48;2;0;0;0m▀[0m[38;2;0;0;0m[48;2;30;42;42m▀[0m[38;2;0;0;0m[48;2;77;93;96m▀[0m[38;2;0;0;0m[48;2;1;0;1m▀[0m[38;2;0;0;0m[48;2;0;0;0m▀[0m[38;2;0;7;8m[48;2;0;0;0m▀[0m[38;2;9;15;15m[48;2;0;0;0m▀[0m[38;2;0;0;0m[48;2;8;11;12m▀[0m[38;2;0;0;0m[48;2;10;12;13m▀[0m[38;2;0;0;0m[48;2;0;0;0m▀[0m[38;2;0;0;0m[48;2;0;0;0m▀[0m[38;2;0;0;0m[48;2;0;0;0m▀[0m[38;2;143;143;141m[48;2;229;229;229m▀[0m[38;2;229;229;229m[48;2;229;229;229m▀[0m[38;2;229;229;229m[48;2;188;188;185m▀[0m[38;2;153;156;156m[48;2;35;36;36m▀[0m[38;2;80;91;86m[48;2;79;86;88m▀[0m[38;2;121;137;135m[48;2;135;150;146m▀[0m[38;2;207;217;223m[48;2;229;229;229m▀[0m[38;2;189;190;192m[48;2;224;225;226m▀[0m[38;2;209;211;213m[48;2;229;229;229m▀[0m[38;2;229;229;229m[48;2;229;229;229m▀[0m[38;2;229;229;229m[48;2;229;229;229m▀[0m[38;2;229;225;223m[48;2;229;229;229m▀[0m[38;2;229;229;229m[48;2;229;229;229m▀[0m[38;2;229;229;229m[48;2;229;229;229m▀[0m[38;2;229;229;229m[48;2;229;229;229m▀[0m[38;2;229;229;229m[48;2;229;229;229m▀[0m[38;2;229;229;229m[48;2;229;229;229m▀[0m[38;2;229;138;131m[48;2;229;229;229m▀[0m[38;2;229;229;229m[48;2;229;229;229m▀[0m[38;2;229;121;117m[48;2;229;229;229m▀[0m[38;2;229;0;0m[48;2;229;229;229m▀[0m[38;2;54;0;0m[48;2;229;0;0m▀[0m[38;2;0;0;0m[48;2;0;0;0m▀[0m[38;2;0;0;0m[48;2;57;0;0m▀[0m[38;2;229;0;0m[48;2;229;129;117m▀[0m[38;2;229;126;119m[48;2;229;229;229m▀[0m[38;2;229;229;226m[48;2;229;229;229m▀[0m[38;2;229;154;140m[48;2;206;170;171m▀[0m[38;2;229;229;229m[48;2;217;197;194m▀[0m[38;2;229;229;229m[48;2;229;229;229m▀[0m[38;2;229;229;229m[48;2;229;229;229m▀[0m[38;2;229;229;229m[48;2;229;229;229m▀[0m[38;2;229;229;229m[48;2;229;229;229m▀[0m[38;2;229;229;229m[48;2;229;229;229m▀[0m[38;2;229;229;229m[48;2;229;229;229m▀[0m[38;2;229;229;229m[48;2;229;229;229m▀[0m[38;2;188;189;190m[48;2;229;229;229m▀[0m[38;2;210;214;215m[48;2;229;229;229m▀[0m[38;2;229;229;229m[48;2;198;199;199m▀[0m[38;2;99;99;103m[48;2;176;183;186m▀[0m[38;2;99;105;111m[48;2;126;132;135m▀[0m[38;2;86;90;93m[48;2;0;0;0m▀[0m[38;2;229;229;229m[48;2;229;229;229m▀[0m[38;2;229;229;229m[48;2;229;229;229m▀[0m[38;2;229;229;229m[48;2;229;229;229m▀[0m[38;2;0;0;0m[48;2;70;73;71m▀[0m[38;2;0;0;0m[48;2;0;0;0m▀[0m[38;2;0;0;1m[48;2;0;0;0m▀[0m[38;2;9;13;20m[48;2;0;0;0m▀[0m[38;2;0;0;0m[48;2;0;0;0m▀[0m[38;2;0;0;0m[48;2;0;0;0m▀[0m[38;2;80;100;94m[48;2;0;0;0m▀[0m[38;2;115;143;135m[48;2;0;0;0m▀[0m[38;2;0;0;0m[48;2;0;0;0m▀[0m[38;2;0;0;0m[48;2;0;0;0m▀[0m[38;2;143;183;180m[48;2;167;207;198m▀[0m[38;2;137;178;174m[48;2;217;229;229m▀[0m[38;2;135;168;167m[48;2;145;180;179m▀[0m[38;2;0;0;0m[48;2;0;0;0m▀[0m
[38;2;69;88;86m[48;2;54;67;67m▀[0m[38;2;105;136;133m[48;2;21;27;29m▀[0m[38;2;7;9;11m[48;2;72;90;90m▀[0m[38;2;0;0;0m[48;2;181;229;225m▀[0m[38;2;99;124;122m[48;2;157;198;194m▀[0m[38;2;169;207;204m[48;2;138;173;171m▀[0m[38;2;171;216;210m[48;2;43;55;55m▀[0m[38;2;59;72;74m[48;2;0;0;0m▀[0m[38;2;0;0;0m[48;2;0;0;0m▀[0m[38;2;0;0;0m[48;2;0;0;0m▀[0m[38;2;0;0;0m[48;2;140;179;176m▀[0m[38;2;24;30;29m[48;2;34;45;44m▀[0m[38;2;62;72;72m[48;2;0;0;0m▀[0m[38;2;3;7;7m[48;2;0;0;0m▀[0m[38;2;0;0;0m[48;2;0;0;0m▀[0m[38;2;0;0;0m[48;2;0;0;0m▀[0m[38;2;90;93;97m[48;2;115;120;121m▀[0m[38;2;229;229;229m[48;2;229;229;229m▀[0m[38;2;198;198;195m[48;2;229;229;229m▀[0m[38;2;225;225;222m[48;2;72;77;72m▀[0m[38;2;38;44;41m[48;2;31;37;34m▀[0m[38;2;191;196;192m[48;2;197;198;192m▀[0m[38;2;165;179;176m[48;2;153;162;160m▀[0m[38;2;148;166;176m[48;2;192;204;204m▀[0m[38;2;204;207;210m[48;2;229;229;229m▀[0m[38;2;229;229;229m[48;2;229;229;229m▀[0m[38;2;229;229;229m[48;2;229;229;229m▀[0m[38;2;227;229;229m[48;2;229;228;228m▀[0m[38;2;227;229;229m[48;2;229;229;229m▀[0m[38;2;229;229;229m[48;2;229;229;229m▀[0m[38;2;229;229;229m[48;2;229;226;229m▀[0m[38;2;229;229;229m[48;2;229;229;229m▀[0m[38;2;229;229;229m[48;2;229;229;229m▀[0m[38;2;229;229;229m[48;2;229;229;229m▀[0m[38;2;229;229;229m[48;2;229;229;229m▀[0m[38;2;171;192;191m[48;2;148;162;162m▀[0m[38;2;229;229;229m[48;2;229;229;229m▀[0m[38;2;229;229;229m[48;2;229;229;229m▀[0m[38;2;229;10;0m[48;2;229;0;0m▀[0m[38;2;0;0;0m[48;2;0;0;0m▀[0m[38;2;70;0;0m[48;2;109;26;26m▀[0m[38;2;229;229;229m[48;2;229;229;229m▀[0m[38;2;229;229;229m[48;2;229;229;229m▀[0m[38;2;229;198;200m[48;2;229;87;81m▀[0m[38;2;229;229;229m[48;2;229;229;229m▀[0m[38;2;229;229;229m[48;2;229;229;229m▀[0m[38;2;229;229;229m[48;2;229;229;229m▀[0m[38;2;229;229;229m[48;2;229;229;229m▀[0m[38;2;229;229;229m[48;2;229;229;229m▀[0m[38;2;229;229;229m[48;2;227;227;228m▀[0m[38;2;228;228;229m[48;2;225;227;227m▀[0m[38;2;227;226;227m[48;2;227;227;227m▀[0m[38;2;229;229;229m[48;2;229;229;229m▀[0m[38;2;229;229;229m[48;2;229;229;229m▀[0m[38;2;197;199;199m[48;2;229;229;229m▀[0m[38;2;150;157;157m[48;2;201;204;205m▀[0m[38;2;160;170;167m[48;2;156;162;162m▀[0m[38;2;194;201;200m[48;2;171;176;175m▀[0m[38;2;78;85;88m[48;2;146;158;155m▀[0m[38;2;134;135;132m[48;2;0;0;0m▀[0m[38;2;229;229;229m[48;2;229;229;229m▀[0m[38;2;229;229;229m[48;2;229;229;229m▀[0m[38;2;179;182;180m[48;2;220;225;225m▀[0m[38;2;0;0;0m[48;2;0;0;0m▀[0m[38;2;0;0;0m[48;2;0;0;0m▀[0m[38;2;0;0;0m[48;2;0;0;0m▀[0m[38;2;0;0;0m[48;2;0;0;0m▀[0m[38;2;0;0;0m[48;2;0;0;0m▀[0m[38;2;0;0;0m[48;2;0;0;0m▀[0m[38;2;0;0;0m[48;2;0;0;0m▀[0m[38;2;0;0;0m[48;2;0;0;0m▀[0m[38;2;0;0;0m[48;2;0;0;0m▀[0m[38;2;11;17;14m[48;2;0;0;0m▀[0m[38;2;143;177;173m[48;2;0;0;0m▀[0m[38;2;190;229;229m[48;2;94;118;117m▀[0m[38;2;0;0;0m[48;2;29;39;36m▀[0m
[38;2;0;0;0m[48;2;68;85;85m▀[0m[38;2;122;159;153m[48;2;170;216;210m▀[0m[38;2;179;226;219m[48;2;138;171;164m▀[0m[38;2;116;143;138m[48;2;113;148;142m▀[0m[38;2;122;160;158m[48;2;116;153;149m▀[0m[38;2;82;110;109m[48;2;0;0;0m▀[0m[38;2;0;0;0m[48;2;0;0;0m▀[0m[38;2;0;0;0m[48;2;0;0;0m▀[0m[38;2;0;0;0m[48;2;229;229;229m▀[0m[38;2;195;229;229m[48;2;146;180;174m▀[0m[38;2;98;121;117m[48;2;0;0;0m▀[0m[38;2;0;0;0m[48;2;0;0;0m▀[0m[38;2;0;0;0m[48;2;0;0;0m▀[0m[38;2;0;0;0m[48;2;0;0;0m▀[0m[38;2;0;0;0m[48;2;0;0;0m▀[0m[38;2;0;0;0m[48;2;56;59;60m▀[0m[38;2;155;162;162m[48;2;202;209;208m▀[0m[38;2;217;223;222m[48;2;188;194;193m▀[0m[38;2;229;229;229m[48;2;0;0;0m▀[0m[38;2;0;0;0m[48;2;0;0;0m▀[0m[38;2;156;160;163m[48;2;229;229;229m▀[0m[38;2;208;208;208m[48;2;229;229;229m▀[0m[38;2;229;229;229m[48;2;229;229;229m▀[0m[38;2;229;229;229m[48;2;229;229;229m▀[0m[38;2;229;229;229m[48;2;229;229;229m▀[0m[38;2;229;229;229m[48;2;229;229;229m▀[0m[38;2;229;229;229m[48;2;229;229;229m▀[0m[38;2;229;229;229m[48;2;229;229;229m▀[0m[38;2;229;229;229m[48;2;229;229;229m▀[0m[38;2;229;229;229m[48;2;229;229;229m▀[0m[38;2;229;229;229m[48;2;229;229;229m▀[0m[38;2;229;229;229m[48;2;229;229;229m▀[0m[38;2;229;229;229m[48;2;229;229;229m▀[0m[38;2;229;229;229m[48;2;229;229;229m▀[0m[38;2;229;229;229m[48;2;229;229;229m▀[0m[38;2;127;135;133m[48;2;229;229;229m▀[0m[38;2;229;229;229m[48;2;229;229;229m▀[0m[38;2;229;202;199m[48;2;229;229;229m▀[0m[38;2;229;0;0m[48;2;229;26;15m▀[0m[38;2;0;0;0m[48;2;0;0;0m▀[0m[38;2;125;81;83m[48;2;198;107;107m▀[0m[38;2;229;229;229m[48;2;229;229;229m▀[0m[38;2;229;229;229m[48;2;229;229;229m▀[0m[38;2;229;0;0m[48;2;229;0;0m▀[0m[38;2;229;178;170m[48;2;229;140;141m▀[0m[38;2;229;229;229m[48;2;229;229;229m▀[0m[38;2;229;229;229m[48;2;229;229;229m▀[0m[38;2;229;229;229m[48;2;229;229;229m▀[0m[38;2;229;229;229m[48;2;229;229;229m▀[0m[38;2;229;229;229m[48;2;229;229;229m▀[0m[38;2;229;229;229m[48;2;229;229;229m▀[0m[38;2;229;229;229m[48;2;229;229;229m▀[0m[38;2;229;229;229m[48;2;229;229;229m▀[0m[38;2;229;229;229m[48;2;229;229;229m▀[0m[38;2;229;229;229m[48;2;229;229;229m▀[0m[38;2;229;229;229m[48;2;229;229;229m▀[0m[38;2;229;225;228m[48;2;229;229;229m▀[0m[38;2;186;188;188m[48;2;229;229;229m▀[0m[38;2;214;215;212m[48;2;229;229;229m▀[0m[38;2;56;55;54m[48;2;229;229;229m▀[0m[38;2;0;0;0m[48;2;0;0;0m▀[0m[38;2;229;229;229m[48;2;49;52;53m▀[0m[38;2;201;205;204m[48;2;199;211;207m▀[0m[38;2;84;96;92m[48;2;143;148;147m▀[0m[38;2;41;54;51m[48;2;95;111;107m▀[0m[38;2;0;0;0m[48;2;90;103;103m▀[0m[38;2;0;0;0m[48;2;0;0;0m▀[0m[38;2;3;9;12m[48;2;0;0;0m▀[0m[38;2;10;16;15m[48;2;144;180;177m▀[0m[38;2;0;0;0m[48;2;179;213;207m▀[0m[38;2;0;0;0m[48;2;90;107;102m▀[0m[38;2;0;0;0m[48;2;0;0;0m▀[0m[38;2;0;0;0m[48;2;8;8;9m▀[0m[38;2;0;0;0m[48;2;0;0;0m▀[0m[38;2;0;0;0m[48;2;0;0;0m▀[0m[38;2;0;0;0m[48;2;0;0;0m▀[0m
[38;2;114;142;139m[48;2;158;204;203m▀[0m[38;2;155;194;190m[48;2;171;216;216m▀[0m[38;2;153;196;189m[48;2;193;229;229m▀[0m[38;2;162;210;203m[48;2;52;69;64m▀[0m[38;2;0;0;0m[48;2;0;0;0m▀[0m[38;2;0;0;0m[48;2;2;5;4m▀[0m[38;2;15;18;18m[48;2;98;123;117m▀[0m[38;2;203;229;229m[48;2;1;4;5m▀[0m[38;2;99;126;123m[48;2;0;0;0m▀[0m[38;2;0;0;0m[48;2;0;0;0m▀[0m[38;2;0;0;0m[48;2;0;0;0m▀[0m[38;2;0;0;0m[48;2;0;0;0m▀[0m[38;2;0;0;0m[48;2;0;0;0m▀[0m[38;2;0;0;0m[48;2;0;0;0m▀[0m[38;2;0;0;0m[48;2;167;171;167m▀[0m[38;2;177;183;180m[48;2;205;211;207m▀[0m[38;2;211;218;220m[48;2;162;167;164m▀[0m[38;2;75;78;79m[48;2;0;0;0m▀[0m[38;2;0;0;0m[48;2;0;0;0m▀[0m[38;2;63;66;63m[48;2;37;37;37m▀[0m[38;2;229;229;229m[48;2;229;229;229m▀[0m[38;2;229;229;229m[48;2;223;220;220m▀[0m[38;2;229;229;229m[48;2;207;209;209m▀[0m[38;2;229;229;229m[48;2;196;196;198m▀[0m[38;2;229;229;229m[48;2;178;180;181m▀[0m[38;2;229;229;229m[48;2;156;162;162m▀[0m[38;2;220;224;224m[48;2;141;144;144m▀[0m[38;2;211;215;214m[48;2;131;134;134m▀[0m[38;2;204;206;207m[48;2;126;130;130m▀[0m[38;2;198;201;204m[48;2;121;123;123m▀[0m[38;2;190;192;190m[48;2;120;121;118m▀[0m[38;2;181;183;183m[48;2;126;130;126m▀[0m[38;2;172;175;176m[48;2;109;111;111m▀[0m[38;2;169;175;175m[48;2;56;63;63m▀[0m[38;2;152;162;164m[48;2;93;108;105m▀[0m[38;2;161;185;189m[48;2;191;220;221m▀[0m[38;2;199;229;229m[48;2;229;229;229m▀[0m[38;2;229;229;229m[48;2;229;171;166m▀[0m[38;2;229;225;206m[48;2;229;0;0m▀[0m[38;2;167;0;0m[48;2;229;0;0m▀[0m[38;2;229;0;0m[48;2;229;0;0m▀[0m[38;2;229;184;165m[48;2;229;70;50m▀[0m[38;2;187;229;229m[48;2;224;229;229m▀[0m[38;2;125;177;178m[48;2;207;229;229m▀[0m[38;2;127;169;169m[48;2;104;130;130m▀[0m[38;2;148;164;168m[48;2;44;60;60m▀[0m[38;2;144;156;154m[48;2;70;76;75m▀[0m[38;2;142;148;144m[48;2;110;116;113m▀[0m[38;2;164;168;168m[48;2;112;116;115m▀[0m[38;2;189;196;195m[48;2;111;115;116m▀[0m[38;2;213;215;216m[48;2;121;127;127m▀[0m[38;2;229;229;229m[48;2;141;147;146m▀[0m[38;2;229;229;229m[48;2;169;171;171m▀[0m[38;2;229;229;229m[48;2;192;196;196m▀[0m[38;2;229;229;229m[48;2;204;207;207m▀[0m[38;2;229;229;229m[48;2;215;216;213m▀[0m[38;2;229;229;229m[48;2;215;216;216m▀[0m[38;2;229;229;229m[48;2;210;213;213m▀[0m[38;2;229;229;229m[48;2;215;220;220m▀[0m[38;2;229;229;229m[48;2;173;177;180m▀[0m[38;2;0;0;0m[48;2;0;0;0m▀[0m[38;2;0;0;0m[48;2;0;0;0m▀[0m[38;2;126;134;132m[48;2;0;0;0m▀[0m[38;2;218;225;225m[48;2;205;215;211m▀[0m[38;2;42;41;42m[48;2;164;168;169m▀[0m[38;2;117;144;139m[48;2;0;0;0m▀[0m[38;2;70;90;87m[48;2;133;171;164m▀[0m[38;2;0;0;0m[48;2;16;27;25m▀[0m[38;2;0;0;0m[48;2;0;0;0m▀[0m[38;2;187;225;219m[48;2;2;4;5m▀[0m[38;2;229;229;229m[48;2;205;229;229m▀[0m[38;2;74;93;91m[48;2;109;141;134m▀[0m[38;2;155;191;181m[48;2;82;99;96m▀[0m[38;2;152;183;174m[48;2;196;229;225m▀[0m[38;2;20;30;27m[48;2;43;57;56m▀[0m[38;2;8;14;13m[48;2;115;146;143m▀[0m
[38;2;15;27;26m[48;2;0;0;0m▀[0m[38;2;100;130;129m[48;2;0;0;0m▀[0m[38;2;135;173;167m[48;2;0;0;0m▀[0m[38;2;0;0;0m[48;2;0;0;0m▀[0m[38;2;0;0;0m[48;2;0;0;0m▀[0m[38;2;0;0;0m[48;2;43;54;53m▀[0m[38;2;0;0;0m[48;2;189;229;229m▀[0m[38;2;78;97;99m[48;2;130;164;161m▀[0m[38;2;35;45;42m[48;2;0;0;0m▀[0m[38;2;0;0;0m[48;2;0;0;0m▀[0m[38;2;0;0;0m[48;2;0;0;0m▀[0m[38;2;0;0;0m[48;2;0;0;0m▀[0m[38;2;0;0;0m[48;2;65;68;68m▀[0m[38;2;132;135;132m[48;2;183;196;196m▀[0m[38;2;195;202;202m[48;2;169;175;175m▀[0m[38;2;189;196;196m[48;2;134;140;139m▀[0m[38;2;56;59;60m[48;2;73;81;81m▀[0m[38;2;0;0;0m[48;2;9;11;13m▀[0m[38;2;0;0;0m[48;2;0;0;0m▀[0m[38;2;12;12;12m[48;2;32;37;37m▀[0m[38;2;184;187;187m[48;2;169;174;174m▀[0m[38;2;144;146;146m[48;2;145;151;152m▀[0m[38;2;131;135;132m[48;2;138;141;141m▀[0m[38;2;124;127;125m[48;2;135;144;137m▀[0m[38;2;121;124;126m[48;2;138;144;144m▀[0m[38;2;124;126;126m[48;2;141;144;144m▀[0m[38;2;126;128;128m[48;2;141;148;146m▀[0m[38;2;130;130;130m[48;2;163;166;168m▀[0m[38;2;131;135;135m[48;2;170;173;176m▀[0m[38;2;151;154;154m[48;2;90;90;92m▀[0m[38;2;145;147;147m[48;2;13;14;11m▀[0m[38;2;90;92;90m[48;2;60;63;60m▀[0m[38;2;62;67;70m[48;2;229;229;229m▀[0m[38;2;155;159;160m[48;2;229;229;229m▀[0m[38;2;229;229;229m[48;2;212;229;229m▀[0m[38;2;229;229;229m[48;2;226;229;229m▀[0m[38;2;229;0;0m[48;2;229;0;0m▀[0m[38;2;229;0;0m[48;2;223;229;222m▀[0m[38;2;229;90;84m[48;2;229;229;229m▀[0m[38;2;229;0;0m[48;2;229;27;20m▀[0m[38;2;229;0;0m[48;2;229;0;0m▀[0m[38;2;229;0;0m[48;2;222;229;229m▀[0m[38;2;229;18;12m[48;2;229;0;0m▀[0m[38;2;229;229;229m[48;2;229;0;0m▀[0m[38;2;229;229;229m[48;2;223;229;229m▀[0m[38;2;227;229;229m[48;2;229;229;229m▀[0m[38;2;112;117;117m[48;2;229;229;229m▀[0m[38;2;45;47;46m[48;2;193;193;195m▀[0m[38;2;111;115;111m[48;2;27;31;30m▀[0m[38;2;146;149;149m[48;2;50;54;53m▀[0m[38;2;124;127;127m[48;2;161;164;165m▀[0m[38;2;118;122;121m[48;2;155;158;159m▀[0m[38;2;118;121;122m[48;2;139;142;142m▀[0m[38;2;118;122;122m[48;2;138;141;141m▀[0m[38;2;122;126;126m[48;2;129;132;132m▀[0m[38;2;128;131;131m[48;2;126;128;128m▀[0m[38;2;132;135;135m[48;2;127;130;130m▀[0m[38;2;135;137;137m[48;2;135;136;136m▀[0m[38;2;157;161;161m[48;2;171;174;174m▀[0m[38;2;132;135;135m[48;2;109;112;112m▀[0m[38;2;0;0;0m[48;2;13;15;13m▀[0m[38;2;0;0;0m[48;2;0;0;0m▀[0m[38;2;0;0;0m[48;2;9;9;10m▀[0m[38;2;114;117;118m[48;2;99;101;102m▀[0m[38;2;225;229;229m[48;2;185;192;191m▀[0m[38;2;63;58;61m[48;2;190;194;193m▀[0m[38;2;0;0;0m[48;2;0;0;0m▀[0m[38;2;68;93;90m[48;2;0;0;0m▀[0m[38;2;0;0;0m[48;2;0;0;0m▀[0m[38;2;0;0;0m[48;2;0;0;0m▀[0m[38;2;72;87;87m[48;2;0;0;0m▀[0m[38;2;170;222;209m[48;2;112;153;143m▀[0m[38;2;47;60;60m[48;2;49;64;65m▀[0m[38;2;195;229;228m[48;2;191;229;229m▀[0m[38;2;28;32;32m[48;2;42;48;49m▀[0m[38;2;78;97;96m[48;2;71;83;85m▀[0m
[38;2;221;229;229m[48;2;126;153;153m▀[0m[38;2;115;138;138m[48;2;0;0;0m▀[0m[38;2;0;0;0m[48;2;0;0;0m▀[0m[38;2;0;0;0m[48;2;99;126;122m▀[0m[38;2;135;170;162m[48;2;182;227;217m▀[0m[38;2;221;229;229m[48;2;174;216;208m▀[0m[38;2;193;229;229m[48;2;80;97;98m▀[0m[38;2;0;0;0m[48;2;0;0;0m▀[0m[38;2;0;0;0m[48;2;0;0;0m▀[0m[38;2;0;0;0m[48;2;0;0;0m▀[0m[38;2;0;0;0m[48;2;0;0;0m▀[0m[38;2;0;0;0m[48;2;132;135;135m▀[0m[38;2;189;198;197m[48;2;187;193;194m▀[0m[38;2;139;147;145m[48;2;157;161;158m▀[0m[38;2;153;161;159m[48;2;168;170;168m▀[0m[38;2;92;94;95m[48;2;81;84;83m▀[0m[38;2;126;130;134m[48;2;153;159;160m▀[0m[38;2;0;0;0m[48;2;0;0;0m▀[0m[38;2;0;0;0m[48;2;0;0;0m▀[0m[38;2;126;132;130m[48;2;212;225;219m▀[0m[38;2;85;89;89m[48;2;77;83;81m▀[0m[38;2;191;195;194m[48;2;91;94;94m▀[0m[38;2;158;161;162m[48;2;196;198;201m▀[0m[38;2;154;157;159m[48;2;199;205;207m▀[0m[38;2;153;161;159m[48;2;189;198;196m▀[0m[38;2;167;173;173m[48;2;144;153;148m▀[0m[38;2;182;189;189m[48;2;11;11;13m▀[0m[38;2;115;117;122m[48;2;0;0;0m▀[0m[38;2;0;0;0m[48;2;41;45;42m▀[0m[38;2;0;0;0m[48;2;153;158;155m▀[0m[38;2;125;128;126m[48;2;229;229;229m▀[0m[38;2;229;229;229m[48;2;229;229;229m▀[0m[38;2;229;229;229m[48;2;108;107;104m▀[0m[38;2;171;178;177m[48;2;219;225;225m▀[0m[38;2;226;229;229m[48;2;229;229;229m▀[0m[38;2;229;229;229m[48;2;229;228;229m▀[0m[38;2;229;57;45m[48;2;229;83;73m▀[0m[38;2;229;229;229m[48;2;229;229;229m▀[0m[38;2;229;229;229m[48;2;229;229;229m▀[0m[38;2;229;46;35m[48;2;229;74;63m▀[0m[38;2;229;174;176m[48;2;229;189;189m▀[0m[38;2;229;229;229m[48;2;229;229;229m▀[0m[38;2;220;201;205m[48;2;225;229;229m▀[0m[38;2;229;0;0m[48;2;229;0;0m▀[0m[38;2;195;180;171m[48;2;229;229;229m▀[0m[38;2;226;229;229m[48;2;219;229;229m▀[0m[38;2;229;229;229m[48;2;197;209;207m▀[0m[38;2;229;229;229m[48;2;229;229;229m▀[0m[38;2;229;229;229m[48;2;229;229;229m▀[0m[38;2;11;13;11m[48;2;229;229;229m▀[0m[38;2;0;0;0m[48;2;23;25;26m▀[0m[38;2;132;135;132m[48;2;0;0;0m▀[0m[38;2;182;185;185m[48;2;64;64;64m▀[0m[38;2;160;163;163m[48;2;186;188;188m▀[0m[38;2;150;153;153m[48;2;201;201;201m▀[0m[38;2;149;152;153m[48;2;195;198;198m▀[0m[38;2;147;151;151m[48;2;200;204;204m▀[0m[38;2;173;176;176m[48;2;167;170;170m▀[0m[38;2;144;147;147m[48;2;30;30;30m▀[0m[38;2;84;87;83m[48;2;173;180;180m▀[0m[38;2;79;82;83m[48;2;52;54;58m▀[0m[38;2;0;0;0m[48;2;0;0;0m▀[0m[38;2;2;4;4m[48;2;39;41;42m▀[0m[38;2;119;127;126m[48;2;86;96;94m▀[0m[38;2;159;167;165m[48;2;162;169;167m▀[0m[38;2;195;201;200m[48;2;162;169;167m▀[0m[38;2;116;118;116m[48;2;195;200;198m▀[0m[38;2;0;0;0m[48;2;6;9;9m▀[0m[38;2;0;0;0m[48;2;0;0;0m▀[0m[38;2;0;0;0m[48;2;0;0;0m▀[0m[38;2;0;0;0m[48;2;0;0;0m▀[0m[38;2;0;0;0m[48;2;0;0;0m▀[0m[38;2;23;33;35m[48;2;0;0;0m▀[0m[38;2;177;223;222m[48;2;9;15;18m▀[0m[38;2;0;0;0m[48;2;35;49;45m▀[0m[38;2;122;152;151m[48;2;147;186;183m▀[0m
[38;2;0;0;0m[48;2;0;0;0m▀[0m[38;2;0;0;0m[48;2;14;22;18m▀[0m[38;2;53;69;66m[48;2;132;167;162m▀[0m[38;2;148;185;180m[48;2;147;181;178m▀[0m[38;2;143;181;174m[48;2;202;229;229m▀[0m[38;2;137;167;162m[48;2;92;108;106m▀[0m[38;2;0;0;0m[48;2;0;0;0m▀[0m[38;2;22;35;32m[48;2;150;195;181m▀[0m[38;2;0;0;0m[48;2;0;0;0m▀[0m[38;2;0;0;0m[48;2;0;0;0m▀[0m[38;2;32;31;31m[48;2;165;171;171m▀[0m[38;2;191;198;196m[48;2;169;174;175m▀[0m[38;2;154;160;159m[48;2;146;153;153m▀[0m[38;2;149;153;150m[48;2;144;149;148m▀[0m[38;2;165;169;166m[48;2;160;162;162m▀[0m[38;2;57;61;57m[48;2;95;98;94m▀[0m[38;2;183;190;189m[48;2;71;76;75m▀[0m[38;2;50;53;54m[48;2;148;153;154m▀[0m[38;2;0;0;0m[48;2;0;0;0m▀[0m[38;2;196;207;202m[48;2;143;148;151m▀[0m[38;2;215;226;224m[48;2;126;127;133m▀[0m[38;2;0;0;0m[48;2;0;0;0m▀[0m[38;2;0;0;0m[48;2;0;0;0m▀[0m[38;2;37;44;42m[48;2;0;0;0m▀[0m[38;2;17;19;19m[48;2;0;0;0m▀[0m[38;2;0;0;0m[48;2;0;0;0m▀[0m[38;2;0;0;0m[48;2;134;137;137m▀[0m[38;2;112;115;114m[48;2;153;156;156m▀[0m[38;2;164;168;169m[48;2;135;135;137m▀[0m[38;2;229;229;229m[48;2;229;229;229m▀[0m[38;2;229;229;229m[48;2;200;202;200m▀[0m[38;2;81;77;79m[48;2;74;75;72m▀[0m[38;2;180;179;176m[48;2;229;229;229m▀[0m[38;2;229;229;229m[48;2;229;229;229m▀[0m[38;2;229;229;229m[48;2;229;229;229m▀[0m[38;2;229;213;214m[48;2;227;220;217m▀[0m[38;2;229;44;36m[48;2;229;108;104m▀[0m[38;2;229;229;229m[48;2;229;229;229m▀[0m[38;2;229;229;229m[48;2;229;229;229m▀[0m[38;2;229;101;84m[48;2;229;103;90m▀[0m[38;2;229;188;178m[48;2;229;179;172m▀[0m[38;2;229;229;229m[48;2;229;229;229m▀[0m[38;2;229;229;229m[48;2;229;229;229m▀[0m[38;2;229;52;50m[48;2;223;103;99m▀[0m[38;2;229;229;229m[48;2;229;229;229m▀[0m[38;2;229;229;229m[48;2;229;229;229m▀[0m[38;2;130;143;144m[48;2;186;193;195m▀[0m[38;2;170;172;172m[48;2;74;80;80m▀[0m[38;2;229;229;229m[48;2;225;227;228m▀[0m[38;2;229;229;229m[48;2;229;229;229m▀[0m[38;2;213;215;216m[48;2;211;211;211m▀[0m[38;2;46;49;46m[48;2;135;136;136m▀[0m[38;2;0;0;0m[48;2;71;72;72m▀[0m[38;2;0;0;0m[48;2;0;0;0m▀[0m[38;2;66;67;64m[48;2;0;0;0m▀[0m[38;2;101;103;103m[48;2;0;0;0m▀[0m[38;2;55;59;56m[48;2;0;0;0m▀[0m[38;2;0;0;0m[48;2;0;0;0m▀[0m[38;2;141;146;146m[48;2;146;153;153m▀[0m[38;2;215;225;227m[48;2;182;189;189m▀[0m[38;2;0;0;0m[48;2;0;0;0m▀[0m[38;2;0;0;0m[48;2;161;164;167m▀[0m[38;2;85;88;89m[48;2;79;82;82m▀[0m[38;2;76;80;79m[48;2;143;149;148m▀[0m[38;2;169;177;175m[48;2;155;162;162m▀[0m[38;2;149;159;156m[48;2;146;156;153m▀[0m[38;2;184;191;190m[48;2;164;171;171m▀[0m[38;2;125;130;130m[48;2;191;199;198m▀[0m[38;2;0;0;0m[48;2;0;0;0m▀[0m[38;2;0;0;0m[48;2;0;0;0m▀[0m[38;2;0;0;0m[48;2;9;9;9m▀[0m[38;2;0;0;0m[48;2;0;0;0m▀[0m[38;2;0;0;0m[48;2;0;0;0m▀[0m[38;2;68;91;90m[48;2;67;95;89m▀[0m[38;2;152;206;197m[48;2;146;198;189m▀[0m[38;2;126;161;158m[48;2;97;125;122m▀[0m
[38;2;0;0;0m[48;2;0;0;0m▀[0m[38;2;107;140;135m[48;2;153;191;188m▀[0m[38;2;112;139;138m[48;2;92;108;108m▀[0m[38;2;155;191;183m[48;2;177;219;210m▀[0m[38;2;191;229;229m[48;2;153;186;185m▀[0m[38;2;0;0;0m[48;2;0;0;0m▀[0m[38;2;1;8;11m[48;2;40;59;61m▀[0m[38;2;219;229;229m[48;2;213;229;229m▀[0m[38;2;0;0;0m[48;2;20;23;22m▀[0m[38;2;66;69;68m[48;2;161;163;162m▀[0m[38;2;175;187;185m[48;2;130;137;135m▀[0m[38;2;143;148;152m[48;2;104;107;108m▀[0m[38;2;147;153;153m[48;2;108;114;114m▀[0m[38;2;146;153;153m[48;2;133;138;139m▀[0m[38;2;146;152;153m[48;2;132;138;139m▀[0m[38;2;156;162;161m[48;2;150;157;159m▀[0m[38;2;97;102;101m[48;2;164;171;171m▀[0m[38;2;166;174;172m[48;2;175;187;187m▀[0m[38;2;61;64;62m[48;2;198;208;206m▀[0m[38;2;45;42;47m[48;2;0;0;0m▀[0m[38;2;0;0;0m[48;2;0;0;0m▀[0m[38;2;0;0;0m[48;2;0;0;0m▀[0m[38;2;0;0;0m[48;2;0;0;0m▀[0m[38;2;9;10;10m[48;2;0;0;0m▀[0m[38;2;22;20;23m[48;2;99;102;103m▀[0m[38;2;101;105;106m[48;2;178;186;186m▀[0m[38;2;168;174;174m[48;2;129;135;140m▀[0m[38;2;222;221;221m[48;2;229;229;229m▀[0m[38;2;206;203;206m[48;2;229;229;229m▀[0m[38;2;218;213;216m[48;2;229;229;229m▀[0m[38;2;157;161;160m[48;2;117;117;121m▀[0m[38;2;81;87;87m[48;2;81;89;89m▀[0m[38;2;177;182;180m[48;2;194;196;196m▀[0m[38;2;229;229;229m[48;2;229;229;229m▀[0m[38;2;229;229;229m[48;2;229;229;229m▀[0m[38;2;229;229;229m[48;2;227;229;229m▀[0m[38;2;224;229;229m[48;2;226;229;229m▀[0m[38;2;226;229;229m[48;2;227;229;229m▀[0m[38;2;229;229;229m[48;2;229;229;229m▀[0m[38;2;229;77;70m[48;2;229;27;19m▀[0m[38;2;229;149;147m[48;2;229;86;81m▀[0m[38;2;229;229;229m[48;2;229;229;229m▀[0m[38;2;229;229;229m[48;2;229;229;229m▀[0m[38;2;225;97;84m[48;2;229;27;16m▀[0m[38;2;229;229;229m[48;2;229;229;229m▀[0m[38;2;229;229;229m[48;2;229;229;229m▀[0m[38;2;191;216;213m[48;2;213;119;121m▀[0m[38;2;177;186;180m[48;2;229;204;203m▀[0m[38;2;158;161;160m[48;2;199;212;209m▀[0m[38;2;195;197;197m[48;2;135;137;137m▀[0m[38;2;99;99;99m[48;2;229;229;229m▀[0m[38;2;168;170;170m[48;2;229;229;229m▀[0m[38;2;200;201;198m[48;2;189;190;190m▀[0m[38;2;5;5;5m[48;2;136;142;142m▀[0m[38;2;15;17;18m[48;2;48;50;50m▀[0m[38;2;31;33;33m[48;2;25;26;23m▀[0m[38;2;0;0;0m[48;2;0;0;0m▀[0m[38;2;0;0;0m[48;2;0;0;0m▀[0m[38;2;15;12;15m[48;2;0;0;0m▀[0m[38;2;60;60;62m[48;2;45;51;51m▀[0m[38;2;74;76;78m[48;2;214;224;221m▀[0m[38;2;127;131;131m[48;2;142;150;148m▀[0m[38;2;74;78;78m[48;2;157;164;162m▀[0m[38;2;162;165;166m[48;2;141;147;146m▀[0m[38;2;140;146;147m[48;2;138;144;144m▀[0m[38;2;145;153;151m[48;2;123;128;126m▀[0m[38;2;132;135;136m[48;2;104;108;107m▀[0m[38;2;122;126;122m[48;2;138;148;145m▀[0m[38;2;45;47;45m[48;2;149;159;159m▀[0m[38;2;0;0;0m[48;2;0;0;0m▀[0m[38;2;53;70;72m[48;2;20;36;36m▀[0m[38;2;95;129;123m[48;2;139;187;178m▀[0m[38;2;0;0;0m[48;2;0;0;0m▀[0m[38;2;0;0;0m[48;2;0;0;0m▀[0m[38;2;155;203;198m[48;2;101;133;129m▀[0m[38;2;57;64;67m[48;2;187;228;225m▀[0m
[38;2;0;0;0m[48;2;0;1;0m▀[0m[38;2;161;202;198m[48;2;60;79;75m▀[0m[38;2;86;102;105m[48;2;110;140;135m▀[0m[38;2;194;229;229m[48;2;214;229;229m▀[0m[38;2;99;132;126m[48;2;64;81;84m▀[0m[38;2;0;0;0m[48;2;0;0;0m▀[0m[38;2;2;19;19m[48;2;0;0;0m▀[0m[38;2;73;113;105m[48;2;70;72;77m▀[0m[38;2;127;125;126m[48;2;174;180;180m▀[0m[38;2;165;171;171m[48;2;143;148;149m▀[0m[38;2;151;154;153m[48;2;140;148;148m▀[0m[38;2;152;154;153m[48;2;142;144;144m▀[0m[38;2;135;134;134m[48;2;148;148;145m▀[0m[38;2;115;115;116m[48;2;119;122;121m▀[0m[38;2;71;72;73m[48;2;132;133;130m▀[0m[38;2;136;142;143m[48;2;128;132;129m▀[0m[38;2;162;171;170m[48;2;205;213;213m▀[0m[38;2;203;216;214m[48;2;85;85;90m▀[0m[38;2;59;61;63m[48;2;0;0;0m▀[0m[38;2;0;0;0m[48;2;0;0;0m▀[0m[38;2;0;0;0m[48;2;0;0;0m▀[0m[38;2;0;0;0m[48;2;0;0;0m▀[0m[38;2;0;0;0m[48;2;0;0;0m▀[0m[38;2;0;0;0m[48;2;0;0;0m▀[0m[38;2;144;149;148m[48;2;163;169;168m▀[0m[38;2;151;157;157m[48;2;155;159;159m▀[0m[38;2;118;126;126m[48;2;130;134;131m▀[0m[38;2;88;99;99m[48;2;133;136;136m▀[0m[38;2;229;229;229m[48;2;133;140;140m▀[0m[38;2;229;229;229m[48;2;190;190;189m▀[0m[38;2;83;86;90m[48;2;81;85;89m▀[0m[38;2;142;144;145m[48;2;162;170;166m▀[0m[38;2;229;229;229m[48;2;229;229;229m▀[0m[38;2;229;229;229m[48;2;229;229;229m▀[0m[38;2;229;229;229m[48;2;229;229;229m▀[0m[38;2;229;229;229m[48;2;229;229;229m▀[0m[38;2;227;229;229m[48;2;226;229;229m▀[0m[38;2;229;229;229m[48;2;229;229;229m▀[0m[38;2;229;229;229m[48;2;229;229;229m▀[0m[38;2;229;0;0m[48;2;229;0;0m▀[0m[38;2;229;17;13m[48;2;229;0;0m▀[0m[38;2;229;229;229m[48;2;227;229;229m▀[0m[38;2;222;216;211m[48;2;229;60;50m▀[0m[38;2;229;0;0m[48;2;229;0;0m▀[0m[38;2;229;229;229m[48;2;229;229;229m▀[0m[38;2;229;229;229m[48;2;229;229;229m▀[0m[38;2;229;174;175m[48;2;229;229;229m▀[0m[38;2;229;229;229m[48;2;229;229;229m▀[0m[38;2;188;198;195m[48;2;103;110;108m▀[0m[38;2;104;107;107m[48;2;126;129;129m▀[0m[38;2;229;229;229m[48;2;224;225;225m▀[0m[38;2;229;229;229m[48;2;131;135;132m▀[0m[38;2;124;126;126m[48;2;130;133;132m▀[0m[38;2;144;150;150m[48;2;146;152;149m▀[0m[38;2;183;187;184m[48;2;189;196;192m▀[0m[38;2;4;4;6m[48;2;0;0;0m▀[0m[38;2;0;0;0m[48;2;0;0;0m▀[0m[38;2;0;0;0m[48;2;0;0;0m▀[0m[38;2;0;0;0m[48;2;0;0;0m▀[0m[38;2;0;0;0m[48;2;0;0;0m▀[0m[38;2;163;170;169m[48;2;1;1;0m▀[0m[38;2;189;195;196m[48;2;188;194;193m▀[0m[38;2;150;155;154m[48;2;162;168;167m▀[0m[38;2;141;146;145m[48;2;143;149;148m▀[0m[38;2;136;142;141m[48;2;144;144;145m▀[0m[38;2;133;138;143m[48;2;141;144;144m▀[0m[38;2;141;151;151m[48;2;137;144;143m▀[0m[38;2;153;158;161m[48;2;147;149;153m▀[0m[38;2;180;192;189m[48;2;152;156;153m▀[0m[38;2;98;95;95m[48;2;175;181;180m▀[0m[38;2;0;0;0m[48;2;9;3;2m▀[0m[38;2;99;138;132m[48;2;0;10;7m▀[0m[38;2;39;58;54m[48;2;147;188;181m▀[0m[38;2;0;0;0m[48;2;0;0;0m▀[0m[38;2;90;128;120m[48;2;136;174;170m▀[0m[38;2;111;143;141m[48;2;89;122;117m▀[0m
[38;2;150;191;180m[48;2;169;218;207m▀[0m[38;2;0;0;0m[48;2;108;134;126m▀[0m[38;2;41;51;47m[48;2;76;97;96m▀[0m[38;2;153;205;197m[48;2;190;229;229m▀[0m[38;2;27;48;46m[48;2;0;0;0m▀[0m[38;2;0;0;0m[48;2;17;9;10m▀[0m[38;2;60;57;60m[48;2;191;199;198m▀[0m[38;2;181;187;187m[48;2;156;160;160m▀[0m[38;2;145;153;153m[48;2;143;148;148m▀[0m[38;2;137;147;144m[48;2;133;144;139m▀[0m[38;2;134;145;144m[48;2;135;141;140m▀[0m[38;2;144;144;144m[48;2;144;147;147m▀[0m[38;2;147;149;149m[48;2;152;155;155m▀[0m[38;2;139;139;137m[48;2;145;147;147m▀[0m[38;2;136;142;142m[48;2;165;171;171m▀[0m[38;2;207;214;214m[48;2;93;97;98m▀[0m[38;2;86;89;90m[48;2;0;0;0m▀[0m[38;2;0;0;0m[48;2;0;0;0m▀[0m[38;2;0;0;0m[48;2;0;0;0m▀[0m[38;2;0;0;0m[48;2;0;0;0m▀[0m[38;2;0;0;0m[48;2;0;0;0m▀[0m[38;2;0;0;0m[48;2;0;0;0m▀[0m[38;2;0;0;0m[48;2;0;0;0m▀[0m[38;2;0;0;0m[48;2;0;0;0m▀[0m[38;2;120;126;126m[48;2;45;51;51m▀[0m[38;2;177;184;183m[48;2;180;189;187m▀[0m[38;2;126;132;132m[48;2;153;157;157m▀[0m[38;2;229;229;229m[48;2;229;229;229m▀[0m[38;2;229;229;229m[48;2;229;229;229m▀[0m[38;2;229;229;229m[48;2;229;229;229m▀[0m[38;2;89;94;94m[48;2;116;118;119m▀[0m[38;2;131;138;137m[48;2;100;113;107m▀[0m[38;2;229;229;229m[48;2;229;229;229m▀[0m[38;2;229;229;229m[48;2;229;229;229m▀[0m[38;2;229;229;229m[48;2;227;229;229m▀[0m[38;2;229;229;229m[48;2;229;229;229m▀[0m[38;2;229;229;229m[48;2;226;229;229m▀[0m[38;2;229;229;229m[48;2;229;229;229m▀[0m[38;2;229;229;229m[48;2;229;141;132m▀[0m[38;2;229;0;0m[48;2;229;0;0m▀[0m[38;2;229;1;0m[48;2;229;0;0m▀[0m[38;2;224;229;229m[48;2;229;67;67m▀[0m[38;2;229;0;0m[48;2;229;0;0m▀[0m[38;2;229;0;0m[48;2;219;202;206m▀[0m[38;2;229;202;192m[48;2;229;0;0m▀[0m[38;2;229;229;229m[48;2;229;229;229m▀[0m[38;2;229;229;229m[48;2;229;229;229m▀[0m[38;2;166;179;179m[48;2;99;124;124m▀[0m[38;2;56;67;70m[48;2;83;96;98m▀[0m[38;2;195;198;198m[48;2;229;229;229m▀[0m[38;2;229;229;229m[48;2;229;229;229m▀[0m[38;2;170;172;171m[48;2;225;225;225m▀[0m[38;2;126;133;131m[48;2;119;126;125m▀[0m[38;2;176;181;179m[48;2;189;196;195m▀[0m[38;2;146;153;151m[48;2;94;94;94m▀[0m[38;2;0;0;0m[48;2;0;0;0m▀[0m[38;2;0;0;0m[48;2;0;0;0m▀[0m[38;2;0;0;0m[48;2;8;9;9m▀[0m[38;2;0;0;0m[48;2;0;0;0m▀[0m[38;2;0;0;0m[48;2;0;0;0m▀[0m[38;2;0;0;0m[48;2;0;0;0m▀[0m[38;2;47;47;48m[48;2;0;0;0m▀[0m[38;2;194;202;198m[48;2;97;100;99m▀[0m[38;2;151;157;156m[48;2;197;200;201m▀[0m[38;2;149;151;149m[48;2;153;155;156m▀[0m[38;2;141;144;144m[48;2;147;149;149m▀[0m[38;2;137;141;141m[48;2;140;144;144m▀[0m[38;2;142;144;144m[48;2;141;141;141m▀[0m[38;2;144;149;148m[48;2;142;144;148m▀[0m[38;2;159;165;163m[48;2;141;146;150m▀[0m[38;2;142;140;146m[48;2;165;173;176m▀[0m[38;2;0;0;0m[48;2;125;130;133m▀[0m[38;2;141;178;176m[48;2;0;0;0m▀[0m[38;2;0;0;0m[48;2;0;0;0m▀[0m[38;2;144;182;178m[48;2;183;229;228m▀[0m[38;2;125;156;154m[48;2;105;133;128m▀[0m
[38;2;153;194;190m[48;2;171;218;215m▀[0m[38;2;90;108;105m[48;2;38;56;59m▀[0m[38;2;103;144;135m[48;2;0;0;0m▀[0m[38;2;25;49;44m[48;2;63;63;61m▀[0m[38;2;18;15;18m[48;2;207;212;213m▀[0m[38;2;162;170;171m[48;2;229;229;229m▀[0m[38;2;132;134;137m[48;2;127;131;131m▀[0m[38;2;127;129;133m[48;2;90;93;94m▀[0m[38;2;143;150;149m[48;2;148;153;153m▀[0m[38;2;139;144;139m[48;2;148;153;153m▀[0m[38;2;144;146;144m[48;2;147;150;151m▀[0m[38;2;151;153;153m[48;2;154;157;157m▀[0m[38;2;158;162;164m[48;2;193;206;200m▀[0m[38;2;185;190;193m[48;2;113;118;118m▀[0m[38;2;66;66;68m[48;2;0;0;0m▀[0m[38;2;0;0;0m[48;2;2;5;5m▀[0m[38;2;0;0;0m[48;2;0;0;0m▀[0m[38;2;0;0;0m[48;2;0;0;0m▀[0m[38;2;0;0;0m[48;2;10;14;14m▀[0m[38;2;0;0;0m[48;2;8;13;13m▀[0m[38;2;0;0;0m[48;2;0;0;0m▀[0m[38;2;0;0;0m[48;2;0;0;0m▀[0m[38;2;0;0;0m[48;2;0;0;0m▀[0m[38;2;0;0;0m[48;2;0;0;0m▀[0m[38;2;0;0;0m[48;2;0;0;0m▀[0m[38;2;162;168;165m[48;2;24;27;30m▀[0m[38;2;87;92;97m[48;2;22;27;31m▀[0m[38;2;195;201;209m[48;2;144;148;149m▀[0m[38;2;229;229;229m[48;2;217;216;217m▀[0m[38;2;229;229;229m[48;2;229;229;229m▀[0m[38;2;151;153;151m[48;2;199;199;200m▀[0m[38;2;98;110;107m[48;2;75;82;81m▀[0m[38;2;197;204;202m[48;2;128;136;136m▀[0m[38;2;152;165;162m[48;2;226;229;229m▀[0m[38;2;178;208;212m[48;2;205;229;229m▀[0m[38;2;213;229;229m[48;2;208;120;117m▀[0m[38;2;211;229;229m[48;2;229;0;0m▀[0m[38;2;229;229;229m[48;2;229;0;0m▀[0m[38;2;229;0;0m[48;2;229;0;0m▀[0m[38;2;229;0;0m[48;2;229;0;0m▀[0m[38;2;229;0;0m[48;2;229;0;0m▀[0m[38;2;229;0;0m[48;2;198;0;0m▀[0m[38;2;229;0;0m[48;2;229;0;0m▀[0m[38;2;217;229;229m[48;2;229;0;0m▀[0m[38;2;229;39;38m[48;2;229;0;0m▀[0m[38;2;229;24;15m[48;2;229;0;0m▀[0m[38;2;229;229;229m[48;2;229;123;116m▀[0m[38;2;128;167;167m[48;2;195;229;229m▀[0m[38;2;98;117;117m[48;2;120;180;180m▀[0m[38;2;229;229;229m[48;2;229;229;229m▀[0m[38;2;196;199;199m[48;2;229;229;229m▀[0m[38;2;206;207;208m[48;2;206;211;210m▀[0m[38;2;140;148;147m[48;2;70;76;74m▀[0m[38;2;187;192;189m[48;2;63;66;66m▀[0m[38;2;8;4;7m[48;2;0;0;0m▀[0m[38;2;0;0;0m[48;2;0;0;0m▀[0m[38;2;0;0;0m[48;2;0;0;0m▀[0m[38;2;82;108;107m[48;2;144;186;185m▀[0m[38;2;0;0;0m[48;2;6;4;9m▀[0m[38;2;0;0;0m[48;2;18;26;27m▀[0m[38;2;0;0;0m[48;2;0;0;0m▀[0m[38;2;0;0;0m[48;2;0;0;0m▀[0m[38;2;0;0;0m[48;2;0;0;0m▀[0m[38;2;126;133;132m[48;2;0;0;0m▀[0m[38;2;189;195;195m[48;2;154;157;159m▀[0m[38;2;150;155;155m[48;2;182;184;189m▀[0m[38;2;146;150;153m[48;2;153;157;157m▀[0m[38;2;144;150;149m[48;2;130;134;135m▀[0m[38;2;140;143;144m[48;2;136;143;144m▀[0m[38;2;142;147;152m[48;2;150;157;160m▀[0m[38;2;123;135;135m[48;2;96;106;106m▀[0m[38;2;156;162;162m[48;2;142;142;139m▀[0m[38;2;164;165;162m[48;2;229;229;229m▀[0m[38;2;0;0;0m[48;2;229;229;229m▀[0m[38;2;60;90;89m[48;2;0;0;0m▀[0m[38;2;145;183;179m[48;2;0;0;0m▀[0m
[38;2;22;57;54m[48;2;15;12;14m▀[0m[38;2;0;0;0m[48;2;229;229;229m▀[0m[38;2;172;169;169m[48;2;229;229;229m▀[0m[38;2;229;229;229m[48;2;229;229;229m▀[0m[38;2;229;229;229m[48;2;229;229;229m▀[0m[38;2;229;229;229m[48;2;229;229;229m▀[0m[38;2;140;145;143m[48;2;181;184;183m▀[0m[38;2;80;87;85m[48;2;101;106;102m▀[0m[38;2;144;150;151m[48;2;123;126;126m▀[0m[38;2;106;109;108m[48;2;103;107;104m▀[0m[38;2;110;114;111m[48;2;169;174;173m▀[0m[38;2;189;195;193m[48;2;163;169;169m▀[0m[38;2;140;145;148m[48;2;0;0;0m▀[0m[38;2;0;0;0m[48;2;0;0;0m▀[0m[38;2;0;0;0m[48;2;0;0;0m▀[0m[38;2;23;30;30m[48;2;29;32;32m▀[0m[38;2;0;0;0m[48;2;0;0;0m▀[0m[38;2;0;0;0m[48;2;0;0;0m▀[0m[38;2;51;74;74m[48;2;49;73;73m▀[0m[38;2;23;37;35m[48;2;7;18;19m▀[0m[38;2;1;2;0m[48;2;119;140;128m▀[0m[38;2;0;0;0m[48;2;15;18;18m▀[0m[38;2;0;0;0m[48;2;0;0;0m▀[0m[38;2;0;0;0m[48;2;0;0;0m▀[0m[38;2;0;0;0m[48;2;0;0;0m▀[0m[38;2;0;0;0m[48;2;170;173;168m▀[0m[38;2;143;144;143m[48;2;229;229;229m▀[0m[38;2;229;229;229m[48;2;229;229;229m▀[0m[38;2;229;229;229m[48;2;229;229;229m▀[0m[38;2;229;229;229m[48;2;198;193;192m▀[0m[38;2;158;159;156m[48;2;53;56;54m▀[0m[38;2;81;89;89m[48;2;174;180;180m▀[0m[38;2;229;229;229m[48;2;229;229;229m▀[0m[38;2;229;229;229m[48;2;229;229;229m▀[0m[38;2;229;229;229m[48;2;229;229;229m▀[0m[38;2;221;227;224m[48;2;229;0;0m▀[0m[38;2;229;0;0m[48;2;229;0;0m▀[0m[38;2;229;0;0m[48;2;229;0;0m▀[0m[38;2;153;0;0m[48;2;229;0;0m▀[0m[38;2;12;0;0m[48;2;229;0;0m▀[0m[38;2;5;0;0m[48;2;229;0;0m▀[0m[38;2;171;0;0m[48;2;229;0;0m▀[0m[38;2;229;0;0m[48;2;229;0;0m▀[0m[38;2;229;0;0m[48;2;229;104;91m▀[0m[38;2;219;229;229m[48;2;229;229;229m▀[0m[38;2;219;229;229m[48;2;229;229;229m▀[0m[38;2;229;0;0m[48;2;219;211;209m▀[0m[38;2;229;0;0m[48;2;229;0;0m▀[0m[38;2;225;173;162m[48;2;229;91;84m▀[0m[38;2;229;229;229m[48;2;221;200;201m▀[0m[38;2;229;229;229m[48;2;229;229;229m▀[0m[38;2;229;229;229m[48;2;229;229;229m▀[0m[38;2;229;229;229m[48;2;229;229;229m▀[0m[38;2;38;41;36m[48;2;229;229;229m▀[0m[38;2;0;0;0m[48;2;0;0;0m▀[0m[38;2;0;0;0m[48;2;0;0;0m▀[0m[38;2;107;140;140m[48;2;175;229;229m▀[0m[38;2;138;180;180m[48;2;99;132;134m▀[0m[38;2;45;59;60m[48;2;94;118;125m▀[0m[38;2;14;18;24m[48;2;0;0;0m▀[0m[38;2;0;0;0m[48;2;0;0;0m▀[0m[38;2;0;0;0m[48;2;0;0;0m▀[0m[38;2;0;0;0m[48;2;13;18;18m▀[0m[38;2;0;0;0m[48;2;0;0;0m▀[0m[38;2;0;0;0m[48;2;0;0;0m▀[0m[38;2;174;180;182m[48;2;20;23;23m▀[0m[38;2;176;180;180m[48;2;198;204;207m▀[0m[38;2;129;133;132m[48;2;169;176;170m▀[0m[38;2;65;72;71m[48;2;126;129;128m▀[0m[38;2;134;139;139m[48;2;81;84;84m▀[0m[38;2;108;116;117m[48;2;108;116;116m▀[0m[38;2;129;130;127m[48;2;100;105;100m▀[0m[38;2;229;229;229m[48;2;229;229;229m▀[0m[38;2;229;229;229m[48;2;229;229;229m▀[0m[38;2;229;229;229m[48;2;229;229;229m▀[0m[38;2;34;28;31m[48;2;229;229;229m▀[0m
[38;2;229;229;229m[48;2;229;229;229m▀[0m[38;2;229;229;229m[48;2;229;229;229m▀[0m[38;2;229;229;229m[48;2;229;229;229m▀[0m[38;2;229;229;229m[48;2;229;229;229m▀[0m[38;2;229;229;229m[48;2;229;229;229m▀[0m[38;2;229;229;229m[48;2;229;229;229m▀[0m[38;2;229;229;229m[48;2;229;229;229m▀[0m[38;2;229;229;229m[48;2;229;229;229m▀[0m[38;2;138;142;141m[48;2;132;137;137m▀[0m[38;2;162;168;168m[48;2;184;190;190m▀[0m[38;2;186;191;191m[48;2;42;42;42m▀[0m[38;2;0;1;1m[48;2;0;0;0m▀[0m[38;2;0;0;0m[48;2;0;0;0m▀[0m[38;2;0;0;0m[48;2;0;0;0m▀[0m[38;2;0;0;0m[48;2;0;0;0m▀[0m[38;2;15;17;17m[48;2;28;34;37m▀[0m[38;2;55;76;76m[48;2;163;205;202m▀[0m[38;2;0;0;0m[48;2;48;58;56m▀[0m[38;2;0;0;0m[48;2;0;0;0m▀[0m[38;2;0;0;0m[48;2;0;0;0m▀[0m[38;2;97;113;108m[48;2;77;90;87m▀[0m[38;2;116;133;129m[48;2;143;171;168m▀[0m[38;2;0;0;0m[48;2;0;0;0m▀[0m[38;2;0;0;0m[48;2;166;169;173m▀[0m[38;2;144;148;141m[48;2;200;202;204m▀[0m[38;2;229;229;229m[48;2;211;213;213m▀[0m[38;2;229;229;229m[48;2;229;229;229m▀[0m[38;2;229;229;229m[48;2;229;229;229m▀[0m[38;2;229;229;229m[48;2;229;229;229m▀[0m[38;2;122;121;121m[48;2;198;203;203m▀[0m[38;2;121;129;129m[48;2;138;144;144m▀[0m[38;2;196;201;201m[48;2;137;145;144m▀[0m[38;2;229;229;229m[48;2;226;229;229m▀[0m[38;2;229;229;229m[48;2;229;229;229m▀[0m[38;2;229;219;218m[48;2;229;160;157m▀[0m[38;2;229;0;0m[48;2;229;99;95m▀[0m[38;2;229;54;50m[48;2;229;229;229m▀[0m[38;2;229;0;0m[48;2;229;19;13m▀[0m[38;2;229;0;0m[48;2;229;0;0m▀[0m[38;2;229;0;0m[48;2;229;0;0m▀[0m[38;2;229;0;0m[48;2;229;27;20m▀[0m[38;2;229;0;0m[48;2;229;229;229m▀[0m[38;2;229;0;0m[48;2;218;229;229m▀[0m[38;2;229;0;0m[48;2;229;0;0m▀[0m[38;2;229;229;229m[48;2;229;186;180m▀[0m[38;2;229;229;229m[48;2;229;229;229m▀[0m[38;2;229;229;229m[48;2;229;229;229m▀[0m[38;2;229;36;22m[48;2;229;147;141m▀[0m[38;2;229;221;218m[48;2;229;163;160m▀[0m[38;2;210;203;207m[48;2;229;229;229m▀[0m[38;2;226;229;229m[48;2;229;229;229m▀[0m[38;2;229;229;229m[48;2;229;229;229m▀[0m[38;2;229;229;229m[48;2;229;229;229m▀[0m[38;2;229;229;229m[48;2;229;229;229m▀[0m[38;2;229;229;229m[48;2;229;229;229m▀[0m[38;2;48;52;48m[48;2;221;217;211m▀[0m[38;2;17;44;45m[48;2;1;0;0m▀[0m[38;2;143;180;177m[48;2;58;74;73m▀[0m[38;2;64;78;79m[48;2;42;58;62m▀[0m[38;2;0;0;0m[48;2;0;0;0m▀[0m[38;2;0;0;0m[48;2;0;0;0m▀[0m[38;2;54;66;64m[48;2;168;207;203m▀[0m[38;2;150;198;190m[48;2;163;210;207m▀[0m[38;2;0;0;0m[48;2;0;0;0m▀[0m[38;2;0;0;0m[48;2;0;0;0m▀[0m[38;2;0;0;0m[48;2;0;0;0m▀[0m[38;2;86;91;91m[48;2;0;0;0m▀[0m[38;2;196;203;199m[48;2;138;144;144m▀[0m[38;2;157;159;159m[48;2;181;184;184m▀[0m[38;2;128;130;131m[48;2;117;120;120m▀[0m[38;2;205;205;205m[48;2;207;207;208m▀[0m[38;2;204;205;202m[48;2;229;229;229m▀[0m[38;2;229;229;229m[48;2;229;229;229m▀[0m[38;2;229;229;229m[48;2;229;229;229m▀[0m[38;2;229;229;229m[48;2;229;229;229m▀[0m[38;2;229;229;229m[48;2;229;229;229m▀[0m
[38;2;229;229;229m[48;2;229;229;229m▀[0m[38;2;229;229;229m[48;2;229;229;229m▀[0m[38;2;229;225;227m[48;2;229;229;229m▀[0m[38;2;227;227;228m[48;2;226;226;227m▀[0m[38;2;225;227;227m[48;2;229;229;229m▀[0m[38;2;229;229;229m[48;2;229;229;229m▀[0m[38;2;229;229;229m[48;2;229;229;229m▀[0m[38;2;229;229;229m[48;2;229;229;229m▀[0m[38;2;157;162;162m[48;2;135;142;142m▀[0m[38;2;99;102;105m[48;2;0;0;0m▀[0m[38;2;0;0;0m[48;2;0;0;0m▀[0m[38;2;38;59;63m[48;2;8;15;18m▀[0m[38;2;0;0;0m[48;2;78;100;106m▀[0m[38;2;0;0;0m[48;2;15;20;20m▀[0m[38;2;0;0;0m[48;2;0;0;0m▀[0m[38;2;72;89;88m[48;2;99;125;122m▀[0m[38;2;143;175;173m[48;2;118;146;145m▀[0m[38;2;211;229;229m[48;2;188;229;225m▀[0m[38;2;44;54;52m[48;2;106;130;126m▀[0m[38;2;0;0;0m[48;2;164;198;191m▀[0m[38;2;0;0;0m[48;2;0;0;0m▀[0m[38;2;0;16;13m[48;2;54;51;54m▀[0m[38;2;117;119;128m[48;2;229;229;229m▀[0m[38;2;229;229;229m[48;2;229;229;229m▀[0m[38;2;205;207;207m[48;2;229;229;229m▀[0m[38;2;157;161;161m[48;2;215;212;215m▀[0m[38;2;156;162;159m[48;2;105;108;109m▀[0m[38;2;229;229;229m[48;2;166;171;172m▀[0m[38;2;229;229;229m[48;2;229;229;229m▀[0m[38;2;186;189;189m[48;2;170;178;178m▀[0m[38;2;132;139;138m[48;2;139;144;144m▀[0m[38;2;133;143;140m[48;2;140;148;148m▀[0m[38;2;167;177;180m[48;2;144;152;153m▀[0m[38;2;229;229;229m[48;2;205;229;229m▀[0m[38;2;229;160;154m[48;2;229;173;171m▀[0m[38;2;229;126;123m[48;2;229;123;120m▀[0m[38;2;229;229;229m[48;2;229;229;229m▀[0m[38;2;220;200;190m[48;2;229;229;229m▀[0m[38;2;229;0;0m[48;2;229;0;0m▀[0m[38;2;229;0;0m[48;2;229;0;0m▀[0m[38;2;216;229;229m[48;2;229;229;229m▀[0m[38;2;229;229;229m[48;2;229;229;229m▀[0m[38;2;229;229;229m[48;2;229;229;229m▀[0m[38;2;229;89;81m[48;2;229;144;140m▀[0m[38;2;229;100;98m[48;2;229;63;60m▀[0m[38;2;229;229;229m[48;2;229;229;229m▀[0m[38;2;229;229;229m[48;2;229;229;229m▀[0m[38;2;225;201;200m[48;2;229;206;198m▀[0m[38;2;214;167;161m[48;2;180;138;134m▀[0m[38;2;229;229;229m[48;2;229;229;229m▀[0m[38;2;229;229;229m[48;2;229;229;229m▀[0m[38;2;229;229;229m[48;2;229;229;229m▀[0m[38;2;229;229;229m[48;2;229;229;229m▀[0m[38;2;229;229;229m[48;2;195;196;193m▀[0m[38;2;181;183;181m[48;2;143;143;138m▀[0m[38;2;199;203;198m[48;2;227;227;228m▀[0m[38;2;213;212;210m[48;2;229;229;229m▀[0m[38;2;0;0;0m[48;2;198;198;192m▀[0m[38;2;13;35;42m[48;2;0;0;0m▀[0m[38;2;0;0;0m[48;2;116;153;152m▀[0m[38;2;117;141;142m[48;2;189;229;229m▀[0m[38;2;207;229;229m[48;2;171;221;213m▀[0m[38;2;95;125;120m[48;2;23;36;36m▀[0m[38;2;50;73;63m[48;2;158;203;196m▀[0m[38;2;2;5;5m[48;2;13;19;16m▀[0m[38;2;0;0;0m[48;2;0;0;0m▀[0m[38;2;0;0;0m[48;2;0;0;0m▀[0m[38;2;0;0;0m[48;2;0;0;0m▀[0m[38;2;178;183;183m[48;2;51;56;54m▀[0m[38;2;132;135;135m[48;2;161;173;171m▀[0m[38;2;189;192;187m[48;2;177;182;180m▀[0m[38;2;229;229;229m[48;2;229;229;229m▀[0m[38;2;229;229;229m[48;2;229;229;229m▀[0m[38;2;229;229;229m[48;2;229;229;229m▀[0m[38;2;229;228;229m[48;2;228;228;228m▀[0m[38;2;228;228;229m[48;2;229;229;229m▀[0m
[38;2;210;213;214m[48;2;187;189;190m▀[0m[38;2;229;229;229m[48;2;176;176;177m▀[0m[38;2;229;229;229m[48;2;207;204;207m▀[0m[38;2;229;229;229m[48;2;229;229;229m▀[0m[38;2;229;229;229m[48;2;229;229;229m▀[0m[38;2;229;229;229m[48;2;229;229;229m▀[0m[38;2;229;229;229m[48;2;229;229;229m▀[0m[38;2;229;229;229m[48;2;69;72;72m▀[0m[38;2;0;0;0m[48;2;0;0;0m▀[0m[38;2;0;0;0m[48;2;0;0;0m▀[0m[38;2;0;0;0m[48;2;0;0;0m▀[0m[38;2;0;0;0m[48;2;45;63;63m▀[0m[38;2;132;169;173m[48;2;63;82;86m▀[0m[38;2;171;207;201m[48;2;159;201;197m▀[0m[38;2;0;0;0m[48;2;162;200;194m▀[0m[38;2;11;9;14m[48;2;51;63;63m▀[0m[38;2;107;135;135m[48;2;121;151;150m▀[0m[38;2;141;175;170m[48;2;81;100;99m▀[0m[38;2;110;137;134m[48;2;64;82;83m▀[0m[38;2;93;125;121m[48;2;0;0;0m▀[0m[38;2;16;16;17m[48;2;114;116;116m▀[0m[38;2;229;229;229m[48;2;229;229;229m▀[0m[38;2;229;229;229m[48;2;229;229;229m▀[0m[38;2;229;229;229m[48;2;229;229;229m▀[0m[38;2;229;229;229m[48;2;229;229;229m▀[0m[38;2;229;229;229m[48;2;229;229;229m▀[0m[38;2;229;229;229m[48;2;229;229;229m▀[0m[38;2;150;153;157m[48;2;229;229;229m▀[0m[38;2;210;214;215m[48;2;166;180;181m▀[0m[38;2;180;192;192m[48;2;175;158;154m▀[0m[38;2;134;166;168m[48;2;181;54;37m▀[0m[38;2;145;160;157m[48;2;147;164;168m▀[0m[38;2;151;158;157m[48;2;156;162;169m▀[0m[38;2;146;195;198m[48;2;137;189;192m▀[0m[38;2;229;136;133m[48;2;198;63;58m▀[0m[38;2;229;171;166m[48;2;229;192;189m▀[0m[38;2;229;229;229m[48;2;229;229;229m▀[0m[38;2;229;229;229m[48;2;229;229;229m▀[0m[38;2;229;0;0m[48;2;229;0;0m▀[0m[38;2;229;59;54m[48;2;229;116;114m▀[0m[38;2;229;229;229m[48;2;229;229;229m▀[0m[38;2;229;229;229m[48;2;229;229;229m▀[0m[38;2;229;229;229m[48;2;229;229;229m▀[0m[38;2;229;160;153m[48;2;229;168;167m▀[0m[38;2;229;50;42m[48;2;229;61;54m▀[0m[38;2;229;229;229m[48;2;229;229;229m▀[0m[38;2;229;229;229m[48;2;156;188;189m▀[0m[38;2;157;120;118m[48;2;143;107;107m▀[0m[38;2;150;78;77m[48;2;151;53;52m▀[0m[38;2;221;229;229m[48;2;200;229;229m▀[0m[38;2;229;229;229m[48;2;229;229;229m▀[0m[38;2;229;229;229m[48;2;229;229;229m▀[0m[38;2;206;207;206m[48;2;188;189;188m▀[0m[38;2;126;130;124m[48;2;200;204;200m▀[0m[38;2;229;229;229m[48;2;229;229;229m▀[0m[38;2;229;229;229m[48;2;229;229;229m▀[0m[38;2;229;229;229m[48;2;229;229;229m▀[0m[38;2;229;229;229m[48;2;229;229;229m▀[0m[38;2;45;41;41m[48;2;166;170;164m▀[0m[38;2;13;34;30m[48;2;0;0;0m▀[0m[38;2;212;229;229m[48;2;56;75;70m▀[0m[38;2;81;102;99m[48;2;24;35;37m▀[0m[38;2;71;88;92m[48;2;149;189;190m▀[0m[38;2;213;229;229m[48;2;145;178;174m▀[0m[38;2;0;0;0m[48;2;0;0;0m▀[0m[38;2;0;0;0m[48;2;0;0;0m▀[0m[38;2;0;0;0m[48;2;0;0;0m▀[0m[38;2;0;0;0m[48;2;18;20;24m▀[0m[38;2;0;0;0m[48;2;0;0;0m▀[0m[38;2;124;131;131m[48;2;0;0;0m▀[0m[38;2;174;181;180m[48;2;151;158;158m▀[0m[38;2;229;229;229m[48;2;229;229;229m▀[0m[38;2;229;229;229m[48;2;229;229;229m▀[0m[38;2;229;229;229m[48;2;229;229;229m▀[0m[38;2;229;229;229m[48;2;229;229;229m▀[0m[38;2;229;229;229m[48;2;221;221;221m▀[0m
[38;2;229;229;229m[48;2;229;229;229m▀[0m[38;2;229;229;229m[48;2;229;229;229m▀[0m[38;2;188;188;189m[48;2;229;229;229m▀[0m[38;2;200;200;201m[48;2;229;229;229m▀[0m[38;2;229;229;229m[48;2;229;229;229m▀[0m[38;2;229;229;229m[48;2;60;61;58m▀[0m[38;2;102;104;106m[48;2;0;0;0m▀[0m[38;2;0;0;0m[48;2;0;0;3m▀[0m[38;2;0;0;0m[48;2;0;0;0m▀[0m[38;2;0;0;0m[48;2;99;128;125m▀[0m[38;2;170;209;202m[48;2;190;229;225m▀[0m[38;2;93;114;110m[48;2;73;88;85m▀[0m[38;2;119;148;144m[48;2;144;180;174m▀[0m[38;2;127;157;156m[48;2;148;185;181m▀[0m[38;2;146;180;175m[48;2;129;155;153m▀[0m[38;2;139;176;173m[48;2;152;189;187m▀[0m[38;2;195;229;229m[48;2;130;165;162m▀[0m[38;2;88;111;111m[48;2;0;0;0m▀[0m[38;2;0;0;0m[48;2;0;0;0m▀[0m[38;2;54;54;55m[48;2;148;155;153m▀[0m[38;2;160;170;166m[48;2;153;159;160m▀[0m[38;2;158;168;165m[48;2;100;108;108m▀[0m[38;2;229;229;229m[48;2;143;145;144m▀[0m[38;2;229;229;229m[48;2;229;229;229m▀[0m[38;2;229;229;229m[48;2;229;229;229m▀[0m[38;2;229;229;229m[48;2;229;229;229m▀[0m[38;2;229;229;229m[48;2;229;229;229m▀[0m[38;2;229;229;229m[48;2;229;229;229m▀[0m[38;2;229;229;229m[48;2;229;229;229m▀[0m[38;2;161;135;130m[48;2;201;209;206m▀[0m[38;2;170;0;0m[48;2;117;142;143m▀[0m[38;2;152;168;169m[48;2;147;164;164m▀[0m[38;2;153;171;174m[48;2;152;176;177m▀[0m[38;2;145;186;187m[48;2;155;163;165m▀[0m[38;2;191;27;22m[48;2;196;40;34m▀[0m[38;2;141;136;143m[48;2;132;159;156m▀[0m[38;2;175;216;216m[48;2;126;161;159m▀[0m[38;2;229;229;229m[48;2;146;229;229m▀[0m[38;2;229;1;0m[48;2;229;22;21m▀[0m[38;2;229;144;146m[48;2;229;134;135m▀[0m[38;2;229;229;229m[48;2;229;229;229m▀[0m[38;2;229;229;229m[48;2;218;229;229m▀[0m[38;2;229;229;229m[48;2;189;229;229m▀[0m[38;2;226;160;161m[48;2;176;118;124m▀[0m[38;2;222;27;20m[48;2;195;14;9m▀[0m[38;2;145;214;216m[48;2;148;209;210m▀[0m[38;2;149;171;170m[48;2;161;188;187m▀[0m[38;2;167;162;162m[48;2;169;111;109m▀[0m[38;2;141;129;131m[48;2;144;130;131m▀[0m[38;2;192;209;208m[48;2;214;227;228m▀[0m[38;2;229;229;229m[48;2;229;229;229m▀[0m[38;2;229;229;229m[48;2;229;229;229m▀[0m[38;2;229;229;229m[48;2;229;229;229m▀[0m[38;2;229;229;229m[48;2;229;229;229m▀[0m[38;2;229;229;229m[48;2;229;229;229m▀[0m[38;2;229;229;229m[48;2;229;229;229m▀[0m[38;2;229;229;229m[48;2;137;144;142m▀[0m[38;2;128;135;135m[48;2;109;115;117m▀[0m[38;2;160;168;166m[48;2;145;152;154m▀[0m[38;2;91;93;94m[48;2;166;174;172m▀[0m[38;2;0;0;0m[48;2;0;0;0m▀[0m[38;2;134;175;174m[48;2;5;15;11m▀[0m[38;2;153;199;201m[48;2;132;171;170m▀[0m[38;2;15;20;21m[48;2;0;0;0m▀[0m[38;2;0;0;0m[48;2;13;18;19m▀[0m[38;2;0;0;0m[48;2;166;217;207m▀[0m[38;2;127;168;162m[48;2;169;216;205m▀[0m[38;2;112;144;136m[48;2;176;220;210m▀[0m[38;2;0;0;0m[48;2;161;202;191m▀[0m[38;2;0;0;0m[48;2;0;0;0m▀[0m[38;2;0;0;0m[48;2;0;0;0m▀[0m[38;2;195;200;198m[48;2;0;0;0m▀[0m[38;2;229;229;229m[48;2;172;172;172m▀[0m[38;2;229;229;229m[48;2;229;229;229m▀[0m[38;2;229;229;229m[48;2;229;229;229m▀[0m[38;2;161;163;161m[48;2;229;229;229m▀[0m
[38;2;229;229;229m[48;2;229;229;229m▀[0m[38;2;229;229;229m[48;2;229;229;229m▀[0m[38;2;229;229;229m[48;2;54;53;53m▀[0m[38;2;190;193;190m[48;2;0;0;0m▀[0m[38;2;0;0;0m[48;2;0;0;0m▀[0m[38;2;0;0;0m[48;2;0;0;0m▀[0m[38;2;0;0;0m[48;2;0;0;0m▀[0m[38;2;0;0;0m[48;2;20;30;30m▀[0m[38;2;31;45;45m[48;2;168;210;201m▀[0m[38;2;188;229;224m[48;2;158;190;187m▀[0m[38;2;149;178;172m[48;2;140;165;162m▀[0m[38;2;72;90;87m[48;2;75;94;90m▀[0m[38;2;141;176;170m[48;2;143;178;171m▀[0m[38;2;139;172;167m[48;2;140;176;170m▀[0m[38;2;155;196;189m[48;2;168;210;205m▀[0m[38;2;152;190;183m[48;2;94;122;115m▀[0m[38;2;21;33;30m[48;2;0;0;0m▀[0m[38;2;0;0;0m[48;2;0;0;0m▀[0m[38;2;36;36;35m[48;2;141;146;147m▀[0m[38;2;187;197;195m[48;2;126;132;131m▀[0m[38;2;99;105;106m[48;2;90;93;94m▀[0m[38;2;90;97;99m[48;2;229;229;229m▀[0m[38;2;72;78;79m[48;2;134;135;140m▀[0m[38;2;220;219;219m[48;2;135;138;135m▀[0m[38;2;229;229;229m[48;2;229;229;229m▀[0m[38;2;229;229;229m[48;2;229;229;229m▀[0m[38;2;229;229;229m[48;2;229;229;229m▀[0m[38;2;229;229;229m[48;2;229;229;229m▀[0m[38;2;229;229;229m[48;2;229;229;229m▀[0m[38;2;229;229;229m[48;2;229;229;229m▀[0m[38;2;142;146;143m[48;2;165;171;170m▀[0m[38;2;141;155;153m[48;2;138;151;148m▀[0m[38;2;152;180;181m[48;2;149;181;183m▀[0m[38;2;162;143;141m[48;2;172;132;128m▀[0m[38;2;206;53;46m[48;2;206;59;55m▀[0m[38;2;151;192;191m[48;2;153;198;202m▀[0m[38;2;148;169;165m[48;2;155;170;166m▀[0m[38;2;134;206;207m[48;2;148;210;208m▀[0m[38;2;195;28;27m[48;2;198;62;60m▀[0m[38;2;198;80;78m[48;2;201;76;73m▀[0m[38;2;149;216;221m[48;2;153;215;213m▀[0m[38;2;161;180;182m[48;2;159;174;175m▀[0m[38;2;144;192;197m[48;2;147;200;203m▀[0m[38;2;167;101;104m[48;2;184;102;102m▀[0m[38;2;219;53;48m[48;2;212;61;58m▀[0m[38;2;155;212;212m[48;2;152;213;213m▀[0m[38;2;157;189;188m[48;2;153;191;192m▀[0m[38;2;174;104;101m[48;2;163;93;85m▀[0m[38;2;162;143;143m[48;2;204;176;173m▀[0m[38;2;229;229;229m[48;2;229;229;229m▀[0m[38;2;229;229;229m[48;2;229;229;229m▀[0m[38;2;229;229;229m[48;2;229;229;229m▀[0m[38;2;229;229;229m[48;2;229;229;229m▀[0m[38;2;229;229;229m[48;2;229;229;229m▀[0m[38;2;229;229;229m[48;2;229;229;229m▀[0m[38;2;208;211;208m[48;2;101;103;103m▀[0m[38;2;90;95;95m[48;2;111;115;115m▀[0m[38;2;110;113;115m[48;2;191;191;191m▀[0m[38;2;136;140;140m[48;2;61;66;63m▀[0m[38;2;191;198;196m[48;2;146;152;152m▀[0m[38;2;50;49;50m[48;2;143;143;141m▀[0m[38;2;0;0;0m[48;2;0;0;0m▀[0m[38;2;30;42;38m[48;2;0;0;0m▀[0m[38;2;135;169;162m[48;2;180;227;218m▀[0m[38;2;165;212;203m[48;2;160;199;191m▀[0m[38;2;155;194;187m[48;2;140;176;169m▀[0m[38;2;142;175;169m[48;2;136;170;162m▀[0m[38;2;144;177;171m[48;2;139;171;168m▀[0m[38;2;177;219;212m[48;2;153;184;180m▀[0m[38;2;75;93;89m[48;2;107;132;128m▀[0m[38;2;0;0;0m[48;2;71;95;88m▀[0m[38;2;0;0;0m[48;2;0;0;0m▀[0m[38;2;0;0;0m[48;2;0;0;0m▀[0m[38;2;102;105;106m[48;2;0;0;0m▀[0m[38;2;229;229;229m[48;2;33;37;34m▀[0m[38;2;229;229;229m[48;2;229;229;229m▀[0m
[38;2;210;213;213m[48;2;0;0;0m▀[0m[38;2;0;0;0m[48;2;0;0;0m▀[0m[38;2;0;0;0m[48;2;0;0;0m▀[0m[38;2;0;0;0m[48;2;0;0;0m▀[0m[38;2;0;0;0m[48;2;0;0;0m▀[0m[38;2;0;0;0m[48;2;41;54;54m▀[0m[38;2;38;53;50m[48;2;118;153;144m▀[0m[38;2;183;227;216m[48;2;169;205;197m▀[0m[38;2;154;188;181m[48;2;141;169;164m▀[0m[38;2;146;174;171m[48;2;141;176;169m▀[0m[38;2;138;165;159m[48;2;132;162;156m▀[0m[38;2;89;107;106m[48;2;69;88;87m▀[0m[38;2;143;177;174m[48;2;147;182;176m▀[0m[38;2;148;187;180m[48;2;183;228;221m▀[0m[38;2;153;196;189m[48;2;92;124;119m▀[0m[38;2;0;0;0m[48;2;0;0;0m▀[0m[38;2;0;0;0m[48;2;0;0;0m▀[0m[38;2;5;5;6m[48;2;74;77;77m▀[0m[38;2;165;173;170m[48;2;108;113;108m▀[0m[38;2;89;92;89m[48;2;122;126;126m▀[0m[38;2;189;191;192m[48;2;229;229;229m▀[0m[38;2;229;229;229m[48;2;229;229;229m▀[0m[38;2;229;229;229m[48;2;229;229;229m▀[0m[38;2;91;98;100m[48;2;158;160;162m▀[0m[38;2;229;229;229m[48;2;191;193;191m▀[0m[38;2;229;229;229m[48;2;229;229;229m▀[0m[38;2;229;229;229m[48;2;225;229;225m▀[0m[38;2;229;226;229m[48;2;225;226;226m▀[0m[38;2;229;229;229m[48;2;221;223;221m▀[0m[38;2;229;229;229m[48;2;229;229;229m▀[0m[38;2;207;207;207m[48;2;229;229;229m▀[0m[38;2;139;145;145m[48;2;152;157;157m▀[0m[38;2;146;180;183m[48;2;132;171;171m▀[0m[38;2;176;127;124m[48;2;177;119;116m▀[0m[38;2;209;64;63m[48;2;213;53;49m▀[0m[38;2;153;196;198m[48;2;149;199;200m▀[0m[38;2;166;174;173m[48;2;166;176;172m▀[0m[38;2;153;207;207m[48;2;152;205;201m▀[0m[38;2;198;84;81m[48;2;190;92;89m▀[0m[38;2;204;67;64m[48;2;205;64;59m▀[0m[38;2;158;221;222m[48;2;156;219;218m▀[0m[38;2;161;175;175m[48;2;162;175;177m▀[0m[38;2;149;207;212m[48;2;146;210;213m▀[0m[38;2;196;83;83m[48;2;216;54;48m▀[0m[38;2;199;67;63m[48;2;195;91;86m▀[0m[38;2;148;212;215m[48;2;132;195;199m▀[0m[38;2;141;187;187m[48;2;161;212;216m▀[0m[38;2;180;97;91m[48;2;229;146;145m▀[0m[38;2;229;184;183m[48;2;229;172;171m▀[0m[38;2;229;229;229m[48;2;229;229;229m▀[0m[38;2;229;229;229m[48;2;229;229;229m▀[0m[38;2;229;229;229m[48;2;229;229;229m▀[0m[38;2;229;229;229m[48;2;229;229;229m▀[0m[38;2;229;229;229m[48;2;229;229;229m▀[0m[38;2;195;197;195m[48;2;93;97;94m▀[0m[38;2;45;51;49m[48;2;155;159;159m▀[0m[38;2;229;229;229m[48;2;229;229;229m▀[0m[38;2;229;229;229m[48;2;229;229;229m▀[0m[38;2;222;222;223m[48;2;229;229;229m▀[0m[38;2;99;101;101m[48;2;216;219;219m▀[0m[38;2;172;175;175m[48;2;144;146;146m▀[0m[38;2;0;0;0m[48;2;93;90;90m▀[0m[38;2;0;0;0m[48;2;0;0;0m▀[0m[38;2;59;77;75m[48;2;0;0;0m▀[0m[38;2;171;214;206m[48;2;162;204;197m▀[0m[38;2;137;169;162m[48;2;161;200;193m▀[0m[38;2;137;167;162m[48;2;135;171;163m▀[0m[38;2;139;169;165m[48;2;135;166;161m▀[0m[38;2;151;180;176m[48;2;148;178;174m▀[0m[38;2;82;101;98m[48;2;73;94;92m▀[0m[38;2;186;229;219m[48;2;156;196;187m▀[0m[38;2;35;43;43m[48;2;178;220;209m▀[0m[38;2;0;0;0m[48;2;0;0;0m▀[0m[38;2;0;0;0m[48;2;0;0;0m▀[0m[38;2;0;0;0m[48;2;0;0;0m▀[0m[38;2;0;0;0m[48;2;0;0;0m▀[0m
[38;2;0;0;0m[48;2;0;0;0m▀[0m[38;2;0;0;0m[48;2;0;0;0m▀[0m[38;2;0;0;0m[48;2;20;26;25m▀[0m[38;2;0;0;0m[48;2;171;211;205m▀[0m[38;2;150;186;180m[48;2;189;229;227m▀[0m[38;2;116;144;144m[48;2;59;80;80m▀[0m[38;2;118;148;140m[48;2;133;166;160m▀[0m[38;2;154;190;182m[48;2;148;186;178m▀[0m[38;2;135;168;162m[48;2;158;198;189m▀[0m[38;2;140;171;167m[48;2;162;200;197m▀[0m[38;2;137;172;166m[48;2;88;117;116m▀[0m[38;2;81;109;108m[48;2;0;0;0m▀[0m[38;2;152;194;189m[48;2;0;0;0m▀[0m[38;2;86;121;118m[48;2;9;1;2m▀[0m[38;2;0;0;0m[48;2;142;135;136m▀[0m[38;2;0;0;0m[48;2;229;229;229m▀[0m[38;2;19;18;19m[48;2;229;229;229m▀[0m[38;2;180;184;181m[48;2;229;229;229m▀[0m[38;2;162;163;162m[48;2;229;229;229m▀[0m[38;2;115;117;117m[48;2;229;229;229m▀[0m[38;2;169;171;172m[48;2;173;175;175m▀[0m[38;2;229;229;229m[48;2;162;162;160m▀[0m[38;2;229;229;229m[48;2;229;229;229m▀[0m[38;2;225;226;228m[48;2;229;229;229m▀[0m[38;2;173;177;177m[48;2;216;217;218m▀[0m[38;2;229;229;229m[48;2;222;227;227m▀[0m[38;2;225;229;229m[48;2;229;229;229m▀[0m[38;2;227;227;228m[48;2;228;228;229m▀[0m[38;2;218;223;219m[48;2;226;228;228m▀[0m[38;2;229;229;229m[48;2;229;229;229m▀[0m[38;2;229;229;229m[48;2;229;229;229m▀[0m[38;2;214;217;217m[48;2;229;229;229m▀[0m[38;2;118;159;162m[48;2;181;221;222m▀[0m[38;2;168;112;108m[48;2;155;108;105m▀[0m[38;2;211;31;25m[48;2;191;8;8m▀[0m[38;2;148;201;202m[48;2;129;190;194m▀[0m[38;2;163;175;176m[48;2;155;171;175m▀[0m[38;2;147;205;204m[48;2;144;207;207m▀[0m[38;2;194;99;95m[48;2;193;101;95m▀[0m[38;2;215;58;54m[48;2;226;41;34m▀[0m[38;2;151;216;216m[48;2;150;218;224m▀[0m[38;2;159;178;178m[48;2;153;175;178m▀[0m[38;2;145;213;216m[48;2;134;200;203m▀[0m[38;2;229;12;7m[48;2;229;0;0m▀[0m[38;2;168;88;91m[48;2;194;149;150m▀[0m[38;2;150;212;214m[48;2;229;229;229m▀[0m[38;2;229;229;229m[48;2;229;229;229m▀[0m[38;2;229;147;142m[48;2;229;122;116m▀[0m[38;2;229;179;175m[48;2;228;189;183m▀[0m[38;2;229;229;229m[48;2;229;229;229m▀[0m[38;2;229;229;229m[48;2;227;229;229m▀[0m[38;2;229;229;229m[48;2;225;229;229m▀[0m[38;2;229;229;229m[48;2;229;229;229m▀[0m[38;2;211;211;206m[48;2;185;188;185m▀[0m[38;2;111;117;114m[48;2;219;221;219m▀[0m[38;2;229;229;229m[48;2;229;229;229m▀[0m[38;2;229;229;229m[48;2;229;229;229m▀[0m[38;2;229;229;229m[48;2;108;111;112m▀[0m[38;2;147;151;148m[48;2;117;119;119m▀[0m[38;2;114;119;117m[48;2;227;226;224m▀[0m[38;2;149;152;152m[48;2;229;229;229m▀[0m[38;2;165;164;164m[48;2;229;229;229m▀[0m[38;2;66;65;65m[48;2;229;229;229m▀[0m[38;2;0;0;0m[48;2;229;229;229m▀[0m[38;2;0;0;0m[48;2;107;99;101m▀[0m[38;2;86;121;116m[48;2;0;0;0m▀[0m[38;2;140;187;178m[48;2;0;0;0m▀[0m[38;2;158;197;192m[48;2;19;37;36m▀[0m[38;2;153;190;185m[48;2;144;179;176m▀[0m[38;2;78;101;99m[48;2;110;139;131m▀[0m[38;2;135;170;163m[48;2;128;171;160m▀[0m[38;2;168;210;201m[48;2;154;198;189m▀[0m[38;2;99;126;120m[48;2;94;122;115m▀[0m[38;2;4;3;4m[48;2;169;205;197m▀[0m[38;2;0;0;0m[48;2;0;0;0m▀[0m[38;2;0;0;0m[48;2;0;0;0m▀[0m
[38;2;0;0;0m[48;2;53;59;55m▀[0m[38;2;39;45;44m[48;2;111;136;129m▀[0m[38;2;191;229;227m[48;2;174;211;208m▀[0m[38;2;176;210;207m[48;2;168;202;199m▀[0m[38;2;150;184;181m[48;2;139;164;162m▀[0m[38;2;36;52;53m[48;2;69;86;86m▀[0m[38;2;165;212;205m[48;2;27;56;56m▀[0m[38;2;141;184;180m[48;2;0;0;0m▀[0m[38;2;53;80;77m[48;2;19;8;9m▀[0m[38;2;0;0;0m[48;2;170;162;162m▀[0m[38;2;0;0;0m[48;2;229;229;229m▀[0m[38;2;91;86;82m[48;2;229;229;229m▀[0m[38;2;225;219;216m[48;2;229;229;229m▀[0m[38;2;229;229;229m[48;2;229;229;229m▀[0m[38;2;229;229;229m[48;2;229;229;229m▀[0m[38;2;229;229;229m[48;2;229;229;229m▀[0m[38;2;229;229;229m[48;2;229;229;229m▀[0m[38;2;229;229;229m[48;2;229;229;229m▀[0m[38;2;229;229;229m[48;2;229;229;229m▀[0m[38;2;229;229;229m[48;2;229;229;229m▀[0m[38;2;229;229;229m[48;2;227;229;229m▀[0m[38;2;169;171;171m[48;2;195;202;202m▀[0m[38;2;178;176;179m[48;2;118;121;121m▀[0m[38;2;229;229;229m[48;2;191;194;191m▀[0m[38;2;229;229;229m[48;2;229;229;229m▀[0m[38;2;229;229;229m[48;2;229;229;229m▀[0m[38;2;227;227;228m[48;2;229;229;229m▀[0m[38;2;229;228;229m[48;2;229;229;229m▀[0m[38;2;228;228;229m[48;2;229;228;229m▀[0m[38;2;227;227;229m[48;2;227;227;228m▀[0m[38;2;229;229;229m[48;2;226;229;229m▀[0m[38;2;229;229;229m[48;2;229;229;229m▀[0m[38;2;229;229;229m[48;2;229;229;229m▀[0m[38;2;229;194;190m[48;2;229;185;182m▀[0m[38;2;224;0;0m[48;2;229;39;30m▀[0m[38;2;142;199;203m[48;2;229;229;229m▀[0m[38;2;153;172;172m[48;2;229;229;229m▀[0m[38;2;139;206;208m[48;2;229;229;229m▀[0m[38;2;190;101;97m[48;2;229;155;147m▀[0m[38;2;225;0;0m[48;2;229;6;0m▀[0m[38;2;131;208;212m[48;2;222;229;229m▀[0m[38;2;154;174;180m[48;2;229;229;229m▀[0m[38;2;176;229;229m[48;2;229;229;229m▀[0m[38;2;229;31;21m[48;2;229;48;40m▀[0m[38;2;229;229;225m[48;2;229;229;229m▀[0m[38;2;229;229;229m[48;2;229;229;229m▀[0m[38;2;229;229;229m[48;2;229;229;229m▀[0m[38;2;229;17;8m[48;2;229;0;0m▀[0m[38;2;229;145;137m[48;2;229;117;111m▀[0m[38;2;229;229;229m[48;2;229;229;229m▀[0m[38;2;227;229;229m[48;2;227;229;229m▀[0m[38;2;227;229;229m[48;2;229;229;229m▀[0m[38;2;229;229;229m[48;2;229;229;229m▀[0m[38;2;226;226;226m[48;2;229;229;229m▀[0m[38;2;229;229;229m[48;2;229;229;229m▀[0m[38;2;229;229;229m[48;2;213;213;214m▀[0m[38;2;157;161;161m[48;2;105;108;108m▀[0m[38;2;119;125;126m[48;2;190;198;198m▀[0m[38;2;212;218;214m[48;2;204;210;204m▀[0m[38;2;229;229;229m[48;2;229;229;229m▀[0m[38;2;229;229;229m[48;2;229;229;229m▀[0m[38;2;229;229;229m[48;2;229;229;229m▀[0m[38;2;229;229;229m[48;2;229;229;229m▀[0m[38;2;229;229;229m[48;2;229;229;229m▀[0m[38;2;229;229;229m[48;2;229;229;229m▀[0m[38;2;229;229;229m[48;2;229;229;229m▀[0m[38;2;190;180;185m[48;2;229;229;229m▀[0m[38;2;46;35;39m[48;2;229;229;229m▀[0m[38;2;0;0;0m[48;2;229;229;229m▀[0m[38;2;0;0;0m[48;2;96;82;89m▀[0m[38;2;83;126;112m[48;2;0;0;0m▀[0m[38;2;180;229;221m[48;2;0;0;0m▀[0m[38;2;88;108;107m[48;2;29;54;47m▀[0m[38;2;160;203;198m[48;2;156;199;192m▀[0m[38;2;163;199;191m[48;2;173;223;212m▀[0m[38;2;0;0;0m[48;2;148;187;176m▀[0m
[38;2;135;171;171m[48;2;112;153;150m▀[0m[38;2;66;90;86m[48;2;55;80;78m▀[0m[38;2;184;229;229m[48;2;27;56;55m▀[0m[38;2;156;198;193m[48;2;0;0;0m▀[0m[38;2;18;38;35m[48;2;20;10;9m▀[0m[38;2;0;0;0m[48;2;145;142;144m▀[0m[38;2;77;64;66m[48;2;229;229;229m▀[0m[38;2;229;229;229m[48;2;216;218;223m▀[0m[38;2;229;229;229m[48;2;204;204;205m▀[0m[38;2;229;229;229m[48;2;228;227;228m▀[0m[38;2;229;229;229m[48;2;229;229;229m▀[0m[38;2;229;229;229m[48;2;229;229;229m▀[0m[38;2;229;229;229m[48;2;229;229;229m▀[0m[38;2;229;229;229m[48;2;229;229;229m▀[0m[38;2;229;229;229m[48;2;229;229;229m▀[0m[38;2;229;229;229m[48;2;229;229;226m▀[0m[38;2;227;227;228m[48;2;227;227;228m▀[0m[38;2;227;227;228m[48;2;228;228;229m▀[0m[38;2;229;226;229m[48;2;229;229;229m▀[0m[38;2;229;229;229m[48;2;229;229;229m▀[0m[38;2;229;228;228m[48;2;221;223;223m▀[0m[38;2;196;198;198m[48;2;193;195;197m▀[0m[38;2;168;173;171m[48;2;168;171;171m▀[0m[38;2;98;101;101m[48;2;141;147;145m▀[0m[38;2;229;229;229m[48;2;180;181;181m▀[0m[38;2;229;229;229m[48;2;229;229;229m▀[0m[38;2;229;229;229m[48;2;229;229;229m▀[0m[38;2;228;228;229m[48;2;225;229;229m▀[0m[38;2;227;227;229m[48;2;225;227;227m▀[0m[38;2;227;227;227m[48;2;228;227;227m▀[0m[38;2;226;229;229m[48;2;229;229;227m▀[0m[38;2;227;229;229m[48;2;229;229;229m▀[0m[38;2;229;229;229m[48;2;229;229;229m▀[0m[38;2;229;141;137m[48;2;229;123;119m▀[0m[38;2;229;88;85m[48;2;229;41;30m▀[0m[38;2;229;229;229m[48;2;229;229;229m▀[0m[38;2;229;229;229m[48;2;229;229;229m▀[0m[38;2;229;229;229m[48;2;229;229;229m▀[0m[38;2;229;112;108m[48;2;229;49;47m▀[0m[38;2;229;0;0m[48;2;229;0;0m▀[0m[38;2;229;229;229m[48;2;229;229;229m▀[0m[38;2;229;229;229m[48;2;229;229;229m▀[0m[38;2;229;229;229m[48;2;229;229;229m▀[0m[38;2;229;31;24m[48;2;229;0;0m▀[0m[38;2;229;229;229m[48;2;227;229;229m▀[0m[38;2;229;229;229m[48;2;229;229;229m▀[0m[38;2;229;229;229m[48;2;227;229;229m▀[0m[38;2;222;229;229m[48;2;227;229;229m▀[0m[38;2;222;229;229m[48;2;227;229;229m▀[0m[38;2;227;229;229m[48;2;226;229;229m▀[0m[38;2;226;229;229m[48;2;229;229;229m▀[0m[38;2;229;229;229m[48;2;229;229;229m▀[0m[38;2;229;229;229m[48;2;229;229;229m▀[0m[38;2;229;229;229m[48;2;229;229;229m▀[0m[38;2;229;229;229m[48;2;229;229;229m▀[0m[38;2;144;144;145m[48;2;182;182;183m▀[0m[38;2;173;176;177m[48;2;197;199;198m▀[0m[38;2;185;190;189m[48;2;174;180;179m▀[0m[38;2;218;221;220m[48;2;207;210;209m▀[0m[38;2;229;229;229m[48;2;229;229;229m▀[0m[38;2;229;229;229m[48;2;229;229;229m▀[0m[38;2;229;229;227m[48;2;228;228;229m▀[0m[38;2;227;227;229m[48;2;227;227;228m▀[0m[38;2;229;229;229m[48;2;227;227;227m▀[0m[38;2;229;229;229m[48;2;227;227;228m▀[0m[38;2;229;229;229m[48;2;229;229;229m▀[0m[38;2;229;229;229m[48;2;229;229;229m▀[0m[38;2;229;229;229m[48;2;229;229;229m▀[0m[38;2;229;229;229m[48;2;229;229;229m▀[0m[38;2;229;229;229m[48;2;229;229;229m▀[0m[38;2;229;229;229m[48;2;229;229;229m▀[0m[38;2;143;133;138m[48;2;229;229;229m▀[0m[38;2;0;0;0m[48;2;229;229;229m▀[0m[38;2;0;0;0m[48;2;144;131;135m▀[0m[38;2;98;139;131m[48;2;0;0;0m▀[0m[38;2;167;219;213m[48;2;0;0;0m▀[0m
[38;2;51;89;87m[48;2;0;0;0m▀[0m[38;2;0;0;0m[48;2;142;145;143m▀[0m[38;2;0;0;0m[48;2;229;229;229m▀[0m[38;2;203;197;194m[48;2;229;229;229m▀[0m[38;2;229;229;229m[48;2;229;229;229m▀[0m[38;2;229;229;229m[48;2;229;229;229m▀[0m[38;2;229;229;229m[48;2;229;229;229m▀[0m[38;2;177;180;184m[48;2;229;229;229m▀[0m[38;2;150;154;159m[48;2;229;229;229m▀[0m[38;2;140;142;145m[48;2;229;229;229m▀[0m[38;2;126;124;130m[48;2;225;225;226m▀[0m[38;2;124;128;133m[48;2;161;159;162m▀[0m[38;2;184;187;188m[48;2;69;72;75m▀[0m[38;2;229;229;229m[48;2;162;168;167m▀[0m[38;2;229;229;229m[48;2;229;229;229m▀[0m[38;2;229;229;229m[48;2;229;229;229m▀[0m[38;2;226;226;227m[48;2;229;229;229m▀[0m[38;2;228;228;229m[48;2;229;229;229m▀[0m[38;2;229;229;229m[48;2;229;229;229m▀[0m[38;2;229;229;229m[48;2;229;229;229m▀[0m[38;2;213;213;213m[48;2;208;208;204m▀[0m[38;2;184;187;189m[48;2;185;185;187m▀[0m[38;2;179;181;179m[48;2;189;191;190m▀[0m[38;2;197;198;197m[48;2;189;195;195m▀[0m[38;2;188;189;189m[48;2;183;186;187m▀[0m[38;2;229;229;229m[48;2;215;215;215m▀[0m[38;2;229;229;229m[48;2;199;198;198m▀[0m[38;2;229;229;229m[48;2;218;215;218m▀[0m[38;2;229;229;229m[48;2;229;229;229m▀[0m[38;2;229;229;229m[48;2;229;229;229m▀[0m[38;2;229;229;229m[48;2;229;229;229m▀[0m[38;2;229;229;229m[48;2;227;229;229m▀[0m[38;2;229;229;229m[48;2;227;229;229m▀[0m[38;2;227;220;218m[48;2;229;229;229m▀[0m[38;2;229;165;157m[48;2;225;229;229m▀[0m[38;2;229;229;229m[48;2;224;229;229m▀[0m[38;2;229;229;229m[48;2;225;229;229m▀[0m[38;2;229;229;229m[48;2;229;229;229m▀[0m[38;2;229;127;124m[48;2;229;229;229m▀[0m[38;2;226;0;0m[48;2;216;123;123m▀[0m[38;2;224;147;136m[48;2;218;229;229m▀[0m[38;2;229;229;229m[48;2;229;229;229m▀[0m[38;2;229;229;229m[48;2;229;229;229m▀[0m[38;2;229;0;0m[48;2;229;24;20m▀[0m[38;2;229;144;130m[48;2;229;32;18m▀[0m[38;2;229;229;229m[48;2;229;229;229m▀[0m[38;2;226;229;229m[48;2;225;229;229m▀[0m[38;2;227;229;229m[48;2;226;229;229m▀[0m[38;2;229;229;229m[48;2;229;229;229m▀[0m[38;2;229;229;229m[48;2;229;229;229m▀[0m[38;2;229;229;229m[48;2;229;229;229m▀[0m[38;2;229;229;229m[48;2;227;229;229m▀[0m[38;2;229;229;229m[48;2;137;141;142m▀[0m[38;2;190;189;191m[48;2;163;165;165m▀[0m[38;2;199;201;201m[48;2;195;197;197m▀[0m[38;2;196;198;198m[48;2;195;197;197m▀[0m[38;2;190;197;192m[48;2;194;197;196m▀[0m[38;2;181;185;185m[48;2;186;189;189m▀[0m[38;2;190;194;191m[48;2;180;183;186m▀[0m[38;2;229;229;229m[48;2;229;229;229m▀[0m[38;2;229;229;229m[48;2;229;229;229m▀[0m[38;2;227;227;227m[48;2;227;227;228m▀[0m[38;2;227;227;228m[48;2;227;227;228m▀[0m[38;2;227;227;228m[48;2;228;228;228m▀[0m[38;2;227;227;228m[48;2;227;227;228m▀[0m[38;2;229;228;229m[48;2;228;228;229m▀[0m[38;2;229;229;229m[48;2;229;229;229m▀[0m[38;2;229;229;229m[48;2;229;229;229m▀[0m[38;2;229;229;229m[48;2;229;229;229m▀[0m[38;2;229;229;229m[48;2;229;229;229m▀[0m[38;2;229;229;229m[48;2;229;229;229m▀[0m[38;2;229;229;229m[48;2;229;229;229m▀[0m[38;2;229;229;229m[48;2;229;229;229m▀[0m[38;2;229;229;229m[48;2;205;203;201m▀[0m[38;2;229;229;229m[48;2;222;223;220m▀[0m[38;2;104;94;97m[48;2;229;229;229m▀[0m
[38;2;229;229;229m[48;2;112;117;122m▀[0m[38;2;229;229;229m[48;2;135;137;139m▀[0m[38;2;229;229;229m[48;2;202;204;204m▀[0m[38;2;229;229;229m[48;2;229;229;229m▀[0m[38;2;229;229;229m[48;2;229;229;229m▀[0m[38;2;229;229;229m[48;2;229;229;229m▀[0m[38;2;229;229;229m[48;2;229;229;229m▀[0m[38;2;229;229;229m[48;2;229;229;229m▀[0m[38;2;229;229;229m[48;2;229;229;229m▀[0m[38;2;229;229;229m[48;2;229;229;229m▀[0m[38;2;229;229;229m[48;2;229;229;229m▀[0m[38;2;229;229;229m[48;2;229;229;229m▀[0m[38;2;229;229;229m[48;2;229;229;229m▀[0m[38;2;162;162;165m[48;2;229;229;229m▀[0m[38;2;153;156;157m[48;2;178;178;179m▀[0m[38;2;229;229;229m[48;2;139;143;144m▀[0m[38;2;229;229;229m[48;2;208;210;210m▀[0m[38;2;229;229;229m[48;2;229;229;229m▀[0m[38;2;229;229;229m[48;2;229;229;229m▀[0m[38;2;229;229;229m[48;2;229;229;229m▀[0m[38;2;198;198;196m[48;2;189;189;189m▀[0m[38;2;190;189;189m[48;2;189;190;192m▀[0m[38;2;195;192;196m[48;2;194;197;197m▀[0m[38;2;193;196;196m[48;2;195;198;198m▀[0m[38;2;190;193;192m[48;2;189;197;196m▀[0m[38;2;188;191;189m[48;2;190;193;193m▀[0m[38;2;194;195;192m[48;2;191;195;195m▀[0m[38;2;138;139;136m[48;2;189;191;192m▀[0m[38;2;198;199;199m[48;2;123;128;126m▀[0m[38;2;229;229;229m[48;2;198;204;204m▀[0m[38;2;229;229;229m[48;2;229;229;229m▀[0m[38;2;229;229;229m[48;2;229;229;229m▀[0m[38;2;229;229;229m[48;2;229;229;229m▀[0m[38;2;225;229;229m[48;2;225;229;229m▀[0m[38;2;225;229;229m[48;2;225;225;226m▀[0m[38;2;225;229;226m[48;2;226;213;212m▀[0m[38;2;225;228;225m[48;2;225;215;208m▀[0m[38;2;229;229;229m[48;2;227;215;215m▀[0m[38;2;229;229;229m[48;2;229;224;220m▀[0m[38;2;229;229;229m[48;2;229;229;229m▀[0m[38;2;229;229;229m[48;2;229;229;225m▀[0m[38;2;221;228;229m[48;2;228;222;215m▀[0m[38;2;227;229;229m[48;2;227;220;216m▀[0m[38;2;216;198;203m[48;2;229;229;229m▀[0m[38;2;217;187;187m[48;2;229;229;229m▀[0m[38;2;229;229;229m[48;2;228;225;228m▀[0m[38;2;225;229;229m[48;2;229;229;229m▀[0m[38;2;229;229;229m[48;2;229;229;229m▀[0m[38;2;229;229;229m[48;2;229;229;229m▀[0m[38;2;229;229;229m[48;2;207;209;207m▀[0m[38;2;192;194;192m[48;2;121;125;124m▀[0m[38;2;106;112;116m[48;2;174;179;175m▀[0m[38;2;172;176;175m[48;2;190;194;194m▀[0m[38;2;197;203;198m[48;2;185;189;189m▀[0m[38;2;189;195;195m[48;2;189;193;198m▀[0m[38;2;193;196;196m[48;2;194;196;197m▀[0m[38;2;194;197;197m[48;2;194;197;197m▀[0m[38;2;190;190;191m[48;2;189;192;193m▀[0m[38;2;176;180;180m[48;2;178;179;176m▀[0m[38;2;220;222;220m[48;2;203;202;202m▀[0m[38;2;229;229;229m[48;2;229;229;229m▀[0m[38;2;226;226;227m[48;2;229;229;229m▀[0m[38;2;227;227;227m[48;2;229;228;229m▀[0m[38;2;228;227;228m[48;2;229;229;229m▀[0m[38;2;229;229;229m[48;2;229;229;229m▀[0m[38;2;229;229;229m[48;2;229;229;229m▀[0m[38;2;229;229;229m[48;2;216;218;216m▀[0m[38;2;229;229;229m[48;2;157;159;159m▀[0m[38;2;229;229;229m[48;2;153;153;153m▀[0m[38;2;202;202;202m[48;2;171;171;171m▀[0m[38;2;178;178;180m[48;2;201;204;204m▀[0m[38;2;181;183;183m[48;2;229;229;229m▀[0m[38;2;117;117;118m[48;2;229;229;229m▀[0m[38;2;135;136;137m[48;2;229;229;229m▀[0m[38;2;144;147;147m[48;2;157;160;157m▀[0m[38;2;169;166;168m[48;2;199;201;202m▀[0m
[38;2;216;216;216m[48;2;229;229;229m▀[0m[38;2;190;192;192m[48;2;229;229;229m▀[0m[38;2;126;125;128m[48;2;229;229;229m▀[0m[38;2;79;81;82m[48;2;226;226;227m▀[0m[38;2;186;186;187m[48;2;153;154;156m▀[0m[38;2;229;229;229m[48;2;144;145;150m▀[0m[38;2;229;229;229m[48;2;222;222;223m▀[0m[38;2;229;229;229m[48;2;229;229;229m▀[0m[38;2;229;229;229m[48;2;229;229;229m▀[0m[38;2;228;228;229m[48;2;229;229;229m▀[0m[38;2;229;228;229m[48;2;228;228;228m▀[0m[38;2;229;229;229m[48;2;227;227;228m▀[0m[38;2;229;229;229m[48;2;229;229;229m▀[0m[38;2;229;229;229m[48;2;229;229;229m▀[0m[38;2;229;229;229m[48;2;229;229;229m▀[0m[38;2;216;218;219m[48;2;229;229;229m▀[0m[38;2;138;144;147m[48;2;229;229;229m▀[0m[38;2;194;200;199m[48;2;203;209;209m▀[0m[38;2;229;229;229m[48;2;229;229;229m▀[0m[38;2;214;214;214m[48;2;205;204;204m▀[0m[38;2;181;184;185m[48;2;180;182;181m▀[0m[38;2;189;190;192m[48;2;184;186;186m▀[0m[38;2;191;198;198m[48;2;182;186;183m▀[0m[38;2;191;198;198m[48;2;181;185;184m▀[0m[38;2;191;194;195m[48;2;181;185;182m▀[0m[38;2;185;190;190m[48;2;191;191;189m▀[0m[38;2;183;185;185m[48;2;209;206;209m▀[0m[38;2;184;189;187m[48;2;228;228;228m▀[0m[38;2;193;197;194m[48;2;229;229;229m▀[0m[38;2;213;215;216m[48;2;229;229;229m▀[0m[38;2;229;229;229m[48;2;191;189;191m▀[0m[38;2;229;229;229m[48;2;214;216;214m▀[0m[38;2;229;229;229m[48;2;229;229;229m▀[0m[38;2;229;224;228m[48;2;229;200;198m▀[0m[38;2;227;203;205m[48;2;229;180;176m▀[0m[38;2;228;198;198m[48;2;223;203;193m▀[0m[38;2;229;202;207m[48;2;225;198;194m▀[0m[38;2;229;216;215m[48;2;229;216;207m▀[0m[38;2;207;193;189m[48;2;164;148;143m▀[0m[38;2;180;193;197m[48;2;69;104;115m▀[0m[38;2;218;218;214m[48;2;129;132;129m▀[0m[38;2;229;221;212m[48;2;229;216;207m▀[0m[38;2;229;207;198m[48;2;229;198;191m▀[0m[38;2;226;195;188m[48;2;226;226;226m▀[0m[38;2;225;201;197m[48;2;227;192;187m▀[0m[38;2;229;204;202m[48;2;229;187;179m▀[0m[38;2;228;224;228m[48;2;229;213;214m▀[0m[38;2;229;229;229m[48;2;207;207;210m▀[0m[38;2;229;229;229m[48;2;156;161;166m▀[0m[38;2;226;228;228m[48;2;229;229;229m▀[0m[38;2;229;229;229m[48;2;229;229;229m▀[0m[38;2;208;208;208m[48;2;229;229;229m▀[0m[38;2;188;191;191m[48;2;229;229;229m▀[0m[38;2;182;184;184m[48;2;227;226;226m▀[0m[38;2;181;182;180m[48;2;212;214;212m▀[0m[38;2;182;186;186m[48;2;198;200;198m▀[0m[38;2;187;189;189m[48;2;183;185;185m▀[0m[38;2;189;190;190m[48;2;177;179;180m▀[0m[38;2;179;185;183m[48;2;171;179;177m▀[0m[38;2;185;188;188m[48;2;167;174;172m▀[0m[38;2;229;229;229m[48;2;219;221;221m▀[0m[38;2;229;229;229m[48;2;229;229;229m▀[0m[38;2;229;229;229m[48;2;229;226;229m▀[0m[38;2;229;229;229m[48;2;229;229;229m▀[0m[38;2;228;228;228m[48;2;181;181;181m▀[0m[38;2;166;168;168m[48;2;185;187;187m▀[0m[38;2;142;147;147m[48;2;229;229;229m▀[0m[38;2;186;189;189m[48;2;229;229;229m▀[0m[38;2;229;229;229m[48;2;229;229;229m▀[0m[38;2;229;229;229m[48;2;229;229;229m▀[0m[38;2;229;229;229m[48;2;229;229;229m▀[0m[38;2;229;229;229m[48;2;223;222;223m▀[0m[38;2;217;217;215m[48;2;163;166;161m▀[0m[38;2;149;151;149m[48;2;154;156;154m▀[0m[38;2;182;188;185m[48;2;205;207;207m▀[0m[38;2;201;201;199m[48;2;229;229;229m▀[0m
[38;2;229;229;229m[48;2;225;227;228m▀[0m[38;2;229;229;229m[48;2;229;229;229m▀[0m[38;2;229;229;229m[48;2;229;229;229m▀[0m[38;2;229;229;229m[48;2;229;229;229m▀[0m[38;2;229;229;229m[48;2;229;229;229m▀[0m[38;2;206;207;209m[48;2;229;229;229m▀[0m[38;2;144;146;147m[48;2;229;229;229m▀[0m[38;2;204;204;204m[48;2;147;147;152m▀[0m[38;2;229;229;229m[48;2;182;185;189m▀[0m[38;2;229;229;229m[48;2;229;229;229m▀[0m[38;2;229;229;229m[48;2;229;229;229m▀[0m[38;2;227;227;227m[48;2;229;229;229m▀[0m[38;2;228;227;228m[48;2;228;228;228m▀[0m[38;2;228;227;228m[48;2;228;227;228m▀[0m[38;2;229;229;229m[48;2;228;227;228m▀[0m[38;2;229;229;229m[48;2;228;228;229m▀[0m[38;2;229;229;229m[48;2;228;228;229m▀[0m[38;2;229;229;229m[48;2;229;229;229m▀[0m[38;2;229;229;229m[48;2;229;229;229m▀[0m[38;2;191;193;193m[48;2;221;221;222m▀[0m[38;2;175;178;177m[48;2;219;219;219m▀[0m[38;2;187;189;189m[48;2;229;229;229m▀[0m[38;2;198;199;194m[48;2;229;229;229m▀[0m[38;2;210;212;210m[48;2;229;229;229m▀[0m[38;2;225;225;226m[48;2;229;229;229m▀[0m[38;2;229;229;229m[48;2;229;229;229m▀[0m[38;2;229;229;229m[48;2;229;229;229m▀[0m[38;2;229;229;229m[48;2;229;229;229m▀[0m[38;2;229;229;229m[48;2;229;229;229m▀[0m[38;2;229;229;229m[48;2;229;229;229m▀[0m[38;2;196;204;203m[48;2;229;229;229m▀[0m[38;2;112;105;105m[48;2;107;109;115m▀[0m[38;2;229;216;208m[48;2;229;176;163m▀[0m[38;2;229;174;162m[48;2;229;167;153m▀[0m[38;2;226;182;174m[48;2;229;223;224m▀[0m[38;2;224;228;224m[48;2;229;216;207m▀[0m[38;2;225;175;156m[48;2;229;158;134m▀[0m[38;2;229;213;195m[48;2;229;207;187m▀[0m[38;2;138;117;107m[48;2;95;80;74m▀[0m[38;2;107;135;143m[48;2;229;229;229m▀[0m[38;2;65;72;76m[48;2;52;69;78m▀[0m[38;2;229;198;184m[48;2;211;153;135m▀[0m[38;2;229;188;171m[48;2;229;186;166m▀[0m[38;2;222;229;229m[48;2;228;176;162m▀[0m[38;2;210;202;197m[48;2;226;229;229m▀[0m[38;2;225;172;164m[48;2;222;168;156m▀[0m[38;2;229;204;199m[48;2;229;176;168m▀[0m[38;2;139;109;111m[48;2;142;114;111m▀[0m[38;2;166;178;179m[48;2;229;229;229m▀[0m[38;2;229;229;229m[48;2;229;229;229m▀[0m[38;2;229;229;229m[48;2;229;229;229m▀[0m[38;2;229;229;229m[48;2;229;229;229m▀[0m[38;2;229;229;229m[48;2;229;226;229m▀[0m[38;2;229;229;229m[48;2;229;229;229m▀[0m[38;2;229;229;229m[48;2;226;226;227m▀[0m[38;2;229;229;229m[48;2;229;229;229m▀[0m[38;2;229;229;229m[48;2;229;229;229m▀[0m[38;2;223;222;222m[48;2;229;229;229m▀[0m[38;2;207;210;210m[48;2;229;229;229m▀[0m[38;2;205;207;207m[48;2;229;229;229m▀[0m[38;2;225;228;229m[48;2;229;229;229m▀[0m[38;2;229;229;229m[48;2;227;227;228m▀[0m[38;2;229;226;228m[48;2;228;227;228m▀[0m[38;2;229;229;229m[48;2;228;227;228m▀[0m[38;2;228;228;229m[48;2;226;226;227m▀[0m[38;2;229;229;229m[48;2;225;225;225m▀[0m[38;2;229;229;229m[48;2;226;226;226m▀[0m[38;2;229;229;229m[48;2;229;229;229m▀[0m[38;2;229;229;229m[48;2;229;229;229m▀[0m[38;2;229;229;229m[48;2;229;229;229m▀[0m[38;2;229;229;229m[48;2;110;114;111m▀[0m[38;2;108;112;111m[48;2;122;123;120m▀[0m[38;2;156;159;156m[48;2;229;229;229m▀[0m[38;2;218;217;218m[48;2;229;229;229m▀[0m[38;2;229;229;229m[48;2;229;229;229m▀[0m[38;2;229;229;229m[48;2;229;229;229m▀[0m
[38;2;229;229;229m[48;2;229;229;229m▀[0m[38;2;226;229;229m[48;2;229;229;229m▀[0m[38;2;227;227;228m[48;2;229;229;229m▀[0m[38;2;227;227;228m[48;2;229;228;229m▀[0m[38;2;229;229;229m[48;2;228;228;229m▀[0m[38;2;229;229;229m[48;2;227;227;229m▀[0m[38;2;229;229;229m[48;2;229;229;229m▀[0m[38;2;229;229;229m[48;2;229;229;229m▀[0m[38;2;157;160;161m[48;2;229;229;229m▀[0m[38;2;173;176;178m[48;2;157;157;159m▀[0m[38;2;229;229;229m[48;2;182;185;184m▀[0m[38;2;229;229;229m[48;2;229;229;229m▀[0m[38;2;229;229;229m[48;2;227;227;228m▀[0m[38;2;229;228;229m[48;2;229;229;229m▀[0m[38;2;228;228;229m[48;2;227;227;228m▀[0m[38;2;228;228;228m[48;2;228;228;229m▀[0m[38;2;228;228;229m[48;2;228;228;229m▀[0m[38;2;227;227;229m[48;2;228;228;229m▀[0m[38;2;227;227;228m[48;2;228;228;228m▀[0m[38;2;229;229;229m[48;2;225;227;227m▀[0m[38;2;229;229;229m[48;2;226;226;227m▀[0m[38;2;229;229;229m[48;2;225;227;227m▀[0m[38;2;229;229;229m[48;2;227;227;228m▀[0m[38;2;229;229;229m[48;2;226;228;228m▀[0m[38;2;226;226;226m[48;2;225;227;227m▀[0m[38;2;227;226;227m[48;2;227;227;229m▀[0m[38;2;229;229;229m[48;2;229;229;229m▀[0m[38;2;229;229;229m[48;2;229;229;229m▀[0m[38;2;229;229;229m[48;2;229;229;229m▀[0m[38;2;229;229;229m[48;2;229;229;229m▀[0m[38;2;229;229;229m[48;2;0;0;4m▀[0m[38;2;78;81;89m[48;2;0;0;0m▀[0m[38;2;229;171;157m[48;2;229;211;198m▀[0m[38;2;229;170;153m[48;2;229;179;167m▀[0m[38;2;229;229;229m[48;2;229;229;229m▀[0m[38;2;229;171;160m[48;2;229;156;138m▀[0m[38;2;229;171;152m[48;2;229;216;193m▀[0m[38;2;229;184;166m[48;2;89;69;59m▀[0m[38;2;54;60;61m[48;2;72;99;104m▀[0m[38;2;137;161;162m[48;2;86;104;108m▀[0m[38;2;40;72;78m[48;2;152;180;180m▀[0m[38;2;140;97;84m[48;2;87;87;81m▀[0m[38;2;229;202;184m[48;2;229;189;168m▀[0m[38;2;229;150;134m[48;2;229;164;141m▀[0m[38;2;229;229;229m[48;2;229;211;199m▀[0m[38;2;229;183;173m[48;2;229;199;190m▀[0m[38;2;229;175;162m[48;2;229;198;180m▀[0m[38;2;91;73;67m[48;2;85;54;47m▀[0m[38;2;204;226;229m[48;2;20;45;48m▀[0m[38;2;229;229;229m[48;2;229;229;229m▀[0m[38;2;229;229;229m[48;2;229;229;229m▀[0m[38;2;229;229;229m[48;2;229;229;229m▀[0m[38;2;229;229;229m[48;2;229;229;229m▀[0m[38;2;229;228;229m[48;2;228;228;228m▀[0m[38;2;229;228;229m[48;2;229;229;229m▀[0m[38;2;229;229;229m[48;2;229;229;229m▀[0m[38;2;229;229;229m[48;2;229;229;229m▀[0m[38;2;228;228;228m[48;2;228;225;227m▀[0m[38;2;227;226;227m[48;2;228;225;227m▀[0m[38;2;227;226;227m[48;2;228;227;228m▀[0m[38;2;227;227;228m[48;2;227;227;228m▀[0m[38;2;227;227;229m[48;2;227;227;228m▀[0m[38;2;228;228;229m[48;2;227;227;228m▀[0m[38;2;227;227;228m[48;2;225;227;227m▀[0m[38;2;227;227;228m[48;2;227;227;227m▀[0m[38;2;227;227;228m[48;2;227;227;228m▀[0m[38;2;227;227;227m[48;2;227;227;227m▀[0m[38;2;229;229;229m[48;2;229;229;229m▀[0m[38;2;229;229;229m[48;2;229;229;229m▀[0m[38;2;185;185;182m[48;2;207;209;209m▀[0m[38;2;119;120;117m[48;2;229;229;229m▀[0m[38;2;229;229;229m[48;2;229;229;229m▀[0m[38;2;229;229;229m[48;2;229;229;229m▀[0m[38;2;229;229;229m[48;2;229;229;229m▀[0m[38;2;229;229;229m[48;2;227;227;228m▀[0m[38;2;227;227;227m[48;2;227;227;228m▀[0m
[38;2;229;229;229m[48;2;146;145;145m▀[0m[38;2;229;229;229m[48;2;165;166;163m▀[0m[38;2;229;229;229m[48;2;216;218;216m▀[0m[38;2;229;229;229m[48;2;229;229;229m▀[0m[38;2;229;229;229m[48;2;229;229;229m▀[0m[38;2;228;227;228m[48;2;229;226;228m▀[0m[38;2;228;228;229m[48;2;229;228;229m▀[0m[38;2;229;229;229m[48;2;229;229;229m▀[0m[38;2;229;229;229m[48;2;227;227;227m▀[0m[38;2;229;229;229m[48;2;229;229;229m▀[0m[38;2;196;196;194m[48;2;229;229;229m▀[0m[38;2;225;225;225m[48;2;227;227;227m▀[0m[38;2;228;228;228m[48;2;227;227;228m▀[0m[38;2;229;229;229m[48;2;229;229;229m▀[0m[38;2;228;228;229m[48;2;229;229;229m▀[0m[38;2;228;228;228m[48;2;228;228;228m▀[0m[38;2;229;229;229m[48;2;228;228;229m▀[0m[38;2;229;228;229m[48;2;229;229;229m▀[0m[38;2;228;227;228m[48;2;229;228;229m▀[0m[38;2;225;226;226m[48;2;227;227;228m▀[0m[38;2;225;227;227m[48;2;225;227;227m▀[0m[38;2;226;226;227m[48;2;225;227;227m▀[0m[38;2;225;226;227m[48;2;225;227;227m▀[0m[38;2;225;227;227m[48;2;225;228;228m▀[0m[38;2;226;226;227m[48;2;229;229;229m▀[0m[38;2;229;229;229m[48;2;229;229;229m▀[0m[38;2;229;229;229m[48;2;229;229;229m▀[0m[38;2;229;229;229m[48;2;229;229;229m▀[0m[38;2;229;229;229m[48;2;76;82;82m▀[0m[38;2;46;52;53m[48;2;0;0;0m▀[0m[38;2;0;0;0m[48;2;0;2;1m▀[0m[38;2;68;51;44m[48;2;86;73;72m▀[0m[38;2;229;217;200m[48;2;229;213;194m▀[0m[38;2;229;189;179m[48;2;229;188;172m▀[0m[38;2;229;198;185m[48;2;229;207;191m▀[0m[38;2;229;200;177m[48;2;225;166;153m▀[0m[38;2;178;140;127m[48;2;0;63;65m▀[0m[38;2;42;84;88m[48;2;24;107;108m▀[0m[38;2;103;161;163m[48;2;0;0;0m▀[0m[38;2;0;41;45m[48;2;56;36;36m▀[0m[38;2;65;126;124m[48;2;21;3;3m▀[0m[38;2;125;179;177m[48;2;4;72;70m▀[0m[38;2;134;100;90m[48;2;30;117;116m▀[0m[38;2;229;209;188m[48;2;193;152;136m▀[0m[38;2;229;181;162m[48;2;229;218;201m▀[0m[38;2;229;185;173m[48;2;229;182;170m▀[0m[38;2;229;204;188m[48;2;229;213;198m▀[0m[38;2;169;112;102m[48;2;185;133;125m▀[0m[38;2;0;0;0m[48;2;0;0;0m▀[0m[38;2;88;94;93m[48;2;0;0;0m▀[0m[38;2;229;229;229m[48;2;94;97;97m▀[0m[38;2;229;229;229m[48;2;229;229;229m▀[0m[38;2;229;229;229m[48;2;229;229;229m▀[0m[38;2;229;229;229m[48;2;229;229;229m▀[0m[38;2;229;229;229m[48;2;228;228;229m▀[0m[38;2;229;229;229m[48;2;229;229;229m▀[0m[38;2;229;229;229m[48;2;229;229;229m▀[0m[38;2;227;227;228m[48;2;228;228;229m▀[0m[38;2;227;227;227m[48;2;227;227;229m▀[0m[38;2;227;227;228m[48;2;227;227;229m▀[0m[38;2;225;227;227m[48;2;225;227;227m▀[0m[38;2;225;227;228m[48;2;225;227;228m▀[0m[38;2;227;227;228m[48;2;226;228;228m▀[0m[38;2;228;228;228m[48;2;228;228;229m▀[0m[38;2;227;227;228m[48;2;227;227;228m▀[0m[38;2;227;227;229m[48;2;227;227;229m▀[0m[38;2;227;227;227m[48;2;228;228;228m▀[0m[38;2;225;227;227m[48;2;227;227;228m▀[0m[38;2;225;227;229m[48;2;227;227;227m▀[0m[38;2;229;229;229m[48;2;227;227;227m▀[0m[38;2;229;229;229m[48;2;227;227;227m▀[0m[38;2;229;229;229m[48;2;226;228;228m▀[0m[38;2;229;229;229m[48;2;227;227;228m▀[0m[38;2;227;227;227m[48;2;227;227;228m▀[0m[38;2;227;227;227m[48;2;228;228;229m▀[0m[38;2;227;227;228m[48;2;227;227;228m▀[0m
[38;2;218;215;215m[48;2;229;229;229m▀[0m[38;2;177;180;177m[48;2;229;229;229m▀[0m[38;2;119;126;121m[48;2;229;229;229m▀[0m[38;2;171;176;175m[48;2;181;184;183m▀[0m[38;2;229;229;229m[48;2;183;183;181m▀[0m[38;2;229;229;229m[48;2;229;229;229m▀[0m[38;2;228;228;229m[48;2;227;227;228m▀[0m[38;2;228;228;228m[48;2;226;228;229m▀[0m[38;2;227;227;228m[48;2;227;227;229m▀[0m[38;2;227;227;228m[48;2;227;227;228m▀[0m[38;2;226;226;227m[48;2;227;227;228m▀[0m[38;2;227;227;227m[48;2;228;228;229m▀[0m[38;2;226;226;227m[48;2;228;228;228m▀[0m[38;2;227;229;229m[48;2;227;227;228m▀[0m[38;2;229;229;229m[48;2;228;228;229m▀[0m[38;2;228;227;228m[48;2;227;227;227m▀[0m[38;2;227;229;229m[48;2;227;227;228m▀[0m[38;2;229;229;229m[48;2;227;227;228m▀[0m[38;2;228;226;229m[48;2;227;227;228m▀[0m[38;2;227;227;228m[48;2;226;228;229m▀[0m[38;2;227;227;227m[48;2;228;226;229m▀[0m[38;2;227;227;228m[48;2;229;228;229m▀[0m[38;2;227;227;228m[48;2;227;227;227m▀[0m[38;2;229;229;229m[48;2;229;229;229m▀[0m[38;2;229;229;229m[48;2;229;229;229m▀[0m[38;2;229;229;229m[48;2;229;229;229m▀[0m[38;2;229;229;229m[48;2;167;171;171m▀[0m[38;2;106;108;110m[48;2;90;95;91m▀[0m[38;2;0;0;0m[48;2;124;129;126m▀[0m[38;2;109;119;117m[48;2;171;174;174m▀[0m[38;2;148;164;167m[48;2;135;146;149m▀[0m[38;2;42;55;51m[48;2;28;45;44m▀[0m[38;2;229;189;171m[48;2;149;145;133m▀[0m[38;2;229;229;227m[48;2;229;210;196m▀[0m[38;2;229;228;216m[48;2;0;79;72m▀[0m[38;2;0;65;66m[48;2;0;0;0m▀[0m[38;2;0;36;37m[48;2;229;0;0m▀[0m[38;2;184;0;0m[48;2;229;9;11m▀[0m[38;2;229;152;156m[48;2;229;229;229m▀[0m[38;2;229;33;33m[48;2;229;229;229m▀[0m[38;2;229;0;0m[48;2;229;0;0m▀[0m[38;2;229;0;0m[48;2;229;0;0m▀[0m[38;2;0;17;19m[48;2;229;0;0m▀[0m[38;2;0;53;53m[48;2;4;0;0m▀[0m[38;2;229;210;193m[48;2;1;89;81m▀[0m[38;2;229;229;216m[48;2;229;214;201m▀[0m[38;2;229;203;195m[48;2;163;133;133m▀[0m[38;2;87;69;65m[48;2;58;58;56m▀[0m[38;2;124;140;139m[48;2;140;153;150m▀[0m[38;2;53;61;57m[48;2;170;176;174m▀[0m[38;2;6;9;7m[48;2;123;126;126m▀[0m[38;2;160;162;160m[48;2;103;107;106m▀[0m[38;2;229;229;229m[48;2;229;229;229m▀[0m[38;2;229;229;229m[48;2;229;229;229m▀[0m[38;2;229;229;229m[48;2;229;229;229m▀[0m[38;2;228;228;228m[48;2;229;229;229m▀[0m[38;2;228;227;227m[48;2;229;229;229m▀[0m[38;2;228;228;228m[48;2;229;229;229m▀[0m[38;2;228;228;229m[48;2;229;229;229m▀[0m[38;2;227;227;228m[48;2;228;228;229m▀[0m[38;2;227;227;227m[48;2;227;227;227m▀[0m[38;2;226;226;227m[48;2;227;227;228m▀[0m[38;2;226;228;228m[48;2;228;228;228m▀[0m[38;2;228;226;229m[48;2;226;228;229m▀[0m[38;2;227;227;228m[48;2;227;227;228m▀[0m[38;2;227;227;229m[48;2;226;228;229m▀[0m[38;2;228;228;228m[48;2;228;226;229m▀[0m[38;2;228;228;229m[48;2;228;228;228m▀[0m[38;2;227;227;227m[48;2;225;227;227m▀[0m[38;2;228;228;228m[48;2;225;227;227m▀[0m[38;2;228;228;228m[48;2;225;227;227m▀[0m[38;2;226;228;228m[48;2;225;227;227m▀[0m[38;2;228;228;229m[48;2;226;226;226m▀[0m[38;2;227;227;227m[48;2;226;226;227m▀[0m[38;2;227;227;229m[48;2;227;225;228m▀[0m[38;2;228;228;229m[48;2;227;227;228m▀[0m
[38;2;229;229;229m[48;2;227;227;229m▀[0m[38;2;229;229;229m[48;2;227;227;228m▀[0m[38;2;229;229;229m[48;2;225;227;228m▀[0m[38;2;229;229;229m[48;2;225;227;229m▀[0m[38;2;227;229;229m[48;2;229;229;229m▀[0m[38;2;225;227;227m[48;2;228;228;229m▀[0m[38;2;226;228;228m[48;2;226;228;228m▀[0m[38;2;226;228;228m[48;2;227;227;227m▀[0m[38;2;227;227;228m[48;2;227;227;228m▀[0m[38;2;227;227;229m[48;2;229;229;229m▀[0m[38;2;227;227;228m[48;2;229;229;229m▀[0m[38;2;229;228;229m[48;2;229;229;229m▀[0m[38;2;229;229;229m[48;2;229;228;228m▀[0m[38;2;226;228;229m[48;2;224;225;225m▀[0m[38;2;225;227;228m[48;2;226;226;227m▀[0m[38;2;226;226;227m[48;2;227;227;228m▀[0m[38;2;228;228;228m[48;2;228;228;229m▀[0m[38;2;229;229;229m[48;2;229;229;229m▀[0m[38;2;228;228;229m[48;2;228;228;228m▀[0m[38;2;229;228;229m[48;2;227;227;228m▀[0m[38;2;227;227;228m[48;2;227;227;228m▀[0m[38;2;228;228;229m[48;2;227;227;228m▀[0m[38;2;229;229;229m[48;2;229;229;229m▀[0m[38;2;229;229;229m[48;2;229;229;229m▀[0m[38;2;229;229;229m[48;2;229;229;229m▀[0m[38;2;229;229;229m[48;2;198;199;201m▀[0m[38;2;121;125;125m[48;2;108;110;105m▀[0m[38;2;131;131;124m[48;2;136;135;136m▀[0m[38;2;143;148;145m[48;2;136;140;139m▀[0m[38;2;150;153;153m[48;2;151;153;153m▀[0m[38;2;147;160;161m[48;2;163;171;175m▀[0m[38;2;11;27;27m[48;2;0;0;0m▀[0m[38;2;153;162;153m[48;2;72;124;119m▀[0m[38;2;45;121;117m[48;2;67;0;0m▀[0m[38;2;0;0;0m[48;2;229;0;0m▀[0m[38;2;229;0;0m[48;2;229;54;57m▀[0m[38;2;229;0;0m[48;2;229;0;0m▀[0m[38;2;222;151;153m[48;2;229;41;36m▀[0m[38;2;229;229;229m[48;2;229;229;229m▀[0m[38;2;229;52;44m[48;2;225;0;0m▀[0m[38;2;229;0;0m[48;2;216;99;102m▀[0m[38;2;229;229;229m[48;2;117;229;229m▀[0m[38;2;229;20;13m[48;2;229;44;36m▀[0m[38;2;229;0;0m[48;2;229;0;0m▀[0m[38;2;0;0;0m[48;2;229;113;106m▀[0m[38;2;40;91;91m[48;2;47;138;145m▀[0m[38;2;152;144;144m[48;2;73;90;93m▀[0m[38;2;20;30;28m[48;2;0;0;0m▀[0m[38;2;155;163;162m[48;2;174;178;175m▀[0m[38;2;150;153;152m[48;2;152;154;156m▀[0m[38;2;143;148;145m[48;2;137;144;138m▀[0m[38;2;110;117;112m[48;2;130;133;130m▀[0m[38;2;136;142;141m[48;2;98;104;100m▀[0m[38;2;229;229;229m[48;2;187;190;194m▀[0m[38;2;229;229;229m[48;2;229;229;229m▀[0m[38;2;229;229;229m[48;2;229;229;229m▀[0m[38;2;220;174;168m[48;2;204;81;72m▀[0m[38;2;221;200;197m[48;2;221;225;224m▀[0m[38;2;229;229;229m[48;2;226;229;229m▀[0m[38;2;228;226;229m[48;2;227;229;229m▀[0m[38;2;228;228;229m[48;2;228;228;228m▀[0m[38;2;228;228;229m[48;2;227;227;228m▀[0m[38;2;227;227;228m[48;2;227;227;228m▀[0m[38;2;227;227;228m[48;2;228;228;228m▀[0m[38;2;227;227;227m[48;2;225;225;225m▀[0m[38;2;228;228;228m[48;2;226;226;226m▀[0m[38;2;228;228;228m[48;2;229;229;229m▀[0m[38;2;227;227;228m[48;2;227;227;227m▀[0m[38;2;227;227;227m[48;2;226;228;228m▀[0m[38;2;227;227;227m[48;2;229;229;229m▀[0m[38;2;225;227;227m[48;2;229;228;229m▀[0m[38;2;228;228;228m[48;2;228;228;228m▀[0m[38;2;228;227;227m[48;2;227;227;227m▀[0m[38;2;227;227;228m[48;2;225;227;228m▀[0m[38;2;226;228;229m[48;2;229;229;229m▀[0m[38;2;228;228;228m[48;2;229;229;227m▀[0m
[38;2;227;227;228m[48;2;227;227;228m▀[0m[38;2;227;227;227m[48;2;229;228;229m▀[0m[38;2;226;228;228m[48;2;229;229;229m▀[0m[38;2;227;227;228m[48;2;227;227;227m▀[0m[38;2;226;228;228m[48;2;227;227;227m▀[0m[38;2;229;229;229m[48;2;228;228;228m▀[0m[38;2;227;227;228m[48;2;225;227;227m▀[0m[38;2;225;227;227m[48;2;226;226;227m▀[0m[38;2;227;227;227m[48;2;227;227;227m▀[0m[38;2;227;227;227m[48;2;229;229;229m▀[0m[38;2;229;229;227m[48;2;229;229;229m▀[0m[38;2;229;229;229m[48;2;221;223;223m▀[0m[38;2;214;216;216m[48;2;188;195;194m▀[0m[38;2;214;216;214m[48;2;229;229;229m▀[0m[38;2;229;229;229m[48;2;227;227;227m▀[0m[38;2;227;227;228m[48;2;228;228;229m▀[0m[38;2;228;228;228m[48;2;228;228;229m▀[0m[38;2;229;228;229m[48;2;228;227;228m▀[0m[38;2;227;227;228m[48;2;228;227;228m▀[0m[38;2;228;228;228m[48;2;229;229;229m▀[0m[38;2;229;229;229m[48;2;229;229;229m▀[0m[38;2;229;229;229m[48;2;229;229;229m▀[0m[38;2;229;229;229m[48;2;229;229;229m▀[0m[38;2;214;216;216m[48;2;226;225;223m▀[0m[38;2;229;229;229m[48;2;163;163;162m▀[0m[38;2;123;130;129m[48;2;104;111;104m▀[0m[38;2;114;124;116m[48;2;129;138;133m▀[0m[38;2;133;141;140m[48;2;138;144;143m▀[0m[38;2;139;143;146m[48;2;142;145;148m▀[0m[38;2;156;162;166m[48;2;166;171;176m▀[0m[38;2;138;145;148m[48;2;77;83;86m▀[0m[38;2;0;0;0m[48;2;95;107;105m▀[0m[38;2;0;0;0m[48;2;0;54;55m▀[0m[38;2;204;0;0m[48;2;229;5;1m▀[0m[38;2;229;121;108m[48;2;229;156;156m▀[0m[38;2;229;121;115m[48;2;229;132;126m▀[0m[38;2;229;78;67m[48;2;229;83;77m▀[0m[38;2;229;0;0m[48;2;229;0;0m▀[0m[38;2;229;229;229m[48;2;229;229;229m▀[0m[38;2;183;211;219m[48;2;229;229;229m▀[0m[38;2;146;189;182m[48;2;229;170;151m▀[0m[38;2;42;67;61m[48;2;229;190;173m▀[0m[38;2;172;157;155m[48;2;124;157;147m▀[0m[38;2;229;0;0m[48;2;229;0;0m▀[0m[38;2;229;188;183m[48;2;229;2;0m▀[0m[38;2;178;229;229m[48;2;229;229;229m▀[0m[38;2;0;0;0m[48;2;0;0;0m▀[0m[38;2;0;0;0m[48;2;47;51;51m▀[0m[38;2;149;153;152m[48;2;85;89;89m▀[0m[38;2;157;160;159m[48;2;167;172;171m▀[0m[38;2;141;144;144m[48;2;142;145;144m▀[0m[38;2;134;137;138m[48;2;133;141;140m▀[0m[38;2;120;124;127m[48;2;128;138;135m▀[0m[38;2;117;123;126m[48;2;104;114;114m▀[0m[38;2;229;229;229m[48;2;146;195;197m▀[0m[38;2;229;208;207m[48;2;229;152;150m▀[0m[38;2;222;115;111m[48;2;229;175;176m▀[0m[38;2;229;229;229m[48;2;229;229;229m▀[0m[38;2;229;229;229m[48;2;229;229;229m▀[0m[38;2;226;229;229m[48;2;226;229;229m▀[0m[38;2;227;227;227m[48;2;227;227;227m▀[0m[38;2;227;227;227m[48;2;225;227;227m▀[0m[38;2;227;227;229m[48;2;227;227;228m▀[0m[38;2;228;228;229m[48;2;229;228;229m▀[0m[38;2;226;226;227m[48;2;229;229;229m▀[0m[38;2;205;210;209m[48;2;213;216;216m▀[0m[38;2;225;229;226m[48;2;197;203;203m▀[0m[38;2;229;229;229m[48;2;229;229;229m▀[0m[38;2;225;227;227m[48;2;229;229;229m▀[0m[38;2;227;227;227m[48;2;226;229;229m▀[0m[38;2;228;228;228m[48;2;225;227;227m▀[0m[38;2;225;227;227m[48;2;226;228;228m▀[0m[38;2;225;227;227m[48;2;229;229;229m▀[0m[38;2;225;227;229m[48;2;229;229;229m▀[0m[38;2;229;229;229m[48;2;229;229;229m▀[0m[38;2;229;229;229m[48;2;188;190;189m▀[0m
[38;2;227;227;229m[48;2;227;227;228m▀[0m[38;2;227;227;228m[48;2;227;227;228m▀[0m[38;2;226;228;228m[48;2;227;227;227m▀[0m[38;2;227;227;227m[48;2;225;227;227m▀[0m[38;2;227;227;227m[48;2;225;227;227m▀[0m[38;2;228;228;229m[48;2;228;228;228m▀[0m[38;2;227;227;228m[48;2;227;227;228m▀[0m[38;2;227;227;229m[48;2;229;229;229m▀[0m[38;2;229;229;229m[48;2;229;229;229m▀[0m[38;2;229;229;229m[48;2;229;229;229m▀[0m[38;2;229;229;229m[48;2;163;171;174m▀[0m[38;2;171;180;178m[48;2;185;188;185m▀[0m[38;2;219;221;219m[48;2;229;229;229m▀[0m[38;2;229;229;229m[48;2;229;229;229m▀[0m[38;2;227;227;227m[48;2;227;227;228m▀[0m[38;2;229;229;229m[48;2;228;228;229m▀[0m[38;2;229;228;229m[48;2;228;228;229m▀[0m[38;2;229;228;229m[48;2;229;229;229m▀[0m[38;2;229;229;229m[48;2;227;229;229m▀[0m[38;2;229;229;229m[48;2;229;229;229m▀[0m[38;2;229;229;229m[48;2;229;20;29m▀[0m[38;2;229;229;229m[48;2;229;162;164m▀[0m[38;2;229;229;229m[48;2;229;229;229m▀[0m[38;2;207;213;212m[48;2;170;178;180m▀[0m[38;2;116;121;118m[48;2;149;152;152m▀[0m[38;2;121;127;127m[48;2;123;130;129m▀[0m[38;2;146;151;155m[48;2;153;156;159m▀[0m[38;2;133;138;138m[48;2;86;89;90m▀[0m[38;2;134;137;140m[48;2;155;159;159m▀[0m[38;2;161;166;165m[48;2;117;115;120m▀[0m[38;2;51;54;57m[48;2;58;60;60m▀[0m[38;2;119;132;130m[48;2;136;146;143m▀[0m[38;2;111;156;155m[48;2;117;143;143m▀[0m[38;2;228;183;187m[48;2;193;229;229m▀[0m[38;2;229;178;179m[48;2;216;151;143m▀[0m[38;2;229;119;104m[48;2;229;91;72m▀[0m[38;2;229;102;99m[48;2;195;171;166m▀[0m[38;2;225;164;167m[48;2;207;229;229m▀[0m[38;2;209;229;229m[48;2;222;216;215m▀[0m[38;2;229;229;229m[48;2;229;229;229m▀[0m[38;2;229;179;166m[48;2;229;173;169m▀[0m[38;2;229;183;170m[48;2;229;171;158m▀[0m[38;2;201;161;149m[48;2;184;162;151m▀[0m[38;2;214;144;142m[48;2;211;229;229m▀[0m[38;2;229;96;90m[48;2;229;229;229m▀[0m[38;2;229;229;229m[48;2;229;229;229m▀[0m[38;2;89;99;99m[48;2;207;216;216m▀[0m[38;2;81;84;81m[48;2;94;98;95m▀[0m[38;2;63;66;67m[48;2;72;73;71m▀[0m[38;2;154;160;161m[48;2;104;107;108m▀[0m[38;2;144;150;147m[48;2;160;163;164m▀[0m[38;2;136;144;144m[48;2;139;144;145m▀[0m[38;2;133;143;141m[48;2;134;140;144m▀[0m[38;2;125;138;136m[48;2;130;145;147m▀[0m[38;2;96;149;148m[48;2;107;162;164m▀[0m[38;2;229;41;36m[48;2;229;0;0m▀[0m[38;2;229;229;229m[48;2;229;227;218m▀[0m[38;2;229;229;229m[48;2;229;229;229m▀[0m[38;2;229;229;229m[48;2;229;229;229m▀[0m[38;2;229;229;229m[48;2;229;229;229m▀[0m[38;2;227;227;229m[48;2;226;229;229m▀[0m[38;2;227;227;228m[48;2;227;227;229m▀[0m[38;2;228;228;228m[48;2;229;229;229m▀[0m[38;2;229;229;229m[48;2;228;228;229m▀[0m[38;2;227;227;227m[48;2;227;227;228m▀[0m[38;2;229;229;229m[48;2;229;229;229m▀[0m[38;2;191;193;193m[48;2;227;227;229m▀[0m[38;2;206;207;207m[48;2;170;168;171m▀[0m[38;2;229;229;229m[48;2;215;217;216m▀[0m[38;2;229;229;229m[48;2;229;229;229m▀[0m[38;2;225;227;229m[48;2;229;229;229m▀[0m[38;2;227;227;228m[48;2;229;225;225m▀[0m[38;2;229;225;229m[48;2;229;229;229m▀[0m[38;2;229;229;229m[48;2;192;198;197m▀[0m[38;2;175;179;179m[48;2;168;174;174m▀[0m[38;2;158;165;162m[48;2;229;229;229m▀[0m
[38;2;227;227;227m[48;2;225;227;227m▀[0m[38;2;227;227;227m[48;2;227;226;227m▀[0m[38;2;227;225;228m[48;2;228;227;227m▀[0m[38;2;225;227;228m[48;2;227;227;228m▀[0m[38;2;227;227;227m[48;2;227;227;228m▀[0m[38;2;227;227;228m[48;2;229;229;229m▀[0m[38;2;229;229;229m[48;2;229;229;229m▀[0m[38;2;229;229;229m[48;2;229;229;229m▀[0m[38;2;229;229;229m[48;2;176;180;180m▀[0m[38;2;180;185;186m[48;2;110;113;114m▀[0m[38;2;143;151;149m[48;2;192;194;194m▀[0m[38;2;229;229;229m[48;2;229;229;229m▀[0m[38;2;229;229;229m[48;2;229;229;229m▀[0m[38;2;226;226;227m[48;2;226;229;228m▀[0m[38;2;227;227;229m[48;2;229;229;229m▀[0m[38;2;227;227;228m[48;2;228;228;228m▀[0m[38;2;227;227;228m[48;2;229;229;229m▀[0m[38;2;229;229;229m[48;2;229;229;229m▀[0m[38;2;229;229;229m[48;2;229;229;229m▀[0m[38;2;229;229;229m[48;2;229;229;229m▀[0m[38;2;229;156;156m[48;2;226;229;229m▀[0m[38;2;229;202;204m[48;2;135;160;158m▀[0m[38;2;117;146;145m[48;2;90;97;95m▀[0m[38;2;155;162;170m[48;2;160;162;164m▀[0m[38;2;197;194;197m[48;2;229;229;229m▀[0m[38;2;122;129;131m[48;2;115;117;118m▀[0m[38;2;90;94;94m[48;2;35;36;36m▀[0m[38;2;94;97;97m[48;2;183;186;186m▀[0m[38;2;188;190;192m[48;2;106;106;108m▀[0m[38;2;32;35;35m[48;2;6;6;6m▀[0m[38;2;115;115;112m[48;2;178;180;180m▀[0m[38;2;119;129;127m[48;2;80;91;90m▀[0m[38;2;123;140;144m[48;2;159;162;165m▀[0m[38;2;207;229;229m[48;2;229;229;229m▀[0m[38;2;151;0;0m[48;2;156;6;0m▀[0m[38;2;229;124;102m[48;2;229;138;116m▀[0m[38;2;174;164;161m[48;2;165;153;151m▀[0m[38;2;195;212;209m[48;2;189;212;212m▀[0m[38;2;220;202;198m[48;2;220;186;184m▀[0m[38;2;229;229;229m[48;2;229;229;229m▀[0m[38;2;229;176;171m[48;2;229;207;205m▀[0m[38;2;216;184;180m[48;2;202;162;161m▀[0m[38;2;90;63;62m[48;2;152;99;94m▀[0m[38;2;181;178;178m[48;2;165;149;144m▀[0m[38;2;0;13;14m[48;2;28;7;7m▀[0m[38;2;141;151;156m[48;2;65;69;70m▀[0m[38;2;229;229;229m[48;2;229;229;229m▀[0m[38;2;101;104;105m[48;2;100;106;106m▀[0m[38;2;122;123;120m[48;2;173;174;171m▀[0m[38;2;26;27;28m[48;2;12;12;10m▀[0m[38;2;169;174;174m[48;2;89;96;96m▀[0m[38;2;142;149;148m[48;2;167;174;176m▀[0m[38;2;136;148;149m[48;2;138;148;150m▀[0m[38;2;129;155;157m[48;2;128;168;169m▀[0m[38;2;126;153;153m[48;2;154;118;121m▀[0m[38;2;229;0;0m[48;2;229;0;0m▀[0m[38;2;147;126;121m[48;2;99;144;142m▀[0m[38;2;229;229;229m[48;2;109;181;180m▀[0m[38;2;229;229;229m[48;2;215;90;86m▀[0m[38;2;229;229;229m[48;2;229;112;108m▀[0m[38;2;229;229;229m[48;2;229;229;229m▀[0m[38;2;229;229;229m[48;2;229;229;229m▀[0m[38;2;228;228;228m[48;2;229;229;229m▀[0m[38;2;229;228;229m[48;2;228;228;228m▀[0m[38;2;227;227;227m[48;2;227;227;228m▀[0m[38;2;229;229;229m[48;2;229;229;229m▀[0m[38;2;229;229;229m[48;2;229;229;229m▀[0m[38;2;179;180;181m[48;2;223;221;225m▀[0m[38;2;153;157;152m[48;2;130;134;131m▀[0m[38;2;229;229;229m[48;2;163;167;164m▀[0m[38;2;229;229;229m[48;2;229;229;229m▀[0m[38;2;229;229;229m[48;2;229;229;229m▀[0m[38;2;229;229;229m[48;2;229;229;229m▀[0m[38;2;220;222;222m[48;2;229;229;229m▀[0m[38;2;229;229;229m[48;2;229;226;229m▀[0m[38;2;229;229;229m[48;2;229;229;229m▀[0m
[38;2;225;227;227m[48;2;227;227;228m▀[0m[38;2;225;227;227m[48;2;228;228;228m▀[0m[38;2;228;227;228m[48;2;229;229;227m▀[0m[38;2;229;229;227m[48;2;229;229;229m▀[0m[38;2;229;229;229m[48;2;229;229;229m▀[0m[38;2;229;229;229m[48;2;229;229;229m▀[0m[38;2;229;229;229m[48;2;202;204;204m▀[0m[38;2;187;189;189m[48;2;109;115;112m▀[0m[38;2;102;106;106m[48;2;109;112;112m▀[0m[38;2;130;130;134m[48;2;188;186;189m▀[0m[38;2;229;229;229m[48;2;229;229;229m▀[0m[38;2;229;229;229m[48;2;229;229;229m▀[0m[38;2;229;229;229m[48;2;229;229;229m▀[0m[38;2;229;229;229m[48;2;229;229;229m▀[0m[38;2;229;229;229m[48;2;229;229;229m▀[0m[38;2;229;229;229m[48;2;229;229;229m▀[0m[38;2;229;229;229m[48;2;229;229;229m▀[0m[38;2;229;229;229m[48;2;229;229;229m▀[0m[38;2;229;229;229m[48;2;181;184;189m▀[0m[38;2;207;216;222m[48;2;133;139;138m▀[0m[38;2;134;141;143m[48;2;114;122;112m▀[0m[38;2;119;124;116m[48;2;136;145;137m▀[0m[38;2;93;100;100m[48;2;73;77;77m▀[0m[38;2;154;156;164m[48;2;218;216;221m▀[0m[38;2;229;229;229m[48;2;162;165;162m▀[0m[38;2;76;76;76m[48;2;66;72;72m▀[0m[38;2;141;144;144m[48;2;215;220;219m▀[0m[38;2;176;179;179m[48;2;0;0;0m▀[0m[38;2;0;0;0m[48;2;9;11;11m▀[0m[38;2;103;107;107m[48;2;182;189;189m▀[0m[38;2;167;172;172m[48;2;131;135;137m▀[0m[38;2;62;67;67m[48;2;77;82;82m▀[0m[38;2;223;225;227m[48;2;229;229;229m▀[0m[38;2;229;229;229m[48;2;229;229;229m▀[0m[38;2;227;206;206m[48;2;229;229;229m▀[0m[38;2;153;16;5m[48;2;206;164;161m▀[0m[38;2;175;173;171m[48;2;229;225;225m▀[0m[38;2;198;225;223m[48;2;218;229;229m▀[0m[38;2;217;192;197m[48;2;229;229;229m▀[0m[38;2;229;215;222m[48;2;229;225;225m▀[0m[38;2;198;162;162m[48;2;152;145;144m▀[0m[38;2;159;137;135m[48;2;229;229;229m▀[0m[38;2;229;229;229m[48;2;141;139;137m▀[0m[38;2;108;98;95m[48;2;229;189;187m▀[0m[38;2;229;213;208m[48;2;229;217;216m▀[0m[38;2;99;98;96m[48;2;117;117;113m▀[0m[38;2;135;146;147m[48;2;20;34;35m▀[0m[38;2;106;108;106m[48;2;45;45;45m▀[0m[38;2;165;168;167m[48;2;137;141;140m▀[0m[38;2;121;119;117m[48;2;184;185;182m▀[0m[38;2;0;0;0m[48;2;43;43;41m▀[0m[38;2;159;167;167m[48;2;6;9;12m▀[0m[38;2;146;160;160m[48;2;181;195;195m▀[0m[38;2;131;171;172m[48;2;137;180;180m▀[0m[38;2;162;111;110m[48;2;168;122;120m▀[0m[38;2;206;41;32m[48;2;188;79;70m▀[0m[38;2;114;178;175m[48;2;122;176;175m▀[0m[38;2;94;166;161m[48;2;114;180;183m▀[0m[38;2;186;0;0m[48;2;198;38;29m▀[0m[38;2;229;116;109m[48;2;152;48;39m▀[0m[38;2;229;229;229m[48;2;169;225;225m▀[0m[38;2;229;229;229m[48;2;229;229;229m▀[0m[38;2;229;229;229m[48;2;229;229;229m▀[0m[38;2;229;229;229m[48;2;229;229;229m▀[0m[38;2;229;229;229m[48;2;229;229;229m▀[0m[38;2;229;229;229m[48;2;229;229;229m▀[0m[38;2;229;229;229m[48;2;229;229;229m▀[0m[38;2;229;229;229m[48;2;229;229;229m▀[0m[38;2;160;162;162m[48;2;216;216;216m▀[0m[38;2;115;118;118m[48;2;117;118;118m▀[0m[38;2;172;176;173m[48;2;117;123;121m▀[0m[38;2;229;229;229m[48;2;181;183;183m▀[0m[38;2;229;229;229m[48;2;229;229;229m▀[0m[38;2;229;229;229m[48;2;229;229;229m▀[0m[38;2;229;229;229m[48;2;229;229;229m▀[0m[38;2;228;228;228m[48;2;229;229;229m▀[0m
[38;2;229;228;229m[48;2;227;227;228m▀[0m[38;2;229;229;229m[48;2;229;229;229m▀[0m[38;2;229;229;229m[48;2;229;229;229m▀[0m[38;2;229;229;229m[48;2;229;229;229m▀[0m[38;2;229;229;229m[48;2;223;223;223m▀[0m[38;2;221;220;220m[48;2;123;126;125m▀[0m[38;2;118;122;125m[48;2;125;125;125m▀[0m[38;2;121;121;122m[48;2;127;127;131m▀[0m[38;2;126;126;128m[48;2;162;162;162m▀[0m[38;2;229;229;229m[48;2;229;229;229m▀[0m[38;2;229;229;229m[48;2;229;229;229m▀[0m[38;2;229;229;229m[48;2;229;229;229m▀[0m[38;2;229;229;229m[48;2;216;217;218m▀[0m[38;2;229;229;229m[48;2;186;188;188m▀[0m[38;2;229;229;229m[48;2;153;159;159m▀[0m[38;2;216;222;221m[48;2;128;131;131m▀[0m[38;2;181;189;190m[48;2;117;120;117m▀[0m[38;2;140;143;143m[48;2;118;121;118m▀[0m[38;2;124;126;123m[48;2;126;129;128m▀[0m[38;2;124;128;124m[48;2;134;135;136m▀[0m[38;2;127;135;133m[48;2;136;139;144m▀[0m[38;2;144;148;147m[48;2;132;135;136m▀[0m[38;2;73;73;78m[48;2;108;108;108m▀[0m[38;2;229;229;229m[48;2;229;229;229m▀[0m[38;2;156;160;161m[48;2;140;148;148m▀[0m[38;2;166;176;176m[48;2;35;42;42m▀[0m[38;2;34;38;34m[48;2;0;0;0m▀[0m[38;2;0;0;0m[48;2;6;9;10m▀[0m[38;2;198;206;205m[48;2;66;73;77m▀[0m[38;2;197;205;205m[48;2;54;60;63m▀[0m[38;2;84;91;91m[48;2;78;81;81m▀[0m[38;2;219;219;217m[48;2;229;229;229m▀[0m[38;2;229;229;229m[48;2;0;0;0m▀[0m[38;2;51;58;61m[48;2;0;0;0m▀[0m[38;2;229;229;229m[48;2;229;229;229m▀[0m[38;2;229;229;229m[48;2;229;229;229m▀[0m[38;2;229;229;229m[48;2;229;229;229m▀[0m[38;2;95;102;102m[48;2;153;157;160m▀[0m[38;2;105;111;108m[48;2;6;9;9m▀[0m[38;2;229;229;229m[48;2;229;229;229m▀[0m[38;2;229;229;229m[48;2;159;164;163m▀[0m[38;2;145;145;143m[48;2;198;171;170m▀[0m[38;2;224;183;182m[48;2;229;216;218m▀[0m[38;2;229;211;209m[48;2;221;207;207m▀[0m[38;2;229;220;216m[48;2;229;229;229m▀[0m[38;2;124;117;115m[48;2;145;142;138m▀[0m[38;2;145;156;160m[48;2;158;166;168m▀[0m[38;2;229;229;229m[48;2;229;229;229m▀[0m[38;2;129;133;132m[48;2;92;93;90m▀[0m[38;2;181;185;182m[48;2;103;107;107m▀[0m[38;2;199;201;201m[48;2;173;177;177m▀[0m[38;2;12;15;15m[48;2;142;145;145m▀[0m[38;2;75;83;83m[48;2;0;0;0m▀[0m[38;2;184;225;224m[48;2;73;107;108m▀[0m[38;2;164;113;112m[48;2;197;166;162m▀[0m[38;2;194;67;58m[48;2;225;29;22m▀[0m[38;2;126;182;184m[48;2;131;189;190m▀[0m[38;2;119;179;185m[48;2;126;171;178m▀[0m[38;2;174;73;67m[48;2;154;118;124m▀[0m[38;2;161;40;36m[48;2;190;43;36m▀[0m[38;2;91;143;144m[48;2;114;162;159m▀[0m[38;2;144;149;153m[48;2;110;117;121m▀[0m[38;2;209;212;213m[48;2;113;116;121m▀[0m[38;2;229;229;229m[48;2;156;158;160m▀[0m[38;2;229;229;229m[48;2;203;205;205m▀[0m[38;2;229;229;229m[48;2;229;229;229m▀[0m[38;2;229;229;229m[48;2;229;229;229m▀[0m[38;2;229;229;229m[48;2;229;229;229m▀[0m[38;2;229;229;229m[48;2;229;229;229m▀[0m[38;2;144;145;145m[48;2;209;207;210m▀[0m[38;2;120;124;124m[48;2;115;117;117m▀[0m[38;2;115;117;117m[48;2;131;135;135m▀[0m[38;2;191;193;191m[48;2;124;127;127m▀[0m[38;2;229;229;229m[48;2;211;212;209m▀[0m[38;2;229;229;229m[48;2;229;229;229m▀[0m[38;2;229;229;229m[48;2;229;229;229m▀[0m
[38;2;229;229;229m[48;2;229;229;229m▀[0m[38;2;229;229;229m[48;2;229;229;229m▀[0m[38;2;229;229;229m[48;2;219;221;221m▀[0m[38;2;221;223;225m[48;2;143;145;145m▀[0m[38;2;136;143;143m[48;2;118;124;121m▀[0m[38;2;113;117;113m[48;2;126;129;128m▀[0m[38;2;135;142;137m[48;2;133;136;139m▀[0m[38;2;127;129;129m[48;2;135;136;138m▀[0m[38;2;181;183;185m[48;2;172;175;176m▀[0m[38;2;223;228;229m[48;2;157;161;162m▀[0m[38;2;189;191;197m[48;2;132;137;137m▀[0m[38;2;153;157;153m[48;2;123;126;123m▀[0m[38;2;129;135;134m[48;2;121;124;123m▀[0m[38;2;119;122;121m[48;2;126;131;127m▀[0m[38;2;117;119;119m[48;2;134;136;135m▀[0m[38;2;123;126;123m[48;2;135;137;139m▀[0m[38;2;129;132;132m[48;2;139;143;137m▀[0m[38;2;135;137;137m[48;2;140;143;142m▀[0m[38;2;136;136;143m[48;2;144;141;141m▀[0m[38;2;139;141;141m[48;2;137;140;139m▀[0m[38;2;145;148;145m[48;2;155;161;158m▀[0m[38;2;105;108;109m[48;2;78;81;81m▀[0m[38;2;182;180;182m[48;2;229;229;229m▀[0m[38;2;229;229;229m[48;2;82;85;86m▀[0m[38;2;0;0;0m[48;2;0;0;0m▀[0m[38;2;51;53;53m[48;2;60;61;58m▀[0m[38;2;229;229;229m[48;2;229;229;229m▀[0m[38;2;189;192;189m[48;2;13;14;11m▀[0m[38;2;168;166;169m[48;2;229;229;229m▀[0m[38;2;0;0;0m[48;2;121;123;125m▀[0m[38;2;68;67;65m[48;2;93;95;95m▀[0m[38;2;33;33;30m[48;2;0;0;0m▀[0m[38;2;0;0;0m[48;2;0;0;0m▀[0m[38;2;53;61;59m[48;2;117;123;122m▀[0m[38;2;229;229;229m[48;2;153;153;152m▀[0m[38;2;229;229;229m[48;2;229;229;229m▀[0m[38;2;229;229;229m[48;2;229;229;229m▀[0m[38;2;172;175;175m[48;2;145;145;145m▀[0m[38;2;224;226;224m[48;2;229;229;229m▀[0m[38;2;194;194;192m[48;2;130;130;127m▀[0m[38;2;169;161;159m[48;2;229;229;229m▀[0m[38;2;229;229;229m[48;2;228;220;220m▀[0m[38;2;225;207;207m[48;2;228;216;215m▀[0m[38;2;228;211;212m[48;2;229;216;218m▀[0m[38;2;229;229;229m[48;2;229;229;229m▀[0m[38;2;205;199;195m[48;2;229;229;229m▀[0m[38;2;108;117;116m[48;2;105;115;112m▀[0m[38;2;142;142;142m[48;2;0;0;0m▀[0m[38;2;36;34;36m[48;2;11;13;15m▀[0m[38;2;0;0;0m[48;2;0;0;0m▀[0m[38;2;0;0;0m[48;2;0;0;0m▀[0m[38;2;0;0;0m[48;2;0;0;0m▀[0m[38;2;0;0;0m[48;2;229;229;229m▀[0m[38;2;0;7;10m[48;2;229;229;229m▀[0m[38;2;103;98;94m[48;2;0;0;0m▀[0m[38;2;229;0;0m[48;2;229;0;0m▀[0m[38;2;141;180;184m[48;2;210;160;156m▀[0m[38;2;133;172;176m[48;2;145;189;196m▀[0m[38;2;139;158;161m[48;2;139;172;175m▀[0m[38;2;190;48;44m[48;2;170;78;69m▀[0m[38;2;133;156;154m[48;2;144;138;132m▀[0m[38;2;130;144;144m[48;2;130;156;154m▀[0m[38;2;126;134;134m[48;2;131;144;143m▀[0m[38;2;119;117;118m[48;2;133;140;136m▀[0m[38;2;111;114;110m[48;2;130;132;132m▀[0m[38;2;125;128;126m[48;2;119;123;122m▀[0m[38;2;157;160;159m[48;2;103;113;109m▀[0m[38;2;207;207;207m[48;2;104;110;107m▀[0m[38;2;229;229;229m[48;2;131;137;135m▀[0m[38;2;229;229;229m[48;2;175;181;188m▀[0m[38;2;142;144;144m[48;2;151;156;157m▀[0m[38;2;130;135;133m[48;2;124;129;126m▀[0m[38;2;126;131;131m[48;2;133;136;136m▀[0m[38;2;134;136;137m[48;2;115;120;117m▀[0m[38;2;217;216;218m[48;2;147;150;149m▀[0m[38;2;229;229;229m[48;2;223;223;225m▀[0m
[38;2;229;229;229m[48;2;229;229;229m▀[0m[38;2;223;222;222m[48;2;147;150;151m▀[0m[38;2;142;144;144m[48;2;124;127;128m▀[0m[38;2;125;127;127m[48;2;125;128;128m▀[0m[38;2;124;126;126m[48;2;132;137;137m▀[0m[38;2;132;138;138m[48;2;138;142;142m▀[0m[38;2;133;136;137m[48;2;138;141;142m▀[0m[38;2;133;136;139m[48;2;135;138;138m▀[0m[38;2;135;141;142m[48;2;130;135;135m▀[0m[38;2;127;131;128m[48;2;133;139;138m▀[0m[38;2;126;127;128m[48;2;134;143;137m▀[0m[38;2;128;134;131m[48;2;137;141;135m▀[0m[38;2;135;136;137m[48;2;137;141;141m▀[0m[38;2;135;139;135m[48;2;138;141;141m▀[0m[38;2;138;141;141m[48;2;143;144;145m▀[0m[38;2;138;141;142m[48;2;146;146;151m▀[0m[38;2;142;147;144m[48;2;145;153;152m▀[0m[38;2;146;149;148m[48;2;157;163;164m▀[0m[38;2;143;145;145m[48;2;187;190;194m▀[0m[38;2;160;162;164m[48;2;129;135;135m▀[0m[38;2;114;119;122m[48;2;6;9;7m▀[0m[38;2;123;125;125m[48;2;229;229;229m▀[0m[38;2;229;229;229m[48;2;229;229;229m▀[0m[38;2;0;0;0m[48;2;0;0;0m▀[0m[38;2;0;0;0m[48;2;0;0;0m▀[0m[38;2;44;45;45m[48;2;63;64;64m▀[0m[38;2;103;105;105m[48;2;54;55;55m▀[0m[38;2;0;0;0m[48;2;0;0;0m▀[0m[38;2;37;38;35m[48;2;0;0;0m▀[0m[38;2;229;229;229m[48;2;229;229;229m▀[0m[38;2;101;103;103m[48;2;39;40;37m▀[0m[38;2;0;0;0m[48;2;0;0;0m▀[0m[38;2;0;0;0m[48;2;17;19;19m▀[0m[38;2;146;159;153m[48;2;107;118;118m▀[0m[38;2;161;161;158m[48;2;229;229;229m▀[0m[38;2;119;121;119m[48;2;135;135;133m▀[0m[38;2;200;203;200m[48;2;44;49;46m▀[0m[38;2;117;119;119m[48;2;229;229;229m▀[0m[38;2;229;229;229m[48;2;229;229;229m▀[0m[38;2;136;137;135m[48;2;197;202;201m▀[0m[38;2;229;229;229m[48;2;167;171;171m▀[0m[38;2;229;229;229m[48;2;229;229;229m▀[0m[38;2;229;221;221m[48;2;229;229;229m▀[0m[38;2;229;228;228m[48;2;229;229;229m▀[0m[38;2;229;229;229m[48;2;212;210;207m▀[0m[38;2;225;229;225m[48;2;224;227;224m▀[0m[38;2;126;133;133m[48;2;108;115;115m▀[0m[38;2;0;0;0m[48;2;0;0;0m▀[0m[38;2;0;0;0m[48;2;0;0;0m▀[0m[38;2;27;28;33m[48;2;0;0;0m▀[0m[38;2;99;105;106m[48;2;43;50;53m▀[0m[38;2;229;229;229m[48;2;24;26;26m▀[0m[38;2;229;229;229m[48;2;229;229;229m▀[0m[38;2;44;58;47m[48;2;71;79;75m▀[0m[38;2;0;0;0m[48;2;0;0;0m▀[0m[38;2;44;0;0m[48;2;0;0;0m▀[0m[38;2;151;29;21m[48;2;60;75;76m▀[0m[38;2;160;205;201m[48;2;52;65;63m▀[0m[38;2;162;199;196m[48;2;158;189;186m▀[0m[38;2;158;93;89m[48;2;198;164;159m▀[0m[38;2;155;103;96m[48;2;192;82;78m▀[0m[38;2;132;169;166m[48;2;141;180;182m▀[0m[38;2;136;146;144m[48;2;143;149;155m▀[0m[38;2;137;144;142m[48;2;142;147;151m▀[0m[38;2;135;140;139m[48;2;138;141;141m▀[0m[38;2;131;137;135m[48;2;135;141;140m▀[0m[38;2;132;135;135m[48;2;137;141;141m▀[0m[38;2;127;133;134m[48;2;138;138;142m▀[0m[38;2;118;125;124m[48;2;134;143;137m▀[0m[38;2;118;124;123m[48;2;134;135;137m▀[0m[38;2;126;134;130m[48;2;134;137;141m▀[0m[38;2;129;135;132m[48;2;136;140;135m▀[0m[38;2;131;135;134m[48;2;137;141;140m▀[0m[38;2;126;130;129m[48;2;135;137;139m▀[0m[38;2;119;123;120m[48;2;126;134;133m▀[0m[38;2;155;161;161m[48;2;121;131;127m▀[0m
[38;2;153;156;153m[48;2;131;137;136m▀[0m[38;2;129;132;133m[48;2;127;131;132m▀[0m[38;2;126;129;129m[48;2;134;140;140m▀[0m[38;2;134;137;137m[48;2;136;142;143m▀[0m[38;2;138;142;141m[48;2;135;141;141m▀[0m[38;2;138;142;141m[48;2;137;141;141m▀[0m[38;2;139;143;142m[48;2;138;142;142m▀[0m[38;2;138;142;141m[48;2;142;142;140m▀[0m[38;2;138;142;141m[48;2;140;145;144m▀[0m[38;2;138;142;141m[48;2;142;147;146m▀[0m[38;2;137;141;140m[48;2;146;148;150m▀[0m[38;2;135;144;139m[48;2;149;151;151m▀[0m[38;2;144;146;146m[48;2;155;161;161m▀[0m[38;2;146;149;149m[48;2;174;180;180m▀[0m[38;2;153;153;153m[48;2;195;200;200m▀[0m[38;2;165;167;168m[48;2;179;186;184m▀[0m[38;2;188;195;194m[48;2;104;110;109m▀[0m[38;2;189;197;196m[48;2;0;0;0m▀[0m[38;2;90;92;93m[48;2;0;0;0m▀[0m[38;2;0;0;0m[48;2;0;0;0m▀[0m[38;2;229;229;229m[48;2;124;122;127m▀[0m[38;2;229;229;229m[48;2;229;229;229m▀[0m[38;2;147;149;147m[48;2;207;207;207m▀[0m[38;2;0;0;0m[48;2;0;0;0m▀[0m[38;2;0;0;0m[48;2;0;0;0m▀[0m[38;2;86;90;89m[48;2;94;98;94m▀[0m[38;2;55;57;57m[48;2;44;47;45m▀[0m[38;2;0;0;0m[48;2;0;0;0m▀[0m[38;2;0;0;0m[48;2;0;0;0m▀[0m[38;2;207;207;203m[48;2;189;189;187m▀[0m[38;2;0;0;0m[48;2;0;0;0m▀[0m[38;2;0;0;0m[48;2;0;0;0m▀[0m[38;2;40;45;45m[48;2;108;111;108m▀[0m[38;2;139;155;154m[48;2;104;116;114m▀[0m[38;2;229;229;229m[48;2;214;216;216m▀[0m[38;2;229;229;229m[48;2;229;229;229m▀[0m[38;2;130;132;130m[48;2;176;176;176m▀[0m[38;2;229;229;229m[48;2;229;229;229m▀[0m[38;2;229;229;229m[48;2;229;229;229m▀[0m[38;2;162;164;164m[48;2;204;206;204m▀[0m[38;2;217;217;217m[48;2;180;181;180m▀[0m[38;2;164;166;166m[48;2;171;173;171m▀[0m[38;2;229;229;229m[48;2;201;203;204m▀[0m[38;2;229;229;229m[48;2;229;229;229m▀[0m[38;2;199;199;197m[48;2;207;207;207m▀[0m[38;2;229;229;229m[48;2;197;198;195m▀[0m[38;2;166;170;170m[48;2;196;202;201m▀[0m[38;2;0;0;0m[48;2;118;122;125m▀[0m[38;2;0;0;0m[48;2;0;0;0m▀[0m[38;2;0;0;0m[48;2;0;0;0m▀[0m[38;2;0;0;0m[48;2;0;0;0m▀[0m[38;2;0;0;0m[48;2;0;0;0m▀[0m[38;2;96;103;103m[48;2;0;3;5m▀[0m[38;2;154;156;156m[48;2;176;178;178m▀[0m[38;2;0;0;0m[48;2;0;0;0m▀[0m[38;2;0;0;0m[48;2;45;44;46m▀[0m[38;2;170;176;177m[48;2;87;90;90m▀[0m[38;2;0;0;0m[48;2;0;0;0m▀[0m[38;2;0;0;0m[48;2;0;0;0m▀[0m[38;2;103;117;117m[48;2;0;0;0m▀[0m[38;2;216;46;44m[48;2;127;0;0m▀[0m[38;2;167;183;183m[48;2;224;67;54m▀[0m[38;2;158;177;180m[48;2;161;208;207m▀[0m[38;2;144;156;156m[48;2;191;198;198m▀[0m[38;2;143;149;148m[48;2;165;171;171m▀[0m[38;2;141;144;144m[48;2;152;155;155m▀[0m[38;2;135;144;139m[48;2;146;150;150m▀[0m[38;2;135;141;141m[48;2;141;148;147m▀[0m[38;2;135;140;139m[48;2;138;144;143m▀[0m[38;2;135;139;139m[48;2;140;143;142m▀[0m[38;2;136;140;139m[48;2;135;140;139m▀[0m[38;2;136;140;140m[48;2;136;139;140m▀[0m[38;2;137;141;141m[48;2;136;140;141m▀[0m[38;2;138;141;141m[48;2;135;141;140m▀[0m[38;2;139;136;140m[48;2;137;140;140m▀[0m[38;2;130;143;141m[48;2;135;141;141m▀[0m
[38;2;131;138;137m[48;2;137;143;140m▀[0m[38;2;134;143;137m[48;2;136;142;142m▀[0m[38;2;138;142;142m[48;2;136;141;146m▀[0m[38;2;135;142;140m[48;2;135;141;144m▀[0m[38;2;135;141;140m[48;2;140;146;144m▀[0m[38;2;140;144;144m[48;2;149;149;149m▀[0m[38;2;144;147;148m[48;2;149;157;155m▀[0m[38;2;144;147;148m[48;2;171;178;180m▀[0m[38;2;144;150;149m[48;2;189;194;197m▀[0m[38;2;153;162;160m[48;2;184;192;190m▀[0m[38;2;172;174;179m[48;2;162;165;168m▀[0m[38;2;192;192;194m[48;2;95;99;99m▀[0m[38;2;189;197;197m[48;2;16;13;17m▀[0m[38;2;155;158;160m[48;2;0;0;0m▀[0m[38;2;70;73;72m[48;2;0;0;0m▀[0m[38;2;0;0;0m[48;2;0;0;0m▀[0m[38;2;0;0;0m[48;2;0;0;0m▀[0m[38;2;0;0;0m[48;2;0;0;0m▀[0m[38;2;0;0;0m[48;2;0;0;0m▀[0m[38;2;0;0;0m[48;2;0;0;0m▀[0m[38;2;0;0;0m[48;2;0;0;0m▀[0m[38;2;229;229;229m[48;2;229;229;229m▀[0m[38;2;229;229;229m[48;2;229;229;229m▀[0m[38;2;0;0;0m[48;2;0;0;0m▀[0m[38;2;0;0;0m[48;2;0;0;0m▀[0m[38;2;86;90;86m[48;2;89;91;89m▀[0m[38;2;33;35;38m[48;2;50;49;47m▀[0m[38;2;0;0;0m[48;2;0;0;0m▀[0m[38;2;0;0;0m[48;2;0;0;0m▀[0m[38;2;229;229;229m[48;2;229;229;229m▀[0m[38;2;0;0;0m[48;2;81;82;83m▀[0m[38;2;0;0;0m[48;2;0;0;0m▀[0m[38;2;174;177;176m[48;2;196;198;199m▀[0m[38;2;109;117;113m[48;2;77;83;79m▀[0m[38;2;175;180;178m[48;2;189;189;189m▀[0m[38;2;229;229;229m[48;2;141;149;147m▀[0m[38;2;107;108;107m[48;2;122;121;119m▀[0m[38;2;177;180;177m[48;2;58;60;61m▀[0m[38;2;229;229;229m[48;2;93;99;99m▀[0m[38;2;229;229;229m[48;2;229;229;229m▀[0m[38;2;186;188;186m[48;2;229;229;229m▀[0m[38;2;222;225;225m[48;2;229;229;229m▀[0m[38;2;139;142;142m[48;2;207;208;208m▀[0m[38;2;143;146;146m[48;2;197;196;196m▀[0m[38;2;229;229;229m[48;2;189;190;190m▀[0m[38;2;106;109;107m[48;2;57;60;57m▀[0m[38;2;194;198;198m[48;2;193;195;197m▀[0m[38;2;229;229;229m[48;2;229;229;229m▀[0m[38;2;0;0;0m[48;2;0;0;0m▀[0m[38;2;0;0;0m[48;2;0;0;0m▀[0m[38;2;0;0;0m[48;2;0;0;0m▀[0m[38;2;0;0;0m[48;2;0;0;0m▀[0m[38;2;0;0;0m[48;2;0;0;0m▀[0m[38;2;189;191;191m[48;2;166;165;165m▀[0m[38;2;71;71;71m[48;2;229;229;229m▀[0m[38;2;179;179;179m[48;2;73;75;77m▀[0m[38;2;0;0;0m[48;2;0;0;0m▀[0m[38;2;0;0;0m[48;2;0;0;0m▀[0m[38;2;0;0;0m[48;2;0;0;0m▀[0m[38;2;0;0;0m[48;2;0;0;0m▀[0m[38;2;0;0;0m[48;2;0;0;0m▀[0m[38;2;1;0;0m[48;2;0;0;0m▀[0m[38;2;0;0;0m[48;2;0;0;0m▀[0m[38;2;91;95;95m[48;2;0;0;0m▀[0m[38;2;167;174;178m[48;2;0;0;0m▀[0m[38;2;192;199;199m[48;2;39;42;42m▀[0m[38;2;180;187;185m[48;2;118;121;121m▀[0m[38;2;162;166;167m[48;2;176;179;180m▀[0m[38;2;148;153;153m[48;2;190;196;195m▀[0m[38;2;144;147;148m[48;2;182;184;185m▀[0m[38;2;141;149;147m[48;2;162;169;167m▀[0m[38;2;138;144;144m[48;2;149;154;152m▀[0m[38;2;133;144;139m[48;2;140;150;144m▀[0m[38;2;134;140;143m[48;2;137;145;147m▀[0m[38;2;136;140;140m[48;2;132;144;144m▀[0m[38;2;135;140;140m[48;2;134;140;140m▀[0m
[38;2;136;142;141m[48;2;140;145;143m▀[0m[38;2;137;141;141m[48;2;140;150;147m▀[0m[38;2;142;145;148m[48;2;145;152;153m▀[0m[38;2;148;148;152m[48;2;166;172;172m▀[0m[38;2;150;156;154m[48;2;189;198;197m▀[0m[38;2;176;181;184m[48;2;135;139;142m▀[0m[38;2;189;195;198m[48;2;20;18;21m▀[0m[38;2;145;151;153m[48;2;0;0;0m▀[0m[38;2;68;64;70m[48;2;0;0;0m▀[0m[38;2;0;0;0m[48;2;0;0;0m▀[0m[38;2;0;0;0m[48;2;0;0;0m▀[0m[38;2;0;0;0m[48;2;0;0;0m▀[0m[38;2;0;0;0m[48;2;0;0;0m▀[0m[38;2;0;0;0m[48;2;0;0;0m▀[0m[38;2;0;0;0m[48;2;0;0;0m▀[0m[38;2;0;0;0m[48;2;0;0;0m▀[0m[38;2;0;0;0m[48;2;0;0;0m▀[0m[38;2;0;0;0m[48;2;0;0;0m▀[0m[38;2;0;0;0m[48;2;0;0;0m▀[0m[38;2;0;0;0m[48;2;0;0;0m▀[0m[38;2;0;0;0m[48;2;0;0;0m▀[0m[38;2;9;11;10m[48;2;0;0;0m▀[0m[38;2;0;0;0m[48;2;0;0;0m▀[0m[38;2;0;0;0m[48;2;0;0;0m▀[0m[38;2;0;0;0m[48;2;0;0;0m▀[0m[38;2;98;97;98m[48;2;106;106;103m▀[0m[38;2;73;72;73m[48;2;92;94;92m▀[0m[38;2;0;0;0m[48;2;0;0;0m▀[0m[38;2;0;0;0m[48;2;0;0;0m▀[0m[38;2;229;229;229m[48;2;14;17;16m▀[0m[38;2;66;68;68m[48;2;0;0;0m▀[0m[38;2;0;0;0m[48;2;0;0;0m▀[0m[38;2;167;172;170m[48;2;154;157;157m▀[0m[38;2;81;90;85m[48;2;134;141;139m▀[0m[38;2;220;220;218m[48;2;144;148;145m▀[0m[38;2;191;195;195m[48;2;229;229;229m▀[0m[38;2;224;225;224m[48;2;229;229;229m▀[0m[38;2;229;229;229m[48;2;229;229;229m▀[0m[38;2;91;97;97m[48;2;229;229;229m▀[0m[38;2;66;72;72m[48;2;178;179;175m▀[0m[38;2;229;229;229m[48;2;140;146;143m▀[0m[38;2;229;229;229m[48;2;229;229;229m▀[0m[38;2;229;229;229m[48;2;174;178;175m▀[0m[38;2;210;210;210m[48;2;199;198;198m▀[0m[38;2;202;204;204m[48;2;229;229;229m▀[0m[38;2;136;144;142m[48;2;129;136;138m▀[0m[38;2;0;0;0m[48;2;0;0;0m▀[0m[38;2;0;0;0m[48;2;0;0;0m▀[0m[38;2;0;0;0m[48;2;0;0;0m▀[0m[38;2;0;0;0m[48;2;0;0;0m▀[0m[38;2;0;0;0m[48;2;0;0;0m▀[0m[38;2;0;0;0m[48;2;0;0;0m▀[0m[38;2;0;0;0m[48;2;0;0;0m▀[0m[38;2;167;165;168m[48;2;199;205;205m▀[0m[38;2;229;229;229m[48;2;229;229;229m▀[0m[38;2;0;0;0m[48;2;12;14;14m▀[0m[38;2;0;0;0m[48;2;0;0;0m▀[0m[38;2;0;0;0m[48;2;0;0;0m▀[0m[38;2;0;0;0m[48;2;0;0;0m▀[0m[38;2;0;0;0m[48;2;0;0;0m▀[0m[38;2;0;0;0m[48;2;0;0;0m▀[0m[38;2;0;0;0m[48;2;0;0;0m▀[0m[38;2;0;0;0m[48;2;0;0;0m▀[0m[38;2;0;0;0m[48;2;0;0;0m▀[0m[38;2;0;0;0m[48;2;0;0;0m▀[0m[38;2;0;0;0m[48;2;0;0;0m▀[0m[38;2;0;0;0m[48;2;0;0;0m▀[0m[38;2;0;0;0m[48;2;0;0;0m▀[0m[38;2;29;31;31m[48;2;0;0;0m▀[0m[38;2;108;111;112m[48;2;0;0;0m▀[0m[38;2;171;178;176m[48;2;0;0;0m▀[0m[38;2;189;196;196m[48;2;51;54;55m▀[0m[38;2;167;173;171m[48;2;144;146;147m▀[0m[38;2;151;154;155m[48;2;184;188;188m▀[0m[38;2;142;147;151m[48;2;162;165;164m▀[0m[38;2;141;144;147m[48;2;150;153;154m▀[0m
[38;2;153;153;154m[48;2;166;170;170m▀[0m[38;2;148;154;157m[48;2;200;203;207m▀[0m[38;2;179;187;186m[48;2;129;133;134m▀[0m[38;2;162;168;171m[48;2;0;0;0m▀[0m[38;2;31;33;38m[48;2;0;0;0m▀[0m[38;2;0;0;0m[48;2;0;0;0m▀[0m[38;2;0;0;0m[48;2;38;41;40m▀[0m[38;2;2;2;0m[48;2;55;59;59m▀[0m[38;2;56;65;55m[48;2;74;88;90m▀[0m[38;2;82;90;85m[48;2;54;64;72m▀[0m[38;2;3;3;4m[48;2;76;86;90m▀[0m[38;2;0;0;0m[48;2;67;77;81m▀[0m[38;2;0;0;0m[48;2;41;48;54m▀[0m[38;2;0;0;0m[48;2;0;0;0m▀[0m[38;2;0;0;0m[48;2;0;0;0m▀[0m[38;2;0;0;0m[48;2;0;0;0m▀[0m[38;2;0;0;0m[48;2;0;0;0m▀[0m[38;2;0;0;0m[48;2;0;0;0m▀[0m[38;2;0;0;0m[48;2;0;0;0m▀[0m[38;2;0;0;0m[48;2;0;0;0m▀[0m[38;2;0;0;0m[48;2;0;0;0m▀[0m[38;2;0;0;0m[48;2;0;0;0m▀[0m[38;2;0;0;0m[48;2;0;0;0m▀[0m[38;2;4;2;5m[48;2;13;15;13m▀[0m[38;2;13;16;13m[48;2;27;29;27m▀[0m[38;2;93;96;90m[48;2;56;58;59m▀[0m[38;2;144;144;138m[48;2;201;205;198m▀[0m[38;2;0;0;0m[48;2;0;0;0m▀[0m[38;2;0;0;0m[48;2;0;0;0m▀[0m[38;2;0;0;0m[48;2;0;0;0m▀[0m[38;2;0;0;0m[48;2;0;0;0m▀[0m[38;2;0;0;0m[48;2;0;0;0m▀[0m[38;2;165;171;171m[48;2;192;196;196m▀[0m[38;2;107;115;115m[48;2;84;94;92m▀[0m[38;2;229;229;229m[48;2;229;229;229m▀[0m[38;2;97;99;97m[48;2;180;182;180m▀[0m[38;2;219;222;219m[48;2;216;216;216m▀[0m[38;2;229;229;229m[48;2;229;229;229m▀[0m[38;2;229;229;229m[48;2;229;229;229m▀[0m[38;2;229;229;229m[48;2;229;229;229m▀[0m[38;2;121;125;122m[48;2;161;163;161m▀[0m[38;2;229;229;229m[48;2;193;197;193m▀[0m[38;2;137;149;145m[48;2;153;161;157m▀[0m[38;2;229;229;229m[48;2;229;229;229m▀[0m[38;2;229;229;229m[48;2;229;229;229m▀[0m[38;2;118;126;124m[48;2;94;102;101m▀[0m[38;2;0;0;0m[48;2;0;0;0m▀[0m[38;2;0;0;0m[48;2;0;0;0m▀[0m[38;2;0;0;0m[48;2;0;0;0m▀[0m[38;2;0;0;0m[48;2;0;0;0m▀[0m[38;2;0;0;0m[48;2;0;0;0m▀[0m[38;2;0;0;0m[48;2;0;0;0m▀[0m[38;2;0;0;0m[48;2;0;0;0m▀[0m[38;2;192;200;200m[48;2;29;39;39m▀[0m[38;2;229;229;229m[48;2;145;149;149m▀[0m[38;2;0;0;0m[48;2;0;0;0m▀[0m[38;2;0;0;0m[48;2;0;0;0m▀[0m[38;2;0;0;0m[48;2;0;0;0m▀[0m[38;2;0;0;0m[48;2;0;0;0m▀[0m[38;2;0;0;0m[48;2;0;0;0m▀[0m[38;2;0;0;0m[48;2;0;0;0m▀[0m[38;2;0;0;0m[48;2;0;0;0m▀[0m[38;2;0;0;0m[48;2;0;0;0m▀[0m[38;2;0;0;0m[48;2;39;42;42m▀[0m[38;2;0;0;0m[48;2;0;0;0m▀[0m[38;2;0;0;0m[48;2;0;0;0m▀[0m[38;2;0;0;0m[48;2;6;11;9m▀[0m[38;2;57;59;59m[48;2;19;25;24m▀[0m[38;2;32;34;34m[48;2;21;25;22m▀[0m[38;2;0;0;0m[48;2;49;52;49m▀[0m[38;2;0;0;0m[48;2;58;59;56m▀[0m[38;2;0;0;0m[48;2;50;51;48m▀[0m[38;2;0;0;0m[48;2;33;34;28m▀[0m[38;2;33;36;33m[48;2;0;0;0m▀[0m[38;2;182;188;188m[48;2;0;0;0m▀[0m[38;2;183;190;189m[48;2;166;169;171m▀[0m
[38;2;207;215;213m[48;2;51;53;53m▀[0m[38;2;88;94;88m[48;2;0;0;0m▀[0m[38;2;0;0;0m[48;2;0;0;0m▀[0m[38;2;0;0;0m[48;2;0;0;5m▀[0m[38;2;0;0;0m[48;2;51;56;60m▀[0m[38;2;54;60;63m[48;2;126;134;130m▀[0m[38;2;104;108;108m[48;2;181;189;182m▀[0m[38;2;126;130;133m[48;2;138;144;141m▀[0m[38;2;117;125;127m[48;2;159;160;153m▀[0m[38;2;123;121;126m[48;2;225;225;223m▀[0m[38;2;136;139;143m[48;2;229;229;229m▀[0m[38;2;127;127;136m[48;2;229;229;229m▀[0m[38;2;109;117;127m[48;2;219;214;213m▀[0m[38;2;39;47;54m[48;2;177;171;173m▀[0m[38;2;0;0;0m[48;2;99;96;99m▀[0m[38;2;55;55;57m[48;2;49;54;54m▀[0m[38;2;31;31;31m[48;2;175;179;181m▀[0m[38;2;0;0;0m[48;2;175;179;178m▀[0m[38;2;0;0;0m[48;2;135;134;135m▀[0m[38;2;0;0;0m[48;2;24;23;24m▀[0m[38;2;0;0;0m[48;2;0;0;0m▀[0m[38;2;0;0;0m[48;2;0;0;0m▀[0m[38;2;0;0;0m[48;2;0;0;0m▀[0m[38;2;0;0;0m[48;2;0;0;0m▀[0m[38;2;0;0;0m[48;2;0;0;0m▀[0m[38;2;0;0;0m[48;2;0;0;0m▀[0m[38;2;229;229;229m[48;2;229;229;229m▀[0m[38;2;0;0;0m[48;2;28;30;34m▀[0m[38;2;0;0;0m[48;2;0;0;0m▀[0m[38;2;0;0;0m[48;2;0;0;0m▀[0m[38;2;0;0;0m[48;2;0;0;0m▀[0m[38;2;14;16;18m[48;2;139;140;137m▀[0m[38;2;229;229;229m[48;2;181;185;182m▀[0m[38;2;80;87;85m[48;2;51;59;57m▀[0m[38;2;229;229;229m[48;2;229;229;229m▀[0m[38;2;229;229;229m[48;2;206;208;206m▀[0m[38;2;229;229;229m[48;2;229;229;229m▀[0m[38;2;229;229;229m[48;2;229;229;229m▀[0m[38;2;229;229;229m[48;2;229;229;229m▀[0m[38;2;229;229;229m[48;2;229;229;229m▀[0m[38;2;208;214;214m[48;2;208;208;209m▀[0m[38;2;189;192;189m[48;2;186;188;186m▀[0m[38;2;157;163;157m[48;2;191;193;191m▀[0m[38;2;229;229;229m[48;2;229;229;229m▀[0m[38;2;229;229;229m[48;2;193;198;198m▀[0m[38;2;66;72;69m[48;2;46;52;49m▀[0m[38;2;0;0;0m[48;2;0;0;0m▀[0m[38;2;0;0;0m[48;2;0;0;0m▀[0m[38;2;0;0;0m[48;2;0;0;0m▀[0m[38;2;0;0;0m[48;2;0;0;1m▀[0m[38;2;0;0;0m[48;2;0;0;1m▀[0m[38;2;0;0;0m[48;2;0;0;1m▀[0m[38;2;0;0;0m[48;2;0;0;0m▀[0m[38;2;0;0;0m[48;2;0;0;0m▀[0m[38;2;0;0;0m[48;2;0;0;0m▀[0m[38;2;0;0;0m[48;2;0;0;0m▀[0m[38;2;0;0;0m[48;2;0;0;0m▀[0m[38;2;0;0;0m[48;2;0;0;0m▀[0m[38;2;0;0;0m[48;2;0;0;0m▀[0m[38;2;0;0;0m[48;2;30;30;30m▀[0m[38;2;0;0;0m[48;2;131;136;136m▀[0m[38;2;36;40;40m[48;2;204;211;211m▀[0m[38;2;156;164;162m[48;2;107;110;110m▀[0m[38;2;38;44;47m[48;2;47;50;54m▀[0m[38;2;0;3;0m[48;2;165;172;169m▀[0m[38;2;74;88;81m[48;2;155;160;155m▀[0m[38;2;108;118;116m[48;2;152;152;152m▀[0m[38;2;111;118;118m[48;2;144;146;146m▀[0m[38;2;118;126;124m[48;2;148;146;152m▀[0m[38;2;122;129;127m[48;2;152;149;156m▀[0m[38;2;92;99;99m[48;2;148;148;150m▀[0m[38;2;102;108;111m[48;2;134;136;136m▀[0m[38;2;108;111;111m[48;2;93;99;99m▀[0m[38;2;54;53;50m[48;2;81;84;84m▀[0m[38;2;0;0;0m[48;2;8;10;8m▀[0m[38;2;0;0;0m[48;2;0;0;0m▀[0m
[38;2;0;0;0m[48;2;0;0;0m▀[0m[38;2;0;0;0m[48;2;0;0;0m▀[0m[38;2;0;0;0m[48;2;82;92;95m▀[0m[38;2;71;77;81m[48;2;108;116;116m▀[0m[38;2;114;119;120m[48;2;159;159;157m▀[0m[38;2;108;114;113m[48;2;128;128;129m▀[0m[38;2;108;114;113m[48;2;116;119;123m▀[0m[38;2;200;200;200m[48;2;184;186;188m▀[0m[38;2;229;229;229m[48;2;229;229;229m▀[0m[38;2;229;229;229m[48;2;229;229;229m▀[0m[38;2;229;229;229m[48;2;229;229;229m▀[0m[38;2;229;229;229m[48;2;229;229;229m▀[0m[38;2;229;229;229m[48;2;229;229;229m▀[0m[38;2;229;229;229m[48;2;229;229;229m▀[0m[38;2;229;229;229m[48;2;229;229;229m▀[0m[38;2;137;135;130m[48;2;229;229;229m▀[0m[38;2;43;49;45m[48;2;193;189;184m▀[0m[38;2;149;153;153m[48;2;82;86;86m▀[0m[38;2;229;229;229m[48;2;121;123;126m▀[0m[38;2;229;229;229m[48;2;229;229;229m▀[0m[38;2;229;229;229m[48;2;229;229;229m▀[0m[38;2;119;119;117m[48;2;229;229;229m▀[0m[38;2;0;0;0m[48;2;229;229;229m▀[0m[38;2;0;0;0m[48;2;60;63;57m▀[0m[38;2;0;0;0m[48;2;0;0;0m▀[0m[38;2;0;0;0m[48;2;0;0;0m▀[0m[38;2;142;144;142m[48;2;0;0;0m▀[0m[38;2;198;199;197m[48;2;229;229;229m▀[0m[38;2;0;0;0m[48;2;99;101;99m▀[0m[38;2;0;0;0m[48;2;0;0;0m▀[0m[38;2;0;0;0m[48;2;187;186;186m▀[0m[38;2;229;229;229m[48;2;205;204;204m▀[0m[38;2;0;0;0m[48;2;0;0;0m▀[0m[38;2;28;35;36m[48;2;32;36;33m▀[0m[38;2;215;218;216m[48;2;203;206;205m▀[0m[38;2;168;167;164m[48;2;216;216;213m▀[0m[38;2;229;229;229m[48;2;229;229;229m▀[0m[38;2;229;229;229m[48;2;229;229;229m▀[0m[38;2;229;229;229m[48;2;229;229;229m▀[0m[38;2;229;229;229m[48;2;229;229;229m▀[0m[38;2;200;200;202m[48;2;211;213;213m▀[0m[38;2;164;166;167m[48;2;162;162;162m▀[0m[38;2;219;218;216m[48;2;229;229;229m▀[0m[38;2;229;229;229m[48;2;229;229;229m▀[0m[38;2;168;176;174m[48;2;153;160;159m▀[0m[38;2;27;30;30m[48;2;0;0;0m▀[0m[38;2;0;0;0m[48;2;0;0;0m▀[0m[38;2;0;0;0m[48;2;0;0;0m▀[0m[38;2;0;0;0m[48;2;0;0;0m▀[0m[38;2;0;0;0m[48;2;0;0;0m▀[0m[38;2;0;0;0m[48;2;0;0;0m▀[0m[38;2;0;0;0m[48;2;0;0;0m▀[0m[38;2;0;0;0m[48;2;0;0;0m▀[0m[38;2;0;0;0m[48;2;0;0;0m▀[0m[38;2;0;0;0m[48;2;0;0;0m▀[0m[38;2;0;0;0m[48;2;0;0;0m▀[0m[38;2;0;0;0m[48;2;221;224;221m▀[0m[38;2;60;62;62m[48;2;229;229;229m▀[0m[38;2;222;225;223m[48;2;229;229;229m▀[0m[38;2;229;229;229m[48;2;229;229;229m▀[0m[38;2;229;229;229m[48;2;229;229;229m▀[0m[38;2;201;201;201m[48;2;58;72;81m▀[0m[38;2;40;44;41m[48;2;153;157;154m▀[0m[38;2;172;173;168m[48;2;229;229;229m▀[0m[38;2;220;220;218m[48;2;229;229;229m▀[0m[38;2;229;229;229m[48;2;229;229;229m▀[0m[38;2;217;215;218m[48;2;229;229;229m▀[0m[38;2;180;178;180m[48;2;229;229;229m▀[0m[38;2;162;160;162m[48;2;229;229;229m▀[0m[38;2;144;142;145m[48;2;229;229;229m▀[0m[38;2;133;133;133m[48;2;229;229;229m▀[0m[38;2;135;140;137m[48;2;180;183;184m▀[0m[38;2;153;157;154m[48;2;146;150;153m▀[0m[38;2;126;133;131m[48;2;190;197;199m▀[0m[38;2;33;36;36m[48;2;114;122;122m▀[0m[38;2;0;0;0m[48;2;0;0;0m▀[0m
[38;2;0;0;0m[48;2;0;0;0m▀[0m[38;2;30;36;36m[48;2;66;72;73m▀[0m[38;2;121;134;131m[48;2;153;160;158m▀[0m[38;2;147;150;147m[48;2;152;159;157m▀[0m[38;2;142;144;139m[48;2;225;225;225m▀[0m[38;2;229;229;229m[48;2;229;229;229m▀[0m[38;2;229;229;229m[48;2;229;229;229m▀[0m[38;2;128;131;132m[48;2;229;229;229m▀[0m[38;2;171;174;171m[48;2;108;110;112m▀[0m[38;2;229;229;229m[48;2;190;192;192m▀[0m[38;2;229;229;229m[48;2;229;229;229m▀[0m[38;2;229;229;229m[48;2;229;229;229m▀[0m[38;2;229;229;229m[48;2;228;228;228m▀[0m[38;2;229;229;229m[48;2;227;227;228m▀[0m[38;2;229;229;229m[48;2;229;229;229m▀[0m[38;2;229;229;229m[48;2;229;229;229m▀[0m[38;2;229;229;229m[48;2;229;229;229m▀[0m[38;2;229;229;229m[48;2;229;229;229m▀[0m[38;2;77;81;83m[48;2;219;220;217m▀[0m[38;2;163;165;165m[48;2;92;96;99m▀[0m[38;2;229;229;229m[48;2;229;229;229m▀[0m[38;2;229;229;229m[48;2;229;229;229m▀[0m[38;2;229;229;229m[48;2;229;229;229m▀[0m[38;2;229;229;229m[48;2;229;229;229m▀[0m[38;2;156;159;156m[48;2;229;229;229m▀[0m[38;2;0;0;0m[48;2;218;219;216m▀[0m[38;2;0;0;0m[48;2;0;0;0m▀[0m[38;2;138;141;141m[48;2;0;0;0m▀[0m[38;2;229;229;229m[48;2;229;229;229m▀[0m[38;2;229;229;229m[48;2;229;229;229m▀[0m[38;2;229;229;229m[48;2;137;141;144m▀[0m[38;2;0;0;0m[48;2;0;0;0m▀[0m[38;2;0;0;0m[48;2;0;0;0m▀[0m[38;2;23;27;24m[48;2;26;26;26m▀[0m[38;2;171;177;176m[48;2;146;153;153m▀[0m[38;2;169;175;175m[48;2;126;132;132m▀[0m[38;2;229;229;229m[48;2;229;229;229m▀[0m[38;2;229;229;229m[48;2;229;229;229m▀[0m[38;2;229;229;229m[48;2;229;229;229m▀[0m[38;2;229;229;229m[48;2;229;229;229m▀[0m[38;2;223;222;223m[48;2;229;229;229m▀[0m[38;2;153;154;153m[48;2;137;140;140m▀[0m[38;2;229;229;229m[48;2;218;217;215m▀[0m[38;2;229;229;229m[48;2;215;216;216m▀[0m[38;2;109;116;116m[48;2;81;90;90m▀[0m[38;2;73;71;71m[48;2;78;79;76m▀[0m[38;2;69;69;67m[48;2;229;229;229m▀[0m[38;2;0;0;0m[48;2;90;90;91m▀[0m[38;2;0;0;0m[48;2;0;0;0m▀[0m[38;2;0;0;0m[48;2;0;0;0m▀[0m[38;2;0;0;0m[48;2;0;0;0m▀[0m[38;2;0;0;0m[48;2;0;0;0m▀[0m[38;2;0;0;0m[48;2;0;0;0m▀[0m[38;2;0;0;0m[48;2;135;135;135m▀[0m[38;2;77;80;80m[48;2;229;229;229m▀[0m[38;2;229;229;229m[48;2;229;229;229m▀[0m[38;2;229;229;229m[48;2;229;229;229m▀[0m[38;2;229;229;229m[48;2;229;229;229m▀[0m[38;2;229;229;229m[48;2;229;229;229m▀[0m[38;2;229;229;229m[48;2;229;229;229m▀[0m[38;2;180;187;188m[48;2;229;229;229m▀[0m[38;2;159;174;183m[48;2;229;229;229m▀[0m[38;2;229;229;229m[48;2;229;229;229m▀[0m[38;2;229;229;229m[48;2;229;229;229m▀[0m[38;2;229;229;229m[48;2;219;221;221m▀[0m[38;2;229;229;229m[48;2;225;229;225m▀[0m[38;2;229;229;229m[48;2;229;229;229m▀[0m[38;2;229;229;229m[48;2;229;229;229m▀[0m[38;2;229;229;229m[48;2;217;221;218m▀[0m[38;2;229;229;229m[48;2;185;185;185m▀[0m[38;2;229;229;229m[48;2;140;145;144m▀[0m[38;2;229;229;229m[48;2;144;145;147m▀[0m[38;2;155;162;164m[48;2;162;164;166m▀[0m[38;2;103;110;113m[48;2;126;126;126m▀[0m[38;2;131;137;137m[48;2;169;172;170m▀[0m[38;2;0;0;0m[48;2;85;89;91m▀[0m
