[38;2;132;135;135m[48;2;133;135;135m▀[0m[38;2;133;135;135m[48;2;132;135;135m▀[0m[38;2;133;135;135m[48;2;133;135;135m▀[0m[38;2;133;135;133m[48;2;133;135;135m▀[0m[38;2;132;134;134m[48;2;133;135;135m▀[0m[38;2;135;135;135m[48;2;135;136;135m▀[0m[38;2;134;135;135m[48;2;136;137;135m▀[0m[38;2;140;141;138m[48;2;142;142;142m▀[0m[38;2;159;162;161m[48;2;153;155;156m▀[0m[38;2;165;165;163m[48;2;153;157;154m▀[0m[38;2;0;0;0m[48;2;0;0;0m▀[0m[38;2;0;0;0m[48;2;0;0;0m▀[0m[38;2;0;0;0m[48;2;0;0;0m▀[0m[38;2;130;133;133m[48;2;86;86;86m▀[0m[38;2;28;28;31m[48;2;86;86;86m▀[0m[38;2;0;0;0m[48;2;0;0;0m▀[0m[38;2;0;0;0m[48;2;0;0;0m▀[0m[38;2;0;0;0m[48;2;0;0;0m▀[0m[38;2;0;0;0m[48;2;7;9;9m▀[0m[38;2;176;178;178m[48;2;219;219;219m▀[0m[38;2;219;219;219m[48;2;219;219;219m▀[0m[38;2;219;219;219m[48;2;178;184;183m▀[0m[38;2;219;219;219m[48;2;181;187;187m▀[0m[38;2;219;219;219m[48;2;219;219;219m▀[0m[38;2;219;219;219m[48;2;219;219;219m▀[0m[38;2;219;40;34m[48;2;216;190;186m▀[0m[38;2;212;199;195m[48;2;219;0;0m▀[0m[38;2;219;39;28m[48;2;211;161;156m▀[0m[38;2;219;0;0m[48;2;219;0;0m▀[0m[38;2;219;0;0m[48;2;219;0;0m▀[0m[38;2;219;0;0m[48;2;219;0;0m▀[0m[38;2;219;43;22m[48;2;219;0;0m▀[0m[38;2;219;123;113m[48;2;219;90;77m▀[0m[38;2;219;219;219m[48;2;219;219;219m▀[0m[38;2;217;219;219m[48;2;219;219;219m▀[0m[38;2;216;219;219m[48;2;217;219;219m▀[0m[38;2;216;216;217m[48;2;216;216;217m▀[0m[38;2;217;217;218m[48;2;218;217;218m▀[0m[38;2;218;218;219m[48;2;218;216;219m▀[0m[38;2;217;217;217m[48;2;217;217;217m▀[0m[38;2;216;216;216m[48;2;217;217;217m▀[0m[38;2;218;218;219m[48;2;219;219;219m▀[0m[38;2;219;219;219m[48;2;219;219;219m▀[0m[38;2;219;219;219m[48;2;219;219;219m▀[0m[38;2;73;79;79m[48;2;8;13;14m▀[0m[38;2;0;0;0m[48;2;0;0;0m▀[0m[38;2;5;6;6m[48;2;0;0;0m▀[0m[38;2;110;112;113m[48;2;0;0;0m▀[0m[38;2;143;145;147m[48;2;0;0;0m▀[0m[38;2;82;82;83m[48;2;0;0;0m▀[0m[38;2;0;0;0m[48;2;0;0;0m▀[0m[38;2;17;19;20m[48;2;219;219;219m▀[0m[38;2;219;219;219m[48;2;219;219;219m▀[0m[38;2;122;127;126m[48;2;105;113;112m▀[0m[38;2;135;190;192m[48;2;165;191;189m▀[0m[38;2;162;116;114m[48;2;141;219;217m▀[0m[38;2;219;0;0m[48;2;219;0;0m▀[0m[38;2;96;0;0m[48;2;219;0;0m▀[0m[38;2;0;0;0m[48;2;0;0;0m▀[0m[38;2;0;0;0m[48;2;0;0;0m▀[0m[38;2;116;0;0m[48;2;0;0;3m▀[0m[38;2;219;0;0m[48;2;219;0;0m▀[0m[38;2;219;0;0m[48;2;219;0;0m▀[0m[38;2;100;6;3m[48;2;0;2;6m▀[0m[38;2;0;10;11m[48;2;0;0;3m▀[0m[38;2;0;4;4m[48;2;206;0;0m▀[0m[38;2;219;0;0m[48;2;219;0;0m▀[0m[38;2;219;0;0m[48;2;219;0;0m▀[0m[38;2;219;0;0m[48;2;219;0;0m▀[0m[38;2;219;0;0m[48;2;219;0;0m▀[0m[38;2;219;0;0m[48;2;219;0;0m▀[0m[38;2;219;0;0m[48;2;149;0;0m▀[0m[38;2;219;213;207m[48;2;219;174;161m▀[0m[38;2;212;219;219m[48;2;58;152;158m▀[0m[38;2;137;150;152m[48;2;0;0;0m▀[0m[38;2;64;71;73m[48;2;6;9;10m▀[0m
[38;2;133;135;135m[48;2;136;134;134m▀[0m[38;2;133;135;135m[48;2;136;138;138m▀[0m[38;2;133;135;135m[48;2;141;141;141m▀[0m[38;2;134;135;135m[48;2;136;135;136m▀[0m[38;2;134;135;135m[48;2;135;136;134m▀[0m[38;2;134;135;135m[48;2;134;137;137m▀[0m[38;2;138;137;137m[48;2;141;142;142m▀[0m[38;2;153;153;155m[48;2;161;161;163m▀[0m[38;2;124;127;130m[48;2;107;112;113m▀[0m[38;2;130;134;131m[48;2;103;106;104m▀[0m[38;2;0;0;0m[48;2;0;0;0m▀[0m[38;2;0;0;0m[48;2;0;0;0m▀[0m[38;2;0;0;0m[48;2;0;0;0m▀[0m[38;2;23;23;24m[48;2;0;0;0m▀[0m[38;2;119;121;121m[48;2;114;116;116m▀[0m[38;2;0;0;0m[48;2;0;0;0m▀[0m[38;2;0;0;0m[48;2;0;0;0m▀[0m[38;2;0;0;0m[48;2;0;0;0m▀[0m[38;2;127;129;129m[48;2;206;204;207m▀[0m[38;2;219;219;219m[48;2;219;219;219m▀[0m[38;2;199;202;202m[48;2;122;129;129m▀[0m[38;2;102;111;114m[48;2;141;144;144m▀[0m[38;2;211;216;214m[48;2;219;219;219m▀[0m[38;2;219;219;219m[48;2;219;219;219m▀[0m[38;2;219;219;219m[48;2;219;219;219m▀[0m[38;2;219;219;219m[48;2;216;219;219m▀[0m[38;2;215;188;185m[48;2;219;219;219m▀[0m[38;2;219;36;35m[48;2;219;219;219m▀[0m[38;2;219;35;31m[48;2;217;219;219m▀[0m[38;2;219;0;0m[48;2;207;215;210m▀[0m[38;2;219;0;0m[48;2;219;0;0m▀[0m[38;2;219;0;0m[48;2;219;0;0m▀[0m[38;2;219;103;92m[48;2;219;9;0m▀[0m[38;2;219;219;219m[48;2;214;219;219m▀[0m[38;2;216;219;219m[48;2;217;219;219m▀[0m[38;2;216;219;219m[48;2;216;219;219m▀[0m[38;2;216;216;216m[48;2;217;217;219m▀[0m[38;2;216;216;217m[48;2;219;219;219m▀[0m[38;2;217;217;217m[48;2;217;216;217m▀[0m[38;2;216;216;216m[48;2;216;216;216m▀[0m[38;2;216;216;216m[48;2;216;216;216m▀[0m[38;2;219;219;219m[48;2;219;219;219m▀[0m[38;2;219;219;219m[48;2;219;219;219m▀[0m[38;2;219;219;219m[48;2;219;219;219m▀[0m[38;2;57;62;62m[48;2;37;43;43m▀[0m[38;2;0;0;0m[48;2;0;0;0m▀[0m[38;2;0;0;0m[48;2;0;0;0m▀[0m[38;2;0;0;0m[48;2;0;0;0m▀[0m[38;2;0;0;0m[48;2;0;0;0m▀[0m[38;2;0;0;0m[48;2;0;0;0m▀[0m[38;2;31;31;32m[48;2;0;0;0m▀[0m[38;2;219;219;219m[48;2;219;219;219m▀[0m[38;2;202;204;203m[48;2;198;201;202m▀[0m[38;2;122;128;127m[48;2;192;196;192m▀[0m[38;2;184;196;192m[48;2;219;219;219m▀[0m[38;2;150;219;217m[48;2;143;169;166m▀[0m[38;2;21;15;14m[48;2;0;0;0m▀[0m[38;2;219;0;0m[48;2;168;0;0m▀[0m[38;2;219;0;0m[48;2;219;0;0m▀[0m[38;2;9;0;4m[48;2;219;0;0m▀[0m[38;2;0;0;0m[48;2;97;0;0m▀[0m[38;2;114;0;0m[48;2;53;4;0m▀[0m[38;2;219;5;0m[48;2;195;6;0m▀[0m[38;2;0;0;4m[48;2;0;5;7m▀[0m[38;2;77;0;0m[48;2;219;0;0m▀[0m[38;2;219;0;0m[48;2;219;0;0m▀[0m[38;2;219;0;0m[48;2;219;0;0m▀[0m[38;2;219;0;0m[48;2;219;0;0m▀[0m[38;2;219;0;0m[48;2;219;0;0m▀[0m[38;2;219;0;0m[48;2;219;0;0m▀[0m[38;2;134;0;0m[48;2;0;0;0m▀[0m[38;2;0;0;0m[48;2;0;0;0m▀[0m[38;2;219;107;89m[48;2;153;0;0m▀[0m[38;2;219;219;219m[48;2;42;94;98m▀[0m[38;2;159;166;168m[48;2;189;198;198m▀[0m[38;2;23;30;33m[48;2;219;219;219m▀[0m
[38;2;139;141;139m[48;2;142;143;141m▀[0m[38;2;128;129;129m[48;2;141;142;142m▀[0m[38;2;135;136;137m[48;2;32;34;36m▀[0m[38;2;153;154;153m[48;2;116;121;122m▀[0m[38;2;138;140;141m[48;2;182;184;184m▀[0m[38;2;142;145;145m[48;2;155;158;159m▀[0m[38;2;159;162;162m[48;2;187;193;193m▀[0m[38;2;136;136;136m[48;2;53;56;56m▀[0m[38;2;87;90;91m[48;2;92;97;96m▀[0m[38;2;52;55;53m[48;2;0;0;0m▀[0m[38;2;0;0;0m[48;2;0;0;0m▀[0m[38;2;0;0;0m[48;2;0;0;0m▀[0m[38;2;0;0;0m[48;2;0;0;0m▀[0m[38;2;0;0;0m[48;2;0;0;0m▀[0m[38;2;93;92;97m[48;2;73;76;78m▀[0m[38;2;0;1;1m[48;2;9;11;11m▀[0m[38;2;0;0;0m[48;2;0;0;0m▀[0m[38;2;0;0;0m[48;2;0;0;0m▀[0m[38;2;219;219;219m[48;2;219;219;219m▀[0m[38;2;219;219;219m[48;2;219;219;219m▀[0m[38;2;129;137;137m[48;2;170;174;171m▀[0m[38;2;187;190;188m[48;2;219;219;219m▀[0m[38;2;219;219;219m[48;2;219;219;219m▀[0m[38;2;219;219;219m[48;2;219;219;219m▀[0m[38;2;219;219;219m[48;2;215;203;202m▀[0m[38;2;216;219;219m[48;2;211;208;202m▀[0m[38;2;215;219;219m[48;2;219;219;219m▀[0m[38;2;215;219;219m[48;2;219;219;219m▀[0m[38;2;219;219;219m[48;2;214;219;219m▀[0m[38;2;219;165;157m[48;2;219;16;8m▀[0m[38;2;219;0;0m[48;2;219;0;0m▀[0m[38;2;219;0;0m[48;2;208;202;196m▀[0m[38;2;219;0;0m[48;2;219;0;0m▀[0m[38;2;209;195;186m[48;2;219;79;70m▀[0m[38;2;216;219;219m[48;2;214;219;219m▀[0m[38;2;219;219;219m[48;2;219;219;219m▀[0m[38;2;219;219;219m[48;2;219;219;219m▀[0m[38;2;219;219;219m[48;2;219;219;219m▀[0m[38;2;219;219;219m[48;2;163;168;167m▀[0m[38;2;219;219;219m[48;2;219;219;219m▀[0m[38;2;219;219;219m[48;2;219;219;219m▀[0m[38;2;219;219;219m[48;2;219;219;219m▀[0m[38;2;219;219;219m[48;2;219;219;219m▀[0m[38;2;219;219;219m[48;2;139;141;139m▀[0m[38;2;0;0;0m[48;2;0;0;0m▀[0m[38;2;0;0;0m[48;2;0;0;0m▀[0m[38;2;0;0;0m[48;2;0;0;0m▀[0m[38;2;0;0;0m[48;2;0;0;1m▀[0m[38;2;0;0;0m[48;2;0;0;0m▀[0m[38;2;0;0;0m[48;2;0;0;0m▀[0m[38;2;0;0;0m[48;2;0;0;0m▀[0m[38;2;0;0;0m[48;2;0;0;0m▀[0m[38;2;15;18;18m[48;2;0;0;0m▀[0m[38;2;97;98;94m[48;2;0;0;0m▀[0m[38;2;162;169;167m[48;2;0;0;0m▀[0m[38;2;62;77;78m[48;2;0;0;0m▀[0m[38;2;36;82;79m[48;2;11;28;28m▀[0m[38;2;110;159;155m[48;2;29;75;77m▀[0m[38;2;219;0;0m[48;2;0;0;0m▀[0m[38;2;219;0;0m[48;2;100;0;0m▀[0m[38;2;219;0;0m[48;2;219;0;0m▀[0m[38;2;219;0;0m[48;2;219;0;0m▀[0m[38;2;219;0;0m[48;2;219;0;0m▀[0m[38;2;219;0;0m[48;2;219;0;0m▀[0m[38;2;219;0;0m[48;2;219;0;0m▀[0m[38;2;219;0;0m[48;2;219;0;0m▀[0m[38;2;219;0;0m[48;2;219;0;0m▀[0m[38;2;219;0;0m[48;2;196;6;0m▀[0m[38;2;219;0;0m[48;2;54;4;0m▀[0m[38;2;33;2;0m[48;2;0;0;0m▀[0m[38;2;0;0;0m[48;2;78;0;0m▀[0m[38;2;131;0;0m[48;2;219;0;0m▀[0m[38;2;51;0;0m[48;2;0;0;0m▀[0m[38;2;0;0;0m[48;2;0;0;0m▀[0m[38;2;0;0;0m[48;2;0;0;0m▀[0m[38;2;219;219;219m[48;2;12;15;15m▀[0m
[38;2;140;141;138m[48;2;164;165;164m▀[0m[38;2;164;165;162m[48;2;155;157;158m▀[0m[38;2;80;82;83m[48;2;159;159;159m▀[0m[38;2;0;0;0m[48;2;0;0;0m▀[0m[38;2;72;70;73m[48;2;0;0;0m▀[0m[38;2;213;215;217m[48;2;42;45;45m▀[0m[38;2;132;135;138m[48;2;0;0;0m▀[0m[38;2;5;6;6m[48;2;31;33;33m▀[0m[38;2;72;74;73m[48;2;6;5;5m▀[0m[38;2;0;0;0m[48;2;0;0;0m▀[0m[38;2;0;0;0m[48;2;0;0;0m▀[0m[38;2;0;0;0m[48;2;0;0;0m▀[0m[38;2;0;0;0m[48;2;0;0;0m▀[0m[38;2;0;0;0m[48;2;0;0;0m▀[0m[38;2;65;67;67m[48;2;68;71;71m▀[0m[38;2;14;17;17m[48;2;24;25;25m▀[0m[38;2;0;0;0m[48;2;0;0;0m▀[0m[38;2;0;0;0m[48;2;0;0;0m▀[0m[38;2;219;219;219m[48;2;219;219;219m▀[0m[38;2;219;219;219m[48;2;219;219;219m▀[0m[38;2;219;219;219m[48;2;219;219;219m▀[0m[38;2;219;219;219m[48;2;215;215;216m▀[0m[38;2;219;219;219m[48;2;216;216;219m▀[0m[38;2;215;219;219m[48;2;215;219;219m▀[0m[38;2;213;215;216m[48;2;215;219;219m▀[0m[38;2;219;55;43m[48;2;217;200;196m▀[0m[38;2;219;135;128m[48;2;219;0;0m▀[0m[38;2;212;219;219m[48;2;219;0;0m▀[0m[38;2;219;97;87m[48;2;219;0;0m▀[0m[38;2;219;0;0m[48;2;219;60;53m▀[0m[38;2;219;157;151m[48;2;215;219;219m▀[0m[38;2;214;219;219m[48;2;219;219;219m▀[0m[38;2;219;0;0m[48;2;219;71;65m▀[0m[38;2;219;0;0m[48;2;219;0;0m▀[0m[38;2;216;219;219m[48;2;217;219;219m▀[0m[38;2;219;219;219m[48;2;219;219;219m▀[0m[38;2;219;219;219m[48;2;187;195;193m▀[0m[38;2;58;65;67m[48;2;130;133;132m▀[0m[38;2;140;143;143m[48;2;219;219;217m▀[0m[38;2;219;219;219m[48;2;219;219;219m▀[0m[38;2;219;219;219m[48;2;219;219;219m▀[0m[38;2;219;219;219m[48;2;219;219;219m▀[0m[38;2;219;219;219m[48;2;165;165;163m▀[0m[38;2;6;5;5m[48;2;0;0;0m▀[0m[38;2;15;20;23m[48;2;58;61;62m▀[0m[38;2;0;0;0m[48;2;0;0;0m▀[0m[38;2;0;0;0m[48;2;0;0;0m▀[0m[38;2;0;0;0m[48;2;0;0;0m▀[0m[38;2;0;0;1m[48;2;0;0;1m▀[0m[38;2;1;0;1m[48;2;1;0;1m▀[0m[38;2;0;0;0m[48;2;1;0;0m▀[0m[38;2;0;0;0m[48;2;0;0;0m▀[0m[38;2;0;0;0m[48;2;0;0;0m▀[0m[38;2;0;0;0m[48;2;0;0;0m▀[0m[38;2;0;0;0m[48;2;0;0;0m▀[0m[38;2;0;0;0m[48;2;0;0;0m▀[0m[38;2;0;0;0m[48;2;0;0;0m▀[0m[38;2;0;0;0m[48;2;0;0;0m▀[0m[38;2;0;0;0m[48;2;0;0;0m▀[0m[38;2;0;0;0m[48;2;0;0;0m▀[0m[38;2;0;0;0m[48;2;0;0;0m▀[0m[38;2;101;0;0m[48;2;0;44;54m▀[0m[38;2;219;0;0m[48;2;157;21;15m▀[0m[38;2;219;0;0m[48;2;219;0;0m▀[0m[38;2;219;0;0m[48;2;219;0;0m▀[0m[38;2;219;0;0m[48;2;219;0;0m▀[0m[38;2;165;0;0m[48;2;34;6;3m▀[0m[38;2;0;4;11m[48;2;116;1;0m▀[0m[38;2;0;0;3m[48;2;219;5;0m▀[0m[38;2;143;0;0m[48;2;219;0;0m▀[0m[38;2;219;0;0m[48;2;0;0;4m▀[0m[38;2;4;3;3m[48;2;0;0;1m▀[0m[38;2;0;0;0m[48;2;0;0;0m▀[0m[38;2;0;0;0m[48;2;0;0;0m▀[0m[38;2;0;0;0m[48;2;0;0;0m▀[0m[38;2;28;33;33m[48;2;0;0;0m▀[0m
[38;2;92;98;97m[48;2;0;0;0m▀[0m[38;2;181;183;181m[48;2;61;67;64m▀[0m[38;2;190;185;189m[48;2;184;188;185m▀[0m[38;2;110;111;111m[48;2;186;188;188m▀[0m[38;2;0;0;0m[48;2;0;0;0m▀[0m[38;2;0;0;0m[48;2;0;0;0m▀[0m[38;2;0;0;0m[48;2;0;0;0m▀[0m[38;2;0;0;0m[48;2;0;0;0m▀[0m[38;2;0;0;0m[48;2;0;0;0m▀[0m[38;2;0;0;0m[48;2;0;0;0m▀[0m[38;2;0;0;0m[48;2;0;0;0m▀[0m[38;2;0;0;0m[48;2;0;0;0m▀[0m[38;2;0;0;0m[48;2;0;0;0m▀[0m[38;2;0;0;0m[48;2;0;0;0m▀[0m[38;2;83;83;83m[48;2;94;95;92m▀[0m[38;2;32;34;35m[48;2;40;42;40m▀[0m[38;2;0;0;0m[48;2;0;0;0m▀[0m[38;2;0;0;0m[48;2;0;0;0m▀[0m[38;2;219;219;219m[48;2;219;219;219m▀[0m[38;2;219;219;219m[48;2;219;219;219m▀[0m[38;2;219;219;219m[48;2;219;219;219m▀[0m[38;2;216;216;216m[48;2;219;219;219m▀[0m[38;2;216;216;217m[48;2;217;217;217m▀[0m[38;2;215;219;219m[48;2;215;218;215m▀[0m[38;2;215;219;219m[48;2;219;219;219m▀[0m[38;2;219;219;219m[48;2;215;219;219m▀[0m[38;2;219;219;219m[48;2;202;219;219m▀[0m[38;2;215;214;211m[48;2;219;219;219m▀[0m[38;2;210;217;213m[48;2;219;219;219m▀[0m[38;2;213;219;219m[48;2;219;219;219m▀[0m[38;2;219;219;219m[48;2;219;219;219m▀[0m[38;2;219;219;219m[48;2;219;219;219m▀[0m[38;2;219;152;142m[48;2;219;149;136m▀[0m[38;2;219;0;0m[48;2;219;0;0m▀[0m[38;2;219;219;219m[48;2;217;219;219m▀[0m[38;2;219;219;219m[48;2;219;219;219m▀[0m[38;2;194;199;199m[48;2;219;219;219m▀[0m[38;2;212;212;212m[48;2;219;219;219m▀[0m[38;2;219;219;219m[48;2;219;219;219m▀[0m[38;2;219;219;219m[48;2;219;219;219m▀[0m[38;2;219;219;219m[48;2;219;219;219m▀[0m[38;2;219;219;219m[48;2;219;219;219m▀[0m[38;2;12;14;9m[48;2;8;11;8m▀[0m[38;2;86;87;89m[48;2;104;105;107m▀[0m[38;2;6;4;6m[48;2;0;0;0m▀[0m[38;2;0;0;0m[48;2;0;0;0m▀[0m[38;2;0;0;0m[48;2;0;0;0m▀[0m[38;2;0;0;0m[48;2;0;0;1m▀[0m[38;2;0;0;0m[48;2;0;0;0m▀[0m[38;2;0;0;0m[48;2;0;0;0m▀[0m[38;2;0;0;0m[48;2;0;0;0m▀[0m[38;2;0;0;0m[48;2;1;1;1m▀[0m[38;2;1;1;1m[48;2;0;0;0m▀[0m[38;2;0;0;0m[48;2;8;1;1m▀[0m[38;2;0;0;0m[48;2;3;2;2m▀[0m[38;2;0;0;0m[48;2;0;0;0m▀[0m[38;2;0;0;0m[48;2;0;0;0m▀[0m[38;2;0;0;0m[48;2;0;0;0m▀[0m[38;2;0;0;0m[48;2;24;26;27m▀[0m[38;2;0;0;0m[48;2;196;208;209m▀[0m[38;2;62;92;95m[48;2;92;127;130m▀[0m[38;2;61;168;171m[48;2;0;0;0m▀[0m[38;2;0;13;17m[48;2;85;0;0m▀[0m[38;2;219;0;0m[48;2;219;0;0m▀[0m[38;2;219;0;0m[48;2;219;0;0m▀[0m[38;2;219;0;0m[48;2;219;0;0m▀[0m[38;2;219;0;0m[48;2;219;0;0m▀[0m[38;2;219;6;0m[48;2;16;0;3m▀[0m[38;2;219;0;0m[48;2;0;0;3m▀[0m[38;2;0;1;5m[48;2;0;0;1m▀[0m[38;2;0;0;1m[48;2;0;0;0m▀[0m[38;2;0;0;0m[48;2;34;6;6m▀[0m[38;2;0;0;0m[48;2;11;3;1m▀[0m[38;2;0;0;0m[48;2;0;0;0m▀[0m[38;2;0;0;0m[48;2;0;0;0m▀[0m[38;2;0;0;0m[48;2;0;0;1m▀[0m
[38;2;0;0;0m[48;2;0;0;0m▀[0m[38;2;0;0;0m[48;2;0;0;0m▀[0m[38;2;120;123;121m[48;2;0;0;0m▀[0m[38;2;219;219;219m[48;2;65;67;67m▀[0m[38;2;129;128;129m[48;2;149;154;154m▀[0m[38;2;0;0;0m[48;2;173;172;171m▀[0m[38;2;0;0;0m[48;2;1;3;1m▀[0m[38;2;0;0;0m[48;2;0;0;0m▀[0m[38;2;0;0;0m[48;2;0;0;0m▀[0m[38;2;0;0;1m[48;2;0;0;0m▀[0m[38;2;0;0;0m[48;2;0;0;0m▀[0m[38;2;0;0;0m[48;2;0;0;0m▀[0m[38;2;0;0;0m[48;2;0;0;0m▀[0m[38;2;0;0;0m[48;2;0;0;0m▀[0m[38;2;108;109;106m[48;2;139;138;135m▀[0m[38;2;30;31;31m[48;2;10;10;10m▀[0m[38;2;0;0;0m[48;2;0;0;0m▀[0m[38;2;0;0;0m[48;2;0;0;0m▀[0m[38;2;191;191;187m[48;2;135;135;132m▀[0m[38;2;219;219;219m[48;2;219;219;219m▀[0m[38;2;219;219;219m[48;2;219;219;219m▀[0m[38;2;218;218;219m[48;2;219;219;219m▀[0m[38;2;216;216;217m[48;2;217;217;217m▀[0m[38;2;215;218;215m[48;2;217;217;219m▀[0m[38;2;219;219;219m[48;2;219;219;219m▀[0m[38;2;197;203;203m[48;2;169;172;170m▀[0m[38;2;185;201;201m[48;2;188;196;192m▀[0m[38;2;219;219;219m[48;2;219;219;219m▀[0m[38;2;214;147;141m[48;2;219;61;49m▀[0m[38;2;219;219;219m[48;2;219;0;0m▀[0m[38;2;219;219;219m[48;2;219;123;116m▀[0m[38;2;213;219;219m[48;2;219;14;0m▀[0m[38;2;219;0;0m[48;2;219;0;0m▀[0m[38;2;219;0;0m[48;2;219;120;107m▀[0m[38;2;217;219;219m[48;2;219;219;219m▀[0m[38;2;219;219;219m[48;2;219;219;219m▀[0m[38;2;216;219;219m[48;2;216;219;219m▀[0m[38;2;217;217;219m[48;2;215;217;217m▀[0m[38;2;215;219;216m[48;2;217;219;219m▀[0m[38;2;219;219;219m[48;2;219;219;219m▀[0m[38;2;219;219;219m[48;2;219;219;219m▀[0m[38;2;219;219;219m[48;2;219;219;219m▀[0m[38;2;0;0;0m[48;2;0;0;0m▀[0m[38;2;69;73;73m[48;2;55;61;61m▀[0m[38;2;0;0;0m[48;2;0;0;0m▀[0m[38;2;0;0;0m[48;2;0;0;0m▀[0m[38;2;0;0;0m[48;2;0;0;0m▀[0m[38;2;0;0;0m[48;2;0;0;0m▀[0m[38;2;0;0;0m[48;2;0;0;0m▀[0m[38;2;0;0;0m[48;2;0;0;0m▀[0m[38;2;0;0;0m[48;2;0;0;0m▀[0m[38;2;0;0;0m[48;2;0;0;0m▀[0m[38;2;0;0;0m[48;2;0;0;0m▀[0m[38;2;7;1;1m[48;2;0;0;0m▀[0m[38;2;92;11;7m[48;2;63;3;0m▀[0m[38;2;0;0;0m[48;2;157;3;0m▀[0m[38;2;0;0;0m[48;2;0;0;0m▀[0m[38;2;0;0;0m[48;2;0;2;3m▀[0m[38;2;149;165;169m[48;2;0;18;18m▀[0m[38;2;39;59;62m[48;2;0;0;0m▀[0m[38;2;0;0;0m[48;2;40;0;0m▀[0m[38;2;109;0;0m[48;2;153;4;0m▀[0m[38;2;105;0;0m[48;2;153;0;0m▀[0m[38;2;219;0;0m[48;2;219;0;0m▀[0m[38;2;219;0;0m[48;2;219;0;0m▀[0m[38;2;0;6;2m[48;2;0;1;3m▀[0m[38;2;0;0;1m[48;2;0;0;0m▀[0m[38;2;0;0;0m[48;2;0;0;1m▀[0m[38;2;0;0;1m[48;2;0;0;1m▀[0m[38;2;0;0;3m[48;2;0;0;0m▀[0m[38;2;0;0;0m[48;2;14;1;0m▀[0m[38;2;216;4;0m[48;2;210;0;0m▀[0m[38;2;97;4;0m[48;2;65;1;0m▀[0m[38;2;0;0;0m[48;2;0;0;1m▀[0m[38;2;0;0;1m[48;2;0;0;1m▀[0m[38;2;0;0;1m[48;2;0;0;1m▀[0m
[38;2;0;0;0m[48;2;0;0;0m▀[0m[38;2;33;36;39m[48;2;0;0;0m▀[0m[38;2;95;97;97m[48;2;144;147;147m▀[0m[38;2;32;34;34m[48;2;184;186;186m▀[0m[38;2;0;0;0m[48;2;153;154;154m▀[0m[38;2;47;49;47m[48;2;91;91;89m▀[0m[38;2;135;135;133m[48;2;77;75;73m▀[0m[38;2;5;4;4m[48;2;34;33;33m▀[0m[38;2;0;0;0m[48;2;0;0;0m▀[0m[38;2;0;0;0m[48;2;0;0;0m▀[0m[38;2;0;0;0m[48;2;0;0;0m▀[0m[38;2;0;0;0m[48;2;0;0;0m▀[0m[38;2;0;0;0m[48;2;0;0;0m▀[0m[38;2;0;0;0m[48;2;0;0;0m▀[0m[38;2;201;201;201m[48;2;219;219;219m▀[0m[38;2;0;0;0m[48;2;83;86;86m▀[0m[38;2;0;0;0m[48;2;0;0;0m▀[0m[38;2;0;0;0m[48;2;0;0;0m▀[0m[38;2;55;54;54m[48;2;0;0;0m▀[0m[38;2;219;219;219m[48;2;219;219;219m▀[0m[38;2;219;219;219m[48;2;219;219;219m▀[0m[38;2;219;219;219m[48;2;219;219;219m▀[0m[38;2;219;219;219m[48;2;219;219;219m▀[0m[38;2;219;219;219m[48;2;219;219;219m▀[0m[38;2;219;219;219m[48;2;219;219;219m▀[0m[38;2;159;163;160m[48;2;135;138;135m▀[0m[38;2;193;198;199m[48;2;183;188;189m▀[0m[38;2;219;219;219m[48;2;219;219;219m▀[0m[38;2;219;219;219m[48;2;219;219;219m▀[0m[38;2;219;0;0m[48;2;219;219;219m▀[0m[38;2;219;0;0m[48;2;219;143;141m▀[0m[38;2;219;0;0m[48;2;219;135;128m▀[0m[38;2;219;20;6m[48;2;216;219;219m▀[0m[38;2;195;219;219m[48;2;107;147;151m▀[0m[38;2;191;218;219m[48;2;214;219;219m▀[0m[38;2;219;219;219m[48;2;219;219;219m▀[0m[38;2;219;219;219m[48;2;219;219;219m▀[0m[38;2;219;219;219m[48;2;219;219;219m▀[0m[38;2;219;219;219m[48;2;219;219;219m▀[0m[38;2;219;219;219m[48;2;219;219;219m▀[0m[38;2;219;219;219m[48;2;219;219;219m▀[0m[38;2;163;165;163m[48;2;57;60;57m▀[0m[38;2;0;0;0m[48;2;0;0;0m▀[0m[38;2;84;87;87m[48;2;48;48;51m▀[0m[38;2;0;0;0m[48;2;73;76;77m▀[0m[38;2;12;11;11m[48;2;197;204;202m▀[0m[38;2;47;46;46m[48;2;172;175;175m▀[0m[38;2;25;25;25m[48;2;173;175;175m▀[0m[38;2;0;0;0m[48;2;27;30;27m▀[0m[38;2;0;0;0m[48;2;0;0;0m▀[0m[38;2;0;0;1m[48;2;0;1;1m▀[0m[38;2;0;0;0m[48;2;0;0;0m▀[0m[38;2;0;0;0m[48;2;0;0;0m▀[0m[38;2;38;0;0m[48;2;132;0;0m▀[0m[38;2;0;0;1m[48;2;219;0;0m▀[0m[38;2;86;6;0m[48;2;3;0;2m▀[0m[38;2;148;3;0m[48;2;88;3;0m▀[0m[38;2;0;0;0m[48;2;219;0;0m▀[0m[38;2;0;0;0m[48;2;219;0;0m▀[0m[38;2;0;0;0m[48;2;219;0;0m▀[0m[38;2;219;0;0m[48;2;219;0;0m▀[0m[38;2;130;1;0m[48;2;23;6;0m▀[0m[38;2;219;0;0m[48;2;219;0;0m▀[0m[38;2;219;0;0m[48;2;219;0;0m▀[0m[38;2;219;0;0m[48;2;219;0;0m▀[0m[38;2;219;0;0m[48;2;219;0;0m▀[0m[38;2;0;0;4m[48;2;219;0;0m▀[0m[38;2;0;0;0m[48;2;20;7;11m▀[0m[38;2;0;0;0m[48;2;66;16;8m▀[0m[38;2;50;2;0m[48;2;100;8;1m▀[0m[38;2;219;5;0m[48;2;0;1;3m▀[0m[38;2;6;6;2m[48;2;0;7;4m▀[0m[38;2;149;6;0m[48;2;219;0;0m▀[0m[38;2;0;0;1m[48;2;0;0;3m▀[0m[38;2;0;0;0m[48;2;0;0;1m▀[0m[38;2;0;0;0m[48;2;0;0;0m▀[0m
[38;2;0;0;0m[48;2;0;0;0m▀[0m[38;2;0;0;0m[48;2;0;0;0m▀[0m[38;2;0;0;0m[48;2;0;0;0m▀[0m[38;2;78;79;80m[48;2;128;130;130m▀[0m[38;2;188;190;188m[48;2;168;172;171m▀[0m[38;2;169;170;167m[48;2;143;145;145m▀[0m[38;2;176;176;177m[48;2;155;157;158m▀[0m[38;2;141;141;139m[48;2;170;173;173m▀[0m[38;2;52;51;51m[48;2;159;163;162m▀[0m[38;2;5;5;5m[48;2;141;143;143m▀[0m[38;2;0;0;0m[48;2;89;91;91m▀[0m[38;2;0;0;0m[48;2;46;46;46m▀[0m[38;2;0;0;0m[48;2;0;0;0m▀[0m[38;2;0;0;0m[48;2;0;0;0m▀[0m[38;2;9;12;12m[48;2;0;0;0m▀[0m[38;2;219;219;219m[48;2;36;36;36m▀[0m[38;2;115;115;115m[48;2;219;219;219m▀[0m[38;2;0;0;0m[48;2;182;180;183m▀[0m[38;2;0;0;0m[48;2;0;0;0m▀[0m[38;2;219;219;219m[48;2;15;15;13m▀[0m[38;2;219;219;219m[48;2;51;54;54m▀[0m[38;2;219;219;219m[48;2;9;7;10m▀[0m[38;2;219;219;219m[48;2;4;2;5m▀[0m[38;2;219;219;219m[48;2;6;8;9m▀[0m[38;2;219;219;219m[48;2;24;26;28m▀[0m[38;2;113;114;111m[48;2;8;8;8m▀[0m[38;2;149;155;151m[48;2;13;16;13m▀[0m[38;2;219;219;219m[48;2;202;203;201m▀[0m[38;2;219;219;219m[48;2;216;219;219m▀[0m[38;2;219;219;219m[48;2;219;219;219m▀[0m[38;2;219;219;219m[48;2;219;219;219m▀[0m[38;2;219;219;219m[48;2;219;219;219m▀[0m[38;2;113;138;138m[48;2;216;219;219m▀[0m[38;2;203;215;215m[48;2;219;219;219m▀[0m[38;2;219;219;219m[48;2;219;219;219m▀[0m[38;2;219;219;219m[48;2;219;219;219m▀[0m[38;2;219;219;219m[48;2;168;172;172m▀[0m[38;2;219;219;219m[48;2;146;149;152m▀[0m[38;2;219;219;219m[48;2;38;40;42m▀[0m[38;2;219;219;219m[48;2;0;0;0m▀[0m[38;2;67;68;68m[48;2;0;0;0m▀[0m[38;2;0;0;0m[48;2;131;137;136m▀[0m[38;2;12;15;14m[48;2;178;187;178m▀[0m[38;2;144;156;153m[48;2;111;116;111m▀[0m[38;2;219;219;219m[48;2;10;10;11m▀[0m[38;2;86;91;91m[48;2;0;0;0m▀[0m[38;2;0;0;0m[48;2;0;0;0m▀[0m[38;2;4;9;16m[48;2;0;0;0m▀[0m[38;2;0;0;0m[48;2;0;0;0m▀[0m[38;2;0;0;0m[48;2;0;0;0m▀[0m[38;2;0;0;0m[48;2;0;0;0m▀[0m[38;2;0;0;0m[48;2;0;0;0m▀[0m[38;2;0;0;0m[48;2;0;0;1m▀[0m[38;2;0;1;1m[48;2;0;0;0m▀[0m[38;2;219;0;0m[48;2;0;0;0m▀[0m[38;2;219;0;0m[48;2;19;0;0m▀[0m[38;2;219;0;0m[48;2;136;0;0m▀[0m[38;2;219;0;0m[48;2;62;0;0m▀[0m[38;2;219;0;0m[48;2;0;0;0m▀[0m[38;2;208;0;0m[48;2;92;184;189m▀[0m[38;2;0;28;26m[48;2;92;145;149m▀[0m[38;2;0;0;1m[48;2;0;0;0m▀[0m[38;2;150;6;0m[48;2;0;30;38m▀[0m[38;2;219;0;0m[48;2;219;0;0m▀[0m[38;2;219;0;0m[48;2;219;0;0m▀[0m[38;2;219;0;0m[48;2;219;0;0m▀[0m[38;2;219;0;0m[48;2;219;0;0m▀[0m[38;2;219;0;0m[48;2;219;0;0m▀[0m[38;2;107;0;0m[48;2;219;0;0m▀[0m[38;2;0;0;4m[48;2;219;0;0m▀[0m[38;2;92;0;0m[48;2;219;0;0m▀[0m[38;2;219;0;0m[48;2;219;0;0m▀[0m[38;2;178;0;0m[48;2;0;2;3m▀[0m[38;2;0;0;1m[48;2;0;0;1m▀[0m[38;2;0;0;1m[48;2;0;0;0m▀[0m[38;2;0;0;1m[48;2;0;0;0m▀[0m
[38;2;0;0;0m[48;2;0;0;0m▀[0m[38;2;0;0;0m[48;2;0;0;0m▀[0m[38;2;0;0;0m[48;2;0;0;0m▀[0m[38;2;160;162;163m[48;2;157;159;159m▀[0m[38;2;163;163;164m[48;2;159;161;161m▀[0m[38;2;140;141;141m[48;2;139;139;139m▀[0m[38;2;154;156;156m[48;2;144;144;145m▀[0m[38;2;51;53;55m[48;2;135;136;136m▀[0m[38;2;0;0;0m[48;2;128;129;126m▀[0m[38;2;0;0;0m[48;2;0;0;0m▀[0m[38;2;0;0;0m[48;2;0;0;0m▀[0m[38;2;0;0;0m[48;2;22;24;24m▀[0m[38;2;0;0;0m[48;2;102;104;104m▀[0m[38;2;0;0;0m[48;2;18;17;17m▀[0m[38;2;0;0;0m[48;2;0;0;0m▀[0m[38;2;0;0;0m[48;2;0;0;0m▀[0m[38;2;0;0;0m[48;2;0;0;0m▀[0m[38;2;0;0;0m[48;2;0;0;0m▀[0m[38;2;0;0;0m[48;2;0;0;0m▀[0m[38;2;0;0;0m[48;2;0;0;0m▀[0m[38;2;0;0;0m[48;2;6;7;8m▀[0m[38;2;0;0;0m[48;2;8;7;8m▀[0m[38;2;0;0;0m[48;2;0;0;0m▀[0m[38;2;0;0;0m[48;2;0;0;0m▀[0m[38;2;0;0;0m[48;2;0;0;0m▀[0m[38;2;0;0;0m[48;2;0;0;0m▀[0m[38;2;0;0;0m[48;2;0;0;0m▀[0m[38;2;0;0;0m[48;2;0;0;0m▀[0m[38;2;0;0;0m[48;2;0;0;0m▀[0m[38;2;0;0;0m[48;2;0;0;0m▀[0m[38;2;19;23;20m[48;2;0;0;0m▀[0m[38;2;23;28;28m[48;2;0;0;0m▀[0m[38;2;73;74;74m[48;2;0;0;0m▀[0m[38;2;59;61;59m[48;2;0;0;0m▀[0m[38;2;12;13;13m[48;2;0;0;0m▀[0m[38;2;0;0;0m[48;2;0;0;0m▀[0m[38;2;0;0;0m[48;2;0;0;0m▀[0m[38;2;0;0;0m[48;2;0;0;0m▀[0m[38;2;0;0;0m[48;2;8;7;7m▀[0m[38;2;101;107;107m[48;2;0;0;0m▀[0m[38;2;110;116;116m[48;2;0;0;0m▀[0m[38;2;37;40;39m[48;2;0;0;0m▀[0m[38;2;0;0;0m[48;2;0;0;0m▀[0m[38;2;0;0;0m[48;2;0;0;0m▀[0m[38;2;0;0;0m[48;2;0;0;0m▀[0m[38;2;0;0;0m[48;2;0;0;0m▀[0m[38;2;0;0;0m[48;2;0;0;0m▀[0m[38;2;0;0;0m[48;2;0;0;0m▀[0m[38;2;0;0;0m[48;2;0;0;0m▀[0m[38;2;0;0;0m[48;2;0;0;0m▀[0m[38;2;0;0;0m[48;2;0;0;0m▀[0m[38;2;0;0;0m[48;2;0;0;0m▀[0m[38;2;0;0;0m[48;2;0;0;0m▀[0m[38;2;0;0;0m[48;2;0;0;0m▀[0m[38;2;0;0;0m[48;2;0;0;0m▀[0m[38;2;0;0;0m[48;2;28;44;42m▀[0m[38;2;0;0;0m[48;2;99;119;117m▀[0m[38;2;0;82;88m[48;2;75;90;91m▀[0m[38;2;130;184;190m[48;2;0;0;0m▀[0m[38;2;140;165;165m[48;2;0;0;0m▀[0m[38;2;0;3;3m[48;2;0;0;0m▀[0m[38;2;34;56;56m[48;2;61;76;77m▀[0m[38;2;0;91;94m[48;2;10;69;69m▀[0m[38;2;54;0;0m[48;2;0;28;31m▀[0m[38;2;219;0;0m[48;2;219;0;0m▀[0m[38;2;203;0;0m[48;2;219;0;0m▀[0m[38;2;183;0;0m[48;2;0;0;0m▀[0m[38;2;219;0;0m[48;2;19;55;58m▀[0m[38;2;219;0;0m[48;2;36;0;0m▀[0m[38;2;219;0;0m[48;2;0;0;0m▀[0m[38;2;215;0;0m[48;2;0;0;0m▀[0m[38;2;0;3;3m[48;2;0;0;1m▀[0m[38;2;0;0;0m[48;2;0;0;0m▀[0m[38;2;0;1;1m[48;2;0;0;0m▀[0m[38;2;0;0;0m[48;2;0;0;0m▀[0m[38;2;0;0;0m[48;2;0;0;0m▀[0m
[38;2;0;0;0m[48;2;0;0;0m▀[0m[38;2;0;0;0m[48;2;0;0;0m▀[0m[38;2;0;0;0m[48;2;0;0;0m▀[0m[38;2;151;154;155m[48;2;137;139;140m▀[0m[38;2;163;163;161m[48;2;167;171;168m▀[0m[38;2;140;139;139m[48;2;141;141;141m▀[0m[38;2;142;144;144m[48;2;144;142;145m▀[0m[38;2;152;153;153m[48;2;158;159;159m▀[0m[38;2;182;184;182m[48;2;149;151;152m▀[0m[38;2;185;187;189m[48;2;36;39;38m▀[0m[38;2;149;151;153m[48;2;127;129;129m▀[0m[38;2;219;219;219m[48;2;20;22;24m▀[0m[38;2;34;36;36m[48;2;0;0;0m▀[0m[38;2;0;0;0m[48;2;74;76;74m▀[0m[38;2;34;36;36m[48;2;174;175;172m▀[0m[38;2;0;0;0m[48;2;155;157;155m▀[0m[38;2;56;56;57m[48;2;186;186;187m▀[0m[38;2;119;121;119m[48;2;171;174;173m▀[0m[38;2;156;159;159m[48;2;157;158;154m▀[0m[38;2;175;178;177m[48;2;148;151;150m▀[0m[38;2;182;185;182m[48;2;147;151;150m▀[0m[38;2;182;185;182m[48;2;149;153;152m▀[0m[38;2;184;184;181m[48;2;159;160;155m▀[0m[38;2;177;178;174m[48;2;168;169;164m▀[0m[38;2;166;167;165m[48;2;164;166;161m▀[0m[38;2;128;127;124m[48;2;155;158;157m▀[0m[38;2;15;15;17m[48;2;43;47;47m▀[0m[38;2;0;0;0m[48;2;0;0;0m▀[0m[38;2;0;0;0m[48;2;0;0;0m▀[0m[38;2;0;0;0m[48;2;7;7;9m▀[0m[38;2;0;0;0m[48;2;10;13;13m▀[0m[38;2;0;0;0m[48;2;0;0;0m▀[0m[38;2;0;0;0m[48;2;122;123;122m▀[0m[38;2;0;0;0m[48;2;100;103;100m▀[0m[38;2;3;2;2m[48;2;88;91;91m▀[0m[38;2;30;30;31m[48;2;18;20;20m▀[0m[38;2;0;0;0m[48;2;0;0;0m▀[0m[38;2;0;0;0m[48;2;0;0;0m▀[0m[38;2;0;0;0m[48;2;0;0;0m▀[0m[38;2;0;0;0m[48;2;0;0;0m▀[0m[38;2;0;0;0m[48;2;0;0;0m▀[0m[38;2;0;0;0m[48;2;0;0;0m▀[0m[38;2;0;0;0m[48;2;0;0;0m▀[0m[38;2;0;0;0m[48;2;0;0;0m▀[0m[38;2;0;0;0m[48;2;0;0;0m▀[0m[38;2;0;0;0m[48;2;0;0;0m▀[0m[38;2;0;0;0m[48;2;0;0;0m▀[0m[38;2;0;0;0m[48;2;0;0;0m▀[0m[38;2;0;0;0m[48;2;0;0;0m▀[0m[38;2;0;0;0m[48;2;0;0;0m▀[0m[38;2;0;0;0m[48;2;0;0;1m▀[0m[38;2;0;1;1m[48;2;0;0;0m▀[0m[38;2;0;0;0m[48;2;0;2;0m▀[0m[38;2;9;12;12m[48;2;24;30;31m▀[0m[38;2;60;71;71m[48;2;1;4;4m▀[0m[38;2;50;63;61m[48;2;0;0;0m▀[0m[38;2;0;0;0m[48;2;91;89;92m▀[0m[38;2;0;0;0m[48;2;219;219;219m▀[0m[38;2;0;0;0m[48;2;128;134;136m▀[0m[38;2;0;0;0m[48;2;0;0;0m▀[0m[38;2;0;0;0m[48;2;60;75;78m▀[0m[38;2;98;110;112m[48;2;55;74;74m▀[0m[38;2;0;0;0m[48;2;0;0;0m▀[0m[38;2;0;0;5m[48;2;0;0;0m▀[0m[38;2;219;0;0m[48;2;174;0;0m▀[0m[38;2;219;0;0m[48;2;219;0;0m▀[0m[38;2;45;0;0m[48;2;219;0;0m▀[0m[38;2;219;219;219m[48;2;158;178;180m▀[0m[38;2;0;52;57m[48;2;113;151;152m▀[0m[38;2;0;0;0m[48;2;0;0;0m▀[0m[38;2;0;0;0m[48;2;0;0;0m▀[0m[38;2;0;0;1m[48;2;0;0;0m▀[0m[38;2;0;0;0m[48;2;1;1;0m▀[0m[38;2;0;0;0m[48;2;0;0;0m▀[0m[38;2;0;0;0m[48;2;0;0;0m▀[0m[38;2;0;0;0m[48;2;1;1;1m▀[0m
[38;2;0;0;0m[48;2;0;0;0m▀[0m[38;2;0;0;0m[48;2;0;0;0m▀[0m[38;2;0;0;0m[48;2;0;0;0m▀[0m[38;2;110;111;111m[48;2;65;67;67m▀[0m[38;2;175;175;173m[48;2;181;184;182m▀[0m[38;2;141;142;142m[48;2;140;140;141m▀[0m[38;2;152;152;152m[48;2;157;157;157m▀[0m[38;2;122;126;129m[48;2;69;71;71m▀[0m[38;2;0;0;0m[48;2;29;30;30m▀[0m[38;2;55;57;56m[48;2;125;126;123m▀[0m[38;2;37;36;36m[48;2;0;0;0m▀[0m[38;2;0;0;0m[48;2;99;101;101m▀[0m[38;2;92;96;95m[48;2;184;183;181m▀[0m[38;2;178;179;174m[48;2;146;147;147m▀[0m[38;2;153;155;152m[48;2;141;141;140m▀[0m[38;2;150;153;153m[48;2;138;141;141m▀[0m[38;2;138;141;141m[48;2;137;137;138m▀[0m[38;2;138;140;140m[48;2;135;139;136m▀[0m[38;2;137;139;137m[48;2;142;144;144m▀[0m[38;2;138;141;140m[48;2;142;145;144m▀[0m[38;2;142;146;145m[48;2;156;156;154m▀[0m[38;2;147;149;150m[48;2;183;186;184m▀[0m[38;2;164;167;165m[48;2;158;161;159m▀[0m[38;2;149;153;152m[48;2;59;62;62m▀[0m[38;2;104;105;105m[48;2;0;0;0m▀[0m[38;2;12;14;14m[48;2;0;0;0m▀[0m[38;2;0;0;0m[48;2;0;0;0m▀[0m[38;2;0;0;0m[48;2;141;146;146m▀[0m[38;2;66;67;66m[48;2;206;209;208m▀[0m[38;2;190;195;190m[48;2;184;188;184m▀[0m[38;2;183;186;183m[48;2;212;213;210m▀[0m[38;2;219;219;219m[48;2;60;62;60m▀[0m[38;2;112;114;112m[48;2;0;0;0m▀[0m[38;2;36;41;41m[48;2;0;0;0m▀[0m[38;2;42;44;46m[48;2;0;0;0m▀[0m[38;2;0;0;0m[48;2;0;0;0m▀[0m[38;2;0;0;0m[48;2;0;0;0m▀[0m[38;2;0;0;0m[48;2;0;0;1m▀[0m[38;2;0;0;0m[48;2;0;0;0m▀[0m[38;2;0;0;0m[48;2;0;0;0m▀[0m[38;2;0;0;0m[48;2;0;0;0m▀[0m[38;2;0;0;0m[48;2;0;0;1m▀[0m[38;2;0;0;0m[48;2;0;0;0m▀[0m[38;2;0;0;0m[48;2;0;0;0m▀[0m[38;2;0;0;0m[48;2;0;0;0m▀[0m[38;2;0;0;0m[48;2;0;0;0m▀[0m[38;2;1;0;1m[48;2;1;0;1m▀[0m[38;2;0;0;1m[48;2;0;0;0m▀[0m[38;2;0;0;0m[48;2;0;0;0m▀[0m[38;2;0;0;0m[48;2;1;1;1m▀[0m[38;2;1;1;1m[48;2;2;2;2m▀[0m[38;2;0;0;1m[48;2;1;0;0m▀[0m[38;2;0;0;0m[48;2;0;0;0m▀[0m[38;2;0;0;0m[48;2;0;0;0m▀[0m[38;2;0;0;0m[48;2;7;7;8m▀[0m[38;2;35;36;38m[48;2;0;0;0m▀[0m[38;2;101;104;104m[48;2;0;0;0m▀[0m[38;2;42;51;53m[48;2;0;0;0m▀[0m[38;2;0;0;0m[48;2;0;0;0m▀[0m[38;2;0;0;0m[48;2;79;0;0m▀[0m[38;2;9;15;22m[48;2;137;0;0m▀[0m[38;2;0;0;0m[48;2;0;0;0m▀[0m[38;2;0;0;0m[48;2;0;0;0m▀[0m[38;2;0;0;0m[48;2;104;0;0m▀[0m[38;2;219;0;0m[48;2;219;0;0m▀[0m[38;2;219;0;0m[48;2;219;0;0m▀[0m[38;2;219;0;0m[48;2;0;0;0m▀[0m[38;2;0;0;0m[48;2;0;0;0m▀[0m[38;2;135;160;161m[48;2;23;35;35m▀[0m[38;2;0;0;0m[48;2;63;66;67m▀[0m[38;2;0;0;0m[48;2;0;0;0m▀[0m[38;2;0;0;0m[48;2;0;0;0m▀[0m[38;2;0;0;0m[48;2;0;0;0m▀[0m[38;2;0;0;0m[48;2;0;0;0m▀[0m[38;2;0;0;0m[48;2;0;0;0m▀[0m[38;2;3;3;3m[48;2;0;0;0m▀[0m
[38;2;0;0;0m[48;2;0;0;0m▀[0m[38;2;0;0;0m[48;2;0;0;0m▀[0m[38;2;0;0;0m[48;2;0;0;0m▀[0m[38;2;15;17;17m[48;2;0;0;0m▀[0m[38;2;179;183;180m[48;2;163;163;164m▀[0m[38;2;146;148;147m[48;2;157;157;158m▀[0m[38;2;138;141;138m[48;2;138;143;141m▀[0m[38;2;143;143;141m[48;2;137;140;139m▀[0m[38;2;180;184;181m[48;2;138;141;139m▀[0m[38;2;27;27;28m[48;2;143;145;145m▀[0m[38;2;54;55;56m[48;2;152;153;154m▀[0m[38;2;180;181;178m[48;2;142;144;144m▀[0m[38;2;143;145;146m[48;2;141;143;143m▀[0m[38;2;141;143;143m[48;2;143;145;145m▀[0m[38;2;142;142;143m[48;2;142;145;144m▀[0m[38;2;139;141;139m[48;2;163;168;168m▀[0m[38;2;146;146;147m[48;2;165;166;166m▀[0m[38;2;153;155;155m[48;2;68;70;70m▀[0m[38;2;139;139;140m[48;2;165;167;167m▀[0m[38;2;178;182;179m[48;2;157;160;163m▀[0m[38;2;177;182;181m[48;2;1;3;3m▀[0m[38;2;72;73;73m[48;2;0;0;0m▀[0m[38;2;0;0;0m[48;2;0;0;0m▀[0m[38;2;0;0;0m[48;2;0;0;0m▀[0m[38;2;0;0;0m[48;2;31;33;33m▀[0m[38;2;4;6;6m[48;2;138;138;140m▀[0m[38;2;168;169;166m[48;2;36;38;37m▀[0m[38;2;134;135;135m[48;2;95;95;97m▀[0m[38;2;129;129;129m[48;2;142;140;142m▀[0m[38;2;183;186;185m[48;2;0;0;0m▀[0m[38;2;32;34;35m[48;2;0;0;0m▀[0m[38;2;0;0;0m[48;2;0;0;0m▀[0m[38;2;0;0;0m[48;2;0;0;0m▀[0m[38;2;0;0;0m[48;2;0;0;0m▀[0m[38;2;0;0;0m[48;2;0;0;0m▀[0m[38;2;0;0;1m[48;2;0;0;0m▀[0m[38;2;1;0;1m[48;2;0;0;0m▀[0m[38;2;1;1;1m[48;2;1;0;1m▀[0m[38;2;0;0;1m[48;2;0;0;1m▀[0m[38;2;1;0;1m[48;2;1;1;1m▀[0m[38;2;0;0;1m[48;2;0;0;0m▀[0m[38;2;0;0;0m[48;2;0;1;1m▀[0m[38;2;0;0;0m[48;2;0;0;0m▀[0m[38;2;0;0;0m[48;2;0;0;0m▀[0m[38;2;0;0;0m[48;2;0;0;0m▀[0m[38;2;0;0;0m[48;2;0;0;0m▀[0m[38;2;0;0;1m[48;2;0;0;0m▀[0m[38;2;0;0;0m[48;2;0;0;0m▀[0m[38;2;0;0;0m[48;2;0;0;0m▀[0m[38;2;0;0;0m[48;2;4;4;1m▀[0m[38;2;0;0;0m[48;2;67;66;63m▀[0m[38;2;0;0;0m[48;2;0;0;0m▀[0m[38;2;0;0;0m[48;2;0;0;0m▀[0m[38;2;0;0;0m[48;2;0;0;0m▀[0m[38;2;0;0;0m[48;2;0;0;0m▀[0m[38;2;0;0;0m[48;2;0;0;0m▀[0m[38;2;0;0;0m[48;2;0;0;0m▀[0m[38;2;0;0;0m[48;2;0;26;33m▀[0m[38;2;0;0;0m[48;2;63;0;0m▀[0m[38;2;219;11;0m[48;2;219;30;0m▀[0m[38;2;219;24;0m[48;2;6;5;0m▀[0m[38;2;82;0;0m[48;2;142;0;0m▀[0m[38;2;188;0;0m[48;2;219;0;0m▀[0m[38;2;219;0;0m[48;2;219;0;0m▀[0m[38;2;219;0;0m[48;2;154;0;0m▀[0m[38;2;104;0;0m[48;2;18;110;116m▀[0m[38;2;0;0;0m[48;2;52;79;82m▀[0m[38;2;0;0;0m[48;2;0;0;0m▀[0m[38;2;16;25;28m[48;2;129;135;135m▀[0m[38;2;208;213;217m[48;2;58;61;61m▀[0m[38;2;0;0;0m[48;2;0;0;0m▀[0m[38;2;0;0;0m[48;2;0;0;0m▀[0m[38;2;0;0;0m[48;2;0;0;0m▀[0m[38;2;0;0;0m[48;2;0;0;0m▀[0m[38;2;0;0;0m[48;2;81;85;88m▀[0m[38;2;17;18;20m[48;2;219;219;219m▀[0m
[38;2;0;0;0m[48;2;0;0;0m▀[0m[38;2;0;0;0m[48;2;0;0;0m▀[0m[38;2;0;0;0m[48;2;0;0;0m▀[0m[38;2;0;0;0m[48;2;0;0;0m▀[0m[38;2;121;124;122m[48;2;49;55;54m▀[0m[38;2;172;174;174m[48;2;187;190;187m▀[0m[38;2;138;141;138m[48;2;145;147;147m▀[0m[38;2;133;135;135m[48;2;144;147;146m▀[0m[38;2;137;140;137m[48;2;137;140;137m▀[0m[38;2;138;141;139m[48;2;143;147;144m▀[0m[38;2;135;136;135m[48;2;150;152;153m▀[0m[38;2;141;142;142m[48;2;143;145;145m▀[0m[38;2;143;145;145m[48;2;167;169;169m▀[0m[38;2;152;155;155m[48;2;182;184;185m▀[0m[38;2;180;183;182m[48;2;65;62;66m▀[0m[38;2;127;129;127m[48;2;0;0;0m▀[0m[38;2;0;0;0m[48;2;76;81;79m▀[0m[38;2;119;121;121m[48;2;103;106;106m▀[0m[38;2;125;127;127m[48;2;0;0;0m▀[0m[38;2;0;0;0m[48;2;0;0;0m▀[0m[38;2;0;0;0m[48;2;0;0;0m▀[0m[38;2;0;0;0m[48;2;0;0;0m▀[0m[38;2;0;0;0m[48;2;0;0;0m▀[0m[38;2;0;0;0m[48;2;0;0;0m▀[0m[38;2;36;36;36m[48;2;3;3;4m▀[0m[38;2;0;3;2m[48;2;98;101;100m▀[0m[38;2;109;109;110m[48;2;34;36;34m▀[0m[38;2;102;99;102m[48;2;0;0;0m▀[0m[38;2;0;0;0m[48;2;0;0;0m▀[0m[38;2;0;0;0m[48;2;0;0;0m▀[0m[38;2;0;0;0m[48;2;0;0;0m▀[0m[38;2;0;0;0m[48;2;1;1;1m▀[0m[38;2;0;0;0m[48;2;0;0;1m▀[0m[38;2;0;0;1m[48;2;0;0;1m▀[0m[38;2;0;0;1m[48;2;0;0;0m▀[0m[38;2;0;0;0m[48;2;1;0;1m▀[0m[38;2;0;0;1m[48;2;1;1;1m▀[0m[38;2;1;0;1m[48;2;0;0;0m▀[0m[38;2;0;0;0m[48;2;0;0;0m▀[0m[38;2;0;0;1m[48;2;0;0;0m▀[0m[38;2;0;0;0m[48;2;0;0;0m▀[0m[38;2;0;0;0m[48;2;0;0;0m▀[0m[38;2;0;0;0m[48;2;0;0;0m▀[0m[38;2;0;0;0m[48;2;0;0;0m▀[0m[38;2;0;0;0m[48;2;0;0;0m▀[0m[38;2;0;0;0m[48;2;0;0;0m▀[0m[38;2;0;0;0m[48;2;0;0;0m▀[0m[38;2;0;0;0m[48;2;0;0;0m▀[0m[38;2;0;0;0m[48;2;50;53;54m▀[0m[38;2;126;129;126m[48;2;71;74;75m▀[0m[38;2;59;61;61m[48;2;0;0;0m▀[0m[38;2;0;0;0m[48;2;0;3;4m▀[0m[38;2;0;0;0m[48;2;38;3;2m▀[0m[38;2;0;0;0m[48;2;185;177;167m▀[0m[38;2;0;0;0m[48;2;219;200;170m▀[0m[38;2;0;0;0m[48;2;219;6;0m▀[0m[38;2;8;28;30m[48;2;117;67;73m▀[0m[38;2;112;129;128m[48;2;79;97;93m▀[0m[38;2;177;47;41m[48;2;0;0;0m▀[0m[38;2;18;0;0m[48;2;0;0;0m▀[0m[38;2;0;0;0m[48;2;0;0;0m▀[0m[38;2;0;0;0m[48;2;0;0;0m▀[0m[38;2;0;0;0m[48;2;0;0;0m▀[0m[38;2;0;0;0m[48;2;0;0;0m▀[0m[38;2;0;0;0m[48;2;37;49;50m▀[0m[38;2;76;110;110m[48;2;145;156;156m▀[0m[38;2;12;24;29m[48;2;0;0;0m▀[0m[38;2;0;0;0m[48;2;72;73;73m▀[0m[38;2;152;153;155m[48;2;68;71;71m▀[0m[38;2;0;0;0m[48;2;0;0;0m▀[0m[38;2;0;0;0m[48;2;0;0;0m▀[0m[38;2;0;0;0m[48;2;0;0;0m▀[0m[38;2;0;0;0m[48;2;0;0;0m▀[0m[38;2;0;0;0m[48;2;219;219;219m▀[0m[38;2;57;61;61m[48;2;185;184;184m▀[0m[38;2;219;219;219m[48;2;50;52;52m▀[0m
[38;2;0;0;0m[48;2;0;0;0m▀[0m[38;2;0;0;1m[48;2;0;0;0m▀[0m[38;2;0;0;0m[48;2;0;0;0m▀[0m[38;2;0;0;0m[48;2;0;0;0m▀[0m[38;2;0;0;0m[48;2;0;0;0m▀[0m[38;2;157;160;160m[48;2;79;81;81m▀[0m[38;2;172;175;175m[48;2;152;155;155m▀[0m[38;2;123;123;124m[48;2;106;109;108m▀[0m[38;2;154;157;154m[48;2;136;136;140m▀[0m[38;2;146;147;147m[48;2;32;34;36m▀[0m[38;2;96;98;98m[48;2;167;172;170m▀[0m[38;2;189;192;192m[48;2;125;127;127m▀[0m[38;2;160;164;164m[48;2;0;0;0m▀[0m[38;2;13;15;15m[48;2;0;0;0m▀[0m[38;2;0;0;0m[48;2;11;13;12m▀[0m[38;2;73;73;73m[48;2;31;31;31m▀[0m[38;2;74;74;74m[48;2;0;0;0m▀[0m[38;2;0;0;0m[48;2;0;0;0m▀[0m[38;2;0;0;0m[48;2;0;0;0m▀[0m[38;2;0;0;0m[48;2;0;0;0m▀[0m[38;2;0;0;0m[48;2;1;0;0m▀[0m[38;2;0;0;1m[48;2;1;0;0m▀[0m[38;2;0;0;0m[48;2;0;0;0m▀[0m[38;2;0;0;0m[48;2;0;0;0m▀[0m[38;2;41;41;42m[48;2;0;0;0m▀[0m[38;2;0;1;0m[48;2;0;0;0m▀[0m[38;2;0;0;0m[48;2;0;0;0m▀[0m[38;2;0;0;0m[48;2;0;0;0m▀[0m[38;2;0;0;0m[48;2;0;0;0m▀[0m[38;2;0;0;0m[48;2;0;0;0m▀[0m[38;2;1;1;1m[48;2;0;1;1m▀[0m[38;2;1;0;1m[48;2;1;0;1m▀[0m[38;2;0;0;0m[48;2;0;0;0m▀[0m[38;2;0;0;1m[48;2;0;0;1m▀[0m[38;2;0;0;0m[48;2;0;0;0m▀[0m[38;2;0;0;0m[48;2;0;0;0m▀[0m[38;2;0;0;0m[48;2;0;0;0m▀[0m[38;2;0;0;0m[48;2;0;0;0m▀[0m[38;2;2;0;0m[48;2;0;0;0m▀[0m[38;2;0;0;0m[48;2;0;0;0m▀[0m[38;2;0;0;0m[48;2;0;0;0m▀[0m[38;2;0;0;0m[48;2;0;0;0m▀[0m[38;2;0;0;0m[48;2;0;0;0m▀[0m[38;2;0;0;0m[48;2;0;0;0m▀[0m[38;2;0;0;0m[48;2;184;184;184m▀[0m[38;2;9;11;11m[48;2;219;219;219m▀[0m[38;2;84;90;88m[48;2;136;153;157m▀[0m[38;2;79;91;92m[48;2;13;92;94m▀[0m[38;2;27;75;76m[48;2;0;0;0m▀[0m[38;2;42;94;95m[48;2;219;122;122m▀[0m[38;2;219;219;219m[48;2;219;219;219m▀[0m[38;2;219;219;219m[48;2;135;159;157m▀[0m[38;2;219;144;134m[48;2;23;70;89m▀[0m[38;2;219;129;110m[48;2;0;0;0m▀[0m[38;2;133;28;16m[48;2;0;0;0m▀[0m[38;2;32;0;0m[48;2;0;0;0m▀[0m[38;2;0;0;0m[48;2;0;0;0m▀[0m[38;2;0;0;0m[48;2;0;0;0m▀[0m[38;2;0;0;0m[48;2;0;0;0m▀[0m[38;2;0;0;0m[48;2;0;0;0m▀[0m[38;2;0;0;0m[48;2;0;0;0m▀[0m[38;2;0;0;0m[48;2;189;191;189m▀[0m[38;2;128;134;134m[48;2;90;92;90m▀[0m[38;2;167;173;172m[48;2;0;0;0m▀[0m[38;2;191;195;195m[48;2;0;0;0m▀[0m[38;2;47;50;50m[48;2;0;0;0m▀[0m[38;2;0;0;0m[48;2;85;85;85m▀[0m[38;2;143;146;143m[48;2;19;19;19m▀[0m[38;2;0;0;0m[48;2;0;0;0m▀[0m[38;2;0;0;0m[48;2;15;18;18m▀[0m[38;2;19;22;22m[48;2;147;148;148m▀[0m[38;2;127;126;126m[48;2;219;219;219m▀[0m[38;2;43;43;44m[48;2;219;219;219m▀[0m[38;2;141;142;142m[48;2;175;177;177m▀[0m[38;2;210;208;211m[48;2;181;183;183m▀[0m[38;2;0;0;0m[48;2;33;36;36m▀[0m
[38;2;0;0;0m[48;2;18;18;18m▀[0m[38;2;0;0;0m[48;2;19;21;21m▀[0m[38;2;0;0;0m[48;2;0;0;0m▀[0m[38;2;0;0;0m[48;2;0;0;0m▀[0m[38;2;0;0;0m[48;2;0;0;0m▀[0m[38;2;24;25;27m[48;2;0;0;0m▀[0m[38;2;129;132;132m[48;2;59;61;61m▀[0m[38;2;154;153;153m[48;2;0;0;0m▀[0m[38;2;0;0;0m[48;2;53;52;52m▀[0m[38;2;168;169;166m[48;2;63;64;61m▀[0m[38;2;93;96;96m[48;2;0;0;0m▀[0m[38;2;0;0;0m[48;2;0;0;0m▀[0m[38;2;0;0;0m[48;2;0;0;0m▀[0m[38;2;0;0;0m[48;2;0;0;0m▀[0m[38;2;0;0;0m[48;2;0;0;0m▀[0m[38;2;0;0;0m[48;2;1;1;1m▀[0m[38;2;0;0;0m[48;2;1;0;1m▀[0m[38;2;0;0;0m[48;2;1;0;1m▀[0m[38;2;0;0;0m[48;2;0;0;1m▀[0m[38;2;0;0;0m[48;2;0;0;0m▀[0m[38;2;1;0;0m[48;2;0;0;0m▀[0m[38;2;1;0;0m[48;2;0;0;0m▀[0m[38;2;0;0;0m[48;2;0;0;0m▀[0m[38;2;0;0;0m[48;2;0;0;0m▀[0m[38;2;1;1;1m[48;2;0;0;0m▀[0m[38;2;0;0;1m[48;2;0;0;1m▀[0m[38;2;0;0;0m[48;2;0;0;1m▀[0m[38;2;0;0;0m[48;2;0;0;0m▀[0m[38;2;0;0;0m[48;2;0;0;0m▀[0m[38;2;0;0;0m[48;2;0;0;0m▀[0m[38;2;1;1;1m[48;2;0;0;0m▀[0m[38;2;1;1;1m[48;2;0;0;0m▀[0m[38;2;0;0;0m[48;2;0;0;0m▀[0m[38;2;0;0;0m[48;2;0;0;0m▀[0m[38;2;0;0;0m[48;2;0;0;0m▀[0m[38;2;0;0;0m[48;2;42;42;43m▀[0m[38;2;0;0;0m[48;2;134;137;137m▀[0m[38;2;49;50;52m[48;2;103;104;106m▀[0m[38;2;63;67;69m[48;2;5;5;5m▀[0m[38;2;0;0;0m[48;2;0;0;0m▀[0m[38;2;0;0;0m[48;2;0;0;0m▀[0m[38;2;0;0;0m[48;2;192;191;192m▀[0m[38;2;129;129;127m[48;2;153;155;153m▀[0m[38;2;219;219;219m[48;2;100;104;104m▀[0m[38;2;153;159;159m[48;2;193;206;209m▀[0m[38;2;44;66;71m[48;2;219;219;219m▀[0m[38;2;83;143;147m[48;2;219;219;219m▀[0m[38;2;184;122;125m[48;2;219;47;29m▀[0m[38;2;219;0;0m[48;2;219;0;0m▀[0m[38;2;219;0;0m[48;2;219;0;0m▀[0m[38;2;152;0;0m[48;2;0;8;9m▀[0m[38;2;0;36;54m[48;2;0;0;0m▀[0m[38;2;0;0;0m[48;2;0;0;0m▀[0m[38;2;0;0;0m[48;2;0;0;0m▀[0m[38;2;0;0;0m[48;2;0;0;0m▀[0m[38;2;0;0;0m[48;2;31;31;32m▀[0m[38;2;0;0;0m[48;2;86;88;90m▀[0m[38;2;0;0;0m[48;2;141;144;144m▀[0m[38;2;0;0;0m[48;2;201;202;199m▀[0m[38;2;55;58;58m[48;2;205;208;205m▀[0m[38;2;203;205;205m[48;2;27;27;25m▀[0m[38;2;38;38;38m[48;2;0;0;0m▀[0m[38;2;0;0;0m[48;2;0;0;0m▀[0m[38;2;0;0;0m[48;2;0;0;0m▀[0m[38;2;0;0;0m[48;2;57;57;59m▀[0m[38;2;0;0;0m[48;2;174;177;177m▀[0m[38;2;129;129;129m[48;2;17;19;19m▀[0m[38;2;79;82;79m[48;2;65;67;65m▀[0m[38;2;219;219;219m[48;2;219;219;219m▀[0m[38;2;219;219;219m[48;2;219;219;219m▀[0m[38;2;31;34;34m[48;2;219;219;219m▀[0m[38;2;92;94;94m[48;2;0;0;0m▀[0m[38;2;219;219;219m[48;2;122;122;119m▀[0m[38;2;31;37;36m[48;2;219;219;219m▀[0m[38;2;0;6;6m[48;2;12;17;17m▀[0m[38;2;34;36;37m[48;2;28;30;31m▀[0m
[38;2;0;0;0m[48;2;0;0;0m▀[0m[38;2;58;57;57m[48;2;28;28;28m▀[0m[38;2;0;0;0m[48;2;81;80;80m▀[0m[38;2;0;0;0m[48;2;0;0;0m▀[0m[38;2;0;0;0m[48;2;0;0;0m▀[0m[38;2;0;0;0m[48;2;0;0;0m▀[0m[38;2;0;0;0m[48;2;0;0;0m▀[0m[38;2;0;0;0m[48;2;0;0;0m▀[0m[38;2;0;0;0m[48;2;0;0;0m▀[0m[38;2;0;0;0m[48;2;0;0;0m▀[0m[38;2;0;0;0m[48;2;0;0;0m▀[0m[38;2;0;0;0m[48;2;0;0;1m▀[0m[38;2;0;0;0m[48;2;1;1;1m▀[0m[38;2;0;0;0m[48;2;1;1;1m▀[0m[38;2;0;0;0m[48;2;0;0;0m▀[0m[38;2;0;0;0m[48;2;0;0;0m▀[0m[38;2;1;0;1m[48;2;0;0;0m▀[0m[38;2;1;1;1m[48;2;0;0;0m▀[0m[38;2;0;0;1m[48;2;0;0;0m▀[0m[38;2;0;0;0m[48;2;0;0;0m▀[0m[38;2;0;0;0m[48;2;0;0;0m▀[0m[38;2;0;0;0m[48;2;0;0;0m▀[0m[38;2;0;0;1m[48;2;1;1;1m▀[0m[38;2;0;1;1m[48;2;0;0;0m▀[0m[38;2;0;0;0m[48;2;0;0;0m▀[0m[38;2;0;0;1m[48;2;0;0;1m▀[0m[38;2;0;0;0m[48;2;0;0;0m▀[0m[38;2;0;0;0m[48;2;0;0;0m▀[0m[38;2;0;0;0m[48;2;0;0;0m▀[0m[38;2;0;0;0m[48;2;0;0;0m▀[0m[38;2;0;0;0m[48;2;0;0;0m▀[0m[38;2;0;0;0m[48;2;30;32;34m▀[0m[38;2;0;0;0m[48;2;116;117;117m▀[0m[38;2;31;33;35m[48;2;116;118;117m▀[0m[38;2;120;122;122m[48;2;30;29;29m▀[0m[38;2;119;122;121m[48;2;0;0;0m▀[0m[38;2;22;24;24m[48;2;0;0;0m▀[0m[38;2;0;0;0m[48;2;0;0;0m▀[0m[38;2;0;0;0m[48;2;0;0;0m▀[0m[38;2;0;0;0m[48;2;73;75;77m▀[0m[38;2;100;104;101m[48;2;174;176;176m▀[0m[38;2;76;79;80m[48;2;219;219;219m▀[0m[38;2;158;160;160m[48;2;219;219;219m▀[0m[38;2;219;219;219m[48;2;178;178;175m▀[0m[38;2;207;216;210m[48;2;182;199;198m▀[0m[38;2;136;186;178m[48;2;219;219;219m▀[0m[38;2;219;109;89m[48;2;212;0;0m▀[0m[38;2;219;0;0m[48;2;122;0;0m▀[0m[38;2;219;0;0m[48;2;99;0;0m▀[0m[38;2;0;0;0m[48;2;198;4;0m▀[0m[38;2;0;0;0m[48;2;219;0;0m▀[0m[38;2;23;0;0m[48;2;33;0;0m▀[0m[38;2;0;0;0m[48;2;15;32;35m▀[0m[38;2;24;24;24m[48;2;94;102;102m▀[0m[38;2;178;184;180m[48;2;33;38;38m▀[0m[38;2;202;205;205m[48;2;0;0;0m▀[0m[38;2;129;130;130m[48;2;0;0;0m▀[0m[38;2;61;64;61m[48;2;0;0;0m▀[0m[38;2;0;0;0m[48;2;0;0;0m▀[0m[38;2;0;0;0m[48;2;0;0;0m▀[0m[38;2;0;0;0m[48;2;0;0;0m▀[0m[38;2;0;0;0m[48;2;0;0;0m▀[0m[38;2;0;0;0m[48;2;99;99;99m▀[0m[38;2;126;129;130m[48;2;86;86;86m▀[0m[38;2;104;106;107m[48;2;0;0;0m▀[0m[38;2;20;23;22m[48;2;0;0;0m▀[0m[38;2;94;97;94m[48;2;218;218;218m▀[0m[38;2;128;128;128m[48;2;219;219;219m▀[0m[38;2;36;38;38m[48;2;219;219;219m▀[0m[38;2;69;72;68m[48;2;179;180;177m▀[0m[38;2;219;219;219m[48;2;90;92;92m▀[0m[38;2;219;219;219m[48;2;169;169;169m▀[0m[38;2;0;0;0m[48;2;219;219;219m▀[0m[38;2;164;164;161m[48;2;0;0;0m▀[0m[38;2;203;207;204m[48;2;219;219;219m▀[0m[38;2;0;0;0m[48;2;105;103;104m▀[0m
[38;2;0;0;0m[48;2;0;0;0m▀[0m[38;2;0;0;0m[48;2;0;0;0m▀[0m[38;2;114;116;116m[48;2;12;12;12m▀[0m[38;2;43;43;43m[48;2;180;179;179m▀[0m[38;2;0;0;0m[48;2;0;0;0m▀[0m[38;2;0;0;0m[48;2;0;0;0m▀[0m[38;2;0;0;0m[48;2;0;0;0m▀[0m[38;2;0;0;0m[48;2;0;0;0m▀[0m[38;2;0;0;0m[48;2;0;0;0m▀[0m[38;2;0;0;0m[48;2;0;0;0m▀[0m[38;2;0;0;0m[48;2;0;0;0m▀[0m[38;2;0;0;1m[48;2;0;0;0m▀[0m[38;2;1;1;1m[48;2;0;0;1m▀[0m[38;2;0;0;1m[48;2;1;1;1m▀[0m[38;2;0;0;0m[48;2;1;0;1m▀[0m[38;2;0;0;0m[48;2;0;0;0m▀[0m[38;2;0;0;0m[48;2;0;0;0m▀[0m[38;2;0;0;0m[48;2;0;0;0m▀[0m[38;2;1;0;0m[48;2;0;0;0m▀[0m[38;2;0;0;0m[48;2;0;0;0m▀[0m[38;2;0;0;0m[48;2;0;0;0m▀[0m[38;2;0;0;0m[48;2;0;0;0m▀[0m[38;2;0;0;0m[48;2;0;0;0m▀[0m[38;2;0;0;0m[48;2;0;0;0m▀[0m[38;2;0;0;1m[48;2;1;0;1m▀[0m[38;2;0;0;1m[48;2;0;0;0m▀[0m[38;2;0;0;0m[48;2;0;0;0m▀[0m[38;2;0;0;0m[48;2;35;35;35m▀[0m[38;2;0;0;0m[48;2;78;80;80m▀[0m[38;2;28;30;30m[48;2;73;73;74m▀[0m[38;2;92;97;96m[48;2;13;12;12m▀[0m[38;2;97;95;98m[48;2;0;0;0m▀[0m[38;2;22;25;23m[48;2;0;0;0m▀[0m[38;2;0;0;0m[48;2;0;0;0m▀[0m[38;2;0;0;0m[48;2;0;0;0m▀[0m[38;2;0;0;0m[48;2;0;0;0m▀[0m[38;2;0;0;0m[48;2;0;0;0m▀[0m[38;2;0;0;0m[48;2;0;0;0m▀[0m[38;2;46;46;46m[48;2;219;219;219m▀[0m[38;2;219;219;219m[48;2;219;219;219m▀[0m[38;2;219;219;219m[48;2;219;219;219m▀[0m[38;2;219;219;219m[48;2;219;219;219m▀[0m[38;2;195;195;193m[48;2;219;219;219m▀[0m[38;2;219;219;219m[48;2;187;190;190m▀[0m[38;2;219;219;219m[48;2;86;102;101m▀[0m[38;2;61;73;73m[48;2;219;219;219m▀[0m[38;2;99;44;43m[48;2;219;219;219m▀[0m[38;2;219;66;42m[48;2;44;138;139m▀[0m[38;2;219;0;0m[48;2;0;0;0m▀[0m[38;2;148;0;0m[48;2;0;0;0m▀[0m[38;2;0;0;0m[48;2;0;0;0m▀[0m[38;2;0;0;2m[48;2;0;0;0m▀[0m[38;2;0;25;27m[48;2;0;0;0m▀[0m[38;2;0;0;0m[48;2;0;0;0m▀[0m[38;2;0;0;0m[48;2;0;0;0m▀[0m[38;2;0;0;0m[48;2;36;1;0m▀[0m[38;2;0;0;0m[48;2;77;81;100m▀[0m[38;2;0;0;0m[48;2;58;73;79m▀[0m[38;2;0;0;0m[48;2;89;92;93m▀[0m[38;2;14;14;15m[48;2;98;102;105m▀[0m[38;2;27;27;24m[48;2;82;82;83m▀[0m[38;2;29;30;30m[48;2;13;15;15m▀[0m[38;2;122;125;122m[48;2;0;0;0m▀[0m[38;2;0;0;0m[48;2;0;0;0m▀[0m[38;2;0;0;0m[48;2;27;29;29m▀[0m[38;2;19;22;21m[48;2;219;219;219m▀[0m[38;2;219;219;219m[48;2;219;219;219m▀[0m[38;2;219;219;219m[48;2;219;219;219m▀[0m[38;2;219;219;219m[48;2;219;219;219m▀[0m[38;2;219;219;219m[48;2;219;219;219m▀[0m[38;2;219;219;219m[48;2;219;219;219m▀[0m[38;2;155;154;155m[48;2;219;219;219m▀[0m[38;2;175;178;178m[48;2;207;207;205m▀[0m[38;2;182;182;182m[48;2;217;217;217m▀[0m[38;2;19;18;16m[48;2;98;98;98m▀[0m[38;2;219;219;219m[48;2;86;86;86m▀[0m
[38;2;0;0;0m[48;2;0;0;0m▀[0m[38;2;0;0;0m[48;2;0;0;0m▀[0m[38;2;0;0;0m[48;2;0;0;0m▀[0m[38;2;108;108;108m[48;2;0;0;0m▀[0m[38;2;177;177;177m[48;2;205;205;201m▀[0m[38;2;0;0;0m[48;2;129;129;129m▀[0m[38;2;0;0;0m[48;2;0;0;0m▀[0m[38;2;0;0;0m[48;2;0;0;0m▀[0m[38;2;0;0;0m[48;2;0;0;0m▀[0m[38;2;0;0;0m[48;2;0;0;0m▀[0m[38;2;0;0;0m[48;2;0;0;0m▀[0m[38;2;0;0;0m[48;2;0;0;0m▀[0m[38;2;0;0;0m[48;2;0;0;0m▀[0m[38;2;0;1;0m[48;2;0;0;0m▀[0m[38;2;0;0;0m[48;2;0;0;0m▀[0m[38;2;0;0;0m[48;2;0;0;0m▀[0m[38;2;0;0;0m[48;2;0;0;0m▀[0m[38;2;0;0;0m[48;2;0;0;0m▀[0m[38;2;0;0;0m[48;2;0;0;0m▀[0m[38;2;0;0;0m[48;2;0;0;0m▀[0m[38;2;0;0;1m[48;2;0;0;0m▀[0m[38;2;0;0;0m[48;2;0;0;0m▀[0m[38;2;0;0;0m[48;2;0;0;0m▀[0m[38;2;0;0;0m[48;2;0;0;0m▀[0m[38;2;0;0;0m[48;2;0;0;0m▀[0m[38;2;11;13;13m[48;2;9;9;11m▀[0m[38;2;55;57;57m[48;2;0;0;0m▀[0m[38;2;53;53;53m[48;2;0;0;0m▀[0m[38;2;4;4;4m[48;2;0;0;0m▀[0m[38;2;0;0;0m[48;2;0;0;0m▀[0m[38;2;0;0;0m[48;2;0;0;0m▀[0m[38;2;0;0;0m[48;2;63;61;64m▀[0m[38;2;0;0;0m[48;2;116;120;120m▀[0m[38;2;0;0;0m[48;2;0;0;0m▀[0m[38;2;0;0;0m[48;2;2;4;5m▀[0m[38;2;0;0;0m[48;2;73;76;78m▀[0m[38;2;147;148;148m[48;2;219;219;219m▀[0m[38;2;38;40;41m[48;2;140;141;140m▀[0m[38;2;219;219;219m[48;2;219;219;219m▀[0m[38;2;219;219;219m[48;2;219;219;219m▀[0m[38;2;219;219;219m[48;2;203;203;203m▀[0m[38;2;219;219;219m[48;2;128;131;129m▀[0m[38;2;194;196;196m[48;2;174;181;183m▀[0m[38;2;132;143;141m[48;2;219;219;219m▀[0m[38;2;219;219;219m[48;2;215;219;219m▀[0m[38;2;219;219;219m[48;2;84;0;0m▀[0m[38;2;0;45;43m[48;2;163;0;0m▀[0m[38;2;0;0;0m[48;2;219;0;0m▀[0m[38;2;219;0;0m[48;2;219;0;0m▀[0m[38;2;219;0;0m[48;2;149;0;0m▀[0m[38;2;141;0;0m[48;2;192;0;0m▀[0m[38;2;174;0;0m[48;2;206;0;0m▀[0m[38;2;190;0;0m[48;2;131;0;0m▀[0m[38;2;4;0;0m[48;2;166;0;0m▀[0m[38;2;52;10;4m[48;2;167;0;0m▀[0m[38;2;219;59;52m[48;2;0;0;0m▀[0m[38;2;22;47;63m[48;2;0;0;0m▀[0m[38;2;0;0;0m[48;2;0;0;0m▀[0m[38;2;0;0;0m[48;2;0;0;0m▀[0m[38;2;0;0;0m[48;2;0;0;0m▀[0m[38;2;0;0;0m[48;2;0;0;0m▀[0m[38;2;0;0;0m[48;2;0;0;0m▀[0m[38;2;0;0;0m[48;2;219;219;219m▀[0m[38;2;135;136;138m[48;2;219;219;219m▀[0m[38;2;219;219;219m[48;2;199;202;203m▀[0m[38;2;219;219;219m[48;2;219;219;219m▀[0m[38;2;219;219;219m[48;2;219;219;219m▀[0m[38;2;210;210;210m[48;2;165;165;165m▀[0m[38;2;219;219;219m[48;2;203;203;202m▀[0m[38;2;219;219;219m[48;2;219;219;219m▀[0m[38;2;219;219;219m[48;2;218;218;219m▀[0m[38;2;219;219;219m[48;2;219;219;219m▀[0m[38;2;219;219;219m[48;2;219;219;219m▀[0m[38;2;219;219;219m[48;2;219;219;219m▀[0m[38;2;188;190;187m[48;2;219;219;219m▀[0m[38;2;9;9;5m[48;2;165;168;167m▀[0m
[38;2;0;0;1m[48;2;1;1;1m▀[0m[38;2;0;0;0m[48;2;1;0;1m▀[0m[38;2;0;0;0m[48;2;0;0;0m▀[0m[38;2;0;0;0m[48;2;0;0;0m▀[0m[38;2;32;32;33m[48;2;0;0;0m▀[0m[38;2;219;219;219m[48;2;99;102;103m▀[0m[38;2;90;90;88m[48;2;219;219;219m▀[0m[38;2;0;0;0m[48;2;187;190;190m▀[0m[38;2;0;0;0m[48;2;188;190;190m▀[0m[38;2;0;0;0m[48;2;205;207;205m▀[0m[38;2;0;0;0m[48;2;201;203;202m▀[0m[38;2;16;15;15m[48;2;162;165;165m▀[0m[38;2;49;52;53m[48;2;87;89;94m▀[0m[38;2;32;35;38m[48;2;16;18;18m▀[0m[38;2;0;0;0m[48;2;0;0;0m▀[0m[38;2;0;0;0m[48;2;0;0;0m▀[0m[38;2;0;0;0m[48;2;0;0;0m▀[0m[38;2;0;0;0m[48;2;0;0;0m▀[0m[38;2;0;0;0m[48;2;0;0;0m▀[0m[38;2;1;0;0m[48;2;0;0;0m▀[0m[38;2;1;0;0m[48;2;0;0;0m▀[0m[38;2;0;0;0m[48;2;0;0;0m▀[0m[38;2;0;0;0m[48;2;0;0;1m▀[0m[38;2;0;0;0m[48;2;0;0;0m▀[0m[38;2;0;0;0m[48;2;0;0;0m▀[0m[38;2;0;0;0m[48;2;0;0;0m▀[0m[38;2;0;0;0m[48;2;0;0;0m▀[0m[38;2;0;0;0m[48;2;0;0;0m▀[0m[38;2;0;0;0m[48;2;1;1;2m▀[0m[38;2;0;0;0m[48;2;87;87;87m▀[0m[38;2;41;43;43m[48;2;82;85;82m▀[0m[38;2;202;202;200m[48;2;159;159;157m▀[0m[38;2;25;28;24m[48;2;0;0;0m▀[0m[38;2;18;18;18m[48;2;0;0;0m▀[0m[38;2;219;219;219m[48;2;219;219;219m▀[0m[38;2;219;219;219m[48;2;219;219;219m▀[0m[38;2;219;219;219m[48;2;219;219;219m▀[0m[38;2;219;219;219m[48;2;219;219;219m▀[0m[38;2;219;219;219m[48;2;219;219;219m▀[0m[38;2;219;219;219m[48;2;219;219;219m▀[0m[38;2;193;193;190m[48;2;219;219;219m▀[0m[38;2;184;185;185m[48;2;219;219;219m▀[0m[38;2;219;219;219m[48;2;198;212;211m▀[0m[38;2;203;215;214m[48;2;102;61;43m▀[0m[38;2;92;0;0m[48;2;184;168;161m▀[0m[38;2;218;65;55m[48;2;219;219;219m▀[0m[38;2;219;219;219m[48;2;219;219;219m▀[0m[38;2;219;219;219m[48;2;219;40;28m▀[0m[38;2;219;0;0m[48;2;219;89;83m▀[0m[38;2;219;33;11m[48;2;219;219;219m▀[0m[38;2;219;0;0m[48;2;219;3;0m▀[0m[38;2;219;0;0m[48;2;219;0;0m▀[0m[38;2;219;122;108m[48;2;219;205;202m▀[0m[38;2;219;122;118m[48;2;219;219;219m▀[0m[38;2;219;0;0m[48;2;219;169;147m▀[0m[38;2;219;0;0m[48;2;219;30;26m▀[0m[38;2;219;28;23m[48;2;219;155;151m▀[0m[38;2;219;219;219m[48;2;219;219;219m▀[0m[38;2;204;210;207m[48;2;219;219;219m▀[0m[38;2;219;219;219m[48;2;219;219;219m▀[0m[38;2;99;99;99m[48;2;219;219;219m▀[0m[38;2;47;49;49m[48;2;190;190;188m▀[0m[38;2;219;219;219m[48;2;208;208;208m▀[0m[38;2;219;219;219m[48;2;219;219;219m▀[0m[38;2;150;152;152m[48;2;219;219;219m▀[0m[38;2;142;147;151m[48;2;118;124;124m▀[0m[38;2;219;219;219m[48;2;151;154;157m▀[0m[38;2;202;202;202m[48;2;219;219;219m▀[0m[38;2;163;163;165m[48;2;157;157;158m▀[0m[38;2;219;219;219m[48;2;219;219;219m▀[0m[38;2;215;215;219m[48;2;215;218;218m▀[0m[38;2;219;216;216m[48;2;215;215;216m▀[0m[38;2;219;219;219m[48;2;215;216;216m▀[0m[38;2;219;219;219m[48;2;219;219;219m▀[0m[38;2;219;219;219m[48;2;188;188;188m▀[0m[38;2;219;219;219m[48;2;172;175;175m▀[0m
[38;2;0;1;0m[48;2;0;0;0m▀[0m[38;2;1;1;1m[48;2;0;0;0m▀[0m[38;2;0;0;0m[48;2;0;0;0m▀[0m[38;2;0;0;0m[48;2;0;0;0m▀[0m[38;2;0;0;0m[48;2;0;0;0m▀[0m[38;2;0;0;0m[48;2;0;0;0m▀[0m[38;2;88;91;92m[48;2;0;0;0m▀[0m[38;2;179;181;184m[48;2;0;0;0m▀[0m[38;2;138;140;141m[48;2;0;0;0m▀[0m[38;2;83;81;84m[48;2;0;0;0m▀[0m[38;2;18;20;20m[48;2;0;0;0m▀[0m[38;2;0;0;0m[48;2;0;0;0m▀[0m[38;2;0;0;0m[48;2;0;0;0m▀[0m[38;2;0;0;0m[48;2;0;0;0m▀[0m[38;2;0;0;0m[48;2;0;0;0m▀[0m[38;2;0;0;0m[48;2;0;0;0m▀[0m[38;2;0;0;0m[48;2;0;0;0m▀[0m[38;2;0;0;0m[48;2;0;0;0m▀[0m[38;2;0;0;0m[48;2;0;0;0m▀[0m[38;2;0;0;0m[48;2;0;0;0m▀[0m[38;2;0;0;0m[48;2;0;0;0m▀[0m[38;2;0;0;0m[48;2;0;0;0m▀[0m[38;2;0;0;0m[48;2;0;0;0m▀[0m[38;2;0;0;0m[48;2;0;0;0m▀[0m[38;2;0;0;0m[48;2;0;0;0m▀[0m[38;2;0;0;0m[48;2;0;0;0m▀[0m[38;2;0;0;0m[48;2;101;103;104m▀[0m[38;2;42;43;43m[48;2;168;169;166m▀[0m[38;2;119;122;122m[48;2;67;73;70m▀[0m[38;2;34;34;34m[48;2;110;116;113m▀[0m[38;2;175;175;175m[48;2;10;10;10m▀[0m[38;2;206;207;204m[48;2;154;159;157m▀[0m[38;2;18;21;20m[48;2;0;0;0m▀[0m[38;2;0;0;0m[48;2;0;0;0m▀[0m[38;2;0;5;5m[48;2;0;0;0m▀[0m[38;2;219;219;219m[48;2;119;124;125m▀[0m[38;2;219;219;219m[48;2;219;219;219m▀[0m[38;2;219;219;219m[48;2;219;219;219m▀[0m[38;2;219;219;219m[48;2;219;219;219m▀[0m[38;2;218;218;219m[48;2;216;216;219m▀[0m[38;2;219;219;219m[48;2;219;219;219m▀[0m[38;2;200;203;203m[48;2;197;200;196m▀[0m[38;2;122;135;128m[48;2;196;202;198m▀[0m[38;2;190;196;190m[48;2;219;219;219m▀[0m[38;2;219;219;219m[48;2;219;219;219m▀[0m[38;2;219;219;219m[48;2;219;219;219m▀[0m[38;2;219;219;219m[48;2;213;219;219m▀[0m[38;2;219;0;0m[48;2;219;31;15m▀[0m[38;2;216;219;219m[48;2;214;219;219m▀[0m[38;2;219;219;219m[48;2;219;219;219m▀[0m[38;2;219;122;115m[48;2;219;142;132m▀[0m[38;2;219;0;0m[48;2;219;0;0m▀[0m[38;2;214;214;209m[48;2;209;219;219m▀[0m[38;2;219;219;219m[48;2;219;219;219m▀[0m[38;2;219;109;100m[48;2;202;177;169m▀[0m[38;2;218;150;142m[48;2;203;189;188m▀[0m[38;2;219;104;94m[48;2;219;74;64m▀[0m[38;2;219;219;219m[48;2;219;219;219m▀[0m[38;2;219;219;219m[48;2;219;219;219m▀[0m[38;2;219;219;219m[48;2;219;219;219m▀[0m[38;2;219;219;219m[48;2;219;219;219m▀[0m[38;2;219;219;219m[48;2;217;219;219m▀[0m[38;2;219;219;219m[48;2;219;219;219m▀[0m[38;2;219;219;219m[48;2;219;219;219m▀[0m[38;2;219;219;219m[48;2;219;219;219m▀[0m[38;2;210;212;212m[48;2;219;219;219m▀[0m[38;2;147;153;156m[48;2;215;218;217m▀[0m[38;2;219;219;219m[48;2;219;219;219m▀[0m[38;2;185;184;184m[48;2;198;200;200m▀[0m[38;2;211;211;212m[48;2;207;207;208m▀[0m[38;2;219;219;219m[48;2;219;219;219m▀[0m[38;2;215;216;216m[48;2;218;217;218m▀[0m[38;2;216;216;216m[48;2;219;219;219m▀[0m[38;2;219;219;219m[48;2;219;219;219m▀[0m[38;2;219;219;219m[48;2;219;219;219m▀[0m[38;2;139;139;139m[48;2;135;135;133m▀[0m
[38;2;0;0;0m[48;2;106;108;109m▀[0m[38;2;0;0;0m[48;2;0;0;0m▀[0m[38;2;0;0;0m[48;2;0;0;0m▀[0m[38;2;0;0;0m[48;2;0;0;0m▀[0m[38;2;0;0;0m[48;2;0;0;0m▀[0m[38;2;0;0;0m[48;2;0;0;0m▀[0m[38;2;0;0;0m[48;2;0;0;0m▀[0m[38;2;0;0;0m[48;2;0;0;0m▀[0m[38;2;0;0;0m[48;2;0;0;0m▀[0m[38;2;0;0;0m[48;2;0;0;0m▀[0m[38;2;0;0;0m[48;2;0;0;0m▀[0m[38;2;0;0;0m[48;2;0;0;0m▀[0m[38;2;0;0;0m[48;2;0;0;0m▀[0m[38;2;0;0;0m[48;2;0;0;0m▀[0m[38;2;0;0;0m[48;2;0;0;0m▀[0m[38;2;0;0;0m[48;2;0;0;0m▀[0m[38;2;0;0;0m[48;2;77;79;81m▀[0m[38;2;0;0;0m[48;2;42;45;45m▀[0m[38;2;0;0;0m[48;2;0;0;0m▀[0m[38;2;0;0;0m[48;2;0;0;0m▀[0m[38;2;0;0;0m[48;2;0;0;0m▀[0m[38;2;0;0;0m[48;2;61;62;61m▀[0m[38;2;0;0;0m[48;2;132;134;135m▀[0m[38;2;45;47;45m[48;2;112;117;115m▀[0m[38;2;76;78;79m[48;2;101;103;101m▀[0m[38;2;158;159;158m[48;2;219;219;219m▀[0m[38;2;188;186;184m[48;2;172;172;170m▀[0m[38;2;110;112;110m[48;2;67;69;69m▀[0m[38;2;116;117;117m[48;2;0;0;0m▀[0m[38;2;0;0;0m[48;2;0;0;0m▀[0m[38;2;0;0;0m[48;2;0;0;0m▀[0m[38;2;0;0;0m[48;2;0;0;0m▀[0m[38;2;0;0;0m[48;2;0;0;0m▀[0m[38;2;0;0;0m[48;2;0;0;0m▀[0m[38;2;0;0;0m[48;2;0;0;0m▀[0m[38;2;0;0;0m[48;2;0;0;0m▀[0m[38;2;219;219;219m[48;2;89;91;91m▀[0m[38;2;219;219;219m[48;2;219;219;219m▀[0m[38;2;219;219;219m[48;2;219;219;219m▀[0m[38;2;215;218;218m[48;2;219;219;219m▀[0m[38;2;216;216;219m[48;2;216;216;217m▀[0m[38;2;219;219;219m[48;2;219;216;216m▀[0m[38;2;219;219;219m[48;2;216;216;216m▀[0m[38;2;215;219;219m[48;2;215;219;219m▀[0m[38;2;214;219;219m[48;2;215;219;219m▀[0m[38;2;217;219;219m[48;2;219;219;219m▀[0m[38;2;215;215;209m[48;2;219;172;160m▀[0m[38;2;219;102;79m[48;2;219;125;110m▀[0m[38;2;219;219;219m[48;2;219;219;219m▀[0m[38;2;215;219;219m[48;2;215;219;219m▀[0m[38;2;219;98;87m[48;2;219;52;46m▀[0m[38;2;219;0;0m[48;2;219;0;0m▀[0m[38;2;213;219;219m[48;2;219;219;219m▀[0m[38;2;219;219;219m[48;2;219;219;219m▀[0m[38;2;219;219;219m[48;2;215;219;219m▀[0m[38;2;219;219;219m[48;2;219;219;219m▀[0m[38;2;219;73;73m[48;2;219;98;95m▀[0m[38;2;214;155;147m[48;2;208;0;0m▀[0m[38;2;219;219;219m[48;2;114;169;164m▀[0m[38;2;219;219;219m[48;2;137;148;148m▀[0m[38;2;219;219;219m[48;2;161;166;164m▀[0m[38;2;219;219;219m[48;2;208;209;207m▀[0m[38;2;219;219;219m[48;2;219;219;219m▀[0m[38;2;219;219;219m[48;2;219;219;219m▀[0m[38;2;219;219;219m[48;2;219;219;219m▀[0m[38;2;219;218;219m[48;2;219;218;219m▀[0m[38;2;219;219;219m[48;2;216;216;217m▀[0m[38;2;216;219;218m[48;2;216;216;216m▀[0m[38;2;214;215;215m[48;2;216;216;217m▀[0m[38;2;216;216;217m[48;2;219;219;219m▀[0m[38;2;219;219;219m[48;2;218;218;219m▀[0m[38;2;218;218;219m[48;2;217;217;217m▀[0m[38;2;219;219;219m[48;2;215;219;219m▀[0m[38;2;219;219;219m[48;2;219;219;219m▀[0m[38;2;219;219;219m[48;2;219;219;219m▀[0m[38;2;92;92;92m[48;2;63;63;61m▀[0m
[38;2;219;219;219m[48;2;184;186;185m▀[0m[38;2;0;2;2m[48;2;61;64;66m▀[0m[38;2;0;0;0m[48;2;0;0;0m▀[0m[38;2;0;0;0m[48;2;0;0;0m▀[0m[38;2;0;0;0m[48;2;0;0;0m▀[0m[38;2;0;0;0m[48;2;0;0;0m▀[0m[38;2;0;0;0m[48;2;112;114;114m▀[0m[38;2;0;0;0m[48;2;0;0;0m▀[0m[38;2;0;0;0m[48;2;0;0;0m▀[0m[38;2;0;0;0m[48;2;0;0;0m▀[0m[38;2;0;0;0m[48;2;0;0;0m▀[0m[38;2;0;0;0m[48;2;0;0;0m▀[0m[38;2;0;0;0m[48;2;136;139;138m▀[0m[38;2;50;52;52m[48;2;110;111;111m▀[0m[38;2;110;113;116m[48;2;0;0;0m▀[0m[38;2;181;183;184m[48;2;172;174;175m▀[0m[38;2;219;219;219m[48;2;183;184;181m▀[0m[38;2;81;84;84m[48;2;66;67;66m▀[0m[38;2;67;67;67m[48;2;26;29;29m▀[0m[38;2;116;117;116m[48;2;0;0;0m▀[0m[38;2;116;119;116m[48;2;0;0;0m▀[0m[38;2;76;78;76m[48;2;0;0;0m▀[0m[38;2;63;64;61m[48;2;44;45;40m▀[0m[38;2;113;115;113m[48;2;0;0;0m▀[0m[38;2;204;206;204m[48;2;11;16;17m▀[0m[38;2;211;213;211m[48;2;0;0;0m▀[0m[38;2;0;0;0m[48;2;0;0;0m▀[0m[38;2;0;0;0m[48;2;0;0;0m▀[0m[38;2;0;0;0m[48;2;0;0;0m▀[0m[38;2;0;0;0m[48;2;0;0;0m▀[0m[38;2;0;0;0m[48;2;0;0;0m▀[0m[38;2;0;0;3m[48;2;0;0;0m▀[0m[38;2;1;0;1m[48;2;0;0;0m▀[0m[38;2;0;0;0m[48;2;0;0;0m▀[0m[38;2;0;0;0m[48;2;0;0;0m▀[0m[38;2;0;0;0m[48;2;0;0;0m▀[0m[38;2;92;95;96m[48;2;92;99;92m▀[0m[38;2;219;219;219m[48;2;219;219;219m▀[0m[38;2;219;219;219m[48;2;219;219;219m▀[0m[38;2;219;219;219m[48;2;219;219;219m▀[0m[38;2;216;216;216m[48;2;216;216;217m▀[0m[38;2;216;216;216m[48;2;217;217;217m▀[0m[38;2;217;217;217m[48;2;217;217;217m▀[0m[38;2;216;219;219m[48;2;216;219;219m▀[0m[38;2;216;219;219m[48;2;216;219;219m▀[0m[38;2;219;219;219m[48;2;213;219;219m▀[0m[38;2;219;79;61m[48;2;219;0;0m▀[0m[38;2;219;173;163m[48;2;214;216;214m▀[0m[38;2;219;219;219m[48;2;219;219;219m▀[0m[38;2;215;219;219m[48;2;219;219;219m▀[0m[38;2;219;43;35m[48;2;219;49;40m▀[0m[38;2;219;7;0m[48;2;219;60;52m▀[0m[38;2;219;219;219m[48;2;219;219;219m▀[0m[38;2;216;219;219m[48;2;216;219;219m▀[0m[38;2;214;219;219m[48;2;216;219;219m▀[0m[38;2;219;219;219m[48;2;215;219;219m▀[0m[38;2;219;169;164m[48;2;219;219;219m▀[0m[38;2;219;0;0m[48;2;215;219;219m▀[0m[38;2;179;196;193m[48;2;219;219;219m▀[0m[38;2;150;165;163m[48;2;219;219;219m▀[0m[38;2;99;104;104m[48;2;219;219;219m▀[0m[38;2;87;93;92m[48;2;196;199;198m▀[0m[38;2;133;136;135m[48;2;163;165;165m▀[0m[38;2;190;193;190m[48;2;141;144;143m▀[0m[38;2;219;219;219m[48;2;161;164;164m▀[0m[38;2;219;219;219m[48;2;210;212;210m▀[0m[38;2;219;219;216m[48;2;219;219;219m▀[0m[38;2;217;217;218m[48;2;217;216;217m▀[0m[38;2;215;215;216m[48;2;215;216;217m▀[0m[38;2;218;218;218m[48;2;216;216;217m▀[0m[38;2;219;218;219m[48;2;216;216;217m▀[0m[38;2;218;218;218m[48;2;217;217;217m▀[0m[38;2;216;216;217m[48;2;216;216;217m▀[0m[38;2;219;219;219m[48;2;216;219;219m▀[0m[38;2;219;219;219m[48;2;219;219;219m▀[0m[38;2;133;133;133m[48;2;219;219;219m▀[0m
[38;2;207;209;209m[48;2;188;190;190m▀[0m[38;2;82;85;86m[48;2;12;18;21m▀[0m[38;2;0;0;0m[48;2;0;0;0m▀[0m[38;2;0;0;0m[48;2;124;123;123m▀[0m[38;2;0;0;0m[48;2;219;219;219m▀[0m[38;2;219;219;219m[48;2;219;219;219m▀[0m[38;2;101;103;103m[48;2;75;76;73m▀[0m[38;2;0;1;1m[48;2;67;66;61m▀[0m[38;2;0;0;0m[48;2;0;0;0m▀[0m[38;2;0;0;0m[48;2;0;0;0m▀[0m[38;2;0;0;0m[48;2;22;24;24m▀[0m[38;2;125;124;124m[48;2;50;54;51m▀[0m[38;2;109;112;110m[48;2;150;154;150m▀[0m[38;2;116;119;119m[48;2;196;201;198m▀[0m[38;2;171;172;172m[48;2;166;166;167m▀[0m[38;2;182;185;183m[48;2;158;159;159m▀[0m[38;2;104;104;104m[48;2;180;181;178m▀[0m[38;2;100;103;103m[48;2;184;184;184m▀[0m[38;2;104;106;104m[48;2;189;189;186m▀[0m[38;2;113;113;110m[48;2;190;189;189m▀[0m[38;2;119;116;116m[48;2;188;185;185m▀[0m[38;2;109;106;106m[48;2;180;179;179m▀[0m[38;2;62;60;60m[48;2;182;180;178m▀[0m[38;2;23;20;20m[48;2;186;181;183m▀[0m[38;2;0;0;0m[48;2;190;187;187m▀[0m[38;2;0;0;0m[48;2;194;194;194m▀[0m[38;2;0;0;0m[48;2;187;184;184m▀[0m[38;2;0;0;0m[48;2;161;160;160m▀[0m[38;2;0;0;0m[48;2;110;110;107m▀[0m[38;2;0;0;0m[48;2;32;35;34m▀[0m[38;2;0;0;0m[48;2;0;0;0m▀[0m[38;2;0;0;0m[48;2;0;0;0m▀[0m[38;2;0;0;0m[48;2;0;0;0m▀[0m[38;2;0;0;0m[48;2;0;0;0m▀[0m[38;2;0;0;0m[48;2;0;0;0m▀[0m[38;2;0;0;0m[48;2;0;0;0m▀[0m[38;2;32;38;36m[48;2;0;3;0m▀[0m[38;2;219;219;219m[48;2;219;219;219m▀[0m[38;2;219;219;219m[48;2;219;219;219m▀[0m[38;2;219;219;219m[48;2;219;219;219m▀[0m[38;2;215;215;216m[48;2;216;216;216m▀[0m[38;2;217;217;217m[48;2;216;216;216m▀[0m[38;2;216;219;219m[48;2;217;215;215m▀[0m[38;2;216;219;219m[48;2;219;219;219m▀[0m[38;2;219;219;219m[48;2;219;154;151m▀[0m[38;2;211;219;212m[48;2;219;66;55m▀[0m[38;2;219;0;0m[48;2;219;185;183m▀[0m[38;2;217;202;197m[48;2;213;219;219m▀[0m[38;2;219;219;219m[48;2;219;219;219m▀[0m[38;2;219;219;219m[48;2;219;219;219m▀[0m[38;2;219;90;79m[48;2;219;139;133m▀[0m[38;2;219;104;93m[48;2;219;148;139m▀[0m[38;2;219;219;219m[48;2;216;219;219m▀[0m[38;2;216;219;219m[48;2;215;219;219m▀[0m[38;2;215;219;219m[48;2;216;216;219m▀[0m[38;2;215;219;219m[48;2;216;216;217m▀[0m[38;2;219;219;219m[48;2;216;216;216m▀[0m[38;2;219;219;219m[48;2;216;215;216m▀[0m[38;2;219;219;219m[48;2;216;219;219m▀[0m[38;2;219;219;219m[48;2;215;218;219m▀[0m[38;2;219;219;219m[48;2;218;218;219m▀[0m[38;2;219;219;219m[48;2;219;219;219m▀[0m[38;2;219;219;219m[48;2;219;218;219m▀[0m[38;2;219;219;219m[48;2;219;219;219m▀[0m[38;2;194;193;193m[48;2;219;219;219m▀[0m[38;2;208;208;208m[48;2;219;219;219m▀[0m[38;2;219;219;219m[48;2;218;218;215m▀[0m[38;2;219;219;219m[48;2;219;219;219m▀[0m[38;2;213;215;215m[48;2;202;205;204m▀[0m[38;2;216;216;214m[48;2;155;160;160m▀[0m[38;2;219;219;219m[48;2;219;219;219m▀[0m[38;2;216;216;216m[48;2;217;217;217m▀[0m[38;2;216;215;215m[48;2;215;215;215m▀[0m[38;2;216;216;216m[48;2;216;216;217m▀[0m[38;2;219;218;219m[48;2;216;216;216m▀[0m[38;2;219;219;219m[48;2;215;216;216m▀[0m
[38;2;153;154;155m[48;2;219;219;219m▀[0m[38;2;168;170;170m[48;2;219;219;219m▀[0m[38;2;219;219;219m[48;2;219;219;219m▀[0m[38;2;219;219;219m[48;2;178;179;179m▀[0m[38;2;219;219;219m[48;2;146;149;147m▀[0m[38;2;122;121;121m[48;2;148;151;148m▀[0m[38;2;159;159;156m[48;2;201;200;200m▀[0m[38;2;108;108;105m[48;2;123;125;125m▀[0m[38;2;0;0;0m[48;2;0;0;0m▀[0m[38;2;0;0;0m[48;2;7;9;10m▀[0m[38;2;30;31;32m[48;2;199;205;204m▀[0m[38;2;184;190;189m[48;2;176;182;181m▀[0m[38;2;180;186;182m[48;2;159;160;164m▀[0m[38;2;157;160;158m[48;2;154;156;154m▀[0m[38;2;156;159;158m[48;2;153;154;153m▀[0m[38;2;151;154;154m[48;2;153;153;152m▀[0m[38;2;151;153;153m[48;2;149;152;149m▀[0m[38;2;153;153;151m[48;2;145;142;145m▀[0m[38;2;153;153;153m[48;2;129;132;132m▀[0m[38;2;141;139;141m[48;2;151;154;154m▀[0m[38;2;137;135;137m[48;2;208;208;208m▀[0m[38;2;164;166;166m[48;2;219;219;219m▀[0m[38;2;196;196;196m[48;2;219;219;219m▀[0m[38;2;219;219;219m[48;2;219;219;219m▀[0m[38;2;219;219;219m[48;2;219;219;219m▀[0m[38;2;219;219;219m[48;2;219;219;219m▀[0m[38;2;219;219;219m[48;2;219;219;219m▀[0m[38;2;219;219;219m[48;2;219;219;219m▀[0m[38;2;219;219;219m[48;2;219;219;219m▀[0m[38;2;219;219;219m[48;2;219;219;219m▀[0m[38;2;219;219;219m[48;2;219;219;219m▀[0m[38;2;192;204;199m[48;2;219;219;219m▀[0m[38;2;99;116;116m[48;2;219;219;219m▀[0m[38;2;0;28;31m[48;2;219;219;219m▀[0m[38;2;0;0;0m[48;2;219;92;76m▀[0m[38;2;0;0;0m[48;2;86;0;0m▀[0m[38;2;0;0;0m[48;2;0;0;0m▀[0m[38;2;219;219;219m[48;2;208;219;219m▀[0m[38;2;219;219;219m[48;2;219;219;219m▀[0m[38;2;219;219;219m[48;2;219;219;219m▀[0m[38;2;217;217;217m[48;2;216;216;216m▀[0m[38;2;216;216;217m[48;2;216;216;216m▀[0m[38;2;217;215;218m[48;2;217;219;219m▀[0m[38;2;219;219;219m[48;2;217;219;219m▀[0m[38;2;217;181;178m[48;2;216;219;219m▀[0m[38;2;219;150;141m[48;2;216;219;219m▀[0m[38;2;219;219;219m[48;2;215;219;219m▀[0m[38;2;217;219;219m[48;2;215;219;219m▀[0m[38;2;219;219;219m[48;2;216;219;219m▀[0m[38;2;219;219;219m[48;2;219;219;219m▀[0m[38;2;219;158;153m[48;2;219;165;159m▀[0m[38;2;219;170;163m[48;2;217;182;178m▀[0m[38;2;217;219;219m[48;2;217;219;219m▀[0m[38;2;216;219;219m[48;2;216;219;219m▀[0m[38;2;216;216;217m[48;2;216;216;217m▀[0m[38;2;216;216;217m[48;2;216;216;217m▀[0m[38;2;216;216;217m[48;2;217;217;217m▀[0m[38;2;215;215;216m[48;2;217;217;218m▀[0m[38;2;216;216;216m[48;2;216;216;217m▀[0m[38;2;216;216;217m[48;2;216;216;217m▀[0m[38;2;217;217;218m[48;2;217;217;217m▀[0m[38;2;217;216;217m[48;2;216;216;217m▀[0m[38;2;216;216;216m[48;2;216;216;217m▀[0m[38;2;216;216;217m[48;2;217;217;218m▀[0m[38;2;216;216;217m[48;2;217;217;217m▀[0m[38;2;216;216;216m[48;2;217;215;218m▀[0m[38;2;216;216;217m[48;2;216;216;217m▀[0m[38;2;219;219;219m[48;2;218;218;219m▀[0m[38;2;216;219;218m[48;2;219;219;219m▀[0m[38;2;132;135;135m[48;2;149;151;153m▀[0m[38;2;219;219;219m[48;2;201;202;202m▀[0m[38;2;219;219;219m[48;2;219;219;219m▀[0m[38;2;219;219;219m[48;2;219;219;219m▀[0m[38;2;216;216;216m[48;2;218;218;218m▀[0m[38;2;216;216;217m[48;2;215;215;216m▀[0m[38;2;215;216;216m[48;2;215;216;216m▀[0m
[38;2;149;151;152m[48;2;140;141;142m▀[0m[38;2;135;136;136m[48;2;145;146;143m▀[0m[38;2;129;132;129m[48;2;147;148;147m▀[0m[38;2;138;139;136m[48;2;151;152;149m▀[0m[38;2;147;149;147m[48;2;152;153;153m▀[0m[38;2;153;155;155m[48;2;154;153;155m▀[0m[38;2;176;175;175m[48;2;161;163;163m▀[0m[38;2;141;140;141m[48;2;163;162;163m▀[0m[38;2;0;0;0m[48;2;60;61;62m▀[0m[38;2;160;164;165m[48;2;174;175;172m▀[0m[38;2;182;185;186m[48;2;163;165;163m▀[0m[38;2;161;163;161m[48;2;156;159;156m▀[0m[38;2;158;157;158m[48;2;153;153;152m▀[0m[38;2;153;153;153m[48;2;153;153;153m▀[0m[38;2;153;153;152m[48;2;149;149;150m▀[0m[38;2;150;153;150m[48;2;139;139;136m▀[0m[38;2;139;139;139m[48;2;140;140;140m▀[0m[38;2;133;135;135m[48;2;213;215;215m▀[0m[38;2;191;194;194m[48;2;219;219;219m▀[0m[38;2;219;219;219m[48;2;219;219;219m▀[0m[38;2;219;219;219m[48;2;219;219;219m▀[0m[38;2;219;219;219m[48;2;219;219;219m▀[0m[38;2;217;219;219m[48;2;219;219;219m▀[0m[38;2;217;219;219m[48;2;216;219;219m▀[0m[38;2;219;219;219m[48;2;215;219;219m▀[0m[38;2;217;219;219m[48;2;215;219;219m▀[0m[38;2;219;219;219m[48;2;219;219;219m▀[0m[38;2;219;219;219m[48;2;215;211;210m▀[0m[38;2;219;219;219m[48;2;219;97;92m▀[0m[38;2;219;219;219m[48;2;219;53;43m▀[0m[38;2;219;135;133m[48;2;219;100;95m▀[0m[38;2;219;44;37m[48;2;218;202;200m▀[0m[38;2;219;3;0m[48;2;205;208;202m▀[0m[38;2;219;36;34m[48;2;216;219;219m▀[0m[38;2;219;2;0m[48;2;219;51;43m▀[0m[38;2;219;0;0m[48;2;219;0;0m▀[0m[38;2;0;0;0m[48;2;158;0;0m▀[0m[38;2;72;144;143m[48;2;0;38;38m▀[0m[38;2;219;219;219m[48;2;219;219;219m▀[0m[38;2;219;219;219m[48;2;219;219;219m▀[0m[38;2;219;219;219m[48;2;219;219;219m▀[0m[38;2;216;216;216m[48;2;216;216;216m▀[0m[38;2;215;217;217m[48;2;215;215;216m▀[0m[38;2;217;217;217m[48;2;216;216;216m▀[0m[38;2;217;218;215m[48;2;217;217;217m▀[0m[38;2;217;215;215m[48;2;217;217;217m▀[0m[38;2;215;218;219m[48;2;217;217;217m▀[0m[38;2;215;215;219m[48;2;217;215;219m▀[0m[38;2;216;219;219m[48;2;216;219;219m▀[0m[38;2;219;219;219m[48;2;219;219;219m▀[0m[38;2;218;165;159m[48;2;215;156;152m▀[0m[38;2;217;191;187m[48;2;217;194;192m▀[0m[38;2;216;219;219m[48;2;216;219;219m▀[0m[38;2;215;218;219m[48;2;215;218;219m▀[0m[38;2;215;216;216m[48;2;216;216;216m▀[0m[38;2;215;216;216m[48;2;216;216;217m▀[0m[38;2;217;217;218m[48;2;216;216;217m▀[0m[38;2;215;217;217m[48;2;215;215;215m▀[0m[38;2;216;216;217m[48;2;216;216;216m▀[0m[38;2;216;216;217m[48;2;216;216;216m▀[0m[38;2;216;216;217m[48;2;216;216;217m▀[0m[38;2;217;217;217m[48;2;216;216;217m▀[0m[38;2;216;216;217m[48;2;216;216;217m▀[0m[38;2;217;217;217m[48;2;216;216;217m▀[0m[38;2;217;217;217m[48;2;216;216;217m▀[0m[38;2;216;216;217m[48;2;215;215;216m▀[0m[38;2;215;215;216m[48;2;215;215;216m▀[0m[38;2;219;219;219m[48;2;216;216;216m▀[0m[38;2;219;219;219m[48;2;219;219;219m▀[0m[38;2;207;208;208m[48;2;219;219;219m▀[0m[38;2;76;81;79m[48;2;140;140;141m▀[0m[38;2;219;219;219m[48;2;98;99;97m▀[0m[38;2;219;219;219m[48;2;219;219;219m▀[0m[38;2;219;219;219m[48;2;219;219;219m▀[0m[38;2;216;216;216m[48;2;219;219;219m▀[0m[38;2;216;216;217m[48;2;217;217;218m▀[0m
[38;2;149;153;149m[48;2;152;153;153m▀[0m[38;2;152;150;148m[48;2;152;152;152m▀[0m[38;2;150;152;150m[48;2;151;153;151m▀[0m[38;2;151;153;151m[48;2;151;153;153m▀[0m[38;2;151;153;153m[48;2;151;153;153m▀[0m[38;2;154;152;152m[48;2;151;153;151m▀[0m[38;2;156;157;154m[48;2;151;153;151m▀[0m[38;2;159;161;159m[48;2;153;155;153m▀[0m[38;2;150;149;150m[48;2;158;157;155m▀[0m[38;2;159;158;158m[48;2;156;156;153m▀[0m[38;2;160;157;159m[48;2;153;153;152m▀[0m[38;2;153;153;153m[48;2;153;154;153m▀[0m[38;2;153;153;153m[48;2;151;151;151m▀[0m[38;2;151;151;148m[48;2;147;147;147m▀[0m[38;2;141;141;141m[48;2;130;130;130m▀[0m[38;2;134;135;134m[48;2;201;200;200m▀[0m[38;2;216;219;216m[48;2;219;219;219m▀[0m[38;2;219;219;219m[48;2;219;219;219m▀[0m[38;2;219;219;219m[48;2;217;217;218m▀[0m[38;2;219;219;219m[48;2;216;216;216m▀[0m[38;2;216;216;216m[48;2;216;216;217m▀[0m[38;2;216;216;216m[48;2;215;218;215m▀[0m[38;2;216;219;219m[48;2;216;219;219m▀[0m[38;2;216;219;219m[48;2;219;219;219m▀[0m[38;2;219;219;219m[48;2;219;219;219m▀[0m[38;2;217;219;219m[48;2;219;0;0m▀[0m[38;2;219;71;64m[48;2;219;11;0m▀[0m[38;2;219;12;0m[48;2;214;219;219m▀[0m[38;2;219;148;141m[48;2;219;219;219m▀[0m[38;2;219;219;219m[48;2;219;219;219m▀[0m[38;2;219;219;219m[48;2;219;219;219m▀[0m[38;2;217;219;219m[48;2;219;141;131m▀[0m[38;2;219;0;0m[48;2;219;0;0m▀[0m[38;2;219;0;0m[48;2;219;0;0m▀[0m[38;2;219;0;0m[48;2;219;0;0m▀[0m[38;2;219;0;0m[48;2;219;0;0m▀[0m[38;2;219;0;0m[48;2;219;0;0m▀[0m[38;2;4;0;0m[48;2;199;0;0m▀[0m[38;2;176;219;219m[48;2;11;60;57m▀[0m[38;2;219;219;219m[48;2;219;219;219m▀[0m[38;2;219;219;219m[48;2;219;219;219m▀[0m[38;2;218;218;218m[48;2;219;219;219m▀[0m[38;2;216;216;217m[48;2;219;219;219m▀[0m[38;2;216;216;216m[48;2;217;217;218m▀[0m[38;2;216;216;217m[48;2;216;216;217m▀[0m[38;2;216;216;217m[48;2;216;216;217m▀[0m[38;2;216;216;217m[48;2;216;216;217m▀[0m[38;2;216;219;219m[48;2;216;219;219m▀[0m[38;2;217;219;219m[48;2;217;219;219m▀[0m[38;2;219;219;219m[48;2;219;219;219m▀[0m[38;2;219;113;104m[48;2;219;22;9m▀[0m[38;2;219;180;176m[48;2;219;153;143m▀[0m[38;2;216;219;219m[48;2;216;219;219m▀[0m[38;2;215;219;219m[48;2;217;219;219m▀[0m[38;2;217;216;217m[48;2;216;219;219m▀[0m[38;2;216;216;216m[48;2;215;215;216m▀[0m[38;2;216;216;217m[48;2;216;216;216m▀[0m[38;2;215;215;216m[48;2;216;216;217m▀[0m[38;2;215;217;215m[48;2;216;216;217m▀[0m[38;2;217;217;218m[48;2;216;216;217m▀[0m[38;2;216;216;217m[48;2;215;219;216m▀[0m[38;2;215;216;217m[48;2;219;219;219m▀[0m[38;2;215;215;216m[48;2;219;219;219m▀[0m[38;2;215;215;216m[48;2;219;219;219m▀[0m[38;2;216;216;217m[48;2;219;219;219m▀[0m[38;2;216;216;217m[48;2;219;219;219m▀[0m[38;2;216;216;216m[48;2;219;219;219m▀[0m[38;2;217;217;217m[48;2;219;219;216m▀[0m[38;2;219;219;219m[48;2;219;219;219m▀[0m[38;2;219;219;219m[48;2;219;219;219m▀[0m[38;2;219;219;219m[48;2;219;219;219m▀[0m[38;2;53;52;48m[48;2;167;167;165m▀[0m[38;2;191;191;191m[48;2;73;73;72m▀[0m[38;2;219;219;219m[48;2;219;219;219m▀[0m[38;2;219;219;219m[48;2;219;219;219m▀[0m[38;2;219;219;219m[48;2;219;219;219m▀[0m
[38;2;152;153;153m[48;2;152;153;153m▀[0m[38;2;151;153;153m[48;2;152;153;153m▀[0m[38;2;151;153;151m[48;2;151;153;153m▀[0m[38;2;153;153;153m[48;2;151;153;153m▀[0m[38;2;152;153;152m[48;2;151;153;153m▀[0m[38;2;151;153;151m[48;2;152;153;152m▀[0m[38;2;151;153;151m[48;2;151;153;153m▀[0m[38;2;153;153;151m[48;2;153;153;153m▀[0m[38;2;153;153;153m[48;2;153;153;153m▀[0m[38;2;153;153;153m[48;2;153;153;153m▀[0m[38;2;153;153;153m[48;2;153;153;152m▀[0m[38;2;153;153;153m[48;2;152;152;149m▀[0m[38;2;151;151;148m[48;2;143;143;143m▀[0m[38;2;130;133;130m[48;2;136;136;136m▀[0m[38;2;162;163;160m[48;2;219;219;219m▀[0m[38;2;219;219;219m[48;2;219;219;219m▀[0m[38;2;219;219;219m[48;2;219;219;219m▀[0m[38;2;219;219;219m[48;2;216;216;216m▀[0m[38;2;216;216;217m[48;2;217;217;217m▀[0m[38;2;216;216;217m[48;2;217;217;217m▀[0m[38;2;216;216;217m[48;2;216;216;217m▀[0m[38;2;214;219;219m[48;2;216;215;216m▀[0m[38;2;215;219;219m[48;2;219;219;219m▀[0m[38;2;214;219;219m[48;2;219;89;85m▀[0m[38;2;219;0;0m[48;2;219;0;0m▀[0m[38;2;219;0;0m[48;2;216;219;219m▀[0m[38;2;219;219;219m[48;2;219;219;219m▀[0m[38;2;219;219;219m[48;2;216;219;219m▀[0m[38;2;219;219;219m[48;2;216;219;219m▀[0m[38;2;219;219;219m[48;2;217;219;219m▀[0m[38;2;214;218;215m[48;2;219;13;0m▀[0m[38;2;219;0;0m[48;2;219;177;173m▀[0m[38;2;215;163;165m[48;2;217;219;219m▀[0m[38;2;219;48;35m[48;2;219;42;31m▀[0m[38;2;219;0;0m[48;2;219;0;0m▀[0m[38;2;219;0;0m[48;2;219;123;109m▀[0m[38;2;219;38;30m[48;2;202;215;215m▀[0m[38;2;219;186;179m[48;2;219;219;219m▀[0m[38;2;57;106;99m[48;2;219;219;219m▀[0m[38;2;136;147;144m[48;2;41;46;43m▀[0m[38;2;219;219;219m[48;2;197;200;196m▀[0m[38;2;219;219;219m[48;2;219;219;219m▀[0m[38;2;219;219;219m[48;2;219;219;219m▀[0m[38;2;218;217;218m[48;2;219;219;219m▀[0m[38;2;216;216;216m[48;2;216;216;217m▀[0m[38;2;217;217;217m[48;2;217;217;217m▀[0m[38;2;217;217;217m[48;2;216;216;217m▀[0m[38;2;215;219;219m[48;2;217;219;219m▀[0m[38;2;216;219;219m[48;2;217;219;219m▀[0m[38;2;214;219;219m[48;2;213;219;219m▀[0m[38;2;219;0;0m[48;2;219;0;0m▀[0m[38;2;219;136;126m[48;2;219;101;91m▀[0m[38;2;216;219;219m[48;2;215;219;219m▀[0m[38;2;216;219;219m[48;2;215;219;219m▀[0m[38;2;215;218;219m[48;2;215;218;218m▀[0m[38;2;216;216;216m[48;2;216;216;216m▀[0m[38;2;216;216;216m[48;2;216;216;216m▀[0m[38;2;216;216;216m[48;2;216;216;216m▀[0m[38;2;215;216;216m[48;2;216;216;216m▀[0m[38;2;219;219;219m[48;2;215;216;216m▀[0m[38;2;219;219;219m[48;2;219;219;219m▀[0m[38;2;219;219;219m[48;2;190;191;191m▀[0m[38;2;190;191;191m[48;2;102;107;106m▀[0m[38;2;194;196;196m[48;2;130;132;132m▀[0m[38;2;219;219;219m[48;2;219;219;219m▀[0m[38;2;219;219;219m[48;2;219;219;219m▀[0m[38;2;219;219;219m[48;2;191;194;194m▀[0m[38;2;219;219;219m[48;2;180;183;179m▀[0m[38;2;219;219;219m[48;2;219;219;219m▀[0m[38;2;219;219;219m[48;2;219;219;219m▀[0m[38;2;219;219;219m[48;2;219;219;219m▀[0m[38;2;219;219;219m[48;2;219;219;219m▀[0m[38;2;52;52;50m[48;2;109;109;104m▀[0m[38;2;213;213;213m[48;2;121;123;121m▀[0m[38;2;219;219;219m[48;2;219;219;219m▀[0m[38;2;219;219;219m[48;2;219;219;219m▀[0m
[38;2;153;154;153m[48;2;153;154;154m▀[0m[38;2;153;154;154m[48;2;153;153;153m▀[0m[38;2;152;153;152m[48;2;152;153;152m▀[0m[38;2;153;153;153m[48;2;153;153;153m▀[0m[38;2;153;153;153m[48;2;152;153;152m▀[0m[38;2;153;153;153m[48;2;153;153;153m▀[0m[38;2;153;153;153m[48;2;153;153;153m▀[0m[38;2;153;153;153m[48;2;152;153;152m▀[0m[38;2;153;153;153m[48;2;152;153;152m▀[0m[38;2;153;153;152m[48;2;153;153;153m▀[0m[38;2;153;153;153m[48;2;151;154;151m▀[0m[38;2;150;150;151m[48;2;147;147;144m▀[0m[38;2;129;129;129m[48;2;135;135;137m▀[0m[38;2;172;175;175m[48;2;219;219;219m▀[0m[38;2;219;219;219m[48;2;219;219;219m▀[0m[38;2;219;219;219m[48;2;219;219;219m▀[0m[38;2;219;219;219m[48;2;217;217;217m▀[0m[38;2;218;218;218m[48;2;218;218;218m▀[0m[38;2;217;217;218m[48;2;217;217;217m▀[0m[38;2;216;216;216m[48;2;217;217;218m▀[0m[38;2;216;216;217m[48;2;215;219;216m▀[0m[38;2;219;219;219m[48;2;219;219;219m▀[0m[38;2;219;219;219m[48;2;219;219;219m▀[0m[38;2;219;184;180m[48;2;219;219;219m▀[0m[38;2;212;210;206m[48;2;219;219;219m▀[0m[38;2;219;219;219m[48;2;217;219;219m▀[0m[38;2;215;219;219m[48;2;215;219;219m▀[0m[38;2;216;219;219m[48;2;216;219;219m▀[0m[38;2;219;219;219m[48;2;215;219;219m▀[0m[38;2;219;119;109m[48;2;219;78;62m▀[0m[38;2;219;104;93m[48;2;216;219;219m▀[0m[38;2;219;219;219m[48;2;219;219;219m▀[0m[38;2;213;219;219m[48;2;219;181;173m▀[0m[38;2;219;0;0m[48;2;219;0;0m▀[0m[38;2;219;0;0m[48;2;219;39;18m▀[0m[38;2;209;219;219m[48;2;211;219;219m▀[0m[38;2;202;190;189m[48;2;214;193;193m▀[0m[38;2;219;219;219m[48;2;219;219;219m▀[0m[38;2;219;219;219m[48;2;219;219;219m▀[0m[38;2;193;196;197m[48;2;219;219;219m▀[0m[38;2;45;44;39m[48;2;131;131;131m▀[0m[38;2;219;219;219m[48;2;63;66;63m▀[0m[38;2;219;219;219m[48;2;219;219;219m▀[0m[38;2;219;219;219m[48;2;219;219;219m▀[0m[38;2;218;218;219m[48;2;219;219;219m▀[0m[38;2;216;216;217m[48;2;219;219;219m▀[0m[38;2;216;216;217m[48;2;216;216;217m▀[0m[38;2;216;219;219m[48;2;215;219;219m▀[0m[38;2;219;219;219m[48;2;216;219;219m▀[0m[38;2;213;219;219m[48;2;215;219;219m▀[0m[38;2;219;0;0m[48;2;219;0;0m▀[0m[38;2;219;63;53m[48;2;219;88;86m▀[0m[38;2;216;219;219m[48;2;219;219;219m▀[0m[38;2;215;219;219m[48;2;215;219;219m▀[0m[38;2;215;218;219m[48;2;216;216;219m▀[0m[38;2;217;217;217m[48;2;217;217;217m▀[0m[38;2;217;217;217m[48;2;217;217;218m▀[0m[38;2;217;217;217m[48;2;216;216;216m▀[0m[38;2;216;216;217m[48;2;216;216;216m▀[0m[38;2;215;216;216m[48;2;216;216;216m▀[0m[38;2;219;219;219m[48;2;216;218;218m▀[0m[38;2;197;201;198m[48;2;219;219;219m▀[0m[38;2;135;139;139m[48;2;219;219;219m▀[0m[38;2;214;215;212m[48;2;219;219;219m▀[0m[38;2;219;219;219m[48;2;219;219;219m▀[0m[38;2;219;219;219m[48;2;200;197;197m▀[0m[38;2;135;135;133m[48;2;116;116;116m▀[0m[38;2;148;151;147m[48;2;158;158;153m▀[0m[38;2;219;219;219m[48;2;219;219;219m▀[0m[38;2;219;219;219m[48;2;219;219;219m▀[0m[38;2;219;219;219m[48;2;219;219;219m▀[0m[38;2;219;219;219m[48;2;219;219;219m▀[0m[38;2;175;172;172m[48;2;219;219;219m▀[0m[38;2;46;46;43m[48;2;11;11;12m▀[0m[38;2;219;219;219m[48;2;219;219;219m▀[0m[38;2;219;219;219m[48;2;219;219;219m▀[0m
[38;2;153;153;153m[48;2;153;153;153m▀[0m[38;2;153;153;153m[48;2;153;153;153m▀[0m[38;2;153;153;153m[48;2;152;153;153m▀[0m[38;2;151;153;153m[48;2;152;153;153m▀[0m[38;2;151;153;153m[48;2;151;153;151m▀[0m[38;2;151;153;153m[48;2;153;153;153m▀[0m[38;2;151;153;153m[48;2;151;153;151m▀[0m[38;2;153;153;153m[48;2;153;153;153m▀[0m[38;2;152;153;152m[48;2;153;153;153m▀[0m[38;2;153;153;153m[48;2;153;153;153m▀[0m[38;2;152;152;152m[48;2;147;149;149m▀[0m[38;2;134;134;134m[48;2;129;129;129m▀[0m[38;2;169;171;172m[48;2;209;208;208m▀[0m[38;2;219;219;219m[48;2;219;219;219m▀[0m[38;2;219;219;219m[48;2;219;219;219m▀[0m[38;2;216;218;218m[48;2;219;219;219m▀[0m[38;2;216;216;217m[48;2;218;218;215m▀[0m[38;2;217;217;217m[48;2;216;216;216m▀[0m[38;2;217;217;217m[48;2;217;217;217m▀[0m[38;2;217;217;217m[48;2;217;216;217m▀[0m[38;2;215;218;215m[48;2;218;218;218m▀[0m[38;2;219;219;219m[48;2;219;219;219m▀[0m[38;2;167;172;168m[48;2;139;139;135m▀[0m[38;2;196;196;194m[48;2;91;96;96m▀[0m[38;2;219;219;219m[48;2;213;213;213m▀[0m[38;2;219;219;219m[48;2;219;219;219m▀[0m[38;2;215;219;219m[48;2;215;219;219m▀[0m[38;2;219;219;219m[48;2;219;219;219m▀[0m[38;2;217;178;171m[48;2;217;141;130m▀[0m[38;2;214;170;160m[48;2;214;219;219m▀[0m[38;2;219;219;219m[48;2;219;219;219m▀[0m[38;2;219;219;219m[48;2;215;184;181m▀[0m[38;2;219;10;6m[48;2;208;106;101m▀[0m[38;2;219;0;0m[48;2;219;62;56m▀[0m[38;2;219;107;99m[48;2;219;127;119m▀[0m[38;2;209;219;219m[48;2;208;219;219m▀[0m[38;2;215;202;202m[48;2;213;219;219m▀[0m[38;2;219;219;219m[48;2;219;219;219m▀[0m[38;2;219;219;219m[48;2;219;219;219m▀[0m[38;2;219;219;219m[48;2;219;219;219m▀[0m[38;2;219;219;219m[48;2;219;219;219m▀[0m[38;2;85;87;87m[48;2;219;219;219m▀[0m[38;2;98;99;99m[48;2;28;26;29m▀[0m[38;2;219;219;219m[48;2;99;100;98m▀[0m[38;2;219;219;219m[48;2;219;219;219m▀[0m[38;2;219;219;219m[48;2;219;219;219m▀[0m[38;2;219;219;219m[48;2;219;219;219m▀[0m[38;2;216;219;219m[48;2;219;219;219m▀[0m[38;2;216;219;219m[48;2;216;219;219m▀[0m[38;2;219;219;219m[48;2;216;219;219m▀[0m[38;2;219;150;144m[48;2;216;219;219m▀[0m[38;2;216;195;191m[48;2;216;219;219m▀[0m[38;2;219;219;219m[48;2;216;219;219m▀[0m[38;2;215;219;219m[48;2;216;219;219m▀[0m[38;2;216;216;216m[48;2;215;217;217m▀[0m[38;2;216;216;217m[48;2;216;216;216m▀[0m[38;2;218;217;218m[48;2;216;216;216m▀[0m[38;2;215;215;216m[48;2;216;216;217m▀[0m[38;2;215;215;216m[48;2;215;216;217m▀[0m[38;2;216;216;217m[48;2;216;216;217m▀[0m[38;2;216;216;216m[48;2;216;216;217m▀[0m[38;2;215;215;215m[48;2;216;216;216m▀[0m[38;2;216;215;217m[48;2;219;219;219m▀[0m[38;2;219;219;219m[48;2;219;219;219m▀[0m[38;2;208;208;208m[48;2;192;192;192m▀[0m[38;2;159;159;158m[48;2;133;133;129m▀[0m[38;2;129;131;131m[48;2;190;190;190m▀[0m[38;2;219;219;219m[48;2;219;219;219m▀[0m[38;2;219;219;219m[48;2;219;219;219m▀[0m[38;2;219;219;219m[48;2;216;216;216m▀[0m[38;2;219;219;219m[48;2;219;219;219m▀[0m[38;2;219;219;219m[48;2;219;219;219m▀[0m[38;2;219;219;219m[48;2;219;219;219m▀[0m[38;2;11;7;12m[48;2;41;32;45m▀[0m[38;2;219;219;219m[48;2;159;147;186m▀[0m[38;2;219;219;219m[48;2;0;0;0m▀[0m
[38;2;152;153;153m[48;2;152;153;153m▀[0m[38;2;153;153;153m[48;2;152;153;153m▀[0m[38;2;153;153;153m[48;2;152;153;152m▀[0m[38;2;152;153;153m[48;2;152;153;152m▀[0m[38;2;151;153;151m[48;2;152;153;153m▀[0m[38;2;153;153;153m[48;2;152;153;152m▀[0m[38;2;152;153;152m[48;2;153;153;153m▀[0m[38;2;153;153;153m[48;2;153;154;153m▀[0m[38;2;153;153;153m[48;2;154;154;154m▀[0m[38;2;152;152;152m[48;2;151;150;150m▀[0m[38;2;140;140;141m[48;2;133;133;133m▀[0m[38;2;141;143;143m[48;2;165;165;166m▀[0m[38;2;219;219;219m[48;2;219;219;219m▀[0m[38;2;219;219;219m[48;2;219;219;219m▀[0m[38;2;188;190;191m[48;2;194;196;196m▀[0m[38;2;209;209;210m[48;2;127;129;130m▀[0m[38;2;219;219;219m[48;2;219;219;219m▀[0m[38;2;217;219;219m[48;2;219;219;219m▀[0m[38;2;216;216;217m[48;2;219;219;219m▀[0m[38;2;216;216;218m[48;2;215;218;219m▀[0m[38;2;216;216;219m[48;2;216;216;217m▀[0m[38;2;219;219;219m[48;2;218;218;219m▀[0m[38;2;219;219;219m[48;2;219;219;219m▀[0m[38;2;203;207;203m[48;2;219;219;219m▀[0m[38;2;219;219;219m[48;2;217;219;219m▀[0m[38;2;219;219;219m[48;2;216;219;219m▀[0m[38;2;219;219;219m[48;2;219;219;219m▀[0m[38;2;217;202;201m[48;2;216;161;155m▀[0m[38;2;217;144;134m[48;2;217;173;165m▀[0m[38;2;219;219;219m[48;2;219;219;219m▀[0m[38;2;219;219;219m[48;2;216;219;219m▀[0m[38;2;219;95;91m[48;2;219;65;55m▀[0m[38;2;209;219;219m[48;2;219;219;219m▀[0m[38;2;219;171;167m[48;2;219;147;142m▀[0m[38;2;219;174;166m[48;2;219;196;192m▀[0m[38;2;202;163;156m[48;2;208;74;72m▀[0m[38;2;215;200;196m[48;2;215;165;160m▀[0m[38;2;219;219;219m[48;2;219;219;219m▀[0m[38;2;219;219;219m[48;2;216;215;215m▀[0m[38;2;219;219;219m[48;2;216;219;219m▀[0m[38;2;219;219;219m[48;2;219;219;219m▀[0m[38;2;219;219;219m[48;2;219;219;219m▀[0m[38;2;219;219;219m[48;2;219;219;219m▀[0m[38;2;0;0;0m[48;2;201;202;204m▀[0m[38;2;107;109;107m[48;2;0;0;0m▀[0m[38;2;219;219;219m[48;2;102;101;101m▀[0m[38;2;219;219;219m[48;2;219;219;219m▀[0m[38;2;219;219;219m[48;2;219;219;219m▀[0m[38;2;219;219;219m[48;2;219;219;219m▀[0m[38;2;215;219;219m[48;2;219;219;219m▀[0m[38;2;216;213;216m[48;2;217;217;217m▀[0m[38;2;215;217;217m[48;2;216;216;217m▀[0m[38;2;216;219;219m[48;2;217;217;217m▀[0m[38;2;216;216;216m[48;2;217;217;217m▀[0m[38;2;216;216;216m[48;2;216;216;216m▀[0m[38;2;217;217;217m[48;2;216;216;217m▀[0m[38;2;215;217;217m[48;2;215;216;216m▀[0m[38;2;216;216;216m[48;2;215;215;216m▀[0m[38;2;216;216;217m[48;2;216;216;217m▀[0m[38;2;216;216;217m[48;2;216;216;217m▀[0m[38;2;216;216;217m[48;2;215;216;216m▀[0m[38;2;216;216;217m[48;2;215;215;216m▀[0m[38;2;219;219;219m[48;2;219;219;219m▀[0m[38;2;209;209;207m[48;2;217;217;213m▀[0m[38;2;158;160;158m[48;2;145;145;141m▀[0m[38;2;127;127;125m[48;2;199;199;197m▀[0m[38;2;219;219;219m[48;2;219;219;219m▀[0m[38;2;219;219;219m[48;2;219;219;219m▀[0m[38;2;217;219;219m[48;2;216;216;216m▀[0m[38;2;216;216;217m[48;2;216;216;217m▀[0m[38;2;219;219;219m[48;2;219;219;219m▀[0m[38;2;219;219;219m[48;2;219;219;219m▀[0m[38;2;219;219;219m[48;2;219;219;219m▀[0m[38;2;0;0;26m[48;2;0;0;23m▀[0m[38;2;0;0;0m[48;2;98;219;0m▀[0m[38;2;0;0;0m[48;2;202;219;0m▀[0m
[38;2;152;154;154m[48;2;153;154;154m▀[0m[38;2;152;153;153m[48;2;152;153;153m▀[0m[38;2;152;153;152m[48;2;153;153;153m▀[0m[38;2;152;153;152m[48;2;152;153;152m▀[0m[38;2;153;153;153m[48;2;153;153;153m▀[0m[38;2;153;153;153m[48;2;152;153;153m▀[0m[38;2;153;153;153m[48;2;152;153;152m▀[0m[38;2;153;153;154m[48;2;153;153;153m▀[0m[38;2;153;154;154m[48;2;152;153;153m▀[0m[38;2;149;149;147m[48;2;146;147;147m▀[0m[38;2;129;129;130m[48;2;130;130;130m▀[0m[38;2;189;185;189m[48;2;210;210;210m▀[0m[38;2;219;219;219m[48;2;219;219;219m▀[0m[38;2;219;219;219m[48;2;219;219;219m▀[0m[38;2;219;219;219m[48;2;219;219;219m▀[0m[38;2;154;156;156m[48;2;219;219;219m▀[0m[38;2;147;146;148m[48;2;107;109;109m▀[0m[38;2;219;219;219m[48;2;178;180;180m▀[0m[38;2;219;219;219m[48;2;180;179;179m▀[0m[38;2;219;219;219m[48;2;219;219;219m▀[0m[38;2;219;219;219m[48;2;219;219;219m▀[0m[38;2;216;216;217m[48;2;219;219;219m▀[0m[38;2;217;216;217m[48;2;217;217;217m▀[0m[38;2;216;216;216m[48;2;216;216;217m▀[0m[38;2;215;218;218m[48;2;215;218;219m▀[0m[38;2;216;219;219m[48;2;215;219;219m▀[0m[38;2;219;219;219m[48;2;215;219;219m▀[0m[38;2;219;125;121m[48;2;219;110;101m▀[0m[38;2;215;209;206m[48;2;217;219;219m▀[0m[38;2;219;219;219m[48;2;219;219;219m▀[0m[38;2;215;207;202m[48;2;219;146;136m▀[0m[38;2;219;55;49m[48;2;219;40;33m▀[0m[38;2;219;219;219m[48;2;219;219;219m▀[0m[38;2;219;149;144m[48;2;218;159;156m▀[0m[38;2;219;181;178m[48;2;219;175;170m▀[0m[38;2;210;217;219m[48;2;219;219;219m▀[0m[38;2;212;219;219m[48;2;215;219;219m▀[0m[38;2;216;219;219m[48;2;214;219;219m▀[0m[38;2;216;216;216m[48;2;216;216;217m▀[0m[38;2;215;217;217m[48;2;216;216;216m▀[0m[38;2;215;217;219m[48;2;216;216;217m▀[0m[38;2;219;219;219m[48;2;219;219;216m▀[0m[38;2;219;219;219m[48;2;219;219;219m▀[0m[38;2;219;219;219m[48;2;219;219;219m▀[0m[38;2;191;193;193m[48;2;219;219;219m▀[0m[38;2;47;49;50m[48;2;216;218;216m▀[0m[38;2;50;50;51m[48;2;54;56;58m▀[0m[38;2;219;219;219m[48;2;92;93;93m▀[0m[38;2;219;219;219m[48;2;219;219;219m▀[0m[38;2;219;219;219m[48;2;219;219;219m▀[0m[38;2;216;216;216m[48;2;218;218;219m▀[0m[38;2;216;216;216m[48;2;216;216;216m▀[0m[38;2;217;217;217m[48;2;216;216;217m▀[0m[38;2;216;216;216m[48;2;216;216;216m▀[0m[38;2;216;216;216m[48;2;216;216;216m▀[0m[38;2;215;215;216m[48;2;215;215;216m▀[0m[38;2;215;215;217m[48;2;216;216;217m▀[0m[38;2;216;216;217m[48;2;216;216;217m▀[0m[38;2;216;216;216m[48;2;216;216;216m▀[0m[38;2;216;216;217m[48;2;215;216;215m▀[0m[38;2;216;216;216m[48;2;215;216;216m▀[0m[38;2;217;217;218m[48;2;215;217;217m▀[0m[38;2;219;219;219m[48;2;217;217;217m▀[0m[38;2;219;219;217m[48;2;219;219;219m▀[0m[38;2;209;209;209m[48;2;219;219;219m▀[0m[38;2;219;219;219m[48;2;214;215;215m▀[0m[38;2;219;219;219m[48;2;216;216;216m▀[0m[38;2;216;216;219m[48;2;216;216;217m▀[0m[38;2;216;216;216m[48;2;215;215;216m▀[0m[38;2;216;216;216m[48;2;216;216;217m▀[0m[38;2;219;219;219m[48;2;219;219;219m▀[0m[38;2;219;219;219m[48;2;219;219;219m▀[0m[38;2;219;219;219m[48;2;219;219;219m▀[0m[38;2;0;7;0m[48;2;0;0;0m▀[0m[38;2;151;219;0m[48;2;73;159;0m▀[0m[38;2;202;219;0m[48;2;179;219;0m▀[0m
[38;2;157;159;159m[48;2;202;202;202m▀[0m[38;2;157;156;156m[48;2;192;191;190m▀[0m[38;2;157;155;158m[48;2;172;171;173m▀[0m[38;2;156;155;155m[48;2;162;161;162m▀[0m[38;2;152;153;154m[48;2;157;159;160m▀[0m[38;2;153;153;153m[48;2;157;159;159m▀[0m[38;2;151;153;151m[48;2;152;153;152m▀[0m[38;2;153;153;153m[48;2;151;153;153m▀[0m[38;2;152;153;155m[48;2;149;153;155m▀[0m[38;2;146;144;147m[48;2;141;143;145m▀[0m[38;2;133;134;131m[48;2;135;137;137m▀[0m[38;2;219;219;219m[48;2;219;219;219m▀[0m[38;2;219;219;219m[48;2;219;219;219m▀[0m[38;2;219;219;219m[48;2;218;218;218m▀[0m[38;2;219;219;219m[48;2;215;215;219m▀[0m[38;2;219;219;219m[48;2;219;219;219m▀[0m[38;2;216;216;216m[48;2;219;219;219m▀[0m[38;2;113;116;116m[48;2;194;196;194m▀[0m[38;2;123;126;126m[48;2;129;132;132m▀[0m[38;2;184;186;184m[48;2;132;133;130m▀[0m[38;2;219;219;219m[48;2;219;219;219m▀[0m[38;2;219;219;219m[48;2;219;219;219m▀[0m[38;2;219;219;219m[48;2;219;219;219m▀[0m[38;2;216;219;216m[48;2;219;219;219m▀[0m[38;2;215;219;219m[48;2;219;219;219m▀[0m[38;2;216;219;219m[48;2;219;219;219m▀[0m[38;2;215;213;211m[48;2;216;198;196m▀[0m[38;2;219;108;104m[48;2;219;116;112m▀[0m[38;2;219;219;219m[48;2;219;219;219m▀[0m[38;2;219;219;219m[48;2;219;219;219m▀[0m[38;2;219;54;44m[48;2;219;103;96m▀[0m[38;2;219;32;30m[48;2;219;102;96m▀[0m[38;2;219;219;219m[48;2;219;219;219m▀[0m[38;2;219;150;146m[48;2;219;141;139m▀[0m[38;2;219;159;153m[48;2;219;130;122m▀[0m[38;2;219;219;219m[48;2;219;219;219m▀[0m[38;2;216;219;219m[48;2;215;219;219m▀[0m[38;2;215;218;219m[48;2;216;216;216m▀[0m[38;2;216;216;217m[48;2;216;216;217m▀[0m[38;2;216;216;217m[48;2;216;216;217m▀[0m[38;2;216;215;216m[48;2;216;216;217m▀[0m[38;2;216;215;216m[48;2;216;216;217m▀[0m[38;2;219;219;219m[48;2;216;216;216m▀[0m[38;2;219;219;219m[48;2;217;217;217m▀[0m[38;2;219;219;219m[48;2;219;219;219m▀[0m[38;2;219;219;219m[48;2;219;219;219m▀[0m[38;2;208;210;209m[48;2;219;219;219m▀[0m[38;2;132;134;138m[48;2;196;196;194m▀[0m[38;2;159;159;162m[48;2;131;134;135m▀[0m[38;2;217;219;219m[48;2;152;154;156m▀[0m[38;2;219;219;219m[48;2;219;219;219m▀[0m[38;2;216;216;216m[48;2;215;215;216m▀[0m[38;2;216;216;216m[48;2;215;216;216m▀[0m[38;2;217;217;217m[48;2;216;216;217m▀[0m[38;2;217;216;217m[48;2;216;216;217m▀[0m[38;2;215;216;216m[48;2;216;216;216m▀[0m[38;2;215;216;216m[48;2;216;216;217m▀[0m[38;2;216;216;217m[48;2;216;216;217m▀[0m[38;2;216;216;217m[48;2;216;216;217m▀[0m[38;2;215;216;216m[48;2;217;216;217m▀[0m[38;2;215;215;216m[48;2;216;216;217m▀[0m[38;2;215;216;216m[48;2;216;215;217m▀[0m[38;2;216;216;216m[48;2;216;216;217m▀[0m[38;2;217;217;217m[48;2;215;217;217m▀[0m[38;2;216;216;216m[48;2;217;217;217m▀[0m[38;2;216;216;216m[48;2;217;217;217m▀[0m[38;2;216;216;217m[48;2;216;216;217m▀[0m[38;2;216;216;217m[48;2;216;216;217m▀[0m[38;2;216;216;217m[48;2;216;216;217m▀[0m[38;2;218;218;219m[48;2;219;219;219m▀[0m[38;2;219;219;219m[48;2;219;219;219m▀[0m[38;2;219;219;219m[48;2;219;219;219m▀[0m[38;2;217;214;219m[48;2;120;119;132m▀[0m[38;2;0;0;0m[48;2;0;0;0m▀[0m[38;2;0;0;0m[48;2;0;0;0m▀[0m[38;2;0;0;0m[48;2;0;0;0m▀[0m
[38;2;81;81;83m[48;2;0;0;0m▀[0m[38;2;142;144;144m[48;2;0;0;0m▀[0m[38;2;196;198;198m[48;2;0;0;0m▀[0m[38;2;204;207;208m[48;2;65;65;66m▀[0m[38;2;184;183;185m[48;2;162;164;162m▀[0m[38;2;167;165;168m[48;2;202;204;206m▀[0m[38;2;162;161;162m[48;2;185;184;185m▀[0m[38;2;155;157;155m[48;2;163;161;164m▀[0m[38;2;151;153;153m[48;2;154;156;157m▀[0m[38;2;142;144;146m[48;2;148;150;150m▀[0m[38;2;135;133;135m[48;2;131;133;134m▀[0m[38;2;219;219;219m[48;2;215;215;215m▀[0m[38;2;219;219;219m[48;2;219;219;219m▀[0m[38;2;217;217;219m[48;2;218;218;218m▀[0m[38;2;216;216;216m[48;2;216;216;216m▀[0m[38;2;219;219;217m[48;2;216;216;217m▀[0m[38;2;219;219;219m[48;2;219;219;219m▀[0m[38;2;219;219;219m[48;2;219;219;219m▀[0m[38;2;172;171;171m[48;2;219;219;219m▀[0m[38;2;134;135;136m[48;2;216;215;216m▀[0m[38;2;156;158;156m[48;2;150;152;153m▀[0m[38;2;174;174;175m[48;2;104;106;107m▀[0m[38;2;215;215;215m[48;2;127;127;128m▀[0m[38;2;219;219;219m[48;2;219;219;219m▀[0m[38;2;219;219;219m[48;2;219;219;219m▀[0m[38;2;219;219;219m[48;2;219;219;219m▀[0m[38;2;219;184;181m[48;2;219;178;177m▀[0m[38;2;219;117;110m[48;2;219;114;109m▀[0m[38;2;216;219;219m[48;2;217;219;219m▀[0m[38;2;219;219;219m[48;2;219;219;219m▀[0m[38;2;215;219;219m[48;2;216;219;219m▀[0m[38;2;215;219;219m[48;2;217;219;219m▀[0m[38;2;219;219;219m[48;2;219;219;219m▀[0m[38;2;219;137;129m[48;2;219;130;117m▀[0m[38;2;219;92;77m[48;2;219;50;30m▀[0m[38;2;219;219;219m[48;2;219;219;219m▀[0m[38;2;215;219;219m[48;2;215;219;219m▀[0m[38;2;215;218;219m[48;2;215;219;219m▀[0m[38;2;216;216;217m[48;2;216;216;216m▀[0m[38;2;215;215;216m[48;2;216;216;216m▀[0m[38;2;216;216;217m[48;2;216;216;216m▀[0m[38;2;216;216;216m[48;2;216;216;216m▀[0m[38;2;215;216;216m[48;2;216;216;216m▀[0m[38;2;216;216;217m[48;2;217;217;218m▀[0m[38;2;217;217;219m[48;2;218;218;218m▀[0m[38;2;219;219;219m[48;2;216;216;217m▀[0m[38;2;219;219;219m[48;2;216;216;219m▀[0m[38;2;219;219;219m[48;2;219;219;219m▀[0m[38;2;214;214;215m[48;2;219;219;219m▀[0m[38;2;200;200;198m[48;2;219;219;219m▀[0m[38;2;219;219;219m[48;2;219;219;219m▀[0m[38;2;216;216;219m[48;2;217;217;217m▀[0m[38;2;216;216;216m[48;2;217;216;217m▀[0m[38;2;216;216;216m[48;2;216;216;216m▀[0m[38;2;215;216;216m[48;2;216;216;216m▀[0m[38;2;215;215;216m[48;2;215;215;216m▀[0m[38;2;216;216;216m[48;2;215;215;216m▀[0m[38;2;216;215;216m[48;2;216;216;219m▀[0m[38;2;219;215;217m[48;2;219;219;219m▀[0m[38;2;219;219;219m[48;2;219;219;219m▀[0m[38;2;219;219;219m[48;2;206;208;208m▀[0m[38;2;219;219;219m[48;2;185;188;187m▀[0m[38;2;215;215;215m[48;2;219;219;219m▀[0m[38;2;216;216;216m[48;2;214;215;215m▀[0m[38;2;216;216;217m[48;2;215;215;216m▀[0m[38;2;215;217;217m[48;2;216;216;216m▀[0m[38;2;217;217;218m[48;2;216;216;217m▀[0m[38;2;216;216;216m[48;2;216;216;217m▀[0m[38;2;218;218;219m[48;2;219;219;219m▀[0m[38;2;219;219;219m[48;2;219;219;219m▀[0m[38;2;219;219;219m[48;2;219;219;219m▀[0m[38;2;219;219;219m[48;2;150;134;177m▀[0m[38;2;0;0;0m[48;2;0;0;0m▀[0m[38;2;0;0;0m[48;2;141;219;0m▀[0m[38;2;0;0;0m[48;2;0;24;18m▀[0m[38;2;0;0;3m[48;2;0;11;18m▀[0m
[38;2;0;0;0m[48;2;197;197;196m▀[0m[38;2;0;0;0m[48;2;13;13;13m▀[0m[38;2;0;0;0m[48;2;0;0;0m▀[0m[38;2;0;0;0m[48;2;0;0;0m▀[0m[38;2;0;0;0m[48;2;81;83;87m▀[0m[38;2;54;52;55m[48;2;34;36;36m▀[0m[38;2;164;162;165m[48;2;0;0;0m▀[0m[38;2;211;210;211m[48;2;92;95;95m▀[0m[38;2;174;178;177m[48;2;190;193;193m▀[0m[38;2;155;159;159m[48;2;203;205;205m▀[0m[38;2;137;139;140m[48;2;163;163;165m▀[0m[38;2;197;197;195m[48;2;172;169;172m▀[0m[38;2;219;219;219m[48;2;219;219;219m▀[0m[38;2;219;219;219m[48;2;219;219;219m▀[0m[38;2;216;216;217m[48;2;219;219;219m▀[0m[38;2;216;216;216m[48;2;216;216;216m▀[0m[38;2;217;217;217m[48;2;216;216;216m▀[0m[38;2;218;218;219m[48;2;216;216;217m▀[0m[38;2;219;219;219m[48;2;218;218;219m▀[0m[38;2;219;219;219m[48;2;219;219;219m▀[0m[38;2;208;210;210m[48;2;219;219;219m▀[0m[38;2;141;142;142m[48;2;219;219;219m▀[0m[38;2;155;155;155m[48;2;219;219;219m▀[0m[38;2;156;159;158m[48;2;199;199;199m▀[0m[38;2;189;195;196m[48;2;147;150;150m▀[0m[38;2;219;219;219m[48;2;179;204;205m▀[0m[38;2;219;181;178m[48;2;219;195;194m▀[0m[38;2;219;108;102m[48;2;219;77;73m▀[0m[38;2;219;219;219m[48;2;219;219;219m▀[0m[38;2;219;219;219m[48;2;219;219;219m▀[0m[38;2;217;219;219m[48;2;217;219;219m▀[0m[38;2;219;219;219m[48;2;216;219;219m▀[0m[38;2;217;219;219m[48;2;217;219;219m▀[0m[38;2;219;130;121m[48;2;219;149;144m▀[0m[38;2;219;2;0m[48;2;219;0;0m▀[0m[38;2;216;219;219m[48;2;215;219;219m▀[0m[38;2;216;219;219m[48;2;216;219;219m▀[0m[38;2;215;219;219m[48;2;215;219;219m▀[0m[38;2;216;216;217m[48;2;215;217;217m▀[0m[38;2;215;216;216m[48;2;215;217;217m▀[0m[38;2;215;216;216m[48;2;215;216;217m▀[0m[38;2;216;216;217m[48;2;218;215;215m▀[0m[38;2;216;216;217m[48;2;219;219;219m▀[0m[38;2;216;216;216m[48;2;216;216;219m▀[0m[38;2;217;217;217m[48;2;216;216;216m▀[0m[38;2;216;216;216m[48;2;216;216;216m▀[0m[38;2;215;215;216m[48;2;215;216;216m▀[0m[38;2;215;217;215m[48;2;215;215;216m▀[0m[38;2;216;216;217m[48;2;215;215;216m▀[0m[38;2;215;215;216m[48;2;215;215;216m▀[0m[38;2;216;216;216m[48;2;215;216;216m▀[0m[38;2;217;217;217m[48;2;217;217;218m▀[0m[38;2;217;217;217m[48;2;218;218;218m▀[0m[38;2;216;216;216m[48;2;217;217;218m▀[0m[38;2;216;216;216m[48;2;216;216;217m▀[0m[38;2;215;215;216m[48;2;217;217;217m▀[0m[38;2;216;216;217m[48;2;219;219;219m▀[0m[38;2;219;219;219m[48;2;219;219;219m▀[0m[38;2;219;219;219m[48;2;219;219;219m▀[0m[38;2;219;219;219m[48;2;198;201;202m▀[0m[38;2;120;127;127m[48;2;77;79;79m▀[0m[38;2;179;178;178m[48;2;219;219;219m▀[0m[38;2;219;219;219m[48;2;219;219;219m▀[0m[38;2;215;215;219m[48;2;218;218;218m▀[0m[38;2;216;216;216m[48;2;215;215;216m▀[0m[38;2;216;216;216m[48;2;216;216;216m▀[0m[38;2;216;216;216m[48;2;219;219;219m▀[0m[38;2;219;219;219m[48;2;219;219;219m▀[0m[38;2;219;219;219m[48;2;219;219;219m▀[0m[38;2;219;219;219m[48;2;219;219;219m▀[0m[38;2;219;219;219m[48;2;95;93;102m▀[0m[38;2;0;0;0m[48;2;0;0;0m▀[0m[38;2;2;70;0m[48;2;0;0;6m▀[0m[38;2;219;219;0m[48;2;37;61;29m▀[0m[38;2;64;114;0m[48;2;87;136;19m▀[0m[38;2;0;0;0m[48;2;42;38;36m▀[0m
[38;2;204;204;202m[48;2;170;172;169m▀[0m[38;2;215;212;212m[48;2;210;210;210m▀[0m[38;2;81;81;77m[48;2;147;147;145m▀[0m[38;2;0;0;0m[48;2;0;0;0m▀[0m[38;2;163;165;165m[48;2;199;199;201m▀[0m[38;2;91;92;94m[48;2;4;6;6m▀[0m[38;2;0;0;0m[48;2;0;0;0m▀[0m[38;2;0;0;0m[48;2;0;0;0m▀[0m[38;2;0;0;0m[48;2;0;0;0m▀[0m[38;2;103;103;104m[48;2;0;0;0m▀[0m[38;2;193;196;196m[48;2;0;0;0m▀[0m[38;2;190;189;187m[48;2;98;98;98m▀[0m[38;2;219;219;219m[48;2;213;210;213m▀[0m[38;2;219;219;219m[48;2;219;219;219m▀[0m[38;2;219;219;219m[48;2;219;219;219m▀[0m[38;2;219;219;219m[48;2;219;219;219m▀[0m[38;2;219;219;219m[48;2;219;219;219m▀[0m[38;2;218;218;218m[48;2;219;219;219m▀[0m[38;2;218;218;219m[48;2;216;216;219m▀[0m[38;2;219;219;219m[48;2;216;216;216m▀[0m[38;2;218;218;219m[48;2;217;217;217m▀[0m[38;2;219;219;219m[48;2;217;217;218m▀[0m[38;2;219;219;219m[48;2;219;216;219m▀[0m[38;2;219;219;219m[48;2;216;216;216m▀[0m[38;2;219;219;219m[48;2;217;219;219m▀[0m[38;2;214;219;219m[48;2;219;219;219m▀[0m[38;2;215;204;203m[48;2;213;219;219m▀[0m[38;2;219;44;35m[48;2;219;0;0m▀[0m[38;2;219;219;219m[48;2;214;219;219m▀[0m[38;2;217;219;219m[48;2;219;219;219m▀[0m[38;2;217;219;219m[48;2;216;219;219m▀[0m[38;2;216;219;219m[48;2;219;219;219m▀[0m[38;2;215;219;219m[48;2;216;219;219m▀[0m[38;2;219;171;166m[48;2;216;196;194m▀[0m[38;2;219;0;0m[48;2;219;0;0m▀[0m[38;2;212;219;219m[48;2;218;145;127m▀[0m[38;2;219;219;219m[48;2;219;219;219m▀[0m[38;2;216;219;219m[48;2;216;219;219m▀[0m[38;2;217;217;217m[48;2;216;219;219m▀[0m[38;2;216;216;217m[48;2;216;216;219m▀[0m[38;2;218;218;219m[48;2;219;219;219m▀[0m[38;2;219;219;219m[48;2;219;219;219m▀[0m[38;2;208;209;209m[48;2;131;134;131m▀[0m[38;2;219;219;219m[48;2;219;219;219m▀[0m[38;2;219;219;219m[48;2;219;219;219m▀[0m[38;2;216;216;216m[48;2;218;218;218m▀[0m[38;2;215;216;216m[48;2;216;216;216m▀[0m[38;2;215;215;216m[48;2;215;216;216m▀[0m[38;2;215;215;216m[48;2;216;216;216m▀[0m[38;2;216;216;216m[48;2;216;216;216m▀[0m[38;2;216;216;216m[48;2;215;215;215m▀[0m[38;2;218;217;218m[48;2;217;217;218m▀[0m[38;2;217;217;218m[48;2;217;216;217m▀[0m[38;2;216;216;217m[48;2;216;216;216m▀[0m[38;2;216;216;217m[48;2;219;219;219m▀[0m[38;2;219;219;219m[48;2;219;219;219m▀[0m[38;2;219;219;219m[48;2;219;219;219m▀[0m[38;2;219;219;219m[48;2;205;207;207m▀[0m[38;2;210;210;208m[48;2;106;106;106m▀[0m[38;2;60;62;62m[48;2;92;94;94m▀[0m[38;2;159;158;158m[48;2;219;219;219m▀[0m[38;2;219;219;219m[48;2;219;219;219m▀[0m[38;2;219;219;219m[48;2;219;219;219m▀[0m[38;2;215;215;216m[48;2;218;218;218m▀[0m[38;2;215;215;215m[48;2;219;219;219m▀[0m[38;2;219;219;219m[48;2;219;219;219m▀[0m[38;2;219;219;219m[48;2;219;219;219m▀[0m[38;2;219;219;219m[48;2;219;219;219m▀[0m[38;2;219;219;219m[48;2;219;219;219m▀[0m[38;2;195;198;201m[48;2;0;0;0m▀[0m[38;2;0;0;0m[48;2;0;0;0m▀[0m[38;2;0;0;0m[48;2;0;0;0m▀[0m[38;2;25;36;44m[48;2;0;0;0m▀[0m[38;2;26;24;56m[48;2;41;36;43m▀[0m[38;2;83;83;125m[48;2;154;153;154m▀[0m[38;2;73;70;95m[48;2;0;0;0m▀[0m
[38;2;167;167;167m[48;2;172;172;172m▀[0m[38;2;207;207;207m[48;2;199;199;201m▀[0m[38;2;35;37;37m[48;2;0;0;0m▀[0m[38;2;30;30;32m[48;2;122;125;125m▀[0m[38;2;169;168;168m[48;2;60;58;61m▀[0m[38;2;0;0;0m[48;2;0;0;0m▀[0m[38;2;0;0;0m[48;2;0;0;0m▀[0m[38;2;0;0;0m[48;2;0;0;0m▀[0m[38;2;0;0;0m[48;2;0;0;0m▀[0m[38;2;0;0;0m[48;2;0;0;0m▀[0m[38;2;0;0;0m[48;2;0;0;0m▀[0m[38;2;0;0;0m[48;2;0;0;0m▀[0m[38;2;0;0;0m[48;2;0;0;0m▀[0m[38;2;163;165;165m[48;2;0;0;0m▀[0m[38;2;219;219;219m[48;2;7;7;7m▀[0m[38;2;219;219;219m[48;2;171;171;171m▀[0m[38;2;219;219;219m[48;2;219;219;219m▀[0m[38;2;219;219;219m[48;2;219;219;219m▀[0m[38;2;219;219;219m[48;2;219;219;219m▀[0m[38;2;219;219;219m[48;2;219;219;219m▀[0m[38;2;218;218;218m[48;2;219;219;219m▀[0m[38;2;217;217;218m[48;2;219;219;219m▀[0m[38;2;219;218;219m[48;2;219;219;219m▀[0m[38;2;217;217;217m[48;2;216;219;219m▀[0m[38;2;216;219;219m[48;2;216;219;219m▀[0m[38;2;219;219;219m[48;2;216;219;219m▀[0m[38;2;217;219;219m[48;2;219;219;219m▀[0m[38;2;219;0;0m[48;2;219;66;53m▀[0m[38;2;219;120;113m[48;2;219;0;0m▀[0m[38;2;219;219;219m[48;2;219;219;219m▀[0m[38;2;217;219;219m[48;2;216;219;219m▀[0m[38;2;217;219;219m[48;2;215;219;219m▀[0m[38;2;216;219;219m[48;2;219;219;219m▀[0m[38;2;217;200;196m[48;2;218;190;187m▀[0m[38;2;219;0;0m[48;2;219;132;118m▀[0m[38;2;219;34;24m[48;2;213;136;133m▀[0m[38;2;219;219;219m[48;2;210;217;210m▀[0m[38;2;215;219;219m[48;2;219;219;219m▀[0m[38;2;216;219;219m[48;2;216;219;219m▀[0m[38;2;218;218;219m[48;2;217;219;219m▀[0m[38;2;219;219;219m[48;2;219;219;219m▀[0m[38;2;203;203;203m[48;2;173;174;172m▀[0m[38;2;149;149;147m[48;2;104;107;107m▀[0m[38;2;172;174;174m[48;2;155;159;159m▀[0m[38;2;219;219;219m[48;2;219;219;219m▀[0m[38;2;219;219;219m[48;2;217;217;217m▀[0m[38;2;216;216;216m[48;2;216;216;216m▀[0m[38;2;216;216;216m[48;2;216;215;216m▀[0m[38;2;216;216;216m[48;2;216;216;216m▀[0m[38;2;215;216;216m[48;2;216;216;216m▀[0m[38;2;216;216;216m[48;2;215;215;216m▀[0m[38;2;215;216;216m[48;2;215;215;216m▀[0m[38;2;215;215;216m[48;2;215;216;216m▀[0m[38;2;215;216;216m[48;2;219;219;219m▀[0m[38;2;219;219;219m[48;2;219;219;219m▀[0m[38;2;219;219;219m[48;2;209;208;208m▀[0m[38;2;208;209;209m[48;2;92;96;98m▀[0m[38;2;110;112;114m[48;2;114;116;116m▀[0m[38;2;93;96;96m[48;2;138;138;138m▀[0m[38;2;184;185;185m[48;2;168;167;167m▀[0m[38;2;219;219;219m[48;2;219;219;219m▀[0m[38;2;219;219;219m[48;2;219;219;219m▀[0m[38;2;219;219;219m[48;2;219;219;219m▀[0m[38;2;219;219;219m[48;2;219;219;219m▀[0m[38;2;219;219;219m[48;2;219;219;219m▀[0m[38;2;219;219;219m[48;2;219;219;219m▀[0m[38;2;219;219;219m[48;2;87;90;92m▀[0m[38;2;185;187;189m[48;2;0;0;0m▀[0m[38;2;0;0;0m[48;2;0;0;0m▀[0m[38;2;0;0;0m[48;2;58;61;58m▀[0m[38;2;56;56;57m[48;2;50;49;50m▀[0m[38;2;60;57;62m[48;2;35;35;35m▀[0m[38;2;30;31;31m[48;2;54;56;56m▀[0m[38;2;219;219;219m[48;2;219;219;219m▀[0m[38;2;61;63;63m[48;2;0;0;0m▀[0m[38;2;0;0;0m[48;2;0;0;0m▀[0m
[38;2;186;186;186m[48;2;204;203;203m▀[0m[38;2;167;167;167m[48;2;112;112;112m▀[0m[38;2;0;0;0m[48;2;26;29;28m▀[0m[38;2;143;146;146m[48;2;75;78;77m▀[0m[38;2;0;0;0m[48;2;0;0;0m▀[0m[38;2;0;0;0m[48;2;0;0;0m▀[0m[38;2;0;0;0m[48;2;0;0;0m▀[0m[38;2;0;1;1m[48;2;0;0;1m▀[0m[38;2;0;0;0m[48;2;1;0;0m▀[0m[38;2;0;0;0m[48;2;0;0;0m▀[0m[38;2;0;0;0m[48;2;0;0;0m▀[0m[38;2;0;0;0m[48;2;0;0;0m▀[0m[38;2;0;0;0m[48;2;0;0;0m▀[0m[38;2;0;0;0m[48;2;0;0;0m▀[0m[38;2;0;0;0m[48;2;0;0;0m▀[0m[38;2;0;0;0m[48;2;0;0;0m▀[0m[38;2;0;0;0m[48;2;0;0;0m▀[0m[38;2;147;148;147m[48;2;0;0;0m▀[0m[38;2;219;219;219m[48;2;0;0;0m▀[0m[38;2;219;219;219m[48;2;93;92;92m▀[0m[38;2;219;219;219m[48;2;219;219;219m▀[0m[38;2;219;219;219m[48;2;219;219;219m▀[0m[38;2;219;219;219m[48;2;219;219;219m▀[0m[38;2;219;219;219m[48;2;219;219;219m▀[0m[38;2;219;219;219m[48;2;219;219;219m▀[0m[38;2;219;219;219m[48;2;219;219;219m▀[0m[38;2;219;219;219m[48;2;219;219;219m▀[0m[38;2;214;215;208m[48;2;219;219;219m▀[0m[38;2;219;55;45m[48;2;219;219;219m▀[0m[38;2;213;219;219m[48;2;219;219;219m▀[0m[38;2;215;219;219m[48;2;219;219;219m▀[0m[38;2;216;219;219m[48;2;217;219;219m▀[0m[38;2;219;219;219m[48;2;219;219;219m▀[0m[38;2;215;215;212m[48;2;219;219;219m▀[0m[38;2;219;165;155m[48;2;219;28;14m▀[0m[38;2;211;219;219m[48;2;215;219;219m▀[0m[38;2;219;133;128m[48;2;219;57;55m▀[0m[38;2;219;219;219m[48;2;217;219;219m▀[0m[38;2;216;219;219m[48;2;216;219;219m▀[0m[38;2;219;219;219m[48;2;216;219;219m▀[0m[38;2;219;219;219m[48;2;219;219;219m▀[0m[38;2;219;219;219m[48;2;219;219;219m▀[0m[38;2;179;182;179m[48;2;219;219;219m▀[0m[38;2;219;219;219m[48;2;219;219;219m▀[0m[38;2;219;219;219m[48;2;219;219;219m▀[0m[38;2;218;218;218m[48;2;219;219;219m▀[0m[38;2;215;215;216m[48;2;219;219;219m▀[0m[38;2;215;215;216m[48;2;219;219;219m▀[0m[38;2;215;216;216m[48;2;219;219;219m▀[0m[38;2;216;216;216m[48;2;219;219;219m▀[0m[38;2;215;216;216m[48;2;219;219;219m▀[0m[38;2;215;215;216m[48;2;219;219;219m▀[0m[38;2;219;219;219m[48;2;219;219;219m▀[0m[38;2;219;219;219m[48;2;219;219;219m▀[0m[38;2;212;215;212m[48;2;219;219;217m▀[0m[38;2;118;120;120m[48;2;219;219;219m▀[0m[38;2;182;184;184m[48;2;219;219;219m▀[0m[38;2;175;177;177m[48;2;219;219;219m▀[0m[38;2;219;219;219m[48;2;219;219;219m▀[0m[38;2;219;219;219m[48;2;219;219;219m▀[0m[38;2;219;219;219m[48;2;219;219;219m▀[0m[38;2;219;219;219m[48;2;219;219;219m▀[0m[38;2;219;219;219m[48;2;131;135;135m▀[0m[38;2;219;219;219m[48;2;0;0;0m▀[0m[38;2;157;159;159m[48;2;0;0;0m▀[0m[38;2;0;0;0m[48;2;145;147;145m▀[0m[38;2;54;53;50m[48;2;219;219;219m▀[0m[38;2;184;187;187m[48;2;101;103;103m▀[0m[38;2;0;0;0m[48;2;0;0;0m▀[0m[38;2;59;58;55m[48;2;44;43;42m▀[0m[38;2;42;41;42m[48;2;73;75;73m▀[0m[38;2;0;0;0m[48;2;133;135;133m▀[0m[38;2;104;101;104m[48;2;219;219;219m▀[0m[38;2;219;219;219m[48;2;217;219;217m▀[0m[38;2;0;0;0m[48;2;0;0;0m▀[0m[38;2;0;0;0m[48;2;0;0;0m▀[0m
[38;2;214;215;217m[48;2;208;207;210m▀[0m[38;2;56;58;58m[48;2;28;30;31m▀[0m[38;2;61;62;62m[48;2;46;48;49m▀[0m[38;2;3;6;6m[48;2;0;0;0m▀[0m[38;2;0;0;0m[48;2;0;0;0m▀[0m[38;2;0;0;0m[48;2;0;0;0m▀[0m[38;2;0;0;1m[48;2;0;0;1m▀[0m[38;2;0;0;1m[48;2;0;0;1m▀[0m[38;2;0;0;0m[48;2;0;0;0m▀[0m[38;2;0;0;0m[48;2;0;0;0m▀[0m[38;2;1;0;0m[48;2;0;0;0m▀[0m[38;2;1;0;1m[48;2;0;0;0m▀[0m[38;2;1;1;1m[48;2;0;0;0m▀[0m[38;2;0;0;1m[48;2;0;0;0m▀[0m[38;2;0;0;0m[48;2;0;0;0m▀[0m[38;2;0;0;0m[48;2;0;0;0m▀[0m[38;2;0;0;0m[48;2;0;0;0m▀[0m[38;2;0;0;0m[48;2;0;0;0m▀[0m[38;2;0;0;0m[48;2;0;0;0m▀[0m[38;2;0;0;0m[48;2;0;0;0m▀[0m[38;2;0;0;0m[48;2;0;0;0m▀[0m[38;2;15;15;17m[48;2;0;0;0m▀[0m[38;2;135;133;135m[48;2;0;0;0m▀[0m[38;2;219;219;219m[48;2;0;0;0m▀[0m[38;2;219;219;219m[48;2;12;14;14m▀[0m[38;2;219;219;219m[48;2;109;109;109m▀[0m[38;2;219;219;219m[48;2;196;198;198m▀[0m[38;2;219;219;219m[48;2;219;219;219m▀[0m[38;2;219;219;219m[48;2;219;219;219m▀[0m[38;2;219;219;219m[48;2;219;219;219m▀[0m[38;2;219;219;219m[48;2;219;219;219m▀[0m[38;2;219;219;219m[48;2;219;219;219m▀[0m[38;2;219;219;219m[48;2;219;219;219m▀[0m[38;2;219;219;219m[48;2;219;219;219m▀[0m[38;2;219;12;1m[48;2;219;79;73m▀[0m[38;2;219;0;0m[48;2;219;49;42m▀[0m[38;2;219;0;0m[48;2;219;172;173m▀[0m[38;2;219;79;76m[48;2;219;0;0m▀[0m[38;2;219;219;219m[48;2;219;114;106m▀[0m[38;2;219;219;219m[48;2;219;219;219m▀[0m[38;2;219;219;219m[48;2;219;219;219m▀[0m[38;2;219;219;219m[48;2;219;219;219m▀[0m[38;2;219;219;219m[48;2;219;219;219m▀[0m[38;2;219;219;219m[48;2;219;219;219m▀[0m[38;2;219;219;219m[48;2;219;219;219m▀[0m[38;2;219;219;219m[48;2;219;219;219m▀[0m[38;2;219;219;219m[48;2;219;219;219m▀[0m[38;2;219;219;219m[48;2;219;219;219m▀[0m[38;2;219;219;219m[48;2;219;219;219m▀[0m[38;2;219;219;219m[48;2;219;219;219m▀[0m[38;2;219;219;219m[48;2;178;181;181m▀[0m[38;2;219;219;219m[48;2;154;156;159m▀[0m[38;2;219;219;219m[48;2;141;145;145m▀[0m[38;2;219;219;219m[48;2;141;142;143m▀[0m[38;2;219;219;219m[48;2;135;135;139m▀[0m[38;2;219;219;219m[48;2;104;105;109m▀[0m[38;2;219;219;219m[48;2;61;63;64m▀[0m[38;2;219;219;219m[48;2;14;16;18m▀[0m[38;2;219;219;219m[48;2;9;11;11m▀[0m[38;2;169;172;172m[48;2;0;0;0m▀[0m[38;2;49;50;50m[48;2;89;88;86m▀[0m[38;2;0;0;0m[48;2;219;219;219m▀[0m[38;2;0;0;0m[48;2;219;219;219m▀[0m[38;2;139;138;138m[48;2;219;219;219m▀[0m[38;2;219;219;219m[48;2;219;219;219m▀[0m[38;2;219;219;219m[48;2;219;219;219m▀[0m[38;2;219;219;219m[48;2;219;219;219m▀[0m[38;2;23;24;24m[48;2;0;0;0m▀[0m[38;2;23;23;18m[48;2;49;50;48m▀[0m[38;2;48;49;48m[48;2;55;57;57m▀[0m[38;2;49;51;49m[48;2;49;49;46m▀[0m[38;2;84;83;84m[48;2;0;0;0m▀[0m[38;2;219;219;219m[48;2;161;160;161m▀[0m[38;2;205;205;205m[48;2;219;219;219m▀[0m[38;2;0;0;0m[48;2;0;0;0m▀[0m[38;2;0;0;0m[48;2;0;0;0m▀[0m
[38;2;178;180;184m[48;2;136;138;138m▀[0m[38;2;18;19;23m[48;2;8;11;12m▀[0m[38;2;12;14;15m[48;2;0;0;0m▀[0m[38;2;0;0;0m[48;2;0;0;0m▀[0m[38;2;0;0;0m[48;2;0;0;0m▀[0m[38;2;0;0;0m[48;2;0;0;0m▀[0m[38;2;0;0;1m[48;2;0;0;0m▀[0m[38;2;1;1;1m[48;2;0;0;0m▀[0m[38;2;0;0;0m[48;2;0;0;0m▀[0m[38;2;0;0;0m[48;2;0;0;0m▀[0m[38;2;0;0;0m[48;2;0;0;0m▀[0m[38;2;0;0;0m[48;2;0;0;0m▀[0m[38;2;0;0;0m[48;2;0;0;0m▀[0m[38;2;0;0;0m[48;2;0;0;0m▀[0m[38;2;0;0;0m[48;2;0;0;0m▀[0m[38;2;0;0;0m[48;2;0;0;0m▀[0m[38;2;0;0;0m[48;2;0;0;0m▀[0m[38;2;0;0;0m[48;2;0;0;0m▀[0m[38;2;0;0;0m[48;2;0;0;0m▀[0m[38;2;0;0;0m[48;2;0;0;0m▀[0m[38;2;0;0;0m[48;2;0;0;0m▀[0m[38;2;0;0;0m[48;2;0;0;0m▀[0m[38;2;0;0;0m[48;2;0;0;0m▀[0m[38;2;0;0;0m[48;2;0;0;0m▀[0m[38;2;0;0;0m[48;2;0;0;0m▀[0m[38;2;0;0;0m[48;2;0;0;0m▀[0m[38;2;0;0;0m[48;2;0;0;0m▀[0m[38;2;0;0;0m[48;2;0;0;0m▀[0m[38;2;8;13;11m[48;2;0;0;0m▀[0m[38;2;73;74;74m[48;2;0;0;0m▀[0m[38;2;138;138;138m[48;2;0;0;0m▀[0m[38;2;189;191;192m[48;2;0;0;0m▀[0m[38;2;216;219;219m[48;2;0;0;0m▀[0m[38;2;219;219;219m[48;2;0;0;0m▀[0m[38;2;219;104;149m[48;2;10;56;0m▀[0m[38;2;219;0;48m[48;2;32;55;0m▀[0m[38;2;219;219;219m[48;2;18;68;45m▀[0m[38;2;219;129;142m[48;2;0;7;55m▀[0m[38;2;219;0;0m[48;2;4;0;0m▀[0m[38;2;219;172;165m[48;2;0;0;0m▀[0m[38;2;219;219;219m[48;2;0;15;15m▀[0m[38;2;219;219;219m[48;2;0;0;0m▀[0m[38;2;219;219;219m[48;2;0;0;0m▀[0m[38;2;219;219;219m[48;2;0;0;0m▀[0m[38;2;211;214;211m[48;2;0;0;0m▀[0m[38;2;161;161;163m[48;2;0;0;0m▀[0m[38;2;70;73;73m[48;2;0;0;0m▀[0m[38;2;0;0;0m[48;2;62;62;62m▀[0m[38;2;0;0;0m[48;2;0;0;0m▀[0m[38;2;0;0;0m[48;2;0;0;0m▀[0m[38;2;40;41;38m[48;2;39;42;39m▀[0m[38;2;50;49;52m[48;2;219;219;219m▀[0m[38;2;72;73;70m[48;2;219;219;219m▀[0m[38;2;0;0;0m[48;2;89;92;88m▀[0m[38;2;0;0;0m[48;2;0;0;0m▀[0m[38;2;0;0;0m[48;2;0;0;0m▀[0m[38;2;0;0;0m[48;2;18;21;24m▀[0m[38;2;0;0;0m[48;2;0;0;0m▀[0m[38;2;219;219;219m[48;2;211;212;209m▀[0m[38;2;112;117;118m[48;2;141;143;144m▀[0m[38;2;162;165;165m[48;2;43;47;47m▀[0m[38;2;219;219;219m[48;2;219;219;219m▀[0m[38;2;201;202;203m[48;2;79;78;79m▀[0m[38;2;48;53;53m[48;2;0;0;0m▀[0m[38;2;219;219;219m[48;2;219;219;219m▀[0m[38;2;219;219;219m[48;2;219;219;219m▀[0m[38;2;205;207;208m[48;2;153;156;156m▀[0m[38;2;0;0;0m[48;2;0;0;0m▀[0m[38;2;18;20;17m[48;2;20;14;11m▀[0m[38;2;36;39;38m[48;2;8;5;1m▀[0m[38;2;36;40;36m[48;2;0;1;0m▀[0m[38;2;16;18;16m[48;2;110;113;113m▀[0m[38;2;219;219;219m[48;2;219;219;219m▀[0m[38;2;205;205;205m[48;2;0;0;0m▀[0m[38;2;0;0;0m[48;2;0;0;0m▀[0m[38;2;0;0;0m[48;2;0;0;0m▀[0m
[38;2;88;90;92m[48;2;51;50;51m▀[0m[38;2;5;3;6m[48;2;6;6;6m▀[0m[38;2;0;0;0m[48;2;0;0;0m▀[0m[38;2;0;0;0m[48;2;0;0;0m▀[0m[38;2;0;0;0m[48;2;0;0;0m▀[0m[38;2;0;0;0m[48;2;0;0;1m▀[0m[38;2;0;0;0m[48;2;0;0;0m▀[0m[38;2;0;0;1m[48;2;0;0;0m▀[0m[38;2;0;0;0m[48;2;0;0;0m▀[0m[38;2;0;0;0m[48;2;0;0;0m▀[0m[38;2;0;0;0m[48;2;0;0;0m▀[0m[38;2;0;0;0m[48;2;0;0;0m▀[0m[38;2;0;0;0m[48;2;0;0;0m▀[0m[38;2;0;0;0m[48;2;0;0;0m▀[0m[38;2;1;0;1m[48;2;1;0;1m▀[0m[38;2;0;0;1m[48;2;1;0;1m▀[0m[38;2;0;0;0m[48;2;0;0;0m▀[0m[38;2;0;0;0m[48;2;10;10;12m▀[0m[38;2;0;0;0m[48;2;12;12;13m▀[0m[38;2;0;0;1m[48;2;0;0;0m▀[0m[38;2;0;0;0m[48;2;0;0;0m▀[0m[38;2;0;0;0m[48;2;0;0;0m▀[0m[38;2;0;0;0m[48;2;0;0;0m▀[0m[38;2;0;0;0m[48;2;0;0;0m▀[0m[38;2;0;0;0m[48;2;0;0;0m▀[0m[38;2;0;0;0m[48;2;0;0;0m▀[0m[38;2;0;0;0m[48;2;0;0;0m▀[0m[38;2;0;0;0m[48;2;0;0;0m▀[0m[38;2;0;0;0m[48;2;0;0;0m▀[0m[38;2;0;0;0m[48;2;0;0;0m▀[0m[38;2;0;0;0m[48;2;0;0;0m▀[0m[38;2;0;0;0m[48;2;0;0;0m▀[0m[38;2;0;0;0m[48;2;0;0;0m▀[0m[38;2;0;0;0m[48;2;0;0;0m▀[0m[38;2;138;219;0m[48;2;157;219;0m▀[0m[38;2;169;219;0m[48;2;159;219;0m▀[0m[38;2;122;219;0m[48;2;192;219;0m▀[0m[38;2;0;0;0m[48;2;18;54;0m▀[0m[38;2;0;0;0m[48;2;0;0;0m▀[0m[38;2;0;0;0m[48;2;0;0;0m▀[0m[38;2;0;0;0m[48;2;124;0;0m▀[0m[38;2;91;0;0m[48;2;137;0;0m▀[0m[38;2;0;0;0m[48;2;0;0;0m▀[0m[38;2;0;0;0m[48;2;0;0;0m▀[0m[38;2;0;0;0m[48;2;0;0;0m▀[0m[38;2;0;0;0m[48;2;0;0;0m▀[0m[38;2;0;0;0m[48;2;0;0;0m▀[0m[38;2;208;208;206m[48;2;12;9;12m▀[0m[38;2;37;39;39m[48;2;41;43;41m▀[0m[38;2;0;0;0m[48;2;0;0;0m▀[0m[38;2;0;0;0m[48;2;0;0;0m▀[0m[38;2;107;109;110m[48;2;219;219;219m▀[0m[38;2;219;219;219m[48;2;77;74;76m▀[0m[38;2;219;219;219m[48;2;132;140;142m▀[0m[38;2;110;112;112m[48;2;148;151;150m▀[0m[38;2;219;219;219m[48;2;186;197;192m▀[0m[38;2;18;18;19m[48;2;0;0;0m▀[0m[38;2;0;0;0m[48;2;0;0;0m▀[0m[38;2;179;178;178m[48;2;201;201;201m▀[0m[38;2;183;185;184m[48;2;181;184;181m▀[0m[38;2;37;43;43m[48;2;60;62;64m▀[0m[38;2;219;219;219m[48;2;219;219;219m▀[0m[38;2;26;26;27m[48;2;28;25;27m▀[0m[38;2;0;0;0m[48;2;0;0;0m▀[0m[38;2;219;219;219m[48;2;219;219;219m▀[0m[38;2;219;219;219m[48;2;219;219;219m▀[0m[38;2;122;124;122m[48;2;97;98;100m▀[0m[38;2;88;90;91m[48;2;120;122;125m▀[0m[38;2;121;117;122m[48;2;160;164;167m▀[0m[38;2;114;116;116m[48;2;125;131;134m▀[0m[38;2;104;110;111m[48;2;219;219;219m▀[0m[38;2;219;219;219m[48;2;219;219;219m▀[0m[38;2;122;123;127m[48;2;0;0;0m▀[0m[38;2;0;0;0m[48;2;0;0;0m▀[0m[38;2;0;0;0m[48;2;0;0;0m▀[0m[38;2;0;0;0m[48;2;0;0;0m▀[0m
[38;2;19;21;21m[48;2;36;35;37m▀[0m[38;2;2;2;0m[48;2;0;0;0m▀[0m[38;2;0;0;0m[48;2;0;0;0m▀[0m[38;2;0;0;0m[48;2;0;0;0m▀[0m[38;2;0;0;0m[48;2;0;0;1m▀[0m[38;2;0;0;1m[48;2;0;0;1m▀[0m[38;2;0;0;0m[48;2;0;0;0m▀[0m[38;2;0;0;0m[48;2;0;0;0m▀[0m[38;2;0;0;0m[48;2;0;0;0m▀[0m[38;2;0;0;0m[48;2;0;0;0m▀[0m[38;2;0;0;0m[48;2;0;0;0m▀[0m[38;2;0;0;0m[48;2;0;0;0m▀[0m[38;2;0;0;0m[48;2;0;0;1m▀[0m[38;2;0;0;0m[48;2;0;0;0m▀[0m[38;2;0;0;0m[48;2;0;0;0m▀[0m[38;2;0;0;0m[48;2;0;0;0m▀[0m[38;2;0;0;0m[48;2;0;0;0m▀[0m[38;2;6;6;6m[48;2;0;0;0m▀[0m[38;2;36;36;41m[48;2;27;27;29m▀[0m[38;2;0;0;0m[48;2;0;0;2m▀[0m[38;2;0;1;1m[48;2;0;0;0m▀[0m[38;2;0;0;0m[48;2;0;0;0m▀[0m[38;2;0;0;1m[48;2;0;0;1m▀[0m[38;2;0;0;1m[48;2;0;0;0m▀[0m[38;2;0;0;0m[48;2;0;0;0m▀[0m[38;2;0;0;0m[48;2;0;0;0m▀[0m[38;2;0;0;0m[48;2;0;0;0m▀[0m[38;2;94;97;101m[48;2;34;36;37m▀[0m[38;2;14;14;12m[48;2;141;145;148m▀[0m[38;2;0;0;0m[48;2;0;0;0m▀[0m[38;2;0;0;0m[48;2;0;0;0m▀[0m[38;2;0;0;0m[48;2;0;0;0m▀[0m[38;2;0;0;0m[48;2;0;0;0m▀[0m[38;2;1;0;8m[48;2;32;59;0m▀[0m[38;2;180;219;0m[48;2;190;219;0m▀[0m[38;2;167;219;0m[48;2;162;219;0m▀[0m[38;2;183;219;0m[48;2;204;219;0m▀[0m[38;2;0;3;6m[48;2;0;36;6m▀[0m[38;2;0;0;0m[48;2;154;0;0m▀[0m[38;2;0;0;0m[48;2;118;0;1m▀[0m[38;2;132;17;0m[48;2;88;76;0m▀[0m[38;2;63;26;8m[48;2;30;43;31m▀[0m[38;2;0;0;7m[48;2;6;16;36m▀[0m[38;2;0;0;0m[48;2;0;0;0m▀[0m[38;2;0;0;0m[48;2;0;0;0m▀[0m[38;2;0;0;0m[48;2;0;0;0m▀[0m[38;2;0;0;0m[48;2;0;0;0m▀[0m[38;2;0;0;0m[48;2;0;0;0m▀[0m[38;2;18;21;22m[48;2;19;19;20m▀[0m[38;2;0;0;0m[48;2;0;0;0m▀[0m[38;2;0;0;0m[48;2;82;85;81m▀[0m[38;2;202;204;204m[48;2;215;219;219m▀[0m[38;2;0;0;0m[48;2;0;0;0m▀[0m[38;2;81;83;83m[48;2;136;136;135m▀[0m[38;2;0;0;0m[48;2;0;0;0m▀[0m[38;2;51;55;55m[48;2;69;71;71m▀[0m[38;2;0;0;0m[48;2;0;0;0m▀[0m[38;2;0;0;0m[48;2;104;104;106m▀[0m[38;2;219;219;219m[48;2;219;219;219m▀[0m[38;2;133;135;135m[48;2;102;107;107m▀[0m[38;2;82;87;90m[48;2;104;110;110m▀[0m[38;2;202;204;204m[48;2;188;190;190m▀[0m[38;2;50;51;49m[48;2;64;66;66m▀[0m[38;2;0;0;0m[48;2;0;0;0m▀[0m[38;2;219;219;219m[48;2;219;219;219m▀[0m[38;2;219;219;219m[48;2;219;219;219m▀[0m[38;2;83;86;86m[48;2;89;91;89m▀[0m[38;2;132;134;135m[48;2;126;131;134m▀[0m[38;2;124;128;129m[48;2;152;157;158m▀[0m[38;2;170;173;174m[48;2;219;219;219m▀[0m[38;2;219;219;219m[48;2;78;80;79m▀[0m[38;2;15;21;24m[48;2;0;0;0m▀[0m[38;2;0;0;0m[48;2;0;0;0m▀[0m[38;2;0;0;0m[48;2;0;0;0m▀[0m[38;2;0;0;0m[48;2;0;0;0m▀[0m[38;2;0;0;0m[48;2;0;0;0m▀[0m
[38;2;12;14;14m[48;2;5;5;5m▀[0m[38;2;0;0;0m[48;2;0;0;0m▀[0m[38;2;0;0;0m[48;2;0;0;0m▀[0m[38;2;0;0;0m[48;2;0;0;0m▀[0m[38;2;0;0;1m[48;2;0;0;1m▀[0m[38;2;0;0;0m[48;2;0;0;0m▀[0m[38;2;0;0;0m[48;2;0;0;0m▀[0m[38;2;0;0;0m[48;2;0;0;0m▀[0m[38;2;0;0;0m[48;2;0;0;0m▀[0m[38;2;0;0;0m[48;2;0;0;0m▀[0m[38;2;0;0;0m[48;2;0;0;0m▀[0m[38;2;0;0;0m[48;2;0;0;0m▀[0m[38;2;0;0;0m[48;2;0;0;0m▀[0m[38;2;0;0;0m[48;2;0;0;0m▀[0m[38;2;0;0;0m[48;2;0;0;0m▀[0m[38;2;0;0;0m[48;2;1;1;1m▀[0m[38;2;104;104;104m[48;2;219;219;219m▀[0m[38;2;16;18;19m[48;2;65;67;67m▀[0m[38;2;0;0;0m[48;2;0;0;0m▀[0m[38;2;0;2;2m[48;2;0;0;0m▀[0m[38;2;0;0;0m[48;2;0;0;0m▀[0m[38;2;0;0;0m[48;2;0;0;0m▀[0m[38;2;0;0;0m[48;2;0;0;0m▀[0m[38;2;0;0;0m[48;2;0;0;0m▀[0m[38;2;0;0;0m[48;2;0;0;0m▀[0m[38;2;0;0;0m[48;2;0;0;0m▀[0m[38;2;0;0;0m[48;2;0;0;0m▀[0m[38;2;0;0;0m[48;2;73;75;79m▀[0m[38;2;122;129;133m[48;2;75;77;80m▀[0m[38;2;45;48;49m[48;2;31;34;33m▀[0m[38;2;0;0;0m[48;2;0;0;0m▀[0m[38;2;0;0;0m[48;2;0;0;0m▀[0m[38;2;0;0;0m[48;2;0;0;0m▀[0m[38;2;116;202;0m[48;2;97;145;7m▀[0m[38;2;64;140;0m[48;2;0;0;8m▀[0m[38;2;24;46;0m[48;2;0;0;0m▀[0m[38;2;219;219;0m[48;2;195;219;0m▀[0m[38;2;51;143;0m[48;2;117;219;0m▀[0m[38;2;84;0;0m[48;2;0;0;0m▀[0m[38;2;82;0;0m[48;2;10;70;0m▀[0m[38;2;89;99;0m[48;2;116;184;2m▀[0m[38;2;0;0;4m[48;2;0;0;49m▀[0m[38;2;65;68;85m[48;2;74;77;81m▀[0m[38;2;0;0;0m[48;2;0;0;0m▀[0m[38;2;0;0;0m[48;2;0;0;0m▀[0m[38;2;173;219;26m[48;2;94;154;2m▀[0m[38;2;97;153;0m[48;2;84;141;0m▀[0m[38;2;0;0;0m[48;2;0;0;0m▀[0m[38;2;0;0;0m[48;2;0;0;0m▀[0m[38;2;161;165;165m[48;2;12;15;18m▀[0m[38;2;219;219;219m[48;2;219;219;219m▀[0m[38;2;92;94;94m[48;2;0;0;0m▀[0m[38;2;0;0;0m[48;2;0;0;0m▀[0m[38;2;194;196;198m[48;2;219;219;219m▀[0m[38;2;176;178;178m[48;2;116;118;118m▀[0m[38;2;10;12;12m[48;2;34;36;36m▀[0m[38;2;0;0;0m[48;2;219;219;219m▀[0m[38;2;219;219;219m[48;2;153;156;153m▀[0m[38;2;170;175;172m[48;2;141;146;145m▀[0m[38;2;113;119;118m[48;2;165;172;167m▀[0m[38;2;117;125;125m[48;2;141;148;147m▀[0m[38;2;166;170;170m[48;2;167;171;171m▀[0m[38;2;61;60;60m[48;2;147;147;147m▀[0m[38;2;0;0;0m[48;2;74;77;77m▀[0m[38;2;219;219;219m[48;2;219;219;219m▀[0m[38;2;219;219;219m[48;2;219;219;219m▀[0m[38;2;87;90;92m[48;2;154;157;154m▀[0m[38;2;184;187;189m[48;2;218;213;215m▀[0m[38;2;219;219;219m[48;2;64;61;61m▀[0m[38;2;90;91;86m[48;2;135;134;131m▀[0m[38;2;36;34;36m[48;2;0;0;0m▀[0m[38;2;0;0;0m[48;2;0;0;0m▀[0m[38;2;0;0;0m[48;2;0;0;0m▀[0m[38;2;0;0;0m[48;2;1;4;3m▀[0m[38;2;0;0;0m[48;2;0;0;0m▀[0m[38;2;0;0;1m[48;2;0;0;1m▀[0m
[38;2;3;3;4m[48;2;0;1;1m▀[0m[38;2;0;0;0m[48;2;0;0;0m▀[0m[38;2;1;1;1m[48;2;1;0;1m▀[0m[38;2;0;0;1m[48;2;1;0;1m▀[0m[38;2;0;0;1m[48;2;0;0;1m▀[0m[38;2;0;0;1m[48;2;0;0;0m▀[0m[38;2;0;0;0m[48;2;0;0;0m▀[0m[38;2;0;0;0m[48;2;0;0;0m▀[0m[38;2;0;0;0m[48;2;0;0;0m▀[0m[38;2;0;0;0m[48;2;0;0;0m▀[0m[38;2;0;0;0m[48;2;0;0;0m▀[0m[38;2;0;0;0m[48;2;0;0;0m▀[0m[38;2;0;0;0m[48;2;0;0;0m▀[0m[38;2;0;0;0m[48;2;0;0;0m▀[0m[38;2;0;0;0m[48;2;0;0;0m▀[0m[38;2;0;0;0m[48;2;57;59;61m▀[0m[38;2;200;202;199m[48;2;67;67;65m▀[0m[38;2;133;135;133m[48;2;200;200;195m▀[0m[38;2;0;0;0m[48;2;0;0;0m▀[0m[38;2;0;0;0m[48;2;0;0;0m▀[0m[38;2;0;0;0m[48;2;0;0;0m▀[0m[38;2;0;0;0m[48;2;0;0;0m▀[0m[38;2;0;0;0m[48;2;0;0;0m▀[0m[38;2;0;0;0m[48;2;0;0;0m▀[0m[38;2;0;0;0m[48;2;0;0;0m▀[0m[38;2;0;0;0m[48;2;0;0;0m▀[0m[38;2;0;0;0m[48;2;0;0;0m▀[0m[38;2;0;0;0m[48;2;0;0;0m▀[0m[38;2;133;136;140m[48;2;109;115;118m▀[0m[38;2;0;0;0m[48;2;116;119;120m▀[0m[38;2;0;0;0m[48;2;0;0;0m▀[0m[38;2;0;0;0m[48;2;0;0;0m▀[0m[38;2;0;0;0m[48;2;0;0;0m▀[0m[38;2;0;0;0m[48;2;190;0;0m▀[0m[38;2;0;0;0m[48;2;78;0;0m▀[0m[38;2;0;0;3m[48;2;0;0;5m▀[0m[38;2;179;219;0m[48;2;184;219;0m▀[0m[38;2;128;219;0m[48;2;108;206;0m▀[0m[38;2;0;0;5m[48;2;0;0;11m▀[0m[38;2;120;219;0m[48;2;129;219;0m▀[0m[38;2;116;174;61m[48;2;78;79;86m▀[0m[38;2;205;182;219m[48;2;219;219;219m▀[0m[38;2;0;0;0m[48;2;68;64;71m▀[0m[38;2;97;95;102m[48;2;0;0;0m▀[0m[38;2;0;0;0m[48;2;105;103;109m▀[0m[38;2;0;0;0m[48;2;16;16;17m▀[0m[38;2;0;0;0m[48;2;0;0;0m▀[0m[38;2;0;0;0m[48;2;0;0;0m▀[0m[38;2;0;0;0m[48;2;0;0;0m▀[0m[38;2;0;0;0m[48;2;0;0;0m▀[0m[38;2;149;154;153m[48;2;87;89;89m▀[0m[38;2;0;0;0m[48;2;24;24;24m▀[0m[38;2;101;99;102m[48;2;219;219;219m▀[0m[38;2;219;219;219m[48;2;118;118;118m▀[0m[38;2;104;104;102m[48;2;15;15;16m▀[0m[38;2;171;173;173m[48;2;0;0;0m▀[0m[38;2;7;7;7m[48;2;0;0;0m▀[0m[38;2;0;0;0m[48;2;0;0;0m▀[0m[38;2;0;0;0m[48;2;0;0;0m▀[0m[38;2;73;75;75m[48;2;0;0;0m▀[0m[38;2;156;162;160m[48;2;4;4;4m▀[0m[38;2;170;172;172m[48;2;195;194;194m▀[0m[38;2;219;219;219m[48;2;191;192;190m▀[0m[38;2;219;219;219m[48;2;219;219;219m▀[0m[38;2;219;219;219m[48;2;219;219;219m▀[0m[38;2;219;219;219m[48;2;186;186;186m▀[0m[38;2;24;24;21m[48;2;0;0;0m▀[0m[38;2;0;0;0m[48;2;88;88;88m▀[0m[38;2;202;202;199m[48;2;39;39;39m▀[0m[38;2;53;53;53m[48;2;0;0;0m▀[0m[38;2;0;0;0m[48;2;0;0;0m▀[0m[38;2;0;0;0m[48;2;0;0;0m▀[0m[38;2;28;28;30m[48;2;120;125;125m▀[0m[38;2;59;61;62m[48;2;6;6;6m▀[0m[38;2;0;0;0m[48;2;0;0;0m▀[0m[38;2;1;1;2m[48;2;0;0;0m▀[0m
[38;2;0;1;0m[48;2;0;1;0m▀[0m[38;2;0;0;0m[48;2;0;0;0m▀[0m[38;2;0;0;0m[48;2;0;0;0m▀[0m[38;2;0;0;0m[48;2;0;0;0m▀[0m[38;2;0;0;0m[48;2;0;0;0m▀[0m[38;2;0;0;0m[48;2;0;0;0m▀[0m[38;2;0;0;0m[48;2;0;0;0m▀[0m[38;2;0;0;0m[48;2;0;0;0m▀[0m[38;2;0;0;0m[48;2;0;0;0m▀[0m[38;2;0;0;0m[48;2;0;0;0m▀[0m[38;2;0;0;0m[48;2;0;0;0m▀[0m[38;2;0;0;0m[48;2;0;0;0m▀[0m[38;2;0;0;0m[48;2;0;0;0m▀[0m[38;2;0;0;0m[48;2;0;0;0m▀[0m[38;2;0;0;0m[48;2;0;0;0m▀[0m[38;2;104;106;108m[48;2;29;30;32m▀[0m[38;2;0;2;2m[48;2;47;49;51m▀[0m[38;2;169;167;162m[48;2;47;47;44m▀[0m[38;2;24;23;24m[48;2;94;94;92m▀[0m[38;2;0;0;0m[48;2;0;0;0m▀[0m[38;2;0;0;0m[48;2;0;0;0m▀[0m[38;2;0;0;0m[48;2;0;0;0m▀[0m[38;2;0;0;1m[48;2;1;0;1m▀[0m[38;2;0;0;0m[48;2;0;0;0m▀[0m[38;2;0;0;1m[48;2;0;0;0m▀[0m[38;2;0;0;0m[48;2;0;0;1m▀[0m[38;2;0;0;0m[48;2;0;0;0m▀[0m[38;2;0;0;0m[48;2;1;0;0m▀[0m[38;2;36;42;49m[48;2;43;44;48m▀[0m[38;2;139;145;153m[48;2;93;98;109m▀[0m[38;2;19;22;23m[48;2;6;11;10m▀[0m[38;2;0;0;0m[48;2;0;0;0m▀[0m[38;2;0;0;0m[48;2;0;0;0m▀[0m[38;2;219;8;0m[48;2;0;0;5m▀[0m[38;2;123;0;0m[48;2;0;0;0m▀[0m[38;2;0;0;5m[48;2;0;0;5m▀[0m[38;2;187;219;0m[48;2;178;219;0m▀[0m[38;2;80;165;0m[48;2;98;196;0m▀[0m[38;2;47;107;0m[48;2;129;219;0m▀[0m[38;2;90;219;0m[48;2;44;114;0m▀[0m[38;2;55;28;106m[48;2;85;48;140m▀[0m[38;2;33;24;45m[48;2;0;0;0m▀[0m[38;2;219;219;219m[48;2;0;0;0m▀[0m[38;2;156;156;157m[48;2;138;141;141m▀[0m[38;2;56;56;57m[48;2;215;215;217m▀[0m[38;2;123;122;122m[48;2;192;192;192m▀[0m[38;2;114;116;116m[48;2;191;194;195m▀[0m[38;2;87;86;87m[48;2;200;199;200m▀[0m[38;2;61;60;61m[48;2;184;184;184m▀[0m[38;2;72;74;72m[48;2;219;219;219m▀[0m[38;2;219;219;219m[48;2;219;219;219m▀[0m[38;2;219;219;219m[48;2;219;219;219m▀[0m[38;2;0;0;0m[48;2;0;0;0m▀[0m[38;2;0;0;0m[48;2;0;0;0m▀[0m[38;2;0;0;0m[48;2;0;0;0m▀[0m[38;2;0;0;0m[48;2;0;0;0m▀[0m[38;2;0;0;0m[48;2;0;0;0m▀[0m[38;2;0;0;0m[48;2;0;0;0m▀[0m[38;2;0;0;0m[48;2;0;0;0m▀[0m[38;2;0;0;0m[48;2;0;0;0m▀[0m[38;2;0;0;0m[48;2;33;33;33m▀[0m[38;2;219;219;219m[48;2;219;219;219m▀[0m[38;2;110;117;120m[48;2;0;0;0m▀[0m[38;2;219;219;219m[48;2;172;172;172m▀[0m[38;2;219;219;219m[48;2;219;219;219m▀[0m[38;2;173;173;173m[48;2;171;171;172m▀[0m[38;2;0;0;0m[48;2;0;0;0m▀[0m[38;2;0;0;0m[48;2;0;0;0m▀[0m[38;2;0;0;0m[48;2;0;0;0m▀[0m[38;2;0;0;0m[48;2;0;0;0m▀[0m[38;2;0;0;0m[48;2;36;37;41m▀[0m[38;2;87;91;91m[48;2;196;199;199m▀[0m[38;2;30;32;32m[48;2;6;6;6m▀[0m[38;2;0;0;0m[48;2;0;0;0m▀[0m[38;2;0;0;0m[48;2;0;0;0m▀[0m[38;2;0;0;0m[48;2;0;0;0m▀[0m
[38;2;0;1;0m[48;2;0;0;0m▀[0m[38;2;0;0;0m[48;2;0;0;0m▀[0m[38;2;0;0;0m[48;2;0;0;1m▀[0m[38;2;0;0;0m[48;2;1;1;1m▀[0m[38;2;0;0;0m[48;2;0;0;1m▀[0m[38;2;0;0;0m[48;2;0;0;0m▀[0m[38;2;0;0;0m[48;2;0;0;0m▀[0m[38;2;0;0;0m[48;2;0;0;0m▀[0m[38;2;0;0;0m[48;2;0;0;0m▀[0m[38;2;0;0;1m[48;2;0;0;0m▀[0m[38;2;0;0;0m[48;2;0;0;0m▀[0m[38;2;0;0;0m[48;2;0;0;0m▀[0m[38;2;0;0;0m[48;2;0;0;0m▀[0m[38;2;0;0;0m[48;2;0;0;0m▀[0m[38;2;51;54;54m[48;2;149;149;151m▀[0m[38;2;0;2;2m[48;2;67;67;66m▀[0m[38;2;87;87;89m[48;2;30;32;30m▀[0m[38;2;0;0;0m[48;2;36;36;40m▀[0m[38;2;69;72;69m[48;2;0;0;0m▀[0m[38;2;0;0;0m[48;2;0;0;0m▀[0m[38;2;0;0;0m[48;2;0;0;0m▀[0m[38;2;0;0;0m[48;2;0;0;0m▀[0m[38;2;0;0;0m[48;2;0;0;0m▀[0m[38;2;0;0;0m[48;2;0;0;0m▀[0m[38;2;0;0;1m[48;2;0;0;1m▀[0m[38;2;0;0;0m[48;2;0;0;0m▀[0m[38;2;0;0;0m[48;2;0;0;0m▀[0m[38;2;0;0;0m[48;2;0;0;0m▀[0m[38;2;86;90;91m[48;2;79;81;82m▀[0m[38;2;24;27;34m[48;2;49;52;53m▀[0m[38;2;0;0;0m[48;2;0;0;0m▀[0m[38;2;0;0;0m[48;2;0;0;0m▀[0m[38;2;0;0;0m[48;2;0;0;3m▀[0m[38;2;0;0;0m[48;2;113;190;0m▀[0m[38;2;0;0;0m[48;2;0;0;0m▀[0m[38;2;2;8;4m[48;2;51;95;0m▀[0m[38;2;167;219;0m[48;2;82;161;0m▀[0m[38;2;144;219;0m[48;2;46;77;0m▀[0m[38;2;172;219;0m[48;2;168;219;0m▀[0m[38;2;34;54;8m[48;2;49;45;70m▀[0m[38;2;116;86;159m[48;2;92;71;121m▀[0m[38;2;0;0;0m[48;2;0;0;0m▀[0m[38;2;0;0;0m[48;2;0;0;0m▀[0m[38;2;0;0;0m[48;2;0;0;0m▀[0m[38;2;0;0;0m[48;2;0;0;0m▀[0m[38;2;24;24;24m[48;2;0;0;0m▀[0m[38;2;61;61;62m[48;2;0;0;0m▀[0m[38;2;55;55;55m[48;2;0;0;0m▀[0m[38;2;0;0;0m[48;2;0;0;0m▀[0m[38;2;0;0;0m[48;2;0;0;0m▀[0m[38;2;219;219;219m[48;2;204;204;204m▀[0m[38;2;108;110;110m[48;2;36;36;36m▀[0m[38;2;0;0;0m[48;2;0;0;0m▀[0m[38;2;0;0;0m[48;2;0;0;0m▀[0m[38;2;0;0;0m[48;2;0;0;0m▀[0m[38;2;1;1;1m[48;2;1;1;1m▀[0m[38;2;0;0;0m[48;2;0;1;1m▀[0m[38;2;0;0;0m[48;2;0;0;0m▀[0m[38;2;0;0;0m[48;2;0;0;0m▀[0m[38;2;0;0;0m[48;2;0;0;0m▀[0m[38;2;63;66;66m[48;2;78;78;78m▀[0m[38;2;219;219;219m[48;2;144;147;144m▀[0m[38;2;6;7;5m[48;2;219;219;219m▀[0m[38;2;30;33;30m[48;2;18;19;19m▀[0m[38;2;219;219;219m[48;2;219;219;219m▀[0m[38;2;176;176;178m[48;2;187;187;189m▀[0m[38;2;0;0;0m[48;2;0;0;0m▀[0m[38;2;0;0;0m[48;2;0;0;0m▀[0m[38;2;0;0;0m[48;2;0;0;0m▀[0m[38;2;0;0;0m[48;2;0;0;0m▀[0m[38;2;0;2;3m[48;2;0;0;0m▀[0m[38;2;86;90;90m[48;2;0;0;0m▀[0m[38;2;178;181;178m[48;2;0;0;0m▀[0m[38;2;110;113;113m[48;2;108;110;110m▀[0m[38;2;0;0;0m[48;2;42;41;41m▀[0m[38;2;0;0;0m[48;2;0;0;0m▀[0m
[38;2;0;0;0m[48;2;0;0;0m▀[0m[38;2;0;0;0m[48;2;1;0;0m▀[0m[38;2;1;0;0m[48;2;2;0;1m▀[0m[38;2;0;0;1m[48;2;0;0;1m▀[0m[38;2;0;0;1m[48;2;0;0;1m▀[0m[38;2;0;0;0m[48;2;0;0;1m▀[0m[38;2;0;0;0m[48;2;0;0;1m▀[0m[38;2;0;0;0m[48;2;0;0;0m▀[0m[38;2;0;0;0m[48;2;0;0;0m▀[0m[38;2;0;0;0m[48;2;0;0;0m▀[0m[38;2;0;0;0m[48;2;0;0;0m▀[0m[38;2;0;0;0m[48;2;0;0;0m▀[0m[38;2;0;0;0m[48;2;0;0;0m▀[0m[38;2;0;0;0m[48;2;0;0;0m▀[0m[38;2;180;183;183m[48;2;183;185;185m▀[0m[38;2;156;158;158m[48;2;205;207;207m▀[0m[38;2;0;0;0m[48;2;0;0;0m▀[0m[38;2;82;85;85m[48;2;39;41;41m▀[0m[38;2;0;0;0m[48;2;13;12;12m▀[0m[38;2;0;0;0m[48;2;0;0;0m▀[0m[38;2;0;0;0m[48;2;1;1;1m▀[0m[38;2;1;0;1m[48;2;0;0;0m▀[0m[38;2;0;0;0m[48;2;0;0;0m▀[0m[38;2;0;0;0m[48;2;1;0;1m▀[0m[38;2;1;1;1m[48;2;1;1;1m▀[0m[38;2;0;0;0m[48;2;1;1;1m▀[0m[38;2;0;0;0m[48;2;0;0;0m▀[0m[38;2;0;0;0m[48;2;0;0;0m▀[0m[38;2;25;27;27m[48;2;0;0;0m▀[0m[38;2;110;115;114m[48;2;84;86;86m▀[0m[38;2;0;0;0m[48;2;0;0;0m▀[0m[38;2;0;0;0m[48;2;0;0;0m▀[0m[38;2;0;0;0m[48;2;0;0;0m▀[0m[38;2;61;101;9m[48;2;0;0;0m▀[0m[38;2;0;0;0m[48;2;88;129;2m▀[0m[38;2;90;147;0m[48;2;98;156;3m▀[0m[38;2;15;19;6m[48;2;0;0;0m▀[0m[38;2;23;33;0m[48;2;47;79;0m▀[0m[38;2;134;219;0m[48;2;114;219;0m▀[0m[38;2;82;65;126m[48;2;119;92;167m▀[0m[38;2;60;46;78m[48;2;9;2;21m▀[0m[38;2;0;0;0m[48;2;0;0;0m▀[0m[38;2;0;0;0m[48;2;0;0;0m▀[0m[38;2;0;0;0m[48;2;0;0;0m▀[0m[38;2;0;0;0m[48;2;0;0;1m▀[0m[38;2;0;0;0m[48;2;0;1;1m▀[0m[38;2;0;0;0m[48;2;0;0;0m▀[0m[38;2;0;0;0m[48;2;0;0;0m▀[0m[38;2;0;0;0m[48;2;0;0;0m▀[0m[38;2;0;0;0m[48;2;0;0;0m▀[0m[38;2;155;155;155m[48;2;158;158;159m▀[0m[38;2;18;15;15m[48;2;0;0;0m▀[0m[38;2;0;0;0m[48;2;0;0;0m▀[0m[38;2;0;0;0m[48;2;30;30;30m▀[0m[38;2;0;0;0m[48;2;24;24;21m▀[0m[38;2;0;0;0m[48;2;0;0;0m▀[0m[38;2;0;0;3m[48;2;0;0;0m▀[0m[38;2;0;0;0m[48;2;0;0;0m▀[0m[38;2;0;0;0m[48;2;0;0;0m▀[0m[38;2;0;0;0m[48;2;0;0;0m▀[0m[38;2;106;109;109m[48;2;127;129;131m▀[0m[38;2;65;67;65m[48;2;18;21;21m▀[0m[38;2;219;219;219m[48;2;57;57;57m▀[0m[38;2;45;46;43m[48;2;202;205;202m▀[0m[38;2;219;219;219m[48;2;219;219;219m▀[0m[38;2;181;179;182m[48;2;154;153;155m▀[0m[38;2;0;0;0m[48;2;0;0;0m▀[0m[38;2;0;0;0m[48;2;0;0;0m▀[0m[38;2;0;0;0m[48;2;0;0;0m▀[0m[38;2;0;0;0m[48;2;0;0;0m▀[0m[38;2;0;0;0m[48;2;0;0;0m▀[0m[38;2;0;0;0m[48;2;0;0;0m▀[0m[38;2;0;0;0m[48;2;0;0;0m▀[0m[38;2;0;0;0m[48;2;0;0;0m▀[0m[38;2;1;1;0m[48;2;0;0;0m▀[0m[38;2;0;0;0m[48;2;0;1;0m▀[0m
[38;2;0;0;0m[48;2;0;0;0m▀[0m[38;2;0;0;0m[48;2;0;0;0m▀[0m[38;2;2;1;1m[48;2;1;1;1m▀[0m[38;2;0;0;1m[48;2;0;0;1m▀[0m[38;2;0;0;1m[48;2;0;0;1m▀[0m[38;2;0;0;0m[48;2;0;0;0m▀[0m[38;2;0;0;0m[48;2;0;0;0m▀[0m[38;2;0;0;0m[48;2;0;0;0m▀[0m[38;2;0;0;0m[48;2;0;0;0m▀[0m[38;2;0;0;0m[48;2;0;0;0m▀[0m[38;2;0;0;0m[48;2;0;0;0m▀[0m[38;2;0;0;0m[48;2;0;0;0m▀[0m[38;2;0;0;0m[48;2;0;0;0m▀[0m[38;2;0;0;0m[48;2;32;34;36m▀[0m[38;2;158;163;164m[48;2;141;143;144m▀[0m[38;2;202;204;204m[48;2;182;185;185m▀[0m[38;2;80;83;80m[48;2;161;161;161m▀[0m[38;2;0;0;0m[48;2;0;0;0m▀[0m[38;2;34;36;36m[48;2;0;0;0m▀[0m[38;2;0;0;0m[48;2;0;0;0m▀[0m[38;2;1;1;2m[48;2;0;0;1m▀[0m[38;2;0;0;0m[48;2;0;0;1m▀[0m[38;2;0;0;0m[48;2;0;0;1m▀[0m[38;2;1;0;1m[48;2;0;0;1m▀[0m[38;2;1;1;1m[48;2;0;0;1m▀[0m[38;2;1;0;1m[48;2;0;0;1m▀[0m[38;2;0;0;0m[48;2;0;1;1m▀[0m[38;2;0;0;0m[48;2;0;0;0m▀[0m[38;2;0;0;0m[48;2;0;0;0m▀[0m[38;2;21;21;23m[48;2;0;0;0m▀[0m[38;2;5;5;6m[48;2;0;0;0m▀[0m[38;2;0;0;0m[48;2;0;0;0m▀[0m[38;2;0;0;0m[48;2;0;0;0m▀[0m[38;2;0;0;0m[48;2;0;0;0m▀[0m[38;2;11;18;4m[48;2;0;0;5m▀[0m[38;2;73;125;13m[48;2;73;123;14m▀[0m[38;2;0;0;0m[48;2;0;0;0m▀[0m[38;2;61;120;0m[48;2;64;150;0m▀[0m[38;2;104;211;0m[48;2;103;162;33m▀[0m[38;2;138;109;188m[48;2;104;77;140m▀[0m[38;2;0;0;0m[48;2;0;0;0m▀[0m[38;2;0;0;1m[48;2;16;16;14m▀[0m[38;2;0;0;0m[48;2;25;24;24m▀[0m[38;2;0;0;0m[48;2;9;9;9m▀[0m[38;2;0;0;1m[48;2;0;0;0m▀[0m[38;2;0;1;1m[48;2;0;0;0m▀[0m[38;2;0;0;0m[48;2;0;1;1m▀[0m[38;2;0;0;0m[48;2;0;0;0m▀[0m[38;2;0;0;0m[48;2;0;0;0m▀[0m[38;2;0;0;0m[48;2;0;0;0m▀[0m[38;2;164;166;165m[48;2;194;194;192m▀[0m[38;2;0;0;0m[48;2;0;0;0m▀[0m[38;2;0;0;0m[48;2;0;0;0m▀[0m[38;2;0;0;0m[48;2;0;0;0m▀[0m[38;2;27;27;27m[48;2;0;0;0m▀[0m[38;2;44;44;42m[48;2;0;0;0m▀[0m[38;2;36;36;36m[48;2;15;18;15m▀[0m[38;2;9;11;9m[48;2;39;38;38m▀[0m[38;2;0;0;0m[48;2;43;43;43m▀[0m[38;2;0;0;0m[48;2;0;0;0m▀[0m[38;2;128;130;130m[48;2;135;135;135m▀[0m[38;2;56;58;58m[48;2;47;49;49m▀[0m[38;2;0;0;0m[48;2;0;0;0m▀[0m[38;2;25;25;25m[48;2;0;0;0m▀[0m[38;2;219;219;219m[48;2;219;219;219m▀[0m[38;2;189;189;189m[48;2;169;169;169m▀[0m[38;2;22;22;22m[48;2;191;194;194m▀[0m[38;2;0;0;0m[48;2;219;219;219m▀[0m[38;2;0;0;0m[48;2;102;102;102m▀[0m[38;2;0;0;0m[48;2;0;0;0m▀[0m[38;2;0;0;0m[48;2;0;0;0m▀[0m[38;2;0;0;0m[48;2;0;0;0m▀[0m[38;2;0;0;0m[48;2;0;0;0m▀[0m[38;2;0;1;1m[48;2;0;0;0m▀[0m[38;2;0;0;1m[48;2;0;0;0m▀[0m[38;2;0;0;1m[48;2;0;0;0m▀[0m
[38;2;0;0;0m[48;2;0;0;0m▀[0m[38;2;0;0;0m[48;2;0;0;0m▀[0m[38;2;1;0;0m[48;2;0;0;0m▀[0m[38;2;1;0;1m[48;2;0;0;1m▀[0m[38;2;0;0;0m[48;2;0;0;1m▀[0m[38;2;0;0;0m[48;2;0;0;0m▀[0m[38;2;0;0;0m[48;2;0;0;0m▀[0m[38;2;0;0;0m[48;2;0;0;0m▀[0m[38;2;0;0;0m[48;2;0;0;0m▀[0m[38;2;0;0;0m[48;2;0;0;0m▀[0m[38;2;0;0;0m[48;2;0;0;1m▀[0m[38;2;0;0;0m[48;2;0;0;0m▀[0m[38;2;0;0;0m[48;2;0;0;0m▀[0m[38;2;70;73;76m[48;2;79;82;85m▀[0m[38;2;105;109;108m[48;2;75;78;77m▀[0m[38;2;168;171;171m[48;2;163;165;165m▀[0m[38;2;187;189;189m[48;2;173;177;177m▀[0m[38;2;50;52;52m[48;2;147;147;148m▀[0m[38;2;0;0;0m[48;2;0;0;0m▀[0m[38;2;0;0;0m[48;2;0;0;0m▀[0m[38;2;0;0;0m[48;2;0;0;0m▀[0m[38;2;0;0;1m[48;2;0;1;0m▀[0m[38;2;0;1;1m[48;2;0;1;1m▀[0m[38;2;0;0;1m[48;2;0;0;0m▀[0m[38;2;1;0;1m[48;2;1;1;1m▀[0m[38;2;1;1;1m[48;2;0;0;1m▀[0m[38;2;0;0;1m[48;2;0;0;0m▀[0m[38;2;0;0;1m[48;2;0;1;0m▀[0m[38;2;0;0;0m[48;2;3;3;4m▀[0m[38;2;0;0;1m[48;2;0;0;0m▀[0m[38;2;0;0;0m[48;2;1;1;1m▀[0m[38;2;0;0;0m[48;2;0;0;0m▀[0m[38;2;0;0;1m[48;2;0;0;1m▀[0m[38;2;0;0;0m[48;2;0;0;0m▀[0m[38;2;21;30;3m[48;2;30;56;0m▀[0m[38;2;73;127;1m[48;2;150;219;0m▀[0m[38;2;0;0;0m[48;2;0;0;0m▀[0m[38;2;47;113;0m[48;2;0;0;0m▀[0m[38;2;128;142;116m[48;2;165;159;176m▀[0m[38;2;51;37;70m[48;2;0;0;3m▀[0m[38;2;0;0;0m[48;2;0;0;0m▀[0m[38;2;0;0;0m[48;2;0;0;0m▀[0m[38;2;2;2;2m[48;2;0;0;0m▀[0m[38;2;19;19;18m[48;2;0;0;0m▀[0m[38;2;28;28;29m[48;2;3;3;4m▀[0m[38;2;12;12;12m[48;2;23;23;23m▀[0m[38;2;0;0;0m[48;2;27;26;26m▀[0m[38;2;0;0;0m[48;2;8;8;8m▀[0m[38;2;0;0;0m[48;2;0;0;0m▀[0m[38;2;0;0;0m[48;2;12;12;14m▀[0m[38;2;219;219;219m[48;2;219;219;219m▀[0m[38;2;3;5;5m[48;2;26;26;26m▀[0m[38;2;0;0;0m[48;2;0;0;0m▀[0m[38;2;0;0;0m[48;2;0;0;0m▀[0m[38;2;1;1;1m[48;2;0;0;0m▀[0m[38;2;0;0;0m[48;2;1;1;1m▀[0m[38;2;0;0;0m[48;2;1;1;2m▀[0m[38;2;0;0;0m[48;2;0;0;0m▀[0m[38;2;0;0;0m[48;2;0;0;0m▀[0m[38;2;0;0;0m[48;2;0;0;0m▀[0m[38;2;141;141;141m[48;2;95;95;99m▀[0m[38;2;73;72;74m[48;2;17;19;21m▀[0m[38;2;0;0;0m[48;2;0;0;0m▀[0m[38;2;0;0;0m[48;2;0;0;0m▀[0m[38;2;219;219;219m[48;2;219;219;219m▀[0m[38;2;121;123;123m[48;2;178;180;178m▀[0m[38;2;0;0;0m[48;2;0;0;0m▀[0m[38;2;51;54;54m[48;2;0;0;0m▀[0m[38;2;219;219;219m[48;2;0;0;0m▀[0m[38;2;219;219;219m[48;2;171;173;175m▀[0m[38;2;0;0;0m[48;2;219;219;219m▀[0m[38;2;0;0;0m[48;2;46;46;46m▀[0m[38;2;0;0;0m[48;2;0;0;0m▀[0m[38;2;0;0;0m[48;2;0;0;0m▀[0m[38;2;0;0;0m[48;2;0;0;0m▀[0m[38;2;0;0;0m[48;2;0;0;0m▀[0m
[38;2;0;1;1m[48;2;0;0;1m▀[0m[38;2;0;0;1m[48;2;0;0;1m▀[0m[38;2;0;0;1m[48;2;0;0;1m▀[0m[38;2;0;0;1m[48;2;0;0;0m▀[0m[38;2;0;0;1m[48;2;1;0;1m▀[0m[38;2;0;0;1m[48;2;0;0;0m▀[0m[38;2;0;0;0m[48;2;0;0;0m▀[0m[38;2;0;0;0m[48;2;0;0;0m▀[0m[38;2;0;0;0m[48;2;0;0;0m▀[0m[38;2;0;0;0m[48;2;0;0;0m▀[0m[38;2;0;0;0m[48;2;0;0;0m▀[0m[38;2;0;0;0m[48;2;0;0;0m▀[0m[38;2;0;0;0m[48;2;0;0;0m▀[0m[38;2;82;84;84m[48;2;68;70;72m▀[0m[38;2;73;77;76m[48;2;93;96;96m▀[0m[38;2;141;144;146m[48;2;99;102;102m▀[0m[38;2;165;169;169m[48;2;173;177;177m▀[0m[38;2;190;190;191m[48;2;178;178;179m▀[0m[38;2;22;22;22m[48;2;10;12;10m▀[0m[38;2;0;0;0m[48;2;0;0;0m▀[0m[38;2;0;0;0m[48;2;0;0;0m▀[0m[38;2;0;0;0m[48;2;0;0;0m▀[0m[38;2;1;0;0m[48;2;0;0;0m▀[0m[38;2;1;0;0m[48;2;0;0;0m▀[0m[38;2;0;0;0m[48;2;0;0;0m▀[0m[38;2;0;0;0m[48;2;0;0;1m▀[0m[38;2;0;0;0m[48;2;0;0;0m▀[0m[38;2;4;4;1m[48;2;2;2;3m▀[0m[38;2;40;43;46m[48;2;57;61;66m▀[0m[38;2;0;0;0m[48;2;0;0;0m▀[0m[38;2;1;0;0m[48;2;0;0;0m▀[0m[38;2;0;0;0m[48;2;0;0;0m▀[0m[38;2;0;0;0m[48;2;0;0;0m▀[0m[38;2;0;0;0m[48;2;0;0;0m▀[0m[38;2;57;107;0m[48;2;82;146;0m▀[0m[38;2;219;219;0m[48;2;94;164;0m▀[0m[38;2;10;34;0m[48;2;12;41;0m▀[0m[38;2;0;0;14m[48;2;79;59;109m▀[0m[38;2;178;177;185m[48;2;111;112;110m▀[0m[38;2;0;0;0m[48;2;0;0;0m▀[0m[38;2;0;0;0m[48;2;0;0;0m▀[0m[38;2;0;0;0m[48;2;0;0;0m▀[0m[38;2;0;0;0m[48;2;0;0;0m▀[0m[38;2;0;1;2m[48;2;0;0;0m▀[0m[38;2;0;0;0m[48;2;0;0;1m▀[0m[38;2;0;0;0m[48;2;0;0;0m▀[0m[38;2;3;3;3m[48;2;0;0;0m▀[0m[38;2;7;7;8m[48;2;0;0;0m▀[0m[38;2;0;0;0m[48;2;0;0;0m▀[0m[38;2;0;2;4m[48;2;0;0;0m▀[0m[38;2;200;200;201m[48;2;0;0;0m▀[0m[38;2;0;0;0m[48;2;0;0;0m▀[0m[38;2;0;0;0m[48;2;0;0;0m▀[0m[38;2;0;0;0m[48;2;0;0;0m▀[0m[38;2;0;0;1m[48;2;0;0;0m▀[0m[38;2;0;0;1m[48;2;0;0;0m▀[0m[38;2;0;0;1m[48;2;0;0;1m▀[0m[38;2;0;0;0m[48;2;0;0;0m▀[0m[38;2;0;0;0m[48;2;0;0;0m▀[0m[38;2;0;0;0m[48;2;0;0;0m▀[0m[38;2;105;108;109m[48;2;129;128;130m▀[0m[38;2;6;9;11m[48;2;18;21;21m▀[0m[38;2;0;0;0m[48;2;0;0;0m▀[0m[38;2;0;0;0m[48;2;0;0;0m▀[0m[38;2;219;219;219m[48;2;219;219;219m▀[0m[38;2;150;153;153m[48;2;151;153;154m▀[0m[38;2;0;0;0m[48;2;0;0;0m▀[0m[38;2;36;36;36m[48;2;0;0;0m▀[0m[38;2;65;67;67m[48;2;0;0;0m▀[0m[38;2;23;22;23m[48;2;12;12;12m▀[0m[38;2;86;88;86m[48;2;3;3;3m▀[0m[38;2;219;219;219m[48;2;74;77;74m▀[0m[38;2;132;134;132m[48;2;219;219;219m▀[0m[38;2;0;0;0m[48;2;213;213;213m▀[0m[38;2;0;0;0m[48;2;0;0;0m▀[0m[38;2;0;0;0m[48;2;0;0;0m▀[0m
[38;2;0;0;1m[48;2;1;1;0m▀[0m[38;2;0;0;0m[48;2;0;0;0m▀[0m[38;2;0;0;0m[48;2;0;0;0m▀[0m[38;2;0;0;0m[48;2;0;0;0m▀[0m[38;2;1;0;1m[48;2;0;0;0m▀[0m[38;2;0;0;0m[48;2;0;0;0m▀[0m[38;2;0;0;0m[48;2;0;0;0m▀[0m[38;2;0;0;0m[48;2;0;0;0m▀[0m[38;2;0;0;0m[48;2;0;0;0m▀[0m[38;2;0;0;0m[48;2;0;0;0m▀[0m[38;2;0;0;0m[48;2;0;0;0m▀[0m[38;2;0;0;0m[48;2;0;0;0m▀[0m[38;2;0;0;0m[48;2;0;0;0m▀[0m[38;2;44;46;46m[48;2;1;4;4m▀[0m[38;2;126;128;128m[48;2;166;170;170m▀[0m[38;2;49;52;52m[48;2;17;18;20m▀[0m[38;2;184;186;186m[48;2;172;175;172m▀[0m[38;2;169;172;171m[48;2;172;174;173m▀[0m[38;2;0;0;0m[48;2;0;0;0m▀[0m[38;2;0;0;0m[48;2;0;0;0m▀[0m[38;2;0;0;0m[48;2;0;0;0m▀[0m[38;2;0;0;1m[48;2;0;0;0m▀[0m[38;2;0;0;0m[48;2;0;0;0m▀[0m[38;2;0;0;0m[48;2;0;0;0m▀[0m[38;2;0;0;0m[48;2;0;0;0m▀[0m[38;2;0;0;0m[48;2;0;0;0m▀[0m[38;2;0;0;0m[48;2;0;0;0m▀[0m[38;2;0;0;0m[48;2;0;0;0m▀[0m[38;2;76;78;81m[48;2;86;87;92m▀[0m[38;2;0;0;0m[48;2;0;0;0m▀[0m[38;2;0;0;0m[48;2;0;0;0m▀[0m[38;2;0;0;0m[48;2;0;0;0m▀[0m[38;2;0;0;0m[48;2;0;0;0m▀[0m[38;2;0;0;0m[48;2;18;42;0m▀[0m[38;2;91;159;0m[48;2;138;219;0m▀[0m[38;2;0;0;0m[48;2;0;0;0m▀[0m[38;2;0;0;0m[48;2;19;6;40m▀[0m[38;2;153;147;166m[48;2;162;159;168m▀[0m[38;2;68;68;70m[48;2;0;0;0m▀[0m[38;2;67;68;67m[48;2;17;16;17m▀[0m[38;2;15;14;15m[48;2;94;93;91m▀[0m[38;2;0;0;0m[48;2;87;87;87m▀[0m[38;2;0;0;0m[48;2;17;17;20m▀[0m[38;2;0;0;0m[48;2;0;0;0m▀[0m[38;2;0;0;0m[48;2;0;0;0m▀[0m[38;2;0;0;0m[48;2;0;0;0m▀[0m[38;2;1;1;1m[48;2;0;0;0m▀[0m[38;2;0;1;1m[48;2;0;0;0m▀[0m[38;2;0;0;0m[48;2;0;0;1m▀[0m[38;2;0;0;0m[48;2;0;0;0m▀[0m[38;2;1;1;0m[48;2;0;0;0m▀[0m[38;2;0;0;0m[48;2;0;0;0m▀[0m[38;2;0;0;0m[48;2;0;0;0m▀[0m[38;2;0;0;1m[48;2;0;0;1m▀[0m[38;2;0;0;0m[48;2;0;0;0m▀[0m[38;2;0;0;0m[48;2;0;0;0m▀[0m[38;2;0;0;1m[48;2;0;0;1m▀[0m[38;2;0;0;0m[48;2;0;0;0m▀[0m[38;2;0;0;0m[48;2;0;0;0m▀[0m[38;2;0;0;0m[48;2;0;0;0m▀[0m[38;2;174;176;178m[48;2;219;219;219m▀[0m[38;2;23;26;26m[48;2;38;41;41m▀[0m[38;2;0;0;0m[48;2;0;0;0m▀[0m[38;2;0;0;0m[48;2;0;0;0m▀[0m[38;2;215;214;211m[48;2;203;201;201m▀[0m[38;2;146;149;147m[48;2;168;174;172m▀[0m[38;2;0;0;0m[48;2;0;0;0m▀[0m[38;2;0;0;0m[48;2;0;0;0m▀[0m[38;2;0;0;0m[48;2;0;0;0m▀[0m[38;2;0;0;0m[48;2;0;0;0m▀[0m[38;2;0;0;0m[48;2;0;0;0m▀[0m[38;2;0;0;0m[48;2;0;0;0m▀[0m[38;2;30;28;28m[48;2;0;0;0m▀[0m[38;2;219;219;219m[48;2;0;0;0m▀[0m[38;2;219;219;219m[48;2;184;186;184m▀[0m[38;2;0;0;0m[48;2;219;219;219m▀[0m
[38;2;0;0;0m[48;2;1;1;1m▀[0m[38;2;0;0;0m[48;2;0;0;0m▀[0m[38;2;0;0;0m[48;2;0;0;0m▀[0m[38;2;0;0;0m[48;2;1;1;1m▀[0m[38;2;0;0;0m[48;2;0;0;0m▀[0m[38;2;0;0;0m[48;2;0;0;0m▀[0m[38;2;0;0;0m[48;2;0;0;0m▀[0m[38;2;0;0;0m[48;2;0;0;0m▀[0m[38;2;0;0;0m[48;2;0;0;1m▀[0m[38;2;0;0;1m[48;2;0;0;0m▀[0m[38;2;0;0;0m[48;2;0;0;0m▀[0m[38;2;0;0;0m[48;2;0;0;0m▀[0m[38;2;0;0;0m[48;2;0;0;0m▀[0m[38;2;0;0;0m[48;2;0;0;0m▀[0m[38;2;165;168;168m[48;2;110;111;111m▀[0m[38;2;38;40;40m[48;2;104;106;106m▀[0m[38;2;132;132;134m[48;2;79;78;80m▀[0m[38;2;169;170;167m[48;2;152;154;151m▀[0m[38;2;0;0;0m[48;2;0;0;0m▀[0m[38;2;0;0;0m[48;2;0;0;0m▀[0m[38;2;0;0;0m[48;2;0;0;0m▀[0m[38;2;0;0;0m[48;2;0;0;0m▀[0m[38;2;0;0;0m[48;2;0;0;0m▀[0m[38;2;0;0;0m[48;2;0;0;0m▀[0m[38;2;0;0;0m[48;2;0;0;1m▀[0m[38;2;0;0;0m[48;2;0;0;0m▀[0m[38;2;0;0;0m[48;2;0;0;0m▀[0m[38;2;0;0;0m[48;2;0;0;0m▀[0m[38;2;81;83;87m[48;2;82;84;86m▀[0m[38;2;0;0;0m[48;2;2;5;5m▀[0m[38;2;0;0;0m[48;2;0;0;0m▀[0m[38;2;0;0;0m[48;2;0;0;0m▀[0m[38;2;0;0;0m[48;2;0;0;0m▀[0m[38;2;117;219;0m[48;2;37;77;0m▀[0m[38;2;174;219;0m[48;2;62;137;0m▀[0m[38;2;0;0;0m[48;2;0;0;0m▀[0m[38;2;122;114;133m[48;2;142;138;148m▀[0m[38;2;66;64;71m[48;2;0;0;0m▀[0m[38;2;31;33;34m[48;2;0;0;0m▀[0m[38;2;28;30;30m[48;2;30;32;32m▀[0m[38;2;0;0;0m[48;2;70;72;72m▀[0m[38;2;21;21;21m[48;2;43;43;44m▀[0m[38;2;90;90;90m[48;2;0;0;0m▀[0m[38;2;99;97;97m[48;2;24;24;24m▀[0m[38;2;31;31;33m[48;2;96;95;95m▀[0m[38;2;0;0;0m[48;2;107;105;101m▀[0m[38;2;0;0;0m[48;2;42;39;39m▀[0m[38;2;0;0;0m[48;2;0;0;0m▀[0m[38;2;0;0;0m[48;2;0;0;0m▀[0m[38;2;0;0;0m[48;2;0;0;0m▀[0m[38;2;0;0;0m[48;2;0;0;0m▀[0m[38;2;0;0;0m[48;2;0;0;0m▀[0m[38;2;0;0;0m[48;2;0;0;0m▀[0m[38;2;0;0;0m[48;2;0;0;0m▀[0m[38;2;0;0;0m[48;2;0;0;0m▀[0m[38;2;0;0;0m[48;2;0;0;0m▀[0m[38;2;1;0;1m[48;2;0;0;0m▀[0m[38;2;0;0;0m[48;2;0;0;0m▀[0m[38;2;0;0;0m[48;2;0;0;0m▀[0m[38;2;0;0;0m[48;2;20;18;21m▀[0m[38;2;219;219;219m[48;2;219;219;219m▀[0m[38;2;61;64;66m[48;2;21;24;23m▀[0m[38;2;0;0;0m[48;2;0;0;0m▀[0m[38;2;0;0;0m[48;2;0;0;0m▀[0m[38;2;212;212;212m[48;2;209;210;208m▀[0m[38;2;178;184;184m[48;2;184;183;185m▀[0m[38;2;1;14;18m[48;2;0;0;0m▀[0m[38;2;75;81;87m[48;2;3;8;7m▀[0m[38;2;36;38;39m[48;2;57;59;62m▀[0m[38;2;0;0;0m[48;2;96;101;104m▀[0m[38;2;0;0;0m[48;2;68;71;72m▀[0m[38;2;0;0;0m[48;2;14;14;15m▀[0m[38;2;0;0;0m[48;2;0;0;0m▀[0m[38;2;0;0;0m[48;2;0;0;0m▀[0m[38;2;0;0;0m[48;2;0;0;0m▀[0m[38;2;70;70;72m[48;2;0;0;0m▀[0m
[38;2;0;0;0m[48;2;1;0;1m▀[0m[38;2;0;0;0m[48;2;1;0;1m▀[0m[38;2;0;0;0m[48;2;0;0;0m▀[0m[38;2;0;0;0m[48;2;0;0;0m▀[0m[38;2;0;0;0m[48;2;0;0;0m▀[0m[38;2;0;0;0m[48;2;0;0;0m▀[0m[38;2;0;0;0m[48;2;0;0;0m▀[0m[38;2;0;0;0m[48;2;0;0;0m▀[0m[38;2;0;0;1m[48;2;0;0;1m▀[0m[38;2;0;0;0m[48;2;0;0;0m▀[0m[38;2;0;0;0m[48;2;0;0;1m▀[0m[38;2;0;0;0m[48;2;0;0;1m▀[0m[38;2;0;0;0m[48;2;0;0;0m▀[0m[38;2;0;0;0m[48;2;0;0;0m▀[0m[38;2;34;35;32m[48;2;11;12;12m▀[0m[38;2;172;176;173m[48;2;174;180;178m▀[0m[38;2;36;37;39m[48;2;39;41;41m▀[0m[38;2;109;112;112m[48;2;2;4;4m▀[0m[38;2;0;0;0m[48;2;0;0;0m▀[0m[38;2;0;0;0m[48;2;0;0;0m▀[0m[38;2;0;0;0m[48;2;0;0;0m▀[0m[38;2;0;0;0m[48;2;0;0;0m▀[0m[38;2;0;0;0m[48;2;0;0;0m▀[0m[38;2;0;0;0m[48;2;0;0;0m▀[0m[38;2;0;0;0m[48;2;0;0;0m▀[0m[38;2;0;0;0m[48;2;0;0;0m▀[0m[38;2;0;0;0m[48;2;0;0;0m▀[0m[38;2;0;0;0m[48;2;0;0;0m▀[0m[38;2;89;92;92m[48;2;92;94;98m▀[0m[38;2;13;11;11m[48;2;16;18;18m▀[0m[38;2;0;0;0m[48;2;0;0;0m▀[0m[38;2;0;0;0m[48;2;0;0;0m▀[0m[38;2;0;0;0m[48;2;0;0;0m▀[0m[38;2;0;0;0m[48;2;0;0;0m▀[0m[38;2;38;76;0m[48;2;0;0;0m▀[0m[38;2;99;91;111m[48;2;188;184;194m▀[0m[38;2;69;67;76m[48;2;0;0;0m▀[0m[38;2;0;0;0m[48;2;0;0;0m▀[0m[38;2;0;0;0m[48;2;0;0;0m▀[0m[38;2;0;0;0m[48;2;0;0;0m▀[0m[38;2;0;0;0m[48;2;0;0;0m▀[0m[38;2;19;19;19m[48;2;0;0;0m▀[0m[38;2;54;55;55m[48;2;0;0;0m▀[0m[38;2;37;37;37m[48;2;0;3;3m▀[0m[38;2;0;0;0m[48;2;87;90;90m▀[0m[38;2;0;0;0m[48;2;93;93;93m▀[0m[38;2;65;62;65m[48;2;0;0;0m▀[0m[38;2;92;92;92m[48;2;0;0;0m▀[0m[38;2;38;38;39m[48;2;63;63;67m▀[0m[38;2;0;0;0m[48;2;49;52;60m▀[0m[38;2;0;0;0m[48;2;0;0;0m▀[0m[38;2;182;187;186m[48;2;134;134;129m▀[0m[38;2;219;219;219m[48;2;215;211;208m▀[0m[38;2;43;45;45m[48;2;0;0;0m▀[0m[38;2;0;0;0m[48;2;0;0;0m▀[0m[38;2;0;0;0m[48;2;0;0;0m▀[0m[38;2;0;0;0m[48;2;0;0;0m▀[0m[38;2;0;0;0m[48;2;0;0;0m▀[0m[38;2;0;0;0m[48;2;0;0;0m▀[0m[38;2;0;0;0m[48;2;0;0;0m▀[0m[38;2;39;42;43m[48;2;0;0;0m▀[0m[38;2;0;0;0m[48;2;0;0;0m▀[0m[38;2;0;0;0m[48;2;0;0;0m▀[0m[38;2;0;0;0m[48;2;0;0;0m▀[0m[38;2;215;215;215m[48;2;219;219;219m▀[0m[38;2;211;214;214m[48;2;219;219;219m▀[0m[38;2;0;0;0m[48;2;0;0;0m▀[0m[38;2;0;0;0m[48;2;0;0;0m▀[0m[38;2;0;0;0m[48;2;0;0;0m▀[0m[38;2;0;0;0m[48;2;0;0;0m▀[0m[38;2;39;42;43m[48;2;0;0;0m▀[0m[38;2;91;91;94m[48;2;0;0;0m▀[0m[38;2;86;86;89m[48;2;17;19;18m▀[0m[38;2;33;36;36m[48;2;94;96;96m▀[0m[38;2;0;0;0m[48;2;65;65;65m▀[0m[38;2;0;0;0m[48;2;41;41;41m▀[0m
