[38;2;7;7;5m[48;2;3;5;3m▀[0m[38;2;7;7;5m[48;2;3;5;3m▀[0m[38;2;7;8;5m[48;2;3;5;3m▀[0m[38;2;9;8;6m[48;2;1;0;0m▀[0m[38;2;16;33;36m[48;2;11;10;10m▀[0m[38;2;22;57;60m[48;2;18;36;39m▀[0m[38;2;0;26;31m[48;2;4;37;42m▀[0m[38;2;65;90;93m[48;2;0;0;0m▀[0m[38;2;247;247;247m[48;2;242;242;240m▀[0m[38;2;247;247;247m[48;2;247;247;247m▀[0m[38;2;122;144;147m[48;2;190;200;203m▀[0m[38;2;247;247;247m[48;2;161;178;179m▀[0m[38;2;247;247;247m[48;2;247;247;247m▀[0m[38;2;98;120;124m[48;2;234;238;242m▀[0m[38;2;0;0;0m[48;2;0;0;0m▀[0m[38;2;9;32;35m[48;2;2;29;32m▀[0m[38;2;3;5;3m[48;2;1;10;12m▀[0m[38;2;0;0;0m[48;2;0;0;0m▀[0m[38;2;0;0;0m[48;2;0;0;0m▀[0m[38;2;0;0;0m[48;2;0;0;0m▀[0m[38;2;247;247;247m[48;2;247;247;247m▀[0m[38;2;247;247;247m[48;2;247;247;247m▀[0m[38;2;241;240;240m[48;2;247;247;247m▀[0m[38;2;0;0;0m[48;2;0;0;0m▀[0m[38;2;0;0;0m[48;2;0;0;0m▀[0m[38;2;0;0;0m[48;2;0;0;0m▀[0m[38;2;0;0;0m[48;2;81;82;79m▀[0m[38;2;32;36;32m[48;2;247;247;247m▀[0m[38;2;247;247;247m[48;2;247;247;247m▀[0m[38;2;247;247;247m[48;2;237;241;241m▀[0m[38;2;247;247;247m[48;2;0;0;0m▀[0m[38;2;20;20;21m[48;2;0;0;0m▀[0m[38;2;0;0;0m[48;2;0;0;0m▀[0m[38;2;0;0;0m[48;2;0;0;0m▀[0m[38;2;0;0;0m[48;2;0;0;0m▀[0m[38;2;0;0;0m[48;2;0;0;0m▀[0m[38;2;113;113;113m[48;2;37;40;40m▀[0m[38;2;76;77;74m[48;2;11;13;13m▀[0m[38;2;0;0;0m[48;2;0;0;0m▀[0m[38;2;0;0;0m[48;2;0;0;0m▀[0m[38;2;0;0;0m[48;2;0;0;0m▀[0m[38;2;9;12;12m[48;2;0;0;0m▀[0m[38;2;156;159;159m[48;2;0;0;0m▀[0m[38;2;247;247;247m[48;2;247;247;247m▀[0m[38;2;247;247;247m[48;2;94;97;97m▀[0m[38;2;247;247;247m[48;2;210;210;212m▀[0m[38;2;0;0;0m[48;2;172;174;174m▀[0m[38;2;14;13;10m[48;2;211;210;210m▀[0m[38;2;247;247;247m[48;2;247;247;247m▀[0m[38;2;158;175;174m[48;2;152;169;170m▀[0m[38;2;247;247;247m[48;2;247;247;247m▀[0m[38;2;180;176;175m[48;2;197;194;194m▀[0m[38;2;0;0;0m[48;2;0;0;0m▀[0m[38;2;0;0;0m[48;2;0;0;0m▀[0m[38;2;4;3;1m[48;2;2;3;0m▀[0m[38;2;7;8;2m[48;2;1;1;0m▀[0m[38;2;4;0;0m[48;2;1;0;0m▀[0m[38;2;7;9;7m[48;2;9;22;23m▀[0m[38;2;13;39;41m[48;2;10;44;48m▀[0m[38;2;0;1;9m[48;2;0;0;0m▀[0m[38;2;40;70;75m[48;2;161;176;176m▀[0m[38;2;247;247;247m[48;2;247;247;247m▀[0m[38;2;247;247;247m[48;2;200;209;211m▀[0m[38;2;112;140;142m[48;2;161;179;179m▀[0m[38;2;247;247;247m[48;2;247;247;247m▀[0m[38;2;247;247;247m[48;2;247;247;247m▀[0m[38;2;130;142;145m[48;2;0;22;27m▀[0m[38;2;0;14;23m[48;2;0;30;37m▀[0m[38;2;24;59;62m[48;2;15;37;41m▀[0m[38;2;15;24;27m[48;2;5;4;2m▀[0m[38;2;8;4;1m[48;2;1;1;0m▀[0m[38;2;8;8;6m[48;2;4;6;4m▀[0m[38;2;8;8;6m[48;2;5;5;3m▀[0m[38;2;8;8;6m[48;2;4;6;4m▀[0m[38;2;8;8;6m[48;2;4;6;4m▀[0m[38;2;8;8;6m[48;2;4;6;4m▀[0m
[38;2;1;3;3m[48;2;0;1;1m▀[0m[38;2;2;2;2m[48;2;0;1;1m▀[0m[38;2;2;2;2m[48;2;1;1;1m▀[0m[38;2;0;0;0m[48;2;1;0;0m▀[0m[38;2;0;0;0m[48;2;0;0;0m▀[0m[38;2;14;22;24m[48;2;3;9;6m▀[0m[38;2;11;35;42m[48;2;8;28;32m▀[0m[38;2;0;0;0m[48;2;0;21;25m▀[0m[38;2;62;80;84m[48;2;0;0;0m▀[0m[38;2;247;247;247m[48;2;247;247;247m▀[0m[38;2;247;247;247m[48;2;247;247;247m▀[0m[38;2;111;140;141m[48;2;164;185;184m▀[0m[38;2;247;247;247m[48;2;212;223;220m▀[0m[38;2;247;247;247m[48;2;247;247;247m▀[0m[38;2;16;42;47m[48;2;146;163;164m▀[0m[38;2;0;0;4m[48;2;0;0;0m▀[0m[38;2;3;16;17m[48;2;2;15;16m▀[0m[38;2;0;0;0m[48;2;0;0;0m▀[0m[38;2;0;0;0m[48;2;0;0;0m▀[0m[38;2;7;8;5m[48;2;32;32;32m▀[0m[38;2;247;247;247m[48;2;247;247;247m▀[0m[38;2;218;236;236m[48;2;183;200;200m▀[0m[38;2;247;247;247m[48;2;247;247;247m▀[0m[38;2;0;0;0m[48;2;181;181;181m▀[0m[38;2;0;0;0m[48;2;0;0;0m▀[0m[38;2;17;20;17m[48;2;247;247;247m▀[0m[38;2;247;247;247m[48;2;247;247;247m▀[0m[38;2;247;247;247m[48;2;0;0;0m▀[0m[38;2;145;150;155m[48;2;113;115;115m▀[0m[38;2;213;216;212m[48;2;54;54;54m▀[0m[38;2;0;0;0m[48;2;0;0;0m▀[0m[38;2;0;0;0m[48;2;0;0;0m▀[0m[38;2;0;0;0m[48;2;0;0;0m▀[0m[38;2;0;0;0m[48;2;0;0;0m▀[0m[38;2;0;0;0m[48;2;0;0;0m▀[0m[38;2;0;0;0m[48;2;0;0;0m▀[0m[38;2;0;0;0m[48;2;0;0;0m▀[0m[38;2;0;0;0m[48;2;0;0;0m▀[0m[38;2;0;0;0m[48;2;0;0;0m▀[0m[38;2;0;0;0m[48;2;0;0;0m▀[0m[38;2;0;0;0m[48;2;0;0;0m▀[0m[38;2;0;0;0m[48;2;0;0;0m▀[0m[38;2;0;0;0m[48;2;0;0;0m▀[0m[38;2;143;147;147m[48;2;50;52;52m▀[0m[38;2;0;0;0m[48;2;0;0;0m▀[0m[38;2;0;0;0m[48;2;91;92;89m▀[0m[38;2;247;247;247m[48;2;247;247;247m▀[0m[38;2;247;247;247m[48;2;247;247;247m▀[0m[38;2;210;221;221m[48;2;146;164;160m▀[0m[38;2;150;167;164m[48;2;207;223;220m▀[0m[38;2;247;247;247m[48;2;247;247;247m▀[0m[38;2;75;73;70m[48;2;0;0;0m▀[0m[38;2;0;0;0m[48;2;0;0;0m▀[0m[38;2;0;0;0m[48;2;0;0;0m▀[0m[38;2;0;0;0m[48;2;0;0;0m▀[0m[38;2;0;0;0m[48;2;0;0;0m▀[0m[38;2;3;3;1m[48;2;3;7;10m▀[0m[38;2;9;31;34m[48;2;9;35;36m▀[0m[38;2;0;27;33m[48;2;0;0;0m▀[0m[38;2;0;0;1m[48;2;63;89;90m▀[0m[38;2;247;247;247m[48;2;247;247;247m▀[0m[38;2;247;247;247m[48;2;247;247;247m▀[0m[38;2;128;154;156m[48;2;136;160;160m▀[0m[38;2;247;247;247m[48;2;247;247;247m▀[0m[38;2;247;247;247m[48;2;247;247;247m▀[0m[38;2;166;177;179m[48;2;11;39;45m▀[0m[38;2;0;0;0m[48;2;0;5;10m▀[0m[38;2;12;42;48m[48;2;10;32;36m▀[0m[38;2;7;15;17m[48;2;0;2;0m▀[0m[38;2;0;0;0m[48;2;0;0;0m▀[0m[38;2;0;0;0m[48;2;1;0;0m▀[0m[38;2;1;3;3m[48;2;0;2;0m▀[0m[38;2;2;4;2m[48;2;0;2;0m▀[0m[38;2;3;3;3m[48;2;0;2;0m▀[0m[38;2;3;3;3m[48;2;1;1;1m▀[0m[38;2;2;4;2m[48;2;1;1;1m▀[0m
[38;2;0;0;0m[48;2;0;0;0m▀[0m[38;2;0;0;0m[48;2;0;0;0m▀[0m[38;2;0;0;0m[48;2;0;0;0m▀[0m[38;2;0;1;1m[48;2;0;1;1m▀[0m[38;2;0;0;0m[48;2;0;1;1m▀[0m[38;2;0;0;0m[48;2;0;0;0m▀[0m[38;2;5;13;16m[48;2;1;1;1m▀[0m[38;2;5;27;31m[48;2;3;20;21m▀[0m[38;2;0;0;0m[48;2;0;12;14m▀[0m[38;2;89;106;107m[48;2;0;0;0m▀[0m[38;2;247;247;247m[48;2;247;247;247m▀[0m[38;2;247;247;247m[48;2;247;247;247m▀[0m[38;2;144;173;169m[48;2;194;213;214m▀[0m[38;2;247;247;247m[48;2;247;247;247m▀[0m[38;2;247;247;247m[48;2;247;247;247m▀[0m[38;2;0;0;0m[48;2;76;100;107m▀[0m[38;2;0;5;7m[48;2;0;0;0m▀[0m[38;2;0;0;0m[48;2;0;0;0m▀[0m[38;2;0;0;0m[48;2;0;0;0m▀[0m[38;2;13;12;12m[48;2;0;0;0m▀[0m[38;2;247;247;247m[48;2;247;247;247m▀[0m[38;2;184;199;199m[48;2;247;247;247m▀[0m[38;2;215;226;223m[48;2;158;176;175m▀[0m[38;2;247;247;247m[48;2;211;219;217m▀[0m[38;2;213;213;213m[48;2;247;247;247m▀[0m[38;2;247;247;247m[48;2;247;247;247m▀[0m[38;2;110;109;109m[48;2;0;0;0m▀[0m[38;2;0;0;0m[48;2;0;0;0m▀[0m[38;2;130;131;129m[48;2;247;247;247m▀[0m[38;2;95;95;95m[48;2;247;247;247m▀[0m[38;2;0;0;0m[48;2;0;0;0m▀[0m[38;2;0;0;0m[48;2;0;0;0m▀[0m[38;2;0;0;0m[48;2;0;0;0m▀[0m[38;2;0;0;0m[48;2;0;0;0m▀[0m[38;2;0;0;0m[48;2;0;0;0m▀[0m[38;2;0;0;0m[48;2;0;0;0m▀[0m[38;2;0;0;0m[48;2;0;0;0m▀[0m[38;2;0;0;0m[48;2;0;0;0m▀[0m[38;2;0;0;0m[48;2;0;0;0m▀[0m[38;2;0;0;0m[48;2;0;0;0m▀[0m[38;2;0;0;0m[48;2;0;0;0m▀[0m[38;2;0;0;0m[48;2;0;0;0m▀[0m[38;2;110;113;113m[48;2;247;247;247m▀[0m[38;2;247;247;247m[48;2;247;247;247m▀[0m[38;2;0;0;0m[48;2;17;20;20m▀[0m[38;2;0;0;0m[48;2;0;0;0m▀[0m[38;2;247;247;247m[48;2;50;58;56m▀[0m[38;2;200;216;212m[48;2;185;204;203m▀[0m[38;2;141;161;157m[48;2;247;247;247m▀[0m[38;2;247;247;247m[48;2;240;243;237m▀[0m[38;2;43;43;44m[48;2;0;0;0m▀[0m[38;2;0;0;0m[48;2;0;0;0m▀[0m[38;2;0;0;0m[48;2;0;0;0m▀[0m[38;2;0;0;0m[48;2;0;0;0m▀[0m[38;2;1;0;0m[48;2;0;1;1m▀[0m[38;2;0;0;0m[48;2;0;0;0m▀[0m[38;2;1;7;8m[48;2;1;5;5m▀[0m[38;2;6;26;30m[48;2;0;10;10m▀[0m[38;2;0;0;0m[48;2;0;25;29m▀[0m[38;2;197;208;206m[48;2;247;247;247m▀[0m[38;2;247;247;247m[48;2;247;247;247m▀[0m[38;2;178;192;192m[48;2;192;212;210m▀[0m[38;2;217;224;224m[48;2;247;247;247m▀[0m[38;2;247;247;247m[48;2;247;247;247m▀[0m[38;2;208;216;216m[48;2;45;66;71m▀[0m[38;2;0;0;0m[48;2;0;0;0m▀[0m[38;2;3;32;35m[48;2;6;24;28m▀[0m[38;2;4;15;17m[48;2;0;0;0m▀[0m[38;2;0;0;0m[48;2;0;0;0m▀[0m[38;2;0;0;0m[48;2;0;1;1m▀[0m[38;2;1;1;1m[48;2;0;1;0m▀[0m[38;2;1;1;1m[48;2;0;1;1m▀[0m[38;2;0;1;1m[48;2;0;1;0m▀[0m[38;2;1;1;1m[48;2;1;1;1m▀[0m[38;2;0;1;1m[48;2;0;0;0m▀[0m[38;2;0;1;0m[48;2;0;0;0m▀[0m
[38;2;0;0;0m[48;2;0;0;0m▀[0m[38;2;0;0;0m[48;2;0;0;0m▀[0m[38;2;0;0;0m[48;2;0;0;0m▀[0m[38;2;0;0;0m[48;2;0;0;0m▀[0m[38;2;0;0;0m[48;2;0;0;0m▀[0m[38;2;0;0;0m[48;2;0;0;0m▀[0m[38;2;0;0;0m[48;2;0;0;0m▀[0m[38;2;2;8;9m[48;2;0;1;0m▀[0m[38;2;2;16;20m[48;2;2;10;12m▀[0m[38;2;0;0;0m[48;2;4;16;20m▀[0m[38;2;37;64;67m[48;2;0;4;9m▀[0m[38;2;132;146;148m[48;2;0;0;0m▀[0m[38;2;40;58;66m[48;2;0;0;0m▀[0m[38;2;47;73;75m[48;2;0;0;1m▀[0m[38;2;135;154;161m[48;2;0;0;5m▀[0m[38;2;33;57;63m[48;2;0;25;27m▀[0m[38;2;0;1;5m[48;2;8;22;26m▀[0m[38;2;0;0;0m[48;2;0;0;0m▀[0m[38;2;0;0;0m[48;2;0;0;0m▀[0m[38;2;0;0;0m[48;2;0;0;0m▀[0m[38;2;32;32;32m[48;2;0;0;0m▀[0m[38;2;247;247;247m[48;2;49;46;46m▀[0m[38;2;209;218;218m[48;2;247;247;247m▀[0m[38;2;154;168;165m[48;2;212;225;221m▀[0m[38;2;212;223;221m[48;2;185;204;202m▀[0m[38;2;247;247;247m[48;2;119;133;130m▀[0m[38;2;0;0;0m[48;2;0;0;0m▀[0m[38;2;0;0;0m[48;2;0;0;0m▀[0m[38;2;247;247;247m[48;2;147;153;154m▀[0m[38;2;150;149;146m[48;2;69;66;68m▀[0m[38;2;64;68;64m[48;2;234;239;235m▀[0m[38;2;0;0;0m[48;2;136;140;136m▀[0m[38;2;0;0;0m[48;2;197;197;197m▀[0m[38;2;0;0;0m[48;2;141;143;141m▀[0m[38;2;0;0;0m[48;2;77;80;80m▀[0m[38;2;0;0;0m[48;2;152;154;155m▀[0m[38;2;0;0;0m[48;2;82;84;82m▀[0m[38;2;0;0;0m[48;2;29;28;26m▀[0m[38;2;0;0;0m[48;2;25;25;22m▀[0m[38;2;37;40;41m[48;2;247;247;247m▀[0m[38;2;185;187;188m[48;2;247;247;247m▀[0m[38;2;0;0;0m[48;2;71;74;74m▀[0m[38;2;178;182;178m[48;2;0;0;0m▀[0m[38;2;112;115;112m[48;2;0;0;0m▀[0m[38;2;0;0;0m[48;2;0;0;0m▀[0m[38;2;0;0;0m[48;2;0;0;0m▀[0m[38;2;0;0;0m[48;2;0;0;0m▀[0m[38;2;247;247;247m[48;2;122;125;125m▀[0m[38;2;213;213;214m[48;2;0;0;0m▀[0m[38;2;198;199;196m[48;2;88;87;87m▀[0m[38;2;88;91;88m[48;2;235;235;232m▀[0m[38;2;0;0;0m[48;2;0;0;0m▀[0m[38;2;0;0;0m[48;2;0;0;0m▀[0m[38;2;0;0;0m[48;2;0;0;0m▀[0m[38;2;0;0;0m[48;2;0;0;0m▀[0m[38;2;0;0;0m[48;2;0;0;0m▀[0m[38;2;0;4;0m[48;2;3;7;6m▀[0m[38;2;0;14;16m[48;2;10;24;25m▀[0m[38;2;0;22;28m[48;2;1;23;28m▀[0m[38;2;157;173;174m[48;2;0;0;0m▀[0m[38;2;99;120;119m[48;2;0;0;0m▀[0m[38;2;38;61;64m[48;2;0;0;0m▀[0m[38;2;162;171;173m[48;2;0;0;0m▀[0m[38;2;112;131;131m[48;2;0;0;0m▀[0m[38;2;0;0;0m[48;2;0;24;26m▀[0m[38;2;0;20;23m[48;2;6;15;19m▀[0m[38;2;0;7;6m[48;2;0;0;0m▀[0m[38;2;0;0;0m[48;2;0;0;0m▀[0m[38;2;0;0;0m[48;2;0;0;0m▀[0m[38;2;0;0;0m[48;2;0;0;0m▀[0m[38;2;0;0;0m[48;2;0;0;0m▀[0m[38;2;0;0;0m[48;2;0;0;0m▀[0m[38;2;0;0;0m[48;2;0;0;0m▀[0m[38;2;0;0;0m[48;2;0;0;0m▀[0m[38;2;0;0;0m[48;2;0;0;0m▀[0m[38;2;11;18;18m[48;2;43;54;51m▀[0m
[38;2;0;0;0m[48;2;0;0;0m▀[0m[38;2;0;0;0m[48;2;0;0;0m▀[0m[38;2;0;0;0m[48;2;0;0;0m▀[0m[38;2;0;0;0m[48;2;0;0;0m▀[0m[38;2;0;0;0m[48;2;0;0;0m▀[0m[38;2;0;0;0m[48;2;0;0;0m▀[0m[38;2;0;0;0m[48;2;0;0;0m▀[0m[38;2;0;0;0m[48;2;0;0;0m▀[0m[38;2;2;4;4m[48;2;0;0;0m▀[0m[38;2;6;15;18m[48;2;2;6;6m▀[0m[38;2;13;31;32m[48;2;10;19;21m▀[0m[38;2;19;38;41m[48;2;14;27;28m▀[0m[38;2;16;39;46m[48;2;15;32;33m▀[0m[38;2;15;39;46m[48;2;16;31;35m▀[0m[38;2;21;44;48m[48;2;14;32;36m▀[0m[38;2;16;39;43m[48;2;12;26;30m▀[0m[38;2;9;18;21m[48;2;5;8;7m▀[0m[38;2;0;0;0m[48;2;0;0;0m▀[0m[38;2;0;0;0m[48;2;0;0;0m▀[0m[38;2;0;0;0m[48;2;0;0;0m▀[0m[38;2;0;0;0m[48;2;0;0;0m▀[0m[38;2;0;0;0m[48;2;0;0;0m▀[0m[38;2;0;0;0m[48;2;177;179;179m▀[0m[38;2;247;247;247m[48;2;247;247;247m▀[0m[38;2;247;247;247m[48;2;165;169;172m▀[0m[38;2;44;52;50m[48;2;0;0;0m▀[0m[38;2;0;0;0m[48;2;0;0;0m▀[0m[38;2;0;0;0m[48;2;0;0;0m▀[0m[38;2;0;0;0m[48;2;0;0;0m▀[0m[38;2;110;111;108m[48;2;26;29;28m▀[0m[38;2;142;143;140m[48;2;97;101;97m▀[0m[38;2;247;247;247m[48;2;89;95;92m▀[0m[38;2;247;247;247m[48;2;247;247;247m▀[0m[38;2;247;247;247m[48;2;213;214;211m▀[0m[38;2;148;152;151m[48;2;192;198;194m▀[0m[38;2;247;247;247m[48;2;247;247;247m▀[0m[38;2;247;247;247m[48;2;102;109;108m▀[0m[38;2;141;142;138m[48;2;97;105;101m▀[0m[38;2;2;3;0m[48;2;0;0;0m▀[0m[38;2;224;228;221m[48;2;0;0;0m▀[0m[38;2;187;193;192m[48;2;0;0;0m▀[0m[38;2;0;0;0m[48;2;0;0;0m▀[0m[38;2;0;0;0m[48;2;0;0;0m▀[0m[38;2;0;0;0m[48;2;0;0;0m▀[0m[38;2;0;0;0m[48;2;0;0;0m▀[0m[38;2;0;0;0m[48;2;0;0;0m▀[0m[38;2;0;0;0m[48;2;0;0;0m▀[0m[38;2;0;0;0m[48;2;0;0;0m▀[0m[38;2;0;0;0m[48;2;0;0;0m▀[0m[38;2;7;5;8m[48;2;0;0;0m▀[0m[38;2;247;247;247m[48;2;247;247;247m▀[0m[38;2;0;0;0m[48;2;30;29;26m▀[0m[38;2;0;0;0m[48;2;0;0;0m▀[0m[38;2;0;0;0m[48;2;0;0;0m▀[0m[38;2;0;0;0m[48;2;0;0;0m▀[0m[38;2;0;0;0m[48;2;0;0;0m▀[0m[38;2;4;9;4m[48;2;0;2;0m▀[0m[38;2;10;21;24m[48;2;7;15;17m▀[0m[38;2;15;32;33m[48;2;12;27;31m▀[0m[38;2;17;40;43m[48;2;12;33;37m▀[0m[38;2;15;39;42m[48;2;13;34;41m▀[0m[38;2;12;36;42m[48;2;13;35;39m▀[0m[38;2;12;35;39m[48;2;13;28;30m▀[0m[38;2;14;33;36m[48;2;12;21;24m▀[0m[38;2;10;25;27m[48;2;6;10;10m▀[0m[38;2;1;8;7m[48;2;0;0;0m▀[0m[38;2;0;0;0m[48;2;0;0;0m▀[0m[38;2;0;0;0m[48;2;0;0;0m▀[0m[38;2;0;0;0m[48;2;0;0;0m▀[0m[38;2;0;0;0m[48;2;0;0;0m▀[0m[38;2;0;0;0m[48;2;0;0;0m▀[0m[38;2;0;0;0m[48;2;0;0;0m▀[0m[38;2;0;0;0m[48;2;0;0;0m▀[0m[38;2;0;0;0m[48;2;7;10;10m▀[0m[38;2;30;37;36m[48;2;29;35;36m▀[0m[38;2;10;13;13m[48;2;0;0;0m▀[0m
[38;2;0;0;0m[48;2;2;3;0m▀[0m[38;2;0;0;0m[48;2;1;4;4m▀[0m[38;2;0;0;0m[48;2;0;0;0m▀[0m[38;2;0;0;0m[48;2;0;0;0m▀[0m[38;2;0;0;0m[48;2;0;0;0m▀[0m[38;2;0;0;0m[48;2;0;0;0m▀[0m[38;2;0;0;0m[48;2;0;0;0m▀[0m[38;2;0;0;0m[48;2;0;0;0m▀[0m[38;2;0;0;0m[48;2;0;0;0m▀[0m[38;2;0;0;0m[48;2;0;0;0m▀[0m[38;2;1;5;2m[48;2;0;0;0m▀[0m[38;2;8;16;16m[48;2;0;0;0m▀[0m[38;2;10;18;20m[48;2;0;0;0m▀[0m[38;2;10;19;19m[48;2;0;0;0m▀[0m[38;2;9;18;20m[48;2;0;0;0m▀[0m[38;2;4;8;8m[48;2;0;0;0m▀[0m[38;2;0;0;0m[48;2;0;0;0m▀[0m[38;2;0;0;0m[48;2;0;0;0m▀[0m[38;2;0;0;0m[48;2;0;0;0m▀[0m[38;2;0;0;0m[48;2;35;35;37m▀[0m[38;2;0;0;0m[48;2;113;117;117m▀[0m[38;2;72;74;74m[48;2;247;247;247m▀[0m[38;2;247;247;247m[48;2;247;247;247m▀[0m[38;2;136;139;138m[48;2;13;13;13m▀[0m[38;2;0;0;0m[48;2;0;0;0m▀[0m[38;2;0;0;0m[48;2;0;0;0m▀[0m[38;2;0;0;0m[48;2;0;0;0m▀[0m[38;2;0;0;0m[48;2;0;0;0m▀[0m[38;2;0;0;0m[48;2;0;0;0m▀[0m[38;2;0;0;0m[48;2;0;0;0m▀[0m[38;2;0;0;0m[48;2;0;0;0m▀[0m[38;2;0;0;0m[48;2;0;0;0m▀[0m[38;2;0;0;0m[48;2;0;0;0m▀[0m[38;2;0;0;0m[48;2;0;0;0m▀[0m[38;2;25;27;25m[48;2;0;0;0m▀[0m[38;2;0;0;0m[48;2;0;0;0m▀[0m[38;2;0;0;0m[48;2;0;0;0m▀[0m[38;2;0;0;0m[48;2;0;0;0m▀[0m[38;2;0;0;0m[48;2;0;0;0m▀[0m[38;2;0;0;0m[48;2;0;0;0m▀[0m[38;2;0;0;0m[48;2;0;0;0m▀[0m[38;2;0;0;0m[48;2;0;0;0m▀[0m[38;2;0;0;0m[48;2;0;0;0m▀[0m[38;2;0;0;0m[48;2;0;0;0m▀[0m[38;2;0;0;0m[48;2;0;0;0m▀[0m[38;2;0;0;0m[48;2;0;0;0m▀[0m[38;2;1;3;3m[48;2;2;0;3m▀[0m[38;2;11;11;12m[48;2;32;36;39m▀[0m[38;2;0;0;0m[48;2;0;0;0m▀[0m[38;2;0;0;0m[48;2;0;0;0m▀[0m[38;2;247;247;247m[48;2;157;161;160m▀[0m[38;2;123;122;123m[48;2;215;214;214m▀[0m[38;2;0;0;0m[48;2;0;0;0m▀[0m[38;2;0;0;0m[48;2;0;0;0m▀[0m[38;2;0;0;0m[48;2;0;0;0m▀[0m[38;2;0;0;0m[48;2;0;0;0m▀[0m[38;2;0;0;0m[48;2;0;0;0m▀[0m[38;2;2;3;0m[48;2;0;0;0m▀[0m[38;2;7;14;12m[48;2;0;0;0m▀[0m[38;2;9;20;22m[48;2;0;0;0m▀[0m[38;2;11;22;25m[48;2;0;0;0m▀[0m[38;2;11;20;23m[48;2;0;0;0m▀[0m[38;2;8;16;18m[48;2;0;0;0m▀[0m[38;2;6;4;7m[48;2;0;0;0m▀[0m[38;2;0;0;0m[48;2;0;0;0m▀[0m[38;2;0;0;0m[48;2;0;0;0m▀[0m[38;2;0;0;0m[48;2;0;0;0m▀[0m[38;2;0;0;0m[48;2;0;0;0m▀[0m[38;2;0;0;0m[48;2;0;0;0m▀[0m[38;2;0;0;0m[48;2;0;0;0m▀[0m[38;2;0;0;0m[48;2;0;0;0m▀[0m[38;2;0;0;0m[48;2;0;0;0m▀[0m[38;2;0;0;0m[48;2;15;21;21m▀[0m[38;2;34;45;47m[48;2;9;16;16m▀[0m[38;2;0;0;0m[48;2;0;0;0m▀[0m[38;2;21;30;30m[48;2;59;76;73m▀[0m
[38;2;12;20;20m[48;2;5;9;8m▀[0m[38;2;10;18;16m[48;2;0;0;0m▀[0m[38;2;28;36;32m[48;2;0;0;0m▀[0m[38;2;32;46;44m[48;2;0;0;0m▀[0m[38;2;32;41;37m[48;2;0;0;0m▀[0m[38;2;29;36;35m[48;2;0;0;0m▀[0m[38;2;27;34;34m[48;2;0;0;0m▀[0m[38;2;26;38;34m[48;2;0;0;0m▀[0m[38;2;21;34;32m[48;2;0;0;0m▀[0m[38;2;20;34;31m[48;2;4;8;8m▀[0m[38;2;25;32;32m[48;2;5;8;8m▀[0m[38;2;24;36;34m[48;2;0;0;1m▀[0m[38;2;19;32;31m[48;2;0;2;0m▀[0m[38;2;21;29;28m[48;2;2;4;2m▀[0m[38;2;21;28;26m[48;2;10;13;12m▀[0m[38;2;23;27;26m[48;2;19;25;24m▀[0m[38;2;17;23;22m[48;2;26;34;33m▀[0m[38;2;5;8;7m[48;2;15;26;24m▀[0m[38;2;0;0;0m[48;2;0;2;3m▀[0m[38;2;50;61;61m[48;2;110;114;114m▀[0m[38;2;158;163;162m[48;2;228;228;226m▀[0m[38;2;247;247;247m[48;2;247;247;247m▀[0m[38;2;247;247;247m[48;2;210;212;212m▀[0m[38;2;0;0;0m[48;2;0;0;0m▀[0m[38;2;0;0;0m[48;2;0;0;0m▀[0m[38;2;0;0;0m[48;2;0;0;0m▀[0m[38;2;0;0;0m[48;2;0;0;0m▀[0m[38;2;0;0;0m[48;2;0;0;0m▀[0m[38;2;0;0;0m[48;2;0;0;0m▀[0m[38;2;0;0;0m[48;2;0;0;0m▀[0m[38;2;0;0;0m[48;2;0;0;0m▀[0m[38;2;0;0;0m[48;2;0;0;0m▀[0m[38;2;0;0;0m[48;2;0;0;0m▀[0m[38;2;0;0;0m[48;2;0;0;0m▀[0m[38;2;0;0;0m[48;2;16;22;23m▀[0m[38;2;0;0;0m[48;2;0;0;0m▀[0m[38;2;0;0;0m[48;2;0;0;0m▀[0m[38;2;0;0;0m[48;2;0;0;0m▀[0m[38;2;0;0;0m[48;2;0;0;0m▀[0m[38;2;0;0;0m[48;2;0;0;0m▀[0m[38;2;0;0;0m[48;2;0;0;0m▀[0m[38;2;0;0;0m[48;2;0;2;2m▀[0m[38;2;0;0;0m[48;2;0;0;0m▀[0m[38;2;0;0;0m[48;2;0;0;0m▀[0m[38;2;0;0;0m[48;2;0;0;0m▀[0m[38;2;0;0;0m[48;2;0;0;0m▀[0m[38;2;0;0;0m[48;2;0;0;0m▀[0m[38;2;40;44;47m[48;2;42;46;49m▀[0m[38;2;0;0;0m[48;2;0;0;0m▀[0m[38;2;0;0;0m[48;2;0;0;0m▀[0m[38;2;72;69;71m[48;2;0;0;0m▀[0m[38;2;247;247;247m[48;2;247;247;247m▀[0m[38;2;0;0;0m[48;2;0;0;0m▀[0m[38;2;0;0;0m[48;2;0;0;0m▀[0m[38;2;0;4;4m[48;2;7;10;9m▀[0m[38;2;8;11;10m[48;2;12;14;14m▀[0m[38;2;9;13;13m[48;2;12;15;15m▀[0m[38;2;15;15;17m[48;2;14;18;17m▀[0m[38;2;15;16;13m[48;2;18;22;23m▀[0m[38;2;14;16;16m[48;2;14;20;17m▀[0m[38;2;16;19;19m[48;2;5;7;7m▀[0m[38;2;14;18;18m[48;2;12;15;17m▀[0m[38;2;14;14;16m[48;2;7;7;5m▀[0m[38;2;12;15;15m[48;2;7;6;4m▀[0m[38;2;12;15;15m[48;2;5;7;5m▀[0m[38;2;11;15;15m[48;2;7;7;7m▀[0m[38;2;15;15;17m[48;2;5;5;6m▀[0m[38;2;14;21;17m[48;2;8;9;6m▀[0m[38;2;17;20;19m[48;2;10;13;13m▀[0m[38;2;13;19;19m[48;2;13;17;13m▀[0m[38;2;14;22;21m[48;2;7;10;10m▀[0m[38;2;16;22;19m[48;2;0;0;0m▀[0m[38;2;14;20;17m[48;2;0;0;0m▀[0m[38;2;0;0;0m[48;2;12;18;18m▀[0m[38;2;0;0;0m[48;2;0;0;0m▀[0m[38;2;50;65;61m[48;2;33;44;41m▀[0m
[38;2;5;8;4m[48;2;13;19;18m▀[0m[38;2;0;0;0m[48;2;0;0;0m▀[0m[38;2;0;0;0m[48;2;0;0;0m▀[0m[38;2;0;0;0m[48;2;38;53;53m▀[0m[38;2;10;13;12m[48;2;56;75;73m▀[0m[38;2;29;36;35m[48;2;52;71;69m▀[0m[38;2;29;34;35m[48;2;48;67;65m▀[0m[38;2;31;36;37m[48;2;48;64;61m▀[0m[38;2;43;54;51m[48;2;49;63;60m▀[0m[38;2;46;68;63m[48;2;43;59;54m▀[0m[38;2;46;64;60m[48;2;41;59;54m▀[0m[38;2;9;13;13m[48;2;44;59;56m▀[0m[38;2;19;23;23m[48;2;30;40;38m▀[0m[38;2;21;29;27m[48;2;42;63;58m▀[0m[38;2;51;71;67m[48;2;41;60;57m▀[0m[38;2;48;68;67m[48;2;39;57;54m▀[0m[38;2;47;66;64m[48;2;37;54;55m▀[0m[38;2;34;54;52m[48;2;33;51;51m▀[0m[38;2;51;62;60m[48;2;24;39;36m▀[0m[38;2;170;172;170m[48;2;0;0;0m▀[0m[38;2;140;142;140m[48;2;62;69;68m▀[0m[38;2;247;247;247m[48;2;247;247;247m▀[0m[38;2;121;123;123m[48;2;185;185;186m▀[0m[38;2;0;0;0m[48;2;0;0;0m▀[0m[38;2;0;0;0m[48;2;0;0;0m▀[0m[38;2;0;0;0m[48;2;0;0;0m▀[0m[38;2;0;0;0m[48;2;0;0;0m▀[0m[38;2;0;0;0m[48;2;0;0;0m▀[0m[38;2;0;0;0m[48;2;0;0;0m▀[0m[38;2;0;0;0m[48;2;0;0;0m▀[0m[38;2;0;0;0m[48;2;0;0;0m▀[0m[38;2;1;3;3m[48;2;37;43;43m▀[0m[38;2;0;0;0m[48;2;0;0;0m▀[0m[38;2;0;0;0m[48;2;0;0;0m▀[0m[38;2;81;89;91m[48;2;139;145;145m▀[0m[38;2;0;0;0m[48;2;0;0;0m▀[0m[38;2;0;0;0m[48;2;0;0;0m▀[0m[38;2;0;0;0m[48;2;0;0;0m▀[0m[38;2;91;97;98m[48;2;167;176;176m▀[0m[38;2;0;0;0m[48;2;25;27;27m▀[0m[38;2;0;0;0m[48;2;0;0;0m▀[0m[38;2;68;70;70m[48;2;157;162;162m▀[0m[38;2;0;0;0m[48;2;0;0;0m▀[0m[38;2;0;0;0m[48;2;0;0;0m▀[0m[38;2;0;0;0m[48;2;0;0;0m▀[0m[38;2;0;0;0m[48;2;0;0;0m▀[0m[38;2;0;0;0m[48;2;0;0;0m▀[0m[38;2;31;34;34m[48;2;9;15;15m▀[0m[38;2;0;0;0m[48;2;0;0;0m▀[0m[38;2;0;0;0m[48;2;0;0;0m▀[0m[38;2;0;0;0m[48;2;0;0;0m▀[0m[38;2;247;247;247m[48;2;247;247;247m▀[0m[38;2;73;97;94m[48;2;131;144;142m▀[0m[38;2;17;46;43m[48;2;0;13;10m▀[0m[38;2;46;68;64m[48;2;38;53;51m▀[0m[38;2;52;69;66m[48;2;37;53;52m▀[0m[38;2;53;70;66m[48;2;40;56;53m▀[0m[38;2;51;70;68m[48;2;37;52;53m▀[0m[38;2;56;75;73m[48;2;39;54;51m▀[0m[38;2;33;52;51m[48;2;46;65;62m▀[0m[38;2;20;31;34m[48;2;31;45;42m▀[0m[38;2;44;60;60m[48;2;33;47;48m▀[0m[38;2;45;61;58m[48;2;46;64;61m▀[0m[38;2;45;61;58m[48;2;44;57;55m▀[0m[38;2;44;62;58m[48;2;44;60;57m▀[0m[38;2;48;65;62m[48;2;42;62;57m▀[0m[38;2;35;49;47m[48;2;44;66;63m▀[0m[38;2;0;1;0m[48;2;37;50;50m▀[0m[38;2;0;0;0m[48;2;28;40;38m▀[0m[38;2;0;0;0m[48;2;20;29;29m▀[0m[38;2;0;0;0m[48;2;0;0;0m▀[0m[38;2;0;0;0m[48;2;0;0;0m▀[0m[38;2;6;10;6m[48;2;3;6;3m▀[0m[38;2;26;39;36m[48;2;27;46;41m▀[0m[38;2;0;0;0m[48;2;0;0;0m▀[0m[38;2;2;5;5m[48;2;0;0;0m▀[0m
[38;2;11;17;16m[48;2;6;10;11m▀[0m[38;2;0;0;0m[48;2;11;18;17m▀[0m[38;2;28;40;40m[48;2;44;59;57m▀[0m[38;2;58;76;73m[48;2;46;60;61m▀[0m[38;2;44;59;59m[48;2;36;56;54m▀[0m[38;2;35;54;54m[48;2;37;55;52m▀[0m[38;2;36;55;52m[48;2;37;55;52m▀[0m[38;2;35;53;49m[48;2;36;55;51m▀[0m[38;2;38;54;51m[48;2;36;56;52m▀[0m[38;2;37;56;50m[48;2;36;55;52m▀[0m[38;2;40;55;52m[48;2;36;54;51m▀[0m[38;2;40;56;52m[48;2;40;51;49m▀[0m[38;2;26;36;33m[48;2;22;34;31m▀[0m[38;2;42;60;57m[48;2;41;62;57m▀[0m[38;2;40;58;54m[48;2;37;55;52m▀[0m[38;2;37;55;52m[48;2;37;56;53m▀[0m[38;2;38;56;53m[48;2;37;56;52m▀[0m[38;2;34;53;50m[48;2;33;56;52m▀[0m[38;2;31;46;43m[48;2;28;50;48m▀[0m[38;2;0;11;11m[48;2;12;38;34m▀[0m[38;2;168;171;167m[48;2;130;133;130m▀[0m[38;2;247;247;247m[48;2;247;247;247m▀[0m[38;2;144;146;146m[48;2;97;95;97m▀[0m[38;2;0;0;0m[48;2;0;0;0m▀[0m[38;2;0;0;0m[48;2;0;0;0m▀[0m[38;2;0;0;0m[48;2;0;0;0m▀[0m[38;2;0;0;0m[48;2;0;0;0m▀[0m[38;2;0;0;0m[48;2;0;0;0m▀[0m[38;2;0;0;0m[48;2;0;0;0m▀[0m[38;2;0;0;0m[48;2;0;0;0m▀[0m[38;2;0;0;0m[48;2;0;0;0m▀[0m[38;2;95;98;96m[48;2;158;165;161m▀[0m[38;2;0;0;0m[48;2;11;10;8m▀[0m[38;2;0;0;0m[48;2;0;0;0m▀[0m[38;2;188;196;199m[48;2;247;247;247m▀[0m[38;2;0;0;0m[48;2;69;69;69m▀[0m[38;2;0;0;0m[48;2;0;0;0m▀[0m[38;2;0;0;0m[48;2;0;0;0m▀[0m[38;2;125;130;128m[48;2;33;36;36m▀[0m[38;2;220;223;223m[48;2;127;129;127m▀[0m[38;2;0;0;0m[48;2;0;0;0m▀[0m[38;2;123;129;129m[48;2;0;0;0m▀[0m[38;2;108;112;112m[48;2;247;247;242m▀[0m[38;2;0;0;0m[48;2;159;167;169m▀[0m[38;2;42;44;44m[48;2;170;181;184m▀[0m[38;2;0;0;0m[48;2;75;76;73m▀[0m[38;2;0;0;0m[48;2;0;0;0m▀[0m[38;2;38;35;35m[48;2;8;8;10m▀[0m[38;2;148;152;152m[48;2;183;200;201m▀[0m[38;2;0;0;0m[48;2;0;0;0m▀[0m[38;2;0;0;0m[48;2;0;0;0m▀[0m[38;2;171;163;168m[48;2;82;80;83m▀[0m[38;2;203;210;206m[48;2;247;247;247m▀[0m[38;2;0;0;0m[48;2;0;0;0m▀[0m[38;2;34;53;49m[48;2;28;50;50m▀[0m[38;2;39;55;54m[48;2;34;55;51m▀[0m[38;2;38;56;53m[48;2;37;57;55m▀[0m[38;2;38;54;51m[48;2;36;56;54m▀[0m[38;2;38;54;51m[48;2;37;56;52m▀[0m[38;2;44;59;56m[48;2;43;62;58m▀[0m[38;2;30;40;40m[48;2;30;43;40m▀[0m[38;2;33;48;45m[48;2;32;50;47m▀[0m[38;2;42;53;53m[48;2;39;58;55m▀[0m[38;2;38;54;51m[48;2;37;55;52m▀[0m[38;2;38;53;50m[48;2;37;56;52m▀[0m[38;2;38;53;50m[48;2;37;55;52m▀[0m[38;2;39;57;52m[48;2;37;55;52m▀[0m[38;2;43;64;58m[48;2;37;55;51m▀[0m[38;2;50;68;65m[48;2;40;56;53m▀[0m[38;2;57;77;75m[48;2;43;61;54m▀[0m[38;2;44;66;63m[48;2;42;64;61m▀[0m[38;2;5;8;7m[48;2;26;40;37m▀[0m[38;2;7;7;8m[48;2;4;3;1m▀[0m[38;2;50;73;72m[48;2;59;78;79m▀[0m[38;2;4;9;5m[48;2;14;20;19m▀[0m[38;2;0;0;0m[48;2;0;0;0m▀[0m
[38;2;0;2;0m[48;2;0;0;0m▀[0m[38;2;27;40;38m[48;2;38;63;60m▀[0m[38;2;54;79;75m[48;2;49;81;77m▀[0m[38;2;36;59;55m[48;2;37;64;62m▀[0m[38;2;34;55;51m[48;2;33;61;56m▀[0m[38;2;36;56;54m[48;2;35;63;56m▀[0m[38;2;36;55;52m[48;2;38;64;58m▀[0m[38;2;35;55;53m[48;2;38;64;61m▀[0m[38;2;37;57;53m[48;2;38;65;61m▀[0m[38;2;37;56;53m[48;2;43;70;65m▀[0m[38;2;40;61;56m[48;2;32;55;55m▀[0m[38;2;38;54;49m[48;2;25;35;37m▀[0m[38;2;25;33;33m[48;2;22;32;32m▀[0m[38;2;41;68;64m[48;2;25;43;43m▀[0m[38;2;35;56;54m[48;2;40;72;67m▀[0m[38;2;37;57;55m[48;2;40;67;63m▀[0m[38;2;36;56;54m[48;2;39;66;60m▀[0m[38;2;34;57;53m[48;2;39;65;62m▀[0m[38;2;31;58;51m[48;2;36;63;59m▀[0m[38;2;18;49;45m[48;2;32;65;62m▀[0m[38;2;8;15;13m[48;2;0;29;23m▀[0m[38;2;202;202;200m[48;2;47;53;52m▀[0m[38;2;224;220;219m[48;2;247;247;247m▀[0m[38;2;0;0;0m[48;2;10;13;10m▀[0m[38;2;0;0;0m[48;2;0;0;0m▀[0m[38;2;0;0;0m[48;2;0;0;0m▀[0m[38;2;0;0;0m[48;2;0;0;0m▀[0m[38;2;0;0;0m[48;2;0;0;0m▀[0m[38;2;0;0;0m[48;2;0;0;0m▀[0m[38;2;7;6;7m[48;2;33;46;46m▀[0m[38;2;0;0;0m[48;2;16;30;31m▀[0m[38;2;105;109;109m[48;2;91;121;127m▀[0m[38;2;70;68;64m[48;2;156;216;246m▀[0m[38;2;0;0;0m[48;2;107;144;159m▀[0m[38;2;56;59;63m[48;2;82;97;101m▀[0m[38;2;48;52;51m[48;2;202;213;219m▀[0m[38;2;5;4;2m[48;2;247;247;247m▀[0m[38;2;0;0;0m[48;2;181;188;184m▀[0m[38;2;20;23;23m[48;2;192;202;202m▀[0m[38;2;123;130;133m[48;2;247;247;247m▀[0m[38;2;140;147;142m[48;2;184;198;200m▀[0m[38;2;6;12;9m[48;2;115;133;136m▀[0m[38;2;189;211;215m[48;2;104;125;127m▀[0m[38;2;234;247;247m[48;2;16;20;21m▀[0m[38;2;96;115;119m[48;2;0;0;0m▀[0m[38;2;85;93;93m[48;2;76;87;91m▀[0m[38;2;0;0;0m[48;2;0;0;0m▀[0m[38;2;19;19;19m[48;2;37;38;35m▀[0m[38;2;159;176;175m[48;2;95;101;100m▀[0m[38;2;0;0;0m[48;2;0;0;0m▀[0m[38;2;0;0;0m[48;2;0;0;0m▀[0m[38;2;39;41;43m[48;2;0;0;0m▀[0m[38;2;247;247;247m[48;2;247;247;247m▀[0m[38;2;0;28;24m[48;2;68;89;88m▀[0m[38;2;14;44;41m[48;2;0;36;32m▀[0m[38;2;32;57;50m[48;2;32;64;60m▀[0m[38;2;38;56;56m[48;2;39;65;60m▀[0m[38;2;35;58;56m[48;2;41;67;64m▀[0m[38;2;34;61;54m[48;2;41;71;68m▀[0m[38;2;41;68;65m[48;2;28;51;50m▀[0m[38;2;32;47;44m[48;2;28;45;48m▀[0m[38;2;33;52;49m[48;2;29;48;47m▀[0m[38;2;41;66;64m[48;2;30;50;48m▀[0m[38;2;35;60;57m[48;2;43;74;69m▀[0m[38;2;36;57;55m[48;2;40;67;64m▀[0m[38;2;35;61;54m[48;2;37;66;62m▀[0m[38;2;36;57;55m[48;2;34;68;64m▀[0m[38;2;37;56;52m[48;2;41;64;60m▀[0m[38;2;37;55;52m[48;2;42;63;58m▀[0m[38;2;40;59;55m[48;2;40;64;58m▀[0m[38;2;36;54;53m[48;2;42;66;63m▀[0m[38;2;27;40;38m[48;2;37;53;52m▀[0m[38;2;3;5;3m[48;2;12;14;12m▀[0m[38;2;49;66;65m[48;2;43;58;56m▀[0m[38;2;22;29;30m[48;2;32;45;42m▀[0m[38;2;0;0;0m[48;2;0;0;0m▀[0m
[38;2;10;13;12m[48;2;19;28;27m▀[0m[38;2;16;30;31m[48;2;0;0;0m▀[0m[38;2;31;46;46m[48;2;7;10;10m▀[0m[38;2;30;43;44m[48;2;36;56;55m▀[0m[38;2;29;43;43m[48;2;32;47;45m▀[0m[38;2;26;40;38m[48;2;32;47;45m▀[0m[38;2;27;45;42m[48;2;32;46;46m▀[0m[38;2;28;43;40m[48;2;28;42;42m▀[0m[38;2;24;46;42m[48;2;28;47;43m▀[0m[38;2;31;50;49m[48;2;32;53;52m▀[0m[38;2;29;47;46m[48;2;26;39;41m▀[0m[38;2;13;24;26m[48;2;18;27;27m▀[0m[38;2;17;31;29m[48;2;23;41;41m▀[0m[38;2;26;45;46m[48;2;35;61;58m▀[0m[38;2;30;52;50m[48;2;31;53;51m▀[0m[38;2;27;47;45m[48;2;32;50;50m▀[0m[38;2;28;48;46m[48;2;32;51;49m▀[0m[38;2;30;49;48m[48;2;32;50;49m▀[0m[38;2;29;48;47m[48;2;31;55;52m▀[0m[38;2;26;45;46m[48;2;28;55;51m▀[0m[38;2;19;50;50m[48;2;20;46;43m▀[0m[38;2;0;9;7m[48;2;14;52;49m▀[0m[38;2;38;42;38m[48;2;0;4;0m▀[0m[38;2;218;224;221m[48;2;247;247;247m▀[0m[38;2;0;0;2m[48;2;28;24;27m▀[0m[38;2;0;0;0m[48;2;0;0;0m▀[0m[38;2;0;0;0m[48;2;0;0;0m▀[0m[38;2;53;56;57m[48;2;178;186;186m▀[0m[38;2;0;0;0m[48;2;1;0;0m▀[0m[38;2;10;21;24m[48;2;0;0;0m▀[0m[38;2;126;174;177m[48;2;86;115;124m▀[0m[38;2;138;174;174m[48;2;0;0;0m▀[0m[38;2;247;175;20m[48;2;132;4;0m▀[0m[38;2;235;220;179m[48;2;42;0;0m▀[0m[38;2;183;210;226m[48;2;0;0;0m▀[0m[38;2;228;243;243m[48;2;141;147;147m▀[0m[38;2;247;247;247m[48;2;235;247;247m▀[0m[38;2;247;247;247m[48;2;212;225;226m▀[0m[38;2;244;247;247m[48;2;210;221;225m▀[0m[38;2;244;247;247m[48;2;216;226;228m▀[0m[38;2;144;152;152m[48;2;228;242;243m▀[0m[38;2;3;1;0m[48;2;247;247;247m▀[0m[38;2;0;0;0m[48;2;247;247;247m▀[0m[38;2;8;2;2m[48;2;234;247;247m▀[0m[38;2;197;205;209m[48;2;181;201;203m▀[0m[38;2;135;144;148m[48;2;48;62;60m▀[0m[38;2;0;0;0m[48;2;0;0;0m▀[0m[38;2;18;18;20m[48;2;19;18;19m▀[0m[38;2;28;32;31m[48;2;40;42;44m▀[0m[38;2;0;0;0m[48;2;0;0;0m▀[0m[38;2;0;0;0m[48;2;0;0;0m▀[0m[38;2;21;21;18m[48;2;29;28;28m▀[0m[38;2;247;247;247m[48;2;247;247;247m▀[0m[38;2;154;157;159m[48;2;239;235;234m▀[0m[38;2;0;0;0m[48;2;0;0;0m▀[0m[38;2;18;38;36m[48;2;14;41;37m▀[0m[38;2;22;41;39m[48;2;23;45;43m▀[0m[38;2;29;44;41m[48;2;27;52;49m▀[0m[38;2;31;49;50m[48;2;29;55;52m▀[0m[38;2;15;33;33m[48;2;29;55;53m▀[0m[38;2;18;30;32m[48;2;20;35;35m▀[0m[38;2;15;26;24m[48;2;14;32;30m▀[0m[38;2;19;34;33m[48;2;21;43;42m▀[0m[38;2;31;51;50m[48;2;21;36;35m▀[0m[38;2;28;48;44m[48;2;17;32;29m▀[0m[38;2;26;50;47m[48;2;20;32;32m▀[0m[38;2;32;49;50m[48;2;24;36;33m▀[0m[38;2;32;49;50m[48;2;24;36;33m▀[0m[38;2;31;46;45m[48;2;24;37;35m▀[0m[38;2;33;49;48m[48;2;26;40;40m▀[0m[38;2;33;49;46m[48;2;26;41;40m▀[0m[38;2;30;43;41m[48;2;26;39;40m▀[0m[38;2;15;18;17m[48;2;15;22;20m▀[0m[38;2;34;50;49m[48;2;28;43;42m▀[0m[38;2;37;55;52m[48;2;44;64;64m▀[0m[38;2;0;0;0m[48;2;0;0;0m▀[0m
[38;2;12;14;12m[48;2;4;7;6m▀[0m[38;2;14;22;17m[48;2;17;30;27m▀[0m[38;2;26;41;40m[48;2;31;53;51m▀[0m[38;2;48;79;76m[48;2;38;69;66m▀[0m[38;2;35;66;62m[48;2;33;61;57m▀[0m[38;2;34;66;62m[48;2;34;62;58m▀[0m[38;2;34;64;62m[48;2;34;61;58m▀[0m[38;2;34;64;60m[48;2;34;61;58m▀[0m[38;2;36;65;62m[48;2;34;64;58m▀[0m[38;2;38;72;67m[48;2;33;64;57m▀[0m[38;2;29;47;46m[48;2;50;78;78m▀[0m[38;2;23;35;33m[48;2;29;43;40m▀[0m[38;2;19;36;36m[48;2;37;56;55m▀[0m[38;2;25;44;43m[48;2;46;75;74m▀[0m[38;2;43;73;69m[48;2;44;71;68m▀[0m[38;2;36;70;65m[48;2;44;70;70m▀[0m[38;2;37;69;64m[48;2;43;67;64m▀[0m[38;2;36;68;64m[48;2;42;68;64m▀[0m[38;2;38;70;65m[48;2;42;68;65m▀[0m[38;2;33;70;63m[48;2;37;69;65m▀[0m[38;2;32;69;65m[48;2;37;71;67m▀[0m[38;2;4;50;44m[48;2;0;22;17m▀[0m[38;2;41;81;77m[48;2;170;188;187m▀[0m[38;2;247;247;247m[48;2;220;206;206m▀[0m[38;2;0;0;0m[48;2;0;0;0m▀[0m[38;2;0;0;0m[48;2;0;0;0m▀[0m[38;2;0;0;0m[48;2;0;0;0m▀[0m[38;2;90;93;93m[48;2;0;0;0m▀[0m[38;2;28;30;31m[48;2;13;16;16m▀[0m[38;2;0;0;0m[48;2;0;0;0m▀[0m[38;2;129;142;143m[48;2;19;23;24m▀[0m[38;2;137;160;170m[48;2;166;186;191m▀[0m[38;2;9;41;75m[48;2;174;202;204m▀[0m[38;2;72;94;110m[48;2;168;194;202m▀[0m[38;2;211;226;231m[48;2;201;214;224m▀[0m[38;2;239;247;247m[48;2;221;231;233m▀[0m[38;2;219;229;231m[48;2;231;245;246m▀[0m[38;2;210;224;225m[48;2;88;95;97m▀[0m[38;2;207;220;221m[48;2;173;176;177m▀[0m[38;2;209;224;224m[48;2;221;234;235m▀[0m[38;2;211;226;224m[48;2;209;222;223m▀[0m[38;2;221;235;236m[48;2;211;224;225m▀[0m[38;2;181;203;202m[48;2;227;240;241m▀[0m[38;2;123;142;143m[48;2;211;230;229m▀[0m[38;2;185;208;208m[48;2;183;208;208m▀[0m[38;2;28;32;32m[48;2;0;0;0m▀[0m[38;2;0;0;0m[48;2;0;0;0m▀[0m[38;2;14;11;14m[48;2;5;2;5m▀[0m[38;2;51;53;55m[48;2;58;65;67m▀[0m[38;2;0;0;0m[48;2;0;0;0m▀[0m[38;2;0;0;0m[48;2;0;0;0m▀[0m[38;2;27;26;26m[48;2;28;30;32m▀[0m[38;2;171;171;168m[48;2;82;86;83m▀[0m[38;2;247;247;247m[48;2;247;247;247m▀[0m[38;2;12;53;50m[48;2;169;184;184m▀[0m[38;2;0;54;46m[48;2;0;29;22m▀[0m[38;2;38;70;69m[48;2;33;74;67m▀[0m[38;2;36;76;73m[48;2;44;70;67m▀[0m[38;2;42;84;79m[48;2;42;74;70m▀[0m[38;2;27;58;59m[48;2;43;83;80m▀[0m[38;2;17;39;38m[48;2;32;57;54m▀[0m[38;2;26;52;49m[48;2;27;49;45m▀[0m[38;2;24;49;45m[48;2;44;81;75m▀[0m[38;2;43;77;76m[48;2;36;67;66m▀[0m[38;2;42;74;69m[48;2;34;64;60m▀[0m[38;2;41;73;68m[48;2;34;64;59m▀[0m[38;2;39;71;67m[48;2;35;63;59m▀[0m[38;2;39;67;65m[48;2;36;62;59m▀[0m[38;2;42;68;65m[48;2;36;62;58m▀[0m[38;2;40;67;64m[48;2;35;61;58m▀[0m[38;2;42;72;71m[48;2;36;59;57m▀[0m[38;2;32;51;51m[48;2;42;63;62m▀[0m[38;2;22;36;34m[48;2;36;60;59m▀[0m[38;2;24;38;36m[48;2;20;32;31m▀[0m[38;2;47;73;70m[48;2;45;74;73m▀[0m[38;2;0;0;0m[48;2;0;0;0m▀[0m
[38;2;2;2;0m[48;2;6;8;6m▀[0m[38;2;33;61;58m[48;2;38;65;63m▀[0m[38;2;40;72;70m[48;2;35;71;65m▀[0m[38;2;33;64;62m[48;2;32;63;60m▀[0m[38;2;35;63;60m[48;2;33;64;61m▀[0m[38;2;35;63;60m[48;2;33;64;60m▀[0m[38;2;35;63;59m[48;2;33;64;61m▀[0m[38;2;33;63;60m[48;2;32;64;61m▀[0m[38;2;33;64;61m[48;2;34;65;62m▀[0m[38;2;37;65;64m[48;2;38;70;69m▀[0m[38;2;43;66;66m[48;2;38;55;56m▀[0m[38;2;17;24;22m[48;2;0;12;11m▀[0m[38;2;15;32;30m[48;2;0;76;68m▀[0m[38;2;23;9;11m[48;2;1;126;113m▀[0m[38;2;25;2;3m[48;2;8;125;116m▀[0m[38;2;25;2;2m[48;2;0;119;114m▀[0m[38;2;27;2;6m[48;2;4;128;124m▀[0m[38;2;25;4;2m[48;2;0;130;126m▀[0m[38;2;25;2;0m[48;2;0;129;125m▀[0m[38;2;20;2;2m[48;2;0;128;123m▀[0m[38;2;10;0;0m[48;2;0;117;112m▀[0m[38;2;0;0;0m[48;2;0;159;152m▀[0m[38;2;247;247;247m[48;2;247;247;247m▀[0m[38;2;96;81;81m[48;2;56;40;41m▀[0m[38;2;0;0;0m[48;2;0;0;0m▀[0m[38;2;0;0;0m[48;2;0;0;0m▀[0m[38;2;0;0;0m[48;2;0;0;0m▀[0m[38;2;11;13;14m[48;2;9;11;15m▀[0m[38;2;29;32;36m[48;2;49;57;59m▀[0m[38;2;0;0;0m[48;2;0;0;0m▀[0m[38;2;20;22;23m[48;2;0;0;0m▀[0m[38;2;168;174;177m[48;2;17;16;14m▀[0m[38;2;196;216;219m[48;2;106;113;113m▀[0m[38;2;125;150;151m[48;2;174;204;204m▀[0m[38;2;180;196;197m[48;2;195;214;217m▀[0m[38;2;219;232;234m[48;2;226;238;239m▀[0m[38;2;227;240;241m[48;2;209;220;223m▀[0m[38;2;131;138;138m[48;2;187;199;199m▀[0m[38;2;143;147;148m[48;2;195;214;213m▀[0m[38;2;240;247;247m[48;2;151;164;165m▀[0m[38;2;204;216;220m[48;2;144;152;156m▀[0m[38;2;212;223;225m[48;2;220;230;234m▀[0m[38;2;222;234;235m[48;2;247;247;247m▀[0m[38;2;247;247;247m[48;2;247;247;247m▀[0m[38;2;135;141;141m[48;2;0;0;0m▀[0m[38;2;0;0;0m[48;2;0;0;0m▀[0m[38;2;0;0;0m[48;2;0;1;0m▀[0m[38;2;0;0;0m[48;2;0;0;0m▀[0m[38;2;95;100;100m[48;2;103;107;110m▀[0m[38;2;0;0;0m[48;2;0;0;0m▀[0m[38;2;0;0;0m[48;2;0;0;0m▀[0m[38;2;32;37;40m[48;2;20;24;24m▀[0m[38;2;41;44;41m[48;2;21;23;23m▀[0m[38;2;179;177;175m[48;2;77;79;77m▀[0m[38;2;247;247;247m[48;2;247;247;247m▀[0m[38;2;0;0;0m[48;2;61;127;127m▀[0m[38;2;0;0;0m[48;2;0;84;83m▀[0m[38;2;13;0;0m[48;2;0;104;107m▀[0m[38;2;16;0;0m[48;2;1;109;110m▀[0m[38;2;20;5;7m[48;2;4;105;107m▀[0m[38;2;8;10;10m[48;2;0;79;76m▀[0m[38;2;20;28;26m[48;2;12;28;27m▀[0m[38;2;45;76;71m[48;2;43;69;63m▀[0m[38;2;36;67;64m[48;2;35;69;64m▀[0m[38;2;34;64;61m[48;2;34;66;64m▀[0m[38;2;33;63;60m[48;2;33;64;61m▀[0m[38;2;36;64;60m[48;2;33;64;61m▀[0m[38;2;36;64;60m[48;2;35;64;62m▀[0m[38;2;36;63;60m[48;2;34;64;62m▀[0m[38;2;35;62;60m[48;2;33;63;60m▀[0m[38;2;35;61;58m[48;2;36;64;61m▀[0m[38;2;41;62;60m[48;2;35;64;62m▀[0m[38;2;42;63;62m[48;2;40;66;66m▀[0m[38;2;23;33;30m[48;2;24;34;31m▀[0m[38;2;43;72;71m[48;2;40;65;64m▀[0m[38;2;0;0;0m[48;2;9;15;15m▀[0m
[38;2;12;19;17m[48;2;22;37;34m▀[0m[38;2;36;68;67m[48;2;33;69;64m▀[0m[38;2;32;68;63m[48;2;32;67;61m▀[0m[38;2;32;64;61m[48;2;32;64;63m▀[0m[38;2;32;64;61m[48;2;32;64;63m▀[0m[38;2;32;64;61m[48;2;33;65;62m▀[0m[38;2;34;65;62m[48;2;33;65;62m▀[0m[38;2;32;64;63m[48;2;32;66;63m▀[0m[38;2;34;65;62m[48;2;32;66;63m▀[0m[38;2;36;71;67m[48;2;37;75;68m▀[0m[38;2;36;56;55m[48;2;35;48;46m▀[0m[38;2;0;0;0m[48;2;0;0;0m▀[0m[38;2;0;172;161m[48;2;0;201;192m▀[0m[38;2;0;229;211m[48;2;0;171;151m▀[0m[38;2;0;154;143m[48;2;0;94;82m▀[0m[38;2;0;166;156m[48;2;0;111;99m▀[0m[38;2;0;165;158m[48;2;0;118;106m▀[0m[38;2;0;163;154m[48;2;0;115;105m▀[0m[38;2;0;162;150m[48;2;0;114;101m▀[0m[38;2;0;154;139m[48;2;0;104;92m▀[0m[38;2;0;175;162m[48;2;0;128;111m▀[0m[38;2;51;174;166m[48;2;146;154;156m▀[0m[38;2;246;201;204m[48;2;247;247;247m▀[0m[38;2;79;76;76m[48;2;55;49;48m▀[0m[38;2;0;0;0m[48;2;0;0;0m▀[0m[38;2;0;0;0m[48;2;0;0;0m▀[0m[38;2;0;0;0m[48;2;0;0;0m▀[0m[38;2;18;22;23m[48;2;12;18;21m▀[0m[38;2;94;102;102m[48;2;131;139;139m▀[0m[38;2;0;0;0m[48;2;0;0;0m▀[0m[38;2;0;0;0m[48;2;0;0;0m▀[0m[38;2;0;0;0m[48;2;1;4;4m▀[0m[38;2;0;0;0m[48;2;0;0;0m▀[0m[38;2;186;208;208m[48;2;0;0;0m▀[0m[38;2;232;247;247m[48;2;226;232;230m▀[0m[38;2;234;247;247m[48;2;247;247;247m▀[0m[38;2;214;226;228m[48;2;247;247;247m▀[0m[38;2;172;190;190m[48;2;247;247;247m▀[0m[38;2;149;169;168m[48;2;211;228;229m▀[0m[38;2;152;168;169m[48;2;212;229;230m▀[0m[38;2;218;230;231m[48;2;247;247;247m▀[0m[38;2;247;247;247m[48;2;178;192;195m▀[0m[38;2;247;247;247m[48;2;53;60;59m▀[0m[38;2;19;22;22m[48;2;65;65;65m▀[0m[38;2;0;0;0m[48;2;0;0;0m▀[0m[38;2;31;34;37m[48;2;37;45;45m▀[0m[38;2;0;0;0m[48;2;0;0;0m▀[0m[38;2;0;0;0m[48;2;71;68;68m▀[0m[38;2;110;114;117m[48;2;122;130;130m▀[0m[38;2;0;0;0m[48;2;0;0;0m▀[0m[38;2;0;0;0m[48;2;0;0;0m▀[0m[38;2;0;0;0m[48;2;0;0;0m▀[0m[38;2;0;0;0m[48;2;0;0;0m▀[0m[38;2;25;25;20m[48;2;0;0;0m▀[0m[38;2;247;239;236m[48;2;128;117;114m▀[0m[38;2;213;247;247m[48;2;247;247;247m▀[0m[38;2;0;156;137m[48;2;32;144;130m▀[0m[38;2;0;162;145m[48;2;0;101;86m▀[0m[38;2;0;171;157m[48;2;0;109;95m▀[0m[38;2;0;199;188m[48;2;0;142;127m▀[0m[38;2;0;146;147m[48;2;0;156;161m▀[0m[38;2;14;16;16m[48;2;10;12;10m▀[0m[38;2;44;66;64m[48;2;44;64;60m▀[0m[38;2;36;68;66m[48;2;34;74;70m▀[0m[38;2;32;68;64m[48;2;32;70;64m▀[0m[38;2;34;66;64m[48;2;33;68;64m▀[0m[38;2;32;66;63m[48;2;33;68;64m▀[0m[38;2;32;66;63m[48;2;32;67;64m▀[0m[38;2;34;65;62m[48;2;33;67;64m▀[0m[38;2;33;64;61m[48;2;34;65;63m▀[0m[38;2;33;65;61m[48;2;33;65;62m▀[0m[38;2;32;66;61m[48;2;32;64;61m▀[0m[38;2;39;70;67m[48;2;36;70;65m▀[0m[38;2;25;42;38m[48;2;29;53;50m▀[0m[38;2;32;54;53m[48;2;27;47;46m▀[0m[38;2;13;24;24m[48;2;18;27;29m▀[0m
[38;2;32;60;57m[48;2;33;64;60m▀[0m[38;2;32;63;64m[48;2;33;64;62m▀[0m[38;2;32;64;61m[48;2;32;65;64m▀[0m[38;2;32;65;64m[48;2;32;68;64m▀[0m[38;2;32;66;63m[48;2;32;67;65m▀[0m[38;2;32;66;63m[48;2;32;66;63m▀[0m[38;2;32;66;63m[48;2;32;68;65m▀[0m[38;2;32;67;64m[48;2;32;69;66m▀[0m[38;2;32;70;64m[48;2;31;71;64m▀[0m[38;2;38;79;74m[48;2;38;82;78m▀[0m[38;2;31;37;36m[48;2;28;29;26m▀[0m[38;2;0;0;0m[48;2;0;0;0m▀[0m[38;2;0;219;207m[48;2;1;234;225m▀[0m[38;2;0;171;153m[48;2;0;155;136m▀[0m[38;2;0;111;100m[48;2;0;111;99m▀[0m[38;2;0;126;111m[48;2;0;123;110m▀[0m[38;2;0;125;113m[48;2;0;127;115m▀[0m[38;2;0;128;116m[48;2;0;124;111m▀[0m[38;2;0;111;99m[48;2;0;118;104m▀[0m[38;2;0;142;132m[48;2;0;145;134m▀[0m[38;2;0;97;89m[48;2;88;136;130m▀[0m[38;2;247;247;247m[48;2;247;247;247m▀[0m[38;2;247;247;247m[48;2;58;54;53m▀[0m[38;2;0;0;0m[48;2;0;0;0m▀[0m[38;2;0;0;0m[48;2;0;0;0m▀[0m[38;2;0;0;0m[48;2;0;0;0m▀[0m[38;2;0;0;0m[48;2;0;0;0m▀[0m[38;2;0;0;0m[48;2;0;0;0m▀[0m[38;2;140;143;143m[48;2;160;158;161m▀[0m[38;2;0;0;0m[48;2;143;142;142m▀[0m[38;2;0;0;0m[48;2;0;0;0m▀[0m[38;2;8;14;14m[48;2;0;0;0m▀[0m[38;2;0;0;0m[48;2;0;0;0m▀[0m[38;2;0;0;0m[48;2;0;0;0m▀[0m[38;2;0;0;0m[48;2;0;0;0m▀[0m[38;2;13;17;13m[48;2;0;0;0m▀[0m[38;2;113;122;120m[48;2;0;0;0m▀[0m[38;2;226;237;239m[48;2;0;0;0m▀[0m[38;2;247;247;247m[48;2;0;0;0m▀[0m[38;2;247;247;247m[48;2;0;0;0m▀[0m[38;2;97;102;106m[48;2;0;0;0m▀[0m[38;2;0;0;0m[48;2;190;207;208m▀[0m[38;2;241;247;247m[48;2;247;247;247m▀[0m[38;2;107;114;114m[48;2;96;101;101m▀[0m[38;2;0;0;0m[48;2;0;0;0m▀[0m[38;2;10;25;27m[48;2;0;0;0m▀[0m[38;2;117;124;124m[48;2;143;150;150m▀[0m[38;2;247;247;247m[48;2;247;247;247m▀[0m[38;2;46;54;58m[48;2;0;0;0m▀[0m[38;2;18;18;18m[48;2;26;29;29m▀[0m[38;2;0;0;0m[48;2;0;0;0m▀[0m[38;2;0;0;0m[48;2;0;0;0m▀[0m[38;2;0;0;0m[48;2;0;0;0m▀[0m[38;2;0;0;0m[48;2;0;0;0m▀[0m[38;2;0;0;0m[48;2;0;0;0m▀[0m[38;2;247;236;235m[48;2;100;66;67m▀[0m[38;2;135;200;186m[48;2;202;212;205m▀[0m[38;2;0;137;119m[48;2;2;164;145m▀[0m[38;2;0;111;96m[48;2;0;127;106m▀[0m[38;2;0;144;129m[48;2;0;141;124m▀[0m[38;2;0;157;160m[48;2;3;159;159m▀[0m[38;2;1;17;14m[48;2;0;24;12m▀[0m[38;2;42;62;58m[48;2;37;56;53m▀[0m[38;2;32;78;73m[48;2;33;82;75m▀[0m[38;2;33;75;67m[48;2;32;72;68m▀[0m[38;2;32;71;65m[48;2;32;71;67m▀[0m[38;2;34;71;67m[48;2;33;71;67m▀[0m[38;2;32;70;64m[48;2;32;70;66m▀[0m[38;2;32;69;64m[48;2;32;70;66m▀[0m[38;2;32;67;64m[48;2;32;69;65m▀[0m[38;2;32;66;63m[48;2;33;70;64m▀[0m[38;2;32;66;63m[48;2;33;67;65m▀[0m[38;2;32;70;64m[48;2;32;70;63m▀[0m[38;2;32;60;57m[48;2;35;76;73m▀[0m[38;2;28;46;42m[48;2;29;52;51m▀[0m[38;2;23;37;39m[48;2;27;40;40m▀[0m
[38;2;34;64;62m[48;2;33;65;64m▀[0m[38;2;32;66;63m[48;2;33;70;66m▀[0m[38;2;31;68;65m[48;2;32;69;65m▀[0m[38;2;32;69;65m[48;2;32;69;65m▀[0m[38;2;32;66;63m[48;2;32;67;64m▀[0m[38;2;32;68;64m[48;2;32;69;65m▀[0m[38;2;31;67;64m[48;2;32;69;65m▀[0m[38;2;31;70;66m[48;2;30;71;66m▀[0m[38;2;30;72;64m[48;2;30;70;68m▀[0m[38;2;39;85;79m[48;2;38;89;82m▀[0m[38;2;27;16;16m[48;2;20;1;1m▀[0m[38;2;0;0;0m[48;2;0;15;14m▀[0m[38;2;4;243;232m[48;2;0;247;247m▀[0m[38;2;0;140;124m[48;2;0;131;120m▀[0m[38;2;0;118;106m[48;2;0;125;110m▀[0m[38;2;0;129;113m[48;2;0;130;115m▀[0m[38;2;0;129;118m[48;2;0;129;117m▀[0m[38;2;0;117;101m[48;2;0;125;109m▀[0m[38;2;0;154;138m[48;2;0;171;158m▀[0m[38;2;0;132;121m[48;2;57;140;136m▀[0m[38;2;247;247;247m[48;2;247;244;246m▀[0m[38;2;103;81;79m[48;2;0;0;0m▀[0m[38;2;0;0;0m[48;2;0;0;0m▀[0m[38;2;15;14;14m[48;2;247;247;247m▀[0m[38;2;247;247;247m[48;2;247;247;247m▀[0m[38;2;247;247;247m[48;2;247;247;247m▀[0m[38;2;247;247;247m[48;2;247;247;247m▀[0m[38;2;228;234;231m[48;2;181;198;198m▀[0m[38;2;226;227;227m[48;2;156;163;163m▀[0m[38;2;247;247;247m[48;2;247;247;247m▀[0m[38;2;0;0;0m[48;2;0;0;0m▀[0m[38;2;36;43;48m[48;2;97;114;116m▀[0m[38;2;101;103;103m[48;2;244;247;247m▀[0m[38;2;93;99;99m[48;2;211;227;229m▀[0m[38;2;126;136;136m[48;2;225;241;242m▀[0m[38;2;174;188;189m[48;2;220;240;242m▀[0m[38;2;247;247;247m[48;2;222;240;245m▀[0m[38;2;87;95;94m[48;2;247;247;247m▀[0m[38;2;0;0;0m[48;2;247;247;247m▀[0m[38;2;50;54;55m[48;2;247;247;247m▀[0m[38;2;233;247;247m[48;2;235;247;247m▀[0m[38;2;247;247;247m[48;2;190;209;213m▀[0m[38;2;238;247;247m[48;2;201;216;217m▀[0m[38;2;220;233;234m[48;2;226;240;242m▀[0m[38;2;161;174;172m[48;2;247;247;247m▀[0m[38;2;15;29;29m[48;2;99;114;115m▀[0m[38;2;5;11;10m[48;2;0;0;0m▀[0m[38;2;42;43;40m[48;2;0;0;0m▀[0m[38;2;67;68;65m[48;2;49;47;50m▀[0m[38;2;14;11;11m[48;2;120;134;134m▀[0m[38;2;183;182;182m[48;2;27;19;19m▀[0m[38;2;211;210;210m[48;2;0;0;0m▀[0m[38;2;5;1;1m[48;2;178;174;174m▀[0m[38;2;187;187;187m[48;2;247;247;247m▀[0m[38;2;153;147;147m[48;2;247;247;247m▀[0m[38;2;53;40;42m[48;2;247;247;247m▀[0m[38;2;166;123;126m[48;2;243;193;195m▀[0m[38;2;45;167;149m[48;2;95;122;113m▀[0m[38;2;0;152;137m[48;2;0;155;146m▀[0m[38;2;0;134;122m[48;2;0;147;129m▀[0m[38;2;6;161;161m[48;2;0;171;169m▀[0m[38;2;0;27;19m[48;2;0;33;28m▀[0m[38;2;32;55;47m[48;2;32;51;46m▀[0m[38;2;33;84;78m[48;2;35;88;82m▀[0m[38;2;30;74;69m[48;2;29;77;71m▀[0m[38;2;32;73;69m[48;2;30;74;69m▀[0m[38;2;31;72;68m[48;2;30;74;69m▀[0m[38;2;32;71;67m[48;2;31;72;67m▀[0m[38;2;32;70;66m[48;2;32;72;67m▀[0m[38;2;32;70;66m[48;2;32;70;66m▀[0m[38;2;32;70;64m[48;2;34;69;65m▀[0m[38;2;32;69;65m[48;2;33;70;66m▀[0m[38;2;32;67;65m[48;2;32;69;64m▀[0m[38;2;37;71;71m[48;2;35;75;72m▀[0m[38;2;30;55;53m[48;2;31;60;57m▀[0m[38;2;23;36;36m[48;2;24;34;36m▀[0m
[38;2;32;67;64m[48;2;32;67;65m▀[0m[38;2;32;69;66m[48;2;32;68;64m▀[0m[38;2;32;71;67m[48;2;32;69;65m▀[0m[38;2;32;69;65m[48;2;30;69;65m▀[0m[38;2;31;70;64m[48;2;31;71;66m▀[0m[38;2;31;71;66m[48;2;31;71;66m▀[0m[38;2;31;71;67m[48;2;31;72;68m▀[0m[38;2;31;72;67m[48;2;30;73;69m▀[0m[38;2;28;71;66m[48;2;32;76;73m▀[0m[38;2;39;90;86m[48;2;40;87;86m▀[0m[38;2;11;0;0m[48;2;5;0;0m▀[0m[38;2;0;47;43m[48;2;0;77;68m▀[0m[38;2;0;247;247m[48;2;0;247;247m▀[0m[38;2;0;124;108m[48;2;0;123;104m▀[0m[38;2;0;128;115m[48;2;0;131;118m▀[0m[38;2;0;131;118m[48;2;0;132;122m▀[0m[38;2;0;124;107m[48;2;0;129;117m▀[0m[38;2;0;161;141m[48;2;0;186;174m▀[0m[38;2;0;139;132m[48;2;48;82;85m▀[0m[38;2;221;189;193m[48;2;247;238;244m▀[0m[38;2;189;162;162m[48;2;15;7;8m▀[0m[38;2;0;0;0m[48;2;0;0;0m▀[0m[38;2;119;115;118m[48;2;236;228;229m▀[0m[38;2;247;247;247m[48;2;247;247;247m▀[0m[38;2;196;226;229m[48;2;154;199;202m▀[0m[38;2;175;211;213m[48;2;177;208;209m▀[0m[38;2;196;241;242m[48;2;209;245;247m▀[0m[38;2;129;152;154m[48;2;175;205;208m▀[0m[38;2;19;19;19m[48;2;0;0;0m▀[0m[38;2;126;123;123m[48;2;0;0;0m▀[0m[38;2;0;0;0m[48;2;0;0;0m▀[0m[38;2;91;111;110m[48;2;94;116;115m▀[0m[38;2;247;247;247m[48;2;229;247;247m▀[0m[38;2;186;216;217m[48;2;195;228;232m▀[0m[38;2;161;187;188m[48;2;190;224;228m▀[0m[38;2;153;173;175m[48;2;189;224;226m▀[0m[38;2;153;168;168m[48;2;198;231;231m▀[0m[38;2;67;76;75m[48;2;161;189;187m▀[0m[38;2;153;169;170m[48;2;116;133;132m▀[0m[38;2;221;241;243m[48;2;211;234;236m▀[0m[38;2;176;195;194m[48;2;159;177;176m▀[0m[38;2;50;56;56m[48;2;161;176;180m▀[0m[38;2;157;170;171m[48;2;203;233;234m▀[0m[38;2;165;185;186m[48;2;200;230;231m▀[0m[38;2;179;202;204m[48;2;223;247;247m▀[0m[38;2;101;122;125m[48;2;160;194;195m▀[0m[38;2;0;0;0m[48;2;0;8;10m▀[0m[38;2;0;0;0m[48;2;0;0;0m▀[0m[38;2;0;0;0m[48;2;0;0;0m▀[0m[38;2;247;247;247m[48;2;123;143;143m▀[0m[38;2;55;67;67m[48;2;247;247;247m▀[0m[38;2;52;69;72m[48;2;183;217;221m▀[0m[38;2;200;230;231m[48;2;154;183;185m▀[0m[38;2;234;247;247m[48;2;177;222;222m▀[0m[38;2;218;238;241m[48;2;161;205;205m▀[0m[38;2;247;247;247m[48;2;180;216;222m▀[0m[38;2;247;247;247m[48;2;247;247;247m▀[0m[38;2;121;72;70m[48;2;57;0;4m▀[0m[38;2;2;147;133m[48;2;70;119;111m▀[0m[38;2;0;175;164m[48;2;0;198;182m▀[0m[38;2;0;180;171m[48;2;1;194;194m▀[0m[38;2;0;44;39m[48;2;0;55;50m▀[0m[38;2;32;44;41m[48;2;26;44;41m▀[0m[38;2;34;88;83m[48;2;31;93;87m▀[0m[38;2;28;78;72m[48;2;28;81;77m▀[0m[38;2;31;76;72m[48;2;29;80;74m▀[0m[38;2;30;74;70m[48;2;29;77;71m▀[0m[38;2;30;73;68m[48;2;30;75;71m▀[0m[38;2;31;70;66m[48;2;30;73;68m▀[0m[38;2;32;69;65m[48;2;32;71;65m▀[0m[38;2;33;70;64m[48;2;31;70;64m▀[0m[38;2;33;71;65m[48;2;32;71;67m▀[0m[38;2;32;70;66m[48;2;32;71;65m▀[0m[38;2;32;76;72m[48;2;30;73;66m▀[0m[38;2;31;62;59m[48;2;29;69;63m▀[0m[38;2;27;41;41m[48;2;23;37;38m▀[0m
[38;2;32;70;66m[48;2;32;71;65m▀[0m[38;2;32;69;65m[48;2;32;70;66m▀[0m[38;2;30;69;65m[48;2;31;71;67m▀[0m[38;2;31;70;66m[48;2;31;71;67m▀[0m[38;2;31;71;67m[48;2;31;72;68m▀[0m[38;2;32;73;68m[48;2;31;74;70m▀[0m[38;2;30;73;69m[48;2;30;75;70m▀[0m[38;2;29;74;70m[48;2;29;75;71m▀[0m[38;2;32;79;74m[48;2;30;82;75m▀[0m[38;2;42;86;87m[48;2;36;87;83m▀[0m[38;2;0;0;0m[48;2;0;0;0m▀[0m[38;2;0;96;86m[48;2;1;111;109m▀[0m[38;2;0;247;247m[48;2;0;247;245m▀[0m[38;2;0;120;102m[48;2;0;120;101m▀[0m[38;2;0;132;122m[48;2;0;136;122m▀[0m[38;2;0;130;117m[48;2;0;140;119m▀[0m[38;2;0;159;136m[48;2;45;180;168m▀[0m[38;2;44;151;142m[48;2;43;124;107m▀[0m[38;2;135;144;140m[48;2;202;234;228m▀[0m[38;2;218;192;194m[48;2;48;17;20m▀[0m[38;2;0;0;0m[48;2;0;0;0m▀[0m[38;2;0;0;0m[48;2;0;0;0m▀[0m[38;2;247;247;247m[48;2;247;247;247m▀[0m[38;2;229;247;247m[48;2;198;238;238m▀[0m[38;2;165;203;203m[48;2;172;202;205m▀[0m[38;2;179;211;210m[48;2;179;209;210m▀[0m[38;2;204;242;243m[48;2;206;247;247m▀[0m[38;2;212;247;247m[48;2;201;232;233m▀[0m[38;2;0;0;0m[48;2;0;0;0m▀[0m[38;2;0;0;0m[48;2;0;0;0m▀[0m[38;2;0;0;0m[48;2;0;0;0m▀[0m[38;2;125;147;150m[48;2;149;182;187m▀[0m[38;2;205;243;243m[48;2;217;241;247m▀[0m[38;2;174;208;207m[48;2;185;214;215m▀[0m[38;2;176;205;205m[48;2;151;189;192m▀[0m[38;2;175;204;204m[48;2;170;198;203m▀[0m[38;2;175;206;203m[48;2;176;206;206m▀[0m[38;2;187;219;218m[48;2;174;205;205m▀[0m[38;2;194;225;226m[48;2;176;204;205m▀[0m[38;2;182;210;208m[48;2;179;205;206m▀[0m[38;2;193;221;223m[48;2;176;205;206m▀[0m[38;2;191;221;221m[48;2;177;202;203m▀[0m[38;2;181;206;207m[48;2;166;196;200m▀[0m[38;2;182;212;215m[48;2;172;207;210m▀[0m[38;2;188;218;217m[48;2;222;239;236m▀[0m[38;2;184;219;221m[48;2;157;197;198m▀[0m[38;2;20;37;38m[48;2;118;148;157m▀[0m[38;2;0;0;0m[48;2;0;0;0m▀[0m[38;2;0;0;0m[48;2;0;0;0m▀[0m[38;2;139;172;175m[48;2;163;179;179m▀[0m[38;2;151;185;187m[48;2;247;247;247m▀[0m[38;2;120;143;147m[48;2;203;228;229m▀[0m[38;2;185;218;219m[48;2;174;212;215m▀[0m[38;2;177;210;213m[48;2;176;206;207m▀[0m[38;2;179;208;209m[48;2;175;209;207m▀[0m[38;2;169;209;210m[48;2;166;207;209m▀[0m[38;2;247;247;247m[48;2;247;247;247m▀[0m[38;2;0;0;0m[48;2;28;11;10m▀[0m[38;2;92;40;40m[48;2;0;0;0m▀[0m[38;2;0;204;183m[48;2;124;205;198m▀[0m[38;2;22;218;220m[48;2;0;227;216m▀[0m[38;2;0;54;49m[48;2;0;71;65m▀[0m[38;2;19;44;41m[48;2;8;42;38m▀[0m[38;2;35;92;88m[48;2;34;97;92m▀[0m[38;2;28;84;79m[48;2;31;84;80m▀[0m[38;2;26;86;78m[48;2;28;84;80m▀[0m[38;2;28;80;76m[48;2;28;83;79m▀[0m[38;2;30;78;72m[48;2;28;81;76m▀[0m[38;2;30;74;70m[48;2;30;76;71m▀[0m[38;2;31;72;67m[48;2;30;73;69m▀[0m[38;2;31;72;67m[48;2;31;72;67m▀[0m[38;2;32;72;68m[48;2;33;71;67m▀[0m[38;2;32;71;65m[48;2;32;71;67m▀[0m[38;2;31;72;68m[48;2;31;70;66m▀[0m[38;2;29;77;67m[48;2;32;83;76m▀[0m[38;2;20;38;37m[48;2;21;45;41m▀[0m
[38;2;31;70;66m[48;2;32;70;67m▀[0m[38;2;32;70;66m[48;2;31;70;67m▀[0m[38;2;31;71;67m[48;2;31;72;68m▀[0m[38;2;32;72;69m[48;2;30;73;69m▀[0m[38;2;29;73;69m[48;2;30;73;69m▀[0m[38;2;30;74;70m[48;2;30;75;73m▀[0m[38;2;30;76;72m[48;2;30;76;74m▀[0m[38;2;29;75;71m[48;2;27;79;75m▀[0m[38;2;29;89;83m[48;2;28;91;85m▀[0m[38;2;36;92;88m[48;2;37;81;80m▀[0m[38;2;0;0;0m[48;2;0;0;0m▀[0m[38;2;0;137;130m[48;2;0;159;152m▀[0m[38;2;0;247;239m[48;2;0;247;237m▀[0m[38;2;0;123;104m[48;2;0;136;112m▀[0m[38;2;0;145;129m[48;2;0;177;145m▀[0m[38;2;0;163;143m[48;2;41;118;103m▀[0m[38;2;78;192;181m[48;2;0;161;140m▀[0m[38;2;50;202;185m[48;2;222;240;237m▀[0m[38;2;213;157;164m[48;2;22;0;0m▀[0m[38;2;0;0;0m[48;2;0;0;0m▀[0m[38;2;0;0;0m[48;2;0;0;0m▀[0m[38;2;0;0;0m[48;2;10;3;3m▀[0m[38;2;247;247;247m[48;2;247;247;247m▀[0m[38;2;185;225;226m[48;2;167;217;219m▀[0m[38;2;171;207;209m[48;2;167;207;208m▀[0m[38;2;183;219;221m[48;2;183;223;224m▀[0m[38;2;185;223;229m[48;2;173;214;218m▀[0m[38;2;212;210;208m[48;2;181;194;194m▀[0m[38;2;10;9;4m[48;2;0;0;0m▀[0m[38;2;0;0;0m[48;2;0;0;0m▀[0m[38;2;22;36;36m[48;2;64;93;93m▀[0m[38;2;169;204;210m[48;2;236;247;247m▀[0m[38;2;247;247;247m[48;2;247;247;247m▀[0m[38;2;247;247;247m[48;2;247;247;247m▀[0m[38;2;194;220;221m[48;2;247;247;247m▀[0m[38;2;150;190;191m[48;2;247;247;247m▀[0m[38;2;154;194;194m[48;2;192;220;218m▀[0m[38;2;164;199;199m[48;2;151;194;194m▀[0m[38;2;173;203;202m[48;2;147;192;191m▀[0m[38;2;172;202;205m[48;2;148;189;189m▀[0m[38;2;164;199;199m[48;2;158;198;198m▀[0m[38;2;151;192;190m[48;2;226;243;245m▀[0m[38;2;181;212;213m[48;2;247;247;247m▀[0m[38;2;247;247;247m[48;2;247;247;247m▀[0m[38;2;247;247;247m[48;2;247;247;247m▀[0m[38;2;172;203;202m[48;2;247;247;247m▀[0m[38;2;123;171;179m[48;2;193;211;214m▀[0m[38;2;0;0;0m[48;2;19;32;34m▀[0m[38;2;0;0;0m[48;2;0;0;0m▀[0m[38;2;90;86;83m[48;2;0;0;0m▀[0m[38;2;247;247;247m[48;2;247;247;247m▀[0m[38;2;247;247;247m[48;2;247;247;247m▀[0m[38;2;158;195;196m[48;2;123;159;161m▀[0m[38;2;175;210;208m[48;2;173;213;215m▀[0m[38;2;175;206;207m[48;2;170;205;207m▀[0m[38;2;165;206;208m[48;2;161;204;209m▀[0m[38;2;247;247;247m[48;2;247;247;247m▀[0m[38;2;74;56;57m[48;2;97;82;81m▀[0m[38;2;0;0;0m[48;2;0;0;0m▀[0m[38;2;217;184;183m[48;2;70;22;24m▀[0m[38;2;42;247;247m[48;2;183;247;247m▀[0m[38;2;0;90;82m[48;2;0;150;136m▀[0m[38;2;4;36;34m[48;2;0;28;25m▀[0m[38;2;26;97;93m[48;2;24;97;95m▀[0m[38;2;24;85;81m[48;2;23;87;83m▀[0m[38;2;27;83;80m[48;2;25;83;79m▀[0m[38;2;27;84;79m[48;2;27;84;80m▀[0m[38;2;27;82;78m[48;2;26;84;79m▀[0m[38;2;27;79;73m[48;2;25;81;76m▀[0m[38;2;29;77;70m[48;2;30;78;72m▀[0m[38;2;30;74;69m[48;2;30;75;70m▀[0m[38;2;32;72;68m[48;2;30;73;68m▀[0m[38;2;31;72;67m[48;2;31;71;67m▀[0m[38;2;31;71;66m[48;2;31;71;66m▀[0m[38;2;32;78;74m[48;2;31;76;70m▀[0m[38;2;22;45;44m[48;2;26;57;52m▀[0m
[38;2;31;71;67m[48;2;31;72;67m▀[0m[38;2;31;71;67m[48;2;32;73;69m▀[0m[38;2;30;71;68m[48;2;30;73;69m▀[0m[38;2;29;74;69m[48;2;29;75;71m▀[0m[38;2;29;75;71m[48;2;28;78;74m▀[0m[38;2;28;79;73m[48;2;28;80;74m▀[0m[38;2;27;80;76m[48;2;25;82;77m▀[0m[38;2;26;81;80m[48;2;23;86;82m▀[0m[38;2;26;95;88m[48;2;26;104;97m▀[0m[38;2;32;69;66m[48;2;28;60;56m▀[0m[38;2;0;0;0m[48;2;0;0;0m▀[0m[38;2;0;181;177m[48;2;2;203;201m▀[0m[38;2;0;240;223m[48;2;0;242;226m▀[0m[38;2;0;162;138m[48;2;0;152;137m▀[0m[38;2;23;131;113m[48;2;31;82;80m▀[0m[38;2;0;118;104m[48;2;0;240;222m▀[0m[38;2;112;247;239m[48;2;236;208;207m▀[0m[38;2;154;84;90m[48;2;0;0;0m▀[0m[38;2;0;0;0m[48;2;0;0;0m▀[0m[38;2;0;0;0m[48;2;0;0;0m▀[0m[38;2;0;0;0m[48;2;0;0;0m▀[0m[38;2;38;25;25m[48;2;44;31;31m▀[0m[38;2;247;247;247m[48;2;247;247;247m▀[0m[38;2;160;212;216m[48;2;156;212;213m▀[0m[38;2;164;210;211m[48;2;166;211;214m▀[0m[38;2;175;222;224m[48;2;170;216;217m▀[0m[38;2;183;235;236m[48;2;219;247;247m▀[0m[38;2;71;101;102m[48;2;53;73;73m▀[0m[38;2;0;0;0m[48;2;0;0;0m▀[0m[38;2;0;0;0m[48;2;0;0;0m▀[0m[38;2;113;135;135m[48;2;247;247;247m▀[0m[38;2;247;247;247m[48;2;247;247;247m▀[0m[38;2;247;247;247m[48;2;247;247;247m▀[0m[38;2;247;247;247m[48;2;247;247;247m▀[0m[38;2;247;247;247m[48;2;247;246;246m▀[0m[38;2;214;208;210m[48;2;147;151;150m▀[0m[38;2;247;247;247m[48;2;176;176;173m▀[0m[38;2;247;247;247m[48;2;247;247;247m▀[0m[38;2;220;233;233m[48;2;247;247;247m▀[0m[38;2;220;233;233m[48;2;247;247;247m▀[0m[38;2;247;247;247m[48;2;247;247;247m▀[0m[38;2;229;219;217m[48;2;201;200;201m▀[0m[38;2;183;182;179m[48;2;247;247;247m▀[0m[38;2;203;202;203m[48;2;192;194;192m▀[0m[38;2;247;247;247m[48;2;196;196;194m▀[0m[38;2;247;247;247m[48;2;247;247;247m▀[0m[38;2;247;247;247m[48;2;247;247;247m▀[0m[38;2;233;236;235m[48;2;247;247;247m▀[0m[38;2;0;0;0m[48;2;247;247;247m▀[0m[38;2;0;0;0m[48;2;0;0;0m▀[0m[38;2;133;133;130m[48;2;0;0;0m▀[0m[38;2;247;247;247m[48;2;169;201;196m▀[0m[38;2;102;145;147m[48;2;135;179;180m▀[0m[38;2;174;224;226m[48;2;179;226;227m▀[0m[38;2;164;207;208m[48;2;166;206;207m▀[0m[38;2;158;201;207m[48;2;156;203;207m▀[0m[38;2;247;247;247m[48;2;247;247;247m▀[0m[38;2;115;102;102m[48;2;129;116;116m▀[0m[38;2;0;0;0m[48;2;0;0;0m▀[0m[38;2;0;0;0m[48;2;0;0;0m▀[0m[38;2;151;147;144m[48;2;64;29;30m▀[0m[38;2;45;217;207m[48;2;48;200;200m▀[0m[38;2;9;55;49m[48;2;24;112;107m▀[0m[38;2;22;94;89m[48;2;15;95;88m▀[0m[38;2;23;90;86m[48;2;22;92;87m▀[0m[38;2;24;88;84m[48;2;20;89;85m▀[0m[38;2;24;85;81m[48;2;21;87;83m▀[0m[38;2;24;85;81m[48;2;24;85;81m▀[0m[38;2;25;82;77m[48;2;24;84;79m▀[0m[38;2;28;79;73m[48;2;27;80;75m▀[0m[38;2;30;75;70m[48;2;30;76;71m▀[0m[38;2;30;73;68m[48;2;31;72;68m▀[0m[38;2;32;72;68m[48;2;31;65;62m▀[0m[38;2;31;72;68m[48;2;31;74;69m▀[0m[38;2;32;73;69m[48;2;30;73;68m▀[0m[38;2;31;71;66m[48;2;31;72;68m▀[0m
[38;2;32;73;69m[48;2;31;74;69m▀[0m[38;2;32;73;70m[48;2;29;74;69m▀[0m[38;2;30;74;71m[48;2;29;74;69m▀[0m[38;2;30;78;72m[48;2;29;79;73m▀[0m[38;2;27;80;75m[48;2;27;80;76m▀[0m[38;2;28;81;76m[48;2;26;82;78m▀[0m[38;2;25;83;78m[48;2;23;87;81m▀[0m[38;2;21;90;85m[48;2;21;91;86m▀[0m[38;2;24;105;104m[48;2;24;111;104m▀[0m[38;2;23;51;49m[48;2;18;40;36m▀[0m[38;2;0;0;0m[48;2;0;0;0m▀[0m[38;2;0;231;229m[48;2;0;247;247m▀[0m[38;2;0;240;216m[48;2;0;156;137m▀[0m[38;2;13;59;49m[48;2;0;119;99m▀[0m[38;2;0;178;164m[48;2;40;230;219m▀[0m[38;2;162;232;227m[48;2;137;54;60m▀[0m[38;2;64;0;0m[48;2;0;0;0m▀[0m[38;2;0;0;0m[48;2;0;61;54m▀[0m[38;2;0;28;24m[48;2;0;0;0m▀[0m[38;2;0;0;0m[48;2;0;0;0m▀[0m[38;2;0;0;0m[48;2;0;0;0m▀[0m[38;2;43;30;32m[48;2;36;23;22m▀[0m[38;2;247;247;247m[48;2;247;247;247m▀[0m[38;2;155;210;214m[48;2;155;212;216m▀[0m[38;2;169;210;212m[48;2;164;209;213m▀[0m[38;2;171;216;217m[48;2;177;221;222m▀[0m[38;2;225;247;247m[48;2;204;247;247m▀[0m[38;2;34;53;53m[48;2;0;0;0m▀[0m[38;2;0;0;0m[48;2;0;0;0m▀[0m[38;2;162;161;158m[48;2;247;247;247m▀[0m[38;2;247;247;247m[48;2;247;247;247m▀[0m[38;2;247;247;247m[48;2;247;247;247m▀[0m[38;2;247;247;247m[48;2;247;247;247m▀[0m[38;2;247;247;247m[48;2;247;247;247m▀[0m[38;2;247;247;247m[48;2;247;247;247m▀[0m[38;2;239;236;236m[48;2;247;247;247m▀[0m[38;2;176;178;178m[48;2;218;221;221m▀[0m[38;2;165;165;163m[48;2;207;208;205m▀[0m[38;2;247;247;247m[48;2;222;226;223m▀[0m[38;2;247;247;247m[48;2;230;229;229m▀[0m[38;2;226;228;228m[48;2;182;185;182m▀[0m[38;2;148;152;149m[48;2;122;126;126m▀[0m[38;2;140;142;142m[48;2;146;148;150m▀[0m[38;2;206;210;207m[48;2;185;189;189m▀[0m[38;2;247;247;247m[48;2;247;247;247m▀[0m[38;2;247;247;247m[48;2;247;247;247m▀[0m[38;2;247;247;247m[48;2;247;247;247m▀[0m[38;2;247;247;247m[48;2;247;247;247m▀[0m[38;2;247;247;247m[48;2;247;247;247m▀[0m[38;2;247;247;247m[48;2;247;247;247m▀[0m[38;2;0;0;0m[48;2;2;0;0m▀[0m[38;2;41;64;65m[48;2;32;55;59m▀[0m[38;2;203;247;247m[48;2;225;247;247m▀[0m[38;2;172;212;214m[48;2;167;208;210m▀[0m[38;2;170;206;208m[48;2;171;206;210m▀[0m[38;2;157;205;207m[48;2;160;205;206m▀[0m[38;2;247;247;247m[48;2;247;247;247m▀[0m[38;2;135;122;122m[48;2;113;104;104m▀[0m[38;2;0;0;0m[48;2;0;0;0m▀[0m[38;2;0;0;0m[48;2;0;0;0m▀[0m[38;2;0;0;0m[48;2;0;0;0m▀[0m[38;2;109;129;129m[48;2;78;56;54m▀[0m[38;2;15;70;67m[48;2;57;51;51m▀[0m[38;2;37;129;120m[48;2;45;117;111m▀[0m[38;2;7;93;87m[48;2;6;106;97m▀[0m[38;2;16;92;85m[48;2;17;93;86m▀[0m[38;2;21;88;83m[48;2;21;89;84m▀[0m[38;2;24;87;81m[48;2;21;88;83m▀[0m[38;2;24;86;80m[48;2;23;87;81m▀[0m[38;2;26;81;76m[48;2;26;82;77m▀[0m[38;2;29;79;73m[48;2;28;80;73m▀[0m[38;2;30;75;70m[48;2;30;76;72m▀[0m[38;2;30;73;69m[48;2;29;75;70m▀[0m[38;2;31;75;70m[48;2;31;75;70m▀[0m[38;2;30;73;68m[48;2;30;73;69m▀[0m[38;2;31;72;67m[48;2;30;74;68m▀[0m
[38;2;30;73;69m[48;2;30;75;70m▀[0m[38;2;29;74;70m[48;2;29;75;71m▀[0m[38;2;30;76;71m[48;2;29;77;73m▀[0m[38;2;27;78;72m[48;2;28;80;76m▀[0m[38;2;26;82;77m[48;2;26;83;78m▀[0m[38;2;26;83;79m[48;2;23;87;81m▀[0m[38;2;24;88;82m[48;2;22;89;85m▀[0m[38;2;18;92;90m[48;2;19;93;89m▀[0m[38;2;21;114;110m[48;2;23;118;116m▀[0m[38;2;18;29;25m[48;2;12;20;20m▀[0m[38;2;0;0;0m[48;2;0;13;12m▀[0m[38;2;0;241;234m[48;2;2;137;132m▀[0m[38;2;0;140;121m[48;2;0;235;199m▀[0m[38;2;0;227;197m[48;2;102;127;119m▀[0m[38;2;158;116;119m[48;2;15;84;81m▀[0m[38;2;0;0;0m[48;2;0;0;0m▀[0m[38;2;0;6;4m[48;2;0;72;68m▀[0m[38;2;0;51;47m[48;2;0;0;0m▀[0m[38;2;0;0;0m[48;2;0;0;0m▀[0m[38;2;0;0;0m[48;2;0;0;0m▀[0m[38;2;0;0;0m[48;2;0;0;0m▀[0m[38;2;19;6;5m[48;2;0;0;0m▀[0m[38;2;247;247;247m[48;2;247;247;247m▀[0m[38;2;155;216;220m[48;2;161;223;226m▀[0m[38;2;160;209;213m[48;2;160;208;212m▀[0m[38;2;173;225;226m[48;2;171;222;226m▀[0m[38;2;178;237;237m[48;2;166;222;222m▀[0m[38;2;0;0;0m[48;2;0;8;4m▀[0m[38;2;60;45;43m[48;2;137;121;117m▀[0m[38;2;247;247;247m[48;2;247;247;247m▀[0m[38;2;247;247;247m[48;2;140;186;189m▀[0m[38;2;193;222;218m[48;2;52;104;100m▀[0m[38;2;211;233;229m[48;2;114;175;185m▀[0m[38;2;247;247;247m[48;2;227;242;240m▀[0m[38;2;247;247;247m[48;2;247;247;247m▀[0m[38;2;247;247;247m[48;2;247;247;247m▀[0m[38;2;241;243;243m[48;2;235;234;235m▀[0m[38;2;228;230;230m[48;2;177;181;178m▀[0m[38;2;172;177;173m[48;2;129;129;123m▀[0m[38;2;210;211;207m[48;2;217;215;218m▀[0m[38;2;204;206;206m[48;2;219;222;222m▀[0m[38;2;247;247;247m[48;2;247;247;247m▀[0m[38;2;197;200;200m[48;2;154;161;161m▀[0m[38;2;217;220;220m[48;2;247;247;247m▀[0m[38;2;247;247;247m[48;2;247;247;247m▀[0m[38;2;247;247;247m[48;2;247;247;247m▀[0m[38;2;232;247;247m[48;2;113;179;177m▀[0m[38;2;181;212;212m[48;2;24;97;95m▀[0m[38;2;220;239;239m[48;2;91;147;150m▀[0m[38;2;247;247;247m[48;2;247;247;247m▀[0m[38;2;153;134;135m[48;2;237;219;216m▀[0m[38;2;0;0;0m[48;2;0;0;0m▀[0m[38;2;213;247;247m[48;2;180;237;242m▀[0m[38;2;165;212;212m[48;2;170;222;222m▀[0m[38;2;166;210;213m[48;2;163;210;213m▀[0m[38;2;160;210;213m[48;2;168;219;222m▀[0m[38;2;247;247;247m[48;2;247;247;247m▀[0m[38;2;75;64;64m[48;2;27;14;13m▀[0m[38;2;0;0;0m[48;2;0;0;0m▀[0m[38;2;0;0;0m[48;2;0;0;0m▀[0m[38;2;0;0;0m[48;2;0;0;0m▀[0m[38;2;0;0;0m[48;2;0;0;0m▀[0m[38;2;92;86;83m[48;2;23;0;0m▀[0m[38;2;64;110;105m[48;2;85;116;111m▀[0m[38;2;30;129;123m[48;2;49;143;139m▀[0m[38;2;10;92;87m[48;2;1;95;88m▀[0m[38;2;21;91;86m[48;2;20;93;88m▀[0m[38;2;20;89;84m[48;2;21;90;85m▀[0m[38;2;21;87;83m[48;2;21;87;83m▀[0m[38;2;25;82;78m[48;2;22;85;81m▀[0m[38;2;26;81;76m[48;2;25;82;78m▀[0m[38;2;28;78;72m[48;2;28;79;73m▀[0m[38;2;29;74;70m[48;2;30;76;71m▀[0m[38;2;30;74;70m[48;2;30;75;70m▀[0m[38;2;31;74;70m[48;2;31;75;70m▀[0m[38;2;31;74;70m[48;2;31;74;69m▀[0m
[38;2;30;75;70m[48;2;29;75;71m▀[0m[38;2;29;75;71m[48;2;28;76;72m▀[0m[38;2;27;79;75m[48;2;27;78;74m▀[0m[38;2;27;82;78m[48;2;26;82;77m▀[0m[38;2;24;86;80m[48;2;23;86;80m▀[0m[38;2;20;88;83m[48;2;20;87;83m▀[0m[38;2;18;91;87m[48;2;18;91;89m▀[0m[38;2;16;97;91m[48;2;17;98;95m▀[0m[38;2;18;123;118m[48;2;7;121;113m▀[0m[38;2;4;24;23m[48;2;23;42;40m▀[0m[38;2;0;7;10m[48;2;19;42;48m▀[0m[38;2;0;247;247m[48;2;11;247;247m▀[0m[38;2;23;179;153m[48;2;54;26;25m▀[0m[38;2;50;67;70m[48;2;0;161;149m▀[0m[38;2;0;63;59m[48;2;0;0;0m▀[0m[38;2;0;25;25m[48;2;0;89;89m▀[0m[38;2;0;56;52m[48;2;0;0;0m▀[0m[38;2;0;0;0m[48;2;0;0;0m▀[0m[38;2;0;0;0m[48;2;0;0;0m▀[0m[38;2;0;0;0m[48;2;0;0;0m▀[0m[38;2;0;0;0m[48;2;0;0;0m▀[0m[38;2;0;0;0m[48;2;0;0;0m▀[0m[38;2;247;247;247m[48;2;208;215;214m▀[0m[38;2;175;239;239m[48;2;196;247;247m▀[0m[38;2;161;206;210m[48;2;157;205;209m▀[0m[38;2;174;217;221m[48;2;168;215;218m▀[0m[38;2;163;220;220m[48;2;175;237;236m▀[0m[38;2;0;18;17m[48;2;0;2;1m▀[0m[38;2;173;155;151m[48;2;153;132;134m▀[0m[38;2;247;247;247m[48;2;247;247;247m▀[0m[38;2;134;183;190m[48;2;200;230;235m▀[0m[38;2;0;24;25m[48;2;13;128;129m▀[0m[38;2;0;107;106m[48;2;66;160;159m▀[0m[38;2;173;211;214m[48;2;164;202;203m▀[0m[38;2;247;247;247m[48;2;155;195;197m▀[0m[38;2;247;247;247m[48;2;183;217;220m▀[0m[38;2;208;201;200m[48;2;143;161;160m▀[0m[38;2;226;225;220m[48;2;161;152;150m▀[0m[38;2;247;247;247m[48;2;247;247;247m▀[0m[38;2;194;193;194m[48;2;185;181;180m▀[0m[38;2;214;217;216m[48;2;229;227;225m▀[0m[38;2;247;247;247m[48;2;247;247;247m▀[0m[38;2;175;174;171m[48;2;156;163;163m▀[0m[38;2;247;247;247m[48;2;170;213;215m▀[0m[38;2;241;247;247m[48;2;145;191;194m▀[0m[38;2;191;221;222m[48;2;163;201;204m▀[0m[38;2;29;141;145m[48;2;112;181;185m▀[0m[38;2;0;13;8m[48;2;10;141;138m▀[0m[38;2;29;112;114m[48;2;114;190;190m▀[0m[38;2;247;247;247m[48;2;247;247;247m▀[0m[38;2;247;236;236m[48;2;225;207;206m▀[0m[38;2;0;0;0m[48;2;0;0;0m▀[0m[38;2;160;214;219m[48;2;151;201;204m▀[0m[38;2;176;226;229m[48;2;184;239;241m▀[0m[38;2;165;214;214m[48;2;179;227;230m▀[0m[38;2;176;231;237m[48;2;115;187;187m▀[0m[38;2;229;247;247m[48;2;145;192;191m▀[0m[38;2;0;0;0m[48;2;0;0;0m▀[0m[38;2;0;0;0m[48;2;0;0;0m▀[0m[38;2;0;0;0m[48;2;0;0;0m▀[0m[38;2;0;0;0m[48;2;0;0;0m▀[0m[38;2;0;0;0m[48;2;0;0;0m▀[0m[38;2;0;0;0m[48;2;5;39;37m▀[0m[38;2;35;34;34m[48;2;0;32;30m▀[0m[38;2;71;135;136m[48;2;71;61;63m▀[0m[38;2;5;110;101m[48;2;30;140;133m▀[0m[38;2;15;93;87m[48;2;9;92;91m▀[0m[38;2;20;91;87m[48;2;20;92;92m▀[0m[38;2;20;88;83m[48;2;19;90;86m▀[0m[38;2;22;85;81m[48;2;21;87;83m▀[0m[38;2;26;82;78m[48;2;26;82;78m▀[0m[38;2;28;80;74m[48;2;27;80;76m▀[0m[38;2;31;76;72m[48;2;29;77;73m▀[0m[38;2;32;76;71m[48;2;31;75;71m▀[0m[38;2;31;74;69m[48;2;31;74;69m▀[0m[38;2;31;74;69m[48;2;31;74;69m▀[0m
[38;2;30;76;72m[48;2;29;77;73m▀[0m[38;2;29;77;75m[48;2;28;79;75m▀[0m[38;2;28;80;76m[48;2;26;81;77m▀[0m[38;2;26;82;78m[48;2;25;83;79m▀[0m[38;2;24;85;81m[48;2;22;88;84m▀[0m[38;2;21;89;84m[48;2;18;91;86m▀[0m[38;2;18;94;90m[48;2;16;95;89m▀[0m[38;2;15;97;94m[48;2;8;104;96m▀[0m[38;2;2;123;113m[48;2;33;125;117m▀[0m[38;2;64;58;55m[48;2;54;32;35m▀[0m[38;2;3;85;86m[48;2;25;0;0m▀[0m[38;2;65;86;82m[48;2;0;149;137m▀[0m[38;2;0;171;160m[48;2;0;195;178m▀[0m[38;2;0;36;34m[48;2;0;0;0m▀[0m[38;2;2;10;10m[48;2;0;14;12m▀[0m[38;2;0;23;21m[48;2;0;0;0m▀[0m[38;2;0;0;0m[48;2;0;0;0m▀[0m[38;2;0;0;0m[48;2;0;0;0m▀[0m[38;2;0;0;0m[48;2;0;0;0m▀[0m[38;2;0;0;0m[48;2;0;0;0m▀[0m[38;2;0;0;0m[48;2;0;0;0m▀[0m[38;2;0;0;0m[48;2;0;0;0m▀[0m[38;2;139;135;134m[48;2;62;46;47m▀[0m[38;2;224;247;247m[48;2;240;247;247m▀[0m[38;2;156;206;212m[48;2;152;213;216m▀[0m[38;2;159;207;210m[48;2;156;206;210m▀[0m[38;2;203;247;247m[48;2;184;245;247m▀[0m[38;2;17;51;51m[48;2;80;127;129m▀[0m[38;2;69;46;46m[48;2;0;0;0m▀[0m[38;2;247;247;247m[48;2;247;247;247m▀[0m[38;2;185;225;226m[48;2;161;216;216m▀[0m[38;2;170;210;211m[48;2;168;204;206m▀[0m[38;2;188;212;216m[48;2;166;200;202m▀[0m[38;2;176;207;208m[48;2;166;201;201m▀[0m[38;2;166;201;203m[48;2;163;201;202m▀[0m[38;2;168;209;211m[48;2;165;209;210m▀[0m[38;2;101;145;148m[48;2;140;178;176m▀[0m[38;2;140;181;181m[48;2;93;157;160m▀[0m[38;2;247;247;247m[48;2;247;247;247m▀[0m[38;2;177;173;173m[48;2;192;181;178m▀[0m[38;2;241;230;226m[48;2;240;232;230m▀[0m[38;2;247;247;247m[48;2;163;213;216m▀[0m[38;2;131;187;193m[48;2;136;189;190m▀[0m[38;2;149;195;198m[48;2;156;200;203m▀[0m[38;2;164;202;205m[48;2;161;201;203m▀[0m[38;2;170;204;206m[48;2;162;202;203m▀[0m[38;2;183;212;213m[48;2;165;200;202m▀[0m[38;2;181;210;215m[48;2;172;210;211m▀[0m[38;2;172;210;214m[48;2;157;208;205m▀[0m[38;2;247;247;247m[48;2;247;247;247m▀[0m[38;2;158;141;140m[48;2;28;2;1m▀[0m[38;2;0;0;0m[48;2;36;74;75m▀[0m[38;2;160;219;222m[48;2;183;247;247m▀[0m[38;2;160;219;224m[48;2;70;127;129m▀[0m[38;2;176;225;228m[48;2;161;216;218m▀[0m[38;2;209;247;247m[48;2;113;194;198m▀[0m[38;2;125;161;164m[48;2;17;36;35m▀[0m[38;2;0;0;0m[48;2;0;0;0m▀[0m[38;2;0;0;0m[48;2;0;2;0m▀[0m[38;2;0;0;0m[48;2;0;0;0m▀[0m[38;2;0;34;24m[48;2;0;41;37m▀[0m[38;2;0;0;0m[48;2;0;21;23m▀[0m[38;2;0;0;0m[48;2;0;0;0m▀[0m[38;2;2;113;107m[48;2;9;98;91m▀[0m[38;2;25;0;0m[48;2;0;22;21m▀[0m[38;2;51;122;118m[48;2;6;15;14m▀[0m[38;2;10;111;101m[48;2;20;131;125m▀[0m[38;2;18;97;93m[48;2;16;100;94m▀[0m[38;2;19;90;86m[48;2;19;93;89m▀[0m[38;2;21;88;83m[48;2;22;88;85m▀[0m[38;2;26;83;79m[48;2;26;84;80m▀[0m[38;2;28;80;76m[48;2;29;82;78m▀[0m[38;2;29;79;73m[48;2;30;81;75m▀[0m[38;2;31;76;71m[48;2;23;74;67m▀[0m[38;2;31;74;70m[48;2;25;73;69m▀[0m[38;2;29;75;70m[48;2;19;69;66m▀[0m
[38;2;28;76;72m[48;2;28;79;73m▀[0m[38;2;28;79;73m[48;2;28;80;74m▀[0m[38;2;28;81;77m[48;2;27;83;78m▀[0m[38;2;24;85;81m[48;2;25;86;82m▀[0m[38;2;21;90;86m[48;2;21;90;85m▀[0m[38;2;17;97;89m[48;2;17;93;92m▀[0m[38;2;15;97;92m[48;2;14;103;96m▀[0m[38;2;4;111;106m[48;2;5;123;115m▀[0m[38;2;65;122;121m[48;2;65;80;76m▀[0m[38;2;41;0;0m[48;2;6;0;0m▀[0m[38;2;11;32;31m[48;2;0;165;156m▀[0m[38;2;0;247;247m[48;2;0;201;190m▀[0m[38;2;0;0;0m[48;2;0;0;0m▀[0m[38;2;0;0;0m[48;2;0;19;17m▀[0m[38;2;0;0;0m[48;2;0;0;0m▀[0m[38;2;0;0;0m[48;2;0;0;0m▀[0m[38;2;0;0;0m[48;2;0;0;0m▀[0m[38;2;0;0;0m[48;2;0;0;0m▀[0m[38;2;0;0;0m[48;2;0;0;0m▀[0m[38;2;0;0;0m[48;2;0;0;0m▀[0m[38;2;0;0;0m[48;2;0;0;0m▀[0m[38;2;0;0;0m[48;2;0;0;0m▀[0m[38;2;0;0;0m[48;2;0;0;0m▀[0m[38;2;223;247;247m[48;2;172;192;195m▀[0m[38;2;158;230;230m[48;2;180;247;247m▀[0m[38;2;157;207;211m[48;2;149;208;212m▀[0m[38;2;158;220;223m[48;2;147;209;209m▀[0m[38;2;158;225;228m[48;2;161;228;232m▀[0m[38;2;0;0;0m[48;2;130;193;196m▀[0m[38;2;128;113;112m[48;2;45;59;61m▀[0m[38;2;200;247;247m[48;2;124;167;164m▀[0m[38;2;152;199;204m[48;2;179;247;247m▀[0m[38;2;160;205;205m[48;2;151;205;211m▀[0m[38;2;157;201;202m[48;2;149;201;205m▀[0m[38;2;156;201;202m[48;2;141;196;202m▀[0m[38;2;156;202;204m[48;2;128;188;192m▀[0m[38;2;143;198;199m[48;2;109;180;183m▀[0m[38;2;123;184;190m[48;2;190;220;223m▀[0m[38;2;247;247;247m[48;2;247;247;247m▀[0m[38;2;189;180;178m[48;2;211;207;206m▀[0m[38;2;232;222;220m[48;2;229;219;219m▀[0m[38;2;156;211;212m[48;2;199;212;213m▀[0m[38;2;128;185;189m[48;2;123;194;200m▀[0m[38;2;154;199;202m[48;2;114;182;186m▀[0m[38;2;155;201;203m[48;2;134;195;198m▀[0m[38;2;156;200;203m[48;2;145;201;204m▀[0m[38;2;156;205;205m[48;2;146;203;206m▀[0m[38;2;158;204;204m[48;2;173;240;244m▀[0m[38;2;186;245;245m[48;2;152;207;212m▀[0m[38;2;140;159;156m[48;2;37;54;56m▀[0m[38;2;0;0;0m[48;2;135;196;202m▀[0m[38;2;163;239;241m[48;2;180;245;247m▀[0m[38;2;182;244;247m[48;2;140;196;200m▀[0m[38;2;170;227;232m[48;2;93;152;153m▀[0m[38;2;101;158;161m[48;2;125;203;204m▀[0m[38;2;138;228;229m[48;2;99;172;172m▀[0m[38;2;0;0;0m[48;2;0;0;0m▀[0m[38;2;0;0;0m[48;2;0;0;0m▀[0m[38;2;0;46;42m[48;2;0;57;56m▀[0m[38;2;0;0;0m[48;2;0;0;0m▀[0m[38;2;0;15;14m[48;2;0;0;0m▀[0m[38;2;0;62;62m[48;2;0;68;64m▀[0m[38;2;0;0;0m[48;2;0;0;0m▀[0m[38;2;5;24;24m[48;2;0;0;0m▀[0m[38;2;10;126;118m[48;2;12;121;113m▀[0m[38;2;0;0;0m[48;2;0;55;51m▀[0m[38;2;11;88;82m[48;2;4;8;4m▀[0m[38;2;19;115;105m[48;2;21;126;119m▀[0m[38;2;18;97;90m[48;2;17;97;93m▀[0m[38;2;21;89;85m[48;2;21;90;86m▀[0m[38;2;25;85;81m[48;2;23;87;83m▀[0m[38;2;29;82;78m[48;2;23;83;78m▀[0m[38;2;28;78;74m[48;2;25;76;72m▀[0m[38;2;15;72;68m[48;2;0;40;38m▀[0m[38;2;0;35;31m[48;2;127;132;135m▀[0m[38;2;0;14;14m[48;2;247;247;247m▀[0m
[38;2;29;80;74m[48;2;29;77;73m▀[0m[38;2;26;81;76m[48;2;28;81;77m▀[0m[38;2;25;83;78m[48;2;25;83;79m▀[0m[38;2;24;87;83m[48;2;22;88;82m▀[0m[38;2;19;90;86m[48;2;19;90;86m▀[0m[38;2;16;98;92m[48;2;15;97;90m▀[0m[38;2;18;103;97m[48;2;20;122;115m▀[0m[38;2;18;135;128m[48;2;17;95;89m▀[0m[38;2;0;0;0m[48;2;0;0;0m▀[0m[38;2;0;16;23m[48;2;0;66;74m▀[0m[38;2;0;196;183m[48;2;0;91;90m▀[0m[38;2;3;23;21m[48;2;0;0;0m▀[0m[38;2;0;0;0m[48;2;3;1;0m▀[0m[38;2;0;0;0m[48;2;1;0;0m▀[0m[38;2;0;0;0m[48;2;0;0;0m▀[0m[38;2;0;0;0m[48;2;0;0;0m▀[0m[38;2;0;0;0m[48;2;0;23;20m▀[0m[38;2;0;0;0m[48;2;0;0;0m▀[0m[38;2;0;0;0m[48;2;0;12;9m▀[0m[38;2;0;0;0m[48;2;0;0;2m▀[0m[38;2;0;0;0m[48;2;0;0;0m▀[0m[38;2;0;0;0m[48;2;0;0;0m▀[0m[38;2;0;0;0m[48;2;0;0;0m▀[0m[38;2;87;86;87m[48;2;0;0;0m▀[0m[38;2;210;247;247m[48;2;203;247;247m▀[0m[38;2;144;210;214m[48;2;142;225;228m▀[0m[38;2;145;206;209m[48;2;139;207;209m▀[0m[38;2;145;206;209m[48;2;134;205;208m▀[0m[38;2;159;226;232m[48;2;136;200;206m▀[0m[38;2;169;247;247m[48;2;165;238;244m▀[0m[38;2;20;39;39m[48;2;97;150;151m▀[0m[38;2;85;120;122m[48;2;0;0;0m▀[0m[38;2;161;221;227m[48;2;117;193;194m▀[0m[38;2;129;192;197m[48;2;202;231;233m▀[0m[38;2;118;185;189m[48;2;247;247;247m▀[0m[38;2;145;197;198m[48;2;247;247;247m▀[0m[38;2;218;235;232m[48;2;247;247;247m▀[0m[38;2;247;247;247m[48;2;247;247;247m▀[0m[38;2;247;247;247m[48;2;247;247;247m▀[0m[38;2;247;247;247m[48;2;245;236;234m▀[0m[38;2;194;195;193m[48;2;133;123;121m▀[0m[38;2;247;242;244m[48;2;247;247;247m▀[0m[38;2;247;247;247m[48;2;247;247;247m▀[0m[38;2;157;204;208m[48;2;247;247;247m▀[0m[38;2;118;187;187m[48;2;247;247;247m▀[0m[38;2;115;186;189m[48;2;214;232;233m▀[0m[38;2;142;213;219m[48;2;147;232;239m▀[0m[38;2;119;174;178m[48;2;0;0;0m▀[0m[38;2;0;0;0m[48;2;0;0;0m▀[0m[38;2;134;194;200m[48;2;188;247;247m▀[0m[38;2;176;247;247m[48;2;127;198;198m▀[0m[38;2;169;236;240m[48;2;85;166;162m▀[0m[38;2;141;203;209m[48;2;107;180;180m▀[0m[38;2;65;132;129m[48;2;22;95;90m▀[0m[38;2;55;138;138m[48;2;60;141;142m▀[0m[38;2;14;45;45m[48;2;0;0;0m▀[0m[38;2;0;0;0m[48;2;0;0;0m▀[0m[38;2;0;0;0m[48;2;0;0;0m▀[0m[38;2;0;42;41m[48;2;0;27;27m▀[0m[38;2;0;21;23m[48;2;0;47;47m▀[0m[38;2;0;0;0m[48;2;0;0;0m▀[0m[38;2;0;56;52m[48;2;0;43;42m▀[0m[38;2;0;0;0m[48;2;0;6;7m▀[0m[38;2;0;0;0m[48;2;0;0;0m▀[0m[38;2;9;43;41m[48;2;0;0;0m▀[0m[38;2;13;122;114m[48;2;16;131;128m▀[0m[38;2;0;0;0m[48;2;3;47;43m▀[0m[38;2;11;93;89m[48;2;7;38;34m▀[0m[38;2;19;107;102m[48;2;22;121;114m▀[0m[38;2;20;89;85m[48;2;19;91;87m▀[0m[38;2;20;88;84m[48;2;17;89;85m▀[0m[38;2;28;86;82m[48;2;11;79;75m▀[0m[38;2;0;51;47m[48;2;21;41;39m▀[0m[38;2;126;126;121m[48;2;38;22;18m▀[0m[38;2;247;247;247m[48;2;0;0;0m▀[0m[38;2;196;190;186m[48;2;0;0;0m▀[0m
[38;2;30;78;74m[48;2;30;80;74m▀[0m[38;2;28;76;72m[48;2;27;82;78m▀[0m[38;2;26;84;80m[48;2;26;82;75m▀[0m[38;2;20;89;85m[48;2;22;88;85m▀[0m[38;2;16;95;92m[48;2;17;97;93m▀[0m[38;2;14;104;100m[48;2;19;112;108m▀[0m[38;2;17;109;102m[48;2;12;64;58m▀[0m[38;2;12;43;42m[48;2;9;76;73m▀[0m[38;2;0;0;0m[48;2;0;0;0m▀[0m[38;2;0;86;83m[48;2;2;0;0m▀[0m[38;2;6;17;13m[48;2;0;0;0m▀[0m[38;2;0;0;0m[48;2;0;134;126m▀[0m[38;2;0;139;132m[48;2;0;143;139m▀[0m[38;2;0;0;0m[48;2;0;0;0m▀[0m[38;2;0;0;0m[48;2;0;0;0m▀[0m[38;2;0;41;37m[48;2;0;97;96m▀[0m[38;2;0;33;30m[48;2;0;0;0m▀[0m[38;2;0;0;0m[48;2;0;30;30m▀[0m[38;2;0;54;54m[48;2;0;75;77m▀[0m[38;2;0;0;0m[48;2;0;0;0m▀[0m[38;2;0;0;0m[48;2;0;0;0m▀[0m[38;2;0;0;0m[48;2;0;0;0m▀[0m[38;2;0;0;0m[48;2;0;0;0m▀[0m[38;2;0;0;0m[48;2;0;0;0m▀[0m[38;2;161;202;203m[48;2;80;95;95m▀[0m[38;2;157;247;247m[48;2;184;247;247m▀[0m[38;2;133;205;208m[48;2;129;209;214m▀[0m[38;2;129;200;203m[48;2;128;199;203m▀[0m[38;2;131;202;205m[48;2;104;191;196m▀[0m[38;2;122;210;212m[48;2;197;237;238m▀[0m[38;2;103;184;187m[48;2;165;221;223m▀[0m[38;2;8;64;64m[48;2;4;76;77m▀[0m[38;2;191;247;247m[48;2;247;247;247m▀[0m[38;2;247;247;247m[48;2;247;247;247m▀[0m[38;2;247;247;247m[48;2;247;247;247m▀[0m[38;2;247;247;247m[48;2;247;247;247m▀[0m[38;2;247;247;247m[48;2;215;233;237m▀[0m[38;2;247;247;247m[48;2;106;185;191m▀[0m[38;2;132;197;204m[48;2;108;184;191m▀[0m[38;2;219;233;234m[48;2;186;222;226m▀[0m[38;2;231;216;216m[48;2;129;207;207m▀[0m[38;2;247;247;247m[48;2;109;191;194m▀[0m[38;2;247;247;247m[48;2;165;212;211m▀[0m[38;2;247;247;247m[48;2;247;247;247m▀[0m[38;2;247;247;247m[48;2;247;247;247m▀[0m[38;2;247;247;247m[48;2;247;247;247m▀[0m[38;2;247;247;247m[48;2;247;247;247m▀[0m[38;2;29;95;98m[48;2;29;97;97m▀[0m[38;2;60;126;129m[48;2;147;202;203m▀[0m[38;2;167;247;247m[48;2;247;247;247m▀[0m[38;2;69;145;142m[48;2;123;164;163m▀[0m[38;2;74;161;156m[48;2;44;126;129m▀[0m[38;2;26;97;94m[48;2;24;90;86m▀[0m[38;2;44;123;119m[48;2;55;142;137m▀[0m[38;2;40;106;104m[48;2;18;40;42m▀[0m[38;2;0;0;0m[48;2;0;0;0m▀[0m[38;2;0;0;0m[48;2;0;0;0m▀[0m[38;2;0;0;0m[48;2;0;0;0m▀[0m[38;2;0;9;9m[48;2;0;0;0m▀[0m[38;2;0;51;52m[48;2;2;32;33m▀[0m[38;2;0;0;0m[48;2;0;0;0m▀[0m[38;2;0;37;35m[48;2;0;31;30m▀[0m[38;2;0;16;15m[48;2;0;28;27m▀[0m[38;2;0;0;0m[48;2;0;0;0m▀[0m[38;2;0;0;0m[48;2;0;0;0m▀[0m[38;2;14;104;97m[48;2;10;62;55m▀[0m[38;2;11;101;97m[48;2;17;132;128m▀[0m[38;2;1;6;2m[48;2;0;12;10m▀[0m[38;2;22;106;99m[48;2;20;76;72m▀[0m[38;2;20;94;93m[48;2;17;106;99m▀[0m[38;2;9;95;88m[48;2;6;102;94m▀[0m[38;2;5;66;65m[48;2;0;54;51m▀[0m[38;2;100;80;81m[48;2;247;247;247m▀[0m[38;2;143;138;142m[48;2;204;198;200m▀[0m[38;2;247;247;247m[48;2;39;36;38m▀[0m[38;2;247;247;247m[48;2;0;0;0m▀[0m
[38;2;29;80;76m[48;2;29;81;77m▀[0m[38;2;27;82;78m[48;2;28;81;77m▀[0m[38;2;25;85;81m[48;2;24;84;80m▀[0m[38;2;22;91;84m[48;2;20;92;87m▀[0m[38;2;18;107;103m[48;2;22;107;105m▀[0m[38;2;13;80;76m[48;2;7;52;51m▀[0m[38;2;5;64;62m[48;2;0;88;82m▀[0m[38;2;9;93;89m[48;2;15;105;104m▀[0m[38;2;1;0;0m[48;2;4;37;37m▀[0m[38;2;0;0;0m[48;2;0;0;0m▀[0m[38;2;0;0;0m[48;2;1;0;0m▀[0m[38;2;0;247;247m[48;2;0;247;247m▀[0m[38;2;0;51;50m[48;2;0;0;0m▀[0m[38;2;0;0;0m[48;2;0;0;0m▀[0m[38;2;0;15;15m[48;2;0;59;56m▀[0m[38;2;0;102;102m[48;2;0;53;53m▀[0m[38;2;0;0;0m[48;2;0;0;0m▀[0m[38;2;0;105;106m[48;2;0;92;97m▀[0m[38;2;0;49;50m[48;2;0;4;4m▀[0m[38;2;0;0;0m[48;2;0;0;0m▀[0m[38;2;0;0;0m[48;2;0;0;0m▀[0m[38;2;0;0;0m[48;2;0;0;0m▀[0m[38;2;0;0;0m[48;2;0;0;0m▀[0m[38;2;0;0;0m[48;2;0;0;0m▀[0m[38;2;0;0;0m[48;2;0;0;0m▀[0m[38;2;169;247;247m[48;2;121;194;193m▀[0m[38;2;140;224;226m[48;2;159;247;247m▀[0m[38;2;113;198;201m[48;2;98;192;200m▀[0m[38;2;120;196;201m[48;2;169;214;215m▀[0m[38;2;247;247;247m[48;2;247;247;247m▀[0m[38;2;247;247;247m[48;2;247;247;247m▀[0m[38;2;43;102;105m[48;2;96;141;144m▀[0m[38;2;247;247;247m[48;2;183;205;204m▀[0m[38;2;247;247;247m[48;2;247;247;247m▀[0m[38;2;247;247;247m[48;2;161;216;218m▀[0m[38;2;186;222;225m[48;2;86;182;189m▀[0m[38;2;94;183;189m[48;2;118;194;200m▀[0m[38;2;120;195;200m[48;2;131;210;213m▀[0m[38;2;135;195;203m[48;2;136;167;171m▀[0m[38;2;131;182;189m[48;2;117;125;124m▀[0m[38;2;122;195;200m[48;2;135;208;212m▀[0m[38;2;121;192;198m[48;2;134;198;202m▀[0m[38;2;97;181;187m[48;2;133;194;200m▀[0m[38;2;132;194;198m[48;2;104;185;189m▀[0m[38;2;247;247;247m[48;2;130;198;199m▀[0m[38;2;247;247;247m[48;2;247;247;247m▀[0m[38;2;247;247;247m[48;2;247;240;238m▀[0m[38;2;100;119;116m[48;2;164;163;161m▀[0m[38;2;247;247;247m[48;2;247;247;247m▀[0m[38;2;247;247;247m[48;2;247;247;247m▀[0m[38;2;149;180;176m[48;2;197;214;215m▀[0m[38;2;0;58;58m[48;2;0;52;50m▀[0m[38;2;35;107;105m[48;2;40;124;123m▀[0m[38;2;47;129;128m[48;2;27;87;86m▀[0m[38;2;0;0;0m[48;2;0;0;0m▀[0m[38;2;0;0;0m[48;2;0;0;0m▀[0m[38;2;0;0;0m[48;2;0;0;0m▀[0m[38;2;0;0;0m[48;2;0;0;0m▀[0m[38;2;0;0;0m[48;2;0;0;0m▀[0m[38;2;0;0;0m[48;2;0;0;0m▀[0m[38;2;0;0;0m[48;2;0;0;0m▀[0m[38;2;0;18;17m[48;2;0;0;0m▀[0m[38;2;0;26;24m[48;2;1;0;0m▀[0m[38;2;0;0;0m[48;2;0;13;11m▀[0m[38;2;0;0;0m[48;2;0;0;0m▀[0m[38;2;6;11;7m[48;2;0;0;0m▀[0m[38;2;17;140;133m[48;2;18;145;142m▀[0m[38;2;3;45;44m[48;2;10;67;64m▀[0m[38;2;13;53;49m[48;2;11;40;39m▀[0m[38;2;20;120;111m[48;2;18;117;113m▀[0m[38;2;0;86;81m[48;2;0;92;85m▀[0m[38;2;68;66;64m[48;2;23;31;32m▀[0m[38;2;127;103;103m[48;2;78;53;55m▀[0m[38;2;0;0;0m[48;2;0;0;0m▀[0m[38;2;0;0;0m[48;2;27;1;3m▀[0m[38;2;0;0;0m[48;2;79;65;67m▀[0m
[38;2;31;77;75m[48;2;31;79;75m▀[0m[38;2;29;82;78m[48;2;29;85;76m▀[0m[38;2;25;83;79m[48;2;28;92;86m▀[0m[38;2;19;98;95m[48;2;27;110;109m▀[0m[38;2;18;86;85m[48;2;16;71;68m▀[0m[38;2;5;64;59m[48;2;10;83;78m▀[0m[38;2;3;97;93m[48;2;13;97;92m▀[0m[38;2;17;95;93m[48;2;15;56;54m▀[0m[38;2;1;0;0m[48;2;0;0;0m▀[0m[38;2;0;0;0m[48;2;0;0;0m▀[0m[38;2;0;71;70m[48;2;1;107;103m▀[0m[38;2;0;214;200m[48;2;1;110;106m▀[0m[38;2;0;0;0m[48;2;0;3;0m▀[0m[38;2;0;0;0m[48;2;0;0;0m▀[0m[38;2;0;68;69m[48;2;0;59;62m▀[0m[38;2;0;4;4m[48;2;0;0;0m▀[0m[38;2;0;0;0m[48;2;0;17;14m▀[0m[38;2;0;29;29m[48;2;0;0;0m▀[0m[38;2;0;0;0m[48;2;0;0;0m▀[0m[38;2;0;0;0m[48;2;0;0;0m▀[0m[38;2;0;0;0m[48;2;0;0;0m▀[0m[38;2;0;0;0m[48;2;0;0;0m▀[0m[38;2;0;0;0m[48;2;0;0;0m▀[0m[38;2;0;0;0m[48;2;0;0;0m▀[0m[38;2;0;0;0m[48;2;0;0;0m▀[0m[38;2;58;98;96m[48;2;2;10;9m▀[0m[38;2;172;247;247m[48;2;176;247;247m▀[0m[38;2;93;192;197m[48;2;108;221;225m▀[0m[38;2;199;231;230m[48;2;212;241;243m▀[0m[38;2;247;247;247m[48;2;247;247;247m▀[0m[38;2;247;247;247m[48;2;247;247;247m▀[0m[38;2;193;186;185m[48;2;247;234;233m▀[0m[38;2;49;123;128m[48;2;47;109;111m▀[0m[38;2;145;226;229m[48;2;97;206;209m▀[0m[38;2;95;189;194m[48;2;114;199;203m▀[0m[38;2;119;199;204m[48;2;122;200;204m▀[0m[38;2;125;200;203m[48;2;127;199;202m▀[0m[38;2;130;209;213m[48;2;124;212;214m▀[0m[38;2;148;184;190m[48;2;130;188;192m▀[0m[38;2;152;156;155m[48;2;139;139;143m▀[0m[38;2;124;206;209m[48;2;122;206;214m▀[0m[38;2;134;202;207m[48;2;127;202;207m▀[0m[38;2;131;200;204m[48;2;127;199;203m▀[0m[38;2;130;199;202m[48;2;118;200;204m▀[0m[38;2;101;191;195m[48;2;117;200;204m▀[0m[38;2;147;226;229m[48;2;92;206;211m▀[0m[38;2;104;149;153m[48;2;43;109;110m▀[0m[38;2;207;201;197m[48;2;247;247;247m▀[0m[38;2;247;247;247m[48;2;247;247;247m▀[0m[38;2;247;247;247m[48;2;247;247;247m▀[0m[38;2;226;234;236m[48;2;235;246;244m▀[0m[38;2;0;59;59m[48;2;0;70;67m▀[0m[38;2;38;129;129m[48;2;32;108;113m▀[0m[38;2;6;26;27m[48;2;0;0;0m▀[0m[38;2;0;0;0m[48;2;0;0;0m▀[0m[38;2;0;0;0m[48;2;0;0;0m▀[0m[38;2;0;0;0m[48;2;0;0;0m▀[0m[38;2;0;0;0m[48;2;0;0;0m▀[0m[38;2;0;3;3m[48;2;0;22;21m▀[0m[38;2;0;10;10m[48;2;0;92;92m▀[0m[38;2;0;0;0m[48;2;0;0;0m▀[0m[38;2;0;0;0m[48;2;0;0;0m▀[0m[38;2;0;0;0m[48;2;0;0;0m▀[0m[38;2;6;48;43m[48;2;4;59;56m▀[0m[38;2;0;0;0m[48;2;0;3;4m▀[0m[38;2;0;0;0m[48;2;0;0;0m▀[0m[38;2;15;134;129m[48;2;13;108;103m▀[0m[38;2;11;80;76m[48;2;10;83;79m▀[0m[38;2;14;45;44m[48;2;11;58;57m▀[0m[38;2;20;114;107m[48;2;19;109;103m▀[0m[38;2;6;107;97m[48;2;12;101;92m▀[0m[38;2;22;73;69m[48;2;31;83;77m▀[0m[38;2;62;31;31m[48;2;55;25;25m▀[0m[38;2;153;155;155m[48;2;149;141;138m▀[0m[38;2;100;211;204m[48;2;0;185;180m▀[0m[38;2;25;35;33m[48;2;0;0;0m▀[0m
[38;2;25;63;57m[48;2;0;78;83m▀[0m[38;2;38;87;85m[48;2;42;70;68m▀[0m[38;2;34;85;82m[48;2;9;62;60m▀[0m[38;2;22;89;86m[48;2;0;21;18m▀[0m[38;2;14;59;56m[48;2;0;31;25m▀[0m[38;2;16;107;99m[48;2;23;117;112m▀[0m[38;2;18;97;93m[48;2;22;110;104m▀[0m[38;2;4;0;0m[48;2;0;0;0m▀[0m[38;2;0;0;0m[48;2;0;0;0m▀[0m[38;2;0;0;0m[48;2;0;0;0m▀[0m[38;2;3;69;67m[48;2;0;64;64m▀[0m[38;2;6;108;104m[48;2;2;178;171m▀[0m[38;2;0;13;9m[48;2;0;15;14m▀[0m[38;2;0;0;0m[48;2;0;0;0m▀[0m[38;2;0;24;28m[48;2;0;0;0m▀[0m[38;2;0;0;0m[48;2;0;0;0m▀[0m[38;2;0;65;59m[48;2;0;119;114m▀[0m[38;2;1;0;0m[48;2;0;56;52m▀[0m[38;2;0;0;0m[48;2;0;0;0m▀[0m[38;2;0;0;0m[48;2;0;0;0m▀[0m[38;2;0;0;0m[48;2;0;0;0m▀[0m[38;2;0;1;1m[48;2;0;3;3m▀[0m[38;2;0;5;4m[48;2;0;26;26m▀[0m[38;2;0;0;0m[48;2;0;0;0m▀[0m[38;2;0;0;0m[48;2;0;0;0m▀[0m[38;2;0;0;0m[48;2;0;0;0m▀[0m[38;2;69;159;159m[48;2;29;85;88m▀[0m[38;2;60;170;173m[48;2;0;55;52m▀[0m[38;2;238;247;247m[48;2;204;239;241m▀[0m[38;2;247;247;247m[48;2;247;247;247m▀[0m[38;2;247;247;247m[48;2;247;247;247m▀[0m[38;2;247;247;247m[48;2;247;247;247m▀[0m[38;2;77;115;112m[48;2;122;129;131m▀[0m[38;2;94;201;205m[48;2;77;183;187m▀[0m[38;2;113;199;207m[48;2;121;203;210m▀[0m[38;2;117;199;207m[48;2;118;198;206m▀[0m[38;2;117;199;203m[48;2;117;198;201m▀[0m[38;2;119;211;216m[48;2;118;216;220m▀[0m[38;2;115;186;189m[48;2;111;166;168m▀[0m[38;2;120;126;129m[48;2;109;118;121m▀[0m[38;2;116;212;220m[48;2;115;214;222m▀[0m[38;2;121;204;208m[48;2;121;202;207m▀[0m[38;2;120;198;204m[48;2;121;199;203m▀[0m[38;2;116;199;205m[48;2;121;199;203m▀[0m[38;2;115;204;209m[48;2;123;214;219m▀[0m[38;2;76;191;195m[48;2;56;155;161m▀[0m[38;2;99;118;117m[48;2;170;157;156m▀[0m[38;2;247;247;247m[48;2;247;247;247m▀[0m[38;2;247;247;247m[48;2;247;247;247m▀[0m[38;2;247;247;247m[48;2;247;247;247m▀[0m[38;2;208;227;224m[48;2;124;167;164m▀[0m[38;2;0;81;77m[48;2;0;90;89m▀[0m[38;2;16;70;70m[48;2;0;20;20m▀[0m[38;2;0;0;0m[48;2;0;0;0m▀[0m[38;2;0;0;0m[48;2;0;0;0m▀[0m[38;2;0;0;0m[48;2;0;0;0m▀[0m[38;2;0;0;0m[48;2;0;0;0m▀[0m[38;2;0;0;0m[48;2;0;0;0m▀[0m[38;2;0;15;15m[48;2;0;0;0m▀[0m[38;2;0;162;165m[48;2;0;220;217m▀[0m[38;2;0;0;0m[48;2;0;0;0m▀[0m[38;2;0;0;0m[48;2;0;0;0m▀[0m[38;2;0;0;0m[48;2;0;0;0m▀[0m[38;2;5;71;67m[48;2;6;78;77m▀[0m[38;2;3;23;22m[48;2;6;62;53m▀[0m[38;2;0;0;0m[48;2;0;0;0m▀[0m[38;2;8;79;76m[48;2;7;35;36m▀[0m[38;2;9;81;75m[48;2;9;70;66m▀[0m[38;2;12;78;74m[48;2;11;104;97m▀[0m[38;2;17;99;97m[48;2;18;96;92m▀[0m[38;2;18;96;89m[48;2;23;90;85m▀[0m[38;2;28;85;80m[48;2;23;86;80m▀[0m[38;2;51;26;28m[48;2;56;38;38m▀[0m[38;2;120;90;87m[48;2;117;76;74m▀[0m[38;2;12;187;177m[48;2;30;181;173m▀[0m[38;2;0;30;27m[48;2;0;57;54m▀[0m
[38;2;0;98;97m[48;2;5;61;56m▀[0m[38;2;50;58;62m[48;2;31;25;28m▀[0m[38;2;0;64;64m[48;2;11;42;36m▀[0m[38;2;0;24;24m[48;2;6;19;16m▀[0m[38;2;0;63;60m[48;2;10;39;39m▀[0m[38;2;21;115;110m[48;2;27;85;83m▀[0m[38;2;22;119;112m[48;2;15;88;86m▀[0m[38;2;0;0;0m[48;2;0;0;0m▀[0m[38;2;0;0;0m[48;2;0;0;0m▀[0m[38;2;0;0;0m[48;2;0;0;0m▀[0m[38;2;0;81;80m[48;2;0;105;99m▀[0m[38;2;0;203;193m[48;2;2;174;167m▀[0m[38;2;0;34;31m[48;2;1;32;32m▀[0m[38;2;0;0;0m[48;2;0;0;0m▀[0m[38;2;0;0;0m[48;2;0;0;0m▀[0m[38;2;1;0;0m[48;2;1;0;0m▀[0m[38;2;0;111;107m[48;2;2;63;61m▀[0m[38;2;0;85;76m[48;2;0;64;63m▀[0m[38;2;0;0;0m[48;2;0;0;0m▀[0m[38;2;0;0;0m[48;2;0;0;0m▀[0m[38;2;0;0;0m[48;2;0;0;0m▀[0m[38;2;0;4;4m[48;2;0;0;0m▀[0m[38;2;0;44;41m[48;2;0;55;54m▀[0m[38;2;0;0;0m[48;2;0;0;0m▀[0m[38;2;0;0;0m[48;2;0;0;0m▀[0m[38;2;0;0;0m[48;2;0;0;0m▀[0m[38;2;29;64;65m[48;2;15;30;30m▀[0m[38;2;0;60;56m[48;2;12;96;95m▀[0m[38;2;88;141;137m[48;2;0;73;69m▀[0m[38;2;247;247;247m[48;2;247;247;247m▀[0m[38;2;247;247;247m[48;2;180;240;243m▀[0m[38;2;247;247;247m[48;2;184;247;247m▀[0m[38;2;182;168;167m[48;2;247;220;213m▀[0m[38;2;61;158;161m[48;2;47;130;134m▀[0m[38;2;118;211;215m[48;2;111;217;224m▀[0m[38;2;114;197;201m[48;2;105;197;201m▀[0m[38;2;115;201;205m[48;2;112;211;214m▀[0m[38;2;98;206;213m[48;2;71;192;195m▀[0m[38;2;155;168;170m[48;2;247;216;216m▀[0m[38;2;139;150;150m[48;2;156;169;169m▀[0m[38;2;96;211;215m[48;2;81;198;202m▀[0m[38;2;116;204;205m[48;2;112;205;206m▀[0m[38;2;116;198;202m[48;2;110;202;205m▀[0m[38;2;116;198;201m[48;2;110;203;204m▀[0m[38;2;116;220;225m[48;2;83;200;202m▀[0m[38;2;47;115;116m[48;2;97;111;109m▀[0m[38;2;247;226;223m[48;2;247;247;247m▀[0m[38;2;247;247;247m[48;2;81;204;210m▀[0m[38;2;247;247;247m[48;2;247;247;247m▀[0m[38;2;247;247;247m[48;2;226;234;234m▀[0m[38;2;22;103;102m[48;2;0;64;64m▀[0m[38;2;0;81;80m[48;2;5;44;45m▀[0m[38;2;0;0;0m[48;2;0;0;0m▀[0m[38;2;0;0;0m[48;2;0;0;0m▀[0m[38;2;0;0;0m[48;2;0;0;0m▀[0m[38;2;0;0;0m[48;2;0;0;0m▀[0m[38;2;0;0;0m[48;2;0;0;0m▀[0m[38;2;0;0;0m[48;2;0;0;0m▀[0m[38;2;1;9;8m[48;2;0;84;77m▀[0m[38;2;0;186;180m[48;2;0;158;149m▀[0m[38;2;0;0;0m[48;2;0;0;0m▀[0m[38;2;0;0;0m[48;2;0;0;0m▀[0m[38;2;0;0;0m[48;2;0;0;0m▀[0m[38;2;5;87;86m[48;2;1;95;94m▀[0m[38;2;10;90;82m[48;2;12;111;102m▀[0m[38;2;0;0;0m[48;2;8;19;21m▀[0m[38;2;0;0;0m[48;2;0;0;0m▀[0m[38;2;4;103;94m[48;2;9;135;121m▀[0m[38;2;14;109;104m[48;2;13;100;92m▀[0m[38;2;22;92;86m[48;2;23;91;86m▀[0m[38;2;21;88;83m[48;2;25;86;82m▀[0m[38;2;23;86;82m[48;2;13;86;81m▀[0m[38;2;57;49;52m[48;2;56;64;62m▀[0m[38;2;103;52;52m[48;2;92;36;39m▀[0m[38;2;51;165;160m[48;2;69;149;145m▀[0m[38;2;0;79;79m[48;2;0;103;104m▀[0m
[38;2;15;1;1m[48;2;26;43;40m▀[0m[38;2;7;6;3m[48;2;21;50;49m▀[0m[38;2;13;5;2m[48;2;22;30;26m▀[0m[38;2;19;10;7m[48;2;18;18;15m▀[0m[38;2;22;0;0m[48;2;26;44;39m▀[0m[38;2;37;78;74m[48;2;0;12;8m▀[0m[38;2;2;29;31m[48;2;4;4;2m▀[0m[38;2;0;0;0m[48;2;0;0;0m▀[0m[38;2;7;20;18m[48;2;24;57;61m▀[0m[38;2;0;0;0m[48;2;4;0;0m▀[0m[38;2;0;101;96m[48;2;0;71;64m▀[0m[38;2;3;247;247m[48;2;7;247;247m▀[0m[38;2;2;35;38m[48;2;0;128;124m▀[0m[38;2;0;0;0m[48;2;0;0;0m▀[0m[38;2;0;0;0m[48;2;0;0;0m▀[0m[38;2;0;0;0m[48;2;0;0;0m▀[0m[38;2;3;67;67m[48;2;0;69;70m▀[0m[38;2;0;35;43m[48;2;0;155;152m▀[0m[38;2;0;0;0m[48;2;0;0;0m▀[0m[38;2;0;0;0m[48;2;1;29;26m▀[0m[38;2;0;0;0m[48;2;0;0;0m▀[0m[38;2;0;0;0m[48;2;0;0;0m▀[0m[38;2;0;66;64m[48;2;0;81;85m▀[0m[38;2;0;0;0m[48;2;1;0;0m▀[0m[38;2;0;0;0m[48;2;1;8;3m▀[0m[38;2;0;0;0m[48;2;0;0;0m▀[0m[38;2;4;7;7m[48;2;0;0;0m▀[0m[38;2;47;134;134m[48;2;7;91;90m▀[0m[38;2;0;45;41m[48;2;0;63;57m▀[0m[38;2;247;247;247m[48;2;247;247;247m▀[0m[38;2;210;227;230m[48;2;247;247;247m▀[0m[38;2;0;139;146m[48;2;48;134;140m▀[0m[38;2;247;247;247m[48;2;194;240;240m▀[0m[38;2;79;119;117m[48;2;137;130;127m▀[0m[38;2;91;211;215m[48;2;71;194;198m▀[0m[38;2;108;202;203m[48;2;108;209;213m▀[0m[38;2;105;214;219m[48;2;102;207;212m▀[0m[38;2;98;140;140m[48;2;74;141;139m▀[0m[38;2;245;186;183m[48;2;116;178;178m▀[0m[38;2;167;185;185m[48;2;121;92;91m▀[0m[38;2;87;219;224m[48;2;0;88;90m▀[0m[38;2;111;207;211m[48;2;92;210;215m▀[0m[38;2;106;201;204m[48;2;97;200;205m▀[0m[38;2;107;215;219m[48;2;101;219;225m▀[0m[38;2;49;157;161m[48;2;62;134;142m▀[0m[38;2;210;176;174m[48;2;246;228;225m▀[0m[38;2;129;226;226m[48;2;27;143;143m▀[0m[38;2;90;163;168m[48;2;242;227;227m▀[0m[38;2;247;247;247m[48;2;247;247;247m▀[0m[38;2;115;164;164m[48;2;125;173;176m▀[0m[38;2;0;47;45m[48;2;0;31;31m▀[0m[38;2;0;10;8m[48;2;0;0;0m▀[0m[38;2;0;0;0m[48;2;0;0;0m▀[0m[38;2;1;3;1m[48;2;0;59;57m▀[0m[38;2;0;12;12m[48;2;0;25;26m▀[0m[38;2;0;0;0m[48;2;0;0;0m▀[0m[38;2;0;0;0m[48;2;0;0;0m▀[0m[38;2;0;0;0m[48;2;0;57;55m▀[0m[38;2;0;119;118m[48;2;0;62;61m▀[0m[38;2;0;116;119m[48;2;0;70;71m▀[0m[38;2;0;9;9m[48;2;0;42;42m▀[0m[38;2;0;0;0m[48;2;0;0;0m▀[0m[38;2;0;0;0m[48;2;0;0;0m▀[0m[38;2;0;100;97m[48;2;14;100;104m▀[0m[38;2;8;119;111m[48;2;22;135;129m▀[0m[38;2;4;36;32m[48;2;8;50;47m▀[0m[38;2;0;0;0m[48;2;0;0;0m▀[0m[38;2;12;129;114m[48;2;15;109;104m▀[0m[38;2;18;101;93m[48;2;19;98;95m▀[0m[38;2;27;87;82m[48;2;25;87;81m▀[0m[38;2;25;85;81m[48;2;25;85;81m▀[0m[38;2;13;85;80m[48;2;15;85;80m▀[0m[38;2;56;71;68m[48;2;41;72;67m▀[0m[38;2;94;42;42m[48;2;93;47;49m▀[0m[38;2;101;143;142m[48;2;127;140;140m▀[0m[38;2;0;115;113m[48;2;0;127;124m▀[0m
[38;2;33;47;43m[48;2;28;42;37m▀[0m[38;2;32;51;43m[48;2;28;43;38m▀[0m[38;2;35;54;48m[48;2;28;42;38m▀[0m[38;2;26;32;32m[48;2;24;24;22m▀[0m[38;2;37;74;64m[48;2;24;63;54m▀[0m[38;2;4;56;49m[48;2;0;42;38m▀[0m[38;2;20;33;35m[48;2;32;55;55m▀[0m[38;2;0;0;0m[48;2;0;9;0m▀[0m[38;2;13;48;50m[48;2;0;0;0m▀[0m[38;2;0;0;0m[48;2;0;0;0m▀[0m[38;2;0;41;35m[48;2;0;13;6m▀[0m[38;2;2;247;247m[48;2;0;247;247m▀[0m[38;2;0;203;199m[48;2;0;247;247m▀[0m[38;2;0;0;0m[48;2;0;0;0m▀[0m[38;2;0;0;0m[48;2;0;0;0m▀[0m[38;2;0;0;0m[48;2;0;0;0m▀[0m[38;2;5;9;8m[48;2;4;0;0m▀[0m[38;2;13;247;247m[48;2;0;247;247m▀[0m[38;2;4;0;0m[48;2;2;141;141m▀[0m[38;2;0;22;18m[48;2;0;0;0m▀[0m[38;2;0;0;0m[48;2;0;37;33m▀[0m[38;2;0;0;0m[48;2;0;0;0m▀[0m[38;2;2;81;81m[48;2;0;42;38m▀[0m[38;2;0;28;28m[48;2;0;100;98m▀[0m[38;2;1;27;21m[48;2;0;1;0m▀[0m[38;2;0;0;0m[48;2;0;43;39m▀[0m[38;2;0;0;0m[48;2;0;0;0m▀[0m[38;2;0;46;47m[48;2;0;73;75m▀[0m[38;2;9;88;86m[48;2;23;95;95m▀[0m[38;2;247;247;247m[48;2;247;247;247m▀[0m[38;2;247;247;247m[48;2;247;247;247m▀[0m[38;2;247;247;247m[48;2;247;247;247m▀[0m[38;2;235;247;247m[48;2;247;247;247m▀[0m[38;2;152;144;139m[48;2;162;157;156m▀[0m[38;2;60;179;186m[48;2;56;174;182m▀[0m[38;2;111;212;220m[48;2;125;224;237m▀[0m[38;2;113;211;215m[48;2;119;224;239m▀[0m[38;2;113;229;243m[48;2;77;216;233m▀[0m[38;2;110;208;214m[48;2;25;193;196m▀[0m[38;2;147;127;129m[48;2;152;178;178m▀[0m[38;2;232;200;204m[48;2;101;235;239m▀[0m[38;2;247;247;247m[48;2;144;242;247m▀[0m[38;2;101;207;215m[48;2;90;213;227m▀[0m[38;2;101;219;226m[48;2;105;224;237m▀[0m[38;2;77;129;136m[48;2;89;118;127m▀[0m[38;2;247;227;224m[48;2;247;247;247m▀[0m[38;2;184;209;202m[48;2;247;247;247m▀[0m[38;2;247;247;247m[48;2;247;247;247m▀[0m[38;2;247;247;247m[48;2;247;247;247m▀[0m[38;2;170;208;209m[48;2;102;160;161m▀[0m[38;2;0;46;47m[48;2;0;61;63m▀[0m[38;2;0;0;0m[48;2;0;0;0m▀[0m[38;2;0;0;0m[48;2;0;53;44m▀[0m[38;2;0;137;133m[48;2;0;182;174m▀[0m[38;2;0;0;0m[48;2;0;0;0m▀[0m[38;2;0;0;0m[48;2;0;0;0m▀[0m[38;2;0;0;0m[48;2;0;0;0m▀[0m[38;2;0;153;148m[48;2;0;172;166m▀[0m[38;2;0;0;0m[48;2;3;33;33m▀[0m[38;2;0;137;131m[48;2;0;214;206m▀[0m[38;2;0;35;33m[48;2;0;0;0m▀[0m[38;2;0;0;0m[48;2;0;0;0m▀[0m[38;2;6;2;5m[48;2;0;0;0m▀[0m[38;2;25;74;80m[48;2;0;0;0m▀[0m[38;2;22;129;137m[48;2;0;0;0m▀[0m[38;2;6;44;48m[48;2;0;0;0m▀[0m[38;2;0;6;6m[48;2;0;52;50m▀[0m[38;2;13;148;147m[48;2;0;111;105m▀[0m[38;2;14;70;65m[48;2;0;0;0m▀[0m[38;2;8;91;84m[48;2;0;16;14m▀[0m[38;2;21;86;78m[48;2;0;11;9m▀[0m[38;2;13;82;75m[48;2;0;67;61m▀[0m[38;2;16;66;59m[48;2;7;64;56m▀[0m[38;2;77;45;46m[48;2;37;18;19m▀[0m[38;2;153;146;151m[48;2;150;132;136m▀[0m[38;2;0;143;136m[48;2;0;150;150m▀[0m
[38;2;28;42;37m[48;2;28;41;35m▀[0m[38;2;28;42;37m[48;2;27;41;36m▀[0m[38;2;28;42;37m[48;2;28;42;38m▀[0m[38;2;21;23;21m[48;2;17;20;16m▀[0m[38;2;14;58;51m[48;2;0;59;49m▀[0m[38;2;0;29;28m[48;2;0;0;0m▀[0m[38;2;0;0;0m[48;2;103;95;96m▀[0m[38;2;0;4;0m[48;2;247;247;247m▀[0m[38;2;53;45;43m[48;2;247;247;247m▀[0m[38;2;0;51;48m[48;2;247;247;247m▀[0m[38;2;0;32;22m[48;2;155;138;136m▀[0m[38;2;0;247;247m[48;2;0;92;86m▀[0m[38;2;0;247;247m[48;2;0;247;247m▀[0m[38;2;0;90;82m[48;2;0;247;247m▀[0m[38;2;0;0;0m[48;2;0;0;0m▀[0m[38;2;0;0;0m[48;2;0;0;0m▀[0m[38;2;7;7;2m[48;2;0;9;6m▀[0m[38;2;4;161;162m[48;2;0;107;99m▀[0m[38;2;0;247;247m[48;2;0;247;247m▀[0m[38;2;0;21;18m[48;2;0;126;128m▀[0m[38;2;0;71;64m[48;2;0;52;51m▀[0m[38;2;0;0;0m[48;2;0;29;28m▀[0m[38;2;0;0;0m[48;2;0;0;0m▀[0m[38;2;0;195;190m[48;2;0;136;129m▀[0m[38;2;0;0;0m[48;2;0;83;81m▀[0m[38;2;0;127;115m[48;2;0;0;0m▀[0m[38;2;0;0;0m[48;2;0;55;50m▀[0m[38;2;0;61;62m[48;2;0;39;41m▀[0m[38;2;11;93;90m[48;2;0;83;84m▀[0m[38;2;247;247;247m[48;2;247;247;247m▀[0m[38;2;247;247;247m[48;2;247;247;247m▀[0m[38;2;247;247;247m[48;2;247;247;247m▀[0m[38;2;247;247;247m[48;2;247;247;247m▀[0m[38;2;173;166;166m[48;2;185;185;185m▀[0m[38;2;52;171;185m[48;2;0;147;165m▀[0m[38;2;91;225;243m[48;2;0;142;119m▀[0m[38;2;0;162;155m[48;2;0;37;0m▀[0m[38;2;0;94;61m[48;2;0;23;0m▀[0m[38;2;0;41;0m[48;2;0;0;0m▀[0m[38;2;170;148;146m[48;2;247;199;208m▀[0m[38;2;0;53;8m[48;2;22;68;34m▀[0m[38;2;0;86;41m[48;2;0;0;0m▀[0m[38;2;0;144;124m[48;2;0;39;0m▀[0m[38;2;0;182;193m[48;2;0;79;62m▀[0m[38;2;105;131;141m[48;2;108;152;163m▀[0m[38;2;247;247;247m[48;2;247;247;247m▀[0m[38;2;247;247;247m[48;2;247;247;247m▀[0m[38;2;247;247;247m[48;2;247;247;247m▀[0m[38;2;247;247;247m[48;2;247;247;247m▀[0m[38;2;12;96;97m[48;2;0;57;60m▀[0m[38;2;0;56;56m[48;2;0;24;21m▀[0m[38;2;122;62;60m[48;2;247;247;247m▀[0m[38;2;0;184;167m[48;2;158;151;147m▀[0m[38;2;0;59;55m[48;2;0;0;0m▀[0m[38;2;0;0;0m[48;2;0;0;0m▀[0m[38;2;0;0;0m[48;2;0;0;0m▀[0m[38;2;0;0;0m[48;2;0;225;224m▀[0m[38;2;0;222;222m[48;2;0;189;189m▀[0m[38;2;0;99;100m[48;2;0;161;158m▀[0m[38;2;0;224;214m[48;2;0;129;127m▀[0m[38;2;0;0;0m[48;2;0;0;0m▀[0m[38;2;0;0;0m[48;2;0;6;8m▀[0m[38;2;0;5;3m[48;2;0;54;54m▀[0m[38;2;0;0;0m[48;2;0;104;118m▀[0m[38;2;0;0;0m[48;2;0;0;0m▀[0m[38;2;0;0;0m[48;2;212;198;198m▀[0m[38;2;0;23;22m[48;2;247;247;247m▀[0m[38;2;53;101;101m[48;2;247;247;247m▀[0m[38;2;247;214;214m[48;2;247;247;247m▀[0m[38;2;247;247;247m[48;2;247;247;247m▀[0m[38;2;163;146;145m[48;2;247;247;247m▀[0m[38;2;0;4;0m[48;2;247;247;247m▀[0m[38;2;0;32;24m[48;2;0;32;24m▀[0m[38;2;30;19;19m[48;2;0;0;0m▀[0m[38;2;134;104;108m[48;2;165;135;140m▀[0m[38;2;0;135;133m[48;2;151;241;235m▀[0m
[38;2;32;48;43m[48;2;15;22;20m▀[0m[38;2;28;47;41m[48;2;13;19;16m▀[0m[38;2;26;40;37m[48;2;11;15;14m▀[0m[38;2;7;26;20m[48;2;0;0;0m▀[0m[38;2;0;22;13m[48;2;65;86;81m▀[0m[38;2;169;171;169m[48;2;247;247;247m▀[0m[38;2;247;247;247m[48;2;247;247;247m▀[0m[38;2;247;247;247m[48;2;247;247;247m▀[0m[38;2;247;247;247m[48;2;247;247;247m▀[0m[38;2;247;247;247m[48;2;247;247;247m▀[0m[38;2;247;247;247m[48;2;247;247;247m▀[0m[38;2;247;223;224m[48;2;247;247;247m▀[0m[38;2;153;112;110m[48;2;247;247;247m▀[0m[38;2;0;172;168m[48;2;247;247;247m▀[0m[38;2;0;118;113m[48;2;163;170;171m▀[0m[38;2;0;0;0m[48;2;0;84;80m▀[0m[38;2;0;0;0m[48;2;0;125;121m▀[0m[38;2;0;90;78m[48;2;4;132;124m▀[0m[38;2;0;181;170m[48;2;14;77;70m▀[0m[38;2;0;247;247m[48;2;6;173;167m▀[0m[38;2;0;33;33m[48;2;9;212;201m▀[0m[38;2;0;116;116m[48;2;38;157;152m▀[0m[38;2;0;0;0m[48;2;31;132;129m▀[0m[38;2;0;0;0m[48;2;14;83;75m▀[0m[38;2;0;193;187m[48;2;0;136;120m▀[0m[38;2;0;0;0m[48;2;37;115;109m▀[0m[38;2;129;65;68m[48;2;247;247;247m▀[0m[38;2;0;71;70m[48;2;0;44;43m▀[0m[38;2;0;57;60m[48;2;0;45;45m▀[0m[38;2;247;247;247m[48;2;233;236;238m▀[0m[38;2;247;247;247m[48;2;247;247;247m▀[0m[38;2;247;247;247m[48;2;247;247;247m▀[0m[38;2;247;247;247m[48;2;247;247;247m▀[0m[38;2;204;207;215m[48;2;210;226;239m▀[0m[38;2;0;52;25m[48;2;0;0;0m▀[0m[38;2;0;39;0m[48;2;0;24;0m▀[0m[38;2;0;11;0m[48;2;0;104;70m▀[0m[38;2;0;102;61m[48;2;75;132;127m▀[0m[38;2;0;108;78m[48;2;227;183;194m▀[0m[38;2;247;247;247m[48;2;247;247;247m▀[0m[38;2;233;207;218m[48;2;247;236;247m▀[0m[38;2;0;49;18m[48;2;129;177;176m▀[0m[38;2;0;23;0m[48;2;0;83;49m▀[0m[38;2;0;0;0m[48;2;0;0;0m▀[0m[38;2;135;170;179m[48;2;163;182;190m▀[0m[38;2;247;247;247m[48;2;247;247;247m▀[0m[38;2;247;247;247m[48;2;247;247;247m▀[0m[38;2;247;247;247m[48;2;247;247;247m▀[0m[38;2;155;184;184m[48;2;49;116;116m▀[0m[38;2;0;44;44m[48;2;0;59;58m▀[0m[38;2;0;21;22m[48;2;0;29;29m▀[0m[38;2;166;199;202m[48;2;46;157;164m▀[0m[38;2;247;247;247m[48;2;247;247;247m▀[0m[38;2;0;0;0m[48;2;130;114;112m▀[0m[38;2;0;0;0m[48;2;0;96;84m▀[0m[38;2;0;47;48m[48;2;11;238;232m▀[0m[38;2;0;247;247m[48;2;33;152;149m▀[0m[38;2;0;97;95m[48;2;19;195;193m▀[0m[38;2;0;247;247m[48;2;17;198;196m▀[0m[38;2;0;0;0m[48;2;13;154;148m▀[0m[38;2;0;78;78m[48;2;0;247;247m▀[0m[38;2;0;240;229m[48;2;0;194;187m▀[0m[38;2;0;62;56m[48;2;0;25;21m▀[0m[38;2;45;76;81m[48;2;247;247;247m▀[0m[38;2;247;247;247m[48;2;247;247;247m▀[0m[38;2;247;247;247m[48;2;247;247;247m▀[0m[38;2;247;247;247m[48;2;247;247;247m▀[0m[38;2;247;247;247m[48;2;241;247;247m▀[0m[38;2;247;247;247m[48;2;237;244;247m▀[0m[38;2;247;247;247m[48;2;238;243;247m▀[0m[38;2;247;247;247m[48;2;247;247;247m▀[0m[38;2;247;247;247m[48;2;247;247;247m▀[0m[38;2;247;247;247m[48;2;247;247;247m▀[0m[38;2;0;0;0m[48;2;118;124;127m▀[0m[38;2;136;96;103m[48;2;51;98;102m▀[0m[38;2;132;78;81m[48;2;55;127;128m▀[0m
[38;2;24;53;63m[48;2;31;46;38m▀[0m[38;2;20;28;28m[48;2;29;47;39m▀[0m[38;2;10;13;12m[48;2;30;43;40m▀[0m[38;2;0;0;0m[48;2;0;0;0m▀[0m[38;2;206;204;201m[48;2;150;182;181m▀[0m[38;2;247;247;247m[48;2;247;247;247m▀[0m[38;2;247;247;247m[48;2;247;247;247m▀[0m[38;2;243;247;247m[48;2;238;247;247m▀[0m[38;2;235;241;247m[48;2;234;242;245m▀[0m[38;2;235;241;245m[48;2;235;241;245m▀[0m[38;2;239;247;247m[48;2;234;241;245m▀[0m[38;2;247;247;247m[48;2;238;241;243m▀[0m[38;2;247;247;247m[48;2;245;247;247m▀[0m[38;2;247;247;247m[48;2;247;247;247m▀[0m[38;2;247;247;247m[48;2;195;199;198m▀[0m[38;2;245;196;200m[48;2;247;229;226m▀[0m[38;2;0;66;60m[48;2;175;149;149m▀[0m[38;2;0;156;149m[48;2;0;52;48m▀[0m[38;2;0;148;147m[48;2;0;166;159m▀[0m[38;2;0;129;130m[48;2;0;187;179m▀[0m[38;2;0;140;144m[48;2;0;188;183m▀[0m[38;2;0;153;152m[48;2;0;195;191m▀[0m[38;2;0;161;160m[48;2;0;179;171m▀[0m[38;2;0;178;176m[48;2;0;194;183m▀[0m[38;2;0;82;74m[48;2;0;30;26m▀[0m[38;2;222;151;152m[48;2;247;247;247m▀[0m[38;2;247;247;247m[48;2;161;247;247m▀[0m[38;2;0;18;18m[48;2;0;38;41m▀[0m[38;2;0;36;36m[48;2;0;31;31m▀[0m[38;2;185;205;204m[48;2;116;161;161m▀[0m[38;2;247;247;247m[48;2;247;247;247m▀[0m[38;2;247;247;247m[48;2;247;247;247m▀[0m[38;2;247;247;247m[48;2;247;247;247m▀[0m[38;2;199;236;247m[48;2;178;242;247m▀[0m[38;2;0;0;0m[48;2;0;0;0m▀[0m[38;2;0;60;17m[48;2;0;124;87m▀[0m[38;2;134;194;194m[48;2;56;156;120m▀[0m[38;2;247;247;247m[48;2;2;153;104m▀[0m[38;2;6;0;0m[48;2;0;77;43m▀[0m[38;2;247;247;247m[48;2;141;138;141m▀[0m[38;2;124;97;101m[48;2;0;103;91m▀[0m[38;2;247;247;247m[48;2;0;62;38m▀[0m[38;2;187;219;214m[48;2;105;200;184m▀[0m[38;2;0;4;0m[48;2;0;45;30m▀[0m[38;2;194;197;206m[48;2;206;209;224m▀[0m[38;2;247;247;247m[48;2;247;247;247m▀[0m[38;2;247;247;247m[48;2;247;247;247m▀[0m[38;2;247;247;247m[48;2;131;176;176m▀[0m[38;2;0;63;63m[48;2;0;53;50m▀[0m[38;2;0;81;79m[48;2;8;87;87m▀[0m[38;2;0;28;24m[48;2;0;37;36m▀[0m[38;2;64;182;186m[48;2;100;211;215m▀[0m[38;2;226;247;247m[48;2;119;239;244m▀[0m[38;2;247;221;221m[48;2;247;247;247m▀[0m[38;2;0;46;45m[48;2;0;64;60m▀[0m[38;2;0;130;128m[48;2;0;175;168m▀[0m[38;2;6;121;122m[48;2;0;194;191m▀[0m[38;2;7;115;118m[48;2;1;215;209m▀[0m[38;2;1;115;112m[48;2;19;232;226m▀[0m[38;2;0;129;128m[48;2;0;166;160m▀[0m[38;2;0;131;130m[48;2;0;0;0m▀[0m[38;2;0;10;7m[48;2;107;73;71m▀[0m[38;2;203;148;143m[48;2;247;247;247m▀[0m[38;2;247;247;247m[48;2;247;247;247m▀[0m[38;2;247;247;247m[48;2;244;247;247m▀[0m[38;2;247;247;247m[48;2;237;242;247m▀[0m[38;2;235;242;247m[48;2;234;242;245m▀[0m[38;2;235;242;245m[48;2;235;242;245m▀[0m[38;2;235;241;245m[48;2;234;242;244m▀[0m[38;2;234;241;245m[48;2;233;242;244m▀[0m[38;2;242;246;247m[48;2;241;247;247m▀[0m[38;2;247;247;247m[48;2;247;247;247m▀[0m[38;2;247;247;247m[48;2;247;247;247m▀[0m[38;2;68;140;136m[48;2;0;78;74m▀[0m[38;2;0;133;123m[48;2;0;32;29m▀[0m[38;2;0;178;168m[48;2;0;48;48m▀[0m
[38;2;28;42;37m[48;2;27;42;37m▀[0m[38;2;27;41;36m[48;2;27;41;36m▀[0m[38;2;25;43;38m[48;2;27;44;39m▀[0m[38;2;0;0;0m[48;2;0;0;0m▀[0m[38;2;6;73;75m[48;2;0;0;0m▀[0m[38;2;247;247;247m[48;2;150;247;247m▀[0m[38;2;247;247;247m[48;2;247;247;247m▀[0m[38;2;240;246;247m[48;2;247;247;247m▀[0m[38;2;232;241;244m[48;2;237;243;240m▀[0m[38;2;233;241;244m[48;2;231;242;242m▀[0m[38;2;235;242;245m[48;2;231;242;242m▀[0m[38;2;235;241;245m[48;2;233;242;244m▀[0m[38;2;238;241;247m[48;2;233;242;244m▀[0m[38;2;244;247;247m[48;2;237;244;247m▀[0m[38;2;247;247;247m[48;2;240;246;247m▀[0m[38;2;228;226;232m[48;2;247;247;247m▀[0m[38;2;247;246;246m[48;2;247;247;247m▀[0m[38;2;85;60;62m[48;2;247;247;247m▀[0m[38;2;0;0;0m[48;2;79;45;46m▀[0m[38;2;0;0;0m[48;2;0;0;0m▀[0m[38;2;0;0;0m[48;2;0;0;0m▀[0m[38;2;0;0;0m[48;2;0;0;0m▀[0m[38;2;0;0;0m[48;2;0;0;0m▀[0m[38;2;0;0;0m[48;2;0;0;0m▀[0m[38;2;84;47;47m[48;2;226;176;174m▀[0m[38;2;247;247;247m[48;2;228;247;247m▀[0m[38;2;97;242;247m[48;2;91;240;247m▀[0m[38;2;22;70;70m[48;2;45;102;103m▀[0m[38;2;0;31;31m[48;2;0;38;37m▀[0m[38;2;39;118;114m[48;2;0;84;81m▀[0m[38;2;247;247;247m[48;2;247;247;247m▀[0m[38;2;247;247;247m[48;2;247;247;247m▀[0m[38;2;247;247;247m[48;2;247;247;247m▀[0m[38;2;153;231;247m[48;2;127;216;239m▀[0m[38;2;0;0;0m[48;2;0;7;0m▀[0m[38;2;0;38;0m[48;2;0;28;0m▀[0m[38;2;0;106;69m[48;2;0;41;14m▀[0m[38;2;0;59;34m[48;2;63;89;86m▀[0m[38;2;159;161;159m[48;2;247;247;247m▀[0m[38;2;247;237;242m[48;2;247;247;247m▀[0m[38;2;75;98;98m[48;2;247;231;239m▀[0m[38;2;0;97;74m[48;2;0;24;5m▀[0m[38;2;0;52;14m[48;2;0;60;1m▀[0m[38;2;0;0;0m[48;2;0;0;0m▀[0m[38;2;222;238;244m[48;2;243;247;247m▀[0m[38;2;247;247;247m[48;2;247;247;247m▀[0m[38;2;247;247;247m[48;2;207;230;232m▀[0m[38;2;14;104;104m[48;2;0;79;79m▀[0m[38;2;0;77;77m[48;2;12;105;105m▀[0m[38;2;3;78;74m[48;2;0;68;67m▀[0m[38;2;16;59;60m[48;2;40;89;92m▀[0m[38;2;121;234;241m[48;2;125;245;247m▀[0m[38;2;72;204;209m[48;2;67;197;202m▀[0m[38;2;247;247;247m[48;2;194;247;247m▀[0m[38;2;139;97;97m[48;2;247;224;226m▀[0m[38;2;0;0;0m[48;2;0;0;0m▀[0m[38;2;0;0;0m[48;2;0;0;0m▀[0m[38;2;0;0;0m[48;2;0;0;0m▀[0m[38;2;0;6;2m[48;2;0;0;0m▀[0m[38;2;0;0;0m[48;2;15;0;0m▀[0m[38;2;59;24;24m[48;2;247;247;247m▀[0m[38;2;247;247;247m[48;2;247;247;247m▀[0m[38;2;247;247;247m[48;2;247;247;247m▀[0m[38;2;247;247;247m[48;2;240;247;247m▀[0m[38;2;239;245;247m[48;2;233;242;244m▀[0m[38;2;234;242;245m[48;2;232;243;241m▀[0m[38;2;233;242;244m[48;2;232;243;241m▀[0m[38;2;233;242;244m[48;2;232;241;241m▀[0m[38;2;233;242;242m[48;2;230;241;241m▀[0m[38;2;238;244;241m[48;2;236;245;243m▀[0m[38;2;247;247;247m[48;2;247;247;247m▀[0m[38;2;247;247;247m[48;2;247;247;247m▀[0m[38;2;190;247;247m[48;2;75;182;192m▀[0m[38;2;0;0;0m[48;2;0;98;91m▀[0m[38;2;0;0;0m[48;2;0;194;185m▀[0m[38;2;0;0;0m[48;2;0;203;199m▀[0m
[38;2;27;41;37m[48;2;28;41;35m▀[0m[38;2;27;42;37m[48;2;27;42;37m▀[0m[38;2;29;41;37m[48;2;28;38;32m▀[0m[38;2;5;13;8m[48;2;19;41;33m▀[0m[38;2;0;0;0m[48;2;0;0;0m▀[0m[38;2;58;203;214m[48;2;39;166;168m▀[0m[38;2;229;247;247m[48;2;136;247;247m▀[0m[38;2;247;247;247m[48;2;247;247;247m▀[0m[38;2;234;241;242m[48;2;234;243;247m▀[0m[38;2;232;241;241m[48;2;227;240;241m▀[0m[38;2;230;241;243m[48;2;226;241;241m▀[0m[38;2;230;243;243m[48;2;228;241;242m▀[0m[38;2;232;241;243m[48;2;230;241;243m▀[0m[38;2;231;242;242m[48;2;230;241;243m▀[0m[38;2;235;244;242m[48;2;231;242;242m▀[0m[38;2;240;247;247m[48;2;234;243;241m▀[0m[38;2;247;247;247m[48;2;240;247;247m▀[0m[38;2;247;247;247m[48;2;247;247;247m▀[0m[38;2;247;247;247m[48;2;247;247;247m▀[0m[38;2;58;66;68m[48;2;247;247;247m▀[0m[38;2;0;0;0m[48;2;76;80;80m▀[0m[38;2;0;15;22m[48;2;0;0;0m▀[0m[38;2;0;0;0m[48;2;0;0;0m▀[0m[38;2;0;0;0m[48;2;211;194;194m▀[0m[38;2;247;247;247m[48;2;247;247;247m▀[0m[38;2;124;236;242m[48;2;48;182;190m▀[0m[38;2;101;238;247m[48;2;105;239;247m▀[0m[38;2;68;135;142m[48;2;89;172;175m▀[0m[38;2;0;46;45m[48;2;0;57;56m▀[0m[38;2;0;75;68m[48;2;0;98;95m▀[0m[38;2;195;222;222m[48;2;78;161;160m▀[0m[38;2;247;247;247m[48;2;247;247;247m▀[0m[38;2;247;247;247m[48;2;247;247;247m▀[0m[38;2;102;207;231m[48;2;83;207;228m▀[0m[38;2;0;9;0m[48;2;0;20;0m▀[0m[38;2;0;48;0m[48;2;0;65;0m▀[0m[38;2;0;35;0m[48;2;0;0;0m▀[0m[38;2;234;202;204m[48;2;214;171;183m▀[0m[38;2;247;247;247m[48;2;247;247;247m▀[0m[38;2;247;247;247m[48;2;247;247;247m▀[0m[38;2;247;247;247m[48;2;247;247;247m▀[0m[38;2;85;82;90m[48;2;73;73;83m▀[0m[38;2;0;20;0m[48;2;0;0;0m▀[0m[38;2;0;0;0m[48;2;0;18;0m▀[0m[38;2;247;247;247m[48;2;247;247;247m▀[0m[38;2;247;247;247m[48;2;247;247;247m▀[0m[38;2;79;168;170m[48;2;0;137;140m▀[0m[38;2;0;100;100m[48;2;10;129;130m▀[0m[38;2;22;123;125m[48;2;21;140;141m▀[0m[38;2;0;65;64m[48;2;6;70;71m▀[0m[38;2;70;132;135m[48;2;96;179;185m▀[0m[38;2;119;239;247m[48;2;111;225;232m▀[0m[38;2;76;199;203m[48;2;90;214;218m▀[0m[38;2;102;226;229m[48;2;27;175;180m▀[0m[38;2;247;247;247m[48;2;228;247;247m▀[0m[38;2;0;0;0m[48;2;247;242;241m▀[0m[38;2;0;0;0m[48;2;0;0;0m▀[0m[38;2;0;0;0m[48;2;0;0;0m▀[0m[38;2;0;0;0m[48;2;247;247;247m▀[0m[38;2;247;247;247m[48;2;247;247;247m▀[0m[38;2;247;247;247m[48;2;247;247;247m▀[0m[38;2;247;247;247m[48;2;247;247;247m▀[0m[38;2;240;247;247m[48;2;239;247;246m▀[0m[38;2;231;245;242m[48;2;230;241;243m▀[0m[38;2;232;241;241m[48;2;229;242;243m▀[0m[38;2;232;241;241m[48;2;227;241;242m▀[0m[38;2;232;241;241m[48;2;225;241;242m▀[0m[38;2;228;242;242m[48;2;224;241;241m▀[0m[38;2;228;239;242m[48;2;227;240;240m▀[0m[38;2;238;242;246m[48;2;247;247;247m▀[0m[38;2;247;247;247m[48;2;247;247;247m▀[0m[38;2;155;247;247m[48;2;96;242;247m▀[0m[38;2;34;142;146m[48;2;32;109;114m▀[0m[38;2;0;0;0m[48;2;3;14;10m▀[0m[38;2;0;26;25m[48;2;24;16;13m▀[0m[38;2;0;36;37m[48;2;0;0;0m▀[0m
[38;2;28;42;37m[48;2;27;30;30m▀[0m[38;2;27;42;37m[48;2;26;30;27m▀[0m[38;2;29;36;32m[48;2;28;28;26m▀[0m[38;2;31;71;66m[48;2;23;63;57m▀[0m[38;2;0;0;0m[48;2;0;0;0m▀[0m[38;2;35;125;125m[48;2;29;66;64m▀[0m[38;2;80;245;247m[48;2;63;240;247m▀[0m[38;2;243;247;247m[48;2;161;231;235m▀[0m[38;2;247;247;247m[48;2;247;247;247m▀[0m[38;2;227;242;239m[48;2;228;243;241m▀[0m[38;2;224;240;241m[48;2;221;240;240m▀[0m[38;2;225;240;240m[48;2;222;240;240m▀[0m[38;2;226;240;241m[48;2;223;240;240m▀[0m[38;2;227;241;242m[48;2;226;242;244m▀[0m[38;2;231;244;241m[48;2;226;244;245m▀[0m[38;2;236;245;245m[48;2;232;247;247m▀[0m[38;2;234;247;247m[48;2;247;247;247m▀[0m[38;2;247;247;247m[48;2;243;247;247m▀[0m[38;2;247;247;247m[48;2;137;140;137m▀[0m[38;2;247;247;247m[48;2;101;101;101m▀[0m[38;2;161;166;166m[48;2;202;204;204m▀[0m[38;2;79;73;70m[48;2;247;247;247m▀[0m[38;2;247;247;247m[48;2;247;247;247m▀[0m[38;2;247;247;247m[48;2;247;247;247m▀[0m[38;2;230;247;247m[48;2;247;247;247m▀[0m[38;2;7;137;139m[48;2;135;232;235m▀[0m[38;2;59;160;164m[48;2;7;136;137m▀[0m[38;2;111;216;224m[48;2;85;171;178m▀[0m[38;2;11;72;74m[48;2;39;115;118m▀[0m[38;2;0;140;140m[48;2;16;160;162m▀[0m[38;2;0;131;129m[48;2;0;153;159m▀[0m[38;2;247;247;247m[48;2;132;213;214m▀[0m[38;2;235;247;247m[48;2;148;231;237m▀[0m[38;2;78;207;229m[48;2;102;217;240m▀[0m[38;2;0;16;0m[48;2;0;18;0m▀[0m[38;2;0;56;0m[48;2;0;45;0m▀[0m[38;2;0;0;0m[48;2;0;49;27m▀[0m[38;2;247;211;221m[48;2;247;247;247m▀[0m[38;2;247;247;247m[48;2;247;247;247m▀[0m[38;2;247;247;247m[48;2;247;247;247m▀[0m[38;2;247;247;247m[48;2;247;247;247m▀[0m[38;2;0;46;37m[48;2;106;138;137m▀[0m[38;2;0;12;0m[48;2;0;37;0m▀[0m[38;2;0;41;31m[48;2;0;70;61m▀[0m[38;2;247;247;247m[48;2;139;247;247m▀[0m[38;2;165;232;234m[48;2;68;199;208m▀[0m[38;2;0;150;152m[48;2;27;175;179m▀[0m[38;2;30;153;157m[48;2;38;172;176m▀[0m[38;2;20;156;158m[48;2;28;159;164m▀[0m[38;2;22;86;86m[48;2;40;102;102m▀[0m[38;2;115;209;216m[48;2;123;246;247m▀[0m[38;2;111;231;239m[48;2;68;155;161m▀[0m[38;2;40;149;152m[48;2;0;105;107m▀[0m[38;2;30;129;126m[48;2;220;247;247m▀[0m[38;2;247;247;247m[48;2;247;247;247m▀[0m[38;2;247;247;247m[48;2;247;247;247m▀[0m[38;2;247;247;247m[48;2;247;247;247m▀[0m[38;2;181;178;180m[48;2;247;247;247m▀[0m[38;2;126;129;129m[48;2;237;239;241m▀[0m[38;2;198;204;204m[48;2;119;121;119m▀[0m[38;2;247;247;247m[48;2;97;103;103m▀[0m[38;2;247;247;247m[48;2;216;228;226m▀[0m[38;2;232;244;247m[48;2;247;247;247m▀[0m[38;2;228;245;246m[48;2;230;247;247m▀[0m[38;2;225;241;245m[48;2;224;244;247m▀[0m[38;2;224;240;241m[48;2;224;243;243m▀[0m[38;2;224;240;241m[48;2;220;240;240m▀[0m[38;2;222;240;241m[48;2;221;239;238m▀[0m[38;2;227;242;240m[48;2;237;246;245m▀[0m[38;2;247;247;247m[48;2;247;247;247m▀[0m[38;2;163;231;238m[48;2;85;219;224m▀[0m[38;2;77;240;247m[48;2;78;228;235m▀[0m[38;2;9;39;40m[48;2;0;0;0m▀[0m[38;2;17;69;62m[48;2;23;67;60m▀[0m[38;2;31;88;85m[48;2;40;96;92m▀[0m[38;2;6;5;3m[48;2;0;0;0m▀[0m
[38;2;26;49;52m[48;2;29;44;40m▀[0m[38;2;25;43;42m[48;2;28;43;40m▀[0m[38;2;22;41;40m[48;2;32;59;51m▀[0m[38;2;18;53;53m[48;2;23;64;62m▀[0m[38;2;0;0;0m[48;2;7;0;0m▀[0m[38;2;0;0;0m[48;2;0;0;0m▀[0m[38;2;67;228;236m[48;2;67;194;204m▀[0m[38;2;80;212;219m[48;2;49;215;225m▀[0m[38;2;247;247;247m[48;2;179;233;233m▀[0m[38;2;239;247;246m[48;2;247;247;247m▀[0m[38;2;222;241;237m[48;2;226;245;245m▀[0m[38;2;221;241;241m[48;2;220;244;241m▀[0m[38;2;223;243;243m[48;2;232;247;247m▀[0m[38;2;226;243;243m[48;2;247;247;247m▀[0m[38;2;247;247;247m[48;2;178;192;190m▀[0m[38;2;247;247;247m[48;2;76;85;85m▀[0m[38;2;148;157;156m[48;2;128;140;138m▀[0m[38;2;78;82;82m[48;2;244;247;247m▀[0m[38;2;161;167;166m[48;2;247;247;247m▀[0m[38;2;247;247;247m[48;2;232;247;247m▀[0m[38;2;247;247;247m[48;2;227;246;247m▀[0m[38;2;240;247;247m[48;2;227;244;246m▀[0m[38;2;243;247;247m[48;2;226;243;244m▀[0m[38;2;247;247;247m[48;2;235;244;246m▀[0m[38;2;247;247;247m[48;2;247;247;247m▀[0m[38;2;229;246;247m[48;2;247;247;247m▀[0m[38;2;37;203;210m[48;2;72;206;209m▀[0m[38;2;57;151;155m[48;2;57;219;222m▀[0m[38;2;42;95;92m[48;2;23;50;45m▀[0m[38;2;38;165;172m[48;2;40;146;150m▀[0m[38;2;47;186;192m[48;2;59;209;213m▀[0m[38;2;49;188;191m[48;2;80;199;204m▀[0m[38;2;86;209;220m[48;2;92;214;222m▀[0m[38;2;125;229;247m[48;2;116;235;247m▀[0m[38;2;0;30;14m[48;2;0;27;9m▀[0m[38;2;0;1;0m[48;2;0;34;0m▀[0m[38;2;32;65;52m[48;2;44;116;101m▀[0m[38;2;247;247;247m[48;2;247;247;247m▀[0m[38;2;247;247;247m[48;2;247;247;247m▀[0m[38;2;247;247;247m[48;2;247;247;247m▀[0m[38;2;247;247;247m[48;2;247;247;247m▀[0m[38;2;155;140;143m[48;2;195;192;191m▀[0m[38;2;0;0;0m[48;2;0;0;0m▀[0m[38;2;14;97;89m[48;2;20;100;98m▀[0m[38;2;101;247;247m[48;2;108;247;247m▀[0m[38;2;63;198;204m[48;2;72;201;207m▀[0m[38;2;48;184;193m[48;2;62;191;196m▀[0m[38;2;52;199;201m[48;2;64;212;216m▀[0m[38;2;37;146;151m[48;2;39;135;139m▀[0m[38;2;66;150;153m[48;2;65;158;158m▀[0m[38;2;93;199;199m[48;2;41;133;132m▀[0m[38;2;0;103;103m[48;2;2;190;197m▀[0m[38;2;78;221;226m[48;2;188;234;237m▀[0m[38;2;247;247;247m[48;2;247;247;247m▀[0m[38;2;247;247;247m[48;2;232;246;244m▀[0m[38;2;239;245;245m[48;2;228;239;242m▀[0m[38;2;234;247;247m[48;2;224;241;246m▀[0m[38;2;232;247;247m[48;2;224;242;246m▀[0m[38;2;247;247;247m[48;2;226;243;247m▀[0m[38;2;247;247;247m[48;2;225;243;247m▀[0m[38;2;194;201;204m[48;2;247;247;247m▀[0m[38;2;84;92;91m[48;2;247;247;247m▀[0m[38;2;134;141;142m[48;2;152;160;160m▀[0m[38;2;243;247;247m[48;2;78;91;88m▀[0m[38;2;247;247;247m[48;2;175;195;192m▀[0m[38;2;216;245;242m[48;2;247;247;247m▀[0m[38;2;222;246;242m[48;2;236;247;247m▀[0m[38;2;227;243;243m[48;2;233;247;247m▀[0m[38;2;247;247;247m[48;2;247;247;247m▀[0m[38;2;191;236;236m[48;2;98;207;212m▀[0m[38;2;65;228;237m[48;2;82;247;247m▀[0m[38;2;65;179;186m[48;2;32;99;100m▀[0m[38;2;0;0;0m[48;2;0;0;0m▀[0m[38;2;25;68;62m[48;2;23;57;53m▀[0m[38;2;46;109;105m[48;2;47;119;111m▀[0m[38;2;0;0;0m[48;2;0;0;0m▀[0m
[38;2;26;40;36m[48;2;27;41;37m▀[0m[38;2;26;39;32m[48;2;27;41;36m▀[0m[38;2;31;49;45m[48;2;30;49;43m▀[0m[38;2;14;32;25m[48;2;11;19;14m▀[0m[38;2;11;9;3m[48;2;16;15;9m▀[0m[38;2;0;0;0m[48;2;14;30;25m▀[0m[38;2;52;140;144m[48;2;23;64;64m▀[0m[38;2;71;238;247m[48;2;86;246;247m▀[0m[38;2;83;204;207m[48;2;35;195;203m▀[0m[38;2;247;247;247m[48;2;186;243;244m▀[0m[38;2;232;247;247m[48;2;247;247;247m▀[0m[38;2;247;247;247m[48;2;161;176;178m▀[0m[38;2;224;241;241m[48;2;69;80;80m▀[0m[38;2;103;111;114m[48;2;172;188;187m▀[0m[38;2;97;103;106m[48;2;247;247;247m▀[0m[38;2;214;232;232m[48;2;241;247;247m▀[0m[38;2;247;247;247m[48;2;222;244;240m▀[0m[38;2;230;247;247m[48;2;224;244;243m▀[0m[38;2;225;243;246m[48;2;218;241;241m▀[0m[38;2;226;244;247m[48;2;218;242;239m▀[0m[38;2;223;242;243m[48;2;218;242;239m▀[0m[38;2;223;240;241m[48;2;219;238;238m▀[0m[38;2;223;240;241m[48;2;220;242;240m▀[0m[38;2;224;241;242m[48;2;220;242;240m▀[0m[38;2;238;244;247m[48;2;229;241;244m▀[0m[38;2;247;247;247m[48;2;247;247;247m▀[0m[38;2;114;210;214m[48;2;150;218;223m▀[0m[38;2;32;212;217m[48;2;9;195;202m▀[0m[38;2;57;158;158m[48;2;59;186;188m▀[0m[38;2;36;125;126m[48;2;39;108;111m▀[0m[38;2;75;221;225m[48;2;83;217;222m▀[0m[38;2;89;201;208m[48;2;85;202;210m▀[0m[38;2;93;215;222m[48;2;91;211;222m▀[0m[38;2;117;230;245m[48;2;112;226;237m▀[0m[38;2;0;45;30m[48;2;0;93;81m▀[0m[38;2;0;18;0m[48;2;0;63;18m▀[0m[38;2;68;81;77m[48;2;56;78;70m▀[0m[38;2;247;247;247m[48;2;247;247;247m▀[0m[38;2;247;247;247m[48;2;247;247;247m▀[0m[38;2;247;247;247m[48;2;247;247;247m▀[0m[38;2;247;247;247m[48;2;247;247;247m▀[0m[38;2;196;188;192m[48;2;182;185;179m▀[0m[38;2;0;0;0m[48;2;0;0;0m▀[0m[38;2;29;116;116m[48;2;42;131;139m▀[0m[38;2;102;245;247m[48;2;91;241;247m▀[0m[38;2;82;202;209m[48;2;76;201;208m▀[0m[38;2;76;198;206m[48;2;79;203;211m▀[0m[38;2;77;216;226m[48;2;78;214;222m▀[0m[38;2;36;108;107m[48;2;10;44;40m▀[0m[38;2;31;108;105m[48;2;38;180;182m▀[0m[38;2;31;195;204m[48;2;4;198;202m▀[0m[38;2;32;195;202m[48;2;86;204;208m▀[0m[38;2;247;247;247m[48;2;247;247;247m▀[0m[38;2;247;247;247m[48;2;236;244;243m▀[0m[38;2;229;242;243m[48;2;225;242;242m▀[0m[38;2;222;240;241m[48;2;218;243;239m▀[0m[38;2;222;240;241m[48;2;217;242;238m▀[0m[38;2;221;240;240m[48;2;222;241;237m▀[0m[38;2;219;242;242m[48;2;217;242;238m▀[0m[38;2;218;243;241m[48;2;217;239;238m▀[0m[38;2;219;244;241m[48;2;216;242;238m▀[0m[38;2;223;247;245m[48;2;220;242;245m▀[0m[38;2;247;247;247m[48;2;218;241;244m▀[0m[38;2;220;237;240m[48;2;230;247;247m▀[0m[38;2;100;109;111m[48;2;247;247;247m▀[0m[38;2;108;114;115m[48;2;163;181;182m▀[0m[38;2;228;247;247m[48;2;73;84;80m▀[0m[38;2;247;247;247m[48;2;190;193;194m▀[0m[38;2;198;242;243m[48;2;97;230;238m▀[0m[38;2;45;201;212m[48;2;61;232;240m▀[0m[38;2;97;247;247m[48;2;74;204;206m▀[0m[38;2;0;0;0m[48;2;0;0;0m▀[0m[38;2;0;0;0m[48;2;0;0;0m▀[0m[38;2;18;42;39m[48;2;10;24;25m▀[0m[38;2;49;125;118m[48;2;50;124;122m▀[0m[38;2;4;4;5m[48;2;7;20;18m▀[0m
[38;2;27;41;37m[48;2;27;41;36m▀[0m[38;2;27;41;39m[48;2;30;44;39m▀[0m[38;2;30;45;41m[48;2;24;38;34m▀[0m[38;2;7;7;1m[48;2;2;2;0m▀[0m[38;2;19;19;16m[48;2;17;24;22m▀[0m[38;2;28;58;57m[48;2;29;63;62m▀[0m[38;2;0;0;0m[48;2;0;0;0m▀[0m[38;2;53;189;195m[48;2;0;71;76m▀[0m[38;2;59;246;247m[48;2;17;189;197m▀[0m[38;2;56;202;207m[48;2;32;78;74m▀[0m[38;2;119;119;116m[48;2;180;198;194m▀[0m[38;2;108;122;122m[48;2;247;247;247m▀[0m[38;2;226;247;247m[48;2;219;247;247m▀[0m[38;2;245;247;247m[48;2;209;240;240m▀[0m[38;2;216;240;243m[48;2;206;240;240m▀[0m[38;2;219;242;245m[48;2;208;237;238m▀[0m[38;2;222;241;242m[48;2;211;237;238m▀[0m[38;2;219;241;243m[48;2;212;238;239m▀[0m[38;2;219;241;241m[48;2;212;237;238m▀[0m[38;2;224;241;241m[48;2;235;247;247m▀[0m[38;2;235;247;247m[48;2;166;185;184m▀[0m[38;2;238;247;247m[48;2;144;164;167m▀[0m[38;2;226;247;243m[48;2;235;247;247m▀[0m[38;2;223;240;240m[48;2;232;247;247m▀[0m[38;2;226;241;241m[48;2;226;241;241m▀[0m[38;2;247;247;247m[48;2;247;247;247m▀[0m[38;2;161;222;226m[48;2;194;231;231m▀[0m[38;2;2;182;191m[48;2;0;172;182m▀[0m[38;2;56;198;202m[48;2;41;209;213m▀[0m[38;2;30;96;97m[48;2;27;98;98m▀[0m[38;2;81;208;216m[48;2;74;194;201m▀[0m[38;2;79;202;209m[48;2;76;208;215m▀[0m[38;2;83;208;219m[48;2;74;209;216m▀[0m[38;2;104;222;233m[48;2;97;219;231m▀[0m[38;2;0;109;107m[48;2;0;114;114m▀[0m[38;2;0;77;19m[48;2;0;78;18m▀[0m[38;2;0;2;0m[48;2;0;0;0m▀[0m[38;2;247;247;247m[48;2;247;247;247m▀[0m[38;2;247;247;247m[48;2;247;247;247m▀[0m[38;2;247;247;247m[48;2;247;247;247m▀[0m[38;2;247;247;247m[48;2;247;247;247m▀[0m[38;2;150;146;143m[48;2;112;111;97m▀[0m[38;2;0;0;0m[48;2;0;0;0m▀[0m[38;2;51;155;162m[48;2;58;165;179m▀[0m[38;2;86;236;247m[48;2;80;230;241m▀[0m[38;2;71;200;208m[48;2;64;198;206m▀[0m[38;2;76;212;223m[48;2;73;220;227m▀[0m[38;2;60;178;183m[48;2;50;146;150m▀[0m[38;2;14;107;107m[48;2;17;133;133m▀[0m[38;2;41;222;225m[48;2;0;202;206m▀[0m[38;2;0;173;181m[48;2;25;188;194m▀[0m[38;2;172;227;229m[48;2;247;247;247m▀[0m[38;2;247;247;247m[48;2;240;247;246m▀[0m[38;2;226;241;241m[48;2;226;242;244m▀[0m[38;2;222;242;240m[48;2;226;244;244m▀[0m[38;2;226;244;245m[48;2;247;247;247m▀[0m[38;2;235;247;247m[48;2;144;170;168m▀[0m[38;2;232;247;247m[48;2;128;157;157m▀[0m[38;2;226;245;247m[48;2;228;246;247m▀[0m[38;2;218;240;240m[48;2;212;240;240m▀[0m[38;2;214;237;239m[48;2;208;237;237m▀[0m[38;2;213;238;238m[48;2;207;236;236m▀[0m[38;2;209;237;241m[48;2;206;236;236m▀[0m[38;2;209;240;239m[48;2;205;236;236m▀[0m[38;2;210;242;240m[48;2;208;239;239m▀[0m[38;2;241;247;247m[48;2;207;238;238m▀[0m[38;2;227;247;247m[48;2;219;247;247m▀[0m[38;2;109;117;116m[48;2;247;247;247m▀[0m[38;2;0;91;96m[48;2;188;190;190m▀[0m[38;2;58;247;247m[48;2;37;120;122m▀[0m[38;2;33;123;127m[48;2;0;0;0m▀[0m[38;2;0;0;0m[48;2;0;0;0m▀[0m[38;2;0;0;0m[48;2;0;0;0m▀[0m[38;2;1;7;6m[48;2;0;0;0m▀[0m[38;2;48;121;119m[48;2;43;111;108m▀[0m[38;2;15;33;33m[48;2;20;46;43m▀[0m
[38;2;27;41;33m[48;2;26;33;29m▀[0m[38;2;28;42;38m[48;2;28;37;32m▀[0m[38;2;20;28;24m[48;2;0;0;0m▀[0m[38;2;0;0;0m[48;2;0;0;0m▀[0m[38;2;6;6;1m[48;2;15;30;28m▀[0m[38;2;14;51;47m[48;2;0;0;0m▀[0m[38;2;0;0;0m[48;2;0;0;0m▀[0m[38;2;0;0;0m[48;2;183;212;212m▀[0m[38;2;116;142;142m[48;2;247;247;247m▀[0m[38;2;247;247;247m[48;2;216;247;247m▀[0m[38;2;247;247;247m[48;2;203;237;237m▀[0m[38;2;208;238;238m[48;2;202;236;236m▀[0m[38;2;205;238;238m[48;2;202;234;233m▀[0m[38;2;202;235;235m[48;2;199;234;233m▀[0m[38;2;203;236;236m[48;2;199;234;234m▀[0m[38;2;205;236;236m[48;2;200;234;234m▀[0m[38;2;206;236;236m[48;2;202;235;235m▀[0m[38;2;207;236;237m[48;2;205;236;236m▀[0m[38;2;207;235;236m[48;2;208;236;236m▀[0m[38;2;232;247;247m[48;2;212;241;243m▀[0m[38;2;149;168;167m[48;2;227;247;247m▀[0m[38;2;92;151;156m[48;2;143;185;185m▀[0m[38;2;145;181;185m[48;2;131;217;223m▀[0m[38;2;212;226;226m[48;2;179;233;233m▀[0m[38;2;233;247;247m[48;2;228;247;247m▀[0m[38;2;240;246;245m[48;2;221;241;244m▀[0m[38;2;247;247;247m[48;2;247;247;247m▀[0m[38;2;46;192;198m[48;2;210;236;241m▀[0m[38;2;17;207;216m[48;2;11;204;214m▀[0m[38;2;25;106;107m[48;2;17;121;118m▀[0m[38;2;59;172;180m[48;2;40;160;162m▀[0m[38;2;70;209;215m[48;2;63;213;222m▀[0m[38;2;69;203;211m[48;2;63;199;207m▀[0m[38;2;91;216;227m[48;2;81;216;226m▀[0m[38;2;14;110;117m[48;2;28;113;121m▀[0m[38;2;0;108;50m[48;2;0;187;176m▀[0m[38;2;0;37;0m[48;2;0;189;179m▀[0m[38;2;247;247;247m[48;2;88;217;231m▀[0m[38;2;247;247;247m[48;2;49;194;201m▀[0m[38;2;247;247;247m[48;2;40;196;198m▀[0m[38;2;247;247;247m[48;2;76;205;211m▀[0m[38;2;124;161;134m[48;2;61;239;241m▀[0m[38;2;0;0;0m[48;2;0;98;93m▀[0m[38;2;63;170;186m[48;2;56;168;176m▀[0m[38;2;72;223;232m[48;2;64;219;226m▀[0m[38;2;62;196;201m[48;2;58;197;205m▀[0m[38;2;73;221;228m[48;2;64;214;224m▀[0m[38;2;34;117;119m[48;2;9;97;97m▀[0m[38;2;0;144;146m[48;2;15;176;182m▀[0m[38;2;27;211;214m[48;2;247;247;247m▀[0m[38;2;240;247;247m[48;2;247;247;247m▀[0m[38;2;247;247;247m[48;2;233;247;247m▀[0m[38;2;226;244;247m[48;2;215;244;241m▀[0m[38;2;218;240;243m[48;2;229;247;247m▀[0m[38;2;244;247;247m[48;2;204;219;219m▀[0m[38;2;179;192;193m[48;2;130;179;178m▀[0m[38;2;122;201;197m[48;2;155;232;228m▀[0m[38;2;103;153;152m[48;2;138;163;161m▀[0m[38;2;212;234;234m[48;2;227;247;247m▀[0m[38;2;211;242;239m[48;2;202;237;237m▀[0m[38;2;203;236;236m[48;2;201;235;234m▀[0m[38;2;204;236;235m[48;2;200;234;234m▀[0m[38;2;204;235;235m[48;2;200;234;233m▀[0m[38;2;202;235;235m[48;2;199;233;233m▀[0m[38;2;200;235;234m[48;2;198;233;233m▀[0m[38;2;199;234;233m[48;2;196;234;232m▀[0m[38;2;204;238;238m[48;2;197;232;231m▀[0m[38;2;208;242;237m[48;2;200;235;235m▀[0m[38;2;247;247;247m[48;2;200;240;240m▀[0m[38;2;247;247;247m[48;2;228;247;247m▀[0m[38;2;71;78;78m[48;2;247;247;247m▀[0m[38;2;0;0;0m[48;2;145;170;170m▀[0m[38;2;0;0;0m[48;2;0;0;0m▀[0m[38;2;0;0;0m[48;2;0;0;0m▀[0m[38;2;35;98;93m[48;2;0;32;25m▀[0m[38;2;20;57;54m[48;2;3;45;38m▀[0m
[38;2;0;0;0m[48;2;63;148;151m▀[0m[38;2;0;0;0m[48;2;85;179;183m▀[0m[38;2;24;36;37m[48;2;101;226;233m▀[0m[38;2;107;238;233m[48;2;48;152;158m▀[0m[38;2;106;247;247m[48;2;65;90;93m▀[0m[38;2;71;107;101m[48;2;224;247;247m▀[0m[38;2;219;247;247m[48;2;224;247;247m▀[0m[38;2;247;247;247m[48;2;190;240;243m▀[0m[38;2;199;246;246m[48;2;185;237;238m▀[0m[38;2;194;240;238m[48;2;186;229;229m▀[0m[38;2;190;235;235m[48;2;185;231;230m▀[0m[38;2;192;232;233m[48;2;186;231;231m▀[0m[38;2;194;233;233m[48;2;187;232;232m▀[0m[38;2;196;232;232m[48;2;191;232;232m▀[0m[38;2;197;233;233m[48;2;193;232;232m▀[0m[38;2;197;235;233m[48;2;195;233;231m▀[0m[38;2;199;234;233m[48;2;196;232;234m▀[0m[38;2;200;234;234m[48;2;197;233;233m▀[0m[38;2;200;235;234m[48;2;198;234;233m▀[0m[38;2;202;236;238m[48;2;201;234;234m▀[0m[38;2;214;247;247m[48;2;204;235;236m▀[0m[38;2;218;238;238m[48;2;227;247;247m▀[0m[38;2;120;180;180m[48;2;165;198;198m▀[0m[38;2;139;211;214m[48;2;88;134;133m▀[0m[38;2;191;219;219m[48;2;223;247;247m▀[0m[38;2;221;247;247m[48;2;212;245;245m▀[0m[38;2;229;245;242m[48;2;228;244;243m▀[0m[38;2;247;247;247m[48;2;247;247;247m▀[0m[38;2;59;215;224m[48;2;57;214;222m▀[0m[38;2;3;128;131m[48;2;0;142;146m▀[0m[38;2;32;148;150m[48;2;27;135;138m▀[0m[38;2;55;215;226m[48;2;53;214;224m▀[0m[38;2;57;199;207m[48;2;50;194;202m▀[0m[38;2;76;226;236m[48;2;69;226;235m▀[0m[38;2;26;85;88m[48;2;30;90;93m▀[0m[38;2;25;174;181m[48;2;0;86;84m▀[0m[38;2;23;213;225m[48;2;18;207;209m▀[0m[38;2;0;178;186m[48;2;18;198;201m▀[0m[38;2;0;162;162m[48;2;13;159;159m▀[0m[38;2;0;131;129m[48;2;16;95;92m▀[0m[38;2;0;177;179m[48;2;39;202;207m▀[0m[38;2;4;208;214m[48;2;10;203;203m▀[0m[38;2;13;123;126m[48;2;10;105;101m▀[0m[38;2;54;176;181m[48;2;48;191;196m▀[0m[38;2;57;213;222m[48;2;47;207;214m▀[0m[38;2;55;200;209m[48;2;46;204;211m▀[0m[38;2;56;201;208m[48;2;48;185;187m▀[0m[38;2;0;87;87m[48;2;7;100;99m▀[0m[38;2;67;211;214m[48;2;6;204;210m▀[0m[38;2;247;247;247m[48;2;240;247;247m▀[0m[38;2;216;224;224m[48;2;185;167;168m▀[0m[38;2;187;211;205m[48;2;165;192;188m▀[0m[38;2;247;247;247m[48;2;192;214;213m▀[0m[38;2;210;244;242m[48;2;68;94;88m▀[0m[38;2;132;178;176m[48;2;112;169;165m▀[0m[38;2;170;247;247m[48;2;139;201;195m▀[0m[38;2;118;152;148m[48;2;159;184;180m▀[0m[38;2;212;237;235m[48;2;228;247;247m▀[0m[38;2;211;246;244m[48;2;200;234;234m▀[0m[38;2;203;233;236m[48;2;198;232;232m▀[0m[38;2;199;234;233m[48;2;198;232;232m▀[0m[38;2;197;233;233m[48;2;194;232;232m▀[0m[38;2;197;232;232m[48;2;194;231;232m▀[0m[38;2;196;232;232m[48;2;191;231;232m▀[0m[38;2;194;232;232m[48;2;188;231;232m▀[0m[38;2;191;232;232m[48;2;186;231;230m▀[0m[38;2;189;232;232m[48;2;185;230;230m▀[0m[38;2;188;231;231m[48;2;182;230;230m▀[0m[38;2;189;235;235m[48;2;181;230;230m▀[0m[38;2;194;241;241m[48;2;181;230;236m▀[0m[38;2;201;247;247m[48;2;183;237;241m▀[0m[38;2;247;247;247m[48;2;186;242;245m▀[0m[38;2;171;215;216m[48;2;239;247;247m▀[0m[38;2;0;0;0m[48;2;187;237;243m▀[0m[38;2;56;131;133m[48;2;64;141;146m▀[0m[38;2;21;73;70m[48;2;67;194;195m▀[0m
[38;2;80;240;247m[48;2;33;212;216m▀[0m[38;2;65;208;217m[48;2;0;125;129m▀[0m[38;2;0;51;55m[48;2;88;120;118m▀[0m[38;2;81;92;92m[48;2;226;247;247m▀[0m[38;2;234;247;247m[48;2;188;247;247m▀[0m[38;2;201;247;247m[48;2;177;233;234m▀[0m[38;2;182;236;238m[48;2;179;231;232m▀[0m[38;2;183;235;237m[48;2;173;228;229m▀[0m[38;2;176;230;230m[48;2;174;228;229m▀[0m[38;2;178;229;230m[48;2;175;229;230m▀[0m[38;2;180;229;231m[48;2;177;229;231m▀[0m[38;2;181;230;229m[48;2;178;228;231m▀[0m[38;2;183;231;230m[48;2;178;229;230m▀[0m[38;2;185;231;230m[48;2;180;229;229m▀[0m[38;2;186;231;231m[48;2;182;230;230m▀[0m[38;2;188;232;231m[48;2;184;230;230m▀[0m[38;2;191;232;232m[48;2;186;231;230m▀[0m[38;2;193;232;232m[48;2;187;232;231m▀[0m[38;2;195;233;233m[48;2;188;232;231m▀[0m[38;2;196;234;232m[48;2;189;232;232m▀[0m[38;2;203;235;234m[48;2;191;232;232m▀[0m[38;2;209;243;243m[48;2;195;233;233m▀[0m[38;2;213;247;247m[48;2;226;247;247m▀[0m[38;2;77;101;98m[48;2;93;127;125m▀[0m[38;2;207;244;241m[48;2;162;194;191m▀[0m[38;2;219;247;247m[48;2;243;247;247m▀[0m[38;2;242;246;247m[48;2;247;247;247m▀[0m[38;2;226;245;244m[48;2;111;218;218m▀[0m[38;2;5;201;205m[48;2;0;191;198m▀[0m[38;2;13;165;163m[48;2;16;178;181m▀[0m[38;2;26;124;126m[48;2;16;125;127m▀[0m[38;2;43;215;222m[48;2;37;221;227m▀[0m[38;2;43;194;200m[48;2;36;198;205m▀[0m[38;2;59;225;234m[48;2;47;226;231m▀[0m[38;2;33;129;131m[48;2;34;183;183m▀[0m[38;2;0;59;56m[48;2;0;86;85m▀[0m[38;2;6;202;200m[48;2;0;152;149m▀[0m[38;2;9;208;210m[48;2;0;247;247m▀[0m[38;2;0;112;105m[48;2;0;120;111m▀[0m[38;2;3;64;56m[48;2;7;73;67m▀[0m[38;2;13;199;195m[48;2;0;246;236m▀[0m[38;2;2;197;195m[48;2;0;145;142m▀[0m[38;2;12;68;67m[48;2;12;55;60m▀[0m[38;2;51;211;218m[48;2;51;234;242m▀[0m[38;2;48;201;208m[48;2;42;200;207m▀[0m[38;2;49;208;216m[48;2;47;220;227m▀[0m[38;2;43;173;173m[48;2;35;162;163m▀[0m[38;2;18;115;115m[48;2;17;130;129m▀[0m[38;2;8;206;212m[48;2;32;214;218m▀[0m[38;2;53;212;220m[48;2;0;195;203m▀[0m[38;2;160;185;182m[48;2;29;156;157m▀[0m[38;2;158;196;189m[48;2;185;209;203m▀[0m[38;2;88;117;113m[48;2;194;207;207m▀[0m[38;2;190;230;232m[48;2;247;247;247m▀[0m[38;2;149;191;191m[48;2;163;201;199m▀[0m[38;2;90;126;120m[48;2;106;135;129m▀[0m[38;2;213;245;243m[48;2;218;247;247m▀[0m[38;2;205;245;242m[48;2;193;234;234m▀[0m[38;2;197;235;235m[48;2;192;232;234m▀[0m[38;2;190;231;231m[48;2;197;235;235m▀[0m[38;2;189;231;232m[48;2;182;230;229m▀[0m[38;2;187;231;231m[48;2;180;231;231m▀[0m[38;2;185;231;230m[48;2;180;229;229m▀[0m[38;2;183;231;230m[48;2;179;230;230m▀[0m[38;2;182;230;230m[48;2;178;229;230m▀[0m[38;2;183;229;231m[48;2;177;227;230m▀[0m[38;2;180;228;230m[48;2;177;227;230m▀[0m[38;2;179;227;230m[48;2;173;228;230m▀[0m[38;2;177;227;231m[48;2;171;228;229m▀[0m[38;2;173;228;230m[48;2;169;228;228m▀[0m[38;2;170;230;232m[48;2;168;227;227m▀[0m[38;2;176;236;238m[48;2;169;229;227m▀[0m[38;2;177;236;237m[48;2;170;231;233m▀[0m[38;2;215;247;247m[48;2;169;230;232m▀[0m[38;2;165;206;204m[48;2;192;247;247m▀[0m[38;2;32;93;97m[48;2;164;219;219m▀[0m
[38;2;0;64;68m[48;2;83;124;125m▀[0m[38;2;87;104;105m[48;2;199;247;247m▀[0m[38;2;212;247;247m[48;2;166;240;238m▀[0m[38;2;176;242;244m[48;2;161;231;231m▀[0m[38;2;165;232;234m[48;2;155;227;229m▀[0m[38;2;167;228;230m[48;2;158;226;226m▀[0m[38;2;170;226;229m[48;2;160;226;227m▀[0m[38;2;169;228;228m[48;2;162;226;229m▀[0m[38;2;171;228;228m[48;2;165;227;227m▀[0m[38;2;171;228;228m[48;2;166;227;227m▀[0m[38;2;173;229;229m[48;2;168;227;227m▀[0m[38;2;174;229;230m[48;2;171;227;228m▀[0m[38;2;174;229;230m[48;2;172;228;228m▀[0m[38;2;176;228;230m[48;2;174;228;229m▀[0m[38;2;177;229;230m[48;2;178;227;229m▀[0m[38;2;181;229;231m[48;2;187;229;230m▀[0m[38;2;179;230;230m[48;2;203;238;240m▀[0m[38;2;185;230;230m[48;2;189;232;233m▀[0m[38;2;183;231;230m[48;2;182;228;228m▀[0m[38;2;183;231;230m[48;2;183;229;229m▀[0m[38;2;183;231;231m[48;2;184;230;232m▀[0m[38;2;190;234;234m[48;2;191;234;234m▀[0m[38;2;215;247;247m[48;2;224;247;247m▀[0m[38;2;154;191;188m[48;2;218;240;240m▀[0m[38;2;123;147;144m[48;2;124;143;143m▀[0m[38;2;247;247;247m[48;2;38;135;143m▀[0m[38;2;177;233;232m[48;2;82;163;167m▀[0m[38;2;0;186;191m[48;2;0;194;196m▀[0m[38;2;6;193;199m[48;2;10;222;225m▀[0m[38;2;13;199;203m[48;2;0;110;111m▀[0m[38;2;7;91;90m[48;2;0;108;103m▀[0m[38;2;8;183;183m[48;2;31;173;170m▀[0m[38;2;14;185;190m[48;2;15;152;154m▀[0m[38;2;32;226;231m[48;2;7;217;221m▀[0m[38;2;27;190;189m[48;2;13;180;181m▀[0m[38;2;0;0;0m[48;2;0;0;0m▀[0m[38;2;0;0;0m[48;2;0;0;0m▀[0m[38;2;0;32;31m[48;2;0;0;0m▀[0m[38;2;49;55;56m[48;2;197;164;161m▀[0m[38;2;176;153;153m[48;2;242;216;216m▀[0m[38;2;0;42;38m[48;2;0;0;0m▀[0m[38;2;0;0;0m[48;2;0;0;0m▀[0m[38;2;8;90;95m[48;2;1;126;129m▀[0m[38;2;31;244;247m[48;2;2;234;243m▀[0m[38;2;5;184;188m[48;2;44;165;167m▀[0m[38;2;0;178;181m[48;2;92;173;170m▀[0m[38;2;0;134;134m[48;2;107;210;212m▀[0m[38;2;3;127;129m[48;2;0;91;92m▀[0m[38;2;30;222;227m[48;2;0;169;176m▀[0m[38;2;6;190;201m[48;2;14;216;226m▀[0m[38;2;67;162;164m[48;2;64;158;158m▀[0m[38;2;173;189;184m[48;2;109;143;143m▀[0m[38;2;135;209;215m[48;2;0;172;187m▀[0m[38;2;247;247;247m[48;2;97;233;237m▀[0m[38;2;134;159;153m[48;2;171;195;190m▀[0m[38;2;149;186;183m[48;2;219;238;239m▀[0m[38;2;206;247;247m[48;2;203;247;247m▀[0m[38;2;188;233;232m[48;2;182;233;234m▀[0m[38;2;177;228;228m[48;2;200;235;238m▀[0m[38;2;143;219;222m[48;2;51;194;198m▀[0m[38;2;210;236;238m[48;2;64;199;203m▀[0m[38;2;186;232;230m[48;2;216;239;245m▀[0m[38;2;181;227;229m[48;2;186;231;234m▀[0m[38;2;173;228;230m[48;2;175;229;227m▀[0m[38;2;173;227;231m[48;2;171;227;228m▀[0m[38;2;172;228;231m[48;2;168;227;227m▀[0m[38;2;171;228;231m[48;2;168;227;227m▀[0m[38;2;169;228;228m[48;2;167;227;227m▀[0m[38;2;170;227;228m[48;2;165;226;228m▀[0m[38;2;168;227;227m[48;2;161;227;227m▀[0m[38;2;164;226;228m[48;2;159;226;227m▀[0m[38;2;161;226;228m[48;2;155;226;226m▀[0m[38;2;159;226;226m[48;2;152;225;226m▀[0m[38;2;155;227;230m[48;2;151;225;225m▀[0m[38;2;154;226;231m[48;2;147;227;225m▀[0m[38;2;159;239;240m[48;2;146;224;224m▀[0m
[38;2;170;247;247m[48;2;139;223;226m▀[0m[38;2;159;234;234m[48;2;146;222;227m▀[0m[38;2;153;228;228m[48;2;145;221;224m▀[0m[38;2;148;226;225m[48;2;144;223;226m▀[0m[38;2;151;225;225m[48;2;146;223;226m▀[0m[38;2;152;225;225m[48;2;147;223;226m▀[0m[38;2;153;225;226m[48;2;148;224;226m▀[0m[38;2;155;226;226m[48;2;151;225;226m▀[0m[38;2;157;226;228m[48;2;151;225;226m▀[0m[38;2;160;226;228m[48;2;152;226;226m▀[0m[38;2;161;226;228m[48;2;154;226;226m▀[0m[38;2;167;226;229m[48;2;162;228;232m▀[0m[38;2;177;229;227m[48;2;175;230;232m▀[0m[38;2;179;228;228m[48;2;212;240;240m▀[0m[38;2;203;235;233m[48;2;183;232;231m▀[0m[38;2;214;239;239m[48;2;7;187;191m▀[0m[38;2;98;208;211m[48;2;0;178;186m▀[0m[38;2;157;224;225m[48;2;224;241;244m▀[0m[38;2;197;233;235m[48;2;234;245;247m▀[0m[38;2;193;233;233m[48;2;226;241;245m▀[0m[38;2;218;237;238m[48;2;171;228;229m▀[0m[38;2;232;245;245m[48;2;64;204;208m▀[0m[38;2;192;241;245m[48;2;0;184;192m▀[0m[38;2;39;199;206m[48;2;0;185;195m▀[0m[38;2;102;164;163m[48;2;49;158;158m▀[0m[38;2;236;247;247m[48;2;247;247;247m▀[0m[38;2;126;163;164m[48;2;0;129;136m▀[0m[38;2;0;199;200m[48;2;0;104;105m▀[0m[38;2;0;107;107m[48;2;5;114;117m▀[0m[38;2;0;99;101m[48;2;189;247;247m▀[0m[38;2;144;247;247m[48;2;238;247;247m▀[0m[38;2;241;247;247m[48;2;202;240;243m▀[0m[38;2;226;247;247m[48;2;221;247;247m▀[0m[38;2;172;247;247m[48;2;247;247;247m▀[0m[38;2;0;206;211m[48;2;63;235;243m▀[0m[38;2;0;0;0m[48;2;34;102;106m▀[0m[38;2;156;121;121m[48;2;247;247;247m▀[0m[38;2;104;97;95m[48;2;247;247;247m▀[0m[38;2;247;247;247m[48;2;247;247;247m▀[0m[38;2;247;247;247m[48;2;247;247;247m▀[0m[38;2;4;0;0m[48;2;247;247;247m▀[0m[38;2;0;0;0m[48;2;158;172;167m▀[0m[38;2;0;158;161m[48;2;45;207;210m▀[0m[38;2;149;247;247m[48;2;247;247;247m▀[0m[38;2;247;247;247m[48;2;232;247;247m▀[0m[38;2;245;247;247m[48;2;204;240;243m▀[0m[38;2;247;247;247m[48;2;194;237;237m▀[0m[38;2;193;228;232m[48;2;232;247;247m▀[0m[38;2;0;76;78m[48;2;201;236;239m▀[0m[38;2;0;164;171m[48;2;28;100;95m▀[0m[38;2;16;209;218m[48;2;0;137;142m▀[0m[38;2;5;171;184m[48;2;2;214;225m▀[0m[38;2;6;204;213m[48;2;9;226;234m▀[0m[38;2;0;166;168m[48;2;38;169;169m▀[0m[38;2;61;129;121m[48;2;84;135;129m▀[0m[38;2;131;234;239m[48;2;0;183;194m▀[0m[38;2;223;246;246m[48;2;32;193;202m▀[0m[38;2;224;244;243m[48;2;124;215;219m▀[0m[38;2;213;239;240m[48;2;202;235;240m▀[0m[38;2;207;237;240m[48;2;247;247;247m▀[0m[38;2;0;174;177m[48;2;178;232;232m▀[0m[38;2;57;197;202m[48;2;0;161;163m▀[0m[38;2;219;242;244m[48;2;60;201;203m▀[0m[38;2;190;233;233m[48;2;206;240;243m▀[0m[38;2;178;229;229m[48;2;187;232;233m▀[0m[38;2;170;226;227m[48;2;161;228;228m▀[0m[38;2;163;227;227m[48;2;155;226;228m▀[0m[38;2;160;226;228m[48;2;154;226;226m▀[0m[38;2;156;226;227m[48;2;152;225;226m▀[0m[38;2;154;226;226m[48;2;150;224;226m▀[0m[38;2;153;225;225m[48;2;149;223;225m▀[0m[38;2;151;224;224m[48;2;147;223;225m▀[0m[38;2;150;224;226m[48;2;145;222;225m▀[0m[38;2;148;224;224m[48;2;143;222;225m▀[0m[38;2;145;224;225m[48;2;139;221;225m▀[0m[38;2;142;223;226m[48;2;137;221;224m▀[0m
[38;2;131;220;222m[48;2;126;220;223m▀[0m[38;2;133;221;223m[48;2;128;220;223m▀[0m[38;2;136;220;223m[48;2;129;220;222m▀[0m[38;2;138;221;224m[48;2;132;221;222m▀[0m[38;2;140;221;226m[48;2;134;220;224m▀[0m[38;2;143;222;226m[48;2;136;220;226m▀[0m[38;2;144;223;226m[48;2;137;221;225m▀[0m[38;2;143;225;225m[48;2;139;221;225m▀[0m[38;2;144;225;225m[48;2;142;223;226m▀[0m[38;2;150;224;226m[48;2;151;225;226m▀[0m[38;2;155;226;225m[48;2;168;228;230m▀[0m[38;2;167;227;227m[48;2;194;237;234m▀[0m[38;2;207;238;242m[48;2;90;207;212m▀[0m[38;2;129;220;224m[48;2;0;175;183m▀[0m[38;2;0;177;185m[48;2;0;180;188m▀[0m[38;2;0;172;178m[48;2;8;187;192m▀[0m[38;2;160;230;227m[48;2;21;193;198m▀[0m[38;2;209;239;242m[48;2;0;182;191m▀[0m[38;2;110;214;216m[48;2;0;178;186m▀[0m[38;2;30;191;196m[48;2;0;184;192m▀[0m[38;2;0;179;185m[48;2;13;189;195m▀[0m[38;2;0;182;193m[48;2;25;194;201m▀[0m[38;2;4;189;195m[48;2;24;229;238m▀[0m[38;2;0;219;227m[48;2;7;178;183m▀[0m[38;2;13;114;115m[48;2;76;59;49m▀[0m[38;2;176;168;161m[48;2;158;159;149m▀[0m[38;2;14;46;40m[48;2;157;177;171m▀[0m[38;2;38;147;151m[48;2;182;220;220m▀[0m[38;2;178;245;245m[48;2;186;204;204m▀[0m[38;2;194;226;226m[48;2;235;247;247m▀[0m[38;2;200;245;247m[48;2;226;247;247m▀[0m[38;2;229;247;247m[48;2;78;195;197m▀[0m[38;2;129;192;192m[48;2;91;125;120m▀[0m[38;2;203;221;218m[48;2;224;247;247m▀[0m[38;2;149;247;247m[48;2;0;170;184m▀[0m[38;2;0;16;23m[48;2;0;0;0m▀[0m[38;2;169;114;112m[48;2;11;64;60m▀[0m[38;2;181;170;170m[48;2;0;27;23m▀[0m[38;2;138;131;131m[48;2;182;156;154m▀[0m[38;2;220;201;201m[48;2;97;130;131m▀[0m[38;2;172;123;119m[48;2;10;53;54m▀[0m[38;2;0;0;0m[48;2;0;0;0m▀[0m[38;2;109;247;247m[48;2;0;71;69m▀[0m[38;2;244;247;247m[48;2;224;247;247m▀[0m[38;2;99;170;173m[48;2;161;189;193m▀[0m[38;2;200;247;247m[48;2;30;133;132m▀[0m[38;2;221;247;247m[48;2;149;234;236m▀[0m[38;2;195;245;245m[48;2;247;247;247m▀[0m[38;2;143;216;222m[48;2;247;247;247m▀[0m[38;2;228;247;247m[48;2;189;209;212m▀[0m[38;2;96;129;124m[48;2;194;217;223m▀[0m[38;2;4;60;64m[48;2;169;162;171m▀[0m[38;2;0;161;167m[48;2;128;101;104m▀[0m[38;2;16;188;190m[48;2;48;79;82m▀[0m[38;2;105;123;120m[48;2;0;174;182m▀[0m[38;2;1;189;195m[48;2;19;232;239m▀[0m[38;2;0;192;198m[48;2;23;200;208m▀[0m[38;2;0;175;186m[48;2;18;195;201m▀[0m[38;2;3;182;191m[48;2;5;190;196m▀[0m[38;2;79;203;209m[48;2;0;185;193m▀[0m[38;2;205;238;242m[48;2;0;186;195m▀[0m[38;2;86;206;207m[48;2;29;192;201m▀[0m[38;2;0;168;173m[48;2;5;184;190m▀[0m[38;2;48;196;203m[48;2;0;174;182m▀[0m[38;2;196;236;240m[48;2;32;193;198m▀[0m[38;2;179;231;235m[48;2;184;232;236m▀[0m[38;2;159;226;229m[48;2;180;230;234m▀[0m[38;2;153;225;226m[48;2;153;225;226m▀[0m[38;2;147;223;225m[48;2;146;222;225m▀[0m[38;2;145;222;225m[48;2;139;221;225m▀[0m[38;2;143;222;226m[48;2;136;220;224m▀[0m[38;2;140;221;226m[48;2;134;220;223m▀[0m[38;2;138;220;225m[48;2;131;221;223m▀[0m[38;2;136;219;224m[48;2;128;221;224m▀[0m[38;2;131;221;225m[48;2;127;220;224m▀[0m[38;2;127;220;224m[48;2;125;219;223m▀[0m
[38;2;120;218;222m[48;2;113;217;222m▀[0m[38;2;122;219;223m[48;2;117;218;223m▀[0m[38;2;125;219;223m[48;2;118;219;221m▀[0m[38;2;126;220;223m[48;2;120;218;221m▀[0m[38;2;129;220;222m[48;2;122;219;223m▀[0m[38;2;130;220;224m[48;2;125;220;223m▀[0m[38;2;131;220;224m[48;2;130;220;222m▀[0m[38;2;137;219;223m[48;2;136;220;224m▀[0m[38;2;145;218;222m[48;2;163;227;230m▀[0m[38;2;167;227;230m[48;2;162;228;232m▀[0m[38;2;179;231;238m[48;2;17;191;194m▀[0m[38;2;50;197;205m[48;2;0;176;183m▀[0m[38;2;0;174;181m[48;2;7;187;193m▀[0m[38;2;2;185;193m[48;2;16;189;196m▀[0m[38;2;16;187;194m[48;2;22;188;198m▀[0m[38;2;15;187;194m[48;2;24;191;200m▀[0m[38;2;10;186;196m[48;2;25;192;201m▀[0m[38;2;17;189;195m[48;2;26;198;206m▀[0m[38;2;23;189;195m[48;2;29;228;238m▀[0m[38;2;24;197;203m[48;2;33;231;239m▀[0m[38;2;26;220;227m[48;2;32;176;184m▀[0m[38;2;33;243;247m[48;2;17;89;93m▀[0m[38;2;20;185;195m[48;2;0;0;0m▀[0m[38;2;0;55;47m[48;2;0;118;116m▀[0m[38;2;84;199;191m[48;2;0;192;188m▀[0m[38;2;190;216;221m[48;2;47;177;179m▀[0m[38;2;161;179;182m[48;2;175;247;247m▀[0m[38;2;181;209;211m[48;2;115;225;231m▀[0m[38;2;235;247;247m[48;2;2;107;112m▀[0m[38;2;152;247;247m[48;2;0;0;0m▀[0m[38;2;26;158;165m[48;2;18;35;35m▀[0m[38;2;58;130;130m[48;2;8;170;166m▀[0m[38;2;102;247;247m[48;2;0;105;105m▀[0m[38;2;0;163;171m[48;2;96;155;156m▀[0m[38;2;15;82;90m[48;2;178;247;247m▀[0m[38;2;172;247;247m[48;2;161;247;247m▀[0m[38;2;126;216;213m[48;2;165;247;247m▀[0m[38;2;126;211;211m[48;2;181;247;247m▀[0m[38;2;95;126;127m[48;2;146;237;241m▀[0m[38;2;173;233;237m[48;2;156;234;237m▀[0m[38;2;190;247;247m[48;2;178;247;247m▀[0m[38;2;175;247;247m[48;2;179;247;247m▀[0m[38;2;56;112;113m[48;2;191;247;247m▀[0m[38;2;0;94;97m[48;2;126;169;175m▀[0m[38;2;47;204;208m[48;2;32;106;112m▀[0m[38;2;126;225;230m[48;2;0;140;144m▀[0m[38;2;64;125;131m[48;2;12;152;159m▀[0m[38;2;16;140;146m[48;2;0;0;0m▀[0m[38;2;144;247;247m[48;2;0;0;0m▀[0m[38;2;233;247;247m[48;2;0;51;54m▀[0m[38;2;184;227;230m[48;2;133;191;194m▀[0m[38;2;180;200;203m[48;2;89;240;247m▀[0m[38;2;228;247;247m[48;2;8;132;143m▀[0m[38;2;60;147;144m[48;2;0;208;208m▀[0m[38;2;0;45;43m[48;2;0;108;97m▀[0m[38;2;19;194;204m[48;2;0;0;0m▀[0m[38;2;34;247;247m[48;2;7;36;35m▀[0m[38;2;29;239;246m[48;2;26;158;161m▀[0m[38;2;21;211;222m[48;2;31;235;243m▀[0m[38;2;19;195;206m[48;2;29;247;247m▀[0m[38;2;16;192;199m[48;2;29;231;242m▀[0m[38;2;7;189;198m[48;2;24;209;217m▀[0m[38;2;15;188;195m[48;2;19;194;204m▀[0m[38;2;12;185;195m[48;2;21;194;200m▀[0m[38;2;0;175;186m[48;2;11;190;197m▀[0m[38;2;14;186;194m[48;2;0;177;186m▀[0m[38;2;165;226;234m[48;2;0;184;188m▀[0m[38;2;175;230;235m[48;2;137;224;227m▀[0m[38;2;144;220;226m[48;2;170;231;234m▀[0m[38;2;138;220;224m[48;2;139;222;225m▀[0m[38;2;130;221;222m[48;2;131;221;222m▀[0m[38;2;127;220;223m[48;2;127;218;222m▀[0m[38;2;125;220;223m[48;2;122;218;223m▀[0m[38;2;123;220;224m[48;2;119;218;224m▀[0m[38;2;121;219;225m[48;2;117;218;223m▀[0m[38;2;120;218;224m[48;2;114;218;222m▀[0m
[38;2;107;217;221m[48;2;105;216;220m▀[0m[38;2;111;217;221m[48;2;106;216;220m▀[0m[38;2;113;217;221m[48;2;107;216;221m▀[0m[38;2;114;218;222m[48;2;108;217;221m▀[0m[38;2;117;218;222m[48;2;113;216;221m▀[0m[38;2;125;218;222m[48;2;121;218;221m▀[0m[38;2;129;221;225m[48;2;155;226;230m▀[0m[38;2;162;227;234m[48;2;135;222;227m▀[0m[38;2;147;227;230m[48;2;0;183;190m▀[0m[38;2;0;187;191m[48;2;0;177;187m▀[0m[38;2;0;176;185m[48;2;5;189;197m▀[0m[38;2;9;185;198m[48;2;11;191;200m▀[0m[38;2;15;188;195m[48;2;14;193;200m▀[0m[38;2;20;194;204m[48;2;18;212;220m▀[0m[38;2;22;197;205m[48;2;23;247;247m▀[0m[38;2;24;212;222m[48;2;26;243;247m▀[0m[38;2;27;240;247m[48;2;14;143;151m▀[0m[38;2;31;238;247m[48;2;0;0;0m▀[0m[38;2;25;137;143m[48;2;0;0;0m▀[0m[38;2;14;42;43m[48;2;7;237;242m▀[0m[38;2;6;147;145m[48;2;2;177;179m▀[0m[38;2;0;0;0m[48;2;0;0;0m▀[0m[38;2;0;0;0m[48;2;5;124;129m▀[0m[38;2;1;200;206m[48;2;11;155;158m▀[0m[38;2;12;173;179m[48;2;18;189;195m▀[0m[38;2;1;222;233m[48;2;0;61;60m▀[0m[38;2;0;0;0m[48;2;0;127;130m▀[0m[38;2;0;0;0m[48;2;0;81;82m▀[0m[38;2;0;0;0m[48;2;0;160;164m▀[0m[38;2;0;115;117m[48;2;31;247;247m▀[0m[38;2;0;89;87m[48;2;109;192;198m▀[0m[38;2;0;82;73m[48;2;153;227;234m▀[0m[38;2;158;210;214m[48;2;144;247;247m▀[0m[38;2;157;239;247m[48;2;122;219;225m▀[0m[38;2;99;163;172m[48;2;126;223;226m▀[0m[38;2;92;162;163m[48;2;131;225;231m▀[0m[38;2;81;154;158m[48;2;129;215;221m▀[0m[38;2;28;150;155m[48;2;97;161;167m▀[0m[38;2;0;206;210m[48;2;0;104;111m▀[0m[38;2;8;219;223m[48;2;0;102;114m▀[0m[38;2;64;196;201m[48;2;28;116;121m▀[0m[38;2;92;166;173m[48;2;87;169;174m▀[0m[38;2;133;215;218m[48;2;122;215;219m▀[0m[38;2;161;247;247m[48;2;123;216;221m▀[0m[38;2;188;247;247m[48;2;126;222;226m▀[0m[38;2;137;182;187m[48;2;154;247;247m▀[0m[38;2;0;48;51m[48;2;152;225;227m▀[0m[38;2;0;118;125m[48;2;97;231;234m▀[0m[38;2;0;53;54m[48;2;0;243;247m▀[0m[38;2;0;0;0m[48;2;0;122;127m▀[0m[38;2;0;0;0m[48;2;1;207;206m▀[0m[38;2;0;9;7m[48;2;0;134;136m▀[0m[38;2;0;206;217m[48;2;0;63;65m▀[0m[38;2;0;161;167m[48;2;8;179;184m▀[0m[38;2;0;229;227m[48;2;0;136;132m▀[0m[38;2;9;29;28m[48;2;0;167;167m▀[0m[38;2;0;0;0m[48;2;0;0;0m▀[0m[38;2;0;0;0m[48;2;0;0;0m▀[0m[38;2;2;0;0m[48;2;13;185;193m▀[0m[38;2;13;70;71m[48;2;0;0;0m▀[0m[38;2;24;180;184m[48;2;0;0;0m▀[0m[38;2;29;242;247m[48;2;0;0;0m▀[0m[38;2;30;247;247m[48;2;12;100;104m▀[0m[38;2;23;225;234m[48;2;22;212;220m▀[0m[38;2;14;198;205m[48;2;19;247;247m▀[0m[38;2;10;194;202m[48;2;6;218;225m▀[0m[38;2;0;184;192m[48;2;5;193;200m▀[0m[38;2;0;177;187m[48;2;0;187;194m▀[0m[38;2;102;211;220m[48;2;0;175;184m▀[0m[38;2;171;233;237m[48;2;64;200;208m▀[0m[38;2;138;221;227m[48;2;158;230;234m▀[0m[38;2;126;219;220m[48;2;129;222;226m▀[0m[38;2;115;218;222m[48;2;116;214;220m▀[0m[38;2;113;216;222m[48;2;109;215;220m▀[0m[38;2;110;216;221m[48;2;106;215;220m▀[0m[38;2;108;216;221m[48;2;106;215;220m▀[0m
[38;2;100;216;222m[48;2;93;220;224m▀[0m[38;2;108;216;225m[48;2;102;222;228m▀[0m[38;2;110;220;224m[48;2;135;234;238m▀[0m[38;2;123;222;227m[48;2;111;231;236m▀[0m[38;2;134;228;232m[48;2;95;212;214m▀[0m[38;2;156;229;234m[48;2;93;216;222m▀[0m[38;2;113;217;223m[48;2;0;173;185m▀[0m[38;2;0;178;189m[48;2;0;176;191m▀[0m[38;2;0;176;190m[48;2;0;186;196m▀[0m[38;2;1;187;197m[48;2;4;188;196m▀[0m[38;2;9;188;197m[48;2;6;216;228m▀[0m[38;2;11;203;215m[48;2;15;214;228m▀[0m[38;2;17;245;247m[48;2;15;94;102m▀[0m[38;2;17;238;247m[48;2;0;0;0m▀[0m[38;2;10;129;133m[48;2;0;0;0m▀[0m[38;2;0;0;0m[48;2;0;0;0m▀[0m[38;2;0;0;0m[48;2;0;0;0m▀[0m[38;2;0;0;0m[48;2;0;0;0m▀[0m[38;2;22;247;247m[48;2;17;242;247m▀[0m[38;2;26;247;247m[48;2;17;234;242m▀[0m[38;2;0;0;0m[48;2;0;0;0m▀[0m[38;2;0;0;0m[48;2;0;0;0m▀[0m[38;2;0;61;53m[48;2;13;171;175m▀[0m[38;2;11;100;94m[48;2;3;225;233m▀[0m[38;2;3;134;142m[48;2;0;238;247m▀[0m[38;2;4;225;231m[48;2;0;136;142m▀[0m[38;2;3;163;166m[48;2;0;69;66m▀[0m[38;2;0;203;210m[48;2;0;177;181m▀[0m[38;2;48;247;247m[48;2;91;188;190m▀[0m[38;2;142;247;247m[48;2;124;205;212m▀[0m[38;2;143;247;247m[48;2;108;209;214m▀[0m[38;2;122;234;238m[48;2;107;226;230m▀[0m[38;2;110;220;224m[48;2;117;235;243m▀[0m[38;2;114;223;226m[48;2;117;237;242m▀[0m[38;2;112;222;225m[48;2;109;227;235m▀[0m[38;2;113;222;226m[48;2;101;219;225m▀[0m[38;2;122;226;230m[48;2;100;219;223m▀[0m[38;2;146;247;247m[48;2;108;230;235m▀[0m[38;2;95;155;159m[48;2;80;184;185m▀[0m[38;2;92;160;167m[48;2;66;152;158m▀[0m[38;2;148;247;247m[48;2;107;231;235m▀[0m[38;2;129;236;243m[48;2;101;214;221m▀[0m[38;2;116;224;231m[48;2;102;215;222m▀[0m[38;2;114;219;226m[48;2;104;220;227m▀[0m[38;2;116;221;228m[48;2;106;226;233m▀[0m[38;2;119;225;229m[48;2;108;226;233m▀[0m[38;2;137;243;247m[48;2;110;204;208m▀[0m[38;2;179;247;247m[48;2;109;190;194m▀[0m[38;2;130;247;247m[48;2;99;176;179m▀[0m[38;2;4;221;223m[48;2;3;155;161m▀[0m[38;2;0;128;131m[48;2;0;167;171m▀[0m[38;2;5;220;227m[48;2;0;43;44m▀[0m[38;2;12;237;247m[48;2;0;131;134m▀[0m[38;2;9;136;140m[48;2;0;246;246m▀[0m[38;2;9;91;87m[48;2;8;239;243m▀[0m[38;2;0;45;42m[48;2;19;223;231m▀[0m[38;2;0;0;0m[48;2;4;32;32m▀[0m[38;2;0;0;0m[48;2;0;0;0m▀[0m[38;2;16;233;239m[48;2;4;161;164m▀[0m[38;2;14;165;172m[48;2;12;224;227m▀[0m[38;2;0;0;0m[48;2;0;0;0m▀[0m[38;2;0;0;0m[48;2;0;0;0m▀[0m[38;2;0;0;0m[48;2;0;0;0m▀[0m[38;2;0;0;0m[48;2;0;0;0m▀[0m[38;2;11;78;82m[48;2;0;0;0m▀[0m[38;2;14;228;238m[48;2;0;0;0m▀[0m[38;2;8;239;247m[48;2;11;108;112m▀[0m[38;2;4;191;203m[48;2;6;222;235m▀[0m[38;2;0;185;195m[48;2;1;196;208m▀[0m[38;2;0;171;183m[48;2;0;183;194m▀[0m[38;2;32;194;201m[48;2;0;172;184m▀[0m[38;2;151;229;233m[48;2;12;190;197m▀[0m[38;2;129;222;226m[48;2;139;228;233m▀[0m[38;2;110;218;222m[48;2;131;226;232m▀[0m[38;2;107;215;224m[48;2;106;222;227m▀[0m[38;2;102;215;221m[48;2;102;226;230m▀[0m
[38;2;114;223;230m[48;2;86;213;226m▀[0m[38;2;124;231;239m[48;2;33;205;214m▀[0m[38;2;87;229;234m[48;2;0;74;79m▀[0m[38;2;0;121;132m[48;2;0;111;123m▀[0m[38;2;0;163;173m[48;2;0;199;209m▀[0m[38;2;0;184;195m[48;2;0;186;194m▀[0m[38;2;0;178;191m[48;2;0;186;194m▀[0m[38;2;0;185;195m[48;2;0;184;194m▀[0m[38;2;0;189;200m[48;2;0;206;215m▀[0m[38;2;0;214;224m[48;2;5;115;122m▀[0m[38;2;5;146;151m[48;2;0;68;71m▀[0m[38;2;1;35;35m[48;2;0;225;234m▀[0m[38;2;0;118;111m[48;2;0;247;247m▀[0m[38;2;0;130;129m[48;2;0;9;9m▀[0m[38;2;0;0;0m[48;2;0;0;0m▀[0m[38;2;0;0;0m[48;2;0;0;0m▀[0m[38;2;0;0;0m[48;2;0;0;0m▀[0m[38;2;0;0;0m[48;2;0;0;0m▀[0m[38;2;5;84;84m[48;2;0;0;0m▀[0m[38;2;10;155;161m[48;2;8;21;21m▀[0m[38;2;0;0;0m[48;2;7;180;186m▀[0m[38;2;17;247;247m[48;2;21;126;129m▀[0m[38;2;5;209;215m[48;2;65;134;134m▀[0m[38;2;13;132;135m[48;2;94;201;210m▀[0m[38;2;32;115;117m[48;2;102;237;244m▀[0m[38;2;56;127;130m[48;2;101;247;247m▀[0m[38;2;71;161;165m[48;2;96;241;247m▀[0m[38;2;66;151;159m[48;2;97;239;245m▀[0m[38;2;63;145;152m[48;2;95;239;247m▀[0m[38;2;64;137;143m[48;2;85;235;245m▀[0m[38;2;56;124;128m[48;2;84;230;240m▀[0m[38;2;54;120;124m[48;2;79;220;229m▀[0m[38;2;58;129;132m[48;2;74;198;210m▀[0m[38;2;69;152;157m[48;2;52;170;176m▀[0m[38;2;86;192;198m[48;2;43;141;145m▀[0m[38;2;99;224;230m[48;2;47;124;129m▀[0m[38;2;98;224;233m[48;2;75;181;185m▀[0m[38;2;94;214;223m[48;2;87;217;228m▀[0m[38;2;94;223;231m[48;2;83;206;214m▀[0m[38;2;89;212;219m[48;2;83;207;215m▀[0m[38;2;96;214;223m[48;2;86;209;221m▀[0m[38;2;97;215;224m[48;2;92;222;233m▀[0m[38;2;104;234;240m[48;2;53;133;133m▀[0m[38;2;98;226;233m[48;2;0;61;56m▀[0m[38;2;83;201;211m[48;2;31;199;207m▀[0m[38;2;58;139;143m[48;2;85;220;228m▀[0m[38;2;54;132;135m[48;2;87;229;237m▀[0m[38;2;59;137;144m[48;2;87;234;244m▀[0m[38;2;60;141;150m[48;2;92;238;247m▀[0m[38;2;70;145;152m[48;2;97;243;247m▀[0m[38;2;68;144;151m[48;2;101;246;247m▀[0m[38;2;61;119;127m[48;2;104;247;247m▀[0m[38;2;51;82;87m[48;2;109;247;247m▀[0m[38;2;34;123;125m[48;2;107;235;246m▀[0m[38;2;15;128;130m[48;2;102;213;220m▀[0m[38;2;11;187;192m[48;2;79;170;175m▀[0m[38;2;16;247;247m[48;2;49;145;152m▀[0m[38;2;2;37;36m[48;2;24;181;186m▀[0m[38;2;0;78;77m[48;2;2;30;27m▀[0m[38;2;0;72;74m[48;2;0;0;0m▀[0m[38;2;0;0;0m[48;2;0;0;0m▀[0m[38;2;0;0;0m[48;2;0;0;0m▀[0m[38;2;0;0;0m[48;2;0;0;0m▀[0m[38;2;0;0;0m[48;2;0;0;0m▀[0m[38;2;0;0;0m[48;2;0;0;0m▀[0m[38;2;0;142;148m[48;2;0;142;148m▀[0m[38;2;0;63;63m[48;2;0;247;247m▀[0m[38;2;4;81;87m[48;2;0;170;178m▀[0m[38;2;4;192;205m[48;2;2;79;86m▀[0m[38;2;0;196;206m[48;2;1;174;187m▀[0m[38;2;0;185;194m[48;2;0;191;201m▀[0m[38;2;0;172;184m[48;2;0;181;193m▀[0m[38;2;0;182;190m[48;2;0;169;182m▀[0m[38;2;121;226;233m[48;2;0;177;187m▀[0m[38;2;125;223;226m[48;2;83;219;229m▀[0m[38;2;87;202;207m[48;2;37;145;149m▀[0m
