[38;2;0;0;1m[48;2;0;0;0m▀[0m[38;2;0;0;1m[48;2;0;0;0m▀[0m[38;2;0;0;1m[48;2;0;0;0m▀[0m[38;2;1;1;1m[48;2;0;0;0m▀[0m[38;2;0;0;0m[48;2;0;0;0m▀[0m[38;2;1;1;1m[48;2;0;0;0m▀[0m[38;2;1;10;10m[48;2;0;0;0m▀[0m[38;2;0;2;0m[48;2;0;0;0m▀[0m[38;2;0;0;1m[48;2;0;2;0m▀[0m[38;2;1;1;1m[48;2;0;3;2m▀[0m[38;2;0;0;1m[48;2;0;2;2m▀[0m[38;2;0;0;0m[48;2;0;0;0m▀[0m[38;2;0;0;0m[48;2;0;0;0m▀[0m[38;2;0;0;0m[48;2;0;0;0m▀[0m[38;2;0;0;1m[48;2;0;0;0m▀[0m[38;2;0;1;1m[48;2;0;1;1m▀[0m[38;2;1;1;1m[48;2;1;1;2m▀[0m[38;2;1;1;1m[48;2;1;1;1m▀[0m[38;2;1;1;0m[48;2;1;1;1m▀[0m[38;2;0;0;0m[48;2;0;0;0m▀[0m[38;2;0;0;0m[48;2;0;0;0m▀[0m[38;2;0;0;0m[48;2;0;1;1m▀[0m[38;2;0;0;0m[48;2;0;0;1m▀[0m[38;2;1;1;1m[48;2;0;0;0m▀[0m[38;2;0;1;1m[48;2;0;0;0m▀[0m[38;2;1;1;1m[48;2;1;0;1m▀[0m[38;2;0;0;0m[48;2;0;0;0m▀[0m[38;2;0;0;0m[48;2;0;0;0m▀[0m[38;2;136;139;139m[48;2;0;0;0m▀[0m[38;2;255;255;255m[48;2;59;63;59m▀[0m[38;2;175;174;174m[48;2;255;255;255m▀[0m[38;2;0;0;0m[48;2;255;255;255m▀[0m[38;2;0;0;0m[48;2;212;202;203m▀[0m[38;2;53;111;104m[48;2;12;2;0m▀[0m[38;2;161;225;213m[48;2;0;0;0m▀[0m[38;2;175;241;234m[48;2;0;0;0m▀[0m[38;2;170;239;224m[48;2;0;0;0m▀[0m[38;2;139;198;184m[48;2;20;36;37m▀[0m[38;2;112;165;148m[48;2;81;91;91m▀[0m[38;2;0;0;0m[48;2;119;108;106m▀[0m[38;2;0;48;43m[48;2;215;207;206m▀[0m[38;2;2;52;54m[48;2;108;111;108m▀[0m[38;2;81;122;120m[48;2;0;6;4m▀[0m[38;2;90;128;126m[48;2;40;87;87m▀[0m[38;2;89;129;128m[48;2;42;103;96m▀[0m[38;2;93;136;134m[48;2;37;90;90m▀[0m[38;2;78;115;106m[48;2;31;74;73m▀[0m[38;2;8;24;21m[48;2;19;41;36m▀[0m[38;2;0;0;0m[48;2;106;108;106m▀[0m[38;2;0;0;0m[48;2;255;255;255m▀[0m[38;2;255;255;255m[48;2;255;255;255m▀[0m[38;2;255;255;255m[48;2;0;0;0m▀[0m[38;2;0;0;0m[48;2;0;0;0m▀[0m[38;2;0;0;0m[48;2;0;0;0m▀[0m[38;2;0;0;0m[48;2;0;0;0m▀[0m[38;2;0;1;1m[48;2;0;1;1m▀[0m[38;2;1;1;1m[48;2;0;1;1m▀[0m[38;2;1;1;1m[48;2;0;1;1m▀[0m[38;2;1;1;1m[48;2;1;1;1m▀[0m[38;2;0;1;1m[48;2;1;1;1m▀[0m[38;2;0;1;1m[48;2;0;1;1m▀[0m[38;2;0;0;0m[48;2;0;1;1m▀[0m[38;2;0;0;0m[48;2;0;1;0m▀[0m[38;2;0;0;0m[48;2;0;1;1m▀[0m[38;2;0;0;0m[48;2;0;0;0m▀[0m[38;2;0;3;2m[48;2;0;15;7m▀[0m[38;2;0;4;3m[48;2;1;0;2m▀[0m[38;2;0;0;1m[48;2;0;3;2m▀[0m[38;2;0;2;1m[48;2;0;15;6m▀[0m[38;2;0;1;0m[48;2;0;3;2m▀[0m[38;2;0;4;3m[48;2;0;0;0m▀[0m[38;2;0;10;9m[48;2;0;2;1m▀[0m[38;2;0;0;0m[48;2;0;3;2m▀[0m[38;2;0;0;0m[48;2;0;0;0m▀[0m[38;2;0;0;0m[48;2;0;0;1m▀[0m[38;2;0;0;0m[48;2;0;0;1m▀[0m
[38;2;0;0;0m[48;2;0;0;0m▀[0m[38;2;0;0;0m[48;2;0;0;0m▀[0m[38;2;0;0;0m[48;2;0;0;0m▀[0m[38;2;0;0;0m[48;2;0;0;0m▀[0m[38;2;1;1;1m[48;2;0;0;0m▀[0m[38;2;0;8;2m[48;2;0;0;0m▀[0m[38;2;0;9;1m[48;2;0;1;1m▀[0m[38;2;0;0;1m[48;2;0;2;1m▀[0m[38;2;0;1;1m[48;2;0;1;1m▀[0m[38;2;0;2;2m[48;2;0;2;2m▀[0m[38;2;0;2;2m[48;2;0;6;2m▀[0m[38;2;0;2;2m[48;2;0;4;1m▀[0m[38;2;0;2;2m[48;2;0;1;1m▀[0m[38;2;0;0;0m[48;2;0;2;2m▀[0m[38;2;0;0;0m[48;2;0;0;0m▀[0m[38;2;0;0;0m[48;2;0;0;0m▀[0m[38;2;1;1;1m[48;2;0;0;0m▀[0m[38;2;1;1;1m[48;2;1;1;1m▀[0m[38;2;1;1;1m[48;2;1;1;1m▀[0m[38;2;1;1;1m[48;2;0;1;1m▀[0m[38;2;0;1;1m[48;2;1;1;1m▀[0m[38;2;0;1;1m[48;2;1;1;1m▀[0m[38;2;1;1;1m[48;2;1;1;1m▀[0m[38;2;0;0;0m[48;2;1;1;1m▀[0m[38;2;0;0;0m[48;2;0;1;0m▀[0m[38;2;0;0;0m[48;2;0;0;0m▀[0m[38;2;0;0;0m[48;2;0;1;1m▀[0m[38;2;0;0;0m[48;2;0;0;0m▀[0m[38;2;0;0;0m[48;2;0;0;0m▀[0m[38;2;0;0;0m[48;2;0;0;0m▀[0m[38;2;0;0;0m[48;2;0;0;0m▀[0m[38;2;255;255;255m[48;2;255;255;255m▀[0m[38;2;255;255;255m[48;2;0;0;0m▀[0m[38;2;255;255;255m[48;2;0;0;0m▀[0m[38;2;255;255;255m[48;2;23;30;26m▀[0m[38;2;255;255;255m[48;2;120;129;128m▀[0m[38;2;255;255;255m[48;2;119;123;118m▀[0m[38;2;255;255;255m[48;2;45;48;48m▀[0m[38;2;255;255;255m[48;2;0;0;0m▀[0m[38;2;208;200;201m[48;2;0;0;0m▀[0m[38;2;125;120;119m[48;2;0;0;0m▀[0m[38;2;255;255;255m[48;2;0;0;0m▀[0m[38;2;255;255;255m[48;2;40;40;41m▀[0m[38;2;255;255;255m[48;2;124;124;125m▀[0m[38;2;255;255;251m[48;2;148;148;146m▀[0m[38;2;255;255;255m[48;2;157;152;156m▀[0m[38;2;255;255;255m[48;2;119;122;119m▀[0m[38;2;255;255;255m[48;2;0;0;0m▀[0m[38;2;255;255;255m[48;2;0;0;0m▀[0m[38;2;255;255;255m[48;2;255;255;255m▀[0m[38;2;0;0;0m[48;2;98;103;96m▀[0m[38;2;0;0;0m[48;2;0;0;0m▀[0m[38;2;0;0;0m[48;2;0;0;0m▀[0m[38;2;0;0;0m[48;2;0;0;0m▀[0m[38;2;0;0;1m[48;2;0;0;1m▀[0m[38;2;0;1;1m[48;2;0;0;1m▀[0m[38;2;0;1;1m[48;2;1;1;1m▀[0m[38;2;0;1;1m[48;2;0;1;1m▀[0m[38;2;0;1;1m[48;2;0;0;0m▀[0m[38;2;0;0;0m[48;2;0;0;0m▀[0m[38;2;0;0;0m[48;2;0;0;0m▀[0m[38;2;1;0;0m[48;2;1;0;3m▀[0m[38;2;1;0;0m[48;2;0;34;29m▀[0m[38;2;1;0;0m[48;2;0;29;24m▀[0m[38;2;0;13;9m[48;2;0;13;10m▀[0m[38;2;0;46;32m[48;2;0;13;9m▀[0m[38;2;1;6;6m[48;2;0;35;24m▀[0m[38;2;0;7;6m[48;2;1;0;0m▀[0m[38;2;0;6;4m[48;2;2;4;4m▀[0m[38;2;0;14;12m[48;2;1;6;6m▀[0m[38;2;3;25;19m[48;2;0;4;4m▀[0m[38;2;0;0;0m[48;2;0;0;0m▀[0m[38;2;1;4;3m[48;2;1;19;17m▀[0m[38;2;9;19;14m[48;2;1;8;4m▀[0m[38;2;0;0;0m[48;2;1;8;4m▀[0m[38;2;0;0;0m[48;2;0;19;8m▀[0m
[38;2;0;0;0m[48;2;0;0;0m▀[0m[38;2;0;0;0m[48;2;0;0;0m▀[0m[38;2;0;0;0m[48;2;0;0;0m▀[0m[38;2;0;0;0m[48;2;0;0;0m▀[0m[38;2;0;0;0m[48;2;0;0;0m▀[0m[38;2;0;0;1m[48;2;0;0;1m▀[0m[38;2;0;0;1m[48;2;0;0;1m▀[0m[38;2;0;1;1m[48;2;0;2;2m▀[0m[38;2;0;2;0m[48;2;0;0;0m▀[0m[38;2;0;2;0m[48;2;0;0;0m▀[0m[38;2;0;0;0m[48;2;1;6;4m▀[0m[38;2;0;4;3m[48;2;0;20;19m▀[0m[38;2;0;29;20m[48;2;6;17;12m▀[0m[38;2;0;3;3m[48;2;9;13;13m▀[0m[38;2;0;0;0m[48;2;1;1;1m▀[0m[38;2;0;0;0m[48;2;0;0;0m▀[0m[38;2;0;0;1m[48;2;0;1;1m▀[0m[38;2;1;1;1m[48;2;0;1;1m▀[0m[38;2;1;1;1m[48;2;1;1;0m▀[0m[38;2;1;1;1m[48;2;1;1;1m▀[0m[38;2;0;1;1m[48;2;1;1;1m▀[0m[38;2;0;1;1m[48;2;0;1;1m▀[0m[38;2;1;1;1m[48;2;0;1;0m▀[0m[38;2;1;1;1m[48;2;0;1;1m▀[0m[38;2;0;1;1m[48;2;0;0;0m▀[0m[38;2;0;1;1m[48;2;0;1;1m▀[0m[38;2;0;1;1m[48;2;0;1;1m▀[0m[38;2;0;0;1m[48;2;0;1;1m▀[0m[38;2;0;0;0m[48;2;0;0;0m▀[0m[38;2;0;0;0m[48;2;0;0;0m▀[0m[38;2;0;0;0m[48;2;0;0;0m▀[0m[38;2;255;255;255m[48;2;255;255;255m▀[0m[38;2;0;0;0m[48;2;0;0;0m▀[0m[38;2;0;0;0m[48;2;0;0;0m▀[0m[38;2;12;10;10m[48;2;255;255;255m▀[0m[38;2;0;0;0m[48;2;142;146;148m▀[0m[38;2;0;0;0m[48;2;0;0;0m▀[0m[38;2;0;0;0m[48;2;0;0;0m▀[0m[38;2;0;0;0m[48;2;0;0;0m▀[0m[38;2;0;0;0m[48;2;0;0;0m▀[0m[38;2;0;0;0m[48;2;0;0;0m▀[0m[38;2;0;0;0m[48;2;0;0;0m▀[0m[38;2;0;0;0m[48;2;0;0;0m▀[0m[38;2;0;0;0m[48;2;0;0;0m▀[0m[38;2;0;0;0m[48;2;122;122;122m▀[0m[38;2;159;164;165m[48;2;255;255;255m▀[0m[38;2;0;0;0m[48;2;0;0;0m▀[0m[38;2;0;0;0m[48;2;0;0;0m▀[0m[38;2;0;0;0m[48;2;0;0;0m▀[0m[38;2;255;255;255m[48;2;255;255;255m▀[0m[38;2;128;131;128m[48;2;156;159;159m▀[0m[38;2;0;0;0m[48;2;0;0;0m▀[0m[38;2;0;0;0m[48;2;0;0;0m▀[0m[38;2;0;0;0m[48;2;0;0;0m▀[0m[38;2;0;0;0m[48;2;0;0;0m▀[0m[38;2;0;0;0m[48;2;0;0;0m▀[0m[38;2;1;1;1m[48;2;1;0;1m▀[0m[38;2;0;0;0m[48;2;1;1;1m▀[0m[38;2;0;0;0m[48;2;0;0;0m▀[0m[38;2;0;0;0m[48;2;0;0;0m▀[0m[38;2;0;0;0m[48;2;0;0;0m▀[0m[38;2;0;10;8m[48;2;0;21;17m▀[0m[38;2;0;52;40m[48;2;0;42;29m▀[0m[38;2;0;47;35m[48;2;2;6;6m▀[0m[38;2;0;23;13m[48;2;0;13;9m▀[0m[38;2;2;0;1m[48;2;1;10;8m▀[0m[38;2;0;37;30m[48;2;2;13;12m▀[0m[38;2;2;18;9m[48;2;2;10;10m▀[0m[38;2;1;0;0m[48;2;0;10;9m▀[0m[38;2;1;0;0m[48;2;1;0;0m▀[0m[38;2;0;0;0m[48;2;0;0;0m▀[0m[38;2;0;0;0m[48;2;0;0;0m▀[0m[38;2;0;0;0m[48;2;0;25;20m▀[0m[38;2;0;10;7m[48;2;0;47;35m▀[0m[38;2;0;8;7m[48;2;0;28;20m▀[0m[38;2;0;26;19m[48;2;0;24;21m▀[0m
[38;2;1;1;1m[48;2;0;0;0m▀[0m[38;2;0;0;0m[48;2;1;4;4m▀[0m[38;2;0;0;0m[48;2;0;3;2m▀[0m[38;2;1;1;1m[48;2;0;0;0m▀[0m[38;2;0;0;0m[48;2;0;3;2m▀[0m[38;2;0;14;3m[48;2;0;0;0m▀[0m[38;2;0;3;3m[48;2;0;0;0m▀[0m[38;2;0;0;0m[48;2;2;43;29m▀[0m[38;2;0;4;3m[48;2;0;41;26m▀[0m[38;2;1;17;14m[48;2;2;7;6m▀[0m[38;2;0;3;3m[48;2;1;6;4m▀[0m[38;2;0;0;0m[48;2;0;0;0m▀[0m[38;2;0;0;1m[48;2;0;1;1m▀[0m[38;2;0;2;2m[48;2;0;1;1m▀[0m[38;2;0;1;1m[48;2;0;2;2m▀[0m[38;2;0;0;0m[48;2;0;2;2m▀[0m[38;2;0;1;1m[48;2;0;0;1m▀[0m[38;2;0;0;0m[48;2;0;0;0m▀[0m[38;2;0;0;0m[48;2;0;0;0m▀[0m[38;2;0;0;0m[48;2;0;0;0m▀[0m[38;2;0;0;0m[48;2;3;3;3m▀[0m[38;2;0;0;0m[48;2;0;0;0m▀[0m[38;2;0;0;0m[48;2;0;0;0m▀[0m[38;2;0;1;1m[48;2;0;0;0m▀[0m[38;2;0;1;1m[48;2;0;1;1m▀[0m[38;2;0;1;1m[48;2;0;0;0m▀[0m[38;2;0;1;1m[48;2;0;0;0m▀[0m[38;2;0;0;0m[48;2;0;0;0m▀[0m[38;2;0;0;0m[48;2;0;0;0m▀[0m[38;2;0;0;0m[48;2;0;0;0m▀[0m[38;2;0;0;0m[48;2;0;0;0m▀[0m[38;2;255;255;255m[48;2;255;255;255m▀[0m[38;2;0;0;0m[48;2;6;6;6m▀[0m[38;2;0;0;0m[48;2;0;0;0m▀[0m[38;2;255;255;255m[48;2;255;255;255m▀[0m[38;2;223;226;226m[48;2;151;153;153m▀[0m[38;2;0;0;0m[48;2;0;0;0m▀[0m[38;2;0;0;0m[48;2;0;0;0m▀[0m[38;2;0;0;0m[48;2;0;0;0m▀[0m[38;2;0;0;0m[48;2;0;0;0m▀[0m[38;2;0;0;1m[48;2;0;0;0m▀[0m[38;2;0;0;0m[48;2;0;0;0m▀[0m[38;2;0;0;0m[48;2;0;0;0m▀[0m[38;2;0;0;0m[48;2;0;0;0m▀[0m[38;2;164;164;164m[48;2;57;61;61m▀[0m[38;2;255;255;255m[48;2;102;106;104m▀[0m[38;2;0;0;0m[48;2;0;0;0m▀[0m[38;2;0;0;0m[48;2;0;0;0m▀[0m[38;2;0;0;0m[48;2;0;0;0m▀[0m[38;2;255;255;255m[48;2;240;245;246m▀[0m[38;2;165;169;169m[48;2;176;180;176m▀[0m[38;2;0;0;0m[48;2;0;0;0m▀[0m[38;2;0;0;0m[48;2;0;0;0m▀[0m[38;2;0;0;0m[48;2;0;0;0m▀[0m[38;2;0;0;0m[48;2;193;201;197m▀[0m[38;2;0;0;0m[48;2;0;0;0m▀[0m[38;2;0;0;0m[48;2;0;0;0m▀[0m[38;2;1;1;1m[48;2;0;0;0m▀[0m[38;2;0;1;1m[48;2;0;0;0m▀[0m[38;2;0;0;0m[48;2;0;0;0m▀[0m[38;2;1;0;0m[48;2;0;29;20m▀[0m[38;2;0;9;8m[48;2;0;54;31m▀[0m[38;2;0;18;13m[48;2;1;0;0m▀[0m[38;2;0;19;13m[48;2;0;19;14m▀[0m[38;2;0;17;10m[48;2;2;1;2m▀[0m[38;2;0;28;20m[48;2;2;3;0m▀[0m[38;2;0;0;0m[48;2;2;0;0m▀[0m[38;2;0;0;0m[48;2;0;0;0m▀[0m[38;2;0;7;6m[48;2;0;0;0m▀[0m[38;2;1;56;50m[48;2;0;23;21m▀[0m[38;2;0;36;35m[48;2;0;23;20m▀[0m[38;2;1;0;0m[48;2;1;0;0m▀[0m[38;2;3;0;0m[48;2;4;39;34m▀[0m[38;2;0;0;0m[48;2;2;52;45m▀[0m[38;2;0;17;12m[48;2;1;0;0m▀[0m[38;2;2;13;10m[48;2;1;0;0m▀[0m
[38;2;1;1;1m[48;2;0;3;3m▀[0m[38;2;0;2;2m[48;2;2;6;6m▀[0m[38;2;1;4;4m[48;2;0;2;2m▀[0m[38;2;1;6;4m[48;2;0;7;6m▀[0m[38;2;0;7;4m[48;2;0;8;6m▀[0m[38;2;0;19;15m[48;2;0;21;15m▀[0m[38;2;4;43;31m[48;2;2;2;4m▀[0m[38;2;0;36;24m[48;2;0;0;0m▀[0m[38;2;0;2;4m[48;2;2;42;30m▀[0m[38;2;0;0;0m[48;2;1;0;0m▀[0m[38;2;6;17;12m[48;2;0;3;2m▀[0m[38;2;0;0;0m[48;2;0;1;1m▀[0m[38;2;0;0;0m[48;2;0;1;1m▀[0m[38;2;0;3;3m[48;2;0;2;2m▀[0m[38;2;0;4;3m[48;2;0;2;3m▀[0m[38;2;0;2;0m[48;2;0;2;2m▀[0m[38;2;0;0;0m[48;2;0;0;0m▀[0m[38;2;0;0;0m[48;2;0;0;0m▀[0m[38;2;0;0;0m[48;2;0;0;0m▀[0m[38;2;0;0;0m[48;2;0;0;0m▀[0m[38;2;239;239;239m[48;2;255;255;255m▀[0m[38;2;0;0;0m[48;2;1;4;4m▀[0m[38;2;0;0;0m[48;2;0;0;0m▀[0m[38;2;0;0;0m[48;2;0;0;0m▀[0m[38;2;0;1;1m[48;2;0;0;0m▀[0m[38;2;0;0;0m[48;2;0;0;0m▀[0m[38;2;0;0;0m[48;2;0;0;0m▀[0m[38;2;0;0;0m[48;2;0;0;0m▀[0m[38;2;0;0;0m[48;2;0;0;0m▀[0m[38;2;0;0;0m[48;2;0;0;0m▀[0m[38;2;0;0;0m[48;2;0;0;0m▀[0m[38;2;255;255;255m[48;2;186;192;186m▀[0m[38;2;56;54;56m[48;2;81;81;74m▀[0m[38;2;0;0;0m[48;2;0;0;0m▀[0m[38;2;197;196;196m[48;2;95;97;100m▀[0m[38;2;90;93;92m[48;2;43;47;48m▀[0m[38;2;0;0;0m[48;2;0;0;0m▀[0m[38;2;0;0;0m[48;2;0;0;0m▀[0m[38;2;0;0;0m[48;2;0;0;0m▀[0m[38;2;0;0;0m[48;2;0;0;0m▀[0m[38;2;0;0;0m[48;2;0;0;0m▀[0m[38;2;0;0;0m[48;2;0;0;0m▀[0m[38;2;0;0;0m[48;2;0;0;0m▀[0m[38;2;0;0;0m[48;2;0;0;0m▀[0m[38;2;0;0;0m[48;2;0;0;0m▀[0m[38;2;0;0;0m[48;2;0;0;0m▀[0m[38;2;0;0;0m[48;2;0;0;0m▀[0m[38;2;0;0;0m[48;2;0;0;0m▀[0m[38;2;0;0;0m[48;2;0;0;0m▀[0m[38;2;208;213;212m[48;2;161;163;164m▀[0m[38;2;193;193;193m[48;2;202;204;204m▀[0m[38;2;0;0;0m[48;2;0;0;0m▀[0m[38;2;0;0;0m[48;2;0;0;0m▀[0m[38;2;69;64;69m[48;2;107;107;109m▀[0m[38;2;255;255;255m[48;2;255;255;255m▀[0m[38;2;0;0;0m[48;2;0;0;0m▀[0m[38;2;0;0;0m[48;2;0;0;0m▀[0m[38;2;0;0;0m[48;2;0;0;0m▀[0m[38;2;0;0;0m[48;2;0;0;0m▀[0m[38;2;1;0;0m[48;2;1;0;0m▀[0m[38;2;1;21;23m[48;2;4;62;61m▀[0m[38;2;2;0;0m[48;2;4;63;53m▀[0m[38;2;0;0;0m[48;2;0;41;32m▀[0m[38;2;0;17;17m[48;2;0;28;24m▀[0m[38;2;0;39;32m[48;2;0;42;35m▀[0m[38;2;2;0;0m[48;2;0;69;56m▀[0m[38;2;2;15;13m[48;2;0;51;43m▀[0m[38;2;0;7;7m[48;2;0;32;26m▀[0m[38;2;0;0;0m[48;2;1;10;9m▀[0m[38;2;0;0;0m[48;2;1;0;0m▀[0m[38;2;0;23;21m[48;2;0;10;8m▀[0m[38;2;1;0;0m[48;2;0;13;9m▀[0m[38;2;0;15;13m[48;2;0;0;0m▀[0m[38;2;1;73;61m[48;2;2;0;0m▀[0m[38;2;4;1;1m[48;2;0;29;25m▀[0m[38;2;1;17;14m[48;2;2;51;41m▀[0m
[38;2;0;0;0m[48;2;0;0;0m▀[0m[38;2;0;0;0m[48;2;0;9;2m▀[0m[38;2;0;0;0m[48;2;0;13;9m▀[0m[38;2;0;0;2m[48;2;1;0;0m▀[0m[38;2;0;0;0m[48;2;1;6;6m▀[0m[38;2;1;0;0m[48;2;2;0;0m▀[0m[38;2;1;1;0m[48;2;0;0;0m▀[0m[38;2;1;1;6m[48;2;0;7;6m▀[0m[38;2;0;4;3m[48;2;0;36;29m▀[0m[38;2;1;0;2m[48;2;1;0;2m▀[0m[38;2;0;3;2m[48;2;0;0;0m▀[0m[38;2;0;1;1m[48;2;0;0;0m▀[0m[38;2;0;15;12m[48;2;0;2;2m▀[0m[38;2;0;0;0m[48;2;0;3;2m▀[0m[38;2;0;4;4m[48;2;0;6;6m▀[0m[38;2;1;9;4m[48;2;1;4;4m▀[0m[38;2;0;0;0m[48;2;0;0;0m▀[0m[38;2;0;0;0m[48;2;0;0;0m▀[0m[38;2;0;0;0m[48;2;0;0;0m▀[0m[38;2;0;0;0m[48;2;108;108;108m▀[0m[38;2;255;255;255m[48;2;255;255;255m▀[0m[38;2;75;78;78m[48;2;91;93;93m▀[0m[38;2;0;0;0m[48;2;0;0;0m▀[0m[38;2;0;0;0m[48;2;0;0;0m▀[0m[38;2;0;0;0m[48;2;0;0;0m▀[0m[38;2;0;0;0m[48;2;0;0;0m▀[0m[38;2;0;0;0m[48;2;0;0;0m▀[0m[38;2;0;0;0m[48;2;76;86;85m▀[0m[38;2;0;0;0m[48;2;255;255;255m▀[0m[38;2;255;255;255m[48;2;255;255;255m▀[0m[38;2;255;255;255m[48;2;255;255;255m▀[0m[38;2;174;179;174m[48;2;152;159;156m▀[0m[38;2;21;25;21m[48;2;0;0;0m▀[0m[38;2;0;0;0m[48;2;0;0;0m▀[0m[38;2;0;0;0m[48;2;113;117;113m▀[0m[38;2;0;0;0m[48;2;23;25;25m▀[0m[38;2;0;0;0m[48;2;0;0;0m▀[0m[38;2;0;0;0m[48;2;0;0;0m▀[0m[38;2;42;42;43m[48;2;70;70;73m▀[0m[38;2;74;70;73m[48;2;255;255;255m▀[0m[38;2;25;25;23m[48;2;255;255;255m▀[0m[38;2;148;152;152m[48;2;255;255;255m▀[0m[38;2;46;46;46m[48;2;7;7;7m▀[0m[38;2;0;0;0m[48;2;0;0;0m▀[0m[38;2;57;62;65m[48;2;50;54;58m▀[0m[38;2;111;119;123m[48;2;187;198;197m▀[0m[38;2;0;0;0m[48;2;0;0;0m▀[0m[38;2;0;0;0m[48;2;0;0;0m▀[0m[38;2;0;0;0m[48;2;0;0;0m▀[0m[38;2;104;107;107m[48;2;75;73;76m▀[0m[38;2;192;196;196m[48;2;190;192;192m▀[0m[38;2;0;0;0m[48;2;0;0;0m▀[0m[38;2;0;0;0m[48;2;0;0;0m▀[0m[38;2;45;50;50m[48;2;0;0;0m▀[0m[38;2;255;255;255m[48;2;255;255;255m▀[0m[38;2;97;102;102m[48;2;255;255;255m▀[0m[38;2;0;0;0m[48;2;0;0;0m▀[0m[38;2;0;0;0m[48;2;0;0;0m▀[0m[38;2;0;0;0m[48;2;0;0;0m▀[0m[38;2;0;0;0m[48;2;0;0;0m▀[0m[38;2;2;12;12m[48;2;0;10;8m▀[0m[38;2;0;0;0m[48;2;0;31;23m▀[0m[38;2;0;32;21m[48;2;1;1;2m▀[0m[38;2;0;32;17m[48;2;0;57;39m▀[0m[38;2;0;0;0m[48;2;0;18;12m▀[0m[38;2;1;0;0m[48;2;0;0;0m▀[0m[38;2;2;6;10m[48;2;0;0;0m▀[0m[38;2;0;28;26m[48;2;2;0;0m▀[0m[38;2;2;1;2m[48;2;0;23;20m▀[0m[38;2;1;0;1m[48;2;0;8;8m▀[0m[38;2;0;8;8m[48;2;0;8;7m▀[0m[38;2;0;8;7m[48;2;0;26;19m▀[0m[38;2;1;0;0m[48;2;1;0;0m▀[0m[38;2;1;10;9m[48;2;1;0;0m▀[0m[38;2;0;19;15m[48;2;1;12;10m▀[0m[38;2;0;45;34m[48;2;0;43;35m▀[0m
[38;2;0;0;0m[48;2;181;186;185m▀[0m[38;2;0;0;0m[48;2;0;0;0m▀[0m[38;2;0;0;0m[48;2;0;0;0m▀[0m[38;2;0;1;0m[48;2;0;12;7m▀[0m[38;2;2;2;7m[48;2;0;0;0m▀[0m[38;2;0;35;25m[48;2;4;37;28m▀[0m[38;2;0;24;17m[48;2;0;31;24m▀[0m[38;2;2;1;2m[48;2;1;0;0m▀[0m[38;2;1;0;0m[48;2;0;21;13m▀[0m[38;2;0;0;0m[48;2;2;42;36m▀[0m[38;2;0;0;0m[48;2;0;24;21m▀[0m[38;2;0;0;0m[48;2;0;9;7m▀[0m[38;2;0;3;2m[48;2;1;0;0m▀[0m[38;2;0;0;0m[48;2;1;8;7m▀[0m[38;2;0;4;4m[48;2;0;0;0m▀[0m[38;2;0;0;0m[48;2;0;0;0m▀[0m[38;2;0;0;0m[48;2;0;0;0m▀[0m[38;2;0;0;0m[48;2;0;0;0m▀[0m[38;2;0;0;0m[48;2;50;52;52m▀[0m[38;2;255;255;255m[48;2;255;255;255m▀[0m[38;2;255;255;255m[48;2;255;255;255m▀[0m[38;2;42;46;46m[48;2;0;0;0m▀[0m[38;2;0;0;0m[48;2;0;0;0m▀[0m[38;2;0;0;0m[48;2;0;0;0m▀[0m[38;2;0;0;0m[48;2;0;0;0m▀[0m[38;2;0;0;0m[48;2;145;150;150m▀[0m[38;2;167;180;173m[48;2;255;255;255m▀[0m[38;2;255;255;255m[48;2;255;255;255m▀[0m[38;2;255;255;255m[48;2;255;255;255m▀[0m[38;2;255;255;255m[48;2;255;255;255m▀[0m[38;2;255;251;253m[48;2;220;136;141m▀[0m[38;2;113;75;75m[48;2;113;39;35m▀[0m[38;2;0;0;0m[48;2;0;0;0m▀[0m[38;2;0;0;0m[48;2;0;0;0m▀[0m[38;2;119;122;119m[48;2;96;109;109m▀[0m[38;2;43;40;40m[48;2;39;42;42m▀[0m[38;2;0;0;0m[48;2;0;0;0m▀[0m[38;2;0;0;0m[48;2;0;0;0m▀[0m[38;2;0;0;0m[48;2;0;0;0m▀[0m[38;2;184;187;186m[48;2;62;65;73m▀[0m[38;2;255;255;255m[48;2;255;255;255m▀[0m[38;2;193;192;192m[48;2;242;239;241m▀[0m[38;2;0;0;0m[48;2;0;0;0m▀[0m[38;2;0;0;0m[48;2;0;0;0m▀[0m[38;2;13;15;15m[48;2;3;1;4m▀[0m[38;2;192;197;198m[48;2;198;206;204m▀[0m[38;2;0;0;0m[48;2;0;0;0m▀[0m[38;2;0;0;0m[48;2;0;0;0m▀[0m[38;2;0;0;0m[48;2;0;0;0m▀[0m[38;2;52;52;52m[48;2;32;35;35m▀[0m[38;2;175;174;174m[48;2;134;139;139m▀[0m[38;2;0;0;0m[48;2;0;0;0m▀[0m[38;2;0;0;0m[48;2;0;0;0m▀[0m[38;2;0;0;0m[48;2;0;0;0m▀[0m[38;2;255;255;255m[48;2;54;52;50m▀[0m[38;2;255;255;255m[48;2;255;255;255m▀[0m[38;2;255;134;134m[48;2;255;225;200m▀[0m[38;2;0;0;0m[48;2;255;0;0m▀[0m[38;2;0;0;0m[48;2;0;0;0m▀[0m[38;2;0;0;0m[48;2;0;0;0m▀[0m[38;2;0;8;6m[48;2;0;0;0m▀[0m[38;2;0;8;12m[48;2;0;34;28m▀[0m[38;2;1;0;0m[48;2;0;62;50m▀[0m[38;2;0;29;25m[48;2;0;47;37m▀[0m[38;2;9;30;20m[48;2;2;0;0m▀[0m[38;2;1;0;0m[48;2;1;0;0m▀[0m[38;2;0;31;20m[48;2;1;53;39m▀[0m[38;2;0;61;46m[48;2;0;42;35m▀[0m[38;2;0;2;2m[48;2;2;0;0m▀[0m[38;2;1;1;0m[48;2;0;7;7m▀[0m[38;2;0;43;35m[48;2;0;12;9m▀[0m[38;2;1;14;12m[48;2;1;10;9m▀[0m[38;2;0;26;26m[48;2;0;64;54m▀[0m[38;2;0;0;0m[48;2;0;0;0m▀[0m[38;2;0;0;0m[48;2;0;0;0m▀[0m[38;2;0;0;0m[48;2;0;0;0m▀[0m
[38;2;255;255;255m[48;2;255;255;255m▀[0m[38;2;17;20;20m[48;2;255;255;255m▀[0m[38;2;0;0;0m[48;2;0;0;0m▀[0m[38;2;0;0;0m[48;2;0;0;0m▀[0m[38;2;0;0;0m[48;2;0;2;0m▀[0m[38;2;3;3;3m[48;2;0;19;15m▀[0m[38;2;4;15;13m[48;2;0;89;73m▀[0m[38;2;1;6;4m[48;2;0;54;41m▀[0m[38;2;1;9;13m[48;2;1;0;0m▀[0m[38;2;0;18;15m[48;2;0;1;1m▀[0m[38;2;0;40;32m[48;2;2;65;52m▀[0m[38;2;1;14;10m[48;2;0;0;0m▀[0m[38;2;0;0;0m[48;2;3;0;0m▀[0m[38;2;9;41;32m[48;2;7;30;24m▀[0m[38;2;0;0;0m[48;2;0;3;2m▀[0m[38;2;0;0;0m[48;2;0;0;0m▀[0m[38;2;0;0;0m[48;2;0;0;0m▀[0m[38;2;0;0;0m[48;2;152;154;152m▀[0m[38;2;255;255;255m[48;2;255;255;255m▀[0m[38;2;255;255;255m[48;2;255;255;255m▀[0m[38;2;255;255;255m[48;2;106;103;100m▀[0m[38;2;0;0;0m[48;2;0;0;0m▀[0m[38;2;0;0;0m[48;2;0;0;0m▀[0m[38;2;0;0;0m[48;2;0;0;0m▀[0m[38;2;68;65;69m[48;2;223;222;222m▀[0m[38;2;219;224;224m[48;2;151;156;156m▀[0m[38;2;233;235;235m[48;2;255;255;255m▀[0m[38;2;255;255;255m[48;2;207;207;207m▀[0m[38;2;255;255;255m[48;2;255;255;255m▀[0m[38;2;255;255;255m[48;2;255;255;255m▀[0m[38;2;183;63;67m[48;2;132;42;30m▀[0m[38;2;130;68;61m[48;2;106;75;68m▀[0m[38;2;0;0;0m[48;2;0;0;0m▀[0m[38;2;0;0;0m[48;2;0;0;0m▀[0m[38;2;14;25;25m[48;2;0;0;0m▀[0m[38;2;2;6;12m[48;2;0;0;0m▀[0m[38;2;0;0;0m[48;2;0;0;0m▀[0m[38;2;0;0;0m[48;2;0;0;0m▀[0m[38;2;0;0;0m[48;2;0;0;0m▀[0m[38;2;0;0;0m[48;2;41;41;50m▀[0m[38;2;255;255;255m[48;2;255;255;255m▀[0m[38;2;26;26;26m[48;2;0;0;0m▀[0m[38;2;0;0;0m[48;2;0;0;0m▀[0m[38;2;0;0;0m[48;2;0;0;0m▀[0m[38;2;0;0;0m[48;2;0;0;0m▀[0m[38;2;185;192;193m[48;2;190;200;198m▀[0m[38;2;0;0;0m[48;2;0;0;0m▀[0m[38;2;0;0;0m[48;2;0;0;0m▀[0m[38;2;0;0;0m[48;2;0;0;0m▀[0m[38;2;17;17;17m[48;2;0;0;0m▀[0m[38;2;140;145;141m[48;2;163;168;168m▀[0m[38;2;0;0;0m[48;2;237;240;240m▀[0m[38;2;0;0;0m[48;2;0;0;0m▀[0m[38;2;0;0;0m[48;2;0;0;0m▀[0m[38;2;0;0;0m[48;2;0;0;0m▀[0m[38;2;255;255;255m[48;2;0;0;0m▀[0m[38;2;255;246;224m[48;2;69;0;0m▀[0m[38;2;255;154;120m[48;2;239;219;223m▀[0m[38;2;162;115;111m[48;2;255;255;255m▀[0m[38;2;0;0;0m[48;2;34;47;47m▀[0m[38;2;0;0;0m[48;2;0;0;0m▀[0m[38;2;0;18;13m[48;2;0;34;29m▀[0m[38;2;0;20;15m[48;2;0;48;42m▀[0m[38;2;0;36;26m[48;2;2;1;1m▀[0m[38;2;0;7;4m[48;2;0;28;12m▀[0m[38;2;0;0;0m[48;2;1;0;0m▀[0m[38;2;0;0;0m[48;2;1;10;9m▀[0m[38;2;2;0;6m[48;2;1;0;0m▀[0m[38;2;0;26;21m[48;2;1;0;0m▀[0m[38;2;0;0;0m[48;2;0;8;6m▀[0m[38;2;0;0;0m[48;2;0;4;0m▀[0m[38;2;0;0;0m[48;2;0;0;0m▀[0m[38;2;0;6;4m[48;2;0;0;0m▀[0m[38;2;0;0;0m[48;2;0;0;0m▀[0m[38;2;0;0;0m[48;2;0;0;0m▀[0m[38;2;70;73;70m[48;2;255;255;255m▀[0m
[38;2;255;255;255m[48;2;255;255;255m▀[0m[38;2;255;255;255m[48;2;255;255;255m▀[0m[38;2;69;65;68m[48;2;255;255;255m▀[0m[38;2;0;0;0m[48;2;0;0;0m▀[0m[38;2;0;0;0m[48;2;0;0;0m▀[0m[38;2;0;18;14m[48;2;0;52;36m▀[0m[38;2;0;19;15m[48;2;0;0;0m▀[0m[38;2;1;0;0m[48;2;2;0;1m▀[0m[38;2;2;0;0m[48;2;0;64;53m▀[0m[38;2;0;61;51m[48;2;0;82;64m▀[0m[38;2;0;41;34m[48;2;0;0;0m▀[0m[38;2;4;3;4m[48;2;2;41;31m▀[0m[38;2;3;21;18m[48;2;3;39;24m▀[0m[38;2;6;52;42m[48;2;4;64;47m▀[0m[38;2;0;0;0m[48;2;0;6;0m▀[0m[38;2;0;0;0m[48;2;0;0;0m▀[0m[38;2;0;0;0m[48;2;0;0;0m▀[0m[38;2;255;255;255m[48;2;255;255;255m▀[0m[38;2;255;255;255m[48;2;255;255;255m▀[0m[38;2;255;255;255m[48;2;255;255;255m▀[0m[38;2;46;46;46m[48;2;255;255;255m▀[0m[38;2;0;0;0m[48;2;25;29;28m▀[0m[38;2;0;0;0m[48;2;0;0;0m▀[0m[38;2;41;43;43m[48;2;112;112;112m▀[0m[38;2;174;176;174m[48;2;170;170;172m▀[0m[38;2;255;255;255m[48;2;255;255;255m▀[0m[38;2;255;255;255m[48;2;255;255;255m▀[0m[38;2;137;142;142m[48;2;195;202;202m▀[0m[38;2;255;255;255m[48;2;255;255;255m▀[0m[38;2;255;255;255m[48;2;225;251;250m▀[0m[38;2;118;54;40m[48;2;151;106;96m▀[0m[38;2;115;74;68m[48;2;84;57;48m▀[0m[38;2;0;10;8m[48;2;0;51;47m▀[0m[38;2;0;0;0m[48;2;0;0;0m▀[0m[38;2;0;0;0m[48;2;0;0;0m▀[0m[38;2;0;0;0m[48;2;0;0;0m▀[0m[38;2;0;0;0m[48;2;0;0;0m▀[0m[38;2;0;0;0m[48;2;0;0;0m▀[0m[38;2;0;0;0m[48;2;0;0;0m▀[0m[38;2;115;119;120m[48;2;151;161;159m▀[0m[38;2;255;255;255m[48;2;255;255;255m▀[0m[38;2;58;62;57m[48;2;146;150;150m▀[0m[38;2;0;0;0m[48;2;0;0;0m▀[0m[38;2;0;0;0m[48;2;0;0;0m▀[0m[38;2;0;0;0m[48;2;0;0;0m▀[0m[38;2;69;74;78m[48;2;0;0;0m▀[0m[38;2;0;0;0m[48;2;0;0;0m▀[0m[38;2;0;0;0m[48;2;0;0;0m▀[0m[38;2;0;0;0m[48;2;0;0;0m▀[0m[38;2;0;0;0m[48;2;0;0;0m▀[0m[38;2;114;119;115m[48;2;109;113;113m▀[0m[38;2;255;255;255m[48;2;255;255;255m▀[0m[38;2;89;92;92m[48;2;255;255;255m▀[0m[38;2;0;0;0m[48;2;0;0;0m▀[0m[38;2;0;0;0m[48;2;0;0;0m▀[0m[38;2;79;101;97m[48;2;255;255;255m▀[0m[38;2;0;0;0m[48;2;255;255;255m▀[0m[38;2;41;45;45m[48;2;255;255;255m▀[0m[38;2;255;255;255m[48;2;255;255;255m▀[0m[38;2;158;162;164m[48;2;113;113;113m▀[0m[38;2;0;0;0m[48;2;0;0;0m▀[0m[38;2;0;0;0m[48;2;0;0;0m▀[0m[38;2;0;45;37m[48;2;1;0;0m▀[0m[38;2;0;21;17m[48;2;0;24;19m▀[0m[38;2;2;0;0m[48;2;0;35;30m▀[0m[38;2;1;8;4m[48;2;1;25;20m▀[0m[38;2;1;0;0m[48;2;1;10;6m▀[0m[38;2;1;0;0m[48;2;0;18;14m▀[0m[38;2;0;10;9m[48;2;0;14;12m▀[0m[38;2;0;0;0m[48;2;1;0;0m▀[0m[38;2;0;0;0m[48;2;0;0;0m▀[0m[38;2;0;0;0m[48;2;0;2;0m▀[0m[38;2;0;0;0m[48;2;0;0;0m▀[0m[38;2;0;0;0m[48;2;0;0;0m▀[0m[38;2;150;154;150m[48;2;255;255;255m▀[0m[38;2;255;255;255m[48;2;255;255;255m▀[0m
[38;2;255;255;255m[48;2;255;255;255m▀[0m[38;2;255;255;255m[48;2;255;255;255m▀[0m[38;2;255;255;255m[48;2;255;255;255m▀[0m[38;2;64;53;58m[48;2;255;255;255m▀[0m[38;2;0;0;0m[48;2;0;0;0m▀[0m[38;2;0;15;7m[48;2;0;0;0m▀[0m[38;2;0;0;0m[48;2;0;0;0m▀[0m[38;2;2;0;0m[48;2;0;40;30m▀[0m[38;2;0;51;40m[48;2;0;50;39m▀[0m[38;2;0;71;58m[48;2;0;40;34m▀[0m[38;2;3;12;10m[48;2;0;67;58m▀[0m[38;2;1;0;1m[48;2;0;64;53m▀[0m[38;2;0;62;46m[48;2;0;69;57m▀[0m[38;2;3;43;32m[48;2;8;59;48m▀[0m[38;2;0;0;0m[48;2;0;0;0m▀[0m[38;2;0;0;0m[48;2;0;0;0m▀[0m[38;2;0;0;0m[48;2;0;0;0m▀[0m[38;2;255;255;255m[48;2;56;58;56m▀[0m[38;2;255;255;255m[48;2;255;255;255m▀[0m[38;2;255;255;255m[48;2;255;255;255m▀[0m[38;2;255;255;255m[48;2;255;255;255m▀[0m[38;2;255;255;255m[48;2;255;255;255m▀[0m[38;2;124;129;129m[48;2;120;134;130m▀[0m[38;2;126;130;126m[48;2;173;178;178m▀[0m[38;2;198;201;198m[48;2;220;203;198m▀[0m[38;2;255;255;255m[48;2;255;255;255m▀[0m[38;2;225;224;224m[48;2;195;198;197m▀[0m[38;2;255;255;255m[48;2;255;255;255m▀[0m[38;2;255;255;255m[48;2;255;255;255m▀[0m[38;2;145;163;168m[48;2;76;86;85m▀[0m[38;2;165;175;170m[48;2;200;255;255m▀[0m[38;2;40;0;0m[48;2;56;0;0m▀[0m[38;2;53;21;20m[48;2;255;0;0m▀[0m[38;2;0;0;0m[48;2;0;0;0m▀[0m[38;2;0;0;0m[48;2;0;0;4m▀[0m[38;2;235;0;0m[48;2;255;0;0m▀[0m[38;2;251;0;0m[48;2;255;0;0m▀[0m[38;2;0;0;0m[48;2;0;0;0m▀[0m[38;2;0;0;0m[48;2;0;0;0m▀[0m[38;2;218;226;226m[48;2;255;255;255m▀[0m[38;2;255;255;255m[48;2;255;255;255m▀[0m[38;2;204;203;203m[48;2;250;252;252m▀[0m[38;2;0;0;0m[48;2;0;0;0m▀[0m[38;2;0;0;0m[48;2;0;0;0m▀[0m[38;2;0;0;0m[48;2;0;0;0m▀[0m[38;2;147;152;151m[48;2;201;203;203m▀[0m[38;2;0;0;0m[48;2;0;0;0m▀[0m[38;2;0;0;0m[48;2;0;0;0m▀[0m[38;2;0;0;0m[48;2;0;0;0m▀[0m[38;2;0;0;0m[48;2;0;0;0m▀[0m[38;2;109;113;113m[48;2;96;106;106m▀[0m[38;2;255;255;255m[48;2;255;255;255m▀[0m[38;2;255;255;255m[48;2;255;255;255m▀[0m[38;2;39;42;42m[48;2;217;217;217m▀[0m[38;2;255;255;255m[48;2;156;159;158m▀[0m[38;2;255;255;255m[48;2;255;255;255m▀[0m[38;2;255;255;255m[48;2;255;255;255m▀[0m[38;2;255;255;255m[48;2;255;255;255m▀[0m[38;2;255;255;255m[48;2;151;151;151m▀[0m[38;2;0;0;0m[48;2;0;0;0m▀[0m[38;2;0;0;0m[48;2;0;0;0m▀[0m[38;2;0;0;0m[48;2;0;0;0m▀[0m[38;2;0;25;20m[48;2;0;23;18m▀[0m[38;2;0;85;68m[48;2;0;78;63m▀[0m[38;2;0;57;47m[48;2;0;57;43m▀[0m[38;2;2;15;15m[48;2;3;12;15m▀[0m[38;2;0;56;42m[48;2;0;61;50m▀[0m[38;2;0;63;52m[48;2;0;47;39m▀[0m[38;2;1;18;14m[48;2;2;15;8m▀[0m[38;2;1;0;0m[48;2;0;19;14m▀[0m[38;2;0;0;0m[48;2;0;0;0m▀[0m[38;2;0;0;0m[48;2;0;0;0m▀[0m[38;2;0;0;0m[48;2;0;0;0m▀[0m[38;2;125;125;128m[48;2;255;255;255m▀[0m[38;2;255;255;255m[48;2;255;255;255m▀[0m[38;2;255;255;255m[48;2;255;255;255m▀[0m
[38;2;255;255;255m[48;2;255;255;255m▀[0m[38;2;255;255;255m[48;2;255;255;255m▀[0m[38;2;255;255;255m[48;2;255;255;255m▀[0m[38;2;255;255;255m[48;2;237;237;229m▀[0m[38;2;0;0;0m[48;2;174;169;172m▀[0m[38;2;0;0;0m[48;2;0;0;0m▀[0m[38;2;0;20;14m[48;2;0;19;13m▀[0m[38;2;0;0;0m[48;2;0;26;21m▀[0m[38;2;3;17;12m[48;2;1;51;43m▀[0m[38;2;0;68;57m[48;2;3;40;41m▀[0m[38;2;0;75;61m[48;2;0;74;61m▀[0m[38;2;0;82;67m[48;2;7;74;61m▀[0m[38;2;0;74;56m[48;2;4;85;67m▀[0m[38;2;2;48;40m[48;2;7;56;43m▀[0m[38;2;0;0;0m[48;2;0;0;0m▀[0m[38;2;0;0;0m[48;2;0;0;0m▀[0m[38;2;0;0;0m[48;2;0;0;0m▀[0m[38;2;0;0;0m[48;2;0;0;0m▀[0m[38;2;95;102;98m[48;2;0;0;0m▀[0m[38;2;255;255;255m[48;2;0;0;0m▀[0m[38;2;255;255;255m[48;2;200;203;203m▀[0m[38;2;202;209;209m[48;2;143;148;148m▀[0m[38;2;157;192;190m[48;2;215;255;255m▀[0m[38;2;206;174;176m[48;2;254;119;111m▀[0m[38;2;255;220;219m[48;2;255;250;245m▀[0m[38;2;255;255;255m[48;2;255;255;255m▀[0m[38;2;184;190;184m[48;2;204;222;218m▀[0m[38;2;255;255;255m[48;2;214;240;239m▀[0m[38;2;255;255;255m[48;2;156;165;164m▀[0m[38;2;0;0;0m[48;2;183;202;202m▀[0m[38;2;19;78;78m[48;2;58;111;109m▀[0m[38;2;0;0;0m[48;2;0;0;0m▀[0m[38;2;255;0;0m[48;2;255;0;0m▀[0m[38;2;255;0;0m[48;2;255;0;0m▀[0m[38;2;223;0;0m[48;2;255;0;0m▀[0m[38;2;255;0;0m[48;2;255;0;0m▀[0m[38;2;255;0;0m[48;2;0;0;0m▀[0m[38;2;0;0;0m[48;2;0;0;0m▀[0m[38;2;0;0;0m[48;2;0;0;0m▀[0m[38;2;255;255;255m[48;2;255;255;255m▀[0m[38;2;255;255;255m[48;2;255;255;255m▀[0m[38;2;255;255;255m[48;2;245;255;255m▀[0m[38;2;0;0;0m[48;2;0;0;0m▀[0m[38;2;0;0;0m[48;2;0;0;0m▀[0m[38;2;0;0;0m[48;2;0;0;0m▀[0m[38;2;222;229;229m[48;2;203;217;217m▀[0m[38;2;0;0;0m[48;2;0;0;0m▀[0m[38;2;0;0;0m[48;2;0;0;0m▀[0m[38;2;0;0;0m[48;2;0;0;0m▀[0m[38;2;0;0;0m[48;2;0;0;0m▀[0m[38;2;87;96;95m[48;2;81;90;91m▀[0m[38;2;255;255;255m[48;2;255;255;255m▀[0m[38;2;255;255;255m[48;2;255;255;255m▀[0m[38;2;255;255;255m[48;2;255;255;255m▀[0m[38;2;46;50;46m[48;2;192;215;214m▀[0m[38;2;255;255;255m[48;2;56;63;64m▀[0m[38;2;255;255;255m[48;2;0;0;0m▀[0m[38;2;119;123;130m[48;2;0;0;0m▀[0m[38;2;0;0;0m[48;2;0;0;0m▀[0m[38;2;0;0;0m[48;2;0;0;0m▀[0m[38;2;0;0;0m[48;2;0;0;0m▀[0m[38;2;0;0;0m[48;2;0;0;0m▀[0m[38;2;1;8;8m[48;2;2;4;4m▀[0m[38;2;2;69;58m[48;2;4;56;47m▀[0m[38;2;6;43;37m[48;2;6;0;0m▀[0m[38;2;1;32;28m[48;2;1;35;29m▀[0m[38;2;0;56;47m[48;2;0;63;54m▀[0m[38;2;6;0;0m[48;2;0;14;18m▀[0m[38;2;0;46;37m[48;2;1;41;34m▀[0m[38;2;0;58;42m[48;2;0;0;0m▀[0m[38;2;0;13;4m[48;2;0;0;0m▀[0m[38;2;0;0;0m[48;2;0;0;0m▀[0m[38;2;76;73;75m[48;2;239;239;240m▀[0m[38;2;255;255;255m[48;2;255;255;255m▀[0m[38;2;255;255;255m[48;2;255;255;255m▀[0m[38;2;255;255;255m[48;2;255;255;255m▀[0m
[38;2;255;255;255m[48;2;255;255;255m▀[0m[38;2;255;255;255m[48;2;255;255;255m▀[0m[38;2;255;255;255m[48;2;255;255;255m▀[0m[38;2;90;90;84m[48;2;9;7;4m▀[0m[38;2;255;255;255m[48;2;255;255;255m▀[0m[38;2;0;0;0m[48;2;0;0;0m▀[0m[38;2;0;10;2m[48;2;0;2;0m▀[0m[38;2;0;45;31m[48;2;0;0;0m▀[0m[38;2;0;91;73m[48;2;0;39;31m▀[0m[38;2;1;82;68m[48;2;1;71;59m▀[0m[38;2;2;73;61m[48;2;6;58;47m▀[0m[38;2;4;57;46m[48;2;3;52;42m▀[0m[38;2;6;79;64m[48;2;6;76;61m▀[0m[38;2;4;45;39m[48;2;4;29;24m▀[0m[38;2;0;0;0m[48;2;0;0;0m▀[0m[38;2;0;0;0m[48;2;0;0;0m▀[0m[38;2;0;0;0m[48;2;0;0;0m▀[0m[38;2;0;0;0m[48;2;0;0;0m▀[0m[38;2;0;0;0m[48;2;0;0;0m▀[0m[38;2;0;0;0m[48;2;0;0;0m▀[0m[38;2;0;0;0m[48;2;251;255;255m▀[0m[38;2;255;255;255m[48;2;255;255;255m▀[0m[38;2;191;255;255m[48;2;164;255;255m▀[0m[38;2;255;71;56m[48;2;255;31;15m▀[0m[38;2;255;255;255m[48;2;255;255;255m▀[0m[38;2;255;202;207m[48;2;203;184;189m▀[0m[38;2;255;169;175m[48;2;255;0;0m▀[0m[38;2;0;0;0m[48;2;0;0;0m▀[0m[38;2;96;118;119m[48;2;0;0;0m▀[0m[38;2;93;113;113m[48;2;0;0;0m▀[0m[38;2;0;0;0m[48;2;106;163;164m▀[0m[38;2;0;0;0m[48;2;0;100;102m▀[0m[38;2;255;0;0m[48;2;255;0;0m▀[0m[38;2;255;0;0m[48;2;255;0;0m▀[0m[38;2;255;0;0m[48;2;255;0;0m▀[0m[38;2;252;0;0m[48;2;0;2;4m▀[0m[38;2;0;0;0m[48;2;0;0;0m▀[0m[38;2;0;0;0m[48;2;0;0;0m▀[0m[38;2;0;0;0m[48;2;0;0;0m▀[0m[38;2;247;255;255m[48;2;196;251;247m▀[0m[38;2;255;255;255m[48;2;255;255;255m▀[0m[38;2;224;169;169m[48;2;255;0;0m▀[0m[38;2;0;0;0m[48;2;239;0;0m▀[0m[38;2;0;0;0m[48;2;0;0;0m▀[0m[38;2;0;2;2m[48;2;2;20;20m▀[0m[38;2;179;198;192m[48;2;150;180;173m▀[0m[38;2;0;0;0m[48;2;0;0;0m▀[0m[38;2;0;0;0m[48;2;0;0;0m▀[0m[38;2;0;0;0m[48;2;8;0;0m▀[0m[38;2;0;3;3m[48;2;0;42;42m▀[0m[38;2;64;91;96m[48;2;54;79;84m▀[0m[38;2;255;255;255m[48;2;255;236;235m▀[0m[38;2;255;255;255m[48;2;255;255;255m▀[0m[38;2;255;255;255m[48;2;255;255;255m▀[0m[38;2;255;255;255m[48;2;255;134;132m▀[0m[38;2;0;0;0m[48;2;255;255;255m▀[0m[38;2;0;0;0m[48;2;0;0;0m▀[0m[38;2;0;0;0m[48;2;0;0;0m▀[0m[38;2;0;0;0m[48;2;0;0;0m▀[0m[38;2;0;0;0m[48;2;0;0;0m▀[0m[38;2;0;0;0m[48;2;0;0;0m▀[0m[38;2;0;0;0m[48;2;0;0;0m▀[0m[38;2;2;0;0m[48;2;2;0;0m▀[0m[38;2;2;58;51m[48;2;4;63;56m▀[0m[38;2;2;18;14m[48;2;0;81;65m▀[0m[38;2;6;0;2m[48;2;0;69;58m▀[0m[38;2;0;65;53m[48;2;0;74;62m▀[0m[38;2;0;78;68m[48;2;0;68;56m▀[0m[38;2;2;28;23m[48;2;0;0;0m▀[0m[38;2;0;0;0m[48;2;0;0;0m▀[0m[38;2;0;0;0m[48;2;0;0;0m▀[0m[38;2;0;0;0m[48;2;108;103;103m▀[0m[38;2;255;255;255m[48;2;214;220;215m▀[0m[38;2;169;176;173m[48;2;195;198;198m▀[0m[38;2;255;255;255m[48;2;255;255;255m▀[0m[38;2;255;255;255m[48;2;255;255;255m▀[0m
[38;2;255;255;255m[48;2;255;255;255m▀[0m[38;2;255;255;255m[48;2;255;255;255m▀[0m[38;2;255;255;255m[48;2;255;255;255m▀[0m[38;2;0;0;0m[48;2;0;0;0m▀[0m[38;2;255;255;255m[48;2;157;157;154m▀[0m[38;2;91;75;78m[48;2;253;245;244m▀[0m[38;2;0;0;0m[48;2;0;0;0m▀[0m[38;2;0;69;57m[48;2;0;70;54m▀[0m[38;2;3;82;69m[48;2;0;70;56m▀[0m[38;2;2;73;62m[48;2;4;73;57m▀[0m[38;2;4;65;47m[48;2;4;57;46m▀[0m[38;2;6;51;41m[48;2;6;51;41m▀[0m[38;2;7;73;59m[48;2;7;73;58m▀[0m[38;2;6;25;20m[48;2;4;15;15m▀[0m[38;2;0;0;0m[48;2;0;0;0m▀[0m[38;2;0;0;0m[48;2;0;0;0m▀[0m[38;2;0;0;0m[48;2;0;0;0m▀[0m[38;2;0;0;0m[48;2;0;0;0m▀[0m[38;2;0;0;0m[48;2;178;183;183m▀[0m[38;2;118;131;128m[48;2;255;255;255m▀[0m[38;2;255;255;255m[48;2;255;255;255m▀[0m[38;2;255;255;255m[48;2;203;255;255m▀[0m[38;2;193;255;255m[48;2;247;255;255m▀[0m[38;2;255;0;0m[48;2;255;0;0m▀[0m[38;2;255;235;230m[48;2;255;115;119m▀[0m[38;2;146;251;253m[48;2;126;255;255m▀[0m[38;2;0;0;0m[48;2;0;0;0m▀[0m[38;2;0;0;0m[48;2;153;242;247m▀[0m[38;2;255;255;255m[48;2;255;255;255m▀[0m[38;2;255;255;255m[48;2;0;0;0m▀[0m[38;2;30;87;89m[48;2;0;0;0m▀[0m[38;2;129;255;255m[48;2;152;255;255m▀[0m[38;2;255;0;0m[48;2;255;0;0m▀[0m[38;2;255;0;0m[48;2;255;0;0m▀[0m[38;2;255;0;0m[48;2;198;0;0m▀[0m[38;2;0;1;2m[48;2;0;0;0m▀[0m[38;2;0;0;0m[48;2;0;0;0m▀[0m[38;2;0;0;0m[48;2;0;0;0m▀[0m[38;2;0;0;0m[48;2;0;0;0m▀[0m[38;2;130;207;207m[48;2;54;150;146m▀[0m[38;2;255;255;255m[48;2;255;255;255m▀[0m[38;2;255;0;0m[48;2;255;0;0m▀[0m[38;2;181;0;0m[48;2;39;0;0m▀[0m[38;2;0;0;0m[48;2;0;0;0m▀[0m[38;2;21;46;46m[48;2;40;69;69m▀[0m[38;2;135;161;161m[48;2;96;132;132m▀[0m[38;2;0;0;0m[48;2;0;0;0m▀[0m[38;2;225;0;0m[48;2;255;0;0m▀[0m[38;2;255;0;0m[48;2;174;0;0m▀[0m[38;2;137;162;162m[48;2;117;255;255m▀[0m[38;2;76;79;81m[48;2;101;97;97m▀[0m[38;2;255;78;79m[48;2;255;0;0m▀[0m[38;2;255;250;248m[48;2;255;198;197m▀[0m[38;2;255;255;255m[48;2;255;255;255m▀[0m[38;2;255;0;0m[48;2;255;0;0m▀[0m[38;2;255;255;255m[48;2;255;0;0m▀[0m[38;2;137;247;245m[48;2;255;255;255m▀[0m[38;2;0;0;0m[48;2;87;130;129m▀[0m[38;2;0;0;0m[48;2;0;0;0m▀[0m[38;2;0;0;0m[48;2;0;0;0m▀[0m[38;2;0;0;0m[48;2;0;0;0m▀[0m[38;2;0;0;0m[48;2;0;0;0m▀[0m[38;2;2;0;0m[48;2;0;0;0m▀[0m[38;2;4;71;58m[48;2;3;75;63m▀[0m[38;2;0;68;56m[48;2;0;53;43m▀[0m[38;2;0;62;53m[48;2;0;68;53m▀[0m[38;2;0;62;53m[48;2;1;52;36m▀[0m[38;2;2;50;36m[48;2;1;0;0m▀[0m[38;2;0;0;0m[48;2;0;0;0m▀[0m[38;2;0;0;0m[48;2;0;2;0m▀[0m[38;2;0;0;0m[48;2;0;0;0m▀[0m[38;2;253;255;253m[48;2;255;255;255m▀[0m[38;2;104;108;107m[48;2;0;0;0m▀[0m[38;2;222;225;228m[48;2;236;244;244m▀[0m[38;2;255;255;255m[48;2;255;255;255m▀[0m[38;2;255;255;255m[48;2;255;255;255m▀[0m
[38;2;255;255;255m[48;2;255;255;255m▀[0m[38;2;255;255;255m[48;2;255;255;255m▀[0m[38;2;255;255;255m[48;2;81;91;91m▀[0m[38;2;0;0;0m[48;2;0;0;0m▀[0m[38;2;8;7;7m[48;2;0;0;0m▀[0m[38;2;255;255;255m[48;2;255;255;255m▀[0m[38;2;0;0;0m[48;2;255;255;255m▀[0m[38;2;0;0;0m[48;2;0;0;0m▀[0m[38;2;0;65;51m[48;2;0;0;0m▀[0m[38;2;0;53;41m[48;2;0;30;19m▀[0m[38;2;6;64;46m[48;2;0;61;47m▀[0m[38;2;7;53;43m[48;2;4;64;51m▀[0m[38;2;1;76;58m[48;2;1;76;62m▀[0m[38;2;0;17;8m[48;2;0;15;12m▀[0m[38;2;0;0;0m[48;2;0;0;0m▀[0m[38;2;0;0;0m[48;2;30;26;35m▀[0m[38;2;64;68;68m[48;2;125;135;132m▀[0m[38;2;255;255;255m[48;2;63;64;61m▀[0m[38;2;255;255;255m[48;2;134;135;131m▀[0m[38;2;147;147;147m[48;2;145;148;148m▀[0m[38;2;255;255;255m[48;2;255;255;255m▀[0m[38;2;165;248;246m[48;2;135;245;239m▀[0m[38;2;255;255;255m[48;2;255;255;255m▀[0m[38;2;255;0;0m[48;2;255;0;0m▀[0m[38;2;255;0;0m[48;2;255;0;0m▀[0m[38;2;208;255;255m[48;2;255;255;255m▀[0m[38;2;0;0;0m[48;2;58;34;36m▀[0m[38;2;198;0;0m[48;2;255;0;0m▀[0m[38;2;80;120;115m[48;2;255;150;145m▀[0m[38;2;191;229;225m[48;2;255;255;255m▀[0m[38;2;255;255;255m[48;2;255;255;255m▀[0m[38;2;230;255;255m[48;2;196;255;255m▀[0m[38;2;255;0;0m[48;2;118;0;0m▀[0m[38;2;255;0;0m[48;2;0;0;0m▀[0m[38;2;136;3;0m[48;2;32;12;10m▀[0m[38;2;0;0;0m[48;2;0;0;0m▀[0m[38;2;0;0;0m[48;2;0;0;0m▀[0m[38;2;0;0;0m[48;2;0;0;0m▀[0m[38;2;0;0;0m[48;2;0;0;0m▀[0m[38;2;0;85;87m[48;2;0;51;58m▀[0m[38;2;255;255;255m[48;2;255;255;255m▀[0m[38;2;255;0;0m[48;2;255;0;0m▀[0m[38;2;0;0;0m[48;2;0;0;0m▀[0m[38;2;0;0;0m[48;2;0;0;0m▀[0m[38;2;62;100;96m[48;2;35;85;85m▀[0m[38;2;57;107;107m[48;2;0;45;46m▀[0m[38;2;0;0;0m[48;2;0;0;0m▀[0m[38;2;255;0;0m[48;2;255;0;0m▀[0m[38;2;217;0;0m[48;2;255;0;0m▀[0m[38;2;103;255;255m[48;2;86;255;255m▀[0m[38;2;87;96;96m[48;2;92;85;81m▀[0m[38;2;255;0;0m[48;2;255;0;0m▀[0m[38;2;255;134;120m[48;2;252;1;0m▀[0m[38;2;255;255;255m[48;2;255;85;73m▀[0m[38;2;255;0;0m[48;2;255;0;0m▀[0m[38;2;255;0;0m[48;2;255;0;0m▀[0m[38;2;39;29;34m[48;2;189;0;0m▀[0m[38;2;255;255;255m[48;2;0;0;0m▀[0m[38;2;179;197;193m[48;2;203;228;228m▀[0m[38;2;0;0;0m[48;2;154;172;172m▀[0m[38;2;0;0;0m[48;2;6;4;4m▀[0m[38;2;0;0;0m[48;2;0;0;0m▀[0m[38;2;0;0;0m[48;2;0;0;0m▀[0m[38;2;2;65;53m[48;2;0;64;51m▀[0m[38;2;0;52;43m[48;2;0;75;57m▀[0m[38;2;0;69;54m[48;2;1;53;45m▀[0m[38;2;0;50;39m[48;2;0;56;45m▀[0m[38;2;0;1;1m[48;2;0;46;34m▀[0m[38;2;0;51;39m[48;2;0;0;0m▀[0m[38;2;0;0;0m[48;2;0;0;0m▀[0m[38;2;69;59;64m[48;2;255;255;255m▀[0m[38;2;255;255;255m[48;2;255;255;255m▀[0m[38;2;0;0;0m[48;2;0;0;0m▀[0m[38;2;156;161;161m[48;2;0;0;0m▀[0m[38;2;255;255;255m[48;2;255;255;255m▀[0m[38;2;255;255;255m[48;2;255;255;255m▀[0m
[38;2;255;255;255m[48;2;1;0;0m▀[0m[38;2;126;136;136m[48;2;0;0;0m▀[0m[38;2;0;0;0m[48;2;0;0;0m▀[0m[38;2;0;0;0m[48;2;0;0;0m▀[0m[38;2;0;0;0m[48;2;0;0;0m▀[0m[38;2;32;34;30m[48;2;0;0;0m▀[0m[38;2;255;255;255m[48;2;184;185;181m▀[0m[38;2;255;255;255m[48;2;255;255;255m▀[0m[38;2;0;0;0m[48;2;239;223;226m▀[0m[38;2;0;0;0m[48;2;0;0;0m▀[0m[38;2;0;54;40m[48;2;0;43;26m▀[0m[38;2;4;69;56m[48;2;0;74;61m▀[0m[38;2;0;82;65m[48;2;0;81;65m▀[0m[38;2;0;13;8m[48;2;0;0;0m▀[0m[38;2;0;0;0m[48;2;0;0;0m▀[0m[38;2;0;0;0m[48;2;0;0;0m▀[0m[38;2;0;0;0m[48;2;0;0;0m▀[0m[38;2;180;183;183m[48;2;255;255;255m▀[0m[38;2;104;109;106m[48;2;0;0;0m▀[0m[38;2;255;255;255m[48;2;255;255;255m▀[0m[38;2;255;255;255m[48;2;255;255;255m▀[0m[38;2;159;255;254m[48;2;235;255;255m▀[0m[38;2;255;255;255m[48;2;180;208;212m▀[0m[38;2;255;0;0m[48;2;251;0;0m▀[0m[38;2;255;0;0m[48;2;255;0;0m▀[0m[38;2;255;132;124m[48;2;255;0;0m▀[0m[38;2;0;46;50m[48;2;0;0;0m▀[0m[38;2;255;208;212m[48;2;86;31;31m▀[0m[38;2;255;255;255m[48;2;255;255;255m▀[0m[38;2;255;255;255m[48;2;255;255;255m▀[0m[38;2;255;255;255m[48;2;255;255;255m▀[0m[38;2;201;255;255m[48;2;178;255;255m▀[0m[38;2;81;0;0m[48;2;244;0;0m▀[0m[38;2;0;0;0m[48;2;255;0;0m▀[0m[38;2;91;18;4m[48;2;255;0;0m▀[0m[38;2;0;0;0m[48;2;0;0;6m▀[0m[38;2;40;2;2m[48;2;255;0;0m▀[0m[38;2;0;0;0m[48;2;91;0;2m▀[0m[38;2;0;0;0m[48;2;0;0;0m▀[0m[38;2;0;67;67m[48;2;0;98;96m▀[0m[38;2;255;212;198m[48;2;255;135;122m▀[0m[38;2;255;0;0m[48;2;165;0;0m▀[0m[38;2;0;0;0m[48;2;0;0;0m▀[0m[38;2;0;0;0m[48;2;0;0;0m▀[0m[38;2;0;0;0m[48;2;0;0;0m▀[0m[38;2;0;0;0m[48;2;19;0;4m▀[0m[38;2;29;0;0m[48;2;255;0;0m▀[0m[38;2;255;0;0m[48;2;255;0;0m▀[0m[38;2;255;0;0m[48;2;255;0;0m▀[0m[38;2;57;255;255m[48;2;0;246;253m▀[0m[38;2;111;56;52m[48;2;181;19;19m▀[0m[38;2;255;0;0m[48;2;255;0;0m▀[0m[38;2;176;0;0m[48;2;42;0;0m▀[0m[38;2;255;0;0m[48;2;255;0;0m▀[0m[38;2;255;0;0m[48;2;255;0;0m▀[0m[38;2;175;0;0m[48;2;14;0;0m▀[0m[38;2;255;0;0m[48;2;255;0;0m▀[0m[38;2;0;0;0m[48;2;0;0;0m▀[0m[38;2;0;0;0m[48;2;0;0;0m▀[0m[38;2;0;0;0m[48;2;0;0;0m▀[0m[38;2;0;0;0m[48;2;0;0;0m▀[0m[38;2;0;0;0m[48;2;0;0;0m▀[0m[38;2;0;0;0m[48;2;0;0;0m▀[0m[38;2;8;69;59m[48;2;10;68;57m▀[0m[38;2;6;84;69m[48;2;4;78;65m▀[0m[38;2;0;54;45m[48;2;0;64;54m▀[0m[38;2;0;53;42m[48;2;0;59;40m▀[0m[38;2;0;9;0m[48;2;0;0;0m▀[0m[38;2;0;0;0m[48;2;211;200;201m▀[0m[38;2;255;255;255m[48;2;255;255;255m▀[0m[38;2;255;255;255m[48;2;198;198;200m▀[0m[38;2;0;0;0m[48;2;0;0;0m▀[0m[38;2;0;0;0m[48;2;0;0;0m▀[0m[38;2;0;0;0m[48;2;0;0;0m▀[0m[38;2;67;70;70m[48;2;0;0;0m▀[0m[38;2;255;255;255m[48;2;42;42;45m▀[0m
[38;2;0;0;0m[48;2;0;0;0m▀[0m[38;2;0;0;0m[48;2;0;0;0m▀[0m[38;2;0;0;0m[48;2;233;241;239m▀[0m[38;2;0;0;0m[48;2;255;255;255m▀[0m[38;2;0;0;0m[48;2;208;212;213m▀[0m[38;2;211;212;208m[48;2;0;0;0m▀[0m[38;2;255;255;255m[48;2;255;255;255m▀[0m[38;2;255;255;255m[48;2;255;255;255m▀[0m[38;2;255;255;255m[48;2;255;255;255m▀[0m[38;2;84;64;65m[48;2;255;255;255m▀[0m[38;2;0;0;0m[48;2;0;0;0m▀[0m[38;2;0;91;69m[48;2;0;45;29m▀[0m[38;2;0;30;25m[48;2;0;0;0m▀[0m[38;2;0;0;0m[48;2;0;0;0m▀[0m[38;2;0;0;0m[48;2;0;0;0m▀[0m[38;2;0;0;0m[48;2;0;0;0m▀[0m[38;2;17;15;13m[48;2;0;0;0m▀[0m[38;2;255;255;255m[48;2;58;58;59m▀[0m[38;2;0;0;0m[48;2;0;0;0m▀[0m[38;2;255;255;255m[48;2;212;211;207m▀[0m[38;2;122;135;130m[48;2;50;58;56m▀[0m[38;2;255;255;255m[48;2;180;206;203m▀[0m[38;2;132;186;189m[48;2;181;255;255m▀[0m[38;2;168;0;0m[48;2;134;0;0m▀[0m[38;2;255;0;0m[48;2;206;0;0m▀[0m[38;2;255;0;0m[48;2;255;0;0m▀[0m[38;2;102;0;0m[48;2;255;0;0m▀[0m[38;2;0;0;0m[48;2;0;0;0m▀[0m[38;2;255;255;255m[48;2;236;255;255m▀[0m[38;2;211;254;255m[48;2;255;255;255m▀[0m[38;2;197;245;241m[48;2;0;15;15m▀[0m[38;2;79;201;204m[48;2;62;165;162m▀[0m[38;2;255;0;0m[48;2;223;0;0m▀[0m[38;2;255;0;0m[48;2;255;0;0m▀[0m[38;2;255;0;0m[48;2;255;0;0m▀[0m[38;2;255;0;0m[48;2;255;0;0m▀[0m[38;2;255;0;0m[48;2;0;2;3m▀[0m[38;2;0;0;0m[48;2;0;0;0m▀[0m[38;2;0;0;0m[48;2;0;0;0m▀[0m[38;2;0;9;18m[48;2;0;0;0m▀[0m[38;2;255;9;0m[48;2;255;0;0m▀[0m[38;2;69;0;0m[48;2;0;0;0m▀[0m[38;2;0;0;0m[48;2;0;0;0m▀[0m[38;2;0;0;0m[48;2;0;0;1m▀[0m[38;2;153;0;0m[48;2;255;0;0m▀[0m[38;2;255;0;0m[48;2;255;0;0m▀[0m[38;2;255;0;0m[48;2;21;3;6m▀[0m[38;2;255;0;0m[48;2;255;0;0m▀[0m[38;2;255;0;0m[48;2;255;0;0m▀[0m[38;2;0;10;19m[48;2;0;0;0m▀[0m[38;2;255;0;0m[48;2;255;0;0m▀[0m[38;2;255;0;0m[48;2;255;0;0m▀[0m[38;2;0;0;0m[48;2;0;0;0m▀[0m[38;2;255;0;0m[48;2;255;0;0m▀[0m[38;2;255;0;0m[48;2;201;0;0m▀[0m[38;2;0;0;0m[48;2;0;0;0m▀[0m[38;2;255;0;0m[48;2;140;0;0m▀[0m[38;2;0;0;0m[48;2;0;0;0m▀[0m[38;2;0;0;0m[48;2;0;0;0m▀[0m[38;2;0;0;0m[48;2;0;0;0m▀[0m[38;2;0;0;0m[48;2;0;0;0m▀[0m[38;2;0;0;0m[48;2;0;0;0m▀[0m[38;2;0;0;0m[48;2;0;0;0m▀[0m[38;2;4;29;24m[48;2;0;0;0m▀[0m[38;2;3;87;71m[48;2;0;63;54m▀[0m[38;2;0;82;64m[48;2;0;47;28m▀[0m[38;2;0;0;0m[48;2;0;0;0m▀[0m[38;2;79;57;64m[48;2;255;255;255m▀[0m[38;2;255;255;255m[48;2;255;255;255m▀[0m[38;2;255;255;255m[48;2;255;255;255m▀[0m[38;2;169;169;169m[48;2;255;255;255m▀[0m[38;2;63;63;59m[48;2;0;0;0m▀[0m[38;2;0;0;0m[48;2;236;236;236m▀[0m[38;2;0;0;0m[48;2;165;165;165m▀[0m[38;2;0;0;0m[48;2;0;0;0m▀[0m[38;2;0;0;0m[48;2;0;0;0m▀[0m
[38;2;250;253;255m[48;2;82;92;87m▀[0m[38;2;255;255;255m[48;2;67;75;69m▀[0m[38;2;211;214;213m[48;2;197;201;200m▀[0m[38;2;255;255;255m[48;2;255;255;255m▀[0m[38;2;255;255;255m[48;2;255;255;255m▀[0m[38;2;189;187;187m[48;2;255;255;255m▀[0m[38;2;0;0;0m[48;2;212;215;212m▀[0m[38;2;255;255;255m[48;2;156;156;153m▀[0m[38;2;255;255;255m[48;2;255;255;255m▀[0m[38;2;255;255;255m[48;2;255;255;255m▀[0m[38;2;117;117;117m[48;2;255;255;255m▀[0m[38;2;0;0;0m[48;2;0;0;0m▀[0m[38;2;0;0;0m[48;2;0;0;0m▀[0m[38;2;0;0;0m[48;2;0;0;0m▀[0m[38;2;0;0;0m[48;2;0;0;0m▀[0m[38;2;0;0;0m[48;2;0;0;0m▀[0m[38;2;0;0;0m[48;2;165;169;169m▀[0m[38;2;0;0;0m[48;2;255;255;255m▀[0m[38;2;0;0;0m[48;2;19;97;80m▀[0m[38;2;0;0;0m[48;2;1;61;39m▀[0m[38;2;0;0;0m[48;2;51;125;106m▀[0m[38;2;0;0;0m[48;2;39;126;102m▀[0m[38;2;86;141;146m[48;2;45;109;91m▀[0m[38;2;0;0;0m[48;2;82;134;134m▀[0m[38;2;93;0;0m[48;2;59;69;68m▀[0m[38;2;125;0;0m[48;2;0;17;17m▀[0m[38;2;255;0;0m[48;2;92;0;0m▀[0m[38;2;181;0;0m[48;2;255;0;0m▀[0m[38;2;0;103;103m[48;2;0;0;0m▀[0m[38;2;255;255;255m[48;2;255;255;255m▀[0m[38;2;245;255;255m[48;2;255;255;255m▀[0m[38;2;0;46;46m[48;2;136;226;226m▀[0m[38;2;240;0;0m[48;2;235;0;0m▀[0m[38;2;0;0;0m[48;2;0;0;0m▀[0m[38;2;255;0;0m[48;2;255;0;0m▀[0m[38;2;255;0;0m[48;2;255;0;0m▀[0m[38;2;0;0;2m[48;2;0;0;0m▀[0m[38;2;0;0;0m[48;2;0;0;0m▀[0m[38;2;0;0;0m[48;2;0;0;0m▀[0m[38;2;255;0;0m[48;2;255;0;0m▀[0m[38;2;255;0;0m[48;2;255;0;0m▀[0m[38;2;0;0;0m[48;2;0;0;0m▀[0m[38;2;0;0;0m[48;2;0;0;0m▀[0m[38;2;0;2;2m[48;2;192;0;0m▀[0m[38;2;255;0;0m[48;2;245;0;0m▀[0m[38;2;0;4;3m[48;2;0;0;1m▀[0m[38;2;0;0;0m[48;2;0;0;0m▀[0m[38;2;255;0;0m[48;2;255;0;0m▀[0m[38;2;255;0;0m[48;2;255;0;0m▀[0m[38;2;0;0;0m[48;2;0;0;0m▀[0m[38;2;255;0;0m[48;2;96;57;58m▀[0m[38;2;0;0;0m[48;2;39;123;120m▀[0m[38;2;0;0;0m[48;2;85;132;134m▀[0m[38;2;192;0;0m[48;2;3;150;140m▀[0m[38;2;0;0;0m[48;2;103;250;237m▀[0m[38;2;0;0;0m[48;2;174;255;255m▀[0m[38;2;0;0;0m[48;2;183;255;255m▀[0m[38;2;0;0;0m[48;2;173;255;255m▀[0m[38;2;69;114;102m[48;2;255;255;255m▀[0m[38;2;0;0;0m[48;2;174;241;228m▀[0m[38;2;0;0;0m[48;2;0;0;0m▀[0m[38;2;0;0;0m[48;2;0;0;0m▀[0m[38;2;0;0;0m[48;2;0;0;0m▀[0m[38;2;0;0;0m[48;2;0;0;0m▀[0m[38;2;0;0;0m[48;2;0;0;0m▀[0m[38;2;0;0;0m[48;2;0;0;0m▀[0m[38;2;189;181;185m[48;2;255;255;255m▀[0m[38;2;255;255;255m[48;2;255;255;255m▀[0m[38;2;255;255;255m[48;2;255;255;255m▀[0m[38;2;255;255;255m[48;2;0;1;0m▀[0m[38;2;0;0;0m[48;2;234;239;231m▀[0m[38;2;223;223;224m[48;2;255;255;255m▀[0m[38;2;255;255;255m[48;2;255;255;255m▀[0m[38;2;255;255;255m[48;2;246;250;250m▀[0m[38;2;255;255;255m[48;2;180;183;183m▀[0m[38;2;179;175;175m[48;2;143;142;142m▀[0m
[38;2;251;255;247m[48;2;255;255;255m▀[0m[38;2;255;255;255m[48;2;255;255;255m▀[0m[38;2;255;255;255m[48;2;255;255;255m▀[0m[38;2;255;255;255m[48;2;255;255;255m▀[0m[38;2;255;255;255m[48;2;255;255;255m▀[0m[38;2;255;255;255m[48;2;255;255;255m▀[0m[38;2;255;255;255m[48;2;255;255;255m▀[0m[38;2;255;255;255m[48;2;255;255;255m▀[0m[38;2;255;255;255m[48;2;255;255;255m▀[0m[38;2;255;255;255m[48;2;255;255;255m▀[0m[38;2;255;255;255m[48;2;255;255;255m▀[0m[38;2;26;31;31m[48;2;219;219;219m▀[0m[38;2;0;0;0m[48;2;0;0;0m▀[0m[38;2;0;0;0m[48;2;0;0;0m▀[0m[38;2;0;0;0m[48;2;0;0;0m▀[0m[38;2;0;0;0m[48;2;0;0;0m▀[0m[38;2;158;178;174m[48;2;217;255;255m▀[0m[38;2;255;255;255m[48;2;236;255;255m▀[0m[38;2;255;255;255m[48;2;255;255;255m▀[0m[38;2;255;255;255m[48;2;255;255;255m▀[0m[38;2;228;255;255m[48;2;191;255;255m▀[0m[38;2;222;255;255m[48;2;255;255;255m▀[0m[38;2;255;255;255m[48;2;255;255;255m▀[0m[38;2;255;255;255m[48;2;255;255;255m▀[0m[38;2;255;255;255m[48;2;255;255;255m▀[0m[38;2;255;255;255m[48;2;255;255;255m▀[0m[38;2;255;255;255m[48;2;255;255;255m▀[0m[38;2;137;202;202m[48;2;255;255;255m▀[0m[38;2;0;0;0m[48;2;255;255;255m▀[0m[38;2;0;0;0m[48;2;189;61;65m▀[0m[38;2;255;255;255m[48;2;0;0;0m▀[0m[38;2;255;255;255m[48;2;0;108;107m▀[0m[38;2;223;0;0m[48;2;240;0;0m▀[0m[38;2;0;0;0m[48;2;0;0;0m▀[0m[38;2;255;0;0m[48;2;223;0;0m▀[0m[38;2;255;0;0m[48;2;255;0;0m▀[0m[38;2;0;0;0m[48;2;0;0;0m▀[0m[38;2;0;0;0m[48;2;0;0;0m▀[0m[38;2;59;117;115m[48;2;87;164;167m▀[0m[38;2;93;69;68m[48;2;239;255;255m▀[0m[38;2;196;0;0m[48;2;255;0;0m▀[0m[38;2;0;0;0m[48;2;0;0;0m▀[0m[38;2;0;0;0m[48;2;215;0;0m▀[0m[38;2;255;0;0m[48;2;255;0;0m▀[0m[38;2;19;1;1m[48;2;0;2;2m▀[0m[38;2;0;0;0m[48;2;0;0;0m▀[0m[38;2;0;0;0m[48;2;136;0;0m▀[0m[38;2;255;0;0m[48;2;255;0;0m▀[0m[38;2;233;0;0m[48;2;100;0;0m▀[0m[38;2;114;255;255m[48;2;220;255;255m▀[0m[38;2;255;255;255m[48;2;255;255;255m▀[0m[38;2;255;255;255m[48;2;255;255;255m▀[0m[38;2;255;255;255m[48;2;255;255;255m▀[0m[38;2;255;255;255m[48;2;255;255;255m▀[0m[38;2;220;255;255m[48;2;255;255;255m▀[0m[38;2;255;255;255m[48;2;255;255;255m▀[0m[38;2;255;255;255m[48;2;255;255;255m▀[0m[38;2;255;255;255m[48;2;255;255;255m▀[0m[38;2;212;255;255m[48;2;255;255;255m▀[0m[38;2;130;202;187m[48;2;234;255;255m▀[0m[38;2;0;0;0m[48;2;14;18;14m▀[0m[38;2;0;0;0m[48;2;0;0;0m▀[0m[38;2;0;0;0m[48;2;0;0;0m▀[0m[38;2;0;0;0m[48;2;0;0;0m▀[0m[38;2;0;0;0m[48;2;0;0;0m▀[0m[38;2;130;134;134m[48;2;255;255;255m▀[0m[38;2;255;255;255m[48;2;255;255;255m▀[0m[38;2;255;255;255m[48;2;255;255;255m▀[0m[38;2;255;255;255m[48;2;255;255;255m▀[0m[38;2;255;255;255m[48;2;255;255;255m▀[0m[38;2;255;255;255m[48;2;255;255;255m▀[0m[38;2;255;255;255m[48;2;255;255;255m▀[0m[38;2;255;255;255m[48;2;255;255;255m▀[0m[38;2;255;255;255m[48;2;255;255;255m▀[0m[38;2;255;255;255m[48;2;255;255;255m▀[0m[38;2;255;255;255m[48;2;255;255;255m▀[0m
[38;2;255;255;255m[48;2;255;255;255m▀[0m[38;2;255;255;255m[48;2;255;255;255m▀[0m[38;2;255;255;255m[48;2;255;255;255m▀[0m[38;2;255;255;255m[48;2;218;225;226m▀[0m[38;2;255;255;255m[48;2;181;189;190m▀[0m[38;2;255;255;255m[48;2;180;190;192m▀[0m[38;2;255;255;255m[48;2;217;225;224m▀[0m[38;2;255;255;255m[48;2;255;255;255m▀[0m[38;2;255;255;255m[48;2;255;255;255m▀[0m[38;2;255;255;255m[48;2;255;255;255m▀[0m[38;2;255;255;255m[48;2;255;255;255m▀[0m[38;2;255;255;255m[48;2;255;255;255m▀[0m[38;2;0;0;0m[48;2;255;255;255m▀[0m[38;2;0;0;0m[48;2;0;0;0m▀[0m[38;2;0;0;0m[48;2;0;0;0m▀[0m[38;2;137;211;201m[48;2;255;255;255m▀[0m[38;2;245;255;255m[48;2;228;255;255m▀[0m[38;2;157;255;255m[48;2;236;255;255m▀[0m[38;2;255;255;255m[48;2;255;255;255m▀[0m[38;2;255;255;255m[48;2;255;255;255m▀[0m[38;2;255;255;255m[48;2;255;255;255m▀[0m[38;2;255;255;255m[48;2;255;255;255m▀[0m[38;2;255;255;255m[48;2;255;255;255m▀[0m[38;2;255;255;255m[48;2;255;255;255m▀[0m[38;2;255;255;255m[48;2;255;255;255m▀[0m[38;2;255;255;255m[48;2;255;255;255m▀[0m[38;2;255;255;255m[48;2;255;255;255m▀[0m[38;2;255;255;255m[48;2;255;255;255m▀[0m[38;2;255;255;255m[48;2;255;255;255m▀[0m[38;2;255;255;255m[48;2;255;255;255m▀[0m[38;2;255;45;31m[48;2;255;255;255m▀[0m[38;2;175;0;0m[48;2;255;0;0m▀[0m[38;2;181;0;0m[48;2;176;0;0m▀[0m[38;2;0;0;0m[48;2;0;0;0m▀[0m[38;2;95;0;0m[48;2;190;0;0m▀[0m[38;2;255;0;0m[48;2;255;0;0m▀[0m[38;2;0;0;0m[48;2;0;0;0m▀[0m[38;2;0;0;0m[48;2;0;0;0m▀[0m[38;2;0;0;0m[48;2;0;0;0m▀[0m[38;2;255;255;255m[48;2;0;0;0m▀[0m[38;2;255;21;4m[48;2;255;0;0m▀[0m[38;2;255;0;0m[48;2;255;0;0m▀[0m[38;2;255;0;0m[48;2;255;0;0m▀[0m[38;2;255;0;0m[48;2;255;0;0m▀[0m[38;2;0;3;4m[48;2;255;0;0m▀[0m[38;2;32;3;3m[48;2;255;0;0m▀[0m[38;2;255;0;0m[48;2;255;0;0m▀[0m[38;2;255;0;0m[48;2;255;0;0m▀[0m[38;2;20;0;0m[48;2;0;12;9m▀[0m[38;2;255;255;255m[48;2;255;255;255m▀[0m[38;2;255;255;255m[48;2;255;255;255m▀[0m[38;2;255;255;255m[48;2;255;255;255m▀[0m[38;2;255;255;255m[48;2;255;255;255m▀[0m[38;2;255;255;255m[48;2;255;255;255m▀[0m[38;2;255;255;255m[48;2;255;255;255m▀[0m[38;2;255;255;255m[48;2;255;255;255m▀[0m[38;2;255;255;255m[48;2;255;255;255m▀[0m[38;2;255;255;255m[48;2;255;255;255m▀[0m[38;2;201;255;255m[48;2;245;255;255m▀[0m[38;2;197;255;255m[48;2;246;255;255m▀[0m[38;2;201;255;255m[48;2;255;255;255m▀[0m[38;2;0;0;0m[48;2;78;93;90m▀[0m[38;2;0;0;0m[48;2;0;0;0m▀[0m[38;2;0;0;0m[48;2;0;0;0m▀[0m[38;2;0;0;0m[48;2;255;255;255m▀[0m[38;2;255;255;255m[48;2;255;255;255m▀[0m[38;2;255;255;255m[48;2;255;255;255m▀[0m[38;2;255;255;255m[48;2;255;255;255m▀[0m[38;2;255;255;255m[48;2;255;255;255m▀[0m[38;2;255;255;255m[48;2;255;255;255m▀[0m[38;2;255;255;255m[48;2;255;255;255m▀[0m[38;2;255;255;255m[48;2;255;255;255m▀[0m[38;2;255;255;255m[48;2;250;255;255m▀[0m[38;2;255;255;255m[48;2;185;193;193m▀[0m[38;2;255;255;255m[48;2;202;212;209m▀[0m[38;2;255;255;255m[48;2;255;255;255m▀[0m
[38;2;255;255;255m[48;2;169;178;176m▀[0m[38;2;178;185;185m[48;2;255;255;255m▀[0m[38;2;178;187;185m[48;2;255;255;255m▀[0m[38;2;231;242;241m[48;2;255;255;255m▀[0m[38;2;255;255;255m[48;2;255;255;255m▀[0m[38;2;255;255;255m[48;2;255;255;255m▀[0m[38;2;255;255;255m[48;2;255;255;255m▀[0m[38;2;255;255;255m[48;2;255;255;255m▀[0m[38;2;255;255;255m[48;2;255;255;255m▀[0m[38;2;255;255;255m[48;2;255;255;255m▀[0m[38;2;255;255;255m[48;2;255;255;255m▀[0m[38;2;255;255;255m[48;2;255;255;255m▀[0m[38;2;255;255;255m[48;2;255;255;255m▀[0m[38;2;255;255;255m[48;2;255;255;255m▀[0m[38;2;0;0;0m[48;2;255;255;255m▀[0m[38;2;253;255;255m[48;2;0;71;73m▀[0m[38;2;255;255;255m[48;2;89;167;165m▀[0m[38;2;255;255;255m[48;2;255;255;255m▀[0m[38;2;255;255;255m[48;2;255;255;255m▀[0m[38;2;255;255;255m[48;2;255;255;255m▀[0m[38;2;255;255;255m[48;2;255;255;255m▀[0m[38;2;255;255;255m[48;2;255;255;255m▀[0m[38;2;255;255;255m[48;2;255;255;255m▀[0m[38;2;255;255;255m[48;2;255;255;255m▀[0m[38;2;255;255;255m[48;2;255;255;255m▀[0m[38;2;255;255;255m[48;2;255;255;255m▀[0m[38;2;255;255;255m[48;2;255;255;255m▀[0m[38;2;255;255;255m[48;2;255;255;255m▀[0m[38;2;255;255;255m[48;2;255;255;255m▀[0m[38;2;255;255;255m[48;2;255;255;255m▀[0m[38;2;255;255;255m[48;2;255;255;255m▀[0m[38;2;255;21;0m[48;2;255;64;46m▀[0m[38;2;68;0;0m[48;2;0;0;0m▀[0m[38;2;255;0;0m[48;2;255;0;0m▀[0m[38;2;255;0;0m[48;2;255;0;0m▀[0m[38;2;255;0;0m[48;2;255;0;0m▀[0m[38;2;0;56;58m[48;2;0;84;90m▀[0m[38;2;0;81;82m[48;2;0;173;179m▀[0m[38;2;0;0;0m[48;2;0;0;0m▀[0m[38;2;0;0;0m[48;2;204;0;0m▀[0m[38;2;255;0;0m[48;2;255;0;0m▀[0m[38;2;255;0;0m[48;2;255;0;0m▀[0m[38;2;255;0;0m[48;2;255;0;0m▀[0m[38;2;255;0;0m[48;2;255;0;0m▀[0m[38;2;255;0;0m[48;2;19;8;13m▀[0m[38;2;255;0;0m[48;2;255;0;0m▀[0m[38;2;255;0;0m[48;2;255;0;0m▀[0m[38;2;255;0;0m[48;2;163;0;0m▀[0m[38;2;31;141;142m[48;2;115;255;255m▀[0m[38;2;255;255;255m[48;2;255;255;255m▀[0m[38;2;255;255;255m[48;2;255;255;255m▀[0m[38;2;255;255;255m[48;2;255;255;255m▀[0m[38;2;255;255;255m[48;2;255;255;255m▀[0m[38;2;255;255;255m[48;2;255;255;255m▀[0m[38;2;255;255;255m[48;2;255;255;255m▀[0m[38;2;255;255;255m[48;2;255;255;255m▀[0m[38;2;255;255;255m[48;2;255;255;255m▀[0m[38;2;255;255;255m[48;2;255;255;255m▀[0m[38;2;255;255;255m[48;2;255;255;255m▀[0m[38;2;255;255;255m[48;2;255;255;255m▀[0m[38;2;255;255;255m[48;2;143;141;145m▀[0m[38;2;157;163;158m[48;2;0;3;0m▀[0m[38;2;0;0;0m[48;2;255;255;255m▀[0m[38;2;255;255;255m[48;2;255;255;255m▀[0m[38;2;255;255;255m[48;2;255;255;255m▀[0m[38;2;255;255;255m[48;2;255;255;255m▀[0m[38;2;255;255;255m[48;2;255;255;255m▀[0m[38;2;255;255;255m[48;2;255;255;255m▀[0m[38;2;255;255;255m[48;2;255;255;255m▀[0m[38;2;255;255;255m[48;2;255;255;255m▀[0m[38;2;255;255;255m[48;2;255;255;255m▀[0m[38;2;255;255;255m[48;2;255;255;255m▀[0m[38;2;255;255;255m[48;2;255;255;255m▀[0m[38;2;255;255;255m[48;2;255;255;255m▀[0m[38;2;251;255;255m[48;2;255;255;255m▀[0m[38;2;190;197;196m[48;2;255;255;255m▀[0m
[38;2;255;255;255m[48;2;255;255;255m▀[0m[38;2;255;255;255m[48;2;255;255;255m▀[0m[38;2;255;255;255m[48;2;255;255;255m▀[0m[38;2;255;255;255m[48;2;255;255;255m▀[0m[38;2;255;255;255m[48;2;255;255;255m▀[0m[38;2;255;255;255m[48;2;255;255;255m▀[0m[38;2;255;255;255m[48;2;255;255;255m▀[0m[38;2;255;255;255m[48;2;255;255;255m▀[0m[38;2;255;255;255m[48;2;255;255;255m▀[0m[38;2;255;255;255m[48;2;255;255;255m▀[0m[38;2;255;255;255m[48;2;215;229;236m▀[0m[38;2;255;255;255m[48;2;229;245;255m▀[0m[38;2;255;153;163m[48;2;239;255;255m▀[0m[38;2;255;0;0m[48;2;255;184;192m▀[0m[38;2;255;14;17m[48;2;255;0;0m▀[0m[38;2;255;192;191m[48;2;255;0;0m▀[0m[38;2;92;54;39m[48;2;255;0;0m▀[0m[38;2;0;37;29m[48;2;255;0;0m▀[0m[38;2;240;255;255m[48;2;0;0;0m▀[0m[38;2;255;255;255m[48;2;93;231;229m▀[0m[38;2;255;255;255m[48;2;255;255;255m▀[0m[38;2;255;255;255m[48;2;255;255;255m▀[0m[38;2;255;255;255m[48;2;255;255;255m▀[0m[38;2;255;255;255m[48;2;255;255;255m▀[0m[38;2;255;255;255m[48;2;255;255;255m▀[0m[38;2;255;255;255m[48;2;255;255;255m▀[0m[38;2;255;255;255m[48;2;255;255;255m▀[0m[38;2;255;255;255m[48;2;255;255;255m▀[0m[38;2;255;255;255m[48;2;255;255;255m▀[0m[38;2;255;255;255m[48;2;255;255;255m▀[0m[38;2;255;255;255m[48;2;255;255;255m▀[0m[38;2;255;97;73m[48;2;255;235;217m▀[0m[38;2;0;56;58m[48;2;37;203;207m▀[0m[38;2;255;0;0m[48;2;255;0;0m▀[0m[38;2;255;0;0m[48;2;255;0;0m▀[0m[38;2;139;0;0m[48;2;0;0;0m▀[0m[38;2;255;0;0m[48;2;255;71;64m▀[0m[38;2;208;0;0m[48;2;255;0;0m▀[0m[38;2;87;0;0m[48;2;255;0;0m▀[0m[38;2;255;0;0m[48;2;255;0;0m▀[0m[38;2;255;0;0m[48;2;255;0;0m▀[0m[38;2;255;0;0m[48;2;255;0;0m▀[0m[38;2;255;0;0m[48;2;255;0;0m▀[0m[38;2;255;0;0m[48;2;198;0;0m▀[0m[38;2;0;0;2m[48;2;8;0;0m▀[0m[38;2;255;0;0m[48;2;255;0;0m▀[0m[38;2;255;0;0m[48;2;255;0;0m▀[0m[38;2;50;0;0m[48;2;0;19;24m▀[0m[38;2;244;255;255m[48;2;255;255;255m▀[0m[38;2;255;255;255m[48;2;255;255;255m▀[0m[38;2;255;255;255m[48;2;255;255;255m▀[0m[38;2;255;255;255m[48;2;255;255;255m▀[0m[38;2;255;255;255m[48;2;255;255;255m▀[0m[38;2;255;255;255m[48;2;255;255;255m▀[0m[38;2;255;255;255m[48;2;255;255;255m▀[0m[38;2;255;255;255m[48;2;255;255;255m▀[0m[38;2;255;255;255m[48;2;255;255;255m▀[0m[38;2;255;255;255m[48;2;215;226;231m▀[0m[38;2;255;255;255m[48;2;0;0;0m▀[0m[38;2;0;0;0m[48;2;162;180;178m▀[0m[38;2;0;0;0m[48;2;255;255;255m▀[0m[38;2;255;255;255m[48;2;255;255;255m▀[0m[38;2;255;255;255m[48;2;255;255;255m▀[0m[38;2;255;255;255m[48;2;255;255;255m▀[0m[38;2;255;255;255m[48;2;255;255;255m▀[0m[38;2;255;255;255m[48;2;255;255;255m▀[0m[38;2;255;255;255m[48;2;255;255;255m▀[0m[38;2;255;255;255m[48;2;255;255;255m▀[0m[38;2;255;255;255m[48;2;255;255;255m▀[0m[38;2;255;255;255m[48;2;255;255;255m▀[0m[38;2;255;255;255m[48;2;255;255;255m▀[0m[38;2;255;255;255m[48;2;255;255;255m▀[0m[38;2;255;255;255m[48;2;255;255;255m▀[0m[38;2;255;255;255m[48;2;255;255;255m▀[0m[38;2;255;255;255m[48;2;255;255;255m▀[0m[38;2;255;255;255m[48;2;255;255;255m▀[0m
[38;2;255;255;255m[48;2;255;255;255m▀[0m[38;2;255;255;255m[48;2;255;255;255m▀[0m[38;2;255;255;255m[48;2;191;201;200m▀[0m[38;2;255;255;255m[48;2;176;180;180m▀[0m[38;2;215;225;224m[48;2;230;241;236m▀[0m[38;2;178;185;184m[48;2;255;255;255m▀[0m[38;2;209;218;218m[48;2;255;255;255m▀[0m[38;2;255;255;255m[48;2;255;255;255m▀[0m[38;2;255;255;255m[48;2;255;255;255m▀[0m[38;2;255;255;255m[48;2;255;255;255m▀[0m[38;2;240;248;252m[48;2;255;255;255m▀[0m[38;2;240;255;255m[48;2;255;255;255m▀[0m[38;2;230;255;255m[48;2;255;255;255m▀[0m[38;2;207;255;255m[48;2;255;255;255m▀[0m[38;2;202;255;255m[48;2;255;255;255m▀[0m[38;2;255;255;255m[48;2;255;255;255m▀[0m[38;2;255;240;244m[48;2;255;255;255m▀[0m[38;2;255;0;0m[48;2;255;255;255m▀[0m[38;2;255;0;0m[48;2;255;13;13m▀[0m[38;2;45;0;0m[48;2;255;0;0m▀[0m[38;2;0;109;112m[48;2;200;0;0m▀[0m[38;2;255;255;255m[48;2;0;4;3m▀[0m[38;2;255;255;255m[48;2;255;255;255m▀[0m[38;2;255;255;255m[48;2;255;255;255m▀[0m[38;2;255;255;255m[48;2;255;255;255m▀[0m[38;2;255;255;255m[48;2;255;255;255m▀[0m[38;2;255;255;255m[48;2;255;255;255m▀[0m[38;2;255;255;255m[48;2;255;255;255m▀[0m[38;2;255;255;255m[48;2;255;255;255m▀[0m[38;2;255;255;255m[48;2;255;255;255m▀[0m[38;2;255;255;255m[48;2;255;255;255m▀[0m[38;2;255;255;255m[48;2;255;255;255m▀[0m[38;2;169;255;255m[48;2;204;255;255m▀[0m[38;2;113;0;0m[48;2;0;0;0m▀[0m[38;2;255;34;28m[48;2;255;255;255m▀[0m[38;2;0;0;0m[48;2;0;98;96m▀[0m[38;2;255;255;255m[48;2;212;184;174m▀[0m[38;2;255;18;9m[48;2;255;3;0m▀[0m[38;2;255;0;0m[48;2;255;0;0m▀[0m[38;2;255;0;0m[48;2;255;0;0m▀[0m[38;2;255;0;0m[48;2;255;0;0m▀[0m[38;2;255;0;0m[48;2;255;0;0m▀[0m[38;2;255;0;0m[48;2;255;0;0m▀[0m[38;2;9;0;0m[48;2;0;0;0m▀[0m[38;2;137;79;75m[48;2;154;67;48m▀[0m[38;2;255;67;53m[48;2;176;206;204m▀[0m[38;2;156;0;0m[48;2;0;0;0m▀[0m[38;2;123;237;240m[48;2;248;255;255m▀[0m[38;2;255;255;255m[48;2;255;255;255m▀[0m[38;2;255;255;255m[48;2;255;255;255m▀[0m[38;2;255;255;255m[48;2;255;255;255m▀[0m[38;2;255;255;255m[48;2;255;255;255m▀[0m[38;2;255;255;255m[48;2;255;255;255m▀[0m[38;2;255;255;255m[48;2;255;255;255m▀[0m[38;2;255;255;255m[48;2;255;255;255m▀[0m[38;2;255;255;255m[48;2;111;151;150m▀[0m[38;2;130;151;152m[48;2;0;93;92m▀[0m[38;2;0;0;0m[48;2;255;255;255m▀[0m[38;2;255;255;255m[48;2;255;215;203m▀[0m[38;2;255;255;255m[48;2;255;129;114m▀[0m[38;2;255;255;255m[48;2;255;255;255m▀[0m[38;2;255;255;255m[48;2;255;255;255m▀[0m[38;2;255;255;255m[48;2;255;255;255m▀[0m[38;2;198;208;207m[48;2;255;255;255m▀[0m[38;2;179;187;186m[48;2;255;255;255m▀[0m[38;2;186;195;195m[48;2;255;255;255m▀[0m[38;2;201;206;211m[48;2;255;255;255m▀[0m[38;2;195;202;207m[48;2;255;255;255m▀[0m[38;2;207;215;214m[48;2;255;255;255m▀[0m[38;2;255;255;255m[48;2;255;255;255m▀[0m[38;2;255;255;255m[48;2;255;255;255m▀[0m[38;2;255;255;255m[48;2;255;255;255m▀[0m[38;2;248;255;255m[48;2;217;226;229m▀[0m[38;2;255;255;255m[48;2;173;176;181m▀[0m[38;2;255;255;255m[48;2;212;220;220m▀[0m[38;2;255;255;255m[48;2;255;255;255m▀[0m
[38;2;255;255;255m[48;2;255;255;255m▀[0m[38;2;200;211;209m[48;2;255;255;255m▀[0m[38;2;255;255;255m[48;2;255;255;255m▀[0m[38;2;255;255;255m[48;2;255;255;255m▀[0m[38;2;255;255;255m[48;2;255;255;255m▀[0m[38;2;255;255;255m[48;2;255;255;255m▀[0m[38;2;255;255;255m[48;2;255;255;255m▀[0m[38;2;255;255;255m[48;2;255;255;255m▀[0m[38;2;255;255;255m[48;2;255;255;255m▀[0m[38;2;255;255;255m[48;2;255;255;255m▀[0m[38;2;255;255;255m[48;2;255;255;255m▀[0m[38;2;255;255;255m[48;2;255;255;255m▀[0m[38;2;255;255;255m[48;2;255;255;255m▀[0m[38;2;255;255;255m[48;2;255;255;255m▀[0m[38;2;255;255;255m[48;2;255;255;255m▀[0m[38;2;255;255;255m[48;2;255;255;255m▀[0m[38;2;255;255;255m[48;2;255;255;255m▀[0m[38;2;255;255;255m[48;2;255;255;255m▀[0m[38;2;255;255;255m[48;2;255;112;100m▀[0m[38;2;255;0;0m[48;2;255;0;0m▀[0m[38;2;255;0;0m[48;2;255;0;0m▀[0m[38;2;255;0;0m[48;2;255;0;0m▀[0m[38;2;0;0;0m[48;2;255;0;0m▀[0m[38;2;252;255;255m[48;2;0;0;0m▀[0m[38;2;255;255;255m[48;2;151;255;255m▀[0m[38;2;255;255;255m[48;2;10;53;53m▀[0m[38;2;255;255;255m[48;2;0;0;0m▀[0m[38;2;211;214;219m[48;2;0;0;0m▀[0m[38;2;78;81;78m[48;2;200;203;200m▀[0m[38;2;71;81;79m[48;2;255;255;255m▀[0m[38;2;245;255;255m[48;2;255;255;255m▀[0m[38;2;255;255;255m[48;2;255;255;255m▀[0m[38;2;150;233;230m[48;2;47;73;73m▀[0m[38;2;0;0;0m[48;2;68;0;0m▀[0m[38;2;42;37;25m[48;2;204;0;0m▀[0m[38;2;0;26;18m[48;2;0;0;0m▀[0m[38;2;131;101;93m[48;2;19;76;64m▀[0m[38;2;255;24;17m[48;2;255;90;78m▀[0m[38;2;255;0;0m[48;2;255;0;0m▀[0m[38;2;255;0;0m[48;2;255;0;0m▀[0m[38;2;255;0;0m[48;2;255;0;0m▀[0m[38;2;255;0;0m[48;2;255;0;0m▀[0m[38;2;119;0;0m[48;2;108;104;123m▀[0m[38;2;0;0;0m[48;2;0;0;0m▀[0m[38;2;0;68;69m[48;2;0;0;0m▀[0m[38;2;54;206;206m[48;2;212;0;0m▀[0m[38;2;0;1;0m[48;2;0;0;0m▀[0m[38;2;255;255;255m[48;2;148;234;230m▀[0m[38;2;255;255;255m[48;2;255;255;255m▀[0m[38;2;136;141;141m[48;2;172;191;187m▀[0m[38;2;255;255;255m[48;2;8;15;19m▀[0m[38;2;255;255;255m[48;2;0;0;0m▀[0m[38;2;255;255;255m[48;2;175;206;202m▀[0m[38;2;255;255;255m[48;2;158;255;255m▀[0m[38;2;108;212;214m[48;2;0;0;0m▀[0m[38;2;0;129;124m[48;2;255;45;34m▀[0m[38;2;255;255;255m[48;2;255;0;0m▀[0m[38;2;255;0;0m[48;2;255;0;0m▀[0m[38;2;255;93;85m[48;2;255;255;255m▀[0m[38;2;255;255;255m[48;2;255;255;255m▀[0m[38;2;255;255;255m[48;2;255;255;255m▀[0m[38;2;255;255;255m[48;2;255;255;255m▀[0m[38;2;255;255;255m[48;2;255;255;255m▀[0m[38;2;255;255;255m[48;2;255;255;255m▀[0m[38;2;255;255;255m[48;2;255;255;255m▀[0m[38;2;255;255;255m[48;2;255;255;255m▀[0m[38;2;255;255;255m[48;2;255;255;255m▀[0m[38;2;255;255;255m[48;2;255;255;255m▀[0m[38;2;255;255;255m[48;2;255;255;255m▀[0m[38;2;255;255;255m[48;2;255;255;255m▀[0m[38;2;255;255;255m[48;2;255;255;255m▀[0m[38;2;255;255;255m[48;2;255;255;255m▀[0m[38;2;255;255;255m[48;2;255;255;255m▀[0m[38;2;255;255;255m[48;2;255;255;255m▀[0m[38;2;228;233;233m[48;2;255;255;255m▀[0m[38;2;159;169;174m[48;2;255;255;255m▀[0m
[38;2;255;255;255m[48;2;255;255;255m▀[0m[38;2;255;255;255m[48;2;255;255;255m▀[0m[38;2;255;255;255m[48;2;255;255;255m▀[0m[38;2;255;255;255m[48;2;255;255;255m▀[0m[38;2;255;255;255m[48;2;255;255;255m▀[0m[38;2;255;255;255m[48;2;255;255;255m▀[0m[38;2;255;255;255m[48;2;255;255;255m▀[0m[38;2;255;255;255m[48;2;255;255;255m▀[0m[38;2;255;255;255m[48;2;255;255;255m▀[0m[38;2;255;255;255m[48;2;255;255;255m▀[0m[38;2;255;255;255m[48;2;255;255;255m▀[0m[38;2;255;255;255m[48;2;255;255;255m▀[0m[38;2;255;255;255m[48;2;255;255;255m▀[0m[38;2;255;255;255m[48;2;255;255;255m▀[0m[38;2;255;255;255m[48;2;255;255;255m▀[0m[38;2;255;255;255m[48;2;255;255;255m▀[0m[38;2;255;255;255m[48;2;255;255;255m▀[0m[38;2;255;255;255m[48;2;255;13;8m▀[0m[38;2;255;0;0m[48;2;255;0;0m▀[0m[38;2;255;0;0m[48;2;255;0;0m▀[0m[38;2;255;0;0m[48;2;255;0;0m▀[0m[38;2;255;0;0m[48;2;255;13;0m▀[0m[38;2;255;0;0m[48;2;255;0;0m▀[0m[38;2;255;0;0m[48;2;255;0;0m▀[0m[38;2;0;0;0m[48;2;255;0;0m▀[0m[38;2;0;0;0m[48;2;0;0;0m▀[0m[38;2;189;217;209m[48;2;255;255;255m▀[0m[38;2;255;255;255m[48;2;255;255;255m▀[0m[38;2;255;255;255m[48;2;255;255;255m▀[0m[38;2;255;255;255m[48;2;255;255;255m▀[0m[38;2;255;255;255m[48;2;255;255;255m▀[0m[38;2;125;228;224m[48;2;101;187;189m▀[0m[38;2;187;0;0m[48;2;255;0;0m▀[0m[38;2;255;0;0m[48;2;255;0;0m▀[0m[38;2;151;0;0m[48;2;0;67;69m▀[0m[38;2;255;0;0m[48;2;231;0;0m▀[0m[38;2;0;0;0m[48;2;255;73;67m▀[0m[38;2;255;118;97m[48;2;255;255;255m▀[0m[38;2;255;0;0m[48;2;255;0;0m▀[0m[38;2;255;0;0m[48;2;255;0;0m▀[0m[38;2;255;0;0m[48;2;255;0;0m▀[0m[38;2;215;13;13m[48;2;143;82;84m▀[0m[38;2;40;204;214m[48;2;75;225;222m▀[0m[38;2;0;0;0m[48;2;255;0;0m▀[0m[38;2;255;0;0m[48;2;255;0;0m▀[0m[38;2;226;0;0m[48;2;7;0;0m▀[0m[38;2;186;0;0m[48;2;255;0;0m▀[0m[38;2;93;0;0m[48;2;245;0;0m▀[0m[38;2;255;255;255m[48;2;211;255;255m▀[0m[38;2;255;255;255m[48;2;255;255;255m▀[0m[38;2;255;255;255m[48;2;255;255;255m▀[0m[38;2;142;161;162m[48;2;255;255;255m▀[0m[38;2;0;0;0m[48;2;0;18;21m▀[0m[38;2;0;0;0m[48;2;163;0;0m▀[0m[38;2;255;0;0m[48;2;255;0;0m▀[0m[38;2;255;0;0m[48;2;255;0;0m▀[0m[38;2;255;0;0m[48;2;255;0;0m▀[0m[38;2;255;255;254m[48;2;255;191;181m▀[0m[38;2;255;255;255m[48;2;255;255;255m▀[0m[38;2;255;255;255m[48;2;255;255;255m▀[0m[38;2;255;255;255m[48;2;255;255;255m▀[0m[38;2;255;255;255m[48;2;255;255;255m▀[0m[38;2;255;255;255m[48;2;255;255;255m▀[0m[38;2;255;255;255m[48;2;255;255;255m▀[0m[38;2;255;255;255m[48;2;255;255;255m▀[0m[38;2;255;255;255m[48;2;255;255;255m▀[0m[38;2;255;255;255m[48;2;255;255;255m▀[0m[38;2;255;255;255m[48;2;255;255;255m▀[0m[38;2;255;255;255m[48;2;255;255;255m▀[0m[38;2;255;255;255m[48;2;255;255;255m▀[0m[38;2;255;255;255m[48;2;255;255;255m▀[0m[38;2;255;255;255m[48;2;255;255;255m▀[0m[38;2;255;255;255m[48;2;255;255;255m▀[0m[38;2;255;255;255m[48;2;255;255;255m▀[0m[38;2;255;255;255m[48;2;255;255;255m▀[0m[38;2;255;255;255m[48;2;255;255;255m▀[0m
[38;2;255;255;255m[48;2;255;255;255m▀[0m[38;2;255;255;255m[48;2;255;255;255m▀[0m[38;2;255;255;255m[48;2;255;255;255m▀[0m[38;2;255;255;255m[48;2;255;255;255m▀[0m[38;2;255;255;255m[48;2;255;255;255m▀[0m[38;2;255;255;255m[48;2;255;255;255m▀[0m[38;2;255;255;255m[48;2;255;255;255m▀[0m[38;2;255;255;255m[48;2;255;255;255m▀[0m[38;2;255;255;255m[48;2;255;255;255m▀[0m[38;2;255;255;255m[48;2;255;255;255m▀[0m[38;2;255;255;255m[48;2;255;255;255m▀[0m[38;2;255;255;255m[48;2;255;255;255m▀[0m[38;2;255;255;255m[48;2;255;255;255m▀[0m[38;2;255;255;255m[48;2;255;255;255m▀[0m[38;2;255;255;255m[48;2;255;255;255m▀[0m[38;2;255;255;255m[48;2;255;255;255m▀[0m[38;2;255;204;191m[48;2;255;0;0m▀[0m[38;2;255;0;0m[48;2;255;0;0m▀[0m[38;2;255;0;0m[48;2;255;255;255m▀[0m[38;2;255;223;218m[48;2;255;255;255m▀[0m[38;2;255;255;255m[48;2;255;255;255m▀[0m[38;2;255;255;255m[48;2;255;255;255m▀[0m[38;2;255;255;255m[48;2;255;255;255m▀[0m[38;2;255;137;141m[48;2;255;255;255m▀[0m[38;2;255;0;0m[48;2;255;0;4m▀[0m[38;2;123;0;0m[48;2;255;0;0m▀[0m[38;2;0;0;0m[48;2;0;0;0m▀[0m[38;2;255;255;255m[48;2;0;0;0m▀[0m[38;2;255;255;255m[48;2;0;0;0m▀[0m[38;2;255;255;255m[48;2;0;0;0m▀[0m[38;2;220;245;242m[48;2;0;0;0m▀[0m[38;2;0;6;7m[48;2;9;52;52m▀[0m[38;2;73;0;0m[48;2;0;95;91m▀[0m[38;2;255;0;0m[48;2;181;0;0m▀[0m[38;2;240;203;212m[48;2;255;0;0m▀[0m[38;2;42;255;255m[48;2;191;135;125m▀[0m[38;2;255;0;0m[48;2;0;0;0m▀[0m[38;2;255;255;255m[48;2;192;0;0m▀[0m[38;2;255;0;0m[48;2;245;0;0m▀[0m[38;2;255;0;0m[48;2;255;0;0m▀[0m[38;2;255;0;0m[48;2;255;0;0m▀[0m[38;2;57;123;124m[48;2;0;106;107m▀[0m[38;2;229;200;201m[48;2;0;81;79m▀[0m[38;2;231;0;0m[48;2;165;0;0m▀[0m[38;2;39;0;0m[48;2;255;0;0m▀[0m[38;2;255;0;0m[48;2;255;0;0m▀[0m[38;2;255;0;0m[48;2;202;0;0m▀[0m[38;2;73;0;0m[48;2;0;0;0m▀[0m[38;2;176;255;255m[48;2;0;0;0m▀[0m[38;2;255;255;255m[48;2;0;0;0m▀[0m[38;2;255;255;255m[48;2;0;0;0m▀[0m[38;2;13;58;65m[48;2;0;0;0m▀[0m[38;2;0;0;0m[48;2;246;124;120m▀[0m[38;2;255;142;131m[48;2;255;255;255m▀[0m[38;2;255;247;245m[48;2;255;255;255m▀[0m[38;2;255;157;156m[48;2;255;255;255m▀[0m[38;2;255;0;0m[48;2;255;255;255m▀[0m[38;2;255;0;0m[48;2;255;0;0m▀[0m[38;2;255;255;255m[48;2;255;242;234m▀[0m[38;2;255;255;255m[48;2;255;255;255m▀[0m[38;2;255;255;255m[48;2;255;255;255m▀[0m[38;2;255;255;255m[48;2;255;255;255m▀[0m[38;2;255;255;255m[48;2;255;255;255m▀[0m[38;2;255;255;255m[48;2;255;255;255m▀[0m[38;2;255;255;255m[48;2;255;255;255m▀[0m[38;2;255;255;255m[48;2;255;255;255m▀[0m[38;2;255;255;255m[48;2;255;255;255m▀[0m[38;2;255;255;255m[48;2;255;255;255m▀[0m[38;2;255;255;255m[48;2;255;255;255m▀[0m[38;2;255;255;255m[48;2;255;255;255m▀[0m[38;2;255;255;255m[48;2;255;255;255m▀[0m[38;2;255;255;255m[48;2;255;255;255m▀[0m[38;2;255;255;255m[48;2;255;255;255m▀[0m[38;2;255;255;255m[48;2;255;255;255m▀[0m[38;2;255;255;255m[48;2;255;255;255m▀[0m[38;2;255;255;255m[48;2;255;255;255m▀[0m
[38;2;255;255;255m[48;2;255;255;255m▀[0m[38;2;255;255;255m[48;2;255;255;255m▀[0m[38;2;255;255;255m[48;2;255;255;255m▀[0m[38;2;255;255;255m[48;2;255;255;255m▀[0m[38;2;255;255;255m[48;2;255;255;255m▀[0m[38;2;255;255;255m[48;2;255;255;255m▀[0m[38;2;255;255;255m[48;2;255;255;255m▀[0m[38;2;255;255;255m[48;2;255;255;255m▀[0m[38;2;255;255;255m[48;2;255;255;255m▀[0m[38;2;255;255;255m[48;2;255;255;255m▀[0m[38;2;255;255;255m[48;2;255;255;255m▀[0m[38;2;255;255;255m[48;2;255;255;255m▀[0m[38;2;255;255;255m[48;2;255;255;255m▀[0m[38;2;255;255;255m[48;2;255;255;255m▀[0m[38;2;255;255;255m[48;2;255;125;123m▀[0m[38;2;255;0;0m[48;2;255;0;0m▀[0m[38;2;255;0;0m[48;2;255;255;255m▀[0m[38;2;255;255;255m[48;2;255;255;255m▀[0m[38;2;255;255;255m[48;2;255;255;255m▀[0m[38;2;255;255;255m[48;2;255;255;255m▀[0m[38;2;255;255;255m[48;2;255;255;255m▀[0m[38;2;255;255;255m[48;2;255;255;255m▀[0m[38;2;255;255;255m[48;2;255;255;255m▀[0m[38;2;255;255;255m[48;2;255;255;255m▀[0m[38;2;255;246;253m[48;2;255;255;255m▀[0m[38;2;255;0;0m[48;2;255;0;0m▀[0m[38;2;255;0;0m[48;2;255;117;108m▀[0m[38;2;0;0;0m[48;2;255;255;255m▀[0m[38;2;0;0;0m[48;2;206;229;224m▀[0m[38;2;0;0;0m[48;2;255;255;255m▀[0m[38;2;219;219;222m[48;2;255;255;255m▀[0m[38;2;255;255;255m[48;2;255;255;255m▀[0m[38;2;255;255;255m[48;2;255;255;255m▀[0m[38;2;0;30;24m[48;2;0;164;159m▀[0m[38;2;255;0;0m[48;2;255;0;0m▀[0m[38;2;255;114;112m[48;2;255;73;71m▀[0m[38;2;255;185;181m[48;2;255;255;255m▀[0m[38;2;131;0;0m[48;2;255;50;37m▀[0m[38;2;0;0;0m[48;2;125;0;0m▀[0m[38;2;255;0;0m[48;2;197;0;0m▀[0m[38;2;200;0;0m[48;2;140;0;0m▀[0m[38;2;14;0;0m[48;2;255;0;0m▀[0m[38;2;255;0;0m[48;2;255;255;255m▀[0m[38;2;255;0;0m[48;2;255;255;255m▀[0m[38;2;255;0;0m[48;2;255;0;0m▀[0m[38;2;196;0;0m[48;2;0;0;7m▀[0m[38;2;0;145;148m[48;2;255;255;255m▀[0m[38;2;255;255;255m[48;2;255;255;255m▀[0m[38;2;80;98;103m[48;2;255;255;255m▀[0m[38;2;0;0;0m[48;2;255;255;255m▀[0m[38;2;0;0;0m[48;2;253;253;253m▀[0m[38;2;14;14;12m[48;2;255;255;255m▀[0m[38;2;255;255;255m[48;2;255;255;255m▀[0m[38;2;255;255;255m[48;2;255;255;255m▀[0m[38;2;255;255;255m[48;2;255;255;255m▀[0m[38;2;255;255;255m[48;2;255;255;255m▀[0m[38;2;255;255;255m[48;2;255;255;255m▀[0m[38;2;255;89;81m[48;2;255;255;255m▀[0m[38;2;255;0;0m[48;2;255;0;0m▀[0m[38;2;255;255;255m[48;2;255;254;244m▀[0m[38;2;255;255;255m[48;2;255;255;255m▀[0m[38;2;255;255;255m[48;2;255;255;255m▀[0m[38;2;255;255;255m[48;2;255;255;255m▀[0m[38;2;255;255;255m[48;2;255;255;255m▀[0m[38;2;255;255;255m[48;2;255;255;255m▀[0m[38;2;255;255;255m[48;2;255;255;255m▀[0m[38;2;255;255;255m[48;2;255;255;255m▀[0m[38;2;255;255;255m[48;2;255;255;255m▀[0m[38;2;255;255;255m[48;2;255;255;255m▀[0m[38;2;255;255;255m[48;2;255;255;255m▀[0m[38;2;255;255;255m[48;2;255;255;255m▀[0m[38;2;255;255;255m[48;2;255;255;255m▀[0m[38;2;255;255;255m[48;2;255;255;255m▀[0m[38;2;255;255;255m[48;2;255;255;255m▀[0m[38;2;255;255;255m[48;2;255;255;255m▀[0m[38;2;255;255;255m[48;2;255;255;255m▀[0m
[38;2;255;255;255m[48;2;255;255;255m▀[0m[38;2;255;255;255m[48;2;255;255;255m▀[0m[38;2;255;255;255m[48;2;255;255;255m▀[0m[38;2;255;255;255m[48;2;255;255;255m▀[0m[38;2;255;255;255m[48;2;255;255;255m▀[0m[38;2;255;255;255m[48;2;255;255;255m▀[0m[38;2;255;255;255m[48;2;255;255;255m▀[0m[38;2;255;255;255m[48;2;255;255;255m▀[0m[38;2;255;255;255m[48;2;255;255;255m▀[0m[38;2;255;255;255m[48;2;255;255;255m▀[0m[38;2;255;255;255m[48;2;255;255;255m▀[0m[38;2;255;255;255m[48;2;255;255;255m▀[0m[38;2;255;255;255m[48;2;255;255;255m▀[0m[38;2;255;255;255m[48;2;255;14;8m▀[0m[38;2;255;0;0m[48;2;255;6;0m▀[0m[38;2;255;255;255m[48;2;255;255;255m▀[0m[38;2;255;255;255m[48;2;255;255;255m▀[0m[38;2;255;255;255m[48;2;255;255;255m▀[0m[38;2;255;255;255m[48;2;255;255;255m▀[0m[38;2;255;255;255m[48;2;255;255;255m▀[0m[38;2;255;255;255m[48;2;255;255;255m▀[0m[38;2;255;255;255m[48;2;255;255;255m▀[0m[38;2;255;255;255m[48;2;255;255;255m▀[0m[38;2;255;255;255m[48;2;255;255;255m▀[0m[38;2;255;255;255m[48;2;255;255;255m▀[0m[38;2;255;0;0m[48;2;255;0;0m▀[0m[38;2;255;85;79m[48;2;255;174;170m▀[0m[38;2;255;255;255m[48;2;255;255;255m▀[0m[38;2;255;255;255m[48;2;255;255;255m▀[0m[38;2;255;255;255m[48;2;255;255;255m▀[0m[38;2;255;255;255m[48;2;251;255;255m▀[0m[38;2;255;255;255m[48;2;248;255;255m▀[0m[38;2;255;255;255m[48;2;255;255;255m▀[0m[38;2;7;168;159m[48;2;143;255;250m▀[0m[38;2;196;98;103m[48;2;0;84;89m▀[0m[38;2;255;0;0m[48;2;255;36;36m▀[0m[38;2;255;107;100m[48;2;255;0;0m▀[0m[38;2;255;0;0m[48;2;255;0;0m▀[0m[38;2;255;0;0m[48;2;255;0;0m▀[0m[38;2;0;0;0m[48;2;255;0;0m▀[0m[38;2;255;0;0m[48;2;255;0;0m▀[0m[38;2;255;0;0m[48;2;255;0;0m▀[0m[38;2;255;189;181m[48;2;255;0;0m▀[0m[38;2;255;0;0m[48;2;255;13;13m▀[0m[38;2;255;0;0m[48;2;0;56;62m▀[0m[38;2;0;98;98m[48;2;115;220;217m▀[0m[38;2;255;255;255m[48;2;255;255;255m▀[0m[38;2;253;255;255m[48;2;239;255;255m▀[0m[38;2;255;255;255m[48;2;255;255;255m▀[0m[38;2;255;255;255m[48;2;255;255;255m▀[0m[38;2;255;255;255m[48;2;255;255;255m▀[0m[38;2;255;255;255m[48;2;255;255;255m▀[0m[38;2;255;255;255m[48;2;255;255;255m▀[0m[38;2;255;255;255m[48;2;255;255;255m▀[0m[38;2;255;255;255m[48;2;255;255;255m▀[0m[38;2;255;255;255m[48;2;255;255;255m▀[0m[38;2;255;255;255m[48;2;255;255;255m▀[0m[38;2;255;255;255m[48;2;255;255;255m▀[0m[38;2;255;0;0m[48;2;255;255;255m▀[0m[38;2;255;142;132m[48;2;255;255;255m▀[0m[38;2;255;255;255m[48;2;255;255;255m▀[0m[38;2;255;255;255m[48;2;255;255;255m▀[0m[38;2;255;255;255m[48;2;255;255;255m▀[0m[38;2;255;255;255m[48;2;255;255;255m▀[0m[38;2;255;255;255m[48;2;255;255;255m▀[0m[38;2;255;255;255m[48;2;255;255;255m▀[0m[38;2;255;255;255m[48;2;255;255;255m▀[0m[38;2;255;255;255m[48;2;255;255;255m▀[0m[38;2;255;255;255m[48;2;255;255;255m▀[0m[38;2;255;255;255m[48;2;255;255;255m▀[0m[38;2;255;255;255m[48;2;255;255;255m▀[0m[38;2;255;255;255m[48;2;255;255;255m▀[0m[38;2;255;255;255m[48;2;255;255;255m▀[0m[38;2;255;255;255m[48;2;255;255;255m▀[0m[38;2;255;255;255m[48;2;255;255;255m▀[0m[38;2;255;255;255m[48;2;255;255;255m▀[0m
[38;2;255;255;255m[48;2;255;255;255m▀[0m[38;2;255;255;255m[48;2;255;255;255m▀[0m[38;2;255;255;255m[48;2;255;255;255m▀[0m[38;2;255;255;255m[48;2;255;255;255m▀[0m[38;2;255;255;255m[48;2;255;255;255m▀[0m[38;2;255;255;255m[48;2;255;255;255m▀[0m[38;2;255;255;255m[48;2;255;255;255m▀[0m[38;2;255;255;255m[48;2;255;255;255m▀[0m[38;2;255;255;255m[48;2;255;255;255m▀[0m[38;2;255;255;255m[48;2;255;255;255m▀[0m[38;2;255;255;255m[48;2;255;255;255m▀[0m[38;2;255;255;255m[48;2;255;255;255m▀[0m[38;2;255;255;255m[48;2;255;0;0m▀[0m[38;2;255;0;0m[48;2;255;0;0m▀[0m[38;2;255;255;255m[48;2;255;255;255m▀[0m[38;2;255;255;255m[48;2;255;255;255m▀[0m[38;2;255;255;255m[48;2;255;255;255m▀[0m[38;2;255;255;255m[48;2;255;255;255m▀[0m[38;2;255;255;255m[48;2;255;255;255m▀[0m[38;2;255;255;255m[48;2;255;255;255m▀[0m[38;2;255;255;255m[48;2;255;255;255m▀[0m[38;2;255;255;255m[48;2;255;255;255m▀[0m[38;2;255;255;255m[48;2;255;255;255m▀[0m[38;2;255;255;255m[48;2;255;255;255m▀[0m[38;2;255;255;255m[48;2;255;255;255m▀[0m[38;2;255;0;0m[48;2;255;0;0m▀[0m[38;2;255;193;192m[48;2;255;103;107m▀[0m[38;2;255;255;255m[48;2;255;255;255m▀[0m[38;2;255;255;255m[48;2;183;204;206m▀[0m[38;2;255;255;255m[48;2;222;255;255m▀[0m[38;2;246;255;255m[48;2;242;255;255m▀[0m[38;2;241;255;255m[48;2;237;255;255m▀[0m[38;2;233;255;255m[48;2;226;255;255m▀[0m[38;2;255;255;255m[48;2;219;255;255m▀[0m[38;2;31;181;165m[48;2;255;255;255m▀[0m[38;2;28;73;81m[48;2;85;220;202m▀[0m[38;2;255;1;13m[48;2;0;143;139m▀[0m[38;2;255;0;0m[48;2;0;0;0m▀[0m[38;2;252;0;0m[48;2;48;223;218m▀[0m[38;2;113;0;0m[48;2;0;189;184m▀[0m[38;2;255;0;0m[48;2;0;18;26m▀[0m[38;2;255;0;0m[48;2;75;150;153m▀[0m[38;2;255;107;118m[48;2;0;114;117m▀[0m[38;2;70;114;124m[48;2;57;168;164m▀[0m[38;2;7;103;109m[48;2;255;255;255m▀[0m[38;2;255;255;255m[48;2;237;255;255m▀[0m[38;2;247;255;255m[48;2;234;255;255m▀[0m[38;2;240;255;255m[48;2;233;255;255m▀[0m[38;2;244;255;255m[48;2;204;255;255m▀[0m[38;2;255;255;255m[48;2;255;255;255m▀[0m[38;2;255;255;255m[48;2;255;226;230m▀[0m[38;2;255;255;255m[48;2;255;241;241m▀[0m[38;2;255;255;255m[48;2;255;255;255m▀[0m[38;2;255;255;255m[48;2;255;255;255m▀[0m[38;2;255;255;255m[48;2;255;255;255m▀[0m[38;2;255;255;255m[48;2;255;56;53m▀[0m[38;2;255;84;86m[48;2;255;0;0m▀[0m[38;2;255;255;255m[48;2;255;255;255m▀[0m[38;2;255;255;255m[48;2;255;255;255m▀[0m[38;2;255;255;255m[48;2;255;255;255m▀[0m[38;2;255;255;255m[48;2;255;255;255m▀[0m[38;2;255;255;255m[48;2;255;255;255m▀[0m[38;2;255;255;255m[48;2;255;255;255m▀[0m[38;2;255;255;255m[48;2;255;255;255m▀[0m[38;2;255;255;255m[48;2;255;255;255m▀[0m[38;2;255;255;255m[48;2;255;255;255m▀[0m[38;2;255;255;255m[48;2;255;255;255m▀[0m[38;2;255;255;255m[48;2;255;255;255m▀[0m[38;2;255;255;255m[48;2;255;255;255m▀[0m[38;2;255;255;255m[48;2;255;255;255m▀[0m[38;2;255;255;255m[48;2;255;255;255m▀[0m[38;2;255;255;255m[48;2;255;255;255m▀[0m[38;2;255;255;255m[48;2;255;255;255m▀[0m[38;2;255;255;255m[48;2;255;255;255m▀[0m[38;2;255;255;255m[48;2;255;255;255m▀[0m[38;2;255;255;255m[48;2;255;255;255m▀[0m
[38;2;255;255;255m[48;2;255;255;255m▀[0m[38;2;255;255;255m[48;2;255;255;255m▀[0m[38;2;255;255;255m[48;2;255;255;255m▀[0m[38;2;255;255;255m[48;2;255;255;255m▀[0m[38;2;255;255;255m[48;2;255;255;255m▀[0m[38;2;255;255;255m[48;2;255;255;255m▀[0m[38;2;255;255;255m[48;2;255;255;255m▀[0m[38;2;255;255;255m[48;2;255;255;255m▀[0m[38;2;255;255;255m[48;2;255;255;255m▀[0m[38;2;255;255;255m[48;2;255;255;255m▀[0m[38;2;255;255;255m[48;2;255;255;255m▀[0m[38;2;255;255;255m[48;2;255;114;113m▀[0m[38;2;255;0;0m[48;2;255;0;0m▀[0m[38;2;255;84;81m[48;2;255;211;206m▀[0m[38;2;255;255;255m[48;2;255;255;255m▀[0m[38;2;255;255;255m[48;2;255;255;255m▀[0m[38;2;255;255;255m[48;2;255;255;255m▀[0m[38;2;255;255;255m[48;2;255;255;255m▀[0m[38;2;255;255;255m[48;2;255;255;255m▀[0m[38;2;255;255;255m[48;2;255;255;255m▀[0m[38;2;255;255;255m[48;2;255;255;255m▀[0m[38;2;255;255;255m[48;2;255;255;255m▀[0m[38;2;255;255;255m[48;2;255;255;255m▀[0m[38;2;255;255;255m[48;2;255;255;255m▀[0m[38;2;255;255;255m[48;2;255;255;255m▀[0m[38;2;255;0;0m[48;2;255;0;0m▀[0m[38;2;255;0;0m[48;2;255;0;0m▀[0m[38;2;255;255;255m[48;2;255;255;255m▀[0m[38;2;162;187;191m[48;2;181;209;209m▀[0m[38;2;191;255;244m[48;2;165;231;222m▀[0m[38;2;246;255;255m[48;2;242;255;255m▀[0m[38;2;214;255;255m[48;2;202;255;255m▀[0m[38;2;255;255;255m[48;2;255;255;255m▀[0m[38;2;255;255;255m[48;2;255;255;255m▀[0m[38;2;202;255;255m[48;2;208;255;255m▀[0m[38;2;250;255;255m[48;2;215;255;255m▀[0m[38;2;255;255;255m[48;2;255;255;255m▀[0m[38;2;73;208;180m[48;2;109;169;157m▀[0m[38;2;129;234;220m[48;2;0;0;0m▀[0m[38;2;192;255;255m[48;2;0;8;10m▀[0m[38;2;7;91;89m[48;2;53;106;102m▀[0m[38;2;140;255;255m[48;2;255;255;255m▀[0m[38;2;191;255;255m[48;2;203;255;255m▀[0m[38;2;255;255;255m[48;2;246;255;255m▀[0m[38;2;244;255;255m[48;2;255;255;255m▀[0m[38;2;224;255;255m[48;2;219;255;255m▀[0m[38;2;224;255;255m[48;2;225;255;255m▀[0m[38;2;236;255;255m[48;2;247;255;255m▀[0m[38;2;156;240;229m[48;2;129;237;220m▀[0m[38;2;169;255;255m[48;2;168;255;255m▀[0m[38;2;255;141;145m[48;2;255;0;0m▀[0m[38;2;255;215;218m[48;2;255;78;75m▀[0m[38;2;255;255;255m[48;2;255;255;255m▀[0m[38;2;255;255;255m[48;2;255;212;208m▀[0m[38;2;255;245;241m[48;2;255;0;0m▀[0m[38;2;255;0;0m[48;2;255;251;242m▀[0m[38;2;255;255;250m[48;2;255;255;255m▀[0m[38;2;255;255;255m[48;2;255;255;255m▀[0m[38;2;255;255;255m[48;2;255;255;255m▀[0m[38;2;255;255;255m[48;2;255;255;255m▀[0m[38;2;255;255;255m[48;2;255;255;255m▀[0m[38;2;255;255;255m[48;2;255;255;255m▀[0m[38;2;255;255;255m[48;2;255;255;255m▀[0m[38;2;255;255;255m[48;2;255;255;255m▀[0m[38;2;255;255;255m[48;2;255;255;255m▀[0m[38;2;255;255;255m[48;2;255;255;255m▀[0m[38;2;255;255;255m[48;2;255;255;255m▀[0m[38;2;255;255;255m[48;2;255;255;255m▀[0m[38;2;255;255;255m[48;2;255;255;255m▀[0m[38;2;255;255;255m[48;2;255;255;255m▀[0m[38;2;255;255;255m[48;2;255;255;255m▀[0m[38;2;255;255;255m[48;2;255;255;255m▀[0m[38;2;255;255;255m[48;2;255;255;255m▀[0m[38;2;255;255;255m[48;2;255;255;255m▀[0m[38;2;255;255;255m[48;2;255;255;255m▀[0m[38;2;255;255;255m[48;2;255;255;255m▀[0m
[38;2;255;255;255m[48;2;255;255;255m▀[0m[38;2;255;255;255m[48;2;255;255;255m▀[0m[38;2;255;255;255m[48;2;255;255;255m▀[0m[38;2;255;255;255m[48;2;255;255;255m▀[0m[38;2;255;255;255m[48;2;255;255;255m▀[0m[38;2;255;255;255m[48;2;255;255;255m▀[0m[38;2;255;255;255m[48;2;255;255;255m▀[0m[38;2;255;255;255m[48;2;255;255;255m▀[0m[38;2;255;255;255m[48;2;255;255;255m▀[0m[38;2;255;255;255m[48;2;255;255;255m▀[0m[38;2;255;255;255m[48;2;255;255;255m▀[0m[38;2;255;24;32m[48;2;255;255;255m▀[0m[38;2;255;0;0m[48;2;255;202;207m▀[0m[38;2;255;255;255m[48;2;255;255;255m▀[0m[38;2;255;255;255m[48;2;255;255;255m▀[0m[38;2;255;255;255m[48;2;255;255;255m▀[0m[38;2;255;255;255m[48;2;255;255;255m▀[0m[38;2;255;255;255m[48;2;255;255;255m▀[0m[38;2;255;255;255m[48;2;255;255;255m▀[0m[38;2;255;255;255m[48;2;255;255;255m▀[0m[38;2;255;255;255m[48;2;255;255;255m▀[0m[38;2;255;255;255m[48;2;255;255;255m▀[0m[38;2;255;255;255m[48;2;255;255;255m▀[0m[38;2;255;255;255m[48;2;255;255;255m▀[0m[38;2;255;255;255m[48;2;255;255;255m▀[0m[38;2;255;0;0m[48;2;255;255;255m▀[0m[38;2;255;0;0m[48;2;255;255;255m▀[0m[38;2;255;255;255m[48;2;255;255;255m▀[0m[38;2;223;236;240m[48;2;255;255;255m▀[0m[38;2;135;192;186m[48;2;117;159;152m▀[0m[38;2;250;255;255m[48;2;248;255;255m▀[0m[38;2;201;255;255m[48;2;198;255;255m▀[0m[38;2;255;255;255m[48;2;255;255;255m▀[0m[38;2;255;255;255m[48;2;255;255;255m▀[0m[38;2;237;255;255m[48;2;254;255;255m▀[0m[38;2;201;255;255m[48;2;201;255;255m▀[0m[38;2;255;255;255m[48;2;246;255;255m▀[0m[38;2;147;173;168m[48;2;86;119;108m▀[0m[38;2;73;151;136m[48;2;108;183;165m▀[0m[38;2;62;101;95m[48;2;98;141;131m▀[0m[38;2;125;185;172m[48;2;100;139;128m▀[0m[38;2;251;255;255m[48;2;201;255;255m▀[0m[38;2;186;255;252m[48;2;192;255;255m▀[0m[38;2;255;255;255m[48;2;255;255;255m▀[0m[38;2;255;255;255m[48;2;255;255;255m▀[0m[38;2;228;255;255m[48;2;211;255;255m▀[0m[38;2;213;255;255m[48;2;215;255;255m▀[0m[38;2;251;255;255m[48;2;246;255;255m▀[0m[38;2;90;250;240m[48;2;58;244;241m▀[0m[38;2;223;224;217m[48;2;255;117;103m▀[0m[38;2;255;0;0m[48;2;255;0;0m▀[0m[38;2;255;0;0m[48;2;255;0;0m▀[0m[38;2;255;0;0m[48;2;255;0;0m▀[0m[38;2;255;0;0m[48;2;255;58;50m▀[0m[38;2;255;203;197m[48;2;255;255;255m▀[0m[38;2;255;255;255m[48;2;255;255;255m▀[0m[38;2;255;255;255m[48;2;255;255;255m▀[0m[38;2;255;255;255m[48;2;255;255;255m▀[0m[38;2;255;255;255m[48;2;255;255;255m▀[0m[38;2;255;255;255m[48;2;255;255;255m▀[0m[38;2;255;255;255m[48;2;255;255;255m▀[0m[38;2;255;255;255m[48;2;255;255;255m▀[0m[38;2;255;255;255m[48;2;255;255;255m▀[0m[38;2;255;255;255m[48;2;255;255;255m▀[0m[38;2;255;255;255m[48;2;255;255;255m▀[0m[38;2;255;255;255m[48;2;255;255;255m▀[0m[38;2;255;255;255m[48;2;255;255;255m▀[0m[38;2;255;255;255m[48;2;255;255;255m▀[0m[38;2;255;255;255m[48;2;255;255;255m▀[0m[38;2;255;255;255m[48;2;255;255;255m▀[0m[38;2;255;255;255m[48;2;255;255;255m▀[0m[38;2;255;255;255m[48;2;255;255;255m▀[0m[38;2;255;255;255m[48;2;255;255;255m▀[0m[38;2;255;255;255m[48;2;255;255;255m▀[0m[38;2;255;255;255m[48;2;255;255;255m▀[0m[38;2;255;255;255m[48;2;255;255;255m▀[0m
[38;2;255;255;255m[48;2;255;255;255m▀[0m[38;2;255;255;255m[48;2;255;255;255m▀[0m[38;2;255;255;255m[48;2;255;255;255m▀[0m[38;2;255;255;255m[48;2;255;255;255m▀[0m[38;2;255;255;255m[48;2;255;255;255m▀[0m[38;2;255;255;255m[48;2;255;255;255m▀[0m[38;2;255;255;255m[48;2;255;255;255m▀[0m[38;2;255;255;255m[48;2;255;255;255m▀[0m[38;2;255;255;255m[48;2;255;255;255m▀[0m[38;2;255;255;255m[48;2;255;255;255m▀[0m[38;2;255;255;255m[48;2;255;255;255m▀[0m[38;2;255;255;255m[48;2;255;255;255m▀[0m[38;2;255;255;255m[48;2;255;255;255m▀[0m[38;2;255;255;255m[48;2;255;255;255m▀[0m[38;2;255;255;255m[48;2;255;255;255m▀[0m[38;2;255;255;255m[48;2;255;255;255m▀[0m[38;2;255;255;255m[48;2;255;255;255m▀[0m[38;2;255;255;255m[48;2;255;255;255m▀[0m[38;2;255;255;255m[48;2;255;255;255m▀[0m[38;2;255;255;255m[48;2;255;255;255m▀[0m[38;2;255;255;255m[48;2;255;255;255m▀[0m[38;2;255;255;255m[48;2;255;255;255m▀[0m[38;2;255;255;255m[48;2;255;255;255m▀[0m[38;2;255;255;255m[48;2;255;255;255m▀[0m[38;2;255;255;255m[48;2;255;255;255m▀[0m[38;2;255;255;255m[48;2;255;255;255m▀[0m[38;2;255;255;255m[48;2;255;255;255m▀[0m[38;2;255;255;255m[48;2;255;255;255m▀[0m[38;2;255;255;255m[48;2;255;255;255m▀[0m[38;2;108;134;131m[48;2;164;174;173m▀[0m[38;2;218;255;255m[48;2;161;239;226m▀[0m[38;2;212;255;255m[48;2;233;255;255m▀[0m[38;2;225;255;255m[48;2;209;255;255m▀[0m[38;2;255;255;255m[48;2;245;255;255m▀[0m[38;2;230;255;255m[48;2;244;255;255m▀[0m[38;2;226;255;255m[48;2;231;255;255m▀[0m[38;2;126;186;172m[48;2;93;140;128m▀[0m[38;2;111;178;163m[48;2;175;255;255m▀[0m[38;2;104;174;161m[48;2;197;235;225m▀[0m[38;2;82;120;119m[48;2;132;156;152m▀[0m[38;2;163;209;197m[48;2;250;255;255m▀[0m[38;2;86;131;124m[48;2;43;65;61m▀[0m[38;2;219;255;255m[48;2;211;255;255m▀[0m[38;2;225;255;255m[48;2;251;255;255m▀[0m[38;2;255;255;255m[48;2;234;255;255m▀[0m[38;2;197;255;255m[48;2;207;255;255m▀[0m[38;2;222;255;255m[48;2;237;255;255m▀[0m[38;2;203;255;255m[48;2;131;255;255m▀[0m[38;2;36;230;220m[48;2;115;175;163m▀[0m[38;2;255;29;20m[48;2;255;0;0m▀[0m[38;2;255;0;0m[48;2;255;0;0m▀[0m[38;2;255;0;0m[48;2;255;0;0m▀[0m[38;2;255;0;0m[48;2;255;113;120m▀[0m[38;2;255;255;255m[48;2;255;255;255m▀[0m[38;2;255;255;255m[48;2;255;255;255m▀[0m[38;2;255;255;255m[48;2;255;255;255m▀[0m[38;2;255;255;255m[48;2;255;255;255m▀[0m[38;2;255;255;255m[48;2;255;255;255m▀[0m[38;2;255;255;255m[48;2;255;255;255m▀[0m[38;2;255;255;255m[48;2;255;255;255m▀[0m[38;2;255;255;255m[48;2;255;255;255m▀[0m[38;2;255;255;255m[48;2;255;255;255m▀[0m[38;2;255;255;255m[48;2;255;255;255m▀[0m[38;2;255;255;255m[48;2;255;255;255m▀[0m[38;2;255;255;255m[48;2;255;255;255m▀[0m[38;2;255;255;255m[48;2;255;255;255m▀[0m[38;2;255;255;255m[48;2;255;255;255m▀[0m[38;2;255;255;255m[48;2;255;255;255m▀[0m[38;2;255;255;255m[48;2;255;255;255m▀[0m[38;2;255;255;255m[48;2;255;255;255m▀[0m[38;2;255;255;255m[48;2;255;255;255m▀[0m[38;2;255;255;255m[48;2;255;255;255m▀[0m[38;2;255;255;255m[48;2;255;255;255m▀[0m[38;2;255;255;255m[48;2;255;255;255m▀[0m[38;2;255;255;255m[48;2;255;255;255m▀[0m[38;2;255;255;255m[48;2;255;255;255m▀[0m
[38;2;255;255;255m[48;2;255;255;255m▀[0m[38;2;255;255;255m[48;2;255;255;255m▀[0m[38;2;255;255;255m[48;2;255;255;255m▀[0m[38;2;255;255;255m[48;2;255;255;255m▀[0m[38;2;255;255;255m[48;2;255;255;255m▀[0m[38;2;255;255;255m[48;2;255;255;255m▀[0m[38;2;255;255;255m[48;2;255;255;255m▀[0m[38;2;255;255;255m[48;2;255;255;255m▀[0m[38;2;255;255;255m[48;2;255;255;255m▀[0m[38;2;255;255;255m[48;2;255;255;255m▀[0m[38;2;255;255;255m[48;2;255;255;255m▀[0m[38;2;255;255;255m[48;2;255;255;255m▀[0m[38;2;255;255;255m[48;2;255;255;255m▀[0m[38;2;255;255;255m[48;2;255;255;255m▀[0m[38;2;255;255;255m[48;2;255;255;255m▀[0m[38;2;255;255;255m[48;2;255;255;255m▀[0m[38;2;255;255;255m[48;2;255;255;255m▀[0m[38;2;255;255;255m[48;2;255;255;255m▀[0m[38;2;255;255;255m[48;2;255;255;255m▀[0m[38;2;255;255;255m[48;2;255;255;255m▀[0m[38;2;255;255;255m[48;2;255;255;255m▀[0m[38;2;255;255;255m[48;2;255;255;255m▀[0m[38;2;255;255;255m[48;2;255;255;255m▀[0m[38;2;255;255;255m[48;2;255;255;255m▀[0m[38;2;255;255;255m[48;2;255;255;255m▀[0m[38;2;255;255;255m[48;2;255;255;255m▀[0m[38;2;255;255;255m[48;2;255;255;255m▀[0m[38;2;255;255;255m[48;2;255;255;255m▀[0m[38;2;255;255;255m[48;2;255;255;255m▀[0m[38;2;255;255;255m[48;2;255;255;255m▀[0m[38;2;135;206;197m[48;2;255;52;34m▀[0m[38;2;231;255;255m[48;2;244;229;209m▀[0m[38;2;215;255;255m[48;2;219;255;255m▀[0m[38;2;226;255;255m[48;2;218;255;255m▀[0m[38;2;255;255;255m[48;2;215;255;255m▀[0m[38;2;231;255;255m[48;2;218;255;255m▀[0m[38;2;148;202;191m[48;2;226;255;255m▀[0m[38;2;126;206;191m[48;2;115;176;159m▀[0m[38;2;95;111;103m[48;2;0;0;0m▀[0m[38;2;68;73;68m[48;2;9;14;9m▀[0m[38;2;197;255;255m[48;2;146;198;187m▀[0m[38;2;87;128;123m[48;2;175;246;230m▀[0m[38;2;224;255;255m[48;2;230;255;255m▀[0m[38;2;255;255;255m[48;2;206;255;255m▀[0m[38;2;255;255;255m[48;2;218;255;255m▀[0m[38;2;209;255;255m[48;2;220;255;255m▀[0m[38;2;246;255;255m[48;2;201;255;255m▀[0m[38;2;58;255;255m[48;2;179;212;201m▀[0m[38;2;255;14;9m[48;2;255;0;0m▀[0m[38;2;255;0;0m[48;2;255;0;0m▀[0m[38;2;255;0;0m[48;2;255;0;0m▀[0m[38;2;255;0;0m[48;2;255;4;6m▀[0m[38;2;255;255;255m[48;2;255;255;255m▀[0m[38;2;255;255;255m[48;2;255;255;255m▀[0m[38;2;255;255;255m[48;2;255;255;255m▀[0m[38;2;255;255;255m[48;2;255;255;255m▀[0m[38;2;255;255;255m[48;2;255;255;255m▀[0m[38;2;255;255;255m[48;2;255;255;255m▀[0m[38;2;255;255;255m[48;2;255;255;255m▀[0m[38;2;255;255;255m[48;2;255;255;255m▀[0m[38;2;255;255;255m[48;2;255;255;255m▀[0m[38;2;255;255;255m[48;2;255;255;255m▀[0m[38;2;255;255;255m[48;2;255;255;255m▀[0m[38;2;255;255;255m[48;2;255;255;255m▀[0m[38;2;255;255;255m[48;2;255;255;255m▀[0m[38;2;255;255;255m[48;2;255;255;255m▀[0m[38;2;255;255;255m[48;2;255;255;255m▀[0m[38;2;255;255;255m[48;2;255;255;255m▀[0m[38;2;255;255;255m[48;2;255;255;255m▀[0m[38;2;255;255;255m[48;2;255;255;255m▀[0m[38;2;255;255;255m[48;2;255;255;255m▀[0m[38;2;255;255;255m[48;2;255;255;255m▀[0m[38;2;255;255;255m[48;2;255;255;255m▀[0m[38;2;255;255;255m[48;2;255;255;255m▀[0m[38;2;255;255;255m[48;2;255;255;255m▀[0m[38;2;255;255;255m[48;2;255;255;255m▀[0m
[38;2;255;255;255m[48;2;255;255;255m▀[0m[38;2;255;255;255m[48;2;255;255;255m▀[0m[38;2;255;255;255m[48;2;255;255;255m▀[0m[38;2;255;255;255m[48;2;255;255;255m▀[0m[38;2;255;255;255m[48;2;255;255;255m▀[0m[38;2;255;255;255m[48;2;255;255;255m▀[0m[38;2;255;255;255m[48;2;255;255;255m▀[0m[38;2;255;255;255m[48;2;255;255;255m▀[0m[38;2;255;255;255m[48;2;255;255;255m▀[0m[38;2;255;255;255m[48;2;255;255;255m▀[0m[38;2;255;255;255m[48;2;255;255;255m▀[0m[38;2;255;255;255m[48;2;255;255;255m▀[0m[38;2;255;255;255m[48;2;255;255;255m▀[0m[38;2;255;255;255m[48;2;255;255;255m▀[0m[38;2;255;255;255m[48;2;255;255;255m▀[0m[38;2;255;255;255m[48;2;255;255;255m▀[0m[38;2;255;255;255m[48;2;255;255;255m▀[0m[38;2;255;255;255m[48;2;255;255;255m▀[0m[38;2;255;255;255m[48;2;255;255;255m▀[0m[38;2;255;255;255m[48;2;255;255;255m▀[0m[38;2;255;255;255m[48;2;255;255;255m▀[0m[38;2;255;255;255m[48;2;255;255;255m▀[0m[38;2;255;255;255m[48;2;255;255;255m▀[0m[38;2;255;255;255m[48;2;255;255;255m▀[0m[38;2;255;255;255m[48;2;255;255;255m▀[0m[38;2;255;255;255m[48;2;255;255;255m▀[0m[38;2;255;255;255m[48;2;255;255;255m▀[0m[38;2;255;255;255m[48;2;255;255;255m▀[0m[38;2;255;255;255m[48;2;255;255;255m▀[0m[38;2;255;255;255m[48;2;255;255;255m▀[0m[38;2;255;119;119m[48;2;255;255;255m▀[0m[38;2;255;28;12m[48;2;255;0;0m▀[0m[38;2;208;255;255m[48;2;184;255;255m▀[0m[38;2;217;255;255m[48;2;209;255;255m▀[0m[38;2;213;255;255m[48;2;215;255;255m▀[0m[38;2;215;255;255m[48;2;220;255;255m▀[0m[38;2;255;255;255m[48;2;252;255;255m▀[0m[38;2;186;251;237m[48;2;223;255;255m▀[0m[38;2;0;0;0m[48;2;0;0;0m▀[0m[38;2;9;12;17m[48;2;34;78;86m▀[0m[38;2;134;186;180m[48;2;198;255;255m▀[0m[38;2;246;255;255m[48;2;250;255;255m▀[0m[38;2;209;255;255m[48;2;209;255;255m▀[0m[38;2;206;255;255m[48;2;215;255;255m▀[0m[38;2;214;255;255m[48;2;213;255;255m▀[0m[38;2;215;255;255m[48;2;213;255;255m▀[0m[38;2;180;255;255m[48;2;223;157;162m▀[0m[38;2;255;0;0m[48;2;255;0;0m▀[0m[38;2;255;0;0m[48;2;255;0;0m▀[0m[38;2;255;0;0m[48;2;255;0;0m▀[0m[38;2;255;0;0m[48;2;255;0;0m▀[0m[38;2;255;189;184m[48;2;255;255;255m▀[0m[38;2;255;255;255m[48;2;255;255;255m▀[0m[38;2;255;255;255m[48;2;255;255;255m▀[0m[38;2;255;255;255m[48;2;255;255;255m▀[0m[38;2;255;255;255m[48;2;255;255;255m▀[0m[38;2;255;255;255m[48;2;255;255;255m▀[0m[38;2;255;255;255m[48;2;255;255;255m▀[0m[38;2;255;255;255m[48;2;255;255;255m▀[0m[38;2;255;255;255m[48;2;255;255;255m▀[0m[38;2;255;255;255m[48;2;255;255;255m▀[0m[38;2;255;255;255m[48;2;255;255;255m▀[0m[38;2;255;255;255m[48;2;255;255;255m▀[0m[38;2;255;255;255m[48;2;255;255;255m▀[0m[38;2;255;255;255m[48;2;255;255;255m▀[0m[38;2;255;255;255m[48;2;255;255;255m▀[0m[38;2;255;255;255m[48;2;255;255;255m▀[0m[38;2;255;255;255m[48;2;255;255;255m▀[0m[38;2;255;255;255m[48;2;255;255;255m▀[0m[38;2;255;255;255m[48;2;255;255;255m▀[0m[38;2;255;255;255m[48;2;255;255;255m▀[0m[38;2;255;255;255m[48;2;255;255;255m▀[0m[38;2;255;255;255m[48;2;255;255;255m▀[0m[38;2;255;255;255m[48;2;255;255;255m▀[0m[38;2;255;255;255m[48;2;255;255;255m▀[0m[38;2;255;255;255m[48;2;255;255;255m▀[0m
[38;2;255;255;255m[48;2;255;255;255m▀[0m[38;2;255;255;255m[48;2;255;255;255m▀[0m[38;2;255;255;255m[48;2;255;255;255m▀[0m[38;2;255;255;255m[48;2;255;255;255m▀[0m[38;2;255;255;255m[48;2;255;255;255m▀[0m[38;2;255;255;255m[48;2;255;255;255m▀[0m[38;2;255;255;255m[48;2;255;255;255m▀[0m[38;2;255;255;255m[48;2;255;255;255m▀[0m[38;2;255;255;255m[48;2;255;255;255m▀[0m[38;2;255;255;255m[48;2;255;255;255m▀[0m[38;2;255;255;255m[48;2;255;255;255m▀[0m[38;2;255;255;255m[48;2;255;255;255m▀[0m[38;2;255;255;255m[48;2;255;255;255m▀[0m[38;2;255;255;255m[48;2;255;255;255m▀[0m[38;2;255;255;255m[48;2;255;255;255m▀[0m[38;2;255;255;255m[48;2;255;255;255m▀[0m[38;2;255;255;255m[48;2;255;255;255m▀[0m[38;2;255;255;255m[48;2;255;255;255m▀[0m[38;2;255;255;255m[48;2;255;255;255m▀[0m[38;2;255;255;255m[48;2;255;255;255m▀[0m[38;2;255;255;255m[48;2;255;255;255m▀[0m[38;2;255;255;255m[48;2;255;255;255m▀[0m[38;2;255;255;255m[48;2;255;255;255m▀[0m[38;2;255;255;255m[48;2;255;255;255m▀[0m[38;2;255;255;255m[48;2;255;255;255m▀[0m[38;2;255;255;255m[48;2;255;255;255m▀[0m[38;2;255;255;255m[48;2;255;255;255m▀[0m[38;2;255;255;255m[48;2;255;255;255m▀[0m[38;2;255;255;255m[48;2;255;255;255m▀[0m[38;2;255;255;255m[48;2;255;255;255m▀[0m[38;2;255;255;255m[48;2;255;255;255m▀[0m[38;2;255;0;0m[48;2;255;68;68m▀[0m[38;2;235;90;65m[48;2;255;0;0m▀[0m[38;2;220;255;255m[48;2;163;255;255m▀[0m[38;2;215;255;255m[48;2;245;255;255m▀[0m[38;2;225;255;255m[48;2;209;255;255m▀[0m[38;2;253;255;255m[48;2;248;255;255m▀[0m[38;2;209;255;255m[48;2;165;226;214m▀[0m[38;2;0;0;0m[48;2;0;10;0m▀[0m[38;2;75;146;141m[48;2;61;98;93m▀[0m[38;2;162;201;196m[48;2;156;189;184m▀[0m[38;2;237;255;255m[48;2;215;255;255m▀[0m[38;2;215;255;255m[48;2;224;255;255m▀[0m[38;2;217;255;255m[48;2;214;255;255m▀[0m[38;2;239;255;255m[48;2;252;255;255m▀[0m[38;2;157;255;255m[48;2;3;46;43m▀[0m[38;2;141;0;0m[48;2;219;255;255m▀[0m[38;2;255;235;236m[48;2;255;255;255m▀[0m[38;2;255;213;211m[48;2;255;255;255m▀[0m[38;2;255;0;0m[48;2;255;63;61m▀[0m[38;2;255;0;0m[48;2;255;0;0m▀[0m[38;2;255;255;255m[48;2;255;255;255m▀[0m[38;2;255;255;255m[48;2;255;255;255m▀[0m[38;2;255;255;255m[48;2;255;255;255m▀[0m[38;2;255;255;255m[48;2;255;255;255m▀[0m[38;2;255;255;255m[48;2;255;255;255m▀[0m[38;2;255;255;255m[48;2;255;255;255m▀[0m[38;2;255;255;255m[48;2;255;255;255m▀[0m[38;2;255;255;255m[48;2;255;255;255m▀[0m[38;2;255;255;255m[48;2;255;255;255m▀[0m[38;2;255;255;255m[48;2;255;255;255m▀[0m[38;2;255;255;255m[48;2;255;255;255m▀[0m[38;2;255;255;255m[48;2;255;255;255m▀[0m[38;2;255;255;255m[48;2;255;255;255m▀[0m[38;2;255;255;255m[48;2;255;255;255m▀[0m[38;2;255;255;255m[48;2;255;255;255m▀[0m[38;2;255;255;255m[48;2;255;255;255m▀[0m[38;2;255;255;255m[48;2;255;255;255m▀[0m[38;2;255;255;255m[48;2;255;255;255m▀[0m[38;2;255;255;255m[48;2;255;255;255m▀[0m[38;2;255;255;255m[48;2;255;255;255m▀[0m[38;2;255;255;255m[48;2;255;255;255m▀[0m[38;2;255;255;255m[48;2;255;255;255m▀[0m[38;2;255;255;255m[48;2;255;255;255m▀[0m[38;2;255;255;255m[48;2;255;255;255m▀[0m[38;2;255;255;255m[48;2;255;255;255m▀[0m
[38;2;255;255;255m[48;2;255;255;255m▀[0m[38;2;255;255;255m[48;2;255;255;255m▀[0m[38;2;255;255;255m[48;2;255;255;255m▀[0m[38;2;255;255;255m[48;2;255;255;255m▀[0m[38;2;255;255;255m[48;2;255;255;255m▀[0m[38;2;255;255;255m[48;2;255;255;255m▀[0m[38;2;255;255;255m[48;2;255;255;255m▀[0m[38;2;255;255;255m[48;2;255;255;255m▀[0m[38;2;255;255;255m[48;2;255;255;255m▀[0m[38;2;255;255;255m[48;2;255;255;255m▀[0m[38;2;255;255;255m[48;2;255;255;255m▀[0m[38;2;255;255;255m[48;2;255;255;255m▀[0m[38;2;255;255;255m[48;2;255;255;255m▀[0m[38;2;255;255;255m[48;2;255;255;255m▀[0m[38;2;255;255;255m[48;2;255;255;255m▀[0m[38;2;255;255;255m[48;2;255;255;255m▀[0m[38;2;255;255;255m[48;2;255;255;255m▀[0m[38;2;255;255;255m[48;2;255;255;255m▀[0m[38;2;255;255;255m[48;2;255;255;255m▀[0m[38;2;255;255;255m[48;2;255;255;255m▀[0m[38;2;255;255;255m[48;2;255;255;255m▀[0m[38;2;255;255;255m[48;2;255;255;255m▀[0m[38;2;255;255;255m[48;2;255;255;255m▀[0m[38;2;255;255;255m[48;2;255;255;255m▀[0m[38;2;255;255;255m[48;2;255;255;255m▀[0m[38;2;255;255;255m[48;2;255;255;255m▀[0m[38;2;255;255;255m[48;2;255;255;255m▀[0m[38;2;255;255;255m[48;2;255;255;255m▀[0m[38;2;255;255;255m[48;2;255;255;255m▀[0m[38;2;255;255;255m[48;2;255;255;255m▀[0m[38;2;255;255;255m[48;2;255;255;255m▀[0m[38;2;255;122;115m[48;2;255;106;101m▀[0m[38;2;255;0;0m[48;2;255;0;0m▀[0m[38;2;9;98;93m[48;2;46;126;130m▀[0m[38;2;255;255;255m[48;2;240;255;255m▀[0m[38;2;228;255;255m[48;2;245;255;255m▀[0m[38;2;255;255;255m[48;2;255;255;255m▀[0m[38;2;104;157;146m[48;2;191;240;226m▀[0m[38;2;213;218;214m[48;2;143;139;139m▀[0m[38;2;189;234;234m[48;2;159;183;183m▀[0m[38;2;119;157;156m[48;2;128;168;162m▀[0m[38;2;253;255;255m[48;2;255;255;255m▀[0m[38;2;228;255;255m[48;2;219;255;255m▀[0m[38;2;236;255;255m[48;2;255;255;255m▀[0m[38;2;151;215;202m[48;2;108;131;122m▀[0m[38;2;0;0;0m[48;2;80;84;84m▀[0m[38;2;255;255;255m[48;2;255;255;255m▀[0m[38;2;255;255;255m[48;2;255;255;255m▀[0m[38;2;255;255;255m[48;2;255;255;255m▀[0m[38;2;255;215;211m[48;2;255;255;255m▀[0m[38;2;255;0;0m[48;2;255;0;0m▀[0m[38;2;255;255;255m[48;2;255;255;255m▀[0m[38;2;255;255;255m[48;2;255;255;255m▀[0m[38;2;255;255;255m[48;2;255;255;255m▀[0m[38;2;255;255;255m[48;2;255;255;255m▀[0m[38;2;255;255;255m[48;2;255;255;255m▀[0m[38;2;255;255;255m[48;2;255;255;255m▀[0m[38;2;255;255;255m[48;2;255;255;255m▀[0m[38;2;255;255;255m[48;2;255;255;255m▀[0m[38;2;255;255;255m[48;2;255;255;255m▀[0m[38;2;255;255;255m[48;2;255;255;255m▀[0m[38;2;255;255;255m[48;2;255;255;255m▀[0m[38;2;255;255;255m[48;2;255;255;255m▀[0m[38;2;255;255;255m[48;2;255;255;255m▀[0m[38;2;255;255;255m[48;2;255;255;255m▀[0m[38;2;255;255;255m[48;2;255;255;255m▀[0m[38;2;255;255;255m[48;2;255;255;255m▀[0m[38;2;255;255;255m[48;2;255;255;255m▀[0m[38;2;255;255;255m[48;2;255;255;255m▀[0m[38;2;255;255;255m[48;2;255;255;255m▀[0m[38;2;255;255;255m[48;2;255;255;255m▀[0m[38;2;255;255;255m[48;2;255;255;255m▀[0m[38;2;255;255;255m[48;2;255;255;255m▀[0m[38;2;255;255;255m[48;2;255;255;255m▀[0m[38;2;255;255;255m[48;2;255;255;255m▀[0m[38;2;255;255;255m[48;2;255;255;255m▀[0m
[38;2;255;255;255m[48;2;255;255;255m▀[0m[38;2;255;255;255m[48;2;255;255;255m▀[0m[38;2;255;255;255m[48;2;255;255;255m▀[0m[38;2;255;255;255m[48;2;255;255;255m▀[0m[38;2;255;255;255m[48;2;255;255;255m▀[0m[38;2;255;255;255m[48;2;255;255;255m▀[0m[38;2;255;255;255m[48;2;255;255;255m▀[0m[38;2;255;255;255m[48;2;255;255;255m▀[0m[38;2;255;255;255m[48;2;255;255;255m▀[0m[38;2;255;255;255m[48;2;255;255;255m▀[0m[38;2;255;255;255m[48;2;255;255;255m▀[0m[38;2;255;255;255m[48;2;255;255;255m▀[0m[38;2;255;255;255m[48;2;255;255;255m▀[0m[38;2;255;255;255m[48;2;255;255;255m▀[0m[38;2;255;255;255m[48;2;255;255;255m▀[0m[38;2;255;255;255m[48;2;255;255;255m▀[0m[38;2;255;255;255m[48;2;255;255;255m▀[0m[38;2;255;255;255m[48;2;255;255;255m▀[0m[38;2;255;255;255m[48;2;255;255;255m▀[0m[38;2;255;255;255m[48;2;255;255;255m▀[0m[38;2;255;255;255m[48;2;255;255;255m▀[0m[38;2;255;255;255m[48;2;255;255;255m▀[0m[38;2;255;255;255m[48;2;255;255;255m▀[0m[38;2;255;255;255m[48;2;255;255;255m▀[0m[38;2;255;255;255m[48;2;255;255;255m▀[0m[38;2;255;255;255m[48;2;255;255;255m▀[0m[38;2;255;255;255m[48;2;255;255;255m▀[0m[38;2;255;255;255m[48;2;255;255;255m▀[0m[38;2;255;255;255m[48;2;255;255;255m▀[0m[38;2;255;255;255m[48;2;255;255;255m▀[0m[38;2;255;255;255m[48;2;255;255;255m▀[0m[38;2;255;86;79m[48;2;255;43;37m▀[0m[38;2;255;0;0m[48;2;255;0;0m▀[0m[38;2;223;255;255m[48;2;255;255;255m▀[0m[38;2;255;255;255m[48;2;255;255;255m▀[0m[38;2;255;255;255m[48;2;255;255;255m▀[0m[38;2;244;255;255m[48;2;240;255;255m▀[0m[38;2;255;255;255m[48;2;211;255;255m▀[0m[38;2;248;251;253m[48;2;255;255;255m▀[0m[38;2;206;183;191m[48;2;255;255;255m▀[0m[38;2;255;255;255m[48;2;239;255;255m▀[0m[38;2;230;255;255m[48;2;215;255;255m▀[0m[38;2;251;255;255m[48;2;225;255;255m▀[0m[38;2;255;255;255m[48;2;234;255;255m▀[0m[38;2;195;228;217m[48;2;228;255;255m▀[0m[38;2;236;239;239m[48;2;255;255;255m▀[0m[38;2;255;255;255m[48;2;255;255;255m▀[0m[38;2;255;255;255m[48;2;255;255;255m▀[0m[38;2;255;255;255m[48;2;255;255;255m▀[0m[38;2;255;255;255m[48;2;255;255;255m▀[0m[38;2;255;0;0m[48;2;255;0;0m▀[0m[38;2;255;255;255m[48;2;255;255;255m▀[0m[38;2;255;255;255m[48;2;255;255;255m▀[0m[38;2;255;255;255m[48;2;255;255;255m▀[0m[38;2;255;255;255m[48;2;255;255;255m▀[0m[38;2;255;255;255m[48;2;255;255;255m▀[0m[38;2;255;255;255m[48;2;255;255;255m▀[0m[38;2;255;255;255m[48;2;255;255;255m▀[0m[38;2;255;255;255m[48;2;255;255;255m▀[0m[38;2;255;255;255m[48;2;255;255;255m▀[0m[38;2;255;255;255m[48;2;255;255;255m▀[0m[38;2;255;255;255m[48;2;255;255;255m▀[0m[38;2;255;255;255m[48;2;255;255;255m▀[0m[38;2;255;255;255m[48;2;255;255;255m▀[0m[38;2;255;255;255m[48;2;255;255;255m▀[0m[38;2;255;255;255m[48;2;255;255;255m▀[0m[38;2;255;255;255m[48;2;255;255;255m▀[0m[38;2;255;255;255m[48;2;255;255;255m▀[0m[38;2;255;255;255m[48;2;255;255;255m▀[0m[38;2;255;255;255m[48;2;255;255;255m▀[0m[38;2;255;255;255m[48;2;255;255;255m▀[0m[38;2;255;255;255m[48;2;255;255;255m▀[0m[38;2;255;255;255m[48;2;255;255;255m▀[0m[38;2;255;255;255m[48;2;255;255;255m▀[0m[38;2;255;255;255m[48;2;255;255;255m▀[0m[38;2;255;255;255m[48;2;255;255;255m▀[0m
[38;2;255;255;255m[48;2;255;255;255m▀[0m[38;2;255;255;255m[48;2;255;255;255m▀[0m[38;2;255;255;255m[48;2;255;255;255m▀[0m[38;2;255;255;255m[48;2;255;255;255m▀[0m[38;2;255;255;255m[48;2;255;255;255m▀[0m[38;2;255;255;255m[48;2;255;255;255m▀[0m[38;2;255;255;255m[48;2;255;255;255m▀[0m[38;2;255;255;255m[48;2;255;255;255m▀[0m[38;2;255;255;255m[48;2;255;255;255m▀[0m[38;2;255;255;255m[48;2;255;255;255m▀[0m[38;2;255;255;255m[48;2;255;255;255m▀[0m[38;2;255;255;255m[48;2;255;255;255m▀[0m[38;2;255;255;255m[48;2;255;255;255m▀[0m[38;2;255;255;255m[48;2;255;255;255m▀[0m[38;2;255;255;255m[48;2;255;255;255m▀[0m[38;2;255;255;255m[48;2;255;255;255m▀[0m[38;2;255;255;255m[48;2;255;255;255m▀[0m[38;2;255;255;255m[48;2;255;255;255m▀[0m[38;2;255;255;255m[48;2;255;255;255m▀[0m[38;2;255;255;255m[48;2;255;255;255m▀[0m[38;2;255;255;255m[48;2;255;255;255m▀[0m[38;2;255;255;255m[48;2;255;255;255m▀[0m[38;2;255;255;255m[48;2;255;255;255m▀[0m[38;2;255;255;255m[48;2;255;255;255m▀[0m[38;2;255;255;255m[48;2;255;255;255m▀[0m[38;2;255;255;255m[48;2;255;255;255m▀[0m[38;2;255;255;255m[48;2;255;255;255m▀[0m[38;2;255;255;255m[48;2;255;255;255m▀[0m[38;2;255;255;255m[48;2;255;255;255m▀[0m[38;2;255;255;255m[48;2;255;255;255m▀[0m[38;2;255;255;255m[48;2;255;255;255m▀[0m[38;2;255;230;230m[48;2;230;255;255m▀[0m[38;2;255;209;208m[48;2;253;255;255m▀[0m[38;2;230;255;255m[48;2;255;255;255m▀[0m[38;2;226;255;255m[48;2;255;255;255m▀[0m[38;2;255;255;255m[48;2;255;255;255m▀[0m[38;2;255;255;255m[48;2;255;255;255m▀[0m[38;2;255;255;255m[48;2;255;255;255m▀[0m[38;2;255;255;255m[48;2;255;255;255m▀[0m[38;2;255;255;255m[48;2;255;255;255m▀[0m[38;2;255;255;255m[48;2;255;255;255m▀[0m[38;2;255;255;255m[48;2;255;255;255m▀[0m[38;2;255;255;255m[48;2;255;255;255m▀[0m[38;2;251;255;255m[48;2;255;255;255m▀[0m[38;2;214;255;255m[48;2;255;255;255m▀[0m[38;2;224;255;255m[48;2;242;255;255m▀[0m[38;2;255;255;255m[48;2;236;255;255m▀[0m[38;2;255;255;255m[48;2;255;255;255m▀[0m[38;2;255;255;255m[48;2;255;255;255m▀[0m[38;2;255;253;250m[48;2;255;255;255m▀[0m[38;2;255;0;0m[48;2;255;184;178m▀[0m[38;2;255;255;255m[48;2;255;255;255m▀[0m[38;2;255;255;255m[48;2;255;255;255m▀[0m[38;2;255;255;255m[48;2;255;255;255m▀[0m[38;2;255;255;255m[48;2;255;255;255m▀[0m[38;2;255;255;255m[48;2;255;255;255m▀[0m[38;2;255;255;255m[48;2;255;255;255m▀[0m[38;2;255;255;255m[48;2;255;255;255m▀[0m[38;2;255;255;255m[48;2;255;255;255m▀[0m[38;2;255;255;255m[48;2;255;255;255m▀[0m[38;2;255;255;255m[48;2;255;255;255m▀[0m[38;2;255;255;255m[48;2;255;255;255m▀[0m[38;2;255;255;255m[48;2;255;255;255m▀[0m[38;2;255;255;255m[48;2;255;255;255m▀[0m[38;2;255;255;255m[48;2;255;255;255m▀[0m[38;2;255;255;255m[48;2;255;255;255m▀[0m[38;2;255;255;255m[48;2;255;255;255m▀[0m[38;2;255;255;255m[48;2;255;255;255m▀[0m[38;2;255;255;255m[48;2;255;255;255m▀[0m[38;2;255;255;255m[48;2;255;255;255m▀[0m[38;2;255;255;255m[48;2;255;255;255m▀[0m[38;2;255;255;255m[48;2;255;255;255m▀[0m[38;2;255;255;255m[48;2;255;255;255m▀[0m[38;2;255;255;255m[48;2;255;255;255m▀[0m[38;2;255;255;255m[48;2;255;255;255m▀[0m[38;2;255;255;255m[48;2;255;255;255m▀[0m
[38;2;255;255;255m[48;2;255;255;255m▀[0m[38;2;255;255;255m[48;2;255;255;255m▀[0m[38;2;255;255;255m[48;2;255;255;255m▀[0m[38;2;255;255;255m[48;2;255;255;255m▀[0m[38;2;255;255;255m[48;2;255;255;255m▀[0m[38;2;255;255;255m[48;2;255;255;255m▀[0m[38;2;255;255;255m[48;2;255;255;255m▀[0m[38;2;255;255;255m[48;2;255;255;255m▀[0m[38;2;255;255;255m[48;2;255;255;255m▀[0m[38;2;255;255;255m[48;2;255;255;255m▀[0m[38;2;255;255;255m[48;2;255;255;255m▀[0m[38;2;255;255;255m[48;2;255;255;255m▀[0m[38;2;255;255;255m[48;2;255;255;255m▀[0m[38;2;255;255;255m[48;2;255;255;255m▀[0m[38;2;255;255;255m[48;2;255;255;255m▀[0m[38;2;255;255;255m[48;2;255;255;255m▀[0m[38;2;255;255;255m[48;2;255;255;255m▀[0m[38;2;255;255;255m[48;2;255;255;255m▀[0m[38;2;255;255;255m[48;2;255;255;255m▀[0m[38;2;255;255;255m[48;2;255;255;255m▀[0m[38;2;255;255;255m[48;2;255;255;255m▀[0m[38;2;255;255;255m[48;2;255;255;255m▀[0m[38;2;255;255;255m[48;2;255;255;255m▀[0m[38;2;255;255;255m[48;2;255;255;255m▀[0m[38;2;255;255;255m[48;2;255;255;255m▀[0m[38;2;255;255;255m[48;2;255;255;255m▀[0m[38;2;255;255;255m[48;2;255;255;255m▀[0m[38;2;255;255;255m[48;2;255;255;255m▀[0m[38;2;255;255;255m[48;2;255;255;255m▀[0m[38;2;255;255;255m[48;2;255;255;255m▀[0m[38;2;233;255;255m[48;2;255;255;255m▀[0m[38;2;255;255;255m[48;2;255;255;255m▀[0m[38;2;255;255;255m[48;2;119;191;184m▀[0m[38;2;255;255;255m[48;2;113;255;255m▀[0m[38;2;178;233;236m[48;2;239;255;255m▀[0m[38;2;129;240;234m[48;2;255;203;198m▀[0m[38;2;134;251;250m[48;2;255;122;118m▀[0m[38;2;179;255;255m[48;2;255;51;46m▀[0m[38;2;254;255;255m[48;2;255;4;7m▀[0m[38;2;255;255;255m[48;2;255;0;4m▀[0m[38;2;229;255;255m[48;2;255;29;36m▀[0m[38;2;143;254;248m[48;2;255;111;119m▀[0m[38;2;91;201;198m[48;2;255;220;218m▀[0m[38;2;147;202;201m[48;2;239;255;255m▀[0m[38;2;255;255;255m[48;2;81;219;219m▀[0m[38;2;255;255;255m[48;2;112;167;168m▀[0m[38;2;255;255;255m[48;2;255;255;255m▀[0m[38;2;255;255;255m[48;2;255;255;255m▀[0m[38;2;255;255;255m[48;2;255;255;255m▀[0m[38;2;255;255;255m[48;2;255;255;255m▀[0m[38;2;255;255;255m[48;2;255;255;255m▀[0m[38;2;255;255;255m[48;2;255;255;255m▀[0m[38;2;255;255;255m[48;2;255;255;255m▀[0m[38;2;255;255;255m[48;2;255;255;255m▀[0m[38;2;255;255;255m[48;2;255;255;255m▀[0m[38;2;255;255;255m[48;2;255;255;255m▀[0m[38;2;255;255;255m[48;2;255;255;255m▀[0m[38;2;255;255;255m[48;2;255;255;255m▀[0m[38;2;255;255;255m[48;2;255;255;255m▀[0m[38;2;255;255;255m[48;2;255;255;255m▀[0m[38;2;255;255;255m[48;2;255;255;255m▀[0m[38;2;255;255;255m[48;2;255;255;255m▀[0m[38;2;255;255;255m[48;2;255;255;255m▀[0m[38;2;255;255;255m[48;2;255;255;255m▀[0m[38;2;255;255;255m[48;2;255;255;255m▀[0m[38;2;255;255;255m[48;2;255;255;255m▀[0m[38;2;255;255;255m[48;2;255;255;255m▀[0m[38;2;255;255;255m[48;2;255;255;255m▀[0m[38;2;255;255;255m[48;2;255;255;255m▀[0m[38;2;255;255;255m[48;2;255;255;255m▀[0m[38;2;255;255;255m[48;2;255;255;255m▀[0m[38;2;255;255;255m[48;2;255;255;255m▀[0m[38;2;255;255;255m[48;2;255;255;255m▀[0m[38;2;255;255;255m[48;2;255;255;255m▀[0m[38;2;255;255;255m[48;2;255;255;255m▀[0m[38;2;255;255;255m[48;2;255;255;255m▀[0m
[38;2;255;255;255m[48;2;255;255;255m▀[0m[38;2;255;255;255m[48;2;255;255;255m▀[0m[38;2;255;255;255m[48;2;255;255;255m▀[0m[38;2;255;255;255m[48;2;255;255;255m▀[0m[38;2;255;255;255m[48;2;255;255;255m▀[0m[38;2;255;255;255m[48;2;255;255;255m▀[0m[38;2;255;255;255m[48;2;255;255;255m▀[0m[38;2;255;255;255m[48;2;255;255;255m▀[0m[38;2;255;255;255m[48;2;255;255;255m▀[0m[38;2;255;255;255m[48;2;255;255;255m▀[0m[38;2;255;255;255m[48;2;255;255;255m▀[0m[38;2;255;255;255m[48;2;26;35;32m▀[0m[38;2;255;255;255m[48;2;0;0;0m▀[0m[38;2;255;255;255m[48;2;0;0;0m▀[0m[38;2;255;255;255m[48;2;0;0;0m▀[0m[38;2;235;244;244m[48;2;0;0;0m▀[0m[38;2;169;176;176m[48;2;48;47;41m▀[0m[38;2;93;97;97m[48;2;0;0;0m▀[0m[38;2;3;3;4m[48;2;100;101;92m▀[0m[38;2;0;0;0m[48;2;255;255;255m▀[0m[38;2;0;0;0m[48;2;0;0;0m▀[0m[38;2;0;0;0m[48;2;0;0;0m▀[0m[38;2;0;0;0m[48;2;255;255;255m▀[0m[38;2;4;7;9m[48;2;255;255;255m▀[0m[38;2;255;255;255m[48;2;255;255;255m▀[0m[38;2;255;255;255m[48;2;255;255;255m▀[0m[38;2;255;255;255m[48;2;255;255;255m▀[0m[38;2;255;255;255m[48;2;255;255;255m▀[0m[38;2;255;255;255m[48;2;255;255;255m▀[0m[38;2;255;255;255m[48;2;248;255;255m▀[0m[38;2;255;255;255m[48;2;130;255;255m▀[0m[38;2;118;255;255m[48;2;206;255;252m▀[0m[38;2;176;255;255m[48;2;255;0;0m▀[0m[38;2;255;184;179m[48;2;255;0;0m▀[0m[38;2;255;0;0m[48;2;140;0;0m▀[0m[38;2;242;0;0m[48;2;0;0;0m▀[0m[38;2;0;0;0m[48;2;0;0;0m▀[0m[38;2;0;0;0m[48;2;235;0;0m▀[0m[38;2;0;0;0m[48;2;255;0;0m▀[0m[38;2;0;0;0m[48;2;255;0;0m▀[0m[38;2;0;0;0m[48;2;220;0;0m▀[0m[38;2;0;0;0m[48;2;0;0;0m▀[0m[38;2;251;0;0m[48;2;0;0;0m▀[0m[38;2;255;0;0m[48;2;86;0;0m▀[0m[38;2;255;129;123m[48;2;255;0;0m▀[0m[38;2;215;255;255m[48;2;255;0;0m▀[0m[38;2;123;255;255m[48;2;183;255;255m▀[0m[38;2;255;255;255m[48;2;165;255;255m▀[0m[38;2;255;255;255m[48;2;255;255;255m▀[0m[38;2;255;255;255m[48;2;255;255;255m▀[0m[38;2;255;255;255m[48;2;255;255;255m▀[0m[38;2;255;255;255m[48;2;255;255;255m▀[0m[38;2;255;255;255m[48;2;255;255;255m▀[0m[38;2;255;255;255m[48;2;255;255;255m▀[0m[38;2;132;141;141m[48;2;195;193;193m▀[0m[38;2;122;131;130m[48;2;69;68;69m▀[0m[38;2;203;208;208m[48;2;0;0;0m▀[0m[38;2;254;254;254m[48;2;0;0;0m▀[0m[38;2;235;230;237m[48;2;0;3;3m▀[0m[38;2;255;255;255m[48;2;0;0;0m▀[0m[38;2;255;255;255m[48;2;0;0;0m▀[0m[38;2;255;255;255m[48;2;0;0;0m▀[0m[38;2;255;255;255m[48;2;0;0;0m▀[0m[38;2;255;255;255m[48;2;0;0;0m▀[0m[38;2;255;255;255m[48;2;17;25;23m▀[0m[38;2;255;255;255m[48;2;192;203;201m▀[0m[38;2;255;255;255m[48;2;255;255;255m▀[0m[38;2;255;255;255m[48;2;255;255;255m▀[0m[38;2;255;255;255m[48;2;255;255;255m▀[0m[38;2;255;255;255m[48;2;255;255;255m▀[0m[38;2;255;255;255m[48;2;255;255;255m▀[0m[38;2;255;255;255m[48;2;255;255;255m▀[0m[38;2;255;255;255m[48;2;255;255;255m▀[0m[38;2;255;255;255m[48;2;255;255;255m▀[0m[38;2;255;255;255m[48;2;255;255;255m▀[0m[38;2;255;255;255m[48;2;255;255;255m▀[0m
[38;2;255;255;255m[48;2;255;255;255m▀[0m[38;2;255;255;255m[48;2;255;255;255m▀[0m[38;2;255;255;255m[48;2;255;255;255m▀[0m[38;2;255;255;255m[48;2;255;255;255m▀[0m[38;2;255;255;255m[48;2;255;255;255m▀[0m[38;2;255;255;255m[48;2;255;255;255m▀[0m[38;2;255;255;255m[48;2;255;255;255m▀[0m[38;2;255;255;255m[48;2;255;255;255m▀[0m[38;2;255;255;255m[48;2;255;255;255m▀[0m[38;2;255;255;255m[48;2;26;36;30m▀[0m[38;2;47;56;57m[48;2;97;106;106m▀[0m[38;2;64;68;68m[48;2;255;255;255m▀[0m[38;2;255;255;255m[48;2;255;255;255m▀[0m[38;2;255;255;255m[48;2;164;173;172m▀[0m[38;2;255;255;255m[48;2;248;252;252m▀[0m[38;2;255;255;255m[48;2;255;255;255m▀[0m[38;2;255;255;255m[48;2;255;255;255m▀[0m[38;2;255;255;255m[48;2;224;229;228m▀[0m[38;2;255;255;255m[48;2;255;255;255m▀[0m[38;2;255;255;255m[48;2;255;255;255m▀[0m[38;2;255;255;255m[48;2;255;255;255m▀[0m[38;2;0;0;0m[48;2;0;0;0m▀[0m[38;2;255;255;255m[48;2;255;255;255m▀[0m[38;2;255;255;255m[48;2;255;255;255m▀[0m[38;2;255;255;255m[48;2;255;255;255m▀[0m[38;2;255;255;255m[48;2;255;255;255m▀[0m[38;2;255;255;255m[48;2;255;255;255m▀[0m[38;2;255;255;255m[48;2;255;255;255m▀[0m[38;2;255;255;255m[48;2;212;255;255m▀[0m[38;2;136;255;255m[48;2;124;255;255m▀[0m[38;2;132;255;255m[48;2;255;84;75m▀[0m[38;2;255;0;0m[48;2;255;0;0m▀[0m[38;2;255;0;0m[48;2;255;0;0m▀[0m[38;2;255;0;0m[48;2;255;0;0m▀[0m[38;2;0;0;0m[48;2;0;0;0m▀[0m[38;2;0;0;0m[48;2;255;0;0m▀[0m[38;2;255;0;0m[48;2;255;137;131m▀[0m[38;2;255;0;0m[48;2;255;255;255m▀[0m[38;2;255;111;120m[48;2;255;255;255m▀[0m[38;2;255;131;140m[48;2;255;255;255m▀[0m[38;2;255;0;0m[48;2;255;255;255m▀[0m[38;2;255;0;0m[48;2;255;70;70m▀[0m[38;2;0;0;0m[48;2;255;0;0m▀[0m[38;2;0;0;0m[48;2;0;0;0m▀[0m[38;2;255;0;0m[48;2;136;0;0m▀[0m[38;2;255;0;0m[48;2;255;0;0m▀[0m[38;2;255;173;164m[48;2;255;95;96m▀[0m[38;2;150;255;255m[48;2;255;13;21m▀[0m[38;2;170;255;255m[48;2;183;255;246m▀[0m[38;2;255;255;255m[48;2;241;255;255m▀[0m[38;2;255;255;255m[48;2;255;255;255m▀[0m[38;2;255;255;255m[48;2;255;255;255m▀[0m[38;2;255;255;255m[48;2;255;255;255m▀[0m[38;2;255;255;255m[48;2;255;255;255m▀[0m[38;2;255;255;255m[48;2;255;255;255m▀[0m[38;2;255;255;255m[48;2;255;255;255m▀[0m[38;2;0;0;0m[48;2;0;0;0m▀[0m[38;2;252;254;255m[48;2;255;255;255m▀[0m[38;2;255;255;255m[48;2;255;255;255m▀[0m[38;2;255;255;255m[48;2;255;255;255m▀[0m[38;2;201;204;204m[48;2;255;255;255m▀[0m[38;2;224;224;225m[48;2;255;255;255m▀[0m[38;2;161;157;157m[48;2;255;255;255m▀[0m[38;2;159;156;159m[48;2;255;255;255m▀[0m[38;2;131;129;134m[48;2;255;255;255m▀[0m[38;2;0;0;0m[48;2;255;255;255m▀[0m[38;2;126;131;128m[48;2;35;35;37m▀[0m[38;2;255;255;255m[48;2;68;69;65m▀[0m[38;2;255;255;255m[48;2;255;255;255m▀[0m[38;2;255;255;255m[48;2;255;255;255m▀[0m[38;2;255;255;255m[48;2;255;255;255m▀[0m[38;2;255;255;255m[48;2;255;255;255m▀[0m[38;2;255;255;255m[48;2;255;255;255m▀[0m[38;2;255;255;255m[48;2;255;255;255m▀[0m[38;2;255;255;255m[48;2;255;255;255m▀[0m[38;2;255;255;255m[48;2;255;255;255m▀[0m
[38;2;255;255;255m[48;2;162;139;145m▀[0m[38;2;255;255;255m[48;2;213;196;200m▀[0m[38;2;255;255;255m[48;2;254;235;242m▀[0m[38;2;255;255;255m[48;2;255;255;255m▀[0m[38;2;255;255;255m[48;2;253;235;239m▀[0m[38;2;255;255;255m[48;2;137;124;124m▀[0m[38;2;255;255;255m[48;2;0;0;0m▀[0m[38;2;170;173;173m[48;2;74;86;79m▀[0m[38;2;0;0;0m[48;2;255;255;255m▀[0m[38;2;193;198;195m[48;2;255;255;255m▀[0m[38;2;255;255;255m[48;2;255;255;255m▀[0m[38;2;255;255;255m[48;2;255;255;255m▀[0m[38;2;255;255;255m[48;2;255;255;255m▀[0m[38;2;157;164;164m[48;2;248;248;248m▀[0m[38;2;181;186;186m[48;2;159;164;161m▀[0m[38;2;255;255;255m[48;2;223;234;234m▀[0m[38;2;255;255;255m[48;2;255;255;255m▀[0m[38;2;255;255;255m[48;2;255;255;255m▀[0m[38;2;93;102;100m[48;2;255;252;254m▀[0m[38;2;255;255;255m[48;2;187;196;196m▀[0m[38;2;31;45;45m[48;2;0;0;0m▀[0m[38;2;41;48;48m[48;2;255;255;255m▀[0m[38;2;255;255;255m[48;2;255;255;255m▀[0m[38;2;255;255;255m[48;2;255;255;255m▀[0m[38;2;255;255;255m[48;2;255;255;255m▀[0m[38;2;255;255;255m[48;2;255;255;255m▀[0m[38;2;255;255;255m[48;2;255;255;255m▀[0m[38;2;255;255;255m[48;2;255;255;255m▀[0m[38;2;175;255;255m[48;2;170;255;255m▀[0m[38;2;134;255;255m[48;2;255;0;0m▀[0m[38;2;255;0;0m[48;2;255;0;0m▀[0m[38;2;255;0;0m[48;2;255;31;29m▀[0m[38;2;255;0;0m[48;2;255;0;0m▀[0m[38;2;92;0;0m[48;2;86;0;0m▀[0m[38;2;0;0;0m[48;2;0;0;0m▀[0m[38;2;255;26;21m[48;2;255;255;255m▀[0m[38;2;255;255;255m[48;2;255;255;255m▀[0m[38;2;255;255;255m[48;2;255;255;255m▀[0m[38;2;255;255;255m[48;2;255;255;255m▀[0m[38;2;255;255;255m[48;2;255;255;255m▀[0m[38;2;255;255;255m[48;2;255;255;255m▀[0m[38;2;255;255;255m[48;2;255;255;255m▀[0m[38;2;255;13;15m[48;2;255;255;255m▀[0m[38;2;0;0;0m[48;2;37;0;0m▀[0m[38;2;0;0;0m[48;2;0;0;0m▀[0m[38;2;255;0;0m[48;2;255;0;0m▀[0m[38;2;255;0;0m[48;2;255;255;255m▀[0m[38;2;255;0;0m[48;2;255;255;255m▀[0m[38;2;255;14;12m[48;2;255;0;0m▀[0m[38;2;197;255;255m[48;2;202;255;255m▀[0m[38;2;255;255;255m[48;2;255;255;255m▀[0m[38;2;255;255;255m[48;2;255;255;255m▀[0m[38;2;255;255;255m[48;2;255;255;255m▀[0m[38;2;255;255;255m[48;2;255;255;255m▀[0m[38;2;255;255;255m[48;2;255;255;255m▀[0m[38;2;154;159;156m[48;2;255;255;255m▀[0m[38;2;0;0;0m[48;2;29;34;32m▀[0m[38;2;255;255;255m[48;2;0;0;0m▀[0m[38;2;255;255;255m[48;2;159;167;165m▀[0m[38;2;218;220;220m[48;2;100;108;107m▀[0m[38;2;252;254;254m[48;2;255;255;255m▀[0m[38;2;255;255;255m[48;2;255;255;255m▀[0m[38;2;255;255;255m[48;2;170;178;178m▀[0m[38;2;172;175;175m[48;2;169;176;176m▀[0m[38;2;204;213;217m[48;2;255;255;255m▀[0m[38;2;255;255;255m[48;2;255;255;255m▀[0m[38;2;255;255;255m[48;2;255;255;255m▀[0m[38;2;109;109;109m[48;2;255;255;255m▀[0m[38;2;0;0;0m[48;2;255;255;255m▀[0m[38;2;219;218;218m[48;2;0;0;0m▀[0m[38;2;255;255;255m[48;2;28;26;26m▀[0m[38;2;255;255;255m[48;2;255;251;253m▀[0m[38;2;255;255;255m[48;2;255;255;255m▀[0m[38;2;255;255;255m[48;2;255;255;255m▀[0m[38;2;255;255;255m[48;2;255;255;255m▀[0m[38;2;255;255;255m[48;2;255;255;255m▀[0m
[38;2;42;113;101m[48;2;80;125;118m▀[0m[38;2;14;61;47m[48;2;142;228;208m▀[0m[38;2;0;23;7m[48;2;151;255;239m▀[0m[38;2;0;0;0m[48;2;79;154;145m▀[0m[38;2;0;0;0m[48;2;135;255;255m▀[0m[38;2;36;54;46m[48;2;255;255;255m▀[0m[38;2;255;255;255m[48;2;255;255;255m▀[0m[38;2;255;255;255m[48;2;255;255;255m▀[0m[38;2;255;255;255m[48;2;255;255;255m▀[0m[38;2;255;255;255m[48;2;255;255;255m▀[0m[38;2;255;255;255m[48;2;255;255;255m▀[0m[38;2;255;255;255m[48;2;255;255;255m▀[0m[38;2;255;255;255m[48;2;255;255;255m▀[0m[38;2;255;255;255m[48;2;255;255;255m▀[0m[38;2;247;252;252m[48;2;255;255;255m▀[0m[38;2;242;251;252m[48;2;255;255;255m▀[0m[38;2;255;255;255m[48;2;255;255;255m▀[0m[38;2;255;255;255m[48;2;158;158;156m▀[0m[38;2;255;255;255m[48;2;0;0;0m▀[0m[38;2;15;20;17m[48;2;228;237;235m▀[0m[38;2;223;223;224m[48;2;255;255;255m▀[0m[38;2;255;255;255m[48;2;255;255;255m▀[0m[38;2;255;255;255m[48;2;255;255;255m▀[0m[38;2;255;255;255m[48;2;255;255;255m▀[0m[38;2;255;255;255m[48;2;255;255;255m▀[0m[38;2;255;255;255m[48;2;255;255;255m▀[0m[38;2;255;255;255m[48;2;255;255;255m▀[0m[38;2;255;255;255m[48;2;255;255;255m▀[0m[38;2;245;255;255m[48;2;255;255;255m▀[0m[38;2;255;0;0m[48;2;255;0;0m▀[0m[38;2;255;45;40m[48;2;255;125;126m▀[0m[38;2;255;255;255m[48;2;255;255;255m▀[0m[38;2;255;255;255m[48;2;255;255;255m▀[0m[38;2;255;0;0m[48;2;209;165;168m▀[0m[38;2;0;0;0m[48;2;52;0;0m▀[0m[38;2;255;255;255m[48;2;255;255;255m▀[0m[38;2;255;255;255m[48;2;255;255;255m▀[0m[38;2;255;255;255m[48;2;255;255;255m▀[0m[38;2;255;255;255m[48;2;255;255;255m▀[0m[38;2;255;255;255m[48;2;255;255;255m▀[0m[38;2;255;255;255m[48;2;255;255;255m▀[0m[38;2;255;255;255m[48;2;255;255;255m▀[0m[38;2;255;255;255m[48;2;255;255;255m▀[0m[38;2;0;0;0m[48;2;97;21;19m▀[0m[38;2;0;0;0m[48;2;185;0;0m▀[0m[38;2;255;0;0m[48;2;255;255;255m▀[0m[38;2;255;255;255m[48;2;255;255;255m▀[0m[38;2;255;255;255m[48;2;255;255;255m▀[0m[38;2;255;0;0m[48;2;255;0;0m▀[0m[38;2;255;0;0m[48;2;255;58;51m▀[0m[38;2;255;255;255m[48;2;255;255;255m▀[0m[38;2;255;255;255m[48;2;255;255;255m▀[0m[38;2;255;255;255m[48;2;255;255;255m▀[0m[38;2;255;255;255m[48;2;255;255;255m▀[0m[38;2;255;255;255m[48;2;255;255;255m▀[0m[38;2;255;255;255m[48;2;255;255;255m▀[0m[38;2;255;255;255m[48;2;255;255;255m▀[0m[38;2;18;23;23m[48;2;255;255;255m▀[0m[38;2;108;115;114m[48;2;15;19;18m▀[0m[38;2;255;255;255m[48;2;147;148;145m▀[0m[38;2;255;255;255m[48;2;255;255;255m▀[0m[38;2;255;255;255m[48;2;255;255;255m▀[0m[38;2;203;207;207m[48;2;255;255;255m▀[0m[38;2;180;189;189m[48;2;255;255;255m▀[0m[38;2;255;255;255m[48;2;255;255;255m▀[0m[38;2;255;255;255m[48;2;255;255;255m▀[0m[38;2;255;255;255m[48;2;255;255;255m▀[0m[38;2;255;255;255m[48;2;255;255;255m▀[0m[38;2;255;255;255m[48;2;255;255;255m▀[0m[38;2;255;255;255m[48;2;255;255;255m▀[0m[38;2;187;191;191m[48;2;255;255;255m▀[0m[38;2;0;0;0m[48;2;255;255;255m▀[0m[38;2;0;0;0m[48;2;189;204;201m▀[0m[38;2;0;0;0m[48;2;0;0;0m▀[0m[38;2;3;2;3m[48;2;2;69;59m▀[0m[38;2;0;0;0m[48;2;92;209;178m▀[0m
[38;2;178;255;241m[48;2;185;255;251m▀[0m[38;2;168;255;237m[48;2;186;255;251m▀[0m[38;2;179;255;252m[48;2;179;255;239m▀[0m[38;2;181;255;255m[48;2;142;244;220m▀[0m[38;2;150;255;242m[48;2;198;255;251m▀[0m[38;2;255;255;255m[48;2;255;255;255m▀[0m[38;2;255;255;255m[48;2;255;255;255m▀[0m[38;2;255;255;255m[48;2;255;255;255m▀[0m[38;2;255;255;255m[48;2;255;255;255m▀[0m[38;2;255;255;255m[48;2;255;255;255m▀[0m[38;2;255;255;255m[48;2;255;255;255m▀[0m[38;2;255;255;255m[48;2;255;255;255m▀[0m[38;2;255;255;255m[48;2;255;255;255m▀[0m[38;2;255;255;255m[48;2;37;47;45m▀[0m[38;2;255;255;255m[48;2;0;0;0m▀[0m[38;2;203;206;203m[48;2;0;0;0m▀[0m[38;2;0;0;0m[48;2;20;29;28m▀[0m[38;2;0;4;1m[48;2;255;255;255m▀[0m[38;2;255;255;255m[48;2;255;255;255m▀[0m[38;2;255;255;255m[48;2;255;255;255m▀[0m[38;2;255;255;255m[48;2;255;255;255m▀[0m[38;2;255;255;255m[48;2;255;255;255m▀[0m[38;2;255;255;255m[48;2;255;255;255m▀[0m[38;2;255;255;255m[48;2;255;255;255m▀[0m[38;2;255;255;255m[48;2;255;255;255m▀[0m[38;2;255;255;255m[48;2;255;255;255m▀[0m[38;2;255;255;255m[48;2;255;255;255m▀[0m[38;2;255;255;255m[48;2;255;255;255m▀[0m[38;2;255;255;255m[48;2;255;255;255m▀[0m[38;2;255;192;187m[48;2;255;255;255m▀[0m[38;2;255;14;2m[48;2;255;0;0m▀[0m[38;2;255;255;255m[48;2;255;255;255m▀[0m[38;2;255;255;255m[48;2;255;255;255m▀[0m[38;2;255;255;255m[48;2;255;255;255m▀[0m[38;2;104;168;158m[48;2;152;169;164m▀[0m[38;2;255;255;255m[48;2;229;245;240m▀[0m[38;2;255;255;255m[48;2;255;255;255m▀[0m[38;2;255;255;255m[48;2;255;255;255m▀[0m[38;2;255;255;255m[48;2;255;255;255m▀[0m[38;2;255;255;255m[48;2;255;255;255m▀[0m[38;2;255;255;255m[48;2;255;255;255m▀[0m[38;2;255;255;255m[48;2;255;255;255m▀[0m[38;2;255;255;255m[48;2;255;255;255m▀[0m[38;2;87;100;92m[48;2;23;52;52m▀[0m[38;2;255;255;255m[48;2;255;255;255m▀[0m[38;2;255;255;255m[48;2;255;255;255m▀[0m[38;2;255;255;255m[48;2;255;255;255m▀[0m[38;2;255;255;255m[48;2;186;202;195m▀[0m[38;2;190;0;0m[48;2;124;80;75m▀[0m[38;2;255;255;255m[48;2;255;255;255m▀[0m[38;2;255;255;255m[48;2;255;255;255m▀[0m[38;2;255;255;255m[48;2;255;255;255m▀[0m[38;2;255;255;255m[48;2;255;255;255m▀[0m[38;2;255;255;255m[48;2;255;255;255m▀[0m[38;2;255;255;255m[48;2;255;255;255m▀[0m[38;2;255;255;255m[48;2;255;255;255m▀[0m[38;2;255;255;255m[48;2;255;255;255m▀[0m[38;2;255;255;255m[48;2;255;255;255m▀[0m[38;2;255;255;255m[48;2;255;255;255m▀[0m[38;2;7;10;12m[48;2;255;255;255m▀[0m[38;2;0;0;0m[48;2;7;10;7m▀[0m[38;2;255;255;255m[48;2;0;0;0m▀[0m[38;2;255;255;255m[48;2;7;10;7m▀[0m[38;2;255;255;255m[48;2;122;125;122m▀[0m[38;2;255;255;255m[48;2;255;255;255m▀[0m[38;2;255;255;255m[48;2;255;255;255m▀[0m[38;2;255;255;255m[48;2;255;255;255m▀[0m[38;2;255;255;255m[48;2;255;255;255m▀[0m[38;2;255;255;255m[48;2;255;255;255m▀[0m[38;2;255;255;255m[48;2;255;255;255m▀[0m[38;2;255;255;255m[48;2;255;255;255m▀[0m[38;2;255;255;255m[48;2;255;255;255m▀[0m[38;2;255;255;255m[48;2;255;255;255m▀[0m[38;2;179;255;255m[48;2;146;245;225m▀[0m[38;2;147;229;209m[48;2;183;255;255m▀[0m[38;2;186;255;253m[48;2;183;255;251m▀[0m
[38;2;178;248;234m[48;2;172;251;236m▀[0m[38;2;178;255;239m[48;2;172;251;234m▀[0m[38;2;174;252;234m[48;2;167;251;235m▀[0m[38;2;147;241;220m[48;2;165;248;231m▀[0m[38;2;178;248;231m[48;2;136;239;215m▀[0m[38;2;255;255;255m[48;2;164;245;226m▀[0m[38;2;255;255;255m[48;2;255;255;255m▀[0m[38;2;255;255;255m[48;2;255;255;255m▀[0m[38;2;255;255;255m[48;2;255;255;255m▀[0m[38;2;255;255;255m[48;2;255;255;255m▀[0m[38;2;255;255;255m[48;2;255;255;255m▀[0m[38;2;255;255;255m[48;2;154;162;158m▀[0m[38;2;57;65;63m[48;2;0;0;0m▀[0m[38;2;0;0;0m[48;2;0;0;0m▀[0m[38;2;0;0;0m[48;2;0;0;0m▀[0m[38;2;0;0;0m[48;2;255;255;255m▀[0m[38;2;255;255;255m[48;2;255;255;255m▀[0m[38;2;255;255;255m[48;2;255;255;255m▀[0m[38;2;255;255;255m[48;2;255;255;255m▀[0m[38;2;255;255;255m[48;2;255;255;255m▀[0m[38;2;255;255;255m[48;2;255;255;255m▀[0m[38;2;255;255;255m[48;2;255;255;255m▀[0m[38;2;255;255;255m[48;2;255;255;255m▀[0m[38;2;255;255;255m[48;2;255;255;255m▀[0m[38;2;255;255;255m[48;2;255;255;255m▀[0m[38;2;255;255;255m[48;2;255;255;255m▀[0m[38;2;255;255;255m[48;2;255;255;255m▀[0m[38;2;255;255;255m[48;2;255;255;255m▀[0m[38;2;255;255;255m[48;2;255;255;255m▀[0m[38;2;255;255;255m[48;2;255;255;255m▀[0m[38;2;255;0;0m[48;2;255;192;186m▀[0m[38;2;255;0;0m[48;2;255;0;0m▀[0m[38;2;255;170;174m[48;2;255;189;189m▀[0m[38;2;255;255;255m[48;2;255;150;146m▀[0m[38;2;220;255;255m[48;2;255;215;214m▀[0m[38;2;114;128;124m[48;2;58;90;91m▀[0m[38;2;255;255;255m[48;2;255;255;255m▀[0m[38;2;255;255;255m[48;2;255;255;255m▀[0m[38;2;255;255;255m[48;2;255;255;255m▀[0m[38;2;255;255;255m[48;2;255;255;255m▀[0m[38;2;255;255;255m[48;2;255;255;255m▀[0m[38;2;255;255;255m[48;2;255;255;255m▀[0m[38;2;175;180;176m[48;2;255;255;255m▀[0m[38;2;151;164;164m[48;2;255;255;255m▀[0m[38;2;255;255;255m[48;2;255;255;255m▀[0m[38;2;255;255;255m[48;2;255;255;255m▀[0m[38;2;255;255;255m[48;2;255;255;255m▀[0m[38;2;47;47;43m[48;2;81;86;85m▀[0m[38;2;239;255;255m[48;2;255;255;255m▀[0m[38;2;255;255;255m[48;2;255;255;255m▀[0m[38;2;255;255;255m[48;2;255;255;255m▀[0m[38;2;255;255;255m[48;2;255;255;255m▀[0m[38;2;255;255;255m[48;2;255;255;255m▀[0m[38;2;255;255;255m[48;2;255;255;255m▀[0m[38;2;255;255;255m[48;2;255;255;255m▀[0m[38;2;255;255;255m[48;2;255;255;255m▀[0m[38;2;255;255;255m[48;2;255;255;255m▀[0m[38;2;255;255;255m[48;2;255;255;255m▀[0m[38;2;255;255;255m[48;2;255;255;255m▀[0m[38;2;255;255;255m[48;2;255;255;255m▀[0m[38;2;255;255;255m[48;2;255;255;255m▀[0m[38;2;35;39;31m[48;2;255;255;255m▀[0m[38;2;0;0;0m[48;2;0;0;0m▀[0m[38;2;0;0;0m[48;2;0;0;0m▀[0m[38;2;0;0;0m[48;2;0;0;0m▀[0m[38;2;255;255;255m[48;2;28;31;37m▀[0m[38;2;255;255;255m[48;2;255;255;255m▀[0m[38;2;255;255;255m[48;2;255;255;255m▀[0m[38;2;255;255;255m[48;2;255;255;255m▀[0m[38;2;255;255;255m[48;2;255;255;255m▀[0m[38;2;255;255;255m[48;2;255;255;255m▀[0m[38;2;255;255;255m[48;2;255;255;255m▀[0m[38;2;255;255;255m[48;2;173;247;228m▀[0m[38;2;135;231;212m[48;2;143;236;219m▀[0m[38;2;165;252;236m[48;2;172;253;233m▀[0m[38;2;174;255;240m[48;2;174;252;235m▀[0m
[38;2;172;251;234m[48;2;173;251;236m▀[0m[38;2;172;251;234m[48;2;173;251;234m▀[0m[38;2;172;252;234m[48;2;170;251;235m▀[0m[38;2;167;252;236m[48;2;174;252;235m▀[0m[38;2;161;250;228m[48;2;168;252;236m▀[0m[38;2;136;237;214m[48;2;165;247;229m▀[0m[38;2;150;235;218m[48;2;151;244;220m▀[0m[38;2;255;255;255m[48;2;139;242;218m▀[0m[38;2;255;255;255m[48;2;164;255;251m▀[0m[38;2;255;255;255m[48;2;201;255;255m▀[0m[38;2;146;200;190m[48;2;0;0;0m▀[0m[38;2;0;0;0m[48;2;0;0;0m▀[0m[38;2;0;0;0m[48;2;0;0;0m▀[0m[38;2;0;0;0m[48;2;0;0;0m▀[0m[38;2;78;75;79m[48;2;255;255;255m▀[0m[38;2;255;255;255m[48;2;255;255;255m▀[0m[38;2;255;255;255m[48;2;255;255;255m▀[0m[38;2;255;255;255m[48;2;255;255;255m▀[0m[38;2;255;255;255m[48;2;255;255;255m▀[0m[38;2;255;255;255m[48;2;255;255;255m▀[0m[38;2;255;255;255m[48;2;255;255;255m▀[0m[38;2;255;255;255m[48;2;255;255;255m▀[0m[38;2;255;255;255m[48;2;255;255;255m▀[0m[38;2;255;255;255m[48;2;255;255;255m▀[0m[38;2;255;255;255m[48;2;255;255;255m▀[0m[38;2;255;255;255m[48;2;255;255;255m▀[0m[38;2;255;255;255m[48;2;255;255;255m▀[0m[38;2;255;255;255m[48;2;255;255;255m▀[0m[38;2;255;255;255m[48;2;255;255;255m▀[0m[38;2;255;255;255m[48;2;255;255;255m▀[0m[38;2;255;255;255m[48;2;255;255;255m▀[0m[38;2;255;0;0m[48;2;255;0;0m▀[0m[38;2;255;255;255m[48;2;255;255;255m▀[0m[38;2;218;228;226m[48;2;122;214;217m▀[0m[38;2;192;0;0m[48;2;255;255;255m▀[0m[38;2;20;25;24m[48;2;247;255;255m▀[0m[38;2;255;255;255m[48;2;178;186;184m▀[0m[38;2;255;255;255m[48;2;255;255;255m▀[0m[38;2;255;255;255m[48;2;255;255;255m▀[0m[38;2;255;255;255m[48;2;255;255;255m▀[0m[38;2;255;255;255m[48;2;255;255;255m▀[0m[38;2;255;255;255m[48;2;255;255;255m▀[0m[38;2;255;255;255m[48;2;7;0;0m▀[0m[38;2;0;0;0m[48;2;0;0;0m▀[0m[38;2;255;255;255m[48;2;212;211;212m▀[0m[38;2;255;255;255m[48;2;255;255;255m▀[0m[38;2;255;255;255m[48;2;247;250;247m▀[0m[38;2;95;102;101m[48;2;126;131;130m▀[0m[38;2;255;255;255m[48;2;255;255;255m▀[0m[38;2;255;255;255m[48;2;255;255;255m▀[0m[38;2;255;255;255m[48;2;255;255;255m▀[0m[38;2;255;255;255m[48;2;255;255;255m▀[0m[38;2;255;255;255m[48;2;255;255;255m▀[0m[38;2;255;255;255m[48;2;255;255;255m▀[0m[38;2;255;255;255m[48;2;255;255;255m▀[0m[38;2;255;255;255m[48;2;255;255;255m▀[0m[38;2;255;255;255m[48;2;255;255;255m▀[0m[38;2;255;255;255m[48;2;255;255;255m▀[0m[38;2;255;255;255m[48;2;255;255;255m▀[0m[38;2;255;255;255m[48;2;255;255;255m▀[0m[38;2;255;255;255m[48;2;255;255;255m▀[0m[38;2;255;255;255m[48;2;255;255;255m▀[0m[38;2;255;255;255m[48;2;255;255;255m▀[0m[38;2;0;0;0m[48;2;37;36;37m▀[0m[38;2;0;0;0m[48;2;0;0;0m▀[0m[38;2;0;0;0m[48;2;0;0;0m▀[0m[38;2;45;52;52m[48;2;0;0;0m▀[0m[38;2;255;255;255m[48;2;36;67;59m▀[0m[38;2;255;255;255m[48;2;223;255;255m▀[0m[38;2;255;255;255m[48;2;178;255;245m▀[0m[38;2;255;255;255m[48;2;140;242;219m▀[0m[38;2;153;236;219m[48;2;146;241;222m▀[0m[38;2;142;236;213m[48;2;167;248;234m▀[0m[38;2;167;247;231m[48;2;173;253;237m▀[0m[38;2;172;252;237m[48;2;176;252;237m▀[0m[38;2;176;252;237m[48;2;176;252;237m▀[0m
[38;2;173;251;236m[48;2;174;252;235m▀[0m[38;2;175;251;237m[48;2;173;252;237m▀[0m[38;2;173;252;237m[48;2;173;252;237m▀[0m[38;2;174;252;237m[48;2;174;252;235m▀[0m[38;2;174;252;235m[48;2;174;252;235m▀[0m[38;2;175;251;236m[48;2;175;251;236m▀[0m[38;2;178;251;236m[48;2;179;255;239m▀[0m[38;2;181;255;245m[48;2;190;255;251m▀[0m[38;2;223;255;255m[48;2;253;255;255m▀[0m[38;2;181;255;242m[48;2;96;134;128m▀[0m[38;2;0;0;0m[48;2;0;0;0m▀[0m[38;2;0;0;0m[48;2;0;0;0m▀[0m[38;2;0;0;0m[48;2;0;0;0m▀[0m[38;2;29;34;32m[48;2;195;203;201m▀[0m[38;2;255;255;255m[48;2;255;255;255m▀[0m[38;2;255;255;255m[48;2;255;255;255m▀[0m[38;2;255;255;255m[48;2;255;255;255m▀[0m[38;2;255;255;255m[48;2;255;255;255m▀[0m[38;2;255;255;255m[48;2;255;255;255m▀[0m[38;2;255;255;255m[48;2;255;255;255m▀[0m[38;2;255;255;255m[48;2;255;255;255m▀[0m[38;2;255;255;255m[48;2;255;255;255m▀[0m[38;2;255;255;255m[48;2;255;255;255m▀[0m[38;2;255;255;255m[48;2;255;255;255m▀[0m[38;2;255;255;255m[48;2;255;255;255m▀[0m[38;2;255;255;255m[48;2;255;255;255m▀[0m[38;2;255;255;255m[48;2;255;255;255m▀[0m[38;2;255;255;255m[48;2;255;255;255m▀[0m[38;2;255;255;255m[48;2;255;255;255m▀[0m[38;2;255;255;255m[48;2;255;255;255m▀[0m[38;2;255;255;255m[48;2;255;255;255m▀[0m[38;2;255;0;0m[48;2;255;0;0m▀[0m[38;2;255;255;255m[48;2;255;255;254m▀[0m[38;2;142;226;222m[48;2;255;255;255m▀[0m[38;2;246;255;255m[48;2;70;86;86m▀[0m[38;2;255;255;255m[48;2;255;255;255m▀[0m[38;2;125;130;126m[48;2;104;109;106m▀[0m[38;2;255;255;255m[48;2;255;255;255m▀[0m[38;2;255;255;255m[48;2;255;255;255m▀[0m[38;2;255;255;255m[48;2;255;255;255m▀[0m[38;2;255;255;255m[48;2;255;255;255m▀[0m[38;2;255;255;255m[48;2;157;156;156m▀[0m[38;2;0;0;0m[48;2;172;175;175m▀[0m[38;2;236;244;240m[48;2;255;255;255m▀[0m[38;2;129;131;131m[48;2;113;115;117m▀[0m[38;2;255;255;255m[48;2;255;255;255m▀[0m[38;2;197;197;197m[48;2;164;168;164m▀[0m[38;2;178;180;178m[48;2;224;231;231m▀[0m[38;2;255;255;255m[48;2;255;255;255m▀[0m[38;2;255;255;255m[48;2;255;255;255m▀[0m[38;2;255;255;255m[48;2;255;255;255m▀[0m[38;2;255;255;255m[48;2;255;255;255m▀[0m[38;2;255;255;255m[48;2;255;255;255m▀[0m[38;2;255;255;255m[48;2;255;255;255m▀[0m[38;2;255;255;255m[48;2;255;255;255m▀[0m[38;2;255;255;255m[48;2;255;255;255m▀[0m[38;2;255;255;255m[48;2;255;255;255m▀[0m[38;2;255;255;255m[48;2;255;255;255m▀[0m[38;2;255;255;255m[48;2;255;255;255m▀[0m[38;2;255;255;255m[48;2;255;255;255m▀[0m[38;2;255;255;255m[48;2;255;255;255m▀[0m[38;2;255;255;255m[48;2;255;255;255m▀[0m[38;2;255;255;255m[48;2;255;255;255m▀[0m[38;2;255;255;255m[48;2;255;255;255m▀[0m[38;2;0;0;0m[48;2;0;0;0m▀[0m[38;2;0;0;0m[48;2;0;0;0m▀[0m[38;2;0;0;0m[48;2;0;0;0m▀[0m[38;2;0;0;0m[48;2;0;0;0m▀[0m[38;2;179;255;255m[48;2;129;195;180m▀[0m[38;2;200;255;255m[48;2;246;255;255m▀[0m[38;2;169;255;241m[48;2;185;255;250m▀[0m[38;2;168;252;237m[48;2;175;255;235m▀[0m[38;2;172;253;237m[48;2;174;253;235m▀[0m[38;2;178;253;239m[48;2;176;252;237m▀[0m[38;2;176;252;237m[48;2;176;250;235m▀[0m[38;2;176;250;235m[48;2;176;250;235m▀[0m
[38;2;176;252;237m[48;2;176;252;239m▀[0m[38;2;173;252;237m[48;2;174;252;235m▀[0m[38;2;173;252;237m[48;2;172;252;236m▀[0m[38;2;173;251;237m[48;2;173;251;237m▀[0m[38;2;174;252;237m[48;2;174;252;237m▀[0m[38;2;174;252;237m[48;2;174;255;241m▀[0m[38;2;181;255;244m[48;2;184;255;247m▀[0m[38;2;201;255;255m[48;2;223;255;255m▀[0m[38;2;245;255;255m[48;2;193;255;255m▀[0m[38;2;0;0;2m[48;2;0;0;0m▀[0m[38;2;0;0;0m[48;2;0;0;0m▀[0m[38;2;0;0;0m[48;2;0;0;0m▀[0m[38;2;0;0;0m[48;2;0;0;0m▀[0m[38;2;255;255;255m[48;2;255;255;255m▀[0m[38;2;255;255;255m[48;2;255;255;255m▀[0m[38;2;255;255;255m[48;2;255;255;255m▀[0m[38;2;255;255;255m[48;2;255;255;255m▀[0m[38;2;255;255;255m[48;2;255;255;255m▀[0m[38;2;255;255;255m[48;2;255;255;255m▀[0m[38;2;255;255;255m[48;2;255;255;255m▀[0m[38;2;255;255;255m[48;2;255;255;255m▀[0m[38;2;255;255;255m[48;2;255;255;255m▀[0m[38;2;255;255;255m[48;2;255;255;255m▀[0m[38;2;255;255;255m[48;2;255;255;255m▀[0m[38;2;255;255;255m[48;2;255;255;255m▀[0m[38;2;255;255;255m[48;2;255;255;255m▀[0m[38;2;255;255;255m[48;2;255;255;255m▀[0m[38;2;255;255;255m[48;2;255;255;255m▀[0m[38;2;255;255;255m[48;2;255;255;255m▀[0m[38;2;255;255;255m[48;2;255;255;255m▀[0m[38;2;255;255;255m[48;2;255;255;255m▀[0m[38;2;255;59;58m[48;2;255;109;104m▀[0m[38;2;255;219;213m[48;2;255;197;192m▀[0m[38;2;255;255;255m[48;2;255;255;255m▀[0m[38;2;153;162;162m[48;2;255;255;255m▀[0m[38;2;236;241;241m[48;2;148;152;151m▀[0m[38;2;168;172;168m[48;2;231;235;231m▀[0m[38;2;229;229;229m[48;2;161;161;161m▀[0m[38;2;255;255;255m[48;2;255;255;255m▀[0m[38;2;255;255;255m[48;2;255;255;255m▀[0m[38;2;255;255;255m[48;2;255;255;255m▀[0m[38;2;64;67;67m[48;2;31;36;36m▀[0m[38;2;252;255;255m[48;2;255;255;255m▀[0m[38;2;255;255;255m[48;2;255;255;255m▀[0m[38;2;108;111;111m[48;2;108;111;112m▀[0m[38;2;255;255;255m[48;2;255;255;255m▀[0m[38;2;141;143;146m[48;2;109;118;118m▀[0m[38;2;255;255;255m[48;2;255;255;255m▀[0m[38;2;255;255;255m[48;2;255;255;255m▀[0m[38;2;255;255;255m[48;2;255;255;255m▀[0m[38;2;255;255;255m[48;2;255;255;255m▀[0m[38;2;255;255;255m[48;2;255;255;255m▀[0m[38;2;255;255;255m[48;2;255;255;255m▀[0m[38;2;255;255;255m[48;2;255;255;255m▀[0m[38;2;255;255;255m[48;2;255;255;255m▀[0m[38;2;255;255;255m[48;2;255;255;255m▀[0m[38;2;255;255;255m[48;2;255;255;255m▀[0m[38;2;255;255;255m[48;2;255;255;255m▀[0m[38;2;255;255;255m[48;2;255;255;255m▀[0m[38;2;255;255;255m[48;2;255;255;255m▀[0m[38;2;255;255;255m[48;2;255;255;255m▀[0m[38;2;255;255;255m[48;2;255;255;255m▀[0m[38;2;255;255;255m[48;2;255;255;255m▀[0m[38;2;255;255;255m[48;2;255;255;255m▀[0m[38;2;71;74;71m[48;2;168;175;174m▀[0m[38;2;0;0;0m[48;2;0;0;0m▀[0m[38;2;0;0;0m[48;2;0;0;0m▀[0m[38;2;0;0;0m[48;2;0;0;0m▀[0m[38;2;54;93;82m[48;2;0;0;0m▀[0m[38;2;255;255;255m[48;2;237;255;255m▀[0m[38;2;197;255;255m[48;2;209;255;255m▀[0m[38;2;180;255;241m[48;2;187;255;248m▀[0m[38;2;174;252;235m[48;2;175;251;237m▀[0m[38;2;175;251;236m[48;2;174;252;237m▀[0m[38;2;175;251;236m[48;2;175;251;236m▀[0m[38;2;176;250;237m[48;2;176;252;237m▀[0m
[38;2;178;251;239m[48;2;178;251;239m▀[0m[38;2;176;252;239m[48;2;176;252;239m▀[0m[38;2;174;252;237m[48;2;176;252;239m▀[0m[38;2;176;252;239m[48;2;178;251;239m▀[0m[38;2;174;253;239m[48;2;183;255;244m▀[0m[38;2;179;255;245m[48;2;190;255;253m▀[0m[38;2;192;255;255m[48;2;209;255;255m▀[0m[38;2;255;255;255m[48;2;255;255;255m▀[0m[38;2;112;163;153m[48;2;0;0;2m▀[0m[38;2;0;0;0m[48;2;0;0;0m▀[0m[38;2;0;0;0m[48;2;0;0;0m▀[0m[38;2;0;0;0m[48;2;0;0;0m▀[0m[38;2;0;0;0m[48;2;0;0;0m▀[0m[38;2;255;255;255m[48;2;255;255;255m▀[0m[38;2;255;255;255m[48;2;255;255;255m▀[0m[38;2;255;255;255m[48;2;255;255;255m▀[0m[38;2;255;255;255m[48;2;255;255;255m▀[0m[38;2;255;255;255m[48;2;255;255;255m▀[0m[38;2;255;255;255m[48;2;255;255;255m▀[0m[38;2;255;255;255m[48;2;255;255;255m▀[0m[38;2;255;255;255m[48;2;255;255;255m▀[0m[38;2;255;255;255m[48;2;255;255;255m▀[0m[38;2;255;255;255m[48;2;255;255;255m▀[0m[38;2;255;255;255m[48;2;255;255;255m▀[0m[38;2;255;255;255m[48;2;255;255;255m▀[0m[38;2;255;255;255m[48;2;255;255;255m▀[0m[38;2;255;255;255m[48;2;255;255;255m▀[0m[38;2;255;255;255m[48;2;255;255;255m▀[0m[38;2;255;255;255m[48;2;255;255;255m▀[0m[38;2;255;255;255m[48;2;255;255;255m▀[0m[38;2;255;255;255m[48;2;255;255;255m▀[0m[38;2;255;183;176m[48;2;255;185;185m▀[0m[38;2;255;204;202m[48;2;220;223;220m▀[0m[38;2;207;254;252m[48;2;255;255;255m▀[0m[38;2;255;255;255m[48;2;255;255;255m▀[0m[38;2;251;254;253m[48;2;150;154;150m▀[0m[38;2;196;200;196m[48;2;178;180;178m▀[0m[38;2;200;203;203m[48;2;220;220;220m▀[0m[38;2;255;255;255m[48;2;255;255;255m▀[0m[38;2;255;255;255m[48;2;255;255;255m▀[0m[38;2;255;255;255m[48;2;255;255;255m▀[0m[38;2;52;57;57m[48;2;93;104;102m▀[0m[38;2;255;255;255m[48;2;255;255;255m▀[0m[38;2;255;255;255m[48;2;255;255;255m▀[0m[38;2;114;117;117m[48;2;123;122;122m▀[0m[38;2;255;255;255m[48;2;255;255;255m▀[0m[38;2;100;104;108m[48;2;104;112;115m▀[0m[38;2;255;255;255m[48;2;255;255;255m▀[0m[38;2;255;255;255m[48;2;255;255;255m▀[0m[38;2;255;255;255m[48;2;255;255;255m▀[0m[38;2;255;255;255m[48;2;255;255;255m▀[0m[38;2;255;255;255m[48;2;255;255;255m▀[0m[38;2;255;255;255m[48;2;255;255;255m▀[0m[38;2;255;255;255m[48;2;255;255;255m▀[0m[38;2;255;255;255m[48;2;255;255;255m▀[0m[38;2;255;255;255m[48;2;255;255;255m▀[0m[38;2;255;255;255m[48;2;255;255;255m▀[0m[38;2;255;255;255m[48;2;255;255;255m▀[0m[38;2;255;255;255m[48;2;255;255;255m▀[0m[38;2;255;255;255m[48;2;255;255;255m▀[0m[38;2;255;255;255m[48;2;255;255;255m▀[0m[38;2;255;255;255m[48;2;255;255;255m▀[0m[38;2;255;255;255m[48;2;255;255;255m▀[0m[38;2;255;255;255m[48;2;255;255;255m▀[0m[38;2;220;222;218m[48;2;196;195;195m▀[0m[38;2;0;0;0m[48;2;0;0;0m▀[0m[38;2;0;0;0m[48;2;0;0;0m▀[0m[38;2;0;0;0m[48;2;0;0;0m▀[0m[38;2;0;0;0m[48;2;0;0;0m▀[0m[38;2;169;240;223m[48;2;53;79;69m▀[0m[38;2;239;255;255m[48;2;255;255;255m▀[0m[38;2;190;255;252m[48;2;200;255;255m▀[0m[38;2;180;255;245m[48;2;192;255;255m▀[0m[38;2;174;252;237m[48;2;179;255;244m▀[0m[38;2;174;252;235m[48;2;176;252;237m▀[0m[38;2;176;252;237m[48;2;176;252;237m▀[0m
[38;2;175;255;240m[48;2;202;255;255m▀[0m[38;2;184;255;242m[48;2;185;255;250m▀[0m[38;2;183;255;241m[48;2;186;255;252m▀[0m[38;2;185;255;247m[48;2;193;255;255m▀[0m[38;2;193;255;254m[48;2;207;255;255m▀[0m[38;2;196;255;255m[48;2;255;255;255m▀[0m[38;2;255;255;255m[48;2;107;162;153m▀[0m[38;2;108;165;156m[48;2;0;0;0m▀[0m[38;2;0;0;0m[48;2;0;0;0m▀[0m[38;2;0;0;0m[48;2;0;0;0m▀[0m[38;2;0;0;0m[48;2;0;0;0m▀[0m[38;2;0;0;0m[48;2;0;0;0m▀[0m[38;2;0;0;0m[48;2;0;0;0m▀[0m[38;2;255;255;255m[48;2;35;40;41m▀[0m[38;2;255;255;255m[48;2;255;255;255m▀[0m[38;2;255;255;255m[48;2;255;255;255m▀[0m[38;2;255;255;255m[48;2;255;255;255m▀[0m[38;2;255;255;255m[48;2;255;255;255m▀[0m[38;2;255;255;255m[48;2;255;255;255m▀[0m[38;2;255;255;255m[48;2;255;255;255m▀[0m[38;2;255;255;255m[48;2;255;255;255m▀[0m[38;2;255;255;255m[48;2;255;255;255m▀[0m[38;2;255;255;255m[48;2;255;255;255m▀[0m[38;2;255;255;255m[48;2;255;255;255m▀[0m[38;2;255;255;255m[48;2;255;255;255m▀[0m[38;2;255;255;255m[48;2;255;255;255m▀[0m[38;2;255;255;255m[48;2;255;255;255m▀[0m[38;2;255;255;255m[48;2;255;255;255m▀[0m[38;2;255;255;255m[48;2;255;255;255m▀[0m[38;2;255;255;255m[48;2;255;255;255m▀[0m[38;2;255;255;255m[48;2;134;137;137m▀[0m[38;2;215;196;200m[48;2;255;255;255m▀[0m[38;2;255;255;255m[48;2;163;173;170m▀[0m[38;2;228;234;229m[48;2;0;0;0m▀[0m[38;2;69;78;71m[48;2;0;0;0m▀[0m[38;2;13;21;13m[48;2;0;0;0m▀[0m[38;2;195;197;197m[48;2;231;228;230m▀[0m[38;2;237;240;237m[48;2;240;245;241m▀[0m[38;2;255;255;255m[48;2;255;255;255m▀[0m[38;2;255;255;255m[48;2;255;255;255m▀[0m[38;2;255;255;255m[48;2;255;255;255m▀[0m[38;2;31;40;37m[48;2;0;0;0m▀[0m[38;2;255;255;255m[48;2;0;0;0m▀[0m[38;2;255;255;255m[48;2;0;0;0m▀[0m[38;2;179;179;179m[48;2;79;79;79m▀[0m[38;2;255;255;255m[48;2;255;255;255m▀[0m[38;2;123;132;132m[48;2;165;175;173m▀[0m[38;2;255;255;255m[48;2;255;255;255m▀[0m[38;2;255;255;255m[48;2;255;255;255m▀[0m[38;2;255;255;255m[48;2;255;255;255m▀[0m[38;2;255;255;255m[48;2;255;255;255m▀[0m[38;2;255;255;255m[48;2;255;255;255m▀[0m[38;2;255;255;255m[48;2;255;255;255m▀[0m[38;2;255;255;255m[48;2;255;255;255m▀[0m[38;2;255;255;255m[48;2;255;255;255m▀[0m[38;2;255;255;255m[48;2;255;255;255m▀[0m[38;2;255;255;255m[48;2;255;255;255m▀[0m[38;2;255;255;255m[48;2;255;255;255m▀[0m[38;2;255;255;255m[48;2;255;255;255m▀[0m[38;2;255;255;255m[48;2;255;255;255m▀[0m[38;2;255;255;255m[48;2;255;255;255m▀[0m[38;2;255;255;255m[48;2;255;255;255m▀[0m[38;2;255;255;255m[48;2;255;255;255m▀[0m[38;2;255;255;255m[48;2;255;255;255m▀[0m[38;2;68;71;68m[48;2;0;0;0m▀[0m[38;2;0;0;0m[48;2;0;0;0m▀[0m[38;2;0;0;0m[48;2;0;0;0m▀[0m[38;2;0;0;0m[48;2;0;0;0m▀[0m[38;2;0;0;0m[48;2;0;0;0m▀[0m[38;2;0;0;0m[48;2;0;0;0m▀[0m[38;2;189;255;254m[48;2;0;0;0m▀[0m[38;2;255;255;255m[48;2;207;255;255m▀[0m[38;2;200;255;255m[48;2;244;255;255m▀[0m[38;2;185;255;251m[48;2;195;255;255m▀[0m[38;2;174;255;240m[48;2;186;255;252m▀[0m[38;2;176;252;237m[48;2;184;255;245m▀[0m
[38;2;74;141;130m[48;2;67;28;32m▀[0m[38;2;208;255;255m[48;2;24;74;67m▀[0m[38;2;196;255;255m[48;2;234;255;255m▀[0m[38;2;215;255;255m[48;2;245;255;255m▀[0m[38;2;251;255;255m[48;2;25;39;35m▀[0m[38;2;70;101;96m[48;2;0;0;0m▀[0m[38;2;0;0;0m[48;2;0;0;0m▀[0m[38;2;28;17;20m[48;2;174;165;170m▀[0m[38;2;84;79;81m[48;2;255;255;255m▀[0m[38;2;0;0;0m[48;2;255;255;255m▀[0m[38;2;0;0;0m[48;2;68;70;68m▀[0m[38;2;0;0;0m[48;2;0;0;0m▀[0m[38;2;0;0;0m[48;2;0;0;0m▀[0m[38;2;0;0;0m[48;2;0;0;0m▀[0m[38;2;0;0;0m[48;2;0;0;0m▀[0m[38;2;255;255;255m[48;2;0;0;0m▀[0m[38;2;255;255;255m[48;2;58;62;62m▀[0m[38;2;255;255;255m[48;2;255;255;255m▀[0m[38;2;255;255;255m[48;2;255;255;255m▀[0m[38;2;255;255;255m[48;2;255;255;255m▀[0m[38;2;255;255;255m[48;2;255;255;255m▀[0m[38;2;255;255;255m[48;2;255;255;255m▀[0m[38;2;255;255;255m[48;2;255;255;255m▀[0m[38;2;255;255;255m[48;2;255;255;255m▀[0m[38;2;255;255;255m[48;2;255;255;255m▀[0m[38;2;255;255;255m[48;2;255;255;255m▀[0m[38;2;255;255;255m[48;2;255;255;255m▀[0m[38;2;255;255;255m[48;2;158;161;161m▀[0m[38;2;255;255;255m[48;2;0;0;0m▀[0m[38;2;108;111;112m[48;2;129;137;132m▀[0m[38;2;107;111;107m[48;2;255;255;255m▀[0m[38;2;255;255;255m[48;2;255;255;255m▀[0m[38;2;23;23;23m[48;2;0;0;0m▀[0m[38;2;0;0;0m[48;2;0;0;0m▀[0m[38;2;0;0;0m[48;2;0;0;0m▀[0m[38;2;0;0;0m[48;2;12;12;14m▀[0m[38;2;255;255;255m[48;2;255;255;255m▀[0m[38;2;237;242;242m[48;2;228;231;233m▀[0m[38;2;255;255;255m[48;2;255;255;255m▀[0m[38;2;255;255;255m[48;2;255;255;255m▀[0m[38;2;255;255;255m[48;2;255;255;255m▀[0m[38;2;17;24;23m[48;2;119;125;120m▀[0m[38;2;0;0;0m[48;2;0;0;0m▀[0m[38;2;0;0;0m[48;2;0;0;0m▀[0m[38;2;32;29;32m[48;2;93;93;93m▀[0m[38;2;255;255;255m[48;2;255;255;255m▀[0m[38;2;8;13;14m[48;2;0;0;0m▀[0m[38;2;254;255;255m[48;2;0;0;0m▀[0m[38;2;255;255;255m[48;2;0;0;0m▀[0m[38;2;255;255;255m[48;2;164;169;165m▀[0m[38;2;255;255;255m[48;2;255;255;255m▀[0m[38;2;255;255;255m[48;2;255;255;255m▀[0m[38;2;255;255;255m[48;2;255;255;255m▀[0m[38;2;255;255;255m[48;2;255;255;255m▀[0m[38;2;255;255;255m[48;2;255;255;255m▀[0m[38;2;255;255;255m[48;2;255;255;255m▀[0m[38;2;255;255;255m[48;2;255;255;255m▀[0m[38;2;255;255;255m[48;2;255;255;255m▀[0m[38;2;255;255;255m[48;2;255;255;255m▀[0m[38;2;255;255;255m[48;2;255;255;255m▀[0m[38;2;255;255;255m[48;2;255;255;255m▀[0m[38;2;255;255;255m[48;2;71;74;74m▀[0m[38;2;255;255;255m[48;2;0;0;0m▀[0m[38;2;0;0;0m[48;2;0;0;0m▀[0m[38;2;0;0;0m[48;2;0;0;0m▀[0m[38;2;0;0;0m[48;2;0;0;0m▀[0m[38;2;0;0;0m[48;2;0;0;0m▀[0m[38;2;0;0;0m[48;2;0;0;0m▀[0m[38;2;0;0;0m[48;2;0;0;0m▀[0m[38;2;0;0;0m[48;2;255;255;255m▀[0m[38;2;0;0;0m[48;2;220;218;228m▀[0m[38;2;0;0;0m[48;2;0;0;0m▀[0m[38;2;168;247;229m[48;2;0;0;0m▀[0m[38;2;255;255;255m[48;2;112;164;148m▀[0m[38;2;204;255;255m[48;2;252;255;255m▀[0m[38;2;195;255;255m[48;2;217;255;255m▀[0m
[38;2;255;255;255m[48;2;255;255;255m▀[0m[38;2;128;93;102m[48;2;255;255;255m▀[0m[38;2;62;154;130m[48;2;123;122;115m▀[0m[38;2;61;113;103m[48;2;0;0;0m▀[0m[38;2;0;0;0m[48;2;0;0;0m▀[0m[38;2;0;0;0m[48;2;0;0;0m▀[0m[38;2;0;0;0m[48;2;0;0;0m▀[0m[38;2;245;245;246m[48;2;255;255;255m▀[0m[38;2;255;255;255m[48;2;255;255;255m▀[0m[38;2;255;255;255m[48;2;255;255;255m▀[0m[38;2;255;255;255m[48;2;255;255;255m▀[0m[38;2;255;255;255m[48;2;255;255;255m▀[0m[38;2;248;247;244m[48;2;255;255;255m▀[0m[38;2;79;79;79m[48;2;255;255;255m▀[0m[38;2;0;0;0m[48;2;204;209;209m▀[0m[38;2;0;0;0m[48;2;0;0;0m▀[0m[38;2;0;0;0m[48;2;0;0;0m▀[0m[38;2;0;0;0m[48;2;0;0;0m▀[0m[38;2;0;0;0m[48;2;0;0;0m▀[0m[38;2;14;19;19m[48;2;0;0;0m▀[0m[38;2;93;96;98m[48;2;0;0;0m▀[0m[38;2;135;137;137m[48;2;0;0;0m▀[0m[38;2;139;141;142m[48;2;0;0;0m▀[0m[38;2;111;113;115m[48;2;0;0;0m▀[0m[38;2;39;41;43m[48;2;0;0;0m▀[0m[38;2;0;0;0m[48;2;0;0;0m▀[0m[38;2;0;0;0m[48;2;0;0;0m▀[0m[38;2;0;0;0m[48;2;0;0;0m▀[0m[38;2;0;0;0m[48;2;0;0;0m▀[0m[38;2;17;21;20m[48;2;0;0;0m▀[0m[38;2;255;255;255m[48;2;219;223;219m▀[0m[38;2;225;234;229m[48;2;151;156;152m▀[0m[38;2;0;0;0m[48;2;0;0;0m▀[0m[38;2;0;0;0m[48;2;0;0;0m▀[0m[38;2;0;0;0m[48;2;0;0;0m▀[0m[38;2;95;92;96m[48;2;191;191;191m▀[0m[38;2;241;244;244m[48;2;191;195;195m▀[0m[38;2;250;253;255m[48;2;255;255;255m▀[0m[38;2;255;255;255m[48;2;255;255;255m▀[0m[38;2;255;255;255m[48;2;255;255;255m▀[0m[38;2;255;255;255m[48;2;255;255;255m▀[0m[38;2;202;204;204m[48;2;255;255;255m▀[0m[38;2;0;0;0m[48;2;71;74;74m▀[0m[38;2;0;0;0m[48;2;0;0;0m▀[0m[38;2;126;126;126m[48;2;146;145;145m▀[0m[38;2;255;255;255m[48;2;255;255;255m▀[0m[38;2;0;0;0m[48;2;0;0;0m▀[0m[38;2;0;0;0m[48;2;0;0;0m▀[0m[38;2;0;0;0m[48;2;0;0;0m▀[0m[38;2;0;0;0m[48;2;0;0;0m▀[0m[38;2;0;0;0m[48;2;0;0;0m▀[0m[38;2;10;13;13m[48;2;0;0;0m▀[0m[38;2;142;145;145m[48;2;0;0;0m▀[0m[38;2;237;240;240m[48;2;0;0;0m▀[0m[38;2;255;255;255m[48;2;0;0;0m▀[0m[38;2;255;255;255m[48;2;0;0;0m▀[0m[38;2;255;255;255m[48;2;0;0;0m▀[0m[38;2;219;222;224m[48;2;0;0;0m▀[0m[38;2;113;115;122m[48;2;0;0;0m▀[0m[38;2;0;0;0m[48;2;0;0;0m▀[0m[38;2;0;0;0m[48;2;35;39;35m▀[0m[38;2;0;0;0m[48;2;0;0;0m▀[0m[38;2;0;0;0m[48;2;0;0;0m▀[0m[38;2;0;0;0m[48;2;61;63;63m▀[0m[38;2;3;2;3m[48;2;255;255;255m▀[0m[38;2;62;63;59m[48;2;255;255;255m▀[0m[38;2;146;154;148m[48;2;255;255;255m▀[0m[38;2;255;255;255m[48;2;255;255;255m▀[0m[38;2;255;255;255m[48;2;255;255;255m▀[0m[38;2;255;255;255m[48;2;255;255;255m▀[0m[38;2;255;255;255m[48;2;255;255;255m▀[0m[38;2;0;0;0m[48;2;0;0;0m▀[0m[38;2;0;0;0m[48;2;0;0;0m▀[0m[38;2;0;0;0m[48;2;0;0;0m▀[0m[38;2;79;115;102m[48;2;0;0;0m▀[0m[38;2;255;255;255m[48;2;80;134;114m▀[0m
[38;2;255;255;255m[48;2;255;255;255m▀[0m[38;2;255;255;255m[48;2;255;255;255m▀[0m[38;2;255;255;255m[48;2;255;255;255m▀[0m[38;2;9;9;7m[48;2;255;255;255m▀[0m[38;2;0;0;0m[48;2;0;0;0m▀[0m[38;2;0;0;0m[48;2;161;164;161m▀[0m[38;2;250;252;252m[48;2;255;255;255m▀[0m[38;2;255;255;255m[48;2;255;255;255m▀[0m[38;2;255;255;255m[48;2;255;255;255m▀[0m[38;2;255;255;255m[48;2;255;255;255m▀[0m[38;2;119;123;118m[48;2;255;255;255m▀[0m[38;2;0;0;0m[48;2;255;255;255m▀[0m[38;2;255;255;255m[48;2;255;255;255m▀[0m[38;2;255;255;255m[48;2;255;255;255m▀[0m[38;2;187;192;192m[48;2;255;255;255m▀[0m[38;2;34;30;32m[48;2;255;255;255m▀[0m[38;2;0;0;0m[48;2;255;255;255m▀[0m[38;2;10;13;15m[48;2;255;255;255m▀[0m[38;2;45;47;47m[48;2;255;255;255m▀[0m[38;2;0;0;0m[48;2;13;15;15m▀[0m[38;2;0;0;0m[48;2;0;0;0m▀[0m[38;2;0;0;0m[48;2;0;0;0m▀[0m[38;2;0;0;0m[48;2;0;0;0m▀[0m[38;2;0;0;0m[48;2;0;0;0m▀[0m[38;2;0;0;0m[48;2;0;0;0m▀[0m[38;2;0;0;0m[48;2;1;1;1m▀[0m[38;2;0;0;0m[48;2;0;0;0m▀[0m[38;2;0;0;0m[48;2;0;0;0m▀[0m[38;2;0;0;0m[48;2;0;0;0m▀[0m[38;2;0;0;0m[48;2;0;0;0m▀[0m[38;2;255;255;255m[48;2;255;255;255m▀[0m[38;2;184;187;187m[48;2;237;241;241m▀[0m[38;2;0;0;0m[48;2;123;123;123m▀[0m[38;2;0;0;0m[48;2;255;255;255m▀[0m[38;2;0;0;0m[48;2;93;96;96m▀[0m[38;2;255;255;255m[48;2;255;255;255m▀[0m[38;2;148;156;156m[48;2;198;197;197m▀[0m[38;2;255;255;255m[48;2;255;255;255m▀[0m[38;2;255;255;255m[48;2;255;255;255m▀[0m[38;2;255;255;255m[48;2;255;255;255m▀[0m[38;2;255;255;255m[48;2;255;255;255m▀[0m[38;2;217;217;217m[48;2;137;137;134m▀[0m[38;2;255;255;255m[48;2;255;255;255m▀[0m[38;2;0;0;0m[48;2;52;54;54m▀[0m[38;2;158;161;161m[48;2;191;193;196m▀[0m[38;2;255;255;255m[48;2;255;255;255m▀[0m[38;2;4;8;8m[48;2;69;73;73m▀[0m[38;2;0;0;0m[48;2;0;0;0m▀[0m[38;2;0;0;0m[48;2;0;0;0m▀[0m[38;2;0;0;0m[48;2;0;0;0m▀[0m[38;2;0;0;0m[48;2;0;0;0m▀[0m[38;2;0;0;0m[48;2;0;0;0m▀[0m[38;2;0;0;0m[48;2;0;0;0m▀[0m[38;2;0;0;0m[48;2;0;0;0m▀[0m[38;2;0;0;0m[48;2;0;0;0m▀[0m[38;2;0;0;0m[48;2;0;0;0m▀[0m[38;2;0;0;0m[48;2;0;0;0m▀[0m[38;2;0;0;0m[48;2;0;0;0m▀[0m[38;2;0;0;0m[48;2;0;0;0m▀[0m[38;2;175;180;173m[48;2;0;0;0m▀[0m[38;2;255;255;255m[48;2;0;0;0m▀[0m[38;2;0;0;0m[48;2;0;0;0m▀[0m[38;2;0;0;0m[48;2;0;0;0m▀[0m[38;2;0;0;0m[48;2;45;45;46m▀[0m[38;2;0;0;0m[48;2;100;106;112m▀[0m[38;2;0;0;0m[48;2;132;141;147m▀[0m[38;2;0;0;0m[48;2;202;206;206m▀[0m[38;2;0;0;0m[48;2;185;189;185m▀[0m[38;2;0;0;0m[48;2;167;172;168m▀[0m[38;2;255;255;255m[48;2;255;255;255m▀[0m[38;2;255;255;255m[48;2;255;255;255m▀[0m[38;2;183;187;187m[48;2;255;255;255m▀[0m[38;2;0;0;0m[48;2;53;57;59m▀[0m[38;2;0;0;0m[48;2;0;0;0m▀[0m[38;2;0;0;0m[48;2;23;19;21m▀[0m[38;2;79;62;65m[48;2;255;255;255m▀[0m
