[38;2;17;17;17m[48;2;17;17;17m▀[0m[38;2;14;18;14m[48;2;14;13;13m▀[0m[38;2;6;6;6m[48;2;3;3;3m▀[0m[38;2;37;39;39m[48;2;63;64;64m▀[0m[38;2;0;0;0m[48;2;0;0;0m▀[0m[38;2;22;21;21m[48;2;108;106;109m▀[0m[38;2;0;0;0m[48;2;0;0;0m▀[0m[38;2;247;247;247m[48;2;247;247;247m▀[0m[38;2;247;247;247m[48;2;221;221;221m▀[0m[38;2;0;0;0m[48;2;130;133;132m▀[0m[38;2;149;149;149m[48;2;191;191;191m▀[0m[38;2;2;5;5m[48;2;0;0;0m▀[0m[38;2;66;66;64m[48;2;0;0;0m▀[0m[38;2;141;143;141m[48;2;0;0;0m▀[0m[38;2;225;224;225m[48;2;63;63;63m▀[0m[38;2;247;247;247m[48;2;208;211;211m▀[0m[38;2;153;152;150m[48;2;247;247;247m▀[0m[38;2;0;0;0m[48;2;205;204;205m▀[0m[38;2;247;247;247m[48;2;101;101;101m▀[0m[38;2;247;247;247m[48;2;247;247;247m▀[0m[38;2;22;22;22m[48;2;201;201;203m▀[0m[38;2;0;0;0m[48;2;0;0;0m▀[0m[38;2;0;0;0m[48;2;0;0;0m▀[0m[38;2;0;0;0m[48;2;0;0;0m▀[0m[38;2;0;0;0m[48;2;0;0;0m▀[0m[38;2;8;8;6m[48;2;0;0;0m▀[0m[38;2;1;1;3m[48;2;0;0;0m▀[0m[38;2;0;0;0m[48;2;11;14;10m▀[0m[38;2;0;0;0m[48;2;247;247;247m▀[0m[38;2;247;247;247m[48;2;180;180;182m▀[0m[38;2;103;103;105m[48;2;0;0;0m▀[0m[38;2;0;0;0m[48;2;0;0;0m▀[0m[38;2;0;0;0m[48;2;0;0;0m▀[0m[38;2;0;0;0m[48;2;117;117;117m▀[0m[38;2;38;38;38m[48;2;171;174;174m▀[0m[38;2;106;106;106m[48;2;146;146;148m▀[0m[38;2;12;10;13m[48;2;213;213;213m▀[0m[38;2;86;89;89m[48;2;210;210;210m▀[0m[38;2;145;145;145m[48;2;247;247;247m▀[0m[38;2;5;5;5m[48;2;235;234;234m▀[0m[38;2;91;94;91m[48;2;171;171;171m▀[0m[38;2;119;122;122m[48;2;168;167;168m▀[0m[38;2;0;0;0m[48;2;219;218;215m▀[0m[38;2;0;0;0m[48;2;63;65;65m▀[0m[38;2;0;0;0m[48;2;0;0;0m▀[0m[38;2;0;0;0m[48;2;0;0;0m▀[0m[38;2;247;247;247m[48;2;0;0;0m▀[0m[38;2;194;192;192m[48;2;247;247;247m▀[0m[38;2;0;0;0m[48;2;47;44;47m▀[0m[38;2;43;47;47m[48;2;0;0;0m▀[0m[38;2;0;0;0m[48;2;0;0;0m▀[0m[38;2;0;0;0m[48;2;0;0;0m▀[0m[38;2;0;0;0m[48;2;0;0;0m▀[0m[38;2;0;0;0m[48;2;0;0;0m▀[0m[38;2;0;0;0m[48;2;147;147;147m▀[0m[38;2;247;247;247m[48;2;247;247;247m▀[0m[38;2;75;75;75m[48;2;247;247;247m▀[0m[38;2;0;0;0m[48;2;0;0;0m▀[0m[38;2;0;0;0m[48;2;0;0;0m▀[0m[38;2;0;0;0m[48;2;157;157;158m▀[0m[38;2;7;7;5m[48;2;247;247;247m▀[0m[38;2;208;208;205m[48;2;247;247;247m▀[0m[38;2;240;240;237m[48;2;247;247;247m▀[0m[38;2;247;247;247m[48;2;136;136;136m▀[0m[38;2;52;52;52m[48;2;0;0;0m▀[0m[38;2;95;94;94m[48;2;0;0;0m▀[0m[38;2;73;75;75m[48;2;0;0;0m▀[0m[38;2;91;91;91m[48;2;25;28;28m▀[0m[38;2;43;43;43m[48;2;38;41;41m▀[0m[38;2;0;0;0m[48;2;0;0;0m▀[0m[38;2;30;30;30m[48;2;18;18;18m▀[0m[38;2;49;49;49m[48;2;79;79;76m▀[0m[38;2;5;5;5m[48;2;6;4;8m▀[0m[38;2;13;13;13m[48;2;13;13;14m▀[0m[38;2;17;17;17m[48;2;15;14;15m▀[0m[38;2;15;15;15m[48;2;17;17;17m▀[0m
[38;2;15;15;16m[48;2;17;20;17m▀[0m[38;2;14;14;11m[48;2;15;14;12m▀[0m[38;2;2;5;2m[48;2;13;13;13m▀[0m[38;2;88;88;90m[48;2;113;110;110m▀[0m[38;2;0;0;0m[48;2;0;0;0m▀[0m[38;2;216;218;218m[48;2;247;247;247m▀[0m[38;2;17;17;17m[48;2;155;154;154m▀[0m[38;2;24;24;25m[48;2;0;0;0m▀[0m[38;2;37;40;40m[48;2;22;22;24m▀[0m[38;2;247;247;247m[48;2;199;202;203m▀[0m[38;2;179;179;179m[48;2;247;247;247m▀[0m[38;2;0;0;0m[48;2;0;0;0m▀[0m[38;2;143;141;144m[48;2;247;247;247m▀[0m[38;2;247;247;247m[48;2;247;247;247m▀[0m[38;2;247;247;247m[48;2;247;247;247m▀[0m[38;2;0;0;0m[48;2;176;176;176m▀[0m[38;2;46;46;46m[48;2;0;0;0m▀[0m[38;2;247;247;247m[48;2;182;184;182m▀[0m[38;2;160;160;160m[48;2;247;247;247m▀[0m[38;2;209;209;209m[48;2;162;162;162m▀[0m[38;2;172;172;170m[48;2;0;0;0m▀[0m[38;2;0;0;0m[48;2;0;0;0m▀[0m[38;2;42;42;42m[48;2;0;0;0m▀[0m[38;2;172;172;174m[48;2;13;13;13m▀[0m[38;2;100;100;98m[48;2;112;112;112m▀[0m[38;2;0;0;0m[48;2;186;189;185m▀[0m[38;2;0;0;0m[48;2;98;97;98m▀[0m[38;2;91;91;89m[48;2;239;239;239m▀[0m[38;2;247;247;247m[48;2;221;220;221m▀[0m[38;2;0;0;0m[48;2;0;0;0m▀[0m[38;2;0;0;0m[48;2;0;0;0m▀[0m[38;2;0;0;0m[48;2;156;159;159m▀[0m[38;2;176;176;176m[48;2;247;247;247m▀[0m[38;2;247;247;247m[48;2;247;247;247m▀[0m[38;2;247;247;247m[48;2;247;247;247m▀[0m[38;2;247;247;247m[48;2;206;205;205m▀[0m[38;2;247;247;247m[48;2;226;229;226m▀[0m[38;2;242;241;241m[48;2;247;247;247m▀[0m[38;2;247;247;247m[48;2;219;222;222m▀[0m[38;2;247;247;247m[48;2;247;247;247m▀[0m[38;2;247;247;247m[48;2;238;240;240m▀[0m[38;2;247;247;247m[48;2;247;247;247m▀[0m[38;2;230;229;226m[48;2;247;247;247m▀[0m[38;2;247;247;247m[48;2;247;247;247m▀[0m[38;2;139;139;140m[48;2;247;247;247m▀[0m[38;2;0;0;0m[48;2;172;172;173m▀[0m[38;2;0;0;0m[48;2;0;0;0m▀[0m[38;2;229;232;232m[48;2;109;109;109m▀[0m[38;2;247;247;247m[48;2;247;247;247m▀[0m[38;2;0;0;0m[48;2;0;0;0m▀[0m[38;2;0;0;0m[48;2;0;0;0m▀[0m[38;2;0;0;0m[48;2;0;0;0m▀[0m[38;2;0;0;0m[48;2;0;0;0m▀[0m[38;2;0;0;0m[48;2;0;0;0m▀[0m[38;2;247;247;247m[48;2;247;247;247m▀[0m[38;2;247;247;247m[48;2;247;247;247m▀[0m[38;2;247;247;247m[48;2;226;228;228m▀[0m[38;2;156;156;156m[48;2;97;97;97m▀[0m[38;2;114;113;113m[48;2;247;247;247m▀[0m[38;2;178;181;181m[48;2;62;64;64m▀[0m[38;2;118;122;121m[48;2;247;247;247m▀[0m[38;2;242;241;241m[48;2;247;247;247m▀[0m[38;2;38;40;40m[48;2;16;18;18m▀[0m[38;2;0;0;0m[48;2;27;30;30m▀[0m[38;2;34;34;34m[48;2;247;247;247m▀[0m[38;2;138;137;134m[48;2;247;247;247m▀[0m[38;2;247;247;247m[48;2;247;247;247m▀[0m[38;2;247;247;247m[48;2;247;247;247m▀[0m[38;2;118;118;118m[48;2;16;14;17m▀[0m[38;2;0;0;0m[48;2;66;65;65m▀[0m[38;2;9;12;12m[48;2;0;0;0m▀[0m[38;2;107;105;102m[48;2;129;127;124m▀[0m[38;2;10;10;11m[48;2;20;23;22m▀[0m[38;2;10;13;12m[48;2;5;8;9m▀[0m[38;2;15;18;15m[48;2;18;17;18m▀[0m[38;2;19;21;19m[48;2;21;23;21m▀[0m
[38;2;17;20;19m[48;2;22;22;22m▀[0m[38;2;13;16;15m[48;2;13;15;13m▀[0m[38;2;29;29;27m[48;2;53;53;51m▀[0m[38;2;129;127;127m[48;2;151;154;151m▀[0m[38;2;0;0;0m[48;2;0;0;0m▀[0m[38;2;0;0;0m[48;2;0;0;0m▀[0m[38;2;141;139;145m[48;2;0;0;0m▀[0m[38;2;0;0;0m[48;2;0;0;0m▀[0m[38;2;0;0;0m[48;2;0;0;0m▀[0m[38;2;0;0;0m[48;2;0;0;0m▀[0m[38;2;29;26;32m[48;2;0;0;0m▀[0m[38;2;0;0;0m[48;2;84;83;84m▀[0m[38;2;152;155;152m[48;2;0;0;0m▀[0m[38;2;247;247;247m[48;2;9;12;4m▀[0m[38;2;247;247;247m[48;2;247;247;247m▀[0m[38;2;247;247;247m[48;2;141;139;143m▀[0m[38;2;229;232;229m[48;2;98;101;103m▀[0m[38;2;247;247;247m[48;2;205;207;211m▀[0m[38;2;247;247;247m[48;2;247;247;247m▀[0m[38;2;247;247;247m[48;2;247;247;247m▀[0m[38;2;0;0;0m[48;2;158;158;159m▀[0m[38;2;0;0;0m[48;2;0;0;0m▀[0m[38;2;0;0;0m[48;2;0;0;0m▀[0m[38;2;0;0;0m[48;2;0;0;0m▀[0m[38;2;0;0;0m[48;2;0;0;0m▀[0m[38;2;0;0;0m[48;2;0;0;0m▀[0m[38;2;27;26;27m[48;2;0;0;0m▀[0m[38;2;247;247;247m[48;2;203;203;203m▀[0m[38;2;161;161;163m[48;2;226;226;226m▀[0m[38;2;0;0;0m[48;2;0;0;0m▀[0m[38;2;104;104;102m[48;2;247;247;247m▀[0m[38;2;247;247;247m[48;2;247;247;247m▀[0m[38;2;247;247;247m[48;2;247;247;247m▀[0m[38;2;247;247;247m[48;2;177;181;180m▀[0m[38;2;233;237;234m[48;2;143;147;144m▀[0m[38;2;44;43;43m[48;2;0;2;2m▀[0m[38;2;228;227;227m[48;2;159;161;161m▀[0m[38;2;247;247;247m[48;2;247;247;247m▀[0m[38;2;208;208;208m[48;2;247;247;247m▀[0m[38;2;174;177;177m[48;2;219;219;221m▀[0m[38;2;235;237;237m[48;2;162;164;165m▀[0m[38;2;140;141;138m[48;2;3;6;6m▀[0m[38;2;235;236;233m[48;2;133;135;133m▀[0m[38;2;247;247;247m[48;2;213;216;213m▀[0m[38;2;244;247;243m[48;2;247;247;247m▀[0m[38;2;247;247;247m[48;2;244;244;244m▀[0m[38;2;77;77;77m[48;2;247;247;247m▀[0m[38;2;133;133;133m[48;2;238;238;238m▀[0m[38;2;247;247;247m[48;2;111;111;111m▀[0m[38;2;0;0;0m[48;2;0;0;0m▀[0m[38;2;0;0;0m[48;2;0;0;0m▀[0m[38;2;0;0;0m[48;2;0;0;0m▀[0m[38;2;0;0;0m[48;2;0;0;0m▀[0m[38;2;0;0;0m[48;2;0;0;0m▀[0m[38;2;207;211;208m[48;2;214;215;212m▀[0m[38;2;247;247;247m[48;2;236;236;233m▀[0m[38;2;67;67;67m[48;2;123;126;123m▀[0m[38;2;246;246;246m[48;2;247;247;247m▀[0m[38;2;247;247;247m[48;2;247;247;247m▀[0m[38;2;247;247;247m[48;2;247;247;247m▀[0m[38;2;247;247;247m[48;2;247;247;247m▀[0m[38;2;247;247;247m[48;2;247;247;247m▀[0m[38;2;160;161;161m[48;2;247;247;247m▀[0m[38;2;27;29;29m[48;2;247;247;247m▀[0m[38;2;247;247;247m[48;2;247;247;247m▀[0m[38;2;247;247;247m[48;2;61;64;64m▀[0m[38;2;131;133;133m[48;2;0;0;0m▀[0m[38;2;0;0;0m[48;2;0;0;0m▀[0m[38;2;0;0;0m[48;2;110;110;112m▀[0m[38;2;202;202;202m[48;2;243;245;245m▀[0m[38;2;0;0;0m[48;2;0;0;0m▀[0m[38;2;141;138;138m[48;2;141;138;138m▀[0m[38;2;49;49;49m[48;2;84;83;84m▀[0m[38;2;4;4;5m[48;2;12;12;12m▀[0m[38;2;18;17;18m[48;2;22;21;22m▀[0m[38;2;23;25;23m[48;2;32;32;32m▀[0m
[38;2;25;28;28m[48;2;33;36;33m▀[0m[38;2;10;13;14m[48;2;21;23;21m▀[0m[38;2;77;80;77m[48;2;106;106;106m▀[0m[38;2;154;154;151m[48;2;131;131;131m▀[0m[38;2;110;110;107m[48;2;137;136;136m▀[0m[38;2;0;0;0m[48;2;138;138;136m▀[0m[38;2;0;0;0m[48;2;35;35;36m▀[0m[38;2;0;0;0m[48;2;0;0;0m▀[0m[38;2;0;0;0m[48;2;0;0;0m▀[0m[38;2;0;0;0m[48;2;0;0;0m▀[0m[38;2;206;206;206m[48;2;0;0;0m▀[0m[38;2;247;247;247m[48;2;180;180;180m▀[0m[38;2;107;107;107m[48;2;247;247;247m▀[0m[38;2;0;0;0m[48;2;0;0;0m▀[0m[38;2;80;80;77m[48;2;0;0;0m▀[0m[38;2;247;247;247m[48;2;104;106;104m▀[0m[38;2;244;244;244m[48;2;247;247;247m▀[0m[38;2;140;142;146m[48;2;247;247;247m▀[0m[38;2;164;166;166m[48;2;161;161;158m▀[0m[38;2;247;247;247m[48;2;219;222;219m▀[0m[38;2;247;247;247m[48;2;247;247;247m▀[0m[38;2;0;0;0m[48;2;0;0;0m▀[0m[38;2;0;0;0m[48;2;0;0;0m▀[0m[38;2;0;0;0m[48;2;6;9;9m▀[0m[38;2;0;0;0m[48;2;161;164;164m▀[0m[38;2;6;6;6m[48;2;151;154;154m▀[0m[38;2;0;0;0m[48;2;6;6;6m▀[0m[38;2;32;32;32m[48;2;0;0;0m▀[0m[38;2;247;247;247m[48;2;108;111;111m▀[0m[38;2;241;241;238m[48;2;247;247;247m▀[0m[38;2;247;247;247m[48;2;247;247;247m▀[0m[38;2;247;247;247m[48;2;247;247;247m▀[0m[38;2;196;196;196m[48;2;102;105;105m▀[0m[38;2;6;9;10m[48;2;234;234;234m▀[0m[38;2;127;129;129m[48;2;199;202;202m▀[0m[38;2;211;211;211m[48;2;247;247;247m▀[0m[38;2;143;146;147m[48;2;107;113;113m▀[0m[38;2;235;234;234m[48;2;176;179;179m▀[0m[38;2;247;247;247m[48;2;167;170;167m▀[0m[38;2;247;247;247m[48;2;236;240;240m▀[0m[38;2;165;167;167m[48;2;92;94;94m▀[0m[38;2;197;199;200m[48;2;240;247;247m▀[0m[38;2;187;186;184m[48;2;171;199;200m▀[0m[38;2;102;104;105m[48;2;212;225;226m▀[0m[38;2;247;247;247m[48;2;184;188;187m▀[0m[38;2;198;198;199m[48;2;89;93;92m▀[0m[38;2;247;247;247m[48;2;247;247;247m▀[0m[38;2;244;244;244m[48;2;247;247;247m▀[0m[38;2;96;96;96m[48;2;247;247;247m▀[0m[38;2;67;66;66m[48;2;209;209;209m▀[0m[38;2;45;45;47m[48;2;99;99;99m▀[0m[38;2;0;0;0m[48;2;50;50;50m▀[0m[38;2;0;0;0m[48;2;0;0;0m▀[0m[38;2;0;0;0m[48;2;0;0;0m▀[0m[38;2;217;219;219m[48;2;192;195;193m▀[0m[38;2;133;136;133m[48;2;114;117;117m▀[0m[38;2;236;239;239m[48;2;247;247;247m▀[0m[38;2;247;247;247m[48;2;247;247;247m▀[0m[38;2;247;247;247m[48;2;238;238;238m▀[0m[38;2;238;238;238m[48;2;131;131;131m▀[0m[38;2;183;186;186m[48;2;163;163;161m▀[0m[38;2;179;181;179m[48;2;104;106;106m▀[0m[38;2;67;69;69m[48;2;0;0;0m▀[0m[38;2;0;0;0m[48;2;0;0;0m▀[0m[38;2;0;0;0m[48;2;215;214;214m▀[0m[38;2;0;0;0m[48;2;182;184;185m▀[0m[38;2;0;0;0m[48;2;2;4;4m▀[0m[38;2;0;0;0m[48;2;0;0;0m▀[0m[38;2;36;36;36m[48;2;0;0;0m▀[0m[38;2;0;0;0m[48;2;0;0;0m▀[0m[38;2;0;0;0m[48;2;0;0;0m▀[0m[38;2;131;131;131m[48;2;144;144;144m▀[0m[38;2;112;112;114m[48;2;128;128;125m▀[0m[38;2;26;26;26m[48;2;45;48;45m▀[0m[38;2;36;38;36m[48;2;53;53;54m▀[0m[38;2;42;44;42m[48;2;53;53;51m▀[0m
[38;2;43;43;43m[48;2;43;42;40m▀[0m[38;2;46;44;42m[48;2;68;66;64m▀[0m[38;2;124;123;123m[48;2;129;127;127m▀[0m[38;2;125;122;122m[48;2;114;114;111m▀[0m[38;2;115;114;114m[48;2;108;108;106m▀[0m[38;2;128;127;127m[48;2;107;107;105m▀[0m[38;2;151;151;149m[48;2;119;119;117m▀[0m[38;2;0;0;0m[48;2;146;144;142m▀[0m[38;2;0;0;0m[48;2;0;0;0m▀[0m[38;2;13;13;13m[48;2;0;0;0m▀[0m[38;2;57;57;57m[48;2;24;27;27m▀[0m[38;2;0;0;0m[48;2;0;0;0m▀[0m[38;2;192;191;192m[48;2;0;0;0m▀[0m[38;2;205;205;205m[48;2;140;140;140m▀[0m[38;2;0;0;0m[48;2;247;247;247m▀[0m[38;2;199;200;197m[48;2;247;247;247m▀[0m[38;2;247;247;247m[48;2;247;247;247m▀[0m[38;2;247;247;247m[48;2;247;247;247m▀[0m[38;2;247;247;247m[48;2;247;247;247m▀[0m[38;2;232;232;229m[48;2;247;247;247m▀[0m[38;2;224;226;223m[48;2;247;247;247m▀[0m[38;2;161;161;162m[48;2;247;247;247m▀[0m[38;2;0;0;0m[48;2;247;247;247m▀[0m[38;2;0;0;0m[48;2;0;0;0m▀[0m[38;2;0;0;0m[48;2;6;6;6m▀[0m[38;2;0;0;0m[48;2;32;32;32m▀[0m[38;2;0;0;0m[48;2;171;171;171m▀[0m[38;2;0;0;0m[48;2;244;244;244m▀[0m[38;2;247;247;247m[48;2;247;247;247m▀[0m[38;2;247;247;247m[48;2;247;247;247m▀[0m[38;2;247;247;247m[48;2;237;240;237m▀[0m[38;2;189;191;191m[48;2;80;83;83m▀[0m[38;2;165;169;169m[48;2;0;0;0m▀[0m[38;2;156;175;176m[48;2;0;0;0m▀[0m[38;2;38;74;74m[48;2;34;0;0m▀[0m[38;2;68;85;86m[48;2;101;0;0m▀[0m[38;2;182;189;189m[48;2;247;247;247m▀[0m[38;2;233;235;236m[48;2;247;247;247m▀[0m[38;2;119;119;119m[48;2;247;247;247m▀[0m[38;2;12;15;15m[48;2;183;185;185m▀[0m[38;2;215;226;226m[48;2;235;247;247m▀[0m[38;2;100;83;79m[48;2;224;181;179m▀[0m[38;2;0;0;0m[48;2;217;43;30m▀[0m[38;2;0;0;0m[48;2;135;0;0m▀[0m[38;2;0;0;0m[48;2;36;53;54m▀[0m[38;2;97;99;98m[48;2;0;0;0m▀[0m[38;2;244;244;244m[48;2;113;116;116m▀[0m[38;2;247;247;247m[48;2;247;247;247m▀[0m[38;2;247;247;247m[48;2;247;247;247m▀[0m[38;2;196;199;199m[48;2;131;131;131m▀[0m[38;2;214;214;214m[48;2;51;51;51m▀[0m[38;2;95;95;95m[48;2;58;58;58m▀[0m[38;2;0;0;0m[48;2;0;0;0m▀[0m[38;2;0;0;0m[48;2;0;0;0m▀[0m[38;2;124;126;126m[48;2;64;64;65m▀[0m[38;2;168;171;171m[48;2;247;247;247m▀[0m[38;2;247;247;247m[48;2;215;215;213m▀[0m[38;2;129;129;129m[48;2;203;204;201m▀[0m[38;2;194;196;194m[48;2;247;247;247m▀[0m[38;2;247;247;247m[48;2;247;247;247m▀[0m[38;2;169;172;171m[48;2;247;247;247m▀[0m[38;2;0;0;0m[48;2;168;171;170m▀[0m[38;2;0;0;0m[48;2;238;236;239m▀[0m[38;2;161;162;161m[48;2;247;247;247m▀[0m[38;2;247;247;247m[48;2;31;30;30m▀[0m[38;2;124;123;124m[48;2;0;0;0m▀[0m[38;2;0;0;0m[48;2;0;0;0m▀[0m[38;2;0;0;0m[48;2;0;0;0m▀[0m[38;2;0;0;0m[48;2;0;0;0m▀[0m[38;2;0;0;0m[48;2;128;128;128m▀[0m[38;2;113;114;111m[48;2;140;140;140m▀[0m[38;2;142;142;140m[48;2;121;121;119m▀[0m[38;2;129;129;127m[48;2;127;127;125m▀[0m[38;2;64;64;62m[48;2;90;90;88m▀[0m[38;2;51;50;51m[48;2;54;54;55m▀[0m[38;2;61;61;59m[48;2;65;65;61m▀[0m
[38;2;38;40;38m[48;2;36;35;33m▀[0m[38;2;89;88;86m[48;2;99;99;97m▀[0m[38;2;124;124;122m[48;2;108;108;108m▀[0m[38;2;109;109;107m[48;2;87;87;87m▀[0m[38;2;103;103;104m[48;2;69;69;69m▀[0m[38;2;100;100;98m[48;2;59;59;57m▀[0m[38;2;71;71;68m[48;2;81;84;81m▀[0m[38;2;247;247;247m[48;2;247;247;247m▀[0m[38;2;158;158;158m[48;2;247;247;247m▀[0m[38;2;0;0;0m[48;2;58;61;60m▀[0m[38;2;0;0;0m[48;2;0;0;0m▀[0m[38;2;41;38;38m[48;2;0;0;0m▀[0m[38;2;24;20;19m[48;2;62;62;62m▀[0m[38;2;0;0;0m[48;2;78;78;78m▀[0m[38;2;120;120;120m[48;2;0;0;0m▀[0m[38;2;247;247;247m[48;2;58;61;58m▀[0m[38;2;186;189;189m[48;2;206;209;209m▀[0m[38;2;247;247;247m[48;2;227;230;230m▀[0m[38;2;247;247;247m[48;2;204;206;204m▀[0m[38;2;240;243;240m[48;2;171;171;169m▀[0m[38;2;234;234;234m[48;2;218;218;218m▀[0m[38;2;247;247;247m[48;2;169;169;169m▀[0m[38;2;247;247;247m[48;2;42;42;42m▀[0m[38;2;247;247;247m[48;2;247;247;247m▀[0m[38;2;150;153;153m[48;2;247;247;247m▀[0m[38;2;50;50;50m[48;2;46;49;51m▀[0m[38;2;43;43;40m[48;2;0;0;0m▀[0m[38;2;190;194;194m[48;2;166;165;165m▀[0m[38;2;247;247;247m[48;2;247;247;247m▀[0m[38;2;247;247;247m[48;2;247;247;247m▀[0m[38;2;223;226;223m[48;2;161;164;163m▀[0m[38;2;0;0;0m[48;2;155;159;159m▀[0m[38;2;10;29;28m[48;2;233;235;236m▀[0m[38;2;240;192;190m[48;2;247;247;247m▀[0m[38;2;247;189;185m[48;2;247;247;247m▀[0m[38;2;247;247;247m[48;2;247;247;247m▀[0m[38;2;247;247;247m[48;2;247;247;247m▀[0m[38;2;247;247;247m[48;2;247;247;247m▀[0m[38;2;247;247;247m[48;2;247;247;247m▀[0m[38;2;247;247;247m[48;2;247;247;247m▀[0m[38;2;247;247;247m[48;2;247;247;247m▀[0m[38;2;247;247;247m[48;2;247;247;247m▀[0m[38;2;247;247;247m[48;2;247;247;247m▀[0m[38;2;247;247;247m[48;2;247;247;247m▀[0m[38;2;234;237;241m[48;2;183;190;190m▀[0m[38;2;133;135;136m[48;2;153;156;156m▀[0m[38;2;214;217;214m[48;2;213;216;216m▀[0m[38;2;247;247;247m[48;2;174;174;174m▀[0m[38;2;247;247;247m[48;2;154;154;152m▀[0m[38;2;247;247;247m[48;2;246;246;243m▀[0m[38;2;0;0;0m[48;2;143;143;143m▀[0m[38;2;0;0;0m[48;2;0;0;0m▀[0m[38;2;0;0;0m[48;2;0;0;0m▀[0m[38;2;0;0;0m[48;2;247;247;247m▀[0m[38;2;226;226;226m[48;2;131;131;131m▀[0m[38;2;70;72;72m[48;2;200;203;203m▀[0m[38;2;229;229;227m[48;2;247;247;247m▀[0m[38;2;247;247;247m[48;2;247;247;247m▀[0m[38;2;247;247;247m[48;2;247;247;247m▀[0m[38;2;247;247;247m[48;2;247;247;247m▀[0m[38;2;247;247;247m[48;2;247;247;247m▀[0m[38;2;247;247;247m[48;2;247;247;247m▀[0m[38;2;247;247;247m[48;2;64;64;64m▀[0m[38;2;45;47;48m[48;2;0;0;0m▀[0m[38;2;0;0;0m[48;2;0;0;0m▀[0m[38;2;34;34;34m[48;2;5;5;5m▀[0m[38;2;4;4;4m[48;2;0;0;0m▀[0m[38;2;0;0;0m[48;2;26;26;26m▀[0m[38;2;167;170;167m[48;2;247;247;247m▀[0m[38;2;171;168;168m[48;2;151;148;148m▀[0m[38;2;100;99;99m[48;2;88;88;85m▀[0m[38;2;116;115;112m[48;2;105;106;103m▀[0m[38;2;119;116;118m[48;2;110;110;111m▀[0m[38;2;108;110;110m[48;2;119;119;120m▀[0m[38;2;59;62;61m[48;2;65;65;66m▀[0m[38;2;58;58;55m[48;2;46;46;46m▀[0m
[38;2;33;33;32m[48;2;32;32;30m▀[0m[38;2;79;77;75m[48;2;139;139;140m▀[0m[38;2;74;74;74m[48;2;209;209;209m▀[0m[38;2;88;88;85m[48;2;247;247;247m▀[0m[38;2;126;126;126m[48;2;247;247;247m▀[0m[38;2;181;181;181m[48;2;247;247;247m▀[0m[38;2;239;239;239m[48;2;247;247;247m▀[0m[38;2;247;247;247m[48;2;247;247;247m▀[0m[38;2;247;247;247m[48;2;247;247;247m▀[0m[38;2;247;247;247m[48;2;247;247;247m▀[0m[38;2;77;77;77m[48;2;247;247;247m▀[0m[38;2;0;0;0m[48;2;177;177;179m▀[0m[38;2;0;0;0m[48;2;0;0;0m▀[0m[38;2;0;0;0m[48;2;0;0;0m▀[0m[38;2;64;65;62m[48;2;0;0;0m▀[0m[38;2;0;0;0m[48;2;0;0;0m▀[0m[38;2;0;0;0m[48;2;0;0;0m▀[0m[38;2;34;34;34m[48;2;0;0;0m▀[0m[38;2;0;0;0m[48;2;0;0;0m▀[0m[38;2;192;194;194m[48;2;81;81;81m▀[0m[38;2;247;247;247m[48;2;247;247;247m▀[0m[38;2;0;0;0m[48;2;119;122;119m▀[0m[38;2;0;0;0m[48;2;0;0;0m▀[0m[38;2;95;97;97m[48;2;221;221;221m▀[0m[38;2;247;247;247m[48;2;247;247;247m▀[0m[38;2;200;200;200m[48;2;133;133;133m▀[0m[38;2;0;0;0m[48;2;13;15;15m▀[0m[38;2;0;0;0m[48;2;82;85;85m▀[0m[38;2;0;0;0m[48;2;224;222;226m▀[0m[38;2;95;97;97m[48;2;247;247;247m▀[0m[38;2;99;99;97m[48;2;247;247;247m▀[0m[38;2;27;27;27m[48;2;247;247;247m▀[0m[38;2;80;84;84m[48;2;206;206;207m▀[0m[38;2;221;221;221m[48;2;145;149;146m▀[0m[38;2;242;245;242m[48;2;184;187;184m▀[0m[38;2;247;247;247m[48;2;247;247;247m▀[0m[38;2;247;247;247m[48;2;247;247;247m▀[0m[38;2;247;247;247m[48;2;74;77;79m▀[0m[38;2;247;247;247m[48;2;0;0;0m▀[0m[38;2;228;231;233m[48;2;0;0;0m▀[0m[38;2;247;247;247m[48;2;70;73;73m▀[0m[38;2;247;247;247m[48;2;247;247;247m▀[0m[38;2;247;247;247m[48;2;247;247;247m▀[0m[38;2;247;247;247m[48;2;172;172;173m▀[0m[38;2;149;151;153m[48;2;177;180;177m▀[0m[38;2;44;44;46m[48;2;228;227;228m▀[0m[38;2;79;79;79m[48;2;247;247;247m▀[0m[38;2;88;88;85m[48;2;247;247;247m▀[0m[38;2;50;50;47m[48;2;247;247;247m▀[0m[38;2;0;0;0m[48;2;59;59;59m▀[0m[38;2;0;0;0m[48;2;0;0;0m▀[0m[38;2;26;26;26m[48;2;2;5;5m▀[0m[38;2;247;247;247m[48;2;89;92;92m▀[0m[38;2;247;247;247m[48;2;247;247;247m▀[0m[38;2;247;247;247m[48;2;247;247;247m▀[0m[38;2;247;247;247m[48;2;5;4;5m▀[0m[38;2;26;26;26m[48;2;0;0;0m▀[0m[38;2;155;158;155m[48;2;0;0;0m▀[0m[38;2;239;239;240m[48;2;247;247;247m▀[0m[38;2;247;247;247m[48;2;247;247;247m▀[0m[38;2;247;247;247m[48;2;0;0;0m▀[0m[38;2;7;10;9m[48;2;0;0;0m▀[0m[38;2;0;0;0m[48;2;81;81;81m▀[0m[38;2;9;7;10m[48;2;105;105;107m▀[0m[38;2;35;34;34m[48;2;0;0;0m▀[0m[38;2;0;0;0m[48;2;0;0;0m▀[0m[38;2;0;0;0m[48;2;161;164;164m▀[0m[38;2;247;247;247m[48;2;247;247;247m▀[0m[38;2;247;247;247m[48;2;247;247;247m▀[0m[38;2;168;168;165m[48;2;226;226;226m▀[0m[38;2;67;67;64m[48;2;81;79;76m▀[0m[38;2;97;96;93m[48;2;68;69;66m▀[0m[38;2;103;100;102m[48;2;83;84;81m▀[0m[38;2;112;112;113m[48;2;101;101;99m▀[0m[38;2;88;88;86m[48;2;89;89;89m▀[0m[38;2;60;60;58m[48;2;42;42;43m▀[0m
[38;2;112;112;113m[48;2;194;194;194m▀[0m[38;2;247;247;247m[48;2;247;247;247m▀[0m[38;2;247;247;247m[48;2;247;247;247m▀[0m[38;2;247;247;247m[48;2;247;247;247m▀[0m[38;2;247;247;247m[48;2;247;247;247m▀[0m[38;2;247;247;247m[48;2;246;246;247m▀[0m[38;2;247;247;247m[48;2;244;244;244m▀[0m[38;2;247;247;247m[48;2;244;244;244m▀[0m[38;2;247;247;247m[48;2;244;244;244m▀[0m[38;2;247;247;247m[48;2;247;247;247m▀[0m[38;2;247;247;247m[48;2;247;247;247m▀[0m[38;2;247;247;247m[48;2;247;247;247m▀[0m[38;2;247;247;247m[48;2;247;247;247m▀[0m[38;2;175;175;175m[48;2;247;247;247m▀[0m[38;2;42;44;44m[48;2;247;247;247m▀[0m[38;2;0;0;0m[48;2;34;37;34m▀[0m[38;2;0;0;0m[48;2;0;0;0m▀[0m[38;2;0;0;0m[48;2;0;0;0m▀[0m[38;2;0;0;0m[48;2;0;0;0m▀[0m[38;2;0;0;0m[48;2;0;0;0m▀[0m[38;2;32;32;32m[48;2;0;0;0m▀[0m[38;2;111;111;111m[48;2;0;0;0m▀[0m[38;2;27;30;26m[48;2;0;0;0m▀[0m[38;2;247;247;247m[48;2;247;247;247m▀[0m[38;2;247;247;247m[48;2;96;96;96m▀[0m[38;2;247;247;247m[48;2;211;211;211m▀[0m[38;2;247;247;247m[48;2;247;247;247m▀[0m[38;2;247;247;247m[48;2;247;247;247m▀[0m[38;2;247;247;247m[48;2;247;247;247m▀[0m[38;2;247;247;247m[48;2;247;247;247m▀[0m[38;2;216;216;216m[48;2;195;199;199m▀[0m[38;2;247;247;247m[48;2;0;0;0m▀[0m[38;2;247;247;247m[48;2;25;24;25m▀[0m[38;2;247;247;247m[48;2;186;186;186m▀[0m[38;2;231;234;231m[48;2;247;247;247m▀[0m[38;2;221;221;221m[48;2;137;137;137m▀[0m[38;2;50;50;52m[48;2;0;0;0m▀[0m[38;2;0;0;0m[48;2;79;79;79m▀[0m[38;2;0;0;0m[48;2;41;41;41m▀[0m[38;2;0;0;0m[48;2;79;79;79m▀[0m[38;2;0;0;0m[48;2;61;61;61m▀[0m[38;2;33;33;33m[48;2;0;0;0m▀[0m[38;2;235;235;235m[48;2;197;197;197m▀[0m[38;2;245;245;242m[48;2;247;247;247m▀[0m[38;2;247;247;247m[48;2;211;211;211m▀[0m[38;2;247;247;247m[48;2;58;57;58m▀[0m[38;2;247;247;247m[48;2;0;0;0m▀[0m[38;2;247;247;247m[48;2;171;173;171m▀[0m[38;2;247;247;247m[48;2;247;247;247m▀[0m[38;2;247;247;247m[48;2;247;247;247m▀[0m[38;2;247;247;247m[48;2;247;247;247m▀[0m[38;2;206;209;209m[48;2;247;247;247m▀[0m[38;2;225;225;225m[48;2;229;229;229m▀[0m[38;2;230;233;233m[48;2;139;139;139m▀[0m[38;2;189;189;189m[48;2;233;233;230m▀[0m[38;2;103;105;106m[48;2;164;162;166m▀[0m[38;2;0;0;0m[48;2;0;0;0m▀[0m[38;2;153;152;152m[48;2;28;27;27m▀[0m[38;2;220;223;223m[48;2;0;0;0m▀[0m[38;2;0;0;0m[48;2;0;0;0m▀[0m[38;2;0;0;0m[48;2;34;34;34m▀[0m[38;2;117;120;120m[48;2;0;0;0m▀[0m[38;2;54;54;56m[48;2;0;0;0m▀[0m[38;2;0;0;0m[48;2;0;0;0m▀[0m[38;2;0;0;0m[48;2;210;210;210m▀[0m[38;2;140;140;140m[48;2;247;247;247m▀[0m[38;2;247;247;247m[48;2;247;247;247m▀[0m[38;2;247;247;247m[48;2;247;247;247m▀[0m[38;2;247;247;247m[48;2;247;247;247m▀[0m[38;2;247;247;247m[48;2;247;247;247m▀[0m[38;2;231;230;230m[48;2;247;247;247m▀[0m[38;2;161;158;158m[48;2;247;247;247m▀[0m[38;2;98;98;96m[48;2;247;247;247m▀[0m[38;2;73;70;72m[48;2;197;194;196m▀[0m[38;2;75;75;76m[48;2;129;129;129m▀[0m[38;2;36;36;34m[48;2;64;61;61m▀[0m
[38;2;227;227;227m[48;2;239;239;240m▀[0m[38;2;247;247;247m[48;2;247;247;247m▀[0m[38;2;247;247;247m[48;2;244;244;245m▀[0m[38;2;244;244;245m[48;2;243;245;245m▀[0m[38;2;245;245;246m[48;2;245;245;245m▀[0m[38;2;245;244;245m[48;2;243;245;243m▀[0m[38;2;244;244;244m[48;2;244;244;244m▀[0m[38;2;244;244;244m[48;2;247;247;247m▀[0m[38;2;247;247;247m[48;2;247;247;247m▀[0m[38;2;247;247;247m[48;2;247;247;247m▀[0m[38;2;247;247;247m[48;2;247;247;247m▀[0m[38;2;247;247;247m[48;2;247;247;247m▀[0m[38;2;247;247;247m[48;2;64;64;64m▀[0m[38;2;206;206;208m[48;2;0;0;0m▀[0m[38;2;0;0;0m[48;2;0;0;0m▀[0m[38;2;0;0;0m[48;2;0;0;0m▀[0m[38;2;0;0;0m[48;2;0;0;0m▀[0m[38;2;0;0;0m[48;2;0;0;0m▀[0m[38;2;6;6;6m[48;2;0;0;0m▀[0m[38;2;40;40;38m[48;2;0;0;0m▀[0m[38;2;47;47;47m[48;2;17;17;17m▀[0m[38;2;0;0;0m[48;2;80;77;77m▀[0m[38;2;0;0;0m[48;2;73;73;71m▀[0m[38;2;158;161;161m[48;2;12;11;12m▀[0m[38;2;0;0;0m[48;2;0;0;0m▀[0m[38;2;6;6;6m[48;2;0;0;0m▀[0m[38;2;247;247;247m[48;2;74;74;74m▀[0m[38;2;247;247;247m[48;2;164;164;162m▀[0m[38;2;247;247;247m[48;2;247;247;247m▀[0m[38;2;247;247;247m[48;2;247;247;247m▀[0m[38;2;247;247;247m[48;2;247;247;247m▀[0m[38;2;46;48;48m[48;2;199;206;206m▀[0m[38;2;21;20;17m[48;2;21;23;23m▀[0m[38;2;247;247;247m[48;2;247;247;247m▀[0m[38;2;234;236;236m[48;2;247;247;247m▀[0m[38;2;239;238;238m[48;2;247;247;247m▀[0m[38;2;111;111;111m[48;2;247;247;247m▀[0m[38;2;21;21;23m[48;2;160;160;160m▀[0m[38;2;132;132;132m[48;2;160;160;158m▀[0m[38;2;138;141;138m[48;2;85;88;88m▀[0m[38;2;84;83;84m[48;2;247;247;247m▀[0m[38;2;113;113;111m[48;2;242;242;240m▀[0m[38;2;230;230;230m[48;2;247;247;247m▀[0m[38;2;247;247;247m[48;2;247;247;247m▀[0m[38;2;198;197;197m[48;2;247;247;247m▀[0m[38;2;44;43;44m[48;2;142;142;142m▀[0m[38;2;0;0;0m[48;2;37;39;39m▀[0m[38;2;238;240;241m[48;2;247;247;247m▀[0m[38;2;247;247;247m[48;2;247;247;247m▀[0m[38;2;247;247;247m[48;2;247;247;247m▀[0m[38;2;247;247;247m[48;2;247;247;247m▀[0m[38;2;247;247;247m[48;2;240;237;240m▀[0m[38;2;0;0;0m[48;2;0;0;0m▀[0m[38;2;137;137;139m[48;2;160;160;161m▀[0m[38;2;247;247;247m[48;2;173;173;173m▀[0m[38;2;0;0;0m[48;2;0;0;0m▀[0m[38;2;0;0;0m[48;2;0;0;0m▀[0m[38;2;0;0;0m[48;2;0;0;0m▀[0m[38;2;0;0;0m[48;2;32;34;34m▀[0m[38;2;0;0;0m[48;2;0;0;0m▀[0m[38;2;0;0;0m[48;2;185;188;184m▀[0m[38;2;0;0;0m[48;2;247;247;247m▀[0m[38;2;162;162;161m[48;2;247;247;247m▀[0m[38;2;247;247;247m[48;2;247;247;247m▀[0m[38;2;247;247;247m[48;2;247;247;247m▀[0m[38;2;247;247;247m[48;2;247;247;247m▀[0m[38;2;247;247;247m[48;2;247;247;247m▀[0m[38;2;247;247;247m[48;2;244;244;244m▀[0m[38;2;246;246;246m[48;2;244;244;244m▀[0m[38;2;245;247;247m[48;2;244;244;244m▀[0m[38;2;247;247;247m[48;2;242;244;244m▀[0m[38;2;247;247;247m[48;2;246;246;246m▀[0m[38;2;247;247;247m[48;2;247;247;247m▀[0m[38;2;247;247;247m[48;2;247;247;247m▀[0m[38;2;247;247;247m[48;2;247;247;247m▀[0m[38;2;128;128;125m[48;2;171;171;168m▀[0m
[38;2;243;243;244m[48;2;244;244;244m▀[0m[38;2;244;244;244m[48;2;243;243;243m▀[0m[38;2;244;244;245m[48;2;244;244;244m▀[0m[38;2;245;245;245m[48;2;245;245;245m▀[0m[38;2;244;244;244m[48;2;244;244;244m▀[0m[38;2;244;244;244m[48;2;247;247;247m▀[0m[38;2;247;247;247m[48;2;247;247;247m▀[0m[38;2;247;247;247m[48;2;247;247;247m▀[0m[38;2;247;247;247m[48;2;247;247;247m▀[0m[38;2;247;247;247m[48;2;169;168;166m▀[0m[38;2;230;230;230m[48;2;0;0;0m▀[0m[38;2;0;0;0m[48;2;0;0;0m▀[0m[38;2;0;0;0m[48;2;0;0;0m▀[0m[38;2;0;0;0m[48;2;0;0;0m▀[0m[38;2;0;0;0m[48;2;0;0;0m▀[0m[38;2;0;0;0m[48;2;0;0;0m▀[0m[38;2;0;0;0m[48;2;0;0;0m▀[0m[38;2;0;0;0m[48;2;0;0;0m▀[0m[38;2;0;0;0m[48;2;0;0;0m▀[0m[38;2;0;0;0m[48;2;0;0;0m▀[0m[38;2;0;0;0m[48;2;0;0;0m▀[0m[38;2;0;0;0m[48;2;0;0;0m▀[0m[38;2;66;66;68m[48;2;0;0;0m▀[0m[38;2;53;52;53m[48;2;24;24;24m▀[0m[38;2;0;0;0m[48;2;0;0;0m▀[0m[38;2;0;0;0m[48;2;2;2;2m▀[0m[38;2;161;161;161m[48;2;0;0;0m▀[0m[38;2;115;112;116m[48;2;62;62;62m▀[0m[38;2;60;60;60m[48;2;194;194;195m▀[0m[38;2;200;203;203m[48;2;77;77;79m▀[0m[38;2;247;247;247m[48;2;201;201;199m▀[0m[38;2;247;247;247m[48;2;247;247;247m▀[0m[38;2;0;0;0m[48;2;247;247;247m▀[0m[38;2;62;62;63m[48;2;52;52;49m▀[0m[38;2;247;247;247m[48;2;163;160;160m▀[0m[38;2;247;247;247m[48;2;247;247;247m▀[0m[38;2;245;245;245m[48;2;247;247;247m▀[0m[38;2;247;247;247m[48;2;247;247;247m▀[0m[38;2;247;247;247m[48;2;247;247;247m▀[0m[38;2;247;247;247m[48;2;247;247;247m▀[0m[38;2;247;247;247m[48;2;247;247;247m▀[0m[38;2;206;206;204m[48;2;93;93;91m▀[0m[38;2;247;247;247m[48;2;247;247;247m▀[0m[38;2;247;247;247m[48;2;238;239;236m▀[0m[38;2;247;247;247m[48;2;0;0;0m▀[0m[38;2;0;0;0m[48;2;67;70;67m▀[0m[38;2;206;205;205m[48;2;247;247;247m▀[0m[38;2;247;247;247m[48;2;247;247;247m▀[0m[38;2;247;247;247m[48;2;204;204;204m▀[0m[38;2;247;247;247m[48;2;103;102;102m▀[0m[38;2;140;138;136m[48;2;131;134;136m▀[0m[38;2;5;5;5m[48;2;3;3;8m▀[0m[38;2;0;0;0m[48;2;0;0;0m▀[0m[38;2;152;152;154m[48;2;14;14;16m▀[0m[38;2;35;38;38m[48;2;133;133;131m▀[0m[38;2;20;20;18m[48;2;71;71;71m▀[0m[38;2;77;76;76m[48;2;11;9;12m▀[0m[38;2;95;95;95m[48;2;0;0;0m▀[0m[38;2;41;41;43m[48;2;0;0;0m▀[0m[38;2;0;0;0m[48;2;0;0;0m▀[0m[38;2;0;0;0m[48;2;0;0;0m▀[0m[38;2;116;116;117m[48;2;0;0;0m▀[0m[38;2;247;247;247m[48;2;0;0;0m▀[0m[38;2;247;247;247m[48;2;244;244;241m▀[0m[38;2;247;247;247m[48;2;247;247;247m▀[0m[38;2;247;247;247m[48;2;247;247;247m▀[0m[38;2;247;247;247m[48;2;247;247;247m▀[0m[38;2;244;244;244m[48;2;245;247;247m▀[0m[38;2;244;244;244m[48;2;243;243;244m▀[0m[38;2;244;244;244m[48;2;244;244;244m▀[0m[38;2;241;243;243m[48;2;242;244;244m▀[0m[38;2;243;243;244m[48;2;244;244;244m▀[0m[38;2;242;244;244m[48;2;244;244;245m▀[0m[38;2;247;247;247m[48;2;247;247;247m▀[0m[38;2;247;247;247m[48;2;247;247;247m▀[0m[38;2;214;214;214m[48;2;243;243;243m▀[0m
[38;2;242;244;244m[48;2;244;244;244m▀[0m[38;2;244;244;244m[48;2;244;244;244m▀[0m[38;2;244;244;245m[48;2;244;244;244m▀[0m[38;2;245;245;246m[48;2;244;247;247m▀[0m[38;2;247;247;247m[48;2;247;247;247m▀[0m[38;2;247;247;247m[48;2;247;247;247m▀[0m[38;2;247;247;247m[48;2;247;247;247m▀[0m[38;2;247;247;247m[48;2;138;141;138m▀[0m[38;2;128;129;128m[48;2;0;0;0m▀[0m[38;2;0;0;0m[48;2;0;0;0m▀[0m[38;2;0;0;0m[48;2;0;0;0m▀[0m[38;2;0;0;0m[48;2;0;0;0m▀[0m[38;2;0;0;0m[48;2;0;0;0m▀[0m[38;2;0;0;0m[48;2;0;0;0m▀[0m[38;2;0;0;0m[48;2;0;0;0m▀[0m[38;2;0;0;0m[48;2;0;0;0m▀[0m[38;2;0;0;0m[48;2;0;0;0m▀[0m[38;2;0;0;0m[48;2;0;0;0m▀[0m[38;2;0;0;0m[48;2;0;0;0m▀[0m[38;2;0;0;0m[48;2;0;0;0m▀[0m[38;2;0;0;0m[48;2;0;0;0m▀[0m[38;2;0;0;0m[48;2;0;0;0m▀[0m[38;2;0;0;0m[48;2;0;0;0m▀[0m[38;2;0;0;0m[48;2;0;0;0m▀[0m[38;2;0;0;0m[48;2;0;0;0m▀[0m[38;2;0;0;0m[48;2;0;0;0m▀[0m[38;2;46;46;46m[48;2;0;0;0m▀[0m[38;2;0;0;0m[48;2;0;0;0m▀[0m[38;2;0;0;0m[48;2;0;0;0m▀[0m[38;2;247;247;247m[48;2;63;64;64m▀[0m[38;2;149;152;151m[48;2;247;247;247m▀[0m[38;2;247;247;247m[48;2;33;33;35m▀[0m[38;2;247;247;247m[48;2;2;2;0m▀[0m[38;2;247;247;247m[48;2;106;106;106m▀[0m[38;2;247;247;247m[48;2;241;241;241m▀[0m[38;2;242;244;242m[48;2;247;247;247m▀[0m[38;2;99;99;97m[48;2;247;247;247m▀[0m[38;2;76;76;76m[48;2;0;0;0m▀[0m[38;2;247;247;247m[48;2;0;0;0m▀[0m[38;2;247;247;247m[48;2;0;0;0m▀[0m[38;2;207;207;207m[48;2;0;0;0m▀[0m[38;2;0;0;0m[48;2;0;0;0m▀[0m[38;2;31;32;31m[48;2;195;198;195m▀[0m[38;2;116;119;113m[48;2;247;247;247m▀[0m[38;2;247;247;247m[48;2;247;247;247m▀[0m[38;2;247;247;247m[48;2;231;234;234m▀[0m[38;2;247;247;247m[48;2;111;110;111m▀[0m[38;2;243;246;245m[48;2;95;95;96m▀[0m[38;2;134;134;131m[48;2;156;156;153m▀[0m[38;2;226;226;226m[48;2;0;0;0m▀[0m[38;2;32;32;32m[48;2;4;4;5m▀[0m[38;2;15;18;18m[48;2;0;0;0m▀[0m[38;2;72;72;69m[48;2;0;0;0m▀[0m[38;2;79;79;79m[48;2;0;0;0m▀[0m[38;2;10;10;11m[48;2;0;0;0m▀[0m[38;2;0;0;0m[48;2;0;0;0m▀[0m[38;2;0;0;0m[48;2;0;0;0m▀[0m[38;2;0;0;0m[48;2;0;0;0m▀[0m[38;2;0;0;0m[48;2;0;0;0m▀[0m[38;2;0;0;0m[48;2;0;0;0m▀[0m[38;2;0;0;0m[48;2;0;0;0m▀[0m[38;2;0;0;0m[48;2;0;0;0m▀[0m[38;2;0;0;0m[48;2;0;0;0m▀[0m[38;2;0;0;0m[48;2;0;0;0m▀[0m[38;2;191;194;191m[48;2;0;0;0m▀[0m[38;2;247;247;247m[48;2;161;163;163m▀[0m[38;2;247;247;247m[48;2;247;247;247m▀[0m[38;2;247;247;247m[48;2;247;247;247m▀[0m[38;2;245;247;247m[48;2;247;247;247m▀[0m[38;2;244;244;244m[48;2;247;247;247m▀[0m[38;2;244;244;244m[48;2;244;244;245m▀[0m[38;2;244;244;244m[48;2;242;244;244m▀[0m[38;2;244;244;244m[48;2;243;243;244m▀[0m[38;2;245;245;245m[48;2;244;244;245m▀[0m[38;2;244;244;244m[48;2;244;244;244m▀[0m[38;2;242;246;246m[48;2;243;243;243m▀[0m
[38;2;244;244;244m[48;2;243;243;243m▀[0m[38;2;244;244;245m[48;2;242;246;246m▀[0m[38;2;247;247;247m[48;2;247;247;247m▀[0m[38;2;247;247;247m[48;2;247;247;247m▀[0m[38;2;247;247;247m[48;2;247;247;247m▀[0m[38;2;247;247;247m[48;2;245;245;243m▀[0m[38;2;188;190;188m[48;2;0;0;0m▀[0m[38;2;0;0;0m[48;2;0;0;0m▀[0m[38;2;0;0;0m[48;2;45;44;42m▀[0m[38;2;0;0;0m[48;2;71;70;71m▀[0m[38;2;0;0;0m[48;2;80;79;80m▀[0m[38;2;0;0;0m[48;2;45;45;45m▀[0m[38;2;0;0;0m[48;2;0;0;0m▀[0m[38;2;0;0;0m[48;2;0;0;0m▀[0m[38;2;0;0;0m[48;2;0;0;0m▀[0m[38;2;0;0;0m[48;2;0;0;0m▀[0m[38;2;0;0;0m[48;2;0;0;0m▀[0m[38;2;0;0;0m[48;2;0;0;0m▀[0m[38;2;0;0;0m[48;2;0;0;0m▀[0m[38;2;0;0;0m[48;2;0;0;0m▀[0m[38;2;0;0;0m[48;2;0;0;0m▀[0m[38;2;0;0;0m[48;2;0;0;0m▀[0m[38;2;0;0;0m[48;2;0;0;0m▀[0m[38;2;0;0;0m[48;2;0;0;0m▀[0m[38;2;0;0;0m[48;2;0;0;0m▀[0m[38;2;0;0;0m[48;2;0;0;0m▀[0m[38;2;88;88;90m[48;2;241;239;242m▀[0m[38;2;0;0;0m[48;2;140;143;142m▀[0m[38;2;0;0;0m[48;2;0;0;0m▀[0m[38;2;102;101;101m[48;2;26;28;28m▀[0m[38;2;117;117;118m[48;2;42;45;44m▀[0m[38;2;47;49;51m[48;2;81;81;81m▀[0m[38;2;0;0;0m[48;2;189;189;187m▀[0m[38;2;0;0;0m[48;2;245;247;245m▀[0m[38;2;0;0;0m[48;2;194;194;194m▀[0m[38;2;8;8;8m[48;2;49;49;47m▀[0m[38;2;74;74;72m[48;2;28;28;28m▀[0m[38;2;0;0;0m[48;2;56;56;56m▀[0m[38;2;0;0;0m[48;2;0;0;0m▀[0m[38;2;0;0;0m[48;2;59;59;57m▀[0m[38;2;0;0;0m[48;2;52;52;50m▀[0m[38;2;0;0;0m[48;2;0;0;0m▀[0m[38;2;222;225;225m[48;2;0;0;0m▀[0m[38;2;184;181;183m[48;2;0;0;0m▀[0m[38;2;0;0;0m[48;2;26;26;26m▀[0m[38;2;0;0;0m[48;2;170;173;173m▀[0m[38;2;0;0;0m[48;2;196;196;196m▀[0m[38;2;0;0;1m[48;2;116;116;116m▀[0m[38;2;141;145;145m[48;2;58;60;60m▀[0m[38;2;0;0;0m[48;2;0;0;0m▀[0m[38;2;0;0;0m[48;2;4;4;5m▀[0m[38;2;52;55;55m[48;2;152;152;152m▀[0m[38;2;0;0;0m[48;2;0;0;0m▀[0m[38;2;0;0;0m[48;2;0;0;0m▀[0m[38;2;0;0;0m[48;2;0;0;0m▀[0m[38;2;0;0;0m[48;2;0;0;0m▀[0m[38;2;0;0;0m[48;2;0;0;0m▀[0m[38;2;0;0;0m[48;2;0;0;0m▀[0m[38;2;0;0;0m[48;2;0;0;0m▀[0m[38;2;0;0;0m[48;2;0;0;0m▀[0m[38;2;0;0;0m[48;2;0;0;0m▀[0m[38;2;0;0;0m[48;2;0;0;0m▀[0m[38;2;0;0;0m[48;2;0;0;0m▀[0m[38;2;0;0;0m[48;2;0;0;0m▀[0m[38;2;0;0;0m[48;2;0;0;0m▀[0m[38;2;0;0;0m[48;2;0;0;0m▀[0m[38;2;156;156;158m[48;2;0;0;0m▀[0m[38;2;247;247;247m[48;2;203;203;203m▀[0m[38;2;247;247;247m[48;2;247;247;247m▀[0m[38;2;247;247;247m[48;2;247;247;247m▀[0m[38;2;246;246;247m[48;2;247;247;247m▀[0m[38;2;245;245;245m[48;2;246;246;246m▀[0m[38;2;242;244;244m[48;2;244;244;244m▀[0m[38;2;244;244;244m[48;2;244;244;244m▀[0m[38;2;244;244;245m[48;2;244;244;244m▀[0m[38;2;243;243;244m[48;2;243;243;244m▀[0m
[38;2;246;246;243m[48;2;247;247;247m▀[0m[38;2;247;247;247m[48;2;247;247;247m▀[0m[38;2;247;247;247m[48;2;247;247;247m▀[0m[38;2;247;247;247m[48;2;247;247;247m▀[0m[38;2;243;242;242m[48;2;0;0;0m▀[0m[38;2;0;0;0m[48;2;0;0;0m▀[0m[38;2;0;0;0m[48;2;57;59;59m▀[0m[38;2;70;69;69m[48;2;53;55;55m▀[0m[38;2;62;64;64m[48;2;56;58;56m▀[0m[38;2;63;64;63m[48;2;58;58;53m▀[0m[38;2;65;67;65m[48;2;59;58;56m▀[0m[38;2;79;79;79m[48;2;62;63;60m▀[0m[38;2;56;56;56m[48;2;77;77;77m▀[0m[38;2;0;0;0m[48;2;52;55;52m▀[0m[38;2;0;0;0m[48;2;0;0;0m▀[0m[38;2;0;1;1m[48;2;0;0;0m▀[0m[38;2;0;0;0m[48;2;0;0;0m▀[0m[38;2;0;0;0m[48;2;0;0;0m▀[0m[38;2;0;0;0m[48;2;0;0;0m▀[0m[38;2;0;0;0m[48;2;0;0;0m▀[0m[38;2;0;0;0m[48;2;0;0;0m▀[0m[38;2;0;0;0m[48;2;0;0;0m▀[0m[38;2;0;0;0m[48;2;0;0;0m▀[0m[38;2;0;0;0m[48;2;0;0;0m▀[0m[38;2;0;0;0m[48;2;0;0;0m▀[0m[38;2;0;0;0m[48;2;26;26;27m▀[0m[38;2;247;247;247m[48;2;247;247;247m▀[0m[38;2;247;247;247m[48;2;190;192;192m▀[0m[38;2;0;0;0m[48;2;0;0;0m▀[0m[38;2;0;0;0m[48;2;82;82;82m▀[0m[38;2;0;0;0m[48;2;214;214;216m▀[0m[38;2;63;63;63m[48;2;0;0;0m▀[0m[38;2;0;0;0m[48;2;88;87;87m▀[0m[38;2;26;28;28m[48;2;13;13;13m▀[0m[38;2;114;112;115m[48;2;36;38;42m▀[0m[38;2;83;83;84m[48;2;0;0;0m▀[0m[38;2;58;58;60m[48;2;0;0;0m▀[0m[38;2;0;0;0m[48;2;0;0;0m▀[0m[38;2;0;0;0m[48;2;0;0;0m▀[0m[38;2;60;60;60m[48;2;0;0;0m▀[0m[38;2;79;79;79m[48;2;0;0;0m▀[0m[38;2;77;77;75m[48;2;44;47;46m▀[0m[38;2;67;66;66m[48;2;46;45;45m▀[0m[38;2;91;89;92m[48;2;51;53;53m▀[0m[38;2;141;139;142m[48;2;82;81;81m▀[0m[38;2;116;117;114m[48;2;0;0;0m▀[0m[38;2;116;116;116m[48;2;0;0;0m▀[0m[38;2;0;0;0m[48;2;23;23;23m▀[0m[38;2;0;0;0m[48;2;68;72;72m▀[0m[38;2;0;0;0m[48;2;0;0;0m▀[0m[38;2;169;169;167m[48;2;247;247;247m▀[0m[38;2;200;203;203m[48;2;216;219;219m▀[0m[38;2;0;0;0m[48;2;0;0;0m▀[0m[38;2;0;0;0m[48;2;0;0;0m▀[0m[38;2;0;0;0m[48;2;0;0;0m▀[0m[38;2;0;0;0m[48;2;0;0;0m▀[0m[38;2;0;0;0m[48;2;0;0;0m▀[0m[38;2;0;0;0m[48;2;0;0;0m▀[0m[38;2;0;0;0m[48;2;0;0;0m▀[0m[38;2;0;0;0m[48;2;0;0;0m▀[0m[38;2;0;0;0m[48;2;0;0;0m▀[0m[38;2;0;0;0m[48;2;0;0;0m▀[0m[38;2;0;0;0m[48;2;0;0;0m▀[0m[38;2;0;0;0m[48;2;32;32;32m▀[0m[38;2;0;0;0m[48;2;80;80;80m▀[0m[38;2;0;0;0m[48;2;69;69;69m▀[0m[38;2;0;0;0m[48;2;48;47;47m▀[0m[38;2;0;0;0m[48;2;0;0;0m▀[0m[38;2;247;247;247m[48;2;0;0;0m▀[0m[38;2;247;247;247m[48;2;247;247;247m▀[0m[38;2;247;247;247m[48;2;247;247;247m▀[0m[38;2;247;247;247m[48;2;247;247;247m▀[0m[38;2;244;244;244m[48;2;247;247;247m▀[0m[38;2;244;244;244m[48;2;244;244;244m▀[0m[38;2;244;244;244m[48;2;244;244;244m▀[0m[38;2;244;244;244m[48;2;245;244;245m▀[0m
[38;2;247;247;247m[48;2;247;247;247m▀[0m[38;2;247;247;247m[48;2;247;247;247m▀[0m[38;2;247;247;247m[48;2;35;35;33m▀[0m[38;2;0;0;0m[48;2;0;0;0m▀[0m[38;2;0;0;0m[48;2;0;0;0m▀[0m[38;2;16;19;16m[48;2;57;60;57m▀[0m[38;2;64;64;64m[48;2;58;57;58m▀[0m[38;2;53;55;53m[48;2;56;56;56m▀[0m[38;2;56;56;56m[48;2;56;56;56m▀[0m[38;2;54;56;54m[48;2;50;50;48m▀[0m[38;2;56;56;56m[48;2;44;43;43m▀[0m[38;2;54;56;56m[48;2;52;50;53m▀[0m[38;2;57;60;60m[48;2;59;59;59m▀[0m[38;2;73;76;76m[48;2;54;56;57m▀[0m[38;2;0;0;0m[48;2;0;0;0m▀[0m[38;2;0;0;0m[48;2;0;0;0m▀[0m[38;2;0;1;1m[48;2;0;0;0m▀[0m[38;2;0;0;0m[48;2;0;0;0m▀[0m[38;2;0;0;0m[48;2;0;0;0m▀[0m[38;2;0;0;0m[48;2;0;1;1m▀[0m[38;2;0;0;0m[48;2;0;0;0m▀[0m[38;2;0;0;0m[48;2;0;0;0m▀[0m[38;2;0;0;0m[48;2;0;0;0m▀[0m[38;2;0;0;0m[48;2;0;0;0m▀[0m[38;2;0;0;0m[48;2;0;0;0m▀[0m[38;2;152;152;153m[48;2;247;247;247m▀[0m[38;2;247;247;247m[48;2;123;123;120m▀[0m[38;2;0;0;0m[48;2;0;0;0m▀[0m[38;2;26;28;30m[48;2;23;25;27m▀[0m[38;2;47;47;47m[48;2;72;72;72m▀[0m[38;2;247;247;247m[48;2;247;247;247m▀[0m[38;2;40;41;38m[48;2;220;223;220m▀[0m[38;2;0;0;0m[48;2;56;58;58m▀[0m[38;2;0;0;0m[48;2;41;43;44m▀[0m[38;2;39;39;41m[48;2;47;44;44m▀[0m[38;2;24;24;24m[48;2;0;0;0m▀[0m[38;2;0;0;0m[48;2;55;57;57m▀[0m[38;2;0;0;0m[48;2;48;51;48m▀[0m[38;2;0;0;0m[48;2;42;42;44m▀[0m[38;2;0;0;0m[48;2;55;58;59m▀[0m[38;2;0;0;0m[48;2;8;11;10m▀[0m[38;2;0;0;0m[48;2;3;3;4m▀[0m[38;2;0;0;0m[48;2;0;0;1m▀[0m[38;2;19;22;22m[48;2;16;20;20m▀[0m[38;2;7;6;6m[48;2;21;23;23m▀[0m[38;2;40;39;39m[48;2;0;0;0m▀[0m[38;2;0;0;0m[48;2;61;63;63m▀[0m[38;2;247;247;247m[48;2;247;247;247m▀[0m[38;2;134;137;134m[48;2;115;118;118m▀[0m[38;2;0;0;0m[48;2;0;0;0m▀[0m[38;2;247;247;247m[48;2;144;147;146m▀[0m[38;2;247;247;247m[48;2;247;247;247m▀[0m[38;2;0;0;0m[48;2;1;0;0m▀[0m[38;2;0;0;0m[48;2;0;0;0m▀[0m[38;2;0;0;0m[48;2;0;0;0m▀[0m[38;2;0;0;0m[48;2;0;0;0m▀[0m[38;2;0;0;0m[48;2;0;0;0m▀[0m[38;2;0;0;0m[48;2;0;0;0m▀[0m[38;2;0;0;0m[48;2;0;0;0m▀[0m[38;2;0;0;0m[48;2;0;0;0m▀[0m[38;2;0;0;0m[48;2;0;0;0m▀[0m[38;2;0;0;0m[48;2;44;44;41m▀[0m[38;2;45;45;45m[48;2;78;81;78m▀[0m[38;2;81;81;81m[48;2;57;57;57m▀[0m[38;2;66;66;66m[48;2;54;58;58m▀[0m[38;2;63;63;63m[48;2;56;56;56m▀[0m[38;2;64;64;62m[48;2;57;54;54m▀[0m[38;2;64;66;66m[48;2;56;56;56m▀[0m[38;2;0;0;0m[48;2;42;42;42m▀[0m[38;2;0;0;0m[48;2;0;0;0m▀[0m[38;2;247;247;247m[48;2;2;4;2m▀[0m[38;2;247;247;247m[48;2;247;247;247m▀[0m[38;2;247;247;247m[48;2;247;247;247m▀[0m[38;2;247;247;247m[48;2;247;247;247m▀[0m[38;2;244;244;244m[48;2;246;246;246m▀[0m[38;2;244;244;244m[48;2;244;244;244m▀[0m
[38;2;247;247;247m[48;2;247;247;247m▀[0m[38;2;134;134;135m[48;2;0;0;0m▀[0m[38;2;0;0;0m[48;2;45;45;43m▀[0m[38;2;9;7;10m[48;2;0;0;0m▀[0m[38;2;16;18;18m[48;2;59;58;58m▀[0m[38;2;67;67;67m[48;2;59;61;61m▀[0m[38;2;54;54;54m[48;2;55;55;55m▀[0m[38;2;56;56;56m[48;2;52;53;50m▀[0m[38;2;52;53;50m[48;2;49;50;47m▀[0m[38;2;38;35;35m[48;2;9;9;9m▀[0m[38;2;41;39;42m[48;2;74;77;76m▀[0m[38;2;101;103;103m[48;2;225;227;226m▀[0m[38;2;26;26;26m[48;2;147;150;150m▀[0m[38;2;31;30;27m[48;2;12;11;11m▀[0m[38;2;0;0;0m[48;2;97;97;97m▀[0m[38;2;0;0;0m[48;2;0;0;0m▀[0m[38;2;0;0;0m[48;2;0;0;0m▀[0m[38;2;0;0;0m[48;2;0;0;0m▀[0m[38;2;0;0;0m[48;2;0;0;0m▀[0m[38;2;0;0;0m[48;2;0;0;0m▀[0m[38;2;0;0;0m[48;2;0;0;0m▀[0m[38;2;0;0;0m[48;2;0;0;0m▀[0m[38;2;0;0;0m[48;2;147;147;147m▀[0m[38;2;0;0;0m[48;2;213;213;213m▀[0m[38;2;79;78;78m[48;2;247;247;247m▀[0m[38;2;197;200;197m[48;2;244;247;247m▀[0m[38;2;0;0;0m[48;2;159;159;159m▀[0m[38;2;14;16;16m[48;2;0;0;0m▀[0m[38;2;14;16;16m[48;2;0;0;0m▀[0m[38;2;149;152;152m[48;2;113;113;113m▀[0m[38;2;247;247;247m[48;2;247;247;247m▀[0m[38;2;172;175;175m[48;2;124;124;124m▀[0m[38;2;27;27;27m[48;2;0;0;0m▀[0m[38;2;0;0;0m[48;2;0;0;0m▀[0m[38;2;3;3;3m[48;2;0;0;0m▀[0m[38;2;0;0;0m[48;2;20;20;20m▀[0m[38;2;0;0;0m[48;2;15;15;15m▀[0m[38;2;12;15;15m[48;2;8;8;8m▀[0m[38;2;41;44;44m[48;2;48;51;53m▀[0m[38;2;73;76;77m[48;2;19;19;17m▀[0m[38;2;30;30;31m[48;2;46;46;44m▀[0m[38;2;0;0;0m[48;2;0;0;0m▀[0m[38;2;0;0;0m[48;2;0;0;0m▀[0m[38;2;15;15;16m[48;2;0;3;3m▀[0m[38;2;28;28;29m[48;2;0;0;0m▀[0m[38;2;19;21;23m[48;2;0;0;0m▀[0m[38;2;144;147;147m[48;2;99;99;101m▀[0m[38;2;247;247;247m[48;2;247;247;247m▀[0m[38;2;78;81;81m[48;2;160;160;160m▀[0m[38;2;0;0;0m[48;2;19;19;21m▀[0m[38;2;0;0;0m[48;2;0;0;0m▀[0m[38;2;247;247;247m[48;2;0;0;0m▀[0m[38;2;150;149;149m[48;2;88;87;87m▀[0m[38;2;0;0;0m[48;2;147;147;147m▀[0m[38;2;0;0;0m[48;2;51;51;51m▀[0m[38;2;0;0;0m[48;2;0;0;0m▀[0m[38;2;0;0;0m[48;2;0;0;0m▀[0m[38;2;0;0;0m[48;2;0;0;0m▀[0m[38;2;0;0;0m[48;2;0;0;0m▀[0m[38;2;0;0;0m[48;2;0;0;0m▀[0m[38;2;0;0;0m[48;2;0;0;0m▀[0m[38;2;61;61;61m[48;2;39;42;42m▀[0m[38;2;64;66;66m[48;2;54;57;57m▀[0m[38;2;64;67;67m[48;2;77;77;79m▀[0m[38;2;54;54;51m[48;2;48;48;48m▀[0m[38;2;54;56;56m[48;2;52;52;49m▀[0m[38;2;54;56;56m[48;2;55;55;55m▀[0m[38;2;52;54;52m[48;2;53;55;53m▀[0m[38;2;59;62;62m[48;2;60;63;63m▀[0m[38;2;0;0;0m[48;2;32;35;35m▀[0m[38;2;0;0;0m[48;2;0;0;0m▀[0m[38;2;73;76;73m[48;2;0;0;0m▀[0m[38;2;247;247;247m[48;2;170;170;167m▀[0m[38;2;247;247;247m[48;2;247;247;247m▀[0m[38;2;247;247;247m[48;2;247;247;247m▀[0m[38;2;246;246;246m[48;2;247;247;247m▀[0m
[38;2;32;31;33m[48;2;24;24;24m▀[0m[38;2;29;31;31m[48;2;66;68;68m▀[0m[38;2;47;47;45m[48;2;35;38;37m▀[0m[38;2;0;2;2m[48;2;0;0;0m▀[0m[38;2;63;62;62m[48;2;38;41;41m▀[0m[38;2;59;59;59m[48;2;60;62;60m▀[0m[38;2;53;52;52m[48;2;35;37;37m▀[0m[38;2;45;45;45m[48;2;0;0;0m▀[0m[38;2;1;3;3m[48;2;24;27;24m▀[0m[38;2;0;0;0m[48;2;221;224;224m▀[0m[38;2;156;156;158m[48;2;247;247;247m▀[0m[38;2;247;247;247m[48;2;247;247;247m▀[0m[38;2;247;247;247m[48;2;149;152;153m▀[0m[38;2;1;3;3m[48;2;24;26;28m▀[0m[38;2;190;189;189m[48;2;196;196;194m▀[0m[38;2;0;0;0m[48;2;0;0;0m▀[0m[38;2;0;0;0m[48;2;0;0;0m▀[0m[38;2;0;0;0m[48;2;0;0;0m▀[0m[38;2;0;0;0m[48;2;0;0;0m▀[0m[38;2;0;0;0m[48;2;0;0;0m▀[0m[38;2;0;0;0m[48;2;17;17;17m▀[0m[38;2;217;217;217m[48;2;247;247;247m▀[0m[38;2;247;247;247m[48;2;247;247;247m▀[0m[38;2;146;146;146m[48;2;247;247;247m▀[0m[38;2;179;181;181m[48;2;184;186;186m▀[0m[38;2;210;210;212m[48;2;176;176;178m▀[0m[38;2;247;247;247m[48;2;247;247;247m▀[0m[38;2;143;146;146m[48;2;210;210;210m▀[0m[38;2;0;0;0m[48;2;19;19;19m▀[0m[38;2;131;131;131m[48;2;223;223;223m▀[0m[38;2;247;247;247m[48;2;180;180;180m▀[0m[38;2;82;85;85m[48;2;75;75;75m▀[0m[38;2;0;0;0m[48;2;0;0;0m▀[0m[38;2;0;0;0m[48;2;0;0;0m▀[0m[38;2;0;0;0m[48;2;0;0;0m▀[0m[38;2;0;0;0m[48;2;0;0;0m▀[0m[38;2;0;0;0m[48;2;0;0;0m▀[0m[38;2;12;15;15m[48;2;30;30;30m▀[0m[38;2;46;49;51m[48;2;140;143;142m▀[0m[38;2;25;28;27m[48;2;0;0;0m▀[0m[38;2;81;87;86m[48;2;124;129;133m▀[0m[38;2;0;0;0m[48;2;31;32;33m▀[0m[38;2;0;0;0m[48;2;0;0;0m▀[0m[38;2;0;0;0m[48;2;0;0;0m▀[0m[38;2;0;0;0m[48;2;0;0;0m▀[0m[38;2;0;0;0m[48;2;0;0;0m▀[0m[38;2;10;10;10m[48;2;0;0;0m▀[0m[38;2;247;247;247m[48;2;143;143;143m▀[0m[38;2;227;230;230m[48;2;247;247;247m▀[0m[38;2;0;0;0m[48;2;126;126;126m▀[0m[38;2;247;247;247m[48;2;191;191;191m▀[0m[38;2;127;129;129m[48;2;247;247;247m▀[0m[38;2;233;236;236m[48;2;247;247;247m▀[0m[38;2;247;247;247m[48;2;237;237;237m▀[0m[38;2;247;247;247m[48;2;236;236;236m▀[0m[38;2;221;221;222m[48;2;247;247;247m▀[0m[38;2;28;28;28m[48;2;247;247;247m▀[0m[38;2;0;0;0m[48;2;0;0;0m▀[0m[38;2;0;0;0m[48;2;0;0;0m▀[0m[38;2;0;0;0m[48;2;3;3;5m▀[0m[38;2;5;8;7m[48;2;153;153;151m▀[0m[38;2;2;8;8m[48;2;0;0;0m▀[0m[38;2;90;93;93m[48;2;247;247;247m▀[0m[38;2;98;100;100m[48;2;205;205;205m▀[0m[38;2;28;28;28m[48;2;0;0;0m▀[0m[38;2;45;45;42m[48;2;23;26;23m▀[0m[38;2;51;51;51m[48;2;46;49;46m▀[0m[38;2;54;54;54m[48;2;50;50;50m▀[0m[38;2;54;57;54m[48;2;54;54;54m▀[0m[38;2;62;64;62m[48;2;67;67;67m▀[0m[38;2;0;0;0m[48;2;36;36;33m▀[0m[38;2;14;14;18m[48;2;19;19;20m▀[0m[38;2;0;0;0m[48;2;0;0;0m▀[0m[38;2;247;247;247m[48;2;48;48;48m▀[0m[38;2;247;247;247m[48;2;247;247;247m▀[0m[38;2;247;247;247m[48;2;247;247;247m▀[0m
[38;2;63;63;61m[48;2;60;60;60m▀[0m[38;2;67;69;69m[48;2;67;66;66m▀[0m[38;2;24;24;24m[48;2;7;7;7m▀[0m[38;2;0;0;0m[48;2;0;0;0m▀[0m[38;2;31;31;31m[48;2;0;0;0m▀[0m[38;2;29;28;28m[48;2;59;61;61m▀[0m[38;2;0;0;0m[48;2;197;197;197m▀[0m[38;2;124;124;124m[48;2;247;247;247m▀[0m[38;2;247;247;247m[48;2;247;247;247m▀[0m[38;2;247;247;247m[48;2;247;247;247m▀[0m[38;2;247;247;247m[48;2;247;247;247m▀[0m[38;2;247;247;247m[48;2;247;247;247m▀[0m[38;2;247;247;247m[48;2;247;247;247m▀[0m[38;2;156;158;160m[48;2;225;228;227m▀[0m[38;2;129;129;129m[48;2;63;64;64m▀[0m[38;2;0;0;0m[48;2;8;11;11m▀[0m[38;2;0;0;0m[48;2;0;0;0m▀[0m[38;2;0;0;0m[48;2;0;0;0m▀[0m[38;2;0;0;0m[48;2;0;0;0m▀[0m[38;2;0;0;0m[48;2;0;0;0m▀[0m[38;2;95;95;95m[48;2;150;150;150m▀[0m[38;2;247;247;247m[48;2;247;247;247m▀[0m[38;2;247;247;247m[48;2;247;247;247m▀[0m[38;2;247;247;247m[48;2;247;247;247m▀[0m[38;2;247;247;247m[48;2;247;247;247m▀[0m[38;2;216;218;218m[48;2;247;247;247m▀[0m[38;2;107;107;107m[48;2;210;213;213m▀[0m[38;2;225;225;225m[48;2;64;64;64m▀[0m[38;2;171;171;171m[48;2;0;0;0m▀[0m[38;2;0;0;0m[48;2;0;0;0m▀[0m[38;2;112;112;112m[48;2;141;140;140m▀[0m[38;2;2;2;2m[48;2;0;0;0m▀[0m[38;2;192;192;194m[48;2;184;187;189m▀[0m[38;2;25;22;22m[48;2;247;247;247m▀[0m[38;2;0;0;0m[48;2;194;191;194m▀[0m[38;2;0;0;0m[48;2;103;103;103m▀[0m[38;2;0;0;0m[48;2;24;24;24m▀[0m[38;2;62;62;62m[48;2;0;0;0m▀[0m[38;2;103;103;101m[48;2;140;140;142m▀[0m[38;2;0;0;0m[48;2;6;6;6m▀[0m[38;2;108;111;110m[48;2;107;110;110m▀[0m[38;2;11;14;13m[48;2;0;0;0m▀[0m[38;2;0;0;0m[48;2;3;3;3m▀[0m[38;2;0;0;0m[48;2;40;40;40m▀[0m[38;2;0;0;0m[48;2;151;151;151m▀[0m[38;2;0;0;0m[48;2;247;247;247m▀[0m[38;2;72;72;72m[48;2;217;220;220m▀[0m[38;2;110;110;108m[48;2;0;0;0m▀[0m[38;2;64;64;64m[48;2;28;28;28m▀[0m[38;2;100;100;102m[48;2;0;0;0m▀[0m[38;2;77;76;76m[48;2;247;247;247m▀[0m[38;2;162;164;164m[48;2;32;34;34m▀[0m[38;2;179;179;179m[48;2;124;127;127m▀[0m[38;2;236;238;238m[48;2;211;211;211m▀[0m[38;2;176;176;176m[48;2;247;247;247m▀[0m[38;2;247;247;247m[48;2;247;247;247m▀[0m[38;2;247;247;247m[48;2;247;247;247m▀[0m[38;2;88;88;88m[48;2;168;168;168m▀[0m[38;2;0;0;0m[48;2;0;0;0m▀[0m[38;2;1;1;1m[48;2;0;0;0m▀[0m[38;2;239;238;236m[48;2;241;241;236m▀[0m[38;2;0;0;0m[48;2;36;39;41m▀[0m[38;2;247;247;247m[48;2;247;247;247m▀[0m[38;2;247;247;247m[48;2;247;247;247m▀[0m[38;2;126;126;126m[48;2;247;247;247m▀[0m[38;2;0;0;0m[48;2;213;213;213m▀[0m[38;2;8;8;8m[48;2;0;0;0m▀[0m[38;2;45;45;45m[48;2;0;0;0m▀[0m[38;2;49;51;51m[48;2;47;46;46m▀[0m[38;2;65;64;65m[48;2;61;64;61m▀[0m[38;2;33;32;33m[48;2;0;0;0m▀[0m[38;2;0;3;0m[48;2;0;0;0m▀[0m[38;2;57;60;60m[48;2;56;60;56m▀[0m[38;2;0;0;0m[48;2;8;10;10m▀[0m[38;2;214;213;214m[48;2;35;34;34m▀[0m[38;2;247;247;247m[48;2;247;247;247m▀[0m
[38;2;55;57;57m[48;2;50;52;50m▀[0m[38;2;55;57;55m[48;2;47;47;47m▀[0m[38;2;0;0;0m[48;2;0;0;0m▀[0m[38;2;0;0;0m[48;2;124;123;121m▀[0m[38;2;63;63;63m[48;2;247;247;247m▀[0m[38;2;247;247;247m[48;2;247;247;247m▀[0m[38;2;247;247;247m[48;2;247;247;247m▀[0m[38;2;247;247;247m[48;2;200;200;200m▀[0m[38;2;247;247;247m[48;2;172;171;172m▀[0m[38;2;247;247;247m[48;2;243;243;243m▀[0m[38;2;247;247;247m[48;2;247;247;247m▀[0m[38;2;247;247;247m[48;2;230;230;227m▀[0m[38;2;241;243;241m[48;2;199;200;197m▀[0m[38;2;187;188;185m[48;2;207;209;209m▀[0m[38;2;17;19;17m[48;2;28;30;31m▀[0m[38;2;28;31;31m[48;2;27;27;27m▀[0m[38;2;0;0;0m[48;2;0;0;0m▀[0m[38;2;0;0;0m[48;2;0;0;0m▀[0m[38;2;0;0;0m[48;2;0;0;0m▀[0m[38;2;0;0;0m[48;2;0;0;0m▀[0m[38;2;187;187;187m[48;2;228;228;230m▀[0m[38;2;247;247;247m[48;2;247;247;247m▀[0m[38;2;247;247;247m[48;2;247;247;247m▀[0m[38;2;247;247;247m[48;2;247;247;247m▀[0m[38;2;236;236;236m[48;2;215;215;212m▀[0m[38;2;201;203;203m[48;2;196;196;194m▀[0m[38;2;237;240;240m[48;2;218;215;215m▀[0m[38;2;155;155;155m[48;2;239;241;239m▀[0m[38;2;186;186;186m[48;2;193;193;193m▀[0m[38;2;247;247;247m[48;2;193;193;193m▀[0m[38;2;130;133;133m[48;2;178;181;178m▀[0m[38;2;97;99;99m[48;2;247;247;247m▀[0m[38;2;222;222;222m[48;2;247;247;247m▀[0m[38;2;247;247;247m[48;2;247;247;247m▀[0m[38;2;247;247;247m[48;2;247;247;247m▀[0m[38;2;247;247;247m[48;2;247;247;247m▀[0m[38;2;247;247;247m[48;2;247;247;247m▀[0m[38;2;35;35;35m[48;2;247;247;247m▀[0m[38;2;64;65;64m[48;2;160;159;157m▀[0m[38;2;199;202;202m[48;2;150;150;150m▀[0m[38;2;0;0;0m[48;2;247;247;247m▀[0m[38;2;143;143;143m[48;2;117;114;114m▀[0m[38;2;247;247;247m[48;2;104;104;104m▀[0m[38;2;247;247;247m[48;2;247;247;247m▀[0m[38;2;247;247;247m[48;2;247;247;247m▀[0m[38;2;247;247;247m[48;2;247;247;247m▀[0m[38;2;227;231;231m[48;2;247;247;247m▀[0m[38;2;52;51;51m[48;2;247;247;247m▀[0m[38;2;91;91;91m[48;2;180;180;180m▀[0m[38;2;235;235;235m[48;2;168;167;167m▀[0m[38;2;104;104;104m[48;2;144;144;141m▀[0m[38;2;152;152;149m[48;2;233;233;230m▀[0m[38;2;247;247;247m[48;2;227;227;226m▀[0m[38;2;247;247;247m[48;2;247;247;247m▀[0m[38;2;247;247;247m[48;2;247;247;247m▀[0m[38;2;247;247;247m[48;2;247;247;247m▀[0m[38;2;247;247;247m[48;2;247;247;247m▀[0m[38;2;195;195;195m[48;2;198;201;201m▀[0m[38;2;0;0;0m[48;2;0;0;0m▀[0m[38;2;0;0;0m[48;2;0;0;0m▀[0m[38;2;199;199;197m[48;2;136;135;135m▀[0m[38;2;190;186;186m[48;2;216;215;215m▀[0m[38;2;247;247;247m[48;2;247;247;247m▀[0m[38;2;247;247;247m[48;2;247;247;247m▀[0m[38;2;247;247;247m[48;2;247;247;247m▀[0m[38;2;247;247;247m[48;2;247;247;247m▀[0m[38;2;247;247;247m[48;2;247;247;247m▀[0m[38;2;48;48;50m[48;2;247;247;247m▀[0m[38;2;0;0;0m[48;2;151;149;152m▀[0m[38;2;49;49;49m[48;2;0;0;0m▀[0m[38;2;0;0;0m[48;2;0;0;0m▀[0m[38;2;0;0;0m[48;2;0;0;0m▀[0m[38;2;50;52;52m[48;2;44;46;46m▀[0m[38;2;55;58;58m[48;2;62;62;62m▀[0m[38;2;0;0;0m[48;2;34;34;34m▀[0m[38;2;214;213;213m[48;2;35;35;35m▀[0m
[38;2;44;44;45m[48;2;0;0;0m▀[0m[38;2;7;7;7m[48;2;163;163;163m▀[0m[38;2;247;247;247m[48;2;247;247;247m▀[0m[38;2;247;247;247m[48;2;33;35;35m▀[0m[38;2;179;181;179m[48;2;0;0;0m▀[0m[38;2;51;54;51m[48;2;13;13;13m▀[0m[38;2;0;0;0m[48;2;31;32;31m▀[0m[38;2;0;0;0m[48;2;40;40;40m▀[0m[38;2;0;0;0m[48;2;42;41;39m▀[0m[38;2;0;0;0m[48;2;30;32;32m▀[0m[38;2;125;125;126m[48;2;3;6;5m▀[0m[38;2;169;167;164m[48;2;2;5;5m▀[0m[38;2;195;195;193m[48;2;13;16;15m▀[0m[38;2;222;226;228m[48;2;30;28;31m▀[0m[38;2;53;59;59m[48;2;36;36;40m▀[0m[38;2;0;0;0m[48;2;0;0;0m▀[0m[38;2;0;0;0m[48;2;0;0;0m▀[0m[38;2;0;0;0m[48;2;0;0;0m▀[0m[38;2;0;0;0m[48;2;0;0;0m▀[0m[38;2;0;0;0m[48;2;0;0;0m▀[0m[38;2;232;234;234m[48;2;208;207;207m▀[0m[38;2;247;247;247m[48;2;247;247;247m▀[0m[38;2;247;247;247m[48;2;247;247;247m▀[0m[38;2;247;247;247m[48;2;247;247;247m▀[0m[38;2;218;218;215m[48;2;247;247;247m▀[0m[38;2;214;214;211m[48;2;247;247;247m▀[0m[38;2;239;239;239m[48;2;214;214;214m▀[0m[38;2;242;242;242m[48;2;240;240;240m▀[0m[38;2;239;239;239m[48;2;247;247;247m▀[0m[38;2;198;198;198m[48;2;247;247;247m▀[0m[38;2;247;247;247m[48;2;247;247;247m▀[0m[38;2;247;247;247m[48;2;247;247;247m▀[0m[38;2;247;247;247m[48;2;247;247;247m▀[0m[38;2;234;236;236m[48;2;0;0;0m▀[0m[38;2;247;247;247m[48;2;0;0;0m▀[0m[38;2;247;247;247m[48;2;118;121;122m▀[0m[38;2;247;247;247m[48;2;247;247;247m▀[0m[38;2;216;220;220m[48;2;55;59;60m▀[0m[38;2;123;124;121m[48;2;0;0;0m▀[0m[38;2;164;166;164m[48;2;175;176;173m▀[0m[38;2;247;247;247m[48;2;247;247;247m▀[0m[38;2;247;247;247m[48;2;247;247;247m▀[0m[38;2;247;247;247m[48;2;247;247;247m▀[0m[38;2;150;152;152m[48;2;247;247;247m▀[0m[38;2;203;205;205m[48;2;135;138;138m▀[0m[38;2;247;247;247m[48;2;17;20;20m▀[0m[38;2;243;243;243m[48;2;175;178;178m▀[0m[38;2;194;196;196m[48;2;247;247;247m▀[0m[38;2;247;247;247m[48;2;247;247;247m▀[0m[38;2;247;247;247m[48;2;247;247;247m▀[0m[38;2;247;247;247m[48;2;229;229;229m▀[0m[38;2;188;188;185m[48;2;219;219;219m▀[0m[38;2;198;198;195m[48;2;207;206;204m▀[0m[38;2;231;231;229m[48;2;220;220;220m▀[0m[38;2;247;247;247m[48;2;247;247;247m▀[0m[38;2;247;247;247m[48;2;247;247;247m▀[0m[38;2;247;247;247m[48;2;247;247;247m▀[0m[38;2;194;197;197m[48;2;192;192;192m▀[0m[38;2;0;0;0m[48;2;0;0;0m▀[0m[38;2;0;0;0m[48;2;0;0;0m▀[0m[38;2;76;75;75m[48;2;93;93;94m▀[0m[38;2;225;226;226m[48;2;247;247;247m▀[0m[38;2;236;240;240m[48;2;150;152;152m▀[0m[38;2;247;247;247m[48;2;247;247;247m▀[0m[38;2;247;247;247m[48;2;194;192;194m▀[0m[38;2;247;247;247m[48;2;166;166;166m▀[0m[38;2;247;247;247m[48;2;225;225;226m▀[0m[38;2;247;247;247m[48;2;247;247;247m▀[0m[38;2;247;247;247m[48;2;247;247;247m▀[0m[38;2;209;209;209m[48;2;247;247;247m▀[0m[38;2;0;0;0m[48;2;229;229;229m▀[0m[38;2;0;0;0m[48;2;0;0;0m▀[0m[38;2;32;33;33m[48;2;17;16;16m▀[0m[38;2;61;61;61m[48;2;56;60;54m▀[0m[38;2;59;59;59m[48;2;56;56;56m▀[0m[38;2;24;27;24m[48;2;56;56;56m▀[0m
[38;2;207;207;208m[48;2;166;168;168m▀[0m[38;2;183;183;183m[48;2;10;9;9m▀[0m[38;2;0;0;0m[48;2;37;39;39m▀[0m[38;2;24;26;26m[48;2;45;48;48m▀[0m[38;2;47;46;47m[48;2;42;41;41m▀[0m[38;2;49;49;49m[48;2;45;45;45m▀[0m[38;2;47;50;47m[48;2;52;52;52m▀[0m[38;2;51;51;51m[48;2;56;56;56m▀[0m[38;2;53;52;50m[48;2;54;56;54m▀[0m[38;2;57;57;57m[48;2;65;64;65m▀[0m[38;2;55;55;55m[48;2;53;53;53m▀[0m[38;2;16;19;19m[48;2;0;0;0m▀[0m[38;2;0;0;0m[48;2;7;7;8m▀[0m[38;2;34;36;36m[48;2;56;59;60m▀[0m[38;2;5;8;10m[48;2;0;0;0m▀[0m[38;2;0;0;0m[48;2;0;0;0m▀[0m[38;2;0;0;0m[48;2;0;0;0m▀[0m[38;2;0;0;0m[48;2;0;0;0m▀[0m[38;2;0;0;0m[48;2;0;0;0m▀[0m[38;2;0;0;0m[48;2;18;18;18m▀[0m[38;2;247;247;247m[48;2;247;247;247m▀[0m[38;2;247;247;247m[48;2;247;247;247m▀[0m[38;2;247;247;247m[48;2;247;247;247m▀[0m[38;2;247;247;247m[48;2;247;247;247m▀[0m[38;2;247;247;247m[48;2;230;230;227m▀[0m[38;2;161;161;161m[48;2;99;99;99m▀[0m[38;2;210;210;212m[48;2;245;247;247m▀[0m[38;2;247;247;247m[48;2;247;247;247m▀[0m[38;2;247;247;247m[48;2;247;247;247m▀[0m[38;2;246;246;246m[48;2;246;246;246m▀[0m[38;2;247;247;247m[48;2;247;246;247m▀[0m[38;2;247;247;247m[48;2;247;247;247m▀[0m[38;2;247;247;247m[48;2;247;247;247m▀[0m[38;2;246;245;245m[48;2;247;247;247m▀[0m[38;2;0;0;0m[48;2;223;222;222m▀[0m[38;2;71;71;72m[48;2;48;47;47m▀[0m[38;2;247;247;247m[48;2;247;247;247m▀[0m[38;2;247;247;247m[48;2;247;247;247m▀[0m[38;2;203;205;203m[48;2;146;146;146m▀[0m[38;2;118;121;118m[48;2;219;219;216m▀[0m[38;2;247;247;247m[48;2;247;247;247m▀[0m[38;2;247;247;247m[48;2;247;247;247m▀[0m[38;2;247;247;247m[48;2;224;223;223m▀[0m[38;2;239;239;239m[48;2;103;106;103m▀[0m[38;2;75;78;75m[48;2;233;233;233m▀[0m[38;2;21;24;24m[48;2;247;247;247m▀[0m[38;2;164;164;165m[48;2;160;160;161m▀[0m[38;2;247;247;247m[48;2;172;172;173m▀[0m[38;2;247;247;247m[48;2;247;247;247m▀[0m[38;2;247;247;247m[48;2;247;247;247m▀[0m[38;2;244;243;243m[48;2;247;247;247m▀[0m[38;2;213;215;215m[48;2;225;225;226m▀[0m[38;2;240;240;242m[48;2;188;191;190m▀[0m[38;2;247;247;247m[48;2;247;247;247m▀[0m[38;2;247;247;247m[48;2;247;247;247m▀[0m[38;2;247;247;247m[48;2;247;247;247m▀[0m[38;2;247;247;247m[48;2;247;247;247m▀[0m[38;2;157;157;157m[48;2;176;179;176m▀[0m[38;2;0;0;0m[48;2;0;0;0m▀[0m[38;2;0;0;0m[48;2;0;0;0m▀[0m[38;2;66;64;67m[48;2;0;0;0m▀[0m[38;2;247;247;247m[48;2;25;28;28m▀[0m[38;2;70;68;71m[48;2;0;0;0m▀[0m[38;2;0;0;0m[48;2;19;18;18m▀[0m[38;2;0;0;0m[48;2;49;52;49m▀[0m[38;2;0;0;0m[48;2;42;45;42m▀[0m[38;2;0;0;0m[48;2;36;39;36m▀[0m[38;2;16;16;16m[48;2;19;22;22m▀[0m[38;2;93;93;93m[48;2;0;0;0m▀[0m[38;2;224;224;224m[48;2;0;0;0m▀[0m[38;2;247;247;247m[48;2;61;61;61m▀[0m[38;2;247;247;247m[48;2;247;247;247m▀[0m[38;2;0;3;5m[48;2;188;188;188m▀[0m[38;2;41;44;43m[48;2;0;0;0m▀[0m[38;2;49;52;52m[48;2;46;46;44m▀[0m[38;2;56;56;57m[48;2;52;52;50m▀[0m
[38;2;14;16;16m[48;2;48;51;50m▀[0m[38;2;42;41;41m[48;2;46;46;44m▀[0m[38;2;42;42;42m[48;2;10;11;8m▀[0m[38;2;17;19;19m[48;2;95;98;96m▀[0m[38;2;31;32;32m[48;2;247;247;247m▀[0m[38;2;49;50;47m[48;2;105;104;104m▀[0m[38;2;46;46;43m[48;2;27;27;25m▀[0m[38;2;56;56;56m[48;2;58;58;58m▀[0m[38;2;55;55;55m[48;2;57;60;54m▀[0m[38;2;70;72;73m[48;2;78;77;78m▀[0m[38;2;38;38;38m[48;2;16;16;16m▀[0m[38;2;0;0;0m[48;2;0;0;0m▀[0m[38;2;43;43;44m[48;2;50;50;51m▀[0m[38;2;15;15;19m[48;2;0;0;0m▀[0m[38;2;0;0;0m[48;2;0;0;0m▀[0m[38;2;0;0;0m[48;2;0;0;0m▀[0m[38;2;0;0;0m[48;2;0;0;0m▀[0m[38;2;0;0;0m[48;2;0;0;0m▀[0m[38;2;0;0;0m[48;2;0;0;0m▀[0m[38;2;28;31;31m[48;2;0;0;0m▀[0m[38;2;247;247;247m[48;2;247;247;247m▀[0m[38;2;247;247;247m[48;2;247;247;247m▀[0m[38;2;247;247;247m[48;2;247;247;247m▀[0m[38;2;247;247;247m[48;2;247;247;247m▀[0m[38;2;247;247;247m[48;2;247;247;247m▀[0m[38;2;51;48;48m[48;2;104;104;104m▀[0m[38;2;226;229;228m[48;2;93;95;96m▀[0m[38;2;247;247;247m[48;2;247;247;247m▀[0m[38;2;247;247;247m[48;2;247;247;247m▀[0m[38;2;247;247;247m[48;2;247;247;247m▀[0m[38;2;243;243;243m[48;2;246;243;243m▀[0m[38;2;238;238;239m[48;2;240;240;240m▀[0m[38;2;238;238;238m[48;2;234;234;234m▀[0m[38;2;247;247;247m[48;2;247;247;247m▀[0m[38;2;247;247;247m[48;2;237;234;234m▀[0m[38;2;0;0;0m[48;2;0;0;0m▀[0m[38;2;55;54;54m[48;2;0;0;0m▀[0m[38;2;247;247;247m[48;2;195;195;195m▀[0m[38;2;94;97;94m[48;2;166;165;166m▀[0m[38;2;18;21;21m[48;2;21;24;24m▀[0m[38;2;247;247;247m[48;2;247;247;247m▀[0m[38;2;153;153;154m[48;2;17;20;20m▀[0m[38;2;0;0;0m[48;2;15;15;15m▀[0m[38;2;245;245;245m[48;2;247;247;247m▀[0m[38;2;247;247;247m[48;2;226;226;226m▀[0m[38;2;247;247;247m[48;2;235;235;235m▀[0m[38;2;247;247;247m[48;2;243;243;243m▀[0m[38;2;169;172;171m[48;2;247;247;247m▀[0m[38;2;213;212;212m[48;2;142;141;141m▀[0m[38;2;247;247;247m[48;2;242;242;242m▀[0m[38;2;247;247;247m[48;2;247;247;247m▀[0m[38;2;241;239;242m[48;2;192;194;194m▀[0m[38;2;134;139;135m[48;2;78;81;80m▀[0m[38;2;243;242;242m[48;2;247;247;247m▀[0m[38;2;247;247;247m[48;2;247;247;247m▀[0m[38;2;247;247;247m[48;2;247;247;247m▀[0m[38;2;247;247;247m[48;2;247;247;247m▀[0m[38;2;247;247;247m[48;2;150;150;150m▀[0m[38;2;0;0;0m[48;2;0;0;0m▀[0m[38;2;0;0;0m[48;2;0;0;0m▀[0m[38;2;39;38;38m[48;2;29;32;32m▀[0m[38;2;0;0;0m[48;2;27;30;30m▀[0m[38;2;1;0;0m[48;2;0;0;0m▀[0m[38;2;40;39;39m[48;2;43;45;45m▀[0m[38;2;62;61;61m[48;2;65;68;65m▀[0m[38;2;52;54;52m[48;2;60;54;57m▀[0m[38;2;52;51;52m[48;2;56;56;56m▀[0m[38;2;47;50;47m[48;2;52;56;56m▀[0m[38;2;43;46;46m[48;2;50;49;49m▀[0m[38;2;38;40;40m[48;2;45;47;48m▀[0m[38;2;8;8;8m[48;2;47;50;47m▀[0m[38;2;6;6;6m[48;2;27;27;27m▀[0m[38;2;247;247;247m[48;2;11;17;17m▀[0m[38;2;172;172;172m[48;2;247;247;247m▀[0m[38;2;13;16;12m[48;2;126;120;123m▀[0m[38;2;50;53;52m[48;2;9;9;7m▀[0m
[38;2;58;54;56m[48;2;57;57;58m▀[0m[38;2;36;36;37m[48;2;28;31;30m▀[0m[38;2;53;52;52m[48;2;117;120;117m▀[0m[38;2;247;247;247m[48;2;247;247;247m▀[0m[38;2;247;247;247m[48;2;104;106;106m▀[0m[38;2;19;21;21m[48;2;17;16;16m▀[0m[38;2;42;45;45m[48;2;50;53;53m▀[0m[38;2;55;57;57m[48;2;54;56;54m▀[0m[38;2;59;62;59m[48;2;68;71;68m▀[0m[38;2;77;77;79m[48;2;59;59;61m▀[0m[38;2;0;0;0m[48;2;0;0;0m▀[0m[38;2;19;19;20m[48;2;27;27;28m▀[0m[38;2;12;12;13m[48;2;0;0;0m▀[0m[38;2;0;0;0m[48;2;0;0;0m▀[0m[38;2;0;0;0m[48;2;0;0;0m▀[0m[38;2;0;0;0m[48;2;0;0;0m▀[0m[38;2;0;0;0m[48;2;0;0;0m▀[0m[38;2;0;0;0m[48;2;0;0;0m▀[0m[38;2;0;0;0m[48;2;0;0;0m▀[0m[38;2;105;105;109m[48;2;132;129;132m▀[0m[38;2;247;247;247m[48;2;247;247;247m▀[0m[38;2;247;247;247m[48;2;159;159;159m▀[0m[38;2;247;247;247m[48;2;247;247;247m▀[0m[38;2;247;247;247m[48;2;247;247;247m▀[0m[38;2;247;247;247m[48;2;247;247;247m▀[0m[38;2;192;192;192m[48;2;247;247;247m▀[0m[38;2;0;0;0m[48;2;0;0;0m▀[0m[38;2;187;187;187m[48;2;203;203;203m▀[0m[38;2;247;247;247m[48;2;247;247;247m▀[0m[38;2;247;247;247m[48;2;247;247;247m▀[0m[38;2;247;247;247m[48;2;247;247;247m▀[0m[38;2;243;245;245m[48;2;247;247;247m▀[0m[38;2;240;240;240m[48;2;246;246;244m▀[0m[38;2;246;246;246m[48;2;247;247;247m▀[0m[38;2;232;232;232m[48;2;224;224;224m▀[0m[38;2;132;132;129m[48;2;41;41;38m▀[0m[38;2;247;247;247m[48;2;247;247;247m▀[0m[38;2;247;247;247m[48;2;247;247;247m▀[0m[38;2;108;108;108m[48;2;161;161;158m▀[0m[38;2;187;187;187m[48;2;189;192;189m▀[0m[38;2;247;247;247m[48;2;247;247;247m▀[0m[38;2;188;188;188m[48;2;119;118;118m▀[0m[38;2;219;219;219m[48;2;229;229;226m▀[0m[38;2;232;233;230m[48;2;230;230;227m▀[0m[38;2;230;230;230m[48;2;233;233;233m▀[0m[38;2;233;233;233m[48;2;240;240;240m▀[0m[38;2;243;243;243m[48;2;245;245;245m▀[0m[38;2;247;247;247m[48;2;247;247;247m▀[0m[38;2;244;244;244m[48;2;247;247;247m▀[0m[38;2;194;194;194m[48;2;247;247;247m▀[0m[38;2;244;244;244m[48;2;107;104;107m▀[0m[38;2;61;61;63m[48;2;0;0;0m▀[0m[38;2;154;154;152m[48;2;247;247;247m▀[0m[38;2;247;247;247m[48;2;247;247;247m▀[0m[38;2;247;247;247m[48;2;247;247;247m▀[0m[38;2;247;247;247m[48;2;241;241;239m▀[0m[38;2;247;247;247m[48;2;247;247;247m▀[0m[38;2;149;152;149m[48;2;238;238;238m▀[0m[38;2;0;0;0m[48;2;0;0;0m▀[0m[38;2;0;0;0m[48;2;0;0;0m▀[0m[38;2;0;0;0m[48;2;0;0;0m▀[0m[38;2;55;58;58m[48;2;40;40;40m▀[0m[38;2;0;0;0m[48;2;2;2;4m▀[0m[38;2;32;29;32m[48;2;4;4;5m▀[0m[38;2;69;72;72m[48;2;77;77;74m▀[0m[38;2;55;57;58m[48;2;59;61;59m▀[0m[38;2;54;56;56m[48;2;54;56;54m▀[0m[38;2;52;54;54m[48;2;55;54;54m▀[0m[38;2;48;50;50m[48;2;22;24;24m▀[0m[38;2;26;28;26m[48;2;166;165;166m▀[0m[38;2;10;13;10m[48;2;162;162;162m▀[0m[38;2;38;38;38m[48;2;9;9;9m▀[0m[38;2;29;32;32m[48;2;39;39;39m▀[0m[38;2;23;23;23m[48;2;37;37;35m▀[0m[38;2;166;166;166m[48;2;27;30;27m▀[0m[38;2;0;0;0m[48;2;129;129;129m▀[0m
[38;2;67;67;65m[48;2;46;46;48m▀[0m[38;2;58;58;59m[48;2;44;44;45m▀[0m[38;2;44;42;45m[48;2;56;56;58m▀[0m[38;2;31;32;32m[48;2;63;61;64m▀[0m[38;2;23;25;25m[48;2;56;58;58m▀[0m[38;2;49;48;48m[48;2;54;56;54m▀[0m[38;2;51;53;53m[48;2;53;57;57m▀[0m[38;2;59;58;58m[48;2;67;70;70m▀[0m[38;2;79;79;79m[48;2;66;69;69m▀[0m[38;2;19;18;18m[48;2;0;0;0m▀[0m[38;2;0;0;0m[48;2;0;0;0m▀[0m[38;2;3;3;3m[48;2;0;0;0m▀[0m[38;2;0;0;0m[48;2;0;0;0m▀[0m[38;2;0;0;0m[48;2;0;0;0m▀[0m[38;2;0;0;0m[48;2;0;0;0m▀[0m[38;2;0;0;0m[48;2;0;0;0m▀[0m[38;2;0;0;0m[48;2;0;0;0m▀[0m[38;2;0;0;0m[48;2;92;92;93m▀[0m[38;2;0;0;0m[48;2;142;145;145m▀[0m[38;2;134;134;134m[48;2;222;221;222m▀[0m[38;2;247;247;247m[48;2;247;247;247m▀[0m[38;2;0;0;0m[48;2;101;104;104m▀[0m[38;2;170;170;170m[48;2;183;183;183m▀[0m[38;2;247;247;247m[48;2;234;234;234m▀[0m[38;2;247;247;247m[48;2;247;247;247m▀[0m[38;2;247;247;247m[48;2;247;247;247m▀[0m[38;2;82;85;82m[48;2;176;176;176m▀[0m[38;2;247;247;247m[48;2;247;247;247m▀[0m[38;2;247;247;247m[48;2;247;247;247m▀[0m[38;2;247;247;247m[48;2;202;202;202m▀[0m[38;2;247;247;247m[48;2;211;209;212m▀[0m[38;2;247;247;247m[48;2;244;247;247m▀[0m[38;2;247;247;247m[48;2;247;247;247m▀[0m[38;2;247;247;247m[48;2;247;247;247m▀[0m[38;2;231;231;231m[48;2;247;247;247m▀[0m[38;2;20;17;17m[48;2;247;247;247m▀[0m[38;2;223;223;220m[48;2;230;230;230m▀[0m[38;2;247;247;247m[48;2;236;239;239m▀[0m[38;2;90;90;90m[48;2;151;154;154m▀[0m[38;2;139;139;139m[48;2;213;213;213m▀[0m[38;2;194;194;190m[48;2;94;96;94m▀[0m[38;2;129;129;129m[48;2;178;178;180m▀[0m[38;2;247;247;247m[48;2;247;247;247m▀[0m[38;2;239;239;239m[48;2;247;247;247m▀[0m[38;2;240;240;240m[48;2;247;247;247m▀[0m[38;2;243;243;243m[48;2;244;244;246m▀[0m[38;2;246;246;247m[48;2;247;247;247m▀[0m[38;2;247;247;247m[48;2;247;247;247m▀[0m[38;2;247;247;247m[48;2;247;247;247m▀[0m[38;2;247;247;247m[48;2;247;247;247m▀[0m[38;2;46;46;46m[48;2;148;148;150m▀[0m[38;2;3;3;3m[48;2;135;135;135m▀[0m[38;2;247;247;247m[48;2;247;247;247m▀[0m[38;2;247;247;247m[48;2;247;247;247m▀[0m[38;2;229;231;231m[48;2;247;247;247m▀[0m[38;2;247;247;247m[48;2;247;247;247m▀[0m[38;2;247;247;247m[48;2;238;238;238m▀[0m[38;2;199;202;199m[48;2;61;64;61m▀[0m[38;2;0;0;0m[48;2;0;0;0m▀[0m[38;2;0;0;0m[48;2;0;0;0m▀[0m[38;2;0;0;0m[48;2;0;0;0m▀[0m[38;2;1;1;1m[48;2;0;0;0m▀[0m[38;2;32;32;33m[48;2;20;20;18m▀[0m[38;2;0;0;0m[48;2;0;0;0m▀[0m[38;2;68;71;68m[48;2;49;48;46m▀[0m[38;2;64;64;61m[48;2;69;69;69m▀[0m[38;2;55;55;55m[48;2;53;57;53m▀[0m[38;2;56;56;56m[48;2;51;54;54m▀[0m[38;2;14;13;13m[48;2;34;36;37m▀[0m[38;2;150;153;150m[48;2;34;37;34m▀[0m[38;2;247;247;247m[48;2;247;247;247m▀[0m[38;2;201;197;200m[48;2;247;247;247m▀[0m[38;2;5;8;8m[48;2;42;41;41m▀[0m[38;2;52;55;55m[48;2;44;44;44m▀[0m[38;2;0;0;0m[48;2;0;0;0m▀[0m[38;2;200;200;200m[48;2;181;181;181m▀[0m
[38;2;0;0;0m[48;2;36;38;38m▀[0m[38;2;0;0;0m[48;2;0;0;0m▀[0m[38;2;0;0;0m[48;2;0;0;0m▀[0m[38;2;63;63;63m[48;2;0;0;0m▀[0m[38;2;71;71;71m[48;2;79;82;82m▀[0m[38;2;62;63;60m[48;2;85;84;84m▀[0m[38;2;70;71;68m[48;2;65;65;65m▀[0m[38;2;85;88;88m[48;2;19;19;17m▀[0m[38;2;24;24;25m[48;2;0;0;0m▀[0m[38;2;0;0;0m[48;2;0;0;0m▀[0m[38;2;0;0;0m[48;2;0;0;0m▀[0m[38;2;0;0;0m[48;2;0;0;0m▀[0m[38;2;0;0;0m[48;2;0;0;0m▀[0m[38;2;0;0;0m[48;2;0;0;0m▀[0m[38;2;0;0;0m[48;2;0;0;0m▀[0m[38;2;0;0;0m[48;2;243;243;245m▀[0m[38;2;199;199;199m[48;2;247;247;247m▀[0m[38;2;247;247;247m[48;2;169;169;169m▀[0m[38;2;247;247;247m[48;2;247;247;247m▀[0m[38;2;118;120;118m[48;2;48;48;48m▀[0m[38;2;245;244;244m[48;2;52;54;56m▀[0m[38;2;245;247;247m[48;2;237;236;236m▀[0m[38;2;245;245;242m[48;2;243;243;243m▀[0m[38;2;247;247;247m[48;2;247;247;247m▀[0m[38;2;247;247;247m[48;2;247;247;247m▀[0m[38;2;247;247;247m[48;2;241;240;240m▀[0m[38;2;185;185;185m[48;2;180;183;185m▀[0m[38;2;247;247;247m[48;2;242;244;244m▀[0m[38;2;147;150;150m[48;2;92;91;88m▀[0m[38;2;144;147;144m[48;2;149;149;146m▀[0m[38;2;221;221;221m[48;2;217;217;217m▀[0m[38;2;247;247;247m[48;2;241;241;241m▀[0m[38;2;247;247;247m[48;2;247;247;247m▀[0m[38;2;247;247;247m[48;2;243;243;243m▀[0m[38;2;245;247;247m[48;2;245;245;245m▀[0m[38;2;247;247;247m[48;2;247;247;247m▀[0m[38;2;233;233;230m[48;2;232;235;232m▀[0m[38;2;209;209;211m[48;2;217;216;217m▀[0m[38;2;68;68;66m[48;2;65;65;65m▀[0m[38;2;95;95;97m[48;2;197;197;198m▀[0m[38;2;241;240;241m[48;2;247;247;247m▀[0m[38;2;235;232;235m[48;2;247;247;247m▀[0m[38;2;247;247;247m[48;2;246;246;247m▀[0m[38;2;245;245;240m[48;2;245;245;242m▀[0m[38;2;247;247;247m[48;2;247;247;247m▀[0m[38;2;247;247;247m[48;2;247;247;247m▀[0m[38;2;231;233;231m[48;2;241;241;241m▀[0m[38;2;205;202;202m[48;2;187;187;189m▀[0m[38;2;225;225;225m[48;2;149;148;149m▀[0m[38;2;247;247;247m[48;2;239;238;239m▀[0m[38;2;219;216;216m[48;2;235;235;233m▀[0m[38;2;205;205;205m[48;2;217;217;217m▀[0m[38;2;247;247;247m[48;2;247;247;247m▀[0m[38;2;247;247;247m[48;2;231;231;231m▀[0m[38;2;247;247;247m[48;2;236;239;238m▀[0m[38;2;202;204;204m[48;2;247;247;247m▀[0m[38;2;217;217;217m[48;2;247;247;247m▀[0m[38;2;58;58;58m[48;2;0;0;0m▀[0m[38;2;0;0;0m[48;2;0;0;0m▀[0m[38;2;0;0;0m[48;2;0;0;0m▀[0m[38;2;0;0;0m[48;2;0;0;0m▀[0m[38;2;0;0;0m[48;2;0;0;0m▀[0m[38;2;0;0;0m[48;2;0;0;0m▀[0m[38;2;0;0;0m[48;2;0;0;0m▀[0m[38;2;20;19;20m[48;2;0;0;0m▀[0m[38;2;76;76;74m[48;2;68;68;70m▀[0m[38;2;57;57;57m[48;2;66;69;69m▀[0m[38;2;53;55;55m[48;2;56;59;58m▀[0m[38;2;48;47;48m[48;2;55;55;55m▀[0m[38;2;36;37;34m[48;2;55;55;55m▀[0m[38;2;15;21;18m[48;2;60;63;63m▀[0m[38;2;44;46;46m[48;2;50;52;50m▀[0m[38;2;54;54;54m[48;2;41;40;40m▀[0m[38;2;52;52;52m[48;2;44;46;46m▀[0m[38;2;0;2;2m[48;2;0;0;0m▀[0m[38;2;198;198;198m[48;2;218;218;218m▀[0m
[38;2;220;219;219m[48;2;97;99;99m▀[0m[38;2;5;4;4m[48;2;0;0;0m▀[0m[38;2;0;0;0m[48;2;0;0;0m▀[0m[38;2;0;0;0m[48;2;0;0;0m▀[0m[38;2;11;11;11m[48;2;0;0;0m▀[0m[38;2;18;20;20m[48;2;0;0;0m▀[0m[38;2;0;0;0m[48;2;0;0;0m▀[0m[38;2;0;0;0m[48;2;0;0;0m▀[0m[38;2;0;0;0m[48;2;0;0;0m▀[0m[38;2;0;0;0m[48;2;0;0;0m▀[0m[38;2;0;0;0m[48;2;0;0;0m▀[0m[38;2;0;0;0m[48;2;105;105;105m▀[0m[38;2;0;0;0m[48;2;247;247;247m▀[0m[38;2;123;125;123m[48;2;247;247;247m▀[0m[38;2;247;247;247m[48;2;247;247;247m▀[0m[38;2;247;247;247m[48;2;247;247;247m▀[0m[38;2;247;247;247m[48;2;206;206;206m▀[0m[38;2;196;196;196m[48;2;247;247;247m▀[0m[38;2;247;247;247m[48;2;184;184;184m▀[0m[38;2;0;0;0m[48;2;0;0;0m▀[0m[38;2;118;121;121m[48;2;173;173;173m▀[0m[38;2;172;171;172m[48;2;247;247;247m▀[0m[38;2;211;211;211m[48;2;4;4;4m▀[0m[38;2;247;247;247m[48;2;230;230;230m▀[0m[38;2;247;247;247m[48;2;230;230;230m▀[0m[38;2;247;247;247m[48;2;247;247;247m▀[0m[38;2;167;170;172m[48;2;137;137;137m▀[0m[38;2;221;224;223m[48;2;235;236;233m▀[0m[38;2;124;123;120m[48;2;190;190;187m▀[0m[38;2;170;167;167m[48;2;193;187;190m▀[0m[38;2;186;186;188m[48;2;243;246;243m▀[0m[38;2;247;247;247m[48;2;247;247;247m▀[0m[38;2;247;247;247m[48;2;247;247;247m▀[0m[38;2;247;247;247m[48;2;247;247;247m▀[0m[38;2;247;247;247m[48;2;247;247;247m▀[0m[38;2;247;247;247m[48;2;247;247;247m▀[0m[38;2;231;231;231m[48;2;223;223;223m▀[0m[38;2;214;214;214m[48;2;191;193;191m▀[0m[38;2;146;146;147m[48;2;82;81;79m▀[0m[38;2;247;247;247m[48;2;198;198;198m▀[0m[38;2;247;247;247m[48;2;247;247;247m▀[0m[38;2;247;247;247m[48;2;247;247;247m▀[0m[38;2;246;246;247m[48;2;247;247;247m▀[0m[38;2;244;244;244m[48;2;244;244;245m▀[0m[38;2;247;247;247m[48;2;247;247;247m▀[0m[38;2;247;247;247m[48;2;247;247;247m▀[0m[38;2;221;217;217m[48;2;197;197;197m▀[0m[38;2;198;198;198m[48;2;167;169;167m▀[0m[38;2;97;99;99m[48;2;134;133;134m▀[0m[38;2;193;194;193m[48;2;204;204;202m▀[0m[38;2;228;228;228m[48;2;195;195;195m▀[0m[38;2;230;230;230m[48;2;226;226;226m▀[0m[38;2;247;247;247m[48;2;224;226;226m▀[0m[38;2;247;247;247m[48;2;157;162;160m▀[0m[38;2;247;247;247m[48;2;142;145;142m▀[0m[38;2;240;239;236m[48;2;226;226;226m▀[0m[38;2;110;110;107m[48;2;134;137;137m▀[0m[38;2;131;134;134m[48;2;95;95;95m▀[0m[38;2;97;97;98m[48;2;247;247;247m▀[0m[38;2;0;0;0m[48;2;71;71;71m▀[0m[38;2;0;0;0m[48;2;0;0;0m▀[0m[38;2;0;0;0m[48;2;0;0;0m▀[0m[38;2;0;0;0m[48;2;0;0;0m▀[0m[38;2;0;0;0m[48;2;0;0;0m▀[0m[38;2;0;0;0m[48;2;0;0;0m▀[0m[38;2;13;16;15m[48;2;0;0;0m▀[0m[38;2;83;82;82m[48;2;15;14;14m▀[0m[38;2;70;70;70m[48;2;68;68;66m▀[0m[38;2;61;64;61m[48;2;84;87;84m▀[0m[38;2;73;73;73m[48;2;76;76;76m▀[0m[38;2;60;60;60m[48;2;0;0;0m▀[0m[38;2;0;0;0m[48;2;0;0;0m▀[0m[38;2;0;0;0m[48;2;0;0;0m▀[0m[38;2;0;0;0m[48;2;0;0;0m▀[0m[38;2;0;0;2m[48;2;247;247;247m▀[0m[38;2;247;247;247m[48;2;247;247;247m▀[0m
[38;2;0;0;0m[48;2;6;5;5m▀[0m[38;2;0;0;0m[48;2;28;28;28m▀[0m[38;2;0;0;0m[48;2;0;0;0m▀[0m[38;2;0;0;0m[48;2;0;0;0m▀[0m[38;2;0;0;0m[48;2;0;0;0m▀[0m[38;2;0;0;0m[48;2;0;0;0m▀[0m[38;2;0;0;0m[48;2;0;0;0m▀[0m[38;2;0;0;0m[48;2;0;0;0m▀[0m[38;2;0;0;0m[48;2;230;230;230m▀[0m[38;2;161;161;161m[48;2;247;247;247m▀[0m[38;2;247;247;247m[48;2;247;247;247m▀[0m[38;2;247;247;247m[48;2;247;247;247m▀[0m[38;2;247;247;247m[48;2;247;247;247m▀[0m[38;2;247;247;247m[48;2;247;247;247m▀[0m[38;2;247;247;247m[48;2;246;246;247m▀[0m[38;2;247;247;247m[48;2;215;215;215m▀[0m[38;2;201;201;205m[48;2;187;189;189m▀[0m[38;2;247;247;247m[48;2;247;247;247m▀[0m[38;2;81;81;81m[48;2;28;31;28m▀[0m[38;2;105;108;108m[48;2;247;247;247m▀[0m[38;2;216;219;219m[48;2;22;22;22m▀[0m[38;2;247;247;247m[48;2;147;145;148m▀[0m[38;2;166;166;166m[48;2;247;247;247m▀[0m[38;2;247;247;247m[48;2;211;211;211m▀[0m[38;2;247;247;247m[48;2;247;247;247m▀[0m[38;2;247;247;247m[48;2;247;247;247m▀[0m[38;2;154;154;154m[48;2;240;240;242m▀[0m[38;2;153;152;152m[48;2;0;0;0m▀[0m[38;2;247;247;247m[48;2;222;222;219m▀[0m[38;2;247;247;247m[48;2;247;247;247m▀[0m[38;2;247;247;247m[48;2;247;247;247m▀[0m[38;2;247;247;247m[48;2;247;247;247m▀[0m[38;2;247;247;247m[48;2;247;247;247m▀[0m[38;2;247;247;247m[48;2;247;247;247m▀[0m[38;2;247;247;247m[48;2;247;247;247m▀[0m[38;2;247;247;247m[48;2;195;198;195m▀[0m[38;2;127;129;129m[48;2;51;54;54m▀[0m[38;2;231;233;231m[48;2;232;231;232m▀[0m[38;2;0;0;0m[48;2;112;112;112m▀[0m[38;2;143;143;145m[48;2;247;247;247m▀[0m[38;2;247;247;247m[48;2;141;141;141m▀[0m[38;2;247;247;247m[48;2;225;225;225m▀[0m[38;2;247;247;247m[48;2;247;247;247m▀[0m[38;2;247;247;247m[48;2;247;247;247m▀[0m[38;2;247;247;247m[48;2;247;247;247m▀[0m[38;2;247;247;247m[48;2;247;247;247m▀[0m[38;2;247;247;247m[48;2;247;247;247m▀[0m[38;2;194;194;194m[48;2;247;247;247m▀[0m[38;2;190;190;187m[48;2;247;247;247m▀[0m[38;2;247;246;247m[48;2;155;158;155m▀[0m[38;2;140;140;140m[48;2;147;150;149m▀[0m[38;2;247;247;247m[48;2;247;247;247m▀[0m[38;2;247;247;247m[48;2;247;247;247m▀[0m[38;2;186;185;186m[48;2;247;247;247m▀[0m[38;2;247;247;247m[48;2;247;247;247m▀[0m[38;2;247;247;247m[48;2;171;174;175m▀[0m[38;2;78;81;81m[48;2;0;0;0m▀[0m[38;2;4;7;4m[48;2;32;34;34m▀[0m[38;2;247;247;247m[48;2;247;247;247m▀[0m[38;2;210;210;210m[48;2;199;199;199m▀[0m[38;2;242;242;242m[48;2;247;247;247m▀[0m[38;2;47;47;45m[48;2;247;247;247m▀[0m[38;2;0;0;0m[48;2;211;210;210m▀[0m[38;2;0;0;0m[48;2;24;27;24m▀[0m[38;2;0;0;0m[48;2;0;0;0m▀[0m[38;2;4;1;3m[48;2;0;0;0m▀[0m[38;2;0;0;0m[48;2;0;0;0m▀[0m[38;2;0;0;0m[48;2;0;0;0m▀[0m[38;2;15;15;15m[48;2;0;0;0m▀[0m[38;2;1;1;3m[48;2;0;0;0m▀[0m[38;2;0;0;0m[48;2;0;0;0m▀[0m[38;2;0;0;0m[48;2;0;0;0m▀[0m[38;2;0;0;0m[48;2;40;43;40m▀[0m[38;2;243;245;243m[48;2;135;140;135m▀[0m[38;2;247;247;247m[48;2;247;247;247m▀[0m[38;2;247;247;247m[48;2;247;247;247m▀[0m
[38;2;97;99;97m[48;2;83;86;83m▀[0m[38;2;61;64;61m[48;2;7;6;7m▀[0m[38;2;0;0;0m[48;2;0;0;0m▀[0m[38;2;0;0;0m[48;2;0;0;0m▀[0m[38;2;0;0;0m[48;2;0;0;0m▀[0m[38;2;0;0;0m[48;2;0;0;0m▀[0m[38;2;0;0;0m[48;2;138;138;138m▀[0m[38;2;247;247;247m[48;2;247;247;247m▀[0m[38;2;247;247;247m[48;2;247;247;247m▀[0m[38;2;247;247;247m[48;2;247;247;247m▀[0m[38;2;247;247;247m[48;2;247;247;247m▀[0m[38;2;247;247;247m[48;2;179;178;176m▀[0m[38;2;210;210;210m[48;2;163;161;160m▀[0m[38;2;173;170;170m[48;2;177;174;176m▀[0m[38;2;180;180;180m[48;2;197;197;194m▀[0m[38;2;129;129;129m[48;2;130;133;133m▀[0m[38;2;148;150;150m[48;2;197;200;199m▀[0m[38;2;171;174;173m[48;2;133;135;136m▀[0m[38;2;49;49;49m[48;2;32;33;38m▀[0m[38;2;247;247;247m[48;2;218;220;220m▀[0m[38;2;0;0;0m[48;2;0;0;0m▀[0m[38;2;0;0;0m[48;2;0;0;0m▀[0m[38;2;247;247;247m[48;2;247;247;247m▀[0m[38;2;208;208;208m[48;2;247;247;247m▀[0m[38;2;247;247;247m[48;2;212;212;212m▀[0m[38;2;247;247;247m[48;2;247;247;247m▀[0m[38;2;247;247;247m[48;2;247;247;247m▀[0m[38;2;15;15;15m[48;2;204;204;204m▀[0m[38;2;0;0;0m[48;2;0;0;0m▀[0m[38;2;178;181;178m[48;2;0;0;0m▀[0m[38;2;242;242;242m[48;2;0;0;0m▀[0m[38;2;247;247;247m[48;2;0;0;0m▀[0m[38;2;221;220;221m[48;2;0;0;0m▀[0m[38;2;192;191;191m[48;2;168;169;166m▀[0m[38;2;246;245;246m[48;2;247;247;247m▀[0m[38;2;247;247;247m[48;2;247;247;247m▀[0m[38;2;247;247;247m[48;2;247;247;247m▀[0m[38;2;201;201;201m[48;2;153;153;153m▀[0m[38;2;108;110;111m[48;2;66;68;69m▀[0m[38;2;247;247;247m[48;2;247;247;247m▀[0m[38;2;247;247;247m[48;2;214;215;212m▀[0m[38;2;247;247;247m[48;2;217;217;218m▀[0m[38;2;245;247;247m[48;2;247;247;247m▀[0m[38;2;245;244;244m[48;2;173;172;173m▀[0m[38;2;247;247;247m[48;2;168;168;168m▀[0m[38;2;247;247;247m[48;2;210;207;207m▀[0m[38;2;247;247;247m[48;2;202;199;199m▀[0m[38;2;247;247;247m[48;2;132;132;129m▀[0m[38;2;192;194;194m[48;2;0;0;0m▀[0m[38;2;0;0;0m[48;2;64;64;64m▀[0m[38;2;247;247;247m[48;2;247;247;247m▀[0m[38;2;247;247;247m[48;2;221;221;221m▀[0m[38;2;247;247;247m[48;2;120;120;120m▀[0m[38;2;247;247;247m[48;2;166;166;166m▀[0m[38;2;243;243;243m[48;2;247;247;247m▀[0m[38;2;87;87;87m[48;2;0;0;0m▀[0m[38;2;0;0;0m[48;2;0;0;0m▀[0m[38;2;32;32;32m[48;2;0;0;0m▀[0m[38;2;225;225;225m[48;2;194;197;194m▀[0m[38;2;230;230;230m[48;2;233;235;233m▀[0m[38;2;199;198;199m[48;2;192;192;192m▀[0m[38;2;247;247;247m[48;2;247;247;247m▀[0m[38;2;247;247;247m[48;2;247;247;247m▀[0m[38;2;247;247;247m[48;2;247;247;247m▀[0m[38;2;225;223;226m[48;2;247;247;247m▀[0m[38;2;0;0;0m[48;2;247;247;247m▀[0m[38;2;0;0;0m[48;2;0;0;0m▀[0m[38;2;0;0;0m[48;2;0;0;0m▀[0m[38;2;0;0;0m[48;2;0;0;0m▀[0m[38;2;0;0;0m[48;2;0;0;0m▀[0m[38;2;0;0;0m[48;2;0;0;0m▀[0m[38;2;0;0;0m[48;2;0;0;0m▀[0m[38;2;0;0;0m[48;2;0;0;0m▀[0m[38;2;16;18;19m[48;2;0;0;0m▀[0m[38;2;32;34;34m[48;2;0;0;0m▀[0m[38;2;129;131;132m[48;2;0;0;0m▀[0m
[38;2;0;0;0m[48;2;0;0;0m▀[0m[38;2;0;0;0m[48;2;0;0;0m▀[0m[38;2;0;0;0m[48;2;0;0;0m▀[0m[38;2;0;0;0m[48;2;0;0;0m▀[0m[38;2;0;0;0m[48;2;0;0;0m▀[0m[38;2;0;0;0m[48;2;247;247;247m▀[0m[38;2;247;247;247m[48;2;247;247;247m▀[0m[38;2;247;247;247m[48;2;247;247;247m▀[0m[38;2;247;247;247m[48;2;247;247;247m▀[0m[38;2;247;247;247m[48;2;219;219;219m▀[0m[38;2;186;189;189m[48;2;165;165;162m▀[0m[38;2;165;165;163m[48;2;181;181;179m▀[0m[38;2;185;184;182m[48;2;186;186;184m▀[0m[38;2;186;186;186m[48;2;196;196;194m▀[0m[38;2;198;198;195m[48;2;186;189;186m▀[0m[38;2;131;131;131m[48;2;138;138;138m▀[0m[38;2;223;225;226m[48;2;215;218;219m▀[0m[38;2;52;55;56m[48;2;0;0;0m▀[0m[38;2;104;103;103m[48;2;232;231;231m▀[0m[38;2;166;168;168m[48;2;32;30;32m▀[0m[38;2;0;0;0m[48;2;0;0;0m▀[0m[38;2;0;0;0m[48;2;0;0;0m▀[0m[38;2;79;79;79m[48;2;0;0;0m▀[0m[38;2;247;247;247m[48;2;247;247;247m▀[0m[38;2;137;137;137m[48;2;247;247;247m▀[0m[38;2;247;247;247m[48;2;247;247;247m▀[0m[38;2;247;247;247m[48;2;247;247;247m▀[0m[38;2;247;247;247m[48;2;247;247;247m▀[0m[38;2;0;0;0m[48;2;77;77;77m▀[0m[38;2;26;26;26m[48;2;247;247;247m▀[0m[38;2;0;0;0m[48;2;247;247;247m▀[0m[38;2;138;139;136m[48;2;149;152;149m▀[0m[38;2;247;247;247m[48;2;247;247;247m▀[0m[38;2;247;247;247m[48;2;247;247;247m▀[0m[38;2;247;247;247m[48;2;247;247;247m▀[0m[38;2;247;247;247m[48;2;247;247;247m▀[0m[38;2;247;247;247m[48;2;247;247;247m▀[0m[38;2;123;126;126m[48;2;165;167;165m▀[0m[38;2;84;88;85m[48;2;153;152;152m▀[0m[38;2;247;247;247m[48;2;247;247;247m▀[0m[38;2;148;151;151m[48;2;114;112;115m▀[0m[38;2;194;196;196m[48;2;158;158;158m▀[0m[38;2;247;247;247m[48;2;247;247;247m▀[0m[38;2;235;234;235m[48;2;247;247;247m▀[0m[38;2;81;83;83m[48;2;247;247;247m▀[0m[38;2;0;0;0m[48;2;235;238;237m▀[0m[38;2;0;0;0m[48;2;205;204;201m▀[0m[38;2;0;0;0m[48;2;0;0;0m▀[0m[38;2;0;0;0m[48;2;0;0;0m▀[0m[38;2;247;247;247m[48;2;247;247;247m▀[0m[38;2;222;222;222m[48;2;247;247;247m▀[0m[38;2;229;229;229m[48;2;247;247;247m▀[0m[38;2;169;169;171m[48;2;246;246;246m▀[0m[38;2;247;247;247m[48;2;247;247;247m▀[0m[38;2;202;200;204m[48;2;5;4;5m▀[0m[38;2;0;0;0m[48;2;0;0;0m▀[0m[38;2;0;0;0m[48;2;0;0;0m▀[0m[38;2;0;0;0m[48;2;0;0;0m▀[0m[38;2;131;131;133m[48;2;43;46;48m▀[0m[38;2;194;194;194m[48;2;164;164;164m▀[0m[38;2;120;120;120m[48;2;87;83;83m▀[0m[38;2;239;239;239m[48;2;194;194;194m▀[0m[38;2;247;247;247m[48;2;171;174;171m▀[0m[38;2;247;247;247m[48;2;219;219;216m▀[0m[38;2;247;247;247m[48;2;247;247;247m▀[0m[38;2;247;247;247m[48;2;247;247;247m▀[0m[38;2;187;187;187m[48;2;247;247;247m▀[0m[38;2;0;0;0m[48;2;9;9;9m▀[0m[38;2;0;0;0m[48;2;0;0;0m▀[0m[38;2;0;0;0m[48;2;0;0;0m▀[0m[38;2;0;0;0m[48;2;0;0;0m▀[0m[38;2;39;39;41m[48;2;1;0;0m▀[0m[38;2;88;88;90m[48;2;94;96;96m▀[0m[38;2;24;24;24m[48;2;99;99;99m▀[0m[38;2;0;0;0m[48;2;0;0;0m▀[0m[38;2;0;0;0m[48;2;0;0;0m▀[0m
[38;2;1;1;1m[48;2;0;0;0m▀[0m[38;2;0;0;0m[48;2;0;0;0m▀[0m[38;2;0;0;0m[48;2;0;0;0m▀[0m[38;2;0;0;0m[48;2;0;0;0m▀[0m[38;2;159;159;161m[48;2;160;162;162m▀[0m[38;2;247;247;247m[48;2;247;247;247m▀[0m[38;2;247;247;247m[48;2;247;247;247m▀[0m[38;2;247;247;247m[48;2;226;226;229m▀[0m[38;2;194;192;192m[48;2;158;155;155m▀[0m[38;2;164;164;162m[48;2;176;176;173m▀[0m[38;2;179;179;177m[48;2;182;182;180m▀[0m[38;2;182;182;180m[48;2;184;184;182m▀[0m[38;2;186;188;186m[48;2;187;186;187m▀[0m[38;2;207;208;205m[48;2;219;218;215m▀[0m[38;2;169;168;168m[48;2;161;163;163m▀[0m[38;2;143;145;145m[48;2;112;116;116m▀[0m[38;2;87;93;92m[48;2;74;74;72m▀[0m[38;2;0;0;0m[48;2;85;84;84m▀[0m[38;2;214;216;216m[48;2;84;86;86m▀[0m[38;2;0;0;0m[48;2;0;0;0m▀[0m[38;2;0;0;0m[48;2;0;0;0m▀[0m[38;2;0;0;0m[48;2;0;0;0m▀[0m[38;2;0;0;0m[48;2;0;0;0m▀[0m[38;2;175;178;172m[48;2;70;70;67m▀[0m[38;2;247;247;247m[48;2;247;247;247m▀[0m[38;2;247;247;247m[48;2;247;247;247m▀[0m[38;2;247;247;247m[48;2;247;247;247m▀[0m[38;2;247;247;247m[48;2;247;247;247m▀[0m[38;2;148;151;148m[48;2;162;162;162m▀[0m[38;2;209;212;212m[48;2;116;116;116m▀[0m[38;2;247;247;247m[48;2;247;247;247m▀[0m[38;2;247;246;247m[48;2;247;247;247m▀[0m[38;2;194;195;195m[48;2;247;247;247m▀[0m[38;2;238;237;237m[48;2;247;247;247m▀[0m[38;2;247;247;247m[48;2;247;247;247m▀[0m[38;2;247;247;247m[48;2;36;39;39m▀[0m[38;2;127;129;129m[48;2;0;0;0m▀[0m[38;2;165;164;164m[48;2;152;151;151m▀[0m[38;2;0;0;0m[48;2;129;131;131m▀[0m[38;2;113;116;116m[48;2;0;0;0m▀[0m[38;2;197;200;200m[48;2;0;0;0m▀[0m[38;2;247;247;247m[48;2;247;247;247m▀[0m[38;2;247;247;247m[48;2;247;247;247m▀[0m[38;2;247;247;247m[48;2;247;247;247m▀[0m[38;2;247;247;247m[48;2;247;247;247m▀[0m[38;2;247;247;247m[48;2;146;148;148m▀[0m[38;2;235;234;234m[48;2;75;73;76m▀[0m[38;2;8;8;8m[48;2;225;224;224m▀[0m[38;2;140;144;143m[48;2;194;195;196m▀[0m[38;2;247;247;247m[48;2;247;247;247m▀[0m[38;2;247;247;247m[48;2;247;247;247m▀[0m[38;2;237;237;237m[48;2;247;247;247m▀[0m[38;2;247;247;247m[48;2;247;247;247m▀[0m[38;2;200;200;202m[48;2;22;25;22m▀[0m[38;2;0;0;0m[48;2;0;0;0m▀[0m[38;2;0;0;0m[48;2;0;0;0m▀[0m[38;2;4;4;6m[48;2;86;86;88m▀[0m[38;2;0;0;0m[48;2;0;0;0m▀[0m[38;2;0;0;0m[48;2;0;0;0m▀[0m[38;2;166;166;171m[48;2;153;153;158m▀[0m[38;2;59;56;59m[48;2;65;63;65m▀[0m[38;2;221;221;221m[48;2;224;224;221m▀[0m[38;2;184;184;182m[48;2;189;189;186m▀[0m[38;2;161;161;159m[48;2;179;179;177m▀[0m[38;2;209;209;207m[48;2;160;160;158m▀[0m[38;2;247;247;247m[48;2;235;235;233m▀[0m[38;2;247;247;247m[48;2;247;247;247m▀[0m[38;2;247;247;247m[48;2;247;247;247m▀[0m[38;2;0;0;0m[48;2;183;183;183m▀[0m[38;2;0;0;0m[48;2;0;0;0m▀[0m[38;2;0;0;0m[48;2;0;0;0m▀[0m[38;2;0;0;0m[48;2;0;0;0m▀[0m[38;2;13;13;13m[48;2;0;0;0m▀[0m[38;2;68;67;67m[48;2;0;0;0m▀[0m[38;2;55;55;55m[48;2;18;21;21m▀[0m[38;2;0;0;0m[48;2;8;8;8m▀[0m
[38;2;0;0;0m[48;2;32;32;34m▀[0m[38;2;14;14;14m[48;2;18;18;19m▀[0m[38;2;0;0;0m[48;2;0;0;0m▀[0m[38;2;0;0;0m[48;2;0;0;0m▀[0m[38;2;146;149;149m[48;2;159;164;161m▀[0m[38;2;247;247;247m[48;2;247;247;247m▀[0m[38;2;247;247;247m[48;2;247;247;247m▀[0m[38;2;216;216;217m[48;2;208;208;208m▀[0m[38;2;166;163;163m[48;2;168;168;165m▀[0m[38;2;180;180;180m[48;2;183;183;180m▀[0m[38;2;184;184;182m[48;2;183;183;183m▀[0m[38;2;184;184;182m[48;2;183;183;181m▀[0m[38;2;187;187;184m[48;2;188;187;185m▀[0m[38;2;224;224;224m[48;2;236;236;236m▀[0m[38;2;151;149;152m[48;2;114;116;116m▀[0m[38;2;63;64;66m[48;2;98;100;100m▀[0m[38;2;137;140;139m[48;2;89;92;93m▀[0m[38;2;28;30;30m[48;2;0;0;0m▀[0m[38;2;0;0;0m[48;2;0;0;0m▀[0m[38;2;0;0;0m[48;2;23;23;25m▀[0m[38;2;0;0;0m[48;2;8;5;9m▀[0m[38;2;0;0;0m[48;2;0;0;0m▀[0m[38;2;0;0;0m[48;2;0;0;0m▀[0m[38;2;5;6;3m[48;2;0;0;0m▀[0m[38;2;247;247;247m[48;2;241;241;241m▀[0m[38;2;247;247;247m[48;2;247;247;247m▀[0m[38;2;247;247;247m[48;2;247;247;247m▀[0m[38;2;247;247;247m[48;2;247;247;247m▀[0m[38;2;247;247;247m[48;2;247;247;247m▀[0m[38;2;0;0;0m[48;2;0;0;0m▀[0m[38;2;147;147;145m[48;2;0;0;0m▀[0m[38;2;247;247;247m[48;2;87;89;87m▀[0m[38;2;247;247;247m[48;2;88;92;88m▀[0m[38;2;194;194;194m[48;2;0;0;0m▀[0m[38;2;0;0;0m[48;2;0;0;0m▀[0m[38;2;0;0;0m[48;2;0;0;0m▀[0m[38;2;0;0;0m[48;2;0;0;0m▀[0m[38;2;58;60;62m[48;2;115;113;116m▀[0m[38;2;247;247;247m[48;2;97;96;96m▀[0m[38;2;68;68;70m[48;2;140;140;140m▀[0m[38;2;0;0;0m[48;2;0;0;0m▀[0m[38;2;5;8;8m[48;2;0;0;0m▀[0m[38;2;247;247;247m[48;2;2;4;4m▀[0m[38;2;247;247;247m[48;2;235;241;242m▀[0m[38;2;247;247;247m[48;2;247;247;247m▀[0m[38;2;53;56;56m[48;2;181;181;181m▀[0m[38;2;247;247;247m[48;2;46;46;43m▀[0m[38;2;58;59;56m[48;2;26;26;24m▀[0m[38;2;247;247;247m[48;2;247;247;247m▀[0m[38;2;247;247;247m[48;2;247;247;247m▀[0m[38;2;247;247;247m[48;2;247;247;247m▀[0m[38;2;247;247;247m[48;2;247;247;247m▀[0m[38;2;192;192;192m[48;2;70;70;70m▀[0m[38;2;0;0;0m[48;2;0;0;0m▀[0m[38;2;0;0;0m[48;2;0;0;0m▀[0m[38;2;0;0;0m[48;2;0;0;0m▀[0m[38;2;150;150;150m[48;2;157;157;157m▀[0m[38;2;0;0;0m[48;2;66;65;65m▀[0m[38;2;0;0;0m[48;2;0;0;0m▀[0m[38;2;81;81;81m[48;2;0;0;0m▀[0m[38;2;91;94;94m[48;2;65;65;65m▀[0m[38;2;214;217;216m[48;2;198;198;199m▀[0m[38;2;196;195;196m[48;2;207;206;204m▀[0m[38;2;185;185;185m[48;2;184;184;186m▀[0m[38;2;165;165;162m[48;2;174;174;172m▀[0m[38;2;197;197;198m[48;2;181;180;181m▀[0m[38;2;247;247;247m[48;2;247;247;247m▀[0m[38;2;247;247;247m[48;2;247;247;247m▀[0m[38;2;246;246;246m[48;2;178;178;178m▀[0m[38;2;0;0;0m[48;2;0;0;0m▀[0m[38;2;0;0;0m[48;2;0;0;0m▀[0m[38;2;0;0;0m[48;2;6;8;8m▀[0m[38;2;0;0;0m[48;2;0;0;0m▀[0m[38;2;0;0;0m[48;2;0;0;0m▀[0m[38;2;0;0;0m[48;2;1;1;1m▀[0m[38;2;0;0;0m[48;2;0;0;0m▀[0m
[38;2;34;37;37m[48;2;56;55;56m▀[0m[38;2;12;12;13m[48;2;42;42;42m▀[0m[38;2;0;0;0m[48;2;0;0;0m▀[0m[38;2;0;0;0m[48;2;0;0;0m▀[0m[38;2;176;179;179m[48;2;204;207;207m▀[0m[38;2;247;247;247m[48;2;247;247;247m▀[0m[38;2;247;247;247m[48;2;226;226;226m▀[0m[38;2;176;176;174m[48;2;165;165;163m▀[0m[38;2;180;178;175m[48;2;185;182;184m▀[0m[38;2;185;184;179m[48;2;184;184;182m▀[0m[38;2;184;184;184m[48;2;185;184;182m▀[0m[38;2;184;184;182m[48;2;183;183;181m▀[0m[38;2;190;190;188m[48;2;206;203;205m▀[0m[38;2;233;236;236m[48;2;178;180;180m▀[0m[38;2;72;72;72m[48;2;175;175;172m▀[0m[38;2;28;27;27m[48;2;3;2;2m▀[0m[38;2;0;0;0m[48;2;0;0;0m▀[0m[38;2;0;0;0m[48;2;0;0;0m▀[0m[38;2;0;0;0m[48;2;35;35;36m▀[0m[38;2;85;85;90m[48;2;90;92;94m▀[0m[38;2;0;0;0m[48;2;0;0;0m▀[0m[38;2;0;0;0m[48;2;0;0;0m▀[0m[38;2;0;0;0m[48;2;0;0;0m▀[0m[38;2;0;0;0m[48;2;0;0;0m▀[0m[38;2;88;88;85m[48;2;48;51;48m▀[0m[38;2;247;247;247m[48;2;247;247;247m▀[0m[38;2;247;247;247m[48;2;247;247;247m▀[0m[38;2;199;199;199m[48;2;182;182;182m▀[0m[38;2;247;247;247m[48;2;238;241;241m▀[0m[38;2;186;186;186m[48;2;247;247;247m▀[0m[38;2;0;0;0m[48;2;0;0;0m▀[0m[38;2;0;0;0m[48;2;0;0;0m▀[0m[38;2;0;0;0m[48;2;0;0;0m▀[0m[38;2;0;0;0m[48;2;0;0;0m▀[0m[38;2;0;0;0m[48;2;0;0;0m▀[0m[38;2;0;0;0m[48;2;0;0;0m▀[0m[38;2;0;0;0m[48;2;0;0;0m▀[0m[38;2;85;85;86m[48;2;58;58;59m▀[0m[38;2;92;95;94m[48;2;121;123;125m▀[0m[38;2;165;165;165m[48;2;42;42;47m▀[0m[38;2;0;0;0m[48;2;0;0;0m▀[0m[38;2;0;0;0m[48;2;0;0;0m▀[0m[38;2;0;0;0m[48;2;0;0;0m▀[0m[38;2;0;0;0m[48;2;0;0;0m▀[0m[38;2;37;39;39m[48;2;0;0;0m▀[0m[38;2;11;11;8m[48;2;0;0;0m▀[0m[38;2;0;0;0m[48;2;37;37;39m▀[0m[38;2;238;241;241m[48;2;247;247;247m▀[0m[38;2;247;247;247m[48;2;247;247;247m▀[0m[38;2;247;247;247m[48;2;247;247;247m▀[0m[38;2;247;247;247m[48;2;247;247;247m▀[0m[38;2;247;247;247m[48;2;155;155;155m▀[0m[38;2;0;0;0m[48;2;0;0;0m▀[0m[38;2;0;0;0m[48;2;0;0;0m▀[0m[38;2;0;0;0m[48;2;0;0;0m▀[0m[38;2;0;0;0m[48;2;0;0;0m▀[0m[38;2;114;114;116m[48;2;46;43;47m▀[0m[38;2;136;134;137m[48;2;216;218;220m▀[0m[38;2;0;0;0m[48;2;3;5;5m▀[0m[38;2;0;0;0m[48;2;0;0;0m▀[0m[38;2;140;140;142m[48;2;160;160;160m▀[0m[38;2;169;166;168m[48;2;156;156;156m▀[0m[38;2;214;214;211m[48;2;207;206;204m▀[0m[38;2;186;185;183m[48;2;193;192;190m▀[0m[38;2;180;183;180m[48;2;184;184;182m▀[0m[38;2;173;172;173m[48;2;179;181;179m▀[0m[38;2;175;175;172m[48;2;169;169;169m▀[0m[38;2;247;247;247m[48;2;247;247;247m▀[0m[38;2;173;172;172m[48;2;178;180;180m▀[0m[38;2;0;0;0m[48;2;0;0;0m▀[0m[38;2;0;0;0m[48;2;0;0;0m▀[0m[38;2;0;0;0m[48;2;2;2;2m▀[0m[38;2;8;8;8m[48;2;38;38;38m▀[0m[38;2;0;0;0m[48;2;8;8;9m▀[0m[38;2;0;0;0m[48;2;0;0;0m▀[0m[38;2;0;0;0m[48;2;0;0;0m▀[0m
[38;2;63;65;65m[48;2;56;59;59m▀[0m[38;2;80;80;80m[48;2;68;71;71m▀[0m[38;2;1;1;2m[48;2;1;0;2m▀[0m[38;2;0;0;0m[48;2;0;0;0m▀[0m[38;2;233;233;233m[48;2;247;247;247m▀[0m[38;2;247;247;247m[48;2;247;247;247m▀[0m[38;2;202;205;204m[48;2;167;170;166m▀[0m[38;2;167;166;163m[48;2;175;175;173m▀[0m[38;2;181;181;179m[48;2;181;181;179m▀[0m[38;2;184;184;182m[48;2;184;185;182m▀[0m[38;2;185;185;183m[48;2;183;187;181m▀[0m[38;2;184;187;184m[48;2;198;201;198m▀[0m[38;2;211;211;212m[48;2;175;178;177m▀[0m[38;2;143;143;143m[48;2;174;177;177m▀[0m[38;2;226;226;226m[48;2;110;110;111m▀[0m[38;2;0;0;0m[48;2;0;0;0m▀[0m[38;2;0;0;0m[48;2;4;4;2m▀[0m[38;2;0;0;0m[48;2;0;0;0m▀[0m[38;2;75;78;77m[48;2;1;4;3m▀[0m[38;2;28;31;30m[48;2;0;0;0m▀[0m[38;2;0;0;0m[48;2;0;0;0m▀[0m[38;2;0;0;0m[48;2;0;0;0m▀[0m[38;2;0;0;0m[48;2;0;0;0m▀[0m[38;2;0;0;0m[48;2;0;0;0m▀[0m[38;2;58;55;55m[48;2;51;49;46m▀[0m[38;2;247;247;247m[48;2;247;247;247m▀[0m[38;2;247;247;247m[48;2;247;247;247m▀[0m[38;2;247;247;247m[48;2;247;247;247m▀[0m[38;2;187;190;190m[48;2;238;238;238m▀[0m[38;2;247;247;247m[48;2;247;247;247m▀[0m[38;2;59;59;59m[48;2;138;141;141m▀[0m[38;2;0;0;0m[48;2;0;0;0m▀[0m[38;2;0;0;0m[48;2;0;0;0m▀[0m[38;2;0;0;0m[48;2;0;0;0m▀[0m[38;2;0;0;0m[48;2;0;0;0m▀[0m[38;2;0;0;0m[48;2;0;0;0m▀[0m[38;2;0;0;0m[48;2;0;0;0m▀[0m[38;2;0;0;0m[48;2;0;0;0m▀[0m[38;2;192;192;193m[48;2;44;44;46m▀[0m[38;2;36;36;33m[48;2;3;1;4m▀[0m[38;2;0;0;0m[48;2;0;0;0m▀[0m[38;2;0;0;0m[48;2;0;0;0m▀[0m[38;2;0;0;0m[48;2;0;0;0m▀[0m[38;2;0;0;0m[48;2;0;0;0m▀[0m[38;2;0;0;0m[48;2;0;0;0m▀[0m[38;2;0;0;0m[48;2;43;46;46m▀[0m[38;2;247;247;247m[48;2;247;247;247m▀[0m[38;2;247;247;247m[48;2;163;166;165m▀[0m[38;2;161;166;161m[48;2;183;186;178m▀[0m[38;2;247;247;247m[48;2;247;247;247m▀[0m[38;2;247;247;247m[48;2;247;247;247m▀[0m[38;2;46;49;49m[48;2;39;42;42m▀[0m[38;2;0;0;0m[48;2;0;0;0m▀[0m[38;2;0;0;0m[48;2;0;0;0m▀[0m[38;2;0;0;0m[48;2;0;0;0m▀[0m[38;2;0;0;0m[48;2;0;0;0m▀[0m[38;2;0;0;0m[48;2;0;0;0m▀[0m[38;2;200;202;204m[48;2;140;143;147m▀[0m[38;2;130;132;134m[48;2;230;232;236m▀[0m[38;2;0;0;0m[48;2;0;0;0m▀[0m[38;2;70;68;71m[48;2;0;0;0m▀[0m[38;2;175;172;175m[48;2;171;171;171m▀[0m[38;2;186;186;186m[48;2;173;173;173m▀[0m[38;2;201;201;198m[48;2;208;208;206m▀[0m[38;2;183;183;181m[48;2;182;182;180m▀[0m[38;2;184;184;182m[48;2;184;184;181m▀[0m[38;2;172;172;172m[48;2;177;177;177m▀[0m[38;2;247;247;247m[48;2;247;247;247m▀[0m[38;2;187;189;189m[48;2;191;191;193m▀[0m[38;2;0;0;0m[48;2;0;0;0m▀[0m[38;2;0;0;0m[48;2;0;0;0m▀[0m[38;2;5;8;8m[48;2;36;36;36m▀[0m[38;2;41;41;41m[48;2;70;70;70m▀[0m[38;2;42;42;43m[48;2;58;61;60m▀[0m[38;2;0;0;0m[48;2;60;60;62m▀[0m[38;2;0;0;0m[48;2;0;0;0m▀[0m
[38;2;56;59;56m[48;2;59;59;59m▀[0m[38;2;68;70;70m[48;2;67;69;69m▀[0m[38;2;0;0;0m[48;2;0;0;0m▀[0m[38;2;0;0;0m[48;2;0;0;0m▀[0m[38;2;247;247;247m[48;2;247;247;247m▀[0m[38;2;227;230;227m[48;2;213;213;214m▀[0m[38;2;178;177;174m[48;2;185;184;184m▀[0m[38;2;181;181;179m[48;2;186;185;183m▀[0m[38;2;185;185;183m[48;2;186;185;183m▀[0m[38;2;186;185;183m[48;2;185;185;183m▀[0m[38;2;189;189;186m[48;2;194;194;192m▀[0m[38;2;214;211;211m[48;2;191;194;191m▀[0m[38;2;141;141;141m[48;2;160;160;160m▀[0m[38;2;189;189;189m[48;2;98;99;97m▀[0m[38;2;0;0;0m[48;2;111;111;109m▀[0m[38;2;175;175;175m[48;2;164;164;164m▀[0m[38;2;0;0;0m[48;2;0;0;0m▀[0m[38;2;0;0;0m[48;2;40;40;40m▀[0m[38;2;87;87;87m[48;2;109;109;111m▀[0m[38;2;0;0;0m[48;2;0;0;0m▀[0m[38;2;0;0;0m[48;2;0;0;0m▀[0m[38;2;0;0;0m[48;2;9;9;10m▀[0m[38;2;32;32;34m[48;2;13;15;15m▀[0m[38;2;0;0;0m[48;2;0;0;0m▀[0m[38;2;18;18;18m[48;2;37;36;36m▀[0m[38;2;247;247;247m[48;2;247;247;247m▀[0m[38;2;247;247;247m[48;2;247;247;247m▀[0m[38;2;247;247;247m[48;2;247;247;247m▀[0m[38;2;247;247;247m[48;2;247;247;247m▀[0m[38;2;247;247;247m[48;2;247;247;247m▀[0m[38;2;171;174;174m[48;2;211;211;211m▀[0m[38;2;0;0;0m[48;2;0;0;0m▀[0m[38;2;9;9;9m[48;2;15;14;14m▀[0m[38;2;0;0;0m[48;2;63;63;63m▀[0m[38;2;0;0;0m[48;2;45;45;45m▀[0m[38;2;0;0;0m[48;2;3;3;3m▀[0m[38;2;0;0;0m[48;2;0;0;0m▀[0m[38;2;0;0;0m[48;2;0;0;0m▀[0m[38;2;132;132;132m[48;2;165;165;165m▀[0m[38;2;1;0;0m[48;2;20;21;18m▀[0m[38;2;0;0;0m[48;2;0;0;0m▀[0m[38;2;0;0;0m[48;2;0;1;1m▀[0m[38;2;0;0;0m[48;2;11;8;8m▀[0m[38;2;0;0;0m[48;2;0;0;0m▀[0m[38;2;0;0;0m[48;2;0;0;0m▀[0m[38;2;188;191;191m[48;2;247;247;247m▀[0m[38;2;247;247;247m[48;2;247;247;247m▀[0m[38;2;190;190;187m[48;2;247;247;247m▀[0m[38;2;247;247;247m[48;2;247;247;247m▀[0m[38;2;247;247;247m[48;2;247;247;247m▀[0m[38;2;247;247;247m[48;2;247;247;247m▀[0m[38;2;25;23;26m[48;2;0;0;0m▀[0m[38;2;0;0;0m[48;2;0;0;0m▀[0m[38;2;0;0;0m[48;2;0;0;0m▀[0m[38;2;0;0;0m[48;2;0;0;0m▀[0m[38;2;0;0;0m[48;2;0;0;0m▀[0m[38;2;0;0;0m[48;2;0;0;0m▀[0m[38;2;77;80;81m[48;2;3;6;5m▀[0m[38;2;247;247;247m[48;2;219;222;223m▀[0m[38;2;0;0;0m[48;2;0;0;0m▀[0m[38;2;0;0;0m[48;2;17;20;20m▀[0m[38;2;129;129;129m[48;2;58;58;58m▀[0m[38;2;174;174;175m[48;2;176;176;173m▀[0m[38;2;212;212;209m[48;2;212;212;209m▀[0m[38;2;184;185;179m[48;2;186;189;188m▀[0m[38;2;184;184;182m[48;2;187;185;183m▀[0m[38;2;185;182;184m[48;2;188;188;186m▀[0m[38;2;240;240;238m[48;2;232;232;229m▀[0m[38;2;173;176;173m[48;2;170;170;168m▀[0m[38;2;0;0;0m[48;2;0;0;0m▀[0m[38;2;0;0;0m[48;2;0;0;0m▀[0m[38;2;64;65;65m[48;2;53;56;56m▀[0m[38;2;77;75;78m[48;2;69;70;67m▀[0m[38;2;65;71;70m[48;2;60;60;58m▀[0m[38;2;70;73;72m[48;2;63;65;63m▀[0m[38;2;26;23;23m[48;2;45;45;40m▀[0m
[38;2;56;59;59m[48;2;58;60;60m▀[0m[38;2;68;70;70m[48;2;67;70;67m▀[0m[38;2;0;0;0m[48;2;0;0;0m▀[0m[38;2;0;0;0m[48;2;8;11;11m▀[0m[38;2;247;247;247m[48;2;247;247;247m▀[0m[38;2;200;200;197m[48;2;190;187;189m▀[0m[38;2;186;186;184m[48;2;187;186;186m▀[0m[38;2;186;185;185m[48;2;185;185;183m▀[0m[38;2;184;184;182m[48;2;185;185;183m▀[0m[38;2;182;184;182m[48;2;187;184;184m▀[0m[38;2;205;205;205m[48;2;207;207;207m▀[0m[38;2;163;167;163m[48;2;158;160;160m▀[0m[38;2;162;162;162m[48;2;100;103;103m▀[0m[38;2;51;51;51m[48;2;147;146;143m▀[0m[38;2;247;247;247m[48;2;202;201;201m▀[0m[38;2;5;8;8m[48;2;0;0;0m▀[0m[38;2;0;0;0m[48;2;123;126;126m▀[0m[38;2;37;37;37m[48;2;0;0;0m▀[0m[38;2;14;14;14m[48;2;0;0;0m▀[0m[38;2;0;0;0m[48;2;0;0;0m▀[0m[38;2;0;0;0m[48;2;20;22;22m▀[0m[38;2;26;26;28m[48;2;15;17;17m▀[0m[38;2;0;0;0m[48;2;0;0;0m▀[0m[38;2;0;0;0m[48;2;0;0;0m▀[0m[38;2;130;133;133m[48;2;93;96;93m▀[0m[38;2;247;247;247m[48;2;247;247;247m▀[0m[38;2;247;247;247m[48;2;247;247;247m▀[0m[38;2;247;247;247m[48;2;247;247;247m▀[0m[38;2;247;247;247m[48;2;247;247;247m▀[0m[38;2;247;247;247m[48;2;247;247;247m▀[0m[38;2;244;243;243m[48;2;247;247;247m▀[0m[38;2;0;0;0m[48;2;0;0;0m▀[0m[38;2;0;0;0m[48;2;0;0;0m▀[0m[38;2;16;16;16m[48;2;0;0;0m▀[0m[38;2;47;47;47m[48;2;0;0;0m▀[0m[38;2;0;0;0m[48;2;0;0;0m▀[0m[38;2;0;0;0m[48;2;21;24;23m▀[0m[38;2;0;0;0m[48;2;24;26;26m▀[0m[38;2;132;132;130m[48;2;122;122;120m▀[0m[38;2;15;13;16m[48;2;13;16;16m▀[0m[38;2;18;18;18m[48;2;0;0;0m▀[0m[38;2;39;42;42m[48;2;0;0;0m▀[0m[38;2;5;7;7m[48;2;0;0;0m▀[0m[38;2;0;0;0m[48;2;0;0;0m▀[0m[38;2;0;0;0m[48;2;28;28;28m▀[0m[38;2;247;247;247m[48;2;247;247;247m▀[0m[38;2;247;247;247m[48;2;247;247;247m▀[0m[38;2;247;247;247m[48;2;247;247;247m▀[0m[38;2;247;247;247m[48;2;247;247;247m▀[0m[38;2;247;247;247m[48;2;247;247;247m▀[0m[38;2;235;232;234m[48;2;247;247;247m▀[0m[38;2;0;0;0m[48;2;0;0;0m▀[0m[38;2;0;0;0m[48;2;0;0;0m▀[0m[38;2;0;0;0m[48;2;0;0;0m▀[0m[38;2;25;25;25m[48;2;71;74;74m▀[0m[38;2;0;0;0m[48;2;0;0;0m▀[0m[38;2;0;0;0m[48;2;0;0;0m▀[0m[38;2;18;21;20m[48;2;0;0;0m▀[0m[38;2;92;90;93m[48;2;0;0;0m▀[0m[38;2;0;0;0m[48;2;0;0;0m▀[0m[38;2;59;63;63m[48;2;20;23;24m▀[0m[38;2;40;43;40m[48;2;73;76;76m▀[0m[38;2;138;138;136m[48;2;97;97;94m▀[0m[38;2;223;223;223m[48;2;239;239;239m▀[0m[38;2;192;192;190m[48;2;191;191;192m▀[0m[38;2;187;185;182m[48;2;187;187;182m▀[0m[38;2;188;188;186m[48;2;187;187;185m▀[0m[38;2;228;228;228m[48;2;221;224;221m▀[0m[38;2;181;181;182m[48;2;197;200;199m▀[0m[38;2;0;0;0m[48;2;0;0;0m▀[0m[38;2;0;0;0m[48;2;0;0;0m▀[0m[38;2;50;53;50m[48;2;47;47;47m▀[0m[38;2;67;67;69m[48;2;68;71;71m▀[0m[38;2;58;58;56m[48;2;53;57;57m▀[0m[38;2;57;58;54m[48;2;53;55;55m▀[0m[38;2;57;59;59m[48;2;53;55;53m▀[0m
[38;2;60;62;62m[48;2;76;76;74m▀[0m[38;2;71;74;71m[48;2;24;24;26m▀[0m[38;2;0;0;0m[48;2;0;0;0m▀[0m[38;2;63;63;63m[48;2;147;147;147m▀[0m[38;2;247;247;247m[48;2;247;247;247m▀[0m[38;2;183;183;183m[48;2;180;182;180m▀[0m[38;2;187;187;185m[48;2;188;188;186m▀[0m[38;2;186;186;184m[48;2;187;187;185m▀[0m[38;2;186;186;184m[48;2;185;185;185m▀[0m[38;2;196;194;194m[48;2;201;201;201m▀[0m[38;2;197;194;194m[48;2;194;194;194m▀[0m[38;2;136;139;139m[48;2;80;83;83m▀[0m[38;2;78;81;81m[48;2;175;174;174m▀[0m[38;2;247;247;247m[48;2;197;195;198m▀[0m[38;2;0;0;0m[48;2;0;0;0m▀[0m[38;2;41;40;40m[48;2;247;247;247m▀[0m[38;2;247;247;247m[48;2;126;126;128m▀[0m[38;2;0;0;0m[48;2;0;0;0m▀[0m[38;2;0;0;0m[48;2;0;0;0m▀[0m[38;2;48;51;52m[48;2;161;163;164m▀[0m[38;2;64;68;68m[48;2;39;43;43m▀[0m[38;2;0;0;0m[48;2;0;0;0m▀[0m[38;2;0;0;0m[48;2;0;0;0m▀[0m[38;2;0;0;0m[48;2;0;0;0m▀[0m[38;2;112;112;112m[48;2;144;147;146m▀[0m[38;2;247;247;247m[48;2;247;247;247m▀[0m[38;2;247;247;247m[48;2;247;247;247m▀[0m[38;2;247;247;247m[48;2;247;247;247m▀[0m[38;2;247;247;247m[48;2;247;247;247m▀[0m[38;2;247;247;247m[48;2;247;247;247m▀[0m[38;2;247;247;247m[48;2;247;247;247m▀[0m[38;2;0;0;0m[48;2;0;0;0m▀[0m[38;2;0;0;0m[48;2;0;0;0m▀[0m[38;2;0;0;0m[48;2;0;0;0m▀[0m[38;2;0;0;0m[48;2;0;0;0m▀[0m[38;2;0;0;0m[48;2;0;0;0m▀[0m[38;2;14;14;14m[48;2;0;0;0m▀[0m[38;2;19;16;16m[48;2;0;0;0m▀[0m[38;2;98;98;97m[48;2;78;78;79m▀[0m[38;2;14;17;17m[48;2;23;23;25m▀[0m[38;2;0;0;0m[48;2;0;0;0m▀[0m[38;2;0;0;0m[48;2;0;0;0m▀[0m[38;2;0;0;0m[48;2;0;0;0m▀[0m[38;2;0;0;0m[48;2;0;0;0m▀[0m[38;2;112;112;110m[48;2;180;180;180m▀[0m[38;2;247;247;247m[48;2;247;247;247m▀[0m[38;2;247;247;247m[48;2;247;247;247m▀[0m[38;2;247;247;247m[48;2;247;247;247m▀[0m[38;2;247;247;247m[48;2;247;247;247m▀[0m[38;2;247;247;247m[48;2;247;247;247m▀[0m[38;2;247;247;247m[48;2;247;247;247m▀[0m[38;2;0;0;0m[48;2;0;0;0m▀[0m[38;2;0;0;0m[48;2;8;7;7m▀[0m[38;2;0;0;0m[48;2;0;0;0m▀[0m[38;2;126;128;129m[48;2;180;182;183m▀[0m[38;2;0;0;0m[48;2;20;23;23m▀[0m[38;2;7;9;7m[48;2;61;60;61m▀[0m[38;2;0;0;0m[48;2;0;0;0m▀[0m[38;2;92;94;92m[48;2;55;57;55m▀[0m[38;2;60;62;62m[48;2;54;54;54m▀[0m[38;2;0;0;0m[48;2;1;1;3m▀[0m[38;2;98;98;100m[48;2;105;105;107m▀[0m[38;2;106;106;106m[48;2;123;125;125m▀[0m[38;2;230;230;230m[48;2;194;194;194m▀[0m[38;2;194;194;193m[48;2;206;206;207m▀[0m[38;2;187;187;185m[48;2;188;188;186m▀[0m[38;2;186;186;184m[48;2;186;186;184m▀[0m[38;2;212;212;209m[48;2;201;201;201m▀[0m[38;2;221;220;218m[48;2;240;237;239m▀[0m[38;2;0;0;0m[48;2;0;0;0m▀[0m[38;2;0;0;0m[48;2;0;0;0m▀[0m[38;2;38;38;38m[48;2;32;32;32m▀[0m[38;2;73;72;73m[48;2;78;77;78m▀[0m[38;2;57;57;57m[48;2;59;59;59m▀[0m[38;2;53;55;53m[48;2;55;61;58m▀[0m[38;2;52;54;54m[48;2;62;63;60m▀[0m
[38;2;16;16;17m[48;2;0;0;0m▀[0m[38;2;0;0;0m[48;2;0;0;0m▀[0m[38;2;0;0;0m[48;2;127;127;127m▀[0m[38;2;247;247;247m[48;2;247;247;247m▀[0m[38;2;225;225;222m[48;2;184;183;181m▀[0m[38;2;186;186;184m[48;2;189;188;186m▀[0m[38;2;188;188;186m[48;2;189;188;186m▀[0m[38;2;186;186;184m[48;2;188;187;187m▀[0m[38;2;187;187;188m[48;2;192;192;189m▀[0m[38;2;212;212;209m[48;2;233;232;233m▀[0m[38;2;164;163;163m[48;2;78;80;80m▀[0m[38;2;67;69;71m[48;2;154;152;155m▀[0m[38;2;247;247;247m[48;2;194;196;196m▀[0m[38;2;0;0;0m[48;2;0;0;0m▀[0m[38;2;119;122;123m[48;2;192;194;194m▀[0m[38;2;220;222;222m[48;2;59;61;63m▀[0m[38;2;0;0;0m[48;2;58;62;64m▀[0m[38;2;0;0;0m[48;2;1;4;4m▀[0m[38;2;26;28;29m[48;2;24;26;27m▀[0m[38;2;62;64;65m[48;2;0;0;0m▀[0m[38;2;7;9;9m[48;2;0;0;0m▀[0m[38;2;0;0;0m[48;2;0;0;0m▀[0m[38;2;1;1;3m[48;2;0;0;0m▀[0m[38;2;0;0;0m[48;2;0;0;0m▀[0m[38;2;157;161;158m[48;2;130;135;131m▀[0m[38;2;247;247;247m[48;2;247;247;247m▀[0m[38;2;226;226;226m[48;2;126;126;126m▀[0m[38;2;247;247;247m[48;2;247;247;247m▀[0m[38;2;247;247;247m[48;2;247;247;247m▀[0m[38;2;247;247;247m[48;2;247;247;247m▀[0m[38;2;247;247;247m[48;2;247;247;247m▀[0m[38;2;0;0;0m[48;2;0;0;0m▀[0m[38;2;0;0;0m[48;2;0;0;0m▀[0m[38;2;0;0;0m[48;2;0;0;0m▀[0m[38;2;0;0;0m[48;2;0;0;0m▀[0m[38;2;0;0;0m[48;2;0;0;0m▀[0m[38;2;0;0;0m[48;2;0;0;0m▀[0m[38;2;0;0;0m[48;2;0;0;0m▀[0m[38;2;63;63;64m[48;2;42;42;44m▀[0m[38;2;29;32;33m[48;2;28;28;30m▀[0m[38;2;0;0;0m[48;2;0;0;0m▀[0m[38;2;0;0;0m[48;2;0;0;0m▀[0m[38;2;0;0;0m[48;2;0;0;0m▀[0m[38;2;0;0;0m[48;2;0;0;0m▀[0m[38;2;227;227;227m[48;2;247;247;247m▀[0m[38;2;247;247;247m[48;2;247;247;247m▀[0m[38;2;247;247;247m[48;2;247;247;247m▀[0m[38;2;247;247;247m[48;2;247;247;247m▀[0m[38;2;247;247;247m[48;2;247;247;247m▀[0m[38;2;247;247;247m[48;2;247;247;247m▀[0m[38;2;233;233;230m[48;2;127;129;127m▀[0m[38;2;0;0;0m[48;2;0;0;0m▀[0m[38;2;0;1;1m[48;2;0;0;0m▀[0m[38;2;14;16;18m[48;2;0;0;0m▀[0m[38;2;154;152;155m[48;2;31;34;34m▀[0m[38;2;73;73;73m[48;2;36;38;38m▀[0m[38;2;87;87;87m[48;2;46;46;46m▀[0m[38;2;46;46;46m[48;2;202;199;199m▀[0m[38;2;0;0;0m[48;2;0;0;0m▀[0m[38;2;0;0;0m[48;2;40;40;40m▀[0m[38;2;193;193;194m[48;2;247;247;247m▀[0m[38;2;75;78;78m[48;2;36;39;39m▀[0m[38;2;109;112;113m[48;2;72;72;73m▀[0m[38;2;145;145;145m[48;2;96;96;96m▀[0m[38;2;226;226;224m[48;2;231;231;228m▀[0m[38;2;187;186;184m[48;2;192;192;193m▀[0m[38;2;188;188;186m[48;2;189;189;187m▀[0m[38;2;189;189;190m[48;2;185;185;183m▀[0m[38;2;247;247;247m[48;2;224;221;221m▀[0m[38;2;64;66;66m[48;2;243;243;243m▀[0m[38;2;0;0;0m[48;2;0;0;0m▀[0m[38;2;0;0;0m[48;2;0;0;0m▀[0m[38;2;68;67;67m[48;2;0;0;0m▀[0m[38;2;70;69;70m[48;2;69;71;72m▀[0m[38;2;69;72;72m[48;2;74;77;77m▀[0m[38;2;34;34;34m[48;2;0;0;0m▀[0m
[38;2;0;0;0m[48;2;0;0;0m▀[0m[38;2;0;0;0m[48;2;247;247;247m▀[0m[38;2;247;247;247m[48;2;247;247;247m▀[0m[38;2;247;247;247m[48;2;233;236;232m▀[0m[38;2;179;179;179m[48;2;179;179;176m▀[0m[38;2;189;189;187m[48;2;190;190;191m▀[0m[38;2;190;190;188m[48;2;192;192;193m▀[0m[38;2;193;194;191m[48;2;199;198;199m▀[0m[38;2;199;198;198m[48;2;226;226;226m▀[0m[38;2;228;231;228m[48;2;182;185;182m▀[0m[38;2;78;77;77m[48;2;84;87;86m▀[0m[38;2;247;247;247m[48;2;215;218;217m▀[0m[38;2;11;10;11m[48;2;0;0;0m▀[0m[38;2;0;0;0m[48;2;0;0;0m▀[0m[38;2;49;49;51m[48;2;80;84;84m▀[0m[38;2;156;161;164m[48;2;0;0;0m▀[0m[38;2;26;29;31m[48;2;0;0;0m▀[0m[38;2;0;0;0m[48;2;0;0;0m▀[0m[38;2;0;0;0m[48;2;0;0;0m▀[0m[38;2;0;0;0m[48;2;0;0;0m▀[0m[38;2;0;0;0m[48;2;0;0;0m▀[0m[38;2;0;0;0m[48;2;0;0;0m▀[0m[38;2;0;0;0m[48;2;0;0;0m▀[0m[38;2;0;0;0m[48;2;0;0;0m▀[0m[38;2;39;42;42m[48;2;0;0;0m▀[0m[38;2;247;247;247m[48;2;247;247;247m▀[0m[38;2;207;210;207m[48;2;247;247;247m▀[0m[38;2;231;233;233m[48;2;227;226;224m▀[0m[38;2;247;247;247m[48;2;234;234;234m▀[0m[38;2;247;247;247m[48;2;247;247;247m▀[0m[38;2;247;247;247m[48;2;247;247;247m▀[0m[38;2;2;0;2m[48;2;0;0;0m▀[0m[38;2;0;0;0m[48;2;0;0;0m▀[0m[38;2;0;0;0m[48;2;0;0;0m▀[0m[38;2;0;0;0m[48;2;0;0;0m▀[0m[38;2;0;0;0m[48;2;0;0;0m▀[0m[38;2;0;0;0m[48;2;0;0;0m▀[0m[38;2;0;0;0m[48;2;0;0;0m▀[0m[38;2;36;36;37m[48;2;44;44;46m▀[0m[38;2;25;25;27m[48;2;26;29;31m▀[0m[38;2;0;0;0m[48;2;0;0;0m▀[0m[38;2;0;0;0m[48;2;0;0;0m▀[0m[38;2;0;0;0m[48;2;0;0;0m▀[0m[38;2;0;0;0m[48;2;0;0;0m▀[0m[38;2;247;247;247m[48;2;247;247;247m▀[0m[38;2;247;247;247m[48;2;247;247;247m▀[0m[38;2;247;247;247m[48;2;247;247;247m▀[0m[38;2;247;247;247m[48;2;247;247;247m▀[0m[38;2;247;247;247m[48;2;202;205;205m▀[0m[38;2;247;247;247m[48;2;247;247;247m▀[0m[38;2;84;87;87m[48;2;0;0;0m▀[0m[38;2;0;0;0m[48;2;0;0;0m▀[0m[38;2;0;0;0m[48;2;0;0;0m▀[0m[38;2;0;0;0m[48;2;0;0;0m▀[0m[38;2;0;0;0m[48;2;0;0;0m▀[0m[38;2;11;11;13m[48;2;0;0;0m▀[0m[38;2;18;18;20m[48;2;0;0;0m▀[0m[38;2;240;240;237m[48;2;40;40;40m▀[0m[38;2;12;12;12m[48;2;107;107;107m▀[0m[38;2;8;8;10m[48;2;0;0;0m▀[0m[38;2;247;246;246m[48;2;13;13;15m▀[0m[38;2;119;119;119m[48;2;206;206;206m▀[0m[38;2;139;139;140m[48;2;247;247;247m▀[0m[38;2;0;0;0m[48;2;0;0;0m▀[0m[38;2;219;218;216m[48;2;146;146;144m▀[0m[38;2;203;206;205m[48;2;228;227;226m▀[0m[38;2;187;190;189m[48;2;190;190;191m▀[0m[38;2;185;185;183m[48;2;186;186;184m▀[0m[38;2;179;179;174m[48;2;174;174;171m▀[0m[38;2;247;247;247m[48;2;247;247;247m▀[0m[38;2;115;115;113m[48;2;247;247;247m▀[0m[38;2;0;0;0m[48;2;0;0;0m▀[0m[38;2;0;0;0m[48;2;0;0;0m▀[0m[38;2;0;0;0m[48;2;0;0;0m▀[0m[38;2;20;20;20m[48;2;0;0;0m▀[0m[38;2;0;0;0m[48;2;0;0;0m▀[0m
[38;2;189;192;192m[48;2;218;221;218m▀[0m[38;2;247;247;247m[48;2;209;212;212m▀[0m[38;2;247;247;247m[48;2;221;224;221m▀[0m[38;2;200;200;200m[48;2;214;216;216m▀[0m[38;2;159;158;156m[48;2;213;213;213m▀[0m[38;2;174;174;174m[48;2;159;161;161m▀[0m[38;2;177;177;177m[48;2;172;172;172m▀[0m[38;2;175;178;175m[48;2;247;247;247m▀[0m[38;2;237;236;233m[48;2;247;247;247m▀[0m[38;2;82;82;82m[48;2;0;0;0m▀[0m[38;2;0;0;0m[48;2;38;38;39m▀[0m[38;2;60;60;61m[48;2;0;0;0m▀[0m[38;2;0;0;0m[48;2;0;0;0m▀[0m[38;2;0;0;0m[48;2;78;80;80m▀[0m[38;2;99;105;102m[48;2;247;247;247m▀[0m[38;2;205;205;205m[48;2;247;247;247m▀[0m[38;2;247;247;247m[48;2;247;247;247m▀[0m[38;2;247;247;247m[48;2;247;247;247m▀[0m[38;2;165;165;165m[48;2;247;247;247m▀[0m[38;2;0;0;0m[48;2;247;247;247m▀[0m[38;2;0;0;0m[48;2;0;0;0m▀[0m[38;2;0;0;0m[48;2;0;0;0m▀[0m[38;2;0;0;0m[48;2;0;0;0m▀[0m[38;2;0;0;0m[48;2;0;0;0m▀[0m[38;2;0;0;0m[48;2;0;0;0m▀[0m[38;2;185;185;187m[48;2;60;59;59m▀[0m[38;2;247;247;247m[48;2;247;247;247m▀[0m[38;2;247;247;247m[48;2;247;247;247m▀[0m[38;2;213;213;213m[48;2;247;247;247m▀[0m[38;2;247;247;247m[48;2;161;163;163m▀[0m[38;2;247;247;247m[48;2;153;156;156m▀[0m[38;2;0;0;0m[48;2;5;7;5m▀[0m[38;2;0;0;0m[48;2;0;0;0m▀[0m[38;2;0;0;0m[48;2;0;0;0m▀[0m[38;2;0;0;0m[48;2;0;0;0m▀[0m[38;2;0;0;0m[48;2;0;0;0m▀[0m[38;2;0;0;0m[48;2;0;0;0m▀[0m[38;2;0;0;0m[48;2;0;0;0m▀[0m[38;2;42;42;43m[48;2;36;36;34m▀[0m[38;2;34;37;37m[48;2;41;41;43m▀[0m[38;2;0;0;0m[48;2;0;0;0m▀[0m[38;2;0;0;0m[48;2;0;0;0m▀[0m[38;2;0;0;0m[48;2;0;0;0m▀[0m[38;2;0;0;0m[48;2;32;34;34m▀[0m[38;2;247;247;247m[48;2;247;247;247m▀[0m[38;2;247;247;247m[48;2;247;247;247m▀[0m[38;2;247;247;247m[48;2;150;150;150m▀[0m[38;2;143;146;146m[48;2;247;247;247m▀[0m[38;2;247;247;247m[48;2;247;247;247m▀[0m[38;2;210;210;212m[48;2;26;29;29m▀[0m[38;2;0;0;0m[48;2;0;0;0m▀[0m[38;2;0;0;0m[48;2;0;0;0m▀[0m[38;2;0;0;0m[48;2;0;0;0m▀[0m[38;2;0;0;0m[48;2;0;0;0m▀[0m[38;2;0;0;0m[48;2;0;0;0m▀[0m[38;2;0;0;0m[48;2;210;210;212m▀[0m[38;2;0;0;0m[48;2;247;247;247m▀[0m[38;2;0;2;1m[48;2;247;247;247m▀[0m[38;2;0;0;0m[48;2;247;247;247m▀[0m[38;2;0;0;0m[48;2;119;121;121m▀[0m[38;2;0;0;0m[48;2;0;0;0m▀[0m[38;2;193;195;195m[48;2;73;75;75m▀[0m[38;2;247;247;247m[48;2;236;239;239m▀[0m[38;2;119;119;119m[48;2;161;163;164m▀[0m[38;2;32;31;32m[48;2;0;0;0m▀[0m[38;2;247;247;247m[48;2;192;191;192m▀[0m[38;2;201;201;199m[48;2;199;201;202m▀[0m[38;2;195;195;193m[48;2;164;164;166m▀[0m[38;2;178;175;175m[48;2;146;146;146m▀[0m[38;2;229;229;229m[48;2;182;182;182m▀[0m[38;2;247;247;247m[48;2;247;247;247m▀[0m[38;2;247;247;247m[48;2;247;247;247m▀[0m[38;2;0;0;0m[48;2;144;144;144m▀[0m[38;2;0;0;0m[48;2;0;0;0m▀[0m[38;2;0;0;0m[48;2;0;0;0m▀[0m[38;2;0;0;0m[48;2;0;0;0m▀[0m
[38;2;247;247;247m[48;2;37;37;39m▀[0m[38;2;247;247;247m[48;2;2;2;3m▀[0m[38;2;247;247;247m[48;2;0;0;0m▀[0m[38;2;247;247;247m[48;2;0;0;0m▀[0m[38;2;247;247;247m[48;2;0;0;0m▀[0m[38;2;247;247;247m[48;2;0;0;0m▀[0m[38;2;231;231;232m[48;2;0;0;0m▀[0m[38;2;237;237;239m[48;2;12;12;12m▀[0m[38;2;207;207;208m[48;2;0;0;0m▀[0m[38;2;0;0;0m[48;2;0;0;0m▀[0m[38;2;23;21;24m[48;2;0;0;0m▀[0m[38;2;0;0;0m[48;2;162;165;165m▀[0m[38;2;25;27;29m[48;2;247;247;247m▀[0m[38;2;214;216;216m[48;2;247;247;247m▀[0m[38;2;111;111;108m[48;2;247;247;247m▀[0m[38;2;140;140;140m[48;2;247;247;247m▀[0m[38;2;199;199;199m[48;2;247;247;247m▀[0m[38;2;244;244;244m[48;2;231;231;231m▀[0m[38;2;247;247;247m[48;2;216;218;218m▀[0m[38;2;247;247;247m[48;2;247;247;247m▀[0m[38;2;224;224;224m[48;2;247;247;247m▀[0m[38;2;0;0;0m[48;2;34;34;34m▀[0m[38;2;0;0;0m[48;2;0;0;0m▀[0m[38;2;0;0;0m[48;2;0;0;0m▀[0m[38;2;0;0;0m[48;2;0;0;0m▀[0m[38;2;0;0;0m[48;2;0;0;0m▀[0m[38;2;247;247;247m[48;2;247;247;247m▀[0m[38;2;247;247;247m[48;2;247;247;247m▀[0m[38;2;247;247;247m[48;2;247;247;247m▀[0m[38;2;227;230;230m[48;2;247;247;247m▀[0m[38;2;103;103;103m[48;2;247;247;247m▀[0m[38;2;6;6;4m[48;2;0;0;0m▀[0m[38;2;0;0;0m[48;2;0;0;0m▀[0m[38;2;0;0;0m[48;2;0;0;0m▀[0m[38;2;0;0;0m[48;2;0;0;0m▀[0m[38;2;0;0;0m[48;2;0;0;0m▀[0m[38;2;0;0;0m[48;2;0;0;0m▀[0m[38;2;0;0;0m[48;2;0;0;0m▀[0m[38;2;33;33;32m[48;2;25;25;23m▀[0m[38;2;40;43;44m[48;2;33;33;35m▀[0m[38;2;0;0;0m[48;2;0;0;0m▀[0m[38;2;13;16;18m[48;2;0;0;0m▀[0m[38;2;0;0;0m[48;2;0;0;0m▀[0m[38;2;65;66;64m[48;2;120;120;120m▀[0m[38;2;247;247;247m[48;2;247;247;247m▀[0m[38;2;180;177;179m[48;2;247;247;247m▀[0m[38;2;247;247;247m[48;2;247;247;247m▀[0m[38;2;247;247;247m[48;2;247;247;247m▀[0m[38;2;247;247;247m[48;2;130;133;130m▀[0m[38;2;0;0;0m[48;2;0;0;0m▀[0m[38;2;0;0;0m[48;2;0;0;0m▀[0m[38;2;0;0;0m[48;2;0;0;0m▀[0m[38;2;0;0;0m[48;2;0;0;0m▀[0m[38;2;0;0;0m[48;2;247;247;247m▀[0m[38;2;247;247;247m[48;2;247;247;247m▀[0m[38;2;247;247;247m[48;2;247;247;247m▀[0m[38;2;247;247;247m[48;2;243;243;243m▀[0m[38;2;247;247;247m[48;2;206;210;210m▀[0m[38;2;247;247;247m[48;2;181;182;179m▀[0m[38;2;247;247;247m[48;2;198;198;198m▀[0m[38;2;26;25;25m[48;2;193;193;193m▀[0m[38;2;0;0;0m[48;2;0;0;0m▀[0m[38;2;189;192;192m[48;2;51;50;50m▀[0m[38;2;247;247;247m[48;2;247;247;247m▀[0m[38;2;0;0;0m[48;2;0;0;0m▀[0m[38;2;0;0;0m[48;2;76;74;77m▀[0m[38;2;247;247;247m[48;2;142;142;142m▀[0m[38;2;242;245;245m[48;2;247;247;247m▀[0m[38;2;220;223;223m[48;2;247;247;247m▀[0m[38;2;213;216;213m[48;2;247;247;247m▀[0m[38;2;198;200;200m[48;2;247;247;247m▀[0m[38;2;212;214;214m[48;2;247;247;247m▀[0m[38;2;247;247;247m[48;2;247;247;247m▀[0m[38;2;111;111;111m[48;2;247;247;247m▀[0m[38;2;0;0;0m[48;2;57;57;57m▀[0m[38;2;0;0;0m[48;2;0;0;0m▀[0m
[38;2;61;61;61m[48;2;247;247;247m▀[0m[38;2;127;127;127m[48;2;247;247;247m▀[0m[38;2;186;186;186m[48;2;247;247;247m▀[0m[38;2;229;228;228m[48;2;247;247;247m▀[0m[38;2;247;247;247m[48;2;247;247;247m▀[0m[38;2;247;247;247m[48;2;247;247;247m▀[0m[38;2;247;247;247m[48;2;247;247;247m▀[0m[38;2;247;247;247m[48;2;247;247;247m▀[0m[38;2;11;14;14m[48;2;0;0;0m▀[0m[38;2;0;0;0m[48;2;0;0;0m▀[0m[38;2;110;112;114m[48;2;200;200;200m▀[0m[38;2;247;247;247m[48;2;247;247;247m▀[0m[38;2;173;173;175m[48;2;247;247;247m▀[0m[38;2;190;193;194m[48;2;247;247;247m▀[0m[38;2;215;217;218m[48;2;247;247;247m▀[0m[38;2;207;207;207m[48;2;137;134;137m▀[0m[38;2;247;247;247m[48;2;100;100;100m▀[0m[38;2;247;247;247m[48;2;247;247;247m▀[0m[38;2;247;247;247m[48;2;247;247;247m▀[0m[38;2;240;243;243m[48;2;247;247;247m▀[0m[38;2;240;243;243m[48;2;247;247;247m▀[0m[38;2;225;225;225m[48;2;227;230;230m▀[0m[38;2;0;0;0m[48;2;0;0;0m▀[0m[38;2;0;0;0m[48;2;0;0;0m▀[0m[38;2;0;0;0m[48;2;0;0;0m▀[0m[38;2;0;0;0m[48;2;0;0;0m▀[0m[38;2;161;158;158m[48;2;65;65;67m▀[0m[38;2;247;247;247m[48;2;247;247;247m▀[0m[38;2;247;247;247m[48;2;247;247;247m▀[0m[38;2;247;247;247m[48;2;247;247;247m▀[0m[38;2;247;247;247m[48;2;247;247;247m▀[0m[38;2;0;0;0m[48;2;0;0;0m▀[0m[38;2;0;0;0m[48;2;0;0;0m▀[0m[38;2;0;0;0m[48;2;15;15;15m▀[0m[38;2;0;0;0m[48;2;135;135;135m▀[0m[38;2;0;0;0m[48;2;105;108;108m▀[0m[38;2;0;0;0m[48;2;149;148;149m▀[0m[38;2;0;0;0m[48;2;74;74;74m▀[0m[38;2;0;0;0m[48;2;25;27;29m▀[0m[38;2;13;13;14m[48;2;0;0;0m▀[0m[38;2;0;0;0m[48;2;0;0;0m▀[0m[38;2;0;0;0m[48;2;0;0;0m▀[0m[38;2;0;0;0m[48;2;0;0;0m▀[0m[38;2;167;167;169m[48;2;222;222;222m▀[0m[38;2;247;247;247m[48;2;247;247;247m▀[0m[38;2;247;247;247m[48;2;247;247;247m▀[0m[38;2;247;247;247m[48;2;247;247;247m▀[0m[38;2;247;247;247m[48;2;247;247;247m▀[0m[38;2;0;0;0m[48;2;0;0;0m▀[0m[38;2;0;0;0m[48;2;0;0;0m▀[0m[38;2;0;0;0m[48;2;0;0;0m▀[0m[38;2;0;0;0m[48;2;0;0;0m▀[0m[38;2;105;104;105m[48;2;247;247;247m▀[0m[38;2;247;247;247m[48;2;247;247;247m▀[0m[38;2;247;247;247m[48;2;201;204;201m▀[0m[38;2;222;224;225m[48;2;241;241;241m▀[0m[38;2;231;234;231m[48;2;211;214;211m▀[0m[38;2;245;244;245m[48;2;139;139;137m▀[0m[38;2;170;173;173m[48;2;156;159;159m▀[0m[38;2;136;139;139m[48;2;247;247;247m▀[0m[38;2;121;124;124m[48;2;217;217;219m▀[0m[38;2;97;97;98m[48;2;119;117;120m▀[0m[38;2;8;7;7m[48;2;247;247;247m▀[0m[38;2;67;67;67m[48;2;0;0;0m▀[0m[38;2;0;0;0m[48;2;0;0;0m▀[0m[38;2;99;101;101m[48;2;0;0;0m▀[0m[38;2;0;0;0m[48;2;71;71;71m▀[0m[38;2;135;135;135m[48;2;0;0;0m▀[0m[38;2;203;203;204m[48;2;0;0;0m▀[0m[38;2;217;217;219m[48;2;0;0;0m▀[0m[38;2;247;247;247m[48;2;0;0;0m▀[0m[38;2;247;247;247m[48;2;0;0;0m▀[0m[38;2;247;247;247m[48;2;6;6;10m▀[0m[38;2;247;247;247m[48;2;103;103;105m▀[0m[38;2;247;247;247m[48;2;247;247;247m▀[0m[38;2;0;0;0m[48;2;124;124;124m▀[0m
[38;2;231;234;234m[48;2;247;247;247m▀[0m[38;2;247;247;247m[48;2;190;193;194m▀[0m[38;2;247;247;247m[48;2;93;96;97m▀[0m[38;2;247;247;247m[48;2;22;22;22m▀[0m[38;2;247;247;247m[48;2;0;0;0m▀[0m[38;2;247;247;247m[48;2;0;0;0m▀[0m[38;2;157;162;162m[48;2;0;0;0m▀[0m[38;2;138;140;140m[48;2;0;0;0m▀[0m[38;2;25;28;28m[48;2;244;244;241m▀[0m[38;2;227;227;223m[48;2;247;247;247m▀[0m[38;2;184;184;184m[48;2;247;247;247m▀[0m[38;2;174;173;173m[48;2;247;247;247m▀[0m[38;2;247;247;247m[48;2;234;238;238m▀[0m[38;2;247;247;247m[48;2;247;247;247m▀[0m[38;2;247;247;247m[48;2;247;247;247m▀[0m[38;2;247;247;247m[48;2;247;247;247m▀[0m[38;2;218;222;218m[48;2;247;247;247m▀[0m[38;2;162;164;162m[48;2;211;212;208m▀[0m[38;2;247;247;247m[48;2;208;208;208m▀[0m[38;2;247;247;247m[48;2;247;247;247m▀[0m[38;2;247;247;247m[48;2;247;247;247m▀[0m[38;2;247;247;247m[48;2;247;247;247m▀[0m[38;2;5;2;5m[48;2;128;128;128m▀[0m[38;2;0;0;0m[48;2;0;0;0m▀[0m[38;2;0;0;0m[48;2;0;0;0m▀[0m[38;2;0;0;0m[48;2;0;0;0m▀[0m[38;2;0;0;0m[48;2;0;0;0m▀[0m[38;2;247;247;247m[48;2;226;228;226m▀[0m[38;2;247;247;247m[48;2;247;247;247m▀[0m[38;2;247;247;247m[48;2;247;247;247m▀[0m[38;2;247;247;247m[48;2;247;247;247m▀[0m[38;2;6;3;5m[48;2;72;72;70m▀[0m[38;2;0;0;0m[48;2;0;0;0m▀[0m[38;2;0;0;0m[48;2;0;0;0m▀[0m[38;2;156;156;154m[48;2;197;196;196m▀[0m[38;2;235;234;234m[48;2;118;117;117m▀[0m[38;2;232;235;235m[48;2;0;0;0m▀[0m[38;2;247;247;247m[48;2;247;247;247m▀[0m[38;2;129;131;133m[48;2;7;7;9m▀[0m[38;2;0;0;0m[48;2;0;0;0m▀[0m[38;2;0;0;0m[48;2;63;65;63m▀[0m[38;2;0;0;0m[48;2;0;0;0m▀[0m[38;2;0;0;0m[48;2;0;0;0m▀[0m[38;2;247;247;247m[48;2;247;247;247m▀[0m[38;2;247;247;247m[48;2;247;247;247m▀[0m[38;2;247;247;247m[48;2;247;247;247m▀[0m[38;2;247;247;247m[48;2;247;247;247m▀[0m[38;2;132;132;132m[48;2;0;0;0m▀[0m[38;2;0;0;0m[48;2;0;0;0m▀[0m[38;2;0;0;0m[48;2;0;0;0m▀[0m[38;2;0;0;0m[48;2;0;0;0m▀[0m[38;2;36;39;39m[48;2;135;135;135m▀[0m[38;2;247;247;247m[48;2;247;247;247m▀[0m[38;2;241;244;241m[48;2;247;247;247m▀[0m[38;2;247;247;247m[48;2;228;230;228m▀[0m[38;2;219;219;219m[48;2;247;247;247m▀[0m[38;2;221;221;221m[48;2;247;247;247m▀[0m[38;2;247;247;247m[48;2;247;247;247m▀[0m[38;2;247;247;247m[48;2;239;239;239m▀[0m[38;2;247;247;247m[48;2;151;154;151m▀[0m[38;2;68;71;71m[48;2;247;247;247m▀[0m[38;2;161;160;160m[48;2;247;247;247m▀[0m[38;2;247;247;247m[48;2;247;247;247m▀[0m[38;2;247;247;247m[48;2;247;247;247m▀[0m[38;2;0;0;0m[48;2;247;247;247m▀[0m[38;2;164;164;164m[48;2;99;97;97m▀[0m[38;2;247;247;247m[48;2;247;247;247m▀[0m[38;2;218;218;218m[48;2;247;247;247m▀[0m[38;2;159;161;161m[48;2;165;165;165m▀[0m[38;2;247;247;247m[48;2;247;247;247m▀[0m[38;2;233;233;233m[48;2;247;247;247m▀[0m[38;2;172;172;172m[48;2;247;247;247m▀[0m[38;2;87;87;87m[48;2;247;247;247m▀[0m[38;2;4;3;1m[48;2;247;247;247m▀[0m[38;2;0;0;0m[48;2;247;247;247m▀[0m[38;2;0;0;0m[48;2;245;247;245m▀[0m
[38;2;9;9;11m[48;2;0;0;0m▀[0m[38;2;0;0;0m[48;2;0;0;0m▀[0m[38;2;0;0;0m[48;2;27;27;25m▀[0m[38;2;9;11;11m[48;2;39;37;40m▀[0m[38;2;34;37;37m[48;2;33;35;35m▀[0m[38;2;19;21;21m[48;2;0;0;0m▀[0m[38;2;0;0;0m[48;2;54;57;57m▀[0m[38;2;190;190;188m[48;2;247;247;247m▀[0m[38;2;247;247;247m[48;2;247;247;247m▀[0m[38;2;247;247;247m[48;2;247;247;247m▀[0m[38;2;247;247;247m[48;2;247;247;247m▀[0m[38;2;247;247;247m[48;2;246;246;246m▀[0m[38;2;247;247;247m[48;2;247;247;247m▀[0m[38;2;240;244;240m[48;2;206;206;203m▀[0m[38;2;247;247;247m[48;2;224;224;224m▀[0m[38;2;247;247;247m[48;2;247;247;247m▀[0m[38;2;228;228;228m[48;2;247;247;247m▀[0m[38;2;77;80;77m[48;2;186;186;186m▀[0m[38;2;222;222;222m[48;2;178;181;181m▀[0m[38;2;221;221;221m[48;2;228;228;226m▀[0m[38;2;247;247;247m[48;2;227;227;226m▀[0m[38;2;247;247;247m[48;2;221;220;220m▀[0m[38;2;214;214;211m[48;2;247;247;247m▀[0m[38;2;0;0;0m[48;2;37;37;37m▀[0m[38;2;0;0;0m[48;2;0;0;0m▀[0m[38;2;0;0;0m[48;2;0;0;0m▀[0m[38;2;0;0;0m[48;2;0;0;0m▀[0m[38;2;78;81;78m[48;2;91;88;91m▀[0m[38;2;247;247;247m[48;2;54;54;54m▀[0m[38;2;247;247;247m[48;2;247;247;247m▀[0m[38;2;247;247;247m[48;2;247;247;247m▀[0m[38;2;83;83;81m[48;2;89;89;89m▀[0m[38;2;0;0;0m[48;2;0;0;0m▀[0m[38;2;0;0;0m[48;2;0;0;0m▀[0m[38;2;247;247;247m[48;2;21;24;23m▀[0m[38;2;181;181;181m[48;2;77;80;80m▀[0m[38;2;0;0;0m[48;2;0;0;0m▀[0m[38;2;201;201;201m[48;2;164;164;164m▀[0m[38;2;70;70;70m[48;2;65;65;61m▀[0m[38;2;1;1;0m[48;2;21;21;16m▀[0m[38;2;51;51;51m[48;2;0;0;0m▀[0m[38;2;222;222;220m[48;2;247;247;247m▀[0m[38;2;0;0;0m[48;2;182;182;182m▀[0m[38;2;247;247;247m[48;2;247;247;247m▀[0m[38;2;247;247;247m[48;2;247;247;247m▀[0m[38;2;247;247;247m[48;2;64;64;64m▀[0m[38;2;191;194;191m[48;2;135;135;135m▀[0m[38;2;0;0;0m[48;2;0;0;0m▀[0m[38;2;0;0;0m[48;2;0;0;0m▀[0m[38;2;0;0;0m[48;2;0;0;0m▀[0m[38;2;0;0;0m[48;2;0;0;0m▀[0m[38;2;208;211;208m[48;2;226;226;226m▀[0m[38;2;247;247;247m[48;2;199;199;199m▀[0m[38;2;221;218;221m[48;2;247;247;247m▀[0m[38;2;247;247;247m[48;2;247;247;247m▀[0m[38;2;247;247;247m[48;2;247;247;247m▀[0m[38;2;247;247;247m[48;2;247;247;247m▀[0m[38;2;216;216;218m[48;2;129;129;129m▀[0m[38;2;58;61;58m[48;2;176;179;176m▀[0m[38;2;247;247;247m[48;2;247;247;247m▀[0m[38;2;247;247;247m[48;2;245;247;247m▀[0m[38;2;247;247;247m[48;2;245;247;247m▀[0m[38;2;247;247;247m[48;2;245;245;242m▀[0m[38;2;247;247;247m[48;2;247;247;247m▀[0m[38;2;247;247;247m[48;2;247;247;247m▀[0m[38;2;213;213;213m[48;2;247;247;247m▀[0m[38;2;0;0;0m[48;2;124;124;124m▀[0m[38;2;15;15;15m[48;2;129;129;129m▀[0m[38;2;19;19;20m[48;2;165;165;165m▀[0m[38;2;56;56;57m[48;2;13;13;14m▀[0m[38;2;241;243;247m[48;2;0;0;0m▀[0m[38;2;240;243;245m[48;2;0;0;0m▀[0m[38;2;247;247;247m[48;2;0;0;0m▀[0m[38;2;247;247;247m[48;2;0;0;0m▀[0m[38;2;247;247;247m[48;2;0;0;0m▀[0m[38;2;247;247;247m[48;2;0;0;0m▀[0m
[38;2;132;135;137m[48;2;247;247;247m▀[0m[38;2;217;217;218m[48;2;247;247;247m▀[0m[38;2;247;247;247m[48;2;82;82;84m▀[0m[38;2;247;247;247m[48;2;0;0;0m▀[0m[38;2;247;247;247m[48;2;39;39;41m▀[0m[38;2;127;126;126m[48;2;170;170;170m▀[0m[38;2;247;247;247m[48;2;247;247;247m▀[0m[38;2;247;247;247m[48;2;247;247;247m▀[0m[38;2;247;247;247m[48;2;247;247;247m▀[0m[38;2;245;247;247m[48;2;243;245;245m▀[0m[38;2;244;244;244m[48;2;242;244;244m▀[0m[38;2;244;244;244m[48;2;242;244;244m▀[0m[38;2;247;247;247m[48;2;241;243;243m▀[0m[38;2;239;239;239m[48;2;247;247;247m▀[0m[38;2;213;216;213m[48;2;237;237;238m▀[0m[38;2;247;247;247m[48;2;236;236;236m▀[0m[38;2;247;247;247m[48;2;247;247;247m▀[0m[38;2;247;247;247m[48;2;247;247;247m▀[0m[38;2;169;167;170m[48;2;230;230;231m▀[0m[38;2;247;247;247m[48;2;228;228;229m▀[0m[38;2;223;223;223m[48;2;242;242;240m▀[0m[38;2;222;222;219m[48;2;247;247;247m▀[0m[38;2;247;247;247m[48;2;247;247;247m▀[0m[38;2;212;212;212m[48;2;247;247;247m▀[0m[38;2;0;0;0m[48;2;0;0;0m▀[0m[38;2;0;0;0m[48;2;0;0;0m▀[0m[38;2;0;0;0m[48;2;0;0;0m▀[0m[38;2;155;152;155m[48;2;34;34;35m▀[0m[38;2;247;247;247m[48;2;247;247;247m▀[0m[38;2;0;0;0m[48;2;39;38;35m▀[0m[38;2;72;72;72m[48;2;0;0;0m▀[0m[38;2;182;182;182m[48;2;247;247;247m▀[0m[38;2;0;0;0m[48;2;0;0;0m▀[0m[38;2;0;0;0m[48;2;0;0;0m▀[0m[38;2;0;0;0m[48;2;0;0;0m▀[0m[38;2;56;56;56m[48;2;69;69;71m▀[0m[38;2;0;0;0m[48;2;0;0;0m▀[0m[38;2;135;135;135m[48;2;89;88;88m▀[0m[38;2;0;0;0m[48;2;0;0;0m▀[0m[38;2;0;0;0m[48;2;19;19;20m▀[0m[38;2;0;0;0m[48;2;0;0;0m▀[0m[38;2;247;247;247m[48;2;208;208;208m▀[0m[38;2;202;205;205m[48;2;246;246;246m▀[0m[38;2;247;247;247m[48;2;247;247;247m▀[0m[38;2;188;191;188m[48;2;244;244;244m▀[0m[38;2;34;37;37m[48;2;247;247;247m▀[0m[38;2;134;134;134m[48;2;67;67;67m▀[0m[38;2;0;0;0m[48;2;0;0;0m▀[0m[38;2;0;0;0m[48;2;0;0;0m▀[0m[38;2;0;0;0m[48;2;0;0;0m▀[0m[38;2;99;103;103m[48;2;203;203;201m▀[0m[38;2;168;168;165m[48;2;182;185;179m▀[0m[38;2;232;232;232m[48;2;230;233;230m▀[0m[38;2;247;247;247m[48;2;231;230;230m▀[0m[38;2;247;247;247m[48;2;247;247;247m▀[0m[38;2;247;247;247m[48;2;247;247;247m▀[0m[38;2;246;245;246m[48;2;247;247;247m▀[0m[38;2;196;199;196m[48;2;243;242;242m▀[0m[38;2;247;247;247m[48;2;247;247;247m▀[0m[38;2;247;247;247m[48;2;247;247;247m▀[0m[38;2;247;247;247m[48;2;247;244;244m▀[0m[38;2;242;244;244m[48;2;244;244;245m▀[0m[38;2;243;243;243m[48;2;243;243;243m▀[0m[38;2;247;247;247m[48;2;244;244;245m▀[0m[38;2;247;247;247m[48;2;247;247;247m▀[0m[38;2;247;247;247m[48;2;247;247;247m▀[0m[38;2;247;247;247m[48;2;247;247;247m▀[0m[38;2;41;41;41m[48;2;217;217;217m▀[0m[38;2;26;26;26m[48;2;61;59;57m▀[0m[38;2;1;1;0m[48;2;234;234;234m▀[0m[38;2;28;28;26m[48;2;88;88;86m▀[0m[38;2;130;130;130m[48;2;61;61;62m▀[0m[38;2;189;192;192m[48;2;1;1;3m▀[0m[38;2;239;239;239m[48;2;17;17;19m▀[0m[38;2;247;247;247m[48;2;93;96;93m▀[0m[38;2;212;213;210m[48;2;243;247;243m▀[0m
[38;2;215;215;215m[48;2;35;35;35m▀[0m[38;2;175;175;177m[48;2;11;11;11m▀[0m[38;2;144;144;142m[48;2;0;0;0m▀[0m[38;2;36;36;36m[48;2;0;0;0m▀[0m[38;2;0;0;0m[48;2;247;247;247m▀[0m[38;2;247;247;247m[48;2;247;247;247m▀[0m[38;2;247;247;247m[48;2;247;247;247m▀[0m[38;2;247;247;247m[48;2;247;247;247m▀[0m[38;2;244;244;244m[48;2;245;245;245m▀[0m[38;2;244;244;244m[48;2;244;244;244m▀[0m[38;2;242;244;244m[48;2;243;245;245m▀[0m[38;2;242;244;244m[48;2;244;244;244m▀[0m[38;2;243;243;243m[48;2;245;245;245m▀[0m[38;2;247;247;247m[48;2;247;247;247m▀[0m[38;2;236;236;236m[48;2;247;247;247m▀[0m[38;2;163;166;166m[48;2;188;187;187m▀[0m[38;2;247;247;247m[48;2;246;246;247m▀[0m[38;2;241;244;244m[48;2;240;237;237m▀[0m[38;2;235;235;235m[48;2;235;235;235m▀[0m[38;2;234;234;234m[48;2;233;233;233m▀[0m[38;2;247;247;247m[48;2;247;247;247m▀[0m[38;2;247;247;247m[48;2;247;247;247m▀[0m[38;2;247;247;247m[48;2;247;247;247m▀[0m[38;2;247;247;247m[48;2;209;209;210m▀[0m[38;2;0;0;0m[48;2;0;0;0m▀[0m[38;2;0;0;0m[48;2;0;0;0m▀[0m[38;2;0;0;0m[48;2;49;52;51m▀[0m[38;2;0;0;0m[48;2;13;16;15m▀[0m[38;2;247;247;247m[48;2;235;235;235m▀[0m[38;2;247;247;247m[48;2;247;247;247m▀[0m[38;2;181;181;181m[48;2;133;133;133m▀[0m[38;2;247;247;247m[48;2;69;71;73m▀[0m[38;2;38;40;40m[48;2;5;5;7m▀[0m[38;2;10;10;12m[48;2;44;44;44m▀[0m[38;2;0;0;0m[48;2;0;0;0m▀[0m[38;2;91;91;91m[48;2;141;141;141m▀[0m[38;2;6;6;8m[48;2;29;29;29m▀[0m[38;2;42;41;41m[48;2;6;6;6m▀[0m[38;2;0;0;0m[48;2;0;0;0m▀[0m[38;2;32;34;34m[48;2;33;33;34m▀[0m[38;2;21;19;22m[48;2;81;80;80m▀[0m[38;2;31;33;33m[48;2;0;0;0m▀[0m[38;2;247;247;247m[48;2;42;42;42m▀[0m[38;2;247;247;247m[48;2;164;168;165m▀[0m[38;2;247;247;247m[48;2;247;247;247m▀[0m[38;2;247;247;247m[48;2;247;247;247m▀[0m[38;2;19;19;19m[48;2;0;0;0m▀[0m[38;2;0;0;0m[48;2;4;4;4m▀[0m[38;2;0;0;0m[48;2;0;0;0m▀[0m[38;2;46;46;46m[48;2;76;76;77m▀[0m[38;2;247;247;247m[48;2;247;247;247m▀[0m[38;2;247;247;247m[48;2;247;247;247m▀[0m[38;2;218;220;218m[48;2;247;247;247m▀[0m[38;2;230;230;230m[48;2;238;238;238m▀[0m[38;2;244;244;244m[48;2;247;247;247m▀[0m[38;2;247;247;247m[48;2;227;227;227m▀[0m[38;2;144;144;144m[48;2;57;57;57m▀[0m[38;2;239;239;239m[48;2;247;247;247m▀[0m[38;2;247;247;247m[48;2;247;247;247m▀[0m[38;2;246;246;247m[48;2;245;247;247m▀[0m[38;2;245;245;245m[48;2;244;244;244m▀[0m[38;2;245;245;245m[48;2;245;245;245m▀[0m[38;2;245;245;245m[48;2;245;245;245m▀[0m[38;2;244;244;245m[48;2;244;244;244m▀[0m[38;2;244;244;244m[48;2;244;244;244m▀[0m[38;2;247;247;247m[48;2;246;246;246m▀[0m[38;2;247;247;247m[48;2;247;247;247m▀[0m[38;2;247;247;247m[48;2;247;247;247m▀[0m[38;2;112;112;112m[48;2;247;247;247m▀[0m[38;2;247;247;247m[48;2;14;14;16m▀[0m[38;2;247;247;247m[48;2;0;0;0m▀[0m[38;2;247;247;247m[48;2;74;76;74m▀[0m[38;2;247;247;247m[48;2;159;159;159m▀[0m[38;2;247;247;247m[48;2;189;189;186m▀[0m[38;2;111;107;110m[48;2;199;198;198m▀[0m[38;2;0;0;0m[48;2;0;0;0m▀[0m
[38;2;0;0;0m[48;2;66;69;69m▀[0m[38;2;0;0;0m[48;2;0;0;0m▀[0m[38;2;0;0;0m[48;2;21;20;17m▀[0m[38;2;135;135;135m[48;2;247;247;247m▀[0m[38;2;247;247;247m[48;2;247;247;247m▀[0m[38;2;247;247;247m[48;2;247;247;247m▀[0m[38;2;247;247;247m[48;2;247;247;247m▀[0m[38;2;242;244;244m[48;2;244;244;244m▀[0m[38;2;244;244;244m[48;2;244;244;244m▀[0m[38;2;245;245;245m[48;2;244;244;244m▀[0m[38;2;243;245;245m[48;2;243;245;245m▀[0m[38;2;245;245;245m[48;2;245;245;245m▀[0m[38;2;243;245;245m[48;2;243;245;245m▀[0m[38;2;247;247;247m[48;2;247;247;247m▀[0m[38;2;247;247;247m[48;2;242;242;246m▀[0m[38;2;247;247;247m[48;2;235;237;237m▀[0m[38;2;236;240;237m[48;2;236;236;236m▀[0m[38;2;236;236;236m[48;2;233;233;234m▀[0m[38;2;244;244;244m[48;2;247;247;247m▀[0m[38;2;202;202;202m[48;2;193;195;195m▀[0m[38;2;247;247;247m[48;2;247;247;247m▀[0m[38;2;247;247;247m[48;2;247;247;247m▀[0m[38;2;247;247;247m[48;2;247;247;247m▀[0m[38;2;83;83;84m[48;2;0;0;0m▀[0m[38;2;0;0;0m[48;2;0;0;0m▀[0m[38;2;0;0;0m[48;2;0;0;0m▀[0m[38;2;74;74;74m[48;2;83;82;82m▀[0m[38;2;0;0;0m[48;2;15;15;15m▀[0m[38;2;0;0;0m[48;2;0;0;0m▀[0m[38;2;34;34;34m[48;2;0;0;0m▀[0m[38;2;247;247;247m[48;2;247;247;247m▀[0m[38;2;0;0;0m[48;2;1;4;3m▀[0m[38;2;0;0;0m[48;2;0;0;0m▀[0m[38;2;46;43;43m[48;2;32;31;33m▀[0m[38;2;0;0;0m[48;2;0;0;0m▀[0m[38;2;224;224;224m[48;2;247;247;247m▀[0m[38;2;57;60;60m[48;2;81;83;83m▀[0m[38;2;0;0;0m[48;2;0;0;0m▀[0m[38;2;0;0;0m[48;2;0;0;0m▀[0m[38;2;21;21;22m[48;2;0;0;0m▀[0m[38;2;74;74;75m[48;2;52;52;54m▀[0m[38;2;0;0;0m[48;2;0;0;0m▀[0m[38;2;0;0;0m[48;2;0;0;0m▀[0m[38;2;106;108;110m[48;2;247;247;247m▀[0m[38;2;19;22;23m[48;2;6;9;9m▀[0m[38;2;8;11;11m[48;2;0;0;0m▀[0m[38;2;0;0;0m[48;2;11;11;13m▀[0m[38;2;79;79;81m[48;2;83;83;85m▀[0m[38;2;0;0;0m[48;2;0;0;0m▀[0m[38;2;41;41;41m[48;2;0;0;0m▀[0m[38;2;247;247;247m[48;2;247;247;247m▀[0m[38;2;247;247;247m[48;2;247;247;247m▀[0m[38;2;247;247;247m[48;2;247;247;247m▀[0m[38;2;247;247;247m[48;2;247;247;247m▀[0m[38;2;247;247;247m[48;2;247;247;247m▀[0m[38;2;226;226;226m[48;2;167;166;166m▀[0m[38;2;190;190;190m[48;2;170;170;170m▀[0m[38;2;247;247;247m[48;2;247;247;247m▀[0m[38;2;245;245;247m[48;2;241;241;243m▀[0m[38;2;245;247;247m[48;2;246;246;243m▀[0m[38;2;244;244;245m[48;2;245;245;246m▀[0m[38;2;244;244;244m[48;2;244;244;244m▀[0m[38;2;243;245;245m[48;2;242;244;244m▀[0m[38;2;242;244;244m[48;2;242;244;244m▀[0m[38;2;244;244;244m[48;2;242;244;244m▀[0m[38;2;244;244;244m[48;2;244;244;245m▀[0m[38;2;247;247;247m[48;2;244;244;244m▀[0m[38;2;247;247;247m[48;2;247;247;247m▀[0m[38;2;247;247;247m[48;2;247;247;247m▀[0m[38;2;155;158;157m[48;2;247;247;247m▀[0m[38;2;0;0;0m[48;2;9;9;11m▀[0m[38;2;226;226;226m[48;2;0;0;0m▀[0m[38;2;217;216;216m[48;2;247;247;247m▀[0m[38;2;207;206;206m[48;2;247;247;247m▀[0m[38;2;201;203;204m[48;2;247;247;247m▀[0m[38;2;237;237;239m[48;2;210;210;210m▀[0m
[38;2;50;50;48m[48;2;20;19;19m▀[0m[38;2;9;9;9m[48;2;22;25;25m▀[0m[38;2;194;195;195m[48;2;247;247;247m▀[0m[38;2;247;247;247m[48;2;247;247;247m▀[0m[38;2;247;247;247m[48;2;247;247;247m▀[0m[38;2;247;247;245m[48;2;242;244;244m▀[0m[38;2;242;244;246m[48;2;242;242;242m▀[0m[38;2;243;243;244m[48;2;242;242;243m▀[0m[38;2;244;244;244m[48;2;242;242;242m▀[0m[38;2;244;244;245m[48;2;243;243;243m▀[0m[38;2;245;245;246m[48;2;244;244;244m▀[0m[38;2;245;245;245m[48;2;244;244;245m▀[0m[38;2;245;245;245m[48;2;247;244;244m▀[0m[38;2;244;244;244m[48;2;240;242;240m▀[0m[38;2;238;238;238m[48;2;236;236;236m▀[0m[38;2;235;235;235m[48;2;232;234;234m▀[0m[38;2;232;234;234m[48;2;232;232;229m▀[0m[38;2;230;230;230m[48;2;239;239;239m▀[0m[38;2;247;247;247m[48;2;247;247;247m▀[0m[38;2;160;161;161m[48;2;247;247;247m▀[0m[38;2;247;247;247m[48;2;247;247;247m▀[0m[38;2;247;247;247m[48;2;126;129;129m▀[0m[38;2;68;68;69m[48;2;0;0;0m▀[0m[38;2;0;0;0m[48;2;0;0;0m▀[0m[38;2;0;0;0m[48;2;0;0;0m▀[0m[38;2;0;0;0m[48;2;0;0;0m▀[0m[38;2;58;58;58m[48;2;11;11;13m▀[0m[38;2;71;71;71m[48;2;121;121;123m▀[0m[38;2;0;0;0m[48;2;0;0;0m▀[0m[38;2;0;0;0m[48;2;0;0;0m▀[0m[38;2;185;185;187m[48;2;16;18;18m▀[0m[38;2;96;96;97m[48;2;85;85;86m▀[0m[38;2;0;0;0m[48;2;0;0;0m▀[0m[38;2;24;27;26m[48;2;18;21;20m▀[0m[38;2;0;0;0m[48;2;0;0;0m▀[0m[38;2;175;173;176m[48;2;0;0;0m▀[0m[38;2;8;8;6m[48;2;0;0;0m▀[0m[38;2;14;14;16m[48;2;53;56;56m▀[0m[38;2;0;0;0m[48;2;0;0;0m▀[0m[38;2;0;0;0m[48;2;0;0;0m▀[0m[38;2;55;55;55m[48;2;80;80;80m▀[0m[38;2;0;0;0m[48;2;0;0;0m▀[0m[38;2;55;58;59m[48;2;171;171;171m▀[0m[38;2;247;247;247m[48;2;167;166;166m▀[0m[38;2;0;0;0m[48;2;0;0;0m▀[0m[38;2;0;0;0m[48;2;0;0;0m▀[0m[38;2;82;82;84m[48;2;121;121;121m▀[0m[38;2;52;52;52m[48;2;2;5;5m▀[0m[38;2;0;0;0m[48;2;0;0;0m▀[0m[38;2;0;0;0m[48;2;0;0;0m▀[0m[38;2;121;121;121m[48;2;0;0;0m▀[0m[38;2;247;247;247m[48;2;203;203;203m▀[0m[38;2;247;247;247m[48;2;247;247;247m▀[0m[38;2;247;247;247m[48;2;247;247;247m▀[0m[38;2;247;247;247m[48;2;247;247;247m▀[0m[38;2;175;172;175m[48;2;247;247;247m▀[0m[38;2;175;175;175m[48;2;247;247;247m▀[0m[38;2;247;247;247m[48;2;238;238;238m▀[0m[38;2;239;239;239m[48;2;241;241;238m▀[0m[38;2;243;243;243m[48;2;242;242;242m▀[0m[38;2;244;244;244m[48;2;242;244;244m▀[0m[38;2;244;244;245m[48;2;244;244;244m▀[0m[38;2;242;244;244m[48;2;244;244;244m▀[0m[38;2;242;244;244m[48;2;244;244;244m▀[0m[38;2;242;244;244m[48;2;244;244;244m▀[0m[38;2;244;244;244m[48;2;244;244;244m▀[0m[38;2;244;244;245m[48;2;243;243;243m▀[0m[38;2;247;247;247m[48;2;243;243;243m▀[0m[38;2;247;247;247m[48;2;247;247;247m▀[0m[38;2;247;247;247m[48;2;247;247;247m▀[0m[38;2;239;239;241m[48;2;247;247;247m▀[0m[38;2;0;0;0m[48;2;77;77;77m▀[0m[38;2;0;0;0m[48;2;0;0;0m▀[0m[38;2;65;64;65m[48;2;0;0;0m▀[0m[38;2;123;122;123m[48;2;25;25;25m▀[0m[38;2;148;151;148m[48;2;0;0;0m▀[0m
[38;2;0;0;0m[48;2;29;27;30m▀[0m[38;2;204;207;207m[48;2;247;247;247m▀[0m[38;2;247;247;247m[48;2;247;247;247m▀[0m[38;2;247;247;247m[48;2;245;244;244m▀[0m[38;2;245;245;245m[48;2;235;239;239m▀[0m[38;2;238;240;240m[48;2;235;237;235m▀[0m[38;2;238;240;238m[48;2;235;237;235m▀[0m[38;2;238;240;238m[48;2;236;238;238m▀[0m[38;2;240;240;240m[48;2;239;239;239m▀[0m[38;2;241;241;241m[48;2;240;240;240m▀[0m[38;2;241;241;241m[48;2;241;241;241m▀[0m[38;2;243;243;243m[48;2;242;242;246m▀[0m[38;2;245;242;242m[48;2;239;243;240m▀[0m[38;2;237;239;239m[48;2;240;240;240m▀[0m[38;2;237;237;237m[48;2;239;239;239m▀[0m[38;2;237;237;239m[48;2;246;246;246m▀[0m[38;2;234;234;232m[48;2;232;232;232m▀[0m[38;2;247;247;247m[48;2;247;247;247m▀[0m[38;2;247;247;247m[48;2;167;167;167m▀[0m[38;2;247;247;247m[48;2;0;0;0m▀[0m[38;2;71;71;71m[48;2;0;0;0m▀[0m[38;2;0;0;0m[48;2;0;0;0m▀[0m[38;2;0;0;0m[48;2;0;0;0m▀[0m[38;2;0;0;0m[48;2;0;0;0m▀[0m[38;2;0;0;0m[48;2;0;0;0m▀[0m[38;2;0;0;0m[48;2;0;0;0m▀[0m[38;2;57;60;60m[48;2;29;29;29m▀[0m[38;2;134;134;136m[48;2;96;96;96m▀[0m[38;2;0;0;0m[48;2;0;0;0m▀[0m[38;2;58;58;58m[48;2;61;63;63m▀[0m[38;2;224;224;226m[48;2;104;106;106m▀[0m[38;2;193;193;193m[48;2;97;92;91m▀[0m[38;2;0;0;0m[48;2;22;19;19m▀[0m[38;2;36;36;37m[48;2;45;45;45m▀[0m[38;2;0;0;0m[48;2;0;0;0m▀[0m[38;2;0;0;0m[48;2;0;0;0m▀[0m[38;2;7;7;7m[48;2;20;20;18m▀[0m[38;2;105;105;105m[48;2;196;196;196m▀[0m[38;2;0;0;0m[48;2;0;0;0m▀[0m[38;2;0;0;0m[48;2;32;35;36m▀[0m[38;2;92;92;93m[48;2;59;62;63m▀[0m[38;2;23;26;26m[48;2;4;4;2m▀[0m[38;2;185;185;182m[48;2;215;215;219m▀[0m[38;2;54;54;52m[48;2;207;207;209m▀[0m[38;2;0;0;0m[48;2;5;3;6m▀[0m[38;2;0;0;0m[48;2;18;18;18m▀[0m[38;2;91;90;90m[48;2;180;178;181m▀[0m[38;2;0;0;0m[48;2;16;16;14m▀[0m[38;2;0;0;0m[48;2;0;0;0m▀[0m[38;2;0;0;0m[48;2;0;0;0m▀[0m[38;2;0;0;0m[48;2;0;0;0m▀[0m[38;2;0;0;0m[48;2;0;0;0m▀[0m[38;2;169;169;167m[48;2;0;0;0m▀[0m[38;2;247;247;247m[48;2;76;76;74m▀[0m[38;2;247;247;247m[48;2;247;247;247m▀[0m[38;2;247;247;247m[48;2;247;247;247m▀[0m[38;2;240;240;241m[48;2;219;219;217m▀[0m[38;2;240;240;242m[48;2;247;247;247m▀[0m[38;2;239;239;239m[48;2;242;242;240m▀[0m[38;2;239;241;241m[48;2;241;241;241m▀[0m[38;2;243;243;243m[48;2;242;242;242m▀[0m[38;2;244;244;244m[48;2;244;244;244m▀[0m[38;2;244;244;245m[48;2;244;244;244m▀[0m[38;2;244;244;244m[48;2;242;242;242m▀[0m[38;2;243;243;243m[48;2;241;241;241m▀[0m[38;2;242;242;242m[48;2;242;242;242m▀[0m[38;2;242;242;242m[48;2;241;241;241m▀[0m[38;2;242;242;242m[48;2;240;240;240m▀[0m[38;2;243;246;245m[48;2;239;239;239m▀[0m[38;2;247;247;247m[48;2;246;246;247m▀[0m[38;2;247;247;247m[48;2;247;247;247m▀[0m[38;2;247;247;247m[48;2;247;247;247m▀[0m[38;2;12;12;12m[48;2;87;87;85m▀[0m[38;2;0;0;0m[48;2;0;0;0m▀[0m[38;2;66;66;66m[48;2;0;0;0m▀[0m[38;2;247;247;247m[48;2;0;0;0m▀[0m
[38;2;246;244;247m[48;2;245;247;247m▀[0m[38;2;247;247;247m[48;2;237;237;237m▀[0m[38;2;242;245;242m[48;2;235;234;234m▀[0m[38;2;234;236;236m[48;2;227;229;227m▀[0m[38;2;232;232;232m[48;2;228;228;228m▀[0m[38;2;232;232;232m[48;2;228;228;228m▀[0m[38;2;233;233;233m[48;2;229;229;229m▀[0m[38;2;235;235;235m[48;2;230;232;232m▀[0m[38;2;237;237;237m[48;2;232;234;234m▀[0m[38;2;236;238;238m[48;2;233;235;235m▀[0m[38;2;240;240;240m[48;2;237;237;237m▀[0m[38;2;243;243;243m[48;2;237;237;241m▀[0m[38;2;240;240;242m[48;2;235;235;236m▀[0m[38;2;239;242;242m[48;2;238;238;238m▀[0m[38;2;245;245;245m[48;2;247;247;247m▀[0m[38;2;247;247;247m[48;2;222;222;222m▀[0m[38;2;194;196;196m[48;2;2;2;2m▀[0m[38;2;62;64;64m[48;2;0;0;0m▀[0m[38;2;0;0;0m[48;2;46;46;46m▀[0m[38;2;0;0;0m[48;2;0;0;0m▀[0m[38;2;0;0;0m[48;2;0;0;0m▀[0m[38;2;0;0;0m[48;2;0;0;0m▀[0m[38;2;0;0;0m[48;2;0;0;0m▀[0m[38;2;0;0;0m[48;2;0;0;0m▀[0m[38;2;0;0;0m[48;2;0;0;0m▀[0m[38;2;0;0;0m[48;2;0;0;0m▀[0m[38;2;86;86;86m[48;2;174;174;174m▀[0m[38;2;27;27;28m[48;2;0;0;0m▀[0m[38;2;0;0;0m[48;2;0;0;0m▀[0m[38;2;1;1;1m[48;2;0;0;0m▀[0m[38;2;76;78;80m[48;2;155;157;158m▀[0m[38;2;63;63;63m[48;2;19;19;21m▀[0m[38;2;2;2;2m[48;2;0;0;0m▀[0m[38;2;57;57;58m[48;2;2;1;1m▀[0m[38;2;0;0;0m[48;2;247;247;247m▀[0m[38;2;20;20;21m[48;2;247;247;247m▀[0m[38;2;81;83;83m[48;2;247;247;247m▀[0m[38;2;247;247;247m[48;2;247;247;247m▀[0m[38;2;0;0;0m[48;2;192;192;193m▀[0m[38;2;60;60;61m[48;2;74;76;76m▀[0m[38;2;0;0;0m[48;2;0;0;0m▀[0m[38;2;30;30;31m[48;2;0;0;0m▀[0m[38;2;193;195;197m[48;2;129;129;129m▀[0m[38;2;177;177;179m[48;2;6;9;8m▀[0m[38;2;45;48;54m[48;2;0;0;0m▀[0m[38;2;10;13;15m[48;2;0;0;0m▀[0m[38;2;116;118;118m[48;2;183;186;186m▀[0m[38;2;0;0;0m[48;2;13;16;16m▀[0m[38;2;0;0;0m[48;2;0;0;0m▀[0m[38;2;0;0;0m[48;2;0;0;0m▀[0m[38;2;0;0;0m[48;2;86;86;86m▀[0m[38;2;0;0;0m[48;2;46;48;48m▀[0m[38;2;0;0;0m[48;2;84;84;84m▀[0m[38;2;0;0;0m[48;2;0;0;0m▀[0m[38;2;0;0;0m[48;2;0;0;0m▀[0m[38;2;222;222;224m[48;2;0;0;0m▀[0m[38;2;198;198;196m[48;2;99;102;102m▀[0m[38;2;247;247;247m[48;2;208;208;205m▀[0m[38;2;247;247;247m[48;2;247;247;247m▀[0m[38;2;241;241;243m[48;2;247;247;247m▀[0m[38;2;240;240;240m[48;2;244;244;244m▀[0m[38;2;243;243;243m[48;2;240;244;244m▀[0m[38;2;243;243;243m[48;2;242;242;242m▀[0m[38;2;242;242;242m[48;2;241;241;241m▀[0m[38;2;241;241;241m[48;2;240;240;240m▀[0m[38;2;240;240;240m[48;2;238;240;240m▀[0m[38;2;240;240;240m[48;2;239;239;239m▀[0m[38;2;239;239;239m[48;2;237;237;237m▀[0m[38;2;238;238;238m[48;2;236;236;236m▀[0m[38;2;242;242;240m[48;2;235;235;235m▀[0m[38;2;247;247;247m[48;2;241;241;239m▀[0m[38;2;247;247;247m[48;2;247;247;247m▀[0m[38;2;247;247;247m[48;2;247;247;247m▀[0m[38;2;0;0;0m[48;2;120;120;117m▀[0m[38;2;0;0;0m[48;2;0;0;0m▀[0m[38;2;0;0;0m[48;2;0;0;0m▀[0m
[38;2;229;229;226m[48;2;227;227;227m▀[0m[38;2;227;228;225m[48;2;226;227;225m▀[0m[38;2;225;225;225m[48;2;223;219;219m▀[0m[38;2;225;225;225m[48;2;221;221;221m▀[0m[38;2;225;225;225m[48;2;221;223;221m▀[0m[38;2;221;221;221m[48;2;230;230;230m▀[0m[38;2;224;224;224m[48;2;225;225;225m▀[0m[38;2;228;228;228m[48;2;225;225;225m▀[0m[38;2;231;231;231m[48;2;227;227;227m▀[0m[38;2;230;232;232m[48;2;233;233;233m▀[0m[38;2;232;234;234m[48;2;233;234;230m▀[0m[38;2;235;238;238m[48;2;240;239;239m▀[0m[38;2;231;234;234m[48;2;233;236;235m▀[0m[38;2;247;247;247m[48;2;247;247;247m▀[0m[38;2;247;247;247m[48;2;109;109;109m▀[0m[38;2;21;21;18m[48;2;133;133;130m▀[0m[38;2;0;0;0m[48;2;213;217;214m▀[0m[38;2;116;115;115m[48;2;19;21;19m▀[0m[38;2;0;0;0m[48;2;0;0;0m▀[0m[38;2;0;0;0m[48;2;0;0;0m▀[0m[38;2;0;0;0m[48;2;87;85;88m▀[0m[38;2;0;0;0m[48;2;247;247;247m▀[0m[38;2;21;21;21m[48;2;247;247;247m▀[0m[38;2;81;80;80m[48;2;247;247;247m▀[0m[38;2;132;132;132m[48;2;247;247;247m▀[0m[38;2;247;247;247m[48;2;247;247;247m▀[0m[38;2;91;94;94m[48;2;0;0;0m▀[0m[38;2;0;0;0m[48;2;0;0;0m▀[0m[38;2;0;0;0m[48;2;0;0;0m▀[0m[38;2;0;0;0m[48;2;13;13;15m▀[0m[38;2;228;231;231m[48;2;247;247;247m▀[0m[38;2;0;0;0m[48;2;0;0;0m▀[0m[38;2;0;0;0m[48;2;0;0;0m▀[0m[38;2;0;0;0m[48;2;0;0;0m▀[0m[38;2;192;194;194m[48;2;156;155;155m▀[0m[38;2;247;247;247m[48;2;247;247;247m▀[0m[38;2;247;247;247m[48;2;223;225;226m▀[0m[38;2;247;247;247m[48;2;247;247;247m▀[0m[38;2;247;247;247m[48;2;232;234;234m▀[0m[38;2;0;0;0m[48;2;0;0;0m▀[0m[38;2;0;0;0m[48;2;0;0;0m▀[0m[38;2;0;0;0m[48;2;0;0;0m▀[0m[38;2;114;114;112m[48;2;129;129;129m▀[0m[38;2;0;0;0m[48;2;77;80;80m▀[0m[38;2;0;0;0m[48;2;0;0;0m▀[0m[38;2;0;0;0m[48;2;0;0;0m▀[0m[38;2;35;38;38m[48;2;0;0;0m▀[0m[38;2;247;247;247m[48;2;247;247;247m▀[0m[38;2;157;157;159m[48;2;247;247;247m▀[0m[38;2;114;117;114m[48;2;247;247;247m▀[0m[38;2;125;128;127m[48;2;247;247;247m▀[0m[38;2;64;63;65m[48;2;10;10;11m▀[0m[38;2;154;154;154m[48;2;0;0;0m▀[0m[38;2;25;25;27m[48;2;0;0;0m▀[0m[38;2;0;0;0m[48;2;0;0;0m▀[0m[38;2;0;0;0m[48;2;0;0;0m▀[0m[38;2;0;0;0m[48;2;80;77;77m▀[0m[38;2;64;66;66m[48;2;0;0;0m▀[0m[38;2;247;247;247m[48;2;129;129;129m▀[0m[38;2;247;247;247m[48;2;247;247;247m▀[0m[38;2;247;247;247m[48;2;247;247;247m▀[0m[38;2;241;241;243m[48;2;243;243;243m▀[0m[38;2;240;240;240m[48;2;236;238;238m▀[0m[38;2;240;240;240m[48;2;239;239;239m▀[0m[38;2;239;239;239m[48;2;238;238;238m▀[0m[38;2;238;238;239m[48;2;237;237;237m▀[0m[38;2;237;237;237m[48;2;235;235;235m▀[0m[38;2;235;235;235m[48;2;233;233;233m▀[0m[38;2;232;234;232m[48;2;228;228;228m▀[0m[38;2;231;231;231m[48;2;227;227;227m▀[0m[38;2;229;229;229m[48;2;226;226;226m▀[0m[38;2;237;236;236m[48;2;229;229;229m▀[0m[38;2;247;247;247m[48;2;239;239;239m▀[0m[38;2;247;247;247m[48;2;247;247;247m▀[0m[38;2;0;0;0m[48;2;175;174;174m▀[0m[38;2;0;0;0m[48;2;185;185;185m▀[0m
[38;2;247;247;247m[48;2;157;157;155m▀[0m[38;2;247;247;247m[48;2;168;167;165m▀[0m[38;2;245;245;245m[48;2;212;213;210m▀[0m[38;2;224;226;228m[48;2;247;247;247m▀[0m[38;2;236;239;239m[48;2;242;244;244m▀[0m[38;2;247;247;247m[48;2;235;238;235m▀[0m[38;2;223;223;223m[48;2;223;220;220m▀[0m[38;2;222;222;222m[48;2;237;236;237m▀[0m[38;2;234;231;234m[48;2;203;203;205m▀[0m[38;2;212;212;212m[48;2;212;212;212m▀[0m[38;2;234;237;233m[48;2;247;247;247m▀[0m[38;2;241;237;240m[48;2;247;247;247m▀[0m[38;2;247;247;247m[48;2;247;247;247m▀[0m[38;2;197;197;199m[48;2;89;90;87m▀[0m[38;2;97;96;96m[48;2;247;247;247m▀[0m[38;2;247;247;247m[48;2;247;247;247m▀[0m[38;2;152;154;154m[48;2;0;0;0m▀[0m[38;2;0;0;0m[48;2;0;0;0m▀[0m[38;2;0;0;0m[48;2;0;0;0m▀[0m[38;2;0;0;0m[48;2;0;0;0m▀[0m[38;2;13;15;15m[48;2;0;0;0m▀[0m[38;2;144;151;151m[48;2;0;0;0m▀[0m[38;2;181;192;192m[48;2;0;0;0m▀[0m[38;2;161;165;165m[48;2;85;83;86m▀[0m[38;2;244;244;245m[48;2;119;119;119m▀[0m[38;2;197;200;199m[48;2;0;0;0m▀[0m[38;2;0;0;0m[48;2;0;0;0m▀[0m[38;2;0;0;0m[48;2;0;0;0m▀[0m[38;2;0;0;0m[48;2;0;0;0m▀[0m[38;2;87;87;87m[48;2;199;202;203m▀[0m[38;2;212;212;212m[48;2;12;12;10m▀[0m[38;2;0;0;0m[48;2;0;0;0m▀[0m[38;2;0;0;0m[48;2;6;6;6m▀[0m[38;2;2;4;4m[48;2;35;35;35m▀[0m[38;2;104;108;111m[48;2;0;2;2m▀[0m[38;2;247;247;247m[48;2;247;247;247m▀[0m[38;2;247;247;247m[48;2;247;247;247m▀[0m[38;2;247;247;247m[48;2;247;247;247m▀[0m[38;2;247;247;247m[48;2;159;164;167m▀[0m[38;2;0;0;0m[48;2;0;0;0m▀[0m[38;2;0;0;0m[48;2;96;98;98m▀[0m[38;2;0;0;0m[48;2;0;0;0m▀[0m[38;2;132;132;134m[48;2;60;63;63m▀[0m[38;2;164;164;164m[48;2;138;141;143m▀[0m[38;2;0;0;0m[48;2;0;0;0m▀[0m[38;2;0;0;0m[48;2;16;19;19m▀[0m[38;2;0;0;0m[48;2;0;0;0m▀[0m[38;2;124;127;124m[48;2;0;0;0m▀[0m[38;2;247;247;247m[48;2;135;138;137m▀[0m[38;2;158;158;162m[48;2;122;125;125m▀[0m[38;2;91;91;95m[48;2;0;0;0m▀[0m[38;2;0;0;0m[48;2;0;0;0m▀[0m[38;2;0;0;0m[48;2;0;0;0m▀[0m[38;2;0;0;0m[48;2;0;0;0m▀[0m[38;2;0;0;0m[48;2;0;0;0m▀[0m[38;2;0;0;0m[48;2;0;0;0m▀[0m[38;2;32;32;32m[48;2;0;0;0m▀[0m[38;2;93;87;87m[48;2;82;79;79m▀[0m[38;2;0;0;0m[48;2;200;197;197m▀[0m[38;2;236;236;236m[48;2;118;118;118m▀[0m[38;2;247;247;247m[48;2;247;247;247m▀[0m[38;2;242;242;244m[48;2;247;247;247m▀[0m[38;2;240;240;240m[48;2;246;246;246m▀[0m[38;2;240;243;242m[48;2;238;238;236m▀[0m[38;2;238;238;239m[48;2;241;241;239m▀[0m[38;2;234;234;234m[48;2;232;232;234m▀[0m[38;2;230;230;230m[48;2;226;226;226m▀[0m[38;2;231;231;231m[48;2;226;226;226m▀[0m[38;2;223;220;220m[48;2;247;247;247m▀[0m[38;2;224;224;222m[48;2;231;231;231m▀[0m[38;2;224;224;222m[48;2;231;230;231m▀[0m[38;2;226;226;226m[48;2;240;243;243m▀[0m[38;2;235;236;233m[48;2;247;247;247m▀[0m[38;2;247;247;247m[48;2;247;247;247m▀[0m[38;2;247;247;247m[48;2;247;247;247m▀[0m[38;2;0;0;0m[48;2;20;22;22m▀[0m
[38;2;53;53;53m[48;2;83;83;84m▀[0m[38;2;56;54;51m[48;2;86;83;83m▀[0m[38;2;67;65;63m[48;2;68;66;64m▀[0m[38;2;147;148;145m[48;2;55;54;52m▀[0m[38;2;242;244;246m[48;2;163;162;162m▀[0m[38;2;237;237;239m[48;2;247;247;247m▀[0m[38;2;242;242;242m[48;2;247;247;247m▀[0m[38;2;215;217;218m[48;2;114;113;111m▀[0m[38;2;159;159;159m[48;2;180;177;180m▀[0m[38;2;247;247;247m[48;2;247;247;247m▀[0m[38;2;247;247;247m[48;2;247;247;247m▀[0m[38;2;247;247;247m[48;2;107;110;109m▀[0m[38;2;97;98;98m[48;2;19;20;17m▀[0m[38;2;167;168;165m[48;2;55;57;57m▀[0m[38;2;225;223;226m[48;2;0;0;0m▀[0m[38;2;0;0;0m[48;2;0;0;0m▀[0m[38;2;0;0;0m[48;2;0;0;0m▀[0m[38;2;0;0;0m[48;2;0;0;0m▀[0m[38;2;0;0;0m[48;2;50;50;50m▀[0m[38;2;0;0;0m[48;2;105;105;105m▀[0m[38;2;0;0;0m[48;2;162;162;162m▀[0m[38;2;0;0;0m[48;2;0;0;0m▀[0m[38;2;0;0;0m[48;2;0;0;0m▀[0m[38;2;0;0;0m[48;2;0;0;0m▀[0m[38;2;0;0;0m[48;2;27;27;27m▀[0m[38;2;4;7;6m[48;2;33;33;33m▀[0m[38;2;0;0;0m[48;2;226;226;226m▀[0m[38;2;0;0;0m[48;2;100;100;100m▀[0m[38;2;0;0;0m[48;2;0;0;0m▀[0m[38;2;61;69;76m[48;2;24;26;30m▀[0m[38;2;0;0;0m[48;2;0;0;0m▀[0m[38;2;1;4;4m[48;2;0;0;0m▀[0m[38;2;0;0;0m[48;2;1;1;1m▀[0m[38;2;0;0;0m[48;2;0;0;0m▀[0m[38;2;0;0;0m[48;2;0;0;0m▀[0m[38;2;247;247;247m[48;2;150;153;152m▀[0m[38;2;194;193;195m[48;2;247;247;247m▀[0m[38;2;211;211;211m[48;2;224;224;224m▀[0m[38;2;61;64;64m[48;2;0;0;0m▀[0m[38;2;0;0;0m[48;2;0;0;0m▀[0m[38;2;59;59;59m[48;2;0;1;2m▀[0m[38;2;0;0;0m[48;2;15;15;15m▀[0m[38;2;0;0;0m[48;2;0;0;0m▀[0m[38;2;50;50;50m[48;2;109;112;112m▀[0m[38;2;0;0;0m[48;2;25;24;24m▀[0m[38;2;0;0;0m[48;2;68;71;76m▀[0m[38;2;17;20;20m[48;2;47;50;49m▀[0m[38;2;47;47;47m[48;2;85;85;85m▀[0m[38;2;4;4;2m[48;2;53;51;54m▀[0m[38;2;0;0;0m[48;2;0;0;0m▀[0m[38;2;0;0;0m[48;2;0;0;0m▀[0m[38;2;0;0;0m[48;2;0;0;0m▀[0m[38;2;0;0;0m[48;2;103;103;103m▀[0m[38;2;0;0;0m[48;2;3;3;3m▀[0m[38;2;0;0;0m[48;2;0;0;0m▀[0m[38;2;0;0;0m[48;2;0;0;0m▀[0m[38;2;0;0;0m[48;2;0;0;0m▀[0m[38;2;0;0;0m[48;2;0;0;0m▀[0m[38;2;247;247;247m[48;2;31;31;31m▀[0m[38;2;218;218;218m[48;2;247;247;247m▀[0m[38;2;162;162;162m[48;2;136;136;136m▀[0m[38;2;247;247;247m[48;2;247;247;247m▀[0m[38;2;247;247;247m[48;2;247;247;247m▀[0m[38;2;233;233;233m[48;2;247;247;247m▀[0m[38;2;202;202;202m[48;2;165;165;165m▀[0m[38;2;246;246;246m[48;2;191;191;188m▀[0m[38;2;230;230;230m[48;2;247;247;247m▀[0m[38;2;226;226;226m[48;2;233;236;236m▀[0m[38;2;247;247;247m[48;2;240;240;240m▀[0m[38;2;247;247;247m[48;2;202;202;199m▀[0m[38;2;240;239;240m[48;2;134;133;134m▀[0m[38;2;215;218;218m[48;2;86;85;82m▀[0m[38;2;182;181;181m[48;2;61;61;61m▀[0m[38;2;194;194;194m[48;2;56;56;56m▀[0m[38;2;181;181;183m[48;2;94;94;94m▀[0m[38;2;30;32;32m[48;2;43;42;42m▀[0m
[38;2;97;97;97m[48;2;75;75;77m▀[0m[38;2;93;93;93m[48;2;96;97;97m▀[0m[38;2;91;92;89m[48;2;92;91;91m▀[0m[38;2;74;75;71m[48;2;85;87;85m▀[0m[38;2;78;79;76m[48;2;70;72;72m▀[0m[38;2;196;196;196m[48;2;76;73;73m▀[0m[38;2;189;189;189m[48;2;70;70;70m▀[0m[38;2;66;66;66m[48;2;70;70;70m▀[0m[38;2;98;98;98m[48;2;69;69;69m▀[0m[38;2;110;110;111m[48;2;7;7;7m▀[0m[38;2;3;5;5m[48;2;0;0;0m▀[0m[38;2;0;0;0m[48;2;0;0;0m▀[0m[38;2;0;0;0m[48;2;0;0;0m▀[0m[38;2;0;0;0m[48;2;18;16;19m▀[0m[38;2;0;0;0m[48;2;97;99;101m▀[0m[38;2;128;127;127m[48;2;110;112;112m▀[0m[38;2;247;247;247m[48;2;123;125;125m▀[0m[38;2;247;247;247m[48;2;247;247;247m▀[0m[38;2;247;247;247m[48;2;247;247;247m▀[0m[38;2;247;247;247m[48;2;247;247;247m▀[0m[38;2;150;153;153m[48;2;239;239;239m▀[0m[38;2;0;0;0m[48;2;247;247;247m▀[0m[38;2;97;97;97m[48;2;55;55;55m▀[0m[38;2;0;0;0m[48;2;0;0;0m▀[0m[38;2;0;0;0m[48;2;0;0;0m▀[0m[38;2;101;101;101m[48;2;0;0;0m▀[0m[38;2;116;119;119m[48;2;0;0;0m▀[0m[38;2;0;0;0m[48;2;4;4;6m▀[0m[38;2;81;85;88m[48;2;0;0;0m▀[0m[38;2;168;170;170m[48;2;0;0;0m▀[0m[38;2;0;0;0m[48;2;4;3;3m▀[0m[38;2;0;0;0m[48;2;204;204;204m▀[0m[38;2;0;0;0m[48;2;247;247;247m▀[0m[38;2;0;0;0m[48;2;247;247;247m▀[0m[38;2;0;0;0m[48;2;222;222;222m▀[0m[38;2;0;0;0m[48;2;32;32;32m▀[0m[38;2;111;113;113m[48;2;247;247;247m▀[0m[38;2;19;19;17m[48;2;0;0;0m▀[0m[38;2;0;0;0m[48;2;0;0;0m▀[0m[38;2;0;0;0m[48;2;208;208;208m▀[0m[38;2;0;0;0m[48;2;247;247;247m▀[0m[38;2;0;0;0m[48;2;171;174;171m▀[0m[38;2;0;0;0m[48;2;0;0;0m▀[0m[38;2;114;114;114m[48;2;9;9;9m▀[0m[38;2;39;39;36m[48;2;89;87;93m▀[0m[38;2;16;19;21m[48;2;42;44;48m▀[0m[38;2;176;182;183m[48;2;0;0;0m▀[0m[38;2;79;82;82m[48;2;0;0;0m▀[0m[38;2;0;0;0m[48;2;0;0;0m▀[0m[38;2;0;0;0m[48;2;0;0;0m▀[0m[38;2;104;104;104m[48;2;83;83;85m▀[0m[38;2;0;0;0m[48;2;247;247;247m▀[0m[38;2;226;226;224m[48;2;226;226;224m▀[0m[38;2;247;247;247m[48;2;240;240;240m▀[0m[38;2;157;157;157m[48;2;197;197;197m▀[0m[38;2;34;34;34m[48;2;209;209;206m▀[0m[38;2;0;0;0m[48;2;145;145;142m▀[0m[38;2;0;0;0m[48;2;68;68;68m▀[0m[38;2;0;0;0m[48;2;0;0;0m▀[0m[38;2;25;28;28m[48;2;0;0;0m▀[0m[38;2;163;161;163m[48;2;0;0;0m▀[0m[38;2;56;56;53m[48;2;4;1;1m▀[0m[38;2;231;231;231m[48;2;0;0;0m▀[0m[38;2;247;247;247m[48;2;106;106;107m▀[0m[38;2;247;247;247m[48;2;214;214;214m▀[0m[38;2;76;76;73m[48;2;50;49;49m▀[0m[38;2;223;225;225m[48;2;75;75;75m▀[0m[38;2;247;247;247m[48;2;240;240;240m▀[0m[38;2;208;208;205m[48;2;122;122;119m▀[0m[38;2;93;93;90m[48;2;49;49;49m▀[0m[38;2;60;60;58m[48;2;79;79;79m▀[0m[38;2;70;70;67m[48;2;91;88;90m▀[0m[38;2;76;76;76m[48;2;92;92;89m▀[0m[38;2;82;82;82m[48;2;91;91;88m▀[0m[38;2;44;44;44m[48;2;27;27;27m▀[0m[38;2;186;189;189m[48;2;247;247;247m▀[0m
