[38;2;177;163;105m[48;2;7;7;2m▀[0m[38;2;0;0;0m[48;2;102;98;66m▀[0m[38;2;0;0;0m[48;2;192;186;123m▀[0m[38;2;109;105;66m[48;2;133;129;82m▀[0m[38;2;237;222;137m[48;2;0;0;0m▀[0m[38;2;102;96;58m[48;2;0;0;0m▀[0m[38;2;0;0;0m[48;2;0;0;0m▀[0m[38;2;0;0;0m[48;2;0;0;0m▀[0m[38;2;0;0;0m[48;2;0;0;0m▀[0m[38;2;0;0;0m[48;2;0;0;0m▀[0m[38;2;187;198;218m[48;2;0;0;16m▀[0m[38;2;255;255;233m[48;2;255;255;255m▀[0m[38;2;255;236;131m[48;2;255;255;145m▀[0m[38;2;255;254;151m[48;2;255;247;142m▀[0m[38;2;164;152;108m[48;2;255;251;149m▀[0m[38;2;153;138;108m[48;2;84;79;70m▀[0m[38;2;236;198;103m[48;2;217;212;220m▀[0m[38;2;249;219;125m[48;2;255;234;142m▀[0m[38;2;244;217;139m[48;2;255;239;147m▀[0m[38;2;218;197;136m[48;2;248;221;143m▀[0m[38;2;192;183;138m[48;2;214;203;149m▀[0m[38;2;190;177;142m[48;2;205;193;147m▀[0m[38;2;197;182;153m[48;2;249;231;182m▀[0m[38;2;227;213;178m[48;2;208;198;160m▀[0m[38;2;248;234;201m[48;2;22;21;18m▀[0m[38;2;108;100;88m[48;2;0;0;0m▀[0m[38;2;0;0;0m[48;2;0;0;0m▀[0m[38;2;0;0;0m[48;2;185;186;160m▀[0m[38;2;178;180;166m[48;2;160;159;147m▀[0m[38;2;146;151;150m[48;2;68;68;64m▀[0m[38;2;89;93;93m[48;2;141;138;122m▀[0m[38;2;133;132;125m[48;2;166;162;142m▀[0m[38;2;147;149;132m[48;2;151;147;130m▀[0m[38;2;141;141;132m[48;2;142;142;129m▀[0m[38;2;138;139;131m[48;2;140;141;129m▀[0m[38;2;132;133;127m[48;2;139;139;131m▀[0m[38;2;128;131;128m[48;2;136;137;129m▀[0m[38;2;130;130;128m[48;2;130;136;123m▀[0m[38;2;132;132;127m[48;2;131;131;126m▀[0m[38;2;133;133;128m[48;2;136;135;129m▀[0m[38;2;135;130;129m[48;2;136;136;128m▀[0m[38;2;136;133;128m[48;2;138;139;128m▀[0m[38;2;139;139;130m[48;2;140;141;126m▀[0m[38;2;143;142;129m[48;2;143;143;126m▀[0m[38;2;143;145;128m[48;2;149;144;128m▀[0m[38;2;118;118;115m[48;2;143;145;127m▀[0m[38;2;132;131;124m[48;2;109;108;98m▀[0m[38;2;183;182;172m[48;2;118;117;111m▀[0m[38;2;111;112;108m[48;2;207;204;189m▀[0m[38;2;0;0;0m[48;2;105;98;95m▀[0m[38;2;15;15;15m[48;2;0;0;0m▀[0m[38;2;198;197;176m[48;2;0;0;0m▀[0m[38;2;230;214;187m[48;2;152;149;127m▀[0m[38;2;191;174;149m[48;2;241;228;192m▀[0m[38;2;180;173;137m[48;2;206;192;159m▀[0m[38;2;180;172;131m[48;2;197;184;136m▀[0m[38;2;201;184;135m[48;2;226;207;135m▀[0m[38;2;214;191;130m[48;2;168;153;110m▀[0m[38;2;69;76;89m[48;2;82;101;147m▀[0m[38;2;195;191;181m[48;2;179;170;135m▀[0m[38;2;199;179;132m[48;2;230;199;139m▀[0m[38;2;204;182;135m[48;2;231;208;132m▀[0m[38;2;223;195;131m[48;2;253;224;136m▀[0m[38;2;236;214;136m[48;2;255;232;140m▀[0m[38;2;247;218;117m[48;2;255;255;150m▀[0m[38;2;255;255;255m[48;2;255;255;255m▀[0m[38;2;187;194;212m[48;2;0;0;0m▀[0m[38;2;0;0;0m[48;2;0;0;0m▀[0m[38;2;0;0;0m[48;2;0;0;0m▀[0m[38;2;0;0;0m[48;2;0;0;0m▀[0m[38;2;0;0;2m[48;2;0;0;1m▀[0m[38;2;0;0;0m[48;2;0;0;0m▀[0m[38;2;72;70;47m[48;2;0;0;0m▀[0m[38;2;157;152;96m[48;2;19;18;10m▀[0m[38;2;42;38;23m[48;2;150;139;84m▀[0m[38;2;0;0;0m[48;2;165;153;92m▀[0m
[38;2;181;171;110m[48;2;0;0;0m▀[0m[38;2;104;100;66m[48;2;0;0;0m▀[0m[38;2;0;0;0m[48;2;0;0;0m▀[0m[38;2;0;0;0m[48;2;0;0;0m▀[0m[38;2;0;0;0m[48;2;0;0;0m▀[0m[38;2;0;0;0m[48;2;0;0;1m▀[0m[38;2;0;0;0m[48;2;1;1;2m▀[0m[38;2;0;0;0m[48;2;1;1;1m▀[0m[38;2;0;0;0m[48;2;0;0;0m▀[0m[38;2;0;0;0m[48;2;0;0;0m▀[0m[38;2;0;0;0m[48;2;0;0;0m▀[0m[38;2;69;74;108m[48;2;0;0;0m▀[0m[38;2;255;255;255m[48;2;70;78;112m▀[0m[38;2;255;255;149m[48;2;227;220;182m▀[0m[38;2;255;255;154m[48;2;255;255;203m▀[0m[38;2;206;187;96m[48;2;255;255;209m▀[0m[38;2;83;96;140m[48;2;137;118;29m▀[0m[38;2;85;88;84m[48;2;0;0;0m▀[0m[38;2;255;236;127m[48;2;255;255;186m▀[0m[38;2;255;244;149m[48;2;255;255;199m▀[0m[38;2;255;240;158m[48;2;255;255;185m▀[0m[38;2;255;255;186m[48;2;83;78;60m▀[0m[38;2;151;142;113m[48;2;0;0;0m▀[0m[38;2;0;0;0m[48;2;0;0;0m▀[0m[38;2;0;0;0m[48;2;0;0;0m▀[0m[38;2;0;0;0m[48;2;212;203;160m▀[0m[38;2;192;189;158m[48;2;210;208;160m▀[0m[38;2;162;158;137m[48;2;72;73;64m▀[0m[38;2;57;59;46m[48;2;165;157;128m▀[0m[38;2;146;143;116m[48;2;176;171;138m▀[0m[38;2;168;166;140m[48;2;158;154;130m▀[0m[38;2;158;154;133m[48;2;163;154;129m▀[0m[38;2;158;153;133m[48;2;153;150;126m▀[0m[38;2;150;146;129m[48;2;149;147;131m▀[0m[38;2;147;144;128m[48;2;149;145;129m▀[0m[38;2;143;144;132m[48;2;145;144;128m▀[0m[38;2;142;143;131m[48;2;144;143;128m▀[0m[38;2;141;141;129m[48;2;143;142;129m▀[0m[38;2;139;138;130m[48;2;142;140;128m▀[0m[38;2;138;137;130m[48;2;143;142;129m▀[0m[38;2;140;140;131m[48;2;145;144;129m▀[0m[38;2;141;142;127m[48;2;149;145;129m▀[0m[38;2;142;142;127m[48;2;147;146;127m▀[0m[38;2;145;145;128m[48;2;149;147;128m▀[0m[38;2;145;145;128m[48;2;149;149;128m▀[0m[38;2;153;149;132m[48;2;147;149;128m▀[0m[38;2;168;164;140m[48;2;159;156;130m▀[0m[38;2;111;110;92m[48;2;168;164;138m▀[0m[38;2;124;125;110m[48;2;108;109;91m▀[0m[38;2;225;220;192m[48;2;173;168;138m▀[0m[38;2;92;88;84m[48;2;241;233;192m▀[0m[38;2;0;0;0m[48;2;65;64;62m▀[0m[38;2;0;0;0m[48;2;0;0;0m▀[0m[38;2;86;83;68m[48;2;0;0;0m▀[0m[38;2;250;238;180m[48;2;12;12;6m▀[0m[38;2;248;227;165m[48;2;240;226;154m▀[0m[38;2;252;227;150m[48;2;255;255;199m▀[0m[38;2;139;128;91m[48;2;255;245;157m▀[0m[38;2;23;25;35m[48;2;255;230;129m▀[0m[38;2;251;226;141m[48;2;255;239;131m▀[0m[38;2;255;225;138m[48;2;255;228;122m▀[0m[38;2;255;230;136m[48;2;255;248;131m▀[0m[38;2;255;231;131m[48;2;255;255;157m▀[0m[38;2;255;246;114m[48;2;255;255;221m▀[0m[38;2;255;255;255m[48;2;122;133;157m▀[0m[38;2;44;52;88m[48;2;0;0;0m▀[0m[38;2;0;0;0m[48;2;0;0;0m▀[0m[38;2;0;0;0m[48;2;0;0;0m▀[0m[38;2;0;0;0m[48;2;0;0;0m▀[0m[38;2;0;1;1m[48;2;0;1;1m▀[0m[38;2;0;0;0m[48;2;0;1;1m▀[0m[38;2;0;0;0m[48;2;1;1;1m▀[0m[38;2;0;0;0m[48;2;0;0;0m▀[0m[38;2;0;0;0m[48;2;0;0;0m▀[0m[38;2;0;0;0m[48;2;0;0;0m▀[0m[38;2;35;35;20m[48;2;0;0;0m▀[0m
[38;2;0;1;1m[48;2;0;0;0m▀[0m[38;2;0;0;0m[48;2;0;0;1m▀[0m[38;2;0;0;0m[48;2;1;1;1m▀[0m[38;2;0;0;2m[48;2;1;1;1m▀[0m[38;2;0;1;1m[48;2;0;1;1m▀[0m[38;2;1;1;1m[48;2;1;1;1m▀[0m[38;2;2;2;2m[48;2;1;1;1m▀[0m[38;2;1;1;1m[48;2;2;2;2m▀[0m[38;2;0;0;0m[48;2;0;0;0m▀[0m[38;2;0;0;0m[48;2;0;0;0m▀[0m[38;2;0;0;0m[48;2;0;0;0m▀[0m[38;2;76;78;83m[48;2;255;255;255m▀[0m[38;2;255;255;255m[48;2;255;255;255m▀[0m[38;2;0;0;34m[48;2;224;226;232m▀[0m[38;2;62;59;70m[48;2;238;244;255m▀[0m[38;2;206;192;151m[48;2;102;110;133m▀[0m[38;2;255;255;255m[48;2;0;0;0m▀[0m[38;2;255;255;255m[48;2;0;0;0m▀[0m[38;2;255;255;255m[48;2;0;0;0m▀[0m[38;2;187;174;140m[48;2;0;0;0m▀[0m[38;2;0;0;0m[48;2;0;0;0m▀[0m[38;2;0;0;0m[48;2;0;0;0m▀[0m[38;2;0;0;0m[48;2;0;0;0m▀[0m[38;2;0;0;0m[48;2;216;203;158m▀[0m[38;2;208;199;157m[48;2;255;255;186m▀[0m[38;2;255;249;183m[48;2;199;187;143m▀[0m[38;2;138;133;112m[48;2;140;135;110m▀[0m[38;2;166;157;127m[48;2;194;182;137m▀[0m[38;2;187;180;142m[48;2;174;166;137m▀[0m[38;2;164;158;133m[48;2;167;156;131m▀[0m[38;2;157;158;133m[48;2;159;155;131m▀[0m[38;2;155;152;130m[48;2;154;152;129m▀[0m[38;2;153;149;128m[48;2;153;149;130m▀[0m[38;2;151;146;128m[48;2;147;146;130m▀[0m[38;2;149;147;130m[48;2;146;145;130m▀[0m[38;2;146;145;130m[48;2;146;146;131m▀[0m[38;2;147;145;131m[48;2;147;150;131m▀[0m[38;2;147;146;129m[48;2;154;151;131m▀[0m[38;2;146;145;128m[48;2;154;151;130m▀[0m[38;2;146;145;128m[48;2;147;146;127m▀[0m[38;2;150;145;127m[48;2;149;145;128m▀[0m[38;2;151;147;130m[48;2;153;146;127m▀[0m[38;2;155;152;128m[48;2;158;150;127m▀[0m[38;2;158;153;128m[48;2;159;151;126m▀[0m[38;2;154;151;129m[48;2;151;152;127m▀[0m[38;2;153;150;129m[48;2;155;151;135m▀[0m[38;2;164;155;128m[48;2;169;153;137m▀[0m[38;2;179;168;136m[48;2;174;162;135m▀[0m[38;2;153;147;124m[48;2;178;170;132m▀[0m[38;2;125;122;105m[48;2;116;115;99m▀[0m[38;2;206;194;153m[48;2;154;152;123m▀[0m[38;2;247;235;186m[48;2;234;220;163m▀[0m[38;2;39;38;36m[48;2;251;237;182m▀[0m[38;2;0;0;0m[48;2;43;42;32m▀[0m[38;2;0;0;0m[48;2;0;0;0m▀[0m[38;2;0;0;0m[48;2;0;0;0m▀[0m[38;2;146;138;91m[48;2;0;0;0m▀[0m[38;2;255;255;172m[48;2;0;0;0m▀[0m[38;2;255;255;182m[48;2;47;47;38m▀[0m[38;2;255;255;164m[48;2;66;70;62m▀[0m[38;2;255;255;198m[48;2;0;0;10m▀[0m[38;2;254;238;168m[48;2;37;45;74m▀[0m[38;2;153;149;133m[48;2;51;56;77m▀[0m[38;2;98;103;135m[48;2;255;255;255m▀[0m[38;2;255;255;255m[48;2;255;255;255m▀[0m[38;2;27;30;34m[48;2;8;10;10m▀[0m[38;2;0;0;0m[48;2;0;0;0m▀[0m[38;2;0;0;0m[48;2;0;0;0m▀[0m[38;2;0;1;1m[48;2;1;1;1m▀[0m[38;2;0;2;2m[48;2;0;2;2m▀[0m[38;2;0;2;2m[48;2;0;2;0m▀[0m[38;2;0;2;2m[48;2;0;2;2m▀[0m[38;2;1;1;1m[48;2;1;1;1m▀[0m[38;2;1;1;1m[48;2;1;1;1m▀[0m[38;2;0;0;1m[48;2;1;1;1m▀[0m[38;2;0;0;0m[48;2;1;1;1m▀[0m
[38;2;0;0;0m[48;2;0;0;0m▀[0m[38;2;0;0;0m[48;2;0;0;0m▀[0m[38;2;1;1;2m[48;2;0;0;0m▀[0m[38;2;1;1;1m[48;2;1;1;2m▀[0m[38;2;1;1;1m[48;2;1;1;2m▀[0m[38;2;1;1;2m[48;2;1;1;2m▀[0m[38;2;1;1;1m[48;2;1;1;1m▀[0m[38;2;1;1;1m[48;2;0;2;2m▀[0m[38;2;0;0;0m[48;2;0;0;0m▀[0m[38;2;0;0;0m[48;2;0;0;0m▀[0m[38;2;0;0;0m[48;2;0;0;0m▀[0m[38;2;219;219;221m[48;2;56;52;59m▀[0m[38;2;255;255;255m[48;2;255;255;255m▀[0m[38;2;255;255;255m[48;2;255;255;255m▀[0m[38;2;255;255;255m[48;2;255;255;255m▀[0m[38;2;255;255;255m[48;2;0;0;0m▀[0m[38;2;0;0;0m[48;2;0;0;0m▀[0m[38;2;0;0;0m[48;2;15;19;18m▀[0m[38;2;0;5;6m[48;2;57;63;60m▀[0m[38;2;0;0;0m[48;2;0;0;0m▀[0m[38;2;0;0;0m[48;2;0;0;0m▀[0m[38;2;0;0;0m[48;2;255;245;179m▀[0m[38;2;241;225;174m[48;2;255;252;177m▀[0m[38;2;255;255;185m[48;2;252;232;166m▀[0m[38;2;244;225;159m[48;2;157;149;112m▀[0m[38;2;119;109;91m[48;2;66;59;55m▀[0m[38;2;163;153;122m[48;2;205;193;153m▀[0m[38;2;190;183;142m[48;2;174;169;140m▀[0m[38;2;169;164;136m[48;2;185;172;145m▀[0m[38;2;172;159;133m[48;2;181;171;143m▀[0m[38;2;164;158;128m[48;2;154;153;131m▀[0m[38;2;155;152;130m[48;2;157;154;139m▀[0m[38;2;154;156;136m[48;2;146;142;127m▀[0m[38;2;163;164;145m[48;2;108;108;99m▀[0m[38;2;162;163;146m[48;2;102;103;91m▀[0m[38;2;169;168;149m[48;2;108;106;100m▀[0m[38;2;163;164;142m[48;2;131;130;119m▀[0m[38;2;143;144;127m[48;2;183;183;170m▀[0m[38;2;144;139;120m[48;2;204;205;190m▀[0m[38;2;151;149;126m[48;2;166;165;147m▀[0m[38;2;163;162;140m[48;2;141;142;129m▀[0m[38;2;169;166;142m[48;2;128;127;117m▀[0m[38;2;168;164;143m[48;2;113;112;101m▀[0m[38;2;169;169;147m[48;2;92;93;87m▀[0m[38;2;172;169;145m[48;2;116;119;111m▀[0m[38;2;162;156;141m[48;2;155;152;136m▀[0m[38;2;165;154;137m[48;2;191;180;152m▀[0m[38;2;174;165;131m[48;2;198;184;147m▀[0m[38;2;183;168;128m[48;2;184;168;138m▀[0m[38;2;179;166;133m[48;2;189;179;139m▀[0m[38;2;136;135;115m[48;2;145;143;114m▀[0m[38;2;206;195;147m[48;2;149;149;116m▀[0m[38;2;232;214;157m[48;2;233;222;166m▀[0m[38;2;255;249;189m[48;2;238;217;163m▀[0m[38;2;61;58;43m[48;2;255;255;190m▀[0m[38;2;0;0;0m[48;2;78;74;52m▀[0m[38;2;0;0;0m[48;2;0;0;0m▀[0m[38;2;2;7;24m[48;2;47;52;62m▀[0m[38;2;0;0;0m[48;2;2;6;10m▀[0m[38;2;255;255;255m[48;2;76;76;74m▀[0m[38;2;165;168;173m[48;2;178;178;179m▀[0m[38;2;251;255;255m[48;2;0;0;0m▀[0m[38;2;255;255;255m[48;2;255;255;255m▀[0m[38;2;179;183;184m[48;2;255;255;255m▀[0m[38;2;212;216;209m[48;2;255;255;255m▀[0m[38;2;0;0;0m[48;2;0;0;0m▀[0m[38;2;0;0;0m[48;2;0;0;0m▀[0m[38;2;0;0;0m[48;2;0;0;0m▀[0m[38;2;0;0;0m[48;2;0;0;0m▀[0m[38;2;0;2;2m[48;2;0;2;0m▀[0m[38;2;0;2;0m[48;2;0;2;0m▀[0m[38;2;2;2;2m[48;2;1;1;1m▀[0m[38;2;0;2;2m[48;2;1;1;1m▀[0m[38;2;1;1;1m[48;2;1;1;1m▀[0m[38;2;1;1;1m[48;2;1;1;1m▀[0m[38;2;0;2;2m[48;2;2;2;2m▀[0m
[38;2;18;18;20m[48;2;204;207;204m▀[0m[38;2;0;0;0m[48;2;0;0;0m▀[0m[38;2;0;0;0m[48;2;0;0;0m▀[0m[38;2;0;0;0m[48;2;0;0;0m▀[0m[38;2;1;1;2m[48;2;1;1;0m▀[0m[38;2;1;1;1m[48;2;0;0;1m▀[0m[38;2;1;1;1m[48;2;1;1;1m▀[0m[38;2;0;2;2m[48;2;0;0;0m▀[0m[38;2;0;0;0m[48;2;0;0;0m▀[0m[38;2;0;0;0m[48;2;0;0;0m▀[0m[38;2;0;0;0m[48;2;19;21;23m▀[0m[38;2;0;0;0m[48;2;255;255;255m▀[0m[38;2;255;255;255m[48;2;182;186;187m▀[0m[38;2;255;255;255m[48;2;255;255;255m▀[0m[38;2;21;25;30m[48;2;243;246;241m▀[0m[38;2;0;0;0m[48;2;0;0;0m▀[0m[38;2;0;0;0m[48;2;0;0;0m▀[0m[38;2;3;5;5m[48;2;0;0;0m▀[0m[38;2;85;89;92m[48;2;150;154;155m▀[0m[38;2;0;0;0m[48;2;210;181;108m▀[0m[38;2;255;238;165m[48;2;255;255;184m▀[0m[38;2;255;255;169m[48;2;255;252;169m▀[0m[38;2;255;241;162m[48;2;179;164;115m▀[0m[38;2;244;226;154m[48;2;63;55;47m▀[0m[38;2;0;0;0m[48;2;144;136;105m▀[0m[38;2;162;152;116m[48;2;249;235;180m▀[0m[38;2;213;206;159m[48;2;160;150;115m▀[0m[38;2;184;174;143m[48;2;123;104;76m▀[0m[38;2;139;127;104m[48;2;112;106;92m▀[0m[38;2;100;93;89m[48;2;147;150;127m▀[0m[38;2;133;138;125m[48;2;165;160;136m▀[0m[38;2;162;158;141m[48;2;160;154;129m▀[0m[38;2;145;138;126m[48;2;156;153;132m▀[0m[38;2;113;109;105m[48;2;159;157;147m▀[0m[38;2;99;100;93m[48;2;165;163;151m▀[0m[38;2;57;56;54m[48;2;170;166;154m▀[0m[38;2;0;0;0m[48;2;159;160;144m▀[0m[38;2;155;158;168m[48;2;85;85;77m▀[0m[38;2;237;237;248m[48;2;46;49;43m▀[0m[38;2;32;32;39m[48;2;108;108;96m▀[0m[38;2;33;33;38m[48;2;156;152;137m▀[0m[38;2;83;83;79m[48;2;159;159;146m▀[0m[38;2;88;88;85m[48;2;157;159;143m▀[0m[38;2;60;62;63m[48;2;166;167;155m▀[0m[38;2;56;58;59m[48;2;174;173;152m▀[0m[38;2;59;65;65m[48;2;170;166;138m▀[0m[38;2;92;92;79m[48;2;141;141;122m▀[0m[38;2;135;130;101m[48;2;113;114;105m▀[0m[38;2;184;180;143m[48;2;23;23;21m▀[0m[38;2;223;210;168m[48;2;78;74;66m▀[0m[38;2;207;195;155m[48;2;233;226;185m▀[0m[38;2;56;57;52m[48;2;195;184;150m▀[0m[38;2;135;130;101m[48;2;43;43;47m▀[0m[38;2;255;243;184m[48;2;81;81;72m▀[0m[38;2;255;227;165m[48;2;207;195;150m▀[0m[38;2;255;255;194m[48;2;255;255;190m▀[0m[38;2;42;36;10m[48;2;255;255;196m▀[0m[38;2;88;93;111m[48;2;255;255;255m▀[0m[38;2;35;37;43m[48;2;0;0;0m▀[0m[38;2;0;0;0m[48;2;0;0;0m▀[0m[38;2;0;0;0m[48;2;0;0;0m▀[0m[38;2;0;0;0m[48;2;0;0;0m▀[0m[38;2;0;0;0m[48;2;0;0;0m▀[0m[38;2;255;255;255m[48;2;98;100;101m▀[0m[38;2;255;255;255m[48;2;255;255;255m▀[0m[38;2;254;252;255m[48;2;255;255;255m▀[0m[38;2;0;0;0m[48;2;252;254;254m▀[0m[38;2;0;0;0m[48;2;0;0;0m▀[0m[38;2;0;0;0m[48;2;0;0;0m▀[0m[38;2;0;0;0m[48;2;0;0;0m▀[0m[38;2;0;2;2m[48;2;0;2;2m▀[0m[38;2;1;1;1m[48;2;1;1;1m▀[0m[38;2;1;1;1m[48;2;1;1;1m▀[0m[38;2;1;1;1m[48;2;1;1;1m▀[0m[38;2;1;1;1m[48;2;0;2;2m▀[0m[38;2;1;1;1m[48;2;0;1;1m▀[0m
[38;2;255;255;255m[48;2;226;225;225m▀[0m[38;2;8;11;11m[48;2;255;255;255m▀[0m[38;2;0;0;0m[48;2;0;0;0m▀[0m[38;2;0;0;0m[48;2;0;0;0m▀[0m[38;2;0;0;0m[48;2;0;0;0m▀[0m[38;2;0;1;1m[48;2;0;0;0m▀[0m[38;2;1;1;1m[48;2;1;1;1m▀[0m[38;2;0;0;0m[48;2;0;0;0m▀[0m[38;2;0;0;0m[48;2;0;0;0m▀[0m[38;2;0;0;0m[48;2;0;0;0m▀[0m[38;2;255;255;255m[48;2;255;255;255m▀[0m[38;2;255;255;255m[48;2;255;255;255m▀[0m[38;2;106;112;118m[48;2;255;255;255m▀[0m[38;2;255;255;255m[48;2;255;255;255m▀[0m[38;2;255;255;255m[48;2;255;255;255m▀[0m[38;2;0;0;0m[48;2;0;0;0m▀[0m[38;2;0;0;0m[48;2;0;0;0m▀[0m[38;2;0;0;0m[48;2;0;0;0m▀[0m[38;2;119;128;141m[48;2;29;33;55m▀[0m[38;2;255;255;255m[48;2;232;239;253m▀[0m[38;2;252;219;131m[48;2;108;99;81m▀[0m[38;2;87;76;63m[48;2;191;173;122m▀[0m[38;2;108;96;78m[48;2;255;255;178m▀[0m[38;2;255;235;159m[48;2;189;170;120m▀[0m[38;2;212;198;144m[48;2;0;0;0m▀[0m[38;2;48;41;41m[48;2;125;122;102m▀[0m[38;2;145;132;105m[48;2;211;198;153m▀[0m[38;2;176;165;129m[48;2;179;170;137m▀[0m[38;2;185;177;152m[48;2;166;163;136m▀[0m[38;2;172;166;141m[48;2;163;157;132m▀[0m[38;2;159;155;131m[48;2;162;157;132m▀[0m[38;2;157;153;129m[48;2;158;153;129m▀[0m[38;2;153;150;129m[48;2;153;150;128m▀[0m[38;2;145;144;131m[48;2;140;144;130m▀[0m[38;2;145;146;133m[48;2;146;145;132m▀[0m[38;2;146;141;127m[48;2;145;143;129m▀[0m[38;2;146;147;130m[48;2;144;142;130m▀[0m[38;2;158;159;147m[48;2;141;141;129m▀[0m[38;2;167;163;149m[48;2;140;140;128m▀[0m[38;2;157;154;139m[48;2;141;141;129m▀[0m[38;2;144;143;128m[48;2;131;136;127m▀[0m[38;2;140;141;129m[48;2;125;127;115m▀[0m[38;2;135;138;130m[48;2;112;112;101m▀[0m[38;2;137;136;125m[48;2;135;131;115m▀[0m[38;2;150;146;120m[48;2;133;132;112m▀[0m[38;2;149;147;130m[48;2;141;139;125m▀[0m[38;2;153;152;132m[48;2;147;146;137m▀[0m[38;2;166;166;145m[48;2;152;150;139m▀[0m[38;2;141;142;135m[48;2;156;160;164m▀[0m[38;2;0;0;0m[48;2;255;252;236m▀[0m[38;2;0;0;0m[48;2;172;126;0m▀[0m[38;2;197;186;157m[48;2;16;7;0m▀[0m[38;2;255;251;191m[48;2;170;160;129m▀[0m[38;2;150;140;106m[48;2;255;243;180m▀[0m[38;2;68;66;54m[48;2;234;211;155m▀[0m[38;2;127;123;86m[48;2;160;144;89m▀[0m[38;2;255;255;232m[48;2;184;181;142m▀[0m[38;2;253;255;255m[48;2;116;128;154m▀[0m[38;2;0;0;0m[48;2;0;0;0m▀[0m[38;2;0;0;0m[48;2;0;0;0m▀[0m[38;2;0;0;0m[48;2;0;0;0m▀[0m[38;2;0;0;0m[48;2;0;0;0m▀[0m[38;2;0;0;0m[48;2;0;0;0m▀[0m[38;2;255;255;255m[48;2;255;255;255m▀[0m[38;2;228;232;231m[48;2;255;255;255m▀[0m[38;2;255;255;255m[48;2;173;178;174m▀[0m[38;2;255;255;255m[48;2;255;255;255m▀[0m[38;2;54;60;60m[48;2;48;52;49m▀[0m[38;2;0;0;0m[48;2;0;0;0m▀[0m[38;2;0;0;0m[48;2;0;0;0m▀[0m[38;2;0;2;2m[48;2;1;1;1m▀[0m[38;2;0;1;1m[48;2;1;1;1m▀[0m[38;2;1;1;1m[48;2;1;1;1m▀[0m[38;2;1;1;1m[48;2;1;1;1m▀[0m[38;2;1;1;1m[48;2;0;2;2m▀[0m[38;2;1;1;1m[48;2;0;1;1m▀[0m
[38;2;0;0;0m[48;2;0;0;0m▀[0m[38;2;255;255;255m[48;2;0;0;0m▀[0m[38;2;213;217;213m[48;2;222;224;222m▀[0m[38;2;0;0;0m[48;2;144;144;142m▀[0m[38;2;0;0;0m[48;2;0;0;0m▀[0m[38;2;0;0;0m[48;2;0;0;0m▀[0m[38;2;1;1;1m[48;2;0;0;0m▀[0m[38;2;0;0;0m[48;2;0;0;0m▀[0m[38;2;0;0;0m[48;2;0;0;0m▀[0m[38;2;0;0;0m[48;2;0;0;0m▀[0m[38;2;83;89;86m[48;2;0;0;0m▀[0m[38;2;255;255;255m[48;2;255;255;255m▀[0m[38;2;255;255;255m[48;2;255;255;255m▀[0m[38;2;255;255;255m[48;2;0;0;0m▀[0m[38;2;0;0;0m[48;2;0;0;0m▀[0m[38;2;0;0;0m[48;2;0;0;0m▀[0m[38;2;0;0;0m[48;2;0;0;0m▀[0m[38;2;0;0;0m[48;2;154;162;183m▀[0m[38;2;0;8;44m[48;2;255;255;245m▀[0m[38;2;244;238;219m[48;2;255;255;166m▀[0m[38;2;255;239;144m[48;2;247;227;130m▀[0m[38;2;255;248;150m[48;2;255;232;151m▀[0m[38;2;222;203;132m[48;2;91;90;71m▀[0m[38;2;0;0;19m[48;2;118;115;96m▀[0m[38;2;128;122;101m[48;2;227;214;158m▀[0m[38;2;234;217;164m[48;2;190;177;140m▀[0m[38;2;184;174;135m[48;2;181;168;128m▀[0m[38;2;176;165;133m[48;2;172;163;126m▀[0m[38;2;166;162;132m[48;2;169;162;131m▀[0m[38;2;163;158;130m[48;2;162;158;131m▀[0m[38;2;160;155;130m[48;2;159;154;129m▀[0m[38;2;164;154;129m[48;2;164;154;129m▀[0m[38;2;154;149;128m[48;2;159;149;130m▀[0m[38;2;149;145;130m[48;2;150;144;132m▀[0m[38;2;146;145;130m[48;2;149;145;130m▀[0m[38;2;146;145;130m[48;2;146;145;130m▀[0m[38;2;143;142;130m[48;2;141;141;129m▀[0m[38;2;141;141;130m[48;2;140;140;129m▀[0m[38;2;135;138;130m[48;2;132;136;125m▀[0m[38;2;139;143;135m[48;2;145;145;137m▀[0m[38;2;165;165;158m[48;2;207;205;198m▀[0m[38;2;145;150;138m[48;2;159;158;149m▀[0m[38;2;218;218;211m[48;2;255;255;255m▀[0m[38;2;255;255;255m[48;2;255;255;255m▀[0m[38;2;255;255;255m[48;2;197;199;199m▀[0m[38;2;123;122;111m[48;2;125;123;112m▀[0m[38;2;150;147;138m[48;2;147;144;129m▀[0m[38;2;157;157;137m[48;2;173;171;157m▀[0m[38;2;138;147;167m[48;2;129;130;119m▀[0m[38;2;190;201;201m[48;2;0;0;0m▀[0m[38;2;195;169;57m[48;2;106;72;0m▀[0m[38;2;142;113;43m[48;2;164;127;14m▀[0m[38;2;79;74;60m[48;2;174;163;108m▀[0m[38;2;196;186;145m[48;2;138;136;102m▀[0m[38;2;231;209;147m[48;2;212;196;143m▀[0m[38;2;251;220;152m[48;2;225;199;145m▀[0m[38;2;250;221;143m[48;2;235;212;144m▀[0m[38;2;221;207;150m[48;2;255;248;155m▀[0m[38;2;29;29;42m[48;2;255;255;213m▀[0m[38;2;0;0;0m[48;2;183;177;162m▀[0m[38;2;0;0;0m[48;2;0;0;6m▀[0m[38;2;0;0;0m[48;2;0;0;0m▀[0m[38;2;0;0;0m[48;2;0;0;0m▀[0m[38;2;25;31;27m[48;2;0;0;0m▀[0m[38;2;255;255;255m[48;2;0;0;0m▀[0m[38;2;255;255;255m[48;2;255;255;255m▀[0m[38;2;255;255;255m[48;2;255;255;255m▀[0m[38;2;0;0;0m[48;2;33;33;35m▀[0m[38;2;0;0;0m[48;2;0;0;0m▀[0m[38;2;0;0;0m[48;2;0;0;0m▀[0m[38;2;0;0;0m[48;2;0;0;0m▀[0m[38;2;0;2;2m[48;2;0;2;2m▀[0m[38;2;1;1;1m[48;2;0;0;0m▀[0m[38;2;0;2;2m[48;2;0;0;1m▀[0m[38;2;2;2;2m[48;2;0;0;0m▀[0m[38;2;1;1;1m[48;2;0;0;0m▀[0m
[38;2;41;45;38m[48;2;42;43;39m▀[0m[38;2;5;5;2m[48;2;16;16;16m▀[0m[38;2;0;0;0m[48;2;0;0;0m▀[0m[38;2;164;164;164m[48;2;0;0;0m▀[0m[38;2;120;120;118m[48;2;81;81;81m▀[0m[38;2;0;0;0m[48;2;52;52;52m▀[0m[38;2;0;0;0m[48;2;0;0;0m▀[0m[38;2;0;0;0m[48;2;0;0;0m▀[0m[38;2;0;0;0m[48;2;0;0;0m▀[0m[38;2;0;0;0m[48;2;0;0;0m▀[0m[38;2;100;100;101m[48;2;255;255;255m▀[0m[38;2;239;243;244m[48;2;217;216;217m▀[0m[38;2;194;192;195m[48;2;255;255;255m▀[0m[38;2;0;0;0m[48;2;11;17;31m▀[0m[38;2;0;0;0m[48;2;87;97;126m▀[0m[38;2;43;54;81m[48;2;255;255;255m▀[0m[38;2;255;255;255m[48;2;255;255;150m▀[0m[38;2;255;255;240m[48;2;254;220;133m▀[0m[38;2;255;245;140m[48;2;238;214;144m▀[0m[38;2;244;224;137m[48;2;223;204;132m▀[0m[38;2;248;226;143m[48;2;232;214;140m▀[0m[38;2;183;172;118m[48;2;117;112;84m▀[0m[38;2;84;81;65m[48;2;164;153;118m▀[0m[38;2;214;200;150m[48;2;211;194;145m▀[0m[38;2;195;183;138m[48;2;191;178;138m▀[0m[38;2;186;173;132m[48;2;181;169;128m▀[0m[38;2;178;166;128m[48;2;177;165;124m▀[0m[38;2;173;164;130m[48;2;171;162;132m▀[0m[38;2;167;160;137m[48;2;166;158;132m▀[0m[38;2;163;156;131m[48;2;163;155;129m▀[0m[38;2;160;155;129m[48;2;162;154;128m▀[0m[38;2;155;151;129m[48;2;154;150;130m▀[0m[38;2;150;146;130m[48;2;149;145;130m▀[0m[38;2;142;143;130m[48;2;141;143;129m▀[0m[38;2;145;144;129m[48;2;143;142;130m▀[0m[38;2;143;142;131m[48;2;143;142;130m▀[0m[38;2;141;141;130m[48;2;141;142;130m▀[0m[38;2;140;139;129m[48;2;141;141;130m▀[0m[38;2;137;137;126m[48;2;141;140;129m▀[0m[38;2;137;137;125m[48;2;141;141;129m▀[0m[38;2;123;120;106m[48;2;143;139;131m▀[0m[38;2;115;112;97m[48;2;145;144;129m▀[0m[38;2;117;116;103m[48;2;137;137;119m▀[0m[38;2;125;126;119m[48;2;137;136;128m▀[0m[38;2;119;118;109m[48;2;137;136;124m▀[0m[38;2;126;124;112m[48;2;116;120;86m▀[0m[38;2;133;135;117m[48;2;128;128;96m▀[0m[38;2;176;171;167m[48;2;163;158;135m▀[0m[38;2;145;142;103m[48;2;152;145;92m▀[0m[38;2;0;0;0m[48;2;0;0;0m▀[0m[38;2;76;54;0m[48;2;0;0;0m▀[0m[38;2;154;113;0m[48;2;140;108;0m▀[0m[38;2;179;160;99m[48;2;170;155;73m▀[0m[38;2;167;159;116m[48;2;155;154;99m▀[0m[38;2;169;158;123m[48;2;165;156;116m▀[0m[38;2;214;195;142m[48;2;196;182;133m▀[0m[38;2;211;197;142m[48;2;211;193;143m▀[0m[38;2;225;206;149m[48;2;211;194;142m▀[0m[38;2;255;227;146m[48;2;228;211;143m▀[0m[38;2;255;255;182m[48;2;253;227;143m▀[0m[38;2;255;255;246m[48;2;255;255;141m▀[0m[38;2;102;110;127m[48;2;255;255;255m▀[0m[38;2;0;0;0m[48;2;170;177;194m▀[0m[38;2;0;0;0m[48;2;0;0;0m▀[0m[38;2;125;127;136m[48;2;255;255;255m▀[0m[38;2;186;191;191m[48;2;255;255;255m▀[0m[38;2;210;209;210m[48;2;255;255;255m▀[0m[38;2;255;255;255m[48;2;144;146;147m▀[0m[38;2;0;0;0m[48;2;0;0;0m▀[0m[38;2;0;0;0m[48;2;0;0;0m▀[0m[38;2;0;0;0m[48;2;0;0;0m▀[0m[38;2;0;0;0m[48;2;0;0;0m▀[0m[38;2;0;0;0m[48;2;0;0;0m▀[0m[38;2;0;0;0m[48;2;68;72;72m▀[0m[38;2;10;10;10m[48;2;72;74;74m▀[0m[38;2;2;6;6m[48;2;0;0;0m▀[0m
[38;2;0;0;0m[48;2;0;0;0m▀[0m[38;2;0;0;0m[48;2;0;2;2m▀[0m[38;2;0;0;0m[48;2;0;0;0m▀[0m[38;2;0;0;0m[48;2;0;0;0m▀[0m[38;2;0;0;0m[48;2;0;0;0m▀[0m[38;2;21;21;23m[48;2;0;0;0m▀[0m[38;2;29;27;30m[48;2;0;0;0m▀[0m[38;2;0;0;0m[48;2;0;0;0m▀[0m[38;2;0;0;0m[48;2;0;0;0m▀[0m[38;2;207;218;203m[48;2;192;203;186m▀[0m[38;2;255;255;255m[48;2;255;255;255m▀[0m[38;2;255;255;255m[48;2;186;189;195m▀[0m[38;2;116;122;132m[48;2;51;61;88m▀[0m[38;2;110;122;145m[48;2;255;255;255m▀[0m[38;2;255;255;255m[48;2;255;218;106m▀[0m[38;2;255;236;123m[48;2;251;222;144m▀[0m[38;2;253;227;143m[48;2;235;211;141m▀[0m[38;2;236;212;143m[48;2;223;201;136m▀[0m[38;2;218;199;135m[48;2;209;191;129m▀[0m[38;2;211;192;135m[48;2;205;185;132m▀[0m[38;2;210;192;130m[48;2;203;184;130m▀[0m[38;2;184;171;122m[48;2;204;184;136m▀[0m[38;2;199;184;139m[48;2;190;177;131m▀[0m[38;2;194;177;138m[48;2;186;174;132m▀[0m[38;2;187;172;131m[48;2;183;171;131m▀[0m[38;2;181;169;131m[48;2;176;165;132m▀[0m[38;2;172;164;127m[48;2;170;160;131m▀[0m[38;2;168;159;131m[48;2;167;159;130m▀[0m[38;2;163;157;129m[48;2;163;157;129m▀[0m[38;2;162;156;128m[48;2;158;153;128m▀[0m[38;2;158;152;129m[48;2;156;151;129m▀[0m[38;2;154;150;130m[48;2;152;147;131m▀[0m[38;2;147;146;130m[48;2;142;144;128m▀[0m[38;2;144;143;130m[48;2;144;143;130m▀[0m[38;2;145;143;131m[48;2;145;144;132m▀[0m[38;2;143;142;129m[48;2;142;142;129m▀[0m[38;2;141;142;130m[48;2;141;141;129m▀[0m[38;2;141;141;132m[48;2;141;141;132m▀[0m[38;2;142;142;131m[48;2;141;141;132m▀[0m[38;2;141;141;128m[48;2;141;141;129m▀[0m[38;2;140;140;128m[48;2;141;141;128m▀[0m[38;2;142;141;129m[48;2;140;139;127m▀[0m[38;2;144;143;130m[48;2;143;142;129m▀[0m[38;2;142;141;128m[48;2;143;144;126m▀[0m[38;2;133;132;113m[48;2;139;138;118m▀[0m[38;2;123;123;86m[48;2;135;131;105m▀[0m[38;2;130;126;92m[48;2;129;125;86m▀[0m[38;2;150;143;98m[48;2;136;125;56m▀[0m[38;2;144;130;47m[48;2;115;99;3m▀[0m[38;2;0;0;0m[48;2;0;0;0m▀[0m[38;2;3;11;51m[48;2;0;0;20m▀[0m[38;2;213;197;127m[48;2;138;138;146m▀[0m[38;2;166;149;65m[48;2;183;170;111m▀[0m[38;2;155;156;93m[48;2;168;157;106m▀[0m[38;2;183;174;117m[48;2;185;179;122m▀[0m[38;2;210;193;139m[48;2;213;196;143m▀[0m[38;2;204;186;138m[48;2;211;195;142m▀[0m[38;2;209;191;137m[48;2;212;191;139m▀[0m[38;2;220;199;135m[48;2;214;195;135m▀[0m[38;2;233;210;136m[48;2;222;201;136m▀[0m[38;2;255;230;140m[48;2;235;206;139m▀[0m[38;2;255;227;120m[48;2;255;224;144m▀[0m[38;2;255;255;255m[48;2;255;219;115m▀[0m[38;2;137;146;164m[48;2;255;255;255m▀[0m[38;2;32;34;41m[48;2;62;66;87m▀[0m[38;2;255;255;255m[48;2;160;163;164m▀[0m[38;2;255;255;255m[48;2;255;255;255m▀[0m[38;2;163;163;163m[48;2;255;255;255m▀[0m[38;2;0;0;0m[48;2;112;114;114m▀[0m[38;2;0;0;0m[48;2;0;0;0m▀[0m[38;2;0;0;0m[48;2;35;37;39m▀[0m[38;2;22;22;24m[48;2;75;82;85m▀[0m[38;2;104;111;114m[48;2;17;17;21m▀[0m[38;2;77;82;82m[48;2;0;0;0m▀[0m[38;2;0;0;0m[48;2;0;0;0m▀[0m[38;2;0;0;0m[48;2;6;6;7m▀[0m
[38;2;1;1;2m[48;2;0;0;0m▀[0m[38;2;0;0;1m[48;2;0;0;0m▀[0m[38;2;0;1;1m[48;2;0;0;0m▀[0m[38;2;0;1;1m[48;2;0;0;0m▀[0m[38;2;0;0;0m[48;2;0;0;0m▀[0m[38;2;0;0;0m[48;2;0;0;0m▀[0m[38;2;0;0;0m[48;2;0;0;0m▀[0m[38;2;0;0;0m[48;2;0;0;0m▀[0m[38;2;0;0;0m[48;2;0;0;0m▀[0m[38;2;17;19;21m[48;2;0;0;0m▀[0m[38;2;255;255;255m[48;2;0;0;0m▀[0m[38;2;22;29;46m[48;2;255;255;255m▀[0m[38;2;255;255;255m[48;2;255;255;222m▀[0m[38;2;255;233;130m[48;2;248;213;104m▀[0m[38;2;248;220;127m[48;2;245;212;137m▀[0m[38;2;237;211;141m[48;2;228;207;128m▀[0m[38;2;227;205;133m[48;2;223;203;136m▀[0m[38;2;223;200;135m[48;2;211;192;138m▀[0m[38;2;208;191;136m[48;2;199;186;133m▀[0m[38;2;200;186;131m[48;2;197;184;131m▀[0m[38;2;198;184;130m[48;2;194;181;131m▀[0m[38;2;191;179;130m[48;2;190;176;131m▀[0m[38;2;189;177;137m[48;2;183;172;140m▀[0m[38;2;190;176;131m[48;2;189;178;142m▀[0m[38;2;182;172;131m[48;2;190;182;139m▀[0m[38;2;173;164;132m[48;2;176;167;133m▀[0m[38;2;167;158;130m[48;2;167;158;130m▀[0m[38;2;165;159;131m[48;2;164;160;130m▀[0m[38;2;162;157;129m[48;2;159;155;129m▀[0m[38;2;156;150;126m[48;2;155;151;129m▀[0m[38;2;152;147;128m[48;2;152;147;129m▀[0m[38;2;146;144;130m[48;2;147;143;131m▀[0m[38;2;141;143;127m[48;2;140;142;129m▀[0m[38;2;145;144;131m[48;2;145;144;131m▀[0m[38;2;144;143;131m[48;2;144;143;130m▀[0m[38;2;142;140;128m[48;2;142;140;128m▀[0m[38;2;139;139;127m[48;2;135;138;127m▀[0m[38;2;139;139;128m[48;2;139;138;127m▀[0m[38;2;142;141;131m[48;2;141;140;129m▀[0m[38;2;141;141;129m[48;2;143;142;129m▀[0m[38;2;142;141;129m[48;2;143;142;129m▀[0m[38;2;142;141;129m[48;2;142;141;129m▀[0m[38;2;142;141;129m[48;2;143;141;130m▀[0m[38;2;145;142;127m[48;2;146;142;130m▀[0m[38;2;151;142;130m[48;2;149;140;126m▀[0m[38;2;138;139;124m[48;2;141;142;133m▀[0m[38;2;129;126;102m[48;2;139;147;142m▀[0m[38;2;123;117;65m[48;2;140;144;140m▀[0m[38;2;95;81;0m[48;2;131;118;87m▀[0m[38;2;0;0;0m[48;2;0;0;0m▀[0m[38;2;46;43;5m[48;2;141;109;32m▀[0m[38;2;237;231;194m[48;2;255;255;223m▀[0m[38;2;203;192;142m[48;2;186;177;143m▀[0m[38;2;170;159;104m[48;2;154;147;105m▀[0m[38;2;191;182;128m[48;2;213;200;141m▀[0m[38;2;164;150;113m[48;2;90;82;72m▀[0m[38;2;141;128;92m[48;2;150;137;96m▀[0m[38;2;232;209;153m[48;2;236;213;153m▀[0m[38;2;212;194;136m[48;2;214;195;142m▀[0m[38;2;213;197;136m[48;2;214;196;137m▀[0m[38;2;220;204;133m[48;2;216;199;140m▀[0m[38;2;232;209;141m[48;2;227;207;140m▀[0m[38;2;251;214;126m[48;2;238;212;137m▀[0m[38;2;255;238;155m[48;2;241;207;99m▀[0m[38;2;255;255;255m[48;2;255;255;255m▀[0m[38;2;2;5;15m[48;2;204;208;232m▀[0m[38;2;255;255;255m[48;2;9;11;18m▀[0m[38;2;255;255;255m[48;2;255;255;255m▀[0m[38;2;255;255;255m[48;2;255;255;255m▀[0m[38;2;0;0;0m[48;2;0;0;0m▀[0m[38;2;0;0;0m[48;2;0;0;0m▀[0m[38;2;0;0;0m[48;2;0;0;0m▀[0m[38;2;0;0;0m[48;2;0;0;0m▀[0m[38;2;0;0;0m[48;2;0;0;0m▀[0m[38;2;0;0;0m[48;2;0;0;0m▀[0m[38;2;0;0;0m[48;2;0;0;0m▀[0m
[38;2;0;0;0m[48;2;84;87;89m▀[0m[38;2;0;0;0m[48;2;0;0;0m▀[0m[38;2;0;0;0m[48;2;0;0;0m▀[0m[38;2;0;0;0m[48;2;0;0;0m▀[0m[38;2;0;0;0m[48;2;176;176;176m▀[0m[38;2;0;0;0m[48;2;0;0;0m▀[0m[38;2;0;0;0m[48;2;0;0;0m▀[0m[38;2;0;0;0m[48;2;0;0;0m▀[0m[38;2;0;0;0m[48;2;0;0;0m▀[0m[38;2;0;0;0m[48;2;101;106;115m▀[0m[38;2;205;212;227m[48;2;255;255;255m▀[0m[38;2;255;255;255m[48;2;255;252;170m▀[0m[38;2;247;213;110m[48;2;250;216;108m▀[0m[38;2;249;216;132m[48;2;251;222;135m▀[0m[38;2;233;208;132m[48;2;248;211;141m▀[0m[38;2;228;203;137m[48;2;216;194;140m▀[0m[38;2;212;194;137m[48;2;206;189;144m▀[0m[38;2;200;187;135m[48;2;198;184;135m▀[0m[38;2;195;183;132m[48;2;195;181;132m▀[0m[38;2;194;181;132m[48;2;192;178;133m▀[0m[38;2;192;178;132m[48;2;189;176;133m▀[0m[38;2;192;174;133m[48;2;190;172;131m▀[0m[38;2;179;168;137m[48;2;190;176;129m▀[0m[38;2;119;114;99m[48;2;171;162;128m▀[0m[38;2;131;128;106m[48;2;114;108;99m▀[0m[38;2;178;172;139m[48;2;113;105;97m▀[0m[38;2;174;167;130m[48;2;163;154;126m▀[0m[38;2;164;154;130m[48;2;168;159;136m▀[0m[38;2;158;156;129m[48;2;158;147;130m▀[0m[38;2;154;150;129m[48;2;152;147;129m▀[0m[38;2;152;146;131m[48;2;147;145;131m▀[0m[38;2;144;143;131m[48;2;144;143;131m▀[0m[38;2;143;143;131m[48;2;144;143;132m▀[0m[38;2;144;143;131m[48;2;143;143;131m▀[0m[38;2;144;142;130m[48;2;141;141;130m▀[0m[38;2;141;140;130m[48;2;140;140;129m▀[0m[38;2;140;139;129m[48;2;140;140;129m▀[0m[38;2;140;139;129m[48;2;140;140;129m▀[0m[38;2;142;140;130m[48;2;140;139;131m▀[0m[38;2;141;140;127m[48;2;139;138;128m▀[0m[38;2;142;141;129m[48;2;141;141;130m▀[0m[38;2;142;142;129m[48;2;142;142;131m▀[0m[38;2;142;141;129m[48;2;141;140;129m▀[0m[38;2;143;142;130m[48;2;144;143;137m▀[0m[38;2;144;143;130m[48;2;149;142;137m▀[0m[38;2;145;146;133m[48;2;145;146;133m▀[0m[38;2;147;152;139m[48;2;147;153;139m▀[0m[38;2;152;152;141m[48;2;157;158;150m▀[0m[38;2;181;181;165m[48;2;179;177;166m▀[0m[38;2;105;77;19m[48;2;21;23;29m▀[0m[38;2;84;55;0m[48;2;7;12;22m▀[0m[38;2;166;167;145m[48;2;159;160;150m▀[0m[38;2;126;126;114m[48;2;177;170;145m▀[0m[38;2;183;174;139m[48;2;219;205;160m▀[0m[38;2;195;183;139m[48;2;147;139;118m▀[0m[38;2;88;76;63m[48;2;128;124;113m▀[0m[38;2;225;201;152m[48;2;225;207;149m▀[0m[38;2;223;197;146m[48;2;206;187;131m▀[0m[38;2;212;194;140m[48;2;211;193;135m▀[0m[38;2;210;193;135m[48;2;208;189;137m▀[0m[38;2;211;195;137m[48;2;209;190;138m▀[0m[38;2;224;203;139m[48;2;214;195;138m▀[0m[38;2;231;209;130m[48;2;235;208;130m▀[0m[38;2;247;214;123m[48;2;243;212;120m▀[0m[38;2;248;214;111m[48;2;234;192;62m▀[0m[38;2;255;255;255m[48;2;255;255;191m▀[0m[38;2;0;0;0m[48;2;255;255;255m▀[0m[38;2;216;220;223m[48;2;0;0;0m▀[0m[38;2;247;253;250m[48;2;0;0;1m▀[0m[38;2;0;0;0m[48;2;0;0;0m▀[0m[38;2;0;0;0m[48;2;0;0;0m▀[0m[38;2;0;0;0m[48;2;0;0;0m▀[0m[38;2;0;0;0m[48;2;58;58;59m▀[0m[38;2;0;0;0m[48;2;0;0;0m▀[0m[38;2;0;0;0m[48;2;0;0;0m▀[0m[38;2;0;0;0m[48;2;61;63;64m▀[0m
[38;2;251;250;248m[48;2;255;255;255m▀[0m[38;2;124;127;128m[48;2;255;255;255m▀[0m[38;2;87;87;87m[48;2;221;224;223m▀[0m[38;2;207;210;211m[48;2;38;41;42m▀[0m[38;2;54;58;61m[48;2;0;0;0m▀[0m[38;2;0;0;0m[48;2;58;69;85m▀[0m[38;2;0;0;0m[48;2;239;252;255m▀[0m[38;2;0;0;0m[48;2;255;255;255m▀[0m[38;2;176;186;206m[48;2;255;255;255m▀[0m[38;2;255;255;255m[48;2;255;255;232m▀[0m[38;2;255;255;255m[48;2;246;224;164m▀[0m[38;2;255;255;255m[48;2;228;210;145m▀[0m[38;2;255;255;255m[48;2;233;214;155m▀[0m[38;2;212;189;145m[48;2;195;179;129m▀[0m[38;2;201;174;125m[48;2;125;122;91m▀[0m[38;2;222;205;155m[48;2;110;105;89m▀[0m[38;2;223;204;165m[48;2;151;140;112m▀[0m[38;2;200;183;138m[48;2;206;194;139m▀[0m[38;2;195;181;132m[48;2;211;195;144m▀[0m[38;2;194;180;133m[48;2;190;177;135m▀[0m[38;2;186;172;131m[48;2;182;174;132m▀[0m[38;2;187;170;131m[48;2;180;172;131m▀[0m[38;2;178;170;129m[48;2;174;166;130m▀[0m[38;2;179;171;130m[48;2;171;163;127m▀[0m[38;2;179;170;130m[48;2;173;163;126m▀[0m[38;2;132;128;113m[48;2;182;169;140m▀[0m[38;2;99;100;88m[48;2;153;147;129m▀[0m[38;2;135;130;118m[48;2;111;110;102m▀[0m[38;2;153;152;136m[48;2;123;122;112m▀[0m[38;2;152;150;138m[48;2;144;142;128m▀[0m[38;2;145;144;133m[48;2;151;144;130m▀[0m[38;2;145;144;132m[48;2;146;144;130m▀[0m[38;2;144;143;132m[48;2;147;146;131m▀[0m[38;2;143;142;131m[48;2;142;144;130m▀[0m[38;2;141;140;130m[48;2;144;145;137m▀[0m[38;2;143;139;129m[48;2;151;149;143m▀[0m[38;2;143;142;131m[48;2;149;147;142m▀[0m[38;2;142;142;130m[48;2;142;145;138m▀[0m[38;2;138;141;140m[48;2;138;141;140m▀[0m[38;2;141;139;142m[48;2;141;141;136m▀[0m[38;2;142;142;127m[48;2;139;140;128m▀[0m[38;2;143;144;132m[48;2;146;147;135m▀[0m[38;2;141;140;130m[48;2;149;149;138m▀[0m[38;2;143;142;132m[48;2;145;143;137m▀[0m[38;2;147;145;138m[48;2;146;147;137m▀[0m[38;2;147;147;139m[48;2;137;137;128m▀[0m[38;2;141;141;133m[48;2;103;103;95m▀[0m[38;2;124;124;113m[48;2;90;95;86m▀[0m[38;2;117;117;109m[48;2;101;105;99m▀[0m[38;2;0;2;11m[48;2;63;63;63m▀[0m[38;2;54;56;43m[48;2;127;125;114m▀[0m[38;2;196;194;163m[48;2;176;172;157m▀[0m[38;2;167;162;138m[48;2;142;139;115m▀[0m[38;2;119;112;84m[48;2;190;192;196m▀[0m[38;2;64;64;65m[48;2;112;117;139m▀[0m[38;2;200;197;177m[48;2;211;203;163m▀[0m[38;2;205;186;130m[48;2;189;173;129m▀[0m[38;2;209;185;138m[48;2;200;183;138m▀[0m[38;2;211;190;132m[48;2;208;191;136m▀[0m[38;2;208;186;130m[48;2;237;217;155m▀[0m[38;2;216;192;138m[48;2;225;203;142m▀[0m[38;2;241;216;156m[48;2;146;136;103m▀[0m[38;2;255;228;152m[48;2;98;98;102m▀[0m[38;2;248;226;147m[48;2;173;178;181m▀[0m[38;2;255;248;191m[48;2;255;255;255m▀[0m[38;2;255;255;224m[48;2;255;255;255m▀[0m[38;2;255;255;255m[48;2;255;255;255m▀[0m[38;2;193;200;205m[48;2;255;255;255m▀[0m[38;2;0;0;0m[48;2;255;255;255m▀[0m[38;2;0;0;0m[48;2;194;200;211m▀[0m[38;2;0;0;0m[48;2;0;0;0m▀[0m[38;2;0;0;0m[48;2;0;0;0m▀[0m[38;2;249;249;241m[48;2;153;153;147m▀[0m[38;2;122;122;115m[48;2;235;227;201m▀[0m[38;2;0;2;10m[48;2;90;90;78m▀[0m[38;2;29;33;36m[48;2;37;41;37m▀[0m
[38;2;86;88;89m[48;2;0;0;0m▀[0m[38;2;0;0;0m[48;2;70;78;95m▀[0m[38;2;0;0;0m[48;2;255;255;255m▀[0m[38;2;41;51;68m[48;2;255;255;255m▀[0m[38;2;255;255;255m[48;2;255;255;246m▀[0m[38;2;255;255;255m[48;2;243;209;122m▀[0m[38;2;255;255;255m[48;2;228;193;114m▀[0m[38;2;255;239;164m[48;2;221;196;123m▀[0m[38;2;226;197;111m[48;2;217;196;126m▀[0m[38;2;222;192;106m[48;2;213;195;129m▀[0m[38;2;222;189;117m[48;2;210;185;133m▀[0m[38;2;210;184;112m[48;2;199;178;128m▀[0m[38;2;203;181;116m[48;2;197;179;131m▀[0m[38;2;209;190;136m[48;2;194;180;129m▀[0m[38;2;220;201;139m[48;2;193;179;130m▀[0m[38;2;195;178;128m[48;2;205;186;135m▀[0m[38;2;129;118;100m[48;2;220;201;152m▀[0m[38;2;82;77;66m[48;2;178;165;136m▀[0m[38;2;173;159;125m[48;2;68;61;57m▀[0m[38;2;221;204;158m[48;2;110;105;79m▀[0m[38;2;193;180;139m[48;2;214;203;158m▀[0m[38;2;182;169;135m[48;2;189;180;143m▀[0m[38;2;178;164;129m[48;2;178;168;139m▀[0m[38;2;176;165;132m[48;2;176;160;140m▀[0m[38;2;172;162;132m[48;2;169;160;131m▀[0m[38;2;171;162;133m[48;2;159;154;130m▀[0m[38;2;163;157;132m[48;2;153;150;129m▀[0m[38;2;155;154;138m[48;2;149;147;137m▀[0m[38;2;137;137;124m[48;2;146;151;135m▀[0m[38;2;122;122;111m[48;2;146;147;130m▀[0m[38;2;143;136;127m[48;2;150;143;129m▀[0m[38;2;150;146;129m[48;2;143;142;130m▀[0m[38;2;143;142;130m[48;2;141;140;130m▀[0m[38;2;133;132;126m[48;2;137;136;125m▀[0m[38;2;118;119;115m[48;2;137;135;124m▀[0m[38;2;96;96;97m[48;2;120;118;109m▀[0m[38;2;88;91;96m[48;2;96;96;96m▀[0m[38;2;89;91;91m[48;2;84;82;85m▀[0m[38;2;81;84;84m[48;2;81;79;81m▀[0m[38;2;79;83;83m[48;2;86;86;86m▀[0m[38;2;97;103;104m[48;2;92;92;97m▀[0m[38;2;93;98;97m[48;2;99;97;100m▀[0m[38;2;95;98;98m[48;2;129;129;123m▀[0m[38;2;137;137;129m[48;2;142;143;131m▀[0m[38;2;149;147;136m[48;2;142;143;130m▀[0m[38;2;141;142;127m[48;2;146;146;136m▀[0m[38;2;122;123;112m[48;2;144;144;132m▀[0m[38;2;128;124;119m[48;2;145;143;132m▀[0m[38;2;147;149;138m[48;2;149;147;136m▀[0m[38;2;167;166;155m[48;2;149;147;137m▀[0m[38;2;155;154;147m[48;2;141;140;129m▀[0m[38;2;152;151;140m[48;2;147;141;132m▀[0m[38;2;153;153;120m[48;2;166;164;135m▀[0m[38;2;0;0;2m[48;2;61;58;41m▀[0m[38;2;173;177;194m[48;2;185;181;162m▀[0m[38;2;222;212;170m[48;2;196;190;149m▀[0m[38;2;174;166;129m[48;2;216;206;172m▀[0m[38;2;204;199;154m[48;2;156;149;120m▀[0m[38;2;216;201;157m[48;2;32;32;34m▀[0m[38;2;114;105;82m[48;2;73;66;69m▀[0m[38;2;42;39;37m[48;2;178;170;138m▀[0m[38;2;74;73;57m[48;2;218;205;156m▀[0m[38;2;151;141;97m[48;2;217;198;144m▀[0m[38;2;201;180;116m[48;2;208;189;137m▀[0m[38;2;203;177;102m[48;2;203;185;136m▀[0m[38;2;197;170;100m[48;2;196;182;128m▀[0m[38;2;205;180;106m[48;2;197;171;120m▀[0m[38;2;218;197;131m[48;2;196;173;112m▀[0m[38;2;255;250;204m[48;2;198;176;102m▀[0m[38;2;255;255;255m[48;2;197;172;101m▀[0m[38;2;255;255;255m[48;2;225;208;145m▀[0m[38;2;255;255;255m[48;2;255;255;255m▀[0m[38;2;31;38;48m[48;2;255;255;255m▀[0m[38;2;0;0;0m[48;2;236;240;255m▀[0m[38;2;0;0;0m[48;2;0;0;7m▀[0m[38;2;220;223;217m[48;2;0;0;0m▀[0m
[38;2;255;255;255m[48;2;255;251;194m▀[0m[38;2;255;255;255m[48;2;220;194;124m▀[0m[38;2;255;255;211m[48;2;255;237;163m▀[0m[38;2;255;234;152m[48;2;70;66;46m▀[0m[38;2;71;58;37m[48;2;36;35;29m▀[0m[38;2;168;154;100m[48;2;243;222;156m▀[0m[38;2;234;213;146m[48;2;209;192;135m▀[0m[38;2;212;194;140m[48;2;205;186;138m▀[0m[38;2;209;190;131m[48;2;204;185;137m▀[0m[38;2;204;186;132m[48;2;198;182;132m▀[0m[38;2;194;180;131m[48;2;194;178;128m▀[0m[38;2;196;181;133m[48;2;192;178;127m▀[0m[38;2;193;180;131m[48;2;191;177;131m▀[0m[38;2;191;179;132m[48;2;187;174;135m▀[0m[38;2;190;177;135m[48;2;186;173;137m▀[0m[38;2;186;173;139m[48;2;185;172;136m▀[0m[38;2;190;172;131m[48;2;191;173;136m▀[0m[38;2;199;185;137m[48;2;182;171;136m▀[0m[38;2;197;191;154m[48;2;179;170;135m▀[0m[38;2;70;68;62m[48;2;205;192;157m▀[0m[38;2;29;28;24m[48;2;74;73;62m▀[0m[38;2;198;189;156m[48;2;0;0;0m▀[0m[38;2;198;185;156m[48;2;158;153;128m▀[0m[38;2;174;164;139m[48;2;203;187;157m▀[0m[38;2;169;156;136m[48;2;170;157;137m▀[0m[38;2;156;150;130m[48;2;160;155;135m▀[0m[38;2;150;146;130m[48;2;149;145;130m▀[0m[38;2;147;147;132m[48;2;144;145;132m▀[0m[38;2;145;145;132m[48;2;143;145;131m▀[0m[38;2;143;141;127m[48;2;143;142;130m▀[0m[38;2;144;143;127m[48;2;146;142;130m▀[0m[38;2;143;142;130m[48;2;153;142;130m▀[0m[38;2;142;141;131m[48;2;143;143;132m▀[0m[38;2;149;140;135m[48;2;146;140;131m▀[0m[38;2;149;145;130m[48;2;138;143;136m▀[0m[38;2;145;145;132m[48;2;143;149;137m▀[0m[38;2;133;133;125m[48;2;153;155;142m▀[0m[38;2;104;103;103m[48;2;158;159;144m▀[0m[38;2;79;78;79m[48;2;144;144;132m▀[0m[38;2;91;91;88m[48;2;141;142;135m▀[0m[38;2;113;113;111m[48;2;152;155;147m▀[0m[38;2;129;129;123m[48;2;146;151;139m▀[0m[38;2;150;149;138m[48;2;143;145;133m▀[0m[38;2;144;138;133m[48;2;138;138;135m▀[0m[38;2;139;140;131m[48;2;137;140;131m▀[0m[38;2;139;141;129m[48;2;138;142;132m▀[0m[38;2;138;141;130m[48;2;138;141;132m▀[0m[38;2;141;140;130m[48;2;141;140;132m▀[0m[38;2;142;141;131m[48;2;141;139;129m▀[0m[38;2;144;143;131m[48;2;142;141;130m▀[0m[38;2;143;142;130m[48;2;143;142;131m▀[0m[38;2;147;149;133m[48;2;145;145;129m▀[0m[38;2;153;153;138m[48;2;151;151;136m▀[0m[38;2;183;179;154m[48;2;172;171;160m▀[0m[38;2;181;181;145m[48;2;158;159;147m▀[0m[38;2;201;195;170m[48;2;0;0;0m▀[0m[38;2;78;76;71m[48;2;45;44;44m▀[0m[38;2;30;25;32m[48;2;201;193;165m▀[0m[38;2;160;152;131m[48;2;193;182;145m▀[0m[38;2;214;198;168m[48;2;174;164;132m▀[0m[38;2;192;176;145m[48;2;173;164;132m▀[0m[38;2;183;172;137m[48;2;178;167;131m▀[0m[38;2;189;176;133m[48;2;182;170;132m▀[0m[38;2;191;177;133m[48;2;186;173;132m▀[0m[38;2;191;179;135m[48;2;187;174;133m▀[0m[38;2;184;176;133m[48;2;189;177;135m▀[0m[38;2;189;173;132m[48;2;186;177;135m▀[0m[38;2;189;176;126m[48;2;185;178;135m▀[0m[38;2;199;182;125m[48;2;191;179;137m▀[0m[38;2;200;186;132m[48;2;193;180;133m▀[0m[38;2;203;181;125m[48;2;196;182;136m▀[0m[38;2;201;173;108m[48;2;205;183;140m▀[0m[38;2;223;197;138m[48;2;212;193;140m▀[0m[38;2;255;255;255m[48;2;205;179;114m▀[0m[38;2;255;255;255m[48;2;216;190;131m▀[0m[38;2;244;253;255m[48;2;255;255;245m▀[0m
[38;2;205;187;120m[48;2;205;185;127m▀[0m[38;2;233;211;136m[48;2;255;255;206m▀[0m[38;2;179;165;116m[48;2;70;68;71m▀[0m[38;2;0;0;0m[48;2;66;60;45m▀[0m[38;2;245;226;164m[48;2;255;236;178m▀[0m[38;2;221;205;150m[48;2;198;183;139m▀[0m[38;2;203;189;131m[48;2;192;178;133m▀[0m[38;2;197;183;133m[48;2;191;178;132m▀[0m[38;2;195;181;135m[48;2;187;174;135m▀[0m[38;2;192;178;138m[48;2;186;173;137m▀[0m[38;2;190;176;136m[48;2;186;173;135m▀[0m[38;2;187;173;132m[48;2;182;171;136m▀[0m[38;2;185;172;132m[48;2;181;168;133m▀[0m[38;2;183;171;133m[48;2;178;167;131m▀[0m[38;2;181;170;135m[48;2;174;166;132m▀[0m[38;2;179;169;132m[48;2;173;164;131m▀[0m[38;2;176;167;133m[48;2;173;164;132m▀[0m[38;2;177;167;138m[48;2;169;160;131m▀[0m[38;2;179;163;138m[48;2;163;158;130m▀[0m[38;2;170;162;133m[48;2;159;163;138m▀[0m[38;2;196;193;159m[48;2;159;159;138m▀[0m[38;2;83;82;75m[48;2;191;191;165m▀[0m[38;2;0;0;0m[48;2;106;110;103m▀[0m[38;2;111;106;95m[48;2;0;0;0m▀[0m[38;2;179;174;159m[48;2;73;74;70m▀[0m[38;2;160;153;147m[48;2;168;164;152m▀[0m[38;2;145;146;133m[48;2;165;156;149m▀[0m[38;2;143;147;131m[48;2;149;140;136m▀[0m[38;2;144;144;131m[48;2;149;140;130m▀[0m[38;2;144;143;131m[48;2;145;143;129m▀[0m[38;2;147;142;131m[48;2;145;143;131m▀[0m[38;2;145;143;131m[48;2;143;142;132m▀[0m[38;2;141;142;130m[48;2;145;141;130m▀[0m[38;2;145;141;130m[48;2;137;138;126m▀[0m[38;2;138;142;133m[48;2;132;136;125m▀[0m[38;2;139;140;133m[48;2;130;136;124m▀[0m[38;2;139;142;135m[48;2;142;146;139m▀[0m[38;2;149;149;141m[48;2;112;113;109m▀[0m[38;2;154;157;146m[48;2;115;118;114m▀[0m[38;2;144;149;141m[48;2;114;111;111m▀[0m[38;2;135;138;133m[48;2;133;135;131m▀[0m[38;2;137;137;137m[48;2;131;130;127m▀[0m[38;2;138;138;127m[48;2;128;128;123m▀[0m[38;2;138;142;132m[48;2;129;130;126m▀[0m[38;2;137;140;131m[48;2;138;139;131m▀[0m[38;2;140;141;132m[48;2;144;144;129m▀[0m[38;2;139;142;131m[48;2;140;141;130m▀[0m[38;2;140;139;131m[48;2;138;139;130m▀[0m[38;2;140;138;128m[48;2;137;141;129m▀[0m[38;2;141;140;130m[48;2;142;141;138m▀[0m[38;2;143;143;135m[48;2;150;146;151m▀[0m[38;2;149;146;135m[48;2;173;171;165m▀[0m[38;2;171;172;157m[48;2;151;150;143m▀[0m[38;2;146;149;137m[48;2;0;0;0m▀[0m[38;2;0;0;0m[48;2;56;60;56m▀[0m[38;2;39;41;37m[48;2;190;186;163m▀[0m[38;2;203;197;169m[48;2;172;164;137m▀[0m[38;2;174;169;139m[48;2;164;157;135m▀[0m[38;2;174;167;130m[48;2;167;162;129m▀[0m[38;2;174;164;129m[48;2;170;159;130m▀[0m[38;2;172;163;131m[48;2;170;160;131m▀[0m[38;2;174;165;133m[48;2;172;163;131m▀[0m[38;2;176;166;133m[48;2;173;164;132m▀[0m[38;2;180;167;135m[48;2;173;164;132m▀[0m[38;2;183;171;131m[48;2;177;167;130m▀[0m[38;2;186;173;133m[48;2;181;169;131m▀[0m[38;2;191;173;135m[48;2;187;172;136m▀[0m[38;2;187;174;136m[48;2;189;171;135m▀[0m[38;2;186;173;135m[48;2;184;170;135m▀[0m[38;2;189;174;136m[48;2;184;171;135m▀[0m[38;2;189;176;135m[48;2;184;171;130m▀[0m[38;2;206;189;140m[48;2;196;183;137m▀[0m[38;2;151;141;105m[48;2;159;149;114m▀[0m[38;2;184;172;135m[48;2;35;36;30m▀[0m[38;2;217;192;145m[48;2;218;201;146m▀[0m[38;2;195;172;109m[48;2;199;176;130m▀[0m
[38;2;214;195;125m[48;2;199;180;122m▀[0m[38;2;255;255;237m[48;2;234;235;227m▀[0m[38;2;0;0;0m[48;2;54;63;86m▀[0m[38;2;132;119;88m[48;2;145;132;93m▀[0m[38;2;223;210;160m[48;2;209;196;156m▀[0m[38;2;187;174;133m[48;2;183;168;129m▀[0m[38;2;185;171;131m[48;2;182;169;129m▀[0m[38;2;186;171;132m[48;2;181;168;131m▀[0m[38;2;184;170;135m[48;2;180;169;133m▀[0m[38;2;183;170;133m[48;2;179;168;136m▀[0m[38;2;183;169;135m[48;2;176;165;137m▀[0m[38;2;178;167;135m[48;2;173;164;132m▀[0m[38;2;177;164;135m[48;2;173;163;135m▀[0m[38;2;174;162;135m[48;2;173;163;135m▀[0m[38;2;172;163;133m[48;2;169;160;132m▀[0m[38;2;170;160;132m[48;2;165;158;133m▀[0m[38;2;168;159;135m[48;2;164;158;138m▀[0m[38;2;165;158;133m[48;2;158;155;129m▀[0m[38;2;158;154;132m[48;2;155;152;130m▀[0m[38;2;154;151;130m[48;2;152;149;131m▀[0m[38;2;155;158;133m[48;2;149;145;129m▀[0m[38;2;159;157;135m[48;2;154;154;135m▀[0m[38;2;172;169;149m[48;2;152;149;132m▀[0m[38;2;137;136;126m[48;2;162;157;139m▀[0m[38;2;45;47;48m[48;2;157;156;143m▀[0m[38;2;55;56;52m[48;2;103;104;101m▀[0m[38;2;138;138;126m[48;2;86;89;78m▀[0m[38;2;150;149;136m[48;2;130;130;119m▀[0m[38;2;151;146;137m[48;2;132;130;123m▀[0m[38;2;149;149;131m[48;2;162;156;144m▀[0m[38;2;151;150;137m[48;2;157;155;141m▀[0m[38;2;147;145;135m[48;2;140;144;131m▀[0m[38;2;136;137;128m[48;2;126;130;123m▀[0m[38;2;130;128;125m[48;2;123;126;125m▀[0m[38;2;129;129;124m[48;2;114;113;110m▀[0m[38;2;127;127;122m[48;2;111;110;110m▀[0m[38;2;138;141;137m[48;2;114;116;116m▀[0m[38;2;102;103;100m[48;2;85;87;85m▀[0m[38;2;56;58;58m[48;2;38;36;39m▀[0m[38;2;52;55;55m[48;2;28;30;30m▀[0m[38;2;131;132;125m[48;2;124;124;115m▀[0m[38;2;126;126;114m[48;2;120;119;114m▀[0m[38;2;120;125;117m[48;2;109;108;105m▀[0m[38;2;119;125;119m[48;2;104;105;101m▀[0m[38;2;127;123;116m[48;2;112;111;112m▀[0m[38;2;139;140;127m[48;2;126;127;123m▀[0m[38;2;143;144;138m[48;2;139;142;133m▀[0m[38;2;143;144;140m[48;2;158;159;153m▀[0m[38;2;149;152;143m[48;2;141;146;139m▀[0m[38;2;168;169;160m[48;2;52;55;52m▀[0m[38;2;160;160;155m[48;2;28;25;30m▀[0m[38;2;102;108;103m[48;2;37;41;42m▀[0m[38;2;0;1;3m[48;2;102;103;100m▀[0m[38;2;84;87;87m[48;2;164;166;153m▀[0m[38;2;176;176;159m[48;2;149;149;138m▀[0m[38;2;158;157;138m[48;2;147;149;132m▀[0m[38;2;159;153;138m[48;2;145;145;128m▀[0m[38;2;153;153;133m[48;2;143;145;128m▀[0m[38;2;157;153;132m[48;2;149;147;131m▀[0m[38;2;162;155;131m[48;2;154;151;131m▀[0m[38;2;167;158;131m[48;2;157;154;129m▀[0m[38;2;168;159;131m[48;2;159;154;130m▀[0m[38;2;171;160;132m[48;2;163;150;129m▀[0m[38;2;172;162;132m[48;2;165;156;128m▀[0m[38;2;173;163;131m[48;2;169;158;131m▀[0m[38;2;174;164;132m[48;2;171;162;130m▀[0m[38;2;176;168;132m[48;2;171;163;129m▀[0m[38;2;177;168;132m[48;2;172;164;128m▀[0m[38;2;179;168;133m[48;2;173;164;131m▀[0m[38;2;181;169;131m[48;2;176;165;132m▀[0m[38;2;186;174;129m[48;2;181;166;137m▀[0m[38;2;189;174;130m[48;2;186;177;139m▀[0m[38;2;233;217;162m[48;2;201;187;139m▀[0m[38;2;0;0;0m[48;2;98;97;86m▀[0m[38;2;114;104;76m[48;2;119;128;140m▀[0m[38;2;247;228;181m[48;2;255;247;218m▀[0m
[38;2;207;191;141m[48;2;204;191;144m▀[0m[38;2;33;41;48m[48;2;132;123;95m▀[0m[38;2;6;9;24m[48;2;140;130;103m▀[0m[38;2;197;182;139m[48;2;199;186;145m▀[0m[38;2;191;178;142m[48;2;185;172;136m▀[0m[38;2;178;167;131m[48;2;180;169;132m▀[0m[38;2;179;168;132m[48;2;177;166;135m▀[0m[38;2;180;167;132m[48;2;173;165;136m▀[0m[38;2;176;166;133m[48;2;171;162;132m▀[0m[38;2;172;165;135m[48;2;169;160;131m▀[0m[38;2;170;162;135m[48;2;167;158;131m▀[0m[38;2;172;163;135m[48;2;167;158;130m▀[0m[38;2;170;162;135m[48;2;164;158;132m▀[0m[38;2;168;159;135m[48;2;159;154;133m▀[0m[38;2;162;157;129m[48;2;157;153;129m▀[0m[38;2;158;156;133m[48;2;154;153;131m▀[0m[38;2;156;153;131m[48;2;150;149;128m▀[0m[38;2;152;149;124m[48;2;147;146;127m▀[0m[38;2;150;146;129m[48;2;146;145;130m▀[0m[38;2;149;145;130m[48;2;145;144;131m▀[0m[38;2;141;142;127m[48;2;144;143;130m▀[0m[38;2;144;143;127m[48;2;141;140;124m▀[0m[38;2;149;145;128m[48;2;142;141;130m▀[0m[38;2;144;143;127m[48;2;142;140;132m▀[0m[38;2;147;146;131m[48;2;140;139;132m▀[0m[38;2;157;156;144m[48;2;137;135;132m▀[0m[38;2;153;153;140m[48;2;129;131;129m▀[0m[38;2;141;144;133m[48;2;135;139;130m▀[0m[38;2;96;98;98m[48;2;165;166;157m▀[0m[38;2;49;52;46m[48;2;14;16;18m▀[0m[38;2;159;158;146m[48;2;98;97;97m▀[0m[38;2;131;135;130m[48;2;146;144;138m▀[0m[38;2;122;125;118m[48;2;118;122;117m▀[0m[38;2;110;109;103m[48;2;77;78;74m▀[0m[38;2;116;119;115m[48;2;254;255;254m▀[0m[38;2;102;104;102m[48;2;184;185;182m▀[0m[38;2;106;108;104m[48;2;82;83;79m▀[0m[38;2;58;60;60m[48;2;71;73;73m▀[0m[38;2;116;117;114m[48;2;114;115;112m▀[0m[38;2;45;46;43m[48;2;56;57;52m▀[0m[38;2;99;103;96m[48;2;95;96;92m▀[0m[38;2;110;111;102m[48;2;85;86;79m▀[0m[38;2;101;105;99m[48;2;184;183;183m▀[0m[38;2;115;117;118m[48;2;250;252;254m▀[0m[38;2;99;99;97m[48;2;64;65;61m▀[0m[38;2;113;117;116m[48;2;111;113;113m▀[0m[38;2;143;146;136m[48;2;145;146;142m▀[0m[38;2;138;139;135m[48;2;31;31;32m▀[0m[38;2;0;0;0m[48;2;95;95;88m▀[0m[38;2;68;70;68m[48;2;173;172;165m▀[0m[38;2;147;146;140m[48;2;145;144;142m▀[0m[38;2;160;162;157m[48;2;131;136;128m▀[0m[38;2;158;157;151m[48;2;132;136;128m▀[0m[38;2;143;142;135m[48;2;138;138;130m▀[0m[38;2;144;142;136m[48;2;139;139;131m▀[0m[38;2;141;141;130m[48;2;138;139;131m▀[0m[38;2;138;140;127m[48;2;135;139;130m▀[0m[38;2;142;142;127m[48;2;136;140;128m▀[0m[38;2;145;144;129m[48;2;143;143;130m▀[0m[38;2;149;147;130m[48;2;144;144;131m▀[0m[38;2;151;150;130m[48;2;147;147;132m▀[0m[38;2;154;151;133m[48;2;150;150;132m▀[0m[38;2;156;151;130m[48;2;151;147;131m▀[0m[38;2;157;154;129m[48;2;152;147;131m▀[0m[38;2;160;155;130m[48;2;155;151;130m▀[0m[38;2;165;157;131m[48;2;158;152;131m▀[0m[38;2;165;157;128m[48;2;160;154;129m▀[0m[38;2;168;159;129m[48;2;164;155;131m▀[0m[38;2;170;160;131m[48;2;166;158;132m▀[0m[38;2;170;160;131m[48;2;167;158;130m▀[0m[38;2;173;164;131m[48;2;168;159;130m▀[0m[38;2;182;172;137m[48;2;179;165;129m▀[0m[38;2;185;172;133m[48;2;197;187;151m▀[0m[38;2;64;68;70m[48;2;78;77;60m▀[0m[38;2;206;212;225m[48;2;34;33;20m▀[0m[38;2;212;204;160m[48;2;198;184;139m▀[0m
[38;2;187;172;133m[48;2;183;168;131m▀[0m[38;2;198;185;149m[48;2;172;164;133m▀[0m[38;2;193;183;143m[48;2;171;163;133m▀[0m[38;2;180;169;132m[48;2;178;162;132m▀[0m[38;2;179;169;136m[48;2;170;160;132m▀[0m[38;2;176;163;133m[48;2;168;159;131m▀[0m[38;2;171;162;130m[48;2;166;158;129m▀[0m[38;2;169;160;130m[48;2;167;157;128m▀[0m[38;2;168;159;131m[48;2;166;158;129m▀[0m[38;2;167;158;131m[48;2;160;156;128m▀[0m[38;2;166;156;132m[48;2;159;153;132m▀[0m[38;2;160;154;129m[48;2;156;151;132m▀[0m[38;2;157;153;131m[48;2;154;151;130m▀[0m[38;2;157;152;132m[48;2;154;149;130m▀[0m[38;2;155;151;131m[48;2;150;146;129m▀[0m[38;2;151;147;128m[48;2;146;145;129m▀[0m[38;2;150;146;126m[48;2;145;145;129m▀[0m[38;2;145;145;128m[48;2;141;141;133m▀[0m[38;2;143;143;131m[48;2;140;140;132m▀[0m[38;2;142;142;131m[48;2;141;141;132m▀[0m[38;2;143;143;131m[48;2;140;140;129m▀[0m[38;2;141;140;130m[48;2;138;138;131m▀[0m[38;2;142;136;131m[48;2;131;131;129m▀[0m[38;2;139;137;130m[48;2;118;118;110m▀[0m[38;2;123;120;113m[48;2;173;169;169m▀[0m[38;2;112;116;115m[48;2;204;211;209m▀[0m[38;2;152;155;160m[48;2;152;155;147m▀[0m[38;2;132;136;136m[48;2;133;135;128m▀[0m[38;2;163;164;156m[48;2;155;154;152m▀[0m[38;2;72;74;72m[48;2;113;110;112m▀[0m[38;2;47;46;44m[48;2;38;37;37m▀[0m[38;2;149;149;141m[48;2;145;146;139m▀[0m[38;2;112;113;109m[48;2;109;110;106m▀[0m[38;2;73;74;70m[48;2;73;76;70m▀[0m[38;2;255;255;255m[48;2;255;255;255m▀[0m[38;2;255;254;254m[48;2;255;254;254m▀[0m[38;2;71;74;70m[48;2;68;73;65m▀[0m[38;2;93;95;91m[48;2;101;101;99m▀[0m[38;2;0;0;0m[48;2;0;0;0m▀[0m[38;2;0;0;0m[48;2;0;0;0m▀[0m[38;2;112;113;110m[48;2;111;110;110m▀[0m[38;2;78;79;72m[48;2;84;88;81m▀[0m[38;2;206;208;206m[48;2;160;165;164m▀[0m[38;2;255;255;255m[48;2;255;255;255m▀[0m[38;2;60;60;58m[48;2;71;69;66m▀[0m[38;2;113;115;115m[48;2;116;117;114m▀[0m[38;2;120;122;118m[48;2;109;112;109m▀[0m[38;2;46;46;46m[48;2;76;79;79m▀[0m[38;2;153;152;145m[48;2;149;153;153m▀[0m[38;2;140;139;132m[48;2;130;138;130m▀[0m[38;2;131;137;129m[48;2;127;127;124m▀[0m[38;2;136;137;132m[48;2;145;149;145m▀[0m[38;2;127;126;120m[48;2;226;228;230m▀[0m[38;2;127;127;120m[48;2;136;139;131m▀[0m[38;2;135;136;132m[48;2;110;109;102m▀[0m[38;2;132;132;126m[48;2;131;130;124m▀[0m[38;2;138;138;130m[48;2;138;138;131m▀[0m[38;2;139;139;130m[48;2;139;138;132m▀[0m[38;2;141;141;132m[48;2;141;139;133m▀[0m[38;2;141;140;132m[48;2;141;139;131m▀[0m[38;2;138;141;130m[48;2;141;139;131m▀[0m[38;2;144;143;132m[48;2;142;140;133m▀[0m[38;2;145;144;132m[48;2;142;141;133m▀[0m[38;2;145;143;131m[48;2;143;142;131m▀[0m[38;2;149;144;132m[48;2;144;142;131m▀[0m[38;2;151;146;130m[48;2;146;143;128m▀[0m[38;2;155;152;130m[48;2;146;145;128m▀[0m[38;2;157;152;131m[48;2;150;146;130m▀[0m[38;2;159;153;129m[48;2;153;149;130m▀[0m[38;2;160;155;130m[48;2;154;150;129m▀[0m[38;2;163;157;131m[48;2;156;152;130m▀[0m[38;2;167;163;131m[48;2;158;154;129m▀[0m[38;2;172;162;132m[48;2;157;157;128m▀[0m[38;2;197;184;147m[48;2;165;155;128m▀[0m[38;2;197;186;154m[48;2;168;159;129m▀[0m[38;2;173;163;135m[48;2;167;158;129m▀[0m
[38;2;179;163;130m[48;2;169;159;135m▀[0m[38;2;171;162;133m[48;2;167;158;133m▀[0m[38;2;168;160;135m[48;2;162;156;130m▀[0m[38;2;167;159;131m[48;2;162;155;130m▀[0m[38;2;164;158;130m[48;2;163;155;129m▀[0m[38;2;164;158;132m[48;2;159;154;129m▀[0m[38;2;163;156;132m[48;2;158;154;129m▀[0m[38;2;162;155;132m[48;2;156;152;131m▀[0m[38;2;160;154;131m[48;2;155;151;132m▀[0m[38;2;154;150;128m[48;2;143;147;120m▀[0m[38;2;153;150;128m[48;2;147;144;128m▀[0m[38;2;152;147;131m[48;2;145;144;131m▀[0m[38;2;143;144;124m[48;2;143;142;129m▀[0m[38;2;144;143;130m[48;2;141;140;129m▀[0m[38;2;144;143;132m[48;2;141;142;131m▀[0m[38;2;142;142;131m[48;2;141;141;132m▀[0m[38;2;142;142;131m[48;2;140;140;132m▀[0m[38;2;139;139;131m[48;2;138;138;131m▀[0m[38;2;137;138;130m[48;2;138;138;135m▀[0m[38;2;138;138;129m[48;2;135;135;129m▀[0m[38;2;135;132;130m[48;2;133;133;130m▀[0m[38;2;129;132;129m[48;2;127;127;128m▀[0m[38;2;102;102;102m[48;2;129;128;128m▀[0m[38;2;179;182;181m[48;2;173;173;165m▀[0m[38;2;255;255;255m[48;2;120;124;115m▀[0m[38;2;156;157;150m[48;2;111;112;108m▀[0m[38;2;113;113;105m[48;2;126;128;126m▀[0m[38;2;132;133;129m[48;2;131;131;129m▀[0m[38;2;145;142;145m[48;2;145;145;145m▀[0m[38;2;133;132;133m[48;2;146;145;145m▀[0m[38;2;39;42;42m[48;2;39;42;42m▀[0m[38;2;139;142;133m[48;2;135;136;129m▀[0m[38;2;114;117;106m[48;2;120;122;117m▀[0m[38;2;69;72;63m[48;2;87;88;84m▀[0m[38;2;255;255;255m[48;2;162;164;162m▀[0m[38;2;206;208;208m[48;2;145;150;149m▀[0m[38;2;71;75;69m[48;2;83;87;81m▀[0m[38;2;119;123;118m[48;2;128;131;128m▀[0m[38;2;21;23;21m[48;2;10;12;14m▀[0m[38;2;1;2;0m[48;2;0;0;0m▀[0m[38;2;102;106;102m[48;2;109;113;109m▀[0m[38;2;104;105;102m[48;2;112;112;112m▀[0m[38;2;108;111;111m[48;2;102;102;104m▀[0m[38;2;222;222;224m[48;2;156;158;159m▀[0m[38;2;81;84;81m[48;2;91;97;91m▀[0m[38;2;118;122;117m[48;2;126;130;124m▀[0m[38;2;106;110;106m[48;2;103;106;103m▀[0m[38;2;97;100;101m[48;2;112;115;114m▀[0m[38;2;143;151;149m[48;2;150;150;150m▀[0m[38;2;128;131;127m[48;2;129;131;132m▀[0m[38;2;130;132;130m[48;2;131;132;129m▀[0m[38;2;119;120;117m[48;2;128;129;126m▀[0m[38;2;140;140;138m[48;2;119;118;115m▀[0m[38;2;180;180;180m[48;2;128;128;129m▀[0m[38;2;255;255;255m[48;2;191;194;191m▀[0m[38;2;122;123;118m[48;2;127;128;122m▀[0m[38;2;129;128;125m[48;2;129;130;126m▀[0m[38;2;136;136;130m[48;2;127;132;124m▀[0m[38;2;137;137;131m[48;2;130;136;130m▀[0m[38;2;138;139;131m[48;2;136;137;132m▀[0m[38;2;140;139;132m[48;2;137;138;133m▀[0m[38;2;141;140;133m[48;2;138;138;132m▀[0m[38;2;140;140;132m[48;2;139;139;132m▀[0m[38;2;140;139;131m[48;2;138;137;131m▀[0m[38;2;141;140;130m[48;2;139;139;130m▀[0m[38;2;143;142;130m[48;2;141;140;130m▀[0m[38;2;144;142;130m[48;2;142;141;130m▀[0m[38;2;145;143;129m[48;2;142;142;131m▀[0m[38;2;146;144;130m[48;2;144;142;132m▀[0m[38;2;149;145;130m[48;2;144;142;131m▀[0m[38;2;150;145;130m[48;2;144;138;130m▀[0m[38;2;150;146;131m[48;2;144;142;131m▀[0m[38;2;147;149;130m[48;2;149;145;130m▀[0m[38;2;155;152;130m[48;2;149;147;130m▀[0m[38;2;158;154;130m[48;2;151;146;132m▀[0m[38;2;164;155;131m[48;2;151;147;132m▀[0m
[38;2;163;157;133m[48;2;159;155;133m▀[0m[38;2;160;155;131m[48;2;155;152;130m▀[0m[38;2;159;154;129m[48;2;155;152;128m▀[0m[38;2;158;154;128m[48;2;154;150;126m▀[0m[38;2;158;153;128m[48;2;152;150;127m▀[0m[38;2;156;153;128m[48;2;150;146;130m▀[0m[38;2;153;150;132m[48;2;147;145;133m▀[0m[38;2;151;147;132m[48;2;147;145;133m▀[0m[38;2;149;147;130m[48;2;145;144;131m▀[0m[38;2;146;145;130m[48;2;143;143;130m▀[0m[38;2;143;143;131m[48;2;142;142;130m▀[0m[38;2;142;141;130m[48;2;140;141;130m▀[0m[38;2;139;138;127m[48;2;138;138;129m▀[0m[38;2;139;138;130m[48;2;138;137;130m▀[0m[38;2;140;139;131m[48;2;138;138;132m▀[0m[38;2;139;139;131m[48;2;136;136;132m▀[0m[38;2;139;138;131m[48;2;136;135;131m▀[0m[38;2;139;137;135m[48;2;142;142;135m▀[0m[38;2;123;126;122m[48;2;93;100;97m▀[0m[38;2;130;131;127m[48;2;120;125;117m▀[0m[38;2;132;133;129m[48;2;139;139;133m▀[0m[38;2;115;114;114m[48;2;130;131;128m▀[0m[38;2;220;219;220m[48;2;127;127;127m▀[0m[38;2;193;192;190m[48;2;117;116;113m▀[0m[38;2;99;102;99m[48;2;127;127;124m▀[0m[38;2;127;127;124m[48;2;127;127;124m▀[0m[38;2;130;128;125m[48;2;129;129;127m▀[0m[38;2;130;130;127m[48;2;130;133;129m▀[0m[38;2;146;145;142m[48;2;153;153;151m▀[0m[38;2;139;139;133m[48;2;113;116;112m▀[0m[38;2;14;17;17m[48;2;0;0;0m▀[0m[38;2;123;126;123m[48;2;114;115;109m▀[0m[38;2;136;133;127m[48;2;151;149;141m▀[0m[38;2;100;101;97m[48;2;122;123;114m▀[0m[38;2;155;156;152m[48;2;135;136;132m▀[0m[38;2;178;180;178m[48;2;138;139;135m▀[0m[38;2;85;89;81m[48;2;108;111;104m▀[0m[38;2;130;131;128m[48;2;120;122;118m▀[0m[38;2;5;5;7m[48;2;12;15;12m▀[0m[38;2;0;0;0m[48;2;16;22;19m▀[0m[38;2;112;113;109m[48;2;82;89;82m▀[0m[38;2;115;118;114m[48;2;131;135;128m▀[0m[38;2;123;122;118m[48;2;115;114;115m▀[0m[38;2;220;222;223m[48;2;139;141;141m▀[0m[38;2;98;102;96m[48;2;111;116;109m▀[0m[38;2;142;146;138m[48;2;157;160;152m▀[0m[38;2;97;100;97m[48;2;65;65;63m▀[0m[38;2;96;100;97m[48;2;6;14;11m▀[0m[38;2;156;158;158m[48;2;145;146;143m▀[0m[38;2;137;138;133m[48;2;142;143;140m▀[0m[38;2;132;132;130m[48;2;133;131;129m▀[0m[38;2;130;132;130m[48;2;130;132;130m▀[0m[38;2;132;129;131m[48;2;132;132;132m▀[0m[38;2;124;127;123m[48;2;127;131;130m▀[0m[38;2;109;109;103m[48;2;131;132;126m▀[0m[38;2;124;125;120m[48;2;122;126;122m▀[0m[38;2;216;220;217m[48;2;131;135;131m▀[0m[38;2;135;138;131m[48;2;131;135;130m▀[0m[38;2;130;130;124m[48;2;132;132;129m▀[0m[38;2;136;136;130m[48;2;132;133;130m▀[0m[38;2;137;137;131m[48;2;133;133;130m▀[0m[38;2;138;138;132m[48;2;135;135;129m▀[0m[38;2;138;137;131m[48;2;135;133;130m▀[0m[38;2;138;138;130m[48;2;135;135;129m▀[0m[38;2;137;137;129m[48;2;137;136;129m▀[0m[38;2;136;137;129m[48;2;138;136;130m▀[0m[38;2;138;138;130m[48;2;136;136;133m▀[0m[38;2;140;139;131m[48;2;138;137;131m▀[0m[38;2;140;139;129m[48;2;140;138;130m▀[0m[38;2;141;141;130m[48;2;137;137;130m▀[0m[38;2;140;140;128m[48;2;138;138;130m▀[0m[38;2;141;141;129m[48;2;140;139;127m▀[0m[38;2;143;142;130m[48;2;139;139;127m▀[0m[38;2;144;143;131m[48;2;140;139;129m▀[0m[38;2;145;144;129m[48;2;141;140;129m▀[0m[38;2;149;144;130m[48;2;144;143;131m▀[0m
[38;2;154;151;130m[48;2;151;147;130m▀[0m[38;2;152;149;128m[48;2;149;145;130m▀[0m[38;2;151;147;127m[48;2;144;144;129m▀[0m[38;2;150;145;129m[48;2;142;142;129m▀[0m[38;2;146;143;127m[48;2;142;141;129m▀[0m[38;2;147;144;129m[48;2;142;142;129m▀[0m[38;2;146;144;132m[48;2;142;142;130m▀[0m[38;2;143;142;131m[48;2;140;141;130m▀[0m[38;2;141;141;130m[48;2;140;140;129m▀[0m[38;2;140;140;128m[48;2;138;138;129m▀[0m[38;2;140;140;129m[48;2;137;136;130m▀[0m[38;2;140;140;132m[48;2;137;137;131m▀[0m[38;2;138;138;132m[48;2;133;133;128m▀[0m[38;2;137;137;130m[48;2;132;132;129m▀[0m[38;2;135;135;131m[48;2;133;133;130m▀[0m[38;2;132;132;130m[48;2;132;131;128m▀[0m[38;2;132;131;129m[48;2;130;131;127m▀[0m[38;2;144;146;144m[48;2;139;144;137m▀[0m[38;2;90;92;92m[48;2;104;109;109m▀[0m[38;2;93;91;95m[48;2;66;69;71m▀[0m[38;2;146;146;144m[48;2;150;150;144m▀[0m[38;2;130;131;128m[48;2;129;130;127m▀[0m[38;2;130;130;127m[48;2;130;130;128m▀[0m[38;2;128;130;128m[48;2;127;129;127m▀[0m[38;2;130;130;128m[48;2;130;130;128m▀[0m[38;2;129;130;127m[48;2;129;130;127m▀[0m[38;2;129;130;127m[48;2;129;130;127m▀[0m[38;2;130;133;129m[48;2;136;135;131m▀[0m[38;2;153;152;150m[48;2;141;141;139m▀[0m[38;2;45;45;46m[48;2;91;90;90m▀[0m[38;2;0;0;0m[48;2;109;109;106m▀[0m[38;2;81;81;81m[48;2;30;30;28m▀[0m[38;2;162;160;155m[48;2;159;163;158m▀[0m[38;2;128;129;123m[48;2;135;136;129m▀[0m[38;2;127;128;122m[48;2;130;129;127m▀[0m[38;2;120;122;117m[48;2;124;125;118m▀[0m[38;2;125;126;122m[48;2;133;138;131m▀[0m[38;2;118;123;116m[48;2;68;71;71m▀[0m[38;2;0;0;0m[48;2;37;39;37m▀[0m[38;2;0;0;0m[48;2;0;0;0m▀[0m[38;2;70;73;70m[48;2;35;38;39m▀[0m[38;2;141;144;140m[48;2;147;153;145m▀[0m[38;2;117;119;117m[48;2;119;123;116m▀[0m[38;2;132;135;132m[48;2;125;126;119m▀[0m[38;2;128;128;125m[48;2;143;143;135m▀[0m[38;2;166;167;159m[48;2;150;151;143m▀[0m[38;2;35;35;33m[48;2;50;52;50m▀[0m[38;2;0;0;0m[48;2;41;45;31m▀[0m[38;2;108;109;104m[48;2;77;82;77m▀[0m[38;2;155;154;154m[48;2;159;158;158m▀[0m[38;2;132;130;128m[48;2;129;129;127m▀[0m[38;2;129;131;129m[48;2;129;131;129m▀[0m[38;2;130;132;130m[48;2;130;132;130m▀[0m[38;2;129;131;129m[48;2;131;131;128m▀[0m[38;2;128;130;128m[48;2;130;130;128m▀[0m[38;2;131;131;129m[48;2;130;130;128m▀[0m[38;2;131;131;129m[48;2;131;132;129m▀[0m[38;2;129;133;129m[48;2;129;131;129m▀[0m[38;2;129;132;129m[48;2;129;131;129m▀[0m[38;2;130;131;128m[48;2;129;131;131m▀[0m[38;2;128;131;128m[48;2;130;130;131m▀[0m[38;2;130;131;128m[48;2;130;130;130m▀[0m[38;2;129;131;129m[48;2;118;118;116m▀[0m[38;2;131;133;135m[48;2;130;135;135m▀[0m[38;2;133;133;130m[48;2;131;133;135m▀[0m[38;2;133;135;128m[48;2;132;132;130m▀[0m[38;2;133;133;127m[48;2;132;133;129m▀[0m[38;2;135;135;128m[48;2;132;132;127m▀[0m[38;2;136;136;129m[48;2;133;133;128m▀[0m[38;2;136;136;129m[48;2;133;133;128m▀[0m[38;2;138;137;130m[48;2;133;133;128m▀[0m[38;2;137;137;129m[48;2;133;133;130m▀[0m[38;2;138;137;129m[48;2;135;135;129m▀[0m[38;2;139;138;128m[48;2;137;138;131m▀[0m[38;2;139;138;128m[48;2;138;138;130m▀[0m[38;2;140;139;129m[48;2;139;139;130m▀[0m
[38;2;152;146;127m[48;2;144;143;131m▀[0m[38;2;144;143;127m[48;2;141;141;129m▀[0m[38;2;141;142;127m[48;2;140;140;129m▀[0m[38;2;141;141;128m[48;2;138;138;130m▀[0m[38;2;140;140;132m[48;2;139;139;132m▀[0m[38;2;139;140;131m[48;2;139;139;131m▀[0m[38;2;139;140;129m[48;2;138;138;131m▀[0m[38;2;138;138;129m[48;2;138;138;132m▀[0m[38;2;137;137;130m[48;2;136;136;132m▀[0m[38;2;137;137;131m[48;2;127;127;124m▀[0m[38;2;136;136;132m[48;2;111;111;111m▀[0m[38;2;123;123;119m[48;2;143;146;143m▀[0m[38;2;129;130;126m[48;2;128;127;124m▀[0m[38;2;131;131;128m[48;2;127;131;124m▀[0m[38;2;132;132;129m[48;2;131;132;128m▀[0m[38;2;131;131;128m[48;2;130;131;128m▀[0m[38;2;128;130;131m[48;2;129;129;131m▀[0m[38;2;138;141;137m[48;2;135;135;132m▀[0m[38;2;122;126;123m[48;2;131;132;129m▀[0m[38;2;56;56;56m[48;2;36;39;39m▀[0m[38;2;151;150;146m[48;2;141;140;135m▀[0m[38;2;135;133;130m[48;2;131;135;130m▀[0m[38;2;127;129;127m[48;2;128;129;126m▀[0m[38;2;129;129;127m[48;2;129;130;127m▀[0m[38;2;130;130;128m[48;2;129;129;127m▀[0m[38;2;129;129;127m[48;2;129;129;127m▀[0m[38;2;129;129;127m[48;2;129;129;127m▀[0m[38;2;133;133;131m[48;2;130;130;128m▀[0m[38;2;136;135;132m[48;2;127;129;127m▀[0m[38;2;139;140;137m[48;2;127;127;125m▀[0m[38;2;166;166;158m[48;2;146;146;139m▀[0m[38;2;35;38;35m[48;2;124;124;117m▀[0m[38;2;108;110;108m[48;2;5;6;3m▀[0m[38;2;154;155;147m[48;2;158;159;155m▀[0m[38;2;130;131;127m[48;2;111;114;106m▀[0m[38;2;130;136;126m[48;2;103;106;100m▀[0m[38;2;128;132;126m[48;2;59;62;59m▀[0m[38;2;31;34;34m[48;2;96;96;98m▀[0m[38;2;255;255;255m[48;2;255;255;255m▀[0m[38;2;172;172;174m[48;2;255;253;255m▀[0m[38;2;0;4;0m[48;2;42;45;42m▀[0m[38;2;155;163;147m[48;2;149;154;144m▀[0m[38;2;125;129;120m[48;2;135;137;125m▀[0m[38;2;132;137;128m[48;2;141;142;133m▀[0m[38;2;162;163;151m[48;2;174;172;163m▀[0m[38;2;106;108;101m[48;2;52;54;50m▀[0m[38;2;76;77;73m[48;2;108;108;109m▀[0m[38;2;142;144;132m[48;2;149;150;146m▀[0m[38;2;75;79;72m[48;2;113;112;110m▀[0m[38;2;147;150;150m[48;2;137;140;137m▀[0m[38;2;130;130;132m[48;2;130;132;133m▀[0m[38;2;129;131;129m[48;2;131;131;129m▀[0m[38;2;131;131;128m[48;2;130;130;127m▀[0m[38;2;130;131;128m[48;2;130;130;128m▀[0m[38;2;130;130;128m[48;2;130;130;128m▀[0m[38;2;130;130;128m[48;2;128;130;128m▀[0m[38;2;131;131;128m[48;2;130;131;128m▀[0m[38;2;130;130;128m[48;2;128;130;128m▀[0m[38;2;130;131;128m[48;2;128;130;128m▀[0m[38;2;129;131;131m[48;2;129;131;129m▀[0m[38;2;132;129;129m[48;2;132;133;130m▀[0m[38;2;138;141;138m[48;2;137;141;141m▀[0m[38;2;84;83;84m[48;2;61;63;63m▀[0m[38;2;125;125;123m[48;2;129;127;124m▀[0m[38;2;137;135;138m[48;2;127;129;127m▀[0m[38;2;131;131;129m[48;2;130;132;130m▀[0m[38;2;132;132;130m[48;2;127;131;128m▀[0m[38;2;132;132;129m[48;2;131;131;128m▀[0m[38;2;132;133;130m[48;2;131;132;129m▀[0m[38;2;132;132;129m[48;2;130;131;128m▀[0m[38;2;131;131;128m[48;2;131;132;129m▀[0m[38;2;131;131;129m[48;2;131;132;129m▀[0m[38;2;131;132;128m[48;2;131;131;128m▀[0m[38;2;135;135;129m[48;2;132;131;128m▀[0m[38;2;136;137;129m[48;2;132;133;127m▀[0m[38;2;137;137;129m[48;2;135;135;129m▀[0m
[38;2;141;141;130m[48;2;139;139;130m▀[0m[38;2;140;140;131m[48;2;139;139;130m▀[0m[38;2;138;138;129m[48;2;140;140;132m▀[0m[38;2;137;137;129m[48;2;139;139;131m▀[0m[38;2;138;138;130m[48;2;133;133;130m▀[0m[38;2;138;138;126m[48;2;132;132;130m▀[0m[38;2;138;138;131m[48;2;120;126;122m▀[0m[38;2;137;137;131m[48;2;106;110;103m▀[0m[38;2;129;129;126m[48;2;116;116;113m▀[0m[38;2;138;138;131m[48;2;142;142;140m▀[0m[38;2;204;204;205m[48;2;213;213;214m▀[0m[38;2;214;213;213m[48;2;106;106;104m▀[0m[38;2;125;128;127m[48;2;122;125;124m▀[0m[38;2;130;131;128m[48;2;130;130;128m▀[0m[38;2;130;131;128m[48;2;128;130;130m▀[0m[38;2;130;130;127m[48;2;129;129;129m▀[0m[38;2;129;129;127m[48;2;130;130;128m▀[0m[38;2;130;132;132m[48;2;127;129;130m▀[0m[38;2;138;142;138m[48;2;139;143;139m▀[0m[38;2;15;15;17m[48;2;50;50;51m▀[0m[38;2;120;122;118m[48;2;74;76;76m▀[0m[38;2;132;137;132m[48;2;122;126;123m▀[0m[38;2;126;129;128m[48;2;152;156;157m▀[0m[38;2;128;130;128m[48;2;115;117;115m▀[0m[38;2;130;131;128m[48;2;132;133;130m▀[0m[38;2;129;131;129m[48;2;129;131;129m▀[0m[38;2;129;130;127m[48;2;130;131;128m▀[0m[38;2;129;129;127m[48;2;129;129;129m▀[0m[38;2;127;129;127m[48;2;127;129;127m▀[0m[38;2;127;129;127m[48;2;128;128;126m▀[0m[38;2;128;128;125m[48;2;129;131;129m▀[0m[38;2;168;166;159m[48;2;100;101;98m▀[0m[38;2;123;122;118m[48;2;218;219;216m▀[0m[38;2;6;8;8m[48;2;255;255;255m▀[0m[38;2;228;230;226m[48;2;236;234;240m▀[0m[38;2;246;247;244m[48;2;178;176;182m▀[0m[38;2;194;196;194m[48;2;156;154;157m▀[0m[38;2;28;32;33m[48;2;0;0;0m▀[0m[38;2;255;255;255m[48;2;194;196;194m▀[0m[38;2;251;248;251m[48;2;255;255;255m▀[0m[38;2;50;58;48m[48;2;78;79;73m▀[0m[38;2;145;150;132m[48;2;147;147;142m▀[0m[38;2;137;141;127m[48;2;138;138;139m▀[0m[38;2;152;153;138m[48;2;164;163;159m▀[0m[38;2;150;152;140m[48;2;81;79;79m▀[0m[38;2;18;20;18m[48;2;15;19;22m▀[0m[38;2;142;145;145m[48;2;160;162;158m▀[0m[38;2;141;140;140m[48;2;130;132;132m▀[0m[38;2;135;136;132m[48;2;129;133;127m▀[0m[38;2;133;130;132m[48;2;131;131;129m▀[0m[38;2;130;131;128m[48;2;129;131;129m▀[0m[38;2;130;130;128m[48;2;130;130;128m▀[0m[38;2;130;130;128m[48;2;130;130;128m▀[0m[38;2;130;130;127m[48;2;131;131;128m▀[0m[38;2;130;130;128m[48;2;130;130;130m▀[0m[38;2;129;130;127m[48;2;127;130;129m▀[0m[38;2;129;130;127m[48;2;127;129;127m▀[0m[38;2;128;130;128m[48;2;127;129;129m▀[0m[38;2;128;130;128m[48;2;128;130;130m▀[0m[38;2;128;130;130m[48;2;127;129;129m▀[0m[38;2;137;137;137m[48;2;144;145;142m▀[0m[38;2;124;128;128m[48;2;106;109;109m▀[0m[38;2;51;52;49m[48;2;58;60;62m▀[0m[38;2;147;146;144m[48;2;152;151;149m▀[0m[38;2;169;168;169m[48;2;160;159;157m▀[0m[38;2;124;127;126m[48;2;120;120;118m▀[0m[38;2;131;131;129m[48;2;102;102;100m▀[0m[38;2;130;130;128m[48;2;103;103;101m▀[0m[38;2;126;129;125m[48;2;122;122;119m▀[0m[38;2;130;130;128m[48;2;129;129;123m▀[0m[38;2;129;130;127m[48;2;126;126;126m▀[0m[38;2;130;131;128m[48;2;130;131;128m▀[0m[38;2;131;131;128m[48;2;131;131;128m▀[0m[38;2;130;130;128m[48;2;130;130;128m▀[0m[38;2;130;130;128m[48;2;131;131;128m▀[0m[38;2;133;132;130m[48;2;131;131;128m▀[0m
[38;2;138;138;130m[48;2;136;137;129m▀[0m[38;2;139;139;130m[48;2;131;131;125m▀[0m[38;2;137;138;130m[48;2;127;125;122m▀[0m[38;2;129;127;124m[48;2;113;111;105m▀[0m[38;2;126;120;125m[48;2;79;79;73m▀[0m[38;2;96;96;98m[48;2;149;149;143m▀[0m[38;2;106;110;109m[48;2;255;255;255m▀[0m[38;2;156;156;156m[48;2;255;255;255m▀[0m[38;2;125;125;126m[48;2;126;128;126m▀[0m[38;2;117;117;112m[48;2;116;116;114m▀[0m[38;2;104;108;104m[48;2;132;132;126m▀[0m[38;2;128;127;128m[48;2;130;130;128m▀[0m[38;2;125;127;125m[48;2;128;130;128m▀[0m[38;2;129;129;127m[48;2;128;128;126m▀[0m[38;2;129;129;127m[48;2;128;128;126m▀[0m[38;2;129;129;127m[48;2;127;129;127m▀[0m[38;2;129;129;127m[48;2;130;130;127m▀[0m[38;2;129;130;127m[48;2;127;129;127m▀[0m[38;2;123;125;123m[48;2;143;143;143m▀[0m[38;2;166;169;170m[48;2;79;84;84m▀[0m[38;2;255;255;255m[48;2;128;132;132m▀[0m[38;2;125;128;127m[48;2;200;199;199m▀[0m[38;2;184;189;193m[48;2;234;236;237m▀[0m[38;2;97;99;97m[48;2;81;82;78m▀[0m[38;2;133;135;131m[48;2;141;142;138m▀[0m[38;2;130;131;128m[48;2;129;130;127m▀[0m[38;2;129;130;127m[48;2;127;129;127m▀[0m[38;2;126;129;128m[48;2;126;129;128m▀[0m[38;2;126;128;128m[48;2;126;128;128m▀[0m[38;2;127;129;129m[48;2;128;130;128m▀[0m[38;2;130;130;128m[48;2;130;130;128m▀[0m[38;2;101;104;100m[48;2;112;115;114m▀[0m[38;2;126;128;128m[48;2;129;131;132m▀[0m[38;2;255;255;255m[48;2;183;183;187m▀[0m[38;2;43;45;43m[48;2;97;100;93m▀[0m[38;2;78;82;74m[48;2;176;176;169m▀[0m[38;2;0;0;0m[48;2;70;76;75m▀[0m[38;2;146;150;152m[48;2;165;167;171m▀[0m[38;2;45;49;52m[48;2;115;120;131m▀[0m[38;2;244;244;249m[48;2;115;122;127m▀[0m[38;2;76;77;74m[48;2;112;112;101m▀[0m[38;2;151;150;146m[48;2;144;144;125m▀[0m[38;2;140;140;140m[48;2;145;146;135m▀[0m[38;2;155;154;152m[48;2;152;151;140m▀[0m[38;2;47;54;58m[48;2;158;156;113m▀[0m[38;2;62;69;73m[48;2;98;103;91m▀[0m[38;2;147;151;147m[48;2;133;137;143m▀[0m[38;2;127;129;130m[48;2;129;129;129m▀[0m[38;2;130;130;128m[48;2;129;131;129m▀[0m[38;2;130;131;128m[48;2;130;130;128m▀[0m[38;2;128;130;128m[48;2;128;130;128m▀[0m[38;2;129;130;127m[48;2;128;131;130m▀[0m[38;2;130;131;128m[48;2;131;131;129m▀[0m[38;2;131;131;128m[48;2;130;132;130m▀[0m[38;2;130;130;128m[48;2;129;129;127m▀[0m[38;2;128;130;128m[48;2;128;130;128m▀[0m[38;2;129;129;127m[48;2;129;129;129m▀[0m[38;2;128;130;128m[48;2;128;129;126m▀[0m[38;2;128;131;130m[48;2;127;130;129m▀[0m[38;2;126;131;127m[48;2;124;132;132m▀[0m[38;2;147;152;149m[48;2;155;156;153m▀[0m[38;2;76;78;81m[48;2;51;54;54m▀[0m[38;2;74;76;76m[48;2;81;85;85m▀[0m[38;2;157;153;155m[48;2;151;153;154m▀[0m[38;2;119;118;116m[48;2;131;131;131m▀[0m[38;2;116;116;116m[48;2;101;104;101m▀[0m[38;2;251;250;251m[48;2;218;221;221m▀[0m[38;2;177;173;176m[48;2;255;255;255m▀[0m[38;2;87;84;84m[48;2;255;255;255m▀[0m[38;2;102;102;96m[48;2;130;127;127m▀[0m[38;2;119;123;122m[48;2;79;83;78m▀[0m[38;2;123;125;125m[48;2;109;108;108m▀[0m[38;2;126;125;125m[48;2;122;122;119m▀[0m[38;2;130;130;128m[48;2;127;126;126m▀[0m[38;2;130;130;128m[48;2;130;130;128m▀[0m[38;2;131;131;128m[48;2;131;131;129m▀[0m
[38;2;128;127;124m[48;2;123;118;114m▀[0m[38;2;126;126;119m[48;2;104;108;104m▀[0m[38;2;105;109;104m[48;2;83;89;86m▀[0m[38;2;83;84;77m[48;2;254;255;251m▀[0m[38;2;212;211;208m[48;2;255;255;255m▀[0m[38;2;255;255;255m[48;2;255;255;255m▀[0m[38;2;255;255;255m[48;2;255;255;255m▀[0m[38;2;219;223;224m[48;2;79;84;84m▀[0m[38;2;91;90;88m[48;2;110;109;110m▀[0m[38;2;127;127;122m[48;2;123;126;122m▀[0m[38;2;130;130;128m[48;2;130;130;128m▀[0m[38;2;130;130;128m[48;2;130;130;128m▀[0m[38;2;129;130;127m[48;2;129;130;127m▀[0m[38;2;127;129;127m[48;2;129;130;127m▀[0m[38;2;127;129;127m[48;2;130;130;128m▀[0m[38;2;127;129;127m[48;2;130;130;128m▀[0m[38;2;130;130;128m[48;2;130;130;128m▀[0m[38;2;126;128;126m[48;2;128;129;126m▀[0m[38;2;131;130;130m[48;2;129;126;126m▀[0m[38;2;141;143;143m[48;2;154;156;156m▀[0m[38;2;0;0;0m[48;2;97;100;100m▀[0m[38;2;158;156;154m[48;2;0;0;0m▀[0m[38;2;255;255;255m[48;2;0;0;0m▀[0m[38;2;73;77;78m[48;2;132;135;136m▀[0m[38;2;145;146;143m[48;2;142;144;145m▀[0m[38;2;128;130;128m[48;2;122;122;122m▀[0m[38;2;128;130;132m[48;2;135;133;135m▀[0m[38;2;127;129;129m[48;2;130;130;128m▀[0m[38;2;127;129;129m[48;2;128;130;128m▀[0m[38;2;127;129;127m[48;2;128;130;132m▀[0m[38;2;128;130;128m[48;2;132;135;139m▀[0m[38;2;117;122;123m[48;2;120;125;126m▀[0m[38;2;122;126;130m[48;2;63;72;79m▀[0m[38;2;255;255;255m[48;2;129;137;158m▀[0m[38;2;92;99;99m[48;2;105;105;97m▀[0m[38;2;146;155;151m[48;2;153;146;132m▀[0m[38;2;138;145;140m[48;2;140;133;109m▀[0m[38;2;171;179;184m[48;2;118;110;81m▀[0m[38;2;182;190;201m[48;2;46;44;42m▀[0m[38;2;114;123;127m[48;2;113;119;123m▀[0m[38;2;129;129;110m[48;2;149;140;104m▀[0m[38;2;150;144;119m[48;2;158;147;113m▀[0m[38;2;157;146;115m[48;2;170;153;112m▀[0m[38;2;178;163;115m[48;2;172;159;120m▀[0m[38;2;203;181;86m[48;2;170;158;81m▀[0m[38;2;92;97;70m[48;2;74;72;29m▀[0m[38;2;127;136;150m[48;2;117;127;151m▀[0m[38;2;128;130;130m[48;2;127;135;133m▀[0m[38;2;129;131;129m[48;2;129;129;131m▀[0m[38;2;130;130;130m[48;2;130;130;130m▀[0m[38;2;128;130;128m[48;2;130;132;130m▀[0m[38;2;129;131;131m[48;2;130;132;130m▀[0m[38;2;132;132;130m[48;2;131;131;129m▀[0m[38;2;131;131;129m[48;2;131;132;129m▀[0m[38;2;128;130;128m[48;2;129;131;129m▀[0m[38;2;129;129;129m[48;2;129;129;127m▀[0m[38;2;129;128;128m[48;2;130;129;127m▀[0m[38;2;128;129;126m[48;2;129;129;127m▀[0m[38;2;127;129;129m[48;2;127;130;127m▀[0m[38;2;129;126;135m[48;2;128;130;128m▀[0m[38;2;157;156;157m[48;2;160;160;158m▀[0m[38;2;36;37;34m[48;2;27;30;30m▀[0m[38;2;79;87;85m[48;2;47;51;51m▀[0m[38;2;153;153;154m[48;2;156;156;154m▀[0m[38;2;128;130;130m[48;2;128;131;131m▀[0m[38;2;119;122;119m[48;2;123;127;124m▀[0m[38;2;75;74;74m[48;2;117;116;117m▀[0m[38;2;198;200;198m[48;2;72;74;72m▀[0m[38;2;255;255;255m[48;2;194;198;195m▀[0m[38;2;255;255;255m[48;2;255;255;255m▀[0m[38;2;227;227;227m[48;2;255;255;255m▀[0m[38;2;89;89;89m[48;2;255;255;255m▀[0m[38;2;95;98;97m[48;2;108;108;108m▀[0m[38;2;124;124;122m[48;2;91;91;89m▀[0m[38;2;124;128;125m[48;2;120;122;118m▀[0m[38;2;130;132;130m[48;2;123;122;123m▀[0m
[38;2;105;104;98m[48;2;75;73;79m▀[0m[38;2;79;85;81m[48;2;223;226;228m▀[0m[38;2;255;255;255m[48;2;255;255;255m▀[0m[38;2;255;255;255m[48;2;255;255;255m▀[0m[38;2;255;255;255m[48;2;255;255;255m▀[0m[38;2;255;255;255m[48;2;99;99;97m▀[0m[38;2;90;92;90m[48;2;96;95;95m▀[0m[38;2;101;97;100m[48;2;124;125;117m▀[0m[38;2;124;122;125m[48;2;128;129;126m▀[0m[38;2;126;130;129m[48;2;128;131;130m▀[0m[38;2;128;130;130m[48;2;127;129;129m▀[0m[38;2;128;130;128m[48;2;130;131;128m▀[0m[38;2;129;130;127m[48;2;129;130;127m▀[0m[38;2;128;130;128m[48;2;128;130;128m▀[0m[38;2;130;130;128m[48;2;130;130;128m▀[0m[38;2;130;131;128m[48;2;130;130;128m▀[0m[38;2;130;131;128m[48;2;128;130;128m▀[0m[38;2;129;130;127m[48;2;128;130;128m▀[0m[38;2;132;131;131m[48;2;127;129;127m▀[0m[38;2;136;135;135m[48;2;131;132;128m▀[0m[38;2;149;151;153m[48;2;133;138;131m▀[0m[38;2;35;37;38m[48;2;155;159;155m▀[0m[38;2;55;57;57m[48;2;158;163;156m▀[0m[38;2;152;154;155m[48;2;122;125;124m▀[0m[38;2;142;142;143m[48;2;112;115;115m▀[0m[38;2;58;60;58m[48;2;41;42;38m▀[0m[38;2;136;138;136m[48;2;146;145;143m▀[0m[38;2;131;135;133m[48;2;128;132;129m▀[0m[38;2;130;130;128m[48;2;131;131;131m▀[0m[38;2;128;130;135m[48;2;128;130;128m▀[0m[38;2;137;143;147m[48;2;132;143;159m▀[0m[38;2;84;96;114m[48;2;45;60;83m▀[0m[38;2;63;63;52m[48;2;168;136;64m▀[0m[38;2;103;86;62m[48;2;219;173;82m▀[0m[38;2;147;124;76m[48;2;185;135;61m▀[0m[38;2;144;113;73m[48;2;231;192;118m▀[0m[38;2;137;104;70m[48;2;255;248;98m▀[0m[38;2;157;125;64m[48;2;255;243;0m▀[0m[38;2;193;162;78m[48;2;255;255;30m▀[0m[38;2;216;189;93m[48;2;255;241;15m▀[0m[38;2;198;168;86m[48;2;255;255;49m▀[0m[38;2;173;150;85m[48;2;255;241;50m▀[0m[38;2;157;149;98m[48;2;236;170;21m▀[0m[38;2;162;152;112m[48;2;204;179;93m▀[0m[38;2;181;164;83m[48;2;226;186;83m▀[0m[38;2;86;65;0m[48;2;179;139;14m▀[0m[38;2;81;92;128m[48;2;29;44;72m▀[0m[38;2;137;142;149m[48;2;132;143;173m▀[0m[38;2;128;130;131m[48;2;128;128;139m▀[0m[38;2;130;130;130m[48;2;129;131;132m▀[0m[38;2;129;131;129m[48;2;130;130;128m▀[0m[38;2;129;131;129m[48;2;130;130;128m▀[0m[38;2;128;130;128m[48;2;128;130;128m▀[0m[38;2;128;130;128m[48;2;129;129;127m▀[0m[38;2;128;130;128m[48;2;129;129;129m▀[0m[38;2;128;130;128m[48;2;129;129;129m▀[0m[38;2;128;130;128m[48;2;128;130;128m▀[0m[38;2;129;130;127m[48;2;128;130;128m▀[0m[38;2;127;129;129m[48;2;127;129;127m▀[0m[38;2;129;130;126m[48;2;126;128;126m▀[0m[38;2;155;155;155m[48;2;143;145;145m▀[0m[38;2;48;51;52m[48;2;63;71;71m▀[0m[38;2;117;120;120m[48;2;255;255;255m▀[0m[38;2;146;150;149m[48;2;146;151;152m▀[0m[38;2;127;129;129m[48;2;127;129;127m▀[0m[38;2;129;127;130m[48;2;129;131;129m▀[0m[38;2;124;123;124m[48;2;131;131;131m▀[0m[38;2;112;114;112m[48;2;120;124;120m▀[0m[38;2;73;73;68m[48;2;114;114;109m▀[0m[38;2;189;189;189m[48;2;75;75;73m▀[0m[38;2;255;255;255m[48;2;164;167;164m▀[0m[38;2;255;255;255m[48;2;255;255;255m▀[0m[38;2;255;255;255m[48;2;255;255;255m▀[0m[38;2;127;124;128m[48;2;255;255;255m▀[0m[38;2;90;90;88m[48;2;113;113;113m▀[0m[38;2;117;117;114m[48;2;91;95;91m▀[0m
[38;2;165;169;173m[48;2;226;230;228m▀[0m[38;2;255;255;255m[48;2;204;203;204m▀[0m[38;2;255;255;255m[48;2;115;115;115m▀[0m[38;2;223;226;226m[48;2;78;82;78m▀[0m[38;2;91;91;91m[48;2;105;109;108m▀[0m[38;2;97;97;98m[48;2;122;124;122m▀[0m[38;2;122;126;123m[48;2;128;130;128m▀[0m[38;2;129;130;126m[48;2;129;131;129m▀[0m[38;2;129;130;127m[48;2;128;130;128m▀[0m[38;2;129;129;127m[48;2;129;129;127m▀[0m[38;2;129;129;127m[48;2;128;130;128m▀[0m[38;2;128;130;128m[48;2;128;130;128m▀[0m[38;2;127;130;127m[48;2;128;130;128m▀[0m[38;2;127;130;129m[48;2;128;130;128m▀[0m[38;2;128;130;128m[48;2;129;129;127m▀[0m[38;2;128;128;126m[48;2;128;128;126m▀[0m[38;2;128;128;126m[48;2;128;129;126m▀[0m[38;2;129;129;127m[48;2;129;130;127m▀[0m[38;2;129;130;127m[48;2;129;129;127m▀[0m[38;2;128;128;126m[48;2;127;129;127m▀[0m[38;2;126;128;126m[48;2;127;129;127m▀[0m[38;2;127;129;127m[48;2;126;128;128m▀[0m[38;2;143;147;144m[48;2;147;150;152m▀[0m[38;2;100;103;104m[48;2;79;79;84m▀[0m[38;2;74;77;77m[48;2;59;65;76m▀[0m[38;2;82;84;84m[48;2;108;114;117m▀[0m[38;2;149;151;151m[48;2;142;146;146m▀[0m[38;2;128;130;132m[48;2;132;132;138m▀[0m[38;2;131;131;133m[48;2;129;132;139m▀[0m[38;2;131;132;147m[48;2;135;147;164m▀[0m[38;2;96;120;160m[48;2;64;77;93m▀[0m[38;2;86;76;36m[48;2;255;177;0m▀[0m[38;2;247;184;24m[48;2;255;201;0m▀[0m[38;2;230;155;0m[48;2;255;253;0m▀[0m[38;2;255;234;0m[48;2;246;225;34m▀[0m[38;2;255;224;0m[48;2;0;0;0m▀[0m[38;2;155;65;0m[48;2;151;182;255m▀[0m[38;2;164;105;0m[48;2;255;255;255m▀[0m[38;2;137;102;50m[48;2;255;255;255m▀[0m[38;2;114;77;12m[48;2;255;255;255m▀[0m[38;2;136;65;0m[48;2;255;255;255m▀[0m[38;2;184;66;0m[48;2;52;90;171m▀[0m[38;2;255;165;0m[48;2;0;0;0m▀[0m[38;2;255;217;0m[48;2;218;141;0m▀[0m[38;2;255;151;0m[48;2;255;255;102m▀[0m[38;2;255;193;0m[48;2;255;247;0m▀[0m[38;2;62;47;2m[48;2;204;122;0m▀[0m[38;2;93;116;167m[48;2;65;86;104m▀[0m[38;2;127;135;147m[48;2;138;152;160m▀[0m[38;2;131;129;136m[48;2;126;129;140m▀[0m[38;2;129;131;129m[48;2;128;130;131m▀[0m[38;2;130;130;128m[48;2;130;130;127m▀[0m[38;2;128;130;128m[48;2;128;130;128m▀[0m[38;2;128;130;128m[48;2;128;131;130m▀[0m[38;2;130;130;130m[48;2;129;131;131m▀[0m[38;2;130;129;127m[48;2;130;130;128m▀[0m[38;2;129;130;127m[48;2;128;130;128m▀[0m[38;2;129;129;129m[48;2;129;131;129m▀[0m[38;2;129;129;129m[48;2;131;131;131m▀[0m[38;2;125;127;127m[48;2;127;129;129m▀[0m[38;2;151;155;152m[48;2;137;138;135m▀[0m[38;2;14;18;15m[48;2;114;116;116m▀[0m[38;2;57;57;57m[48;2;178;179;176m▀[0m[38;2;119;126;125m[48;2;0;0;0m▀[0m[38;2;129;126;129m[48;2;140;142;143m▀[0m[38;2;137;133;136m[48;2;138;137;133m▀[0m[38;2;131;131;131m[48;2;129;131;129m▀[0m[38;2;130;130;130m[48;2;130;130;130m▀[0m[38;2;122;122;119m[48;2;130;130;128m▀[0m[38;2;117;117;112m[48;2;125;125;123m▀[0m[38;2;78;79;76m[48;2;122;120;118m▀[0m[38;2;123;126;125m[48;2;92;93;90m▀[0m[38;2;255;255;255m[48;2;90;91;87m▀[0m[38;2;255;255;255m[48;2;199;201;199m▀[0m[38;2;255;255;255m[48;2;255;255;255m▀[0m[38;2;75;74;75m[48;2;210;208;211m▀[0m
[38;2;100;99;99m[48;2;126;127;124m▀[0m[38;2;92;91;86m[48;2;124;126;126m▀[0m[38;2;108;106;104m[48;2;125;124;122m▀[0m[38;2;122;122;122m[48;2;127;127;124m▀[0m[38;2;120;124;123m[48;2;130;129;127m▀[0m[38;2;127;131;130m[48;2;130;130;128m▀[0m[38;2;130;132;130m[48;2;128;130;128m▀[0m[38;2;128;130;128m[48;2;129;129;127m▀[0m[38;2;129;129;127m[48;2;129;129;127m▀[0m[38;2;128;130;128m[48;2;130;130;128m▀[0m[38;2;129;129;127m[48;2;128;130;128m▀[0m[38;2;129;129;129m[48;2;129;130;127m▀[0m[38;2;130;130;130m[48;2;130;130;128m▀[0m[38;2;127;129;127m[48;2;129;129;129m▀[0m[38;2;126;128;128m[48;2;127;129;127m▀[0m[38;2;127;129;127m[48;2;127;129;129m▀[0m[38;2;127;129;127m[48;2;127;129;129m▀[0m[38;2;127;129;127m[48;2;129;129;129m▀[0m[38;2;128;130;128m[48;2;130;132;130m▀[0m[38;2;130;131;128m[48;2;131;132;129m▀[0m[38;2;130;132;130m[48;2;133;136;133m▀[0m[38;2;131;132;128m[48;2;133;136;136m▀[0m[38;2;143;145;145m[48;2;131;136;135m▀[0m[38;2;97;97;97m[48;2;130;130;132m▀[0m[38;2;149;162;174m[48;2;140;146;150m▀[0m[38;2;110;116;120m[48;2;127;127;125m▀[0m[38;2;139;142;142m[48;2;144;142;136m▀[0m[38;2;135;135;135m[48;2;147;140;132m▀[0m[38;2;151;151;144m[48;2;160;173;162m▀[0m[38;2;91;120;155m[48;2;74;68;64m▀[0m[38;2;147;93;0m[48;2;255;198;0m▀[0m[38;2;255;248;0m[48;2;255;249;0m▀[0m[38;2;255;232;0m[48;2;253;177;0m▀[0m[38;2;203;139;0m[48;2;0;0;0m▀[0m[38;2;0;0;0m[48;2;32;57;117m▀[0m[38;2;164;186;249m[48;2;255;255;255m▀[0m[38;2;255;255;255m[48;2;186;193;203m▀[0m[38;2;255;255;255m[48;2;255;255;255m▀[0m[38;2;255;255;255m[48;2;255;255;255m▀[0m[38;2;255;255;255m[48;2;255;255;255m▀[0m[38;2;255;255;255m[48;2;255;255;255m▀[0m[38;2;255;255;255m[48;2;227;230;236m▀[0m[38;2;255;255;255m[48;2;255;255;255m▀[0m[38;2;56;88;154m[48;2;222;237;255m▀[0m[38;2;77;95;123m[48;2;0;0;0m▀[0m[38;2;255;255;0m[48;2;58;5;0m▀[0m[38;2;255;232;0m[48;2;255;255;0m▀[0m[38;2;91;66;8m[48;2;226;127;0m▀[0m[38;2;131;147;154m[48;2;78;73;82m▀[0m[38;2;120;131;157m[48;2;152;158;159m▀[0m[38;2;125;130;136m[48;2;114;130;142m▀[0m[38;2;126;130;127m[48;2;128;131;136m▀[0m[38;2;130;130;128m[48;2;132;131;132m▀[0m[38;2;128;130;130m[48;2;128;130;128m▀[0m[38;2;128;130;128m[48;2;128;131;130m▀[0m[38;2;127;130;129m[48;2;126;124;118m▀[0m[38;2;129;131;131m[48;2;128;129;126m▀[0m[38;2;129;132;131m[48;2;130;135;130m▀[0m[38;2;129;131;129m[48;2;128;130;128m▀[0m[38;2;128;130;128m[48;2;129;131;129m▀[0m[38;2;137;138;135m[48;2;130;131;127m▀[0m[38;2;118;120;118m[48;2;138;139;135m▀[0m[38;2;0;0;0m[48;2;125;127;125m▀[0m[38;2;45;47;47m[48;2;145;146;143m▀[0m[38;2;152;151;152m[48;2;133;137;136m▀[0m[38;2;133;132;130m[48;2;136;135;132m▀[0m[38;2;129;131;129m[48;2;130;130;128m▀[0m[38;2;131;131;129m[48;2;128;130;128m▀[0m[38;2;130;130;128m[48;2;130;130;128m▀[0m[38;2;130;131;128m[48;2;130;131;128m▀[0m[38;2;124;126;126m[48;2;130;130;128m▀[0m[38;2;125;125;123m[48;2;127;131;125m▀[0m[38;2;112;115;111m[48;2;128;127;127m▀[0m[38;2;87;86;81m[48;2;127;126;126m▀[0m[38;2;112;115;112m[48;2;114;115;111m▀[0m[38;2;147;152;147m[48;2;105;108;108m▀[0m
[38;2;128;131;128m[48;2;128;131;130m▀[0m[38;2;129;130;127m[48;2;128;130;128m▀[0m[38;2;129;129;127m[48;2;127;130;126m▀[0m[38;2;129;129;129m[48;2;127;129;129m▀[0m[38;2;130;130;130m[48;2;130;130;130m▀[0m[38;2;130;130;130m[48;2;130;130;128m▀[0m[38;2;128;130;128m[48;2;129;130;127m▀[0m[38;2;129;130;127m[48;2;129;129;127m▀[0m[38;2;129;130;127m[48;2;129;129;127m▀[0m[38;2;129;129;127m[48;2;130;130;128m▀[0m[38;2;128;130;128m[48;2;130;130;128m▀[0m[38;2;130;130;128m[48;2;130;130;128m▀[0m[38;2;129;131;129m[48;2;130;130;128m▀[0m[38;2;127;129;127m[48;2;129;129;127m▀[0m[38;2;127;129;127m[48;2;128;128;128m▀[0m[38;2;133;135;131m[48;2;139;139;141m▀[0m[38;2;117;116;117m[48;2;96;95;96m▀[0m[38;2;126;126;126m[48;2;105;105;102m▀[0m[38;2;135;137;135m[48;2;143;145;143m▀[0m[38;2;129;131;129m[48;2;130;130;128m▀[0m[38;2;129;131;129m[48;2;129;130;127m▀[0m[38;2;129;132;131m[48;2;130;133;130m▀[0m[38;2;157;160;159m[48;2;159;163;163m▀[0m[38;2;14;18;22m[48;2;0;0;1m▀[0m[38;2;6;10;10m[48;2;81;83;71m▀[0m[38;2;171;164;155m[48;2;182;174;142m▀[0m[38;2;147;143;122m[48;2;187;176;117m▀[0m[38;2;183;184;136m[48;2;176;180;139m▀[0m[38;2;98;119;129m[48;2;91;59;12m▀[0m[38;2;196;117;0m[48;2;255;221;0m▀[0m[38;2;255;253;0m[48;2;255;221;0m▀[0m[38;2;255;231;0m[48;2;255;227;0m▀[0m[38;2;176;90;0m[48;2;255;156;0m▀[0m[38;2;0;0;0m[48;2;142;139;159m▀[0m[38;2;255;255;255m[48;2;255;255;255m▀[0m[38;2;255;255;255m[48;2;255;255;255m▀[0m[38;2;135;137;139m[48;2;151;154;154m▀[0m[38;2;255;255;255m[48;2;255;255;255m▀[0m[38;2;255;255;255m[48;2;255;255;255m▀[0m[38;2;255;255;255m[48;2;255;255;255m▀[0m[38;2;255;255;255m[48;2;255;255;255m▀[0m[38;2;145;149;150m[48;2;64;68;68m▀[0m[38;2;252;254;255m[48;2;255;255;255m▀[0m[38;2;190;219;255m[48;2;255;255;255m▀[0m[38;2;0;0;0m[48;2;18;5;0m▀[0m[38;2;195;88;0m[48;2;255;192;0m▀[0m[38;2;255;151;0m[48;2;255;207;0m▀[0m[38;2;255;244;0m[48;2;255;255;0m▀[0m[38;2;83;36;0m[48;2;240;143;0m▀[0m[38;2;151;140;115m[48;2;37;31;55m▀[0m[38;2;143;149;144m[48;2;207;192;126m▀[0m[38;2;124;133;133m[48;2;138;137;126m▀[0m[38;2;125;131;131m[48;2;132;135;132m▀[0m[38;2;130;130;132m[48;2;128;131;141m▀[0m[38;2;135;135;136m[48;2;132;136;138m▀[0m[38;2;119;119;114m[48;2;117;125;119m▀[0m[38;2;116;117;113m[48;2;93;98;99m▀[0m[38;2;136;138;136m[48;2;141;141;143m▀[0m[38;2;128;130;128m[48;2;129;131;129m▀[0m[38;2;128;130;128m[48;2;130;130;128m▀[0m[38;2;128;130;128m[48;2;129;131;129m▀[0m[38;2;136;135;132m[48;2;129;131;129m▀[0m[38;2;139;142;136m[48;2;131;131;126m▀[0m[38;2;133;135;131m[48;2;130;132;130m▀[0m[38;2;135;138;137m[48;2;81;83;84m▀[0m[38;2;137;136;137m[48;2;141;140;141m▀[0m[38;2;129;131;129m[48;2;132;130;128m▀[0m[38;2;130;131;128m[48;2;130;131;128m▀[0m[38;2;131;131;128m[48;2;130;130;128m▀[0m[38;2;130;130;128m[48;2;130;130;128m▀[0m[38;2;130;130;128m[48;2;129;129;127m▀[0m[38;2;129;130;127m[48;2;129;129;127m▀[0m[38;2;130;130;128m[48;2;131;131;129m▀[0m[38;2;126;130;129m[48;2;130;130;128m▀[0m[38;2;128;128;126m[48;2;131;130;128m▀[0m[38;2;129;129;126m[48;2;131;131;129m▀[0m
[38;2;129;132;131m[48;2;129;131;129m▀[0m[38;2;128;130;128m[48;2;130;130;128m▀[0m[38;2;128;131;128m[48;2;128;130;128m▀[0m[38;2;130;130;130m[48;2;129;129;129m▀[0m[38;2;130;130;130m[48;2;131;131;129m▀[0m[38;2;129;129;130m[48;2;130;130;128m▀[0m[38;2;128;130;128m[48;2;127;129;127m▀[0m[38;2;130;130;127m[48;2;129;129;126m▀[0m[38;2;129;129;127m[48;2;129;129;127m▀[0m[38;2;129;129;127m[48;2;128;130;128m▀[0m[38;2;130;130;128m[48;2;129;129;127m▀[0m[38;2;130;131;128m[48;2;129;130;127m▀[0m[38;2;130;130;128m[48;2;128;130;128m▀[0m[38;2;129;129;129m[48;2;130;130;130m▀[0m[38;2;128;128;126m[48;2;129;129;129m▀[0m[38;2;139;142;142m[48;2;139;145;142m▀[0m[38;2;95;97;95m[48;2;100;99;100m▀[0m[38;2;88;88;83m[48;2;76;79;75m▀[0m[38;2;146;152;147m[48;2;154;153;150m▀[0m[38;2;128;131;128m[48;2;130;130;127m▀[0m[38;2;130;130;127m[48;2;130;131;127m▀[0m[38;2;136;140;136m[48;2;143;147;147m▀[0m[38;2;136;143;147m[48;2;115;120;129m▀[0m[38;2;0;7;19m[48;2;21;27;19m▀[0m[38;2;164;157;120m[48;2;213;194;118m▀[0m[38;2;196;178;119m[48;2;239;218;118m▀[0m[38;2;222;210;124m[48;2;111;120;104m▀[0m[38;2;25;37;68m[48;2;29;0;0m▀[0m[38;2;234;135;0m[48;2;255;254;0m▀[0m[38;2;255;246;0m[48;2;255;211;0m▀[0m[38;2;255;201;0m[48;2;255;208;0m▀[0m[38;2;255;238;0m[48;2;255;216;0m▀[0m[38;2;199;109;0m[48;2;169;126;38m▀[0m[38;2;250;255;255m[48;2;255;255;255m▀[0m[38;2;255;255;255m[48;2;5;12;24m▀[0m[38;2;255;255;255m[48;2;0;0;0m▀[0m[38;2;244;244;244m[48;2;0;0;0m▀[0m[38;2;186;186;186m[48;2;198;204;198m▀[0m[38;2;255;255;255m[48;2;255;255;255m▀[0m[38;2;255;255;255m[48;2;255;255;255m▀[0m[38;2;179;187;182m[48;2;245;245;245m▀[0m[38;2;127;127;131m[48;2;255;255;255m▀[0m[38;2;255;255;255m[48;2;255;255;255m▀[0m[38;2;255;255;255m[48;2;255;255;255m▀[0m[38;2;145;157;199m[48;2;255;255;255m▀[0m[38;2;255;137;0m[48;2;189;111;0m▀[0m[38;2;255;243;0m[48;2;255;225;0m▀[0m[38;2;255;219;0m[48;2;255;211;0m▀[0m[38;2;255;255;0m[48;2;255;237;0m▀[0m[38;2;61;16;0m[48;2;255;184;0m▀[0m[38;2;112;106;87m[48;2;0;0;4m▀[0m[38;2;212;187;109m[48;2;209;179;93m▀[0m[38;2;147;137;118m[48;2;195;170;99m▀[0m[38;2;133;136;137m[48;2;153;145;109m▀[0m[38;2;133;133;136m[48;2;132;135;116m▀[0m[38;2;127;129;129m[48;2;140;147;142m▀[0m[38;2;68;72;76m[48;2;64;68;72m▀[0m[38;2;141;141;145m[48;2;113;119;118m▀[0m[38;2;135;137;135m[48;2;146;145;145m▀[0m[38;2;130;135;128m[48;2;133;133;131m▀[0m[38;2;130;131;128m[48;2;130;130;128m▀[0m[38;2;133;131;129m[48;2;133;137;133m▀[0m[38;2;131;135;131m[48;2;137;139;137m▀[0m[38;2;139;141;139m[48;2;151;153;151m▀[0m[38;2;25;28;30m[48;2;4;6;8m▀[0m[38;2;120;123;123m[48;2;147;150;151m▀[0m[38;2;133;135;131m[48;2;137;139;140m▀[0m[38;2;129;129;127m[48;2;127;129;129m▀[0m[38;2;129;130;127m[48;2;128;130;130m▀[0m[38;2;130;130;128m[48;2;130;130;127m▀[0m[38;2;130;130;128m[48;2;130;130;127m▀[0m[38;2;130;130;127m[48;2;130;130;128m▀[0m[38;2;131;131;129m[48;2;130;130;128m▀[0m[38;2;130;130;128m[48;2;130;129;127m▀[0m[38;2;130;130;127m[48;2;130;130;127m▀[0m[38;2;131;131;129m[48;2;129;131;129m▀[0m
[38;2;131;130;130m[48;2;131;130;130m▀[0m[38;2;130;130;128m[48;2;129;129;127m▀[0m[38;2;128;130;128m[48;2;127;129;127m▀[0m[38;2;129;129;129m[48;2;127;130;127m▀[0m[38;2;130;130;130m[48;2;128;131;130m▀[0m[38;2;130;130;128m[48;2;129;131;129m▀[0m[38;2;129;129;127m[48;2;130;130;127m▀[0m[38;2;129;129;127m[48;2;129;129;127m▀[0m[38;2;129;129;127m[48;2;129;129;127m▀[0m[38;2;129;129;129m[48;2;129;129;127m▀[0m[38;2;129;129;127m[48;2;129;129;127m▀[0m[38;2;127;129;127m[48;2;128;130;128m▀[0m[38;2;129;130;127m[48;2;129;130;127m▀[0m[38;2;130;130;130m[48;2;128;130;128m▀[0m[38;2;128;130;128m[48;2;130;132;133m▀[0m[38;2;142;149;145m[48;2;150;152;150m▀[0m[38;2;95;97;95m[48;2;82;84;84m▀[0m[38;2;69;72;65m[48;2;57;57;55m▀[0m[38;2;154;151;153m[48;2;153;155;155m▀[0m[38;2;129;129;129m[48;2;130;130;131m▀[0m[38;2;130;130;124m[48;2;133;132;130m▀[0m[38;2;151;154;153m[48;2;170;166;140m▀[0m[38;2;86;93;111m[48;2;71;75;72m▀[0m[38;2;62;59;24m[48;2;112;104;35m▀[0m[38;2;247;221;117m[48;2;255;255;128m▀[0m[38;2;246;230;135m[48;2;97;95;69m▀[0m[38;2;0;0;7m[48;2;12;0;0m▀[0m[38;2;255;167;0m[48;2;255;255;0m▀[0m[38;2;255;254;0m[48;2;255;255;0m▀[0m[38;2;255;211;0m[48;2;255;255;0m▀[0m[38;2;255;228;0m[48;2;255;255;0m▀[0m[38;2;255;169;0m[48;2;150;82;0m▀[0m[38;2;210;214;246m[48;2;255;255;255m▀[0m[38;2;95;117;158m[48;2;0;0;0m▀[0m[38;2;0;0;0m[48;2;1;11;21m▀[0m[38;2;0;0;0m[48;2;12;15;20m▀[0m[38;2;0;0;0m[48;2;0;0;0m▀[0m[38;2;238;240;238m[48;2;179;181;179m▀[0m[38;2;255;255;255m[48;2;255;255;255m▀[0m[38;2;255;255;255m[48;2;255;255;255m▀[0m[38;2;255;255;255m[48;2;255;255;255m▀[0m[38;2;255;255;255m[48;2;255;255;255m▀[0m[38;2;255;255;255m[48;2;255;255;255m▀[0m[38;2;131;137;146m[48;2;0;0;0m▀[0m[38;2;128;149;197m[48;2;0;0;0m▀[0m[38;2;164;176;210m[48;2;255;255;255m▀[0m[38;2;255;149;0m[48;2;73;36;0m▀[0m[38;2;255;237;0m[48;2;255;245;0m▀[0m[38;2;255;207;0m[48;2;255;235;0m▀[0m[38;2;255;255;0m[48;2;255;220;0m▀[0m[38;2;135;62;0m[48;2;255;246;0m▀[0m[38;2;19;30;59m[48;2;0;0;0m▀[0m[38;2;255;220;99m[48;2;159;144;78m▀[0m[38;2;189;163;93m[48;2;249;212;95m▀[0m[38;2;152;144;105m[48;2;190;164;96m▀[0m[38;2;146;146;138m[48;2;150;144;111m▀[0m[38;2;98;106;105m[48;2;150;151;142m▀[0m[38;2;54;59;73m[48;2;8;15;29m▀[0m[38;2;159;163;164m[48;2;83;88;103m▀[0m[38;2;137;137;135m[48;2;132;132;135m▀[0m[38;2;129;129;127m[48;2;133;136;136m▀[0m[38;2;137;140;133m[48;2;144;147;141m▀[0m[38;2;125;128;125m[48;2;111;112;105m▀[0m[38;2;133;137;133m[48;2;78;81;78m▀[0m[38;2;17;19;19m[48;2;62;64;65m▀[0m[38;2;255;255;254m[48;2;129;127;131m▀[0m[38;2;166;167;164m[48;2;93;95;91m▀[0m[38;2;126;128;126m[48;2;143;145;143m▀[0m[38;2;129;131;129m[48;2;129;129;127m▀[0m[38;2;130;130;127m[48;2;130;130;128m▀[0m[38;2;130;130;128m[48;2;130;130;128m▀[0m[38;2;130;130;128m[48;2;130;130;128m▀[0m[38;2;130;130;128m[48;2;130;130;128m▀[0m[38;2;128;130;128m[48;2;129;129;127m▀[0m[38;2;127;129;127m[48;2;128;130;128m▀[0m[38;2;128;130;128m[48;2;130;130;128m▀[0m
[38;2;129;131;129m[48;2;130;130;128m▀[0m[38;2;129;129;127m[48;2;128;128;128m▀[0m[38;2;127;128;125m[48;2;128;128;126m▀[0m[38;2;128;129;126m[48;2;128;130;128m▀[0m[38;2;128;130;130m[48;2;129;129;129m▀[0m[38;2;129;131;129m[48;2;128;130;128m▀[0m[38;2;129;129;127m[48;2;128;130;128m▀[0m[38;2;129;129;129m[48;2;130;130;130m▀[0m[38;2;128;130;128m[48;2;128;130;128m▀[0m[38;2;129;129;127m[48;2;130;130;128m▀[0m[38;2;129;129;127m[48;2;130;131;128m▀[0m[38;2;129;130;127m[48;2;130;131;128m▀[0m[38;2;131;131;128m[48;2;131;130;128m▀[0m[38;2;131;131;129m[48;2;131;131;129m▀[0m[38;2;131;133;131m[48;2;132;131;128m▀[0m[38;2;156;158;159m[48;2;158;162;163m▀[0m[38;2;64;68;70m[48;2;34;39;46m▀[0m[38;2;48;48;50m[48;2;46;48;55m▀[0m[38;2;159;159;162m[48;2;165;168;164m▀[0m[38;2;137;133;138m[48;2;152;147;123m▀[0m[38;2;146;143;127m[48;2;180;166;112m▀[0m[38;2;197;184;128m[48;2;206;186;106m▀[0m[38;2;57;58;36m[48;2;45;41;16m▀[0m[38;2;192;166;59m[48;2;255;246;77m▀[0m[38;2;255;235;95m[48;2;34;18;0m▀[0m[38;2;0;0;0m[48;2;137;151;201m▀[0m[38;2;0;0;0m[48;2;255;255;255m▀[0m[38;2;208;142;0m[48;2;223;250;255m▀[0m[38;2;255;185;0m[48;2;35;68;155m▀[0m[38;2;140;92;0m[48;2;0;0;0m▀[0m[38;2;0;0;0m[48;2;0;0;0m▀[0m[38;2;159;177;237m[48;2;255;255;255m▀[0m[38;2;255;255;255m[48;2;255;255;255m▀[0m[38;2;0;0;2m[48;2;56;56;60m▀[0m[38;2;131;133;140m[48;2;96;100;103m▀[0m[38;2;22;27;28m[48;2;22;27;31m▀[0m[38;2;0;0;0m[48;2;0;0;0m▀[0m[38;2;166;169;169m[48;2;153;156;156m▀[0m[38;2;255;255;255m[48;2;255;255;255m▀[0m[38;2;255;255;255m[48;2;255;255;255m▀[0m[38;2;255;255;255m[48;2;255;255;255m▀[0m[38;2;255;255;255m[48;2;0;2;1m▀[0m[38;2;255;255;255m[48;2;255;255;255m▀[0m[38;2;0;0;0m[48;2;0;0;0m▀[0m[38;2;0;0;0m[48;2;0;0;0m▀[0m[38;2;255;255;255m[48;2;225;232;245m▀[0m[38;2;158;183;255m[48;2;255;255;255m▀[0m[38;2;96;51;0m[48;2;87;116;192m▀[0m[38;2;255;227;0m[48;2;0;0;0m▀[0m[38;2;255;255;0m[48;2;66;42;0m▀[0m[38;2;255;255;0m[48;2;168;102;0m▀[0m[38;2;255;179;0m[48;2;170;102;0m▀[0m[38;2;0;0;5m[48;2;0;0;0m▀[0m[38;2;255;234;85m[48;2;64;56;12m▀[0m[38;2;233;197;81m[48;2;255;232;65m▀[0m[38;2;187;165;90m[48;2;219;182;68m▀[0m[38;2;184;176;133m[48;2;198;177;88m▀[0m[38;2;58;64;65m[48;2;173;165;127m▀[0m[38;2;24;31;50m[48;2;0;0;14m▀[0m[38;2;209;212;213m[48;2;149;154;167m▀[0m[38;2;132;132;132m[48;2;141;145;149m▀[0m[38;2;155;155;156m[48;2;164;164;164m▀[0m[38;2;84;86;84m[48;2;50;49;49m▀[0m[38;2;63;65;63m[48;2;66;69;69m▀[0m[38;2;69;71;72m[48;2;127;126;124m▀[0m[38;2;68;70;72m[48;2;29;31;32m▀[0m[38;2;75;79;78m[48;2;146;145;143m▀[0m[38;2;147;149;144m[48;2;133;135;131m▀[0m[38;2;129;130;127m[48;2;130;135;128m▀[0m[38;2;131;131;129m[48;2;131;131;129m▀[0m[38;2;130;130;128m[48;2;131;131;129m▀[0m[38;2;130;130;128m[48;2;131;131;128m▀[0m[38;2;130;130;128m[48;2;130;130;128m▀[0m[38;2;130;130;128m[48;2;129;129;129m▀[0m[38;2;130;130;130m[48;2;130;130;130m▀[0m[38;2;129;131;129m[48;2;130;130;128m▀[0m
[38;2;130;130;128m[48;2;130;130;128m▀[0m[38;2;128;130;128m[48;2;130;130;128m▀[0m[38;2;128;130;128m[48;2;129;129;127m▀[0m[38;2;127;129;127m[48;2;127;129;127m▀[0m[38;2;129;129;127m[48;2;130;130;128m▀[0m[38;2;129;129;127m[48;2;129;129;127m▀[0m[38;2;130;130;128m[48;2;128;130;128m▀[0m[38;2;130;130;128m[48;2;128;130;128m▀[0m[38;2;129;129;129m[48;2;129;129;127m▀[0m[38;2;129;131;129m[48;2;130;130;128m▀[0m[38;2;131;131;129m[48;2;131;131;128m▀[0m[38;2;130;130;128m[48;2;130;130;128m▀[0m[38;2;130;130;128m[48;2;128;131;130m▀[0m[38;2;130;130;128m[48;2;125;131;128m▀[0m[38;2;128;128;132m[48;2;130;126;122m▀[0m[38;2;152;156;157m[48;2;171;172;162m▀[0m[38;2;0;1;16m[48;2;0;4;23m▀[0m[38;2;63;66;59m[48;2;124;116;88m▀[0m[38;2;183;178;145m[48;2;208;187;116m▀[0m[38;2;176;164;103m[48;2;207;179;90m▀[0m[38;2;223;200;106m[48;2;255;235;95m▀[0m[38;2;166;156;76m[48;2;130;119;51m▀[0m[38;2;100;87;27m[48;2;56;54;29m▀[0m[38;2;213;186;78m[48;2;0;0;0m▀[0m[38;2;0;0;0m[48;2;74;81;96m▀[0m[38;2;72;77;101m[48;2;241;241;244m▀[0m[38;2;255;255;255m[48;2;36;39;44m▀[0m[38;2;35;38;49m[48;2;0;0;0m▀[0m[38;2;0;0;0m[48;2;0;0;0m▀[0m[38;2;0;0;0m[48;2;196;198;198m▀[0m[38;2;126;128;135m[48;2;29;32;37m▀[0m[38;2;255;255;255m[48;2;255;255;255m▀[0m[38;2;255;255;255m[48;2;255;255;255m▀[0m[38;2;0;0;0m[48;2;0;0;0m▀[0m[38;2;6;10;9m[48;2;17;19;17m▀[0m[38;2;0;0;0m[48;2;0;0;0m▀[0m[38;2;0;0;0m[48;2;0;0;0m▀[0m[38;2;150;156;153m[48;2;171;176;176m▀[0m[38;2;255;255;255m[48;2;255;255;255m▀[0m[38;2;255;255;255m[48;2;255;255;255m▀[0m[38;2;196;196;190m[48;2;56;55;52m▀[0m[38;2;0;0;0m[48;2;0;0;0m▀[0m[38;2;255;255;255m[48;2;231;234;234m▀[0m[38;2;0;0;0m[48;2;0;0;0m▀[0m[38;2;81;81;85m[48;2;151;154;154m▀[0m[38;2;213;218;222m[48;2;98;96;100m▀[0m[38;2;255;255;255m[48;2;0;0;0m▀[0m[38;2;255;255;255m[48;2;255;255;255m▀[0m[38;2;0;0;0m[48;2;43;46;51m▀[0m[38;2;0;0;0m[48;2;0;0;0m▀[0m[38;2;0;0;0m[48;2;0;0;0m▀[0m[38;2;0;0;0m[48;2;0;0;0m▀[0m[38;2;0;0;0m[48;2;0;0;0m▀[0m[38;2;0;0;0m[48;2;147;155;184m▀[0m[38;2;195;164;47m[48;2;170;181;200m▀[0m[38;2;255;227;52m[48;2;176;131;0m▀[0m[38;2;218;183;75m[48;2;255;240;72m▀[0m[38;2;233;213;115m[48;2;246;208;82m▀[0m[38;2;42;43;32m[48;2;166;151;69m▀[0m[38;2;0;0;0m[48;2;0;0;0m▀[0m[38;2;150;152;156m[48;2;140;145;152m▀[0m[38;2;170;172;173m[48;2;177;177;171m▀[0m[38;2;15;14;15m[48;2;0;0;0m▀[0m[38;2;71;70;70m[48;2;79;79;87m▀[0m[38;2;174;178;171m[48;2;158;162;160m▀[0m[38;2;156;158;156m[48;2;126;126;127m▀[0m[38;2;136;135;135m[48;2;127;129;130m▀[0m[38;2;130;130;131m[48;2;130;130;128m▀[0m[38;2;131;132;129m[48;2;130;130;128m▀[0m[38;2;132;132;130m[48;2;130;130;128m▀[0m[38;2;131;132;129m[48;2;130;130;128m▀[0m[38;2;130;130;128m[48;2;130;130;128m▀[0m[38;2;129;129;127m[48;2;130;131;128m▀[0m[38;2;130;130;128m[48;2;131;132;129m▀[0m[38;2;130;132;130m[48;2;131;132;129m▀[0m[38;2;131;131;129m[48;2;131;131;129m▀[0m
[38;2;129;131;129m[48;2;130;130;130m▀[0m[38;2;131;131;129m[48;2;131;131;129m▀[0m[38;2;129;129;127m[48;2;130;130;128m▀[0m[38;2;129;129;127m[48;2;130;130;128m▀[0m[38;2;130;131;128m[48;2;131;131;129m▀[0m[38;2;129;129;127m[48;2;128;130;128m▀[0m[38;2;128;130;128m[48;2;130;130;128m▀[0m[38;2;129;129;127m[48;2;130;131;128m▀[0m[38;2;130;130;128m[48;2;131;130;128m▀[0m[38;2;131;131;128m[48;2;131;131;128m▀[0m[38;2;130;130;127m[48;2;124;127;127m▀[0m[38;2;124;128;128m[48;2;132;130;124m▀[0m[38;2;129;129;129m[48;2;139;139;118m▀[0m[38;2;141;138;123m[48;2;151;145;117m▀[0m[38;2;136;129;95m[48;2;153;146;100m▀[0m[38;2;207;210;207m[48;2;201;212;228m▀[0m[38;2;39;45;62m[48;2;89;81;50m▀[0m[38;2;186;160;95m[48;2;240;200;70m▀[0m[38;2;216;189;97m[48;2;232;193;76m▀[0m[38;2;238;198;73m[48;2;255;255;85m▀[0m[38;2;255;255;96m[48;2;201;179;77m▀[0m[38;2;43;41;18m[48;2;0;0;0m▀[0m[38;2;0;0;0m[48;2;0;0;0m▀[0m[38;2;0;0;0m[48;2;0;0;0m▀[0m[38;2;0;0;0m[48;2;0;0;0m▀[0m[38;2;255;255;255m[48;2;255;255;255m▀[0m[38;2;176;172;176m[48;2;0;0;0m▀[0m[38;2;75;74;71m[48;2;0;0;0m▀[0m[38;2;125;124;124m[48;2;0;0;0m▀[0m[38;2;31;31;29m[48;2;0;0;0m▀[0m[38;2;0;0;0m[48;2;24;32;54m▀[0m[38;2;235;237;246m[48;2;200;201;198m▀[0m[38;2;147;151;155m[48;2;0;6;7m▀[0m[38;2;255;255;255m[48;2;159;162;166m▀[0m[38;2;0;0;0m[48;2;12;19;18m▀[0m[38;2;0;0;0m[48;2;0;0;0m▀[0m[38;2;0;0;0m[48;2;0;0;0m▀[0m[38;2;147;155;153m[48;2;109;113;113m▀[0m[38;2;255;255;255m[48;2;255;255;255m▀[0m[38;2;255;255;255m[48;2;255;255;255m▀[0m[38;2;0;0;0m[48;2;0;0;0m▀[0m[38;2;0;0;0m[48;2;0;0;0m▀[0m[38;2;185;190;190m[48;2;217;214;218m▀[0m[38;2;0;0;0m[48;2;0;0;0m▀[0m[38;2;138;138;138m[48;2;136;136;136m▀[0m[38;2;101;101;103m[48;2;62;64;64m▀[0m[38;2;0;0;0m[48;2;5;5;7m▀[0m[38;2;255;255;255m[48;2;185;189;187m▀[0m[38;2;203;206;207m[48;2;0;0;0m▀[0m[38;2;0;0;0m[48;2;195;195;197m▀[0m[38;2;0;0;0m[48;2;96;96;97m▀[0m[38;2;0;0;0m[48;2;115;115;115m▀[0m[38;2;0;0;0m[48;2;255;255;255m▀[0m[38;2;255;255;255m[48;2;255;255;255m▀[0m[38;2;0;2;33m[48;2;0;0;0m▀[0m[38;2;0;0;0m[48;2;0;0;0m▀[0m[38;2;253;204;42m[48;2;0;0;0m▀[0m[38;2;255;245;59m[48;2;255;214;44m▀[0m[38;2;243;199;50m[48;2;255;255;49m▀[0m[38;2;18;25;30m[48;2;90;72;16m▀[0m[38;2;195;203;217m[48;2;128;125;108m▀[0m[38;2;183;179;153m[48;2;245;217;117m▀[0m[38;2;0;0;0m[48;2;0;0;0m▀[0m[38;2;91;95;93m[48;2;95;95;69m▀[0m[38;2;164;162;156m[48;2;185;176;138m▀[0m[38;2;130;130;135m[48;2;138;136;122m▀[0m[38;2;124;130;131m[48;2;130;135;123m▀[0m[38;2;130;130;128m[48;2;129;130;127m▀[0m[38;2;130;130;127m[48;2;128;131;127m▀[0m[38;2;130;130;127m[48;2;130;130;127m▀[0m[38;2;130;130;128m[48;2;130;130;127m▀[0m[38;2;130;131;128m[48;2;130;130;127m▀[0m[38;2;131;131;128m[48;2;130;130;128m▀[0m[38;2;130;130;128m[48;2;131;131;128m▀[0m[38;2;130;132;130m[48;2;130;131;128m▀[0m[38;2;131;131;129m[48;2;129;131;129m▀[0m
[38;2;129;129;129m[48;2;130;130;128m▀[0m[38;2;130;130;128m[48;2;131;130;128m▀[0m[38;2;130;130;128m[48;2;130;130;128m▀[0m[38;2;128;130;128m[48;2;129;129;127m▀[0m[38;2;130;130;128m[48;2;128;130;128m▀[0m[38;2;130;130;128m[48;2;130;130;128m▀[0m[38;2;131;131;129m[48;2;130;130;128m▀[0m[38;2;131;132;129m[48;2;126;128;129m▀[0m[38;2;128;128;128m[48;2;127;129;127m▀[0m[38;2;128;128;128m[48;2;138;133;119m▀[0m[38;2;133;132;123m[48;2;141;141;116m▀[0m[38;2;141;140;118m[48;2;155;147;111m▀[0m[38;2;152;147;113m[48;2;170;158;100m▀[0m[38;2;159;156;98m[48;2;189;164;78m▀[0m[38;2;195;187;102m[48;2;223;207;112m▀[0m[38;2;165;178;198m[48;2;91;99;108m▀[0m[38;2;150;120;20m[48;2;224;176;18m▀[0m[38;2;255;219;65m[48;2;255;255;98m▀[0m[38;2;255;252;92m[48;2;195;167;76m▀[0m[38;2;214;185;82m[48;2;0;0;0m▀[0m[38;2;0;0;0m[48;2;0;0;0m▀[0m[38;2;0;0;0m[48;2;0;0;0m▀[0m[38;2;0;0;0m[48;2;0;0;0m▀[0m[38;2;0;0;0m[48;2;0;0;0m▀[0m[38;2;46;50;51m[48;2;15;18;18m▀[0m[38;2;255;255;255m[48;2;130;133;132m▀[0m[38;2;1;4;4m[48;2;0;0;0m▀[0m[38;2;0;0;0m[48;2;0;0;0m▀[0m[38;2;0;0;0m[48;2;0;0;0m▀[0m[38;2;0;0;0m[48;2;2;5;18m▀[0m[38;2;219;224;238m[48;2;255;255;255m▀[0m[38;2;186;185;180m[48;2;56;57;54m▀[0m[38;2;154;154;156m[48;2;255;255;255m▀[0m[38;2;50;52;54m[48;2;204;203;200m▀[0m[38;2;48;52;52m[48;2;14;16;18m▀[0m[38;2;0;0;0m[48;2;0;0;0m▀[0m[38;2;0;0;0m[48;2;0;0;0m▀[0m[38;2;70;72;72m[48;2;44;46;46m▀[0m[38;2;255;255;255m[48;2;255;255;255m▀[0m[38;2;255;255;255m[48;2;255;255;255m▀[0m[38;2;0;0;0m[48;2;0;0;0m▀[0m[38;2;0;0;0m[48;2;0;0;0m▀[0m[38;2;255;255;255m[48;2;255;255;255m▀[0m[38;2;167;167;168m[48;2;255;255;255m▀[0m[38;2;248;248;246m[48;2;255;255;255m▀[0m[38;2;25;28;28m[48;2;0;0;0m▀[0m[38;2;6;6;11m[48;2;35;35;39m▀[0m[38;2;255;255;255m[48;2;255;255;255m▀[0m[38;2;0;0;0m[48;2;226;226;226m▀[0m[38;2;0;0;0m[48;2;0;0;0m▀[0m[38;2;255;255;255m[48;2;255;255;255m▀[0m[38;2;255;255;255m[48;2;255;255;255m▀[0m[38;2;255;255;255m[48;2;76;78;81m▀[0m[38;2;0;0;0m[48;2;38;45;49m▀[0m[38;2;0;0;0m[48;2;0;0;0m▀[0m[38;2;0;0;0m[48;2;0;0;0m▀[0m[38;2;0;0;0m[48;2;0;0;0m▀[0m[38;2;0;0;0m[48;2;0;0;0m▀[0m[38;2;255;216;42m[48;2;0;0;0m▀[0m[38;2;255;233;47m[48;2;237;187;50m▀[0m[38;2;207;167;37m[48;2;255;255;71m▀[0m[38;2;255;231;86m[48;2;255;253;86m▀[0m[38;2;0;0;0m[48;2;10;1;0m▀[0m[38;2;96;103;98m[48;2;89;108;150m▀[0m[38;2;214;197;126m[48;2;252;230;159m▀[0m[38;2;159;144;100m[48;2;176;152;84m▀[0m[38;2;146;142;117m[48;2;157;147;108m▀[0m[38;2;133;138;124m[48;2;150;143;118m▀[0m[38;2;132;133;125m[48;2;143;141;127m▀[0m[38;2;127;131;128m[48;2;138;137;130m▀[0m[38;2;127;131;128m[48;2;129;132;129m▀[0m[38;2;130;130;127m[48;2;130;131;128m▀[0m[38;2;130;131;128m[48;2;131;131;129m▀[0m[38;2;131;131;128m[48;2;129;131;129m▀[0m[38;2;130;131;127m[48;2;129;130;127m▀[0m[38;2;130;131;128m[48;2;131;132;128m▀[0m
[38;2;129;130;127m[48;2;129;129;127m▀[0m[38;2;129;130;127m[48;2;130;130;128m▀[0m[38;2;128;130;128m[48;2;130;130;128m▀[0m[38;2;128;130;128m[48;2;129;129;129m▀[0m[38;2;131;131;129m[48;2;128;131;131m▀[0m[38;2;130;131;128m[48;2;128;128;132m▀[0m[38;2;132;132;129m[48;2;138;136;129m▀[0m[38;2;133;135;130m[48;2;144;141;117m▀[0m[38;2;143;139;119m[48;2;150;145;111m▀[0m[38;2;152;144;115m[48;2;159;151;110m▀[0m[38;2;157;149;112m[48;2;172;158;103m▀[0m[38;2;174;159;99m[48;2;193;167;91m▀[0m[38;2;190;169;90m[48;2;218;187;91m▀[0m[38;2;224;190;81m[48;2;244;216;95m▀[0m[38;2;197;191;133m[48;2;111;115;112m▀[0m[38;2;135;122;72m[48;2;144;119;61m▀[0m[38;2;255;255;73m[48;2;64;50;16m▀[0m[38;2;131;114;51m[48;2;0;0;0m▀[0m[38;2;0;0;0m[48;2;0;0;0m▀[0m[38;2;0;0;0m[48;2;0;0;0m▀[0m[38;2;0;0;0m[48;2;0;0;0m▀[0m[38;2;0;0;0m[48;2;0;1;1m▀[0m[38;2;0;0;0m[48;2;1;1;1m▀[0m[38;2;0;0;0m[48;2;0;0;0m▀[0m[38;2;0;0;0m[48;2;0;0;0m▀[0m[38;2;0;0;0m[48;2;0;0;0m▀[0m[38;2;0;0;0m[48;2;0;0;0m▀[0m[38;2;0;0;0m[48;2;0;0;0m▀[0m[38;2;0;0;0m[48;2;0;0;0m▀[0m[38;2;196;199;206m[48;2;255;255;255m▀[0m[38;2;255;255;255m[48;2;36;39;41m▀[0m[38;2;0;0;0m[48;2;0;0;0m▀[0m[38;2;204;206;208m[48;2;27;24;28m▀[0m[38;2;255;255;255m[48;2;255;255;255m▀[0m[38;2;72;70;74m[48;2;150;150;150m▀[0m[38;2;0;0;0m[48;2;0;0;0m▀[0m[38;2;0;0;0m[48;2;0;0;0m▀[0m[38;2;12;15;15m[48;2;0;0;0m▀[0m[38;2;255;255;255m[48;2;255;255;255m▀[0m[38;2;255;255;255m[48;2;255;255;255m▀[0m[38;2;0;0;0m[48;2;0;0;0m▀[0m[38;2;2;2;6m[48;2;25;29;33m▀[0m[38;2;0;0;0m[48;2;0;0;0m▀[0m[38;2;255;255;255m[48;2;63;63;64m▀[0m[38;2;255;255;255m[48;2;198;198;200m▀[0m[38;2;0;0;0m[48;2;0;0;0m▀[0m[38;2;133;133;136m[48;2;108;111;116m▀[0m[38;2;185;185;183m[48;2;57;59;61m▀[0m[38;2;140;143;143m[48;2;0;0;0m▀[0m[38;2;255;255;255m[48;2;98;98;96m▀[0m[38;2;255;255;255m[48;2;255;255;255m▀[0m[38;2;233;232;226m[48;2;83;82;74m▀[0m[38;2;81;85;88m[48;2;86;93;97m▀[0m[38;2;27;30;36m[48;2;0;0;0m▀[0m[38;2;0;0;0m[48;2;0;0;0m▀[0m[38;2;0;0;0m[48;2;0;0;0m▀[0m[38;2;0;0;0m[48;2;1;0;1m▀[0m[38;2;0;0;0m[48;2;0;0;0m▀[0m[38;2;0;0;0m[48;2;0;0;0m▀[0m[38;2;0;0;0m[48;2;0;0;0m▀[0m[38;2;180;147;44m[48;2;0;0;0m▀[0m[38;2;255;255;96m[48;2;195;163;49m▀[0m[38;2;118;89;0m[48;2;255;246;42m▀[0m[38;2;0;0;41m[48;2;0;0;0m▀[0m[38;2;255;255;212m[48;2;208;217;192m▀[0m[38;2;196;159;76m[48;2;243;214;111m▀[0m[38;2;186;160;97m[48;2;192;171;88m▀[0m[38;2;159;150;109m[48;2;179;166;102m▀[0m[38;2;144;143;124m[48;2;143;138;112m▀[0m[38;2;150;145;129m[48;2;136;135;119m▀[0m[38;2;138;137;125m[48;2;155;152;131m▀[0m[38;2;128;132;129m[48;2;138;137;130m▀[0m[38;2;127;131;130m[48;2;132;133;129m▀[0m[38;2;128;130;128m[48;2;130;132;130m▀[0m[38;2;129;131;129m[48;2;130;132;130m▀[0m[38;2;131;132;129m[48;2;132;132;130m▀[0m
[38;2;128;130;128m[48;2;128;130;128m▀[0m[38;2;128;130;128m[48;2;129;130;127m▀[0m[38;2;128;130;132m[48;2;140;142;140m▀[0m[38;2;130;132;138m[48;2;103;106;106m▀[0m[38;2;91;96;95m[48;2;112;111;98m▀[0m[38;2;136;135;123m[48;2;158;154;130m▀[0m[38;2;146;141;119m[48;2;156;147;119m▀[0m[38;2;151;145;112m[48;2;162;152;108m▀[0m[38;2;160;152;106m[48;2;174;163;106m▀[0m[38;2;180;162;100m[48;2;197;177;102m▀[0m[38;2;194;169;90m[48;2;239;211;111m▀[0m[38;2;212;187;88m[48;2;226;205;100m▀[0m[38;2;255;231;114m[48;2;0;0;0m▀[0m[38;2;82;72;27m[48;2;71;82;101m▀[0m[38;2;43;56;82m[48;2;139;150;158m▀[0m[38;2;0;0;0m[48;2;0;0;0m▀[0m[38;2;0;0;0m[48;2;0;0;0m▀[0m[38;2;0;0;0m[48;2;0;0;0m▀[0m[38;2;0;0;0m[48;2;0;0;2m▀[0m[38;2;0;0;1m[48;2;1;1;2m▀[0m[38;2;1;1;1m[48;2;1;1;1m▀[0m[38;2;0;1;1m[48;2;0;1;1m▀[0m[38;2;1;1;1m[48;2;1;1;1m▀[0m[38;2;1;1;1m[48;2;1;1;1m▀[0m[38;2;1;1;1m[48;2;1;1;1m▀[0m[38;2;0;0;0m[48;2;0;0;0m▀[0m[38;2;0;0;0m[48;2;0;0;0m▀[0m[38;2;0;0;0m[48;2;0;0;0m▀[0m[38;2;74;74;75m[48;2;255;255;255m▀[0m[38;2;255;255;255m[48;2;189;187;187m▀[0m[38;2;0;0;0m[48;2;43;42;42m▀[0m[38;2;77;77;75m[48;2;255;255;255m▀[0m[38;2;0;0;0m[48;2;127;130;130m▀[0m[38;2;255;255;255m[48;2;255;255;255m▀[0m[38;2;200;200;200m[48;2;255;255;255m▀[0m[38;2;0;0;0m[48;2;0;0;0m▀[0m[38;2;0;0;0m[48;2;0;0;0m▀[0m[38;2;0;0;0m[48;2;0;0;0m▀[0m[38;2;255;255;255m[48;2;255;255;255m▀[0m[38;2;255;255;255m[48;2;255;255;255m▀[0m[38;2;0;0;0m[48;2;0;0;0m▀[0m[38;2;9;12;19m[48;2;0;0;0m▀[0m[38;2;0;0;0m[48;2;0;0;0m▀[0m[38;2;198;200;200m[48;2;255;255;255m▀[0m[38;2;62;65;65m[48;2;166;166;168m▀[0m[38;2;9;7;10m[48;2;255;255;255m▀[0m[38;2;89;96;104m[48;2;190;190;194m▀[0m[38;2;8;12;16m[48;2;44;47;48m▀[0m[38;2;0;0;0m[48;2;0;0;0m▀[0m[38;2;27;27;29m[48;2;255;255;255m▀[0m[38;2;255;255;255m[48;2;135;136;132m▀[0m[38;2;16;19;19m[48;2;0;0;0m▀[0m[38;2;129;131;137m[48;2;118;120;129m▀[0m[38;2;0;0;0m[48;2;0;0;0m▀[0m[38;2;0;0;0m[48;2;0;0;0m▀[0m[38;2;0;0;0m[48;2;0;2;2m▀[0m[38;2;0;1;1m[48;2;1;1;2m▀[0m[38;2;1;1;1m[48;2;0;2;0m▀[0m[38;2;0;0;0m[48;2;0;0;1m▀[0m[38;2;0;0;0m[48;2;0;0;0m▀[0m[38;2;0;0;0m[48;2;0;0;0m▀[0m[38;2;0;0;0m[48;2;0;0;0m▀[0m[38;2;133;100;15m[48;2;0;0;0m▀[0m[38;2;0;0;0m[48;2;54;61;84m▀[0m[38;2;0;14;20m[48;2;0;0;0m▀[0m[38;2;255;248;125m[48;2;75;60;0m▀[0m[38;2;214;187;88m[48;2;255;251;119m▀[0m[38;2;197;172;93m[48;2;241;208;105m▀[0m[38;2;186;169;114m[48;2;200;173;103m▀[0m[38;2;127;126;109m[48;2;183;165;113m▀[0m[38;2;120;124;113m[48;2;104;105;93m▀[0m[38;2;156;153;137m[48;2;108;112;102m▀[0m[38;2;145;141;127m[48;2;155;152;130m▀[0m[38;2;137;136;126m[48;2;147;146;126m▀[0m[38;2;133;133;127m[48;2;137;136;124m▀[0m[38;2;130;132;130m[48;2;132;128;128m▀[0m
[38;2;130;130;130m[48;2;132;132;130m▀[0m[38;2;139;139;131m[48;2;151;153;141m▀[0m[38;2;138;139;127m[48;2;104;108;100m▀[0m[38;2;105;108;91m[48;2;116;117;101m▀[0m[38;2;163;158;130m[48;2;159;156;126m▀[0m[38;2;158;151;118m[48;2;169;159;119m▀[0m[38;2;165;157;118m[48;2;187;172;124m▀[0m[38;2;176;162;112m[48;2;227;209;147m▀[0m[38;2;205;187;119m[48;2;201;185;135m▀[0m[38;2;238;222;131m[48;2;51;51;36m▀[0m[38;2;156;141;78m[48;2;0;0;0m▀[0m[38;2;0;0;0m[48;2;0;0;0m▀[0m[38;2;139;149;176m[48;2;255;255;255m▀[0m[38;2;255;255;255m[48;2;240;243;248m▀[0m[38;2;82;82;86m[48;2;0;0;0m▀[0m[38;2;0;0;0m[48;2;0;0;0m▀[0m[38;2;0;0;0m[48;2;41;37;12m▀[0m[38;2;8;8;3m[48;2;14;14;8m▀[0m[38;2;0;2;1m[48;2;0;0;1m▀[0m[38;2;1;3;1m[48;2;4;4;4m▀[0m[38;2;0;2;2m[48;2;2;2;2m▀[0m[38;2;0;1;1m[48;2;1;1;1m▀[0m[38;2;1;1;1m[48;2;0;2;2m▀[0m[38;2;0;2;0m[48;2;0;2;2m▀[0m[38;2;0;0;0m[48;2;0;0;0m▀[0m[38;2;0;0;0m[48;2;0;0;0m▀[0m[38;2;0;0;0m[48;2;0;0;0m▀[0m[38;2;46;46;48m[48;2;255;255;255m▀[0m[38;2;255;255;255m[48;2;255;255;255m▀[0m[38;2;78;82;81m[48;2;173;177;179m▀[0m[38;2;201;200;200m[48;2;187;186;186m▀[0m[38;2;255;255;255m[48;2;0;0;0m▀[0m[38;2;52;56;56m[48;2;0;0;0m▀[0m[38;2;216;216;213m[48;2;20;23;24m▀[0m[38;2;255;255;255m[48;2;255;255;255m▀[0m[38;2;206;206;206m[48;2;255;255;255m▀[0m[38;2;0;0;0m[48;2;24;24;21m▀[0m[38;2;0;0;0m[48;2;0;0;0m▀[0m[38;2;255;255;255m[48;2;255;255;255m▀[0m[38;2;255;255;255m[48;2;255;255;255m▀[0m[38;2;0;0;0m[48;2;0;0;0m▀[0m[38;2;0;0;0m[48;2;65;65;73m▀[0m[38;2;143;146;147m[48;2;87;91;91m▀[0m[38;2;255;255;255m[48;2;255;255;255m▀[0m[38;2;255;255;255m[48;2;255;255;255m▀[0m[38;2;189;192;189m[48;2;12;12;12m▀[0m[38;2;191;191;189m[48;2;0;0;0m▀[0m[38;2;255;255;255m[48;2;255;255;255m▀[0m[38;2;0;0;0m[48;2;143;143;144m▀[0m[38;2;204;204;204m[48;2;0;0;0m▀[0m[38;2;255;255;255m[48;2;5;3;6m▀[0m[38;2;0;0;0m[48;2;0;0;0m▀[0m[38;2;64;69;73m[48;2;21;24;25m▀[0m[38;2;0;0;0m[48;2;0;0;0m▀[0m[38;2;0;0;0m[48;2;0;2;2m▀[0m[38;2;1;1;1m[48;2;1;1;1m▀[0m[38;2;0;2;0m[48;2;1;1;1m▀[0m[38;2;0;0;0m[48;2;2;2;2m▀[0m[38;2;16;15;7m[48;2;0;0;2m▀[0m[38;2;30;25;9m[48;2;96;79;25m▀[0m[38;2;0;0;0m[48;2;88;66;20m▀[0m[38;2;0;0;0m[48;2;0;0;0m▀[0m[38;2;0;0;0m[48;2;0;0;0m▀[0m[38;2;131;131;146m[48;2;0;0;0m▀[0m[38;2;255;255;255m[48;2;218;218;223m▀[0m[38;2;0;0;25m[48;2;87;93;99m▀[0m[38;2;44;37;15m[48;2;0;0;0m▀[0m[38;2;224;193;102m[48;2;0;0;0m▀[0m[38;2;255;223;124m[48;2;87;77;42m▀[0m[38;2;222;190;119m[48;2;207;183;118m▀[0m[38;2;186;167;126m[48;2;248;225;164m▀[0m[38;2;81;83;83m[48;2;171;166;137m▀[0m[38;2;105;108;96m[48;2;46;54;61m▀[0m[38;2;167;163;143m[48;2;127;126;113m▀[0m[38;2;147;143;127m[48;2;164;159;140m▀[0m[38;2;137;136;125m[48;2;143;142;127m▀[0m
[38;2;150;152;139m[48;2;153;158;145m▀[0m[38;2;135;138;129m[48;2;105;105;92m▀[0m[38;2;102;102;85m[48;2;119;115;95m▀[0m[38;2;133;130;105m[48;2;179;173;140m▀[0m[38;2;169;163;125m[48;2;209;201;165m▀[0m[38;2;199;195;139m[48;2;156;151;118m▀[0m[38;2;218;207;155m[48;2;12;12;12m▀[0m[38;2;106;102;77m[48;2;0;0;0m▀[0m[38;2;0;0;0m[48;2;0;0;0m▀[0m[38;2;0;0;0m[48;2;0;0;0m▀[0m[38;2;0;0;0m[48;2;0;0;0m▀[0m[38;2;0;0;0m[48;2;0;0;0m▀[0m[38;2;0;0;0m[48;2;0;0;0m▀[0m[38;2;0;0;0m[48;2;34;33;16m▀[0m[38;2;0;0;0m[48;2;66;63;27m▀[0m[38;2;71;69;20m[48;2;17;21;8m▀[0m[38;2;43;43;16m[48;2;0;0;0m▀[0m[38;2;0;0;0m[48;2;0;0;0m▀[0m[38;2;3;3;1m[48;2;2;2;2m▀[0m[38;2;1;3;3m[48;2;2;2;2m▀[0m[38;2;1;1;1m[48;2;1;1;1m▀[0m[38;2;1;1;1m[48;2;1;1;1m▀[0m[38;2;0;2;2m[48;2;1;1;1m▀[0m[38;2;1;1;1m[48;2;1;1;1m▀[0m[38;2;0;0;0m[48;2;0;0;0m▀[0m[38;2;0;0;0m[48;2;0;0;0m▀[0m[38;2;0;0;0m[48;2;0;0;0m▀[0m[38;2;255;255;255m[48;2;255;255;255m▀[0m[38;2;255;255;255m[48;2;255;255;255m▀[0m[38;2;235;238;237m[48;2;19;19;21m▀[0m[38;2;0;0;0m[48;2;0;0;0m▀[0m[38;2;0;0;0m[48;2;78;78;78m▀[0m[38;2;0;0;0m[48;2;0;0;0m▀[0m[38;2;0;0;0m[48;2;0;0;0m▀[0m[38;2;255;255;255m[48;2;201;201;201m▀[0m[38;2;169;168;168m[48;2;255;255;255m▀[0m[38;2;44;41;41m[48;2;31;31;32m▀[0m[38;2;79;79;79m[48;2;0;0;0m▀[0m[38;2;255;255;255m[48;2;255;255;255m▀[0m[38;2;255;255;253m[48;2;240;240;240m▀[0m[38;2;0;0;0m[48;2;0;0;0m▀[0m[38;2;33;31;37m[48;2;0;0;0m▀[0m[38;2;22;27;27m[48;2;0;0;0m▀[0m[38;2;112;114;114m[48;2;34;36;36m▀[0m[38;2;255;255;255m[48;2;255;255;255m▀[0m[38;2;0;0;0m[48;2;0;0;0m▀[0m[38;2;0;0;0m[48;2;0;0;0m▀[0m[38;2;0;0;0m[48;2;0;0;0m▀[0m[38;2;255;255;255m[48;2;16;16;17m▀[0m[38;2;18;21;20m[48;2;251;254;255m▀[0m[38;2;0;0;0m[48;2;0;0;0m▀[0m[38;2;0;0;0m[48;2;0;0;0m▀[0m[38;2;0;0;0m[48;2;0;0;0m▀[0m[38;2;0;0;0m[48;2;0;0;0m▀[0m[38;2;1;1;1m[48;2;1;1;1m▀[0m[38;2;1;1;1m[48;2;1;1;1m▀[0m[38;2;1;1;1m[48;2;1;1;1m▀[0m[38;2;0;2;2m[48;2;1;1;1m▀[0m[38;2;0;0;0m[48;2;0;2;2m▀[0m[38;2;0;0;0m[48;2;0;0;2m▀[0m[38;2;73;58;18m[48;2;0;0;0m▀[0m[38;2;71;58;23m[48;2;0;0;0m▀[0m[38;2;18;17;14m[48;2;21;22;19m▀[0m[38;2;0;0;0m[48;2;10;10;8m▀[0m[38;2;0;0;0m[48;2;0;0;0m▀[0m[38;2;0;0;0m[48;2;0;0;0m▀[0m[38;2;0;0;0m[48;2;0;0;0m▀[0m[38;2;0;0;0m[48;2;0;0;0m▀[0m[38;2;0;0;0m[48;2;0;0;0m▀[0m[38;2;0;0;0m[48;2;0;0;0m▀[0m[38;2;87;81;66m[48;2;0;0;0m▀[0m[38;2;217;207;165m[48;2;0;0;0m▀[0m[38;2;160;162;141m[48;2;142;137;120m▀[0m[38;2;57;55;59m[48;2;160;162;150m▀[0m[38;2;149;147;128m[48;2;84;83;77m▀[0m[38;2;166;165;147m[48;2;173;169;154m▀[0m
[38;2;117;118;106m[48;2;87;87;84m▀[0m[38;2;97;93;78m[48;2;179;176;160m▀[0m[38;2;185;181;159m[48;2;147;146;137m▀[0m[38;2;200;194;173m[48;2;2;0;6m▀[0m[38;2;74;72;65m[48;2;0;0;0m▀[0m[38;2;0;0;0m[48;2;0;0;0m▀[0m[38;2;0;0;0m[48;2;0;0;0m▀[0m[38;2;0;0;0m[48;2;0;0;0m▀[0m[38;2;0;0;0m[48;2;0;0;0m▀[0m[38;2;0;0;0m[48;2;0;0;0m▀[0m[38;2;0;0;0m[48;2;4;7;7m▀[0m[38;2;0;2;7m[48;2;32;39;44m▀[0m[38;2;9;12;15m[48;2;0;0;0m▀[0m[38;2;11;11;6m[48;2;0;0;0m▀[0m[38;2;0;0;0m[48;2;0;0;1m▀[0m[38;2;0;0;0m[48;2;0;2;1m▀[0m[38;2;0;3;0m[48;2;0;2;0m▀[0m[38;2;1;0;1m[48;2;0;2;0m▀[0m[38;2;1;1;1m[48;2;1;1;1m▀[0m[38;2;0;2;2m[48;2;0;2;2m▀[0m[38;2;0;2;2m[48;2;2;2;2m▀[0m[38;2;1;1;1m[48;2;1;1;1m▀[0m[38;2;1;1;1m[48;2;1;1;1m▀[0m[38;2;2;2;2m[48;2;2;2;2m▀[0m[38;2;0;0;0m[48;2;0;2;0m▀[0m[38;2;0;0;0m[48;2;0;0;0m▀[0m[38;2;0;0;0m[48;2;0;0;0m▀[0m[38;2;64;63;63m[48;2;0;0;0m▀[0m[38;2;139;139;141m[48;2;135;137;137m▀[0m[38;2;0;0;0m[48;2;0;0;0m▀[0m[38;2;239;236;239m[48;2;255;255;255m▀[0m[38;2;255;255;255m[48;2;255;255;255m▀[0m[38;2;0;0;0m[48;2;0;0;0m▀[0m[38;2;0;0;0m[48;2;0;0;0m▀[0m[38;2;131;135;137m[48;2;23;23;29m▀[0m[38;2;128;130;130m[48;2;0;0;0m▀[0m[38;2;17;17;19m[48;2;0;0;0m▀[0m[38;2;0;0;0m[48;2;0;0;0m▀[0m[38;2;255;255;255m[48;2;220;219;220m▀[0m[38;2;255;255;255m[48;2;255;255;255m▀[0m[38;2;0;0;0m[48;2;0;0;0m▀[0m[38;2;0;0;0m[48;2;0;0;0m▀[0m[38;2;0;0;0m[48;2;0;0;0m▀[0m[38;2;28;30;30m[48;2;37;36;36m▀[0m[38;2;255;255;255m[48;2;255;255;255m▀[0m[38;2;0;0;0m[48;2;0;0;0m▀[0m[38;2;0;0;0m[48;2;0;0;0m▀[0m[38;2;14;14;16m[48;2;22;25;25m▀[0m[38;2;0;0;0m[48;2;18;20;20m▀[0m[38;2;164;166;167m[48;2;0;0;0m▀[0m[38;2;129;132;133m[48;2;255;255;255m▀[0m[38;2;0;0;0m[48;2;0;0;0m▀[0m[38;2;0;0;0m[48;2;8;12;6m▀[0m[38;2;0;0;0m[48;2;1;2;0m▀[0m[38;2;1;1;1m[48;2;0;1;1m▀[0m[38;2;1;1;1m[48;2;0;1;1m▀[0m[38;2;1;1;2m[48;2;1;1;1m▀[0m[38;2;1;1;1m[48;2;1;1;1m▀[0m[38;2;0;1;1m[48;2;0;1;1m▀[0m[38;2;1;1;1m[48;2;1;1;1m▀[0m[38;2;0;3;3m[48;2;1;1;2m▀[0m[38;2;0;0;2m[48;2;0;2;2m▀[0m[38;2;0;0;0m[48;2;0;0;0m▀[0m[38;2;6;6;4m[48;2;2;0;0m▀[0m[38;2;0;0;0m[48;2;27;29;29m▀[0m[38;2;0;0;0m[48;2;0;0;0m▀[0m[38;2;0;0;0m[48;2;0;0;2m▀[0m[38;2;0;0;2m[48;2;1;1;0m▀[0m[38;2;0;0;0m[48;2;1;1;1m▀[0m[38;2;0;0;0m[48;2;1;1;1m▀[0m[38;2;0;0;0m[48;2;0;0;0m▀[0m[38;2;0;0;0m[48;2;0;0;0m▀[0m[38;2;0;0;0m[48;2;0;0;0m▀[0m[38;2;42;44;42m[48;2;0;0;0m▀[0m[38;2;95;97;98m[48;2;0;0;0m▀[0m[38;2;118;119;112m[48;2;37;37;35m▀[0m
[38;2;157;157;150m[48;2;37;41;39m▀[0m[38;2;90;90;85m[48;2;0;0;0m▀[0m[38;2;0;0;0m[48;2;0;0;0m▀[0m[38;2;0;0;0m[48;2;0;0;0m▀[0m[38;2;0;0;0m[48;2;0;0;0m▀[0m[38;2;0;0;0m[48;2;0;0;0m▀[0m[38;2;0;0;0m[48;2;0;0;0m▀[0m[38;2;0;0;0m[48;2;0;0;0m▀[0m[38;2;0;0;0m[48;2;0;0;0m▀[0m[38;2;3;2;2m[48;2;60;64;64m▀[0m[38;2;56;63;66m[48;2;15;15;17m▀[0m[38;2;5;7;8m[48;2;0;0;0m▀[0m[38;2;0;0;0m[48;2;2;2;2m▀[0m[38;2;2;2;2m[48;2;0;2;2m▀[0m[38;2;1;1;1m[48;2;1;1;1m▀[0m[38;2;1;1;1m[48;2;1;1;1m▀[0m[38;2;1;1;1m[48;2;1;1;1m▀[0m[38;2;0;2;0m[48;2;1;1;1m▀[0m[38;2;0;1;1m[48;2;1;1;1m▀[0m[38;2;1;3;3m[48;2;3;3;1m▀[0m[38;2;2;2;2m[48;2;2;2;0m▀[0m[38;2;1;1;1m[48;2;0;1;1m▀[0m[38;2;1;1;1m[48;2;1;1;1m▀[0m[38;2;0;1;1m[48;2;1;1;1m▀[0m[38;2;1;1;1m[48;2;1;1;1m▀[0m[38;2;0;0;0m[48;2;0;0;0m▀[0m[38;2;0;0;0m[48;2;0;0;0m▀[0m[38;2;28;28;29m[48;2;43;43;44m▀[0m[38;2;131;133;133m[48;2;139;139;141m▀[0m[38;2;0;0;0m[48;2;0;0;0m▀[0m[38;2;255;255;255m[48;2;0;0;0m▀[0m[38;2;169;172;172m[48;2;0;0;0m▀[0m[38;2;0;0;0m[48;2;0;0;0m▀[0m[38;2;0;0;0m[48;2;0;0;0m▀[0m[38;2;34;37;39m[48;2;69;66;70m▀[0m[38;2;0;0;0m[48;2;0;0;0m▀[0m[38;2;0;0;0m[48;2;0;0;0m▀[0m[38;2;0;0;0m[48;2;0;0;0m▀[0m[38;2;213;213;210m[48;2;249;248;246m▀[0m[38;2;255;255;255m[48;2;247;247;247m▀[0m[38;2;0;0;0m[48;2;0;0;0m▀[0m[38;2;0;0;0m[48;2;0;0;0m▀[0m[38;2;0;0;0m[48;2;0;0;0m▀[0m[38;2;54;56;56m[48;2;61;63;63m▀[0m[38;2;255;255;255m[48;2;255;255;255m▀[0m[38;2;0;0;0m[48;2;0;0;0m▀[0m[38;2;0;0;0m[48;2;58;58;58m▀[0m[38;2;151;150;150m[48;2;255;255;255m▀[0m[38;2;137;140;141m[48;2;255;255;255m▀[0m[38;2;0;0;0m[48;2;0;0;0m▀[0m[38;2;199;197;206m[48;2;122;122;129m▀[0m[38;2;61;61;62m[48;2;123;126;127m▀[0m[38;2;0;0;0m[48;2;0;0;0m▀[0m[38;2;0;0;0m[48;2;0;0;0m▀[0m[38;2;0;0;0m[48;2;1;0;0m▀[0m[38;2;0;1;1m[48;2;0;1;1m▀[0m[38;2;1;1;1m[48;2;0;1;1m▀[0m[38;2;1;1;1m[48;2;1;1;1m▀[0m[38;2;1;1;1m[48;2;1;1;1m▀[0m[38;2;1;1;1m[48;2;1;1;1m▀[0m[38;2;0;2;2m[48;2;1;1;2m▀[0m[38;2;0;2;2m[48;2;1;1;2m▀[0m[38;2;1;3;3m[48;2;0;2;2m▀[0m[38;2;0;0;0m[48;2;0;2;2m▀[0m[38;2;24;23;23m[48;2;0;0;0m▀[0m[38;2;37;41;41m[48;2;45;43;47m▀[0m[38;2;0;0;0m[48;2;22;22;22m▀[0m[38;2;0;0;0m[48;2;0;0;0m▀[0m[38;2;1;1;1m[48;2;0;0;0m▀[0m[38;2;1;1;1m[48;2;1;1;1m▀[0m[38;2;0;0;2m[48;2;0;0;2m▀[0m[38;2;0;0;0m[48;2;0;0;0m▀[0m[38;2;0;0;0m[48;2;0;0;0m▀[0m[38;2;0;0;0m[48;2;22;22;24m▀[0m[38;2;0;0;0m[48;2;15;15;15m▀[0m[38;2;0;0;0m[48;2;2;4;4m▀[0m
[38;2;0;0;0m[48;2;57;59;60m▀[0m[38;2;0;0;0m[48;2;52;54;50m▀[0m[38;2;0;0;0m[48;2;0;0;0m▀[0m[38;2;0;0;0m[48;2;0;0;0m▀[0m[38;2;1;0;0m[48;2;1;0;0m▀[0m[38;2;1;0;0m[48;2;0;0;0m▀[0m[38;2;0;0;0m[48;2;0;0;0m▀[0m[38;2;0;0;0m[48;2;56;59;63m▀[0m[38;2;57;60;61m[48;2;24;28;27m▀[0m[38;2;24;27;29m[48;2;0;0;0m▀[0m[38;2;0;0;0m[48;2;0;3;3m▀[0m[38;2;2;0;0m[48;2;1;1;1m▀[0m[38;2;1;1;1m[48;2;0;1;1m▀[0m[38;2;0;2;2m[48;2;0;1;1m▀[0m[38;2;1;1;1m[48;2;0;2;0m▀[0m[38;2;0;0;1m[48;2;0;1;1m▀[0m[38;2;1;1;1m[48;2;1;1;1m▀[0m[38;2;2;2;2m[48;2;2;2;2m▀[0m[38;2;2;2;2m[48;2;1;1;1m▀[0m[38;2;1;1;1m[48;2;1;1;1m▀[0m[38;2;1;1;1m[48;2;0;0;0m▀[0m[38;2;0;1;0m[48;2;0;0;0m▀[0m[38;2;1;1;1m[48;2;0;1;0m▀[0m[38;2;1;1;1m[48;2;0;0;0m▀[0m[38;2;1;1;1m[48;2;0;0;0m▀[0m[38;2;0;0;0m[48;2;0;0;0m▀[0m[38;2;0;0;0m[48;2;0;0;0m▀[0m[38;2;32;36;36m[48;2;0;0;0m▀[0m[38;2;153;156;158m[48;2;177;180;177m▀[0m[38;2;0;0;0m[48;2;0;0;0m▀[0m[38;2;0;0;0m[48;2;0;0;0m▀[0m[38;2;0;0;0m[48;2;0;0;0m▀[0m[38;2;0;0;0m[48;2;0;0;0m▀[0m[38;2;0;0;0m[48;2;33;33;33m▀[0m[38;2;129;129;129m[48;2;168;167;167m▀[0m[38;2;0;0;0m[48;2;0;0;0m▀[0m[38;2;0;0;0m[48;2;0;0;0m▀[0m[38;2;0;0;0m[48;2;0;0;0m▀[0m[38;2;255;255;255m[48;2;255;255;255m▀[0m[38;2;255;255;255m[48;2;255;255;255m▀[0m[38;2;0;0;0m[48;2;0;0;0m▀[0m[38;2;0;0;0m[48;2;0;0;0m▀[0m[38;2;0;0;0m[48;2;0;0;0m▀[0m[38;2;66;70;69m[48;2;72;72;73m▀[0m[38;2;255;255;255m[48;2;255;255;255m▀[0m[38;2;0;0;0m[48;2;0;0;0m▀[0m[38;2;56;59;59m[48;2;0;0;0m▀[0m[38;2;255;255;255m[48;2;8;11;12m▀[0m[38;2;119;119;122m[48;2;0;0;0m▀[0m[38;2;0;0;0m[48;2;0;0;0m▀[0m[38;2;114;117;118m[48;2;133;131;135m▀[0m[38;2;128;128;132m[48;2;79;82;82m▀[0m[38;2;0;0;0m[48;2;0;0;0m▀[0m[38;2;0;0;0m[48;2;0;0;0m▀[0m[38;2;0;0;0m[48;2;0;0;0m▀[0m[38;2;0;1;1m[48;2;0;0;0m▀[0m[38;2;0;0;1m[48;2;0;0;0m▀[0m[38;2;1;1;1m[48;2;1;1;1m▀[0m[38;2;1;1;1m[48;2;0;1;1m▀[0m[38;2;0;1;1m[48;2;0;1;1m▀[0m[38;2;0;1;1m[48;2;0;1;1m▀[0m[38;2;0;1;1m[48;2;1;1;1m▀[0m[38;2;1;1;1m[48;2;0;2;0m▀[0m[38;2;1;1;1m[48;2;0;2;0m▀[0m[38;2;0;0;0m[48;2;0;2;0m▀[0m[38;2;0;0;0m[48;2;0;0;0m▀[0m[38;2;42;42;44m[48;2;0;0;0m▀[0m[38;2;14;12;9m[48;2;51;51;52m▀[0m[38;2;0;0;0m[48;2;8;8;8m▀[0m[38;2;0;0;0m[48;2;0;0;0m▀[0m[38;2;0;0;0m[48;2;0;0;0m▀[0m[38;2;0;0;0m[48;2;0;0;0m▀[0m[38;2;7;10;10m[48;2;0;0;0m▀[0m[38;2;210;218;218m[48;2;123;125;127m▀[0m[38;2;198;201;200m[48;2;182;189;187m▀[0m[38;2;177;181;181m[48;2;145;150;150m▀[0m
[38;2;240;244;240m[48;2;177;179;180m▀[0m[38;2;64;66;66m[48;2;0;0;0m▀[0m[38;2;0;0;0m[48;2;0;0;0m▀[0m[38;2;0;0;0m[48;2;0;0;0m▀[0m[38;2;0;0;0m[48;2;0;0;0m▀[0m[38;2;0;0;4m[48;2;23;23;25m▀[0m[38;2;50;50;55m[48;2;18;18;19m▀[0m[38;2;27;27;28m[48;2;0;0;0m▀[0m[38;2;0;0;0m[48;2;0;0;0m▀[0m[38;2;0;0;1m[48;2;0;0;0m▀[0m[38;2;0;2;2m[48;2;1;1;0m▀[0m[38;2;1;1;1m[48;2;0;1;1m▀[0m[38;2;0;1;1m[48;2;0;1;1m▀[0m[38;2;1;1;1m[48;2;1;1;1m▀[0m[38;2;0;1;1m[48;2;0;0;0m▀[0m[38;2;1;1;1m[48;2;0;0;0m▀[0m[38;2;1;1;1m[48;2;0;0;0m▀[0m[38;2;0;0;2m[48;2;0;0;0m▀[0m[38;2;0;0;0m[48;2;0;0;0m▀[0m[38;2;0;0;0m[48;2;0;0;0m▀[0m[38;2;0;0;0m[48;2;0;0;0m▀[0m[38;2;0;0;0m[48;2;27;24;29m▀[0m[38;2;0;0;0m[48;2;21;20;21m▀[0m[38;2;0;0;0m[48;2;19;19;19m▀[0m[38;2;0;0;0m[48;2;18;21;21m▀[0m[38;2;0;0;0m[48;2;18;18;18m▀[0m[38;2;0;0;0m[48;2;14;16;16m▀[0m[38;2;0;0;0m[48;2;1;3;3m▀[0m[38;2;139;140;137m[48;2;38;43;42m▀[0m[38;2;50;49;50m[48;2;200;199;186m▀[0m[38;2;0;0;0m[48;2;0;0;0m▀[0m[38;2;0;0;0m[48;2;0;0;0m▀[0m[38;2;0;0;0m[48;2;0;0;0m▀[0m[38;2;78;81;81m[48;2;124;126;126m▀[0m[38;2;179;182;182m[48;2;205;208;205m▀[0m[38;2;0;0;0m[48;2;0;0;0m▀[0m[38;2;0;0;0m[48;2;0;0;0m▀[0m[38;2;0;0;0m[48;2;0;0;0m▀[0m[38;2;255;255;255m[48;2;255;255;255m▀[0m[38;2;255;255;255m[48;2;255;255;255m▀[0m[38;2;0;0;0m[48;2;0;0;0m▀[0m[38;2;0;0;0m[48;2;0;0;0m▀[0m[38;2;0;0;0m[48;2;0;0;0m▀[0m[38;2;43;43;43m[48;2;10;14;14m▀[0m[38;2;255;255;255m[48;2;255;255;255m▀[0m[38;2;0;0;0m[48;2;77;81;81m▀[0m[38;2;0;0;0m[48;2;0;0;0m▀[0m[38;2;42;44;44m[48;2;0;0;0m▀[0m[38;2;10;8;11m[48;2;0;0;0m▀[0m[38;2;0;0;0m[48;2;62;62;63m▀[0m[38;2;163;160;164m[48;2;93;92;93m▀[0m[38;2;0;0;0m[48;2;10;15;14m▀[0m[38;2;0;0;0m[48;2;32;35;34m▀[0m[38;2;0;0;0m[48;2;33;36;33m▀[0m[38;2;0;0;0m[48;2;32;34;35m▀[0m[38;2;0;0;0m[48;2;25;28;30m▀[0m[38;2;0;0;0m[48;2;0;0;1m▀[0m[38;2;0;0;0m[48;2;0;0;0m▀[0m[38;2;0;0;0m[48;2;0;0;0m▀[0m[38;2;1;1;1m[48;2;0;0;0m▀[0m[38;2;1;1;2m[48;2;0;0;0m▀[0m[38;2;0;2;2m[48;2;0;0;0m▀[0m[38;2;0;2;2m[48;2;0;0;0m▀[0m[38;2;0;2;2m[48;2;0;0;0m▀[0m[38;2;0;2;2m[48;2;1;0;2m▀[0m[38;2;2;2;2m[48;2;0;0;0m▀[0m[38;2;0;0;0m[48;2;0;0;0m▀[0m[38;2;4;6;6m[48;2;0;0;0m▀[0m[38;2;56;56;58m[48;2;1;1;1m▀[0m[38;2;14;14;15m[48;2;43;43;45m▀[0m[38;2;0;0;0m[48;2;11;11;12m▀[0m[38;2;0;0;0m[48;2;0;0;0m▀[0m[38;2;0;0;0m[48;2;0;0;0m▀[0m[38;2;10;10;11m[48;2;0;0;0m▀[0m[38;2;180;183;182m[48;2;106;106;106m▀[0m[38;2;150;152;152m[48;2;193;193;190m▀[0m
[38;2;65;66;63m[48;2;0;0;0m▀[0m[38;2;0;0;0m[48;2;0;0;0m▀[0m[38;2;0;0;0m[48;2;0;0;0m▀[0m[38;2;0;0;0m[48;2;0;0;0m▀[0m[38;2;0;0;0m[48;2;0;0;0m▀[0m[38;2;0;0;0m[48;2;0;0;0m▀[0m[38;2;0;0;0m[48;2;0;0;0m▀[0m[38;2;0;0;0m[48;2;0;0;0m▀[0m[38;2;0;0;0m[48;2;0;0;0m▀[0m[38;2;0;0;0m[48;2;0;0;0m▀[0m[38;2;0;0;0m[48;2;0;0;0m▀[0m[38;2;0;0;0m[48;2;0;0;0m▀[0m[38;2;0;0;0m[48;2;0;0;0m▀[0m[38;2;0;0;0m[48;2;0;0;0m▀[0m[38;2;0;0;0m[48;2;0;0;0m▀[0m[38;2;0;0;0m[48;2;31;35;39m▀[0m[38;2;0;0;0m[48;2;57;63;69m▀[0m[38;2;0;0;0m[48;2;72;79;81m▀[0m[38;2;0;0;0m[48;2;91;98;105m▀[0m[38;2;44;48;52m[48;2;120;133;138m▀[0m[38;2;153;165;172m[48;2;97;106;106m▀[0m[38;2;86;93;99m[48;2;34;38;38m▀[0m[38;2;89;92;97m[48;2;68;75;71m▀[0m[38;2;108;116;119m[48;2;29;36;34m▀[0m[38;2;103;115;115m[48;2;55;59;59m▀[0m[38;2;101;110;110m[48;2;34;42;39m▀[0m[38;2;97;105;105m[48;2;0;0;0m▀[0m[38;2;102;111;110m[48;2;0;0;0m▀[0m[38;2;70;74;74m[48;2;79;90;83m▀[0m[38;2;76;76;60m[48;2;0;0;0m▀[0m[38;2;24;20;14m[48;2;0;0;0m▀[0m[38;2;0;0;0m[48;2;0;0;0m▀[0m[38;2;0;0;0m[48;2;133;137;139m▀[0m[38;2;255;255;255m[48;2;255;255;255m▀[0m[38;2;185;189;189m[48;2;255;255;255m▀[0m[38;2;0;0;0m[48;2;0;0;0m▀[0m[38;2;0;0;0m[48;2;0;0;0m▀[0m[38;2;99;105;105m[48;2;255;255;255m▀[0m[38;2;255;255;255m[48;2;255;255;255m▀[0m[38;2;255;255;255m[48;2;255;255;255m▀[0m[38;2;87;89;89m[48;2;255;255;255m▀[0m[38;2;0;0;0m[48;2;0;0;0m▀[0m[38;2;0;0;0m[48;2;0;0;0m▀[0m[38;2;60;63;63m[48;2;255;255;255m▀[0m[38;2;255;255;255m[48;2;255;255;255m▀[0m[38;2;139;142;142m[48;2;77;77;79m▀[0m[38;2;0;0;0m[48;2;0;0;0m▀[0m[38;2;0;0;0m[48;2;0;0;0m▀[0m[38;2;0;0;0m[48;2;0;0;0m▀[0m[38;2;15;17;18m[48;2;58;63;70m▀[0m[38;2;50;52;57m[48;2;39;42;46m▀[0m[38;2;138;145;146m[48;2;0;0;0m▀[0m[38;2;126;135;138m[48;2;16;19;21m▀[0m[38;2;138;145;145m[48;2;35;42;47m▀[0m[38;2;147;162;155m[48;2;39;44;44m▀[0m[38;2;150;158;157m[48;2;45;47;47m▀[0m[38;2;125;129;129m[48;2;58;60;61m▀[0m[38;2;35;37;37m[48;2;72;74;72m▀[0m[38;2;0;0;0m[48;2;32;31;25m▀[0m[38;2;0;0;0m[48;2;4;1;1m▀[0m[38;2;0;0;0m[48;2;0;0;0m▀[0m[38;2;0;0;0m[48;2;0;0;0m▀[0m[38;2;0;0;0m[48;2;0;0;0m▀[0m[38;2;0;0;0m[48;2;0;0;0m▀[0m[38;2;0;0;0m[48;2;0;0;0m▀[0m[38;2;0;0;0m[48;2;0;0;0m▀[0m[38;2;0;0;0m[48;2;0;0;0m▀[0m[38;2;0;0;0m[48;2;0;0;0m▀[0m[38;2;0;0;0m[48;2;0;0;0m▀[0m[38;2;0;0;0m[48;2;4;4;4m▀[0m[38;2;0;0;0m[48;2;0;0;0m▀[0m[38;2;0;0;0m[48;2;0;0;0m▀[0m[38;2;0;0;0m[48;2;0;0;0m▀[0m[38;2;0;0;0m[48;2;0;0;0m▀[0m[38;2;0;0;0m[48;2;0;0;0m▀[0m[38;2;153;156;156m[48;2;0;0;0m▀[0m
[38;2;0;0;0m[48;2;0;0;0m▀[0m[38;2;0;0;0m[48;2;0;0;0m▀[0m[38;2;0;0;0m[48;2;9;11;16m▀[0m[38;2;0;0;0m[48;2;4;8;9m▀[0m[38;2;1;1;1m[48;2;15;17;17m▀[0m[38;2;37;42;43m[48;2;58;65;66m▀[0m[38;2;8;10;8m[48;2;17;23;24m▀[0m[38;2;19;19;23m[48;2;93;112;123m▀[0m[38;2;20;23;23m[48;2;44;51;60m▀[0m[38;2;20;17;25m[48;2;176;186;200m▀[0m[38;2;52;55;63m[48;2;81;84;93m▀[0m[38;2;55;55;62m[48;2;5;5;6m▀[0m[38;2;91;93;103m[48;2;58;61;62m▀[0m[38;2;46;48;55m[48;2;182;187;197m▀[0m[38;2;4;4;2m[48;2;166;173;178m▀[0m[38;2;36;41;44m[48;2;54;57;56m▀[0m[38;2;49;56;61m[48;2;90;93;93m▀[0m[38;2;50;52;52m[48;2;71;74;74m▀[0m[38;2;61;61;56m[48;2;10;11;7m▀[0m[38;2;17;15;11m[48;2;15;21;21m▀[0m[38;2;0;0;0m[48;2;111;126;126m▀[0m[38;2;29;28;24m[48;2;58;66;70m▀[0m[38;2;28;27;21m[48;2;0;0;0m▀[0m[38;2;43;50;49m[48;2;0;0;0m▀[0m[38;2;9;16;16m[48;2;174;174;174m▀[0m[38;2;0;0;0m[48;2;255;255;255m▀[0m[38;2;0;0;0m[48;2;255;255;255m▀[0m[38;2;12;16;15m[48;2;255;255;255m▀[0m[38;2;120;125;120m[48;2;255;255;255m▀[0m[38;2;153;152;146m[48;2;255;255;255m▀[0m[38;2;240;239;240m[48;2;205;208;208m▀[0m[38;2;68;69;65m[48;2;255;255;255m▀[0m[38;2;123;127;124m[48;2;181;183;184m▀[0m[38;2;255;255;255m[48;2;82;85;85m▀[0m[38;2;255;255;255m[48;2;100;103;103m▀[0m[38;2;227;228;224m[48;2;207;208;201m▀[0m[38;2;87;89;89m[48;2;255;255;255m▀[0m[38;2;255;255;255m[48;2;255;255;255m▀[0m[38;2;255;255;255m[48;2;255;255;255m▀[0m[38;2;255;255;255m[48;2;255;255;255m▀[0m[38;2;255;255;255m[48;2;255;255;255m▀[0m[38;2;151;149;155m[48;2;255;255;255m▀[0m[38;2;180;182;183m[48;2;57;61;61m▀[0m[38;2;255;255;255m[48;2;220;222;222m▀[0m[38;2;255;255;255m[48;2;255;255;255m▀[0m[38;2;255;255;255m[48;2;255;255;255m▀[0m[38;2;230;233;233m[48;2;255;255;255m▀[0m[38;2;48;46;49m[48;2;184;186;186m▀[0m[38;2;255;255;255m[48;2;186;189;189m▀[0m[38;2;217;221;225m[48;2;255;255;255m▀[0m[38;2;38;37;34m[48;2;255;255;255m▀[0m[38;2;0;0;0m[48;2;255;255;255m▀[0m[38;2;0;0;0m[48;2;255;255;255m▀[0m[38;2;0;0;0m[48;2;216;211;207m▀[0m[38;2;16;19;45m[48;2;55;58;55m▀[0m[38;2;5;8;15m[48;2;0;0;0m▀[0m[38;2;0;0;0m[48;2;0;0;0m▀[0m[38;2;61;66;73m[48;2;0;0;0m▀[0m[38;2;124;133;129m[48;2;23;29;37m▀[0m[38;2;98;105;103m[48;2;47;44;44m▀[0m[38;2;111;125;123m[48;2;96;96;96m▀[0m[38;2;72;81;83m[48;2;33;36;32m▀[0m[38;2;114;120;122m[48;2;117;127;126m▀[0m[38;2;79;86;85m[48;2;153;154;146m▀[0m[38;2;56;54;58m[48;2;36;32;28m▀[0m[38;2;123;129;129m[48;2;98;98;90m▀[0m[38;2;82;83;76m[48;2;176;177;159m▀[0m[38;2;42;39;37m[48;2;128;127;116m▀[0m[38;2;27;27;24m[48;2;31;31;28m▀[0m[38;2;23;22;22m[48;2;91;93;95m▀[0m[38;2;0;0;0m[48;2;194;198;195m▀[0m[38;2;30;32;30m[48;2;4;2;5m▀[0m[38;2;39;38;35m[48;2;123;125;126m▀[0m[38;2;0;0;0m[48;2;111;114;114m▀[0m[38;2;0;0;0m[48;2;0;0;0m▀[0m[38;2;0;0;0m[48;2;0;0;0m▀[0m
[38;2;0;0;0m[48;2;131;137;143m▀[0m[38;2;64;71;76m[48;2;108;116;116m▀[0m[38;2;131;150;159m[48;2;64;69;73m▀[0m[38;2;78;87;91m[48;2;86;95;99m▀[0m[38;2;63;68;68m[48;2;38;37;38m▀[0m[38;2;0;0;0m[48;2;96;96;97m▀[0m[38;2;0;0;0m[48;2;104;111;111m▀[0m[38;2;0;0;0m[48;2;89;92;91m▀[0m[38;2;28;34;38m[48;2;12;17;10m▀[0m[38;2;48;60;64m[48;2;95;96;91m▀[0m[38;2;0;2;3m[48;2;172;173;166m▀[0m[38;2;0;0;0m[48;2;184;182;180m▀[0m[38;2;0;0;0m[48;2;159;163;159m▀[0m[38;2;0;0;0m[48;2;138;140;138m▀[0m[38;2;0;0;0m[48;2;149;150;146m▀[0m[38;2;0;0;0m[48;2;172;171;171m▀[0m[38;2;0;0;0m[48;2;174;177;174m▀[0m[38;2;0;0;0m[48;2;206;207;204m▀[0m[38;2;0;0;0m[48;2;223;227;224m▀[0m[38;2;0;0;0m[48;2;104;102;106m▀[0m[38;2;0;0;0m[48;2;6;8;10m▀[0m[38;2;0;0;0m[48;2;255;255;255m▀[0m[38;2;160;165;162m[48;2;255;255;255m▀[0m[38;2;255;255;255m[48;2;255;255;255m▀[0m[38;2;255;255;255m[48;2;255;255;255m▀[0m[38;2;255;255;255m[48;2;255;255;255m▀[0m[38;2;255;255;255m[48;2;255;255;255m▀[0m[38;2;255;255;255m[48;2;255;255;255m▀[0m[38;2;255;255;255m[48;2;255;255;255m▀[0m[38;2;255;255;255m[48;2;255;255;255m▀[0m[38;2;125;131;128m[48;2;255;255;255m▀[0m[38;2;182;186;183m[48;2;246;245;245m▀[0m[38;2;255;255;255m[48;2;255;255;255m▀[0m[38;2;255;255;255m[48;2;255;255;255m▀[0m[38;2;255;255;255m[48;2;255;255;255m▀[0m[38;2;255;255;255m[48;2;255;255;255m▀[0m[38;2;7;11;8m[48;2;182;189;185m▀[0m[38;2;226;232;227m[48;2;89;98;101m▀[0m[38;2;255;255;255m[48;2;255;255;255m▀[0m[38;2;255;255;255m[48;2;255;255;255m▀[0m[38;2;217;219;219m[48;2;232;238;235m▀[0m[38;2;91;100;98m[48;2;187;193;187m▀[0m[38;2;28;32;32m[48;2;255;255;255m▀[0m[38;2;255;255;255m[48;2;255;255;255m▀[0m[38;2;255;255;255m[48;2;255;255;255m▀[0m[38;2;255;255;255m[48;2;255;255;255m▀[0m[38;2;184;183;183m[48;2;220;219;219m▀[0m[38;2;59;61;61m[48;2;255;255;255m▀[0m[38;2;238;238;239m[48;2;255;255;255m▀[0m[38;2;255;255;255m[48;2;255;255;255m▀[0m[38;2;255;255;255m[48;2;255;255;255m▀[0m[38;2;255;255;255m[48;2;255;255;255m▀[0m[38;2;255;255;255m[48;2;255;255;255m▀[0m[38;2;255;255;255m[48;2;255;255;255m▀[0m[38;2;255;255;255m[48;2;255;255;255m▀[0m[38;2;255;255;255m[48;2;255;255;255m▀[0m[38;2;255;255;255m[48;2;255;255;255m▀[0m[38;2;255;255;255m[48;2;93;86;89m▀[0m[38;2;255;255;255m[48;2;64;62;60m▀[0m[38;2;255;255;255m[48;2;84;87;89m▀[0m[38;2;255;255;255m[48;2;0;0;0m▀[0m[38;2;232;232;219m[48;2;0;0;0m▀[0m[38;2;28;39;39m[48;2;0;0;0m▀[0m[38;2;126;136;140m[48;2;0;0;0m▀[0m[38;2;106;116;116m[48;2;0;0;0m▀[0m[38;2;72;88;90m[48;2;0;0;0m▀[0m[38;2;27;38;47m[48;2;18;27;34m▀[0m[38;2;0;0;0m[48;2;29;32;42m▀[0m[38;2;68;65;63m[48;2;116;126;128m▀[0m[38;2;56;55;55m[48;2;108;115;115m▀[0m[38;2;17;17;19m[48;2;43;47;48m▀[0m[38;2;25;25;31m[48;2;123;129;132m▀[0m[38;2;29;37;42m[48;2;22;25;30m▀[0m[38;2;142;154;158m[48;2;11;15;20m▀[0m[38;2;128;131;132m[48;2;93;102;106m▀[0m[38;2;48;48;49m[48;2;106;113;116m▀[0m
[38;2;88;92;97m[48;2;49;56;63m▀[0m[38;2;0;0;0m[48;2;42;46;47m▀[0m[38;2;0;0;0m[48;2;76;78;81m▀[0m[38;2;101;108;109m[48;2;104;104;106m▀[0m[38;2;145;154;156m[48;2;143;147;147m▀[0m[38;2;171;178;182m[48;2;73;76;78m▀[0m[38;2;97;102;109m[48;2;0;0;0m▀[0m[38;2;0;0;0m[48;2;0;0;0m▀[0m[38;2;255;255;255m[48;2;182;185;184m▀[0m[38;2;255;255;255m[48;2;255;255;255m▀[0m[38;2;255;255;255m[48;2;147;152;153m▀[0m[38;2;255;255;255m[48;2;0;0;1m▀[0m[38;2;255;255;255m[48;2;0;0;0m▀[0m[38;2;255;255;255m[48;2;0;0;0m▀[0m[38;2;255;255;255m[48;2;0;0;0m▀[0m[38;2;252;255;249m[48;2;0;0;0m▀[0m[38;2;250;255;250m[48;2;0;0;0m▀[0m[38;2;206;208;206m[48;2;0;0;0m▀[0m[38;2;82;90;86m[48;2;0;0;0m▀[0m[38;2;255;255;255m[48;2;152;155;154m▀[0m[38;2;255;255;255m[48;2;255;255;255m▀[0m[38;2;255;255;255m[48;2;77;81;85m▀[0m[38;2;217;217;218m[48;2;0;0;0m▀[0m[38;2;110;113;112m[48;2;0;0;0m▀[0m[38;2;154;156;156m[48;2;0;0;0m▀[0m[38;2;255;255;255m[48;2;0;0;0m▀[0m[38;2;255;255;255m[48;2;0;0;0m▀[0m[38;2;255;255;255m[48;2;255;255;255m▀[0m[38;2;255;255;255m[48;2;255;255;255m▀[0m[38;2;255;255;255m[48;2;255;255;255m▀[0m[38;2;255;255;255m[48;2;255;255;255m▀[0m[38;2;255;255;255m[48;2;255;255;255m▀[0m[38;2;255;255;255m[48;2;255;255;255m▀[0m[38;2;255;255;255m[48;2;255;255;255m▀[0m[38;2;255;255;255m[48;2;255;255;255m▀[0m[38;2;255;255;255m[48;2;255;255;255m▀[0m[38;2;255;255;255m[48;2;255;255;255m▀[0m[38;2;255;255;255m[48;2;255;255;255m▀[0m[38;2;249;255;255m[48;2;255;255;255m▀[0m[38;2;220;223;220m[48;2;247;247;247m▀[0m[38;2;250;250;247m[48;2;253;255;253m▀[0m[38;2;255;255;255m[48;2;255;255;255m▀[0m[38;2;255;255;255m[48;2;255;255;255m▀[0m[38;2;255;255;255m[48;2;255;255;255m▀[0m[38;2;255;255;255m[48;2;255;255;255m▀[0m[38;2;255;255;255m[48;2;255;255;255m▀[0m[38;2;255;255;255m[48;2;255;255;255m▀[0m[38;2;255;255;255m[48;2;255;255;255m▀[0m[38;2;255;255;255m[48;2;255;255;255m▀[0m[38;2;255;255;255m[48;2;255;255;255m▀[0m[38;2;255;255;255m[48;2;255;255;255m▀[0m[38;2;255;255;255m[48;2;255;255;255m▀[0m[38;2;255;255;255m[48;2;255;255;255m▀[0m[38;2;255;255;255m[48;2;255;255;255m▀[0m[38;2;255;255;255m[48;2;255;255;255m▀[0m[38;2;255;255;255m[48;2;255;255;255m▀[0m[38;2;0;0;0m[48;2;255;255;255m▀[0m[38;2;0;0;0m[48;2;255;255;255m▀[0m[38;2;0;0;0m[48;2;255;255;255m▀[0m[38;2;28;47;44m[48;2;255;255;255m▀[0m[38;2;0;0;0m[48;2;255;255;255m▀[0m[38;2;0;0;0m[48;2;194;194;191m▀[0m[38;2;0;0;0m[48;2;163;162;162m▀[0m[38;2;0;0;0m[48;2;167;165;163m▀[0m[38;2;0;0;0m[48;2;172;171;171m▀[0m[38;2;0;0;0m[48;2;205;205;203m▀[0m[38;2;0;0;0m[48;2;208;210;208m▀[0m[38;2;0;0;0m[48;2;141;143;144m▀[0m[38;2;0;0;0m[48;2;0;0;0m▀[0m[38;2;0;0;0m[48;2;0;0;0m▀[0m[38;2;25;29;29m[48;2;0;0;0m▀[0m[38;2;63;66;71m[48;2;0;0;0m▀[0m[38;2;51;58;58m[48;2;85;97;97m▀[0m[38;2;0;0;0m[48;2;183;193;197m▀[0m[38;2;0;0;0m[48;2;33;35;36m▀[0m[38;2;0;0;0m[48;2;0;0;0m▀[0m
[38;2;0;0;0m[48;2;46;50;51m▀[0m[38;2;69;72;73m[48;2;135;153;158m▀[0m[38;2;43;45;45m[48;2;100;102;102m▀[0m[38;2;185;189;187m[48;2;193;193;194m▀[0m[38;2;47;46;44m[48;2;90;90;88m▀[0m[38;2;0;0;0m[48;2;21;23;23m▀[0m[38;2;0;0;0m[48;2;0;0;0m▀[0m[38;2;0;0;0m[48;2;0;0;0m▀[0m[38;2;0;0;0m[48;2;0;0;0m▀[0m[38;2;0;0;0m[48;2;0;0;0m▀[0m[38;2;0;0;0m[48;2;0;0;0m▀[0m[38;2;0;0;0m[48;2;0;0;0m▀[0m[38;2;0;0;0m[48;2;59;57;46m▀[0m[38;2;0;0;0m[48;2;35;33;31m▀[0m[38;2;0;0;0m[48;2;216;221;208m▀[0m[38;2;0;0;0m[48;2;12;16;11m▀[0m[38;2;0;0;0m[48;2;0;0;0m▀[0m[38;2;0;0;0m[48;2;0;0;0m▀[0m[38;2;0;0;0m[48;2;112;112;109m▀[0m[38;2;0;0;0m[48;2;249;249;249m▀[0m[38;2;0;0;0m[48;2;255;255;255m▀[0m[38;2;0;0;0m[48;2;255;255;255m▀[0m[38;2;0;0;0m[48;2;255;255;255m▀[0m[38;2;0;0;0m[48;2;153;153;154m▀[0m[38;2;0;0;0m[48;2;137;132;137m▀[0m[38;2;0;0;0m[48;2;232;235;235m▀[0m[38;2;9;9;9m[48;2;255;255;255m▀[0m[38;2;255;255;255m[48;2;255;255;255m▀[0m[38;2;255;255;255m[48;2;255;255;255m▀[0m[38;2;255;255;255m[48;2;255;255;255m▀[0m[38;2;255;255;255m[48;2;255;255;255m▀[0m[38;2;255;255;255m[48;2;255;255;255m▀[0m[38;2;255;255;255m[48;2;255;255;255m▀[0m[38;2;255;255;255m[48;2;255;255;255m▀[0m[38;2;255;255;255m[48;2;255;255;255m▀[0m[38;2;255;255;255m[48;2;255;255;255m▀[0m[38;2;255;255;255m[48;2;255;255;255m▀[0m[38;2;255;255;255m[48;2;255;255;255m▀[0m[38;2;255;255;255m[48;2;255;255;255m▀[0m[38;2;255;255;255m[48;2;255;255;255m▀[0m[38;2;255;255;255m[48;2;255;255;255m▀[0m[38;2;255;255;255m[48;2;255;255;255m▀[0m[38;2;255;255;255m[48;2;255;255;255m▀[0m[38;2;255;255;255m[48;2;255;255;255m▀[0m[38;2;255;255;255m[48;2;255;255;255m▀[0m[38;2;255;255;255m[48;2;255;255;255m▀[0m[38;2;255;255;255m[48;2;255;255;255m▀[0m[38;2;255;255;255m[48;2;255;255;255m▀[0m[38;2;255;255;255m[48;2;255;255;255m▀[0m[38;2;255;255;255m[48;2;255;255;255m▀[0m[38;2;255;255;255m[48;2;255;255;255m▀[0m[38;2;255;255;255m[48;2;255;255;255m▀[0m[38;2;255;255;255m[48;2;255;255;255m▀[0m[38;2;255;255;255m[48;2;255;255;255m▀[0m[38;2;131;135;137m[48;2;0;0;0m▀[0m[38;2;125;128;133m[48;2;0;0;0m▀[0m[38;2;102;102;102m[48;2;0;0;0m▀[0m[38;2;62;62;62m[48;2;0;0;0m▀[0m[38;2;91;93;93m[48;2;0;0;0m▀[0m[38;2;135;133;133m[48;2;0;0;0m▀[0m[38;2;177;176;177m[48;2;0;0;0m▀[0m[38;2;244;246;246m[48;2;0;0;0m▀[0m[38;2;255;255;255m[48;2;0;0;0m▀[0m[38;2;255;255;255m[48;2;0;0;0m▀[0m[38;2;255;255;255m[48;2;0;0;0m▀[0m[38;2;255;255;255m[48;2;20;23;38m▀[0m[38;2;255;255;255m[48;2;92;92;110m▀[0m[38;2;255;255;255m[48;2;149;149;160m▀[0m[38;2;255;255;255m[48;2;82;78;85m▀[0m[38;2;0;0;0m[48;2;0;0;0m▀[0m[38;2;0;0;0m[48;2;10;10;11m▀[0m[38;2;0;0;0m[48;2;33;37;42m▀[0m[38;2;0;0;0m[48;2;55;59;63m▀[0m[38;2;19;22;27m[48;2;59;62;63m▀[0m[38;2;173;189;190m[48;2;160;170;174m▀[0m[38;2;74;81;81m[48;2;110;117;116m▀[0m
[38;2;57;66;73m[48;2;115;123;127m▀[0m[38;2;177;199;199m[48;2;132;144;155m▀[0m[38;2;29;28;28m[48;2;165;178;185m▀[0m[38;2;0;0;0m[48;2;150;152;140m▀[0m[38;2;0;0;0m[48;2;0;0;0m▀[0m[38;2;19;20;17m[48;2;0;0;0m▀[0m[38;2;83;86;86m[48;2;0;0;0m▀[0m[38;2;164;170;171m[48;2;55;57;61m▀[0m[38;2;179;185;190m[48;2;93;102;112m▀[0m[38;2;203;213;204m[48;2;222;226;197m▀[0m[38;2;255;255;243m[48;2;255;255;255m▀[0m[38;2;156;153;128m[48;2;255;255;255m▀[0m[38;2;255;255;255m[48;2;217;204;145m▀[0m[38;2;62;58;38m[48;2;0;0;0m▀[0m[38;2;201;201;210m[48;2;0;0;0m▀[0m[38;2;100;99;92m[48;2;0;0;0m▀[0m[38;2;0;0;0m[48;2;21;25;29m▀[0m[38;2;255;255;255m[48;2;255;255;255m▀[0m[38;2;255;255;255m[48;2;255;255;255m▀[0m[38;2;255;255;255m[48;2;255;255;255m▀[0m[38;2;255;255;255m[48;2;255;255;255m▀[0m[38;2;255;255;255m[48;2;255;255;255m▀[0m[38;2;255;255;255m[48;2;255;255;255m▀[0m[38;2;255;255;255m[48;2;244;250;255m▀[0m[38;2;255;255;255m[48;2;166;172;186m▀[0m[38;2;255;255;255m[48;2;89;95;108m▀[0m[38;2;255;255;255m[48;2;89;95;101m▀[0m[38;2;255;255;255m[48;2;255;255;255m▀[0m[38;2;128;131;130m[48;2;164;162;165m▀[0m[38;2;106;110;111m[48;2;0;0;0m▀[0m[38;2;131;127;129m[48;2;0;1;18m▀[0m[38;2;182;186;185m[48;2;60;79;88m▀[0m[38;2;209;211;212m[48;2;0;0;0m▀[0m[38;2;212;214;214m[48;2;0;0;0m▀[0m[38;2;255;255;255m[48;2;0;0;0m▀[0m[38;2;255;255;255m[48;2;1;3;4m▀[0m[38;2;255;255;255m[48;2;76;76;76m▀[0m[38;2;255;255;255m[48;2;122;122;124m▀[0m[38;2;255;255;255m[48;2;145;145;145m▀[0m[38;2;255;255;255m[48;2;172;179;176m▀[0m[38;2;255;255;255m[48;2;149;153;154m▀[0m[38;2;255;255;255m[48;2;77;84;87m▀[0m[38;2;255;255;255m[48;2;6;9;6m▀[0m[38;2;255;255;255m[48;2;0;0;0m▀[0m[38;2;255;255;255m[48;2;0;0;0m▀[0m[38;2;255;255;255m[48;2;0;0;0m▀[0m[38;2;255;255;255m[48;2;0;0;0m▀[0m[38;2;255;255;255m[48;2;30;35;28m▀[0m[38;2;255;255;255m[48;2;104;116;120m▀[0m[38;2;255;255;255m[48;2;0;0;0m▀[0m[38;2;255;255;255m[48;2;0;0;0m▀[0m[38;2;255;255;255m[48;2;0;0;18m▀[0m[38;2;255;255;255m[48;2;174;180;195m▀[0m[38;2;255;255;255m[48;2;255;255;255m▀[0m[38;2;255;255;255m[48;2;255;255;255m▀[0m[38;2;208;212;206m[48;2;255;255;255m▀[0m[38;2;76;79;76m[48;2;255;255;255m▀[0m[38;2;0;0;0m[48;2;255;255;255m▀[0m[38;2;0;0;0m[48;2;255;255;255m▀[0m[38;2;0;0;0m[48;2;255;255;255m▀[0m[38;2;0;0;0m[48;2;223;222;222m▀[0m[38;2;0;0;0m[48;2;0;0;0m▀[0m[38;2;0;0;0m[48;2;0;0;0m▀[0m[38;2;0;0;0m[48;2;0;0;0m▀[0m[38;2;0;0;0m[48;2;0;0;0m▀[0m[38;2;95;101;98m[48;2;172;166;146m▀[0m[38;2;133;142;108m[48;2;255;255;168m▀[0m[38;2;145;152;132m[48;2;255;255;165m▀[0m[38;2;140;152;150m[48;2;200;207;182m▀[0m[38;2;178;197;210m[48;2;211;222;211m▀[0m[38;2;126;139;150m[48;2;71;74;73m▀[0m[38;2;28;30;35m[48;2;0;0;0m▀[0m[38;2;0;0;0m[48;2;0;0;0m▀[0m[38;2;123;139;151m[48;2;93;110;106m▀[0m[38;2;160;173;177m[48;2;97;112;117m▀[0m[38;2;55;57;57m[48;2;108;114;117m▀[0m
[38;2;30;30;34m[48;2;0;0;0m▀[0m[38;2;5;5;14m[48;2;115;115;102m▀[0m[38;2;135;139;139m[48;2;50;48;34m▀[0m[38;2;99;99;91m[48;2;0;0;0m▀[0m[38;2;0;0;0m[48;2;0;0;0m▀[0m[38;2;0;0;0m[48;2;36;38;41m▀[0m[38;2;0;0;0m[48;2;104;106;106m▀[0m[38;2;25;28;25m[48;2;112;119;108m▀[0m[38;2;90;90;82m[48;2;81;77;54m▀[0m[38;2;140;138;111m[48;2;38;34;22m▀[0m[38;2;92;89;68m[48;2;3;3;3m▀[0m[38;2;49;45;33m[48;2;0;0;0m▀[0m[38;2;0;0;7m[48;2;0;0;0m▀[0m[38;2;52;60;59m[48;2;0;0;0m▀[0m[38;2;0;0;0m[48;2;0;0;0m▀[0m[38;2;0;0;0m[48;2;0;0;0m▀[0m[38;2;0;0;0m[48;2;0;0;0m▀[0m[38;2;27;34;37m[48;2;0;0;0m▀[0m[38;2;117;119;125m[48;2;0;0;0m▀[0m[38;2;106;110;111m[48;2;0;0;0m▀[0m[38;2;74;77;77m[48;2;0;0;0m▀[0m[38;2;95;91;71m[48;2;173;169;99m▀[0m[38;2;77;74;45m[48;2;255;255;193m▀[0m[38;2;22;16;0m[48;2;255;255;252m▀[0m[38;2;0;0;0m[48;2;255;255;255m▀[0m[38;2;0;0;0m[48;2;255;255;255m▀[0m[38;2;0;0;0m[48;2;255;255;255m▀[0m[38;2;52;41;36m[48;2;42;39;28m▀[0m[38;2;183;182;169m[48;2;140;128;82m▀[0m[38;2;255;255;255m[48;2;255;255;255m▀[0m[38;2;177;181;168m[48;2;0;0;0m▀[0m[38;2;0;0;0m[48;2;137;132;96m▀[0m[38;2;0;0;0m[48;2;255;255;255m▀[0m[38;2;0;0;0m[48;2;198;194;145m▀[0m[38;2;0;0;0m[48;2;31;33;35m▀[0m[38;2;0;0;0m[48;2;0;0;0m▀[0m[38;2;0;0;0m[48;2;0;0;0m▀[0m[38;2;0;0;0m[48;2;0;0;0m▀[0m[38;2;0;0;0m[48;2;0;0;0m▀[0m[38;2;0;0;0m[48;2;0;0;0m▀[0m[38;2;0;0;0m[48;2;0;0;0m▀[0m[38;2;0;0;0m[48;2;0;0;0m▀[0m[38;2;34;39;35m[48;2;0;0;0m▀[0m[38;2;52;54;50m[48;2;0;0;0m▀[0m[38;2;7;7;7m[48;2;76;78;88m▀[0m[38;2;0;0;0m[48;2;83;85;86m▀[0m[38;2;0;0;0m[48;2;217;216;174m▀[0m[38;2;0;0;0m[48;2;60;58;48m▀[0m[38;2;151;133;99m[48;2;0;0;0m▀[0m[38;2;166;162;128m[48;2;255;255;255m▀[0m[38;2;0;0;0m[48;2;255;255;225m▀[0m[38;2;51;42;12m[48;2;255;255;255m▀[0m[38;2;61;54;20m[48;2;255;255;255m▀[0m[38;2;35;34;21m[48;2;255;255;255m▀[0m[38;2;75;75;75m[48;2;190;190;156m▀[0m[38;2;116;119;122m[48;2;0;0;0m▀[0m[38;2;216;216;217m[48;2;0;0;0m▀[0m[38;2;255;255;255m[48;2;0;0;0m▀[0m[38;2;255;255;255m[48;2;0;0;0m▀[0m[38;2;255;255;255m[48;2;0;0;0m▀[0m[38;2;255;255;255m[48;2;0;0;0m▀[0m[38;2;0;0;0m[48;2;0;0;0m▀[0m[38;2;0;0;0m[48;2;0;0;0m▀[0m[38;2;2;5;7m[48;2;0;0;0m▀[0m[38;2;4;6;12m[48;2;0;0;0m▀[0m[38;2;0;0;0m[48;2;0;0;0m▀[0m[38;2;3;12;20m[48;2;0;0;0m▀[0m[38;2;0;2;4m[48;2;18;25;29m▀[0m[38;2;0;0;0m[48;2;45;52;45m▀[0m[38;2;3;3;0m[48;2;0;1;5m▀[0m[38;2;23;23;23m[48;2;0;0;0m▀[0m[38;2;0;0;0m[48;2;0;0;0m▀[0m[38;2;66;66;63m[48;2;0;0;0m▀[0m[38;2;166;177;162m[48;2;27;27;23m▀[0m[38;2;0;0;0m[48;2;30;28;34m▀[0m[38;2;6;5;3m[48;2;131;130;118m▀[0m
[38;2;0;0;0m[48;2;77;64;38m▀[0m[38;2;182;172;141m[48;2;0;0;0m▀[0m[38;2;233;218;169m[48;2;146;142;116m▀[0m[38;2;81;77;56m[48;2;72;73;62m▀[0m[38;2;0;0;0m[48;2;0;0;0m▀[0m[38;2;0;0;0m[48;2;0;0;0m▀[0m[38;2;0;0;0m[48;2;0;0;0m▀[0m[38;2;0;0;0m[48;2;0;0;0m▀[0m[38;2;0;0;0m[48;2;0;0;0m▀[0m[38;2;0;0;0m[48;2;59;56;41m▀[0m[38;2;0;0;0m[48;2;115;111;85m▀[0m[38;2;0;0;0m[48;2;0;0;0m▀[0m[38;2;0;0;0m[48;2;0;0;0m▀[0m[38;2;0;0;0m[48;2;112;113;91m▀[0m[38;2;0;0;0m[48;2;239;231;179m▀[0m[38;2;0;0;0m[48;2;147;145;118m▀[0m[38;2;0;0;0m[48;2;41;44;43m▀[0m[38;2;0;0;0m[48;2;14;14;11m▀[0m[38;2;0;0;0m[48;2;0;0;0m▀[0m[38;2;0;0;0m[48;2;0;0;0m▀[0m[38;2;0;0;0m[48;2;0;0;0m▀[0m[38;2;0;0;0m[48;2;0;0;0m▀[0m[38;2;0;0;0m[48;2;89;84;69m▀[0m[38;2;191;184;141m[48;2;255;255;255m▀[0m[38;2;255;255;255m[48;2;102;104;90m▀[0m[38;2;251;239;180m[48;2;0;0;0m▀[0m[38;2;152;152;102m[48;2;0;0;0m▀[0m[38;2;150;147;104m[48;2;0;0;4m▀[0m[38;2;203;187;125m[48;2;0;0;0m▀[0m[38;2;255;255;255m[48;2;255;255;255m▀[0m[38;2;64;55;28m[48;2;255;255;255m▀[0m[38;2;138;132;108m[48;2;245;228;156m▀[0m[38;2;255;255;255m[48;2;182;171;125m▀[0m[38;2;69;63;43m[48;2;250;246;207m▀[0m[38;2;19;17;7m[48;2;131;129;103m▀[0m[38;2;0;0;0m[48;2;21;21;27m▀[0m[38;2;0;0;0m[48;2;0;0;0m▀[0m[38;2;0;0;0m[48;2;0;0;0m▀[0m[38;2;0;0;0m[48;2;0;0;0m▀[0m[38;2;0;0;0m[48;2;0;0;0m▀[0m[38;2;0;0;0m[48;2;0;0;0m▀[0m[38;2;0;0;0m[48;2;0;0;0m▀[0m[38;2;0;0;0m[48;2;43;43;39m▀[0m[38;2;0;0;0m[48;2;179;170;133m▀[0m[38;2;247;241;181m[48;2;255;255;208m▀[0m[38;2;255;255;255m[48;2;103;97;72m▀[0m[38;2;255;255;217m[48;2;18;7;0m▀[0m[38;2;0;0;0m[48;2;255;255;222m▀[0m[38;2;233;228;176m[48;2;255;255;255m▀[0m[38;2;255;255;255m[48;2;0;0;0m▀[0m[38;2;0;0;0m[48;2;93;87;50m▀[0m[38;2;0;0;0m[48;2;197;194;129m▀[0m[38;2;51;47;25m[48;2;203;194;133m▀[0m[38;2;207;199;132m[48;2;157;150;106m▀[0m[38;2;0;0;0m[48;2;0;0;0m▀[0m[38;2;0;0;0m[48;2;0;0;0m▀[0m[38;2;0;0;0m[48;2;0;0;0m▀[0m[38;2;0;0;0m[48;2;0;0;0m▀[0m[38;2;0;0;0m[48;2;0;0;0m▀[0m[38;2;0;0;0m[48;2;0;0;0m▀[0m[38;2;0;0;0m[48;2;156;147;106m▀[0m[38;2;0;0;0m[48;2;255;255;255m▀[0m[38;2;0;0;0m[48;2;255;255;255m▀[0m[38;2;0;0;0m[48;2;171;160;114m▀[0m[38;2;0;0;0m[48;2;0;0;0m▀[0m[38;2;9;10;7m[48;2;230;221;167m▀[0m[38;2;0;0;0m[48;2;85;82;62m▀[0m[38;2;0;0;0m[48;2;0;0;0m▀[0m[38;2;0;0;0m[48;2;0;0;0m▀[0m[38;2;0;0;0m[48;2;0;0;0m▀[0m[38;2;0;0;0m[48;2;0;0;0m▀[0m[38;2;0;0;0m[48;2;0;0;0m▀[0m[38;2;0;0;0m[48;2;45;41;30m▀[0m[38;2;0;0;0m[48;2;82;78;61m▀[0m[38;2;69;70;55m[48;2;132;132;119m▀[0m[38;2;126;125;110m[48;2;0;0;0m▀[0m
[38;2;255;255;254m[48;2;204;192;143m▀[0m[38;2;250;249;171m[48;2;255;255;244m▀[0m[38;2;49;47;36m[48;2;255;255;255m▀[0m[38;2;0;0;0m[48;2;255;255;226m▀[0m[38;2;0;0;0m[48;2;170;162;119m▀[0m[38;2;0;0;0m[48;2;23;19;16m▀[0m[38;2;14;14;19m[48;2;255;255;254m▀[0m[38;2;219;208;160m[48;2;255;255;255m▀[0m[38;2;125;117;78m[48;2;0;0;0m▀[0m[38;2;255;255;255m[48;2;162;153;112m▀[0m[38;2;164;155;104m[48;2;255;255;255m▀[0m[38;2;247;230;162m[48;2;255;255;255m▀[0m[38;2;255;255;255m[48;2;255;255;239m▀[0m[38;2;255;255;255m[48;2;255;255;244m▀[0m[38;2;176;163;113m[48;2;79;73;48m▀[0m[38;2;0;0;0m[48;2;0;0;0m▀[0m[38;2;0;0;0m[48;2;0;0;0m▀[0m[38;2;0;0;0m[48;2;0;0;0m▀[0m[38;2;0;2;2m[48;2;2;2;3m▀[0m[38;2;2;2;2m[48;2;0;2;2m▀[0m[38;2;0;0;0m[48;2;0;0;0m▀[0m[38;2;0;0;0m[48;2;0;0;0m▀[0m[38;2;3;3;5m[48;2;0;0;0m▀[0m[38;2;0;0;0m[48;2;0;0;0m▀[0m[38;2;0;0;0m[48;2;0;0;0m▀[0m[38;2;96;95;83m[48;2;9;3;0m▀[0m[38;2;0;0;0m[48;2;149;137;95m▀[0m[38;2;0;0;0m[48;2;221;204;142m▀[0m[38;2;0;0;0m[48;2;219;203;141m▀[0m[38;2;0;0;0m[48;2;120;117;93m▀[0m[38;2;126;124;83m[48;2;0;0;0m▀[0m[38;2;255;255;213m[48;2;0;0;0m▀[0m[38;2;255;255;255m[48;2;0;0;0m▀[0m[38;2;255;255;255m[48;2;11;5;0m▀[0m[38;2;254;239;173m[48;2;0;0;0m▀[0m[38;2;216;204;155m[48;2;246;233;172m▀[0m[38;2;255;253;212m[48;2;255;255;255m▀[0m[38;2;0;0;0m[48;2;194;185;139m▀[0m[38;2;0;0;0m[48;2;246;224;168m▀[0m[38;2;152;143;110m[48;2;255;255;255m▀[0m[38;2;164;156;126m[48;2;255;255;255m▀[0m[38;2;49;45;41m[48;2;255;255;255m▀[0m[38;2;255;255;255m[48;2;244;237;177m▀[0m[38;2;255;255;249m[48;2;192;186;137m▀[0m[38;2;255;255;240m[48;2;184;178;124m▀[0m[38;2;255;240;170m[48;2;42;42;25m▀[0m[38;2;255;255;255m[48;2;0;0;0m▀[0m[38;2;185;177;127m[48;2;0;0;0m▀[0m[38;2;0;0;0m[48;2;200;199;145m▀[0m[38;2;0;0;0m[48;2;255;255;193m▀[0m[38;2;0;0;0m[48;2;247;241;172m▀[0m[38;2;0;0;0m[48;2;86;83;65m▀[0m[38;2;108;104;73m[48;2;0;0;0m▀[0m[38;2;228;223;167m[48;2;0;0;0m▀[0m[38;2;0;0;0m[48;2;0;0;0m▀[0m[38;2;0;0;0m[48;2;0;0;0m▀[0m[38;2;0;0;0m[48;2;0;0;1m▀[0m[38;2;0;0;1m[48;2;1;1;1m▀[0m[38;2;0;0;0m[48;2;0;0;0m▀[0m[38;2;0;0;0m[48;2;0;0;0m▀[0m[38;2;36;34;27m[48;2;0;0;0m▀[0m[38;2;255;255;255m[48;2;0;0;0m▀[0m[38;2;255;255;255m[48;2;201;193;147m▀[0m[38;2;255;255;255m[48;2;255;240;182m▀[0m[38;2;255;255;193m[48;2;255;255;212m▀[0m[38;2;255;255;227m[48;2;255;255;254m▀[0m[38;2;255;255;252m[48;2;151;143;114m▀[0m[38;2;0;0;0m[48;2;0;0;0m▀[0m[38;2;255;255;221m[48;2;255;247;181m▀[0m[38;2;189;185;147m[48;2;255;255;255m▀[0m[38;2;31;32;25m[48;2;0;0;0m▀[0m[38;2;141;133;101m[48;2;117;116;97m▀[0m[38;2;227;221;167m[48;2;219;213;155m▀[0m[38;2;149;146;119m[48;2;255;255;255m▀[0m[38;2;167;164;133m[48;2;142;138;114m▀[0m[38;2;255;255;222m[48;2;43;34;10m▀[0m
