[38;2;0;0;0m[48;2;2;4;4m▀[0m[38;2;0;0;0m[48;2;0;0;0m▀[0m[38;2;0;0;0m[48;2;0;0;0m▀[0m[38;2;36;36;36m[48;2;12;12;16m▀[0m[38;2;36;36;36m[48;2;52;55;55m▀[0m[38;2;0;0;0m[48;2;37;37;37m▀[0m[38;2;0;0;0m[48;2;16;16;16m▀[0m[38;2;0;0;0m[48;2;0;0;0m▀[0m[38;2;0;0;0m[48;2;0;0;0m▀[0m[38;2;0;0;0m[48;2;0;0;0m▀[0m[38;2;0;0;0m[48;2;0;0;0m▀[0m[38;2;0;0;0m[48;2;0;0;0m▀[0m[38;2;13;17;17m[48;2;13;15;13m▀[0m[38;2;16;19;20m[48;2;18;24;24m▀[0m[38;2;0;0;0m[48;2;0;0;0m▀[0m[38;2;0;0;0m[48;2;0;0;0m▀[0m[38;2;0;0;0m[48;2;0;0;0m▀[0m[38;2;0;0;0m[48;2;0;0;0m▀[0m[38;2;85;86;86m[48;2;64;66;66m▀[0m[38;2;219;219;219m[48;2;107;109;109m▀[0m[38;2;67;67;65m[48;2;0;0;0m▀[0m[38;2;50;50;50m[48;2;78;81;84m▀[0m[38;2;42;45;45m[48;2;55;58;58m▀[0m[38;2;73;77;79m[48;2;0;0;0m▀[0m[38;2;0;0;0m[48;2;0;0;0m▀[0m[38;2;0;0;0m[48;2;156;162;162m▀[0m[38;2;118;122;122m[48;2;219;219;219m▀[0m[38;2;213;219;218m[48;2;113;116;116m▀[0m[38;2;179;184;184m[48;2;102;102;100m▀[0m[38;2;159;161;160m[48;2;161;161;159m▀[0m[38;2;144;147;146m[48;2;157;161;158m▀[0m[38;2;110;116;110m[48;2;160;163;162m▀[0m[38;2;52;55;52m[48;2;161;163;161m▀[0m[38;2;125;129;128m[48;2;177;179;178m▀[0m[38;2;162;165;165m[48;2;65;68;67m▀[0m[38;2;104;107;104m[48;2;57;60;57m▀[0m[38;2;125;125;123m[48;2;150;155;156m▀[0m[38;2;5;6;5m[48;2;154;159;159m▀[0m[38;2;0;0;0m[48;2;0;0;0m▀[0m[38;2;24;25;25m[48;2;0;0;0m▀[0m[38;2;43;43;41m[48;2;0;0;0m▀[0m[38;2;109;112;111m[48;2;82;84;82m▀[0m[38;2;62;66;67m[48;2;118;120;118m▀[0m[38;2;74;76;79m[48;2;129;131;129m▀[0m[38;2;0;0;0m[48;2;151;153;153m▀[0m[38;2;0;0;0m[48;2;138;140;141m▀[0m[38;2;0;0;0m[48;2;44;45;43m▀[0m[38;2;219;219;219m[48;2;27;27;30m▀[0m[38;2;31;31;29m[48;2;219;219;219m▀[0m[38;2;0;0;0m[48;2;106;108;108m▀[0m[38;2;146;148;148m[48;2;106;108;108m▀[0m[38;2;114;114;114m[48;2;219;219;219m▀[0m[38;2;23;23;23m[48;2;219;219;219m▀[0m[38;2;0;0;0m[48;2;219;219;219m▀[0m[38;2;0;0;0m[48;2;55;55;55m▀[0m[38;2;0;0;0m[48;2;0;0;0m▀[0m[38;2;219;219;219m[48;2;219;219;219m▀[0m[38;2;219;219;219m[48;2;219;219;219m▀[0m[38;2;3;6;10m[48;2;8;14;15m▀[0m[38;2;0;0;0m[48;2;0;0;0m▀[0m[38;2;0;0;0m[48;2;0;0;0m▀[0m[38;2;17;19;20m[48;2;18;18;18m▀[0m[38;2;0;0;0m[48;2;0;0;0m▀[0m[38;2;0;0;0m[48;2;0;0;0m▀[0m[38;2;0;0;0m[48;2;0;0;0m▀[0m[38;2;0;0;0m[48;2;5;6;6m▀[0m[38;2;23;29;27m[48;2;23;24;24m▀[0m[38;2;0;0;0m[48;2;0;0;0m▀[0m[38;2;0;0;0m[48;2;0;0;0m▀[0m[38;2;122;125;126m[48;2;129;132;131m▀[0m[38;2;219;219;219m[48;2;219;219;219m▀[0m[38;2;219;219;219m[48;2;219;219;219m▀[0m[38;2;6;9;9m[48;2;0;0;0m▀[0m[38;2;0;0;0m[48;2;0;0;0m▀[0m[38;2;0;0;0m[48;2;0;0;0m▀[0m[38;2;0;0;0m[48;2;0;0;0m▀[0m
[38;2;9;12;15m[48;2;10;13;16m▀[0m[38;2;0;0;0m[48;2;5;6;6m▀[0m[38;2;0;0;0m[48;2;0;0;0m▀[0m[38;2;0;0;0m[48;2;0;0;0m▀[0m[38;2;73;75;77m[48;2;83;83;83m▀[0m[38;2;61;61;61m[48;2;70;70;70m▀[0m[38;2;49;49;49m[48;2;67;67;67m▀[0m[38;2;0;0;0m[48;2;0;0;0m▀[0m[38;2;0;0;0m[48;2;0;0;0m▀[0m[38;2;0;0;0m[48;2;0;0;0m▀[0m[38;2;0;0;0m[48;2;0;0;0m▀[0m[38;2;0;0;0m[48;2;0;0;0m▀[0m[38;2;8;10;11m[48;2;4;6;6m▀[0m[38;2;22;28;30m[48;2;28;31;31m▀[0m[38;2;0;0;0m[48;2;0;0;0m▀[0m[38;2;0;0;0m[48;2;0;0;0m▀[0m[38;2;0;0;0m[48;2;0;0;0m▀[0m[38;2;0;0;0m[48;2;0;0;0m▀[0m[38;2;21;20;20m[48;2;6;7;7m▀[0m[38;2;0;0;0m[48;2;138;144;142m▀[0m[38;2;54;59;59m[48;2;8;8;8m▀[0m[38;2;6;8;8m[48;2;0;0;0m▀[0m[38;2;0;0;0m[48;2;0;0;0m▀[0m[38;2;0;0;0m[48;2;0;0;0m▀[0m[38;2;101;109;109m[48;2;15;18;21m▀[0m[38;2;149;157;157m[48;2;0;0;0m▀[0m[38;2;0;0;0m[48;2;136;140;137m▀[0m[38;2;101;102;98m[48;2;219;219;219m▀[0m[38;2;202;203;202m[48;2;185;185;181m▀[0m[38;2;192;194;192m[48;2;194;197;196m▀[0m[38;2;202;204;204m[48;2;196;198;198m▀[0m[38;2;211;214;214m[48;2;105;108;109m▀[0m[38;2;205;208;208m[48;2;132;134;134m▀[0m[38;2;126;129;128m[48;2;136;139;140m▀[0m[38;2;63;66;66m[48;2;127;129;130m▀[0m[38;2;86;89;89m[48;2;182;184;182m▀[0m[38;2;219;219;219m[48;2;153;153;150m▀[0m[38;2;106;111;111m[48;2;0;0;0m▀[0m[38;2;0;0;0m[48;2;114;119;119m▀[0m[38;2;86;90;87m[48;2;219;219;219m▀[0m[38;2;219;219;219m[48;2;197;198;193m▀[0m[38;2;219;219;219m[48;2;182;185;184m▀[0m[38;2;219;219;219m[48;2;177;178;177m▀[0m[38;2;215;216;218m[48;2;177;178;177m▀[0m[38;2;212;214;214m[48;2;178;178;176m▀[0m[38;2;219;219;219m[48;2;178;179;178m▀[0m[38;2;219;219;219m[48;2;181;181;179m▀[0m[38;2;169;169;166m[48;2;204;204;200m▀[0m[38;2;12;15;14m[48;2;203;205;203m▀[0m[38;2;180;183;183m[48;2;0;1;1m▀[0m[38;2;118;120;120m[48;2;190;192;194m▀[0m[38;2;0;0;0m[48;2;219;219;219m▀[0m[38;2;118;120;120m[48;2;0;0;0m▀[0m[38;2;219;219;219m[48;2;122;125;126m▀[0m[38;2;158;159;156m[48;2;219;219;219m▀[0m[38;2;0;0;0m[48;2;125;127;127m▀[0m[38;2;104;104;104m[48;2;0;0;0m▀[0m[38;2;219;219;219m[48;2;178;182;182m▀[0m[38;2;0;3;4m[48;2;25;29;31m▀[0m[38;2;0;0;0m[48;2;0;0;0m▀[0m[38;2;0;0;0m[48;2;5;5;6m▀[0m[38;2;12;10;12m[48;2;6;6;6m▀[0m[38;2;0;0;0m[48;2;0;0;0m▀[0m[38;2;0;0;0m[48;2;0;0;0m▀[0m[38;2;0;0;0m[48;2;0;0;0m▀[0m[38;2;11;13;13m[48;2;10;13;13m▀[0m[38;2;15;17;17m[48;2;3;5;6m▀[0m[38;2;0;0;0m[48;2;0;0;0m▀[0m[38;2;0;0;0m[48;2;3;5;5m▀[0m[38;2;129;135;134m[48;2;153;159;157m▀[0m[38;2;219;219;219m[48;2;219;219;219m▀[0m[38;2;219;219;219m[48;2;193;191;194m▀[0m[38;2;0;0;0m[48;2;0;0;0m▀[0m[38;2;0;0;0m[48;2;0;0;0m▀[0m[38;2;0;0;0m[48;2;0;0;0m▀[0m[38;2;0;0;0m[48;2;0;0;0m▀[0m
[38;2;5;7;7m[48;2;0;2;2m▀[0m[38;2;11;14;14m[48;2;15;20;20m▀[0m[38;2;0;0;0m[48;2;0;0;0m▀[0m[38;2;0;0;0m[48;2;0;0;0m▀[0m[38;2;59;61;61m[48;2;12;12;14m▀[0m[38;2;102;102;102m[48;2;165;166;166m▀[0m[38;2;72;72;72m[48;2;98;98;98m▀[0m[38;2;0;0;0m[48;2;0;0;0m▀[0m[38;2;0;0;0m[48;2;0;0;0m▀[0m[38;2;0;0;0m[48;2;0;0;0m▀[0m[38;2;0;0;0m[48;2;0;0;0m▀[0m[38;2;0;0;0m[48;2;0;0;0m▀[0m[38;2;0;0;0m[48;2;0;0;0m▀[0m[38;2;27;30;33m[48;2;18;23;23m▀[0m[38;2;0;0;0m[48;2;0;0;0m▀[0m[38;2;0;0;0m[48;2;0;0;0m▀[0m[38;2;0;0;0m[48;2;0;0;0m▀[0m[38;2;4;3;3m[48;2;35;38;36m▀[0m[38;2;139;145;145m[48;2;100;104;100m▀[0m[38;2;0;0;0m[48;2;114;118;110m▀[0m[38;2;0;0;0m[48;2;124;130;126m▀[0m[38;2;0;0;0m[48;2;63;65;66m▀[0m[38;2;0;0;0m[48;2;34;36;34m▀[0m[38;2;100;101;98m[48;2;219;219;219m▀[0m[38;2;0;0;0m[48;2;39;44;42m▀[0m[38;2;31;31;31m[48;2;202;205;204m▀[0m[38;2;219;219;219m[48;2;197;198;196m▀[0m[38;2;184;187;186m[48;2;178;182;178m▀[0m[38;2;189;190;191m[48;2;209;209;204m▀[0m[38;2;185;187;187m[48;2;102;102;100m▀[0m[38;2;32;36;36m[48;2;49;51;55m▀[0m[38;2;65;68;68m[48;2;103;103;104m▀[0m[38;2;122;125;124m[48;2;61;61;61m▀[0m[38;2;125;129;126m[48;2;135;138;138m▀[0m[38;2;166;169;169m[48;2;105;108;108m▀[0m[38;2;155;158;154m[48;2;133;138;139m▀[0m[38;2;46;49;46m[48;2;0;0;0m▀[0m[38;2;42;44;49m[48;2;79;81;81m▀[0m[38;2;219;219;219m[48;2;111;111;112m▀[0m[38;2;196;196;197m[48;2;195;197;198m▀[0m[38;2;181;184;184m[48;2;176;178;178m▀[0m[38;2;176;179;178m[48;2;171;178;174m▀[0m[38;2;171;173;171m[48;2;172;174;173m▀[0m[38;2;172;174;172m[48;2;172;173;172m▀[0m[38;2;172;173;172m[48;2;172;173;172m▀[0m[38;2;174;176;174m[48;2;172;173;172m▀[0m[38;2;178;178;178m[48;2;172;173;172m▀[0m[38;2;175;178;175m[48;2;176;176;173m▀[0m[38;2;193;196;193m[48;2;179;183;179m▀[0m[38;2;204;207;204m[48;2;203;206;205m▀[0m[38;2;35;38;38m[48;2;86;88;89m▀[0m[38;2;178;176;178m[48;2;0;0;0m▀[0m[38;2;0;0;0m[48;2;62;64;64m▀[0m[38;2;26;28;26m[48;2;219;219;219m▀[0m[38;2;219;219;219m[48;2;219;219;219m▀[0m[38;2;219;219;219m[48;2;219;219;219m▀[0m[38;2;42;43;43m[48;2;219;219;219m▀[0m[38;2;0;0;0m[48;2;2;5;5m▀[0m[38;2;19;21;21m[48;2;0;0;0m▀[0m[38;2;0;0;0m[48;2;0;0;0m▀[0m[38;2;6;7;7m[48;2;5;6;6m▀[0m[38;2;2;4;4m[48;2;2;2;2m▀[0m[38;2;0;0;0m[48;2;0;0;0m▀[0m[38;2;0;0;0m[48;2;0;0;0m▀[0m[38;2;0;0;0m[48;2;0;0;0m▀[0m[38;2;9;14;14m[48;2;9;12;12m▀[0m[38;2;0;0;0m[48;2;0;0;0m▀[0m[38;2;0;0;0m[48;2;0;0;0m▀[0m[38;2;13;15;17m[48;2;32;36;38m▀[0m[38;2;156;163;161m[48;2;175;181;181m▀[0m[38;2;219;219;219m[48;2;219;219;219m▀[0m[38;2;129;132;129m[48;2;60;63;63m▀[0m[38;2;0;0;0m[48;2;0;0;0m▀[0m[38;2;0;0;0m[48;2;0;0;0m▀[0m[38;2;0;0;0m[48;2;0;0;0m▀[0m[38;2;0;0;0m[48;2;0;0;0m▀[0m
[38;2;0;0;0m[48;2;0;0;0m▀[0m[38;2;20;24;24m[48;2;20;24;26m▀[0m[38;2;0;0;0m[48;2;2;2;2m▀[0m[38;2;0;0;0m[48;2;0;0;0m▀[0m[38;2;0;0;0m[48;2;0;0;0m▀[0m[38;2;179;181;181m[48;2;144;145;142m▀[0m[38;2;141;146;143m[48;2;204;208;204m▀[0m[38;2;0;0;0m[48;2;0;0;0m▀[0m[38;2;0;0;0m[48;2;0;0;0m▀[0m[38;2;0;0;0m[48;2;0;0;0m▀[0m[38;2;0;0;0m[48;2;0;0;0m▀[0m[38;2;0;0;0m[48;2;0;0;0m▀[0m[38;2;0;0;0m[48;2;0;0;0m▀[0m[38;2;6;10;11m[48;2;0;0;0m▀[0m[38;2;0;0;0m[48;2;0;0;0m▀[0m[38;2;0;0;0m[48;2;198;203;202m▀[0m[38;2;104;110;109m[48;2;184;191;190m▀[0m[38;2;201;210;208m[48;2;184;187;187m▀[0m[38;2;140;145;144m[48;2;157;159;159m▀[0m[38;2;64;67;66m[48;2;116;116;115m▀[0m[38;2;0;0;0m[48;2;5;4;4m▀[0m[38;2;0;0;0m[48;2;36;38;42m▀[0m[38;2;155;157;158m[48;2;73;73;74m▀[0m[38;2;143;145;145m[48;2;68;72;69m▀[0m[38;2;110;113;110m[48;2;191;196;192m▀[0m[38;2;219;219;219m[48;2;194;195;192m▀[0m[38;2;182;182;183m[48;2;188;185;187m▀[0m[38;2;183;186;183m[48;2;195;198;195m▀[0m[38;2;195;195;193m[48;2;211;214;210m▀[0m[38;2;219;219;219m[48;2;128;130;131m▀[0m[38;2;125;127;127m[48;2;76;79;79m▀[0m[38;2;101;104;101m[48;2;95;98;98m▀[0m[38;2;111;114;111m[48;2;128;130;130m▀[0m[38;2;219;219;219m[48;2;145;147;147m▀[0m[38;2;77;80;79m[48;2;139;142;141m▀[0m[38;2;1;1;2m[48;2;0;0;0m▀[0m[38;2;0;0;0m[48;2;6;6;6m▀[0m[38;2;209;211;209m[48;2;219;219;219m▀[0m[38;2;144;144;145m[48;2;175;175;175m▀[0m[38;2;143;146;145m[48;2;130;130;130m▀[0m[38;2;186;189;188m[48;2;194;196;194m▀[0m[38;2;174;173;174m[48;2;172;173;172m▀[0m[38;2;172;175;172m[48;2;172;173;172m▀[0m[38;2;172;174;172m[48;2;173;178;178m▀[0m[38;2;172;174;172m[48;2;173;175;173m▀[0m[38;2;172;174;172m[48;2;172;174;172m▀[0m[38;2;173;174;172m[48;2;172;173;172m▀[0m[38;2;172;174;172m[48;2;172;174;172m▀[0m[38;2;178;178;176m[48;2;175;178;174m▀[0m[38;2;210;214;211m[48;2;215;217;216m▀[0m[38;2;92;96;93m[48;2;110;113;112m▀[0m[38;2;27;27;27m[48;2;14;14;15m▀[0m[38;2;192;196;196m[48;2;58;61;59m▀[0m[38;2;219;219;219m[48;2;159;165;165m▀[0m[38;2;219;219;219m[48;2;219;219;219m▀[0m[38;2;219;219;219m[48;2;219;219;219m▀[0m[38;2;219;219;219m[48;2;219;219;219m▀[0m[38;2;172;178;175m[48;2;192;197;195m▀[0m[38;2;0;0;0m[48;2;0;0;0m▀[0m[38;2;0;0;0m[48;2;0;0;0m▀[0m[38;2;6;7;7m[48;2;6;6;7m▀[0m[38;2;0;0;0m[48;2;0;0;0m▀[0m[38;2;0;0;0m[48;2;0;0;0m▀[0m[38;2;0;0;0m[48;2;0;0;0m▀[0m[38;2;0;0;0m[48;2;0;0;1m▀[0m[38;2;7;5;5m[48;2;3;3;4m▀[0m[38;2;0;0;0m[48;2;0;0;0m▀[0m[38;2;0;0;0m[48;2;0;0;0m▀[0m[38;2;0;3;6m[48;2;0;0;0m▀[0m[38;2;148;151;152m[48;2;153;156;156m▀[0m[38;2;219;219;219m[48;2;219;219;219m▀[0m[38;2;3;5;6m[48;2;0;0;0m▀[0m[38;2;0;0;0m[48;2;0;0;0m▀[0m[38;2;0;0;0m[48;2;0;0;0m▀[0m[38;2;0;0;0m[48;2;0;0;0m▀[0m[38;2;0;0;0m[48;2;0;0;0m▀[0m
[38;2;0;0;0m[48;2;0;0;0m▀[0m[38;2;13;17;17m[48;2;5;6;7m▀[0m[38;2;10;12;13m[48;2;17;23;22m▀[0m[38;2;0;0;0m[48;2;0;0;0m▀[0m[38;2;0;0;0m[48;2;0;0;0m▀[0m[38;2;75;75;73m[48;2;0;2;2m▀[0m[38;2;219;219;219m[48;2;219;219;219m▀[0m[38;2;8;11;11m[48;2;61;62;62m▀[0m[38;2;0;0;0m[48;2;0;0;0m▀[0m[38;2;0;0;0m[48;2;0;0;0m▀[0m[38;2;0;0;0m[48;2;0;0;0m▀[0m[38;2;0;0;0m[48;2;0;0;0m▀[0m[38;2;0;0;0m[48;2;0;0;0m▀[0m[38;2;0;0;0m[48;2;101;104;103m▀[0m[38;2;167;171;171m[48;2;61;65;65m▀[0m[38;2;98;99;99m[48;2;143;143;143m▀[0m[38;2;143;143;141m[48;2;219;219;219m▀[0m[38;2;214;211;211m[48;2;159;159;158m▀[0m[38;2;219;219;219m[48;2;53;55;53m▀[0m[38;2;219;219;219m[48;2;58;60;58m▀[0m[38;2;219;219;219m[48;2;81;83;85m▀[0m[38;2;0;0;0m[48;2;0;0;0m▀[0m[38;2;0;0;0m[48;2;120;122;122m▀[0m[38;2;219;219;219m[48;2;219;219;219m▀[0m[38;2;208;211;210m[48;2;219;219;219m▀[0m[38;2;193;194;191m[48;2;219;219;219m▀[0m[38;2;208;210;209m[48;2;203;206;206m▀[0m[38;2;219;219;219m[48;2;29;30;29m▀[0m[38;2;98;100;101m[48;2;79;82;83m▀[0m[38;2;5;7;7m[48;2;0;0;0m▀[0m[38;2;36;39;40m[48;2;85;91;90m▀[0m[38;2;78;80;80m[48;2;30;30;29m▀[0m[38;2;112;115;115m[48;2;82;80;83m▀[0m[38;2;60;61;62m[48;2;65;67;67m▀[0m[38;2;104;110;109m[48;2;74;79;80m▀[0m[38;2;12;12;13m[48;2;0;0;0m▀[0m[38;2;20;23;24m[48;2;0;0;0m▀[0m[38;2;209;215;215m[48;2;0;0;0m▀[0m[38;2;203;206;206m[48;2;107;112;112m▀[0m[38;2;153;156;153m[48;2;92;95;92m▀[0m[38;2;202;206;201m[48;2;213;216;214m▀[0m[38;2;176;178;176m[48;2;208;208;207m▀[0m[38;2;170;171;168m[48;2;196;198;197m▀[0m[38;2;193;196;195m[48;2;189;190;189m▀[0m[38;2;198;198;196m[48;2;179;180;178m▀[0m[38;2;170;171;167m[48;2;187;189;189m▀[0m[38;2;172;173;172m[48;2;180;184;183m▀[0m[38;2;174;176;174m[48;2;176;178;176m▀[0m[38;2;182;179;181m[48;2;183;183;181m▀[0m[38;2;217;219;217m[48;2;219;219;219m▀[0m[38;2;136;136;137m[48;2;129;129;130m▀[0m[38;2;0;0;0m[48;2;0;0;0m▀[0m[38;2;126;127;124m[48;2;71;73;70m▀[0m[38;2;219;219;219m[48;2;219;219;219m▀[0m[38;2;180;184;184m[48;2;219;219;219m▀[0m[38;2;148;152;153m[48;2;49;50;52m▀[0m[38;2;219;219;219m[48;2;133;136;136m▀[0m[38;2;219;219;217m[48;2;155;159;156m▀[0m[38;2;0;0;0m[48;2;0;0;0m▀[0m[38;2;0;0;0m[48;2;52;55;54m▀[0m[38;2;0;0;0m[48;2;0;0;0m▀[0m[38;2;0;0;0m[48;2;0;0;0m▀[0m[38;2;0;0;0m[48;2;0;0;0m▀[0m[38;2;0;0;0m[48;2;0;0;0m▀[0m[38;2;0;0;1m[48;2;0;0;0m▀[0m[38;2;2;0;0m[48;2;0;0;0m▀[0m[38;2;0;0;0m[48;2;0;0;0m▀[0m[38;2;5;5;3m[48;2;30;30;28m▀[0m[38;2;12;13;13m[48;2;6;5;5m▀[0m[38;2;219;219;219m[48;2;107;109;109m▀[0m[38;2;219;219;219m[48;2;219;219;219m▀[0m[38;2;0;0;0m[48;2;0;0;0m▀[0m[38;2;0;0;0m[48;2;0;0;0m▀[0m[38;2;0;0;0m[48;2;0;0;0m▀[0m[38;2;0;0;0m[48;2;0;0;0m▀[0m[38;2;0;0;0m[48;2;0;0;0m▀[0m
[38;2;0;0;0m[48;2;0;0;0m▀[0m[38;2;0;0;0m[48;2;0;0;0m▀[0m[38;2;25;30;31m[48;2;25;30;30m▀[0m[38;2;0;0;0m[48;2;0;0;0m▀[0m[38;2;0;0;0m[48;2;0;0;0m▀[0m[38;2;0;0;0m[48;2;0;0;0m▀[0m[38;2;219;219;219m[48;2;219;219;219m▀[0m[38;2;146;148;148m[48;2;219;219;219m▀[0m[38;2;0;0;0m[48;2;0;0;0m▀[0m[38;2;0;0;0m[48;2;0;0;0m▀[0m[38;2;0;0;0m[48;2;0;0;0m▀[0m[38;2;0;0;0m[48;2;0;0;0m▀[0m[38;2;4;2;5m[48;2;73;75;72m▀[0m[38;2;94;94;95m[48;2;16;18;18m▀[0m[38;2;45;47;47m[48;2;146;149;149m▀[0m[38;2;198;202;202m[48;2;89;92;92m▀[0m[38;2;89;92;91m[48;2;187;190;186m▀[0m[38;2;187;190;189m[48;2;187;190;189m▀[0m[38;2;178;182;178m[48;2;180;183;179m▀[0m[38;2;213;216;215m[48;2;190;193;192m▀[0m[38;2;132;131;131m[48;2;211;212;209m▀[0m[38;2;0;0;0m[48;2;112;111;111m▀[0m[38;2;219;219;219m[48;2;134;135;135m▀[0m[38;2;51;51;55m[48;2;19;18;20m▀[0m[38;2;84;86;90m[48;2;0;0;0m▀[0m[38;2;37;39;39m[48;2;0;0;0m▀[0m[38;2;0;0;0m[48;2;73;79;82m▀[0m[38;2;100;104;104m[48;2;102;108;112m▀[0m[38;2;52;49;53m[48;2;0;0;0m▀[0m[38;2;0;0;0m[48;2;0;0;0m▀[0m[38;2;121;127;126m[48;2;0;0;0m▀[0m[38;2;72;72;73m[48;2;62;63;61m▀[0m[38;2;0;0;0m[48;2;0;0;0m▀[0m[38;2;61;64;63m[48;2;0;0;0m▀[0m[38;2;36;38;38m[48;2;0;0;0m▀[0m[38;2;0;0;0m[48;2;70;70;70m▀[0m[38;2;38;39;36m[48;2;122;121;121m▀[0m[38;2;12;11;11m[48;2;186;189;189m▀[0m[38;2;0;0;0m[48;2;0;0;0m▀[0m[38;2;17;23;22m[48;2;0;0;0m▀[0m[38;2;83;86;86m[48;2;7;5;7m▀[0m[38;2;165;167;167m[48;2;184;187;187m▀[0m[38;2;121;124;124m[48;2;141;140;140m▀[0m[38;2;78;79;78m[48;2;185;187;185m▀[0m[38;2;88;87;86m[48;2;219;219;219m▀[0m[38;2;106;110;109m[48;2;187;190;187m▀[0m[38;2;156;159;159m[48;2;139;142;141m▀[0m[38;2;192;194;192m[48;2;125;130;128m▀[0m[38;2;211;211;209m[48;2;167;168;165m▀[0m[38;2;219;219;219m[48;2;96;98;96m▀[0m[38;2;79;83;86m[48;2;0;0;0m▀[0m[38;2;0;0;0m[48;2;80;79;82m▀[0m[38;2;51;50;50m[48;2;1;4;3m▀[0m[38;2;219;219;219m[48;2;110;116;119m▀[0m[38;2;219;219;219m[48;2;156;158;159m▀[0m[38;2;219;219;219m[48;2;164;165;164m▀[0m[38;2;18;21;21m[48;2;30;32;32m▀[0m[38;2;3;6;6m[48;2;0;0;0m▀[0m[38;2;0;0;0m[48;2;0;0;0m▀[0m[38;2;81;86;87m[48;2;0;0;0m▀[0m[38;2;9;11;14m[48;2;11;12;14m▀[0m[38;2;0;0;0m[48;2;0;0;0m▀[0m[38;2;0;0;0m[48;2;0;0;0m▀[0m[38;2;0;0;0m[48;2;0;0;0m▀[0m[38;2;0;0;0m[48;2;0;0;0m▀[0m[38;2;0;0;0m[48;2;0;0;0m▀[0m[38;2;0;0;0m[48;2;0;0;0m▀[0m[38;2;59;61;61m[48;2;89;92;91m▀[0m[38;2;0;0;0m[48;2;0;0;0m▀[0m[38;2;219;219;219m[48;2;212;219;219m▀[0m[38;2;167;171;165m[48;2;104;106;105m▀[0m[38;2;0;0;0m[48;2;0;0;0m▀[0m[38;2;0;0;0m[48;2;137;139;139m▀[0m[38;2;0;0;0m[48;2;219;219;219m▀[0m[38;2;14;16;16m[48;2;219;219;219m▀[0m[38;2;87;90;90m[48;2;219;219;219m▀[0m
[38;2;0;0;0m[48;2;0;0;0m▀[0m[38;2;0;0;0m[48;2;0;0;0m▀[0m[38;2;18;20;21m[48;2;6;9;10m▀[0m[38;2;8;10;10m[48;2;18;20;20m▀[0m[38;2;0;0;0m[48;2;0;0;0m▀[0m[38;2;0;0;0m[48;2;0;0;0m▀[0m[38;2;140;142;140m[48;2;50;53;53m▀[0m[38;2;219;219;219m[48;2;219;219;219m▀[0m[38;2;0;0;0m[48;2;0;0;0m▀[0m[38;2;0;0;0m[48;2;0;0;0m▀[0m[38;2;0;0;0m[48;2;0;0;0m▀[0m[38;2;0;0;0m[48;2;71;73;73m▀[0m[38;2;101;105;102m[48;2;48;48;46m▀[0m[38;2;44;48;48m[48;2;31;35;35m▀[0m[38;2;116;119;116m[48;2;139;141;141m▀[0m[38;2;187;190;187m[48;2;217;219;217m▀[0m[38;2;194;197;196m[48;2;178;178;175m▀[0m[38;2;171;174;173m[48;2;176;175;173m▀[0m[38;2;190;193;194m[48;2;193;192;192m▀[0m[38;2;188;191;192m[48;2;190;194;194m▀[0m[38;2;216;217;215m[48;2;208;210;210m▀[0m[38;2;174;175;172m[48;2;0;0;0m▀[0m[38;2;85;84;84m[48;2;0;0;0m▀[0m[38;2;119;119;120m[48;2;163;163;161m▀[0m[38;2;0;0;0m[48;2;159;159;160m▀[0m[38;2;0;0;0m[48;2;130;132;132m▀[0m[38;2;0;0;0m[48;2;20;23;23m▀[0m[38;2;0;0;0m[48;2;0;0;0m▀[0m[38;2;0;0;0m[48;2;0;0;0m▀[0m[38;2;0;0;0m[48;2;61;67;66m▀[0m[38;2;0;0;0m[48;2;68;72;72m▀[0m[38;2;0;0;0m[48;2;0;0;0m▀[0m[38;2;32;35;35m[48;2;0;0;0m▀[0m[38;2;0;0;0m[48;2;24;24;22m▀[0m[38;2;0;0;0m[48;2;0;0;0m▀[0m[38;2;141;141;142m[48;2;122;122;127m▀[0m[38;2;141;141;141m[48;2;139;141;141m▀[0m[38;2;158;159;159m[48;2;24;23;24m▀[0m[38;2;8;10;10m[48;2;0;0;0m▀[0m[38;2;0;0;0m[48;2;0;0;0m▀[0m[38;2;79;81;81m[48;2;153;154;159m▀[0m[38;2;219;219;219m[48;2;219;219;219m▀[0m[38;2;219;219;219m[48;2;219;219;219m▀[0m[38;2;219;219;219m[48;2;219;219;219m▀[0m[38;2;219;219;219m[48;2;219;219;219m▀[0m[38;2;219;219;219m[48;2;219;219;219m▀[0m[38;2;219;219;219m[48;2;219;219;219m▀[0m[38;2;219;219;219m[48;2;64;66;66m▀[0m[38;2;39;41;43m[48;2;0;0;0m▀[0m[38;2;0;0;0m[48;2;0;0;0m▀[0m[38;2;0;0;0m[48;2;0;0;0m▀[0m[38;2;135;135;135m[48;2;112;112;110m▀[0m[38;2;0;0;0m[48;2;0;0;0m▀[0m[38;2;0;0;0m[48;2;0;0;0m▀[0m[38;2;0;0;0m[48;2;0;0;0m▀[0m[38;2;0;0;0m[48;2;0;0;0m▀[0m[38;2;0;0;0m[48;2;0;0;0m▀[0m[38;2;80;79;81m[48;2;219;219;219m▀[0m[38;2;144;147;144m[48;2;219;219;219m▀[0m[38;2;0;0;0m[48;2;7;6;6m▀[0m[38;2;0;0;0m[48;2;0;0;0m▀[0m[38;2;66;68;68m[48;2;0;0;0m▀[0m[38;2;24;25;25m[48;2;0;0;0m▀[0m[38;2;0;0;0m[48;2;0;0;0m▀[0m[38;2;0;0;0m[48;2;98;101;98m▀[0m[38;2;0;0;0m[48;2;204;204;202m▀[0m[38;2;0;0;0m[48;2;219;219;219m▀[0m[38;2;106;109;110m[48;2;101;102;99m▀[0m[38;2;0;0;0m[48;2;145;146;143m▀[0m[38;2;53;55;55m[48;2;219;219;216m▀[0m[38;2;175;177;177m[48;2;196;197;197m▀[0m[38;2;219;219;219m[48;2;215;213;215m▀[0m[38;2;219;219;219m[48;2;172;173;173m▀[0m[38;2;219;219;219m[48;2;109;110;111m▀[0m[38;2;219;219;219m[48;2;61;64;64m▀[0m[38;2;172;173;173m[48;2;0;0;0m▀[0m
[38;2;0;0;0m[48;2;0;0;0m▀[0m[38;2;0;0;0m[48;2;0;0;0m▀[0m[38;2;0;0;0m[48;2;0;0;0m▀[0m[38;2;23;29;29m[48;2;23;26;29m▀[0m[38;2;0;0;0m[48;2;0;0;0m▀[0m[38;2;0;0;0m[48;2;0;0;0m▀[0m[38;2;0;0;0m[48;2;0;0;0m▀[0m[38;2;219;219;219m[48;2;49;51;51m▀[0m[38;2;85;85;85m[48;2;86;86;88m▀[0m[38;2;0;0;0m[48;2;0;0;0m▀[0m[38;2;70;73;77m[48;2;48;51;54m▀[0m[38;2;78;80;80m[48;2;35;35;35m▀[0m[38;2;0;0;0m[48;2;0;0;0m▀[0m[38;2;39;45;44m[48;2;47;50;50m▀[0m[38;2;147;149;153m[48;2;147;151;151m▀[0m[38;2;214;216;215m[48;2;219;219;219m▀[0m[38;2;182;184;182m[48;2;191;194;193m▀[0m[38;2;178;177;175m[48;2;193;195;193m▀[0m[38;2;174;174;172m[48;2;210;210;208m▀[0m[38;2;211;213;211m[48;2;141;142;140m▀[0m[38;2;96;98;98m[48;2;95;97;98m▀[0m[38;2;6;10;11m[48;2;219;219;219m▀[0m[38;2;219;219;219m[48;2;207;207;205m▀[0m[38;2;219;219;219m[48;2;219;219;219m▀[0m[38;2;30;31;31m[48;2;0;0;0m▀[0m[38;2;110;110;110m[48;2;0;0;0m▀[0m[38;2;219;219;219m[48;2;6;7;7m▀[0m[38;2;80;81;79m[48;2;219;219;219m▀[0m[38;2;0;0;0m[48;2;55;56;55m▀[0m[38;2;49;56;56m[48;2;0;0;0m▀[0m[38;2;78;84;82m[48;2;0;0;0m▀[0m[38;2;0;0;0m[48;2;32;32;32m▀[0m[38;2;31;31;31m[48;2;219;219;219m▀[0m[38;2;27;27;25m[48;2;78;80;79m▀[0m[38;2;10;12;10m[48;2;1;4;3m▀[0m[38;2;16;18;18m[48;2;19;22;22m▀[0m[38;2;80;82;82m[48;2;0;0;0m▀[0m[38;2;219;219;219m[48;2;219;219;219m▀[0m[38;2;48;49;46m[48;2;188;189;186m▀[0m[38;2;0;0;0m[48;2;219;219;219m▀[0m[38;2;219;219;219m[48;2;219;219;219m▀[0m[38;2;8;14;13m[48;2;219;219;219m▀[0m[38;2;0;0;0m[48;2;29;29;27m▀[0m[38;2;219;219;219m[48;2;0;0;0m▀[0m[38;2;219;219;219m[48;2;184;184;184m▀[0m[38;2;121;124;123m[48;2;68;73;76m▀[0m[38;2;60;66;67m[48;2;0;0;0m▀[0m[38;2;0;0;0m[48;2;0;0;0m▀[0m[38;2;0;0;0m[48;2;0;0;0m▀[0m[38;2;0;0;0m[48;2;0;0;0m▀[0m[38;2;0;0;0m[48;2;219;219;219m▀[0m[38;2;49;48;50m[48;2;147;150;149m▀[0m[38;2;0;0;0m[48;2;0;0;0m▀[0m[38;2;0;0;0m[48;2;0;0;0m▀[0m[38;2;1;4;4m[48;2;0;0;0m▀[0m[38;2;41;43;43m[48;2;0;0;0m▀[0m[38;2;139;138;138m[48;2;137;141;141m▀[0m[38;2;219;219;219m[48;2;219;219;219m▀[0m[38;2;190;191;191m[48;2;81;84;86m▀[0m[38;2;0;0;0m[48;2;0;0;0m▀[0m[38;2;0;0;0m[48;2;0;0;0m▀[0m[38;2;49;48;48m[48;2;165;166;166m▀[0m[38;2;124;124;124m[48;2;219;219;219m▀[0m[38;2;48;46;49m[48;2;219;219;219m▀[0m[38;2;55;59;56m[48;2;0;0;0m▀[0m[38;2;219;219;219m[48;2;74;78;78m▀[0m[38;2;219;219;219m[48;2;210;212;214m▀[0m[38;2;219;219;219m[48;2;100;102;102m▀[0m[38;2;219;219;219m[48;2;43;41;43m▀[0m[38;2;193;196;197m[48;2;37;38;36m▀[0m[38;2;148;151;151m[48;2;22;24;24m▀[0m[38;2;112;114;114m[48;2;0;0;0m▀[0m[38;2;56;58;58m[48;2;0;0;0m▀[0m[38;2;0;0;0m[48;2;0;0;0m▀[0m[38;2;75;76;73m[48;2;90;92;92m▀[0m[38;2;24;25;26m[48;2;0;0;0m▀[0m
[38;2;0;0;0m[48;2;0;0;0m▀[0m[38;2;0;0;0m[48;2;0;0;0m▀[0m[38;2;0;0;0m[48;2;0;0;0m▀[0m[38;2;15;17;18m[48;2;9;9;10m▀[0m[38;2;5;5;6m[48;2;8;11;12m▀[0m[38;2;0;0;0m[48;2;0;0;0m▀[0m[38;2;0;0;0m[48;2;0;0;0m▀[0m[38;2;0;0;0m[48;2;0;0;0m▀[0m[38;2;0;0;0m[48;2;151;154;154m▀[0m[38;2;110;113;112m[48;2;219;219;219m▀[0m[38;2;219;219;219m[48;2;219;219;219m▀[0m[38;2;0;2;4m[48;2;0;0;0m▀[0m[38;2;0;0;0m[48;2;0;0;0m▀[0m[38;2;29;30;30m[48;2;24;25;25m▀[0m[38;2;120;123;123m[48;2;0;0;0m▀[0m[38;2;219;219;219m[48;2;0;0;0m▀[0m[38;2;219;219;219m[48;2;6;8;8m▀[0m[38;2;179;181;181m[48;2;3;5;5m▀[0m[38;2;143;145;145m[48;2;104;104;102m▀[0m[38;2;86;86;85m[48;2;213;213;211m▀[0m[38;2;208;210;210m[48;2;200;199;199m▀[0m[38;2;195;196;195m[48;2;210;212;212m▀[0m[38;2;219;219;217m[48;2;217;217;215m▀[0m[38;2;145;148;148m[48;2;192;194;194m▀[0m[38;2;0;0;0m[48;2;53;55;55m▀[0m[38;2;0;0;0m[48;2;0;0;0m▀[0m[38;2;0;0;0m[48;2;0;0;0m▀[0m[38;2;58;61;61m[48;2;0;0;0m▀[0m[38;2;219;219;219m[48;2;219;219;219m▀[0m[38;2;131;134;133m[48;2;219;219;219m▀[0m[38;2;0;0;0m[48;2;219;219;219m▀[0m[38;2;3;2;2m[48;2;98;100;98m▀[0m[38;2;0;0;0m[48;2;4;5;2m▀[0m[38;2;0;0;0m[48;2;0;0;0m▀[0m[38;2;0;0;0m[48;2;0;0;0m▀[0m[38;2;10;10;10m[48;2;0;0;0m▀[0m[38;2;0;0;0m[48;2;5;4;4m▀[0m[38;2;41;44;45m[48;2;49;55;59m▀[0m[38;2;145;142;144m[48;2;75;75;71m▀[0m[38;2;68;67;67m[48;2;0;0;0m▀[0m[38;2;86;79;86m[48;2;0;0;0m▀[0m[38;2;219;219;219m[48;2;65;139;76m▀[0m[38;2;219;219;219m[48;2;219;219;219m▀[0m[38;2;119;116;122m[48;2;219;219;219m▀[0m[38;2;12;9;14m[48;2;219;219;219m▀[0m[38;2;55;52;57m[48;2;187;184;187m▀[0m[38;2;0;0;0m[48;2;0;0;0m▀[0m[38;2;0;0;0m[48;2;164;153;158m▀[0m[38;2;83;72;79m[48;2;219;219;219m▀[0m[38;2;219;219;219m[48;2;150;219;172m▀[0m[38;2;185;198;190m[48;2;12;33;21m▀[0m[38;2;0;0;0m[48;2;0;0;0m▀[0m[38;2;0;0;0m[48;2;122;122;131m▀[0m[38;2;0;0;0m[48;2;104;104;108m▀[0m[38;2;0;0;0m[48;2;0;0;0m▀[0m[38;2;0;0;0m[48;2;0;0;0m▀[0m[38;2;0;0;0m[48;2;0;0;0m▀[0m[38;2;79;82;81m[48;2;0;0;0m▀[0m[38;2;0;0;0m[48;2;0;0;0m▀[0m[38;2;13;15;15m[48;2;5;6;7m▀[0m[38;2;0;0;0m[48;2;0;0;0m▀[0m[38;2;166;168;166m[48;2;121;124;121m▀[0m[38;2;219;219;219m[48;2;219;219;219m▀[0m[38;2;219;219;219m[48;2;219;219;219m▀[0m[38;2;216;218;218m[48;2;219;219;219m▀[0m[38;2;0;0;0m[48;2;71;74;72m▀[0m[38;2;12;13;11m[48;2;0;0;0m▀[0m[38;2;0;0;0m[48;2;0;0;0m▀[0m[38;2;0;0;0m[48;2;165;167;167m▀[0m[38;2;0;0;0m[48;2;0;0;0m▀[0m[38;2;0;0;0m[48;2;0;0;0m▀[0m[38;2;0;0;0m[48;2;0;0;0m▀[0m[38;2;0;0;0m[48;2;0;0;0m▀[0m[38;2;0;0;0m[48;2;0;0;0m▀[0m[38;2;116;118;118m[48;2;99;104;104m▀[0m[38;2;0;0;0m[48;2;0;0;0m▀[0m
[38;2;0;0;0m[48;2;0;0;0m▀[0m[38;2;0;0;0m[48;2;0;0;0m▀[0m[38;2;0;0;0m[48;2;0;0;0m▀[0m[38;2;2;2;3m[48;2;0;0;0m▀[0m[38;2;9;14;15m[48;2;5;10;10m▀[0m[38;2;0;0;0m[48;2;0;0;0m▀[0m[38;2;0;0;0m[48;2;0;0;0m▀[0m[38;2;43;45;45m[48;2;114;116;113m▀[0m[38;2;219;219;219m[48;2;219;219;219m▀[0m[38;2;219;219;219m[48;2;145;147;145m▀[0m[38;2;134;135;136m[48;2;79;82;81m▀[0m[38;2;0;0;0m[48;2;0;0;0m▀[0m[38;2;0;0;0m[48;2;0;0;0m▀[0m[38;2;25;27;27m[48;2;0;0;0m▀[0m[38;2;12;15;15m[48;2;0;0;0m▀[0m[38;2;0;0;0m[48;2;0;0;0m▀[0m[38;2;0;0;0m[48;2;23;22;22m▀[0m[38;2;125;126;123m[48;2;91;92;92m▀[0m[38;2;219;219;219m[48;2;109;112;113m▀[0m[38;2;219;219;219m[48;2;127;129;133m▀[0m[38;2;202;206;206m[48;2;63;67;69m▀[0m[38;2;159;160;160m[48;2;59;62;65m▀[0m[38;2;156;158;158m[48;2;110;111;113m▀[0m[38;2;190;193;195m[48;2;0;0;0m▀[0m[38;2;0;0;0m[48;2;0;0;0m▀[0m[38;2;0;0;0m[48;2;153;156;156m▀[0m[38;2;97;98;98m[48;2;199;202;202m▀[0m[38;2;219;219;219m[48;2;153;156;159m▀[0m[38;2;172;173;173m[48;2;219;219;219m▀[0m[38;2;113;115;115m[48;2;177;178;178m▀[0m[38;2;124;127;127m[48;2;0;0;0m▀[0m[38;2;219;219;219m[48;2;0;0;0m▀[0m[38;2;219;219;219m[48;2;46;48;48m▀[0m[38;2;191;190;190m[48;2;219;219;219m▀[0m[38;2;0;0;0m[48;2;0;0;0m▀[0m[38;2;0;0;0m[48;2;0;0;0m▀[0m[38;2;166;168;168m[48;2;219;219;219m▀[0m[38;2;104;106;107m[48;2;219;219;219m▀[0m[38;2;24;24;24m[48;2;126;123;126m▀[0m[38;2;131;120;120m[48;2;67;61;64m▀[0m[38;2;0;0;0m[48;2;77;61;75m▀[0m[38;2;0;135;0m[48;2;0;0;0m▀[0m[38;2;0;196;0m[48;2;0;0;0m▀[0m[38;2;13;114;29m[48;2;0;0;0m▀[0m[38;2;100;86;102m[48;2;36;17;36m▀[0m[38;2;35;31;34m[48;2;219;219;219m▀[0m[38;2;62;56;61m[48;2;219;219;219m▀[0m[38;2;86;121;104m[48;2;0;0;0m▀[0m[38;2;115;171;128m[48;2;29;36;33m▀[0m[38;2;106;138;111m[48;2;55;53;56m▀[0m[38;2;22;25;24m[48;2;0;0;0m▀[0m[38;2;103;99;103m[48;2;94;92;98m▀[0m[38;2;158;158;158m[48;2;219;219;219m▀[0m[38;2;0;0;0m[48;2;219;219;219m▀[0m[38;2;201;204;202m[48;2;219;219;219m▀[0m[38;2;12;12;12m[48;2;84;86;86m▀[0m[38;2;0;0;0m[48;2;0;0;0m▀[0m[38;2;91;94;92m[48;2;0;0;0m▀[0m[38;2;156;159;156m[48;2;0;0;0m▀[0m[38;2;18;20;20m[48;2;0;0;0m▀[0m[38;2;88;91;91m[48;2;71;70;70m▀[0m[38;2;170;172;172m[48;2;100;102;103m▀[0m[38;2;197;200;200m[48;2;209;210;208m▀[0m[38;2;219;219;219m[48;2;185;189;189m▀[0m[38;2;219;219;219m[48;2;167;169;171m▀[0m[38;2;133;136;136m[48;2;205;207;207m▀[0m[38;2;0;0;0m[48;2;0;0;0m▀[0m[38;2;208;211;211m[48;2;107;110;110m▀[0m[38;2;219;219;219m[48;2;160;162;162m▀[0m[38;2;0;0;0m[48;2;0;0;0m▀[0m[38;2;0;0;0m[48;2;0;0;0m▀[0m[38;2;0;0;0m[48;2;0;0;0m▀[0m[38;2;0;0;0m[48;2;68;72;72m▀[0m[38;2;0;0;0m[48;2;202;205;204m▀[0m[38;2;6;11;8m[48;2;218;218;218m▀[0m[38;2;0;0;0m[48;2;219;219;219m▀[0m
[38;2;0;0;0m[48;2;0;0;0m▀[0m[38;2;0;0;0m[48;2;0;0;0m▀[0m[38;2;0;0;0m[48;2;0;0;0m▀[0m[38;2;0;0;0m[48;2;0;0;0m▀[0m[38;2;0;0;0m[48;2;0;0;0m▀[0m[38;2;0;0;0m[48;2;0;0;0m▀[0m[38;2;0;0;0m[48;2;0;0;0m▀[0m[38;2;159;162;162m[48;2;11;15;19m▀[0m[38;2;81;81;79m[48;2;118;118;118m▀[0m[38;2;185;188;187m[48;2;219;219;219m▀[0m[38;2;219;219;219m[48;2;219;219;219m▀[0m[38;2;0;0;0m[48;2;11;10;10m▀[0m[38;2;0;0;0m[48;2;0;0;0m▀[0m[38;2;0;0;0m[48;2;0;0;0m▀[0m[38;2;0;0;0m[48;2;0;0;0m▀[0m[38;2;0;0;0m[48;2;0;0;0m▀[0m[38;2;0;0;0m[48;2;0;0;0m▀[0m[38;2;24;30;29m[48;2;0;0;0m▀[0m[38;2;35;37;36m[48;2;0;0;0m▀[0m[38;2;0;0;0m[48;2;0;0;0m▀[0m[38;2;0;0;0m[48;2;42;44;42m▀[0m[38;2;41;43;43m[48;2;52;53;50m▀[0m[38;2;13;15;15m[48;2;0;0;0m▀[0m[38;2;0;0;0m[48;2;42;43;43m▀[0m[38;2;106;109;110m[48;2;51;51;49m▀[0m[38;2;212;217;216m[48;2;83;83;86m▀[0m[38;2;219;219;219m[48;2;91;93;92m▀[0m[38;2;219;219;219m[48;2;20;24;21m▀[0m[38;2;219;219;219m[48;2;172;173;171m▀[0m[38;2;219;219;219m[48;2;190;192;192m▀[0m[38;2;219;219;219m[48;2;204;208;205m▀[0m[38;2;219;219;219m[48;2;219;219;219m▀[0m[38;2;61;61;61m[48;2;219;219;219m▀[0m[38;2;11;11;8m[48;2;211;215;215m▀[0m[38;2;0;0;0m[48;2;33;35;36m▀[0m[38;2;0;0;0m[48;2;0;0;0m▀[0m[38;2;0;0;0m[48;2;0;0;0m▀[0m[38;2;219;219;219m[48;2;64;67;67m▀[0m[38;2;163;162;163m[48;2;219;219;219m▀[0m[38;2;0;0;0m[48;2;0;0;0m▀[0m[38;2;168;161;167m[48;2;0;0;0m▀[0m[38;2;182;170;180m[48;2;219;219;219m▀[0m[38;2;134;132;137m[48;2;219;219;219m▀[0m[38;2;219;219;219m[48;2;219;219;219m▀[0m[38;2;219;219;219m[48;2;174;171;173m▀[0m[38;2;113;111;115m[48;2;0;0;0m▀[0m[38;2;0;0;0m[48;2;104;104;104m▀[0m[38;2;97;93;99m[48;2;146;146;147m▀[0m[38;2;35;29;36m[48;2;0;0;0m▀[0m[38;2;0;0;0m[48;2;0;0;0m▀[0m[38;2;61;58;61m[48;2;9;9;7m▀[0m[38;2;219;219;219m[48;2;0;0;0m▀[0m[38;2;191;193;191m[48;2;0;0;0m▀[0m[38;2;99;103;103m[48;2;0;0;0m▀[0m[38;2;43;47;49m[48;2;0;0;0m▀[0m[38;2;68;70;73m[48;2;0;0;0m▀[0m[38;2;45;47;47m[48;2;63;65;65m▀[0m[38;2;0;0;0m[48;2;23;26;24m▀[0m[38;2;0;0;0m[48;2;0;0;0m▀[0m[38;2;0;0;0m[48;2;0;0;0m▀[0m[38;2;202;201;201m[48;2;219;219;219m▀[0m[38;2;10;12;10m[48;2;183;184;184m▀[0m[38;2;204;203;203m[48;2;122;122;120m▀[0m[38;2;219;219;219m[48;2;219;219;219m▀[0m[38;2;128;129;129m[48;2;214;217;215m▀[0m[38;2;98;98;96m[48;2;173;177;174m▀[0m[38;2;94;95;92m[48;2;195;196;193m▀[0m[38;2;28;27;28m[48;2;219;219;219m▀[0m[38;2;20;18;21m[48;2;95;99;95m▀[0m[38;2;6;6;6m[48;2;33;32;32m▀[0m[38;2;0;0;0m[48;2;0;0;0m▀[0m[38;2;0;0;0m[48;2;0;0;0m▀[0m[38;2;219;219;219m[48;2;219;219;219m▀[0m[38;2;219;219;219m[48;2;219;219;219m▀[0m[38;2;219;219;219m[48;2;219;219;219m▀[0m[38;2;219;219;219m[48;2;219;219;219m▀[0m
[38;2;0;0;0m[48;2;0;0;0m▀[0m[38;2;0;0;0m[48;2;0;0;0m▀[0m[38;2;0;0;0m[48;2;0;0;0m▀[0m[38;2;0;0;0m[48;2;0;0;0m▀[0m[38;2;0;0;0m[48;2;1;4;1m▀[0m[38;2;31;36;36m[48;2;53;56;56m▀[0m[38;2;1;3;5m[48;2;0;0;0m▀[0m[38;2;0;0;0m[48;2;25;28;28m▀[0m[38;2;199;202;202m[48;2;219;219;219m▀[0m[38;2;214;219;218m[48;2;111;115;115m▀[0m[38;2;219;219;219m[48;2;37;39;39m▀[0m[38;2;0;0;0m[48;2;110;110;108m▀[0m[38;2;55;55;55m[48;2;219;219;219m▀[0m[38;2;219;219;219m[48;2;219;219;219m▀[0m[38;2;219;219;219m[48;2;219;219;219m▀[0m[38;2;140;141;140m[48;2;219;219;219m▀[0m[38;2;131;130;131m[48;2;219;219;219m▀[0m[38;2;15;15;15m[48;2;172;175;175m▀[0m[38;2;83;85;86m[48;2;98;101;98m▀[0m[38;2;0;0;0m[48;2;0;0;0m▀[0m[38;2;0;0;0m[48;2;0;0;0m▀[0m[38;2;0;0;0m[48;2;11;12;14m▀[0m[38;2;0;0;0m[48;2;0;0;1m▀[0m[38;2;52;55;55m[48;2;0;0;0m▀[0m[38;2;177;179;178m[48;2;70;73;73m▀[0m[38;2;219;219;219m[48;2;191;191;192m▀[0m[38;2;127;129;129m[48;2;219;219;219m▀[0m[38;2;100;104;107m[48;2;219;219;219m▀[0m[38;2;157;159;159m[48;2;219;219;219m▀[0m[38;2;183;184;184m[48;2;208;211;211m▀[0m[38;2;162;164;164m[48;2;204;206;206m▀[0m[38;2;142;144;144m[48;2;203;208;208m▀[0m[38;2;104;110;110m[48;2;202;204;201m▀[0m[38;2;134;137;137m[48;2;180;185;183m▀[0m[38;2;83;85;86m[48;2;6;8;8m▀[0m[38;2;0;0;0m[48;2;0;0;0m▀[0m[38;2;7;10;10m[48;2;18;18;18m▀[0m[38;2;12;14;15m[48;2;0;0;0m▀[0m[38;2;199;198;199m[48;2;0;0;0m▀[0m[38;2;196;196;196m[48;2;219;219;219m▀[0m[38;2;0;0;0m[48;2;159;159;157m▀[0m[38;2;0;0;0m[48;2;0;0;0m▀[0m[38;2;191;190;191m[48;2;0;0;0m▀[0m[38;2;207;208;209m[48;2;37;37;37m▀[0m[38;2;217;219;219m[48;2;165;165;166m▀[0m[38;2;219;219;219m[48;2;0;0;0m▀[0m[38;2;156;159;159m[48;2;0;0;0m▀[0m[38;2;124;122;122m[48;2;0;0;0m▀[0m[38;2;0;0;0m[48;2;98;99;99m▀[0m[38;2;0;0;0m[48;2;0;0;0m▀[0m[38;2;0;0;0m[48;2;80;83;80m▀[0m[38;2;49;47;49m[48;2;219;219;219m▀[0m[38;2;0;0;0m[48;2;0;0;0m▀[0m[38;2;0;0;0m[48;2;0;0;0m▀[0m[38;2;0;0;0m[48;2;0;0;0m▀[0m[38;2;0;0;0m[48;2;0;0;0m▀[0m[38;2;0;0;0m[48;2;0;0;0m▀[0m[38;2;15;17;17m[48;2;15;15;16m▀[0m[38;2;0;0;0m[48;2;18;20;18m▀[0m[38;2;0;0;0m[48;2;0;0;0m▀[0m[38;2;219;219;219m[48;2;198;202;202m▀[0m[38;2;219;219;219m[48;2;219;219;219m▀[0m[38;2;90;92;92m[48;2;127;131;128m▀[0m[38;2;219;219;219m[48;2;175;177;177m▀[0m[38;2;180;184;183m[48;2;219;219;219m▀[0m[38;2;180;186;184m[48;2;173;176;173m▀[0m[38;2;190;192;190m[48;2;187;189;189m▀[0m[38;2;194;194;192m[48;2;199;199;199m▀[0m[38;2;219;219;219m[48;2;193;196;196m▀[0m[38;2;114;113;110m[48;2;219;219;219m▀[0m[38;2;16;16;16m[48;2;119;124;122m▀[0m[38;2;0;0;0m[48;2;0;0;0m▀[0m[38;2;84;87;87m[48;2;0;0;0m▀[0m[38;2;219;219;219m[48;2;176;178;178m▀[0m[38;2;173;176;176m[48;2;199;202;199m▀[0m[38;2;219;219;219m[48;2;219;219;219m▀[0m
[38;2;0;0;0m[48;2;0;0;0m▀[0m[38;2;0;0;0m[48;2;0;0;0m▀[0m[38;2;0;0;0m[48;2;0;0;0m▀[0m[38;2;0;0;0m[48;2;27;29;30m▀[0m[38;2;43;45;49m[48;2;0;0;0m▀[0m[38;2;0;0;0m[48;2;21;23;23m▀[0m[38;2;0;2;2m[48;2;216;219;219m▀[0m[38;2;219;219;219m[48;2;31;31;31m▀[0m[38;2;84;86;86m[48;2;0;0;0m▀[0m[38;2;0;0;0m[48;2;74;78;78m▀[0m[38;2;103;106;104m[48;2;219;219;219m▀[0m[38;2;219;219;219m[48;2;219;219;219m▀[0m[38;2;219;219;219m[48;2;219;219;219m▀[0m[38;2;219;219;219m[48;2;219;219;219m▀[0m[38;2;219;219;219m[48;2;219;219;219m▀[0m[38;2;219;219;219m[48;2;219;219;219m▀[0m[38;2;196;201;198m[48;2;135;137;138m▀[0m[38;2;121;122;123m[48;2;0;0;0m▀[0m[38;2;0;0;0m[48;2;41;43;44m▀[0m[38;2;0;0;0m[48;2;2;2;4m▀[0m[38;2;0;0;0m[48;2;0;0;0m▀[0m[38;2;0;0;0m[48;2;0;0;0m▀[0m[38;2;23;25;26m[48;2;0;0;0m▀[0m[38;2;6;8;8m[48;2;33;36;36m▀[0m[38;2;0;0;0m[48;2;0;0;0m▀[0m[38;2;0;0;0m[48;2;0;0;0m▀[0m[38;2;46;48;46m[48;2;0;0;0m▀[0m[38;2;191;194;191m[48;2;0;0;0m▀[0m[38;2;219;219;219m[48;2;0;0;0m▀[0m[38;2;206;207;204m[48;2;0;0;0m▀[0m[38;2;168;172;168m[48;2;0;0;0m▀[0m[38;2;107;114;108m[48;2;0;0;0m▀[0m[38;2;20;24;23m[48;2;4;6;6m▀[0m[38;2;0;0;0m[48;2;155;157;158m▀[0m[38;2;0;0;0m[48;2;110;113;113m▀[0m[38;2;40;42;40m[48;2;0;0;0m▀[0m[38;2;0;0;0m[48;2;185;185;187m▀[0m[38;2;0;0;0m[48;2;186;186;190m▀[0m[38;2;0;0;0m[48;2;136;139;140m▀[0m[38;2;136;138;138m[48;2;0;0;0m▀[0m[38;2;219;219;219m[48;2;209;213;213m▀[0m[38;2;215;214;214m[48;2;219;219;219m▀[0m[38;2;21;23;23m[48;2;219;219;219m▀[0m[38;2;0;0;0m[48;2;219;219;219m▀[0m[38;2;81;81;81m[48;2;29;31;31m▀[0m[38;2;0;0;0m[48;2;0;0;0m▀[0m[38;2;0;0;0m[48;2;0;0;0m▀[0m[38;2;0;1;3m[48;2;0;0;2m▀[0m[38;2;92;97;97m[48;2;89;92;92m▀[0m[38;2;0;0;0m[48;2;0;0;0m▀[0m[38;2;31;30;28m[48;2;28;28;28m▀[0m[38;2;182;184;185m[48;2;179;181;181m▀[0m[38;2;0;0;0m[48;2;0;0;0m▀[0m[38;2;0;0;0m[48;2;0;0;0m▀[0m[38;2;0;0;0m[48;2;0;0;0m▀[0m[38;2;0;0;0m[48;2;0;0;0m▀[0m[38;2;0;0;0m[48;2;0;0;0m▀[0m[38;2;33;31;34m[48;2;38;40;42m▀[0m[38;2;38;37;38m[48;2;22;24;24m▀[0m[38;2;0;0;0m[48;2;0;0;0m▀[0m[38;2;0;0;0m[48;2;0;0;0m▀[0m[38;2;79;81;81m[48;2;0;0;0m▀[0m[38;2;195;197;199m[48;2;0;0;0m▀[0m[38;2;0;0;0m[48;2;0;0;0m▀[0m[38;2;185;187;187m[48;2;0;0;0m▀[0m[38;2;219;219;219m[48;2;126;128;128m▀[0m[38;2;131;134;134m[48;2;181;186;184m▀[0m[38;2;161;164;164m[48;2;129;135;135m▀[0m[38;2;219;219;219m[48;2;157;159;161m▀[0m[38;2;147;147;148m[48;2;86;87;88m▀[0m[38;2;181;184;184m[48;2;172;174;176m▀[0m[38;2;167;169;169m[48;2;219;219;219m▀[0m[38;2;0;0;0m[48;2;187;190;188m▀[0m[38;2;2;7;5m[48;2;0;0;0m▀[0m[38;2;219;219;219m[48;2;219;219;219m▀[0m[38;2;219;219;219m[48;2;219;219;219m▀[0m
[38;2;0;0;0m[48;2;0;0;0m▀[0m[38;2;0;0;0m[48;2;0;0;0m▀[0m[38;2;0;0;0m[48;2;0;0;0m▀[0m[38;2;6;4;11m[48;2;43;44;45m▀[0m[38;2;40;43;46m[48;2;214;217;219m▀[0m[38;2;219;219;219m[48;2;100;104;104m▀[0m[38;2;38;42;42m[48;2;60;62;64m▀[0m[38;2;0;0;0m[48;2;0;0;0m▀[0m[38;2;0;0;0m[48;2;0;0;0m▀[0m[38;2;143;147;147m[48;2;0;0;2m▀[0m[38;2;219;219;219m[48;2;135;137;136m▀[0m[38;2;219;219;219m[48;2;208;212;209m▀[0m[38;2;219;219;219m[48;2;119;125;125m▀[0m[38;2;219;219;219m[48;2;0;0;0m▀[0m[38;2;143;147;146m[48;2;0;0;0m▀[0m[38;2;89;91;91m[48;2;0;0;0m▀[0m[38;2;0;0;0m[48;2;29;26;26m▀[0m[38;2;0;0;0m[48;2;55;56;54m▀[0m[38;2;52;55;54m[48;2;45;47;45m▀[0m[38;2;21;23;24m[48;2;100;104;104m▀[0m[38;2;21;19;22m[48;2;46;48;49m▀[0m[38;2;16;13;13m[48;2;61;61;61m▀[0m[38;2;13;13;11m[48;2;18;14;14m▀[0m[38;2;50;50;50m[48;2;0;0;0m▀[0m[38;2;30;30;30m[48;2;41;43;41m▀[0m[38;2;0;0;0m[48;2;48;48;48m▀[0m[38;2;60;59;60m[48;2;59;59;59m▀[0m[38;2;0;0;0m[48;2;74;73;74m▀[0m[38;2;0;0;0m[48;2;156;159;159m▀[0m[38;2;0;0;0m[48;2;158;161;161m▀[0m[38;2;108;110;110m[48;2;69;73;70m▀[0m[38;2;177;178;177m[48;2;0;0;0m▀[0m[38;2;157;162;159m[48;2;0;0;0m▀[0m[38;2;141;142;143m[48;2;0;0;0m▀[0m[38;2;0;0;0m[48;2;0;0;0m▀[0m[38;2;0;0;0m[48;2;0;0;0m▀[0m[38;2;52;52;53m[48;2;0;0;0m▀[0m[38;2;0;0;0m[48;2;0;0;0m▀[0m[38;2;0;0;0m[48;2;60;62;66m▀[0m[38;2;24;25;25m[48;2;106;108;110m▀[0m[38;2;58;58;60m[48;2;54;50;53m▀[0m[38;2;63;76;77m[48;2;0;0;0m▀[0m[38;2;114;116;116m[48;2;8;10;10m▀[0m[38;2;219;219;219m[48;2;45;47;47m▀[0m[38;2;0;0;0m[48;2;0;0;0m▀[0m[38;2;0;0;0m[48;2;0;0;0m▀[0m[38;2;0;0;0m[48;2;0;0;0m▀[0m[38;2;6;8;10m[48;2;11;12;12m▀[0m[38;2;79;81;81m[48;2;73;71;73m▀[0m[38;2;0;0;0m[48;2;0;0;0m▀[0m[38;2;36;33;36m[48;2;39;39;41m▀[0m[38;2;169;171;172m[48;2;157;159;160m▀[0m[38;2;0;0;0m[48;2;0;0;0m▀[0m[38;2;0;0;0m[48;2;0;0;0m▀[0m[38;2;0;0;0m[48;2;0;0;0m▀[0m[38;2;0;0;0m[48;2;0;0;0m▀[0m[38;2;0;0;0m[48;2;0;0;0m▀[0m[38;2;37;39;39m[48;2;30;30;30m▀[0m[38;2;67;69;69m[48;2;179;183;180m▀[0m[38;2;0;0;0m[48;2;0;0;0m▀[0m[38;2;2;5;4m[48;2;5;3;6m▀[0m[38;2;1;0;2m[48;2;0;0;0m▀[0m[38;2;0;0;0m[48;2;0;0;0m▀[0m[38;2;0;0;0m[48;2;0;0;0m▀[0m[38;2;0;0;0m[48;2;128;126;129m▀[0m[38;2;0;0;0m[48;2;122;123;123m▀[0m[38;2;99;103;103m[48;2;0;0;0m▀[0m[38;2;154;160;160m[48;2;147;150;150m▀[0m[38;2;113;119;119m[48;2;80;84;84m▀[0m[38;2;46;51;49m[48;2;0;0;0m▀[0m[38;2;92;98;98m[48;2;0;0;0m▀[0m[38;2;219;219;219m[48;2;49;50;50m▀[0m[38;2;219;219;219m[48;2;219;219;219m▀[0m[38;2;205;210;208m[48;2;203;205;205m▀[0m[38;2;177;178;178m[48;2;104;105;105m▀[0m[38;2;219;219;219m[48;2;181;183;183m▀[0m
[38;2;0;0;0m[48;2;0;0;0m▀[0m[38;2;0;0;0m[48;2;0;0;0m▀[0m[38;2;0;0;0m[48;2;165;171;172m▀[0m[38;2;219;219;219m[48;2;219;219;219m▀[0m[38;2;219;219;219m[48;2;202;203;198m▀[0m[38;2;219;219;219m[48;2;219;219;219m▀[0m[38;2;137;137;139m[48;2;213;213;213m▀[0m[38;2;0;0;0m[48;2;100;104;104m▀[0m[38;2;0;0;0m[48;2;18;20;21m▀[0m[38;2;0;0;0m[48;2;0;0;0m▀[0m[38;2;0;0;0m[48;2;0;0;0m▀[0m[38;2;0;0;0m[48;2;0;0;0m▀[0m[38;2;0;0;0m[48;2;6;6;6m▀[0m[38;2;6;9;6m[48;2;219;219;219m▀[0m[38;2;202;202;199m[48;2;219;219;219m▀[0m[38;2;219;219;219m[48;2;137;139;140m▀[0m[38;2;87;94;97m[48;2;0;0;0m▀[0m[38;2;40;49;55m[48;2;0;0;0m▀[0m[38;2;0;0;0m[48;2;0;0;0m▀[0m[38;2;112;116;113m[48;2;7;6;6m▀[0m[38;2;99;102;102m[48;2;185;190;190m▀[0m[38;2;0;0;0m[48;2;0;0;0m▀[0m[38;2;3;3;3m[48;2;0;0;0m▀[0m[38;2;4;4;6m[48;2;25;25;30m▀[0m[38;2;90;92;93m[48;2;31;34;37m▀[0m[38;2;49;51;53m[48;2;6;6;6m▀[0m[38;2;0;0;0m[48;2;0;0;0m▀[0m[38;2;0;0;0m[48;2;0;0;0m▀[0m[38;2;8;6;9m[48;2;0;0;0m▀[0m[38;2;0;0;0m[48;2;12;11;11m▀[0m[38;2;0;0;0m[48;2;10;9;9m▀[0m[38;2;0;0;0m[48;2;53;51;54m▀[0m[38;2;0;0;0m[48;2;141;144;144m▀[0m[38;2;0;0;0m[48;2;19;22;23m▀[0m[38;2;30;32;33m[48;2;59;58;58m▀[0m[38;2;118;118;120m[48;2;85;87;87m▀[0m[38;2;73;73;72m[48;2;0;0;0m▀[0m[38;2;44;47;47m[48;2;91;91;92m▀[0m[38;2;167;165;171m[48;2;51;49;52m▀[0m[38;2;0;0;0m[48;2;0;0;0m▀[0m[38;2;41;43;43m[48;2;36;37;37m▀[0m[38;2;38;36;39m[48;2;0;0;0m▀[0m[38;2;51;53;53m[48;2;0;0;0m▀[0m[38;2;73;72;72m[48;2;19;18;18m▀[0m[38;2;51;51;51m[48;2;13;13;13m▀[0m[38;2;25;25;23m[48;2;50;53;53m▀[0m[38;2;0;0;0m[48;2;75;77;79m▀[0m[38;2;4;6;6m[48;2;36;37;39m▀[0m[38;2;72;73;73m[48;2;55;57;57m▀[0m[38;2;0;0;0m[48;2;0;0;0m▀[0m[38;2;45;43;46m[48;2;49;53;55m▀[0m[38;2;142;144;146m[48;2;117;125;125m▀[0m[38;2;0;0;0m[48;2;0;0;0m▀[0m[38;2;0;0;0m[48;2;0;0;0m▀[0m[38;2;0;0;0m[48;2;0;0;0m▀[0m[38;2;0;0;0m[48;2;0;0;0m▀[0m[38;2;0;0;0m[48;2;0;0;0m▀[0m[38;2;22;24;24m[48;2;26;28;28m▀[0m[38;2;214;217;217m[48;2;219;219;219m▀[0m[38;2;30;32;30m[48;2;46;46;46m▀[0m[38;2;0;0;0m[48;2;0;0;0m▀[0m[38;2;0;0;0m[48;2;0;0;0m▀[0m[38;2;0;0;0m[48;2;0;0;0m▀[0m[38;2;0;0;0m[48;2;0;0;0m▀[0m[38;2;199;199;197m[48;2;187;190;190m▀[0m[38;2;154;154;155m[48;2;33;35;35m▀[0m[38;2;22;22;23m[48;2;103;106;105m▀[0m[38;2;25;24;24m[48;2;55;54;54m▀[0m[38;2;73;72;72m[48;2;0;0;0m▀[0m[38;2;0;0;0m[48;2;0;0;0m▀[0m[38;2;76;79;82m[48;2;65;71;72m▀[0m[38;2;0;0;0m[48;2;0;0;0m▀[0m[38;2;0;0;0m[48;2;0;0;0m▀[0m[38;2;219;219;219m[48;2;94;96;96m▀[0m[38;2;219;219;219m[48;2;203;205;205m▀[0m[38;2;12;13;13m[48;2;0;0;0m▀[0m
[38;2;0;0;0m[48;2;6;6;7m▀[0m[38;2;0;0;0m[48;2;0;0;0m▀[0m[38;2;193;199;198m[48;2;194;197;196m▀[0m[38;2;219;219;217m[48;2;209;208;206m▀[0m[38;2;177;178;174m[48;2;182;181;179m▀[0m[38;2;193;194;191m[48;2;196;196;192m▀[0m[38;2;162;165;162m[48;2;184;187;184m▀[0m[38;2;91;94;91m[48;2;0;0;0m▀[0m[38;2;39;43;42m[48;2;55;55;53m▀[0m[38;2;0;0;0m[48;2;129;132;132m▀[0m[38;2;33;33;33m[48;2;0;0;0m▀[0m[38;2;0;0;0m[48;2;0;0;0m▀[0m[38;2;10;12;14m[48;2;0;0;0m▀[0m[38;2;66;67;69m[48;2;0;0;0m▀[0m[38;2;0;0;0m[48;2;39;43;45m▀[0m[38;2;0;0;0m[48;2;54;53;51m▀[0m[38;2;3;2;3m[48;2;16;18;16m▀[0m[38;2;47;52;53m[48;2;125;131;131m▀[0m[38;2;30;33;34m[48;2;0;0;0m▀[0m[38;2;0;0;0m[48;2;0;0;0m▀[0m[38;2;63;66;67m[48;2;0;0;0m▀[0m[38;2;73;78;78m[48;2;10;12;12m▀[0m[38;2;0;0;0m[48;2;0;0;0m▀[0m[38;2;0;0;0m[48;2;6;6;6m▀[0m[38;2;0;0;0m[48;2;16;16;16m▀[0m[38;2;0;0;0m[48;2;0;0;0m▀[0m[38;2;0;0;0m[48;2;0;0;0m▀[0m[38;2;0;0;0m[48;2;0;0;0m▀[0m[38;2;8;10;10m[48;2;0;0;0m▀[0m[38;2;25;28;25m[48;2;0;0;0m▀[0m[38;2;23;23;23m[48;2;0;0;0m▀[0m[38;2;75;77;78m[48;2;0;0;0m▀[0m[38;2;79;82;79m[48;2;0;0;0m▀[0m[38;2;0;0;0m[48;2;0;0;0m▀[0m[38;2;0;0;0m[48;2;0;0;0m▀[0m[38;2;0;0;0m[48;2;0;0;0m▀[0m[38;2;0;0;0m[48;2;67;68;68m▀[0m[38;2;136;139;138m[48;2;12;14;13m▀[0m[38;2;0;0;0m[48;2;12;12;12m▀[0m[38;2;55;58;57m[48;2;155;159;159m▀[0m[38;2;14;17;17m[48;2;4;6;6m▀[0m[38;2;0;0;0m[48;2;0;0;0m▀[0m[38;2;7;7;9m[48;2;89;86;86m▀[0m[38;2;18;20;20m[48;2;116;116;116m▀[0m[38;2;0;0;0m[48;2;0;0;0m▀[0m[38;2;0;0;0m[48;2;0;0;0m▀[0m[38;2;0;0;0m[48;2;0;0;0m▀[0m[38;2;0;0;0m[48;2;0;0;0m▀[0m[38;2;0;0;0m[48;2;182;185;186m▀[0m[38;2;0;0;0m[48;2;207;208;208m▀[0m[38;2;6;8;6m[48;2;92;94;94m▀[0m[38;2;92;95;98m[48;2;0;0;0m▀[0m[38;2;0;0;0m[48;2;0;0;0m▀[0m[38;2;0;0;0m[48;2;0;0;0m▀[0m[38;2;0;0;0m[48;2;21;24;24m▀[0m[38;2;0;0;0m[48;2;12;14;16m▀[0m[38;2;0;0;0m[48;2;0;0;0m▀[0m[38;2;28;30;31m[48;2;53;55;55m▀[0m[38;2;219;219;219m[48;2;219;219;219m▀[0m[38;2;43;43;43m[48;2;42;41;41m▀[0m[38;2;0;0;0m[48;2;0;0;0m▀[0m[38;2;0;0;0m[48;2;0;0;0m▀[0m[38;2;0;0;0m[48;2;0;0;0m▀[0m[38;2;0;0;0m[48;2;0;0;0m▀[0m[38;2;195;196;196m[48;2;172;176;177m▀[0m[38;2;8;12;11m[48;2;0;0;0m▀[0m[38;2;123;122;122m[48;2;122;125;127m▀[0m[38;2;23;20;23m[48;2;0;0;0m▀[0m[38;2;0;0;0m[48;2;0;0;0m▀[0m[38;2;0;0;0m[48;2;0;0;0m▀[0m[38;2;0;0;0m[48;2;0;0;0m▀[0m[38;2;85;85;86m[48;2;219;219;219m▀[0m[38;2;219;219;219m[48;2;219;219;219m▀[0m[38;2;0;0;0m[48;2;77;77;79m▀[0m[38;2;31;34;36m[48;2;145;147;147m▀[0m[38;2;197;200;200m[48;2;219;219;219m▀[0m
[38;2;0;0;0m[48;2;185;187;187m▀[0m[38;2;0;0;0m[48;2;0;0;0m▀[0m[38;2;204;205;202m[48;2;178;181;181m▀[0m[38;2;215;217;214m[48;2;214;219;219m▀[0m[38;2;181;184;184m[48;2;190;192;190m▀[0m[38;2;187;187;185m[48;2;190;190;189m▀[0m[38;2;217;219;219m[48;2;195;198;197m▀[0m[38;2;0;0;0m[48;2;8;11;10m▀[0m[38;2;182;182;182m[48;2;219;219;219m▀[0m[38;2;219;219;219m[48;2;219;219;219m▀[0m[38;2;0;0;0m[48;2;4;7;8m▀[0m[38;2;0;0;0m[48;2;0;0;0m▀[0m[38;2;0;0;0m[48;2;106;108;108m▀[0m[38;2;23;26;30m[48;2;216;218;218m▀[0m[38;2;44;46;49m[48;2;52;54;54m▀[0m[38;2;0;0;0m[48;2;0;0;0m▀[0m[38;2;12;14;14m[48;2;64;66;67m▀[0m[38;2;59;64;64m[48;2;115;122;125m▀[0m[38;2;0;0;0m[48;2;0;0;0m▀[0m[38;2;0;0;0m[48;2;24;25;26m▀[0m[38;2;0;0;0m[48;2;137;143;146m▀[0m[38;2;0;0;0m[48;2;11;11;9m▀[0m[38;2;0;0;0m[48;2;0;0;0m▀[0m[38;2;12;10;10m[48;2;0;0;0m▀[0m[38;2;126;126;126m[48;2;0;0;0m▀[0m[38;2;141;144;144m[48;2;55;58;58m▀[0m[38;2;0;0;0m[48;2;13;13;14m▀[0m[38;2;0;0;0m[48;2;0;0;0m▀[0m[38;2;0;0;0m[48;2;0;0;0m▀[0m[38;2;0;0;0m[48;2;0;0;0m▀[0m[38;2;0;0;0m[48;2;0;0;0m▀[0m[38;2;0;0;0m[48;2;0;0;0m▀[0m[38;2;0;0;0m[48;2;0;0;0m▀[0m[38;2;0;0;0m[48;2;9;9;9m▀[0m[38;2;0;0;0m[48;2;42;43;43m▀[0m[38;2;13;13;14m[48;2;0;0;1m▀[0m[38;2;19;19;19m[48;2;0;0;0m▀[0m[38;2;0;0;0m[48;2;23;25;27m▀[0m[38;2;106;111;114m[48;2;22;27;27m▀[0m[38;2;45;49;49m[48;2;0;0;0m▀[0m[38;2;0;0;0m[48;2;0;0;0m▀[0m[38;2;0;0;0m[48;2;0;0;0m▀[0m[38;2;53;53;55m[48;2;0;0;0m▀[0m[38;2;60;61;63m[48;2;0;0;0m▀[0m[38;2;0;0;0m[48;2;0;0;0m▀[0m[38;2;0;0;0m[48;2;0;0;0m▀[0m[38;2;0;0;0m[48;2;66;70;75m▀[0m[38;2;30;31;36m[48;2;36;37;38m▀[0m[38;2;62;64;65m[48;2;188;190;188m▀[0m[38;2;152;155;158m[48;2;219;219;219m▀[0m[38;2;219;219;219m[48;2;122;126;126m▀[0m[38;2;219;219;219m[48;2;219;219;219m▀[0m[38;2;73;71;73m[48;2;219;219;219m▀[0m[38;2;0;0;0m[48;2;118;120;118m▀[0m[38;2;0;0;0m[48;2;0;0;0m▀[0m[38;2;22;28;28m[48;2;0;0;0m▀[0m[38;2;0;0;0m[48;2;0;0;0m▀[0m[38;2;68;68;68m[48;2;85;84;84m▀[0m[38;2;219;219;219m[48;2;219;219;219m▀[0m[38;2;15;17;18m[48;2;0;0;1m▀[0m[38;2;0;0;0m[48;2;0;0;0m▀[0m[38;2;0;0;0m[48;2;0;0;0m▀[0m[38;2;0;0;0m[48;2;0;0;0m▀[0m[38;2;21;27;25m[48;2;61;63;64m▀[0m[38;2;103;110;112m[48;2;33;33;34m▀[0m[38;2;0;0;0m[48;2;6;6;4m▀[0m[38;2;95;101;102m[48;2;63;65;67m▀[0m[38;2;0;0;0m[48;2;0;0;0m▀[0m[38;2;0;0;0m[48;2;0;0;0m▀[0m[38;2;0;0;0m[48;2;0;0;0m▀[0m[38;2;25;27;27m[48;2;190;193;192m▀[0m[38;2;219;219;219m[48;2;219;219;219m▀[0m[38;2;219;219;219m[48;2;219;219;219m▀[0m[38;2;99;101;101m[48;2;219;219;219m▀[0m[38;2;0;0;0m[48;2;0;0;0m▀[0m[38;2;142;146;148m[48;2;73;79;82m▀[0m
[38;2;122;122;124m[48;2;0;0;0m▀[0m[38;2;0;0;0m[48;2;0;0;0m▀[0m[38;2;56;59;60m[48;2;0;0;0m▀[0m[38;2;82;86;86m[48;2;92;95;94m▀[0m[38;2;184;184;183m[48;2;139;141;139m▀[0m[38;2;205;205;205m[48;2;204;207;202m▀[0m[38;2;138;143;144m[48;2;175;178;176m▀[0m[38;2;30;32;36m[48;2;98;101;103m▀[0m[38;2;219;219;219m[48;2;219;219;219m▀[0m[38;2;219;219;219m[48;2;219;219;219m▀[0m[38;2;140;141;142m[48;2;184;188;185m▀[0m[38;2;0;0;0m[48;2;0;0;0m▀[0m[38;2;72;73;73m[48;2;61;64;64m▀[0m[38;2;219;219;219m[48;2;219;219;219m▀[0m[38;2;55;57;61m[48;2;73;74;74m▀[0m[38;2;0;0;0m[48;2;0;0;0m▀[0m[38;2;92;95;95m[48;2;0;0;0m▀[0m[38;2;59;61;61m[48;2;0;0;0m▀[0m[38;2;0;0;0m[48;2;12;18;24m▀[0m[38;2;28;30;31m[48;2;2;4;5m▀[0m[38;2;172;178;182m[48;2;0;0;1m▀[0m[38;2;61;63;62m[48;2;0;0;2m▀[0m[38;2;0;0;0m[48;2;0;0;0m▀[0m[38;2;0;0;0m[48;2;40;43;43m▀[0m[38;2;0;0;0m[48;2;32;34;34m▀[0m[38;2;0;0;0m[48;2;0;0;0m▀[0m[38;2;0;0;1m[48;2;0;0;0m▀[0m[38;2;3;3;3m[48;2;0;0;0m▀[0m[38;2;51;53;53m[48;2;12;13;13m▀[0m[38;2;60;62;60m[48;2;0;0;0m▀[0m[38;2;45;48;48m[48;2;0;0;0m▀[0m[38;2;24;24;24m[48;2;17;17;15m▀[0m[38;2;1;0;0m[48;2;63;69;65m▀[0m[38;2;12;12;10m[48;2;55;57;56m▀[0m[38;2;32;36;35m[48;2;0;0;0m▀[0m[38;2;0;0;0m[48;2;0;0;0m▀[0m[38;2;43;44;44m[48;2;87;91;91m▀[0m[38;2;17;18;18m[48;2;0;0;0m▀[0m[38;2;0;0;0m[48;2;0;0;0m▀[0m[38;2;0;0;0m[48;2;0;0;0m▀[0m[38;2;0;0;0m[48;2;0;0;0m▀[0m[38;2;0;0;0m[48;2;0;0;0m▀[0m[38;2;0;0;0m[48;2;0;0;0m▀[0m[38;2;0;0;0m[48;2;0;0;0m▀[0m[38;2;0;0;0m[48;2;0;0;0m▀[0m[38;2;0;0;0m[48;2;0;0;0m▀[0m[38;2;29;30;31m[48;2;0;0;0m▀[0m[38;2;92;96;92m[48;2;0;0;0m▀[0m[38;2;219;219;219m[48;2;43;46;48m▀[0m[38;2;219;219;219m[48;2;167;167;169m▀[0m[38;2;219;219;219m[48;2;219;219;219m▀[0m[38;2;145;147;148m[48;2;219;219;219m▀[0m[38;2;195;194;194m[48;2;219;219;219m▀[0m[38;2;219;219;219m[48;2;219;219;219m▀[0m[38;2;166;170;170m[48;2;135;140;137m▀[0m[38;2;20;20;20m[48;2;85;85;82m▀[0m[38;2;0;0;0m[48;2;7;6;8m▀[0m[38;2;140;139;139m[48;2;61;63;63m▀[0m[38;2;219;219;219m[48;2;219;219;219m▀[0m[38;2;0;0;0m[48;2;0;1;3m▀[0m[38;2;0;0;0m[48;2;0;0;0m▀[0m[38;2;14;16;16m[48;2;30;36;33m▀[0m[38;2;0;0;0m[48;2;0;2;3m▀[0m[38;2;78;80;79m[48;2;78;76;79m▀[0m[38;2;8;7;8m[48;2;0;0;0m▀[0m[38;2;36;36;36m[48;2;61;61;58m▀[0m[38;2;49;51;53m[48;2;11;11;9m▀[0m[38;2;0;0;0m[48;2;0;0;0m▀[0m[38;2;0;0;0m[48;2;0;0;0m▀[0m[38;2;7;10;6m[48;2;208;208;210m▀[0m[38;2;219;219;219m[48;2;219;219;219m▀[0m[38;2;219;219;219m[48;2;219;219;219m▀[0m[38;2;219;219;219m[48;2;219;219;219m▀[0m[38;2;219;219;219m[48;2;219;219;219m▀[0m[38;2;0;0;0m[48;2;194;196;196m▀[0m[38;2;23;28;28m[48;2;0;0;0m▀[0m
[38;2;0;0;0m[48;2;0;0;0m▀[0m[38;2;0;0;0m[48;2;72;72;73m▀[0m[38;2;137;137;138m[48;2;219;219;217m▀[0m[38;2;122;128;127m[48;2;148;152;151m▀[0m[38;2;131;133;131m[48;2;150;152;150m▀[0m[38;2;201;201;196m[48;2;193;194;191m▀[0m[38;2;191;191;190m[48;2;205;208;208m▀[0m[38;2;87;92;93m[48;2;96;98;99m▀[0m[38;2;219;219;219m[48;2;219;219;219m▀[0m[38;2;219;219;219m[48;2;58;58;58m▀[0m[38;2;0;0;0m[48;2;0;0;0m▀[0m[38;2;0;0;0m[48;2;0;0;0m▀[0m[38;2;30;33;34m[48;2;0;0;0m▀[0m[38;2;219;219;219m[48;2;219;219;219m▀[0m[38;2;64;67;70m[48;2;29;31;31m▀[0m[38;2;0;0;0m[48;2;0;0;0m▀[0m[38;2;0;0;0m[48;2;36;43;43m▀[0m[38;2;16;27;24m[48;2;82;92;86m▀[0m[38;2;60;76;73m[48;2;6;6;4m▀[0m[38;2;0;2;2m[48;2;0;0;0m▀[0m[38;2;0;0;0m[48;2;0;0;0m▀[0m[38;2;0;0;0m[48;2;0;0;0m▀[0m[38;2;0;0;0m[48;2;0;0;0m▀[0m[38;2;0;0;0m[48;2;0;0;0m▀[0m[38;2;85;87;85m[48;2;15;18;21m▀[0m[38;2;39;39;39m[48;2;88;91;88m▀[0m[38;2;0;0;0m[48;2;43;45;45m▀[0m[38;2;0;0;0m[48;2;0;0;0m▀[0m[38;2;0;0;0m[48;2;0;0;0m▀[0m[38;2;0;0;0m[48;2;0;0;0m▀[0m[38;2;0;0;0m[48;2;0;0;0m▀[0m[38;2;52;55;53m[48;2;106;111;111m▀[0m[38;2;163;168;167m[48;2;190;196;192m▀[0m[38;2;187;194;196m[48;2;183;188;189m▀[0m[38;2;51;55;55m[48;2;216;219;219m▀[0m[38;2;6;7;9m[48;2;62;67;67m▀[0m[38;2;25;25;25m[48;2;0;0;0m▀[0m[38;2;0;0;0m[48;2;0;0;0m▀[0m[38;2;0;0;0m[48;2;0;0;0m▀[0m[38;2;78;61;58m[48;2;219;219;219m▀[0m[38;2;219;219;219m[48;2;219;219;219m▀[0m[38;2;219;219;219m[48;2;219;219;219m▀[0m[38;2;219;219;219m[48;2;219;219;219m▀[0m[38;2;219;219;219m[48;2;219;219;219m▀[0m[38;2;219;219;219m[48;2;219;219;219m▀[0m[38;2;206;204;207m[48;2;219;219;219m▀[0m[38;2;148;153;156m[48;2;219;219;219m▀[0m[38;2;62;74;78m[48;2;219;219;219m▀[0m[38;2;0;0;0m[48;2;219;219;219m▀[0m[38;2;0;0;0m[48;2;219;219;219m▀[0m[38;2;0;0;0m[48;2;166;169;166m▀[0m[38;2;0;0;0m[48;2;26;30;30m▀[0m[38;2;110;110;110m[48;2;0;0;0m▀[0m[38;2;193;191;194m[48;2;0;0;0m▀[0m[38;2;171;172;169m[48;2;0;2;4m▀[0m[38;2;0;0;0m[48;2;60;62;61m▀[0m[38;2;0;0;0m[48;2;0;0;0m▀[0m[38;2;24;25;27m[48;2;0;0;0m▀[0m[38;2;90;92;92m[48;2;71;69;72m▀[0m[38;2;0;0;0m[48;2;35;34;34m▀[0m[38;2;0;0;0m[48;2;0;0;0m▀[0m[38;2;26;34;33m[48;2;30;33;36m▀[0m[38;2;15;22;24m[48;2;13;17;17m▀[0m[38;2;67;67;66m[48;2;77;79;79m▀[0m[38;2;0;0;0m[48;2;0;0;0m▀[0m[38;2;65;67;67m[48;2;65;64;65m▀[0m[38;2;29;39;42m[48;2;24;30;30m▀[0m[38;2;0;0;0m[48;2;0;0;0m▀[0m[38;2;47;49;50m[48;2;219;219;219m▀[0m[38;2;219;219;219m[48;2;219;219;219m▀[0m[38;2;219;219;219m[48;2;219;219;219m▀[0m[38;2;219;219;219m[48;2;219;219;219m▀[0m[38;2;219;219;219m[48;2;219;219;219m▀[0m[38;2;219;219;219m[48;2;219;219;219m▀[0m[38;2;219;219;219m[48;2;219;219;219m▀[0m[38;2;90;93;92m[48;2;35;36;33m▀[0m
[38;2;0;0;0m[48;2;0;0;0m▀[0m[38;2;116;119;119m[48;2;147;151;150m▀[0m[38;2;179;183;178m[48;2;151;151;149m▀[0m[38;2;165;169;168m[48;2;159;160;159m▀[0m[38;2;192;196;192m[48;2;200;202;202m▀[0m[38;2;196;196;194m[48;2;171;172;172m▀[0m[38;2;219;219;219m[48;2;219;219;219m▀[0m[38;2;122;124;124m[48;2;122;126;123m▀[0m[38;2;64;72;72m[48;2;0;0;0m▀[0m[38;2;0;0;0m[48;2;0;0;0m▀[0m[38;2;0;0;0m[48;2;0;0;0m▀[0m[38;2;0;0;0m[48;2;0;0;0m▀[0m[38;2;43;43;47m[48;2;86;93;93m▀[0m[38;2;91;92;94m[48;2;0;0;0m▀[0m[38;2;0;0;0m[48;2;0;0;0m▀[0m[38;2;0;0;0m[48;2;0;0;0m▀[0m[38;2;71;80;79m[48;2;119;121;119m▀[0m[38;2;126;133;131m[48;2;148;148;146m▀[0m[38;2;0;0;0m[48;2;62;63;60m▀[0m[38;2;0;0;0m[48;2;0;0;0m▀[0m[38;2;0;0;0m[48;2;0;0;0m▀[0m[38;2;0;0;0m[48;2;102;104;104m▀[0m[38;2;0;0;0m[48;2;0;0;0m▀[0m[38;2;0;0;0m[48;2;0;0;0m▀[0m[38;2;0;0;0m[48;2;0;0;0m▀[0m[38;2;0;0;0m[48;2;0;0;0m▀[0m[38;2;6;8;8m[48;2;0;0;0m▀[0m[38;2;0;0;0m[48;2;0;0;0m▀[0m[38;2;0;0;0m[48;2;0;0;0m▀[0m[38;2;121;124;124m[48;2;73;85;79m▀[0m[38;2;92;95;94m[48;2;12;44;44m▀[0m[38;2;147;153;152m[48;2;95;113;116m▀[0m[38;2;200;202;199m[48;2;213;215;216m▀[0m[38;2;205;208;209m[48;2;198;208;208m▀[0m[38;2;219;219;219m[48;2;219;219;219m▀[0m[38;2;162;179;178m[48;2;219;219;219m▀[0m[38;2;48;0;0m[48;2;152;91;88m▀[0m[38;2;0;0;0m[48;2;137;130;130m▀[0m[38;2;164;172;175m[48;2;219;219;219m▀[0m[38;2;219;219;219m[48;2;213;150;146m▀[0m[38;2;219;198;197m[48;2;210;147;140m▀[0m[38;2;219;167;164m[48;2;219;70;60m▀[0m[38;2;219;219;219m[48;2;219;219;219m▀[0m[38;2;219;219;219m[48;2;219;219;219m▀[0m[38;2;219;219;219m[48;2;219;219;219m▀[0m[38;2;219;213;213m[48;2;213;210;210m▀[0m[38;2;208;170;165m[48;2;219;219;219m▀[0m[38;2;214;187;182m[48;2;219;219;219m▀[0m[38;2;219;219;219m[48;2;219;219;219m▀[0m[38;2;219;219;219m[48;2;219;219;219m▀[0m[38;2;219;219;219m[48;2;219;219;219m▀[0m[38;2;219;219;219m[48;2;219;219;219m▀[0m[38;2;219;219;219m[48;2;219;219;219m▀[0m[38;2;130;129;129m[48;2;219;219;219m▀[0m[38;2;0;0;0m[48;2;219;219;219m▀[0m[38;2;0;0;0m[48;2;111;113;111m▀[0m[38;2;0;0;0m[48;2;0;0;0m▀[0m[38;2;0;0;0m[48;2;0;0;0m▀[0m[38;2;0;0;0m[48;2;0;0;0m▀[0m[38;2;85;84;84m[48;2;0;0;0m▀[0m[38;2;21;23;23m[48;2;17;18;19m▀[0m[38;2;0;0;0m[48;2;0;0;0m▀[0m[38;2;0;0;0m[48;2;6;5;5m▀[0m[38;2;63;62;62m[48;2;47;49;49m▀[0m[38;2;0;0;0m[48;2;0;0;0m▀[0m[38;2;73;76;75m[48;2;61;61;62m▀[0m[38;2;0;0;0m[48;2;0;0;0m▀[0m[38;2;52;54;54m[48;2;208;210;210m▀[0m[38;2;219;219;219m[48;2;219;219;219m▀[0m[38;2;219;219;219m[48;2;219;219;219m▀[0m[38;2;219;219;219m[48;2;219;219;219m▀[0m[38;2;219;219;219m[48;2;217;217;217m▀[0m[38;2;219;219;219m[48;2;219;219;219m▀[0m[38;2;219;219;219m[48;2;219;219;219m▀[0m[38;2;219;219;219m[48;2;219;219;219m▀[0m[38;2;0;0;0m[48;2;0;0;0m▀[0m
[38;2;0;0;0m[48;2;0;0;0m▀[0m[38;2;174;180;177m[48;2;30;32;33m▀[0m[38;2;158;159;155m[48;2;31;35;30m▀[0m[38;2;162;165;165m[48;2;187;190;190m▀[0m[38;2;202;206;207m[48;2;212;212;213m▀[0m[38;2;117;119;119m[48;2;128;129;129m▀[0m[38;2;219;219;219m[48;2;216;219;216m▀[0m[38;2;63;67;67m[48;2;0;0;0m▀[0m[38;2;0;0;0m[48;2;6;6;6m▀[0m[38;2;0;1;1m[48;2;44;45;43m▀[0m[38;2;0;0;0m[48;2;0;0;0m▀[0m[38;2;0;0;0m[48;2;16;16;16m▀[0m[38;2;42;46;43m[48;2;0;0;0m▀[0m[38;2;0;0;0m[48;2;101;104;103m▀[0m[38;2;67;69;69m[48;2;219;219;219m▀[0m[38;2;211;213;213m[48;2;219;219;219m▀[0m[38;2;219;219;219m[48;2;219;219;219m▀[0m[38;2;219;219;219m[48;2;162;167;167m▀[0m[38;2;142;145;145m[48;2;0;0;0m▀[0m[38;2;45;47;48m[48;2;24;26;26m▀[0m[38;2;91;93;98m[48;2;26;26;28m▀[0m[38;2;89;89;91m[48;2;0;0;0m▀[0m[38;2;0;0;0m[48;2;0;0;0m▀[0m[38;2;0;0;0m[48;2;0;0;0m▀[0m[38;2;0;0;0m[48;2;173;177;177m▀[0m[38;2;36;41;41m[48;2;219;219;219m▀[0m[38;2;163;166;164m[48;2;219;219;219m▀[0m[38;2;217;219;219m[48;2;219;219;219m▀[0m[38;2;219;219;219m[48;2;219;219;219m▀[0m[38;2;145;157;158m[48;2;219;219;219m▀[0m[38;2;22;0;0m[48;2;219;197;189m▀[0m[38;2;8;8;10m[48;2;147;0;0m▀[0m[38;2;188;219;219m[48;2;69;0;0m▀[0m[38;2;215;219;219m[48;2;121;49;42m▀[0m[38;2;219;219;219m[48;2;120;13;6m▀[0m[38;2;117;164;168m[48;2;147;0;0m▀[0m[38;2;116;17;10m[48;2;219;50;40m▀[0m[38;2;219;219;219m[48;2;219;101;101m▀[0m[38;2;209;158;151m[48;2;207;135;135m▀[0m[38;2;219;219;219m[48;2;214;191;193m▀[0m[38;2;219;219;219m[48;2;187;202;203m▀[0m[38;2;219;219;219m[48;2;77;79;81m▀[0m[38;2;219;219;219m[48;2;219;219;219m▀[0m[38;2;217;219;219m[48;2;217;219;219m▀[0m[38;2;215;219;219m[48;2;215;219;216m▀[0m[38;2;216;219;219m[48;2;218;218;219m▀[0m[38;2;215;217;219m[48;2;217;217;217m▀[0m[38;2;215;215;215m[48;2;216;216;217m▀[0m[38;2;216;216;219m[48;2;216;216;217m▀[0m[38;2;219;219;219m[48;2;216;216;216m▀[0m[38;2;219;219;219m[48;2;219;219;219m▀[0m[38;2;219;219;219m[48;2;204;178;177m▀[0m[38;2;219;219;219m[48;2;202;140;134m▀[0m[38;2;217;149;146m[48;2;207;133;128m▀[0m[38;2;219;212;210m[48;2;219;201;198m▀[0m[38;2;219;219;219m[48;2;219;219;219m▀[0m[38;2;219;219;219m[48;2;219;219;219m▀[0m[38;2;68;70;68m[48;2;219;219;219m▀[0m[38;2;0;0;0m[48;2;206;206;206m▀[0m[38;2;0;0;0m[48;2;8;11;8m▀[0m[38;2;0;0;0m[48;2;0;0;0m▀[0m[38;2;0;0;0m[48;2;0;0;0m▀[0m[38;2;20;22;22m[48;2;0;0;0m▀[0m[38;2;32;34;32m[48;2;0;0;0m▀[0m[38;2;2;1;1m[48;2;6;9;12m▀[0m[38;2;24;26;24m[48;2;0;0;0m▀[0m[38;2;0;0;0m[48;2;15;20;18m▀[0m[38;2;219;219;219m[48;2;219;219;219m▀[0m[38;2;219;219;219m[48;2;219;219;219m▀[0m[38;2;219;219;219m[48;2;219;219;219m▀[0m[38;2;215;216;216m[48;2;215;217;217m▀[0m[38;2;216;216;216m[48;2;219;218;219m▀[0m[38;2;219;219;219m[48;2;219;219;219m▀[0m[38;2;219;219;219m[48;2;219;219;219m▀[0m[38;2;195;198;198m[48;2;134;135;139m▀[0m[38;2;0;0;0m[48;2;0;0;0m▀[0m
[38;2;219;219;219m[48;2;219;219;219m▀[0m[38;2;219;219;219m[48;2;219;219;219m▀[0m[38;2;22;24;24m[48;2;207;208;210m▀[0m[38;2;140;146;144m[48;2;18;21;21m▀[0m[38;2;196;199;199m[48;2;13;17;19m▀[0m[38;2;103;106;104m[48;2;12;13;13m▀[0m[38;2;163;166;164m[48;2;95;97;95m▀[0m[38;2;0;0;0m[48;2;0;0;0m▀[0m[38;2;0;0;0m[48;2;0;0;0m▀[0m[38;2;61;60;60m[48;2;47;49;49m▀[0m[38;2;0;0;0m[48;2;0;0;0m▀[0m[38;2;0;0;0m[48;2;0;0;0m▀[0m[38;2;49;52;49m[48;2;214;215;212m▀[0m[38;2;219;219;219m[48;2;209;212;211m▀[0m[38;2;219;219;219m[48;2;219;219;219m▀[0m[38;2;219;219;219m[48;2;219;219;219m▀[0m[38;2;165;167;167m[48;2;85;86;86m▀[0m[38;2;159;162;162m[48;2;108;110;110m▀[0m[38;2;88;90;92m[48;2;0;0;0m▀[0m[38;2;0;0;0m[48;2;0;0;0m▀[0m[38;2;0;0;0m[48;2;0;0;0m▀[0m[38;2;0;0;0m[48;2;0;0;0m▀[0m[38;2;0;0;0m[48;2;219;219;219m▀[0m[38;2;219;219;219m[48;2;219;219;219m▀[0m[38;2;219;219;219m[48;2;219;219;219m▀[0m[38;2;219;219;219m[48;2;219;219;219m▀[0m[38;2;219;219;219m[48;2;219;219;219m▀[0m[38;2;219;219;219m[48;2;219;219;219m▀[0m[38;2;219;219;219m[48;2;219;219;219m▀[0m[38;2;219;94;87m[48;2;218;160;153m▀[0m[38;2;219;178;168m[48;2;219;219;219m▀[0m[38;2;219;204;197m[48;2;219;219;219m▀[0m[38;2;219;154;150m[48;2;219;219;219m▀[0m[38;2;219;60;36m[48;2;194;219;219m▀[0m[38;2;219;129;117m[48;2;219;219;219m▀[0m[38;2;211;172;169m[48;2;162;194;194m▀[0m[38;2;208;219;219m[48;2;0;40;10m▀[0m[38;2;219;219;219m[48;2;219;219;219m▀[0m[38;2;204;169;167m[48;2;219;219;219m▀[0m[38;2;207;147;146m[48;2;200;212;214m▀[0m[38;2;77;90;88m[48;2;219;219;219m▀[0m[38;2;75;78;78m[48;2;219;219;219m▀[0m[38;2;219;219;219m[48;2;219;219;219m▀[0m[38;2;219;219;219m[48;2;219;219;219m▀[0m[38;2;219;219;219m[48;2;219;219;219m▀[0m[38;2;216;216;217m[48;2;216;216;216m▀[0m[38;2;218;218;218m[48;2;217;217;218m▀[0m[38;2;216;216;217m[48;2;216;216;217m▀[0m[38;2;216;216;217m[48;2;216;216;217m▀[0m[38;2;217;217;217m[48;2;217;215;219m▀[0m[38;2;215;217;217m[48;2;215;218;219m▀[0m[38;2;204;193;187m[48;2;216;219;219m▀[0m[38;2;213;219;219m[48;2;215;219;219m▀[0m[38;2;219;219;219m[48;2;215;218;218m▀[0m[38;2;219;219;219m[48;2;219;219;219m▀[0m[38;2;219;219;219m[48;2;215;219;219m▀[0m[38;2;219;219;219m[48;2;217;219;219m▀[0m[38;2;219;219;219m[48;2;219;219;219m▀[0m[38;2;219;219;219m[48;2;219;219;219m▀[0m[38;2;219;219;219m[48;2;219;219;219m▀[0m[38;2;148;149;147m[48;2;219;219;219m▀[0m[38;2;0;0;0m[48;2;219;219;219m▀[0m[38;2;0;0;0m[48;2;113;115;115m▀[0m[38;2;0;0;0m[48;2;0;0;0m▀[0m[38;2;0;0;0m[48;2;0;0;0m▀[0m[38;2;0;0;0m[48;2;0;0;0m▀[0m[38;2;60;62;57m[48;2;53;56;54m▀[0m[38;2;219;219;219m[48;2;219;219;219m▀[0m[38;2;219;219;219m[48;2;219;219;219m▀[0m[38;2;219;219;219m[48;2;219;219;219m▀[0m[38;2;215;217;217m[48;2;217;217;217m▀[0m[38;2;219;219;219m[48;2;219;219;219m▀[0m[38;2;219;219;219m[48;2;219;219;219m▀[0m[38;2;219;219;219m[48;2;219;219;219m▀[0m[38;2;76;78;78m[48;2;27;29;29m▀[0m[38;2;0;0;0m[48;2;6;8;12m▀[0m
[38;2;219;219;219m[48;2;219;219;219m▀[0m[38;2;158;161;159m[48;2;219;219;219m▀[0m[38;2;196;197;197m[48;2;137;143;141m▀[0m[38;2;88;90;90m[48;2;0;0;0m▀[0m[38;2;215;216;218m[48;2;49;51;51m▀[0m[38;2;46;46;47m[48;2;26;26;27m▀[0m[38;2;0;0;0m[48;2;0;0;0m▀[0m[38;2;0;0;0m[48;2;0;0;0m▀[0m[38;2;0;0;0m[48;2;0;0;0m▀[0m[38;2;0;0;0m[48;2;0;0;0m▀[0m[38;2;0;0;0m[48;2;0;0;0m▀[0m[38;2;106;108;108m[48;2;195;196;196m▀[0m[38;2;219;219;219m[48;2;209;213;210m▀[0m[38;2;210;212;213m[48;2;219;219;219m▀[0m[38;2;219;219;219m[48;2;190;193;193m▀[0m[38;2;69;72;73m[48;2;0;0;0m▀[0m[38;2;15;17;18m[48;2;0;0;0m▀[0m[38;2;0;0;0m[48;2;0;0;0m▀[0m[38;2;0;0;0m[48;2;0;0;0m▀[0m[38;2;0;0;0m[48;2;0;0;0m▀[0m[38;2;0;0;0m[48;2;183;184;185m▀[0m[38;2;219;219;219m[48;2;219;219;219m▀[0m[38;2;219;219;219m[48;2;219;219;219m▀[0m[38;2;219;219;219m[48;2;219;219;219m▀[0m[38;2;219;219;219m[48;2;219;219;219m▀[0m[38;2;219;219;219m[48;2;215;218;218m▀[0m[38;2;219;219;219m[48;2;219;219;219m▀[0m[38;2;219;219;219m[48;2;217;219;219m▀[0m[38;2;217;219;219m[48;2;219;219;219m▀[0m[38;2;219;219;219m[48;2;216;219;219m▀[0m[38;2;219;219;219m[48;2;219;219;219m▀[0m[38;2;219;219;219m[48;2;219;219;219m▀[0m[38;2;219;219;219m[48;2;219;219;219m▀[0m[38;2;149;153;153m[48;2;201;200;200m▀[0m[38;2;219;219;219m[48;2;219;219;219m▀[0m[38;2;219;219;219m[48;2;219;219;219m▀[0m[38;2;0;133;92m[48;2;179;213;202m▀[0m[38;2;0;141;114m[48;2;0;55;8m▀[0m[38;2;219;219;219m[48;2;195;219;219m▀[0m[38;2;178;179;186m[48;2;219;219;219m▀[0m[38;2;0;0;0m[48;2;0;0;0m▀[0m[38;2;74;76;77m[48;2;22;24;24m▀[0m[38;2;206;208;208m[48;2;105;111;111m▀[0m[38;2;219;219;219m[48;2;107;113;110m▀[0m[38;2;219;219;219m[48;2;200;197;197m▀[0m[38;2;219;219;219m[48;2;219;219;219m▀[0m[38;2;215;219;219m[48;2;219;219;219m▀[0m[38;2;219;219;219m[48;2;219;219;219m▀[0m[38;2;216;219;219m[48;2;215;209;207m▀[0m[38;2;217;219;219m[48;2;216;216;217m▀[0m[38;2;219;219;219m[48;2;216;219;219m▀[0m[38;2;216;219;219m[48;2;215;219;219m▀[0m[38;2;215;210;207m[48;2;211;202;203m▀[0m[38;2;217;217;215m[48;2;215;216;216m▀[0m[38;2;217;217;219m[48;2;214;216;216m▀[0m[38;2;215;217;218m[48;2;216;218;216m▀[0m[38;2;216;216;216m[48;2;217;217;217m▀[0m[38;2;216;216;217m[48;2;215;216;216m▀[0m[38;2;219;219;219m[48;2;216;216;217m▀[0m[38;2;219;219;219m[48;2;219;219;219m▀[0m[38;2;219;219;219m[48;2;219;219;219m▀[0m[38;2;219;219;219m[48;2;219;219;219m▀[0m[38;2;219;219;219m[48;2;219;219;219m▀[0m[38;2;219;219;219m[48;2;219;219;219m▀[0m[38;2;185;187;185m[48;2;201;200;201m▀[0m[38;2;84;85;82m[48;2;193;195;195m▀[0m[38;2;67;68;67m[48;2;70;73;67m▀[0m[38;2;219;219;219m[48;2;219;219;219m▀[0m[38;2;219;219;219m[48;2;219;219;219m▀[0m[38;2;219;219;219m[48;2;219;219;219m▀[0m[38;2;219;216;216m[48;2;217;219;219m▀[0m[38;2;219;219;219m[48;2;219;219;219m▀[0m[38;2;219;219;219m[48;2;219;219;219m▀[0m[38;2;219;219;219m[48;2;189;191;191m▀[0m[38;2;0;0;0m[48;2;0;0;0m▀[0m[38;2;6;7;8m[48;2;0;0;0m▀[0m
[38;2;219;219;219m[48;2;219;219;219m▀[0m[38;2;219;219;219m[48;2;219;219;219m▀[0m[38;2;219;219;219m[48;2;219;219;219m▀[0m[38;2;44;49;49m[48;2;171;174;175m▀[0m[38;2;0;0;0m[48;2;0;0;0m▀[0m[38;2;0;0;0m[48;2;219;219;219m▀[0m[38;2;73;73;73m[48;2;219;219;219m▀[0m[38;2;0;0;0m[48;2;11;12;12m▀[0m[38;2;0;0;0m[48;2;0;0;0m▀[0m[38;2;0;0;0m[48;2;0;0;0m▀[0m[38;2;33;41;43m[48;2;117;125;125m▀[0m[38;2;209;212;211m[48;2;219;219;219m▀[0m[38;2;219;219;219m[48;2;219;219;219m▀[0m[38;2;219;219;219m[48;2;59;61;62m▀[0m[38;2;48;50;52m[48;2;0;0;0m▀[0m[38;2;7;10;18m[48;2;0;0;0m▀[0m[38;2;0;0;0m[48;2;0;0;0m▀[0m[38;2;0;0;0m[48;2;0;0;0m▀[0m[38;2;0;0;0m[48;2;0;0;0m▀[0m[38;2;79;82;82m[48;2;219;219;219m▀[0m[38;2;219;219;219m[48;2;219;219;219m▀[0m[38;2;219;219;219m[48;2;219;219;219m▀[0m[38;2;219;219;219m[48;2;217;219;219m▀[0m[38;2;219;219;219m[48;2;219;219;219m▀[0m[38;2;219;219;219m[48;2;216;177;173m▀[0m[38;2;215;219;219m[48;2;215;184;178m▀[0m[38;2;219;219;219m[48;2;219;219;219m▀[0m[38;2;190;165;163m[48;2;211;208;208m▀[0m[38;2;189;171;168m[48;2;158;99;99m▀[0m[38;2;219;219;219m[48;2;210;180;178m▀[0m[38;2;219;219;219m[48;2;219;219;219m▀[0m[38;2;219;219;219m[48;2;219;219;219m▀[0m[38;2;219;219;219m[48;2;108;110;110m▀[0m[38;2;192;195;192m[48;2;0;0;0m▀[0m[38;2;219;219;219m[48;2;111;114;115m▀[0m[38;2;219;219;219m[48;2;219;219;219m▀[0m[38;2;219;219;219m[48;2;219;219;219m▀[0m[38;2;0;91;54m[48;2;174;101;93m▀[0m[38;2;104;147;130m[48;2;182;90;68m▀[0m[38;2;219;219;219m[48;2;219;219;219m▀[0m[38;2;106;120;119m[48;2;219;219;219m▀[0m[38;2;79;78;79m[48;2;216;218;219m▀[0m[38;2;219;219;219m[48;2;19;22;24m▀[0m[38;2;219;219;219m[48;2;131;129;132m▀[0m[38;2;182;182;182m[48;2;219;219;219m▀[0m[38;2;219;219;219m[48;2;219;219;219m▀[0m[38;2;219;219;219m[48;2;219;219;219m▀[0m[38;2;219;219;219m[48;2;219;219;219m▀[0m[38;2;207;113;110m[48;2;216;178;174m▀[0m[38;2;213;153;150m[48;2;215;192;186m▀[0m[38;2;219;219;219m[48;2;219;219;219m▀[0m[38;2;216;215;219m[48;2;215;219;219m▀[0m[38;2;219;219;219m[48;2;215;217;219m▀[0m[38;2;216;216;217m[48;2;217;217;217m▀[0m[38;2;215;216;216m[48;2;217;217;217m▀[0m[38;2;217;217;217m[48;2;216;216;216m▀[0m[38;2;215;217;217m[48;2;215;217;215m▀[0m[38;2;217;217;217m[48;2;216;218;218m▀[0m[38;2;217;217;217m[48;2;218;217;218m▀[0m[38;2;217;217;218m[48;2;216;218;218m▀[0m[38;2;215;217;217m[48;2;215;217;217m▀[0m[38;2;219;219;219m[48;2;219;218;218m▀[0m[38;2;195;196;195m[48;2;219;219;219m▀[0m[38;2;154;158;155m[48;2;219;219;219m▀[0m[38;2;116;118;116m[48;2;209;208;211m▀[0m[38;2;0;0;0m[48;2;141;147;147m▀[0m[38;2;0;0;0m[48;2;43;42;42m▀[0m[38;2;219;219;219m[48;2;219;219;219m▀[0m[38;2;219;219;219m[48;2;219;219;219m▀[0m[38;2;219;219;219m[48;2;219;219;219m▀[0m[38;2;219;219;219m[48;2;219;219;219m▀[0m[38;2;219;219;219m[48;2;219;219;219m▀[0m[38;2;219;219;219m[48;2;199;202;202m▀[0m[38;2;117;119;119m[48;2;123;123;123m▀[0m[38;2;0;0;0m[48;2;0;0;0m▀[0m[38;2;0;0;0m[48;2;0;0;0m▀[0m
[38;2;42;45;45m[48;2;186;189;188m▀[0m[38;2;129;129;130m[48;2;219;219;219m▀[0m[38;2;122;121;121m[48;2;219;219;219m▀[0m[38;2;89;91;91m[48;2;219;219;219m▀[0m[38;2;0;0;0m[48;2;44;46;46m▀[0m[38;2;159;165;162m[48;2;11;12;12m▀[0m[38;2;219;219;219m[48;2;219;219;219m▀[0m[38;2;24;30;33m[48;2;219;219;219m▀[0m[38;2;0;0;0m[48;2;0;0;0m▀[0m[38;2;0;0;0m[48;2;0;0;0m▀[0m[38;2;83;89;88m[48;2;13;12;11m▀[0m[38;2;164;164;165m[48;2;73;80;87m▀[0m[38;2;73;77;76m[48;2;0;0;0m▀[0m[38;2;0;0;0m[48;2;0;0;0m▀[0m[38;2;0;0;0m[48;2;0;0;0m▀[0m[38;2;0;0;0m[48;2;0;0;0m▀[0m[38;2;0;0;0m[48;2;0;0;0m▀[0m[38;2;0;0;0m[48;2;0;0;0m▀[0m[38;2;140;142;140m[48;2;219;219;219m▀[0m[38;2;219;219;219m[48;2;219;219;219m▀[0m[38;2;219;219;219m[48;2;219;219;219m▀[0m[38;2;219;219;219m[48;2;217;219;219m▀[0m[38;2;216;216;219m[48;2;215;214;212m▀[0m[38;2;216;219;219m[48;2;212;197;196m▀[0m[38;2;216;213;212m[48;2;219;219;219m▀[0m[38;2;216;213;212m[48;2;216;219;219m▀[0m[38;2;219;219;219m[48;2;219;219;219m▀[0m[38;2;219;219;219m[48;2;219;219;219m▀[0m[38;2;215;215;215m[48;2;219;219;219m▀[0m[38;2;215;199;198m[48;2;219;219;219m▀[0m[38;2;219;219;219m[48;2;219;219;219m▀[0m[38;2;167;170;167m[48;2;12;13;12m▀[0m[38;2;0;0;0m[48;2;49;50;49m▀[0m[38;2;0;0;0m[48;2;209;213;209m▀[0m[38;2;8;12;9m[48;2;219;219;219m▀[0m[38;2;219;219;219m[48;2;219;219;219m▀[0m[38;2;219;219;219m[48;2;219;219;219m▀[0m[38;2;219;59;45m[48;2;210;104;94m▀[0m[38;2;196;135;134m[48;2;176;77;70m▀[0m[38;2;212;167;164m[48;2;219;200;202m▀[0m[38;2;219;219;219m[48;2;219;219;219m▀[0m[38;2;219;219;219m[48;2;219;219;219m▀[0m[38;2;219;219;219m[48;2;219;219;219m▀[0m[38;2;0;0;0m[48;2;122;128;128m▀[0m[38;2;38;38;38m[48;2;0;0;0m▀[0m[38;2;219;219;219m[48;2;0;0;0m▀[0m[38;2;219;219;219m[48;2;165;171;168m▀[0m[38;2;219;219;219m[48;2;219;219;219m▀[0m[38;2;219;208;208m[48;2;219;219;219m▀[0m[38;2;219;186;184m[48;2;219;104;97m▀[0m[38;2;219;219;219m[48;2;219;219;219m▀[0m[38;2;219;219;219m[48;2;219;219;219m▀[0m[38;2;219;219;219m[48;2;219;219;219m▀[0m[38;2;217;217;217m[48;2;219;219;219m▀[0m[38;2;217;217;218m[48;2;219;219;219m▀[0m[38;2;216;216;216m[48;2;219;219;219m▀[0m[38;2;216;216;216m[48;2;219;219;219m▀[0m[38;2;215;216;216m[48;2;219;219;219m▀[0m[38;2;215;217;217m[48;2;219;219;217m▀[0m[38;2;217;217;218m[48;2;219;219;219m▀[0m[38;2;216;218;218m[48;2;219;219;219m▀[0m[38;2;219;216;216m[48;2;219;219;219m▀[0m[38;2;218;218;218m[48;2;219;218;219m▀[0m[38;2;219;219;219m[48;2;219;219;219m▀[0m[38;2;219;219;219m[48;2;219;219;219m▀[0m[38;2;219;219;219m[48;2;219;219;219m▀[0m[38;2;219;219;219m[48;2;219;219;219m▀[0m[38;2;219;219;219m[48;2;219;219;217m▀[0m[38;2;219;219;219m[48;2;219;219;219m▀[0m[38;2;219;219;219m[48;2;153;154;153m▀[0m[38;2;212;214;214m[48;2;84;89;86m▀[0m[38;2;219;219;219m[48;2;219;219;219m▀[0m[38;2;219;219;219m[48;2;219;219;219m▀[0m[38;2;134;135;135m[48;2;79;80;80m▀[0m[38;2;0;0;0m[48;2;0;0;0m▀[0m[38;2;0;0;0m[48;2;189;192;195m▀[0m
[38;2;219;219;219m[48;2;0;0;0m▀[0m[38;2;219;219;219m[48;2;0;0;0m▀[0m[38;2;197;199;200m[48;2;0;0;0m▀[0m[38;2;43;45;46m[48;2;161;163;161m▀[0m[38;2;151;150;150m[48;2;219;219;219m▀[0m[38;2;85;85;85m[48;2;24;24;25m▀[0m[38;2;0;0;0m[48;2;0;0;0m▀[0m[38;2;24;25;25m[48;2;0;0;0m▀[0m[38;2;0;0;0m[48;2;0;0;0m▀[0m[38;2;0;0;0m[48;2;0;0;0m▀[0m[38;2;2;8;9m[48;2;0;0;0m▀[0m[38;2;16;25;28m[48;2;0;0;0m▀[0m[38;2;0;0;0m[48;2;0;0;0m▀[0m[38;2;0;0;0m[48;2;0;0;0m▀[0m[38;2;0;0;0m[48;2;0;0;0m▀[0m[38;2;0;0;0m[48;2;0;0;0m▀[0m[38;2;0;0;0m[48;2;0;0;0m▀[0m[38;2;103;104;104m[48;2;219;219;219m▀[0m[38;2;219;219;219m[48;2;219;219;219m▀[0m[38;2;219;219;219m[48;2;219;219;219m▀[0m[38;2;219;219;219m[48;2;219;219;219m▀[0m[38;2;215;218;219m[48;2;219;219;219m▀[0m[38;2;215;217;219m[48;2;219;219;219m▀[0m[38;2;214;219;219m[48;2;219;219;219m▀[0m[38;2;215;219;219m[48;2;217;219;219m▀[0m[38;2;219;219;219m[48;2;219;219;219m▀[0m[38;2;216;215;218m[48;2;219;219;219m▀[0m[38;2;216;215;216m[48;2;219;219;219m▀[0m[38;2;216;218;219m[48;2;216;219;219m▀[0m[38;2;219;219;219m[48;2;219;219;219m▀[0m[38;2;190;192;191m[48;2;188;194;192m▀[0m[38;2;97;97;95m[48;2;161;163;163m▀[0m[38;2;164;166;165m[48;2;129;135;132m▀[0m[38;2;219;219;219m[48;2;219;219;219m▀[0m[38;2;219;219;219m[48;2;219;219;219m▀[0m[38;2;219;219;219m[48;2;219;219;219m▀[0m[38;2;219;219;219m[48;2;219;219;219m▀[0m[38;2;219;219;219m[48;2;219;219;219m▀[0m[38;2;183;175;170m[48;2;178;182;175m▀[0m[38;2;219;219;219m[48;2;219;219;219m▀[0m[38;2;219;219;219m[48;2;219;219;219m▀[0m[38;2;219;178;170m[48;2;219;219;219m▀[0m[38;2;219;219;219m[48;2;219;129;122m▀[0m[38;2;219;219;219m[48;2;219;219;219m▀[0m[38;2;0;0;0m[48;2;148;154;154m▀[0m[38;2;0;0;0m[48;2;0;0;0m▀[0m[38;2;0;0;0m[48;2;20;24;24m▀[0m[38;2;28;27;28m[48;2;0;0;0m▀[0m[38;2;180;202;203m[48;2;0;0;0m▀[0m[38;2;219;205;199m[48;2;0;5;6m▀[0m[38;2;219;101;87m[48;2;59;0;0m▀[0m[38;2;219;219;219m[48;2;171;93;86m▀[0m[38;2;219;219;219m[48;2;219;219;219m▀[0m[38;2;219;219;219m[48;2;219;219;219m▀[0m[38;2;219;219;219m[48;2;219;219;219m▀[0m[38;2;219;219;219m[48;2;219;219;219m▀[0m[38;2;219;219;219m[48;2;219;219;219m▀[0m[38;2;219;219;219m[48;2;219;219;219m▀[0m[38;2;219;219;219m[48;2;219;219;219m▀[0m[38;2;219;219;219m[48;2;219;219;219m▀[0m[38;2;219;219;219m[48;2;219;219;219m▀[0m[38;2;219;219;219m[48;2;219;219;219m▀[0m[38;2;219;219;219m[48;2;219;219;219m▀[0m[38;2;219;219;219m[48;2;219;219;219m▀[0m[38;2;219;219;219m[48;2;219;219;219m▀[0m[38;2;219;219;219m[48;2;219;219;219m▀[0m[38;2;219;219;219m[48;2;219;219;219m▀[0m[38;2;219;219;219m[48;2;219;219;219m▀[0m[38;2;219;219;219m[48;2;219;219;219m▀[0m[38;2;197;199;197m[48;2;219;219;219m▀[0m[38;2;219;219;219m[48;2;219;219;219m▀[0m[38;2;219;219;219m[48;2;219;219;219m▀[0m[38;2;219;219;219m[48;2;116;118;118m▀[0m[38;2;0;3;3m[48;2;0;0;0m▀[0m[38;2;154;158;160m[48;2;110;114;114m▀[0m[38;2;191;194;194m[48;2;219;219;219m▀[0m
[38;2;68;67;68m[48;2;129;130;131m▀[0m[38;2;202;206;203m[48;2;219;219;219m▀[0m[38;2;219;219;219m[48;2;219;219;219m▀[0m[38;2;219;219;219m[48;2;21;27;28m▀[0m[38;2;75;77;77m[48;2;164;165;166m▀[0m[38;2;46;48;48m[48;2;73;73;71m▀[0m[38;2;153;156;157m[48;2;179;181;182m▀[0m[38;2;145;145;145m[48;2;219;219;219m▀[0m[38;2;0;0;0m[48;2;60;60;60m▀[0m[38;2;0;0;0m[48;2;0;0;0m▀[0m[38;2;0;0;0m[48;2;0;0;0m▀[0m[38;2;0;0;0m[48;2;0;0;0m▀[0m[38;2;0;0;0m[48;2;0;0;0m▀[0m[38;2;0;0;0m[48;2;0;0;0m▀[0m[38;2;0;0;0m[48;2;0;0;0m▀[0m[38;2;0;0;0m[48;2;0;0;0m▀[0m[38;2;0;0;0m[48;2;82;85;85m▀[0m[38;2;219;219;219m[48;2;219;219;219m▀[0m[38;2;219;219;219m[48;2;219;219;219m▀[0m[38;2;219;219;219m[48;2;219;219;219m▀[0m[38;2;217;219;219m[48;2;215;218;215m▀[0m[38;2;217;219;219m[48;2;219;219;219m▀[0m[38;2;170;96;96m[48;2;217;211;211m▀[0m[38;2;194;131;125m[48;2;197;158;155m▀[0m[38;2;217;219;219m[48;2;191;155;150m▀[0m[38;2;219;219;219m[48;2;219;219;219m▀[0m[38;2;202;182;177m[48;2;209;196;196m▀[0m[38;2;207;178;175m[48;2;196;149;142m▀[0m[38;2;219;219;219m[48;2;219;219;219m▀[0m[38;2;219;219;219m[48;2;219;219;219m▀[0m[38;2;219;219;219m[48;2;219;219;219m▀[0m[38;2;109;111;111m[48;2;43;49;51m▀[0m[38;2;162;167;165m[48;2;211;215;215m▀[0m[38;2;219;219;219m[48;2;219;217;211m▀[0m[38;2;219;219;219m[48;2;219;190;185m▀[0m[38;2;219;219;219m[48;2;219;219;219m▀[0m[38;2;219;219;219m[48;2;219;219;219m▀[0m[38;2;219;219;219m[48;2;9;12;12m▀[0m[38;2;219;219;219m[48;2;64;66;67m▀[0m[38;2;141;147;140m[48;2;0;0;0m▀[0m[38;2;113;119;117m[48;2;0;0;0m▀[0m[38;2;186;197;197m[48;2;0;0;0m▀[0m[38;2;219;219;219m[48;2;156;103;100m▀[0m[38;2;219;219;219m[48;2;219;219;219m▀[0m[38;2;133;142;142m[48;2;18;25;25m▀[0m[38;2;0;0;0m[48;2;24;26;26m▀[0m[38;2;4;6;6m[48;2;0;0;0m▀[0m[38;2;0;0;0m[48;2;0;0;0m▀[0m[38;2;0;0;0m[48;2;0;0;0m▀[0m[38;2;0;0;0m[48;2;0;0;0m▀[0m[38;2;0;0;0m[48;2;0;0;0m▀[0m[38;2;0;0;0m[48;2;0;0;0m▀[0m[38;2;0;0;0m[48;2;0;0;0m▀[0m[38;2;0;0;0m[48;2;0;0;0m▀[0m[38;2;29;29;29m[48;2;0;0;0m▀[0m[38;2;63;66;66m[48;2;0;0;0m▀[0m[38;2;89;94;92m[48;2;0;0;0m▀[0m[38;2;116;122;122m[48;2;0;0;0m▀[0m[38;2;142;142;144m[48;2;0;0;0m▀[0m[38;2;152;152;153m[48;2;0;0;0m▀[0m[38;2;161;164;164m[48;2;0;0;0m▀[0m[38;2;187;189;189m[48;2;0;0;0m▀[0m[38;2;219;219;219m[48;2;0;0;0m▀[0m[38;2;219;219;219m[48;2;0;0;0m▀[0m[38;2;219;219;219m[48;2;0;0;0m▀[0m[38;2;219;219;219m[48;2;0;0;0m▀[0m[38;2;219;219;219m[48;2;17;16;17m▀[0m[38;2;219;219;219m[48;2;43;43;43m▀[0m[38;2;219;219;219m[48;2;47;46;46m▀[0m[38;2;219;219;219m[48;2;40;43;40m▀[0m[38;2;219;219;219m[48;2;0;0;0m▀[0m[38;2;30;32;32m[48;2;104;107;107m▀[0m[38;2;0;0;0m[48;2;40;42;40m▀[0m[38;2;7;9;9m[48;2;28;28;28m▀[0m[38;2;0;0;0m[48;2;0;0;0m▀[0m[38;2;32;34;35m[48;2;0;0;0m▀[0m
[38;2;0;0;0m[48;2;52;54;54m▀[0m[38;2;0;0;0m[48;2;0;0;0m▀[0m[38;2;48;54;52m[48;2;89;97;99m▀[0m[38;2;219;219;219m[48;2;160;168;166m▀[0m[38;2;172;173;173m[48;2;0;0;0m▀[0m[38;2;0;0;0m[48;2;43;44;46m▀[0m[38;2;219;219;219m[48;2;219;219;219m▀[0m[38;2;219;219;219m[48;2;219;219;219m▀[0m[38;2;219;219;219m[48;2;219;219;219m▀[0m[38;2;49;53;50m[48;2;219;219;219m▀[0m[38;2;0;0;0m[48;2;79;82;81m▀[0m[38;2;0;0;0m[48;2;0;0;0m▀[0m[38;2;0;0;0m[48;2;0;0;0m▀[0m[38;2;0;0;0m[48;2;0;0;0m▀[0m[38;2;0;0;0m[48;2;0;0;0m▀[0m[38;2;0;0;0m[48;2;0;0;0m▀[0m[38;2;160;163;160m[48;2;219;219;219m▀[0m[38;2;219;219;219m[48;2;219;219;219m▀[0m[38;2;219;219;219m[48;2;219;219;219m▀[0m[38;2;219;218;218m[48;2;219;216;216m▀[0m[38;2;216;219;216m[48;2;215;217;217m▀[0m[38;2;219;219;219m[48;2;216;216;216m▀[0m[38;2;219;219;219m[48;2;216;216;216m▀[0m[38;2;219;219;219m[48;2;217;215;219m▀[0m[38;2;214;217;218m[48;2;216;219;219m▀[0m[38;2;219;219;219m[48;2;215;219;219m▀[0m[38;2;219;219;219m[48;2;219;219;219m▀[0m[38;2;211;178;172m[48;2;215;173;171m▀[0m[38;2;219;219;219m[48;2;217;165;159m▀[0m[38;2;219;219;219m[48;2;219;219;219m▀[0m[38;2;209;219;219m[48;2;89;101;99m▀[0m[38;2;0;6;12m[48;2;33;38;41m▀[0m[38;2;219;219;219m[48;2;219;219;219m▀[0m[38;2;219;133;121m[48;2;219;219;219m▀[0m[38;2;219;219;219m[48;2;219;214;213m▀[0m[38;2;210;218;218m[48;2;0;0;0m▀[0m[38;2;0;0;0m[48;2;0;0;0m▀[0m[38;2;0;0;0m[48;2;0;0;0m▀[0m[38;2;0;0;0m[48;2;0;0;0m▀[0m[38;2;0;0;0m[48;2;0;0;0m▀[0m[38;2;0;0;0m[48;2;0;0;0m▀[0m[38;2;0;0;0m[48;2;0;0;0m▀[0m[38;2;157;141;138m[48;2;95;104;104m▀[0m[38;2;0;0;0m[48;2;34;40;40m▀[0m[38;2;0;6;6m[48;2;0;0;0m▀[0m[38;2;42;44;46m[48;2;0;0;0m▀[0m[38;2;47;49;49m[48;2;70;73;72m▀[0m[38;2;0;0;0m[48;2;0;0;0m▀[0m[38;2;0;0;0m[48;2;0;0;0m▀[0m[38;2;0;0;0m[48;2;0;0;0m▀[0m[38;2;0;0;0m[48;2;1;3;3m▀[0m[38;2;10;12;12m[48;2;12;14;14m▀[0m[38;2;0;0;0m[48;2;0;0;0m▀[0m[38;2;0;0;0m[48;2;0;0;0m▀[0m[38;2;0;0;0m[48;2;47;49;49m▀[0m[38;2;0;0;0m[48;2;117;117;117m▀[0m[38;2;0;0;0m[48;2;219;219;219m▀[0m[38;2;7;6;6m[48;2;219;219;219m▀[0m[38;2;96;99;99m[48;2;104;111;111m▀[0m[38;2;44;49;49m[48;2;15;17;17m▀[0m[38;2;0;0;0m[48;2;0;0;0m▀[0m[38;2;0;0;0m[48;2;0;0;0m▀[0m[38;2;0;0;0m[48;2;0;0;0m▀[0m[38;2;0;0;0m[48;2;33;34;31m▀[0m[38;2;0;0;0m[48;2;86;90;89m▀[0m[38;2;0;0;0m[48;2;93;97;92m▀[0m[38;2;0;0;0m[48;2;0;0;0m▀[0m[38;2;0;0;0m[48;2;183;182;182m▀[0m[38;2;0;0;0m[48;2;172;173;171m▀[0m[38;2;0;0;0m[48;2;0;0;0m▀[0m[38;2;15;17;17m[48;2;0;0;0m▀[0m[38;2;219;219;219m[48;2;85;88;88m▀[0m[38;2;0;0;0m[48;2;198;201;204m▀[0m[38;2;0;0;0m[48;2;73;75;73m▀[0m[38;2;55;55;55m[48;2;79;80;78m▀[0m[38;2;109;110;110m[48;2;3;1;4m▀[0m
[38;2;0;0;0m[48;2;39;41;43m▀[0m[38;2;0;0;0m[48;2;0;0;0m▀[0m[38;2;0;0;0m[48;2;61;62;62m▀[0m[38;2;0;0;0m[48;2;0;0;0m▀[0m[38;2;0;0;0m[48;2;127;129;127m▀[0m[38;2;180;182;184m[48;2;219;219;219m▀[0m[38;2;219;219;219m[48;2;219;219;219m▀[0m[38;2;219;219;219m[48;2;219;219;219m▀[0m[38;2;219;219;219m[48;2;219;219;219m▀[0m[38;2;219;219;219m[48;2;219;219;219m▀[0m[38;2;219;219;219m[48;2;219;219;219m▀[0m[38;2;149;151;149m[48;2;219;219;219m▀[0m[38;2;0;0;0m[48;2;219;219;219m▀[0m[38;2;0;0;0m[48;2;0;1;1m▀[0m[38;2;0;0;0m[48;2;0;0;0m▀[0m[38;2;0;0;0m[48;2;36;41;37m▀[0m[38;2;219;219;219m[48;2;219;219;219m▀[0m[38;2;219;219;219m[48;2;219;219;219m▀[0m[38;2;219;219;219m[48;2;219;219;219m▀[0m[38;2;216;216;216m[48;2;216;216;217m▀[0m[38;2;216;216;216m[48;2;215;217;217m▀[0m[38;2;217;217;217m[48;2;216;216;217m▀[0m[38;2;215;217;217m[48;2;216;216;217m▀[0m[38;2;215;216;216m[48;2;217;217;218m▀[0m[38;2;217;217;219m[48;2;216;216;216m▀[0m[38;2;216;219;219m[48;2;215;219;219m▀[0m[38;2;219;219;219m[48;2;219;219;219m▀[0m[38;2;219;190;190m[48;2;219;202;202m▀[0m[38;2;219;0;0m[48;2;219;0;0m▀[0m[38;2;219;219;219m[48;2;165;79;68m▀[0m[38;2;0;0;0m[48;2;0;0;0m▀[0m[38;2;147;154;153m[48;2;219;219;219m▀[0m[38;2;219;219;219m[48;2;219;219;219m▀[0m[38;2;219;219;219m[48;2;61;64;65m▀[0m[38;2;0;0;0m[48;2;0;0;0m▀[0m[38;2;0;0;0m[48;2;0;0;0m▀[0m[38;2;0;0;0m[48;2;0;0;0m▀[0m[38;2;0;0;0m[48;2;0;0;0m▀[0m[38;2;0;0;0m[48;2;0;0;0m▀[0m[38;2;0;0;0m[48;2;105;107;105m▀[0m[38;2;0;0;0m[48;2;219;219;219m▀[0m[38;2;59;59;60m[48;2;219;219;219m▀[0m[38;2;136;136;137m[48;2;182;184;181m▀[0m[38;2;80;80;80m[48;2;219;219;219m▀[0m[38;2;0;0;0m[48;2;0;0;0m▀[0m[38;2;0;0;0m[48;2;0;0;0m▀[0m[38;2;24;24;24m[48;2;0;0;0m▀[0m[38;2;33;33;33m[48;2;0;0;0m▀[0m[38;2;28;30;30m[48;2;0;0;0m▀[0m[38;2;0;0;0m[48;2;20;22;23m▀[0m[38;2;0;0;0m[48;2;80;87;89m▀[0m[38;2;0;0;0m[48;2;113;119;119m▀[0m[38;2;46;48;49m[48;2;79;83;80m▀[0m[38;2;116;118;116m[48;2;18;17;17m▀[0m[38;2;135;137;135m[48;2;0;0;0m▀[0m[38;2;219;219;219m[48;2;0;0;0m▀[0m[38;2;153;156;153m[48;2;0;0;0m▀[0m[38;2;0;1;1m[48;2;0;0;0m▀[0m[38;2;0;0;0m[48;2;0;0;0m▀[0m[38;2;0;0;0m[48;2;0;0;0m▀[0m[38;2;0;0;0m[48;2;0;0;0m▀[0m[38;2;0;0;0m[48;2;63;66;67m▀[0m[38;2;56;58;56m[48;2;87;90;89m▀[0m[38;2;53;56;51m[48;2;87;87;88m▀[0m[38;2;44;47;46m[48;2;6;3;5m▀[0m[38;2;219;219;219m[48;2;86;89;92m▀[0m[38;2;147;151;151m[48;2;219;219;219m▀[0m[38;2;21;21;21m[48;2;141;144;139m▀[0m[38;2;98;100;100m[48;2;219;219;219m▀[0m[38;2;0;0;0m[48;2;189;192;195m▀[0m[38;2;86;86;86m[48;2;55;58;60m▀[0m[38;2;191;195;197m[48;2;6;6;8m▀[0m[38;2;219;219;219m[48;2;0;0;0m▀[0m[38;2;37;36;38m[48;2;0;0;0m▀[0m[38;2;177;178;178m[48;2;0;0;0m▀[0m[38;2;18;19;19m[48;2;177;180;180m▀[0m
[38;2;31;33;35m[48;2;10;12;12m▀[0m[38;2;0;0;0m[48;2;0;0;0m▀[0m[38;2;46;45;45m[48;2;22;24;24m▀[0m[38;2;8;9;6m[48;2;21;24;24m▀[0m[38;2;192;195;195m[48;2;0;0;0m▀[0m[38;2;219;219;219m[48;2;219;219;219m▀[0m[38;2;219;219;219m[48;2;219;219;219m▀[0m[38;2;219;219;219m[48;2;219;219;219m▀[0m[38;2;215;219;219m[48;2;217;219;219m▀[0m[38;2;219;219;219m[48;2;216;216;216m▀[0m[38;2;219;219;219m[48;2;218;218;219m▀[0m[38;2;219;219;219m[48;2;219;219;219m▀[0m[38;2;219;219;219m[48;2;219;219;219m▀[0m[38;2;219;219;219m[48;2;219;219;219m▀[0m[38;2;0;0;0m[48;2;219;219;219m▀[0m[38;2;56;59;58m[48;2;0;0;0m▀[0m[38;2;219;219;219m[48;2;161;165;162m▀[0m[38;2;219;219;219m[48;2;219;219;219m▀[0m[38;2;219;219;219m[48;2;219;219;219m▀[0m[38;2;219;219;219m[48;2;219;219;219m▀[0m[38;2;215;217;216m[48;2;219;219;219m▀[0m[38;2;217;217;218m[48;2;219;219;219m▀[0m[38;2;217;217;218m[48;2;217;217;217m▀[0m[38;2;218;218;219m[48;2;217;217;218m▀[0m[38;2;216;216;216m[48;2;216;219;219m▀[0m[38;2;219;219;219m[48;2;219;219;219m▀[0m[38;2;219;219;219m[48;2;219;219;219m▀[0m[38;2;219;219;219m[48;2;219;176;169m▀[0m[38;2;219;190;178m[48;2;97;23;22m▀[0m[38;2;0;0;0m[48;2;0;0;0m▀[0m[38;2;0;34;37m[48;2;189;196;198m▀[0m[38;2;219;219;219m[48;2;219;219;219m▀[0m[38;2;219;219;219m[48;2;219;219;219m▀[0m[38;2;182;195;193m[48;2;219;219;219m▀[0m[38;2;0;5;5m[48;2;219;219;219m▀[0m[38;2;0;0;0m[48;2;219;219;219m▀[0m[38;2;40;42;42m[48;2;219;219;219m▀[0m[38;2;147;153;153m[48;2;219;219;219m▀[0m[38;2;219;219;219m[48;2;219;219;219m▀[0m[38;2;219;219;219m[48;2;219;219;219m▀[0m[38;2;219;219;219m[48;2;219;219;219m▀[0m[38;2;203;204;202m[48;2;219;219;219m▀[0m[38;2;219;219;219m[48;2;219;219;219m▀[0m[38;2;219;219;219m[48;2;219;219;219m▀[0m[38;2;101;75;74m[48;2;219;219;219m▀[0m[38;2;18;21;23m[48;2;219;219;219m▀[0m[38;2;0;0;0m[48;2;55;61;61m▀[0m[38;2;31;34;36m[48;2;0;0;0m▀[0m[38;2;92;96;96m[48;2;0;0;0m▀[0m[38;2;84;91;91m[48;2;0;0;0m▀[0m[38;2;36;39;39m[48;2;0;0;0m▀[0m[38;2;0;0;0m[48;2;0;0;0m▀[0m[38;2;0;0;0m[48;2;11;13;13m▀[0m[38;2;0;0;0m[48;2;50;52;52m▀[0m[38;2;0;0;0m[48;2;57;63;61m▀[0m[38;2;6;8;10m[48;2;21;22;19m▀[0m[38;2;0;0;0m[48;2;0;0;0m▀[0m[38;2;0;0;0m[48;2;0;0;0m▀[0m[38;2;0;0;0m[48;2;0;0;0m▀[0m[38;2;93;97;97m[48;2;25;27;27m▀[0m[38;2;219;219;219m[48;2;198;200;200m▀[0m[38;2;219;219;219m[48;2;219;219;219m▀[0m[38;2;219;219;219m[48;2;170;172;173m▀[0m[38;2;219;219;219m[48;2;86;89;88m▀[0m[38;2;205;208;207m[48;2;102;103;100m▀[0m[38;2;37;38;36m[48;2;219;219;219m▀[0m[38;2;78;79;79m[48;2;128;129;129m▀[0m[38;2;219;219;219m[48;2;113;116;116m▀[0m[38;2;35;36;36m[48;2;112;114;114m▀[0m[38;2;0;0;0m[48;2;109;111;111m▀[0m[38;2;0;0;0m[48;2;219;219;219m▀[0m[38;2;0;0;0m[48;2;64;69;69m▀[0m[38;2;43;44;43m[48;2;79;82;81m▀[0m[38;2;219;219;219m[48;2;165;169;169m▀[0m[38;2;145;147;147m[48;2;31;30;32m▀[0m[38;2;29;27;30m[48;2;0;0;0m▀[0m
[38;2;0;0;0m[48;2;0;0;0m▀[0m[38;2;0;0;0m[48;2;0;0;0m▀[0m[38;2;4;4;4m[48;2;0;0;0m▀[0m[38;2;49;52;52m[48;2;42;44;42m▀[0m[38;2;0;0;0m[48;2;0;0;0m▀[0m[38;2;144;144;144m[48;2;0;0;0m▀[0m[38;2;219;219;219m[48;2;219;219;219m▀[0m[38;2;219;219;219m[48;2;219;219;219m▀[0m[38;2;219;219;219m[48;2;219;219;219m▀[0m[38;2;217;217;217m[48;2;218;218;215m▀[0m[38;2;217;217;217m[48;2;216;216;216m▀[0m[38;2;219;219;219m[48;2;217;217;217m▀[0m[38;2;219;219;219m[48;2;219;219;216m▀[0m[38;2;219;219;219m[48;2;219;219;219m▀[0m[38;2;219;219;219m[48;2;219;219;219m▀[0m[38;2;215;215;214m[48;2;219;219;219m▀[0m[38;2;0;0;0m[48;2;125;127;127m▀[0m[38;2;219;219;219m[48;2;67;72;69m▀[0m[38;2;219;219;219m[48;2;219;219;219m▀[0m[38;2;219;219;219m[48;2;187;187;187m▀[0m[38;2;219;219;219m[48;2;191;190;190m▀[0m[38;2;219;219;219m[48;2;219;219;219m▀[0m[38;2;219;219;219m[48;2;219;219;219m▀[0m[38;2;216;219;219m[48;2;219;219;219m▀[0m[38;2;219;219;219m[48;2;219;219;219m▀[0m[38;2;219;219;219m[48;2;219;219;219m▀[0m[38;2;219;219;219m[48;2;219;219;219m▀[0m[38;2;177;0;0m[48;2;115;93;86m▀[0m[38;2;0;0;0m[48;2;10;36;39m▀[0m[38;2;0;0;0m[48;2;0;0;0m▀[0m[38;2;219;219;219m[48;2;0;3;2m▀[0m[38;2;219;219;219m[48;2;142;148;149m▀[0m[38;2;219;219;219m[48;2;219;219;219m▀[0m[38;2;196;130;127m[48;2;200;155;152m▀[0m[38;2;188;105;103m[48;2;219;219;219m▀[0m[38;2;175;149;152m[48;2;199;215;214m▀[0m[38;2;193;202;201m[48;2;219;219;219m▀[0m[38;2;219;219;219m[48;2;219;219;219m▀[0m[38;2;219;159;152m[48;2;215;194;188m▀[0m[38;2;208;196;194m[48;2;215;198;196m▀[0m[38;2;165;178;179m[48;2;216;219;219m▀[0m[38;2;219;219;219m[48;2;219;219;219m▀[0m[38;2;219;219;219m[48;2;213;186;182m▀[0m[38;2;200;212;212m[48;2;219;219;219m▀[0m[38;2;219;181;175m[48;2;219;202;201m▀[0m[38;2;219;219;219m[48;2;219;219;219m▀[0m[38;2;219;219;219m[48;2;211;217;218m▀[0m[38;2;0;0;0m[48;2;105;113;113m▀[0m[38;2;0;0;0m[48;2;134;161;162m▀[0m[38;2;0;0;0m[48;2;120;158;159m▀[0m[38;2;0;0;0m[48;2;40;51;49m▀[0m[38;2;51;58;61m[48;2;0;0;0m▀[0m[38;2;49;55;58m[48;2;0;0;0m▀[0m[38;2;16;18;18m[48;2;0;0;0m▀[0m[38;2;0;0;0m[48;2;0;0;0m▀[0m[38;2;0;0;0m[48;2;0;0;0m▀[0m[38;2;0;0;0m[48;2;0;0;0m▀[0m[38;2;0;0;0m[48;2;0;0;0m▀[0m[38;2;0;0;0m[48;2;0;0;0m▀[0m[38;2;0;0;0m[48;2;0;0;0m▀[0m[38;2;0;0;0m[48;2;0;0;0m▀[0m[38;2;21;23;23m[48;2;0;0;0m▀[0m[38;2;191;195;192m[48;2;52;52;52m▀[0m[38;2;219;219;219m[48;2;219;219;219m▀[0m[38;2;219;219;219m[48;2;219;219;219m▀[0m[38;2;219;219;219m[48;2;219;219;219m▀[0m[38;2;219;219;219m[48;2;151;156;156m▀[0m[38;2;137;139;137m[48;2;81;85;85m▀[0m[38;2;89;91;91m[48;2;112;116;116m▀[0m[38;2;173;176;176m[48;2;184;187;189m▀[0m[38;2;35;37;37m[48;2;202;205;205m▀[0m[38;2;0;0;0m[48;2;118;121;121m▀[0m[38;2;0;0;0m[48;2;0;0;0m▀[0m[38;2;0;0;0m[48;2;0;0;0m▀[0m[38;2;56;58;59m[48;2;0;0;0m▀[0m[38;2;113;118;118m[48;2;0;0;0m▀[0m
[38;2;0;0;0m[48;2;57;62;63m▀[0m[38;2;7;13;14m[48;2;42;49;51m▀[0m[38;2;0;0;0m[48;2;0;0;0m▀[0m[38;2;36;37;37m[48;2;26;26;26m▀[0m[38;2;24;26;26m[48;2;29;31;31m▀[0m[38;2;0;1;1m[48;2;65;69;66m▀[0m[38;2;117;116;116m[48;2;0;0;0m▀[0m[38;2;219;219;219m[48;2;219;219;219m▀[0m[38;2;219;219;219m[48;2;219;219;219m▀[0m[38;2;219;219;219m[48;2;219;219;219m▀[0m[38;2;219;219;219m[48;2;219;219;219m▀[0m[38;2;216;216;217m[48;2;215;216;216m▀[0m[38;2;216;216;217m[48;2;218;218;218m▀[0m[38;2;216;216;216m[48;2;217;216;217m▀[0m[38;2;219;219;219m[48;2;219;219;219m▀[0m[38;2;219;219;219m[48;2;219;219;219m▀[0m[38;2;219;219;219m[48;2;219;219;219m▀[0m[38;2;60;61;61m[48;2;205;208;208m▀[0m[38;2;140;141;141m[48;2;0;0;0m▀[0m[38;2;18;20;20m[48;2;175;175;176m▀[0m[38;2;219;219;219m[48;2;219;219;219m▀[0m[38;2;219;219;219m[48;2;219;219;219m▀[0m[38;2;219;219;219m[48;2;219;219;219m▀[0m[38;2;219;219;219m[48;2;219;219;219m▀[0m[38;2;219;147;136m[48;2;219;189;184m▀[0m[38;2;219;219;219m[48;2;170;130;130m▀[0m[38;2;60;56;60m[48;2;0;0;0m▀[0m[38;2;191;204;205m[48;2;113;118;121m▀[0m[38;2;0;0;0m[48;2;0;0;0m▀[0m[38;2;8;14;17m[48;2;0;0;0m▀[0m[38;2;0;0;0m[48;2;18;22;27m▀[0m[38;2;59;66;65m[48;2;180;187;184m▀[0m[38;2;219;219;219m[48;2;219;219;219m▀[0m[38;2;219;154;148m[48;2;134;75;72m▀[0m[38;2;120;55;51m[48;2;145;6;1m▀[0m[38;2;167;149;153m[48;2;219;219;219m▀[0m[38;2;219;219;219m[48;2;219;219;219m▀[0m[38;2;215;219;219m[48;2;219;219;219m▀[0m[38;2;219;219;219m[48;2;219;219;219m▀[0m[38;2;219;219;219m[48;2;213;215;213m▀[0m[38;2;219;219;219m[48;2;205;175;173m▀[0m[38;2;219;219;219m[48;2;219;219;219m▀[0m[38;2;214;219;219m[48;2;215;219;219m▀[0m[38;2;215;219;219m[48;2;215;219;219m▀[0m[38;2;219;219;219m[48;2;217;215;219m▀[0m[38;2;219;219;219m[48;2;219;219;219m▀[0m[38;2;219;219;219m[48;2;219;219;219m▀[0m[38;2;219;219;219m[48;2;219;219;219m▀[0m[38;2;219;219;219m[48;2;215;0;0m▀[0m[38;2;219;219;216m[48;2;218;0;0m▀[0m[38;2;219;219;219m[48;2;219;219;219m▀[0m[38;2;138;149;147m[48;2;219;219;219m▀[0m[38;2;0;0;0m[48;2;164;165;167m▀[0m[38;2;0;0;0m[48;2;0;0;0m▀[0m[38;2;0;0;0m[48;2;0;0;0m▀[0m[38;2;0;0;0m[48;2;0;0;0m▀[0m[38;2;0;0;0m[48;2;0;0;0m▀[0m[38;2;0;0;0m[48;2;0;0;0m▀[0m[38;2;0;0;0m[48;2;0;0;0m▀[0m[38;2;0;0;0m[48;2;0;0;0m▀[0m[38;2;0;0;0m[48;2;0;0;0m▀[0m[38;2;0;0;0m[48;2;0;0;0m▀[0m[38;2;0;0;0m[48;2;0;0;0m▀[0m[38;2;43;37;37m[48;2;0;0;0m▀[0m[38;2;202;202;202m[48;2;16;18;18m▀[0m[38;2;85;88;83m[48;2;219;219;219m▀[0m[38;2;120;122;122m[48;2;219;219;219m▀[0m[38;2;139;139;141m[48;2;134;136;136m▀[0m[38;2;164;167;170m[48;2;95;98;97m▀[0m[38;2;0;0;0m[48;2;174;175;172m▀[0m[38;2;108;108;109m[48;2;219;219;219m▀[0m[38;2;219;219;219m[48;2;211;209;212m▀[0m[38;2;109;110;107m[48;2;219;219;219m▀[0m[38;2;0;0;0m[48;2;183;186;186m▀[0m[38;2;0;0;0m[48;2;109;112;112m▀[0m[38;2;0;0;0m[48;2;0;0;0m▀[0m
[38;2;75;75;76m[48;2;44;42;42m▀[0m[38;2;107;119;121m[48;2;0;0;0m▀[0m[38;2;0;0;0m[48;2;0;0;0m▀[0m[38;2;0;3;3m[48;2;0;0;0m▀[0m[38;2;29;30;30m[48;2;36;38;38m▀[0m[38;2;87;91;91m[48;2;57;61;61m▀[0m[38;2;0;0;0m[48;2;45;49;49m▀[0m[38;2;22;24;24m[48;2;0;0;0m▀[0m[38;2;219;219;219m[48;2;146;149;149m▀[0m[38;2;219;219;219m[48;2;219;219;219m▀[0m[38;2;219;219;219m[48;2;219;219;219m▀[0m[38;2;219;219;219m[48;2;219;219;219m▀[0m[38;2;217;217;218m[48;2;219;219;219m▀[0m[38;2;217;217;217m[48;2;215;217;215m▀[0m[38;2;219;219;217m[48;2;216;216;216m▀[0m[38;2;219;219;219m[48;2;218;218;218m▀[0m[38;2;219;219;219m[48;2;219;219;219m▀[0m[38;2;219;219;219m[48;2;219;219;219m▀[0m[38;2;77;79;79m[48;2;219;219;219m▀[0m[38;2;70;73;72m[48;2;147;151;148m▀[0m[38;2;219;219;219m[48;2;219;219;219m▀[0m[38;2;219;219;219m[48;2;219;219;219m▀[0m[38;2;219;219;219m[48;2;219;219;219m▀[0m[38;2;219;219;219m[48;2;219;219;219m▀[0m[38;2;219;148;141m[48;2;64;63;61m▀[0m[38;2;0;0;0m[48;2;0;0;0m▀[0m[38;2;0;0;0m[48;2;0;0;0m▀[0m[38;2;75;78;78m[48;2;83;86;86m▀[0m[38;2;0;0;0m[48;2;0;0;0m▀[0m[38;2;0;0;0m[48;2;0;0;0m▀[0m[38;2;22;25;29m[48;2;0;0;0m▀[0m[38;2;131;145;145m[48;2;135;150;150m▀[0m[38;2;210;205;202m[48;2;219;219;219m▀[0m[38;2;165;119;118m[48;2;201;15;12m▀[0m[38;2;219;172;163m[48;2;215;133;133m▀[0m[38;2;175;182;184m[48;2;219;219;219m▀[0m[38;2;88;98;99m[48;2;197;199;201m▀[0m[38;2;159;165;164m[48;2;157;160;160m▀[0m[38;2;219;219;219m[48;2;217;219;219m▀[0m[38;2;219;219;219m[48;2;219;219;219m▀[0m[38;2;209;91;80m[48;2;216;172;163m▀[0m[38;2;214;152;144m[48;2;196;162;156m▀[0m[38;2;219;219;219m[48;2;219;219;219m▀[0m[38;2;216;218;218m[48;2;215;215;219m▀[0m[38;2;216;216;216m[48;2;217;217;217m▀[0m[38;2;217;219;219m[48;2;216;218;218m▀[0m[38;2;219;219;219m[48;2;216;219;219m▀[0m[38;2;219;219;219m[48;2;219;219;219m▀[0m[38;2;219;219;219m[48;2;219;219;219m▀[0m[38;2;219;219;219m[48;2;219;219;219m▀[0m[38;2;208;219;219m[48;2;219;219;219m▀[0m[38;2;166;178;176m[48;2;83;90;92m▀[0m[38;2;219;219;219m[48;2;131;138;136m▀[0m[38;2;28;36;36m[48;2;125;154;155m▀[0m[38;2;0;0;0m[48;2;24;0;0m▀[0m[38;2;0;0;0m[48;2;158;0;0m▀[0m[38;2;0;0;0m[48;2;10;0;0m▀[0m[38;2;0;0;0m[48;2;0;0;0m▀[0m[38;2;0;0;0m[48;2;0;0;0m▀[0m[38;2;0;0;0m[48;2;0;0;0m▀[0m[38;2;0;0;0m[48;2;0;0;0m▀[0m[38;2;0;0;0m[48;2;0;0;0m▀[0m[38;2;0;0;0m[48;2;0;0;0m▀[0m[38;2;0;0;0m[48;2;0;0;0m▀[0m[38;2;0;0;0m[48;2;0;0;0m▀[0m[38;2;147;151;151m[48;2;135;134;134m▀[0m[38;2;140;140;138m[48;2;219;219;219m▀[0m[38;2;165;166;161m[48;2;217;219;219m▀[0m[38;2;218;218;216m[48;2;202;202;200m▀[0m[38;2;219;219;219m[48;2;200;200;198m▀[0m[38;2;219;219;219m[48;2;207;208;205m▀[0m[38;2;19;18;21m[48;2;215;214;215m▀[0m[38;2;135;139;139m[48;2;206;209;207m▀[0m[38;2;219;219;219m[48;2;219;219;219m▀[0m[38;2;219;219;219m[48;2;147;148;149m▀[0m[38;2;61;62;62m[48;2;0;0;0m▀[0m
[38;2;67;67;67m[48;2;82;84;84m▀[0m[38;2;0;0;0m[48;2;0;0;0m▀[0m[38;2;0;0;0m[48;2;20;22;22m▀[0m[38;2;0;0;0m[48;2;1;0;0m▀[0m[38;2;44;43;43m[48;2;28;25;25m▀[0m[38;2;31;34;34m[48;2;33;36;36m▀[0m[38;2;77;79;79m[48;2;67;71;71m▀[0m[38;2;0;0;0m[48;2;0;0;0m▀[0m[38;2;0;0;0m[48;2;0;0;0m▀[0m[38;2;212;213;210m[48;2;0;0;0m▀[0m[38;2;219;219;219m[48;2;219;219;219m▀[0m[38;2;219;219;219m[48;2;219;219;219m▀[0m[38;2;219;219;219m[48;2;219;219;219m▀[0m[38;2;219;219;219m[48;2;219;219;219m▀[0m[38;2;219;219;219m[48;2;219;219;219m▀[0m[38;2;219;219;219m[48;2;215;215;215m▀[0m[38;2;219;219;219m[48;2;219;219;219m▀[0m[38;2;219;219;219m[48;2;219;219;219m▀[0m[38;2;219;219;219m[48;2;219;219;219m▀[0m[38;2;219;219;219m[48;2;219;219;219m▀[0m[38;2;219;219;219m[48;2;219;219;219m▀[0m[38;2;219;219;219m[48;2;219;219;219m▀[0m[38;2;219;219;219m[48;2;219;219;219m▀[0m[38;2;202;203;204m[48;2;0;0;0m▀[0m[38;2;0;0;0m[48;2;0;0;0m▀[0m[38;2;0;0;0m[48;2;0;0;0m▀[0m[38;2;0;0;0m[48;2;0;0;0m▀[0m[38;2;92;95;95m[48;2;87;87;89m▀[0m[38;2;0;0;0m[48;2;0;0;0m▀[0m[38;2;0;0;0m[48;2;0;0;0m▀[0m[38;2;0;0;0m[48;2;0;0;0m▀[0m[38;2;75;81;81m[48;2;6;10;12m▀[0m[38;2;219;219;219m[48;2;175;198;198m▀[0m[38;2;219;175;172m[48;2;219;207;206m▀[0m[38;2;219;178;176m[48;2;218;152;150m▀[0m[38;2;219;219;219m[48;2;219;219;219m▀[0m[38;2;219;219;219m[48;2;217;219;219m▀[0m[38;2;219;219;219m[48;2;217;217;217m▀[0m[38;2;219;219;219m[48;2;219;219;216m▀[0m[38;2;208;211;214m[48;2;219;219;219m▀[0m[38;2;190;207;208m[48;2;202;202;206m▀[0m[38;2;219;219;219m[48;2;144;144;146m▀[0m[38;2;219;219;219m[48;2;206;211;210m▀[0m[38;2;219;219;219m[48;2;219;219;219m▀[0m[38;2;216;219;219m[48;2;219;219;219m▀[0m[38;2;217;217;217m[48;2;219;219;219m▀[0m[38;2;217;217;218m[48;2;219;219;219m▀[0m[38;2;216;219;219m[48;2;219;219;219m▀[0m[38;2;219;219;219m[48;2;219;219;219m▀[0m[38;2;219;219;219m[48;2;219;219;219m▀[0m[38;2;201;206;205m[48;2;219;219;219m▀[0m[38;2;99;105;104m[48;2;187;193;194m▀[0m[38;2;135;147;144m[48;2;219;219;219m▀[0m[38;2;137;169;171m[48;2;107;135;135m▀[0m[38;2;0;0;0m[48;2;0;0;0m▀[0m[38;2;152;0;0m[48;2;0;0;0m▀[0m[38;2;219;0;0m[48;2;95;0;0m▀[0m[38;2;58;0;0m[48;2;202;0;0m▀[0m[38;2;0;0;0m[48;2;8;51;55m▀[0m[38;2;0;0;0m[48;2;84;115;116m▀[0m[38;2;0;0;0m[48;2;69;99;98m▀[0m[38;2;0;0;0m[48;2;46;57;57m▀[0m[38;2;0;0;0m[48;2;15;21;24m▀[0m[38;2;0;0;0m[48;2;62;62;64m▀[0m[38;2;0;0;0m[48;2;219;219;219m▀[0m[38;2;219;219;219m[48;2;219;219;219m▀[0m[38;2;215;216;217m[48;2;204;206;206m▀[0m[38;2;197;201;198m[48;2;199;201;201m▀[0m[38;2;194;196;196m[48;2;196;193;196m▀[0m[38;2;195;198;196m[48;2;196;196;197m▀[0m[38;2;205;207;208m[48;2;202;203;203m▀[0m[38;2;175;174;175m[48;2;214;215;215m▀[0m[38;2;106;105;105m[48;2;215;219;216m▀[0m[38;2;219;219;219m[48;2;219;219;219m▀[0m[38;2;58;60;61m[48;2;186;188;188m▀[0m[38;2;0;0;0m[48;2;0;0;0m▀[0m
[38;2;78;80;80m[48;2;67;67;67m▀[0m[38;2;0;0;0m[48;2;29;30;30m▀[0m[38;2;122;123;123m[48;2;29;32;32m▀[0m[38;2;0;0;0m[48;2;0;0;0m▀[0m[38;2;10;9;9m[48;2;0;0;0m▀[0m[38;2;53;55;55m[48;2;68;70;70m▀[0m[38;2;30;33;30m[48;2;0;1;0m▀[0m[38;2;5;6;3m[48;2;16;18;18m▀[0m[38;2;0;0;0m[48;2;0;1;1m▀[0m[38;2;0;0;0m[48;2;18;19;19m▀[0m[38;2;0;0;0m[48;2;0;0;0m▀[0m[38;2;154;153;153m[48;2;0;0;0m▀[0m[38;2;219;219;219m[48;2;159;161;161m▀[0m[38;2;219;219;219m[48;2;219;219;219m▀[0m[38;2;219;219;219m[48;2;219;219;219m▀[0m[38;2;210;210;210m[48;2;219;219;219m▀[0m[38;2;80;83;80m[48;2;193;196;196m▀[0m[38;2;136;139;136m[48;2;78;83;80m▀[0m[38;2;218;218;218m[48;2;163;165;163m▀[0m[38;2;219;219;219m[48;2;219;219;219m▀[0m[38;2;219;219;219m[48;2;219;219;219m▀[0m[38;2;219;219;219m[48;2;219;219;219m▀[0m[38;2;144;147;145m[48;2;0;0;0m▀[0m[38;2;0;0;0m[48;2;0;0;0m▀[0m[38;2;0;0;0m[48;2;8;10;8m▀[0m[38;2;0;0;0m[48;2;0;0;0m▀[0m[38;2;0;0;0m[48;2;24;25;25m▀[0m[38;2;140;139;139m[48;2;217;219;219m▀[0m[38;2;0;3;2m[48;2;136;139;139m▀[0m[38;2;0;0;0m[48;2;0;0;0m▀[0m[38;2;0;0;0m[48;2;0;0;0m▀[0m[38;2;0;0;0m[48;2;0;0;0m▀[0m[38;2;184;187;187m[48;2;143;148;146m▀[0m[38;2;219;219;219m[48;2;157;166;161m▀[0m[38;2;219;219;219m[48;2;219;219;219m▀[0m[38;2;219;219;219m[48;2;219;219;219m▀[0m[38;2;217;219;219m[48;2;219;219;219m▀[0m[38;2;214;215;215m[48;2;219;219;219m▀[0m[38;2;217;215;215m[48;2;219;219;219m▀[0m[38;2;219;219;219m[48;2;219;219;219m▀[0m[38;2;219;219;219m[48;2;219;219;219m▀[0m[38;2;202;202;202m[48;2;219;219;219m▀[0m[38;2;120;122;117m[48;2;153;156;156m▀[0m[38;2;219;219;219m[48;2;179;183;178m▀[0m[38;2;219;219;219m[48;2;219;219;219m▀[0m[38;2;219;219;219m[48;2;211;214;214m▀[0m[38;2;219;219;219m[48;2;219;219;219m▀[0m[38;2;219;219;219m[48;2;219;219;219m▀[0m[38;2;219;219;219m[48;2;219;219;219m▀[0m[38;2;219;219;219m[48;2;219;219;219m▀[0m[38;2;219;219;219m[48;2;219;219;219m▀[0m[38;2;219;219;219m[48;2;219;219;219m▀[0m[38;2;219;219;219m[48;2;0;10;8m▀[0m[38;2;0;0;0m[48;2;179;0;0m▀[0m[38;2;135;0;0m[48;2;192;0;0m▀[0m[38;2;139;0;0m[48;2;197;0;0m▀[0m[38;2;141;0;0m[48;2;219;0;0m▀[0m[38;2;147;0;0m[48;2;205;0;0m▀[0m[38;2;179;178;178m[48;2;165;124;120m▀[0m[38;2;155;178;177m[48;2;209;219;219m▀[0m[38;2;135;9;0m[48;2;79;0;0m▀[0m[38;2;219;219;219m[48;2;186;219;219m▀[0m[38;2;219;219;219m[48;2;219;219;219m▀[0m[38;2;219;219;219m[48;2;202;218;217m▀[0m[38;2;219;219;219m[48;2;201;208;208m▀[0m[38;2;208;207;207m[48;2;202;202;202m▀[0m[38;2;201;202;203m[48;2;203;205;205m▀[0m[38;2;196;197;197m[48;2;208;210;210m▀[0m[38;2;195;196;196m[48;2;219;219;219m▀[0m[38;2;202;200;202m[48;2;219;219;219m▀[0m[38;2;198;200;200m[48;2;196;198;198m▀[0m[38;2;184;187;184m[48;2;71;73;73m▀[0m[38;2;219;219;219m[48;2;100;102;102m▀[0m[38;2;78;79;79m[48;2;40;41;38m▀[0m[38;2;0;0;0m[48;2;205;208;207m▀[0m[38;2;0;0;0m[48;2;196;199;198m▀[0m
[38;2;65;67;67m[48;2;68;66;66m▀[0m[38;2;0;0;0m[48;2;0;0;0m▀[0m[38;2;2;8;11m[48;2;19;21;22m▀[0m[38;2;0;0;0m[48;2;0;0;0m▀[0m[38;2;0;0;0m[48;2;0;0;0m▀[0m[38;2;60;61;66m[48;2;34;32;35m▀[0m[38;2;1;4;4m[48;2;21;24;24m▀[0m[38;2;18;16;19m[48;2;15;13;16m▀[0m[38;2;0;0;0m[48;2;0;0;0m▀[0m[38;2;30;31;31m[48;2;146;153;152m▀[0m[38;2;0;0;0m[48;2;122;128;128m▀[0m[38;2;0;0;0m[48;2;0;0;0m▀[0m[38;2;0;0;0m[48;2;0;0;0m▀[0m[38;2;219;219;219m[48;2;21;24;22m▀[0m[38;2;219;219;219m[48;2;219;219;219m▀[0m[38;2;219;219;219m[48;2;219;219;219m▀[0m[38;2;219;219;219m[48;2;219;219;219m▀[0m[38;2;219;219;219m[48;2;219;219;219m▀[0m[38;2;219;219;219m[48;2;219;219;219m▀[0m[38;2;219;219;219m[48;2;219;219;219m▀[0m[38;2;219;219;219m[48;2;91;93;97m▀[0m[38;2;57;62;62m[48;2;0;0;0m▀[0m[38;2;6;9;6m[48;2;0;0;0m▀[0m[38;2;36;40;39m[48;2;0;0;0m▀[0m[38;2;0;0;0m[48;2;49;50;50m▀[0m[38;2;21;23;23m[48;2;219;219;219m▀[0m[38;2;219;219;219m[48;2;219;219;219m▀[0m[38;2;219;219;219m[48;2;219;219;219m▀[0m[38;2;219;219;219m[48;2;219;219;219m▀[0m[38;2;161;161;159m[48;2;219;219;219m▀[0m[38;2;24;24;24m[48;2;82;85;85m▀[0m[38;2;0;0;0m[48;2;0;0;0m▀[0m[38;2;0;0;0m[48;2;0;0;0m▀[0m[38;2;110;116;118m[48;2;110;114;117m▀[0m[38;2;219;219;219m[48;2;219;219;219m▀[0m[38;2;219;219;219m[48;2;219;219;219m▀[0m[38;2;219;219;219m[48;2;181;184;187m▀[0m[38;2;210;214;214m[48;2;134;141;140m▀[0m[38;2;217;216;217m[48;2;153;156;156m▀[0m[38;2;219;219;219m[48;2;202;202;200m▀[0m[38;2;219;219;219m[48;2;219;219;219m▀[0m[38;2;219;219;219m[48;2;219;219;219m▀[0m[38;2;208;210;212m[48;2;208;214;214m▀[0m[38;2;118;119;116m[48;2;20;25;23m▀[0m[38;2;219;219;219m[48;2;219;219;219m▀[0m[38;2;36;41;41m[48;2;219;219;219m▀[0m[38;2;0;0;0m[48;2;0;0;0m▀[0m[38;2;103;104;103m[48;2;0;0;0m▀[0m[38;2;166;169;169m[48;2;0;0;0m▀[0m[38;2;162;165;166m[48;2;0;0;0m▀[0m[38;2;79;82;82m[48;2;0;0;0m▀[0m[38;2;0;0;0m[48;2;0;0;0m▀[0m[38;2;0;0;0m[48;2;0;0;0m▀[0m[38;2;219;0;0m[48;2;0;0;0m▀[0m[38;2;219;0;0m[48;2;81;0;0m▀[0m[38;2;219;0;0m[48;2;219;0;0m▀[0m[38;2;219;0;0m[48;2;184;0;0m▀[0m[38;2;219;0;0m[48;2;219;0;0m▀[0m[38;2;131;115;114m[48;2;132;0;0m▀[0m[38;2;87;134;132m[48;2;145;0;0m▀[0m[38;2;71;0;0m[48;2;195;0;0m▀[0m[38;2;145;119;116m[48;2;219;0;0m▀[0m[38;2;154;183;179m[48;2;219;0;0m▀[0m[38;2;207;219;219m[48;2;152;179;179m▀[0m[38;2;198;208;208m[48;2;219;219;219m▀[0m[38;2;209;212;214m[48;2;204;208;208m▀[0m[38;2;171;171;171m[48;2;197;200;200m▀[0m[38;2;34;39;39m[48;2;116;119;119m▀[0m[38;2;154;158;158m[48;2;61;64;61m▀[0m[38;2;162;162;166m[48;2;56;59;58m▀[0m[38;2;104;108;108m[48;2;172;176;173m▀[0m[38;2;149;151;151m[48;2;219;219;219m▀[0m[38;2;124;125;122m[48;2;219;219;219m▀[0m[38;2;178;178;173m[48;2;219;219;219m▀[0m[38;2;219;219;219m[48;2;219;219;219m▀[0m[38;2;216;219;219m[48;2;219;219;219m▀[0m
[38;2;55;55;55m[48;2;25;25;25m▀[0m[38;2;13;15;15m[48;2;49;47;49m▀[0m[38;2;56;58;60m[48;2;58;58;58m▀[0m[38;2;0;2;4m[48;2;0;0;0m▀[0m[38;2;0;0;0m[48;2;0;0;0m▀[0m[38;2;6;8;8m[48;2;0;0;0m▀[0m[38;2;24;24;26m[48;2;20;20;20m▀[0m[38;2;8;8;8m[48;2;0;0;0m▀[0m[38;2;0;0;0m[48;2;35;37;38m▀[0m[38;2;141;147;145m[48;2;0;0;0m▀[0m[38;2;216;219;219m[48;2;49;51;51m▀[0m[38;2;0;0;0m[48;2;74;75;73m▀[0m[38;2;74;77;77m[48;2;16;16;14m▀[0m[38;2;21;23;23m[48;2;0;0;0m▀[0m[38;2;23;26;25m[48;2;0;0;0m▀[0m[38;2;215;218;218m[48;2;6;9;6m▀[0m[38;2;219;219;219m[48;2;28;29;26m▀[0m[38;2;219;219;219m[48;2;0;0;0m▀[0m[38;2;147;151;151m[48;2;0;0;0m▀[0m[38;2;5;7;7m[48;2;0;0;0m▀[0m[38;2;0;0;0m[48;2;0;0;0m▀[0m[38;2;0;0;0m[48;2;0;0;0m▀[0m[38;2;0;0;0m[48;2;0;0;0m▀[0m[38;2;0;0;0m[48;2;0;0;0m▀[0m[38;2;219;219;219m[48;2;0;0;0m▀[0m[38;2;219;219;219m[48;2;0;0;0m▀[0m[38;2;219;219;219m[48;2;0;0;0m▀[0m[38;2;219;219;219m[48;2;0;0;0m▀[0m[38;2;119;122;122m[48;2;0;0;0m▀[0m[38;2;0;0;0m[48;2;183;188;188m▀[0m[38;2;0;0;0m[48;2;0;0;0m▀[0m[38;2;0;0;0m[48;2;0;0;0m▀[0m[38;2;0;0;0m[48;2;0;0;0m▀[0m[38;2;101;103;101m[48;2;13;20;20m▀[0m[38;2;219;219;219m[48;2;219;219;219m▀[0m[38;2;219;219;219m[48;2;219;219;219m▀[0m[38;2;171;173;173m[48;2;219;219;219m▀[0m[38;2;36;40;34m[48;2;130;134;130m▀[0m[38;2;65;69;66m[48;2;132;137;136m▀[0m[38;2;205;207;207m[48;2;219;219;219m▀[0m[38;2;219;219;219m[48;2;219;219;219m▀[0m[38;2;219;219;219m[48;2;219;219;219m▀[0m[38;2;126;129;127m[48;2;0;0;0m▀[0m[38;2;0;0;0m[48;2;0;0;0m▀[0m[38;2;219;219;219m[48;2;219;219;219m▀[0m[38;2;219;219;219m[48;2;219;219;219m▀[0m[38;2;219;219;219m[48;2;219;219;219m▀[0m[38;2;133;133;133m[48;2;219;219;219m▀[0m[38;2;0;0;0m[48;2;219;219;219m▀[0m[38;2;0;0;0m[48;2;219;219;219m▀[0m[38;2;0;0;0m[48;2;219;219;219m▀[0m[38;2;0;0;0m[48;2;219;219;219m▀[0m[38;2;116;136;139m[48;2;219;219;219m▀[0m[38;2;124;178;180m[48;2;219;219;219m▀[0m[38;2;59;138;139m[48;2;135;172;172m▀[0m[38;2;50;10;7m[48;2;165;219;219m▀[0m[38;2;55;0;0m[48;2;134;206;208m▀[0m[38;2;219;0;0m[48;2;81;94;92m▀[0m[38;2;190;0;0m[48;2;0;39;40m▀[0m[38;2;175;219;218m[48;2;24;93;97m▀[0m[38;2;212;219;219m[48;2;138;174;178m▀[0m[38;2;137;166;167m[48;2;76;126;127m▀[0m[38;2;141;0;0m[48;2;11;41;39m▀[0m[38;2;111;28;16m[48;2;98;49;43m▀[0m[38;2;212;219;219m[48;2;116;110;109m▀[0m[38;2;210;215;215m[48;2;219;219;219m▀[0m[38;2;190;193;190m[48;2;204;208;205m▀[0m[38;2;153;156;153m[48;2;216;219;219m▀[0m[38;2;219;219;219m[48;2;204;206;206m▀[0m[38;2;211;214;213m[48;2;219;219;219m▀[0m[38;2;135;138;135m[48;2;219;219;219m▀[0m[38;2;120;122;122m[48;2;177;178;178m▀[0m[38;2;219;219;219m[48;2;129;129;127m▀[0m[38;2;219;219;219m[48;2;61;63;64m▀[0m[38;2;182;184;185m[48;2;102;104;104m▀[0m[38;2;52;50;53m[48;2;91;94;92m▀[0m
[38;2;11;11;11m[48;2;133;134;129m▀[0m[38;2;117;116;117m[48;2;122;125;125m▀[0m[38;2;92;92;92m[48;2;75;78;78m▀[0m[38;2;0;0;0m[48;2;0;0;0m▀[0m[38;2;0;0;0m[48;2;0;0;0m▀[0m[38;2;12;10;12m[48;2;3;5;6m▀[0m[38;2;77;79;77m[48;2;49;49;51m▀[0m[38;2;0;0;0m[48;2;3;5;5m▀[0m[38;2;75;77;77m[48;2;63;63;63m▀[0m[38;2;0;0;0m[48;2;21;21;21m▀[0m[38;2;0;0;0m[48;2;0;0;0m▀[0m[38;2;0;0;0m[48;2;97;101;105m▀[0m[38;2;23;25;26m[48;2;71;73;74m▀[0m[38;2;84;82;85m[48;2;12;12;12m▀[0m[38;2;83;85;85m[48;2;0;0;0m▀[0m[38;2;34;34;32m[48;2;0;0;0m▀[0m[38;2;0;0;0m[48;2;0;0;0m▀[0m[38;2;0;0;0m[48;2;0;0;0m▀[0m[38;2;0;0;0m[48;2;8;8;8m▀[0m[38;2;0;0;0m[48;2;64;67;67m▀[0m[38;2;0;0;0m[48;2;90;92;92m▀[0m[38;2;39;37;40m[48;2;44;44;44m▀[0m[38;2;52;54;54m[48;2;0;0;0m▀[0m[38;2;0;0;0m[48;2;140;142;142m▀[0m[38;2;34;36;36m[48;2;219;219;219m▀[0m[38;2;169;167;170m[48;2;219;219;219m▀[0m[38;2;4;6;6m[48;2;164;168;164m▀[0m[38;2;93;97;94m[48;2;195;202;201m▀[0m[38;2;40;49;44m[48;2;219;219;219m▀[0m[38;2;0;0;0m[48;2;0;19;18m▀[0m[38;2;0;0;0m[48;2;0;0;0m▀[0m[38;2;0;0;0m[48;2;14;0;0m▀[0m[38;2;3;18;18m[48;2;5;5;2m▀[0m[38;2;0;0;0m[48;2;0;8;6m▀[0m[38;2;150;130;128m[48;2;0;0;0m▀[0m[38;2;159;109;104m[48;2;35;44;47m▀[0m[38;2;183;194;194m[48;2;0;0;0m▀[0m[38;2;219;219;219m[48;2;0;0;0m▀[0m[38;2;219;219;219m[48;2;0;0;0m▀[0m[38;2;219;219;219m[48;2;0;0;0m▀[0m[38;2;165;166;167m[48;2;0;0;0m▀[0m[38;2;0;0;0m[48;2;0;0;0m▀[0m[38;2;0;0;0m[48;2;0;0;0m▀[0m[38;2;134;135;137m[48;2;219;219;219m▀[0m[38;2;219;219;219m[48;2;219;219;219m▀[0m[38;2;219;219;219m[48;2;219;219;219m▀[0m[38;2;219;219;219m[48;2;171;171;171m▀[0m[38;2;219;219;219m[48;2;191;191;191m▀[0m[38;2;219;219;219m[48;2;219;219;219m▀[0m[38;2;219;219;219m[48;2;219;219;219m▀[0m[38;2;219;219;219m[48;2;219;219;219m▀[0m[38;2;219;219;219m[48;2;219;219;219m▀[0m[38;2;219;219;219m[48;2;131;78;61m▀[0m[38;2;184;172;166m[48;2;101;38;25m▀[0m[38;2;161;219;219m[48;2;115;0;0m▀[0m[38;2;219;219;219m[48;2;139;61;55m▀[0m[38;2;219;219;219m[48;2;117;147;147m▀[0m[38;2;174;187;184m[48;2;98;25;18m▀[0m[38;2;196;211;212m[48;2;164;10;0m▀[0m[38;2;153;180;181m[48;2;219;219;219m▀[0m[38;2;68;91;92m[48;2;219;219;219m▀[0m[38;2;103;108;109m[48;2;219;219;219m▀[0m[38;2;114;114;114m[48;2;172;4;0m▀[0m[38;2;178;219;219m[48;2;90;27;26m▀[0m[38;2;139;156;159m[48;2;90;116;121m▀[0m[38;2;219;219;219m[48;2;171;174;173m▀[0m[38;2;202;204;204m[48;2;219;219;219m▀[0m[38;2;215;215;215m[48;2;190;192;192m▀[0m[38;2;219;219;219m[48;2;97;100;98m▀[0m[38;2;197;199;199m[48;2;82;82;82m▀[0m[38;2;111;113;113m[48;2;54;55;55m▀[0m[38;2;0;0;0m[48;2;75;77;77m▀[0m[38;2;0;0;0m[48;2;168;172;169m▀[0m[38;2;0;0;0m[48;2;174;175;172m▀[0m[38;2;184;187;187m[48;2;61;61;59m▀[0m[38;2;219;219;219m[48;2;140;141;141m▀[0m
[38;2;104;104;102m[48;2;120;122;123m▀[0m[38;2;21;20;20m[48;2;135;139;136m▀[0m[38;2;0;0;0m[48;2;202;205;205m▀[0m[38;2;20;19;19m[48;2;0;0;0m▀[0m[38;2;59;59;57m[48;2;6;9;8m▀[0m[38;2;0;0;0m[48;2;111;111;110m▀[0m[38;2;13;13;15m[48;2;5;5;6m▀[0m[38;2;21;24;24m[48;2;23;24;26m▀[0m[38;2;19;19;18m[48;2;0;0;0m▀[0m[38;2;88;88;90m[48;2;41;43;44m▀[0m[38;2;0;0;0m[48;2;48;49;49m▀[0m[38;2;0;0;0m[48;2;25;24;24m▀[0m[38;2;0;0;0m[48;2;0;0;0m▀[0m[38;2;0;0;0m[48;2;0;0;0m▀[0m[38;2;0;0;0m[48;2;53;55;57m▀[0m[38;2;0;0;0m[48;2;93;96;99m▀[0m[38;2;30;30;31m[48;2;67;70;72m▀[0m[38;2;85;87;89m[48;2;15;17;17m▀[0m[38;2;83;85;85m[48;2;0;0;0m▀[0m[38;2;32;35;35m[48;2;0;0;0m▀[0m[38;2;0;0;0m[48;2;0;0;0m▀[0m[38;2;0;0;0m[48;2;0;0;0m▀[0m[38;2;0;0;0m[48;2;8;10;8m▀[0m[38;2;199;202;202m[48;2;200;202;200m▀[0m[38;2;191;193;191m[48;2;210;210;208m▀[0m[38;2;177;180;178m[48;2;34;36;36m▀[0m[38;2;189;194;194m[48;2;0;0;0m▀[0m[38;2;219;219;219m[48;2;74;86;86m▀[0m[38;2;167;165;163m[48;2;93;92;88m▀[0m[38;2;138;0;0m[48;2;158;119;116m▀[0m[38;2;144;0;0m[48;2;0;0;0m▀[0m[38;2;149;0;0m[48;2;219;0;0m▀[0m[38;2;58;0;0m[48;2;88;0;0m▀[0m[38;2;0;24;26m[48;2;0;0;0m▀[0m[38;2;0;0;0m[48;2;135;139;139m▀[0m[38;2;0;0;0m[48;2;94;98;97m▀[0m[38;2;0;0;0m[48;2;0;0;0m▀[0m[38;2;0;0;0m[48;2;0;0;0m▀[0m[38;2;0;0;0m[48;2;0;0;0m▀[0m[38;2;0;0;0m[48;2;0;0;0m▀[0m[38;2;0;0;0m[48;2;0;0;0m▀[0m[38;2;0;0;0m[48;2;160;163;160m▀[0m[38;2;191;193;193m[48;2;219;219;219m▀[0m[38;2;219;219;219m[48;2;219;219;219m▀[0m[38;2;219;219;219m[48;2;107;109;109m▀[0m[38;2;146;148;148m[48;2;141;141;141m▀[0m[38;2;169;171;172m[48;2;219;219;219m▀[0m[38;2;0;6;3m[48;2;219;219;219m▀[0m[38;2;38;38;38m[48;2;169;174;174m▀[0m[38;2;0;0;0m[48;2;0;0;0m▀[0m[38;2;0;10;11m[48;2;0;0;0m▀[0m[38;2;96;159;162m[48;2;0;0;0m▀[0m[38;2;124;0;0m[48;2;165;0;0m▀[0m[38;2;219;0;0m[48;2;219;0;0m▀[0m[38;2;219;0;0m[48;2;219;0;0m▀[0m[38;2;167;178;178m[48;2;219;219;219m▀[0m[38;2;193;219;219m[48;2;219;219;219m▀[0m[38;2;219;219;219m[48;2;219;219;219m▀[0m[38;2;123;86;82m[48;2;219;219;219m▀[0m[38;2;186;177;177m[48;2;219;219;219m▀[0m[38;2;219;219;219m[48;2;219;219;219m▀[0m[38;2;219;219;219m[48;2;219;219;219m▀[0m[38;2;219;219;219m[48;2;219;219;219m▀[0m[38;2;219;158;152m[48;2;219;213;209m▀[0m[38;2;189;201;202m[48;2;219;219;219m▀[0m[38;2;100;105;106m[48;2;219;219;219m▀[0m[38;2;37;44;46m[48;2;193;190;190m▀[0m[38;2;42;47;44m[48;2;105;107;109m▀[0m[38;2;178;184;181m[48;2;100;103;104m▀[0m[38;2;219;219;219m[48;2;184;184;184m▀[0m[38;2;219;219;219m[48;2;219;219;219m▀[0m[38;2;219;219;219m[48;2;210;214;211m▀[0m[38;2;219;219;219m[48;2;204;203;203m▀[0m[38;2;219;219;219m[48;2;208;207;207m▀[0m[38;2;219;219;219m[48;2;209;210;208m▀[0m[38;2;117;118;116m[48;2;219;219;219m▀[0m
[38;2;219;219;219m[48;2;127;129;129m▀[0m[38;2;158;161;164m[48;2;0;0;0m▀[0m[38;2;133;136;136m[48;2;0;0;0m▀[0m[38;2;18;21;21m[48;2;0;0;0m▀[0m[38;2;0;0;0m[48;2;20;23;22m▀[0m[38;2;0;0;0m[48;2;38;37;37m▀[0m[38;2;31;33;33m[48;2;100;103;103m▀[0m[38;2;0;0;0m[48;2;219;219;219m▀[0m[38;2;23;24;24m[48;2;219;219;219m▀[0m[38;2;49;52;52m[48;2;219;219;219m▀[0m[38;2;170;173;173m[48;2;0;0;0m▀[0m[38;2;89;90;87m[48;2;123;125;125m▀[0m[38;2;34;36;36m[48;2;0;0;0m▀[0m[38;2;85;87;87m[48;2;0;0;0m▀[0m[38;2;51;54;54m[48;2;0;0;0m▀[0m[38;2;0;0;0m[48;2;0;0;0m▀[0m[38;2;0;0;0m[48;2;0;0;0m▀[0m[38;2;0;0;0m[48;2;0;0;0m▀[0m[38;2;0;0;0m[48;2;0;0;0m▀[0m[38;2;0;0;0m[48;2;0;0;0m▀[0m[38;2;0;0;0m[48;2;0;0;0m▀[0m[38;2;0;0;0m[48;2;91;92;92m▀[0m[38;2;219;219;219m[48;2;215;219;219m▀[0m[38;2;219;219;219m[48;2;86;92;94m▀[0m[38;2;219;219;219m[48;2;175;181;182m▀[0m[38;2;196;202;202m[48;2;219;219;219m▀[0m[38;2;172;178;178m[48;2;219;219;219m▀[0m[38;2;219;219;219m[48;2;219;219;219m▀[0m[38;2;219;219;219m[48;2;219;219;219m▀[0m[38;2;219;219;219m[48;2;151;122;118m▀[0m[38;2;12;0;0m[48;2;219;0;0m▀[0m[38;2;44;0;0m[48;2;120;0;0m▀[0m[38;2;0;0;0m[48;2;114;0;0m▀[0m[38;2;0;0;0m[48;2;0;0;0m▀[0m[38;2;163;176;176m[48;2;135;159;160m▀[0m[38;2;219;219;219m[48;2;219;219;219m▀[0m[38;2;0;0;0m[48;2;179;182;182m▀[0m[38;2;135;138;138m[48;2;120;122;122m▀[0m[38;2;116;116;115m[48;2;219;219;219m▀[0m[38;2;134;136;134m[48;2;219;219;219m▀[0m[38;2;219;219;219m[48;2;219;219;219m▀[0m[38;2;219;219;219m[48;2;219;219;219m▀[0m[38;2;219;219;219m[48;2;141;142;142m▀[0m[38;2;120;121;118m[48;2;0;0;0m▀[0m[38;2;0;0;0m[48;2;116;121;121m▀[0m[38;2;219;219;219m[48;2;219;219;219m▀[0m[38;2;219;219;219m[48;2;138;139;136m▀[0m[38;2;147;152;149m[48;2;184;186;186m▀[0m[38;2;71;73;73m[48;2;219;219;219m▀[0m[38;2;0;0;0m[48;2;219;219;219m▀[0m[38;2;0;0;0m[48;2;219;219;219m▀[0m[38;2;0;0;0m[48;2;219;219;219m▀[0m[38;2;24;0;0m[48;2;116;191;193m▀[0m[38;2;175;0;0m[48;2;0;36;38m▀[0m[38;2;219;0;0m[48;2;142;0;0m▀[0m[38;2;98;90;91m[48;2;219;0;0m▀[0m[38;2;33;142;144m[48;2;0;0;0m▀[0m[38;2;153;209;204m[48;2;0;0;0m▀[0m[38;2;219;219;219m[48;2;0;42;40m▀[0m[38;2;219;219;219m[48;2;159;0;0m▀[0m[38;2;159;0;0m[48;2;164;37;32m▀[0m[38;2;184;177;173m[48;2;219;219;219m▀[0m[38;2;219;219;219m[48;2;219;219;219m▀[0m[38;2;219;219;219m[48;2;219;219;219m▀[0m[38;2;218;184;176m[48;2;219;219;219m▀[0m[38;2;219;219;219m[48;2;219;219;219m▀[0m[38;2;219;159;156m[48;2;219;191;189m▀[0m[38;2;219;219;219m[48;2;219;219;219m▀[0m[38;2;178;180;181m[48;2;219;219;219m▀[0m[38;2;74;73;76m[48;2;219;219;219m▀[0m[38;2;92;96;96m[48;2;153;151;153m▀[0m[38;2;196;202;200m[48;2;65;64;65m▀[0m[38;2;219;219;219m[48;2;116;119;121m▀[0m[38;2;219;219;219m[48;2;178;180;182m▀[0m[38;2;219;219;219m[48;2;43;45;45m▀[0m[38;2;161;163;164m[48;2;16;18;18m▀[0m
[38;2;0;0;0m[48;2;77;77;79m▀[0m[38;2;0;1;2m[48;2;123;127;126m▀[0m[38;2;0;0;0m[48;2;83;86;86m▀[0m[38;2;0;0;0m[48;2;0;0;0m▀[0m[38;2;138;140;140m[48;2;74;73;75m▀[0m[38;2;30;29;32m[48;2;89;91;92m▀[0m[38;2;74;77;80m[48;2;41;43;45m▀[0m[38;2;179;183;183m[48;2;91;92;92m▀[0m[38;2;98;99;99m[48;2;8;10;10m▀[0m[38;2;106;106;106m[48;2;98;98;98m▀[0m[38;2;41;40;40m[48;2;213;216;216m▀[0m[38;2;190;192;192m[48;2;219;219;219m▀[0m[38;2;0;0;0m[48;2;0;0;0m▀[0m[38;2;0;0;0m[48;2;0;0;0m▀[0m[38;2;0;0;0m[48;2;0;0;0m▀[0m[38;2;0;0;0m[48;2;0;0;0m▀[0m[38;2;0;0;0m[48;2;0;0;0m▀[0m[38;2;0;0;0m[48;2;0;0;0m▀[0m[38;2;0;0;0m[48;2;0;0;0m▀[0m[38;2;0;0;0m[48;2;0;0;0m▀[0m[38;2;0;0;0m[48;2;84;83;84m▀[0m[38;2;165;168;169m[48;2;160;163;164m▀[0m[38;2;0;0;0m[48;2;195;200;199m▀[0m[38;2;0;0;0m[48;2;219;219;219m▀[0m[38;2;131;159;156m[48;2;141;158;157m▀[0m[38;2;102;141;140m[48;2;127;0;0m▀[0m[38;2;135;97;95m[48;2;152;0;0m▀[0m[38;2;166;167;162m[48;2;40;0;0m▀[0m[38;2;169;219;219m[48;2;0;0;0m▀[0m[38;2;91;32;29m[48;2;129;0;0m▀[0m[38;2;219;0;0m[48;2;219;0;0m▀[0m[38;2;190;0;0m[48;2;219;0;0m▀[0m[38;2;192;0;0m[48;2;179;0;0m▀[0m[38;2;0;0;0m[48;2;0;0;0m▀[0m[38;2;55;104;107m[48;2;0;35;36m▀[0m[38;2;184;194;191m[48;2;219;219;219m▀[0m[38;2;190;194;194m[48;2;219;219;219m▀[0m[38;2;64;69;69m[48;2;73;74;72m▀[0m[38;2;219;219;219m[48;2;199;202;203m▀[0m[38;2;219;219;219m[48;2;219;219;219m▀[0m[38;2;219;219;219m[48;2;219;219;219m▀[0m[38;2;219;219;219m[48;2;164;176;177m▀[0m[38;2;0;0;0m[48;2;12;40;40m▀[0m[38;2;219;219;219m[48;2;109;139;139m▀[0m[38;2;208;215;215m[48;2;188;201;198m▀[0m[38;2;216;219;219m[48;2;96;107;104m▀[0m[38;2;98;104;101m[48;2;158;164;164m▀[0m[38;2;219;219;219m[48;2;202;203;203m▀[0m[38;2;203;208;206m[48;2;144;147;147m▀[0m[38;2;144;147;147m[48;2;219;219;219m▀[0m[38;2;189;191;192m[48;2;219;219;219m▀[0m[38;2;219;219;219m[48;2;162;170;172m▀[0m[38;2;219;219;219m[48;2;219;219;219m▀[0m[38;2;172;183;190m[48;2;172;163;163m▀[0m[38;2;77;0;0m[48;2;166;73;53m▀[0m[38;2;219;0;0m[48;2;131;0;0m▀[0m[38;2;219;0;0m[48;2;153;0;0m▀[0m[38;2;219;0;0m[48;2;219;0;0m▀[0m[38;2;0;0;0m[48;2;219;0;0m▀[0m[38;2;141;0;0m[48;2;144;0;0m▀[0m[38;2;0;0;0m[48;2;0;0;0m▀[0m[38;2;0;0;0m[48;2;0;0;0m▀[0m[38;2;58;71;73m[48;2;0;0;0m▀[0m[38;2;195;197;198m[48;2;0;0;0m▀[0m[38;2;219;219;219m[48;2;0;0;0m▀[0m[38;2;219;219;219m[48;2;150;152;152m▀[0m[38;2;219;219;219m[48;2;219;219;219m▀[0m[38;2;219;219;219m[48;2;219;219;219m▀[0m[38;2;219;219;219m[48;2;219;219;219m▀[0m[38;2;219;219;219m[48;2;219;219;219m▀[0m[38;2;219;219;219m[48;2;195;196;196m▀[0m[38;2;219;219;219m[48;2;219;219;219m▀[0m[38;2;146;146;146m[48;2;219;219;219m▀[0m[38;2;0;0;0m[48;2;219;219;219m▀[0m[38;2;85;86;83m[48;2;99;101;101m▀[0m[38;2;219;219;219m[48;2;219;219;219m▀[0m
[38;2;37;37;37m[48;2;108;111;109m▀[0m[38;2;158;161;160m[48;2;219;219;219m▀[0m[38;2;82;84;82m[48;2;75;77;79m▀[0m[38;2;7;6;8m[48;2;0;0;0m▀[0m[38;2;23;24;24m[48;2;68;67;69m▀[0m[38;2;32;34;32m[48;2;37;39;39m▀[0m[38;2;86;87;87m[48;2;219;219;219m▀[0m[38;2;215;214;215m[48;2;219;219;219m▀[0m[38;2;219;219;219m[48;2;129;130;130m▀[0m[38;2;219;219;219m[48;2;55;61;58m▀[0m[38;2;219;219;219m[48;2;161;165;159m▀[0m[38;2;171;177;172m[48;2;219;219;219m▀[0m[38;2;0;0;0m[48;2;192;195;195m▀[0m[38;2;0;0;0m[48;2;0;0;0m▀[0m[38;2;0;0;0m[48;2;0;0;0m▀[0m[38;2;0;0;0m[48;2;0;0;0m▀[0m[38;2;0;0;0m[48;2;0;0;0m▀[0m[38;2;0;0;0m[48;2;0;0;0m▀[0m[38;2;0;0;0m[48;2;0;0;0m▀[0m[38;2;0;0;0m[48;2;202;202;202m▀[0m[38;2;219;219;219m[48;2;219;219;219m▀[0m[38;2;219;219;219m[48;2;205;208;206m▀[0m[38;2;219;219;219m[48;2;219;219;219m▀[0m[38;2;215;219;219m[48;2;189;188;186m▀[0m[38;2;114;0;0m[48;2;2;0;0m▀[0m[38;2;149;0;0m[48;2;219;219;219m▀[0m[38;2;178;219;219m[48;2;171;202;203m▀[0m[38;2;212;219;219m[48;2;110;135;135m▀[0m[38;2;84;143;144m[48;2;219;219;219m▀[0m[38;2;0;0;0m[48;2;132;214;215m▀[0m[38;2;152;0;0m[48;2;0;3;6m▀[0m[38;2;219;0;0m[48;2;45;0;0m▀[0m[38;2;219;0;0m[48;2;219;0;0m▀[0m[38;2;147;0;0m[48;2;169;0;0m▀[0m[38;2;35;89;89m[48;2;135;209;213m▀[0m[38;2;219;219;219m[48;2;219;219;219m▀[0m[38;2;219;219;219m[48;2;219;219;219m▀[0m[38;2;210;210;210m[48;2;219;219;219m▀[0m[38;2;188;188;188m[48;2;219;219;219m▀[0m[38;2;219;219;219m[48;2;219;219;219m▀[0m[38;2;219;219;219m[48;2;219;219;219m▀[0m[38;2;60;113;115m[48;2;0;15;12m▀[0m[38;2;0;0;0m[48;2;105;0;0m▀[0m[38;2;0;0;0m[48;2;219;0;0m▀[0m[38;2;0;0;0m[48;2;32;0;0m▀[0m[38;2;0;0;0m[48;2;0;0;0m▀[0m[38;2;167;179;180m[48;2;144;179;181m▀[0m[38;2;219;219;219m[48;2;219;219;219m▀[0m[38;2;219;219;219m[48;2;219;219;219m▀[0m[38;2;219;219;219m[48;2;219;182;190m▀[0m[38;2;219;219;219m[48;2;219;219;219m▀[0m[38;2;204;219;219m[48;2;165;219;219m▀[0m[38;2;219;219;219m[48;2;191;219;219m▀[0m[38;2;0;159;0m[48;2;131;219;219m▀[0m[38;2;0;187;50m[48;2;41;71;78m▀[0m[38;2;56;120;153m[48;2;22;104;104m▀[0m[38;2;0;0;0m[48;2;139;108;109m▀[0m[38;2;197;0;0m[48;2;206;0;0m▀[0m[38;2;219;0;0m[48;2;219;0;0m▀[0m[38;2;219;0;0m[48;2;219;0;0m▀[0m[38;2;110;0;0m[48;2;219;0;0m▀[0m[38;2;6;6;5m[48;2;167;219;219m▀[0m[38;2;0;0;0m[48;2;219;219;219m▀[0m[38;2;0;0;0m[48;2;185;193;193m▀[0m[38;2;0;0;0m[48;2;9;11;11m▀[0m[38;2;0;0;0m[48;2;51;51;51m▀[0m[38;2;0;0;0m[48;2;0;0;0m▀[0m[38;2;134;131;135m[48;2;0;0;0m▀[0m[38;2;219;219;219m[48;2;0;0;0m▀[0m[38;2;140;143;142m[48;2;219;219;219m▀[0m[38;2;195;195;195m[48;2;219;219;219m▀[0m[38;2;219;219;219m[48;2;219;219;219m▀[0m[38;2;219;219;219m[48;2;219;219;219m▀[0m[38;2;219;219;219m[48;2;219;219;219m▀[0m[38;2;50;52;52m[48;2;0;0;0m▀[0m[38;2;219;219;219m[48;2;187;188;185m▀[0m
[38;2;24;26;26m[48;2;9;8;8m▀[0m[38;2;0;0;0m[48;2;53;55;53m▀[0m[38;2;73;74;74m[48;2;0;0;0m▀[0m[38;2;1;3;4m[48;2;219;219;219m▀[0m[38;2;219;219;219m[48;2;202;205;205m▀[0m[38;2;79;79;81m[48;2;129;129;129m▀[0m[38;2;137;136;136m[48;2;189;191;190m▀[0m[38;2;135;136;136m[48;2;74;78;78m▀[0m[38;2;24;26;30m[48;2;0;0;0m▀[0m[38;2;0;0;0m[48;2;0;0;0m▀[0m[38;2;97;103;105m[48;2;106;110;107m▀[0m[38;2;208;210;211m[48;2;198;198;196m▀[0m[38;2;219;219;219m[48;2;210;209;209m▀[0m[38;2;219;219;219m[48;2;219;219;219m▀[0m[38;2;167;169;167m[48;2;219;219;219m▀[0m[38;2;132;134;132m[48;2;219;219;219m▀[0m[38;2;110;111;110m[48;2;219;219;219m▀[0m[38;2;131;130;129m[48;2;219;219;219m▀[0m[38;2;219;219;219m[48;2;215;217;217m▀[0m[38;2;219;219;219m[48;2;200;203;201m▀[0m[38;2;206;206;204m[48;2;201;201;202m▀[0m[38;2;198;201;196m[48;2;199;202;202m▀[0m[38;2;219;219;219m[48;2;202;204;205m▀[0m[38;2;160;159;157m[48;2;208;214;212m▀[0m[38;2;10;0;0m[48;2;164;166;166m▀[0m[38;2;219;219;219m[48;2;219;219;219m▀[0m[38;2;0;0;0m[48;2;116;92;90m▀[0m[38;2;70;95;93m[48;2;46;0;0m▀[0m[38;2;219;219;219m[48;2;130;0;0m▀[0m[38;2;219;219;219m[48;2;103;0;0m▀[0m[38;2;2;135;141m[48;2;79;0;0m▀[0m[38;2;0;0;0m[48;2;219;0;0m▀[0m[38;2;66;0;0m[48;2;219;0;0m▀[0m[38;2;0;0;0m[48;2;67;15;14m▀[0m[38;2;216;219;219m[48;2;219;219;219m▀[0m[38;2;219;219;219m[48;2;219;219;219m▀[0m[38;2;219;219;219m[48;2;219;219;219m▀[0m[38;2;219;219;219m[48;2;219;219;219m▀[0m[38;2;175;178;177m[48;2;141;148;150m▀[0m[38;2;219;219;219m[48;2;219;219;219m▀[0m[38;2;175;127;123m[48;2;49;0;0m▀[0m[38;2;219;0;0m[48;2;0;0;0m▀[0m[38;2;219;0;0m[48;2;0;0;0m▀[0m[38;2;219;0;0m[48;2;206;0;0m▀[0m[38;2;219;0;0m[48;2;219;0;0m▀[0m[38;2;0;0;0m[48;2;219;0;0m▀[0m[38;2;89;81;79m[48;2;150;18;8m▀[0m[38;2;219;219;219m[48;2;219;219;219m▀[0m[38;2;219;219;219m[48;2;163;219;180m▀[0m[38;2;171;104;105m[48;2;0;185;0m▀[0m[38;2;152;0;0m[48;2;30;109;92m▀[0m[38;2;212;0;0m[48;2;144;0;0m▀[0m[38;2;205;0;0m[48;2;219;0;0m▀[0m[38;2;166;34;36m[48;2;219;0;0m▀[0m[38;2;62;144;143m[48;2;177;0;0m▀[0m[38;2;219;219;219m[48;2;159;219;219m▀[0m[38;2;190;183;185m[48;2;172;219;219m▀[0m[38;2;189;0;0m[48;2;219;0;0m▀[0m[38;2;219;0;0m[48;2;214;0;0m▀[0m[38;2;219;0;0m[48;2;219;0;0m▀[0m[38;2;219;0;0m[48;2;219;0;0m▀[0m[38;2;55;144;145m[48;2;15;8;6m▀[0m[38;2;219;219;219m[48;2;219;219;219m▀[0m[38;2;219;219;219m[48;2;219;219;219m▀[0m[38;2;219;219;219m[48;2;190;192;192m▀[0m[38;2;140;139;139m[48;2;30;32;32m▀[0m[38;2;81;78;78m[48;2;109;110;110m▀[0m[38;2;0;0;0m[48;2;159;161;161m▀[0m[38;2;0;0;0m[48;2;20;23;24m▀[0m[38;2;219;219;219m[48;2;219;219;219m▀[0m[38;2;219;219;219m[48;2;219;219;219m▀[0m[38;2;219;219;219m[48;2;219;219;219m▀[0m[38;2;219;219;219m[48;2;219;219;219m▀[0m[38;2;164;162;165m[48;2;110;111;111m▀[0m[38;2;0;0;0m[48;2;81;87;87m▀[0m[38;2;219;219;219m[48;2;219;219;219m▀[0m
[38;2;73;74;81m[48;2;0;0;0m▀[0m[38;2;128;129;130m[48;2;0;0;0m▀[0m[38;2;17;17;18m[48;2;0;0;0m▀[0m[38;2;16;21;24m[48;2;0;0;0m▀[0m[38;2;0;0;0m[48;2;0;0;0m▀[0m[38;2;208;210;209m[48;2;0;0;0m▀[0m[38;2;219;219;219m[48;2;114;115;112m▀[0m[38;2;123;127;124m[48;2;132;134;132m▀[0m[38;2;151;152;147m[48;2;219;219;219m▀[0m[38;2;219;219;219m[48;2;219;219;219m▀[0m[38;2;219;219;219m[48;2;215;215;215m▀[0m[38;2;219;219;219m[48;2;196;198;202m▀[0m[38;2;209;211;211m[48;2;165;164;166m▀[0m[38;2;200;198;201m[48;2;187;189;189m▀[0m[38;2;197;198;196m[48;2;198;199;196m▀[0m[38;2;198;200;200m[48;2;196;197;198m▀[0m[38;2;196;197;198m[48;2;195;196;197m▀[0m[38;2;196;197;197m[48;2;196;197;195m▀[0m[38;2;201;200;200m[48;2;199;200;197m▀[0m[38;2;197;199;199m[48;2;219;219;219m▀[0m[38;2;198;202;199m[48;2;219;219;219m▀[0m[38;2;206;209;207m[48;2;216;218;218m▀[0m[38;2;215;217;216m[48;2;162;164;164m▀[0m[38;2;207;209;207m[48;2;202;204;204m▀[0m[38;2;219;219;219m[48;2;219;219;219m▀[0m[38;2;219;219;219m[48;2;134;140;141m▀[0m[38;2;219;219;219m[48;2;172;204;207m▀[0m[38;2;172;184;183m[48;2;121;106;105m▀[0m[38;2;43;0;0m[48;2;45;136;141m▀[0m[38;2;131;111;109m[48;2;219;60;51m▀[0m[38;2;219;0;0m[48;2;219;0;0m▀[0m[38;2;219;0;0m[48;2;0;0;0m▀[0m[38;2;0;0;0m[48;2;0;0;0m▀[0m[38;2;49;87;88m[48;2;113;142;143m▀[0m[38;2;219;219;219m[48;2;219;219;219m▀[0m[38;2;219;219;219m[48;2;219;219;219m▀[0m[38;2;219;219;219m[48;2;219;219;219m▀[0m[38;2;219;219;219m[48;2;219;219;219m▀[0m[38;2;151;165;165m[48;2;135;156;156m▀[0m[38;2;184;211;211m[48;2;0;0;0m▀[0m[38;2;0;0;0m[48;2;0;0;0m▀[0m[38;2;6;0;0m[48;2;190;0;0m▀[0m[38;2;137;0;0m[48;2;219;0;0m▀[0m[38;2;0;0;0m[48;2;219;0;0m▀[0m[38;2;106;0;0m[48;2;0;0;0m▀[0m[38;2;219;0;0m[48;2;169;0;0m▀[0m[38;2;219;0;0m[48;2;219;0;0m▀[0m[38;2;219;219;219m[48;2;80;0;0m▀[0m[38;2;65;209;130m[48;2;0;59;81m▀[0m[38;2;0;128;45m[48;2;54;102;133m▀[0m[38;2;81;141;168m[48;2;18;128;135m▀[0m[38;2;0;12;19m[48;2;177;219;219m▀[0m[38;2;176;0;0m[48;2;219;0;0m▀[0m[38;2;219;0;0m[48;2;219;0;0m▀[0m[38;2;219;0;0m[48;2;219;0;0m▀[0m[38;2;190;0;0m[48;2;219;0;0m▀[0m[38;2;58;64;65m[48;2;184;0;0m▀[0m[38;2;219;0;0m[48;2;212;0;0m▀[0m[38;2;210;0;0m[48;2;219;0;0m▀[0m[38;2;219;0;0m[48;2;219;0;0m▀[0m[38;2;219;0;0m[48;2;219;0;0m▀[0m[38;2;96;0;0m[48;2;154;0;0m▀[0m[38;2;113;192;190m[48;2;9;60;59m▀[0m[38;2;73;90;91m[48;2;155;195;196m▀[0m[38;2;49;55;54m[48;2;219;219;219m▀[0m[38;2;188;190;190m[48;2;219;219;219m▀[0m[38;2;219;219;219m[48;2;213;213;211m▀[0m[38;2;194;195;192m[48;2;197;198;196m▀[0m[38;2;37;39;39m[48;2;66;67;67m▀[0m[38;2;219;219;219m[48;2;219;219;219m▀[0m[38;2;219;219;219m[48;2;219;219;219m▀[0m[38;2;219;219;219m[48;2;219;219;219m▀[0m[38;2;219;219;219m[48;2;219;219;219m▀[0m[38;2;44;48;45m[48;2;22;25;25m▀[0m[38;2;125;131;127m[48;2;82;81;81m▀[0m[38;2;219;219;219m[48;2;146;146;146m▀[0m
[38;2;0;0;0m[48;2;14;17;17m▀[0m[38;2;0;0;0m[48;2;34;39;38m▀[0m[38;2;0;0;0m[48;2;0;0;0m▀[0m[38;2;0;0;0m[48;2;61;67;67m▀[0m[38;2;67;70;69m[48;2;219;219;219m▀[0m[38;2;117;120;117m[48;2;185;190;186m▀[0m[38;2;145;146;143m[48;2;200;203;203m▀[0m[38;2;219;219;219m[48;2;210;212;214m▀[0m[38;2;219;219;219m[48;2;147;148;148m▀[0m[38;2;194;193;193m[48;2;150;147;149m▀[0m[38;2;154;158;158m[48;2;182;182;182m▀[0m[38;2;145;147;148m[48;2;203;204;202m▀[0m[38;2;171;172;174m[48;2;208;207;207m▀[0m[38;2;196;197;197m[48;2;196;198;200m▀[0m[38;2;199;200;197m[48;2;200;202;200m▀[0m[38;2;195;196;196m[48;2;219;219;219m▀[0m[38;2;202;201;201m[48;2;219;219;219m▀[0m[38;2;215;218;215m[48;2;160;163;162m▀[0m[38;2;219;219;219m[48;2;86;86;90m▀[0m[38;2;178;180;182m[48;2;104;105;105m▀[0m[38;2;113;115;115m[48;2;136;135;135m▀[0m[38;2;0;0;0m[48;2;0;0;0m▀[0m[38;2;154;156;156m[48;2;67;67;67m▀[0m[38;2;219;219;219m[48;2;219;219;219m▀[0m[38;2;219;219;219m[48;2;208;208;209m▀[0m[38;2;149;152;151m[48;2;219;219;219m▀[0m[38;2;76;110;108m[48;2;165;183;181m▀[0m[38;2;43;39;41m[48;2;0;38;36m▀[0m[38;2;107;0;0m[48;2;219;0;0m▀[0m[38;2;219;0;0m[48;2;219;0;0m▀[0m[38;2;144;101;98m[48;2;107;172;174m▀[0m[38;2;79;151;154m[48;2;101;89;88m▀[0m[38;2;0;0;0m[48;2;0;0;0m▀[0m[38;2;157;184;186m[48;2;176;205;208m▀[0m[38;2;219;219;219m[48;2;219;175;172m▀[0m[38;2;219;219;219m[48;2;219;180;180m▀[0m[38;2;219;219;219m[48;2;219;219;219m▀[0m[38;2;219;219;219m[48;2;219;219;219m▀[0m[38;2;75;124;124m[48;2;107;134;135m▀[0m[38;2;0;0;0m[48;2;130;0;0m▀[0m[38;2;219;0;0m[48;2;219;0;0m▀[0m[38;2;219;0;0m[48;2;219;0;0m▀[0m[38;2;217;0;0m[48;2;219;0;0m▀[0m[38;2;219;0;0m[48;2;219;0;0m▀[0m[38;2;105;12;8m[48;2;72;0;0m▀[0m[38;2;27;129;130m[48;2;0;133;140m▀[0m[38;2;219;0;0m[48;2;94;33;34m▀[0m[38;2;219;0;0m[48;2;219;0;0m▀[0m[38;2;84;0;0m[48;2;219;0;0m▀[0m[38;2;147;0;0m[48;2;219;0;0m▀[0m[38;2;219;0;0m[48;2;219;0;0m▀[0m[38;2;189;109;101m[48;2;219;0;0m▀[0m[38;2;100;70;68m[48;2;219;0;0m▀[0m[38;2;219;0;0m[48;2;192;0;0m▀[0m[38;2;216;0;0m[48;2;219;0;0m▀[0m[38;2;219;0;0m[48;2;219;0;0m▀[0m[38;2;219;0;0m[48;2;219;0;0m▀[0m[38;2;213;0;0m[48;2;219;0;0m▀[0m[38;2;219;0;0m[48;2;219;0;0m▀[0m[38;2;174;0;0m[48;2;166;0;0m▀[0m[38;2;219;0;0m[48;2;219;0;0m▀[0m[38;2;184;0;0m[48;2;214;0;0m▀[0m[38;2;127;138;136m[48;2;104;98;95m▀[0m[38;2;219;219;219m[48;2;219;219;219m▀[0m[38;2;198;204;202m[48;2;200;207;205m▀[0m[38;2;200;202;200m[48;2;198;200;198m▀[0m[38;2;205;205;206m[48;2;200;202;202m▀[0m[38;2;196;199;199m[48;2;193;196;194m▀[0m[38;2;88;90;90m[48;2;97;100;99m▀[0m[38;2;219;219;219m[48;2;219;219;219m▀[0m[38;2;219;219;219m[48;2;219;219;219m▀[0m[38;2;219;219;219m[48;2;219;219;219m▀[0m[38;2;172;177;173m[48;2;64;64;64m▀[0m[38;2;30;34;34m[48;2;89;92;92m▀[0m[38;2;219;219;219m[48;2;219;219;219m▀[0m[38;2;102;104;102m[48;2;165;165;165m▀[0m
[38;2;9;11;11m[48;2;0;0;0m▀[0m[38;2;0;0;0m[48;2;93;97;99m▀[0m[38;2;0;0;0m[48;2;0;0;0m▀[0m[38;2;0;0;0m[48;2;0;0;0m▀[0m[38;2;28;30;30m[48;2;18;20;21m▀[0m[38;2;143;145;145m[48;2;147;149;149m▀[0m[38;2;159;162;162m[48;2;214;215;215m▀[0m[38;2;163;165;165m[48;2;210;212;212m▀[0m[38;2;219;219;219m[48;2;45;49;49m▀[0m[38;2;219;219;219m[48;2;43;49;49m▀[0m[38;2;210;213;212m[48;2;214;216;215m▀[0m[38;2;201;203;201m[48;2;219;219;219m▀[0m[38;2;203;202;200m[48;2;216;217;215m▀[0m[38;2;219;219;219m[48;2;139;137;140m▀[0m[38;2;219;219;219m[48;2;71;72;69m▀[0m[38;2;142;146;147m[48;2;116;122;118m▀[0m[38;2;69;71;71m[48;2;196;199;196m▀[0m[38;2;93;92;90m[48;2;219;219;219m▀[0m[38;2;174;178;174m[48;2;219;219;219m▀[0m[38;2;219;219;219m[48;2;163;166;166m▀[0m[38;2;218;217;217m[48;2;111;113;113m▀[0m[38;2;117;119;119m[48;2;122;125;125m▀[0m[38;2;0;0;0m[48;2;65;67;67m▀[0m[38;2;149;153;153m[48;2;0;0;0m▀[0m[38;2;219;219;219m[48;2;219;219;219m▀[0m[38;2;207;210;210m[48;2;219;219;219m▀[0m[38;2;219;219;219m[48;2;156;163;167m▀[0m[38;2;219;219;219m[48;2;184;208;208m▀[0m[38;2;143;123;120m[48;2;101;189;195m▀[0m[38;2;218;0;0m[48;2;111;0;0m▀[0m[38;2;73;48;47m[48;2;137;1;0m▀[0m[38;2;84;142;143m[48;2;0;8;12m▀[0m[38;2;0;0;0m[48;2;0;0;0m▀[0m[38;2;198;208;212m[48;2;211;219;219m▀[0m[38;2;219;219;219m[48;2;219;187;180m▀[0m[38;2;219;219;219m[48;2;219;219;219m▀[0m[38;2;216;168;164m[48;2;219;219;219m▀[0m[38;2;219;219;219m[48;2;219;219;219m▀[0m[38;2;63;117;119m[48;2;90;73;73m▀[0m[38;2;48;0;0m[48;2;30;0;0m▀[0m[38;2;96;0;0m[48;2;0;0;0m▀[0m[38;2;0;0;0m[48;2;0;0;0m▀[0m[38;2;0;0;0m[48;2;0;0;0m▀[0m[38;2;88;0;0m[48;2;0;0;0m▀[0m[38;2;41;0;0m[48;2;166;0;0m▀[0m[38;2;0;57;57m[48;2;219;0;0m▀[0m[38;2;30;73;71m[48;2;219;0;0m▀[0m[38;2;163;0;0m[48;2;219;0;0m▀[0m[38;2;219;0;0m[48;2;219;0;0m▀[0m[38;2;219;0;0m[48;2;219;0;0m▀[0m[38;2;187;0;0m[48;2;219;0;0m▀[0m[38;2;219;0;0m[48;2;219;0;0m▀[0m[38;2;219;0;0m[48;2;219;0;0m▀[0m[38;2;219;0;0m[48;2;219;0;0m▀[0m[38;2;219;0;0m[48;2;219;0;0m▀[0m[38;2;219;0;0m[48;2;219;0;0m▀[0m[38;2;219;0;0m[48;2;219;0;0m▀[0m[38;2;219;0;0m[48;2;219;0;0m▀[0m[38;2;219;0;0m[48;2;215;0;0m▀[0m[38;2;10;2;3m[48;2;216;0;0m▀[0m[38;2;219;0;0m[48;2;219;0;0m▀[0m[38;2;199;0;0m[48;2;61;0;0m▀[0m[38;2;82;113;112m[48;2;0;69;69m▀[0m[38;2;219;219;219m[48;2;147;163;159m▀[0m[38;2;206;213;213m[48;2;184;190;188m▀[0m[38;2;199;199;200m[48;2;210;210;211m▀[0m[38;2;205;206;203m[48;2;208;209;210m▀[0m[38;2;183;185;185m[48;2;177;181;178m▀[0m[38;2;104;110;106m[48;2;135;141;138m▀[0m[38;2;219;219;219m[48;2;219;219;219m▀[0m[38;2;219;219;219m[48;2;219;219;219m▀[0m[38;2;219;219;219m[48;2;157;157;157m▀[0m[38;2;0;0;0m[48;2;0;0;0m▀[0m[38;2;184;187;187m[48;2;219;219;219m▀[0m[38;2;219;219;219m[48;2;219;219;219m▀[0m[38;2;171;172;172m[48;2;119;121;121m▀[0m
[38;2;54;59;56m[48;2;31;31;31m▀[0m[38;2;39;45;44m[48;2;30;32;32m▀[0m[38;2;49;52;52m[48;2;18;21;21m▀[0m[38;2;211;216;215m[48;2;138;141;140m▀[0m[38;2;205;208;208m[48;2;71;73;73m▀[0m[38;2;219;219;219m[48;2;122;122;120m▀[0m[38;2;219;219;219m[48;2;175;176;173m▀[0m[38;2;190;192;192m[48;2;219;219;219m▀[0m[38;2;92;95;90m[48;2;219;219;219m▀[0m[38;2;217;219;219m[48;2;134;132;135m▀[0m[38;2;219;219;219m[48;2;68;67;66m▀[0m[38;2;125;126;123m[48;2;116;116;114m▀[0m[38;2;67;69;67m[48;2;201;202;201m▀[0m[38;2;117;120;119m[48;2;219;219;219m▀[0m[38;2;207;209;208m[48;2;36;39;38m▀[0m[38;2;164;167;166m[48;2;50;52;52m▀[0m[38;2;190;194;191m[48;2;204;207;202m▀[0m[38;2;198;202;204m[48;2;197;201;196m▀[0m[38;2;47;50;50m[48;2;162;161;161m▀[0m[38;2;74;78;80m[48;2;219;219;219m▀[0m[38;2;184;186;187m[48;2;217;219;219m▀[0m[38;2;46;46;47m[48;2;219;219;219m▀[0m[38;2;219;219;219m[48;2;219;219;219m▀[0m[38;2;109;112;112m[48;2;202;205;202m▀[0m[38;2;90;92;90m[48;2;39;43;40m▀[0m[38;2;219;219;219m[48;2;160;163;162m▀[0m[38;2;162;165;165m[48;2;219;219;219m▀[0m[38;2;86;117;119m[48;2;219;219;219m▀[0m[38;2;42;0;0m[48;2;217;219;219m▀[0m[38;2;153;0;0m[48;2;94;78;73m▀[0m[38;2;219;219;219m[48;2;219;219;219m▀[0m[38;2;0;0;1m[48;2;0;0;0m▀[0m[38;2;0;0;0m[48;2;0;0;0m▀[0m[38;2;192;55;48m[48;2;198;145;146m▀[0m[38;2;219;195;189m[48;2;219;219;219m▀[0m[38;2;219;219;219m[48;2;219;219;219m▀[0m[38;2;219;219;219m[48;2;219;219;219m▀[0m[38;2;219;219;219m[48;2;219;219;219m▀[0m[38;2;38;36;38m[48;2;70;85;86m▀[0m[38;2;73;0;0m[48;2;191;219;219m▀[0m[38;2;170;84;77m[48;2;219;219;219m▀[0m[38;2;219;219;219m[48;2;219;219;219m▀[0m[38;2;145;168;166m[48;2;80;41;37m▀[0m[38;2;73;0;0m[48;2;144;167;168m▀[0m[38;2;36;0;0m[48;2;0;19;20m▀[0m[38;2;35;0;0m[48;2;0;0;0m▀[0m[38;2;0;0;0m[48;2;12;0;0m▀[0m[38;2;147;0;0m[48;2;0;0;0m▀[0m[38;2;219;0;0m[48;2;0;0;0m▀[0m[38;2;219;0;0m[48;2;204;0;0m▀[0m[38;2;219;0;0m[48;2;219;0;0m▀[0m[38;2;219;0;0m[48;2;219;0;0m▀[0m[38;2;219;0;0m[48;2;219;0;0m▀[0m[38;2;165;0;0m[48;2;219;0;0m▀[0m[38;2;104;0;0m[48;2;219;0;0m▀[0m[38;2;133;0;0m[48;2;159;0;0m▀[0m[38;2;116;0;0m[48;2;122;0;0m▀[0m[38;2;178;0;0m[48;2;219;0;0m▀[0m[38;2;219;0;0m[48;2;177;0;0m▀[0m[38;2;219;0;0m[48;2;178;0;0m▀[0m[38;2;193;0;0m[48;2;126;0;0m▀[0m[38;2;0;0;0m[48;2;0;0;0m▀[0m[38;2;97;152;155m[48;2;171;200;202m▀[0m[38;2;165;177;173m[48;2;219;219;219m▀[0m[38;2;104;110;103m[48;2;208;212;209m▀[0m[38;2;216;218;216m[48;2;207;204;206m▀[0m[38;2;219;219;219m[48;2;134;135;135m▀[0m[38;2;155;157;157m[48;2;32;35;34m▀[0m[38;2;168;171;171m[48;2;219;219;219m▀[0m[38;2;219;219;219m[48;2;219;219;219m▀[0m[38;2;219;219;219m[48;2;219;219;219m▀[0m[38;2;0;0;0m[48;2;0;0;0m▀[0m[38;2;89;89;89m[48;2;52;55;55m▀[0m[38;2;204;206;207m[48;2;93;93;92m▀[0m[38;2;41;41;41m[48;2;196;198;196m▀[0m[38;2;98;101;98m[48;2;219;219;219m▀[0m
[38;2;79;83;83m[48;2;15;13;16m▀[0m[38;2;28;26;29m[48;2;0;0;0m▀[0m[38;2;73;74;74m[48;2;49;51;51m▀[0m[38;2;200;202;202m[48;2;162;164;165m▀[0m[38;2;164;166;168m[48;2;219;219;219m▀[0m[38;2;60;60;60m[48;2;69;72;69m▀[0m[38;2;219;219;219m[48;2;0;0;0m▀[0m[38;2;114;116;116m[48;2;0;0;0m▀[0m[38;2;30;30;30m[48;2;0;0;0m▀[0m[38;2;179;180;174m[48;2;40;40;40m▀[0m[38;2;219;219;219m[48;2;58;60;60m▀[0m[38;2;219;219;219m[48;2;150;148;152m▀[0m[38;2;219;219;219m[48;2;93;99;102m▀[0m[38;2;212;212;213m[48;2;164;166;166m▀[0m[38;2;174;177;176m[48;2;219;219;219m▀[0m[38;2;219;219;219m[48;2;196;196;194m▀[0m[38;2;205;207;208m[48;2;196;198;198m▀[0m[38;2;199;202;197m[48;2;194;196;194m▀[0m[38;2;213;212;213m[48;2;193;193;193m▀[0m[38;2;199;198;196m[48;2;196;196;193m▀[0m[38;2;201;202;199m[48;2;194;194;194m▀[0m[38;2;202;201;198m[48;2;193;196;196m▀[0m[38;2;207;206;206m[48;2;196;200;200m▀[0m[38;2;219;219;219m[48;2;214;214;211m▀[0m[38;2;119;119;117m[48;2;212;213;210m▀[0m[38;2;37;40;39m[48;2;43;43;43m▀[0m[38;2;219;219;219m[48;2;101;103;101m▀[0m[38;2;211;216;214m[48;2;219;219;219m▀[0m[38;2;219;219;219m[48;2;210;212;214m▀[0m[38;2;219;219;219m[48;2;219;219;219m▀[0m[38;2;217;219;219m[48;2;208;212;211m▀[0m[38;2;0;0;0m[48;2;0;0;0m▀[0m[38;2;0;0;0m[48;2;0;0;0m▀[0m[38;2;197;217;217m[48;2;178;181;181m▀[0m[38;2;219;219;219m[48;2;219;219;219m▀[0m[38;2;219;219;219m[48;2;219;219;219m▀[0m[38;2;219;219;219m[48;2;219;219;219m▀[0m[38;2;179;181;181m[48;2;184;188;189m▀[0m[38;2;0;0;0m[48;2;19;23;23m▀[0m[38;2;219;219;219m[48;2;67;70;65m▀[0m[38;2;219;219;219m[48;2;158;197;197m▀[0m[38;2;140;107;101m[48;2;109;0;0m▀[0m[38;2;55;40;36m[48;2;133;0;0m▀[0m[38;2;175;219;219m[48;2;219;219;219m▀[0m[38;2;159;170;171m[48;2;219;219;219m▀[0m[38;2;161;191;193m[48;2;207;215;216m▀[0m[38;2;0;0;0m[48;2;153;172;174m▀[0m[38;2;32;0;0m[48;2;0;0;0m▀[0m[38;2;0;0;0m[48;2;1;0;0m▀[0m[38;2;0;0;0m[48;2;0;0;0m▀[0m[38;2;81;0;0m[48;2;0;0;0m▀[0m[38;2;219;0;0m[48;2;171;0;0m▀[0m[38;2;177;0;0m[48;2;208;0;0m▀[0m[38;2;191;0;0m[48;2;203;0;0m▀[0m[38;2;219;0;0m[48;2;219;0;0m▀[0m[38;2;219;0;0m[48;2;219;0;0m▀[0m[38;2;219;0;0m[48;2;219;0;0m▀[0m[38;2;219;0;0m[48;2;219;0;0m▀[0m[38;2;147;0;0m[48;2;82;0;0m▀[0m[38;2;88;0;0m[48;2;0;0;0m▀[0m[38;2;0;0;0m[48;2;0;0;0m▀[0m[38;2;0;0;0m[48;2;135;149;150m▀[0m[38;2;219;219;219m[48;2;219;219;219m▀[0m[38;2;219;219;219m[48;2;81;85;84m▀[0m[38;2;153;155;155m[48;2;128;130;127m▀[0m[38;2;92;95;92m[48;2;185;191;187m▀[0m[38;2;153;159;155m[48;2;110;116;114m▀[0m[38;2;96;102;100m[48;2;145;147;147m▀[0m[38;2;219;219;219m[48;2;85;90;91m▀[0m[38;2;219;219;219m[48;2;131;138;135m▀[0m[38;2;113;112;112m[48;2;0;0;0m▀[0m[38;2;0;0;0m[48;2;25;29;29m▀[0m[38;2;167;172;170m[48;2;219;219;219m▀[0m[38;2;219;219;219m[48;2;205;208;207m▀[0m[38;2;216;219;219m[48;2;200;202;200m▀[0m[38;2;198;198;196m[48;2;195;196;197m▀[0m
[38;2;9;8;8m[48;2;0;0;0m▀[0m[38;2;5;6;5m[48;2;67;67;65m▀[0m[38;2;0;0;0m[48;2;38;41;41m▀[0m[38;2;0;0;0m[48;2;219;219;219m▀[0m[38;2;9;11;11m[48;2;196;199;199m▀[0m[38;2;0;0;0m[48;2;68;71;71m▀[0m[38;2;0;0;0m[48;2;145;147;147m▀[0m[38;2;0;0;0m[48;2;79;83;83m▀[0m[38;2;0;0;0m[48;2;43;43;45m▀[0m[38;2;0;0;0m[48;2;205;207;207m▀[0m[38;2;51;52;49m[48;2;219;219;219m▀[0m[38;2;157;159;159m[48;2;219;219;219m▀[0m[38;2;108;110;110m[48;2;219;219;219m▀[0m[38;2;205;207;207m[48;2;219;219;219m▀[0m[38;2;204;204;202m[48;2;199;201;202m▀[0m[38;2;208;208;206m[48;2;172;172;169m▀[0m[38;2;200;200;200m[48;2;194;194;194m▀[0m[38;2;196;197;192m[48;2;197;199;200m▀[0m[38;2;194;194;192m[48;2;193;193;193m▀[0m[38;2;193;195;195m[48;2;192;194;192m▀[0m[38;2;193;195;195m[48;2;191;194;193m▀[0m[38;2;193;195;196m[48;2;193;195;193m▀[0m[38;2;195;196;196m[48;2;194;196;194m▀[0m[38;2;201;200;198m[48;2;198;201;201m▀[0m[38;2;219;219;219m[48;2;208;208;206m▀[0m[38;2;161;163;164m[48;2;219;219;219m▀[0m[38;2;6;8;6m[48;2;103;104;104m▀[0m[38;2;182;184;184m[48;2;36;36;36m▀[0m[38;2;219;219;219m[48;2;139;141;141m▀[0m[38;2;219;219;219m[48;2;52;53;50m▀[0m[38;2;103;108;110m[48;2;48;50;50m▀[0m[38;2;0;0;0m[48;2;0;0;0m▀[0m[38;2;0;0;0m[48;2;0;0;0m▀[0m[38;2;165;165;165m[48;2;154;154;154m▀[0m[38;2;219;219;219m[48;2;219;219;219m▀[0m[38;2;219;219;219m[48;2;219;219;219m▀[0m[38;2;219;219;219m[48;2;219;219;219m▀[0m[38;2;219;219;219m[48;2;219;219;219m▀[0m[38;2;219;219;219m[48;2;219;219;219m▀[0m[38;2;219;219;219m[48;2;219;219;219m▀[0m[38;2;161;175;175m[48;2;219;219;219m▀[0m[38;2;53;76;77m[48;2;219;219;219m▀[0m[38;2;110;0;0m[48;2;185;219;219m▀[0m[38;2;98;0;0m[48;2;86;86;87m▀[0m[38;2;33;24;21m[48;2;80;92;90m▀[0m[38;2;212;219;219m[48;2;140;149;146m▀[0m[38;2;219;219;219m[48;2;158;160;161m▀[0m[38;2;155;169;166m[48;2;219;219;219m▀[0m[38;2;0;0;0m[48;2;158;165;167m▀[0m[38;2;0;0;0m[48;2;0;0;0m▀[0m[38;2;0;0;0m[48;2;0;0;0m▀[0m[38;2;0;0;0m[48;2;0;0;0m▀[0m[38;2;92;0;0m[48;2;0;0;0m▀[0m[38;2;196;0;0m[48;2;0;0;0m▀[0m[38;2;219;0;0m[48;2;0;0;0m▀[0m[38;2;208;0;0m[48;2;0;0;0m▀[0m[38;2;116;0;0m[48;2;0;0;0m▀[0m[38;2;30;0;0m[48;2;0;0;0m▀[0m[38;2;0;0;0m[48;2;0;0;0m▀[0m[38;2;0;0;0m[48;2;0;0;0m▀[0m[38;2;22;36;36m[48;2;111;115;111m▀[0m[38;2;144;151;150m[48;2;205;208;207m▀[0m[38;2;110;111;110m[48;2;219;219;219m▀[0m[38;2;211;208;209m[48;2;219;219;219m▀[0m[38;2;207;208;208m[48;2;109;111;112m▀[0m[38;2;106;106;110m[48;2;219;219;219m▀[0m[38;2;219;219;219m[48;2;219;219;219m▀[0m[38;2;186;187;184m[48;2;219;219;219m▀[0m[38;2;168;172;169m[48;2;219;219;219m▀[0m[38;2;184;190;186m[48;2;219;219;219m▀[0m[38;2;0;0;0m[48;2;0;0;0m▀[0m[38;2;151;153;153m[48;2;208;208;203m▀[0m[38;2;219;219;219m[48;2;219;219;219m▀[0m[38;2;202;202;203m[48;2;201;202;201m▀[0m[38;2;196;199;196m[48;2;196;197;194m▀[0m[38;2;193;195;195m[48;2;193;195;193m▀[0m
[38;2;0;0;0m[48;2;0;0;0m▀[0m[38;2;0;0;0m[48;2;0;0;0m▀[0m[38;2;146;153;153m[48;2;52;55;56m▀[0m[38;2;114;119;119m[48;2;0;0;0m▀[0m[38;2;30;33;32m[48;2;0;0;0m▀[0m[38;2;5;7;6m[48;2;131;135;134m▀[0m[38;2;153;159;158m[48;2;219;219;219m▀[0m[38;2;219;219;219m[48;2;91;92;94m▀[0m[38;2;153;156;155m[48;2;195;198;199m▀[0m[38;2;219;219;219m[48;2;219;219;219m▀[0m[38;2;197;197;199m[48;2;122;126;130m▀[0m[38;2;204;206;208m[48;2;198;202;204m▀[0m[38;2;167;169;169m[48;2;159;160;159m▀[0m[38;2;159;160;158m[48;2;145;144;144m▀[0m[38;2;123;125;123m[48;2;219;219;219m▀[0m[38;2;130;131;129m[48;2;219;219;219m▀[0m[38;2;192;195;192m[48;2;219;219;219m▀[0m[38;2;200;202;200m[48;2;219;219;219m▀[0m[38;2;200;199;199m[48;2;204;208;205m▀[0m[38;2;195;197;195m[48;2;215;218;215m▀[0m[38;2;196;199;196m[48;2;209;208;207m▀[0m[38;2;198;199;196m[48;2;219;219;219m▀[0m[38;2;196;197;195m[48;2;219;219;219m▀[0m[38;2;211;213;213m[48;2;198;196;199m▀[0m[38;2;219;219;219m[48;2;84;87;87m▀[0m[38;2;219;219;219m[48;2;88;90;90m▀[0m[38;2;80;84;83m[48;2;54;57;56m▀[0m[38;2;0;0;0m[48;2;145;146;141m▀[0m[38;2;64;63;61m[48;2;219;219;219m▀[0m[38;2;184;186;184m[48;2;219;219;219m▀[0m[38;2;113;116;117m[48;2;125;128;129m▀[0m[38;2;0;0;0m[48;2;0;0;0m▀[0m[38;2;0;0;0m[48;2;0;0;0m▀[0m[38;2;179;179;179m[48;2;130;133;130m▀[0m[38;2;219;219;219m[48;2;219;219;219m▀[0m[38;2;219;219;219m[48;2;219;219;219m▀[0m[38;2;219;219;219m[48;2;219;219;219m▀[0m[38;2;219;219;219m[48;2;219;219;219m▀[0m[38;2;219;219;219m[48;2;219;219;219m▀[0m[38;2;219;219;219m[48;2;219;219;219m▀[0m[38;2;219;219;219m[48;2;219;219;219m▀[0m[38;2;219;219;219m[48;2;219;219;219m▀[0m[38;2;219;219;219m[48;2;219;219;219m▀[0m[38;2;219;219;219m[48;2;219;219;219m▀[0m[38;2;219;219;219m[48;2;219;219;219m▀[0m[38;2;178;184;183m[48;2;219;219;219m▀[0m[38;2;151;151;152m[48;2;219;219;219m▀[0m[38;2;127;130;130m[48;2;219;219;219m▀[0m[38;2;150;153;153m[48;2;219;219;219m▀[0m[38;2;104;111;110m[48;2;219;219;219m▀[0m[38;2;0;8;8m[48;2;219;219;219m▀[0m[38;2;0;0;0m[48;2;216;219;219m▀[0m[38;2;0;0;0m[48;2;144;160;160m▀[0m[38;2;12;15;14m[48;2;219;219;219m▀[0m[38;2;46;68;69m[48;2;219;219;219m▀[0m[38;2;6;29;27m[48;2;219;219;219m▀[0m[38;2;0;0;0m[48;2;219;219;219m▀[0m[38;2;73;90;91m[48;2;191;196;197m▀[0m[38;2;198;212;211m[48;2;168;172;169m▀[0m[38;2;219;219;219m[48;2;219;219;219m▀[0m[38;2;146;146;146m[48;2;219;219;219m▀[0m[38;2;185;187;188m[48;2;98;101;101m▀[0m[38;2;219;219;219m[48;2;198;201;201m▀[0m[38;2;167;169;167m[48;2;179;181;181m▀[0m[38;2;178;178;181m[48;2;175;177;177m▀[0m[38;2;149;153;153m[48;2;48;51;49m▀[0m[38;2;104;110;110m[48;2;71;71;71m▀[0m[38;2;88;92;92m[48;2;219;218;218m▀[0m[38;2;172;173;173m[48;2;116;116;114m▀[0m[38;2;219;219;219m[48;2;0;0;0m▀[0m[38;2;0;0;0m[48;2;14;16;18m▀[0m[38;2;219;219;219m[48;2;219;219;219m▀[0m[38;2;208;210;209m[48;2;200;202;200m▀[0m[38;2;198;200;198m[48;2;198;200;200m▀[0m[38;2;197;196;196m[48;2;201;203;203m▀[0m[38;2;194;196;196m[48;2;219;219;219m▀[0m
[38;2;17;18;18m[48;2;98;100;100m▀[0m[38;2;9;11;11m[48;2;24;24;28m▀[0m[38;2;16;18;18m[48;2;0;0;0m▀[0m[38;2;0;0;0m[48;2;0;0;0m▀[0m[38;2;0;0;0m[48;2;38;40;40m▀[0m[38;2;39;41;41m[48;2;81;85;85m▀[0m[38;2;111;113;113m[48;2;0;0;0m▀[0m[38;2;0;0;0m[48;2;0;0;0m▀[0m[38;2;0;0;0m[48;2;0;0;0m▀[0m[38;2;0;0;0m[48;2;0;0;0m▀[0m[38;2;0;0;0m[48;2;0;0;0m▀[0m[38;2;155;157;158m[48;2;124;128;127m▀[0m[38;2;219;219;219m[48;2;55;57;57m▀[0m[38;2;91;90;90m[48;2;42;42;42m▀[0m[38;2;179;182;182m[48;2;136;138;138m▀[0m[38;2;154;157;157m[48;2;0;0;0m▀[0m[38;2;14;14;15m[48;2;0;0;0m▀[0m[38;2;125;127;127m[48;2;166;168;170m▀[0m[38;2;219;219;219m[48;2;219;219;219m▀[0m[38;2;178;181;178m[48;2;0;0;0m▀[0m[38;2;219;219;219m[48;2;30;32;32m▀[0m[38;2;190;192;192m[48;2;155;158;155m▀[0m[38;2;135;137;135m[48;2;116;115;116m▀[0m[38;2;0;0;0m[48;2;40;40;41m▀[0m[38;2;127;129;129m[48;2;219;219;219m▀[0m[38;2;196;198;198m[48;2;207;208;208m▀[0m[38;2;193;192;190m[48;2;209;209;209m▀[0m[38;2;210;209;207m[48;2;208;209;207m▀[0m[38;2;215;217;215m[48;2;208;208;206m▀[0m[38;2;219;219;219m[48;2;219;219;219m▀[0m[38;2;112;115;115m[48;2;94;96;96m▀[0m[38;2;0;0;0m[48;2;0;0;0m▀[0m[38;2;0;0;0m[48;2;0;0;0m▀[0m[38;2;0;0;0m[48;2;0;0;0m▀[0m[38;2;0;0;0m[48;2;0;0;0m▀[0m[38;2;19;18;20m[48;2;0;0;0m▀[0m[38;2;69;71;71m[48;2;0;0;0m▀[0m[38;2;153;159;159m[48;2;0;0;0m▀[0m[38;2;219;219;219m[48;2;0;0;0m▀[0m[38;2;219;219;219m[48;2;0;0;0m▀[0m[38;2;219;219;219m[48;2;23;23;24m▀[0m[38;2;219;219;219m[48;2;54;55;55m▀[0m[38;2;219;219;219m[48;2;74;76;76m▀[0m[38;2;219;219;219m[48;2;76;79;79m▀[0m[38;2;219;219;219m[48;2;73;73;73m▀[0m[38;2;219;219;219m[48;2;73;74;74m▀[0m[38;2;219;219;219m[48;2;76;76;78m▀[0m[38;2;219;219;219m[48;2;85;86;86m▀[0m[38;2;219;219;219m[48;2;102;104;104m▀[0m[38;2;219;219;219m[48;2;135;137;137m▀[0m[38;2;219;219;219m[48;2;186;184;187m▀[0m[38;2;219;219;219m[48;2;207;208;208m▀[0m[38;2;219;219;219m[48;2;219;219;219m▀[0m[38;2;215;216;216m[48;2;219;219;219m▀[0m[38;2;198;201;201m[48;2;219;219;219m▀[0m[38;2;219;219;219m[48;2;219;219;219m▀[0m[38;2;219;219;219m[48;2;65;67;68m▀[0m[38;2;112;112;112m[48;2;62;64;65m▀[0m[38;2;217;216;216m[48;2;97;97;94m▀[0m[38;2;158;155;158m[48;2;73;73;73m▀[0m[38;2;213;212;213m[48;2;108;110;110m▀[0m[38;2;210;210;208m[48;2;219;219;219m▀[0m[38;2;143;146;143m[48;2;219;219;219m▀[0m[38;2;147;149;149m[48;2;116;117;117m▀[0m[38;2;190;191;191m[48;2;26;28;30m▀[0m[38;2;219;219;219m[48;2;219;219;219m▀[0m[38;2;219;219;219m[48;2;217;219;219m▀[0m[38;2;219;219;219m[48;2;140;146;146m▀[0m[38;2;219;219;219m[48;2;141;144;144m▀[0m[38;2;0;0;0m[48;2;0;0;0m▀[0m[38;2;95;96;93m[48;2;171;172;172m▀[0m[38;2;219;219;219m[48;2;219;219;219m▀[0m[38;2;202;202;202m[48;2;200;202;200m▀[0m[38;2;204;202;206m[48;2;219;219;219m▀[0m[38;2;212;214;214m[48;2;84;86;86m▀[0m[38;2;123;125;125m[48;2;0;0;0m▀[0m
[38;2;77;79;79m[48;2;43;45;45m▀[0m[38;2;0;0;0m[48;2;0;0;0m▀[0m[38;2;0;0;0m[48;2;144;146;147m▀[0m[38;2;0;0;0m[48;2;219;219;219m▀[0m[38;2;102;104;104m[48;2;18;17;17m▀[0m[38;2;0;0;0m[48;2;0;0;0m▀[0m[38;2;0;0;0m[48;2;98;103;98m▀[0m[38;2;0;0;0m[48;2;201;202;199m▀[0m[38;2;0;0;0m[48;2;9;9;9m▀[0m[38;2;0;0;0m[48;2;0;0;0m▀[0m[38;2;73;76;75m[48;2;111;115;112m▀[0m[38;2;219;219;219m[48;2;184;186;187m▀[0m[38;2;219;219;219m[48;2;199;201;199m▀[0m[38;2;219;219;219m[48;2;178;178;178m▀[0m[38;2;207;208;207m[48;2;219;219;219m▀[0m[38;2;67;69;69m[48;2;102;104;104m▀[0m[38;2;219;219;219m[48;2;48;49;49m▀[0m[38;2;213;216;216m[48;2;156;157;154m▀[0m[38;2;131;130;128m[48;2;202;204;202m▀[0m[38;2;127;128;125m[48;2;219;219;219m▀[0m[38;2;203;206;203m[48;2;219;219;219m▀[0m[38;2;219;219;219m[48;2;59;62;61m▀[0m[38;2;0;0;0m[48;2;0;0;0m▀[0m[38;2;161;163;163m[48;2;219;219;219m▀[0m[38;2;219;219;219m[48;2;207;208;207m▀[0m[38;2;203;202;202m[48;2;201;202;202m▀[0m[38;2;193;195;195m[48;2;193;195;195m▀[0m[38;2;196;198;198m[48;2;198;197;197m▀[0m[38;2;201;199;202m[48;2;205;203;206m▀[0m[38;2;219;219;219m[48;2;219;219;219m▀[0m[38;2;61;67;67m[48;2;219;219;219m▀[0m[38;2;0;0;0m[48;2;58;58;59m▀[0m[38;2;0;0;0m[48;2;0;0;0m▀[0m[38;2;0;0;0m[48;2;0;0;0m▀[0m[38;2;0;0;0m[48;2;0;0;0m▀[0m[38;2;0;0;0m[48;2;0;0;0m▀[0m[38;2;0;0;0m[48;2;0;0;0m▀[0m[38;2;0;0;0m[48;2;0;0;0m▀[0m[38;2;0;0;0m[48;2;0;0;0m▀[0m[38;2;0;0;0m[48;2;16;19;19m▀[0m[38;2;0;0;0m[48;2;30;30;30m▀[0m[38;2;0;0;0m[48;2;38;40;38m▀[0m[38;2;0;0;0m[48;2;74;76;74m▀[0m[38;2;0;0;0m[48;2;115;116;115m▀[0m[38;2;0;0;0m[48;2;12;13;13m▀[0m[38;2;0;0;0m[48;2;28;30;30m▀[0m[38;2;0;0;0m[48;2;200;206;206m▀[0m[38;2;0;0;0m[48;2;138;143;143m▀[0m[38;2;0;0;0m[48;2;54;56;54m▀[0m[38;2;0;0;0m[48;2;129;131;131m▀[0m[38;2;0;0;0m[48;2;105;111;107m▀[0m[38;2;0;0;0m[48;2;0;0;0m▀[0m[38;2;0;0;0m[48;2;0;0;0m▀[0m[38;2;196;199;199m[48;2;0;0;0m▀[0m[38;2;219;219;219m[48;2;184;186;184m▀[0m[38;2;213;212;212m[48;2;193;195;195m▀[0m[38;2;135;135;133m[48;2;83;86;83m▀[0m[38;2;219;219;219m[48;2;191;190;191m▀[0m[38;2;202;201;198m[48;2;219;219;219m▀[0m[38;2;96;98;98m[48;2;0;0;0m▀[0m[38;2;190;189;190m[48;2;0;0;0m▀[0m[38;2;219;219;219m[48;2;218;218;215m▀[0m[38;2;219;219;219m[48;2;219;219;219m▀[0m[38;2;73;76;76m[48;2;76;78;78m▀[0m[38;2;0;0;0m[48;2;0;0;0m▀[0m[38;2;0;0;0m[48;2;0;0;0m▀[0m[38;2;0;0;0m[48;2;0;0;0m▀[0m[38;2;0;0;0m[48;2;0;0;0m▀[0m[38;2;0;0;0m[48;2;30;32;32m▀[0m[38;2;0;0;0m[48;2;55;55;52m▀[0m[38;2;219;219;219m[48;2;120;121;118m▀[0m[38;2;219;219;219m[48;2;219;219;219m▀[0m[38;2;208;210;210m[48;2;219;219;219m▀[0m[38;2;219;219;219m[48;2;135;136;134m▀[0m[38;2;190;192;194m[48;2;134;135;134m▀[0m[38;2;172;176;176m[48;2;163;161;164m▀[0m
