[38;2;32;56;68m[48;2;33;53;58m▀[0m[38;2;37;64;78m[48;2;34;54;63m▀[0m[38;2;8;17;20m[48;2;24;36;44m▀[0m[38;2;35;59;66m[48;2;23;44;49m▀[0m[38;2;32;53;61m[48;2;41;67;81m▀[0m[38;2;31;50;59m[48;2;38;63;73m▀[0m[38;2;47;79;92m[48;2;26;44;51m▀[0m[38;2;0;0;0m[48;2;23;31;34m▀[0m[38;2;2;5;5m[48;2;6;8;10m▀[0m[38;2;37;66;78m[48;2;22;38;44m▀[0m[38;2;29;48;56m[48;2;33;58;68m▀[0m[38;2;39;68;76m[48;2;40;64;75m▀[0m[38;2;35;62;71m[48;2;41;64;70m▀[0m[38;2;35;62;71m[48;2;38;62;71m▀[0m[38;2;34;61;68m[48;2;37;61;68m▀[0m[38;2;47;77;91m[48;2;48;80;92m▀[0m[38;2;25;43;50m[48;2;25;46;54m▀[0m[38;2;0;0;0m[48;2;0;0;0m▀[0m[38;2;23;37;42m[48;2;18;32;35m▀[0m[38;2;34;53;63m[48;2;28;46;50m▀[0m[38;2;8;12;15m[48;2;12;23;26m▀[0m[38;2;18;32;37m[48;2;32;52;63m▀[0m[38;2;15;26;30m[48;2;22;38;43m▀[0m[38;2;0;0;0m[48;2;0;0;0m▀[0m[38;2;17;24;28m[48;2;0;0;0m▀[0m[38;2;28;52;60m[48;2;44;77;89m▀[0m[38;2;45;75;85m[48;2;37;64;74m▀[0m[38;2;7;10;12m[48;2;50;78;92m▀[0m[38;2;0;0;0m[48;2;0;0;0m▀[0m[38;2;0;0;0m[48;2;0;0;0m▀[0m[38;2;24;41;47m[48;2;18;32;36m▀[0m[38;2;56;89;100m[48;2;41;63;73m▀[0m[38;2;48;77;86m[48;2;53;80;94m▀[0m[38;2;45;72;82m[48;2;47;75;89m▀[0m[38;2;36;59;66m[48;2;45;72;82m▀[0m[38;2;27;50;58m[48;2;44;71;82m▀[0m[38;2;28;46;54m[48;2;26;37;44m▀[0m[38;2;14;23;27m[48;2;13;22;26m▀[0m[38;2;13;21;28m[48;2;17;28;34m▀[0m[38;2;22;39;44m[48;2;51;84;97m▀[0m[38;2;43;76;88m[48;2;47;77;87m▀[0m[38;2;43;67;75m[48;2;43;69;76m▀[0m[38;2;44;70;84m[48;2;47;76;86m▀[0m[38;2;48;85;97m[48;2;36;64;74m▀[0m[38;2;37;62;72m[48;2;16;30;34m▀[0m[38;2;17;31;34m[48;2;10;21;24m▀[0m[38;2;4;10;11m[48;2;0;0;0m▀[0m[38;2;0;0;0m[48;2;0;0;0m▀[0m[38;2;18;32;33m[48;2;45;79;91m▀[0m[38;2;56;100;117m[48;2;27;51;58m▀[0m[38;2;13;19;24m[48;2;13;24;27m▀[0m[38;2;8;14;18m[48;2;16;28;32m▀[0m[38;2;8;15;19m[48;2;0;0;0m▀[0m[38;2;0;0;0m[48;2;0;0;0m▀[0m[38;2;22;43;51m[48;2;29;50;58m▀[0m[38;2;28;51;59m[48;2;48;76;91m▀[0m[38;2;55;90;104m[48;2;56;91;105m▀[0m[38;2;16;28;35m[48;2;8;17;20m▀[0m[38;2;0;0;0m[48;2;0;0;0m▀[0m[38;2;31;55;63m[48;2;32;52;63m▀[0m[38;2;45;77;90m[48;2;49;76;92m▀[0m[38;2;38;64;74m[48;2;41;65;75m▀[0m[38;2;34;67;78m[48;2;47;74;88m▀[0m[38;2;48;82;95m[48;2;41;64;76m▀[0m[38;2;0;2;3m[48;2;0;0;0m▀[0m[38;2;18;29;34m[48;2;30;48;56m▀[0m[38;2;47;81;93m[48;2;47;76;85m▀[0m[38;2;33;60;67m[48;2;49;81;91m▀[0m[38;2;0;2;6m[48;2;4;8;9m▀[0m[38;2;45;75;88m[48;2;31;52;59m▀[0m[38;2;41;68;78m[48;2;48;78;88m▀[0m[38;2;42;72;81m[48;2;39;66;76m▀[0m[38;2;32;54;64m[48;2;31;52;61m▀[0m[38;2;25;39;49m[48;2;12;24;31m▀[0m[38;2;27;46;54m[48;2;30;52;61m▀[0m[38;2;44;76;86m[48;2;39;67;75m▀[0m
[38;2;41;64;71m[48;2;30;48;52m▀[0m[38;2;48;75;86m[48;2;35;64;68m▀[0m[38;2;39;71;80m[48;2;41;71;83m▀[0m[38;2;31;53;61m[48;2;44;71;82m▀[0m[38;2;31;53;61m[48;2;31;59;66m▀[0m[38;2;37;64;71m[48;2;0;7;6m▀[0m[38;2;6;9;10m[48;2;5;9;10m▀[0m[38;2;47;76;86m[48;2;62;102;117m▀[0m[38;2;11;18;21m[48;2;22;32;35m▀[0m[38;2;0;0;0m[48;2;0;0;0m▀[0m[38;2;41;65;77m[48;2;28;47;58m▀[0m[38;2;39;61;72m[48;2;43;67;79m▀[0m[38;2;43;66;74m[48;2;44;71;82m▀[0m[38;2;39;63;70m[48;2;40;63;73m▀[0m[38;2;41;64;74m[48;2;43;65;76m▀[0m[38;2;51;84;93m[48;2;53;88;95m▀[0m[38;2;22;39;44m[48;2;19;35;39m▀[0m[38;2;0;0;0m[48;2;0;0;0m▀[0m[38;2;18;32;35m[48;2;21;35;40m▀[0m[38;2;31;50;55m[48;2;39;65;72m▀[0m[38;2;14;20;25m[48;2;23;33;40m▀[0m[38;2;47;70;80m[48;2;45;72;82m▀[0m[38;2;35;55;63m[48;2;54;84;92m▀[0m[38;2;0;0;0m[48;2;3;2;3m▀[0m[38;2;8;11;12m[48;2;8;10;11m▀[0m[38;2;33;55;63m[48;2;46;69;80m▀[0m[38;2;44;68;80m[48;2;54;84;97m▀[0m[38;2;35;57;65m[48;2;17;29;34m▀[0m[38;2;37;59;67m[48;2;44;73;82m▀[0m[38;2;0;0;0m[48;2;0;4;3m▀[0m[38;2;0;0;0m[48;2;0;0;0m▀[0m[38;2;12;19;22m[48;2;0;0;0m▀[0m[38;2;40;62;73m[48;2;5;9;10m▀[0m[38;2;55;85;97m[48;2;20;29;32m▀[0m[38;2;56;90;101m[48;2;28;40;48m▀[0m[38;2;58;91;106m[48;2;6;13;18m▀[0m[38;2;17;24;32m[48;2;0;0;0m▀[0m[38;2;7;14;18m[48;2;10;18;22m▀[0m[38;2;23;40;48m[48;2;7;12;17m▀[0m[38;2;31;49;59m[48;2;0;0;0m▀[0m[38;2;49;78;88m[48;2;14;21;29m▀[0m[38;2;50;83;92m[48;2;34;62;72m▀[0m[38;2;44;78;87m[48;2;24;43;47m▀[0m[38;2;16;30;33m[48;2;17;33;37m▀[0m[38;2;13;25;31m[48;2;0;0;0m▀[0m[38;2;0;0;0m[48;2;0;0;0m▀[0m[38;2;0;0;0m[48;2;15;26;30m▀[0m[38;2;30;49;60m[48;2;60;97;111m▀[0m[38;2;55;96;106m[48;2;48;80;92m▀[0m[38;2;31;54;64m[48;2;39;62;73m▀[0m[38;2;31;48;56m[48;2;52;81;91m▀[0m[38;2;0;0;0m[48;2;0;0;0m▀[0m[38;2;1;4;5m[48;2;33;60;66m▀[0m[38;2;16;30;33m[48;2;22;36;34m▀[0m[38;2;32;50;58m[48;2;31;48;54m▀[0m[38;2;54;88;98m[48;2;54;88;98m▀[0m[38;2;50;84;95m[48;2;46;73;83m▀[0m[38;2;4;12;14m[48;2;6;10;14m▀[0m[38;2;0;0;0m[48;2;5;7;9m▀[0m[38;2;29;47;54m[48;2;30;47;55m▀[0m[38;2;52;82;92m[48;2;49;79;92m▀[0m[38;2;43;66;73m[48;2;44;72;77m▀[0m[38;2;54;87;97m[48;2;55;87;97m▀[0m[38;2;16;27;31m[48;2;0;0;0m▀[0m[38;2;0;0;0m[48;2;0;4;4m▀[0m[38;2;36;64;72m[48;2;39;65;73m▀[0m[38;2;48;71;83m[48;2;47;73;81m▀[0m[38;2;49;81;89m[48;2;43;69;77m▀[0m[38;2;26;43;48m[48;2;47;79;91m▀[0m[38;2;0;6;5m[48;2;0;0;0m▀[0m[38;2;35;57;64m[48;2;1;9;12m▀[0m[38;2;36;64;74m[48;2;45;79;95m▀[0m[38;2;22;39;45m[48;2;28;49;60m▀[0m[38;2;23;44;53m[48;2;39;65;75m▀[0m[38;2;33;63;71m[48;2;42;71;80m▀[0m[38;2;15;32;38m[48;2;27;46;53m▀[0m
[38;2;34;56;64m[48;2;21;38;46m▀[0m[38;2;34;51;57m[48;2;49;79;92m▀[0m[38;2;30;47;56m[48;2;47;74;86m▀[0m[38;2;34;62;71m[48;2;39;65;76m▀[0m[38;2;44;76;86m[48;2;49;87;98m▀[0m[38;2;0;0;0m[48;2;0;5;3m▀[0m[38;2;27;44;50m[48;2;30;52;59m▀[0m[38;2;61;97;113m[48;2;60;93;108m▀[0m[38;2;31;50;54m[48;2;33;60;67m▀[0m[38;2;0;0;0m[48;2;0;0;0m▀[0m[38;2;3;9;9m[48;2;0;0;0m▀[0m[38;2;48;80;93m[48;2;39;63;73m▀[0m[38;2;47;73;85m[48;2;52;81;91m▀[0m[38;2;39;66;76m[48;2;38;67;76m▀[0m[38;2;38;67;77m[48;2;44;67;75m▀[0m[38;2;52;87;98m[48;2;53;88;98m▀[0m[38;2;20;39;39m[48;2;21;33;40m▀[0m[38;2;0;0;0m[48;2;0;0;0m▀[0m[38;2;33;51;61m[48;2;42;68;80m▀[0m[38;2;30;48;58m[48;2;31;48;56m▀[0m[38;2;55;88;98m[48;2;42;66;72m▀[0m[38;2;50;77;89m[48;2;52;85;97m▀[0m[38;2;54;91;101m[48;2;46;80;88m▀[0m[38;2;0;0;0m[48;2;0;0;0m▀[0m[38;2;0;0;0m[48;2;0;0;0m▀[0m[38;2;33;52;60m[48;2;9;16;16m▀[0m[38;2;62;95;108m[48;2;54;84;93m▀[0m[38;2;39;62;69m[48;2;56;85;97m▀[0m[38;2;32;46;57m[48;2;53;76;89m▀[0m[38;2;44;70;80m[48;2;56;84;98m▀[0m[38;2;27;50;60m[48;2;58;90;99m▀[0m[38;2;21;40;51m[48;2;52;85;96m▀[0m[38;2;0;0;0m[48;2;42;66;77m▀[0m[38;2;12;21;25m[48;2;47;74;86m▀[0m[38;2;27;45;53m[48;2;56;83;97m▀[0m[38;2;36;64;73m[48;2;49;81;90m▀[0m[38;2;50;82;94m[48;2;51;81;89m▀[0m[38;2;29;48;57m[48;2;32;53;62m▀[0m[38;2;8;16;20m[48;2;32;52;61m▀[0m[38;2;25;41;46m[48;2;60;94;104m▀[0m[38;2;41;70;80m[48;2;51;80;92m▀[0m[38;2;32;48;56m[48;2;55;79;93m▀[0m[38;2;30;46;54m[48;2;54;83;93m▀[0m[38;2;32;51;58m[48;2;57;91;98m▀[0m[38;2;26;36;44m[48;2;39;63;72m▀[0m[38;2;14;25;29m[48;2;18;32;37m▀[0m[38;2;34;61;68m[48;2;50;80;93m▀[0m[38;2;57;90;102m[48;2;49;81;91m▀[0m[38;2;45;67;79m[48;2;38;58;66m▀[0m[38;2;56;83;95m[48;2;0;0;0m▀[0m[38;2;0;0;0m[48;2;0;0;0m▀[0m[38;2;0;0;0m[48;2;0;0;0m▀[0m[38;2;35;64;69m[48;2;30;47;56m▀[0m[38;2;21;34;35m[48;2;23;36;40m▀[0m[38;2;32;51;58m[48;2;31;52;57m▀[0m[38;2;57;92;102m[48;2;56;88;101m▀[0m[38;2;34;58;65m[48;2;38;62;72m▀[0m[38;2;6;18;21m[48;2;21;34;39m▀[0m[38;2;10;17;21m[48;2;12;19;23m▀[0m[38;2;31;48;56m[48;2;30;49;56m▀[0m[38;2;53;80;94m[48;2;52;85;96m▀[0m[38;2;51;81;91m[48;2;53;83;93m▀[0m[38;2;42;65;75m[48;2;26;40;46m▀[0m[38;2;0;0;0m[48;2;0;0;0m▀[0m[38;2;27;37;44m[48;2;36;59;67m▀[0m[38;2;42;64;73m[48;2;41;64;71m▀[0m[38;2;46;72;83m[48;2;46;74;82m▀[0m[38;2;41;68;79m[48;2;39;66;77m▀[0m[38;2;51;83;93m[48;2;49;79;89m▀[0m[38;2;22;36;38m[48;2;34;58;65m▀[0m[38;2;0;4;4m[48;2;11;20;20m▀[0m[38;2;39;67;81m[48;2;38;64;75m▀[0m[38;2;46;73;83m[48;2;46;72;83m▀[0m[38;2;44;66;75m[48;2;43;67;77m▀[0m[38;2;40;66;76m[48;2;44;67;79m▀[0m[38;2;41;64;74m[48;2;45;71;83m▀[0m
[38;2;18;32;34m[48;2;34;58;67m▀[0m[38;2;44;77;88m[48;2;30;51;59m▀[0m[38;2;41;68;79m[48;2;9;17;20m▀[0m[38;2;48;77;89m[48;2;32;53;61m▀[0m[38;2;31;50;59m[48;2;27;45;53m▀[0m[38;2;7;11;10m[48;2;0;0;0m▀[0m[38;2;28;46;49m[48;2;19;35;39m▀[0m[38;2;66;97;110m[48;2;63;95;108m▀[0m[38;2;41;67;72m[48;2;48;74;84m▀[0m[38;2;8;16;18m[48;2;10;19;23m▀[0m[38;2;16;32;37m[48;2;53;87;98m▀[0m[38;2;9;12;14m[48;2;1;3;5m▀[0m[38;2;57;89;97m[48;2;46;70;78m▀[0m[38;2;40;66;77m[48;2;45;72;83m▀[0m[38;2;45;67;75m[48;2;45;68;83m▀[0m[38;2;57;86;97m[48;2;51;89;97m▀[0m[38;2;19;31;37m[48;2;12;23;27m▀[0m[38;2;0;0;0m[48;2;0;0;0m▀[0m[38;2;54;86;95m[48;2;63;93;106m▀[0m[38;2;33;58;64m[48;2;44;73;82m▀[0m[38;2;29;45;54m[48;2;21;33;40m▀[0m[38;2;61;91;103m[48;2;60;93;103m▀[0m[38;2;39;61;69m[48;2;32;50;56m▀[0m[38;2;0;0;0m[48;2;0;0;0m▀[0m[38;2;0;1;2m[48;2;12;23;30m▀[0m[38;2;20;32;37m[48;2;25;39;45m▀[0m[38;2;30;47;53m[48;2;24;38;42m▀[0m[38;2;55;87;98m[48;2;44;73;85m▀[0m[38;2;49;81;90m[48;2;44;76;86m▀[0m[38;2;13;24;28m[48;2;13;27;32m▀[0m[38;2;46;75;83m[48;2;0;0;0m▀[0m[38;2;60;90;102m[48;2;42;65;73m▀[0m[38;2;54;81;92m[48;2;53;85;94m▀[0m[38;2;45;74;82m[48;2;50;80;89m▀[0m[38;2;44;74;80m[48;2;48;74;84m▀[0m[38;2;48;74;85m[48;2;50;80;90m▀[0m[38;2;51;79;87m[48;2;59;94;101m▀[0m[38;2;25;37;47m[48;2;23;34;37m▀[0m[38;2;20;36;45m[48;2;27;41;52m▀[0m[38;2;52;81;93m[48;2;47;73;85m▀[0m[38;2;50;72;84m[48;2;49;78;90m▀[0m[38;2;49;69;81m[48;2;50;80;86m▀[0m[38;2;49;75;86m[48;2;55;87;97m▀[0m[38;2;55;90;102m[48;2;49;81;93m▀[0m[38;2;19;32;36m[48;2;0;0;0m▀[0m[38;2;0;0;0m[48;2;10;18;18m▀[0m[38;2;56;86;98m[48;2;61;94;107m▀[0m[38;2;55;87;100m[48;2;51;80;92m▀[0m[38;2;18;32;36m[48;2;26;45;52m▀[0m[38;2;0;0;0m[48;2;8;17;19m▀[0m[38;2;51;80;90m[48;2;59;97;110m▀[0m[38;2;3;7;11m[48;2;0;0;0m▀[0m[38;2;23;39;44m[48;2;25;42;47m▀[0m[38;2;17;29;32m[48;2;12;27;29m▀[0m[38;2;32;51;55m[48;2;34;57;64m▀[0m[38;2;54;86;97m[48;2;51;78;89m▀[0m[38;2;41;70;76m[48;2;43;66;74m▀[0m[38;2;27;41;47m[48;2;39;64;73m▀[0m[38;2;0;0;1m[48;2;0;0;0m▀[0m[38;2;32;51;58m[48;2;33;52;60m▀[0m[38;2;58;91;98m[48;2;60;94;105m▀[0m[38;2;41;71;79m[48;2;27;44;52m▀[0m[38;2;25;37;44m[48;2;33;46;56m▀[0m[38;2;15;21;22m[48;2;30;47;56m▀[0m[38;2;36;65;73m[48;2;36;65;75m▀[0m[38;2;39;61;67m[48;2;39;61;68m▀[0m[38;2;48;74;79m[48;2;44;73;83m▀[0m[38;2;40;68;72m[48;2;40;67;77m▀[0m[38;2;50;76;86m[48;2;53;80;91m▀[0m[38;2;39;61;68m[48;2;33;55;62m▀[0m[38;2;13;22;25m[48;2;11;15;18m▀[0m[38;2;42;65;76m[48;2;31;53;61m▀[0m[38;2;48;78;88m[48;2;38;70;78m▀[0m[38;2;50;80;89m[48;2;20;36;42m▀[0m[38;2;38;62;71m[48;2;36;60;67m▀[0m[38;2;24;34;44m[48;2;39;65;72m▀[0m
[38;2;38;57;68m[48;2;36;58;66m▀[0m[38;2;42;68;79m[48;2;42;72;78m▀[0m[38;2;42;69;83m[48;2;45;66;78m▀[0m[38;2;42;71;81m[48;2;48;72;79m▀[0m[38;2;49;86;97m[48;2;54;75;86m▀[0m[38;2;0;0;0m[48;2;52;80;88m▀[0m[38;2;0;0;0m[48;2;0;0;0m▀[0m[38;2;64;93;110m[48;2;41;63;70m▀[0m[38;2;51;83;93m[48;2;64;98;113m▀[0m[38;2;0;2;3m[48;2;4;10;14m▀[0m[38;2;53;79;90m[48;2;43;64;75m▀[0m[38;2;24;37;41m[48;2;53;76;89m▀[0m[38;2;26;37;43m[48;2;13;22;26m▀[0m[38;2;56;80;91m[48;2;52;78;89m▀[0m[38;2;46;68;79m[48;2;47;69;78m▀[0m[38;2;57;89;98m[48;2;60;86;97m▀[0m[38;2;13;27;31m[48;2;18;27;33m▀[0m[38;2;6;8;9m[48;2;12;19;22m▀[0m[38;2;60;90;101m[48;2;61;90;101m▀[0m[38;2;51;80;90m[48;2;49;79;84m▀[0m[38;2;28;40;48m[48;2;39;61;68m▀[0m[38;2;49;78;87m[48;2;33;56;64m▀[0m[38;2;35;58;64m[48;2;43;67;77m▀[0m[38;2;0;0;0m[48;2;0;0;0m▀[0m[38;2;25;39;44m[48;2;29;46;55m▀[0m[38;2;27;44;49m[48;2;64;96;103m▀[0m[38;2;44;68;78m[48;2;57;86;96m▀[0m[38;2;35;58;66m[48;2;53;81;89m▀[0m[38;2;32;49;54m[48;2;49;81;89m▀[0m[38;2;2;9;13m[48;2;6;17;19m▀[0m[38;2;12;22;30m[48;2;4;7;12m▀[0m[38;2;15;21;26m[48;2;15;22;27m▀[0m[38;2;28;44;48m[48;2;21;30;36m▀[0m[38;2;48;71;83m[48;2;35;52;61m▀[0m[38;2;50;79;91m[48;2;40;62;70m▀[0m[38;2;48;77;87m[48;2;20;32;38m▀[0m[38;2;13;21;24m[48;2;0;0;0m▀[0m[38;2;5;8;8m[48;2;12;17;23m▀[0m[38;2;31;44;49m[48;2;0;0;0m▀[0m[38;2;47;69;82m[48;2;7;7;12m▀[0m[38;2;56;88;99m[48;2;37;59;67m▀[0m[38;2;55;87;98m[48;2;22;40;47m▀[0m[38;2;29;46;50m[48;2;0;4;7m▀[0m[38;2;0;0;0m[48;2;5;14;17m▀[0m[38;2;0;0;0m[48;2;12;24;30m▀[0m[38;2;46;72;86m[48;2;40;64;74m▀[0m[38;2;55;84;96m[48;2;60;88;102m▀[0m[38;2;58;91;103m[48;2;44;74;82m▀[0m[38;2;14;25;29m[48;2;4;8;7m▀[0m[38;2;29;47;52m[48;2;59;96;106m▀[0m[38;2;57;94;106m[48;2;32;56;66m▀[0m[38;2;0;0;0m[48;2;0;0;0m▀[0m[38;2;31;50;53m[48;2;35;57;62m▀[0m[38;2;60;92;100m[48;2;59;89;98m▀[0m[38;2;46;75;83m[48;2;49;73;80m▀[0m[38;2;45;69;77m[48;2;49;72;82m▀[0m[38;2;45;71;79m[48;2;48;72;80m▀[0m[38;2;56;89;99m[48;2;56;88;96m▀[0m[38;2;0;0;0m[48;2;1;7;8m▀[0m[38;2;33;52;59m[48;2;39;59;67m▀[0m[38;2;60;94;105m[48;2;47;71;81m▀[0m[38;2;16;28;33m[48;2;25;36;42m▀[0m[38;2;39;61;71m[48;2;47;70;78m▀[0m[38;2;27;44;49m[48;2;29;47;52m▀[0m[38;2;39;66;77m[48;2;41;67;81m▀[0m[38;2;40;63;69m[48;2;42;64;72m▀[0m[38;2;45;74;82m[48;2;50;73;81m▀[0m[38;2;45;73;79m[48;2;53;77;88m▀[0m[38;2;53;85;95m[48;2;47;71;82m▀[0m[38;2;2;5;6m[48;2;0;0;0m▀[0m[38;2;8;23;27m[48;2;17;34;40m▀[0m[38;2;22;44;55m[48;2;33;55;63m▀[0m[38;2;19;32;42m[48;2;34;51;59m▀[0m[38;2;30;47;57m[48;2;51;81;94m▀[0m[38;2;24;35;45m[48;2;47;71;83m▀[0m[38;2;31;57;66m[48;2;37;60;68m▀[0m
[38;2;48;69;81m[48;2;43;69;79m▀[0m[38;2;45;68;79m[48;2;45;69;75m▀[0m[38;2;44;67;77m[48;2;44;68;78m▀[0m[38;2;45;68;78m[48;2;34;64;73m▀[0m[38;2;47;74;85m[48;2;21;44;56m▀[0m[38;2;50;79;88m[48;2;25;54;63m▀[0m[38;2;43;72;80m[48;2;44;88;97m▀[0m[38;2;5;12;16m[48;2;37;67;76m▀[0m[38;2;45;69;79m[48;2;0;0;0m▀[0m[38;2;27;43;48m[48;2;36;55;63m▀[0m[38;2;43;65;73m[48;2;46;70;78m▀[0m[38;2;57;90;100m[48;2;54;84;94m▀[0m[38;2;21;32;37m[48;2;39;61;68m▀[0m[38;2;35;58;65m[48;2;23;37;42m▀[0m[38;2;50;77;88m[48;2;49;81;91m▀[0m[38;2;57;84;98m[48;2;54;84;96m▀[0m[38;2;21;32;35m[48;2;30;48;55m▀[0m[38;2;13;20;21m[48;2;29;36;39m▀[0m[38;2;57;89;100m[48;2;58;87;97m▀[0m[38;2;48;72;80m[48;2;47;75;83m▀[0m[38;2;50;79;89m[48;2;52;84;92m▀[0m[38;2;33;52;60m[48;2;44;67;77m▀[0m[38;2;23;37;41m[48;2;0;0;0m▀[0m[38;2;0;0;0m[48;2;22;35;40m▀[0m[38;2;1;5;8m[48;2;12;21;27m▀[0m[38;2;48;72;80m[48;2;22;30;34m▀[0m[38;2;58;85;97m[48;2;58;88;100m▀[0m[38;2;53;76;87m[48;2;54;81;92m▀[0m[38;2;58;90;99m[48;2;53;82;92m▀[0m[38;2;33;53;60m[48;2;50;82;92m▀[0m[38;2;0;2;1m[48;2;16;28;32m▀[0m[38;2;32;44;52m[48;2;41;61;71m▀[0m[38;2;59;92;103m[48;2;59;85;97m▀[0m[38;2;51;80;90m[48;2;52;76;87m▀[0m[38;2;51;81;87m[48;2;50;76;86m▀[0m[38;2;57;89;100m[48;2;50;76;86m▀[0m[38;2;33;53;62m[48;2;49;78;87m▀[0m[38;2;14;25;32m[48;2;0;14;15m▀[0m[38;2;40;63;73m[48;2;43;67;78m▀[0m[38;2;52;78;89m[48;2;57;84;96m▀[0m[38;2;49;78;87m[48;2;51;78;89m▀[0m[38;2;39;61;68m[48;2;59;88;97m▀[0m[38;2;39;63;73m[48;2;58;89;96m▀[0m[38;2;35;64;72m[48;2;47;79;87m▀[0m[38;2;16;32;37m[48;2;6;15;22m▀[0m[38;2;34;53;61m[48;2;42;66;77m▀[0m[38;2;64;98;111m[48;2;58;91;101m▀[0m[38;2;26;40;40m[48;2;27;43;45m▀[0m[38;2;27;41;46m[48;2;40;66;76m▀[0m[38;2;57;94;106m[48;2;26;40;45m▀[0m[38;2;4;7;13m[48;2;14;18;22m▀[0m[38;2;0;0;0m[48;2;0;0;0m▀[0m[38;2;37;61;67m[48;2;12;20;19m▀[0m[38;2;57;89;98m[48;2;62;95;105m▀[0m[38;2;43;72;80m[48;2;49;72;82m▀[0m[38;2;44;71;81m[48;2;45;69;79m▀[0m[38;2;44;70;80m[48;2;45;68;78m▀[0m[38;2;54;86;96m[48;2;56;85;95m▀[0m[38;2;5;13;15m[48;2;15;27;31m▀[0m[38;2;41;64;72m[48;2;37;61;70m▀[0m[38;2;32;49;55m[48;2;28;42;47m▀[0m[38;2;42;62;69m[48;2;55;81;92m▀[0m[38;2;40;60;68m[48;2;31;47;55m▀[0m[38;2;35;48;56m[48;2;41;56;66m▀[0m[38;2;52;81;90m[48;2;54;81;91m▀[0m[38;2;47;70;81m[48;2;50;77;88m▀[0m[38;2;45;75;83m[48;2;55;79;93m▀[0m[38;2;58;93;103m[48;2;23;33;37m▀[0m[38;2;16;28;32m[48;2;12;24;28m▀[0m[38;2;0;3;4m[48;2;44;73;83m▀[0m[38;2;41;60;67m[48;2;53;83;89m▀[0m[38;2;50;76;86m[48;2;45;74;83m▀[0m[38;2;50;79;89m[48;2;41;66;81m▀[0m[38;2;41;67;77m[48;2;25;41;49m▀[0m[38;2;49;72;84m[48;2;47;70;82m▀[0m[38;2;39;63;73m[48;2;43;67;77m▀[0m
[38;2;40;64;78m[48;2;41;70;80m▀[0m[38;2;38;67;73m[48;2;16;40;47m▀[0m[38;2;16;40;50m[48;2;72;83;90m▀[0m[38;2;16;28;34m[48;2;175;190;201m▀[0m[38;2;42;49;53m[48;2;190;213;225m▀[0m[38;2;42;53;60m[48;2;193;217;228m▀[0m[38;2;0;10;15m[48;2;129;138;147m▀[0m[38;2;14;44;54m[48;2;1;21;29m▀[0m[38;2;0;0;0m[48;2;0;0;0m▀[0m[38;2;20;33;38m[48;2;15;23;28m▀[0m[38;2;50;77;89m[48;2;47;76;86m▀[0m[38;2;51;80;88m[48;2;53;79;89m▀[0m[38;2;50;78;86m[48;2;55;79;87m▀[0m[38;2;24;35;43m[48;2;36;55;63m▀[0m[38;2;46;68;79m[48;2;37;52;60m▀[0m[38;2;53;83;95m[48;2;65;92;99m▀[0m[38;2;29;50;59m[48;2;31;49;56m▀[0m[38;2;32;49;51m[48;2;33;50;55m▀[0m[38;2;56;82;93m[48;2;57;83;94m▀[0m[38;2;45;74;82m[48;2;51;75;83m▀[0m[38;2;55;82;94m[48;2;62;94;105m▀[0m[38;2;46;73;83m[48;2;33;46;57m▀[0m[38;2;0;0;0m[48;2;0;0;0m▀[0m[38;2;64;101;117m[48;2;63;95;108m▀[0m[38;2;55;87;98m[48;2;40;62;69m▀[0m[38;2;12;15;19m[48;2;53;82;90m▀[0m[38;2;15;22;25m[48;2;0;0;0m▀[0m[38;2;56;84;97m[48;2;5;11;14m▀[0m[38;2;56;84;97m[48;2;52;81;91m▀[0m[38;2;55;88;98m[48;2;63;97;108m▀[0m[38;2;19;37;46m[48;2;16;30;34m▀[0m[38;2;23;37;42m[48;2;12;30;34m▀[0m[38;2;57;81;92m[48;2;49;73;84m▀[0m[38;2;54;78;89m[48;2;55;82;94m▀[0m[38;2;50;76;84m[48;2;50;73;83m▀[0m[38;2;50;74;84m[48;2;49;73;83m▀[0m[38;2;53;82;91m[48;2;50;76;88m▀[0m[38;2;30;52;56m[48;2;39;58;64m▀[0m[38;2;49;75;89m[48;2;47;74;84m▀[0m[38;2;52;75;87m[48;2;49;73;83m▀[0m[38;2;50;76;86m[48;2;49;73;83m▀[0m[38;2;48;77;86m[48;2;49;78;87m▀[0m[38;2;56;86;98m[48;2;50;82;92m▀[0m[38;2;36;56;64m[48;2;20;33;35m▀[0m[38;2;7;15;20m[48;2;24;38;44m▀[0m[38;2;57;87;98m[48;2;68;102;115m▀[0m[38;2;54;88;98m[48;2;30;47;53m▀[0m[38;2;19;36;42m[48;2;0;0;0m▀[0m[38;2;3;5;9m[48;2;5;7;11m▀[0m[38;2;0;0;0m[48;2;28;45;51m▀[0m[38;2;59;87;101m[48;2;64;97;110m▀[0m[38;2;21;35;40m[48;2;33;51;59m▀[0m[38;2;0;0;0m[48;2;0;0;0m▀[0m[38;2;60;90;99m[48;2;53;75;87m▀[0m[38;2;49;77;91m[48;2;56;84;97m▀[0m[38;2;45;73;78m[48;2;49;75;80m▀[0m[38;2;46;69;77m[48;2;49;72;83m▀[0m[38;2;54;81;92m[48;2;56;85;97m▀[0m[38;2;19;32;36m[48;2;22;38;44m▀[0m[38;2;36;56;63m[48;2;24;43;47m▀[0m[38;2;33;52;59m[48;2;43;64;68m▀[0m[38;2;55;85;94m[48;2;60;84;97m▀[0m[38;2;24;36;44m[48;2;37;57;64m▀[0m[38;2;43;65;73m[48;2;44;66;75m▀[0m[38;2;52;79;90m[48;2;54;88;100m▀[0m[38;2;55;85;93m[48;2;34;57;64m▀[0m[38;2;9;14;19m[48;2;8;20;26m▀[0m[38;2;22;38;42m[48;2;52;90;104m▀[0m[38;2;59;93;104m[48;2;19;43;50m▀[0m[38;2;48;80;92m[48;2;25;46;57m▀[0m[38;2;47;71;81m[48;2;46;69;79m▀[0m[38;2;43;73;82m[48;2;45;69;79m▀[0m[38;2;43;72;84m[48;2;45;69;79m▀[0m[38;2;32;56;65m[48;2;44;74;84m▀[0m[38;2;44;68;78m[48;2;48;74;86m▀[0m[38;2;43;72;81m[48;2;42;69;79m▀[0m
[38;2;27;57;66m[48;2;7;31;40m▀[0m[38;2;15;27;31m[48;2;87;104;109m▀[0m[38;2;181;199;209m[48;2;183;209;223m▀[0m[38;2;172;196;208m[48;2;148;169;181m▀[0m[38;2;153;174;189m[48;2;145;167;178m▀[0m[38;2;155;178;188m[48;2;146;170;180m▀[0m[38;2;190;213;231m[48;2;153;174;190m▀[0m[38;2;160;177;190m[48;2;165;189;203m▀[0m[38;2;0;0;0m[48;2;161;179;191m▀[0m[38;2;0;0;0m[48;2;11;5;8m▀[0m[38;2;44;68;76m[48;2;0;19;22m▀[0m[38;2;53;79;89m[48;2;40;70;79m▀[0m[38;2;51;73;81m[48;2;53;76;84m▀[0m[38;2;50;73;84m[48;2;52;85;93m▀[0m[38;2;25;34;42m[48;2;31;43;54m▀[0m[38;2;64;90;103m[48;2;45;64;73m▀[0m[38;2;29;43;48m[48;2;44;65;73m▀[0m[38;2;26;39;44m[48;2;31;45;53m▀[0m[38;2;59;86;97m[48;2;56;83;94m▀[0m[38;2;53;75;86m[48;2;56;79;87m▀[0m[38;2;67;101;112m[48;2;68;98;112m▀[0m[38;2;13;21;25m[48;2;0;0;0m▀[0m[38;2;0;3;4m[48;2;0;0;0m▀[0m[38;2;37;55;64m[48;2;7;10;14m▀[0m[38;2;34;53;61m[48;2;53;85;93m▀[0m[38;2;72;110;124m[48;2;61;89;102m▀[0m[38;2;32;54;62m[48;2;41;64;72m▀[0m[38;2;5;13;18m[48;2;29;47;55m▀[0m[38;2;14;21;24m[48;2;22;28;32m▀[0m[38;2;67;104;115m[48;2;48;78;84m▀[0m[38;2;35;58;64m[48;2;51;75;83m▀[0m[38;2;0;6;6m[48;2;5;13;16m▀[0m[38;2;32;47;52m[48;2;43;71;79m▀[0m[38;2;58;85;97m[48;2;62;89;100m▀[0m[38;2;55;79;89m[48;2;57;81;91m▀[0m[38;2;49;76;86m[48;2;56;82;92m▀[0m[38;2;50;77;87m[48;2;45;72;82m▀[0m[38;2;45;68;78m[48;2;43;67;77m▀[0m[38;2;50;78;84m[48;2;60;90;101m▀[0m[38;2;48;77;86m[48;2;53;79;91m▀[0m[38;2;52;75;85m[48;2;53;79;86m▀[0m[38;2;52;81;90m[48;2;60;87;98m▀[0m[38;2;54;83;93m[48;2;40;62;73m▀[0m[38;2;0;0;0m[48;2;0;0;0m▀[0m[38;2;34;53;60m[48;2;58;91;97m▀[0m[38;2;69;103;118m[48;2;40;62;68m▀[0m[38;2;0;0;0m[48;2;5;11;12m▀[0m[38;2;14;26;32m[48;2;57;92;103m▀[0m[38;2;30;53;61m[48;2;14;38;46m▀[0m[38;2;29;52;62m[48;2;12;21;24m▀[0m[38;2;48;85;99m[48;2;20;32;41m▀[0m[38;2;31;45;50m[48;2;0;9;16m▀[0m[38;2;0;0;0m[48;2;0;0;0m▀[0m[38;2;36;54;62m[48;2;23;36;41m▀[0m[38;2;58;91;101m[48;2;64;97;107m▀[0m[38;2;51;75;82m[48;2;52;76;84m▀[0m[38;2;50;74;81m[48;2;52;76;83m▀[0m[38;2;59;89;98m[48;2;60;90;99m▀[0m[38;2;10;21;21m[48;2;4;10;14m▀[0m[38;2;0;7;5m[48;2;27;43;49m▀[0m[38;2;58;87;95m[48;2;60;94;105m▀[0m[38;2;58;82;96m[48;2;47;68;77m▀[0m[38;2;38;62;68m[48;2;30;46;51m▀[0m[38;2;46;69;77m[48;2;53;86;94m▀[0m[38;2;58;93;103m[48;2;43;73;81m▀[0m[38;2;5;9;13m[48;2;0;0;0m▀[0m[38;2;0;0;0m[48;2;34;37;39m▀[0m[38;2;27;53;64m[48;2;161;179;191m▀[0m[38;2;35;44;51m[48;2;197;219;234m▀[0m[38;2;0;7;9m[48;2;184;205;220m▀[0m[38;2;0;0;0m[48;2;69;73;77m▀[0m[38;2;42;74;83m[48;2;8;31;38m▀[0m[38;2;46;70;80m[48;2;51;75;85m▀[0m[38;2;33;53;60m[48;2;41;64;71m▀[0m[38;2;46;73;83m[48;2;20;34;35m▀[0m[38;2;46;73;85m[48;2;18;35;41m▀[0m
[38;2;2;25;32m[48;2;0;13;21m▀[0m[38;2;129;141;152m[48;2;105;117;125m▀[0m[38;2;177;201;212m[48;2;184;208;219m▀[0m[38;2;147;165;177m[48;2;147;167;179m▀[0m[38;2;141;164;171m[48;2;143;165;176m▀[0m[38;2;141;161;175m[48;2;143;164;177m▀[0m[38;2;154;173;182m[48;2;145;162;172m▀[0m[38;2;129;146;158m[48;2;154;176;184m▀[0m[38;2;123;142;153m[48;2;153;173;185m▀[0m[38;2;142;159;168m[48;2;150;172;181m▀[0m[38;2;55;62;72m[48;2;160;182;191m▀[0m[38;2;18;23;31m[48;2;134;155;166m▀[0m[38;2;11;26;32m[48;2;68;73;83m▀[0m[38;2;41;73;85m[48;2;6;12;17m▀[0m[38;2;49;72;80m[48;2;29;58;67m▀[0m[38;2;20;32;37m[48;2;22;38;43m▀[0m[38;2;61;87;97m[48;2;43;60;68m▀[0m[38;2;54;80;91m[48;2;63;92;99m▀[0m[38;2;56;80;91m[48;2;58;80;91m▀[0m[38;2;62;86;97m[48;2;71;106;117m▀[0m[38;2;63;95;110m[48;2;32;51;58m▀[0m[38;2;0;0;0m[48;2;0;0;0m▀[0m[38;2;0;0;0m[48;2;16;27;33m▀[0m[38;2;0;0;0m[48;2;32;54;65m▀[0m[38;2;24;41;49m[48;2;52;79;90m▀[0m[38;2;43;66;77m[48;2;64;94;106m▀[0m[38;2;59;96;107m[48;2;22;38;44m▀[0m[38;2;22;35;37m[48;2;46;70;78m▀[0m[38;2;50;69;78m[48;2;34;46;53m▀[0m[38;2;37;55;63m[48;2;44;59;64m▀[0m[38;2;61;91;98m[48;2;51;83;92m▀[0m[38;2;18;27;30m[48;2;41;64;70m▀[0m[38;2;28;45;48m[48;2;26;45;48m▀[0m[38;2;49;76;86m[48;2;56;86;98m▀[0m[38;2;62;91;102m[48;2;48;65;75m▀[0m[38;2;65;92;103m[48;2;43;63;69m▀[0m[38;2;39;61;69m[48;2;28;45;55m▀[0m[38;2;32;53;64m[48;2;12;22;30m▀[0m[38;2;34;48;53m[48;2;8;12;15m▀[0m[38;2;61;93;105m[48;2;43;69;76m▀[0m[38;2;62;89;102m[48;2;55;82;93m▀[0m[38;2;70;105;114m[48;2;41;63;73m▀[0m[38;2;24;33;42m[48;2;6;4;11m▀[0m[38;2;29;40;48m[48;2;55;88;100m▀[0m[38;2;68;107;118m[48;2;53;86;97m▀[0m[38;2;21;37;41m[48;2;5;14;17m▀[0m[38;2;29;50;59m[48;2;19;33;39m▀[0m[38;2;52;85;98m[48;2;17;55;69m▀[0m[38;2;0;0;1m[48;2;129;141;144m▀[0m[38;2;247;247;247m[48;2;247;247;247m▀[0m[38;2;247;247;247m[48;2;134;137;142m▀[0m[38;2;0;4;17m[48;2;1;30;43m▀[0m[38;2;0;0;0m[48;2;16;27;33m▀[0m[38;2;7;9;11m[48;2;0;0;0m▀[0m[38;2;72;106;122m[48;2;44;64;74m▀[0m[38;2;52;79;90m[48;2;67;95;110m▀[0m[38;2;53;79;90m[48;2;56;80;91m▀[0m[38;2;58;82;93m[48;2;58;84;96m▀[0m[38;2;18;29;34m[48;2;18;25;28m▀[0m[38;2;52;79;90m[48;2;51;77;88m▀[0m[38;2;56;83;94m[48;2;42;72;82m▀[0m[38;2;42;69;79m[48;2;11;32;36m▀[0m[38;2;24;43;54m[48;2;36;47;53m▀[0m[38;2;22;44;52m[48;2;62;67;75m▀[0m[38;2;6;17;21m[48;2;98;115;123m▀[0m[38;2;100;117;125m[48;2;123;140;150m▀[0m[38;2;180;207;221m[48;2;130;152;160m▀[0m[38;2;180;201;213m[48;2;158;177;188m▀[0m[38;2;160;182;190m[48;2;147;171;179m▀[0m[38;2;170;196;208m[48;2;150;172;181m▀[0m[38;2;194;218;229m[48;2;185;209;219m▀[0m[38;2;35;46;50m[48;2;135;148;156m▀[0m[38;2;25;51;61m[48;2;15;32;37m▀[0m[38;2;54;86;96m[48;2;58;88;100m▀[0m[38;2;32;49;53m[48;2;56;85;97m▀[0m[38;2;13;21;24m[48;2;27;41;47m▀[0m
[38;2;0;20;30m[48;2;6;29;35m▀[0m[38;2;49;56;56m[48;2;1;9;12m▀[0m[38;2;198;225;236m[48;2;194;215;227m▀[0m[38;2;152;173;185m[48;2;169;192;203m▀[0m[38;2;149;172;180m[48;2;159;177;186m▀[0m[38;2;143;165;174m[48;2;152;173;182m▀[0m[38;2;148;171;181m[48;2;127;147;159m▀[0m[38;2;145;169;175m[48;2;154;174;186m▀[0m[38;2;147;173;180m[48;2;150;172;180m▀[0m[38;2;157;179;190m[48;2;146;169;179m▀[0m[38;2;162;185;194m[48;2;147;171;181m▀[0m[38;2;166;194;204m[48;2;156;175;184m▀[0m[38;2;154;177;188m[48;2;163;188;195m▀[0m[38;2;127;134;146m[48;2;164;189;198m▀[0m[38;2;38;44;52m[48;2;185;205;218m▀[0m[38;2;0;22;28m[48;2;59;70;73m▀[0m[38;2;13;24;31m[48;2;0;0;0m▀[0m[38;2;64;93;102m[48;2;30;53;64m▀[0m[38;2;68;97;106m[48;2;74;112;127m▀[0m[38;2;50;73;83m[48;2;0;0;0m▀[0m[38;2;0;0;0m[48;2;0;0;0m▀[0m[38;2;9;17;24m[48;2;27;43;55m▀[0m[38;2;31;48;56m[48;2;32;50;55m▀[0m[38;2;48;72;80m[48;2;63;95;103m▀[0m[38;2;60;88;96m[48;2;55;83;91m▀[0m[38;2;69;99;112m[48;2;65;92;102m▀[0m[38;2;11;24;31m[48;2;68;107;119m▀[0m[38;2;0;15;19m[48;2;32;34;35m▀[0m[38;2;43;65;73m[48;2;50;74;82m▀[0m[38;2;24;38;43m[48;2;0;6;10m▀[0m[38;2;39;62;69m[48;2;3;11;15m▀[0m[38;2;34;58;64m[48;2;17;29;36m▀[0m[38;2;26;48;55m[48;2;0;0;0m▀[0m[38;2;33;51;57m[48;2;17;34;40m▀[0m[38;2;30;46;55m[48;2;29;57;71m▀[0m[38;2;24;40;50m[48;2;32;56;67m▀[0m[38;2;21;32;42m[48;2;14;37;40m▀[0m[38;2;29;48;56m[48;2;24;55;62m▀[0m[38;2;28;42;50m[48;2;5;29;34m▀[0m[38;2;27;48;56m[48;2;18;44;49m▀[0m[38;2;20;31;38m[48;2;7;16;20m▀[0m[38;2;10;10;12m[48;2;11;24;31m▀[0m[38;2;17;29;34m[48;2;28;42;52m▀[0m[38;2;60;98;113m[48;2;43;70;81m▀[0m[38;2;22;36;40m[48;2;0;0;0m▀[0m[38;2;0;0;0m[48;2;0;0;0m▀[0m[38;2;32;59;68m[48;2;25;65;77m▀[0m[38;2;29;62;73m[48;2;151;158;161m▀[0m[38;2;247;247;247m[48;2;161;162;161m▀[0m[38;2;132;145;146m[48;2;0;11;25m▀[0m[38;2;0;36;49m[48;2;41;71;81m▀[0m[38;2;51;84;97m[48;2;47;76;85m▀[0m[38;2;37;65;73m[48;2;30;49;54m▀[0m[38;2;13;19;24m[48;2;29;50;57m▀[0m[38;2;0;0;0m[48;2;0;4;3m▀[0m[38;2;58;82;94m[48;2;0;0;0m▀[0m[38;2;64;91;102m[48;2;68;98;106m▀[0m[38;2;54;80;94m[48;2;52;87;97m▀[0m[38;2;8;15;19m[48;2;0;0;0m▀[0m[38;2;25;52;64m[48;2;20;32;35m▀[0m[38;2;14;26;32m[48;2;159;180;187m▀[0m[38;2;90;101;105m[48;2;138;164;172m▀[0m[38;2;118;129;137m[48;2;162;185;195m▀[0m[38;2;161;184;192m[48;2;165;188;196m▀[0m[38;2;171;192;204m[48;2;156;175;186m▀[0m[38;2;165;188;195m[48;2;146;168;176m▀[0m[38;2;159;182;188m[48;2;156;177;188m▀[0m[38;2;156;175;186m[48;2;140;159;167m▀[0m[38;2;151;173;180m[48;2;141;165;172m▀[0m[38;2;155;174;181m[48;2;157;179;187m▀[0m[38;2;173;197;207m[48;2;184;210;220m▀[0m[38;2;169;190;201m[48;2;152;168;178m▀[0m[38;2;0;3;8m[48;2;0;19;27m▀[0m[38;2;44;74;84m[48;2;46;78;90m▀[0m[38;2;0;0;0m[48;2;15;29;32m▀[0m[38;2;8;14;17m[48;2;29;52;60m▀[0m
[38;2;21;44;51m[48;2;46;73;85m▀[0m[38;2;0;0;0m[48;2;39;67;75m▀[0m[38;2;78;78;83m[48;2;0;0;0m▀[0m[38;2;222;245;247m[48;2;86;93;96m▀[0m[38;2;167;187;197m[48;2;215;235;247m▀[0m[38;2;164;187;194m[48;2;189;211;223m▀[0m[38;2;128;146;153m[48;2;178;200;207m▀[0m[38;2;105;120;128m[48;2;114;131;137m▀[0m[38;2;164;182;194m[48;2;111;128;136m▀[0m[38;2;151;169;181m[48;2;161;182;194m▀[0m[38;2;153;170;179m[48;2;148;171;178m▀[0m[38;2;152;169;179m[48;2;150;168;178m▀[0m[38;2;155;172;182m[48;2;150;169;178m▀[0m[38;2;158;178;190m[48;2;149;170;179m▀[0m[38;2;168;191;202m[48;2;155;177;184m▀[0m[38;2;201;225;237m[48;2;168;186;197m▀[0m[38;2;68;72;75m[48;2;205;233;247m▀[0m[38;2;0;0;0m[48;2;106;119;126m▀[0m[38;2;4;22;28m[48;2;0;0;0m▀[0m[38;2;0;0;0m[48;2;0;0;0m▀[0m[38;2;3;12;19m[48;2;46;68;84m▀[0m[38;2;47;73;84m[48;2;59;89;101m▀[0m[38;2;64;94;102m[48;2;56;83;94m▀[0m[38;2;55;84;94m[48;2;54;77;87m▀[0m[38;2;55;79;87m[48;2;53;79;86m▀[0m[38;2;56;79;89m[48;2;51;77;84m▀[0m[38;2;40;76;83m[48;2;41;69;83m▀[0m[38;2;205;205;205m[48;2;16;43;53m▀[0m[38;2;247;247;247m[48;2;247;247;247m▀[0m[38;2;3;32;37m[48;2;173;190;191m▀[0m[38;2;0;0;0m[48;2;0;0;0m▀[0m[38;2;0;0;0m[48;2;0;0;0m▀[0m[38;2;0;0;0m[48;2;0;0;0m▀[0m[38;2;0;0;0m[48;2;18;39;46m▀[0m[38;2;2;16;18m[48;2;0;36;43m▀[0m[38;2;13;49;57m[48;2;0;0;0m▀[0m[38;2;0;0;0m[48;2;96;17;21m▀[0m[38;2;0;8;5m[48;2;151;35;39m▀[0m[38;2;0;4;5m[48;2;127;26;31m▀[0m[38;2;1;21;25m[48;2;43;11;13m▀[0m[38;2;17;50;54m[48;2;0;6;6m▀[0m[38;2;12;26;27m[48;2;0;7;7m▀[0m[38;2;2;5;5m[48;2;1;15;20m▀[0m[38;2;0;0;0m[48;2;0;0;0m▀[0m[38;2;0;0;0m[48;2;0;0;0m▀[0m[38;2;8;26;31m[48;2;0;6;15m▀[0m[38;2;40;78;86m[48;2;141;155;160m▀[0m[38;2;239;228;226m[48;2;210;207;207m▀[0m[38;2;45;68;78m[48;2;0;22;35m▀[0m[38;2;28;54;67m[48;2;101;119;130m▀[0m[38;2;40;66;78m[48;2;208;215;222m▀[0m[38;2;55;79;90m[48;2;31;61;72m▀[0m[38;2;57;90;102m[48;2;56;85;95m▀[0m[38;2;24;43;52m[48;2;53;83;92m▀[0m[38;2;9;24;30m[48;2;39;65;73m▀[0m[38;2;0;0;0m[48;2;10;28;33m▀[0m[38;2;23;37;38m[48;2;0;0;0m▀[0m[38;2;9;33;43m[48;2;56;66;70m▀[0m[38;2;31;33;32m[48;2;195;222;228m▀[0m[38;2;187;211;219m[48;2;171;199;207m▀[0m[38;2;177;201;215m[48;2;154;177;185m▀[0m[38;2;159;181;194m[48;2;152;171;180m▀[0m[38;2;159;176;185m[48;2;146;170;176m▀[0m[38;2;152;169;178m[48;2;147;170;180m▀[0m[38;2;151;170;177m[48;2;155;174;183m▀[0m[38;2;162;182;193m[48;2;148;174;184m▀[0m[38;2;138;158;165m[48;2;69;75;83m▀[0m[38;2;76;84;88m[48;2;156;170;180m▀[0m[38;2;161;183;190m[48;2;198;221;229m▀[0m[38;2;160;189;198m[48;2;212;236;247m▀[0m[38;2;219;247;247m[48;2;109;120;129m▀[0m[38;2;64;66;72m[48;2;0;0;0m▀[0m[38;2;0;27;36m[48;2;9;24;26m▀[0m[38;2;70;111;126m[48;2;0;6;6m▀[0m[38;2;5;11;14m[48;2;2;4;4m▀[0m[38;2;13;27;29m[48;2;75;109;118m▀[0m
[38;2;59;86;97m[48;2;60;81;89m▀[0m[38;2;70;104;116m[48;2;68;91;98m▀[0m[38;2;7;18;22m[48;2;49;68;79m▀[0m[38;2;0;0;0m[48;2;0;0;0m▀[0m[38;2;44;51;58m[48;2;17;41;51m▀[0m[38;2;168;181;193m[48;2;0;0;0m▀[0m[38;2;185;208;221m[48;2;24;27;27m▀[0m[38;2;188;211;221m[48;2;102;116;120m▀[0m[38;2;115;128;137m[48;2;193;219;228m▀[0m[38;2;142;161;169m[48;2;156;175;183m▀[0m[38;2;154;177;185m[48;2;155;177;184m▀[0m[38;2;149;170;179m[48;2;150;171;180m▀[0m[38;2;148;170;179m[48;2;150;171;179m▀[0m[38;2;148;170;179m[48;2;152;171;179m▀[0m[38;2;147;169;178m[48;2;150;171;179m▀[0m[38;2;155;178;185m[48;2;154;171;179m▀[0m[38;2;160;186;193m[48;2;157;179;185m▀[0m[38;2;197;229;238m[48;2;155;184;189m▀[0m[38;2;144;161;169m[48;2;190;214;225m▀[0m[38;2;12;22;30m[48;2;185;195;208m▀[0m[38;2;21;50;60m[48;2;55;58;65m▀[0m[38;2;56;83;97m[48;2;0;19;27m▀[0m[38;2;51;78;88m[48;2;30;83;97m▀[0m[38;2;57;78;89m[48;2;55;83;91m▀[0m[38;2;57;79;88m[48;2;57;80;90m▀[0m[38;2;52;75;83m[48;2;53;83;96m▀[0m[38;2;47;71;83m[48;2;76;100;111m▀[0m[38;2;32;60;74m[48;2;61;85;95m▀[0m[38;2;32;58;68m[48;2;20;55;66m▀[0m[38;2;201;203;201m[48;2;88;111;119m▀[0m[38;2;27;48;53m[48;2;71;70;71m▀[0m[38;2;0;0;0m[48;2;0;0;6m▀[0m[38;2;0;0;0m[48;2;0;11;12m▀[0m[38;2;4;49;59m[48;2;0;8;14m▀[0m[38;2;14;7;7m[48;2;116;22;26m▀[0m[38;2;130;22;23m[48;2;193;45;49m▀[0m[38;2;177;44;50m[48;2;161;46;57m▀[0m[38;2;222;131;138m[48;2;172;94;97m▀[0m[38;2;200;41;57m[48;2;155;14;20m▀[0m[38;2;136;22;24m[48;2;196;24;25m▀[0m[38;2;32;6;4m[48;2;151;21;22m▀[0m[38;2;0;0;0m[48;2;0;0;0m▀[0m[38;2;0;6;8m[48;2;0;0;0m▀[0m[38;2;0;0;0m[48;2;3;14;20m▀[0m[38;2;10;21;25m[48;2;32;55;61m▀[0m[38;2;0;20;32m[48;2;44;56;60m▀[0m[38;2;206;203;203m[48;2;176;175;175m▀[0m[38;2;72;90;98m[48;2;24;57;65m▀[0m[38;2;42;74;84m[48;2;129;147;156m▀[0m[38;2;99;117;126m[48;2;56;75;83m▀[0m[38;2;66;91;98m[48;2;36;66;76m▀[0m[38;2;45;73;79m[48;2;57;89;97m▀[0m[38;2;52;75;86m[48;2;42;68;79m▀[0m[38;2;57;84;96m[48;2;1;20;28m▀[0m[38;2;32;66;77m[48;2;21;32;34m▀[0m[38;2;0;14;20m[48;2;145;162;168m▀[0m[38;2;95;111;113m[48;2;195;225;232m▀[0m[38;2;199;228;234m[48;2;162;187;196m▀[0m[38;2;166;193;200m[48;2;155;177;185m▀[0m[38;2;156;178;186m[48;2;152;175;181m▀[0m[38;2;152;175;181m[48;2;149;171;179m▀[0m[38;2;147;169;177m[48;2;149;171;179m▀[0m[38;2;147;170;178m[48;2;151;170;178m▀[0m[38;2;148;169;178m[48;2;155;173;182m▀[0m[38;2;163;188;194m[48;2;157;178;187m▀[0m[38;2;114;129;136m[48;2;183;205;217m▀[0m[38;2;159;175;187m[48;2;144;159;162m▀[0m[38;2;211;235;247m[48;2;10;14;15m▀[0m[38;2;155;166;174m[48;2;6;20;25m▀[0m[38;2;64;76;83m[48;2;37;67;79m▀[0m[38;2;0;0;0m[48;2;2;10;12m▀[0m[38;2;4;10;15m[48;2;60;90;98m▀[0m[38;2;44;66;74m[48;2;55;87;96m▀[0m[38;2;0;0;0m[48;2;0;0;0m▀[0m[38;2;18;26;31m[48;2;22;32;39m▀[0m[38;2;76;111;123m[48;2;75;108;125m▀[0m
[38;2;58;82;88m[48;2;59;81;89m▀[0m[38;2;60;81;93m[48;2;62;80;93m▀[0m[38;2;66;100;111m[48;2;75;99;110m▀[0m[38;2;0;0;0m[48;2;33;46;53m▀[0m[38;2;41;63;69m[48;2;13;22;24m▀[0m[38;2;64;97;109m[48;2;74;103;113m▀[0m[38;2;5;24;31m[48;2;73;97;108m▀[0m[38;2;0;0;0m[48;2;24;47;54m▀[0m[38;2;166;184;193m[48;2;46;50;53m▀[0m[38;2;185;203;216m[48;2;203;218;229m▀[0m[38;2;160;178;187m[48;2;168;183;194m▀[0m[38;2;152;175;185m[48;2;162;179;188m▀[0m[38;2;152;173;182m[48;2;155;173;182m▀[0m[38;2;154;173;182m[48;2;154;173;182m▀[0m[38;2;152;173;181m[48;2;155;174;182m▀[0m[38;2;154;173;182m[48;2;156;173;181m▀[0m[38;2;157;175;184m[48;2;156;173;182m▀[0m[38;2;156;179;186m[48;2;154;172;181m▀[0m[38;2;159;180;187m[48;2;161;185;189m▀[0m[38;2;179;201;209m[48;2;145;163;171m▀[0m[38;2;198;231;244m[48;2;157;186;195m▀[0m[38;2;127;107;111m[48;2;190;225;235m▀[0m[38;2;30;0;0m[48;2;218;137;123m▀[0m[38;2;4;68;81m[48;2;119;0;0m▀[0m[38;2;50;95;106m[48;2;0;12;18m▀[0m[38;2;55;84;96m[48;2;15;54;68m▀[0m[38;2;63;85;94m[48;2;52;78;94m▀[0m[38;2;62;85;95m[48;2;47;74;85m▀[0m[38;2;74;101;115m[48;2;93;116;130m▀[0m[38;2;24;62;72m[48;2;80;106;117m▀[0m[38;2;100;97;96m[48;2;14;21;21m▀[0m[38;2;5;9;12m[48;2;38;26;25m▀[0m[38;2;0;17;25m[48;2;0;21;32m▀[0m[38;2;0;38;45m[48;2;0;46;57m▀[0m[38;2;136;29;28m[48;2;114;5;3m▀[0m[38;2;192;39;46m[48;2;227;33;33m▀[0m[38;2;162;39;43m[48;2;179;7;13m▀[0m[38;2;151;64;64m[48;2;161;46;48m▀[0m[38;2;205;21;21m[48;2;197;8;8m▀[0m[38;2;206;26;29m[48;2;216;21;26m▀[0m[38;2;232;21;27m[48;2;200;5;13m▀[0m[38;2;17;10;11m[48;2;0;15;21m▀[0m[38;2;0;6;9m[48;2;0;30;36m▀[0m[38;2;16;32;37m[48;2;0;0;1m▀[0m[38;2;26;64;71m[48;2;36;75;86m▀[0m[38;2;133;137;138m[48;2;208;201;200m▀[0m[38;2;116;127;132m[48;2;51;75;86m▀[0m[38;2;41;73;83m[48;2;40;72;82m▀[0m[38;2;72;92;99m[48;2;46;76;88m▀[0m[38;2;41;68;80m[48;2;18;41;49m▀[0m[38;2;48;80;90m[48;2;0;14;19m▀[0m[38;2;6;30;35m[48;2;78;85;89m▀[0m[38;2;5;14;20m[48;2;171;193;199m▀[0m[38;2;100;109;115m[48;2;198;222;229m▀[0m[38;2;193;212;220m[48;2;172;189;198m▀[0m[38;2;189;212;220m[48;2;162;179;187m▀[0m[38;2;164;183;191m[48;2;161;178;187m▀[0m[38;2;161;180;187m[48;2;154;172;181m▀[0m[38;2;152;172;184m[48;2;154;173;182m▀[0m[38;2;154;172;182m[48;2;157;173;183m▀[0m[38;2;152;173;181m[48;2;155;174;182m▀[0m[38;2;153;172;181m[48;2;154;173;182m▀[0m[38;2;153;171;181m[48;2;152;176;186m▀[0m[38;2;158;179;188m[48;2;160;178;187m▀[0m[38;2;169;190;201m[48;2;203;230;242m▀[0m[38;2;194;216;228m[48;2;85;92;97m▀[0m[38;2;3;7;6m[48;2;0;0;0m▀[0m[38;2;1;26;32m[48;2;67;100;114m▀[0m[38;2;61;94;105m[48;2;61;91;99m▀[0m[38;2;65;95;103m[48;2;56;84;90m▀[0m[38;2;2;4;6m[48;2;0;0;0m▀[0m[38;2;71;101;114m[48;2;73;103;111m▀[0m[38;2;64;93;102m[48;2;70;103;107m▀[0m[38;2;0;0;0m[48;2;0;0;0m▀[0m[38;2;29;40;46m[48;2;32;46;52m▀[0m[38;2;77;111;123m[48;2;78;108;122m▀[0m
[38;2;60;83;91m[48;2;62;84;92m▀[0m[38;2;60;83;94m[48;2;61;84;91m▀[0m[38;2;67;91;100m[48;2;63;84;92m▀[0m[38;2;58;84;91m[48;2;72;102;108m▀[0m[38;2;5;7;8m[48;2;17;26;28m▀[0m[38;2;67;96;101m[48;2;54;73;80m▀[0m[38;2;60;83;93m[48;2;66;96;104m▀[0m[38;2;61;89;97m[48;2;58;84;92m▀[0m[38;2;0;10;12m[48;2;38;66;71m▀[0m[38;2;129;136;144m[48;2;20;26;32m▀[0m[38;2;196;218;229m[48;2;195;213;222m▀[0m[38;2;161;179;188m[48;2;176;194;204m▀[0m[38;2;159;173;183m[48;2;164;179;191m▀[0m[38;2;158;174;183m[48;2;159;176;185m▀[0m[38;2;159;175;184m[48;2;159;177;186m▀[0m[38;2;157;174;183m[48;2;157;179;185m▀[0m[38;2;157;174;183m[48;2;155;177;186m▀[0m[38;2;163;187;196m[48;2;180;201;212m▀[0m[38;2;143;164;176m[48;2;151;151;161m▀[0m[38;2;133;145;153m[48;2;156;172;182m▀[0m[38;2;160;183;191m[48;2;162;184;194m▀[0m[38;2;157;191;205m[48;2;157;182;196m▀[0m[38;2;169;238;242m[48;2;145;211;225m▀[0m[38;2;247;0;0m[48;2;215;67;51m▀[0m[38;2;176;53;57m[48;2;224;108;106m▀[0m[38;2;34;93;103m[48;2;191;247;247m▀[0m[38;2;0;7;13m[48;2;147;160;166m▀[0m[38;2;26;55;64m[48;2;35;41;46m▀[0m[38;2;63;95;106m[48;2;2;25;32m▀[0m[38;2;71;86;97m[48;2;0;5;13m▀[0m[38;2;82;80;84m[48;2;66;73;69m▀[0m[38;2;215;208;205m[48;2;247;247;247m▀[0m[38;2;0;48;63m[48;2;100;138;146m▀[0m[38;2;5;62;73m[48;2;0;53;69m▀[0m[38;2;61;0;0m[48;2;143;0;0m▀[0m[38;2;207;12;17m[48;2;40;0;0m▀[0m[38;2;171;0;0m[48;2;187;0;0m▀[0m[38;2;247;247;247m[48;2;247;244;246m▀[0m[38;2;229;122;121m[48;2;220;134;133m▀[0m[38;2;184;0;0m[48;2;118;0;0m▀[0m[38;2;121;5;5m[48;2;222;17;17m▀[0m[38;2;19;4;7m[48;2;39;0;0m▀[0m[38;2;0;64;78m[48;2;0;64;82m▀[0m[38;2;0;0;0m[48;2;0;0;0m▀[0m[38;2;127;146;150m[48;2;247;247;247m▀[0m[38;2;189;180;178m[48;2;84;101;106m▀[0m[38;2;0;30;40m[48;2;0;0;0m▀[0m[38;2;33;63;72m[48;2;25;32;39m▀[0m[38;2;0;13;19m[48;2;139;150;154m▀[0m[38;2;53;59;62m[48;2;209;227;235m▀[0m[38;2;167;179;189m[48;2;188;205;214m▀[0m[38;2;207;226;235m[48;2;166;184;189m▀[0m[38;2;180;198;207m[48;2;163;183;186m▀[0m[38;2;164;181;189m[48;2;158;177;188m▀[0m[38;2;161;179;187m[48;2;161;177;185m▀[0m[38;2;158;176;186m[48;2;156;172;178m▀[0m[38;2;152;174;182m[48;2;169;187;194m▀[0m[38;2;158;176;185m[48;2;164;182;190m▀[0m[38;2;157;174;183m[48;2;157;174;182m▀[0m[38;2;157;175;183m[48;2;158;175;184m▀[0m[38;2;157;174;183m[48;2;157;176;184m▀[0m[38;2;156;174;183m[48;2;155;177;188m▀[0m[38;2;161;179;188m[48;2;161;184;191m▀[0m[38;2;180;198;207m[48;2;207;228;237m▀[0m[38;2;187;205;217m[48;2;85;96;101m▀[0m[38;2;0;0;0m[48;2;0;8;15m▀[0m[38;2;11;30;31m[48;2;32;43;49m▀[0m[38;2;66;94;105m[48;2;71;99;105m▀[0m[38;2;69;98;108m[48;2;72;104;114m▀[0m[38;2;38;58;64m[48;2;21;32;35m▀[0m[38;2;16;19;24m[48;2;39;53;58m▀[0m[38;2;79;109;118m[48;2;77;104;114m▀[0m[38;2;77;103;115m[48;2;80;110;119m▀[0m[38;2;0;0;0m[48;2;0;0;0m▀[0m[38;2;32;50;56m[48;2;32;49;53m▀[0m[38;2;79;104;119m[48;2;76;106;116m▀[0m
[38;2;63;84;93m[48;2;62;85;92m▀[0m[38;2;62;85;92m[48;2;62;85;93m▀[0m[38;2;60;88;94m[48;2;62;85;93m▀[0m[38;2;73;97;108m[48;2;64;89;99m▀[0m[38;2;40;57;63m[48;2;57;79;86m▀[0m[38;2;33;47;51m[48;2;21;33;34m▀[0m[38;2;74;100;110m[48;2;73;97;106m▀[0m[38;2;60;82;90m[48;2;64;86;95m▀[0m[38;2;63;91;98m[48;2;60;84;92m▀[0m[38;2;4;24;31m[48;2;53;82;88m▀[0m[38;2;92;97;104m[48;2;1;9;11m▀[0m[38;2;210;226;240m[48;2;180;187;198m▀[0m[38;2;165;183;191m[48;2;187;207;220m▀[0m[38;2;159;181;188m[48;2;165;183;192m▀[0m[38;2;159;177;185m[48;2;161;183;190m▀[0m[38;2;157;177;189m[48;2;166;186;194m▀[0m[38;2;160;197;208m[48;2;161;199;209m▀[0m[38;2;135;135;140m[48;2;148;77;81m▀[0m[38;2;179;165;172m[48;2;156;179;192m▀[0m[38;2;202;225;235m[48;2;165;184;187m▀[0m[38;2;137;161;176m[48;2;174;189;194m▀[0m[38;2;161;184;194m[48;2;146;172;183m▀[0m[38;2;147;192;204m[48;2;159;183;193m▀[0m[38;2;179;183;182m[48;2;163;183;194m▀[0m[38;2;178;147;140m[48;2;192;167;158m▀[0m[38;2;157;201;214m[48;2;154;178;192m▀[0m[38;2;192;218;227m[48;2;164;189;202m▀[0m[38;2;202;226;235m[48;2;173;196;204m▀[0m[38;2;113;122;129m[48;2;202;234;242m▀[0m[38;2;0;0;0m[48;2;166;191;200m▀[0m[38;2;0;0;0m[48;2;41;0;0m▀[0m[38;2;104;76;71m[48;2;0;0;0m▀[0m[38;2;247;247;247m[48;2;247;247;247m▀[0m[38;2;0;21;32m[48;2;0;0;0m▀[0m[38;2;212;4;8m[48;2;97;0;0m▀[0m[38;2;119;0;0m[48;2;185;0;0m▀[0m[38;2;51;0;0m[48;2;85;0;0m▀[0m[38;2;243;54;61m[48;2;202;53;54m▀[0m[38;2;175;130;131m[48;2;197;135;136m▀[0m[38;2;135;0;0m[48;2;207;0;0m▀[0m[38;2;196;0;2m[48;2;145;0;0m▀[0m[38;2;55;0;3m[48;2;0;0;0m▀[0m[38;2;0;13;32m[48;2;0;0;4m▀[0m[38;2;130;131;129m[48;2;247;247;247m▀[0m[38;2;247;247;247m[48;2;63;65;65m▀[0m[38;2;0;0;0m[48;2;89;110;119m▀[0m[38;2;65;76;84m[48;2;211;238;247m▀[0m[38;2;194;218;225m[48;2;196;216;223m▀[0m[38;2;201;223;231m[48;2;169;186;192m▀[0m[38;2;167;187;192m[48;2;164;181;187m▀[0m[38;2;164;183;190m[48;2;168;181;191m▀[0m[38;2;166;179;187m[48;2;163;181;187m▀[0m[38;2;161;179;187m[48;2;160;174;182m▀[0m[38;2;156;178;182m[48;2;147;170;176m▀[0m[38;2;147;168;176m[48;2;214;222;226m▀[0m[38;2;183;194;197m[48;2;181;195;200m▀[0m[38;2;169;187;188m[48;2;150;172;180m▀[0m[38;2;153;173;185m[48;2;160;178;186m▀[0m[38;2;159;177;185m[48;2;160;178;187m▀[0m[38;2;159;177;186m[48;2;157;173;182m▀[0m[38;2;161;179;189m[48;2;162;181;190m▀[0m[38;2;163;181;191m[48;2;167;191;198m▀[0m[38;2;191;208;220m[48;2;210;232;243m▀[0m[38;2;174;187;194m[48;2;64;70;75m▀[0m[38;2;8;29;32m[48;2;27;56;64m▀[0m[38;2;32;54;63m[48;2;43;61;66m▀[0m[38;2;34;43;45m[48;2;31;46;46m▀[0m[38;2;74;103;107m[48;2;78;107;116m▀[0m[38;2;70;97;107m[48;2;59;80;89m▀[0m[38;2;15;21;24m[48;2;29;39;43m▀[0m[38;2;62;83;87m[48;2;67;97;103m▀[0m[38;2;70;94;100m[48;2;62;86;96m▀[0m[38;2;78;109;116m[48;2;70;100;109m▀[0m[38;2;16;22;26m[48;2;40;57;65m▀[0m[38;2;34;49;53m[48;2;35;48;55m▀[0m[38;2;79;108;116m[48;2;77;106;115m▀[0m
[38;2;63;86;94m[48;2;64;86;93m▀[0m[38;2;63;85;94m[48;2;64;87;94m▀[0m[38;2;63;86;94m[48;2;64;87;95m▀[0m[38;2;60;88;96m[48;2;63;86;94m▀[0m[38;2;69;96;103m[48;2;72;100;108m▀[0m[38;2;29;37;43m[48;2;42;56;61m▀[0m[38;2;58;80;87m[48;2;43;60;65m▀[0m[38;2;65;90;99m[48;2;72;100;106m▀[0m[38;2;62;85;92m[48;2;66;86;93m▀[0m[38;2;63;91;96m[48;2;62;86;92m▀[0m[38;2;20;49;51m[48;2;64;93;98m▀[0m[38;2;55;60;64m[48;2;0;15;18m▀[0m[38;2;215;229;245m[48;2;130;137;145m▀[0m[38;2;175;194;203m[48;2;212;235;247m▀[0m[38;2;167;190;196m[48;2;171;194;206m▀[0m[38;2;165;215;226m[48;2;168;245;247m▀[0m[38;2;154;146;154m[48;2;144;37;38m▀[0m[38;2;191;43;47m[48;2;120;0;0m▀[0m[38;2;116;165;175m[48;2;134;199;208m▀[0m[38;2;145;169;179m[48;2;170;194;206m▀[0m[38;2;215;229;231m[48;2;147;179;187m▀[0m[38;2;190;202;209m[48;2;205;218;218m▀[0m[38;2;150;173;183m[48;2;184;198;204m▀[0m[38;2;155;179;193m[48;2;141;173;190m▀[0m[38;2;207;176;172m[48;2;197;187;185m▀[0m[38;2;161;168;172m[48;2;198;177;166m▀[0m[38;2;155;188;198m[48;2;148;180;189m▀[0m[38;2;165;187;195m[48;2;161;184;193m▀[0m[38;2;167;189;196m[48;2;166;189;196m▀[0m[38;2;197;221;232m[48;2;168;192;202m▀[0m[38;2;192;228;239m[48;2;197;221;232m▀[0m[38;2;0;0;0m[48;2;160;182;194m▀[0m[38;2;80;81;75m[48;2;0;0;0m▀[0m[38;2;218;247;247m[48;2;247;247;247m▀[0m[38;2;124;103;101m[48;2;247;247;247m▀[0m[38;2;140;40;46m[48;2;247;247;247m▀[0m[38;2;148;0;0m[48;2;169;0;0m▀[0m[38;2;158;61;61m[48;2;164;94;94m▀[0m[38;2;199;107;107m[48;2;166;106;101m▀[0m[38;2;209;0;0m[48;2;111;0;0m▀[0m[38;2;110;0;0m[48;2;247;247;247m▀[0m[38;2;23;12;6m[48;2;247;247;247m▀[0m[38;2;196;209;207m[48;2;188;194;191m▀[0m[38;2;136;134;132m[48;2;70;93;103m▀[0m[38;2;89;113;120m[48;2;197;230;242m▀[0m[38;2;200;230;239m[48;2;162;186;194m▀[0m[38;2;186;198;208m[48;2;164;186;193m▀[0m[38;2;175;189;194m[48;2;161;180;189m▀[0m[38;2;160;178;186m[48;2;161;181;190m▀[0m[38;2;164;183;187m[48;2;161;186;194m▀[0m[38;2;154;173;181m[48;2;152;172;184m▀[0m[38;2;153;172;180m[48;2;130;149;159m▀[0m[38;2;164;183;190m[48;2;210;225;226m▀[0m[38;2;231;237;240m[48;2;181;194;204m▀[0m[38;2;199;210;216m[48;2;150;167;177m▀[0m[38;2;145;168;176m[48;2;163;180;189m▀[0m[38;2;158;181;188m[48;2;161;179;187m▀[0m[38;2;158;180;186m[48;2;161;179;187m▀[0m[38;2;159;188;189m[48;2;161;192;197m▀[0m[38;2;157;164;172m[48;2;162;172;180m▀[0m[38;2;166;171;181m[48;2;183;173;187m▀[0m[38;2;201;226;236m[48;2;221;247;247m▀[0m[38;2;158;172;182m[48;2;26;32;35m▀[0m[38;2;0;15;20m[48;2;36;69;78m▀[0m[38;2;64;97;105m[48;2;74;101;111m▀[0m[38;2;43;62;68m[48;2;53;71;78m▀[0m[38;2;32;46;51m[48;2;34;51;53m▀[0m[38;2;78;111;120m[48;2;78;108;117m▀[0m[38;2;49;68;75m[48;2;39;57;63m▀[0m[38;2;45;64;71m[48;2;60;83;90m▀[0m[38;2;66;97;102m[48;2;64;93;97m▀[0m[38;2;61;87;97m[48;2;63;89;97m▀[0m[38;2;65;93;102m[48;2;62;85;96m▀[0m[38;2;59;83;90m[48;2;72;106;113m▀[0m[38;2;42;60;69m[48;2;26;37;44m▀[0m[38;2;82;116;125m[48;2;0;0;0m▀[0m
[38;2;64;86;93m[48;2;64;87;95m▀[0m[38;2;64;87;94m[48;2;64;87;95m▀[0m[38;2;64;88;95m[48;2;64;88;96m▀[0m[38;2;63;86;94m[48;2;64;87;95m▀[0m[38;2;66;93;100m[48;2;64;86;97m▀[0m[38;2;57;79;87m[48;2;71;97;102m▀[0m[38;2;25;36;40m[48;2;21;32;38m▀[0m[38;2;72;101;105m[48;2;65;85;94m▀[0m[38;2;62;88;96m[48;2;66;93;100m▀[0m[38;2;63;86;97m[48;2;67;90;98m▀[0m[38;2;62;88;97m[48;2;72;102;111m▀[0m[38;2;48;81;90m[48;2;59;85;97m▀[0m[38;2;0;0;0m[48;2;0;0;0m▀[0m[38;2;200;224;234m[48;2;47;55;59m▀[0m[38;2;204;231;245m[48;2;247;247;247m▀[0m[38;2;163;235;247m[48;2;121;165;172m▀[0m[38;2;73;0;0m[48;2;74;0;0m▀[0m[38;2;148;77;74m[48;2;196;197;208m▀[0m[38;2;175;235;247m[48;2;165;212;225m▀[0m[38;2;158;188;195m[48;2;161;190;199m▀[0m[38;2;161;182;194m[48;2;161;184;194m▀[0m[38;2;150;182;191m[48;2;163;161;171m▀[0m[38;2;176;198;205m[48;2;159;182;192m▀[0m[38;2;154;184;194m[48;2;151;184;193m▀[0m[38;2;181;184;190m[48;2;167;179;189m▀[0m[38;2;243;202;185m[48;2;247;206;193m▀[0m[38;2;143;164;173m[48;2;145;157;166m▀[0m[38;2;161;183;194m[48;2;162;184;195m▀[0m[38;2;161;181;193m[48;2;163;181;190m▀[0m[38;2;166;191;197m[48;2;170;188;196m▀[0m[38;2;161;184;194m[48;2;162;182;190m▀[0m[38;2;194;216;228m[48;2;113;130;135m▀[0m[38;2;144;165;177m[48;2;200;226;243m▀[0m[38;2;57;64;64m[48;2;101;129;143m▀[0m[38;2;247;247;247m[48;2;192;174;168m▀[0m[38;2;234;243;246m[48;2;162;134;134m▀[0m[38;2;90;17;15m[48;2;217;231;222m▀[0m[38;2;116;57;57m[48;2;117;64;64m▀[0m[38;2;143;106;95m[48;2;128;87;90m▀[0m[38;2;22;7;6m[48;2;200;183;189m▀[0m[38;2;247;247;247m[48;2;194;36;31m▀[0m[38;2;161;176;173m[48;2;148;185;195m▀[0m[38;2;35;53;57m[48;2;169;199;212m▀[0m[38;2;196;226;240m[48;2;147;166;174m▀[0m[38;2;156;182;190m[48;2;127;145;150m▀[0m[38;2;168;191;198m[48;2;173;193;200m▀[0m[38;2;162;185;193m[48;2;162;182;190m▀[0m[38;2;161;183;190m[48;2;161;183;190m▀[0m[38;2;162;182;190m[48;2;161;183;191m▀[0m[38;2;161;185;188m[48;2;161;186;190m▀[0m[38;2;163;190;197m[48;2;175;204;214m▀[0m[38;2;125;136;144m[48;2;94;115;123m▀[0m[38;2;168;188;195m[48;2;144;167;175m▀[0m[38;2;161;179;188m[48;2;172;195;205m▀[0m[38;2;162;180;189m[48;2;163;183;192m▀[0m[38;2;162;180;190m[48;2;163;180;190m▀[0m[38;2;161;180;189m[48;2;162;181;189m▀[0m[38;2;163;180;188m[48;2;168;186;194m▀[0m[38;2;165;193;202m[48;2;167;201;209m▀[0m[38;2;170;180;191m[48;2;200;206;216m▀[0m[38;2;229;219;236m[48;2;187;156;166m▀[0m[38;2;113;136;143m[48;2;0;0;0m▀[0m[38;2;0;0;0m[48;2;0;0;0m▀[0m[38;2;48;71;77m[48;2;4;12;14m▀[0m[38;2;81;114;125m[48;2;89;126;137m▀[0m[38;2;53;75;83m[48;2;58;81;91m▀[0m[38;2;40;53;60m[48;2;45;64;70m▀[0m[38;2;71;97;108m[48;2;61;83;91m▀[0m[38;2;40;58;64m[48;2;53;72;77m▀[0m[38;2;70;95;102m[48;2;67;96;103m▀[0m[38;2;64;87;95m[48;2;64;88;96m▀[0m[38;2;64;87;95m[48;2;64;88;96m▀[0m[38;2;64;86;94m[48;2;64;87;95m▀[0m[38;2;70;95;101m[48;2;66;90;97m▀[0m[38;2;65;94;98m[48;2;72;98;105m▀[0m[38;2;0;0;0m[48;2;64;88;96m▀[0m
[38;2;65;89;97m[48;2;64;89;96m▀[0m[38;2;65;89;97m[48;2;64;88;96m▀[0m[38;2;64;88;96m[48;2;64;88;96m▀[0m[38;2;64;88;96m[48;2;64;88;95m▀[0m[38;2;64;86;94m[48;2;64;87;97m▀[0m[38;2;73;100;110m[48;2;68;97;104m▀[0m[38;2;36;53;57m[48;2;57;78;85m▀[0m[38;2;48;64;69m[48;2;26;40;44m▀[0m[38;2;75;104;110m[48;2;75;104;113m▀[0m[38;2;66;93;99m[48;2;71;99;105m▀[0m[38;2;87;119;132m[48;2;84;117;128m▀[0m[38;2;29;38;46m[48;2;0;0;0m▀[0m[38;2;0;0;0m[48;2;0;0;0m▀[0m[38;2;0;0;0m[48;2;0;0;0m▀[0m[38;2;139;187;198m[48;2;0;0;0m▀[0m[38;2;172;170;178m[48;2;140;174;183m▀[0m[38;2;159;0;0m[48;2;237;91;92m▀[0m[38;2;177;213;221m[48;2;174;193;204m▀[0m[38;2;166;209;217m[48;2;171;213;226m▀[0m[38;2;161;190;205m[48;2;161;193;205m▀[0m[38;2;163;178;188m[48;2;165;175;183m▀[0m[38;2;174;140;146m[48;2;178;148;156m▀[0m[38;2;164;189;200m[48;2;162;194;206m▀[0m[38;2;157;184;195m[48;2;164;187;197m▀[0m[38;2;150;164;172m[48;2;140;163;173m▀[0m[38;2;247;225;210m[48;2;247;225;210m▀[0m[38;2;164;173;180m[48;2;202;184;185m▀[0m[38;2;157;183;196m[48;2;150;177;192m▀[0m[38;2;165;182;191m[48;2;165;183;192m▀[0m[38;2;161;185;194m[48;2;161;185;194m▀[0m[38;2;181;202;211m[48;2;182;205;216m▀[0m[38;2;131;146;156m[48;2;137;156;164m▀[0m[38;2;18;32;46m[48;2;81;99;106m▀[0m[38;2;194;198;195m[48;2;247;224;205m▀[0m[38;2;232;202;191m[48;2;173;172;173m▀[0m[38;2;169;161;160m[48;2;190;172;169m▀[0m[38;2;190;189;189m[48;2;179;177;181m▀[0m[38;2;161;134;140m[48;2;176;188;195m▀[0m[38;2;166;148;151m[48;2;177;187;194m▀[0m[38;2;188;230;235m[48;2;169;231;241m▀[0m[38;2;211;100;93m[48;2;214;72;66m▀[0m[38;2;198;201;210m[48;2;212;94;93m▀[0m[38;2;119;160;167m[48;2;131;202;218m▀[0m[38;2;85;99;103m[48;2;105;125;125m▀[0m[38;2;179;203;215m[48;2;183;209;216m▀[0m[38;2;168;187;196m[48;2;167;185;191m▀[0m[38;2;165;183;191m[48;2;166;183;192m▀[0m[38;2;165;183;191m[48;2;167;184;193m▀[0m[38;2;166;184;195m[48;2;164;187;194m▀[0m[38;2;162;185;195m[48;2;164;186;196m▀[0m[38;2;172;220;238m[48;2;160;234;247m▀[0m[38;2;130;74;77m[48;2;200;20;17m▀[0m[38;2;140;116;127m[48;2;183;53;52m▀[0m[38;2;173;212;226m[48;2;161;231;242m▀[0m[38;2;164;183;192m[48;2;165;184;193m▀[0m[38;2;164;181;191m[48;2;167;187;195m▀[0m[38;2;166;184;193m[48;2;171;193;199m▀[0m[38;2;174;193;199m[48;2;181;200;209m▀[0m[38;2;188;223;234m[48;2;247;247;247m▀[0m[38;2;243;206;210m[48;2;95;88;92m▀[0m[38;2;20;0;0m[48;2;0;0;0m▀[0m[38;2;0;0;0m[48;2;0;0;0m▀[0m[38;2;0;0;0m[48;2;0;0;0m▀[0m[38;2;0;0;0m[48;2;0;0;0m▀[0m[38;2;73;106;114m[48;2;33;48;52m▀[0m[38;2;69;99;105m[48;2;83;115;124m▀[0m[38;2;53;74;82m[48;2;52;66;72m▀[0m[38;2;49;68;73m[48;2;52;70;75m▀[0m[38;2;61;84;91m[48;2;71;99;107m▀[0m[38;2;67;94;98m[48;2;65;89;100m▀[0m[38;2;66;89;97m[48;2;66;89;97m▀[0m[38;2;66;89;97m[48;2;65;89;97m▀[0m[38;2;65;89;96m[48;2;64;89;97m▀[0m[38;2;65;88;96m[48;2;65;89;97m▀[0m[38;2;68;91;97m[48;2;65;89;97m▀[0m[38;2;70;94;101m[48;2;64;89;96m▀[0m
[38;2;65;90;97m[48;2;67;91;98m▀[0m[38;2;65;89;97m[48;2;72;91;98m▀[0m[38;2;64;88;96m[48;2;67;89;97m▀[0m[38;2;64;89;96m[48;2;67;90;97m▀[0m[38;2;64;89;97m[48;2;66;89;97m▀[0m[38;2;63;89;97m[48;2;65;88;95m▀[0m[38;2;68;97;104m[48;2;79;101;109m▀[0m[38;2;22;33;37m[48;2;42;59;64m▀[0m[38;2;64;89;97m[48;2;44;63;65m▀[0m[38;2;86;119;128m[48;2;102;134;146m▀[0m[38;2;60;83;91m[48;2;25;28;32m▀[0m[38;2;0;0;0m[48;2;11;28;33m▀[0m[38;2;0;0;0m[48;2;22;36;40m▀[0m[38;2;0;0;0m[48;2;0;0;0m▀[0m[38;2;0;0;0m[48;2;0;0;0m▀[0m[38;2;0;7;9m[48;2;0;0;0m▀[0m[38;2;228;50;53m[48;2;2;0;0m▀[0m[38;2;213;177;187m[48;2;241;147;151m▀[0m[38;2;176;227;242m[48;2;200;247;247m▀[0m[38;2;168;202;214m[48;2;177;209;219m▀[0m[38;2;170;166;170m[48;2;175;167;174m▀[0m[38;2;175;152;153m[48;2;173;155;158m▀[0m[38;2;160;196;207m[48;2;161;198;209m▀[0m[38;2;164;183;191m[48;2;166;184;193m▀[0m[38;2;157;187;202m[48;2;166;185;194m▀[0m[38;2;164;156;152m[48;2;164;185;200m▀[0m[38;2;165;160;160m[48;2;165;188;198m▀[0m[38;2;161;188;198m[48;2;165;187;194m▀[0m[38;2;164;186;194m[48;2;168;187;196m▀[0m[38;2;168;192;198m[48;2;176;206;218m▀[0m[38;2;171;193;205m[48;2;114;133;142m▀[0m[38;2;78;97;104m[48;2;132;165;178m▀[0m[38;2;193;201;205m[48;2;214;197;190m▀[0m[38;2;203;179;165m[48;2;173;180;181m▀[0m[38;2;152;178;189m[48;2;161;189;202m▀[0m[38;2;200;186;184m[48;2;190;177;179m▀[0m[38;2;173;188;201m[48;2;177;203;219m▀[0m[38;2;180;193;206m[48;2;170;192;203m▀[0m[38;2;176;194;206m[48;2;170;194;205m▀[0m[38;2;168;226;235m[48;2;166;200;213m▀[0m[38;2;195;65;62m[48;2;155;239;247m▀[0m[38;2;216;30;20m[48;2;187;53;52m▀[0m[38;2;176;240;247m[48;2;178;148;153m▀[0m[38;2;129;161;169m[48;2;171;244;247m▀[0m[38;2;137;160;168m[48;2;128;157;165m▀[0m[38;2;178;197;205m[48;2;160;176;185m▀[0m[38;2;166;183;192m[48;2;176;193;202m▀[0m[38;2;166;186;193m[48;2;166;184;192m▀[0m[38;2;165;187;192m[48;2;164;188;191m▀[0m[38;2;165;190;197m[48;2;162;195;206m▀[0m[38;2;158;226;239m[48;2;161;188;198m▀[0m[38;2;203;4;0m[48;2;172;116;119m▀[0m[38;2;189;57;53m[48;2;171;132;139m▀[0m[38;2;161;227;235m[48;2;167;206;217m▀[0m[38;2;170;190;198m[48;2;173;197;207m▀[0m[38;2;173;197;204m[48;2;185;208;218m▀[0m[38;2;181;203;214m[48;2;239;247;247m▀[0m[38;2;244;247;247m[48;2;116;130;138m▀[0m[38;2;122;134;141m[48;2;0;0;0m▀[0m[38;2;0;0;0m[48;2;0;0;0m▀[0m[38;2;0;0;0m[48;2;0;0;0m▀[0m[38;2;0;0;0m[48;2;61;89;97m▀[0m[38;2;0;0;0m[48;2;25;39;47m▀[0m[38;2;2;2;2m[48;2;19;35;41m▀[0m[38;2;1;5;4m[48;2;0;0;0m▀[0m[38;2;78;111;119m[48;2;50;70;73m▀[0m[38;2;46;64;69m[48;2;48;67;75m▀[0m[38;2;58;79;86m[48;2;67;96;101m▀[0m[38;2;73;97;105m[48;2;72;95;101m▀[0m[38;2;66;89;97m[48;2;66;90;97m▀[0m[38;2;65;89;98m[48;2;65;90;97m▀[0m[38;2;64;88;97m[48;2;66;90;97m▀[0m[38;2;64;89;97m[48;2;66;90;97m▀[0m[38;2;65;89;97m[48;2;64;89;97m▀[0m[38;2;65;89;97m[48;2;66;90;97m▀[0m[38;2;64;89;97m[48;2;66;90;97m▀[0m
[38;2;69;91;98m[48;2;68;91;98m▀[0m[38;2;68;90;98m[48;2;68;92;99m▀[0m[38;2;66;90;97m[48;2;67;92;99m▀[0m[38;2;66;90;97m[48;2;66;91;98m▀[0m[38;2;65;89;97m[48;2;66;91;98m▀[0m[38;2;65;89;97m[48;2;68;92;102m▀[0m[38;2;71;96;102m[48;2;65;92;101m▀[0m[38;2;65;92;98m[48;2;81;107;118m▀[0m[38;2;26;36;40m[48;2;36;50;54m▀[0m[38;2;96;119;133m[48;2;43;60;64m▀[0m[38;2;0;0;0m[48;2;0;0;0m▀[0m[38;2;10;25;32m[48;2;81;119;129m▀[0m[38;2;42;64;70m[48;2;50;69;76m▀[0m[38;2;36;54;58m[48;2;83;118;129m▀[0m[38;2;0;0;0m[48;2;23;34;38m▀[0m[38;2;0;0;0m[48;2;0;0;0m▀[0m[38;2;0;0;0m[48;2;0;0;0m▀[0m[38;2;27;13;13m[48;2;0;0;0m▀[0m[38;2;233;247;247m[48;2;27;33;37m▀[0m[38;2;203;244;247m[48;2;221;247;247m▀[0m[38;2;183;165;171m[48;2;226;200;208m▀[0m[38;2;182;160;160m[48;2;200;148;150m▀[0m[38;2;161;204;214m[48;2;169;214;229m▀[0m[38;2;167;182;195m[48;2;165;186;198m▀[0m[38;2;166;184;194m[48;2;166;184;194m▀[0m[38;2;166;183;194m[48;2;167;184;195m▀[0m[38;2;165;187;194m[48;2;165;188;199m▀[0m[38;2;165;187;198m[48;2;173;211;225m▀[0m[38;2;177;209;226m[48;2;159;151;159m▀[0m[38;2;153;162;171m[48;2;188;39;31m▀[0m[38;2;130;157;170m[48;2;149;197;213m▀[0m[38;2;175;197;203m[48;2;219;215;212m▀[0m[38;2;232;202;190m[48;2;220;212;208m▀[0m[38;2;144;178;190m[48;2;148;169;176m▀[0m[38;2;175;192;199m[48;2;242;215;196m▀[0m[38;2;186;171;166m[48;2;129;121;114m▀[0m[38;2;91;118;129m[48;2;131;149;157m▀[0m[38;2;162;173;184m[48;2;177;183;194m▀[0m[38;2;180;188;194m[48;2;172;177;182m▀[0m[38;2;158;166;173m[48;2;198;200;202m▀[0m[38;2;115;201;215m[48;2;160;207;212m▀[0m[38;2;184;0;0m[48;2;178;0;0m▀[0m[38;2;204;0;0m[48;2;220;0;0m▀[0m[38;2;151;247;247m[48;2;128;144;149m▀[0m[38;2;173;210;223m[48;2;158;219;233m▀[0m[38;2;143;164;176m[48;2;172;195;208m▀[0m[38;2;161;183;188m[48;2;133;148;158m▀[0m[38;2;174;193;201m[48;2;161;179;192m▀[0m[38;2;165;185;190m[48;2;174;194;202m▀[0m[38;2;163;198;209m[48;2;170;200;213m▀[0m[38;2;164;170;178m[48;2;171;166;174m▀[0m[38;2;160;155;163m[48;2;169;177;188m▀[0m[38;2;171;144;151m[48;2;190;151;158m▀[0m[38;2;176;209;223m[48;2;216;247;247m▀[0m[38;2;194;218;230m[48;2;236;247;247m▀[0m[38;2;239;247;247m[48;2;59;66;71m▀[0m[38;2;95;104;112m[48;2;0;0;0m▀[0m[38;2;0;0;0m[48;2;0;0;0m▀[0m[38;2;0;0;0m[48;2;0;0;0m▀[0m[38;2;0;0;0m[48;2;4;10;13m▀[0m[38;2;39;61;65m[48;2;90;127;138m▀[0m[38;2;105;152;163m[48;2;84;116;126m▀[0m[38;2;35;54;58m[48;2;57;85;91m▀[0m[38;2;22;32;42m[48;2;31;52;59m▀[0m[38;2;21;30;35m[48;2;51;73;84m▀[0m[38;2;0;1;1m[48;2;0;0;0m▀[0m[38;2;48;66;73m[48;2;60;79;87m▀[0m[38;2;84;108;118m[48;2;83;110;120m▀[0m[38;2;69;93;100m[48;2;66;93;100m▀[0m[38;2;67;91;98m[48;2;68;91;99m▀[0m[38;2;67;91;98m[48;2;68;91;98m▀[0m[38;2;67;91;98m[48;2;68;91;98m▀[0m[38;2;66;91;97m[48;2;67;91;98m▀[0m[38;2;67;91;98m[48;2;67;91;98m▀[0m[38;2;67;91;97m[48;2;67;91;98m▀[0m[38;2;67;91;97m[48;2;66;90;97m▀[0m
[38;2;55;76;84m[48;2;42;59;64m▀[0m[38;2;73;97;105m[48;2;79;103;111m▀[0m[38;2;68;91;99m[48;2;68;95;101m▀[0m[38;2;68;91;98m[48;2;69;93;99m▀[0m[38;2;67;92;98m[48;2;69;93;100m▀[0m[38;2;69;91;99m[48;2;68;92;99m▀[0m[38;2;71;91;101m[48;2;68;95;102m▀[0m[38;2;78;106;112m[48;2;75;98;106m▀[0m[38;2;67;96;101m[48;2;90;125;136m▀[0m[38;2;0;0;0m[48;2;0;0;0m▀[0m[38;2;18;29;32m[48;2;7;14;17m▀[0m[38;2;99;142;159m[48;2;97;137;149m▀[0m[38;2;35;47;53m[48;2;19;30;32m▀[0m[38;2;80;118;126m[48;2;77;109;118m▀[0m[38;2;62;85;96m[48;2;36;53;58m▀[0m[38;2;0;0;0m[48;2;10;16;17m▀[0m[38;2;0;0;0m[48;2;0;0;0m▀[0m[38;2;0;0;0m[48;2;0;0;0m▀[0m[38;2;0;0;0m[48;2;0;0;0m▀[0m[38;2;0;14;17m[48;2;0;0;0m▀[0m[38;2;203;163;169m[48;2;0;0;0m▀[0m[38;2;247;151;154m[48;2;158;69;70m▀[0m[38;2;180;231;246m[48;2;247;247;247m▀[0m[38;2;176;195;203m[48;2;202;224;238m▀[0m[38;2;170;194;200m[48;2;184;200;208m▀[0m[38;2;170;189;198m[48;2;189;208;215m▀[0m[38;2;182;202;214m[48;2;175;192;201m▀[0m[38;2;148;189;200m[48;2;100;130;136m▀[0m[38;2;148;94;92m[48;2;183;156;161m▀[0m[38;2;201;100;99m[48;2;175;167;174m▀[0m[38;2;145;206;221m[48;2;161;220;232m▀[0m[38;2;222;172;155m[48;2;161;85;74m▀[0m[38;2;168;138;132m[48;2;168;146;144m▀[0m[38;2;247;247;247m[48;2;247;247;247m▀[0m[38;2;239;225;219m[48;2;178;173;181m▀[0m[38;2;143;159;174m[48;2;151;178;194m▀[0m[38;2;182;193;207m[48;2;171;182;193m▀[0m[38;2;173;180;189m[48;2;173;181;189m▀[0m[38;2;165;168;173m[48;2;173;175;180m▀[0m[38;2;247;247;247m[48;2;173;179;184m▀[0m[38;2;197;232;238m[48;2;169;197;205m▀[0m[38;2;142;129;135m[48;2;157;230;245m▀[0m[38;2;194;0;0m[48;2;177;26;22m▀[0m[38;2;167;36;23m[48;2;198;22;15m▀[0m[38;2;157;227;239m[48;2;176;215;226m▀[0m[38;2;161;190;199m[48;2;172;207;215m▀[0m[38;2;164;183;192m[48;2;161;178;186m▀[0m[38;2;117;127;135m[48;2;141;162;169m▀[0m[38;2;181;202;211m[48;2;106;117;125m▀[0m[38;2;179;202;212m[48;2;217;239;247m▀[0m[38;2;176;166;172m[48;2;219;247;247m▀[0m[38;2;181;192;202m[48;2;230;229;244m▀[0m[38;2;247;194;203m[48;2;112;62;68m▀[0m[38;2;193;234;247m[48;2;0;0;0m▀[0m[38;2;13;15;15m[48;2;0;0;0m▀[0m[38;2;0;0;0m[48;2;0;0;0m▀[0m[38;2;0;0;0m[48;2;0;0;0m▀[0m[38;2;0;0;0m[48;2;0;0;0m▀[0m[38;2;0;0;0m[48;2;77;117;122m▀[0m[38;2;38;55;60m[48;2;58;84;92m▀[0m[38;2;88;121;129m[48;2;53;70;79m▀[0m[38;2;73;100;111m[48;2;83;109;120m▀[0m[38;2;77;107;116m[48;2;79;108;117m▀[0m[38;2;43;66;73m[48;2;44;63;70m▀[0m[38;2;70;99;108m[48;2;82;117;125m▀[0m[38;2;0;0;0m[48;2;0;0;1m▀[0m[38;2;73;93;99m[48;2;44;59;64m▀[0m[38;2;84;108;120m[48;2;89;117;125m▀[0m[38;2;70;92;102m[48;2;70;94;101m▀[0m[38;2;69;91;98m[48;2;69;93;99m▀[0m[38;2;69;92;99m[48;2;69;93;100m▀[0m[38;2;68;92;99m[48;2;69;93;100m▀[0m[38;2;68;92;99m[48;2;70;93;100m▀[0m[38;2;68;92;98m[48;2;70;93;100m▀[0m[38;2;68;91;98m[48;2;70;93;99m▀[0m[38;2;69;92;98m[48;2;70;93;99m▀[0m
[38;2;42;61;64m[48;2;45;60;65m▀[0m[38;2;74;98;108m[48;2;64;86;93m▀[0m[38;2;70;97;106m[48;2;74;102;108m▀[0m[38;2;70;94;100m[48;2;70;93;100m▀[0m[38;2;69;94;100m[48;2;71;94;101m▀[0m[38;2;68;93;99m[48;2;70;94;101m▀[0m[38;2;69;93;99m[48;2;69;93;99m▀[0m[38;2;76;98;106m[48;2;73;96;104m▀[0m[38;2;93;128;136m[48;2;93;125;137m▀[0m[38;2;15;23;27m[48;2;11;17;17m▀[0m[38;2;0;0;0m[48;2;0;0;0m▀[0m[38;2;94;132;144m[48;2;82;125;134m▀[0m[38;2;26;33;37m[48;2;43;64;69m▀[0m[38;2;55;83;91m[48;2;36;55;63m▀[0m[38;2;18;29;31m[48;2;50;68;75m▀[0m[38;2;95;133;144m[48;2;95;130;137m▀[0m[38;2;14;21;22m[48;2;84;116;124m▀[0m[38;2;0;0;0m[48;2;2;5;6m▀[0m[38;2;0;0;0m[48;2;0;0;0m▀[0m[38;2;0;0;0m[48;2;0;0;0m▀[0m[38;2;0;0;0m[48;2;0;0;0m▀[0m[38;2;0;0;0m[48;2;0;0;0m▀[0m[38;2;68;80;84m[48;2;0;0;0m▀[0m[38;2;221;244;247m[48;2;0;0;0m▀[0m[38;2;244;247;247m[48;2;109;122;129m▀[0m[38;2;234;247;247m[48;2;53;60;64m▀[0m[38;2;75;86;92m[48;2;35;49;50m▀[0m[38;2;155;187;199m[48;2;217;239;247m▀[0m[38;2;183;152;157m[48;2;173;110;116m▀[0m[38;2;164;196;208m[48;2;170;215;222m▀[0m[38;2;165;203;214m[48;2;157;178;187m▀[0m[38;2;147;144;152m[48;2;138;171;187m▀[0m[38;2;212;231;235m[48;2;180;154;146m▀[0m[38;2;247;247;247m[48;2;247;220;207m▀[0m[38;2;156;159;167m[48;2;155;171;180m▀[0m[38;2;162;190;201m[48;2;165;190;200m▀[0m[38;2;171;186;195m[48;2;171;188;196m▀[0m[38;2;171;183;193m[48;2;170;185;194m▀[0m[38;2;172;183;191m[48;2;168;185;194m▀[0m[38;2;171;181;190m[48;2;169;188;199m▀[0m[38;2;168;194;204m[48;2;167;200;209m▀[0m[38;2;163;208;221m[48;2;166;193;203m▀[0m[38;2;170;152;155m[48;2;170;182;193m▀[0m[38;2;177;24;28m[48;2;183;42;38m▀[0m[38;2;173;151;157m[48;2;185;156;160m▀[0m[38;2;171;221;232m[48;2;160;211;226m▀[0m[38;2;190;187;187m[48;2;193;189;186m▀[0m[38;2;193;219;226m[48;2;200;217;228m▀[0m[38;2;64;71;75m[48;2;161;181;192m▀[0m[38;2;143;161;170m[48;2;0;0;0m▀[0m[38;2;139;183;194m[48;2;0;0;0m▀[0m[38;2;116;13;8m[48;2;100;0;0m▀[0m[38;2;0;0;0m[48;2;0;0;0m▀[0m[38;2;0;0;0m[48;2;0;0;0m▀[0m[38;2;0;0;1m[48;2;0;0;0m▀[0m[38;2;0;0;0m[48;2;0;2;3m▀[0m[38;2;0;0;0m[48;2;17;28;31m▀[0m[38;2;2;6;7m[48;2;4;8;11m▀[0m[38;2;90;132;141m[48;2;91;128;138m▀[0m[38;2;83;116;127m[48;2;78;102;110m▀[0m[38;2;35;53;59m[48;2;66;96;101m▀[0m[38;2;59;81;88m[48;2;28;36;43m▀[0m[38;2;83;115;124m[48;2;80;109;115m▀[0m[38;2;41;59;66m[48;2;45;63;71m▀[0m[38;2;84;119;127m[48;2;84;117;129m▀[0m[38;2;0;0;0m[48;2;4;4;4m▀[0m[38;2;19;27;27m[48;2;0;3;4m▀[0m[38;2;96;123;132m[48;2;93;122;130m▀[0m[38;2;71;95;102m[48;2;74;97;107m▀[0m[38;2;69;93;99m[48;2;69;93;99m▀[0m[38;2;69;93;100m[48;2;69;93;100m▀[0m[38;2;69;93;100m[48;2;69;94;100m▀[0m[38;2;70;94;100m[48;2;71;94;99m▀[0m[38;2;70;94;100m[48;2;71;93;100m▀[0m[38;2;71;94;101m[48;2;70;94;100m▀[0m[38;2;70;93;100m[48;2;73;99;107m▀[0m
[38;2;56;73;79m[48;2;69;91;99m▀[0m[38;2;54;72;76m[48;2;44;55;62m▀[0m[38;2;79;103;110m[48;2;78;106;112m▀[0m[38;2;70;93;100m[48;2;70;94;100m▀[0m[38;2;71;95;101m[48;2;71;95;102m▀[0m[38;2;71;95;102m[48;2;72;95;101m▀[0m[38;2;69;97;99m[48;2;73;97;103m▀[0m[38;2;72;100;106m[48;2;76;104;110m▀[0m[38;2;92;122;133m[48;2;84;113;122m▀[0m[38;2;1;4;4m[48;2;0;0;0m▀[0m[38;2;0;0;0m[48;2;10;21;24m▀[0m[38;2;40;66;74m[48;2;9;23;27m▀[0m[38;2;51;79;85m[48;2;73;105;115m▀[0m[38;2;43;65;73m[48;2;36;53;59m▀[0m[38;2;70;93;99m[48;2;68;93;99m▀[0m[38;2;84;110;115m[48;2;81;109;117m▀[0m[38;2;89;122;129m[48;2;76;103;113m▀[0m[38;2;66;96;104m[48;2;92;129;139m▀[0m[38;2;0;0;0m[48;2;25;37;38m▀[0m[38;2;0;0;0m[48;2;0;0;0m▀[0m[38;2;0;0;0m[48;2;0;0;0m▀[0m[38;2;0;0;0m[48;2;0;0;0m▀[0m[38;2;0;0;0m[48;2;0;0;0m▀[0m[38;2;0;0;0m[48;2;0;0;0m▀[0m[38;2;0;0;0m[48;2;0;0;0m▀[0m[38;2;0;0;0m[48;2;234;227;223m▀[0m[38;2;84;106;112m[48;2;88;103;103m▀[0m[38;2;229;242;247m[48;2;221;235;247m▀[0m[38;2;194;123;127m[48;2;199;142;148m▀[0m[38;2;166;211;223m[48;2;161;205;214m▀[0m[38;2;125;138;143m[48;2;138;158;165m▀[0m[38;2;134;161;177m[48;2;210;189;185m▀[0m[38;2;168;144;137m[48;2;194;191;187m▀[0m[38;2;247;202;189m[48;2;232;210;206m▀[0m[38;2;170;172;176m[48;2;198;181;184m▀[0m[38;2;166;195;207m[48;2;161;194;207m▀[0m[38;2;171;189;201m[48;2;162;190;204m▀[0m[38;2;182;204;216m[48;2;97;113;122m▀[0m[38;2;180;202;214m[48;2;80;86;93m▀[0m[38;2;172;194;206m[48;2;154;165;179m▀[0m[38;2;169;203;215m[48;2;163;205;222m▀[0m[38;2;172;177;186m[48;2;176;149;157m▀[0m[38;2;175;170;179m[48;2;176;139;145m▀[0m[38;2;194;68;71m[48;2;182;118;125m▀[0m[38;2;178;151;158m[48;2;171;177;189m▀[0m[38;2;168;217;228m[48;2;182;217;227m▀[0m[38;2;156;168;176m[48;2;145;162;171m▀[0m[38;2;203;224;235m[48;2;229;247;247m▀[0m[38;2;185;202;211m[48;2;107;121;122m▀[0m[38;2;0;0;0m[48;2;21;43;51m▀[0m[38;2;64;120;129m[48;2;72;117;129m▀[0m[38;2;133;89;97m[48;2;97;84;90m▀[0m[38;2;46;44;47m[48;2;93;120;129m▀[0m[38;2;0;0;0m[48;2;0;0;0m▀[0m[38;2;0;0;0m[48;2;0;0;0m▀[0m[38;2;20;32;39m[48;2;0;0;0m▀[0m[38;2;21;32;35m[48;2;39;59;69m▀[0m[38;2;0;0;0m[48;2;17;21;22m▀[0m[38;2;94;127;137m[48;2;84;117;125m▀[0m[38;2;75;99;109m[48;2;74;105;112m▀[0m[38;2;75;110;117m[48;2;69;103;110m▀[0m[38;2;47;68;75m[48;2;68;107;114m▀[0m[38;2;40;54;58m[48;2;39;52;59m▀[0m[38;2;50;69;73m[48;2;56;83;93m▀[0m[38;2;79;111;125m[48;2;78;113;121m▀[0m[38;2;0;0;0m[48;2;16;30;33m▀[0m[38;2;0;0;0m[48;2;0;2;8m▀[0m[38;2;81;103;110m[48;2;54;62;65m▀[0m[38;2;81;105;115m[48;2;90;114;124m▀[0m[38;2;73;96;102m[48;2;75;97;101m▀[0m[38;2;70;94;100m[48;2;72;95;101m▀[0m[38;2;71;94;100m[48;2;72;95;102m▀[0m[38;2;72;95;101m[48;2;73;96;106m▀[0m[38;2;76;94;99m[48;2;74;96;103m▀[0m[38;2;79;101;108m[48;2;81;104;114m▀[0m[38;2;60;82;91m[48;2;40;55;61m▀[0m
[38;2;78;109;114m[48;2;84;113;121m▀[0m[38;2;35;47;55m[48;2;44;57;64m▀[0m[38;2;71;96;102m[48;2;61;75;83m▀[0m[38;2;74;98;108m[48;2;81;107;115m▀[0m[38;2;72;95;101m[48;2;73;96;102m▀[0m[38;2;71;94;102m[48;2;72;96;103m▀[0m[38;2;70;94;104m[48;2;75;97;105m▀[0m[38;2;84;113;121m[48;2;88;118;126m▀[0m[38;2;57;76;81m[48;2;36;51;55m▀[0m[38;2;15;29;30m[48;2;30;46;52m▀[0m[38;2;38;58;64m[48;2;63;86;92m▀[0m[38;2;54;77;84m[48;2;88;117;125m▀[0m[38;2;95;133;144m[48;2;88;120;131m▀[0m[38;2;13;17;21m[48;2;21;30;35m▀[0m[38;2;54;70;74m[48;2;0;0;0m▀[0m[38;2;87;117;125m[48;2;81;114;126m▀[0m[38;2;71;97;107m[48;2;83;115;124m▀[0m[38;2;94;129;137m[48;2;75;102;112m▀[0m[38;2;43;64;68m[48;2;30;48;53m▀[0m[38;2;0;0;0m[48;2;25;38;42m▀[0m[38;2;16;23;24m[48;2;46;69;79m▀[0m[38;2;0;0;0m[48;2;0;0;0m▀[0m[38;2;0;0;0m[48;2;0;0;0m▀[0m[38;2;0;0;0m[48;2;0;0;0m▀[0m[38;2;0;0;0m[48;2;42;68;73m▀[0m[38;2;232;226;226m[48;2;161;151;149m▀[0m[38;2;26;43;40m[48;2;50;85;96m▀[0m[38;2;120;132;140m[48;2;0;18;23m▀[0m[38;2;234;174;178m[48;2;155;82;79m▀[0m[38;2;184;223;230m[48;2;200;226;231m▀[0m[38;2;188;206;215m[48;2;176;202;213m▀[0m[38;2;247;233;222m[48;2;236;226;219m▀[0m[38;2;161;179;183m[48;2;169;227;244m▀[0m[38;2;188;168;165m[48;2;163;109;107m▀[0m[38;2;201;123;117m[48;2;160;29;23m▀[0m[38;2;141;186;204m[48;2;136;162;167m▀[0m[38;2;161;153;154m[48;2;247;238;228m▀[0m[38;2;225;218;215m[48;2;247;247;247m▀[0m[38;2;247;241;238m[48;2;247;247;247m▀[0m[38;2;233;216;207m[48;2;247;247;247m▀[0m[38;2;163;153;155m[48;2;190;155;148m▀[0m[38;2;164;205;223m[48;2;129;169;187m▀[0m[38;2;172;162;168m[48;2;166;182;196m▀[0m[38;2;180;127;130m[48;2;186;115;118m▀[0m[38;2;178;232;247m[48;2;169;223;237m▀[0m[38;2;192;216;224m[48;2;183;209;219m▀[0m[38;2;166;183;192m[48;2;247;247;247m▀[0m[38;2;176;189;195m[48;2;27;29;30m▀[0m[38;2;5;19;20m[48;2;30;62;70m▀[0m[38;2;61;94;104m[48;2;69;97;107m▀[0m[38;2;62;102;114m[48;2;64;101;111m▀[0m[38;2;93;74;79m[48;2;94;64;69m▀[0m[38;2;97;121;130m[48;2;82;98;103m▀[0m[38;2;54;89;95m[48;2;94;138;148m▀[0m[38;2;0;0;0m[48;2;15;23;25m▀[0m[38;2;0;0;0m[48;2;0;0;0m▀[0m[38;2;51;77;87m[48;2;66;95;102m▀[0m[38;2;31;44;49m[48;2;67;101;109m▀[0m[38;2;56;74;77m[48;2;33;42;46m▀[0m[38;2;83;112;118m[48;2;82;108;118m▀[0m[38;2;71;97;107m[48;2;80;104;111m▀[0m[38;2;77;111;120m[48;2;78;102;114m▀[0m[38;2;51;75;82m[48;2;0;0;0m▀[0m[38;2;63;96;100m[48;2;59;83;89m▀[0m[38;2;83;113;123m[48;2;79;108;116m▀[0m[38;2;83;116;125m[48;2;84;113;125m▀[0m[38;2;25;43;50m[48;2;49;73;80m▀[0m[38;2;18;25;29m[48;2;10;16;20m▀[0m[38;2;93;115;124m[48;2;84;106;115m▀[0m[38;2;74;97;103m[48;2;80;102;108m▀[0m[38;2;72;95;102m[48;2;73;96;102m▀[0m[38;2;72;95;102m[48;2;74;97;103m▀[0m[38;2;72;95;102m[48;2;76;94;105m▀[0m[38;2;82;105;115m[48;2;87;111;121m▀[0m[38;2;64;84;92m[48;2;32;45;50m▀[0m[38;2;39;58;62m[48;2;63;82;89m▀[0m
[38;2;83;106;114m[48;2;77;100;108m▀[0m[38;2;64;83;91m[48;2;76;106;111m▀[0m[38;2;39;49;58m[48;2;32;40;47m▀[0m[38;2;85;111;116m[48;2;77;101;107m▀[0m[38;2;73;95;106m[48;2;77;99;106m▀[0m[38;2;73;96;103m[48;2;73;97;105m▀[0m[38;2;78;101;108m[48;2;83;107;117m▀[0m[38;2;84;110;118m[48;2;77;99;106m▀[0m[38;2;28;38;42m[48;2;27;38;46m▀[0m[38;2;32;47;53m[48;2;51;74;81m▀[0m[38;2;77;106;111m[48;2;88;119;124m▀[0m[38;2;78;106;114m[48;2;74;104;113m▀[0m[38;2;81;114;122m[48;2;76;105;114m▀[0m[38;2;56;78;85m[48;2;84;117;125m▀[0m[38;2;0;0;0m[48;2;34;52;57m▀[0m[38;2;40;64;75m[48;2;13;24;30m▀[0m[38;2;72;96;103m[48;2;61;82;93m▀[0m[38;2;70;94;101m[48;2;79;107;115m▀[0m[38;2;73;107;116m[48;2;80;107;118m▀[0m[38;2;75;109;118m[48;2;85;118;127m▀[0m[38;2;32;48;53m[48;2;48;72;80m▀[0m[38;2;0;0;0m[48;2;0;0;0m▀[0m[38;2;0;0;0m[48;2;36;50;52m▀[0m[38;2;71;100;112m[48;2;93;129;144m▀[0m[38;2;70;95;102m[48;2;66;85;94m▀[0m[38;2;194;183;179m[48;2;197;187;184m▀[0m[38;2;47;82;93m[48;2;44;76;86m▀[0m[38;2;56;95;105m[48;2;71;100;110m▀[0m[38;2;0;0;0m[48;2;58;96;105m▀[0m[38;2;19;25;25m[48;2;0;0;0m▀[0m[38;2;214;247;247m[48;2;143;158;168m▀[0m[38;2;100;119;127m[48;2;145;166;179m▀[0m[38;2;113;145;157m[48;2;217;185;171m▀[0m[38;2;179;145;142m[48;2;247;247;247m▀[0m[38;2;232;183;172m[48;2;247;247;247m▀[0m[38;2;247;247;247m[48;2;247;247;247m▀[0m[38;2;247;247;247m[48;2;247;247;247m▀[0m[38;2;247;247;247m[48;2;247;247;244m▀[0m[38;2;246;238;231m[48;2;247;247;247m▀[0m[38;2;247;236;226m[48;2;247;247;247m▀[0m[38;2;247;228;215m[48;2;247;247;247m▀[0m[38;2;202;192;188m[48;2;247;247;247m▀[0m[38;2;171;134;134m[48;2;247;247;247m▀[0m[38;2;171;64;65m[48;2;162;0;0m▀[0m[38;2;186;247;247m[48;2;163;212;226m▀[0m[38;2;154;177;188m[48;2;44;68;72m▀[0m[38;2;29;31;31m[48;2;0;0;0m▀[0m[38;2;4;27;31m[48;2;82;116;125m▀[0m[38;2;79;106;116m[48;2;70;93;99m▀[0m[38;2;71;93;99m[48;2;71;99;105m▀[0m[38;2;64;106;115m[48;2;64;109;116m▀[0m[38;2;96;57;64m[48;2;99;48;51m▀[0m[38;2;79;93;97m[48;2;79;90;96m▀[0m[38;2;82;117;128m[48;2;72;105;114m▀[0m[38;2;84;113;119m[48;2;95;124;133m▀[0m[38;2;0;0;0m[48;2;42;64;64m▀[0m[38;2;21;35;37m[48;2;0;0;0m▀[0m[38;2;96;129;142m[48;2;67;94;101m▀[0m[38;2;77;107;113m[48;2;92;122;128m▀[0m[38;2;76;100;108m[48;2;78;100;108m▀[0m[38;2;83;112;121m[48;2;78;107;113m▀[0m[38;2;27;41;45m[48;2;14;31;34m▀[0m[38;2;14;22;24m[48;2;56;77;86m▀[0m[38;2;85;114;123m[48;2;88;114;124m▀[0m[38;2;78;104;109m[48;2;81;105;113m▀[0m[38;2;85;111;121m[48;2;90;120;133m▀[0m[38;2;68;97;106m[48;2;62;88;102m▀[0m[38;2;8;11;15m[48;2;1;5;6m▀[0m[38;2;73;95;101m[48;2;58;76;83m▀[0m[38;2;85;109;117m[48;2;93;117;128m▀[0m[38;2;73;96;102m[48;2;75;99;106m▀[0m[38;2;77;98;106m[48;2;72;98;106m▀[0m[38;2;79;102;113m[48;2;90;116;127m▀[0m[38;2;70;95;105m[48;2;39;54;59m▀[0m[38;2;23;28;32m[48;2;38;49;53m▀[0m[38;2;89;113;120m[48;2;90;119;128m▀[0m
[38;2;77;98;107m[48;2;75;97;108m▀[0m[38;2;87;113;120m[48;2;87;110;120m▀[0m[38;2;35;50;52m[48;2;62;81;88m▀[0m[38;2;60;78;82m[48;2;31;42;46m▀[0m[38;2;88;110;119m[48;2;94;116;125m▀[0m[38;2;79;100;108m[48;2;78;101;107m▀[0m[38;2;89;118;127m[48;2;92;121;132m▀[0m[38;2;58;77;84m[48;2;56;74;81m▀[0m[38;2;12;23;29m[48;2;3;11;11m▀[0m[38;2;5;11;11m[48;2;0;0;0m▀[0m[38;2;86;119;126m[48;2;32;49;54m▀[0m[38;2;97;130;142m[48;2;74;98;108m▀[0m[38;2;83;107;117m[48;2;98;131;140m▀[0m[38;2;81;104;112m[48;2;87;117;123m▀[0m[38;2;85;115;124m[48;2;75;104;113m▀[0m[38;2;82;110;118m[48;2;78;102;110m▀[0m[38;2;76;104;109m[48;2;75;99;107m▀[0m[38;2;75;99;107m[48;2;73;99;107m▀[0m[38;2;75;103;111m[48;2;80;110;120m▀[0m[38;2;92;127;135m[48;2;85;118;127m▀[0m[38;2;40;59;63m[48;2;4;7;11m▀[0m[38;2;0;0;0m[48;2;50;67;72m▀[0m[38;2;91;120;129m[48;2;84;117;124m▀[0m[38;2;72;105;117m[48;2;69;96;107m▀[0m[38;2;61;83;90m[48;2;60;81;92m▀[0m[38;2;160;151;148m[48;2;149;140;141m▀[0m[38;2;47;80;91m[48;2;49;79;88m▀[0m[38;2;73;97;105m[48;2;75;103;109m▀[0m[38;2;64;98;107m[48;2;32;62;65m▀[0m[38;2;11;20;23m[48;2;59;66;69m▀[0m[38;2;182;202;216m[48;2;171;194;205m▀[0m[38;2;174;200;214m[48;2;116;143;157m▀[0m[38;2;208;237;239m[48;2;106;93;110m▀[0m[38;2;207;126;124m[48;2;195;0;0m▀[0m[38;2;176;55;27m[48;2;218;142;136m▀[0m[38;2;247;247;235m[48;2;186;177;171m▀[0m[38;2;247;247;247m[48;2;192;162;154m▀[0m[38;2;246;233;223m[48;2;247;239;224m▀[0m[38;2;247;247;247m[48;2;247;247;247m▀[0m[38;2;247;247;247m[48;2;194;172;163m▀[0m[38;2;245;230;223m[48;2;129;147;155m▀[0m[38;2;205;211;208m[48;2;134;167;184m▀[0m[38;2;187;169;164m[48;2;137;194;205m▀[0m[38;2;219;0;0m[48;2;191;64;65m▀[0m[38;2;196;128;132m[48;2;204;0;0m▀[0m[38;2;99;169;176m[48;2;137;166;170m▀[0m[38;2;0;18;22m[48;2;10;46;50m▀[0m[38;2;74;113;124m[48;2;49;87;97m▀[0m[38;2;71;94;100m[48;2;73;101;107m▀[0m[38;2;73;95;105m[48;2;73;96;103m▀[0m[38;2;70;104;113m[48;2;74;97;103m▀[0m[38;2;92;57;61m[48;2;74;97;104m▀[0m[38;2;75;92;99m[48;2;73;99;106m▀[0m[38;2;73;104;111m[48;2;72;99;109m▀[0m[38;2;83;106;117m[48;2;78;104;111m▀[0m[38;2;95;128;135m[48;2;103;138;151m▀[0m[38;2;0;0;0m[48;2;20;28;31m▀[0m[38;2;0;0;0m[48;2;0;0;0m▀[0m[38;2;91;117;127m[48;2;56;78;85m▀[0m[38;2;85;107;116m[48;2;90;117;129m▀[0m[38;2;80;102;111m[48;2;80;104;116m▀[0m[38;2;69;99;105m[48;2;76;105;110m▀[0m[38;2;80;104;114m[48;2;80;106;113m▀[0m[38;2;82;106;113m[48;2;95;129;137m▀[0m[38;2;94;126;134m[48;2;64;91;100m▀[0m[38;2;89;124;138m[48;2;12;20;23m▀[0m[38;2;0;3;8m[48;2;0;0;0m▀[0m[38;2;0;0;0m[48;2;0;0;0m▀[0m[38;2;54;70;76m[48;2;57;73;81m▀[0m[38;2;94;118;128m[48;2;97;119;128m▀[0m[38;2;78;104;109m[48;2;77;100;108m▀[0m[38;2;80;104;112m[48;2;93;119;130m▀[0m[38;2;86;112;120m[48;2;37;50;57m▀[0m[38;2;0;1;3m[48;2;8;15;18m▀[0m[38;2;74;96;100m[48;2;93;122;131m▀[0m[38;2;85;108;116m[48;2;77;99;107m▀[0m
[38;2;75;98;105m[48;2;76;99;107m▀[0m[38;2;80;104;111m[48;2;78;101;105m▀[0m[38;2;80;106;113m[48;2;91;123;131m▀[0m[38;2;12;15;19m[48;2;11;19;23m▀[0m[38;2;86;107;116m[48;2;54;67;71m▀[0m[38;2;82;108;113m[48;2;94;124;132m▀[0m[38;2;89;116;126m[48;2;83;110;120m▀[0m[38;2;74;97;104m[48;2;87;117;126m▀[0m[38;2;13;26;26m[48;2;31;45;47m▀[0m[38;2;0;0;0m[48;2;14;17;19m▀[0m[38;2;0;0;0m[48;2;0;0;0m▀[0m[38;2;0;0;0m[48;2;0;0;0m▀[0m[38;2;5;12;12m[48;2;10;18;20m▀[0m[38;2;83;113;121m[48;2;14;22;25m▀[0m[38;2;86;119;128m[48;2;88;114;122m▀[0m[38;2;79;102;110m[48;2;97;121;131m▀[0m[38;2;81;107;118m[48;2;64;85;93m▀[0m[38;2;78;108;121m[48;2;50;71;79m▀[0m[38;2;90;124;134m[48;2;89;122;129m▀[0m[38;2;46;64;72m[48;2;0;0;0m▀[0m[38;2;10;16;20m[48;2;40;54;56m▀[0m[38;2;93;121;129m[48;2;97;127;136m▀[0m[38;2;77;100;110m[48;2;77;101;108m▀[0m[38;2;73;97;108m[48;2;72;98;106m▀[0m[38;2;60;83;89m[48;2;63;81;91m▀[0m[38;2;152;145;142m[48;2;162;154;151m▀[0m[38;2;48;78;88m[48;2;52;81;87m▀[0m[38;2;72;104;112m[48;2;58;90;97m▀[0m[38;2;17;35;42m[48;2;52;60;64m▀[0m[38;2;147;168;176m[48;2;210;199;206m▀[0m[38;2;201;216;227m[48;2;160;165;182m▀[0m[38;2;158;180;197m[48;2;205;196;194m▀[0m[38;2;206;167;158m[48;2;247;234;226m▀[0m[38;2;211;219;212m[48;2;135;165;184m▀[0m[38;2;144;196;207m[48;2;169;211;229m▀[0m[38;2;120;161;183m[48;2;169;198;210m▀[0m[38;2;128;139;151m[48;2;137;170;187m▀[0m[38;2;208;171;157m[48;2;183;185;187m▀[0m[38;2;247;247;241m[48;2;247;226;215m▀[0m[38;2;147;159;168m[48;2;151;173;190m▀[0m[38;2;149;190;206m[48;2;169;193;203m▀[0m[38;2;159;187;201m[48;2;175;194;205m▀[0m[38;2;173;216;227m[48;2;172;202;212m▀[0m[38;2;160;247;247m[48;2;174;209;224m▀[0m[38;2;205;97;100m[48;2;167;247;247m▀[0m[38;2;247;0;0m[48;2;212;102;104m▀[0m[38;2;111;137;138m[48;2;245;101;102m▀[0m[38;2;15;55;60m[48;2;28;92;96m▀[0m[38;2;76;108;118m[48;2;64;95;100m▀[0m[38;2;70;97;104m[48;2;70;97;104m▀[0m[38;2;75;97;104m[48;2;70;94;100m▀[0m[38;2;71;94;101m[48;2;69;92;100m▀[0m[38;2;73;97;100m[48;2;67;91;97m▀[0m[38;2;74;97;107m[48;2;74;97;103m▀[0m[38;2;83;109;119m[48;2;92;124;131m▀[0m[38;2;93;120;133m[48;2;43;55;61m▀[0m[38;2;0;0;0m[48;2;0;0;0m▀[0m[38;2;0;0;0m[48;2;23;34;40m▀[0m[38;2;64;98;107m[48;2;52;76;82m▀[0m[38;2;87;119;127m[48;2;101;136;145m▀[0m[38;2;71;97;107m[48;2;34;43;50m▀[0m[38;2;79;108;117m[48;2;36;51;57m▀[0m[38;2;87;117;125m[48;2;91;129;140m▀[0m[38;2;41;60;66m[48;2;32;50;58m▀[0m[38;2;13;22;28m[48;2;0;0;0m▀[0m[38;2;0;0;0m[48;2;0;0;0m▀[0m[38;2;0;0;0m[48;2;0;0;0m▀[0m[38;2;1;4;5m[48;2;19;23;24m▀[0m[38;2;74;98;104m[48;2;96;122;129m▀[0m[38;2;91;121;127m[48;2;87;111;118m▀[0m[38;2;79;102;106m[48;2;87;116;122m▀[0m[38;2;90;119;128m[48;2;62;83;94m▀[0m[38;2;4;8;12m[48;2;33;48;52m▀[0m[38;2;65;87;94m[48;2;87;116;124m▀[0m[38;2;86;110;118m[48;2;75;99;107m▀[0m[38;2;72;98;106m[48;2;75;97;105m▀[0m
[38;2;76;99;107m[48;2;76;100;107m▀[0m[38;2;77;103;107m[48;2;78;101;104m▀[0m[38;2;93;122;128m[48;2;85;108;118m▀[0m[38;2;44;62;70m[48;2;87;111;123m▀[0m[38;2;0;0;0m[48;2;0;0;0m▀[0m[38;2;98;128;136m[48;2;62;83;88m▀[0m[38;2;82;108;118m[48;2;97;121;132m▀[0m[38;2;97;129;137m[48;2;98;128;136m▀[0m[38;2;41;58;63m[48;2;57;74;79m▀[0m[38;2;32;42;46m[48;2;36;44;48m▀[0m[38;2;0;0;0m[48;2;0;0;0m▀[0m[38;2;0;0;0m[48;2;11;17;20m▀[0m[38;2;33;52;59m[48;2;0;0;1m▀[0m[38;2;34;53;60m[48;2;32;48;57m▀[0m[38;2;25;35;39m[48;2;73;102;114m▀[0m[38;2;99;136;147m[48;2;56;77;85m▀[0m[38;2;14;18;22m[48;2;34;48;53m▀[0m[38;2;73;103;108m[48;2;98;135;146m▀[0m[38;2;57;80;87m[48;2;26;44;51m▀[0m[38;2;0;0;0m[48;2;9;17;19m▀[0m[38;2;32;47;47m[48;2;2;2;2m▀[0m[38;2;98;129;138m[48;2;99;123;133m▀[0m[38;2;81;99;108m[48;2;84;103;112m▀[0m[38;2;72;101;106m[48;2;75;99;107m▀[0m[38;2;64;84;91m[48;2;64;87;91m▀[0m[38;2;178;167;164m[48;2;200;192;186m▀[0m[38;2;57;89;97m[48;2;25;57;66m▀[0m[38;2;42;76;85m[48;2;0;14;19m▀[0m[38;2;81;52;51m[48;2;33;44;54m▀[0m[38;2;224;229;243m[48;2;123;115;116m▀[0m[38;2;190;189;186m[48;2;227;205;193m▀[0m[38;2;247;247;247m[48;2;216;205;205m▀[0m[38;2;247;247;247m[48;2;216;199;194m▀[0m[38;2;211;203;203m[48;2;247;216;190m▀[0m[38;2;158;165;169m[48;2;247;243;226m▀[0m[38;2;166;196;214m[48;2;158;153;157m▀[0m[38;2;158;192;204m[48;2;161;200;223m▀[0m[38;2;187;187;188m[48;2;200;194;189m▀[0m[38;2;247;231;224m[48;2;247;227;217m▀[0m[38;2;155;178;193m[48;2;155;183;197m▀[0m[38;2;176;198;210m[48;2;169;207;221m▀[0m[38;2;173;201;216m[48;2;155;176;185m▀[0m[38;2;160;184;194m[48;2;221;239;233m▀[0m[38;2;167;182;190m[48;2;247;247;247m▀[0m[38;2;180;213;224m[48;2;225;195;186m▀[0m[38;2;182;247;247m[48;2;108;130;134m▀[0m[38;2;245;62;62m[48;2;87;53;59m▀[0m[38;2;62;43;42m[48;2;6;0;0m▀[0m[38;2;30;68;75m[48;2;17;43;48m▀[0m[38;2;86;113;124m[48;2;46;68;72m▀[0m[38;2;56;83;93m[48;2;23;47;54m▀[0m[38;2;247;242;247m[48;2;228;222;225m▀[0m[38;2;119;133;135m[48;2;140;147;151m▀[0m[38;2;61;90;99m[48;2;64;97;104m▀[0m[38;2;97;127;135m[48;2;69;97;105m▀[0m[38;2;0;0;0m[48;2;0;0;0m▀[0m[38;2;50;73;76m[48;2;91;122;129m▀[0m[38;2;60;83;91m[48;2;94;124;131m▀[0m[38;2;6;6;10m[48;2;6;8;12m▀[0m[38;2;99;132;141m[48;2;65;89;98m▀[0m[38;2;79;109;115m[48;2;94;127;134m▀[0m[38;2;0;2;3m[48;2;28;36;42m▀[0m[38;2;68;96;105m[48;2;11;22;26m▀[0m[38;2;108;157;172m[48;2;64;97;106m▀[0m[38;2;27;34;39m[48;2;1;4;6m▀[0m[38;2;0;0;0m[48;2;3;5;9m▀[0m[38;2;0;0;0m[48;2;0;0;1m▀[0m[38;2;45;59;64m[48;2;74;97;108m▀[0m[38;2;102;129;139m[48;2;95;121;132m▀[0m[38;2;82;106;117m[48;2;93;120;129m▀[0m[38;2;88;117;126m[48;2;55;74;81m▀[0m[38;2;28;35;39m[48;2;24;34;37m▀[0m[38;2;71;95;100m[48;2;91;120;128m▀[0m[38;2;82;106;114m[48;2;76;98;106m▀[0m[38;2;77;99;107m[48;2;76;97;105m▀[0m[38;2;75;97;105m[48;2;75;98;106m▀[0m
[38;2;76;99;106m[48;2;77;99;106m▀[0m[38;2;76;98;105m[48;2;75;98;106m▀[0m[38;2;80;102;109m[48;2;78;100;109m▀[0m[38;2;97;130;139m[48;2;97;127;138m▀[0m[38;2;1;3;7m[48;2;38;53;57m▀[0m[38;2;0;0;0m[48;2;0;0;0m▀[0m[38;2;102;131;143m[48;2;68;90;97m▀[0m[38;2;100;127;136m[48;2;115;145;157m▀[0m[38;2;69;89;97m[48;2;66;86;94m▀[0m[38;2;46;63;70m[48;2;44;54;62m▀[0m[38;2;8;11;15m[48;2;57;75;84m▀[0m[38;2;0;2;2m[48;2;0;0;0m▀[0m[38;2;11;11;13m[48;2;23;32;35m▀[0m[38;2;0;0;0m[48;2;0;0;0m▀[0m[38;2;81;116;127m[48;2;19;27;31m▀[0m[38;2;57;78;89m[48;2;95;124;135m▀[0m[38;2;79;108;114m[48;2;81;107;115m▀[0m[38;2;84;116;124m[48;2;82;104;110m▀[0m[38;2;40;62;70m[48;2;84;108;118m▀[0m[38;2;81;114;121m[48;2;92;124;131m▀[0m[38;2;11;15;18m[48;2;50;68;73m▀[0m[38;2;65;85;90m[48;2;41;52;56m▀[0m[38;2;92;115;125m[48;2;94;120;129m▀[0m[38;2;68;98;107m[48;2;73;99;107m▀[0m[38;2;73;95;101m[48;2;64;92;99m▀[0m[38;2;231;215;206m[48;2;66;64;59m▀[0m[38;2;16;32;41m[48;2;68;88;98m▀[0m[38;2;75;97;114m[48;2;173;196;207m▀[0m[38;2;102;131;139m[48;2;184;198;203m▀[0m[38;2;90;118;126m[48;2;109;136;150m▀[0m[38;2;144;173;183m[48;2;174;196;207m▀[0m[38;2;172;198;212m[48;2;185;207;215m▀[0m[38;2;151;185;196m[48;2;178;202;212m▀[0m[38;2;132;145;153m[48;2;174;209;224m▀[0m[38;2;223;205;193m[48;2;149;163;168m▀[0m[38;2;247;223;211m[48;2;247;233;222m▀[0m[38;2;154;154;164m[48;2;243;220;209m▀[0m[38;2;161;177;187m[48;2;207;178;169m▀[0m[38;2;213;186;174m[48;2;207;178;166m▀[0m[38;2;152;193;209m[48;2;138;157;169m▀[0m[38;2;151;174;191m[48;2;224;223;209m▀[0m[38;2;247;247;247m[48;2;211;182;174m▀[0m[38;2;247;166;160m[48;2;160;0;0m▀[0m[38;2;202;0;0m[48;2;176;108;117m▀[0m[38;2;166;186;194m[48;2;172;244;247m▀[0m[38;2;190;226;238m[48;2;187;210;220m▀[0m[38;2;161;208;221m[48;2;188;209;220m▀[0m[38;2;116;154;167m[48;2;116;143;159m▀[0m[38;2;118;150;162m[48;2;177;194;203m▀[0m[38;2;53;81;89m[48;2;173;195;198m▀[0m[38;2;52;75;82m[48;2;90;124;135m▀[0m[38;2;29;45;49m[48;2;39;50;54m▀[0m[38;2;72;98;105m[48;2;68;95;101m▀[0m[38;2;88;118;124m[48;2;93;119;129m▀[0m[38;2;44;61;65m[48;2;32;46;50m▀[0m[38;2;29;37;43m[48;2;51;68;74m▀[0m[38;2;97;127;135m[48;2;90;123;131m▀[0m[38;2;90;117;127m[48;2;87;108;120m▀[0m[38;2;62;85;92m[48;2;71;102;109m▀[0m[38;2;47;69;77m[48;2;42;61;69m▀[0m[38;2;91;123;132m[48;2;88;118;127m▀[0m[38;2;75;101;111m[48;2;64;87;97m▀[0m[38;2;42;53;57m[48;2;42;64;71m▀[0m[38;2;0;0;0m[48;2;51;77;85m▀[0m[38;2;0;0;0m[48;2;21;32;39m▀[0m[38;2;6;8;12m[48;2;0;0;0m▀[0m[38;2;2;8;11m[48;2;16;23;27m▀[0m[38;2;95;118;128m[48;2;100;128;138m▀[0m[38;2;94;118;128m[48;2;100;127;138m▀[0m[38;2;93;122;133m[48;2;46;67;74m▀[0m[38;2;0;0;0m[48;2;0;0;0m▀[0m[38;2;64;86;93m[48;2;90;117;127m▀[0m[38;2;86;115;123m[48;2;80;106;113m▀[0m[38;2;74;97;108m[48;2;76;102;106m▀[0m[38;2;74;97;107m[48;2;76;98;107m▀[0m[38;2;75;97;105m[48;2;76;98;106m▀[0m
[38;2;76;99;106m[48;2;77;99;107m▀[0m[38;2;77;98;106m[48;2;78;99;107m▀[0m[38;2;78;100;109m[48;2;77;99;107m▀[0m[38;2;91;114;126m[48;2;84;107;117m▀[0m[38;2;84;112;120m[48;2;99;126;135m▀[0m[38;2;0;0;0m[48;2;16;18;20m▀[0m[38;2;0;0;0m[48;2;0;0;0m▀[0m[38;2;108;141;153m[48;2;42;57;64m▀[0m[38;2;78;100;109m[48;2;94;124;132m▀[0m[38;2;39;53;58m[48;2;29;40;43m▀[0m[38;2;81;111;124m[48;2;106;147;159m▀[0m[38;2;0;0;0m[48;2;0;0;0m▀[0m[38;2;0;0;0m[48;2;0;0;0m▀[0m[38;2;0;0;0m[48;2;2;13;16m▀[0m[38;2;38;53;58m[48;2;88;121;129m▀[0m[38;2;96;129;135m[48;2;89;117;123m▀[0m[38;2;78;101;109m[48;2;81;103;112m▀[0m[38;2;80;101;105m[48;2;78;100;108m▀[0m[38;2;79;103;111m[48;2;79;102;106m▀[0m[38;2;87;111;121m[48;2;87;111;121m▀[0m[38;2;71;95;104m[48;2;73;99;109m▀[0m[38;2;22;32;34m[48;2;0;0;0m▀[0m[38;2;93;117;129m[48;2;89;119;123m▀[0m[38;2;81;108;120m[48;2;51;86;93m▀[0m[38;2;17;39;43m[48;2;66;80;82m▀[0m[38;2;43;63;69m[48;2;194;223;234m▀[0m[38;2;141;173;186m[48;2;134;161;172m▀[0m[38;2;122;148;153m[48;2;143;166;179m▀[0m[38;2;149;167;175m[48;2;165;184;195m▀[0m[38;2;152;174;187m[48;2;203;214;222m▀[0m[38;2;183;202;213m[48;2;178;194;203m▀[0m[38;2;176;197;208m[48;2;178;194;204m▀[0m[38;2;178;195;204m[48;2;178;195;204m▀[0m[38;2;175;196;204m[48;2;179;195;204m▀[0m[38;2;162;197;213m[48;2;169;196;214m▀[0m[38;2;194;194;196m[48;2;186;194;197m▀[0m[38;2;172;120;110m[48;2;184;169;173m▀[0m[38;2;241;205;183m[48;2;155;141;143m▀[0m[38;2;247;247;247m[48;2;247;247;247m▀[0m[38;2;247;247;247m[48;2;247;247;247m▀[0m[38;2;217;196;176m[48;2;176;183;178m▀[0m[38;2;143;146;158m[48;2;166;177;193m▀[0m[38;2;199;65;64m[48;2;186;154;156m▀[0m[38;2;170;233;247m[48;2;172;225;239m▀[0m[38;2;174;207;216m[48;2;174;200;208m▀[0m[38;2;176;200;210m[48;2;171;195;205m▀[0m[38;2;176;197;208m[48;2;247;247;247m▀[0m[38;2;155;177;190m[48;2;240;242;247m▀[0m[38;2;173;190;197m[48;2;166;186;196m▀[0m[38;2;141;161;169m[48;2;149;173;185m▀[0m[38;2;129;161;172m[48;2;143;172;184m▀[0m[38;2;90;108;113m[48;2;173;196;207m▀[0m[38;2;31;48;49m[48;2;70;79;83m▀[0m[38;2;96;128;136m[48;2;80;107;117m▀[0m[38;2;30;38;42m[48;2;35;49;53m▀[0m[38;2;57;69;76m[48;2;41;52;56m▀[0m[38;2;89;122;130m[48;2;96;123;134m▀[0m[38;2;80;112;121m[48;2;83;112;121m▀[0m[38;2;70;99;105m[48;2;66;91;97m▀[0m[38;2;29;40;46m[48;2;25;35;42m▀[0m[38;2;87;116;125m[48;2;86;110;121m▀[0m[38;2;60;78;83m[48;2;74;98;104m▀[0m[38;2;41;59;66m[48;2;74;100;105m▀[0m[38;2;90;125;136m[48;2;98;131;143m▀[0m[38;2;27;46;54m[48;2;0;1;3m▀[0m[38;2;0;0;0m[48;2;0;0;0m▀[0m[38;2;26;36;36m[48;2;48;63;64m▀[0m[38;2;112;142;151m[48;2;116;146;158m▀[0m[38;2;92;118;126m[48;2;66;89;96m▀[0m[38;2;27;38;42m[48;2;48;64;68m▀[0m[38;2;6;13;12m[48;2;39;48;55m▀[0m[38;2;93;126;133m[48;2;95;125;132m▀[0m[38;2;81;102;109m[48;2;80;98;108m▀[0m[38;2;78;100;111m[48;2;78;99;110m▀[0m[38;2;78;100;107m[48;2;78;100;108m▀[0m[38;2;78;99;107m[48;2;77;101;108m▀[0m
[38;2;79;101;109m[48;2;78;101;109m▀[0m[38;2;78;100;108m[48;2;78;101;109m▀[0m[38;2;78;100;108m[48;2;78;100;108m▀[0m[38;2;80;103;111m[48;2;81;100;108m▀[0m[38;2;98;125;132m[48;2;93;115;126m▀[0m[38;2;46;63;66m[48;2;66;86;94m▀[0m[38;2;53;66;71m[48;2;60;86;93m▀[0m[38;2;7;11;14m[48;2;61;82;90m▀[0m[38;2;79;105;115m[48;2;55;72;78m▀[0m[38;2;24;31;33m[48;2;35;43;47m▀[0m[38;2;108;143;152m[48;2;91;122;129m▀[0m[38;2;59;83;87m[48;2;88;117;127m▀[0m[38;2;0;0;0m[48;2;27;45;54m▀[0m[38;2;11;22;26m[48;2;39;57;63m▀[0m[38;2;99;129;138m[48;2;92;118;126m▀[0m[38;2;83;109;119m[48;2;84;106;115m▀[0m[38;2;77;100;111m[48;2;78;101;108m▀[0m[38;2;78;101;109m[48;2;76;102;109m▀[0m[38;2;82;103;107m[48;2;81;102;113m▀[0m[38;2;89;112;124m[48;2;92;122;130m▀[0m[38;2;66;89;97m[48;2;46;67;72m▀[0m[38;2;0;1;5m[48;2;42;50;57m▀[0m[38;2;80;113;122m[48;2;98;131;143m▀[0m[38;2;31;57;62m[48;2;22;44;51m▀[0m[38;2;148;157;163m[48;2;171;180;187m▀[0m[38;2;236;247;247m[48;2;215;246;247m▀[0m[38;2;199;175;184m[48;2;206;158;158m▀[0m[38;2;194;204;217m[48;2;181;197;205m▀[0m[38;2;176;200;211m[48;2;166;196;205m▀[0m[38;2;247;247;247m[48;2;227;235;235m▀[0m[38;2;225;231;234m[48;2;211;219;226m▀[0m[38;2;163;186;197m[48;2;167;189;197m▀[0m[38;2;180;197;205m[48;2;181;197;206m▀[0m[38;2;183;195;205m[48;2;183;195;206m▀[0m[38;2;175;203;217m[48;2;168;196;214m▀[0m[38;2;170;181;188m[48;2;193;191;188m▀[0m[38;2;202;188;190m[48;2;219;210;208m▀[0m[38;2;118;129;144m[48;2;121;130;145m▀[0m[38;2;247;247;247m[48;2;247;247;247m▀[0m[38;2;247;247;247m[48;2;247;247;239m▀[0m[38;2;203;115;96m[48;2;201;51;30m▀[0m[38;2;180;163;175m[48;2;187;40;40m▀[0m[38;2;191;163;166m[48;2;188;152;160m▀[0m[38;2;173;224;236m[48;2;175;225;236m▀[0m[38;2;172;194;203m[48;2;176;195;204m▀[0m[38;2;184;200;209m[48;2;180;199;208m▀[0m[38;2;247;247;247m[48;2;179;194;209m▀[0m[38;2;222;229;232m[48;2;168;189;201m▀[0m[38;2;177;195;204m[48;2;180;197;206m▀[0m[38;2;195;213;222m[48;2;182;198;208m▀[0m[38;2;200;217;225m[48;2;187;209;221m▀[0m[38;2;243;247;247m[48;2;226;214;210m▀[0m[38;2;130;141;145m[48;2;170;162;165m▀[0m[38;2;46;76;82m[48;2;28;55;65m▀[0m[38;2;58;80;88m[48;2;85;118;129m▀[0m[38;2;12;19;20m[48;2;0;0;0m▀[0m[38;2;97;126;133m[48;2;82;104;113m▀[0m[38;2;88;115;126m[48;2;96;125;133m▀[0m[38;2;49;68;75m[48;2;49;71;77m▀[0m[38;2;31;45;50m[48;2;45;64;69m▀[0m[38;2;84;112;120m[48;2;88;114;122m▀[0m[38;2;83;109;114m[48;2;81;104;112m▀[0m[38;2;93;119;129m[48;2;94;118;129m▀[0m[38;2;89;115;127m[48;2;71;91;101m▀[0m[38;2;10;21;27m[48;2;18;29;36m▀[0m[38;2;0;0;0m[48;2;0;0;0m▀[0m[38;2;71;93;99m[48;2;91;119;125m▀[0m[38;2;96;120;129m[48;2;60;78;86m▀[0m[38;2;64;83;91m[48;2;84;105;114m▀[0m[38;2;51;65;75m[48;2;53;65;75m▀[0m[38;2;57;73;79m[48;2;78;96;105m▀[0m[38;2;88;117;125m[48;2;84;108;115m▀[0m[38;2;78;100;111m[48;2;80;101;109m▀[0m[38;2;79;101;109m[48;2;79;101;109m▀[0m[38;2;78;100;109m[48;2;78;101;109m▀[0m[38;2;78;100;108m[48;2;79;101;109m▀[0m
[38;2;78;101;109m[48;2;80;102;109m▀[0m[38;2;79;101;109m[48;2;80;102;110m▀[0m[38;2;78;101;109m[48;2;79;102;109m▀[0m[38;2;78;101;111m[48;2;80;102;111m▀[0m[38;2;84;106;117m[48;2;78;104;112m▀[0m[38;2;81;105;113m[48;2;85;109;120m▀[0m[38;2;55;76;85m[48;2;62;83;91m▀[0m[38;2;89;125;132m[48;2;89;121;129m▀[0m[38;2;29;37;43m[48;2;47;66;70m▀[0m[38;2;32;40;42m[48;2;0;0;0m▀[0m[38;2;81;107;117m[48;2;65;87;97m▀[0m[38;2;92;125;133m[48;2;97;130;139m▀[0m[38;2;58;80;88m[48;2;64;89;97m▀[0m[38;2;64;88;96m[48;2;20;32;38m▀[0m[38;2;92;113;121m[48;2;72;95;101m▀[0m[38;2;87;110;118m[48;2;93;122;129m▀[0m[38;2;80;106;113m[48;2;84;108;119m▀[0m[38;2;77;107;116m[48;2;84;106;115m▀[0m[38;2;82;106;117m[48;2;95;119;129m▀[0m[38;2;96;126;137m[48;2;76;99;112m▀[0m[38;2;22;35;36m[48;2;7;11;14m▀[0m[38;2;69;88;96m[48;2;97;123;132m▀[0m[38;2;97;128;135m[48;2;89;119;127m▀[0m[38;2;17;36;43m[48;2;24;43;50m▀[0m[38;2;161;169;176m[48;2;107;113;114m▀[0m[38;2;217;247;247m[48;2;240;247;247m▀[0m[38;2;198;171;174m[48;2;186;172;179m▀[0m[38;2;179;198;206m[48;2;181;191;201m▀[0m[38;2;176;200;208m[48;2;177;203;214m▀[0m[38;2;167;191;201m[48;2;180;197;206m▀[0m[38;2;174;194;204m[48;2;179;197;206m▀[0m[38;2;180;197;206m[48;2;182;196;206m▀[0m[38;2;179;196;205m[48;2;181;197;206m▀[0m[38;2;182;200;210m[48;2;183;197;205m▀[0m[38;2;165;188;202m[48;2;177;211;227m▀[0m[38;2;229;199;194m[48;2;148;119;110m▀[0m[38;2;173;161;160m[48;2;195;154;140m▀[0m[38;2;181;178;178m[48;2;247;247;247m▀[0m[38;2;247;247;247m[48;2;247;247;247m▀[0m[38;2;241;236;217m[48;2;247;247;247m▀[0m[38;2;247;247;247m[48;2;247;247;247m▀[0m[38;2;210;0;0m[48;2;247;247;247m▀[0m[38;2;178;95;98m[48;2;202;128;120m▀[0m[38;2;175;236;247m[48;2;168;228;240m▀[0m[38;2;180;198;208m[48;2;179;202;210m▀[0m[38;2;180;197;205m[48;2;181;199;207m▀[0m[38;2;176;194;203m[48;2;182;198;206m▀[0m[38;2;181;198;207m[48;2;181;198;206m▀[0m[38;2;180;197;206m[48;2;181;197;206m▀[0m[38;2;180;197;209m[48;2;183;199;209m▀[0m[38;2;170;198;213m[48;2;171;199;214m▀[0m[38;2;246;233;226m[48;2;238;234;234m▀[0m[38;2;193;162;155m[48;2;202;174;166m▀[0m[38;2;12;41;53m[48;2;23;47;58m▀[0m[38;2;97;132;143m[48;2;89;118;128m▀[0m[38;2;29;40;43m[48;2;86;112;120m▀[0m[38;2;33;41;45m[48;2;0;0;0m▀[0m[38;2;110;139;148m[48;2;81;113;121m▀[0m[38;2;81;105;113m[48;2;58;82;90m▀[0m[38;2;78;102;110m[48;2;82;111;119m▀[0m[38;2;84;113;121m[48;2;91;120;128m▀[0m[38;2;86;112;119m[48;2;91;120;129m▀[0m[38;2;86;110;121m[48;2;60;81;89m▀[0m[38;2;62;84;95m[48;2;75;105;115m▀[0m[38;2;34;53;63m[48;2;33;46;54m▀[0m[38;2;0;0;0m[48;2;3;9;9m▀[0m[38;2;83;106;117m[48;2;63;80;85m▀[0m[38;2;59;73;79m[48;2;87;111;118m▀[0m[38;2;97;120;129m[48;2;85;109;113m▀[0m[38;2;55;73;78m[48;2;62;84;91m▀[0m[38;2;84;110;115m[48;2;83;112;120m▀[0m[38;2;82;106;112m[48;2;79;103;111m▀[0m[38;2;81;103;110m[48;2;81;103;111m▀[0m[38;2;80;102;110m[48;2;81;103;110m▀[0m[38;2;80;102;109m[48;2;80;102;110m▀[0m[38;2;81;103;109m[48;2;79;102;109m▀[0m
[38;2;82;103;111m[48;2;79;101;108m▀[0m[38;2;81;103;110m[48;2;81;107;109m▀[0m[38;2;79;102;109m[48;2;80;103;111m▀[0m[38;2;80;102;111m[48;2;80;104;111m▀[0m[38;2;80;103;110m[48;2;80;103;111m▀[0m[38;2;86;110;116m[48;2;83;107;115m▀[0m[38;2;72;91;100m[48;2;74;97;104m▀[0m[38;2;76;95;103m[48;2;62;80;88m▀[0m[38;2;101;130;142m[48;2;103;128;137m▀[0m[38;2;0;0;0m[48;2;76;95;101m▀[0m[38;2;22;35;37m[48;2;19;26;29m▀[0m[38;2;90;120;129m[48;2;61;82;94m▀[0m[38;2;91;121;130m[48;2;95;125;133m▀[0m[38;2;25;42;50m[48;2;71;98;109m▀[0m[38;2;11;17;17m[48;2;0;8;13m▀[0m[38;2;94;124;132m[48;2;36;51;59m▀[0m[38;2;96;124;131m[48;2;82;108;116m▀[0m[38;2;92;121;129m[48;2;96;129;139m▀[0m[38;2;97;127;136m[48;2;56;80;92m▀[0m[38;2;9;16;21m[48;2;0;0;0m▀[0m[38;2;32;42;46m[48;2;82;106;114m▀[0m[38;2;102;129;139m[48;2;94;120;129m▀[0m[38;2;79;108;114m[48;2;80;106;114m▀[0m[38;2;63;87;98m[48;2;62;96;107m▀[0m[38;2;0;3;9m[48;2;43;49;54m▀[0m[38;2;214;241;247m[48;2;117;117;122m▀[0m[38;2;202;193;202m[48;2;204;228;242m▀[0m[38;2;182;170;181m[48;2;204;152;154m▀[0m[38;2;180;215;226m[48;2;202;226;238m▀[0m[38;2;181;203;210m[48;2;197;216;226m▀[0m[38;2;180;197;205m[48;2;181;203;211m▀[0m[38;2;182;196;206m[48;2;181;197;206m▀[0m[38;2;182;196;206m[48;2;184;196;206m▀[0m[38;2;183;201;213m[48;2;174;196;207m▀[0m[38;2;165;186;198m[48;2;199;182;176m▀[0m[38;2;171;129;104m[48;2;247;247;247m▀[0m[38;2;247;247;247m[48;2;247;247;247m▀[0m[38;2;247;247;247m[48;2;247;247;247m▀[0m[38;2;247;245;235m[48;2;247;247;247m▀[0m[38;2;247;247;244m[48;2;247;237;224m▀[0m[38;2;247;247;247m[48;2;228;201;188m▀[0m[38;2;247;247;247m[48;2;204;207;199m▀[0m[38;2;192;34;16m[48;2;146;116;123m▀[0m[38;2;166;178;192m[48;2;194;0;0m▀[0m[38;2;175;227;238m[48;2;178;197;205m▀[0m[38;2;180;199;207m[48;2;183;210;221m▀[0m[38;2;180;199;208m[48;2;188;205;214m▀[0m[38;2;180;199;208m[48;2;186;207;218m▀[0m[38;2;184;201;210m[48;2;185;208;215m▀[0m[38;2;186;203;213m[48;2;209;235;246m▀[0m[38;2;181;206;223m[48;2;172;195;210m▀[0m[38;2;245;238;239m[48;2;185;174;171m▀[0m[38;2;200;189;185m[48;2;97;109;113m▀[0m[38;2;26;61;69m[48;2;48;82;91m▀[0m[38;2;87;110;117m[48;2;82;104;113m▀[0m[38;2;103;135;147m[48;2;98;129;136m▀[0m[38;2;40;53;60m[48;2;74;97;107m▀[0m[38;2;0;0;0m[48;2;0;0;0m▀[0m[38;2;42;61;69m[48;2;0;0;0m▀[0m[38;2;56;77;84m[48;2;37;55;61m▀[0m[38;2;96;125;134m[48;2;49;70;78m▀[0m[38;2;54;73;81m[48;2;56;78;84m▀[0m[38;2;82;111;116m[48;2;91;117;124m▀[0m[38;2;59;80;85m[48;2;67;89;97m▀[0m[38;2;42;60;67m[48;2;64;89;99m▀[0m[38;2;0;0;0m[48;2;0;0;0m▀[0m[38;2;68;91;97m[48;2;96;122;131m▀[0m[38;2;101;128;137m[48;2;93;122;130m▀[0m[38;2;71;95;100m[48;2;59;80;85m▀[0m[38;2;68;91;98m[48;2;77;99;106m▀[0m[38;2;82;110;118m[48;2;83;105;116m▀[0m[38;2;80;103;110m[48;2;80;103;111m▀[0m[38;2;81;104;111m[48;2;81;103;111m▀[0m[38;2;81;103;111m[48;2;81;104;111m▀[0m[38;2;81;102;110m[48;2;80;103;110m▀[0m[38;2;79;102;109m[48;2;80;102;110m▀[0m
[38;2;61;79;87m[48;2;65;89;95m▀[0m[38;2;89;108;117m[48;2;66;84;93m▀[0m[38;2;79;105;113m[48;2;92;118;126m▀[0m[38;2;80;104;111m[48;2;79;102;113m▀[0m[38;2;80;103;110m[48;2;78;107;111m▀[0m[38;2;80;102;110m[48;2;80;103;115m▀[0m[38;2;82;108;115m[48;2;87;113;123m▀[0m[38;2;56;75;82m[48;2;61;79;86m▀[0m[38;2;88;117;126m[48;2;78;102;109m▀[0m[38;2;82;108;115m[48;2;91;120;126m▀[0m[38;2;34;46;50m[48;2;32;41;45m▀[0m[38;2;50;67;73m[48;2;70;92;98m▀[0m[38;2;58;75;79m[48;2;48;64;70m▀[0m[38;2;89;118;127m[48;2;94;124;131m▀[0m[38;2;41;58;65m[48;2;68;95;105m▀[0m[38;2;49;68;79m[48;2;47;65;74m▀[0m[38;2;43;58;63m[48;2;49;68;76m▀[0m[38;2;38;55;64m[48;2;42;60;65m▀[0m[38;2;5;13;17m[48;2;0;0;0m▀[0m[38;2;0;0;0m[48;2;32;43;46m▀[0m[38;2;99;134;145m[48;2;80;110;120m▀[0m[38;2;89;115;122m[48;2;80;101;110m▀[0m[38;2;84;108;118m[48;2;89;115;120m▀[0m[38;2;50;80;90m[48;2;57;91;101m▀[0m[38;2;109;126;128m[48;2;65;83;91m▀[0m[38;2;247;247;247m[48;2;247;247;247m▀[0m[38;2;76;99;103m[48;2;149;144;134m▀[0m[38;2;152;88;91m[48;2;0;0;0m▀[0m[38;2;176;129;129m[48;2;44;38;41m▀[0m[38;2;186;221;232m[48;2;137;165;173m▀[0m[38;2;184;198;209m[48;2;182;198;206m▀[0m[38;2;186;198;210m[48;2;185;199;209m▀[0m[38;2;185;196;206m[48;2;183;203;215m▀[0m[38;2;185;205;221m[48;2;169;193;209m▀[0m[38;2;165;184;195m[48;2;192;188;192m▀[0m[38;2;227;206;199m[48;2;218;194;184m▀[0m[38;2;247;241;240m[48;2;185;205;218m▀[0m[38;2;200;195;202m[48;2;171;205;217m▀[0m[38;2;194;189;192m[48;2;181;218;233m▀[0m[38;2;222;197;184m[48;2;154;176;189m▀[0m[38;2;191;150;140m[48;2;247;247;247m▀[0m[38;2;133;163;181m[48;2;247;247;247m▀[0m[38;2;169;212;233m[48;2;200;182;186m▀[0m[38;2;210;49;49m[48;2;206;73;78m▀[0m[38;2;175;207;217m[48;2;181;230;241m▀[0m[38;2;174;200;214m[48;2;178;200;211m▀[0m[38;2;174;193;201m[48;2;160;184;194m▀[0m[38;2;186;207;218m[48;2;147;142;153m▀[0m[38;2;218;247;247m[48;2;170;27;24m▀[0m[38;2;184;204;218m[48;2;0;0;0m▀[0m[38;2;141;143;147m[48;2;139;146;142m▀[0m[38;2;181;175;174m[48;2;215;219;219m▀[0m[38;2;26;61;68m[48;2;35;68;76m▀[0m[38;2;75;104;113m[48;2;85;108;115m▀[0m[38;2;80;106;113m[48;2;95;119;129m▀[0m[38;2;91;115;123m[48;2;69;89;93m▀[0m[38;2;56;74;82m[48;2;66;89;97m▀[0m[38;2;34;46;52m[48;2;82;106;116m▀[0m[38;2;0;0;0m[48;2;0;0;0m▀[0m[38;2;39;63;73m[48;2;38;61;69m▀[0m[38;2;64;91;98m[48;2;95;125;136m▀[0m[38;2;83;105;108m[48;2;91;115;123m▀[0m[38;2;94;113;124m[48;2;95;121;131m▀[0m[38;2;110;136;151m[48;2;73;100;110m▀[0m[38;2;44;62;69m[48;2;4;12;12m▀[0m[38;2;6;12;12m[48;2;10;13;14m▀[0m[38;2;101;134;143m[48;2;108;144;151m▀[0m[38;2;86;115;124m[48;2;75;99;106m▀[0m[38;2;54;68;73m[48;2;62;78;83m▀[0m[38;2;87;109;117m[48;2;91;115;123m▀[0m[38;2;80;103;111m[48;2;80;103;110m▀[0m[38;2;79;103;111m[48;2;81;104;111m▀[0m[38;2;82;103;110m[48;2;81;104;111m▀[0m[38;2;82;104;111m[48;2;80;103;111m▀[0m[38;2;80;103;111m[48;2;80;104;112m▀[0m[38;2;79;102;110m[48;2;80;103;111m▀[0m
[38;2;93;123;129m[48;2;98;125;132m▀[0m[38;2;38;50;54m[48;2;80;102;109m▀[0m[38;2;72;92;98m[48;2;4;10;11m▀[0m[38;2;94;120;129m[48;2;85;108;116m▀[0m[38;2;83;106;117m[48;2;96;120;130m▀[0m[38;2;83;107;115m[48;2;84;110;115m▀[0m[38;2;87;113;120m[48;2;85;109;115m▀[0m[38;2;73;96;102m[48;2;88;111;121m▀[0m[38;2;62;85;92m[48;2;61;79;88m▀[0m[38;2;97;125;130m[48;2;87;115;119m▀[0m[38;2;31;41;43m[48;2;40;55;59m▀[0m[38;2;60;81;89m[48;2;24;35;38m▀[0m[38;2;24;32;38m[48;2;20;31;34m▀[0m[38;2;87;117;126m[48;2;63;84;92m▀[0m[38;2;76;108;116m[48;2;87;110;116m▀[0m[38;2;68;97;109m[48;2;45;66;75m▀[0m[38;2;52;75;83m[48;2;13;24;33m▀[0m[38;2;32;46;52m[48;2;22;34;41m▀[0m[38;2;0;0;0m[48;2;26;43;47m▀[0m[38;2;69;92;96m[48;2;65;83;87m▀[0m[38;2;85;114;123m[48;2;109;139;152m▀[0m[38;2;51;67;71m[48;2;32;43;47m▀[0m[38;2;97;123;129m[48;2;80;104;111m▀[0m[38;2;62;91;100m[48;2;77;109;117m▀[0m[38;2;76;96;104m[48;2;52;74;81m▀[0m[38;2;247;247;247m[48;2;247;247;247m▀[0m[38;2;0;0;0m[48;2;0;0;0m▀[0m[38;2;0;0;0m[48;2;70;87;95m▀[0m[38;2;247;247;247m[48;2;235;247;247m▀[0m[38;2;205;224;231m[48;2;193;209;219m▀[0m[38;2;189;205;215m[48;2;188;204;212m▀[0m[38;2;186;203;216m[48;2;183;205;218m▀[0m[38;2;179;185;194m[48;2;194;184;189m▀[0m[38;2;235;207;199m[48;2;221;194;187m▀[0m[38;2;247;226;215m[48;2;142;160;168m▀[0m[38;2;184;205;217m[48;2;65;78;88m▀[0m[38;2;81;102;110m[48;2;0;0;0m▀[0m[38;2;61;79;80m[48;2;124;140;145m▀[0m[38;2;135;153;161m[48;2;163;173;185m▀[0m[38;2;115;138;148m[48;2;81;93;98m▀[0m[38;2;136;153;162m[48;2;77;113;121m▀[0m[38;2;243;245;245m[48;2;120;143;155m▀[0m[38;2;226;233;233m[48;2;180;215;227m▀[0m[38;2;179;113;117m[48;2;195;226;239m▀[0m[38;2;185;195;202m[48;2;185;129;129m▀[0m[38;2;183;220;232m[48;2;185;199;214m▀[0m[38;2;193;213;225m[48;2;185;208;221m▀[0m[38;2;207;235;247m[48;2;201;224;235m▀[0m[38;2;188;193;201m[48;2;236;247;247m▀[0m[38;2;0;0;0m[48;2;0;0;0m▀[0m[38;2;0;0;0m[48;2;0;0;0m▀[0m[38;2;156;167;170m[48;2;131;145;149m▀[0m[38;2;63;95;104m[48;2;74;103;115m▀[0m[38;2;84;113;119m[48;2;91;123;130m▀[0m[38;2;92;122;128m[48;2;69;91;101m▀[0m[38;2;40;53;60m[48;2;52;66;70m▀[0m[38;2;95;123;129m[48;2;106;136;145m▀[0m[38;2;91;113;121m[48;2;76;98;109m▀[0m[38;2;0;0;0m[48;2;0;0;0m▀[0m[38;2;57;76;84m[48;2;72;98;105m▀[0m[38;2;95;128;135m[48;2;97;124;134m▀[0m[38;2;88;110;123m[48;2;93;115;126m▀[0m[38;2;102;130;144m[48;2;100;132;142m▀[0m[38;2;47;64;68m[48;2;11;22;22m▀[0m[38;2;0;5;5m[48;2;44;66;74m▀[0m[38;2;11;13;17m[48;2;55;72;75m▀[0m[38;2;98;129;136m[48;2;0;0;0m▀[0m[38;2;33;41;46m[48;2;19;25;30m▀[0m[38;2;80;103;107m[48;2;100;130;139m▀[0m[38;2;89;113;120m[48;2;83;106;116m▀[0m[38;2;87;104;110m[48;2;84;106;110m▀[0m[38;2;83;105;111m[48;2;82;104;112m▀[0m[38;2;83;105;112m[48;2;81;103;111m▀[0m[38;2;82;104;112m[48;2;82;104;112m▀[0m[38;2;84;106;114m[48;2;91;113;121m▀[0m[38;2;86;109;117m[48;2;78;104;114m▀[0m
[38;2;78;96;103m[48;2;4;2;5m▀[0m[38;2;115;147;159m[48;2;62;78;83m▀[0m[38;2;59;85;90m[48;2;67;97;102m▀[0m[38;2;6;15;21m[48;2;0;0;0m▀[0m[38;2;96;118;129m[48;2;0;0;0m▀[0m[38;2;102;129;140m[48;2;52;66;72m▀[0m[38;2;95;124;129m[48;2;64;83;86m▀[0m[38;2;97;126;137m[48;2;64;84;88m▀[0m[38;2;81;105;117m[48;2;88;121;129m▀[0m[38;2;84;112;118m[48;2;70;94;100m▀[0m[38;2;16;28;31m[48;2;0;0;0m▀[0m[38;2;5;22;27m[48;2;0;4;7m▀[0m[38;2;26;36;43m[48;2;24;42;54m▀[0m[38;2;15;21;24m[48;2;0;3;7m▀[0m[38;2;87;113;121m[48;2;51;69;74m▀[0m[38;2;87;116;124m[48;2;114;153;166m▀[0m[38;2;55;83;91m[48;2;57;79;81m▀[0m[38;2;68;103;112m[48;2;70;98;104m▀[0m[38;2;23;34;38m[48;2;0;0;0m▀[0m[38;2;55;69;73m[48;2;30;35;36m▀[0m[38;2;126;160;174m[48;2;92;119;129m▀[0m[38;2;59;82;89m[48;2;70;99;108m▀[0m[38;2;50;66;71m[48;2;11;18;22m▀[0m[38;2;101;139;150m[48;2;56;85;93m▀[0m[38;2;38;68;80m[48;2;36;56;61m▀[0m[38;2;239;228;228m[48;2;247;247;247m▀[0m[38;2;38;42;41m[48;2;101;107;108m▀[0m[38;2;103;121;125m[48;2;141;161;163m▀[0m[38;2;194;207;215m[48;2;175;190;195m▀[0m[38;2;200;215;226m[48;2;199;216;225m▀[0m[38;2;186;202;210m[48;2;199;216;225m▀[0m[38;2;200;218;227m[48;2;173;186;196m▀[0m[38;2;173;196;207m[48;2;141;152;161m▀[0m[38;2;129;146;158m[48;2;103;116;117m▀[0m[38;2;104;117;117m[48;2;121;129;135m▀[0m[38;2;99;107;112m[48;2;226;245;247m▀[0m[38;2;192;215;230m[48;2;217;228;239m▀[0m[38;2;188;205;215m[48;2;159;173;181m▀[0m[38;2;158;192;202m[48;2;118;150;168m▀[0m[38;2;189;175;186m[48;2;133;171;182m▀[0m[38;2;134;33;26m[48;2;247;13;5m▀[0m[38;2;100;144;150m[48;2;136;123;122m▀[0m[38;2;123;135;147m[48;2;109;140;147m▀[0m[38;2;170;205;218m[48;2;129;141;149m▀[0m[38;2;200;171;175m[48;2;170;200;206m▀[0m[38;2;190;180;189m[48;2;201;224;232m▀[0m[38;2;188;212;222m[48;2;190;200;212m▀[0m[38;2;216;233;245m[48;2;217;235;247m▀[0m[38;2;161;178;188m[48;2;119;131;139m▀[0m[38;2;44;52;52m[48;2;166;179;186m▀[0m[38;2;0;0;0m[48;2;77;77;77m▀[0m[38;2;166;173;174m[48;2;138;137;134m▀[0m[38;2;76;110;121m[48;2;65;95;100m▀[0m[38;2;107;133;144m[48;2;19;22;26m▀[0m[38;2;35;40;45m[48;2;0;0;0m▀[0m[38;2;91;115;123m[48;2;81;105;115m▀[0m[38;2;108;138;147m[48;2;68;90;97m▀[0m[38;2;95;127;134m[48;2;70;93;100m▀[0m[38;2;0;0;0m[48;2;0;0;0m▀[0m[38;2;95;125;133m[48;2;36;47;53m▀[0m[38;2;97;125;134m[48;2;108;140;152m▀[0m[38;2;104;131;142m[48;2;94;118;126m▀[0m[38;2;58;79;84m[48;2;15;30;37m▀[0m[38;2;0;2;6m[48;2;32;54;64m▀[0m[38;2;52;78;88m[48;2;56;78;87m▀[0m[38;2;57;78;85m[48;2;84;114;122m▀[0m[38;2;0;0;0m[48;2;58;77;82m▀[0m[38;2;59;76;82m[48;2;17;21;25m▀[0m[38;2;108;138;150m[48;2;83;111;115m▀[0m[38;2;88;114;124m[48;2;76;99;105m▀[0m[38;2;88;116;118m[48;2;70;91;93m▀[0m[38;2;88;110;118m[48;2;67;87;91m▀[0m[38;2;92;116;124m[48;2;51;65;70m▀[0m[38;2;96;129;137m[48;2;43;58;62m▀[0m[38;2;95;128;135m[48;2;6;10;13m▀[0m[38;2;46;64;66m[48;2;28;42;42m▀[0m
[38;2;71;90;98m[48;2;93;115;127m▀[0m[38;2;70;88;97m[48;2;70;92;97m▀[0m[38;2;64;81;89m[48;2;62;86;93m▀[0m[38;2;56;72;76m[48;2;97;124;135m▀[0m[38;2;37;49;56m[48;2;123;151;165m▀[0m[38;2;34;51;56m[48;2;125;161;179m▀[0m[38;2;50;66;74m[48;2;142;187;209m▀[0m[38;2;73;94;105m[48;2;99;128;145m▀[0m[38;2;61;78;86m[48;2;19;22;30m▀[0m[38;2;0;0;0m[48;2;78;107;117m▀[0m[38;2;70;94;99m[48;2;66;91;98m▀[0m[38;2;69;93;102m[48;2;83;109;121m▀[0m[38;2;41;61;68m[48;2;97;127;136m▀[0m[38;2;40;57;65m[48;2;90;118;131m▀[0m[38;2;20;28;32m[48;2;50;68;73m▀[0m[38;2;83;112;121m[48;2;61;89;93m▀[0m[38;2;116;155;169m[48;2;64;97;106m▀[0m[38;2;35;54;58m[48;2;0;11;16m▀[0m[38;2;0;0;0m[48;2;0;0;0m▀[0m[38;2;0;0;0m[48;2;0;0;0m▀[0m[38;2;125;159;173m[48;2;82;109;119m▀[0m[38;2;103;136;150m[48;2;97;128;139m▀[0m[38;2;77;98;110m[48;2;97;129;142m▀[0m[38;2;0;0;0m[48;2;0;20;28m▀[0m[38;2;132;141;144m[48;2;126;121;111m▀[0m[38;2;247;247;247m[48;2;62;56;51m▀[0m[38;2;60;68;68m[48;2;132;148;161m▀[0m[38;2;175;194;205m[48;2;209;225;238m▀[0m[38;2;204;221;229m[48;2;196;209;219m▀[0m[38;2;201;213;224m[48;2;204;219;229m▀[0m[38;2;187;203;212m[48;2;179;195;205m▀[0m[38;2;139;152;160m[48;2;129;139;147m▀[0m[38;2;108;116;120m[48;2;74;83;86m▀[0m[38;2;123;134;140m[48;2;208;228;241m▀[0m[38;2;232;247;247m[48;2;195;215;224m▀[0m[38;2;205;226;238m[48;2;206;229;242m▀[0m[38;2;124;126;130m[48;2;0;0;0m▀[0m[38;2;159;175;183m[48;2;0;0;0m▀[0m[38;2;157;192;209m[48;2;5;17;20m▀[0m[38;2;29;82;92m[48;2;0;0;0m▀[0m[38;2;160;51;53m[48;2;180;239;247m▀[0m[38;2;247;129;129m[48;2;223;130;132m▀[0m[38;2;113;172;183m[48;2;226;240;247m▀[0m[38;2;115;123;130m[48;2;88;127;136m▀[0m[38;2;141;156;161m[48;2;130;140;148m▀[0m[38;2;187;205;212m[48;2;188;207;216m▀[0m[38;2;197;210;222m[48;2;205;222;231m▀[0m[38;2;199;211;223m[48;2;192;209;219m▀[0m[38;2;196;214;223m[48;2;203;221;230m▀[0m[38;2;140;153;162m[48;2;197;215;227m▀[0m[38;2;131;134;140m[48;2;131;144;152m▀[0m[38;2;6;23;27m[48;2;0;0;0m▀[0m[38;2;94;131;141m[48;2;46;79;86m▀[0m[38;2;28;39;42m[48;2;77;103;111m▀[0m[38;2;77;99;107m[48;2;122;160;174m▀[0m[38;2;84;108;118m[48;2;110;140;153m▀[0m[38;2;87;113;125m[48;2;140;180;197m▀[0m[38;2;17;25;30m[48;2;16;21;26m▀[0m[38;2;11;14;14m[48;2;27;44;47m▀[0m[38;2;10;14;10m[48;2;32;48;53m▀[0m[38;2;75;99;106m[48;2;59;81;88m▀[0m[38;2;66;89;97m[48;2;92;125;131m▀[0m[38;2;61;85;98m[48;2;84;117;128m▀[0m[38;2;82;112;124m[48;2;87;113;123m▀[0m[38;2;57;77;90m[48;2;79;103;113m▀[0m[38;2;90;117;128m[48;2;54;73;82m▀[0m[38;2;105;142;153m[48;2;67;90;98m▀[0m[38;2;63;85;97m[48;2;80;107;123m▀[0m[38;2;0;0;0m[48;2;62;84;93m▀[0m[38;2;89;111;122m[48;2;16;22;23m▀[0m[38;2;114;142;158m[48;2;102;126;140m▀[0m[38;2;100;123;137m[48;2;131;160;180m▀[0m[38;2;73;95;105m[48;2;133;168;184m▀[0m[38;2;51;63;72m[48;2;142;180;198m▀[0m[38;2;30;39;47m[48;2;126;165;183m▀[0m[38;2;29;36;43m[48;2;115;148;163m▀[0m
[38;2;76;103;118m[48;2;64;97;108m▀[0m[38;2;70;103;116m[48;2;93;111;119m▀[0m[38;2;66;97;106m[48;2;182;214;224m▀[0m[38;2;71;115;129m[48;2;163;125;124m▀[0m[38;2;29;69;84m[48;2;97;49;44m▀[0m[38;2;24;49;65m[48;2;66;83;95m▀[0m[38;2;21;43;52m[48;2;32;32;38m▀[0m[38;2;0;0;0m[48;2;46;61;72m▀[0m[38;2;61;89;102m[48;2;32;55;65m▀[0m[38;2;53;77;88m[48;2;34;53;60m▀[0m[38;2;63;85;93m[48;2;70;104;115m▀[0m[38;2;94;122;135m[48;2;44;71;82m▀[0m[38;2;85;113;127m[48;2;32;62;69m▀[0m[38;2;88;118;129m[48;2;24;47;54m▀[0m[38;2;89;123;133m[48;2;34;53;61m▀[0m[38;2;72;102;115m[48;2;33;53;57m▀[0m[38;2;2;19;29m[48;2;39;51;58m▀[0m[38;2;0;0;0m[48;2;33;57;61m▀[0m[38;2;0;23;24m[48;2;56;71;71m▀[0m[38;2;0;0;0m[48;2;0;0;0m▀[0m[38;2;32;61;74m[48;2;86;109;117m▀[0m[38;2;8;31;37m[48;2;99;117;123m▀[0m[38;2;0;11;17m[48;2;45;57;64m▀[0m[38;2;0;3;7m[48;2;86;97;104m▀[0m[38;2;0;0;0m[48;2;240;247;247m▀[0m[38;2;180;197;207m[48;2;224;236;247m▀[0m[38;2;224;241;247m[48;2;196;209;219m▀[0m[38;2;198;209;219m[48;2;195;207;217m▀[0m[38;2;197;210;217m[48;2;222;238;247m▀[0m[38;2;216;231;245m[48;2;145;158;165m▀[0m[38;2;149;166;171m[48;2;81;89;92m▀[0m[38;2;0;2;2m[48;2;129;139;145m▀[0m[38;2;181;195;203m[48;2;216;232;242m▀[0m[38;2;195;212;222m[48;2;208;223;234m▀[0m[38;2;197;218;230m[48;2;145;160;169m▀[0m[38;2;167;186;195m[48;2;161;174;182m▀[0m[38;2;135;142;147m[48;2;234;247;247m▀[0m[38;2;79;81;82m[48;2;230;247;247m▀[0m[38;2;54;56;54m[48;2;219;234;247m▀[0m[38;2;161;173;179m[48;2;213;231;241m▀[0m[38;2;226;247;247m[48;2;199;222;232m▀[0m[38;2;194;194;202m[48;2;193;217;225m▀[0m[38;2;233;50;51m[48;2;190;163;167m▀[0m[38;2;190;195;204m[48;2;223;162;161m▀[0m[38;2;0;12;13m[48;2;68;42;35m▀[0m[38;2;104;115;122m[48;2;138;154;153m▀[0m[38;2;217;234;247m[48;2;105;112;117m▀[0m[38;2;202;220;227m[48;2;226;244;247m▀[0m[38;2;194;209;219m[48;2;202;219;227m▀[0m[38;2;203;218;231m[48;2;198;213;221m▀[0m[38;2;224;242;247m[48;2;204;219;225m▀[0m[38;2;99;106;111m[48;2;245;247;247m▀[0m[38;2;0;0;0m[48;2;183;194;204m▀[0m[38;2;1;18;23m[48;2;15;22;25m▀[0m[38;2;48;72;82m[48;2;59;71;78m▀[0m[38;2;39;64;71m[48;2;114;125;132m▀[0m[38;2;45;69;79m[48;2;104;119;127m▀[0m[38;2;0;0;0m[48;2;58;58;59m▀[0m[38;2;0;13;17m[48;2;61;0;0m▀[0m[38;2;47;90;101m[48;2;63;100;108m▀[0m[38;2;51;115;128m[48;2;92;1;0m▀[0m[38;2;77;136;149m[48;2;35;0;0m▀[0m[38;2;85;124;131m[48;2;0;33;38m▀[0m[38;2;89;121;130m[48;2;13;37;43m▀[0m[38;2;93;122;131m[48;2;26;50;58m▀[0m[38;2;88;112;120m[48;2;50;76;86m▀[0m[38;2;76;102;113m[48;2;72;105;113m▀[0m[38;2;58;79;87m[48;2;91;129;139m▀[0m[38;2;46;73;83m[48;2;17;33;34m▀[0m[38;2;61;88;97m[48;2;9;32;39m▀[0m[38;2;0;4;7m[48;2;11;26;33m▀[0m[38;2;2;19;31m[48;2;3;2;2m▀[0m[38;2;0;0;0m[48;2;24;28;27m▀[0m[38;2;32;54;62m[48;2;0;0;0m▀[0m[38;2;95;129;147m[48;2;11;19;21m▀[0m[38;2;109;148;162m[48;2;0;0;0m▀[0m
[38;2;102;111;118m[48;2;247;247;247m▀[0m[38;2;210;240;247m[48;2;199;229;242m▀[0m[38;2;221;221;232m[48;2;208;178;186m▀[0m[38;2;225;146;149m[48;2;204;216;230m▀[0m[38;2;243;247;247m[48;2;200;232;244m▀[0m[38;2;230;247;247m[48;2;203;215;225m▀[0m[38;2;245;247;247m[48;2;200;217;226m▀[0m[38;2;234;247;247m[48;2;197;212;218m▀[0m[38;2;126;132;141m[48;2;183;195;203m▀[0m[38;2;11;14;15m[48;2;206;219;229m▀[0m[38;2;45;57;63m[48;2;225;239;247m▀[0m[38;2;85;96;99m[48;2;244;247;247m▀[0m[38;2;125;136;143m[48;2;207;197;206m▀[0m[38;2;165;173;177m[48;2;178;186;196m▀[0m[38;2;158;162;167m[48;2;176;194;206m▀[0m[38;2;202;217;223m[48;2;216;237;246m▀[0m[38;2;226;242;247m[48;2;206;233;247m▀[0m[38;2;247;247;247m[48;2;204;234;247m▀[0m[38;2;224;80;80m[48;2;153;0;0m▀[0m[38;2;206;60;57m[48;2;190;217;227m▀[0m[38;2;247;247;247m[48;2;146;175;181m▀[0m[38;2;183;194;201m[48;2;151;163;170m▀[0m[38;2;176;187;194m[48;2;208;223;236m▀[0m[38;2;236;247;247m[48;2;195;207;218m▀[0m[38;2;202;217;228m[48;2;190;207;216m▀[0m[38;2;192;206;217m[48;2;192;204;216m▀[0m[38;2;194;210;218m[48;2;194;212;221m▀[0m[38;2;207;225;233m[48;2;212;230;243m▀[0m[38;2;181;194;203m[48;2;107;119;125m▀[0m[38;2;63;70;77m[48;2;118;136;144m▀[0m[38;2;157;171;185m[48;2;62;72;78m▀[0m[38;2;171;186;194m[48;2;168;190;197m▀[0m[38;2;201;227;238m[48;2;171;201;214m▀[0m[38;2;180;201;214m[48;2;117;155;166m▀[0m[38;2;148;165;171m[48;2;129;197;211m▀[0m[38;2;191;212;223m[48;2;147;191;203m▀[0m[38;2;189;210;219m[48;2;167;197;206m▀[0m[38;2;190;204;215m[48;2;155;174;183m▀[0m[38;2;162;179;188m[48;2;129;152;161m▀[0m[38;2;188;209;218m[48;2;159;188;197m▀[0m[38;2;193;216;226m[48;2;150;174;185m▀[0m[38;2;173;188;198m[48;2;117;177;193m▀[0m[38;2;152;179;190m[48;2;115;174;194m▀[0m[38;2;213;247;247m[48;2;147;185;199m▀[0m[38;2;110;96;101m[48;2;171;212;229m▀[0m[38;2;64;66;67m[48;2;50;63;72m▀[0m[38;2;125;130;133m[48;2;196;215;226m▀[0m[38;2;77;83;90m[48;2;14;21;24m▀[0m[38;2;228;246;247m[48;2;98;110;117m▀[0m[38;2;197;216;223m[48;2;233;247;247m▀[0m[38;2;198;213;219m[48;2;195;207;218m▀[0m[38;2;194;209;219m[48;2;192;206;217m▀[0m[38;2;225;239;247m[48;2;192;204;215m▀[0m[38;2;212;226;238m[48;2;202;217;228m▀[0m[38;2;135;150;158m[48;2;194;208;222m▀[0m[38;2;217;228;238m[48;2;155;164;173m▀[0m[38;2;247;247;247m[48;2;194;211;220m▀[0m[38;2;247;247;247m[48;2;201;227;239m▀[0m[38;2;243;151;154m[48;2;188;202;213m▀[0m[38;2;223;233;240m[48;2;182;156;158m▀[0m[38;2;223;161;165m[48;2;212;247;247m▀[0m[38;2;163;0;0m[48;2;182;148;156m▀[0m[38;2;119;133;143m[48;2;172;182;194m▀[0m[38;2;159;169;177m[48;2;241;247;247m▀[0m[38;2;114;119;127m[48;2;240;247;247m▀[0m[38;2;71;74;79m[48;2;236;247;247m▀[0m[38;2;31;38;43m[48;2;213;224;234m▀[0m[38;2;26;45;53m[48;2;168;179;186m▀[0m[38;2;7;32;38m[48;2;132;140;148m▀[0m[38;2;28;31;31m[48;2;189;206;212m▀[0m[38;2;189;201;209m[48;2;227;242;247m▀[0m[38;2;247;247;247m[48;2;208;221;228m▀[0m[38;2;247;247;247m[48;2;200;215;225m▀[0m[38;2;239;247;247m[48;2;203;218;229m▀[0m[38;2;226;238;247m[48;2;209;227;236m▀[0m[38;2;105;110;115m[48;2;222;243;247m▀[0m
[38;2;133;144;154m[48;2;0;0;0m▀[0m[38;2;64;72;78m[48;2;0;0;0m▀[0m[38;2;42;26;25m[48;2;0;0;0m▀[0m[38;2;247;247;247m[48;2;45;48;49m▀[0m[38;2;217;236;247m[48;2;247;247;247m▀[0m[38;2;198;215;224m[48;2;220;238;247m▀[0m[38;2;192;206;217m[48;2;200;218;227m▀[0m[38;2;194;211;220m[48;2;193;210;222m▀[0m[38;2;201;216;227m[48;2;190;204;216m▀[0m[38;2;198;216;227m[48;2;188;205;215m▀[0m[38;2;195;212;221m[48;2;191;209;216m▀[0m[38;2;208;238;247m[48;2;203;241;247m▀[0m[38;2;133;98;100m[48;2;148;81;85m▀[0m[38;2;134;135;147m[48;2;179;179;191m▀[0m[38;2;208;229;242m[48;2;195;222;231m▀[0m[38;2;191;209;217m[48;2;191;207;216m▀[0m[38;2;194;238;247m[48;2;194;241;247m▀[0m[38;2;178;141;149m[48;2;182;104;108m▀[0m[38;2;131;72;71m[48;2;150;132;136m▀[0m[38;2;186;238;247m[48;2;199;237;247m▀[0m[38;2;172;191;197m[48;2;194;218;226m▀[0m[38;2;203;221;230m[48;2;190;206;214m▀[0m[38;2;191;205;216m[48;2;189;203;214m▀[0m[38;2;186;202;212m[48;2;187;201;212m▀[0m[38;2;188;199;209m[48;2;192;206;212m▀[0m[38;2;189;203;215m[48;2;194;206;218m▀[0m[38;2;214;232;244m[48;2;244;247;247m▀[0m[38;2;170;185;195m[48;2;74;80;87m▀[0m[38;2;87;98;105m[48;2;69;77;80m▀[0m[38;2;199;220;231m[48;2;122;129;132m▀[0m[38;2;35;38;37m[48;2;0;0;0m▀[0m[38;2;72;90;98m[48;2;37;42;47m▀[0m[38;2;189;199;201m[48;2;0;3;0m▀[0m[38;2;247;247;247m[48;2;70;44;37m▀[0m[38;2;220;58;51m[48;2;71;0;0m▀[0m[38;2;177;132;131m[48;2;121;98;107m▀[0m[38;2;170;205;218m[48;2;185;214;226m▀[0m[38;2;184;202;211m[48;2;198;210;220m▀[0m[38;2;176;194;207m[48;2;193;204;214m▀[0m[38;2;181;201;217m[48;2;202;220;232m▀[0m[38;2;162;192;201m[48;2;141;169;175m▀[0m[38;2;171;68;63m[48;2;76;0;0m▀[0m[38;2;235;116;109m[48;2;110;0;0m▀[0m[38;2;176;185;184m[48;2;12;26;24m▀[0m[38;2;34;46;53m[48;2;73;85;93m▀[0m[38;2;30;38;41m[48;2;18;25;24m▀[0m[38;2;140;174;186m[48;2;120;94;99m▀[0m[38;2;72;83;94m[48;2;108;127;131m▀[0m[38;2;41;49;56m[48;2;10;21;27m▀[0m[38;2;207;226;233m[48;2;171;184;195m▀[0m[38;2;205;220;230m[48;2;219;233;247m▀[0m[38;2;190;204;215m[48;2;194;211;221m▀[0m[38;2;187;201;211m[48;2;187;205;214m▀[0m[38;2;185;199;209m[48;2;187;201;211m▀[0m[38;2;193;210;216m[48;2;187;203;212m▀[0m[38;2;184;194;207m[48;2;191;205;215m▀[0m[38;2;164;176;184m[48;2;188;206;216m▀[0m[38;2;195;213;225m[48;2;193;211;221m▀[0m[38;2;192;216;227m[48;2;197;226;240m▀[0m[38;2;140;131;142m[48;2;151;130;144m▀[0m[38;2;196;240;247m[48;2;190;217;227m▀[0m[38;2;186;179;186m[48;2;193;222;230m▀[0m[38;2;139;117;124m[48;2;119;108;117m▀[0m[38;2;200;226;236m[48;2;198;219;234m▀[0m[38;2;194;209;219m[48;2;193;211;223m▀[0m[38;2;194;210;219m[48;2;193;205;215m▀[0m[38;2;201;219;228m[48;2;191;202;213m▀[0m[38;2;217;231;241m[48;2;190;202;213m▀[0m[38;2;226;238;247m[48;2;190;202;214m▀[0m[38;2;205;220;229m[48;2;192;204;215m▀[0m[38;2;196;209;217m[48;2;195;206;217m▀[0m[38;2;195;206;218m[48;2;205;218;229m▀[0m[38;2;194;210;219m[48;2;207;222;233m▀[0m[38;2;198;213;223m[48;2;224;242;247m▀[0m[38;2;201;218;229m[48;2;247;247;247m▀[0m[38;2;216;239;247m[48;2;168;183;188m▀[0m
[38;2;99;132;143m[48;2;72;94;102m▀[0m[38;2;64;93;100m[48;2;102;134;150m▀[0m[38;2;1;8;9m[48;2;119;159;178m▀[0m[38;2;0;0;0m[48;2;17;26;30m▀[0m[38;2;56;62;63m[48;2;0;0;0m▀[0m[38;2;247;247;247m[48;2;21;21;23m▀[0m[38;2;220;239;247m[48;2;145;158;169m▀[0m[38;2;223;239;247m[48;2;168;180;190m▀[0m[38;2;209;222;233m[48;2;223;242;247m▀[0m[38;2;202;219;228m[48;2;247;247;247m▀[0m[38;2;200;225;235m[48;2;247;247;247m▀[0m[38;2;205;220;227m[48;2;247;243;247m▀[0m[38;2;158;94;99m[48;2;233;195;207m▀[0m[38;2;158;180;189m[48;2;207;242;247m▀[0m[38;2;208;227;238m[48;2;247;247;247m▀[0m[38;2;197;216;223m[48;2;247;247;247m▀[0m[38;2;206;247;247m[48;2;247;247;247m▀[0m[38;2;199;113;111m[48;2;247;172;167m▀[0m[38;2;184;168;172m[48;2;247;147;143m▀[0m[38;2;218;247;247m[48;2;247;247;247m▀[0m[38;2;206;227;235m[48;2;232;247;247m▀[0m[38;2;200;217;225m[48;2;247;247;247m▀[0m[38;2;194;210;218m[48;2;247;247;247m▀[0m[38;2;194;209;220m[48;2;247;247;247m▀[0m[38;2;197;210;221m[48;2;247;247;247m▀[0m[38;2;210;223;233m[48;2;247;247;247m▀[0m[38;2;247;247;247m[48;2;172;189;198m▀[0m[38;2;56;54;57m[48;2;84;84;82m▀[0m[38;2;10;9;3m[48;2;32;34;35m▀[0m[38;2;0;0;0m[48;2;0;0;0m▀[0m[38;2;0;0;0m[48;2;2;9;10m▀[0m[38;2;225;243;247m[48;2;206;225;233m▀[0m[38;2;186;203;215m[48;2;207;229;242m▀[0m[38;2;173;198;213m[48;2;165;180;192m▀[0m[38;2;175;229;246m[48;2;81;86;92m▀[0m[38;2;161;192;205m[48;2;70;78;83m▀[0m[38;2;202;219;228m[48;2;173;191;200m▀[0m[38;2;198;213;223m[48;2;203;220;229m▀[0m[38;2;197;210;220m[48;2;200;217;223m▀[0m[38;2;209;226;237m[48;2;180;192;202m▀[0m[38;2;192;206;216m[48;2;70;77;82m▀[0m[38;2;191;237;247m[48;2;60;63;64m▀[0m[38;2;187;237;247m[48;2;130;137;142m▀[0m[38;2;170;191;202m[48;2;178;195;205m▀[0m[38;2;247;247;247m[48;2;247;247;247m▀[0m[38;2;54;67;68m[48;2;65;72;80m▀[0m[38;2;0;0;0m[48;2;2;15;15m▀[0m[38;2;145;59;60m[48;2;0;0;0m▀[0m[38;2;0;0;0m[48;2;70;0;0m▀[0m[38;2;131;158;169m[48;2;19;25;26m▀[0m[38;2;247;247;247m[48;2;235;247;247m▀[0m[38;2;202;217;228m[48;2;247;247;247m▀[0m[38;2;196;214;220m[48;2;247;247;247m▀[0m[38;2;191;212;219m[48;2;240;247;247m▀[0m[38;2;197;209;221m[48;2;247;247;247m▀[0m[38;2;196;208;219m[48;2;247;247;247m▀[0m[38;2;201;220;229m[48;2;247;247;247m▀[0m[38;2;206;224;235m[48;2;247;247;247m▀[0m[38;2;214;247;247m[48;2;247;247;247m▀[0m[38;2;168;115;120m[48;2;203;0;0m▀[0m[38;2;201;207;219m[48;2;247;194;199m▀[0m[38;2;203;247;247m[48;2;247;247;247m▀[0m[38;2;160;91;94m[48;2;208;121;122m▀[0m[38;2;200;218;230m[48;2;247;247;247m▀[0m[38;2;197;215;227m[48;2;247;247;247m▀[0m[38;2;194;211;220m[48;2;247;247;247m▀[0m[38;2;194;207;218m[48;2;247;247;247m▀[0m[38;2;196;211;219m[48;2;247;247;247m▀[0m[38;2;195;208;220m[48;2;247;247;247m▀[0m[38;2;197;214;223m[48;2;247;247;247m▀[0m[38;2;211;227;239m[48;2;235;247;247m▀[0m[38;2;197;215;225m[48;2;178;195;204m▀[0m[38;2;226;245;247m[48;2;83;87;88m▀[0m[38;2;226;243;247m[48;2;0;0;0m▀[0m[38;2;48;51;53m[48;2;0;0;0m▀[0m[38;2;0;0;0m[48;2;6;24;29m▀[0m
[38;2;105;137;153m[48;2;115;145;161m▀[0m[38;2;92;122;135m[48;2;125;159;173m▀[0m[38;2;20;29;34m[48;2;92;124;135m▀[0m[38;2;14;23;27m[48;2;0;0;0m▀[0m[38;2;95;127;142m[48;2;0;0;0m▀[0m[38;2;32;48;56m[48;2;9;13;16m▀[0m[38;2;0;0;0m[48;2;0;0;0m▀[0m[38;2;3;6;7m[48;2;0;0;0m▀[0m[38;2;0;0;0m[48;2;3;15;18m▀[0m[38;2;0;0;0m[48;2;16;35;42m▀[0m[38;2;0;0;0m[48;2;27;46;50m▀[0m[38;2;32;32;30m[48;2;22;45;52m▀[0m[38;2;62;62;71m[48;2;0;19;26m▀[0m[38;2;88;106;119m[48;2;0;0;0m▀[0m[38;2;54;65;71m[48;2;0;0;0m▀[0m[38;2;46;55;62m[48;2;0;0;0m▀[0m[38;2;38;60;67m[48;2;0;0;0m▀[0m[38;2;20;14;17m[48;2;0;0;0m▀[0m[38;2;1;0;0m[48;2;0;0;0m▀[0m[38;2;0;0;0m[48;2;0;0;0m▀[0m[38;2;0;0;0m[48;2;0;0;0m▀[0m[38;2;33;36;35m[48;2;0;0;0m▀[0m[38;2;91;96;100m[48;2;0;0;0m▀[0m[38;2;122;129;133m[48;2;15;22;29m▀[0m[38;2;122;129;137m[48;2;0;0;0m▀[0m[38;2;30;35;40m[48;2;0;0;0m▀[0m[38;2;16;16;14m[48;2;64;67;69m▀[0m[38;2;62;64;64m[48;2;141;149;149m▀[0m[38;2;75;83;88m[48;2;84;88;87m▀[0m[38;2;34;37;39m[48;2;74;71;71m▀[0m[38;2;0;0;0m[48;2;0;0;0m▀[0m[38;2;191;205;215m[48;2;142;158;171m▀[0m[38;2;247;247;247m[48;2;157;171;181m▀[0m[38;2;247;247;247m[48;2;189;210;218m▀[0m[38;2;247;247;247m[48;2;123;144;148m▀[0m[38;2;201;214;226m[48;2;206;226;236m▀[0m[38;2;130;143;151m[48;2;247;247;247m▀[0m[38;2;218;234;244m[48;2;247;247;247m▀[0m[38;2;212;230;239m[48;2;216;238;247m▀[0m[38;2;123;134;142m[48;2;247;247;247m▀[0m[38;2;172;190;198m[48;2;247;247;247m▀[0m[38;2;211;229;242m[48;2;247;247;247m▀[0m[38;2;228;247;247m[48;2;207;227;240m▀[0m[38;2;194;208;222m[48;2;224;247;247m▀[0m[38;2;247;247;247m[48;2;135;152;160m▀[0m[38;2;0;0;0m[48;2;0;0;0m▀[0m[38;2;112;111;112m[48;2;0;0;0m▀[0m[38;2;129;157;161m[48;2;239;241;242m▀[0m[38;2;0;0;0m[48;2;47;80;81m▀[0m[38;2;64;0;0m[48;2;86;0;0m▀[0m[38;2;0;0;0m[48;2;0;0;0m▀[0m[38;2;81;94;100m[48;2;0;0;0m▀[0m[38;2;151;170;177m[48;2;0;0;0m▀[0m[38;2;166;178;188m[48;2;0;0;0m▀[0m[38;2;146;159;165m[48;2;0;0;0m▀[0m[38;2;95;103;110m[48;2;0;0;0m▀[0m[38;2;12;14;16m[48;2;0;0;0m▀[0m[38;2;0;8;12m[48;2;0;0;0m▀[0m[38;2;32;0;0m[48;2;0;0;0m▀[0m[38;2;18;0;0m[48;2;0;0;0m▀[0m[38;2;61;20;19m[48;2;0;0;0m▀[0m[38;2;33;58;64m[48;2;0;0;0m▀[0m[38;2;54;39;35m[48;2;0;0;0m▀[0m[38;2;97;69;68m[48;2;0;0;0m▀[0m[38;2;70;87;93m[48;2;0;4;7m▀[0m[38;2;64;69;74m[48;2;0;0;0m▀[0m[38;2;71;76;82m[48;2;0;0;0m▀[0m[38;2;80;87;96m[48;2;0;0;0m▀[0m[38;2;87;95;103m[48;2;0;0;0m▀[0m[38;2;80;87;94m[48;2;0;0;0m▀[0m[38;2;71;75;79m[48;2;0;0;0m▀[0m[38;2;17;17;14m[48;2;0;0;0m▀[0m[38;2;0;0;0m[48;2;0;0;0m▀[0m[38;2;19;31;41m[48;2;48;64;72m▀[0m[38;2;38;51;62m[48;2;58;79;90m▀[0m[38;2;47;70;78m[48;2;91;123;134m▀[0m
[38;2;33;39;47m[48;2;85;102;108m▀[0m[38;2;19;27;30m[48;2;78;98;110m▀[0m[38;2;12;18;19m[48;2;63;80;92m▀[0m[38;2;17;24;25m[48;2;86;114;131m▀[0m[38;2;60;75;89m[48;2;65;88;102m▀[0m[38;2;76;101;117m[48;2;10;12;14m▀[0m[38;2;84;114;128m[48;2;0;0;0m▀[0m[38;2;71;106;118m[48;2;0;0;0m▀[0m[38;2;54;80;87m[48;2;0;0;0m▀[0m[38;2;17;29;32m[48;2;0;0;0m▀[0m[38;2;0;0;0m[48;2;72;71;71m▀[0m[38;2;0;0;0m[48;2;119;127;133m▀[0m[38;2;0;0;0m[48;2;34;42;46m▀[0m[38;2;0;6;7m[48;2;0;0;0m▀[0m[38;2;0;9;12m[48;2;0;0;0m▀[0m[38;2;0;0;0m[48;2;0;0;0m▀[0m[38;2;0;0;0m[48;2;27;0;0m▀[0m[38;2;0;0;0m[48;2;0;0;0m▀[0m[38;2;0;0;0m[48;2;40;52;56m▀[0m[38;2;18;30;36m[48;2;79;85;89m▀[0m[38;2;26;37;45m[48;2;51;68;84m▀[0m[38;2;22;38;44m[48;2;0;0;3m▀[0m[38;2;80;97;106m[48;2;0;0;0m▀[0m[38;2;24;34;42m[48;2;0;0;0m▀[0m[38;2;0;0;0m[48;2;23;26;27m▀[0m[38;2;20;20;21m[48;2;112;114;115m▀[0m[38;2;63;62;63m[48;2;151;151;152m▀[0m[38;2;121;127;126m[48;2;44;50;51m▀[0m[38;2;29;21;22m[48;2;16;0;0m▀[0m[38;2;0;0;0m[48;2;0;0;0m▀[0m[38;2;0;0;0m[48;2;37;46;50m▀[0m[38;2;0;2;8m[48;2;0;0;0m▀[0m[38;2;0;0;0m[48;2;192;194;198m▀[0m[38;2;177;176;177m[48;2;203;203;200m▀[0m[38;2;0;0;0m[48;2;0;0;0m▀[0m[38;2;0;0;0m[48;2;6;23;28m▀[0m[38;2;72;23;23m[48;2;193;35;25m▀[0m[38;2;0;0;0m[48;2;0;0;0m▀[0m[38;2;16;24;26m[48;2;151;160;160m▀[0m[38;2;0;0;0m[48;2;0;0;0m▀[0m[38;2;123;144;153m[48;2;0;0;0m▀[0m[38;2;162;175;185m[48;2;0;0;0m▀[0m[38;2;84;113;122m[48;2;0;0;0m▀[0m[38;2;90;103;107m[48;2;0;0;0m▀[0m[38;2;130;153;152m[48;2;68;0;0m▀[0m[38;2;247;247;247m[48;2;121;117;117m▀[0m[38;2;61;68;71m[48;2;247;247;247m▀[0m[38;2;81;88;91m[48;2;65;72;73m▀[0m[38;2;178;189;189m[48;2;174;173;173m▀[0m[38;2;26;15;13m[48;2;0;0;0m▀[0m[38;2;134;88;89m[48;2;67;50;54m▀[0m[38;2;41;55;55m[48;2;124;127;129m▀[0m[38;2;0;0;0m[48;2;130;136;139m▀[0m[38;2;0;0;4m[48;2;42;39;39m▀[0m[38;2;60;70;81m[48;2;42;49;54m▀[0m[38;2;69;74;79m[48;2;34;41;46m▀[0m[38;2;0;0;0m[48;2;0;0;0m▀[0m[38;2;30;42;50m[48;2;0;0;0m▀[0m[38;2;0;8;16m[48;2;72;84;92m▀[0m[38;2;0;0;0m[48;2;99;69;73m▀[0m[38;2;0;0;0m[48;2;11;0;0m▀[0m[38;2;0;0;0m[48;2;0;0;0m▀[0m[38;2;0;0;0m[48;2;0;0;0m▀[0m[38;2;0;0;0m[48;2;0;0;0m▀[0m[38;2;0;0;0m[48;2;0;0;0m▀[0m[38;2;3;12;15m[48;2;0;3;4m▀[0m[38;2;14;26;32m[48;2;24;31;33m▀[0m[38;2;31;47;53m[48;2;0;0;0m▀[0m[38;2;27;41;49m[48;2;0;0;0m▀[0m[38;2;19;32;39m[48;2;0;0;0m▀[0m[38;2;33;45;51m[48;2;0;0;0m▀[0m[38;2;71;86;97m[48;2;0;0;0m▀[0m[38;2;81;103;118m[48;2;0;0;0m▀[0m[38;2;46;61;66m[48;2;5;8;13m▀[0m[38;2;17;28;30m[48;2;48;64;73m▀[0m[38;2;16;25;28m[48;2;46;64;73m▀[0m
[38;2;0;0;0m[48;2;0;0;0m▀[0m[38;2;0;0;0m[48;2;0;0;0m▀[0m[38;2;0;3;6m[48;2;46;67;79m▀[0m[38;2;7;19;26m[48;2;46;69;81m▀[0m[38;2;0;0;0m[48;2;0;0;0m▀[0m[38;2;0;0;0m[48;2;0;0;0m▀[0m[38;2;0;0;0m[48;2;0;0;0m▀[0m[38;2;0;0;0m[48;2;0;0;0m▀[0m[38;2;0;0;0m[48;2;0;0;0m▀[0m[38;2;62;64;65m[48;2;37;41;42m▀[0m[38;2;86;89;90m[48;2;19;23;27m▀[0m[38;2;28;30;30m[48;2;0;0;0m▀[0m[38;2;3;7;6m[48;2;0;0;0m▀[0m[38;2;0;0;0m[48;2;0;0;0m▀[0m[38;2;0;0;0m[48;2;30;0;0m▀[0m[38;2;134;0;0m[48;2;34;0;0m▀[0m[38;2;241;0;0m[48;2;82;0;0m▀[0m[38;2;1;0;0m[48;2;9;0;0m▀[0m[38;2;59;81;84m[48;2;0;0;0m▀[0m[38;2;47;60;58m[48;2;0;0;0m▀[0m[38;2;38;41;38m[48;2;0;0;0m▀[0m[38;2;78;85;89m[48;2;0;0;0m▀[0m[38;2;136;142;149m[48;2;50;53;53m▀[0m[38;2;115;123;125m[48;2;179;182;182m▀[0m[38;2;190;195;196m[48;2;247;247;247m▀[0m[38;2;247;247;247m[48;2;247;247;247m▀[0m[38;2;127;130;129m[48;2;82;91;93m▀[0m[38;2;11;20;23m[48;2;0;2;3m▀[0m[38;2;0;0;0m[48;2;0;0;0m▀[0m[38;2;60;73;78m[48;2;89;115;126m▀[0m[38;2;32;39;43m[48;2;0;0;0m▀[0m[38;2;0;0;0m[48;2;0;0;0m▀[0m[38;2;247;247;247m[48;2;247;247;247m▀[0m[38;2;125;126;122m[48;2;150;152;150m▀[0m[38;2;0;0;0m[48;2;0;0;0m▀[0m[38;2;140;148;152m[48;2;227;236;238m▀[0m[38;2;206;108;101m[48;2;184;138;135m▀[0m[38;2;0;0;0m[48;2;5;5;7m▀[0m[38;2;214;221;221m[48;2;208;215;219m▀[0m[38;2;0;0;0m[48;2;0;0;0m▀[0m[38;2;5;14;18m[48;2;8;17;21m▀[0m[38;2;0;0;0m[48;2;0;0;0m▀[0m[38;2;160;31;23m[48;2;22;30;25m▀[0m[38;2;0;9;0m[48;2;128;32;24m▀[0m[38;2;120;33;35m[48;2;28;72;75m▀[0m[38;2;49;0;0m[48;2;164;0;0m▀[0m[38;2;161;192;194m[48;2;29;1;4m▀[0m[38;2;247;247;247m[48;2;247;247;247m▀[0m[38;2;226;230;230m[48;2;116;118;119m▀[0m[38;2;87;87;85m[48;2;247;247;247m▀[0m[38;2;0;0;0m[48;2;0;0;0m▀[0m[38;2;36;39;39m[48;2;97;97;99m▀[0m[38;2;0;0;0m[48;2;95;112;113m▀[0m[38;2;96;98;99m[48;2;21;32;39m▀[0m[38;2;83;85;86m[48;2;75;78;87m▀[0m[38;2;46;40;37m[48;2;102;114;122m▀[0m[38;2;53;56;58m[48;2;84;92;97m▀[0m[38;2;74;82;87m[48;2;34;49;59m▀[0m[38;2;64;76;80m[48;2;0;0;0m▀[0m[38;2;75;41;39m[48;2;11;39;41m▀[0m[38;2;108;22;20m[48;2;82;118;121m▀[0m[38;2;52;0;0m[48;2;221;0;0m▀[0m[38;2;0;0;0m[48;2;94;19;15m▀[0m[38;2;0;0;0m[48;2;11;25;29m▀[0m[38;2;0;0;0m[48;2;0;0;0m▀[0m[38;2;0;0;0m[48;2;0;0;0m▀[0m[38;2;61;67;70m[48;2;0;0;0m▀[0m[38;2;224;226;232m[48;2;191;199;203m▀[0m[38;2;10;8;2m[48;2;6;5;3m▀[0m[38;2;0;0;0m[48;2;0;0;0m▀[0m[38;2;0;0;0m[48;2;0;0;0m▀[0m[38;2;1;3;4m[48;2;0;0;0m▀[0m[38;2;62;75;80m[48;2;13;15;15m▀[0m[38;2;19;18;15m[48;2;97;117;125m▀[0m[38;2;0;0;0m[48;2;0;0;0m▀[0m[38;2;0;0;0m[48;2;0;0;0m▀[0m
[38;2;116;118;123m[48;2;98;95;94m▀[0m[38;2;91;88;88m[48;2;174;171;171m▀[0m[38;2;74;91;97m[48;2;0;0;0m▀[0m[38;2;129;161;170m[48;2;158;169;173m▀[0m[38;2;0;0;0m[48;2;95;107;114m▀[0m[38;2;0;0;0m[48;2;0;0;0m▀[0m[38;2;0;0;0m[48;2;0;0;0m▀[0m[38;2;0;0;0m[48;2;0;0;0m▀[0m[38;2;0;0;0m[48;2;0;0;0m▀[0m[38;2;0;0;0m[48;2;84;81;83m▀[0m[38;2;63;65;69m[48;2;247;247;247m▀[0m[38;2;6;14;18m[48;2;247;247;247m▀[0m[38;2;0;0;0m[48;2;0;0;0m▀[0m[38;2;89;0;0m[48;2;0;0;0m▀[0m[38;2;26;0;0m[48;2;85;4;0m▀[0m[38;2;0;0;0m[48;2;247;84;69m▀[0m[38;2;0;16;20m[48;2;247;97;89m▀[0m[38;2;73;118;123m[48;2;247;167;157m▀[0m[38;2;188;202;207m[48;2;247;216;208m▀[0m[38;2;219;221;221m[48;2;216;198;201m▀[0m[38;2;226;239;239m[48;2;247;203;201m▀[0m[38;2;247;247;247m[48;2;193;166;165m▀[0m[38;2;247;247;247m[48;2;110;101;104m▀[0m[38;2;247;247;247m[48;2;69;63;66m▀[0m[38;2;247;247;247m[48;2;38;44;45m▀[0m[38;2;140;144;147m[48;2;0;0;0m▀[0m[38;2;65;72;76m[48;2;96;99;103m▀[0m[38;2;0;0;0m[48;2;0;0;0m▀[0m[38;2;91;0;0m[48;2;151;0;0m▀[0m[38;2;68;91;105m[48;2;81;69;80m▀[0m[38;2;0;0;0m[48;2;0;8;12m▀[0m[38;2;0;0;0m[48;2;0;0;0m▀[0m[38;2;247;247;247m[48;2;169;172;173m▀[0m[38;2;247;247;247m[48;2;247;247;247m▀[0m[38;2;0;0;0m[48;2;0;0;0m▀[0m[38;2;180;186;189m[48;2;26;26;31m▀[0m[38;2;222;213;214m[48;2;247;247;247m▀[0m[38;2;7;7;8m[48;2;0;0;0m▀[0m[38;2;233;236;236m[48;2;247;247;247m▀[0m[38;2;0;0;0m[48;2;0;0;0m▀[0m[38;2;22;33;37m[48;2;0;10;16m▀[0m[38;2;0;7;10m[48;2;36;59;64m▀[0m[38;2;0;17;19m[48;2;13;47;47m▀[0m[38;2;154;24;19m[48;2;141;26;25m▀[0m[38;2;14;42;44m[48;2;0;5;5m▀[0m[38;2;116;48;46m[48;2;72;55;58m▀[0m[38;2;39;0;0m[48;2;74;49;48m▀[0m[38;2;247;247;247m[48;2;184;197;197m▀[0m[38;2;61;63;61m[48;2;133;136;137m▀[0m[38;2;130;134;135m[48;2;0;0;0m▀[0m[38;2;247;247;247m[48;2;207;213;210m▀[0m[38;2;28;33;37m[48;2;247;247;247m▀[0m[38;2;137;98;97m[48;2;233;178;176m▀[0m[38;2;161;168;169m[48;2;198;42;38m▀[0m[38;2;137;154;155m[48;2;50;43;43m▀[0m[38;2;146;150;154m[48;2;62;84;86m▀[0m[38;2;139;147;146m[48;2;90;126;129m▀[0m[38;2;154;164;162m[48;2;53;109;112m▀[0m[38;2;138;164;164m[48;2;10;59;61m▀[0m[38;2;72;119;119m[48;2;71;64;64m▀[0m[38;2;0;36;39m[48;2;163;38;35m▀[0m[38;2;0;0;0m[48;2;232;0;0m▀[0m[38;2;0;40;48m[48;2;220;0;0m▀[0m[38;2;37;101;110m[48;2;137;0;0m▀[0m[38;2;39;68;72m[48;2;38;23;30m▀[0m[38;2;0;0;0m[48;2;155;168;172m▀[0m[38;2;38;40;41m[48;2;163;175;183m▀[0m[38;2;12;16;17m[48;2;0;0;0m▀[0m[38;2;0;0;0m[48;2;0;0;0m▀[0m[38;2;0;0;0m[48;2;0;0;0m▀[0m[38;2;0;0;0m[48;2;0;0;0m▀[0m[38;2;0;0;0m[48;2;7;4;6m▀[0m[38;2;0;0;0m[48;2;134;155;170m▀[0m[38;2;105;113;122m[48;2;87;97;104m▀[0m[38;2;229;231;232m[48;2;3;3;4m▀[0m[38;2;67;73;72m[48;2;0;0;0m▀[0m
[38;2;0;0;0m[48;2;26;42;50m▀[0m[38;2;0;0;0m[48;2;56;80;94m▀[0m[38;2;0;0;0m[48;2;33;44;51m▀[0m[38;2;0;0;0m[48;2;5;4;4m▀[0m[38;2;8;6;9m[48;2;0;0;0m▀[0m[38;2;55;66;76m[48;2;0;0;0m▀[0m[38;2;44;52;61m[48;2;20;22;23m▀[0m[38;2;0;0;0m[48;2;81;98;114m▀[0m[38;2;0;0;0m[48;2;64;83;96m▀[0m[38;2;0;0;0m[48;2;0;0;0m▀[0m[38;2;35;33;32m[48;2;0;0;0m▀[0m[38;2;209;215;218m[48;2;0;0;0m▀[0m[38;2;151;161;167m[48;2;0;0;0m▀[0m[38;2;0;18;21m[48;2;23;53;58m▀[0m[38;2;57;0;0m[48;2;10;18;21m▀[0m[38;2;247;1;0m[48;2;105;97;98m▀[0m[38;2;81;0;0m[48;2;161;217;221m▀[0m[38;2;0;0;0m[48;2;34;63;67m▀[0m[38;2;0;0;0m[48;2;0;0;0m▀[0m[38;2;0;0;0m[48;2;0;0;0m▀[0m[38;2;0;0;0m[48;2;41;52;60m▀[0m[38;2;0;0;0m[48;2;61;74;79m▀[0m[38;2;22;33;37m[48;2;71;86;91m▀[0m[38;2;47;62;69m[48;2;41;52;56m▀[0m[38;2;51;68;74m[48;2;15;24;30m▀[0m[38;2;47;59;69m[48;2;0;0;0m▀[0m[38;2;97;106;110m[48;2;0;0;0m▀[0m[38;2;0;25;28m[48;2;85;103;107m▀[0m[38;2;95;0;0m[48;2;0;0;0m▀[0m[38;2;120;49;50m[48;2;145;25;21m▀[0m[38;2;2;39;43m[48;2;0;0;0m▀[0m[38;2;1;7;7m[48;2;25;35;39m▀[0m[38;2;24;31;33m[48;2;32;39;47m▀[0m[38;2;173;171;177m[48;2;0;0;0m▀[0m[38;2;129;131;135m[48;2;0;0;0m▀[0m[38;2;0;0;0m[48;2;0;0;0m▀[0m[38;2;236;235;235m[48;2;0;0;0m▀[0m[38;2;84;87;88m[48;2;148;151;153m▀[0m[38;2;185;188;192m[48;2;64;74;82m▀[0m[38;2;124;123;123m[48;2;103;102;102m▀[0m[38;2;0;0;0m[48;2;50;60;67m▀[0m[38;2;18;36;44m[48;2;0;0;0m▀[0m[38;2;41;38;41m[48;2;81;54;57m▀[0m[38;2;125;26;23m[48;2;0;0;0m▀[0m[38;2;0;0;0m[48;2;0;0;0m▀[0m[38;2;47;61;65m[48;2;73;87;92m▀[0m[38;2;116;129;129m[48;2;66;70;70m▀[0m[38;2;107;110;110m[48;2;2;4;4m▀[0m[38;2;103;103;101m[48;2;2;2;0m▀[0m[38;2;0;0;0m[48;2;0;0;0m▀[0m[38;2;0;0;0m[48;2;0;0;0m▀[0m[38;2;24;32;34m[48;2;0;0;0m▀[0m[38;2;118;134;136m[48;2;0;0;0m▀[0m[38;2;201;198;201m[48;2;0;0;0m▀[0m[38;2;247;233;234m[48;2;0;1;7m▀[0m[38;2;242;199;198m[48;2;1;0;0m▀[0m[38;2;247;162;157m[48;2;22;0;0m▀[0m[38;2;247;134;125m[48;2;0;0;0m▀[0m[38;2;247;76;63m[48;2;0;0;0m▀[0m[38;2;247;31;13m[48;2;0;0;0m▀[0m[38;2;247;0;0m[48;2;0;0;0m▀[0m[38;2;147;0;0m[48;2;33;0;0m▀[0m[38;2;65;0;0m[48;2;71;55;54m▀[0m[38;2;47;0;0m[48;2;69;104;115m▀[0m[38;2;125;74;78m[48;2;42;60;61m▀[0m[38;2;247;247;247m[48;2;0;0;0m▀[0m[38;2;46;50;53m[48;2;0;0;0m▀[0m[38;2;0;0;0m[48;2;33;40;41m▀[0m[38;2;0;0;0m[48;2;84;106;112m▀[0m[38;2;8;7;8m[48;2;79;100;105m▀[0m[38;2;105;124;125m[48;2;64;81;82m▀[0m[38;2;202;231;239m[48;2;0;8;14m▀[0m[38;2;64;87;98m[48;2;0;9;13m▀[0m[38;2;0;0;0m[48;2;52;73;82m▀[0m[38;2;0;0;0m[48;2;68;91;97m▀[0m[38;2;0;0;0m[48;2;90;116;124m▀[0m
[38;2;76;97;101m[48;2;149;183;198m▀[0m[38;2;65;88;95m[48;2;129;155;169m▀[0m[38;2;110;143;159m[48;2;98;117;127m▀[0m[38;2;110;143;161m[48;2;44;58;63m▀[0m[38;2;105;137;156m[48;2;7;14;15m▀[0m[38;2;92;118;133m[48;2;8;14;19m▀[0m[38;2;130;171;188m[48;2;13;20;25m▀[0m[38;2;160;201;220m[48;2;65;90;101m▀[0m[38;2;142;182;200m[48;2;92;113;129m▀[0m[38;2;143;173;192m[48;2;26;37;43m▀[0m[38;2;146;169;184m[48;2;0;0;0m▀[0m[38;2;51;62;67m[48;2;0;0;0m▀[0m[38;2;9;15;15m[48;2;14;14;12m▀[0m[38;2;89;130;145m[48;2;71;84;84m▀[0m[38;2;160;217;238m[48;2;125;148;154m▀[0m[38;2;95;147;161m[48;2;176;213;227m▀[0m[38;2;42;67;82m[48;2;31;49;54m▀[0m[38;2;49;60;67m[48;2;0;0;0m▀[0m[38;2;68;79;87m[48;2;0;0;0m▀[0m[38;2;44;47;51m[48;2;0;0;0m▀[0m[38;2;39;50;54m[48;2;2;5;5m▀[0m[38;2;24;31;33m[48;2;68;79;85m▀[0m[38;2;0;0;0m[48;2;115;126;128m▀[0m[38;2;0;0;0m[48;2;66;75;73m▀[0m[38;2;0;0;0m[48;2;64;70;74m▀[0m[38;2;0;3;0m[48;2;58;64;66m▀[0m[38;2;0;0;0m[48;2;55;62;68m▀[0m[38;2;15;21;22m[48;2;58;68;75m▀[0m[38;2;36;64;68m[48;2;61;71;81m▀[0m[38;2;39;32;35m[48;2;32;50;55m▀[0m[38;2;70;35;37m[48;2;0;7;10m▀[0m[38;2;0;0;0m[48;2;43;52;58m▀[0m[38;2;0;0;0m[48;2;111;132;140m▀[0m[38;2;0;0;0m[48;2;103;120;128m▀[0m[38;2;0;0;0m[48;2;65;73;76m▀[0m[38;2;19;26;29m[48;2;60;66;71m▀[0m[38;2;36;43;48m[48;2;51;60;64m▀[0m[38;2;19;25;28m[48;2;9;11;12m▀[0m[38;2;45;47;49m[48;2;0;0;0m▀[0m[38;2;0;0;0m[48;2;43;54;58m▀[0m[38;2;33;41;50m[48;2;7;7;9m▀[0m[38;2;61;73;81m[48;2;0;3;6m▀[0m[38;2;73;87;92m[48;2;2;8;8m▀[0m[38;2;5;14;17m[48;2;62;70;76m▀[0m[38;2;0;0;0m[48;2;97;115;124m▀[0m[38;2;32;44;47m[48;2;83;101;109m▀[0m[38;2;0;2;2m[48;2;93;110;118m▀[0m[38;2;0;0;0m[48;2;110;131;139m▀[0m[38;2;0;0;0m[48;2;109;126;135m▀[0m[38;2;0;0;0m[48;2;89;103;111m▀[0m[38;2;32;36;39m[48;2;76;84;93m▀[0m[38;2;37;45;50m[48;2;36;43;47m▀[0m[38;2;35;48;56m[48;2;0;0;0m▀[0m[38;2;21;28;34m[48;2;0;0;0m▀[0m[38;2;5;12;12m[48;2;0;0;0m▀[0m[38;2;13;31;34m[48;2;57;63;66m▀[0m[38;2;0;18;25m[48;2;22;25;27m▀[0m[38;2;0;38;46m[48;2;4;16;19m▀[0m[38;2;0;0;0m[48;2;48;59;68m▀[0m[38;2;0;0;0m[48;2;69;81;85m▀[0m[38;2;0;37;42m[48;2;46;54;54m▀[0m[38;2;0;0;0m[48;2;18;26;28m▀[0m[38;2;0;0;0m[48;2;45;64;68m▀[0m[38;2;0;0;0m[48;2;96;129;133m▀[0m[38;2;0;1;1m[48;2;89;103;105m▀[0m[38;2;71;83;87m[48;2;38;55;57m▀[0m[38;2;94;107;109m[48;2;1;10;12m▀[0m[38;2;47;58;60m[48;2;0;0;0m▀[0m[38;2;0;0;0m[48;2;0;0;0m▀[0m[38;2;0;0;0m[48;2;21;33;41m▀[0m[38;2;0;0;0m[48;2;56;80;90m▀[0m[38;2;0;0;0m[48;2;96;119;131m▀[0m[38;2;32;42;50m[48;2;120;153;164m▀[0m[38;2;32;44;52m[48;2;83;104;113m▀[0m[38;2;12;26;27m[48;2;39;50;53m▀[0m[38;2;0;8;12m[48;2;32;38;42m▀[0m
[38;2;0;0;0m[48;2;76;104;110m▀[0m[38;2;0;0;0m[48;2;133;172;189m▀[0m[38;2;0;0;0m[48;2;197;241;247m▀[0m[38;2;0;0;0m[48;2;185;233;247m▀[0m[38;2;11;19;17m[48;2;178;225;244m▀[0m[38;2;54;70;75m[48;2;161;197;216m▀[0m[38;2;71;91;99m[48;2;123;153;166m▀[0m[38;2;109;143;156m[48;2;75;94;101m▀[0m[38;2;132;166;181m[48;2;31;37;41m▀[0m[38;2;81;105;116m[48;2;0;0;0m▀[0m[38;2;39;50;58m[48;2;15;23;30m▀[0m[38;2;0;0;0m[48;2;90;116;130m▀[0m[38;2;0;0;0m[48;2;79;104;119m▀[0m[38;2;0;0;0m[48;2;43;58;65m▀[0m[38;2;3;7;6m[48;2;0;0;0m▀[0m[38;2;32;29;25m[48;2;0;0;0m▀[0m[38;2;34;33;29m[48;2;81;104;115m▀[0m[38;2;48;56;59m[48;2;165;208;229m▀[0m[38;2;0;0;0m[48;2;162;196;212m▀[0m[38;2;0;0;0m[48;2;137;158;170m▀[0m[38;2;0;0;0m[48;2;77;80;88m▀[0m[38;2;0;0;0m[48;2;0;0;0m▀[0m[38;2;0;0;0m[48;2;0;0;0m▀[0m[38;2;34;40;41m[48;2;0;0;0m▀[0m[38;2;67;78;80m[48;2;0;0;0m▀[0m[38;2;73;80;83m[48;2;0;0;0m▀[0m[38;2;58;64;68m[48;2;0;0;0m▀[0m[38;2;35;46;52m[48;2;0;0;0m▀[0m[38;2;0;2;6m[48;2;0;0;0m▀[0m[38;2;17;24;25m[48;2;43;51;53m▀[0m[38;2;63;73;76m[48;2;0;2;0m▀[0m[38;2;57;65;69m[48;2;0;0;0m▀[0m[38;2;27;34;34m[48;2;0;0;0m▀[0m[38;2;8;10;14m[48;2;0;0;0m▀[0m[38;2;22;25;26m[48;2;0;0;0m▀[0m[38;2;67;75;78m[48;2;0;0;0m▀[0m[38;2;67;74;78m[48;2;0;0;0m▀[0m[38;2;31;36;35m[48;2;0;0;0m▀[0m[38;2;0;0;0m[48;2;189;187;194m▀[0m[38;2;14;26;36m[48;2;200;197;201m▀[0m[38;2;0;0;0m[48;2;186;186;186m▀[0m[38;2;0;8;14m[48;2;135;133;136m▀[0m[38;2;34;42;45m[48;2;0;0;0m▀[0m[38;2;32;39;44m[48;2;0;0;0m▀[0m[38;2;25;32;36m[48;2;0;0;0m▀[0m[38;2;0;0;1m[48;2;0;0;0m▀[0m[38;2;13;15;15m[48;2;0;0;0m▀[0m[38;2;32;38;41m[48;2;0;0;0m▀[0m[38;2;55;66;72m[48;2;0;0;0m▀[0m[38;2;34;43;46m[48;2;0;0;0m▀[0m[38;2;2;1;1m[48;2;20;23;25m▀[0m[38;2;0;0;0m[48;2;0;0;1m▀[0m[38;2;0;0;0m[48;2;0;0;0m▀[0m[38;2;19;25;30m[48;2;0;0;0m▀[0m[38;2;92;106;116m[48;2;0;0;0m▀[0m[38;2;90;106;112m[48;2;1;4;4m▀[0m[38;2;28;39;42m[48;2;33;44;47m▀[0m[38;2;22;26;30m[48;2;58;70;78m▀[0m[38;2;33;40;43m[48;2;44;55;61m▀[0m[38;2;48;61;67m[48;2;13;15;17m▀[0m[38;2;64;82;90m[48;2;0;0;0m▀[0m[38;2;70;90;97m[48;2;0;0;0m▀[0m[38;2;28;35;38m[48;2;0;0;0m▀[0m[38;2;0;0;0m[48;2;16;22;23m▀[0m[38;2;0;0;0m[48;2;64;83;90m▀[0m[38;2;0;0;0m[48;2;112;142;152m▀[0m[38;2;13;25;28m[48;2;139;171;183m▀[0m[38;2;51;73;79m[48;2;167;195;214m▀[0m[38;2;84;108;119m[48;2;166;199;211m▀[0m[38;2;114;140;152m[48;2;158;186;200m▀[0m[38;2;140;167;181m[48;2;138;168;181m▀[0m[38;2;141;175;186m[48;2;125;157;169m▀[0m[38;2;137;169;183m[48;2;128;154;168m▀[0m[38;2;148;183;195m[48;2;133;165;178m▀[0m[38;2;158;195;210m[48;2;136;170;187m▀[0m[38;2;170;211;227m[48;2;98;130;143m▀[0m
[38;2;0;0;0m[48;2;68;79;90m▀[0m[38;2;38;61;69m[48;2;0;0;0m▀[0m[38;2;89;113;125m[48;2;0;0;0m▀[0m[38;2;55;65;69m[48;2;30;36;36m▀[0m[38;2;0;0;0m[48;2;86;94;96m▀[0m[38;2;0;0;0m[48;2;128;135;134m▀[0m[38;2;0;0;0m[48;2;143;165;171m▀[0m[38;2;0;0;0m[48;2;155;185;196m▀[0m[38;2;0;0;0m[48;2;154;192;206m▀[0m[38;2;0;0;0m[48;2;157;194;210m▀[0m[38;2;1;3;3m[48;2;166;203;219m▀[0m[38;2;74;91;99m[48;2;161;194;209m▀[0m[38;2;131;165;184m[48;2;153;185;200m▀[0m[38;2;115;148;163m[48;2;126;150;161m▀[0m[38;2;85;111;126m[48;2;123;150;163m▀[0m[38;2;96;122;136m[48;2;131;157;172m▀[0m[38;2;108;138;151m[48;2;101;126;137m▀[0m[38;2;122;148;161m[48;2;78;98;112m▀[0m[38;2;136;175;190m[48;2;70;91;102m▀[0m[38;2;108;134;146m[48;2;65;87;98m▀[0m[38;2;179;209;226m[48;2;90;114;126m▀[0m[38;2;183;211;225m[48;2;129;158;171m▀[0m[38;2;151;167;175m[48;2;152;186;202m▀[0m[38;2;85;84;82m[48;2;187;220;232m▀[0m[38;2;13;6;2m[48;2;208;230;238m▀[0m[38;2;0;0;0m[48;2;167;178;184m▀[0m[38;2;0;0;0m[48;2;98;102;106m▀[0m[38;2;0;0;0m[48;2;42;41;42m▀[0m[38;2;0;0;0m[48;2;6;3;3m▀[0m[38;2;0;0;0m[48;2;0;1;1m▀[0m[38;2;0;0;0m[48;2;0;0;0m▀[0m[38;2;0;0;0m[48;2;0;0;0m▀[0m[38;2;0;0;0m[48;2;0;0;0m▀[0m[38;2;0;0;0m[48;2;0;0;0m▀[0m[38;2;0;0;0m[48;2;0;0;0m▀[0m[38;2;0;0;0m[48;2;8;10;8m▀[0m[38;2;0;0;0m[48;2;44;43;38m▀[0m[38;2;0;0;0m[48;2;74;74;75m▀[0m[38;2;61;61;64m[48;2;116;113;116m▀[0m[38;2;247;247;247m[48;2;247;247;247m▀[0m[38;2;247;247;247m[48;2;133;138;143m▀[0m[38;2;247;247;247m[48;2;27;54;68m▀[0m[38;2;247;247;247m[48;2;137;171;187m▀[0m[38;2;22;25;26m[48;2;185;223;241m▀[0m[38;2;27;33;40m[48;2;202;237;247m▀[0m[38;2;41;52;64m[48;2;165;202;215m▀[0m[38;2;9;15;24m[48;2;129;160;165m▀[0m[38;2;0;0;0m[48;2;113;137;144m▀[0m[38;2;0;0;0m[48;2;100;130;135m▀[0m[38;2;0;1;0m[48;2;77;103;108m▀[0m[38;2;0;0;0m[48;2;56;67;73m▀[0m[38;2;0;0;0m[48;2;70;87;91m▀[0m[38;2;18;26;28m[48;2;44;58;58m▀[0m[38;2;39;53;54m[48;2;1;3;3m▀[0m[38;2;49;66;67m[48;2;0;0;0m▀[0m[38;2;39;53;54m[48;2;0;0;0m▀[0m[38;2;5;7;7m[48;2;0;0;0m▀[0m[38;2;0;0;0m[48;2;0;0;0m▀[0m[38;2;0;0;0m[48;2;22;26;29m▀[0m[38;2;0;0;0m[48;2;24;28;31m▀[0m[38;2;18;21;26m[48;2;26;32;35m▀[0m[38;2;62;74;81m[48;2;0;0;0m▀[0m[38;2;92;116;126m[48;2;0;0;0m▀[0m[38;2;57;69;76m[48;2;0;0;0m▀[0m[38;2;35;47;50m[48;2;9;12;14m▀[0m[38;2;70;90;94m[48;2;29;36;36m▀[0m[38;2;87;104;113m[48;2;32;38;41m▀[0m[38;2;107;128;139m[48;2;15;15;17m▀[0m[38;2;133;158;171m[48;2;0;0;0m▀[0m[38;2;154;180;195m[48;2;0;0;0m▀[0m[38;2;158;192;207m[48;2;24;31;33m▀[0m[38;2;157;189;204m[48;2;78;104;115m▀[0m[38;2;161;195;210m[48;2;100;122;132m▀[0m[38;2;179;213;232m[48;2;16;18;23m▀[0m[38;2;82;106;120m[48;2;0;0;0m▀[0m[38;2;0;0;0m[48;2;0;0;0m▀[0m
[38;2;92;103;113m[48;2;227;247;247m▀[0m[38;2;52;55;60m[48;2;214;241;247m▀[0m[38;2;0;0;0m[48;2;0;0;0m▀[0m[38;2;0;0;0m[48;2;0;0;0m▀[0m[38;2;0;0;0m[48;2;0;0;0m▀[0m[38;2;39;45;49m[48;2;0;0;0m▀[0m[38;2;91;100;108m[48;2;0;0;0m▀[0m[38;2;156;175;182m[48;2;0;0;0m▀[0m[38;2;205;234;243m[48;2;0;0;0m▀[0m[38;2;198;231;244m[48;2;64;64;64m▀[0m[38;2;169;202;219m[48;2;139;153;157m▀[0m[38;2;147;179;194m[48;2;163;185;195m▀[0m[38;2;143;170;184m[48;2;149;177;193m▀[0m[38;2;146;173;184m[48;2;155;187;198m▀[0m[38;2;145;168;180m[48;2;155;182;196m▀[0m[38;2;147;169;184m[48;2;146;168;180m▀[0m[38;2;149;172;184m[48;2;146;168;177m▀[0m[38;2;147;170;182m[48;2;153;176;186m▀[0m[38;2;132;156;167m[48;2;168;195;207m▀[0m[38;2;103;126;143m[48;2;186;213;227m▀[0m[38;2;76;99;112m[48;2;184;215;235m▀[0m[38;2;60;81;93m[48;2;158;194;212m▀[0m[38;2;64;87;97m[48;2;110;136;155m▀[0m[38;2;75;102;112m[48;2;50;68;82m▀[0m[38;2;110;139;147m[48;2;37;59;67m▀[0m[38;2;167;200;209m[48;2;41;59;68m▀[0m[38;2;179;211;224m[48;2;68;91;103m▀[0m[38;2;166;191;202m[48;2;102;127;138m▀[0m[38;2;158;180;193m[48;2;33;40;40m▀[0m[38;2;62;72;75m[48;2;0;0;0m▀[0m[38;2;47;62;64m[48;2;0;0;0m▀[0m[38;2;53;61;67m[48;2;0;0;0m▀[0m[38;2;20;26;27m[48;2;0;0;0m▀[0m[38;2;35;44;48m[48;2;13;20;24m▀[0m[38;2;24;32;33m[48;2;14;20;21m▀[0m[38;2;0;0;0m[48;2;0;0;0m▀[0m[38;2;0;0;0m[48;2;0;0;0m▀[0m[38;2;176;178;179m[48;2;0;0;0m▀[0m[38;2;209;206;210m[48;2;0;0;0m▀[0m[38;2;187;184;187m[48;2;0;0;0m▀[0m[38;2;233;231;234m[48;2;80;69;65m▀[0m[38;2;21;25;28m[48;2;68;72;72m▀[0m[38;2;4;10;13m[48;2;0;0;0m▀[0m[38;2;23;33;37m[48;2;3;6;3m▀[0m[38;2;47;55;58m[48;2;8;8;9m▀[0m[38;2;20;23;22m[48;2;0;0;0m▀[0m[38;2;12;15;14m[48;2;0;0;0m▀[0m[38;2;34;46;53m[48;2;0;0;0m▀[0m[38;2;26;43;46m[48;2;0;0;0m▀[0m[38;2;25;32;34m[48;2;0;0;0m▀[0m[38;2;3;2;3m[48;2;0;0;0m▀[0m[38;2;0;0;0m[48;2;18;24;25m▀[0m[38;2;0;0;0m[48;2;52;69;73m▀[0m[38;2;0;0;0m[48;2;83;109;121m▀[0m[38;2;0;0;0m[48;2;123;151;164m▀[0m[38;2;21;28;32m[48;2;156;189;201m▀[0m[38;2;57;76;84m[48;2;177;210;226m▀[0m[38;2;99;128;141m[48;2;183;217;232m▀[0m[38;2;96;119;127m[48;2;176;216;233m▀[0m[38;2;85;106;111m[48;2;186;226;243m▀[0m[38;2;76;96;103m[48;2;129;161;176m▀[0m[38;2;82;106;116m[48;2;136;166;182m▀[0m[38;2;110;128;136m[48;2;201;244;247m▀[0m[38;2;54;67;71m[48;2;210;247;247m▀[0m[38;2;23;26;28m[48;2;210;247;247m▀[0m[38;2;17;17;18m[48;2;182;229;243m▀[0m[38;2;25;29;28m[48;2;115;153;163m▀[0m[38;2;58;64;75m[48;2;31;47;48m▀[0m[38;2;137;163;180m[48;2;9;17;16m▀[0m[38;2;126;159;178m[48;2;0;0;0m▀[0m[38;2;20;33;37m[48;2;0;0;0m▀[0m[38;2;0;0;0m[48;2;3;0;2m▀[0m[38;2;0;0;0m[48;2;0;0;0m▀[0m[38;2;0;0;0m[48;2;0;0;0m▀[0m[38;2;22;25;24m[48;2;0;0;0m▀[0m[38;2;196;226;238m[48;2;67;75;79m▀[0m
[38;2;68;77;84m[48;2;112;129;138m▀[0m[38;2;0;0;0m[48;2;166;187;200m▀[0m[38;2;0;0;0m[48;2;193;218;234m▀[0m[38;2;0;0;0m[48;2;209;239;247m▀[0m[38;2;30;33;36m[48;2;207;235;247m▀[0m[38;2;65;76;83m[48;2;202;232;247m▀[0m[38;2;95;109;119m[48;2;164;192;207m▀[0m[38;2;102;119;128m[48;2;127;147;159m▀[0m[38;2;29;32;32m[48;2;48;64;68m▀[0m[38;2;0;0;0m[48;2;97;119;128m▀[0m[38;2;0;0;0m[48;2;142;161;169m▀[0m[38;2;12;12;22m[48;2;76;88;95m▀[0m[38;2;17;32;41m[48;2;0;0;0m▀[0m[38;2;89;123;135m[48;2;0;0;0m▀[0m[38;2;161;194;213m[48;2;42;62;72m▀[0m[38;2;176;203;224m[48;2;108;138;150m▀[0m[38;2;175;201;215m[48;2;86;100;110m▀[0m[38;2;170;198;214m[48;2;50;61;64m▀[0m[38;2;149;176;190m[48;2;27;32;36m▀[0m[38;2;119;135;147m[48;2;41;58;63m▀[0m[38;2;93;105;116m[48;2;70;95;102m▀[0m[38;2;77;96;103m[48;2;82;108;116m▀[0m[38;2;65;83;91m[48;2;67;90;97m▀[0m[38;2;62;78;87m[48;2;33;44;50m▀[0m[38;2;107;130;141m[48;2;0;0;0m▀[0m[38;2;110;137;153m[48;2;82;98;103m▀[0m[38;2;69;92;100m[48;2;213;247;247m▀[0m[38;2;78;108;120m[48;2;177;211;226m▀[0m[38;2;10;25;26m[48;2;150;185;202m▀[0m[38;2;0;0;0m[48;2;91;120;129m▀[0m[38;2;0;0;0m[48;2;21;28;28m▀[0m[38;2;0;0;0m[48;2;0;0;0m▀[0m[38;2;0;0;0m[48;2;0;0;0m▀[0m[38;2;0;0;0m[48;2;0;0;0m▀[0m[38;2;0;0;0m[48;2;63;84;92m▀[0m[38;2;0;0;0m[48;2;122;154;170m▀[0m[38;2;4;7;9m[48;2;150;179;191m▀[0m[38;2;76;91;97m[48;2;130;159;176m▀[0m[38;2;126;147;161m[48;2;82;104;117m▀[0m[38;2;94;117;131m[48;2;95;125;140m▀[0m[38;2;2;13;13m[48;2;160;201;223m▀[0m[38;2;0;0;0m[48;2;178;216;234m▀[0m[38;2;0;0;0m[48;2;123;152;158m▀[0m[38;2;0;0;0m[48;2;36;47;49m▀[0m[38;2;0;0;0m[48;2;0;0;0m▀[0m[38;2;0;0;0m[48;2;0;1;1m▀[0m[38;2;0;0;0m[48;2;58;77;81m▀[0m[38;2;0;0;0m[48;2;89;113;123m▀[0m[38;2;20;27;28m[48;2;77;99;106m▀[0m[38;2;73;92;97m[48;2;28;36;40m▀[0m[38;2;84;106;110m[48;2;0;0;0m▀[0m[38;2;70;90;97m[48;2;0;0;0m▀[0m[38;2;98;121;129m[48;2;48;57;59m▀[0m[38;2;133;158;168m[48;2;72;85;93m▀[0m[38;2;157;184;194m[48;2;71;89;97m▀[0m[38;2;166;196;206m[48;2;47;59;63m▀[0m[38;2;170;198;213m[48;2;17;23;24m▀[0m[38;2;173;203;222m[48;2;0;2;2m▀[0m[38;2;183;220;232m[48;2;0;0;0m▀[0m[38;2;187;225;240m[48;2;0;0;0m▀[0m[38;2;198;230;244m[48;2;49;60;65m▀[0m[38;2;194;227;243m[48;2;136;168;181m▀[0m[38;2;139;169;185m[48;2;77;92;96m▀[0m[38;2;123;149;164m[48;2;0;0;0m▀[0m[38;2;93;114;125m[48;2;0;0;0m▀[0m[38;2;34;53;57m[48;2;0;0;0m▀[0m[38;2;0;0;0m[48;2;12;10;17m▀[0m[38;2;0;0;0m[48;2;147;168;181m▀[0m[38;2;0;0;0m[48;2;67;78;82m▀[0m[38;2;55;64;67m[48;2;27;31;33m▀[0m[38;2;184;212;226m[48;2;135;159;168m▀[0m[38;2;202;234;247m[48;2;107;122;133m▀[0m[38;2;217;241;247m[48;2;102;120;129m▀[0m[38;2;192;215;229m[48;2;139;161;174m▀[0m[38;2;214;237;247m[48;2;135;158;170m▀[0m[38;2;214;236;247m[48;2;134;152;161m▀[0m
[38;2;142;164;180m[48;2;175;197;209m▀[0m[38;2;164;187;203m[48;2;173;194;205m▀[0m[38;2;151;172;184m[48;2;180;196;208m▀[0m[38;2;159;180;194m[48;2;190;211;226m▀[0m[38;2;108;123;132m[48;2;129;144;155m▀[0m[38;2;5;11;15m[48;2;107;119;127m▀[0m[38;2;0;0;0m[48;2;203;226;243m▀[0m[38;2;43;52;54m[48;2;223;246;247m▀[0m[38;2;114;130;142m[48;2;202;224;238m▀[0m[38;2;143;161;174m[48;2;185;205;218m▀[0m[38;2;154;172;184m[48;2;185;207;218m▀[0m[38;2;163;181;194m[48;2;214;235;247m▀[0m[38;2;98;109;120m[48;2;161;182;196m▀[0m[38;2;0;0;0m[48;2;44;51;52m▀[0m[38;2;0;0;0m[48;2;87;96;99m▀[0m[38;2;0;0;0m[48;2;141;158;163m▀[0m[38;2;20;37;40m[48;2;64;74;80m▀[0m[38;2;73;96;106m[48;2;17;23;26m▀[0m[38;2;88;113;128m[48;2;54;73;81m▀[0m[38;2;42;55;62m[48;2;57;80;91m▀[0m[38;2;6;10;9m[48;2;25;32;30m▀[0m[38;2;0;0;0m[48;2;9;12;9m▀[0m[38;2;0;0;0m[48;2;0;0;0m▀[0m[38;2;0;0;0m[48;2;0;0;0m▀[0m[38;2;0;0;0m[48;2;0;0;0m▀[0m[38;2;0;0;0m[48;2;0;0;0m▀[0m[38;2;0;0;0m[48;2;0;0;0m▀[0m[38;2;47;56;62m[48;2;0;0;0m▀[0m[38;2;174;209;222m[48;2;166;200;213m▀[0m[38;2;194;236;247m[48;2;150;176;186m▀[0m[38;2;178;217;233m[48;2;117;139;146m▀[0m[38;2;135;159;170m[48;2;115;137;146m▀[0m[38;2;63;74;80m[48;2;81;96;107m▀[0m[38;2;45;57;61m[48;2;0;5;8m▀[0m[38;2;108;132;140m[48;2;17;33;41m▀[0m[38;2;130;154;164m[48;2;49;65;71m▀[0m[38;2;78;97;100m[48;2;57;70;74m▀[0m[38;2;11;19;21m[48;2;0;3;8m▀[0m[38;2;0;0;0m[48;2;0;0;0m▀[0m[38;2;0;0;0m[48;2;0;0;0m▀[0m[38;2;0;0;0m[48;2;7;14;18m▀[0m[38;2;23;26;28m[48;2;31;38;46m▀[0m[38;2;78;100;111m[48;2;62;83;95m▀[0m[38;2;166;209;217m[48;2;46;59;65m▀[0m[38;2;132;161;165m[48;2;6;9;11m▀[0m[38;2;76;97;105m[48;2;0;0;0m▀[0m[38;2;53;71;76m[48;2;0;0;0m▀[0m[38;2;0;1;2m[48;2;0;0;0m▀[0m[38;2;0;0;0m[48;2;0;0;0m▀[0m[38;2;0;0;0m[48;2;0;0;0m▀[0m[38;2;0;0;0m[48;2;0;0;0m▀[0m[38;2;0;0;0m[48;2;0;0;0m▀[0m[38;2;0;0;0m[48;2;0;0;0m▀[0m[38;2;0;0;0m[48;2;0;0;0m▀[0m[38;2;0;0;0m[48;2;0;0;0m▀[0m[38;2;17;25;24m[48;2;0;0;0m▀[0m[38;2;30;36;36m[48;2;0;0;0m▀[0m[38;2;32;38;45m[48;2;23;29;32m▀[0m[38;2;44;59;64m[48;2;32;43;47m▀[0m[38;2;17;26;29m[48;2;2;5;5m▀[0m[38;2;0;2;3m[48;2;0;0;0m▀[0m[38;2;0;0;0m[48;2;80;91;94m▀[0m[38;2;0;0;0m[48;2;199;227;242m▀[0m[38;2;0;0;0m[48;2;247;247;247m▀[0m[38;2;0;0;0m[48;2;193;210;223m▀[0m[38;2;4;4;2m[48;2;121;135;143m▀[0m[38;2;123;141;150m[48;2;130;151;164m▀[0m[38;2;148;166;176m[48;2;190;212;227m▀[0m[38;2;193;217;230m[48;2;192;214;226m▀[0m[38;2;197;220;236m[48;2;186;207;219m▀[0m[38;2;154;172;185m[48;2;188;210;223m▀[0m[38;2;167;186;197m[48;2;187;207;219m▀[0m[38;2;139;159;169m[48;2;195;218;229m▀[0m[38;2;108;131;141m[48;2;162;184;193m▀[0m[38;2;111;130;139m[48;2;99;117;127m▀[0m[38;2;100;115;123m[48;2;182;204;215m▀[0m
