[38;2;21;0;0m[48;2;5;0;0m▀[0m[38;2;76;169;144m[48;2;77;176;149m▀[0m[38;2;28;131;99m[48;2;32;136;104m▀[0m[38;2;37;129;98m[48;2;37;129;100m▀[0m[38;2;37;125;98m[48;2;37;125;98m▀[0m[38;2;37;125;98m[48;2;38;126;98m▀[0m[38;2;37;125;98m[48;2;38;126;98m▀[0m[38;2;36;128;99m[48;2;41;129;102m▀[0m[38;2;48;157;123m[48;2;42;139;111m▀[0m[38;2;20;67;52m[48;2;49;163;126m▀[0m[38;2;0;0;0m[48;2;0;0;0m▀[0m[38;2;83;75;80m[48;2;107;91;98m▀[0m[38;2;0;0;0m[48;2;80;83;84m▀[0m[38;2;0;0;0m[48;2;0;0;0m▀[0m[38;2;0;0;0m[48;2;0;0;0m▀[0m[38;2;0;0;0m[48;2;0;0;0m▀[0m[38;2;0;0;0m[48;2;0;0;0m▀[0m[38;2;0;0;0m[48;2;0;0;0m▀[0m[38;2;0;0;0m[48;2;0;0;0m▀[0m[38;2;0;0;0m[48;2;0;0;0m▀[0m[38;2;0;0;0m[48;2;0;0;0m▀[0m[38;2;0;0;0m[48;2;0;0;0m▀[0m[38;2;0;0;0m[48;2;0;0;0m▀[0m[38;2;0;0;0m[48;2;0;0;0m▀[0m[38;2;0;0;0m[48;2;0;0;0m▀[0m[38;2;0;0;0m[48;2;0;0;0m▀[0m[38;2;0;0;0m[48;2;0;0;0m▀[0m[38;2;0;0;0m[48;2;0;0;0m▀[0m[38;2;0;0;0m[48;2;0;0;0m▀[0m[38;2;0;0;0m[48;2;0;0;0m▀[0m[38;2;0;0;0m[48;2;0;0;1m▀[0m[38;2;0;0;0m[48;2;0;0;0m▀[0m[38;2;0;0;0m[48;2;0;0;0m▀[0m[38;2;0;0;0m[48;2;0;0;0m▀[0m[38;2;0;0;0m[48;2;0;0;0m▀[0m[38;2;80;0;0m[48;2;83;0;0m▀[0m[38;2;247;0;0m[48;2;247;0;0m▀[0m[38;2;0;1;2m[48;2;0;0;1m▀[0m[38;2;247;0;0m[48;2;142;0;0m▀[0m[38;2;217;0;0m[48;2;247;0;0m▀[0m[38;2;0;0;0m[48;2;0;0;0m▀[0m[38;2;0;0;0m[48;2;0;0;0m▀[0m[38;2;0;0;0m[48;2;0;0;0m▀[0m[38;2;0;0;0m[48;2;0;0;0m▀[0m[38;2;0;0;0m[48;2;0;0;0m▀[0m[38;2;0;0;1m[48;2;0;0;1m▀[0m[38;2;0;0;0m[48;2;0;0;0m▀[0m[38;2;0;0;0m[48;2;0;0;0m▀[0m[38;2;0;0;0m[48;2;0;0;0m▀[0m[38;2;0;0;0m[48;2;0;0;0m▀[0m[38;2;0;0;0m[48;2;0;0;0m▀[0m[38;2;1;0;1m[48;2;0;0;0m▀[0m[38;2;0;0;0m[48;2;0;0;0m▀[0m[38;2;44;39;43m[48;2;0;0;0m▀[0m[38;2;11;0;0m[48;2;0;0;0m▀[0m[38;2;0;0;0m[48;2;6;24;21m▀[0m[38;2;42;148;118m[48;2;50;170;136m▀[0m[38;2;42;141;113m[48;2;40;134;105m▀[0m[38;2;36;128;101m[48;2;37;129;102m▀[0m[38;2;38;125;98m[48;2;39;126;98m▀[0m[38;2;37;125;98m[48;2;38;126;98m▀[0m[38;2;38;125;98m[48;2;38;126;98m▀[0m[38;2;40;134;107m[48;2;39;131;103m▀[0m[38;2;42;136;111m[48;2;43;141;111m▀[0m[38;2;10;31;27m[48;2;2;1;2m▀[0m[38;2;39;131;102m[48;2;0;0;0m▀[0m[38;2;47;150;121m[48;2;36;124;99m▀[0m[38;2;36;130;101m[48;2;41;139;108m▀[0m[38;2;38;126;98m[48;2;38;125;98m▀[0m[38;2;38;126;99m[48;2;38;126;99m▀[0m[38;2;36;124;97m[48;2;33;121;97m▀[0m[38;2;27;116;88m[48;2;39;130;108m▀[0m[38;2;28;119;87m[48;2;18;112;85m▀[0m[38;2;35;122;95m[48;2;0;98;65m▀[0m[38;2;32;123;97m[48;2;23;118;86m▀[0m[38;2;34;128;97m[48;2;29;121;93m▀[0m
[38;2;84;92;97m[48;2;57;184;148m▀[0m[38;2;41;94;82m[48;2;0;0;0m▀[0m[38;2;11;67;51m[48;2;25;91;74m▀[0m[38;2;43;146;114m[48;2;41;144;112m▀[0m[38;2;37;125;97m[48;2;38;125;98m▀[0m[38;2;38;126;99m[48;2;38;126;98m▀[0m[38;2;38;126;99m[48;2;38;126;99m▀[0m[38;2;37;129;99m[48;2;38;126;99m▀[0m[38;2;36;130;105m[48;2;36;129;102m▀[0m[38;2;47;162;127m[48;2;40;138;108m▀[0m[38;2;22;94;70m[48;2;52;172;134m▀[0m[38;2;0;0;0m[48;2;0;0;0m▀[0m[38;2;181;181;183m[48;2;50;26;36m▀[0m[38;2;0;0;0m[48;2;226;230;234m▀[0m[38;2;34;36;36m[48;2;247;247;247m▀[0m[38;2;16;19;20m[48;2;29;31;32m▀[0m[38;2;0;0;0m[48;2;0;0;0m▀[0m[38;2;1;0;0m[48;2;0;0;0m▀[0m[38;2;0;0;0m[48;2;0;0;0m▀[0m[38;2;0;0;0m[48;2;0;0;0m▀[0m[38;2;0;0;0m[48;2;0;0;1m▀[0m[38;2;0;0;0m[48;2;0;0;0m▀[0m[38;2;0;0;0m[48;2;0;0;0m▀[0m[38;2;0;0;0m[48;2;0;0;0m▀[0m[38;2;0;0;0m[48;2;0;0;0m▀[0m[38;2;0;0;0m[48;2;0;0;0m▀[0m[38;2;0;0;0m[48;2;0;0;0m▀[0m[38;2;0;0;0m[48;2;0;0;0m▀[0m[38;2;0;0;0m[48;2;0;0;0m▀[0m[38;2;0;0;0m[48;2;0;0;0m▀[0m[38;2;0;0;1m[48;2;0;0;0m▀[0m[38;2;0;0;0m[48;2;0;0;1m▀[0m[38;2;0;0;0m[48;2;0;0;0m▀[0m[38;2;0;0;0m[48;2;0;0;0m▀[0m[38;2;0;0;0m[48;2;0;0;0m▀[0m[38;2;98;0;0m[48;2;198;0;0m▀[0m[38;2;247;0;0m[48;2;247;0;0m▀[0m[38;2;0;0;1m[48;2;0;0;1m▀[0m[38;2;20;0;0m[48;2;0;0;0m▀[0m[38;2;247;0;0m[48;2;203;0;0m▀[0m[38;2;0;0;0m[48;2;0;0;0m▀[0m[38;2;0;0;0m[48;2;0;0;0m▀[0m[38;2;0;0;0m[48;2;0;0;0m▀[0m[38;2;0;0;0m[48;2;0;0;0m▀[0m[38;2;0;0;0m[48;2;0;0;0m▀[0m[38;2;0;0;0m[48;2;0;0;0m▀[0m[38;2;0;0;0m[48;2;0;0;0m▀[0m[38;2;0;0;0m[48;2;0;0;0m▀[0m[38;2;0;0;0m[48;2;0;0;0m▀[0m[38;2;0;0;0m[48;2;0;0;0m▀[0m[38;2;0;0;0m[48;2;0;0;0m▀[0m[38;2;0;0;0m[48;2;0;0;0m▀[0m[38;2;0;0;0m[48;2;19;16;22m▀[0m[38;2;0;0;0m[48;2;91;88;95m▀[0m[38;2;0;0;0m[48;2;0;0;0m▀[0m[38;2;22;81;64m[48;2;35;121;99m▀[0m[38;2;46;169;134m[48;2;43;159;125m▀[0m[38;2;38;129;100m[48;2;40;128;100m▀[0m[38;2;38;126;98m[48;2;38;126;99m▀[0m[38;2;38;126;98m[48;2;37;127;98m▀[0m[38;2;38;126;98m[48;2;38;126;98m▀[0m[38;2;38;126;99m[48;2;39;126;99m▀[0m[38;2;41;128;101m[48;2;38;126;99m▀[0m[38;2;42;134;105m[48;2;37;129;100m▀[0m[38;2;49;161;128m[48;2;36;129;99m▀[0m[38;2;29;89;69m[48;2;48;156;125m▀[0m[38;2;14;48;40m[48;2;31;92;73m▀[0m[38;2;43;144;112m[48;2;32;104;83m▀[0m[38;2;37;129;98m[48;2;41;137;108m▀[0m[38;2;35;125;100m[48;2;39;126;99m▀[0m[38;2;25;116;87m[48;2;30;117;91m▀[0m[38;2;90;164;153m[48;2;0;97;64m▀[0m[38;2;229;247;247m[48;2;247;247;247m▀[0m[38;2;139;194;188m[48;2;247;247;247m▀[0m[38;2;0;95;65m[48;2;124;183;169m▀[0m[38;2;6;103;72m[48;2;23;115;91m▀[0m
[38;2;33;131;101m[48;2;38;117;96m▀[0m[38;2;9;28;25m[48;2;22;68;55m▀[0m[38;2;39;144;111m[48;2;44;145;113m▀[0m[38;2;39;132;105m[48;2;37;129;100m▀[0m[38;2;37;129;102m[48;2;38;126;98m▀[0m[38;2;38;126;98m[48;2;38;126;98m▀[0m[38;2;38;126;99m[48;2;37;127;98m▀[0m[38;2;38;126;98m[48;2;37;125;98m▀[0m[38;2;37;127;98m[48;2;38;126;98m▀[0m[38;2;36;130;101m[48;2;37;130;103m▀[0m[38;2;45;160;124m[48;2;41;138;108m▀[0m[38;2;28;105;80m[48;2;44;164;127m▀[0m[38;2;0;0;0m[48;2;0;0;0m▀[0m[38;2;73;64;70m[48;2;0;0;0m▀[0m[38;2;96;101;104m[48;2;143;149;150m▀[0m[38;2;0;0;0m[48;2;0;0;0m▀[0m[38;2;0;0;0m[48;2;0;0;0m▀[0m[38;2;0;0;0m[48;2;0;0;0m▀[0m[38;2;0;0;0m[48;2;0;0;1m▀[0m[38;2;0;0;0m[48;2;0;0;0m▀[0m[38;2;0;0;0m[48;2;0;0;0m▀[0m[38;2;0;0;0m[48;2;0;0;0m▀[0m[38;2;0;0;0m[48;2;0;0;0m▀[0m[38;2;0;0;0m[48;2;0;0;0m▀[0m[38;2;0;0;0m[48;2;0;0;0m▀[0m[38;2;0;0;1m[48;2;0;0;0m▀[0m[38;2;0;0;1m[48;2;0;0;1m▀[0m[38;2;0;0;0m[48;2;0;0;1m▀[0m[38;2;0;0;0m[48;2;0;0;0m▀[0m[38;2;0;0;0m[48;2;0;0;0m▀[0m[38;2;0;0;0m[48;2;0;0;0m▀[0m[38;2;0;0;0m[48;2;0;0;0m▀[0m[38;2;0;0;0m[48;2;0;0;0m▀[0m[38;2;0;0;0m[48;2;0;0;0m▀[0m[38;2;0;0;0m[48;2;0;0;1m▀[0m[38;2;247;0;0m[48;2;247;0;0m▀[0m[38;2;247;0;0m[48;2;247;0;0m▀[0m[38;2;0;0;1m[48;2;0;1;1m▀[0m[38;2;0;0;0m[48;2;0;0;0m▀[0m[38;2;180;0;0m[48;2;189;0;0m▀[0m[38;2;0;0;0m[48;2;0;0;1m▀[0m[38;2;0;0;0m[48;2;0;0;0m▀[0m[38;2;0;0;0m[48;2;0;0;0m▀[0m[38;2;0;0;0m[48;2;0;0;0m▀[0m[38;2;0;0;0m[48;2;0;0;0m▀[0m[38;2;0;0;0m[48;2;0;0;0m▀[0m[38;2;0;0;0m[48;2;0;0;0m▀[0m[38;2;0;0;0m[48;2;0;0;0m▀[0m[38;2;0;0;0m[48;2;1;0;1m▀[0m[38;2;0;0;0m[48;2;0;0;0m▀[0m[38;2;0;0;0m[48;2;0;0;0m▀[0m[38;2;0;0;0m[48;2;104;107;107m▀[0m[38;2;115;117;122m[48;2;190;197;195m▀[0m[38;2;124;117;121m[48;2;0;0;0m▀[0m[38;2;0;0;0m[48;2;0;0;0m▀[0m[38;2;45;149;120m[48;2;45;160;127m▀[0m[38;2;43;148;118m[48;2;43;141;111m▀[0m[38;2;36;129;97m[48;2;38;128;98m▀[0m[38;2;38;126;99m[48;2;38;126;98m▀[0m[38;2;38;126;99m[48;2;37;127;98m▀[0m[38;2;38;128;99m[48;2;38;126;98m▀[0m[38;2;38;126;99m[48;2;38;126;98m▀[0m[38;2;38;128;99m[48;2;38;126;98m▀[0m[38;2;38;126;98m[48;2;37;127;98m▀[0m[38;2;37;129;100m[48;2;38;128;99m▀[0m[38;2;41;135;104m[48;2;37;129;100m▀[0m[38;2;35;117;92m[48;2;41;138;107m▀[0m[38;2;22;73;61m[48;2;21;67;53m▀[0m[38;2;42;138;111m[48;2;36;124;97m▀[0m[38;2;38;124;99m[48;2;38;132;105m▀[0m[38;2;33;125;97m[48;2;34;126;100m▀[0m[38;2;5;103;73m[48;2;30;121;93m▀[0m[38;2;76;148;127m[48;2;2;105;77m▀[0m[38;2;173;211;207m[48;2;0;93;61m▀[0m[38;2;167;216;209m[48;2;1;102;72m▀[0m[38;2;210;230;232m[48;2;35;122;98m▀[0m
[38;2;33;106;86m[48;2;32;97;82m▀[0m[38;2;26;84;66m[48;2;30;89;73m▀[0m[38;2;43;144;115m[48;2;43;142;112m▀[0m[38;2;38;128;98m[48;2;38;125;98m▀[0m[38;2;39;126;99m[48;2;39;126;99m▀[0m[38;2;37;127;98m[48;2;38;126;98m▀[0m[38;2;37;125;98m[48;2;38;125;98m▀[0m[38;2;38;126;98m[48;2;38;126;98m▀[0m[38;2;39;126;99m[48;2;38;126;99m▀[0m[38;2;38;126;99m[48;2;39;127;99m▀[0m[38;2;38;130;102m[48;2;37;130;104m▀[0m[38;2;46;162;126m[48;2;41;142;110m▀[0m[38;2;25;93;72m[48;2;47;162;127m▀[0m[38;2;0;0;0m[48;2;0;0;0m▀[0m[38;2;140;138;141m[48;2;54;34;41m▀[0m[38;2;31;32;33m[48;2;141;144;146m▀[0m[38;2;0;0;0m[48;2;0;0;0m▀[0m[38;2;0;0;0m[48;2;0;0;0m▀[0m[38;2;0;0;0m[48;2;0;0;0m▀[0m[38;2;0;0;0m[48;2;0;0;0m▀[0m[38;2;0;0;0m[48;2;0;0;0m▀[0m[38;2;0;0;0m[48;2;0;0;0m▀[0m[38;2;0;0;0m[48;2;0;0;0m▀[0m[38;2;0;0;0m[48;2;0;0;0m▀[0m[38;2;0;0;0m[48;2;0;0;0m▀[0m[38;2;0;0;0m[48;2;0;0;0m▀[0m[38;2;0;0;0m[48;2;0;0;0m▀[0m[38;2;0;0;0m[48;2;0;0;0m▀[0m[38;2;0;0;0m[48;2;0;0;0m▀[0m[38;2;0;0;0m[48;2;0;0;0m▀[0m[38;2;0;0;0m[48;2;0;0;0m▀[0m[38;2;0;0;0m[48;2;0;0;0m▀[0m[38;2;0;0;0m[48;2;0;0;0m▀[0m[38;2;0;0;0m[48;2;0;0;0m▀[0m[38;2;0;0;0m[48;2;0;0;0m▀[0m[38;2;247;0;0m[48;2;0;1;1m▀[0m[38;2;247;0;0m[48;2;247;0;0m▀[0m[38;2;22;0;0m[48;2;54;0;0m▀[0m[38;2;0;0;0m[48;2;0;0;0m▀[0m[38;2;216;0;0m[48;2;247;0;0m▀[0m[38;2;0;0;1m[48;2;43;0;0m▀[0m[38;2;0;0;0m[48;2;0;0;0m▀[0m[38;2;0;0;0m[48;2;0;0;0m▀[0m[38;2;0;0;0m[48;2;0;0;0m▀[0m[38;2;0;0;0m[48;2;0;0;0m▀[0m[38;2;0;0;0m[48;2;0;0;0m▀[0m[38;2;0;0;0m[48;2;0;0;0m▀[0m[38;2;0;0;0m[48;2;0;0;0m▀[0m[38;2;1;0;1m[48;2;0;0;0m▀[0m[38;2;0;0;0m[48;2;0;0;0m▀[0m[38;2;10;12;10m[48;2;0;0;0m▀[0m[38;2;247;247;247m[48;2;0;0;0m▀[0m[38;2;90;97;95m[48;2;164;171;172m▀[0m[38;2;0;0;0m[48;2;0;0;0m▀[0m[38;2;0;0;0m[48;2;0;9;7m▀[0m[38;2;45;165;130m[48;2;49;169;131m▀[0m[38;2;41;137;108m[48;2;41;135;108m▀[0m[38;2;37;129;102m[48;2;39;126;99m▀[0m[38;2;39;126;99m[48;2;39;127;99m▀[0m[38;2;38;126;99m[48;2;38;126;99m▀[0m[38;2;38;126;99m[48;2;38;126;99m▀[0m[38;2;38;126;98m[48;2;38;126;98m▀[0m[38;2;38;126;98m[48;2;38;126;99m▀[0m[38;2;39;126;99m[48;2;39;126;99m▀[0m[38;2;39;127;99m[48;2;38;126;99m▀[0m[38;2;37;125;98m[48;2;38;126;99m▀[0m[38;2;42;141;110m[48;2;39;133;103m▀[0m[38;2;30;90;72m[48;2;37;130;103m▀[0m[38;2;28;82;66m[48;2;11;37;32m▀[0m[38;2;44;145;115m[48;2;42;140;110m▀[0m[38;2;37;124;99m[48;2;38;134;107m▀[0m[38;2;35;127;100m[48;2;38;129;101m▀[0m[38;2;33;125;98m[48;2;38;126;98m▀[0m[38;2;35;125;97m[48;2;33;127;97m▀[0m[38;2;29;122;93m[48;2;35;127;100m▀[0m[38;2;19;113;82m[48;2;36;128;101m▀[0m
[38;2;26;87;70m[48;2;22;70;59m▀[0m[38;2;30;94;74m[48;2;32;99;76m▀[0m[38;2;42;146;114m[48;2;41;145;113m▀[0m[38;2;38;125;98m[48;2;37;124;99m▀[0m[38;2;38;126;98m[48;2;38;125;98m▀[0m[38;2;39;126;99m[48;2;39;126;99m▀[0m[38;2;38;126;99m[48;2;39;126;99m▀[0m[38;2;38;126;99m[48;2;38;126;99m▀[0m[38;2;38;126;98m[48;2;37;127;98m▀[0m[38;2;38;126;98m[48;2;38;126;98m▀[0m[38;2;37;130;99m[48;2;36;128;99m▀[0m[38;2;38;132;103m[48;2;36;129;103m▀[0m[38;2;47;170;132m[48;2;42;151;119m▀[0m[38;2;8;53;43m[48;2;39;137;107m▀[0m[38;2;0;0;0m[48;2;0;0;0m▀[0m[38;2;168;170;171m[48;2;87;76;82m▀[0m[38;2;0;0;0m[48;2;88;88;89m▀[0m[38;2;0;0;0m[48;2;40;39;39m▀[0m[38;2;0;0;0m[48;2;98;100;102m▀[0m[38;2;0;0;0m[48;2;0;0;0m▀[0m[38;2;0;0;0m[48;2;0;0;0m▀[0m[38;2;0;0;0m[48;2;0;0;0m▀[0m[38;2;0;0;0m[48;2;0;0;0m▀[0m[38;2;0;0;0m[48;2;0;0;0m▀[0m[38;2;0;0;0m[48;2;0;0;0m▀[0m[38;2;0;0;0m[48;2;0;0;0m▀[0m[38;2;0;0;0m[48;2;0;0;0m▀[0m[38;2;0;0;0m[48;2;0;0;0m▀[0m[38;2;0;0;0m[48;2;0;0;0m▀[0m[38;2;0;0;0m[48;2;0;0;0m▀[0m[38;2;0;0;0m[48;2;0;0;0m▀[0m[38;2;0;0;0m[48;2;0;0;0m▀[0m[38;2;0;0;0m[48;2;0;0;0m▀[0m[38;2;0;0;0m[48;2;0;0;0m▀[0m[38;2;0;0;0m[48;2;0;0;0m▀[0m[38;2;0;0;0m[48;2;0;0;0m▀[0m[38;2;247;0;0m[48;2;247;0;0m▀[0m[38;2;94;0;0m[48;2;130;0;0m▀[0m[38;2;0;0;0m[48;2;0;0;0m▀[0m[38;2;247;0;0m[48;2;247;0;0m▀[0m[38;2;144;0;0m[48;2;247;21;18m▀[0m[38;2;0;0;0m[48;2;0;0;0m▀[0m[38;2;0;0;0m[48;2;0;0;0m▀[0m[38;2;0;0;0m[48;2;0;0;0m▀[0m[38;2;0;0;0m[48;2;0;0;0m▀[0m[38;2;0;0;0m[48;2;0;0;0m▀[0m[38;2;0;0;0m[48;2;0;0;0m▀[0m[38;2;0;0;0m[48;2;0;0;0m▀[0m[38;2;0;0;0m[48;2;0;0;1m▀[0m[38;2;0;0;0m[48;2;0;0;0m▀[0m[38;2;0;0;0m[48;2;0;0;0m▀[0m[38;2;0;0;0m[48;2;4;1;4m▀[0m[38;2;148;151;156m[48;2;148;154;157m▀[0m[38;2;0;0;0m[48;2;0;0;0m▀[0m[38;2;6;32;22m[48;2;11;50;37m▀[0m[38;2;50;170;134m[48;2;49;170;132m▀[0m[38;2;38;134;107m[48;2;39;131;103m▀[0m[38;2;38;126;98m[48;2;37;127;98m▀[0m[38;2;38;128;99m[48;2;38;126;99m▀[0m[38;2;37;127;98m[48;2;38;126;99m▀[0m[38;2;37;127;98m[48;2;38;125;100m▀[0m[38;2;38;126;99m[48;2;38;126;99m▀[0m[38;2;38;126;98m[48;2;38;126;99m▀[0m[38;2;38;125;98m[48;2;37;125;98m▀[0m[38;2;38;126;99m[48;2;37;125;100m▀[0m[38;2;38;126;99m[48;2;38;126;99m▀[0m[38;2;40;128;100m[48;2;37;129;102m▀[0m[38;2;44;155;120m[48;2;39;137;107m▀[0m[38;2;14;53;40m[48;2;35;132;102m▀[0m[38;2;20;61;49m[48;2;0;0;0m▀[0m[38;2;52;161;129m[48;2;38;126;99m▀[0m[38;2;41;128;103m[48;2;50;153;121m▀[0m[38;2;37;129;98m[48;2;40;131;102m▀[0m[38;2;38;126;98m[48;2;37;129;101m▀[0m[38;2;39;127;99m[48;2;39;127;99m▀[0m[38;2;39;127;99m[48;2;39;127;99m▀[0m
[38;2;16;52;40m[48;2;8;22;22m▀[0m[38;2;32;102;81m[48;2;34;117;91m▀[0m[38;2;44;147;114m[48;2;42;147;114m▀[0m[38;2;37;124;99m[48;2;36;126;101m▀[0m[38;2;38;125;98m[48;2;37;125;98m▀[0m[38;2;38;126;99m[48;2;38;125;98m▀[0m[38;2;38;126;99m[48;2;38;126;98m▀[0m[38;2;38;126;98m[48;2;38;126;99m▀[0m[38;2;38;126;99m[48;2;38;126;99m▀[0m[38;2;38;126;99m[48;2;38;126;98m▀[0m[38;2;38;126;98m[48;2;37;127;98m▀[0m[38;2;37;125;98m[48;2;37;127;98m▀[0m[38;2;37;133;107m[48;2;34;131;103m▀[0m[38;2;49;166;129m[48;2;49;165;129m▀[0m[38;2;0;0;0m[48;2;22;83;66m▀[0m[38;2;0;0;0m[48;2;0;0;0m▀[0m[38;2;136;140;144m[48;2;108;116;124m▀[0m[38;2;247;247;247m[48;2;47;55;57m▀[0m[38;2;180;187;188m[48;2;0;0;0m▀[0m[38;2;0;0;0m[48;2;0;0;0m▀[0m[38;2;0;0;0m[48;2;0;0;0m▀[0m[38;2;0;0;0m[48;2;0;0;0m▀[0m[38;2;0;0;0m[48;2;0;0;0m▀[0m[38;2;0;0;0m[48;2;0;0;0m▀[0m[38;2;0;0;0m[48;2;0;0;0m▀[0m[38;2;0;0;0m[48;2;0;0;0m▀[0m[38;2;0;0;0m[48;2;0;0;0m▀[0m[38;2;0;0;0m[48;2;0;0;0m▀[0m[38;2;0;0;0m[48;2;0;0;0m▀[0m[38;2;0;0;1m[48;2;0;0;0m▀[0m[38;2;0;0;1m[48;2;0;0;0m▀[0m[38;2;0;0;0m[48;2;0;0;0m▀[0m[38;2;0;0;0m[48;2;0;0;0m▀[0m[38;2;0;0;0m[48;2;0;0;0m▀[0m[38;2;0;0;0m[48;2;0;0;0m▀[0m[38;2;0;0;1m[48;2;0;0;1m▀[0m[38;2;247;0;0m[48;2;247;0;0m▀[0m[38;2;176;0;0m[48;2;247;0;0m▀[0m[38;2;0;0;0m[48;2;0;1;3m▀[0m[38;2;247;0;0m[48;2;247;0;0m▀[0m[38;2;247;107;95m[48;2;217;0;0m▀[0m[38;2;0;0;0m[48;2;0;0;0m▀[0m[38;2;0;0;1m[48;2;0;0;0m▀[0m[38;2;0;0;0m[48;2;0;0;0m▀[0m[38;2;0;0;0m[48;2;0;0;0m▀[0m[38;2;0;0;0m[48;2;0;0;0m▀[0m[38;2;0;0;0m[48;2;0;0;0m▀[0m[38;2;0;0;0m[48;2;0;0;0m▀[0m[38;2;0;0;0m[48;2;0;0;0m▀[0m[38;2;0;0;0m[48;2;21;19;22m▀[0m[38;2;0;0;0m[48;2;32;33;32m▀[0m[38;2;0;0;0m[48;2;82;84;86m▀[0m[38;2;115;121;122m[48;2;122;128;130m▀[0m[38;2;0;0;0m[48;2;0;0;0m▀[0m[38;2;15;60;46m[48;2;18;78;59m▀[0m[38;2;50;166;132m[48;2;48;165;129m▀[0m[38;2;38;130;102m[48;2;41;129;102m▀[0m[38;2;38;126;98m[48;2;38;126;99m▀[0m[38;2;38;126;99m[48;2;39;127;99m▀[0m[38;2;38;126;99m[48;2;38;128;99m▀[0m[38;2;38;128;99m[48;2;39;127;99m▀[0m[38;2;38;126;99m[48;2;38;126;99m▀[0m[38;2;39;127;100m[48;2;39;126;99m▀[0m[38;2;38;126;98m[48;2;39;126;99m▀[0m[38;2;38;126;98m[48;2;39;126;99m▀[0m[38;2;38;126;99m[48;2;38;126;98m▀[0m[38;2;38;126;98m[48;2;38;125;98m▀[0m[38;2;40;129;101m[48;2;40;131;103m▀[0m[38;2;47;163;129m[48;2;43;140;112m▀[0m[38;2;13;39;33m[48;2;52;157;126m▀[0m[38;2;0;0;0m[48;2;0;0;0m▀[0m[38;2;52;161;130m[48;2;0;0;0m▀[0m[38;2;48;152;122m[48;2;50;160;131m▀[0m[38;2;40;132;103m[48;2;52;161;126m▀[0m[38;2;37;130;100m[48;2;42;135;105m▀[0m[38;2;38;126;98m[48;2;42;134;105m▀[0m
[38;2;0;0;0m[48;2;0;0;0m▀[0m[38;2;37;133;106m[48;2;32;155;120m▀[0m[38;2;45;151;121m[48;2;21;126;97m▀[0m[38;2;38;132;102m[48;2;26;124;94m▀[0m[38;2;37;125;98m[48;2;39;132;103m▀[0m[38;2;38;125;98m[48;2;38;125;98m▀[0m[38;2;38;126;99m[48;2;38;126;98m▀[0m[38;2;38;126;98m[48;2;38;126;98m▀[0m[38;2;38;126;98m[48;2;38;125;98m▀[0m[38;2;38;126;98m[48;2;37;125;98m▀[0m[38;2;37;125;98m[48;2;37;125;98m▀[0m[38;2;38;126;99m[48;2;38;126;99m▀[0m[38;2;36;129;102m[48;2;37;129;102m▀[0m[38;2;45;148;120m[48;2;40;136;107m▀[0m[38;2;42;146;114m[48;2;51;171;137m▀[0m[38;2;0;0;0m[48;2;0;0;0m▀[0m[38;2;98;91;96m[48;2;40;13;21m▀[0m[38;2;0;0;0m[48;2;110;117;118m▀[0m[38;2;0;0;0m[48;2;0;0;0m▀[0m[38;2;0;0;0m[48;2;0;0;0m▀[0m[38;2;0;0;0m[48;2;0;0;0m▀[0m[38;2;0;0;0m[48;2;0;0;0m▀[0m[38;2;0;0;0m[48;2;0;0;0m▀[0m[38;2;0;0;0m[48;2;0;0;0m▀[0m[38;2;0;0;0m[48;2;0;0;0m▀[0m[38;2;0;0;0m[48;2;0;0;0m▀[0m[38;2;0;0;0m[48;2;0;0;0m▀[0m[38;2;0;0;1m[48;2;0;0;0m▀[0m[38;2;0;0;0m[48;2;0;0;0m▀[0m[38;2;0;0;0m[48;2;0;0;0m▀[0m[38;2;0;0;0m[48;2;0;0;0m▀[0m[38;2;0;0;0m[48;2;0;0;0m▀[0m[38;2;0;0;0m[48;2;0;0;0m▀[0m[38;2;0;0;0m[48;2;0;0;0m▀[0m[38;2;0;0;0m[48;2;0;0;0m▀[0m[38;2;0;0;1m[48;2;0;0;0m▀[0m[38;2;247;0;0m[48;2;247;0;0m▀[0m[38;2;247;0;0m[48;2;247;0;0m▀[0m[38;2;247;0;0m[48;2;247;0;0m▀[0m[38;2;247;0;0m[48;2;247;0;0m▀[0m[38;2;0;1;2m[48;2;0;0;1m▀[0m[38;2;0;0;0m[48;2;0;0;0m▀[0m[38;2;0;0;0m[48;2;0;0;0m▀[0m[38;2;0;0;0m[48;2;0;0;0m▀[0m[38;2;0;0;0m[48;2;0;0;0m▀[0m[38;2;0;0;0m[48;2;0;0;0m▀[0m[38;2;0;0;0m[48;2;0;0;0m▀[0m[38;2;0;0;0m[48;2;0;0;0m▀[0m[38;2;0;0;0m[48;2;0;0;0m▀[0m[38;2;89;96;96m[48;2;0;0;0m▀[0m[38;2;247;247;247m[48;2;0;0;0m▀[0m[38;2;247;247;247m[48;2;49;53;53m▀[0m[38;2;0;0;0m[48;2;90;86;93m▀[0m[38;2;0;0;0m[48;2;0;0;0m▀[0m[38;2;22;87;67m[48;2;28;106;84m▀[0m[38;2;45;162;129m[48;2;44;159;125m▀[0m[38;2;38;129;101m[48;2;36;130;100m▀[0m[38;2;38;126;99m[48;2;39;126;99m▀[0m[38;2;38;126;99m[48;2;38;126;99m▀[0m[38;2;39;127;99m[48;2;39;126;101m▀[0m[38;2;39;127;100m[48;2;39;127;100m▀[0m[38;2;38;126;99m[48;2;38;125;100m▀[0m[38;2;39;126;99m[48;2;38;126;99m▀[0m[38;2;38;126;98m[48;2;38;126;99m▀[0m[38;2;39;126;99m[48;2;38;125;100m▀[0m[38;2;38;125;98m[48;2;37;130;104m▀[0m[38;2;37;129;98m[48;2;38;139;106m▀[0m[38;2;41;132;103m[48;2;41;151;123m▀[0m[38;2;40;134;105m[48;2;49;167;129m▀[0m[38;2;53;161;129m[48;2;53;170;136m▀[0m[38;2;35;103;83m[48;2;60;196;155m▀[0m[38;2;0;0;0m[48;2;20;50;41m▀[0m[38;2;0;0;0m[48;2;0;0;0m▀[0m[38;2;42;129;105m[48;2;0;0;0m▀[0m[38;2;57;176;139m[48;2;20;68;53m▀[0m[38;2;50;154;122m[48;2;55;167;133m▀[0m
[38;2;32;26;30m[48;2;0;0;0m▀[0m[38;2;79;108;110m[48;2;0;0;0m▀[0m[38;2;164;143;157m[48;2;167;127;141m▀[0m[38;2;68;94;90m[48;2;139;158;153m▀[0m[38;2;22;136;99m[48;2;1;121;86m▀[0m[38;2;40;134;107m[48;2;35;139;106m▀[0m[38;2;38;125;98m[48;2;38;132;102m▀[0m[38;2;38;125;98m[48;2;37;125;98m▀[0m[38;2;38;126;98m[48;2;39;126;99m▀[0m[38;2;38;126;98m[48;2;39;126;99m▀[0m[38;2;38;125;98m[48;2;38;126;99m▀[0m[38;2;39;126;99m[48;2;38;126;99m▀[0m[38;2;39;126;98m[48;2;38;126;98m▀[0m[38;2;39;130;101m[48;2;36;129;102m▀[0m[38;2;47;167;129m[48;2;41;151;120m▀[0m[38;2;12;70;55m[48;2;37;140;110m▀[0m[38;2;0;0;0m[48;2;0;0;0m▀[0m[38;2;162;164;166m[48;2;151;140;145m▀[0m[38;2;0;0;0m[48;2;9;5;7m▀[0m[38;2;0;0;0m[48;2;0;0;0m▀[0m[38;2;0;0;0m[48;2;0;0;0m▀[0m[38;2;0;0;0m[48;2;0;0;0m▀[0m[38;2;0;0;0m[48;2;0;0;0m▀[0m[38;2;0;0;0m[48;2;0;0;0m▀[0m[38;2;0;0;1m[48;2;0;0;0m▀[0m[38;2;0;0;0m[48;2;0;0;0m▀[0m[38;2;0;0;0m[48;2;0;0;0m▀[0m[38;2;0;0;0m[48;2;0;0;0m▀[0m[38;2;0;0;0m[48;2;0;0;0m▀[0m[38;2;1;0;0m[48;2;0;0;0m▀[0m[38;2;0;0;1m[48;2;0;0;0m▀[0m[38;2;0;0;0m[48;2;0;0;0m▀[0m[38;2;0;0;1m[48;2;0;0;0m▀[0m[38;2;0;0;0m[48;2;0;0;0m▀[0m[38;2;0;0;0m[48;2;0;0;0m▀[0m[38;2;0;0;0m[48;2;0;0;0m▀[0m[38;2;247;0;0m[48;2;247;0;0m▀[0m[38;2;247;0;0m[48;2;247;0;0m▀[0m[38;2;247;0;0m[48;2;247;0;0m▀[0m[38;2;247;0;0m[48;2;247;0;0m▀[0m[38;2;0;0;1m[48;2;0;0;1m▀[0m[38;2;0;0;0m[48;2;0;0;0m▀[0m[38;2;0;0;0m[48;2;0;0;0m▀[0m[38;2;0;0;0m[48;2;0;0;0m▀[0m[38;2;0;0;0m[48;2;0;0;0m▀[0m[38;2;0;0;0m[48;2;0;0;0m▀[0m[38;2;0;0;0m[48;2;0;0;0m▀[0m[38;2;0;0;0m[48;2;0;0;0m▀[0m[38;2;0;0;0m[48;2;0;0;0m▀[0m[38;2;0;0;0m[48;2;0;0;0m▀[0m[38;2;0;0;0m[48;2;0;0;0m▀[0m[38;2;89;86;89m[48;2;129;129;129m▀[0m[38;2;153;149;155m[48;2;84;74;81m▀[0m[38;2;0;0;0m[48;2;0;0;0m▀[0m[38;2;35;123;99m[48;2;37;138;111m▀[0m[38;2;42;152;122m[48;2;39;147;117m▀[0m[38;2;36;128;99m[48;2;36;129;99m▀[0m[38;2;38;126;99m[48;2;38;126;99m▀[0m[38;2;38;126;99m[48;2;38;126;98m▀[0m[38;2;39;126;99m[48;2;39;126;99m▀[0m[38;2;39;126;101m[48;2;38;126;98m▀[0m[38;2;39;125;100m[48;2;39;126;99m▀[0m[38;2;37;127;98m[48;2;38;126;99m▀[0m[38;2;38;126;99m[48;2;37;129;101m▀[0m[38;2;38;128;98m[48;2;41;133;105m▀[0m[38;2;38;136;106m[48;2;27;135;99m▀[0m[38;2;51;138;116m[48;2;88;107;105m▀[0m[38;2;29;39;36m[48;2;84;31;49m▀[0m[38;2;5;26;20m[48;2;0;0;0m▀[0m[38;2;18;56;46m[48;2;0;0;0m▀[0m[38;2;25;88;73m[48;2;5;29;36m▀[0m[38;2;32;97;82m[48;2;42;148;136m▀[0m[38;2;0;0;0m[48;2;0;0;0m▀[0m[38;2;0;0;0m[48;2;0;0;0m▀[0m[38;2;0;0;0m[48;2;11;49;41m▀[0m[38;2;0;0;0m[48;2;0;0;0m▀[0m
[38;2;0;0;0m[48;2;0;0;0m▀[0m[38;2;12;5;9m[48;2;1;4;5m▀[0m[38;2;74;74;84m[48;2;0;2;3m▀[0m[38;2;0;32;26m[48;2;0;60;43m▀[0m[38;2;14;14;28m[48;2;12;8;16m▀[0m[38;2;64;88;88m[48;2;205;192;202m▀[0m[38;2;33;136;103m[48;2;12;94;64m▀[0m[38;2;37;133;104m[48;2;41;139;109m▀[0m[38;2;38;126;99m[48;2;38;128;98m▀[0m[38;2;38;126;99m[48;2;38;125;98m▀[0m[38;2;38;126;99m[48;2;38;126;99m▀[0m[38;2;38;126;98m[48;2;38;126;98m▀[0m[38;2;37;125;98m[48;2;38;126;99m▀[0m[38;2;36;129;98m[48;2;38;126;99m▀[0m[38;2;38;137;107m[48;2;40;131;102m▀[0m[38;2;48;168;130m[48;2;47;168;130m▀[0m[38;2;0;0;0m[48;2;10;55;42m▀[0m[38;2;41;19;28m[48;2;0;0;0m▀[0m[38;2;224;231;233m[48;2;195;199;202m▀[0m[38;2;95;102;102m[48;2;85;87;89m▀[0m[38;2;0;0;0m[48;2;0;0;0m▀[0m[38;2;0;0;0m[48;2;0;0;0m▀[0m[38;2;0;0;0m[48;2;0;0;0m▀[0m[38;2;0;0;0m[48;2;13;13;17m▀[0m[38;2;0;0;1m[48;2;61;69;73m▀[0m[38;2;11;18;22m[48;2;81;94;92m▀[0m[38;2;0;0;0m[48;2;172;187;187m▀[0m[38;2;0;0;0m[48;2;151;151;151m▀[0m[38;2;0;0;0m[48;2;106;129;129m▀[0m[38;2;9;0;0m[48;2;86;129;113m▀[0m[38;2;0;0;0m[48;2;23;40;36m▀[0m[38;2;0;0;0m[48;2;42;35;38m▀[0m[38;2;0;0;0m[48;2;99;96;101m▀[0m[38;2;0;0;0m[48;2;43;52;55m▀[0m[38;2;0;0;0m[48;2;0;4;8m▀[0m[38;2;0;0;0m[48;2;0;0;0m▀[0m[38;2;247;0;0m[48;2;247;0;0m▀[0m[38;2;247;0;0m[48;2;247;0;0m▀[0m[38;2;247;0;0m[48;2;247;0;0m▀[0m[38;2;247;0;0m[48;2;247;0;0m▀[0m[38;2;0;1;1m[48;2;28;0;0m▀[0m[38;2;0;0;0m[48;2;0;0;0m▀[0m[38;2;0;0;0m[48;2;0;0;0m▀[0m[38;2;0;0;0m[48;2;0;0;0m▀[0m[38;2;0;0;0m[48;2;0;0;0m▀[0m[38;2;0;0;0m[48;2;0;0;0m▀[0m[38;2;0;0;0m[48;2;0;0;0m▀[0m[38;2;0;0;0m[48;2;0;0;0m▀[0m[38;2;0;0;0m[48;2;0;0;0m▀[0m[38;2;0;0;0m[48;2;0;0;0m▀[0m[38;2;0;0;0m[48;2;0;0;0m▀[0m[38;2;150;153;155m[48;2;136;143;143m▀[0m[38;2;80;67;74m[48;2;58;37;45m▀[0m[38;2;0;0;0m[48;2;0;0;0m▀[0m[38;2;44;157;124m[48;2;47;167;132m▀[0m[38;2;41;142;112m[48;2;39;137;109m▀[0m[38;2;37;129;100m[48;2;36;128;101m▀[0m[38;2;38;126;98m[48;2;38;126;98m▀[0m[38;2;38;126;98m[48;2;38;126;99m▀[0m[38;2;36;128;99m[48;2;38;126;99m▀[0m[38;2;38;126;99m[48;2;39;127;99m▀[0m[38;2;38;126;98m[48;2;38;126;99m▀[0m[38;2;38;125;98m[48;2;37;129;99m▀[0m[38;2;37;133;104m[48;2;35;139;106m▀[0m[38;2;40;153;119m[48;2;13;50;42m▀[0m[38;2;48;189;151m[48;2;0;32;24m▀[0m[38;2;26;74;63m[48;2;12;69;57m▀[0m[38;2;23;0;7m[48;2;0;0;0m▀[0m[38;2;17;96;79m[48;2;0;21;15m▀[0m[38;2;21;87;71m[48;2;16;129;104m▀[0m[38;2;38;171;147m[48;2;15;154;126m▀[0m[38;2;58;209;185m[48;2;52;247;231m▀[0m[38;2;0;0;0m[48;2;44;208;177m▀[0m[38;2;0;0;0m[48;2;29;193;158m▀[0m[38;2;13;101;87m[48;2;96;223;203m▀[0m[38;2;0;0;0m[48;2;16;0;11m▀[0m
[38;2;0;0;0m[48;2;22;93;75m▀[0m[38;2;0;0;0m[48;2;38;165;141m▀[0m[38;2;13;76;63m[48;2;34;171;145m▀[0m[38;2;27;176;150m[48;2;47;197;166m▀[0m[38;2;42;199;170m[48;2;27;139;112m▀[0m[38;2;31;21;30m[48;2;0;0;0m▀[0m[38;2;0;0;0m[48;2;32;124;94m▀[0m[38;2;40;148;118m[48;2;40;144;111m▀[0m[38;2;38;126;101m[48;2;37;129;100m▀[0m[38;2;38;125;98m[48;2;37;125;98m▀[0m[38;2;38;126;99m[48;2;38;126;98m▀[0m[38;2;39;126;98m[48;2;38;126;98m▀[0m[38;2;38;126;98m[48;2;38;126;98m▀[0m[38;2;38;126;99m[48;2;39;126;99m▀[0m[38;2;39;130;101m[48;2;37;129;101m▀[0m[38;2;46;157;125m[48;2;41;140;112m▀[0m[38;2;31;115;89m[48;2;47;164;127m▀[0m[38;2;0;0;0m[48;2;0;0;0m▀[0m[38;2;53;44;48m[48;2;0;0;0m▀[0m[38;2;0;0;0m[48;2;33;36;36m▀[0m[38;2;0;0;0m[48;2;0;0;0m▀[0m[38;2;0;0;0m[48;2;0;0;0m▀[0m[38;2;0;0;0m[48;2;172;185;186m▀[0m[38;2;62;73;77m[48;2;177;188;186m▀[0m[38;2;70;74;71m[48;2;47;49;49m▀[0m[38;2;131;142;139m[48;2;93;125;115m▀[0m[38;2;35;28;32m[48;2;0;0;0m▀[0m[38;2;247;247;247m[48;2;0;0;0m▀[0m[38;2;123;174;164m[48;2;100;91;97m▀[0m[38;2;0;64;46m[48;2;29;100;99m▀[0m[38;2;0;14;3m[48;2;1;10;16m▀[0m[38;2;66;111;103m[48;2;0;0;0m▀[0m[38;2;205;220;220m[48;2;0;0;0m▀[0m[38;2;130;146;146m[48;2;203;216;217m▀[0m[38;2;44;99;100m[48;2;0;46;47m▀[0m[38;2;0;82;80m[48;2;0;24;24m▀[0m[38;2;247;0;0m[48;2;247;0;0m▀[0m[38;2;247;0;0m[48;2;247;0;0m▀[0m[38;2;247;0;0m[48;2;247;0;0m▀[0m[38;2;247;0;0m[48;2;247;0;0m▀[0m[38;2;57;0;0m[48;2;92;0;0m▀[0m[38;2;0;0;0m[48;2;0;0;1m▀[0m[38;2;0;0;0m[48;2;0;0;0m▀[0m[38;2;0;0;0m[48;2;0;0;0m▀[0m[38;2;0;0;0m[48;2;0;0;0m▀[0m[38;2;0;0;0m[48;2;0;0;0m▀[0m[38;2;0;0;0m[48;2;0;0;0m▀[0m[38;2;0;0;0m[48;2;0;0;0m▀[0m[38;2;0;0;0m[48;2;0;0;0m▀[0m[38;2;0;0;0m[48;2;0;0;0m▀[0m[38;2;0;0;0m[48;2;0;0;0m▀[0m[38;2;18;15;19m[48;2;69;67;70m▀[0m[38;2;0;0;0m[48;2;17;0;0m▀[0m[38;2;0;12;7m[48;2;0;37;26m▀[0m[38;2;48;171;135m[48;2;50;175;137m▀[0m[38;2;40;133;106m[48;2;39;130;101m▀[0m[38;2;37;125;97m[48;2;37;125;98m▀[0m[38;2;38;126;98m[48;2;38;126;98m▀[0m[38;2;38;126;99m[48;2;38;126;98m▀[0m[38;2;38;126;99m[48;2;38;128;99m▀[0m[38;2;38;126;99m[48;2;38;126;99m▀[0m[38;2;38;126;99m[48;2;38;124;99m▀[0m[38;2;31;129;100m[48;2;38;143;112m▀[0m[38;2;53;140;117m[48;2;5;80;58m▀[0m[38;2;114;76;92m[48;2;247;232;245m▀[0m[38;2;0;0;0m[48;2;26;5;12m▀[0m[38;2;0;0;0m[48;2;0;0;0m▀[0m[38;2;0;0;0m[48;2;0;0;0m▀[0m[38;2;2;0;0m[48;2;33;0;7m▀[0m[38;2;164;128;140m[48;2;80;40;52m▀[0m[38;2;111;69;78m[48;2;0;0;0m▀[0m[38;2;66;48;55m[48;2;32;0;2m▀[0m[38;2;43;79;73m[48;2;70;36;42m▀[0m[38;2;0;77;61m[48;2;53;19;30m▀[0m[38;2;202;210;209m[48;2;0;0;0m▀[0m[38;2;17;0;0m[48;2;169;184;181m▀[0m
[38;2;35;142;121m[48;2;25;115;99m▀[0m[38;2;37;129;113m[48;2;4;40;34m▀[0m[38;2;32;111;99m[48;2;0;0;0m▀[0m[38;2;1;35;28m[48;2;0;0;0m▀[0m[38;2;0;0;0m[48;2;59;28;40m▀[0m[38;2;24;77;65m[48;2;130;126;132m▀[0m[38;2;40;167;128m[48;2;0;95;64m▀[0m[38;2;36;129;103m[48;2;44;140;111m▀[0m[38;2;37;129;98m[48;2;37;124;97m▀[0m[38;2;37;127;98m[48;2;37;125;97m▀[0m[38;2;38;126;99m[48;2;38;126;99m▀[0m[38;2;38;126;98m[48;2;39;126;99m▀[0m[38;2;38;125;98m[48;2;38;126;99m▀[0m[38;2;38;126;99m[48;2;37;127;98m▀[0m[38;2;38;126;99m[48;2;38;126;98m▀[0m[38;2;39;132;103m[48;2;39;130;102m▀[0m[38;2;52;170;132m[48;2;46;154;120m▀[0m[38;2;12;51;40m[48;2;32;124;95m▀[0m[38;2;0;0;0m[48;2;0;0;0m▀[0m[38;2;39;39;43m[48;2;0;0;0m▀[0m[38;2;0;0;0m[48;2;165;168;170m▀[0m[38;2;172;179;182m[48;2;247;247;247m▀[0m[38;2;247;247;247m[48;2;74;81;82m▀[0m[38;2;0;0;0m[48;2;0;0;0m▀[0m[38;2;0;0;0m[48;2;0;0;0m▀[0m[38;2;121;152;151m[48;2;57;63;65m▀[0m[38;2;0;2;0m[48;2;9;9;11m▀[0m[38;2;0;0;0m[48;2;0;0;0m▀[0m[38;2;17;13;17m[48;2;0;2;2m▀[0m[38;2;67;93;87m[48;2;24;39;36m▀[0m[38;2;27;47;43m[48;2;1;0;0m▀[0m[38;2;0;0;0m[48;2;0;26;21m▀[0m[38;2;0;0;0m[48;2;0;1;2m▀[0m[38;2;23;29;30m[48;2;0;0;0m▀[0m[38;2;173;237;241m[48;2;138;195;196m▀[0m[38;2;0;71;66m[48;2;47;152;148m▀[0m[38;2;247;0;0m[48;2;247;0;0m▀[0m[38;2;247;0;0m[48;2;247;0;0m▀[0m[38;2;247;0;0m[48;2;247;0;0m▀[0m[38;2;247;0;0m[48;2;247;0;0m▀[0m[38;2;133;0;0m[48;2;199;0;0m▀[0m[38;2;0;0;0m[48;2;0;57;63m▀[0m[38;2;0;0;0m[48;2;0;4;5m▀[0m[38;2;0;0;0m[48;2;0;0;0m▀[0m[38;2;0;0;0m[48;2;0;0;0m▀[0m[38;2;0;0;0m[48;2;0;0;0m▀[0m[38;2;0;0;0m[48;2;0;0;0m▀[0m[38;2;0;0;0m[48;2;0;0;0m▀[0m[38;2;0;0;0m[48;2;0;0;0m▀[0m[38;2;0;0;0m[48;2;0;0;0m▀[0m[38;2;0;0;0m[48;2;0;0;0m▀[0m[38;2;60;56;62m[48;2;19;12;19m▀[0m[38;2;1;0;0m[48;2;0;0;0m▀[0m[38;2;10;73;54m[48;2;22;107;83m▀[0m[38;2;48;168;132m[48;2;46;157;123m▀[0m[38;2;38;130;101m[48;2;38;130;102m▀[0m[38;2;38;126;98m[48;2;37;127;98m▀[0m[38;2;39;126;98m[48;2;37;127;98m▀[0m[38;2;39;126;98m[48;2;38;126;99m▀[0m[38;2;38;128;99m[48;2;38;126;98m▀[0m[38;2;38;126;98m[48;2;38;126;99m▀[0m[38;2;38;125;98m[48;2;38;126;99m▀[0m[38;2;40;139;112m[48;2;34;124;99m▀[0m[38;2;0;79;51m[48;2;39;152;118m▀[0m[38;2;141;116;125m[48;2;0;75;45m▀[0m[38;2;247;247;247m[48;2;109;97;103m▀[0m[38;2;51;175;153m[48;2;0;0;0m▀[0m[38;2;27;162;137m[48;2;0;0;0m▀[0m[38;2;0;25;19m[48;2;28;163;129m▀[0m[38;2;7;76;60m[48;2;107;247;247m▀[0m[38;2;0;0;0m[48;2;95;247;247m▀[0m[38;2;0;0;0m[48;2;15;162;135m▀[0m[38;2;0;0;0m[48;2;0;0;0m▀[0m[38;2;247;247;247m[48;2;232;222;225m▀[0m[38;2;0;0;0m[48;2;0;0;0m▀[0m[38;2;157;154;156m[48;2;0;0;0m▀[0m
[38;2;56;245;205m[48;2;116;247;247m▀[0m[38;2;0;0;0m[48;2;0;92;77m▀[0m[38;2;0;0;0m[48;2;93;48;61m▀[0m[38;2;23;3;10m[48;2;247;247;247m▀[0m[38;2;247;247;247m[48;2;96;126;118m▀[0m[38;2;64;76;74m[48;2;0;108;74m▀[0m[38;2;13;118;88m[48;2;40;138;110m▀[0m[38;2;39;133;103m[48;2;37;125;97m▀[0m[38;2;37;125;97m[48;2;38;126;98m▀[0m[38;2;38;126;98m[48;2;39;126;99m▀[0m[38;2;39;127;99m[48;2;39;127;99m▀[0m[38;2;39;126;99m[48;2;39;127;99m▀[0m[38;2;38;128;99m[48;2;38;126;99m▀[0m[38;2;38;126;99m[48;2;38;126;99m▀[0m[38;2;39;126;99m[48;2;38;126;99m▀[0m[38;2;37;129;103m[48;2;37;127;98m▀[0m[38;2;39;137;106m[48;2;38;130;102m▀[0m[38;2;49;168;131m[48;2;46;162;126m▀[0m[38;2;0;0;0m[48;2;0;58;40m▀[0m[38;2;36;17;26m[48;2;87;65;79m▀[0m[38;2;247;247;247m[48;2;187;185;193m▀[0m[38;2;139;145;150m[48;2;117;117;119m▀[0m[38;2;52;51;52m[48;2;32;30;30m▀[0m[38;2;0;0;0m[48;2;0;5;0m▀[0m[38;2;0;0;0m[48;2;0;9;6m▀[0m[38;2;0;0;0m[48;2;0;0;0m▀[0m[38;2;0;0;0m[48;2;0;0;0m▀[0m[38;2;0;0;0m[48;2;0;0;0m▀[0m[38;2;1;0;2m[48;2;0;0;0m▀[0m[38;2;0;0;0m[48;2;0;0;0m▀[0m[38;2;0;0;0m[48;2;0;0;0m▀[0m[38;2;3;23;23m[48;2;0;0;0m▀[0m[38;2;12;93;74m[48;2;0;43;34m▀[0m[38;2;0;0;0m[48;2;0;0;0m▀[0m[38;2;0;79;80m[48;2;125;240;231m▀[0m[38;2;28;97;99m[48;2;124;161;165m▀[0m[38;2;247;0;0m[48;2;247;0;0m▀[0m[38;2;247;0;0m[48;2;247;0;0m▀[0m[38;2;247;0;0m[48;2;247;0;0m▀[0m[38;2;247;0;0m[48;2;247;0;0m▀[0m[38;2;242;12;12m[48;2;247;1;1m▀[0m[38;2;0;64;66m[48;2;0;0;0m▀[0m[38;2;0;0;0m[48;2;0;0;0m▀[0m[38;2;0;0;0m[48;2;0;0;0m▀[0m[38;2;0;0;0m[48;2;0;0;0m▀[0m[38;2;0;0;0m[48;2;0;0;1m▀[0m[38;2;0;0;0m[48;2;0;0;0m▀[0m[38;2;0;0;0m[48;2;0;0;0m▀[0m[38;2;0;0;0m[48;2;0;0;0m▀[0m[38;2;0;0;0m[48;2;0;0;0m▀[0m[38;2;0;0;0m[48;2;25;21;24m▀[0m[38;2;25;20;25m[48;2;117;110;117m▀[0m[38;2;0;0;0m[48;2;0;0;0m▀[0m[38;2;37;138;106m[48;2;49;161;129m▀[0m[38;2;44;148;115m[48;2;41;140;110m▀[0m[38;2;36;129;102m[48;2;37;129;101m▀[0m[38;2;38;126;98m[48;2;38;126;99m▀[0m[38;2;37;127;98m[48;2;37;125;98m▀[0m[38;2;38;126;99m[48;2;38;126;98m▀[0m[38;2;38;126;98m[48;2;38;126;99m▀[0m[38;2;38;126;99m[48;2;38;126;98m▀[0m[38;2;38;126;99m[48;2;39;126;99m▀[0m[38;2;39;126;99m[48;2;38;126;99m▀[0m[38;2;37;129;101m[48;2;37;129;99m▀[0m[38;2;21;140;101m[48;2;35;133;102m▀[0m[38;2;75;102;94m[48;2;34;144;106m▀[0m[38;2;62;21;39m[48;2;19;22;22m▀[0m[38;2;0;54;46m[48;2;106;147;149m▀[0m[38;2;22;234;190m[48;2;123;135;132m▀[0m[38;2;54;247;245m[48;2;34;31;32m▀[0m[38;2;77;247;247m[48;2;0;0;0m▀[0m[38;2;0;114;91m[48;2;58;49;53m▀[0m[38;2;172;123;137m[48;2;247;247;247m▀[0m[38;2;65;208;178m[48;2;247;247;247m▀[0m[38;2;1;177;132m[48;2;87;247;247m▀[0m[38;2;0;0;0m[48;2;44;231;192m▀[0m
[38;2;0;176;141m[48;2;247;209;219m▀[0m[38;2;52;59;63m[48;2;217;154;175m▀[0m[38;2;39;0;0m[48;2;0;18;1m▀[0m[38;2;45;94;80m[48;2;17;142;100m▀[0m[38;2;0;114;78m[48;2;39;131;102m▀[0m[38;2;40;138;108m[48;2;35;125;98m▀[0m[38;2;33;125;98m[48;2;38;125;98m▀[0m[38;2;38;126;98m[48;2;38;126;98m▀[0m[38;2;38;126;98m[48;2;38;126;99m▀[0m[38;2;38;126;98m[48;2;38;126;98m▀[0m[38;2;38;126;99m[48;2;38;126;98m▀[0m[38;2;38;126;99m[48;2;38;126;99m▀[0m[38;2;38;126;98m[48;2;38;128;99m▀[0m[38;2;38;128;99m[48;2;38;128;99m▀[0m[38;2;38;126;99m[48;2;38;126;98m▀[0m[38;2;37;127;98m[48;2;37;127;100m▀[0m[38;2;36;129;102m[48;2;36;129;98m▀[0m[38;2;38;143;110m[48;2;35;129;102m▀[0m[38;2;30;137;104m[48;2;41;166;129m▀[0m[38;2;0;0;0m[48;2;0;22;11m▀[0m[38;2;21;7;17m[48;2;0;0;0m▀[0m[38;2;165;146;154m[48;2;158;143;153m▀[0m[38;2;59;115;97m[48;2;239;247;247m▀[0m[38;2;0;65;43m[48;2;0;58;39m▀[0m[38;2;0;11;11m[48;2;0;0;0m▀[0m[38;2;0;0;0m[48;2;0;0;0m▀[0m[38;2;0;0;0m[48;2;0;0;0m▀[0m[38;2;0;0;0m[48;2;1;0;0m▀[0m[38;2;0;0;1m[48;2;0;0;0m▀[0m[38;2;0;0;0m[48;2;0;0;0m▀[0m[38;2;0;0;0m[48;2;0;0;0m▀[0m[38;2;0;0;0m[48;2;0;4;4m▀[0m[38;2;0;0;0m[48;2;0;0;0m▀[0m[38;2;141;163;162m[48;2;21;40;41m▀[0m[38;2;244;247;247m[48;2;0;0;0m▀[0m[38;2;188;167;168m[48;2;179;146;143m▀[0m[38;2;247;0;0m[48;2;247;0;0m▀[0m[38;2;247;0;0m[48;2;247;0;0m▀[0m[38;2;247;0;0m[48;2;247;0;0m▀[0m[38;2;247;0;0m[48;2;247;0;0m▀[0m[38;2;247;23;20m[48;2;213;0;0m▀[0m[38;2;113;247;247m[48;2;15;144;142m▀[0m[38;2;0;0;0m[48;2;138;171;174m▀[0m[38;2;0;0;0m[48;2;0;0;0m▀[0m[38;2;0;0;0m[48;2;0;0;0m▀[0m[38;2;0;0;1m[48;2;0;0;0m▀[0m[38;2;0;0;0m[48;2;0;0;0m▀[0m[38;2;0;0;0m[48;2;0;0;0m▀[0m[38;2;0;2;4m[48;2;75;82;83m▀[0m[38;2;0;0;0m[48;2;247;247;247m▀[0m[38;2;129;136;139m[48;2;120;122;124m▀[0m[38;2;27;1;11m[48;2;0;0;0m▀[0m[38;2;0;0;0m[48;2;13;63;48m▀[0m[38;2;49;169;136m[48;2;45;166;130m▀[0m[38;2;36;133;105m[48;2;38;130;100m▀[0m[38;2;37;129;99m[48;2;38;126;98m▀[0m[38;2;38;126;99m[48;2;38;128;99m▀[0m[38;2;38;126;98m[48;2;38;128;99m▀[0m[38;2;38;128;99m[48;2;38;128;99m▀[0m[38;2;38;126;99m[48;2;38;126;99m▀[0m[38;2;38;126;99m[48;2;38;126;99m▀[0m[38;2;38;126;99m[48;2;38;126;99m▀[0m[38;2;38;126;99m[48;2;38;126;99m▀[0m[38;2;38;126;99m[48;2;38;126;99m▀[0m[38;2;37;130;101m[48;2;37;129;101m▀[0m[38;2;40;150;119m[48;2;35;140;109m▀[0m[38;2;17;119;82m[48;2;38;151;117m▀[0m[38;2;0;0;0m[48;2;0;0;0m▀[0m[38;2;129;93;105m[48;2;0;0;0m▀[0m[38;2;217;188;195m[48;2;51;55;58m▀[0m[38;2;159;123;135m[48;2;122;126;126m▀[0m[38;2;188;177;179m[48;2;80;65;71m▀[0m[38;2;107;76;87m[48;2;202;161;168m▀[0m[38;2;171;179;181m[48;2;0;0;0m▀[0m[38;2;119;247;247m[48;2;13;247;225m▀[0m[38;2;42;247;221m[48;2;53;247;232m▀[0m
[38;2;135;82;97m[48;2;0;0;0m▀[0m[38;2;0;13;0m[48;2;34;150;113m▀[0m[38;2;28;153;113m[48;2;36;129;100m▀[0m[38;2;37;131;101m[48;2;36;128;97m▀[0m[38;2;37;124;97m[48;2;38;125;98m▀[0m[38;2;37;125;98m[48;2;38;126;98m▀[0m[38;2;38;126;98m[48;2;38;126;99m▀[0m[38;2;38;126;99m[48;2;38;126;99m▀[0m[38;2;38;126;99m[48;2;38;126;98m▀[0m[38;2;38;126;99m[48;2;38;126;99m▀[0m[38;2;38;126;99m[48;2;38;126;99m▀[0m[38;2;38;126;99m[48;2;39;126;99m▀[0m[38;2;38;126;98m[48;2;39;127;99m▀[0m[38;2;38;128;99m[48;2;39;126;99m▀[0m[38;2;38;126;99m[48;2;39;126;99m▀[0m[38;2;38;126;98m[48;2;38;126;98m▀[0m[38;2;37;127;98m[48;2;38;126;98m▀[0m[38;2;36;128;101m[48;2;36;129;100m▀[0m[38;2;40;153;116m[48;2;38;132;101m▀[0m[38;2;16;111;80m[48;2;33;157;121m▀[0m[38;2;18;0;1m[48;2;1;21;16m▀[0m[38;2;88;74;82m[48;2;112;96;107m▀[0m[38;2;117;161;161m[48;2;102;106;109m▀[0m[38;2;4;41;33m[48;2;0;0;0m▀[0m[38;2;0;0;0m[48;2;0;0;0m▀[0m[38;2;0;0;0m[48;2;0;0;0m▀[0m[38;2;0;0;0m[48;2;0;0;0m▀[0m[38;2;0;0;0m[48;2;3;5;5m▀[0m[38;2;0;0;0m[48;2;28;91;72m▀[0m[38;2;0;0;0m[48;2;18;58;44m▀[0m[38;2;0;0;0m[48;2;0;0;0m▀[0m[38;2;8;40;39m[48;2;0;0;0m▀[0m[38;2;0;0;0m[48;2;0;0;0m▀[0m[38;2;0;0;0m[48;2;0;0;0m▀[0m[38;2;21;122;127m[48;2;0;23;24m▀[0m[38;2;130;117;115m[48;2;33;0;0m▀[0m[38;2;247;0;0m[48;2;247;0;0m▀[0m[38;2;247;0;0m[48;2;247;0;0m▀[0m[38;2;247;0;0m[48;2;247;0;0m▀[0m[38;2;247;0;0m[48;2;247;0;0m▀[0m[38;2;247;0;0m[48;2;247;0;0m▀[0m[38;2;0;2;5m[48;2;3;106;108m▀[0m[38;2;148;189;189m[48;2;19;65;62m▀[0m[38;2;0;4;7m[48;2;21;30;32m▀[0m[38;2;0;0;0m[48;2;0;0;0m▀[0m[38;2;0;0;0m[48;2;0;0;0m▀[0m[38;2;0;0;0m[48;2;0;0;0m▀[0m[38;2;0;0;0m[48;2;0;0;0m▀[0m[38;2;0;0;0m[48;2;0;0;0m▀[0m[38;2;71;78;79m[48;2;67;75;80m▀[0m[38;2;48;50;50m[48;2;40;28;37m▀[0m[38;2;0;0;0m[48;2;0;0;0m▀[0m[38;2;32;124;97m[48;2;44;161;128m▀[0m[38;2;43;153;122m[48;2;42;140;112m▀[0m[38;2;36;129;103m[48;2;36;129;100m▀[0m[38;2;37;127;98m[48;2;37;127;100m▀[0m[38;2;38;126;98m[48;2;38;126;98m▀[0m[38;2;38;126;98m[48;2;38;126;98m▀[0m[38;2;38;126;99m[48;2;39;126;99m▀[0m[38;2;38;126;99m[48;2;39;126;99m▀[0m[38;2;38;126;99m[48;2;38;126;99m▀[0m[38;2;38;128;99m[48;2;38;126;99m▀[0m[38;2;38;126;98m[48;2;39;126;99m▀[0m[38;2;38;126;99m[48;2;39;126;99m▀[0m[38;2;38;125;98m[48;2;38;128;99m▀[0m[38;2;38;150;113m[48;2;43;140;109m▀[0m[38;2;27;86;68m[48;2;5;100;69m▀[0m[38;2;129;81;98m[48;2;148;132;140m▀[0m[38;2;0;0;0m[48;2;160;152;173m▀[0m[38;2;0;0;0m[48;2;0;59;47m▀[0m[38;2;0;0;0m[48;2;0;92;70m▀[0m[38;2;0;33;21m[48;2;0;44;41m▀[0m[38;2;94;99;100m[48;2;0;0;0m▀[0m[38;2;239;194;203m[48;2;0;0;0m▀[0m[38;2;101;119;118m[48;2;110;74;85m▀[0m[38;2;0;5;9m[48;2;0;0;0m▀[0m
[38;2;36;149;115m[48;2;31;139;105m▀[0m[38;2;40;146;115m[48;2;15;112;86m▀[0m[38;2;36;129;100m[48;2;35;139;105m▀[0m[38;2;36;128;98m[48;2;38;128;98m▀[0m[38;2;38;125;98m[48;2;38;126;99m▀[0m[38;2;37;125;98m[48;2;38;126;99m▀[0m[38;2;39;126;101m[48;2;38;125;98m▀[0m[38;2;39;126;99m[48;2;39;126;99m▀[0m[38;2;38;126;99m[48;2;39;126;99m▀[0m[38;2;39;126;99m[48;2;39;126;99m▀[0m[38;2;39;126;99m[48;2;39;127;99m▀[0m[38;2;38;126;99m[48;2;38;127;97m▀[0m[38;2;39;126;99m[48;2;37;126;97m▀[0m[38;2;39;126;99m[48;2;38;124;97m▀[0m[38;2;40;127;100m[48;2;37;123;97m▀[0m[38;2;38;128;99m[48;2;32;117;92m▀[0m[38;2;38;126;99m[48;2;32;117;91m▀[0m[38;2;38;126;98m[48;2;32;115;88m▀[0m[38;2;36;128;97m[48;2;32;121;92m▀[0m[38;2;42;152;118m[48;2;38;127;97m▀[0m[38;2;7;92;66m[48;2;41;159;122m▀[0m[38;2;13;0;0m[48;2;10;28;24m▀[0m[38;2;39;39;43m[48;2;109;94;105m▀[0m[38;2;0;0;0m[48;2;67;64;69m▀[0m[38;2;0;0;0m[48;2;0;0;0m▀[0m[38;2;0;0;0m[48;2;0;0;0m▀[0m[38;2;7;22;18m[48;2;50;162;129m▀[0m[38;2;53;180;143m[48;2;50;160;128m▀[0m[38;2;56;183;143m[48;2;43;136;109m▀[0m[38;2;54;181;141m[48;2;42;140;110m▀[0m[38;2;47;153;119m[48;2;45;156;124m▀[0m[38;2;12;37;28m[48;2;55;178;140m▀[0m[38;2;0;0;0m[48;2;26;85;67m▀[0m[38;2;0;0;0m[48;2;0;0;0m▀[0m[38;2;0;0;0m[48;2;0;0;0m▀[0m[38;2;55;0;0m[48;2;60;0;0m▀[0m[38;2;247;0;0m[48;2;247;0;0m▀[0m[38;2;247;0;0m[48;2;247;0;0m▀[0m[38;2;247;0;0m[48;2;247;0;0m▀[0m[38;2;247;0;0m[48;2;247;0;0m▀[0m[38;2;247;0;0m[48;2;247;0;0m▀[0m[38;2;70;167;173m[48;2;125;203;210m▀[0m[38;2;0;43;41m[48;2;0;31;32m▀[0m[38;2;0;0;0m[48;2;0;0;0m▀[0m[38;2;0;0;0m[48;2;0;0;0m▀[0m[38;2;0;0;1m[48;2;0;0;0m▀[0m[38;2;0;0;0m[48;2;0;0;0m▀[0m[38;2;0;0;0m[48;2;0;0;0m▀[0m[38;2;0;0;0m[48;2;35;32;35m▀[0m[38;2;145;152;155m[48;2;127;122;127m▀[0m[38;2;0;0;0m[48;2;0;0;0m▀[0m[38;2;0;37;32m[48;2;32;125;100m▀[0m[38;2;47;168;132m[48;2;45;153;123m▀[0m[38;2;41;132;103m[48;2;38;126;101m▀[0m[38;2;38;126;99m[48;2;39;128;97m▀[0m[38;2;38;126;99m[48;2;35;125;98m▀[0m[38;2;39;126;99m[48;2;33;118;92m▀[0m[38;2;38;128;101m[48;2;31;117;91m▀[0m[38;2;39;126;99m[48;2;30;114;89m▀[0m[38;2;39;127;100m[48;2;28;117;89m▀[0m[38;2;38;126;99m[48;2;31;116;89m▀[0m[38;2;39;127;99m[48;2;32;117;92m▀[0m[38;2;39;127;99m[48;2;35;121;94m▀[0m[38;2;39;126;99m[48;2;38;125;97m▀[0m[38;2;38;128;99m[48;2;37;125;98m▀[0m[38;2;38;125;98m[48;2;35;128;101m▀[0m[38;2;36;144;111m[48;2;35;125;98m▀[0m[38;2;0;103;67m[48;2;39;138;107m▀[0m[38;2;12;44;57m[48;2;14;121;85m▀[0m[38;2;145;215;223m[48;2;36;66;59m▀[0m[38;2;170;247;247m[48;2;247;238;247m▀[0m[38;2;122;127;132m[48;2;247;247;247m▀[0m[38;2;0;0;0m[48;2;107;102;109m▀[0m[38;2;0;0;0m[48;2;102;96;99m▀[0m[38;2;0;0;0m[48;2;0;0;0m▀[0m[38;2;0;25;17m[48;2;0;69;52m▀[0m
[38;2;0;0;0m[48;2;0;0;0m▀[0m[38;2;97;64;78m[48;2;247;247;247m▀[0m[38;2;17;97;75m[48;2;117;102;108m▀[0m[38;2;32;135;101m[48;2;2;107;74m▀[0m[38;2;38;124;99m[48;2;42;131;101m▀[0m[38;2;38;125;98m[48;2;38;125;98m▀[0m[38;2;38;125;98m[48;2;38;125;98m▀[0m[38;2;38;125;98m[48;2;36;123;96m▀[0m[38;2;38;126;99m[48;2;35;124;95m▀[0m[38;2;39;124;97m[48;2;29;113;88m▀[0m[38;2;36;122;96m[48;2;26;105;79m▀[0m[38;2;32;119;91m[48;2;29;108;82m▀[0m[38;2;29;110;84m[48;2;40;131;102m▀[0m[38;2;28;105;81m[48;2;60;156;132m▀[0m[38;2;30;105;86m[48;2;76;180;150m▀[0m[38;2;32;109;87m[48;2;83;191;161m▀[0m[38;2;35;116;91m[48;2;89;199;164m▀[0m[38;2;39;122;95m[48;2;91;200;169m▀[0m[38;2;36;120;93m[48;2;91;199;168m▀[0m[38;2;28;113;86m[48;2;84;193;161m▀[0m[38;2;32;132;98m[48;2;59;166;132m▀[0m[38;2;19;104;78m[48;2;38;157;119m▀[0m[38;2;0;0;0m[48;2;6;29;27m▀[0m[38;2;33;15;26m[48;2;0;0;0m▀[0m[38;2;0;0;0m[48;2;0;0;0m▀[0m[38;2;30;111;90m[48;2;51;170;135m▀[0m[38;2;54;174;139m[48;2;54;174;136m▀[0m[38;2;47;145;115m[48;2;47;155;122m▀[0m[38;2;49;157;126m[48;2;31;101;79m▀[0m[38;2;49;153;120m[48;2;28;113;90m▀[0m[38;2;48;157;123m[48;2;25;110;86m▀[0m[38;2;53;168;130m[48;2;36;108;86m▀[0m[38;2;50;181;140m[48;2;49;169;133m▀[0m[38;2;14;116;92m[48;2;44;212;161m▀[0m[38;2;0;39;39m[48;2;0;132;106m▀[0m[38;2;79;0;0m[48;2;200;0;0m▀[0m[38;2;247;0;0m[48;2;247;0;0m▀[0m[38;2;247;0;0m[48;2;247;0;0m▀[0m[38;2;247;0;0m[48;2;247;0;0m▀[0m[38;2;247;0;0m[48;2;196;43;41m▀[0m[38;2;247;0;0m[48;2;247;0;0m▀[0m[38;2;99;129;133m[48;2;114;101;100m▀[0m[38;2;0;0;0m[48;2;0;2;5m▀[0m[38;2;0;0;0m[48;2;0;0;0m▀[0m[38;2;0;0;0m[48;2;0;0;0m▀[0m[38;2;0;0;0m[48;2;0;0;0m▀[0m[38;2;0;0;0m[48;2;0;0;0m▀[0m[38;2;0;0;0m[48;2;0;0;0m▀[0m[38;2;98;101;103m[48;2;33;30;33m▀[0m[38;2;53;32;40m[48;2;0;0;0m▀[0m[38;2;0;0;0m[48;2;10;63;47m▀[0m[38;2;45;168;130m[48;2;44;164;127m▀[0m[38;2;38;134;105m[48;2;34;124;95m▀[0m[38;2;35;125;98m[48;2;30;104;84m▀[0m[38;2;28;110;84m[48;2;47;136;110m▀[0m[38;2;26;104;80m[48;2;72;176;148m▀[0m[38;2;30;111;88m[48;2;84;192;164m▀[0m[38;2;35;113;89m[48;2;88;195;168m▀[0m[38;2;33;115;90m[48;2;86;198;168m▀[0m[38;2;32;117;93m[48;2;91;199;170m▀[0m[38;2;32;115;88m[48;2;89;201;168m▀[0m[38;2;29;110;87m[48;2;85;199;165m▀[0m[38;2;26;106;81m[48;2;80;189;158m▀[0m[38;2;24;105;78m[48;2;70;169;142m▀[0m[38;2;27;106;80m[48;2;54;148;118m▀[0m[38;2;29;113;87m[48;2;37;120;93m▀[0m[38;2;35;124;95m[48;2;28;105;80m▀[0m[38;2;34;122;95m[48;2;26;106;84m▀[0m[38;2;34;129;98m[48;2;29;118;92m▀[0m[38;2;7;128;90m[48;2;31;128;97m▀[0m[38;2;0;80;51m[48;2;28;136;102m▀[0m[38;2;68;87;88m[48;2;7;122;89m▀[0m[38;2;59;31;45m[48;2;0;32;8m▀[0m[38;2;213;202;212m[48;2;5;0;2m▀[0m[38;2;222;207;215m[48;2;194;158;171m▀[0m[38;2;68;178;161m[48;2;157;247;247m▀[0m
[38;2;0;99;72m[48;2;145;247;246m▀[0m[38;2;238;247;247m[48;2;73;86;87m▀[0m[38;2;91;76;79m[48;2;0;105;68m▀[0m[38;2;4;113;81m[48;2;36;130;103m▀[0m[38;2;41;128;103m[48;2;37;125;97m▀[0m[38;2;39;126;99m[48;2;33;118;92m▀[0m[38;2;36;123;95m[48;2;26;104;80m▀[0m[38;2;30;112;87m[48;2;32;115;90m▀[0m[38;2;27;103;78m[48;2;61;160;132m▀[0m[38;2;34;117;90m[48;2;89;198;172m▀[0m[38;2;58;154;127m[48;2;97;206;179m▀[0m[38;2;83;188;158m[48;2;91;196;166m▀[0m[38;2;90;204;175m[48;2;84;189;162m▀[0m[38;2;95;204;177m[48;2;82;187;157m▀[0m[38;2;92;197;170m[48;2;81;184;156m▀[0m[38;2;88;194;166m[48;2;82;185;157m▀[0m[38;2;87;193;162m[48;2;83;182;158m▀[0m[38;2;87;193;165m[48;2;78;186;160m▀[0m[38;2;88;194;161m[48;2;79;185;154m▀[0m[38;2;91;199;169m[48;2;81;187;157m▀[0m[38;2;98;214;180m[48;2;86;191;162m▀[0m[38;2;88;218;185m[48;2;98;213;181m▀[0m[38;2;33;109;91m[48;2;93;226;187m▀[0m[38;2;0;0;0m[48;2;2;25;15m▀[0m[38;2;26;97;74m[48;2;26;113;87m▀[0m[38;2;57;190;151m[48;2;42;138;115m▀[0m[38;2;36;108;86m[48;2;0;0;0m▀[0m[38;2;0;0;0m[48;2;0;0;0m▀[0m[38;2;0;0;0m[48;2;0;53;39m▀[0m[38;2;0;0;0m[48;2;0;88;64m▀[0m[38;2;0;2;0m[48;2;39;117;107m▀[0m[38;2;0;0;0m[48;2;32;100;97m▀[0m[38;2;0;0;0m[48;2;0;40;36m▀[0m[38;2;0;52;37m[48;2;0;0;0m▀[0m[38;2;0;116;97m[48;2;0;0;0m▀[0m[38;2;215;10;8m[48;2;126;0;0m▀[0m[38;2;247;0;0m[48;2;113;44;45m▀[0m[38;2;247;0;0m[48;2;247;0;0m▀[0m[38;2;246;0;0m[48;2;211;0;0m▀[0m[38;2;0;44;40m[48;2;0;36;37m▀[0m[38;2;247;0;0m[48;2;247;0;0m▀[0m[38;2;133;66;65m[48;2;61;0;0m▀[0m[38;2;0;45;48m[48;2;0;0;0m▀[0m[38;2;0;0;0m[48;2;0;2;7m▀[0m[38;2;0;0;0m[48;2;39;46;49m▀[0m[38;2;0;0;0m[48;2;38;40;41m▀[0m[38;2;0;0;0m[48;2;0;0;0m▀[0m[38;2;11;7;13m[48;2;0;0;0m▀[0m[38;2;67;61;65m[48;2;13;0;5m▀[0m[38;2;0;0;0m[48;2;0;0;0m▀[0m[38;2;35;129;99m[48;2;40;158;120m▀[0m[38;2;35;143;109m[48;2;27;119;91m▀[0m[38;2;30;111;88m[48;2;69;178;147m▀[0m[38;2;66;165;139m[48;2;94;209;177m▀[0m[38;2;95;210;176m[48;2;81;192;161m▀[0m[38;2;92;204;174m[48;2;80;185;157m▀[0m[38;2;88;196;166m[48;2;79;181;157m▀[0m[38;2;87;193;165m[48;2;79;182;154m▀[0m[38;2;86;192;164m[48;2;80;186;155m▀[0m[38;2;88;193;163m[48;2;80;184;155m▀[0m[38;2;88;194;163m[48;2;79;183;155m▀[0m[38;2;88;196;166m[48;2;79;183;155m▀[0m[38;2;90;199;171m[48;2;79;185;158m▀[0m[38;2;97;203;177m[48;2;83;184;158m▀[0m[38;2;97;206;179m[48;2;82;187;159m▀[0m[38;2;92;202;174m[48;2;86;192;164m▀[0m[38;2;79;185;155m[48;2;94;201;174m▀[0m[38;2;53;145;117m[48;2;97;207;177m▀[0m[38;2;26;110;84m[48;2;84;194;161m▀[0m[38;2;22;107;79m[48;2;49;145;116m▀[0m[38;2;32;121;91m[48;2;28;106;80m▀[0m[38;2;35;132;101m[48;2;29;115;89m▀[0m[38;2;37;156;118m[48;2;35;125;98m▀[0m[38;2;16;115;84m[48;2;41;149;116m▀[0m[38;2;0;0;0m[48;2;35;135;102m▀[0m[38;2;0;53;50m[48;2;0;0;0m▀[0m
[38;2;113;79;93m[48;2;1;97;67m▀[0m[38;2;6;97;67m[48;2;32;129;103m▀[0m[38;2;32;130;100m[48;2;31;117;91m▀[0m[38;2;33;122;93m[48;2;25;104;78m▀[0m[38;2;29;113;87m[48;2;40;126;102m▀[0m[38;2;27;109;84m[48;2;78;188;161m▀[0m[38;2;57;153;127m[48;2;93;207;178m▀[0m[38;2;88;196;167m[48;2;85;194;162m▀[0m[38;2;93;205;172m[48;2;80;186;156m▀[0m[38;2;86;193;166m[48;2;82;185;157m▀[0m[38;2;84;188;160m[48;2;80;183;154m▀[0m[38;2;82;186;158m[48;2;80;183;155m▀[0m[38;2;79;183;155m[48;2;79;184;155m▀[0m[38;2;80;183;155m[48;2;79;183;155m▀[0m[38;2;80;183;155m[48;2;80;183;157m▀[0m[38;2;80;183;155m[48;2;80;183;155m▀[0m[38;2;79;183;155m[48;2;79;183;155m▀[0m[38;2;79;183;154m[48;2;79;183;155m▀[0m[38;2;79;183;155m[48;2;80;183;155m▀[0m[38;2;79;183;155m[48;2;80;183;155m▀[0m[38;2;81;186;158m[48;2;79;183;154m▀[0m[38;2;80;193;162m[48;2;81;189;160m▀[0m[38;2;97;228;192m[48;2;85;194;166m▀[0m[38;2;64;168;133m[48;2;106;247;208m▀[0m[38;2;0;0;0m[48;2;11;31;23m▀[0m[38;2;0;0;0m[48;2;0;0;0m▀[0m[38;2;0;12;11m[48;2;0;148;115m▀[0m[38;2;0;45;30m[48;2;0;0;0m▀[0m[38;2;0;39;20m[48;2;198;198;198m▀[0m[38;2;0;79;66m[48;2;247;247;247m▀[0m[38;2;136;139;148m[48;2;247;247;247m▀[0m[38;2;116;115;133m[48;2;247;247;247m▀[0m[38;2;0;0;0m[48;2;32;211;171m▀[0m[38;2;0;69;61m[48;2;26;181;152m▀[0m[38;2;0;0;0m[48;2;0;20;21m▀[0m[38;2;84;0;0m[48;2;40;0;0m▀[0m[38;2;117;46;45m[48;2;123;0;1m▀[0m[38;2;247;0;0m[48;2;247;0;0m▀[0m[38;2;137;0;0m[48;2;210;27;37m▀[0m[38;2;0;27;33m[48;2;56;222;240m▀[0m[38;2;247;0;0m[48;2;247;0;0m▀[0m[38;2;174;0;0m[48;2;247;48;50m▀[0m[38;2;0;101;105m[48;2;97;157;170m▀[0m[38;2;224;242;245m[48;2;212;223;226m▀[0m[38;2;247;247;247m[48;2;247;247;247m▀[0m[38;2;199;205;206m[48;2;244;241;243m▀[0m[38;2;190;194;196m[48;2;247;247;247m▀[0m[38;2;39;32;34m[48;2;238;241;247m▀[0m[38;2;0;0;0m[48;2;0;0;0m▀[0m[38;2;0;34;26m[48;2;0;55;33m▀[0m[38;2;32;144;108m[48;2;50;171;133m▀[0m[38;2;65;171;141m[48;2;97;217;183m▀[0m[38;2;97;212;179m[48;2;85;194;161m▀[0m[38;2;83;188;161m[48;2;80;187;161m▀[0m[38;2;81;185;159m[48;2;80;184;155m▀[0m[38;2;79;183;154m[48;2;81;182;155m▀[0m[38;2;80;183;155m[48;2;80;184;155m▀[0m[38;2;80;184;155m[48;2;80;184;156m▀[0m[38;2;79;184;155m[48;2;80;184;155m▀[0m[38;2;80;184;155m[48;2;80;183;155m▀[0m[38;2;80;184;155m[48;2;80;184;156m▀[0m[38;2;80;183;155m[48;2;80;183;155m▀[0m[38;2;80;183;155m[48;2;79;183;154m▀[0m[38;2;80;184;156m[48;2;79;184;155m▀[0m[38;2;80;184;155m[48;2;79;184;156m▀[0m[38;2;80;186;159m[48;2;80;184;156m▀[0m[38;2;79;184;159m[48;2;79;184;155m▀[0m[38;2;83;186;160m[48;2;80;184;155m▀[0m[38;2;90;198;169m[48;2;82;186;158m▀[0m[38;2;96;211;175m[48;2;84;190;160m▀[0m[38;2;74;180;150m[48;2;93;203;171m▀[0m[38;2;36;118;92m[48;2;90;199;169m▀[0m[38;2;26;108;85m[48;2;49;138;110m▀[0m[38;2;34;126;99m[48;2;23;104;79m▀[0m[38;2;40;143;111m[48;2;34;122;95m▀[0m[38;2;37;127;97m[48;2;38;129;103m▀[0m
[38;2;37;129;103m[48;2;33;113;87m▀[0m[38;2;32;117;91m[48;2;24;102;77m▀[0m[38;2;21;102;76m[48;2;57;153;127m▀[0m[38;2;52;145;118m[48;2;96;210;180m▀[0m[38;2;89;201;173m[48;2;85;193;162m▀[0m[38;2;88;200;170m[48;2;82;185;157m▀[0m[38;2;83;187;159m[48;2;80;183;155m▀[0m[38;2;78;185;159m[48;2;80;183;155m▀[0m[38;2;80;183;155m[48;2;80;183;155m▀[0m[38;2;80;183;157m[48;2;80;183;155m▀[0m[38;2;80;183;154m[48;2;80;181;154m▀[0m[38;2;80;184;155m[48;2;80;183;157m▀[0m[38;2;80;183;157m[48;2;79;183;157m▀[0m[38;2;79;183;157m[48;2;79;183;157m▀[0m[38;2;79;184;156m[48;2;80;184;156m▀[0m[38;2;80;184;155m[48;2;79;183;155m▀[0m[38;2;80;183;155m[48;2;80;183;155m▀[0m[38;2;80;183;155m[48;2;79;183;154m▀[0m[38;2;80;183;155m[48;2;79;183;154m▀[0m[38;2;79;183;155m[48;2;80;183;155m▀[0m[38;2;79;183;154m[48;2;80;183;155m▀[0m[38;2;79;183;155m[48;2;80;184;156m▀[0m[38;2;83;192;161m[48;2;82;191;161m▀[0m[38;2;97;224;187m[48;2;88;196;166m▀[0m[38;2;71;187;155m[48;2;91;231;194m▀[0m[38;2;4;0;0m[48;2;55;77;75m▀[0m[38;2;62;141;129m[48;2;195;141;160m▀[0m[38;2;207;200;208m[48;2;161;130;142m▀[0m[38;2;247;247;247m[48;2;110;80;95m▀[0m[38;2;247;247;247m[48;2;83;58;67m▀[0m[38;2;247;247;247m[48;2;43;19;29m▀[0m[38;2;241;247;247m[48;2;13;0;0m▀[0m[38;2;192;218;219m[48;2;0;0;0m▀[0m[38;2;153;182;187m[48;2;0;0;0m▀[0m[38;2;131;96;103m[48;2;0;0;0m▀[0m[38;2;159;22;30m[48;2;136;17;8m▀[0m[38;2;168;12;15m[48;2;87;84;57m▀[0m[38;2;247;0;0m[48;2;247;0;0m▀[0m[38;2;198;48;46m[48;2;204;71;53m▀[0m[38;2;0;247;217m[48;2;0;247;247m▀[0m[38;2;247;0;0m[48;2;247;0;0m▀[0m[38;2;247;0;0m[48;2;247;0;0m▀[0m[38;2;0;138;116m[48;2;0;247;247m▀[0m[38;2;0;0;0m[48;2;0;108;82m▀[0m[38;2;107;105;117m[48;2;16;220;186m▀[0m[38;2;0;0;0m[48;2;102;198;184m▀[0m[38;2;188;177;180m[48;2;0;0;0m▀[0m[38;2;247;247;247m[48;2;247;247;247m▀[0m[38;2;93;76;88m[48;2;156;158;160m▀[0m[38;2;0;77;48m[48;2;0;106;76m▀[0m[38;2;85;215;178m[48;2;98;219;189m▀[0m[38;2;91;203;173m[48;2;87;192;163m▀[0m[38;2;82;187;157m[48;2;82;186;158m▀[0m[38;2;79;183;155m[48;2;80;183;155m▀[0m[38;2;80;184;155m[48;2;80;184;155m▀[0m[38;2;80;183;154m[48;2;79;183;154m▀[0m[38;2;80;183;155m[48;2;80;183;155m▀[0m[38;2;81;184;156m[48;2;80;184;156m▀[0m[38;2;81;184;156m[48;2;80;184;155m▀[0m[38;2;80;184;156m[48;2;80;183;157m▀[0m[38;2;80;184;156m[48;2;80;183;157m▀[0m[38;2;80;184;156m[48;2;79;183;155m▀[0m[38;2;80;184;156m[48;2;80;183;155m▀[0m[38;2;80;183;157m[48;2;81;184;156m▀[0m[38;2;80;184;156m[48;2;80;183;155m▀[0m[38;2;79;183;155m[48;2;80;183;157m▀[0m[38;2;79;183;155m[48;2;79;183;155m▀[0m[38;2;80;184;156m[48;2;80;183;155m▀[0m[38;2;80;184;156m[48;2;79;183;155m▀[0m[38;2;80;186;159m[48;2;80;183;155m▀[0m[38;2;84;188;160m[48;2;79;183;155m▀[0m[38;2;89;196;169m[48;2;83;188;161m▀[0m[38;2;96;205;174m[48;2;87;193;163m▀[0m[38;2;59;153;126m[48;2;98;211;177m▀[0m[38;2;21;103;76m[48;2;60;158;129m▀[0m[38;2;30;113;86m[48;2;21;99;74m▀[0m
[38;2;18;97;71m[48;2;51;145;119m▀[0m[38;2;55;156;127m[48;2;88;204;172m▀[0m[38;2;97;207;179m[48;2;83;188;161m▀[0m[38;2;86;191;164m[48;2;83;187;158m▀[0m[38;2;83;186;158m[48;2;80;184;156m▀[0m[38;2;80;183;155m[48;2;80;184;156m▀[0m[38;2;80;183;155m[48;2;80;183;157m▀[0m[38;2;81;182;155m[48;2;81;182;155m▀[0m[38;2;80;184;155m[48;2;80;184;155m▀[0m[38;2;80;183;157m[48;2;79;183;157m▀[0m[38;2;80;183;155m[48;2;79;183;155m▀[0m[38;2;79;183;155m[48;2;79;183;155m▀[0m[38;2;80;183;157m[48;2;80;183;155m▀[0m[38;2;80;183;157m[48;2;80;183;155m▀[0m[38;2;80;183;157m[48;2;80;183;155m▀[0m[38;2;80;184;155m[48;2;80;183;155m▀[0m[38;2;80;183;155m[48;2;79;183;154m▀[0m[38;2;80;183;155m[48;2;79;183;155m▀[0m[38;2;79;183;153m[48;2;80;183;155m▀[0m[38;2;80;183;155m[48;2;79;183;155m▀[0m[38;2;80;183;155m[48;2;80;183;155m▀[0m[38;2;80;184;155m[48;2;80;183;155m▀[0m[38;2;80;186;159m[48;2;80;183;155m▀[0m[38;2;83;188;161m[48;2;80;188;159m▀[0m[38;2;98;230;196m[48;2;90;211;180m▀[0m[38;2;52;132;111m[48;2;93;202;175m▀[0m[38;2;0;0;0m[48;2;0;35;10m▀[0m[38;2;0;0;0m[48;2;0;99;51m▀[0m[38;2;0;0;0m[48;2;0;114;73m▀[0m[38;2;0;0;0m[48;2;0;151;118m▀[0m[38;2;0;0;0m[48;2;7;107;89m▀[0m[38;2;0;0;0m[48;2;1;73;60m▀[0m[38;2;0;7;0m[48;2;0;2;2m▀[0m[38;2;0;47;14m[48;2;0;53;49m▀[0m[38;2;62;0;0m[48;2;152;64;47m▀[0m[38;2;162;121;96m[48;2;165;156;128m▀[0m[38;2;80;196;152m[48;2;25;222;170m▀[0m[38;2;247;0;0m[48;2;247;0;0m▀[0m[38;2;247;11;10m[48;2;247;0;0m▀[0m[38;2;0;247;247m[48;2;27;247;191m▀[0m[38;2;247;0;0m[48;2;247;0;0m▀[0m[38;2;247;0;0m[48;2;247;0;0m▀[0m[38;2;33;247;247m[48;2;65;247;215m▀[0m[38;2;24;247;227m[48;2;47;247;247m▀[0m[38;2;0;2;1m[48;2;0;0;0m▀[0m[38;2;9;149;127m[48;2;0;0;0m▀[0m[38;2;0;99;81m[48;2;0;28;24m▀[0m[38;2;89;53;66m[48;2;0;0;0m▀[0m[38;2;64;90;86m[48;2;0;22;10m▀[0m[38;2;22;142;108m[48;2;49;174;137m▀[0m[38;2;97;213;183m[48;2;93;212;178m▀[0m[38;2;82;190;160m[48;2;80;189;159m▀[0m[38;2;80;183;155m[48;2;79;183;154m▀[0m[38;2;80;183;157m[48;2;79;183;155m▀[0m[38;2;80;183;155m[48;2;79;183;155m▀[0m[38;2;80;183;157m[48;2;79;183;155m▀[0m[38;2;80;183;155m[48;2;79;183;155m▀[0m[38;2;80;184;155m[48;2;80;184;156m▀[0m[38;2;80;184;156m[48;2;81;184;156m▀[0m[38;2;80;184;156m[48;2;80;183;155m▀[0m[38;2;80;183;157m[48;2;80;183;155m▀[0m[38;2;79;183;155m[48;2;81;184;156m▀[0m[38;2;79;184;156m[48;2;80;184;156m▀[0m[38;2;80;184;156m[48;2;81;184;156m▀[0m[38;2;80;184;156m[48;2;80;184;156m▀[0m[38;2;80;183;157m[48;2;79;183;157m▀[0m[38;2;80;183;157m[48;2;80;183;155m▀[0m[38;2;80;183;157m[48;2;80;184;156m▀[0m[38;2;79;183;155m[48;2;80;183;155m▀[0m[38;2;79;183;155m[48;2;80;183;155m▀[0m[38;2;79;183;154m[48;2;79;183;155m▀[0m[38;2;79;183;155m[48;2;80;183;155m▀[0m[38;2;83;184;161m[48;2;80;183;157m▀[0m[38;2;85;189;162m[48;2;77;184;159m▀[0m[38;2;96;205;178m[48;2;87;195;168m▀[0m[38;2;43;132;104m[48;2;66;164;137m▀[0m
[38;2;83;195;164m[48;2;78;186;157m▀[0m[38;2;80;190;161m[48;2;80;184;155m▀[0m[38;2;81;182;158m[48;2;80;184;156m▀[0m[38;2;79;184;155m[48;2;80;184;155m▀[0m[38;2;80;183;155m[48;2;80;184;154m▀[0m[38;2;81;184;156m[48;2;80;184;156m▀[0m[38;2;79;183;155m[48;2;80;183;154m▀[0m[38;2;79;183;154m[48;2;80;184;155m▀[0m[38;2;80;183;155m[48;2;80;183;157m▀[0m[38;2;80;183;157m[48;2;80;184;156m▀[0m[38;2;79;183;155m[48;2;80;184;156m▀[0m[38;2;80;183;155m[48;2;80;183;155m▀[0m[38;2;80;184;156m[48;2;80;184;155m▀[0m[38;2;80;183;155m[48;2;79;184;155m▀[0m[38;2;79;183;155m[48;2;80;183;155m▀[0m[38;2;81;182;156m[48;2;80;181;157m▀[0m[38;2;79;183;155m[48;2;80;183;157m▀[0m[38;2;79;183;154m[48;2;80;183;155m▀[0m[38;2;80;183;155m[48;2;80;183;155m▀[0m[38;2;80;183;155m[48;2;79;183;155m▀[0m[38;2;80;183;155m[48;2;80;183;155m▀[0m[38;2;79;183;154m[48;2;79;183;154m▀[0m[38;2;79;183;155m[48;2;79;183;154m▀[0m[38;2;78;186;157m[48;2;79;183;159m▀[0m[38;2;87;199;168m[48;2;87;192;163m▀[0m[38;2;110;231;195m[48;2;111;234;202m▀[0m[38;2;0;58;40m[48;2;37;100;84m▀[0m[38;2;0;86;44m[48;2;0;41;18m▀[0m[38;2;0;114;78m[48;2;0;42;25m▀[0m[38;2;0;123;97m[48;2;0;5;0m▀[0m[38;2;29;136;115m[48;2;0;0;0m▀[0m[38;2;199;247;247m[48;2;0;65;66m▀[0m[38;2;247;247;247m[48;2;48;103;105m▀[0m[38;2;0;143;128m[48;2;0;0;0m▀[0m[38;2;214;22;12m[48;2;164;0;0m▀[0m[38;2;247;36;28m[48;2;247;0;0m▀[0m[38;2;197;65;39m[48;2;247;0;0m▀[0m[38;2;247;9;12m[48;2;247;17;13m▀[0m[38;2;247;41;38m[48;2;231;49;46m▀[0m[38;2;247;0;0m[48;2;247;0;0m▀[0m[38;2;247;0;0m[48;2;247;35;34m▀[0m[38;2;247;0;0m[48;2;247;203;211m▀[0m[38;2;140;143;118m[48;2;247;0;0m▀[0m[38;2;0;247;247m[48;2;56;0;0m▀[0m[38;2;0;119;103m[48;2;39;25;21m▀[0m[38;2;0;61;50m[48;2;0;122;100m▀[0m[38;2;0;0;0m[48;2;0;11;9m▀[0m[38;2;0;0;0m[48;2;0;0;0m▀[0m[38;2;6;59;46m[48;2;11;65;54m▀[0m[38;2;52;168;135m[48;2;46;162;130m▀[0m[38;2;93;212;178m[48;2;91;203;172m▀[0m[38;2;83;193;162m[48;2;89;196;171m▀[0m[38;2;79;183;154m[48;2;79;183;155m▀[0m[38;2;79;183;155m[48;2;79;183;155m▀[0m[38;2;80;183;157m[48;2;80;184;155m▀[0m[38;2;79;183;155m[48;2;79;184;155m▀[0m[38;2;79;183;155m[48;2;79;184;156m▀[0m[38;2;79;183;155m[48;2;80;183;157m▀[0m[38;2;81;184;156m[48;2;80;183;157m▀[0m[38;2;80;183;155m[48;2;80;183;157m▀[0m[38;2;80;184;156m[48;2;80;184;158m▀[0m[38;2;81;184;156m[48;2;80;184;156m▀[0m[38;2;80;183;155m[48;2;80;183;157m▀[0m[38;2;80;184;156m[48;2;80;183;157m▀[0m[38;2;80;184;155m[48;2;81;184;156m▀[0m[38;2;79;183;155m[48;2;81;184;156m▀[0m[38;2;79;183;155m[48;2;79;183;155m▀[0m[38;2;80;183;155m[48;2;79;183;155m▀[0m[38;2;79;183;155m[48;2;79;183;155m▀[0m[38;2;79;183;155m[48;2;79;183;155m▀[0m[38;2;80;183;155m[48;2;79;183;155m▀[0m[38;2;80;181;155m[48;2;80;183;155m▀[0m[38;2;79;183;155m[48;2;80;183;155m▀[0m[38;2;79;183;155m[48;2;79;183;155m▀[0m[38;2;78;187;160m[48;2;79;184;156m▀[0m[38;2;76;183;157m[48;2;79;183;157m▀[0m
[38;2;79;183;155m[48;2;79;184;155m▀[0m[38;2;80;184;155m[48;2;79;183;155m▀[0m[38;2;80;184;156m[48;2;81;184;156m▀[0m[38;2;80;184;155m[48;2;80;184;155m▀[0m[38;2;80;184;156m[48;2;80;184;155m▀[0m[38;2;80;184;155m[48;2;80;184;155m▀[0m[38;2;80;184;156m[48;2;80;184;158m▀[0m[38;2;81;182;156m[48;2;81;184;156m▀[0m[38;2;80;183;155m[48;2;79;183;154m▀[0m[38;2;81;182;155m[48;2;80;183;155m▀[0m[38;2;81;184;158m[48;2;81;184;156m▀[0m[38;2;80;184;155m[48;2;80;183;155m▀[0m[38;2;79;183;154m[48;2;79;184;155m▀[0m[38;2;80;183;155m[48;2;80;184;156m▀[0m[38;2;79;183;155m[48;2;80;183;155m▀[0m[38;2;79;183;154m[48;2;80;184;155m▀[0m[38;2;80;184;156m[48;2;79;183;155m▀[0m[38;2;80;184;156m[48;2;80;183;157m▀[0m[38;2;79;183;157m[48;2;80;183;157m▀[0m[38;2;79;183;155m[48;2;80;183;155m▀[0m[38;2;80;183;155m[48;2;81;182;156m▀[0m[38;2;80;183;155m[48;2;80;183;155m▀[0m[38;2;79;183;154m[48;2;79;183;155m▀[0m[38;2;79;183;157m[48;2;79;183;155m▀[0m[38;2;82;190;161m[48;2;80;190;161m▀[0m[38;2;101;228;195m[48;2;97;219;185m▀[0m[38;2;57;156;128m[48;2;66;186;151m▀[0m[38;2;0;0;0m[48;2;0;0;0m▀[0m[38;2;0;0;0m[48;2;0;0;0m▀[0m[38;2;0;0;0m[48;2;140;0;0m▀[0m[38;2;0;0;0m[48;2;247;0;0m▀[0m[38;2;188;0;0m[48;2;171;24;8m▀[0m[38;2;158;0;0m[48;2;0;143;107m▀[0m[38;2;247;29;19m[48;2;0;90;68m▀[0m[38;2;247;34;35m[48;2;247;0;0m▀[0m[38;2;187;0;0m[48;2;247;0;0m▀[0m[38;2;79;0;0m[48;2;247;0;0m▀[0m[38;2;247;0;0m[48;2;215;0;0m▀[0m[38;2;213;222;220m[48;2;247;0;0m▀[0m[38;2;66;21;20m[48;2;247;0;0m▀[0m[38;2;247;0;0m[48;2;125;0;0m▀[0m[38;2;247;0;0m[48;2;247;0;0m▀[0m[38;2;247;0;0m[48;2;247;0;0m▀[0m[38;2;247;0;0m[48;2;247;0;0m▀[0m[38;2;247;0;0m[48;2;0;107;86m▀[0m[38;2;247;0;0m[48;2;0;101;75m▀[0m[38;2;115;0;0m[48;2;247;0;0m▀[0m[38;2;0;0;0m[48;2;60;0;0m▀[0m[38;2;0;10;8m[48;2;0;0;0m▀[0m[38;2;35;155;122m[48;2;23;97;74m▀[0m[38;2;78;188;158m[48;2;59;174;140m▀[0m[38;2;96;205;178m[48;2;97;210;179m▀[0m[38;2;83;186;158m[48;2;84;190;162m▀[0m[38;2;80;183;155m[48;2;80;184;155m▀[0m[38;2;80;184;156m[48;2;80;184;156m▀[0m[38;2;80;184;155m[48;2;80;183;155m▀[0m[38;2;80;184;156m[48;2;80;183;155m▀[0m[38;2;80;184;156m[48;2;80;184;156m▀[0m[38;2;81;184;156m[48;2;81;184;156m▀[0m[38;2;80;183;157m[48;2;80;183;155m▀[0m[38;2;80;184;156m[48;2;80;184;156m▀[0m[38;2;80;184;156m[48;2;80;183;155m▀[0m[38;2;80;183;157m[48;2;80;183;157m▀[0m[38;2;80;183;157m[48;2;80;183;155m▀[0m[38;2;80;184;156m[48;2;80;183;155m▀[0m[38;2;80;184;156m[48;2;80;183;157m▀[0m[38;2;79;183;155m[48;2;80;183;157m▀[0m[38;2;80;184;156m[48;2;80;184;156m▀[0m[38;2;79;183;157m[48;2;80;184;156m▀[0m[38;2;79;183;155m[48;2;80;183;155m▀[0m[38;2;80;183;155m[48;2;81;182;155m▀[0m[38;2;80;184;156m[48;2;80;183;157m▀[0m[38;2;80;183;155m[48;2;80;183;155m▀[0m[38;2;79;183;155m[48;2;80;183;155m▀[0m[38;2;80;183;157m[48;2;81;184;156m▀[0m[38;2;79;183;157m[48;2;81;184;158m▀[0m
[38;2;80;185;156m[48;2;79;184;155m▀[0m[38;2;80;184;155m[48;2;80;185;156m▀[0m[38;2;81;184;156m[48;2;81;184;156m▀[0m[38;2;80;184;155m[48;2;80;184;155m▀[0m[38;2;80;183;155m[48;2;79;183;155m▀[0m[38;2;80;183;155m[48;2;80;183;155m▀[0m[38;2;80;183;157m[48;2;80;183;155m▀[0m[38;2;80;184;156m[48;2;79;183;155m▀[0m[38;2;80;184;155m[48;2;80;184;155m▀[0m[38;2;80;184;155m[48;2;79;183;155m▀[0m[38;2;80;183;155m[48;2;80;183;155m▀[0m[38;2;80;183;157m[48;2;81;184;156m▀[0m[38;2;80;183;155m[48;2;81;184;156m▀[0m[38;2;81;184;156m[48;2;80;184;155m▀[0m[38;2;80;184;155m[48;2;80;184;155m▀[0m[38;2;80;184;156m[48;2;80;184;156m▀[0m[38;2;80;183;155m[48;2;80;183;155m▀[0m[38;2;79;183;155m[48;2;80;183;155m▀[0m[38;2;80;184;155m[48;2;80;184;155m▀[0m[38;2;80;184;156m[48;2;79;184;155m▀[0m[38;2;80;184;156m[48;2;80;183;155m▀[0m[38;2;80;183;157m[48;2;80;183;157m▀[0m[38;2;80;184;156m[48;2;80;184;156m▀[0m[38;2;80;184;156m[48;2;80;184;156m▀[0m[38;2;81;189;160m[48;2;79;189;158m▀[0m[38;2;96;213;180m[48;2;98;211;180m▀[0m[38;2;64;190;156m[48;2;58;173;141m▀[0m[38;2;0;12;9m[48;2;0;35;29m▀[0m[38;2;0;0;0m[48;2;0;192;159m▀[0m[38;2;247;0;0m[48;2;171;144;113m▀[0m[38;2;247;0;0m[48;2;117;34;18m▀[0m[38;2;0;138;101m[48;2;0;100;74m▀[0m[38;2;0;103;79m[48;2;0;104;89m▀[0m[38;2;0;130;106m[48;2;114;202;197m▀[0m[38;2;0;68;51m[48;2;0;106;73m▀[0m[38;2;247;0;0m[48;2;156;16;1m▀[0m[38;2;247;0;0m[48;2;247;0;0m▀[0m[38;2;247;0;0m[48;2;247;0;0m▀[0m[38;2;247;0;0m[48;2;247;0;0m▀[0m[38;2;247;0;0m[48;2;226;0;0m▀[0m[38;2;247;0;0m[48;2;166;0;0m▀[0m[38;2;189;0;0m[48;2;247;0;0m▀[0m[38;2;247;0;0m[48;2;149;0;0m▀[0m[38;2;93;0;0m[48;2;0;21;14m▀[0m[38;2;0;133;102m[48;2;0;111;80m▀[0m[38;2;0;155;136m[48;2;123;224;218m▀[0m[38;2;0;71;49m[48;2;0;107;89m▀[0m[38;2;48;112;85m[48;2;0;78;56m▀[0m[38;2;34;133;111m[48;2;99;246;207m▀[0m[38;2;0;0;0m[48;2;32;85;74m▀[0m[38;2;31;123;97m[48;2;0;8;1m▀[0m[38;2;88;205;170m[48;2;56;168;137m▀[0m[38;2;90;197;167m[48;2;95;204;177m▀[0m[38;2;82;187;157m[48;2;84;188;160m▀[0m[38;2;80;184;156m[48;2;80;184;156m▀[0m[38;2;80;184;156m[48;2;80;183;155m▀[0m[38;2;80;183;157m[48;2;80;183;154m▀[0m[38;2;80;183;155m[48;2;79;184;155m▀[0m[38;2;80;184;155m[48;2;80;183;155m▀[0m[38;2;80;183;157m[48;2;80;183;155m▀[0m[38;2;80;184;156m[48;2;80;183;155m▀[0m[38;2;80;183;157m[48;2;80;183;155m▀[0m[38;2;80;184;156m[48;2;81;184;156m▀[0m[38;2;80;183;155m[48;2;80;183;155m▀[0m[38;2;80;183;155m[48;2;80;183;155m▀[0m[38;2;80;183;157m[48;2;79;183;155m▀[0m[38;2;81;182;156m[48;2;80;184;156m▀[0m[38;2;81;184;156m[48;2;80;183;155m▀[0m[38;2;80;184;155m[48;2;80;183;155m▀[0m[38;2;80;183;157m[48;2;80;183;155m▀[0m[38;2;81;182;155m[48;2;81;184;155m▀[0m[38;2;80;184;155m[48;2;80;183;154m▀[0m[38;2;80;184;156m[48;2;81;184;156m▀[0m[38;2;81;184;156m[48;2;80;184;155m▀[0m[38;2;81;185;156m[48;2;80;185;155m▀[0m[38;2;80;185;156m[48;2;80;186;156m▀[0m
[38;2;80;184;156m[48;2;80;184;155m▀[0m[38;2;80;184;156m[48;2;80;184;155m▀[0m[38;2;81;184;156m[48;2;80;184;155m▀[0m[38;2;80;184;156m[48;2;80;184;156m▀[0m[38;2;79;183;155m[48;2;80;183;157m▀[0m[38;2;80;183;155m[48;2;81;184;156m▀[0m[38;2;80;183;155m[48;2;80;183;155m▀[0m[38;2;79;183;155m[48;2;79;182;154m▀[0m[38;2;79;183;154m[48;2;80;183;155m▀[0m[38;2;80;183;155m[48;2;80;183;157m▀[0m[38;2;80;183;154m[48;2;81;182;156m▀[0m[38;2;81;184;156m[48;2;80;183;155m▀[0m[38;2;81;184;155m[48;2;80;184;155m▀[0m[38;2;80;184;155m[48;2;80;184;155m▀[0m[38;2;80;184;158m[48;2;80;184;158m▀[0m[38;2;80;184;156m[48;2;80;184;156m▀[0m[38;2;80;183;155m[48;2;80;183;155m▀[0m[38;2;81;184;156m[48;2;80;183;155m▀[0m[38;2;80;184;155m[48;2;80;184;156m▀[0m[38;2;80;184;156m[48;2;79;183;154m▀[0m[38;2;80;183;155m[48;2;80;183;154m▀[0m[38;2;79;183;155m[48;2;80;183;155m▀[0m[38;2;80;184;156m[48;2;80;183;155m▀[0m[38;2;80;184;155m[48;2;79;184;155m▀[0m[38;2;83;189;160m[48;2;85;194;164m▀[0m[38;2;100;210;182m[48;2;95;210;180m▀[0m[38;2;48;147;120m[48;2;27;114;91m▀[0m[38;2;1;44;35m[48;2;11;48;37m▀[0m[38;2;58;247;213m[48;2;77;247;218m▀[0m[38;2;170;136;106m[48;2;174;118;93m▀[0m[38;2;69;67;41m[48;2;69;77;47m▀[0m[38;2;0;75;50m[48;2;0;68;40m▀[0m[38;2;48;137;124m[48;2;161;198;191m▀[0m[38;2;229;247;247m[48;2;247;247;247m▀[0m[38;2;0;86;55m[48;2;0;75;51m▀[0m[38;2;0;93;60m[48;2;0;112;77m▀[0m[38;2;247;0;0m[48;2;160;9;0m▀[0m[38;2;247;0;0m[48;2;247;0;0m▀[0m[38;2;247;0;0m[48;2;247;0;0m▀[0m[38;2;103;0;0m[48;2;106;0;0m▀[0m[38;2;0;6;4m[48;2;23;0;0m▀[0m[38;2;247;0;0m[48;2;247;0;0m▀[0m[38;2;247;0;0m[48;2;247;0;0m▀[0m[38;2;247;0;0m[48;2;247;0;0m▀[0m[38;2;0;74;44m[48;2;0;69;39m▀[0m[38;2;247;247;247m[48;2;43;174;161m▀[0m[38;2;225;243;246m[48;2;220;239;240m▀[0m[38;2;0;19;0m[48;2;0;32;16m▀[0m[38;2;61;174;147m[48;2;29;127;104m▀[0m[38;2;118;247;219m[48;2;119;246;206m▀[0m[38;2;0;0;0m[48;2;0;11;1m▀[0m[38;2;26;97;74m[48;2;21;84;62m▀[0m[38;2;94;209;176m[48;2;95;215;181m▀[0m[38;2;87;191;162m[48;2;83;187;159m▀[0m[38;2;80;184;159m[48;2;80;183;155m▀[0m[38;2;80;184;156m[48;2;80;184;155m▀[0m[38;2;80;184;154m[48;2;80;184;156m▀[0m[38;2;79;184;155m[48;2;80;183;155m▀[0m[38;2;80;183;155m[48;2;79;183;155m▀[0m[38;2;79;183;155m[48;2;79;183;154m▀[0m[38;2;80;183;155m[48;2;79;183;155m▀[0m[38;2;80;183;155m[48;2;80;184;156m▀[0m[38;2;80;184;156m[48;2;80;184;155m▀[0m[38;2;80;184;156m[48;2;80;184;156m▀[0m[38;2;80;183;157m[48;2;80;184;156m▀[0m[38;2;80;183;155m[48;2;80;183;155m▀[0m[38;2;80;184;156m[48;2;80;183;155m▀[0m[38;2;80;183;157m[48;2;81;184;156m▀[0m[38;2;81;182;156m[48;2;80;184;155m▀[0m[38;2;80;183;155m[48;2;80;183;155m▀[0m[38;2;80;184;155m[48;2;80;183;155m▀[0m[38;2;80;184;156m[48;2;80;183;155m▀[0m[38;2;80;184;155m[48;2;80;183;155m▀[0m[38;2;80;184;156m[48;2;80;183;155m▀[0m[38;2;80;184;156m[48;2;80;185;156m▀[0m[38;2;80;185;156m[48;2;80;186;157m▀[0m
[38;2;80;184;155m[48;2;80;184;156m▀[0m[38;2;80;183;155m[48;2;80;184;156m▀[0m[38;2;80;184;156m[48;2;80;184;156m▀[0m[38;2;80;184;156m[48;2;81;184;158m▀[0m[38;2;80;184;156m[48;2;81;184;156m▀[0m[38;2;81;184;156m[48;2;81;184;156m▀[0m[38;2;80;183;155m[48;2;80;184;155m▀[0m[38;2;80;183;155m[48;2;79;183;155m▀[0m[38;2;80;183;157m[48;2;80;184;156m▀[0m[38;2;81;184;156m[48;2;81;184;156m▀[0m[38;2;80;183;157m[48;2;80;183;155m▀[0m[38;2;81;182;156m[48;2;80;183;157m▀[0m[38;2;80;184;156m[48;2;81;184;156m▀[0m[38;2;80;183;157m[48;2;80;183;154m▀[0m[38;2;80;184;156m[48;2;80;184;156m▀[0m[38;2;80;183;155m[48;2;80;184;156m▀[0m[38;2;81;184;156m[48;2;81;182;156m▀[0m[38;2;81;184;156m[48;2;80;184;156m▀[0m[38;2;81;184;156m[48;2;81;184;156m▀[0m[38;2;80;183;155m[48;2;80;184;155m▀[0m[38;2;80;181;154m[48;2;80;184;155m▀[0m[38;2;80;183;157m[48;2;80;184;156m▀[0m[38;2;80;184;155m[48;2;80;184;156m▀[0m[38;2;79;184;156m[48;2;79;183;155m▀[0m[38;2;88;197;169m[48;2;92;201;173m▀[0m[38;2;85;201;168m[48;2;69;177;146m▀[0m[38;2;18;95;74m[48;2;19;106;80m▀[0m[38;2;5;44;34m[48;2;0;16;8m▀[0m[38;2;101;244;206m[48;2;65;230;194m▀[0m[38;2;73;224;187m[48;2;157;176;143m▀[0m[38;2;0;130;97m[48;2;77;75;52m▀[0m[38;2;0;79;57m[48;2;0;117;87m▀[0m[38;2;44;125;108m[48;2;0;82;59m▀[0m[38;2;226;245;246m[48;2;38;125;106m▀[0m[38;2;0;64;36m[48;2;0;82;56m▀[0m[38;2;0;120;89m[48;2;0;122;91m▀[0m[38;2;40;52;37m[48;2;0;75;55m▀[0m[38;2;247;3;5m[48;2;247;0;0m▀[0m[38;2;247;0;0m[48;2;247;0;0m▀[0m[38;2;212;0;0m[48;2;247;0;0m▀[0m[38;2;22;0;0m[48;2;0;0;0m▀[0m[38;2;247;131;134m[48;2;197;0;0m▀[0m[38;2;247;207;204m[48;2;247;82;89m▀[0m[38;2;247;0;0m[48;2;247;0;0m▀[0m[38;2;0;102;74m[48;2;0;118;90m▀[0m[38;2;0;101;73m[48;2;0;120;94m▀[0m[38;2;9;114;94m[48;2;0;109;91m▀[0m[38;2;0;69;45m[48;2;0;75;53m▀[0m[38;2;12;101;81m[48;2;30;106;94m▀[0m[38;2;108;225;188m[48;2;123;218;195m▀[0m[38;2;0;3;0m[48;2;0;74;58m▀[0m[38;2;47;133;109m[48;2;73;184;156m▀[0m[38;2;98;214;184m[48;2;90;200;170m▀[0m[38;2;82;186;158m[48;2;79;185;158m▀[0m[38;2;80;184;155m[48;2;80;184;156m▀[0m[38;2;80;184;155m[48;2;80;184;156m▀[0m[38;2;80;183;155m[48;2;80;183;157m▀[0m[38;2;80;183;157m[48;2;80;183;157m▀[0m[38;2;80;183;155m[48;2;80;183;155m▀[0m[38;2;80;183;157m[48;2;81;182;156m▀[0m[38;2;80;184;156m[48;2;81;184;156m▀[0m[38;2;80;183;157m[48;2;80;184;155m▀[0m[38;2;80;183;155m[48;2;80;184;156m▀[0m[38;2;81;184;156m[48;2;80;184;156m▀[0m[38;2;80;183;155m[48;2;80;183;155m▀[0m[38;2;80;183;157m[48;2;81;182;156m▀[0m[38;2;80;184;156m[48;2;81;184;156m▀[0m[38;2;80;184;156m[48;2;80;184;156m▀[0m[38;2;80;184;156m[48;2;80;184;156m▀[0m[38;2;80;183;155m[48;2;80;184;156m▀[0m[38;2;80;184;155m[48;2;80;185;156m▀[0m[38;2;81;184;156m[48;2;80;184;155m▀[0m[38;2;80;184;156m[48;2;80;183;155m▀[0m[38;2;80;184;155m[48;2;81;184;156m▀[0m[38;2;80;184;155m[48;2;81;184;156m▀[0m[38;2;80;185;157m[48;2;81;185;159m▀[0m
[38;2;80;184;156m[48;2;80;183;155m▀[0m[38;2;80;184;156m[48;2;80;183;155m▀[0m[38;2;79;183;155m[48;2;81;184;155m▀[0m[38;2;80;183;155m[48;2;80;183;155m▀[0m[38;2;81;184;155m[48;2;80;183;154m▀[0m[38;2;80;184;156m[48;2;80;184;156m▀[0m[38;2;81;184;156m[48;2;81;184;156m▀[0m[38;2;81;184;156m[48;2;80;184;155m▀[0m[38;2;80;184;156m[48;2;80;184;156m▀[0m[38;2;80;183;157m[48;2;80;184;156m▀[0m[38;2;80;183;157m[48;2;80;184;156m▀[0m[38;2;80;184;156m[48;2;80;184;156m▀[0m[38;2;81;184;156m[48;2;80;184;156m▀[0m[38;2;80;184;155m[48;2;80;184;156m▀[0m[38;2;79;183;155m[48;2;80;184;156m▀[0m[38;2;80;184;155m[48;2;80;184;155m▀[0m[38;2;79;183;154m[48;2;79;184;155m▀[0m[38;2;80;183;155m[48;2;80;184;156m▀[0m[38;2;80;183;155m[48;2;80;183;155m▀[0m[38;2;80;184;156m[48;2;80;183;155m▀[0m[38;2;80;184;156m[48;2;80;183;154m▀[0m[38;2;80;183;155m[48;2;80;183;155m▀[0m[38;2;80;184;155m[48;2;80;183;155m▀[0m[38;2;80;183;155m[48;2;80;183;155m▀[0m[38;2;92;200;169m[48;2;85;187;162m▀[0m[38;2;64;162;135m[48;2;90;200;169m▀[0m[38;2;24;118;89m[48;2;58;159;127m▀[0m[38;2;0;1;0m[48;2;0;56;38m▀[0m[38;2;0;150;126m[48;2;0;33;25m▀[0m[38;2;247;77;68m[48;2;121;221;187m▀[0m[38;2;247;0;0m[48;2;107;168;140m▀[0m[38;2;0;147;107m[48;2;13;135;109m▀[0m[38;2;0;86;64m[48;2;0;86;62m▀[0m[38;2;73;145;129m[48;2;95;163;152m▀[0m[38;2;0;93;70m[48;2;64;143;129m▀[0m[38;2;0;127;94m[48;2;0;118;88m▀[0m[38;2;0;66;53m[48;2;0;73;61m▀[0m[38;2;247;0;0m[48;2;228;0;0m▀[0m[38;2;247;17;14m[48;2;247;17;17m▀[0m[38;2;247;100;104m[48;2;247;97;99m▀[0m[38;2;51;30;3m[48;2;224;0;0m▀[0m[38;2;151;0;0m[48;2;144;0;0m▀[0m[38;2;247;0;0m[48;2;247;0;0m▀[0m[38;2;247;0;0m[48;2;247;0;0m▀[0m[38;2;0;125;97m[48;2;0;117;91m▀[0m[38;2;0;123;95m[48;2;0;150;120m▀[0m[38;2;20;117;98m[48;2;21;124;104m▀[0m[38;2;0;78;60m[48;2;0;80;59m▀[0m[38;2;36;110;95m[48;2;37;105;94m▀[0m[38;2;138;207;194m[48;2;149;211;197m▀[0m[38;2;62;191;155m[48;2;74;200;164m▀[0m[38;2;84;194;166m[48;2;78;188;161m▀[0m[38;2;83;188;160m[48;2;80;184;156m▀[0m[38;2;80;184;156m[48;2;80;184;156m▀[0m[38;2;80;183;155m[48;2;81;182;155m▀[0m[38;2;80;184;156m[48;2;80;183;155m▀[0m[38;2;80;184;156m[48;2;80;184;155m▀[0m[38;2;81;184;158m[48;2;80;184;156m▀[0m[38;2;80;183;155m[48;2;80;184;156m▀[0m[38;2;80;183;157m[48;2;80;184;155m▀[0m[38;2;81;184;156m[48;2;79;183;151m▀[0m[38;2;80;185;156m[48;2;75;184;155m▀[0m[38;2;80;183;155m[48;2;79;183;157m▀[0m[38;2;80;184;155m[48;2;79;183;155m▀[0m[38;2;80;183;155m[48;2;79;183;155m▀[0m[38;2;80;183;155m[48;2;80;184;155m▀[0m[38;2;80;184;156m[48;2;80;183;155m▀[0m[38;2;80;184;156m[48;2;80;184;155m▀[0m[38;2;80;184;156m[48;2;80;184;155m▀[0m[38;2;80;184;156m[48;2;79;183;155m▀[0m[38;2;81;186;157m[48;2;80;184;156m▀[0m[38;2;80;185;156m[48;2;80;185;156m▀[0m[38;2;80;183;155m[48;2;81;184;156m▀[0m[38;2;81;184;156m[48;2;81;184;156m▀[0m[38;2;80;185;157m[48;2;79;189;155m▀[0m[38;2;80;186;157m[48;2;78;187;158m▀[0m
[38;2;80;183;155m[48;2;80;183;155m▀[0m[38;2;81;184;156m[48;2;80;183;155m▀[0m[38;2;81;182;155m[48;2;80;183;157m▀[0m[38;2;81;182;155m[48;2;80;184;156m▀[0m[38;2;80;184;155m[48;2;80;185;156m▀[0m[38;2;79;183;154m[48;2;80;184;155m▀[0m[38;2;81;184;156m[48;2;81;184;156m▀[0m[38;2;81;184;156m[48;2;81;185;157m▀[0m[38;2;80;184;156m[48;2;80;184;156m▀[0m[38;2;80;184;156m[48;2;80;184;156m▀[0m[38;2;81;184;156m[48;2;81;184;156m▀[0m[38;2;80;184;156m[48;2;80;184;156m▀[0m[38;2;80;184;156m[48;2;81;184;156m▀[0m[38;2;80;184;156m[48;2;82;183;156m▀[0m[38;2;80;184;156m[48;2;81;184;156m▀[0m[38;2;80;184;156m[48;2;81;184;156m▀[0m[38;2;80;184;156m[48;2;80;184;155m▀[0m[38;2;80;184;156m[48;2;80;184;156m▀[0m[38;2;80;184;158m[48;2;81;184;158m▀[0m[38;2;80;183;155m[48;2;80;183;155m▀[0m[38;2;80;181;154m[48;2;79;183;154m▀[0m[38;2;80;183;155m[48;2;80;183;155m▀[0m[38;2;80;183;155m[48;2;81;184;155m▀[0m[38;2;79;183;155m[48;2;80;183;155m▀[0m[38;2;79;185;158m[48;2;79;183;155m▀[0m[38;2;86;194;163m[48;2;83;188;158m▀[0m[38;2;94;208;175m[48;2;87;193;162m▀[0m[38;2;42;140;110m[48;2;83;193;162m▀[0m[38;2;2;87;64m[48;2;64;170;140m▀[0m[38;2;76;223;188m[48;2;86;201;171m▀[0m[38;2;74;220;187m[48;2;94;203;175m▀[0m[38;2;42;143;116m[48;2;55;163;133m▀[0m[38;2;0;98;72m[48;2;14;113;83m▀[0m[38;2;14;110;87m[48;2;2;101;77m▀[0m[38;2;12;110;88m[48;2;46;139;118m▀[0m[38;2;0;129;99m[48;2;0;127;100m▀[0m[38;2;0;93;74m[48;2;0;120;95m▀[0m[38;2;155;0;0m[48;2;76;0;0m▀[0m[38;2;247;0;0m[48;2;247;0;0m▀[0m[38;2;247;0;0m[48;2;247;0;0m▀[0m[38;2;247;0;0m[48;2;231;0;0m▀[0m[38;2;182;0;0m[48;2;177;0;0m▀[0m[38;2;247;0;0m[48;2;247;0;0m▀[0m[38;2;247;0;0m[48;2;247;0;0m▀[0m[38;2;74;85;63m[48;2;159;46;36m▀[0m[38;2;0;150;115m[48;2;0;159;120m▀[0m[38;2;0;107;83m[48;2;0;103;79m▀[0m[38;2;0;90;63m[48;2;0;99;71m▀[0m[38;2;53;118;103m[48;2;80;136;125m▀[0m[38;2;163;223;209m[48;2;157;225;209m▀[0m[38;2;68;189;155m[48;2;65;181;153m▀[0m[38;2;80;184;156m[48;2;82;183;156m▀[0m[38;2;80;183;157m[48;2;80;184;155m▀[0m[38;2;80;183;154m[48;2;80;184;155m▀[0m[38;2;81;184;156m[48;2;80;183;154m▀[0m[38;2;80;184;155m[48;2;80;184;155m▀[0m[38;2;80;184;155m[48;2;80;184;155m▀[0m[38;2;80;183;155m[48;2;80;183;155m▀[0m[38;2;81;184;155m[48;2;79;180;157m▀[0m[38;2;75;183;152m[48;2;64;176;145m▀[0m[38;2;85;186;160m[48;2;128;209;193m▀[0m[38;2;88;186;162m[48;2;84;187;159m▀[0m[38;2;73;182;155m[48;2;75;180;150m▀[0m[38;2;80;183;155m[48;2;80;183;155m▀[0m[38;2;80;183;157m[48;2;80;183;155m▀[0m[38;2;80;184;156m[48;2;81;184;156m▀[0m[38;2;80;183;155m[48;2;80;184;156m▀[0m[38;2;80;184;156m[48;2;80;184;156m▀[0m[38;2;79;183;155m[48;2;80;183;155m▀[0m[38;2;79;183;155m[48;2;80;183;155m▀[0m[38;2;80;184;156m[48;2;80;183;157m▀[0m[38;2;80;184;156m[48;2;81;184;156m▀[0m[38;2;80;185;156m[48;2;81;185;156m▀[0m[38;2;80;184;159m[48;2;81;190;160m▀[0m[38;2;86;194;163m[48;2;92;200;170m▀[0m[38;2;72;171;147m[48;2;48;140;115m▀[0m
[38;2;80;183;155m[48;2;81;184;156m▀[0m[38;2;80;183;155m[48;2;80;183;155m▀[0m[38;2;79;183;155m[48;2;80;183;157m▀[0m[38;2;80;184;155m[48;2;80;183;155m▀[0m[38;2;80;185;156m[48;2;80;184;156m▀[0m[38;2;81;185;156m[48;2;81;184;156m▀[0m[38;2;80;183;157m[48;2;80;183;157m▀[0m[38;2;81;184;158m[48;2;81;182;156m▀[0m[38;2;81;184;156m[48;2;81;182;156m▀[0m[38;2;80;184;156m[48;2;81;184;156m▀[0m[38;2;80;184;156m[48;2;80;184;155m▀[0m[38;2;81;184;158m[48;2;81;182;156m▀[0m[38;2;81;184;156m[48;2;81;184;156m▀[0m[38;2;81;184;156m[48;2;80;183;157m▀[0m[38;2;80;184;155m[48;2;80;183;155m▀[0m[38;2;80;184;155m[48;2;81;184;156m▀[0m[38;2;80;184;156m[48;2;80;184;156m▀[0m[38;2;81;184;156m[48;2;79;184;154m▀[0m[38;2;68;178;148m[48;2;119;199;182m▀[0m[38;2;77;183;156m[48;2;67;177;149m▀[0m[38;2;79;183;155m[48;2;74;183;151m▀[0m[38;2;80;183;157m[48;2;80;183;155m▀[0m[38;2;80;184;155m[48;2;80;183;155m▀[0m[38;2;79;183;155m[48;2;79;183;155m▀[0m[38;2;80;183;157m[48;2;79;183;155m▀[0m[38;2;80;184;156m[48;2;80;183;155m▀[0m[38;2;82;185;157m[48;2;80;183;155m▀[0m[38;2;83;189;159m[48;2;80;183;155m▀[0m[38;2;85;193;165m[48;2;80;183;155m▀[0m[38;2;83;192;161m[48;2;84;187;158m▀[0m[38;2;93;202;171m[48;2;84;190;161m▀[0m[38;2;76;186;155m[48;2;98;206;175m▀[0m[38;2;27;126;96m[48;2;46;149;119m▀[0m[38;2;14;111;83m[48;2;21;114;87m▀[0m[38;2;11;114;86m[48;2;20;118;91m▀[0m[38;2;4;123;95m[48;2;7;123;97m▀[0m[38;2;0;139;112m[48;2;0;143;117m▀[0m[38;2;7;0;0m[48;2;0;5;7m▀[0m[38;2;247;0;0m[48;2;247;0;0m▀[0m[38;2;247;0;0m[48;2;247;0;0m▀[0m[38;2;211;0;0m[48;2;151;0;0m▀[0m[38;2;190;0;0m[48;2;193;0;0m▀[0m[38;2;247;0;0m[48;2;247;0;0m▀[0m[38;2;247;0;0m[48;2;247;0;0m▀[0m[38;2;170;40;32m[48;2;92;51;36m▀[0m[38;2;0;171;135m[48;2;0;180;143m▀[0m[38;2;16;121;97m[48;2;21;135;102m▀[0m[38;2;0;103;73m[48;2;10;108;80m▀[0m[38;2;109;158;146m[48;2;113;187;169m▀[0m[38;2;122;218;191m[48;2;85;204;170m▀[0m[38;2;70;180;153m[48;2;79;183;155m▀[0m[38;2;81;184;158m[48;2;80;184;156m▀[0m[38;2;80;184;156m[48;2;80;184;156m▀[0m[38;2;80;183;155m[48;2;80;184;156m▀[0m[38;2;80;183;155m[48;2;80;184;155m▀[0m[38;2;80;183;155m[48;2;75;184;157m▀[0m[38;2;75;184;155m[48;2;72;181;152m▀[0m[38;2;73;182;153m[48;2;53;170;136m▀[0m[38;2;67;178;146m[48;2;15;157;114m▀[0m[38;2;94;190;170m[48;2;169;220;209m▀[0m[38;2;118;202;187m[48;2;111;197;173m▀[0m[38;2;63;175;141m[48;2;55;172;135m▀[0m[38;2;80;183;151m[48;2;78;184;151m▀[0m[38;2;80;183;155m[48;2;80;184;155m▀[0m[38;2;81;184;156m[48;2;80;184;156m▀[0m[38;2;80;183;154m[48;2;80;183;155m▀[0m[38;2;80;183;154m[48;2;80;183;155m▀[0m[38;2;80;183;155m[48;2;80;184;156m▀[0m[38;2;80;183;157m[48;2;80;183;157m▀[0m[38;2;80;183;155m[48;2;79;183;154m▀[0m[38;2;80;184;156m[48;2;80;184;156m▀[0m[38;2;80;184;156m[48;2;80;184;156m▀[0m[38;2;80;184;156m[48;2;82;187;159m▀[0m[38;2;86;193;166m[48;2;93;205;178m▀[0m[38;2;89;197;170m[48;2;71;172;143m▀[0m[38;2;28;110;84m[48;2;19;97;71m▀[0m
[38;2;80;183;157m[48;2;79;183;157m▀[0m[38;2;80;183;155m[48;2;80;183;157m▀[0m[38;2;80;184;156m[48;2;80;183;155m▀[0m[38;2;80;184;156m[48;2;80;183;157m▀[0m[38;2;82;183;157m[48;2;81;184;156m▀[0m[38;2;81;182;156m[48;2;80;183;155m▀[0m[38;2;81;184;156m[48;2;81;184;156m▀[0m[38;2;81;184;158m[48;2;81;184;158m▀[0m[38;2;81;184;158m[48;2;81;184;158m▀[0m[38;2;81;184;156m[48;2;81;182;156m▀[0m[38;2;80;184;156m[48;2;81;184;156m▀[0m[38;2;81;182;155m[48;2;81;184;156m▀[0m[38;2;81;184;156m[48;2;81;184;156m▀[0m[38;2;81;182;156m[48;2;81;184;156m▀[0m[38;2;81;184;156m[48;2;81;184;156m▀[0m[38;2;81;184;156m[48;2;80;184;156m▀[0m[38;2;77;185;158m[48;2;81;185;157m▀[0m[38;2;77;182;156m[48;2;69;180;149m▀[0m[38;2;150;213;201m[48;2;72;183;152m▀[0m[38;2;100;190;170m[48;2;110;200;180m▀[0m[38;2;58;175;140m[48;2;43;169;135m▀[0m[38;2;70;179;148m[48;2;37;164;129m▀[0m[38;2;76;181;152m[48;2;63;175;138m▀[0m[38;2;80;183;155m[48;2;73;178;149m▀[0m[38;2;79;182;154m[48;2;74;183;153m▀[0m[38;2;80;183;155m[48;2;80;183;155m▀[0m[38;2;80;183;155m[48;2;79;182;154m▀[0m[38;2;80;184;155m[48;2;80;184;156m▀[0m[38;2;81;184;156m[48;2;81;184;156m▀[0m[38;2;80;184;156m[48;2;80;184;156m▀[0m[38;2;79;185;158m[48;2;80;184;156m▀[0m[38;2;94;201;171m[48;2;79;188;158m▀[0m[38;2;89;178;156m[48;2;110;203;181m▀[0m[38;2;20;123;94m[48;2;54;139;118m▀[0m[38;2;25;124;96m[48;2;14;123;88m▀[0m[38;2;14;129;98m[48;2;23;135;101m▀[0m[38;2;0;139;112m[48;2;0;144;111m▀[0m[38;2;43;0;0m[48;2;151;0;0m▀[0m[38;2;75;0;0m[48;2;190;0;0m▀[0m[38;2;247;0;0m[48;2;247;0;0m▀[0m[38;2;162;0;0m[48;2;247;0;0m▀[0m[38;2;187;0;0m[48;2;247;0;0m▀[0m[38;2;247;0;0m[48;2;247;0;0m▀[0m[38;2;247;0;0m[48;2;204;0;0m▀[0m[38;2;0;64;49m[48;2;0;84;67m▀[0m[38;2;0;186;146m[48;2;16;173;138m▀[0m[38;2;19;132;105m[48;2;19;128;100m▀[0m[38;2;29;122;96m[48;2;57;146;127m▀[0m[38;2;107;202;180m[48;2;98;206;180m▀[0m[38;2;75;191;161m[48;2;81;189;159m▀[0m[38;2;80;184;156m[48;2;80;183;157m▀[0m[38;2;80;184;156m[48;2;80;184;156m▀[0m[38;2;80;184;156m[48;2;79;183;155m▀[0m[38;2;81;184;156m[48;2;79;183;155m▀[0m[38;2;75;181;154m[48;2;72;181;152m▀[0m[38;2;73;179;152m[48;2;48;168;139m▀[0m[38;2;37;166;132m[48;2;62;179;148m▀[0m[38;2;80;184;156m[48;2;247;247;247m▀[0m[38;2;161;216;203m[48;2;247;247;247m▀[0m[38;2;179;220;209m[48;2;247;247;247m▀[0m[38;2;37;167;127m[48;2;37;168;133m▀[0m[38;2;66;179;146m[48;2;66;177;147m▀[0m[38;2;78;183;155m[48;2;78;183;157m▀[0m[38;2;80;184;155m[48;2;80;184;155m▀[0m[38;2;80;184;156m[48;2;80;184;156m▀[0m[38;2;80;184;155m[48;2;80;184;155m▀[0m[38;2;80;183;155m[48;2;81;184;156m▀[0m[38;2;80;184;156m[48;2;81;182;155m▀[0m[38;2;80;184;156m[48;2;81;184;156m▀[0m[38;2;80;183;155m[48;2;80;183;155m▀[0m[38;2;80;184;156m[48;2;80;184;156m▀[0m[38;2;81;184;156m[48;2;84;187;161m▀[0m[38;2;85;191;163m[48;2;95;198;173m▀[0m[38;2;95;207;181m[48;2;78;182;157m▀[0m[38;2;44;133;105m[48;2;25;106;79m▀[0m[38;2;24;103;77m[48;2;33;116;91m▀[0m
[38;2;84;192;164m[48;2;76;182;152m▀[0m[38;2;82;185;159m[48;2;93;198;171m▀[0m[38;2;81;183;160m[48;2;83;187;158m▀[0m[38;2;81;182;156m[48;2;84;182;156m▀[0m[38;2;81;182;155m[48;2;80;184;156m▀[0m[38;2;80;184;156m[48;2;80;184;156m▀[0m[38;2;81;184;158m[48;2;81;184;156m▀[0m[38;2;82;185;157m[48;2;81;184;158m▀[0m[38;2;81;184;158m[48;2;81;185;157m▀[0m[38;2;81;184;156m[48;2;80;183;157m▀[0m[38;2;81;182;156m[48;2;81;182;156m▀[0m[38;2;80;183;157m[48;2;80;183;155m▀[0m[38;2;80;183;155m[48;2;80;183;155m▀[0m[38;2;80;184;155m[48;2;80;183;155m▀[0m[38;2;80;183;155m[48;2;80;183;155m▀[0m[38;2;80;183;157m[48;2;81;182;156m▀[0m[38;2;80;184;155m[48;2;80;183;155m▀[0m[38;2;80;185;155m[48;2;76;180;151m▀[0m[38;2;40;167;131m[48;2;49;169;135m▀[0m[38;2;159;216;207m[48;2;117;204;184m▀[0m[38;2;247;247;247m[48;2;247;247;247m▀[0m[38;2;134;208;190m[48;2;247;247;247m▀[0m[38;2;11;161;121m[48;2;243;247;247m▀[0m[38;2;46;167;136m[48;2;70;181;155m▀[0m[38;2;73;179;150m[48;2;43;165;136m▀[0m[38;2;76;184;153m[48;2;75;180;154m▀[0m[38;2;80;183;154m[48;2;75;183;154m▀[0m[38;2;80;183;155m[48;2;79;183;154m▀[0m[38;2;80;184;155m[48;2;81;184;156m▀[0m[38;2;80;183;155m[48;2;80;184;155m▀[0m[38;2;80;183;157m[48;2;80;184;155m▀[0m[38;2;80;183;155m[48;2;80;184;156m▀[0m[38;2;87;196;168m[48;2;75;180;151m▀[0m[38;2;128;195;184m[48;2;119;217;194m▀[0m[38;2;25;124;96m[48;2;90;163;153m▀[0m[38;2;24;136;105m[48;2;10;123;90m▀[0m[38;2;0;157;121m[48;2;19;149;114m▀[0m[38;2;44;55;46m[48;2;0;150;115m▀[0m[38;2;65;0;0m[48;2;0;6;6m▀[0m[38;2;247;0;0m[48;2;178;0;0m▀[0m[38;2;247;0;0m[48;2;247;0;0m▀[0m[38;2;247;0;0m[48;2;247;0;0m▀[0m[38;2;0;0;0m[48;2;0;0;0m▀[0m[38;2;0;0;0m[48;2;226;49;4m▀[0m[38;2;0;150;115m[48;2;0;185;144m▀[0m[38;2;18;160;126m[48;2;29;139;111m▀[0m[38;2;17;120;94m[48;2;15;109;80m▀[0m[38;2;53;142;122m[48;2;64;162;135m▀[0m[38;2;91;201;174m[48;2;84;196;169m▀[0m[38;2;83;185;161m[48;2;82;185;155m▀[0m[38;2;80;183;155m[48;2;80;183;155m▀[0m[38;2;80;184;156m[48;2;80;184;156m▀[0m[38;2;80;184;156m[48;2;80;184;156m▀[0m[38;2;78;184;157m[48;2;76;184;157m▀[0m[38;2;71;180;151m[48;2;65;176;149m▀[0m[38;2;28;162;129m[48;2;25;166;129m▀[0m[38;2;231;245;243m[48;2;247;247;247m▀[0m[38;2;247;247;247m[48;2;247;247;247m▀[0m[38;2;247;247;247m[48;2;247;247;247m▀[0m[38;2;247;247;247m[48;2;226;241;241m▀[0m[38;2;41;166;136m[48;2;27;161;127m▀[0m[38;2;64;175;145m[48;2;72;178;149m▀[0m[38;2;78;184;157m[48;2;80;184;156m▀[0m[38;2;80;184;156m[48;2;80;184;156m▀[0m[38;2;80;183;157m[48;2;80;184;156m▀[0m[38;2;80;184;156m[48;2;80;184;156m▀[0m[38;2;81;184;156m[48;2;81;184;156m▀[0m[38;2;80;184;156m[48;2;80;184;156m▀[0m[38;2;80;184;156m[48;2;80;184;156m▀[0m[38;2;80;184;155m[48;2;80;185;156m▀[0m[38;2;79;187;156m[48;2;80;189;159m▀[0m[38;2;86;191;161m[48;2;94;206;176m▀[0m[38;2;98;206;181m[48;2;72;175;147m▀[0m[38;2;46;135;107m[48;2;22;104;75m▀[0m[38;2;29;108;81m[48;2;34;121;94m▀[0m[38;2;36;123;98m[48;2;36;124;97m▀[0m
[38;2;26;111;84m[48;2;22;99;73m▀[0m[38;2;84;196;169m[48;2;36;126;97m▀[0m[38;2;91;198;171m[48;2;93;203;176m▀[0m[38;2;82;185;156m[48;2;90;198;168m▀[0m[38;2;80;184;156m[48;2;81;187;160m▀[0m[38;2;81;184;155m[48;2;79;187;156m▀[0m[38;2;81;184;156m[48;2;80;184;156m▀[0m[38;2;81;184;158m[48;2;81;184;156m▀[0m[38;2;81;184;158m[48;2;81;185;156m▀[0m[38;2;80;183;155m[48;2;81;184;156m▀[0m[38;2;80;183;155m[48;2;81;184;158m▀[0m[38;2;80;183;155m[48;2;80;184;156m▀[0m[38;2;80;183;155m[48;2;80;183;155m▀[0m[38;2;80;183;155m[48;2;81;182;155m▀[0m[38;2;81;182;156m[48;2;81;182;156m▀[0m[38;2;80;184;156m[48;2;82;183;157m▀[0m[38;2;80;183;155m[48;2;80;183;157m▀[0m[38;2;76;181;155m[48;2;78;184;153m▀[0m[38;2;53;170;139m[48;2;64;177;147m▀[0m[38;2;56;177;145m[48;2;32;165;131m▀[0m[38;2;247;247;247m[48;2;247;247;247m▀[0m[38;2;247;247;247m[48;2;247;247;247m▀[0m[38;2;247;247;247m[48;2;247;247;247m▀[0m[38;2;247;247;247m[48;2;247;247;247m▀[0m[38;2;40;167;137m[48;2;71;182;155m▀[0m[38;2;64;177;147m[48;2;38;163;132m▀[0m[38;2;75;184;157m[48;2;77;182;156m▀[0m[38;2;79;183;155m[48;2;80;183;155m▀[0m[38;2;80;184;155m[48;2;80;183;157m▀[0m[38;2;80;184;155m[48;2;80;183;155m▀[0m[38;2;80;183;155m[48;2;80;183;155m▀[0m[38;2;79;183;155m[48;2;80;184;156m▀[0m[38;2;79;183;154m[48;2;79;184;155m▀[0m[38;2;83;194;162m[48;2;82;187;157m▀[0m[38;2;118;197;186m[48;2;91;203;170m▀[0m[38;2;19;120;88m[48;2;50;162;129m▀[0m[38;2;28;140;106m[48;2;22;130;97m▀[0m[38;2;11;160;124m[48;2;25;152;118m▀[0m[38;2;0;157;116m[48;2;0;212;165m▀[0m[38;2;90;0;0m[48;2;52;47;33m▀[0m[38;2;247;0;0m[48;2;247;0;0m▀[0m[38;2;247;0;0m[48;2;247;0;0m▀[0m[38;2;13;68;43m[48;2;0;226;190m▀[0m[38;2;24;154;120m[48;2;0;161;133m▀[0m[38;2;0;156;126m[48;2;24;143;112m▀[0m[38;2;20;123;95m[48;2;31;135;105m▀[0m[38;2;55;162;132m[48;2;96;204;173m▀[0m[38;2;96;210;180m[48;2;88;197;170m▀[0m[38;2;83;184;160m[48;2;84;187;159m▀[0m[38;2;80;184;156m[48;2;80;184;156m▀[0m[38;2;80;184;156m[48;2;80;184;156m▀[0m[38;2;80;184;156m[48;2;79;184;156m▀[0m[38;2;80;184;156m[48;2;80;184;156m▀[0m[38;2;79;185;158m[48;2;82;185;157m▀[0m[38;2;54;171;140m[48;2;51;171;136m▀[0m[38;2;116;203;184m[48;2;134;208;198m▀[0m[38;2;247;247;247m[48;2;226;245;247m▀[0m[38;2;247;247;247m[48;2;97;197;174m▀[0m[38;2;247;247;247m[48;2;31;165;129m▀[0m[38;2;50;171;140m[48;2;48;169;138m▀[0m[38;2;50;169;134m[48;2;71;179;152m▀[0m[38;2;74;180;149m[48;2;78;179;156m▀[0m[38;2;80;183;155m[48;2;80;184;156m▀[0m[38;2;80;184;156m[48;2;80;183;157m▀[0m[38;2;80;184;156m[48;2;79;183;155m▀[0m[38;2;79;183;154m[48;2;80;184;155m▀[0m[38;2;81;184;155m[48;2;80;184;156m▀[0m[38;2;80;184;156m[48;2;80;184;156m▀[0m[38;2;80;184;156m[48;2;80;186;159m▀[0m[38;2;84;189;159m[48;2;84;189;162m▀[0m[38;2;89;197;167m[48;2;97;210;179m▀[0m[38;2;92;201;174m[48;2;53;146;120m▀[0m[38;2;32;116;89m[48;2;23;104;78m▀[0m[38;2;28;111;84m[48;2;36;123;97m▀[0m[38;2;35;123;97m[48;2;38;126;99m▀[0m[38;2;38;126;99m[48;2;39;127;99m▀[0m
[38;2;33;120;94m[48;2;36;124;97m▀[0m[38;2;23;104;79m[48;2;33;120;96m▀[0m[38;2;40;126;101m[48;2;27;105;79m▀[0m[38;2;95;200;173m[48;2;36;117;92m▀[0m[38;2;94;203;175m[48;2;85;193;163m▀[0m[38;2;81;189;160m[48;2;97;208;180m▀[0m[38;2;83;189;158m[48;2;82;193;161m▀[0m[38;2;81;185;156m[48;2;79;186;160m▀[0m[38;2;82;185;157m[48;2;81;185;156m▀[0m[38;2;82;185;157m[48;2;81;184;156m▀[0m[38;2;82;185;157m[48;2;80;184;156m▀[0m[38;2;81;184;156m[48;2;81;184;156m▀[0m[38;2;81;184;156m[48;2;81;184;156m▀[0m[38;2;81;184;158m[48;2;81;184;156m▀[0m[38;2;81;184;158m[48;2;81;184;156m▀[0m[38;2;81;184;156m[48;2;80;184;155m▀[0m[38;2;80;184;155m[48;2;80;184;155m▀[0m[38;2;80;184;155m[48;2;80;184;155m▀[0m[38;2;74;180;153m[48;2;74;184;153m▀[0m[38;2;45;168;134m[48;2;68;179;151m▀[0m[38;2;64;176;149m[48;2;45;166;132m▀[0m[38;2;247;247;247m[48;2;36;166;131m▀[0m[38;2;247;247;247m[48;2;97;194;171m▀[0m[38;2;247;247;247m[48;2;152;215;203m▀[0m[38;2;184;227;224m[48;2;193;230;225m▀[0m[38;2;67;177;149m[48;2;86;193;167m▀[0m[38;2;67;177;146m[48;2;67;178;150m▀[0m[38;2;81;182;156m[48;2;81;184;156m▀[0m[38;2;80;183;155m[48;2;80;184;156m▀[0m[38;2;81;182;155m[48;2;80;183;155m▀[0m[38;2;81;184;156m[48;2;80;183;155m▀[0m[38;2;80;184;156m[48;2;80;183;157m▀[0m[38;2;79;183;154m[48;2;79;183;154m▀[0m[38;2;77;185;154m[48;2;81;185;153m▀[0m[38;2;91;196;166m[48;2;89;194;168m▀[0m[38;2;92;202;170m[48;2;98;206;177m▀[0m[38;2;36;141;111m[48;2;37;148;113m▀[0m[38;2;6;139;99m[48;2;0;124;97m▀[0m[38;2;127;247;247m[48;2;0;121;96m▀[0m[38;2;132;129;129m[48;2;0;31;19m▀[0m[38;2;247;0;0m[48;2;247;0;0m▀[0m[38;2;247;16;21m[48;2;247;0;0m▀[0m[38;2;65;247;247m[48;2;0;81;58m▀[0m[38;2;2;153;125m[48;2;0;53;38m▀[0m[38;2;22;149;115m[48;2;0;44;32m▀[0m[38;2;37;146;115m[48;2;5;97;70m▀[0m[38;2;98;208;180m[48;2;61;171;137m▀[0m[38;2;94;201;172m[48;2;100;213;185m▀[0m[38;2;84;186;161m[48;2;86;191;162m▀[0m[38;2;80;184;158m[48;2;81;184;158m▀[0m[38;2;80;184;156m[48;2;81;184;156m▀[0m[38;2;80;183;157m[48;2;81;184;156m▀[0m[38;2;80;183;157m[48;2;81;182;156m▀[0m[38;2;81;184;156m[48;2;81;184;156m▀[0m[38;2;68;177;148m[48;2;76;184;157m▀[0m[38;2;79;187;161m[48;2;70;176;145m▀[0m[38;2;48;172;140m[48;2;74;180;150m▀[0m[38;2;47;167;134m[48;2;78;183;155m▀[0m[38;2;62;176;146m[48;2;75;184;157m▀[0m[38;2;71;179;153m[48;2;80;184;155m▀[0m[38;2;76;183;157m[48;2;80;183;155m▀[0m[38;2;80;183;155m[48;2;80;184;155m▀[0m[38;2;80;183;157m[48;2;80;184;155m▀[0m[38;2;81;184;156m[48;2;80;183;155m▀[0m[38;2;80;184;155m[48;2;79;183;155m▀[0m[38;2;81;184;156m[48;2;81;184;156m▀[0m[38;2;80;184;155m[48;2;80;184;155m▀[0m[38;2;80;186;159m[48;2;83;187;159m▀[0m[38;2;83;189;160m[48;2;95;204;176m▀[0m[38;2;97;207;179m[48;2;81;186;158m▀[0m[38;2;70;171;142m[48;2;27;108;81m▀[0m[38;2;24;102;76m[48;2;30;115;89m▀[0m[38;2;33;120;93m[48;2;39;125;97m▀[0m[38;2;38;124;97m[48;2;38;126;99m▀[0m[38;2;39;126;99m[48;2;38;128;99m▀[0m[38;2;38;128;99m[48;2;38;126;98m▀[0m
[38;2;38;126;99m[48;2;38;126;98m▀[0m[38;2;38;124;100m[48;2;38;126;99m▀[0m[38;2;34;124;95m[48;2;37;127;97m▀[0m[38;2;27;108;83m[48;2;35;123;96m▀[0m[38;2;26;108;81m[48;2;30;114;89m▀[0m[38;2;69;172;144m[48;2;21;102;77m▀[0m[38;2;98;211;181m[48;2;49;142;115m▀[0m[38;2;88;198;167m[48;2;89;201;170m▀[0m[38;2;82;190;161m[48;2;96;210;180m▀[0m[38;2;83;187;159m[48;2;84;193;162m▀[0m[38;2;80;184;156m[48;2;79;187;160m▀[0m[38;2;81;184;156m[48;2;81;184;156m▀[0m[38;2;81;184;156m[48;2;81;184;156m▀[0m[38;2;80;184;155m[48;2;80;184;156m▀[0m[38;2;81;184;156m[48;2;80;184;156m▀[0m[38;2;81;184;156m[48;2;81;184;156m▀[0m[38;2;80;184;156m[48;2;79;184;155m▀[0m[38;2;80;184;155m[48;2;79;183;154m▀[0m[38;2;80;184;155m[48;2;80;184;156m▀[0m[38;2;75;181;154m[48;2;80;184;155m▀[0m[38;2;72;178;151m[48;2;80;184;156m▀[0m[38;2;62;176;142m[48;2;76;184;155m▀[0m[38;2;40;166;130m[48;2;77;182;152m▀[0m[38;2;32;164;125m[48;2;73;182;153m▀[0m[38;2;48;171;136m[48;2;74;180;150m▀[0m[38;2;79;184;156m[48;2;71;179;149m▀[0m[38;2;74;184;153m[48;2;79;183;150m▀[0m[38;2;80;184;156m[48;2;79;183;155m▀[0m[38;2;81;184;156m[48;2;80;184;155m▀[0m[38;2;80;184;156m[48;2;80;184;156m▀[0m[38;2;81;184;156m[48;2;81;184;156m▀[0m[38;2;80;184;156m[48;2;80;184;155m▀[0m[38;2;79;183;157m[48;2;80;184;156m▀[0m[38;2;82;186;158m[48;2;82;186;160m▀[0m[38;2;97;206;176m[48;2;106;217;186m▀[0m[38;2;91;200;170m[48;2;51;156;129m▀[0m[38;2;0;71;58m[48;2;0;5;1m▀[0m[38;2;0;36;34m[48;2;0;46;32m▀[0m[38;2;0;32;20m[48;2;32;144;129m▀[0m[38;2;0;122;98m[48;2;4;191;171m▀[0m[38;2;113;0;0m[48;2;19;6;5m▀[0m[38;2;247;0;0m[48;2;247;0;0m▀[0m[38;2;0;99;77m[48;2;0;130;97m▀[0m[38;2;0;68;56m[48;2;247;247;247m▀[0m[38;2;0;21;12m[48;2;34;130;120m▀[0m[38;2;0;2;0m[48;2;0;55;41m▀[0m[38;2;6;94;69m[48;2;0;0;0m▀[0m[38;2;100;220;187m[48;2;61;166;137m▀[0m[38;2;94;199;170m[48;2;105;220;188m▀[0m[38;2;85;186;159m[48;2;85;188;159m▀[0m[38;2;81;184;156m[48;2;80;183;155m▀[0m[38;2;80;183;155m[48;2;80;183;155m▀[0m[38;2;80;183;155m[48;2;80;183;155m▀[0m[38;2;81;184;156m[48;2;80;184;156m▀[0m[38;2;81;184;156m[48;2;81;185;157m▀[0m[38;2;81;184;156m[48;2;81;184;156m▀[0m[38;2;79;183;157m[48;2;80;183;157m▀[0m[38;2;80;184;155m[48;2;80;183;155m▀[0m[38;2;80;184;155m[48;2;80;184;155m▀[0m[38;2;80;184;155m[48;2;80;184;155m▀[0m[38;2;80;183;154m[48;2;80;183;154m▀[0m[38;2;80;183;154m[48;2;79;183;154m▀[0m[38;2;80;184;155m[48;2;79;182;153m▀[0m[38;2;79;183;154m[48;2;80;183;154m▀[0m[38;2;79;183;155m[48;2;80;184;155m▀[0m[38;2;81;184;156m[48;2;79;184;156m▀[0m[38;2;82;186;157m[48;2;86;195;165m▀[0m[38;2;92;200;173m[48;2;69;170;143m▀[0m[38;2;79;180;151m[48;2;28;109;80m▀[0m[38;2;25;107;82m[48;2;30;112;87m▀[0m[38;2;26;110;84m[48;2;33;118;93m▀[0m[38;2;35;122;96m[48;2;39;127;99m▀[0m[38;2;38;126;99m[48;2;38;126;98m▀[0m[38;2;38;126;99m[48;2;38;126;98m▀[0m[38;2;39;127;100m[48;2;39;126;99m▀[0m[38;2;39;126;99m[48;2;38;126;99m▀[0m
[38;2;38;126;99m[48;2;39;126;99m▀[0m[38;2;38;126;98m[48;2;38;126;99m▀[0m[38;2;37;127;100m[48;2;37;127;98m▀[0m[38;2;37;123;99m[48;2;37;125;98m▀[0m[38;2;36;123;98m[48;2;38;125;98m▀[0m[38;2;35;121;93m[48;2;38;126;99m▀[0m[38;2;23;102;75m[48;2;36;121;96m▀[0m[38;2;31;112;86m[48;2;30;112;87m▀[0m[38;2;70;171;144m[48;2;22;103;71m▀[0m[38;2;97;211;179m[48;2;48;132;107m▀[0m[38;2;93;202;175m[48;2;87;191;165m▀[0m[38;2;84;190;162m[48;2;97;210;183m▀[0m[38;2;80;185;157m[48;2;90;197;170m▀[0m[38;2;80;184;156m[48;2;82;186;158m▀[0m[38;2;81;184;156m[48;2;79;187;160m▀[0m[38;2;81;184;156m[48;2;81;184;156m▀[0m[38;2;81;184;156m[48;2;81;184;156m▀[0m[38;2;80;184;155m[48;2;80;184;155m▀[0m[38;2;80;184;156m[48;2;80;184;155m▀[0m[38;2;80;184;156m[48;2;80;183;155m▀[0m[38;2;80;183;155m[48;2;79;182;154m▀[0m[38;2;80;184;156m[48;2;80;183;155m▀[0m[38;2;80;183;155m[48;2;80;184;156m▀[0m[38;2;80;183;155m[48;2;80;184;155m▀[0m[38;2;79;184;155m[48;2;80;184;155m▀[0m[38;2;79;184;154m[48;2;80;185;156m▀[0m[38;2;79;184;155m[48;2;80;185;156m▀[0m[38;2;80;184;155m[48;2;81;184;156m▀[0m[38;2;80;184;155m[48;2;80;184;156m▀[0m[38;2;80;184;156m[48;2;80;184;155m▀[0m[38;2;81;184;156m[48;2;80;184;156m▀[0m[38;2;80;184;156m[48;2;80;184;156m▀[0m[38;2;80;184;156m[48;2;82;186;154m▀[0m[38;2;86;191;161m[48;2;92;194;169m▀[0m[38;2;107;224;194m[48;2;97;213;183m▀[0m[38;2;20;98;84m[48;2;12;95;75m▀[0m[38;2;0;29;15m[48;2;0;41;26m▀[0m[38;2;0;76;52m[48;2;0;82;64m▀[0m[38;2;3;98;82m[48;2;35;125;111m▀[0m[38;2;0;86;71m[48;2;0;42;35m▀[0m[38;2;0;33;25m[48;2;0;19;11m▀[0m[38;2;247;0;0m[48;2;247;0;0m▀[0m[38;2;0;107;70m[48;2;0;57;36m▀[0m[38;2;0;78;67m[48;2;0;21;14m▀[0m[38;2;58;143;140m[48;2;0;56;40m▀[0m[38;2;0;93;75m[48;2;0;79;61m▀[0m[38;2;0;36;21m[48;2;0;60;42m▀[0m[38;2;8;101;76m[48;2;0;58;42m▀[0m[38;2;101;212;182m[48;2;55;156;127m▀[0m[38;2;94;198;169m[48;2;103;210;184m▀[0m[38;2;83;184;158m[48;2;88;193;166m▀[0m[38;2;80;183;157m[48;2;83;186;160m▀[0m[38;2;80;184;155m[48;2;79;183;155m▀[0m[38;2;80;184;156m[48;2;80;184;155m▀[0m[38;2;81;184;156m[48;2;80;184;156m▀[0m[38;2;80;184;155m[48;2;80;184;155m▀[0m[38;2;80;184;156m[48;2;79;183;154m▀[0m[38;2;80;183;155m[48;2;80;184;155m▀[0m[38;2;81;184;156m[48;2;80;183;155m▀[0m[38;2;80;184;155m[48;2;80;183;155m▀[0m[38;2;80;183;154m[48;2;79;182;154m▀[0m[38;2;80;183;155m[48;2;80;183;157m▀[0m[38;2;80;183;155m[48;2;80;184;156m▀[0m[38;2;80;183;155m[48;2;80;184;156m▀[0m[38;2;81;184;156m[48;2;83;187;158m▀[0m[38;2;79;188;161m[48;2;84;192;161m▀[0m[38;2;85;194;164m[48;2;96;204;177m▀[0m[38;2;86;201;165m[48;2;96;208;178m▀[0m[38;2;87;204;171m[48;2;44;135;107m▀[0m[38;2;39;132;102m[48;2;27;110;83m▀[0m[38;2;34;117;92m[48;2;39;129;100m▀[0m[38;2;39;127;100m[48;2;39;126;99m▀[0m[38;2;38;126;98m[48;2;39;126;99m▀[0m[38;2;38;126;98m[48;2;38;126;99m▀[0m[38;2;38;126;98m[48;2;38;126;99m▀[0m[38;2;38;126;99m[48;2;38;126;99m▀[0m
[38;2;38;126;98m[48;2;38;126;98m▀[0m[38;2;38;126;98m[48;2;38;126;98m▀[0m[38;2;38;126;98m[48;2;38;126;98m▀[0m[38;2;37;125;98m[48;2;38;125;98m▀[0m[38;2;38;126;98m[48;2;38;125;98m▀[0m[38;2;38;126;99m[48;2;37;127;98m▀[0m[38;2;38;126;98m[48;2;38;126;98m▀[0m[38;2;36;125;96m[48;2;38;125;98m▀[0m[38;2;32;120;94m[48;2;38;125;98m▀[0m[38;2;27;104;78m[48;2;37;123;95m▀[0m[38;2;29;107;79m[48;2;32;116;91m▀[0m[38;2;58;147;119m[48;2;26;105;76m▀[0m[38;2;89;194;168m[48;2;26;108;79m▀[0m[38;2;100;210;180m[48;2;55;144;118m▀[0m[38;2;93;202;172m[48;2;84;188;162m▀[0m[38;2;85;189;161m[48;2;97;208;178m▀[0m[38;2;82;186;158m[48;2;96;206;176m▀[0m[38;2;80;182;158m[48;2;91;194;168m▀[0m[38;2;80;184;155m[48;2;88;187;161m▀[0m[38;2;80;183;155m[48;2;81;187;157m▀[0m[38;2;80;183;155m[48;2;79;185;154m▀[0m[38;2;80;184;155m[48;2;80;183;155m▀[0m[38;2;80;184;156m[48;2;80;184;156m▀[0m[38;2;80;184;155m[48;2;81;185;156m▀[0m[38;2;79;183;154m[48;2;80;184;155m▀[0m[38;2;80;184;156m[48;2;80;184;156m▀[0m[38;2;80;184;156m[48;2;80;184;156m▀[0m[38;2;80;184;156m[48;2;80;184;156m▀[0m[38;2;80;184;156m[48;2;80;184;155m▀[0m[38;2;80;184;156m[48;2;80;183;155m▀[0m[38;2;80;183;155m[48;2;80;184;155m▀[0m[38;2;80;183;155m[48;2;79;183;155m▀[0m[38;2;81;186;158m[48;2;84;188;160m▀[0m[38;2;96;204;175m[48;2;100;209;182m▀[0m[38;2;85;194;164m[48;2;60;162;132m▀[0m[38;2;6;82;63m[48;2;20;96;73m▀[0m[38;2;0;41;26m[48;2;0;38;29m▀[0m[38;2;0;87;66m[48;2;0;87;65m▀[0m[38;2;80;148;145m[48;2;51;133;127m▀[0m[38;2;0;60;49m[48;2;0;70;55m▀[0m[38;2;26;0;0m[48;2;70;50;47m▀[0m[38;2;247;0;0m[48;2;247;106;111m▀[0m[38;2;9;20;13m[48;2;0;0;0m▀[0m[38;2;0;82;66m[48;2;0;46;36m▀[0m[38;2;5;80;72m[48;2;0;84;70m▀[0m[38;2;0;76;59m[48;2;0;83;66m▀[0m[38;2;0;48;34m[48;2;0;38;28m▀[0m[38;2;1;58;46m[48;2;31;109;101m▀[0m[38;2;32;122;94m[48;2;48;139;109m▀[0m[38;2;58;157;129m[48;2;22;107;80m▀[0m[38;2;99;210;184m[48;2;56;147;125m▀[0m[38;2;90;194;168m[48;2;97;204;178m▀[0m[38;2;82;188;159m[48;2;95;205;174m▀[0m[38;2;83;186;158m[48;2;86;190;161m▀[0m[38;2;80;184;155m[48;2;83;186;158m▀[0m[38;2;79;184;154m[48;2;80;182;159m▀[0m[38;2;79;183;154m[48;2;81;183;159m▀[0m[38;2;80;184;155m[48;2;80;184;156m▀[0m[38;2;80;183;155m[48;2;80;183;157m▀[0m[38;2;80;183;155m[48;2;81;182;156m▀[0m[38;2;80;183;157m[48;2;81;186;160m▀[0m[38;2;80;184;156m[48;2;83;187;159m▀[0m[38;2;81;184;156m[48;2;83;189;161m▀[0m[38;2;83;187;159m[48;2;88;195;164m▀[0m[38;2;85;189;161m[48;2;99;209;181m▀[0m[38;2;95;207;180m[48;2;76;179;151m▀[0m[38;2;85;194;164m[48;2;28;111;84m▀[0m[38;2;35;120;95m[48;2;27;110;82m▀[0m[38;2;28;106;81m[48;2;36;124;99m▀[0m[38;2;34;121;95m[48;2;38;124;100m▀[0m[38;2;38;127;97m[48;2;38;125;98m▀[0m[38;2;39;127;99m[48;2;39;126;99m▀[0m[38;2;39;126;99m[48;2;39;127;99m▀[0m[38;2;38;126;99m[48;2;38;126;99m▀[0m[38;2;38;126;99m[48;2;38;126;99m▀[0m[38;2;38;126;99m[48;2;38;125;98m▀[0m
[38;2;39;126;99m[48;2;39;126;99m▀[0m[38;2;38;126;99m[48;2;38;126;99m▀[0m[38;2;37;127;98m[48;2;37;127;98m▀[0m[38;2;38;126;99m[48;2;38;126;99m▀[0m[38;2;38;125;98m[48;2;38;126;98m▀[0m[38;2;38;125;98m[48;2;38;126;99m▀[0m[38;2;38;126;98m[48;2;38;126;98m▀[0m[38;2;38;125;98m[48;2;38;126;98m▀[0m[38;2;38;125;98m[48;2;39;126;98m▀[0m[38;2;38;126;99m[48;2;39;126;99m▀[0m[38;2;39;122;97m[48;2;38;125;98m▀[0m[38;2;36;125;96m[48;2;38;125;98m▀[0m[38;2;32;118;91m[48;2;39;122;100m▀[0m[38;2;25;103;77m[48;2;37;124;97m▀[0m[38;2;23;103;79m[48;2;32;119;95m▀[0m[38;2;41;128;103m[48;2;25;107;82m▀[0m[38;2;68;166;139m[48;2;20;100;76m▀[0m[38;2;88;195;168m[48;2;27;107;82m▀[0m[38;2;97;206;179m[48;2;43;132;104m▀[0m[38;2;97;207;180m[48;2;60;156;129m▀[0m[38;2;91;200;173m[48;2;75;178;150m▀[0m[38;2;89;193;164m[48;2;90;194;165m▀[0m[38;2;85;190;161m[48;2;88;195;165m▀[0m[38;2;83;188;158m[48;2;81;189;159m▀[0m[38;2;80;184;156m[48;2;80;182;159m▀[0m[38;2;80;183;157m[48;2;80;183;157m▀[0m[38;2;81;184;156m[48;2;80;184;156m▀[0m[38;2;81;185;156m[48;2;80;184;155m▀[0m[38;2;80;184;156m[48;2;80;183;155m▀[0m[38;2;80;184;155m[48;2;80;184;155m▀[0m[38;2;79;184;155m[48;2;82;187;159m▀[0m[38;2;81;186;158m[48;2;85;191;163m▀[0m[38;2;91;198;171m[48;2;100;213;182m▀[0m[38;2;92;199;172m[48;2;51;145;119m▀[0m[38;2;32;120;93m[48;2;26;109;82m▀[0m[38;2;33;129;99m[48;2;43;141;113m▀[0m[38;2;0;54;42m[48;2;19;104;83m▀[0m[38;2;0;52;37m[48;2;0;47;35m▀[0m[38;2;0;70;47m[48;2;0;86;66m▀[0m[38;2;0;86;64m[48;2;0;82;66m▀[0m[38;2;2;2;2m[48;2;0;26;21m▀[0m[38;2;237;86;82m[48;2;247;0;0m▀[0m[38;2;0;50;42m[48;2;0;84;69m▀[0m[38;2;0;50;40m[48;2;0;81;65m▀[0m[38;2;0;75;61m[48;2;0;85;66m▀[0m[38;2;0;83;65m[48;2;0;64;51m▀[0m[38;2;0;47;42m[48;2;0;64;55m▀[0m[38;2;40;119;100m[48;2;48;139;110m▀[0m[38;2;47;135;103m[48;2;42;131;101m▀[0m[38;2;35;122;94m[48;2;38;126;98m▀[0m[38;2;26;104;82m[48;2;36;122;97m▀[0m[38;2;41;124;100m[48;2;29;111;82m▀[0m[38;2;76;177;151m[48;2;25;102;77m▀[0m[38;2;97;205;180m[48;2;45;130;104m▀[0m[38;2;95;205;177m[48;2;68;171;143m▀[0m[38;2;89;194;167m[48;2;90;199;169m▀[0m[38;2;87;191;162m[48;2;97;207;177m▀[0m[38;2;84;188;160m[48;2;99;207;180m▀[0m[38;2;84;188;159m[48;2;98;208;178m▀[0m[38;2;84;188;160m[48;2;99;207;180m▀[0m[38;2;87;191;162m[48;2;98;205;180m▀[0m[38;2;91;195;170m[48;2;86;193;167m▀[0m[38;2;97;206;180m[48;2;66;159;137m▀[0m[38;2;96;200;176m[48;2;34;115;94m▀[0m[38;2;59;153;127m[48;2;23;104;78m▀[0m[38;2;24;106;79m[48;2;32;118;92m▀[0m[38;2;32;114;89m[48;2;36;122;97m▀[0m[38;2;37;123;96m[48;2;37;127;98m▀[0m[38;2;38;124;100m[48;2;38;126;98m▀[0m[38;2;39;127;99m[48;2;38;126;99m▀[0m[38;2;38;126;99m[48;2;38;126;99m▀[0m[38;2;39;127;99m[48;2;39;126;99m▀[0m[38;2;38;126;99m[48;2;38;126;98m▀[0m[38;2;38;126;98m[48;2;38;126;98m▀[0m[38;2;38;126;99m[48;2;38;126;98m▀[0m[38;2;38;126;98m[48;2;39;126;99m▀[0m
[38;2;39;127;99m[48;2;38;126;99m▀[0m[38;2;38;126;98m[48;2;38;126;98m▀[0m[38;2;38;126;98m[48;2;38;126;99m▀[0m[38;2;38;126;98m[48;2;39;126;99m▀[0m[38;2;38;126;99m[48;2;38;126;99m▀[0m[38;2;38;126;99m[48;2;38;126;99m▀[0m[38;2;38;126;99m[48;2;38;126;98m▀[0m[38;2;38;128;99m[48;2;38;126;98m▀[0m[38;2;38;126;99m[48;2;38;126;99m▀[0m[38;2;38;126;98m[48;2;38;126;98m▀[0m[38;2;38;126;98m[48;2;38;126;98m▀[0m[38;2;38;125;98m[48;2;38;126;98m▀[0m[38;2;38;125;98m[48;2;38;125;98m▀[0m[38;2;39;125;98m[48;2;37;127;98m▀[0m[38;2;38;126;98m[48;2;38;125;98m▀[0m[38;2;39;125;97m[48;2;38;126;99m▀[0m[38;2;34;121;97m[48;2;37;125;98m▀[0m[38;2;31;117;89m[48;2;38;127;97m▀[0m[38;2;27;109;82m[48;2;40;125;98m▀[0m[38;2;21;101;76m[48;2;35;116;94m▀[0m[38;2;21;92;66m[48;2;39;129;104m▀[0m[38;2;21;89;64m[48;2;65;166;136m▀[0m[38;2;33;109;87m[48;2;81;190;160m▀[0m[38;2;58;154;129m[48;2;84;196;166m▀[0m[38;2;78;187;157m[48;2;84;189;161m▀[0m[38;2;80;184;155m[48;2;84;187;159m▀[0m[38;2;79;183;155m[48;2;83;186;158m▀[0m[38;2;80;183;155m[48;2;82;187;159m▀[0m[38;2;81;184;156m[48;2;82;187;161m▀[0m[38;2;82;187;157m[48;2;87;195;165m▀[0m[38;2;86;190;161m[48;2;99;212;182m▀[0m[38;2;100;209;182m[48;2;65;163;139m▀[0m[38;2;63;160;133m[48;2;21;103;76m▀[0m[38;2;20;105;77m[48;2;31;118;92m▀[0m[38;2;34;122;96m[48;2;38;128;99m▀[0m[38;2;40;132;103m[48;2;39;129;100m▀[0m[38;2;48;140;112m[48;2;50;149;118m▀[0m[38;2;0;54;43m[48;2;32;97;77m▀[0m[38;2;0;89;67m[48;2;0;36;28m▀[0m[38;2;25;141;129m[48;2;0;97;73m▀[0m[38;2;0;54;43m[48;2;0;77;61m▀[0m[38;2;247;0;0m[48;2;247;0;0m▀[0m[38;2;0;84;65m[48;2;0;92;73m▀[0m[38;2;0;89;71m[48;2;0;92;73m▀[0m[38;2;0;82;64m[48;2;0;61;45m▀[0m[38;2;0;57;45m[48;2;0;77;63m▀[0m[38;2;19;105;83m[48;2;49;143;112m▀[0m[38;2;50;142;112m[48;2;42;134;104m▀[0m[38;2;41;129;100m[48;2;41;129;99m▀[0m[38;2;38;126;99m[48;2;39;127;99m▀[0m[38;2;38;126;99m[48;2;39;127;100m▀[0m[38;2;37;124;97m[48;2;39;127;100m▀[0m[38;2;34;119;97m[48;2;35;127;100m▀[0m[38;2;29;110;81m[48;2;37;126;97m▀[0m[38;2;24;103;76m[48;2;35;123;96m▀[0m[38;2;31;113;84m[48;2;31;116;89m▀[0m[38;2;39;130;101m[48;2;29;111;82m▀[0m[38;2;49;142;116m[48;2;22;106;80m▀[0m[38;2;58;150;125m[48;2;25;107;81m▀[0m[38;2;53;142;118m[48;2;25;107;82m▀[0m[38;2;44;129;103m[48;2;27;112;85m▀[0m[38;2;29;111;86m[48;2;31;117;91m▀[0m[38;2;23;104;78m[48;2;36;125;96m▀[0m[38;2;31;113;87m[48;2;39;129;100m▀[0m[38;2;36;123;95m[48;2;38;126;99m▀[0m[38;2;35;125;96m[48;2;37;127;100m▀[0m[38;2;37;127;98m[48;2;37;127;100m▀[0m[38;2;37;127;98m[48;2;38;126;99m▀[0m[38;2;38;126;98m[48;2;38;126;99m▀[0m[38;2;38;126;99m[48;2;39;126;99m▀[0m[38;2;38;126;99m[48;2;39;126;99m▀[0m[38;2;39;126;98m[48;2;38;125;98m▀[0m[38;2;38;126;99m[48;2;38;126;98m▀[0m[38;2;38;125;98m[48;2;38;126;99m▀[0m[38;2;38;126;99m[48;2;38;126;98m▀[0m[38;2;38;126;99m[48;2;38;126;98m▀[0m
[38;2;38;126;98m[48;2;39;126;99m▀[0m[38;2;38;126;99m[48;2;38;128;99m▀[0m[38;2;38;126;98m[48;2;38;126;99m▀[0m[38;2;38;126;98m[48;2;38;126;98m▀[0m[38;2;38;126;98m[48;2;38;126;98m▀[0m[38;2;38;126;99m[48;2;38;126;98m▀[0m[38;2;37;127;98m[48;2;38;126;99m▀[0m[38;2;37;125;98m[48;2;38;126;99m▀[0m[38;2;38;125;98m[48;2;38;125;98m▀[0m[38;2;38;126;98m[48;2;38;126;99m▀[0m[38;2;37;127;98m[48;2;38;126;98m▀[0m[38;2;38;126;98m[48;2;38;126;98m▀[0m[38;2;38;125;98m[48;2;38;126;99m▀[0m[38;2;38;126;98m[48;2;39;127;99m▀[0m[38;2;38;126;98m[48;2;39;127;99m▀[0m[38;2;38;126;98m[48;2;38;128;99m▀[0m[38;2;37;125;98m[48;2;38;128;99m▀[0m[38;2;38;125;100m[48;2;38;126;99m▀[0m[38;2;39;126;99m[48;2;39;126;99m▀[0m[38;2;34;116;94m[48;2;39;127;99m▀[0m[38;2;45;132;109m[48;2;31;113;86m▀[0m[38;2;85;198;171m[48;2;24;105;78m▀[0m[38;2;101;221;194m[48;2;46;135;107m▀[0m[38;2;97;207;180m[48;2;72;177;148m▀[0m[38;2;93;198;171m[48;2;92;197;170m▀[0m[38;2;89;194;167m[48;2;97;200;175m▀[0m[38;2;87;194;167m[48;2;96;202;176m▀[0m[38;2;89;198;171m[48;2;89;194;165m▀[0m[38;2;96;206;180m[48;2;65;162;137m▀[0m[38;2;96;204;178m[48;2;36;117;95m▀[0m[38;2;58;152;126m[48;2;24;102;77m▀[0m[38;2;23;104;78m[48;2;34;120;96m▀[0m[38;2;35;119;91m[48;2;39;125;97m▀[0m[38;2;36;126;97m[48;2;38;126;99m▀[0m[38;2;38;126;99m[48;2;38;126;99m▀[0m[38;2;41;128;99m[48;2;38;125;100m▀[0m[38;2;44;133;107m[48;2;41;128;101m▀[0m[38;2;51;154;121m[48;2;50;158;125m▀[0m[38;2;0;4;3m[48;2;29;89;69m▀[0m[38;2;0;63;47m[48;2;0;27;21m▀[0m[38;2;0;84;66m[48;2;1;65;54m▀[0m[38;2;247;0;0m[48;2;247;0;0m▀[0m[38;2;0;103;79m[48;2;0;92;64m▀[0m[38;2;0;68;53m[48;2;0;33;27m▀[0m[38;2;0;63;48m[48;2;29;134;105m▀[0m[38;2;39;138;107m[48;2;48;145;113m▀[0m[38;2;49;136;109m[48;2;40;128;101m▀[0m[38;2;36;129;98m[48;2;38;126;99m▀[0m[38;2;38;128;99m[48;2;38;126;98m▀[0m[38;2;39;127;99m[48;2;38;128;99m▀[0m[38;2;39;127;100m[48;2;38;126;99m▀[0m[38;2;39;127;100m[48;2;38;126;99m▀[0m[38;2;39;127;100m[48;2;39;126;101m▀[0m[38;2;38;126;99m[48;2;39;127;99m▀[0m[38;2;38;126;98m[48;2;39;126;99m▀[0m[38;2;34;127;97m[48;2;38;126;98m▀[0m[38;2;38;128;101m[48;2;38;126;99m▀[0m[38;2;39;127;100m[48;2;38;126;98m▀[0m[38;2;39;125;98m[48;2;38;126;99m▀[0m[38;2;36;129;102m[48;2;39;127;100m▀[0m[38;2;39;129;100m[48;2;39;127;100m▀[0m[38;2;39;127;99m[48;2;38;126;99m▀[0m[38;2;38;126;98m[48;2;39;127;99m▀[0m[38;2;38;126;99m[48;2;38;126;98m▀[0m[38;2;38;126;99m[48;2;37;127;98m▀[0m[38;2;38;126;98m[48;2;38;126;98m▀[0m[38;2;38;126;99m[48;2;38;126;98m▀[0m[38;2;38;126;98m[48;2;37;127;98m▀[0m[38;2;38;126;98m[48;2;38;126;98m▀[0m[38;2;38;126;98m[48;2;38;126;98m▀[0m[38;2;39;126;98m[48;2;38;126;98m▀[0m[38;2;39;126;99m[48;2;39;127;99m▀[0m[38;2;38;126;98m[48;2;39;126;99m▀[0m[38;2;38;126;98m[48;2;38;126;98m▀[0m[38;2;38;126;98m[48;2;38;126;99m▀[0m[38;2;39;126;98m[48;2;38;126;99m▀[0m
[38;2;38;126;98m[48;2;39;126;99m▀[0m[38;2;39;126;99m[48;2;38;126;98m▀[0m[38;2;39;126;99m[48;2;38;126;98m▀[0m[38;2;37;127;98m[48;2;38;126;98m▀[0m[38;2;38;126;99m[48;2;38;126;99m▀[0m[38;2;39;126;99m[48;2;37;127;98m▀[0m[38;2;38;126;98m[48;2;38;125;98m▀[0m[38;2;38;126;99m[48;2;38;125;98m▀[0m[38;2;38;126;98m[48;2;38;126;98m▀[0m[38;2;38;125;98m[48;2;38;126;99m▀[0m[38;2;38;126;98m[48;2;39;126;101m▀[0m[38;2;38;126;99m[48;2;39;126;99m▀[0m[38;2;38;126;99m[48;2;38;128;99m▀[0m[38;2;38;126;99m[48;2;38;128;99m▀[0m[38;2;39;127;99m[48;2;38;126;99m▀[0m[38;2;38;128;99m[48;2;38;126;99m▀[0m[38;2;38;126;98m[48;2;38;126;99m▀[0m[38;2;39;126;99m[48;2;38;126;99m▀[0m[38;2;38;128;99m[48;2;38;126;98m▀[0m[38;2;39;127;99m[48;2;38;125;98m▀[0m[38;2;40;125;101m[48;2;38;126;98m▀[0m[38;2;35;122;95m[48;2;38;126;98m▀[0m[38;2;23;108;82m[48;2;36;123;97m▀[0m[38;2;22;104;75m[48;2;36;125;96m▀[0m[38;2;30;110;85m[48;2;33;118;93m▀[0m[38;2;34;119;93m[48;2;31;115;90m▀[0m[38;2;34;119;93m[48;2;31;115;90m▀[0m[38;2;28;111;83m[48;2;33;118;93m▀[0m[38;2;24;103;77m[48;2;36;124;97m▀[0m[38;2;30;111;85m[48;2;39;128;97m▀[0m[38;2;36;123;95m[48;2;38;126;98m▀[0m[38;2;39;124;100m[48;2;39;126;98m▀[0m[38;2;38;126;99m[48;2;38;126;98m▀[0m[38;2;38;126;98m[48;2;38;126;98m▀[0m[38;2;38;126;99m[48;2;38;125;98m▀[0m[38;2;38;126;99m[48;2;38;126;99m▀[0m[38;2;37;129;101m[48;2;38;126;98m▀[0m[38;2;42;139;111m[48;2;38;132;103m▀[0m[38;2;42;151;119m[48;2;42;166;132m▀[0m[38;2;0;15;6m[48;2;0;77;60m▀[0m[38;2;37;17;18m[48;2;71;0;0m▀[0m[38;2;247;0;0m[48;2;247;0;0m▀[0m[38;2;0;54;37m[48;2;0;58;49m▀[0m[38;2;6;99;81m[48;2;16;172;134m▀[0m[38;2;43;159;123m[48;2;36;135;108m▀[0m[38;2;41;130;104m[48;2;37;130;101m▀[0m[38;2;38;126;99m[48;2;38;126;98m▀[0m[38;2;38;126;99m[48;2;38;126;101m▀[0m[38;2;36;128;99m[48;2;38;126;99m▀[0m[38;2;38;128;98m[48;2;38;126;99m▀[0m[38;2;38;126;99m[48;2;38;126;99m▀[0m[38;2;38;126;99m[48;2;38;126;99m▀[0m[38;2;38;126;98m[48;2;39;127;99m▀[0m[38;2;39;126;99m[48;2;39;126;99m▀[0m[38;2;39;127;99m[48;2;38;126;99m▀[0m[38;2;38;126;98m[48;2;38;126;98m▀[0m[38;2;39;126;98m[48;2;38;126;99m▀[0m[38;2;38;126;99m[48;2;38;126;98m▀[0m[38;2;38;126;99m[48;2;38;126;99m▀[0m[38;2;39;126;99m[48;2;38;126;99m▀[0m[38;2;40;127;100m[48;2;39;126;99m▀[0m[38;2;38;126;99m[48;2;39;126;99m▀[0m[38;2;38;128;99m[48;2;38;126;99m▀[0m[38;2;38;126;99m[48;2;38;125;100m▀[0m[38;2;37;127;98m[48;2;37;125;98m▀[0m[38;2;38;126;98m[48;2;38;126;98m▀[0m[38;2;38;126;98m[48;2;38;126;98m▀[0m[38;2;38;126;98m[48;2;38;126;98m▀[0m[38;2;39;127;99m[48;2;38;126;98m▀[0m[38;2;39;126;99m[48;2;38;126;98m▀[0m[38;2;38;126;98m[48;2;38;125;98m▀[0m[38;2;38;126;99m[48;2;38;126;98m▀[0m[38;2;38;126;98m[48;2;38;129;99m▀[0m[38;2;39;126;99m[48;2;40;133;103m▀[0m[38;2;39;129;99m[48;2;41;134;105m▀[0m[38;2;38;124;101m[48;2;46;151;118m▀[0m
[38;2;38;124;99m[48;2;45;146;117m▀[0m[38;2;38;125;98m[48;2;41;130;104m▀[0m[38;2;38;126;98m[48;2;37;129;101m▀[0m[38;2;39;126;98m[48;2;38;125;98m▀[0m[38;2;38;126;98m[48;2;38;126;98m▀[0m[38;2;38;126;98m[48;2;38;126;98m▀[0m[38;2;38;126;98m[48;2;38;126;98m▀[0m[38;2;38;125;98m[48;2;38;126;98m▀[0m[38;2;38;125;98m[48;2;38;126;98m▀[0m[38;2;39;126;98m[48;2;39;127;99m▀[0m[38;2;39;126;99m[48;2;38;126;99m▀[0m[38;2;38;126;99m[48;2;39;126;99m▀[0m[38;2;39;127;99m[48;2;39;126;99m▀[0m[38;2;38;126;99m[48;2;38;126;99m▀[0m[38;2;38;126;99m[48;2;39;126;98m▀[0m[38;2;38;126;99m[48;2;37;127;98m▀[0m[38;2;38;126;98m[48;2;38;126;98m▀[0m[38;2;37;125;98m[48;2;37;125;98m▀[0m[38;2;38;126;98m[48;2;38;126;98m▀[0m[38;2;38;126;98m[48;2;39;126;99m▀[0m[38;2;38;126;98m[48;2;37;127;98m▀[0m[38;2;38;126;98m[48;2;37;127;98m▀[0m[38;2;38;128;99m[48;2;38;128;99m▀[0m[38;2;38;128;99m[48;2;38;126;99m▀[0m[38;2;37;127;100m[48;2;37;127;98m▀[0m[38;2;38;128;99m[48;2;37;127;98m▀[0m[38;2;38;126;99m[48;2;39;126;99m▀[0m[38;2;38;126;99m[48;2;38;125;98m▀[0m[38;2;39;126;99m[48;2;38;126;98m▀[0m[38;2;39;126;99m[48;2;38;126;99m▀[0m[38;2;38;125;98m[48;2;38;126;99m▀[0m[38;2;38;126;98m[48;2;39;127;99m▀[0m[38;2;39;126;99m[48;2;39;126;99m▀[0m[38;2;38;126;98m[48;2;38;126;99m▀[0m[38;2;37;125;98m[48;2;38;126;98m▀[0m[38;2;38;125;98m[48;2;38;126;98m▀[0m[38;2;38;126;98m[48;2;38;126;98m▀[0m[38;2;36;131;100m[48;2;36;129;99m▀[0m[38;2;40;160;123m[48;2;38;153;121m▀[0m[38;2;0;119;93m[48;2;0;129;103m▀[0m[38;2;94;0;0m[48;2;129;0;0m▀[0m[38;2;247;0;0m[48;2;247;0;0m▀[0m[38;2;31;100;81m[48;2;4;158;125m▀[0m[38;2;1;169;132m[48;2;11;152;120m▀[0m[38;2;35;131;104m[48;2;34;130;101m▀[0m[38;2;37;127;98m[48;2;38;128;99m▀[0m[38;2;38;126;98m[48;2;38;126;99m▀[0m[38;2;38;126;99m[48;2;38;128;99m▀[0m[38;2;38;128;99m[48;2;39;127;99m▀[0m[38;2;38;126;99m[48;2;38;126;98m▀[0m[38;2;38;126;99m[48;2;38;126;99m▀[0m[38;2;37;125;98m[48;2;37;127;98m▀[0m[38;2;39;127;99m[48;2;37;127;98m▀[0m[38;2;38;126;99m[48;2;38;125;98m▀[0m[38;2;38;126;99m[48;2;38;126;99m▀[0m[38;2;38;126;99m[48;2;38;128;101m▀[0m[38;2;38;126;99m[48;2;38;128;99m▀[0m[38;2;38;125;98m[48;2;38;128;99m▀[0m[38;2;38;126;99m[48;2;38;128;99m▀[0m[38;2;38;126;99m[48;2;38;128;99m▀[0m[38;2;39;126;99m[48;2;38;126;99m▀[0m[38;2;38;126;98m[48;2;38;126;99m▀[0m[38;2;38;126;98m[48;2;39;127;99m▀[0m[38;2;38;126;98m[48;2;38;126;99m▀[0m[38;2;38;126;99m[48;2;38;126;99m▀[0m[38;2;38;126;99m[48;2;38;126;99m▀[0m[38;2;38;126;98m[48;2;38;126;99m▀[0m[38;2;38;126;99m[48;2;38;126;99m▀[0m[38;2;38;125;100m[48;2;38;126;99m▀[0m[38;2;38;125;98m[48;2;39;126;99m▀[0m[38;2;38;126;98m[48;2;39;129;99m▀[0m[38;2;38;126;99m[48;2;39;133;104m▀[0m[38;2;41;132;104m[48;2;40;139;108m▀[0m[38;2;40;137;110m[48;2;53;179;146m▀[0m[38;2;50;167;133m[48;2;25;87;72m▀[0m[38;2;24;80;66m[48;2;0;0;0m▀[0m
[38;2;34;109;89m[48;2;0;0;0m▀[0m[38;2;53;163;132m[48;2;25;84;69m▀[0m[38;2;40;137;109m[48;2;57;176;142m▀[0m[38;2;39;132;105m[48;2;45;146;119m▀[0m[38;2;39;128;98m[48;2;42;131;105m▀[0m[38;2;38;126;99m[48;2;41;130;104m▀[0m[38;2;38;126;98m[48;2;37;125;97m▀[0m[38;2;38;126;99m[48;2;38;125;98m▀[0m[38;2;38;126;99m[48;2;38;126;99m▀[0m[38;2;38;128;99m[48;2;38;126;99m▀[0m[38;2;39;127;99m[48;2;39;127;99m▀[0m[38;2;39;126;99m[48;2;38;126;98m▀[0m[38;2;39;126;98m[48;2;38;126;98m▀[0m[38;2;38;126;99m[48;2;38;126;99m▀[0m[38;2;38;126;99m[48;2;38;125;98m▀[0m[38;2;37;127;97m[48;2;38;125;97m▀[0m[38;2;38;125;98m[48;2;38;125;98m▀[0m[38;2;39;126;99m[48;2;38;125;98m▀[0m[38;2;39;128;98m[48;2;38;128;98m▀[0m[38;2;39;127;99m[48;2;38;126;98m▀[0m[38;2;38;126;98m[48;2;38;126;98m▀[0m[38;2;38;126;98m[48;2;38;126;98m▀[0m[38;2;38;126;99m[48;2;38;126;98m▀[0m[38;2;39;127;99m[48;2;38;126;99m▀[0m[38;2;38;126;98m[48;2;38;126;98m▀[0m[38;2;38;125;98m[48;2;39;126;99m▀[0m[38;2;38;126;98m[48;2;37;125;98m▀[0m[38;2;38;126;98m[48;2;37;125;98m▀[0m[38;2;38;125;98m[48;2;38;125;98m▀[0m[38;2;38;126;98m[48;2;38;126;99m▀[0m[38;2;38;126;98m[48;2;38;126;98m▀[0m[38;2;39;126;99m[48;2;38;126;98m▀[0m[38;2;38;126;99m[48;2;38;125;98m▀[0m[38;2;38;126;99m[48;2;38;126;98m▀[0m[38;2;38;126;98m[48;2;38;126;101m▀[0m[38;2;38;126;99m[48;2;39;126;99m▀[0m[38;2;38;126;98m[48;2;38;126;98m▀[0m[38;2;37;129;101m[48;2;38;132;105m▀[0m[38;2;37;152;120m[48;2;38;147;116m▀[0m[38;2;0;117;95m[48;2;0;99;83m▀[0m[38;2;180;0;0m[48;2;224;0;0m▀[0m[38;2;227;8;2m[48;2;205;53;34m▀[0m[38;2;0;184;152m[48;2;0;170;137m▀[0m[38;2;30;138;109m[48;2;32;131;105m▀[0m[38;2;35;131;101m[48;2;38;130;101m▀[0m[38;2;38;126;98m[48;2;39;126;99m▀[0m[38;2;38;126;99m[48;2;39;127;99m▀[0m[38;2;39;127;99m[48;2;38;128;99m▀[0m[38;2;39;127;99m[48;2;38;126;99m▀[0m[38;2;38;126;99m[48;2;38;126;98m▀[0m[38;2;38;126;99m[48;2;38;126;98m▀[0m[38;2;38;126;98m[48;2;39;126;99m▀[0m[38;2;38;126;98m[48;2;38;126;98m▀[0m[38;2;38;126;98m[48;2;37;127;98m▀[0m[38;2;38;126;98m[48;2;38;126;99m▀[0m[38;2;38;126;99m[48;2;37;127;100m▀[0m[38;2;38;126;98m[48;2;38;126;98m▀[0m[38;2;38;126;99m[48;2;38;126;99m▀[0m[38;2;39;126;99m[48;2;38;126;99m▀[0m[38;2;39;127;99m[48;2;38;126;98m▀[0m[38;2;39;126;99m[48;2;38;126;99m▀[0m[38;2;38;126;99m[48;2;38;126;99m▀[0m[38;2;38;128;99m[48;2;38;126;99m▀[0m[38;2;39;126;99m[48;2;38;126;98m▀[0m[38;2;39;126;99m[48;2;38;126;98m▀[0m[38;2;39;126;99m[48;2;38;126;98m▀[0m[38;2;38;126;99m[48;2;37;127;98m▀[0m[38;2;38;126;99m[48;2;38;126;99m▀[0m[38;2;38;126;99m[48;2;37;130;104m▀[0m[38;2;37;129;101m[48;2;39;131;102m▀[0m[38;2;40;133;107m[48;2;47;155;122m▀[0m[38;2;42;146;114m[48;2;54;174;143m▀[0m[38;2;53;176;142m[48;2;12;46;40m▀[0m[38;2;20;76;63m[48;2;0;0;0m▀[0m[38;2;0;0;0m[48;2;0;0;0m▀[0m[38;2;0;0;0m[48;2;55;52;56m▀[0m
[38;2;0;0;0m[48;2;0;0;0m▀[0m[38;2;0;0;0m[48;2;0;0;0m▀[0m[38;2;13;42;33m[48;2;0;0;0m▀[0m[38;2;52;161;130m[48;2;0;0;0m▀[0m[38;2;52;162;130m[48;2;36;117;96m▀[0m[38;2;40;137;107m[48;2;55;175;139m▀[0m[38;2;36;129;102m[48;2;48;149;119m▀[0m[38;2;36;128;98m[48;2;39;132;102m▀[0m[38;2;38;126;98m[48;2;37;129;103m▀[0m[38;2;39;126;99m[48;2;39;129;98m▀[0m[38;2;38;128;99m[48;2;38;126;98m▀[0m[38;2;38;126;99m[48;2;39;126;99m▀[0m[38;2;38;126;98m[48;2;38;126;98m▀[0m[38;2;38;126;98m[48;2;38;125;98m▀[0m[38;2;38;126;98m[48;2;38;126;99m▀[0m[38;2;38;126;98m[48;2;38;126;98m▀[0m[38;2;38;126;98m[48;2;38;127;97m▀[0m[38;2;38;125;98m[48;2;38;125;98m▀[0m[38;2;38;126;98m[48;2;38;126;98m▀[0m[38;2;38;126;98m[48;2;37;127;98m▀[0m[38;2;38;126;98m[48;2;38;126;98m▀[0m[38;2;39;126;99m[48;2;38;126;98m▀[0m[38;2;39;126;99m[48;2;38;126;98m▀[0m[38;2;39;126;99m[48;2;39;127;100m▀[0m[38;2;38;126;98m[48;2;38;128;99m▀[0m[38;2;38;126;99m[48;2;38;126;98m▀[0m[38;2;38;126;98m[48;2;38;126;98m▀[0m[38;2;38;126;99m[48;2;38;126;99m▀[0m[38;2;38;125;98m[48;2;38;126;98m▀[0m[38;2;38;126;99m[48;2;38;125;98m▀[0m[38;2;38;126;98m[48;2;38;126;98m▀[0m[38;2;39;126;99m[48;2;38;126;101m▀[0m[38;2;38;125;98m[48;2;38;126;99m▀[0m[38;2;38;126;98m[48;2;39;126;99m▀[0m[38;2;38;126;99m[48;2;38;126;98m▀[0m[38;2;38;126;99m[48;2;38;126;98m▀[0m[38;2;38;126;98m[48;2;37;129;98m▀[0m[38;2;37;136;109m[48;2;39;143;113m▀[0m[38;2;32;140;109m[48;2;26;123;97m▀[0m[38;2;0;102;87m[48;2;0;101;84m▀[0m[38;2;247;0;0m[48;2;247;0;0m▀[0m[38;2;229;36;29m[48;2;209;54;40m▀[0m[38;2;0;149;123m[48;2;0;114;99m▀[0m[38;2;33;129;102m[48;2;32;129;101m▀[0m[38;2;38;132;105m[48;2;40;137;110m▀[0m[38;2;39;127;99m[48;2;38;129;99m▀[0m[38;2;39;127;99m[48;2;39;127;99m▀[0m[38;2;38;126;98m[48;2;39;126;99m▀[0m[38;2;38;126;99m[48;2;38;126;98m▀[0m[38;2;38;126;98m[48;2;39;126;99m▀[0m[38;2;38;126;99m[48;2;38;126;98m▀[0m[38;2;39;126;99m[48;2;38;126;99m▀[0m[38;2;38;126;99m[48;2;38;128;101m▀[0m[38;2;37;127;100m[48;2;38;126;99m▀[0m[38;2;38;126;99m[48;2;38;126;99m▀[0m[38;2;38;128;99m[48;2;38;126;99m▀[0m[38;2;38;128;101m[48;2;39;126;99m▀[0m[38;2;38;126;99m[48;2;39;126;99m▀[0m[38;2;38;126;99m[48;2;38;126;99m▀[0m[38;2;38;126;98m[48;2;38;126;98m▀[0m[38;2;38;126;99m[48;2;38;126;99m▀[0m[38;2;38;126;99m[48;2;38;128;99m▀[0m[38;2;38;126;98m[48;2;38;126;98m▀[0m[38;2;38;126;98m[48;2;38;126;98m▀[0m[38;2;38;126;98m[48;2;39;129;102m▀[0m[38;2;38;126;98m[48;2;39;132;101m▀[0m[38;2;37;129;100m[48;2;40;134;103m▀[0m[38;2;39;133;103m[48;2;47;156;122m▀[0m[38;2;40;138;108m[48;2;55;178;143m▀[0m[38;2;51;170;135m[48;2;32;97;82m▀[0m[38;2;46;152;122m[48;2;0;0;0m▀[0m[38;2;0;10;8m[48;2;0;0;0m▀[0m[38;2;0;0;0m[48;2;0;0;0m▀[0m[38;2;0;0;0m[48;2;53;51;58m▀[0m[38;2;57;63;64m[48;2;247;247;247m▀[0m[38;2;208;214;217m[48;2;132;122;129m▀[0m
[38;2;228;247;247m[48;2;7;4;4m▀[0m[38;2;52;52;56m[48;2;116;127;129m▀[0m[38;2;0;0;0m[48;2;111;117;121m▀[0m[38;2;0;0;0m[48;2;0;0;0m▀[0m[38;2;0;0;0m[48;2;0;0;0m▀[0m[38;2;14;53;41m[48;2;0;0;0m▀[0m[38;2;51;161;127m[48;2;0;0;0m▀[0m[38;2;55;172;135m[48;2;23;79;64m▀[0m[38;2;45;144;114m[48;2;52;164;129m▀[0m[38;2;39;132;103m[48;2;56;172;137m▀[0m[38;2;37;129;101m[48;2;44;147;117m▀[0m[38;2;39;129;99m[48;2;41;133;104m▀[0m[38;2;39;126;99m[48;2;39;130;102m▀[0m[38;2;38;126;98m[48;2;37;129;101m▀[0m[38;2;38;126;99m[48;2;38;126;98m▀[0m[38;2;39;127;99m[48;2;38;126;98m▀[0m[38;2;38;126;98m[48;2;38;126;98m▀[0m[38;2;38;126;98m[48;2;38;126;98m▀[0m[38;2;39;126;99m[48;2;39;127;99m▀[0m[38;2;39;127;99m[48;2;39;126;99m▀[0m[38;2;39;127;100m[48;2;39;126;99m▀[0m[38;2;39;126;98m[48;2;39;126;99m▀[0m[38;2;38;126;98m[48;2;38;126;98m▀[0m[38;2;39;127;99m[48;2;39;126;99m▀[0m[38;2;39;127;99m[48;2;38;126;99m▀[0m[38;2;38;126;98m[48;2;38;125;98m▀[0m[38;2;38;126;98m[48;2;38;125;98m▀[0m[38;2;38;126;98m[48;2;38;125;98m▀[0m[38;2;39;126;98m[48;2;39;126;98m▀[0m[38;2;39;126;99m[48;2;38;126;98m▀[0m[38;2;38;126;99m[48;2;38;126;99m▀[0m[38;2;38;126;99m[48;2;38;126;98m▀[0m[38;2;39;126;99m[48;2;39;127;99m▀[0m[38;2;39;127;99m[48;2;38;128;99m▀[0m[38;2;39;127;99m[48;2;39;127;99m▀[0m[38;2;38;128;98m[48;2;37;129;102m▀[0m[38;2;37;129;102m[48;2;39;137;107m▀[0m[38;2;42;153;123m[48;2;37;148;120m▀[0m[38;2;5;92;71m[48;2;0;34;26m▀[0m[38;2;0;95;80m[48;2;0;121;103m▀[0m[38;2;247;0;0m[48;2;247;0;0m▀[0m[38;2;190;79;56m[48;2;177;88;64m▀[0m[38;2;0;99;89m[48;2;0;131;113m▀[0m[38;2;16;85;67m[48;2;0;12;12m▀[0m[38;2;45;154;122m[48;2;41;139;108m▀[0m[38;2;43;129;102m[48;2;47;143;114m▀[0m[38;2;38;129;99m[48;2;40;131;103m▀[0m[38;2;38;128;99m[48;2;38;129;103m▀[0m[38;2;39;126;98m[48;2;39;127;99m▀[0m[38;2;39;127;99m[48;2;38;126;98m▀[0m[38;2;38;126;98m[48;2;38;126;98m▀[0m[38;2;38;126;98m[48;2;38;126;99m▀[0m[38;2;38;126;98m[48;2;38;126;98m▀[0m[38;2;38;126;98m[48;2;37;127;98m▀[0m[38;2;38;126;99m[48;2;38;126;99m▀[0m[38;2;39;127;99m[48;2;39;127;99m▀[0m[38;2;39;126;99m[48;2;38;126;98m▀[0m[38;2;38;126;99m[48;2;38;126;98m▀[0m[38;2;38;126;99m[48;2;38;126;98m▀[0m[38;2;38;126;98m[48;2;38;128;99m▀[0m[38;2;38;126;99m[48;2;39;129;99m▀[0m[38;2;39;126;99m[48;2;41;129;104m▀[0m[38;2;37;129;98m[48;2;39;132;103m▀[0m[38;2;37;131;101m[48;2;43;144;111m▀[0m[38;2;41;132;103m[48;2;51;170;133m▀[0m[38;2;42;146;114m[48;2;53;167;137m▀[0m[38;2;51;174;139m[48;2;23;76;63m▀[0m[38;2;46;152;122m[48;2;0;0;0m▀[0m[38;2;11;30;29m[48;2;0;0;0m▀[0m[38;2;0;0;0m[48;2;0;0;0m▀[0m[38;2;0;0;0m[48;2;0;0;0m▀[0m[38;2;0;0;0m[48;2;138;153;153m▀[0m[38;2;106;106;108m[48;2;207;214;214m▀[0m[38;2;197;213;212m[48;2;0;0;0m▀[0m[38;2;1;9;7m[48;2;0;0;0m▀[0m[38;2;46;64;60m[48;2;0;0;0m▀[0m
[38;2;0;0;0m[48;2;0;33;20m▀[0m[38;2;0;0;0m[48;2;0;22;11m▀[0m[38;2;116;129;129m[48;2;0;0;0m▀[0m[38;2;192;206;206m[48;2;35;46;43m▀[0m[38;2;56;56;58m[48;2;117;130;132m▀[0m[38;2;0;0;0m[48;2;61;71;75m▀[0m[38;2;0;0;0m[48;2;0;2;3m▀[0m[38;2;0;0;0m[48;2;0;0;0m▀[0m[38;2;0;0;0m[48;2;0;0;0m▀[0m[38;2;28;85;71m[48;2;0;0;0m▀[0m[38;2;51;161;130m[48;2;0;0;0m▀[0m[38;2;54;174;139m[48;2;22;67;56m▀[0m[38;2;44;152;121m[48;2;45;148;116m▀[0m[38;2;37;133;107m[48;2;57;171;138m▀[0m[38;2;38;130;102m[48;2;52;161;126m▀[0m[38;2;37;130;101m[48;2;43;144;111m▀[0m[38;2;37;129;98m[48;2;41;133;103m▀[0m[38;2;38;125;98m[48;2;41;129;101m▀[0m[38;2;38;125;98m[48;2;37;129;102m▀[0m[38;2;39;126;99m[48;2;38;125;98m▀[0m[38;2;39;127;100m[48;2;39;126;99m▀[0m[38;2;39;126;101m[48;2;39;126;99m▀[0m[38;2;39;126;99m[48;2;39;126;99m▀[0m[38;2;39;127;99m[48;2;40;126;99m▀[0m[38;2;38;126;99m[48;2;38;126;98m▀[0m[38;2;38;126;98m[48;2;39;126;99m▀[0m[38;2;38;126;98m[48;2;38;126;98m▀[0m[38;2;38;125;98m[48;2;38;126;98m▀[0m[38;2;38;126;98m[48;2;38;125;98m▀[0m[38;2;38;126;98m[48;2;37;127;98m▀[0m[38;2;38;126;98m[48;2;38;126;98m▀[0m[38;2;38;126;98m[48;2;38;126;98m▀[0m[38;2;39;125;98m[48;2;38;126;98m▀[0m[38;2;39;126;98m[48;2;41;129;101m▀[0m[38;2;39;129;102m[48;2;40;134;103m▀[0m[38;2;41;129;101m[48;2;47;155;122m▀[0m[38;2;45;162;126m[48;2;36;137;115m▀[0m[38;2;11;80;64m[48;2;0;21;19m▀[0m[38;2;0;58;46m[48;2;0;195;153m▀[0m[38;2;0;135;110m[48;2;23;52;44m▀[0m[38;2;247;0;0m[48;2;247;0;0m▀[0m[38;2;143;101;75m[48;2;139;98;73m▀[0m[38;2;0;185;147m[48;2;0;238;185m▀[0m[38;2;1;29;26m[48;2;20;152;117m▀[0m[38;2;6;29;25m[48;2;0;17;13m▀[0m[38;2;49;164;129m[48;2;22;75;63m▀[0m[38;2;47;141;115m[48;2;57;178;144m▀[0m[38;2;41;133;105m[48;2;46;147;118m▀[0m[38;2;37;129;102m[48;2;39;133;107m▀[0m[38;2;39;126;98m[48;2;38;131;102m▀[0m[38;2;38;126;99m[48;2;39;130;100m▀[0m[38;2;37;127;100m[48;2;37;129;101m▀[0m[38;2;38;126;99m[48;2;37;129;101m▀[0m[38;2;38;126;99m[48;2;37;129;101m▀[0m[38;2;38;126;99m[48;2;37;129;101m▀[0m[38;2;38;126;98m[48;2;36;130;100m▀[0m[38;2;38;126;98m[48;2;38;130;104m▀[0m[38;2;37;129;98m[48;2;41;133;103m▀[0m[38;2;37;127;102m[48;2;42;140;112m▀[0m[38;2;36;131;100m[48;2;47;157;123m▀[0m[38;2;39;132;105m[48;2;56;173;136m▀[0m[38;2;45;146;114m[48;2;54;162;132m▀[0m[38;2;53;168;134m[48;2;31;96;80m▀[0m[38;2;53;168;138m[48;2;0;0;0m▀[0m[38;2;29;97;81m[48;2;0;0;0m▀[0m[38;2;0;0;0m[48;2;0;0;0m▀[0m[38;2;0;0;0m[48;2;0;0;0m▀[0m[38;2;0;0;0m[48;2;0;0;0m▀[0m[38;2;0;0;0m[48;2;107;100;107m▀[0m[38;2;7;0;0m[48;2;212;215;215m▀[0m[38;2;97;93;97m[48;2;243;247;247m▀[0m[38;2;159;161;166m[48;2;247;247;247m▀[0m[38;2;0;0;0m[48;2;0;20;10m▀[0m[38;2;0;0;0m[48;2;0;21;10m▀[0m[38;2;0;0;0m[48;2;0;54;40m▀[0m[38;2;0;0;0m[48;2;0;74;52m▀[0m
[38;2;0;0;0m[48;2;0;39;30m▀[0m[38;2;0;0;0m[48;2;0;26;19m▀[0m[38;2;0;0;0m[48;2;0;11;9m▀[0m[38;2;0;0;0m[48;2;0;10;10m▀[0m[38;2;0;0;0m[48;2;0;6;4m▀[0m[38;2;18;14;16m[48;2;0;0;0m▀[0m[38;2;214;218;221m[48;2;40;28;33m▀[0m[38;2;143;145;149m[48;2;31;23;28m▀[0m[38;2;0;0;0m[48;2;0;0;0m▀[0m[38;2;0;0;0m[48;2;59;48;55m▀[0m[38;2;0;0;0m[48;2;33;32;33m▀[0m[38;2;0;0;0m[48;2;0;0;0m▀[0m[38;2;0;0;0m[48;2;0;0;0m▀[0m[38;2;13;33;30m[48;2;0;0;0m▀[0m[38;2;38;114;94m[48;2;0;0;0m▀[0m[38;2;53;163;131m[48;2;0;0;0m▀[0m[38;2;56;173;138m[48;2;17;53;45m▀[0m[38;2;50;160;126m[48;2;37;116;95m▀[0m[38;2;42;145;115m[48;2;51;157;126m▀[0m[38;2;40;133;106m[48;2;57;174;137m▀[0m[38;2;35;131;102m[48;2;53;172;137m▀[0m[38;2;37;130;103m[48;2;50;161;129m▀[0m[38;2;38;130;102m[48;2;47;150;121m▀[0m[38;2;42;129;101m[48;2;46;141;110m▀[0m[38;2;38;126;98m[48;2;42;135;106m▀[0m[38;2;38;126;98m[48;2;40;133;106m▀[0m[38;2;39;126;99m[48;2;39;132;102m▀[0m[38;2;38;126;99m[48;2;36;130;101m▀[0m[38;2;38;125;98m[48;2;38;130;102m▀[0m[38;2;38;126;99m[48;2;38;132;103m▀[0m[38;2;37;129;102m[48;2;37;134;106m▀[0m[38;2;37;129;100m[48;2;36;141;108m▀[0m[38;2;39;131;101m[48;2;42;155;124m▀[0m[38;2;40;134;105m[48;2;48;183;149m▀[0m[38;2;46;165;129m[48;2;32;142;115m▀[0m[38;2;42;160;127m[48;2;0;0;0m▀[0m[38;2;0;32;29m[48;2;0;0;0m▀[0m[38;2;10;124;97m[48;2;0;0;0m▀[0m[38;2;0;175;137m[48;2;0;0;0m▀[0m[38;2;166;0;0m[48;2;247;0;0m▀[0m[38;2;247;0;0m[48;2;247;0;0m▀[0m[38;2;238;30;21m[48;2;247;0;0m▀[0m[38;2;0;158;128m[48;2;198;0;0m▀[0m[38;2;0;64;51m[48;2;0;0;0m▀[0m[38;2;0;0;0m[48;2;0;0;0m▀[0m[38;2;0;0;0m[48;2;0;0;0m▀[0m[38;2;23;95;76m[48;2;0;0;0m▀[0m[38;2;48;178;139m[48;2;0;0;0m▀[0m[38;2;51;177;141m[48;2;0;46;40m▀[0m[38;2;47;173;135m[48;2;6;90;71m▀[0m[38;2;46;161;128m[48;2;29;119;99m▀[0m[38;2;46;155;124m[48;2;35;136;112m▀[0m[38;2;46;152;119m[48;2;42;146;116m▀[0m[38;2;47;152;119m[48;2;50;146;119m▀[0m[38;2;49;155;121m[48;2;46;139;110m▀[0m[38;2;49;161;125m[48;2;39;121;97m▀[0m[38;2;52;169;132m[48;2;31;91;76m▀[0m[38;2;56;173;138m[48;2;18;50;41m▀[0m[38;2;53;165;134m[48;2;1;0;0m▀[0m[38;2;43;132;112m[48;2;0;0;0m▀[0m[38;2;22;64;55m[48;2;0;0;0m▀[0m[38;2;0;0;0m[48;2;0;0;0m▀[0m[38;2;0;0;0m[48;2;0;0;0m▀[0m[38;2;0;0;0m[48;2;0;0;0m▀[0m[38;2;0;0;0m[48;2;48;40;43m▀[0m[38;2;0;0;0m[48;2;203;203;207m▀[0m[38;2;49;44;48m[48;2;217;212;219m▀[0m[38;2;226;227;233m[48;2;49;78;67m▀[0m[38;2;178;165;171m[48;2;0;0;0m▀[0m[38;2;0;0;0m[48;2;0;75;39m▀[0m[38;2;0;0;0m[48;2;0;106;58m▀[0m[38;2;170;176;186m[48;2;0;71;27m▀[0m[38;2;114;160;154m[48;2;0;97;60m▀[0m[38;2;0;33;15m[48;2;0;86;52m▀[0m[38;2;0;64;47m[48;2;0;90;56m▀[0m[38;2;0;61;41m[48;2;0;97;61m▀[0m
[38;2;0;22;14m[48;2;0;78;49m▀[0m[38;2;0;16;8m[48;2;0;80;49m▀[0m[38;2;3;2;2m[48;2;0;53;33m▀[0m[38;2;0;0;0m[48;2;0;45;31m▀[0m[38;2;0;0;0m[48;2;0;57;38m▀[0m[38;2;0;0;0m[48;2;0;68;44m▀[0m[38;2;0;0;0m[48;2;0;69;40m▀[0m[38;2;0;0;0m[48;2;0;65;34m▀[0m[38;2;0;0;0m[48;2;0;22;15m▀[0m[38;2;41;59;55m[48;2;0;0;0m▀[0m[38;2;185;194;194m[48;2;0;0;0m▀[0m[38;2;142;139;143m[48;2;93;64;74m▀[0m[38;2;6;0;1m[48;2;192;184;192m▀[0m[38;2;0;0;0m[48;2;145;141;148m▀[0m[38;2;0;0;0m[48;2;43;43;43m▀[0m[38;2;0;0;0m[48;2;0;0;0m▀[0m[38;2;0;0;0m[48;2;0;0;0m▀[0m[38;2;0;0;0m[48;2;0;0;0m▀[0m[38;2;0;0;0m[48;2;0;0;0m▀[0m[38;2;9;22;20m[48;2;0;0;0m▀[0m[38;2;23;75;63m[48;2;0;0;0m▀[0m[38;2;37;122;98m[48;2;0;0;0m▀[0m[38;2;49;148;122m[48;2;0;0;0m▀[0m[38;2;56;168;132m[48;2;0;0;0m▀[0m[38;2;57;176;142m[48;2;12;32;28m▀[0m[38;2;56;175;140m[48;2;22;64;53m▀[0m[38;2;52;171;136m[48;2;29;86;73m▀[0m[38;2;50;166;131m[48;2;27;96;80m▀[0m[38;2;50;169;134m[48;2;22;90;76m▀[0m[38;2;46;173;136m[48;2;0;69;63m▀[0m[38;2;46;176;141m[48;2;0;44;40m▀[0m[38;2;42;173;138m[48;2;0;3;4m▀[0m[38;2;32;144;120m[48;2;0;0;0m▀[0m[38;2;0;63;56m[48;2;0;0;0m▀[0m[38;2;0;0;0m[48;2;0;0;0m▀[0m[38;2;0;0;0m[48;2;99;0;0m▀[0m[38;2;0;0;0m[48;2;211;0;0m▀[0m[38;2;49;0;0m[48;2;247;0;0m▀[0m[38;2;247;0;0m[48;2;247;0;0m▀[0m[38;2;247;206;203m[48;2;247;146;144m▀[0m[38;2;247;162;158m[48;2;226;134;136m▀[0m[38;2;247;0;0m[48;2;222;0;0m▀[0m[38;2;247;0;0m[48;2;175;0;0m▀[0m[38;2;122;0;0m[48;2;247;0;0m▀[0m[38;2;57;0;0m[48;2;247;0;0m▀[0m[38;2;0;0;0m[48;2;247;0;0m▀[0m[38;2;0;0;0m[48;2;145;0;0m▀[0m[38;2;0;0;0m[48;2;227;0;0m▀[0m[38;2;0;0;0m[48;2;247;0;0m▀[0m[38;2;0;0;0m[48;2;247;0;0m▀[0m[38;2;0;0;0m[48;2;247;0;0m▀[0m[38;2;0;0;0m[48;2;0;0;0m▀[0m[38;2;0;0;0m[48;2;0;0;0m▀[0m[38;2;0;0;0m[48;2;0;0;0m▀[0m[38;2;0;0;0m[48;2;0;0;0m▀[0m[38;2;0;0;0m[48;2;1;0;0m▀[0m[38;2;0;0;0m[48;2;0;0;0m▀[0m[38;2;0;0;0m[48;2;4;0;0m▀[0m[38;2;0;0;0m[48;2;92;69;84m▀[0m[38;2;0;0;0m[48;2;25;13;24m▀[0m[38;2;7;0;0m[48;2;14;30;29m▀[0m[38;2;0;0;0m[48;2;0;23;15m▀[0m[38;2;0;0;0m[48;2;0;38;20m▀[0m[38;2;105;64;79m[48;2;0;68;42m▀[0m[38;2;238;211;225m[48;2;0;38;11m▀[0m[38;2;82;48;58m[48;2;0;48;13m▀[0m[38;2;0;0;0m[48;2;0;97;59m▀[0m[38;2;0;0;0m[48;2;0;94;57m▀[0m[38;2;0;27;12m[48;2;0;87;53m▀[0m[38;2;0;38;24m[48;2;0;67;45m▀[0m[38;2;0;53;33m[48;2;0;46;38m▀[0m[38;2;0;75;49m[48;2;0;46;33m▀[0m[38;2;0;79;52m[48;2;0;53;37m▀[0m[38;2;0;90;58m[48;2;0;68;46m▀[0m[38;2;0;91;60m[48;2;0;51;37m▀[0m[38;2;0;79;58m[48;2;0;65;50m▀[0m
[38;2;0;81;54m[48;2;0;119;81m▀[0m[38;2;0;94;68m[48;2;0;93;66m▀[0m[38;2;0;102;76m[48;2;0;60;47m▀[0m[38;2;0;96;71m[48;2;0;62;42m▀[0m[38;2;0;77;58m[48;2;0;76;48m▀[0m[38;2;0;58;41m[48;2;0;104;64m▀[0m[38;2;0;56;37m[48;2;0;121;77m▀[0m[38;2;0;58;37m[48;2;0;128;81m▀[0m[38;2;0;53;33m[48;2;0;131;84m▀[0m[38;2;0;61;41m[48;2;0;127;85m▀[0m[38;2;0;79;52m[48;2;0;120;81m▀[0m[38;2;0;25;4m[48;2;0;105;68m▀[0m[38;2;0;0;0m[48;2;0;84;51m▀[0m[38;2;71;59;64m[48;2;0;72;35m▀[0m[38;2;151;159;161m[48;2;0;45;13m▀[0m[38;2;187;187;196m[48;2;0;0;0m▀[0m[38;2;136;127;136m[48;2;48;6;19m▀[0m[38;2;74;76;77m[48;2;136;112;125m▀[0m[38;2;0;0;0m[48;2;127;110;121m▀[0m[38;2;0;0;0m[48;2;49;36;45m▀[0m[38;2;0;0;0m[48;2;161;154;162m▀[0m[38;2;0;0;0m[48;2;118;103;115m▀[0m[38;2;0;0;0m[48;2;0;0;0m▀[0m[38;2;0;0;0m[48;2;0;0;0m▀[0m[38;2;0;0;0m[48;2;0;0;0m▀[0m[38;2;0;0;0m[48;2;0;0;0m▀[0m[38;2;0;0;0m[48;2;0;0;0m▀[0m[38;2;0;0;0m[48;2;0;0;0m▀[0m[38;2;0;0;0m[48;2;18;0;0m▀[0m[38;2;0;0;0m[48;2;247;0;0m▀[0m[38;2;37;0;0m[48;2;247;0;0m▀[0m[38;2;97;0;0m[48;2;247;0;0m▀[0m[38;2;185;0;0m[48;2;247;0;0m▀[0m[38;2;247;0;0m[48;2;247;0;0m▀[0m[38;2;212;0;0m[48;2;247;0;0m▀[0m[38;2;247;0;0m[48;2;247;0;0m▀[0m[38;2;247;0;0m[48;2;233;0;0m▀[0m[38;2;247;0;0m[48;2;222;0;0m▀[0m[38;2;247;0;0m[48;2;237;0;0m▀[0m[38;2;247;0;0m[48;2;247;94;96m▀[0m[38;2;247;0;0m[48;2;247;133;136m▀[0m[38;2;247;20;16m[48;2;247;101;103m▀[0m[38;2;247;0;0m[48;2;226;0;0m▀[0m[38;2;247;0;0m[48;2;142;0;0m▀[0m[38;2;247;0;0m[48;2;143;0;0m▀[0m[38;2;137;0;0m[48;2;225;0;0m▀[0m[38;2;68;0;0m[48;2;247;0;0m▀[0m[38;2;247;0;0m[48;2;247;0;0m▀[0m[38;2;247;0;0m[48;2;0;59;36m▀[0m[38;2;247;0;0m[48;2;0;97;63m▀[0m[38;2;168;0;0m[48;2;0;98;64m▀[0m[38;2;0;0;0m[48;2;0;118;74m▀[0m[38;2;0;0;0m[48;2;0;53;37m▀[0m[38;2;0;1;2m[48;2;0;58;38m▀[0m[38;2;0;6;6m[48;2;0;105;71m▀[0m[38;2;0;26;18m[48;2;0;128;87m▀[0m[38;2;0;16;11m[48;2;0;140;89m▀[0m[38;2;1;14;5m[48;2;0;105;64m▀[0m[38;2;0;102;68m[48;2;0;74;45m▀[0m[38;2;0;132;83m[48;2;0;68;43m▀[0m[38;2;0;129;78m[48;2;0;104;70m▀[0m[38;2;0;129;78m[48;2;0;124;82m▀[0m[38;2;0;129;81m[48;2;0;93;48m▀[0m[38;2;0;120;74m[48;2;0;83;41m▀[0m[38;2;0;125;76m[48;2;0;95;51m▀[0m[38;2;0;119;75m[48;2;0;96;58m▀[0m[38;2;0;108;69m[48;2;0;97;63m▀[0m[38;2;0;109;69m[48;2;0;105;63m▀[0m[38;2;0;125;74m[48;2;0;111;67m▀[0m[38;2;0;91;55m[48;2;0;120;74m▀[0m[38;2;0;77;52m[48;2;0;121;75m▀[0m[38;2;0;63;43m[48;2;0;124;76m▀[0m[38;2;0;17;14m[48;2;0;126;84m▀[0m[38;2;0;57;40m[48;2;0;125;84m▀[0m[38;2;0;51;36m[48;2;0;122;80m▀[0m[38;2;0;44;30m[48;2;0;111;72m▀[0m
[38;2;1;0;0m[48;2;0;108;67m▀[0m[38;2;2;0;0m[48;2;0;116;71m▀[0m[38;2;0;44;32m[48;2;0;111;72m▀[0m[38;2;0;65;46m[48;2;0;83;61m▀[0m[38;2;0;71;49m[48;2;0;91;64m▀[0m[38;2;0;69;50m[48;2;0;78;54m▀[0m[38;2;0;57;39m[48;2;0;77;52m▀[0m[38;2;0;46;34m[48;2;0;79;55m▀[0m[38;2;0;38;30m[48;2;0;95;64m▀[0m[38;2;0;35;24m[48;2;0;101;66m▀[0m[38;2;0;12;8m[48;2;0;76;51m▀[0m[38;2;0;51;34m[48;2;0;54;37m▀[0m[38;2;0;71;46m[48;2;0;57;37m▀[0m[38;2;0;0;0m[48;2;0;94;61m▀[0m[38;2;0;12;8m[48;2;0;127;81m▀[0m[38;2;0;24;7m[48;2;0;133;84m▀[0m[38;2;0;11;0m[48;2;0;129;82m▀[0m[38;2;0;0;0m[48;2;0;90;37m▀[0m[38;2;157;186;185m[48;2;161;239;223m▀[0m[38;2;171;167;179m[48;2;156;220;205m▀[0m[38;2;8;8;6m[48;2;0;68;15m▀[0m[38;2;0;5;4m[48;2;0;125;76m▀[0m[38;2;0;16;10m[48;2;0;138;87m▀[0m[38;2;0;17;14m[48;2;0;78;48m▀[0m[38;2;0;12;9m[48;2;0;53;32m▀[0m[38;2;0;8;6m[48;2;0;74;52m▀[0m[38;2;0;14;9m[48;2;0;42;32m▀[0m[38;2;0;0;0m[48;2;0;39;26m▀[0m[38;2;0;26;18m[48;2;0;149;91m▀[0m[38;2;0;99;62m[48;2;0;158;97m▀[0m[38;2;0;86;53m[48;2;0;152;97m▀[0m[38;2;0;80;50m[48;2;7;125;75m▀[0m[38;2;0;40;26m[48;2;183;30;11m▀[0m[38;2;247;0;0m[48;2;247;0;0m▀[0m[38;2;247;0;0m[48;2;247;0;0m▀[0m[38;2;247;0;0m[48;2;247;0;0m▀[0m[38;2;247;0;0m[48;2;247;0;0m▀[0m[38;2;247;0;0m[48;2;247;0;0m▀[0m[38;2;247;0;0m[48;2;247;0;0m▀[0m[38;2;247;87;91m[48;2;247;0;0m▀[0m[38;2;247;144;148m[48;2;247;0;0m▀[0m[38;2;247;0;0m[48;2;247;0;0m▀[0m[38;2;247;0;0m[48;2;247;0;0m▀[0m[38;2;247;0;0m[48;2;247;0;0m▀[0m[38;2;247;0;0m[48;2;247;0;0m▀[0m[38;2;247;0;0m[48;2;247;0;0m▀[0m[38;2;247;0;0m[48;2;207;0;0m▀[0m[38;2;247;0;0m[48;2;129;0;0m▀[0m[38;2;247;0;0m[48;2;20;27;19m▀[0m[38;2;0;126;83m[48;2;0;121;82m▀[0m[38;2;0;142;93m[48;2;0;121;81m▀[0m[38;2;0;131;87m[48;2;0;109;71m▀[0m[38;2;0;90;60m[48;2;0;115;77m▀[0m[38;2;0;100;64m[48;2;0;107;71m▀[0m[38;2;0;117;74m[48;2;0;103;66m▀[0m[38;2;0;116;75m[48;2;0;96;64m▀[0m[38;2;0;113;75m[48;2;0;89;60m▀[0m[38;2;0;119;76m[48;2;0;86;58m▀[0m[38;2;0;125;79m[48;2;0;86;57m▀[0m[38;2;0;100;63m[48;2;0;89;59m▀[0m[38;2;0;74;52m[48;2;0;95;68m▀[0m[38;2;49;126;115m[48;2;54;138;123m▀[0m[38;2;70;199;179m[48;2;54;54;64m▀[0m[38;2;45;188;155m[48;2;36;21;29m▀[0m[38;2;19;144;114m[48;2;12;76;56m▀[0m[38;2;14;116;93m[48;2;0;91;64m▀[0m[38;2;20;112;90m[48;2;0;96;66m▀[0m[38;2;19;105;83m[48;2;0;84;59m▀[0m[38;2;4;84;62m[48;2;0;88;60m▀[0m[38;2;0;56;35m[48;2;0;97;64m▀[0m[38;2;0;56;39m[48;2;0;103;69m▀[0m[38;2;0;55;40m[48;2;0;102;68m▀[0m[38;2;0;52;38m[48;2;0;102;67m▀[0m[38;2;0;54;38m[48;2;0;103;68m▀[0m[38;2;0;48;34m[48;2;0;106;68m▀[0m[38;2;0;53;36m[48;2;0;110;70m▀[0m
[38;2;0;83;59m[48;2;0;106;62m▀[0m[38;2;0;87;61m[48;2;0;107;64m▀[0m[38;2;0;85;59m[48;2;0;98;60m▀[0m[38;2;0;24;17m[48;2;0;107;61m▀[0m[38;2;0;33;22m[48;2;0;131;85m▀[0m[38;2;0;96;60m[48;2;0;121;81m▀[0m[38;2;0;121;79m[48;2;0;74;51m▀[0m[38;2;0;121;82m[48;2;0;41;32m▀[0m[38;2;0;79;54m[48;2;0;68;46m▀[0m[38;2;0;42;31m[48;2;0;109;72m▀[0m[38;2;0;56;40m[48;2;0;129;86m▀[0m[38;2;0;91;59m[48;2;0;118;76m▀[0m[38;2;0;121;77m[48;2;0;115;73m▀[0m[38;2;0;116;76m[48;2;0;110;72m▀[0m[38;2;0;105;69m[48;2;0;108;70m▀[0m[38;2;0;106;64m[48;2;0;108;69m▀[0m[38;2;0;99;64m[48;2;0;108;70m▀[0m[38;2;0;81;41m[48;2;0;103;64m▀[0m[38;2;26;147;116m[48;2;0;89;51m▀[0m[38;2;26;146;112m[48;2;0;121;84m▀[0m[38;2;0;80;36m[48;2;0;119;88m▀[0m[38;2;0;104;64m[48;2;0;94;66m▀[0m[38;2;0;119;75m[48;2;0;66;37m▀[0m[38;2;0;134;86m[48;2;0;74;45m▀[0m[38;2;0;154;96m[48;2;0;67;41m▀[0m[38;2;0;125;81m[48;2;0;0;0m▀[0m[38;2;0;69;48m[48;2;0;69;46m▀[0m[38;2;0;125;69m[48;2;9;41;17m▀[0m[38;2;247;106;88m[48;2;247;0;0m▀[0m[38;2;247;0;0m[48;2;247;0;0m▀[0m[38;2;247;0;0m[48;2;184;0;0m▀[0m[38;2;247;0;0m[48;2;0;3;0m▀[0m[38;2;247;0;0m[48;2;0;63;42m▀[0m[38;2;86;0;0m[48;2;0;88;57m▀[0m[38;2;0;11;9m[48;2;0;94;57m▀[0m[38;2;0;14;11m[48;2;0;94;62m▀[0m[38;2;0;11;11m[48;2;0;92;61m▀[0m[38;2;94;0;0m[48;2;0;90;59m▀[0m[38;2;247;0;0m[48;2;0;60;33m▀[0m[38;2;247;0;0m[48;2;0;43;30m▀[0m[38;2;247;0;0m[48;2;62;36;20m▀[0m[38;2;247;0;0m[48;2;237;0;0m▀[0m[38;2;12;0;0m[48;2;247;0;0m▀[0m[38;2;0;82;66m[48;2;155;35;26m▀[0m[38;2;0;41;34m[48;2;56;66;63m▀[0m[38;2;0;59;30m[48;2;1;76;44m▀[0m[38;2;0;79;47m[48;2;0;97;61m▀[0m[38;2;0;89;55m[48;2;0;103;63m▀[0m[38;2;0;100;66m[48;2;0;99;64m▀[0m[38;2;0;82;55m[48;2;0;97;58m▀[0m[38;2;0;68;47m[48;2;0;114;67m▀[0m[38;2;0;56;38m[48;2;0;134;84m▀[0m[38;2;0;55;35m[48;2;0;124;76m▀[0m[38;2;0;50;34m[48;2;0;117;72m▀[0m[38;2;0;34;25m[48;2;0;98;65m▀[0m[38;2;0;61;41m[48;2;0;75;58m▀[0m[38;2;0;66;41m[48;2;0;109;70m▀[0m[38;2;0;69;46m[48;2;0;113;72m▀[0m[38;2;0;55;38m[48;2;0;116;71m▀[0m[38;2;0;50;37m[48;2;0;111;68m▀[0m[38;2;0;26;18m[48;2;0;91;57m▀[0m[38;2;0;21;13m[48;2;0;43;26m▀[0m[38;2;0;34;16m[48;2;4;0;0m▀[0m[38;2;0;47;30m[48;2;0;62;42m▀[0m[38;2;0;48;31m[48;2;0;87;58m▀[0m[38;2;0;47;30m[48;2;0;36;25m▀[0m[38;2;0;86;58m[48;2;17;59;52m▀[0m[38;2;0;117;79m[48;2;0;36;26m▀[0m[38;2;0;127;84m[48;2;0;68;48m▀[0m[38;2;0;62;40m[48;2;0;68;47m▀[0m[38;2;0;40;32m[48;2;0;80;53m▀[0m[38;2;0;97;63m[48;2;0;111;71m▀[0m[38;2;0;111;68m[48;2;0;108;67m▀[0m[38;2;0;105;64m[48;2;0;102;63m▀[0m[38;2;0;101;67m[48;2;0;100;64m▀[0m[38;2;0;98;64m[48;2;0;101;64m▀[0m
[38;2;67;130;117m[48;2;50;0;2m▀[0m[38;2;0;96;64m[48;2;42;34;38m▀[0m[38;2;33;138;124m[48;2;11;76;64m▀[0m[38;2;43;152;138m[48;2;0;109;82m▀[0m[38;2;0;45;30m[48;2;0;77;48m▀[0m[38;2;2;0;0m[48;2;0;95;61m▀[0m[38;2;0;11;9m[48;2;0;110;71m▀[0m[38;2;0;42;32m[48;2;0;110;72m▀[0m[38;2;0;78;53m[48;2;0;99;62m▀[0m[38;2;0;65;42m[48;2;0;97;61m▀[0m[38;2;0;57;37m[48;2;0;95;59m▀[0m[38;2;0;56;38m[48;2;0;92;60m▀[0m[38;2;0;59;41m[48;2;0;85;58m▀[0m[38;2;0;59;41m[48;2;0;78;58m▀[0m[38;2;0;57;41m[48;2;0;74;55m▀[0m[38;2;0;53;39m[48;2;0;81;58m▀[0m[38;2;0;32;23m[48;2;0;72;48m▀[0m[38;2;0;0;0m[48;2;0;91;60m▀[0m[38;2;2;30;25m[48;2;0;113;69m▀[0m[38;2;32;80;66m[48;2;0;97;59m▀[0m[38;2;17;76;61m[48;2;0;97;60m▀[0m[38;2;16;79;64m[48;2;0;108;63m▀[0m[38;2;79;184;161m[48;2;0;156;114m▀[0m[38;2;51;77;77m[48;2;25;2;15m▀[0m[38;2;0;0;0m[48;2;0;34;24m▀[0m[38;2;43;65;67m[48;2;32;152;129m▀[0m[38;2;69;151;138m[48;2;12;154;122m▀[0m[38;2;84;224;207m[48;2;18;166;132m▀[0m[38;2;43;209;193m[48;2;0;99;71m▀[0m[38;2;0;89;59m[48;2;0;108;63m▀[0m[38;2;0;115;68m[48;2;0;123;79m▀[0m[38;2;0;118;76m[48;2;0;117;74m▀[0m[38;2;0;113;71m[48;2;0;113;72m▀[0m[38;2;0;113;68m[48;2;0;117;74m▀[0m[38;2;0;110;70m[48;2;0;107;70m▀[0m[38;2;0;110;70m[48;2;0;106;68m▀[0m[38;2;0;115;74m[48;2;0;107;70m▀[0m[38;2;0;117;78m[48;2;0;126;84m▀[0m[38;2;0;133;89m[48;2;0;134;82m▀[0m[38;2;0;155;102m[48;2;0;98;61m▀[0m[38;2;0;183;117m[48;2;56;72;42m▀[0m[38;2;0;130;79m[48;2;175;15;3m▀[0m[38;2;169;0;0m[48;2;247;0;0m▀[0m[38;2;247;0;0m[48;2;247;0;0m▀[0m[38;2;247;0;0m[48;2;247;0;0m▀[0m[38;2;247;0;0m[48;2;247;0;0m▀[0m[38;2;247;0;0m[48;2;247;0;0m▀[0m[38;2;247;0;0m[48;2;247;0;0m▀[0m[38;2;247;0;0m[48;2;247;0;0m▀[0m[38;2;247;0;0m[48;2;247;0;1m▀[0m[38;2;247;0;0m[48;2;247;0;0m▀[0m[38;2;247;0;0m[48;2;239;0;0m▀[0m[38;2;0;107;63m[48;2;0;106;64m▀[0m[38;2;0;112;70m[48;2;0;112;70m▀[0m[38;2;0;107;66m[48;2;0;98;63m▀[0m[38;2;0;87;59m[48;2;0;102;67m▀[0m[38;2;0;93;61m[48;2;0;102;64m▀[0m[38;2;0;100;63m[48;2;0;98;64m▀[0m[38;2;0;100;63m[48;2;0;99;65m▀[0m[38;2;0;105;67m[48;2;0;99;64m▀[0m[38;2;0;109;70m[48;2;0;101;64m▀[0m[38;2;0;115;75m[48;2;0;101;65m▀[0m[38;2;0;88;56m[48;2;0;110;68m▀[0m[38;2;0;106;66m[48;2;0;104;66m▀[0m[38;2;0;109;65m[48;2;0;104;64m▀[0m[38;2;0;103;63m[48;2;0;104;64m▀[0m[38;2;0;113;73m[48;2;0;100;64m▀[0m[38;2;0;97;63m[48;2;0;107;66m▀[0m[38;2;0;46;31m[48;2;0;118;72m▀[0m[38;2;2;5;9m[48;2;0;109;66m▀[0m[38;2;0;49;38m[48;2;0;67;41m▀[0m[38;2;0;97;64m[48;2;5;0;0m▀[0m[38;2;0;125;81m[48;2;0;15;11m▀[0m[38;2;0;113;73m[48;2;0;94;62m▀[0m[38;2;0;99;65m[48;2;0;124;81m▀[0m[38;2;0;100;65m[48;2;0;121;77m▀[0m
[38;2;32;0;5m[48;2;33;0;11m▀[0m[38;2;11;140;106m[48;2;21;120;96m▀[0m[38;2;0;86;45m[48;2;0;70;42m▀[0m[38;2;0;89;57m[48;2;0;76;45m▀[0m[38;2;0;90;62m[48;2;0;80;49m▀[0m[38;2;0;88;60m[48;2;0;86;52m▀[0m[38;2;0;80;53m[48;2;0;84;47m▀[0m[38;2;0;75;52m[48;2;0;81;50m▀[0m[38;2;0;81;59m[48;2;0;90;56m▀[0m[38;2;0;82;56m[48;2;0;95;57m▀[0m[38;2;0;76;56m[48;2;0;101;61m▀[0m[38;2;0;79;55m[48;2;0;102;61m▀[0m[38;2;0;86;57m[48;2;0;104;64m▀[0m[38;2;0;92;62m[48;2;0;97;54m▀[0m[38;2;0;97;62m[48;2;0;97;59m▀[0m[38;2;0;106;69m[48;2;0;97;59m▀[0m[38;2;0;110;71m[48;2;0;94;54m▀[0m[38;2;0;109;65m[48;2;0;94;52m▀[0m[38;2;0;98;64m[48;2;0;94;54m▀[0m[38;2;0;99;65m[48;2;0;77;36m▀[0m[38;2;0;95;54m[48;2;25;182;145m▀[0m[38;2;0;129;88m[48;2;48;63;67m▀[0m[38;2;0;0;0m[48;2;0;32;16m▀[0m[38;2;0;37;16m[48;2;0;131;82m▀[0m[38;2;0;119;72m[48;2;0;106;65m▀[0m[38;2;0;82;46m[48;2;0;105;67m▀[0m[38;2;0;89;50m[48;2;0;99;64m▀[0m[38;2;0;85;44m[48;2;0;100;63m▀[0m[38;2;0;98;61m[48;2;0;115;70m▀[0m[38;2;0;102;63m[48;2;0;32;25m▀[0m[38;2;0;87;58m[48;2;1;0;0m▀[0m[38;2;0;101;65m[48;2;0;80;53m▀[0m[38;2;0;109;68m[48;2;0;128;83m▀[0m[38;2;0;75;51m[48;2;0;74;51m▀[0m[38;2;0;96;63m[48;2;0;123;83m▀[0m[38;2;0;100;68m[48;2;0;135;90m▀[0m[38;2;0;114;74m[48;2;0;152;99m▀[0m[38;2;43;79;45m[48;2;137;56;30m▀[0m[38;2;247;0;0m[48;2;247;0;0m▀[0m[38;2;247;0;0m[48;2;247;0;0m▀[0m[38;2;247;0;0m[48;2;247;0;0m▀[0m[38;2;247;0;0m[48;2;247;0;0m▀[0m[38;2;247;0;0m[48;2;247;0;0m▀[0m[38;2;247;0;0m[48;2;247;90;93m▀[0m[38;2;247;0;0m[48;2;247;164;171m▀[0m[38;2;247;0;0m[48;2;247;88;88m▀[0m[38;2;247;0;0m[48;2;247;0;0m▀[0m[38;2;247;0;0m[48;2;247;0;0m▀[0m[38;2;46;0;0m[48;2;247;0;0m▀[0m[38;2;0;35;15m[48;2;0;102;64m▀[0m[38;2;0;66;41m[48;2;0;145;91m▀[0m[38;2;0;111;75m[48;2;0;112;68m▀[0m[38;2;0;116;75m[48;2;0;103;65m▀[0m[38;2;0;104;63m[48;2;0;99;64m▀[0m[38;2;0;99;64m[48;2;0;99;64m▀[0m[38;2;0;99;64m[48;2;0;99;65m▀[0m[38;2;0;99;64m[48;2;0;99;64m▀[0m[38;2;0;99;64m[48;2;0;99;64m▀[0m[38;2;0;99;64m[48;2;0;99;64m▀[0m[38;2;0;99;65m[48;2;0;99;64m▀[0m[38;2;0;99;64m[48;2;0;99;64m▀[0m[38;2;0;99;63m[48;2;0;98;64m▀[0m[38;2;0;98;64m[48;2;0;99;64m▀[0m[38;2;0;99;64m[48;2;0;95;58m▀[0m[38;2;0;98;59m[48;2;0;104;71m▀[0m[38;2;0;93;53m[48;2;0;119;76m▀[0m[38;2;0;89;50m[48;2;0;120;78m▀[0m[38;2;0;91;51m[48;2;0;115;77m▀[0m[38;2;0;92;49m[48;2;0;118;76m▀[0m[38;2;0;97;52m[48;2;0;118;71m▀[0m[38;2;0;113;65m[48;2;0;86;40m▀[0m[38;2;0;94;58m[48;2;0;127;82m▀[0m[38;2;0;49;27m[48;2;0;130;83m▀[0m[38;2;0;0;0m[48;2;0;150;101m▀[0m[38;2;0;0;0m[48;2;0;83;59m▀[0m[38;2;0;61;38m[48;2;0;0;0m▀[0m
[38;2;37;0;12m[48;2;35;0;10m▀[0m[38;2;14;150;116m[48;2;1;145;106m▀[0m[38;2;0;104;59m[48;2;0;121;87m▀[0m[38;2;0;129;92m[48;2;94;51;69m▀[0m[38;2;0;118;72m[48;2;90;120;120m▀[0m[38;2;0;125;84m[48;2;77;51;65m▀[0m[38;2;0;125;80m[48;2;112;101;112m▀[0m[38;2;0;107;70m[48;2;55;133;115m▀[0m[38;2;0;108;73m[48;2;63;76;80m▀[0m[38;2;0;109;74m[48;2;75;80;86m▀[0m[38;2;0;111;66m[48;2;71;160;148m▀[0m[38;2;0;110;73m[48;2;91;59;80m▀[0m[38;2;0;101;60m[48;2;32;79;77m▀[0m[38;2;0;121;82m[48;2;124;102;117m▀[0m[38;2;0;103;62m[48;2;98;155;159m▀[0m[38;2;0;105;67m[48;2;34;86;86m▀[0m[38;2;0;109;77m[48;2;56;45;60m▀[0m[38;2;0;104;70m[48;2;112;129;138m▀[0m[38;2;0;103;68m[48;2;110;110;112m▀[0m[38;2;10;181;138m[48;2;56;108;100m▀[0m[38;2;86;145;145m[48;2;0;0;0m▀[0m[38;2;0;34;18m[48;2;0;45;29m▀[0m[38;2;0;141;93m[48;2;0;32;23m▀[0m[38;2;0;120;77m[48;2;0;32;26m▀[0m[38;2;0;119;78m[48;2;0;36;29m▀[0m[38;2;0;114;74m[48;2;0;36;26m▀[0m[38;2;0;111;71m[48;2;0;42;28m▀[0m[38;2;0;111;72m[48;2;0;44;32m▀[0m[38;2;0;112;74m[48;2;0;44;30m▀[0m[38;2;0;108;70m[48;2;0;46;32m▀[0m[38;2;0;109;70m[48;2;0;45;29m▀[0m[38;2;0;112;76m[48;2;0;45;30m▀[0m[38;2;0;88;58m[48;2;0;37;24m▀[0m[38;2;0;50;32m[48;2;0;30;19m▀[0m[38;2;0;28;22m[48;2;0;42;27m▀[0m[38;2;0;27;21m[48;2;0;6;6m▀[0m[38;2;0;22;19m[48;2;0;54;36m▀[0m[38;2;0;31;23m[48;2;0;77;51m▀[0m[38;2;0;0;0m[48;2;0;95;58m▀[0m[38;2;0;0;0m[48;2;0;138;94m▀[0m[38;2;0;14;19m[48;2;0;199;162m▀[0m[38;2;0;40;36m[48;2;0;133;115m▀[0m[38;2;0;52;41m[48;2;0;102;87m▀[0m[38;2;42;42;29m[48;2;0;79;69m▀[0m[38;2;85;64;48m[48;2;0;46;37m▀[0m[38;2;87;76;64m[48;2;0;146;129m▀[0m[38;2;30;0;0m[48;2;0;115;107m▀[0m[38;2;0;45;20m[48;2;0;108;87m▀[0m[38;2;0;81;51m[48;2;0;174;119m▀[0m[38;2;0;116;74m[48;2;0;103;63m▀[0m[38;2;0;107;68m[48;2;0;105;64m▀[0m[38;2;0;104;66m[48;2;0;99;63m▀[0m[38;2;0;103;64m[48;2;0;96;56m▀[0m[38;2;0;98;64m[48;2;0;98;62m▀[0m[38;2;0;99;64m[48;2;0;100;64m▀[0m[38;2;0;100;65m[48;2;0;100;65m▀[0m[38;2;0;100;64m[48;2;0;99;64m▀[0m[38;2;0;99;65m[48;2;0;99;65m▀[0m[38;2;0;100;65m[48;2;0;100;66m▀[0m[38;2;0;100;64m[48;2;0;100;66m▀[0m[38;2;0;98;64m[48;2;0;99;65m▀[0m[38;2;0;97;64m[48;2;0;99;65m▀[0m[38;2;0;96;59m[48;2;0;93;56m▀[0m[38;2;0;102;62m[48;2;0;119;77m▀[0m[38;2;122;152;149m[48;2;86;88;89m▀[0m[38;2;140;129;140m[48;2;48;0;3m▀[0m[38;2;133;142;149m[48;2;38;1;12m▀[0m[38;2;143;160;164m[48;2;34;10;21m▀[0m[38;2;98;107;111m[48;2;135;117;120m▀[0m[38;2;68;80;84m[48;2;68;44;55m▀[0m[38;2;123;218;205m[48;2;122;160;162m▀[0m[38;2;107;135;137m[48;2;113;88;95m▀[0m[38;2;109;139;138m[48;2;83;38;50m▀[0m[38;2;88;97;103m[48;2;0;0;0m▀[0m[38;2;62;159;140m[48;2;58;96;83m▀[0m[38;2;0;89;54m[48;2;0;68;45m▀[0m
