[38;2;0;0;0m[48;2;0;0;0m▀[0m[38;2;0;0;0m[48;2;0;0;0m▀[0m[38;2;8;11;11m[48;2;76;76;78m▀[0m[38;2;96;98;97m[48;2;35;38;38m▀[0m[38;2;0;0;0m[48;2;0;0;0m▀[0m[38;2;0;0;0m[48;2;0;0;0m▀[0m[38;2;2;4;2m[48;2;0;0;0m▀[0m[38;2;103;105;107m[48;2;4;2;5m▀[0m[38;2;14;13;13m[48;2;109;111;111m▀[0m[38;2;0;0;0m[48;2;30;30;31m▀[0m[38;2;0;0;0m[48;2;0;0;0m▀[0m[38;2;153;155;159m[48;2;0;0;0m▀[0m[38;2;240;244;247m[48;2;113;122;129m▀[0m[38;2;247;247;247m[48;2;136;136;138m▀[0m[38;2;247;247;247m[48;2;238;241;245m▀[0m[38;2;247;247;247m[48;2;247;247;247m▀[0m[38;2;247;247;247m[48;2;247;247;247m▀[0m[38;2;226;227;227m[48;2;247;247;247m▀[0m[38;2;181;188;191m[48;2;163;169;169m▀[0m[38;2;247;247;247m[48;2;247;247;247m▀[0m[38;2;199;202;204m[48;2;195;193;196m▀[0m[38;2;247;247;247m[48;2;226;226;226m▀[0m[38;2;247;247;247m[48;2;247;247;247m▀[0m[38;2;247;247;247m[48;2;247;247;247m▀[0m[38;2;247;247;247m[48;2;247;247;247m▀[0m[38;2;247;247;247m[48;2;247;247;247m▀[0m[38;2;0;0;0m[48;2;28;34;32m▀[0m[38;2;196;195;195m[48;2;247;247;247m▀[0m[38;2;139;139;139m[48;2;189;190;187m▀[0m[38;2;98;101;103m[48;2;96;97;97m▀[0m[38;2;247;247;247m[48;2;247;247;247m▀[0m[38;2;247;247;247m[48;2;247;247;247m▀[0m[38;2;104;106;106m[48;2;178;182;182m▀[0m[38;2;155;158;160m[48;2;221;221;223m▀[0m[38;2;247;247;247m[48;2;247;247;247m▀[0m[38;2;7;11;10m[48;2;0;0;0m▀[0m[38;2;215;217;215m[48;2;175;172;172m▀[0m[38;2;247;247;247m[48;2;247;247;247m▀[0m[38;2;247;247;247m[48;2;247;247;247m▀[0m[38;2;144;150;150m[48;2;207;206;206m▀[0m[38;2;78;85;85m[48;2;163;165;163m▀[0m[38;2;247;247;247m[48;2;247;247;247m▀[0m[38;2;247;247;247m[48;2;247;247;247m▀[0m[38;2;247;247;247m[48;2;247;247;247m▀[0m[38;2;181;183;184m[48;2;247;247;247m▀[0m[38;2;131;137;136m[48;2;247;247;247m▀[0m[38;2;139;142;143m[48;2;140;147;155m▀[0m[38;2;110;112;113m[48;2;0;0;0m▀[0m[38;2;81;79;82m[48;2;0;0;0m▀[0m[38;2;0;2;1m[48;2;0;0;0m▀[0m[38;2;0;0;0m[48;2;0;0;0m▀[0m[38;2;40;40;41m[48;2;0;0;0m▀[0m[38;2;105;108;109m[48;2;0;0;0m▀[0m[38;2;71;74;75m[48;2;38;38;39m▀[0m[38;2;14;17;16m[48;2;5;8;9m▀[0m[38;2;0;0;0m[48;2;0;0;0m▀[0m[38;2;0;0;0m[48;2;0;0;0m▀[0m[38;2;0;0;0m[48;2;0;0;0m▀[0m[38;2;122;126;129m[48;2;0;0;0m▀[0m[38;2;167;178;176m[48;2;197;199;199m▀[0m[38;2;45;47;48m[48;2;247;247;247m▀[0m[38;2;81;84;84m[48;2;80;82;83m▀[0m[38;2;153;156;155m[48;2;24;27;23m▀[0m[38;2;75;77;77m[48;2;0;0;0m▀[0m[38;2;0;0;0m[48;2;0;0;0m▀[0m[38;2;31;32;32m[48;2;24;26;28m▀[0m[38;2;0;0;0m[48;2;0;0;0m▀[0m[38;2;0;0;0m[48;2;181;185;188m▀[0m[38;2;0;3;3m[48;2;247;247;247m▀[0m[38;2;232;234;234m[48;2;247;247;247m▀[0m[38;2;247;247;247m[48;2;247;247;247m▀[0m[38;2;247;247;247m[48;2;247;247;247m▀[0m[38;2;247;247;247m[48;2;247;247;247m▀[0m[38;2;247;247;247m[48;2;247;247;247m▀[0m[38;2;0;0;0m[48;2;0;0;0m▀[0m[38;2;216;213;213m[48;2;134;137;137m▀[0m
[38;2;0;0;0m[48;2;0;0;0m▀[0m[38;2;0;0;0m[48;2;20;19;20m▀[0m[38;2;43;46;46m[48;2;247;247;247m▀[0m[38;2;0;0;0m[48;2;0;0;0m▀[0m[38;2;0;0;0m[48;2;0;0;0m▀[0m[38;2;0;0;0m[48;2;0;0;0m▀[0m[38;2;0;0;0m[48;2;0;0;0m▀[0m[38;2;0;0;0m[48;2;0;0;0m▀[0m[38;2;0;0;0m[48;2;0;0;0m▀[0m[38;2;83;85;87m[48;2;55;54;54m▀[0m[38;2;32;31;33m[48;2;82;86;86m▀[0m[38;2;0;0;0m[48;2;61;63;63m▀[0m[38;2;0;0;0m[48;2;2;1;1m▀[0m[38;2;0;0;0m[48;2;0;0;0m▀[0m[38;2;0;0;1m[48;2;0;0;0m▀[0m[38;2;108;111;112m[48;2;0;0;0m▀[0m[38;2;198;196;199m[48;2;0;0;0m▀[0m[38;2;247;247;247m[48;2;55;57;58m▀[0m[38;2;145;149;149m[48;2;28;30;30m▀[0m[38;2;247;247;247m[48;2;84;88;91m▀[0m[38;2;247;247;247m[48;2;213;220;219m▀[0m[38;2;124;128;128m[48;2;165;168;168m▀[0m[38;2;247;247;247m[48;2;34;38;38m▀[0m[38;2;247;247;247m[48;2;142;146;146m▀[0m[38;2;247;247;247m[48;2;96;99;99m▀[0m[38;2;152;158;158m[48;2;0;0;0m▀[0m[38;2;0;0;0m[48;2;247;247;247m▀[0m[38;2;247;247;247m[48;2;247;247;247m▀[0m[38;2;247;247;247m[48;2;247;247;247m▀[0m[38;2;0;0;0m[48;2;81;80;80m▀[0m[38;2;247;247;247m[48;2;0;0;0m▀[0m[38;2;247;247;247m[48;2;192;199;201m▀[0m[38;2;247;247;247m[48;2;247;247;247m▀[0m[38;2;247;247;247m[48;2;247;247;247m▀[0m[38;2;247;247;247m[48;2;247;247;247m▀[0m[38;2;0;0;0m[48;2;5;7;8m▀[0m[38;2;56;58;58m[48;2;0;0;0m▀[0m[38;2;247;247;247m[48;2;247;247;247m▀[0m[38;2;247;247;247m[48;2;247;247;247m▀[0m[38;2;247;247;247m[48;2;247;247;247m▀[0m[38;2;247;247;247m[48;2;247;247;247m▀[0m[38;2;247;247;247m[48;2;247;247;247m▀[0m[38;2;247;247;247m[48;2;209;215;220m▀[0m[38;2;247;247;247m[48;2;97;99;103m▀[0m[38;2;214;221;225m[48;2;0;0;0m▀[0m[38;2;93;98;102m[48;2;0;0;0m▀[0m[38;2;0;0;0m[48;2;0;0;0m▀[0m[38;2;0;0;0m[48;2;0;0;0m▀[0m[38;2;0;0;0m[48;2;0;0;0m▀[0m[38;2;0;0;0m[48;2;5;5;9m▀[0m[38;2;0;0;0m[48;2;0;0;0m▀[0m[38;2;146;148;148m[48;2;219;219;219m▀[0m[38;2;172;172;170m[48;2;247;247;247m▀[0m[38;2;0;0;0m[48;2;53;57;57m▀[0m[38;2;123;123;127m[48;2;213;213;214m▀[0m[38;2;240;243;244m[48;2;247;247;247m▀[0m[38;2;0;0;0m[48;2;247;247;247m▀[0m[38;2;0;0;0m[48;2;0;0;0m▀[0m[38;2;0;0;0m[48;2;0;0;0m▀[0m[38;2;247;247;247m[48;2;119;121;121m▀[0m[38;2;223;225;225m[48;2;13;16;17m▀[0m[38;2;0;0;0m[48;2;0;0;0m▀[0m[38;2;0;0;0m[48;2;0;0;0m▀[0m[38;2;0;0;0m[48;2;0;0;0m▀[0m[38;2;98;96;99m[48;2;247;247;247m▀[0m[38;2;219;222;221m[48;2;247;247;247m▀[0m[38;2;247;247;247m[48;2;247;247;247m▀[0m[38;2;247;247;247m[48;2;247;247;247m▀[0m[38;2;247;247;247m[48;2;228;230;228m▀[0m[38;2;247;247;247m[48;2;235;235;235m▀[0m[38;2;247;247;247m[48;2;247;247;247m▀[0m[38;2;247;247;247m[48;2;247;247;247m▀[0m[38;2;247;247;247m[48;2;247;247;247m▀[0m[38;2;247;247;247m[48;2;247;247;247m▀[0m[38;2;30;33;34m[48;2;76;82;82m▀[0m[38;2;57;56;56m[48;2;4;1;4m▀[0m
[38;2;0;0;0m[48;2;0;0;0m▀[0m[38;2;120;122;120m[48;2;232;234;232m▀[0m[38;2;247;247;247m[48;2;247;247;247m▀[0m[38;2;72;75;75m[48;2;236;238;236m▀[0m[38;2;0;0;0m[48;2;0;0;0m▀[0m[38;2;0;0;0m[48;2;0;0;0m▀[0m[38;2;0;0;0m[48;2;0;0;0m▀[0m[38;2;0;0;0m[48;2;8;11;11m▀[0m[38;2;0;0;0m[48;2;0;0;0m▀[0m[38;2;213;216;218m[48;2;46;44;50m▀[0m[38;2;53;51;54m[48;2;99;101;103m▀[0m[38;2;3;2;2m[48;2;0;0;0m▀[0m[38;2;65;66;64m[48;2;0;0;0m▀[0m[38;2;97;99;99m[48;2;0;0;0m▀[0m[38;2;85;86;83m[48;2;7;9;9m▀[0m[38;2;38;40;40m[48;2;26;28;26m▀[0m[38;2;0;0;0m[48;2;39;42;42m▀[0m[38;2;0;0;0m[48;2;38;40;40m▀[0m[38;2;0;0;0m[48;2;22;26;29m▀[0m[38;2;0;0;0m[48;2;0;0;0m▀[0m[38;2;0;0;0m[48;2;0;0;0m▀[0m[38;2;0;0;0m[48;2;0;0;0m▀[0m[38;2;0;0;0m[48;2;0;0;0m▀[0m[38;2;0;0;0m[48;2;116;118;120m▀[0m[38;2;0;0;0m[48;2;0;0;0m▀[0m[38;2;0;0;0m[48;2;0;0;0m▀[0m[38;2;243;245;247m[48;2;0;0;0m▀[0m[38;2;247;247;247m[48;2;247;247;247m▀[0m[38;2;247;247;247m[48;2;247;247;247m▀[0m[38;2;247;247;247m[48;2;215;215;217m▀[0m[38;2;0;0;0m[48;2;115;119;122m▀[0m[38;2;0;0;0m[48;2;0;0;0m▀[0m[38;2;44;47;48m[48;2;0;0;0m▀[0m[38;2;166;174;177m[48;2;0;0;0m▀[0m[38;2;247;247;247m[48;2;26;32;33m▀[0m[38;2;105;107;107m[48;2;38;42;43m▀[0m[38;2;0;0;0m[48;2;0;0;0m▀[0m[38;2;207;214;212m[48;2;72;75;76m▀[0m[38;2;247;247;247m[48;2;76;82;83m▀[0m[38;2;233;239;244m[48;2;0;0;0m▀[0m[38;2;153;157;158m[48;2;0;0;0m▀[0m[38;2;55;59;58m[48;2;0;0;0m▀[0m[38;2;0;0;0m[48;2;0;0;0m▀[0m[38;2;0;0;0m[48;2;206;206;207m▀[0m[38;2;0;0;0m[48;2;126;128;126m▀[0m[38;2;0;0;0m[48;2;0;0;0m▀[0m[38;2;0;0;0m[48;2;0;0;0m▀[0m[38;2;0;0;0m[48;2;0;0;0m▀[0m[38;2;0;0;0m[48;2;0;0;0m▀[0m[38;2;28;30;32m[48;2;93;95;97m▀[0m[38;2;29;32;31m[48;2;28;32;29m▀[0m[38;2;227;229;229m[48;2;247;247;247m▀[0m[38;2;247;247;247m[48;2;247;247;247m▀[0m[38;2;42;44;44m[48;2;74;75;72m▀[0m[38;2;247;247;247m[48;2;206;209;208m▀[0m[38;2;210;212;214m[48;2;174;180;183m▀[0m[38;2;247;247;247m[48;2;247;247;247m▀[0m[38;2;247;247;247m[48;2;247;247;247m▀[0m[38;2;33;35;35m[48;2;247;247;247m▀[0m[38;2;0;0;0m[48;2;69;71;71m▀[0m[38;2;0;0;0m[48;2;0;0;0m▀[0m[38;2;0;0;0m[48;2;0;0;0m▀[0m[38;2;0;0;0m[48;2;2;5;5m▀[0m[38;2;102;105;105m[48;2;198;198;195m▀[0m[38;2;247;247;247m[48;2;247;247;247m▀[0m[38;2;247;247;247m[48;2;247;247;247m▀[0m[38;2;247;247;247m[48;2;247;247;247m▀[0m[38;2;247;247;247m[48;2;247;247;247m▀[0m[38;2;215;214;214m[48;2;243;242;242m▀[0m[38;2;183;182;182m[48;2;157;156;156m▀[0m[38;2;247;247;247m[48;2;247;247;247m▀[0m[38;2;247;247;247m[48;2;247;247;247m▀[0m[38;2;247;247;247m[48;2;247;247;247m▀[0m[38;2;247;247;247m[48;2;198;206;205m▀[0m[38;2;129;139;139m[48;2;155;163;166m▀[0m[38;2;0;0;0m[48;2;0;0;0m▀[0m
[38;2;60;62;62m[48;2;194;196;197m▀[0m[38;2;247;247;247m[48;2;201;205;204m▀[0m[38;2;206;208;206m[48;2;181;184;181m▀[0m[38;2;247;247;247m[48;2;200;199;200m▀[0m[38;2;127;130;127m[48;2;247;247;247m▀[0m[38;2;0;0;0m[48;2;26;25;25m▀[0m[38;2;0;0;0m[48;2;0;0;0m▀[0m[38;2;0;0;0m[48;2;0;0;0m▀[0m[38;2;67;70;71m[48;2;0;0;0m▀[0m[38;2;0;0;0m[48;2;10;12;14m▀[0m[38;2;0;0;0m[48;2;118;120;122m▀[0m[38;2;0;0;0m[48;2;11;9;12m▀[0m[38;2;0;0;0m[48;2;0;0;0m▀[0m[38;2;27;29;29m[48;2;116;118;120m▀[0m[38;2;0;0;0m[48;2;95;95;96m▀[0m[38;2;0;0;0m[48;2;0;0;0m▀[0m[38;2;0;0;0m[48;2;0;0;0m▀[0m[38;2;0;0;0m[48;2;0;0;0m▀[0m[38;2;0;0;0m[48;2;26;27;24m▀[0m[38;2;0;0;0m[48;2;179;194;194m▀[0m[38;2;33;28;30m[48;2;247;247;247m▀[0m[38;2;191;191;191m[48;2;247;247;247m▀[0m[38;2;247;247;247m[48;2;247;247;247m▀[0m[38;2;247;247;247m[48;2;247;247;247m▀[0m[38;2;88;90;92m[48;2;247;247;247m▀[0m[38;2;0;0;0m[48;2;0;0;0m▀[0m[38;2;0;0;0m[48;2;60;63;62m▀[0m[38;2;198;198;200m[48;2;247;247;247m▀[0m[38;2;204;203;203m[48;2;90;90;88m▀[0m[38;2;69;72;76m[48;2;64;64;67m▀[0m[38;2;247;247;247m[48;2;247;247;247m▀[0m[38;2;198;201;202m[48;2;247;247;247m▀[0m[38;2;0;0;0m[48;2;203;207;207m▀[0m[38;2;0;0;0m[48;2;0;0;0m▀[0m[38;2;0;0;0m[48;2;2;5;1m▀[0m[38;2;0;0;0m[48;2;22;25;24m▀[0m[38;2;0;0;0m[48;2;0;1;1m▀[0m[38;2;0;0;0m[48;2;0;0;0m▀[0m[38;2;0;0;0m[48;2;0;0;0m▀[0m[38;2;0;0;0m[48;2;0;0;0m▀[0m[38;2;0;0;0m[48;2;0;0;0m▀[0m[38;2;0;0;0m[48;2;0;0;0m▀[0m[38;2;33;32;34m[48;2;0;0;0m▀[0m[38;2;247;247;247m[48;2;0;0;0m▀[0m[38;2;43;44;41m[48;2;3;7;8m▀[0m[38;2;0;0;0m[48;2;76;78;84m▀[0m[38;2;15;17;18m[48;2;78;82;86m▀[0m[38;2;71;77;86m[48;2;21;23;24m▀[0m[38;2;54;58;62m[48;2;0;0;0m▀[0m[38;2;66;68;68m[48;2;23;22;22m▀[0m[38;2;32;36;33m[48;2;49;54;47m▀[0m[38;2;247;247;247m[48;2;247;247;247m▀[0m[38;2;247;247;247m[48;2;247;247;247m▀[0m[38;2;110;111;108m[48;2;133;134;131m▀[0m[38;2;170;172;174m[48;2;163;167;167m▀[0m[38;2;221;223;225m[48;2;247;247;247m▀[0m[38;2;247;247;247m[48;2;181;181;179m▀[0m[38;2;247;247;247m[48;2;186;186;188m▀[0m[38;2;247;247;247m[48;2;247;247;247m▀[0m[38;2;247;247;247m[48;2;247;247;247m▀[0m[38;2;208;207;207m[48;2;247;247;247m▀[0m[38;2;150;149;149m[48;2;167;167;167m▀[0m[38;2;131;131;129m[48;2;94;97;97m▀[0m[38;2;247;247;247m[48;2;246;246;246m▀[0m[38;2;247;247;247m[48;2;247;247;247m▀[0m[38;2;247;247;247m[48;2;247;247;247m▀[0m[38;2;247;247;247m[48;2;247;247;247m▀[0m[38;2;247;247;247m[48;2;247;247;247m▀[0m[38;2;247;247;247m[48;2;247;247;247m▀[0m[38;2;161;159;161m[48;2;170;172;174m▀[0m[38;2;247;247;247m[48;2;247;247;247m▀[0m[38;2;247;247;247m[48;2;247;247;247m▀[0m[38;2;242;242;242m[48;2;154;161;161m▀[0m[38;2;22;29;32m[48;2;5;11;15m▀[0m[38;2;87;94;95m[48;2;41;47;52m▀[0m[38;2;0;0;0m[48;2;0;0;0m▀[0m
[38;2;203;207;207m[48;2;190;192;192m▀[0m[38;2;173;175;173m[48;2;171;169;167m▀[0m[38;2;168;169;163m[48;2;159;160;156m▀[0m[38;2;174;176;174m[48;2;166;167;164m▀[0m[38;2;225;224;225m[48;2;180;179;180m▀[0m[38;2;229;229;226m[48;2;245;245;245m▀[0m[38;2;0;0;0m[48;2;172;172;172m▀[0m[38;2;0;0;0m[48;2;0;0;0m▀[0m[38;2;38;40;40m[48;2;5;9;9m▀[0m[38;2;0;0;0m[48;2;57;59;61m▀[0m[38;2;39;42;43m[48;2;0;0;0m▀[0m[38;2;97;103;108m[48;2;115;118;122m▀[0m[38;2;0;0;0m[48;2;0;0;0m▀[0m[38;2;9;9;7m[48;2;0;0;0m▀[0m[38;2;247;247;247m[48;2;139;142;141m▀[0m[38;2;13;15;15m[48;2;247;247;247m▀[0m[38;2;0;0;0m[48;2;39;39;40m▀[0m[38;2;41;43;43m[48;2;0;0;0m▀[0m[38;2;105;105;107m[48;2;0;0;0m▀[0m[38;2;127;133;131m[48;2;0;0;0m▀[0m[38;2;122;142;140m[48;2;0;0;0m▀[0m[38;2;167;183;183m[48;2;0;0;0m▀[0m[38;2;135;138;135m[48;2;33;33;31m▀[0m[38;2;6;6;8m[48;2;130;130;130m▀[0m[38;2;0;0;0m[48;2;197;199;199m▀[0m[38;2;0;0;0m[48;2;22;22;20m▀[0m[38;2;73;77;77m[48;2;0;0;0m▀[0m[38;2;247;247;247m[48;2;177;181;181m▀[0m[38;2;247;247;247m[48;2;247;247;247m▀[0m[38;2;0;0;0m[48;2;0;0;0m▀[0m[38;2;208;211;210m[48;2;0;0;0m▀[0m[38;2;247;247;247m[48;2;0;0;0m▀[0m[38;2;247;247;247m[48;2;36;39;43m▀[0m[38;2;247;247;247m[48;2;208;206;212m▀[0m[38;2;40;43;47m[48;2;247;247;247m▀[0m[38;2;0;0;0m[48;2;140;137;144m▀[0m[38;2;43;44;41m[48;2;0;0;0m▀[0m[38;2;65;69;66m[48;2;0;0;0m▀[0m[38;2;72;76;73m[48;2;0;0;0m▀[0m[38;2;64;67;66m[48;2;0;0;0m▀[0m[38;2;73;77;80m[48;2;0;0;0m▀[0m[38;2;72;76;79m[48;2;0;0;0m▀[0m[38;2;59;63;64m[48;2;13;15;13m▀[0m[38;2;47;53;54m[48;2;153;159;167m▀[0m[38;2;26;30;31m[48;2;159;165;174m▀[0m[38;2;0;0;0m[48;2;0;0;0m▀[0m[38;2;0;0;0m[48;2;0;0;0m▀[0m[38;2;0;0;0m[48;2;0;0;0m▀[0m[38;2;0;0;0m[48;2;0;0;0m▀[0m[38;2;27;25;28m[48;2;15;17;17m▀[0m[38;2;68;68;66m[48;2;73;76;75m▀[0m[38;2;247;247;247m[48;2;247;247;247m▀[0m[38;2;247;247;247m[48;2;247;247;247m▀[0m[38;2;154;155;152m[48;2;188;191;191m▀[0m[38;2;172;176;176m[48;2;152;156;153m▀[0m[38;2;247;247;247m[48;2;202;204;204m▀[0m[38;2;160;160;161m[48;2;247;247;247m▀[0m[38;2;172;172;174m[48;2;247;247;247m▀[0m[38;2;247;247;247m[48;2;247;247;247m▀[0m[38;2;247;247;247m[48;2;247;247;247m▀[0m[38;2;247;247;247m[48;2;247;247;247m▀[0m[38;2;161;160;160m[48;2;114;117;117m▀[0m[38;2;64;67;67m[48;2;167;171;170m▀[0m[38;2;247;247;247m[48;2;247;247;247m▀[0m[38;2;247;247;247m[48;2;247;247;247m▀[0m[38;2;247;247;247m[48;2;247;247;247m▀[0m[38;2;247;247;247m[48;2;247;247;247m▀[0m[38;2;247;247;247m[48;2;247;247;247m▀[0m[38;2;247;247;247m[48;2;247;247;247m▀[0m[38;2;207;209;210m[48;2;194;197;197m▀[0m[38;2;142;141;139m[48;2;44;48;47m▀[0m[38;2;74;81;80m[48;2;74;82;85m▀[0m[38;2;54;62;62m[48;2;0;0;0m▀[0m[38;2;57;64;64m[48;2;26;28;26m▀[0m[38;2;13;13;13m[48;2;0;0;0m▀[0m[38;2;1;3;4m[48;2;29;32;32m▀[0m
[38;2;187;190;191m[48;2;187;190;187m▀[0m[38;2;165;167;165m[48;2;169;171;169m▀[0m[38;2;156;157;153m[48;2;159;158;156m▀[0m[38;2;159;161;159m[48;2;160;159;154m▀[0m[38;2;169;169;167m[48;2;161;161;159m▀[0m[38;2;184;184;181m[48;2;168;168;165m▀[0m[38;2;247;247;245m[48;2;186;187;184m▀[0m[38;2;154;154;156m[48;2;247;247;247m▀[0m[38;2;0;0;0m[48;2;126;128;128m▀[0m[38;2;84;87;87m[48;2;0;0;0m▀[0m[38;2;0;0;0m[48;2;44;46;51m▀[0m[38;2;18;18;19m[48;2;0;0;0m▀[0m[38;2;119;122;123m[48;2;63;63;64m▀[0m[38;2;0;0;0m[48;2;143;145;147m▀[0m[38;2;0;0;0m[48;2;0;0;0m▀[0m[38;2;235;237;239m[48;2;0;0;0m▀[0m[38;2;226;229;230m[48;2;24;26;28m▀[0m[38;2;0;0;0m[48;2;0;0;0m▀[0m[38;2;16;18;18m[48;2;83;87;90m▀[0m[38;2;194;194;192m[48;2;247;247;247m▀[0m[38;2;247;247;247m[48;2;247;247;247m▀[0m[38;2;247;247;247m[48;2;247;247;247m▀[0m[38;2;247;247;247m[48;2;238;238;240m▀[0m[38;2;247;247;247m[48;2;238;241;240m▀[0m[38;2;247;247;247m[48;2;245;245;245m▀[0m[38;2;247;247;247m[48;2;247;247;247m▀[0m[38;2;68;68;68m[48;2;247;247;247m▀[0m[38;2;19;19;23m[48;2;247;247;247m▀[0m[38;2;204;206;210m[48;2;141;145;146m▀[0m[38;2;0;0;0m[48;2;32;32;32m▀[0m[38;2;115;114;114m[48;2;247;247;247m▀[0m[38;2;16;19;15m[48;2;247;247;247m▀[0m[38;2;0;0;0m[48;2;247;247;247m▀[0m[38;2;0;0;0m[48;2;247;247;247m▀[0m[38;2;0;0;0m[48;2;155;156;153m▀[0m[38;2;56;56;61m[48;2;41;41;38m▀[0m[38;2;0;0;0m[48;2;0;0;0m▀[0m[38;2;0;0;0m[48;2;0;0;0m▀[0m[38;2;0;0;0m[48;2;0;0;0m▀[0m[38;2;0;0;0m[48;2;105;115;129m▀[0m[38;2;53;57;61m[48;2;23;20;26m▀[0m[38;2;0;0;0m[48;2;0;0;0m▀[0m[38;2;0;0;0m[48;2;0;0;0m▀[0m[38;2;35;41;44m[48;2;0;0;0m▀[0m[38;2;0;2;3m[48;2;7;6;7m▀[0m[38;2;0;0;0m[48;2;39;41;45m▀[0m[38;2;0;0;0m[48;2;42;45;47m▀[0m[38;2;0;0;0m[48;2;77;81;85m▀[0m[38;2;0;0;0m[48;2;0;0;0m▀[0m[38;2;7;9;9m[48;2;11;9;12m▀[0m[38;2;67;71;72m[48;2;77;79;80m▀[0m[38;2;247;247;247m[48;2;247;247;247m▀[0m[38;2;247;247;247m[48;2;247;247;247m▀[0m[38;2;247;247;247m[48;2;247;247;247m▀[0m[38;2;150;152;152m[48;2;8;10;10m▀[0m[38;2;180;183;183m[48;2;223;223;223m▀[0m[38;2;247;247;247m[48;2;247;247;247m▀[0m[38;2;247;247;247m[48;2;247;247;247m▀[0m[38;2;247;247;247m[48;2;247;247;247m▀[0m[38;2;158;160;160m[48;2;0;0;0m▀[0m[38;2;247;247;247m[48;2;97;100;100m▀[0m[38;2;204;206;206m[48;2;247;247;247m▀[0m[38;2;227;229;229m[48;2;229;232;229m▀[0m[38;2;247;247;247m[48;2;247;247;247m▀[0m[38;2;247;247;247m[48;2;247;247;247m▀[0m[38;2;247;247;247m[48;2;247;247;247m▀[0m[38;2;247;247;247m[48;2;247;247;247m▀[0m[38;2;247;247;247m[48;2;247;247;247m▀[0m[38;2;247;247;247m[48;2;247;247;247m▀[0m[38;2;108;110;112m[48;2;178;183;188m▀[0m[38;2;0;0;0m[48;2;0;0;0m▀[0m[38;2;0;0;0m[48;2;0;0;0m▀[0m[38;2;0;0;0m[48;2;0;0;0m▀[0m[38;2;0;0;0m[48;2;0;0;0m▀[0m[38;2;0;0;0m[48;2;0;0;0m▀[0m[38;2;64;63;65m[48;2;112;112;112m▀[0m
[38;2;194;195;196m[48;2;247;247;247m▀[0m[38;2;173;176;173m[48;2;232;232;230m▀[0m[38;2;164;166;164m[48;2;194;194;194m▀[0m[38;2;163;163;161m[48;2;171;174;173m▀[0m[38;2;158;158;156m[48;2;164;166;164m▀[0m[38;2;159;161;158m[48;2;161;165;164m▀[0m[38;2;171;173;173m[48;2;167;164;167m▀[0m[38;2;230;232;232m[48;2;224;223;224m▀[0m[38;2;184;185;182m[48;2;181;183;183m▀[0m[38;2;0;0;0m[48;2;0;0;0m▀[0m[38;2;42;44;46m[48;2;0;0;0m▀[0m[38;2;2;2;3m[48;2;0;0;0m▀[0m[38;2;0;0;0m[48;2;0;0;0m▀[0m[38;2;41;40;41m[48;2;0;0;0m▀[0m[38;2;178;177;178m[48;2;0;0;0m▀[0m[38;2;175;178;179m[48;2;174;178;178m▀[0m[38;2;0;1;3m[48;2;46;48;48m▀[0m[38;2;0;0;0m[48;2;0;0;0m▀[0m[38;2;0;0;0m[48;2;0;0;0m▀[0m[38;2;0;0;0m[48;2;0;0;0m▀[0m[38;2;175;183;186m[48;2;0;0;0m▀[0m[38;2;247;247;247m[48;2;87;93;94m▀[0m[38;2;247;247;247m[48;2;134;138;139m▀[0m[38;2;247;247;247m[48;2;97;99;99m▀[0m[38;2;247;247;247m[48;2;147;150;152m▀[0m[38;2;247;247;247m[48;2;192;200;199m▀[0m[38;2;215;221;220m[48;2;13;13;11m▀[0m[38;2;49;53;54m[48;2;0;0;0m▀[0m[38;2;50;52;56m[48;2;78;82;83m▀[0m[38;2;104;107;104m[48;2;0;0;0m▀[0m[38;2;247;247;247m[48;2;172;176;179m▀[0m[38;2;247;247;247m[48;2;242;246;243m▀[0m[38;2;247;247;247m[48;2;247;247;247m▀[0m[38;2;247;247;247m[48;2;247;247;247m▀[0m[38;2;247;247;247m[48;2;247;247;247m▀[0m[38;2;247;247;247m[48;2;247;247;247m▀[0m[38;2;247;247;247m[48;2;247;247;247m▀[0m[38;2;199;199;196m[48;2;247;247;247m▀[0m[38;2;81;80;78m[48;2;226;224;222m▀[0m[38;2;0;0;0m[48;2;161;159;161m▀[0m[38;2;0;0;0m[48;2;20;20;22m▀[0m[38;2;0;0;0m[48;2;0;0;0m▀[0m[38;2;0;0;0m[48;2;49;52;53m▀[0m[38;2;5;5;6m[48;2;219;222;223m▀[0m[38;2;181;183;184m[48;2;34;36;36m▀[0m[38;2;54;58;61m[48;2;0;0;0m▀[0m[38;2;113;123;130m[48;2;0;0;0m▀[0m[38;2;64;67;71m[48;2;0;0;0m▀[0m[38;2;0;0;0m[48;2;0;0;0m▀[0m[38;2;7;9;10m[48;2;5;3;7m▀[0m[38;2;76;78;79m[48;2;54;56;57m▀[0m[38;2;247;247;247m[48;2;247;247;247m▀[0m[38;2;247;247;247m[48;2;215;215;215m▀[0m[38;2;18;22;21m[48;2;128;129;129m▀[0m[38;2;125;128;125m[48;2;247;247;247m▀[0m[38;2;247;247;247m[48;2;247;247;247m▀[0m[38;2;247;247;247m[48;2;247;247;247m▀[0m[38;2;247;247;247m[48;2;247;247;247m▀[0m[38;2;247;247;247m[48;2;247;247;247m▀[0m[38;2;0;0;0m[48;2;51;58;54m▀[0m[38;2;0;0;0m[48;2;0;0;0m▀[0m[38;2;243;247;244m[48;2;135;138;138m▀[0m[38;2;247;247;247m[48;2;247;247;247m▀[0m[38;2;247;247;247m[48;2;247;247;247m▀[0m[38;2;247;247;247m[48;2;247;247;247m▀[0m[38;2;247;247;247m[48;2;247;247;247m▀[0m[38;2;247;247;247m[48;2;247;247;247m▀[0m[38;2;247;247;247m[48;2;97;105;105m▀[0m[38;2;98;104;107m[48;2;0;0;0m▀[0m[38;2;64;64;61m[48;2;0;0;0m▀[0m[38;2;0;0;0m[48;2;0;0;0m▀[0m[38;2;8;11;11m[48;2;247;247;247m▀[0m[38;2;0;2;2m[48;2;58;58;60m▀[0m[38;2;0;0;0m[48;2;0;0;0m▀[0m[38;2;0;0;0m[48;2;0;0;0m▀[0m[38;2;177;179;181m[48;2;247;247;247m▀[0m
[38;2;0;0;0m[48;2;132;132;134m▀[0m[38;2;104;106;106m[48;2;0;0;0m▀[0m[38;2;229;231;231m[48;2;0;0;0m▀[0m[38;2;237;236;237m[48;2;112;116;117m▀[0m[38;2;194;193;194m[48;2;242;244;245m▀[0m[38;2;173;175;173m[48;2;225;226;223m▀[0m[38;2;174;176;174m[48;2;192;194;192m▀[0m[38;2;221;223;223m[48;2;226;227;228m▀[0m[38;2;195;195;195m[48;2;208;211;211m▀[0m[38;2;0;0;0m[48;2;0;0;0m▀[0m[38;2;0;0;0m[48;2;0;0;0m▀[0m[38;2;0;0;0m[48;2;0;0;0m▀[0m[38;2;0;0;0m[48;2;0;0;0m▀[0m[38;2;21;25;28m[48;2;27;30;32m▀[0m[38;2;0;0;0m[48;2;101;108;109m▀[0m[38;2;0;0;0m[48;2;0;0;0m▀[0m[38;2;141;145;145m[48;2;0;0;0m▀[0m[38;2;36;35;35m[48;2;115;122;127m▀[0m[38;2;0;0;0m[48;2;78;78;75m▀[0m[38;2;0;0;0m[48;2;0;0;0m▀[0m[38;2;0;0;0m[48;2;0;0;0m▀[0m[38;2;0;0;0m[48;2;0;0;0m▀[0m[38;2;0;0;0m[48;2;0;0;0m▀[0m[38;2;39;43;46m[48;2;0;0;0m▀[0m[38;2;37;37;37m[48;2;0;0;0m▀[0m[38;2;38;40;42m[48;2;0;0;0m▀[0m[38;2;0;0;0m[48;2;0;0;0m▀[0m[38;2;0;0;0m[48;2;0;0;0m▀[0m[38;2;128;129;133m[48;2;45;47;48m▀[0m[38;2;0;0;0m[48;2;62;64;64m▀[0m[38;2;0;0;0m[48;2;0;0;0m▀[0m[38;2;0;0;0m[48;2;0;0;0m▀[0m[38;2;97;99;99m[48;2;0;0;0m▀[0m[38;2;197;200;200m[48;2;0;0;0m▀[0m[38;2;247;247;247m[48;2;26;24;30m▀[0m[38;2;247;247;247m[48;2;3;3;5m▀[0m[38;2;208;208;210m[48;2;0;0;0m▀[0m[38;2;30;30;34m[48;2;0;0;0m▀[0m[38;2;0;0;0m[48;2;0;0;0m▀[0m[38;2;0;0;0m[48;2;0;0;0m▀[0m[38;2;2;4;2m[48;2;0;0;0m▀[0m[38;2;141;147;148m[48;2;27;29;31m▀[0m[38;2;242;245;247m[48;2;0;0;0m▀[0m[38;2;34;34;32m[48;2;0;0;0m▀[0m[38;2;0;0;0m[48;2;0;0;0m▀[0m[38;2;0;0;0m[48;2;42;44;46m▀[0m[38;2;3;5;6m[48;2;97;101;102m▀[0m[38;2;67;71;72m[48;2;52;54;55m▀[0m[38;2;11;10;8m[48;2;0;0;0m▀[0m[38;2;0;0;0m[48;2;0;0;0m▀[0m[38;2;33;36;40m[48;2;24;31;34m▀[0m[38;2;237;243;244m[48;2;159;164;165m▀[0m[38;2;184;188;187m[48;2;232;234;235m▀[0m[38;2;169;171;171m[48;2;212;211;211m▀[0m[38;2;247;247;247m[48;2;247;247;247m▀[0m[38;2;247;247;247m[48;2;247;247;247m▀[0m[38;2;247;247;247m[48;2;247;247;247m▀[0m[38;2;247;247;247m[48;2;247;247;247m▀[0m[38;2;247;247;247m[48;2;247;247;247m▀[0m[38;2;233;235;233m[48;2;180;180;180m▀[0m[38;2;37;41;40m[48;2;81;83;81m▀[0m[38;2;154;156;156m[48;2;247;247;247m▀[0m[38;2;247;247;247m[48;2;247;247;247m▀[0m[38;2;247;247;247m[48;2;247;247;247m▀[0m[38;2;247;247;247m[48;2;247;247;247m▀[0m[38;2;247;247;247m[48;2;247;247;247m▀[0m[38;2;213;221;217m[48;2;48;57;56m▀[0m[38;2;0;0;0m[48;2;0;0;0m▀[0m[38;2;0;0;0m[48;2;0;0;0m▀[0m[38;2;0;0;0m[48;2;201;207;207m▀[0m[38;2;198;201;198m[48;2;247;247;247m▀[0m[38;2;247;247;247m[48;2;247;247;247m▀[0m[38;2;72;70;73m[48;2;87;89;89m▀[0m[38;2;0;0;0m[48;2;0;0;0m▀[0m[38;2;70;72;73m[48;2;200;202;203m▀[0m[38;2;247;247;247m[48;2;232;234;234m▀[0m
[38;2;247;247;247m[48;2;247;247;247m▀[0m[38;2;247;247;247m[48;2;247;247;247m▀[0m[38;2;0;0;0m[48;2;247;247;247m▀[0m[38;2;0;0;0m[48;2;0;0;0m▀[0m[38;2;0;0;0m[48;2;0;0;0m▀[0m[38;2;181;182;179m[48;2;0;0;0m▀[0m[38;2;247;247;247m[48;2;93;97;94m▀[0m[38;2;241;243;244m[48;2;247;247;247m▀[0m[38;2;241;243;243m[48;2;247;247;247m▀[0m[38;2;0;0;0m[48;2;13;15;15m▀[0m[38;2;0;0;0m[48;2;0;0;0m▀[0m[38;2;0;0;0m[48;2;0;0;0m▀[0m[38;2;0;0;0m[48;2;0;0;0m▀[0m[38;2;0;0;0m[48;2;0;0;0m▀[0m[38;2;17;17;18m[48;2;0;0;0m▀[0m[38;2;129;134;139m[48;2;0;1;2m▀[0m[38;2;47;51;52m[48;2;66;70;71m▀[0m[38;2;0;0;0m[48;2;0;0;0m▀[0m[38;2;70;73;73m[48;2;0;0;0m▀[0m[38;2;71;70;67m[48;2;0;0;0m▀[0m[38;2;5;8;8m[48;2;43;43;44m▀[0m[38;2;11;11;12m[48;2;154;160;161m▀[0m[38;2;0;0;0m[48;2;247;247;247m▀[0m[38;2;0;0;0m[48;2;247;247;247m▀[0m[38;2;0;0;0m[48;2;247;247;247m▀[0m[38;2;11;13;13m[48;2;247;247;247m▀[0m[38;2;59;59;60m[48;2;247;247;247m▀[0m[38;2;137;137;135m[48;2;213;216;220m▀[0m[38;2;220;219;217m[48;2;241;241;242m▀[0m[38;2;188;190;192m[48;2;196;194;197m▀[0m[38;2;0;0;0m[48;2;24;24;25m▀[0m[38;2;0;0;0m[48;2;247;247;247m▀[0m[38;2;0;0;0m[48;2;195;198;197m▀[0m[38;2;0;0;0m[48;2;100;102;102m▀[0m[38;2;0;0;0m[48;2;52;54;58m▀[0m[38;2;0;0;0m[48;2;21;23;24m▀[0m[38;2;0;0;0m[48;2;29;27;30m▀[0m[38;2;0;0;0m[48;2;87;89;91m▀[0m[38;2;0;0;0m[48;2;191;194;194m▀[0m[38;2;4;4;4m[48;2;228;228;229m▀[0m[38;2;160;160;158m[48;2;100;100;102m▀[0m[38;2;131;129;132m[48;2;0;0;0m▀[0m[38;2;0;0;0m[48;2;0;0;0m▀[0m[38;2;0;0;0m[48;2;0;0;0m▀[0m[38;2;21;18;20m[48;2;39;41;42m▀[0m[38;2;110;114;117m[48;2;0;0;0m▀[0m[38;2;0;0;0m[48;2;33;35;36m▀[0m[38;2;0;0;0m[48;2;107;111;112m▀[0m[38;2;5;7;5m[48;2;1;0;0m▀[0m[38;2;0;0;0m[48;2;0;0;0m▀[0m[38;2;0;0;0m[48;2;0;2;2m▀[0m[38;2;117;119;123m[48;2;84;89;94m▀[0m[38;2;224;224;224m[48;2;199;203;202m▀[0m[38;2;230;229;229m[48;2;185;186;182m▀[0m[38;2;247;247;247m[48;2;240;239;240m▀[0m[38;2;247;247;247m[48;2;247;247;247m▀[0m[38;2;247;247;247m[48;2;247;247;247m▀[0m[38;2;247;247;247m[48;2;247;247;247m▀[0m[38;2;247;247;247m[48;2;247;247;247m▀[0m[38;2;194;196;194m[48;2;247;247;247m▀[0m[38;2;222;224;222m[48;2;247;247;247m▀[0m[38;2;247;247;247m[48;2;221;223;223m▀[0m[38;2;247;247;247m[48;2;79;83;86m▀[0m[38;2;247;247;247m[48;2;247;247;247m▀[0m[38;2;247;247;247m[48;2;247;247;247m▀[0m[38;2;247;247;247m[48;2;247;247;247m▀[0m[38;2;29;34;37m[48;2;14;18;17m▀[0m[38;2;0;0;0m[48;2;0;0;0m▀[0m[38;2;107;106;106m[48;2;173;172;172m▀[0m[38;2;247;247;247m[48;2;247;247;247m▀[0m[38;2;247;247;247m[48;2;247;247;247m▀[0m[38;2;247;247;247m[48;2;240;244;247m▀[0m[38;2;0;0;0m[48;2;0;0;0m▀[0m[38;2;0;0;0m[48;2;0;0;0m▀[0m[38;2;247;247;247m[48;2;247;247;247m▀[0m[38;2;195;197;197m[48;2;185;186;183m▀[0m
[38;2;247;247;247m[48;2;247;247;247m▀[0m[38;2;202;208;211m[48;2;235;237;237m▀[0m[38;2;247;247;247m[48;2;128;129;129m▀[0m[38;2;247;247;247m[48;2;247;247;247m▀[0m[38;2;0;0;0m[48;2;162;162;162m▀[0m[38;2;0;0;0m[48;2;0;0;0m▀[0m[38;2;64;67;67m[48;2;22;20;23m▀[0m[38;2;59;57;60m[48;2;0;0;0m▀[0m[38;2;247;247;247m[48;2;40;42;42m▀[0m[38;2;168;166;169m[48;2;247;247;247m▀[0m[38;2;0;0;0m[48;2;11;9;12m▀[0m[38;2;0;0;0m[48;2;0;0;0m▀[0m[38;2;0;0;0m[48;2;0;0;0m▀[0m[38;2;0;0;0m[48;2;0;0;0m▀[0m[38;2;0;0;0m[48;2;0;0;0m▀[0m[38;2;0;0;0m[48;2;0;0;0m▀[0m[38;2;6;10;13m[48;2;0;0;0m▀[0m[38;2;46;53;58m[48;2;89;95;102m▀[0m[38;2;0;0;0m[48;2;10;12;10m▀[0m[38;2;0;0;0m[48;2;0;0;0m▀[0m[38;2;0;0;0m[48;2;0;0;0m▀[0m[38;2;0;0;0m[48;2;0;0;0m▀[0m[38;2;53;55;57m[48;2;0;0;0m▀[0m[38;2;93;96;97m[48;2;0;0;0m▀[0m[38;2;43;45;45m[48;2;0;0;0m▀[0m[38;2;55;58;59m[48;2;0;0;0m▀[0m[38;2;106;109;109m[48;2;0;0;0m▀[0m[38;2;0;0;0m[48;2;0;0;0m▀[0m[38;2;0;0;0m[48;2;0;0;0m▀[0m[38;2;71;73;78m[48;2;28;30;31m▀[0m[38;2;0;0;0m[48;2;0;0;0m▀[0m[38;2;44;46;50m[48;2;0;0;0m▀[0m[38;2;178;182;185m[48;2;0;0;0m▀[0m[38;2;217;221;225m[48;2;0;0;0m▀[0m[38;2;244;247;247m[48;2;0;0;0m▀[0m[38;2;247;247;247m[48;2;0;0;0m▀[0m[38;2;240;242;247m[48;2;0;0;0m▀[0m[38;2;197;199;199m[48;2;0;0;0m▀[0m[38;2;85;85;87m[48;2;0;0;0m▀[0m[38;2;0;0;0m[48;2;0;0;0m▀[0m[38;2;0;0;0m[48;2;0;0;0m▀[0m[38;2;0;0;0m[48;2;0;0;0m▀[0m[38;2;0;0;0m[48;2;42;46;49m▀[0m[38;2;0;0;0m[48;2;154;160;162m▀[0m[38;2;0;0;0m[48;2;143;146;148m▀[0m[38;2;79;83;86m[48;2;39;43;43m▀[0m[38;2;59;63;65m[48;2;0;0;0m▀[0m[38;2;0;0;0m[48;2;0;0;0m▀[0m[38;2;0;0;0m[48;2;0;0;0m▀[0m[38;2;0;0;0m[48;2;0;0;0m▀[0m[38;2;14;17;19m[48;2;37;44;43m▀[0m[38;2;5;7;11m[48;2;0;0;0m▀[0m[38;2;159;161;161m[48;2;47;47;47m▀[0m[38;2;199;201;201m[48;2;235;241;241m▀[0m[38;2;221;223;224m[48;2;188;194;193m▀[0m[38;2;247;247;247m[48;2;247;247;247m▀[0m[38;2;247;247;247m[48;2;247;247;247m▀[0m[38;2;247;247;247m[48;2;161;162;161m▀[0m[38;2;218;217;217m[48;2;70;74;74m▀[0m[38;2;226;228;228m[48;2;247;247;247m▀[0m[38;2;247;247;247m[48;2;74;76;78m▀[0m[38;2;46;50;51m[48;2;127;129;130m▀[0m[38;2;226;228;228m[48;2;247;247;247m▀[0m[38;2;247;247;247m[48;2;247;247;247m▀[0m[38;2;247;247;247m[48;2;192;195;199m▀[0m[38;2;224;231;231m[48;2;191;198;198m▀[0m[38;2;0;0;0m[48;2;70;71;68m▀[0m[38;2;0;0;0m[48;2;0;0;0m▀[0m[38;2;219;221;221m[48;2;247;247;247m▀[0m[38;2;247;247;247m[48;2;247;247;247m▀[0m[38;2;247;247;247m[48;2;247;247;247m▀[0m[38;2;140;142;144m[48;2;35;37;37m▀[0m[38;2;0;0;0m[48;2;0;0;0m▀[0m[38;2;18;21;22m[48;2;44;46;46m▀[0m[38;2;244;246;246m[48;2;245;247;245m▀[0m[38;2;177;178;175m[48;2;169;171;171m▀[0m
[38;2;247;247;247m[48;2;247;247;247m▀[0m[38;2;247;247;247m[48;2;247;247;247m▀[0m[38;2;0;0;0m[48;2;86;85;85m▀[0m[38;2;211;210;210m[48;2;218;217;217m▀[0m[38;2;247;247;247m[48;2;247;247;247m▀[0m[38;2;11;14;14m[48;2;247;247;247m▀[0m[38;2;0;0;0m[48;2;0;0;0m▀[0m[38;2;0;0;0m[48;2;0;0;0m▀[0m[38;2;113;115;120m[48;2;36;38;39m▀[0m[38;2;130;133;133m[48;2;247;247;247m▀[0m[38;2;205;204;205m[48;2;45;43;47m▀[0m[38;2;0;0;0m[48;2;55;55;52m▀[0m[38;2;0;0;0m[48;2;0;0;0m▀[0m[38;2;0;0;0m[48;2;0;0;0m▀[0m[38;2;0;0;0m[48;2;0;0;0m▀[0m[38;2;0;0;0m[48;2;0;0;0m▀[0m[38;2;0;0;0m[48;2;0;0;0m▀[0m[38;2;5;4;4m[48;2;0;0;0m▀[0m[38;2;131;135;136m[48;2;0;0;0m▀[0m[38;2;32;35;36m[48;2;115;119;122m▀[0m[38;2;0;0;0m[48;2;91;95;96m▀[0m[38;2;0;0;0m[48;2;0;0;0m▀[0m[38;2;0;0;0m[48;2;0;0;0m▀[0m[38;2;0;0;0m[48;2;0;0;0m▀[0m[38;2;0;0;0m[48;2;0;0;0m▀[0m[38;2;0;0;0m[48;2;0;0;0m▀[0m[38;2;0;0;0m[48;2;0;0;0m▀[0m[38;2;0;0;0m[48;2;0;0;0m▀[0m[38;2;0;0;0m[48;2;0;0;0m▀[0m[38;2;0;0;0m[48;2;0;0;0m▀[0m[38;2;0;0;0m[48;2;0;0;0m▀[0m[38;2;0;0;0m[48;2;0;0;0m▀[0m[38;2;0;0;0m[48;2;0;0;0m▀[0m[38;2;9;8;8m[48;2;0;0;0m▀[0m[38;2;5;4;4m[48;2;0;0;0m▀[0m[38;2;0;0;0m[48;2;0;0;0m▀[0m[38;2;0;0;0m[48;2;0;0;0m▀[0m[38;2;0;0;0m[48;2;0;0;0m▀[0m[38;2;0;0;0m[48;2;0;0;0m▀[0m[38;2;0;0;0m[48;2;38;38;38m▀[0m[38;2;0;0;0m[48;2;187;191;191m▀[0m[38;2;123;129;134m[48;2;147;153;156m▀[0m[38;2;169;178;184m[48;2;0;0;0m▀[0m[38;2;28;28;28m[48;2;8;7;8m▀[0m[38;2;0;0;0m[48;2;0;0;0m▀[0m[38;2;0;0;0m[48;2;0;0;0m▀[0m[38;2;0;0;0m[48;2;0;0;0m▀[0m[38;2;0;0;0m[48;2;0;0;0m▀[0m[38;2;0;0;0m[48;2;0;0;0m▀[0m[38;2;0;0;0m[48;2;0;0;0m▀[0m[38;2;52;55;57m[48;2;56;59;61m▀[0m[38;2;0;0;0m[48;2;26;30;31m▀[0m[38;2;0;0;0m[48;2;0;0;0m▀[0m[38;2;238;241;243m[48;2;235;238;243m▀[0m[38;2;194;202;205m[48;2;128;130;132m▀[0m[38;2;210;212;214m[48;2;132;139;138m▀[0m[38;2;64;65;65m[48;2;237;239;239m▀[0m[38;2;56;58;56m[48;2;94;96;96m▀[0m[38;2;106;108;108m[48;2;105;107;107m▀[0m[38;2;100;99;99m[48;2;0;0;0m▀[0m[38;2;11;18;21m[48;2;135;137;137m▀[0m[38;2;247;247;247m[48;2;229;231;231m▀[0m[38;2;247;247;247m[48;2;247;247;247m▀[0m[38;2;247;247;247m[48;2;247;247;247m▀[0m[38;2;211;217;214m[48;2;226;228;228m▀[0m[38;2;170;178;178m[48;2;159;169;171m▀[0m[38;2;194;196;196m[48;2;203;206;206m▀[0m[38;2;125;125;122m[48;2;7;7;5m▀[0m[38;2;247;247;247m[48;2;247;247;247m▀[0m[38;2;247;247;247m[48;2;247;247;247m▀[0m[38;2;247;247;247m[48;2;189;192;192m▀[0m[38;2;0;0;0m[48;2;0;0;0m▀[0m[38;2;0;0;0m[48;2;0;0;0m▀[0m[38;2;78;80;80m[48;2;117;119;123m▀[0m[38;2;243;245;245m[48;2;236;240;239m▀[0m[38;2;167;168;165m[48;2;163;162;163m▀[0m
[38;2;240;243;243m[48;2;0;0;0m▀[0m[38;2;247;247;247m[48;2;136;139;143m▀[0m[38;2;247;247;247m[48;2;247;247;247m▀[0m[38;2;247;247;247m[48;2;247;247;247m▀[0m[38;2;247;247;247m[48;2;247;247;247m▀[0m[38;2;247;247;247m[48;2;247;247;247m▀[0m[38;2;153;155;155m[48;2;247;247;247m▀[0m[38;2;0;0;0m[48;2;0;0;0m▀[0m[38;2;0;0;0m[48;2;0;0;0m▀[0m[38;2;119;122;123m[48;2;0;0;0m▀[0m[38;2;122;124;128m[48;2;0;0;0m▀[0m[38;2;108;106;109m[48;2;0;0;0m▀[0m[38;2;239;239;241m[48;2;97;97;97m▀[0m[38;2;0;0;0m[48;2;204;204;209m▀[0m[38;2;0;0;0m[48;2;0;0;0m▀[0m[38;2;0;0;0m[48;2;0;0;0m▀[0m[38;2;0;0;0m[48;2;0;0;0m▀[0m[38;2;0;0;0m[48;2;144;144;142m▀[0m[38;2;0;0;0m[48;2;50;54;51m▀[0m[38;2;0;0;0m[48;2;0;0;0m▀[0m[38;2;54;56;58m[48;2;0;0;0m▀[0m[38;2;124;129;129m[48;2;26;30;31m▀[0m[38;2;100;102;102m[48;2;144;151;154m▀[0m[38;2;41;40;38m[48;2;231;235;236m▀[0m[38;2;0;0;0m[48;2;247;247;247m▀[0m[38;2;0;0;0m[48;2;230;233;237m▀[0m[38;2;0;0;0m[48;2;165;173;175m▀[0m[38;2;10;9;10m[48;2;166;170;174m▀[0m[38;2;73;76;75m[48;2;130;132;133m▀[0m[38;2;158;158;158m[48;2;8;8;9m▀[0m[38;2;136;135;135m[48;2;0;0;0m▀[0m[38;2;87;85;88m[48;2;16;19;18m▀[0m[38;2;22;24;24m[48;2;91;95;94m▀[0m[38;2;0;0;0m[48;2;96;99;99m▀[0m[38;2;0;0;0m[48;2;100;102;102m▀[0m[38;2;0;0;1m[48;2;75;79;79m▀[0m[38;2;27;29;29m[48;2;73;75;73m▀[0m[38;2;66;68;68m[48;2;64;65;65m▀[0m[38;2;129;132;132m[48;2;15;17;17m▀[0m[38;2;163;166;163m[48;2;0;0;0m▀[0m[38;2;38;36;39m[48;2;0;0;0m▀[0m[38;2;0;0;0m[48;2;0;0;0m▀[0m[38;2;25;27;28m[48;2;19;25;28m▀[0m[38;2;125;127;130m[48;2;28;32;35m▀[0m[38;2;0;0;0m[48;2;0;0;0m▀[0m[38;2;0;0;0m[48;2;0;0;0m▀[0m[38;2;0;0;1m[48;2;0;1;1m▀[0m[38;2;0;0;0m[48;2;0;0;0m▀[0m[38;2;0;0;0m[48;2;0;0;0m▀[0m[38;2;0;0;0m[48;2;0;0;0m▀[0m[38;2;51;51;56m[48;2;69;67;77m▀[0m[38;2;97;101;109m[48;2;228;230;236m▀[0m[38;2;0;0;0m[48;2;0;0;0m▀[0m[38;2;173;176;175m[48;2;0;0;0m▀[0m[38;2;76;79;81m[48;2;179;194;194m▀[0m[38;2;0;0;0m[48;2;0;2;3m▀[0m[38;2;152;156;156m[48;2;0;0;0m▀[0m[38;2;42;45;45m[48;2;0;0;0m▀[0m[38;2;88;90;90m[48;2;53;55;55m▀[0m[38;2;0;0;0m[48;2;0;0;0m▀[0m[38;2;119;121;121m[48;2;91;93;91m▀[0m[38;2;230;234;231m[48;2;247;247;247m▀[0m[38;2;247;247;247m[48;2;247;247;247m▀[0m[38;2;247;247;247m[48;2;247;247;247m▀[0m[38;2;235;237;235m[48;2;247;247;247m▀[0m[38;2;157;164;167m[48;2;160;165;170m▀[0m[38;2;223;226;226m[48;2;231;233;237m▀[0m[38;2;0;0;0m[48;2;0;0;0m▀[0m[38;2;157;161;161m[48;2;67;71;71m▀[0m[38;2;247;247;247m[48;2;247;247;247m▀[0m[38;2;18;16;19m[48;2;0;0;0m▀[0m[38;2;0;0;0m[48;2;0;0;0m▀[0m[38;2;0;0;0m[48;2;0;0;0m▀[0m[38;2;155;157;161m[48;2;200;202;202m▀[0m[38;2;229;233;232m[48;2;218;218;218m▀[0m[38;2;161;161;159m[48;2;161;161;161m▀[0m
[38;2;0;0;0m[48;2;0;0;0m▀[0m[38;2;0;0;0m[48;2;0;0;0m▀[0m[38;2;0;0;0m[48;2;0;0;0m▀[0m[38;2;236;240;240m[48;2;6;15;18m▀[0m[38;2;247;247;247m[48;2;247;247;247m▀[0m[38;2;247;247;247m[48;2;241;241;241m▀[0m[38;2;205;204;204m[48;2;83;82;82m▀[0m[38;2;33;35;35m[48;2;126;129;129m▀[0m[38;2;56;58;60m[48;2;247;247;247m▀[0m[38;2;0;0;0m[48;2;91;93;93m▀[0m[38;2;0;0;0m[48;2;0;0;0m▀[0m[38;2;0;0;0m[48;2;0;0;0m▀[0m[38;2;0;0;0m[48;2;0;0;0m▀[0m[38;2;82;82;83m[48;2;0;0;0m▀[0m[38;2;189;189;191m[48;2;64;66;67m▀[0m[38;2;0;0;0m[48;2;106;109;110m▀[0m[38;2;121;121;122m[48;2;31;29;32m▀[0m[38;2;247;247;247m[48;2;247;247;247m▀[0m[38;2;188;190;190m[48;2;247;247;247m▀[0m[38;2;0;0;0m[48;2;0;0;0m▀[0m[38;2;0;0;0m[48;2;0;0;0m▀[0m[38;2;0;0;0m[48;2;0;0;0m▀[0m[38;2;100;105;110m[48;2;0;0;0m▀[0m[38;2;239;243;244m[48;2;0;0;0m▀[0m[38;2;247;247;247m[48;2;141;149;152m▀[0m[38;2;247;247;247m[48;2;247;247;247m▀[0m[38;2;217;219;217m[48;2;247;247;247m▀[0m[38;2;182;184;182m[48;2;247;247;247m▀[0m[38;2;185;184;185m[48;2;247;247;247m▀[0m[38;2;142;144;142m[48;2;247;247;247m▀[0m[38;2;99;101;101m[48;2;247;247;247m▀[0m[38;2;130;132;134m[48;2;247;247;247m▀[0m[38;2;116;118;118m[48;2;247;247;247m▀[0m[38;2;121;122;119m[48;2;247;247;247m▀[0m[38;2;68;69;64m[48;2;228;230;230m▀[0m[38;2;63;64;57m[48;2;136;138;138m▀[0m[38;2;43;47;41m[48;2;43;44;41m▀[0m[38;2;0;0;0m[48;2;0;0;0m▀[0m[38;2;0;0;0m[48;2;0;0;0m▀[0m[38;2;0;0;0m[48;2;0;0;0m▀[0m[38;2;0;0;0m[48;2;0;0;0m▀[0m[38;2;0;0;0m[48;2;0;0;0m▀[0m[38;2;27;32;36m[48;2;56;63;70m▀[0m[38;2;10;12;14m[48;2;0;0;0m▀[0m[38;2;0;0;0m[48;2;0;0;0m▀[0m[38;2;0;0;0m[48;2;0;0;0m▀[0m[38;2;0;0;0m[48;2;0;0;0m▀[0m[38;2;0;0;0m[48;2;0;0;0m▀[0m[38;2;0;0;0m[48;2;0;0;0m▀[0m[38;2;0;0;0m[48;2;0;0;0m▀[0m[38;2;174;176;182m[48;2;247;247;247m▀[0m[38;2;247;247;247m[48;2;247;247;247m▀[0m[38;2;5;7;5m[48;2;236;240;239m▀[0m[38;2;0;0;0m[48;2;0;0;0m▀[0m[38;2;0;0;0m[48;2;0;0;0m▀[0m[38;2;19;22;22m[48;2;0;0;0m▀[0m[38;2;0;0;0m[48;2;0;0;0m▀[0m[38;2;64;65;65m[48;2;191;193;193m▀[0m[38;2;55;57;57m[48;2;11;10;10m▀[0m[38;2;46;49;50m[48;2;72;78;77m▀[0m[38;2;173;180;181m[48;2;247;247;247m▀[0m[38;2;247;247;247m[48;2;247;247;247m▀[0m[38;2;247;247;247m[48;2;247;247;247m▀[0m[38;2;247;247;247m[48;2;247;247;247m▀[0m[38;2;247;247;247m[48;2;247;247;247m▀[0m[38;2;159;169;167m[48;2;161;169;167m▀[0m[38;2;228;234;234m[48;2;223;228;228m▀[0m[38;2;31;28;31m[48;2;84;87;87m▀[0m[38;2;0;0;0m[48;2;0;0;0m▀[0m[38;2;207;211;208m[48;2;161;168;168m▀[0m[38;2;0;0;0m[48;2;0;0;0m▀[0m[38;2;0;0;0m[48;2;29;32;32m▀[0m[38;2;0;0;0m[48;2;0;0;0m▀[0m[38;2;224;226;226m[48;2;231;235;236m▀[0m[38;2;199;202;199m[48;2;189;189;189m▀[0m[38;2;160;160;155m[48;2;160;158;156m▀[0m
[38;2;0;0;0m[48;2;247;247;247m▀[0m[38;2;138;140;140m[48;2;247;247;247m▀[0m[38;2;247;247;247m[48;2;247;247;247m▀[0m[38;2;242;240;243m[48;2;247;247;247m▀[0m[38;2;247;247;247m[48;2;247;247;247m▀[0m[38;2;247;247;247m[48;2;247;247;247m▀[0m[38;2;247;247;247m[48;2;247;247;247m▀[0m[38;2;188;188;189m[48;2;189;191;193m▀[0m[38;2;247;247;247m[48;2;247;247;247m▀[0m[38;2;246;246;246m[48;2;247;247;247m▀[0m[38;2;0;0;0m[48;2;0;0;0m▀[0m[38;2;102;102;102m[48;2;1;4;4m▀[0m[38;2;0;0;0m[48;2;0;0;0m▀[0m[38;2;0;0;0m[48;2;0;0;0m▀[0m[38;2;0;0;0m[48;2;19;19;20m▀[0m[38;2;32;35;36m[48;2;0;0;0m▀[0m[38;2;0;2;2m[48;2;0;0;0m▀[0m[38;2;118;116;119m[48;2;0;0;0m▀[0m[38;2;247;247;247m[48;2;208;210;212m▀[0m[38;2;120;123;123m[48;2;247;247;247m▀[0m[38;2;0;0;0m[48;2;0;0;0m▀[0m[38;2;0;0;0m[48;2;0;0;0m▀[0m[38;2;0;0;0m[48;2;0;0;0m▀[0m[38;2;0;0;0m[48;2;0;0;0m▀[0m[38;2;0;0;0m[48;2;0;0;0m▀[0m[38;2;47;50;52m[48;2;0;0;0m▀[0m[38;2;111;113;119m[48;2;15;17;21m▀[0m[38;2;104;106;108m[48;2;141;147;147m▀[0m[38;2;151;150;147m[48;2;137;141;145m▀[0m[38;2;216;215;215m[48;2;118;120;122m▀[0m[38;2;150;150;151m[48;2;96;96;105m▀[0m[38;2;65;69;70m[48;2;44;52;60m▀[0m[38;2;108;110;115m[48;2;38;45;53m▀[0m[38;2;62;64;67m[48;2;0;0;0m▀[0m[38;2;0;0;0m[48;2;0;0;0m▀[0m[38;2;0;0;0m[48;2;0;0;0m▀[0m[38;2;0;0;0m[48;2;0;0;0m▀[0m[38;2;0;0;0m[48;2;0;0;0m▀[0m[38;2;0;0;0m[48;2;0;0;1m▀[0m[38;2;0;0;0m[48;2;0;0;0m▀[0m[38;2;0;0;0m[48;2;0;0;0m▀[0m[38;2;0;0;0m[48;2;28;32;32m▀[0m[38;2;92;103;111m[48;2;95;103;109m▀[0m[38;2;0;0;0m[48;2;0;0;0m▀[0m[38;2;0;0;0m[48;2;0;0;0m▀[0m[38;2;0;0;0m[48;2;0;0;0m▀[0m[38;2;0;0;0m[48;2;0;0;0m▀[0m[38;2;0;0;0m[48;2;57;64;64m▀[0m[38;2;25;27;27m[48;2;55;62;60m▀[0m[38;2;0;0;0m[48;2;0;0;0m▀[0m[38;2;105;109;110m[48;2;0;0;0m▀[0m[38;2;247;247;247m[48;2;247;247;247m▀[0m[38;2;247;247;247m[48;2;247;247;247m▀[0m[38;2;247;247;247m[48;2;247;247;247m▀[0m[38;2;131;133;133m[48;2;247;247;247m▀[0m[38;2;0;0;0m[48;2;39;42;43m▀[0m[38;2;104;101;101m[48;2;247;247;247m▀[0m[38;2;247;247;245m[48;2;247;247;247m▀[0m[38;2;0;0;0m[48;2;0;0;0m▀[0m[38;2;72;73;70m[48;2;177;174;174m▀[0m[38;2;247;247;247m[48;2;247;247;247m▀[0m[38;2;247;247;247m[48;2;230;230;230m▀[0m[38;2;247;247;247m[48;2;232;234;234m▀[0m[38;2;247;247;247m[48;2;247;247;247m▀[0m[38;2;247;247;247m[48;2;247;247;247m▀[0m[38;2;172;176;175m[48;2;175;181;181m▀[0m[38;2;214;217;217m[48;2;198;204;204m▀[0m[38;2;133;136;138m[48;2;183;186;186m▀[0m[38;2;0;0;0m[48;2;0;0;0m▀[0m[38;2;116;116;116m[48;2;66;66;66m▀[0m[38;2;0;0;0m[48;2;118;121;122m▀[0m[38;2;176;182;181m[48;2;217;221;221m▀[0m[38;2;0;2;0m[48;2;8;10;10m▀[0m[38;2;232;235;235m[48;2;233;235;233m▀[0m[38;2;182;181;181m[48;2;174;176;177m▀[0m[38;2;156;155;156m[48;2;157;156;154m▀[0m
[38;2;247;247;247m[48;2;247;247;247m▀[0m[38;2;247;247;247m[48;2;247;247;247m▀[0m[38;2;247;247;247m[48;2;247;247;247m▀[0m[38;2;247;247;247m[48;2;247;247;247m▀[0m[38;2;247;247;247m[48;2;247;247;247m▀[0m[38;2;247;247;247m[48;2;247;247;247m▀[0m[38;2;247;247;247m[48;2;247;247;247m▀[0m[38;2;196;203;203m[48;2;212;219;219m▀[0m[38;2;238;238;239m[48;2;208;212;212m▀[0m[38;2;247;247;247m[48;2;247;247;247m▀[0m[38;2;26;29;29m[48;2;131;133;133m▀[0m[38;2;0;0;0m[48;2;0;0;0m▀[0m[38;2;0;0;0m[48;2;0;0;0m▀[0m[38;2;0;0;0m[48;2;0;0;0m▀[0m[38;2;0;0;0m[48;2;0;0;0m▀[0m[38;2;0;0;0m[48;2;0;0;0m▀[0m[38;2;0;0;0m[48;2;0;0;0m▀[0m[38;2;21;24;28m[48;2;0;0;0m▀[0m[38;2;0;0;0m[48;2;25;27;32m▀[0m[38;2;247;247;247m[48;2;15;18;18m▀[0m[38;2;118;120;120m[48;2;187;190;191m▀[0m[38;2;0;0;0m[48;2;0;0;0m▀[0m[38;2;0;0;0m[48;2;0;0;0m▀[0m[38;2;0;0;0m[48;2;0;0;0m▀[0m[38;2;0;0;0m[48;2;0;0;0m▀[0m[38;2;0;0;0m[48;2;0;0;0m▀[0m[38;2;0;0;0m[48;2;0;0;0m▀[0m[38;2;47;49;50m[48;2;0;0;0m▀[0m[38;2;130;136;140m[48;2;0;0;0m▀[0m[38;2;168;172;176m[48;2;0;0;0m▀[0m[38;2;161;167;170m[48;2;11;9;7m▀[0m[38;2;123;130;137m[48;2;14;12;9m▀[0m[38;2;84;91;96m[48;2;0;0;0m▀[0m[38;2;14;18;22m[48;2;0;0;0m▀[0m[38;2;0;0;0m[48;2;0;0;0m▀[0m[38;2;0;0;0m[48;2;0;1;0m▀[0m[38;2;0;0;0m[48;2;0;1;1m▀[0m[38;2;0;1;1m[48;2;0;0;1m▀[0m[38;2;0;1;1m[48;2;0;0;0m▀[0m[38;2;0;0;0m[48;2;0;0;0m▀[0m[38;2;0;0;0m[48;2;0;0;0m▀[0m[38;2;78;83;91m[48;2;102;109;116m▀[0m[38;2;56;60;64m[48;2;0;0;0m▀[0m[38;2;0;0;0m[48;2;0;0;0m▀[0m[38;2;0;0;0m[48;2;59;61;59m▀[0m[38;2;8;8;9m[48;2;93;97;97m▀[0m[38;2;86;90;93m[48;2;12;14;14m▀[0m[38;2;43;45;45m[48;2;0;0;0m▀[0m[38;2;0;0;0m[48;2;0;0;0m▀[0m[38;2;0;0;0m[48;2;0;0;0m▀[0m[38;2;0;0;0m[48;2;0;0;0m▀[0m[38;2;34;41;45m[48;2;0;0;0m▀[0m[38;2;207;213;213m[48;2;0;0;0m▀[0m[38;2;247;247;247m[48;2;0;0;0m▀[0m[38;2;247;247;247m[48;2;103;109;109m▀[0m[38;2;46;49;48m[48;2;41;43;44m▀[0m[38;2;214;217;217m[48;2;159;161;161m▀[0m[38;2;122;124;124m[48;2;0;0;0m▀[0m[38;2;77;80;80m[48;2;247;247;247m▀[0m[38;2;247;247;247m[48;2;247;247;247m▀[0m[38;2;247;247;247m[48;2;247;247;247m▀[0m[38;2;247;247;247m[48;2;211;222;225m▀[0m[38;2;247;247;247m[48;2;194;208;210m▀[0m[38;2;247;247;247m[48;2;230;236;235m▀[0m[38;2;247;247;247m[48;2;247;247;247m▀[0m[38;2;182;189;188m[48;2;206;209;209m▀[0m[38;2;186;189;191m[48;2;181;187;187m▀[0m[38;2;214;220;220m[48;2;234;241;242m▀[0m[38;2;0;0;0m[48;2;0;0;0m▀[0m[38;2;42;39;39m[48;2;11;13;13m▀[0m[38;2;247;247;247m[48;2;247;247;247m▀[0m[38;2;183;187;187m[48;2;191;194;194m▀[0m[38;2;31;32;31m[48;2;0;0;0m▀[0m[38;2;227;229;227m[48;2;212;212;212m▀[0m[38;2;175;174;175m[48;2;183;182;183m▀[0m[38;2;156;156;154m[48;2;156;156;157m▀[0m
[38;2;182;184;184m[48;2;247;247;247m▀[0m[38;2;84;87;87m[48;2;0;0;0m▀[0m[38;2;247;247;247m[48;2;152;154;155m▀[0m[38;2;247;247;247m[48;2;247;247;247m▀[0m[38;2;247;247;247m[48;2;247;247;247m▀[0m[38;2;247;247;247m[48;2;247;247;247m▀[0m[38;2;247;247;247m[48;2;247;247;247m▀[0m[38;2;237;239;239m[48;2;237;241;241m▀[0m[38;2;202;206;206m[48;2;164;172;175m▀[0m[38;2;247;247;247m[48;2;202;200;198m▀[0m[38;2;217;216;216m[48;2;247;247;247m▀[0m[38;2;0;0;0m[48;2;0;0;0m▀[0m[38;2;0;0;0m[48;2;0;0;0m▀[0m[38;2;200;202;202m[48;2;247;247;247m▀[0m[38;2;51;55;51m[48;2;171;173;171m▀[0m[38;2;20;23;23m[48;2;158;161;158m▀[0m[38;2;0;0;0m[48;2;0;0;0m▀[0m[38;2;0;0;0m[48;2;0;0;0m▀[0m[38;2;25;27;31m[48;2;0;0;0m▀[0m[38;2;6;12;13m[48;2;43;49;50m▀[0m[38;2;0;0;0m[48;2;0;0;0m▀[0m[38;2;13;13;14m[48;2;0;0;0m▀[0m[38;2;0;0;0m[48;2;0;0;0m▀[0m[38;2;0;0;0m[48;2;0;0;0m▀[0m[38;2;0;0;0m[48;2;0;0;0m▀[0m[38;2;0;0;0m[48;2;0;0;1m▀[0m[38;2;0;0;0m[48;2;0;0;0m▀[0m[38;2;0;0;0m[48;2;0;0;0m▀[0m[38;2;0;0;0m[48;2;0;0;0m▀[0m[38;2;0;0;0m[48;2;0;0;0m▀[0m[38;2;0;0;0m[48;2;0;0;0m▀[0m[38;2;0;0;0m[48;2;0;0;0m▀[0m[38;2;0;0;0m[48;2;0;0;0m▀[0m[38;2;0;0;0m[48;2;0;0;0m▀[0m[38;2;0;0;0m[48;2;0;0;1m▀[0m[38;2;0;0;1m[48;2;0;1;1m▀[0m[38;2;0;0;1m[48;2;0;1;1m▀[0m[38;2;0;0;1m[48;2;0;0;0m▀[0m[38;2;0;0;0m[48;2;0;0;0m▀[0m[38;2;0;0;0m[48;2;0;0;0m▀[0m[38;2;19;21;22m[48;2;32;39;44m▀[0m[38;2;92;98;103m[48;2;21;24;25m▀[0m[38;2;0;0;0m[48;2;0;0;0m▀[0m[38;2;117;121;125m[48;2;220;224;227m▀[0m[38;2;113;115;119m[48;2;0;0;0m▀[0m[38;2;0;0;0m[48;2;0;0;0m▀[0m[38;2;0;0;0m[48;2;0;0;0m▀[0m[38;2;0;0;0m[48;2;0;0;0m▀[0m[38;2;0;0;0m[48;2;0;1;1m▀[0m[38;2;0;0;0m[48;2;0;2;0m▀[0m[38;2;0;0;0m[48;2;0;0;1m▀[0m[38;2;0;0;0m[48;2;0;0;0m▀[0m[38;2;0;0;0m[48;2;0;0;0m▀[0m[38;2;0;0;0m[48;2;0;0;0m▀[0m[38;2;0;0;0m[48;2;0;0;0m▀[0m[38;2;0;0;0m[48;2;0;0;0m▀[0m[38;2;0;0;0m[48;2;0;0;0m▀[0m[38;2;173;172;172m[48;2;247;247;247m▀[0m[38;2;247;247;247m[48;2;247;247;247m▀[0m[38;2;247;247;247m[48;2;247;247;247m▀[0m[38;2;247;247;247m[48;2;247;247;247m▀[0m[38;2;226;226;227m[48;2;129;131;133m▀[0m[38;2;207;211;211m[48;2;83;81;84m▀[0m[38;2;247;247;247m[48;2;115;117;119m▀[0m[38;2;233;232;232m[48;2;190;192;192m▀[0m[38;2;226;228;228m[48;2;184;186;184m▀[0m[38;2;202;208;208m[48;2;244;247;247m▀[0m[38;2;206;213;212m[48;2;106;110;111m▀[0m[38;2;0;0;0m[48;2;0;0;0m▀[0m[38;2;14;14;14m[48;2;30;30;30m▀[0m[38;2;247;247;247m[48;2;247;247;247m▀[0m[38;2;247;247;247m[48;2;247;247;247m▀[0m[38;2;0;0;0m[48;2;72;71;69m▀[0m[38;2;156;158;160m[48;2;76;75;76m▀[0m[38;2;199;201;199m[48;2;222;224;222m▀[0m[38;2;159;159;157m[48;2;158;158;156m▀[0m
[38;2;168;171;167m[48;2;7;7;7m▀[0m[38;2;13;15;13m[48;2;25;23;20m▀[0m[38;2;34;38;39m[48;2;82;93;91m▀[0m[38;2;222;227;226m[48;2;11;14;14m▀[0m[38;2;247;247;247m[48;2;203;211;214m▀[0m[38;2;247;247;247m[48;2;200;207;207m▀[0m[38;2;247;247;247m[48;2;221;223;223m▀[0m[38;2;231;237;237m[48;2;215;219;219m▀[0m[38;2;159;167;165m[48;2;247;247;247m▀[0m[38;2;106;106;104m[48;2;247;247;247m▀[0m[38;2;247;247;247m[48;2;247;247;247m▀[0m[38;2;0;0;0m[48;2;0;0;0m▀[0m[38;2;0;0;0m[48;2;0;0;0m▀[0m[38;2;247;247;247m[48;2;247;247;247m▀[0m[38;2;149;151;149m[48;2;100;103;102m▀[0m[38;2;197;202;198m[48;2;84;87;88m▀[0m[38;2;0;0;0m[48;2;0;0;0m▀[0m[38;2;0;0;0m[48;2;0;0;0m▀[0m[38;2;0;0;0m[48;2;0;0;0m▀[0m[38;2;0;0;0m[48;2;0;0;0m▀[0m[38;2;155;161;160m[48;2;124;126;127m▀[0m[38;2;64;67;67m[48;2;180;182;182m▀[0m[38;2;0;0;0m[48;2;104;108;108m▀[0m[38;2;0;0;0m[48;2;22;24;26m▀[0m[38;2;0;0;0m[48;2;0;0;0m▀[0m[38;2;0;0;0m[48;2;0;0;0m▀[0m[38;2;0;0;0m[48;2;0;0;0m▀[0m[38;2;0;0;0m[48;2;0;0;0m▀[0m[38;2;0;1;1m[48;2;0;0;1m▀[0m[38;2;0;1;1m[48;2;0;0;1m▀[0m[38;2;0;0;0m[48;2;0;0;0m▀[0m[38;2;0;1;1m[48;2;0;1;1m▀[0m[38;2;0;0;0m[48;2;0;0;1m▀[0m[38;2;0;0;1m[48;2;0;0;1m▀[0m[38;2;0;1;1m[48;2;0;0;1m▀[0m[38;2;0;1;1m[48;2;0;0;0m▀[0m[38;2;0;0;0m[48;2;0;0;0m▀[0m[38;2;0;0;0m[48;2;0;0;0m▀[0m[38;2;0;0;0m[48;2;53;57;57m▀[0m[38;2;12;10;13m[48;2;150;154;154m▀[0m[38;2;43;45;47m[48;2;12;11;11m▀[0m[38;2;0;0;0m[48;2;0;0;0m▀[0m[38;2;141;145;146m[48;2;223;226;229m▀[0m[38;2;107;111;112m[48;2;0;0;0m▀[0m[38;2;0;0;0m[48;2;0;0;0m▀[0m[38;2;0;0;0m[48;2;0;0;0m▀[0m[38;2;0;0;0m[48;2;0;0;0m▀[0m[38;2;0;0;0m[48;2;0;1;1m▀[0m[38;2;0;1;1m[48;2;0;1;1m▀[0m[38;2;0;1;1m[48;2;0;0;0m▀[0m[38;2;0;0;0m[48;2;0;0;0m▀[0m[38;2;0;0;1m[48;2;0;0;0m▀[0m[38;2;0;0;0m[48;2;0;0;0m▀[0m[38;2;0;0;0m[48;2;0;0;0m▀[0m[38;2;0;0;0m[48;2;0;0;0m▀[0m[38;2;0;0;0m[48;2;42;44;46m▀[0m[38;2;223;226;226m[48;2;247;247;247m▀[0m[38;2;247;247;247m[48;2;247;247;247m▀[0m[38;2;247;247;247m[48;2;247;247;247m▀[0m[38;2;247;247;247m[48;2;237;237;237m▀[0m[38;2;247;247;247m[48;2;244;247;246m▀[0m[38;2;247;247;247m[48;2;247;247;247m▀[0m[38;2;247;247;247m[48;2;247;247;247m▀[0m[38;2;247;247;247m[48;2;247;247;247m▀[0m[38;2;210;210;210m[48;2;133;135;136m▀[0m[38;2;193;198;197m[48;2;133;136;135m▀[0m[38;2;247;247;247m[48;2;91;95;95m▀[0m[38;2;0;0;0m[48;2;0;0;0m▀[0m[38;2;0;0;0m[48;2;0;0;0m▀[0m[38;2;74;74;75m[48;2;132;135;134m▀[0m[38;2;247;247;247m[48;2;247;247;247m▀[0m[38;2;247;247;247m[48;2;226;233;235m▀[0m[38;2;186;185;182m[48;2;60;66;64m▀[0m[38;2;58;58;56m[48;2;35;34;35m▀[0m[38;2;225;226;225m[48;2;227;226;227m▀[0m[38;2;161;161;160m[48;2;161;161;160m▀[0m
[38;2;55;58;63m[48;2;153;161;163m▀[0m[38;2;0;0;0m[48;2;0;0;0m▀[0m[38;2;109;116;116m[48;2;68;74;79m▀[0m[38;2;0;0;0m[48;2;0;0;0m▀[0m[38;2;99;105;106m[48;2;0;0;0m▀[0m[38;2;209;218;221m[48;2;98;104;105m▀[0m[38;2;190;196;199m[48;2;159;164;165m▀[0m[38;2;176;180;180m[48;2;184;191;191m▀[0m[38;2;192;194;194m[48;2;201;205;208m▀[0m[38;2;247;247;247m[48;2;196;200;203m▀[0m[38;2;247;247;247m[48;2;247;247;247m▀[0m[38;2;0;0;0m[48;2;0;0;0m▀[0m[38;2;0;0;0m[48;2;27;30;33m▀[0m[38;2;247;247;247m[48;2;247;247;247m▀[0m[38;2;80;84;87m[48;2;118;122;122m▀[0m[38;2;0;0;0m[48;2;0;0;0m▀[0m[38;2;0;0;0m[48;2;0;0;0m▀[0m[38;2;0;0;0m[48;2;57;57;59m▀[0m[38;2;0;0;0m[48;2;36;38;38m▀[0m[38;2;65;68;70m[48;2;22;22;23m▀[0m[38;2;12;12;10m[48;2;9;7;5m▀[0m[38;2;184;184;185m[48;2;127;132;133m▀[0m[38;2;85;87;89m[48;2;108;112;115m▀[0m[38;2;96;99;99m[48;2;73;74;71m▀[0m[38;2;84;86;88m[48;2;20;22;24m▀[0m[38;2;0;0;0m[48;2;117;119;123m▀[0m[38;2;0;0;0m[48;2;46;46;47m▀[0m[38;2;0;0;0m[48;2;0;0;0m▀[0m[38;2;0;0;1m[48;2;0;0;0m▀[0m[38;2;0;0;1m[48;2;0;0;1m▀[0m[38;2;0;0;1m[48;2;0;1;1m▀[0m[38;2;0;1;1m[48;2;0;0;0m▀[0m[38;2;0;1;1m[48;2;0;1;1m▀[0m[38;2;0;1;1m[48;2;0;1;1m▀[0m[38;2;0;0;1m[48;2;0;0;0m▀[0m[38;2;0;0;0m[48;2;0;0;0m▀[0m[38;2;0;0;0m[48;2;0;0;0m▀[0m[38;2;44;46;46m[48;2;97;100;100m▀[0m[38;2;151;158;158m[48;2;0;0;0m▀[0m[38;2;0;0;0m[48;2;0;0;0m▀[0m[38;2;0;0;0m[48;2;0;0;0m▀[0m[38;2;106;104;107m[48;2;214;216;218m▀[0m[38;2;164;168;168m[48;2;34;36;37m▀[0m[38;2;0;0;0m[48;2;0;0;0m▀[0m[38;2;0;0;0m[48;2;0;0;0m▀[0m[38;2;0;0;0m[48;2;0;0;0m▀[0m[38;2;0;0;0m[48;2;0;0;0m▀[0m[38;2;0;0;0m[48;2;0;0;0m▀[0m[38;2;0;0;0m[48;2;0;0;0m▀[0m[38;2;0;0;0m[48;2;0;0;0m▀[0m[38;2;0;0;0m[48;2;0;0;0m▀[0m[38;2;0;0;0m[48;2;23;25;26m▀[0m[38;2;0;0;0m[48;2;87;90;92m▀[0m[38;2;0;0;0m[48;2;96;101;104m▀[0m[38;2;0;0;0m[48;2;32;35;35m▀[0m[38;2;226;233;236m[48;2;247;247;247m▀[0m[38;2;247;247;247m[48;2;205;208;207m▀[0m[38;2;183;190;188m[48;2;209;212;211m▀[0m[38;2;225;227;226m[48;2;247;247;247m▀[0m[38;2;247;247;247m[48;2;247;247;247m▀[0m[38;2;247;247;247m[48;2;247;247;247m▀[0m[38;2;247;247;247m[48;2;247;247;247m▀[0m[38;2;247;247;247m[48;2;100;104;107m▀[0m[38;2;121;126;131m[48;2;53;55;53m▀[0m[38;2;0;0;0m[48;2;81;83;81m▀[0m[38;2;62;64;64m[48;2;18;20;20m▀[0m[38;2;6;8;8m[48;2;0;0;0m▀[0m[38;2;0;0;0m[48;2;0;0;0m▀[0m[38;2;0;0;0m[48;2;0;0;0m▀[0m[38;2;162;166;169m[48;2;238;242;245m▀[0m[38;2;247;247;247m[48;2;247;247;247m▀[0m[38;2;184;191;192m[48;2;5;7;8m▀[0m[38;2;0;0;0m[48;2;0;0;0m▀[0m[38;2;121;123;124m[48;2;230;232;232m▀[0m[38;2;214;213;213m[48;2;189;191;191m▀[0m[38;2;161;161;161m[48;2;161;159;161m▀[0m
[38;2;192;199;197m[48;2;0;0;0m▀[0m[38;2;0;0;0m[48;2;0;0;0m▀[0m[38;2;49;54;59m[48;2;22;23;20m▀[0m[38;2;0;0;0m[48;2;0;0;0m▀[0m[38;2;0;0;0m[48;2;0;0;0m▀[0m[38;2;0;0;0m[48;2;0;0;0m▀[0m[38;2;14;16;17m[48;2;0;0;0m▀[0m[38;2;49;52;53m[48;2;0;0;0m▀[0m[38;2;142;145;146m[48;2;0;0;0m▀[0m[38;2;241;245;246m[48;2;129;132;133m▀[0m[38;2;200;206;210m[48;2;129;133;136m▀[0m[38;2;0;0;0m[48;2;0;0;0m▀[0m[38;2;76;84;86m[48;2;162;173;176m▀[0m[38;2;247;247;247m[48;2;247;247;247m▀[0m[38;2;166;168;168m[48;2;207;209;209m▀[0m[38;2;0;0;0m[48;2;0;0;0m▀[0m[38;2;0;0;0m[48;2;0;0;0m▀[0m[38;2;199;199;199m[48;2;247;247;247m▀[0m[38;2;129;131;131m[48;2;194;197;197m▀[0m[38;2;0;0;0m[48;2;0;0;0m▀[0m[38;2;0;0;0m[48;2;0;0;0m▀[0m[38;2;7;10;9m[48;2;0;0;0m▀[0m[38;2;155;157;157m[48;2;145;148;147m▀[0m[38;2;44;42;45m[48;2;11;14;14m▀[0m[38;2;84;87;87m[48;2;93;93;93m▀[0m[38;2;0;0;0m[48;2;48;50;48m▀[0m[38;2;61;63;63m[48;2;0;0;0m▀[0m[38;2;6;8;8m[48;2;0;0;0m▀[0m[38;2;0;0;0m[48;2;0;0;0m▀[0m[38;2;0;1;1m[48;2;0;0;0m▀[0m[38;2;0;1;1m[48;2;0;0;1m▀[0m[38;2;0;1;1m[48;2;0;1;1m▀[0m[38;2;0;1;1m[48;2;0;1;1m▀[0m[38;2;0;1;1m[48;2;1;1;2m▀[0m[38;2;0;0;0m[48;2;0;0;0m▀[0m[38;2;9;11;11m[48;2;42;44;44m▀[0m[38;2;89;91;89m[48;2;19;19;19m▀[0m[38;2;16;18;16m[48;2;0;0;0m▀[0m[38;2;0;0;0m[48;2;0;0;0m▀[0m[38;2;0;0;0m[48;2;0;0;0m▀[0m[38;2;42;45;44m[48;2;131;134;133m▀[0m[38;2;165;171;172m[48;2;74;76;78m▀[0m[38;2;0;0;0m[48;2;0;0;0m▀[0m[38;2;0;0;0m[48;2;0;0;0m▀[0m[38;2;0;0;0m[48;2;0;0;0m▀[0m[38;2;0;0;0m[48;2;0;0;0m▀[0m[38;2;0;0;0m[48;2;0;0;0m▀[0m[38;2;0;0;0m[48;2;130;133;133m▀[0m[38;2;0;0;0m[48;2;188;187;187m▀[0m[38;2;0;0;0m[48;2;124;128;129m▀[0m[38;2;77;80;84m[48;2;100;104;101m▀[0m[38;2;247;247;247m[48;2;76;80;79m▀[0m[38;2;247;247;247m[48;2;230;230;228m▀[0m[38;2;116;124;129m[48;2;32;34;34m▀[0m[38;2;135;138;139m[48;2;218;220;218m▀[0m[38;2;247;247;247m[48;2;247;247;247m▀[0m[38;2;117;123;120m[48;2;144;152;147m▀[0m[38;2;180;183;183m[48;2;166;169;171m▀[0m[38;2;247;247;247m[48;2;191;196;199m▀[0m[38;2;247;247;247m[48;2;247;247;247m▀[0m[38;2;247;247;247m[48;2;171;168;171m▀[0m[38;2;92;95;92m[48;2;0;0;0m▀[0m[38;2;0;0;0m[48;2;0;0;0m▀[0m[38;2;30;31;27m[48;2;0;0;0m▀[0m[38;2;0;0;0m[48;2;0;0;0m▀[0m[38;2;0;0;0m[48;2;0;0;0m▀[0m[38;2;0;0;0m[48;2;0;0;0m▀[0m[38;2;0;0;0m[48;2;0;0;0m▀[0m[38;2;24;26;26m[48;2;84;86;86m▀[0m[38;2;247;247;247m[48;2;247;247;247m▀[0m[38;2;196;200;203m[48;2;72;72;72m▀[0m[38;2;0;0;0m[48;2;0;0;0m▀[0m[38;2;29;32;31m[48;2;199;201;203m▀[0m[38;2;247;247;247m[48;2;247;247;247m▀[0m[38;2;185;186;183m[48;2;191;192;189m▀[0m[38;2;160;163;160m[48;2;171;171;171m▀[0m
[38;2;0;0;0m[48;2;247;247;247m▀[0m[38;2;0;0;0m[48;2;0;0;0m▀[0m[38;2;0;0;0m[48;2;0;0;0m▀[0m[38;2;0;0;0m[48;2;0;0;0m▀[0m[38;2;0;0;0m[48;2;107;110;110m▀[0m[38;2;0;0;0m[48;2;247;247;247m▀[0m[38;2;0;0;0m[48;2;247;247;247m▀[0m[38;2;59;57;60m[48;2;247;247;247m▀[0m[38;2;131;134;136m[48;2;247;247;247m▀[0m[38;2;175;178;182m[48;2;243;245;245m▀[0m[38;2;167;170;174m[48;2;179;183;183m▀[0m[38;2;0;0;0m[48;2;0;0;0m▀[0m[38;2;162;171;174m[48;2;0;0;0m▀[0m[38;2;247;247;247m[48;2;181;185;185m▀[0m[38;2;239;243;243m[48;2;175;178;177m▀[0m[38;2;0;0;0m[48;2;0;0;0m▀[0m[38;2;0;0;0m[48;2;0;0;0m▀[0m[38;2;247;247;247m[48;2;247;247;247m▀[0m[38;2;247;247;247m[48;2;199;198;196m▀[0m[38;2;0;0;0m[48;2;0;0;0m▀[0m[38;2;0;0;0m[48;2;147;149;151m▀[0m[38;2;0;0;0m[48;2;0;0;0m▀[0m[38;2;60;63;63m[48;2;0;0;0m▀[0m[38;2;155;157;157m[48;2;194;199;199m▀[0m[38;2;0;0;0m[48;2;8;10;10m▀[0m[38;2;149;148;148m[48;2;0;2;2m▀[0m[38;2;5;7;7m[48;2;124;127;124m▀[0m[38;2;0;0;0m[48;2;0;0;0m▀[0m[38;2;0;0;0m[48;2;0;0;0m▀[0m[38;2;0;0;0m[48;2;0;0;0m▀[0m[38;2;0;0;1m[48;2;0;0;1m▀[0m[38;2;0;1;1m[48;2;0;0;1m▀[0m[38;2;0;1;1m[48;2;0;0;1m▀[0m[38;2;0;0;1m[48;2;0;0;0m▀[0m[38;2;0;0;0m[48;2;0;0;0m▀[0m[38;2;0;0;0m[48;2;0;1;1m▀[0m[38;2;0;0;0m[48;2;0;0;0m▀[0m[38;2;0;0;0m[48;2;0;0;0m▀[0m[38;2;0;0;0m[48;2;0;0;0m▀[0m[38;2;20;19;19m[48;2;57;56;54m▀[0m[38;2;133;137;137m[48;2;104;110;115m▀[0m[38;2;26;29;29m[48;2;0;0;0m▀[0m[38;2;0;0;0m[48;2;0;0;0m▀[0m[38;2;0;0;0m[48;2;0;0;0m▀[0m[38;2;0;0;0m[48;2;0;0;0m▀[0m[38;2;0;0;0m[48;2;0;0;0m▀[0m[38;2;71;73;73m[48;2;182;181;178m▀[0m[38;2;185;184;181m[48;2;120;122;122m▀[0m[38;2;114;116;116m[48;2;64;68;65m▀[0m[38;2;162;164;162m[48;2;247;247;247m▀[0m[38;2;247;247;247m[48;2;238;240;238m▀[0m[38;2;226;227;225m[48;2;247;247;247m▀[0m[38;2;104;104;104m[48;2;93;93;94m▀[0m[38;2;39;42;43m[48;2;113;115;116m▀[0m[38;2;247;247;247m[48;2;247;247;247m▀[0m[38;2;247;247;247m[48;2;226;229;228m▀[0m[38;2;112;118;115m[48;2;137;140;139m▀[0m[38;2;247;247;247m[48;2;247;247;247m▀[0m[38;2;247;247;247m[48;2;137;143;144m▀[0m[38;2;73;88;96m[48;2;7;14;17m▀[0m[38;2;0;0;0m[48;2;0;0;0m▀[0m[38;2;0;0;0m[48;2;0;0;0m▀[0m[38;2;0;0;0m[48;2;0;0;0m▀[0m[38;2;0;0;0m[48;2;0;0;0m▀[0m[38;2;0;0;0m[48;2;127;129;129m▀[0m[38;2;0;0;0m[48;2;158;161;161m▀[0m[38;2;6;6;7m[48;2;55;57;58m▀[0m[38;2;0;0;0m[48;2;0;0;0m▀[0m[38;2;160;163;162m[48;2;218;218;220m▀[0m[38;2;247;247;247m[48;2;205;209;213m▀[0m[38;2;0;0;0m[48;2;0;0;0m▀[0m[38;2;0;0;0m[48;2;41;47;56m▀[0m[38;2;96;101;102m[48;2;0;0;0m▀[0m[38;2;204;204;201m[48;2;0;0;0m▀[0m[38;2;247;247;247m[48;2;90;93;92m▀[0m[38;2;218;217;215m[48;2;245;247;247m▀[0m
[38;2;247;247;247m[48;2;161;162;162m▀[0m[38;2;230;234;234m[48;2;247;247;247m▀[0m[38;2;0;0;0m[48;2;115;114;114m▀[0m[38;2;0;0;0m[48;2;0;0;0m▀[0m[38;2;18;18;20m[48;2;0;0;0m▀[0m[38;2;247;247;247m[48;2;160;163;161m▀[0m[38;2;247;247;247m[48;2;247;247;247m▀[0m[38;2;237;238;235m[48;2;227;231;228m▀[0m[38;2;230;230;228m[48;2;224;226;226m▀[0m[38;2;237;239;239m[48;2;222;226;226m▀[0m[38;2;247;247;247m[48;2;247;247;247m▀[0m[38;2;65;67;67m[48;2;23;25;25m▀[0m[38;2;121;123;123m[48;2;175;174;174m▀[0m[38;2;169;173;170m[48;2;247;247;247m▀[0m[38;2;32;32;30m[48;2;131;132;129m▀[0m[38;2;0;0;0m[48;2;0;0;0m▀[0m[38;2;0;0;0m[48;2;0;0;0m▀[0m[38;2;247;247;247m[48;2;144;151;156m▀[0m[38;2;10;8;11m[48;2;0;0;0m▀[0m[38;2;144;144;142m[48;2;247;247;247m▀[0m[38;2;247;247;247m[48;2;243;246;246m▀[0m[38;2;0;0;0m[48;2;0;0;0m▀[0m[38;2;0;0;0m[48;2;126;124;127m▀[0m[38;2;78;80;81m[48;2;22;25;25m▀[0m[38;2;126;129;130m[48;2;128;128;129m▀[0m[38;2;0;0;0m[48;2;0;0;0m▀[0m[38;2;53;56;56m[48;2;0;0;0m▀[0m[38;2;81;84;81m[48;2;34;37;37m▀[0m[38;2;0;0;0m[48;2;0;0;0m▀[0m[38;2;0;0;3m[48;2;0;0;0m▀[0m[38;2;0;0;1m[48;2;0;1;1m▀[0m[38;2;0;0;1m[48;2;0;0;1m▀[0m[38;2;0;0;0m[48;2;0;0;1m▀[0m[38;2;0;0;0m[48;2;0;0;1m▀[0m[38;2;0;0;1m[48;2;0;1;1m▀[0m[38;2;0;1;1m[48;2;0;0;1m▀[0m[38;2;0;1;1m[48;2;0;0;0m▀[0m[38;2;0;0;0m[48;2;0;0;0m▀[0m[38;2;8;8;6m[48;2;3;2;2m▀[0m[38;2;62;64;62m[48;2;87;94;95m▀[0m[38;2;96;102;106m[48;2;56;63;66m▀[0m[38;2;0;0;0m[48;2;0;0;0m▀[0m[38;2;0;0;0m[48;2;0;0;0m▀[0m[38;2;0;0;0m[48;2;0;0;0m▀[0m[38;2;0;0;0m[48;2;0;0;0m▀[0m[38;2;0;0;0m[48;2;0;0;0m▀[0m[38;2;70;70;75m[48;2;0;0;0m▀[0m[38;2;20;24;21m[48;2;118;122;122m▀[0m[38;2;204;205;202m[48;2;247;247;247m▀[0m[38;2;247;247;247m[48;2;232;234;235m▀[0m[38;2;231;233;231m[48;2;245;247;247m▀[0m[38;2;247;247;247m[48;2;203;204;201m▀[0m[38;2;0;0;0m[48;2;0;0;0m▀[0m[38;2;199;201;201m[48;2;247;247;247m▀[0m[38;2;247;247;247m[48;2;247;247;247m▀[0m[38;2;166;170;167m[48;2;165;167;167m▀[0m[38;2;205;207;207m[48;2;175;179;176m▀[0m[38;2;204;208;204m[48;2;44;48;48m▀[0m[38;2;0;0;0m[48;2;0;0;0m▀[0m[38;2;0;0;0m[48;2;0;0;0m▀[0m[38;2;0;0;0m[48;2;0;0;0m▀[0m[38;2;0;0;0m[48;2;31;28;31m▀[0m[38;2;0;0;0m[48;2;247;247;247m▀[0m[38;2;247;247;247m[48;2;247;247;247m▀[0m[38;2;247;247;247m[48;2;127;133;136m▀[0m[38;2;137;141;141m[48;2;92;96;95m▀[0m[38;2;43;49;48m[48;2;0;0;0m▀[0m[38;2;0;0;0m[48;2;0;0;0m▀[0m[38;2;247;247;247m[48;2;232;239;240m▀[0m[38;2;77;80;84m[48;2;0;0;0m▀[0m[38;2;0;0;0m[48;2;0;0;0m▀[0m[38;2;82;94;97m[48;2;109;118;122m▀[0m[38;2;0;0;0m[48;2;0;0;0m▀[0m[38;2;0;0;0m[48;2;0;0;0m▀[0m[38;2;0;0;0m[48;2;0;0;0m▀[0m[38;2;0;0;0m[48;2;0;0;0m▀[0m
[38;2;216;215;215m[48;2;232;232;230m▀[0m[38;2;173;175;177m[48;2;142;144;146m▀[0m[38;2;247;247;247m[48;2;247;247;247m▀[0m[38;2;21;19;22m[48;2;226;228;228m▀[0m[38;2;0;0;0m[48;2;0;0;0m▀[0m[38;2;0;0;0m[48;2;0;0;0m▀[0m[38;2;247;247;247m[48;2;129;130;130m▀[0m[38;2;247;247;245m[48;2;247;247;247m▀[0m[38;2;228;230;230m[48;2;247;247;247m▀[0m[38;2;230;232;232m[48;2;238;240;240m▀[0m[38;2;247;247;247m[48;2;247;247;247m▀[0m[38;2;1;5;2m[48;2;0;0;0m▀[0m[38;2;181;183;183m[48;2;247;247;247m▀[0m[38;2;247;247;247m[48;2;214;216;216m▀[0m[38;2;13;12;12m[48;2;48;50;52m▀[0m[38;2;0;0;0m[48;2;130;132;133m▀[0m[38;2;0;0;0m[48;2;0;0;1m▀[0m[38;2;0;0;0m[48;2;0;0;0m▀[0m[38;2;83;86;87m[48;2;0;0;0m▀[0m[38;2;247;247;247m[48;2;35;35;35m▀[0m[38;2;33;36;36m[48;2;0;0;0m▀[0m[38;2;72;75;74m[48;2;157;159;160m▀[0m[38;2;195;194;194m[48;2;0;0;0m▀[0m[38;2;0;0;0m[48;2;0;0;0m▀[0m[38;2;79;81;81m[48;2;9;7;10m▀[0m[38;2;70;69;69m[48;2;100;102;102m▀[0m[38;2;0;0;0m[48;2;22;22;22m▀[0m[38;2;0;0;0m[48;2;28;28;26m▀[0m[38;2;0;0;0m[48;2;0;0;0m▀[0m[38;2;0;0;0m[48;2;0;1;1m▀[0m[38;2;0;1;1m[48;2;1;1;1m▀[0m[38;2;0;0;0m[48;2;0;0;1m▀[0m[38;2;0;0;0m[48;2;0;0;0m▀[0m[38;2;0;0;0m[48;2;0;0;0m▀[0m[38;2;0;0;0m[48;2;0;0;0m▀[0m[38;2;0;0;0m[48;2;0;0;0m▀[0m[38;2;0;0;0m[48;2;0;0;0m▀[0m[38;2;0;0;0m[48;2;0;0;0m▀[0m[38;2;0;0;0m[48;2;15;17;18m▀[0m[38;2;106;119;120m[48;2;93;99;103m▀[0m[38;2;0;0;0m[48;2;0;0;0m▀[0m[38;2;0;0;0m[48;2;0;0;0m▀[0m[38;2;0;0;0m[48;2;0;0;0m▀[0m[38;2;0;0;0m[48;2;0;0;0m▀[0m[38;2;0;0;0m[48;2;0;0;0m▀[0m[38;2;0;0;0m[48;2;0;0;0m▀[0m[38;2;0;0;0m[48;2;0;0;0m▀[0m[38;2;127;130;133m[48;2;43;47;50m▀[0m[38;2;247;247;247m[48;2;192;195;194m▀[0m[38;2;244;245;242m[48;2;247;247;247m▀[0m[38;2;247;247;247m[48;2;247;247;247m▀[0m[38;2;148;150;150m[48;2;108;111;110m▀[0m[38;2;37;36;37m[48;2;66;68;69m▀[0m[38;2;247;247;247m[48;2;247;247;247m▀[0m[38;2;231;232;229m[48;2;225;226;223m▀[0m[38;2;234;236;236m[48;2;247;247;247m▀[0m[38;2;147;150;150m[48;2;176;176;176m▀[0m[38;2;57;61;61m[48;2;96;97;97m▀[0m[38;2;0;0;0m[48;2;0;0;0m▀[0m[38;2;33;35;35m[48;2;247;247;247m▀[0m[38;2;27;29;29m[48;2;2;1;1m▀[0m[38;2;71;71;72m[48;2;18;18;16m▀[0m[38;2;247;247;247m[48;2;247;247;247m▀[0m[38;2;247;247;247m[48;2;170;176;179m▀[0m[38;2;19;28;27m[48;2;72;74;72m▀[0m[38;2;32;34;32m[48;2;0;0;0m▀[0m[38;2;0;0;0m[48;2;0;0;0m▀[0m[38;2;24;26;28m[48;2;67;69;67m▀[0m[38;2;177;181;185m[48;2;114;118;118m▀[0m[38;2;0;0;0m[48;2;2;4;6m▀[0m[38;2;2;1;2m[48;2;38;37;37m▀[0m[38;2;107;114;118m[48;2;98;101;105m▀[0m[38;2;0;0;0m[48;2;0;0;0m▀[0m[38;2;0;0;0m[48;2;0;0;0m▀[0m[38;2;0;0;0m[48;2;0;0;0m▀[0m[38;2;0;0;0m[48;2;0;0;0m▀[0m
[38;2;226;228;227m[48;2;210;213;212m▀[0m[38;2;144;146;146m[48;2;145;149;150m▀[0m[38;2;160;161;162m[48;2;113;115;117m▀[0m[38;2;247;247;247m[48;2;247;247;247m▀[0m[38;2;89;92;92m[48;2;226;227;227m▀[0m[38;2;0;0;0m[48;2;0;0;0m▀[0m[38;2;0;0;0m[48;2;0;0;0m▀[0m[38;2;158;163;162m[48;2;11;14;15m▀[0m[38;2;150;152;152m[48;2;207;209;211m▀[0m[38;2;247;247;247m[48;2;238;235;241m▀[0m[38;2;179;181;181m[48;2;0;0;0m▀[0m[38;2;0;0;0m[48;2;0;0;0m▀[0m[38;2;247;247;247m[48;2;143;145;145m▀[0m[38;2;83;85;83m[48;2;161;162;163m▀[0m[38;2;196;198;199m[48;2;119;118;116m▀[0m[38;2;118;118;119m[48;2;153;157;161m▀[0m[38;2;16;18;18m[48;2;6;8;9m▀[0m[38;2;0;0;0m[48;2;0;0;0m▀[0m[38;2;0;0;0m[48;2;0;0;0m▀[0m[38;2;0;0;0m[48;2;0;0;0m▀[0m[38;2;0;0;0m[48;2;0;0;0m▀[0m[38;2;1;1;0m[48;2;0;0;0m▀[0m[38;2;0;0;0m[48;2;0;0;0m▀[0m[38;2;0;0;0m[48;2;0;0;0m▀[0m[38;2;10;12;12m[48;2;52;54;56m▀[0m[38;2;110;112;112m[48;2;75;77;79m▀[0m[38;2;0;0;0m[48;2;32;33;35m▀[0m[38;2;33;36;36m[48;2;0;0;0m▀[0m[38;2;3;5;5m[48;2;7;7;7m▀[0m[38;2;0;0;0m[48;2;0;0;0m▀[0m[38;2;0;1;1m[48;2;0;1;1m▀[0m[38;2;0;0;1m[48;2;0;0;1m▀[0m[38;2;0;0;1m[48;2;0;0;1m▀[0m[38;2;0;0;0m[48;2;0;0;0m▀[0m[38;2;0;0;0m[48;2;0;0;0m▀[0m[38;2;0;0;0m[48;2;0;0;0m▀[0m[38;2;0;0;0m[48;2;0;0;0m▀[0m[38;2;0;0;0m[48;2;0;0;0m▀[0m[38;2;66;68;72m[48;2;48;53;58m▀[0m[38;2;59;61;62m[48;2;87;89;90m▀[0m[38;2;196;198;203m[48;2;149;151;152m▀[0m[38;2;0;0;0m[48;2;0;0;0m▀[0m[38;2;0;0;0m[48;2;119;117;120m▀[0m[38;2;0;0;0m[48;2;100;100;100m▀[0m[38;2;0;0;0m[48;2;20;20;20m▀[0m[38;2;0;0;0m[48;2;0;0;0m▀[0m[38;2;0;0;0m[48;2;0;0;0m▀[0m[38;2;0;0;0m[48;2;0;0;0m▀[0m[38;2;20;24;23m[48;2;0;0;0m▀[0m[38;2;247;247;247m[48;2;167;169;171m▀[0m[38;2;247;247;247m[48;2;247;247;247m▀[0m[38;2;92;94;94m[48;2;80;84;83m▀[0m[38;2;88;90;91m[48;2;100;102;103m▀[0m[38;2;247;247;247m[48;2;247;247;247m▀[0m[38;2;237;239;239m[48;2;247;247;247m▀[0m[38;2;247;247;247m[48;2;154;155;152m▀[0m[38;2;88;88;89m[48;2;12;12;7m▀[0m[38;2;46;46;47m[48;2;23;26;27m▀[0m[38;2;247;247;247m[48;2;247;247;247m▀[0m[38;2;247;247;247m[48;2;247;247;247m▀[0m[38;2;0;0;0m[48;2;0;0;0m▀[0m[38;2;5;7;7m[48;2;0;1;0m▀[0m[38;2;247;247;247m[48;2;247;247;247m▀[0m[38;2;120;120;121m[48;2;112;114;112m▀[0m[38;2;59;60;57m[48;2;0;0;0m▀[0m[38;2;0;0;0m[48;2;0;0;0m▀[0m[38;2;0;0;0m[48;2;0;0;0m▀[0m[38;2;98;102;102m[48;2;185;189;189m▀[0m[38;2;226;230;230m[48;2;247;247;247m▀[0m[38;2;22;21;21m[48;2;0;0;0m▀[0m[38;2;49;51;55m[48;2;70;73;74m▀[0m[38;2;69;71;72m[48;2;32;33;34m▀[0m[38;2;0;0;0m[48;2;0;0;0m▀[0m[38;2;0;0;0m[48;2;0;0;0m▀[0m[38;2;0;0;0m[48;2;0;0;0m▀[0m[38;2;0;0;0m[48;2;75;77;79m▀[0m
[38;2;176;179;178m[48;2;79;79;80m▀[0m[38;2;150;154;154m[48;2;141;143;144m▀[0m[38;2;93;95;96m[48;2;101;103;101m▀[0m[38;2;247;247;247m[48;2;247;247;247m▀[0m[38;2;247;247;247m[48;2;247;247;247m▀[0m[38;2;0;0;0m[48;2;88;90;90m▀[0m[38;2;0;0;0m[48;2;0;0;0m▀[0m[38;2;69;71;72m[48;2;0;0;0m▀[0m[38;2;207;211;211m[48;2;27;25;28m▀[0m[38;2;32;34;34m[48;2;193;195;193m▀[0m[38;2;182;186;185m[48;2;165;167;165m▀[0m[38;2;0;0;0m[48;2;0;0;0m▀[0m[38;2;87;87;87m[48;2;98;100;102m▀[0m[38;2;154;153;151m[48;2;90;88;91m▀[0m[38;2;40;42;42m[48;2;120;124;127m▀[0m[38;2;218;223;228m[48;2;88;95;97m▀[0m[38;2;0;0;0m[48;2;0;0;0m▀[0m[38;2;0;0;0m[48;2;0;0;0m▀[0m[38;2;0;0;0m[48;2;0;0;0m▀[0m[38;2;0;0;0m[48;2;0;0;0m▀[0m[38;2;0;0;1m[48;2;0;0;0m▀[0m[38;2;0;0;0m[48;2;0;0;0m▀[0m[38;2;0;0;0m[48;2;0;0;0m▀[0m[38;2;0;0;0m[48;2;0;3;2m▀[0m[38;2;72;75;79m[48;2;71;75;78m▀[0m[38;2;0;0;0m[48;2;0;0;0m▀[0m[38;2;6;6;8m[48;2;0;0;0m▀[0m[38;2;0;0;0m[48;2;0;0;0m▀[0m[38;2;0;0;0m[48;2;0;0;0m▀[0m[38;2;0;0;0m[48;2;0;0;0m▀[0m[38;2;0;0;1m[48;2;0;0;0m▀[0m[38;2;0;1;1m[48;2;0;1;1m▀[0m[38;2;1;1;1m[48;2;0;1;1m▀[0m[38;2;0;0;0m[48;2;0;1;1m▀[0m[38;2;0;0;0m[48;2;0;0;0m▀[0m[38;2;0;0;0m[48;2;0;0;0m▀[0m[38;2;0;0;0m[48;2;0;0;0m▀[0m[38;2;23;27;31m[48;2;64;70;78m▀[0m[38;2;26;32;36m[48;2;18;22;25m▀[0m[38;2;132;132;134m[48;2;36;33;35m▀[0m[38;2;18;20;21m[48;2;0;0;0m▀[0m[38;2;0;0;0m[48;2;102;102;100m▀[0m[38;2;215;214;212m[48;2;178;181;177m▀[0m[38;2;247;247;247m[48;2;237;237;237m▀[0m[38;2;247;247;247m[48;2;215;218;215m▀[0m[38;2;202;199;201m[48;2;247;247;247m▀[0m[38;2;39;38;35m[48;2;247;247;247m▀[0m[38;2;0;0;0m[48;2;160;162;160m▀[0m[38;2;0;0;0m[48;2;0;0;0m▀[0m[38;2;100;102;102m[48;2;0;0;0m▀[0m[38;2;247;247;247m[48;2;247;247;247m▀[0m[38;2;92;93;90m[48;2;150;152;152m▀[0m[38;2;84;86;86m[48;2;26;28;30m▀[0m[38;2;247;247;247m[48;2;247;247;247m▀[0m[38;2;204;206;206m[48;2;108;109;106m▀[0m[38;2;114;118;115m[48;2;160;161;161m▀[0m[38;2;0;0;0m[48;2;5;12;12m▀[0m[38;2;114;114;115m[48;2;192;192;193m▀[0m[38;2;247;247;247m[48;2;247;247;247m▀[0m[38;2;247;247;247m[48;2;241;245;242m▀[0m[38;2;150;150;148m[48;2;247;247;247m▀[0m[38;2;0;0;0m[48;2;35;37;38m▀[0m[38;2;161;163;161m[48;2;55;55;55m▀[0m[38;2;88;87;88m[48;2;0;0;0m▀[0m[38;2;0;0;0m[48;2;103;105;103m▀[0m[38;2;0;0;0m[48;2;0;0;0m▀[0m[38;2;0;0;0m[48;2;0;0;0m▀[0m[38;2;245;247;247m[48;2;247;247;247m▀[0m[38;2;206;213;216m[48;2;159;164;164m▀[0m[38;2;0;0;0m[48;2;0;0;0m▀[0m[38;2;84;87;87m[48;2;95;97;102m▀[0m[38;2;0;0;1m[48;2;0;0;0m▀[0m[38;2;0;0;0m[48;2;5;4;4m▀[0m[38;2;2;2;4m[48;2;39;42;42m▀[0m[38;2;59;61;63m[48;2;106;107;104m▀[0m[38;2;42;43;40m[48;2;247;247;247m▀[0m
[38;2;233;236;238m[48;2;247;247;247m▀[0m[38;2;79;81;81m[48;2;4;6;6m▀[0m[38;2;155;154;155m[48;2;228;230;231m▀[0m[38;2;247;247;247m[48;2;247;247;247m▀[0m[38;2;247;247;247m[48;2;247;247;247m▀[0m[38;2;130;134;134m[48;2;144;147;146m▀[0m[38;2;0;0;0m[48;2;0;0;0m▀[0m[38;2;0;0;0m[48;2;0;0;0m▀[0m[38;2;0;0;0m[48;2;0;0;0m▀[0m[38;2;49;51;51m[48;2;0;0;0m▀[0m[38;2;0;0;0m[48;2;0;0;0m▀[0m[38;2;0;0;0m[48;2;0;0;0m▀[0m[38;2;95;97;97m[48;2;222;229;229m▀[0m[38;2;156;158;159m[48;2;30;32;32m▀[0m[38;2;35;37;37m[48;2;0;0;0m▀[0m[38;2;0;0;0m[48;2;0;0;0m▀[0m[38;2;0;0;0m[48;2;0;0;0m▀[0m[38;2;0;0;0m[48;2;0;0;0m▀[0m[38;2;0;0;0m[48;2;0;0;0m▀[0m[38;2;0;0;0m[48;2;0;0;0m▀[0m[38;2;0;0;0m[48;2;0;0;0m▀[0m[38;2;0;0;1m[48;2;0;0;1m▀[0m[38;2;0;0;0m[48;2;0;0;0m▀[0m[38;2;11;14;15m[48;2;4;6;6m▀[0m[38;2;42;42;44m[48;2;5;5;5m▀[0m[38;2;0;0;0m[48;2;0;0;0m▀[0m[38;2;0;2;2m[48;2;0;0;0m▀[0m[38;2;0;0;0m[48;2;0;0;0m▀[0m[38;2;0;0;0m[48;2;0;0;1m▀[0m[38;2;0;0;0m[48;2;0;0;0m▀[0m[38;2;0;0;0m[48;2;0;1;1m▀[0m[38;2;0;1;1m[48;2;0;1;1m▀[0m[38;2;1;1;1m[48;2;1;1;1m▀[0m[38;2;0;1;1m[48;2;0;1;1m▀[0m[38;2;0;0;0m[48;2;0;0;0m▀[0m[38;2;0;0;0m[48;2;0;0;0m▀[0m[38;2;0;0;0m[48;2;15;15;17m▀[0m[38;2;86;92;97m[48;2;65;68;72m▀[0m[38;2;0;0;0m[48;2;0;0;0m▀[0m[38;2;0;0;0m[48;2;0;0;0m▀[0m[38;2;12;14;14m[48;2;0;0;0m▀[0m[38;2;154;153;151m[48;2;97;99;100m▀[0m[38;2;152;154;152m[48;2;127;130;131m▀[0m[38;2;247;247;247m[48;2;247;247;247m▀[0m[38;2;211;214;214m[48;2;247;247;247m▀[0m[38;2;227;229;229m[48;2;155;157;157m▀[0m[38;2;246;244;247m[48;2;216;219;219m▀[0m[38;2;247;247;247m[48;2;240;242;242m▀[0m[38;2;247;247;247m[48;2;221;218;221m▀[0m[38;2;100;102;104m[48;2;247;247;247m▀[0m[38;2;199;202;202m[48;2;161;163;163m▀[0m[38;2;219;220;217m[48;2;164;166;166m▀[0m[38;2;0;0;0m[48;2;0;0;0m▀[0m[38;2;243;245;246m[48;2;161;163;164m▀[0m[38;2;76;78;79m[48;2;154;156;154m▀[0m[38;2;186;188;188m[48;2;172;174;176m▀[0m[38;2;67;69;69m[48;2;43;42;42m▀[0m[38;2;243;245;245m[48;2;247;247;247m▀[0m[38;2;240;243;244m[48;2;236;236;237m▀[0m[38;2;247;247;247m[48;2;247;247;247m▀[0m[38;2;247;247;247m[48;2;178;182;182m▀[0m[38;2;32;35;34m[48;2;0;0;0m▀[0m[38;2;0;0;0m[48;2;63;59;58m▀[0m[38;2;117;116;117m[48;2;247;247;247m▀[0m[38;2;247;247;247m[48;2;182;186;185m▀[0m[38;2;0;0;0m[48;2;0;0;0m▀[0m[38;2;36;40;39m[48;2;104;107;106m▀[0m[38;2;247;247;247m[48;2;247;247;247m▀[0m[38;2;92;95;96m[48;2;11;11;11m▀[0m[38;2;0;0;0m[48;2;0;0;0m▀[0m[38;2;95;102;105m[48;2;70;78;83m▀[0m[38;2;0;0;0m[48;2;0;0;0m▀[0m[38;2;36;38;38m[48;2;97;97;95m▀[0m[38;2;25;28;25m[48;2;98;97;97m▀[0m[38;2;212;211;211m[48;2;247;247;247m▀[0m[38;2;247;247;247m[48;2;231;233;233m▀[0m
[38;2;215;221;220m[48;2;112;112;113m▀[0m[38;2;18;20;21m[48;2;89;91;93m▀[0m[38;2;244;246;246m[48;2;212;214;214m▀[0m[38;2;247;247;247m[48;2;247;247;247m▀[0m[38;2;237;238;235m[48;2;178;179;176m▀[0m[38;2;129;132;129m[48;2;97;100;100m▀[0m[38;2;0;0;0m[48;2;0;0;0m▀[0m[38;2;0;0;0m[48;2;0;0;0m▀[0m[38;2;0;0;0m[48;2;0;0;0m▀[0m[38;2;0;0;0m[48;2;0;0;0m▀[0m[38;2;0;0;0m[48;2;0;0;0m▀[0m[38;2;9;12;12m[48;2;0;0;0m▀[0m[38;2;48;50;50m[48;2;0;0;0m▀[0m[38;2;0;0;0m[48;2;0;0;0m▀[0m[38;2;0;0;0m[48;2;0;0;0m▀[0m[38;2;0;0;0m[48;2;0;0;0m▀[0m[38;2;0;0;0m[48;2;0;0;0m▀[0m[38;2;0;0;0m[48;2;0;1;1m▀[0m[38;2;0;0;0m[48;2;0;0;1m▀[0m[38;2;0;0;0m[48;2;0;0;1m▀[0m[38;2;0;0;1m[48;2;0;0;1m▀[0m[38;2;0;0;1m[48;2;0;1;1m▀[0m[38;2;0;0;0m[48;2;0;0;0m▀[0m[38;2;0;0;0m[48;2;0;0;1m▀[0m[38;2;0;0;0m[48;2;0;0;1m▀[0m[38;2;0;0;0m[48;2;0;0;0m▀[0m[38;2;0;0;0m[48;2;0;0;0m▀[0m[38;2;0;0;0m[48;2;0;0;0m▀[0m[38;2;0;0;0m[48;2;0;0;0m▀[0m[38;2;0;1;1m[48;2;0;0;0m▀[0m[38;2;0;1;1m[48;2;0;1;1m▀[0m[38;2;0;1;1m[48;2;0;1;1m▀[0m[38;2;0;1;1m[48;2;0;1;1m▀[0m[38;2;0;1;1m[48;2;0;0;0m▀[0m[38;2;0;0;0m[48;2;0;0;0m▀[0m[38;2;0;0;0m[48;2;0;0;0m▀[0m[38;2;52;54;58m[48;2;87;91;94m▀[0m[38;2;30;30;31m[48;2;0;0;0m▀[0m[38;2;0;0;0m[48;2;0;0;0m▀[0m[38;2;0;0;0m[48;2;0;0;0m▀[0m[38;2;0;0;0m[48;2;0;0;0m▀[0m[38;2;0;0;0m[48;2;0;0;0m▀[0m[38;2;136;140;139m[48;2;92;96;98m▀[0m[38;2;247;247;247m[48;2;175;179;180m▀[0m[38;2;247;247;247m[48;2;158;160;160m▀[0m[38;2;107;107;107m[48;2;91;95;91m▀[0m[38;2;201;203;203m[48;2;189;192;192m▀[0m[38;2;247;247;247m[48;2;247;247;247m▀[0m[38;2;170;170;167m[48;2;201;203;203m▀[0m[38;2;194;194;189m[48;2;150;151;148m▀[0m[38;2;247;247;247m[48;2;247;247;247m▀[0m[38;2;240;241;238m[48;2;247;247;247m▀[0m[38;2;0;0;0m[48;2;41;43;41m▀[0m[38;2;70;72;72m[48;2;0;0;0m▀[0m[38;2;226;228;229m[48;2;247;247;247m▀[0m[38;2;192;194;194m[48;2;247;247;247m▀[0m[38;2;100;102;102m[48;2;200;201;198m▀[0m[38;2;172;174;172m[48;2;149;149;147m▀[0m[38;2;247;247;247m[48;2;247;247;247m▀[0m[38;2;247;247;247m[48;2;191;191;191m▀[0m[38;2;38;38;39m[48;2;0;0;0m▀[0m[38;2;0;0;0m[48;2;0;0;0m▀[0m[38;2;181;179;183m[48;2;197;199;204m▀[0m[38;2;247;247;247m[48;2;247;247;247m▀[0m[38;2;88;91;93m[48;2;0;0;0m▀[0m[38;2;0;0;0m[48;2;0;0;0m▀[0m[38;2;191;193;194m[48;2;235;238;244m▀[0m[38;2;173;180;187m[48;2;58;61;63m▀[0m[38;2;0;0;0m[48;2;0;0;0m▀[0m[38;2;44;49;57m[48;2;70;77;85m▀[0m[38;2;14;21;25m[48;2;0;0;0m▀[0m[38;2;0;0;0m[48;2;0;0;0m▀[0m[38;2;71;71;72m[48;2;116;118;118m▀[0m[38;2;221;223;221m[48;2;247;247;247m▀[0m[38;2;247;247;247m[48;2;226;227;227m▀[0m[38;2;221;223;223m[48;2;220;220;220m▀[0m
[38;2;68;70;68m[48;2;98;100;100m▀[0m[38;2;154;156;158m[48;2;140;144;144m▀[0m[38;2;209;213;214m[48;2;247;247;247m▀[0m[38;2;247;247;247m[48;2;226;227;226m▀[0m[38;2;124;126;124m[48;2;50;52;54m▀[0m[38;2;52;54;56m[48;2;35;37;39m▀[0m[38;2;0;0;0m[48;2;0;0;0m▀[0m[38;2;0;0;0m[48;2;0;0;0m▀[0m[38;2;0;0;0m[48;2;0;0;1m▀[0m[38;2;0;0;1m[48;2;0;0;0m▀[0m[38;2;0;0;0m[48;2;0;0;0m▀[0m[38;2;0;1;1m[48;2;0;0;0m▀[0m[38;2;0;2;2m[48;2;0;1;1m▀[0m[38;2;0;0;1m[48;2;0;1;1m▀[0m[38;2;1;1;1m[48;2;0;1;1m▀[0m[38;2;0;0;0m[48;2;0;0;0m▀[0m[38;2;0;0;0m[48;2;0;0;0m▀[0m[38;2;0;0;0m[48;2;0;0;0m▀[0m[38;2;0;1;1m[48;2;0;0;0m▀[0m[38;2;0;0;0m[48;2;0;0;0m▀[0m[38;2;0;0;0m[48;2;0;0;0m▀[0m[38;2;0;0;0m[48;2;15;12;16m▀[0m[38;2;0;1;2m[48;2;68;71;72m▀[0m[38;2;3;3;4m[48;2;3;0;0m▀[0m[38;2;0;0;1m[48;2;0;0;0m▀[0m[38;2;0;1;1m[48;2;0;0;0m▀[0m[38;2;0;0;0m[48;2;0;0;0m▀[0m[38;2;17;19;19m[48;2;31;33;34m▀[0m[38;2;18;21;23m[48;2;74;77;79m▀[0m[38;2;0;0;0m[48;2;0;0;0m▀[0m[38;2;1;0;0m[48;2;0;0;0m▀[0m[38;2;0;1;1m[48;2;0;0;0m▀[0m[38;2;0;1;1m[48;2;0;0;1m▀[0m[38;2;0;0;0m[48;2;0;0;0m▀[0m[38;2;0;0;0m[48;2;0;0;0m▀[0m[38;2;13;15;16m[48;2;57;60;61m▀[0m[38;2;75;77;79m[48;2;20;20;21m▀[0m[38;2;0;0;0m[48;2;53;55;57m▀[0m[38;2;0;0;0m[48;2;4;6;8m▀[0m[38;2;0;0;0m[48;2;0;0;0m▀[0m[38;2;0;0;0m[48;2;0;0;0m▀[0m[38;2;0;0;0m[48;2;0;0;0m▀[0m[38;2;0;0;0m[48;2;0;0;0m▀[0m[38;2;0;0;0m[48;2;0;0;0m▀[0m[38;2;208;210;210m[48;2;178;180;182m▀[0m[38;2;97;100;100m[48;2;185;187;189m▀[0m[38;2;163;165;165m[48;2;195;197;197m▀[0m[38;2;247;247;247m[48;2;218;220;218m▀[0m[38;2;239;241;241m[48;2;236;236;238m▀[0m[38;2;147;149;149m[48;2;114;118;118m▀[0m[38;2;247;247;247m[48;2;235;237;235m▀[0m[38;2;125;124;124m[48;2;241;241;241m▀[0m[38;2;92;92;92m[48;2;217;223;220m▀[0m[38;2;0;0;0m[48;2;0;0;0m▀[0m[38;2;247;247;247m[48;2;190;193;190m▀[0m[38;2;247;247;247m[48;2;247;246;247m▀[0m[38;2;224;227;227m[48;2;91;94;95m▀[0m[38;2;247;247;247m[48;2;247;247;247m▀[0m[38;2;247;247;247m[48;2;202;206;206m▀[0m[38;2;34;34;34m[48;2;0;0;0m▀[0m[38;2;31;32;32m[48;2;178;182;181m▀[0m[38;2;146;150;149m[48;2;178;180;181m▀[0m[38;2;245;245;247m[48;2;219;221;223m▀[0m[38;2;193;194;191m[48;2;11;10;10m▀[0m[38;2;0;0;0m[48;2;0;0;0m▀[0m[38;2;1;0;1m[48;2;81;83;84m▀[0m[38;2;221;226;235m[48;2;178;181;185m▀[0m[38;2;0;0;0m[48;2;0;0;0m▀[0m[38;2;0;0;0m[48;2;0;3;4m▀[0m[38;2;75;82;89m[48;2;61;67;72m▀[0m[38;2;0;0;0m[48;2;0;0;0m▀[0m[38;2;38;41;41m[48;2;0;0;0m▀[0m[38;2;247;247;247m[48;2;90;95;99m▀[0m[38;2;247;247;247m[48;2;247;247;247m▀[0m[38;2;232;236;236m[48;2;247;247;247m▀[0m[38;2;223;226;226m[48;2;247;247;247m▀[0m
[38;2;152;151;151m[48;2;61;61;61m▀[0m[38;2;151;154;156m[48;2;5;7;5m▀[0m[38;2;247;247;247m[48;2;137;139;140m▀[0m[38;2;104;104;104m[48;2;74;76;77m▀[0m[38;2;59;63;64m[48;2;76;78;79m▀[0m[38;2;6;8;8m[48;2;0;0;0m▀[0m[38;2;0;0;0m[48;2;0;0;0m▀[0m[38;2;0;0;0m[48;2;0;0;0m▀[0m[38;2;0;0;1m[48;2;0;0;0m▀[0m[38;2;0;0;0m[48;2;0;0;0m▀[0m[38;2;0;0;0m[48;2;0;0;0m▀[0m[38;2;0;0;0m[48;2;0;0;0m▀[0m[38;2;0;0;0m[48;2;0;0;0m▀[0m[38;2;0;0;0m[48;2;0;0;0m▀[0m[38;2;0;0;0m[48;2;0;0;0m▀[0m[38;2;0;0;0m[48;2;0;0;0m▀[0m[38;2;0;0;0m[48;2;0;0;0m▀[0m[38;2;0;0;0m[48;2;0;0;0m▀[0m[38;2;0;0;0m[48;2;0;0;0m▀[0m[38;2;0;0;0m[48;2;57;60;62m▀[0m[38;2;39;41;43m[48;2;73;75;79m▀[0m[38;2;89;92;94m[48;2;0;0;0m▀[0m[38;2;4;3;3m[48;2;0;0;0m▀[0m[38;2;0;0;0m[48;2;0;0;0m▀[0m[38;2;0;0;0m[48;2;0;0;0m▀[0m[38;2;0;0;0m[48;2;0;0;0m▀[0m[38;2;0;0;0m[48;2;0;0;0m▀[0m[38;2;0;0;0m[48;2;0;0;0m▀[0m[38;2;84;86;91m[48;2;103;106;108m▀[0m[38;2;0;0;0m[48;2;0;0;0m▀[0m[38;2;0;0;0m[48;2;0;0;0m▀[0m[38;2;0;0;0m[48;2;0;0;0m▀[0m[38;2;0;0;1m[48;2;0;0;1m▀[0m[38;2;0;0;0m[48;2;0;0;0m▀[0m[38;2;0;0;0m[48;2;14;11;13m▀[0m[38;2;74;77;81m[48;2;41;41;45m▀[0m[38;2;0;0;0m[48;2;0;0;0m▀[0m[38;2;36;38;38m[48;2;0;0;0m▀[0m[38;2;106;117;117m[48;2;68;76;76m▀[0m[38;2;0;0;0m[48;2;21;23;24m▀[0m[38;2;0;0;0m[48;2;0;0;0m▀[0m[38;2;0;0;0m[48;2;0;0;0m▀[0m[38;2;0;0;0m[48;2;0;0;0m▀[0m[38;2;0;0;0m[48;2;0;0;0m▀[0m[38;2;0;0;0m[48;2;0;0;0m▀[0m[38;2;142;146;146m[48;2;0;0;0m▀[0m[38;2;217;221;222m[48;2;95;98;101m▀[0m[38;2;151;153;151m[48;2;217;220;220m▀[0m[38;2;191;194;198m[48;2;193;196;199m▀[0m[38;2;28;30;31m[48;2;0;0;0m▀[0m[38;2;226;226;226m[48;2;191;193;194m▀[0m[38;2;247;247;247m[48;2;247;247;247m▀[0m[38;2;247;247;247m[48;2;247;247;247m▀[0m[38;2;0;0;0m[48;2;6;9;6m▀[0m[38;2;71;77;77m[48;2;0;0;0m▀[0m[38;2;93;93;94m[48;2;0;0;0m▀[0m[38;2;149;151;151m[48;2;247;247;247m▀[0m[38;2;247;247;247m[48;2;95;97;97m▀[0m[38;2;88;90;90m[48;2;130;132;132m▀[0m[38;2;0;0;0m[48;2;148;152;152m▀[0m[38;2;222;226;226m[48;2;231;233;231m▀[0m[38;2;199;203;203m[48;2;171;172;169m▀[0m[38;2;0;0;0m[48;2;0;0;0m▀[0m[38;2;0;0;0m[48;2;0;0;0m▀[0m[38;2;0;0;0m[48;2;0;0;0m▀[0m[38;2;150;152;153m[48;2;168;166;172m▀[0m[38;2;76;78;79m[48;2;0;0;0m▀[0m[38;2;0;0;0m[48;2;0;0;0m▀[0m[38;2;39;46;53m[48;2;66;71;80m▀[0m[38;2;27;30;32m[48;2;0;0;0m▀[0m[38;2;0;0;0m[48;2;0;0;0m▀[0m[38;2;0;0;0m[48;2;173;172;173m▀[0m[38;2;0;0;0m[48;2;139;137;140m▀[0m[38;2;0;0;0m[48;2;0;0;0m▀[0m[38;2;106;114;118m[48;2;0;0;0m▀[0m[38;2;247;247;247m[48;2;0;0;0m▀[0m
[38;2;0;0;0m[48;2;21;23;24m▀[0m[38;2;0;0;0m[48;2;71;74;78m▀[0m[38;2;62;67;71m[48;2;87;90;96m▀[0m[38;2;91;93;94m[48;2;6;6;7m▀[0m[38;2;0;0;0m[48;2;0;0;0m▀[0m[38;2;0;0;0m[48;2;0;0;0m▀[0m[38;2;0;0;0m[48;2;0;0;0m▀[0m[38;2;0;0;0m[48;2;0;0;0m▀[0m[38;2;0;0;0m[48;2;0;0;0m▀[0m[38;2;0;0;0m[48;2;0;0;0m▀[0m[38;2;0;0;0m[48;2;0;0;0m▀[0m[38;2;0;0;0m[48;2;0;0;0m▀[0m[38;2;0;0;0m[48;2;0;0;0m▀[0m[38;2;0;0;0m[48;2;0;0;0m▀[0m[38;2;0;0;0m[48;2;0;0;0m▀[0m[38;2;0;0;0m[48;2;0;0;0m▀[0m[38;2;0;0;0m[48;2;0;0;0m▀[0m[38;2;40;45;53m[48;2;0;0;0m▀[0m[38;2;34;43;47m[48;2;15;17;18m▀[0m[38;2;0;0;0m[48;2;120;122;123m▀[0m[38;2;0;0;0m[48;2;0;0;0m▀[0m[38;2;0;0;0m[48;2;32;34;34m▀[0m[38;2;0;0;0m[48;2;0;0;0m▀[0m[38;2;0;0;0m[48;2;0;0;0m▀[0m[38;2;0;0;0m[48;2;219;219;214m▀[0m[38;2;0;0;0m[48;2;182;183;180m▀[0m[38;2;0;0;0m[48;2;92;95;98m▀[0m[38;2;55;58;57m[48;2;156;155;155m▀[0m[38;2;247;247;247m[48;2;247;247;247m▀[0m[38;2;0;0;0m[48;2;52;56;56m▀[0m[38;2;0;0;0m[48;2;0;0;0m▀[0m[38;2;0;0;0m[48;2;0;0;0m▀[0m[38;2;0;0;0m[48;2;0;0;0m▀[0m[38;2;0;0;0m[48;2;0;0;0m▀[0m[38;2;0;0;0m[48;2;0;0;0m▀[0m[38;2;0;0;0m[48;2;0;0;0m▀[0m[38;2;0;0;0m[48;2;116;119;119m▀[0m[38;2;0;0;0m[48;2;243;247;247m▀[0m[38;2;0;0;0m[48;2;184;188;188m▀[0m[38;2;0;0;0m[48;2;80;83;84m▀[0m[38;2;0;0;0m[48;2;0;0;0m▀[0m[38;2;0;0;0m[48;2;0;0;0m▀[0m[38;2;0;0;0m[48;2;0;0;0m▀[0m[38;2;0;0;0m[48;2;0;0;0m▀[0m[38;2;0;0;0m[48;2;0;0;0m▀[0m[38;2;0;0;0m[48;2;0;0;0m▀[0m[38;2;0;0;0m[48;2;0;0;0m▀[0m[38;2;148;148;148m[48;2;0;0;0m▀[0m[38;2;224;226;224m[48;2;104;104;108m▀[0m[38;2;0;0;0m[48;2;0;0;0m▀[0m[38;2;120;120;121m[48;2;38;38;39m▀[0m[38;2;247;247;247m[48;2;247;247;247m▀[0m[38;2;247;247;247m[48;2;247;247;247m▀[0m[38;2;71;70;71m[48;2;66;65;66m▀[0m[38;2;0;0;0m[48;2;0;0;0m▀[0m[38;2;117;119;119m[48;2;247;247;247m▀[0m[38;2;247;247;247m[48;2;120;121;118m▀[0m[38;2;37;40;39m[48;2;147;146;146m▀[0m[38;2;247;247;247m[48;2;247;247;247m▀[0m[38;2;199;199;197m[48;2;129;130;130m▀[0m[38;2;247;247;247m[48;2;123;123;123m▀[0m[38;2;64;64;64m[48;2;0;0;0m▀[0m[38;2;0;0;0m[48;2;0;0;0m▀[0m[38;2;0;0;0m[48;2;0;0;0m▀[0m[38;2;0;2;2m[48;2;34;32;35m▀[0m[38;2;118;120;121m[48;2;50;52;53m▀[0m[38;2;0;0;0m[48;2;0;0;0m▀[0m[38;2;0;0;0m[48;2;42;45;49m▀[0m[38;2;72;79;86m[48;2;41;45;49m▀[0m[38;2;0;0;0m[48;2;0;0;0m▀[0m[38;2;0;0;0m[48;2;30;32;32m▀[0m[38;2;247;247;247m[48;2;247;247;247m▀[0m[38;2;247;247;247m[48;2;235;237;237m▀[0m[38;2;247;247;247m[48;2;231;233;233m▀[0m[38;2;219;221;221m[48;2;247;247;247m▀[0m[38;2;111;110;110m[48;2;247;247;247m▀[0m
[38;2;4;7;8m[48;2;0;0;0m▀[0m[38;2;7;6;7m[48;2;0;0;0m▀[0m[38;2;0;0;0m[48;2;0;0;0m▀[0m[38;2;0;0;0m[48;2;0;0;0m▀[0m[38;2;32;34;34m[48;2;179;179;179m▀[0m[38;2;106;109;109m[48;2;247;247;247m▀[0m[38;2;0;0;0m[48;2;235;237;238m▀[0m[38;2;0;0;0m[48;2;189;191;189m▀[0m[38;2;0;0;0m[48;2;0;0;0m▀[0m[38;2;0;0;0m[48;2;0;0;0m▀[0m[38;2;0;0;0m[48;2;0;0;0m▀[0m[38;2;0;0;0m[48;2;0;0;0m▀[0m[38;2;59;63;65m[48;2;221;229;235m▀[0m[38;2;23;25;25m[48;2;148;152;152m▀[0m[38;2;194;196;196m[48;2;247;247;247m▀[0m[38;2;64;66;66m[48;2;247;247;247m▀[0m[38;2;0;0;0m[48;2;0;0;0m▀[0m[38;2;0;0;0m[48;2;0;0;0m▀[0m[38;2;201;203;211m[48;2;247;247;247m▀[0m[38;2;247;247;247m[48;2;209;208;206m▀[0m[38;2;183;186;187m[48;2;247;247;247m▀[0m[38;2;78;81;80m[48;2;31;33;33m▀[0m[38;2;2;1;1m[48;2;0;0;0m▀[0m[38;2;145;145;145m[48;2;237;238;235m▀[0m[38;2;247;247;247m[48;2;200;199;197m▀[0m[38;2;216;218;216m[48;2;187;189;189m▀[0m[38;2;146;148;150m[48;2;178;180;181m▀[0m[38;2;161;162;160m[48;2;149;151;151m▀[0m[38;2;247;247;247m[48;2;120;126;123m▀[0m[38;2;80;84;85m[48;2;9;12;12m▀[0m[38;2;0;0;0m[48;2;0;0;0m▀[0m[38;2;0;0;0m[48;2;0;0;0m▀[0m[38;2;0;0;0m[48;2;0;0;0m▀[0m[38;2;0;0;0m[48;2;2;2;3m▀[0m[38;2;11;11;9m[48;2;87;90;89m▀[0m[38;2;0;0;0m[48;2;0;0;0m▀[0m[38;2;162;164;166m[48;2;179;181;181m▀[0m[38;2;247;247;247m[48;2;220;223;223m▀[0m[38;2;247;247;247m[48;2;216;220;220m▀[0m[38;2;239;242;243m[48;2;201;203;204m▀[0m[38;2;9;11;11m[48;2;26;28;28m▀[0m[38;2;129;132;133m[48;2;247;247;247m▀[0m[38;2;0;0;0m[48;2;95;98;98m▀[0m[38;2;0;0;0m[48;2;0;0;0m▀[0m[38;2;0;0;0m[48;2;0;0;0m▀[0m[38;2;0;0;0m[48;2;0;0;0m▀[0m[38;2;0;0;0m[48;2;0;0;0m▀[0m[38;2;0;0;0m[48;2;0;0;0m▀[0m[38;2;0;0;0m[48;2;0;0;0m▀[0m[38;2;0;0;0m[48;2;0;0;0m▀[0m[38;2;0;0;0m[48;2;0;0;0m▀[0m[38;2;199;202;201m[48;2;0;0;0m▀[0m[38;2;247;247;247m[48;2;2;5;5m▀[0m[38;2;7;9;7m[48;2;0;0;0m▀[0m[38;2;36;38;36m[48;2;158;160;158m▀[0m[38;2;247;247;247m[48;2;182;184;184m▀[0m[38;2;95;97;97m[48;2;158;160;161m▀[0m[38;2;247;247;247m[48;2;247;247;247m▀[0m[38;2;216;218;218m[48;2;228;230;230m▀[0m[38;2;151;155;155m[48;2;153;157;157m▀[0m[38;2;0;0;0m[48;2;0;0;0m▀[0m[38;2;0;0;0m[48;2;0;0;0m▀[0m[38;2;0;0;0m[48;2;93;98;103m▀[0m[38;2;103;112;118m[48;2;88;95;96m▀[0m[38;2;0;0;0m[48;2;0;0;0m▀[0m[38;2;0;0;0m[48;2;0;0;0m▀[0m[38;2;0;0;0m[48;2;1;3;1m▀[0m[38;2;74;81;90m[48;2;68;73;79m▀[0m[38;2;0;0;0m[48;2;0;0;0m▀[0m[38;2;0;0;0m[48;2;0;0;0m▀[0m[38;2;129;131;131m[48;2;222;221;221m▀[0m[38;2;247;247;247m[48;2;247;247;247m▀[0m[38;2;226;227;227m[48;2;224;226;226m▀[0m[38;2;218;222;223m[48;2;213;217;217m▀[0m[38;2;218;219;216m[48;2;213;215;215m▀[0m[38;2;216;217;214m[48;2;214;216;216m▀[0m
[38;2;0;0;0m[48;2;0;0;0m▀[0m[38;2;0;0;0m[48;2;0;0;0m▀[0m[38;2;0;0;0m[48;2;4;7;7m▀[0m[38;2;51;51;51m[48;2;247;247;247m▀[0m[38;2;247;247;247m[48;2;218;221;218m▀[0m[38;2;213;215;213m[48;2;185;184;182m▀[0m[38;2;247;247;247m[48;2;200;199;200m▀[0m[38;2;247;247;247m[48;2;226;228;230m▀[0m[38;2;0;0;0m[48;2;0;0;0m▀[0m[38;2;0;0;0m[48;2;3;6;5m▀[0m[38;2;212;214;214m[48;2;247;247;247m▀[0m[38;2;38;38;39m[48;2;202;204;204m▀[0m[38;2;0;0;0m[48;2;166;167;164m▀[0m[38;2;188;191;190m[48;2;200;200;198m▀[0m[38;2;213;215;213m[48;2;180;184;180m▀[0m[38;2;247;247;247m[48;2;228;229;226m▀[0m[38;2;21;20;20m[48;2;63;64;65m▀[0m[38;2;10;12;14m[48;2;47;49;49m▀[0m[38;2;244;243;243m[48;2;222;222;222m▀[0m[38;2;186;186;183m[48;2;169;172;172m▀[0m[38;2;202;202;202m[48;2;167;167;167m▀[0m[38;2;112;112;112m[48;2;174;174;174m▀[0m[38;2;102;106;105m[48;2;174;176;177m▀[0m[38;2;197;201;195m[48;2;164;165;162m▀[0m[38;2;177;181;177m[48;2;164;168;164m▀[0m[38;2;181;182;179m[48;2;169;171;169m▀[0m[38;2;184;186;186m[48;2;165;167;168m▀[0m[38;2;179;183;183m[48;2;228;230;232m▀[0m[38;2;0;0;0m[48;2;0;0;0m▀[0m[38;2;0;0;0m[48;2;0;0;0m▀[0m[38;2;0;0;0m[48;2;0;0;0m▀[0m[38;2;0;0;0m[48;2;0;0;0m▀[0m[38;2;0;0;0m[48;2;0;0;0m▀[0m[38;2;10;13;14m[48;2;96;99;100m▀[0m[38;2;125;125;129m[48;2;216;219;223m▀[0m[38;2;0;0;0m[48;2;69;69;67m▀[0m[38;2;212;215;212m[48;2;218;221;218m▀[0m[38;2;187;188;184m[48;2;169;168;165m▀[0m[38;2;206;205;205m[48;2;198;201;198m▀[0m[38;2;193;194;194m[48;2;173;175;177m▀[0m[38;2;14;16;16m[48;2;0;0;0m▀[0m[38;2;247;247;247m[48;2;232;234;236m▀[0m[38;2;247;247;247m[48;2;247;247;247m▀[0m[38;2;142;145;147m[48;2;79;77;80m▀[0m[38;2;0;0;0m[48;2;16;19;19m▀[0m[38;2;0;0;0m[48;2;45;47;47m▀[0m[38;2;0;0;0m[48;2;0;0;0m▀[0m[38;2;0;0;0m[48;2;0;0;0m▀[0m[38;2;0;0;0m[48;2;0;0;0m▀[0m[38;2;0;0;0m[48;2;0;0;0m▀[0m[38;2;0;0;0m[48;2;0;0;0m▀[0m[38;2;0;0;0m[48;2;0;0;0m▀[0m[38;2;0;0;0m[48;2;23;23;25m▀[0m[38;2;0;0;0m[48;2;0;0;0m▀[0m[38;2;174;176;176m[48;2;171;169;172m▀[0m[38;2;163;166;167m[48;2;194;196;197m▀[0m[38;2;220;222;222m[48;2;247;247;247m▀[0m[38;2;233;235;235m[48;2;221;224;223m▀[0m[38;2;247;247;247m[48;2;247;247;247m▀[0m[38;2;107;109;109m[48;2;43;45;45m▀[0m[38;2;0;0;0m[48;2;0;0;0m▀[0m[38;2;0;0;0m[48;2;42;44;44m▀[0m[38;2;132;135;137m[48;2;73;75;75m▀[0m[38;2;0;0;0m[48;2;0;0;0m▀[0m[38;2;0;0;0m[48;2;0;0;0m▀[0m[38;2;0;0;0m[48;2;0;0;0m▀[0m[38;2;54;57;63m[48;2;93;98;107m▀[0m[38;2;35;39;43m[48;2;0;0;0m▀[0m[38;2;0;0;0m[48;2;0;0;0m▀[0m[38;2;0;0;0m[48;2;0;0;0m▀[0m[38;2;118;119;116m[48;2;0;0;0m▀[0m[38;2;247;247;247m[48;2;247;247;247m▀[0m[38;2;226;227;227m[48;2;247;247;247m▀[0m[38;2;217;219;220m[48;2;229;233;232m▀[0m[38;2;214;217;216m[48;2;198;201;200m▀[0m[38;2;216;219;218m[48;2;190;189;187m▀[0m
[38;2;0;0;0m[48;2;0;0;0m▀[0m[38;2;0;0;0m[48;2;0;0;0m▀[0m[38;2;203;205;203m[48;2;186;186;186m▀[0m[38;2;247;247;247m[48;2;244;244;241m▀[0m[38;2;183;186;185m[48;2;178;177;175m▀[0m[38;2;169;171;169m[48;2;163;165;163m▀[0m[38;2;185;187;185m[48;2;180;182;183m▀[0m[38;2;212;214;216m[48;2;189;191;191m▀[0m[38;2;0;0;0m[48;2;0;0;0m▀[0m[38;2;97;99;101m[48;2;160;161;162m▀[0m[38;2;229;231;231m[48;2;202;203;200m▀[0m[38;2;185;187;188m[48;2;168;167;168m▀[0m[38;2;182;184;184m[48;2;160;160;160m▀[0m[38;2;167;166;167m[48;2;159;161;159m▀[0m[38;2;165;167;165m[48;2;158;160;158m▀[0m[38;2;207;208;205m[48;2;197;196;194m▀[0m[38;2;84;86;87m[48;2;89;91;89m▀[0m[38;2;59;58;58m[48;2;59;58;58m▀[0m[38;2;209;208;208m[48;2;204;206;207m▀[0m[38;2;162;165;162m[48;2;160;161;160m▀[0m[38;2;157;159;159m[48;2;155;157;155m▀[0m[38;2;155;157;155m[48;2;156;156;156m▀[0m[38;2;156;156;156m[48;2;157;157;155m▀[0m[38;2;156;158;158m[48;2;156;158;156m▀[0m[38;2;158;160;161m[48;2;161;164;165m▀[0m[38;2;165;164;165m[48;2;164;163;164m▀[0m[38;2;142;144;144m[48;2;101;103;101m▀[0m[38;2;229;231;233m[48;2;200;202;202m▀[0m[38;2;149;147;150m[48;2;247;247;247m▀[0m[38;2;104;104;101m[48;2;231;231;231m▀[0m[38;2;0;0;0m[48;2;0;0;0m▀[0m[38;2;0;0;0m[48;2;0;0;0m▀[0m[38;2;43;45;45m[48;2;77;79;79m▀[0m[38;2;189;194;194m[48;2;194;197;198m▀[0m[38;2;119;127;129m[48;2;0;0;0m▀[0m[38;2;84;87;84m[48;2;60;60;57m▀[0m[38;2;204;206;204m[48;2;200;199;197m▀[0m[38;2;164;161;161m[48;2;159;155;155m▀[0m[38;2;185;184;184m[48;2;166;168;168m▀[0m[38;2;182;186;186m[48;2;195;197;197m▀[0m[38;2;0;0;0m[48;2;247;247;247m▀[0m[38;2;147;149;154m[48;2;64;64;68m▀[0m[38;2;0;0;0m[48;2;0;0;0m▀[0m[38;2;0;0;0m[48;2;0;0;0m▀[0m[38;2;0;0;0m[48;2;0;0;0m▀[0m[38;2;42;44;44m[48;2;0;0;0m▀[0m[38;2;104;110;107m[48;2;24;26;26m▀[0m[38;2;20;20;20m[48;2;126;131;131m▀[0m[38;2;0;0;0m[48;2;85;87;87m▀[0m[38;2;0;0;0m[48;2;1;0;0m▀[0m[38;2;0;0;0m[48;2;0;0;0m▀[0m[38;2;0;0;0m[48;2;0;0;0m▀[0m[38;2;26;25;25m[48;2;24;24;26m▀[0m[38;2;0;0;0m[48;2;0;0;0m▀[0m[38;2;204;207;207m[48;2;247;247;247m▀[0m[38;2;231;233;233m[48;2;229;229;227m▀[0m[38;2;196;196;197m[48;2;130;130;129m▀[0m[38;2;197;199;199m[48;2;242;245;246m▀[0m[38;2;247;247;247m[48;2;231;233;235m▀[0m[38;2;0;0;0m[48;2;0;0;0m▀[0m[38;2;0;0;0m[48;2;0;0;0m▀[0m[38;2;25;27;27m[48;2;0;0;0m▀[0m[38;2;5;8;7m[48;2;0;0;0m▀[0m[38;2;0;0;0m[48;2;0;0;0m▀[0m[38;2;0;0;0m[48;2;0;0;0m▀[0m[38;2;17;19;20m[48;2;75;82;86m▀[0m[38;2;87;92;99m[48;2;42;46;47m▀[0m[38;2;0;0;0m[48;2;0;0;0m▀[0m[38;2;5;7;8m[48;2;62;65;66m▀[0m[38;2;0;0;0m[48;2;107;114;118m▀[0m[38;2;0;0;0m[48;2;0;0;0m▀[0m[38;2;143;143;147m[48;2;24;24;26m▀[0m[38;2;247;247;247m[48;2;247;247;247m▀[0m[38;2;236;240;239m[48;2;247;247;247m▀[0m[38;2;196;200;199m[48;2;220;224;223m▀[0m[38;2;146;149;148m[48;2;118;121;118m▀[0m
[38;2;0;0;0m[48;2;0;0;0m▀[0m[38;2;0;0;0m[48;2;0;0;0m▀[0m[38;2;167;165;168m[48;2;153;156;156m▀[0m[38;2;244;244;241m[48;2;247;247;247m▀[0m[38;2;173;173;171m[48;2;173;172;170m▀[0m[38;2;162;162;161m[48;2;161;161;160m▀[0m[38;2;182;184;185m[48;2;189;188;189m▀[0m[38;2;168;170;172m[48;2;154;156;158m▀[0m[38;2;0;0;0m[48;2;0;0;0m▀[0m[38;2;182;184;184m[48;2;183;185;185m▀[0m[38;2;184;183;183m[48;2;178;180;178m▀[0m[38;2;160;161;160m[48;2;161;159;159m▀[0m[38;2;159;159;157m[48;2;159;159;157m▀[0m[38;2;157;157;157m[48;2;157;157;155m▀[0m[38;2;154;158;154m[48;2;155;158;155m▀[0m[38;2;194;195;194m[48;2;194;196;197m▀[0m[38;2;93;92;92m[48;2;98;100;98m▀[0m[38;2;46;46;46m[48;2;15;18;15m▀[0m[38;2;205;205;205m[48;2;206;205;206m▀[0m[38;2;161;160;161m[48;2;163;162;163m▀[0m[38;2;155;157;155m[48;2;155;157;159m▀[0m[38;2;156;156;154m[48;2;150;154;153m▀[0m[38;2;156;156;154m[48;2;154;154;152m▀[0m[38;2;155;157;155m[48;2;154;154;152m▀[0m[38;2;165;165;163m[48;2;168;168;163m▀[0m[38;2;164;166;164m[48;2;144;144;142m▀[0m[38;2;28;30;31m[48;2;0;0;0m▀[0m[38;2;183;185;186m[48;2;171;173;173m▀[0m[38;2;225;226;226m[48;2;222;224;224m▀[0m[38;2;200;200;200m[48;2;200;200;202m▀[0m[38;2;0;0;0m[48;2;0;0;0m▀[0m[38;2;0;0;0m[48;2;0;0;0m▀[0m[38;2;104;108;108m[48;2;101;101;101m▀[0m[38;2;179;179;179m[48;2;175;179;179m▀[0m[38;2;0;0;0m[48;2;110;110;107m▀[0m[38;2;177;174;174m[48;2;213;209;208m▀[0m[38;2;176;175;173m[48;2;159;162;160m▀[0m[38;2;158;157;158m[48;2;158;158;156m▀[0m[38;2;163;162;158m[48;2;158;160;158m▀[0m[38;2;181;183;183m[48;2;180;178;184m▀[0m[38;2;247;247;247m[48;2;240;242;243m▀[0m[38;2;3;3;4m[48;2;0;2;1m▀[0m[38;2;0;0;0m[48;2;0;0;0m▀[0m[38;2;0;0;0m[48;2;0;0;0m▀[0m[38;2;0;0;0m[48;2;0;0;0m▀[0m[38;2;0;0;0m[48;2;0;0;0m▀[0m[38;2;0;0;0m[48;2;0;0;0m▀[0m[38;2;0;0;0m[48;2;0;0;0m▀[0m[38;2;57;59;59m[48;2;0;0;0m▀[0m[38;2;106;110;110m[48;2;0;0;0m▀[0m[38;2;83;87;87m[48;2;31;32;32m▀[0m[38;2;0;0;0m[48;2;35;39;39m▀[0m[38;2;20;18;21m[48;2;32;34;34m▀[0m[38;2;30;32;32m[48;2;48;51;50m▀[0m[38;2;247;247;247m[48;2;247;247;247m▀[0m[38;2;188;187;187m[48;2;187;189;187m▀[0m[38;2;140;140;138m[48;2;161;162;163m▀[0m[38;2;247;247;247m[48;2;247;247;247m▀[0m[38;2;137;139;139m[48;2;72;74;72m▀[0m[38;2;25;27;25m[48;2;60;60;61m▀[0m[38;2;31;33;38m[48;2;20;22;24m▀[0m[38;2;0;0;0m[48;2;0;0;0m▀[0m[38;2;0;0;0m[48;2;0;0;0m▀[0m[38;2;0;0;0m[48;2;0;0;0m▀[0m[38;2;0;0;0m[48;2;23;25;26m▀[0m[38;2;116;123;129m[48;2;103;110;114m▀[0m[38;2;0;0;0m[48;2;0;0;0m▀[0m[38;2;0;0;0m[48;2;0;0;0m▀[0m[38;2;19;21;25m[48;2;0;0;0m▀[0m[38;2;247;247;247m[48;2;247;247;247m▀[0m[38;2;15;15;13m[48;2;215;213;208m▀[0m[38;2;0;0;0m[48;2;0;0;0m▀[0m[38;2;146;149;149m[48;2;28;31;31m▀[0m[38;2;247;247;247m[48;2;247;247;247m▀[0m[38;2;244;247;244m[48;2;173;177;177m▀[0m[38;2;112;112;113m[48;2;106;109;106m▀[0m
[38;2;0;0;0m[48;2;0;0;0m▀[0m[38;2;0;0;0m[48;2;0;0;0m▀[0m[38;2;123;125;125m[48;2;68;66;69m▀[0m[38;2;247;247;247m[48;2;247;247;247m▀[0m[38;2;176;175;175m[48;2;183;182;183m▀[0m[38;2;160;163;160m[48;2;161;163;161m▀[0m[38;2;194;195;195m[48;2;197;196;196m▀[0m[38;2;132;134;134m[48;2;109;111;111m▀[0m[38;2;0;0;0m[48;2;0;0;0m▀[0m[38;2;173;172;173m[48;2;150;151;148m▀[0m[38;2;180;181;178m[48;2;181;181;181m▀[0m[38;2;159;159;159m[48;2;155;157;155m▀[0m[38;2;158;158;156m[48;2;158;157;155m▀[0m[38;2;156;157;154m[48;2;156;156;154m▀[0m[38;2;157;160;157m[48;2;159;161;161m▀[0m[38;2;199;197;201m[48;2;201;204;204m▀[0m[38;2;102;103;100m[48;2;81;83;83m▀[0m[38;2;0;0;0m[48;2;0;0;0m▀[0m[38;2;204;206;204m[48;2;197;196;197m▀[0m[38;2;165;168;168m[48;2;175;175;175m▀[0m[38;2;160;160;160m[48;2;161;161;161m▀[0m[38;2;155;155;153m[48;2;154;156;154m▀[0m[38;2;154;154;152m[48;2;155;155;152m▀[0m[38;2;155;155;153m[48;2;156;156;154m▀[0m[38;2;161;161;160m[48;2;158;156;154m▀[0m[38;2;160;159;157m[48;2;164;163;161m▀[0m[38;2;115;117;115m[48;2;176;173;173m▀[0m[38;2;175;174;175m[48;2;169;169;169m▀[0m[38;2;209;212;212m[48;2;211;213;213m▀[0m[38;2;196;196;198m[48;2;184;184;184m▀[0m[38;2;0;0;0m[48;2;0;0;0m▀[0m[38;2;18;21;21m[48;2;78;84;84m▀[0m[38;2;140;143;143m[48;2;201;204;204m▀[0m[38;2;180;184;184m[48;2;178;182;179m▀[0m[38;2;114;113;114m[48;2;126;128;126m▀[0m[38;2;194;193;191m[48;2;191;190;188m▀[0m[38;2;155;161;158m[48;2;157;158;155m▀[0m[38;2;157;157;155m[48;2;154;154;152m▀[0m[38;2;157;159;157m[48;2;155;155;157m▀[0m[38;2;170;171;168m[48;2;164;163;163m▀[0m[38;2;245;247;247m[48;2;238;241;241m▀[0m[38;2;42;45;44m[48;2;119;122;121m▀[0m[38;2;0;0;0m[48;2;0;0;0m▀[0m[38;2;0;0;0m[48;2;0;0;0m▀[0m[38;2;0;0;0m[48;2;0;0;0m▀[0m[38;2;0;0;0m[48;2;0;0;0m▀[0m[38;2;0;0;0m[48;2;1;0;0m▀[0m[38;2;0;0;0m[48;2;0;0;0m▀[0m[38;2;4;4;6m[48;2;51;53;55m▀[0m[38;2;0;0;0m[48;2;12;10;13m▀[0m[38;2;0;0;0m[48;2;0;0;0m▀[0m[38;2;0;0;0m[48;2;40;38;41m▀[0m[38;2;54;54;55m[48;2;37;35;38m▀[0m[38;2;0;0;0m[48;2;0;0;0m▀[0m[38;2;190;194;194m[48;2;203;207;207m▀[0m[38;2;157;161;161m[48;2;139;142;143m▀[0m[38;2;220;219;219m[48;2;247;247;247m▀[0m[38;2;242;244;247m[48;2;132;134;135m▀[0m[38;2;41;43;44m[48;2;44;43;43m▀[0m[38;2;26;28;30m[48;2;0;0;0m▀[0m[38;2;0;0;0m[48;2;0;0;0m▀[0m[38;2;0;0;0m[48;2;0;0;0m▀[0m[38;2;0;0;0m[48;2;0;0;0m▀[0m[38;2;0;0;0m[48;2;0;0;0m▀[0m[38;2;87;91;95m[48;2;120;124;127m▀[0m[38;2;41;43;44m[48;2;0;0;0m▀[0m[38;2;0;0;0m[48;2;0;0;0m▀[0m[38;2;0;0;0m[48;2;0;0;0m▀[0m[38;2;0;0;0m[48;2;0;0;0m▀[0m[38;2;175;179;183m[48;2;97;99;103m▀[0m[38;2;247;247;247m[48;2;247;247;247m▀[0m[38;2;114;117;117m[48;2;247;247;247m▀[0m[38;2;0;0;0m[48;2;53;56;58m▀[0m[38;2;166;172;171m[48;2;39;45;45m▀[0m[38;2;176;180;180m[48;2;188;192;192m▀[0m[38;2;54;61;61m[48;2;28;30;30m▀[0m
[38;2;0;0;0m[48;2;32;37;38m▀[0m[38;2;0;0;0m[48;2;0;0;0m▀[0m[38;2;1;1;2m[48;2;0;0;0m▀[0m[38;2;247;247;247m[48;2;219;223;223m▀[0m[38;2;197;196;194m[48;2;221;220;221m▀[0m[38;2;163;165;163m[48;2;168;170;171m▀[0m[38;2;186;187;184m[48;2;163;165;163m▀[0m[38;2;118;121;118m[48;2;169;172;169m▀[0m[38;2;0;0;0m[48;2;154;154;154m▀[0m[38;2;152;151;152m[48;2;170;172;170m▀[0m[38;2;175;174;172m[48;2;161;163;161m▀[0m[38;2;157;154;157m[48;2;158;158;153m▀[0m[38;2;157;157;157m[48;2;156;156;153m▀[0m[38;2;156;156;154m[48;2;155;155;153m▀[0m[38;2;157;159;157m[48;2;156;158;156m▀[0m[38;2;201;199;202m[48;2;195;194;194m▀[0m[38;2;61;63;64m[48;2;58;60;58m▀[0m[38;2;0;0;0m[48;2;0;0;0m▀[0m[38;2;161;161;163m[48;2;164;164;165m▀[0m[38;2;185;181;183m[48;2;179;179;180m▀[0m[38;2;161;161;161m[48;2;159;161;159m▀[0m[38;2;155;155;153m[48;2;155;155;153m▀[0m[38;2;153;153;151m[48;2;153;153;151m▀[0m[38;2;155;155;153m[48;2;154;154;152m▀[0m[38;2;155;156;153m[48;2;154;154;154m▀[0m[38;2;157;157;155m[48;2;156;156;154m▀[0m[38;2;159;158;159m[48;2;159;159;159m▀[0m[38;2;169;167;170m[48;2;166;168;170m▀[0m[38;2;219;221;223m[48;2;218;222;222m▀[0m[38;2;170;172;172m[48;2;135;137;137m▀[0m[38;2;0;0;0m[48;2;0;0;0m▀[0m[38;2;81;87;87m[48;2;0;0;0m▀[0m[38;2;203;206;206m[48;2;161;161;162m▀[0m[38;2;178;181;182m[48;2;129;131;132m▀[0m[38;2;121;123;121m[48;2;79;81;79m▀[0m[38;2;192;191;189m[48;2;202;202;199m▀[0m[38;2;157;157;155m[48;2;155;159;153m▀[0m[38;2;153;153;148m[48;2;155;155;149m▀[0m[38;2;155;155;157m[48;2;158;154;157m▀[0m[38;2;161;160;160m[48;2;161;161;161m▀[0m[38;2;213;216;216m[48;2;191;194;194m▀[0m[38;2;201;204;203m[48;2;240;242;247m▀[0m[38;2;0;0;0m[48;2;0;0;0m▀[0m[38;2;0;0;0m[48;2;0;0;0m▀[0m[38;2;0;0;0m[48;2;0;0;0m▀[0m[38;2;0;0;0m[48;2;0;0;0m▀[0m[38;2;0;0;0m[48;2;0;0;0m▀[0m[38;2;0;0;0m[48;2;0;0;0m▀[0m[38;2;59;59;60m[48;2;5;5;3m▀[0m[38;2;60;62;64m[48;2;133;133;131m▀[0m[38;2;0;0;0m[48;2;0;0;0m▀[0m[38;2;78;76;79m[48;2;88;90;92m▀[0m[38;2;0;0;0m[48;2;0;0;0m▀[0m[38;2;0;0;0m[48;2;67;69;69m▀[0m[38;2;245;247;247m[48;2;247;247;247m▀[0m[38;2;171;173;174m[48;2;201;205;204m▀[0m[38;2;247;247;247m[48;2;161;167;167m▀[0m[38;2;29;31;32m[48;2;0;0;0m▀[0m[38;2;0;0;0m[48;2;0;0;0m▀[0m[38;2;0;0;0m[48;2;0;0;0m▀[0m[38;2;0;0;0m[48;2;0;0;0m▀[0m[38;2;0;0;0m[48;2;0;0;0m▀[0m[38;2;0;0;0m[48;2;0;0;0m▀[0m[38;2;27;26;27m[48;2;81;83;87m▀[0m[38;2;91;95;97m[48;2;35;38;39m▀[0m[38;2;0;0;0m[48;2;0;0;0m▀[0m[38;2;0;0;0m[48;2;0;0;0m▀[0m[38;2;0;0;0m[48;2;0;0;0m▀[0m[38;2;0;0;0m[48;2;0;0;0m▀[0m[38;2;66;72;73m[48;2;46;55;57m▀[0m[38;2;140;143;143m[48;2;108;114;111m▀[0m[38;2;247;247;247m[48;2;247;247;247m▀[0m[38;2;213;215;215m[48;2;247;247;247m▀[0m[38;2;63;65;65m[48;2;240;242;242m▀[0m[38;2;135;139;139m[48;2;97;99;99m▀[0m[38;2;218;219;216m[48;2;170;170;170m▀[0m
[38;2;0;0;0m[48;2;0;0;0m▀[0m[38;2;0;0;0m[48;2;0;0;0m▀[0m[38;2;0;0;0m[48;2;0;0;0m▀[0m[38;2;142;144;144m[48;2;27;30;31m▀[0m[38;2;247;247;247m[48;2;247;247;247m▀[0m[38;2;173;175;175m[48;2;194;193;190m▀[0m[38;2;159;161;159m[48;2;164;166;164m▀[0m[38;2;160;162;162m[48;2;158;158;158m▀[0m[38;2;165;168;165m[48;2;154;156;156m▀[0m[38;2;161;161;161m[48;2;156;156;156m▀[0m[38;2;159;158;159m[48;2;155;155;155m▀[0m[38;2;155;155;153m[48;2;154;154;152m▀[0m[38;2;154;154;152m[48;2;152;154;152m▀[0m[38;2;155;154;152m[48;2;154;154;154m▀[0m[38;2;159;158;156m[48;2;154;158;157m▀[0m[38;2;173;173;174m[48;2;159;159;160m▀[0m[38;2;145;145;146m[48;2;170;170;171m▀[0m[38;2;94;94;91m[48;2;183;183;180m▀[0m[38;2;183;180;182m[48;2;164;164;162m▀[0m[38;2;164;161;163m[48;2;163;158;157m▀[0m[38;2;158;160;158m[48;2;157;156;153m▀[0m[38;2;155;155;152m[48;2;154;154;152m▀[0m[38;2;154;154;152m[48;2;154;154;151m▀[0m[38;2;154;154;152m[48;2;154;154;152m▀[0m[38;2;154;154;152m[48;2;155;155;153m▀[0m[38;2;157;156;154m[48;2;157;157;155m▀[0m[38;2;159;158;158m[48;2;159;159;159m▀[0m[38;2;161;162;164m[48;2;168;170;170m▀[0m[38;2;129;133;137m[48;2;240;244;247m▀[0m[38;2;82;84;82m[48;2;58;62;61m▀[0m[38;2;0;0;0m[48;2;0;0;0m▀[0m[38;2;0;0;0m[48;2;0;0;0m▀[0m[38;2;91;95;97m[48;2;0;0;0m▀[0m[38;2;57;61;64m[48;2;120;124;127m▀[0m[38;2;81;83;84m[48;2;110;112;112m▀[0m[38;2;201;199;196m[48;2;187;186;186m▀[0m[38;2;158;158;156m[48;2;161;161;158m▀[0m[38;2;156;155;153m[48;2;155;155;152m▀[0m[38;2;158;157;157m[48;2;156;156;154m▀[0m[38;2;162;160;161m[48;2;160;160;155m▀[0m[38;2;181;180;181m[48;2;181;181;175m▀[0m[38;2;247;247;247m[48;2;199;201;202m▀[0m[38;2;17;19;19m[48;2;0;0;0m▀[0m[38;2;0;0;0m[48;2;0;0;0m▀[0m[38;2;53;56;58m[48;2;247;247;247m▀[0m[38;2;0;0;0m[48;2;3;5;5m▀[0m[38;2;0;0;0m[48;2;0;0;0m▀[0m[38;2;0;0;0m[48;2;0;0;0m▀[0m[38;2;0;0;0m[48;2;0;0;0m▀[0m[38;2;0;0;0m[48;2;0;0;0m▀[0m[38;2;63;64;64m[48;2;11;11;13m▀[0m[38;2;88;92;92m[48;2;39;41;41m▀[0m[38;2;0;0;0m[48;2;0;0;0m▀[0m[38;2;179;181;181m[48;2;247;247;247m▀[0m[38;2;244;247;246m[48;2;219;223;223m▀[0m[38;2;203;205;206m[48;2;37;35;38m▀[0m[38;2;52;55;56m[48;2;4;4;5m▀[0m[38;2;0;0;0m[48;2;0;0;0m▀[0m[38;2;0;0;0m[48;2;0;0;0m▀[0m[38;2;0;0;0m[48;2;0;0;0m▀[0m[38;2;0;0;0m[48;2;0;0;0m▀[0m[38;2;0;0;0m[48;2;0;0;0m▀[0m[38;2;0;0;0m[48;2;10;10;10m▀[0m[38;2;106;108;110m[48;2;102;104;104m▀[0m[38;2;0;0;0m[48;2;0;0;0m▀[0m[38;2;0;0;0m[48;2;0;0;0m▀[0m[38;2;0;0;0m[48;2;0;0;0m▀[0m[38;2;0;0;0m[48;2;0;0;0m▀[0m[38;2;0;0;0m[48;2;0;0;0m▀[0m[38;2;0;0;0m[48;2;0;0;0m▀[0m[38;2;48;54;55m[48;2;25;32;34m▀[0m[38;2;199;202;204m[48;2;128;133;140m▀[0m[38;2;247;247;247m[48;2;226;229;229m▀[0m[38;2;247;247;247m[48;2;247;247;247m▀[0m[38;2;173;177;177m[48;2;247;247;247m▀[0m[38;2;61;63;63m[48;2;0;0;0m▀[0m
[38;2;0;1;1m[48;2;0;1;1m▀[0m[38;2;0;0;0m[48;2;0;0;0m▀[0m[38;2;0;0;0m[48;2;0;0;0m▀[0m[38;2;0;0;0m[48;2;0;0;0m▀[0m[38;2;189;191;193m[48;2;8;10;12m▀[0m[38;2;242;241;241m[48;2;247;247;247m▀[0m[38;2;175;174;175m[48;2;198;201;197m▀[0m[38;2;160;160;160m[48;2;168;168;166m▀[0m[38;2;157;157;157m[48;2;157;159;159m▀[0m[38;2;156;156;156m[48;2;153;153;153m▀[0m[38;2;154;154;154m[48;2;154;154;149m▀[0m[38;2;154;154;152m[48;2;154;154;154m▀[0m[38;2;154;154;152m[48;2;154;154;152m▀[0m[38;2;154;154;154m[48;2;154;154;152m▀[0m[38;2;155;155;153m[48;2;153;155;153m▀[0m[38;2;155;155;155m[48;2;155;155;153m▀[0m[38;2;156;159;158m[48;2;159;159;157m▀[0m[38;2;157;157;152m[48;2;158;158;158m▀[0m[38;2;157;160;156m[48;2;157;161;157m▀[0m[38;2;159;155;154m[48;2;158;154;157m▀[0m[38;2;155;155;153m[48;2;155;154;154m▀[0m[38;2;154;154;152m[48;2;154;154;152m▀[0m[38;2;154;154;152m[48;2;154;154;152m▀[0m[38;2;154;154;152m[48;2;154;154;152m▀[0m[38;2;155;155;153m[48;2;155;154;152m▀[0m[38;2;157;157;155m[48;2;156;156;154m▀[0m[38;2;159;159;159m[48;2;159;160;157m▀[0m[38;2;170;170;172m[48;2;165;167;169m▀[0m[38;2;239;243;246m[48;2;235;237;239m▀[0m[38;2;57;59;61m[48;2;95;97;97m▀[0m[38;2;0;0;0m[48;2;0;0;0m▀[0m[38;2;0;0;0m[48;2;0;0;0m▀[0m[38;2;105;107;107m[48;2;144;142;145m▀[0m[38;2;247;247;247m[48;2;245;247;247m▀[0m[38;2;62;65;65m[48;2;55;61;61m▀[0m[38;2;186;185;182m[48;2;183;183;183m▀[0m[38;2;161;161;158m[48;2;161;160;158m▀[0m[38;2;156;156;154m[48;2;155;155;153m▀[0m[38;2;155;155;153m[48;2;155;155;153m▀[0m[38;2;156;156;154m[48;2;156;158;156m▀[0m[38;2;178;178;175m[48;2;164;164;162m▀[0m[38;2;159;161;159m[48;2;180;179;177m▀[0m[38;2;0;0;0m[48;2;139;141;139m▀[0m[38;2;0;0;0m[48;2;244;245;242m▀[0m[38;2;129;131;131m[48;2;112;114;114m▀[0m[38;2;129;131;132m[48;2;8;10;12m▀[0m[38;2;0;0;0m[48;2;0;0;0m▀[0m[38;2;0;0;0m[48;2;0;0;0m▀[0m[38;2;0;0;0m[48;2;0;0;0m▀[0m[38;2;0;0;0m[48;2;0;0;0m▀[0m[38;2;69;68;68m[48;2;136;136;136m▀[0m[38;2;0;0;0m[48;2;0;0;0m▀[0m[38;2;115;119;119m[48;2;239;246;246m▀[0m[38;2;247;247;247m[48;2;247;247;247m▀[0m[38;2;163;167;164m[48;2;20;21;18m▀[0m[38;2;0;0;0m[48;2;0;0;0m▀[0m[38;2;0;0;0m[48;2;0;0;0m▀[0m[38;2;0;0;0m[48;2;0;0;0m▀[0m[38;2;0;0;0m[48;2;0;0;1m▀[0m[38;2;0;0;1m[48;2;0;0;1m▀[0m[38;2;0;0;0m[48;2;0;0;0m▀[0m[38;2;0;0;0m[48;2;0;0;0m▀[0m[38;2;24;24;24m[48;2;44;46;46m▀[0m[38;2;107;109;114m[48;2;40;42;42m▀[0m[38;2;107;111;112m[48;2;1;1;0m▀[0m[38;2;61;63;63m[48;2;137;140;144m▀[0m[38;2;0;0;0m[48;2;175;177;179m▀[0m[38;2;0;0;0m[48;2;71;73;73m▀[0m[38;2;0;0;0m[48;2;0;0;0m▀[0m[38;2;0;0;0m[48;2;0;0;0m▀[0m[38;2;0;0;0m[48;2;0;0;0m▀[0m[38;2;70;78;82m[48;2;0;0;0m▀[0m[38;2;94;94;96m[48;2;58;64;64m▀[0m[38;2;247;247;247m[48;2;151;154;156m▀[0m[38;2;247;247;247m[48;2;247;247;247m▀[0m[38;2;121;125;121m[48;2;247;247;247m▀[0m
[38;2;0;0;1m[48;2;0;1;1m▀[0m[38;2;0;0;1m[48;2;0;0;0m▀[0m[38;2;0;0;0m[48;2;0;0;0m▀[0m[38;2;0;0;0m[48;2;0;0;0m▀[0m[38;2;0;0;0m[48;2;48;52;56m▀[0m[38;2;113;117;117m[48;2;0;0;0m▀[0m[38;2;247;247;247m[48;2;200;206;207m▀[0m[38;2;181;184;183m[48;2;241;241;239m▀[0m[38;2;163;163;163m[48;2;174;174;175m▀[0m[38;2;159;159;159m[48;2;161;161;161m▀[0m[38;2;156;156;154m[48;2;158;158;158m▀[0m[38;2;155;155;153m[48;2;155;155;155m▀[0m[38;2;154;154;152m[48;2;155;155;155m▀[0m[38;2;154;154;152m[48;2;154;154;152m▀[0m[38;2;155;155;153m[48;2;154;154;154m▀[0m[38;2;161;161;158m[48;2;163;163;163m▀[0m[38;2;163;166;165m[48;2;172;175;174m▀[0m[38;2;176;179;176m[48;2;0;0;0m▀[0m[38;2;168;167;168m[48;2;126;125;126m▀[0m[38;2;158;158;159m[48;2;176;174;171m▀[0m[38;2;154;154;152m[48;2;156;152;155m▀[0m[38;2;153;154;151m[48;2;153;153;151m▀[0m[38;2;154;154;152m[48;2;153;153;151m▀[0m[38;2;158;158;156m[48;2;167;167;164m▀[0m[38;2;171;171;169m[48;2;122;122;123m▀[0m[38;2;165;165;162m[48;2;142;142;139m▀[0m[38;2;158;161;158m[48;2;169;169;169m▀[0m[38;2;165;167;167m[48;2;165;169;163m▀[0m[38;2;220;222;224m[48;2;198;202;202m▀[0m[38;2;162;166;166m[48;2;217;219;219m▀[0m[38;2;0;0;0m[48;2;0;0;0m▀[0m[38;2;0;0;0m[48;2;0;0;0m▀[0m[38;2;158;160;160m[48;2;157;160;161m▀[0m[38;2;238;240;240m[48;2;124;128;128m▀[0m[38;2;51;55;55m[48;2;51;55;55m▀[0m[38;2;186;185;185m[48;2;202;204;202m▀[0m[38;2;163;160;161m[48;2;162;159;161m▀[0m[38;2;156;156;154m[48;2;157;157;157m▀[0m[38;2;157;157;155m[48;2;158;158;156m▀[0m[38;2;159;158;158m[48;2;160;160;158m▀[0m[38;2;160;160;160m[48;2;161;161;161m▀[0m[38;2;166;165;163m[48;2;168;166;164m▀[0m[38;2;194;194;191m[48;2;174;175;171m▀[0m[38;2;215;215;213m[48;2;224;227;225m▀[0m[38;2;238;238;239m[48;2;202;206;206m▀[0m[38;2;3;5;5m[48;2;78;80;80m▀[0m[38;2;0;0;0m[48;2;213;215;215m▀[0m[38;2;62;64;64m[48;2;192;191;191m▀[0m[38;2;79;80;77m[48;2;245;244;245m▀[0m[38;2;125;128;125m[48;2;247;247;247m▀[0m[38;2;105;107;105m[48;2;207;209;207m▀[0m[38;2;0;0;0m[48;2;158;158;158m▀[0m[38;2;228;232;232m[48;2;168;170;170m▀[0m[38;2;204;208;207m[48;2;8;10;11m▀[0m[38;2;0;0;0m[48;2;0;0;0m▀[0m[38;2;0;0;0m[48;2;0;0;0m▀[0m[38;2;0;0;0m[48;2;0;0;0m▀[0m[38;2;0;0;1m[48;2;0;1;1m▀[0m[38;2;0;0;1m[48;2;0;0;0m▀[0m[38;2;0;0;0m[48;2;0;0;0m▀[0m[38;2;0;0;0m[48;2;25;29;32m▀[0m[38;2;0;0;0m[48;2;0;0;0m▀[0m[38;2;49;51;51m[48;2;71;73;75m▀[0m[38;2;48;52;52m[48;2;32;33;34m▀[0m[38;2;0;0;0m[48;2;0;0;0m▀[0m[38;2;0;0;0m[48;2;0;0;0m▀[0m[38;2;24;26;26m[48;2;0;0;0m▀[0m[38;2;159;161;162m[48;2;0;0;0m▀[0m[38;2;207;210;210m[48;2;25;25;27m▀[0m[38;2;88;91;91m[48;2;149;149;151m▀[0m[38;2;0;0;0m[48;2;178;180;181m▀[0m[38;2;0;0;0m[48;2;51;53;53m▀[0m[38;2;0;0;0m[48;2;0;0;0m▀[0m[38;2;7;10;11m[48;2;0;0;0m▀[0m[38;2;145;149;153m[48;2;9;11;12m▀[0m[38;2;247;247;247m[48;2;187;191;194m▀[0m
[38;2;0;0;1m[48;2;0;1;1m▀[0m[38;2;0;0;0m[48;2;0;0;0m▀[0m[38;2;7;7;7m[48;2;6;6;7m▀[0m[38;2;0;0;0m[48;2;28;32;32m▀[0m[38;2;59;62;67m[48;2;19;21;25m▀[0m[38;2;0;0;0m[48;2;0;0;0m▀[0m[38;2;0;0;0m[48;2;0;0;0m▀[0m[38;2;247;247;247m[48;2;45;48;48m▀[0m[38;2;215;215;212m[48;2;247;247;247m▀[0m[38;2;172;172;169m[48;2;191;191;188m▀[0m[38;2;160;160;160m[48;2;165;162;164m▀[0m[38;2;157;157;155m[48;2;158;158;158m▀[0m[38;2;154;156;154m[48;2;156;156;154m▀[0m[38;2;154;154;152m[48;2;154;154;152m▀[0m[38;2;154;154;152m[48;2;154;154;152m▀[0m[38;2;167;167;167m[48;2;161;161;159m▀[0m[38;2;164;164;165m[48;2;167;167;168m▀[0m[38;2;0;0;0m[48;2;40;43;43m▀[0m[38;2;87;87;87m[48;2;142;142;142m▀[0m[38;2;185;185;185m[48;2;169;170;167m▀[0m[38;2;155;151;151m[48;2;155;155;149m▀[0m[38;2;153;153;153m[48;2;154;154;152m▀[0m[38;2;151;151;149m[48;2;156;156;154m▀[0m[38;2;180;180;180m[48;2;161;161;158m▀[0m[38;2;0;0;0m[48;2;140;140;138m▀[0m[38;2;63;63;63m[48;2;154;151;151m▀[0m[38;2;185;185;182m[48;2;166;166;166m▀[0m[38;2;161;164;161m[48;2;163;166;163m▀[0m[38;2;184;186;187m[48;2;175;176;173m▀[0m[38;2;241;243;243m[48;2;235;237;237m▀[0m[38;2;0;0;0m[48;2;74;76;74m▀[0m[38;2;0;0;0m[48;2;0;0;0m▀[0m[38;2;225;228;228m[48;2;241;241;242m▀[0m[38;2;59;61;61m[48;2;236;238;238m▀[0m[38;2;127;129;129m[48;2;103;105;105m▀[0m[38;2;156;155;156m[48;2;0;0;0m▀[0m[38;2;168;167;168m[48;2;183;186;183m▀[0m[38;2;158;157;157m[48;2;156;158;158m▀[0m[38;2;160;160;160m[48;2;161;163;163m▀[0m[38;2;161;163;161m[48;2;170;173;170m▀[0m[38;2;167;169;167m[48;2;200;202;203m▀[0m[38;2;187;186;187m[48;2;201;203;203m▀[0m[38;2;232;234;234m[48;2;82;85;85m▀[0m[38;2;185;189;190m[48;2;10;13;10m▀[0m[38;2;31;31;32m[48;2;247;247;247m▀[0m[38;2;247;247;247m[48;2;245;247;247m▀[0m[38;2;247;247;247m[48;2;237;241;242m▀[0m[38;2;247;247;247m[48;2;197;204;204m▀[0m[38;2;244;246;247m[48;2;0;0;0m▀[0m[38;2;247;247;247m[48;2;183;186;186m▀[0m[38;2;201;204;201m[48;2;247;247;247m▀[0m[38;2;247;247;247m[48;2;122;122;122m▀[0m[38;2;119;122;122m[48;2;0;0;0m▀[0m[38;2;0;0;0m[48;2;0;0;0m▀[0m[38;2;0;0;0m[48;2;0;0;0m▀[0m[38;2;0;0;0m[48;2;0;0;0m▀[0m[38;2;0;0;1m[48;2;0;0;1m▀[0m[38;2;0;1;1m[48;2;0;0;0m▀[0m[38;2;0;0;0m[48;2;0;0;0m▀[0m[38;2;8;10;10m[48;2;0;0;0m▀[0m[38;2;31;34;38m[48;2;55;62;69m▀[0m[38;2;0;2;3m[48;2;20;24;25m▀[0m[38;2;107;111;112m[48;2;0;0;0m▀[0m[38;2;0;0;0m[48;2;0;0;0m▀[0m[38;2;0;0;0m[48;2;0;0;0m▀[0m[38;2;0;0;0m[48;2;0;0;0m▀[0m[38;2;0;0;0m[48;2;0;0;0m▀[0m[38;2;0;0;0m[48;2;0;0;0m▀[0m[38;2;0;0;0m[48;2;0;0;0m▀[0m[38;2;0;0;0m[48;2;0;0;0m▀[0m[38;2;0;0;0m[48;2;0;0;0m▀[0m[38;2;140;146;145m[48;2;0;0;0m▀[0m[38;2;75;77;79m[48;2;151;153;155m▀[0m[38;2;0;0;0m[48;2;63;64;64m▀[0m[38;2;0;0;0m[48;2;0;0;0m▀[0m[38;2;77;81;85m[48;2;0;0;0m▀[0m
[38;2;0;1;1m[48;2;0;1;1m▀[0m[38;2;0;1;0m[48;2;0;0;1m▀[0m[38;2;0;0;0m[48;2;0;0;0m▀[0m[38;2;72;83;85m[48;2;0;1;0m▀[0m[38;2;29;32;32m[48;2;0;2;6m▀[0m[38;2;0;0;0m[48;2;0;0;0m▀[0m[38;2;0;0;0m[48;2;0;0;0m▀[0m[38;2;0;0;0m[48;2;0;0;0m▀[0m[38;2;147;150;152m[48;2;0;0;0m▀[0m[38;2;239;238;239m[48;2;244;244;246m▀[0m[38;2;171;168;170m[48;2;186;186;187m▀[0m[38;2;160;159;157m[48;2;160;159;157m▀[0m[38;2;157;157;155m[48;2;158;157;157m▀[0m[38;2;156;156;154m[48;2;156;156;156m▀[0m[38;2;155;155;153m[48;2;155;155;153m▀[0m[38;2;157;157;155m[48;2;154;154;152m▀[0m[38;2;161;161;160m[48;2;156;156;154m▀[0m[38;2;179;176;176m[48;2;151;151;151m▀[0m[38;2;167;166;166m[48;2;152;155;151m▀[0m[38;2;158;159;156m[48;2;154;154;152m▀[0m[38;2;154;154;152m[48;2;154;154;152m▀[0m[38;2;154;154;152m[48;2;154;154;152m▀[0m[38;2;154;154;152m[48;2;154;154;154m▀[0m[38;2;154;154;154m[48;2;156;156;154m▀[0m[38;2;161;163;161m[48;2;157;157;157m▀[0m[38;2;161;163;163m[48;2;158;160;160m▀[0m[38;2;161;161;161m[48;2;160;161;161m▀[0m[38;2;161;163;161m[48;2;162;162;162m▀[0m[38;2;169;171;172m[48;2;169;172;169m▀[0m[38;2;221;220;221m[48;2;214;216;214m▀[0m[38;2;109;111;111m[48;2;121;123;123m▀[0m[38;2;0;0;0m[48;2;0;0;0m▀[0m[38;2;219;222;223m[48;2;210;213;214m▀[0m[38;2;190;194;191m[48;2;181;183;183m▀[0m[38;2;149;153;153m[48;2;168;171;171m▀[0m[38;2;137;136;137m[48;2;166;168;166m▀[0m[38;2;166;165;163m[48;2;162;162;162m▀[0m[38;2;162;162;163m[48;2;172;172;169m▀[0m[38;2;172;171;172m[48;2;187;186;187m▀[0m[38;2;202;203;200m[48;2;224;226;226m▀[0m[38;2;161;162;160m[48;2;45;44;42m▀[0m[38;2;50;54;53m[48;2;148;154;161m▀[0m[38;2;124;127;124m[48;2;247;247;247m▀[0m[38;2;247;247;247m[48;2;190;196;196m▀[0m[38;2;224;226;227m[48;2;124;131;138m▀[0m[38;2;64;72;74m[48;2;158;162;167m▀[0m[38;2;247;247;247m[48;2;210;217;218m▀[0m[38;2;60;64;67m[48;2;48;52;51m▀[0m[38;2;0;0;0m[48;2;190;194;196m▀[0m[38;2;247;247;247m[48;2;247;247;247m▀[0m[38;2;203;203;203m[48;2;67;67;67m▀[0m[38;2;0;0;0m[48;2;0;0;0m▀[0m[38;2;0;0;0m[48;2;0;0;0m▀[0m[38;2;0;0;0m[48;2;0;0;0m▀[0m[38;2;0;0;0m[48;2;0;0;0m▀[0m[38;2;0;0;0m[48;2;0;0;0m▀[0m[38;2;0;0;0m[48;2;20;20;21m▀[0m[38;2;0;0;0m[48;2;0;0;0m▀[0m[38;2;0;0;0m[48;2;0;0;0m▀[0m[38;2;0;0;0m[48;2;0;0;0m▀[0m[38;2;1;5;9m[48;2;0;0;0m▀[0m[38;2;119;123;126m[48;2;112;119;122m▀[0m[38;2;105;107;105m[48;2;247;247;247m▀[0m[38;2;0;0;0m[48;2;96;97;97m▀[0m[38;2;0;0;0m[48;2;0;0;0m▀[0m[38;2;0;0;0m[48;2;0;0;0m▀[0m[38;2;0;0;0m[48;2;0;0;0m▀[0m[38;2;0;0;0m[48;2;0;0;0m▀[0m[38;2;0;0;0m[48;2;0;0;0m▀[0m[38;2;0;0;0m[48;2;0;0;0m▀[0m[38;2;0;0;0m[48;2;0;0;0m▀[0m[38;2;0;0;0m[48;2;0;0;0m▀[0m[38;2;0;0;0m[48;2;0;0;0m▀[0m[38;2;151;155;158m[48;2;0;0;0m▀[0m[38;2;35;32;36m[48;2;139;144;149m▀[0m[38;2;0;0;0m[48;2;27;24;26m▀[0m
[38;2;0;1;1m[48;2;0;1;1m▀[0m[38;2;0;0;1m[48;2;0;0;0m▀[0m[38;2;0;0;0m[48;2;0;0;0m▀[0m[38;2;0;0;0m[48;2;0;0;0m▀[0m[38;2;0;0;0m[48;2;0;0;0m▀[0m[38;2;0;0;0m[48;2;0;0;0m▀[0m[38;2;0;0;0m[48;2;0;0;0m▀[0m[38;2;0;0;0m[48;2;0;0;0m▀[0m[38;2;0;0;0m[48;2;0;0;0m▀[0m[38;2;199;201;202m[48;2;188;188;189m▀[0m[38;2;208;205;207m[48;2;213;216;216m▀[0m[38;2;157;159;157m[48;2;157;159;157m▀[0m[38;2;154;154;151m[48;2;154;154;151m▀[0m[38;2;156;156;156m[48;2;157;157;155m▀[0m[38;2;155;155;153m[48;2;155;155;155m▀[0m[38;2;154;154;152m[48;2;154;154;152m▀[0m[38;2;154;154;152m[48;2;155;155;153m▀[0m[38;2;154;154;152m[48;2;155;155;153m▀[0m[38;2;154;155;152m[48;2;155;155;155m▀[0m[38;2;154;154;152m[48;2;156;156;154m▀[0m[38;2;154;154;154m[48;2;158;155;155m▀[0m[38;2;154;154;154m[48;2;155;155;153m▀[0m[38;2;155;155;153m[48;2;155;159;155m▀[0m[38;2;157;157;155m[48;2;158;158;156m▀[0m[38;2;159;159;157m[48;2;160;160;160m▀[0m[38;2;161;161;161m[48;2;166;165;166m▀[0m[38;2;161;161;161m[48;2;159;161;161m▀[0m[38;2;161;161;161m[48;2;158;159;155m▀[0m[38;2;169;172;169m[48;2;173;176;176m▀[0m[38;2;208;211;211m[48;2;205;207;208m▀[0m[38;2;127;129;129m[48;2;132;134;134m▀[0m[38;2;0;0;0m[48;2;0;0;0m▀[0m[38;2;204;208;209m[48;2;206;205;203m▀[0m[38;2;178;180;180m[48;2;174;177;174m▀[0m[38;2;160;161;161m[48;2;161;166;161m▀[0m[38;2;159;157;160m[48;2;162;164;164m▀[0m[38;2;166;166;166m[48;2;176;176;178m▀[0m[38;2;182;182;179m[48;2;192;192;192m▀[0m[38;2;221;224;221m[48;2;247;247;247m▀[0m[38;2;190;189;186m[48;2;71;70;70m▀[0m[38;2;53;57;61m[48;2;0;0;0m▀[0m[38;2;81;86;92m[48;2;236;247;247m▀[0m[38;2;149;155;159m[48;2;15;18;18m▀[0m[38;2;133;140;140m[48;2;68;67;65m▀[0m[38;2;151;161;171m[48;2;21;28;38m▀[0m[38;2;247;247;247m[48;2;75;93;100m▀[0m[38;2;73;74;71m[48;2;34;31;32m▀[0m[38;2;224;227;231m[48;2;247;247;247m▀[0m[38;2;148;155;156m[48;2;45;48;48m▀[0m[38;2;178;180;182m[48;2;36;40;43m▀[0m[38;2;0;0;0m[48;2;0;0;0m▀[0m[38;2;0;0;0m[48;2;75;80;86m▀[0m[38;2;11;9;12m[48;2;32;35;38m▀[0m[38;2;0;0;0m[48;2;0;0;0m▀[0m[38;2;0;0;0m[48;2;0;0;0m▀[0m[38;2;0;0;0m[48;2;0;0;0m▀[0m[38;2;62;67;68m[48;2;74;77;78m▀[0m[38;2;0;0;1m[48;2;0;0;0m▀[0m[38;2;0;0;0m[48;2;0;0;0m▀[0m[38;2;0;0;0m[48;2;0;0;0m▀[0m[38;2;37;44;45m[48;2;52;55;59m▀[0m[38;2;63;68;71m[48;2;84;90;93m▀[0m[38;2;247;247;247m[48;2;247;247;247m▀[0m[38;2;247;247;247m[48;2;223;225;225m▀[0m[38;2;71;71;71m[48;2;247;247;247m▀[0m[38;2;0;0;0m[48;2;56;56;56m▀[0m[38;2;0;0;0m[48;2;0;0;0m▀[0m[38;2;0;0;0m[48;2;0;0;0m▀[0m[38;2;0;0;0m[48;2;0;0;0m▀[0m[38;2;0;0;0m[48;2;0;0;0m▀[0m[38;2;0;0;0m[48;2;0;0;1m▀[0m[38;2;0;0;0m[48;2;0;0;0m▀[0m[38;2;0;0;0m[48;2;0;0;0m▀[0m[38;2;0;0;0m[48;2;0;0;0m▀[0m[38;2;2;0;3m[48;2;0;0;0m▀[0m[38;2;136;139;140m[48;2;0;0;0m▀[0m
[38;2;0;1;1m[48;2;0;0;1m▀[0m[38;2;0;0;1m[48;2;0;0;0m▀[0m[38;2;0;0;0m[48;2;0;0;0m▀[0m[38;2;26;25;25m[48;2;72;72;73m▀[0m[38;2;2;0;3m[48;2;21;24;24m▀[0m[38;2;0;0;0m[48;2;0;0;0m▀[0m[38;2;0;0;0m[48;2;0;0;0m▀[0m[38;2;0;0;0m[48;2;0;0;0m▀[0m[38;2;0;0;0m[48;2;40;42;42m▀[0m[38;2;219;217;220m[48;2;247;247;247m▀[0m[38;2;203;202;203m[48;2;181;184;184m▀[0m[38;2;160;160;158m[48;2;161;161;159m▀[0m[38;2;152;155;154m[48;2;158;158;156m▀[0m[38;2;157;157;155m[48;2;158;157;155m▀[0m[38;2;157;157;157m[48;2;158;158;158m▀[0m[38;2;156;156;154m[48;2;160;157;160m▀[0m[38;2;155;155;153m[48;2;160;159;160m▀[0m[38;2;156;156;154m[48;2;161;161;161m▀[0m[38;2;156;156;156m[48;2;161;163;163m▀[0m[38;2;157;160;157m[48;2;161;165;162m▀[0m[38;2;161;162;162m[48;2;183;185;185m▀[0m[38;2;179;179;179m[48;2;22;23;20m▀[0m[38;2;164;163;163m[48;2;108;112;112m▀[0m[38;2;157;157;155m[48;2;188;188;190m▀[0m[38;2;161;165;159m[48;2;168;168;169m▀[0m[38;2;175;178;177m[48;2;188;192;191m▀[0m[38;2;142;146;143m[48;2;130;130;131m▀[0m[38;2;144;142;145m[48;2;128;129;129m▀[0m[38;2;180;183;183m[48;2;201;203;203m▀[0m[38;2;202;204;204m[48;2;229;233;233m▀[0m[38;2;131;133;133m[48;2;114;115;112m▀[0m[38;2;0;0;0m[48;2;0;0;0m▀[0m[38;2;207;206;207m[48;2;212;212;212m▀[0m[38;2;175;176;173m[48;2;179;179;177m▀[0m[38;2;166;171;166m[48;2;181;180;180m▀[0m[38;2;168;170;168m[48;2;208;206;209m▀[0m[38;2;188;187;184m[48;2;228;231;231m▀[0m[38;2;247;247;247m[48;2;129;131;131m▀[0m[38;2;194;195;193m[48;2;0;0;0m▀[0m[38;2;0;0;0m[48;2;0;0;0m▀[0m[38;2;0;0;0m[48;2;0;0;0m▀[0m[38;2;134;141;148m[48;2;0;0;0m▀[0m[38;2;0;0;0m[48;2;0;0;0m▀[0m[38;2;0;0;0m[48;2;0;0;0m▀[0m[38;2;64;75;65m[48;2;17;22;9m▀[0m[38;2;63;84;93m[48;2;44;52;55m▀[0m[38;2;12;11;11m[48;2;9;15;18m▀[0m[38;2;54;57;57m[48;2;0;0;0m▀[0m[38;2;0;0;0m[48;2;0;0;0m▀[0m[38;2;0;0;0m[48;2;0;0;0m▀[0m[38;2;0;0;0m[48;2;0;0;0m▀[0m[38;2;127;134;138m[48;2;177;183;184m▀[0m[38;2;11;13;13m[48;2;0;0;0m▀[0m[38;2;0;0;0m[48;2;0;0;0m▀[0m[38;2;0;0;0m[48;2;0;0;0m▀[0m[38;2;0;0;0m[48;2;0;0;0m▀[0m[38;2;91;93;94m[48;2;96;97;102m▀[0m[38;2;2;0;3m[48;2;8;10;10m▀[0m[38;2;0;0;0m[48;2;0;0;0m▀[0m[38;2;0;0;0m[48;2;31;33;33m▀[0m[38;2;33;36;36m[48;2;19;19;19m▀[0m[38;2;86;94;94m[48;2;79;85;84m▀[0m[38;2;212;215;215m[48;2;164;167;169m▀[0m[38;2;217;219;219m[48;2;227;229;229m▀[0m[38;2;194;194;194m[48;2;171;173;174m▀[0m[38;2;247;247;244m[48;2;212;212;212m▀[0m[38;2;52;52;52m[48;2;232;232;229m▀[0m[38;2;0;0;0m[48;2;0;0;0m▀[0m[38;2;0;0;0m[48;2;0;0;0m▀[0m[38;2;0;0;0m[48;2;0;0;0m▀[0m[38;2;0;0;1m[48;2;0;0;0m▀[0m[38;2;0;0;0m[48;2;0;0;0m▀[0m[38;2;0;0;0m[48;2;0;0;0m▀[0m[38;2;0;0;0m[48;2;0;0;1m▀[0m[38;2;0;0;0m[48;2;0;0;0m▀[0m[38;2;0;0;0m[48;2;0;0;0m▀[0m
[38;2;0;0;0m[48;2;0;0;0m▀[0m[38;2;0;0;0m[48;2;0;0;0m▀[0m[38;2;0;0;0m[48;2;0;0;0m▀[0m[38;2;67;65;68m[48;2;50;48;51m▀[0m[38;2;48;51;51m[48;2;60;60;62m▀[0m[38;2;0;0;0m[48;2;0;0;0m▀[0m[38;2;0;0;0m[48;2;0;0;0m▀[0m[38;2;0;0;0m[48;2;114;116;116m▀[0m[38;2;200;202;202m[48;2;247;247;247m▀[0m[38;2;227;229;231m[48;2;226;228;230m▀[0m[38;2;175;177;177m[48;2;208;210;210m▀[0m[38;2;161;161;161m[48;2;200;199;196m▀[0m[38;2;161;160;158m[48;2;198;197;194m▀[0m[38;2;161;161;158m[48;2;192;191;189m▀[0m[38;2;159;162;160m[48;2;189;191;191m▀[0m[38;2;166;168;169m[48;2;165;167;169m▀[0m[38;2;178;180;180m[48;2;74;76;76m▀[0m[38;2;180;182;182m[48;2;50;52;53m▀[0m[38;2;178;182;182m[48;2;45;47;48m▀[0m[38;2;175;177;179m[48;2;47;51;50m▀[0m[38;2;179;181;182m[48;2;66;66;67m▀[0m[38;2;75;77;75m[48;2;117;121;120m▀[0m[38;2;115;119;120m[48;2;144;146;147m▀[0m[38;2;151;154;155m[48;2;149;152;157m▀[0m[38;2;174;177;179m[48;2;173;176;180m▀[0m[38;2;207;209;210m[48;2;198;201;202m▀[0m[38;2;111;114;114m[48;2;72;71;71m▀[0m[38;2;136;140;141m[48;2;141;144;145m▀[0m[38;2;162;165;167m[48;2;157;160;159m▀[0m[38;2;122;122;122m[48;2;73;80;80m▀[0m[38;2;99;102;99m[48;2;89;92;92m▀[0m[38;2;0;0;0m[48;2;0;0;0m▀[0m[38;2;219;221;221m[48;2;227;230;229m▀[0m[38;2;187;187;185m[48;2;200;199;199m▀[0m[38;2;191;193;193m[48;2;191;189;192m▀[0m[38;2;114;116;116m[48;2;0;0;0m▀[0m[38;2;16;19;19m[48;2;189;192;186m▀[0m[38;2;77;76;76m[48;2;247;247;247m▀[0m[38;2;231;230;230m[48;2;247;247;247m▀[0m[38;2;0;0;0m[48;2;0;0;0m▀[0m[38;2;0;0;0m[48;2;0;0;0m▀[0m[38;2;0;0;0m[48;2;0;0;0m▀[0m[38;2;0;0;0m[48;2;208;211;210m▀[0m[38;2;109;110;107m[48;2;247;247;247m▀[0m[38;2;94;94;96m[48;2;247;247;247m▀[0m[38;2;0;0;0m[48;2;154;157;156m▀[0m[38;2;0;0;0m[48;2;0;0;0m▀[0m[38;2;0;0;0m[48;2;0;0;0m▀[0m[38;2;0;0;0m[48;2;0;0;0m▀[0m[38;2;0;0;0m[48;2;0;0;0m▀[0m[38;2;26;26;27m[48;2;106;108;110m▀[0m[38;2;192;194;195m[48;2;169;169;170m▀[0m[38;2;0;0;0m[48;2;0;0;0m▀[0m[38;2;0;0;0m[48;2;0;0;0m▀[0m[38;2;0;0;0m[48;2;0;0;0m▀[0m[38;2;0;0;0m[48;2;0;0;0m▀[0m[38;2;81;85;88m[48;2;87;89;91m▀[0m[38;2;8;10;10m[48;2;3;5;5m▀[0m[38;2;0;0;0m[48;2;0;0;0m▀[0m[38;2;68;74;78m[48;2;59;63;66m▀[0m[38;2;11;17;16m[48;2;29;31;35m▀[0m[38;2;59;64;64m[48;2;16;19;18m▀[0m[38;2;123;126;126m[48;2;92;95;95m▀[0m[38;2;233;237;234m[48;2;227;231;231m▀[0m[38;2;172;173;170m[48;2;177;179;179m▀[0m[38;2;183;183;183m[48;2;161;161;159m▀[0m[38;2;208;208;205m[48;2;210;210;210m▀[0m[38;2;0;0;0m[48;2;30;30;30m▀[0m[38;2;0;0;0m[48;2;0;0;0m▀[0m[38;2;0;0;0m[48;2;208;209;206m▀[0m[38;2;0;0;0m[48;2;7;5;8m▀[0m[38;2;0;0;0m[48;2;0;0;0m▀[0m[38;2;0;0;0m[48;2;0;0;0m▀[0m[38;2;0;0;0m[48;2;0;0;0m▀[0m[38;2;0;0;0m[48;2;0;0;0m▀[0m[38;2;0;0;0m[48;2;0;0;0m▀[0m
[38;2;0;0;0m[48;2;119;121;119m▀[0m[38;2;0;0;0m[48;2;0;0;0m▀[0m[38;2;0;0;0m[48;2;0;0;0m▀[0m[38;2;27;29;31m[48;2;2;4;4m▀[0m[38;2;54;56;58m[48;2;4;4;6m▀[0m[38;2;0;0;0m[48;2;0;0;0m▀[0m[38;2;57;60;60m[48;2;247;247;247m▀[0m[38;2;247;247;247m[48;2;208;210;210m▀[0m[38;2;161;164;167m[48;2;0;0;0m▀[0m[38;2;128;134;138m[48;2;0;0;0m▀[0m[38;2;112;120;122m[48;2;0;0;0m▀[0m[38;2;107;111;112m[48;2;0;0;0m▀[0m[38;2;110;113;115m[48;2;0;0;0m▀[0m[38;2;114;117;119m[48;2;0;0;0m▀[0m[38;2;134;131;139m[48;2;0;0;0m▀[0m[38;2;180;177;180m[48;2;188;191;192m▀[0m[38;2;166;168;166m[48;2;247;247;247m▀[0m[38;2;154;156;157m[48;2;237;240;242m▀[0m[38;2;168;166;169m[48;2;247;247;247m▀[0m[38;2;177;175;178m[48;2;247;247;247m▀[0m[38;2;188;190;188m[48;2;247;247;247m▀[0m[38;2;201;203;207m[48;2;247;247;247m▀[0m[38;2;217;221;225m[48;2;241;247;247m▀[0m[38;2;215;219;222m[48;2;239;242;246m▀[0m[38;2;111;117;118m[48;2;236;239;240m▀[0m[38;2;108;114;115m[48;2;247;247;247m▀[0m[38;2;15;18;19m[48;2;86;86;87m▀[0m[38;2;110;112;114m[48;2;150;153;155m▀[0m[38;2;222;226;228m[48;2;247;247;247m▀[0m[38;2;247;247;247m[48;2;247;247;247m▀[0m[38;2;37;43;40m[48;2;11;17;16m▀[0m[38;2;16;18;19m[48;2;72;74;75m▀[0m[38;2;247;247;247m[48;2;247;247;247m▀[0m[38;2;226;225;227m[48;2;220;222;224m▀[0m[38;2;247;247;247m[48;2;231;237;240m▀[0m[38;2;152;151;151m[48;2;247;247;247m▀[0m[38;2;0;0;0m[48;2;194;196;198m▀[0m[38;2;0;0;0m[48;2;129;127;129m▀[0m[38;2;0;0;0m[48;2;144;142;145m▀[0m[38;2;0;0;0m[48;2;187;190;192m▀[0m[38;2;7;9;9m[48;2;247;247;247m▀[0m[38;2;228;232;232m[48;2;247;247;247m▀[0m[38;2;247;247;247m[48;2;219;222;222m▀[0m[38;2;218;221;220m[48;2;214;217;217m▀[0m[38;2;231;231;228m[48;2;216;219;220m▀[0m[38;2;247;247;247m[48;2;247;247;247m▀[0m[38;2;47;47;45m[48;2;198;200;200m▀[0m[38;2;0;0;0m[48;2;0;0;0m▀[0m[38;2;0;0;0m[48;2;0;0;0m▀[0m[38;2;0;0;0m[48;2;0;0;0m▀[0m[38;2;206;208;210m[48;2;247;247;247m▀[0m[38;2;110;110;105m[48;2;31;32;29m▀[0m[38;2;0;0;0m[48;2;0;0;0m▀[0m[38;2;0;0;0m[48;2;0;0;0m▀[0m[38;2;0;0;0m[48;2;0;0;0m▀[0m[38;2;0;0;0m[48;2;0;0;0m▀[0m[38;2;138;140;140m[48;2;67;65;68m▀[0m[38;2;67;69;69m[48;2;241;244;244m▀[0m[38;2;0;0;0m[48;2;0;0;0m▀[0m[38;2;12;14;12m[48;2;0;0;0m▀[0m[38;2;64;67;71m[48;2;113;120;127m▀[0m[38;2;0;0;0m[48;2;0;0;0m▀[0m[38;2;97;100;100m[48;2;32;33;33m▀[0m[38;2;218;222;221m[48;2;247;247;247m▀[0m[38;2;192;194;194m[48;2;203;203;204m▀[0m[38;2;162;164;164m[48;2;170;172;170m▀[0m[38;2;165;165;162m[48;2;158;160;158m▀[0m[38;2;199;199;196m[48;2;155;157;155m▀[0m[38;2;213;213;210m[48;2;167;165;163m▀[0m[38;2;247;247;247m[48;2;176;176;174m▀[0m[38;2;247;247;247m[48;2;197;197;197m▀[0m[38;2;133;133;133m[48;2;241;241;235m▀[0m[38;2;0;0;0m[48;2;234;233;231m▀[0m[38;2;0;0;0m[48;2;142;144;142m▀[0m[38;2;0;0;0m[48;2;39;39;37m▀[0m[38;2;0;0;0m[48;2;0;0;0m▀[0m
[38;2;234;235;231m[48;2;0;0;0m▀[0m[38;2;98;99;97m[48;2;208;209;205m▀[0m[38;2;0;0;0m[48;2;32;34;32m▀[0m[38;2;0;0;0m[48;2;0;0;0m▀[0m[38;2;0;0;0m[48;2;0;0;0m▀[0m[38;2;72;76;76m[48;2;182;184;184m▀[0m[38;2;247;247;247m[48;2;247;247;247m▀[0m[38;2;217;219;221m[48;2;226;227;228m▀[0m[38;2;202;204;206m[48;2;226;227;229m▀[0m[38;2;214;218;217m[48;2;247;247;247m▀[0m[38;2;199;201;203m[48;2;128;129;130m▀[0m[38;2;177;179;183m[48;2;0;0;0m▀[0m[38;2;149;156;157m[48;2;0;0;0m▀[0m[38;2;121;128;126m[48;2;0;0;0m▀[0m[38;2;109;117;117m[48;2;0;0;0m▀[0m[38;2;106;112;112m[48;2;0;0;0m▀[0m[38;2;112;116;113m[48;2;0;0;0m▀[0m[38;2;103;105;105m[48;2;0;0;0m▀[0m[38;2;83;85;85m[48;2;0;0;0m▀[0m[38;2;62;61;58m[48;2;0;0;0m▀[0m[38;2;39;39;40m[48;2;0;0;0m▀[0m[38;2;17;19;21m[48;2;0;0;0m▀[0m[38;2;0;0;0m[48;2;0;0;0m▀[0m[38;2;0;0;0m[48;2;0;0;0m▀[0m[38;2;0;0;0m[48;2;0;0;0m▀[0m[38;2;0;0;0m[48;2;5;8;7m▀[0m[38;2;0;0;0m[48;2;76;74;81m▀[0m[38;2;0;0;0m[48;2;0;0;0m▀[0m[38;2;0;0;0m[48;2;0;0;0m▀[0m[38;2;40;44;45m[48;2;52;54;59m▀[0m[38;2;0;1;2m[48;2;0;0;0m▀[0m[38;2;128;129;126m[48;2;115;118;118m▀[0m[38;2;6;8;6m[48;2;78;81;80m▀[0m[38;2;0;0;0m[48;2;0;0;0m▀[0m[38;2;0;0;0m[48;2;0;0;0m▀[0m[38;2;0;0;0m[48;2;0;0;0m▀[0m[38;2;76;82;81m[48;2;0;0;0m▀[0m[38;2;97;101;101m[48;2;25;29;28m▀[0m[38;2;97;99;99m[48;2;58;62;61m▀[0m[38;2;70;72;70m[48;2;65;71;71m▀[0m[38;2;44;44;46m[48;2;87;90;92m▀[0m[38;2;46;48;48m[48;2;102;105;107m▀[0m[38;2;51;53;55m[48;2;127;132;133m▀[0m[38;2;50;50;50m[48;2;160;165;166m▀[0m[38;2;45;47;47m[48;2;177;183;183m▀[0m[38;2;78;82;81m[48;2;167;175;177m▀[0m[38;2;201;207;204m[48;2;157;160;160m▀[0m[38;2;33;37;37m[48;2;36;38;38m▀[0m[38;2;0;0;0m[48;2;0;0;0m▀[0m[38;2;25;28;28m[48;2;22;25;25m▀[0m[38;2;247;247;247m[48;2;247;247;247m▀[0m[38;2;0;0;0m[48;2;39;39;40m▀[0m[38;2;0;0;0m[48;2;0;0;0m▀[0m[38;2;0;0;0m[48;2;0;0;0m▀[0m[38;2;0;0;0m[48;2;0;0;0m▀[0m[38;2;0;0;0m[48;2;0;0;0m▀[0m[38;2;0;0;0m[48;2;0;0;0m▀[0m[38;2;86;89;89m[48;2;0;0;0m▀[0m[38;2;0;0;0m[48;2;0;0;0m▀[0m[38;2;0;0;0m[48;2;0;0;0m▀[0m[38;2;32;29;34m[48;2;0;0;0m▀[0m[38;2;0;0;0m[48;2;115;119;119m▀[0m[38;2;0;0;0m[48;2;0;0;0m▀[0m[38;2;189;193;190m[48;2;0;0;0m▀[0m[38;2;247;247;247m[48;2;141;144;144m▀[0m[38;2;190;192;190m[48;2;247;247;247m▀[0m[38;2;170;172;173m[48;2;204;206;204m▀[0m[38;2;161;162;161m[48;2;175;178;175m▀[0m[38;2;158;158;155m[48;2;167;167;164m▀[0m[38;2;161;161;161m[48;2;164;164;162m▀[0m[38;2;162;162;161m[48;2;164;164;164m▀[0m[38;2;165;168;165m[48;2;169;168;168m▀[0m[38;2;192;193;190m[48;2;173;172;172m▀[0m[38;2;229;230;227m[48;2;176;177;174m▀[0m[38;2;242;244;242m[48;2;185;189;188m▀[0m[38;2;216;218;216m[48;2;201;205;204m▀[0m
[38;2;0;0;0m[48;2;225;226;225m▀[0m[38;2;0;0;0m[48;2;0;0;0m▀[0m[38;2;206;209;209m[48;2;81;87;87m▀[0m[38;2;0;0;0m[48;2;24;26;26m▀[0m[38;2;0;0;0m[48;2;0;0;0m▀[0m[38;2;183;187;187m[48;2;43;46;45m▀[0m[38;2;203;207;208m[48;2;1;3;4m▀[0m[38;2;164;168;167m[48;2;0;0;0m▀[0m[38;2;166;168;169m[48;2;0;0;0m▀[0m[38;2;169;171;171m[48;2;20;22;22m▀[0m[38;2;188;191;190m[48;2;48;50;51m▀[0m[38;2;174;176;176m[48;2;65;67;67m▀[0m[38;2;152;156;157m[48;2;76;76;77m▀[0m[38;2;141;143;144m[48;2;95;97;97m▀[0m[38;2;135;135;137m[48;2;134;134;135m▀[0m[38;2;141;144;152m[48;2;220;222;227m▀[0m[38;2;106;108;110m[48;2;122;120;124m▀[0m[38;2;77;77;74m[48;2;17;17;18m▀[0m[38;2;11;11;12m[48;2;0;0;0m▀[0m[38;2;0;0;0m[48;2;0;0;0m▀[0m[38;2;0;0;0m[48;2;0;0;0m▀[0m[38;2;0;0;0m[48;2;0;0;0m▀[0m[38;2;0;0;0m[48;2;0;0;0m▀[0m[38;2;0;0;0m[48;2;0;0;0m▀[0m[38;2;0;0;0m[48;2;4;7;6m▀[0m[38;2;0;0;0m[48;2;30;32;32m▀[0m[38;2;0;0;0m[48;2;53;51;57m▀[0m[38;2;0;0;0m[48;2;77;79;79m▀[0m[38;2;0;0;0m[48;2;175;181;181m▀[0m[38;2;136;138;143m[48;2;117;119;121m▀[0m[38;2;0;0;0m[48;2;0;0;0m▀[0m[38;2;15;18;18m[48;2;0;0;0m▀[0m[38;2;222;226;220m[48;2;142;143;140m▀[0m[38;2;0;0;0m[48;2;138;138;136m▀[0m[38;2;0;0;0m[48;2;92;96;96m▀[0m[38;2;0;0;0m[48;2;89;96;95m▀[0m[38;2;0;0;0m[48;2;92;97;97m▀[0m[38;2;0;0;0m[48;2;109;113;114m▀[0m[38;2;0;0;0m[48;2;141;150;157m▀[0m[38;2;0;0;0m[48;2;196;202;206m▀[0m[38;2;0;0;0m[48;2;221;226;227m▀[0m[38;2;0;0;0m[48;2;247;247;247m▀[0m[38;2;0;0;0m[48;2;208;215;216m▀[0m[38;2;0;0;0m[48;2;172;180;182m▀[0m[38;2;0;0;0m[48;2;93;101;105m▀[0m[38;2;0;0;0m[48;2;131;140;144m▀[0m[38;2;60;63;64m[48;2;208;222;224m▀[0m[38;2;59;61;61m[48;2;211;218;219m▀[0m[38;2;0;0;0m[48;2;0;0;0m▀[0m[38;2;0;0;0m[48;2;0;0;0m▀[0m[38;2;99;101;101m[48;2;0;0;0m▀[0m[38;2;4;6;6m[48;2;0;0;0m▀[0m[38;2;0;0;0m[48;2;0;0;0m▀[0m[38;2;0;0;0m[48;2;18;20;21m▀[0m[38;2;0;0;0m[48;2;14;16;16m▀[0m[38;2;0;0;0m[48;2;0;0;0m▀[0m[38;2;0;0;0m[48;2;0;0;0m▀[0m[38;2;0;0;0m[48;2;0;0;0m▀[0m[38;2;0;0;0m[48;2;1;1;1m▀[0m[38;2;0;0;0m[48;2;0;0;0m▀[0m[38;2;0;0;0m[48;2;0;0;0m▀[0m[38;2;141;144;146m[48;2;33;36;38m▀[0m[38;2;0;0;0m[48;2;144;147;151m▀[0m[38;2;0;0;0m[48;2;0;0;0m▀[0m[38;2;0;0;0m[48;2;0;0;0m▀[0m[38;2;64;66;66m[48;2;0;0;0m▀[0m[38;2;247;247;247m[48;2;13;16;18m▀[0m[38;2;225;225;225m[48;2;244;247;247m▀[0m[38;2;200;200;202m[48;2;242;240;243m▀[0m[38;2;194;197;197m[48;2;224;226;226m▀[0m[38;2;195;195;195m[48;2;226;227;229m▀[0m[38;2;198;196;199m[48;2;218;220;220m▀[0m[38;2;194;196;196m[48;2;216;220;220m▀[0m[38;2;191;193;193m[48;2;217;217;219m▀[0m[38;2;188;191;190m[48;2;217;221;221m▀[0m[38;2;186;188;188m[48;2;217;221;221m▀[0m
[38;2;247;247;247m[48;2;247;247;247m▀[0m[38;2;62;61;62m[48;2;247;247;247m▀[0m[38;2;0;0;0m[48;2;0;0;0m▀[0m[38;2;0;0;0m[48;2;0;0;0m▀[0m[38;2;0;0;0m[48;2;0;0;0m▀[0m[38;2;247;247;247m[48;2;247;247;247m▀[0m[38;2;247;247;247m[48;2;185;189;190m▀[0m[38;2;247;247;247m[48;2;155;157;158m▀[0m[38;2;247;247;247m[48;2;134;136;137m▀[0m[38;2;247;247;247m[48;2;121;124;124m▀[0m[38;2;247;247;247m[48;2;128;131;131m▀[0m[38;2;247;247;247m[48;2;144;147;149m▀[0m[38;2;247;247;247m[48;2;168;171;171m▀[0m[38;2;247;247;247m[48;2;199;203;203m▀[0m[38;2;245;247;247m[48;2;220;222;224m▀[0m[38;2;229;232;233m[48;2;220;224;227m▀[0m[38;2;227;229;230m[48;2;191;193;194m▀[0m[38;2;247;247;247m[48;2;148;150;152m▀[0m[38;2;247;247;247m[48;2;109;111;113m▀[0m[38;2;241;243;241m[48;2;82;81;82m▀[0m[38;2;247;247;247m[48;2;42;40;44m▀[0m[38;2;43;45;46m[48;2;0;0;0m▀[0m[38;2;71;70;68m[48;2;0;0;0m▀[0m[38;2;224;227;224m[48;2;2;4;2m▀[0m[38;2;109;112;111m[48;2;51;53;54m▀[0m[38;2;73;75;77m[48;2;0;0;0m▀[0m[38;2;106;110;109m[48;2;0;0;0m▀[0m[38;2;78;81;80m[48;2;0;0;0m▀[0m[38;2;43;42;42m[48;2;0;0;0m▀[0m[38;2;0;0;0m[48;2;0;0;0m▀[0m[38;2;0;0;0m[48;2;0;0;0m▀[0m[38;2;0;0;0m[48;2;0;0;0m▀[0m[38;2;0;0;0m[48;2;0;0;0m▀[0m[38;2;0;0;0m[48;2;0;0;0m▀[0m[38;2;0;0;0m[48;2;0;0;0m▀[0m[38;2;1;4;3m[48;2;0;0;0m▀[0m[38;2;6;9;9m[48;2;0;0;0m▀[0m[38;2;17;19;17m[48;2;0;0;0m▀[0m[38;2;10;14;13m[48;2;0;0;0m▀[0m[38;2;68;74;74m[48;2;0;0;0m▀[0m[38;2;247;247;247m[48;2;39;39;39m▀[0m[38;2;247;247;247m[48;2;80;83;84m▀[0m[38;2;223;229;229m[48;2;54;56;58m▀[0m[38;2;186;192;189m[48;2;3;6;6m▀[0m[38;2;168;176;172m[48;2;0;0;0m▀[0m[38;2;142;149;148m[48;2;0;0;0m▀[0m[38;2;122;126;126m[48;2;0;0;0m▀[0m[38;2;199;203;199m[48;2;0;0;0m▀[0m[38;2;141;142;139m[48;2;150;150;147m▀[0m[38;2;0;0;0m[48;2;0;0;0m▀[0m[38;2;0;0;0m[48;2;0;0;0m▀[0m[38;2;0;0;0m[48;2;0;0;0m▀[0m[38;2;3;1;4m[48;2;46;49;50m▀[0m[38;2;151;153;155m[48;2;44;46;48m▀[0m[38;2;65;67;67m[48;2;66;65;65m▀[0m[38;2;0;0;0m[48;2;32;34;33m▀[0m[38;2;0;0;0m[48;2;0;0;0m▀[0m[38;2;0;0;0m[48;2;0;0;0m▀[0m[38;2;112;112;112m[48;2;11;11;11m▀[0m[38;2;21;23;23m[48;2;165;168;165m▀[0m[38;2;0;0;0m[48;2;0;0;0m▀[0m[38;2;0;0;0m[48;2;0;0;0m▀[0m[38;2;81;83;85m[48;2;0;0;0m▀[0m[38;2;129;136;139m[48;2;98;102;105m▀[0m[38;2;0;0;0m[48;2;105;111;112m▀[0m[38;2;0;0;0m[48;2;0;0;0m▀[0m[38;2;0;0;0m[48;2;0;0;0m▀[0m[38;2;103;106;110m[48;2;120;123;124m▀[0m[38;2;0;0;0m[48;2;17;16;16m▀[0m[38;2;0;0;0m[48;2;28;28;28m▀[0m[38;2;0;0;0m[48;2;40;43;42m▀[0m[38;2;0;0;0m[48;2;60;62;62m▀[0m[38;2;0;0;0m[48;2;35;42;37m▀[0m[38;2;0;0;0m[48;2;32;35;35m▀[0m[38;2;8;12;9m[48;2;85;89;89m▀[0m[38;2;85;92;92m[48;2;136;143;143m▀[0m
[38;2;237;236;237m[48;2;247;247;247m▀[0m[38;2;247;247;247m[48;2;247;247;247m▀[0m[38;2;116;118;118m[48;2;247;247;247m▀[0m[38;2;0;0;0m[48;2;0;0;0m▀[0m[38;2;0;0;0m[48;2;0;0;0m▀[0m[38;2;62;65;68m[48;2;171;175;178m▀[0m[38;2;0;0;0m[48;2;205;211;216m▀[0m[38;2;0;0;0m[48;2;220;226;227m▀[0m[38;2;0;0;0m[48;2;232;235;236m▀[0m[38;2;0;0;0m[48;2;221;225;226m▀[0m[38;2;8;8;9m[48;2;208;215;216m▀[0m[38;2;13;16;16m[48;2;192;198;199m▀[0m[38;2;0;0;0m[48;2;80;84;85m▀[0m[38;2;0;0;0m[48;2;0;0;0m▀[0m[38;2;0;0;0m[48;2;0;0;0m▀[0m[38;2;0;0;0m[48;2;0;0;0m▀[0m[38;2;0;0;0m[48;2;9;13;17m▀[0m[38;2;10;14;17m[48;2;95;101;101m▀[0m[38;2;29;31;31m[48;2;117;123;126m▀[0m[38;2;34;36;38m[48;2;119;123;127m▀[0m[38;2;46;50;51m[48;2;124;128;130m▀[0m[38;2;82;89;90m[48;2;134;137;139m▀[0m[38;2;113;116;115m[48;2;169;173;172m▀[0m[38;2;185;189;193m[48;2;198;205;206m▀[0m[38;2;201;208;215m[48;2;26;30;29m▀[0m[38;2;0;0;0m[48;2;0;0;0m▀[0m[38;2;0;0;0m[48;2;0;0;0m▀[0m[38;2;0;0;0m[48;2;0;0;0m▀[0m[38;2;0;0;0m[48;2;0;0;0m▀[0m[38;2;0;0;0m[48;2;0;0;0m▀[0m[38;2;0;0;0m[48;2;0;0;0m▀[0m[38;2;0;0;1m[48;2;0;0;1m▀[0m[38;2;0;1;1m[48;2;0;0;1m▀[0m[38;2;0;1;1m[48;2;0;0;0m▀[0m[38;2;0;0;0m[48;2;0;0;0m▀[0m[38;2;0;0;0m[48;2;0;0;0m▀[0m[38;2;0;0;0m[48;2;0;0;0m▀[0m[38;2;0;0;0m[48;2;0;0;0m▀[0m[38;2;0;0;0m[48;2;0;0;0m▀[0m[38;2;0;0;0m[48;2;0;0;0m▀[0m[38;2;0;0;0m[48;2;0;0;0m▀[0m[38;2;0;0;0m[48;2;0;0;0m▀[0m[38;2;0;0;0m[48;2;0;0;0m▀[0m[38;2;0;0;0m[48;2;0;0;0m▀[0m[38;2;0;0;0m[48;2;0;0;0m▀[0m[38;2;0;0;0m[48;2;0;0;0m▀[0m[38;2;0;0;0m[48;2;0;0;0m▀[0m[38;2;0;0;0m[48;2;0;0;0m▀[0m[38;2;102;105;105m[48;2;33;40;43m▀[0m[38;2;32;32;34m[48;2;64;65;69m▀[0m[38;2;0;0;0m[48;2;0;0;0m▀[0m[38;2;0;0;0m[48;2;0;0;0m▀[0m[38;2;29;29;30m[48;2;0;0;0m▀[0m[38;2;44;50;51m[48;2;49;64;65m▀[0m[38;2;0;0;0m[48;2;0;0;0m▀[0m[38;2;159;161;161m[48;2;89;97;98m▀[0m[38;2;0;0;0m[48;2;49;55;55m▀[0m[38;2;0;0;0m[48;2;124;130;139m▀[0m[38;2;0;0;0m[48;2;247;247;247m▀[0m[38;2;110;110;107m[48;2;4;8;11m▀[0m[38;2;102;103;100m[48;2;78;89;86m▀[0m[38;2;0;0;0m[48;2;46;59;59m▀[0m[38;2;0;0;0m[48;2;0;0;0m▀[0m[38;2;0;0;0m[48;2;0;0;0m▀[0m[38;2;135;139;143m[48;2;64;67;68m▀[0m[38;2;32;34;35m[48;2;83;87;87m▀[0m[38;2;0;0;0m[48;2;0;0;0m▀[0m[38;2;94;94;97m[48;2;111;114;118m▀[0m[38;2;0;0;0m[48;2;0;0;0m▀[0m[38;2;0;0;0m[48;2;0;0;0m▀[0m[38;2;0;0;0m[48;2;0;0;0m▀[0m[38;2;0;0;0m[48;2;0;0;0m▀[0m[38;2;0;0;0m[48;2;0;0;0m▀[0m[38;2;0;0;0m[48;2;0;0;0m▀[0m[38;2;0;0;0m[48;2;0;0;0m▀[0m[38;2;0;0;0m[48;2;0;0;0m▀[0m
[38;2;214;216;216m[48;2;0;0;0m▀[0m[38;2;202;206;206m[48;2;17;19;19m▀[0m[38;2;247;247;247m[48;2;178;178;179m▀[0m[38;2;162;165;165m[48;2;247;247;247m▀[0m[38;2;0;0;0m[48;2;0;0;0m▀[0m[38;2;107;109;111m[48;2;67;69;70m▀[0m[38;2;0;0;0m[48;2;15;13;16m▀[0m[38;2;0;0;0m[48;2;0;0;0m▀[0m[38;2;45;51;48m[48;2;0;0;0m▀[0m[38;2;113;119;116m[48;2;0;0;0m▀[0m[38;2;139;143;140m[48;2;0;0;0m▀[0m[38;2;171;177;176m[48;2;0;0;0m▀[0m[38;2;46;53;49m[48;2;0;0;0m▀[0m[38;2;102;113;113m[48;2;0;0;0m▀[0m[38;2;129;139;141m[48;2;0;0;0m▀[0m[38;2;156;162;163m[48;2;0;0;0m▀[0m[38;2;78;82;86m[48;2;0;0;0m▀[0m[38;2;0;0;0m[48;2;0;0;0m▀[0m[38;2;0;0;0m[48;2;0;0;0m▀[0m[38;2;0;0;0m[48;2;0;0;0m▀[0m[38;2;0;0;0m[48;2;0;0;0m▀[0m[38;2;0;0;0m[48;2;0;0;0m▀[0m[38;2;0;0;0m[48;2;0;0;0m▀[0m[38;2;0;0;0m[48;2;0;0;0m▀[0m[38;2;0;0;0m[48;2;0;0;0m▀[0m[38;2;0;0;0m[48;2;0;0;0m▀[0m[38;2;0;0;0m[48;2;0;0;0m▀[0m[38;2;0;1;1m[48;2;7;6;6m▀[0m[38;2;0;0;0m[48;2;0;2;2m▀[0m[38;2;0;0;0m[48;2;0;0;0m▀[0m[38;2;0;0;0m[48;2;0;0;0m▀[0m[38;2;0;0;1m[48;2;0;0;0m▀[0m[38;2;1;0;1m[48;2;1;0;0m▀[0m[38;2;0;0;0m[48;2;0;0;0m▀[0m[38;2;64;0;0m[48;2;77;0;0m▀[0m[38;2;117;2;0m[48;2;209;1;0m▀[0m[38;2;0;0;1m[48;2;0;2;2m▀[0m[38;2;0;0;0m[48;2;0;0;0m▀[0m[38;2;0;0;0m[48;2;0;0;0m▀[0m[38;2;0;0;0m[48;2;0;0;0m▀[0m[38;2;0;0;0m[48;2;0;0;0m▀[0m[38;2;2;1;1m[48;2;0;0;0m▀[0m[38;2;73;9;6m[48;2;2;2;2m▀[0m[38;2;0;0;0m[48;2;0;0;0m▀[0m[38;2;0;0;1m[48;2;0;0;0m▀[0m[38;2;247;6;0m[48;2;90;0;0m▀[0m[38;2;247;0;0m[48;2;45;0;0m▀[0m[38;2;0;0;0m[48;2;0;0;0m▀[0m[38;2;0;1;1m[48;2;0;0;0m▀[0m[38;2;84;91;91m[48;2;91;103;101m▀[0m[38;2;0;0;0m[48;2;0;0;0m▀[0m[38;2;64;76;83m[48;2;247;247;247m▀[0m[38;2;64;81;89m[48;2;247;247;247m▀[0m[38;2;42;70;74m[48;2;150;168;172m▀[0m[38;2;0;0;0m[48;2;247;0;0m▀[0m[38;2;0;0;0m[48;2;100;0;0m▀[0m[38;2;147;182;185m[48;2;0;63;71m▀[0m[38;2;80;100;112m[48;2;23;66;72m▀[0m[38;2;0;0;1m[48;2;0;0;0m▀[0m[38;2;0;0;0m[48;2;0;0;0m▀[0m[38;2;43;36;32m[48;2;70;0;0m▀[0m[38;2;20;34;32m[48;2;247;18;6m▀[0m[38;2;0;0;0m[48;2;0;0;0m▀[0m[38;2;0;0;0m[48;2;0;0;0m▀[0m[38;2;0;0;0m[48;2;0;0;0m▀[0m[38;2;130;133;133m[48;2;106;112;112m▀[0m[38;2;0;0;0m[48;2;0;0;0m▀[0m[38;2;142;144;145m[48;2;132;134;135m▀[0m[38;2;0;0;0m[48;2;70;70;72m▀[0m[38;2;0;0;0m[48;2;0;0;0m▀[0m[38;2;0;0;0m[48;2;0;0;0m▀[0m[38;2;0;0;0m[48;2;0;0;0m▀[0m[38;2;0;0;1m[48;2;0;0;0m▀[0m[38;2;0;0;0m[48;2;0;0;0m▀[0m[38;2;0;0;0m[48;2;0;0;0m▀[0m[38;2;0;0;0m[48;2;0;0;0m▀[0m
[38;2;129;131;131m[48;2;234;236;236m▀[0m[38;2;172;172;172m[48;2;235;235;236m▀[0m[38;2;205;204;204m[48;2;244;246;246m▀[0m[38;2;247;247;247m[48;2;247;247;247m▀[0m[38;2;35;34;34m[48;2;169;171;171m▀[0m[38;2;7;7;9m[48;2;0;0;0m▀[0m[38;2;67;70;70m[48;2;96;98;100m▀[0m[38;2;0;0;0m[48;2;0;0;0m▀[0m[38;2;0;0;0m[48;2;0;0;0m▀[0m[38;2;0;0;0m[48;2;0;0;0m▀[0m[38;2;0;0;0m[48;2;0;0;0m▀[0m[38;2;0;0;0m[48;2;0;0;0m▀[0m[38;2;0;0;0m[48;2;0;0;0m▀[0m[38;2;0;0;0m[48;2;0;0;0m▀[0m[38;2;0;0;0m[48;2;0;0;0m▀[0m[38;2;0;0;0m[48;2;0;0;0m▀[0m[38;2;0;0;0m[48;2;0;0;0m▀[0m[38;2;0;0;0m[48;2;0;0;0m▀[0m[38;2;0;0;0m[48;2;0;0;1m▀[0m[38;2;0;0;0m[48;2;0;0;0m▀[0m[38;2;0;0;0m[48;2;0;0;0m▀[0m[38;2;0;0;0m[48;2;0;0;0m▀[0m[38;2;0;0;0m[48;2;0;0;0m▀[0m[38;2;0;0;0m[48;2;0;0;1m▀[0m[38;2;0;1;1m[48;2;0;1;1m▀[0m[38;2;0;0;0m[48;2;0;0;0m▀[0m[38;2;0;0;0m[48;2;0;0;0m▀[0m[38;2;0;0;0m[48;2;0;0;0m▀[0m[38;2;0;0;0m[48;2;0;0;0m▀[0m[38;2;0;0;0m[48;2;0;0;0m▀[0m[38;2;0;0;0m[48;2;0;0;0m▀[0m[38;2;0;0;0m[48;2;0;0;0m▀[0m[38;2;0;0;0m[48;2;0;0;0m▀[0m[38;2;0;0;0m[48;2;0;0;0m▀[0m[38;2;0;0;0m[48;2;0;0;0m▀[0m[38;2;0;0;0m[48;2;0;0;0m▀[0m[38;2;0;0;0m[48;2;30;0;0m▀[0m[38;2;0;0;1m[48;2;247;0;0m▀[0m[38;2;0;0;0m[48;2;75;0;0m▀[0m[38;2;0;0;0m[48;2;0;0;1m▀[0m[38;2;0;0;0m[48;2;0;0;0m▀[0m[38;2;0;0;0m[48;2;0;0;0m▀[0m[38;2;0;0;0m[48;2;0;0;0m▀[0m[38;2;0;0;0m[48;2;0;0;0m▀[0m[38;2;0;0;0m[48;2;0;0;0m▀[0m[38;2;0;0;0m[48;2;0;0;0m▀[0m[38;2;0;0;0m[48;2;0;0;0m▀[0m[38;2;0;0;0m[48;2;0;0;5m▀[0m[38;2;0;0;0m[48;2;0;0;0m▀[0m[38;2;84;97;97m[48;2;0;78;88m▀[0m[38;2;35;48;48m[48;2;11;45;47m▀[0m[38;2;230;237;237m[48;2;0;0;0m▀[0m[38;2;164;198;197m[48;2;0;0;0m▀[0m[38;2;90;138;145m[48;2;0;0;0m▀[0m[38;2;247;0;0m[48;2;247;0;0m▀[0m[38;2;247;0;0m[48;2;247;0;0m▀[0m[38;2;200;0;0m[48;2;247;0;0m▀[0m[38;2;57;150;154m[48;2;161;106;106m▀[0m[38;2;0;0;0m[48;2;0;70;72m▀[0m[38;2;0;0;0m[48;2;0;0;0m▀[0m[38;2;0;0;0m[48;2;0;0;0m▀[0m[38;2;247;0;0m[48;2;192;0;0m▀[0m[38;2;101;0;0m[48;2;247;0;0m▀[0m[38;2;0;0;0m[48;2;0;0;1m▀[0m[38;2;0;0;0m[48;2;0;0;0m▀[0m[38;2;17;25;27m[48;2;0;0;0m▀[0m[38;2;56;60;61m[48;2;87;106;106m▀[0m[38;2;0;0;0m[48;2;51;87;91m▀[0m[38;2;190;193;196m[48;2;50;111;125m▀[0m[38;2;0;0;0m[48;2;0;0;0m▀[0m[38;2;0;0;0m[48;2;0;0;0m▀[0m[38;2;0;0;0m[48;2;0;0;0m▀[0m[38;2;0;0;0m[48;2;0;0;0m▀[0m[38;2;0;0;0m[48;2;82;0;0m▀[0m[38;2;0;0;0m[48;2;216;0;0m▀[0m[38;2;0;0;0m[48;2;0;2;2m▀[0m
[38;2;247;247;247m[48;2;0;0;0m▀[0m[38;2;247;247;247m[48;2;0;0;0m▀[0m[38;2;242;244;244m[48;2;229;232;232m▀[0m[38;2;247;247;247m[48;2;247;247;247m▀[0m[38;2;190;194;193m[48;2;0;0;0m▀[0m[38;2;0;0;0m[48;2;118;117;118m▀[0m[38;2;124;127;129m[48;2;69;69;70m▀[0m[38;2;0;0;0m[48;2;0;0;0m▀[0m[38;2;0;0;0m[48;2;0;0;0m▀[0m[38;2;0;0;0m[48;2;0;0;0m▀[0m[38;2;0;0;1m[48;2;0;1;1m▀[0m[38;2;0;1;1m[48;2;0;1;1m▀[0m[38;2;0;1;1m[48;2;0;1;1m▀[0m[38;2;0;0;1m[48;2;0;0;0m▀[0m[38;2;0;0;0m[48;2;0;0;0m▀[0m[38;2;0;0;0m[48;2;0;0;0m▀[0m[38;2;0;0;0m[48;2;0;0;0m▀[0m[38;2;0;0;0m[48;2;0;0;0m▀[0m[38;2;0;0;0m[48;2;0;0;1m▀[0m[38;2;0;0;0m[48;2;0;1;0m▀[0m[38;2;0;0;0m[48;2;0;0;0m▀[0m[38;2;0;0;0m[48;2;28;1;0m▀[0m[38;2;0;0;0m[48;2;21;2;1m▀[0m[38;2;0;0;1m[48;2;0;0;1m▀[0m[38;2;0;1;1m[48;2;0;1;1m▀[0m[38;2;0;0;0m[48;2;0;0;1m▀[0m[38;2;0;0;0m[48;2;0;0;1m▀[0m[38;2;0;0;0m[48;2;0;0;1m▀[0m[38;2;0;0;0m[48;2;0;0;3m▀[0m[38;2;0;0;0m[48;2;0;1;2m▀[0m[38;2;0;0;0m[48;2;0;1;2m▀[0m[38;2;0;0;0m[48;2;0;0;1m▀[0m[38;2;0;0;0m[48;2;0;0;1m▀[0m[38;2;0;0;0m[48;2;0;0;0m▀[0m[38;2;0;0;0m[48;2;0;0;0m▀[0m[38;2;0;0;0m[48;2;0;0;0m▀[0m[38;2;0;0;0m[48;2;0;0;0m▀[0m[38;2;64;0;0m[48;2;0;0;3m▀[0m[38;2;98;0;1m[48;2;40;5;0m▀[0m[38;2;127;0;0m[48;2;247;0;0m▀[0m[38;2;97;0;0m[48;2;247;0;0m▀[0m[38;2;39;4;2m[48;2;247;0;0m▀[0m[38;2;25;4;4m[48;2;247;0;0m▀[0m[38;2;0;4;3m[48;2;247;0;0m▀[0m[38;2;0;1;3m[48;2;247;0;0m▀[0m[38;2;0;0;4m[48;2;247;0;0m▀[0m[38;2;0;3;4m[48;2;247;0;0m▀[0m[38;2;42;1;1m[48;2;247;0;0m▀[0m[38;2;129;0;0m[48;2;247;0;0m▀[0m[38;2;247;44;36m[48;2;247;6;0m▀[0m[38;2;31;78;89m[48;2;108;100;107m▀[0m[38;2;0;0;0m[48;2;0;0;0m▀[0m[38;2;0;0;0m[48;2;0;0;0m▀[0m[38;2;0;0;0m[48;2;0;0;0m▀[0m[38;2;247;0;0m[48;2;187;0;0m▀[0m[38;2;247;0;0m[48;2;247;0;0m▀[0m[38;2;247;0;0m[48;2;247;0;0m▀[0m[38;2;247;6;0m[48;2;247;0;0m▀[0m[38;2;38;161;168m[48;2;111;132;141m▀[0m[38;2;0;0;0m[48;2;0;39;45m▀[0m[38;2;0;0;0m[48;2;0;0;0m▀[0m[38;2;0;1;5m[48;2;0;0;0m▀[0m[38;2;247;0;0m[48;2;186;0;0m▀[0m[38;2;211;0;0m[48;2;247;0;0m▀[0m[38;2;0;0;0m[48;2;28;0;2m▀[0m[38;2;0;0;0m[48;2;0;0;0m▀[0m[38;2;0;8;12m[48;2;0;0;0m▀[0m[38;2;130;87;84m[48;2;0;0;0m▀[0m[38;2;73;0;0m[48;2;247;0;0m▀[0m[38;2;0;0;0m[48;2;247;0;0m▀[0m[38;2;0;0;0m[48;2;247;0;0m▀[0m[38;2;0;0;1m[48;2;247;0;0m▀[0m[38;2;0;0;1m[48;2;231;0;0m▀[0m[38;2;0;0;4m[48;2;191;0;0m▀[0m[38;2;77;0;0m[48;2;90;2;0m▀[0m[38;2;0;0;1m[48;2;110;5;0m▀[0m
[38;2;97;98;98m[48;2;247;247;247m▀[0m[38;2;1;3;1m[48;2;247;247;247m▀[0m[38;2;247;247;247m[48;2;187;189;190m▀[0m[38;2;36;39;39m[48;2;3;1;4m▀[0m[38;2;62;61;62m[48;2;89;91;89m▀[0m[38;2;129;130;131m[48;2;0;0;0m▀[0m[38;2;0;0;0m[48;2;0;0;0m▀[0m[38;2;0;0;0m[48;2;0;0;0m▀[0m[38;2;0;0;0m[48;2;0;0;0m▀[0m[38;2;0;0;1m[48;2;0;1;1m▀[0m[38;2;0;1;1m[48;2;0;1;1m▀[0m[38;2;0;0;1m[48;2;0;1;1m▀[0m[38;2;0;1;1m[48;2;0;1;1m▀[0m[38;2;1;1;1m[48;2;1;1;1m▀[0m[38;2;0;0;0m[48;2;0;0;0m▀[0m[38;2;4;0;0m[48;2;37;6;0m▀[0m[38;2;3;0;0m[48;2;27;0;0m▀[0m[38;2;0;0;0m[48;2;0;0;0m▀[0m[38;2;0;0;0m[48;2;0;0;0m▀[0m[38;2;0;0;0m[48;2;236;20;0m▀[0m[38;2;0;0;0m[48;2;14;3;1m▀[0m[38;2;185;16;0m[48;2;0;0;0m▀[0m[38;2;142;6;0m[48;2;0;0;1m▀[0m[38;2;100;0;0m[48;2;0;1;1m▀[0m[38;2;123;2;0m[48;2;0;1;2m▀[0m[38;2;152;0;0m[48;2;0;2;2m▀[0m[38;2;16;1;3m[48;2;0;0;2m▀[0m[38;2;139;3;0m[48;2;22;0;0m▀[0m[38;2;247;2;0m[48;2;115;0;0m▀[0m[38;2;247;0;0m[48;2;109;0;0m▀[0m[38;2;247;0;0m[48;2;96;0;0m▀[0m[38;2;247;0;0m[48;2;102;0;0m▀[0m[38;2;201;5;0m[48;2;104;0;0m▀[0m[38;2;148;5;0m[48;2;98;1;0m▀[0m[38;2;127;3;0m[48;2;107;1;0m▀[0m[38;2;110;7;0m[48;2;207;0;0m▀[0m[38;2;53;5;0m[48;2;247;6;0m▀[0m[38;2;83;0;0m[48;2;247;0;0m▀[0m[38;2;247;0;0m[48;2;247;0;0m▀[0m[38;2;247;0;0m[48;2;247;0;0m▀[0m[38;2;247;0;0m[48;2;247;0;0m▀[0m[38;2;247;0;0m[48;2;247;0;0m▀[0m[38;2;247;0;0m[48;2;247;0;0m▀[0m[38;2;247;0;0m[48;2;247;0;0m▀[0m[38;2;247;0;0m[48;2;247;0;0m▀[0m[38;2;247;0;0m[48;2;247;0;0m▀[0m[38;2;247;0;0m[48;2;247;0;0m▀[0m[38;2;247;0;0m[48;2;247;0;0m▀[0m[38;2;247;0;0m[48;2;247;0;0m▀[0m[38;2;247;0;0m[48;2;247;0;0m▀[0m[38;2;247;61;60m[48;2;247;0;0m▀[0m[38;2;0;0;0m[48;2;0;2;8m▀[0m[38;2;0;0;0m[48;2;201;247;247m▀[0m[38;2;0;2;8m[48;2;247;247;247m▀[0m[38;2;10;0;0m[48;2;0;9;16m▀[0m[38;2;247;0;0m[48;2;247;0;0m▀[0m[38;2;247;0;0m[48;2;247;0;0m▀[0m[38;2;247;0;0m[48;2;247;0;0m▀[0m[38;2;247;23;8m[48;2;247;0;0m▀[0m[38;2;0;87;97m[48;2;90;7;0m▀[0m[38;2;0;0;0m[48;2;0;0;0m▀[0m[38;2;0;0;0m[48;2;0;0;0m▀[0m[38;2;0;0;3m[48;2;0;0;1m▀[0m[38;2;247;0;0m[48;2;0;4;4m▀[0m[38;2;247;0;0m[48;2;247;0;0m▀[0m[38;2;48;0;0m[48;2;247;0;0m▀[0m[38;2;0;0;4m[48;2;247;0;0m▀[0m[38;2;0;0;6m[48;2;247;0;0m▀[0m[38;2;247;0;0m[48;2;247;0;0m▀[0m[38;2;247;0;0m[48;2;247;0;0m▀[0m[38;2;247;0;0m[48;2;247;0;0m▀[0m[38;2;247;0;0m[48;2;247;0;0m▀[0m[38;2;247;0;0m[48;2;247;0;0m▀[0m[38;2;247;0;0m[48;2;225;0;0m▀[0m[38;2;247;0;0m[48;2;0;0;5m▀[0m[38;2;247;0;0m[48;2;0;0;3m▀[0m
