[38;2;200;195;182m[48;2;201;195;183m▀[0m[38;2;200;195;185m[48;2;200;196;184m▀[0m[38;2;201;194;184m[48;2;201;194;184m▀[0m[38;2;200;195;183m[48;2;200;196;183m▀[0m[38;2;200;196;186m[48;2;201;195;183m▀[0m[38;2;201;196;184m[48;2;201;195;183m▀[0m[38;2;201;196;184m[48;2;200;195;183m▀[0m[38;2;201;196;184m[48;2;200;195;183m▀[0m[38;2;201;196;183m[48;2;201;195;183m▀[0m[38;2;200;195;183m[48;2;200;194;183m▀[0m[38;2;200;195;185m[48;2;199;194;182m▀[0m[38;2;200;194;182m[48;2;199;194;182m▀[0m[38;2;199;194;182m[48;2;200;194;183m▀[0m[38;2;200;195;183m[48;2;200;195;183m▀[0m[38;2;199;194;182m[48;2;200;195;183m▀[0m[38;2;199;194;182m[48;2;200;195;185m▀[0m[38;2;200;195;183m[48;2;200;195;185m▀[0m[38;2;200;195;183m[48;2;200;195;185m▀[0m[38;2;200;195;185m[48;2;200;196;186m▀[0m[38;2;200;195;185m[48;2;199;195;185m▀[0m[38;2;200;195;183m[48;2;201;196;184m▀[0m[38;2;201;194;184m[48;2;201;196;184m▀[0m[38;2;201;194;184m[48;2;201;194;184m▀[0m[38;2;200;195;185m[48;2;200;195;185m▀[0m[38;2;200;195;185m[48;2;199;194;182m▀[0m[38;2;200;195;185m[48;2;199;194;184m▀[0m[38;2;200;195;185m[48;2;199;194;184m▀[0m[38;2;201;194;184m[48;2;198;194;184m▀[0m[38;2;200;195;183m[48;2;199;194;182m▀[0m[38;2;199;194;182m[48;2;198;194;181m▀[0m[38;2;199;194;182m[48;2;198;194;181m▀[0m[38;2;199;194;182m[48;2;199;193;182m▀[0m[38;2;198;194;182m[48;2;199;194;184m▀[0m[38;2;201;196;186m[48;2;202;197;187m▀[0m[38;2;218;211;200m[48;2;211;204;196m▀[0m[38;2;247;245;229m[48;2;247;247;241m▀[0m[38;2;0;3;4m[48;2;37;41;42m▀[0m[38;2;0;0;0m[48;2;0;0;0m▀[0m[38;2;223;221;216m[48;2;169;169;164m▀[0m[38;2;113;126;124m[48;2;192;191;182m▀[0m[38;2;0;0;0m[48;2;35;59;58m▀[0m[38;2;223;0;0m[48;2;0;0;0m▀[0m[38;2;31;0;0m[48;2;125;0;0m▀[0m[38;2;0;0;0m[48;2;0;0;0m▀[0m[38;2;9;20;26m[48;2;0;0;0m▀[0m[38;2;93;110;118m[48;2;6;12;13m▀[0m[38;2;12;14;18m[48;2;76;88;95m▀[0m[38;2;0;0;0m[48;2;40;46;51m▀[0m[38;2;0;0;0m[48;2;0;0;0m▀[0m[38;2;0;0;0m[48;2;0;0;0m▀[0m[38;2;0;0;0m[48;2;0;0;0m▀[0m[38;2;37;39;44m[48;2;0;0;0m▀[0m[38;2;49;51;55m[48;2;0;0;0m▀[0m[38;2;161;161;161m[48;2;0;0;0m▀[0m[38;2;247;247;247m[48;2;0;0;0m▀[0m[38;2;239;236;238m[48;2;189;189;191m▀[0m[38;2;0;0;0m[48;2;76;73;77m▀[0m[38;2;0;0;0m[48;2;17;17;15m▀[0m[38;2;38;44;43m[48;2;122;122;123m▀[0m[38;2;247;247;247m[48;2;78;78;79m▀[0m[38;2;64;64;64m[48;2;95;92;95m▀[0m[38;2;0;0;0m[48;2;0;0;0m▀[0m[38;2;0;0;0m[48;2;26;23;26m▀[0m[38;2;0;0;0m[48;2;0;0;0m▀[0m[38;2;0;0;0m[48;2;4;2;6m▀[0m[38;2;0;0;0m[48;2;61;63;64m▀[0m[38;2;0;0;0m[48;2;0;0;0m▀[0m[38;2;0;0;0m[48;2;0;0;0m▀[0m[38;2;0;0;0m[48;2;0;0;0m▀[0m[38;2;0;0;0m[48;2;0;0;0m▀[0m[38;2;0;0;0m[48;2;0;0;0m▀[0m[38;2;0;0;0m[48;2;0;0;0m▀[0m[38;2;0;0;0m[48;2;0;0;0m▀[0m[38;2;0;0;1m[48;2;0;0;0m▀[0m[38;2;0;0;0m[48;2;0;0;0m▀[0m[38;2;23;26;28m[48;2;0;0;0m▀[0m
[38;2;201;195;183m[48;2;199;194;182m▀[0m[38;2;200;195;183m[48;2;200;195;183m▀[0m[38;2;200;194;183m[48;2;199;194;184m▀[0m[38;2;200;195;183m[48;2;200;195;183m▀[0m[38;2;200;194;182m[48;2;200;195;185m▀[0m[38;2;200;195;183m[48;2;200;195;185m▀[0m[38;2;200;195;183m[48;2;200;195;185m▀[0m[38;2;199;194;182m[48;2;199;195;185m▀[0m[38;2;199;195;183m[48;2;199;195;185m▀[0m[38;2;199;195;185m[48;2;199;195;185m▀[0m[38;2;199;195;183m[48;2;199;195;183m▀[0m[38;2;199;195;185m[48;2;199;195;185m▀[0m[38;2;199;195;185m[48;2;199;195;183m▀[0m[38;2;200;195;183m[48;2;200;195;183m▀[0m[38;2;200;194;183m[48;2;200;195;183m▀[0m[38;2;200;195;183m[48;2;199;195;182m▀[0m[38;2;200;195;185m[48;2;199;195;183m▀[0m[38;2;200;195;185m[48;2;199;194;182m▀[0m[38;2;200;195;185m[48;2;199;194;184m▀[0m[38;2;200;195;183m[48;2;198;194;183m▀[0m[38;2;199;195;183m[48;2;198;194;181m▀[0m[38;2;200;194;183m[48;2;199;193;184m▀[0m[38;2;200;194;183m[48;2;198;194;182m▀[0m[38;2;199;194;184m[48;2;198;194;184m▀[0m[38;2;198;194;181m[48;2;198;194;183m▀[0m[38;2;198;194;183m[48;2;198;194;183m▀[0m[38;2;199;194;184m[48;2;198;194;183m▀[0m[38;2;198;194;181m[48;2;197;194;183m▀[0m[38;2;198;194;181m[48;2;197;194;181m▀[0m[38;2;198;194;183m[48;2;198;194;183m▀[0m[38;2;198;194;183m[48;2;198;194;183m▀[0m[38;2;198;194;184m[48;2;198;194;181m▀[0m[38;2;199;194;184m[48;2;199;193;182m▀[0m[38;2;200;196;186m[48;2;203;193;182m▀[0m[38;2;206;204;192m[48;2;209;202;192m▀[0m[38;2;247;247;239m[48;2;247;247;239m▀[0m[38;2;82;81;82m[48;2;72;75;74m▀[0m[38;2;0;0;0m[48;2;0;0;0m▀[0m[38;2;155;153;147m[48;2;213;209;198m▀[0m[38;2;221;217;206m[48;2;221;216;205m▀[0m[38;2;194;199;194m[48;2;178;181;173m▀[0m[38;2;19;42;42m[48;2;133;132;128m▀[0m[38;2;0;0;0m[48;2;190;203;207m▀[0m[38;2;96;0;0m[48;2;0;13;21m▀[0m[38;2;0;0;0m[48;2;18;0;0m▀[0m[38;2;0;0;0m[48;2;0;0;0m▀[0m[38;2;0;0;0m[48;2;0;0;0m▀[0m[38;2;38;45;50m[48;2;0;0;0m▀[0m[38;2;32;40;43m[48;2;0;0;0m▀[0m[38;2;2;0;0m[48;2;54;10;10m▀[0m[38;2;0;0;0m[48;2;71;11;7m▀[0m[38;2;0;0;0m[48;2;0;0;0m▀[0m[38;2;0;0;0m[48;2;0;0;0m▀[0m[38;2;0;0;0m[48;2;0;0;0m▀[0m[38;2;0;0;0m[48;2;0;0;0m▀[0m[38;2;0;0;0m[48;2;0;0;0m▀[0m[38;2;0;0;0m[48;2;0;0;0m▀[0m[38;2;127;127;128m[48;2;5;8;14m▀[0m[38;2;247;247;247m[48;2;20;20;21m▀[0m[38;2;0;0;0m[48;2;88;91;97m▀[0m[38;2;0;0;0m[48;2;136;136;137m▀[0m[38;2;66;65;65m[48;2;0;0;0m▀[0m[38;2;206;208;206m[48;2;0;0;0m▀[0m[38;2;243;240;243m[48;2;133;136;135m▀[0m[38;2;247;247;247m[48;2;214;216;217m▀[0m[38;2;247;247;247m[48;2;245;247;247m▀[0m[38;2;175;175;177m[48;2;247;247;247m▀[0m[38;2;0;0;0m[48;2;247;247;247m▀[0m[38;2;92;94;92m[48;2;247;247;247m▀[0m[38;2;27;27;29m[48;2;97;96;97m▀[0m[38;2;0;0;0m[48;2;40;40;38m▀[0m[38;2;0;0;0m[48;2;0;0;0m▀[0m[38;2;0;0;0m[48;2;0;0;0m▀[0m[38;2;0;0;0m[48;2;0;0;1m▀[0m[38;2;0;0;0m[48;2;0;0;0m▀[0m[38;2;0;0;0m[48;2;0;0;0m▀[0m
[38;2;200;194;183m[48;2;199;195;183m▀[0m[38;2;199;194;184m[48;2;199;194;182m▀[0m[38;2;200;195;183m[48;2;200;195;182m▀[0m[38;2;200;195;185m[48;2;200;194;182m▀[0m[38;2;200;195;185m[48;2;200;194;183m▀[0m[38;2;200;195;185m[48;2;200;194;183m▀[0m[38;2;200;195;185m[48;2;200;195;183m▀[0m[38;2;200;195;185m[48;2;199;194;182m▀[0m[38;2;199;195;183m[48;2;198;194;181m▀[0m[38;2;199;194;182m[48;2;198;194;181m▀[0m[38;2;200;195;183m[48;2;199;194;181m▀[0m[38;2;200;194;183m[48;2;198;194;181m▀[0m[38;2;199;193;182m[48;2;197;194;183m▀[0m[38;2;199;194;182m[48;2;197;194;183m▀[0m[38;2;199;194;182m[48;2;199;193;182m▀[0m[38;2;198;194;183m[48;2;198;194;182m▀[0m[38;2;198;194;183m[48;2;198;194;182m▀[0m[38;2;198;194;184m[48;2;198;194;184m▀[0m[38;2;199;194;184m[48;2;198;194;182m▀[0m[38;2;198;194;181m[48;2;198;194;181m▀[0m[38;2;198;194;181m[48;2;197;194;181m▀[0m[38;2;198;194;183m[48;2;198;194;181m▀[0m[38;2;199;193;182m[48;2;199;194;181m▀[0m[38;2;198;194;183m[48;2;198;194;180m▀[0m[38;2;197;194;181m[48;2;199;194;181m▀[0m[38;2;198;194;181m[48;2;199;194;181m▀[0m[38;2;198;194;181m[48;2;198;194;181m▀[0m[38;2;198;194;181m[48;2;198;194;181m▀[0m[38;2;199;194;181m[48;2;198;194;183m▀[0m[38;2;199;193;182m[48;2;198;194;183m▀[0m[38;2;198;194;181m[48;2;196;193;180m▀[0m[38;2;198;194;181m[48;2;197;193;182m▀[0m[38;2;197;194;181m[48;2;196;193;180m▀[0m[38;2;196;195;185m[48;2;195;194;184m▀[0m[38;2;205;201;188m[48;2;205;201;187m▀[0m[38;2;247;247;242m[48;2;247;247;247m▀[0m[38;2;58;57;55m[48;2;76;72;74m▀[0m[38;2;0;0;0m[48;2;0;0;0m▀[0m[38;2;247;247;245m[48;2;247;247;236m▀[0m[38;2;221;216;201m[48;2;234;228;212m▀[0m[38;2;161;160;153m[48;2;155;155;148m▀[0m[38;2;154;152;143m[48;2;178;174;163m▀[0m[38;2;247;247;247m[48;2;136;139;140m▀[0m[38;2;210;217;220m[48;2;247;247;247m▀[0m[38;2;0;0;0m[48;2;0;5;6m▀[0m[38;2;75;3;0m[48;2;120;133;135m▀[0m[38;2;0;0;0m[48;2;158;129;127m▀[0m[38;2;0;0;0m[48;2;0;0;0m▀[0m[38;2;0;0;0m[48;2;0;0;0m▀[0m[38;2;0;0;0m[48;2;0;0;0m▀[0m[38;2;38;8;2m[48;2;0;0;0m▀[0m[38;2;138;73;63m[48;2;0;0;0m▀[0m[38;2;36;36;33m[48;2;32;27;27m▀[0m[38;2;0;0;0m[48;2;44;11;7m▀[0m[38;2;0;0;0m[48;2;0;0;0m▀[0m[38;2;0;0;0m[48;2;0;0;0m▀[0m[38;2;0;0;0m[48;2;0;0;0m▀[0m[38;2;0;0;0m[48;2;45;47;48m▀[0m[38;2;32;33;38m[48;2;37;40;41m▀[0m[38;2;62;67;68m[48;2;0;0;0m▀[0m[38;2;247;247;247m[48;2;0;0;0m▀[0m[38;2;226;226;226m[48;2;122;122;123m▀[0m[38;2;0;0;0m[48;2;105;105;106m▀[0m[38;2;0;0;0m[48;2;1;1;0m▀[0m[38;2;84;84;85m[48;2;0;0;0m▀[0m[38;2;91;91;92m[48;2;142;140;143m▀[0m[38;2;131;134;135m[48;2;135;138;137m▀[0m[38;2;247;247;247m[48;2;247;247;247m▀[0m[38;2;247;247;247m[48;2;245;245;246m▀[0m[38;2;247;247;247m[48;2;103;103;105m▀[0m[38;2;137;137;135m[48;2;26;23;27m▀[0m[38;2;0;0;0m[48;2;0;0;0m▀[0m[38;2;0;3;7m[48;2;0;0;0m▀[0m[38;2;0;0;0m[48;2;0;0;0m▀[0m[38;2;0;0;0m[48;2;0;0;0m▀[0m[38;2;0;0;1m[48;2;0;0;0m▀[0m
[38;2;198;194;183m[48;2;197;194;183m▀[0m[38;2;198;194;183m[48;2;197;194;184m▀[0m[38;2;198;194;181m[48;2;197;193;182m▀[0m[38;2;198;194;181m[48;2;197;194;181m▀[0m[38;2;198;194;181m[48;2;197;194;183m▀[0m[38;2;198;194;183m[48;2;198;194;182m▀[0m[38;2;198;194;181m[48;2;198;194;183m▀[0m[38;2;198;194;181m[48;2;197;194;181m▀[0m[38;2;197;194;181m[48;2;197;193;182m▀[0m[38;2;197;193;182m[48;2;197;194;181m▀[0m[38;2;198;194;181m[48;2;197;194;181m▀[0m[38;2;198;194;183m[48;2;198;194;180m▀[0m[38;2;197;194;181m[48;2;198;194;181m▀[0m[38;2;197;193;182m[48;2;198;192;181m▀[0m[38;2;198;194;184m[48;2;198;194;181m▀[0m[38;2;198;194;181m[48;2;199;194;181m▀[0m[38;2;198;194;183m[48;2;199;194;181m▀[0m[38;2;198;194;183m[48;2;199;193;182m▀[0m[38;2;197;194;181m[48;2;198;194;181m▀[0m[38;2;198;193;180m[48;2;198;192;181m▀[0m[38;2;198;194;180m[48;2;198;192;181m▀[0m[38;2;199;192;181m[48;2;198;192;181m▀[0m[38;2;199;192;181m[48;2;197;193;180m▀[0m[38;2;198;193;180m[48;2;196;193;180m▀[0m[38;2;198;193;180m[48;2;197;193;180m▀[0m[38;2;196;193;182m[48;2;196;193;180m▀[0m[38;2;194;193;180m[48;2;197;193;179m▀[0m[38;2;194;193;180m[48;2;197;191;180m▀[0m[38;2;196;193;182m[48;2;197;193;182m▀[0m[38;2;196;193;180m[48;2;196;193;180m▀[0m[38;2;196;192;181m[48;2;196;193;182m▀[0m[38;2;197;193;180m[48;2;195;194;181m▀[0m[38;2;197;193;180m[48;2;195;194;181m▀[0m[38;2;196;195;182m[48;2;195;195;178m▀[0m[38;2;207;203;191m[48;2;216;212;199m▀[0m[38;2;247;247;247m[48;2;223;221;211m▀[0m[38;2;16;14;17m[48;2;0;0;0m▀[0m[38;2;0;0;0m[48;2;72;72;82m▀[0m[38;2;237;235;223m[48;2;210;206;196m▀[0m[38;2;244;239;223m[48;2;247;245;227m▀[0m[38;2;157;157;150m[48;2;175;173;163m▀[0m[38;2;177;170;161m[48;2;160;158;155m▀[0m[38;2;44;46;48m[48;2;0;0;0m▀[0m[38;2;247;247;247m[48;2;247;247;247m▀[0m[38;2;247;247;247m[48;2;247;247;247m▀[0m[38;2;83;85;85m[48;2;233;235;237m▀[0m[38;2;247;247;247m[48;2;182;184;185m▀[0m[38;2;247;247;247m[48;2;241;243;247m▀[0m[38;2;67;74;73m[48;2;247;247;247m▀[0m[38;2;0;0;0m[48;2;247;247;247m▀[0m[38;2;0;0;0m[48;2;84;70;73m▀[0m[38;2;0;0;0m[48;2;1;0;0m▀[0m[38;2;0;0;0m[48;2;12;19;23m▀[0m[38;2;0;0;0m[48;2;45;52;61m▀[0m[38;2;0;0;8m[48;2;231;1;0m▀[0m[38;2;58;0;0m[48;2;89;0;0m▀[0m[38;2;7;19;22m[48;2;1;40;47m▀[0m[38;2;79;101;104m[48;2;51;10;10m▀[0m[38;2;0;0;0m[48;2;0;1;1m▀[0m[38;2;0;0;0m[48;2;0;0;0m▀[0m[38;2;0;0;0m[48;2;0;0;0m▀[0m[38;2;0;0;0m[48;2;0;0;0m▀[0m[38;2;32;31;32m[48;2;0;0;0m▀[0m[38;2;100;98;97m[48;2;0;0;0m▀[0m[38;2;59;62;58m[48;2;0;0;0m▀[0m[38;2;0;0;0m[48;2;24;27;29m▀[0m[38;2;0;0;0m[48;2;0;0;0m▀[0m[38;2;143;145;151m[48;2;70;73;77m▀[0m[38;2;247;247;247m[48;2;247;247;247m▀[0m[38;2;119;119;119m[48;2;232;232;236m▀[0m[38;2;0;0;0m[48;2;65;68;69m▀[0m[38;2;0;3;6m[48;2;0;0;0m▀[0m[38;2;0;0;0m[48;2;0;0;0m▀[0m[38;2;0;0;0m[48;2;0;0;0m▀[0m[38;2;0;0;0m[48;2;0;0;0m▀[0m[38;2;20;23;27m[48;2;32;35;41m▀[0m
[38;2;197;194;181m[48;2;198;191;180m▀[0m[38;2;197;194;181m[48;2;198;193;180m▀[0m[38;2;197;193;182m[48;2;199;194;181m▀[0m[38;2;198;192;181m[48;2;199;194;181m▀[0m[38;2;198;194;183m[48;2;199;192;180m▀[0m[38;2;198;194;183m[48;2;198;192;181m▀[0m[38;2;198;194;181m[48;2;198;192;181m▀[0m[38;2;198;194;183m[48;2;199;192;181m▀[0m[38;2;198;194;180m[48;2;197;193;180m▀[0m[38;2;199;192;180m[48;2;197;193;180m▀[0m[38;2;198;194;181m[48;2;197;193;182m▀[0m[38;2;199;194;181m[48;2;197;193;180m▀[0m[38;2;198;192;181m[48;2;197;193;180m▀[0m[38;2;198;193;180m[48;2;197;191;180m▀[0m[38;2;197;194;181m[48;2;197;191;180m▀[0m[38;2;195;194;181m[48;2;196;192;181m▀[0m[38;2;196;193;182m[48;2;196;193;180m▀[0m[38;2;195;194;181m[48;2;197;193;180m▀[0m[38;2;196;193;180m[48;2;197;193;180m▀[0m[38;2;196;192;181m[48;2;197;193;182m▀[0m[38;2;197;193;180m[48;2;197;194;181m▀[0m[38;2;197;193;180m[48;2;197;194;181m▀[0m[38;2;197;193;180m[48;2;194;193;181m▀[0m[38;2;197;193;180m[48;2;194;193;181m▀[0m[38;2;196;193;180m[48;2;194;192;181m▀[0m[38;2;197;193;180m[48;2;194;193;180m▀[0m[38;2;196;193;180m[48;2;194;192;179m▀[0m[38;2;194;193;180m[48;2;195;192;179m▀[0m[38;2;196;193;182m[48;2;196;193;180m▀[0m[38;2;194;193;180m[48;2;194;193;180m▀[0m[38;2;194;193;180m[48;2;194;193;180m▀[0m[38;2;194;193;180m[48;2;195;192;181m▀[0m[38;2;194;193;180m[48;2;195;192;181m▀[0m[38;2;198;194;179m[48;2;197;191;180m▀[0m[38;2;213;209;196m[48;2;202;198;186m▀[0m[38;2;230;226;213m[48;2;247;247;237m▀[0m[38;2;0;0;0m[48;2;98;95;91m▀[0m[38;2;0;0;0m[48;2;0;0;0m▀[0m[38;2;201;199;187m[48;2;226;222;209m▀[0m[38;2;242;234;222m[48;2;225;223;212m▀[0m[38;2;210;209;197m[48;2;238;238;226m▀[0m[38;2;138;137;134m[48;2;129;136;132m▀[0m[38;2;0;0;0m[48;2;0;0;0m▀[0m[38;2;225;228;232m[48;2;46;53;60m▀[0m[38;2;247;247;247m[48;2;247;247;247m▀[0m[38;2;247;247;247m[48;2;247;247;247m▀[0m[38;2;170;170;171m[48;2;247;247;247m▀[0m[38;2;145;145;146m[48;2;66;68;69m▀[0m[38;2;150;150;154m[48;2;0;0;0m▀[0m[38;2;150;157;157m[48;2;158;168;175m▀[0m[38;2;125;156;162m[48;2;160;167;171m▀[0m[38;2;64;13;15m[48;2;52;70;71m▀[0m[38;2;230;181;174m[48;2;6;37;38m▀[0m[38;2;72;55;59m[48;2;44;58;55m▀[0m[38;2;20;9;9m[48;2;119;69;69m▀[0m[38;2;0;0;0m[48;2;34;64;65m▀[0m[38;2;0;0;0m[48;2;13;41;43m▀[0m[38;2;81;0;0m[48;2;0;3;8m▀[0m[38;2;168;0;0m[48;2;11;0;0m▀[0m[38;2;37;0;0m[48;2;97;0;0m▀[0m[38;2;0;0;0m[48;2;71;0;0m▀[0m[38;2;0;0;0m[48;2;15;0;0m▀[0m[38;2;0;0;0m[48;2;0;0;0m▀[0m[38;2;0;0;0m[48;2;0;0;0m▀[0m[38;2;0;0;0m[48;2;9;11;12m▀[0m[38;2;51;51;55m[48;2;69;71;76m▀[0m[38;2;0;0;0m[48;2;0;0;0m▀[0m[38;2;21;21;25m[48;2;93;97;96m▀[0m[38;2;73;73;75m[48;2;0;0;0m▀[0m[38;2;28;26;30m[48;2;0;0;0m▀[0m[38;2;31;31;34m[48;2;0;0;0m▀[0m[38;2;0;0;0m[48;2;0;0;0m▀[0m[38;2;0;0;0m[48;2;0;0;0m▀[0m[38;2;0;0;0m[48;2;0;0;0m▀[0m[38;2;7;4;4m[48;2;10;10;11m▀[0m[38;2;54;51;55m[48;2;94;94;95m▀[0m
[38;2;196;192;181m[48;2;196;193;180m▀[0m[38;2;197;193;182m[48;2;197;193;180m▀[0m[38;2;197;193;182m[48;2;198;193;180m▀[0m[38;2;196;193;180m[48;2;198;193;180m▀[0m[38;2;196;193;180m[48;2;197;191;180m▀[0m[38;2;197;193;180m[48;2;197;193;180m▀[0m[38;2;196;193;180m[48;2;198;193;180m▀[0m[38;2;195;192;181m[48;2;198;193;180m▀[0m[38;2;195;192;181m[48;2;197;191;180m▀[0m[38;2;195;192;179m[48;2;197;191;180m▀[0m[38;2;197;193;179m[48;2;197;193;180m▀[0m[38;2;198;191;180m[48;2;196;193;180m▀[0m[38;2;196;193;180m[48;2;194;193;180m▀[0m[38;2;196;193;180m[48;2;194;193;180m▀[0m[38;2;197;191;180m[48;2;194;193;181m▀[0m[38;2;197;191;180m[48;2;194;192;181m▀[0m[38;2;197;193;180m[48;2;195;192;181m▀[0m[38;2;197;193;180m[48;2;194;193;180m▀[0m[38;2;196;193;180m[48;2;195;192;179m▀[0m[38;2;195;194;181m[48;2;194;192;179m▀[0m[38;2;196;193;180m[48;2;194;192;179m▀[0m[38;2;196;192;181m[48;2;196;192;181m▀[0m[38;2;194;192;179m[48;2;194;193;180m▀[0m[38;2;194;191;180m[48;2;194;192;179m▀[0m[38;2;194;192;179m[48;2;195;192;181m▀[0m[38;2;194;193;180m[48;2;194;192;179m▀[0m[38;2;194;192;179m[48;2;194;192;179m▀[0m[38;2;194;192;179m[48;2;194;192;179m▀[0m[38;2;196;193;180m[48;2;195;192;179m▀[0m[38;2;194;193;180m[48;2;195;191;178m▀[0m[38;2;196;193;180m[48;2;196;190;179m▀[0m[38;2;196;192;181m[48;2;196;192;179m▀[0m[38;2;194;192;179m[48;2;195;192;178m▀[0m[38;2;195;192;179m[48;2;195;191;178m▀[0m[38;2;204;197;187m[48;2;201;197;184m▀[0m[38;2;229;226;207m[48;2;215;214;200m▀[0m[38;2;206;203;189m[48;2;206;204;195m▀[0m[38;2;0;0;0m[48;2;0;0;0m▀[0m[38;2;216;215;203m[48;2;203;204;193m▀[0m[38;2;220;220;209m[48;2;220;216;205m▀[0m[38;2;242;237;224m[48;2;226;222;209m▀[0m[38;2;137;160;154m[48;2;176;187;177m▀[0m[38;2;0;0;0m[48;2;0;0;0m▀[0m[38;2;23;0;0m[48;2;69;57;62m▀[0m[38;2;247;247;247m[48;2;247;247;247m▀[0m[38;2;247;247;247m[48;2;161;192;194m▀[0m[38;2;247;247;247m[48;2;0;0;0m▀[0m[38;2;0;0;0m[48;2;0;0;0m▀[0m[38;2;0;0;0m[48;2;0;14;17m▀[0m[38;2;0;0;0m[48;2;0;0;0m▀[0m[38;2;0;0;0m[48;2;0;0;0m▀[0m[38;2;0;0;0m[48;2;1;0;0m▀[0m[38;2;0;0;0m[48;2;107;0;0m▀[0m[38;2;104;0;0m[48;2;247;0;0m▀[0m[38;2;85;0;0m[48;2;235;0;0m▀[0m[38;2;110;0;0m[48;2;1;0;0m▀[0m[38;2;8;15;15m[48;2;0;0;0m▀[0m[38;2;26;36;39m[48;2;0;0;0m▀[0m[38;2;42;64;71m[48;2;9;13;17m▀[0m[38;2;0;11;12m[48;2;97;97;102m▀[0m[38;2;0;0;0m[48;2;69;80;83m▀[0m[38;2;22;0;0m[48;2;0;0;0m▀[0m[38;2;37;8;7m[48;2;2;0;0m▀[0m[38;2;0;0;0m[48;2;0;0;0m▀[0m[38;2;14;17;18m[48;2;0;0;0m▀[0m[38;2;0;0;0m[48;2;59;58;59m▀[0m[38;2;142;142;142m[48;2;106;108;108m▀[0m[38;2;137;138;135m[48;2;184;183;178m▀[0m[38;2;57;57;52m[48;2;94;95;92m▀[0m[38;2;0;0;0m[48;2;0;0;0m▀[0m[38;2;0;0;0m[48;2;0;0;0m▀[0m[38;2;0;0;0m[48;2;0;0;0m▀[0m[38;2;0;0;0m[48;2;0;0;0m▀[0m[38;2;0;0;0m[48;2;25;25;26m▀[0m[38;2;58;58;56m[48;2;77;77;81m▀[0m[38;2;59;62;62m[48;2;2;2;3m▀[0m
[38;2;198;193;180m[48;2;195;192;179m▀[0m[38;2;197;193;180m[48;2;196;192;181m▀[0m[38;2;196;194;180m[48;2;196;193;180m▀[0m[38;2;197;193;182m[48;2;194;193;180m▀[0m[38;2;197;193;180m[48;2;196;192;181m▀[0m[38;2;196;193;180m[48;2;194;193;180m▀[0m[38;2;196;193;182m[48;2;194;193;180m▀[0m[38;2;195;194;181m[48;2;194;193;180m▀[0m[38;2;196;193;180m[48;2;195;193;179m▀[0m[38;2;196;192;179m[48;2;195;192;179m▀[0m[38;2;196;192;181m[48;2;195;192;179m▀[0m[38;2;194;192;181m[48;2;195;192;181m▀[0m[38;2;194;193;180m[48;2;195;192;181m▀[0m[38;2;194;193;182m[48;2;194;193;181m▀[0m[38;2;194;193;180m[48;2;195;192;179m▀[0m[38;2;194;192;179m[48;2;194;192;179m▀[0m[38;2;194;192;179m[48;2;194;192;179m▀[0m[38;2;195;193;179m[48;2;194;192;179m▀[0m[38;2;194;193;180m[48;2;194;192;179m▀[0m[38;2;194;192;179m[48;2;194;192;179m▀[0m[38;2;194;192;179m[48;2;195;191;180m▀[0m[38;2;194;191;180m[48;2;196;190;179m▀[0m[38;2;194;192;179m[48;2;196;190;181m▀[0m[38;2;195;192;179m[48;2;196;193;179m▀[0m[38;2;195;192;179m[48;2;196;192;179m▀[0m[38;2;194;192;179m[48;2;195;191;181m▀[0m[38;2;195;191;180m[48;2;195;192;179m▀[0m[38;2;195;192;179m[48;2;194;191;180m▀[0m[38;2;196;192;179m[48;2;194;191;180m▀[0m[38;2;195;192;179m[48;2;194;191;180m▀[0m[38;2;194;191;178m[48;2;194;190;180m▀[0m[38;2;194;191;178m[48;2;194;190;180m▀[0m[38;2;193;191;180m[48;2;194;188;179m▀[0m[38;2;193;191;180m[48;2;194;188;179m▀[0m[38;2;196;193;184m[48;2;196;190;181m▀[0m[38;2;210;205;193m[48;2;211;201;189m▀[0m[38;2;211;209;198m[48;2;215;210;196m▀[0m[38;2;0;0;0m[48;2;0;4;7m▀[0m[38;2;201;197;185m[48;2;195;190;182m▀[0m[38;2;220;213;202m[48;2;219;213;200m▀[0m[38;2;206;204;194m[48;2;202;195;187m▀[0m[38;2;219;217;206m[48;2;201;197;187m▀[0m[38;2;117;133;126m[48;2;216;215;203m▀[0m[38;2;247;247;247m[48;2;247;247;247m▀[0m[38;2;247;247;247m[48;2;247;247;247m▀[0m[38;2;56;27;27m[48;2;137;0;0m▀[0m[38;2;159;0;0m[48;2;0;0;0m▀[0m[38;2;225;7;6m[48;2;0;0;0m▀[0m[38;2;247;0;0m[48;2;145;0;0m▀[0m[38;2;105;0;0m[48;2;247;0;0m▀[0m[38;2;0;0;0m[48;2;0;0;1m▀[0m[38;2;0;0;0m[48;2;0;0;0m▀[0m[38;2;0;8;6m[48;2;2;2;2m▀[0m[38;2;0;0;4m[48;2;247;0;0m▀[0m[38;2;91;0;0m[48;2;0;0;0m▀[0m[38;2;103;0;0m[48;2;0;0;0m▀[0m[38;2;0;0;0m[48;2;0;0;0m▀[0m[38;2;21;26;35m[48;2;83;90;94m▀[0m[38;2;0;0;0m[48;2;247;247;247m▀[0m[38;2;0;0;0m[48;2;27;26;27m▀[0m[38;2;65;67;69m[48;2;0;0;0m▀[0m[38;2;110;112;114m[48;2;22;22;22m▀[0m[38;2;0;0;0m[48;2;47;47;47m▀[0m[38;2;0;0;0m[48;2;72;72;72m▀[0m[38;2;93;95;95m[48;2;64;63;65m▀[0m[38;2;29;31;31m[48;2;0;0;0m▀[0m[38;2;162;161;160m[48;2;208;206;204m▀[0m[38;2;247;247;247m[48;2;247;247;247m▀[0m[38;2;154;150;149m[48;2;223;214;210m▀[0m[38;2;0;0;0m[48;2;0;0;0m▀[0m[38;2;0;0;0m[48;2;0;0;0m▀[0m[38;2;0;0;0m[48;2;0;0;0m▀[0m[38;2;0;0;0m[48;2;0;0;0m▀[0m[38;2;6;6;7m[48;2;0;0;0m▀[0m[38;2;35;35;36m[48;2;50;52;52m▀[0m[38;2;42;42;42m[48;2;11;11;12m▀[0m
[38;2;195;192;179m[48;2;195;192;179m▀[0m[38;2;195;192;181m[48;2;195;191;180m▀[0m[38;2;194;193;180m[48;2;194;192;179m▀[0m[38;2;195;192;179m[48;2;194;191;180m▀[0m[38;2;195;192;179m[48;2;194;192;179m▀[0m[38;2;195;192;181m[48;2;194;193;180m▀[0m[38;2;194;193;180m[48;2;194;192;179m▀[0m[38;2;194;193;180m[48;2;194;191;181m▀[0m[38;2;194;193;180m[48;2;194;192;179m▀[0m[38;2;194;192;179m[48;2;194;191;180m▀[0m[38;2;193;192;178m[48;2;194;191;178m▀[0m[38;2;195;192;179m[48;2;194;192;179m▀[0m[38;2;195;192;181m[48;2;195;192;179m▀[0m[38;2;194;192;179m[48;2;196;192;179m▀[0m[38;2;194;191;178m[48;2;195;191;178m▀[0m[38;2;194;192;179m[48;2;196;192;179m▀[0m[38;2;195;192;179m[48;2;195;192;179m▀[0m[38;2;195;191;178m[48;2;194;191;180m▀[0m[38;2;196;192;179m[48;2;194;191;180m▀[0m[38;2;195;191;180m[48;2;194;190;180m▀[0m[38;2;195;191;180m[48;2;194;190;179m▀[0m[38;2;195;192;179m[48;2;194;190;179m▀[0m[38;2;195;192;181m[48;2;192;190;179m▀[0m[38;2;194;192;179m[48;2;194;190;179m▀[0m[38;2;193;191;180m[48;2;194;188;177m▀[0m[38;2;194;191;180m[48;2;194;189;178m▀[0m[38;2;194;190;179m[48;2;194;190;177m▀[0m[38;2;194;190;179m[48;2;194;190;177m▀[0m[38;2;194;190;179m[48;2;194;190;179m▀[0m[38;2;194;190;177m[48;2;194;190;179m▀[0m[38;2;194;188;177m[48;2;194;190;179m▀[0m[38;2;194;189;179m[48;2;194;190;180m▀[0m[38;2;194;189;179m[48;2;194;190;179m▀[0m[38;2;194;190;179m[48;2;194;190;180m▀[0m[38;2;194;193;183m[48;2;197;193;180m▀[0m[38;2;207;200;192m[48;2;207;199;188m▀[0m[38;2;216;213;199m[48;2;221;213;202m▀[0m[38;2;4;11;16m[48;2;7;15;19m▀[0m[38;2;193;187;179m[48;2;189;183;175m▀[0m[38;2;218;213;199m[48;2;217;212;199m▀[0m[38;2;197;194;180m[48;2;194;188;179m▀[0m[38;2;194;190;180m[48;2;184;184;166m▀[0m[38;2;202;201;191m[48;2;239;239;228m▀[0m[38;2;247;247;247m[48;2;155;184;186m▀[0m[38;2;76;62;58m[48;2;0;0;0m▀[0m[38;2;0;0;0m[48;2;0;0;0m▀[0m[38;2;0;0;0m[48;2;0;0;0m▀[0m[38;2;0;0;0m[48;2;0;0;0m▀[0m[38;2;0;0;0m[48;2;0;0;0m▀[0m[38;2;124;0;0m[48;2;72;0;0m▀[0m[38;2;0;0;0m[48;2;0;0;0m▀[0m[38;2;0;0;0m[48;2;0;0;0m▀[0m[38;2;0;1;2m[48;2;26;0;0m▀[0m[38;2;247;0;0m[48;2;30;1;0m▀[0m[38;2;168;0;0m[48;2;141;0;0m▀[0m[38;2;0;0;0m[48;2;7;0;0m▀[0m[38;2;0;0;0m[48;2;0;6;10m▀[0m[38;2;128;132;138m[48;2;9;11;15m▀[0m[38;2;247;247;247m[48;2;77;79;84m▀[0m[38;2;244;241;243m[48;2;82;82;86m▀[0m[38;2;106;106;107m[48;2;239;239;240m▀[0m[38;2;0;0;0m[48;2;168;165;169m▀[0m[38;2;38;35;37m[48;2;0;0;0m▀[0m[38;2;4;1;4m[48;2;20;20;22m▀[0m[38;2;0;0;0m[48;2;0;0;0m▀[0m[38;2;31;32;33m[48;2;61;60;58m▀[0m[38;2;170;164;161m[48;2;247;247;247m▀[0m[38;2;247;247;247m[48;2;247;247;247m▀[0m[38;2;228;223;218m[48;2;247;247;247m▀[0m[38;2;0;0;0m[48;2;12;10;13m▀[0m[38;2;0;0;0m[48;2;0;0;0m▀[0m[38;2;0;0;0m[48;2;0;0;0m▀[0m[38;2;0;0;0m[48;2;0;0;0m▀[0m[38;2;29;26;28m[48;2;33;33;34m▀[0m[38;2;68;68;69m[48;2;23;25;27m▀[0m[38;2;36;36;37m[48;2;44;42;45m▀[0m
[38;2;196;192;179m[48;2;195;191;180m▀[0m[38;2;196;192;178m[48;2;194;191;178m▀[0m[38;2;196;190;179m[48;2;194;192;179m▀[0m[38;2;196;191;178m[48;2;194;191;180m▀[0m[38;2;196;192;179m[48;2;194;191;178m▀[0m[38;2;196;192;181m[48;2;195;192;179m▀[0m[38;2;196;192;179m[48;2;193;191;180m▀[0m[38;2;196;192;179m[48;2;194;190;179m▀[0m[38;2;196;190;179m[48;2;194;190;179m▀[0m[38;2;196;190;181m[48;2;194;191;180m▀[0m[38;2;195;192;178m[48;2;194;190;180m▀[0m[38;2;195;192;179m[48;2;193;191;178m▀[0m[38;2;193;191;178m[48;2;194;190;179m▀[0m[38;2;194;190;179m[48;2;194;190;177m▀[0m[38;2;194;190;179m[48;2;194;188;179m▀[0m[38;2;194;190;180m[48;2;194;190;179m▀[0m[38;2;194;190;179m[48;2;194;190;179m▀[0m[38;2;194;190;179m[48;2;194;188;179m▀[0m[38;2;194;190;179m[48;2;194;190;179m▀[0m[38;2;194;188;179m[48;2;194;190;180m▀[0m[38;2;194;188;179m[48;2;194;190;179m▀[0m[38;2;195;190;177m[48;2;194;190;180m▀[0m[38;2;195;189;178m[48;2;195;191;180m▀[0m[38;2;194;190;180m[48;2;195;191;181m▀[0m[38;2;194;190;179m[48;2;194;190;180m▀[0m[38;2;194;190;180m[48;2;194;190;179m▀[0m[38;2;194;190;180m[48;2;194;190;177m▀[0m[38;2;194;190;179m[48;2;194;190;179m▀[0m[38;2;194;190;180m[48;2;195;191;180m▀[0m[38;2;194;190;179m[48;2;195;189;178m▀[0m[38;2;195;189;178m[48;2;194;188;177m▀[0m[38;2;195;189;178m[48;2;194;190;177m▀[0m[38;2;194;190;179m[48;2;194;190;180m▀[0m[38;2;194;190;179m[48;2;193;189;180m▀[0m[38;2;198;193;180m[48;2;194;190;180m▀[0m[38;2;203;198;186m[48;2;202;197;185m▀[0m[38;2;221;216;205m[48;2;222;217;203m▀[0m[38;2;10;17;24m[48;2;11;19;24m▀[0m[38;2;183;177;169m[48;2;177;179;168m▀[0m[38;2;217;209;200m[48;2;217;213;199m▀[0m[38;2;194;188;179m[48;2;195;192;179m▀[0m[38;2;185;181;163m[48;2;185;182;166m▀[0m[38;2;247;245;236m[48;2;232;233;226m▀[0m[38;2;195;247;247m[48;2;247;247;247m▀[0m[38;2;97;0;0m[48;2;41;56;57m▀[0m[38;2;204;0;0m[48;2;62;0;0m▀[0m[38;2;0;0;0m[48;2;0;0;0m▀[0m[38;2;3;15;21m[48;2;0;0;2m▀[0m[38;2;21;13;16m[48;2;33;46;47m▀[0m[38;2;64;0;0m[48;2;62;58;58m▀[0m[38;2;0;0;0m[48;2;0;6;8m▀[0m[38;2;0;0;0m[48;2;0;0;0m▀[0m[38;2;46;1;0m[48;2;214;0;0m▀[0m[38;2;25;1;1m[48;2;0;0;0m▀[0m[38;2;0;0;0m[48;2;0;0;0m▀[0m[38;2;0;0;0m[48;2;0;3;4m▀[0m[38;2;15;23;26m[48;2;35;38;42m▀[0m[38;2;0;0;0m[48;2;0;0;0m▀[0m[38;2;9;11;13m[48;2;72;74;76m▀[0m[38;2;0;0;0m[48;2;40;40;38m▀[0m[38;2;67;67;71m[48;2;0;0;0m▀[0m[38;2;247;247;247m[48;2;125;122;124m▀[0m[38;2;80;80;78m[48;2;198;198;199m▀[0m[38;2;0;0;0m[48;2;0;0;0m▀[0m[38;2;35;38;40m[48;2;99;99;103m▀[0m[38;2;119;115;114m[48;2;209;202;197m▀[0m[38;2;247;247;247m[48;2;247;247;247m▀[0m[38;2;247;241;236m[48;2;247;247;247m▀[0m[38;2;247;247;247m[48;2;247;247;247m▀[0m[38;2;128;127;125m[48;2;133;132;133m▀[0m[38;2;0;0;0m[48;2;0;0;0m▀[0m[38;2;0;0;0m[48;2;0;0;0m▀[0m[38;2;0;3;7m[48;2;0;0;0m▀[0m[38;2;0;0;0m[48;2;2;0;2m▀[0m[38;2;0;0;0m[48;2;86;85;83m▀[0m[38;2;153;153;151m[48;2;73;72;72m▀[0m
[38;2;194;188;177m[48;2;194;190;179m▀[0m[38;2;194;188;177m[48;2;194;190;179m▀[0m[38;2;194;190;179m[48;2;194;190;179m▀[0m[38;2;194;190;177m[48;2;194;188;179m▀[0m[38;2;194;190;179m[48;2;194;189;179m▀[0m[38;2;194;190;179m[48;2;192;190;179m▀[0m[38;2;194;189;178m[48;2;194;188;180m▀[0m[38;2;194;189;179m[48;2;194;190;180m▀[0m[38;2;194;189;178m[48;2;194;189;179m▀[0m[38;2;194;188;179m[48;2;194;189;179m▀[0m[38;2;194;189;179m[48;2;194;190;179m▀[0m[38;2;194;189;178m[48;2;194;190;180m▀[0m[38;2;194;189;179m[48;2;194;190;179m▀[0m[38;2;194;190;179m[48;2;194;190;179m▀[0m[38;2;194;190;180m[48;2;194;190;180m▀[0m[38;2;194;190;180m[48;2;194;190;179m▀[0m[38;2;194;191;180m[48;2;195;189;178m▀[0m[38;2;194;190;180m[48;2;195;189;180m▀[0m[38;2;194;190;179m[48;2;195;189;180m▀[0m[38;2;194;190;179m[48;2;195;189;178m▀[0m[38;2;194;190;179m[48;2;194;190;179m▀[0m[38;2;194;190;179m[48;2;194;190;177m▀[0m[38;2;194;190;180m[48;2;194;190;179m▀[0m[38;2;195;191;180m[48;2;194;190;180m▀[0m[38;2;195;189;178m[48;2;194;189;179m▀[0m[38;2;194;190;179m[48;2;194;189;179m▀[0m[38;2;194;190;180m[48;2;194;189;179m▀[0m[38;2;194;188;179m[48;2;193;189;178m▀[0m[38;2;194;190;179m[48;2;194;189;179m▀[0m[38;2;192;190;179m[48;2;194;190;179m▀[0m[38;2;193;189;179m[48;2;194;190;177m▀[0m[38;2;194;190;179m[48;2;193;189;178m▀[0m[38;2;194;190;179m[48;2;191;189;176m▀[0m[38;2;194;189;178m[48;2;192;188;178m▀[0m[38;2;193;192;178m[48;2;192;191;179m▀[0m[38;2;202;197;187m[48;2;198;196;187m▀[0m[38;2;218;216;205m[48;2;217;215;202m▀[0m[38;2;10;18;22m[48;2;9;15;19m▀[0m[38;2;176;174;161m[48;2;175;173;163m▀[0m[38;2;216;208;199m[48;2;215;210;199m▀[0m[38;2;191;189;180m[48;2;192;188;179m▀[0m[38;2;178;177;163m[48;2;180;177;161m▀[0m[38;2;247;247;247m[48;2;247;247;247m▀[0m[38;2;247;247;247m[48;2;241;247;247m▀[0m[38;2;59;89;92m[48;2;0;0;0m▀[0m[38;2;35;0;0m[48;2;90;64;64m▀[0m[38;2;0;0;0m[48;2;34;0;0m▀[0m[38;2;0;0;0m[48;2;0;0;0m▀[0m[38;2;0;0;0m[48;2;0;0;0m▀[0m[38;2;0;15;18m[48;2;0;0;0m▀[0m[38;2;44;24;21m[48;2;0;0;0m▀[0m[38;2;221;0;0m[48;2;247;0;0m▀[0m[38;2;247;0;0m[48;2;247;0;0m▀[0m[38;2;0;0;0m[48;2;60;1;3m▀[0m[38;2;35;0;0m[48;2;33;0;0m▀[0m[38;2;74;28;29m[48;2;26;32;33m▀[0m[38;2;28;38;40m[48;2;17;24;25m▀[0m[38;2;0;0;0m[48;2;0;0;0m▀[0m[38;2;181;180;178m[48;2;2;6;3m▀[0m[38;2;203;200;200m[48;2;25;25;26m▀[0m[38;2;85;85;85m[48;2;88;88;88m▀[0m[38;2;0;0;0m[48;2;68;68;68m▀[0m[38;2;64;66;65m[48;2;0;0;0m▀[0m[38;2;118;118;119m[48;2;185;183;186m▀[0m[38;2;58;61;61m[48;2;59;56;56m▀[0m[38;2;247;247;247m[48;2;247;247;247m▀[0m[38;2;247;247;242m[48;2;247;247;247m▀[0m[38;2;239;237;232m[48;2;233;235;237m▀[0m[38;2;194;193;190m[48;2;116;118;119m▀[0m[38;2;69;69;70m[48;2;86;88;86m▀[0m[38;2;0;0;0m[48;2;0;0;0m▀[0m[38;2;0;0;0m[48;2;0;0;0m▀[0m[38;2;0;0;0m[48;2;0;0;0m▀[0m[38;2;4;4;5m[48;2;4;6;11m▀[0m[38;2;34;36;38m[48;2;96;98;98m▀[0m[38;2;170;169;166m[48;2;247;247;247m▀[0m
[38;2;194;190;179m[48;2;194;190;179m▀[0m[38;2;194;190;180m[48;2;194;188;179m▀[0m[38;2;194;190;179m[48;2;194;188;179m▀[0m[38;2;194;189;179m[48;2;194;189;178m▀[0m[38;2;194;188;179m[48;2;194;190;177m▀[0m[38;2;194;189;179m[48;2;194;188;179m▀[0m[38;2;194;190;179m[48;2;194;190;179m▀[0m[38;2;194;190;179m[48;2;194;190;179m▀[0m[38;2;194;190;179m[48;2;194;190;179m▀[0m[38;2;194;190;179m[48;2;195;189;178m▀[0m[38;2;194;190;179m[48;2;194;188;177m▀[0m[38;2;194;190;180m[48;2;194;189;176m▀[0m[38;2;194;190;179m[48;2;193;189;178m▀[0m[38;2;194;190;179m[48;2;193;189;178m▀[0m[38;2;195;189;178m[48;2;194;189;178m▀[0m[38;2;194;190;179m[48;2;194;189;178m▀[0m[38;2;194;190;179m[48;2;193;189;179m▀[0m[38;2;194;190;180m[48;2;191;189;178m▀[0m[38;2;194;190;179m[48;2;193;189;176m▀[0m[38;2;194;190;179m[48;2;194;189;176m▀[0m[38;2;193;189;178m[48;2;194;190;177m▀[0m[38;2;193;189;178m[48;2;193;189;178m▀[0m[38;2;194;189;179m[48;2;194;189;178m▀[0m[38;2;194;190;177m[48;2;194;190;177m▀[0m[38;2;194;190;177m[48;2;193;189;178m▀[0m[38;2;194;190;179m[48;2;191;189;178m▀[0m[38;2;192;190;179m[48;2;191;189;179m▀[0m[38;2;193;189;178m[48;2;192;188;178m▀[0m[38;2;194;189;179m[48;2;192;187;177m▀[0m[38;2;193;189;178m[48;2;192;187;177m▀[0m[38;2;191;189;178m[48;2;192;188;178m▀[0m[38;2;192;188;178m[48;2;192;186;178m▀[0m[38;2;191;187;177m[48;2;191;187;178m▀[0m[38;2;191;187;177m[48;2;191;187;178m▀[0m[38;2;194;187;182m[48;2;191;190;181m▀[0m[38;2;199;197;187m[48;2;200;198;188m▀[0m[38;2;218;216;206m[48;2;223;219;210m▀[0m[38;2;5;12;16m[48;2;0;2;8m▀[0m[38;2;174;174;164m[48;2;171;170;161m▀[0m[38;2;217;210;202m[48;2;221;215;201m▀[0m[38;2;192;190;177m[48;2;191;188;174m▀[0m[38;2;190;189;178m[48;2;200;196;183m▀[0m[38;2;247;247;247m[48;2;247;247;247m▀[0m[38;2;195;201;201m[48;2;152;154;156m▀[0m[38;2;0;0;0m[48;2;0;0;0m▀[0m[38;2;12;19;20m[48;2;0;0;0m▀[0m[38;2;64;27;27m[48;2;81;53;55m▀[0m[38;2;0;0;0m[48;2;24;15;16m▀[0m[38;2;0;0;0m[48;2;0;0;0m▀[0m[38;2;0;0;0m[48;2;0;0;0m▀[0m[38;2;0;0;0m[48;2;0;0;0m▀[0m[38;2;149;0;0m[48;2;95;0;0m▀[0m[38;2;37;0;0m[48;2;0;0;0m▀[0m[38;2;0;0;0m[48;2;0;0;0m▀[0m[38;2;0;0;0m[48;2;0;0;0m▀[0m[38;2;29;37;41m[48;2;71;75;76m▀[0m[38;2;0;0;0m[48;2;0;0;0m▀[0m[38;2;16;15;15m[48;2;62;60;63m▀[0m[38;2;247;245;239m[48;2;219;210;208m▀[0m[38;2;247;247;247m[48;2;230;221;213m▀[0m[38;2;149;148;143m[48;2;247;247;247m▀[0m[38;2;173;170;170m[48;2;247;243;246m▀[0m[38;2;26;26;27m[48;2;76;76;78m▀[0m[38;2;37;39;41m[48;2;0;0;0m▀[0m[38;2;78;78;78m[48;2;63;63;64m▀[0m[38;2;0;0;2m[48;2;0;0;0m▀[0m[38;2;0;0;0m[48;2;0;0;0m▀[0m[38;2;17;23;32m[48;2;0;0;0m▀[0m[38;2;36;38;44m[48;2;25;25;27m▀[0m[38;2;2;4;4m[48;2;0;0;0m▀[0m[38;2;0;0;0m[48;2;0;0;0m▀[0m[38;2;0;0;0m[48;2;0;0;0m▀[0m[38;2;0;0;0m[48;2;0;0;0m▀[0m[38;2;0;0;0m[48;2;0;0;3m▀[0m[38;2;154;150;152m[48;2;247;245;236m▀[0m[38;2;246;236;228m[48;2;170;166;161m▀[0m
[38;2;194;189;179m[48;2;193;189;178m▀[0m[38;2;193;189;179m[48;2;193;189;178m▀[0m[38;2;193;189;178m[48;2;194;189;178m▀[0m[38;2;193;189;178m[48;2;193;189;176m▀[0m[38;2;194;189;178m[48;2;193;189;176m▀[0m[38;2;194;189;178m[48;2;194;189;178m▀[0m[38;2;193;189;178m[48;2;193;189;176m▀[0m[38;2;193;189;178m[48;2;193;189;176m▀[0m[38;2;193;189;179m[48;2;193;189;178m▀[0m[38;2;193;189;179m[48;2;194;190;179m▀[0m[38;2;193;189;176m[48;2;193;189;178m▀[0m[38;2;194;189;176m[48;2;193;189;178m▀[0m[38;2;193;189;176m[48;2;193;188;177m▀[0m[38;2;194;189;176m[48;2;193;189;178m▀[0m[38;2;194;190;176m[48;2;191;189;178m▀[0m[38;2;194;189;178m[48;2;191;187;177m▀[0m[38;2;193;189;176m[48;2;191;187;177m▀[0m[38;2;191;189;176m[48;2;191;187;176m▀[0m[38;2;193;189;178m[48;2;192;188;178m▀[0m[38;2;194;189;178m[48;2;192;188;178m▀[0m[38;2;193;189;178m[48;2;190;188;178m▀[0m[38;2;191;189;178m[48;2;191;187;177m▀[0m[38;2;190;188;178m[48;2;191;187;177m▀[0m[38;2;192;188;178m[48;2;192;188;178m▀[0m[38;2;192;186;178m[48;2;191;187;178m▀[0m[38;2;191;187;177m[48;2;191;187;177m▀[0m[38;2;192;186;178m[48;2;191;187;178m▀[0m[38;2;192;187;177m[48;2;190;188;178m▀[0m[38;2;192;188;178m[48;2;190;188;178m▀[0m[38;2;192;186;178m[48;2;190;188;178m▀[0m[38;2;191;187;178m[48;2;190;188;178m▀[0m[38;2;190;188;178m[48;2;192;188;179m▀[0m[38;2;191;187;178m[48;2;192;188;177m▀[0m[38;2;191;187;177m[48;2;190;188;177m▀[0m[38;2;191;190;179m[48;2;193;189;178m▀[0m[38;2;204;201;188m[48;2;203;201;191m▀[0m[38;2;226;222;212m[48;2;222;221;209m▀[0m[38;2;0;2;7m[48;2;0;0;0m▀[0m[38;2;172;171;161m[48;2;168;167;157m▀[0m[38;2;221;214;203m[48;2;222;216;203m▀[0m[38;2;202;193;181m[48;2;201;197;187m▀[0m[38;2;177;175;162m[48;2;171;171;165m▀[0m[38;2;247;247;247m[48;2;247;247;247m▀[0m[38;2;103;103;103m[48;2;54;54;56m▀[0m[38;2;0;0;0m[48;2;0;0;0m▀[0m[38;2;0;0;0m[48;2;0;0;0m▀[0m[38;2;71;53;57m[48;2;100;103;104m▀[0m[38;2;55;46;47m[48;2;128;129;130m▀[0m[38;2;0;0;0m[48;2;0;0;0m▀[0m[38;2;0;0;0m[48;2;0;0;0m▀[0m[38;2;0;0;0m[48;2;0;0;0m▀[0m[38;2;101;5;0m[48;2;177;4;0m▀[0m[38;2;0;0;0m[48;2;1;0;0m▀[0m[38;2;0;0;0m[48;2;0;0;0m▀[0m[38;2;0;0;0m[48;2;11;15;16m▀[0m[38;2;147;147;148m[48;2;87;93;92m▀[0m[38;2;0;0;0m[48;2;0;0;0m▀[0m[38;2;44;44;49m[48;2;42;42;47m▀[0m[38;2;0;0;0m[48;2;0;0;0m▀[0m[38;2;0;0;0m[48;2;0;0;0m▀[0m[38;2;0;0;0m[48;2;17;20;26m▀[0m[38;2;0;0;0m[48;2;0;0;0m▀[0m[38;2;0;0;0m[48;2;0;0;0m▀[0m[38;2;17;17;21m[48;2;18;16;19m▀[0m[38;2;38;38;48m[48;2;44;44;49m▀[0m[38;2;35;38;39m[48;2;70;70;71m▀[0m[38;2;0;0;0m[48;2;0;0;0m▀[0m[38;2;0;0;0m[48;2;9;9;9m▀[0m[38;2;0;0;0m[48;2;69;69;70m▀[0m[38;2;33;31;34m[48;2;51;51;52m▀[0m[38;2;11;7;13m[48;2;0;0;0m▀[0m[38;2;0;0;0m[48;2;0;0;0m▀[0m[38;2;0;0;0m[48;2;0;0;0m▀[0m[38;2;109;105;105m[48;2;158;157;157m▀[0m[38;2;214;207;206m[48;2;167;164;166m▀[0m[38;2;189;183;182m[48;2;129;127;125m▀[0m
[38;2;192;188;175m[48;2;191;187;178m▀[0m[38;2;193;188;177m[48;2;191;187;177m▀[0m[38;2;192;188;175m[48;2;189;187;176m▀[0m[38;2;192;188;175m[48;2;189;187;176m▀[0m[38;2;193;189;178m[48;2;189;187;178m▀[0m[38;2;194;189;178m[48;2;190;188;178m▀[0m[38;2;191;189;176m[48;2;191;187;177m▀[0m[38;2;191;189;178m[48;2;192;188;177m▀[0m[38;2;193;189;178m[48;2;192;186;178m▀[0m[38;2;192;188;178m[48;2;191;187;178m▀[0m[38;2;190;188;178m[48;2;192;188;179m▀[0m[38;2;191;187;178m[48;2;191;187;178m▀[0m[38;2;192;186;178m[48;2;191;187;178m▀[0m[38;2;192;186;178m[48;2;192;186;178m▀[0m[38;2;192;188;178m[48;2;192;188;178m▀[0m[38;2;192;186;178m[48;2;190;189;179m▀[0m[38;2;192;186;178m[48;2;192;188;178m▀[0m[38;2;192;188;178m[48;2;191;187;178m▀[0m[38;2;191;187;180m[48;2;192;188;179m▀[0m[38;2;192;188;179m[48;2;192;188;178m▀[0m[38;2;192;186;178m[48;2;191;187;177m▀[0m[38;2;192;186;178m[48;2;189;187;177m▀[0m[38;2;192;187;177m[48;2;189;187;177m▀[0m[38;2;190;188;178m[48;2;189;187;178m▀[0m[38;2;190;188;178m[48;2;191;187;176m▀[0m[38;2;190;188;178m[48;2;191;187;177m▀[0m[38;2;190;188;178m[48;2;191;187;178m▀[0m[38;2;190;188;179m[48;2;190;188;177m▀[0m[38;2;192;188;178m[48;2;191;187;177m▀[0m[38;2;189;188;177m[48;2;190;186;175m▀[0m[38;2;190;188;177m[48;2;190;186;176m▀[0m[38;2;192;188;177m[48;2;191;187;176m▀[0m[38;2;190;188;177m[48;2;191;187;177m▀[0m[38;2;190;188;178m[48;2;190;186;176m▀[0m[38;2;194;190;179m[48;2;194;189;178m▀[0m[38;2;203;203;193m[48;2;208;206;196m▀[0m[38;2;220;219;207m[48;2;210;210;202m▀[0m[38;2;0;0;0m[48;2;0;0;0m▀[0m[38;2;157;156;150m[48;2;163;162;157m▀[0m[38;2;229;225;215m[48;2;237;232;223m▀[0m[38;2;181;180;168m[48;2;166;166;160m▀[0m[38;2;216;213;215m[48;2;247;247;247m▀[0m[38;2;247;247;247m[48;2;195;195;197m▀[0m[38;2;0;0;0m[48;2;0;0;0m▀[0m[38;2;0;0;0m[48;2;0;0;0m▀[0m[38;2;0;0;0m[48;2;0;0;0m▀[0m[38;2;4;8;9m[48;2;0;0;0m▀[0m[38;2;61;71;78m[48;2;95;56;60m▀[0m[38;2;0;0;0m[48;2;5;0;0m▀[0m[38;2;0;0;0m[48;2;0;0;0m▀[0m[38;2;0;0;0m[48;2;0;0;0m▀[0m[38;2;239;1;0m[48;2;12;1;0m▀[0m[38;2;0;0;0m[48;2;0;0;0m▀[0m[38;2;0;0;0m[48;2;0;0;0m▀[0m[38;2;24;24;32m[48;2;35;39;40m▀[0m[38;2;34;37;38m[48;2;65;68;68m▀[0m[38;2;0;0;0m[48;2;0;0;0m▀[0m[38;2;64;64;67m[48;2;73;76;80m▀[0m[38;2;0;0;0m[48;2;0;0;0m▀[0m[38;2;0;0;0m[48;2;0;0;0m▀[0m[38;2;53;59;63m[48;2;64;64;65m▀[0m[38;2;0;0;3m[48;2;38;38;39m▀[0m[38;2;0;0;0m[48;2;0;0;0m▀[0m[38;2;14;16;16m[48;2;3;3;4m▀[0m[38;2;36;36;38m[48;2;34;34;38m▀[0m[38;2;110;110;112m[48;2;95;93;97m▀[0m[38;2;69;69;67m[48;2;0;0;0m▀[0m[38;2;70;70;70m[48;2;0;0;0m▀[0m[38;2;31;31;31m[48;2;0;0;0m▀[0m[38;2;0;0;0m[48;2;0;0;0m▀[0m[38;2;0;0;0m[48;2;0;0;0m▀[0m[38;2;0;0;0m[48;2;0;0;0m▀[0m[38;2;10;9;10m[48;2;32;33;35m▀[0m[38;2;96;97;96m[48;2;79;81;79m▀[0m[38;2;133;136;135m[48;2;171;170;167m▀[0m[38;2;215;209;204m[48;2;247;247;247m▀[0m
[38;2;192;188;178m[48;2;192;188;178m▀[0m[38;2;192;188;178m[48;2;190;188;178m▀[0m[38;2;191;187;178m[48;2;189;188;177m▀[0m[38;2;191;187;177m[48;2;189;187;177m▀[0m[38;2;191;187;178m[48;2;190;188;178m▀[0m[38;2;192;186;178m[48;2;191;187;178m▀[0m[38;2;192;186;178m[48;2;190;188;178m▀[0m[38;2;192;188;178m[48;2;190;188;178m▀[0m[38;2;191;187;178m[48;2;190;188;177m▀[0m[38;2;192;188;178m[48;2;190;188;177m▀[0m[38;2;191;189;178m[48;2;191;187;177m▀[0m[38;2;192;188;178m[48;2;191;187;176m▀[0m[38;2;192;188;178m[48;2;191;187;176m▀[0m[38;2;190;188;177m[48;2;191;187;176m▀[0m[38;2;190;188;177m[48;2;191;187;176m▀[0m[38;2;190;188;177m[48;2;191;186;176m▀[0m[38;2;190;188;177m[48;2;190;186;176m▀[0m[38;2;189;187;177m[48;2;190;184;176m▀[0m[38;2;191;187;177m[48;2;191;186;176m▀[0m[38;2;191;187;176m[48;2;191;186;176m▀[0m[38;2;191;186;175m[48;2;190;186;175m▀[0m[38;2;190;186;176m[48;2;191;186;176m▀[0m[38;2;190;186;175m[48;2;190;186;177m▀[0m[38;2;190;186;176m[48;2;190;186;176m▀[0m[38;2;191;186;176m[48;2;189;187;177m▀[0m[38;2;191;186;176m[48;2;188;186;177m▀[0m[38;2;191;185;177m[48;2;188;186;177m▀[0m[38;2;190;186;176m[48;2;191;185;177m▀[0m[38;2;191;186;176m[48;2;189;187;177m▀[0m[38;2;190;186;176m[48;2;189;187;178m▀[0m[38;2;189;187;177m[48;2;189;188;178m▀[0m[38;2;191;187;176m[48;2;189;188;178m▀[0m[38;2;191;187;176m[48;2;189;187;177m▀[0m[38;2;188;187;177m[48;2;191;187;177m▀[0m[38;2;193;191;182m[48;2;195;188;180m▀[0m[38;2;217;215;204m[48;2;226;221;211m▀[0m[38;2;194;194;185m[48;2;161;161;153m▀[0m[38;2;0;0;0m[48;2;16;13;23m▀[0m[38;2;168;167;161m[48;2;137;136;131m▀[0m[38;2;234;232;220m[48;2;242;240;227m▀[0m[38;2;166;169;165m[48;2;150;155;151m▀[0m[38;2;244;247;247m[48;2;198;201;205m▀[0m[38;2;129;126;128m[48;2;46;46;48m▀[0m[38;2;0;0;0m[48;2;0;0;0m▀[0m[38;2;93;93;95m[48;2;226;229;233m▀[0m[38;2;0;0;0m[48;2;0;0;0m▀[0m[38;2;0;0;0m[48;2;0;0;0m▀[0m[38;2;160;69;63m[48;2;76;80;81m▀[0m[38;2;80;0;0m[48;2;0;0;0m▀[0m[38;2;0;0;0m[48;2;0;0;0m▀[0m[38;2;0;0;0m[48;2;0;0;0m▀[0m[38;2;0;0;0m[48;2;0;0;0m▀[0m[38;2;0;3;7m[48;2;20;23;28m▀[0m[38;2;12;15;21m[48;2;11;13;15m▀[0m[38;2;25;29;30m[48;2;14;14;15m▀[0m[38;2;131;131;131m[48;2;124;127;127m▀[0m[38;2;0;0;0m[48;2;0;0;0m▀[0m[38;2;96;97;98m[48;2;107;110;109m▀[0m[38;2;5;5;5m[48;2;20;23;20m▀[0m[38;2;0;0;0m[48;2;0;0;0m▀[0m[38;2;41;41;42m[48;2;23;20;22m▀[0m[38;2;79;76;78m[48;2;64;64;62m▀[0m[38;2;0;0;0m[48;2;15;15;16m▀[0m[38;2;0;0;0m[48;2;0;0;0m▀[0m[38;2;17;15;22m[48;2;6;4;8m▀[0m[38;2;143;146;148m[48;2;124;127;130m▀[0m[38;2;69;69;71m[48;2;149;149;147m▀[0m[38;2;0;0;0m[48;2;0;0;0m▀[0m[38;2;0;0;0m[48;2;0;0;0m▀[0m[38;2;0;0;0m[48;2;0;0;0m▀[0m[38;2;0;0;0m[48;2;0;0;0m▀[0m[38;2;0;0;0m[48;2;15;11;17m▀[0m[38;2;32;31;36m[48;2;12;14;16m▀[0m[38;2;99;101;102m[48;2;0;0;0m▀[0m[38;2;170;169;167m[48;2;175;174;175m▀[0m[38;2;247;247;247m[48;2;247;247;247m▀[0m
[38;2;191;186;176m[48;2;190;184;176m▀[0m[38;2;191;187;176m[48;2;190;184;176m▀[0m[38;2;189;187;177m[48;2;191;186;176m▀[0m[38;2;189;187;177m[48;2;190;184;176m▀[0m[38;2;191;187;177m[48;2;190;184;176m▀[0m[38;2;191;186;176m[48;2;190;184;176m▀[0m[38;2;190;184;176m[48;2;190;185;175m▀[0m[38;2;190;186;176m[48;2;190;184;176m▀[0m[38;2;191;185;177m[48;2;190;186;177m▀[0m[38;2;190;186;176m[48;2;191;185;177m▀[0m[38;2;191;186;176m[48;2;190;186;176m▀[0m[38;2;190;186;176m[48;2;188;186;176m▀[0m[38;2;191;186;176m[48;2;190;186;177m▀[0m[38;2;190;186;176m[48;2;189;187;178m▀[0m[38;2;191;186;176m[48;2;188;187;177m▀[0m[38;2;189;187;177m[48;2;189;187;177m▀[0m[38;2;190;186;176m[48;2;189;187;178m▀[0m[38;2;190;185;175m[48;2;189;188;178m▀[0m[38;2;189;187;177m[48;2;189;188;178m▀[0m[38;2;191;187;177m[48;2;192;188;177m▀[0m[38;2;189;187;177m[48;2;192;188;177m▀[0m[38;2;190;188;178m[48;2;192;188;177m▀[0m[38;2;189;188;177m[48;2;191;187;176m▀[0m[38;2;189;188;177m[48;2;192;187;177m▀[0m[38;2;189;187;177m[48;2;191;187;176m▀[0m[38;2;189;187;177m[48;2;191;187;176m▀[0m[38;2;189;187;177m[48;2;191;187;177m▀[0m[38;2;192;188;177m[48;2;191;187;177m▀[0m[38;2;191;187;177m[48;2;191;186;176m▀[0m[38;2;191;187;177m[48;2;191;185;177m▀[0m[38;2;191;187;177m[48;2;189;187;177m▀[0m[38;2;191;185;177m[48;2;190;186;177m▀[0m[38;2;191;186;176m[48;2;190;186;177m▀[0m[38;2;190;186;176m[48;2;190;186;177m▀[0m[38;2;191;185;177m[48;2;191;187;178m▀[0m[38;2;225;221;208m[48;2;205;201;192m▀[0m[38;2;148;146;143m[48;2;191;189;182m▀[0m[38;2;0;0;0m[48;2;0;0;0m▀[0m[38;2;112;111;108m[48;2;183;179;172m▀[0m[38;2;247;247;235m[48;2;217;215;205m▀[0m[38;2;131;134;131m[48;2;133;136;133m▀[0m[38;2;161;160;163m[48;2;153;153;155m▀[0m[38;2;8;8;13m[48;2;43;43;43m▀[0m[38;2;0;0;0m[48;2;0;0;0m▀[0m[38;2;247;247;247m[48;2;247;247;247m▀[0m[38;2;11;15;18m[48;2;122;124;126m▀[0m[38;2;0;0;0m[48;2;0;0;0m▀[0m[38;2;74;77;79m[48;2;93;64;60m▀[0m[38;2;18;29;32m[48;2;97;42;38m▀[0m[38;2;0;0;0m[48;2;0;0;0m▀[0m[38;2;0;0;0m[48;2;0;0;0m▀[0m[38;2;30;32;34m[48;2;36;39;43m▀[0m[38;2;5;5;5m[48;2;0;0;0m▀[0m[38;2;21;25;28m[48;2;24;29;33m▀[0m[38;2;0;0;0m[48;2;0;0;0m▀[0m[38;2;116;114;118m[48;2;119;122;123m▀[0m[38;2;0;0;0m[48;2;0;0;0m▀[0m[38;2;163;163;164m[48;2;32;32;33m▀[0m[38;2;70;73;72m[48;2;178;178;178m▀[0m[38;2;0;0;0m[48;2;10;12;10m▀[0m[38;2;23;20;22m[48;2;11;9;12m▀[0m[38;2;12;14;15m[48;2;0;0;0m▀[0m[38;2;71;73;74m[48;2;0;0;0m▀[0m[38;2;0;0;0m[48;2;0;1;2m▀[0m[38;2;0;0;1m[48;2;0;0;0m▀[0m[38;2;69;72;78m[48;2;35;39;40m▀[0m[38;2;175;174;172m[48;2;202;202;200m▀[0m[38;2;0;0;0m[48;2;0;0;0m▀[0m[38;2;0;0;0m[48;2;0;0;0m▀[0m[38;2;0;0;0m[48;2;0;0;0m▀[0m[38;2;0;0;0m[48;2;0;0;0m▀[0m[38;2;1;0;2m[48;2;0;0;0m▀[0m[38;2;0;0;0m[48;2;0;0;0m▀[0m[38;2;0;0;0m[48;2;0;0;0m▀[0m[38;2;136;135;135m[48;2;173;169;169m▀[0m[38;2;247;247;247m[48;2;97;97;98m▀[0m
[38;2;190;184;176m[48;2;188;187;177m▀[0m[38;2;190;186;176m[48;2;188;187;177m▀[0m[38;2;188;186;176m[48;2;188;187;177m▀[0m[38;2;188;186;177m[48;2;188;188;177m▀[0m[38;2;188;186;176m[48;2;188;187;177m▀[0m[38;2;188;186;176m[48;2;188;187;177m▀[0m[38;2;188;186;176m[48;2;189;187;177m▀[0m[38;2;189;187;177m[48;2;191;187;176m▀[0m[38;2;190;188;178m[48;2;192;187;176m▀[0m[38;2;189;188;177m[48;2;192;187;176m▀[0m[38;2;190;188;178m[48;2;192;187;176m▀[0m[38;2;189;187;177m[48;2;193;186;175m▀[0m[38;2;190;188;177m[48;2;191;187;176m▀[0m[38;2;190;188;177m[48;2;192;187;174m▀[0m[38;2;192;188;177m[48;2;192;187;176m▀[0m[38;2;192;187;176m[48;2;192;187;177m▀[0m[38;2;192;187;176m[48;2;192;188;178m▀[0m[38;2;193;186;175m[48;2;192;188;177m▀[0m[38;2;193;186;177m[48;2;192;188;178m▀[0m[38;2;192;187;176m[48;2;191;187;178m▀[0m[38;2;192;187;177m[48;2;190;188;177m▀[0m[38;2;192;187;177m[48;2;189;188;178m▀[0m[38;2;189;187;176m[48;2;189;187;177m▀[0m[38;2;191;187;177m[48;2;189;187;177m▀[0m[38;2;191;187;177m[48;2;191;186;176m▀[0m[38;2;191;187;177m[48;2;190;186;176m▀[0m[38;2;190;188;178m[48;2;188;186;176m▀[0m[38;2;191;187;177m[48;2;190;184;176m▀[0m[38;2;190;186;176m[48;2;189;185;176m▀[0m[38;2;190;186;177m[48;2;188;186;177m▀[0m[38;2;189;185;176m[48;2;189;185;178m▀[0m[38;2;189;185;176m[48;2;190;184;177m▀[0m[38;2;191;185;177m[48;2;190;186;177m▀[0m[38;2;191;187;178m[48;2;189;187;177m▀[0m[38;2;190;186;177m[48;2;188;186;177m▀[0m[38;2;192;190;181m[48;2;190;188;179m▀[0m[38;2;203;202;191m[48;2;194;188;183m▀[0m[38;2;225;223;212m[48;2;188;188;178m▀[0m[38;2;218;214;204m[48;2;205;204;193m▀[0m[38;2;187;185;178m[48;2;167;167;164m▀[0m[38;2;183;186;191m[48;2;247;247;247m▀[0m[38;2;77;80;82m[48;2;37;40;40m▀[0m[38;2;88;88;88m[48;2;42;45;45m▀[0m[38;2;0;0;0m[48;2;0;0;0m▀[0m[38;2;247;247;247m[48;2;226;237;237m▀[0m[38;2;145;151;154m[48;2;239;247;247m▀[0m[38;2;0;0;0m[48;2;0;25;26m▀[0m[38;2;48;65;69m[48;2;0;55;60m▀[0m[38;2;154;2;0m[48;2;81;0;0m▀[0m[38;2;0;0;0m[48;2;15;0;0m▀[0m[38;2;0;22;27m[48;2;0;0;0m▀[0m[38;2;0;0;0m[48;2;144;150;149m▀[0m[38;2;0;0;0m[48;2;185;205;201m▀[0m[38;2;0;0;0m[48;2;128;138;136m▀[0m[38;2;0;0;0m[48;2;148;166;174m▀[0m[38;2;56;55;56m[48;2;111;129;138m▀[0m[38;2;64;63;64m[48;2;0;0;0m▀[0m[38;2;0;0;0m[48;2;118;120;121m▀[0m[38;2;27;24;27m[48;2;35;35;35m▀[0m[38;2;57;59;60m[48;2;0;0;0m▀[0m[38;2;0;0;0m[48;2;169;163;165m▀[0m[38;2;69;65;63m[48;2;247;247;247m▀[0m[38;2;94;90;89m[48;2;228;215;211m▀[0m[38;2;78;72;69m[48;2;247;247;247m▀[0m[38;2;2;0;0m[48;2;247;247;247m▀[0m[38;2;0;0;0m[48;2;35;25;23m▀[0m[38;2;181;181;181m[48;2;81;87;90m▀[0m[38;2;19;21;22m[48;2;64;67;69m▀[0m[38;2;0;0;0m[48;2;0;0;0m▀[0m[38;2;0;0;0m[48;2;0;0;0m▀[0m[38;2;0;0;0m[48;2;0;0;0m▀[0m[38;2;0;0;0m[48;2;0;0;0m▀[0m[38;2;0;0;0m[48;2;29;31;32m▀[0m[38;2;0;0;0m[48;2;0;0;0m▀[0m[38;2;247;247;247m[48;2;247;247;247m▀[0m[38;2;60;60;60m[48;2;199;194;193m▀[0m
[38;2;188;187;176m[48;2;189;187;176m▀[0m[38;2;190;186;176m[48;2;191;187;177m▀[0m[38;2;191;186;176m[48;2;189;187;177m▀[0m[38;2;191;186;176m[48;2;191;187;177m▀[0m[38;2;191;186;176m[48;2;191;187;177m▀[0m[38;2;190;186;177m[48;2;190;186;177m▀[0m[38;2;191;187;176m[48;2;188;186;175m▀[0m[38;2;191;187;177m[48;2;190;186;177m▀[0m[38;2;191;187;177m[48;2;189;187;177m▀[0m[38;2;192;186;178m[48;2;189;187;176m▀[0m[38;2;191;187;177m[48;2;190;186;176m▀[0m[38;2;191;187;177m[48;2;190;186;176m▀[0m[38;2;191;187;176m[48;2;190;186;176m▀[0m[38;2;191;187;176m[48;2;190;186;176m▀[0m[38;2;191;187;177m[48;2;190;186;177m▀[0m[38;2;189;187;177m[48;2;190;186;177m▀[0m[38;2;191;187;177m[48;2;190;186;176m▀[0m[38;2;191;187;178m[48;2;188;186;177m▀[0m[38;2;191;187;176m[48;2;190;186;177m▀[0m[38;2;190;186;176m[48;2;190;186;176m▀[0m[38;2;190;186;176m[48;2;190;186;177m▀[0m[38;2;190;186;177m[48;2;190;186;177m▀[0m[38;2;190;186;177m[48;2;190;186;177m▀[0m[38;2;188;186;176m[48;2;188;186;176m▀[0m[38;2;190;186;176m[48;2;190;184;176m▀[0m[38;2;190;186;176m[48;2;190;186;177m▀[0m[38;2;188;186;176m[48;2;188;186;177m▀[0m[38;2;189;185;176m[48;2;189;185;176m▀[0m[38;2;189;185;176m[48;2;187;185;176m▀[0m[38;2;188;186;176m[48;2;187;185;176m▀[0m[38;2;188;186;177m[48;2;189;185;176m▀[0m[38;2;189;185;178m[48;2;188;186;176m▀[0m[38;2;188;186;177m[48;2;189;185;176m▀[0m[38;2;188;186;177m[48;2;189;185;176m▀[0m[38;2;188;186;177m[48;2;189;185;178m▀[0m[38;2;187;185;178m[48;2;189;187;181m▀[0m[38;2;193;187;182m[48;2;199;197;189m▀[0m[38;2;194;192;182m[48;2;213;212;202m▀[0m[38;2;198;197;189m[48;2;225;226;220m▀[0m[38;2;184;189;185m[48;2;161;169;165m▀[0m[38;2;247;247;247m[48;2;102;114;118m▀[0m[38;2;127;129;129m[48;2;0;36;44m▀[0m[38;2;18;29;32m[48;2;0;37;45m▀[0m[38;2;0;0;0m[48;2;0;0;1m▀[0m[38;2;29;53;56m[48;2;0;12;14m▀[0m[38;2;71;147;150m[48;2;51;0;0m▀[0m[38;2;0;22;22m[48;2;247;0;0m▀[0m[38;2;49;0;0m[48;2;247;244;246m▀[0m[38;2;0;0;0m[48;2;229;125;125m▀[0m[38;2;0;20;21m[48;2;247;1;0m▀[0m[38;2;209;196;196m[48;2;247;247;247m▀[0m[38;2;247;86;68m[48;2;247;116;111m▀[0m[38;2;247;247;247m[48;2;247;140;132m▀[0m[38;2;236;247;247m[48;2;247;247;247m▀[0m[38;2;124;191;197m[48;2;238;171;167m▀[0m[38;2;8;54;64m[48;2;212;200;191m▀[0m[38;2;26;43;47m[48;2;247;247;247m▀[0m[38;2;0;0;0m[48;2;247;247;247m▀[0m[38;2;0;0;0m[48;2;159;141;138m▀[0m[38;2;88;102;103m[48;2;120;100;101m▀[0m[38;2;110;116;117m[48;2;166;184;188m▀[0m[38;2;141;145;139m[48;2;247;247;247m▀[0m[38;2;247;247;244m[48;2;247;247;244m▀[0m[38;2;247;247;247m[48;2;247;237;229m▀[0m[38;2;247;247;247m[48;2;247;247;241m▀[0m[38;2;247;234;226m[48;2;247;247;247m▀[0m[38;2;25;32;35m[48;2;78;76;74m▀[0m[38;2;50;54;55m[48;2;0;0;0m▀[0m[38;2;0;0;0m[48;2;0;0;0m▀[0m[38;2;0;0;0m[48;2;0;0;0m▀[0m[38;2;0;0;0m[48;2;44;44;48m▀[0m[38;2;0;0;0m[48;2;0;0;0m▀[0m[38;2;55;57;57m[48;2;42;42;40m▀[0m[38;2;0;0;0m[48;2;28;28;32m▀[0m[38;2;2;4;4m[48;2;0;0;0m▀[0m[38;2;247;247;247m[48;2;13;11;14m▀[0m
[38;2;190;186;176m[48;2;190;186;177m▀[0m[38;2;188;186;176m[48;2;190;186;177m▀[0m[38;2;190;186;176m[48;2;190;186;177m▀[0m[38;2;190;186;176m[48;2;190;184;176m▀[0m[38;2;190;186;177m[48;2;188;186;177m▀[0m[38;2;189;185;178m[48;2;189;185;176m▀[0m[38;2;189;185;176m[48;2;189;185;176m▀[0m[38;2;190;186;177m[48;2;190;186;176m▀[0m[38;2;190;186;177m[48;2;190;184;176m▀[0m[38;2;190;186;176m[48;2;191;185;177m▀[0m[38;2;191;185;177m[48;2;190;186;176m▀[0m[38;2;190;186;177m[48;2;188;186;177m▀[0m[38;2;190;186;177m[48;2;190;186;177m▀[0m[38;2;190;186;176m[48;2;190;186;176m▀[0m[38;2;190;186;176m[48;2;190;186;176m▀[0m[38;2;190;184;176m[48;2;189;185;176m▀[0m[38;2;190;186;176m[48;2;189;185;176m▀[0m[38;2;190;186;177m[48;2;189;185;176m▀[0m[38;2;190;186;177m[48;2;190;184;176m▀[0m[38;2;190;186;176m[48;2;189;183;176m▀[0m[38;2;189;185;176m[48;2;188;184;175m▀[0m[38;2;189;185;176m[48;2;187;185;176m▀[0m[38;2;190;186;177m[48;2;189;185;176m▀[0m[38;2;189;185;176m[48;2;188;186;177m▀[0m[38;2;189;185;176m[48;2;189;185;178m▀[0m[38;2;189;185;176m[48;2;187;185;176m▀[0m[38;2;189;185;176m[48;2;187;185;176m▀[0m[38;2;189;185;176m[48;2;187;185;176m▀[0m[38;2;189;185;176m[48;2;187;185;175m▀[0m[38;2;189;185;175m[48;2;189;185;176m▀[0m[38;2;189;185;176m[48;2;187;185;176m▀[0m[38;2;189;185;176m[48;2;187;185;175m▀[0m[38;2;187;185;176m[48;2;187;186;174m▀[0m[38;2;187;185;176m[48;2;188;186;175m▀[0m[38;2;186;184;175m[48;2;187;189;172m▀[0m[38;2;197;194;181m[48;2;195;197;182m▀[0m[38;2;185;186;175m[48;2;184;188;177m▀[0m[38;2;12;18;21m[48;2;130;140;131m▀[0m[38;2;221;228;221m[48;2;129;151;147m▀[0m[38;2;47;68;72m[48;2;0;19;31m▀[0m[38;2;0;68;83m[48;2;44;0;0m▀[0m[38;2;13;21;25m[48;2;247;0;0m▀[0m[38;2;22;53;47m[48;2;247;14;9m▀[0m[38;2;132;109;107m[48;2;247;121;120m▀[0m[38;2;247;4;8m[48;2;247;66;63m▀[0m[38;2;247;0;0m[48;2;99;37;43m▀[0m[38;2;247;60;45m[48;2;0;0;0m▀[0m[38;2;168;67;64m[48;2;196;121;118m▀[0m[38;2;228;152;155m[48;2;247;136;136m▀[0m[38;2;247;0;0m[48;2;247;0;0m▀[0m[38;2;247;0;0m[48;2;247;90;80m▀[0m[38;2;247;0;0m[48;2;247;120;116m▀[0m[38;2;247;146;146m[48;2;247;149;149m▀[0m[38;2;247;14;11m[48;2;247;85;84m▀[0m[38;2;247;62;59m[48;2;247;0;0m▀[0m[38;2;247;105;107m[48;2;247;38;37m▀[0m[38;2;247;63;63m[48;2;247;207;205m▀[0m[38;2;247;241;234m[48;2;247;124;109m▀[0m[38;2;247;247;247m[48;2;247;239;228m▀[0m[38;2;247;76;68m[48;2;243;226;223m▀[0m[38;2;247;247;247m[48;2;239;119;112m▀[0m[38;2;247;247;247m[48;2;247;247;247m▀[0m[38;2;247;234;228m[48;2;246;234;226m▀[0m[38;2;246;233;226m[48;2;246;233;226m▀[0m[38;2;247;240;232m[48;2;247;234;229m▀[0m[38;2;247;247;247m[48;2;247;247;247m▀[0m[38;2;140;132;126m[48;2;191;183;175m▀[0m[38;2;0;0;0m[48;2;0;0;0m▀[0m[38;2;0;0;0m[48;2;0;0;0m▀[0m[38;2;0;0;0m[48;2;9;11;15m▀[0m[38;2;221;224;225m[48;2;247;247;247m▀[0m[38;2;0;0;0m[48;2;0;0;0m▀[0m[38;2;0;0;0m[48;2;0;0;0m▀[0m[38;2;64;64;64m[48;2;23;23;24m▀[0m[38;2;0;0;0m[48;2;0;0;0m▀[0m[38;2;0;0;0m[48;2;0;0;0m▀[0m
[38;2;188;186;176m[48;2;189;185;176m▀[0m[38;2;188;186;177m[48;2;189;185;175m▀[0m[38;2;190;186;177m[48;2;189;185;176m▀[0m[38;2;190;186;179m[48;2;189;185;176m▀[0m[38;2;188;186;177m[48;2;189;185;176m▀[0m[38;2;187;185;176m[48;2;189;185;176m▀[0m[38;2;189;185;176m[48;2;189;185;176m▀[0m[38;2;188;186;177m[48;2;189;185;176m▀[0m[38;2;190;186;177m[48;2;189;185;176m▀[0m[38;2;190;186;177m[48;2;189;185;176m▀[0m[38;2;189;185;176m[48;2;189;185;176m▀[0m[38;2;188;186;177m[48;2;189;185;176m▀[0m[38;2;190;186;177m[48;2;189;185;176m▀[0m[38;2;189;185;176m[48;2;189;185;176m▀[0m[38;2;187;185;175m[48;2;189;185;176m▀[0m[38;2;189;185;176m[48;2;189;185;176m▀[0m[38;2;187;185;176m[48;2;189;185;176m▀[0m[38;2;189;185;176m[48;2;189;185;176m▀[0m[38;2;189;185;176m[48;2;189;185;176m▀[0m[38;2;187;185;176m[48;2;189;185;176m▀[0m[38;2;188;184;175m[48;2;188;184;177m▀[0m[38;2;187;185;176m[48;2;187;185;176m▀[0m[38;2;188;186;177m[48;2;187;185;176m▀[0m[38;2;187;185;176m[48;2;187;185;176m▀[0m[38;2;187;185;176m[48;2;188;186;176m▀[0m[38;2;187;185;176m[48;2;188;186;175m▀[0m[38;2;187;185;176m[48;2;189;187;174m▀[0m[38;2;188;186;176m[48;2;190;187;173m▀[0m[38;2;187;185;175m[48;2;187;186;172m▀[0m[38;2;187;185;175m[48;2;190;190;172m▀[0m[38;2;188;186;173m[48;2;189;189;173m▀[0m[38;2;188;189;172m[48;2;185;186;172m▀[0m[38;2;189;186;172m[48;2;186;186;181m▀[0m[38;2;186;185;174m[48;2;196;196;191m▀[0m[38;2;186;193;178m[48;2;181;189;182m▀[0m[38;2;196;201;189m[48;2;151;183;174m▀[0m[38;2;207;229;216m[48;2;125;154;149m▀[0m[38;2;230;247;247m[48;2;134;95;93m▀[0m[38;2;0;71;75m[48;2;239;71;69m▀[0m[38;2;82;0;0m[48;2;247;0;0m▀[0m[38;2;247;0;0m[48;2;247;247;247m▀[0m[38;2;247;145;138m[48;2;139;247;247m▀[0m[38;2;247;247;245m[48;2;0;0;8m▀[0m[38;2;247;42;43m[48;2;0;0;0m▀[0m[38;2;184;0;0m[48;2;1;0;0m▀[0m[38;2;0;0;0m[48;2;247;5;1m▀[0m[38;2;153;0;0m[48;2;247;48;19m▀[0m[38;2;247;63;43m[48;2;150;36;29m▀[0m[38;2;247;17;0m[48;2;46;78;76m▀[0m[38;2;247;0;0m[48;2;39;82;84m▀[0m[38;2;247;51;44m[48;2;106;98;101m▀[0m[38;2;247;247;247m[48;2;241;0;0m▀[0m[38;2;247;247;247m[48;2;247;93;75m▀[0m[38;2;241;247;247m[48;2;246;207;199m▀[0m[38;2;235;247;247m[48;2;243;247;247m▀[0m[38;2;247;97;94m[48;2;240;247;247m▀[0m[38;2;247;0;0m[48;2;247;165;156m▀[0m[38;2;244;247;247m[48;2;247;42;38m▀[0m[38;2;240;247;247m[48;2;245;247;247m▀[0m[38;2;245;247;247m[48;2;247;245;240m▀[0m[38;2;239;198;196m[48;2;247;247;247m▀[0m[38;2;243;236;231m[48;2;244;238;233m▀[0m[38;2;242;236;229m[48;2;241;233;230m▀[0m[38;2;243;231;226m[48;2;243;231;226m▀[0m[38;2;247;237;231m[48;2;246;237;231m▀[0m[38;2;247;247;247m[48;2;247;247;247m▀[0m[38;2;247;242;237m[48;2;247;247;247m▀[0m[38;2;0;0;0m[48;2;0;0;0m▀[0m[38;2;0;0;0m[48;2;0;0;0m▀[0m[38;2;165;165;167m[48;2;247;247;247m▀[0m[38;2;247;247;247m[48;2;247;247;247m▀[0m[38;2;77;79;81m[48;2;187;190;189m▀[0m[38;2;0;0;0m[48;2;0;0;0m▀[0m[38;2;0;0;0m[48;2;0;0;0m▀[0m[38;2;0;0;0m[48;2;0;0;0m▀[0m[38;2;2;2;4m[48;2;0;0;0m▀[0m
[38;2;189;185;176m[48;2;187;185;176m▀[0m[38;2;189;185;176m[48;2;187;185;176m▀[0m[38;2;187;185;176m[48;2;187;185;176m▀[0m[38;2;187;185;176m[48;2;187;185;176m▀[0m[38;2;189;185;176m[48;2;187;185;176m▀[0m[38;2;187;185;176m[48;2;189;185;178m▀[0m[38;2;189;185;176m[48;2;189;185;176m▀[0m[38;2;189;185;175m[48;2;189;185;176m▀[0m[38;2;189;185;175m[48;2;187;185;176m▀[0m[38;2;188;184;175m[48;2;188;184;175m▀[0m[38;2;187;185;176m[48;2;187;185;176m▀[0m[38;2;189;185;176m[48;2;187;185;176m▀[0m[38;2;187;185;176m[48;2;187;185;176m▀[0m[38;2;189;185;176m[48;2;187;185;176m▀[0m[38;2;188;186;177m[48;2;189;185;176m▀[0m[38;2;189;185;178m[48;2;188;186;175m▀[0m[38;2;187;185;175m[48;2;188;186;175m▀[0m[38;2;189;185;176m[48;2;189;185;174m▀[0m[38;2;188;184;177m[48;2;189;185;172m▀[0m[38;2;189;185;176m[48;2;189;187;174m▀[0m[38;2;187;185;175m[48;2;188;186;175m▀[0m[38;2;189;185;176m[48;2;187;186;175m▀[0m[38;2;188;186;175m[48;2;186;186;175m▀[0m[38;2;190;186;173m[48;2;188;184;175m▀[0m[38;2;188;187;173m[48;2;187;185;175m▀[0m[38;2;188;187;173m[48;2;185;185;175m▀[0m[38;2;187;186;175m[48;2;185;185;175m▀[0m[38;2;187;186;174m[48;2;185;186;179m▀[0m[38;2;188;187;176m[48;2;194;192;186m▀[0m[38;2;191;187;180m[48;2;209;207;197m▀[0m[38;2;194;192;182m[48;2;204;197;190m▀[0m[38;2;210;209;197m[48;2;140;139;132m▀[0m[38;2;196;197;191m[48;2;89;89;89m▀[0m[38;2;134;141;137m[48;2;197;226;227m▀[0m[38;2;129;142;140m[48;2;247;137;129m▀[0m[38;2;165;153;152m[48;2;247;155;148m▀[0m[38;2;217;146;139m[48;2;247;247;245m▀[0m[38;2;247;1;0m[48;2;247;84;74m▀[0m[38;2;247;0;0m[48;2;247;0;0m▀[0m[38;2;247;0;0m[48;2;247;0;0m▀[0m[38;2;247;247;247m[48;2;247;0;0m▀[0m[38;2;191;247;247m[48;2;247;95;84m▀[0m[38;2;65;162;164m[48;2;247;0;0m▀[0m[38;2;96;0;0m[48;2;247;0;0m▀[0m[38;2;247;0;0m[48;2;247;206;183m▀[0m[38;2;247;169;152m[48;2;247;247;247m▀[0m[38;2;136;182;182m[48;2;78;129;139m▀[0m[38;2;0;74;88m[48;2;48;69;73m▀[0m[38;2;8;73;84m[48;2;57;78;87m▀[0m[38;2;75;123;128m[48;2;72;95;100m▀[0m[38;2;121;204;206m[48;2;155;170;166m▀[0m[38;2;114;122;122m[48;2;178;227;231m▀[0m[38;2;247;49;39m[48;2;239;173;171m▀[0m[38;2;247;11;2m[48;2;247;203;192m▀[0m[38;2;247;100;92m[48;2;247;139;127m▀[0m[38;2;239;247;247m[48;2;247;247;247m▀[0m[38;2;245;247;247m[48;2;247;247;247m▀[0m[38;2;247;155;147m[48;2;247;247;247m▀[0m[38;2;247;247;244m[48;2;247;247;247m▀[0m[38;2;247;247;247m[48;2;151;151;152m▀[0m[38;2;207;205;203m[48;2;144;148;148m▀[0m[38;2;247;247;244m[48;2;247;247;247m▀[0m[38;2;244;233;229m[48;2;242;233;229m▀[0m[38;2;242;231;227m[48;2;242;231;228m▀[0m[38;2;247;234;232m[48;2;246;233;232m▀[0m[38;2;247;247;245m[48;2;247;240;236m▀[0m[38;2;247;247;247m[48;2;247;247;247m▀[0m[38;2;19;15;15m[48;2;48;46;43m▀[0m[38;2;52;54;59m[48;2;117;120;125m▀[0m[38;2;247;247;247m[48;2;247;247;247m▀[0m[38;2;247;247;247m[48;2;247;247;247m▀[0m[38;2;247;247;247m[48;2;247;247;247m▀[0m[38;2;0;0;0m[48;2;129;129;129m▀[0m[38;2;0;0;0m[48;2;0;0;0m▀[0m[38;2;0;0;0m[48;2;0;0;0m▀[0m[38;2;0;0;0m[48;2;0;0;0m▀[0m
[38;2;187;185;174m[48;2;187;185;174m▀[0m[38;2;187;185;175m[48;2;187;186;172m▀[0m[38;2;186;185;175m[48;2;187;186;172m▀[0m[38;2;187;185;175m[48;2;187;186;174m▀[0m[38;2;187;185;175m[48;2;187;186;175m▀[0m[38;2;189;185;174m[48;2;188;186;173m▀[0m[38;2;188;186;175m[48;2;188;186;175m▀[0m[38;2;188;186;175m[48;2;186;185;174m▀[0m[38;2;187;186;175m[48;2;186;186;174m▀[0m[38;2;187;185;174m[48;2;185;185;173m▀[0m[38;2;187;186;174m[48;2;185;184;174m▀[0m[38;2;187;186;174m[48;2;186;184;175m▀[0m[38;2;187;186;174m[48;2;186;185;174m▀[0m[38;2;188;186;173m[48;2;185;184;174m▀[0m[38;2;188;186;173m[48;2;185;184;174m▀[0m[38;2;187;186;172m[48;2;185;183;174m▀[0m[38;2;188;186;175m[48;2;185;184;175m▀[0m[38;2;187;186;174m[48;2;185;184;175m▀[0m[38;2;188;186;173m[48;2;186;184;175m▀[0m[38;2;187;185;175m[48;2;187;183;174m▀[0m[38;2;186;184;174m[48;2;187;183;174m▀[0m[38;2;186;184;175m[48;2;186;184;174m▀[0m[38;2;186;184;175m[48;2;185;184;175m▀[0m[38;2;187;183;176m[48;2;186;184;175m▀[0m[38;2;187;183;174m[48;2;185;183;174m▀[0m[38;2;187;183;174m[48;2;185;183;174m▀[0m[38;2;187;183;174m[48;2;187;185;176m▀[0m[38;2;193;185;177m[48;2;195;194;185m▀[0m[38;2;211;207;196m[48;2;204;200;188m▀[0m[38;2;129;130;128m[48;2;0;0;0m▀[0m[38;2;35;40;48m[48;2;71;88;99m▀[0m[38;2;4;11;18m[48;2;223;230;232m▀[0m[38;2;161;156;155m[48;2;247;247;247m▀[0m[38;2;247;247;247m[48;2;247;247;247m▀[0m[38;2;247;158;143m[48;2;247;178;163m▀[0m[38;2;247;218;211m[48;2;247;235;226m▀[0m[38;2;228;230;228m[48;2;239;247;247m▀[0m[38;2;226;236;226m[48;2;247;247;247m▀[0m[38;2;247;64;58m[48;2;247;108;100m▀[0m[38;2;247;57;44m[48;2;247;247;247m▀[0m[38;2;247;73;70m[48;2;241;246;241m▀[0m[38;2;247;0;0m[48;2;133;197;198m▀[0m[38;2;219;115;111m[48;2;218;139;143m▀[0m[38;2;247;37;32m[48;2;154;9;14m▀[0m[38;2;147;244;247m[48;2;0;92;103m▀[0m[38;2;102;139;150m[48;2;47;70;77m▀[0m[38;2;66;91;100m[48;2;67;86;91m▀[0m[38;2;66;80;82m[48;2;76;84;92m▀[0m[38;2;90;103;105m[48;2;73;81;86m▀[0m[38;2;189;191;189m[48;2;139;143;140m▀[0m[38;2;218;217;215m[48;2;247;247;247m▀[0m[38;2;247;247;247m[48;2;247;247;247m▀[0m[38;2;247;226;215m[48;2;247;213;207m▀[0m[38;2;245;223;215m[48;2;247;103;92m▀[0m[38;2;246;182;169m[48;2;247;200;192m▀[0m[38;2;247;247;247m[48;2;247;247;244m▀[0m[38;2;219;223;219m[48;2;247;247;247m▀[0m[38;2;85;98;103m[48;2;13;40;50m▀[0m[38;2;50;68;78m[48;2;0;0;0m▀[0m[38;2;0;5;10m[48;2;0;0;0m▀[0m[38;2;168;166;161m[48;2;201;197;191m▀[0m[38;2;247;247;247m[48;2;247;247;247m▀[0m[38;2;247;235;232m[48;2;247;237;231m▀[0m[38;2;242;231;227m[48;2;243;231;226m▀[0m[38;2;247;234;227m[48;2;245;237;228m▀[0m[38;2;247;238;232m[48;2;247;239;233m▀[0m[38;2;247;247;247m[48;2;247;247;247m▀[0m[38;2;82;76;75m[48;2;118;116;113m▀[0m[38;2;45;51;54m[48;2;29;35;35m▀[0m[38;2;247;247;247m[48;2;247;247;247m▀[0m[38;2;247;247;247m[48;2;247;247;247m▀[0m[38;2;247;247;247m[48;2;247;247;247m▀[0m[38;2;246;246;246m[48;2;247;247;247m▀[0m[38;2;16;16;17m[48;2;247;247;247m▀[0m[38;2;0;0;0m[48;2;0;0;0m▀[0m[38;2;0;0;0m[48;2;0;0;0m▀[0m
[38;2;187;183;176m[48;2;188;184;175m▀[0m[38;2;187;183;174m[48;2;188;184;175m▀[0m[38;2;185;185;175m[48;2;186;184;174m▀[0m[38;2;186;184;175m[48;2;186;184;175m▀[0m[38;2;186;185;175m[48;2;188;182;174m▀[0m[38;2;186;184;175m[48;2;187;183;174m▀[0m[38;2;186;184;175m[48;2;187;183;174m▀[0m[38;2;185;183;174m[48;2;186;184;175m▀[0m[38;2;185;184;175m[48;2;186;184;175m▀[0m[38;2;185;183;174m[48;2;186;184;174m▀[0m[38;2;185;183;174m[48;2;187;183;173m▀[0m[38;2;185;184;174m[48;2;186;182;173m▀[0m[38;2;187;183;176m[48;2;187;183;174m▀[0m[38;2;187;183;176m[48;2;187;183;174m▀[0m[38;2;185;183;174m[48;2;185;183;174m▀[0m[38;2;185;183;174m[48;2;185;183;174m▀[0m[38;2;185;183;174m[48;2;185;183;174m▀[0m[38;2;185;184;174m[48;2;186;184;175m▀[0m[38;2;186;184;174m[48;2;186;184;175m▀[0m[38;2;187;183;174m[48;2;185;183;174m▀[0m[38;2;186;184;173m[48;2;185;184;174m▀[0m[38;2;186;184;174m[48;2;185;184;175m▀[0m[38;2;185;184;177m[48;2;185;184;175m▀[0m[38;2;186;184;175m[48;2;185;183;176m▀[0m[38;2;185;184;174m[48;2;185;183;174m▀[0m[38;2;185;184;175m[48;2;185;183;174m▀[0m[38;2;188;186;180m[48;2;188;187;178m▀[0m[38;2;203;201;192m[48;2;215;211;201m▀[0m[38;2;197;195;183m[48;2;171;167;158m▀[0m[38;2;22;30;30m[48;2;30;38;45m▀[0m[38;2;163;166;170m[48;2;247;247;247m▀[0m[38;2;247;247;247m[48;2;247;247;247m▀[0m[38;2;247;247;247m[48;2;247;247;247m▀[0m[38;2;247;247;247m[48;2;247;247;247m▀[0m[38;2;247;150;135m[48;2;247;145;129m▀[0m[38;2;247;238;230m[48;2;247;247;247m▀[0m[38;2;247;247;247m[48;2;247;247;247m▀[0m[38;2;243;247;247m[48;2;247;219;207m▀[0m[38;2;247;148;134m[48;2;247;141;126m▀[0m[38;2;223;237;233m[48;2;229;215;201m▀[0m[38;2;247;162;156m[48;2;247;247;247m▀[0m[38;2;112;247;247m[48;2;240;31;18m▀[0m[38;2;69;0;0m[48;2;73;29;30m▀[0m[38;2;117;61;64m[48;2;128;79;79m▀[0m[38;2;47;108;116m[48;2;54;107;118m▀[0m[38;2;79;97;100m[48;2;85;93;100m▀[0m[38;2;82;93;97m[48;2;87;95;98m▀[0m[38;2;83;89;93m[48;2;87;95;98m▀[0m[38;2;73;82;88m[48;2;83;90;97m▀[0m[38;2;42;56;61m[48;2;80;89;93m▀[0m[38;2;55;72;77m[48;2;48;59;65m▀[0m[38;2;224;247;247m[48;2;43;116;124m▀[0m[38;2;247;239;225m[48;2;247;55;48m▀[0m[38;2;247;72;57m[48;2;247;204;204m▀[0m[38;2;247;172;162m[48;2;247;154;144m▀[0m[38;2;247;233;224m[48;2;247;216;202m▀[0m[38;2;247;247;247m[48;2;247;247;247m▀[0m[38;2;195;204;200m[48;2;247;247;247m▀[0m[38;2;22;43;51m[48;2;131;140;142m▀[0m[38;2;0;0;0m[48;2;0;0;0m▀[0m[38;2;224;217;208m[48;2;220;210;202m▀[0m[38;2;247;247;247m[48;2;247;247;247m▀[0m[38;2;247;238;230m[48;2;247;238;230m▀[0m[38;2;241;233;228m[48;2;243;228;224m▀[0m[38;2;245;236;230m[48;2;247;247;245m▀[0m[38;2;247;246;237m[48;2;235;174;166m▀[0m[38;2;247;193;183m[48;2;247;247;247m▀[0m[38;2;142;138;135m[48;2;161;166;160m▀[0m[38;2;0;6;7m[48;2;0;0;0m▀[0m[38;2;247;247;247m[48;2;247;247;247m▀[0m[38;2;239;238;239m[48;2;232;234;235m▀[0m[38;2;247;247;247m[48;2;247;247;247m▀[0m[38;2;247;247;247m[48;2;247;247;247m▀[0m[38;2;247;247;247m[48;2;247;247;247m▀[0m[38;2;165;165;165m[48;2;50;50;51m▀[0m[38;2;0;0;0m[48;2;0;0;0m▀[0m
[38;2;186;184;174m[48;2;185;184;175m▀[0m[38;2;187;183;174m[48;2;185;184;174m▀[0m[38;2;185;183;174m[48;2;185;183;174m▀[0m[38;2;185;183;174m[48;2;185;184;174m▀[0m[38;2;187;183;174m[48;2;185;184;175m▀[0m[38;2;184;183;174m[48;2;185;184;175m▀[0m[38;2;185;183;174m[48;2;185;184;175m▀[0m[38;2;185;184;174m[48;2;185;184;175m▀[0m[38;2;185;183;174m[48;2;185;183;176m▀[0m[38;2;187;183;174m[48;2;186;184;175m▀[0m[38;2;187;183;173m[48;2;185;184;174m▀[0m[38;2;187;183;173m[48;2;185;184;174m▀[0m[38;2;185;183;174m[48;2;185;184;175m▀[0m[38;2;185;183;174m[48;2;185;183;174m▀[0m[38;2;185;184;174m[48;2;185;184;174m▀[0m[38;2;186;184;174m[48;2;186;184;175m▀[0m[38;2;185;184;175m[48;2;186;184;177m▀[0m[38;2;185;184;175m[48;2;188;184;177m▀[0m[38;2;186;184;175m[48;2;187;185;175m▀[0m[38;2;186;184;175m[48;2;186;184;175m▀[0m[38;2;185;183;174m[48;2;186;184;175m▀[0m[38;2;185;184;175m[48;2;186;184;175m▀[0m[38;2;185;183;174m[48;2;185;183;174m▀[0m[38;2;186;184;175m[48;2;185;183;174m▀[0m[38;2;185;183;176m[48;2;186;184;175m▀[0m[38;2;185;184;175m[48;2;185;184;174m▀[0m[38;2;190;186;177m[48;2;187;187;175m▀[0m[38;2;221;220;208m[48;2;226;221;211m▀[0m[38;2;129;126;123m[48;2;121;121;118m▀[0m[38;2;0;10;21m[48;2;23;34;45m▀[0m[38;2;52;69;78m[48;2;69;81;87m▀[0m[38;2;86;100;106m[48;2;46;59;66m▀[0m[38;2;169;184;185m[48;2;26;54;60m▀[0m[38;2;247;247;244m[48;2;42;69;80m▀[0m[38;2;247;79;58m[48;2;171;0;0m▀[0m[38;2;244;243;241m[48;2;0;95;110m▀[0m[38;2;175;247;247m[48;2;1;0;0m▀[0m[38;2;229;19;13m[48;2;246;95;82m▀[0m[38;2;247;161;152m[48;2;247;247;247m▀[0m[38;2;247;247;247m[48;2;203;164;155m▀[0m[38;2;247;5;0m[48;2;247;12;3m▀[0m[38;2;247;0;0m[48;2;247;57;44m▀[0m[38;2;91;0;0m[48;2;99;2;3m▀[0m[38;2;79;83;82m[48;2;0;56;67m▀[0m[38;2;87;122;129m[48;2;47;66;71m▀[0m[38;2;89;99;106m[48;2;85;102;108m▀[0m[38;2;89;97;100m[48;2;99;110;114m▀[0m[38;2;86;94;97m[48;2;99;106;114m▀[0m[38;2;86;93;97m[48;2;94;104;111m▀[0m[38;2;83;92;95m[48;2;93;99;107m▀[0m[38;2;77;86;93m[48;2;85;98;103m▀[0m[38;2;44;82;92m[48;2;63;80;85m▀[0m[38;2;77;24;28m[48;2;0;48;59m▀[0m[38;2;63;109;122m[48;2;0;20;28m▀[0m[38;2;241;0;0m[48;2;176;0;0m▀[0m[38;2;172;97;92m[48;2;103;115;121m▀[0m[38;2;244;247;247m[48;2;242;246;240m▀[0m[38;2;247;247;247m[48;2;247;247;247m▀[0m[38;2;151;157;158m[48;2;97;108;116m▀[0m[38;2;0;0;0m[48;2;0;0;0m▀[0m[38;2;206;199;192m[48;2;190;184;181m▀[0m[38;2;247;247;247m[48;2;247;247;247m▀[0m[38;2;247;238;231m[48;2;247;240;233m▀[0m[38;2;242;230;224m[48;2;247;235;227m▀[0m[38;2;245;241;234m[48;2;247;235;228m▀[0m[38;2;243;214;205m[48;2;247;247;247m▀[0m[38;2;247;247;247m[48;2;247;247;247m▀[0m[38;2;151;150;143m[48;2;113;96;97m▀[0m[38;2;0;0;0m[48;2;0;0;0m▀[0m[38;2;247;247;247m[48;2;227;234;232m▀[0m[38;2;241;241;241m[48;2;247;247;247m▀[0m[38;2;247;247;247m[48;2;247;247;247m▀[0m[38;2;247;247;247m[48;2;247;247;247m▀[0m[38;2;247;247;247m[48;2;247;247;247m▀[0m[38;2;213;213;215m[48;2;247;247;247m▀[0m[38;2;0;0;0m[48;2;0;0;0m▀[0m
[38;2;185;183;176m[48;2;184;183;173m▀[0m[38;2;185;183;174m[48;2;185;183;173m▀[0m[38;2;185;183;174m[48;2;185;183;174m▀[0m[38;2;185;184;174m[48;2;185;184;175m▀[0m[38;2;185;184;175m[48;2;185;184;175m▀[0m[38;2;185;184;175m[48;2;185;183;174m▀[0m[38;2;187;183;174m[48;2;185;184;174m▀[0m[38;2;186;184;175m[48;2;185;184;174m▀[0m[38;2;186;184;175m[48;2;185;183;174m▀[0m[38;2;185;184;174m[48;2;185;183;174m▀[0m[38;2;185;185;175m[48;2;185;184;174m▀[0m[38;2;186;184;175m[48;2;185;184;174m▀[0m[38;2;185;184;175m[48;2;185;184;175m▀[0m[38;2;185;184;175m[48;2;185;183;174m▀[0m[38;2;185;183;174m[48;2;186;184;175m▀[0m[38;2;185;184;175m[48;2;187;183;176m▀[0m[38;2;186;184;175m[48;2;185;184;175m▀[0m[38;2;187;185;175m[48;2;185;183;176m▀[0m[38;2;186;184;175m[48;2;185;183;176m▀[0m[38;2;185;184;175m[48;2;185;183;176m▀[0m[38;2;186;184;175m[48;2;185;183;176m▀[0m[38;2;186;184;175m[48;2;185;183;174m▀[0m[38;2;185;183;174m[48;2;185;183;174m▀[0m[38;2;185;183;174m[48;2;185;184;174m▀[0m[38;2;187;183;174m[48;2;184;182;173m▀[0m[38;2;185;184;174m[48;2;184;183;174m▀[0m[38;2;190;186;176m[48;2;187;185;175m▀[0m[38;2;216;214;204m[48;2;207;205;196m▀[0m[38;2;148;148;145m[48;2;182;181;172m▀[0m[38;2;39;51;59m[48;2;23;30;38m▀[0m[38;2;77;88;96m[48;2;80;93;102m▀[0m[38;2;77;92;96m[48;2;89;100;106m▀[0m[38;2;76;91;96m[48;2;89;103;108m▀[0m[38;2;61;89;95m[48;2;71;106;112m▀[0m[38;2;9;110;118m[48;2;0;36;39m▀[0m[38;2;26;0;0m[48;2;247;10;0m▀[0m[38;2;247;0;0m[48;2;247;112;97m▀[0m[38;2;247;247;247m[48;2;247;247;247m▀[0m[38;2;247;247;247m[48;2;148;177;174m▀[0m[38;2;0;25;28m[48;2;0;31;44m▀[0m[38;2;166;247;247m[48;2;116;185;186m▀[0m[38;2;247;127;122m[48;2;247;0;0m▀[0m[38;2;247;0;0m[48;2;247;67;62m▀[0m[38;2;55;65;76m[48;2;149;97;97m▀[0m[38;2;3;41;44m[48;2;22;77;88m▀[0m[38;2;9;16;16m[48;2;34;46;53m▀[0m[38;2;27;30;34m[48;2;12;24;32m▀[0m[38;2;36;42;47m[48;2;0;13;23m▀[0m[38;2;29;42;47m[48;2;12;30;35m▀[0m[38;2;17;33;37m[48;2;51;86;94m▀[0m[38;2;0;5;17m[48;2;127;169;170m▀[0m[38;2;0;0;9m[48;2;238;247;247m▀[0m[38;2;77;92;92m[48;2;247;247;247m▀[0m[38;2;240;233;226m[48;2;247;247;247m▀[0m[38;2;247;247;247m[48;2;247;244;234m▀[0m[38;2;247;247;247m[48;2;247;222;214m▀[0m[38;2;247;247;247m[48;2;247;247;247m▀[0m[38;2;247;247;247m[48;2;172;171;169m▀[0m[38;2;24;38;50m[48;2;0;0;0m▀[0m[38;2;0;0;0m[48;2;0;0;0m▀[0m[38;2;172;174;174m[48;2;156;159;161m▀[0m[38;2;247;247;247m[48;2;247;247;247m▀[0m[38;2;247;239;232m[48;2;247;245;238m▀[0m[38;2;247;240;229m[48;2;245;227;222m▀[0m[38;2;247;247;244m[48;2;247;167;158m▀[0m[38;2;247;247;247m[48;2;247;247;247m▀[0m[38;2;247;247;247m[48;2;247;246;240m▀[0m[38;2;85;76;77m[48;2;60;68;75m▀[0m[38;2;0;0;0m[48;2;0;0;0m▀[0m[38;2;201;207;210m[48;2;124;129;132m▀[0m[38;2;247;247;247m[48;2;247;247;247m▀[0m[38;2;247;247;247m[48;2;247;247;247m▀[0m[38;2;247;247;247m[48;2;247;247;247m▀[0m[38;2;247;247;247m[48;2;247;247;247m▀[0m[38;2;149;149;150m[48;2;66;72;73m▀[0m[38;2;0;0;0m[48;2;0;0;0m▀[0m
[38;2;184;182;173m[48;2;183;182;173m▀[0m[38;2;184;182;173m[48;2;184;182;173m▀[0m[38;2;186;182;173m[48;2;183;181;172m▀[0m[38;2;184;183;174m[48;2;184;182;172m▀[0m[38;2;184;183;174m[48;2;184;182;173m▀[0m[38;2;184;182;173m[48;2;184;182;173m▀[0m[38;2;185;183;174m[48;2;184;182;172m▀[0m[38;2;185;183;174m[48;2;184;182;173m▀[0m[38;2;184;182;175m[48;2;184;182;173m▀[0m[38;2;184;182;173m[48;2;185;183;173m▀[0m[38;2;185;183;174m[48;2;185;183;173m▀[0m[38;2;185;183;174m[48;2;184;183;173m▀[0m[38;2;185;183;173m[48;2;184;182;173m▀[0m[38;2;185;183;173m[48;2;184;182;173m▀[0m[38;2;185;183;174m[48;2;185;183;174m▀[0m[38;2;185;184;175m[48;2;185;183;174m▀[0m[38;2;185;183;176m[48;2;185;183;174m▀[0m[38;2;185;183;174m[48;2;184;182;175m▀[0m[38;2;185;183;176m[48;2;186;182;175m▀[0m[38;2;186;184;175m[48;2;186;182;175m▀[0m[38;2;185;183;174m[48;2;186;182;173m▀[0m[38;2;185;183;174m[48;2;184;182;173m▀[0m[38;2;185;183;174m[48;2;184;182;173m▀[0m[38;2;185;183;173m[48;2;184;182;173m▀[0m[38;2;184;182;173m[48;2;184;182;173m▀[0m[38;2;184;182;173m[48;2;184;183;174m▀[0m[38;2;184;182;173m[48;2;184;183;173m▀[0m[38;2;192;191;184m[48;2;191;189;178m▀[0m[38;2;232;230;220m[48;2;229;225;214m▀[0m[38;2;111;110;105m[48;2;159;157;152m▀[0m[38;2;0;0;0m[48;2;0;0;0m▀[0m[38;2;51;68;77m[48;2;129;133;129m▀[0m[38;2;52;71;80m[48;2;37;48;45m▀[0m[38;2;0;0;0m[48;2;0;34;38m▀[0m[38;2;90;95;91m[48;2;239;247;247m▀[0m[38;2;247;220;208m[48;2;247;24;16m▀[0m[38;2;247;64;48m[48;2;247;93;77m▀[0m[38;2;247;247;247m[48;2;247;247;247m▀[0m[38;2;72;128;129m[48;2;0;113;123m▀[0m[38;2;0;94;102m[48;2;47;54;58m▀[0m[38;2;235;0;0m[48;2;247;0;0m▀[0m[38;2;247;0;0m[48;2;247;0;0m▀[0m[38;2;247;247;247m[48;2;247;225;211m▀[0m[38;2;247;247;247m[48;2;247;247;247m▀[0m[38;2;220;234;225m[48;2;247;247;247m▀[0m[38;2;192;205;207m[48;2;247;247;247m▀[0m[38;2;196;199;200m[48;2;247;247;247m▀[0m[38;2;221;239;238m[48;2;247;242;229m▀[0m[38;2;247;247;247m[48;2;247;158;146m▀[0m[38;2;247;247;247m[48;2;247;113;106m▀[0m[38;2;247;234;226m[48;2;247;38;37m▀[0m[38;2;247;247;247m[48;2;247;15;8m▀[0m[38;2;247;247;241m[48;2;247;48;39m▀[0m[38;2;247;128;116m[48;2;247;194;180m▀[0m[38;2;247;163;150m[48;2;247;247;247m▀[0m[38;2;247;247;247m[48;2;247;247;247m▀[0m[38;2;247;247;247m[48;2;70;84;86m▀[0m[38;2;0;0;0m[48;2;0;0;0m▀[0m[38;2;0;0;0m[48;2;0;0;0m▀[0m[38;2;0;0;0m[48;2;0;0;0m▀[0m[38;2;126;134;136m[48;2;95;107;108m▀[0m[38;2;247;247;247m[48;2;247;247;247m▀[0m[38;2;247;247;247m[48;2;247;247;247m▀[0m[38;2;245;189;183m[48;2;246;161;146m▀[0m[38;2;247;175;165m[48;2;246;247;243m▀[0m[38;2;247;236;228m[48;2;247;247;247m▀[0m[38;2;247;247;244m[48;2;247;247;247m▀[0m[38;2;19;37;44m[48;2;0;0;0m▀[0m[38;2;0;0;0m[48;2;0;0;0m▀[0m[38;2;59;62;65m[48;2;70;73;77m▀[0m[38;2;247;247;247m[48;2;247;247;247m▀[0m[38;2;247;247;247m[48;2;247;247;247m▀[0m[38;2;247;247;247m[48;2;247;247;247m▀[0m[38;2;247;247;247m[48;2;247;247;247m▀[0m[38;2;145;149;150m[48;2;134;136;137m▀[0m[38;2;0;0;0m[48;2;0;0;0m▀[0m
[38;2;183;181;174m[48;2;185;183;174m▀[0m[38;2;184;182;173m[48;2;185;183;174m▀[0m[38;2;183;182;173m[48;2;184;183;174m▀[0m[38;2;183;181;172m[48;2;184;182;173m▀[0m[38;2;184;182;173m[48;2;184;182;173m▀[0m[38;2;184;182;173m[48;2;185;183;173m▀[0m[38;2;183;181;172m[48;2;184;182;173m▀[0m[38;2;185;181;174m[48;2;184;182;173m▀[0m[38;2;184;182;173m[48;2;185;183;173m▀[0m[38;2;184;182;173m[48;2;184;183;174m▀[0m[38;2;185;181;172m[48;2;185;183;174m▀[0m[38;2;184;182;173m[48;2;185;183;174m▀[0m[38;2;184;182;173m[48;2;186;184;175m▀[0m[38;2;184;182;173m[48;2;185;184;174m▀[0m[38;2;185;183;174m[48;2;185;184;175m▀[0m[38;2;185;183;174m[48;2;185;184;175m▀[0m[38;2;184;182;175m[48;2;185;184;175m▀[0m[38;2;183;182;173m[48;2;184;184;174m▀[0m[38;2;184;182;173m[48;2;185;184;175m▀[0m[38;2;185;183;174m[48;2;185;184;174m▀[0m[38;2;185;183;174m[48;2;184;183;174m▀[0m[38;2;185;183;174m[48;2;184;183;173m▀[0m[38;2;184;184;173m[48;2;183;182;173m▀[0m[38;2;185;184;173m[48;2;184;182;173m▀[0m[38;2;185;184;173m[48;2;183;182;175m▀[0m[38;2;184;183;173m[48;2;182;181;174m▀[0m[38;2;184;183;173m[48;2;182;182;174m▀[0m[38;2;186;185;176m[48;2;179;182;174m▀[0m[38;2;215;214;203m[48;2;212;211;201m▀[0m[38;2;150;150;144m[48;2;126;126;120m▀[0m[38;2;113;115;113m[48;2;59;61;61m▀[0m[38;2;247;247;247m[48;2;211;215;207m▀[0m[38;2;67;101;97m[48;2;3;54;62m▀[0m[38;2;148;184;187m[48;2;247;247;247m▀[0m[38;2;247;156;145m[48;2;247;0;0m▀[0m[38;2;247;0;0m[48;2;247;2;0m▀[0m[38;2;247;26;5m[48;2;247;0;0m▀[0m[38;2;199;247;247m[48;2;237;140;133m▀[0m[38;2;14;75;85m[48;2;247;0;0m▀[0m[38;2;247;0;0m[48;2;247;0;0m▀[0m[38;2;247;0;0m[48;2;129;63;45m▀[0m[38;2;247;0;0m[48;2;227;17;15m▀[0m[38;2;247;0;0m[48;2;158;73;77m▀[0m[38;2;247;247;247m[48;2;247;115;103m▀[0m[38;2;247;247;247m[48;2;247;247;247m▀[0m[38;2;238;236;229m[48;2;241;239;230m▀[0m[38;2;244;170;162m[48;2;236;227;222m▀[0m[38;2;247;187;173m[48;2;240;190;183m▀[0m[38;2;247;204;194m[48;2;247;178;167m▀[0m[38;2;204;214;207m[48;2;127;146;144m▀[0m[38;2;247;247;247m[48;2;0;8;12m▀[0m[38;2;247;247;247m[48;2;0;52;52m▀[0m[38;2;247;247;247m[48;2;59;98;100m▀[0m[38;2;143;203;205m[48;2;131;101;102m▀[0m[38;2;134;153;161m[48;2;93;110;123m▀[0m[38;2;113;130;135m[48;2;0;4;9m▀[0m[38;2;0;0;0m[48;2;0;0;0m▀[0m[38;2;0;0;0m[48;2;0;0;0m▀[0m[38;2;0;0;0m[48;2;0;0;0m▀[0m[38;2;0;0;0m[48;2;0;0;0m▀[0m[38;2;61;74;79m[48;2;28;47;54m▀[0m[38;2;247;247;247m[48;2;247;247;247m▀[0m[38;2;247;194;185m[48;2;247;107;97m▀[0m[38;2;247;165;154m[48;2;246;229;222m▀[0m[38;2;247;247;247m[48;2;245;245;239m▀[0m[38;2;247;247;247m[48;2;247;247;247m▀[0m[38;2;247;247;247m[48;2;247;246;240m▀[0m[38;2;0;0;0m[48;2;0;0;0m▀[0m[38;2;0;0;0m[48;2;0;0;0m▀[0m[38;2;36;40;41m[48;2;0;2;6m▀[0m[38;2;247;247;247m[48;2;247;247;247m▀[0m[38;2;247;247;247m[48;2;247;247;247m▀[0m[38;2;247;247;247m[48;2;247;247;247m▀[0m[38;2;247;247;247m[48;2;153;156;161m▀[0m[38;2;0;2;4m[48;2;0;0;0m▀[0m[38;2;0;0;0m[48;2;0;0;0m▀[0m
[38;2;183;182;173m[48;2;182;181;172m▀[0m[38;2;183;182;173m[48;2;182;181;172m▀[0m[38;2;185;183;174m[48;2;183;181;174m▀[0m[38;2;184;183;173m[48;2;182;181;174m▀[0m[38;2;183;183;172m[48;2;182;181;172m▀[0m[38;2;184;183;173m[48;2;183;181;172m▀[0m[38;2;185;183;173m[48;2;183;181;174m▀[0m[38;2;185;184;173m[48;2;183;182;173m▀[0m[38;2;185;184;174m[48;2;183;182;173m▀[0m[38;2;185;183;174m[48;2;183;181;175m▀[0m[38;2;185;184;174m[48;2;183;182;173m▀[0m[38;2;185;184;174m[48;2;183;182;173m▀[0m[38;2;185;184;175m[48;2;183;182;173m▀[0m[38;2;184;183;173m[48;2;182;182;174m▀[0m[38;2;184;182;175m[48;2;182;181;174m▀[0m[38;2;184;182;173m[48;2;183;181;174m▀[0m[38;2;183;182;173m[48;2;183;181;174m▀[0m[38;2;184;183;173m[48;2;183;182;172m▀[0m[38;2;184;182;175m[48;2;183;182;173m▀[0m[38;2;183;182;173m[48;2;182;181;174m▀[0m[38;2;183;181;174m[48;2;182;181;174m▀[0m[38;2;183;182;173m[48;2;183;181;174m▀[0m[38;2;182;181;174m[48;2;182;181;172m▀[0m[38;2;182;181;174m[48;2;182;182;172m▀[0m[38;2;182;181;172m[48;2;182;181;171m▀[0m[38;2;181;181;173m[48;2;181;180;171m▀[0m[38;2;181;181;173m[48;2;182;181;172m▀[0m[38;2;181;180;171m[48;2;182;183;176m▀[0m[38;2;204;203;196m[48;2;184;185;178m▀[0m[38;2;130;131;126m[48;2;204;204;197m▀[0m[38;2;113;114;108m[48;2;232;233;224m▀[0m[38;2;162;174;163m[48;2;154;165;155m▀[0m[38;2;25;65;75m[48;2;0;63;77m▀[0m[38;2;247;247;247m[48;2;247;247;247m▀[0m[38;2;247;99;90m[48;2;247;0;0m▀[0m[38;2;247;18;14m[48;2;247;0;0m▀[0m[38;2;247;19;12m[48;2;247;100;88m▀[0m[38;2;247;0;0m[48;2;247;114;97m▀[0m[38;2;247;0;0m[48;2;247;142;137m▀[0m[38;2;247;0;0m[48;2;247;0;0m▀[0m[38;2;247;0;0m[48;2;247;0;0m▀[0m[38;2;247;176;161m[48;2;247;1;0m▀[0m[38;2;58;247;247m[48;2;247;169;162m▀[0m[38;2;218;66;59m[48;2;107;70;70m▀[0m[38;2;247;247;247m[48;2;245;247;247m▀[0m[38;2;240;247;243m[48;2;247;247;239m▀[0m[38;2;243;231;227m[48;2;245;243;238m▀[0m[38;2;242;224;219m[48;2;247;245;239m▀[0m[38;2;247;211;206m[48;2;247;195;192m▀[0m[38;2;247;173;168m[48;2;247;174;169m▀[0m[38;2;247;199;197m[48;2;247;191;186m▀[0m[38;2;242;186;180m[48;2;247;215;201m▀[0m[38;2;247;194;180m[48;2;130;110;115m▀[0m[38;2;193;128;120m[48;2;30;70;84m▀[0m[38;2;41;64;70m[48;2;0;0;0m▀[0m[38;2;0;0;0m[48;2;0;0;0m▀[0m[38;2;0;0;0m[48;2;0;0;0m▀[0m[38;2;0;0;0m[48;2;0;0;0m▀[0m[38;2;0;0;0m[48;2;0;0;0m▀[0m[38;2;0;0;0m[48;2;0;0;0m▀[0m[38;2;0;35;41m[48;2;0;31;38m▀[0m[38;2;247;208;201m[48;2;205;129;120m▀[0m[38;2;247;147;135m[48;2;247;247;233m▀[0m[38;2;245;247;247m[48;2;247;247;247m▀[0m[38;2;247;234;229m[48;2;247;237;231m▀[0m[38;2;247;247;247m[48;2;247;247;247m▀[0m[38;2;225;213;210m[48;2;194;187;182m▀[0m[38;2;0;0;0m[48;2;0;0;0m▀[0m[38;2;0;0;0m[48;2;0;0;0m▀[0m[38;2;0;0;0m[48;2;0;0;0m▀[0m[38;2;230;230;231m[48;2;193;193;194m▀[0m[38;2;247;247;247m[48;2;247;247;247m▀[0m[38;2;247;247;247m[48;2;247;247;247m▀[0m[38;2;55;55;59m[48;2;172;172;167m▀[0m[38;2;0;0;0m[48;2;0;0;0m▀[0m[38;2;0;0;0m[48;2;0;0;0m▀[0m
[38;2;181;181;173m[48;2;181;181;174m▀[0m[38;2;181;181;171m[48;2;181;181;173m▀[0m[38;2;182;181;172m[48;2;180;180;172m▀[0m[38;2;182;181;172m[48;2;180;180;172m▀[0m[38;2;182;181;172m[48;2;182;182;172m▀[0m[38;2;182;181;172m[48;2;181;181;173m▀[0m[38;2;182;180;171m[48;2;181;181;173m▀[0m[38;2;182;180;171m[48;2;181;180;171m▀[0m[38;2;181;181;173m[48;2;181;180;170m▀[0m[38;2;181;181;171m[48;2;181;181;173m▀[0m[38;2;182;181;172m[48;2;182;181;172m▀[0m[38;2;182;181;172m[48;2;182;181;172m▀[0m[38;2;182;181;172m[48;2;182;182;172m▀[0m[38;2;182;181;172m[48;2;182;181;172m▀[0m[38;2;183;181;172m[48;2;182;181;172m▀[0m[38;2;182;181;172m[48;2;182;181;172m▀[0m[38;2;183;181;172m[48;2;182;181;172m▀[0m[38;2;182;181;171m[48;2;182;181;174m▀[0m[38;2;183;181;172m[48;2;182;181;174m▀[0m[38;2;183;181;172m[48;2;183;181;174m▀[0m[38;2;183;181;172m[48;2;183;181;174m▀[0m[38;2;182;181;172m[48;2;182;181;174m▀[0m[38;2;182;181;174m[48;2;182;181;174m▀[0m[38;2;182;182;174m[48;2;183;182;175m▀[0m[38;2;182;181;172m[48;2;182;181;174m▀[0m[38;2;182;180;173m[48;2;183;181;174m▀[0m[38;2;182;180;173m[48;2;182;180;173m▀[0m[38;2;181;180;174m[48;2;181;180;173m▀[0m[38;2;196;194;186m[48;2;186;184;178m▀[0m[38;2;131;130;126m[48;2;183;179;169m▀[0m[38;2;162;163;161m[48;2;200;203;194m▀[0m[38;2;205;205;194m[48;2;211;216;208m▀[0m[38;2;0;14;22m[48;2;0;0;0m▀[0m[38;2;211;73;77m[48;2;56;43;52m▀[0m[38;2;247;0;0m[48;2;247;70;60m▀[0m[38;2;247;0;0m[48;2;247;126;121m▀[0m[38;2;247;0;0m[48;2;247;50;40m▀[0m[38;2;247;34;28m[48;2;247;0;0m▀[0m[38;2;247;51;43m[48;2;247;117;109m▀[0m[38;2;247;0;0m[48;2;247;163;153m▀[0m[38;2;247;0;0m[48;2;247;31;20m▀[0m[38;2;247;97;88m[48;2;247;174;165m▀[0m[38;2;247;42;35m[48;2;247;161;158m▀[0m[38;2;149;194;194m[48;2;247;247;247m▀[0m[38;2;100;134;133m[48;2;154;166;166m▀[0m[38;2;247;247;247m[48;2;238;232;227m▀[0m[38;2;247;236;230m[48;2;247;247;247m▀[0m[38;2;233;229;224m[48;2;224;218;214m▀[0m[38;2;247;247;247m[48;2;131;134;133m▀[0m[38;2;247;247;247m[48;2;16;34;42m▀[0m[38;2;200;233;236m[48;2;12;34;46m▀[0m[38;2;82;131;143m[48;2;41;56;65m▀[0m[38;2;46;80;93m[48;2;0;0;0m▀[0m[38;2;0;0;0m[48;2;0;0;0m▀[0m[38;2;0;0;0m[48;2;0;0;0m▀[0m[38;2;0;0;0m[48;2;0;0;0m▀[0m[38;2;0;0;0m[48;2;0;0;0m▀[0m[38;2;0;0;1m[48;2;0;0;0m▀[0m[38;2;0;0;0m[48;2;0;0;0m▀[0m[38;2;0;0;0m[48;2;0;0;0m▀[0m[38;2;0;30;37m[48;2;0;26;31m▀[0m[38;2;148;54;53m[48;2;133;0;0m▀[0m[38;2;247;247;247m[48;2;247;244;235m▀[0m[38;2;247;247;247m[48;2;247;247;247m▀[0m[38;2;247;239;233m[48;2;247;238;232m▀[0m[38;2;247;247;247m[48;2;247;247;247m▀[0m[38;2;179;171;166m[48;2;173;165;162m▀[0m[38;2;0;0;0m[48;2;0;0;0m▀[0m[38;2;1;3;11m[48;2;5;7;13m▀[0m[38;2;0;0;0m[48;2;0;0;0m▀[0m[38;2;140;140;142m[48;2;96;93;96m▀[0m[38;2;247;247;247m[48;2;247;247;247m▀[0m[38;2;247;247;247m[48;2;247;247;247m▀[0m[38;2;247;247;247m[48;2;247;247;247m▀[0m[38;2;46;48;49m[48;2;41;41;42m▀[0m[38;2;0;0;0m[48;2;0;0;0m▀[0m
[38;2;181;181;174m[48;2;181;181;174m▀[0m[38;2;182;181;174m[48;2;182;181;174m▀[0m[38;2;181;181;174m[48;2;182;181;174m▀[0m[38;2;182;181;174m[48;2;182;181;174m▀[0m[38;2;182;181;174m[48;2;182;181;174m▀[0m[38;2;181;181;174m[48;2;181;180;173m▀[0m[38;2;182;181;174m[48;2;182;181;174m▀[0m[38;2;181;180;173m[48;2;181;181;173m▀[0m[38;2;181;181;173m[48;2;181;181;174m▀[0m[38;2;182;181;172m[48;2;181;181;173m▀[0m[38;2;180;181;173m[48;2;180;180;173m▀[0m[38;2;182;181;174m[48;2;182;181;174m▀[0m[38;2;182;181;174m[48;2;182;181;174m▀[0m[38;2;182;181;175m[48;2;182;181;174m▀[0m[38;2;182;181;174m[48;2;182;180;173m▀[0m[38;2;182;181;174m[48;2;182;180;173m▀[0m[38;2;182;181;174m[48;2;181;180;173m▀[0m[38;2;183;181;174m[48;2;183;181;174m▀[0m[38;2;182;180;174m[48;2;182;180;173m▀[0m[38;2;182;181;174m[48;2;181;180;173m▀[0m[38;2;182;181;172m[48;2;182;181;174m▀[0m[38;2;182;181;174m[48;2;181;180;173m▀[0m[38;2;182;181;172m[48;2;181;180;173m▀[0m[38;2;182;181;174m[48;2;181;180;174m▀[0m[38;2;182;181;172m[48;2;181;180;173m▀[0m[38;2;182;181;174m[48;2;182;181;172m▀[0m[38;2;183;181;174m[48;2;182;181;174m▀[0m[38;2;182;180;173m[48;2;181;180;173m▀[0m[38;2;185;179;176m[48;2;186;184;178m▀[0m[38;2;195;192;182m[48;2;194;189;181m▀[0m[38;2;216;216;205m[48;2;238;237;226m▀[0m[38;2;212;216;210m[48;2;180;183;179m▀[0m[38;2;0;0;0m[48;2;0;0;0m▀[0m[38;2;0;64;76m[48;2;12;50;60m▀[0m[38;2;226;87;77m[48;2;103;174;177m▀[0m[38;2;247;247;247m[48;2;247;247;247m▀[0m[38;2;247;57;45m[48;2;247;0;0m▀[0m[38;2;247;0;0m[48;2;247;0;0m▀[0m[38;2;234;247;247m[48;2;247;20;15m▀[0m[38;2;247;172;164m[48;2;247;75;67m▀[0m[38;2;247;146;136m[48;2;243;210;209m▀[0m[38;2;232;247;247m[48;2;233;247;247m▀[0m[38;2;247;156;149m[48;2;245;155;145m▀[0m[38;2;243;247;247m[48;2;235;247;247m▀[0m[38;2;247;247;247m[48;2;247;247;240m▀[0m[38;2;247;247;244m[48;2;170;168;165m▀[0m[38;2;232;226;223m[48;2;56;63;66m▀[0m[38;2;233;226;222m[48;2;110;112;116m▀[0m[38;2;247;247;247m[48;2;170;166;162m▀[0m[38;2;245;233;226m[48;2;178;176;166m▀[0m[38;2;145;156;160m[48;2;112;112;113m▀[0m[38;2;21;30;36m[48;2;0;0;0m▀[0m[38;2;0;0;0m[48;2;0;0;0m▀[0m[38;2;0;0;0m[48;2;0;0;0m▀[0m[38;2;0;0;0m[48;2;0;0;0m▀[0m[38;2;0;0;1m[48;2;0;0;0m▀[0m[38;2;0;0;0m[48;2;3;6;7m▀[0m[38;2;0;0;0m[48;2;2;0;3m▀[0m[38;2;0;0;0m[48;2;0;0;0m▀[0m[38;2;0;0;0m[48;2;0;0;0m▀[0m[38;2;0;1;5m[48;2;0;0;0m▀[0m[38;2;94;47;52m[48;2;56;88;97m▀[0m[38;2;247;247;247m[48;2;232;235;228m▀[0m[38;2;247;247;247m[48;2;247;247;247m▀[0m[38;2;247;240;233m[48;2;247;247;247m▀[0m[38;2;247;247;247m[48;2;247;247;247m▀[0m[38;2;172;164;161m[48;2;171;165;161m▀[0m[38;2;0;0;0m[48;2;0;0;0m▀[0m[38;2;5;7;11m[48;2;2;4;8m▀[0m[38;2;0;0;0m[48;2;21;21;22m▀[0m[38;2;50;50;50m[48;2;16;16;18m▀[0m[38;2;247;247;247m[48;2;247;247;247m▀[0m[38;2;247;247;247m[48;2;247;247;247m▀[0m[38;2;247;247;247m[48;2;247;247;247m▀[0m[38;2;162;162;167m[48;2;241;244;244m▀[0m[38;2;0;0;0m[48;2;0;0;0m▀[0m
[38;2;180;180;173m[48;2;180;180;173m▀[0m[38;2;181;180;173m[48;2;181;180;173m▀[0m[38;2;182;181;174m[48;2;181;180;173m▀[0m[38;2;181;181;173m[48;2;182;180;173m▀[0m[38;2;181;181;173m[48;2;182;180;171m▀[0m[38;2;182;180;173m[48;2;182;180;173m▀[0m[38;2;182;181;172m[48;2;182;181;172m▀[0m[38;2;181;180;173m[48;2;182;180;173m▀[0m[38;2;181;180;173m[48;2;182;180;173m▀[0m[38;2;181;181;173m[48;2;181;180;171m▀[0m[38;2;181;180;173m[48;2;181;180;173m▀[0m[38;2;181;180;173m[48;2;182;180;173m▀[0m[38;2;182;181;172m[48;2;182;180;173m▀[0m[38;2;181;180;171m[48;2;181;179;172m▀[0m[38;2;181;180;171m[48;2;181;180;173m▀[0m[38;2;181;180;173m[48;2;181;180;173m▀[0m[38;2;180;180;173m[48;2;181;180;174m▀[0m[38;2;181;180;173m[48;2;180;181;173m▀[0m[38;2;181;180;173m[48;2;181;180;173m▀[0m[38;2;181;180;173m[48;2;180;180;173m▀[0m[38;2;181;181;174m[48;2;181;180;174m▀[0m[38;2;181;180;174m[48;2;180;180;173m▀[0m[38;2;182;180;174m[48;2;180;180;174m▀[0m[38;2;182;181;174m[48;2;181;180;173m▀[0m[38;2;182;180;174m[48;2;181;180;173m▀[0m[38;2;181;180;173m[48;2;180;179;173m▀[0m[38;2;181;181;174m[48;2;180;179;172m▀[0m[38;2;180;179;176m[48;2;186;185;176m▀[0m[38;2;187;188;181m[48;2;199;198;190m▀[0m[38;2;214;209;199m[48;2;240;240;233m▀[0m[38;2;247;247;241m[48;2;44;48;48m▀[0m[38;2;6;6;8m[48;2;0;0;0m▀[0m[38;2;0;0;0m[48;2;4;11;15m▀[0m[38;2;30;49;60m[48;2;40;66;73m▀[0m[38;2;60;138;148m[48;2;47;88;94m▀[0m[38;2;247;131;120m[48;2;236;247;247m▀[0m[38;2;247;40;27m[48;2;247;74;67m▀[0m[38;2;247;96;78m[48;2;247;50;43m▀[0m[38;2;243;153;156m[48;2;221;247;247m▀[0m[38;2;247;0;0m[48;2;247;105;103m▀[0m[38;2;235;242;238m[48;2;233;247;245m▀[0m[38;2;234;247;247m[48;2;240;209;202m▀[0m[38;2;246;154;143m[48;2;247;93;81m▀[0m[38;2;236;247;247m[48;2;232;247;247m▀[0m[38;2;240;238;227m[48;2;233;232;226m▀[0m[38;2;234;230;222m[48;2;242;241;238m▀[0m[38;2;247;245;238m[48;2;239;240;234m▀[0m[38;2;247;247;247m[48;2;233;247;247m▀[0m[38;2;247;247;247m[48;2;241;247;247m▀[0m[38;2;247;247;247m[48;2;247;193;183m▀[0m[38;2;247;247;247m[48;2;247;244;234m▀[0m[38;2;54;52;50m[48;2;247;247;247m▀[0m[38;2;0;0;0m[48;2;88;85;87m▀[0m[38;2;0;0;0m[48;2;0;0;0m▀[0m[38;2;0;0;0m[48;2;0;0;0m▀[0m[38;2;0;0;0m[48;2;0;0;0m▀[0m[38;2;14;16;20m[48;2;17;21;25m▀[0m[38;2;5;5;10m[48;2;9;9;13m▀[0m[38;2;0;0;0m[48;2;0;0;0m▀[0m[38;2;0;0;0m[48;2;0;0;0m▀[0m[38;2;0;0;0m[48;2;0;0;0m▀[0m[38;2;63;83;95m[48;2;87;99;109m▀[0m[38;2;204;205;199m[48;2;71;83;90m▀[0m[38;2;247;247;247m[48;2;247;247;247m▀[0m[38;2;247;245;239m[48;2;69;80;83m▀[0m[38;2;247;247;244m[48;2;87;94;97m▀[0m[38;2;224;212;208m[48;2;247;247;247m▀[0m[38;2;0;0;0m[48;2;0;0;0m▀[0m[38;2;0;0;0m[48;2;0;0;0m▀[0m[38;2;44;44;45m[48;2;53;50;52m▀[0m[38;2;0;0;0m[48;2;0;0;0m▀[0m[38;2;247;247;247m[48;2;242;241;242m▀[0m[38;2;247;247;247m[48;2;247;247;247m▀[0m[38;2;247;247;247m[48;2;247;247;247m▀[0m[38;2;202;199;202m[48;2;81;81;79m▀[0m[38;2;0;0;0m[48;2;0;0;0m▀[0m
[38;2;180;180;173m[48;2;180;179;173m▀[0m[38;2;180;180;173m[48;2;180;179;173m▀[0m[38;2;181;180;173m[48;2;180;179;173m▀[0m[38;2;181;181;174m[48;2;179;180;172m▀[0m[38;2;181;181;173m[48;2;179;179;172m▀[0m[38;2;182;181;174m[48;2;180;180;173m▀[0m[38;2;181;180;173m[48;2;180;180;173m▀[0m[38;2;181;181;174m[48;2;180;180;172m▀[0m[38;2;180;180;173m[48;2;180;180;173m▀[0m[38;2;179;179;173m[48;2;179;179;173m▀[0m[38;2;180;179;173m[48;2;179;179;172m▀[0m[38;2;180;179;172m[48;2;180;180;172m▀[0m[38;2;180;180;173m[48;2;180;180;173m▀[0m[38;2;180;180;173m[48;2;179;179;172m▀[0m[38;2;180;180;173m[48;2;179;180;173m▀[0m[38;2;179;180;173m[48;2;180;180;173m▀[0m[38;2;180;180;173m[48;2;181;181;173m▀[0m[38;2;180;180;173m[48;2;180;180;172m▀[0m[38;2;180;180;172m[48;2;180;180;172m▀[0m[38;2;180;180;172m[48;2;180;180;172m▀[0m[38;2;180;180;172m[48;2;180;180;173m▀[0m[38;2;180;180;172m[48;2;179;179;172m▀[0m[38;2;180;180;172m[48;2;180;179;173m▀[0m[38;2;181;180;173m[48;2;180;179;172m▀[0m[38;2;181;180;173m[48;2;180;179;173m▀[0m[38;2;180;179;172m[48;2;183;181;175m▀[0m[38;2;187;183;174m[48;2;185;186;182m▀[0m[38;2;192;192;182m[48;2;222;223;215m▀[0m[38;2;228;228;218m[48;2;167;173;172m▀[0m[38;2;130;137;138m[48;2;17;33;41m▀[0m[38;2;0;0;0m[48;2;0;0;4m▀[0m[38;2;0;0;0m[48;2;20;13;20m▀[0m[38;2;53;67;73m[48;2;74;102;106m▀[0m[38;2;64;94;99m[48;2;61;104;113m▀[0m[38;2;21;76;81m[48;2;0;97;101m▀[0m[38;2;194;247;241m[48;2;223;131;121m▀[0m[38;2;247;40;30m[48;2;247;0;0m▀[0m[38;2;247;0;0m[48;2;247;12;6m▀[0m[38;2;241;204;196m[48;2;247;44;36m▀[0m[38;2;247;92;88m[48;2;247;61;53m▀[0m[38;2;230;247;247m[48;2;229;247;247m▀[0m[38;2;237;214;210m[48;2;230;243;237m▀[0m[38;2;247;133;121m[48;2;246;172;161m▀[0m[38;2;230;247;247m[48;2;231;247;247m▀[0m[38;2;233;234;230m[48;2;232;234;232m▀[0m[38;2;231;240;238m[48;2;229;247;247m▀[0m[38;2;234;247;247m[48;2;247;55;47m▀[0m[38;2;247;184;180m[48;2;247;0;0m▀[0m[38;2;247;72;61m[48;2;244;187;180m▀[0m[38;2;247;110;96m[48;2;234;247;247m▀[0m[38;2;247;212;205m[48;2;241;247;247m▀[0m[38;2;247;247;247m[48;2;247;247;247m▀[0m[38;2;247;247;247m[48;2;247;247;247m▀[0m[38;2;47;44;44m[48;2;247;247;247m▀[0m[38;2;0;0;0m[48;2;0;0;0m▀[0m[38;2;0;0;0m[48;2;0;0;0m▀[0m[38;2;4;6;11m[48;2;0;0;0m▀[0m[38;2;4;4;5m[48;2;0;0;0m▀[0m[38;2;0;0;0m[48;2;0;0;0m▀[0m[38;2;0;0;0m[48;2;0;0;0m▀[0m[38;2;0;0;0m[48;2;0;0;0m▀[0m[38;2;97;106;115m[48;2;143;151;159m▀[0m[38;2;52;66;72m[48;2;199;202;198m▀[0m[38;2;48;59;66m[48;2;0;10;21m▀[0m[38;2;0;0;0m[48;2;0;10;12m▀[0m[38;2;148;152;151m[48;2;247;238;231m▀[0m[38;2;247;247;247m[48;2;247;247;247m▀[0m[38;2;25;22;22m[48;2;137;130;128m▀[0m[38;2;0;0;0m[48;2;0;0;0m▀[0m[38;2;41;41;42m[48;2;22;24;25m▀[0m[38;2;7;5;8m[48;2;41;43;47m▀[0m[38;2;182;184;185m[48;2;121;121;123m▀[0m[38;2;247;247;247m[48;2;247;247;247m▀[0m[38;2;247;247;247m[48;2;247;247;247m▀[0m[38;2;247;247;247m[48;2;247;247;247m▀[0m[38;2;207;207;208m[48;2;208;208;206m▀[0m
[38;2;180;179;172m[48;2;179;179;172m▀[0m[38;2;181;180;171m[48;2;180;179;173m▀[0m[38;2;180;179;172m[48;2;180;179;172m▀[0m[38;2;180;180;172m[48;2;179;178;172m▀[0m[38;2;180;180;172m[48;2;180;179;173m▀[0m[38;2;181;181;171m[48;2;181;180;171m▀[0m[38;2;181;180;173m[48;2;180;179;170m▀[0m[38;2;180;180;172m[48;2;180;179;172m▀[0m[38;2;180;180;173m[48;2;180;180;173m▀[0m[38;2;179;179;172m[48;2;179;179;172m▀[0m[38;2;180;180;172m[48;2;179;179;173m▀[0m[38;2;180;180;172m[48;2;179;179;172m▀[0m[38;2;179;179;172m[48;2;178;178;172m▀[0m[38;2;179;179;172m[48;2;177;178;172m▀[0m[38;2;180;180;173m[48;2;177;178;172m▀[0m[38;2;180;180;173m[48;2;178;178;172m▀[0m[38;2;180;180;173m[48;2;179;179;173m▀[0m[38;2;180;180;173m[48;2;179;179;173m▀[0m[38;2;180;179;173m[48;2;179;179;172m▀[0m[38;2;179;179;173m[48;2;179;179;172m▀[0m[38;2;178;179;172m[48;2;178;178;172m▀[0m[38;2;178;178;172m[48;2;178;179;173m▀[0m[38;2;179;179;173m[48;2;179;179;173m▀[0m[38;2;179;179;173m[48;2;178;178;173m▀[0m[38;2;178;181;175m[48;2;183;186;180m▀[0m[38;2;190;184;181m[48;2;196;196;190m▀[0m[38;2;205;205;200m[48;2;239;239;231m▀[0m[38;2;217;220;213m[48;2;112;116;115m▀[0m[38;2;30;38;41m[48;2;57;59;61m▀[0m[38;2;50;66;76m[48;2;39;37;40m▀[0m[38;2;0;0;0m[48;2;0;0;0m▀[0m[38;2;220;0;0m[48;2;239;40;31m▀[0m[38;2;247;34;23m[48;2;228;23;19m▀[0m[38;2;5;116;125m[48;2;0;114;128m▀[0m[38;2;20;96;97m[48;2;107;90;87m▀[0m[38;2;247;139;132m[48;2;247;0;0m▀[0m[38;2;247;56;57m[48;2;218;247;247m▀[0m[38;2;247;52;46m[48;2;247;160;158m▀[0m[38;2;232;219;215m[48;2;247;0;0m▀[0m[38;2;247;78;75m[48;2;247;20;13m▀[0m[38;2;229;247;247m[48;2;229;247;247m▀[0m[38;2;231;244;240m[48;2;230;247;247m▀[0m[38;2;247;139;129m[48;2;247;119;109m▀[0m[38;2;229;247;247m[48;2;232;247;247m▀[0m[38;2;230;247;247m[48;2;247;154;151m▀[0m[38;2;247;152;146m[48;2;247;78;72m▀[0m[38;2;247;0;0m[48;2;247;150;139m▀[0m[38;2;247;127;114m[48;2;229;247;247m▀[0m[38;2;230;247;247m[48;2;234;247;247m▀[0m[38;2;232;235;232m[48;2;239;247;247m▀[0m[38;2;240;247;247m[48;2;240;134;129m▀[0m[38;2;245;226;223m[48;2;232;87;80m▀[0m[38;2;247;124;120m[48;2;153;0;0m▀[0m[38;2;247;175;164m[48;2;247;159;154m▀[0m[38;2;246;217;209m[48;2;247;247;247m▀[0m[38;2;0;0;0m[48;2;117;119;117m▀[0m[38;2;0;0;0m[48;2;0;0;0m▀[0m[38;2;0;0;0m[48;2;0;0;0m▀[0m[38;2;0;0;0m[48;2;0;0;0m▀[0m[38;2;0;0;0m[48;2;0;0;0m▀[0m[38;2;0;0;0m[48;2;0;0;0m▀[0m[38;2;179;187;190m[48;2;144;156;159m▀[0m[38;2;247;247;247m[48;2;247;247;247m▀[0m[38;2;69;78;80m[48;2;204;198;194m▀[0m[38;2;97;108;108m[48;2;226;219;215m▀[0m[38;2;247;247;247m[48;2;247;247;247m▀[0m[38;2;247;247;247m[48;2;244;233;226m▀[0m[38;2;227;220;213m[48;2;247;247;247m▀[0m[38;2;0;0;0m[48;2;27;29;32m▀[0m[38;2;0;0;0m[48;2;0;0;0m▀[0m[38;2;87;87;88m[48;2;123;126;127m▀[0m[38;2;58;58;59m[48;2;1;4;8m▀[0m[38;2;247;247;247m[48;2;247;247;247m▀[0m[38;2;247;247;247m[48;2;247;247;247m▀[0m[38;2;247;247;247m[48;2;247;247;247m▀[0m[38;2;247;247;247m[48;2;247;247;247m▀[0m
[38;2;179;179;173m[48;2;178;179;172m▀[0m[38;2;178;178;172m[48;2;178;178;172m▀[0m[38;2;178;178;172m[48;2;178;179;172m▀[0m[38;2;178;178;172m[48;2;178;178;172m▀[0m[38;2;178;178;172m[48;2;178;178;172m▀[0m[38;2;179;179;173m[48;2;177;178;172m▀[0m[38;2;178;178;172m[48;2;177;178;172m▀[0m[38;2;179;179;172m[48;2;178;179;172m▀[0m[38;2;178;178;172m[48;2;178;178;172m▀[0m[38;2;179;178;172m[48;2;179;179;173m▀[0m[38;2;178;178;172m[48;2;178;178;172m▀[0m[38;2;178;178;172m[48;2;178;178;172m▀[0m[38;2;178;178;171m[48;2;178;179;172m▀[0m[38;2;178;179;172m[48;2;178;178;171m▀[0m[38;2;178;179;173m[48;2;179;179;172m▀[0m[38;2;179;180;173m[48;2;179;179;172m▀[0m[38;2;178;179;172m[48;2;176;179;172m▀[0m[38;2;178;179;172m[48;2;178;179;172m▀[0m[38;2;179;179;173m[48;2;178;179;172m▀[0m[38;2;178;179;173m[48;2;178;178;172m▀[0m[38;2;178;179;172m[48;2;178;178;172m▀[0m[38;2;178;179;172m[48;2;177;181;172m▀[0m[38;2;181;179;173m[48;2;185;186;178m▀[0m[38;2;184;185;177m[48;2;191;190;184m▀[0m[38;2;193;193;183m[48;2;231;232;225m▀[0m[38;2;231;236;229m[48;2;191;195;191m▀[0m[38;2;163;167;167m[48;2;0;0;0m▀[0m[38;2;0;0;0m[48;2;0;0;0m▀[0m[38;2;0;0;0m[48;2;0;0;0m▀[0m[38;2;0;0;0m[48;2;0;0;0m▀[0m[38;2;25;77;87m[48;2;109;169;179m▀[0m[38;2;247;219;214m[48;2;247;247;247m▀[0m[38;2;139;70;70m[48;2;103;57;61m▀[0m[38;2;0;68;75m[48;2;3;64;74m▀[0m[38;2;208;216;212m[48;2;247;65;63m▀[0m[38;2;247;68;60m[48;2;247;0;0m▀[0m[38;2;247;87;80m[48;2;247;0;0m▀[0m[38;2;247;5;0m[48;2;247;0;0m▀[0m[38;2;247;116;115m[48;2;247;121;118m▀[0m[38;2;247;0;0m[48;2;247;0;0m▀[0m[38;2;234;230;225m[48;2;247;122;108m▀[0m[38;2;229;247;247m[48;2;229;247;247m▀[0m[38;2;247;132;126m[48;2;236;247;247m▀[0m[38;2;247;171;166m[48;2;247;157;149m▀[0m[38;2;247;63;56m[48;2;247;228;221m▀[0m[38;2;230;247;247m[48;2;247;209;204m▀[0m[38;2;245;193;183m[48;2;247;247;247m▀[0m[38;2;245;247;247m[48;2;247;247;247m▀[0m[38;2;239;245;244m[48;2;247;247;247m▀[0m[38;2;235;142;139m[48;2;234;203;199m▀[0m[38;2;240;172;172m[48;2;247;247;247m▀[0m[38;2;247;247;247m[48;2;245;245;242m▀[0m[38;2;228;247;247m[48;2;238;229;224m▀[0m[38;2;245;247;247m[48;2;242;236;231m▀[0m[38;2;247;247;247m[48;2;247;238;234m▀[0m[38;2;247;247;247m[48;2;247;247;247m▀[0m[38;2;0;0;0m[48;2;180;174;169m▀[0m[38;2;0;0;0m[48;2;0;0;0m▀[0m[38;2;0;0;0m[48;2;0;0;0m▀[0m[38;2;0;0;0m[48;2;0;0;0m▀[0m[38;2;0;0;0m[48;2;0;0;0m▀[0m[38;2;74;92;99m[48;2;37;56;64m▀[0m[38;2;247;247;247m[48;2;185;187;185m▀[0m[38;2;247;247;247m[48;2;247;247;247m▀[0m[38;2;247;246;241m[48;2;247;238;234m▀[0m[38;2;247;243;239m[48;2;247;247;241m▀[0m[38;2;247;247;247m[48;2;244;231;230m▀[0m[38;2;234;228;216m[48;2;247;245;236m▀[0m[38;2;79;78;79m[48;2;133;132;128m▀[0m[38;2;0;0;0m[48;2;0;0;0m▀[0m[38;2;153;156;156m[48;2;162;160;161m▀[0m[38;2;0;0;0m[48;2;4;4;2m▀[0m[38;2;247;247;247m[48;2;247;247;247m▀[0m[38;2;247;247;247m[48;2;247;247;247m▀[0m[38;2;247;247;247m[48;2;247;247;247m▀[0m[38;2;247;247;247m[48;2;247;247;247m▀[0m
[38;2;177;178;171m[48;2;177;177;171m▀[0m[38;2;177;178;171m[48;2;177;177;171m▀[0m[38;2;178;179;172m[48;2;177;177;170m▀[0m[38;2;178;178;171m[48;2;178;177;171m▀[0m[38;2;178;178;171m[48;2;178;178;170m▀[0m[38;2;178;178;171m[48;2;178;178;171m▀[0m[38;2;178;178;171m[48;2;178;178;171m▀[0m[38;2;177;178;171m[48;2;178;177;171m▀[0m[38;2;178;179;172m[48;2;178;177;171m▀[0m[38;2;178;179;172m[48;2;178;178;171m▀[0m[38;2;178;179;173m[48;2;178;178;172m▀[0m[38;2;178;178;172m[48;2;178;177;171m▀[0m[38;2;178;178;171m[48;2;177;177;170m▀[0m[38;2;178;178;172m[48;2;178;177;171m▀[0m[38;2;178;178;172m[48;2;178;177;171m▀[0m[38;2;178;178;172m[48;2;177;177;171m▀[0m[38;2;178;178;171m[48;2;179;178;171m▀[0m[38;2;178;178;171m[48;2;178;178;171m▀[0m[38;2;178;178;172m[48;2;178;178;171m▀[0m[38;2;178;177;171m[48;2;182;180;174m▀[0m[38;2;178;177;175m[48;2;183;186;178m▀[0m[38;2;187;183;177m[48;2;191;190;184m▀[0m[38;2;190;189;183m[48;2;238;239;229m▀[0m[38;2;235;236;226m[48;2;186;190;186m▀[0m[38;2;198;202;198m[48;2;0;0;0m▀[0m[38;2;0;0;0m[48;2;0;0;0m▀[0m[38;2;0;0;0m[48;2;0;0;0m▀[0m[38;2;0;0;0m[48;2;0;0;0m▀[0m[38;2;0;0;0m[48;2;0;0;0m▀[0m[38;2;0;0;0m[48;2;0;0;0m▀[0m[38;2;169;153;145m[48;2;119;72;60m▀[0m[38;2;247;247;247m[48;2;247;247;247m▀[0m[38;2;100;61;67m[48;2;159;107;106m▀[0m[38;2;56;46;53m[48;2;93;31;37m▀[0m[38;2;212;37;35m[48;2;247;0;0m▀[0m[38;2;169;247;247m[48;2;97;119;127m▀[0m[38;2;247;35;15m[48;2;247;0;0m▀[0m[38;2;247;158;143m[48;2;247;13;5m▀[0m[38;2;210;247;247m[48;2;238;134;135m▀[0m[38;2;247;0;0m[48;2;247;0;0m▀[0m[38;2;247;0;0m[48;2;247;0;0m▀[0m[38;2;247;247;247m[48;2;97;199;203m▀[0m[38;2;247;247;247m[48;2;120;162;167m▀[0m[38;2;247;177;162m[48;2;209;36;30m▀[0m[38;2;247;247;247m[48;2;102;163;171m▀[0m[38;2;247;228;222m[48;2;111;129;132m▀[0m[38;2;197;212;213m[48;2;35;64;76m▀[0m[38;2;31;53;61m[48;2;0;7;15m▀[0m[38;2;99;114;119m[48;2;84;88;92m▀[0m[38;2;247;247;247m[48;2;247;247;247m▀[0m[38;2;240;226;222m[48;2;244;233;226m▀[0m[38;2;236;232;229m[48;2;238;227;224m▀[0m[38;2;234;224;218m[48;2;234;228;225m▀[0m[38;2;232;226;221m[48;2;233;223;217m▀[0m[38;2;245;231;227m[48;2;236;227;221m▀[0m[38;2;247;247;247m[48;2;244;237;228m▀[0m[38;2;247;247;247m[48;2;247;247;247m▀[0m[38;2;0;0;0m[48;2;161;156;152m▀[0m[38;2;0;0;0m[48;2;0;0;0m▀[0m[38;2;0;0;0m[48;2;0;0;0m▀[0m[38;2;0;0;0m[48;2;0;0;0m▀[0m[38;2;45;58;64m[48;2;52;59;64m▀[0m[38;2;70;85;89m[48;2;37;52;60m▀[0m[38;2;247;247;247m[48;2;159;159;159m▀[0m[38;2;247;247;247m[48;2;234;217;212m▀[0m[38;2;247;247;242m[48;2;247;247;247m▀[0m[38;2;229;216;215m[48;2;165;159;156m▀[0m[38;2;247;247;247m[48;2;247;243;240m▀[0m[38;2;165;161;159m[48;2;151;147;146m▀[0m[38;2;0;0;0m[48;2;0;0;0m▀[0m[38;2;153;153;155m[48;2;153;153;155m▀[0m[38;2;21;21;23m[48;2;21;24;26m▀[0m[38;2;206;208;208m[48;2;117;120;121m▀[0m[38;2;247;247;247m[48;2;247;247;247m▀[0m[38;2;247;247;247m[48;2;247;247;247m▀[0m[38;2;247;247;247m[48;2;247;247;247m▀[0m
[38;2;176;177;171m[48;2;177;177;171m▀[0m[38;2;177;176;170m[48;2;177;176;170m▀[0m[38;2;177;177;170m[48;2;177;176;170m▀[0m[38;2;179;177;171m[48;2;176;177;170m▀[0m[38;2;178;177;171m[48;2;178;177;170m▀[0m[38;2;177;177;170m[48;2;177;177;170m▀[0m[38;2;177;177;171m[48;2;177;177;171m▀[0m[38;2;178;177;171m[48;2;177;177;171m▀[0m[38;2;177;177;171m[48;2;176;177;170m▀[0m[38;2;177;177;170m[48;2;176;177;170m▀[0m[38;2;178;178;171m[48;2;177;177;170m▀[0m[38;2;178;177;170m[48;2;176;176;170m▀[0m[38;2;177;176;170m[48;2;176;177;170m▀[0m[38;2;178;176;170m[48;2;177;177;171m▀[0m[38;2;178;176;170m[48;2;177;177;172m▀[0m[38;2;177;176;170m[48;2;176;177;171m▀[0m[38;2;177;177;170m[48;2;176;177;173m▀[0m[38;2;177;177;170m[48;2;176;177;171m▀[0m[38;2;179;177;170m[48;2;179;180;174m▀[0m[38;2;184;184;178m[48;2;190;193;186m▀[0m[38;2;194;195;189m[48;2;215;216;212m▀[0m[38;2;233;234;227m[48;2;148;150;150m▀[0m[38;2;164;166;164m[48;2;0;0;0m▀[0m[38;2;0;0;0m[48;2;0;0;0m▀[0m[38;2;0;0;0m[48;2;46;46;44m▀[0m[38;2;0;0;0m[48;2;212;212;214m▀[0m[38;2;65;65;69m[48;2;55;55;55m▀[0m[38;2;0;0;0m[48;2;0;0;0m▀[0m[38;2;0;0;0m[48;2;0;0;0m▀[0m[38;2;0;0;0m[48;2;0;0;0m▀[0m[38;2;52;96;107m[48;2;83;113;119m▀[0m[38;2;161;204;208m[48;2;41;109;117m▀[0m[38;2;245;153;149m[48;2;161;115;116m▀[0m[38;2;72;42;53m[48;2;50;86;96m▀[0m[38;2;247;0;0m[48;2;247;0;0m▀[0m[38;2;204;22;11m[48;2;213;31;28m▀[0m[38;2;247;0;0m[48;2;247;0;0m▀[0m[38;2;247;0;0m[48;2;247;0;0m▀[0m[38;2;246;0;0m[48;2;120;79;79m▀[0m[38;2;244;0;0m[48;2;247;0;0m▀[0m[38;2;247;0;0m[48;2;247;0;0m▀[0m[38;2;0;107;122m[48;2;0;171;186m▀[0m[38;2;84;35;33m[48;2;221;12;8m▀[0m[38;2;229;0;0m[48;2;247;0;0m▀[0m[38;2;0;103;118m[48;2;80;88;96m▀[0m[38;2;26;73;82m[48;2;38;113;125m▀[0m[38;2;57;92;95m[48;2;60;97;104m▀[0m[38;2;11;29;33m[48;2;28;46;49m▀[0m[38;2;110;118;120m[48;2;32;51;59m▀[0m[38;2;247;247;247m[48;2;223;222;220m▀[0m[38;2;247;241;236m[48;2;247;247;247m▀[0m[38;2;240;229;223m[48;2;247;243;239m▀[0m[38;2;242;241;236m[48;2;247;247;247m▀[0m[38;2;236;230;224m[48;2;245;247;245m▀[0m[38;2;234;224;216m[48;2;236;237;233m▀[0m[38;2;242;233;227m[48;2;236;228;226m▀[0m[38;2;247;247;247m[48;2;243;234;230m▀[0m[38;2;247;247;247m[48;2;247;247;247m▀[0m[38;2;0;0;0m[48;2;140;134;136m▀[0m[38;2;0;0;0m[48;2;0;0;0m▀[0m[38;2;0;0;0m[48;2;0;0;0m▀[0m[38;2;50;54;55m[48;2;37;39;43m▀[0m[38;2;40;57;63m[48;2;51;59;62m▀[0m[38;2;149;156;156m[48;2;28;38;44m▀[0m[38;2;247;247;247m[48;2;110;109;104m▀[0m[38;2;247;247;247m[48;2;147;146;147m▀[0m[38;2;159;158;158m[48;2;0;0;0m▀[0m[38;2;242;235;231m[48;2;198;195;195m▀[0m[38;2;175;169;168m[48;2;125;122;122m▀[0m[38;2;0;0;0m[48;2;0;0;0m▀[0m[38;2;154;152;155m[48;2;128;128;129m▀[0m[38;2;58;58;60m[48;2;125;128;128m▀[0m[38;2;32;30;32m[48;2;0;0;0m▀[0m[38;2;247;247;247m[48;2;247;247;247m▀[0m[38;2;247;247;247m[48;2;247;247;247m▀[0m[38;2;247;247;247m[48;2;247;247;247m▀[0m
[38;2;175;176;172m[48;2;175;176;172m▀[0m[38;2;173;176;170m[48;2;172;176;170m▀[0m[38;2;173;177;170m[48;2;173;176;172m▀[0m[38;2;175;176;172m[48;2;173;176;172m▀[0m[38;2;175;176;170m[48;2;175;176;172m▀[0m[38;2;176;177;171m[48;2;174;177;171m▀[0m[38;2;175;176;172m[48;2;175;176;172m▀[0m[38;2;174;177;171m[48;2;174;177;171m▀[0m[38;2;175;176;172m[48;2;175;176;172m▀[0m[38;2;175;176;172m[48;2;175;176;172m▀[0m[38;2;174;177;171m[48;2;174;177;171m▀[0m[38;2;173;176;172m[48;2;175;176;172m▀[0m[38;2;175;176;173m[48;2;176;177;173m▀[0m[38;2;175;176;172m[48;2;176;176;171m▀[0m[38;2;175;176;172m[48;2;175;176;170m▀[0m[38;2;176;177;171m[48;2;176;176;171m▀[0m[38;2;176;177;171m[48;2;176;177;171m▀[0m[38;2;174;178;175m[48;2;182;183;176m▀[0m[38;2;185;186;182m[48;2;203;202;196m▀[0m[38;2;207;215;208m[48;2;212;215;212m▀[0m[38;2;171;175;172m[48;2;61;61;63m▀[0m[38;2;0;0;0m[48;2;0;0;0m▀[0m[38;2;0;0;0m[48;2;0;0;0m▀[0m[38;2;4;4;6m[48;2;157;159;161m▀[0m[38;2;194;194;195m[48;2;93;93;95m▀[0m[38;2;4;3;4m[48;2;0;0;0m▀[0m[38;2;0;0;0m[48;2;19;17;20m▀[0m[38;2;0;0;0m[48;2;160;163;161m▀[0m[38;2;93;93;90m[48;2;247;247;247m▀[0m[38;2;94;106;106m[48;2;75;82;83m▀[0m[38;2;64;88;96m[48;2;41;74;82m▀[0m[38;2;22;134;145m[48;2;88;79;79m▀[0m[38;2;96;67;69m[48;2;247;0;0m▀[0m[38;2;95;76;91m[48;2;247;0;0m▀[0m[38;2;137;61;66m[48;2;0;172;194m▀[0m[38;2;247;0;0m[48;2;247;0;0m▀[0m[38;2;58;117;118m[48;2;247;9;7m▀[0m[38;2;184;42;40m[48;2;94;90;93m▀[0m[38;2;55;127;138m[48;2;247;0;0m▀[0m[38;2;247;0;0m[48;2;247;0;0m▀[0m[38;2;113;84;82m[48;2;75;90;90m▀[0m[38;2;0;140;150m[48;2;247;0;0m▀[0m[38;2;247;0;0m[48;2;247;0;0m▀[0m[38;2;246;18;20m[48;2;168;64;63m▀[0m[38;2;247;0;0m[48;2;156;65;63m▀[0m[38;2;247;0;0m[48;2;138;92;96m▀[0m[38;2;96;76;80m[48;2;26;75;81m▀[0m[38;2;31;64;71m[48;2;35;57;62m▀[0m[38;2;51;64;73m[48;2;72;94;102m▀[0m[38;2;93;103;107m[48;2;10;51;62m▀[0m[38;2;247;247;247m[48;2;99;114;110m▀[0m[38;2;238;231;227m[48;2;112;115;109m▀[0m[38;2;154;154;152m[48;2;192;199;199m▀[0m[38;2;167;130;125m[48;2;208;146;143m▀[0m[38;2;228;192;185m[48;2;231;139;135m▀[0m[38;2;239;237;232m[48;2;239;238;233m▀[0m[38;2;241;235;231m[48;2;233;212;207m▀[0m[38;2;247;247;247m[48;2;244;229;225m▀[0m[38;2;247;247;247m[48;2;247;247;247m▀[0m[38;2;0;0;0m[48;2;193;186;182m▀[0m[38;2;0;0;0m[48;2;0;0;0m▀[0m[38;2;24;22;25m[48;2;0;0;0m▀[0m[38;2;3;3;1m[48;2;42;46;47m▀[0m[38;2;0;0;0m[48;2;0;0;0m▀[0m[38;2;0;0;0m[48;2;0;0;0m▀[0m[38;2;193;193;194m[48;2;215;215;216m▀[0m[38;2;78;78;82m[48;2;98;98;99m▀[0m[38;2;80;82;83m[48;2;0;0;0m▀[0m[38;2;15;17;21m[48;2;46;48;49m▀[0m[38;2;0;0;0m[48;2;0;0;0m▀[0m[38;2;57;57;61m[48;2;2;2;6m▀[0m[38;2;161;161;161m[48;2;125;129;131m▀[0m[38;2;0;0;0m[48;2;0;0;0m▀[0m[38;2;247;247;247m[48;2;247;247;247m▀[0m[38;2;247;247;247m[48;2;247;247;247m▀[0m[38;2;247;247;247m[48;2;247;247;247m▀[0m
[38;2;175;176;172m[48;2;175;176;170m▀[0m[38;2;173;176;172m[48;2;173;176;170m▀[0m[38;2;173;176;172m[48;2;173;176;170m▀[0m[38;2;173;176;170m[48;2;173;176;169m▀[0m[38;2;173;176;170m[48;2;174;175;169m▀[0m[38;2;175;176;172m[48;2;174;177;171m▀[0m[38;2;174;177;171m[48;2;174;177;171m▀[0m[38;2;175;176;172m[48;2;175;176;170m▀[0m[38;2;175;176;172m[48;2;173;176;170m▀[0m[38;2;175;176;170m[48;2;175;175;170m▀[0m[38;2;175;176;170m[48;2;175;176;170m▀[0m[38;2;173;176;170m[48;2;173;176;170m▀[0m[38;2;174;177;171m[48;2;175;176;170m▀[0m[38;2;174;177;171m[48;2;177;178;174m▀[0m[38;2;174;177;171m[48;2;177;177;174m▀[0m[38;2;175;176;170m[48;2;180;181;177m▀[0m[38;2;178;181;173m[48;2;186;189;181m▀[0m[38;2;193;194;187m[48;2;215;216;209m▀[0m[38;2;219;220;212m[48;2;199;202;198m▀[0m[38;2;146;144;147m[48;2;19;19;21m▀[0m[38;2;0;0;0m[48;2;0;0;0m▀[0m[38;2;0;0;0m[48;2;0;0;0m▀[0m[38;2;0;0;0m[48;2;0;0;0m▀[0m[38;2;106;109;110m[48;2;77;79;81m▀[0m[38;2;0;0;0m[48;2;0;0;0m▀[0m[38;2;32;32;32m[48;2;49;55;55m▀[0m[38;2;239;244;240m[48;2;91;104;104m▀[0m[38;2;247;247;247m[48;2;18;35;38m▀[0m[38;2;152;152;147m[48;2;0;0;0m▀[0m[38;2;10;14;17m[48;2;1;12;14m▀[0m[38;2;47;102;111m[48;2;77;98;105m▀[0m[38;2;148;5;5m[48;2;19;79;83m▀[0m[38;2;227;32;37m[48;2;37;128;141m▀[0m[38;2;247;0;0m[48;2;212;23;21m▀[0m[38;2;247;0;0m[48;2;247;0;0m▀[0m[38;2;0;131;137m[48;2;151;54;57m▀[0m[38;2;247;0;0m[48;2;0;142;156m▀[0m[38;2;247;0;0m[48;2;247;0;0m▀[0m[38;2;247;0;0m[48;2;239;8;0m▀[0m[38;2;47;115;119m[48;2;0;161;180m▀[0m[38;2;155;51;50m[48;2;142;66;64m▀[0m[38;2;233;17;12m[48;2;133;72;73m▀[0m[38;2;174;54;50m[48;2;0;163;178m▀[0m[38;2;247;0;0m[48;2;246;14;6m▀[0m[38;2;50;109;116m[48;2;219;36;32m▀[0m[38;2;32;143;156m[48;2;13;96;107m▀[0m[38;2;0;4;7m[48;2;0;0;0m▀[0m[38;2;48;88;92m[48;2;25;87;96m▀[0m[38;2;28;74;87m[48;2;160;0;0m▀[0m[38;2;55;0;0m[48;2;247;244;230m▀[0m[38;2;155;153;142m[48;2;247;247;247m▀[0m[38;2;247;247;247m[48;2;244;247;247m▀[0m[38;2;247;247;247m[48;2;226;247;247m▀[0m[38;2;241;247;247m[48;2;221;247;247m▀[0m[38;2;229;247;246m[48;2;228;247;247m▀[0m[38;2;227;230;226m[48;2;233;247;247m▀[0m[38;2;230;224;220m[48;2;225;247;247m▀[0m[38;2;237;235;230m[48;2;228;241;237m▀[0m[38;2;247;247;242m[48;2;242;245;239m▀[0m[38;2;247;247;247m[48;2;247;247;247m▀[0m[38;2;43;48;44m[48;2;247;247;247m▀[0m[38;2;0;0;0m[48;2;0;0;0m▀[0m[38;2;58;64;67m[48;2;26;32;35m▀[0m[38;2;0;0;0m[48;2;0;0;0m▀[0m[38;2;0;0;0m[48;2;0;0;0m▀[0m[38;2;113;115;115m[48;2;84;87;86m▀[0m[38;2;68;66;69m[48;2;82;80;83m▀[0m[38;2;0;0;0m[48;2;0;0;0m▀[0m[38;2;65;64;65m[48;2;62;64;67m▀[0m[38;2;0;0;0m[48;2;0;0;0m▀[0m[38;2;0;0;0m[48;2;3;3;4m▀[0m[38;2;127;127;130m[48;2;178;181;180m▀[0m[38;2;0;0;0m[48;2;0;0;0m▀[0m[38;2;246;245;246m[48;2;194;192;194m▀[0m[38;2;247;247;247m[48;2;247;247;247m▀[0m[38;2;247;247;247m[48;2;247;247;247m▀[0m
[38;2;175;175;170m[48;2;174;175;171m▀[0m[38;2;175;176;172m[48;2;173;176;172m▀[0m[38;2;174;175;171m[48;2;174;175;171m▀[0m[38;2;174;175;171m[48;2;174;175;169m▀[0m[38;2;172;175;171m[48;2;174;175;171m▀[0m[38;2;174;175;172m[48;2;175;176;170m▀[0m[38;2;174;175;171m[48;2;175;175;170m▀[0m[38;2;174;175;171m[48;2;175;175;170m▀[0m[38;2;174;175;171m[48;2;174;175;171m▀[0m[38;2;174;175;171m[48;2;174;175;171m▀[0m[38;2;174;175;171m[48;2;175;175;172m▀[0m[38;2;173;176;172m[48;2;177;177;172m▀[0m[38;2;179;180;174m[48;2;182;185;179m▀[0m[38;2;183;183;178m[48;2;204;204;201m▀[0m[38;2;196;199;195m[48;2;161;167;167m▀[0m[38;2;202;203;197m[48;2;171;174;170m▀[0m[38;2;215;216;210m[48;2;161;163;161m▀[0m[38;2;198;201;197m[48;2;166;168;173m▀[0m[38;2;93;93;94m[48;2;0;0;0m▀[0m[38;2;0;0;0m[48;2;0;0;0m▀[0m[38;2;0;0;0m[48;2;0;0;0m▀[0m[38;2;13;10;14m[48;2;0;0;0m▀[0m[38;2;0;0;0m[48;2;0;0;0m▀[0m[38;2;104;107;109m[48;2;247;247;247m▀[0m[38;2;0;0;0m[48;2;57;76;76m▀[0m[38;2;34;49;49m[48;2;0;0;0m▀[0m[38;2;247;247;247m[48;2;247;247;247m▀[0m[38;2;213;214;211m[48;2;247;247;247m▀[0m[38;2;122;136;141m[48;2;247;247;247m▀[0m[38;2;36;60;67m[48;2;229;226;222m▀[0m[38;2;12;30;34m[48;2;69;84;90m▀[0m[38;2;32;58;59m[48;2;0;0;0m▀[0m[38;2;66;80;85m[48;2;35;57;64m▀[0m[38;2;52;76;80m[48;2;58;94;101m▀[0m[38;2;102;89;91m[48;2;27;112;123m▀[0m[38;2;247;0;0m[48;2;156;81;71m▀[0m[38;2;0;149;163m[48;2;101;89;88m▀[0m[38;2;145;57;52m[48;2;121;72;79m▀[0m[38;2;247;3;0m[48;2;247;0;0m▀[0m[38;2;0;150;166m[48;2;0;130;149m▀[0m[38;2;146;64;61m[48;2;138;65;63m▀[0m[38;2;181;49;44m[48;2;176;51;45m▀[0m[38;2;34;121;132m[48;2;41;111;122m▀[0m[38;2;51;110;120m[48;2;78;102;109m▀[0m[38;2;96;115;123m[48;2;32;83;90m▀[0m[38;2;0;17;24m[48;2;0;0;0m▀[0m[38;2;0;23;29m[48;2;146;193;192m▀[0m[38;2;201;93;88m[48;2;247;198;187m▀[0m[38;2;247;247;247m[48;2;247;70;68m▀[0m[38;2;247;247;247m[48;2;247;0;0m▀[0m[38;2;247;112;111m[48;2;247;107;101m▀[0m[38;2;247;59;49m[48;2;247;70;62m▀[0m[38;2;247;33;22m[48;2;247;76;69m▀[0m[38;2;247;0;0m[48;2;246;239;236m▀[0m[38;2;247;1;0m[48;2;247;178;169m▀[0m[38;2;247;74;70m[48;2;247;0;0m▀[0m[38;2;243;171;166m[48;2;247;0;0m▀[0m[38;2;225;247;247m[48;2;247;48;39m▀[0m[38;2;232;247;247m[48;2;235;195;192m▀[0m[38;2;242;224;217m[48;2;235;247;247m▀[0m[38;2;247;242;237m[48;2;247;245;240m▀[0m[38;2;148;159;155m[48;2;247;247;247m▀[0m[38;2;0;0;0m[48;2;43;64;65m▀[0m[38;2;7;9;13m[48;2;0;0;0m▀[0m[38;2;0;0;0m[48;2;0;0;0m▀[0m[38;2;58;58;60m[48;2;14;14;16m▀[0m[38;2;65;64;66m[48;2;21;21;22m▀[0m[38;2;0;0;0m[48;2;0;0;0m▀[0m[38;2;69;71;75m[48;2;72;74;78m▀[0m[38;2;0;0;0m[48;2;0;0;0m▀[0m[38;2;12;11;12m[48;2;0;0;0m▀[0m[38;2;165;168;169m[48;2;195;195;196m▀[0m[38;2;32;31;33m[48;2;58;61;62m▀[0m[38;2;151;153;155m[48;2;124;124;125m▀[0m[38;2;247;247;247m[48;2;247;247;247m▀[0m[38;2;247;247;247m[48;2;247;247;247m▀[0m
[38;2;174;175;171m[48;2;173;174;170m▀[0m[38;2;174;175;171m[48;2;174;174;169m▀[0m[38;2;174;175;171m[48;2;174;174;168m▀[0m[38;2;174;174;169m[48;2;173;174;170m▀[0m[38;2;173;174;170m[48;2;174;175;169m▀[0m[38;2;174;175;171m[48;2;173;174;170m▀[0m[38;2;175;175;170m[48;2;174;174;169m▀[0m[38;2;175;175;170m[48;2;174;175;169m▀[0m[38;2;174;175;171m[48;2;175;175;170m▀[0m[38;2;174;175;171m[48;2;174;175;171m▀[0m[38;2;174;175;169m[48;2;181;182;175m▀[0m[38;2;180;181;175m[48;2;181;182;176m▀[0m[38;2;203;202;197m[48;2;229;234;230m▀[0m[38;2;173;180;179m[48;2;120;130;133m▀[0m[38;2;0;0;0m[48;2;9;7;10m▀[0m[38;2;51;51;53m[48;2;17;17;18m▀[0m[38;2;98;103;108m[48;2;0;0;0m▀[0m[38;2;42;44;45m[48;2;0;0;0m▀[0m[38;2;0;0;0m[48;2;0;0;0m▀[0m[38;2;37;37;38m[48;2;158;163;164m▀[0m[38;2;100;104;105m[48;2;51;58;59m▀[0m[38;2;0;0;0m[48;2;0;0;0m▀[0m[38;2;17;20;24m[48;2;0;0;0m▀[0m[38;2;247;247;247m[48;2;0;10;13m▀[0m[38;2;14;61;63m[48;2;0;0;0m▀[0m[38;2;12;0;0m[48;2;117;89;89m▀[0m[38;2;247;0;0m[48;2;247;247;247m▀[0m[38;2;236;79;73m[48;2;232;19;19m▀[0m[38;2;247;247;247m[48;2;218;46;49m▀[0m[38;2;247;247;247m[48;2;247;247;247m▀[0m[38;2;247;247;247m[48;2;247;247;247m▀[0m[38;2;84;96;102m[48;2;247;247;247m▀[0m[38;2;0;0;0m[48;2;68;81;88m▀[0m[38;2;47;62;69m[48;2;0;0;0m▀[0m[38;2;61;80;85m[48;2;49;64;68m▀[0m[38;2;65;104;112m[48;2;73;91;95m▀[0m[38;2;57;112;117m[48;2;81;102;107m▀[0m[38;2;83;101;105m[48;2;32;126;134m▀[0m[38;2;247;0;0m[48;2;247;0;0m▀[0m[38;2;64;97;108m[48;2;167;46;46m▀[0m[38;2;102;82;80m[48;2;32;111;118m▀[0m[38;2;143;57;51m[48;2;76;87;94m▀[0m[38;2;50;102;113m[48;2;48;80;89m▀[0m[38;2;59;92;97m[48;2;13;79;89m▀[0m[38;2;0;29;36m[48;2;152;138;136m▀[0m[38;2;147;147;145m[48;2;247;160;142m▀[0m[38;2;247;206;194m[48;2;247;0;0m▀[0m[38;2;247;82;66m[48;2;247;121;114m▀[0m[38;2;247;0;0m[48;2;247;0;0m▀[0m[38;2;247;46;32m[48;2;247;102;103m▀[0m[38;2;247;64;54m[48;2;236;239;236m▀[0m[38;2;247;30;28m[48;2;247;84;78m▀[0m[38;2;247;12;12m[48;2;247;91;81m▀[0m[38;2;247;134;132m[48;2;247;91;88m▀[0m[38;2;247;98;91m[48;2;247;0;0m▀[0m[38;2;247;49;41m[48;2;247;0;0m▀[0m[38;2;247;154;157m[48;2;247;34;37m▀[0m[38;2;247;98;91m[48;2;247;14;7m▀[0m[38;2;247;24;5m[48;2;247;85;73m▀[0m[38;2;247;94;87m[48;2;247;3;0m▀[0m[38;2;238;247;247m[48;2;247;54;43m▀[0m[38;2;247;247;247m[48;2;247;247;247m▀[0m[38;2;214;184;181m[48;2;247;247;247m▀[0m[38;2;0;0;0m[48;2;0;17;18m▀[0m[38;2;0;0;0m[48;2;0;0;0m▀[0m[38;2;14;14;15m[48;2;0;0;0m▀[0m[38;2;29;29;30m[48;2;7;4;8m▀[0m[38;2;0;0;0m[48;2;0;0;0m▀[0m[38;2;74;76;80m[48;2;83;85;89m▀[0m[38;2;3;5;7m[48;2;10;12;17m▀[0m[38;2;0;0;0m[48;2;0;0;0m▀[0m[38;2;184;182;185m[48;2;190;192;194m▀[0m[38;2;1;3;3m[48;2;39;39;40m▀[0m[38;2;88;91;92m[48;2;43;41;47m▀[0m[38;2;247;247;247m[48;2;247;247;247m▀[0m[38;2;247;247;247m[48;2;247;247;247m▀[0m
[38;2;174;175;169m[48;2;174;175;171m▀[0m[38;2;174;175;169m[48;2;172;175;171m▀[0m[38;2;174;175;171m[48;2;172;175;171m▀[0m[38;2;173;174;170m[48;2;173;174;170m▀[0m[38;2;172;175;169m[48;2;174;175;169m▀[0m[38;2;173;174;170m[48;2;174;175;169m▀[0m[38;2;173;174;170m[48;2;173;174;170m▀[0m[38;2;172;175;169m[48;2;173;174;170m▀[0m[38;2;178;177;172m[48;2;176;176;170m▀[0m[38;2;181;180;175m[48;2;194;196;189m▀[0m[38;2;190;189;184m[48;2;203;210;206m▀[0m[38;2;229;234;226m[48;2;139;150;147m▀[0m[38;2;196;209;205m[48;2;0;0;0m▀[0m[38;2;0;0;0m[48;2;0;0;0m▀[0m[38;2;0;0;0m[48;2;140;22;17m▀[0m[38;2;0;27;29m[48;2;247;18;16m▀[0m[38;2;59;67;67m[48;2;31;29;32m▀[0m[38;2;145;152;155m[48;2;179;209;209m▀[0m[38;2;247;247;247m[48;2;0;5;8m▀[0m[38;2;18;67;69m[48;2;15;0;0m▀[0m[38;2;0;0;0m[48;2;197;24;24m▀[0m[38;2;0;0;0m[48;2;247;68;71m▀[0m[38;2;0;4;0m[48;2;247;0;0m▀[0m[38;2;33;80;83m[48;2;43;34;32m▀[0m[38;2;0;0;0m[48;2;0;0;0m▀[0m[38;2;160;182;178m[48;2;130;132;130m▀[0m[38;2;247;247;247m[48;2;247;247;247m▀[0m[38;2;244;247;247m[48;2;234;238;235m▀[0m[38;2;217;118;115m[48;2;238;247;247m▀[0m[38;2;240;223;218m[48;2;218;115;114m▀[0m[38;2;243;247;247m[48;2;234;236;236m▀[0m[38;2;247;247;247m[48;2;245;247;247m▀[0m[38;2;242;234;231m[48;2;247;247;247m▀[0m[38;2;35;53;59m[48;2;156;162;165m▀[0m[38;2;1;7;10m[48;2;18;32;38m▀[0m[38;2;77;92;97m[48;2;7;9;10m▀[0m[38;2;83;104;111m[48;2;86;100;104m▀[0m[38;2;59;109;119m[48;2;82;99;103m▀[0m[38;2;133;73;71m[48;2;63;97;105m▀[0m[38;2;143;58;58m[48;2;59;89;97m▀[0m[38;2;49;101;108m[48;2;54;72;79m▀[0m[38;2;41;69;77m[48;2;64;87;97m▀[0m[38;2;49;98;106m[48;2;238;247;247m▀[0m[38;2;156;196;196m[48;2;193;106;87m▀[0m[38;2;247;77;47m[48;2;247;36;7m▀[0m[38;2;247;0;0m[48;2;247;48;39m▀[0m[38;2;247;8;8m[48;2;247;43;41m▀[0m[38;2;247;41;43m[48;2;247;0;0m▀[0m[38;2;247;100;99m[48;2;247;0;0m▀[0m[38;2;247;83;78m[48;2;247;0;0m▀[0m[38;2;247;142;138m[48;2;247;0;0m▀[0m[38;2;247;72;68m[48;2;247;0;0m▀[0m[38;2;247;98;95m[48;2;247;0;0m▀[0m[38;2;239;247;247m[48;2;247;0;0m▀[0m[38;2;247;55;43m[48;2;247;0;0m▀[0m[38;2;247;113;109m[48;2;247;165;159m▀[0m[38;2;247;106;105m[48;2;231;244;244m▀[0m[38;2;247;26;19m[48;2;247;51;44m▀[0m[38;2;247;8;0m[48;2;247;62;46m▀[0m[38;2;247;33;26m[48;2;247;36;26m▀[0m[38;2;247;0;0m[48;2;247;97;91m▀[0m[38;2;247;73;67m[48;2;247;60;52m▀[0m[38;2;247;247;247m[48;2;247;197;191m▀[0m[38;2;187;167;164m[48;2;247;247;247m▀[0m[38;2;0;0;0m[48;2;0;0;0m▀[0m[38;2;0;0;0m[48;2;0;0;0m▀[0m[38;2;6;6;8m[48;2;0;0;0m▀[0m[38;2;0;0;0m[48;2;0;0;0m▀[0m[38;2;78;82;83m[48;2;89;92;93m▀[0m[38;2;13;17;20m[48;2;15;18;22m▀[0m[38;2;0;0;0m[48;2;0;0;0m▀[0m[38;2;117;119;119m[48;2;122;122;123m▀[0m[38;2;169;166;168m[48;2;201;201;199m▀[0m[38;2;22;20;26m[48;2;14;14;18m▀[0m[38;2;247;247;247m[48;2;247;247;247m▀[0m[38;2;247;247;247m[48;2;247;247;247m▀[0m
[38;2;173;174;170m[48;2;172;173;170m▀[0m[38;2;172;173;169m[48;2;172;173;169m▀[0m[38;2;171;174;168m[48;2;171;174;168m▀[0m[38;2;172;173;170m[48;2;171;174;170m▀[0m[38;2;173;174;170m[48;2;173;174;170m▀[0m[38;2;173;174;170m[48;2;171;172;168m▀[0m[38;2;172;173;169m[48;2;174;174;171m▀[0m[38;2;172;173;169m[48;2;182;185;179m▀[0m[38;2;191;192;185m[48;2;95;100;97m▀[0m[38;2;151;158;156m[48;2;174;180;181m▀[0m[38;2;109;116;121m[48;2;107;119;126m▀[0m[38;2;0;0;0m[48;2;0;0;0m▀[0m[38;2;0;0;0m[48;2;200;113;96m▀[0m[38;2;124;45;41m[48;2;247;247;247m▀[0m[38;2;247;247;247m[48;2;63;120;127m▀[0m[38;2;95;58;55m[48;2;0;0;0m▀[0m[38;2;0;0;0m[48;2;22;0;0m▀[0m[38;2;0;0;0m[48;2;247;223;211m▀[0m[38;2;191;129;119m[48;2;247;247;247m▀[0m[38;2;247;175;173m[48;2;247;247;247m▀[0m[38;2;247;92;88m[48;2;229;244;242m▀[0m[38;2;247;247;247m[48;2;226;207;206m▀[0m[38;2;247;58;57m[48;2;247;233;227m▀[0m[38;2;92;0;0m[48;2;22;15;15m▀[0m[38;2;0;0;0m[48;2;0;0;0m▀[0m[38;2;125;133;132m[48;2;159;129;126m▀[0m[38;2;247;247;247m[48;2;247;247;247m▀[0m[38;2;231;231;228m[48;2;234;235;232m▀[0m[38;2;236;247;247m[48;2;228;234;231m▀[0m[38;2;208;115;115m[48;2;227;242;240m▀[0m[38;2;182;0;0m[48;2;208;53;48m▀[0m[38;2;241;247;247m[48;2;230;160;153m▀[0m[38;2;247;247;247m[48;2;238;247;247m▀[0m[38;2;247;247;247m[48;2;247;247;247m▀[0m[38;2;68;90;97m[48;2;176;182;181m▀[0m[38;2;14;21;25m[48;2;39;57;65m▀[0m[38;2;5;7;9m[48;2;0;0;1m▀[0m[38;2;85;98;102m[48;2;49;56;60m▀[0m[38;2;68;76;81m[48;2;57;65;69m▀[0m[38;2;49;62;68m[48;2;35;41;44m▀[0m[38;2;54;72;79m[48;2;26;47;54m▀[0m[38;2;247;247;247m[48;2;228;247;247m▀[0m[38;2;223;247;247m[48;2;168;168;158m▀[0m[38;2;212;3;0m[48;2;247;15;3m▀[0m[38;2;247;85;76m[48;2;247;71;64m▀[0m[38;2;247;35;28m[48;2;247;0;0m▀[0m[38;2;247;0;0m[48;2;238;193;194m▀[0m[38;2;247;24;25m[48;2;216;247;247m▀[0m[38;2;236;167;167m[48;2;215;247;247m▀[0m[38;2;223;247;245m[48;2;216;247;247m▀[0m[38;2;216;247;247m[48;2;213;243;240m▀[0m[38;2;225;247;247m[48;2;227;247;247m▀[0m[38;2;247;247;247m[48;2;247;247;247m▀[0m[38;2;242;234;229m[48;2;223;247;247m▀[0m[38;2;247;110;110m[48;2;208;247;247m▀[0m[38;2;247;0;0m[48;2;213;247;247m▀[0m[38;2;247;0;0m[48;2;247;128;128m▀[0m[38;2;247;58;42m[48;2;247;0;0m▀[0m[38;2;247;47;25m[48;2;247;18;14m▀[0m[38;2;247;30;10m[48;2;247;43;42m▀[0m[38;2;247;70;70m[48;2;247;29;33m▀[0m[38;2;224;247;247m[48;2;231;193;192m▀[0m[38;2;247;34;28m[48;2;247;90;81m▀[0m[38;2;247;247;247m[48;2;247;219;216m▀[0m[38;2;64;71;70m[48;2;157;189;185m▀[0m[38;2;0;0;0m[48;2;0;0;0m▀[0m[38;2;0;0;0m[48;2;0;0;0m▀[0m[38;2;0;0;0m[48;2;0;0;0m▀[0m[38;2;80;77;77m[48;2;63;63;64m▀[0m[38;2;3;0;4m[48;2;0;0;0m▀[0m[38;2;0;0;0m[48;2;0;0;0m▀[0m[38;2;174;174;178m[48;2;187;187;188m▀[0m[38;2;190;190;191m[48;2;169;169;170m▀[0m[38;2;14;20;24m[48;2;15;18;22m▀[0m[38;2;247;247;247m[48;2;247;247;247m▀[0m[38;2;247;247;247m[48;2;247;247;247m▀[0m
[38;2;171;172;169m[48;2;169;172;169m▀[0m[38;2;172;173;167m[48;2;171;172;169m▀[0m[38;2;170;173;169m[48;2;170;173;170m▀[0m[38;2;172;173;170m[48;2;168;171;168m▀[0m[38;2;169;172;168m[48;2;176;181;177m▀[0m[38;2;172;179;174m[48;2;150;158;154m▀[0m[38;2;161;168;167m[48;2;82;88;89m▀[0m[38;2;77;81;84m[48;2;218;215;221m▀[0m[38;2;186;185;185m[48;2;247;247;247m▀[0m[38;2;247;247;247m[48;2;233;229;223m▀[0m[38;2;247;247;247m[48;2;244;247;244m▀[0m[38;2;247;181;179m[48;2;247;247;247m▀[0m[38;2;247;55;50m[48;2;247;62;64m▀[0m[38;2;16;42;46m[48;2;0;0;0m▀[0m[38;2;0;0;0m[48;2;148;0;0m▀[0m[38;2;89;0;0m[48;2;247;162;145m▀[0m[38;2;247;247;247m[48;2;247;247;247m▀[0m[38;2;247;247;247m[48;2;238;231;227m▀[0m[38;2;239;247;247m[48;2;231;231;229m▀[0m[38;2;247;125;120m[48;2;222;236;231m▀[0m[38;2;234;227;227m[48;2;225;225;225m▀[0m[38;2;233;247;247m[48;2;233;247;247m▀[0m[38;2;247;151;150m[48;2;247;129;129m▀[0m[38;2;132;106;106m[48;2;247;212;212m▀[0m[38;2;0;0;0m[48;2;0;48;56m▀[0m[38;2;81;0;0m[48;2;149;0;0m▀[0m[38;2;247;247;247m[48;2;247;141;136m▀[0m[38;2;225;247;246m[48;2;224;247;247m▀[0m[38;2;229;230;225m[48;2;225;221;221m▀[0m[38;2;229;239;233m[48;2;227;234;234m▀[0m[38;2;222;221;215m[48;2;226;203;204m▀[0m[38;2;231;170;167m[48;2;229;207;203m▀[0m[38;2;236;228;228m[48;2;233;198;196m▀[0m[38;2;247;247;245m[48;2;243;247;243m▀[0m[38;2;247;247;247m[48;2;247;247;247m▀[0m[38;2;125;130;135m[48;2;240;234;236m▀[0m[38;2;21;32;37m[48;2;30;42;50m▀[0m[38;2;28;36;40m[48;2;16;29;36m▀[0m[38;2;64;75;82m[48;2;10;0;4m▀[0m[38;2;94;104;104m[48;2;0;0;0m▀[0m[38;2;0;26;30m[48;2;0;0;0m▀[0m[38;2;0;70;79m[48;2;0;62;72m▀[0m[38;2;152;46;38m[48;2;191;0;0m▀[0m[38;2;247;0;0m[48;2;247;8;0m▀[0m[38;2;247;17;5m[48;2;232;237;242m▀[0m[38;2;231;203;199m[48;2;215;247;247m▀[0m[38;2;219;247;247m[48;2;224;226;226m▀[0m[38;2;222;237;234m[48;2;222;228;225m▀[0m[38;2;222;228;224m[48;2;225;219;216m▀[0m[38;2;225;224;221m[48;2;225;217;215m▀[0m[38;2;219;215;212m[48;2;219;211;211m▀[0m[38;2;236;245;243m[48;2;244;243;241m▀[0m[38;2;247;247;247m[48;2;229;227;225m▀[0m[38;2;217;217;210m[48;2;221;214;210m▀[0m[38;2;226;226;224m[48;2;225;223;218m▀[0m[38;2;216;247;247m[48;2;222;230;230m▀[0m[38;2;208;247;247m[48;2;221;241;241m▀[0m[38;2;245;158;153m[48;2;238;176;170m▀[0m[38;2;247;0;0m[48;2;247;112;108m▀[0m[38;2;216;247;247m[48;2;247;0;0m▀[0m[38;2;247;123;120m[48;2;224;247;247m▀[0m[38;2;247;0;0m[48;2;247;0;0m▀[0m[38;2;247;189;181m[48;2;247;167;161m▀[0m[38;2;247;122;114m[48;2;247;97;89m▀[0m[38;2;208;247;247m[48;2;236;247;247m▀[0m[38;2;0;0;0m[48;2;0;0;0m▀[0m[38;2;0;0;0m[48;2;0;0;0m▀[0m[38;2;0;0;0m[48;2;0;0;0m▀[0m[38;2;60;60;62m[48;2;50;50;54m▀[0m[38;2;12;12;13m[48;2;27;27;28m▀[0m[38;2;0;0;0m[48;2;0;0;0m▀[0m[38;2;170;170;174m[48;2;155;158;159m▀[0m[38;2;129;129;129m[48;2;59;59;60m▀[0m[38;2;0;0;0m[48;2;0;0;0m▀[0m[38;2;247;247;247m[48;2;247;247;247m▀[0m[38;2;247;247;247m[48;2;247;247;247m▀[0m
[38;2;169;172;169m[48;2;169;172;169m▀[0m[38;2;171;172;169m[48;2;167;170;167m▀[0m[38;2;167;171;167m[48;2;178;185;180m▀[0m[38;2;179;183;179m[48;2;132;137;133m▀[0m[38;2;139;143;139m[48;2;104;106;108m▀[0m[38;2;94;96;99m[48;2;247;247;247m▀[0m[38;2;246;242;244m[48;2;247;238;236m▀[0m[38;2;247;247;247m[48;2;226;213;215m▀[0m[38;2;224;218;213m[48;2;226;220;217m▀[0m[38;2;229;223;222m[48;2;223;216;213m▀[0m[38;2;226;226;224m[48;2;224;218;214m▀[0m[38;2;230;232;233m[48;2;225;223;221m▀[0m[38;2;240;247;247m[48;2;229;226;223m▀[0m[38;2;238;247;247m[48;2;237;236;233m▀[0m[38;2;247;218;214m[48;2;230;247;247m▀[0m[38;2;247;180;179m[48;2;228;174;176m▀[0m[38;2;234;247;247m[48;2;231;221;219m▀[0m[38;2;231;232;229m[48;2;228;232;229m▀[0m[38;2;227;226;226m[48;2;226;209;208m▀[0m[38;2;224;220;217m[48;2;224;223;220m▀[0m[38;2;224;223;220m[48;2;225;219;218m▀[0m[38;2;228;237;236m[48;2;223;228;227m▀[0m[38;2;226;242;239m[48;2;226;227;225m▀[0m[38;2;240;199;197m[48;2;235;160;158m▀[0m[38;2;247;207;204m[48;2;233;235;237m▀[0m[38;2;247;223;217m[48;2;225;247;247m▀[0m[38;2;247;47;39m[48;2;245;140;134m▀[0m[38;2;219;247;247m[48;2;228;198;194m▀[0m[38;2;223;222;219m[48;2;220;237;234m▀[0m[38;2;226;242;242m[48;2;223;229;227m▀[0m[38;2;216;160;160m[48;2;224;203;200m▀[0m[38;2;228;164;161m[48;2;238;178;178m▀[0m[38;2;233;177;176m[48;2;230;166;163m▀[0m[38;2;247;237;233m[48;2;247;225;223m▀[0m[38;2;247;247;247m[48;2;239;247;247m▀[0m[38;2;173;184;188m[48;2;10;27;36m▀[0m[38;2;20;38;46m[48;2;0;0;0m▀[0m[38;2;0;0;0m[48;2;59;65;68m▀[0m[38;2;0;0;0m[48;2;123;123;124m▀[0m[38;2;212;199;199m[48;2;247;247;247m▀[0m[38;2;85;78;83m[48;2;247;247;247m▀[0m[38;2;0;0;0m[48;2;0;0;0m▀[0m[38;2;233;0;0m[48;2;247;3;0m▀[0m[38;2;247;172;163m[48;2;247;247;247m▀[0m[38;2;225;247;247m[48;2;226;241;239m▀[0m[38;2;221;234;232m[48;2;222;225;222m▀[0m[38;2;221;226;224m[48;2;225;216;217m▀[0m[38;2;223;219;216m[48;2;225;216;213m▀[0m[38;2;224;217;214m[48;2;224;217;213m▀[0m[38;2;224;216;214m[48;2;224;213;210m▀[0m[38;2;226;218;216m[48;2;225;224;218m▀[0m[38;2;236;237;233m[48;2;226;224;217m▀[0m[38;2;222;213;213m[48;2;225;212;214m▀[0m[38;2;224;217;216m[48;2;225;216;213m▀[0m[38;2;225;218;215m[48;2;225;217;214m▀[0m[38;2;223;222;219m[48;2;224;216;213m▀[0m[38;2;220;240;238m[48;2;225;219;218m▀[0m[38;2;225;232;232m[48;2;221;240;241m▀[0m[38;2;232;187;182m[48;2;217;235;232m▀[0m[38;2;247;31;21m[48;2;238;182;177m▀[0m[38;2;247;154;150m[48;2;247;11;0m▀[0m[38;2;225;247;247m[48;2;223;247;247m▀[0m[38;2;247;116;116m[48;2;229;237;236m▀[0m[38;2;247;123;107m[48;2;247;167;151m▀[0m[38;2;247;232;233m[48;2;247;197;195m▀[0m[38;2;0;0;0m[48;2;0;0;0m▀[0m[38;2;0;0;0m[48;2;0;0;0m▀[0m[38;2;0;0;0m[48;2;0;0;0m▀[0m[38;2;34;34;38m[48;2;31;33;34m▀[0m[38;2;33;33;34m[48;2;52;56;57m▀[0m[38;2;0;0;0m[48;2;0;0;0m▀[0m[38;2;96;96;97m[48;2;0;0;0m▀[0m[38;2;0;0;0m[48;2;0;0;0m▀[0m[38;2;0;0;0m[48;2;135;137;138m▀[0m[38;2;247;247;247m[48;2;225;224;225m▀[0m[38;2;247;247;247m[48;2;247;247;247m▀[0m
[38;2;166;169;165m[48;2;186;190;187m▀[0m[38;2;183;188;183m[48;2;118;126;125m▀[0m[38;2;125;131;129m[48;2;100;104;105m▀[0m[38;2;103;107;110m[48;2;247;247;247m▀[0m[38;2;247;247;247m[48;2;242;229;228m▀[0m[38;2;243;232;230m[48;2;227;220;218m▀[0m[38;2;227;214;213m[48;2;226;214;214m▀[0m[38;2;226;214;217m[48;2;224;215;213m▀[0m[38;2;224;215;213m[48;2;224;215;213m▀[0m[38;2;224;216;214m[48;2;224;215;213m▀[0m[38;2;225;216;214m[48;2;223;215;213m▀[0m[38;2;225;216;214m[48;2;224;215;213m▀[0m[38;2;223;219;215m[48;2;224;216;214m▀[0m[38;2;221;219;216m[48;2;224;218;214m▀[0m[38;2;229;231;229m[48;2;226;220;219m▀[0m[38;2;219;210;211m[48;2;238;247;247m▀[0m[38;2;215;194;196m[48;2;146;94;94m▀[0m[38;2;231;213;209m[48;2;186;76;74m▀[0m[38;2;214;165;165m[48;2;235;240;236m▀[0m[38;2;226;236;233m[48;2;226;225;222m▀[0m[38;2;223;219;215m[48;2;223;219;219m▀[0m[38;2;223;223;220m[48;2;223;219;216m▀[0m[38;2;220;239;237m[48;2;217;244;241m▀[0m[38;2;247;69;64m[48;2;247;20;14m▀[0m[38;2;225;226;223m[48;2;231;197;194m▀[0m[38;2;218;247;247m[48;2;218;244;242m▀[0m[38;2;227;211;205m[48;2;221;228;226m▀[0m[38;2;240;170;165m[48;2;247;157;150m▀[0m[38;2;220;240;240m[48;2;229;236;232m▀[0m[38;2;227;226;222m[48;2;234;232;227m▀[0m[38;2;234;235;231m[48;2;247;247;247m▀[0m[38;2;247;198;194m[48;2;247;216;209m▀[0m[38;2;247;222;219m[48;2;208;207;208m▀[0m[38;2;225;167;167m[48;2;42;71;80m▀[0m[38;2;45;82;93m[48;2;18;35;41m▀[0m[38;2;0;0;0m[48;2;93;103;107m▀[0m[38;2;152;148;148m[48;2;45;48;50m▀[0m[38;2;219;221;221m[48;2;127;124;128m▀[0m[38;2;247;247;247m[48;2;247;247;247m▀[0m[38;2;247;247;247m[48;2;235;238;237m▀[0m[38;2;126;136;136m[48;2;69;76;79m▀[0m[38;2;0;0;0m[48;2;0;0;0m▀[0m[38;2;209;164;158m[48;2;247;247;247m▀[0m[38;2;247;247;247m[48;2;247;247;247m▀[0m[38;2;226;226;224m[48;2;228;223;220m▀[0m[38;2;224;218;215m[48;2;224;216;213m▀[0m[38;2;224;217;213m[48;2;224;216;214m▀[0m[38;2;224;216;213m[48;2;224;216;213m▀[0m[38;2;223;216;213m[48;2;223;216;213m▀[0m[38;2;223;215;213m[48;2;224;216;214m▀[0m[38;2;225;219;215m[48;2;224;216;213m▀[0m[38;2;225;217;214m[48;2;223;215;213m▀[0m[38;2;225;217;214m[48;2;224;216;213m▀[0m[38;2;224;216;213m[48;2;224;216;214m▀[0m[38;2;225;217;213m[48;2;224;216;213m▀[0m[38;2;224;216;213m[48;2;224;216;213m▀[0m[38;2;223;221;216m[48;2;225;216;217m▀[0m[38;2;224;224;221m[48;2;223;219;222m▀[0m[38;2;220;238;235m[48;2;224;224;221m▀[0m[38;2;216;247;247m[48;2;218;247;247m▀[0m[38;2;247;4;0m[48;2;247;61;54m▀[0m[38;2;237;219;215m[48;2;244;97;91m▀[0m[38;2;238;247;247m[48;2;247;247;247m▀[0m[38;2;247;211;199m[48;2;247;219;210m▀[0m[38;2;197;136;134m[48;2;104;70;81m▀[0m[38;2;0;0;0m[48;2;0;0;0m▀[0m[38;2;90;93;97m[48;2;0;0;0m▀[0m[38;2;88;88;89m[48;2;47;47;45m▀[0m[38;2;32;29;31m[48;2;7;7;8m▀[0m[38;2;64;67;66m[48;2;104;103;104m▀[0m[38;2;0;0;0m[48;2;0;0;0m▀[0m[38;2;0;0;0m[48;2;7;10;11m▀[0m[38;2;213;216;217m[48;2;247;247;247m▀[0m[38;2;170;170;168m[48;2;101;104;104m▀[0m[38;2;212;209;212m[48;2;247;247;247m▀[0m[38;2;247;247;247m[48;2;247;247;247m▀[0m
[38;2;102;111;110m[48;2;88;98;102m▀[0m[38;2;94;99;103m[48;2;247;247;247m▀[0m[38;2;247;247;247m[48;2;245;227;222m▀[0m[38;2;241;229;226m[48;2;229;218;214m▀[0m[38;2;228;218;216m[48;2;223;215;212m▀[0m[38;2;224;216;213m[48;2;223;214;212m▀[0m[38;2;223;214;212m[48;2;225;217;215m▀[0m[38;2;224;210;213m[48;2;228;225;225m▀[0m[38;2;223;216;215m[48;2;223;216;213m▀[0m[38;2;223;215;213m[48;2;223;216;213m▀[0m[38;2;223;215;213m[48;2;223;215;213m▀[0m[38;2;222;215;214m[48;2;223;215;213m▀[0m[38;2;223;215;213m[48;2;224;215;213m▀[0m[38;2;224;215;213m[48;2;224;215;213m▀[0m[38;2;224;217;216m[48;2;224;220;216m▀[0m[38;2;247;247;247m[48;2;241;247;247m▀[0m[38;2;172;61;59m[48;2;187;58;57m▀[0m[38;2;160;16;15m[48;2;178;27;23m▀[0m[38;2;247;247;247m[48;2;244;247;247m▀[0m[38;2;225;219;218m[48;2;230;228;223m▀[0m[38;2;225;221;217m[48;2;230;224;223m▀[0m[38;2;223;221;219m[48;2;231;224;222m▀[0m[38;2;218;234;236m[48;2;234;247;244m▀[0m[38;2;233;199;194m[48;2;247;203;193m▀[0m[38;2;230;212;205m[48;2;247;175;165m▀[0m[38;2;226;239;237m[48;2;247;247;247m▀[0m[38;2;231;247;247m[48;2;247;247;247m▀[0m[38;2;247;155;145m[48;2;247;183;173m▀[0m[38;2;247;231;222m[48;2;243;181;179m▀[0m[38;2;247;247;247m[48;2;179;209;219m▀[0m[38;2;247;247;247m[48;2;67;96;103m▀[0m[38;2;191;140;144m[48;2;47;36;41m▀[0m[38;2;41;27;32m[48;2;70;65;69m▀[0m[38;2;41;71;79m[48;2;50;69;78m▀[0m[38;2;59;70;77m[48;2;64;67;66m▀[0m[38;2;147;146;143m[48;2;18;32;35m▀[0m[38;2;27;32;36m[48;2;109;111;112m▀[0m[38;2;247;247;247m[48;2;225;228;232m▀[0m[38;2;247;247;247m[48;2;157;160;160m▀[0m[38;2;247;247;247m[48;2;231;226;225m▀[0m[38;2;74;83;89m[48;2;0;0;0m▀[0m[38;2;46;50;53m[48;2;116;114;112m▀[0m[38;2;247;247;247m[48;2;247;247;247m▀[0m[38;2;239;233;229m[48;2;228;222;218m▀[0m[38;2;225;221;218m[48;2;223;215;216m▀[0m[38;2;223;215;212m[48;2;224;215;212m▀[0m[38;2;224;216;213m[48;2;223;215;212m▀[0m[38;2;223;216;213m[48;2;223;215;212m▀[0m[38;2;223;216;213m[48;2;224;215;212m▀[0m[38;2;225;224;221m[48;2;225;218;215m▀[0m[38;2;224;216;214m[48;2;223;215;211m▀[0m[38;2;224;216;213m[48;2;223;215;212m▀[0m[38;2;223;215;213m[48;2;223;215;213m▀[0m[38;2;223;216;213m[48;2;224;216;214m▀[0m[38;2;224;216;213m[48;2;225;216;214m▀[0m[38;2;223;215;213m[48;2;226;215;212m▀[0m[38;2;225;219;219m[48;2;218;240;240m▀[0m[38;2;221;233;230m[48;2;247;54;44m▀[0m[38;2;223;226;226m[48;2;232;180;175m▀[0m[38;2;216;247;247m[48;2;216;247;247m▀[0m[38;2;247;129;123m[48;2;247;173;171m▀[0m[38;2;247;52;41m[48;2;247;56;47m▀[0m[38;2;247;247;247m[48;2;247;247;247m▀[0m[38;2;245;199;196m[48;2;132;116;125m▀[0m[38;2;8;10;19m[48;2;0;0;0m▀[0m[38;2;0;0;0m[48;2;0;0;0m▀[0m[38;2;0;0;0m[48;2;0;0;0m▀[0m[38;2;0;0;0m[48;2;0;0;0m▀[0m[38;2;0;0;0m[48;2;0;0;0m▀[0m[38;2;119;119;120m[48;2;67;67;68m▀[0m[38;2;0;0;0m[48;2;0;0;0m▀[0m[38;2;80;83;84m[48;2;153;150;152m▀[0m[38;2;247;247;247m[48;2;161;164;163m▀[0m[38;2;106;106;108m[48;2;198;197;198m▀[0m[38;2;247;247;247m[48;2;247;247;247m▀[0m[38;2;247;247;247m[48;2;247;247;247m▀[0m
[38;2;247;247;247m[48;2;243;220;217m▀[0m[38;2;247;225;221m[48;2;247;247;247m▀[0m[38;2;234;215;214m[48;2;247;222;221m▀[0m[38;2;231;214;210m[48;2;231;210;206m▀[0m[38;2;223;211;204m[48;2;244;241;241m▀[0m[38;2;221;210;208m[48;2;230;225;224m▀[0m[38;2;245;242;244m[48;2;220;212;210m▀[0m[38;2;235;235;233m[48;2;220;212;210m▀[0m[38;2;221;213;208m[48;2;222;214;212m▀[0m[38;2;223;215;213m[48;2;222;214;212m▀[0m[38;2;222;215;214m[48;2;222;214;212m▀[0m[38;2;223;214;214m[48;2;223;214;214m▀[0m[38;2;223;215;213m[48;2;225;216;212m▀[0m[38;2;226;218;216m[48;2;228;220;218m▀[0m[38;2;230;233;232m[48;2;238;245;243m▀[0m[38;2;228;215;214m[48;2;238;192;190m▀[0m[38;2;219;175;175m[48;2;247;247;247m▀[0m[38;2;202;122;117m[48;2;247;238;234m▀[0m[38;2;239;216;212m[48;2;247;202;201m▀[0m[38;2;247;247;247m[48;2;229;247;247m▀[0m[38;2;247;247;247m[48;2;182;189;194m▀[0m[38;2;247;247;247m[48;2;136;150;155m▀[0m[38;2;247;247;247m[48;2;77;120;129m▀[0m[38;2;247;224;222m[48;2;94;62;66m▀[0m[38;2;247;166;160m[48;2;91;23;23m▀[0m[38;2;176;217;225m[48;2;4;52;63m▀[0m[38;2;133;158;167m[48;2;31;50;59m▀[0m[38;2;76;67;70m[48;2;20;32;37m▀[0m[38;2;54;25;30m[48;2;36;34;38m▀[0m[38;2;24;56;64m[48;2;74;92;99m▀[0m[38;2;40;53;54m[48;2;73;86;94m▀[0m[38;2;61;82;89m[48;2;39;50;61m▀[0m[38;2;55;74;81m[48;2;160;161;160m▀[0m[38;2;102;103;99m[48;2;105;116;122m▀[0m[38;2;69;79;87m[48;2;43;61;70m▀[0m[38;2;41;53;61m[48;2;41;47;52m▀[0m[38;2;215;217;218m[48;2;247;247;247m▀[0m[38;2;193;198;199m[48;2;211;210;211m▀[0m[38;2;0;0;0m[48;2;0;0;0m▀[0m[38;2;0;0;0m[48;2;15;22;33m▀[0m[38;2;0;0;0m[48;2;0;5;9m▀[0m[38;2;203;193;190m[48;2;247;247;247m▀[0m[38;2;247;247;247m[48;2;247;242;241m▀[0m[38;2;226;221;220m[48;2;227;221;220m▀[0m[38;2;222;214;212m[48;2;223;215;212m▀[0m[38;2;223;215;212m[48;2;222;214;211m▀[0m[38;2;223;214;212m[48;2;224;213;211m▀[0m[38;2;225;214;212m[48;2;225;212;211m▀[0m[38;2;223;214;211m[48;2;226;212;211m▀[0m[38;2;223;214;211m[48;2;226;208;208m▀[0m[38;2;223;214;211m[48;2;226;217;214m▀[0m[38;2;223;215;213m[48;2;223;216;213m▀[0m[38;2;223;216;213m[48;2;223;216;213m▀[0m[38;2;223;215;213m[48;2;222;215;212m▀[0m[38;2;223;215;213m[48;2;222;214;212m▀[0m[38;2;224;215;216m[48;2;223;215;212m▀[0m[38;2;221;227;227m[48;2;223;214;211m▀[0m[38;2;236;164;161m[48;2;219;233;233m▀[0m[38;2;225;210;210m[48;2;226;229;226m▀[0m[38;2;223;247;247m[48;2;235;247;247m▀[0m[38;2;247;192;188m[48;2;247;219;208m▀[0m[38;2;247;91;83m[48;2;245;67;63m▀[0m[38;2;188;247;247m[48;2;32;102;121m▀[0m[38;2;14;10;21m[48;2;0;0;0m▀[0m[38;2;0;0;0m[48;2;32;39;39m▀[0m[38;2;0;0;0m[48;2;0;0;0m▀[0m[38;2;0;0;0m[48;2;0;0;0m▀[0m[38;2;0;0;0m[48;2;27;27;29m▀[0m[38;2;0;0;0m[48;2;0;0;0m▀[0m[38;2;17;17;17m[48;2;0;0;0m▀[0m[38;2;56;56;57m[48;2;72;72;74m▀[0m[38;2;129;129;128m[48;2;64;64;62m▀[0m[38;2;143;145;145m[48;2;247;247;247m▀[0m[38;2;247;247;247m[48;2;247;247;247m▀[0m[38;2;247;247;247m[48;2;247;247;247m▀[0m[38;2;247;247;247m[48;2;247;247;247m▀[0m
[38;2;19;25;26m[48;2;40;43;49m▀[0m[38;2;133;128;128m[48;2;4;12;16m▀[0m[38;2;247;247;247m[48;2;123;112;110m▀[0m[38;2;247;224;220m[48;2;247;247;247m▀[0m[38;2;247;246;246m[48;2;247;228;225m▀[0m[38;2;237;221;220m[48;2;247;247;242m▀[0m[38;2;247;235;234m[48;2;181;183;184m▀[0m[38;2;244;232;229m[48;2;156;160;163m▀[0m[38;2;228;218;215m[48;2;247;238;235m▀[0m[38;2;226;217;211m[48;2;229;221;218m▀[0m[38;2;222;214;212m[48;2;229;222;220m▀[0m[38;2;226;218;215m[48;2;235;227;223m▀[0m[38;2;233;221;220m[48;2;247;247;247m▀[0m[38;2;247;238;232m[48;2;247;247;247m▀[0m[38;2;247;247;247m[48;2;160;150;160m▀[0m[38;2;221;153;152m[48;2;42;32;38m▀[0m[38;2;156;185;191m[48;2;16;45;51m▀[0m[38;2;88;96;98m[48;2;34;52;60m▀[0m[38;2;97;55;60m[48;2;53;70;75m▀[0m[38;2;28;60;71m[48;2;63;75;83m▀[0m[38;2;24;42;47m[48;2;79;93;97m▀[0m[38;2;25;41;45m[48;2;84;93;99m▀[0m[38;2;21;56;64m[48;2;73;105;114m▀[0m[38;2;95;40;35m[48;2;138;81;80m▀[0m[38;2;108;48;46m[48;2;121;91;90m▀[0m[38;2;48;87;97m[48;2;79;112;121m▀[0m[38;2;80;91;100m[48;2;103;123;133m▀[0m[38;2;47;59;64m[48;2;34;43;47m▀[0m[38;2;51;49;57m[48;2;17;25;29m▀[0m[38;2;72;87;97m[48;2;127;140;145m▀[0m[38;2;38;51;61m[48;2;178;174;174m▀[0m[38;2;226;225;223m[48;2;136;130;129m▀[0m[38;2;143;145;145m[48;2;0;0;0m▀[0m[38;2;42;59;66m[48;2;0;0;0m▀[0m[38;2;0;0;0m[48;2;64;64;64m▀[0m[38;2;93;95;96m[48;2;247;247;247m▀[0m[38;2;237;241;242m[48;2;34;34;35m▀[0m[38;2;247;247;247m[48;2;0;0;0m▀[0m[38;2;0;0;0m[48;2;0;0;0m▀[0m[38;2;0;0;6m[48;2;0;0;0m▀[0m[38;2;58;58;59m[48;2;120;119;119m▀[0m[38;2;247;247;247m[48;2;247;247;247m▀[0m[38;2;243;237;233m[48;2;233;231;226m▀[0m[38;2;232;226;222m[48;2;225;217;213m▀[0m[38;2;222;213;209m[48;2;232;216;215m▀[0m[38;2;223;211;208m[48;2;229;209;206m▀[0m[38;2;224;210;208m[48;2;227;209;205m▀[0m[38;2;225;210;209m[48;2;226;201;198m▀[0m[38;2;227;209;208m[48;2;235;222;218m▀[0m[38;2;227;207;207m[48;2;247;247;247m▀[0m[38;2;228;216;215m[48;2;237;230;230m▀[0m[38;2;223;215;211m[48;2;219;202;200m▀[0m[38;2;222;214;210m[48;2;223;214;210m▀[0m[38;2;223;215;212m[48;2;223;215;212m▀[0m[38;2;222;214;212m[48;2;222;214;211m▀[0m[38;2;222;215;212m[48;2;222;214;211m▀[0m[38;2;222;215;212m[48;2;224;217;214m▀[0m[38;2;226;219;216m[48;2;230;223;219m▀[0m[38;2;238;231;227m[48;2;247;247;247m▀[0m[38;2;247;247;247m[48;2;194;217;223m▀[0m[38;2;212;148;142m[48;2;46;38;41m▀[0m[38;2;97;28;35m[48;2;0;0;0m▀[0m[38;2;0;24;35m[48;2;0;0;0m▀[0m[38;2;0;0;0m[48;2;72;76;75m▀[0m[38;2;29;32;36m[48;2;0;0;0m▀[0m[38;2;0;0;0m[48;2;0;0;0m▀[0m[38;2;0;0;0m[48;2;0;0;0m▀[0m[38;2;50;56;61m[48;2;70;76;84m▀[0m[38;2;5;5;7m[48;2;0;0;0m▀[0m[38;2;0;0;0m[48;2;0;0;0m▀[0m[38;2;0;0;0m[48;2;0;3;7m▀[0m[38;2;89;88;86m[48;2;247;247;247m▀[0m[38;2;247;247;247m[48;2;247;247;247m▀[0m[38;2;247;247;247m[48;2;247;247;247m▀[0m[38;2;247;247;247m[48;2;247;247;247m▀[0m[38;2;247;247;247m[48;2;247;247;247m▀[0m
[38;2;66;66;71m[48;2;75;78;82m▀[0m[38;2;60;62;67m[48;2;70;68;74m▀[0m[38;2;15;23;27m[48;2;59;61;65m▀[0m[38;2;161;148;150m[48;2;41;48;49m▀[0m[38;2;247;247;247m[48;2;175;162;162m▀[0m[38;2;188;179;180m[48;2;62;72;80m▀[0m[38;2;0;9;21m[48;2;2;19;25m▀[0m[38;2;158;168;170m[48;2;198;205;205m▀[0m[38;2;247;247;247m[48;2;247;247;247m▀[0m[38;2;242;231;227m[48;2;247;247;247m▀[0m[38;2;247;247;245m[48;2;247;247;247m▀[0m[38;2;247;247;247m[48;2;133;147;151m▀[0m[38;2;217;222;227m[48;2;25;42;51m▀[0m[38;2;77;96;105m[48;2;37;50;58m▀[0m[38;2;14;37;45m[48;2;59;69;79m▀[0m[38;2;50;71;78m[48;2;6;17;28m▀[0m[38;2;65;80;88m[48;2;0;0;0m▀[0m[38;2;50;67;76m[48;2;13;21;24m▀[0m[38;2;38;56;64m[48;2;57;61;60m▀[0m[38;2;52;64;74m[48;2;0;0;0m▀[0m[38;2;45;56;63m[48;2;20;13;13m▀[0m[38;2;64;72;80m[48;2;0;0;0m▀[0m[38;2;66;81;87m[48;2;0;0;0m▀[0m[38;2;69;84;90m[48;2;0;0;0m▀[0m[38;2;70;83;90m[48;2;0;0;0m▀[0m[38;2;64;75;83m[48;2;0;0;0m▀[0m[38;2;39;51;57m[48;2;0;0;0m▀[0m[38;2;21;24;24m[48;2;0;0;0m▀[0m[38;2;244;243;243m[48;2;135;131;130m▀[0m[38;2;204;200;202m[48;2;0;0;0m▀[0m[38;2;42;41;41m[48;2;0;0;0m▀[0m[38;2;0;0;0m[48;2;0;0;0m▀[0m[38;2;0;0;0m[48;2;0;0;0m▀[0m[38;2;0;0;0m[48;2;0;0;0m▀[0m[38;2;90;89;86m[48;2;247;247;247m▀[0m[38;2;247;247;247m[48;2;116;118;119m▀[0m[38;2;0;0;0m[48;2;0;0;0m▀[0m[38;2;0;0;0m[48;2;0;0;0m▀[0m[38;2;0;0;0m[48;2;0;0;0m▀[0m[38;2;0;0;0m[48;2;0;0;0m▀[0m[38;2;124;128;127m[48;2;119;125;128m▀[0m[38;2;247;247;247m[48;2;247;247;247m▀[0m[38;2;119;125;129m[48;2;28;33;40m▀[0m[38;2;205;194;194m[48;2;247;239;236m▀[0m[38;2;247;232;226m[48;2;247;247;245m▀[0m[38;2;231;213;205m[48;2;247;247;247m▀[0m[38;2;234;212;210m[48;2;247;247;247m▀[0m[38;2;230;208;204m[48;2;247;247;247m▀[0m[38;2;233;213;211m[48;2;247;247;244m▀[0m[38;2;247;247;247m[48;2;247;221;217m▀[0m[38;2;247;239;239m[48;2;233;207;205m▀[0m[38;2;224;205;202m[48;2;234;217;212m▀[0m[38;2;222;213;210m[48;2;230;216;212m▀[0m[38;2;221;217;210m[48;2;238;230;226m▀[0m[38;2;222;213;211m[48;2;233;225;221m▀[0m[38;2;222;214;215m[48;2;226;219;219m▀[0m[38;2;227;217;215m[48;2;229;222;218m▀[0m[38;2;244;231;230m[48;2;247;247;247m▀[0m[38;2;247;247;247m[48;2;177;191;193m▀[0m[38;2;64;97;104m[48;2;0;0;0m▀[0m[38;2;0;0;0m[48;2;0;0;0m▀[0m[38;2;0;0;0m[48;2;0;0;0m▀[0m[38;2;161;154;150m[48;2;247;241;242m▀[0m[38;2;55;55;53m[48;2;201;199;194m▀[0m[38;2;19;21;22m[48;2;25;27;28m▀[0m[38;2;0;0;0m[48;2;0;0;0m▀[0m[38;2;1;1;3m[48;2;35;35;39m▀[0m[38;2;105;111;119m[48;2;16;19;25m▀[0m[38;2;82;84;85m[48;2;84;87;88m▀[0m[38;2;0;0;0m[48;2;65;65;66m▀[0m[38;2;0;0;0m[48;2;0;0;0m▀[0m[38;2;212;216;216m[48;2;43;49;53m▀[0m[38;2;247;247;247m[48;2;247;247;247m▀[0m[38;2;247;247;247m[48;2;247;247;247m▀[0m[38;2;247;247;247m[48;2;247;247;247m▀[0m[38;2;247;247;247m[48;2;247;247;247m▀[0m
[38;2;65;64;67m[48;2;26;23;25m▀[0m[38;2;76;76;81m[48;2;67;73;77m▀[0m[38;2;69;69;74m[48;2;71;73;78m▀[0m[38;2;67;71;75m[48;2;79;81;85m▀[0m[38;2;42;49;50m[48;2;67;67;71m▀[0m[38;2;49;58;64m[48;2;29;32;32m▀[0m[38;2;51;59;64m[48;2;78;85;90m▀[0m[38;2;66;80;84m[48;2;60;66;73m▀[0m[38;2;122;136;140m[48;2;46;54;62m▀[0m[38;2;101;116;122m[48;2;53;63;70m▀[0m[38;2;46;64;73m[48;2;72;84;90m▀[0m[38;2;31;45;51m[48;2;65;73;80m▀[0m[38;2;65;74;81m[48;2;9;14;20m▀[0m[38;2;28;34;43m[48;2;35;42;41m▀[0m[38;2;0;0;0m[48;2;247;245;234m▀[0m[38;2;82;86;86m[48;2;247;247;247m▀[0m[38;2;211;202;199m[48;2;247;247;247m▀[0m[38;2;247;247;247m[48;2;247;247;247m▀[0m[38;2;247;247;247m[48;2;247;247;247m▀[0m[38;2;156;145;145m[48;2;157;155;159m▀[0m[38;2;247;247;247m[48;2;18;18;15m▀[0m[38;2;90;86;83m[48;2;9;6;6m▀[0m[38;2;0;0;0m[48;2;86;102;110m▀[0m[38;2;6;5;5m[48;2;40;47;50m▀[0m[38;2;0;0;0m[48;2;14;12;16m▀[0m[38;2;32;32;33m[48;2;18;18;22m▀[0m[38;2;0;0;0m[48;2;47;47;49m▀[0m[38;2;0;0;0m[48;2;0;0;0m▀[0m[38;2;125;123;121m[48;2;222;222;223m▀[0m[38;2;25;24;25m[48;2;64;64;65m▀[0m[38;2;0;0;0m[48;2;0;0;0m▀[0m[38;2;0;0;0m[48;2;0;0;0m▀[0m[38;2;0;0;0m[48;2;0;0;0m▀[0m[38;2;24;21;24m[48;2;172;171;172m▀[0m[38;2;247;247;247m[48;2;247;247;247m▀[0m[38;2;0;0;0m[48;2;0;0;0m▀[0m[38;2;0;0;0m[48;2;0;0;0m▀[0m[38;2;0;0;0m[48;2;4;1;1m▀[0m[38;2;0;0;0m[48;2;0;0;0m▀[0m[38;2;25;32;39m[48;2;73;78;88m▀[0m[38;2;96;102;110m[48;2;39;48;55m▀[0m[38;2;247;247;247m[48;2;157;157;158m▀[0m[38;2;0;0;0m[48;2;0;1;6m▀[0m[38;2;247;247;244m[48;2;102;110;114m▀[0m[38;2;247;247;247m[48;2;87;94;97m▀[0m[38;2;146;141;148m[48;2;13;23;31m▀[0m[38;2;93;95;98m[48;2;28;34;41m▀[0m[38;2;101;104;104m[48;2;22;32;35m▀[0m[38;2;160;151;152m[48;2;13;22;28m▀[0m[38;2;244;222;222m[48;2;31;38;42m▀[0m[38;2;247;247;247m[48;2;162;156;153m▀[0m[38;2;247;229;226m[48;2;247;247;247m▀[0m[38;2;247;245;240m[48;2;247;243;239m▀[0m[38;2;207;200;196m[48;2;0;1;9m▀[0m[38;2;221;219;214m[48;2;154;157;161m▀[0m[38;2;237;229;226m[48;2;247;247;247m▀[0m[38;2;237;226;221m[48;2;246;231;226m▀[0m[38;2;247;247;247m[48;2;247;247;247m▀[0m[38;2;55;73;80m[48;2;0;0;0m▀[0m[38;2;0;0;0m[48;2;152;146;146m▀[0m[38;2;238;230;224m[48;2;247;247;247m▀[0m[38;2;97;94;94m[48;2;247;247;247m▀[0m[38;2;194;192;194m[48;2;97;97;97m▀[0m[38;2;247;247;247m[48;2;136;134;132m▀[0m[38;2;66;66;67m[48;2;81;78;80m▀[0m[38;2;0;0;0m[48;2;0;0;0m▀[0m[38;2;34;34;36m[48;2;26;26;30m▀[0m[38;2;0;0;0m[48;2;51;49;55m▀[0m[38;2;0;0;0m[48;2;0;0;0m▀[0m[38;2;84;87;86m[48;2;0;0;0m▀[0m[38;2;32;32;31m[48;2;99;99;95m▀[0m[38;2;0;0;0m[48;2;0;0;0m▀[0m[38;2;25;31;34m[48;2;0;0;0m▀[0m[38;2;247;247;247m[48;2;36;36;34m▀[0m[38;2;245;245;243m[48;2;247;247;247m▀[0m[38;2;155;158;158m[48;2;224;225;221m▀[0m
[38;2;171;167;170m[48;2;247;247;247m▀[0m[38;2;15;13;19m[48;2;77;75;79m▀[0m[38;2;81;85;89m[48;2;57;62;69m▀[0m[38;2;75;78;82m[48;2;81;86;92m▀[0m[38;2;83;85;91m[48;2;85;89;93m▀[0m[38;2;23;27;27m[48;2;67;71;75m▀[0m[38;2;51;59;62m[48;2;9;12;13m▀[0m[38;2;89;98;106m[48;2;61;67;72m▀[0m[38;2;72;80;87m[48;2;79;90;97m▀[0m[38;2;46;53;61m[48;2;30;32;33m▀[0m[38;2;19;21;27m[48;2;46;54;57m▀[0m[38;2;14;14;18m[48;2;93;99;106m▀[0m[38;2;39;50;57m[48;2;83;94;100m▀[0m[38;2;169;184;185m[48;2;55;66;74m▀[0m[38;2;247;247;247m[48;2;38;51;61m▀[0m[38;2;216;219;226m[48;2;37;52;62m▀[0m[38;2;203;210;213m[48;2;34;51;60m▀[0m[38;2;168;176;184m[48;2;49;64;73m▀[0m[38;2;106;123;132m[48;2;38;50;58m▀[0m[38;2;29;39;46m[48;2;31;41;41m▀[0m[38;2;24;32;33m[48;2;12;18;21m▀[0m[38;2;32;40;46m[48;2;36;48;52m▀[0m[38;2;83;97;105m[48;2;0;0;0m▀[0m[38;2;0;0;0m[48;2;0;0;0m▀[0m[38;2;0;0;0m[48;2;0;0;0m▀[0m[38;2;0;0;0m[48;2;0;0;0m▀[0m[38;2;0;0;0m[48;2;13;18;24m▀[0m[38;2;0;0;0m[48;2;49;56;63m▀[0m[38;2;0;0;0m[48;2;0;5;12m▀[0m[38;2;0;0;0m[48;2;64;73;77m▀[0m[38;2;0;0;0m[48;2;87;96;99m▀[0m[38;2;0;0;0m[48;2;74;78;82m▀[0m[38;2;0;0;0m[48;2;178;180;178m▀[0m[38;2;247;247;247m[48;2;247;247;247m▀[0m[38;2;203;205;206m[48;2;247;247;247m▀[0m[38;2;0;0;0m[48;2;70;77;84m▀[0m[38;2;101;102;99m[48;2;213;220;223m▀[0m[38;2;116;118;120m[48;2;111;118;121m▀[0m[38;2;158;154;157m[48;2;114;120;123m▀[0m[38;2;184;188;192m[48;2;106;117;127m▀[0m[38;2;7;15;19m[48;2;10;17;18m▀[0m[38;2;57;68;76m[48;2;70;78;83m▀[0m[38;2;17;20;25m[48;2;19;25;26m▀[0m[38;2;61;71;75m[48;2;75;82;86m▀[0m[38;2;53;61;65m[48;2;76;81;89m▀[0m[38;2;71;74;79m[48;2;76;80;83m▀[0m[38;2;70;74;78m[48;2;76;80;84m▀[0m[38;2;66;72;76m[48;2;76;79;83m▀[0m[38;2;64;67;72m[48;2;72;75;77m▀[0m[38;2;49;54;59m[48;2;69;73;77m▀[0m[38;2;12;23;26m[48;2;65;67;71m▀[0m[38;2;161;156;155m[48;2;40;49;55m▀[0m[38;2;123;125;129m[48;2;32;41;49m▀[0m[38;2;0;0;0m[48;2;0;9;15m▀[0m[38;2;185;187;187m[48;2;245;243;241m▀[0m[38;2;247;247;247m[48;2;247;247;247m▀[0m[38;2;247;247;247m[48;2;247;247;247m▀[0m[38;2;234;236;236m[48;2;147;157;164m▀[0m[38;2;0;0;0m[48;2;0;0;0m▀[0m[38;2;225;212;211m[48;2;247;247;247m▀[0m[38;2;247;247;247m[48;2;247;247;247m▀[0m[38;2;247;247;247m[48;2;247;247;247m▀[0m[38;2;240;234;230m[48;2;245;247;247m▀[0m[38;2;0;0;0m[48;2;0;0;0m▀[0m[38;2;57;54;56m[48;2;0;0;0m▀[0m[38;2;0;0;0m[48;2;17;17;19m▀[0m[38;2;0;0;0m[48;2;0;0;0m▀[0m[38;2;208;203;215m[48;2;101;101;102m▀[0m[38;2;91;89;95m[48;2;31;31;32m▀[0m[38;2;0;0;0m[48;2;0;0;0m▀[0m[38;2;7;7;8m[48;2;0;0;0m▀[0m[38;2;63;60;62m[48;2;37;34;38m▀[0m[38;2;0;0;0m[48;2;23;20;27m▀[0m[38;2;0;0;0m[48;2;0;0;0m▀[0m[38;2;124;126;124m[48;2;1;3;3m▀[0m[38;2;247;247;247m[48;2;169;169;170m▀[0m
[38;2;247;247;247m[48;2;0;0;0m▀[0m[38;2;153;155;161m[48;2;0;0;0m▀[0m[38;2;3;5;10m[48;2;0;0;0m▀[0m[38;2;94;101;106m[48;2;0;0;0m▀[0m[38;2;91;97;106m[48;2;7;12;18m▀[0m[38;2;94;98;106m[48;2;32;35;44m▀[0m[38;2;68;74;78m[48;2;36;44;53m▀[0m[38;2;59;66;71m[48;2;29;35;44m▀[0m[38;2;101;113;124m[48;2;5;11;21m▀[0m[38;2;98;106;118m[48;2;0;0;0m▀[0m[38;2;86;97;102m[48;2;0;0;0m▀[0m[38;2;86;94;100m[48;2;0;0;0m▀[0m[38;2;91;102;109m[48;2;0;0;0m▀[0m[38;2;87;101;111m[48;2;0;2;6m▀[0m[38;2;85;96;105m[48;2;14;17;21m▀[0m[38;2;77;89;96m[48;2;27;29;32m▀[0m[38;2;77;90;99m[48;2;8;14;18m▀[0m[38;2;38;49;56m[48;2;0;0;0m▀[0m[38;2;0;0;0m[48;2;23;30;32m▀[0m[38;2;0;0;0m[48;2;73;91;95m▀[0m[38;2;50;53;54m[48;2;124;146;149m▀[0m[38;2;47;54;54m[48;2;97;121;125m▀[0m[38;2;0;0;0m[48;2;56;86;95m▀[0m[38;2;71;83;87m[48;2;21;55;62m▀[0m[38;2;247;247;247m[48;2;131;161;162m▀[0m[38;2;247;247;247m[48;2;213;231;235m▀[0m[38;2;247;247;247m[48;2;230;234;235m▀[0m[38;2;247;247;247m[48;2;247;247;247m▀[0m[38;2;247;247;247m[48;2;247;247;247m▀[0m[38;2;247;247;247m[48;2;247;247;247m▀[0m[38;2;247;247;247m[48;2;247;247;247m▀[0m[38;2;247;247;247m[48;2;247;247;247m▀[0m[38;2;137;152;148m[48;2;247;247;247m▀[0m[38;2;239;245;244m[48;2;247;247;247m▀[0m[38;2;247;247;247m[48;2;247;247;247m▀[0m[38;2;221;225;226m[48;2;247;247;247m▀[0m[38;2;152;161;164m[48;2;247;247;247m▀[0m[38;2;236;242;241m[48;2;247;247;247m▀[0m[38;2;192;198;199m[48;2;247;247;247m▀[0m[38;2;78;101;109m[48;2;236;247;247m▀[0m[38;2;27;35;39m[48;2;82;99;111m▀[0m[38;2;56;62;64m[48;2;43;47;51m▀[0m[38;2;35;38;42m[48;2;61;66;73m▀[0m[38;2;64;67;71m[48;2;34;36;37m▀[0m[38;2;85;90;96m[48;2;94;92;101m▀[0m[38;2;75;79;83m[48;2;81;84;89m▀[0m[38;2;75;79;83m[48;2;74;80;84m▀[0m[38;2;75;79;83m[48;2;75;79;83m▀[0m[38;2;75;79;83m[48;2;75;78;83m▀[0m[38;2;70;76;80m[48;2;75;79;83m▀[0m[38;2;73;76;80m[48;2;75;79;82m▀[0m[38;2;79;79;84m[48;2;79;82;86m▀[0m[38;2;37;40;45m[48;2;44;46;54m▀[0m[38;2;80;84;85m[48;2;76;82;81m▀[0m[38;2;247;247;247m[48;2;247;247;247m▀[0m[38;2;194;197;199m[48;2;60;74;80m▀[0m[38;2;247;247;247m[48;2;110;127;138m▀[0m[38;2;0;17;25m[48;2;0;0;0m▀[0m[38;2;18;17;15m[48;2;145;149;152m▀[0m[38;2;247;247;247m[48;2;247;247;247m▀[0m[38;2;247;247;247m[48;2;172;181;188m▀[0m[38;2;247;247;247m[48;2;63;81;89m▀[0m[38;2;73;97;108m[48;2;46;65;73m▀[0m[38;2;0;0;0m[48;2;0;0;0m▀[0m[38;2;0;0;0m[48;2;0;0;0m▀[0m[38;2;52;48;52m[48;2;6;5;5m▀[0m[38;2;9;8;9m[48;2;0;0;0m▀[0m[38;2;0;0;0m[48;2;77;81;85m▀[0m[38;2;0;0;0m[48;2;64;66;68m▀[0m[38;2;0;0;0m[48;2;29;31;32m▀[0m[38;2;0;0;0m[48;2;2;4;2m▀[0m[38;2;0;0;0m[48;2;0;0;0m▀[0m[38;2;0;0;0m[48;2;0;0;0m▀[0m[38;2;0;0;0m[48;2;0;0;0m▀[0m[38;2;0;0;0m[48;2;0;0;0m▀[0m[38;2;0;0;0m[48;2;17;19;20m▀[0m
[38;2;201;208;206m[48;2;181;189;187m▀[0m[38;2;166;170;173m[48;2;195;201;200m▀[0m[38;2;129;137;137m[48;2;204;217;215m▀[0m[38;2;106;109;110m[48;2;218;225;224m▀[0m[38;2;81;85;82m[48;2;224;227;228m▀[0m[38;2;72;72;72m[48;2;221;226;226m▀[0m[38;2;82;85;85m[48;2;188;194;194m▀[0m[38;2;96;98;97m[48;2;169;175;178m▀[0m[38;2;108;108;108m[48;2;169;178;181m▀[0m[38;2;113;113;113m[48;2;121;126;130m▀[0m[38;2;89;92;94m[48;2;56;60;59m▀[0m[38;2;101;105;108m[48;2;59;61;63m▀[0m[38;2;123;127;129m[48;2;40;43;47m▀[0m[38;2;133;135;140m[48;2;15;15;15m▀[0m[38;2;129;135;138m[48;2;0;0;0m▀[0m[38;2;125;135;137m[48;2;0;0;0m▀[0m[38;2;110;129;135m[48;2;0;0;0m▀[0m[38;2;70;119;125m[48;2;52;0;0m▀[0m[38;2;42;103;110m[48;2;162;0;0m▀[0m[38;2;10;53;62m[48;2;228;0;0m▀[0m[38;2;0;6;13m[48;2;207;27;19m▀[0m[38;2;0;0;0m[48;2;162;116;117m▀[0m[38;2;0;0;0m[48;2;200;39;25m▀[0m[38;2;0;0;0m[48;2;118;0;0m▀[0m[38;2;0;0;0m[48;2;45;0;0m▀[0m[38;2;0;0;0m[48;2;0;0;0m▀[0m[38;2;67;76;72m[48;2;0;1;2m▀[0m[38;2;229;233;233m[48;2;32;34;34m▀[0m[38;2;108;110;111m[48;2;168;170;171m▀[0m[38;2;0;0;0m[48;2;240;247;246m▀[0m[38;2;0;0;10m[48;2;106;113;116m▀[0m[38;2;64;83;91m[48;2;0;0;0m▀[0m[38;2;68;125;129m[48;2;32;0;0m▀[0m[38;2;72;133;143m[48;2;123;0;0m▀[0m[38;2;125;120;129m[48;2;148;0;0m▀[0m[38;2;132;115;121m[48;2;0;0;0m▀[0m[38;2;98;120;128m[48;2;0;0;0m▀[0m[38;2;108;121;130m[48;2;0;0;0m▀[0m[38;2;107;117;128m[48;2;0;0;0m▀[0m[38;2;90;104;116m[48;2;0;0;0m▀[0m[38;2;69;84;92m[48;2;0;0;0m▀[0m[38;2;0;0;0m[48;2;48;46;43m▀[0m[38;2;52;59;65m[48;2;13;17;20m▀[0m[38;2;34;38;39m[48;2;52;60;63m▀[0m[38;2;66;69;71m[48;2;44;47;48m▀[0m[38;2;92;92;97m[48;2;87;87;92m▀[0m[38;2;74;79;84m[48;2;78;82;86m▀[0m[38;2;75;79;83m[48;2;74;79;84m▀[0m[38;2;76;79;83m[48;2;75;79;83m▀[0m[38;2;76;79;83m[48;2;75;79;83m▀[0m[38;2;75;79;83m[48;2;73;78;83m▀[0m[38;2;76;80;84m[48;2;75;79;83m▀[0m[38;2;71;76;81m[48;2;83;83;87m▀[0m[38;2;3;11;14m[48;2;28;33;33m▀[0m[38;2;184;181;185m[48;2;52;59;64m▀[0m[38;2;77;87;95m[48;2;79;90;94m▀[0m[38;2;34;48;52m[48;2;67;74;78m▀[0m[38;2;31;44;46m[48;2;69;81;87m▀[0m[38;2;62;78;80m[48;2;63;73;79m▀[0m[38;2;54;65;72m[48;2;66;74;78m▀[0m[38;2;36;48;56m[48;2;81;95;98m▀[0m[38;2;74;92;97m[48;2;29;35;39m▀[0m[38;2;27;32;36m[48;2;0;0;0m▀[0m[38;2;31;24;24m[48;2;0;0;0m▀[0m[38;2;0;0;0m[48;2;0;0;0m▀[0m[38;2;0;0;0m[48;2;81;86;94m▀[0m[38;2;0;0;2m[48;2;141;141;148m▀[0m[38;2;118;126;133m[48;2;136;142;145m▀[0m[38;2;204;211;216m[48;2;175;182;182m▀[0m[38;2;214;221;225m[48;2;173;181;183m▀[0m[38;2;215;222;221m[48;2;186;189;188m▀[0m[38;2;211;215;218m[48;2;194;196;196m▀[0m[38;2;154;160;163m[48;2;152;156;155m▀[0m[38;2;177;183;184m[48;2;194;197;200m▀[0m[38;2;167;173;174m[48;2;198;204;207m▀[0m[38;2;180;188;190m[48;2;106;109;108m▀[0m
