[38;2;247;0;0m[48;2;247;0;0m▀[0m[38;2;64;4;0m[48;2;247;0;0m▀[0m[38;2;0;0;1m[48;2;12;0;3m▀[0m[38;2;128;0;0m[48;2;247;0;0m▀[0m[38;2;147;0;0m[48;2;247;0;0m▀[0m[38;2;0;0;0m[48;2;0;0;0m▀[0m[38;2;0;0;0m[48;2;0;0;0m▀[0m[38;2;0;0;0m[48;2;0;0;0m▀[0m[38;2;0;0;0m[48;2;0;0;0m▀[0m[38;2;0;0;0m[48;2;0;0;0m▀[0m[38;2;0;0;0m[48;2;0;0;0m▀[0m[38;2;0;0;0m[48;2;0;0;0m▀[0m[38;2;52;51;51m[48;2;58;57;57m▀[0m[38;2;247;247;247m[48;2;247;247;247m▀[0m[38;2;247;247;247m[48;2;247;247;247m▀[0m[38;2;247;247;247m[48;2;247;247;247m▀[0m[38;2;244;244;245m[48;2;244;244;245m▀[0m[38;2;244;244;244m[48;2;244;244;244m▀[0m[38;2;242;244;244m[48;2;242;244;244m▀[0m[38;2;244;244;244m[48;2;245;245;245m▀[0m[38;2;244;244;244m[48;2;246;245;246m▀[0m[38;2;244;244;244m[48;2;244;244;245m▀[0m[38;2;244;244;244m[48;2;245;244;245m▀[0m[38;2;244;244;244m[48;2;245;244;244m▀[0m[38;2;244;244;244m[48;2;244;243;243m▀[0m[38;2;244;244;244m[48;2;244;244;244m▀[0m[38;2;244;244;244m[48;2;244;244;244m▀[0m[38;2;245;244;244m[48;2;245;245;246m▀[0m[38;2;245;244;245m[48;2;244;244;244m▀[0m[38;2;244;244;244m[48;2;243;243;244m▀[0m[38;2;243;243;244m[48;2;243;243;244m▀[0m[38;2;243;243;244m[48;2;243;243;244m▀[0m[38;2;244;243;244m[48;2;244;244;245m▀[0m[38;2;245;245;245m[48;2;244;244;244m▀[0m[38;2;244;244;244m[48;2;245;245;245m▀[0m[38;2;244;244;244m[48;2;244;244;244m▀[0m[38;2;244;244;244m[48;2;244;244;244m▀[0m[38;2;244;244;244m[48;2;244;243;244m▀[0m[38;2;247;247;247m[48;2;247;247;247m▀[0m[38;2;247;247;247m[48;2;247;247;247m▀[0m[38;2;247;247;247m[48;2;247;247;247m▀[0m[38;2;27;30;30m[48;2;0;0;0m▀[0m[38;2;156;156;156m[48;2;83;83;83m▀[0m[38;2;247;247;247m[48;2;247;247;247m▀[0m[38;2;247;247;247m[48;2;247;247;247m▀[0m[38;2;247;247;247m[48;2;247;247;247m▀[0m[38;2;244;244;244m[48;2;246;246;246m▀[0m[38;2;244;244;244m[48;2;245;245;245m▀[0m[38;2;244;244;244m[48;2;245;245;245m▀[0m[38;2;244;244;244m[48;2;244;244;244m▀[0m[38;2;244;244;244m[48;2;245;245;245m▀[0m[38;2;246;246;246m[48;2;245;245;245m▀[0m[38;2;245;245;245m[48;2;244;244;244m▀[0m[38;2;245;245;245m[48;2;244;244;244m▀[0m[38;2;245;245;245m[48;2;244;244;244m▀[0m[38;2;245;245;246m[48;2;245;245;245m▀[0m[38;2;244;244;244m[48;2;245;245;245m▀[0m[38;2;244;244;244m[48;2;245;245;245m▀[0m[38;2;243;243;244m[48;2;244;244;245m▀[0m[38;2;244;244;244m[48;2;244;244;244m▀[0m[38;2;244;244;244m[48;2;245;245;246m▀[0m[38;2;244;244;247m[48;2;245;245;245m▀[0m[38;2;245;245;245m[48;2;246;246;247m▀[0m[38;2;247;247;247m[48;2;247;247;247m▀[0m[38;2;177;179;177m[48;2;188;191;191m▀[0m[38;2;247;247;247m[48;2;247;247;247m▀[0m[38;2;217;217;217m[48;2;211;211;213m▀[0m[38;2;0;0;0m[48;2;0;0;0m▀[0m[38;2;0;0;0m[48;2;0;0;0m▀[0m[38;2;0;0;0m[48;2;0;0;0m▀[0m[38;2;0;0;0m[48;2;0;0;0m▀[0m[38;2;0;0;0m[48;2;0;0;0m▀[0m[38;2;0;0;0m[48;2;0;0;0m▀[0m[38;2;0;0;0m[48;2;0;0;0m▀[0m[38;2;0;0;0m[48;2;0;0;0m▀[0m[38;2;0;0;0m[48;2;0;0;0m▀[0m
[38;2;247;0;0m[48;2;247;0;0m▀[0m[38;2;247;0;0m[48;2;247;0;0m▀[0m[38;2;231;0;0m[48;2;0;0;0m▀[0m[38;2;0;0;0m[48;2;0;0;0m▀[0m[38;2;0;0;0m[48;2;0;0;0m▀[0m[38;2;0;0;0m[48;2;0;0;0m▀[0m[38;2;0;0;0m[48;2;0;0;0m▀[0m[38;2;0;0;0m[48;2;0;0;0m▀[0m[38;2;0;0;0m[48;2;0;0;0m▀[0m[38;2;0;0;0m[48;2;0;0;0m▀[0m[38;2;0;0;0m[48;2;0;0;0m▀[0m[38;2;0;0;0m[48;2;0;0;0m▀[0m[38;2;33;35;33m[48;2;0;0;0m▀[0m[38;2;247;247;247m[48;2;247;247;247m▀[0m[38;2;247;247;247m[48;2;247;247;247m▀[0m[38;2;247;247;247m[48;2;247;247;247m▀[0m[38;2;244;244;245m[48;2;246;246;246m▀[0m[38;2;243;243;244m[48;2;244;244;244m▀[0m[38;2;242;244;244m[48;2;244;244;244m▀[0m[38;2;244;244;245m[48;2;244;244;244m▀[0m[38;2;245;245;245m[48;2;244;244;244m▀[0m[38;2;245;245;245m[48;2;244;244;245m▀[0m[38;2;245;244;245m[48;2;244;244;244m▀[0m[38;2;245;244;245m[48;2;244;244;244m▀[0m[38;2;243;245;245m[48;2;245;244;245m▀[0m[38;2;244;244;244m[48;2;245;244;245m▀[0m[38;2;245;245;245m[48;2;243;243;244m▀[0m[38;2;244;244;244m[48;2;245;244;244m▀[0m[38;2;244;244;244m[48;2;245;245;245m▀[0m[38;2;244;244;244m[48;2;244;244;244m▀[0m[38;2;243;243;244m[48;2;244;244;244m▀[0m[38;2;244;244;244m[48;2;244;243;244m▀[0m[38;2;244;244;244m[48;2;244;244;244m▀[0m[38;2;245;245;245m[48;2;245;245;245m▀[0m[38;2;246;244;247m[48;2;245;245;245m▀[0m[38;2;244;244;245m[48;2;244;244;244m▀[0m[38;2;244;244;244m[48;2;244;244;244m▀[0m[38;2;245;245;245m[48;2;245;245;245m▀[0m[38;2;247;247;247m[48;2;247;247;247m▀[0m[38;2;247;247;247m[48;2;247;247;247m▀[0m[38;2;247;247;247m[48;2;247;247;247m▀[0m[38;2;0;0;0m[48;2;0;0;0m▀[0m[38;2;0;0;0m[48;2;94;94;94m▀[0m[38;2;247;247;247m[48;2;247;247;247m▀[0m[38;2;247;247;247m[48;2;123;129;129m▀[0m[38;2;247;247;247m[48;2;193;195;194m▀[0m[38;2;247;247;247m[48;2;247;247;247m▀[0m[38;2;247;247;247m[48;2;247;247;247m▀[0m[38;2;247;247;247m[48;2;247;247;247m▀[0m[38;2;244;244;244m[48;2;247;247;247m▀[0m[38;2;244;244;244m[48;2;247;247;247m▀[0m[38;2;245;245;245m[48;2;247;247;247m▀[0m[38;2;244;244;244m[48;2;244;244;244m▀[0m[38;2;244;244;244m[48;2;244;244;244m▀[0m[38;2;244;244;244m[48;2;243;243;244m▀[0m[38;2;244;244;244m[48;2;243;243;244m▀[0m[38;2;245;245;245m[48;2;245;245;246m▀[0m[38;2;246;245;246m[48;2;244;244;245m▀[0m[38;2;245;245;245m[48;2;244;244;244m▀[0m[38;2;244;244;245m[48;2;244;244;245m▀[0m[38;2;244;244;245m[48;2;244;244;244m▀[0m[38;2;244;244;244m[48;2;244;244;245m▀[0m[38;2;247;247;242m[48;2;244;244;244m▀[0m[38;2;247;247;247m[48;2;247;247;247m▀[0m[38;2;247;247;247m[48;2;247;247;247m▀[0m[38;2;247;247;247m[48;2;247;247;247m▀[0m[38;2;194;194;194m[48;2;164;167;166m▀[0m[38;2;0;0;0m[48;2;0;0;0m▀[0m[38;2;0;0;0m[48;2;0;0;0m▀[0m[38;2;0;0;0m[48;2;0;0;0m▀[0m[38;2;0;0;0m[48;2;0;0;0m▀[0m[38;2;0;0;0m[48;2;0;0;0m▀[0m[38;2;0;0;0m[48;2;0;0;0m▀[0m[38;2;0;0;0m[48;2;0;0;0m▀[0m[38;2;84;86;86m[48;2;247;247;247m▀[0m[38;2;226;226;228m[48;2;247;247;247m▀[0m
[38;2;247;247;247m[48;2;247;247;247m▀[0m[38;2;247;247;247m[48;2;247;247;247m▀[0m[38;2;245;247;247m[48;2;247;247;247m▀[0m[38;2;178;202;206m[48;2;247;247;247m▀[0m[38;2;0;0;0m[48;2;0;0;0m▀[0m[38;2;0;0;0m[48;2;0;0;0m▀[0m[38;2;0;0;0m[48;2;21;20;20m▀[0m[38;2;0;0;0m[48;2;178;180;178m▀[0m[38;2;0;0;0m[48;2;77;77;74m▀[0m[38;2;0;0;0m[48;2;0;0;0m▀[0m[38;2;0;0;0m[48;2;0;0;0m▀[0m[38;2;0;0;0m[48;2;0;0;0m▀[0m[38;2;0;0;0m[48;2;0;0;0m▀[0m[38;2;247;247;247m[48;2;198;202;201m▀[0m[38;2;247;247;247m[48;2;247;247;247m▀[0m[38;2;247;247;247m[48;2;193;194;191m▀[0m[38;2;247;247;247m[48;2;226;226;226m▀[0m[38;2;247;247;247m[48;2;247;247;247m▀[0m[38;2;244;244;244m[48;2;243;243;243m▀[0m[38;2;244;244;245m[48;2;244;244;245m▀[0m[38;2;244;244;245m[48;2;244;244;245m▀[0m[38;2;245;245;247m[48;2;245;245;245m▀[0m[38;2;245;245;245m[48;2;244;244;244m▀[0m[38;2;244;244;244m[48;2;243;243;244m▀[0m[38;2;245;245;245m[48;2;244;244;244m▀[0m[38;2;244;244;244m[48;2;245;244;244m▀[0m[38;2;244;244;244m[48;2;244;243;244m▀[0m[38;2;245;244;245m[48;2;244;244;244m▀[0m[38;2;246;246;246m[48;2;245;245;245m▀[0m[38;2;245;245;245m[48;2;245;245;245m▀[0m[38;2;245;245;245m[48;2;245;244;245m▀[0m[38;2;245;245;245m[48;2;245;245;245m▀[0m[38;2;244;244;244m[48;2;245;245;245m▀[0m[38;2;244;244;244m[48;2;244;244;244m▀[0m[38;2;244;244;244m[48;2;244;244;244m▀[0m[38;2;244;244;244m[48;2;244;244;244m▀[0m[38;2;245;245;245m[48;2;245;245;245m▀[0m[38;2;245;245;245m[48;2;246;246;246m▀[0m[38;2;247;247;247m[48;2;247;247;247m▀[0m[38;2;247;247;247m[48;2;247;247;247m▀[0m[38;2;228;228;228m[48;2;199;202;202m▀[0m[38;2;209;212;209m[48;2;177;179;180m▀[0m[38;2;247;247;247m[48;2;247;247;247m▀[0m[38;2;247;247;247m[48;2;247;247;247m▀[0m[38;2;240;242;242m[48;2;247;247;247m▀[0m[38;2;130;132;134m[48;2;247;247;247m▀[0m[38;2;219;221;221m[48;2;158;156;159m▀[0m[38;2;247;247;247m[48;2;224;224;224m▀[0m[38;2;247;247;247m[48;2;247;247;247m▀[0m[38;2;183;186;186m[48;2;185;188;187m▀[0m[38;2;230;230;230m[48;2;104;103;103m▀[0m[38;2;247;247;247m[48;2;247;247;247m▀[0m[38;2;247;247;247m[48;2;247;247;247m▀[0m[38;2;244;244;244m[48;2;247;247;247m▀[0m[38;2;244;244;244m[48;2;245;245;245m▀[0m[38;2;244;244;244m[48;2;245;244;245m▀[0m[38;2;245;245;246m[48;2;246;246;246m▀[0m[38;2;246;245;246m[48;2;247;247;247m▀[0m[38;2;245;245;245m[48;2;245;245;246m▀[0m[38;2;244;244;244m[48;2;244;244;244m▀[0m[38;2;244;243;244m[48;2;244;243;243m▀[0m[38;2;244;244;244m[48;2;244;244;244m▀[0m[38;2;244;244;244m[48;2;247;247;247m▀[0m[38;2;247;247;247m[48;2;247;247;247m▀[0m[38;2;247;247;247m[48;2;247;247;247m▀[0m[38;2;247;247;247m[48;2;247;247;247m▀[0m[38;2;111;115;112m[48;2;40;40;38m▀[0m[38;2;0;0;0m[48;2;0;0;0m▀[0m[38;2;0;0;0m[48;2;0;0;0m▀[0m[38;2;0;0;0m[48;2;0;0;0m▀[0m[38;2;0;0;0m[48;2;0;0;0m▀[0m[38;2;0;0;0m[48;2;0;0;0m▀[0m[38;2;0;0;0m[48;2;0;0;0m▀[0m[38;2;0;0;0m[48;2;27;27;27m▀[0m[38;2;0;0;0m[48;2;0;0;0m▀[0m[38;2;0;0;0m[48;2;0;0;0m▀[0m
[38;2;247;247;247m[48;2;195;189;181m▀[0m[38;2;166;164;167m[48;2;207;204;206m▀[0m[38;2;0;0;0m[48;2;154;154;154m▀[0m[38;2;0;0;0m[48;2;0;0;0m▀[0m[38;2;0;0;0m[48;2;0;0;0m▀[0m[38;2;0;0;0m[48;2;0;0;0m▀[0m[38;2;78;77;78m[48;2;0;0;0m▀[0m[38;2;247;247;247m[48;2;0;0;0m▀[0m[38;2;247;247;247m[48;2;0;0;0m▀[0m[38;2;0;0;0m[48;2;0;0;0m▀[0m[38;2;0;0;0m[48;2;0;0;0m▀[0m[38;2;0;0;0m[48;2;0;0;0m▀[0m[38;2;0;0;0m[48;2;0;0;0m▀[0m[38;2;47;49;47m[48;2;0;0;0m▀[0m[38;2;247;247;247m[48;2;247;247;247m▀[0m[38;2;140;144;144m[48;2;180;184;184m▀[0m[38;2;218;222;222m[48;2;236;238;238m▀[0m[38;2;247;247;247m[48;2;247;247;247m▀[0m[38;2;247;244;247m[48;2;247;247;247m▀[0m[38;2;244;243;244m[48;2;244;243;244m▀[0m[38;2;244;244;244m[48;2;244;244;244m▀[0m[38;2;244;244;244m[48;2;244;244;244m▀[0m[38;2;244;244;244m[48;2;245;245;245m▀[0m[38;2;244;244;244m[48;2;244;244;245m▀[0m[38;2;245;244;245m[48;2;244;244;244m▀[0m[38;2;245;244;244m[48;2;244;244;244m▀[0m[38;2;244;243;244m[48;2;244;244;244m▀[0m[38;2;244;243;244m[48;2;244;243;244m▀[0m[38;2;244;244;244m[48;2;244;244;244m▀[0m[38;2;245;245;245m[48;2;245;245;245m▀[0m[38;2;244;244;244m[48;2;244;244;244m▀[0m[38;2;244;244;244m[48;2;244;244;244m▀[0m[38;2;245;245;245m[48;2;244;244;244m▀[0m[38;2;245;244;245m[48;2;244;243;244m▀[0m[38;2;244;244;244m[48;2;244;243;244m▀[0m[38;2;244;244;244m[48;2;244;244;244m▀[0m[38;2;244;244;245m[48;2;244;244;244m▀[0m[38;2;245;245;245m[48;2;244;244;244m▀[0m[38;2;247;247;247m[48;2;247;247;247m▀[0m[38;2;247;247;247m[48;2;247;247;247m▀[0m[38;2;188;188;188m[48;2;179;181;179m▀[0m[38;2;161;165;165m[48;2;150;157;157m▀[0m[38;2;247;247;247m[48;2;247;247;247m▀[0m[38;2;247;247;247m[48;2;247;247;247m▀[0m[38;2;247;247;247m[48;2;247;247;247m▀[0m[38;2;247;247;247m[48;2;243;241;244m▀[0m[38;2;247;247;247m[48;2;247;247;247m▀[0m[38;2;94;97;97m[48;2;247;247;247m▀[0m[38;2;247;246;246m[48;2;26;30;30m▀[0m[38;2;247;247;247m[48;2;247;247;247m▀[0m[38;2;168;167;167m[48;2;247;247;247m▀[0m[38;2;194;194;194m[48;2;125;128;125m▀[0m[38;2;247;247;247m[48;2;247;247;247m▀[0m[38;2;247;247;247m[48;2;247;247;247m▀[0m[38;2;244;244;244m[48;2;247;247;247m▀[0m[38;2;244;244;245m[48;2;247;244;247m▀[0m[38;2;245;244;245m[48;2;245;245;245m▀[0m[38;2;244;244;245m[48;2;244;244;244m▀[0m[38;2;244;244;244m[48;2;244;244;244m▀[0m[38;2;245;244;245m[48;2;244;244;244m▀[0m[38;2;244;244;244m[48;2;244;244;244m▀[0m[38;2;244;244;244m[48;2;243;243;243m▀[0m[38;2;247;247;247m[48;2;247;247;247m▀[0m[38;2;247;247;247m[48;2;226;226;228m▀[0m[38;2;247;247;247m[48;2;247;247;247m▀[0m[38;2;247;247;247m[48;2;214;214;214m▀[0m[38;2;0;0;0m[48;2;0;0;0m▀[0m[38;2;0;0;0m[48;2;0;0;0m▀[0m[38;2;0;0;0m[48;2;0;0;0m▀[0m[38;2;0;0;0m[48;2;0;0;0m▀[0m[38;2;0;0;0m[48;2;34;36;36m▀[0m[38;2;36;39;39m[48;2;101;103;103m▀[0m[38;2;92;95;95m[48;2;33;37;37m▀[0m[38;2;31;33;33m[48;2;0;0;0m▀[0m[38;2;0;0;0m[48;2;138;137;137m▀[0m[38;2;37;39;37m[48;2;247;247;247m▀[0m
[38;2;247;247;247m[48;2;0;0;0m▀[0m[38;2;247;247;247m[48;2;0;0;0m▀[0m[38;2;247;247;247m[48;2;0;0;0m▀[0m[38;2;0;0;0m[48;2;0;0;0m▀[0m[38;2;0;0;0m[48;2;0;0;0m▀[0m[38;2;0;0;0m[48;2;0;0;0m▀[0m[38;2;0;0;0m[48;2;0;0;0m▀[0m[38;2;0;0;0m[48;2;0;0;0m▀[0m[38;2;0;0;0m[48;2;0;0;0m▀[0m[38;2;0;0;0m[48;2;0;0;0m▀[0m[38;2;0;0;0m[48;2;0;0;0m▀[0m[38;2;0;0;0m[48;2;0;0;0m▀[0m[38;2;0;0;0m[48;2;0;0;0m▀[0m[38;2;0;0;0m[48;2;0;0;0m▀[0m[38;2;40;42;42m[48;2;0;0;0m▀[0m[38;2;168;176;179m[48;2;0;0;0m▀[0m[38;2;247;247;247m[48;2;247;247;247m▀[0m[38;2;247;247;247m[48;2;247;247;247m▀[0m[38;2;247;247;247m[48;2;247;247;247m▀[0m[38;2;245;245;245m[48;2;244;244;245m▀[0m[38;2;244;244;244m[48;2;244;244;244m▀[0m[38;2;244;244;244m[48;2;247;247;247m▀[0m[38;2;247;247;247m[48;2;225;227;224m▀[0m[38;2;247;244;244m[48;2;222;225;225m▀[0m[38;2;245;244;244m[48;2;247;247;247m▀[0m[38;2;244;244;244m[48;2;244;244;244m▀[0m[38;2;244;244;244m[48;2;245;244;245m▀[0m[38;2;244;244;244m[48;2;243;242;243m▀[0m[38;2;247;244;247m[48;2;247;247;247m▀[0m[38;2;247;244;246m[48;2;247;247;247m▀[0m[38;2;245;247;247m[48;2;242;242;242m▀[0m[38;2;245;245;246m[48;2;245;245;245m▀[0m[38;2;244;244;244m[48;2;245;245;245m▀[0m[38;2;244;244;244m[48;2;244;244;244m▀[0m[38;2;244;244;244m[48;2;244;244;244m▀[0m[38;2;244;244;244m[48;2;244;243;244m▀[0m[38;2;244;244;244m[48;2;244;244;244m▀[0m[38;2;246;243;243m[48;2;245;242;242m▀[0m[38;2;247;247;247m[48;2;247;247;247m▀[0m[38;2;247;247;247m[48;2;241;243;243m▀[0m[38;2;171;171;171m[48;2;145;148;148m▀[0m[38;2;154;153;150m[48;2;165;161;156m▀[0m[38;2;247;247;247m[48;2;247;247;247m▀[0m[38;2;247;247;247m[48;2;247;247;247m▀[0m[38;2;247;247;247m[48;2;247;247;247m▀[0m[38;2;239;238;238m[48;2;247;247;247m▀[0m[38;2;170;170;171m[48;2;247;247;247m▀[0m[38;2;205;200;204m[48;2;247;247;247m▀[0m[38;2;0;0;0m[48;2;201;200;201m▀[0m[38;2;0;0;0m[48;2;0;0;0m▀[0m[38;2;247;247;247m[48;2;0;0;0m▀[0m[38;2;230;229;226m[48;2;160;159;159m▀[0m[38;2;198;196;194m[48;2;128;129;128m▀[0m[38;2;247;247;247m[48;2;247;247;247m▀[0m[38;2;247;247;247m[48;2;247;247;247m▀[0m[38;2;246;246;246m[48;2;247;247;247m▀[0m[38;2;244;244;245m[48;2;244;244;245m▀[0m[38;2;243;243;244m[48;2;244;244;244m▀[0m[38;2;244;244;244m[48;2;244;244;244m▀[0m[38;2;244;244;245m[48;2;245;244;245m▀[0m[38;2;243;243;244m[48;2;244;243;244m▀[0m[38;2;245;245;247m[48;2;247;247;247m▀[0m[38;2;247;247;247m[48;2;247;247;247m▀[0m[38;2;231;231;233m[48;2;246;246;247m▀[0m[38;2;247;247;247m[48;2;53;55;57m▀[0m[38;2;38;38;38m[48;2;0;0;0m▀[0m[38;2;0;0;0m[48;2;0;0;0m▀[0m[38;2;0;0;0m[48;2;0;0;0m▀[0m[38;2;0;0;0m[48;2;0;0;0m▀[0m[38;2;0;0;0m[48;2;18;22;22m▀[0m[38;2;88;88;88m[48;2;98;102;103m▀[0m[38;2;79;82;79m[48;2;80;83;82m▀[0m[38;2;0;0;0m[48;2;0;0;0m▀[0m[38;2;0;0;0m[48;2;0;0;0m▀[0m[38;2;247;247;247m[48;2;34;33;33m▀[0m[38;2;247;247;247m[48;2;247;247;247m▀[0m
[38;2;0;0;0m[48;2;0;0;0m▀[0m[38;2;0;0;0m[48;2;0;0;0m▀[0m[38;2;24;24;24m[48;2;233;233;230m▀[0m[38;2;188;188;185m[48;2;247;247;247m▀[0m[38;2;74;74;74m[48;2;8;8;9m▀[0m[38;2;0;0;0m[48;2;0;0;0m▀[0m[38;2;0;0;0m[48;2;0;0;0m▀[0m[38;2;0;0;0m[48;2;0;0;0m▀[0m[38;2;0;0;0m[48;2;0;0;0m▀[0m[38;2;0;0;0m[48;2;0;3;2m▀[0m[38;2;0;0;0m[48;2;0;1;1m▀[0m[38;2;0;0;0m[48;2;0;0;0m▀[0m[38;2;0;0;0m[48;2;0;0;0m▀[0m[38;2;0;0;0m[48;2;0;0;0m▀[0m[38;2;0;0;0m[48;2;0;0;0m▀[0m[38;2;0;0;0m[48;2;0;0;0m▀[0m[38;2;247;247;247m[48;2;247;247;247m▀[0m[38;2;247;247;247m[48;2;247;247;247m▀[0m[38;2;247;247;247m[48;2;247;247;247m▀[0m[38;2;245;245;247m[48;2;247;246;247m▀[0m[38;2;247;247;247m[48;2;247;247;247m▀[0m[38;2;244;244;239m[48;2;214;214;214m▀[0m[38;2;197;200;200m[48;2;233;237;237m▀[0m[38;2;242;242;242m[48;2;247;247;247m▀[0m[38;2;247;247;247m[48;2;247;247;247m▀[0m[38;2;245;244;245m[48;2;246;243;246m▀[0m[38;2;247;246;247m[48;2;247;247;247m▀[0m[38;2;247;247;247m[48;2;226;230;226m▀[0m[38;2;245;244;244m[48;2;193;199;194m▀[0m[38;2;196;203;201m[48;2;225;228;228m▀[0m[38;2;211;213;213m[48;2;247;247;247m▀[0m[38;2;247;247;247m[48;2;244;244;244m▀[0m[38;2;244;244;244m[48;2;244;244;244m▀[0m[38;2;244;244;244m[48;2;244;244;245m▀[0m[38;2;244;244;244m[48;2;244;244;245m▀[0m[38;2;244;243;244m[48;2;245;245;245m▀[0m[38;2;244;244;244m[48;2;244;244;244m▀[0m[38;2;246;245;245m[48;2;247;247;247m▀[0m[38;2;247;247;247m[48;2;247;247;247m▀[0m[38;2;224;226;227m[48;2;219;221;225m▀[0m[38;2;136;139;141m[48;2;127;129;131m▀[0m[38;2;192;192;189m[48;2;195;195;193m▀[0m[38;2;247;247;247m[48;2;247;247;247m▀[0m[38;2;247;247;247m[48;2;247;247;247m▀[0m[38;2;246;246;246m[48;2;247;243;247m▀[0m[38;2;245;245;245m[48;2;243;243;243m▀[0m[38;2;247;247;247m[48;2;245;245;245m▀[0m[38;2;247;247;247m[48;2;247;247;247m▀[0m[38;2;247;247;247m[48;2;247;247;247m▀[0m[38;2;247;247;247m[48;2;247;247;247m▀[0m[38;2;110;113;113m[48;2;247;247;247m▀[0m[38;2;0;0;0m[48;2;64;65;65m▀[0m[38;2;0;0;0m[48;2;0;0;0m▀[0m[38;2;219;218;215m[48;2;100;102;102m▀[0m[38;2;247;247;247m[48;2;247;247;247m▀[0m[38;2;247;247;247m[48;2;235;236;233m▀[0m[38;2;247;247;247m[48;2;247;247;247m▀[0m[38;2;245;244;245m[48;2;247;247;247m▀[0m[38;2;244;244;245m[48;2;244;244;245m▀[0m[38;2;244;244;244m[48;2;244;244;244m▀[0m[38;2;244;244;244m[48;2;246;246;247m▀[0m[38;2;247;247;247m[48;2;247;247;247m▀[0m[38;2;247;247;247m[48;2;247;247;247m▀[0m[38;2;221;221;223m[48;2;195;195;197m▀[0m[38;2;0;0;0m[48;2;0;0;0m▀[0m[38;2;0;0;0m[48;2;0;0;0m▀[0m[38;2;0;0;0m[48;2;0;0;0m▀[0m[38;2;0;0;0m[48;2;0;0;0m▀[0m[38;2;0;0;0m[48;2;56;0;0m▀[0m[38;2;0;0;0m[48;2;0;0;0m▀[0m[38;2;51;57;58m[48;2;0;0;0m▀[0m[38;2;45;49;48m[48;2;0;0;0m▀[0m[38;2;0;0;0m[48;2;192;194;192m▀[0m[38;2;0;0;0m[48;2;247;247;247m▀[0m[38;2;0;0;0m[48;2;247;247;247m▀[0m[38;2;0;0;4m[48;2;247;247;247m▀[0m
[38;2;0;0;0m[48;2;247;247;247m▀[0m[38;2;0;0;0m[48;2;247;247;247m▀[0m[38;2;0;0;0m[48;2;247;247;247m▀[0m[38;2;0;0;0m[48;2;247;247;247m▀[0m[38;2;0;0;0m[48;2;247;247;247m▀[0m[38;2;0;0;0m[48;2;240;246;243m▀[0m[38;2;0;0;0m[48;2;12;16;16m▀[0m[38;2;0;0;0m[48;2;0;0;0m▀[0m[38;2;0;0;0m[48;2;0;0;0m▀[0m[38;2;247;5;0m[48;2;71;0;0m▀[0m[38;2;247;7;0m[48;2;247;0;0m▀[0m[38;2;76;5;2m[48;2;247;0;0m▀[0m[38;2;0;0;0m[48;2;0;0;0m▀[0m[38;2;0;0;0m[48;2;0;0;0m▀[0m[38;2;0;0;0m[48;2;0;0;0m▀[0m[38;2;0;0;0m[48;2;0;0;0m▀[0m[38;2;247;247;247m[48;2;247;247;247m▀[0m[38;2;247;247;247m[48;2;247;247;247m▀[0m[38;2;247;247;247m[48;2;247;247;247m▀[0m[38;2;247;247;247m[48;2;247;247;247m▀[0m[38;2;237;233;233m[48;2;210;210;207m▀[0m[38;2;207;210;210m[48;2;236;238;238m▀[0m[38;2;247;247;247m[48;2;247;247;247m▀[0m[38;2;247;247;247m[48;2;244;246;244m▀[0m[38;2;247;246;247m[48;2;247;247;247m▀[0m[38;2;247;247;247m[48;2;220;222;220m▀[0m[38;2;219;222;219m[48;2;217;218;215m▀[0m[38;2;200;204;198m[48;2;247;247;247m▀[0m[38;2;247;247;247m[48;2;247;247;247m▀[0m[38;2;247;247;247m[48;2;245;245;247m▀[0m[38;2;243;243;247m[48;2;246;246;246m▀[0m[38;2;244;244;244m[48;2;244;244;244m▀[0m[38;2;244;244;244m[48;2;244;244;244m▀[0m[38;2;245;245;245m[48;2;245;245;245m▀[0m[38;2;245;244;245m[48;2;244;244;244m▀[0m[38;2;244;244;244m[48;2;243;243;244m▀[0m[38;2;244;244;245m[48;2;244;244;245m▀[0m[38;2;247;247;247m[48;2;247;247;247m▀[0m[38;2;247;247;247m[48;2;242;245;244m▀[0m[38;2;232;238;239m[48;2;211;218;219m▀[0m[38;2;128;130;130m[48;2;125;125;120m▀[0m[38;2;205;202;202m[48;2;216;216;214m▀[0m[38;2;247;247;247m[48;2;247;247;247m▀[0m[38;2;247;247;247m[48;2;247;247;245m▀[0m[38;2;244;244;244m[48;2;244;244;244m▀[0m[38;2;244;244;244m[48;2;245;245;245m▀[0m[38;2;244;243;243m[48;2;245;245;245m▀[0m[38;2;244;244;247m[48;2;244;244;244m▀[0m[38;2;247;247;247m[48;2;243;243;243m▀[0m[38;2;247;247;247m[48;2;247;247;247m▀[0m[38;2;247;247;247m[48;2;247;247;247m▀[0m[38;2;247;247;247m[48;2;247;247;247m▀[0m[38;2;0;0;0m[48;2;68;72;72m▀[0m[38;2;0;0;0m[48;2;0;0;0m▀[0m[38;2;247;247;247m[48;2;89;91;89m▀[0m[38;2;247;247;247m[48;2;247;247;247m▀[0m[38;2;247;247;247m[48;2;247;247;247m▀[0m[38;2;247;247;245m[48;2;247;247;247m▀[0m[38;2;244;244;245m[48;2;244;244;244m▀[0m[38;2;244;244;244m[48;2;244;243;244m▀[0m[38;2;246;246;244m[48;2;247;247;247m▀[0m[38;2;247;247;247m[48;2;247;247;247m▀[0m[38;2;247;247;247m[48;2;247;247;247m▀[0m[38;2;128;129;131m[48;2;56;60;61m▀[0m[38;2;0;0;0m[48;2;0;0;0m▀[0m[38;2;0;0;0m[48;2;0;0;0m▀[0m[38;2;0;0;0m[48;2;69;28;28m▀[0m[38;2;141;0;0m[48;2;41;12;12m▀[0m[38;2;247;0;0m[48;2;36;0;0m▀[0m[38;2;97;34;32m[48;2;189;206;206m▀[0m[38;2;210;236;237m[48;2;247;247;247m▀[0m[38;2;247;247;247m[48;2;239;245;245m▀[0m[38;2;247;247;247m[48;2;113;112;113m▀[0m[38;2;247;247;247m[48;2;0;0;0m▀[0m[38;2;247;247;247m[48;2;0;0;0m▀[0m[38;2;226;232;228m[48;2;0;0;0m▀[0m
[38;2;85;91;88m[48;2;0;0;0m▀[0m[38;2;46;49;48m[48;2;0;0;0m▀[0m[38;2;42;46;43m[48;2;0;0;0m▀[0m[38;2;84;88;89m[48;2;0;0;0m▀[0m[38;2;167;167;168m[48;2;0;0;0m▀[0m[38;2;247;247;247m[48;2;0;0;0m▀[0m[38;2;247;247;247m[48;2;1;10;10m▀[0m[38;2;167;176;178m[48;2;108;114;115m▀[0m[38;2;0;0;0m[48;2;0;0;0m▀[0m[38;2;0;0;0m[48;2;0;0;0m▀[0m[38;2;0;0;0m[48;2;0;0;0m▀[0m[38;2;0;0;1m[48;2;0;0;0m▀[0m[38;2;55;7;2m[48;2;219;20;0m▀[0m[38;2;0;0;0m[48;2;15;0;0m▀[0m[38;2;0;0;0m[48;2;0;0;0m▀[0m[38;2;0;0;0m[48;2;0;0;0m▀[0m[38;2;229;228;224m[48;2;158;160;158m▀[0m[38;2;247;247;247m[48;2;247;247;247m▀[0m[38;2;247;247;247m[48;2;247;247;247m▀[0m[38;2;243;242;240m[48;2;220;224;223m▀[0m[38;2;208;210;212m[48;2;228;232;232m▀[0m[38;2;247;247;247m[48;2;247;247;247m▀[0m[38;2;247;247;247m[48;2;247;247;247m▀[0m[38;2;247;247;247m[48;2;207;206;207m▀[0m[38;2;225;227;225m[48;2;195;196;194m▀[0m[38;2;226;226;224m[48;2;247;247;247m▀[0m[38;2;247;247;247m[48;2;247;247;247m▀[0m[38;2;247;246;246m[48;2;246;243;243m▀[0m[38;2;246;246;247m[48;2;247;247;247m▀[0m[38;2;246;246;247m[48;2;235;235;235m▀[0m[38;2;247;247;247m[48;2;198;197;197m▀[0m[38;2;246;246;246m[48;2;247;247;247m▀[0m[38;2;244;244;244m[48;2;243;243;243m▀[0m[38;2;245;245;243m[48;2;245;245;245m▀[0m[38;2;245;244;244m[48;2;245;245;245m▀[0m[38;2;245;244;245m[48;2;245;244;245m▀[0m[38;2;246;246;246m[48;2;247;247;247m▀[0m[38;2;247;247;247m[48;2;247;247;247m▀[0m[38;2;228;231;232m[48;2;208;216;216m▀[0m[38;2;194;200;201m[48;2;186;189;190m▀[0m[38;2;111;111;111m[48;2;105;105;105m▀[0m[38;2;230;230;230m[48;2;245;247;247m▀[0m[38;2;247;247;247m[48;2;247;247;247m▀[0m[38;2;247;247;247m[48;2;247;247;247m▀[0m[38;2;244;244;245m[48;2;244;244;245m▀[0m[38;2;244;244;245m[48;2;244;244;245m▀[0m[38;2;244;243;244m[48;2;244;243;244m▀[0m[38;2;244;243;244m[48;2;243;243;244m▀[0m[38;2;244;244;244m[48;2;243;243;244m▀[0m[38;2;244;246;244m[48;2;244;244;244m▀[0m[38;2;247;247;247m[48;2;247;247;247m▀[0m[38;2;247;247;247m[48;2;247;247;247m▀[0m[38;2;184;184;186m[48;2;247;247;247m▀[0m[38;2;0;0;0m[48;2;68;70;70m▀[0m[38;2;0;0;0m[48;2;70;68;72m▀[0m[38;2;247;247;247m[48;2;79;82;79m▀[0m[38;2;247;247;247m[48;2;247;247;247m▀[0m[38;2;247;247;247m[48;2;247;247;247m▀[0m[38;2;244;244;247m[48;2;247;247;247m▀[0m[38;2;244;244;244m[48;2;246;246;247m▀[0m[38;2;247;247;247m[48;2;247;247;247m▀[0m[38;2;247;247;247m[48;2;247;247;247m▀[0m[38;2;247;247;247m[48;2;247;247;247m▀[0m[38;2;0;0;0m[48;2;0;0;0m▀[0m[38;2;0;0;0m[48;2;0;0;0m▀[0m[38;2;0;0;0m[48;2;0;0;0m▀[0m[38;2;0;0;0m[48;2;0;0;0m▀[0m[38;2;0;0;0m[48;2;7;15;15m▀[0m[38;2;0;0;0m[48;2;37;39;37m▀[0m[38;2;0;0;0m[48;2;0;0;0m▀[0m[38;2;0;0;0m[48;2;0;0;0m▀[0m[38;2;0;0;0m[48;2;0;0;0m▀[0m[38;2;0;0;0m[48;2;78;78;78m▀[0m[38;2;1;1;1m[48;2;247;247;247m▀[0m[38;2;179;179;179m[48;2;247;247;247m▀[0m[38;2;183;185;185m[48;2;247;247;247m▀[0m
[38;2;0;0;0m[48;2;33;36;36m▀[0m[38;2;0;0;0m[48;2;0;0;0m▀[0m[38;2;0;0;0m[48;2;0;0;0m▀[0m[38;2;0;0;0m[48;2;0;0;0m▀[0m[38;2;164;0;0m[48;2;83;0;0m▀[0m[38;2;124;0;0m[48;2;137;3;0m▀[0m[38;2;0;0;0m[48;2;0;0;0m▀[0m[38;2;0;0;0m[48;2;0;0;0m▀[0m[38;2;0;0;0m[48;2;0;0;0m▀[0m[38;2;0;0;0m[48;2;0;0;0m▀[0m[38;2;0;0;0m[48;2;0;0;0m▀[0m[38;2;0;0;0m[48;2;0;0;0m▀[0m[38;2;0;0;0m[48;2;0;0;0m▀[0m[38;2;0;0;0m[48;2;0;0;0m▀[0m[38;2;0;0;0m[48;2;0;0;0m▀[0m[38;2;0;0;0m[48;2;0;0;0m▀[0m[38;2;73;75;73m[48;2;0;0;0m▀[0m[38;2;247;247;247m[48;2;247;247;247m▀[0m[38;2;247;247;247m[48;2;247;247;247m▀[0m[38;2;230;233;232m[48;2;247;247;247m▀[0m[38;2;244;246;247m[48;2;247;247;247m▀[0m[38;2;247;247;247m[48;2;247;247;247m▀[0m[38;2;210;210;210m[48;2;163;165;166m▀[0m[38;2;85;89;88m[48;2;184;188;187m▀[0m[38;2;208;212;209m[48;2;247;247;247m▀[0m[38;2;247;247;247m[48;2;247;247;247m▀[0m[38;2;245;242;242m[48;2;246;243;243m▀[0m[38;2;244;244;244m[48;2;244;244;247m▀[0m[38;2;247;247;247m[48;2;246;246;246m▀[0m[38;2;247;247;247m[48;2;247;247;247m▀[0m[38;2;160;156;158m[48;2;182;182;179m▀[0m[38;2;247;247;247m[48;2;213;213;210m▀[0m[38;2;247;247;247m[48;2;247;247;247m▀[0m[38;2;244;244;244m[48;2;245;245;245m▀[0m[38;2;245;245;245m[48;2;245;245;246m▀[0m[38;2;244;244;245m[48;2;244;244;245m▀[0m[38;2;246;246;247m[48;2;247;247;247m▀[0m[38;2;247;247;247m[48;2;247;247;247m▀[0m[38;2;203;205;206m[48;2;194;195;196m▀[0m[38;2;175;178;178m[48;2;171;171;169m▀[0m[38;2;112;112;106m[48;2;118;118;115m▀[0m[38;2;247;247;247m[48;2;247;247;247m▀[0m[38;2;247;247;247m[48;2;247;247;247m▀[0m[38;2;245;247;247m[48;2;243;243;247m▀[0m[38;2;244;244;245m[48;2;244;244;244m▀[0m[38;2;244;244;244m[48;2;244;243;244m▀[0m[38;2;244;244;244m[48;2;245;245;246m▀[0m[38;2;244;243;244m[48;2;244;244;245m▀[0m[38;2;244;244;244m[48;2;244;244;244m▀[0m[38;2;247;247;247m[48;2;247;247;247m▀[0m[38;2;247;247;247m[48;2;245;247;247m▀[0m[38;2;247;247;247m[48;2;247;247;247m▀[0m[38;2;247;247;247m[48;2;247;247;247m▀[0m[38;2;170;171;168m[48;2;247;247;247m▀[0m[38;2;107;109;110m[48;2;102;105;105m▀[0m[38;2;32;32;29m[48;2;101;101;98m▀[0m[38;2;247;247;247m[48;2;115;118;115m▀[0m[38;2;247;247;247m[48;2;247;247;247m▀[0m[38;2;247;247;247m[48;2;247;247;247m▀[0m[38;2;247;247;247m[48;2;247;247;247m▀[0m[38;2;247;247;247m[48;2;247;247;247m▀[0m[38;2;247;247;247m[48;2;247;247;247m▀[0m[38;2;149;149;149m[48;2;21;18;21m▀[0m[38;2;0;0;0m[48;2;0;0;0m▀[0m[38;2;0;0;0m[48;2;0;0;0m▀[0m[38;2;0;0;0m[48;2;0;0;0m▀[0m[38;2;40;40;40m[48;2;10;10;10m▀[0m[38;2;142;146;143m[48;2;0;0;0m▀[0m[38;2;36;39;39m[48;2;0;0;0m▀[0m[38;2;0;0;0m[48;2;0;0;0m▀[0m[38;2;0;0;0m[48;2;31;31;31m▀[0m[38;2;0;0;0m[48;2;163;163;163m▀[0m[38;2;0;0;0m[48;2;239;239;241m▀[0m[38;2;0;0;0m[48;2;247;247;247m▀[0m[38;2;26;24;27m[48;2;247;247;247m▀[0m[38;2;0;0;0m[48;2;53;51;54m▀[0m
[38;2;0;0;0m[48;2;18;17;17m▀[0m[38;2;0;0;0m[48;2;32;33;34m▀[0m[38;2;0;0;0m[48;2;0;0;1m▀[0m[38;2;0;0;0m[48;2;0;0;0m▀[0m[38;2;0;0;0m[48;2;0;0;0m▀[0m[38;2;0;0;0m[48;2;0;0;0m▀[0m[38;2;0;0;0m[48;2;0;0;0m▀[0m[38;2;0;0;0m[48;2;0;0;0m▀[0m[38;2;0;0;0m[48;2;0;0;0m▀[0m[38;2;0;0;0m[48;2;0;0;0m▀[0m[38;2;0;0;0m[48;2;0;0;0m▀[0m[38;2;0;0;0m[48;2;0;0;0m▀[0m[38;2;0;0;0m[48;2;0;0;0m▀[0m[38;2;0;0;0m[48;2;0;0;0m▀[0m[38;2;0;0;0m[48;2;0;0;0m▀[0m[38;2;0;0;0m[48;2;0;0;0m▀[0m[38;2;0;0;0m[48;2;0;0;0m▀[0m[38;2;247;247;247m[48;2;171;175;171m▀[0m[38;2;247;247;247m[48;2;247;247;247m▀[0m[38;2;247;247;247m[48;2;247;247;247m▀[0m[38;2;247;247;247m[48;2;220;220;220m▀[0m[38;2;176;178;179m[48;2;157;158;155m▀[0m[38;2;168;172;168m[48;2;208;208;208m▀[0m[38;2;232;235;232m[48;2;247;247;247m▀[0m[38;2;247;247;247m[48;2;247;247;247m▀[0m[38;2;247;247;247m[48;2;247;247;247m▀[0m[38;2;247;247;247m[48;2;240;240;240m▀[0m[38;2;244;244;247m[48;2;247;247;247m▀[0m[38;2;246;246;246m[48;2;245;245;245m▀[0m[38;2;247;247;247m[48;2;247;247;247m▀[0m[38;2;178;181;181m[48;2;195;195;197m▀[0m[38;2;161;163;161m[48;2;140;140;140m▀[0m[38;2;247;247;247m[48;2;247;247;247m▀[0m[38;2;246;243;246m[48;2;246;246;247m▀[0m[38;2;244;244;244m[48;2;244;244;244m▀[0m[38;2;244;244;244m[48;2;244;244;244m▀[0m[38;2;247;247;247m[48;2;247;247;247m▀[0m[38;2;247;247;247m[48;2;247;247;247m▀[0m[38;2;189;191;192m[48;2;177;176;177m▀[0m[38;2;143;143;144m[48;2;147;147;148m▀[0m[38;2;112;115;112m[48;2;135;135;135m▀[0m[38;2;247;247;247m[48;2;247;247;247m▀[0m[38;2;247;247;247m[48;2;247;247;247m▀[0m[38;2;247;247;247m[48;2;247;247;247m▀[0m[38;2;244;244;244m[48;2;244;244;245m▀[0m[38;2;245;244;245m[48;2;244;244;244m▀[0m[38;2;245;245;246m[48;2;244;244;244m▀[0m[38;2;244;244;245m[48;2;245;242;246m▀[0m[38;2;247;247;247m[48;2;247;247;247m▀[0m[38;2;247;247;247m[48;2;227;229;229m▀[0m[38;2;196;204;202m[48;2;172;176;176m▀[0m[38;2;247;247;245m[48;2;229;231;229m▀[0m[38;2;247;247;247m[48;2;247;247;247m▀[0m[38;2;247;247;247m[48;2;247;247;247m▀[0m[38;2;157;160;160m[48;2;247;247;247m▀[0m[38;2;156;158;158m[48;2;154;156;154m▀[0m[38;2;109;112;109m[48;2;234;234;234m▀[0m[38;2;247;247;247m[48;2;247;247;247m▀[0m[38;2;247;247;247m[48;2;247;247;247m▀[0m[38;2;247;247;247m[48;2;247;247;247m▀[0m[38;2;247;247;247m[48;2;247;247;247m▀[0m[38;2;247;247;247m[48;2;130;127;130m▀[0m[38;2;0;0;0m[48;2;0;0;0m▀[0m[38;2;0;0;0m[48;2;0;0;0m▀[0m[38;2;0;0;0m[48;2;0;0;0m▀[0m[38;2;0;0;0m[48;2;0;0;0m▀[0m[38;2;0;0;0m[48;2;0;0;0m▀[0m[38;2;0;0;0m[48;2;0;0;0m▀[0m[38;2;32;32;33m[48;2;95;93;96m▀[0m[38;2;247;247;247m[48;2;110;108;111m▀[0m[38;2;247;247;247m[48;2;0;0;0m▀[0m[38;2;184;187;184m[48;2;0;0;0m▀[0m[38;2;64;66;65m[48;2;0;0;0m▀[0m[38;2;0;0;0m[48;2;0;0;0m▀[0m[38;2;0;0;0m[48;2;0;0;0m▀[0m[38;2;0;0;0m[48;2;0;0;0m▀[0m
[38;2;247;247;247m[48;2;247;247;247m▀[0m[38;2;247;247;247m[48;2;232;233;230m▀[0m[38;2;247;247;247m[48;2;237;240;237m▀[0m[38;2;247;247;247m[48;2;247;247;247m▀[0m[38;2;234;236;236m[48;2;247;247;247m▀[0m[38;2;148;148;148m[48;2;247;247;247m▀[0m[38;2;48;50;50m[48;2;247;247;247m▀[0m[38;2;0;0;0m[48;2;209;209;207m▀[0m[38;2;0;0;0m[48;2;0;0;0m▀[0m[38;2;0;0;0m[48;2;0;0;0m▀[0m[38;2;0;0;0m[48;2;0;0;0m▀[0m[38;2;0;0;0m[48;2;0;0;0m▀[0m[38;2;0;0;0m[48;2;0;0;0m▀[0m[38;2;0;0;0m[48;2;0;0;0m▀[0m[38;2;0;0;0m[48;2;0;0;0m▀[0m[38;2;0;0;0m[48;2;0;0;0m▀[0m[38;2;0;0;0m[48;2;0;0;0m▀[0m[38;2;56;58;58m[48;2;0;0;0m▀[0m[38;2;247;247;247m[48;2;247;247;247m▀[0m[38;2;247;247;247m[48;2;247;247;247m▀[0m[38;2;167;166;167m[48;2;163;166;163m▀[0m[38;2;185;188;185m[48;2;216;218;216m▀[0m[38;2;247;247;247m[48;2;247;247;247m▀[0m[38;2;247;247;247m[48;2;220;220;220m▀[0m[38;2;243;242;242m[48;2;157;157;157m▀[0m[38;2;170;170;165m[48;2;227;227;227m▀[0m[38;2;214;214;211m[48;2;247;247;247m▀[0m[38;2;247;247;247m[48;2;247;247;247m▀[0m[38;2;247;247;247m[48;2;247;247;247m▀[0m[38;2;247;247;247m[48;2;247;247;247m▀[0m[38;2;247;247;247m[48;2;247;247;247m▀[0m[38;2;190;190;192m[48;2;202;205;205m▀[0m[38;2;247;247;247m[48;2;241;243;243m▀[0m[38;2;247;247;247m[48;2;247;247;247m▀[0m[38;2;244;244;244m[48;2;244;244;244m▀[0m[38;2;245;244;244m[48;2;244;244;244m▀[0m[38;2;247;247;247m[48;2;247;247;247m▀[0m[38;2;247;247;247m[48;2;247;247;247m▀[0m[38;2;215;215;215m[48;2;233;232;232m▀[0m[38;2;161;161;158m[48;2;168;171;167m▀[0m[38;2;165;165;165m[48;2;172;175;175m▀[0m[38;2;247;247;247m[48;2;247;247;247m▀[0m[38;2;247;247;247m[48;2;247;247;247m▀[0m[38;2;247;247;247m[48;2;247;247;247m▀[0m[38;2;244;244;244m[48;2;244;244;244m▀[0m[38;2;244;244;244m[48;2;244;244;244m▀[0m[38;2;244;244;244m[48;2;243;243;244m▀[0m[38;2;247;247;247m[48;2;247;247;247m▀[0m[38;2;247;247;247m[48;2;238;239;236m▀[0m[38;2;169;173;173m[48;2;155;158;158m▀[0m[38;2;165;172;172m[48;2;194;197;200m▀[0m[38;2;247;247;247m[48;2;247;247;247m▀[0m[38;2;247;247;247m[48;2;247;247;247m▀[0m[38;2;213;216;216m[48;2;247;247;247m▀[0m[38;2;218;220;218m[48;2;222;224;224m▀[0m[38;2;215;216;213m[48;2;189;191;192m▀[0m[38;2;197;200;197m[48;2;179;181;179m▀[0m[38;2;247;247;247m[48;2;247;246;244m▀[0m[38;2;247;247;247m[48;2;247;247;247m▀[0m[38;2;247;247;247m[48;2;247;247;247m▀[0m[38;2;247;247;247m[48;2;247;247;247m▀[0m[38;2;11;11;9m[48;2;0;0;0m▀[0m[38;2;0;0;0m[48;2;0;0;0m▀[0m[38;2;0;0;0m[48;2;0;0;0m▀[0m[38;2;0;0;0m[48;2;0;0;0m▀[0m[38;2;0;0;0m[48;2;0;0;0m▀[0m[38;2;0;0;0m[48;2;0;0;0m▀[0m[38;2;0;0;0m[48;2;0;0;0m▀[0m[38;2;0;0;0m[48;2;0;0;0m▀[0m[38;2;0;0;0m[48;2;0;0;0m▀[0m[38;2;0;0;0m[48;2;110;111;108m▀[0m[38;2;0;0;0m[48;2;247;247;247m▀[0m[38;2;87;87;87m[48;2;247;247;247m▀[0m[38;2;165;168;168m[48;2;247;247;247m▀[0m[38;2;184;186;186m[48;2;247;247;247m▀[0m[38;2;165;171;171m[48;2;247;247;247m▀[0m
[38;2;247;247;247m[48;2;246;246;244m▀[0m[38;2;247;247;247m[48;2;247;247;247m▀[0m[38;2;233;232;232m[48;2;220;219;219m▀[0m[38;2;232;235;232m[48;2;205;205;202m▀[0m[38;2;234;236;236m[48;2;218;215;215m▀[0m[38;2;230;233;234m[48;2;220;219;219m▀[0m[38;2;212;215;215m[48;2;227;227;229m▀[0m[38;2;247;247;247m[48;2;222;221;222m▀[0m[38;2;247;247;247m[48;2;247;247;247m▀[0m[38;2;29;29;30m[48;2;247;247;247m▀[0m[38;2;0;0;0m[48;2;10;13;13m▀[0m[38;2;0;0;0m[48;2;0;0;0m▀[0m[38;2;0;0;0m[48;2;0;0;0m▀[0m[38;2;0;0;0m[48;2;0;0;0m▀[0m[38;2;0;0;0m[48;2;0;0;0m▀[0m[38;2;0;0;0m[48;2;0;0;0m▀[0m[38;2;0;0;0m[48;2;0;0;0m▀[0m[38;2;0;0;0m[48;2;0;0;0m▀[0m[38;2;209;211;211m[48;2;113;113;114m▀[0m[38;2;247;247;247m[48;2;247;247;247m▀[0m[38;2;169;172;169m[48;2;241;241;238m▀[0m[38;2;247;247;247m[48;2;208;210;208m▀[0m[38;2;199;199;199m[48;2;201;204;201m▀[0m[38;2;172;175;172m[48;2;247;247;247m▀[0m[38;2;247;247;247m[48;2;174;174;174m▀[0m[38;2;247;247;247m[48;2;160;160;161m▀[0m[38;2;225;225;226m[48;2;186;186;186m▀[0m[38;2;236;236;236m[48;2;232;232;232m▀[0m[38;2;247;247;247m[48;2;247;247;247m▀[0m[38;2;247;247;247m[48;2;247;247;247m▀[0m[38;2;240;240;238m[48;2;196;198;198m▀[0m[38;2;175;178;178m[48;2;170;173;170m▀[0m[38;2;247;247;247m[48;2;243;241;244m▀[0m[38;2;247;247;247m[48;2;247;247;247m▀[0m[38;2;245;245;245m[48;2;244;243;243m▀[0m[38;2;245;245;245m[48;2;244;244;244m▀[0m[38;2;246;246;247m[48;2;247;247;247m▀[0m[38;2;247;247;247m[48;2;247;247;247m▀[0m[38;2;214;214;214m[48;2;215;215;215m▀[0m[38;2;150;150;150m[48;2;125;125;125m▀[0m[38;2;160;160;160m[48;2;166;166;166m▀[0m[38;2;247;247;247m[48;2;247;247;247m▀[0m[38;2;247;247;247m[48;2;247;247;247m▀[0m[38;2;244;244;247m[48;2;244;244;244m▀[0m[38;2;244;244;244m[48;2;244;244;244m▀[0m[38;2;244;244;244m[48;2;244;244;244m▀[0m[38;2;244;244;244m[48;2;244;244;244m▀[0m[38;2;247;247;247m[48;2;247;247;247m▀[0m[38;2;247;247;247m[48;2;228;230;231m▀[0m[38;2;182;186;186m[48;2;140;146;146m▀[0m[38;2;211;213;213m[48;2;231;232;228m▀[0m[38;2;247;247;247m[48;2;247;247;247m▀[0m[38;2;245;243;246m[48;2;244;242;245m▀[0m[38;2;244;244;244m[48;2;180;183;183m▀[0m[38;2;247;247;247m[48;2;171;174;176m▀[0m[38;2;240;242;242m[48;2;247;247;247m▀[0m[38;2;172;171;172m[48;2;218;215;218m▀[0m[38;2;247;247;247m[48;2;167;166;166m▀[0m[38;2;247;247;247m[48;2;247;247;247m▀[0m[38;2;247;247;247m[48;2;247;247;247m▀[0m[38;2;147;147;147m[48;2;32;33;31m▀[0m[38;2;0;0;0m[48;2;0;0;0m▀[0m[38;2;0;0;0m[48;2;0;0;0m▀[0m[38;2;0;0;0m[48;2;0;0;0m▀[0m[38;2;0;0;0m[48;2;0;0;0m▀[0m[38;2;0;0;0m[48;2;0;0;0m▀[0m[38;2;0;0;0m[48;2;0;0;0m▀[0m[38;2;0;0;0m[48;2;0;0;0m▀[0m[38;2;0;0;0m[48;2;247;247;247m▀[0m[38;2;173;177;176m[48;2;247;247;247m▀[0m[38;2;247;247;247m[48;2;228;227;225m▀[0m[38;2;247;247;247m[48;2;200;202;200m▀[0m[38;2;247;247;247m[48;2;204;206;206m▀[0m[38;2;242;241;239m[48;2;198;201;203m▀[0m[38;2;230;231;228m[48;2;205;208;212m▀[0m[38;2;222;221;218m[48;2;226;227;231m▀[0m
[38;2;244;244;244m[48;2;245;245;246m▀[0m[38;2;244;247;247m[48;2;245;245;245m▀[0m[38;2;238;238;238m[48;2;247;247;247m▀[0m[38;2;244;244;241m[48;2;247;247;247m▀[0m[38;2;247;247;247m[48;2;247;247;247m▀[0m[38;2;247;244;244m[48;2;247;247;247m▀[0m[38;2;221;221;221m[48;2;238;240;240m▀[0m[38;2;191;193;191m[48;2;224;224;224m▀[0m[38;2;183;183;183m[48;2;213;217;213m▀[0m[38;2;238;238;238m[48;2;195;195;194m▀[0m[38;2;226;226;226m[48;2;247;247;247m▀[0m[38;2;0;0;0m[48;2;94;97;97m▀[0m[38;2;0;0;0m[48;2;0;0;0m▀[0m[38;2;0;0;0m[48;2;0;0;0m▀[0m[38;2;0;0;0m[48;2;0;0;0m▀[0m[38;2;0;0;0m[48;2;0;0;0m▀[0m[38;2;0;0;0m[48;2;0;0;0m▀[0m[38;2;0;0;0m[48;2;0;0;0m▀[0m[38;2;32;34;34m[48;2;23;21;25m▀[0m[38;2;247;247;247m[48;2;247;247;247m▀[0m[38;2;227;230;230m[48;2;133;136;133m▀[0m[38;2;197;199;197m[48;2;96;97;96m▀[0m[38;2;171;174;171m[48;2;151;154;151m▀[0m[38;2;101;107;104m[48;2;247;247;247m▀[0m[38;2;182;182;179m[48;2;247;247;247m▀[0m[38;2;247;247;247m[48;2;247;247;247m▀[0m[38;2;247;247;247m[48;2;247;247;247m▀[0m[38;2;247;247;247m[48;2;247;246;247m▀[0m[38;2;247;247;247m[48;2;247;247;247m▀[0m[38;2;247;247;247m[48;2;247;247;247m▀[0m[38;2;183;186;186m[48;2;194;194;194m▀[0m[38;2;186;186;186m[48;2;207;209;207m▀[0m[38;2;247;247;247m[48;2;247;247;247m▀[0m[38;2;247;247;247m[48;2;247;247;247m▀[0m[38;2;244;244;244m[48;2;244;244;244m▀[0m[38;2;244;244;244m[48;2;244;244;245m▀[0m[38;2;247;247;247m[48;2;247;246;247m▀[0m[38;2;247;247;247m[48;2;247;247;247m▀[0m[38;2;220;220;220m[48;2;224;224;224m▀[0m[38;2;115;115;112m[48;2;108;111;108m▀[0m[38;2;183;183;183m[48;2;194;194;194m▀[0m[38;2;247;247;247m[48;2;247;247;247m▀[0m[38;2;247;247;247m[48;2;247;247;247m▀[0m[38;2;244;244;244m[48;2;244;244;244m▀[0m[38;2;244;243;244m[48;2;245;245;245m▀[0m[38;2;244;244;244m[48;2;244;244;244m▀[0m[38;2;244;244;245m[48;2;245;245;245m▀[0m[38;2;247;247;247m[48;2;247;247;247m▀[0m[38;2;247;247;247m[48;2;247;247;247m▀[0m[38;2;174;181;184m[48;2;208;212;212m▀[0m[38;2;209;207;204m[48;2;228;234;234m▀[0m[38;2;247;247;247m[48;2;247;247;247m▀[0m[38;2;247;247;247m[48;2;247;247;247m▀[0m[38;2;247;247;247m[48;2;247;247;247m▀[0m[38;2;195;198;198m[48;2;247;247;247m▀[0m[38;2;126;129;129m[48;2;247;247;247m▀[0m[38;2;223;226;226m[48;2;140;140;142m▀[0m[38;2;146;148;148m[48;2;141;143;143m▀[0m[38;2;233;232;232m[48;2;133;132;132m▀[0m[38;2;247;247;247m[48;2;247;247;247m▀[0m[38;2;0;0;0m[48;2;0;0;0m▀[0m[38;2;0;0;0m[48;2;0;0;0m▀[0m[38;2;0;0;0m[48;2;0;0;0m▀[0m[38;2;0;0;0m[48;2;0;0;0m▀[0m[38;2;0;0;0m[48;2;0;0;0m▀[0m[38;2;0;0;0m[48;2;0;0;0m▀[0m[38;2;0;0;0m[48;2;0;0;0m▀[0m[38;2;148;154;157m[48;2;247;247;247m▀[0m[38;2;247;247;247m[48;2;242;244;244m▀[0m[38;2;215;218;215m[48;2;203;205;205m▀[0m[38;2;212;216;216m[48;2;175;175;172m▀[0m[38;2;194;201;201m[48;2;196;196;191m▀[0m[38;2;194;198;195m[48;2;232;230;228m▀[0m[38;2;235;235;237m[48;2;247;247;247m▀[0m[38;2;247;247;247m[48;2;247;247;247m▀[0m[38;2;247;247;247m[48;2;247;247;247m▀[0m
[38;2;245;245;246m[48;2;244;244;244m▀[0m[38;2;245;245;246m[48;2;244;244;244m▀[0m[38;2;244;244;244m[48;2;244;243;244m▀[0m[38;2;244;243;244m[48;2;244;244;244m▀[0m[38;2;244;244;244m[48;2;244;244;244m▀[0m[38;2;246;246;246m[48;2;244;244;244m▀[0m[38;2;247;247;247m[48;2;244;244;244m▀[0m[38;2;247;247;247m[48;2;245;245;245m▀[0m[38;2;247;247;247m[48;2;247;247;247m▀[0m[38;2;239;239;237m[48;2;247;247;247m▀[0m[38;2;236;240;239m[48;2;247;247;247m▀[0m[38;2;247;247;247m[48;2;247;247;247m▀[0m[38;2;0;0;0m[48;2;99;99;97m▀[0m[38;2;0;0;0m[48;2;0;0;0m▀[0m[38;2;0;0;0m[48;2;0;0;0m▀[0m[38;2;0;0;0m[48;2;0;0;0m▀[0m[38;2;0;0;0m[48;2;0;0;0m▀[0m[38;2;0;0;0m[48;2;0;0;0m▀[0m[38;2;0;0;0m[48;2;0;0;0m▀[0m[38;2;77;81;78m[48;2;180;183;180m▀[0m[38;2;86;88;86m[48;2;247;247;247m▀[0m[38;2;240;239;240m[48;2;247;247;247m▀[0m[38;2;247;247;247m[48;2;247;247;247m▀[0m[38;2;247;247;247m[48;2;247;247;247m▀[0m[38;2;247;247;247m[48;2;246;246;246m▀[0m[38;2;247;247;247m[48;2;243;243;244m▀[0m[38;2;245;245;247m[48;2;243;245;245m▀[0m[38;2;247;247;247m[48;2;244;244;244m▀[0m[38;2;247;247;247m[48;2;247;247;247m▀[0m[38;2;247;247;247m[48;2;232;232;230m▀[0m[38;2;193;192;190m[48;2;167;169;167m▀[0m[38;2;218;220;218m[48;2;221;225;226m▀[0m[38;2;247;247;247m[48;2;247;247;247m▀[0m[38;2;247;246;246m[48;2;246;243;243m▀[0m[38;2;244;244;245m[48;2;244;244;244m▀[0m[38;2;245;245;245m[48;2;244;244;244m▀[0m[38;2;247;247;247m[48;2;247;244;246m▀[0m[38;2;247;247;247m[48;2;247;247;247m▀[0m[38;2;236;233;233m[48;2;247;247;247m▀[0m[38;2;102;102;102m[48;2;103;106;100m▀[0m[38;2;190;193;190m[48;2;180;180;180m▀[0m[38;2;247;247;247m[48;2;247;247;247m▀[0m[38;2;247;247;247m[48;2;247;247;247m▀[0m[38;2;244;244;244m[48;2;245;245;245m▀[0m[38;2;245;245;245m[48;2;245;245;245m▀[0m[38;2;244;244;244m[48;2;244;244;245m▀[0m[38;2;244;244;244m[48;2;244;243;244m▀[0m[38;2;247;247;247m[48;2;247;247;247m▀[0m[38;2;247;247;247m[48;2;243;242;242m▀[0m[38;2;180;184;184m[48;2;175;178;175m▀[0m[38;2;202;209;209m[48;2;167;171;172m▀[0m[38;2;247;247;247m[48;2;247;247;247m▀[0m[38;2;247;246;247m[48;2;247;247;247m▀[0m[38;2;247;247;247m[48;2;247;247;247m▀[0m[38;2;247;247;247m[48;2;244;244;244m▀[0m[38;2;247;247;247m[48;2;247;247;247m▀[0m[38;2;247;247;247m[48;2;247;247;247m▀[0m[38;2;185;188;188m[48;2;247;247;247m▀[0m[38;2;72;71;71m[48;2;247;247;247m▀[0m[38;2;175;174;174m[48;2;68;71;71m▀[0m[38;2;0;0;0m[48;2;0;0;0m▀[0m[38;2;0;0;0m[48;2;0;0;0m▀[0m[38;2;0;0;0m[48;2;0;0;0m▀[0m[38;2;0;0;0m[48;2;0;0;0m▀[0m[38;2;0;0;0m[48;2;0;0;0m▀[0m[38;2;0;0;0m[48;2;0;0;0m▀[0m[38;2;133;140;140m[48;2;215;218;220m▀[0m[38;2;247;247;247m[48;2;220;220;220m▀[0m[38;2;202;203;199m[48;2;241;241;241m▀[0m[38;2;213;213;210m[48;2;247;247;247m▀[0m[38;2;246;245;242m[48;2;247;247;247m▀[0m[38;2;247;247;247m[48;2;247;247;247m▀[0m[38;2;247;247;247m[48;2;243;243;243m▀[0m[38;2;247;247;247m[48;2;244;244;244m▀[0m[38;2;247;246;247m[48;2;245;244;245m▀[0m[38;2;244;244;244m[48;2;244;244;244m▀[0m
[38;2;244;244;244m[48;2;244;244;244m▀[0m[38;2;244;244;244m[48;2;244;244;244m▀[0m[38;2;244;244;244m[48;2;245;244;245m▀[0m[38;2;244;244;244m[48;2;244;244;244m▀[0m[38;2;244;244;245m[48;2;244;244;244m▀[0m[38;2;245;245;245m[48;2;245;244;245m▀[0m[38;2;244;244;244m[48;2;244;244;245m▀[0m[38;2;244;244;245m[48;2;244;244;244m▀[0m[38;2;244;244;247m[48;2;244;244;244m▀[0m[38;2;247;247;247m[48;2;244;244;244m▀[0m[38;2;247;247;247m[48;2;247;247;247m▀[0m[38;2;247;247;247m[48;2;247;247;247m▀[0m[38;2;247;247;247m[48;2;247;247;247m▀[0m[38;2;0;0;0m[48;2;247;247;247m▀[0m[38;2;0;0;0m[48;2;0;0;0m▀[0m[38;2;0;0;0m[48;2;0;0;0m▀[0m[38;2;0;0;0m[48;2;0;0;0m▀[0m[38;2;0;0;0m[48;2;247;247;247m▀[0m[38;2;221;221;221m[48;2;247;247;247m▀[0m[38;2;247;247;247m[48;2;247;247;247m▀[0m[38;2;247;247;247m[48;2;247;247;247m▀[0m[38;2;247;247;247m[48;2;246;246;247m▀[0m[38;2;246;246;246m[48;2;243;243;243m▀[0m[38;2;244;244;244m[48;2;244;244;244m▀[0m[38;2;244;244;244m[48;2;245;244;245m▀[0m[38;2;244;244;244m[48;2;244;244;244m▀[0m[38;2;244;244;244m[48;2;244;244;244m▀[0m[38;2;246;246;246m[48;2;247;247;247m▀[0m[38;2;247;247;247m[48;2;247;247;247m▀[0m[38;2;209;208;203m[48;2;209;211;209m▀[0m[38;2;187;191;190m[48;2;194;197;194m▀[0m[38;2;245;247;245m[48;2;247;247;247m▀[0m[38;2;247;247;247m[48;2;247;247;247m▀[0m[38;2;247;244;247m[48;2;247;244;247m▀[0m[38;2;245;244;245m[48;2;244;244;244m▀[0m[38;2;244;244;244m[48;2;245;245;245m▀[0m[38;2;247;246;247m[48;2;244;244;247m▀[0m[38;2;247;247;247m[48;2;247;247;247m▀[0m[38;2;247;247;247m[48;2;247;247;247m▀[0m[38;2;123;126;120m[48;2;129;131;129m▀[0m[38;2;170;173;170m[48;2;159;159;159m▀[0m[38;2;247;247;247m[48;2;247;247;247m▀[0m[38;2;247;247;247m[48;2;247;247;247m▀[0m[38;2;245;245;245m[48;2;247;247;244m▀[0m[38;2;245;245;245m[48;2;245;245;245m▀[0m[38;2;245;244;245m[48;2;244;244;245m▀[0m[38;2;244;244;244m[48;2;244;244;244m▀[0m[38;2;247;247;247m[48;2;246;246;246m▀[0m[38;2;247;247;247m[48;2;247;247;247m▀[0m[38;2;213;216;215m[48;2;228;228;226m▀[0m[38;2;188;189;186m[48;2;193;194;193m▀[0m[38;2;247;247;247m[48;2;240;239;234m▀[0m[38;2;247;247;247m[48;2;247;247;247m▀[0m[38;2;247;247;247m[48;2;245;245;245m▀[0m[38;2;245;245;245m[48;2;247;247;247m▀[0m[38;2;245;245;245m[48;2;246;246;246m▀[0m[38;2;247;247;247m[48;2;244;244;244m▀[0m[38;2;247;247;247m[48;2;247;247;247m▀[0m[38;2;247;247;247m[48;2;247;247;247m▀[0m[38;2;247;247;247m[48;2;247;247;247m▀[0m[38;2;29;29;29m[48;2;247;247;247m▀[0m[38;2;0;0;0m[48;2;16;18;18m▀[0m[38;2;0;0;0m[48;2;0;0;0m▀[0m[38;2;0;0;0m[48;2;0;0;0m▀[0m[38;2;0;0;0m[48;2;0;1;0m▀[0m[38;2;100;103;100m[48;2;247;247;247m▀[0m[38;2;247;247;247m[48;2;247;247;247m▀[0m[38;2;247;247;247m[48;2;247;247;247m▀[0m[38;2;247;247;247m[48;2;247;247;247m▀[0m[38;2;247;247;247m[48;2;244;244;244m▀[0m[38;2;246;246;246m[48;2;244;244;244m▀[0m[38;2;244;244;247m[48;2;244;244;244m▀[0m[38;2;244;244;244m[48;2;244;243;244m▀[0m[38;2;244;243;244m[48;2;245;244;245m▀[0m[38;2;244;244;244m[48;2;245;244;245m▀[0m[38;2;244;244;244m[48;2;244;244;244m▀[0m
[38;2;244;244;244m[48;2;244;244;245m▀[0m[38;2;245;245;245m[48;2;244;244;245m▀[0m[38;2;245;245;245m[48;2;245;244;245m▀[0m[38;2;245;244;245m[48;2;246;245;246m▀[0m[38;2;244;244;244m[48;2;244;244;245m▀[0m[38;2;244;244;245m[48;2;245;245;245m▀[0m[38;2;244;244;244m[48;2;244;244;244m▀[0m[38;2;244;244;244m[48;2;245;245;245m▀[0m[38;2;244;244;244m[48;2;245;244;244m▀[0m[38;2;243;245;245m[48;2;245;245;245m▀[0m[38;2;247;247;247m[48;2;247;247;247m▀[0m[38;2;247;247;247m[48;2;247;247;247m▀[0m[38;2;247;247;247m[48;2;247;247;247m▀[0m[38;2;247;247;247m[48;2;247;247;247m▀[0m[38;2;67;67;65m[48;2;0;0;0m▀[0m[38;2;0;0;0m[48;2;111;111;111m▀[0m[38;2;235;235;232m[48;2;247;247;247m▀[0m[38;2;247;247;247m[48;2;247;247;247m▀[0m[38;2;247;247;247m[48;2;247;247;247m▀[0m[38;2;247;247;247m[48;2;242;241;241m▀[0m[38;2;247;247;247m[48;2;247;247;247m▀[0m[38;2;244;244;244m[48;2;247;247;247m▀[0m[38;2;244;243;244m[48;2;245;244;245m▀[0m[38;2;244;244;244m[48;2;244;244;244m▀[0m[38;2;244;244;244m[48;2;245;245;245m▀[0m[38;2;245;245;245m[48;2;245;245;245m▀[0m[38;2;244;244;244m[48;2;247;247;247m▀[0m[38;2;247;247;247m[48;2;247;247;247m▀[0m[38;2;221;223;221m[48;2;196;196;194m▀[0m[38;2;185;184;182m[48;2;188;187;185m▀[0m[38;2;201;200;198m[48;2;247;247;247m▀[0m[38;2;247;247;247m[48;2;247;247;247m▀[0m[38;2;247;247;247m[48;2;244;244;244m▀[0m[38;2;245;244;245m[48;2;244;244;245m▀[0m[38;2;244;243;244m[48;2;244;244;244m▀[0m[38;2;244;243;244m[48;2;244;244;245m▀[0m[38;2;244;244;245m[48;2;244;244;244m▀[0m[38;2;247;247;247m[48;2;247;247;247m▀[0m[38;2;247;247;247m[48;2;247;247;247m▀[0m[38;2;164;167;164m[48;2;226;226;226m▀[0m[38;2;152;152;149m[48;2;156;156;156m▀[0m[38;2;247;247;247m[48;2;247;247;247m▀[0m[38;2;246;246;247m[48;2;247;247;245m▀[0m[38;2;244;244;244m[48;2;244;244;244m▀[0m[38;2;244;244;244m[48;2;244;244;244m▀[0m[38;2;244;244;245m[48;2;243;243;244m▀[0m[38;2;244;244;244m[48;2;243;243;244m▀[0m[38;2;244;244;244m[48;2;243;243;243m▀[0m[38;2;247;247;247m[48;2;244;244;244m▀[0m[38;2;247;247;247m[48;2;247;247;247m▀[0m[38;2;205;207;205m[48;2;245;244;244m▀[0m[38;2;191;192;189m[48;2;214;215;212m▀[0m[38;2;247;247;247m[48;2;243;243;247m▀[0m[38;2;244;244;245m[48;2;245;245;247m▀[0m[38;2;245;245;245m[48;2;244;244;244m▀[0m[38;2;245;245;245m[48;2;245;244;245m▀[0m[38;2;245;244;244m[48;2;247;244;247m▀[0m[38;2;247;247;247m[48;2;239;239;239m▀[0m[38;2;247;247;247m[48;2;220;220;222m▀[0m[38;2;247;247;247m[48;2;247;247;247m▀[0m[38;2;247;247;247m[48;2;247;247;247m▀[0m[38;2;247;247;247m[48;2;247;247;247m▀[0m[38;2;0;0;0m[48;2;226;220;217m▀[0m[38;2;0;0;0m[48;2;0;0;0m▀[0m[38;2;247;247;247m[48;2;247;247;247m▀[0m[38;2;247;247;247m[48;2;247;247;247m▀[0m[38;2;247;247;247m[48;2;247;247;247m▀[0m[38;2;247;247;247m[48;2;247;247;247m▀[0m[38;2;244;244;244m[48;2;244;243;244m▀[0m[38;2;244;244;244m[48;2;244;244;244m▀[0m[38;2;245;245;246m[48;2;245;244;245m▀[0m[38;2;245;245;245m[48;2;244;244;244m▀[0m[38;2;244;243;244m[48;2;244;244;244m▀[0m[38;2;244;244;245m[48;2;244;244;244m▀[0m[38;2;244;244;244m[48;2;244;244;244m▀[0m[38;2;244;244;245m[48;2;245;245;245m▀[0m
[38;2;244;244;244m[48;2;244;244;244m▀[0m[38;2;244;244;244m[48;2;244;244;245m▀[0m[38;2;245;245;245m[48;2;242;244;244m▀[0m[38;2;244;244;245m[48;2;244;244;244m▀[0m[38;2;245;245;245m[48;2;245;245;246m▀[0m[38;2;246;246;246m[48;2;246;246;247m▀[0m[38;2;245;245;246m[48;2;245;245;246m▀[0m[38;2;245;245;245m[48;2;244;244;245m▀[0m[38;2;245;244;245m[48;2;247;247;247m▀[0m[38;2;247;247;247m[48;2;247;247;247m▀[0m[38;2;247;247;247m[48;2;247;247;247m▀[0m[38;2;247;247;247m[48;2;247;247;247m▀[0m[38;2;247;247;247m[48;2;114;117;117m▀[0m[38;2;0;0;0m[48;2;0;0;0m▀[0m[38;2;0;0;0m[48;2;228;228;228m▀[0m[38;2;247;247;247m[48;2;194;195;193m▀[0m[38;2;247;247;247m[48;2;131;135;138m▀[0m[38;2;202;204;204m[48;2;156;161;162m▀[0m[38;2;167;169;171m[48;2;181;183;185m▀[0m[38;2;161;162;164m[48;2;202;204;204m▀[0m[38;2;238;240;240m[48;2;243;244;241m▀[0m[38;2;247;247;247m[48;2;247;247;247m▀[0m[38;2;244;244;245m[48;2;244;244;244m▀[0m[38;2;244;244;244m[48;2;244;244;244m▀[0m[38;2;245;245;245m[48;2;245;245;245m▀[0m[38;2;245;245;245m[48;2;245;245;245m▀[0m[38;2;245;245;245m[48;2;245;245;245m▀[0m[38;2;247;247;247m[48;2;246;246;246m▀[0m[38;2;226;226;226m[48;2;247;247;247m▀[0m[38;2;240;243;240m[48;2;247;247;247m▀[0m[38;2;247;247;247m[48;2;244;247;247m▀[0m[38;2;246;246;246m[48;2;247;247;247m▀[0m[38;2;244;244;244m[48;2;245;244;245m▀[0m[38;2;244;244;244m[48;2;245;245;245m▀[0m[38;2;245;244;245m[48;2;244;244;245m▀[0m[38;2;244;244;244m[48;2;244;244;244m▀[0m[38;2;244;244;244m[48;2;244;244;245m▀[0m[38;2;244;244;244m[48;2;244;244;245m▀[0m[38;2;247;247;247m[48;2;244;244;244m▀[0m[38;2;242;242;244m[48;2;247;244;247m▀[0m[38;2;196;196;196m[48;2;247;247;247m▀[0m[38;2;247;247;247m[48;2;246;246;246m▀[0m[38;2;246;246;246m[48;2;245;245;245m▀[0m[38;2;244;244;244m[48;2;245;245;245m▀[0m[38;2;244;244;244m[48;2;244;244;244m▀[0m[38;2;243;243;244m[48;2;244;243;244m▀[0m[38;2;244;243;244m[48;2;244;244;244m▀[0m[38;2;244;243;244m[48;2;244;244;245m▀[0m[38;2;243;243;244m[48;2;244;244;244m▀[0m[38;2;247;247;247m[48;2;247;247;247m▀[0m[38;2;245;247;247m[48;2;242;244;242m▀[0m[38;2;247;247;247m[48;2;244;244;245m▀[0m[38;2;244;244;245m[48;2;245;244;245m▀[0m[38;2;244;244;245m[48;2;245;244;244m▀[0m[38;2;245;245;246m[48;2;245;245;246m▀[0m[38;2;245;245;246m[48;2;246;244;247m▀[0m[38;2;247;247;242m[48;2;247;243;245m▀[0m[38;2;243;243;238m[48;2;247;247;247m▀[0m[38;2;190;193;194m[48;2;247;247;247m▀[0m[38;2;163;165;166m[48;2;227;226;227m▀[0m[38;2;207;207;209m[48;2;195;193;198m▀[0m[38;2;247;247;247m[48;2;186;183;186m▀[0m[38;2;247;247;247m[48;2;200;197;197m▀[0m[38;2;104;104;97m[48;2;247;247;247m▀[0m[38;2;0;0;0m[48;2;0;0;0m▀[0m[38;2;247;247;247m[48;2;58;61;58m▀[0m[38;2;247;247;247m[48;2;247;247;247m▀[0m[38;2;247;247;247m[48;2;247;247;247m▀[0m[38;2;247;247;247m[48;2;247;247;247m▀[0m[38;2;244;244;244m[48;2;247;247;247m▀[0m[38;2;244;243;244m[48;2;244;244;244m▀[0m[38;2;242;244;244m[48;2;244;244;244m▀[0m[38;2;244;244;244m[48;2;246;243;243m▀[0m[38;2;245;244;244m[48;2;245;242;244m▀[0m[38;2;244;244;244m[48;2;243;243;244m▀[0m[38;2;242;244;244m[48;2;243;243;244m▀[0m
[38;2;244;244;244m[48;2;245;245;245m▀[0m[38;2;244;244;245m[48;2;244;244;244m▀[0m[38;2;242;244;244m[48;2;244;244;244m▀[0m[38;2;244;244;244m[48;2;244;244;244m▀[0m[38;2;245;245;245m[48;2;244;244;245m▀[0m[38;2;246;246;247m[48;2;247;247;247m▀[0m[38;2;244;244;245m[48;2;247;247;247m▀[0m[38;2;247;247;247m[48;2;247;247;247m▀[0m[38;2;247;247;247m[48;2;247;247;247m▀[0m[38;2;247;247;247m[48;2;247;247;247m▀[0m[38;2;247;247;247m[48;2;131;137;134m▀[0m[38;2;232;233;230m[48;2;0;0;0m▀[0m[38;2;0;0;0m[48;2;56;59;59m▀[0m[38;2;37;40;41m[48;2;191;194;194m▀[0m[38;2;167;169;170m[48;2;210;213;212m▀[0m[38;2;142;144;145m[48;2;247;247;247m▀[0m[38;2;191;194;195m[48;2;247;247;247m▀[0m[38;2;218;220;220m[48;2;247;247;247m▀[0m[38;2;232;232;233m[48;2;247;247;247m▀[0m[38;2;247;247;247m[48;2;247;247;247m▀[0m[38;2;247;247;247m[48;2;246;246;246m▀[0m[38;2;244;244;244m[48;2;244;244;244m▀[0m[38;2;244;244;244m[48;2;244;244;244m▀[0m[38;2;245;245;245m[48;2;244;244;245m▀[0m[38;2;246;246;247m[48;2;244;244;244m▀[0m[38;2;245;245;246m[48;2;244;244;245m▀[0m[38;2;245;245;245m[48;2;247;247;244m▀[0m[38;2;247;247;247m[48;2;239;239;239m▀[0m[38;2;247;247;247m[48;2;223;226;225m▀[0m[38;2;247;247;247m[48;2;202;205;205m▀[0m[38;2;247;247;247m[48;2;247;247;247m▀[0m[38;2;245;245;245m[48;2;247;247;247m▀[0m[38;2;244;244;244m[48;2;247;247;247m▀[0m[38;2;245;245;245m[48;2;245;245;245m▀[0m[38;2;244;244;245m[48;2;245;245;245m▀[0m[38;2;245;245;245m[48;2;246;245;246m▀[0m[38;2;245;245;245m[48;2;244;244;245m▀[0m[38;2;244;244;245m[48;2;244;244;245m▀[0m[38;2;244;244;244m[48;2;243;243;244m▀[0m[38;2;244;243;244m[48;2;243;243;244m▀[0m[38;2;244;244;244m[48;2;244;244;244m▀[0m[38;2;244;244;244m[48;2;244;244;244m▀[0m[38;2;246;246;246m[48;2;244;244;245m▀[0m[38;2;247;246;247m[48;2;245;245;245m▀[0m[38;2;244;244;244m[48;2;245;244;245m▀[0m[38;2;244;244;244m[48;2;244;244;245m▀[0m[38;2;244;244;245m[48;2;244;244;244m▀[0m[38;2;247;246;247m[48;2;247;247;247m▀[0m[38;2;247;247;247m[48;2;228;228;228m▀[0m[38;2;238;240;240m[48;2;187;190;190m▀[0m[38;2;247;247;247m[48;2;237;241;241m▀[0m[38;2;247;247;244m[48;2;247;247;247m▀[0m[38;2;245;245;245m[48;2;245;245;245m▀[0m[38;2;244;244;244m[48;2;244;244;244m▀[0m[38;2;244;244;244m[48;2;245;245;246m▀[0m[38;2;245;244;244m[48;2;246;246;247m▀[0m[38;2;244;244;244m[48;2;246;246;247m▀[0m[38;2;247;247;247m[48;2;245;244;245m▀[0m[38;2;247;247;247m[48;2;247;247;247m▀[0m[38;2;219;221;221m[48;2;240;242;242m▀[0m[38;2;191;194;194m[48;2;238;241;240m▀[0m[38;2;192;191;191m[48;2;223;223;223m▀[0m[38;2;166;166;166m[48;2;202;202;202m▀[0m[38;2;178;178;178m[48;2;168;168;165m▀[0m[38;2;197;195;193m[48;2;174;170;170m▀[0m[38;2;0;0;0m[48;2;0;0;0m▀[0m[38;2;197;200;202m[48;2;0;0;0m▀[0m[38;2;247;247;247m[48;2;247;247;247m▀[0m[38;2;247;247;247m[48;2;247;247;247m▀[0m[38;2;247;247;247m[48;2;247;247;247m▀[0m[38;2;247;247;247m[48;2;247;247;247m▀[0m[38;2;244;244;244m[48;2;247;247;247m▀[0m[38;2;246;245;245m[48;2;247;247;247m▀[0m[38;2;244;243;244m[48;2;245;244;245m▀[0m[38;2;243;243;243m[48;2;244;243;244m▀[0m[38;2;244;244;244m[48;2;244;244;244m▀[0m
[38;2;245;244;245m[48;2;244;244;244m▀[0m[38;2;244;244;244m[48;2;244;244;245m▀[0m[38;2;243;243;244m[48;2;247;247;247m▀[0m[38;2;244;244;244m[48;2;247;247;247m▀[0m[38;2;247;247;247m[48;2;247;247;247m▀[0m[38;2;247;247;247m[48;2;247;247;247m▀[0m[38;2;247;247;247m[48;2;247;247;247m▀[0m[38;2;247;247;247m[48;2;127;129;127m▀[0m[38;2;233;233;233m[48;2;0;0;0m▀[0m[38;2;0;0;0m[48;2;122;125;122m▀[0m[38;2;0;0;0m[48;2;247;247;247m▀[0m[38;2;228;229;226m[48;2;247;247;247m▀[0m[38;2;247;247;247m[48;2;247;247;247m▀[0m[38;2;247;247;247m[48;2;247;247;247m▀[0m[38;2;247;247;247m[48;2;247;247;247m▀[0m[38;2;247;247;247m[48;2;247;247;247m▀[0m[38;2;247;247;247m[48;2;247;247;247m▀[0m[38;2;247;247;245m[48;2;244;244;244m▀[0m[38;2;245;245;242m[48;2;244;244;244m▀[0m[38;2;244;244;244m[48;2;244;244;245m▀[0m[38;2;244;244;244m[48;2;245;244;245m▀[0m[38;2;244;244;244m[48;2;245;245;245m▀[0m[38;2;244;244;244m[48;2;244;244;245m▀[0m[38;2;244;244;245m[48;2;244;244;245m▀[0m[38;2;244;244;244m[48;2;244;244;244m▀[0m[38;2;245;245;245m[48;2;244;244;245m▀[0m[38;2;247;247;247m[48;2;246;243;243m▀[0m[38;2;242;242;239m[48;2;247;247;247m▀[0m[38;2;207;207;208m[48;2;247;247;247m▀[0m[38;2;148;152;155m[48;2;233;236;236m▀[0m[38;2;168;168;170m[48;2;168;171;171m▀[0m[38;2;234;234;231m[48;2;173;176;178m▀[0m[38;2;247;247;247m[48;2;233;233;234m▀[0m[38;2;247;247;247m[48;2;247;247;247m▀[0m[38;2;245;245;245m[48;2;244;244;244m▀[0m[38;2;244;244;245m[48;2;245;244;245m▀[0m[38;2;244;243;244m[48;2;244;244;244m▀[0m[38;2;244;244;244m[48;2;244;244;244m▀[0m[38;2;244;244;244m[48;2;244;244;245m▀[0m[38;2;244;244;244m[48;2;244;244;244m▀[0m[38;2;244;244;244m[48;2;244;244;244m▀[0m[38;2;244;244;244m[48;2;244;244;245m▀[0m[38;2;244;244;245m[48;2;244;244;245m▀[0m[38;2;244;244;244m[48;2;244;244;244m▀[0m[38;2;244;244;245m[48;2;244;244;245m▀[0m[38;2;244;244;245m[48;2;244;244;245m▀[0m[38;2;243;243;247m[48;2;247;247;247m▀[0m[38;2;247;247;247m[48;2;245;245;247m▀[0m[38;2;203;203;203m[48;2;190;188;191m▀[0m[38;2;181;180;180m[48;2;183;185;183m▀[0m[38;2;233;233;233m[48;2;247;247;247m▀[0m[38;2;247;247;247m[48;2;247;247;247m▀[0m[38;2;247;247;247m[48;2;247;247;247m▀[0m[38;2;245;245;245m[48;2;245;245;245m▀[0m[38;2;245;245;245m[48;2;245;245;245m▀[0m[38;2;245;245;245m[48;2;244;244;244m▀[0m[38;2;245;245;245m[48;2;244;244;244m▀[0m[38;2;244;244;244m[48;2;244;244;244m▀[0m[38;2;247;247;247m[48;2;245;245;245m▀[0m[38;2;247;247;247m[48;2;245;245;245m▀[0m[38;2;247;247;247m[48;2;244;244;244m▀[0m[38;2;247;247;247m[48;2;247;247;247m▀[0m[38;2;247;247;247m[48;2;247;247;247m▀[0m[38;2;247;247;247m[48;2;247;247;247m▀[0m[38;2;247;247;247m[48;2;247;247;247m▀[0m[38;2;227;225;225m[48;2;247;247;247m▀[0m[38;2;57;57;57m[48;2;247;247;247m▀[0m[38;2;0;0;0m[48;2;226;224;224m▀[0m[38;2;126;129;126m[48;2;0;0;0m▀[0m[38;2;247;247;247m[48;2;0;0;0m▀[0m[38;2;247;247;247m[48;2;247;247;247m▀[0m[38;2;247;247;247m[48;2;247;247;247m▀[0m[38;2;247;247;247m[48;2;247;247;247m▀[0m[38;2;247;247;247m[48;2;247;247;247m▀[0m[38;2;244;244;244m[48;2;247;247;247m▀[0m[38;2;244;244;244m[48;2;243;243;247m▀[0m
[38;2;247;247;247m[48;2;247;247;247m▀[0m[38;2;247;247;247m[48;2;247;247;247m▀[0m[38;2;247;247;247m[48;2;247;247;247m▀[0m[38;2;247;247;247m[48;2;247;247;247m▀[0m[38;2;247;247;247m[48;2;247;247;247m▀[0m[38;2;247;247;247m[48;2;42;46;42m▀[0m[38;2;62;65;65m[48;2;0;0;0m▀[0m[38;2;0;0;0m[48;2;247;247;247m▀[0m[38;2;233;235;233m[48;2;247;247;247m▀[0m[38;2;247;247;247m[48;2;247;247;247m▀[0m[38;2;247;247;247m[48;2;247;247;247m▀[0m[38;2;247;247;247m[48;2;247;247;247m▀[0m[38;2;247;247;247m[48;2;245;245;245m▀[0m[38;2;247;246;247m[48;2;245;245;245m▀[0m[38;2;244;244;244m[48;2;244;244;244m▀[0m[38;2;245;245;245m[48;2;244;244;244m▀[0m[38;2;245;245;246m[48;2;244;244;244m▀[0m[38;2;245;245;245m[48;2;244;243;244m▀[0m[38;2;244;244;244m[48;2;244;244;244m▀[0m[38;2;243;245;245m[48;2;244;244;245m▀[0m[38;2;245;245;246m[48;2;244;243;244m▀[0m[38;2;245;245;246m[48;2;244;244;244m▀[0m[38;2;244;244;244m[48;2;244;244;245m▀[0m[38;2;244;244;244m[48;2;244;244;244m▀[0m[38;2;245;245;245m[48;2;244;244;244m▀[0m[38;2;245;244;244m[48;2;245;245;245m▀[0m[38;2;247;247;247m[48;2;247;247;247m▀[0m[38;2;246;246;244m[48;2;247;247;247m▀[0m[38;2;214;216;214m[48;2;217;219;220m▀[0m[38;2;247;247;247m[48;2;164;167;167m▀[0m[38;2;247;247;247m[48;2;224;224;224m▀[0m[38;2;172;175;172m[48;2;247;247;247m▀[0m[38;2;208;211;211m[48;2;237;236;237m▀[0m[38;2;247;247;247m[48;2;247;247;247m▀[0m[38;2;244;243;244m[48;2;247;247;247m▀[0m[38;2;244;244;245m[48;2;244;244;244m▀[0m[38;2;245;245;245m[48;2;244;244;244m▀[0m[38;2;244;243;244m[48;2;244;244;244m▀[0m[38;2;244;243;244m[48;2;244;244;244m▀[0m[38;2;244;244;244m[48;2;244;244;245m▀[0m[38;2;244;244;245m[48;2;245;244;245m▀[0m[38;2;244;244;245m[48;2;244;244;244m▀[0m[38;2;244;244;244m[48;2;244;244;244m▀[0m[38;2;244;244;245m[48;2;245;244;245m▀[0m[38;2;244;244;245m[48;2;244;244;245m▀[0m[38;2;244;244;244m[48;2;244;244;245m▀[0m[38;2;247;247;247m[48;2;247;247;247m▀[0m[38;2;246;246;246m[48;2;247;247;247m▀[0m[38;2;203;203;203m[48;2;247;247;247m▀[0m[38;2;245;245;245m[48;2;188;187;188m▀[0m[38;2;222;222;222m[48;2;189;189;190m▀[0m[38;2;217;217;217m[48;2;239;239;239m▀[0m[38;2;247;247;247m[48;2;242;242;239m▀[0m[38;2;244;244;244m[48;2;246;243;247m▀[0m[38;2;245;245;246m[48;2;244;244;244m▀[0m[38;2;244;244;245m[48;2;244;244;245m▀[0m[38;2;244;244;244m[48;2;244;244;244m▀[0m[38;2;244;244;244m[48;2;245;245;245m▀[0m[38;2;244;244;244m[48;2;243;243;244m▀[0m[38;2;244;244;245m[48;2;244;243;244m▀[0m[38;2;246;245;246m[48;2;245;245;246m▀[0m[38;2;245;245;245m[48;2;245;245;245m▀[0m[38;2;247;247;247m[48;2;245;245;245m▀[0m[38;2;247;247;247m[48;2;246;246;246m▀[0m[38;2;247;247;247m[48;2;244;244;245m▀[0m[38;2;247;247;247m[48;2;247;247;247m▀[0m[38;2;247;247;247m[48;2;247;247;247m▀[0m[38;2;247;247;247m[48;2;247;247;247m▀[0m[38;2;247;247;247m[48;2;247;247;247m▀[0m[38;2;95;100;97m[48;2;247;247;247m▀[0m[38;2;0;0;0m[48;2;215;215;215m▀[0m[38;2;157;160;160m[48;2;0;0;0m▀[0m[38;2;247;247;247m[48;2;76;83;79m▀[0m[38;2;247;247;247m[48;2;247;247;247m▀[0m[38;2;247;247;247m[48;2;247;247;247m▀[0m[38;2;247;247;247m[48;2;247;247;247m▀[0m
[38;2;247;247;247m[48;2;126;128;128m▀[0m[38;2;247;247;247m[48;2;15;21;18m▀[0m[38;2;224;227;227m[48;2;0;0;0m▀[0m[38;2;19;27;25m[48;2;0;0;0m▀[0m[38;2;0;0;0m[48;2;0;0;0m▀[0m[38;2;20;19;14m[48;2;247;247;247m▀[0m[38;2;247;247;247m[48;2;247;247;247m▀[0m[38;2;247;247;247m[48;2;247;247;247m▀[0m[38;2;247;247;247m[48;2;247;247;247m▀[0m[38;2;247;247;247m[48;2;244;244;244m▀[0m[38;2;247;247;247m[48;2;244;243;244m▀[0m[38;2;244;244;244m[48;2;244;244;244m▀[0m[38;2;245;245;245m[48;2;244;244;244m▀[0m[38;2;246;246;246m[48;2;246;246;246m▀[0m[38;2;246;246;246m[48;2;245;245;245m▀[0m[38;2;245;244;245m[48;2;245;245;245m▀[0m[38;2;244;243;244m[48;2;244;244;245m▀[0m[38;2;244;244;244m[48;2;246;245;246m▀[0m[38;2;245;245;245m[48;2;246;245;246m▀[0m[38;2;245;245;246m[48;2;244;244;244m▀[0m[38;2;244;243;244m[48;2;245;245;245m▀[0m[38;2;244;244;245m[48;2;244;244;244m▀[0m[38;2;245;245;246m[48;2;245;245;245m▀[0m[38;2;244;244;244m[48;2;245;244;245m▀[0m[38;2;244;244;244m[48;2;244;244;245m▀[0m[38;2;245;244;245m[48;2;245;245;246m▀[0m[38;2;245;245;245m[48;2;245;245;245m▀[0m[38;2;247;247;247m[48;2;247;247;247m▀[0m[38;2;241;244;244m[48;2;247;247;247m▀[0m[38;2;219;218;218m[48;2;247;247;247m▀[0m[38;2;175;175;175m[48;2;220;220;222m▀[0m[38;2;196;199;196m[48;2;187;187;187m▀[0m[38;2;247;247;247m[48;2;194;194;194m▀[0m[38;2;247;247;247m[48;2;247;247;247m▀[0m[38;2;247;247;247m[48;2;247;247;247m▀[0m[38;2;245;245;245m[48;2;247;247;247m▀[0m[38;2;244;244;244m[48;2;246;246;246m▀[0m[38;2;244;244;244m[48;2;245;244;245m▀[0m[38;2;244;244;244m[48;2;245;244;245m▀[0m[38;2;244;244;244m[48;2;244;244;244m▀[0m[38;2;244;244;244m[48;2;244;244;244m▀[0m[38;2;244;244;244m[48;2;242;244;244m▀[0m[38;2;244;244;244m[48;2;243;243;244m▀[0m[38;2;244;244;245m[48;2;244;244;245m▀[0m[38;2;245;245;246m[48;2;247;247;247m▀[0m[38;2;247;247;247m[48;2;247;247;247m▀[0m[38;2;247;247;247m[48;2;247;247;247m▀[0m[38;2;247;247;247m[48;2;170;169;164m▀[0m[38;2;163;166;161m[48;2;206;207;203m▀[0m[38;2;206;209;208m[48;2;182;184;182m▀[0m[38;2;214;217;216m[48;2;188;188;186m▀[0m[38;2;201;204;201m[48;2;247;247;247m▀[0m[38;2;246;246;244m[48;2;247;247;247m▀[0m[38;2;247;247;247m[48;2;247;244;244m▀[0m[38;2;244;244;244m[48;2;244;244;244m▀[0m[38;2;244;244;244m[48;2;244;244;244m▀[0m[38;2;244;244;244m[48;2;244;244;244m▀[0m[38;2;245;245;245m[48;2;245;244;245m▀[0m[38;2;244;244;245m[48;2;245;244;245m▀[0m[38;2;244;244;244m[48;2;244;244;244m▀[0m[38;2;245;245;245m[48;2;244;244;244m▀[0m[38;2;245;245;245m[48;2;245;244;245m▀[0m[38;2;245;245;245m[48;2;245;245;245m▀[0m[38;2;244;244;245m[48;2;245;245;245m▀[0m[38;2;244;244;244m[48;2;244;244;244m▀[0m[38;2;244;244;244m[48;2;244;244;245m▀[0m[38;2;247;247;244m[48;2;245;245;245m▀[0m[38;2;247;247;247m[48;2;244;244;245m▀[0m[38;2;247;247;247m[48;2;246;246;246m▀[0m[38;2;247;247;247m[48;2;247;247;247m▀[0m[38;2;247;247;247m[48;2;247;247;247m▀[0m[38;2;247;247;247m[48;2;247;247;247m▀[0m[38;2;0;0;0m[48;2;247;247;247m▀[0m[38;2;30;39;30m[48;2;0;0;0m▀[0m[38;2;247;247;247m[48;2;0;0;0m▀[0m[38;2;164;167;167m[48;2;4;6;4m▀[0m
[38;2;98;100;100m[48;2;231;231;231m▀[0m[38;2;188;188;185m[48;2;247;247;247m▀[0m[38;2;247;247;247m[48;2;63;65;65m▀[0m[38;2;49;52;53m[48;2;132;135;135m▀[0m[38;2;247;247;247m[48;2;247;247;247m▀[0m[38;2;247;247;247m[48;2;247;247;247m▀[0m[38;2;247;247;247m[48;2;247;247;247m▀[0m[38;2;247;247;247m[48;2;244;244;244m▀[0m[38;2;244;243;244m[48;2;244;244;244m▀[0m[38;2;245;245;245m[48;2;246;245;246m▀[0m[38;2;244;244;244m[48;2;244;244;245m▀[0m[38;2;244;244;244m[48;2;244;244;244m▀[0m[38;2;245;245;245m[48;2;245;244;245m▀[0m[38;2;245;245;245m[48;2;245;245;245m▀[0m[38;2;244;244;244m[48;2;244;244;244m▀[0m[38;2;244;244;244m[48;2;244;244;244m▀[0m[38;2;244;244;244m[48;2;245;245;245m▀[0m[38;2;245;245;245m[48;2;245;245;245m▀[0m[38;2;245;245;245m[48;2;244;244;244m▀[0m[38;2;244;244;244m[48;2;244;244;244m▀[0m[38;2;244;244;244m[48;2;244;244;244m▀[0m[38;2;244;244;244m[48;2;245;244;245m▀[0m[38;2;244;244;245m[48;2;245;245;245m▀[0m[38;2;245;245;245m[48;2;244;244;245m▀[0m[38;2;245;245;245m[48;2;245;245;245m▀[0m[38;2;244;244;244m[48;2;244;244;244m▀[0m[38;2;244;244;244m[48;2;246;245;246m▀[0m[38;2;244;244;244m[48;2;246;245;245m▀[0m[38;2;243;243;247m[48;2;246;245;246m▀[0m[38;2;247;247;247m[48;2;247;246;247m▀[0m[38;2;247;247;247m[48;2;247;247;247m▀[0m[38;2;210;210;210m[48;2;245;242;245m▀[0m[38;2;184;184;184m[48;2;201;201;201m▀[0m[38;2;190;193;190m[48;2;172;174;172m▀[0m[38;2;247;247;247m[48;2;209;209;206m▀[0m[38;2;247;247;247m[48;2;247;247;247m▀[0m[38;2;247;247;247m[48;2;247;247;247m▀[0m[38;2;247;246;247m[48;2;247;244;247m▀[0m[38;2;244;244;245m[48;2;245;245;245m▀[0m[38;2;242;244;244m[48;2;245;244;245m▀[0m[38;2;244;244;244m[48;2;244;244;244m▀[0m[38;2;244;244;244m[48;2;245;245;245m▀[0m[38;2;244;244;244m[48;2;247;244;247m▀[0m[38;2;246;243;247m[48;2;243;246;246m▀[0m[38;2;247;247;247m[48;2;247;247;247m▀[0m[38;2;247;247;247m[48;2;219;223;222m▀[0m[38;2;194;193;191m[48;2;171;171;164m▀[0m[38;2;193;192;190m[48;2;171;174;171m▀[0m[38;2;165;169;165m[48;2;201;204;200m▀[0m[38;2;184;187;183m[48;2;247;247;247m▀[0m[38;2;247;247;247m[48;2;247;247;247m▀[0m[38;2;247;247;247m[48;2;247;247;245m▀[0m[38;2;247;247;247m[48;2;243;243;244m▀[0m[38;2;243;245;245m[48;2;244;244;244m▀[0m[38;2;244;244;244m[48;2;244;244;244m▀[0m[38;2;243;243;244m[48;2;244;244;244m▀[0m[38;2;244;243;244m[48;2;244;244;244m▀[0m[38;2;244;244;244m[48;2;245;244;245m▀[0m[38;2;244;244;245m[48;2;245;245;245m▀[0m[38;2;245;244;245m[48;2;244;244;244m▀[0m[38;2;245;245;246m[48;2;245;244;245m▀[0m[38;2;244;244;244m[48;2;244;244;244m▀[0m[38;2;244;244;244m[48;2;244;244;244m▀[0m[38;2;245;244;245m[48;2;245;245;245m▀[0m[38;2;244;244;244m[48;2;244;244;244m▀[0m[38;2;244;244;244m[48;2;244;244;244m▀[0m[38;2;244;244;244m[48;2;245;245;245m▀[0m[38;2;244;244;244m[48;2;245;244;245m▀[0m[38;2;245;245;245m[48;2;245;244;245m▀[0m[38;2;245;245;245m[48;2;245;245;245m▀[0m[38;2;247;247;247m[48;2;247;247;247m▀[0m[38;2;247;247;247m[48;2;247;247;247m▀[0m[38;2;247;247;247m[48;2;247;247;247m▀[0m[38;2;247;247;247m[48;2;247;247;247m▀[0m[38;2;0;0;0m[48;2;247;247;247m▀[0m[38;2;122;125;125m[48;2;0;0;0m▀[0m
[38;2;247;247;247m[48;2;247;247;247m▀[0m[38;2;208;211;208m[48;2;13;16;16m▀[0m[38;2;0;0;0m[48;2;135;135;137m▀[0m[38;2;247;247;247m[48;2;247;247;247m▀[0m[38;2;247;247;247m[48;2;247;247;247m▀[0m[38;2;247;247;247m[48;2;247;247;247m▀[0m[38;2;246;246;246m[48;2;244;244;244m▀[0m[38;2;244;243;244m[48;2;244;244;244m▀[0m[38;2;245;244;245m[48;2;245;244;245m▀[0m[38;2;244;244;245m[48;2;245;244;245m▀[0m[38;2;244;244;244m[48;2;244;244;244m▀[0m[38;2;245;245;245m[48;2;245;245;245m▀[0m[38;2;245;244;245m[48;2;245;244;245m▀[0m[38;2;244;244;244m[48;2;244;244;244m▀[0m[38;2;244;244;244m[48;2;244;243;244m▀[0m[38;2;245;244;245m[48;2;244;244;244m▀[0m[38;2;245;245;245m[48;2;245;244;245m▀[0m[38;2;245;245;245m[48;2;245;245;245m▀[0m[38;2;245;245;245m[48;2;245;245;245m▀[0m[38;2;246;246;246m[48;2;246;246;246m▀[0m[38;2;245;245;245m[48;2;247;246;247m▀[0m[38;2;245;244;245m[48;2;246;245;245m▀[0m[38;2;244;244;245m[48;2;245;244;245m▀[0m[38;2;244;244;245m[48;2;245;245;245m▀[0m[38;2;244;244;245m[48;2;244;244;245m▀[0m[38;2;244;244;244m[48;2;244;244;244m▀[0m[38;2;246;245;246m[48;2;244;244;244m▀[0m[38;2;246;246;247m[48;2;245;245;246m▀[0m[38;2;246;246;247m[48;2;245;245;245m▀[0m[38;2;245;245;245m[48;2;245;244;245m▀[0m[38;2;247;247;247m[48;2;245;245;245m▀[0m[38;2;247;247;247m[48;2;245;245;245m▀[0m[38;2;238;238;238m[48;2;247;247;247m▀[0m[38;2;196;196;196m[48;2;233;233;233m▀[0m[38;2;168;168;168m[48;2;186;189;186m▀[0m[38;2;231;231;233m[48;2;171;174;171m▀[0m[38;2;247;247;247m[48;2;247;247;247m▀[0m[38;2;244;247;247m[48;2;247;247;247m▀[0m[38;2;244;244;244m[48;2;244;244;244m▀[0m[38;2;244;244;244m[48;2;244;244;244m▀[0m[38;2;244;244;244m[48;2;245;244;245m▀[0m[38;2;245;245;245m[48;2;247;247;247m▀[0m[38;2;246;246;247m[48;2;247;247;247m▀[0m[38;2;247;247;247m[48;2;247;247;247m▀[0m[38;2;247;247;247m[48;2;161;163;161m▀[0m[38;2;161;161;156m[48;2;174;177;173m▀[0m[38;2;187;191;184m[48;2;224;225;222m▀[0m[38;2;204;209;200m[48;2;247;247;247m▀[0m[38;2;247;247;247m[48;2;247;247;247m▀[0m[38;2;247;247;247m[48;2;247;247;247m▀[0m[38;2;247;247;247m[48;2;242;244;245m▀[0m[38;2;242;244;244m[48;2;243;243;244m▀[0m[38;2;242;244;244m[48;2;244;244;245m▀[0m[38;2;244;244;244m[48;2;244;244;245m▀[0m[38;2;242;244;244m[48;2;244;244;245m▀[0m[38;2;244;244;245m[48;2;244;243;244m▀[0m[38;2;244;244;244m[48;2;244;244;244m▀[0m[38;2;245;245;245m[48;2;244;244;245m▀[0m[38;2;246;245;245m[48;2;244;244;244m▀[0m[38;2;245;244;244m[48;2;244;244;244m▀[0m[38;2;244;244;244m[48;2;244;244;244m▀[0m[38;2;244;244;244m[48;2;244;244;244m▀[0m[38;2;244;244;244m[48;2;244;244;244m▀[0m[38;2;244;244;245m[48;2;244;244;244m▀[0m[38;2;244;244;244m[48;2;244;244;244m▀[0m[38;2;243;243;244m[48;2;244;244;244m▀[0m[38;2;244;244;244m[48;2;244;243;244m▀[0m[38;2;244;244;244m[48;2;244;243;244m▀[0m[38;2;244;244;244m[48;2;244;244;244m▀[0m[38;2;244;244;244m[48;2;245;244;245m▀[0m[38;2;244;244;244m[48;2;244;244;244m▀[0m[38;2;244;244;244m[48;2;244;244;244m▀[0m[38;2;247;247;247m[48;2;244;244;244m▀[0m[38;2;247;247;247m[48;2;247;247;247m▀[0m[38;2;247;247;247m[48;2;247;247;247m▀[0m[38;2;216;216;216m[48;2;247;247;247m▀[0m
[38;2;247;247;247m[48;2;138;136;134m▀[0m[38;2;0;0;0m[48;2;64;62;59m▀[0m[38;2;247;247;247m[48;2;247;247;247m▀[0m[38;2;247;247;247m[48;2;247;247;247m▀[0m[38;2;247;247;247m[48;2;247;247;247m▀[0m[38;2;244;244;247m[48;2;244;244;244m▀[0m[38;2;244;243;244m[48;2;244;243;244m▀[0m[38;2;245;244;245m[48;2;245;245;245m▀[0m[38;2;246;246;246m[48;2;247;246;247m▀[0m[38;2;245;245;245m[48;2;246;245;246m▀[0m[38;2;244;244;244m[48;2;244;244;244m▀[0m[38;2;244;244;244m[48;2;244;244;244m▀[0m[38;2;243;243;244m[48;2;244;244;244m▀[0m[38;2;244;244;244m[48;2;246;245;246m▀[0m[38;2;244;244;244m[48;2;245;245;245m▀[0m[38;2;244;244;244m[48;2;244;244;244m▀[0m[38;2;245;245;245m[48;2;244;244;244m▀[0m[38;2;244;244;244m[48;2;244;244;244m▀[0m[38;2;244;244;244m[48;2;244;244;244m▀[0m[38;2;244;244;244m[48;2;245;245;245m▀[0m[38;2;244;244;245m[48;2;244;244;245m▀[0m[38;2;246;245;245m[48;2;245;244;244m▀[0m[38;2;246;245;245m[48;2;246;245;245m▀[0m[38;2;245;245;245m[48;2;245;245;245m▀[0m[38;2;244;244;245m[48;2;245;245;245m▀[0m[38;2;242;244;244m[48;2;244;244;244m▀[0m[38;2;244;244;244m[48;2;244;244;244m▀[0m[38;2;244;244;244m[48;2;243;245;243m▀[0m[38;2;245;245;245m[48;2;243;243;244m▀[0m[38;2;245;245;246m[48;2;244;244;245m▀[0m[38;2;244;244;244m[48;2;244;244;244m▀[0m[38;2;244;244;244m[48;2;244;243;244m▀[0m[38;2;247;244;247m[48;2;243;246;243m▀[0m[38;2;247;247;247m[48;2;247;247;247m▀[0m[38;2;224;224;224m[48;2;247;247;247m▀[0m[38;2;165;165;163m[48;2;206;206;203m▀[0m[38;2;208;208;209m[48;2;173;173;170m▀[0m[38;2;247;247;247m[48;2;247;247;247m▀[0m[38;2;245;245;245m[48;2;247;247;247m▀[0m[38;2;245;245;245m[48;2;245;245;245m▀[0m[38;2;245;245;245m[48;2;245;245;245m▀[0m[38;2;247;247;247m[48;2;244;243;244m▀[0m[38;2;247;247;247m[48;2;247;247;247m▀[0m[38;2;229;231;231m[48;2;180;186;183m▀[0m[38;2;171;173;174m[48;2;234;234;234m▀[0m[38;2;232;233;229m[48;2;247;247;247m▀[0m[38;2;244;247;247m[48;2;247;247;247m▀[0m[38;2;247;247;247m[48;2;245;246;242m▀[0m[38;2;244;246;247m[48;2;242;244;244m▀[0m[38;2;245;245;245m[48;2;245;245;245m▀[0m[38;2;245;245;245m[48;2;247;247;247m▀[0m[38;2;243;243;244m[48;2;246;246;246m▀[0m[38;2;244;244;245m[48;2;244;244;244m▀[0m[38;2;244;244;245m[48;2;244;243;244m▀[0m[38;2;244;244;245m[48;2;245;244;245m▀[0m[38;2;244;244;245m[48;2;245;245;245m▀[0m[38;2;244;244;244m[48;2;245;245;245m▀[0m[38;2;244;244;245m[48;2;246;245;246m▀[0m[38;2;244;244;244m[48;2;245;245;245m▀[0m[38;2;244;244;244m[48;2;244;244;244m▀[0m[38;2;243;243;244m[48;2;243;243;244m▀[0m[38;2;244;244;245m[48;2;244;244;244m▀[0m[38;2;244;244;244m[48;2;244;244;244m▀[0m[38;2;244;244;245m[48;2;244;244;244m▀[0m[38;2;245;244;245m[48;2;245;245;245m▀[0m[38;2;244;244;244m[48;2;245;245;246m▀[0m[38;2;244;244;244m[48;2;245;245;245m▀[0m[38;2;244;244;244m[48;2;245;245;245m▀[0m[38;2;245;244;245m[48;2;245;244;245m▀[0m[38;2;245;245;245m[48;2;243;243;244m▀[0m[38;2;244;244;244m[48;2;243;243;244m▀[0m[38;2;244;244;244m[48;2;243;243;244m▀[0m[38;2;244;244;244m[48;2;244;244;244m▀[0m[38;2;244;244;244m[48;2;244;244;244m▀[0m[38;2;247;247;247m[48;2;244;244;245m▀[0m[38;2;247;247;247m[48;2;244;244;244m▀[0m
[38;2;45;40;44m[48;2;6;7;3m▀[0m[38;2;173;173;173m[48;2;245;245;245m▀[0m[38;2;247;247;247m[48;2;247;247;247m▀[0m[38;2;247;247;247m[48;2;247;247;247m▀[0m[38;2;247;247;247m[48;2;245;245;245m▀[0m[38;2;244;244;244m[48;2;244;244;244m▀[0m[38;2;244;244;244m[48;2;245;244;245m▀[0m[38;2;245;244;245m[48;2;245;244;245m▀[0m[38;2;244;244;244m[48;2;244;244;244m▀[0m[38;2;244;244;244m[48;2;244;244;244m▀[0m[38;2;245;244;245m[48;2;244;244;244m▀[0m[38;2;244;244;244m[48;2;244;244;244m▀[0m[38;2;244;244;244m[48;2;244;244;244m▀[0m[38;2;245;245;246m[48;2;245;244;245m▀[0m[38;2;245;244;245m[48;2;245;244;245m▀[0m[38;2;245;245;245m[48;2;245;244;245m▀[0m[38;2;244;244;244m[48;2;245;245;245m▀[0m[38;2;244;244;244m[48;2;245;245;245m▀[0m[38;2;244;244;244m[48;2;245;245;245m▀[0m[38;2;244;244;244m[48;2;244;244;244m▀[0m[38;2;244;244;245m[48;2;244;244;245m▀[0m[38;2;244;244;244m[48;2;244;244;244m▀[0m[38;2;244;244;244m[48;2;244;244;244m▀[0m[38;2;243;243;243m[48;2;244;244;244m▀[0m[38;2;243;243;243m[48;2;242;244;244m▀[0m[38;2;244;244;244m[48;2;244;244;244m▀[0m[38;2;244;244;244m[48;2;244;244;244m▀[0m[38;2;244;244;244m[48;2;244;244;244m▀[0m[38;2;243;243;244m[48;2;245;244;245m▀[0m[38;2;245;245;245m[48;2;244;244;245m▀[0m[38;2;244;244;244m[48;2;244;244;245m▀[0m[38;2;244;244;244m[48;2;244;244;244m▀[0m[38;2;244;244;244m[48;2;244;244;244m▀[0m[38;2;243;243;247m[48;2;244;244;245m▀[0m[38;2;247;247;247m[48;2;243;246;243m▀[0m[38;2;247;247;247m[48;2;247;247;247m▀[0m[38;2;216;216;216m[48;2;239;239;240m▀[0m[38;2;222;222;222m[48;2;221;221;221m▀[0m[38;2;247;247;247m[48;2;247;247;247m▀[0m[38;2;243;243;243m[48;2;243;243;243m▀[0m[38;2;244;244;244m[48;2;244;244;244m▀[0m[38;2;247;247;247m[48;2;245;245;245m▀[0m[38;2;240;239;239m[48;2;243;243;243m▀[0m[38;2;192;194;194m[48;2;245;245;245m▀[0m[38;2;247;247;247m[48;2;247;247;247m▀[0m[38;2;247;247;247m[48;2;247;247;247m▀[0m[38;2;244;244;244m[48;2;244;244;244m▀[0m[38;2;244;244;244m[48;2;243;243;244m▀[0m[38;2;244;244;244m[48;2;244;244;244m▀[0m[38;2;245;245;245m[48;2;244;244;244m▀[0m[38;2;246;246;246m[48;2;244;244;244m▀[0m[38;2;246;246;246m[48;2;244;244;244m▀[0m[38;2;244;244;245m[48;2;244;244;244m▀[0m[38;2;244;244;245m[48;2;244;244;245m▀[0m[38;2;244;244;245m[48;2;245;244;245m▀[0m[38;2;244;244;244m[48;2;244;244;244m▀[0m[38;2;244;243;244m[48;2;244;244;244m▀[0m[38;2;244;244;244m[48;2;244;244;244m▀[0m[38;2;245;245;245m[48;2;244;243;244m▀[0m[38;2;244;244;244m[48;2;244;243;244m▀[0m[38;2;244;244;244m[48;2;244;244;245m▀[0m[38;2;244;244;244m[48;2;245;245;246m▀[0m[38;2;244;243;244m[48;2;244;244;244m▀[0m[38;2;244;244;245m[48;2;244;244;244m▀[0m[38;2;244;244;244m[48;2;244;243;244m▀[0m[38;2;244;244;244m[48;2;244;244;244m▀[0m[38;2;245;244;245m[48;2;244;244;244m▀[0m[38;2;244;244;245m[48;2;244;244;245m▀[0m[38;2;244;244;245m[48;2;245;244;245m▀[0m[38;2;243;243;244m[48;2;244;244;244m▀[0m[38;2;243;243;244m[48;2;244;244;244m▀[0m[38;2;243;243;243m[48;2;244;244;244m▀[0m[38;2;243;243;244m[48;2;244;244;244m▀[0m[38;2;244;244;244m[48;2;244;244;244m▀[0m[38;2;245;244;245m[48;2;245;245;245m▀[0m[38;2;244;244;244m[48;2;244;244;245m▀[0m
[38;2;4;4;2m[48;2;15;11;13m▀[0m[38;2;247;247;247m[48;2;247;247;247m▀[0m[38;2;247;247;247m[48;2;247;247;247m▀[0m[38;2;247;247;247m[48;2;247;247;247m▀[0m[38;2;245;245;246m[48;2;244;244;244m▀[0m[38;2;244;244;244m[48;2;244;244;244m▀[0m[38;2;245;245;245m[48;2;245;245;245m▀[0m[38;2;245;245;245m[48;2;244;244;245m▀[0m[38;2;243;243;244m[48;2;244;244;244m▀[0m[38;2;244;244;244m[48;2;245;244;245m▀[0m[38;2;244;244;244m[48;2;245;244;245m▀[0m[38;2;244;244;244m[48;2;244;244;245m▀[0m[38;2;244;244;245m[48;2;244;244;245m▀[0m[38;2;244;244;244m[48;2;244;244;244m▀[0m[38;2;244;244;244m[48;2;243;243;244m▀[0m[38;2;244;244;244m[48;2;243;243;244m▀[0m[38;2;245;245;245m[48;2;244;244;244m▀[0m[38;2;244;244;244m[48;2;247;247;247m▀[0m[38;2;244;244;244m[48;2;247;247;247m▀[0m[38;2;244;244;244m[48;2;247;247;247m▀[0m[38;2;244;244;244m[48;2;243;243;244m▀[0m[38;2;244;244;244m[48;2;244;244;245m▀[0m[38;2;244;244;245m[48;2;244;244;245m▀[0m[38;2;244;244;244m[48;2;244;244;244m▀[0m[38;2;243;243;244m[48;2;244;244;244m▀[0m[38;2;244;244;244m[48;2;244;244;244m▀[0m[38;2;244;244;244m[48;2;244;243;244m▀[0m[38;2;243;243;244m[48;2;244;243;244m▀[0m[38;2;244;244;244m[48;2;244;244;244m▀[0m[38;2;244;244;244m[48;2;244;244;245m▀[0m[38;2;245;244;245m[48;2;245;245;245m▀[0m[38;2;245;245;245m[48;2;245;245;245m▀[0m[38;2;246;245;246m[48;2;246;245;246m▀[0m[38;2;246;246;246m[48;2;246;245;246m▀[0m[38;2;246;245;246m[48;2;245;245;245m▀[0m[38;2;244;244;244m[48;2;244;244;244m▀[0m[38;2;243;243;243m[48;2;244;244;244m▀[0m[38;2;242;242;242m[48;2;245;245;245m▀[0m[38;2;245;245;245m[48;2;246;245;246m▀[0m[38;2;244;244;244m[48;2;244;244;244m▀[0m[38;2;244;244;244m[48;2;245;245;245m▀[0m[38;2;244;244;244m[48;2;246;245;246m▀[0m[38;2;243;245;245m[48;2;244;244;244m▀[0m[38;2;244;244;244m[48;2;244;244;245m▀[0m[38;2;244;243;243m[48;2;244;244;242m▀[0m[38;2;244;244;244m[48;2;244;244;244m▀[0m[38;2;244;244;244m[48;2;244;244;244m▀[0m[38;2;244;244;244m[48;2;244;244;245m▀[0m[38;2;244;243;244m[48;2;244;244;244m▀[0m[38;2;244;244;244m[48;2;244;244;244m▀[0m[38;2;244;244;244m[48;2;244;244;244m▀[0m[38;2;245;244;244m[48;2;245;245;245m▀[0m[38;2;244;244;244m[48;2;245;244;244m▀[0m[38;2;244;244;244m[48;2;244;244;244m▀[0m[38;2;245;245;245m[48;2;245;245;245m▀[0m[38;2;244;244;244m[48;2;245;245;245m▀[0m[38;2;244;244;244m[48;2;245;245;245m▀[0m[38;2;244;244;244m[48;2;244;244;244m▀[0m[38;2;244;244;244m[48;2;243;243;244m▀[0m[38;2;243;243;244m[48;2;245;242;246m▀[0m[38;2;244;244;245m[48;2;247;247;247m▀[0m[38;2;244;244;244m[48;2;246;246;246m▀[0m[38;2;244;244;244m[48;2;244;244;244m▀[0m[38;2;244;244;244m[48;2;244;244;244m▀[0m[38;2;245;244;245m[48;2;244;244;244m▀[0m[38;2;245;245;245m[48;2;245;244;245m▀[0m[38;2;244;244;244m[48;2;244;244;245m▀[0m[38;2;244;244;244m[48;2;244;244;244m▀[0m[38;2;244;244;244m[48;2;244;244;244m▀[0m[38;2;244;244;244m[48;2;244;244;244m▀[0m[38;2;244;244;244m[48;2;244;244;244m▀[0m[38;2;245;244;245m[48;2;244;244;244m▀[0m[38;2;245;245;245m[48;2;245;245;246m▀[0m[38;2;244;244;244m[48;2;245;245;245m▀[0m[38;2;244;244;245m[48;2;244;244;244m▀[0m[38;2;244;244;244m[48;2;244;244;244m▀[0m
[38;2;16;15;13m[48;2;56;56;53m▀[0m[38;2;247;247;247m[48;2;247;247;247m▀[0m[38;2;247;247;247m[48;2;247;247;247m▀[0m[38;2;247;247;247m[48;2;247;247;247m▀[0m[38;2;243;243;244m[48;2;244;244;245m▀[0m[38;2;244;244;244m[48;2;244;244;244m▀[0m[38;2;245;245;245m[48;2;245;245;246m▀[0m[38;2;244;244;245m[48;2;245;245;245m▀[0m[38;2;244;244;245m[48;2;244;244;245m▀[0m[38;2;244;244;245m[48;2;245;244;245m▀[0m[38;2;244;244;244m[48;2;245;244;244m▀[0m[38;2;244;244;245m[48;2;245;244;245m▀[0m[38;2;244;244;245m[48;2;245;244;245m▀[0m[38;2;244;244;245m[48;2;245;245;245m▀[0m[38;2;243;243;244m[48;2;244;244;245m▀[0m[38;2;244;244;244m[48;2;244;244;247m▀[0m[38;2;247;247;247m[48;2;247;247;247m▀[0m[38;2;247;247;247m[48;2;208;211;213m▀[0m[38;2;236;236;237m[48;2;196;196;197m▀[0m[38;2;239;239;239m[48;2;189;191;191m▀[0m[38;2;247;247;247m[48;2;207;210;209m▀[0m[38;2;246;246;246m[48;2;247;247;247m▀[0m[38;2;245;244;245m[48;2;243;246;246m▀[0m[38;2;245;244;244m[48;2;244;244;244m▀[0m[38;2;244;244;244m[48;2;244;244;244m▀[0m[38;2;244;244;244m[48;2;244;244;244m▀[0m[38;2;244;244;244m[48;2;244;244;245m▀[0m[38;2;244;243;244m[48;2;245;245;245m▀[0m[38;2;244;244;244m[48;2;244;244;244m▀[0m[38;2;244;244;244m[48;2;244;244;244m▀[0m[38;2;244;244;244m[48;2;244;244;244m▀[0m[38;2;244;244;244m[48;2;244;244;244m▀[0m[38;2;244;244;244m[48;2;244;244;244m▀[0m[38;2;246;245;246m[48;2;245;245;245m▀[0m[38;2;245;244;245m[48;2;245;245;245m▀[0m[38;2;244;244;244m[48;2;244;244;244m▀[0m[38;2;244;244;244m[48;2;244;244;244m▀[0m[38;2;245;245;245m[48;2;246;245;246m▀[0m[38;2;246;246;247m[48;2;246;245;246m▀[0m[38;2;246;246;246m[48;2;245;245;245m▀[0m[38;2;246;246;247m[48;2;245;245;245m▀[0m[38;2;245;245;246m[48;2;244;244;244m▀[0m[38;2;244;244;244m[48;2;244;244;244m▀[0m[38;2;245;244;245m[48;2;245;245;245m▀[0m[38;2;244;244;244m[48;2;245;245;245m▀[0m[38;2;244;244;244m[48;2;245;244;244m▀[0m[38;2;244;244;244m[48;2;244;244;244m▀[0m[38;2;244;243;244m[48;2;244;243;244m▀[0m[38;2;244;244;244m[48;2;244;244;244m▀[0m[38;2;244;244;244m[48;2;244;244;244m▀[0m[38;2;244;244;244m[48;2;244;244;244m▀[0m[38;2;245;244;245m[48;2;244;244;244m▀[0m[38;2;244;244;244m[48;2;244;244;244m▀[0m[38;2;244;244;244m[48;2;244;244;244m▀[0m[38;2;244;244;244m[48;2;244;244;244m▀[0m[38;2;244;244;244m[48;2;246;246;246m▀[0m[38;2;245;245;245m[48;2;247;247;247m▀[0m[38;2;245;242;246m[48;2;247;247;247m▀[0m[38;2;247;247;247m[48;2;228;228;226m▀[0m[38;2;247;247;247m[48;2;172;174;174m▀[0m[38;2;234;236;236m[48;2;176;178;178m▀[0m[38;2;247;247;247m[48;2;205;207;207m▀[0m[38;2;247;247;245m[48;2;247;247;247m▀[0m[38;2;244;244;244m[48;2;246;246;246m▀[0m[38;2;244;244;244m[48;2;244;244;244m▀[0m[38;2;244;244;244m[48;2;245;244;245m▀[0m[38;2;244;244;244m[48;2;245;244;245m▀[0m[38;2;244;244;244m[48;2;244;244;244m▀[0m[38;2;244;244;244m[48;2;244;244;244m▀[0m[38;2;244;244;244m[48;2;245;245;245m▀[0m[38;2;243;243;244m[48;2;244;244;244m▀[0m[38;2;244;244;244m[48;2;244;244;244m▀[0m[38;2;244;244;244m[48;2;244;244;244m▀[0m[38;2;244;244;244m[48;2;244;244;244m▀[0m[38;2;244;244;244m[48;2;245;245;245m▀[0m[38;2;244;244;244m[48;2;244;244;245m▀[0m
[38;2;90;91;87m[48;2;103;103;100m▀[0m[38;2;247;247;247m[48;2;247;247;247m▀[0m[38;2;247;247;247m[48;2;247;247;247m▀[0m[38;2;247;247;247m[48;2;247;247;247m▀[0m[38;2;244;244;245m[48;2;245;244;245m▀[0m[38;2;245;244;245m[48;2;245;244;245m▀[0m[38;2;245;245;245m[48;2;245;245;245m▀[0m[38;2;245;245;245m[48;2;245;245;245m▀[0m[38;2;244;244;244m[48;2;244;244;245m▀[0m[38;2;245;245;245m[48;2;245;245;245m▀[0m[38;2;246;245;246m[48;2;245;245;245m▀[0m[38;2;245;244;245m[48;2;244;244;244m▀[0m[38;2;246;245;246m[48;2;244;244;244m▀[0m[38;2;245;245;245m[48;2;244;244;244m▀[0m[38;2;245;245;245m[48;2;244;244;244m▀[0m[38;2;247;246;247m[48;2;246;246;246m▀[0m[38;2;247;247;244m[48;2;247;247;247m▀[0m[38;2;195;197;197m[48;2;199;202;202m▀[0m[38;2;247;247;247m[48;2;247;247;247m▀[0m[38;2;247;247;247m[48;2;247;247;247m▀[0m[38;2;197;197;197m[48;2;247;247;247m▀[0m[38;2;224;226;226m[48;2;209;209;209m▀[0m[38;2;247;247;247m[48;2;247;247;245m▀[0m[38;2;243;243;244m[48;2;246;246;246m▀[0m[38;2;245;244;245m[48;2;244;244;245m▀[0m[38;2;245;244;244m[48;2;244;244;244m▀[0m[38;2;244;244;245m[48;2;244;244;244m▀[0m[38;2;245;245;245m[48;2;244;244;244m▀[0m[38;2;245;244;245m[48;2;244;244;245m▀[0m[38;2;244;244;245m[48;2;244;244;244m▀[0m[38;2;244;244;244m[48;2;244;244;244m▀[0m[38;2;244;244;244m[48;2;244;244;244m▀[0m[38;2;244;244;244m[48;2;244;244;244m▀[0m[38;2;244;244;245m[48;2;245;244;245m▀[0m[38;2;244;244;245m[48;2;245;245;245m▀[0m[38;2;245;245;245m[48;2;245;245;245m▀[0m[38;2;244;244;244m[48;2;244;244;244m▀[0m[38;2;244;244;244m[48;2;243;243;243m▀[0m[38;2;247;247;247m[48;2;247;247;247m▀[0m[38;2;241;244;244m[48;2;216;216;213m▀[0m[38;2;239;241;241m[48;2;184;181;183m▀[0m[38;2;247;247;247m[48;2;247;247;247m▀[0m[38;2;244;244;244m[48;2;246;246;246m▀[0m[38;2;244;244;244m[48;2;245;245;245m▀[0m[38;2;245;244;245m[48;2;243;245;245m▀[0m[38;2;245;245;246m[48;2;245;245;245m▀[0m[38;2;245;245;245m[48;2;244;244;244m▀[0m[38;2;244;244;244m[48;2;244;244;244m▀[0m[38;2;244;244;245m[48;2;244;244;244m▀[0m[38;2;244;244;244m[48;2;244;244;244m▀[0m[38;2;244;244;244m[48;2;245;245;246m▀[0m[38;2;244;244;244m[48;2;245;245;245m▀[0m[38;2;244;244;244m[48;2;244;244;244m▀[0m[38;2;245;245;245m[48;2;244;244;244m▀[0m[38;2;244;244;244m[48;2;243;243;244m▀[0m[38;2;245;245;245m[48;2;247;247;247m▀[0m[38;2;247;247;247m[48;2;247;247;247m▀[0m[38;2;227;229;229m[48;2;196;196;197m▀[0m[38;2;181;184;183m[48;2;245;245;243m▀[0m[38;2;247;246;246m[48;2;247;247;247m▀[0m[38;2;247;247;247m[48;2;247;247;247m▀[0m[38;2;200;202;202m[48;2;217;217;219m▀[0m[38;2;230;230;230m[48;2;219;219;219m▀[0m[38;2;247;247;247m[48;2;247;247;247m▀[0m[38;2;244;244;244m[48;2;247;244;247m▀[0m[38;2;245;244;245m[48;2;247;246;247m▀[0m[38;2;245;244;245m[48;2;244;244;245m▀[0m[38;2;244;244;244m[48;2;244;244;245m▀[0m[38;2;245;244;245m[48;2;244;244;244m▀[0m[38;2;245;245;245m[48;2;244;244;244m▀[0m[38;2;244;244;244m[48;2;244;244;244m▀[0m[38;2;244;244;244m[48;2;245;245;245m▀[0m[38;2;244;243;244m[48;2;244;244;244m▀[0m[38;2;244;243;244m[48;2;244;244;244m▀[0m[38;2;245;244;244m[48;2;244;244;244m▀[0m[38;2;244;243;244m[48;2;244;244;244m▀[0m
[38;2;117;117;117m[48;2;147;144;144m▀[0m[38;2;245;245;245m[48;2;218;218;216m▀[0m[38;2;247;247;247m[48;2;247;247;247m▀[0m[38;2;247;247;247m[48;2;246;246;246m▀[0m[38;2;246;245;246m[48;2;245;245;245m▀[0m[38;2;244;244;245m[48;2;245;245;245m▀[0m[38;2;244;244;244m[48;2;245;244;244m▀[0m[38;2;245;245;245m[48;2;245;244;245m▀[0m[38;2;244;244;245m[48;2;244;244;245m▀[0m[38;2;245;244;245m[48;2;244;244;244m▀[0m[38;2;245;245;245m[48;2;244;244;244m▀[0m[38;2;244;244;244m[48;2;244;244;244m▀[0m[38;2;244;244;244m[48;2;244;244;244m▀[0m[38;2;243;243;244m[48;2;244;244;244m▀[0m[38;2;243;243;244m[48;2;244;243;244m▀[0m[38;2;244;244;244m[48;2;244;244;245m▀[0m[38;2;247;247;247m[48;2;247;247;247m▀[0m[38;2;203;203;205m[48;2;238;238;238m▀[0m[38;2;229;229;229m[48;2;191;191;191m▀[0m[38;2;247;247;247m[48;2;247;247;247m▀[0m[38;2;247;247;247m[48;2;247;247;247m▀[0m[38;2;214;214;214m[48;2;217;217;217m▀[0m[38;2;228;228;229m[48;2;216;219;219m▀[0m[38;2;247;247;247m[48;2;247;247;247m▀[0m[38;2;244;243;244m[48;2;244;244;244m▀[0m[38;2;244;244;245m[48;2;244;244;245m▀[0m[38;2;244;244;244m[48;2;244;244;244m▀[0m[38;2;244;244;244m[48;2;244;244;245m▀[0m[38;2;242;244;244m[48;2;247;247;247m▀[0m[38;2;244;244;244m[48;2;247;247;247m▀[0m[38;2;244;244;244m[48;2;247;247;247m▀[0m[38;2;244;244;244m[48;2;244;244;244m▀[0m[38;2;244;244;244m[48;2;244;244;244m▀[0m[38;2;244;244;244m[48;2;244;244;245m▀[0m[38;2;243;243;244m[48;2;244;244;244m▀[0m[38;2;244;244;244m[48;2;243;243;244m▀[0m[38;2;244;244;244m[48;2;244;244;244m▀[0m[38;2;243;243;247m[48;2;246;246;246m▀[0m[38;2;247;247;247m[48;2;247;247;247m▀[0m[38;2;217;219;219m[48;2;228;226;231m▀[0m[38;2;177;175;173m[48;2;176;173;175m▀[0m[38;2;247;247;247m[48;2;247;247;247m▀[0m[38;2;245;245;245m[48;2;245;245;245m▀[0m[38;2;245;244;245m[48;2;244;244;244m▀[0m[38;2;244;244;245m[48;2;244;244;245m▀[0m[38;2;245;245;245m[48;2;245;245;246m▀[0m[38;2;244;243;244m[48;2;244;244;244m▀[0m[38;2;244;244;244m[48;2;244;244;244m▀[0m[38;2;244;244;244m[48;2;244;244;244m▀[0m[38;2;244;244;244m[48;2;244;244;244m▀[0m[38;2;245;244;245m[48;2;244;244;244m▀[0m[38;2;244;244;245m[48;2;244;244;244m▀[0m[38;2;245;244;245m[48;2;244;244;244m▀[0m[38;2;244;244;245m[48;2;244;244;244m▀[0m[38;2;243;243;244m[48;2;243;243;244m▀[0m[38;2;247;247;247m[48;2;247;247;247m▀[0m[38;2;231;231;231m[48;2;221;224;218m▀[0m[38;2;207;210;210m[48;2;199;202;199m▀[0m[38;2;247;247;247m[48;2;247;247;247m▀[0m[38;2;246;246;247m[48;2;247;247;247m▀[0m[38;2;247;247;247m[48;2;237;237;237m▀[0m[38;2;197;200;200m[48;2;211;214;214m▀[0m[38;2;238;238;236m[48;2;247;247;247m▀[0m[38;2;247;247;247m[48;2;244;244;244m▀[0m[38;2;244;244;245m[48;2;244;244;244m▀[0m[38;2;246;246;246m[48;2;244;244;245m▀[0m[38;2;246;245;246m[48;2;245;245;246m▀[0m[38;2;244;244;245m[48;2;245;245;245m▀[0m[38;2;244;244;244m[48;2;244;244;244m▀[0m[38;2;244;244;244m[48;2;244;244;244m▀[0m[38;2;246;246;246m[48;2;244;244;245m▀[0m[38;2;246;245;245m[48;2;244;244;245m▀[0m[38;2;245;244;244m[48;2;244;244;244m▀[0m[38;2;245;244;244m[48;2;244;244;244m▀[0m[38;2;244;244;244m[48;2;244;244;245m▀[0m[38;2;244;244;244m[48;2;244;243;244m▀[0m
[38;2;180;180;181m[48;2;212;216;212m▀[0m[38;2;186;189;185m[48;2;154;154;152m▀[0m[38;2;247;247;247m[48;2;247;247;247m▀[0m[38;2;247;244;244m[48;2;247;247;247m▀[0m[38;2;245;244;244m[48;2;244;244;247m▀[0m[38;2;244;244;245m[48;2;245;245;245m▀[0m[38;2;244;244;244m[48;2;245;245;245m▀[0m[38;2;245;244;244m[48;2;245;245;246m▀[0m[38;2;244;244;244m[48;2;244;244;244m▀[0m[38;2;244;244;244m[48;2;244;244;244m▀[0m[38;2;244;244;244m[48;2;244;244;244m▀[0m[38;2;244;244;244m[48;2;244;244;244m▀[0m[38;2;243;245;245m[48;2;244;244;244m▀[0m[38;2;244;244;244m[48;2;244;244;244m▀[0m[38;2;244;244;244m[48;2;244;244;244m▀[0m[38;2;244;244;245m[48;2;244;244;244m▀[0m[38;2;244;244;244m[48;2;244;244;244m▀[0m[38;2;247;247;247m[48;2;247;247;247m▀[0m[38;2;232;232;234m[48;2;247;247;247m▀[0m[38;2;228;228;228m[48;2;246;246;247m▀[0m[38;2;229;229;229m[48;2;208;208;208m▀[0m[38;2;194;194;191m[48;2;222;222;222m▀[0m[38;2;236;236;236m[48;2;247;247;247m▀[0m[38;2;247;247;247m[48;2;243;243;244m▀[0m[38;2;245;245;245m[48;2;244;244;244m▀[0m[38;2;244;244;245m[48;2;244;244;245m▀[0m[38;2;244;244;245m[48;2;243;243;243m▀[0m[38;2;241;243;241m[48;2;247;247;247m▀[0m[38;2;220;223;219m[48;2;207;211;205m▀[0m[38;2;247;247;247m[48;2;207;208;204m▀[0m[38;2;247;247;247m[48;2;247;247;247m▀[0m[38;2;247;247;247m[48;2;243;243;243m▀[0m[38;2;244;244;244m[48;2;247;247;247m▀[0m[38;2;244;244;244m[48;2;244;244;244m▀[0m[38;2;245;245;245m[48;2;246;245;246m▀[0m[38;2;244;244;244m[48;2;245;244;245m▀[0m[38;2;244;244;244m[48;2;244;243;244m▀[0m[38;2;243;243;244m[48;2;244;243;244m▀[0m[38;2;247;247;247m[48;2;247;247;247m▀[0m[38;2;230;233;232m[48;2;231;235;234m▀[0m[38;2;182;182;182m[48;2;186;192;192m▀[0m[38;2;247;247;247m[48;2;247;247;247m▀[0m[38;2;245;245;245m[48;2;243;243;243m▀[0m[38;2;244;244;244m[48;2;245;245;245m▀[0m[38;2;245;244;245m[48;2;245;244;245m▀[0m[38;2;244;244;245m[48;2;244;244;245m▀[0m[38;2;244;244;245m[48;2;244;244;245m▀[0m[38;2;245;244;245m[48;2;244;244;245m▀[0m[38;2;244;244;244m[48;2;246;245;246m▀[0m[38;2;244;244;244m[48;2;246;245;245m▀[0m[38;2;244;244;244m[48;2;245;245;245m▀[0m[38;2;244;244;244m[48;2;245;245;245m▀[0m[38;2;243;243;244m[48;2;244;244;244m▀[0m[38;2;244;244;244m[48;2;244;244;244m▀[0m[38;2;244;244;244m[48;2;245;245;245m▀[0m[38;2;247;246;247m[48;2;247;243;247m▀[0m[38;2;244;243;244m[48;2;247;247;247m▀[0m[38;2;188;188;188m[48;2;247;247;247m▀[0m[38;2;206;209;206m[48;2;223;223;223m▀[0m[38;2;214;217;214m[48;2;233;232;232m▀[0m[38;2;242;244;244m[48;2;247;247;247m▀[0m[38;2;247;247;247m[48;2;244;244;244m▀[0m[38;2;244;244;244m[48;2;244;244;244m▀[0m[38;2;243;243;244m[48;2;244;244;244m▀[0m[38;2;244;244;245m[48;2;245;245;245m▀[0m[38;2;245;245;245m[48;2;244;244;244m▀[0m[38;2;244;244;244m[48;2;244;244;244m▀[0m[38;2;244;244;244m[48;2;244;244;244m▀[0m[38;2;245;244;245m[48;2;244;244;244m▀[0m[38;2;244;244;244m[48;2;244;244;244m▀[0m[38;2;244;244;244m[48;2;245;242;242m▀[0m[38;2;245;245;245m[48;2;246;243;243m▀[0m[38;2;245;244;245m[48;2;245;242;244m▀[0m[38;2;244;244;244m[48;2;244;244;245m▀[0m[38;2;245;244;245m[48;2;246;245;246m▀[0m[38;2;245;245;245m[48;2;244;244;245m▀[0m
[38;2;247;247;247m[48;2;247;247;247m▀[0m[38;2;134;137;136m[48;2;146;146;146m▀[0m[38;2;247;247;247m[48;2;231;231;231m▀[0m[38;2;247;247;247m[48;2;247;247;247m▀[0m[38;2;247;247;247m[48;2;247;247;247m▀[0m[38;2;244;244;244m[48;2;244;244;244m▀[0m[38;2;244;244;245m[48;2;244;244;244m▀[0m[38;2;245;244;245m[48;2;244;244;244m▀[0m[38;2;244;244;244m[48;2;244;244;244m▀[0m[38;2;244;244;244m[48;2;245;245;246m▀[0m[38;2;244;244;244m[48;2;244;244;244m▀[0m[38;2;244;244;244m[48;2;245;244;245m▀[0m[38;2;245;244;245m[48;2;245;245;246m▀[0m[38;2;244;244;244m[48;2;245;245;245m▀[0m[38;2;244;244;244m[48;2;246;245;246m▀[0m[38;2;244;244;244m[48;2;245;244;245m▀[0m[38;2;244;244;244m[48;2;245;245;245m▀[0m[38;2;247;244;246m[48;2;245;244;245m▀[0m[38;2;245;245;247m[48;2;242;244;244m▀[0m[38;2;246;246;243m[48;2;242;244;244m▀[0m[38;2;247;247;247m[48;2;244;244;245m▀[0m[38;2;247;247;247m[48;2;244;244;244m▀[0m[38;2;243;243;244m[48;2;244;244;244m▀[0m[38;2;244;244;244m[48;2;244;244;244m▀[0m[38;2;243;243;244m[48;2;244;244;244m▀[0m[38;2;243;243;244m[48;2;242;244;244m▀[0m[38;2;244;244;244m[48;2;243;243;244m▀[0m[38;2;247;247;247m[48;2;247;247;247m▀[0m[38;2;247;247;247m[48;2;247;247;247m▀[0m[38;2;181;180;178m[48;2;200;202;200m▀[0m[38;2;234;233;234m[48;2;179;179;176m▀[0m[38;2;197;200;197m[48;2;144;144;144m▀[0m[38;2;247;247;247m[48;2;247;247;247m▀[0m[38;2;247;244;247m[48;2;247;247;247m▀[0m[38;2;245;245;246m[48;2;245;245;245m▀[0m[38;2;245;244;245m[48;2;245;245;245m▀[0m[38;2;244;244;244m[48;2;244;244;244m▀[0m[38;2;244;244;244m[48;2;244;244;244m▀[0m[38;2;247;247;247m[48;2;247;247;247m▀[0m[38;2;236;235;235m[48;2;236;234;231m▀[0m[38;2;197;197;197m[48;2;205;198;202m▀[0m[38;2;247;247;247m[48;2;247;247;247m▀[0m[38;2;244;244;244m[48;2;244;243;244m▀[0m[38;2;245;245;245m[48;2;245;245;245m▀[0m[38;2;245;245;245m[48;2;245;245;245m▀[0m[38;2;244;244;244m[48;2;244;244;244m▀[0m[38;2;244;244;245m[48;2;245;244;244m▀[0m[38;2;244;244;244m[48;2;244;244;244m▀[0m[38;2;245;245;246m[48;2;245;245;245m▀[0m[38;2;245;245;245m[48;2;245;245;245m▀[0m[38;2;245;244;245m[48;2;244;244;244m▀[0m[38;2;244;244;245m[48;2;244;244;244m▀[0m[38;2;244;244;244m[48;2;244;244;245m▀[0m[38;2;244;244;244m[48;2;244;244;245m▀[0m[38;2;245;245;245m[48;2;244;244;244m▀[0m[38;2;245;244;244m[48;2;244;244;244m▀[0m[38;2;244;244;244m[48;2;244;244;244m▀[0m[38;2;247;247;247m[48;2;244;244;245m▀[0m[38;2;247;247;247m[48;2;244;244;244m▀[0m[38;2;247;247;247m[48;2;244;244;244m▀[0m[38;2;244;244;244m[48;2;245;245;246m▀[0m[38;2;244;244;244m[48;2;244;244;244m▀[0m[38;2;244;244;244m[48;2;244;244;244m▀[0m[38;2;244;244;245m[48;2;244;244;244m▀[0m[38;2;245;245;246m[48;2;244;244;245m▀[0m[38;2;244;244;245m[48;2;244;244;244m▀[0m[38;2;245;245;245m[48;2;245;244;245m▀[0m[38;2;244;244;245m[48;2;244;243;244m▀[0m[38;2;244;243;244m[48;2;244;244;244m▀[0m[38;2;244;244;244m[48;2;244;244;244m▀[0m[38;2;245;245;245m[48;2;245;244;244m▀[0m[38;2;244;244;244m[48;2;244;244;244m▀[0m[38;2;244;244;244m[48;2;244;244;244m▀[0m[38;2;244;244;244m[48;2;245;245;245m▀[0m[38;2;245;245;246m[48;2;245;245;245m▀[0m[38;2;244;244;245m[48;2;245;245;245m▀[0m
[38;2;247;247;247m[48;2;200;203;208m▀[0m[38;2;186;189;186m[48;2;226;229;226m▀[0m[38;2;198;198;198m[48;2;124;127;124m▀[0m[38;2;247;247;247m[48;2;247;247;247m▀[0m[38;2;247;246;247m[48;2;247;247;247m▀[0m[38;2;244;244;244m[48;2;247;246;247m▀[0m[38;2;244;244;244m[48;2;244;243;244m▀[0m[38;2;244;244;244m[48;2;244;243;244m▀[0m[38;2;245;244;245m[48;2;245;245;245m▀[0m[38;2;245;245;245m[48;2;245;245;245m▀[0m[38;2;245;245;245m[48;2;244;244;244m▀[0m[38;2;246;245;245m[48;2;244;244;244m▀[0m[38;2;244;244;244m[48;2;244;244;244m▀[0m[38;2;244;244;244m[48;2;244;244;244m▀[0m[38;2;245;245;245m[48;2;244;244;244m▀[0m[38;2;244;244;244m[48;2;244;244;244m▀[0m[38;2;244;244;244m[48;2;244;244;244m▀[0m[38;2;244;244;244m[48;2;244;244;244m▀[0m[38;2;242;244;244m[48;2;244;244;244m▀[0m[38;2;242;244;244m[48;2;244;244;244m▀[0m[38;2;244;244;244m[48;2;244;244;244m▀[0m[38;2;245;244;245m[48;2;244;244;245m▀[0m[38;2;244;244;245m[48;2;245;244;245m▀[0m[38;2;244;244;244m[48;2;245;244;245m▀[0m[38;2;244;244;244m[48;2;245;244;245m▀[0m[38;2;244;244;245m[48;2;244;244;244m▀[0m[38;2;243;243;244m[48;2;244;244;244m▀[0m[38;2;247;243;247m[48;2;244;244;244m▀[0m[38;2;247;247;247m[48;2;245;247;247m▀[0m[38;2;247;247;247m[48;2;247;247;247m▀[0m[38;2;158;158;158m[48;2;247;247;247m▀[0m[38;2;176;176;176m[48;2;247;247;247m▀[0m[38;2;247;247;247m[48;2;247;247;247m▀[0m[38;2;245;245;245m[48;2;244;244;244m▀[0m[38;2;245;245;243m[48;2;244;244;244m▀[0m[38;2;245;245;245m[48;2;245;245;245m▀[0m[38;2;245;245;245m[48;2;247;247;247m▀[0m[38;2;244;244;244m[48;2;245;245;245m▀[0m[38;2;247;247;247m[48;2;247;247;247m▀[0m[38;2;236;236;236m[48;2;230;233;233m▀[0m[38;2;200;202;203m[48;2;203;206;206m▀[0m[38;2;247;247;247m[48;2;247;247;247m▀[0m[38;2;244;243;244m[48;2;244;244;244m▀[0m[38;2;245;244;244m[48;2;244;244;245m▀[0m[38;2;244;244;244m[48;2;243;243;243m▀[0m[38;2;244;244;244m[48;2;244;244;244m▀[0m[38;2;245;245;245m[48;2;244;244;244m▀[0m[38;2;244;244;244m[48;2;244;243;244m▀[0m[38;2;245;244;244m[48;2;247;246;246m▀[0m[38;2;244;244;244m[48;2;247;247;247m▀[0m[38;2;246;246;246m[48;2;247;247;247m▀[0m[38;2;247;247;247m[48;2;247;247;247m▀[0m[38;2;245;245;245m[48;2;247;247;247m▀[0m[38;2;247;247;247m[48;2;247;247;247m▀[0m[38;2;244;244;244m[48;2;244;244;244m▀[0m[38;2;244;244;244m[48;2;245;244;245m▀[0m[38;2;245;245;245m[48;2;245;245;245m▀[0m[38;2;245;245;246m[48;2;245;245;245m▀[0m[38;2;245;245;246m[48;2;245;244;245m▀[0m[38;2;244;244;244m[48;2;244;244;244m▀[0m[38;2;245;245;246m[48;2;244;244;244m▀[0m[38;2;244;244;245m[48;2;244;244;245m▀[0m[38;2;244;244;244m[48;2;244;244;244m▀[0m[38;2;244;244;244m[48;2;244;244;244m▀[0m[38;2;244;244;244m[48;2;244;244;244m▀[0m[38;2;244;244;244m[48;2;244;244;244m▀[0m[38;2;245;244;245m[48;2;245;244;245m▀[0m[38;2;245;244;245m[48;2;245;245;245m▀[0m[38;2;244;243;244m[48;2;244;244;244m▀[0m[38;2;244;244;244m[48;2;244;244;244m▀[0m[38;2;244;244;244m[48;2;244;244;244m▀[0m[38;2;244;244;244m[48;2;244;244;244m▀[0m[38;2;244;244;244m[48;2;244;244;244m▀[0m[38;2;244;244;245m[48;2;244;244;244m▀[0m[38;2;245;244;244m[48;2;244;244;244m▀[0m[38;2;244;244;245m[48;2;243;243;244m▀[0m
[38;2;192;194;194m[48;2;195;194;196m▀[0m[38;2;247;247;247m[48;2;247;247;247m▀[0m[38;2;85;88;85m[48;2;181;181;181m▀[0m[38;2;229;228;229m[48;2;77;77;74m▀[0m[38;2;247;247;247m[48;2;247;247;247m▀[0m[38;2;247;247;247m[48;2;247;247;247m▀[0m[38;2;246;246;246m[48;2;247;247;247m▀[0m[38;2;243;243;244m[48;2;244;244;244m▀[0m[38;2;244;244;244m[48;2;245;244;245m▀[0m[38;2;245;245;245m[48;2;245;245;245m▀[0m[38;2;244;244;244m[48;2;245;245;245m▀[0m[38;2;244;243;243m[48;2;244;244;244m▀[0m[38;2;244;243;244m[48;2;244;243;244m▀[0m[38;2;245;244;245m[48;2;244;244;244m▀[0m[38;2;244;244;244m[48;2;244;244;244m▀[0m[38;2;244;244;244m[48;2;244;244;244m▀[0m[38;2;244;244;244m[48;2;244;244;244m▀[0m[38;2;244;244;244m[48;2;244;244;244m▀[0m[38;2;244;244;244m[48;2;244;244;244m▀[0m[38;2;244;244;244m[48;2;244;244;244m▀[0m[38;2;244;244;244m[48;2;244;244;244m▀[0m[38;2;244;244;244m[48;2;244;244;245m▀[0m[38;2;244;244;244m[48;2;244;244;245m▀[0m[38;2;245;245;245m[48;2;245;245;245m▀[0m[38;2;246;245;246m[48;2;244;244;244m▀[0m[38;2;245;244;244m[48;2;244;244;244m▀[0m[38;2;244;244;244m[48;2;245;245;245m▀[0m[38;2;245;244;245m[48;2;245;245;246m▀[0m[38;2;245;244;245m[48;2;245;244;245m▀[0m[38;2;243;246;243m[48;2;245;244;245m▀[0m[38;2;243;243;243m[48;2;244;244;244m▀[0m[38;2;243;243;243m[48;2;244;244;244m▀[0m[38;2;244;244;244m[48;2;244;244;244m▀[0m[38;2;244;244;244m[48;2;244;244;244m▀[0m[38;2;244;244;244m[48;2;244;244;244m▀[0m[38;2;245;245;245m[48;2;244;244;244m▀[0m[38;2;245;245;245m[48;2;245;244;245m▀[0m[38;2;244;244;245m[48;2;244;244;245m▀[0m[38;2;247;247;247m[48;2;246;246;246m▀[0m[38;2;239;239;239m[48;2;231;231;231m▀[0m[38;2;221;221;223m[48;2;247;247;247m▀[0m[38;2;247;247;247m[48;2;247;247;247m▀[0m[38;2;244;244;244m[48;2;247;243;243m▀[0m[38;2;244;244;244m[48;2;244;244;244m▀[0m[38;2;244;243;244m[48;2;244;244;244m▀[0m[38;2;244;244;244m[48;2;244;244;244m▀[0m[38;2;243;243;243m[48;2;244;243;244m▀[0m[38;2;243;243;243m[48;2;243;243;244m▀[0m[38;2;247;247;247m[48;2;247;247;247m▀[0m[38;2;247;247;247m[48;2;230;234;234m▀[0m[38;2;173;177;178m[48;2;236;238;239m▀[0m[38;2;91;91;88m[48;2;123;120;120m▀[0m[38;2;201;200;195m[48;2;174;173;168m▀[0m[38;2;247;247;247m[48;2;247;247;247m▀[0m[38;2;242;245;242m[48;2;245;241;245m▀[0m[38;2;245;244;245m[48;2;245;245;245m▀[0m[38;2;245;245;245m[48;2;245;244;244m▀[0m[38;2;244;244;244m[48;2;244;244;244m▀[0m[38;2;245;244;245m[48;2;245;245;245m▀[0m[38;2;244;244;245m[48;2;245;245;245m▀[0m[38;2;244;244;245m[48;2;244;244;244m▀[0m[38;2;244;244;245m[48;2;245;244;244m▀[0m[38;2;245;245;245m[48;2;245;244;244m▀[0m[38;2;244;244;245m[48;2;244;244;244m▀[0m[38;2;245;244;245m[48;2;245;245;245m▀[0m[38;2;244;244;244m[48;2;245;245;245m▀[0m[38;2;244;244;244m[48;2;244;244;244m▀[0m[38;2;244;244;244m[48;2;244;244;244m▀[0m[38;2;244;244;244m[48;2;244;244;244m▀[0m[38;2;245;244;245m[48;2;245;245;245m▀[0m[38;2;244;244;244m[48;2;245;244;245m▀[0m[38;2;244;243;244m[48;2;244;243;244m▀[0m[38;2;244;243;244m[48;2;243;243;244m▀[0m[38;2;244;244;244m[48;2;246;246;246m▀[0m[38;2;244;244;244m[48;2;247;247;247m▀[0m[38;2;244;244;244m[48;2;247;247;247m▀[0m
[38;2;222;225;222m[48;2;213;213;213m▀[0m[38;2;227;226;226m[48;2;140;142;142m▀[0m[38;2;247;247;247m[48;2;247;247;247m▀[0m[38;2;0;0;0m[48;2;176;172;174m▀[0m[38;2;232;232;232m[48;2;0;0;0m▀[0m[38;2;247;247;247m[48;2;247;247;247m▀[0m[38;2;247;247;247m[48;2;247;247;247m▀[0m[38;2;247;247;247m[48;2;247;247;247m▀[0m[38;2;244;244;245m[48;2;247;247;247m▀[0m[38;2;245;245;245m[48;2;246;246;243m▀[0m[38;2;244;244;244m[48;2;244;244;244m▀[0m[38;2;244;244;244m[48;2;244;244;244m▀[0m[38;2;244;244;244m[48;2;244;244;244m▀[0m[38;2;244;244;245m[48;2;244;244;245m▀[0m[38;2;244;244;244m[48;2;244;244;245m▀[0m[38;2;244;244;244m[48;2;244;244;244m▀[0m[38;2;244;244;244m[48;2;244;244;245m▀[0m[38;2;243;243;244m[48;2;244;244;245m▀[0m[38;2;244;244;244m[48;2;244;244;244m▀[0m[38;2;244;244;244m[48;2;244;244;244m▀[0m[38;2;245;245;245m[48;2;246;245;246m▀[0m[38;2;246;246;246m[48;2;246;246;246m▀[0m[38;2;246;246;246m[48;2;245;245;246m▀[0m[38;2;245;245;245m[48;2;245;245;245m▀[0m[38;2;244;244;244m[48;2;245;245;245m▀[0m[38;2;244;244;244m[48;2;244;244;244m▀[0m[38;2;245;244;245m[48;2;244;244;244m▀[0m[38;2;244;244;245m[48;2;245;245;245m▀[0m[38;2;245;245;246m[48;2;245;245;246m▀[0m[38;2;245;244;245m[48;2;245;245;246m▀[0m[38;2;244;244;244m[48;2;244;244;244m▀[0m[38;2;244;244;245m[48;2;244;244;244m▀[0m[38;2;245;245;245m[48;2;244;244;244m▀[0m[38;2;245;245;246m[48;2;244;244;245m▀[0m[38;2;244;244;245m[48;2;244;244;244m▀[0m[38;2;244;244;244m[48;2;244;244;244m▀[0m[38;2;244;244;245m[48;2;246;246;243m▀[0m[38;2;247;247;247m[48;2;247;247;247m▀[0m[38;2;241;241;238m[48;2;226;230;227m▀[0m[38;2;204;204;205m[48;2;211;217;216m▀[0m[38;2;247;247;247m[48;2;227;229;227m▀[0m[38;2;247;247;247m[48;2;207;210;206m▀[0m[38;2;247;247;247m[48;2;247;247;247m▀[0m[38;2;245;245;245m[48;2;247;247;247m▀[0m[38;2;244;244;244m[48;2;244;244;244m▀[0m[38;2;243;243;244m[48;2;244;244;244m▀[0m[38;2;244;244;245m[48;2;244;244;245m▀[0m[38;2;246;242;246m[48;2;246;246;247m▀[0m[38;2;247;247;247m[48;2;247;247;247m▀[0m[38;2;247;247;247m[48;2;206;205;206m▀[0m[38;2;183;185;183m[48;2;168;168;165m▀[0m[38;2;136;139;136m[48;2;247;247;247m▀[0m[38;2;247;247;247m[48;2;247;247;247m▀[0m[38;2;247;247;247m[48;2;247;247;247m▀[0m[38;2;247;247;247m[48;2;245;244;245m▀[0m[38;2;245;244;245m[48;2;244;244;244m▀[0m[38;2;245;244;244m[48;2;244;244;244m▀[0m[38;2;245;244;244m[48;2;244;244;244m▀[0m[38;2;246;245;245m[48;2;246;246;246m▀[0m[38;2;245;244;245m[48;2;244;244;245m▀[0m[38;2;244;244;244m[48;2;244;244;244m▀[0m[38;2;245;244;244m[48;2;244;244;244m▀[0m[38;2;244;244;244m[48;2;244;244;244m▀[0m[38;2;244;244;244m[48;2;244;244;244m▀[0m[38;2;245;245;245m[48;2;245;245;245m▀[0m[38;2;245;245;245m[48;2;244;244;244m▀[0m[38;2;245;244;245m[48;2;244;244;244m▀[0m[38;2;244;244;244m[48;2;244;244;245m▀[0m[38;2;243;243;244m[48;2;244;244;244m▀[0m[38;2;244;244;244m[48;2;244;244;244m▀[0m[38;2;244;244;244m[48;2;244;243;244m▀[0m[38;2;244;243;244m[48;2;247;247;247m▀[0m[38;2;247;247;247m[48;2;247;247;247m▀[0m[38;2;247;247;247m[48;2;247;247;247m▀[0m[38;2;247;247;247m[48;2;247;247;247m▀[0m[38;2;247;247;247m[48;2;150;152;152m▀[0m
[38;2;247;247;247m[48;2;247;247;247m▀[0m[38;2;160;160;161m[48;2;247;247;247m▀[0m[38;2;86;89;91m[48;2;153;156;156m▀[0m[38;2;247;247;247m[48;2;93;96;97m▀[0m[38;2;30;31;27m[48;2;236;236;233m▀[0m[38;2;61;61;58m[48;2;0;0;0m▀[0m[38;2;247;247;247m[48;2;61;64;64m▀[0m[38;2;247;247;247m[48;2;247;247;247m▀[0m[38;2;247;247;247m[48;2;247;247;247m▀[0m[38;2;247;247;247m[48;2;247;247;247m▀[0m[38;2;247;247;247m[48;2;247;247;247m▀[0m[38;2;244;244;244m[48;2;247;247;247m▀[0m[38;2;244;244;244m[48;2;247;247;247m▀[0m[38;2;244;244;244m[48;2;244;244;244m▀[0m[38;2;244;244;244m[48;2;244;244;245m▀[0m[38;2;244;244;244m[48;2;245;245;245m▀[0m[38;2;244;244;244m[48;2;244;244;244m▀[0m[38;2;244;244;244m[48;2;244;244;244m▀[0m[38;2;244;244;244m[48;2;244;244;244m▀[0m[38;2;244;244;245m[48;2;244;244;244m▀[0m[38;2;246;245;246m[48;2;245;245;245m▀[0m[38;2;245;244;244m[48;2;245;244;245m▀[0m[38;2;244;244;244m[48;2;244;244;244m▀[0m[38;2;245;244;245m[48;2;244;243;244m▀[0m[38;2;244;244;244m[48;2;244;244;244m▀[0m[38;2;244;244;244m[48;2;244;244;244m▀[0m[38;2;244;244;244m[48;2;244;244;244m▀[0m[38;2;244;244;244m[48;2;244;244;244m▀[0m[38;2;244;243;244m[48;2;245;244;245m▀[0m[38;2;244;244;244m[48;2;245;244;245m▀[0m[38;2;244;243;244m[48;2;244;244;244m▀[0m[38;2;244;244;244m[48;2;244;244;244m▀[0m[38;2;244;244;244m[48;2;244;244;244m▀[0m[38;2;244;244;244m[48;2;244;243;244m▀[0m[38;2;244;244;245m[48;2;244;244;245m▀[0m[38;2;244;244;244m[48;2;246;246;247m▀[0m[38;2;246;246;244m[48;2;247;247;247m▀[0m[38;2;247;247;247m[48;2;247;247;247m▀[0m[38;2;187;191;194m[48;2;131;138;142m▀[0m[38;2;217;219;221m[48;2;244;246;246m▀[0m[38;2;228;230;228m[48;2;247;247;247m▀[0m[38;2;153;153;154m[48;2;121;124;123m▀[0m[38;2;247;247;247m[48;2;247;247;247m▀[0m[38;2;247;247;247m[48;2;247;247;247m▀[0m[38;2;244;244;244m[48;2;247;247;247m▀[0m[38;2;243;243;244m[48;2;244;244;244m▀[0m[38;2;246;242;244m[48;2;245;245;242m▀[0m[38;2;247;247;247m[48;2;247;247;247m▀[0m[38;2;243;243;243m[48;2;192;192;192m▀[0m[38;2;164;166;164m[48;2;208;207;207m▀[0m[38;2;247;247;247m[48;2;247;247;247m▀[0m[38;2;247;247;247m[48;2;247;247;247m▀[0m[38;2;247;247;247m[48;2;244;244;244m▀[0m[38;2;244;244;247m[48;2;244;244;244m▀[0m[38;2;244;244;244m[48;2;244;244;244m▀[0m[38;2;244;244;244m[48;2;245;244;245m▀[0m[38;2;245;244;245m[48;2;245;245;245m▀[0m[38;2;244;244;244m[48;2;244;244;244m▀[0m[38;2;245;245;245m[48;2;244;244;245m▀[0m[38;2;244;244;244m[48;2;244;244;245m▀[0m[38;2;244;244;244m[48;2;244;244;244m▀[0m[38;2;244;244;244m[48;2;244;243;244m▀[0m[38;2;244;244;244m[48;2;243;243;244m▀[0m[38;2;244;243;244m[48;2;243;243;244m▀[0m[38;2;244;244;244m[48;2;244;244;245m▀[0m[38;2;244;244;244m[48;2;245;245;245m▀[0m[38;2;244;244;244m[48;2;246;246;246m▀[0m[38;2;244;243;244m[48;2;247;244;247m▀[0m[38;2;244;244;244m[48;2;247;247;247m▀[0m[38;2;247;246;247m[48;2;247;247;247m▀[0m[38;2;247;247;247m[48;2;247;247;247m▀[0m[38;2;247;247;247m[48;2;247;247;247m▀[0m[38;2;247;247;247m[48;2;247;247;247m▀[0m[38;2;247;247;247m[48;2;153;156;155m▀[0m[38;2;165;169;166m[48;2;0;0;0m▀[0m[38;2;0;0;0m[48;2;197;195;198m▀[0m
[38;2;247;247;247m[48;2;247;246;247m▀[0m[38;2;247;247;247m[48;2;247;247;247m▀[0m[38;2;247;247;247m[48;2;247;247;247m▀[0m[38;2;197;197;197m[48;2;247;247;247m▀[0m[38;2;171;173;174m[48;2;247;247;247m▀[0m[38;2;134;134;129m[48;2;247;247;247m▀[0m[38;2;0;0;0m[48;2;238;236;231m▀[0m[38;2;0;0;0m[48;2;82;85;77m▀[0m[38;2;142;142;144m[48;2;0;0;0m▀[0m[38;2;247;247;247m[48;2;30;34;28m▀[0m[38;2;247;247;247m[48;2;142;145;142m▀[0m[38;2;247;247;247m[48;2;196;196;194m▀[0m[38;2;247;247;247m[48;2;247;247;245m▀[0m[38;2;247;247;247m[48;2;247;247;247m▀[0m[38;2;247;247;247m[48;2;247;247;247m▀[0m[38;2;247;247;247m[48;2;247;247;247m▀[0m[38;2;245;244;245m[48;2;244;246;246m▀[0m[38;2;244;244;244m[48;2;247;247;245m▀[0m[38;2;244;244;244m[48;2;244;244;244m▀[0m[38;2;244;244;244m[48;2;244;244;244m▀[0m[38;2;245;245;245m[48;2;245;245;245m▀[0m[38;2;244;244;245m[48;2;244;244;244m▀[0m[38;2;244;244;244m[48;2;244;244;244m▀[0m[38;2;244;243;244m[48;2;244;244;244m▀[0m[38;2;244;244;244m[48;2;244;244;244m▀[0m[38;2;244;244;244m[48;2;245;245;245m▀[0m[38;2;244;244;244m[48;2;243;243;244m▀[0m[38;2;244;244;244m[48;2;244;244;244m▀[0m[38;2;245;245;245m[48;2;245;244;245m▀[0m[38;2;244;244;245m[48;2;244;244;244m▀[0m[38;2;244;244;244m[48;2;244;244;244m▀[0m[38;2;244;244;244m[48;2;244;244;244m▀[0m[38;2;243;243;244m[48;2;244;244;244m▀[0m[38;2;243;243;244m[48;2;246;246;247m▀[0m[38;2;244;244;244m[48;2;247;247;247m▀[0m[38;2;247;247;245m[48;2;247;247;247m▀[0m[38;2;247;247;247m[48;2;247;247;247m▀[0m[38;2;206;208;209m[48;2;161;166;167m▀[0m[38;2;144;148;149m[48;2;226;228;228m▀[0m[38;2;247;247;247m[48;2;247;247;247m▀[0m[38;2;247;247;247m[48;2;247;247;247m▀[0m[38;2;120;126;125m[48;2;195;198;197m▀[0m[38;2;185;185;183m[48;2;136;136;137m▀[0m[38;2;247;247;247m[48;2;247;247;247m▀[0m[38;2;247;247;247m[48;2;247;247;247m▀[0m[38;2;247;247;247m[48;2;247;247;247m▀[0m[38;2;246;246;247m[48;2;247;247;247m▀[0m[38;2;247;247;247m[48;2;247;247;247m▀[0m[38;2;134;137;134m[48;2;173;176;178m▀[0m[38;2;234;234;234m[48;2;244;246;246m▀[0m[38;2;247;247;247m[48;2;247;247;247m▀[0m[38;2;247;247;247m[48;2;244;244;245m▀[0m[38;2;244;244;245m[48;2;244;244;244m▀[0m[38;2;245;244;245m[48;2;244;244;245m▀[0m[38;2;244;244;245m[48;2;244;244;244m▀[0m[38;2;245;245;245m[48;2;244;244;244m▀[0m[38;2;245;245;245m[48;2;244;244;244m▀[0m[38;2;244;244;244m[48;2;244;244;244m▀[0m[38;2;244;244;244m[48;2;244;243;244m▀[0m[38;2;245;245;245m[48;2;244;244;244m▀[0m[38;2;244;244;245m[48;2;244;244;244m▀[0m[38;2;243;243;244m[48;2;246;246;246m▀[0m[38;2;243;243;244m[48;2;247;246;247m▀[0m[38;2;246;242;244m[48;2;247;247;247m▀[0m[38;2;247;247;247m[48;2;247;247;247m▀[0m[38;2;247;247;247m[48;2;247;247;247m▀[0m[38;2;247;247;247m[48;2;247;247;247m▀[0m[38;2;247;247;247m[48;2;247;247;247m▀[0m[38;2;247;247;247m[48;2;187;191;190m▀[0m[38;2;247;247;247m[48;2;137;138;135m▀[0m[38;2;247;247;247m[48;2;74;77;71m▀[0m[38;2;223;225;223m[48;2;23;26;22m▀[0m[38;2;17;23;23m[48;2;41;43;41m▀[0m[38;2;0;0;0m[48;2;229;228;226m▀[0m[38;2;5;6;3m[48;2;247;247;247m▀[0m[38;2;154;160;157m[48;2;247;247;247m▀[0m
[38;2;246;245;246m[48;2;245;245;247m▀[0m[38;2;247;247;247m[48;2;247;247;247m▀[0m[38;2;247;247;247m[48;2;247;247;247m▀[0m[38;2;247;247;247m[48;2;247;247;247m▀[0m[38;2;247;247;247m[48;2;247;247;247m▀[0m[38;2;247;247;247m[48;2;247;247;247m▀[0m[38;2;247;247;247m[48;2;247;247;247m▀[0m[38;2;247;247;247m[48;2;247;247;247m▀[0m[38;2;247;247;247m[48;2;247;247;247m▀[0m[38;2;247;247;247m[48;2;247;247;247m▀[0m[38;2;216;220;216m[48;2;247;247;247m▀[0m[38;2;163;165;163m[48;2;247;247;247m▀[0m[38;2;126;128;126m[48;2;193;196;195m▀[0m[38;2;183;185;185m[48;2;212;214;214m▀[0m[38;2;234;234;235m[48;2;186;188;190m▀[0m[38;2;247;247;247m[48;2;141;145;149m▀[0m[38;2;247;247;247m[48;2;205;203;206m▀[0m[38;2;247;247;247m[48;2;247;247;247m▀[0m[38;2;247;247;247m[48;2;247;247;247m▀[0m[38;2;247;247;247m[48;2;247;247;247m▀[0m[38;2;247;247;247m[48;2;247;247;247m▀[0m[38;2;247;247;247m[48;2;247;247;247m▀[0m[38;2;244;244;244m[48;2;247;247;247m▀[0m[38;2;244;244;244m[48;2;247;247;247m▀[0m[38;2;243;243;244m[48;2;247;246;246m▀[0m[38;2;244;244;245m[48;2;244;244;247m▀[0m[38;2;244;244;245m[48;2;244;244;244m▀[0m[38;2;244;244;244m[48;2;244;244;244m▀[0m[38;2;245;244;244m[48;2;244;244;244m▀[0m[38;2;244;244;244m[48;2;245;242;246m▀[0m[38;2;244;244;244m[48;2;246;246;247m▀[0m[38;2;246;243;243m[48;2;247;247;247m▀[0m[38;2;247;247;247m[48;2;247;247;247m▀[0m[38;2;247;247;247m[48;2;247;247;247m▀[0m[38;2;247;247;247m[48;2;247;247;247m▀[0m[38;2;247;247;247m[48;2;166;169;166m▀[0m[38;2;181;185;186m[48;2;140;146;143m▀[0m[38;2;189;194;194m[48;2;236;239;239m▀[0m[38;2;247;247;247m[48;2;247;247;247m▀[0m[38;2;247;247;247m[48;2;247;247;247m▀[0m[38;2;247;247;247m[48;2;247;247;247m▀[0m[38;2;247;247;247m[48;2;247;247;247m▀[0m[38;2;159;161;161m[48;2;222;222;222m▀[0m[38;2;168;168;165m[48;2;0;0;0m▀[0m[38;2;247;247;247m[48;2;153;156;153m▀[0m[38;2;247;247;247m[48;2;247;247;247m▀[0m[38;2;247;247;247m[48;2;247;247;247m▀[0m[38;2;247;247;247m[48;2;247;247;247m▀[0m[38;2;247;247;247m[48;2;247;247;247m▀[0m[38;2;247;247;247m[48;2;247;246;246m▀[0m[38;2;244;244;244m[48;2;244;244;244m▀[0m[38;2;244;244;245m[48;2;244;244;245m▀[0m[38;2;244;244;245m[48;2;245;245;245m▀[0m[38;2;244;244;244m[48;2;244;244;245m▀[0m[38;2;245;244;245m[48;2;246;246;246m▀[0m[38;2;244;244;244m[48;2;247;247;247m▀[0m[38;2;244;244;244m[48;2;247;247;247m▀[0m[38;2;244;244;244m[48;2;247;247;247m▀[0m[38;2;245;245;246m[48;2;247;247;247m▀[0m[38;2;247;247;247m[48;2;247;247;247m▀[0m[38;2;247;247;247m[48;2;247;247;247m▀[0m[38;2;247;247;247m[48;2;247;247;247m▀[0m[38;2;247;247;247m[48;2;247;247;247m▀[0m[38;2;247;247;247m[48;2;186;189;191m▀[0m[38;2;247;247;247m[48;2;97;101;98m▀[0m[38;2;225;226;226m[48;2;99;101;101m▀[0m[38;2;141;145;146m[48;2;170;174;173m▀[0m[38;2;103;111;107m[48;2;194;194;192m▀[0m[38;2;148;150;148m[48;2;247;247;247m▀[0m[38;2;192;191;192m[48;2;247;247;247m▀[0m[38;2;228;231;226m[48;2;247;247;247m▀[0m[38;2;247;247;247m[48;2;247;247;247m▀[0m[38;2;247;247;247m[48;2;247;247;247m▀[0m[38;2;247;247;247m[48;2;247;247;247m▀[0m[38;2;247;247;247m[48;2;247;247;247m▀[0m[38;2;247;247;247m[48;2;247;247;247m▀[0m
[38;2;247;247;247m[48;2;247;247;247m▀[0m[38;2;247;247;247m[48;2;213;213;215m▀[0m[38;2;247;247;247m[48;2;150;154;154m▀[0m[38;2;247;247;247m[48;2;181;183;183m▀[0m[38;2;244;246;246m[48;2;225;227;228m▀[0m[38;2;239;242;242m[48;2;234;232;235m▀[0m[38;2;243;243;243m[48;2;225;222;224m▀[0m[38;2;247;247;247m[48;2;247;247;247m▀[0m[38;2;247;247;247m[48;2;247;247;247m▀[0m[38;2;247;247;247m[48;2;247;247;247m▀[0m[38;2;247;247;247m[48;2;247;247;247m▀[0m[38;2;247;247;247m[48;2;237;239;239m▀[0m[38;2;145;152;152m[48;2;161;164;161m▀[0m[38;2;242;244;244m[48;2;247;247;247m▀[0m[38;2;247;247;247m[48;2;155;157;157m▀[0m[38;2;160;163;164m[48;2;238;237;237m▀[0m[38;2;137;140;141m[48;2;247;247;247m▀[0m[38;2;130;133;130m[48;2;247;247;247m▀[0m[38;2;185;188;187m[48;2;103;106;108m▀[0m[38;2;247;247;247m[48;2;0;0;0m▀[0m[38;2;247;247;247m[48;2;64;62;64m▀[0m[38;2;247;247;247m[48;2;165;165;169m▀[0m[38;2;247;247;247m[48;2;226;228;228m▀[0m[38;2;247;247;247m[48;2;247;247;247m▀[0m[38;2;247;247;247m[48;2;247;247;247m▀[0m[38;2;247;247;247m[48;2;247;247;247m▀[0m[38;2;247;247;247m[48;2;247;247;247m▀[0m[38;2;247;247;247m[48;2;247;247;247m▀[0m[38;2;247;247;247m[48;2;247;247;247m▀[0m[38;2;247;247;247m[48;2;246;245;245m▀[0m[38;2;247;247;247m[48;2;224;226;226m▀[0m[38;2;247;247;247m[48;2;161;165;166m▀[0m[38;2;247;247;247m[48;2;116;122;121m▀[0m[38;2;194;193;194m[48;2;144;149;140m▀[0m[38;2;107;111;107m[48;2;176;179;172m▀[0m[38;2;133;136;135m[48;2;218;225;223m▀[0m[38;2;235;239;238m[48;2;247;247;247m▀[0m[38;2;247;247;247m[48;2;247;247;247m▀[0m[38;2;247;247;247m[48;2;247;247;247m▀[0m[38;2;247;247;247m[48;2;247;247;247m▀[0m[38;2;247;247;247m[48;2;247;247;247m▀[0m[38;2;247;247;247m[48;2;247;247;247m▀[0m[38;2;247;247;247m[48;2;247;247;247m▀[0m[38;2;180;182;182m[48;2;247;247;247m▀[0m[38;2;10;10;11m[48;2;185;185;186m▀[0m[38;2;148;148;149m[48;2;64;66;64m▀[0m[38;2;247;247;247m[48;2;116;119;116m▀[0m[38;2;247;247;247m[48;2;199;199;199m▀[0m[38;2;247;247;247m[48;2;242;242;244m▀[0m[38;2;247;247;247m[48;2;247;247;247m▀[0m[38;2;246;246;247m[48;2;247;247;247m▀[0m[38;2;246;246;247m[48;2;247;247;247m▀[0m[38;2;247;247;247m[48;2;245;247;247m▀[0m[38;2;247;247;247m[48;2;247;247;247m▀[0m[38;2;247;247;247m[48;2;247;247;247m▀[0m[38;2;247;247;247m[48;2;247;247;247m▀[0m[38;2;247;247;247m[48;2;229;232;229m▀[0m[38;2;247;247;247m[48;2;212;214;214m▀[0m[38;2;247;247;247m[48;2;181;184;184m▀[0m[38;2;247;247;247m[48;2;58;58;60m▀[0m[38;2;247;247;247m[48;2;0;0;0m▀[0m[38;2;161;165;165m[48;2;123;121;124m▀[0m[38;2;137;139;141m[48;2;247;247;247m▀[0m[38;2;171;173;175m[48;2;247;247;247m▀[0m[38;2;151;154;151m[48;2;238;237;235m▀[0m[38;2;247;247;247m[48;2;199;201;199m▀[0m[38;2;222;221;222m[48;2;218;217;215m▀[0m[38;2;179;184;180m[48;2;147;154;150m▀[0m[38;2;247;247;247m[48;2;247;247;247m▀[0m[38;2;247;247;247m[48;2;247;247;247m▀[0m[38;2;247;247;247m[48;2;247;247;247m▀[0m[38;2;247;247;247m[48;2;247;247;247m▀[0m[38;2;247;247;247m[48;2;247;247;247m▀[0m[38;2;247;247;247m[48;2;241;244;244m▀[0m[38;2;247;247;247m[48;2;220;223;223m▀[0m[38;2;247;247;247m[48;2;220;223;223m▀[0m
[38;2;247;247;247m[48;2;210;209;207m▀[0m[38;2;247;247;247m[48;2;193;193;190m▀[0m[38;2;226;228;228m[48;2;246;246;243m▀[0m[38;2;199;197;200m[48;2;247;247;247m▀[0m[38;2;167;170;169m[48;2;247;247;247m▀[0m[38;2;215;213;216m[48;2;129;131;133m▀[0m[38;2;247;247;247m[48;2;0;0;0m▀[0m[38;2;247;247;247m[48;2;0;0;0m▀[0m[38;2;247;247;247m[48;2;0;0;0m▀[0m[38;2;247;247;247m[48;2;0;0;0m▀[0m[38;2;247;247;247m[48;2;9;9;7m▀[0m[38;2;247;247;247m[48;2;64;65;67m▀[0m[38;2;212;216;216m[48;2;103;105;106m▀[0m[38;2;247;247;247m[48;2;149;151;149m▀[0m[38;2;216;218;216m[48;2;154;156;154m▀[0m[38;2;200;197;200m[48;2;92;91;89m▀[0m[38;2;247;247;247m[48;2;8;8;5m▀[0m[38;2;247;247;247m[48;2;81;84;81m▀[0m[38;2;50;50;52m[48;2;78;81;77m▀[0m[38;2;0;0;0m[48;2;129;129;129m▀[0m[38;2;0;0;0m[48;2;20;23;22m▀[0m[38;2;0;0;0m[48;2;84;84;85m▀[0m[38;2;102;102;104m[48;2;200;197;200m▀[0m[38;2;93;93;95m[48;2;170;166;166m▀[0m[38;2;170;174;174m[48;2;158;156;159m▀[0m[38;2;187;191;191m[48;2;233;232;232m▀[0m[38;2;196;198;200m[48;2;247;247;247m▀[0m[38;2;197;203;202m[48;2;247;247;247m▀[0m[38;2;177;181;181m[48;2;247;247;247m▀[0m[38;2;166;170;173m[48;2;247;247;247m▀[0m[38;2;145;151;152m[48;2;247;247;247m▀[0m[38;2;147;153;153m[48;2;247;247;247m▀[0m[38;2;199;203;203m[48;2;247;247;247m▀[0m[38;2;197;207;201m[48;2;247;247;247m▀[0m[38;2;238;246;245m[48;2;233;247;247m▀[0m[38;2;247;247;247m[48;2;194;198;194m▀[0m[38;2;247;247;247m[48;2;227;177;173m▀[0m[38;2;245;247;247m[48;2;247;194;187m▀[0m[38;2;246;245;238m[48;2;247;194;194m▀[0m[38;2;212;195;188m[48;2;240;195;198m▀[0m[38;2;228;220;220m[48;2;233;216;220m▀[0m[38;2;227;247;247m[48;2;228;179;177m▀[0m[38;2;232;247;247m[48;2;211;169;169m▀[0m[38;2;247;247;247m[48;2;206;175;170m▀[0m[38;2;247;247;247m[48;2;214;234;232m▀[0m[38;2;247;247;247m[48;2;247;247;247m▀[0m[38;2;196;200;200m[48;2;247;247;247m▀[0m[38;2;171;173;173m[48;2;247;247;247m▀[0m[38;2;196;199;199m[48;2;247;247;247m▀[0m[38;2;222;222;220m[48;2;247;247;247m▀[0m[38;2;238;238;238m[48;2;247;247;247m▀[0m[38;2;208;208;208m[48;2;247;247;247m▀[0m[38;2;193;196;193m[48;2;247;247;247m▀[0m[38;2;172;179;172m[48;2;240;239;240m▀[0m[38;2;162;166;162m[48;2;236;235;236m▀[0m[38;2;131;130;130m[48;2;228;227;225m▀[0m[38;2;135;135;135m[48;2;207;203;207m▀[0m[38;2;104;102;97m[48;2;156;154;157m▀[0m[38;2;0;0;0m[48;2;45;45;47m▀[0m[38;2;0;0;0m[48;2;74;77;74m▀[0m[38;2;0;0;0m[48;2;200;200;197m▀[0m[38;2;103;105;105m[48;2;140;142;142m▀[0m[38;2;247;247;247m[48;2;80;79;80m▀[0m[38;2;247;247;247m[48;2;26;29;26m▀[0m[38;2;176;177;174m[48;2;59;62;62m▀[0m[38;2;226;228;226m[48;2;153;152;152m▀[0m[38;2;247;247;247m[48;2;143;145;145m▀[0m[38;2;174;178;172m[48;2;126;128;126m▀[0m[38;2;247;247;247m[48;2;105;107;108m▀[0m[38;2;247;247;247m[48;2;35;35;37m▀[0m[38;2;247;247;247m[48;2;0;0;0m▀[0m[38;2;247;247;247m[48;2;0;0;0m▀[0m[38;2;247;247;247m[48;2;0;0;0m▀[0m[38;2;247;247;247m[48;2;0;0;0m▀[0m[38;2;234;234;234m[48;2;186;186;186m▀[0m[38;2;194;196;196m[48;2;247;247;247m▀[0m
[38;2;247;247;247m[48;2;247;247;247m▀[0m[38;2;247;247;247m[48;2;89;92;92m▀[0m[38;2;247;247;247m[48;2;0;0;0m▀[0m[38;2;122;124;126m[48;2;0;0;0m▀[0m[38;2;0;0;0m[48;2;0;0;0m▀[0m[38;2;0;0;0m[48;2;0;0;0m▀[0m[38;2;0;0;0m[48;2;0;0;0m▀[0m[38;2;0;0;0m[48;2;0;0;0m▀[0m[38;2;0;0;0m[48;2;0;0;0m▀[0m[38;2;0;0;0m[48;2;137;137;137m▀[0m[38;2;0;0;0m[48;2;247;247;247m▀[0m[38;2;0;0;0m[48;2;247;247;247m▀[0m[38;2;75;75;73m[48;2;247;247;247m▀[0m[38;2;147;147;147m[48;2;247;247;247m▀[0m[38;2;180;180;181m[48;2;247;247;247m▀[0m[38;2;210;210;210m[48;2;247;247;247m▀[0m[38;2;247;247;247m[48;2;247;247;247m▀[0m[38;2;247;247;247m[48;2;247;247;247m▀[0m[38;2;247;247;247m[48;2;247;247;247m▀[0m[38;2;247;247;247m[48;2;247;247;247m▀[0m[38;2;247;247;247m[48;2;247;247;247m▀[0m[38;2;209;209;211m[48;2;247;247;247m▀[0m[38;2;147;147;152m[48;2;247;247;247m▀[0m[38;2;161;161;162m[48;2;235;235;237m▀[0m[38;2;192;190;193m[48;2;209;209;211m▀[0m[38;2;216;218;218m[48;2;185;185;185m▀[0m[38;2;246;246;246m[48;2;177;177;182m▀[0m[38;2;247;247;247m[48;2;213;213;215m▀[0m[38;2;247;247;247m[48;2;235;235;236m▀[0m[38;2;247;247;247m[48;2;245;247;247m▀[0m[38;2;247;247;247m[48;2;247;247;247m▀[0m[38;2;247;247;247m[48;2;187;217;220m▀[0m[38;2;247;247;247m[48;2;78;85;72m▀[0m[38;2;134;157;151m[48;2;226;123;104m▀[0m[38;2;189;129;123m[48;2;247;156;148m▀[0m[38;2;247;142;133m[48;2;247;146;140m▀[0m[38;2;247;165;162m[48;2;247;97;95m▀[0m[38;2;247;247;247m[48;2;176;64;53m▀[0m[38;2;247;247;247m[48;2;88;0;0m▀[0m[38;2;247;233;226m[48;2;97;3;0m▀[0m[38;2;247;221;211m[48;2;118;19;7m▀[0m[38;2;247;174;165m[48;2;224;106;97m▀[0m[38;2;247;213;212m[48;2;247;130;116m▀[0m[38;2;247;158;149m[48;2;247;157;145m▀[0m[38;2;241;148;144m[48;2;247;154;143m▀[0m[38;2;199;189;186m[48;2;247;143;135m▀[0m[38;2;228;247;247m[48;2;211;183;181m▀[0m[38;2;247;247;247m[48;2;247;247;247m▀[0m[38;2;247;247;247m[48;2;247;247;247m▀[0m[38;2;247;247;247m[48;2;247;247;247m▀[0m[38;2;247;247;247m[48;2;235;231;235m▀[0m[38;2;247;247;247m[48;2;220;222;220m▀[0m[38;2;247;247;247m[48;2;212;212;212m▀[0m[38;2;228;228;228m[48;2;165;171;172m▀[0m[38;2;183;185;189m[48;2;200;202;202m▀[0m[38;2;161;167;166m[48;2;236;234;237m▀[0m[38;2;119;123;126m[48;2;247;247;247m▀[0m[38;2;132;138;139m[48;2;247;247;247m▀[0m[38;2;247;247;247m[48;2;247;247;247m▀[0m[38;2;247;247;247m[48;2;247;247;247m▀[0m[38;2;247;247;247m[48;2;247;247;247m▀[0m[38;2;247;247;247m[48;2;247;247;247m▀[0m[38;2;247;247;247m[48;2;247;247;247m▀[0m[38;2;247;247;247m[48;2;247;247;247m▀[0m[38;2;227;227;225m[48;2;247;247;247m▀[0m[38;2;180;181;178m[48;2;247;247;247m▀[0m[38;2;153;156;156m[48;2;247;247;247m▀[0m[38;2;82;85;85m[48;2;247;247;247m▀[0m[38;2;0;0;0m[48;2;247;247;247m▀[0m[38;2;0;0;0m[48;2;247;247;247m▀[0m[38;2;0;0;0m[48;2;144;147;144m▀[0m[38;2;0;0;0m[48;2;0;0;0m▀[0m[38;2;0;0;0m[48;2;0;0;0m▀[0m[38;2;0;0;0m[48;2;0;0;0m▀[0m[38;2;0;0;0m[48;2;0;0;0m▀[0m[38;2;0;0;0m[48;2;0;0;0m▀[0m
[38;2;0;0;0m[48;2;0;0;0m▀[0m[38;2;0;0;0m[48;2;0;0;0m▀[0m[38;2;0;0;0m[48;2;0;0;0m▀[0m[38;2;0;0;0m[48;2;0;0;0m▀[0m[38;2;0;0;0m[48;2;0;0;0m▀[0m[38;2;0;0;0m[48;2;0;0;0m▀[0m[38;2;0;0;0m[48;2;247;247;247m▀[0m[38;2;126;123;123m[48;2;247;247;247m▀[0m[38;2;247;247;247m[48;2;247;247;247m▀[0m[38;2;247;247;247m[48;2;247;247;247m▀[0m[38;2;247;247;247m[48;2;247;247;247m▀[0m[38;2;247;247;247m[48;2;247;247;247m▀[0m[38;2;247;247;247m[48;2;247;247;247m▀[0m[38;2;247;247;247m[48;2;246;246;247m▀[0m[38;2;247;247;247m[48;2;244;244;245m▀[0m[38;2;247;247;247m[48;2;243;243;244m▀[0m[38;2;247;247;247m[48;2;243;243;244m▀[0m[38;2;247;247;247m[48;2;244;244;244m▀[0m[38;2;247;247;247m[48;2;244;244;244m▀[0m[38;2;247;247;247m[48;2;244;244;244m▀[0m[38;2;247;247;247m[48;2;246;246;246m▀[0m[38;2;247;247;247m[48;2;247;246;247m▀[0m[38;2;247;247;247m[48;2;247;247;247m▀[0m[38;2;247;247;247m[48;2;236;236;238m▀[0m[38;2;247;247;247m[48;2;238;243;238m▀[0m[38;2;247;247;247m[48;2;247;247;247m▀[0m[38;2;243;243;245m[48;2;247;247;247m▀[0m[38;2;234;234;235m[48;2;247;247;247m▀[0m[38;2;226;228;233m[48;2;247;247;247m▀[0m[38;2;243;247;247m[48;2;247;247;247m▀[0m[38;2;212;240;242m[48;2;215;215;210m▀[0m[38;2;134;112;104m[48;2;247;122;109m▀[0m[38;2;247;133;119m[48;2;247;145;134m▀[0m[38;2;247;164;158m[48;2;215;46;37m▀[0m[38;2;247;89;85m[48;2;81;62;61m▀[0m[38;2;136;15;17m[48;2;194;245;247m▀[0m[38;2;120;99;97m[48;2;204;244;242m▀[0m[38;2;0;0;0m[48;2;7;28;27m▀[0m[38;2;153;191;192m[48;2;247;247;247m▀[0m[38;2;247;247;247m[48;2;247;247;247m▀[0m[38;2;183;231;237m[48;2;247;247;247m▀[0m[38;2;0;36;39m[48;2;247;247;247m▀[0m[38;2;36;0;0m[48;2;178;227;231m▀[0m[38;2;185;19;9m[48;2;199;247;247m▀[0m[38;2;247;89;79m[48;2;121;71;67m▀[0m[38;2;247;146;138m[48;2;247;86;75m▀[0m[38;2;247;148;147m[48;2;247;138;134m▀[0m[38;2;230;219;216m[48;2;200;125;118m▀[0m[38;2;247;247;247m[48;2;234;247;247m▀[0m[38;2;224;227;228m[48;2;247;247;247m▀[0m[38;2;210;213;213m[48;2;247;247;247m▀[0m[38;2;222;224;222m[48;2;247;247;247m▀[0m[38;2;240;240;242m[48;2;247;247;247m▀[0m[38;2;247;247;247m[48;2;247;247;247m▀[0m[38;2;247;247;247m[48;2;245;245;247m▀[0m[38;2;247;247;247m[48;2;242;245;247m▀[0m[38;2;247;247;247m[48;2;247;242;242m▀[0m[38;2;247;247;247m[48;2;247;247;247m▀[0m[38;2;247;247;247m[48;2;245;245;245m▀[0m[38;2;247;247;247m[48;2;245;245;245m▀[0m[38;2;247;247;245m[48;2;245;245;245m▀[0m[38;2;247;246;246m[48;2;245;245;245m▀[0m[38;2;247;247;247m[48;2;245;245;245m▀[0m[38;2;247;247;247m[48;2;245;244;245m▀[0m[38;2;247;247;247m[48;2;245;244;245m▀[0m[38;2;247;247;247m[48;2;247;243;243m▀[0m[38;2;247;247;247m[48;2;247;247;245m▀[0m[38;2;247;247;247m[48;2;247;247;247m▀[0m[38;2;247;247;247m[48;2;247;247;247m▀[0m[38;2;247;247;247m[48;2;247;247;247m▀[0m[38;2;247;247;247m[48;2;247;247;247m▀[0m[38;2;247;247;247m[48;2;247;247;247m▀[0m[38;2;139;139;136m[48;2;247;247;247m▀[0m[38;2;0;0;0m[48;2;235;235;232m▀[0m[38;2;0;0;0m[48;2;0;0;0m▀[0m[38;2;0;0;0m[48;2;0;0;0m▀[0m
[38;2;0;0;0m[48;2;0;0;0m▀[0m[38;2;0;0;0m[48;2;0;0;0m▀[0m[38;2;0;0;0m[48;2;0;0;0m▀[0m[38;2;0;0;0m[48;2;4;7;7m▀[0m[38;2;49;49;50m[48;2;247;247;247m▀[0m[38;2;247;247;247m[48;2;247;247;247m▀[0m[38;2;247;247;247m[48;2;247;247;247m▀[0m[38;2;247;247;247m[48;2;247;247;247m▀[0m[38;2;247;247;247m[48;2;247;247;247m▀[0m[38;2;247;247;247m[48;2;245;245;245m▀[0m[38;2;246;246;246m[48;2;244;244;244m▀[0m[38;2;244;244;244m[48;2;244;244;244m▀[0m[38;2;244;244;245m[48;2;244;244;245m▀[0m[38;2;244;244;245m[48;2;245;244;245m▀[0m[38;2;245;244;245m[48;2;245;245;246m▀[0m[38;2;244;244;245m[48;2;245;244;245m▀[0m[38;2;244;244;244m[48;2;244;244;244m▀[0m[38;2;243;243;243m[48;2;244;244;245m▀[0m[38;2;243;243;244m[48;2;244;244;244m▀[0m[38;2;244;244;244m[48;2;244;244;244m▀[0m[38;2;247;247;247m[48;2;247;247;247m▀[0m[38;2;237;237;237m[48;2;247;247;247m▀[0m[38;2;226;226;226m[48;2;187;187;187m▀[0m[38;2;214;214;212m[48;2;222;225;224m▀[0m[38;2;214;217;209m[48;2;186;189;183m▀[0m[38;2;247;247;247m[48;2;247;247;247m▀[0m[38;2;247;247;247m[48;2;247;247;247m▀[0m[38;2;244;247;247m[48;2;247;247;247m▀[0m[38;2;247;247;247m[48;2;247;247;247m▀[0m[38;2;247;247;247m[48;2;247;247;247m▀[0m[38;2;230;182;173m[48;2;158;108;98m▀[0m[38;2;247;119;100m[48;2;247;75;53m▀[0m[38;2;231;60;52m[48;2;137;108;107m▀[0m[38;2;135;139;138m[48;2;247;247;247m▀[0m[38;2;247;247;247m[48;2;247;247;247m▀[0m[38;2;247;247;247m[48;2;247;247;247m▀[0m[38;2;0;0;0m[48;2;0;0;0m▀[0m[38;2;0;0;0m[48;2;0;0;0m▀[0m[38;2;247;247;247m[48;2;147;147;145m▀[0m[38;2;247;247;247m[48;2;247;247;247m▀[0m[38;2;247;247;247m[48;2;247;247;247m▀[0m[38;2;79;86;89m[48;2;0;0;0m▀[0m[38;2;0;0;0m[48;2;0;0;0m▀[0m[38;2;247;247;247m[48;2;117;129;129m▀[0m[38;2;180;244;247m[48;2;247;247;247m▀[0m[38;2;0;0;0m[48;2;0;0;0m▀[0m[38;2;247;127;108m[48;2;75;0;0m▀[0m[38;2;247;86;75m[48;2;247;83;57m▀[0m[38;2;161;157;153m[48;2;112;101;98m▀[0m[38;2;247;247;247m[48;2;247;247;247m▀[0m[38;2;247;247;247m[48;2;247;247;247m▀[0m[38;2;246;245;246m[48;2;243;246;247m▀[0m[38;2;244;244;244m[48;2;244;244;244m▀[0m[38;2;245;244;245m[48;2;243;243;244m▀[0m[38;2;247;243;245m[48;2;246;242;242m▀[0m[38;2;245;244;244m[48;2;247;247;245m▀[0m[38;2;245;244;244m[48;2;247;247;247m▀[0m[38;2;245;244;244m[48;2;247;244;244m▀[0m[38;2;245;245;245m[48;2;246;246;246m▀[0m[38;2;245;245;245m[48;2;244;244;244m▀[0m[38;2;245;245;245m[48;2;244;244;244m▀[0m[38;2;247;243;245m[48;2;247;247;247m▀[0m[38;2;247;247;247m[48;2;244;246;246m▀[0m[38;2;245;247;245m[48;2;244;247;246m▀[0m[38;2;247;247;247m[48;2;247;247;247m▀[0m[38;2;245;244;245m[48;2;243;246;243m▀[0m[38;2;245;244;245m[48;2;244;244;245m▀[0m[38;2;244;244;245m[48;2;244;244;244m▀[0m[38;2;244;244;244m[48;2;244;244;244m▀[0m[38;2;246;246;247m[48;2;244;244;244m▀[0m[38;2;247;247;247m[48;2;247;243;245m▀[0m[38;2;247;247;247m[48;2;247;247;247m▀[0m[38;2;247;247;247m[48;2;247;247;247m▀[0m[38;2;247;247;247m[48;2;247;247;247m▀[0m[38;2;247;247;247m[48;2;247;247;247m▀[0m[38;2;0;0;0m[48;2;194;194;190m▀[0m
[38;2;73;76;73m[48;2;213;213;213m▀[0m[38;2;0;0;0m[48;2;237;240;237m▀[0m[38;2;0;0;0m[48;2;64;64;64m▀[0m[38;2;196;199;196m[48;2;237;243;240m▀[0m[38;2;247;247;247m[48;2;247;247;247m▀[0m[38;2;247;247;247m[48;2;247;247;247m▀[0m[38;2;247;247;247m[48;2;247;247;247m▀[0m[38;2;247;247;247m[48;2;247;247;247m▀[0m[38;2;244;244;244m[48;2;247;247;247m▀[0m[38;2;244;244;245m[48;2;247;247;247m▀[0m[38;2;244;244;244m[48;2;247;247;247m▀[0m[38;2;244;244;244m[48;2;247;247;247m▀[0m[38;2;244;244;245m[48;2;247;247;247m▀[0m[38;2;244;244;245m[48;2;247;247;247m▀[0m[38;2;246;245;246m[48;2;244;247;247m▀[0m[38;2;245;244;245m[48;2;245;245;245m▀[0m[38;2;244;244;244m[48;2;244;244;244m▀[0m[38;2;244;244;245m[48;2;247;247;247m▀[0m[38;2;244;243;244m[48;2;247;247;247m▀[0m[38;2;246;243;243m[48;2;247;247;247m▀[0m[38;2;246;246;247m[48;2;247;247;247m▀[0m[38;2;247;247;247m[48;2;247;247;247m▀[0m[38;2;188;188;190m[48;2;208;208;208m▀[0m[38;2;233;233;234m[48;2;233;230;233m▀[0m[38;2;180;183;180m[48;2;240;237;237m▀[0m[38;2;247;247;247m[48;2;198;201;201m▀[0m[38;2;247;247;247m[48;2;247;247;247m▀[0m[38;2;247;247;247m[48;2;247;247;247m▀[0m[38;2;247;247;247m[48;2;231;234;234m▀[0m[38;2;247;247;247m[48;2;247;247;247m▀[0m[38;2;177;180;177m[48;2;247;247;247m▀[0m[38;2;52;0;0m[48;2;0;0;0m▀[0m[38;2;216;238;238m[48;2;247;247;247m▀[0m[38;2;247;247;247m[48;2;131;139;141m▀[0m[38;2;247;247;247m[48;2;32;35;36m▀[0m[38;2;47;49;49m[48;2;12;15;12m▀[0m[38;2;0;0;0m[48;2;0;0;0m▀[0m[38;2;0;0;0m[48;2;0;0;0m▀[0m[38;2;0;0;0m[48;2;0;0;0m▀[0m[38;2;247;247;247m[48;2;247;247;247m▀[0m[38;2;180;177;180m[48;2;208;208;208m▀[0m[38;2;0;0;0m[48;2;52;52;52m▀[0m[38;2;0;0;0m[48;2;149;148;148m▀[0m[38;2;0;0;0m[48;2;0;0;0m▀[0m[38;2;247;247;247m[48;2;174;178;175m▀[0m[38;2;0;0;0m[48;2;12;19;19m▀[0m[38;2;0;0;0m[48;2;0;0;0m▀[0m[38;2;95;18;9m[48;2;108;133;133m▀[0m[38;2;226;243;244m[48;2;247;247;247m▀[0m[38;2;247;247;247m[48;2;247;247;247m▀[0m[38;2;247;247;247m[48;2;247;247;247m▀[0m[38;2;247;247;247m[48;2;247;247;247m▀[0m[38;2;246;246;246m[48;2;239;239;239m▀[0m[38;2;247;247;247m[48;2;174;177;179m▀[0m[38;2;247;247;247m[48;2;242;241;241m▀[0m[38;2;226;227;225m[48;2;216;220;217m▀[0m[38;2;240;240;240m[48;2;224;226;226m▀[0m[38;2;247;247;247m[48;2;247;247;247m▀[0m[38;2;247;247;247m[48;2;247;247;247m▀[0m[38;2;244;244;247m[48;2;247;247;247m▀[0m[38;2;244;247;247m[48;2;247;247;247m▀[0m[38;2;247;247;247m[48;2;247;247;247m▀[0m[38;2;188;194;194m[48;2;226;228;226m▀[0m[38;2;143;151;153m[48;2;145;148;154m▀[0m[38;2;246;246;247m[48;2;247;244;246m▀[0m[38;2;247;247;247m[48;2;247;247;247m▀[0m[38;2;244;244;244m[48;2;244;244;245m▀[0m[38;2;244;244;244m[48;2;245;244;245m▀[0m[38;2;245;244;245m[48;2;244;244;244m▀[0m[38;2;244;244;244m[48;2;244;244;244m▀[0m[38;2;244;244;244m[48;2;244;244;244m▀[0m[38;2;244;244;244m[48;2;244;244;244m▀[0m[38;2;245;245;245m[48;2;247;247;247m▀[0m[38;2;247;247;247m[48;2;247;247;247m▀[0m[38;2;247;247;247m[48;2;247;247;247m▀[0m[38;2;247;247;247m[48;2;247;247;247m▀[0m
[38;2;0;0;0m[48;2;0;0;0m▀[0m[38;2;65;65;65m[48;2;0;0;0m▀[0m[38;2;247;247;247m[48;2;0;0;0m▀[0m[38;2;247;247;247m[48;2;56;56;56m▀[0m[38;2;247;247;247m[48;2;240;243;243m▀[0m[38;2;247;247;247m[48;2;247;247;247m▀[0m[38;2;247;247;247m[48;2;247;247;247m▀[0m[38;2;247;247;247m[48;2;247;247;247m▀[0m[38;2;247;247;247m[48;2;247;247;247m▀[0m[38;2;247;247;247m[48;2;247;247;247m▀[0m[38;2;189;192;192m[48;2;220;220;221m▀[0m[38;2;225;228;223m[48;2;150;153;152m▀[0m[38;2;247;247;247m[48;2;169;172;171m▀[0m[38;2;247;247;247m[48;2;240;240;241m▀[0m[38;2;247;247;247m[48;2;247;247;247m▀[0m[38;2;247;246;246m[48;2;229;230;227m▀[0m[38;2;247;247;247m[48;2;206;206;208m▀[0m[38;2;247;247;247m[48;2;245;245;245m▀[0m[38;2;200;206;206m[48;2;217;220;220m▀[0m[38;2;247;247;247m[48;2;161;168;166m▀[0m[38;2;247;247;247m[48;2;191;194;194m▀[0m[38;2;247;247;247m[48;2;166;173;173m▀[0m[38;2;229;231;231m[48;2;193;199;197m▀[0m[38;2;245;247;245m[48;2;247;247;247m▀[0m[38;2;247;247;247m[48;2;172;176;179m▀[0m[38;2;226;226;226m[48;2;224;226;226m▀[0m[38;2;213;213;210m[48;2;247;247;247m▀[0m[38;2;207;206;207m[48;2;247;247;247m▀[0m[38;2;230;230;227m[48;2;247;247;247m▀[0m[38;2;247;247;247m[48;2;220;224;225m▀[0m[38;2;66;74;76m[48;2;214;217;217m▀[0m[38;2;69;72;73m[48;2;247;246;247m▀[0m[38;2;247;247;247m[48;2;106;106;106m▀[0m[38;2;0;0;0m[48;2;0;0;0m▀[0m[38;2;6;6;8m[48;2;0;0;0m▀[0m[38;2;0;0;0m[48;2;0;0;0m▀[0m[38;2;77;75;78m[48;2;27;29;29m▀[0m[38;2;200;200;200m[48;2;247;247;247m▀[0m[38;2;143;142;142m[48;2;247;247;247m▀[0m[38;2;222;222;222m[48;2;228;228;226m▀[0m[38;2;247;247;247m[48;2;247;247;247m▀[0m[38;2;0;0;0m[48;2;0;0;0m▀[0m[38;2;0;0;0m[48;2;0;0;0m▀[0m[38;2;0;0;0m[48;2;0;0;0m▀[0m[38;2;15;13;16m[48;2;0;0;0m▀[0m[38;2;144;148;148m[48;2;175;178;177m▀[0m[38;2;0;0;0m[48;2;95;97;97m▀[0m[38;2;129;132;129m[48;2;84;87;87m▀[0m[38;2;247;247;247m[48;2;247;247;247m▀[0m[38;2;247;247;247m[48;2;162;166;166m▀[0m[38;2;247;247;247m[48;2;247;247;247m▀[0m[38;2;247;247;247m[48;2;247;247;247m▀[0m[38;2;247;247;247m[48;2;247;247;247m▀[0m[38;2;227;227;227m[48;2;247;247;247m▀[0m[38;2;189;191;191m[48;2;217;219;219m▀[0m[38;2;247;247;247m[48;2;209;211;211m▀[0m[38;2;208;210;212m[48;2;247;247;247m▀[0m[38;2;241;243;243m[48;2;217;219;219m▀[0m[38;2;247;247;247m[48;2;214;218;217m▀[0m[38;2;239;239;239m[48;2;200;215;211m▀[0m[38;2;220;226;223m[48;2;209;215;212m▀[0m[38;2;238;240;241m[48;2;183;183;183m▀[0m[38;2;188;191;191m[48;2;247;247;247m▀[0m[38;2;226;223;226m[48;2;247;247;247m▀[0m[38;2;247;247;247m[48;2;247;247;247m▀[0m[38;2;247;244;246m[48;2;246;246;243m▀[0m[38;2;245;244;245m[48;2;246;246;243m▀[0m[38;2;244;244;244m[48;2;247;247;247m▀[0m[38;2;244;244;244m[48;2;247;247;247m▀[0m[38;2;244;244;244m[48;2;247;247;247m▀[0m[38;2;247;247;247m[48;2;247;247;247m▀[0m[38;2;247;247;247m[48;2;247;247;247m▀[0m[38;2;247;247;247m[48;2;247;247;247m▀[0m[38;2;247;247;247m[48;2;247;247;247m▀[0m[38;2;247;247;247m[48;2;247;247;247m▀[0m[38;2;247;247;247m[48;2;113;116;113m▀[0m
[38;2;0;0;0m[48;2;0;0;0m▀[0m[38;2;0;0;0m[48;2;0;0;0m▀[0m[38;2;0;0;0m[48;2;0;0;0m▀[0m[38;2;0;0;0m[48;2;0;0;0m▀[0m[38;2;0;0;0m[48;2;0;0;0m▀[0m[38;2;40;43;43m[48;2;0;0;0m▀[0m[38;2;205;205;203m[48;2;0;0;0m▀[0m[38;2;247;247;247m[48;2;0;0;0m▀[0m[38;2;247;247;247m[48;2;121;121;121m▀[0m[38;2;247;247;247m[48;2;247;247;247m▀[0m[38;2;247;247;247m[48;2;247;247;247m▀[0m[38;2;171;171;172m[48;2;247;247;247m▀[0m[38;2;159;159;160m[48;2;247;247;247m▀[0m[38;2;247;247;247m[48;2;247;247;247m▀[0m[38;2;247;247;247m[48;2;247;247;247m▀[0m[38;2;247;247;247m[48;2;247;247;247m▀[0m[38;2;234;234;234m[48;2;247;247;247m▀[0m[38;2;193;193;194m[48;2;247;247;247m▀[0m[38;2;240;240;240m[48;2;161;164;165m▀[0m[38;2;247;247;247m[48;2;247;247;247m▀[0m[38;2;220;223;217m[48;2;247;247;247m▀[0m[38;2;226;227;226m[48;2;247;247;247m▀[0m[38;2;247;247;247m[48;2;247;247;247m▀[0m[38;2;245;247;245m[48;2;247;247;247m▀[0m[38;2;202;209;209m[48;2;177;184;184m▀[0m[38;2;247;247;247m[48;2;153;155;155m▀[0m[38;2;247;247;247m[48;2;0;0;0m▀[0m[38;2;180;184;184m[48;2;168;171;171m▀[0m[38;2;129;130;130m[48;2;225;226;226m▀[0m[38;2;0;0;0m[48;2;0;0;0m▀[0m[38;2;27;27;27m[48;2;0;0;0m▀[0m[38;2;247;247;247m[48;2;247;247;247m▀[0m[38;2;35;38;35m[48;2;5;8;5m▀[0m[38;2;0;0;0m[48;2;0;0;0m▀[0m[38;2;79;81;79m[48;2;214;214;214m▀[0m[38;2;14;15;12m[48;2;107;108;105m▀[0m[38;2;51;52;49m[48;2;247;247;247m▀[0m[38;2;247;247;247m[48;2;212;212;212m▀[0m[38;2;247;247;247m[48;2;247;247;247m▀[0m[38;2;221;221;213m[48;2;173;173;170m▀[0m[38;2;247;247;247m[48;2;247;247;247m▀[0m[38;2;39;34;39m[48;2;100;100;100m▀[0m[38;2;221;221;223m[48;2;247;247;247m▀[0m[38;2;247;247;247m[48;2;247;247;247m▀[0m[38;2;13;12;12m[48;2;154;157;154m▀[0m[38;2;2;2;3m[48;2;0;0;0m▀[0m[38;2;247;247;247m[48;2;247;247;247m▀[0m[38;2;119;119;119m[48;2;219;218;218m▀[0m[38;2;89;87;90m[48;2;0;0;0m▀[0m[38;2;44;47;51m[48;2;0;0;0m▀[0m[38;2;0;0;0m[48;2;0;0;0m▀[0m[38;2;151;152;149m[48;2;0;0;0m▀[0m[38;2;247;247;247m[48;2;0;0;0m▀[0m[38;2;247;247;247m[48;2;189;194;195m▀[0m[38;2;233;235;235m[48;2;161;165;168m▀[0m[38;2;187;189;189m[48;2;205;209;209m▀[0m[38;2;247;247;247m[48;2;196;200;203m▀[0m[38;2;247;247;247m[48;2;247;247;247m▀[0m[38;2;247;247;247m[48;2;232;231;231m▀[0m[38;2;214;212;209m[48;2;82;81;79m▀[0m[38;2;147;149;147m[48;2;247;247;247m▀[0m[38;2;242;242;242m[48;2;247;247;247m▀[0m[38;2;247;247;247m[48;2;247;247;247m▀[0m[38;2;247;247;247m[48;2;247;247;247m▀[0m[38;2;247;247;247m[48;2;247;247;247m▀[0m[38;2;247;247;247m[48;2;247;247;247m▀[0m[38;2;247;247;247m[48;2;247;247;247m▀[0m[38;2;247;247;247m[48;2;247;247;247m▀[0m[38;2;247;247;247m[48;2;247;247;247m▀[0m[38;2;247;247;247m[48;2;247;247;247m▀[0m[38;2;247;247;247m[48;2;225;226;226m▀[0m[38;2;247;247;247m[48;2;80;80;82m▀[0m[38;2;247;247;247m[48;2;0;0;0m▀[0m[38;2;129;130;129m[48;2;0;0;0m▀[0m[38;2;0;0;0m[48;2;0;0;0m▀[0m[38;2;0;0;0m[48;2;0;0;0m▀[0m
[38;2;0;0;0m[48;2;0;0;0m▀[0m[38;2;0;0;0m[48;2;0;0;0m▀[0m[38;2;0;0;0m[48;2;0;0;0m▀[0m[38;2;0;0;0m[48;2;0;0;0m▀[0m[38;2;0;0;0m[48;2;0;0;0m▀[0m[38;2;0;0;0m[48;2;0;0;0m▀[0m[38;2;0;0;0m[48;2;0;0;0m▀[0m[38;2;0;0;0m[48;2;0;0;0m▀[0m[38;2;0;0;0m[48;2;0;0;0m▀[0m[38;2;0;0;0m[48;2;0;0;0m▀[0m[38;2;0;0;0m[48;2;0;0;0m▀[0m[38;2;88;88;89m[48;2;0;0;0m▀[0m[38;2;187;187;189m[48;2;0;0;0m▀[0m[38;2;247;247;247m[48;2;0;0;0m▀[0m[38;2;247;247;247m[48;2;0;0;0m▀[0m[38;2;247;247;247m[48;2;0;0;0m▀[0m[38;2;247;247;247m[48;2;0;1;1m▀[0m[38;2;247;247;247m[48;2;8;10;10m▀[0m[38;2;247;247;247m[48;2;1;3;3m▀[0m[38;2;29;31;38m[48;2;117;120;119m▀[0m[38;2;247;247;247m[48;2;247;247;247m▀[0m[38;2;247;247;247m[48;2;247;247;247m▀[0m[38;2;247;247;247m[48;2;223;217;219m▀[0m[38;2;171;167;166m[48;2;0;0;0m▀[0m[38;2;0;0;0m[48;2;0;0;0m▀[0m[38;2;0;0;0m[48;2;0;0;0m▀[0m[38;2;243;242;242m[48;2;127;127;128m▀[0m[38;2;247;247;247m[48;2;41;44;44m▀[0m[38;2;32;33;33m[48;2;0;0;0m▀[0m[38;2;0;0;0m[48;2;0;0;0m▀[0m[38;2;0;0;0m[48;2;33;36;36m▀[0m[38;2;247;247;247m[48;2;247;247;247m▀[0m[38;2;15;14;14m[48;2;201;201;201m▀[0m[38;2;0;0;0m[48;2;0;0;0m▀[0m[38;2;247;247;247m[48;2;245;244;244m▀[0m[38;2;135;135;135m[48;2;247;247;247m▀[0m[38;2;247;247;247m[48;2;247;247;247m▀[0m[38;2;178;178;175m[48;2;193;193;190m▀[0m[38;2;151;151;149m[48;2;210;212;210m▀[0m[38;2;247;246;247m[48;2;239;238;239m▀[0m[38;2;194;194;194m[48;2;76;79;76m▀[0m[38;2;118;118;118m[48;2;242;242;242m▀[0m[38;2;247;247;247m[48;2;247;247;247m▀[0m[38;2;247;247;247m[48;2;247;247;247m▀[0m[38;2;183;181;184m[48;2;136;136;138m▀[0m[38;2;0;0;0m[48;2;62;62;62m▀[0m[38;2;158;161;161m[48;2;214;213;214m▀[0m[38;2;247;247;247m[48;2;247;247;247m▀[0m[38;2;0;0;0m[48;2;205;205;205m▀[0m[38;2;0;0;0m[48;2;0;0;0m▀[0m[38;2;0;0;0m[48;2;0;0;0m▀[0m[38;2;0;0;0m[48;2;0;0;0m▀[0m[38;2;0;0;0m[48;2;0;0;0m▀[0m[38;2;41;48;51m[48;2;0;0;0m▀[0m[38;2;247;247;247m[48;2;247;247;247m▀[0m[38;2;247;247;247m[48;2;247;247;247m▀[0m[38;2;154;159;164m[48;2;247;247;247m▀[0m[38;2;218;223;228m[48;2;147;154;161m▀[0m[38;2;208;207;207m[48;2;157;159;163m▀[0m[38;2;247;247;247m[48;2;75;78;80m▀[0m[38;2;247;247;247m[48;2;71;73;73m▀[0m[38;2;247;247;247m[48;2;97;97;97m▀[0m[38;2;247;247;247m[48;2;82;85;85m▀[0m[38;2;247;247;247m[48;2;60;60;60m▀[0m[38;2;247;247;247m[48;2;24;24;24m▀[0m[38;2;247;247;247m[48;2;0;0;0m▀[0m[38;2;247;247;247m[48;2;0;0;0m▀[0m[38;2;201;201;201m[48;2;0;0;0m▀[0m[38;2;93;93;95m[48;2;0;0;0m▀[0m[38;2;0;0;0m[48;2;0;0;0m▀[0m[38;2;0;0;0m[48;2;0;0;0m▀[0m[38;2;0;0;0m[48;2;0;0;0m▀[0m[38;2;0;0;0m[48;2;0;0;0m▀[0m[38;2;0;0;0m[48;2;0;0;0m▀[0m[38;2;0;0;0m[48;2;0;0;0m▀[0m[38;2;0;0;0m[48;2;0;0;0m▀[0m
[38;2;0;0;0m[48;2;8;8;8m▀[0m[38;2;0;0;0m[48;2;0;0;0m▀[0m[38;2;0;0;0m[48;2;0;0;0m▀[0m[38;2;0;0;0m[48;2;0;0;0m▀[0m[38;2;0;0;0m[48;2;0;0;0m▀[0m[38;2;0;0;0m[48;2;0;0;0m▀[0m[38;2;0;0;0m[48;2;0;0;0m▀[0m[38;2;0;0;0m[48;2;0;0;0m▀[0m[38;2;0;0;0m[48;2;0;0;0m▀[0m[38;2;0;0;0m[48;2;0;0;0m▀[0m[38;2;0;0;0m[48;2;0;0;0m▀[0m[38;2;0;0;0m[48;2;0;0;0m▀[0m[38;2;0;0;0m[48;2;0;0;0m▀[0m[38;2;0;0;0m[48;2;0;0;0m▀[0m[38;2;0;0;0m[48;2;0;0;0m▀[0m[38;2;0;0;0m[48;2;0;0;0m▀[0m[38;2;0;0;0m[48;2;0;0;0m▀[0m[38;2;0;0;0m[48;2;0;0;0m▀[0m[38;2;0;0;0m[48;2;0;0;0m▀[0m[38;2;24;26;26m[48;2;0;0;0m▀[0m[38;2;247;247;247m[48;2;79;82;79m▀[0m[38;2;247;247;247m[48;2;247;247;247m▀[0m[38;2;86;86;90m[48;2;0;0;0m▀[0m[38;2;0;0;0m[48;2;0;0;0m▀[0m[38;2;0;0;0m[48;2;0;0;0m▀[0m[38;2;0;0;0m[48;2;0;0;0m▀[0m[38;2;0;0;0m[48;2;0;0;0m▀[0m[38;2;0;0;0m[48;2;0;0;0m▀[0m[38;2;0;0;0m[48;2;0;0;0m▀[0m[38;2;0;0;0m[48;2;50;53;53m▀[0m[38;2;114;114;114m[48;2;6;9;6m▀[0m[38;2;247;247;247m[48;2;247;247;247m▀[0m[38;2;247;247;247m[48;2;218;219;216m▀[0m[38;2;0;0;0m[48;2;0;0;0m▀[0m[38;2;247;247;247m[48;2;223;223;223m▀[0m[38;2;247;247;247m[48;2;247;247;247m▀[0m[38;2;192;194;194m[48;2;179;182;182m▀[0m[38;2;247;247;247m[48;2;247;247;247m▀[0m[38;2;247;247;247m[48;2;172;172;172m▀[0m[38;2;139;141;141m[48;2;238;238;238m▀[0m[38;2;245;245;246m[48;2;247;247;247m▀[0m[38;2;247;247;247m[48;2;247;247;247m▀[0m[38;2;247;247;247m[48;2;247;247;247m▀[0m[38;2;247;247;247m[48;2;247;247;247m▀[0m[38;2;128;128;129m[48;2;130;132;132m▀[0m[38;2;106;108;108m[48;2;100;102;102m▀[0m[38;2;247;247;247m[48;2;247;247;247m▀[0m[38;2;170;173;170m[48;2;119;118;118m▀[0m[38;2;247;247;247m[48;2;247;247;247m▀[0m[38;2;87;87;87m[48;2;247;247;247m▀[0m[38;2;0;0;0m[48;2;0;0;0m▀[0m[38;2;0;0;0m[48;2;0;0;0m▀[0m[38;2;0;0;0m[48;2;0;0;0m▀[0m[38;2;0;0;0m[48;2;0;0;0m▀[0m[38;2;192;197;198m[48;2;50;52;50m▀[0m[38;2;247;247;247m[48;2;209;211;211m▀[0m[38;2;86;89;90m[48;2;0;0;0m▀[0m[38;2;0;0;0m[48;2;0;0;0m▀[0m[38;2;0;0;0m[48;2;0;0;0m▀[0m[38;2;0;0;0m[48;2;0;0;0m▀[0m[38;2;0;0;0m[48;2;0;0;0m▀[0m[38;2;0;0;0m[48;2;0;0;0m▀[0m[38;2;0;0;0m[48;2;0;0;0m▀[0m[38;2;0;0;0m[48;2;0;0;0m▀[0m[38;2;0;0;0m[48;2;0;0;0m▀[0m[38;2;0;0;0m[48;2;0;0;0m▀[0m[38;2;0;0;0m[48;2;0;0;0m▀[0m[38;2;0;0;0m[48;2;0;0;0m▀[0m[38;2;0;0;0m[48;2;0;0;0m▀[0m[38;2;0;0;0m[48;2;0;0;0m▀[0m[38;2;0;0;0m[48;2;0;0;0m▀[0m[38;2;0;0;0m[48;2;0;0;0m▀[0m[38;2;0;0;0m[48;2;0;1;1m▀[0m[38;2;0;0;0m[48;2;0;0;0m▀[0m[38;2;0;0;0m[48;2;0;0;0m▀[0m[38;2;0;0;0m[48;2;0;0;0m▀[0m
[38;2;11;12;8m[48;2;0;0;0m▀[0m[38;2;24;27;27m[48;2;1;1;1m▀[0m[38;2;5;5;5m[48;2;33;33;33m▀[0m[38;2;0;0;0m[48;2;20;23;23m▀[0m[38;2;0;0;0m[48;2;0;0;0m▀[0m[38;2;0;0;0m[48;2;0;0;0m▀[0m[38;2;0;0;0m[48;2;0;0;0m▀[0m[38;2;0;0;0m[48;2;0;0;0m▀[0m[38;2;0;0;0m[48;2;0;0;0m▀[0m[38;2;0;0;0m[48;2;0;0;0m▀[0m[38;2;0;0;0m[48;2;0;0;0m▀[0m[38;2;0;0;0m[48;2;0;0;0m▀[0m[38;2;0;0;0m[48;2;0;0;0m▀[0m[38;2;0;0;0m[48;2;0;0;0m▀[0m[38;2;0;0;0m[48;2;0;0;0m▀[0m[38;2;0;0;0m[48;2;0;0;0m▀[0m[38;2;0;0;0m[48;2;0;0;0m▀[0m[38;2;0;0;0m[48;2;0;0;0m▀[0m[38;2;0;0;0m[48;2;0;0;0m▀[0m[38;2;0;0;0m[48;2;0;0;0m▀[0m[38;2;0;0;0m[48;2;0;0;0m▀[0m[38;2;247;247;247m[48;2;247;247;247m▀[0m[38;2;0;0;0m[48;2;0;0;0m▀[0m[38;2;0;0;0m[48;2;0;0;0m▀[0m[38;2;0;0;0m[48;2;0;0;0m▀[0m[38;2;0;0;0m[48;2;0;0;0m▀[0m[38;2;0;0;0m[48;2;0;0;0m▀[0m[38;2;0;0;0m[48;2;0;0;0m▀[0m[38;2;0;0;0m[48;2;203;203;203m▀[0m[38;2;83;85;86m[48;2;25;24;24m▀[0m[38;2;0;0;0m[48;2;0;0;0m▀[0m[38;2;247;247;247m[48;2;247;247;247m▀[0m[38;2;247;247;247m[48;2;247;247;247m▀[0m[38;2;153;157;160m[48;2;201;203;204m▀[0m[38;2;247;247;247m[48;2;247;247;247m▀[0m[38;2;247;247;247m[48;2;199;201;201m▀[0m[38;2;184;190;189m[48;2;220;220;220m▀[0m[38;2;247;247;247m[48;2;224;224;224m▀[0m[38;2;130;136;136m[48;2;186;189;189m▀[0m[38;2;247;247;247m[48;2;247;247;247m▀[0m[38;2;247;247;247m[48;2;244;241;241m▀[0m[38;2;247;247;247m[48;2;245;247;247m▀[0m[38;2;247;247;247m[48;2;247;247;247m▀[0m[38;2;247;247;247m[48;2;247;247;247m▀[0m[38;2;223;220;220m[48;2;247;247;247m▀[0m[38;2;214;217;217m[48;2;247;247;247m▀[0m[38;2;247;247;247m[48;2;247;247;247m▀[0m[38;2;0;0;0m[48;2;62;64;64m▀[0m[38;2;230;233;230m[48;2;92;92;93m▀[0m[38;2;247;247;247m[48;2;0;0;0m▀[0m[38;2;0;0;0m[48;2;0;0;0m▀[0m[38;2;0;0;0m[48;2;0;0;0m▀[0m[38;2;0;0;0m[48;2;0;0;0m▀[0m[38;2;0;0;0m[48;2;0;0;0m▀[0m[38;2;0;0;0m[48;2;0;0;0m▀[0m[38;2;0;0;0m[48;2;0;0;0m▀[0m[38;2;0;0;0m[48;2;0;0;0m▀[0m[38;2;0;0;0m[48;2;0;0;0m▀[0m[38;2;0;0;0m[48;2;0;0;0m▀[0m[38;2;0;0;0m[48;2;0;0;0m▀[0m[38;2;0;0;0m[48;2;0;0;0m▀[0m[38;2;0;0;0m[48;2;0;0;0m▀[0m[38;2;0;0;0m[48;2;0;0;0m▀[0m[38;2;0;0;0m[48;2;0;0;0m▀[0m[38;2;0;0;0m[48;2;0;0;0m▀[0m[38;2;0;0;0m[48;2;0;0;0m▀[0m[38;2;0;0;0m[48;2;0;0;0m▀[0m[38;2;0;0;0m[48;2;0;0;0m▀[0m[38;2;0;0;0m[48;2;0;0;0m▀[0m[38;2;0;0;0m[48;2;0;0;0m▀[0m[38;2;0;0;0m[48;2;0;0;0m▀[0m[38;2;0;0;0m[48;2;0;0;0m▀[0m[38;2;0;0;0m[48;2;49;52;54m▀[0m[38;2;0;0;0m[48;2;12;14;14m▀[0m[38;2;0;0;0m[48;2;0;0;0m▀[0m[38;2;0;0;0m[48;2;1;0;0m▀[0m
[38;2;0;0;0m[48;2;74;77;77m▀[0m[38;2;0;0;0m[48;2;49;51;51m▀[0m[38;2;0;0;0m[48;2;28;30;30m▀[0m[38;2;17;17;17m[48;2;0;0;0m▀[0m[38;2;40;40;40m[48;2;0;0;0m▀[0m[38;2;9;9;6m[48;2;35;35;36m▀[0m[38;2;0;0;0m[48;2;32;32;32m▀[0m[38;2;0;0;0m[48;2;0;0;0m▀[0m[38;2;0;0;0m[48;2;0;0;0m▀[0m[38;2;0;0;0m[48;2;0;0;0m▀[0m[38;2;0;0;0m[48;2;0;0;0m▀[0m[38;2;0;0;0m[48;2;0;0;0m▀[0m[38;2;0;0;0m[48;2;0;0;0m▀[0m[38;2;0;0;0m[48;2;0;0;0m▀[0m[38;2;0;0;0m[48;2;0;0;0m▀[0m[38;2;0;0;0m[48;2;0;0;0m▀[0m[38;2;0;0;0m[48;2;0;0;0m▀[0m[38;2;0;0;0m[48;2;0;0;0m▀[0m[38;2;0;0;0m[48;2;0;0;0m▀[0m[38;2;0;0;0m[48;2;0;0;0m▀[0m[38;2;0;0;0m[48;2;0;0;0m▀[0m[38;2;247;247;247m[48;2;247;247;247m▀[0m[38;2;8;8;8m[48;2;27;30;30m▀[0m[38;2;0;0;0m[48;2;0;0;0m▀[0m[38;2;0;0;0m[48;2;0;0;0m▀[0m[38;2;0;0;0m[48;2;0;0;0m▀[0m[38;2;0;0;0m[48;2;52;54;54m▀[0m[38;2;161;160;163m[48;2;247;247;247m▀[0m[38;2;247;247;247m[48;2;247;247;247m▀[0m[38;2;0;0;0m[48;2;0;0;0m▀[0m[38;2;0;0;0m[48;2;157;160;157m▀[0m[38;2;237;236;236m[48;2;168;172;172m▀[0m[38;2;230;228;231m[48;2;247;247;247m▀[0m[38;2;216;215;215m[48;2;198;198;198m▀[0m[38;2;247;247;247m[48;2;247;247;247m▀[0m[38;2;167;167;167m[48;2;129;129;129m▀[0m[38;2;227;230;229m[48;2;235;235;237m▀[0m[38;2;233;236;236m[48;2;247;247;247m▀[0m[38;2;228;228;228m[48;2;247;247;247m▀[0m[38;2;247;247;247m[48;2;247;247;247m▀[0m[38;2;243;243;243m[48;2;244;244;245m▀[0m[38;2;247;247;244m[48;2;244;244;245m▀[0m[38;2;247;246;247m[48;2;247;247;247m▀[0m[38;2;247;247;247m[48;2;247;247;247m▀[0m[38;2;226;226;226m[48;2;167;169;169m▀[0m[38;2;239;241;242m[48;2;198;199;196m▀[0m[38;2;247;247;247m[48;2;247;247;247m▀[0m[38;2;73;75;75m[48;2;38;40;40m▀[0m[38;2;247;247;247m[48;2;247;247;247m▀[0m[38;2;0;0;0m[48;2;131;131;131m▀[0m[38;2;0;0;0m[48;2;0;0;0m▀[0m[38;2;0;0;0m[48;2;0;0;0m▀[0m[38;2;0;0;0m[48;2;0;0;0m▀[0m[38;2;0;0;0m[48;2;0;0;0m▀[0m[38;2;0;0;0m[48;2;0;0;0m▀[0m[38;2;0;0;0m[48;2;0;0;0m▀[0m[38;2;0;0;0m[48;2;0;0;0m▀[0m[38;2;0;0;0m[48;2;0;0;0m▀[0m[38;2;0;0;0m[48;2;0;0;0m▀[0m[38;2;0;0;0m[48;2;0;0;0m▀[0m[38;2;0;0;0m[48;2;0;0;0m▀[0m[38;2;0;0;0m[48;2;0;0;0m▀[0m[38;2;0;0;0m[48;2;0;0;0m▀[0m[38;2;0;0;0m[48;2;0;0;0m▀[0m[38;2;0;0;0m[48;2;0;0;0m▀[0m[38;2;0;0;0m[48;2;0;0;0m▀[0m[38;2;0;0;0m[48;2;0;0;0m▀[0m[38;2;0;0;0m[48;2;0;0;0m▀[0m[38;2;0;0;0m[48;2;0;0;0m▀[0m[38;2;0;0;0m[48;2;21;21;19m▀[0m[38;2;23;21;24m[48;2;56;56;58m▀[0m[38;2;86;84;90m[48;2;27;27;28m▀[0m[38;2;89;87;90m[48;2;0;0;0m▀[0m[38;2;74;74;78m[48;2;0;0;0m▀[0m[38;2;33;36;38m[48;2;0;0;2m▀[0m[38;2;0;0;0m[48;2;17;19;19m▀[0m
[38;2;76;79;79m[48;2;1;8;9m▀[0m[38;2;83;86;86m[48;2;62;77;77m▀[0m[38;2;78;81;81m[48;2;67;75;77m▀[0m[38;2;74;77;77m[48;2;65;69;72m▀[0m[38;2;34;36;36m[48;2;76;80;83m▀[0m[38;2;0;0;0m[48;2;72;75;77m▀[0m[38;2;5;5;3m[48;2;14;16;17m▀[0m[38;2;41;41;39m[48;2;0;0;0m▀[0m[38;2;27;27;27m[48;2;12;12;9m▀[0m[38;2;2;4;4m[48;2;20;20;20m▀[0m[38;2;0;0;0m[48;2;0;0;0m▀[0m[38;2;0;0;0m[48;2;0;0;0m▀[0m[38;2;0;0;0m[48;2;0;0;0m▀[0m[38;2;0;0;0m[48;2;0;0;0m▀[0m[38;2;0;0;0m[48;2;0;0;0m▀[0m[38;2;0;0;0m[48;2;0;0;0m▀[0m[38;2;0;0;0m[48;2;0;0;0m▀[0m[38;2;0;0;0m[48;2;0;0;0m▀[0m[38;2;0;0;0m[48;2;0;0;0m▀[0m[38;2;0;0;0m[48;2;0;0;0m▀[0m[38;2;0;0;0m[48;2;0;0;0m▀[0m[38;2;247;247;247m[48;2;247;247;247m▀[0m[38;2;43;43;43m[48;2;124;124;124m▀[0m[38;2;0;0;0m[48;2;0;0;0m▀[0m[38;2;0;0;0m[48;2;0;0;0m▀[0m[38;2;0;0;0m[48;2;0;0;0m▀[0m[38;2;7;9;9m[48;2;0;0;0m▀[0m[38;2;247;247;247m[48;2;20;22;22m▀[0m[38;2;0;0;0m[48;2;0;0;0m▀[0m[38;2;38;40;38m[48;2;247;247;247m▀[0m[38;2;247;247;247m[48;2;247;247;247m▀[0m[38;2;110;113;113m[48;2;67;66;66m▀[0m[38;2;247;247;247m[48;2;247;247;247m▀[0m[38;2;186;186;186m[48;2;236;236;236m▀[0m[38;2;247;247;247m[48;2;247;247;247m▀[0m[38;2;83;83;83m[48;2;74;68;68m▀[0m[38;2;247;247;247m[48;2;237;239;241m▀[0m[38;2;190;193;190m[48;2;189;189;189m▀[0m[38;2;238;238;238m[48;2;242;242;242m▀[0m[38;2;247;247;247m[48;2;247;247;247m▀[0m[38;2;246;246;247m[48;2;247;247;247m▀[0m[38;2;244;244;247m[48;2;247;247;247m▀[0m[38;2;245;245;247m[48;2;247;247;247m▀[0m[38;2;247;247;247m[48;2;247;247;247m▀[0m[38;2;176;180;177m[48;2;221;223;223m▀[0m[38;2;209;211;211m[48;2;247;247;247m▀[0m[38;2;247;247;247m[48;2;244;245;242m▀[0m[38;2;22;26;26m[48;2;6;8;10m▀[0m[38;2;247;247;247m[48;2;247;247;247m▀[0m[38;2;247;247;247m[48;2;243;245;243m▀[0m[38;2;0;0;0m[48;2;13;19;16m▀[0m[38;2;52;52;52m[48;2;247;247;247m▀[0m[38;2;0;0;0m[48;2;247;247;247m▀[0m[38;2;0;0;0m[48;2;212;211;211m▀[0m[38;2;0;0;0m[48;2;0;0;0m▀[0m[38;2;0;0;0m[48;2;0;0;0m▀[0m[38;2;0;0;0m[48;2;0;0;0m▀[0m[38;2;0;0;0m[48;2;0;0;0m▀[0m[38;2;0;0;0m[48;2;37;40;37m▀[0m[38;2;0;0;0m[48;2;247;247;247m▀[0m[38;2;0;0;0m[48;2;59;57;60m▀[0m[38;2;0;0;0m[48;2;0;0;0m▀[0m[38;2;0;0;0m[48;2;0;0;0m▀[0m[38;2;0;0;0m[48;2;0;0;0m▀[0m[38;2;0;0;0m[48;2;0;0;0m▀[0m[38;2;0;0;0m[48;2;0;0;0m▀[0m[38;2;0;0;0m[48;2;0;0;0m▀[0m[38;2;0;0;0m[48;2;0;0;0m▀[0m[38;2;0;0;0m[48;2;0;0;0m▀[0m[38;2;0;0;0m[48;2;0;0;0m▀[0m[38;2;0;0;0m[48;2;33;35;33m▀[0m[38;2;0;0;0m[48;2;159;161;161m▀[0m[38;2;0;0;0m[48;2;200;203;203m▀[0m[38;2;121;124;123m[48;2;101;104;103m▀[0m[38;2;99;101;101m[48;2;0;0;0m▀[0m[38;2;0;0;0m[48;2;0;0;0m▀[0m
[38;2;0;0;0m[48;2;0;0;0m▀[0m[38;2;22;8;8m[48;2;129;0;0m▀[0m[38;2;35;68;72m[48;2;238;14;0m▀[0m[38;2;61;77;82m[48;2;7;62;65m▀[0m[38;2;63;66;70m[48;2;53;86;95m▀[0m[38;2;65;69;72m[48;2;64;70;73m▀[0m[38;2;85;88;90m[48;2;65;76;76m▀[0m[38;2;29;32;29m[48;2;77;81;81m▀[0m[38;2;0;0;0m[48;2;0;0;0m▀[0m[38;2;0;0;0m[48;2;6;5;5m▀[0m[38;2;0;0;0m[48;2;48;48;48m▀[0m[38;2;0;0;0m[48;2;67;64;67m▀[0m[38;2;0;0;0m[48;2;18;18;18m▀[0m[38;2;0;0;0m[48;2;0;0;0m▀[0m[38;2;0;0;0m[48;2;0;0;0m▀[0m[38;2;0;0;0m[48;2;0;0;0m▀[0m[38;2;0;0;0m[48;2;0;0;0m▀[0m[38;2;0;0;0m[48;2;0;0;0m▀[0m[38;2;0;0;0m[48;2;0;0;0m▀[0m[38;2;0;0;0m[48;2;0;0;0m▀[0m[38;2;0;0;0m[48;2;23;26;23m▀[0m[38;2;247;247;247m[48;2;247;247;247m▀[0m[38;2;247;247;247m[48;2;128;130;130m▀[0m[38;2;0;0;0m[48;2;0;0;0m▀[0m[38;2;0;0;0m[48;2;218;220;220m▀[0m[38;2;86;88;88m[48;2;247;247;247m▀[0m[38;2;247;247;247m[48;2;227;227;227m▀[0m[38;2;247;247;247m[48;2;247;247;247m▀[0m[38;2;228;232;229m[48;2;247;247;247m▀[0m[38;2;247;247;247m[48;2;247;247;247m▀[0m[38;2;247;247;247m[48;2;247;247;247m▀[0m[38;2;51;53;53m[48;2;36;39;39m▀[0m[38;2;247;247;247m[48;2;247;247;247m▀[0m[38;2;171;174;174m[48;2;213;213;213m▀[0m[38;2;247;247;247m[48;2;247;247;247m▀[0m[38;2;153;153;147m[48;2;247;247;247m▀[0m[38;2;136;136;133m[48;2;83;79;76m▀[0m[38;2;247;247;247m[48;2;206;208;206m▀[0m[38;2;165;166;163m[48;2;226;227;225m▀[0m[38;2;247;247;247m[48;2;85;84;82m▀[0m[38;2;247;247;247m[48;2;247;247;247m▀[0m[38;2;247;247;247m[48;2;247;247;247m▀[0m[38;2;247;247;247m[48;2;247;247;247m▀[0m[38;2;247;247;247m[48;2;247;247;245m▀[0m[38;2;224;224;224m[48;2;219;222;222m▀[0m[38;2;247;247;247m[48;2;247;247;247m▀[0m[38;2;194;194;193m[48;2;135;139;136m▀[0m[38;2;6;8;10m[48;2;38;42;46m▀[0m[38;2;247;247;247m[48;2;247;247;247m▀[0m[38;2;247;247;247m[48;2;247;247;247m▀[0m[38;2;73;75;76m[48;2;150;150;147m▀[0m[38;2;0;0;0m[48;2;247;247;247m▀[0m[38;2;0;0;0m[48;2;44;47;44m▀[0m[38;2;185;184;184m[48;2;0;0;0m▀[0m[38;2;247;247;247m[48;2;81;83;83m▀[0m[38;2;0;0;0m[48;2;247;247;247m▀[0m[38;2;0;0;0m[48;2;30;30;30m▀[0m[38;2;0;0;0m[48;2;0;0;0m▀[0m[38;2;7;10;10m[48;2;0;0;0m▀[0m[38;2;247;247;247m[48;2;0;0;0m▀[0m[38;2;102;102;104m[48;2;0;0;0m▀[0m[38;2;0;0;0m[48;2;0;0;0m▀[0m[38;2;0;0;0m[48;2;0;0;0m▀[0m[38;2;0;0;0m[48;2;70;70;70m▀[0m[38;2;0;0;0m[48;2;0;0;0m▀[0m[38;2;0;0;0m[48;2;123;123;123m▀[0m[38;2;0;0;0m[48;2;244;246;247m▀[0m[38;2;0;1;0m[48;2;247;247;247m▀[0m[38;2;125;127;128m[48;2;194;196;196m▀[0m[38;2;237;244;242m[48;2;44;44;44m▀[0m[38;2;240;242;243m[48;2;0;0;0m▀[0m[38;2;111;113;113m[48;2;0;0;0m▀[0m[38;2;0;0;0m[48;2;0;0;0m▀[0m[38;2;0;0;0m[48;2;0;0;0m▀[0m[38;2;0;0;0m[48;2;0;0;0m▀[0m[38;2;0;0;0m[48;2;35;37;35m▀[0m
[38;2;0;0;0m[48;2;0;0;0m▀[0m[38;2;0;0;0m[48;2;0;0;0m▀[0m[38;2;79;0;0m[48;2;0;0;0m▀[0m[38;2;78;0;0m[48;2;52;0;0m▀[0m[38;2;83;50;47m[48;2;247;0;0m▀[0m[38;2;14;80;84m[48;2;130;0;0m▀[0m[38;2;75;90;96m[48;2;0;7;11m▀[0m[38;2;52;58;62m[48;2;0;0;0m▀[0m[38;2;0;0;0m[48;2;0;0;0m▀[0m[38;2;0;0;0m[48;2;0;0;0m▀[0m[38;2;0;0;0m[48;2;0;0;0m▀[0m[38;2;57;57;57m[48;2;0;0;0m▀[0m[38;2;153;153;153m[48;2;0;0;0m▀[0m[38;2;202;202;202m[48;2;0;0;0m▀[0m[38;2;189;189;189m[48;2;117;120;117m▀[0m[38;2;126;126;126m[48;2;247;247;247m▀[0m[38;2;118;117;118m[48;2;247;247;247m▀[0m[38;2;97;95;97m[48;2;247;247;247m▀[0m[38;2;0;0;0m[48;2;4;3;3m▀[0m[38;2;104;108;108m[48;2;247;247;247m▀[0m[38;2;247;247;247m[48;2;238;241;241m▀[0m[38;2;242;243;240m[48;2;247;247;247m▀[0m[38;2;0;0;0m[48;2;244;246;246m▀[0m[38;2;233;231;234m[48;2;247;247;247m▀[0m[38;2;247;247;247m[48;2;247;247;247m▀[0m[38;2;195;194;194m[48;2;156;159;159m▀[0m[38;2;243;240;243m[48;2;246;246;246m▀[0m[38;2;247;247;247m[48;2;247;247;247m▀[0m[38;2;204;204;202m[48;2;247;247;247m▀[0m[38;2;225;223;226m[48;2;204;203;203m▀[0m[38;2;247;247;247m[48;2;230;229;229m▀[0m[38;2;59;62;62m[48;2;39;39;39m▀[0m[38;2;226;224;226m[48;2;193;193;193m▀[0m[38;2;206;208;208m[48;2;214;217;217m▀[0m[38;2;240;240;242m[48;2;232;230;233m▀[0m[38;2;247;247;247m[48;2;247;247;247m▀[0m[38;2;247;247;247m[48;2;247;247;247m▀[0m[38;2;141;141;141m[48;2;247;247;247m▀[0m[38;2;247;247;247m[48;2;57;59;59m▀[0m[38;2;181;180;178m[48;2;247;247;247m▀[0m[38;2;81;81;78m[48;2;100;100;100m▀[0m[38;2;247;247;247m[48;2;190;190;191m▀[0m[38;2;247;247;247m[48;2;247;247;247m▀[0m[38;2;247;247;247m[48;2;247;247;247m▀[0m[38;2;177;179;181m[48;2;188;190;192m▀[0m[38;2;247;247;247m[48;2;247;247;247m▀[0m[38;2;76;78;80m[48;2;48;50;52m▀[0m[38;2;85;89;88m[48;2;124;126;127m▀[0m[38;2;247;247;247m[48;2;247;247;247m▀[0m[38;2;247;247;247m[48;2;247;247;247m▀[0m[38;2;185;185;182m[48;2;247;247;247m▀[0m[38;2;206;206;206m[48;2;194;194;194m▀[0m[38;2;247;247;247m[48;2;247;247;247m▀[0m[38;2;52;54;52m[48;2;247;247;247m▀[0m[38;2;0;0;0m[48;2;0;0;0m▀[0m[38;2;163;162;163m[48;2;32;35;37m▀[0m[38;2;247;247;247m[48;2;247;247;247m▀[0m[38;2;187;187;184m[48;2;247;247;247m▀[0m[38;2;0;0;0m[48;2;247;247;247m▀[0m[38;2;0;0;0m[48;2;103;103;100m▀[0m[38;2;0;0;0m[48;2;0;0;0m▀[0m[38;2;0;0;0m[48;2;0;0;0m▀[0m[38;2;0;0;0m[48;2;0;0;0m▀[0m[38;2;0;0;0m[48;2;0;0;0m▀[0m[38;2;0;0;0m[48;2;0;0;0m▀[0m[38;2;130;133;133m[48;2;0;0;0m▀[0m[38;2;84;84;84m[48;2;0;0;0m▀[0m[38;2;0;0;0m[48;2;0;0;0m▀[0m[38;2;0;0;0m[48;2;0;0;0m▀[0m[38;2;0;0;0m[48;2;0;0;0m▀[0m[38;2;0;0;0m[48;2;135;135;136m▀[0m[38;2;21;23;24m[48;2;247;247;247m▀[0m[38;2;0;0;0m[48;2;40;43;43m▀[0m[38;2;12;15;14m[48;2;80;83;87m▀[0m[38;2;74;78;81m[48;2;31;32;32m▀[0m[38;2;70;68;72m[48;2;0;0;0m▀[0m
