[38;2;247;247;247m[48;2;247;247;247m▀[0m[38;2;183;245;245m[48;2;145;205;203m▀[0m[38;2;0;0;0m[48;2;0;0;0m▀[0m[38;2;0;0;0m[48;2;0;0;0m▀[0m[38;2;0;0;0m[48;2;0;0;0m▀[0m[38;2;238;247;247m[48;2;244;247;247m▀[0m[38;2;247;247;247m[48;2;247;247;247m▀[0m[38;2;192;225;227m[48;2;141;174;177m▀[0m[38;2;228;247;247m[48;2;233;247;247m▀[0m[38;2;216;247;247m[48;2;218;247;247m▀[0m[38;2;226;247;247m[48;2;225;247;247m▀[0m[38;2;247;247;247m[48;2;247;247;247m▀[0m[38;2;181;229;233m[48;2;120;164;172m▀[0m[38;2;0;0;0m[48;2;0;0;0m▀[0m[38;2;0;0;0m[48;2;0;0;0m▀[0m[38;2;0;0;0m[48;2;11;33;39m▀[0m[38;2;50;89;96m[48;2;247;247;247m▀[0m[38;2;247;247;247m[48;2;247;247;247m▀[0m[38;2;221;247;247m[48;2;225;247;247m▀[0m[38;2;209;247;247m[48;2;201;247;247m▀[0m[38;2;210;247;247m[48;2;218;226;228m▀[0m[38;2;213;247;247m[48;2;220;231;237m▀[0m[38;2;210;247;247m[48;2;210;247;247m▀[0m[38;2;214;247;247m[48;2;215;247;247m▀[0m[38;2;214;247;247m[48;2;216;247;247m▀[0m[38;2;212;247;247m[48;2;214;247;247m▀[0m[38;2;214;247;247m[48;2;216;246;247m▀[0m[38;2;216;247;247m[48;2;216;247;247m▀[0m[38;2;216;247;247m[48;2;216;247;247m▀[0m[38;2;206;247;247m[48;2;210;247;247m▀[0m[38;2;233;204;205m[48;2;209;247;247m▀[0m[38;2;247;0;0m[48;2;247;0;0m▀[0m[38;2;247;0;0m[48;2;247;0;0m▀[0m[38;2;247;6;0m[48;2;247;101;84m▀[0m[38;2;247;0;0m[48;2;221;247;247m▀[0m[38;2;247;0;0m[48;2;247;0;0m▀[0m[38;2;247;0;0m[48;2;247;0;0m▀[0m[38;2;247;0;0m[48;2;247;0;0m▀[0m[38;2;247;0;0m[48;2;247;0;0m▀[0m[38;2;247;0;0m[48;2;247;0;0m▀[0m[38;2;247;0;0m[48;2;247;0;0m▀[0m[38;2;247;0;0m[48;2;247;0;0m▀[0m[38;2;247;0;0m[48;2;247;0;0m▀[0m[38;2;247;0;0m[48;2;247;0;0m▀[0m[38;2;247;0;0m[48;2;247;0;0m▀[0m[38;2;247;0;0m[48;2;247;0;0m▀[0m[38;2;247;0;0m[48;2;247;0;0m▀[0m[38;2;247;0;0m[48;2;247;0;0m▀[0m[38;2;247;0;0m[48;2;247;0;0m▀[0m[38;2;247;0;0m[48;2;223;196;195m▀[0m[38;2;200;247;247m[48;2;199;247;247m▀[0m[38;2;205;247;247m[48;2;209;247;247m▀[0m[38;2;209;247;247m[48;2;209;247;247m▀[0m[38;2;206;247;246m[48;2;208;247;247m▀[0m[38;2;209;247;247m[48;2;209;247;247m▀[0m[38;2;210;247;247m[48;2;212;247;247m▀[0m[38;2;212;247;247m[48;2;214;247;247m▀[0m[38;2;216;247;247m[48;2;216;247;247m▀[0m[38;2;215;247;247m[48;2;222;231;240m▀[0m[38;2;209;247;247m[48;2;226;226;227m▀[0m[38;2;213;247;247m[48;2;220;247;247m▀[0m[38;2;230;247;247m[48;2;234;247;247m▀[0m[38;2;245;247;247m[48;2;247;247;247m▀[0m[38;2;0;2;1m[48;2;247;247;247m▀[0m[38;2;0;0;0m[48;2;0;0;0m▀[0m[38;2;0;6;4m[48;2;0;0;0m▀[0m[38;2;0;0;0m[48;2;0;0;0m▀[0m[38;2;247;247;247m[48;2;195;233;230m▀[0m[38;2;247;247;247m[48;2;247;247;247m▀[0m[38;2;227;247;247m[48;2;226;247;247m▀[0m[38;2;228;247;247m[48;2;227;247;247m▀[0m[38;2;212;247;247m[48;2;200;243;247m▀[0m[38;2;247;247;247m[48;2;247;247;247m▀[0m[38;2;163;212;218m[48;2;194;247;247m▀[0m[38;2;0;0;0m[48;2;0;0;0m▀[0m[38;2;0;0;0m[48;2;0;0;0m▀[0m
[38;2;247;247;247m[48;2;247;247;247m▀[0m[38;2;113;160;162m[48;2;74;119;119m▀[0m[38;2;0;0;0m[48;2;0;0;0m▀[0m[38;2;0;0;0m[48;2;0;0;0m▀[0m[38;2;0;0;0m[48;2;0;0;0m▀[0m[38;2;240;247;247m[48;2;226;247;247m▀[0m[38;2;247;247;247m[48;2;247;247;247m▀[0m[38;2;117;151;151m[48;2;117;152;155m▀[0m[38;2;229;247;247m[48;2;228;247;247m▀[0m[38;2;220;247;247m[48;2;228;247;247m▀[0m[38;2;226;247;247m[48;2;226;247;247m▀[0m[38;2;247;247;247m[48;2;247;247;247m▀[0m[38;2;78;112;115m[48;2;65;91;89m▀[0m[38;2;0;0;0m[48;2;0;0;0m▀[0m[38;2;0;0;0m[48;2;150;207;210m▀[0m[38;2;247;247;247m[48;2;247;247;247m▀[0m[38;2;247;247;247m[48;2;196;247;247m▀[0m[38;2;201;247;247m[48;2;236;60;63m▀[0m[38;2;194;144;141m[48;2;247;86;64m▀[0m[38;2;247;103;79m[48;2;247;121;89m▀[0m[38;2;247;92;63m[48;2;247;97;64m▀[0m[38;2;247;96;77m[48;2;247;88;55m▀[0m[38;2;247;129;122m[48;2;247;75;52m▀[0m[38;2;222;215;219m[48;2;247;129;128m▀[0m[38;2;218;247;247m[48;2;219;243;247m▀[0m[38;2;216;247;247m[48;2;215;247;247m▀[0m[38;2;216;246;247m[48;2;216;246;247m▀[0m[38;2;216;247;247m[48;2;214;247;247m▀[0m[38;2;216;247;247m[48;2;215;247;247m▀[0m[38;2;216;247;247m[48;2;213;247;247m▀[0m[38;2;206;247;247m[48;2;205;247;247m▀[0m[38;2;247;136;136m[48;2;231;221;217m▀[0m[38;2;247;0;0m[48;2;247;68;52m▀[0m[38;2;247;0;0m[48;2;204;247;247m▀[0m[38;2;247;156;155m[48;2;247;68;63m▀[0m[38;2;230;237;225m[48;2;247;0;0m▀[0m[38;2;247;0;0m[48;2;247;0;0m▀[0m[38;2;247;0;0m[48;2;247;0;0m▀[0m[38;2;247;0;0m[48;2;247;0;0m▀[0m[38;2;247;0;0m[48;2;247;0;0m▀[0m[38;2;247;0;0m[48;2;247;0;0m▀[0m[38;2;247;0;0m[48;2;247;0;0m▀[0m[38;2;247;0;0m[48;2;247;0;0m▀[0m[38;2;247;0;0m[48;2;247;0;0m▀[0m[38;2;247;0;0m[48;2;247;0;0m▀[0m[38;2;247;0;0m[48;2;247;0;0m▀[0m[38;2;247;0;0m[48;2;247;0;0m▀[0m[38;2;247;0;0m[48;2;247;0;0m▀[0m[38;2;247;0;0m[48;2;228;218;214m▀[0m[38;2;195;247;247m[48;2;199;247;247m▀[0m[38;2;195;247;247m[48;2;203;247;247m▀[0m[38;2;208;247;247m[48;2;205;247;247m▀[0m[38;2;210;247;247m[48;2;210;247;247m▀[0m[38;2;209;247;247m[48;2;209;247;247m▀[0m[38;2;210;247;247m[48;2;206;247;247m▀[0m[38;2;215;247;247m[48;2;216;247;247m▀[0m[38;2;220;231;245m[48;2;236;172;183m▀[0m[38;2;240;162;162m[48;2;247;87;64m▀[0m[38;2;247;112;90m[48;2;247;85;55m▀[0m[38;2;247;97;68m[48;2;247;91;62m▀[0m[38;2;247;96;80m[48;2;247;109;75m▀[0m[38;2;203;176;183m[48;2;247;89;66m▀[0m[38;2;216;247;247m[48;2;200;77;74m▀[0m[38;2;247;247;247m[48;2;196;247;247m▀[0m[38;2;229;247;247m[48;2;247;247;247m▀[0m[38;2;0;0;0m[48;2;96;122;123m▀[0m[38;2;0;0;0m[48;2;0;0;0m▀[0m[38;2;159;196;194m[48;2;168;214;209m▀[0m[38;2;247;247;247m[48;2;247;247;247m▀[0m[38;2;227;247;247m[48;2;232;247;247m▀[0m[38;2;215;247;247m[48;2;211;245;244m▀[0m[38;2;187;226;236m[48;2;149;192;195m▀[0m[38;2;247;247;247m[48;2;247;247;247m▀[0m[38;2;212;247;247m[48;2;203;247;247m▀[0m[38;2;0;0;0m[48;2;0;0;0m▀[0m[38;2;0;0;0m[48;2;0;0;0m▀[0m
[38;2;247;247;247m[48;2;247;247;247m▀[0m[38;2;36;74;74m[48;2;26;46;49m▀[0m[38;2;0;0;0m[48;2;0;0;0m▀[0m[38;2;0;0;0m[48;2;0;0;0m▀[0m[38;2;0;0;0m[48;2;0;0;0m▀[0m[38;2;147;199;197m[48;2;14;43;47m▀[0m[38;2;247;247;247m[48;2;247;247;247m▀[0m[38;2;108;151;156m[48;2;115;161;161m▀[0m[38;2;198;236;237m[48;2;161;199;197m▀[0m[38;2;236;247;247m[48;2;247;247;247m▀[0m[38;2;228;247;247m[48;2;226;247;247m▀[0m[38;2;247;247;247m[48;2;247;247;247m▀[0m[38;2;117;154;147m[48;2;86;113;110m▀[0m[38;2;0;0;0m[48;2;152;209;212m▀[0m[38;2;247;247;247m[48;2;247;247;247m▀[0m[38;2;220;247;247m[48;2;164;86;93m▀[0m[38;2;219;40;40m[48;2;247;61;45m▀[0m[38;2;245;40;28m[48;2;0;0;0m▀[0m[38;2;22;0;0m[48;2;182;0;0m▀[0m[38;2;174;0;0m[48;2;247;47;50m▀[0m[38;2;247;107;77m[48;2;247;28;10m▀[0m[38;2;247;89;64m[48;2;247;118;106m▀[0m[38;2;247;75;50m[48;2;247;86;79m▀[0m[38;2;247;108;103m[48;2;247;126;129m▀[0m[38;2;220;231;235m[48;2;210;244;247m▀[0m[38;2;216;247;247m[48;2;214;247;247m▀[0m[38;2;216;246;247m[48;2;217;246;247m▀[0m[38;2;212;247;246m[48;2;207;247;246m▀[0m[38;2;209;247;246m[48;2;224;246;245m▀[0m[38;2;208;247;247m[48;2;233;247;246m▀[0m[38;2;208;247;247m[48;2;214;247;247m▀[0m[38;2;220;247;247m[48;2;209;247;247m▀[0m[38;2;247;43;21m[48;2;245;95;87m▀[0m[38;2;210;247;247m[48;2;219;247;247m▀[0m[38;2;209;247;247m[48;2;215;247;247m▀[0m[38;2;247;73;77m[48;2;216;247;247m▀[0m[38;2;247;0;0m[48;2;247;0;0m▀[0m[38;2;247;0;0m[48;2;247;0;0m▀[0m[38;2;247;0;0m[48;2;247;0;0m▀[0m[38;2;247;0;0m[48;2;247;0;0m▀[0m[38;2;247;0;0m[48;2;247;0;0m▀[0m[38;2;247;0;0m[48;2;247;0;0m▀[0m[38;2;247;0;0m[48;2;247;0;0m▀[0m[38;2;247;0;0m[48;2;247;0;0m▀[0m[38;2;247;0;0m[48;2;196;247;247m▀[0m[38;2;231;188;185m[48;2;209;247;247m▀[0m[38;2;247;0;0m[48;2;247;0;0m▀[0m[38;2;247;0;0m[48;2;243;74;70m▀[0m[38;2;204;247;247m[48;2;200;247;247m▀[0m[38;2;204;247;247m[48;2;208;247;247m▀[0m[38;2;205;247;247m[48;2;219;247;247m▀[0m[38;2;204;247;247m[48;2;222;245;245m▀[0m[38;2;208;247;247m[48;2;206;247;247m▀[0m[38;2;210;247;247m[48;2;206;247;247m▀[0m[38;2;206;247;247m[48;2;208;247;247m▀[0m[38;2;215;247;247m[48;2;214;247;247m▀[0m[38;2;243;141;144m[48;2;229;139;145m▀[0m[38;2;247;68;37m[48;2;247;102;86m▀[0m[38;2;247;71;37m[48;2;247;140;129m▀[0m[38;2;247;102;65m[48;2;247;107;82m▀[0m[38;2;132;34;19m[48;2;141;31;20m▀[0m[38;2;39;0;0m[48;2;72;151;149m▀[0m[38;2;247;4;4m[48;2;51;0;0m▀[0m[38;2;194;57;64m[48;2;247;50;62m▀[0m[38;2;218;247;247m[48;2;181;125;134m▀[0m[38;2;247;247;247m[48;2;247;247;247m▀[0m[38;2;0;9;0m[48;2;79;116;113m▀[0m[38;2;245;247;247m[48;2;170;219;211m▀[0m[38;2;247;247;247m[48;2;247;247;247m▀[0m[38;2;243;247;247m[48;2;247;247;247m▀[0m[38;2;195;229;231m[48;2;171;213;213m▀[0m[38;2;132;175;180m[48;2;141;185;191m▀[0m[38;2;247;247;247m[48;2;247;247;247m▀[0m[38;2;169;217;221m[48;2;133;173;177m▀[0m[38;2;0;0;0m[48;2;0;0;0m▀[0m[38;2;0;0;0m[48;2;0;0;0m▀[0m
[38;2;247;247;247m[48;2;247;247;247m▀[0m[38;2;10;32;32m[48;2;0;28;29m▀[0m[38;2;0;0;0m[48;2;0;0;0m▀[0m[38;2;0;0;0m[48;2;0;0;0m▀[0m[38;2;0;0;0m[48;2;0;0;0m▀[0m[38;2;0;0;0m[48;2;0;0;0m▀[0m[38;2;226;247;247m[48;2;126;177;175m▀[0m[38;2;162;217;218m[48;2;196;247;247m▀[0m[38;2;134;167;168m[48;2;107;148;153m▀[0m[38;2;247;247;247m[48;2;247;247;247m▀[0m[38;2;241;247;247m[48;2;247;247;247m▀[0m[38;2;221;247;247m[48;2;124;163;160m▀[0m[38;2;18;44;48m[48;2;55;93;94m▀[0m[38;2;247;247;247m[48;2;247;247;247m▀[0m[38;2;180;190;198m[48;2;206;104;108m▀[0m[38;2;236;50;33m[48;2;247;96;72m▀[0m[38;2;226;106;91m[48;2;247;104;90m▀[0m[38;2;108;0;0m[48;2;247;0;0m▀[0m[38;2;247;0;0m[48;2;247;0;0m▀[0m[38;2;247;41;35m[48;2;247;87;71m▀[0m[38;2;247;184;183m[48;2;240;201;200m▀[0m[38;2;236;247;247m[48;2;236;247;247m▀[0m[38;2;224;247;247m[48;2;218;247;247m▀[0m[38;2;215;211;217m[48;2;219;242;247m▀[0m[38;2;220;247;247m[48;2;219;247;247m▀[0m[38;2;209;247;247m[48;2;213;247;247m▀[0m[38;2;206;247;247m[48;2;211;247;247m▀[0m[38;2;229;247;246m[48;2;243;246;245m▀[0m[38;2;247;247;247m[48;2;247;247;247m▀[0m[38;2;247;247;247m[48;2;247;247;247m▀[0m[38;2;247;247;247m[48;2;247;247;244m▀[0m[38;2;210;247;247m[48;2;202;247;245m▀[0m[38;2;202;247;247m[48;2;208;247;247m▀[0m[38;2;218;247;247m[48;2;219;247;247m▀[0m[38;2;216;247;247m[48;2;220;247;247m▀[0m[38;2;209;247;247m[48;2;213;247;247m▀[0m[38;2;247;40;40m[48;2;245;139;138m▀[0m[38;2;247;0;0m[48;2;247;0;0m▀[0m[38;2;247;0;0m[48;2;247;0;0m▀[0m[38;2;247;0;0m[48;2;247;0;0m▀[0m[38;2;247;0;0m[48;2;247;0;0m▀[0m[38;2;247;0;0m[48;2;247;0;0m▀[0m[38;2;247;0;0m[48;2;247;9;3m▀[0m[38;2;244;165;160m[48;2;205;247;247m▀[0m[38;2;212;247;247m[48;2;216;247;247m▀[0m[38;2;225;247;247m[48;2;225;247;247m▀[0m[38;2;247;0;0m[48;2;247;0;0m▀[0m[38;2;215;196;192m[48;2;204;247;247m▀[0m[38;2;203;247;247m[48;2;199;247;247m▀[0m[38;2;229;247;247m[48;2;221;247;247m▀[0m[38;2;247;247;247m[48;2;247;247;247m▀[0m[38;2;247;247;245m[48;2;247;247;247m▀[0m[38;2;247;246;244m[48;2;247;247;244m▀[0m[38;2;207;247;247m[48;2;209;247;247m▀[0m[38;2;209;247;247m[48;2;209;247;247m▀[0m[38;2;213;247;247m[48;2;214;247;247m▀[0m[38;2;214;211;224m[48;2;214;237;247m▀[0m[38;2;247;247;247m[48;2;230;247;247m▀[0m[38;2;247;247;247m[48;2;225;243;247m▀[0m[38;2;237;211;217m[48;2;243;157;161m▀[0m[38;2;247;79;58m[48;2;247;152;148m▀[0m[38;2;247;0;0m[48;2;247;0;0m▀[0m[38;2;235;0;0m[48;2;247;0;0m▀[0m[38;2;247;34;37m[48;2;247;12;5m▀[0m[38;2;247;104;112m[48;2;238;148;132m▀[0m[38;2;212;220;225m[48;2;214;146;145m▀[0m[38;2;154;225;225m[48;2;233;247;247m▀[0m[38;2;62;94;86m[48;2;26;62;62m▀[0m[38;2;247;247;247m[48;2;228;247;247m▀[0m[38;2;247;247;247m[48;2;247;247;247m▀[0m[38;2;149;194;198m[48;2;143;194;194m▀[0m[38;2;161;203;212m[48;2;188;235;242m▀[0m[38;2;247;247;247m[48;2;213;247;247m▀[0m[38;2;81;107;108m[48;2;0;0;5m▀[0m[38;2;0;0;0m[48;2;0;0;0m▀[0m[38;2;0;0;0m[48;2;0;0;0m▀[0m
[38;2;247;247;247m[48;2;247;247;247m▀[0m[38;2;0;34;41m[48;2;31;70;74m▀[0m[38;2;0;0;0m[48;2;0;0;0m▀[0m[38;2;0;0;0m[48;2;0;0;0m▀[0m[38;2;0;0;0m[48;2;0;0;0m▀[0m[38;2;0;0;0m[48;2;0;0;0m▀[0m[38;2;16;40;47m[48;2;1;19;23m▀[0m[38;2;140;211;210m[48;2;46;103;107m▀[0m[38;2;123;161;171m[48;2;113;168;172m▀[0m[38;2;247;247;247m[48;2;247;247;247m▀[0m[38;2;247;247;247m[48;2;247;247;247m▀[0m[38;2;51;73;73m[48;2;15;33;31m▀[0m[38;2;129;179;181m[48;2;181;235;236m▀[0m[38;2;247;247;247m[48;2;247;247;247m▀[0m[38;2;247;132;126m[48;2;235;171;165m▀[0m[38;2;247;114;91m[48;2;247;124;101m▀[0m[38;2;247;46;35m[48;2;247;1;0m▀[0m[38;2;247;0;0m[48;2;247;0;0m▀[0m[38;2;247;155;139m[48;2;243;177;162m▀[0m[38;2;238;159;142m[48;2;237;155;138m▀[0m[38;2;235;128;119m[48;2;235;169;160m▀[0m[38;2;223;144;147m[48;2;226;204;213m▀[0m[38;2;216;211;223m[48;2;216;247;247m▀[0m[38;2;218;247;247m[48;2;215;247;247m▀[0m[38;2;215;247;247m[48;2;217;247;247m▀[0m[38;2;217;246;247m[48;2;218;247;247m▀[0m[38;2;216;246;247m[48;2;218;247;246m▀[0m[38;2;218;247;247m[48;2;213;247;246m▀[0m[38;2;243;247;246m[48;2;208;247;246m▀[0m[38;2;237;247;246m[48;2;207;247;247m▀[0m[38;2;220;247;244m[48;2;217;247;247m▀[0m[38;2;242;245;244m[48;2;236;247;245m▀[0m[38;2;215;247;246m[48;2;220;247;246m▀[0m[38;2;220;247;247m[48;2;221;247;247m▀[0m[38;2;223;247;247m[48;2;221;247;247m▀[0m[38;2;224;247;247m[48;2;225;247;247m▀[0m[38;2;228;222;219m[48;2;221;247;247m▀[0m[38;2;247;0;0m[48;2;247;0;0m▀[0m[38;2;247;0;0m[48;2;247;0;0m▀[0m[38;2;247;0;0m[48;2;247;0;0m▀[0m[38;2;247;0;0m[48;2;247;0;0m▀[0m[38;2;247;0;0m[48;2;247;0;0m▀[0m[38;2;232;215;209m[48;2;219;247;247m▀[0m[38;2;212;247;247m[48;2;218;247;247m▀[0m[38;2;216;247;247m[48;2;219;247;247m▀[0m[38;2;226;247;247m[48;2;226;247;247m▀[0m[38;2;247;0;0m[48;2;247;13;0m▀[0m[38;2;200;247;247m[48;2;212;247;247m▀[0m[38;2;221;247;247m[48;2;213;247;247m▀[0m[38;2;228;247;247m[48;2;215;247;247m▀[0m[38;2;215;247;246m[48;2;212;246;246m▀[0m[38;2;226;247;245m[48;2;211;247;246m▀[0m[38;2;213;247;246m[48;2;217;247;247m▀[0m[38;2;212;247;247m[48;2;215;247;247m▀[0m[38;2;213;247;247m[48;2;213;247;247m▀[0m[38;2;215;247;247m[48;2;214;247;247m▀[0m[38;2;214;247;247m[48;2;215;247;247m▀[0m[38;2;208;208;222m[48;2;215;247;247m▀[0m[38;2;241;145;141m[48;2;224;216;219m▀[0m[38;2;247;135;126m[48;2;240;163;161m▀[0m[38;2;246;159;151m[48;2;246;149;142m▀[0m[38;2;247;154;153m[48;2;238;181;181m▀[0m[38;2;247;0;0m[48;2;247;0;0m▀[0m[38;2;247;0;0m[48;2;247;0;0m▀[0m[38;2;233;161;141m[48;2;236;172;159m▀[0m[38;2;225;179;176m[48;2;226;195;198m▀[0m[38;2;247;247;247m[48;2;247;247;247m▀[0m[38;2;55;90;89m[48;2;99;130;129m▀[0m[38;2;169;218;216m[48;2;129;169;166m▀[0m[38;2;247;247;247m[48;2;247;247;247m▀[0m[38;2;131;192;188m[48;2;110;171;174m▀[0m[38;2;160;212;216m[48;2;158;206;210m▀[0m[38;2;170;246;246m[48;2;179;247;247m▀[0m[38;2;0;0;0m[48;2;0;0;0m▀[0m[38;2;0;0;0m[48;2;0;0;0m▀[0m[38;2;0;0;0m[48;2;0;0;0m▀[0m
[38;2;247;247;247m[48;2;247;247;247m▀[0m[38;2;83;125;125m[48;2;142;194;194m▀[0m[38;2;0;0;0m[48;2;0;0;0m▀[0m[38;2;0;0;0m[48;2;0;0;0m▀[0m[38;2;0;0;0m[48;2;0;0;0m▀[0m[38;2;0;0;0m[48;2;0;0;0m▀[0m[38;2;34;49;50m[48;2;0;0;0m▀[0m[38;2;160;212;206m[48;2;226;247;247m▀[0m[38;2;38;81;89m[48;2;32;73;74m▀[0m[38;2;247;247;247m[48;2;224;247;247m▀[0m[38;2;247;247;247m[48;2;247;247;247m▀[0m[38;2;0;15;12m[48;2;0;7;1m▀[0m[38;2;214;247;247m[48;2;221;247;247m▀[0m[38;2;245;247;247m[48;2;240;247;247m▀[0m[38;2;229;235;242m[48;2;219;247;247m▀[0m[38;2;243;162;161m[48;2;218;247;247m▀[0m[38;2;247;0;0m[48;2;247;70;74m▀[0m[38;2;247;0;0m[48;2;247;0;0m▀[0m[38;2;241;197;186m[48;2;219;247;247m▀[0m[38;2;232;194;192m[48;2;220;247;247m▀[0m[38;2;226;229;235m[48;2;220;247;247m▀[0m[38;2;219;247;247m[48;2;219;247;247m▀[0m[38;2;216;247;247m[48;2;219;247;247m▀[0m[38;2;219;247;247m[48;2;221;247;247m▀[0m[38;2;219;247;247m[48;2;221;247;247m▀[0m[38;2;218;247;247m[48;2;221;247;247m▀[0m[38;2;219;247;245m[48;2;221;247;247m▀[0m[38;2;220;246;246m[48;2;221;247;245m▀[0m[38;2;220;247;246m[48;2;220;247;247m▀[0m[38;2;222;247;247m[48;2;222;245;245m▀[0m[38;2;222;247;247m[48;2;222;247;247m▀[0m[38;2;219;247;247m[48;2;222;247;247m▀[0m[38;2;223;247;246m[48;2;222;247;247m▀[0m[38;2;222;246;247m[48;2;223;247;247m▀[0m[38;2;221;247;247m[48;2;223;247;247m▀[0m[38;2;224;247;247m[48;2;220;247;247m▀[0m[38;2;220;247;247m[48;2;226;247;247m▀[0m[38;2;247;0;0m[48;2;247;0;0m▀[0m[38;2;247;39;35m[48;2;247;0;0m▀[0m[38;2;210;247;247m[48;2;247;39;43m▀[0m[38;2;247;0;0m[48;2;247;0;0m▀[0m[38;2;247;15;14m[48;2;247;40;39m▀[0m[38;2;215;247;247m[48;2;214;247;247m▀[0m[38;2;223;247;247m[48;2;219;247;247m▀[0m[38;2;219;247;247m[48;2;224;247;247m▀[0m[38;2;227;247;247m[48;2;233;247;247m▀[0m[38;2;247;17;9m[48;2;247;9;4m▀[0m[38;2;216;247;247m[48;2;218;247;247m▀[0m[38;2;223;247;247m[48;2;224;247;247m▀[0m[38;2;221;247;247m[48;2;220;247;247m▀[0m[38;2;222;247;245m[48;2;221;247;245m▀[0m[38;2;222;247;247m[48;2;219;247;245m▀[0m[38;2;218;247;246m[48;2;221;247;245m▀[0m[38;2;218;247;247m[48;2;221;247;245m▀[0m[38;2;217;247;247m[48;2;221;247;247m▀[0m[38;2;216;247;247m[48;2;218;247;245m▀[0m[38;2;215;247;247m[48;2;216;247;246m▀[0m[38;2;214;247;247m[48;2;218;247;247m▀[0m[38;2;215;247;247m[48;2;216;247;247m▀[0m[38;2;223;229;233m[48;2;216;247;247m▀[0m[38;2;233;189;190m[48;2;218;247;247m▀[0m[38;2;229;194;198m[48;2;210;247;247m▀[0m[38;2;247;10;7m[48;2;247;45;43m▀[0m[38;2;247;5;0m[48;2;247;70;56m▀[0m[38;2;228;199;194m[48;2;203;247;247m▀[0m[38;2;215;234;241m[48;2;216;247;247m▀[0m[38;2;247;247;247m[48;2;247;247;247m▀[0m[38;2;128;159;159m[48;2;139;170;169m▀[0m[38;2;100;147;145m[48;2;101;145;144m▀[0m[38;2;247;247;247m[48;2;247;247;247m▀[0m[38;2;85;141;144m[48;2;8;26;31m▀[0m[38;2;195;247;247m[48;2;247;247;247m▀[0m[38;2;145;197;194m[48;2;85;118;118m▀[0m[38;2;0;0;0m[48;2;0;0;0m▀[0m[38;2;0;0;0m[48;2;0;0;0m▀[0m[38;2;0;0;0m[48;2;0;0;0m▀[0m
[38;2;247;247;247m[48;2;247;247;247m▀[0m[38;2;226;247;247m[48;2;247;247;247m▀[0m[38;2;0;0;0m[48;2;0;0;0m▀[0m[38;2;0;0;0m[48;2;0;0;0m▀[0m[38;2;0;0;0m[48;2;0;0;0m▀[0m[38;2;0;0;0m[48;2;0;0;0m▀[0m[38;2;0;0;0m[48;2;0;0;0m▀[0m[38;2;173;234;240m[48;2;111;156;160m▀[0m[38;2;78;123;127m[48;2;150;207;214m▀[0m[38;2;168;218;224m[48;2;138;176;187m▀[0m[38;2;247;247;247m[48;2;247;247;247m▀[0m[38;2;0;8;4m[48;2;0;10;12m▀[0m[38;2;219;247;247m[48;2;200;230;227m▀[0m[38;2;244;247;247m[48;2;247;247;247m▀[0m[38;2;215;247;247m[48;2;220;247;247m▀[0m[38;2;210;247;247m[48;2;216;247;247m▀[0m[38;2;243;170;168m[48;2;238;203;196m▀[0m[38;2;247;13;12m[48;2;247;0;0m▀[0m[38;2;218;247;247m[48;2;220;247;247m▀[0m[38;2;218;247;247m[48;2;218;247;247m▀[0m[38;2;218;247;247m[48;2;218;247;247m▀[0m[38;2;219;247;247m[48;2;220;246;246m▀[0m[38;2;219;247;245m[48;2;223;246;245m▀[0m[38;2;223;246;246m[48;2;223;246;245m▀[0m[38;2;223;247;247m[48;2;223;246;245m▀[0m[38;2;223;245;247m[48;2;223;246;245m▀[0m[38;2;222;247;245m[48;2;222;245;245m▀[0m[38;2;223;246;246m[48;2;224;246;246m▀[0m[38;2;223;246;247m[48;2;223;246;246m▀[0m[38;2;222;245;245m[48;2;223;245;245m▀[0m[38;2;222;247;245m[48;2;225;247;247m▀[0m[38;2;222;247;247m[48;2;226;247;247m▀[0m[38;2;222;247;247m[48;2;223;247;247m▀[0m[38;2;224;247;247m[48;2;226;247;247m▀[0m[38;2;224;247;247m[48;2;229;247;247m▀[0m[38;2;224;247;247m[48;2;228;224;213m▀[0m[38;2;247;42;38m[48;2;247;0;0m▀[0m[38;2;247;0;0m[48;2;247;70;64m▀[0m[38;2;247;46;41m[48;2;214;247;247m▀[0m[38;2;247;0;0m[48;2;230;247;247m▀[0m[38;2;247;0;0m[48;2;247;0;0m▀[0m[38;2;247;0;0m[48;2;247;0;0m▀[0m[38;2;229;204;190m[48;2;222;199;193m▀[0m[38;2;223;247;247m[48;2;223;247;247m▀[0m[38;2;224;247;247m[48;2;223;247;247m▀[0m[38;2;230;247;247m[48;2;227;247;247m▀[0m[38;2;247;0;0m[48;2;247;0;0m▀[0m[38;2;212;247;247m[48;2;226;215;215m▀[0m[38;2;226;247;247m[48;2;225;247;247m▀[0m[38;2;221;247;247m[48;2;221;247;247m▀[0m[38;2;222;247;245m[48;2;222;247;247m▀[0m[38;2;221;246;246m[48;2;223;246;246m▀[0m[38;2;219;247;245m[48;2;223;246;247m▀[0m[38;2;220;246;246m[48;2;220;247;247m▀[0m[38;2;219;247;246m[48;2;220;246;247m▀[0m[38;2;218;247;247m[48;2;221;246;246m▀[0m[38;2;217;247;246m[48;2;220;246;246m▀[0m[38;2;217;247;247m[48;2;217;246;246m▀[0m[38;2;216;247;247m[48;2;217;246;246m▀[0m[38;2;218;247;247m[48;2;218;247;247m▀[0m[38;2;218;247;247m[48;2;219;247;247m▀[0m[38;2;214;247;247m[48;2;218;247;247m▀[0m[38;2;247;22;26m[48;2;247;0;0m▀[0m[38;2;243;135;131m[48;2;222;203;200m▀[0m[38;2;212;247;247m[48;2;213;247;247m▀[0m[38;2;215;247;247m[48;2;219;247;247m▀[0m[38;2;247;247;247m[48;2;247;247;247m▀[0m[38;2;132;160;156m[48;2;91;118;114m▀[0m[38;2;118;161;159m[48;2;150;194;197m▀[0m[38;2;193;247;247m[48;2;118;169;170m▀[0m[38;2;0;19;20m[48;2;74;110;112m▀[0m[38;2;247;247;247m[48;2;247;247;247m▀[0m[38;2;16;27;30m[48;2;0;0;0m▀[0m[38;2;0;0;0m[48;2;0;0;0m▀[0m[38;2;0;0;0m[48;2;0;0;0m▀[0m[38;2;0;0;0m[48;2;0;0;1m▀[0m
[38;2;213;247;247m[48;2;13;28;26m▀[0m[38;2;247;247;247m[48;2;247;247;247m▀[0m[38;2;10;31;29m[48;2;94;126;125m▀[0m[38;2;0;0;0m[48;2;0;0;0m▀[0m[38;2;0;0;0m[48;2;0;0;0m▀[0m[38;2;0;0;0m[48;2;0;0;0m▀[0m[38;2;0;0;0m[48;2;0;0;0m▀[0m[38;2;40;69;70m[48;2;0;10;6m▀[0m[38;2;236;247;247m[48;2;247;247;247m▀[0m[38;2;108;149;160m[48;2;206;247;247m▀[0m[38;2;247;247;247m[48;2;247;247;247m▀[0m[38;2;29;55;56m[48;2;116;164;172m▀[0m[38;2;142;166;159m[48;2;37;48;45m▀[0m[38;2;247;247;247m[48;2;247;247;247m▀[0m[38;2;225;247;247m[48;2;227;247;247m▀[0m[38;2;215;247;247m[48;2;221;247;247m▀[0m[38;2;225;247;247m[48;2;220;247;247m▀[0m[38;2;247;0;0m[48;2;247;0;0m▀[0m[38;2;219;247;247m[48;2;238;170;164m▀[0m[38;2;220;247;247m[48;2;219;247;247m▀[0m[38;2;218;247;247m[48;2;220;247;247m▀[0m[38;2;220;246;246m[48;2;222;247;247m▀[0m[38;2;222;245;247m[48;2;221;247;247m▀[0m[38;2;222;245;245m[48;2;223;246;247m▀[0m[38;2;223;246;246m[48;2;223;246;247m▀[0m[38;2;223;246;247m[48;2;222;246;247m▀[0m[38;2;222;245;247m[48;2;225;247;247m▀[0m[38;2;223;245;245m[48;2;228;247;247m▀[0m[38;2;223;247;247m[48;2;228;247;247m▀[0m[38;2;225;247;247m[48;2;232;247;247m▀[0m[38;2;227;247;247m[48;2;247;247;247m▀[0m[38;2;228;247;247m[48;2;247;247;247m▀[0m[38;2;247;247;247m[48;2;166;189;189m▀[0m[38;2;247;247;247m[48;2;72;90;94m▀[0m[38;2;218;247;247m[48;2;200;247;247m▀[0m[38;2;247;0;0m[48;2;247;172;168m▀[0m[38;2;247;0;0m[48;2;244;163;157m▀[0m[38;2;215;247;247m[48;2;216;247;247m▀[0m[38;2;218;247;247m[48;2;223;247;247m▀[0m[38;2;226;247;247m[48;2;224;247;247m▀[0m[38;2;247;0;0m[48;2;247;0;0m▀[0m[38;2;247;61;54m[48;2;247;97;94m▀[0m[38;2;219;247;247m[48;2;224;247;247m▀[0m[38;2;221;247;247m[48;2;224;247;247m▀[0m[38;2;234;191;192m[48;2;224;238;234m▀[0m[38;2;240;173;167m[48;2;247;64;64m▀[0m[38;2;247;0;0m[48;2;247;0;0m▀[0m[38;2;247;79;77m[48;2;247;0;0m▀[0m[38;2;223;247;247m[48;2;247;247;247m▀[0m[38;2;223;247;247m[48;2;247;247;247m▀[0m[38;2;225;247;247m[48;2;230;247;247m▀[0m[38;2;223;247;247m[48;2;227;247;247m▀[0m[38;2;223;247;247m[48;2;228;247;247m▀[0m[38;2;223;247;247m[48;2;227;247;247m▀[0m[38;2;222;245;247m[48;2;226;245;246m▀[0m[38;2;221;246;247m[48;2;223;246;246m▀[0m[38;2;220;246;244m[48;2;221;246;246m▀[0m[38;2;221;246;246m[48;2;221;246;246m▀[0m[38;2;221;244;246m[48;2;221;247;247m▀[0m[38;2;218;247;247m[48;2;219;247;247m▀[0m[38;2;219;247;247m[48;2;223;247;247m▀[0m[38;2;219;247;247m[48;2;241;154;149m▀[0m[38;2;247;0;0m[48;2;247;0;0m▀[0m[38;2;216;247;247m[48;2;221;247;247m▀[0m[38;2;215;247;247m[48;2;225;247;247m▀[0m[38;2;228;247;247m[48;2;247;247;247m▀[0m[38;2;247;247;247m[48;2;212;247;246m▀[0m[38;2;43;64;60m[48;2;20;42;41m▀[0m[38;2;194;247;247m[48;2;247;247;247m▀[0m[38;2;89;132;137m[48;2;55;88;93m▀[0m[38;2;194;240;244m[48;2;247;247;247m▀[0m[38;2;247;247;247m[48;2;172;223;229m▀[0m[38;2;0;0;0m[48;2;0;0;0m▀[0m[38;2;0;0;0m[48;2;0;0;0m▀[0m[38;2;0;0;0m[48;2;0;0;0m▀[0m[38;2;0;1;1m[48;2;0;1;1m▀[0m
[38;2;5;23;31m[48;2;189;237;247m▀[0m[38;2;200;237;230m[48;2;36;55;51m▀[0m[38;2;203;247;247m[48;2;247;247;247m▀[0m[38;2;0;0;0m[48;2;0;0;0m▀[0m[38;2;0;0;0m[48;2;0;0;0m▀[0m[38;2;0;0;0m[48;2;0;0;0m▀[0m[38;2;0;0;0m[48;2;0;0;0m▀[0m[38;2;0;0;0m[48;2;0;0;0m▀[0m[38;2;247;247;247m[48;2;221;247;247m▀[0m[38;2;241;247;247m[48;2;243;247;247m▀[0m[38;2;216;247;247m[48;2;206;247;247m▀[0m[38;2;228;247;247m[48;2;247;247;247m▀[0m[38;2;0;0;0m[48;2;106;151;159m▀[0m[38;2;194;235;228m[48;2;0;0;0m▀[0m[38;2;247;247;247m[48;2;247;247;247m▀[0m[38;2;227;247;247m[48;2;247;247;247m▀[0m[38;2;215;247;247m[48;2;228;247;247m▀[0m[38;2;247;116;107m[48;2;232;247;247m▀[0m[38;2;247;24;17m[48;2;247;0;0m▀[0m[38;2;220;247;247m[48;2;221;247;247m▀[0m[38;2;224;247;247m[48;2;221;247;247m▀[0m[38;2;224;247;247m[48;2;229;247;247m▀[0m[38;2;224;247;247m[48;2;236;247;247m▀[0m[38;2;228;247;247m[48;2;235;247;247m▀[0m[38;2;230;247;247m[48;2;241;247;247m▀[0m[38;2;234;247;247m[48;2;247;247;247m▀[0m[38;2;235;247;247m[48;2;247;247;247m▀[0m[38;2;243;247;247m[48;2;247;247;247m▀[0m[38;2;247;247;247m[48;2;160;177;176m▀[0m[38;2;247;247;247m[48;2;7;19;22m▀[0m[38;2;162;183;186m[48;2;29;46;49m▀[0m[38;2;38;50;53m[48;2;190;208;208m▀[0m[38;2;57;62;66m[48;2;247;247;247m▀[0m[38;2;189;206;209m[48;2;247;247;247m▀[0m[38;2;244;247;247m[48;2;241;247;247m▀[0m[38;2;224;247;247m[48;2;240;247;247m▀[0m[38;2;221;247;247m[48;2;228;247;247m▀[0m[38;2;223;247;247m[48;2;227;247;247m▀[0m[38;2;224;247;247m[48;2;225;247;247m▀[0m[38;2;225;247;247m[48;2;225;247;247m▀[0m[38;2;247;0;0m[48;2;247;0;0m▀[0m[38;2;247;135;134m[48;2;245;181;178m▀[0m[38;2;224;247;247m[48;2;223;247;247m▀[0m[38;2;224;247;247m[48;2;228;247;247m▀[0m[38;2;229;247;247m[48;2;220;247;247m▀[0m[38;2;224;247;247m[48;2;235;247;247m▀[0m[38;2;220;247;247m[48;2;239;247;247m▀[0m[38;2;247;96;96m[48;2;238;247;247m▀[0m[38;2;214;0;0m[48;2;181;221;221m▀[0m[38;2;145;197;194m[48;2;80;110;113m▀[0m[38;2;247;247;247m[48;2;36;53;57m▀[0m[38;2;247;247;247m[48;2;137;157;157m▀[0m[38;2;244;247;247m[48;2;247;247;247m▀[0m[38;2;235;247;247m[48;2;247;247;247m▀[0m[38;2;233;247;247m[48;2;247;247;247m▀[0m[38;2;228;247;247m[48;2;241;247;247m▀[0m[38;2;225;247;247m[48;2;236;247;247m▀[0m[38;2;222;247;246m[48;2;230;247;247m▀[0m[38;2;221;247;247m[48;2;227;247;247m▀[0m[38;2;224;247;247m[48;2;228;247;247m▀[0m[38;2;226;247;247m[48;2;234;247;247m▀[0m[38;2;247;0;0m[48;2;247;0;0m▀[0m[38;2;247;43;42m[48;2;234;247;247m▀[0m[38;2;224;247;247m[48;2;226;247;247m▀[0m[38;2;226;247;247m[48;2;247;247;247m▀[0m[38;2;247;247;247m[48;2;160;191;183m▀[0m[38;2;60;80;67m[48;2;1;21;21m▀[0m[38;2;107;151;159m[48;2;244;247;247m▀[0m[38;2;229;247;247m[48;2;194;247;247m▀[0m[38;2;60;95;94m[48;2;191;240;247m▀[0m[38;2;247;247;247m[48;2;247;247;247m▀[0m[38;2;115;150;158m[48;2;68;92;95m▀[0m[38;2;0;0;0m[48;2;0;0;0m▀[0m[38;2;0;0;0m[48;2;0;0;0m▀[0m[38;2;0;0;0m[48;2;0;0;0m▀[0m[38;2;0;1;0m[48;2;0;0;0m▀[0m
[38;2;247;247;247m[48;2;225;247;247m▀[0m[38;2;84;117;125m[48;2;220;247;247m▀[0m[38;2;130;171;161m[48;2;26;51;47m▀[0m[38;2;11;20;18m[48;2;0;5;3m▀[0m[38;2;0;0;0m[48;2;0;0;0m▀[0m[38;2;0;0;0m[48;2;0;0;0m▀[0m[38;2;0;0;0m[48;2;0;0;0m▀[0m[38;2;0;0;0m[48;2;0;0;0m▀[0m[38;2;183;240;247m[48;2;146;194;198m▀[0m[38;2;247;247;247m[48;2;247;247;247m▀[0m[38;2;205;247;247m[48;2;200;247;247m▀[0m[38;2;204;247;247m[48;2;201;247;247m▀[0m[38;2;247;247;247m[48;2;223;247;247m▀[0m[38;2;12;40;48m[48;2;247;247;247m▀[0m[38;2;20;37;34m[48;2;0;0;0m▀[0m[38;2;247;247;247m[48;2;0;0;0m▀[0m[38;2;247;247;247m[48;2;159;207;207m▀[0m[38;2;247;247;247m[48;2;247;247;247m▀[0m[38;2;247;41;37m[48;2;247;247;247m▀[0m[38;2;247;29;23m[48;2;247;0;0m▀[0m[38;2;247;247;247m[48;2;247;86;75m▀[0m[38;2;247;247;247m[48;2;247;247;247m▀[0m[38;2;247;247;247m[48;2;247;247;247m▀[0m[38;2;247;247;247m[48;2;198;228;229m▀[0m[38;2;247;247;247m[48;2;55;70;70m▀[0m[38;2;247;247;247m[48;2;0;0;0m▀[0m[38;2;138;153;155m[48;2;0;0;0m▀[0m[38;2;0;0;0m[48;2;90;109;108m▀[0m[38;2;0;0;0m[48;2;247;247;247m▀[0m[38;2;173;188;188m[48;2;247;247;247m▀[0m[38;2;247;247;247m[48;2;239;247;247m▀[0m[38;2;247;247;247m[48;2;234;247;247m▀[0m[38;2;236;247;247m[48;2;247;247;247m▀[0m[38;2;247;247;247m[48;2;161;187;184m▀[0m[38;2;200;231;231m[48;2;115;150;148m▀[0m[38;2;130;165;165m[48;2;212;228;230m▀[0m[38;2;220;239;238m[48;2;230;247;247m▀[0m[38;2;228;247;247m[48;2;223;247;247m▀[0m[38;2;224;247;247m[48;2;223;247;247m▀[0m[38;2;229;247;247m[48;2;229;247;247m▀[0m[38;2;247;0;0m[48;2;247;0;0m▀[0m[38;2;230;226;224m[48;2;225;245;243m▀[0m[38;2;221;247;247m[48;2;223;247;247m▀[0m[38;2;236;247;247m[48;2;221;247;247m▀[0m[38;2;195;230;230m[48;2;232;247;247m▀[0m[38;2;136;176;180m[48;2;173;203;202m▀[0m[38;2;236;247;247m[48;2;194;226;223m▀[0m[38;2;236;247;247m[48;2;247;247;247m▀[0m[38;2;247;247;247m[48;2;247;247;247m▀[0m[38;2;247;247;247m[48;2;235;247;247m▀[0m[38;2;196;227;226m[48;2;247;247;247m▀[0m[38;2;11;32;37m[48;2;247;247;247m▀[0m[38;2;0;0;0m[48;2;151;174;176m▀[0m[38;2;95;115;113m[48;2;0;0;0m▀[0m[38;2;247;247;247m[48;2;0;0;0m▀[0m[38;2;247;247;247m[48;2;30;42;39m▀[0m[38;2;247;247;247m[48;2;164;204;198m▀[0m[38;2;247;247;247m[48;2;247;247;247m▀[0m[38;2;247;247;247m[48;2;247;247;247m▀[0m[38;2;234;247;247m[48;2;247;0;0m▀[0m[38;2;247;0;0m[48;2;247;0;0m▀[0m[38;2;247;42;38m[48;2;247;247;247m▀[0m[38;2;247;247;247m[48;2;247;247;247m▀[0m[38;2;247;247;247m[48;2;96;130;129m▀[0m[38;2;186;218;212m[48;2;0;0;0m▀[0m[38;2;0;11;6m[48;2;145;203;214m▀[0m[38;2;199;247;247m[48;2;247;247;247m▀[0m[38;2;224;247;247m[48;2;198;247;247m▀[0m[38;2;215;247;247m[48;2;208;247;247m▀[0m[38;2;232;247;247m[48;2;228;247;247m▀[0m[38;2;247;247;247m[48;2;247;247;247m▀[0m[38;2;25;42;42m[48;2;0;0;1m▀[0m[38;2;0;0;0m[48;2;0;0;0m▀[0m[38;2;0;0;0m[48;2;0;0;0m▀[0m[38;2;0;0;0m[48;2;0;0;0m▀[0m[38;2;0;0;0m[48;2;0;1;2m▀[0m
[38;2;203;247;247m[48;2;197;245;247m▀[0m[38;2;247;247;247m[48;2;219;247;247m▀[0m[38;2;134;177;182m[48;2;247;247;247m▀[0m[38;2;0;0;0m[48;2;4;10;11m▀[0m[38;2;0;0;0m[48;2;0;0;0m▀[0m[38;2;0;0;0m[48;2;0;0;0m▀[0m[38;2;0;0;0m[48;2;0;0;0m▀[0m[38;2;0;0;0m[48;2;0;0;0m▀[0m[38;2;99;133;138m[48;2;45;48;53m▀[0m[38;2;247;247;247m[48;2;247;247;247m▀[0m[38;2;206;247;247m[48;2;216;247;247m▀[0m[38;2;204;247;247m[48;2;213;247;247m▀[0m[38;2;212;247;247m[48;2;214;247;247m▀[0m[38;2;247;247;247m[48;2;247;247;247m▀[0m[38;2;77;106;110m[48;2;146;193;195m▀[0m[38;2;0;0;0m[48;2;0;0;0m▀[0m[38;2;0;0;0m[48;2;0;0;0m▀[0m[38;2;0;0;0m[48;2;0;0;0m▀[0m[38;2;0;71;71m[48;2;0;0;0m▀[0m[38;2;247;19;19m[48;2;0;0;0m▀[0m[38;2;247;0;0m[48;2;3;11;16m▀[0m[38;2;0;1;2m[48;2;0;0;0m▀[0m[38;2;0;0;0m[48;2;0;0;0m▀[0m[38;2;0;0;0m[48;2;49;68;69m▀[0m[38;2;0;0;0m[48;2;236;247;247m▀[0m[38;2;48;63;60m[48;2;247;247;247m▀[0m[38;2;247;247;247m[48;2;247;247;247m▀[0m[38;2;247;247;247m[48;2;243;247;247m▀[0m[38;2;247;247;247m[48;2;241;247;247m▀[0m[38;2;234;247;247m[48;2;245;247;247m▀[0m[38;2;247;247;247m[48;2;201;235;233m▀[0m[38;2;241;247;247m[48;2;158;195;194m▀[0m[38;2;218;243;244m[48;2;232;247;247m▀[0m[38;2;174;197;196m[48;2;234;247;247m▀[0m[38;2;236;247;247m[48;2;225;247;247m▀[0m[38;2;236;247;247m[48;2;224;247;247m▀[0m[38;2;224;247;247m[48;2;224;247;247m▀[0m[38;2;224;247;247m[48;2;224;247;247m▀[0m[38;2;223;247;247m[48;2;224;247;247m▀[0m[38;2;229;247;247m[48;2;230;247;247m▀[0m[38;2;247;0;0m[48;2;247;0;0m▀[0m[38;2;221;247;247m[48;2;221;247;247m▀[0m[38;2;221;247;247m[48;2;221;247;247m▀[0m[38;2;223;247;247m[48;2;223;247;247m▀[0m[38;2;220;247;247m[48;2;224;247;247m▀[0m[38;2;234;247;247m[48;2;224;246;246m▀[0m[38;2;243;247;247m[48;2;239;247;247m▀[0m[38;2;105;150;149m[48;2;214;231;230m▀[0m[38;2;174;205;204m[48;2;45;101;97m▀[0m[38;2;247;247;247m[48;2;158;195;193m▀[0m[38;2;238;247;247m[48;2;247;247;247m▀[0m[38;2;243;247;247m[48;2;240;247;247m▀[0m[38;2;247;247;247m[48;2;243;247;247m▀[0m[38;2;247;247;247m[48;2;247;247;247m▀[0m[38;2;97;116;116m[48;2;247;247;247m▀[0m[38;2;0;0;0m[48;2;247;247;247m▀[0m[38;2;0;0;0m[48;2;0;19;23m▀[0m[38;2;0;0;0m[48;2;0;0;0m▀[0m[38;2;247;0;0m[48;2;169;0;0m▀[0m[38;2;247;0;0m[48;2;66;0;0m▀[0m[38;2;23;42;37m[48;2;0;0;0m▀[0m[38;2;0;85;82m[48;2;0;0;0m▀[0m[38;2;0;0;0m[48;2;0;0;0m▀[0m[38;2;0;0;0m[48;2;0;0;0m▀[0m[38;2;0;0;0m[48;2;0;0;0m▀[0m[38;2;194;247;247m[48;2;220;247;247m▀[0m[38;2;247;247;247m[48;2;247;247;247m▀[0m[38;2;206;247;247m[48;2;216;247;247m▀[0m[38;2;208;247;247m[48;2;215;247;247m▀[0m[38;2;244;247;247m[48;2;247;247;247m▀[0m[38;2;241;247;247m[48;2;175;225;231m▀[0m[38;2;0;0;0m[48;2;0;0;0m▀[0m[38;2;0;0;0m[48;2;0;0;0m▀[0m[38;2;0;0;0m[48;2;0;0;0m▀[0m[38;2;0;0;0m[48;2;0;0;0m▀[0m[38;2;0;8;10m[48;2;28;44;46m▀[0m
[38;2;192;237;244m[48;2;191;235;239m▀[0m[38;2;198;247;247m[48;2;197;246;247m▀[0m[38;2;247;247;247m[48;2;221;247;247m▀[0m[38;2;166;209;217m[48;2;247;247;247m▀[0m[38;2;0;0;0m[48;2;11;11;11m▀[0m[38;2;0;0;0m[48;2;0;0;0m▀[0m[38;2;0;0;0m[48;2;0;0;0m▀[0m[38;2;0;0;0m[48;2;58;190;189m▀[0m[38;2;44;98;99m[48;2;32;115;111m▀[0m[38;2;247;247;247m[48;2;66;75;82m▀[0m[38;2;247;247;247m[48;2;140;186;194m▀[0m[38;2;247;247;247m[48;2;167;220;232m▀[0m[38;2;247;247;247m[48;2;201;247;247m▀[0m[38;2;247;247;247m[48;2;235;247;247m▀[0m[38;2;247;247;247m[48;2;247;247;247m▀[0m[38;2;0;0;0m[48;2;8;37;39m▀[0m[38;2;0;0;0m[48;2;15;0;0m▀[0m[38;2;0;0;0m[48;2;4;0;0m▀[0m[38;2;0;0;0m[48;2;0;0;0m▀[0m[38;2;0;0;0m[48;2;0;0;0m▀[0m[38;2;0;0;0m[48;2;33;54;52m▀[0m[38;2;0;5;3m[48;2;247;247;247m▀[0m[38;2;225;247;247m[48;2;247;247;247m▀[0m[38;2;247;247;247m[48;2;247;247;247m▀[0m[38;2;247;247;247m[48;2;234;247;247m▀[0m[38;2;238;247;247m[48;2;226;247;247m▀[0m[38;2;232;247;247m[48;2;224;247;247m▀[0m[38;2;233;247;247m[48;2;229;247;247m▀[0m[38;2;247;247;247m[48;2;241;247;247m▀[0m[38;2;211;247;245m[48;2;104;158;154m▀[0m[38;2;81;136;133m[48;2;129;168;162m▀[0m[38;2;197;225;221m[48;2;247;247;247m▀[0m[38;2;244;247;247m[48;2;229;247;247m▀[0m[38;2;219;247;245m[48;2;226;247;247m▀[0m[38;2;226;245;247m[48;2;225;247;247m▀[0m[38;2;223;247;247m[48;2;223;247;247m▀[0m[38;2;224;247;247m[48;2;219;247;247m▀[0m[38;2;224;247;247m[48;2;221;247;247m▀[0m[38;2;223;247;247m[48;2;223;247;247m▀[0m[38;2;231;231;225m[48;2;247;142;138m▀[0m[38;2;247;0;0m[48;2;247;0;0m▀[0m[38;2;223;247;247m[48;2;226;247;241m▀[0m[38;2;221;247;247m[48;2;221;247;247m▀[0m[38;2;224;247;247m[48;2;221;247;247m▀[0m[38;2;224;246;246m[48;2;224;247;247m▀[0m[38;2;228;247;247m[48;2;228;247;244m▀[0m[38;2;228;247;247m[48;2;230;247;247m▀[0m[38;2;247;247;247m[48;2;232;247;247m▀[0m[38;2;222;247;244m[48;2;247;247;247m▀[0m[38;2;53;101;99m[48;2;194;221;214m▀[0m[38;2;182;214;213m[48;2;97;128;127m▀[0m[38;2;247;247;247m[48;2;247;247;247m▀[0m[38;2;230;247;247m[48;2;224;247;247m▀[0m[38;2;234;247;247m[48;2;226;247;247m▀[0m[38;2;240;247;247m[48;2;232;247;247m▀[0m[38;2;247;247;247m[48;2;238;247;247m▀[0m[38;2;247;247;247m[48;2;247;247;247m▀[0m[38;2;97;133;137m[48;2;247;247;247m▀[0m[38;2;0;0;0m[48;2;171;202;206m▀[0m[38;2;0;0;0m[48;2;0;0;0m▀[0m[38;2;0;0;0m[48;2;0;0;0m▀[0m[38;2;0;4;3m[48;2;0;0;0m▀[0m[38;2;42;30;23m[48;2;80;44;25m▀[0m[38;2;0;0;0m[48;2;0;0;0m▀[0m[38;2;0;0;0m[48;2;147;203;214m▀[0m[38;2;247;247;247m[48;2;247;247;247m▀[0m[38;2;247;247;247m[48;2;247;247;247m▀[0m[38;2;247;247;247m[48;2;220;247;247m▀[0m[38;2;247;247;247m[48;2;174;228;236m▀[0m[38;2;247;247;247m[48;2;99;129;129m▀[0m[38;2;156;196;208m[48;2;18;47;51m▀[0m[38;2;0;0;0m[48;2;16;66;76m▀[0m[38;2;0;0;0m[48;2;0;0;0m▀[0m[38;2;0;0;0m[48;2;0;0;0m▀[0m[38;2;0;0;0m[48;2;0;0;0m▀[0m[38;2;67;93;93m[48;2;87;115;116m▀[0m
[38;2;192;236;241m[48;2;192;236;241m▀[0m[38;2;195;241;246m[48;2;193;237;242m▀[0m[38;2;204;247;247m[48;2;201;247;247m▀[0m[38;2;247;247;247m[48;2;225;247;247m▀[0m[38;2;160;195;202m[48;2;247;247;247m▀[0m[38;2;0;0;0m[48;2;0;0;0m▀[0m[38;2;0;0;0m[48;2;0;0;0m▀[0m[38;2;73;196;198m[48;2;37;146;150m▀[0m[38;2;1;33;30m[48;2;1;30;28m▀[0m[38;2;0;0;0m[48;2;0;0;0m▀[0m[38;2;0;0;0m[48;2;0;0;0m▀[0m[38;2;0;0;0m[48;2;0;0;0m▀[0m[38;2;0;0;0m[48;2;0;0;0m▀[0m[38;2;0;0;0m[48;2;0;0;0m▀[0m[38;2;0;0;0m[48;2;0;0;0m▀[0m[38;2;0;0;0m[48;2;0;0;0m▀[0m[38;2;103;17;0m[48;2;115;17;0m▀[0m[38;2;9;0;0m[48;2;0;0;0m▀[0m[38;2;0;0;0m[48;2;0;0;0m▀[0m[38;2;0;0;0m[48;2;60;108;117m▀[0m[38;2;247;247;247m[48;2;174;204;204m▀[0m[38;2;247;247;247m[48;2;247;247;247m▀[0m[38;2;243;247;247m[48;2;235;247;247m▀[0m[38;2;234;247;247m[48;2;229;247;247m▀[0m[38;2;225;247;247m[48;2;226;247;246m▀[0m[38;2;222;245;245m[48;2;223;246;246m▀[0m[38;2;224;247;247m[48;2;229;247;247m▀[0m[38;2;247;247;247m[48;2;233;247;247m▀[0m[38;2;177;219;212m[48;2;247;247;247m▀[0m[38;2;85;148;140m[48;2;166;197;193m▀[0m[38;2;232;247;247m[48;2;203;243;241m▀[0m[38;2;247;247;247m[48;2;247;247;247m▀[0m[38;2;238;247;247m[48;2;217;240;239m▀[0m[38;2;247;247;247m[48;2;187;207;210m▀[0m[38;2;238;247;247m[48;2;200;231;234m▀[0m[38;2;247;247;247m[48;2;94;115;129m▀[0m[38;2;247;247;247m[48;2;88;132;135m▀[0m[38;2;244;247;247m[48;2;192;205;205m▀[0m[38;2;236;247;247m[48;2;247;0;0m▀[0m[38;2;247;0;0m[48;2;247;0;0m▀[0m[38;2;247;0;0m[48;2;247;0;0m▀[0m[38;2;231;230;226m[48;2;228;247;247m▀[0m[38;2;230;247;247m[48;2;215;247;247m▀[0m[38;2;247;247;247m[48;2;176;204;209m▀[0m[38;2;234;247;247m[48;2;225;247;247m▀[0m[38;2;239;247;247m[48;2;202;231;230m▀[0m[38;2;247;247;247m[48;2;186;212;217m▀[0m[38;2;234;247;247m[48;2;244;247;247m▀[0m[38;2;247;247;247m[48;2;247;247;247m▀[0m[38;2;200;226;223m[48;2;184;201;198m▀[0m[38;2;105;135;131m[48;2;172;196;194m▀[0m[38;2;247;247;247m[48;2;247;247;247m▀[0m[38;2;223;247;247m[48;2;228;247;247m▀[0m[38;2;223;247;247m[48;2;224;246;247m▀[0m[38;2;224;247;245m[48;2;224;246;245m▀[0m[38;2;230;247;247m[48;2;224;247;247m▀[0m[38;2;247;247;247m[48;2;228;247;247m▀[0m[38;2;247;247;247m[48;2;247;247;247m▀[0m[38;2;247;247;247m[48;2;192;226;222m▀[0m[38;2;78;104;105m[48;2;125;156;157m▀[0m[38;2;0;0;0m[48;2;57;77;77m▀[0m[38;2;0;0;0m[48;2;0;0;0m▀[0m[38;2;101;40;26m[48;2;119;52;31m▀[0m[38;2;0;0;0m[48;2;0;0;0m▀[0m[38;2;24;60;67m[48;2;25;135;162m▀[0m[38;2;23;75;79m[48;2;239;247;247m▀[0m[38;2;0;25;32m[48;2;31;115;124m▀[0m[38;2;0;0;0m[48;2;0;0;0m▀[0m[38;2;0;0;0m[48;2;0;0;0m▀[0m[38;2;0;0;0m[48;2;0;0;0m▀[0m[38;2;0;48;51m[48;2;32;86;94m▀[0m[38;2;63;161;164m[48;2;47;111;121m▀[0m[38;2;0;0;0m[48;2;0;0;0m▀[0m[38;2;0;0;0m[48;2;0;0;0m▀[0m[38;2;0;0;0m[48;2;0;0;0m▀[0m[38;2;0;0;0m[48;2;48;67;75m▀[0m
[38;2;192;236;241m[48;2;192;235;241m▀[0m[38;2;193;236;242m[48;2;194;237;245m▀[0m[38;2;196;242;247m[48;2;193;238;245m▀[0m[38;2;205;247;247m[48;2;204;247;247m▀[0m[38;2;247;247;247m[48;2;230;247;247m▀[0m[38;2;152;197;205m[48;2;247;247;247m▀[0m[38;2;0;0;0m[48;2;0;0;0m▀[0m[38;2;0;1;0m[48;2;0;0;0m▀[0m[38;2;0;0;0m[48;2;0;12;13m▀[0m[38;2;0;0;0m[48;2;0;0;0m▀[0m[38;2;0;0;0m[48;2;0;0;0m▀[0m[38;2;0;0;0m[48;2;0;0;0m▀[0m[38;2;0;0;0m[48;2;0;0;0m▀[0m[38;2;0;0;0m[48;2;0;0;0m▀[0m[38;2;0;0;0m[48;2;0;0;0m▀[0m[38;2;0;0;0m[48;2;0;0;0m▀[0m[38;2;92;13;0m[48;2;65;0;0m▀[0m[38;2;0;0;0m[48;2;0;0;0m▀[0m[38;2;27;56;60m[48;2;144;203;206m▀[0m[38;2;247;247;247m[48;2;247;247;247m▀[0m[38;2;68;102;102m[48;2;181;217;219m▀[0m[38;2;200;232;227m[48;2;47;71;74m▀[0m[38;2;247;247;247m[48;2;213;228;227m▀[0m[38;2;226;247;247m[48;2;240;247;247m▀[0m[38;2;227;247;247m[48;2;229;247;247m▀[0m[38;2;229;247;247m[48;2;234;247;247m▀[0m[38;2;233;247;247m[48;2;247;247;247m▀[0m[38;2;244;247;247m[48;2;247;247;247m▀[0m[38;2;247;247;247m[48;2;85;104;104m▀[0m[38;2;149;156;155m[48;2;1;19;15m▀[0m[38;2;80;114;110m[48;2;167;188;187m▀[0m[38;2;228;247;246m[48;2;243;247;247m▀[0m[38;2;171;197;199m[48;2;240;247;247m▀[0m[38;2;178;201;204m[48;2;247;247;247m▀[0m[38;2;224;247;247m[48;2;232;247;247m▀[0m[38;2;208;234;239m[48;2;239;247;247m▀[0m[38;2;157;200;204m[48;2;247;247;247m▀[0m[38;2;190;204;204m[48;2;247;247;247m▀[0m[38;2;238;247;247m[48;2;224;247;247m▀[0m[38;2;231;240;239m[48;2;228;247;247m▀[0m[38;2;247;0;0m[48;2;247;0;0m▀[0m[38;2;235;247;247m[48;2;227;241;234m▀[0m[38;2;135;227;232m[48;2;232;247;247m▀[0m[38;2;133;172;186m[48;2;247;247;247m▀[0m[38;2;226;247;247m[48;2;227;247;247m▀[0m[38;2;199;228;229m[48;2;233;247;247m▀[0m[38;2;122;145;157m[48;2;247;247;247m▀[0m[38;2;129;151;159m[48;2;232;247;247m▀[0m[38;2;199;220;223m[48;2;138;166;171m▀[0m[38;2;212;234;234m[48;2;91;120;122m▀[0m[38;2;234;247;247m[48;2;102;131;133m▀[0m[38;2;247;247;247m[48;2;224;243;244m▀[0m[38;2;233;247;247m[48;2;244;247;247m▀[0m[38;2;228;247;247m[48;2;227;247;246m▀[0m[38;2;224;247;247m[48;2;227;247;247m▀[0m[38;2;227;247;247m[48;2;239;247;247m▀[0m[38;2;247;247;247m[48;2;234;247;247m▀[0m[38;2;233;247;247m[48;2;87;112;113m▀[0m[38;2;61;80;83m[48;2;129;159;164m▀[0m[38;2;229;247;247m[48;2;247;247;247m▀[0m[38;2;247;247;247m[48;2;247;247;247m▀[0m[38;2;0;0;0m[48;2;34;22;21m▀[0m[38;2;85;9;0m[48;2;0;0;0m▀[0m[38;2;0;0;0m[48;2;0;0;0m▀[0m[38;2;0;0;0m[48;2;0;0;0m▀[0m[38;2;30;67;71m[48;2;0;0;0m▀[0m[38;2;0;0;0m[48;2;0;0;0m▀[0m[38;2;0;0;0m[48;2;0;0;0m▀[0m[38;2;0;0;0m[48;2;89;113;110m▀[0m[38;2;0;0;0m[48;2;4;15;17m▀[0m[38;2;3;14;22m[48;2;58;196;207m▀[0m[38;2;6;11;16m[48;2;0;0;0m▀[0m[38;2;0;0;0m[48;2;0;0;0m▀[0m[38;2;0;0;0m[48;2;0;0;0m▀[0m[38;2;0;0;0m[48;2;81;105;113m▀[0m[38;2;234;247;247m[48;2;247;247;247m▀[0m
[38;2;192;236;243m[48;2;193;236;244m▀[0m[38;2;194;237;245m[48;2;193;237;245m▀[0m[38;2;194;238;245m[48;2;194;238;246m▀[0m[38;2;201;245;247m[48;2;195;240;247m▀[0m[38;2;212;247;247m[48;2;206;247;247m▀[0m[38;2;247;247;247m[48;2;228;247;247m▀[0m[38;2;150;200;207m[48;2;247;247;247m▀[0m[38;2;0;0;0m[48;2;0;0;0m▀[0m[38;2;50;210;218m[48;2;0;0;0m▀[0m[38;2;135;247;247m[48;2;60;191;199m▀[0m[38;2;45;149;153m[48;2;196;247;247m▀[0m[38;2;16;76;79m[48;2;103;247;247m▀[0m[38;2;11;49;56m[48;2;75;247;247m▀[0m[38;2;11;42;45m[48;2;65;232;233m▀[0m[38;2;10;44;46m[48;2;62;235;233m▀[0m[38;2;0;13;17m[48;2;28;139;141m▀[0m[38;2;0;0;0m[48;2;0;0;0m▀[0m[38;2;0;0;0m[48;2;27;43;45m▀[0m[38;2;247;247;247m[48;2;247;247;247m▀[0m[38;2;247;247;247m[48;2;247;247;247m▀[0m[38;2;247;247;247m[48;2;247;247;247m▀[0m[38;2;120;154;157m[48;2;240;247;247m▀[0m[38;2;135;164;165m[48;2;209;235;235m▀[0m[38;2;247;247;247m[48;2;229;247;247m▀[0m[38;2;227;247;247m[48;2;227;247;247m▀[0m[38;2;235;247;247m[48;2;247;247;247m▀[0m[38;2;247;247;247m[48;2;150;177;172m▀[0m[38;2;92;114;112m[48;2;31;44;40m▀[0m[38;2;35;43;43m[48;2;232;247;247m▀[0m[38;2;233;247;247m[48;2;247;247;247m▀[0m[38;2;247;247;247m[48;2;232;247;247m▀[0m[38;2;234;247;247m[48;2;230;247;247m▀[0m[38;2;228;247;247m[48;2;224;247;245m▀[0m[38;2;225;247;243m[48;2;224;247;245m▀[0m[38;2;228;247;247m[48;2;225;247;245m▀[0m[38;2;226;247;247m[48;2;226;246;245m▀[0m[38;2;221;247;247m[48;2;224;246;245m▀[0m[38;2;224;247;247m[48;2;224;247;247m▀[0m[38;2;225;247;247m[48;2;225;247;247m▀[0m[38;2;228;247;247m[48;2;229;247;247m▀[0m[38;2;247;0;0m[48;2;247;0;0m▀[0m[38;2;226;244;236m[48;2;222;247;242m▀[0m[38;2;221;247;247m[48;2;221;247;247m▀[0m[38;2;221;247;247m[48;2;224;247;247m▀[0m[38;2;225;247;247m[48;2;224;246;245m▀[0m[38;2;224;247;246m[48;2;223;245;245m▀[0m[38;2;226;247;246m[48;2;223;247;245m▀[0m[38;2;241;247;247m[48;2;229;247;247m▀[0m[38;2;247;247;247m[48;2;233;247;247m▀[0m[38;2;180;209;210m[48;2;247;247;247m▀[0m[38;2;74;96;100m[48;2;191;215;212m▀[0m[38;2;109;131;137m[48;2;155;185;188m▀[0m[38;2;245;247;247m[48;2;217;243;244m▀[0m[38;2;229;247;247m[48;2;235;247;247m▀[0m[38;2;225;247;247m[48;2;228;247;247m▀[0m[38;2;247;247;247m[48;2;241;247;247m▀[0m[38;2;115;150;149m[48;2;193;221;219m▀[0m[38;2;76;104;109m[48;2;220;247;246m▀[0m[38;2;247;247;247m[48;2;247;247;247m▀[0m[38;2;247;247;247m[48;2;247;247;247m▀[0m[38;2;247;247;247m[48;2;247;247;247m▀[0m[38;2;223;247;247m[48;2;247;247;247m▀[0m[38;2;0;0;0m[48;2;0;0;0m▀[0m[38;2;0;0;0m[48;2;66;104;115m▀[0m[38;2;178;235;232m[48;2;247;247;247m▀[0m[38;2;206;247;247m[48;2;125;164;169m▀[0m[38;2;35;59;62m[48;2;247;247;247m▀[0m[38;2;225;247;247m[48;2;124;171;175m▀[0m[38;2;247;247;247m[48;2;91;114;116m▀[0m[38;2;75;124;123m[48;2;238;247;247m▀[0m[38;2;0;0;0m[48;2;0;0;0m▀[0m[38;2;0;0;0m[48;2;0;0;0m▀[0m[38;2;0;0;0m[48;2;0;0;0m▀[0m[38;2;0;0;0m[48;2;91;126;133m▀[0m[38;2;234;247;247m[48;2;247;247;247m▀[0m[38;2;247;247;247m[48;2;215;247;247m▀[0m
[38;2;194;236;244m[48;2;194;237;245m▀[0m[38;2;194;237;245m[48;2;194;237;245m▀[0m[38;2;196;240;247m[48;2;197;241;247m▀[0m[38;2;196;240;247m[48;2;197;240;247m▀[0m[38;2;200;243;247m[48;2;198;241;247m▀[0m[38;2;213;247;247m[48;2;209;247;247m▀[0m[38;2;247;247;247m[48;2;225;247;247m▀[0m[38;2;156;191;194m[48;2;247;247;247m▀[0m[38;2;0;0;0m[48;2;0;0;0m▀[0m[38;2;44;137;149m[48;2;0;0;0m▀[0m[38;2;111;247;247m[48;2;0;0;0m▀[0m[38;2;35;91;95m[48;2;0;0;0m▀[0m[38;2;0;0;0m[48;2;12;16;20m▀[0m[38;2;0;0;0m[48;2;0;0;0m▀[0m[38;2;0;0;0m[48;2;0;0;0m▀[0m[38;2;0;0;0m[48;2;0;0;0m▀[0m[38;2;0;0;0m[48;2;0;0;0m▀[0m[38;2;69;92;96m[48;2;18;32;32m▀[0m[38;2;247;247;247m[48;2;247;247;247m▀[0m[38;2;157;191;191m[48;2;137;173;179m▀[0m[38;2;247;247;247m[48;2;192;226;226m▀[0m[38;2;233;247;247m[48;2;245;247;247m▀[0m[38;2;239;247;247m[48;2;227;247;247m▀[0m[38;2;224;247;247m[48;2;233;247;247m▀[0m[38;2;232;247;247m[48;2;243;247;247m▀[0m[38;2;247;247;247m[48;2;197;237;231m▀[0m[38;2;124;164;161m[48;2;178;222;221m▀[0m[38;2;183;213;214m[48;2;247;247;247m▀[0m[38;2;247;247;247m[48;2;234;247;247m▀[0m[38;2;227;247;247m[48;2;229;247;247m▀[0m[38;2;230;247;247m[48;2;224;246;245m▀[0m[38;2;226;246;247m[48;2;224;246;245m▀[0m[38;2;226;246;246m[48;2;224;246;245m▀[0m[38;2;226;246;245m[48;2;224;246;245m▀[0m[38;2;226;246;245m[48;2;226;246;246m▀[0m[38;2;224;246;245m[48;2;226;246;246m▀[0m[38;2;224;246;245m[48;2;228;245;247m▀[0m[38;2;225;247;247m[48;2;229;247;247m▀[0m[38;2;225;247;247m[48;2;227;247;247m▀[0m[38;2;229;247;247m[48;2;228;247;247m▀[0m[38;2;247;0;0m[48;2;247;0;0m▀[0m[38;2;225;247;246m[48;2;226;247;247m▀[0m[38;2;223;247;247m[48;2;223;247;247m▀[0m[38;2;224;247;247m[48;2;224;247;247m▀[0m[38;2;224;246;245m[48;2;223;245;247m▀[0m[38;2;224;246;245m[48;2;224;246;245m▀[0m[38;2;224;246;245m[48;2;227;246;245m▀[0m[38;2;225;245;245m[48;2;224;246;246m▀[0m[38;2;227;247;247m[48;2;224;246;245m▀[0m[38;2;230;247;247m[48;2;227;247;247m▀[0m[38;2;247;247;247m[48;2;233;247;247m▀[0m[38;2;247;247;247m[48;2;247;247;247m▀[0m[38;2;247;247;247m[48;2;191;216;210m▀[0m[38;2;239;247;247m[48;2;240;247;247m▀[0m[38;2;234;247;247m[48;2;244;247;247m▀[0m[38;2;229;247;247m[48;2;230;247;247m▀[0m[38;2;247;247;247m[48;2;229;247;247m▀[0m[38;2;235;247;247m[48;2;239;247;247m▀[0m[38;2;247;247;247m[48;2;221;245;241m▀[0m[38;2;189;215;211m[48;2;114;144;147m▀[0m[38;2;223;247;247m[48;2;247;247;247m▀[0m[38;2;165;181;180m[48;2;97;115;114m▀[0m[38;2;0;0;0m[48;2;0;0;0m▀[0m[38;2;247;247;247m[48;2;77;112;121m▀[0m[38;2;0;6;12m[48;2;182;225;228m▀[0m[38;2;168;213;222m[48;2;156;196;207m▀[0m[38;2;247;247;247m[48;2;110;140;145m▀[0m[38;2;83;113;114m[48;2;194;245;246m▀[0m[38;2;111;140;146m[48;2;247;247;247m▀[0m[38;2;227;247;247m[48;2;0;0;0m▀[0m[38;2;0;0;0m[48;2;0;0;8m▀[0m[38;2;0;0;0m[48;2;0;0;0m▀[0m[38;2;0;0;0m[48;2;123;159;168m▀[0m[38;2;247;247;247m[48;2;247;247;247m▀[0m[38;2;243;247;247m[48;2;213;247;247m▀[0m[38;2;206;247;247m[48;2;198;246;247m▀[0m
[38;2;195;236;242m[48;2;195;236;242m▀[0m[38;2;194;237;245m[48;2;194;237;245m▀[0m[38;2;197;241;247m[48;2;198;242;247m▀[0m[38;2;197;241;247m[48;2;198;242;247m▀[0m[38;2;198;242;247m[48;2;198;242;247m▀[0m[38;2;203;246;247m[48;2;198;242;247m▀[0m[38;2;212;247;247m[48;2;208;247;247m▀[0m[38;2;247;247;247m[48;2;233;247;247m▀[0m[38;2;159;194;197m[48;2;247;247;247m▀[0m[38;2;0;0;0m[48;2;0;0;0m▀[0m[38;2;0;0;0m[48;2;0;0;0m▀[0m[38;2;1;19;18m[48;2;44;178;181m▀[0m[38;2;0;0;0m[48;2;82;247;247m▀[0m[38;2;0;0;0m[48;2;58;148;142m▀[0m[38;2;0;0;0m[48;2;13;23;17m▀[0m[38;2;0;0;0m[48;2;0;0;0m▀[0m[38;2;0;0;0m[48;2;0;0;0m▀[0m[38;2;0;0;0m[48;2;0;0;0m▀[0m[38;2;247;247;247m[48;2;238;247;247m▀[0m[38;2;239;247;247m[48;2;247;247;247m▀[0m[38;2;103;139;142m[48;2;192;231;233m▀[0m[38;2;226;245;246m[48;2;206;236;235m▀[0m[38;2;232;247;247m[48;2;244;247;247m▀[0m[38;2;229;247;247m[48;2;247;247;247m▀[0m[38;2;247;247;247m[48;2;247;247;247m▀[0m[38;2;65;90;87m[48;2;118;140;138m▀[0m[38;2;141;166;163m[48;2;49;78;75m▀[0m[38;2;247;247;247m[48;2;247;247;247m▀[0m[38;2;229;247;247m[48;2;229;247;247m▀[0m[38;2;228;247;247m[48;2;225;247;247m▀[0m[38;2;226;247;247m[48;2;234;247;247m▀[0m[38;2;225;247;247m[48;2;247;247;247m▀[0m[38;2;225;247;246m[48;2;247;247;247m▀[0m[38;2;223;247;247m[48;2;247;247;247m▀[0m[38;2;228;247;247m[48;2;236;247;247m▀[0m[38;2;232;247;247m[48;2;244;247;247m▀[0m[38;2;235;247;247m[48;2;224;247;247m▀[0m[38;2;236;247;247m[48;2;214;247;247m▀[0m[38;2;230;247;247m[48;2;226;247;247m▀[0m[38;2;227;247;247m[48;2;247;177;169m▀[0m[38;2;247;0;0m[48;2;247;0;0m▀[0m[38;2;227;247;246m[48;2;227;247;239m▀[0m[38;2;224;247;247m[48;2;224;247;247m▀[0m[38;2;224;247;247m[48;2;239;247;247m▀[0m[38;2;221;247;247m[48;2;247;247;247m▀[0m[38;2;224;247;247m[48;2;247;247;247m▀[0m[38;2;226;246;247m[48;2;247;247;247m▀[0m[38;2;225;247;247m[48;2;247;247;247m▀[0m[38;2;226;247;247m[48;2;234;247;247m▀[0m[38;2;228;247;247m[48;2;229;247;247m▀[0m[38;2;235;247;247m[48;2;247;247;247m▀[0m[38;2;247;247;247m[48;2;226;247;247m▀[0m[38;2;0;0;0m[48;2;63;73;76m▀[0m[38;2;73;109;103m[48;2;112;139;134m▀[0m[38;2;247;247;247m[48;2;240;247;247m▀[0m[38;2;229;247;247m[48;2;235;247;247m▀[0m[38;2;230;247;247m[48;2;247;247;247m▀[0m[38;2;245;247;247m[48;2;150;181;181m▀[0m[38;2;117;146;151m[48;2;156;187;192m▀[0m[38;2;208;239;242m[48;2;247;247;247m▀[0m[38;2;247;247;247m[48;2;247;247;247m▀[0m[38;2;58;73;68m[48;2;0;0;0m▀[0m[38;2;0;3;8m[48;2;79;120;124m▀[0m[38;2;92;139;144m[48;2;247;247;247m▀[0m[38;2;247;247;247m[48;2;35;50;54m▀[0m[38;2;84;100;104m[48;2;156;205;207m▀[0m[38;2;53;66;70m[48;2;205;247;247m▀[0m[38;2;247;247;247m[48;2;48;57;61m▀[0m[38;2;133;169;171m[48;2;168;232;239m▀[0m[38;2;109;153;156m[48;2;247;247;247m▀[0m[38;2;0;0;0m[48;2;0;0;0m▀[0m[38;2;0;0;0m[48;2;119;152;162m▀[0m[38;2;247;247;247m[48;2;247;247;247m▀[0m[38;2;238;247;247m[48;2;216;247;247m▀[0m[38;2;209;247;247m[48;2;203;246;247m▀[0m[38;2;196;242;247m[48;2;197;241;247m▀[0m
[38;2;195;236;244m[48;2;195;236;242m▀[0m[38;2;195;238;243m[48;2;195;238;244m▀[0m[38;2;198;241;247m[48;2;197;242;247m▀[0m[38;2;197;242;247m[48;2;197;242;247m▀[0m[38;2;198;242;247m[48;2;197;242;247m▀[0m[38;2;199;242;247m[48;2;199;242;247m▀[0m[38;2;206;247;247m[48;2;201;242;247m▀[0m[38;2;226;247;247m[48;2;215;247;247m▀[0m[38;2;247;247;247m[48;2;230;247;247m▀[0m[38;2;163;212;215m[48;2;247;247;247m▀[0m[38;2;0;0;0m[48;2;21;25;26m▀[0m[38;2;0;0;0m[48;2;0;0;0m▀[0m[38;2;0;12;17m[48;2;0;0;0m▀[0m[38;2;64;181;183m[48;2;0;0;0m▀[0m[38;2;151;247;247m[48;2;0;0;0m▀[0m[38;2;115;247;247m[48;2;19;59;59m▀[0m[38;2;0;0;0m[48;2;0;0;0m▀[0m[38;2;0;0;0m[48;2;0;0;0m▀[0m[38;2;150;191;188m[48;2;42;65;68m▀[0m[38;2;247;247;247m[48;2;247;247;247m▀[0m[38;2;243;247;247m[48;2;247;247;247m▀[0m[38;2;247;247;247m[48;2;226;237;235m▀[0m[38;2;239;247;247m[48;2;16;32;25m▀[0m[38;2;163;193;185m[48;2;142;158;155m▀[0m[38;2;247;247;247m[48;2;247;247;247m▀[0m[38;2;240;247;247m[48;2;247;247;247m▀[0m[38;2;62;86;82m[48;2;202;231;228m▀[0m[38;2;233;247;247m[48;2;247;247;247m▀[0m[38;2;247;247;247m[48;2;227;247;247m▀[0m[38;2;247;247;247m[48;2;107;124;126m▀[0m[38;2;239;247;247m[48;2;75;86;89m▀[0m[38;2;178;200;202m[48;2;113;125;128m▀[0m[38;2;130;144;146m[48;2;161;179;182m▀[0m[38;2;159;172;174m[48;2;199;226;224m▀[0m[38;2;247;247;247m[48;2;236;247;247m▀[0m[38;2;162;192;192m[48;2;223;246;247m▀[0m[38;2;60;97;97m[48;2;235;247;247m▀[0m[38;2;115;97;100m[48;2;244;247;247m▀[0m[38;2;189;85;84m[48;2;233;247;247m▀[0m[38;2;247;8;5m[48;2;241;247;247m▀[0m[38;2;247;0;0m[48;2;247;0;0m▀[0m[38;2;247;150;141m[48;2;247;0;0m▀[0m[38;2;228;247;247m[48;2;229;247;247m▀[0m[38;2;158;202;210m[48;2;216;247;247m▀[0m[38;2;107;138;145m[48;2;200;244;245m▀[0m[38;2;124;148;151m[48;2;191;222;223m▀[0m[38;2;146;172;176m[48;2;156;185;189m▀[0m[38;2;190;216;216m[48;2;100;123;129m▀[0m[38;2;247;247;247m[48;2;74;92;99m▀[0m[38;2;247;247;247m[48;2;147;165;165m▀[0m[38;2;247;247;247m[48;2;247;247;247m▀[0m[38;2;205;225;223m[48;2;205;228;228m▀[0m[38;2;55;79;76m[48;2;69;104;107m▀[0m[38;2;173;196;196m[48;2;247;247;247m▀[0m[38;2;247;247;247m[48;2;247;247;247m▀[0m[38;2;234;247;247m[48;2;247;247;247m▀[0m[38;2;243;247;247m[48;2;173;199;196m▀[0m[38;2;221;247;247m[48;2;166;192;192m▀[0m[38;2;239;247;247m[48;2;247;247;247m▀[0m[38;2;247;247;247m[48;2;247;247;247m▀[0m[38;2;247;247;247m[48;2;156;183;176m▀[0m[38;2;0;0;0m[48;2;76;123;121m▀[0m[38;2;124;163;163m[48;2;154;208;209m▀[0m[38;2;154;198;194m[48;2;82;115;120m▀[0m[38;2;27;44;49m[48;2;247;247;247m▀[0m[38;2;241;247;247m[48;2;67;82;84m▀[0m[38;2;200;247;247m[48;2;102;125;124m▀[0m[38;2;99;126;129m[48;2;194;226;226m▀[0m[38;2;205;247;247m[48;2;0;0;0m▀[0m[38;2;70;111;107m[48;2;0;0;0m▀[0m[38;2;0;0;0m[48;2;184;232;240m▀[0m[38;2;247;247;247m[48;2;247;247;247m▀[0m[38;2;223;247;247m[48;2;208;247;247m▀[0m[38;2;210;247;247m[48;2;203;246;247m▀[0m[38;2;198;241;247m[48;2;199;242;247m▀[0m[38;2;197;240;247m[48;2;197;240;247m▀[0m
[38;2;196;237;243m[48;2;196;237;243m▀[0m[38;2;197;238;246m[48;2;198;239;247m▀[0m[38;2;198;242;247m[48;2;199;240;247m▀[0m[38;2;197;242;247m[48;2;198;242;247m▀[0m[38;2;197;242;247m[48;2;198;243;247m▀[0m[38;2;198;242;247m[48;2;198;243;247m▀[0m[38;2;199;243;247m[48;2;200;243;247m▀[0m[38;2;209;247;247m[48;2;208;247;247m▀[0m[38;2;216;247;247m[48;2;213;247;247m▀[0m[38;2;247;247;247m[48;2;224;247;247m▀[0m[38;2;192;247;247m[48;2;247;247;247m▀[0m[38;2;0;0;0m[48;2;57;80;84m▀[0m[38;2;0;0;0m[48;2;0;0;0m▀[0m[38;2;0;0;0m[48;2;0;0;0m▀[0m[38;2;0;0;0m[48;2;0;0;0m▀[0m[38;2;0;0;0m[48;2;0;0;0m▀[0m[38;2;0;0;0m[48;2;0;0;0m▀[0m[38;2;0;0;0m[48;2;0;0;0m▀[0m[38;2;0;0;0m[48;2;4;15;17m▀[0m[38;2;247;247;247m[48;2;247;247;247m▀[0m[38;2;231;244;241m[48;2;44;64;59m▀[0m[38;2;28;42;40m[48;2;147;187;184m▀[0m[38;2;198;218;218m[48;2;163;188;185m▀[0m[38;2;247;247;247m[48;2;223;247;246m▀[0m[38;2;247;247;247m[48;2;243;247;247m▀[0m[38;2;247;247;247m[48;2;247;247;247m▀[0m[38;2;247;247;247m[48;2;137;157;160m▀[0m[38;2;167;188;188m[48;2;32;63;68m▀[0m[38;2;59;77;78m[48;2;225;245;245m▀[0m[38;2;161;176;178m[48;2;247;247;247m▀[0m[38;2;244;247;247m[48;2;234;247;247m▀[0m[38;2;247;247;247m[48;2;225;247;247m▀[0m[38;2;247;247;247m[48;2;224;247;247m▀[0m[38;2;240;247;247m[48;2;224;247;247m▀[0m[38;2;230;247;247m[48;2;245;247;247m▀[0m[38;2;247;247;247m[48;2;162;187;184m▀[0m[38;2;247;247;247m[48;2;84;112;113m▀[0m[38;2;247;247;247m[48;2;133;150;158m▀[0m[38;2;247;247;247m[48;2;190;31;40m▀[0m[38;2;247;234;230m[48;2;247;0;0m▀[0m[38;2;247;0;0m[48;2;247;0;0m▀[0m[38;2;247;0;0m[48;2;247;0;0m▀[0m[38;2;235;219;210m[48;2;247;0;0m▀[0m[38;2;229;247;247m[48;2;247;0;0m▀[0m[38;2;241;247;247m[48;2;223;231;231m▀[0m[38;2;247;247;247m[48;2;227;247;247m▀[0m[38;2;247;247;247m[48;2;225;247;247m▀[0m[38;2;247;247;247m[48;2;226;247;247m▀[0m[38;2;224;244;246m[48;2;240;247;247m▀[0m[38;2;128;149;156m[48;2;247;247;247m▀[0m[38;2;92;113;121m[48;2;145;186;183m▀[0m[38;2;247;247;247m[48;2;104;133;132m▀[0m[38;2;247;247;247m[48;2;247;247;247m▀[0m[38;2;247;247;247m[48;2;247;247;247m▀[0m[38;2;240;247;247m[48;2;236;247;247m▀[0m[38;2;247;247;247m[48;2;103;126;126m▀[0m[38;2;247;247;247m[48;2;104;132;134m▀[0m[38;2;106;129;131m[48;2;210;239;239m▀[0m[38;2;112;129;129m[48;2;68;97;98m▀[0m[38;2;247;247;247m[48;2;181;216;215m▀[0m[38;2;141;181;175m[48;2;227;247;247m▀[0m[38;2;0;0;0m[48;2;0;0;0m▀[0m[38;2;10;31;32m[48;2;20;102;105m▀[0m[38;2;24;47;47m[48;2;38;159;161m▀[0m[38;2;44;60;60m[48;2;44;170;170m▀[0m[38;2;0;0;0m[48;2;69;196;196m▀[0m[38;2;26;97;96m[48;2;43;136;135m▀[0m[38;2;18;106;104m[48;2;0;32;30m▀[0m[38;2;0;0;0m[48;2;0;0;0m▀[0m[38;2;52;63;66m[48;2;247;247;247m▀[0m[38;2;247;247;247m[48;2;244;247;247m▀[0m[38;2;216;247;247m[48;2;208;247;247m▀[0m[38;2;203;247;247m[48;2;198;244;247m▀[0m[38;2;198;241;247m[48;2;198;242;247m▀[0m[38;2;199;242;247m[48;2;199;243;247m▀[0m[38;2;197;240;247m[48;2;197;241;247m▀[0m
[38;2;196;237;245m[48;2;198;236;240m▀[0m[38;2;198;239;247m[48;2;198;241;247m▀[0m[38;2;199;240;247m[48;2;198;242;247m▀[0m[38;2;197;242;247m[48;2;197;242;247m▀[0m[38;2;197;242;247m[48;2;197;242;247m▀[0m[38;2;198;242;247m[48;2;199;243;247m▀[0m[38;2;203;244;247m[48;2;202;245;247m▀[0m[38;2;205;246;247m[48;2;204;245;247m▀[0m[38;2;209;247;247m[48;2;205;245;247m▀[0m[38;2;216;247;247m[48;2;209;247;247m▀[0m[38;2;247;247;247m[48;2;223;247;247m▀[0m[38;2;244;247;247m[48;2;247;247;247m▀[0m[38;2;0;0;0m[48;2;112;143;148m▀[0m[38;2;0;0;0m[48;2;0;0;0m▀[0m[38;2;0;0;0m[48;2;0;0;0m▀[0m[38;2;0;0;0m[48;2;0;0;0m▀[0m[38;2;0;0;0m[48;2;0;0;0m▀[0m[38;2;0;0;0m[48;2;0;0;0m▀[0m[38;2;43;59;59m[48;2;0;0;0m▀[0m[38;2;87;135;135m[48;2;155;188;188m▀[0m[38;2;31;62;62m[48;2;247;247;247m▀[0m[38;2;171;202;198m[48;2;247;247;247m▀[0m[38;2;197;221;221m[48;2;247;247;247m▀[0m[38;2;236;247;247m[48;2;241;247;247m▀[0m[38;2;247;247;247m[48;2;247;247;247m▀[0m[38;2;176;205;204m[48;2;219;247;246m▀[0m[38;2;58;91;98m[48;2;178;209;214m▀[0m[38;2;210;246;246m[48;2;201;231;226m▀[0m[38;2;247;247;247m[48;2;240;247;247m▀[0m[38;2;227;247;247m[48;2;225;247;247m▀[0m[38;2;228;247;247m[48;2;222;245;245m▀[0m[38;2;225;247;247m[48;2;223;245;244m▀[0m[38;2;223;245;245m[48;2;223;245;245m▀[0m[38;2;226;246;246m[48;2;223;245;245m▀[0m[38;2;233;247;247m[48;2;227;247;247m▀[0m[38;2;206;232;232m[48;2;241;247;247m▀[0m[38;2;144;177;180m[48;2;247;247;247m▀[0m[38;2;12;35;35m[48;2;247;247;247m▀[0m[38;2;0;0;0m[48;2;233;247;247m▀[0m[38;2;0;0;0m[48;2;213;181;169m▀[0m[38;2;177;0;0m[48;2;247;0;0m▀[0m[38;2;247;0;0m[48;2;247;0;0m▀[0m[38;2;247;0;0m[48;2;213;242;238m▀[0m[38;2;247;0;0m[48;2;221;247;247m▀[0m[38;2;219;233;237m[48;2;223;247;247m▀[0m[38;2;223;247;247m[48;2;221;247;247m▀[0m[38;2;221;247;247m[48;2;223;247;247m▀[0m[38;2;224;247;247m[48;2;223;245;245m▀[0m[38;2;226;247;247m[48;2;227;247;247m▀[0m[38;2;236;247;247m[48;2;230;247;247m▀[0m[38;2;234;247;247m[48;2;247;247;247m▀[0m[38;2;27;71;76m[48;2;167;208;205m▀[0m[38;2;76;109;109m[48;2;0;38;41m▀[0m[38;2;247;247;247m[48;2;159;185;185m▀[0m[38;2;244;247;247m[48;2;247;247;247m▀[0m[38;2;227;247;247m[48;2;247;247;247m▀[0m[38;2;169;195;194m[48;2;247;247;247m▀[0m[38;2;94;129;129m[48;2;247;247;247m▀[0m[38;2;96;136;136m[48;2;232;247;247m▀[0m[38;2;17;42;43m[48;2;76;85;87m▀[0m[38;2;204;247;247m[48;2;23;74;66m▀[0m[38;2;0;0;0m[48;2;0;0;0m▀[0m[38;2;0;0;0m[48;2;0;0;0m▀[0m[38;2;0;0;0m[48;2;0;0;0m▀[0m[38;2;0;0;0m[48;2;0;0;0m▀[0m[38;2;0;0;0m[48;2;0;0;0m▀[0m[38;2;0;0;0m[48;2;0;0;0m▀[0m[38;2;0;0;0m[48;2;15;27;30m▀[0m[38;2;129;169;167m[48;2;247;247;247m▀[0m[38;2;247;247;247m[48;2;233;247;247m▀[0m[38;2;215;247;247m[48;2;216;247;247m▀[0m[38;2;203;247;247m[48;2;200;244;247m▀[0m[38;2;199;243;247m[48;2;200;243;247m▀[0m[38;2;198;242;247m[48;2;199;243;247m▀[0m[38;2;199;243;247m[48;2;199;243;247m▀[0m[38;2;198;241;247m[48;2;198;242;247m▀[0m
[38;2;188;238;245m[48;2;200;240;245m▀[0m[38;2;198;241;247m[48;2;191;241;247m▀[0m[38;2;198;242;247m[48;2;198;242;247m▀[0m[38;2;197;242;247m[48;2;197;242;247m▀[0m[38;2;196;242;247m[48;2;196;242;247m▀[0m[38;2;199;243;247m[48;2;199;243;247m▀[0m[38;2;204;245;247m[48;2;204;245;247m▀[0m[38;2;205;245;247m[48;2;205;244;247m▀[0m[38;2;205;243;247m[48;2;204;243;247m▀[0m[38;2;204;242;247m[48;2;204;244;247m▀[0m[38;2;215;247;247m[48;2;205;247;247m▀[0m[38;2;247;247;247m[48;2;220;247;247m▀[0m[38;2;247;247;247m[48;2;247;247;247m▀[0m[38;2;0;0;0m[48;2;189;226;229m▀[0m[38;2;0;0;0m[48;2;0;0;0m▀[0m[38;2;0;0;0m[48;2;0;0;0m▀[0m[38;2;0;0;0m[48;2;0;0;0m▀[0m[38;2;0;0;0m[48;2;247;247;247m▀[0m[38;2;243;247;247m[48;2;247;247;247m▀[0m[38;2;247;247;247m[48;2;240;247;247m▀[0m[38;2;247;247;247m[48;2;233;247;247m▀[0m[38;2;232;247;247m[48;2;226;247;247m▀[0m[38;2;234;247;247m[48;2;224;247;247m▀[0m[38;2;247;247;247m[48;2;247;247;247m▀[0m[38;2;247;247;247m[48;2;114;158;158m▀[0m[38;2;98;143;142m[48;2;50;100;103m▀[0m[38;2;91;131;133m[48;2;215;244;244m▀[0m[38;2;212;241;240m[48;2;244;247;247m▀[0m[38;2;235;247;247m[48;2;224;247;247m▀[0m[38;2;220;247;247m[48;2;222;247;245m▀[0m[38;2;222;245;245m[48;2;222;245;245m▀[0m[38;2;222;247;245m[48;2;225;245;245m▀[0m[38;2;223;245;245m[48;2;225;245;245m▀[0m[38;2;223;245;244m[48;2;225;245;245m▀[0m[38;2;226;247;247m[48;2;225;245;245m▀[0m[38;2;226;247;247m[48;2;225;245;245m▀[0m[38;2;228;247;247m[48;2;223;247;247m▀[0m[38;2;232;247;247m[48;2;227;247;247m▀[0m[38;2;247;247;247m[48;2;226;247;247m▀[0m[38;2;247;247;247m[48;2;221;247;247m▀[0m[38;2;247;192;177m[48;2;223;247;247m▀[0m[38;2;221;247;247m[48;2;224;247;247m▀[0m[38;2;221;247;247m[48;2;224;247;247m▀[0m[38;2;219;247;247m[48;2;215;247;247m▀[0m[38;2;215;247;247m[48;2;221;247;247m▀[0m[38;2;218;247;247m[48;2;247;246;247m▀[0m[38;2;219;245;245m[48;2;247;246;246m▀[0m[38;2;225;245;247m[48;2;222;247;245m▀[0m[38;2;225;245;247m[48;2;222;245;245m▀[0m[38;2;229;247;247m[48;2;223;247;245m▀[0m[38;2;232;247;247m[48;2;228;247;247m▀[0m[38;2;247;247;247m[48;2;233;247;247m▀[0m[38;2;179;208;205m[48;2;247;247;247m▀[0m[38;2;8;44;47m[48;2;203;217;217m▀[0m[38;2;152;187;185m[48;2;26;57;57m▀[0m[38;2;247;247;247m[48;2;207;226;226m▀[0m[38;2;235;247;247m[48;2;244;247;247m▀[0m[38;2;234;247;247m[48;2;228;247;247m▀[0m[38;2;247;247;247m[48;2;230;247;247m▀[0m[38;2;247;247;247m[48;2;236;247;247m▀[0m[38;2;218;242;239m[48;2;247;247;247m▀[0m[38;2;0;13;10m[48;2;247;247;247m▀[0m[38;2;0;0;0m[48;2;8;17;20m▀[0m[38;2;0;0;0m[48;2;0;0;0m▀[0m[38;2;0;0;0m[48;2;0;0;0m▀[0m[38;2;0;0;0m[48;2;0;0;0m▀[0m[38;2;0;0;0m[48;2;131;172;173m▀[0m[38;2;238;247;247m[48;2;247;247;247m▀[0m[38;2;247;247;247m[48;2;229;247;247m▀[0m[38;2;219;247;247m[48;2;214;247;247m▀[0m[38;2;208;247;247m[48;2;202;247;247m▀[0m[38;2;201;246;247m[48;2;202;245;247m▀[0m[38;2;200;243;247m[48;2;202;243;247m▀[0m[38;2;199;242;247m[48;2;202;243;247m▀[0m[38;2;198;242;247m[48;2;198;242;247m▀[0m[38;2;197;242;247m[48;2;198;242;247m▀[0m
[38;2;247;245;243m[48;2;247;247;245m▀[0m[38;2;183;239;247m[48;2;206;242;242m▀[0m[38;2;197;242;247m[48;2;186;242;247m▀[0m[38;2;198;242;247m[48;2;199;242;247m▀[0m[38;2;198;242;247m[48;2;199;242;247m▀[0m[38;2;199;244;247m[48;2;202;243;247m▀[0m[38;2;201;245;247m[48;2;202;245;247m▀[0m[38;2;204;245;247m[48;2;204;245;247m▀[0m[38;2;204;244;247m[48;2;204;245;247m▀[0m[38;2;204;244;247m[48;2;205;243;247m▀[0m[38;2;204;244;247m[48;2;204;244;247m▀[0m[38;2;212;247;247m[48;2;209;247;247m▀[0m[38;2;239;247;247m[48;2;229;247;247m▀[0m[38;2;247;247;247m[48;2;247;247;247m▀[0m[38;2;29;43;44m[48;2;233;247;247m▀[0m[38;2;0;0;0m[48;2;0;0;0m▀[0m[38;2;247;247;247m[48;2;247;247;247m▀[0m[38;2;247;247;247m[48;2;247;247;247m▀[0m[38;2;241;247;247m[48;2;239;247;247m▀[0m[38;2;232;247;247m[48;2;226;247;247m▀[0m[38;2;224;247;247m[48;2;222;245;245m▀[0m[38;2;222;247;247m[48;2;223;245;247m▀[0m[38;2;236;247;247m[48;2;239;247;247m▀[0m[38;2;204;231;227m[48;2;193;219;216m▀[0m[38;2;81;119;127m[48;2;210;236;234m▀[0m[38;2;228;247;247m[48;2;247;247;247m▀[0m[38;2;247;247;247m[48;2;226;247;247m▀[0m[38;2;227;247;247m[48;2;224;247;247m▀[0m[38;2;227;245;247m[48;2;225;245;245m▀[0m[38;2;223;245;247m[48;2;223;245;245m▀[0m[38;2;223;245;245m[48;2;225;245;245m▀[0m[38;2;226;245;244m[48;2;226;245;244m▀[0m[38;2;226;245;245m[48;2;226;245;245m▀[0m[38;2;226;245;245m[48;2;226;245;245m▀[0m[38;2;226;245;245m[48;2;226;245;246m▀[0m[38;2;226;246;246m[48;2;226;245;246m▀[0m[38;2;223;245;245m[48;2;226;245;246m▀[0m[38;2;223;245;245m[48;2;226;245;245m▀[0m[38;2;225;247;247m[48;2;222;247;245m▀[0m[38;2;223;247;247m[48;2;230;246;246m▀[0m[38;2;221;247;245m[48;2;237;244;245m▀[0m[38;2;223;247;247m[48;2;232;246;246m▀[0m[38;2;230;247;247m[48;2;247;247;247m▀[0m[38;2;240;246;245m[48;2;247;247;247m▀[0m[38;2;247;246;244m[48;2;247;247;247m▀[0m[38;2;247;247;247m[48;2;246;247;244m▀[0m[38;2;247;247;247m[48;2;227;247;245m▀[0m[38;2;218;247;246m[48;2;218;246;246m▀[0m[38;2;223;246;245m[48;2;225;244;245m▀[0m[38;2;223;245;245m[48;2;225;245;245m▀[0m[38;2;223;245;245m[48;2;223;245;245m▀[0m[38;2;229;247;247m[48;2;225;245;245m▀[0m[38;2;228;247;247m[48;2;228;247;247m▀[0m[38;2;247;247;247m[48;2;225;247;247m▀[0m[38;2;170;191;187m[48;2;244;247;247m▀[0m[38;2;156;184;182m[48;2;243;247;247m▀[0m[38;2;245;247;247m[48;2;225;247;247m▀[0m[38;2;224;247;246m[48;2;226;246;247m▀[0m[38;2;224;247;247m[48;2;224;246;245m▀[0m[38;2;229;247;247m[48;2;222;247;247m▀[0m[38;2;240;247;247m[48;2;236;247;247m▀[0m[38;2;247;247;247m[48;2;247;247;247m▀[0m[38;2;247;247;247m[48;2;247;247;247m▀[0m[38;2;0;0;0m[48;2;162;195;195m▀[0m[38;2;0;0;0m[48;2;0;0;0m▀[0m[38;2;34;48;53m[48;2;247;247;247m▀[0m[38;2;247;247;247m[48;2;247;247;247m▀[0m[38;2;235;247;247m[48;2;221;247;247m▀[0m[38;2;224;247;247m[48;2;215;247;247m▀[0m[38;2;216;246;247m[48;2;214;244;247m▀[0m[38;2;204;242;247m[48;2;203;243;247m▀[0m[38;2;202;245;247m[48;2;203;244;247m▀[0m[38;2;202;245;247m[48;2;202;245;247m▀[0m[38;2;200;243;247m[48;2;200;243;247m▀[0m[38;2;199;242;247m[48;2;199;242;247m▀[0m[38;2;198;242;247m[48;2;198;242;247m▀[0m
[38;2;247;247;247m[48;2;247;247;247m▀[0m[38;2;244;244;244m[48;2;247;247;245m▀[0m[38;2;180;238;247m[48;2;203;239;247m▀[0m[38;2;197;241;247m[48;2;187;242;247m▀[0m[38;2;202;243;247m[48;2;202;243;247m▀[0m[38;2;203;242;247m[48;2;200;243;247m▀[0m[38;2;204;244;247m[48;2;204;245;247m▀[0m[38;2;205;245;247m[48;2;206;244;247m▀[0m[38;2;204;245;247m[48;2;205;245;247m▀[0m[38;2;204;244;247m[48;2;205;245;247m▀[0m[38;2;204;244;247m[48;2;208;244;247m▀[0m[38;2;210;246;246m[48;2;211;247;246m▀[0m[38;2;216;247;247m[48;2;209;247;246m▀[0m[38;2;225;247;247m[48;2;224;247;247m▀[0m[38;2;247;247;247m[48;2;228;247;247m▀[0m[38;2;128;151;151m[48;2;247;247;247m▀[0m[38;2;0;0;0m[48;2;20;34;32m▀[0m[38;2;247;247;247m[48;2;89;117;115m▀[0m[38;2;241;247;247m[48;2;247;247;247m▀[0m[38;2;232;247;247m[48;2;230;247;247m▀[0m[38;2;226;247;247m[48;2;230;247;247m▀[0m[38;2;225;245;245m[48;2;223;247;247m▀[0m[38;2;223;247;245m[48;2;223;245;245m▀[0m[38;2;235;247;247m[48;2;223;246;245m▀[0m[38;2;233;247;247m[48;2;222;245;245m▀[0m[38;2;226;247;247m[48;2;222;247;247m▀[0m[38;2;225;247;245m[48;2;223;246;247m▀[0m[38;2;222;247;244m[48;2;223;246;245m▀[0m[38;2;223;246;245m[48;2;226;245;244m▀[0m[38;2;225;245;245m[48;2;223;245;243m▀[0m[38;2;226;246;245m[48;2;226;246;245m▀[0m[38;2;226;246;245m[48;2;226;245;245m▀[0m[38;2;226;245;245m[48;2;226;245;245m▀[0m[38;2;226;245;246m[48;2;228;246;245m▀[0m[38;2;228;247;244m[48;2;231;247;243m▀[0m[38;2;228;246;243m[48;2;228;246;245m▀[0m[38;2;228;245;247m[48;2;227;246;245m▀[0m[38;2;227;246;246m[48;2;229;245;245m▀[0m[38;2;223;245;244m[48;2;229;244;244m▀[0m[38;2;235;246;244m[48;2;227;245;244m▀[0m[38;2;243;245;245m[48;2;227;246;243m▀[0m[38;2;228;246;243m[48;2;229;247;244m▀[0m[38;2;232;247;244m[48;2;226;246;245m▀[0m[38;2;232;247;244m[48;2;223;246;245m▀[0m[38;2;225;247;245m[48;2;228;247;246m▀[0m[38;2;221;247;245m[48;2;231;247;247m▀[0m[38;2;224;247;245m[48;2;228;246;246m▀[0m[38;2;226;246;245m[48;2;227;246;245m▀[0m[38;2;226;246;245m[48;2;226;245;244m▀[0m[38;2;226;246;245m[48;2;226;246;245m▀[0m[38;2;225;245;245m[48;2;226;246;245m▀[0m[38;2;226;245;245m[48;2;226;245;245m▀[0m[38;2;225;245;245m[48;2;226;246;245m▀[0m[38;2;223;247;245m[48;2;225;245;245m▀[0m[38;2;221;244;243m[48;2;224;246;245m▀[0m[38;2;221;246;244m[48;2;224;246;245m▀[0m[38;2;222;246;247m[48;2;223;246;246m▀[0m[38;2;222;245;245m[48;2;221;246;246m▀[0m[38;2;222;247;245m[48;2;221;246;246m▀[0m[38;2;225;247;247m[48;2;229;247;247m▀[0m[38;2;238;247;247m[48;2;233;247;247m▀[0m[38;2;247;247;247m[48;2;247;247;247m▀[0m[38;2;247;247;247m[48;2;74;94;88m▀[0m[38;2;40;60;52m[48;2;39;62;65m▀[0m[38;2;145;183;187m[48;2;247;247;247m▀[0m[38;2;247;247;247m[48;2;228;247;247m▀[0m[38;2;224;247;247m[48;2;216;247;247m▀[0m[38;2;215;247;247m[48;2;214;247;247m▀[0m[38;2;208;247;247m[48;2;208;247;247m▀[0m[38;2;206;247;247m[48;2;207;247;247m▀[0m[38;2;199;244;247m[48;2;205;243;247m▀[0m[38;2;201;245;247m[48;2;201;246;247m▀[0m[38;2;203;246;247m[48;2;202;246;247m▀[0m[38;2;203;242;247m[48;2;203;242;247m▀[0m[38;2;200;241;247m[48;2;202;241;247m▀[0m[38;2;199;242;247m[48;2;201;242;247m▀[0m
[38;2;247;247;247m[48;2;244;244;245m▀[0m[38;2;247;247;247m[48;2;247;247;247m▀[0m[38;2;241;244;245m[48;2;247;247;245m▀[0m[38;2;186;239;247m[48;2;198;243;247m▀[0m[38;2;198;243;247m[48;2;194;243;247m▀[0m[38;2;201;244;247m[48;2;204;244;247m▀[0m[38;2;205;245;247m[48;2;206;244;247m▀[0m[38;2;205;245;247m[48;2;205;243;247m▀[0m[38;2;205;243;247m[48;2;206;244;247m▀[0m[38;2;205;245;247m[48;2;206;244;247m▀[0m[38;2;209;245;247m[48;2;211;246;247m▀[0m[38;2;212;247;247m[48;2;212;247;246m▀[0m[38;2;212;246;246m[48;2;213;247;247m▀[0m[38;2;219;247;247m[48;2;220;246;247m▀[0m[38;2;218;247;247m[48;2;214;247;247m▀[0m[38;2;243;247;247m[48;2;230;247;247m▀[0m[38;2;247;247;247m[48;2;247;247;247m▀[0m[38;2;0;0;0m[48;2;182;205;204m▀[0m[38;2;186;206;205m[48;2;0;0;0m▀[0m[38;2;247;247;247m[48;2;247;247;247m▀[0m[38;2;233;247;247m[48;2;247;247;247m▀[0m[38;2;228;247;247m[48;2;230;247;247m▀[0m[38;2;223;245;245m[48;2;225;247;247m▀[0m[38;2;225;245;245m[48;2;224;246;245m▀[0m[38;2;223;246;245m[48;2;224;246;245m▀[0m[38;2;223;246;246m[48;2;224;246;245m▀[0m[38;2;223;245;247m[48;2;226;246;246m▀[0m[38;2;226;245;245m[48;2;226;245;245m▀[0m[38;2;226;245;244m[48;2;226;246;244m▀[0m[38;2;226;245;244m[48;2;226;246;244m▀[0m[38;2;226;245;244m[48;2;226;245;244m▀[0m[38;2;226;245;244m[48;2;226;245;244m▀[0m[38;2;227;246;245m[48;2;227;246;243m▀[0m[38;2;228;246;245m[48;2;229;245;245m▀[0m[38;2;228;246;245m[48;2;228;246;245m▀[0m[38;2;230;246;246m[48;2;230;246;245m▀[0m[38;2;230;246;245m[48;2;230;246;246m▀[0m[38;2;229;245;244m[48;2;230;245;245m▀[0m[38;2;229;245;245m[48;2;230;245;245m▀[0m[38;2;230;245;245m[48;2;230;245;245m▀[0m[38;2;230;245;243m[48;2;231;246;244m▀[0m[38;2;230;246;243m[48;2;231;246;244m▀[0m[38;2;231;246;244m[48;2;231;245;245m▀[0m[38;2;230;245;245m[48;2;231;245;245m▀[0m[38;2;229;247;247m[48;2;230;245;245m▀[0m[38;2;228;246;246m[48;2;229;245;245m▀[0m[38;2;227;246;245m[48;2;227;245;244m▀[0m[38;2;227;245;245m[48;2;230;246;245m▀[0m[38;2;226;245;244m[48;2;230;246;246m▀[0m[38;2;227;246;245m[48;2;229;245;245m▀[0m[38;2;226;246;245m[48;2;230;246;245m▀[0m[38;2;226;245;245m[48;2;226;246;245m▀[0m[38;2;224;246;245m[48;2;224;246;245m▀[0m[38;2;225;245;245m[48;2;223;245;245m▀[0m[38;2;223;246;245m[48;2;223;246;245m▀[0m[38;2;223;246;245m[48;2;223;246;245m▀[0m[38;2;222;245;247m[48;2;223;246;246m▀[0m[38;2;222;245;245m[48;2;226;247;247m▀[0m[38;2;225;247;247m[48;2;233;247;247m▀[0m[38;2;228;247;247m[48;2;247;247;247m▀[0m[38;2;247;247;247m[48;2;223;245;239m▀[0m[38;2;146;170;166m[48;2;0;0;0m▀[0m[38;2;0;0;0m[48;2;216;247;247m▀[0m[38;2;247;247;247m[48;2;247;247;247m▀[0m[38;2;227;247;247m[48;2;213;247;247m▀[0m[38;2;232;247;247m[48;2;223;247;247m▀[0m[38;2;209;247;247m[48;2;212;247;247m▀[0m[38;2;211;247;247m[48;2;211;247;247m▀[0m[38;2;210;247;247m[48;2;210;247;247m▀[0m[38;2;209;247;247m[48;2;207;247;247m▀[0m[38;2;205;243;247m[48;2;199;245;247m▀[0m[38;2;202;245;247m[48;2;205;244;247m▀[0m[38;2;203;246;247m[48;2;206;244;247m▀[0m[38;2;203;244;247m[48;2;203;244;247m▀[0m[38;2;202;240;247m[48;2;202;241;247m▀[0m[38;2;201;240;247m[48;2;201;239;247m▀[0m
[38;2;194;234;240m[48;2;169;230;244m▀[0m[38;2;247;247;245m[48;2;218;241;244m▀[0m[38;2;247;247;247m[48;2;247;247;247m▀[0m[38;2;205;243;247m[48;2;200;244;247m▀[0m[38;2;190;244;247m[48;2;189;244;247m▀[0m[38;2;204;244;247m[48;2;204;244;247m▀[0m[38;2;206;244;247m[48;2;206;244;247m▀[0m[38;2;206;244;247m[48;2;205;243;247m▀[0m[38;2;205;245;247m[48;2;205;245;247m▀[0m[38;2;205;245;247m[48;2;204;245;247m▀[0m[38;2;209;247;247m[48;2;206;246;247m▀[0m[38;2;212;247;246m[48;2;212;247;247m▀[0m[38;2;213;246;246m[48;2;214;247;247m▀[0m[38;2;215;246;247m[48;2;216;247;247m▀[0m[38;2;222;247;246m[48;2;222;247;247m▀[0m[38;2;232;247;247m[48;2;214;247;243m▀[0m[38;2;224;247;247m[48;2;220;247;247m▀[0m[38;2;247;247;247m[48;2;225;247;247m▀[0m[38;2;75;98;97m[48;2;247;247;247m▀[0m[38;2;37;57;55m[48;2;0;9;9m▀[0m[38;2;247;247;247m[48;2;146;175;172m▀[0m[38;2;228;247;247m[48;2;247;247;247m▀[0m[38;2;230;247;247m[48;2;247;247;247m▀[0m[38;2;227;247;247m[48;2;233;247;247m▀[0m[38;2;224;246;247m[48;2;229;247;247m▀[0m[38;2;225;245;247m[48;2;227;247;247m▀[0m[38;2;225;245;247m[48;2;225;245;245m▀[0m[38;2;224;246;244m[48;2;226;246;245m▀[0m[38;2;224;246;244m[48;2;226;246;245m▀[0m[38;2;226;246;244m[48;2;226;246;244m▀[0m[38;2;228;246;245m[48;2;227;246;245m▀[0m[38;2;228;246;245m[48;2;229;245;245m▀[0m[38;2;229;245;245m[48;2;230;245;245m▀[0m[38;2;231;245;245m[48;2;231;245;245m▀[0m[38;2;231;245;245m[48;2;231;245;245m▀[0m[38;2;230;245;246m[48;2;230;245;245m▀[0m[38;2;228;246;246m[48;2;230;245;245m▀[0m[38;2;231;245;245m[48;2;231;245;245m▀[0m[38;2;231;245;245m[48;2;231;245;245m▀[0m[38;2;230;245;245m[48;2;230;245;245m▀[0m[38;2;230;246;245m[48;2;230;245;245m▀[0m[38;2;231;245;245m[48;2;231;246;244m▀[0m[38;2;231;245;245m[48;2;231;245;245m▀[0m[38;2;231;245;245m[48;2;231;245;245m▀[0m[38;2;231;245;245m[48;2;231;245;245m▀[0m[38;2;231;245;245m[48;2;231;245;245m▀[0m[38;2;229;245;245m[48;2;230;245;245m▀[0m[38;2;230;246;246m[48;2;230;245;245m▀[0m[38;2;230;246;246m[48;2;230;245;245m▀[0m[38;2;230;246;245m[48;2;230;246;245m▀[0m[38;2;227;245;244m[48;2;226;245;244m▀[0m[38;2;227;246;245m[48;2;226;245;245m▀[0m[38;2;227;246;245m[48;2;226;246;245m▀[0m[38;2;226;246;245m[48;2;226;245;244m▀[0m[38;2;224;246;245m[48;2;233;247;247m▀[0m[38;2;223;245;245m[48;2;229;247;247m▀[0m[38;2;227;247;247m[48;2;236;247;247m▀[0m[38;2;229;247;247m[48;2;247;247;247m▀[0m[38;2;247;247;247m[48;2;247;247;247m▀[0m[38;2;247;247;247m[48;2;58;83;79m▀[0m[38;2;0;0;0m[48;2;58;76;75m▀[0m[38;2;143;173;172m[48;2;247;247;247m▀[0m[38;2;247;247;247m[48;2;223;247;247m▀[0m[38;2;220;247;247m[48;2;221;247;247m▀[0m[38;2;208;247;247m[48;2;210;245;247m▀[0m[38;2;213;247;247m[48;2;214;247;247m▀[0m[38;2;212;247;247m[48;2;210;246;247m▀[0m[38;2;212;247;247m[48;2;211;247;247m▀[0m[38;2;208;247;247m[48;2;208;247;247m▀[0m[38;2;205;247;247m[48;2;205;247;247m▀[0m[38;2;203;246;247m[48;2;204;247;247m▀[0m[38;2;205;244;247m[48;2;204;245;247m▀[0m[38;2;205;244;247m[48;2;205;244;247m▀[0m[38;2;203;244;247m[48;2;201;244;247m▀[0m[38;2;201;240;247m[48;2;194;243;247m▀[0m[38;2;199;240;247m[48;2;234;243;246m▀[0m
[38;2;188;235;244m[48;2;192;237;241m▀[0m[38;2;174;235;242m[48;2;184;239;245m▀[0m[38;2;247;245;243m[48;2;184;240;245m▀[0m[38;2;247;247;244m[48;2;247;247;244m▀[0m[38;2;183;245;247m[48;2;227;244;246m▀[0m[38;2;201;244;247m[48;2;189;244;247m▀[0m[38;2;208;244;247m[48;2;208;243;247m▀[0m[38;2;205;245;247m[48;2;205;243;247m▀[0m[38;2;205;245;247m[48;2;206;244;247m▀[0m[38;2;200;244;247m[48;2;206;244;247m▀[0m[38;2;208;246;247m[48;2;211;246;247m▀[0m[38;2;211;247;247m[48;2;211;246;247m▀[0m[38;2;212;246;247m[48;2;215;246;247m▀[0m[38;2;215;246;247m[48;2;216;247;247m▀[0m[38;2;224;246;247m[48;2;218;247;247m▀[0m[38;2;215;246;245m[48;2;215;246;246m▀[0m[38;2;214;247;247m[48;2;215;246;245m▀[0m[38;2;220;247;247m[48;2;218;247;247m▀[0m[38;2;247;247;247m[48;2;230;247;247m▀[0m[38;2;214;241;236m[48;2;247;247;247m▀[0m[38;2;0;4;3m[48;2;114;143;140m▀[0m[38;2;177;195;195m[48;2;0;14;11m▀[0m[38;2;181;207;207m[48;2;113;143;149m▀[0m[38;2;247;247;247m[48;2;79;103;113m▀[0m[38;2;247;247;247m[48;2;229;242;243m▀[0m[38;2;233;247;247m[48;2;247;247;247m▀[0m[38;2;228;247;247m[48;2;229;247;247m▀[0m[38;2;227;246;245m[48;2;227;246;245m▀[0m[38;2;227;247;245m[48;2;226;245;244m▀[0m[38;2;226;246;245m[48;2;228;246;245m▀[0m[38;2;230;246;246m[48;2;230;246;246m▀[0m[38;2;230;245;245m[48;2;230;245;245m▀[0m[38;2;230;245;245m[48;2;230;245;245m▀[0m[38;2;231;245;246m[48;2;231;245;246m▀[0m[38;2;231;245;246m[48;2;231;245;246m▀[0m[38;2;230;245;245m[48;2;229;245;245m▀[0m[38;2;230;244;245m[48;2;229;245;245m▀[0m[38;2;231;243;246m[48;2;228;246;246m▀[0m[38;2;230;245;245m[48;2;229;245;245m▀[0m[38;2;230;245;245m[48;2;230;245;245m▀[0m[38;2;231;245;245m[48;2;230;245;245m▀[0m[38;2;230;245;245m[48;2;230;245;245m▀[0m[38;2;230;246;246m[48;2;231;245;245m▀[0m[38;2;231;245;245m[48;2;231;245;245m▀[0m[38;2;231;245;245m[48;2;232;245;246m▀[0m[38;2;231;245;245m[48;2;232;245;245m▀[0m[38;2;231;245;245m[48;2;231;245;245m▀[0m[38;2;231;245;245m[48;2;231;245;245m▀[0m[38;2;231;245;245m[48;2;231;245;245m▀[0m[38;2;231;246;246m[48;2;231;246;246m▀[0m[38;2;228;246;245m[48;2;228;246;245m▀[0m[38;2;227;245;245m[48;2;229;245;245m▀[0m[38;2;226;245;245m[48;2;234;247;247m▀[0m[38;2;228;247;247m[48;2;236;247;247m▀[0m[38;2;230;247;247m[48;2;247;247;247m▀[0m[38;2;247;247;247m[48;2;205;218;218m▀[0m[38;2;247;247;247m[48;2;70;88;91m▀[0m[38;2;194;211;215m[48;2;100;123;119m▀[0m[38;2;129;159;156m[48;2;0;0;0m▀[0m[38;2;0;0;0m[48;2;188;217;216m▀[0m[38;2;247;247;247m[48;2;247;247;247m▀[0m[38;2;238;247;247m[48;2;225;247;247m▀[0m[38;2;224;247;247m[48;2;220;247;247m▀[0m[38;2;219;247;247m[48;2;220;247;246m▀[0m[38;2;213;246;246m[48;2;213;246;246m▀[0m[38;2;214;247;247m[48;2;215;246;247m▀[0m[38;2;211;247;247m[48;2;212;247;247m▀[0m[38;2;210;246;247m[48;2;210;247;247m▀[0m[38;2;208;247;247m[48;2;207;247;247m▀[0m[38;2;207;247;247m[48;2;210;247;247m▀[0m[38;2;206;246;247m[48;2;208;244;247m▀[0m[38;2;204;245;247m[48;2;200;244;247m▀[0m[38;2;205;245;247m[48;2;200;245;247m▀[0m[38;2;196;245;247m[48;2;188;244;247m▀[0m[38;2;199;245;247m[48;2;230;244;246m▀[0m[38;2;247;247;245m[48;2;247;247;245m▀[0m
[38;2;192;237;241m[48;2;194;237;242m▀[0m[38;2;194;238;245m[48;2;196;237;242m▀[0m[38;2;182;240;247m[48;2;199;238;246m▀[0m[38;2;207;241;246m[48;2;186;242;247m▀[0m[38;2;247;247;244m[48;2;227;242;244m▀[0m[38;2;193;245;247m[48;2;236;243;243m▀[0m[38;2;197;243;247m[48;2;186;243;247m▀[0m[38;2;205;243;247m[48;2;204;244;247m▀[0m[38;2;207;245;247m[48;2;206;246;247m▀[0m[38;2;204;244;247m[48;2;200;244;247m▀[0m[38;2;209;245;247m[48;2;207;245;247m▀[0m[38;2;211;246;247m[48;2;210;246;247m▀[0m[38;2;213;246;247m[48;2;212;246;247m▀[0m[38;2;217;247;247m[48;2;217;247;247m▀[0m[38;2;216;246;247m[48;2;215;245;246m▀[0m[38;2;215;246;245m[48;2;215;246;245m▀[0m[38;2;215;246;245m[48;2;216;246;245m▀[0m[38;2;216;246;243m[48;2;216;246;243m▀[0m[38;2;232;247;247m[48;2;226;247;247m▀[0m[38;2;240;247;247m[48;2;229;247;247m▀[0m[38;2;247;247;247m[48;2;247;247;247m▀[0m[38;2;3;10;10m[48;2;179;209;212m▀[0m[38;2;189;218;214m[48;2;0;0;0m▀[0m[38;2;193;209;210m[48;2;247;247;247m▀[0m[38;2;55;77;93m[48;2;247;247;247m▀[0m[38;2;172;183;190m[48;2;201;224;226m▀[0m[38;2;247;247;247m[48;2;240;247;247m▀[0m[38;2;227;245;244m[48;2;228;244;244m▀[0m[38;2;227;245;244m[48;2;229;245;245m▀[0m[38;2;229;245;245m[48;2;227;245;245m▀[0m[38;2;230;245;245m[48;2;229;245;245m▀[0m[38;2;230;245;245m[48;2;230;246;246m▀[0m[38;2;230;245;245m[48;2;230;245;245m▀[0m[38;2;231;245;245m[48;2;230;246;246m▀[0m[38;2;230;246;246m[48;2;227;246;245m▀[0m[38;2;228;247;246m[48;2;226;247;245m▀[0m[38;2;228;246;246m[48;2;229;246;247m▀[0m[38;2;227;246;245m[48;2;228;247;247m▀[0m[38;2;226;245;245m[48;2;226;247;245m▀[0m[38;2;227;245;245m[48;2;228;247;247m▀[0m[38;2;229;245;244m[48;2;226;246;246m▀[0m[38;2;229;245;244m[48;2;225;242;242m▀[0m[38;2;230;246;246m[48;2;226;243;243m▀[0m[38;2;230;246;246m[48;2;227;247;247m▀[0m[38;2;230;246;246m[48;2;228;247;244m▀[0m[38;2;230;246;245m[48;2;230;246;246m▀[0m[38;2;230;245;245m[48;2;228;246;245m▀[0m[38;2;231;246;246m[48;2;231;245;246m▀[0m[38;2;231;245;245m[48;2;231;245;245m▀[0m[38;2;230;246;245m[48;2;229;245;245m▀[0m[38;2;229;245;245m[48;2;228;245;246m▀[0m[38;2;231;245;243m[48;2;228;244;244m▀[0m[38;2;238;247;247m[48;2;245;247;247m▀[0m[38;2;226;235;234m[48;2;160;186;179m▀[0m[38;2;117;134;135m[48;2;163;193;189m▀[0m[38;2;69;94;91m[48;2;247;247;247m▀[0m[38;2;243;247;247m[48;2;235;247;247m▀[0m[38;2;98;128;127m[48;2;0;0;0m▀[0m[38;2;52;78;75m[48;2;247;247;247m▀[0m[38;2;247;247;247m[48;2;247;247;247m▀[0m[38;2;225;247;247m[48;2;233;247;247m▀[0m[38;2;221;247;247m[48;2;216;245;244m▀[0m[38;2;216;246;246m[48;2;217;246;246m▀[0m[38;2;218;247;247m[48;2;218;247;247m▀[0m[38;2;213;246;246m[48;2;213;246;246m▀[0m[38;2;215;246;247m[48;2;216;247;247m▀[0m[38;2;213;247;247m[48;2;213;247;247m▀[0m[38;2;209;247;247m[48;2;207;247;247m▀[0m[38;2;206;247;247m[48;2;202;247;247m▀[0m[38;2;213;247;247m[48;2;213;247;247m▀[0m[38;2;208;244;247m[48;2;208;244;247m▀[0m[38;2;198;243;247m[48;2;197;242;247m▀[0m[38;2;199;244;247m[48;2;213;242;247m▀[0m[38;2;208;242;246m[48;2;247;247;244m▀[0m[38;2;247;247;244m[48;2;226;243;244m▀[0m[38;2;201;244;246m[48;2;177;242;247m▀[0m
[38;2;194;237;242m[48;2;195;236;242m▀[0m[38;2;196;237;242m[48;2;196;237;243m▀[0m[38;2;197;238;246m[48;2;197;236;244m▀[0m[38;2;201;240;247m[48;2;201;240;247m▀[0m[38;2;191;241;247m[48;2;196;241;247m▀[0m[38;2;243;241;244m[48;2;199;242;247m▀[0m[38;2;208;243;246m[48;2;239;242;242m▀[0m[38;2;194;243;247m[48;2;194;243;247m▀[0m[38;2;205;245;247m[48;2;207;243;247m▀[0m[38;2;198;244;247m[48;2;205;243;247m▀[0m[38;2;209;245;247m[48;2;208;244;247m▀[0m[38;2;211;246;247m[48;2;212;245;247m▀[0m[38;2;212;246;247m[48;2;214;245;247m▀[0m[38;2;221;247;247m[48;2;223;246;247m▀[0m[38;2;215;245;246m[48;2;216;246;247m▀[0m[38;2;216;246;246m[48;2;216;246;246m▀[0m[38;2;216;246;245m[48;2;216;246;245m▀[0m[38;2;217;246;243m[48;2;217;246;243m▀[0m[38;2;227;247;247m[48;2;224;247;246m▀[0m[38;2;229;247;247m[48;2;225;247;247m▀[0m[38;2;233;247;247m[48;2;230;247;247m▀[0m[38;2;247;247;247m[48;2;247;247;247m▀[0m[38;2;30;43;45m[48;2;215;243;245m▀[0m[38;2;115;137;135m[48;2;0;0;0m▀[0m[38;2;247;247;247m[48;2;245;247;247m▀[0m[38;2;247;247;247m[48;2;247;247;247m▀[0m[38;2;235;247;247m[48;2;245;247;247m▀[0m[38;2;229;247;247m[48;2;236;247;247m▀[0m[38;2;227;245;245m[48;2;227;245;245m▀[0m[38;2;227;245;245m[48;2;227;245;245m▀[0m[38;2;229;245;245m[48;2;228;246;245m▀[0m[38;2;230;246;246m[48;2;228;247;244m▀[0m[38;2;232;244;247m[48;2;234;247;247m▀[0m[38;2;235;247;247m[48;2;240;247;247m▀[0m[38;2;236;247;247m[48;2;232;247;247m▀[0m[38;2;238;247;247m[48;2;221;246;247m▀[0m[38;2;241;247;247m[48;2;210;230;232m▀[0m[38;2;245;247;247m[48;2;198;222;222m▀[0m[38;2;247;247;247m[48;2;186;206;206m▀[0m[38;2;247;247;247m[48;2;175;200;198m▀[0m[38;2;247;247;247m[48;2;181;203;202m▀[0m[38;2;247;247;247m[48;2;190;212;214m▀[0m[38;2;244;247;247m[48;2;212;231;231m▀[0m[38;2;240;247;247m[48;2;233;247;247m▀[0m[38;2;232;247;247m[48;2;247;247;247m▀[0m[38;2;229;247;247m[48;2;240;247;247m▀[0m[38;2;230;247;247m[48;2;233;247;247m▀[0m[38;2;233;244;244m[48;2;233;246;246m▀[0m[38;2;231;245;245m[48;2;232;245;245m▀[0m[38;2;229;245;245m[48;2;231;246;246m▀[0m[38;2;229;245;245m[48;2;230;246;245m▀[0m[38;2;232;247;244m[48;2;232;247;247m▀[0m[38;2;233;247;247m[48;2;241;247;247m▀[0m[38;2;247;247;247m[48;2;244;247;247m▀[0m[38;2;247;247;247m[48;2;247;247;247m▀[0m[38;2;247;247;247m[48;2;142;171;168m▀[0m[38;2;3;22;22m[48;2;0;0;0m▀[0m[38;2;129;157;157m[48;2;247;247;247m▀[0m[38;2;247;247;247m[48;2;236;247;247m▀[0m[38;2;236;247;247m[48;2;233;247;247m▀[0m[38;2;228;247;247m[48;2;226;245;247m▀[0m[38;2;217;245;245m[48;2;217;245;243m▀[0m[38;2;216;246;245m[48;2;216;246;245m▀[0m[38;2;217;247;247m[48;2;217;247;247m▀[0m[38;2;215;246;246m[48;2;217;246;246m▀[0m[38;2;214;247;247m[48;2;211;245;247m▀[0m[38;2;212;247;247m[48;2;210;246;247m▀[0m[38;2;207;247;247m[48;2;207;247;247m▀[0m[38;2;206;247;247m[48;2;207;247;247m▀[0m[38;2;213;247;247m[48;2;213;247;247m▀[0m[38;2;208;244;247m[48;2;201;245;247m▀[0m[38;2;194;239;247m[48;2;197;236;247m▀[0m[38;2;239;243;244m[48;2;247;245;243m▀[0m[38;2;233;242;245m[48;2;195;243;247m▀[0m[38;2;178;242;247m[48;2;191;241;247m▀[0m[38;2;193;241;247m[48;2;198;239;247m▀[0m
[38;2;195;236;241m[48;2;194;234;242m▀[0m[38;2;196;235;242m[48;2;195;236;242m▀[0m[38;2;197;238;246m[48;2;196;237;245m▀[0m[38;2;198;241;247m[48;2;197;241;247m▀[0m[38;2;200;241;247m[48;2;197;241;247m▀[0m[38;2;188;240;247m[48;2;199;240;247m▀[0m[38;2;220;241;246m[48;2;193;241;247m▀[0m[38;2;224;243;244m[48;2;221;241;244m▀[0m[38;2;194;244;247m[48;2;203;243;247m▀[0m[38;2;206;244;247m[48;2;197;245;247m▀[0m[38;2;209;245;247m[48;2;205;245;247m▀[0m[38;2;212;245;247m[48;2;211;246;246m▀[0m[38;2;212;245;246m[48;2;212;245;246m▀[0m[38;2;223;246;247m[48;2;223;246;247m▀[0m[38;2;216;246;247m[48;2;217;247;247m▀[0m[38;2;216;246;245m[48;2;216;246;245m▀[0m[38;2;216;246;245m[48;2;217;247;244m▀[0m[38;2;217;246;243m[48;2;214;246;244m▀[0m[38;2;227;247;246m[48;2;224;247;246m▀[0m[38;2;224;246;245m[48;2;225;245;245m▀[0m[38;2;227;247;247m[48;2;226;247;247m▀[0m[38;2;236;247;247m[48;2;233;247;247m▀[0m[38;2;247;247;247m[48;2;247;247;247m▀[0m[38;2;42;62;62m[48;2;247;247;247m▀[0m[38;2;0;0;0m[48;2;0;0;0m▀[0m[38;2;247;247;247m[48;2;4;12;8m▀[0m[38;2;247;247;247m[48;2;247;247;247m▀[0m[38;2;245;247;247m[48;2;247;247;247m▀[0m[38;2;238;247;247m[48;2;247;247;247m▀[0m[38;2;233;247;247m[48;2;247;247;247m▀[0m[38;2;229;247;247m[48;2;247;247;247m▀[0m[38;2;236;247;247m[48;2;220;243;242m▀[0m[38;2;247;247;247m[48;2;161;180;178m▀[0m[38;2;205;223;226m[48;2;147;166;165m▀[0m[38;2;162;182;183m[48;2;164;185;184m▀[0m[38;2;138;149;151m[48;2;187;212;210m▀[0m[38;2;116;131;130m[48;2;208;233;233m▀[0m[38;2;114;130;135m[48;2;224;247;246m▀[0m[38;2;123;139;141m[48;2;235;247;247m▀[0m[38;2;123;139;140m[48;2;238;247;247m▀[0m[38;2;121;137;138m[48;2;238;247;247m▀[0m[38;2;110;129;130m[48;2;235;247;247m▀[0m[38;2;107;127;128m[48;2;226;247;247m▀[0m[38;2;110;129;133m[48;2;204;230;227m▀[0m[38;2;129;148;145m[48;2;167;196;194m▀[0m[38;2;198;216;212m[48;2;131;161;161m▀[0m[38;2;247;247;247m[48;2;132;155;157m▀[0m[38;2;247;247;247m[48;2;154;176;178m▀[0m[38;2;234;247;247m[48;2;225;244;243m▀[0m[38;2;234;247;247m[48;2;243;247;247m▀[0m[38;2;235;247;247m[48;2;247;247;247m▀[0m[38;2;238;247;247m[48;2;247;247;247m▀[0m[38;2;240;247;247m[48;2;247;247;247m▀[0m[38;2;247;247;247m[48;2;241;247;247m▀[0m[38;2;247;247;247m[48;2;0;0;0m▀[0m[38;2;0;0;0m[48;2;0;0;0m▀[0m[38;2;169;199;196m[48;2;247;247;247m▀[0m[38;2;247;247;247m[48;2;239;247;247m▀[0m[38;2;229;247;247m[48;2;230;247;247m▀[0m[38;2;228;247;247m[48;2;225;245;245m▀[0m[38;2;226;245;246m[48;2;223;245;247m▀[0m[38;2;217;245;245m[48;2;217;245;245m▀[0m[38;2;216;246;245m[48;2;216;245;245m▀[0m[38;2;216;247;247m[48;2;216;247;246m▀[0m[38;2;215;246;246m[48;2;215;246;246m▀[0m[38;2;212;246;246m[48;2;212;245;246m▀[0m[38;2;209;245;247m[48;2;210;245;247m▀[0m[38;2;207;247;247m[48;2;210;245;247m▀[0m[38;2;207;247;247m[48;2;211;245;247m▀[0m[38;2;207;247;247m[48;2;200;247;247m▀[0m[38;2;196;244;247m[48;2;220;241;245m▀[0m[38;2;218;239;246m[48;2;207;241;246m▀[0m[38;2;221;243;245m[48;2;189;243;247m▀[0m[38;2;186;243;247m[48;2;195;241;247m▀[0m[38;2;195;241;247m[48;2;197;241;247m▀[0m[38;2;198;241;247m[48;2;198;241;247m▀[0m
[38;2;193;233;241m[48;2;193;233;241m▀[0m[38;2;194;235;243m[48;2;193;233;243m▀[0m[38;2;194;236;244m[48;2;195;234;242m▀[0m[38;2;196;239;247m[48;2;195;236;246m▀[0m[38;2;198;242;247m[48;2;198;241;247m▀[0m[38;2;198;241;247m[48;2;197;241;247m▀[0m[38;2;199;242;247m[48;2;199;242;247m▀[0m[38;2;200;241;247m[48;2;193;242;247m▀[0m[38;2;199;243;247m[48;2;218;244;245m▀[0m[38;2;195;244;247m[48;2;209;243;246m▀[0m[38;2;205;243;247m[48;2;198;244;247m▀[0m[38;2;207;245;247m[48;2;207;247;247m▀[0m[38;2;210;245;245m[48;2;205;246;247m▀[0m[38;2;226;246;246m[48;2;221;244;246m▀[0m[38;2;222;247;247m[48;2;216;246;246m▀[0m[38;2;215;246;245m[48;2;215;247;246m▀[0m[38;2;217;247;246m[48;2;216;246;245m▀[0m[38;2;217;247;244m[48;2;216;247;244m▀[0m[38;2;223;246;246m[48;2;226;247;246m▀[0m[38;2;223;245;245m[48;2;223;245;245m▀[0m[38;2;223;245;244m[48;2;223;245;244m▀[0m[38;2;225;247;247m[48;2;226;247;246m▀[0m[38;2;241;247;247m[48;2;234;247;247m▀[0m[38;2;247;247;247m[48;2;247;247;247m▀[0m[38;2;41;60;57m[48;2;164;185;183m▀[0m[38;2;0;0;0m[48;2;78;104;104m▀[0m[38;2;0;0;0m[48;2;133;141;141m▀[0m[38;2;192;209;209m[48;2;0;0;0m▀[0m[38;2;247;247;247m[48;2;32;48;48m▀[0m[38;2;244;247;247m[48;2;26;48;51m▀[0m[38;2;233;247;247m[48;2;199;219;219m▀[0m[38;2;222;247;244m[48;2;240;247;247m▀[0m[38;2;203;229;226m[48;2;233;247;247m▀[0m[38;2;227;247;247m[48;2;226;247;247m▀[0m[38;2;243;247;247m[48;2;224;247;247m▀[0m[38;2;244;247;247m[48;2;221;247;247m▀[0m[38;2;240;247;247m[48;2;223;247;247m▀[0m[38;2;236;247;247m[48;2;225;247;247m▀[0m[38;2;234;247;247m[48;2;224;247;247m▀[0m[38;2;230;247;247m[48;2;220;247;247m▀[0m[38;2;233;247;247m[48;2;220;247;247m▀[0m[38;2;236;247;247m[48;2;223;247;247m▀[0m[38;2;239;247;247m[48;2;225;247;247m▀[0m[38;2;245;247;247m[48;2;225;247;247m▀[0m[38;2;247;247;247m[48;2;225;247;247m▀[0m[38;2;247;247;247m[48;2;225;247;247m▀[0m[38;2;213;235;238m[48;2;232;247;247m▀[0m[38;2;170;198;196m[48;2;245;247;247m▀[0m[38;2;218;241;240m[48;2;227;247;247m▀[0m[38;2;247;247;247m[48;2;247;247;247m▀[0m[38;2;227;247;246m[48;2;128;148;148m▀[0m[38;2;217;226;228m[48;2;2;14;17m▀[0m[38;2;111;114;118m[48;2;65;78;76m▀[0m[38;2;0;0;0m[48;2;188;212;208m▀[0m[38;2;0;0;0m[48;2;46;64;61m▀[0m[38;2;183;212;208m[48;2;247;247;247m▀[0m[38;2;247;247;247m[48;2;247;247;247m▀[0m[38;2;234;247;247m[48;2;233;247;247m▀[0m[38;2;227;246;247m[48;2;227;245;245m▀[0m[38;2;226;245;245m[48;2;226;245;245m▀[0m[38;2;223;246;246m[48;2;223;246;246m▀[0m[38;2;217;245;246m[48;2;219;244;245m▀[0m[38;2;216;245;245m[48;2;216;246;246m▀[0m[38;2;216;247;247m[48;2;216;247;246m▀[0m[38;2;215;246;246m[48;2;215;247;246m▀[0m[38;2;212;245;246m[48;2;212;245;246m▀[0m[38;2;210;245;247m[48;2;210;245;247m▀[0m[38;2;210;245;247m[48;2;202;246;247m▀[0m[38;2;208;246;247m[48;2;212;245;247m▀[0m[38;2;224;243;244m[48;2;247;242;242m▀[0m[38;2;220;242;246m[48;2;194;244;247m▀[0m[38;2;185;244;247m[48;2;195;243;247m▀[0m[38;2;197;241;247m[48;2;197;242;247m▀[0m[38;2;197;240;247m[48;2;196;240;247m▀[0m[38;2;197;238;247m[48;2;197;238;247m▀[0m[38;2;198;239;247m[48;2;198;239;247m▀[0m
[38;2;194;232;240m[48;2;194;232;240m▀[0m[38;2;194;232;242m[48;2;194;232;242m▀[0m[38;2;194;235;243m[48;2;194;233;243m▀[0m[38;2;194;236;245m[48;2;195;234;244m▀[0m[38;2;197;241;247m[48;2;197;240;247m▀[0m[38;2;197;240;247m[48;2;197;240;247m▀[0m[38;2;198;241;247m[48;2;196;241;247m▀[0m[38;2;193;242;247m[48;2;196;241;247m▀[0m[38;2;229;243;245m[48;2;199;242;247m▀[0m[38;2;247;247;244m[48;2;247;247;244m▀[0m[38;2;195;244;247m[48;2;208;244;247m▀[0m[38;2;207;245;247m[48;2;201;245;247m▀[0m[38;2;210;246;247m[48;2;210;246;247m▀[0m[38;2;211;244;245m[48;2;211;245;247m▀[0m[38;2;213;246;246m[48;2;213;246;247m▀[0m[38;2;213;247;247m[48;2;215;246;247m▀[0m[38;2;215;246;246m[48;2;213;246;246m▀[0m[38;2;212;247;245m[48;2;212;246;245m▀[0m[38;2;226;246;247m[48;2;226;247;247m▀[0m[38;2;225;245;247m[48;2;226;245;246m▀[0m[38;2;223;245;244m[48;2;224;244;244m▀[0m[38;2;225;245;244m[48;2;224;244;244m▀[0m[38;2;229;247;247m[48;2;225;247;246m▀[0m[38;2;247;247;247m[48;2;238;247;247m▀[0m[38;2;247;247;247m[48;2;247;247;247m▀[0m[38;2;15;24;24m[48;2;22;34;29m▀[0m[38;2;247;247;247m[48;2;130;160;160m▀[0m[38;2;247;247;247m[48;2;247;247;247m▀[0m[38;2;199;222;222m[48;2;247;247;247m▀[0m[38;2;229;247;247m[48;2;247;247;247m▀[0m[38;2;247;247;247m[48;2;227;247;247m▀[0m[38;2;226;247;247m[48;2;224;247;247m▀[0m[38;2;225;247;245m[48;2;221;247;247m▀[0m[38;2;220;247;247m[48;2;220;247;247m▀[0m[38;2;221;247;247m[48;2;220;247;247m▀[0m[38;2;221;247;247m[48;2;220;244;247m▀[0m[38;2;220;247;247m[48;2;219;240;247m▀[0m[38;2;220;247;247m[48;2;221;245;247m▀[0m[38;2;220;247;247m[48;2;221;247;247m▀[0m[38;2;219;247;247m[48;2;219;247;247m▀[0m[38;2;219;247;247m[48;2;219;247;247m▀[0m[38;2;219;247;247m[48;2;219;242;247m▀[0m[38;2;219;247;247m[48;2;223;230;243m▀[0m[38;2;219;247;247m[48;2;222;232;243m▀[0m[38;2;220;247;247m[48;2;219;242;247m▀[0m[38;2;220;247;247m[48;2;218;247;247m▀[0m[38;2;221;247;247m[48;2;220;247;247m▀[0m[38;2;226;244;244m[48;2;222;247;244m▀[0m[38;2;227;247;247m[48;2;224;247;245m▀[0m[38;2;234;247;247m[48;2;232;247;247m▀[0m[38;2;247;247;247m[48;2;240;247;247m▀[0m[38;2;247;247;247m[48;2;247;247;247m▀[0m[38;2;247;247;247m[48;2;247;247;247m▀[0m[38;2;131;161;152m[48;2;0;10;3m▀[0m[38;2;104;122;126m[48;2;206;236;235m▀[0m[38;2;247;247;247m[48;2;247;247;247m▀[0m[38;2;230;247;247m[48;2;234;247;247m▀[0m[38;2;229;247;247m[48;2;226;245;247m▀[0m[38;2;226;245;246m[48;2;225;245;245m▀[0m[38;2;226;246;246m[48;2;226;246;246m▀[0m[38;2;223;245;245m[48;2;222;245;245m▀[0m[38;2;220;243;245m[48;2;220;243;246m▀[0m[38;2;217;246;247m[48;2;217;246;246m▀[0m[38;2;214;247;247m[48;2;215;247;247m▀[0m[38;2;213;246;246m[48;2;214;245;246m▀[0m[38;2;212;245;246m[48;2;212;245;246m▀[0m[38;2;211;245;247m[48;2;209;245;247m▀[0m[38;2;197;246;247m[48;2;212;245;245m▀[0m[38;2;240;244;244m[48;2;225;243;244m▀[0m[38;2;211;245;247m[48;2;195;246;247m▀[0m[38;2;194;246;247m[48;2;204;244;247m▀[0m[38;2;198;242;247m[48;2;198;241;247m▀[0m[38;2;197;241;247m[48;2;197;241;247m▀[0m[38;2;196;240;247m[48;2;197;240;247m▀[0m[38;2;198;239;247m[48;2;200;241;247m▀[0m[38;2;199;238;247m[48;2;197;238;247m▀[0m
[38;2;193;231;239m[48;2;194;231;239m▀[0m[38;2;194;232;240m[48;2;194;231;241m▀[0m[38;2;194;233;243m[48;2;194;232;242m▀[0m[38;2;195;234;242m[48;2;194;235;243m▀[0m[38;2;196;240;247m[48;2;194;238;246m▀[0m[38;2;197;241;247m[48;2;197;241;247m▀[0m[38;2;195;241;247m[48;2;195;240;247m▀[0m[38;2;198;241;247m[48;2;197;241;247m▀[0m[38;2;197;241;247m[48;2;199;240;247m▀[0m[38;2;199;243;247m[48;2;197;241;247m▀[0m[38;2;203;246;247m[48;2;202;245;247m▀[0m[38;2;204;245;247m[48;2;206;246;247m▀[0m[38;2;209;245;247m[48;2;207;245;247m▀[0m[38;2;209;245;247m[48;2;209;245;247m▀[0m[38;2;209;245;247m[48;2;206;244;247m▀[0m[38;2;213;247;247m[48;2;211;246;247m▀[0m[38;2;213;246;246m[48;2;213;247;247m▀[0m[38;2;211;246;245m[48;2;213;246;246m▀[0m[38;2;223;247;246m[48;2;221;246;246m▀[0m[38;2;228;245;246m[48;2;231;245;245m▀[0m[38;2;225;245;245m[48;2;225;245;245m▀[0m[38;2;225;245;245m[48;2;225;245;245m▀[0m[38;2;223;247;244m[48;2;227;247;243m▀[0m[38;2;234;247;247m[48;2;235;247;247m▀[0m[38;2;247;247;247m[48;2;247;247;247m▀[0m[38;2;113;133;129m[48;2;234;247;247m▀[0m[38;2;0;0;0m[48;2;0;0;0m▀[0m[38;2;247;247;247m[48;2;196;225;225m▀[0m[38;2;235;247;247m[48;2;247;247;247m▀[0m[38;2;227;247;247m[48;2;225;247;247m▀[0m[38;2;220;247;247m[48;2;222;245;247m▀[0m[38;2;220;247;247m[48;2;219;247;247m▀[0m[38;2;217;246;247m[48;2;219;234;247m▀[0m[38;2;218;240;247m[48;2;221;226;236m▀[0m[38;2;221;232;247m[48;2;225;222;231m▀[0m[38;2;222;232;247m[48;2;227;217;229m▀[0m[38;2;223;229;241m[48;2;231;216;226m▀[0m[38;2;224;234;246m[48;2;241;212;219m▀[0m[38;2;232;240;247m[48;2;234;164;150m▀[0m[38;2;228;245;247m[48;2;247;175;170m▀[0m[38;2;233;247;247m[48;2;209;148;141m▀[0m[38;2;224;226;238m[48;2;238;206;212m▀[0m[38;2;226;216;225m[48;2;234;208;219m▀[0m[38;2;226;215;226m[48;2;232;207;213m▀[0m[38;2;227;221;229m[48;2;231;209;219m▀[0m[38;2;222;232;235m[48;2;229;216;224m▀[0m[38;2;219;247;247m[48;2;226;228;232m▀[0m[38;2;220;247;246m[48;2;221;244;244m▀[0m[38;2;223;247;245m[48;2;220;247;246m▀[0m[38;2;228;247;247m[48;2;223;247;247m▀[0m[38;2;230;247;247m[48;2;232;247;247m▀[0m[38;2;247;247;247m[48;2;247;247;247m▀[0m[38;2;151;182;181m[48;2;0;0;0m▀[0m[38;2;0;0;0m[48;2;27;31;34m▀[0m[38;2;247;247;247m[48;2;247;247;247m▀[0m[38;2;243;247;247m[48;2;232;247;247m▀[0m[38;2;233;247;247m[48;2;228;247;247m▀[0m[38;2;226;245;246m[48;2;224;246;246m▀[0m[38;2;225;245;247m[48;2;224;246;246m▀[0m[38;2;226;246;246m[48;2;224;246;247m▀[0m[38;2;222;247;247m[48;2;221;246;247m▀[0m[38;2;219;245;246m[48;2;217;245;245m▀[0m[38;2;217;245;246m[48;2;217;245;246m▀[0m[38;2;216;247;247m[48;2;215;245;246m▀[0m[38;2;212;245;246m[48;2;212;245;246m▀[0m[38;2;211;245;247m[48;2;211;247;247m▀[0m[38;2;203;247;247m[48;2;211;247;247m▀[0m[38;2;210;243;246m[48;2;205;245;247m▀[0m[38;2;200;244;247m[48;2;205;245;247m▀[0m[38;2;205;246;247m[48;2;203;246;247m▀[0m[38;2;203;244;247m[48;2;202;243;247m▀[0m[38;2;199;240;247m[48;2;199;240;247m▀[0m[38;2;197;241;247m[48;2;198;241;247m▀[0m[38;2;196;240;247m[48;2;197;238;247m▀[0m[38;2;199;240;247m[48;2;199;240;247m▀[0m[38;2;196;237;247m[48;2;197;236;247m▀[0m
[38;2;193;230;238m[48;2;193;228;238m▀[0m[38;2;194;231;239m[48;2;194;232;239m▀[0m[38;2;196;232;242m[48;2;194;232;240m▀[0m[38;2;194;235;243m[48;2;194;232;242m▀[0m[38;2;194;236;242m[48;2;194;233;241m▀[0m[38;2;197;240;247m[48;2;196;239;247m▀[0m[38;2;196;240;247m[48;2;197;240;247m▀[0m[38;2;197;241;247m[48;2;197;240;247m▀[0m[38;2;201;242;247m[48;2;199;242;247m▀[0m[38;2;201;242;247m[48;2;201;240;247m▀[0m[38;2;203;242;247m[48;2;203;241;247m▀[0m[38;2;206;244;247m[48;2;205;245;247m▀[0m[38;2;205;246;247m[48;2;204;245;247m▀[0m[38;2;207;245;247m[48;2;209;245;247m▀[0m[38;2;208;243;247m[48;2;210;244;247m▀[0m[38;2;209;245;247m[48;2;206;244;247m▀[0m[38;2;213;247;247m[48;2;211;246;247m▀[0m[38;2;215;246;246m[48;2;213;246;246m▀[0m[38;2;217;246;246m[48;2;214;244;245m▀[0m[38;2;233;245;247m[48;2;233;247;247m▀[0m[38;2;240;247;247m[48;2;175;195;195m▀[0m[38;2;240;247;247m[48;2;204;224;224m▀[0m[38;2;239;247;247m[48;2;218;238;236m▀[0m[38;2;235;247;247m[48;2;247;247;247m▀[0m[38;2;244;247;247m[48;2;244;247;247m▀[0m[38;2;247;247;247m[48;2;243;247;247m▀[0m[38;2;189;220;214m[48;2;247;247;247m▀[0m[38;2;212;242;242m[48;2;240;247;247m▀[0m[38;2;236;247;247m[48;2;225;247;247m▀[0m[38;2;225;247;247m[48;2;219;247;247m▀[0m[38;2;219;247;247m[48;2;221;243;247m▀[0m[38;2;219;237;247m[48;2;223;223;229m▀[0m[38;2;224;220;232m[48;2;226;214;221m▀[0m[38;2;226;216;226m[48;2;228;204;213m▀[0m[38;2;227;212;220m[48;2;231;197;202m▀[0m[38;2;230;204;208m[48;2;236;194;195m▀[0m[38;2;242;210;215m[48;2;247;210;210m▀[0m[38;2;235;181;177m[48;2;218;162;154m▀[0m[38;2;168;67;44m[48;2;163;44;25m▀[0m[38;2;247;161;152m[48;2;247;166;159m▀[0m[38;2;192;89;69m[48;2;200;76;60m▀[0m[38;2;229;184;183m[48;2;202;146;137m▀[0m[38;2;240;209;209m[48;2;247;203;201m▀[0m[38;2;233;202;202m[48;2;238;188;184m▀[0m[38;2;235;203;205m[48;2;238;194;194m▀[0m[38;2;234;204;209m[48;2;237;195;202m▀[0m[38;2;232;214;222m[48;2;235;205;212m▀[0m[38;2;224;230;237m[48;2;228;218;225m▀[0m[38;2;217;247;247m[48;2;216;238;246m▀[0m[38;2;221;247;247m[48;2;219;247;247m▀[0m[38;2;229;247;247m[48;2;225;247;247m▀[0m[38;2;247;247;247m[48;2;233;247;247m▀[0m[38;2;142;166;161m[48;2;247;247;247m▀[0m[38;2;226;247;247m[48;2;241;247;247m▀[0m[38;2;247;247;247m[48;2;238;247;247m▀[0m[38;2;234;247;247m[48;2;235;247;247m▀[0m[38;2;228;247;247m[48;2;240;247;247m▀[0m[38;2;228;247;247m[48;2;245;247;247m▀[0m[38;2;225;247;247m[48;2;174;204;204m▀[0m[38;2;226;245;247m[48;2;214;240;238m▀[0m[38;2;220;246;247m[48;2;224;247;247m▀[0m[38;2;216;246;243m[48;2;216;246;245m▀[0m[38;2;216;246;246m[48;2;215;247;246m▀[0m[38;2;215;246;246m[48;2;211;246;246m▀[0m[38;2;211;247;246m[48;2;210;247;247m▀[0m[38;2;209;247;247m[48;2;209;247;247m▀[0m[38;2;215;246;247m[48;2;209;245;247m▀[0m[38;2;208;244;247m[48;2;207;243;247m▀[0m[38;2;206;244;247m[48;2;205;246;247m▀[0m[38;2;204;245;247m[48;2;201;244;247m▀[0m[38;2;202;240;247m[48;2;201;240;247m▀[0m[38;2;200;239;247m[48;2;198;239;247m▀[0m[38;2;197;241;247m[48;2;197;240;247m▀[0m[38;2;196;239;247m[48;2;196;240;247m▀[0m[38;2;202;240;247m[48;2;201;240;247m▀[0m[38;2;194;237;246m[48;2;193;237;245m▀[0m
[38;2;192;227;235m[48;2;192;226;234m▀[0m[38;2;193;230;238m[48;2;191;228;236m▀[0m[38;2;194;232;240m[48;2;193;231;238m▀[0m[38;2;194;232;240m[48;2;194;231;241m▀[0m[38;2;194;233;240m[48;2;194;232;240m▀[0m[38;2;195;238;244m[48;2;194;235;241m▀[0m[38;2;198;241;247m[48;2;196;240;247m▀[0m[38;2;196;240;247m[48;2;197;240;247m▀[0m[38;2;197;240;247m[48;2;198;241;247m▀[0m[38;2;200;241;247m[48;2;200;241;247m▀[0m[38;2;202;240;247m[48;2;204;239;247m▀[0m[38;2;204;245;247m[48;2;204;242;247m▀[0m[38;2;205;246;247m[48;2;205;245;247m▀[0m[38;2;205;245;247m[48;2;203;244;247m▀[0m[38;2;210;245;247m[48;2;206;244;247m▀[0m[38;2;208;244;247m[48;2;209;245;247m▀[0m[38;2;208;246;247m[48;2;209;247;247m▀[0m[38;2;211;246;247m[48;2;210;245;247m▀[0m[38;2;211;244;245m[48;2;216;247;247m▀[0m[38;2;240;247;247m[48;2;235;247;247m▀[0m[38;2;155;178;184m[48;2;198;226;227m▀[0m[38;2;147;173;173m[48;2;163;190;187m▀[0m[38;2;156;183;180m[48;2;161;189;187m▀[0m[38;2;247;247;247m[48;2;174;205;202m▀[0m[38;2;232;247;247m[48;2;192;210;211m▀[0m[38;2;232;247;247m[48;2;193;211;216m▀[0m[38;2;220;237;238m[48;2;103;123;126m▀[0m[38;2;224;247;247m[48;2;188;216;218m▀[0m[38;2;227;247;247m[48;2;241;247;247m▀[0m[38;2;219;243;247m[48;2;221;235;245m▀[0m[38;2;226;227;238m[48;2;228;218;225m▀[0m[38;2;230;212;221m[48;2;232;202;209m▀[0m[38;2;229;204;211m[48;2;230;192;194m▀[0m[38;2;231;203;205m[48;2;240;205;199m▀[0m[38;2;236;189;184m[48;2;247;179;161m▀[0m[38;2;234;190;182m[48;2;245;182;163m▀[0m[38;2;247;209;204m[48;2;247;204;193m▀[0m[38;2;213;140;128m[48;2;188;108;94m▀[0m[38;2;184;43;26m[48;2;200;41;27m▀[0m[38;2;247;179;167m[48;2;247;241;230m▀[0m[38;2;228;88;71m[48;2;247;156;140m▀[0m[38;2;165;99;83m[48;2;151;44;29m▀[0m[38;2;247;204;190m[48;2;247;189;173m▀[0m[38;2;247;176;165m[48;2;247;165;149m▀[0m[38;2;242;186;183m[48;2;247;179;170m▀[0m[38;2;238;194;195m[48;2;238;198;196m▀[0m[38;2;237;197;203m[48;2;240;177;183m▀[0m[38;2;234;207;217m[48;2;234;204;207m▀[0m[38;2;226;224;230m[48;2;229;214;220m▀[0m[38;2;220;247;247m[48;2;223;235;246m▀[0m[38;2;226;247;247m[48;2;225;247;247m▀[0m[38;2;233;247;247m[48;2;234;247;247m▀[0m[38;2;239;247;247m[48;2;210;229;228m▀[0m[38;2;236;247;247m[48;2;225;247;247m▀[0m[38;2;241;247;247m[48;2;221;241;243m▀[0m[38;2;247;247;247m[48;2;192;210;204m▀[0m[38;2;233;247;247m[48;2;172;199;196m▀[0m[38;2;179;209;206m[48;2;133;160;163m▀[0m[38;2;153;182;187m[48;2;204;226;226m▀[0m[38;2;239;247;247m[48;2;239;247;247m▀[0m[38;2;217;247;244m[48;2;216;246;245m▀[0m[38;2;218;247;246m[48;2;218;246;246m▀[0m[38;2;213;246;246m[48;2;213;246;246m▀[0m[38;2;210;246;246m[48;2;211;246;246m▀[0m[38;2;210;246;247m[48;2;211;246;247m▀[0m[38;2;210;246;247m[48;2;207;245;247m▀[0m[38;2;207;243;247m[48;2;205;243;247m▀[0m[38;2;205;243;247m[48;2;205;245;247m▀[0m[38;2;205;246;247m[48;2;203;246;247m▀[0m[38;2;200;243;247m[48;2;201;240;247m▀[0m[38;2;200;241;247m[48;2;199;240;247m▀[0m[38;2;198;239;247m[48;2;198;239;247m▀[0m[38;2;196;239;247m[48;2;196;239;247m▀[0m[38;2;196;240;247m[48;2;196;239;247m▀[0m[38;2;195;239;247m[48;2;194;238;247m▀[0m[38;2;193;235;240m[48;2;192;230;238m▀[0m
[38;2;192;227;235m[48;2;191;226;236m▀[0m[38;2;191;228;236m[48;2;192;227;235m▀[0m[38;2;192;230;238m[48;2;191;229;237m▀[0m[38;2;194;231;239m[48;2;194;231;238m▀[0m[38;2;193;231;241m[48;2;195;231;241m▀[0m[38;2;194;232;240m[48;2;194;233;241m▀[0m[38;2;194;237;243m[48;2;196;235;242m▀[0m[38;2;197;240;247m[48;2;198;239;247m▀[0m[38;2;198;241;247m[48;2;197;240;247m▀[0m[38;2;200;241;247m[48;2;198;241;247m▀[0m[38;2;204;239;247m[48;2;203;239;247m▀[0m[38;2;202;241;247m[48;2;201;240;247m▀[0m[38;2;204;245;247m[48;2;205;243;247m▀[0m[38;2;205;245;247m[48;2;211;244;247m▀[0m[38;2;205;245;247m[48;2;206;244;247m▀[0m[38;2;209;245;247m[48;2;210;245;247m▀[0m[38;2;211;245;247m[48;2;212;246;247m▀[0m[38;2;205;246;247m[48;2;205;246;247m▀[0m[38;2;216;247;246m[48;2;212;246;247m▀[0m[38;2;227;247;247m[48;2;221;247;247m▀[0m[38;2;210;247;247m[48;2;236;247;247m▀[0m[38;2;153;180;177m[48;2;157;184;180m▀[0m[38;2;180;206;204m[48;2;157;179;175m▀[0m[38;2;169;199;198m[48;2;179;210;207m▀[0m[38;2;189;207;206m[48;2;185;204;204m▀[0m[38;2;180;208;209m[48;2;170;201;201m▀[0m[38;2;102;131;137m[48;2;102;131;135m▀[0m[38;2;209;239;242m[48;2;220;247;247m▀[0m[38;2;239;247;247m[48;2;241;247;247m▀[0m[38;2;226;228;237m[48;2;232;223;231m▀[0m[38;2;229;212;218m[48;2;231;200;204m▀[0m[38;2;233;193;196m[48;2;237;181;180m▀[0m[38;2;239;180;179m[48;2;242;178;175m▀[0m[38;2;239;208;203m[48;2;240;245;241m▀[0m[38;2;247;170;149m[48;2;247;161;142m▀[0m[38;2;247;165;146m[48;2;247;159;136m▀[0m[38;2;247;194;171m[48;2;247;182;161m▀[0m[38;2;149;79;64m[48;2;136;58;44m▀[0m[38;2;234;67;53m[48;2;209;64;60m▀[0m[38;2;247;178;166m[48;2;66;5;6m▀[0m[38;2;247;159;145m[48;2;170;40;40m▀[0m[38;2;141;30;14m[48;2;166;53;46m▀[0m[38;2;238;161;149m[48;2;199;129;117m▀[0m[38;2;247;163;145m[48;2;247;165;151m▀[0m[38;2;247;142;125m[48;2;247;132;116m▀[0m[38;2;241;200;198m[48;2;247;247;247m▀[0m[38;2;237;176;180m[48;2;239;203;209m▀[0m[38;2;240;182;184m[48;2;246;159;160m▀[0m[38;2;232;204;204m[48;2;240;192;188m▀[0m[38;2;227;221;227m[48;2;228;213;213m▀[0m[38;2;226;247;247m[48;2;225;247;247m▀[0m[38;2;218;247;247m[48;2;221;247;247m▀[0m[38;2;119;141;140m[48;2;135;165;162m▀[0m[38;2;143;173;179m[48;2;150;184;189m▀[0m[38;2;191;206;205m[48;2;193;220;217m▀[0m[38;2;171;197;194m[48;2;157;188;187m▀[0m[38;2;148;172;178m[48;2;167;195;197m▀[0m[38;2;161;185;187m[48;2;233;247;247m▀[0m[38;2;228;247;247m[48;2;229;247;247m▀[0m[38;2;228;247;247m[48;2;222;247;244m▀[0m[38;2;218;246;246m[48;2;217;246;245m▀[0m[38;2;216;246;246m[48;2;215;246;246m▀[0m[38;2;214;245;247m[48;2;213;246;247m▀[0m[38;2;211;246;247m[48;2;211;245;247m▀[0m[38;2;210;246;246m[48;2;210;245;247m▀[0m[38;2;207;245;247m[48;2;206;244;247m▀[0m[38;2;205;243;247m[48;2;205;243;247m▀[0m[38;2;205;246;247m[48;2;204;245;247m▀[0m[38;2;203;244;247m[48;2;201;242;247m▀[0m[38;2;201;240;247m[48;2;201;240;247m▀[0m[38;2;199;240;247m[48;2;198;239;247m▀[0m[38;2;197;240;247m[48;2;197;238;247m▀[0m[38;2;197;238;247m[48;2;196;239;247m▀[0m[38;2;197;240;247m[48;2;196;238;247m▀[0m[38;2;194;236;244m[48;2;194;233;243m▀[0m[38;2;191;233;237m[48;2;193;232;237m▀[0m
[38;2;190;226;233m[48;2;188;226;232m▀[0m[38;2;189;226;236m[48;2;189;227;235m▀[0m[38;2;192;227;237m[48;2;189;227;235m▀[0m[38;2;194;230;237m[48;2;192;229;237m▀[0m[38;2;195;231;241m[48;2;194;231;239m▀[0m[38;2;194;232;240m[48;2;193;233;241m▀[0m[38;2;195;234;241m[48;2;194;233;240m▀[0m[38;2;198;237;245m[48;2;196;235;245m▀[0m[38;2;197;241;247m[48;2;197;240;247m▀[0m[38;2;197;240;247m[48;2;196;241;247m▀[0m[38;2;201;240;247m[48;2;198;241;247m▀[0m[38;2;201;240;247m[48;2;201;242;247m▀[0m[38;2;204;244;247m[48;2;202;243;247m▀[0m[38;2;208;244;247m[48;2;205;245;247m▀[0m[38;2;205;245;247m[48;2;205;245;247m▀[0m[38;2;209;245;247m[48;2;206;244;247m▀[0m[38;2;212;246;247m[48;2;209;245;247m▀[0m[38;2;213;246;247m[48;2;212;246;247m▀[0m[38;2;209;244;247m[48;2;211;245;247m▀[0m[38;2;210;244;246m[48;2;209;245;247m▀[0m[38;2;229;247;247m[48;2;209;247;247m▀[0m[38;2;221;239;240m[48;2;247;247;247m▀[0m[38;2;156;180;176m[48;2;198;221;215m▀[0m[38;2;164;198;197m[48;2;140;175;171m▀[0m[38;2;178;209;204m[48;2;185;224;217m▀[0m[38;2;171;195;193m[48;2;169;203;201m▀[0m[38;2;97;128;133m[48;2;96;120;123m▀[0m[38;2;221;247;247m[48;2;224;247;247m▀[0m[38;2;245;247;247m[48;2;247;247;247m▀[0m[38;2;233;219;225m[48;2;236;214;218m▀[0m[38;2;232;192;195m[48;2;236;188;188m▀[0m[38;2;237;168;167m[48;2;238;162;160m▀[0m[38;2;241;196;193m[48;2;239;210;208m▀[0m[38;2;247;247;247m[48;2;247;247;247m▀[0m[38;2;247;153;139m[48;2;247;136;117m▀[0m[38;2;247;147;131m[48;2;247;138;122m▀[0m[38;2;247;171;148m[48;2;247;161;138m▀[0m[38;2;128;59;41m[48;2;40;7;4m▀[0m[38;2;32;0;0m[48;2;118;5;0m▀[0m[38;2;247;168;163m[48;2;247;83;75m▀[0m[38;2;136;50;46m[48;2;171;53;48m▀[0m[38;2;100;0;0m[48;2;96;0;0m▀[0m[38;2;172;114;104m[48;2;88;68;60m▀[0m[38;2;247;167;151m[48;2;247;173;155m▀[0m[38;2;247;144;128m[48;2;247;123;108m▀[0m[38;2;247;247;247m[48;2;247;247;247m▀[0m[38;2;242;246;247m[48;2;241;247;247m▀[0m[38;2;244;149;146m[48;2;247;139;127m▀[0m[38;2;247;180;180m[48;2;247;177;171m▀[0m[38;2;241;202;202m[48;2;247;194;194m▀[0m[38;2;236;244;247m[48;2;247;233;236m▀[0m[38;2;234;247;247m[48;2;189;220;215m▀[0m[38;2;125;158;158m[48;2;98;129;128m▀[0m[38;2;170;196;196m[48;2;173;199;199m▀[0m[38;2;197;220;214m[48;2;185;210;203m▀[0m[38;2;138;164;165m[48;2;194;224;224m▀[0m[38;2;198;231;234m[48;2;223;247;247m▀[0m[38;2;239;247;247m[48;2;220;247;247m▀[0m[38;2;224;247;247m[48;2;223;247;247m▀[0m[38;2;217;246;245m[48;2;217;246;246m▀[0m[38;2;216;246;246m[48;2;213;246;247m▀[0m[38;2;212;246;247m[48;2;211;246;247m▀[0m[38;2;211;246;247m[48;2;212;246;247m▀[0m[38;2;210;246;246m[48;2;209;247;247m▀[0m[38;2;206;244;247m[48;2;206;244;247m▀[0m[38;2;205;244;247m[48;2;206;244;247m▀[0m[38;2;204;245;247m[48;2;205;245;247m▀[0m[38;2;203;244;247m[48;2;203;242;247m▀[0m[38;2;201;240;247m[48;2;202;240;247m▀[0m[38;2;200;239;247m[48;2;200;239;247m▀[0m[38;2;198;239;247m[48;2;197;238;247m▀[0m[38;2;197;238;247m[48;2;199;238;247m▀[0m[38;2;197;238;247m[48;2;197;238;247m▀[0m[38;2;194;237;247m[48;2;193;233;244m▀[0m[38;2;191;234;238m[48;2;191;233;241m▀[0m[38;2;190;232;241m[48;2;190;232;241m▀[0m
[38;2;191;225;232m[48;2;191;225;232m▀[0m[38;2;191;226;233m[48;2;191;225;232m▀[0m[38;2;190;227;237m[48;2;190;227;238m▀[0m[38;2;190;227;237m[48;2;189;227;237m▀[0m[38;2;193;230;238m[48;2;191;229;237m▀[0m[38;2;194;231;239m[48;2;194;231;239m▀[0m[38;2;194;231;239m[48;2;195;231;239m▀[0m[38;2;194;235;243m[48;2;194;233;237m▀[0m[38;2;197;243;247m[48;2;198;239;245m▀[0m[38;2;196;241;247m[48;2;198;239;247m▀[0m[38;2;200;239;247m[48;2;198;239;247m▀[0m[38;2;202;241;247m[48;2;201;240;247m▀[0m[38;2;203;241;247m[48;2;201;240;247m▀[0m[38;2;206;244;247m[48;2;205;243;247m▀[0m[38;2;206;246;247m[48;2;206;246;247m▀[0m[38;2;205;246;247m[48;2;205;245;247m▀[0m[38;2;208;246;247m[48;2;208;246;247m▀[0m[38;2;210;245;247m[48;2;211;245;247m▀[0m[38;2;212;246;247m[48;2;212;246;247m▀[0m[38;2;210;245;247m[48;2;212;246;247m▀[0m[38;2;212;247;247m[48;2;212;246;247m▀[0m[38;2;223;247;247m[48;2;213;247;246m▀[0m[38;2;222;245;245m[48;2;221;247;247m▀[0m[38;2;213;235;233m[48;2;247;247;247m▀[0m[38;2;191;226;226m[48;2;247;247;247m▀[0m[38;2;153;201;197m[48;2;161;202;197m▀[0m[38;2;70;105;105m[48;2;54;94;98m▀[0m[38;2;199;230;234m[48;2;124;163;167m▀[0m[38;2;247;247;247m[48;2;223;226;229m▀[0m[38;2;243;213;217m[48;2;247;219;224m▀[0m[38;2;239;185;185m[48;2;239;182;182m▀[0m[38;2;241;160;152m[48;2;247;164;156m▀[0m[38;2;237;211;203m[48;2;241;163;149m▀[0m[38;2;241;247;247m[48;2;245;151;121m▀[0m[38;2;247;118;94m[48;2;247;123;95m▀[0m[38;2;247;155;129m[48;2;247;161;130m▀[0m[38;2;223;117;96m[48;2;162;73;58m▀[0m[38;2;156;42;29m[48;2;226;57;42m▀[0m[38;2;247;70;60m[48;2;219;57;51m▀[0m[38;2;201;74;74m[48;2;247;66;59m▀[0m[38;2;185;58;64m[48;2;211;54;55m▀[0m[38;2;247;74;62m[48;2;198;65;53m▀[0m[38;2;141;63;48m[48;2;218;78;59m▀[0m[38;2;247;154;133m[48;2;197;106;87m▀[0m[38;2;247;116;96m[48;2;247;149;125m▀[0m[38;2;245;238;235m[48;2;247;134;122m▀[0m[38;2;244;198;194m[48;2;247;137;119m▀[0m[38;2;247;134;111m[48;2;247;144;114m▀[0m[38;2;247;175;157m[48;2;247;167;142m▀[0m[38;2;247;191;191m[48;2;247;195;189m▀[0m[38;2;247;226;227m[48;2;243;218;217m▀[0m[38;2;126;156;152m[48;2;98;129;124m▀[0m[38;2;101;131;134m[48;2;90;125;130m▀[0m[38;2;178;200;200m[48;2;163;197;195m▀[0m[38;2;197;226;226m[48;2;226;247;247m▀[0m[38;2;247;247;247m[48;2;232;247;247m▀[0m[38;2;221;247;247m[48;2;226;247;247m▀[0m[38;2;222;247;245m[48;2;225;245;245m▀[0m[38;2;217;246;246m[48;2;216;245;246m▀[0m[38;2;215;245;246m[48;2;212;245;245m▀[0m[38;2;211;245;247m[48;2;211;245;247m▀[0m[38;2;211;247;247m[48;2;211;246;247m▀[0m[38;2;209;247;247m[48;2;209;247;247m▀[0m[38;2;207;245;247m[48;2;206;246;247m▀[0m[38;2;206;244;247m[48;2;206;244;247m▀[0m[38;2;206;244;247m[48;2;206;244;247m▀[0m[38;2;204;244;247m[48;2;203;242;247m▀[0m[38;2;201;240;247m[48;2;201;240;247m▀[0m[38;2;201;240;247m[48;2;199;240;247m▀[0m[38;2;198;241;247m[48;2;197;240;247m▀[0m[38;2;196;239;247m[48;2;198;239;247m▀[0m[38;2;199;240;247m[48;2;199;243;247m▀[0m[38;2;198;236;247m[48;2;195;234;246m▀[0m[38;2;192;232;243m[48;2;194;234;240m▀[0m[38;2;192;232;242m[48;2;193;231;241m▀[0m[38;2;192;230;240m[48;2;191;229;239m▀[0m
[38;2;189;223;231m[48;2;187;222;230m▀[0m[38;2;191;225;232m[48;2;190;224;231m▀[0m[38;2;191;226;234m[48;2;192;225;232m▀[0m[38;2;187;227;237m[48;2;189;226;237m▀[0m[38;2;190;227;237m[48;2;191;226;236m▀[0m[38;2;194;231;238m[48;2;192;230;237m▀[0m[38;2;194;232;239m[48;2;194;231;239m▀[0m[38;2;194;232;240m[48;2;194;232;240m▀[0m[38;2;196;235;242m[48;2;194;232;236m▀[0m[38;2;200;239;247m[48;2;198;237;247m▀[0m[38;2;197;238;247m[48;2;199;238;247m▀[0m[38;2;200;241;247m[48;2;199;238;247m▀[0m[38;2;201;240;247m[48;2;201;242;247m▀[0m[38;2;203;242;247m[48;2;202;241;247m▀[0m[38;2;206;246;247m[48;2;205;245;247m▀[0m[38;2;205;245;247m[48;2;206;246;247m▀[0m[38;2;207;243;247m[48;2;205;245;247m▀[0m[38;2;210;245;247m[48;2;208;244;247m▀[0m[38;2;211;246;246m[48;2;210;244;247m▀[0m[38;2;212;246;247m[48;2;211;245;247m▀[0m[38;2;212;247;247m[48;2;211;246;247m▀[0m[38;2;213;247;247m[48;2;211;246;246m▀[0m[38;2;213;246;247m[48;2;213;246;247m▀[0m[38;2;215;247;247m[48;2;217;245;247m▀[0m[38;2;247;247;247m[48;2;236;247;247m▀[0m[38;2;223;246;246m[48;2;243;247;247m▀[0m[38;2;34;78;86m[48;2;81;119;122m▀[0m[38;2;94;144;148m[48;2;64;130;135m▀[0m[38;2;207;202;209m[48;2;192;192;189m▀[0m[38;2;247;220;227m[48;2;247;220;227m▀[0m[38;2;244;182;180m[48;2;243;182;180m▀[0m[38;2;247;162;152m[48;2;247;157;148m▀[0m[38;2;247;154;133m[48;2;247;164;149m▀[0m[38;2;247;147;124m[48;2;247;151;128m▀[0m[38;2;247;137;109m[48;2;247;142;106m▀[0m[38;2;247;127;101m[48;2;171;83;64m▀[0m[38;2;154;24;12m[48;2;135;23;6m▀[0m[38;2;136;17;13m[48;2;177;233;230m▀[0m[38;2;247;79;74m[48;2;247;160;152m▀[0m[38;2;151;32;25m[48;2;0;0;0m▀[0m[38;2;188;52;50m[48;2;52;7;6m▀[0m[38;2;247;59;48m[48;2;247;186;180m▀[0m[38;2;216;57;38m[48;2;188;118;106m▀[0m[38;2;159;62;45m[48;2;145;26;12m▀[0m[38;2;247;150;125m[48;2;247;122;100m▀[0m[38;2;247;136;120m[48;2;247;163;149m▀[0m[38;2;247;144;129m[48;2;247;158;147m▀[0m[38;2;247;141;115m[48;2;247;133;108m▀[0m[38;2;247;166;141m[48;2;247;159;140m▀[0m[38;2;247;198;195m[48;2;247;204;208m▀[0m[38;2;226;204;205m[48;2;194;181;184m▀[0m[38;2;81;113;112m[48;2;76;118;117m▀[0m[38;2;85;129;132m[48;2;199;229;226m▀[0m[38;2;159;193;191m[48;2;230;247;247m▀[0m[38;2;245;247;247m[48;2;233;247;247m▀[0m[38;2;226;247;247m[48;2;226;247;247m▀[0m[38;2;224;246;247m[48;2;217;247;247m▀[0m[38;2;217;245;247m[48;2;215;246;246m▀[0m[38;2;214;245;246m[48;2;212;245;245m▀[0m[38;2;211;245;245m[48;2;212;246;247m▀[0m[38;2;212;246;247m[48;2;211;246;247m▀[0m[38;2;211;246;247m[48;2;211;246;247m▀[0m[38;2;209;245;247m[48;2;207;245;247m▀[0m[38;2;206;244;247m[48;2;205;245;247m▀[0m[38;2;206;244;247m[48;2;205;243;247m▀[0m[38;2;205;245;247m[48;2;204;244;247m▀[0m[38;2;202;243;247m[48;2;201;242;247m▀[0m[38;2;199;240;247m[48;2;198;241;247m▀[0m[38;2;198;239;247m[48;2;198;239;247m▀[0m[38;2;197;238;247m[48;2;198;239;247m▀[0m[38;2;199;240;247m[48;2;198;243;247m▀[0m[38;2;196;237;247m[48;2;195;236;247m▀[0m[38;2;194;233;243m[48;2;194;231;241m▀[0m[38;2;194;232;240m[48;2;192;230;240m▀[0m[38;2;192;232;240m[48;2;191;229;236m▀[0m[38;2;191;229;237m[48;2;191;231;236m▀[0m
[38;2;188;222;230m[48;2;187;220;228m▀[0m[38;2;189;222;229m[48;2;188;221;229m▀[0m[38;2;192;224;231m[48;2;192;224;232m▀[0m[38;2;192;225;233m[48;2;192;225;231m▀[0m[38;2;190;227;234m[48;2;190;227;234m▀[0m[38;2;192;227;237m[48;2;191;226;234m▀[0m[38;2;194;230;238m[48;2;194;229;237m▀[0m[38;2;195;231;239m[48;2;195;231;239m▀[0m[38;2;194;232;239m[48;2;194;231;239m▀[0m[38;2;195;234;241m[48;2;195;233;234m▀[0m[38;2;200;239;247m[48;2;199;237;245m▀[0m[38;2;199;237;247m[48;2;198;239;247m▀[0m[38;2;199;242;247m[48;2;197;240;247m▀[0m[38;2;202;241;247m[48;2;199;242;247m▀[0m[38;2;203;243;247m[48;2;202;240;247m▀[0m[38;2;206;246;247m[48;2;204;244;247m▀[0m[38;2;205;246;247m[48;2;205;245;247m▀[0m[38;2;206;246;247m[48;2;205;243;247m▀[0m[38;2;212;246;247m[48;2;210;244;247m▀[0m[38;2;212;243;247m[48;2;213;244;247m▀[0m[38;2;211;244;247m[48;2;208;243;247m▀[0m[38;2;214;245;247m[48;2;212;245;247m▀[0m[38;2;214;245;247m[48;2;213;246;247m▀[0m[38;2;215;246;247m[48;2;212;245;247m▀[0m[38;2;221;247;247m[48;2;214;247;247m▀[0m[38;2;238;247;247m[48;2;225;247;247m▀[0m[38;2;247;247;247m[48;2;235;247;247m▀[0m[38;2;178;227;226m[48;2;247;247;247m▀[0m[38;2;140;151;149m[48;2;132;161;161m▀[0m[38;2;247;212;217m[48;2;235;190;191m▀[0m[38;2;247;187;188m[48;2;247;198;200m▀[0m[38;2;247;158;151m[48;2;247;166;159m▀[0m[38;2;247;145;129m[48;2;247;145;129m▀[0m[38;2;247;167;141m[48;2;247;180;155m▀[0m[38;2;247;140;106m[48;2;247;132;98m▀[0m[38;2;24;20;14m[48;2;0;0;0m▀[0m[38;2;121;38;32m[48;2;247;57;40m▀[0m[38;2;247;247;247m[48;2;247;83;61m▀[0m[38;2;247;83;67m[48;2;247;65;58m▀[0m[38;2;214;52;36m[48;2;223;45;30m▀[0m[38;2;164;25;15m[48;2;247;56;36m▀[0m[38;2;247;168;161m[48;2;247;61;46m▀[0m[38;2;247;205;194m[48;2;247;115;91m▀[0m[38;2;124;14;0m[48;2;186;46;32m▀[0m[38;2;202;96;76m[48;2;142;63;46m▀[0m[38;2;247;155;128m[48;2;247;165;134m▀[0m[38;2;247;131;107m[48;2;247;132;108m▀[0m[38;2;247;136;114m[48;2;247;136;118m▀[0m[38;2;247;157;142m[48;2;247;167;161m▀[0m[38;2;247;218;222m[48;2;247;220;221m▀[0m[38;2;144;147;148m[48;2;119;138;133m▀[0m[38;2;173;217;216m[48;2;232;247;247m▀[0m[38;2;247;247;247m[48;2;247;247;247m▀[0m[38;2;236;247;247m[48;2;230;247;247m▀[0m[38;2;226;247;247m[48;2;224;247;247m▀[0m[38;2;218;247;247m[48;2;215;246;245m▀[0m[38;2;216;246;246m[48;2;216;245;245m▀[0m[38;2;215;245;246m[48;2;216;245;246m▀[0m[38;2;212;245;245m[48;2;212;246;247m▀[0m[38;2;212;246;247m[48;2;211;246;247m▀[0m[38;2;211;246;247m[48;2;210;245;247m▀[0m[38;2;209;245;247m[48;2;205;245;247m▀[0m[38;2;205;245;247m[48;2;205;245;247m▀[0m[38;2;205;245;247m[48;2;206;244;247m▀[0m[38;2;205;245;247m[48;2;204;245;247m▀[0m[38;2;202;243;247m[48;2;202;241;247m▀[0m[38;2;200;241;247m[48;2;200;243;247m▀[0m[38;2;200;241;247m[48;2;200;239;247m▀[0m[38;2;199;238;247m[48;2;199;237;247m▀[0m[38;2;198;239;247m[48;2;197;240;247m▀[0m[38;2;197;242;247m[48;2;194;238;247m▀[0m[38;2;194;233;244m[48;2;194;231;241m▀[0m[38;2;195;231;241m[48;2;195;231;241m▀[0m[38;2;194;229;239m[48;2;194;229;239m▀[0m[38;2;191;231;236m[48;2;191;229;236m▀[0m[38;2;191;230;235m[48;2;192;227;235m▀[0m
[38;2;186;218;229m[48;2;185;220;230m▀[0m[38;2;187;220;228m[48;2;189;219;230m▀[0m[38;2;190;223;230m[48;2;189;222;229m▀[0m[38;2;192;225;232m[48;2;191;224;231m▀[0m[38;2;192;226;233m[48;2;191;225;231m▀[0m[38;2;192;227;235m[48;2;191;226;233m▀[0m[38;2;193;227;236m[48;2;192;227;235m▀[0m[38;2;195;231;239m[48;2;194;229;237m▀[0m[38;2;195;231;239m[48;2;195;231;238m▀[0m[38;2;195;231;239m[48;2;195;231;239m▀[0m[38;2;197;232;243m[48;2;196;231;240m▀[0m[38;2;197;240;247m[48;2;196;234;244m▀[0m[38;2;197;240;247m[48;2;197;241;247m▀[0m[38;2;198;241;247m[48;2;197;240;247m▀[0m[38;2;201;240;247m[48;2;200;239;247m▀[0m[38;2;201;242;247m[48;2;202;240;247m▀[0m[38;2;204;245;247m[48;2;203;243;247m▀[0m[38;2;205;245;247m[48;2;206;246;247m▀[0m[38;2;205;243;247m[48;2;204;245;247m▀[0m[38;2;209;244;247m[48;2;204;245;246m▀[0m[38;2;208;243;247m[48;2;210;245;247m▀[0m[38;2;209;244;247m[48;2;208;244;247m▀[0m[38;2;213;246;247m[48;2;210;244;247m▀[0m[38;2;212;246;247m[48;2;213;246;247m▀[0m[38;2;215;246;247m[48;2;215;246;247m▀[0m[38;2;224;247;247m[48;2;227;247;247m▀[0m[38;2;227;247;247m[48;2;215;245;246m▀[0m[38;2;238;247;247m[48;2;150;194;196m▀[0m[38;2;161;205;204m[48;2;210;247;247m▀[0m[38;2;182;159;160m[48;2;131;134;134m▀[0m[38;2;247;217;214m[48;2;247;219;217m▀[0m[38;2;247;171;161m[48;2;247;178;175m▀[0m[38;2;247;147;131m[48;2;247;144;129m▀[0m[38;2;247;129;98m[48;2;247;204;181m▀[0m[38;2;247;115;88m[48;2;247;179;145m▀[0m[38;2;60;4;0m[48;2;42;3;0m▀[0m[38;2;247;82;57m[48;2;247;62;38m▀[0m[38;2;247;99;78m[48;2;247;108;86m▀[0m[38;2;217;60;54m[48;2;212;44;37m▀[0m[38;2;232;42;31m[48;2;247;43;30m▀[0m[38;2;247;59;42m[48;2;247;80;61m▀[0m[38;2;201;51;36m[48;2;168;33;25m▀[0m[38;2;247;117;87m[48;2;247;118;85m▀[0m[38;2;218;52;33m[48;2;94;8;0m▀[0m[38;2;141;52;38m[48;2;223;101;85m▀[0m[38;2;247;179;153m[48;2;247;240;226m▀[0m[38;2;247;131;105m[48;2;247;134;109m▀[0m[38;2;247;141;128m[48;2;247;151;143m▀[0m[38;2;247;188;190m[48;2;247;214;217m▀[0m[38;2;233;202;203m[48;2;183;168;163m▀[0m[38;2;129;161;159m[48;2;169;215;216m▀[0m[38;2;206;247;247m[48;2;161;198;201m▀[0m[38;2;221;247;247m[48;2;205;236;236m▀[0m[38;2;235;247;247m[48;2;238;247;247m▀[0m[38;2;218;246;246m[48;2;216;245;246m▀[0m[38;2;215;245;245m[48;2;215;245;245m▀[0m[38;2;215;244;245m[48;2;214;244;247m▀[0m[38;2;213;244;247m[48;2;211;244;247m▀[0m[38;2;212;246;247m[48;2;209;245;247m▀[0m[38;2;210;246;247m[48;2;206;244;247m▀[0m[38;2;208;244;247m[48;2;206;244;247m▀[0m[38;2;205;245;247m[48;2;206;244;247m▀[0m[38;2;205;245;247m[48;2;202;245;247m▀[0m[38;2;205;245;247m[48;2;202;241;247m▀[0m[38;2;203;240;247m[48;2;202;240;247m▀[0m[38;2;201;240;247m[48;2;201;240;247m▀[0m[38;2;202;240;247m[48;2;198;239;247m▀[0m[38;2;200;238;247m[48;2;198;239;247m▀[0m[38;2;200;239;247m[48;2;197;239;247m▀[0m[38;2;196;239;247m[48;2;194;234;244m▀[0m[38;2;194;233;243m[48;2;194;231;241m▀[0m[38;2;195;231;241m[48;2;195;231;239m▀[0m[38;2;195;230;239m[48;2;194;229;239m▀[0m[38;2;193;228;236m[48;2;192;227;237m▀[0m[38;2;190;229;234m[48;2;192;227;235m▀[0m[38;2;192;227;234m[48;2;191;226;233m▀[0m
[38;2;182;219;229m[48;2;183;218;228m▀[0m[38;2;184;221;231m[48;2;182;219;229m▀[0m[38;2;187;221;231m[48;2;185;220;230m▀[0m[38;2;189;223;230m[48;2;190;220;231m▀[0m[38;2;191;226;231m[48;2;191;224;232m▀[0m[38;2;192;225;232m[48;2;191;226;233m▀[0m[38;2;193;226;234m[48;2;191;226;233m▀[0m[38;2;193;228;236m[48;2;192;227;235m▀[0m[38;2;194;230;238m[48;2;194;229;237m▀[0m[38;2;196;231;240m[48;2;195;231;241m▀[0m[38;2;195;231;241m[48;2;195;230;241m▀[0m[38;2;194;232;242m[48;2;194;232;240m▀[0m[38;2;196;239;244m[48;2;194;237;242m▀[0m[38;2;200;241;247m[48;2;198;243;246m▀[0m[38;2;198;239;247m[48;2;198;239;247m▀[0m[38;2;201;240;247m[48;2;200;239;247m▀[0m[38;2;201;240;247m[48;2;201;240;247m▀[0m[38;2;205;243;247m[48;2;204;240;247m▀[0m[38;2;206;244;247m[48;2;205;245;247m▀[0m[38;2;204;245;247m[48;2;205;245;247m▀[0m[38;2;209;244;247m[48;2;204;245;246m▀[0m[38;2;211;244;247m[48;2;214;244;247m▀[0m[38;2;209;243;247m[48;2;210;243;247m▀[0m[38;2;211;244;247m[48;2;208;243;247m▀[0m[38;2;214;245;245m[48;2;217;246;247m▀[0m[38;2;232;247;247m[48;2;243;247;247m▀[0m[38;2;204;239;241m[48;2;181;215;217m▀[0m[38;2;144;185;186m[48;2;157;191;194m▀[0m[38;2;247;247;247m[48;2;247;247;247m▀[0m[38;2;107;138;138m[48;2;151;200;202m▀[0m[38;2;233;187;185m[48;2;154;126;126m▀[0m[38;2;247;195;195m[48;2;247;214;217m▀[0m[38;2;247;157;153m[48;2;243;174;173m▀[0m[38;2;247;161;136m[48;2;247;138;123m▀[0m[38;2;247;167;130m[48;2;247;134;107m▀[0m[38;2;170;74;54m[48;2;247;153;122m▀[0m[38;2;149;26;11m[48;2;138;48;30m▀[0m[38;2;247;99;76m[48;2;247;41;27m▀[0m[38;2;198;23;15m[48;2;77;0;0m▀[0m[38;2;0;0;0m[48;2;0;0;0m▀[0m[38;2;123;24;16m[48;2;0;0;0m▀[0m[38;2;247;48;32m[48;2;232;42;29m▀[0m[38;2;247;63;40m[48;2;137;17;10m▀[0m[38;2;107;32;19m[48;2;244;113;88m▀[0m[38;2;247;157;133m[48;2;247;155;134m▀[0m[38;2;247;150;128m[48;2;247;144;124m▀[0m[38;2;247;142;126m[48;2;247;157;145m▀[0m[38;2;247;169;162m[48;2;247;197;197m▀[0m[38;2;247;223;222m[48;2;219;189;186m▀[0m[38;2;138;149;139m[48;2;124;158;153m▀[0m[38;2;233;247;247m[48;2;247;247;247m▀[0m[38;2;150;179;181m[48;2;159;190;190m▀[0m[38;2;191;222;222m[48;2;161;190;191m▀[0m[38;2;236;247;247m[48;2;245;247;247m▀[0m[38;2;213;247;245m[48;2;216;245;247m▀[0m[38;2;210;245;247m[48;2;209;245;247m▀[0m[38;2;211;245;247m[48;2;210;245;247m▀[0m[38;2;211;245;247m[48;2;209;245;247m▀[0m[38;2;207;245;247m[48;2;208;244;247m▀[0m[38;2;205;243;247m[48;2;205;243;247m▀[0m[38;2;207;243;247m[48;2;205;245;247m▀[0m[38;2;205;245;247m[48;2;203;244;247m▀[0m[38;2;200;243;247m[48;2;201;240;247m▀[0m[38;2;202;240;247m[48;2;201;239;247m▀[0m[38;2;201;240;247m[48;2;198;239;247m▀[0m[38;2;200;239;247m[48;2;199;238;247m▀[0m[38;2;198;239;247m[48;2;200;239;247m▀[0m[38;2;197;240;247m[48;2;198;237;247m▀[0m[38;2;194;237;246m[48;2;195;233;243m▀[0m[38;2;194;231;242m[48;2;195;231;241m▀[0m[38;2;194;231;242m[48;2;195;230;241m▀[0m[38;2;194;230;240m[48;2;194;229;238m▀[0m[38;2;192;227;237m[48;2;191;227;238m▀[0m[38;2;190;227;237m[48;2;190;227;237m▀[0m[38;2;189;226;234m[48;2;189;225;231m▀[0m[38;2;191;226;232m[48;2;190;224;234m▀[0m
[38;2;182;218;227m[48;2;181;215;224m▀[0m[38;2;182;219;229m[48;2;181;219;228m▀[0m[38;2;184;220;227m[48;2;184;219;227m▀[0m[38;2;189;219;230m[48;2;187;220;230m▀[0m[38;2;191;221;230m[48;2;188;220;229m▀[0m[38;2;190;224;232m[48;2;191;221;232m▀[0m[38;2;191;226;233m[48;2;191;224;232m▀[0m[38;2;191;226;234m[48;2;192;226;234m▀[0m[38;2;192;227;237m[48;2;192;227;235m▀[0m[38;2;193;230;238m[48;2;194;229;237m▀[0m[38;2;193;229;240m[48;2;193;230;240m▀[0m[38;2;193;231;241m[48;2;194;229;241m▀[0m[38;2;192;235;240m[48;2;194;232;242m▀[0m[38;2;195;238;242m[48;2;195;233;241m▀[0m[38;2;200;239;247m[48;2;198;239;247m▀[0m[38;2;197;238;247m[48;2;198;241;247m▀[0m[38;2;200;239;247m[48;2;198;239;247m▀[0m[38;2;202;240;247m[48;2;202;240;247m▀[0m[38;2;203;243;247m[48;2;204;240;247m▀[0m[38;2;205;246;247m[48;2;204;244;247m▀[0m[38;2;204;245;247m[48;2;205;246;247m▀[0m[38;2;205;243;247m[48;2;203;244;247m▀[0m[38;2;211;244;247m[48;2;208;243;247m▀[0m[38;2;208;244;247m[48;2;219;247;247m▀[0m[38;2;211;246;247m[48;2;216;247;247m▀[0m[38;2;234;247;247m[48;2;206;247;247m▀[0m[38;2;148;183;187m[48;2;128;162;162m▀[0m[38;2;192;226;229m[48;2;224;247;247m▀[0m[38;2;247;247;247m[48;2;226;247;247m▀[0m[38;2;230;247;247m[48;2;247;247;247m▀[0m[38;2;112;129;129m[48;2;153;212;213m▀[0m[38;2;247;194;197m[48;2;179;143;149m▀[0m[38;2;247;186;190m[48;2;247;202;213m▀[0m[38;2;247;165;163m[48;2;238;182;181m▀[0m[38;2;247;147;133m[48;2;247;161;157m▀[0m[38;2;247;154;127m[48;2;247;154;144m▀[0m[38;2;247;129;97m[48;2;247;180;155m▀[0m[38;2;93;0;0m[48;2;102;39;28m▀[0m[38;2;66;0;0m[48;2;151;0;0m▀[0m[38;2;0;0;0m[48;2;195;48;48m▀[0m[38;2;0;0;0m[48;2;243;45;43m▀[0m[38;2;52;0;0m[48;2;0;0;0m▀[0m[38;2;157;50;37m[48;2;247;127;101m▀[0m[38;2;247;172;146m[48;2;247;175;160m▀[0m[38;2;247;151;135m[48;2;247;158;144m▀[0m[38;2;247;157;148m[48;2;247;166;161m▀[0m[38;2;247;168;161m[48;2;247;192;194m▀[0m[38;2;247;218;218m[48;2;219;179;182m▀[0m[38;2;132;124;118m[48;2;105;136;132m▀[0m[38;2;178;230;227m[48;2;243;247;247m▀[0m[38;2;247;247;247m[48;2;224;247;247m▀[0m[38;2;197;226;232m[48;2;232;247;247m▀[0m[38;2;129;158;161m[48;2;118;141;145m▀[0m[38;2;239;247;247m[48;2;208;247;247m▀[0m[38;2;216;246;247m[48;2;221;247;247m▀[0m[38;2;211;245;247m[48;2;212;247;247m▀[0m[38;2;211;245;247m[48;2;208;244;247m▀[0m[38;2;208;244;247m[48;2;206;244;247m▀[0m[38;2;208;244;247m[48;2;206;244;247m▀[0m[38;2;205;245;247m[48;2;205;245;247m▀[0m[38;2;205;243;247m[48;2;203;242;247m▀[0m[38;2;202;241;247m[48;2;202;241;247m▀[0m[38;2;200;241;247m[48;2;200;241;247m▀[0m[38;2;199;240;247m[48;2;199;240;247m▀[0m[38;2;197;238;247m[48;2;198;237;247m▀[0m[38;2;199;238;247m[48;2;198;243;247m▀[0m[38;2;198;243;247m[48;2;197;238;246m▀[0m[38;2;196;235;245m[48;2;194;232;242m▀[0m[38;2;196;232;242m[48;2;194;231;242m▀[0m[38;2;194;231;242m[48;2;194;230;241m▀[0m[38;2;195;229;240m[48;2;194;228;239m▀[0m[38;2;194;228;237m[48;2;192;226;237m▀[0m[38;2;192;227;237m[48;2;190;227;235m▀[0m[38;2;191;226;234m[48;2;190;225;232m▀[0m[38;2;190;225;232m[48;2;191;225;232m▀[0m[38;2;190;224;232m[48;2;193;220;230m▀[0m
[38;2;186;209;220m[48;2;186;208;217m▀[0m[38;2;183;217;227m[48;2;184;214;223m▀[0m[38;2;184;220;229m[48;2;180;223;227m▀[0m[38;2;186;219;229m[48;2;185;219;230m▀[0m[38;2;187;220;228m[48;2;187;220;230m▀[0m[38;2;188;222;232m[48;2;187;221;231m▀[0m[38;2;189;224;232m[48;2;188;221;231m▀[0m[38;2;192;226;233m[48;2;191;225;233m▀[0m[38;2;192;226;233m[48;2;192;226;233m▀[0m[38;2;193;227;236m[48;2;192;226;234m▀[0m[38;2;194;228;237m[48;2;194;227;235m▀[0m[38;2;195;229;238m[48;2;194;228;237m▀[0m[38;2;194;232;240m[48;2;194;230;240m▀[0m[38;2;194;233;241m[48;2;194;234;240m▀[0m[38;2;194;235;241m[48;2;194;232;240m▀[0m[38;2;197;241;247m[48;2;194;237;245m▀[0m[38;2;200;239;247m[48;2;198;241;247m▀[0m[38;2;201;239;247m[48;2;199;238;247m▀[0m[38;2;202;240;247m[48;2;201;239;247m▀[0m[38;2;203;239;247m[48;2;201;239;247m▀[0m[38;2;205;243;247m[48;2;202;240;247m▀[0m[38;2;205;245;247m[48;2;204;247;247m▀[0m[38;2;207;242;247m[48;2;210;245;247m▀[0m[38;2;216;245;247m[48;2;223;247;247m▀[0m[38;2;236;247;247m[48;2;218;247;247m▀[0m[38;2;159;194;197m[48;2;119;143;147m▀[0m[38;2;159;188;194m[48;2;212;247;247m▀[0m[38;2;235;247;247m[48;2;219;247;247m▀[0m[38;2;220;247;247m[48;2;221;247;247m▀[0m[38;2;225;247;247m[48;2;220;247;247m▀[0m[38;2;229;247;247m[48;2;235;247;247m▀[0m[38;2;131;153;160m[48;2;195;247;245m▀[0m[38;2;242;179;185m[48;2;139;141;147m▀[0m[38;2;247;198;197m[48;2;247;194;194m▀[0m[38;2;239;177;175m[48;2;243;184;184m▀[0m[38;2;247;167;161m[48;2;242;173;172m▀[0m[38;2;247;183;168m[48;2;247;183;174m▀[0m[38;2;247;100;83m[48;2;247;138;119m▀[0m[38;2;108;0;0m[48;2;247;33;11m▀[0m[38;2;227;0;3m[48;2;31;39;42m▀[0m[38;2;100;0;0m[48;2;128;91;88m▀[0m[38;2;158;15;0m[48;2;247;71;39m▀[0m[38;2;247;157;136m[48;2;247;171;161m▀[0m[38;2;247;166;156m[48;2;247;168;162m▀[0m[38;2;247;161;157m[48;2;246;173;177m▀[0m[38;2;246;175;175m[48;2;247;198;205m▀[0m[38;2;247;214;218m[48;2;197;167;172m▀[0m[38;2;127;126;127m[48;2;128;167;168m▀[0m[38;2;183;230;235m[48;2;239;247;247m▀[0m[38;2;240;247;247m[48;2;218;247;247m▀[0m[38;2;218;247;247m[48;2;216;247;247m▀[0m[38;2;243;247;247m[48;2;228;247;247m▀[0m[38;2;150;174;178m[48;2;198;238;240m▀[0m[38;2;169;204;207m[48;2;111;141;147m▀[0m[38;2;234;247;247m[48;2;234;247;247m▀[0m[38;2;209;245;247m[48;2;215;247;247m▀[0m[38;2;206;244;247m[48;2;213;247;247m▀[0m[38;2;208;244;247m[48;2;206;244;247m▀[0m[38;2;208;244;247m[48;2;205;243;247m▀[0m[38;2;204;244;246m[48;2;202;241;247m▀[0m[38;2;201;242;247m[48;2;201;242;247m▀[0m[38;2;201;240;247m[48;2;201;240;247m▀[0m[38;2;199;240;247m[48;2;200;239;247m▀[0m[38;2;197;238;247m[48;2;199;240;247m▀[0m[38;2;198;239;247m[48;2;197;240;247m▀[0m[38;2;198;239;247m[48;2;195;233;243m▀[0m[38;2;195;233;241m[48;2;194;232;242m▀[0m[38;2;194;232;240m[48;2;194;231;239m▀[0m[38;2;193;231;238m[48;2;194;229;237m▀[0m[38;2;194;229;237m[48;2;194;228;237m▀[0m[38;2;194;227;238m[48;2;193;227;238m▀[0m[38;2;192;226;235m[48;2;189;226;234m▀[0m[38;2;189;226;234m[48;2;190;225;232m▀[0m[38;2;191;225;232m[48;2;191;224;232m▀[0m[38;2;191;223;232m[48;2;189;219;231m▀[0m[38;2;190;219;228m[48;2;187;217;229m▀[0m
[38;2;185;211;219m[48;2;184;210;218m▀[0m[38;2;184;213;219m[48;2;185;211;218m▀[0m[38;2;181;217;223m[48;2;183;213;219m▀[0m[38;2;184;219;229m[48;2;183;218;226m▀[0m[38;2;186;219;229m[48;2;183;219;228m▀[0m[38;2;186;220;230m[48;2;184;219;229m▀[0m[38;2;188;220;231m[48;2;188;220;229m▀[0m[38;2;190;222;233m[48;2;191;221;232m▀[0m[38;2;192;226;233m[48;2;191;225;232m▀[0m[38;2;192;226;233m[48;2;192;226;233m▀[0m[38;2;193;227;236m[48;2;192;226;235m▀[0m[38;2;193;228;236m[48;2;193;228;236m▀[0m[38;2;194;229;237m[48;2;194;228;236m▀[0m[38;2;193;230;241m[48;2;192;230;238m▀[0m[38;2;194;232;240m[48;2;192;232;242m▀[0m[38;2;190;233;238m[48;2;194;232;240m▀[0m[38;2;194;238;247m[48;2;193;233;244m▀[0m[38;2;200;239;247m[48;2;197;240;247m▀[0m[38;2;199;238;246m[48;2;200;239;247m▀[0m[38;2;199;240;247m[48;2;199;238;247m▀[0m[38;2;201;240;247m[48;2;201;239;247m▀[0m[38;2;201;244;247m[48;2;203;238;247m▀[0m[38;2;207;245;247m[48;2;225;247;247m▀[0m[38;2;239;247;247m[48;2;154;187;195m▀[0m[38;2;135;160;166m[48;2;133;160;171m▀[0m[38;2;169;203;210m[48;2;227;247;247m▀[0m[38;2;229;247;247m[48;2;208;246;247m▀[0m[38;2;211;247;247m[48;2;208;246;247m▀[0m[38;2;210;245;247m[48;2;210;244;247m▀[0m[38;2;213;247;247m[48;2;210;244;247m▀[0m[38;2;220;247;247m[48;2;212;247;247m▀[0m[38;2;233;247;247m[48;2;218;247;247m▀[0m[38;2;161;209;212m[48;2;232;247;247m▀[0m[38;2;224;197;205m[48;2;225;247;247m▀[0m[38;2;244;192;195m[48;2;231;202;209m▀[0m[38;2;237;180;184m[48;2;236;183;188m▀[0m[38;2;245;178;181m[48;2;238;178;190m▀[0m[38;2;247;179;175m[48;2;245;176;185m▀[0m[38;2;247;174;162m[48;2;247;195;197m▀[0m[38;2;247;91;67m[48;2;243;228;225m▀[0m[38;2;247;91;64m[48;2;239;217;213m▀[0m[38;2;247;178;161m[48;2;242;187;179m▀[0m[38;2;247;178;177m[48;2;235;180;181m▀[0m[38;2;238;175;178m[48;2;236;180;183m▀[0m[38;2;238;180;188m[48;2;235;187;193m▀[0m[38;2;247;207;214m[48;2;232;212;216m▀[0m[38;2;197;215;216m[48;2;220;247;247m▀[0m[38;2;192;247;247m[48;2;210;247;247m▀[0m[38;2;220;247;247m[48;2;213;247;247m▀[0m[38;2;213;247;247m[48;2;209;247;247m▀[0m[38;2;209;247;247m[48;2;209;245;247m▀[0m[38;2;211;247;247m[48;2;207;243;247m▀[0m[38;2;236;247;247m[48;2;215;247;247m▀[0m[38;2;134;164;174m[48;2;213;247;247m▀[0m[38;2;160;194;198m[48;2;108;141;150m▀[0m[38;2;243;247;247m[48;2;207;243;247m▀[0m[38;2;211;247;247m[48;2;224;247;247m▀[0m[38;2;207;245;247m[48;2;202;245;247m▀[0m[38;2;203;241;247m[48;2;202;240;247m▀[0m[38;2;201;240;247m[48;2;200;241;247m▀[0m[38;2;200;241;247m[48;2;198;241;247m▀[0m[38;2;198;239;247m[48;2;199;240;247m▀[0m[38;2;200;239;247m[48;2;199;240;247m▀[0m[38;2;198;243;247m[48;2;197;238;246m▀[0m[38;2;196;235;245m[48;2;197;233;241m▀[0m[38;2;196;232;242m[48;2;196;232;242m▀[0m[38;2;194;232;242m[48;2;194;230;240m▀[0m[38;2;193;230;240m[48;2;193;230;238m▀[0m[38;2;192;229;237m[48;2;192;229;236m▀[0m[38;2;194;228;237m[48;2;193;227;234m▀[0m[38;2;193;226;235m[48;2;192;226;233m▀[0m[38;2;190;225;231m[48;2;191;225;232m▀[0m[38;2;190;225;232m[48;2;190;222;231m▀[0m[38;2;188;222;229m[48;2;186;220;231m▀[0m[38;2;185;218;229m[48;2;184;218;228m▀[0m[38;2;184;217;229m[48;2;183;218;229m▀[0m
[38;2;183;209;216m[48;2;181;207;215m▀[0m[38;2;184;212;218m[48;2;183;209;217m▀[0m[38;2;183;213;219m[48;2;185;213;219m▀[0m[38;2;180;215;224m[48;2;180;214;221m▀[0m[38;2;181;219;232m[48;2;181;216;226m▀[0m[38;2;182;221;230m[48;2;182;220;229m▀[0m[38;2;185;220;228m[48;2;182;219;229m▀[0m[38;2;188;221;231m[48;2;185;220;230m▀[0m[38;2;189;223;230m[48;2;188;221;231m▀[0m[38;2;191;226;232m[48;2;190;223;231m▀[0m[38;2;192;226;233m[48;2;191;226;232m▀[0m[38;2;192;227;235m[48;2;189;225;232m▀[0m[38;2;193;228;236m[48;2;191;226;236m▀[0m[38;2;191;229;236m[48;2;192;227;237m▀[0m[38;2;192;232;238m[48;2;191;229;236m▀[0m[38;2;199;232;241m[48;2;194;231;238m▀[0m[38;2;196;231;240m[48;2;196;231;240m▀[0m[38;2;194;234;245m[48;2;196;231;240m▀[0m[38;2;197;240;247m[48;2;197;234;245m▀[0m[38;2;200;239;247m[48;2;199;242;247m▀[0m[38;2;200;238;247m[48;2;203;238;247m▀[0m[38;2;212;247;247m[48;2;201;245;247m▀[0m[38;2;161;201;205m[48;2;177;221;229m▀[0m[38;2;104;126;141m[48;2;201;244;247m▀[0m[38;2;216;247;247m[48;2;208;247;247m▀[0m[38;2;208;247;247m[48;2;200;244;247m▀[0m[38;2;210;246;247m[48;2;205;241;247m▀[0m[38;2;207;242;247m[48;2;207;242;247m▀[0m[38;2;210;244;247m[48;2;206;244;247m▀[0m[38;2;210;244;247m[48;2;206;244;247m▀[0m[38;2;212;243;247m[48;2;209;244;247m▀[0m[38;2;211;243;247m[48;2;212;243;247m▀[0m[38;2;212;247;247m[48;2;210;247;247m▀[0m[38;2;214;247;247m[48;2;213;247;247m▀[0m[38;2;221;240;245m[48;2;216;247;247m▀[0m[38;2;232;194;199m[48;2;231;234;244m▀[0m[38;2;235;182;194m[48;2;241;207;212m▀[0m[38;2;236;185;194m[48;2;234;210;216m▀[0m[38;2;245;167;175m[48;2;245;214;225m▀[0m[38;2;247;173;158m[48;2;247;247;247m▀[0m[38;2;247;165;155m[48;2;247;209;198m▀[0m[38;2;236;172;174m[48;2;244;189;193m▀[0m[38;2;232;184;185m[48;2;247;199;209m▀[0m[38;2;235;183;186m[48;2;238;202;213m▀[0m[38;2;238;198;201m[48;2;232;229;235m▀[0m[38;2;224;243;246m[48;2;216;247;247m▀[0m[38;2;212;247;247m[48;2;214;247;247m▀[0m[38;2;211;246;247m[48;2;208;246;247m▀[0m[38;2;210;244;247m[48;2;207;242;247m▀[0m[38;2;209;243;247m[48;2;206;240;247m▀[0m[38;2;207;241;247m[48;2;207;241;247m▀[0m[38;2;206;241;247m[48;2;204;244;247m▀[0m[38;2;209;245;247m[48;2;205;247;247m▀[0m[38;2;223;247;247m[48;2;204;245;247m▀[0m[38;2;197;233;237m[48;2;221;247;247m▀[0m[38;2;99;123;130m[48;2;172;210;214m▀[0m[38;2;209;245;247m[48;2;88;116;122m▀[0m[38;2;223;247;247m[48;2;183;224;226m▀[0m[38;2;203;242;247m[48;2;204;247;247m▀[0m[38;2;198;239;247m[48;2;201;240;247m▀[0m[38;2;199;240;247m[48;2;204;239;247m▀[0m[38;2;201;240;247m[48;2;199;238;247m▀[0m[38;2;199;237;247m[48;2;195;234;242m▀[0m[38;2;197;230;243m[48;2;196;232;242m▀[0m[38;2;196;232;240m[48;2;195;230;239m▀[0m[38;2;195;231;239m[48;2;194;230;240m▀[0m[38;2;194;230;238m[48;2;194;229;237m▀[0m[38;2;192;229;236m[48;2;191;228;236m▀[0m[38;2;192;229;236m[48;2;194;226;234m▀[0m[38;2;193;226;233m[48;2;193;226;233m▀[0m[38;2;192;226;233m[48;2;191;226;231m▀[0m[38;2;191;225;232m[48;2;191;221;230m▀[0m[38;2;188;220;231m[48;2;186;219;230m▀[0m[38;2;185;219;230m[48;2;185;219;230m▀[0m[38;2;184;219;230m[48;2;184;218;229m▀[0m[38;2;182;217;227m[48;2;181;216;226m▀[0m
[38;2;181;207;214m[48;2;182;206;213m▀[0m[38;2;183;207;215m[48;2;181;207;214m▀[0m[38;2;184;210;218m[48;2;182;208;216m▀[0m[38;2;184;214;222m[48;2;184;212;220m▀[0m[38;2;180;214;223m[48;2;183;213;222m▀[0m[38;2;179;217;227m[48;2;181;214;223m▀[0m[38;2;182;219;229m[48;2;182;218;227m▀[0m[38;2;184;219;229m[48;2;183;220;230m▀[0m[38;2;185;219;229m[48;2;185;219;230m▀[0m[38;2;189;221;230m[48;2;187;220;231m▀[0m[38;2;190;223;231m[48;2;191;221;232m▀[0m[38;2;190;226;232m[48;2;191;225;232m▀[0m[38;2;190;225;233m[48;2;192;226;233m▀[0m[38;2;191;226;234m[48;2;190;225;233m▀[0m[38;2;191;228;236m[48;2;190;227;235m▀[0m[38;2;193;228;236m[48;2;193;228;236m▀[0m[38;2;193;231;241m[48;2;191;229;239m▀[0m[38;2;194;231;241m[48;2;191;231;242m▀[0m[38;2;195;228;242m[48;2;194;231;242m▀[0m[38;2;198;234;244m[48;2;194;231;242m▀[0m[38;2;198;241;246m[48;2;197;233;241m▀[0m[38;2;200;241;247m[48;2;198;236;243m▀[0m[38;2;201;247;247m[48;2;196;241;247m▀[0m[38;2;201;240;247m[48;2;197;242;247m▀[0m[38;2;203;238;247m[48;2;200;238;247m▀[0m[38;2;201;239;247m[48;2;200;238;247m▀[0m[38;2;202;240;247m[48;2;200;238;247m▀[0m[38;2;203;241;247m[48;2;203;239;247m▀[0m[38;2;203;243;247m[48;2;205;239;247m▀[0m[38;2;205;243;247m[48;2;205;240;247m▀[0m[38;2;205;245;247m[48;2;204;244;247m▀[0m[38;2;208;247;247m[48;2;204;247;247m▀[0m[38;2;210;247;247m[48;2;208;247;247m▀[0m[38;2;212;247;247m[48;2;214;247;247m▀[0m[38;2;243;247;247m[48;2;247;164;171m▀[0m[38;2;220;143;134m[48;2;247;97;67m▀[0m[38;2;230;123;110m[48;2;247;91;51m▀[0m[38;2;213;94;76m[48;2;247;100;63m▀[0m[38;2;210;136;118m[48;2;239;60;27m▀[0m[38;2;247;225;197m[48;2;73;8;0m▀[0m[38;2;247;217;194m[48;2;190;73;47m▀[0m[38;2;247;131;101m[48;2;181;54;32m▀[0m[38;2;191;100;88m[48;2;226;65;39m▀[0m[38;2;242;144;132m[48;2;247;83;48m▀[0m[38;2;222;234;242m[48;2;247;156;147m▀[0m[38;2;213;247;247m[48;2;212;247;247m▀[0m[38;2;209;247;247m[48;2;206;247;247m▀[0m[38;2;202;245;247m[48;2;207;242;247m▀[0m[38;2;205;241;247m[48;2;205;240;247m▀[0m[38;2;206;241;247m[48;2;205;241;247m▀[0m[38;2;211;242;247m[48;2;205;240;247m▀[0m[38;2;204;243;247m[48;2;201;240;247m▀[0m[38;2;201;242;247m[48;2;200;241;247m▀[0m[38;2;198;241;247m[48;2;200;239;247m▀[0m[38;2;199;240;247m[48;2;202;241;247m▀[0m[38;2;218;247;247m[48;2;199;237;247m▀[0m[38;2;184;226;234m[48;2;209;247;247m▀[0m[38;2;115;145;153m[48;2;214;247;247m▀[0m[38;2;194;241;246m[48;2;195;239;247m▀[0m[38;2;207;243;247m[48;2;197;235;243m▀[0m[38;2;198;236;244m[48;2;194;232;239m▀[0m[38;2;194;234;235m[48;2;194;232;240m▀[0m[38;2;194;232;242m[48;2;194;231;241m▀[0m[38;2;194;231;241m[48;2;193;230;240m▀[0m[38;2;194;230;240m[48;2;193;229;240m▀[0m[38;2;194;229;238m[48;2;193;228;236m▀[0m[38;2;192;229;236m[48;2;193;227;234m▀[0m[38;2;193;226;234m[48;2;192;226;233m▀[0m[38;2;193;225;232m[48;2;191;225;232m▀[0m[38;2;191;225;232m[48;2;189;222;230m▀[0m[38;2;190;223;230m[48;2;187;220;230m▀[0m[38;2;187;220;230m[48;2;185;220;230m▀[0m[38;2;185;219;230m[48;2;184;219;229m▀[0m[38;2;183;218;229m[48;2;183;218;226m▀[0m[38;2;183;217;227m[48;2;182;216;224m▀[0m[38;2;182;216;225m[48;2;184;211;221m▀[0m
[38;2;181;205;212m[48;2;182;203;210m▀[0m[38;2;183;206;214m[48;2;186;205;212m▀[0m[38;2;183;207;217m[48;2;183;207;215m▀[0m[38;2;182;210;218m[48;2;182;208;216m▀[0m[38;2;183;212;221m[48;2;181;211;219m▀[0m[38;2;183;212;221m[48;2;178;214;222m▀[0m[38;2;181;216;225m[48;2;180;213;222m▀[0m[38;2;184;220;227m[48;2;182;217;225m▀[0m[38;2;184;220;229m[48;2;182;220;226m▀[0m[38;2;184;218;229m[48;2;184;218;229m▀[0m[38;2;187;219;230m[48;2;185;218;229m▀[0m[38;2;190;223;230m[48;2;188;220;229m▀[0m[38;2;191;226;232m[48;2;190;223;230m▀[0m[38;2;192;225;233m[48;2;192;225;232m▀[0m[38;2;191;225;233m[48;2;193;225;233m▀[0m[38;2;192;227;234m[48;2;192;225;233m▀[0m[38;2;190;228;236m[48;2;192;227;235m▀[0m[38;2;190;230;241m[48;2;190;230;238m▀[0m[38;2;193;231;242m[48;2;192;230;240m▀[0m[38;2;194;232;242m[48;2;193;231;241m▀[0m[38;2;194;232;240m[48;2;192;232;242m▀[0m[38;2;197;232;240m[48;2;192;232;242m▀[0m[38;2;198;234;241m[48;2;195;233;243m▀[0m[38;2;197;235;242m[48;2;198;234;242m▀[0m[38;2;199;238;245m[48;2;199;235;243m▀[0m[38;2;199;237;247m[48;2;197;238;246m▀[0m[38;2;195;238;247m[48;2;190;238;247m▀[0m[38;2;194;238;247m[48;2;204;239;247m▀[0m[38;2;196;239;247m[48;2;206;240;247m▀[0m[38;2;198;239;247m[48;2;187;236;247m▀[0m[38;2;205;241;247m[48;2;193;237;247m▀[0m[38;2;204;245;247m[48;2;201;239;247m▀[0m[38;2;203;247;247m[48;2;203;247;247m▀[0m[38;2;223;240;247m[48;2;209;233;245m▀[0m[38;2;196;83;73m[48;2;204;65;43m▀[0m[38;2;235;94;66m[48;2;247;106;72m▀[0m[38;2;247;120;77m[48;2;247;129;100m▀[0m[38;2;242;90;66m[48;2;247;197;181m▀[0m[38;2;165;25;8m[48;2;212;42;15m▀[0m[38;2;0;0;0m[48;2;20;0;0m▀[0m[38;2;0;0;0m[48;2;150;82;71m▀[0m[38;2;156;10;0m[48;2;191;94;82m▀[0m[38;2;247;70;44m[48;2;194;68;63m▀[0m[38;2;247;95;72m[48;2;247;100;75m▀[0m[38;2;247;102;79m[48;2;247;64;39m▀[0m[38;2;222;227;236m[48;2;200;200;205m▀[0m[38;2;205;247;247m[48;2;204;247;247m▀[0m[38;2;203;242;247m[48;2;202;237;247m▀[0m[38;2;202;240;247m[48;2;204;240;247m▀[0m[38;2;200;239;247m[48;2;192;241;247m▀[0m[38;2;194;240;247m[48;2;188;240;247m▀[0m[38;2;186;236;247m[48;2;210;241;246m▀[0m[38;2;184;236;247m[48;2;214;240;245m▀[0m[38;2;194;239;247m[48;2;190;238;246m▀[0m[38;2;198;237;247m[48;2;192;236;246m▀[0m[38;2;197;235;247m[48;2;193;237;245m▀[0m[38;2;197;235;245m[48;2;196;234;242m▀[0m[38;2;200;233;242m[48;2;197;232;241m▀[0m[38;2;198;232;240m[48;2;197;232;239m▀[0m[38;2;197;231;240m[48;2;196;232;242m▀[0m[38;2;194;232;242m[48;2;193;231;241m▀[0m[38;2;194;232;242m[48;2;194;229;240m▀[0m[38;2;194;230;240m[48;2;194;229;238m▀[0m[38;2;194;229;239m[48;2;194;228;237m▀[0m[38;2;191;228;238m[48;2;191;226;236m▀[0m[38;2;190;227;234m[48;2;191;226;234m▀[0m[38;2;190;227;234m[48;2;192;226;233m▀[0m[38;2;191;226;233m[48;2;192;222;231m▀[0m[38;2;190;222;231m[48;2;191;220;231m▀[0m[38;2;188;220;231m[48;2;185;220;230m▀[0m[38;2;186;220;230m[48;2;182;220;230m▀[0m[38;2;185;220;230m[48;2;184;218;228m▀[0m[38;2;184;218;226m[48;2;184;216;225m▀[0m[38;2;182;215;223m[48;2;182;212;220m▀[0m[38;2;184;210;221m[48;2;183;209;219m▀[0m[38;2;187;209;220m[48;2;186;210;218m▀[0m
[38;2;188;211;215m[48;2;221;244;247m▀[0m[38;2;188;211;213m[48;2;215;239;245m▀[0m[38;2;188;209;220m[48;2;196;216;225m▀[0m[38;2;183;207;215m[48;2;190;212;226m▀[0m[38;2;181;209;217m[48;2;186;209;217m▀[0m[38;2;174;213;220m[48;2;181;210;218m▀[0m[38;2;179;214;222m[48;2;179;213;220m▀[0m[38;2;180;213;221m[48;2;179;212;220m▀[0m[38;2;182;217;226m[48;2;179;213;224m▀[0m[38;2;181;219;229m[48;2;180;217;227m▀[0m[38;2;181;219;229m[48;2;181;219;229m▀[0m[38;2;187;219;228m[48;2;184;219;229m▀[0m[38;2;189;222;229m[48;2;186;219;229m▀[0m[38;2;190;222;230m[48;2;188;221;229m▀[0m[38;2;195;225;233m[48;2;189;222;230m▀[0m[38;2;192;225;233m[48;2;191;224;232m▀[0m[38;2;190;225;228m[48;2;192;226;233m▀[0m[38;2;192;227;235m[48;2;190;225;232m▀[0m[38;2;191;228;236m[48;2;191;226;234m▀[0m[38;2;191;229;239m[48;2;191;228;236m▀[0m[38;2;193;231;242m[48;2;192;228;239m▀[0m[38;2;192;234;242m[48;2;194;229;240m▀[0m[38;2;194;234;242m[48;2;194;232;242m▀[0m[38;2;194;234;244m[48;2;194;232;240m▀[0m[38;2;196;234;244m[48;2;197;233;243m▀[0m[38;2;186;233;245m[48;2;176;232;245m▀[0m[38;2;214;240;245m[48;2;244;247;241m▀[0m[38;2;247;247;244m[48;2;247;247;247m▀[0m[38;2;247;247;245m[48;2;247;247;247m▀[0m[38;2;247;246;243m[48;2;247;247;247m▀[0m[38;2;195;236;247m[48;2;247;247;242m▀[0m[38;2;190;238;247m[48;2;185;237;247m▀[0m[38;2;200;247;247m[48;2;195;244;247m▀[0m[38;2;201;247;247m[48;2;190;247;247m▀[0m[38;2;247;170;160m[48;2;201;247;247m▀[0m[38;2;247;97;64m[48;2;243;92;85m▀[0m[38;2;247;112;89m[48;2;217;15;0m▀[0m[38;2;247;133;114m[48;2;247;111;102m▀[0m[38;2;218;98;91m[48;2;247;120;99m▀[0m[38;2;201;66;64m[48;2;170;13;0m▀[0m[38;2;247;171;173m[48;2;247;71;48m▀[0m[38;2;247;145;127m[48;2;247;104;86m▀[0m[38;2;247;153;133m[48;2;247;129;122m▀[0m[38;2;247;97;64m[48;2;222;51;29m▀[0m[38;2;247;129;117m[48;2;156;190;197m▀[0m[38;2;186;247;247m[48;2;200;247;247m▀[0m[38;2;199;247;247m[48;2;196;244;247m▀[0m[38;2;200;243;247m[48;2;199;238;247m▀[0m[38;2;193;240;247m[48;2;184;239;247m▀[0m[38;2;205;240;247m[48;2;246;247;243m▀[0m[38;2;247;247;244m[48;2;247;247;247m▀[0m[38;2;247;247;245m[48;2;247;247;247m▀[0m[38;2;247;247;247m[48;2;247;247;247m▀[0m[38;2;227;239;243m[48;2;232;240;243m▀[0m[38;2;183;231;246m[48;2;170;230;246m▀[0m[38;2;196;234;244m[48;2;197;233;243m▀[0m[38;2;198;231;240m[48;2;194;232;240m▀[0m[38;2;197;232;241m[48;2;196;231;239m▀[0m[38;2;195;232;243m[48;2;194;231;241m▀[0m[38;2;193;233;241m[48;2;190;230;240m▀[0m[38;2;192;229;240m[48;2;191;228;239m▀[0m[38;2;194;228;239m[48;2;192;227;237m▀[0m[38;2;193;227;238m[48;2;191;226;233m▀[0m[38;2;191;226;234m[48;2;191;226;232m▀[0m[38;2;189;226;233m[48;2;192;226;233m▀[0m[38;2;191;226;234m[48;2;193;223;234m▀[0m[38;2;193;223;231m[48;2;188;220;232m▀[0m[38;2;191;218;229m[48;2;185;219;231m▀[0m[38;2;186;219;231m[48;2;184;219;230m▀[0m[38;2;182;219;229m[48;2;183;218;228m▀[0m[38;2;183;219;228m[48;2;183;218;226m▀[0m[38;2;183;217;225m[48;2;182;215;222m▀[0m[38;2;182;214;223m[48;2;183;212;222m▀[0m[38;2;182;212;221m[48;2;183;209;220m▀[0m[38;2;184;207;218m[48;2;184;208;216m▀[0m[38;2;183;207;217m[48;2;183;207;215m▀[0m
[38;2;32;35;37m[48;2;0;0;0m▀[0m[38;2;209;233;240m[48;2;0;0;0m▀[0m[38;2;247;247;247m[48;2;154;176;180m▀[0m[38;2;196;223;232m[48;2;247;247;247m▀[0m[38;2;191;217;225m[48;2;214;237;247m▀[0m[38;2;188;211;222m[48;2;194;220;225m▀[0m[38;2;181;208;218m[48;2;190;214;226m▀[0m[38;2;179;212;220m[48;2;184;210;222m▀[0m[38;2;179;212;221m[48;2;179;212;221m▀[0m[38;2;179;213;224m[48;2;179;213;222m▀[0m[38;2;181;218;228m[48;2;180;215;223m▀[0m[38;2;183;218;228m[48;2;180;218;226m▀[0m[38;2;182;219;229m[48;2;182;219;230m▀[0m[38;2;184;219;229m[48;2;182;219;230m▀[0m[38;2;188;221;229m[48;2;184;218;229m▀[0m[38;2;190;223;230m[48;2;187;221;229m▀[0m[38;2;191;224;234m[48;2;189;222;229m▀[0m[38;2;193;226;236m[48;2;191;223;232m▀[0m[38;2;193;226;236m[48;2;193;225;236m▀[0m[38;2;190;227;233m[48;2;192;226;235m▀[0m[38;2;189;229;235m[48;2;189;227;234m▀[0m[38;2;190;228;239m[48;2;189;229;235m▀[0m[38;2;193;229;240m[48;2;189;229;235m▀[0m[38;2;196;231;239m[48;2;192;229;239m▀[0m[38;2;196;232;242m[48;2;183;228;236m▀[0m[38;2;184;232;244m[48;2;240;244;244m▀[0m[38;2;215;239;243m[48;2;239;246;247m▀[0m[38;2;247;247;247m[48;2;215;238;242m▀[0m[38;2;247;247;247m[48;2;227;239;243m▀[0m[38;2;247;247;247m[48;2;211;239;243m▀[0m[38;2;239;242;241m[48;2;181;233;246m▀[0m[38;2;185;233;245m[48;2;190;235;246m▀[0m[38;2;192;239;247m[48;2;195;234;245m▀[0m[38;2;189;241;247m[48;2;193;237;245m▀[0m[38;2;183;247;247m[48;2;187;245;247m▀[0m[38;2;217;226;243m[48;2;185;247;247m▀[0m[38;2;226;60;50m[48;2;216;247;247m▀[0m[38;2;244;69;49m[48;2;207;54;36m▀[0m[38;2;247;102;72m[48;2;247;66;39m▀[0m[38;2;181;35;15m[48;2;247;119;105m▀[0m[38;2;247;122;107m[48;2;247;98;89m▀[0m[38;2;247;95;80m[48;2;187;76;61m▀[0m[38;2;196;63;46m[48;2;193;185;180m▀[0m[38;2;143;199;211m[48;2;205;247;247m▀[0m[38;2;209;247;247m[48;2;194;247;247m▀[0m[38;2;196;246;247m[48;2;194;241;247m▀[0m[38;2;196;238;247m[48;2;194;235;247m▀[0m[38;2;197;236;244m[48;2;195;234;244m▀[0m[38;2;184;238;244m[48;2;188;235;242m▀[0m[38;2;226;241;243m[48;2;184;233;240m▀[0m[38;2;247;247;247m[48;2;211;239;241m▀[0m[38;2;247;247;247m[48;2;221;239;243m▀[0m[38;2;247;247;242m[48;2;189;234;243m▀[0m[38;2;238;247;241m[48;2;223;240;241m▀[0m[38;2;206;236;242m[48;2;210;238;239m▀[0m[38;2;188;232;241m[48;2;186;231;239m▀[0m[38;2;194;231;239m[48;2;194;230;238m▀[0m[38;2;193;231;239m[48;2;194;229;237m▀[0m[38;2;193;228;238m[48;2;192;227;237m▀[0m[38;2;190;228;238m[48;2;191;226;236m▀[0m[38;2;190;226;237m[48;2;192;225;235m▀[0m[38;2;192;225;233m[48;2;192;225;233m▀[0m[38;2;192;226;233m[48;2;190;224;232m▀[0m[38;2;191;225;233m[48;2;187;222;232m▀[0m[38;2;190;223;234m[48;2;186;220;231m▀[0m[38;2;187;221;231m[48;2;186;220;230m▀[0m[38;2;186;220;230m[48;2;185;220;230m▀[0m[38;2;183;221;231m[48;2;181;220;230m▀[0m[38;2;182;219;231m[48;2;181;219;234m▀[0m[38;2;182;217;228m[48;2;181;215;226m▀[0m[38;2;182;214;222m[48;2;181;213;222m▀[0m[38;2;183;213;221m[48;2;187;210;218m▀[0m[38;2;184;208;218m[48;2;188;212;222m▀[0m[38;2;189;211;220m[48;2;194;217;224m▀[0m[38;2;187;213;220m[48;2;198;225;231m▀[0m[38;2;185;208;215m[48;2;221;247;247m▀[0m
[38;2;0;0;0m[48;2;6;30;30m▀[0m[38;2;0;0;0m[48;2;0;0;0m▀[0m[38;2;0;0;0m[48;2;0;0;0m▀[0m[38;2;71;85;86m[48;2;0;0;0m▀[0m[38;2;229;247;247m[48;2;0;0;0m▀[0m[38;2;245;247;247m[48;2;155;177;180m▀[0m[38;2;207;223;236m[48;2;247;247;247m▀[0m[38;2;194;217;226m[48;2;228;247;247m▀[0m[38;2;181;216;225m[48;2;194;221;231m▀[0m[38;2;180;214;225m[48;2;187;219;228m▀[0m[38;2;181;213;222m[48;2;185;217;226m▀[0m[38;2;181;215;224m[48;2;180;213;221m▀[0m[38;2;182;218;227m[48;2;180;215;224m▀[0m[38;2;182;219;230m[48;2;180;219;228m▀[0m[38;2;184;219;230m[48;2;183;217;228m▀[0m[38;2;184;219;229m[48;2;185;218;229m▀[0m[38;2;187;220;228m[48;2;185;219;229m▀[0m[38;2;188;222;229m[48;2;185;219;227m▀[0m[38;2;190;223;231m[48;2;187;221;229m▀[0m[38;2;191;224;234m[48;2;189;221;229m▀[0m[38;2;191;226;234m[48;2;191;223;231m▀[0m[38;2;192;226;234m[48;2;195;225;234m▀[0m[38;2;191;226;236m[48;2;191;226;234m▀[0m[38;2;186;229;235m[48;2;189;226;234m▀[0m[38;2;184;229;238m[48;2;190;227;235m▀[0m[38;2;197;232;239m[48;2;181;228;236m▀[0m[38;2;223;241;240m[48;2;177;229;237m▀[0m[38;2;174;234;244m[48;2;186;231;239m▀[0m[38;2;174;232;245m[48;2;189;232;240m▀[0m[38;2;179;231;246m[48;2;193;231;241m▀[0m[38;2;188;234;246m[48;2;189;232;241m▀[0m[38;2;193;233;244m[48;2;193;231;242m▀[0m[38;2;193;233;244m[48;2;194;232;247m▀[0m[38;2;193;233;247m[48;2;194;232;244m▀[0m[38;2;192;240;247m[48;2;193;231;243m▀[0m[38;2;193;247;247m[48;2;193;236;247m▀[0m[38;2;184;247;247m[48;2;193;243;247m▀[0m[38;2;217;224;241m[48;2;186;247;247m▀[0m[38;2;247;136;118m[48;2;247;247;247m▀[0m[38;2;247;141;123m[48;2;72;14;6m▀[0m[38;2;241;84;64m[48;2;149;108;93m▀[0m[38;2;223;198;185m[48;2;247;247;247m▀[0m[38;2;209;247;247m[48;2;194;247;247m▀[0m[38;2;194;247;247m[48;2;198;243;247m▀[0m[38;2;194;241;247m[48;2;195;236;247m▀[0m[38;2;195;234;247m[48;2;195;234;244m▀[0m[38;2;194;234;244m[48;2;194;234;242m▀[0m[38;2;194;233;244m[48;2;194;232;242m▀[0m[38;2;192;234;243m[48;2;194;232;240m▀[0m[38;2;189;234;242m[48;2;194;231;241m▀[0m[38;2;179;234;243m[48;2;195;231;241m▀[0m[38;2;182;230;246m[48;2;194;231;239m▀[0m[38;2;186;230;246m[48;2;192;229;239m▀[0m[38;2;178;231;241m[48;2;189;229;237m▀[0m[38;2;183;230;239m[48;2;192;227;237m▀[0m[38;2;192;229;237m[48;2;192;226;235m▀[0m[38;2;193;228;236m[48;2;191;226;234m▀[0m[38;2;193;227;235m[48;2;191;226;234m▀[0m[38;2;192;226;236m[48;2;192;225;233m▀[0m[38;2;191;225;233m[48;2;189;223;231m▀[0m[38;2;191;223;232m[48;2;187;222;229m▀[0m[38;2;190;223;233m[48;2;187;220;228m▀[0m[38;2;188;222;229m[48;2;187;221;228m▀[0m[38;2;186;220;228m[48;2;185;220;228m▀[0m[38;2;185;219;231m[48;2;185;220;230m▀[0m[38;2;186;220;232m[48;2;185;220;230m▀[0m[38;2;186;219;231m[48;2;184;218;228m▀[0m[38;2;184;218;229m[48;2;183;216;225m▀[0m[38;2;185;215;227m[48;2;187;216;227m▀[0m[38;2;182;214;224m[48;2;192;221;226m▀[0m[38;2;187;218;225m[48;2;195;224;231m▀[0m[38;2;193;219;229m[48;2;212;242;247m▀[0m[38;2;199;221;233m[48;2;247;247;247m▀[0m[38;2;224;247;247m[48;2;200;236;246m▀[0m[38;2;232;247;247m[48;2;26;37;40m▀[0m[38;2;109;128;134m[48;2;0;0;0m▀[0m
[38;2;0;1;0m[48;2;0;0;0m▀[0m[38;2;0;0;0m[48;2;0;0;1m▀[0m[38;2;0;0;0m[48;2;0;0;0m▀[0m[38;2;0;0;0m[48;2;0;0;0m▀[0m[38;2;0;0;0m[48;2;0;0;0m▀[0m[38;2;0;0;0m[48;2;0;0;0m▀[0m[38;2;47;56;58m[48;2;0;0;0m▀[0m[38;2;210;236;243m[48;2;0;0;0m▀[0m[38;2;247;247;247m[48;2;107;121;123m▀[0m[38;2;214;240;247m[48;2;236;247;247m▀[0m[38;2;191;221;230m[48;2;247;247;247m▀[0m[38;2;189;217;230m[48;2;207;237;247m▀[0m[38;2;185;215;224m[48;2;193;219;232m▀[0m[38;2;180;215;224m[48;2;190;214;226m▀[0m[38;2;182;217;227m[48;2;181;215;226m▀[0m[38;2;184;218;229m[48;2;182;221;230m▀[0m[38;2;185;219;230m[48;2;185;220;232m▀[0m[38;2;184;220;229m[48;2;186;220;230m▀[0m[38;2;182;221;228m[48;2;182;221;230m▀[0m[38;2;186;219;229m[48;2;183;221;230m▀[0m[38;2;189;221;230m[48;2;185;220;230m▀[0m[38;2;189;223;231m[48;2;187;221;231m▀[0m[38;2;190;224;231m[48;2;188;222;230m▀[0m[38;2;190;225;232m[48;2;189;223;231m▀[0m[38;2;191;226;233m[48;2;190;224;231m▀[0m[38;2;192;226;234m[48;2;191;225;233m▀[0m[38;2;192;226;234m[48;2;192;225;232m▀[0m[38;2;190;227;234m[48;2;191;225;232m▀[0m[38;2;191;228;238m[48;2;190;226;233m▀[0m[38;2;193;228;238m[48;2;189;226;234m▀[0m[38;2;193;228;238m[48;2;192;226;235m▀[0m[38;2;192;229;237m[48;2;192;226;235m▀[0m[38;2;191;229;239m[48;2;192;227;235m▀[0m[38;2;192;230;240m[48;2;187;229;237m▀[0m[38;2;192;230;240m[48;2;189;229;237m▀[0m[38;2;191;229;239m[48;2;189;229;237m▀[0m[38;2;193;237;247m[48;2;192;239;247m▀[0m[38;2;194;247;247m[48;2;216;247;247m▀[0m[38;2;247;247;247m[48;2;247;247;247m▀[0m[38;2;0;5;1m[48;2;0;0;0m▀[0m[38;2;103;148;153m[48;2;99;122;128m▀[0m[38;2;247;247;247m[48;2;247;247;247m▀[0m[38;2;195;247;247m[48;2;202;247;247m▀[0m[38;2;191;239;247m[48;2;194;237;247m▀[0m[38;2;194;232;240m[48;2;193;231;241m▀[0m[38;2;194;232;240m[48;2;193;229;240m▀[0m[38;2;194;231;239m[48;2;194;229;237m▀[0m[38;2;194;230;237m[48;2;194;229;235m▀[0m[38;2;194;230;238m[48;2;193;228;235m▀[0m[38;2;194;230;238m[48;2;193;228;236m▀[0m[38;2;194;230;238m[48;2;193;228;235m▀[0m[38;2;192;231;236m[48;2;190;227;234m▀[0m[38;2;191;228;236m[48;2;192;226;233m▀[0m[38;2;191;226;236m[48;2;192;225;233m▀[0m[38;2;190;225;233m[48;2;191;225;232m▀[0m[38;2;190;225;232m[48;2;189;223;231m▀[0m[38;2;191;225;232m[48;2;188;222;230m▀[0m[38;2;191;224;232m[48;2;188;222;230m▀[0m[38;2;190;223;231m[48;2;187;222;230m▀[0m[38;2;188;222;232m[48;2;186;221;232m▀[0m[38;2;186;221;229m[48;2;186;221;229m▀[0m[38;2;186;221;231m[48;2;184;221;231m▀[0m[38;2;186;221;232m[48;2;183;220;231m▀[0m[38;2;183;221;231m[48;2;183;218;229m▀[0m[38;2;181;220;227m[48;2;183;217;226m▀[0m[38;2;184;217;226m[48;2;185;218;229m▀[0m[38;2;182;216;226m[48;2;190;224;235m▀[0m[38;2;187;221;232m[48;2;197;230;241m▀[0m[38;2;194;221;232m[48;2;236;247;247m▀[0m[38;2;203;232;240m[48;2;247;247;247m▀[0m[38;2;247;247;247m[48;2;159;183;191m▀[0m[38;2;244;247;247m[48;2;0;0;0m▀[0m[38;2;97;117;124m[48;2;0;0;0m▀[0m[38;2;0;0;0m[48;2;0;0;0m▀[0m[38;2;0;0;0m[48;2;0;0;0m▀[0m[38;2;0;0;0m[48;2;0;0;0m▀[0m
[38;2;0;0;0m[48;2;0;0;0m▀[0m[38;2;0;0;1m[48;2;0;0;1m▀[0m[38;2;0;0;1m[48;2;0;0;1m▀[0m[38;2;0;0;0m[48;2;0;0;1m▀[0m[38;2;0;0;0m[48;2;0;0;1m▀[0m[38;2;0;0;0m[48;2;0;0;0m▀[0m[38;2;0;0;0m[48;2;0;0;0m▀[0m[38;2;0;0;0m[48;2;0;0;0m▀[0m[38;2;0;0;0m[48;2;0;0;0m▀[0m[38;2;0;0;0m[48;2;0;0;0m▀[0m[38;2;125;138;136m[48;2;0;0;0m▀[0m[38;2;226;247;247m[48;2;0;0;0m▀[0m[38;2;228;247;247m[48;2;101;120;121m▀[0m[38;2;199;222;237m[48;2;189;215;223m▀[0m[38;2;182;215;223m[48;2;183;212;220m▀[0m[38;2;181;214;223m[48;2;182;211;219m▀[0m[38;2;184;217;225m[48;2;184;213;222m▀[0m[38;2;184;219;227m[48;2;184;216;224m▀[0m[38;2;182;220;229m[48;2;183;218;226m▀[0m[38;2;182;220;229m[48;2;183;218;228m▀[0m[38;2;186;220;230m[48;2;185;218;228m▀[0m[38;2;187;221;231m[48;2;185;219;229m▀[0m[38;2;186;221;231m[48;2;184;221;231m▀[0m[38;2;186;221;232m[48;2;184;222;231m▀[0m[38;2;188;221;231m[48;2;187;222;233m▀[0m[38;2;190;222;231m[48;2;188;222;232m▀[0m[38;2;193;223;231m[48;2;188;222;230m▀[0m[38;2;193;223;231m[48;2;188;222;230m▀[0m[38;2;190;224;231m[48;2;188;223;230m▀[0m[38;2;190;226;232m[48;2;188;224;233m▀[0m[38;2;191;226;233m[48;2;187;223;232m▀[0m[38;2;192;226;234m[48;2;187;223;232m▀[0m[38;2;191;226;233m[48;2;188;224;233m▀[0m[38;2;187;227;233m[48;2;189;224;231m▀[0m[38;2;190;226;233m[48;2;189;224;231m▀[0m[38;2;193;226;237m[48;2;193;223;235m▀[0m[38;2;196;231;243m[48;2;202;236;247m▀[0m[38;2;247;247;247m[48;2;223;247;247m▀[0m[38;2;179;211;219m[48;2;0;0;0m▀[0m[38;2;0;0;0m[48;2;0;0;0m▀[0m[38;2;0;0;0m[48;2;0;0;0m▀[0m[38;2;247;247;247m[48;2;87;110;116m▀[0m[38;2;218;247;247m[48;2;235;247;247m▀[0m[38;2;196;235;243m[48;2;192;228;239m▀[0m[38;2;191;228;235m[48;2;190;226;232m▀[0m[38;2;193;227;235m[48;2;189;226;226m▀[0m[38;2;192;227;234m[48;2;190;226;232m▀[0m[38;2;192;227;234m[48;2;192;226;233m▀[0m[38;2;191;228;234m[48;2;191;226;232m▀[0m[38;2;190;227;233m[48;2;189;226;232m▀[0m[38;2;189;226;233m[48;2;188;226;232m▀[0m[38;2;189;226;233m[48;2;188;226;231m▀[0m[38;2;190;225;232m[48;2;186;224;231m▀[0m[38;2;188;223;231m[48;2;187;223;230m▀[0m[38;2;188;223;231m[48;2;187;222;229m▀[0m[38;2;188;222;230m[48;2;187;222;230m▀[0m[38;2;187;222;230m[48;2;186;221;229m▀[0m[38;2;187;222;229m[48;2;185;220;228m▀[0m[38;2;187;222;230m[48;2;184;219;227m▀[0m[38;2;185;220;230m[48;2;183;218;228m▀[0m[38;2;184;219;229m[48;2;183;218;228m▀[0m[38;2;183;218;228m[48;2;183;218;226m▀[0m[38;2;183;217;227m[48;2;185;218;226m▀[0m[38;2;186;216;226m[48;2;184;216;225m▀[0m[38;2;187;216;225m[48;2;183;213;222m▀[0m[38;2;190;224;230m[48;2;189;226;230m▀[0m[38;2;206;240;247m[48;2;169;202;213m▀[0m[38;2;236;247;247m[48;2;34;41;50m▀[0m[38;2;169;208;215m[48;2;0;0;0m▀[0m[38;2;29;36;38m[48;2;0;0;0m▀[0m[38;2;0;0;0m[48;2;0;0;0m▀[0m[38;2;0;0;0m[48;2;0;0;0m▀[0m[38;2;0;0;0m[48;2;0;0;0m▀[0m[38;2;0;0;0m[48;2;0;0;0m▀[0m[38;2;0;0;0m[48;2;0;0;0m▀[0m[38;2;0;0;1m[48;2;0;0;0m▀[0m
