[38;2;11;42;43m[48;2;17;61;62m▀[0m[38;2;12;48;52m[48;2;11;55;59m▀[0m[38;2;0;0;0m[48;2;0;0;0m▀[0m[38;2;0;12;14m[48;2;0;26;26m▀[0m[38;2;17;23;23m[48;2;57;79;81m▀[0m[38;2;24;39;35m[48;2;64;86;88m▀[0m[38;2;4;44;48m[48;2;0;26;27m▀[0m[38;2;0;0;0m[48;2;0;0;0m▀[0m[38;2;106;156;159m[48;2;122;181;186m▀[0m[38;2;50;76;78m[48;2;26;43;46m▀[0m[38;2;8;14;14m[48;2;38;58;59m▀[0m[38;2;135;196;203m[48;2;133;202;206m▀[0m[38;2;119;174;178m[48;2;122;186;190m▀[0m[38;2;83;113;117m[48;2;71;99;104m▀[0m[38;2;46;93;96m[48;2;54;114;116m▀[0m[38;2;143;240;242m[48;2;139;247;247m▀[0m[38;2;101;222;230m[48;2;64;146;150m▀[0m[38;2;0;0;0m[48;2;0;12;9m▀[0m[38;2;121;79;80m[48;2;0;76;69m▀[0m[38;2;106;37;40m[48;2;247;0;0m▀[0m[38;2;247;0;0m[48;2;247;0;0m▀[0m[38;2;247;0;0m[48;2;247;0;0m▀[0m[38;2;241;159;161m[48;2;247;113;119m▀[0m[38;2;247;46;49m[48;2;247;14;15m▀[0m[38;2;247;0;0m[48;2;247;0;0m▀[0m[38;2;247;0;0m[48;2;247;0;0m▀[0m[38;2;0;0;0m[48;2;247;0;0m▀[0m[38;2;0;139;136m[48;2;0;110;113m▀[0m[38;2;0;247;247m[48;2;0;247;247m▀[0m[38;2;0;247;247m[48;2;0;247;247m▀[0m[38;2;106;199;211m[48;2;28;247;247m▀[0m[38;2;158;128;142m[48;2;114;195;203m▀[0m[38;2;150;139;154m[48;2;132;192;201m▀[0m[38;2;104;200;205m[48;2;67;247;247m▀[0m[38;2;7;247;247m[48;2;0;247;247m▀[0m[38;2;13;247;247m[48;2;7;247;247m▀[0m[38;2;35;247;247m[48;2;28;247;247m▀[0m[38;2;36;247;247m[48;2;31;247;247m▀[0m[38;2;32;247;247m[48;2;22;247;247m▀[0m[38;2;33;247;247m[48;2;24;247;247m▀[0m[38;2;31;247;247m[48;2;18;247;247m▀[0m[38;2;10;247;247m[48;2;16;247;247m▀[0m[38;2;66;225;222m[48;2;4;247;247m▀[0m[38;2;142;150;164m[48;2;18;247;247m▀[0m[38;2;143;145;150m[48;2;58;247;247m▀[0m[38;2;179;131;145m[48;2;66;247;247m▀[0m[38;2;28;234;234m[48;2;0;247;247m▀[0m[38;2;0;247;247m[48;2;0;247;247m▀[0m[38;2;117;223;223m[48;2;46;247;247m▀[0m[38;2;85;247;247m[48;2;0;247;247m▀[0m[38;2;0;247;247m[48;2;61;48;51m▀[0m[38;2;82;0;0m[48;2;247;0;0m▀[0m[38;2;156;0;0m[48;2;211;0;0m▀[0m[38;2;247;0;0m[48;2;50;0;0m▀[0m[38;2;227;230;232m[48;2;225;113;116m▀[0m[38;2;247;14;14m[48;2;247;0;0m▀[0m[38;2;247;0;0m[48;2;247;0;0m▀[0m[38;2;148;0;0m[48;2;247;0;0m▀[0m[38;2;0;247;247m[48;2;0;247;247m▀[0m[38;2;155;122;111m[48;2;135;169;165m▀[0m[38;2;0;0;0m[48;2;0;0;0m▀[0m[38;2;73;150;155m[48;2;80;164;173m▀[0m[38;2;129;190;194m[48;2;135;195;202m▀[0m[38;2;124;178;183m[48;2;129;184;192m▀[0m[38;2;0;9;16m[48;2;0;40;43m▀[0m[38;2;83;113;116m[48;2;73;96;99m▀[0m[38;2;141;211;222m[48;2;150;218;225m▀[0m[38;2;37;60;63m[48;2;39;62;67m▀[0m[38;2;8;19;21m[48;2;26;43;44m▀[0m[38;2;0;0;0m[48;2;0;0;0m▀[0m[38;2;0;0;0m[48;2;0;0;0m▀[0m[38;2;82;112;118m[48;2;82;115;119m▀[0m[38;2;32;77;76m[48;2;82;161;167m▀[0m[38;2;0;0;0m[48;2;0;0;0m▀[0m[38;2;0;0;0m[48;2;0;0;0m▀[0m[38;2;22;103;103m[48;2;17;97;95m▀[0m
[38;2;16;72;75m[48;2;15;77;79m▀[0m[38;2;9;55;59m[48;2;8;61;63m▀[0m[38;2;0;0;0m[48;2;0;0;0m▀[0m[38;2;0;14;11m[48;2;13;55;51m▀[0m[38;2;94;136;142m[48;2;117;173;179m▀[0m[38;2;70;96;97m[48;2;58;76;75m▀[0m[38;2;0;11;12m[48;2;0;1;0m▀[0m[38;2;0;0;2m[48;2;0;0;0m▀[0m[38;2;130;197;204m[48;2;127;207;212m▀[0m[38;2;9;15;16m[48;2;0;0;0m▀[0m[38;2;68;102;107m[48;2;93;142;145m▀[0m[38;2;129;196;203m[48;2;126;195;202m▀[0m[38;2;127;197;201m[48;2;123;185;192m▀[0m[38;2;58;92;94m[48;2;117;190;193m▀[0m[38;2;0;0;0m[48;2;0;10;7m▀[0m[38;2;8;38;42m[48;2;39;85;86m▀[0m[38;2;84;157;167m[48;2;89;163;174m▀[0m[38;2;0;47;45m[48;2;0;124;127m▀[0m[38;2;2;32;20m[48;2;89;0;0m▀[0m[38;2;247;0;0m[48;2;247;0;0m▀[0m[38;2;247;0;0m[48;2;247;0;0m▀[0m[38;2;247;0;0m[48;2;247;0;0m▀[0m[38;2;247;0;0m[48;2;247;0;0m▀[0m[38;2;154;247;247m[48;2;247;22;22m▀[0m[38;2;247;26;21m[48;2;167;247;247m▀[0m[38;2;247;0;0m[48;2;247;42;35m▀[0m[38;2;247;0;0m[48;2;247;0;0m▀[0m[38;2;247;0;0m[48;2;247;0;0m▀[0m[38;2;17;50;51m[48;2;247;0;0m▀[0m[38;2;0;247;247m[48;2;106;0;0m▀[0m[38;2;0;247;247m[48;2;0;72;72m▀[0m[38;2;24;247;247m[48;2;1;247;247m▀[0m[38;2;79;247;247m[48;2;22;232;234m▀[0m[38;2;61;247;247m[48;2;6;5;5m▀[0m[38;2;0;229;225m[48;2;0;0;0m▀[0m[38;2;0;106;100m[48;2;0;0;0m▀[0m[38;2;3;17;15m[48;2;0;0;0m▀[0m[38;2;0;0;0m[48;2;0;0;0m▀[0m[38;2;0;0;0m[48;2;0;0;0m▀[0m[38;2;0;0;0m[48;2;0;0;0m▀[0m[38;2;7;3;3m[48;2;30;0;0m▀[0m[38;2;0;98;97m[48;2;49;0;0m▀[0m[38;2;0;235;232m[48;2;0;0;0m▀[0m[38;2;2;247;247m[48;2;0;0;0m▀[0m[38;2;0;247;247m[48;2;0;179;182m▀[0m[38;2;0;247;247m[48;2;0;247;247m▀[0m[38;2;0;247;247m[48;2;0;79;79m▀[0m[38;2;0;247;247m[48;2;29;0;0m▀[0m[38;2;0;231;229m[48;2;247;0;0m▀[0m[38;2;161;0;0m[48;2;247;0;0m▀[0m[38;2;247;0;0m[48;2;247;0;0m▀[0m[38;2;247;0;0m[48;2;247;0;0m▀[0m[38;2;247;0;0m[48;2;246;98;99m▀[0m[38;2;247;61;64m[48;2;169;247;247m▀[0m[38;2;178;207;209m[48;2;247;28;28m▀[0m[38;2;247;0;0m[48;2;247;0;0m▀[0m[38;2;247;0;0m[48;2;247;0;0m▀[0m[38;2;247;0;0m[48;2;247;0;0m▀[0m[38;2;0;181;171m[48;2;82;26;23m▀[0m[38;2;139;213;199m[48;2;122;129;121m▀[0m[38;2;0;0;0m[48;2;23;0;0m▀[0m[38;2;87;185;194m[48;2;0;59;63m▀[0m[38;2;157;222;231m[48;2;32;70;73m▀[0m[38;2;143;198;204m[48;2;55;99;100m▀[0m[38;2;31;94;91m[48;2;21;63;58m▀[0m[38;2;65;89;93m[48;2;40;60;60m▀[0m[38;2;160;222;231m[48;2;162;227;237m▀[0m[38;2;43;69;71m[48;2;45;68;71m▀[0m[38;2;37;57;61m[48;2;43;71;75m▀[0m[38;2;0;0;0m[48;2;0;0;0m▀[0m[38;2;0;0;0m[48;2;0;0;0m▀[0m[38;2;53;81;82m[48;2;32;50;51m▀[0m[38;2;85;157;163m[48;2;99;152;156m▀[0m[38;2;0;0;0m[48;2;0;0;0m▀[0m[38;2;0;0;0m[48;2;0;0;0m▀[0m[38;2;9;72;69m[48;2;6;27;26m▀[0m
[38;2;13;74;76m[48;2;13;68;70m▀[0m[38;2;7;64;64m[48;2;6;66;66m▀[0m[38;2;0;0;0m[48;2;0;0;0m▀[0m[38;2;18;58;52m[48;2;17;53;52m▀[0m[38;2;126;180;185m[48;2;124;190;194m▀[0m[38;2;59;75;76m[48;2;55;77;76m▀[0m[38;2;0;0;0m[48;2;0;0;0m▀[0m[38;2;0;0;0m[48;2;0;6;3m▀[0m[38;2;124;204;212m[48;2;117;190;195m▀[0m[38;2;0;0;0m[48;2;0;0;1m▀[0m[38;2;115;180;186m[48;2;131;207;216m▀[0m[38;2;123;190;194m[48;2;119;186;190m▀[0m[38;2;120;187;191m[48;2;124;194;198m▀[0m[38;2;116;206;207m[48;2;103;196;200m▀[0m[38;2;17;48;47m[48;2;14;29;31m▀[0m[38;2;91;159;167m[48;2;101;171;178m▀[0m[38;2;132;227;241m[48;2;144;247;247m▀[0m[38;2;4;110;111m[48;2;26;76;79m▀[0m[38;2;42;124;119m[48;2;0;98;95m▀[0m[38;2;247;0;0m[48;2;57;0;0m▀[0m[38;2;247;0;0m[48;2;0;0;0m▀[0m[38;2;247;0;0m[48;2;247;0;0m▀[0m[38;2;247;0;0m[48;2;247;0;0m▀[0m[38;2;247;0;0m[48;2;247;0;0m▀[0m[38;2;247;7;11m[48;2;247;0;0m▀[0m[38;2;185;247;247m[48;2;247;0;0m▀[0m[38;2;247;131;132m[48;2;209;247;247m▀[0m[38;2;247;0;0m[48;2;247;124;121m▀[0m[38;2;247;0;0m[48;2;0;66;70m▀[0m[38;2;0;0;2m[48;2;0;79;86m▀[0m[38;2;0;0;0m[48;2;0;0;0m▀[0m[38;2;0;0;0m[48;2;0;0;0m▀[0m[38;2;4;1;5m[48;2;32;89;96m▀[0m[38;2;31;104;110m[48;2;1;0;0m▀[0m[38;2;3;9;8m[48;2;0;0;0m▀[0m[38;2;0;0;0m[48;2;0;0;0m▀[0m[38;2;0;0;0m[48;2;0;0;0m▀[0m[38;2;0;0;0m[48;2;0;0;0m▀[0m[38;2;0;0;0m[48;2;0;0;0m▀[0m[38;2;75;0;0m[48;2;0;0;0m▀[0m[38;2;0;0;0m[48;2;166;0;0m▀[0m[38;2;131;0;0m[48;2;0;0;0m▀[0m[38;2;0;0;0m[48;2;247;0;0m▀[0m[38;2;0;21;23m[48;2;0;0;0m▀[0m[38;2;52;126;131m[48;2;0;112;112m▀[0m[38;2;0;0;0m[48;2;2;36;36m▀[0m[38;2;0;0;0m[48;2;0;0;0m▀[0m[38;2;0;0;0m[48;2;0;2;2m▀[0m[38;2;247;0;0m[48;2;0;58;56m▀[0m[38;2;247;0;0m[48;2;247;14;12m▀[0m[38;2;247;0;0m[48;2;247;182;182m▀[0m[38;2;204;224;224m[48;2;206;247;247m▀[0m[38;2;163;247;247m[48;2;247;0;0m▀[0m[38;2;247;0;0m[48;2;247;0;0m▀[0m[38;2;247;0;0m[48;2;247;0;0m▀[0m[38;2;247;0;0m[48;2;247;0;0m▀[0m[38;2;247;0;0m[48;2;35;0;0m▀[0m[38;2;247;0;0m[48;2;37;0;0m▀[0m[38;2;0;169;167m[48;2;0;247;247m▀[0m[38;2;105;207;196m[48;2;171;209;205m▀[0m[38;2;50;0;0m[48;2;51;0;0m▀[0m[38;2;26;136;145m[48;2;46;150;161m▀[0m[38;2;89;151;154m[48;2;175;247;247m▀[0m[38;2;42;94;92m[48;2;97;188;187m▀[0m[38;2;0;0;0m[48;2;83;195;203m▀[0m[38;2;13;18;13m[48;2;32;47;45m▀[0m[38;2;161;236;245m[48;2;153;229;238m▀[0m[38;2;44;69;70m[48;2;43;66;68m▀[0m[38;2;60;90;93m[48;2;67;105;111m▀[0m[38;2;0;0;0m[48;2;0;0;0m▀[0m[38;2;0;1;0m[48;2;22;39;42m▀[0m[38;2;5;8;8m[48;2;0;0;0m▀[0m[38;2;98;158;161m[48;2;94;156;161m▀[0m[38;2;0;0;0m[48;2;2;33;32m▀[0m[38;2;5;35;40m[48;2;5;49;54m▀[0m[38;2;0;0;0m[48;2;0;0;0m▀[0m
[38;2;8;60;57m[48;2;7;53;54m▀[0m[38;2;5;72;69m[48;2;5;73;73m▀[0m[38;2;0;0;0m[48;2;0;0;0m▀[0m[38;2;17;50;51m[48;2;9;44;46m▀[0m[38;2;128;195;202m[48;2;129;203;209m▀[0m[38;2;49;71;73m[48;2;46;69;71m▀[0m[38;2;0;0;0m[48;2;0;0;0m▀[0m[38;2;10;29;26m[48;2;25;45;45m▀[0m[38;2;104;164;169m[48;2;85;129;133m▀[0m[38;2;15;29;27m[48;2;37;66;63m▀[0m[38;2;136;223;229m[48;2;141;234;235m▀[0m[38;2;115;184;185m[48;2;114;183;184m▀[0m[38;2;127;205;212m[48;2;135;217;221m▀[0m[38;2;96;190;196m[48;2;80;169;169m▀[0m[38;2;15;33;34m[48;2;10;28;25m▀[0m[38;2;126;210;222m[48;2;151;245;247m▀[0m[38;2;152;247;247m[48;2;130;232;243m▀[0m[38;2;0;0;0m[48;2;0;0;0m▀[0m[38;2;0;0;0m[48;2;5;0;0m▀[0m[38;2;0;0;0m[48;2;0;0;0m▀[0m[38;2;96;0;0m[48;2;11;0;0m▀[0m[38;2;0;2;2m[48;2;123;0;0m▀[0m[38;2;247;0;0m[48;2;0;1;2m▀[0m[38;2;247;0;0m[48;2;179;0;0m▀[0m[38;2;247;0;0m[48;2;247;0;0m▀[0m[38;2;247;0;0m[48;2;247;0;0m▀[0m[38;2;247;0;0m[48;2;247;0;0m▀[0m[38;2;134;48;49m[48;2;0;227;228m▀[0m[38;2;0;231;240m[48;2;171;247;247m▀[0m[38;2;0;0;0m[48;2;29;84;85m▀[0m[38;2;0;0;0m[48;2;0;12;19m▀[0m[38;2;34;110;113m[48;2;112;247;247m▀[0m[38;2;12;35;37m[48;2;0;0;0m▀[0m[38;2;0;0;0m[48;2;0;0;0m▀[0m[38;2;0;0;0m[48;2;0;0;0m▀[0m[38;2;0;0;0m[48;2;0;0;0m▀[0m[38;2;0;0;0m[48;2;0;2;2m▀[0m[38;2;0;0;0m[48;2;35;92;93m▀[0m[38;2;0;0;0m[48;2;73;129;128m▀[0m[38;2;0;0;0m[48;2;43;131;133m▀[0m[38;2;92;0;0m[48;2;0;11;9m▀[0m[38;2;187;0;0m[48;2;247;0;0m▀[0m[38;2;247;0;0m[48;2;247;0;0m▀[0m[38;2;247;0;0m[48;2;191;0;0m▀[0m[38;2;0;0;0m[48;2;247;0;0m▀[0m[38;2;0;77;80m[48;2;45;0;0m▀[0m[38;2;0;10;10m[48;2;0;39;33m▀[0m[38;2;0;0;0m[48;2;56;197;193m▀[0m[38;2;0;206;202m[48;2;169;247;247m▀[0m[38;2;98;117;116m[48;2;14;247;247m▀[0m[38;2;247;0;0m[48;2;247;0;0m▀[0m[38;2;247;0;0m[48;2;247;0;0m▀[0m[38;2;247;0;0m[48;2;247;0;0m▀[0m[38;2;247;0;0m[48;2;164;0;0m▀[0m[38;2;247;0;0m[48;2;0;3;3m▀[0m[38;2;0;0;0m[48;2;115;0;0m▀[0m[38;2;95;0;0m[48;2;0;0;0m▀[0m[38;2;0;0;0m[48;2;0;0;0m▀[0m[38;2;0;201;193m[48;2;0;51;44m▀[0m[38;2;158;203;202m[48;2;166;192;189m▀[0m[38;2;60;0;0m[48;2;63;0;0m▀[0m[38;2;74;194;201m[48;2;58;197;204m▀[0m[38;2;139;228;234m[48;2;140;232;240m▀[0m[38;2;128;213;211m[48;2;129;202;208m▀[0m[38;2;128;231;237m[48;2;119;218;228m▀[0m[38;2;24;49;47m[48;2;24;56;54m▀[0m[38;2;153;228;235m[48;2;150;228;238m▀[0m[38;2;39;65;65m[48;2;39;64;67m▀[0m[38;2;77;126;133m[48;2;87;145;153m▀[0m[38;2;0;0;0m[48;2;0;0;0m▀[0m[38;2;45;80;82m[48;2;73;123;122m▀[0m[38;2;0;0;0m[48;2;0;0;0m▀[0m[38;2;62;120;128m[48;2;17;45;47m▀[0m[38;2;20;64;64m[48;2;33;83;85m▀[0m[38;2;0;50;55m[48;2;3;48;49m▀[0m[38;2;0;0;0m[48;2;0;0;0m▀[0m
[38;2;24;99;99m[48;2;33;95;94m▀[0m[38;2;3;78;78m[48;2;0;86;80m▀[0m[38;2;0;0;0m[48;2;0;0;0m▀[0m[38;2;0;29;29m[48;2;0;27;27m▀[0m[38;2;129;213;221m[48;2;133;226;233m▀[0m[38;2;40;71;68m[48;2;40;66;64m▀[0m[38;2;0;0;0m[48;2;0;0;0m▀[0m[38;2;31;59;59m[48;2;35;64;68m▀[0m[38;2;57;90;94m[48;2;31;56;57m▀[0m[38;2;63;102;103m[48;2;90;145;150m▀[0m[38;2;143;235;241m[48;2;140;232;240m▀[0m[38;2;114;184;191m[48;2;117;189;198m▀[0m[38;2;144;230;240m[48;2;145;246;247m▀[0m[38;2;64;137;136m[48;2;48;103;102m▀[0m[38;2;42;72;77m[48;2;77;128;137m▀[0m[38;2;160;247;247m[48;2;152;247;247m▀[0m[38;2;117;237;245m[48;2;154;247;247m▀[0m[38;2;0;0;0m[48;2;74;77;81m▀[0m[38;2;68;0;0m[48;2;62;0;0m▀[0m[38;2;0;0;0m[48;2;0;0;0m▀[0m[38;2;0;0;0m[48;2;0;0;0m▀[0m[38;2;29;0;0m[48;2;0;0;0m▀[0m[38;2;152;0;0m[48;2;9;1;1m▀[0m[38;2;0;1;1m[48;2;187;0;0m▀[0m[38;2;51;0;0m[48;2;33;0;0m▀[0m[38;2;226;0;0m[48;2;0;0;0m▀[0m[38;2;38;38;38m[48;2;0;65;65m▀[0m[38;2;0;96;98m[48;2;0;0;0m▀[0m[38;2;77;242;247m[48;2;0;0;0m▀[0m[38;2;0;0;0m[48;2;0;0;0m▀[0m[38;2;69;203;210m[48;2;97;247;247m▀[0m[38;2;47;136;136m[48;2;0;0;0m▀[0m[38;2;0;0;0m[48;2;0;0;0m▀[0m[38;2;0;0;0m[48;2;37;58;60m▀[0m[38;2;0;0;0m[48;2;0;0;0m▀[0m[38;2;8;27;23m[48;2;183;247;247m▀[0m[38;2;134;218;218m[48;2;247;247;247m▀[0m[38;2;240;247;247m[48;2;247;247;247m▀[0m[38;2;247;247;247m[48;2;247;188;187m▀[0m[38;2;247;247;247m[48;2;225;225;226m▀[0m[38;2;163;247;247m[48;2;224;247;247m▀[0m[38;2;179;12;9m[48;2;135;143;142m▀[0m[38;2;247;0;0m[48;2;247;0;0m▀[0m[38;2;0;0;0m[48;2;91;0;0m▀[0m[38;2;49;0;0m[48;2;0;0;0m▀[0m[38;2;86;57;66m[48;2;0;17;23m▀[0m[38;2;0;14;14m[48;2;0;0;0m▀[0m[38;2;54;213;208m[48;2;8;76;76m▀[0m[38;2;139;247;247m[48;2;8;37;45m▀[0m[38;2;0;26;25m[48;2;0;0;0m▀[0m[38;2;41;11;11m[48;2;0;0;0m▀[0m[38;2;206;0;0m[48;2;0;0;0m▀[0m[38;2;70;0;0m[48;2;32;0;2m▀[0m[38;2;0;4;5m[48;2;97;0;0m▀[0m[38;2;114;0;0m[48;2;0;0;0m▀[0m[38;2;0;0;0m[48;2;0;0;0m▀[0m[38;2;0;0;0m[48;2;0;0;0m▀[0m[38;2;0;0;0m[48;2;0;0;0m▀[0m[38;2;0;0;0m[48;2;0;46;42m▀[0m[38;2;177;78;75m[48;2;225;153;150m▀[0m[38;2;79;0;0m[48;2;87;0;0m▀[0m[38;2;60;206;217m[48;2;63;224;237m▀[0m[38;2;139;236;245m[48;2;144;236;246m▀[0m[38;2;132;217;226m[48;2;135;228;238m▀[0m[38;2;93;166;169m[48;2;85;159;161m▀[0m[38;2;20;50;47m[48;2;13;40;37m▀[0m[38;2;155;241;247m[48;2;155;247;247m▀[0m[38;2;40;66;67m[48;2;38;66;67m▀[0m[38;2;99;162;176m[48;2;117;183;194m▀[0m[38;2;0;0;0m[48;2;0;0;0m▀[0m[38;2;95;152;155m[48;2;108;179;186m▀[0m[38;2;0;0;0m[48;2;0;0;0m▀[0m[38;2;0;0;0m[48;2;0;0;0m▀[0m[38;2;35;94;93m[48;2;38;103;110m▀[0m[38;2;14;55;51m[48;2;10;51;49m▀[0m[38;2;0;0;0m[48;2;0;0;0m▀[0m
[38;2;35;65;64m[48;2;27;44;43m▀[0m[38;2;6;92;89m[48;2;13;94;94m▀[0m[38;2;0;0;0m[48;2;0;0;0m▀[0m[38;2;0;28;28m[48;2;0;20;20m▀[0m[38;2;138;231;244m[48;2;134;227;240m▀[0m[38;2;37;60;58m[48;2;32;56;55m▀[0m[38;2;0;2;0m[48;2;0;20;16m▀[0m[38;2;32;66;68m[48;2;17;49;45m▀[0m[38;2;17;35;34m[48;2;14;32;28m▀[0m[38;2;121;194;204m[48;2;140;234;245m▀[0m[38;2;137;226;235m[48;2;132;222;229m▀[0m[38;2;119;194;203m[48;2;127;202;211m▀[0m[38;2;150;247;247m[48;2;149;247;247m▀[0m[38;2;24;69;65m[48;2;8;38;32m▀[0m[38;2;87;146;154m[48;2;106;177;186m▀[0m[38;2;144;247;247m[48;2;142;246;247m▀[0m[38;2;154;247;247m[48;2;156;247;247m▀[0m[38;2;76;98;101m[48;2;61;90;92m▀[0m[38;2;95;0;0m[48;2;133;0;0m▀[0m[38;2;0;0;0m[48;2;56;226;241m▀[0m[38;2;0;0;0m[48;2;0;0;0m▀[0m[38;2;0;0;0m[48;2;0;0;0m▀[0m[38;2;0;0;0m[48;2;0;0;0m▀[0m[38;2;0;0;0m[48;2;0;0;0m▀[0m[38;2;187;0;0m[48;2;0;0;0m▀[0m[38;2;79;0;0m[48;2;6;58;58m▀[0m[38;2;0;0;0m[48;2;42;147;139m▀[0m[38;2;0;0;0m[48;2;3;47;47m▀[0m[38;2;0;23;23m[48;2;0;10;10m▀[0m[38;2;13;33;35m[48;2;13;108;107m▀[0m[38;2;68;202;209m[48;2;15;97;99m▀[0m[38;2;0;0;0m[48;2;0;0;0m▀[0m[38;2;0;0;0m[48;2;0;0;0m▀[0m[38;2;103;170;166m[48;2;27;67;64m▀[0m[38;2;0;0;0m[48;2;97;157;153m▀[0m[38;2;243;247;247m[48;2;200;247;247m▀[0m[38;2;247;225;227m[48;2;240;160;159m▀[0m[38;2;247;142;136m[48;2;247;187;187m▀[0m[38;2;247;151;154m[48;2;247;0;0m▀[0m[38;2;247;137;137m[48;2;247;215;218m▀[0m[38;2;245;247;247m[48;2;162;214;212m▀[0m[38;2;108;106;104m[48;2;183;4;3m▀[0m[38;2;247;0;0m[48;2;247;0;0m▀[0m[38;2;231;0;0m[48;2;155;0;0m▀[0m[38;2;0;0;0m[48;2;0;0;0m▀[0m[38;2;0;0;0m[48;2;0;0;0m▀[0m[38;2;0;0;0m[48;2;0;0;0m▀[0m[38;2;12;72;72m[48;2;0;49;49m▀[0m[38;2;3;16;17m[48;2;7;63;59m▀[0m[38;2;0;0;0m[48;2;0;20;16m▀[0m[38;2;0;0;0m[48;2;17;86;81m▀[0m[38;2;145;0;0m[48;2;0;0;0m▀[0m[38;2;68;0;0m[48;2;0;0;0m▀[0m[38;2;0;0;0m[48;2;0;0;0m▀[0m[38;2;0;0;0m[48;2;0;0;0m▀[0m[38;2;0;0;0m[48;2;0;0;0m▀[0m[38;2;0;0;0m[48;2;21;77;80m▀[0m[38;2;0;0;0m[48;2;0;247;247m▀[0m[38;2;0;247;247m[48;2;0;247;247m▀[0m[38;2;247;149;153m[48;2;247;97;90m▀[0m[38;2;102;0;0m[48;2;106;0;0m▀[0m[38;2;64;239;247m[48;2;66;247;247m▀[0m[38;2;147;237;247m[48;2;145;242;247m▀[0m[38;2;146;232;247m[48;2;144;235;247m▀[0m[38;2;102;167;180m[48;2;98;178;189m▀[0m[38;2;13;33;32m[48;2;4;23;23m▀[0m[38;2;161;247;247m[48;2;166;247;247m▀[0m[38;2;40;69;70m[48;2;40;71;75m▀[0m[38;2;129;194;204m[48;2;132;200;211m▀[0m[38;2;0;0;0m[48;2;0;0;0m▀[0m[38;2;121;197;203m[48;2;117;190;199m▀[0m[38;2;6;8;8m[48;2;32;52;52m▀[0m[38;2;0;0;0m[48;2;0;0;0m▀[0m[38;2;34;107;115m[48;2;33;116;123m▀[0m[38;2;7;48;50m[48;2;8;43;43m▀[0m[38;2;0;0;0m[48;2;0;0;0m▀[0m
[38;2;17;23;22m[48;2;10;0;0m▀[0m[38;2;17;100;103m[48;2;13;95;95m▀[0m[38;2;0;0;0m[48;2;0;0;0m▀[0m[38;2;0;13;13m[48;2;0;5;3m▀[0m[38;2;123;220;235m[48;2;108;204;219m▀[0m[38;2;29;54;55m[48;2;20;48;49m▀[0m[38;2;0;34;34m[48;2;12;54;49m▀[0m[38;2;0;7;0m[48;2;0;0;0m▀[0m[38;2;25;43;43m[48;2;56;89;97m▀[0m[38;2;160;247;247m[48;2;178;247;247m▀[0m[38;2;132;220;226m[48;2;135;221;228m▀[0m[38;2;131;214;226m[48;2;141;226;236m▀[0m[38;2;144;247;247m[48;2;133;231;239m▀[0m[38;2;0;6;4m[48;2;0;0;0m▀[0m[38;2;129;207;223m[48;2;145;238;247m▀[0m[38;2;139;246;247m[48;2;136;245;247m▀[0m[38;2;159;247;247m[48;2;156;247;247m▀[0m[38;2;45;109;116m[48;2;35;131;139m▀[0m[38;2;223;0;0m[48;2;247;0;0m▀[0m[38;2;172;247;247m[48;2;157;247;247m▀[0m[38;2;115;247;247m[48;2;155;247;247m▀[0m[38;2;0;15;19m[48;2;145;247;247m▀[0m[38;2;0;0;0m[48;2;51;126;145m▀[0m[38;2;0;0;0m[48;2;0;0;0m▀[0m[38;2;0;0;0m[48;2;0;0;0m▀[0m[38;2;0;0;0m[48;2;0;6;8m▀[0m[38;2;0;0;0m[48;2;0;0;0m▀[0m[38;2;17;97;97m[48;2;4;56;56m▀[0m[38;2;0;0;0m[48;2;0;0;0m▀[0m[38;2;13;92;97m[48;2;157;0;0m▀[0m[38;2;0;14;13m[48;2;247;0;0m▀[0m[38;2;0;0;0m[48;2;4;48;51m▀[0m[38;2;0;0;0m[48;2;0;24;25m▀[0m[38;2;0;0;0m[48;2;0;0;0m▀[0m[38;2;194;218;212m[48;2;1;83;83m▀[0m[38;2;161;54;37m[48;2;247;76;65m▀[0m[38;2;0;10;11m[48;2;0;0;0m▀[0m[38;2;247;247;247m[48;2;0;66;66m▀[0m[38;2;247;138;139m[48;2;82;226;225m▀[0m[38;2;247;247;247m[48;2;0;69;73m▀[0m[38;2;0;26;27m[48;2;0;0;0m▀[0m[38;2;247;0;0m[48;2;247;0;0m▀[0m[38;2;81;0;0m[48;2;0;0;0m▀[0m[38;2;36;0;0m[48;2;0;2;0m▀[0m[38;2;0;0;0m[48;2;0;90;92m▀[0m[38;2;0;0;0m[48;2;147;100;100m▀[0m[38;2;0;0;0m[48;2;247;0;0m▀[0m[38;2;53;36;32m[48;2;183;13;13m▀[0m[38;2;0;48;47m[48;2;0;34;34m▀[0m[38;2;7;71;65m[48;2;0;0;3m▀[0m[38;2;0;0;0m[48;2;0;0;0m▀[0m[38;2;0;0;0m[48;2;25;91;101m▀[0m[38;2;0;0;0m[48;2;75;164;170m▀[0m[38;2;0;0;0m[48;2;143;239;243m▀[0m[38;2;22;74;79m[48;2;160;245;247m▀[0m[38;2;127;236;247m[48;2;165;201;205m▀[0m[38;2;178;247;247m[48;2;131;247;247m▀[0m[38;2;0;247;247m[48;2;0;247;247m▀[0m[38;2;0;247;247m[48;2;0;247;247m▀[0m[38;2;247;72;64m[48;2;247;58;48m▀[0m[38;2;113;0;0m[48;2;123;0;0m▀[0m[38;2;77;247;247m[48;2;87;247;247m▀[0m[38;2;145;240;247m[48;2;143;240;247m▀[0m[38;2;142;238;247m[48;2;138;241;247m▀[0m[38;2;101;226;225m[48;2;126;238;238m▀[0m[38;2;0;16;15m[48;2;1;22;20m▀[0m[38;2;178;247;247m[48;2;179;247;247m▀[0m[38;2;47;81;81m[48;2;64;102;103m▀[0m[38;2;128;199;210m[48;2;111;192;198m▀[0m[38;2;0;0;0m[48;2;0;0;0m▀[0m[38;2;99;165;176m[48;2;75;129;138m▀[0m[38;2;58;94;97m[48;2;73;124;131m▀[0m[38;2;0;0;0m[48;2;0;0;0m▀[0m[38;2;30;126;129m[48;2;28;128;126m▀[0m[38;2;8;32;31m[48;2;0;12;9m▀[0m[38;2;0;0;0m[48;2;0;0;0m▀[0m
[38;2;0;0;0m[48;2;0;0;0m▀[0m[38;2;5;73;73m[48;2;7;47;44m▀[0m[38;2;0;2;0m[48;2;2;23;23m▀[0m[38;2;0;0;0m[48;2;0;0;0m▀[0m[38;2;81;184;193m[48;2;47;166;175m▀[0m[38;2;15;45;46m[48;2;2;22;26m▀[0m[38;2;21;62;59m[48;2;22;48;48m▀[0m[38;2;0;0;0m[48;2;1;4;3m▀[0m[38;2;102;169;176m[48;2;155;247;247m▀[0m[38;2;169;247;247m[48;2;147;247;247m▀[0m[38;2;133;223;233m[48;2;132;228;240m▀[0m[38;2;148;237;247m[48;2;153;247;247m▀[0m[38;2;112;215;220m[48;2;106;200;203m▀[0m[38;2;0;1;1m[48;2;0;24;23m▀[0m[38;2;160;247;247m[48;2;169;247;247m▀[0m[38;2;138;247;247m[48;2;139;242;247m▀[0m[38;2;161;247;247m[48;2;164;247;247m▀[0m[38;2;44;157;166m[48;2;43;174;179m▀[0m[38;2;247;0;0m[48;2;247;0;0m▀[0m[38;2;176;247;247m[48;2;181;247;247m▀[0m[38;2;98;247;247m[48;2;135;247;247m▀[0m[38;2;144;187;191m[48;2;158;239;247m▀[0m[38;2;174;246;247m[48;2;143;169;169m▀[0m[38;2;140;202;209m[48;2;86;86;79m▀[0m[38;2;75;93;90m[48;2;225;247;247m▀[0m[38;2;79;172;181m[48;2;247;247;247m▀[0m[38;2;0;0;0m[48;2;247;247;247m▀[0m[38;2;0;48;48m[48;2;0;51;51m▀[0m[38;2;0;0;0m[48;2;0;0;0m▀[0m[38;2;111;0;0m[48;2;86;0;0m▀[0m[38;2;247;0;0m[48;2;247;0;0m▀[0m[38;2;247;6;7m[48;2;247;0;0m▀[0m[38;2;247;80;81m[48;2;247;0;0m▀[0m[38;2;23;80;79m[48;2;247;18;14m▀[0m[38;2;0;0;0m[48;2;63;128;117m▀[0m[38;2;247;0;0m[48;2;0;0;0m▀[0m[38;2;204;0;0m[48;2;247;0;0m▀[0m[38;2;0;0;0m[48;2;111;0;0m▀[0m[38;2;0;0;0m[48;2;0;0;0m▀[0m[38;2;0;0;0m[48;2;0;0;0m▀[0m[38;2;218;0;0m[48;2;247;0;0m▀[0m[38;2;144;0;0m[48;2;0;1;2m▀[0m[38;2;0;23;23m[48;2;116;141;135m▀[0m[38;2;157;153;143m[48;2;247;0;0m▀[0m[38;2;247;51;47m[48;2;247;0;0m▀[0m[38;2;247;0;0m[48;2;247;0;0m▀[0m[38;2;247;0;0m[48;2;247;0;0m▀[0m[38;2;129;0;0m[48;2;125;0;0m▀[0m[38;2;0;0;0m[48;2;0;12;13m▀[0m[38;2;0;10;15m[48;2;49;85;87m▀[0m[38;2;151;201;205m[48;2;244;247;247m▀[0m[38;2;247;247;247m[48;2;115;134;133m▀[0m[38;2;216;247;247m[48;2;32;30;33m▀[0m[38;2;91;108;107m[48;2;0;0;0m▀[0m[38;2;113;102;98m[48;2;136;191;191m▀[0m[38;2;178;201;201m[48;2;116;187;203m▀[0m[38;2;164;247;247m[48;2;175;247;247m▀[0m[38;2;0;247;247m[48;2;0;247;247m▀[0m[38;2;0;247;247m[48;2;0;247;247m▀[0m[38;2;247;50;39m[48;2;247;32;26m▀[0m[38;2;129;0;0m[48;2;125;0;0m▀[0m[38;2;91;247;247m[48;2;100;247;247m▀[0m[38;2;141;243;247m[48;2;141;247;247m▀[0m[38;2;137;244;247m[48;2;137;247;247m▀[0m[38;2;134;241;241m[48;2;138;247;247m▀[0m[38;2;6;30;30m[48;2;6;36;36m▀[0m[38;2;171;247;247m[48;2;161;247;247m▀[0m[38;2;82;133;148m[48;2;107;173;192m▀[0m[38;2;92;165;170m[48;2;76;129;132m▀[0m[38;2;0;0;0m[48;2;1;3;1m▀[0m[38;2;51;92;94m[48;2;27;45;45m▀[0m[38;2;88;152;161m[48;2;101;177;187m▀[0m[38;2;0;0;0m[48;2;0;0;0m▀[0m[38;2;32;129;129m[48;2;27;126;123m▀[0m[38;2;1;5;5m[48;2;0;5;5m▀[0m[38;2;0;0;0m[48;2;0;0;0m▀[0m
[38;2;0;0;0m[48;2;1;0;0m▀[0m[38;2;52;118;122m[48;2;115;213;221m▀[0m[38;2;0;25;25m[48;2;0;44;40m▀[0m[38;2;0;0;0m[48;2;0;0;0m▀[0m[38;2;28;135;139m[48;2;13;82;83m▀[0m[38;2;0;0;0m[48;2;0;0;0m▀[0m[38;2;8;31;29m[48;2;12;56;57m▀[0m[38;2;34;72;76m[48;2;37;71;76m▀[0m[38;2;179;247;247m[48;2;178;247;247m▀[0m[38;2;142;239;247m[48;2;140;240;247m▀[0m[38;2;133;232;244m[48;2;134;236;247m▀[0m[38;2;161;247;247m[48;2;170;247;247m▀[0m[38;2;85;173;171m[48;2;64;138;134m▀[0m[38;2;13;46;51m[48;2;32;80;87m▀[0m[38;2;183;247;247m[48;2;179;247;247m▀[0m[38;2;137;244;247m[48;2;135;247;247m▀[0m[38;2;164;247;247m[48;2;156;247;247m▀[0m[38;2;55;199;208m[48;2;67;234;245m▀[0m[38;2;247;0;0m[48;2;247;0;0m▀[0m[38;2;191;247;247m[48;2;184;243;247m▀[0m[38;2;128;247;247m[48;2;159;247;247m▀[0m[38;2;0;0;0m[48;2;35;96;102m▀[0m[38;2;98;121;125m[48;2;0;0;0m▀[0m[38;2;179;227;233m[48;2;114;136;139m▀[0m[38;2;0;0;0m[48;2;116;146;147m▀[0m[38;2;14;7;6m[48;2;0;0;0m▀[0m[38;2;157;217;219m[48;2;36;107;110m▀[0m[38;2;0;37;40m[48;2;0;34;36m▀[0m[38;2;0;0;0m[48;2;0;0;0m▀[0m[38;2;43;0;0m[48;2;0;0;0m▀[0m[38;2;247;0;0m[48;2;247;0;0m▀[0m[38;2;247;0;0m[48;2;247;0;0m▀[0m[38;2;247;0;0m[48;2;247;0;0m▀[0m[38;2;247;0;0m[48;2;247;0;0m▀[0m[38;2;247;32;31m[48;2;247;0;0m▀[0m[38;2;0;75;71m[48;2;172;72;71m▀[0m[38;2;21;0;0m[48;2;0;5;5m▀[0m[38;2;247;0;0m[48;2;247;0;0m▀[0m[38;2;160;0;0m[48;2;247;0;0m▀[0m[38;2;247;0;0m[48;2;247;0;0m▀[0m[38;2;104;0;0m[48;2;0;0;0m▀[0m[38;2;0;81;74m[48;2;192;0;0m▀[0m[38;2;247;11;7m[48;2;247;0;0m▀[0m[38;2;247;0;0m[48;2;247;0;0m▀[0m[38;2;247;0;0m[48;2;247;0;0m▀[0m[38;2;247;0;0m[48;2;247;0;0m▀[0m[38;2;247;0;0m[48;2;247;0;0m▀[0m[38;2;96;0;0m[48;2;11;0;0m▀[0m[38;2;0;62;71m[48;2;0;89;96m▀[0m[38;2;0;16;18m[48;2;0;28;32m▀[0m[38;2;0;0;0m[48;2;0;0;0m▀[0m[38;2;21;21;23m[48;2;215;247;247m▀[0m[38;2;247;247;247m[48;2;111;153;149m▀[0m[38;2;96;147;139m[48;2;0;0;0m▀[0m[38;2;0;0;0m[48;2;0;0;0m▀[0m[38;2;0;0;0m[48;2;145;247;247m▀[0m[38;2;164;247;247m[48;2;178;247;247m▀[0m[38;2;135;247;247m[48;2;148;247;247m▀[0m[38;2;105;247;247m[48;2;131;247;247m▀[0m[38;2;247;15;10m[48;2;247;0;0m▀[0m[38;2;111;0;0m[48;2;102;0;0m▀[0m[38;2;105;247;247m[48;2;112;247;247m▀[0m[38;2;141;247;247m[48;2;148;247;247m▀[0m[38;2;140;247;247m[48;2;139;247;247m▀[0m[38;2;149;247;247m[48;2;154;247;247m▀[0m[38;2;9;40;43m[48;2;18;51;51m▀[0m[38;2;144;247;247m[48;2;139;234;247m▀[0m[38;2;130;233;247m[48;2;175;247;247m▀[0m[38;2;57;93;95m[48;2;40;85;89m▀[0m[38;2;17;21;22m[48;2;9;20;22m▀[0m[38;2;0;3;4m[48;2;0;0;0m▀[0m[38;2;111;205;212m[48;2;105;203;210m▀[0m[38;2;0;0;0m[48;2;0;16;18m▀[0m[38;2;28;118;114m[48;2;34;103;102m▀[0m[38;2;0;0;0m[48;2;0;0;0m▀[0m[38;2;0;0;0m[48;2;5;18;19m▀[0m
[38;2;0;0;0m[48;2;21;28;26m▀[0m[38;2;186;247;247m[48;2;221;247;247m▀[0m[38;2;26;134;132m[48;2;88;247;247m▀[0m[38;2;0;0;0m[48;2;0;0;0m▀[0m[38;2;12;95;94m[48;2;12;72;64m▀[0m[38;2;0;0;0m[48;2;0;15;14m▀[0m[38;2;29;89;87m[48;2;40;96;93m▀[0m[38;2;41;75;78m[48;2;47;81;85m▀[0m[38;2;180;247;247m[48;2;189;247;247m▀[0m[38;2;143;244;247m[48;2;146;247;247m▀[0m[38;2;138;240;247m[48;2;140;247;247m▀[0m[38;2;178;247;247m[48;2;174;247;247m▀[0m[38;2;44;104;107m[48;2;26;85;92m▀[0m[38;2;56;118;120m[48;2;72;149;152m▀[0m[38;2;181;247;247m[48;2;178;247;247m▀[0m[38;2;140;247;247m[48;2;136;247;247m▀[0m[38;2;155;247;247m[48;2;144;247;247m▀[0m[38;2;65;247;247m[48;2;74;247;247m▀[0m[38;2;247;0;0m[48;2;242;0;0m▀[0m[38;2;200;218;231m[48;2;217;194;200m▀[0m[38;2;135;247;247m[48;2;122;247;247m▀[0m[38;2;208;247;247m[48;2;160;247;247m▀[0m[38;2;59;120;124m[48;2;214;247;247m▀[0m[38;2;0;0;0m[48;2;71;149;145m▀[0m[38;2;108;136;138m[48;2;0;0;0m▀[0m[38;2;128;156;161m[48;2;64;70;73m▀[0m[38;2;32;85;89m[48;2;85;158;163m▀[0m[38;2;0;23;25m[48;2;0;0;0m▀[0m[38;2;0;0;0m[48;2;0;0;0m▀[0m[38;2;0;0;0m[48;2;0;0;0m▀[0m[38;2;247;0;0m[48;2;35;9;5m▀[0m[38;2;247;0;0m[48;2;247;0;0m▀[0m[38;2;247;0;0m[48;2;247;0;0m▀[0m[38;2;247;0;0m[48;2;247;0;0m▀[0m[38;2;247;0;0m[48;2;247;0;0m▀[0m[38;2;247;0;1m[48;2;247;0;0m▀[0m[38;2;0;18;20m[48;2;30;0;0m▀[0m[38;2;28;0;0m[48;2;0;5;4m▀[0m[38;2;100;0;0m[48;2;108;0;0m▀[0m[38;2;234;0;0m[48;2;0;2;1m▀[0m[38;2;0;0;0m[48;2;0;2;1m▀[0m[38;2;247;0;0m[48;2;247;0;0m▀[0m[38;2;247;0;0m[48;2;247;0;0m▀[0m[38;2;247;0;0m[48;2;247;0;0m▀[0m[38;2;247;0;0m[48;2;247;0;0m▀[0m[38;2;247;0;0m[48;2;247;0;0m▀[0m[38;2;247;0;0m[48;2;94;30;39m▀[0m[38;2;0;0;0m[48;2;0;0;0m▀[0m[38;2;0;110;114m[48;2;23;106;106m▀[0m[38;2;0;20;21m[48;2;7;57;59m▀[0m[38;2;130;166;165m[48;2;0;0;0m▀[0m[38;2;97;124;121m[48;2;0;0;0m▀[0m[38;2;0;0;0m[48;2;97;169;169m▀[0m[38;2;3;32;35m[48;2;220;247;247m▀[0m[38;2;166;247;247m[48;2;184;247;247m▀[0m[38;2;184;247;247m[48;2;154;247;247m▀[0m[38;2;146;247;247m[48;2;141;247;247m▀[0m[38;2;136;247;247m[48;2;135;247;247m▀[0m[38;2;126;247;247m[48;2;127;247;247m▀[0m[38;2;247;0;0m[48;2;247;0;0m▀[0m[38;2;91;0;0m[48;2;87;0;0m▀[0m[38;2;116;247;247m[48;2;134;247;247m▀[0m[38;2;149;247;247m[48;2;148;247;247m▀[0m[38;2;143;247;247m[48;2;149;247;247m▀[0m[38;2;166;247;247m[48;2;179;247;247m▀[0m[38;2;17;53;52m[48;2;18;60;57m▀[0m[38;2;127;220;241m[48;2;113;210;226m▀[0m[38;2;212;247;247m[48;2;233;247;247m▀[0m[38;2;45;102;109m[48;2;83;159;170m▀[0m[38;2;0;0;0m[48;2;0;0;0m▀[0m[38;2;0;0;0m[48;2;0;0;0m▀[0m[38;2;98;185;192m[48;2;98;177;181m▀[0m[38;2;6;55;57m[48;2;20;83;79m▀[0m[38;2;26;93;91m[48;2;13;76;73m▀[0m[38;2;0;0;0m[48;2;0;0;0m▀[0m[38;2;8;55;57m[48;2;13;68;69m▀[0m
[38;2;11;17;14m[48;2;0;0;0m▀[0m[38;2;218;247;247m[48;2;172;247;247m▀[0m[38;2;81;235;246m[48;2;72;171;181m▀[0m[38;2;0;0;0m[48;2;0;0;0m▀[0m[38;2;0;11;4m[48;2;0;0;0m▀[0m[38;2;8;79;79m[48;2;21;131;139m▀[0m[38;2;43;88;92m[48;2;42;95;96m▀[0m[38;2;57;99;103m[48;2;62;118;121m▀[0m[38;2;188;247;247m[48;2;189;247;247m▀[0m[38;2;143;247;247m[48;2;145;247;247m▀[0m[38;2;144;247;247m[48;2;146;247;247m▀[0m[38;2;171;247;247m[48;2;174;247;247m▀[0m[38;2;14;64;66m[48;2;18;61;64m▀[0m[38;2;88;176;176m[48;2;107;195;193m▀[0m[38;2;180;247;247m[48;2;184;247;247m▀[0m[38;2;144;247;247m[48;2;154;247;247m▀[0m[38;2;156;247;247m[48;2;166;247;247m▀[0m[38;2;95;247;247m[48;2;105;247;247m▀[0m[38;2;222;0;0m[48;2;193;0;0m▀[0m[38;2;244;162;159m[48;2;247;131;127m▀[0m[38;2;136;247;247m[48;2;143;247;247m▀[0m[38;2;170;247;247m[48;2;171;247;247m▀[0m[38;2;183;247;247m[48;2;190;247;247m▀[0m[38;2;236;247;247m[48;2;225;247;247m▀[0m[38;2;125;219;214m[48;2;204;247;247m▀[0m[38;2;0;0;0m[48;2;0;0;0m▀[0m[38;2;0;7;7m[48;2;0;3;6m▀[0m[38;2;0;12;10m[48;2;0;2;3m▀[0m[38;2;0;0;0m[48;2;0;0;0m▀[0m[38;2;0;1;2m[48;2;0;0;0m▀[0m[38;2;0;83;84m[48;2;0;57;64m▀[0m[38;2;141;56;52m[48;2;0;47;46m▀[0m[38;2;247;0;0m[48;2;29;69;66m▀[0m[38;2;247;0;0m[48;2;247;6;5m▀[0m[38;2;247;0;0m[48;2;247;0;0m▀[0m[38;2;247;0;0m[48;2;247;0;0m▀[0m[38;2;226;0;0m[48;2;190;0;0m▀[0m[38;2;0;4;3m[48;2;0;2;3m▀[0m[38;2;119;0;0m[48;2;99;0;0m▀[0m[38;2;0;1;1m[48;2;43;0;0m▀[0m[38;2;161;0;0m[48;2;125;0;0m▀[0m[38;2;247;0;0m[48;2;167;0;0m▀[0m[38;2;247;0;0m[48;2;123;0;0m▀[0m[38;2;247;0;0m[48;2;163;20;24m▀[0m[38;2;247;0;0m[48;2;0;119;131m▀[0m[38;2;135;56;63m[48;2;0;65;72m▀[0m[38;2;0;109;120m[48;2;0;37;36m▀[0m[38;2;0;0;0m[48;2;0;9;2m▀[0m[38;2;24;111;112m[48;2;28;110;113m▀[0m[38;2;12;57;56m[48;2;13;47;50m▀[0m[38;2;0;0;0m[48;2;0;0;0m▀[0m[38;2;0;0;0m[48;2;0;0;0m▀[0m[38;2;225;247;247m[48;2;33;79;78m▀[0m[38;2;239;247;247m[48;2;165;247;247m▀[0m[38;2;180;247;247m[48;2;166;247;247m▀[0m[38;2;164;247;247m[48;2;163;247;247m▀[0m[38;2;149;247;247m[48;2;152;247;247m▀[0m[38;2;140;247;247m[48;2;143;247;247m▀[0m[38;2;139;247;247m[48;2;154;247;247m▀[0m[38;2;247;0;0m[48;2;247;0;0m▀[0m[38;2;94;0;0m[48;2;83;46;47m▀[0m[38;2;140;247;247m[48;2;157;247;247m▀[0m[38;2;143;247;247m[48;2;141;247;247m▀[0m[38;2;151;247;247m[48;2;146;247;247m▀[0m[38;2;185;247;247m[48;2;200;247;247m▀[0m[38;2;10;32;34m[48;2;0;0;0m▀[0m[38;2;111;209;219m[48;2;106;215;218m▀[0m[38;2;225;247;247m[48;2;205;247;247m▀[0m[38;2;140;245;247m[48;2;184;247;247m▀[0m[38;2;0;0;0m[48;2;0;0;0m▀[0m[38;2;0;0;0m[48;2;0;0;0m▀[0m[38;2;85;154;153m[48;2;64;125;124m▀[0m[38;2;31;104;100m[48;2;49;148;152m▀[0m[38;2;5;54;54m[48;2;5;35;35m▀[0m[38;2;0;0;0m[48;2;0;0;0m▀[0m[38;2;8;39;40m[48;2;17;48;48m▀[0m
[38;2;0;0;0m[48;2;0;3;3m▀[0m[38;2;122;198;207m[48;2;61;120;124m▀[0m[38;2;95;167;175m[48;2;74;133;138m▀[0m[38;2;0;31;31m[48;2;0;54;50m▀[0m[38;2;0;0;0m[48;2;0;0;0m▀[0m[38;2;0;46;49m[48;2;0;0;0m▀[0m[38;2;52;107;108m[48;2;48;103;103m▀[0m[38;2;70;130;129m[48;2;83;149;149m▀[0m[38;2;196;247;247m[48;2;201;247;247m▀[0m[38;2;149;247;247m[48;2;148;247;247m▀[0m[38;2;148;247;247m[48;2;151;247;247m▀[0m[38;2;176;247;247m[48;2;157;247;247m▀[0m[38;2;14;63;69m[48;2;0;53;56m▀[0m[38;2;119;216;210m[48;2;144;233;227m▀[0m[38;2;176;247;247m[48;2;180;247;247m▀[0m[38;2;149;247;247m[48;2;157;247;247m▀[0m[38;2;160;247;247m[48;2;156;247;247m▀[0m[38;2;119;247;247m[48;2;146;247;247m▀[0m[38;2;178;0;0m[48;2;174;0;0m▀[0m[38;2;247;97;96m[48;2;247;64;61m▀[0m[38;2;137;247;247m[48;2;146;247;247m▀[0m[38;2;171;247;247m[48;2;176;247;247m▀[0m[38;2;157;247;247m[48;2;194;247;247m▀[0m[38;2;168;247;247m[48;2;73;122;124m▀[0m[38;2;33;71;74m[48;2;9;27;24m▀[0m[38;2;0;0;0m[48;2;11;33;33m▀[0m[38;2;3;27;27m[48;2;0;0;1m▀[0m[38;2;0;0;0m[48;2;0;0;0m▀[0m[38;2;6;23;27m[48;2;13;50;47m▀[0m[38;2;0;0;0m[48;2;0;2;1m▀[0m[38;2;0;75;74m[48;2;0;53;54m▀[0m[38;2;92;0;0m[48;2;39;50;54m▀[0m[38;2;55;0;0m[48;2;247;0;0m▀[0m[38;2;0;105;102m[48;2;116;0;0m▀[0m[38;2;0;36;36m[48;2;0;87;87m▀[0m[38;2;0;0;0m[48;2;0;0;0m▀[0m[38;2;0;0;0m[48;2;0;0;0m▀[0m[38;2;0;0;1m[48;2;0;0;0m▀[0m[38;2;27;0;0m[48;2;0;1;1m▀[0m[38;2;46;0;0m[48;2;0;1;1m▀[0m[38;2;0;0;0m[48;2;0;0;0m▀[0m[38;2;0;0;0m[48;2;0;0;0m▀[0m[38;2;0;0;0m[48;2;0;37;39m▀[0m[38;2;0;139;154m[48;2;85;61;66m▀[0m[38;2;79;0;0m[48;2;247;0;0m▀[0m[38;2;149;0;0m[48;2;48;6;9m▀[0m[38;2;0;67;67m[48;2;0;85;85m▀[0m[38;2;5;15;9m[48;2;5;23;18m▀[0m[38;2;33;99;103m[48;2;24;78;80m▀[0m[38;2;4;24;24m[48;2;0;0;0m▀[0m[38;2;0;0;0m[48;2;9;18;18m▀[0m[38;2;0;0;0m[48;2;0;0;0m▀[0m[38;2;54;109;108m[48;2;57;92;95m▀[0m[38;2;98;176;170m[48;2;126;197;196m▀[0m[38;2;119;190;190m[48;2;126;194;194m▀[0m[38;2;154;247;247m[48;2;179;247;247m▀[0m[38;2;161;247;247m[48;2;167;247;247m▀[0m[38;2;148;247;247m[48;2;156;247;247m▀[0m[38;2;175;247;247m[48;2;215;247;247m▀[0m[38;2;247;0;0m[48;2;229;0;0m▀[0m[38;2;60;105;108m[48;2;41;173;176m▀[0m[38;2;179;247;247m[48;2;194;247;247m▀[0m[38;2;146;247;247m[48;2;152;247;247m▀[0m[38;2;145;247;247m[48;2;149;247;247m▀[0m[38;2;210;247;247m[48;2;215;247;247m▀[0m[38;2;6;13;14m[48;2;29;29;27m▀[0m[38;2;84;178;182m[48;2;93;178;178m▀[0m[38;2;203;247;247m[48;2;210;247;247m▀[0m[38;2;188;247;247m[48;2;183;247;247m▀[0m[38;2;2;15;12m[48;2;0;1;0m▀[0m[38;2;0;0;0m[48;2;10;41;45m▀[0m[38;2;72;125;127m[48;2;69;129;132m▀[0m[38;2;64;156;158m[48;2;41;123;118m▀[0m[38;2;5;20;20m[48;2;13;63;68m▀[0m[38;2;0;0;0m[48;2;0;0;0m▀[0m[38;2;52;116;120m[48;2;46;101;105m▀[0m
[38;2;61;123;132m[48;2;138;219;236m▀[0m[38;2;0;43;42m[48;2;0;18;12m▀[0m[38;2;18;27;27m[48;2;0;0;0m▀[0m[38;2;3;53;52m[48;2;0;1;1m▀[0m[38;2;13;68;70m[48;2;16;116;116m▀[0m[38;2;0;0;0m[48;2;0;0;0m▀[0m[38;2;0;12;14m[48;2;0;0;0m▀[0m[38;2;92;167;170m[48;2;104;182;179m▀[0m[38;2;212;247;247m[48;2;219;247;247m▀[0m[38;2;155;247;247m[48;2;166;247;247m▀[0m[38;2;161;247;247m[48;2;161;247;247m▀[0m[38;2;179;247;247m[48;2;198;247;247m▀[0m[38;2;21;39;44m[48;2;32;54;58m▀[0m[38;2;165;247;247m[48;2;179;247;247m▀[0m[38;2;183;247;247m[48;2;188;247;247m▀[0m[38;2;167;247;247m[48;2;172;247;247m▀[0m[38;2;165;247;247m[48;2;174;247;247m▀[0m[38;2;165;247;247m[48;2;188;247;247m▀[0m[38;2;166;0;0m[48;2;140;32;32m▀[0m[38;2;247;19;13m[48;2;247;0;0m▀[0m[38;2;156;247;247m[48;2;172;247;247m▀[0m[38;2;189;247;247m[48;2;192;247;247m▀[0m[38;2;102;171;168m[48;2;190;247;247m▀[0m[38;2;88;132;129m[48;2;140;213;213m▀[0m[38;2;161;247;247m[48;2;0;0;0m▀[0m[38;2;0;0;0m[48;2;19;28;31m▀[0m[38;2;0;0;0m[48;2;0;0;0m▀[0m[38;2;0;5;8m[48;2;11;34;40m▀[0m[38;2;8;42;37m[48;2;2;32;26m▀[0m[38;2;0;13;13m[48;2;7;49;49m▀[0m[38;2;3;24;26m[48;2;4;27;27m▀[0m[38;2;0;66;70m[48;2;0;31;31m▀[0m[38;2;203;0;0m[48;2;11;65;63m▀[0m[38;2;247;0;0m[48;2;106;0;0m▀[0m[38;2;27;100;98m[48;2;0;41;41m▀[0m[38;2;0;5;4m[48;2;18;64;63m▀[0m[38;2;0;0;0m[48;2;0;0;0m▀[0m[38;2;0;0;0m[48;2;0;0;0m▀[0m[38;2;0;1;1m[48;2;0;0;1m▀[0m[38;2;0;1;1m[48;2;0;0;0m▀[0m[38;2;0;0;0m[48;2;0;0;0m▀[0m[38;2;0;0;0m[48;2;0;0;0m▀[0m[38;2;0;72;76m[48;2;11;66;68m▀[0m[38;2;196;7;5m[48;2;6;0;0m▀[0m[38;2;247;0;0m[48;2;38;64;64m▀[0m[38;2;0;58;57m[48;2;0;1;0m▀[0m[38;2;17;88;88m[48;2;21;118;126m▀[0m[38;2;13;49;48m[48;2;10;40;41m▀[0m[38;2;11;61;64m[48;2;25;70;68m▀[0m[38;2;0;0;0m[48;2;0;0;0m▀[0m[38;2;3;33;33m[48;2;0;3;3m▀[0m[38;2;0;0;0m[48;2;0;0;0m▀[0m[38;2;0;0;0m[48;2;114;186;185m▀[0m[38;2;96;156;159m[48;2;45;61;60m▀[0m[38;2;190;247;247m[48;2;119;185;185m▀[0m[38;2;183;247;247m[48;2;200;247;247m▀[0m[38;2;169;247;247m[48;2;171;247;247m▀[0m[38;2;148;247;247m[48;2;154;247;247m▀[0m[38;2;247;215;208m[48;2;247;124;116m▀[0m[38;2;158;0;0m[48;2;82;0;0m▀[0m[38;2;50;232;235m[48;2;90;247;247m▀[0m[38;2;192;247;247m[48;2;191;247;247m▀[0m[38;2;161;247;247m[48;2;161;247;247m▀[0m[38;2;157;247;247m[48;2;155;247;247m▀[0m[38;2;203;247;247m[48;2;212;247;247m▀[0m[38;2;24;44;47m[48;2;16;47;48m▀[0m[38;2;48;117;117m[48;2;118;206;207m▀[0m[38;2;212;247;247m[48;2;218;247;247m▀[0m[38;2;176;247;247m[48;2;183;247;247m▀[0m[38;2;0;0;0m[48;2;0;0;0m▀[0m[38;2;39;64;63m[48;2;66;105;98m▀[0m[38;2;31;67;64m[48;2;9;27;28m▀[0m[38;2;36;133;136m[48;2;43;117;120m▀[0m[38;2;0;29;31m[48;2;0;0;0m▀[0m[38;2;0;0;0m[48;2;0;0;0m▀[0m[38;2;47;94;93m[48;2;38;73;72m▀[0m
[38;2;194;247;247m[48;2;215;247;247m▀[0m[38;2;10;51;49m[48;2;49;120;124m▀[0m[38;2;0;0;0m[48;2;0;0;0m▀[0m[38;2;0;0;0m[48;2;0;0;0m▀[0m[38;2;24;96;90m[48;2;99;196;195m▀[0m[38;2;0;69;75m[48;2;16;54;52m▀[0m[38;2;0;14;15m[48;2;0;96;98m▀[0m[38;2;105;160;157m[48;2;48;64;61m▀[0m[38;2;233;247;247m[48;2;247;247;247m▀[0m[38;2;171;247;247m[48;2;203;247;247m▀[0m[38;2;178;247;247m[48;2;205;247;247m▀[0m[38;2;244;247;247m[48;2;218;202;202m▀[0m[38;2;48;86;87m[48;2;67;111;111m▀[0m[38;2;190;247;247m[48;2;229;247;247m▀[0m[38;2;186;247;247m[48;2;238;247;247m▀[0m[38;2;176;247;247m[48;2;219;247;247m▀[0m[38;2;175;247;247m[48;2;214;247;247m▀[0m[38;2;204;247;247m[48;2;236;247;247m▀[0m[38;2;126;76;73m[48;2;131;131;135m▀[0m[38;2;247;0;0m[48;2;247;0;0m▀[0m[38;2;181;247;247m[48;2;216;247;247m▀[0m[38;2;194;247;247m[48;2;205;247;247m▀[0m[38;2;196;247;247m[48;2;206;247;247m▀[0m[38;2;129;194;192m[48;2;236;247;247m▀[0m[38;2;226;247;247m[48;2;247;247;247m▀[0m[38;2;236;247;247m[48;2;35;56;55m▀[0m[38;2;0;0;0m[48;2;0;0;0m▀[0m[38;2;3;34;34m[48;2;0;4;2m▀[0m[38;2;0;9;6m[48;2;0;0;0m▀[0m[38;2;22;99;99m[48;2;28;126;129m▀[0m[38;2;5;14;14m[48;2;3;6;6m▀[0m[38;2;5;31;31m[48;2;7;52;53m▀[0m[38;2;0;13;10m[48;2;0;0;0m▀[0m[38;2;0;65;65m[48;2;3;16;16m▀[0m[38;2;0;0;0m[48;2;3;40;48m▀[0m[38;2;28;97;96m[48;2;30;117;124m▀[0m[38;2;0;0;0m[48;2;13;43;43m▀[0m[38;2;0;0;0m[48;2;0;0;0m▀[0m[38;2;1;0;0m[48;2;0;0;0m▀[0m[38;2;2;0;0m[48;2;0;0;0m▀[0m[38;2;0;0;0m[48;2;0;0;0m▀[0m[38;2;3;7;6m[48;2;5;28;30m▀[0m[38;2;17;57;55m[48;2;8;75;79m▀[0m[38;2;0;63;64m[48;2;0;4;4m▀[0m[38;2;0;23;22m[48;2;0;0;0m▀[0m[38;2;0;0;0m[48;2;7;52;53m▀[0m[38;2;34;155;162m[48;2;21;96;102m▀[0m[38;2;14;69;68m[48;2;30;108;106m▀[0m[38;2;31;112;109m[48;2;17;73;70m▀[0m[38;2;0;0;0m[48;2;27;21;17m▀[0m[38;2;0;0;0m[48;2;0;0;0m▀[0m[38;2;0;0;0m[48;2;175;247;247m▀[0m[38;2;4;19;21m[48;2;93;122;122m▀[0m[38;2;236;247;247m[48;2;35;81;82m▀[0m[38;2;210;247;247m[48;2;186;247;247m▀[0m[38;2;186;247;247m[48;2;194;247;247m▀[0m[38;2;179;247;247m[48;2;180;247;247m▀[0m[38;2;172;247;247m[48;2;220;247;247m▀[0m[38;2;247;1;0m[48;2;247;0;0m▀[0m[38;2;10;0;0m[48;2;0;0;0m▀[0m[38;2;151;247;247m[48;2;203;247;247m▀[0m[38;2;188;247;247m[48;2;179;247;247m▀[0m[38;2;165;247;247m[48;2;172;247;247m▀[0m[38;2;166;247;247m[48;2;172;247;247m▀[0m[38;2;218;247;247m[48;2;247;247;247m▀[0m[38;2;18;62;58m[48;2;42;77;73m▀[0m[38;2;103;191;189m[48;2;94;167;166m▀[0m[38;2;219;247;247m[48;2;232;247;247m▀[0m[38;2;190;247;247m[48;2;209;247;247m▀[0m[38;2;0;0;0m[48;2;0;0;0m▀[0m[38;2;121;184;173m[48;2;126;198;194m▀[0m[38;2;20;53;54m[48;2;22;77;78m▀[0m[38;2;0;29;31m[48;2;0;0;0m▀[0m[38;2;0;0;0m[48;2;0;0;0m▀[0m[38;2;0;0;0m[48;2;0;0;0m▀[0m[38;2;33;71;74m[48;2;36;97;98m▀[0m
[38;2;210;247;247m[48;2;215;247;247m▀[0m[38;2;98;209;217m[48;2;76;157;161m▀[0m[38;2;0;13;10m[48;2;0;0;0m▀[0m[38;2;0;0;0m[48;2;0;0;0m▀[0m[38;2;198;247;247m[48;2;243;247;247m▀[0m[38;2;58;98;99m[48;2;84;144;146m▀[0m[38;2;0;79;79m[48;2;0;43;49m▀[0m[38;2;0;0;0m[48;2;0;4;4m▀[0m[38;2;206;247;247m[48;2;38;49;43m▀[0m[38;2;146;239;238m[48;2;40;63;62m▀[0m[38;2;171;247;247m[48;2;85;123;123m▀[0m[38;2;7;32;31m[48;2;1;0;0m▀[0m[38;2;57;95;93m[48;2;0;0;0m▀[0m[38;2;149;226;226m[48;2;55;63;61m▀[0m[38;2;92;156;154m[48;2;32;16;12m▀[0m[38;2;142;234;235m[48;2;94;106;107m▀[0m[38;2;109;185;191m[48;2;87;122;125m▀[0m[38;2;180;247;247m[48;2;124;173;173m▀[0m[38;2;48;75;72m[48;2;0;56;52m▀[0m[38;2;247;0;0m[48;2;247;0;0m▀[0m[38;2;133;242;238m[48;2;97;125;123m▀[0m[38;2;170;247;247m[48;2;70;164;164m▀[0m[38;2;195;247;247m[48;2;130;194;193m▀[0m[38;2;208;247;247m[48;2;139;198;199m▀[0m[38;2;186;247;247m[48;2;156;211;213m▀[0m[38;2;126;188;187m[48;2;192;247;247m▀[0m[38;2;144;204;199m[48;2;84;144;147m▀[0m[38;2;0;0;0m[48;2;0;0;0m▀[0m[38;2;0;0;0m[48;2;0;0;0m▀[0m[38;2;29;114;118m[48;2;27;91;92m▀[0m[38;2;22;48;48m[48;2;18;49;49m▀[0m[38;2;0;0;0m[48;2;0;0;0m▀[0m[38;2;8;46;46m[48;2;0;0;0m▀[0m[38;2;0;0;0m[48;2;0;0;0m▀[0m[38;2;34;50;47m[48;2;103;223;218m▀[0m[38;2;26;43;46m[48;2;67;156;154m▀[0m[38;2;11;32;32m[48;2;10;44;39m▀[0m[38;2;8;29;31m[48;2;10;31;32m▀[0m[38;2;1;4;4m[48;2;18;56;53m▀[0m[38;2;1;10;10m[48;2;10;40;37m▀[0m[38;2;8;34;34m[48;2;5;19;21m▀[0m[38;2;0;1;2m[48;2;3;21;22m▀[0m[38;2;136;170;170m[48;2;98;169;176m▀[0m[38;2;35;27;25m[48;2;27;87;89m▀[0m[38;2;0;0;0m[48;2;0;0;0m▀[0m[38;2;24;68;64m[48;2;0;0;0m▀[0m[38;2;13;49;52m[48;2;14;59;63m▀[0m[38;2;36;117;115m[48;2;36;122;124m▀[0m[38;2;18;52;50m[48;2;2;28;25m▀[0m[38;2;0;0;0m[48;2;0;0;0m▀[0m[38;2;49;75;72m[48;2;203;247;247m▀[0m[38;2;119;183;184m[48;2;198;247;247m▀[0m[38;2;247;247;247m[48;2;137;213;212m▀[0m[38;2;247;247;247m[48;2;142;221;218m▀[0m[38;2;226;247;247m[48;2;137;217;212m▀[0m[38;2;227;247;247m[48;2;122;202;200m▀[0m[38;2;216;247;247m[48;2;94;234;230m▀[0m[38;2;247;247;247m[48;2;247;131;123m▀[0m[38;2;194;0;0m[48;2;86;0;0m▀[0m[38;2;3;119;119m[48;2;24;193;193m▀[0m[38;2;247;247;247m[48;2;195;247;247m▀[0m[38;2;190;247;247m[48;2;170;247;247m▀[0m[38;2;194;247;247m[48;2;174;247;247m▀[0m[38;2;191;247;247m[48;2;209;247;247m▀[0m[38;2;170;223;224m[48;2;170;208;209m▀[0m[38;2;55;85;73m[48;2;47;102;96m▀[0m[38;2;69;140;136m[48;2;54;112;108m▀[0m[38;2;243;247;247m[48;2;247;247;247m▀[0m[38;2;234;247;247m[48;2;247;247;247m▀[0m[38;2;0;0;0m[48;2;12;32;28m▀[0m[38;2;133;226;222m[48;2;75;122;118m▀[0m[38;2;19;65;68m[48;2;0;0;0m▀[0m[38;2;0;0;0m[48;2;0;0;0m▀[0m[38;2;0;0;0m[48;2;0;0;0m▀[0m[38;2;7;28;27m[48;2;9;38;35m▀[0m[38;2;22;66;65m[48;2;9;37;35m▀[0m
[38;2;247;247;247m[48;2;110;230;230m▀[0m[38;2;52;93;95m[48;2;0;0;0m▀[0m[38;2;0;0;0m[48;2;0;0;0m▀[0m[38;2;0;15;16m[48;2;0;13;18m▀[0m[38;2;247;247;247m[48;2;240;247;247m▀[0m[38;2;60;85;81m[48;2;51;77;73m▀[0m[38;2;0;0;0m[48;2;0;0;0m▀[0m[38;2;0;42;47m[48;2;0;88;94m▀[0m[38;2;79;101;99m[48;2;0;4;4m▀[0m[38;2;247;247;247m[48;2;239;247;247m▀[0m[38;2;182;244;244m[48;2;161;234;240m▀[0m[38;2;84;109;110m[48;2;49;68;71m▀[0m[38;2;40;81;81m[48;2;91;159;161m▀[0m[38;2;62;96;96m[48;2;225;247;247m▀[0m[38;2;167;239;242m[48;2;191;247;247m▀[0m[38;2;247;247;247m[48;2;188;247;247m▀[0m[38;2;221;247;247m[48;2;185;247;247m▀[0m[38;2;247;247;247m[48;2;224;247;247m▀[0m[38;2;97;247;247m[48;2;132;247;247m▀[0m[38;2;158;0;0m[48;2;37;0;0m▀[0m[38;2;247;247;247m[48;2;247;135;132m▀[0m[38;2;229;247;247m[48;2;62;194;194m▀[0m[38;2;139;208;211m[48;2;117;148;151m▀[0m[38;2;108;153;158m[48;2;174;208;210m▀[0m[38;2;102;145;150m[48;2;184;218;218m▀[0m[38;2;128;177;180m[48;2;212;234;237m▀[0m[38;2;80;134;135m[48;2;180;203;202m▀[0m[38;2;0;0;0m[48;2;102;143;145m▀[0m[38;2;0;0;0m[48;2;11;30;33m▀[0m[38;2;14;78;81m[48;2;11;47;50m▀[0m[38;2;4;22;22m[48;2;11;41;45m▀[0m[38;2;0;0;0m[48;2;0;0;0m▀[0m[38;2;0;0;0m[48;2;0;6;7m▀[0m[38;2;10;28;28m[48;2;9;32;34m▀[0m[38;2;42;111;111m[48;2;19;97;97m▀[0m[38;2;0;0;0m[48;2;13;47;46m▀[0m[38;2;0;0;0m[48;2;0;10;10m▀[0m[38;2;0;0;0m[48;2;0;0;0m▀[0m[38;2;0;0;0m[48;2;10;25;27m▀[0m[38;2;0;0;0m[48;2;0;0;0m▀[0m[38;2;0;0;0m[48;2;0;0;0m▀[0m[38;2;0;0;0m[48;2;3;18;16m▀[0m[38;2;17;48;53m[48;2;41;133;134m▀[0m[38;2;51;175;185m[48;2;12;50;50m▀[0m[38;2;0;0;0m[48;2;7;9;10m▀[0m[38;2;0;0;0m[48;2;33;105;109m▀[0m[38;2;11;68;75m[48;2;0;5;7m▀[0m[38;2;22;91;91m[48;2;15;94;95m▀[0m[38;2;0;0;0m[48;2;0;0;0m▀[0m[38;2;0;0;0m[48;2;80;89;89m▀[0m[38;2;20;51;48m[48;2;124;167;167m▀[0m[38;2;68;114;110m[48;2;131;165;165m▀[0m[38;2;47;89;86m[48;2;182;207;208m▀[0m[38;2;36;81;80m[48;2;161;188;189m▀[0m[38;2;52;103;104m[48;2;136;164;169m▀[0m[38;2;97;148;145m[48;2;92;153;157m▀[0m[38;2;83;208;198m[48;2;247;247;247m▀[0m[38;2;247;0;0m[48;2;247;0;0m▀[0m[38;2;0;0;0m[48;2;0;0;0m▀[0m[38;2;26;140;142m[48;2;247;247;247m▀[0m[38;2;53;83;83m[48;2;213;247;247m▀[0m[38;2;49;67;67m[48;2;203;247;247m▀[0m[38;2;45;70;70m[48;2;194;247;247m▀[0m[38;2;33;56;60m[48;2;181;247;247m▀[0m[38;2;86;121;124m[48;2;150;231;228m▀[0m[38;2;6;19;17m[48;2;133;153;156m▀[0m[38;2;4;8;2m[48;2;70;101;101m▀[0m[38;2;181;247;247m[48;2;22;34;32m▀[0m[38;2;163;242;243m[48;2;71;127;128m▀[0m[38;2;30;57;53m[48;2;78;137;141m▀[0m[38;2;0;0;0m[48;2;0;0;0m▀[0m[38;2;0;0;0m[48;2;14;20;25m▀[0m[38;2;21;54;57m[48;2;147;244;247m▀[0m[38;2;0;0;0m[48;2;0;0;0m▀[0m[38;2;2;22;22m[48;2;0;0;0m▀[0m[38;2;24;70;72m[48;2;32;95;101m▀[0m
[38;2;136;133;136m[48;2;238;247;247m▀[0m[38;2;53;39;45m[48;2;247;247;247m▀[0m[38;2;0;0;0m[48;2;157;168;174m▀[0m[38;2;0;0;0m[48;2;0;0;0m▀[0m[38;2;175;247;247m[48;2;92;179;172m▀[0m[38;2;56;97;90m[48;2;34;64;64m▀[0m[38;2;0;0;0m[48;2;61;100;97m▀[0m[38;2;0;33;37m[48;2;15;15;16m▀[0m[38;2;0;0;0m[48;2;0;0;0m▀[0m[38;2;178;242;239m[48;2;81;119;115m▀[0m[38;2;247;247;247m[48;2;247;247;247m▀[0m[38;2;22;47;44m[48;2;0;0;0m▀[0m[38;2;102;185;184m[48;2;134;206;205m▀[0m[38;2;243;247;247m[48;2;241;247;247m▀[0m[38;2;201;247;247m[48;2;199;247;247m▀[0m[38;2;191;247;247m[48;2;192;247;247m▀[0m[38;2;191;247;247m[48;2;196;247;247m▀[0m[38;2;208;247;247m[48;2;203;247;247m▀[0m[38;2;214;247;247m[48;2;247;247;247m▀[0m[38;2;0;0;0m[48;2;23;80;77m▀[0m[38;2;209;0;0m[48;2;0;0;0m▀[0m[38;2;124;223;226m[48;2;247;247;247m▀[0m[38;2;247;247;247m[48;2;236;247;247m▀[0m[38;2;247;247;247m[48;2;247;247;247m▀[0m[38;2;247;247;247m[48;2;230;247;247m▀[0m[38;2;247;247;247m[48;2;247;247;247m▀[0m[38;2;247;247;247m[48;2;247;247;247m▀[0m[38;2;232;247;247m[48;2;153;175;173m▀[0m[38;2;0;0;0m[48;2;0;0;0m▀[0m[38;2;0;0;0m[48;2;0;35;34m▀[0m[38;2;12;83;87m[48;2;0;33;42m▀[0m[38;2;7;25;26m[48;2;43;51;47m▀[0m[38;2;24;46;49m[48;2;165;199;201m▀[0m[38;2;0;0;0m[48;2;159;194;198m▀[0m[38;2;0;0;0m[48;2;11;8;8m▀[0m[38;2;0;52;49m[48;2;0;0;0m▀[0m[38;2;20;103;100m[48;2;0;0;0m▀[0m[38;2;64;110;113m[48;2;163;221;225m▀[0m[38;2;0;0;0m[48;2;154;181;178m▀[0m[38;2;0;0;0m[48;2;162;199;196m▀[0m[38;2;66;118;119m[48;2;151;195;192m▀[0m[38;2;49;136;136m[48;2;0;0;0m▀[0m[38;2;0;30;29m[48;2;0;0;0m▀[0m[38;2;0;0;0m[48;2;34;34;32m▀[0m[38;2;0;8;11m[48;2;67;102;105m▀[0m[38;2;0;8;15m[48;2;69;83;81m▀[0m[38;2;0;0;0m[48;2;33;116;118m▀[0m[38;2;25;120;122m[48;2;32;97;98m▀[0m[38;2;0;0;0m[48;2;0;0;0m▀[0m[38;2;141;172;172m[48;2;0;0;0m▀[0m[38;2;247;247;247m[48;2;196;236;238m▀[0m[38;2;247;247;247m[48;2;247;247;247m▀[0m[38;2;247;247;247m[48;2;233;247;247m▀[0m[38;2;247;247;247m[48;2;240;247;247m▀[0m[38;2;247;247;247m[48;2;247;247;247m▀[0m[38;2;192;247;247m[48;2;247;247;247m▀[0m[38;2;172;59;59m[48;2;117;119;121m▀[0m[38;2;118;0;0m[48;2;0;0;0m▀[0m[38;2;24;151;153m[48;2;198;247;247m▀[0m[38;2;247;247;247m[48;2;234;247;247m▀[0m[38;2;189;247;247m[48;2;190;247;247m▀[0m[38;2;192;247;247m[48;2;181;247;247m▀[0m[38;2;191;247;247m[48;2;184;247;247m▀[0m[38;2;210;247;247m[48;2;204;247;247m▀[0m[38;2;184;247;247m[48;2;171;245;247m▀[0m[38;2;209;247;247m[48;2;170;222;222m▀[0m[38;2;11;32;32m[48;2;4;15;9m▀[0m[38;2;0;23;20m[48;2;154;221;221m▀[0m[38;2;247;247;247m[48;2;247;247;247m▀[0m[38;2;69;116;114m[48;2;0;0;0m▀[0m[38;2;0;0;0m[48;2;0;0;0m▀[0m[38;2;78;161;168m[48;2;40;121;122m▀[0m[38;2;247;247;247m[48;2;244;247;247m▀[0m[38;2;0;0;0m[48;2;0;0;0m▀[0m[38;2;0;0;0m[48;2;0;0;0m▀[0m[38;2;28;92;95m[48;2;23;63;61m▀[0m
[38;2;192;212;214m[48;2;195;218;225m▀[0m[38;2;198;217;222m[48;2;200;223;229m▀[0m[38;2;247;247;247m[48;2;196;218;222m▀[0m[38;2;167;170;175m[48;2;247;247;247m▀[0m[38;2;0;22;14m[48;2;172;184;188m▀[0m[38;2;0;2;0m[48;2;0;0;0m▀[0m[38;2;124;181;181m[48;2;127;188;190m▀[0m[38;2;103;139;139m[48;2;198;247;247m▀[0m[38;2;0;0;0m[48;2;0;0;0m▀[0m[38;2;0;1;0m[48;2;0;0;0m▀[0m[38;2;247;247;247m[48;2;223;247;247m▀[0m[38;2;0;0;0m[48;2;0;0;0m▀[0m[38;2;123;175;171m[48;2;133;189;188m▀[0m[38;2;247;247;247m[48;2;247;247;247m▀[0m[38;2;194;247;247m[48;2;199;247;247m▀[0m[38;2;194;247;247m[48;2;192;247;247m▀[0m[38;2;198;247;247m[48;2;198;247;247m▀[0m[38;2;216;247;247m[48;2;245;247;247m▀[0m[38;2;247;247;247m[48;2;195;247;247m▀[0m[38;2;0;42;35m[48;2;0;0;0m▀[0m[38;2;0;0;0m[48;2;58;65;68m▀[0m[38;2;247;247;247m[48;2;247;247;247m▀[0m[38;2;216;247;247m[48;2;215;247;247m▀[0m[38;2;215;247;247m[48;2;233;247;247m▀[0m[38;2;244;247;247m[48;2;155;194;192m▀[0m[38;2;206;239;242m[48;2;176;222;220m▀[0m[38;2;147;179;175m[48;2;34;55;58m▀[0m[38;2;0;0;0m[48;2;0;0;0m▀[0m[38;2;0;0;0m[48;2;47;129;128m▀[0m[38;2;0;60;62m[48;2;24;22;20m▀[0m[38;2;5;14;18m[48;2;172;220;227m▀[0m[38;2;4;3;1m[48;2;120;149;155m▀[0m[38;2;195;247;247m[48;2;109;134;132m▀[0m[38;2;177;220;226m[48;2;149;181;177m▀[0m[38;2;241;247;247m[48;2;130;165;172m▀[0m[38;2;170;206;209m[48;2;200;233;236m▀[0m[38;2;0;0;0m[48;2;154;180;180m▀[0m[38;2;0;0;0m[48;2;28;46;47m▀[0m[38;2;44;46;44m[48;2;0;0;0m▀[0m[38;2;38;45;43m[48;2;0;0;0m▀[0m[38;2;0;0;0m[48;2;55;64;62m▀[0m[38;2;106;122;115m[48;2;218;247;247m▀[0m[38;2;134;175;179m[48;2;140;168;174m▀[0m[38;2;243;247;247m[48;2;131;174;178m▀[0m[38;2;225;247;247m[48;2;63;81;82m▀[0m[38;2;93;160;160m[48;2;0;66;79m▀[0m[38;2;28;126;129m[48;2;80;109;111m▀[0m[38;2;12;16;20m[48;2;165;211;216m▀[0m[38;2;18;71;66m[48;2;8;34;34m▀[0m[38;2;0;0;0m[48;2;0;59;55m▀[0m[38;2;0;0;0m[48;2;0;0;0m▀[0m[38;2;204;234;237m[48;2;17;66;66m▀[0m[38;2;247;247;247m[48;2;179;213;217m▀[0m[38;2;234;247;247m[48;2;220;247;247m▀[0m[38;2;224;247;247m[48;2;226;247;247m▀[0m[38;2;247;247;247m[48;2;247;247;247m▀[0m[38;2;169;211;211m[48;2;247;247;247m▀[0m[38;2;0;14;19m[48;2;0;0;0m▀[0m[38;2;247;247;247m[48;2;41;86;82m▀[0m[38;2;230;247;247m[48;2;247;247;247m▀[0m[38;2;203;247;247m[48;2;208;247;247m▀[0m[38;2;190;247;247m[48;2;194;247;247m▀[0m[38;2;187;247;247m[48;2;191;247;247m▀[0m[38;2;204;247;247m[48;2;206;247;247m▀[0m[38;2;175;246;247m[48;2;177;247;247m▀[0m[38;2;161;210;209m[48;2;158;207;206m▀[0m[38;2;27;51;44m[48;2;61;88;84m▀[0m[38;2;245;247;247m[48;2;157;202;205m▀[0m[38;2;89;124;122m[48;2;0;37;35m▀[0m[38;2;0;13;14m[48;2;3;86;89m▀[0m[38;2;0;8;11m[48;2;0;0;0m▀[0m[38;2;0;22;21m[48;2;0;5;0m▀[0m[38;2;195;247;247m[48;2;116;187;183m▀[0m[38;2;0;0;0m[48;2;41;85;85m▀[0m[38;2;0;0;0m[48;2;0;0;0m▀[0m[38;2;0;25;29m[48;2;0;0;0m▀[0m
[38;2;165;188;192m[48;2;85;105;104m▀[0m[38;2;176;197;205m[48;2;61;84;87m▀[0m[38;2;209;230;237m[48;2;80;103;105m▀[0m[38;2;212;236;239m[48;2;152;182;183m▀[0m[38;2;247;247;247m[48;2;201;236;240m▀[0m[38;2;122;114;118m[48;2;245;247;247m▀[0m[38;2;67;131;128m[48;2;87;106;102m▀[0m[38;2;247;247;247m[48;2;190;247;247m▀[0m[38;2;0;0;0m[48;2;36;54;53m▀[0m[38;2;0;0;0m[48;2;0;0;0m▀[0m[38;2;99;158;153m[48;2;12;41;36m▀[0m[38;2;0;0;0m[48;2;11;43;41m▀[0m[38;2;172;228;225m[48;2;210;247;247m▀[0m[38;2;244;247;247m[48;2;236;247;247m▀[0m[38;2;200;247;247m[48;2;203;247;247m▀[0m[38;2;199;247;247m[48;2;203;247;247m▀[0m[38;2;201;247;247m[48;2;206;247;247m▀[0m[38;2;247;247;247m[48;2;247;247;247m▀[0m[38;2;138;190;191m[48;2;92;135;132m▀[0m[38;2;0;0;0m[48;2;0;0;0m▀[0m[38;2;94;119;117m[48;2;132;159;160m▀[0m[38;2;247;247;247m[48;2;247;247;247m▀[0m[38;2;232;247;247m[48;2;234;247;247m▀[0m[38;2;214;247;247m[48;2;235;247;247m▀[0m[38;2;211;245;244m[48;2;247;247;247m▀[0m[38;2;218;247;247m[48;2;111;129;129m▀[0m[38;2;90;171;183m[48;2;22;55;56m▀[0m[38;2;134;220;226m[48;2;84;166;178m▀[0m[38;2;27;50;52m[48;2;0;0;0m▀[0m[38;2;32;28;28m[48;2;0;0;0m▀[0m[38;2;225;247;247m[48;2;161;209;205m▀[0m[38;2;210;247;247m[48;2;161;185;181m▀[0m[38;2;161;195;195m[48;2;139;157;153m▀[0m[38;2;158;201;200m[48;2;126;167;166m▀[0m[38;2;167;216;218m[48;2;101;131;134m▀[0m[38;2;174;228;226m[48;2;37;67;68m▀[0m[38;2;171;211;213m[48;2;117;161;161m▀[0m[38;2;199;237;233m[48;2;93;155;155m▀[0m[38;2;180;236;239m[48;2;154;225;225m▀[0m[38;2;247;247;247m[48;2;183;240;240m▀[0m[38;2;229;247;247m[48;2;108;161;161m▀[0m[38;2;161;202;202m[48;2;79;134;136m▀[0m[38;2;185;247;247m[48;2;74;98;95m▀[0m[38;2;119;147;145m[48;2;40;66;64m▀[0m[38;2;50;62;64m[48;2;170;222;219m▀[0m[38;2;174;214;215m[48;2;126;155;155m▀[0m[38;2;174;217;219m[48;2;122;160;156m▀[0m[38;2;212;247;247m[48;2;187;235;235m▀[0m[38;2;72;100;100m[48;2;35;56;59m▀[0m[38;2;13;28;29m[48;2;0;0;0m▀[0m[38;2;114;247;247m[48;2;85;157;157m▀[0m[38;2;63;193;188m[48;2;8;87;87m▀[0m[38;2;181;215;217m[48;2;138;178;176m▀[0m[38;2;232;247;247m[48;2;247;247;247m▀[0m[38;2;235;247;247m[48;2;232;247;247m▀[0m[38;2;247;247;247m[48;2;247;247;247m▀[0m[38;2;247;247;247m[48;2;247;247;247m▀[0m[38;2;0;0;0m[48;2;0;0;0m▀[0m[38;2;0;0;0m[48;2;0;0;0m▀[0m[38;2;224;247;247m[48;2;178;240;242m▀[0m[38;2;233;247;247m[48;2;247;247;247m▀[0m[38;2;194;247;247m[48;2;200;247;247m▀[0m[38;2;188;247;247m[48;2;195;247;247m▀[0m[38;2;206;247;247m[48;2;209;247;247m▀[0m[38;2;186;247;247m[48;2;194;247;247m▀[0m[38;2;158;203;202m[48;2;163;215;213m▀[0m[38;2;93;132;129m[48;2;109;139;138m▀[0m[38;2;12;32;32m[48;2;0;0;0m▀[0m[38;2;0;57;52m[48;2;9;51;47m▀[0m[38;2;32;52;51m[48;2;162;211;209m▀[0m[38;2;25;42;38m[48;2;20;37;31m▀[0m[38;2;0;5;0m[48;2;0;0;0m▀[0m[38;2;22;65;59m[48;2;0;0;0m▀[0m[38;2;26;61;60m[48;2;105;116;118m▀[0m[38;2;64;62;62m[48;2;247;247;247m▀[0m[38;2;247;247;247m[48;2;238;247;247m▀[0m
[38;2;187;205;212m[48;2;186;208;212m▀[0m[38;2;191;213;219m[48;2;187;206;214m▀[0m[38;2;181;210;212m[48;2;190;216;218m▀[0m[38;2;134;156;160m[48;2;202;228;233m▀[0m[38;2;120;142;148m[48;2;167;194;203m▀[0m[38;2;203;237;242m[48;2;184;216;225m▀[0m[38;2;216;245;247m[48;2;215;247;247m▀[0m[38;2;103;140;136m[48;2;212;247;247m▀[0m[38;2;61;98;92m[48;2;7;20;20m▀[0m[38;2;0;0;0m[48;2;0;0;0m▀[0m[38;2;0;28;32m[48;2;0;39;39m▀[0m[38;2;8;33;31m[48;2;0;34;32m▀[0m[38;2;225;247;247m[48;2;232;247;247m▀[0m[38;2;228;247;247m[48;2;224;247;247m▀[0m[38;2;200;247;247m[48;2;201;247;247m▀[0m[38;2;203;247;247m[48;2;203;247;247m▀[0m[38;2;212;247;247m[48;2;221;247;247m▀[0m[38;2;247;247;247m[48;2;247;247;247m▀[0m[38;2;47;75;73m[48;2;0;23;21m▀[0m[38;2;0;0;0m[48;2;0;0;0m▀[0m[38;2;172;210;214m[48;2;204;247;247m▀[0m[38;2;247;247;247m[48;2;247;247;247m▀[0m[38;2;247;247;247m[48;2;219;247;247m▀[0m[38;2;163;198;198m[48;2;187;226;224m▀[0m[38;2;247;247;247m[48;2;189;217;217m▀[0m[38;2;0;0;0m[48;2;0;0;0m▀[0m[38;2;0;0;0m[48;2;0;45;48m▀[0m[38;2;0;12;16m[48;2;6;63;64m▀[0m[38;2;85;178;178m[48;2;0;0;0m▀[0m[38;2;0;0;0m[48;2;0;0;0m▀[0m[38;2;0;1;0m[48;2;98;247;247m▀[0m[38;2;79;183;184m[48;2;209;247;247m▀[0m[38;2;83;228;237m[48;2;51;247;247m▀[0m[38;2;0;0;0m[48;2;0;0;0m▀[0m[38;2;0;0;0m[48;2;0;0;0m▀[0m[38;2;0;0;0m[48;2;0;0;0m▀[0m[38;2;107;187;183m[48;2;122;247;247m▀[0m[38;2;100;241;241m[48;2;247;160;152m▀[0m[38;2;0;0;0m[48;2;194;38;39m▀[0m[38;2;0;0;0m[48;2;163;103;109m▀[0m[38;2;0;0;0m[48;2;174;156;153m▀[0m[38;2;192;247;247m[48;2;247;247;247m▀[0m[38;2;0;0;0m[48;2;38;93;90m▀[0m[38;2;0;0;0m[48;2;0;0;0m▀[0m[38;2;0;0;0m[48;2;0;0;0m▀[0m[38;2;94;247;247m[48;2;93;247;247m▀[0m[38;2;68;157;161m[48;2;171;247;247m▀[0m[38;2;61;107;109m[48;2;169;247;247m▀[0m[38;2;0;0;0m[48;2;0;43;43m▀[0m[38;2;7;56;50m[48;2;0;0;0m▀[0m[38;2;0;5;3m[48;2;0;12;9m▀[0m[38;2;0;0;0m[48;2;0;67;67m▀[0m[38;2;19;4;4m[48;2;0;0;0m▀[0m[38;2;247;247;247m[48;2;208;247;247m▀[0m[38;2;177;211;214m[48;2;182;208;210m▀[0m[38;2;247;247;247m[48;2;247;247;247m▀[0m[38;2;247;247;247m[48;2;247;247;247m▀[0m[38;2;0;0;0m[48;2;50;64;64m▀[0m[38;2;0;0;0m[48;2;0;0;0m▀[0m[38;2;155;198;199m[48;2;114;159;158m▀[0m[38;2;247;247;247m[48;2;247;247;247m▀[0m[38;2;199;247;247m[48;2;200;247;247m▀[0m[38;2;201;247;247m[48;2;199;247;247m▀[0m[38;2;214;247;247m[48;2;213;247;247m▀[0m[38;2;203;247;247m[48;2;247;247;247m▀[0m[38;2;183;246;243m[48;2;122;160;157m▀[0m[38;2;62;68;64m[48;2;0;0;0m▀[0m[38;2;0;0;0m[48;2;0;0;0m▀[0m[38;2;114;159;160m[48;2;245;247;247m▀[0m[38;2;247;247;247m[48;2;239;247;247m▀[0m[38;2;23;42;40m[48;2;0;0;0m▀[0m[38;2;0;0;0m[48;2;97;95;102m▀[0m[38;2;122;141;142m[48;2;247;247;247m▀[0m[38;2;247;247;247m[48;2;164;195;198m▀[0m[38;2;228;247;247m[48;2;97;116;116m▀[0m[38;2;195;220;226m[48;2;88;103;99m▀[0m
[38;2;179;199;202m[48;2;177;198;202m▀[0m[38;2;178;200;204m[48;2;179;200;204m▀[0m[38;2;183;206;212m[48;2;181;205;209m▀[0m[38;2;180;206;216m[48;2;181;209;214m▀[0m[38;2;188;219;226m[48;2;183;209;216m▀[0m[38;2;189;225;232m[48;2;185;218;222m▀[0m[38;2;194;226;230m[48;2;193;227;229m▀[0m[38;2;247;247;247m[48;2;200;233;236m▀[0m[38;2;160;189;191m[48;2;247;247;247m▀[0m[38;2;0;0;0m[48;2;88;90;91m▀[0m[38;2;0;53;47m[48;2;0;0;0m▀[0m[38;2;0;39;33m[48;2;0;64;62m▀[0m[38;2;247;247;247m[48;2;198;225;226m▀[0m[38;2;239;247;247m[48;2;247;247;247m▀[0m[38;2;209;247;247m[48;2;212;247;247m▀[0m[38;2;205;247;247m[48;2;209;247;247m▀[0m[38;2;235;247;247m[48;2;247;247;247m▀[0m[38;2;247;247;247m[48;2;247;247;247m▀[0m[38;2;0;0;0m[48;2;0;0;0m▀[0m[38;2;0;0;0m[48;2;0;0;0m▀[0m[38;2;247;247;247m[48;2;247;247;247m▀[0m[38;2;247;247;247m[48;2;247;247;247m▀[0m[38;2;223;247;247m[48;2;247;247;247m▀[0m[38;2;187;222;220m[48;2;134;175;170m▀[0m[38;2;66;75;73m[48;2;0;0;0m▀[0m[38;2;0;0;0m[48;2;0;13;14m▀[0m[38;2;25;97;103m[48;2;0;0;0m▀[0m[38;2;0;0;0m[48;2;0;0;0m▀[0m[38;2;0;0;0m[48;2;0;55;52m▀[0m[38;2;0;0;0m[48;2;194;113;112m▀[0m[38;2;138;143;155m[48;2;247;217;218m▀[0m[38;2;69;71;75m[48;2;247;182;180m▀[0m[38;2;22;13;13m[48;2;247;0;0m▀[0m[38;2;57;38;43m[48;2;247;0;0m▀[0m[38;2;24;62;64m[48;2;247;0;0m▀[0m[38;2;0;41;41m[48;2;247;0;0m▀[0m[38;2;0;16;18m[48;2;81;0;0m▀[0m[38;2;41;0;0m[48;2;0;0;0m▀[0m[38;2;114;0;0m[48;2;0;0;0m▀[0m[38;2;104;11;11m[48;2;0;0;0m▀[0m[38;2;95;34;35m[48;2;0;0;0m▀[0m[38;2;0;113;113m[48;2;28;0;0m▀[0m[38;2;0;21;21m[48;2;247;0;0m▀[0m[38;2;24;22;25m[48;2;247;0;0m▀[0m[38;2;139;20;20m[48;2;247;56;52m▀[0m[38;2;30;168;168m[48;2;247;127;119m▀[0m[38;2;83;205;209m[48;2;247;0;0m▀[0m[38;2;128;222;226m[48;2;247;0;0m▀[0m[38;2;19;108;110m[48;2;247;41;38m▀[0m[38;2;0;0;0m[48;2;1;31;31m▀[0m[38;2;0;0;0m[48;2;0;0;0m▀[0m[38;2;7;84;93m[48;2;0;0;0m▀[0m[38;2;0;0;0m[48;2;0;28;32m▀[0m[38;2;101;119;120m[48;2;0;0;0m▀[0m[38;2;170;215;215m[48;2;121;164;164m▀[0m[38;2;232;247;247m[48;2;247;247;247m▀[0m[38;2;247;247;247m[48;2;247;247;247m▀[0m[38;2;98;125;125m[48;2;141;175;175m▀[0m[38;2;0;0;0m[48;2;0;0;0m▀[0m[38;2;78;114;113m[48;2;42;70;68m▀[0m[38;2;247;247;247m[48;2;247;247;247m▀[0m[38;2;206;247;247m[48;2;216;247;247m▀[0m[38;2;206;247;247m[48;2;215;247;247m▀[0m[38;2;218;247;247m[48;2;247;247;247m▀[0m[38;2;247;247;247m[48;2;240;247;247m▀[0m[38;2;40;48;50m[48;2;0;22;23m▀[0m[38;2;0;42;44m[48;2;0;28;31m▀[0m[38;2;52;92;89m[48;2;186;221;221m▀[0m[38;2;247;247;247m[48;2;247;247;247m▀[0m[38;2;180;246;243m[48;2;69;99;95m▀[0m[38;2;9;15;16m[48;2;192;232;237m▀[0m[38;2;247;247;247m[48;2;182;223;227m▀[0m[38;2;163;204;205m[48;2;166;196;200m▀[0m[38;2;106;136;136m[48;2;209;239;243m▀[0m[38;2;174;202;202m[48;2;193;226;229m▀[0m[38;2;196;226;229m[48;2;188;209;213m▀[0m
[38;2;189;212;216m[48;2;147;165;164m▀[0m[38;2;180;203;203m[48;2;194;219;220m▀[0m[38;2;181;204;208m[48;2;180;204;208m▀[0m[38;2;176;205;209m[48;2;192;221;223m▀[0m[38;2;184;208;216m[48;2;178;206;211m▀[0m[38;2;182;217;220m[48;2;179;217;221m▀[0m[38;2;181;222;226m[48;2;183;219;223m▀[0m[38;2;191;225;232m[48;2;188;221;226m▀[0m[38;2;208;244;247m[48;2;195;230;236m▀[0m[38;2;247;247;247m[48;2;220;247;247m▀[0m[38;2;19;18;16m[48;2;229;247;247m▀[0m[38;2;0;0;0m[48;2;0;0;0m▀[0m[38;2;97;137;134m[48;2;0;0;0m▀[0m[38;2;247;247;247m[48;2;247;247;247m▀[0m[38;2;209;247;247m[48;2;224;247;247m▀[0m[38;2;215;247;247m[48;2;221;247;247m▀[0m[38;2;247;247;247m[48;2;247;247;247m▀[0m[38;2;245;247;247m[48;2;208;247;247m▀[0m[38;2;0;0;0m[48;2;0;0;0m▀[0m[38;2;0;0;0m[48;2;8;19;17m▀[0m[38;2;247;247;247m[48;2;247;247;247m▀[0m[38;2;247;247;247m[48;2;232;247;247m▀[0m[38;2;247;247;247m[48;2;247;247;247m▀[0m[38;2;234;247;247m[48;2;247;247;247m▀[0m[38;2;0;0;0m[48;2;0;0;0m▀[0m[38;2;0;0;0m[48;2;0;0;0m▀[0m[38;2;0;0;0m[48;2;225;247;247m▀[0m[38;2;151;205;205m[48;2;247;247;247m▀[0m[38;2;247;247;247m[48;2;247;247;247m▀[0m[38;2;247;247;247m[48;2;228;247;247m▀[0m[38;2;245;247;247m[48;2;221;247;247m▀[0m[38;2;238;247;247m[48;2;215;247;247m▀[0m[38;2;233;247;247m[48;2;214;247;247m▀[0m[38;2;247;12;10m[48;2;216;247;247m▀[0m[38;2;247;0;0m[48;2;247;0;0m▀[0m[38;2;247;0;0m[48;2;247;0;0m▀[0m[38;2;247;0;0m[48;2;247;0;0m▀[0m[38;2;247;0;0m[48;2;247;0;0m▀[0m[38;2;247;0;0m[48;2;247;0;0m▀[0m[38;2;247;0;0m[48;2;247;0;0m▀[0m[38;2;247;0;0m[48;2;247;0;0m▀[0m[38;2;247;0;0m[48;2;247;0;0m▀[0m[38;2;247;0;0m[48;2;247;0;0m▀[0m[38;2;247;0;0m[48;2;247;0;0m▀[0m[38;2;247;0;0m[48;2;247;72;66m▀[0m[38;2;247;73;67m[48;2;195;247;247m▀[0m[38;2;234;247;247m[48;2;208;247;247m▀[0m[38;2;234;247;247m[48;2;212;247;247m▀[0m[38;2;247;215;214m[48;2;224;247;247m▀[0m[38;2;247;247;247m[48;2;247;247;247m▀[0m[38;2;153;201;200m[48;2;247;247;247m▀[0m[38;2;0;0;0m[48;2;247;247;247m▀[0m[38;2;0;0;0m[48;2;0;0;0m▀[0m[38;2;0;0;0m[48;2;0;0;0m▀[0m[38;2;157;187;184m[48;2;221;247;247m▀[0m[38;2;247;247;247m[48;2;247;247;247m▀[0m[38;2;247;247;247m[48;2;247;247;247m▀[0m[38;2;170;215;215m[48;2;202;247;247m▀[0m[38;2;0;0;0m[48;2;0;0;0m▀[0m[38;2;14;32;28m[48;2;0;0;0m▀[0m[38;2;247;247;247m[48;2;247;247;247m▀[0m[38;2;226;247;247m[48;2;239;247;247m▀[0m[38;2;215;247;247m[48;2;232;247;247m▀[0m[38;2;247;247;247m[48;2;247;247;247m▀[0m[38;2;121;136;136m[48;2;0;0;0m▀[0m[38;2;0;0;0m[48;2;0;0;0m▀[0m[38;2;26;62;62m[48;2;179;220;217m▀[0m[38;2;247;247;247m[48;2;183;218;214m▀[0m[38;2;89;123;119m[48;2;97;112;117m▀[0m[38;2;139;162;168m[48;2;227;247;247m▀[0m[38;2;213;247;247m[48;2;188;224;226m▀[0m[38;2;174;205;209m[48;2;192;225;228m▀[0m[38;2;198;229;236m[48;2;182;218;225m▀[0m[38;2;187;215;219m[48;2;184;213;217m▀[0m[38;2;180;209;213m[48;2;182;210;215m▀[0m[38;2;181;207;212m[48;2;181;204;212m▀[0m
[38;2;96;116;114m[48;2;38;56;52m▀[0m[38;2;201;220;224m[48;2;193;207;212m▀[0m[38;2;178;212;211m[48;2;191;220;222m▀[0m[38;2;247;247;247m[48;2;187;222;221m▀[0m[38;2;226;245;247m[48;2;226;247;247m▀[0m[38;2;172;205;210m[48;2;194;225;225m▀[0m[38;2;185;220;224m[48;2;178;214;218m▀[0m[38;2;186;220;224m[48;2;183;221;225m▀[0m[38;2;191;226;227m[48;2;186;221;226m▀[0m[38;2;196;231;233m[48;2;192;231;232m▀[0m[38;2;236;247;247m[48;2;192;237;244m▀[0m[38;2;166;199;204m[48;2;247;247;247m▀[0m[38;2;0;0;0m[48;2;80;109;113m▀[0m[38;2;208;247;247m[48;2;97;128;121m▀[0m[38;2;245;247;247m[48;2;247;247;247m▀[0m[38;2;223;247;247m[48;2;224;247;247m▀[0m[38;2;247;247;247m[48;2;247;247;247m▀[0m[38;2;177;226;225m[48;2;140;185;182m▀[0m[38;2;0;0;0m[48;2;0;0;0m▀[0m[38;2;24;36;37m[48;2;0;2;1m▀[0m[38;2;247;247;247m[48;2;247;247;247m▀[0m[38;2;205;245;242m[48;2;196;236;236m▀[0m[38;2;247;247;247m[48;2;247;247;247m▀[0m[38;2;185;229;226m[48;2;170;214;209m▀[0m[38;2;0;0;0m[48;2;17;71;68m▀[0m[38;2;153;235;237m[48;2;247;247;247m▀[0m[38;2;247;247;247m[48;2;187;36;34m▀[0m[38;2;247;177;158m[48;2;204;0;0m▀[0m[38;2;247;129;104m[48;2;247;37;0m▀[0m[38;2;245;174;170m[48;2;247;43;19m▀[0m[38;2;216;247;247m[48;2;225;216;220m▀[0m[38;2;215;247;247m[48;2;213;247;247m▀[0m[38;2;216;247;247m[48;2;206;247;247m▀[0m[38;2;205;247;247m[48;2;204;247;247m▀[0m[38;2;247;53;52m[48;2;236;195;184m▀[0m[38;2;247;40;35m[48;2;213;247;247m▀[0m[38;2;247;113;108m[48;2;247;100;100m▀[0m[38;2;247;0;0m[48;2;247;0;0m▀[0m[38;2;247;0;0m[48;2;247;0;0m▀[0m[38;2;247;0;0m[48;2;247;0;0m▀[0m[38;2;247;0;0m[48;2;247;0;0m▀[0m[38;2;247;0;0m[48;2;247;0;0m▀[0m[38;2;247;0;0m[48;2;247;0;0m▀[0m[38;2;247;0;0m[48;2;247;60;59m▀[0m[38;2;200;247;247m[48;2;195;247;247m▀[0m[38;2;199;247;247m[48;2;199;247;247m▀[0m[38;2;205;247;247m[48;2;204;247;247m▀[0m[38;2;212;247;247m[48;2;210;247;247m▀[0m[38;2;234;218;226m[48;2;247;95;86m▀[0m[38;2;247;141;120m[48;2;247;35;0m▀[0m[38;2;247;162;147m[48;2;223;32;1m▀[0m[38;2;247;247;247m[48;2;180;20;16m▀[0m[38;2;218;247;247m[48;2;247;247;247m▀[0m[38;2;0;0;0m[48;2;60;121;120m▀[0m[38;2;150;183;184m[48;2;163;205;204m▀[0m[38;2;247;247;247m[48;2;247;247;247m▀[0m[38;2;247;247;247m[48;2;213;247;247m▀[0m[38;2;227;247;247m[48;2;206;247;247m▀[0m[38;2;0;0;0m[48;2;0;0;0m▀[0m[38;2;0;0;0m[48;2;0;0;0m▀[0m[38;2;247;247;247m[48;2;247;247;247m▀[0m[38;2;247;247;247m[48;2;247;247;247m▀[0m[38;2;247;247;247m[48;2;247;247;247m▀[0m[38;2;209;247;247m[48;2;102;151;145m▀[0m[38;2;0;0;0m[48;2;0;0;0m▀[0m[38;2;0;0;0m[48;2;0;0;0m▀[0m[38;2;181;238;230m[48;2;90;129;122m▀[0m[38;2;97;117;119m[48;2;216;247;247m▀[0m[38;2;224;247;247m[48;2;204;245;247m▀[0m[38;2;192;225;231m[48;2;189;222;226m▀[0m[38;2;191;222;226m[48;2;185;219;223m▀[0m[38;2;183;218;222m[48;2;184;218;223m▀[0m[38;2;183;217;224m[48;2;176;211;220m▀[0m[38;2;175;208;213m[48;2;195;230;232m▀[0m[38;2;172;206;211m[48;2;194;222;223m▀[0m[38;2;181;205;211m[48;2;177;201;209m▀[0m
[38;2;8;17;13m[48;2;62;72;74m▀[0m[38;2;150;163;164m[48;2;59;63;60m▀[0m[38;2;213;239;244m[48;2;228;247;247m▀[0m[38;2;174;205;209m[48;2;183;211;216m▀[0m[38;2;182;211;219m[48;2;178;204;215m▀[0m[38;2;211;246;246m[48;2;201;232;231m▀[0m[38;2;175;215;219m[48;2;203;232;231m▀[0m[38;2;184;220;224m[48;2;179;215;221m▀[0m[38;2;185;221;226m[48;2;185;221;225m▀[0m[38;2;183;226;226m[48;2;184;222;227m▀[0m[38;2;190;233;238m[48;2;184;226;235m▀[0m[38;2;195;246;247m[48;2;188;238;244m▀[0m[38;2;224;247;247m[48;2;210;247;247m▀[0m[38;2;53;75;77m[48;2;165;214;222m▀[0m[38;2;199;236;233m[48;2;50;80;76m▀[0m[38;2;247;247;247m[48;2;247;247;247m▀[0m[38;2;247;247;247m[48;2;247;247;247m▀[0m[38;2;118;156;156m[48;2;107;153;153m▀[0m[38;2;0;0;0m[48;2;0;0;0m▀[0m[38;2;0;0;0m[48;2;0;0;0m▀[0m[38;2;183;238;242m[48;2;61;101;103m▀[0m[38;2;189;233;233m[48;2;185;239;244m▀[0m[38;2;247;247;247m[48;2;247;247;247m▀[0m[38;2;159;209;203m[48;2;99;161;161m▀[0m[38;2;168;247;247m[48;2;219;227;233m▀[0m[38;2;242;130;127m[48;2;247;79;57m▀[0m[38;2;123;0;0m[48;2;247;0;0m▀[0m[38;2;247;0;0m[48;2;247;32;14m▀[0m[38;2;247;156;144m[48;2;226;221;220m▀[0m[38;2;242;183;180m[48;2;218;247;247m▀[0m[38;2;214;236;239m[48;2;214;247;247m▀[0m[38;2;206;247;247m[48;2;210;247;247m▀[0m[38;2;235;247;247m[48;2;247;247;247m▀[0m[38;2;247;247;247m[48;2;247;247;247m▀[0m[38;2;210;240;232m[48;2;218;247;247m▀[0m[38;2;208;247;247m[48;2;212;247;247m▀[0m[38;2;213;247;247m[48;2;213;247;247m▀[0m[38;2;247;0;0m[48;2;247;0;0m▀[0m[38;2;247;0;0m[48;2;247;0;0m▀[0m[38;2;247;0;0m[48;2;247;0;0m▀[0m[38;2;247;0;0m[48;2;247;87;83m▀[0m[38;2;212;247;247m[48;2;210;247;247m▀[0m[38;2;236;161;152m[48;2;247;117;112m▀[0m[38;2;215;178;175m[48;2;207;236;232m▀[0m[38;2;223;247;247m[48;2;234;247;247m▀[0m[38;2;247;247;247m[48;2;247;247;247m▀[0m[38;2;215;247;247m[48;2;218;247;247m▀[0m[38;2;201;247;247m[48;2;206;247;247m▀[0m[38;2;237;186;192m[48;2;218;247;247m▀[0m[38;2;247;206;195m[48;2;233;224;229m▀[0m[38;2;209;38;24m[48;2;247;104;97m▀[0m[38;2;175;0;0m[48;2;247;0;0m▀[0m[38;2;247;73;84m[48;2;247;40;26m▀[0m[38;2;169;241;245m[48;2;208;226;225m▀[0m[38;2;168;224;220m[48;2;117;188;189m▀[0m[38;2;247;247;247m[48;2;232;247;247m▀[0m[38;2;215;247;247m[48;2;205;247;247m▀[0m[38;2;178;222;226m[48;2;75;106;106m▀[0m[38;2;0;0;0m[48;2;0;0;0m▀[0m[38;2;0;0;0m[48;2;0;0;0m▀[0m[38;2;247;247;247m[48;2;247;247;247m▀[0m[38;2;247;247;247m[48;2;247;247;247m▀[0m[38;2;247;247;247m[48;2;240;247;247m▀[0m[38;2;0;11;8m[48;2;0;0;0m▀[0m[38;2;0;0;0m[48;2;0;0;0m▀[0m[38;2;0;0;0m[48;2;173;222;226m▀[0m[38;2;213;247;247m[48;2;247;247;247m▀[0m[38;2;224;247;247m[48;2;195;239;247m▀[0m[38;2;192;229;237m[48;2;191;226;236m▀[0m[38;2;186;221;225m[48;2;185;221;221m▀[0m[38;2;185;220;224m[48;2;182;220;224m▀[0m[38;2;174;214;219m[48;2;178;218;222m▀[0m[38;2;197;231;233m[48;2;238;247;247m▀[0m[38;2;247;247;247m[48;2;195;229;232m▀[0m[38;2;196;226;226m[48;2;185;220;222m▀[0m[38;2;179;212;216m[48;2;169;198;200m▀[0m
[38;2;161;178;179m[48;2;220;245;246m▀[0m[38;2;18;22;16m[48;2;45;53;51m▀[0m[38;2;220;247;247m[48;2;174;202;204m▀[0m[38;2;185;213;221m[48;2;197;227;232m▀[0m[38;2;182;208;215m[48;2;185;207;216m▀[0m[38;2;179;214;220m[48;2;183;213;219m▀[0m[38;2;206;235;234m[48;2;176;219;224m▀[0m[38;2;185;220;224m[48;2;182;222;226m▀[0m[38;2;184;217;225m[48;2;183;221;224m▀[0m[38;2;186;222;227m[48;2;186;224;226m▀[0m[38;2;184;226;232m[48;2;186;226;234m▀[0m[38;2;184;233;241m[48;2;184;233;240m▀[0m[38;2;187;239;241m[48;2;190;238;244m▀[0m[38;2;224;247;247m[48;2;193;241;247m▀[0m[38;2;94;140;143m[48;2;215;247;247m▀[0m[38;2;117;153;143m[48;2;49;81;80m▀[0m[38;2;247;247;247m[48;2;247;247;247m▀[0m[38;2;132;179;179m[48;2;219;247;247m▀[0m[38;2;0;0;0m[48;2;0;0;0m▀[0m[38;2;0;0;0m[48;2;0;0;0m▀[0m[38;2;0;3;4m[48;2;17;24;23m▀[0m[38;2;136;196;200m[48;2;138;195;196m▀[0m[38;2;247;247;247m[48;2;203;247;247m▀[0m[38;2;97;153;153m[48;2;108;153;144m▀[0m[38;2;247;247;247m[48;2;247;247;247m▀[0m[38;2;247;77;64m[48;2;235;205;216m▀[0m[38;2;247;0;0m[48;2;247;22;19m▀[0m[38;2;240;160;146m[48;2;220;247;247m▀[0m[38;2;226;186;185m[48;2;220;247;247m▀[0m[38;2;213;247;247m[48;2;219;247;247m▀[0m[38;2;214;247;247m[48;2;220;247;247m▀[0m[38;2;215;247;247m[48;2;221;247;245m▀[0m[38;2;214;247;246m[48;2;221;247;247m▀[0m[38;2;218;247;246m[48;2;221;247;247m▀[0m[38;2;225;247;247m[48;2;220;247;247m▀[0m[38;2;216;247;247m[48;2;221;247;247m▀[0m[38;2;219;247;247m[48;2;223;247;247m▀[0m[38;2;247;65;60m[48;2;247;35;29m▀[0m[38;2;247;0;0m[48;2;247;0;0m▀[0m[38;2;247;0;0m[48;2;247;0;0m▀[0m[38;2;223;247;247m[48;2;223;247;247m▀[0m[38;2;214;247;247m[48;2;224;247;247m▀[0m[38;2;247;146;135m[48;2;247;143;137m▀[0m[38;2;221;243;239m[48;2;223;240;237m▀[0m[38;2;216;247;247m[48;2;221;247;247m▀[0m[38;2;213;247;247m[48;2;220;247;247m▀[0m[38;2;213;247;247m[48;2;219;247;245m▀[0m[38;2;215;247;247m[48;2;218;247;247m▀[0m[38;2;209;247;247m[48;2;216;247;247m▀[0m[38;2;226;200;202m[48;2;218;247;247m▀[0m[38;2;237;176;170m[48;2;214;247;247m▀[0m[38;2;247;0;0m[48;2;247;83;80m▀[0m[38;2;247;48;32m[48;2;247;150;144m▀[0m[38;2;247;247;247m[48;2;247;247;247m▀[0m[38;2;131;189;188m[48;2;154;199;197m▀[0m[38;2;184;247;247m[48;2;144;200;200m▀[0m[38;2;176;247;247m[48;2;166;225;224m▀[0m[38;2;32;54;52m[48;2;4;10;10m▀[0m[38;2;0;0;0m[48;2;0;0;0m▀[0m[38;2;0;0;0m[48;2;0;0;0m▀[0m[38;2;247;247;247m[48;2;247;247;247m▀[0m[38;2;247;247;247m[48;2;247;247;247m▀[0m[38;2;138;175;172m[48;2;0;3;0m▀[0m[38;2;0;0;0m[48;2;0;0;0m▀[0m[38;2;86;114;119m[48;2;247;247;247m▀[0m[38;2;247;247;247m[48;2;208;247;247m▀[0m[38;2;199;247;247m[48;2;194;241;247m▀[0m[38;2;190;237;245m[48;2;184;229;237m▀[0m[38;2;184;223;229m[48;2;185;223;229m▀[0m[38;2;186;222;222m[48;2;181;222;220m▀[0m[38;2;178;218;219m[48;2;190;224;226m▀[0m[38;2;198;228;229m[48;2;205;234;234m▀[0m[38;2;209;233;237m[48;2;177;212;218m▀[0m[38;2;180;210;214m[48;2;194;220;224m▀[0m[38;2;209;242;247m[48;2;221;247;247m▀[0m[38;2;97;110;117m[48;2;13;20;23m▀[0m
[38;2;219;247;247m[48;2;196;222;222m▀[0m[38;2;96;103;102m[48;2;165;180;185m▀[0m[38;2;103;123;124m[48;2;40;50;44m▀[0m[38;2;215;245;247m[48;2;210;241;247m▀[0m[38;2;183;207;213m[48;2;185;214;216m▀[0m[38;2;183;213;219m[48;2;182;211;221m▀[0m[38;2;179;219;224m[48;2;183;216;223m▀[0m[38;2;182;222;226m[48;2;185;220;226m▀[0m[38;2;184;222;225m[48;2;185;221;225m▀[0m[38;2;187;223;226m[48;2;186;222;224m▀[0m[38;2;186;226;232m[48;2;185;226;233m▀[0m[38;2;186;231;242m[48;2;186;231;242m▀[0m[38;2;185;232;241m[48;2;187;232;239m▀[0m[38;2;188;236;240m[48;2;191;237;240m▀[0m[38;2;215;247;247m[48;2;189;238;245m▀[0m[38;2;163;212;220m[48;2;232;247;247m▀[0m[38;2;109;139;135m[48;2;99;131;139m▀[0m[38;2;247;247;247m[48;2;234;247;247m▀[0m[38;2;0;0;0m[48;2;27;35;33m▀[0m[38;2;0;0;0m[48;2;0;0;0m▀[0m[38;2;0;0;0m[48;2;0;0;0m▀[0m[38;2;143;205;209m[48;2;165;222;230m▀[0m[38;2;183;236;247m[48;2;244;247;247m▀[0m[38;2;111;146;142m[48;2;93;124;123m▀[0m[38;2;247;247;247m[48;2;245;247;247m▀[0m[38;2;224;247;247m[48;2;235;247;247m▀[0m[38;2;247;87;83m[48;2;247;79;72m▀[0m[38;2;218;247;247m[48;2;226;243;239m▀[0m[38;2;218;247;247m[48;2;221;247;247m▀[0m[38;2;221;247;247m[48;2;227;247;247m▀[0m[38;2;223;247;247m[48;2;229;247;247m▀[0m[38;2;225;247;247m[48;2;225;247;247m▀[0m[38;2;227;247;247m[48;2;243;247;247m▀[0m[38;2;221;247;247m[48;2;247;247;247m▀[0m[38;2;233;247;247m[48;2;216;246;243m▀[0m[38;2;243;247;247m[48;2;166;219;219m▀[0m[38;2;245;189;184m[48;2;247;103;97m▀[0m[38;2;247;0;0m[48;2;247;159;149m▀[0m[38;2;229;194;191m[48;2;220;247;247m▀[0m[38;2;247;0;0m[48;2;247;0;0m▀[0m[38;2;238;163;154m[48;2;224;247;247m▀[0m[38;2;223;247;247m[48;2;218;247;247m▀[0m[38;2;247;127;118m[48;2;247;0;0m▀[0m[38;2;228;222;218m[48;2;247;65;62m▀[0m[38;2;220;247;247m[48;2;247;247;247m▀[0m[38;2;220;247;247m[48;2;247;247;247m▀[0m[38;2;220;247;247m[48;2;229;247;247m▀[0m[38;2;219;247;247m[48;2;226;247;247m▀[0m[38;2;218;247;247m[48;2;226;247;247m▀[0m[38;2;218;247;247m[48;2;224;247;247m▀[0m[38;2;218;247;247m[48;2;223;247;247m▀[0m[38;2;247;107;104m[48;2;247;53;46m▀[0m[38;2;221;235;237m[48;2;235;247;247m▀[0m[38;2;247;247;247m[48;2;238;247;247m▀[0m[38;2;144;189;186m[48;2;113;155;155m▀[0m[38;2;113;168;169m[48;2;160;218;226m▀[0m[38;2;173;226;226m[48;2;176;225;228m▀[0m[38;2;0;0;0m[48;2;0;0;0m▀[0m[38;2;0;0;0m[48;2;0;0;0m▀[0m[38;2;0;0;0m[48;2;47;70;69m▀[0m[38;2;247;247;247m[48;2;247;247;247m▀[0m[38;2;247;247;247m[48;2;165;201;195m▀[0m[38;2;0;0;0m[48;2;63;92;97m▀[0m[38;2;165;215;222m[48;2;247;247;247m▀[0m[38;2;233;247;247m[48;2;195;241;247m▀[0m[38;2;194;243;247m[48;2;193;237;247m▀[0m[38;2;190;235;242m[48;2;187;233;236m▀[0m[38;2;184;227;233m[48;2;187;227;233m▀[0m[38;2;186;220;228m[48;2;186;219;223m▀[0m[38;2;182;218;221m[48;2;196;225;228m▀[0m[38;2;214;237;239m[48;2;202;233;234m▀[0m[38;2;188;219;224m[48;2;175;212;223m▀[0m[38;2;183;212;221m[48;2;186;212;224m▀[0m[38;2;197;226;227m[48;2;212;241;245m▀[0m[38;2;216;247;247m[48;2;165;192;194m▀[0m[38;2;0;0;0m[48;2;62;65;63m▀[0m
[38;2;184;199;199m[48;2;183;192;191m▀[0m[38;2;210;234;241m[48;2;211;235;239m▀[0m[38;2;40;48;46m[48;2;100;118;121m▀[0m[38;2;161;186;187m[48;2;85;100;97m▀[0m[38;2;202;231;236m[48;2;218;247;247m▀[0m[38;2;185;211;222m[48;2;184;210;221m▀[0m[38;2;182;216;223m[48;2;182;215;224m▀[0m[38;2;184;219;225m[48;2;182;218;224m▀[0m[38;2;182;220;224m[48;2;183;219;225m▀[0m[38;2;187;222;226m[48;2;187;221;226m▀[0m[38;2;185;224;230m[48;2;186;226;229m▀[0m[38;2;184;229;237m[48;2;185;229;236m▀[0m[38;2;185;232;239m[48;2;185;232;239m▀[0m[38;2;186;233;238m[48;2;186;233;238m▀[0m[38;2;188;238;244m[48;2;186;236;242m▀[0m[38;2;205;247;247m[48;2;187;239;247m▀[0m[38;2;201;247;247m[48;2;233;247;247m▀[0m[38;2;144;174;173m[48;2;179;229;237m▀[0m[38;2;84;104;102m[48;2;38;61;51m▀[0m[38;2;0;0;0m[48;2;0;0;0m▀[0m[38;2;0;0;0m[48;2;0;0;0m▀[0m[38;2;153;200;205m[48;2;110;150;154m▀[0m[38;2;247;247;247m[48;2;247;247;247m▀[0m[38;2;117;162;171m[48;2;241;247;247m▀[0m[38;2;136;172;165m[48;2;47;88;89m▀[0m[38;2;247;247;247m[48;2;163;208;207m▀[0m[38;2;247;167;160m[48;2;247;247;247m▀[0m[38;2;247;162;161m[48;2;247;87;80m▀[0m[38;2;239;247;247m[48;2;247;247;247m▀[0m[38;2;244;247;247m[48;2;247;247;247m▀[0m[38;2;247;247;247m[48;2;215;240;237m▀[0m[38;2;247;247;247m[48;2;65;74;74m▀[0m[38;2;234;247;247m[48;2;31;44;44m▀[0m[38;2;129;149;149m[48;2;167;176;179m▀[0m[38;2;105;124;127m[48;2;247;247;247m▀[0m[38;2;188;210;214m[48;2;226;247;247m▀[0m[38;2;241;247;247m[48;2;170;216;215m▀[0m[38;2;221;247;247m[48;2;227;247;247m▀[0m[38;2;224;247;247m[48;2;225;247;247m▀[0m[38;2;247;13;11m[48;2;247;65;59m▀[0m[38;2;225;247;247m[48;2;228;247;247m▀[0m[38;2;223;247;247m[48;2;200;247;247m▀[0m[38;2;239;246;246m[48;2;188;247;247m▀[0m[38;2;247;91;92m[48;2;247;247;247m▀[0m[38;2;133;153;156m[48;2;203;234;234m▀[0m[38;2;202;228;228m[48;2;84;108;112m▀[0m[38;2;247;247;247m[48;2;38;54;54m▀[0m[38;2;247;247;247m[48;2;170;193;193m▀[0m[38;2;244;247;247m[48;2;247;247;247m▀[0m[38;2;241;247;247m[48;2;247;247;247m▀[0m[38;2;247;223;219m[48;2;247;48;39m▀[0m[38;2;247;58;54m[48;2;247;247;247m▀[0m[38;2;247;247;247m[48;2;152;220;213m▀[0m[38;2;145;179;173m[48;2;94;142;145m▀[0m[38;2;135;188;194m[48;2;247;247;247m▀[0m[38;2;233;247;247m[48;2;247;247;247m▀[0m[38;2;140;176;182m[48;2;96;119;123m▀[0m[38;2;0;0;0m[48;2;0;0;0m▀[0m[38;2;0;0;0m[48;2;0;0;0m▀[0m[38;2;129;162;161m[48;2;235;247;247m▀[0m[38;2;247;247;247m[48;2;189;216;211m▀[0m[38;2;68;87;86m[48;2;119;161;169m▀[0m[38;2;194;247;247m[48;2;225;247;247m▀[0m[38;2;205;247;247m[48;2;190;238;247m▀[0m[38;2;192;241;247m[48;2;189;238;242m▀[0m[38;2;185;233;240m[48;2;187;231;238m▀[0m[38;2;185;230;235m[48;2;186;230;235m▀[0m[38;2;185;227;233m[48;2;187;226;232m▀[0m[38;2;186;222;227m[48;2;186;221;226m▀[0m[38;2;193;226;226m[48;2;184;222;220m▀[0m[38;2;182;220;226m[48;2;183;219;225m▀[0m[38;2;182;215;226m[48;2;184;216;226m▀[0m[38;2;183;209;219m[48;2;191;220;226m▀[0m[38;2;223;247;247m[48;2;194;224;229m▀[0m[38;2;87;98;101m[48;2;47;54;54m▀[0m[38;2;134;148;148m[48;2;199;226;227m▀[0m
[38;2;184;190;194m[48;2;178;190;194m▀[0m[38;2;191;214;217m[48;2;176;199;205m▀[0m[38;2;169;199;204m[48;2;206;236;241m▀[0m[38;2;47;57;51m[48;2;65;79;75m▀[0m[38;2;208;236;240m[48;2;165;187;191m▀[0m[38;2;189;212;224m[48;2;201;229;234m▀[0m[38;2;182;216;225m[48;2;181;215;226m▀[0m[38;2;183;219;225m[48;2;184;219;225m▀[0m[38;2;184;220;226m[48;2;184;219;226m▀[0m[38;2;187;221;226m[48;2;187;221;226m▀[0m[38;2;188;224;229m[48;2;188;223;229m▀[0m[38;2;186;228;234m[48;2;188;228;233m▀[0m[38;2;187;232;237m[48;2;187;231;236m▀[0m[38;2;188;232;237m[48;2;189;232;237m▀[0m[38;2;185;233;239m[48;2;188;233;240m▀[0m[38;2;188;237;247m[48;2;188;236;244m▀[0m[38;2;204;247;247m[48;2;197;245;247m▀[0m[38;2;247;247;247m[48;2;247;247;247m▀[0m[38;2;37;55;52m[48;2;197;247;247m▀[0m[38;2;0;0;0m[48;2;0;0;0m▀[0m[38;2;0;0;0m[48;2;0;0;0m▀[0m[38;2;64;78;82m[48;2;37;75;75m▀[0m[38;2;247;247;247m[48;2;247;247;247m▀[0m[38;2;247;247;247m[48;2;247;247;247m▀[0m[38;2;194;247;247m[48;2;247;247;247m▀[0m[38;2;0;0;0m[48;2;0;2;2m▀[0m[38;2;0;49;49m[48;2;0;0;0m▀[0m[38;2;201;18;14m[48;2;0;0;0m▀[0m[38;2;170;0;0m[48;2;0;0;0m▀[0m[38;2;0;0;0m[48;2;73;101;99m▀[0m[38;2;0;0;0m[48;2;247;247;247m▀[0m[38;2;82;101;97m[48;2;247;247;247m▀[0m[38;2;247;247;247m[48;2;247;247;247m▀[0m[38;2;247;247;247m[48;2;170;216;212m▀[0m[38;2;235;247;247m[48;2;185;222;218m▀[0m[38;2;188;219;216m[48;2;247;247;247m▀[0m[38;2;213;247;246m[48;2;230;247;247m▀[0m[38;2;229;247;247m[48;2;225;247;247m▀[0m[38;2;227;247;247m[48;2;227;247;247m▀[0m[38;2;247;90;85m[48;2;247;22;17m▀[0m[38;2;221;247;247m[48;2;220;247;247m▀[0m[38;2;224;247;247m[48;2;226;247;247m▀[0m[38;2;213;247;247m[48;2;247;247;247m▀[0m[38;2;161;197;196m[48;2;184;216;215m▀[0m[38;2;247;247;247m[48;2;127;172;167m▀[0m[38;2;247;247;247m[48;2;247;247;247m▀[0m[38;2;161;179;180m[48;2;247;247;247m▀[0m[38;2;0;0;0m[48;2;247;247;247m▀[0m[38;2;0;0;0m[48;2;76;104;108m▀[0m[38;2;247;0;0m[48;2;0;0;0m▀[0m[38;2;153;0;0m[48;2;0;0;0m▀[0m[38;2;0;71;71m[48;2;0;0;0m▀[0m[38;2;0;0;0m[48;2;0;0;0m▀[0m[38;2;201;247;247m[48;2;247;247;247m▀[0m[38;2;247;247;247m[48;2;247;247;247m▀[0m[38;2;247;247;247m[48;2;247;247;247m▀[0m[38;2;44;61;62m[48;2;0;0;0m▀[0m[38;2;0;0;0m[48;2;0;0;0m▀[0m[38;2;0;0;0m[48;2;0;0;0m▀[0m[38;2;233;247;247m[48;2;135;160;156m▀[0m[38;2;104;133;135m[48;2;179;227;234m▀[0m[38;2;218;247;247m[48;2;219;247;247m▀[0m[38;2;192;242;247m[48;2;190;238;244m▀[0m[38;2;190;240;244m[48;2;188;237;239m▀[0m[38;2;187;234;238m[48;2;187;234;238m▀[0m[38;2;186;231;238m[48;2;186;231;236m▀[0m[38;2;186;229;237m[48;2;184;228;240m▀[0m[38;2;187;225;231m[48;2;184;225;230m▀[0m[38;2;185;221;226m[48;2;185;220;222m▀[0m[38;2;184;220;226m[48;2;184;220;226m▀[0m[38;2;183;221;228m[48;2;185;221;228m▀[0m[38;2;187;213;223m[48;2;189;212;222m▀[0m[38;2;211;242;247m[48;2;213;246;247m▀[0m[38;2;123;147;151m[48;2;65;74;77m▀[0m[38;2;82;99;97m[48;2;155;181;181m▀[0m[38;2;218;247;247m[48;2;204;222;226m▀[0m
[38;2;180;187;191m[48;2;182;185;191m▀[0m[38;2;178;195;200m[48;2;181;193;199m▀[0m[38;2;206;235;243m[48;2;194;223;221m▀[0m[38;2;112;129;130m[48;2;163;183;188m▀[0m[38;2;114;128;126m[48;2;71;80;79m▀[0m[38;2;214;245;247m[48;2;209;242;245m▀[0m[38;2;179;213;224m[48;2;182;215;223m▀[0m[38;2;187;221;223m[48;2;186;221;225m▀[0m[38;2;182;220;226m[48;2;184;220;226m▀[0m[38;2;184;222;226m[48;2;185;221;226m▀[0m[38;2;188;223;228m[48;2;187;223;226m▀[0m[38;2;185;226;239m[48;2;185;226;235m▀[0m[38;2;187;230;236m[48;2;186;229;237m▀[0m[38;2;189;232;237m[48;2;187;232;237m▀[0m[38;2;189;233;240m[48;2;190;233;239m▀[0m[38;2;191;234;240m[48;2;190;234;241m▀[0m[38;2;194;240;244m[48;2;193;238;242m▀[0m[38;2;209;247;247m[48;2;202;247;247m▀[0m[38;2;247;247;247m[48;2;247;247;247m▀[0m[38;2;37;39;39m[48;2;193;237;246m▀[0m[38;2;0;0;0m[48;2;0;0;0m▀[0m[38;2;20;107;104m[48;2;0;0;0m▀[0m[38;2;26;31;35m[48;2;0;0;0m▀[0m[38;2;76;99;106m[48;2;0;0;0m▀[0m[38;2;108;142;147m[48;2;0;0;0m▀[0m[38;2;24;20;17m[48;2;0;0;0m▀[0m[38;2;0;0;0m[48;2;0;0;0m▀[0m[38;2;0;0;0m[48;2;32;73;77m▀[0m[38;2;196;242;241m[48;2;241;247;247m▀[0m[38;2;247;247;247m[48;2;247;247;247m▀[0m[38;2;247;247;247m[48;2;244;247;247m▀[0m[38;2;244;247;247m[48;2;247;247;247m▀[0m[38;2;209;244;243m[48;2;243;247;247m▀[0m[38;2;132;185;181m[48;2;149;178;174m▀[0m[38;2;245;247;247m[48;2;212;241;240m▀[0m[38;2;239;247;247m[48;2;203;227;231m▀[0m[38;2;223;247;247m[48;2;154;197;206m▀[0m[38;2;230;247;247m[48;2;158;195;196m▀[0m[38;2;247;108;106m[48;2;247;0;0m▀[0m[38;2;247;0;0m[48;2;247;0;0m▀[0m[38;2;232;247;247m[48;2;176;247;247m▀[0m[38;2;234;247;247m[48;2;198;239;244m▀[0m[38;2;240;247;247m[48;2;183;218;221m▀[0m[38;2;247;247;247m[48;2;201;226;229m▀[0m[38;2;155;186;181m[48;2;197;220;218m▀[0m[38;2;204;229;227m[48;2;239;247;247m▀[0m[38;2;247;247;247m[48;2;243;247;247m▀[0m[38;2;247;247;247m[48;2;244;247;247m▀[0m[38;2;247;247;247m[48;2;247;247;247m▀[0m[38;2;154;210;213m[48;2;210;246;247m▀[0m[38;2;0;0;0m[48;2;63;88;85m▀[0m[38;2;0;0;0m[48;2;0;0;0m▀[0m[38;2;27;60;66m[48;2;0;0;9m▀[0m[38;2;164;237;247m[48;2;13;129;143m▀[0m[38;2;91;117;122m[48;2;0;0;0m▀[0m[38;2;26;36;39m[48;2;0;0;0m▀[0m[38;2;0;52;53m[48;2;2;41;48m▀[0m[38;2;0;0;0m[48;2;0;0;0m▀[0m[38;2;0;0;0m[48;2;0;0;0m▀[0m[38;2;130;169;177m[48;2;247;247;247m▀[0m[38;2;247;247;247m[48;2;219;247;247m▀[0m[38;2;195;241;247m[48;2;192;239;247m▀[0m[38;2;193;236;241m[48;2;190;235;240m▀[0m[38;2;188;235;239m[48;2;187;235;239m▀[0m[38;2;187;234;239m[48;2;186;233;238m▀[0m[38;2;186;231;238m[48;2;184;231;238m▀[0m[38;2;184;228;236m[48;2;183;227;235m▀[0m[38;2;185;223;229m[48;2;184;222;228m▀[0m[38;2;186;220;222m[48;2;185;220;224m▀[0m[38;2;181;219;225m[48;2;180;223;224m▀[0m[38;2;183;219;226m[48;2;181;217;224m▀[0m[38;2;196;226;234m[48;2;207;243;247m▀[0m[38;2;178;207;211m[48;2;119;144;145m▀[0m[38;2;60;66;67m[48;2;103;118;122m▀[0m[38;2;200;230;231m[48;2;203;237;241m▀[0m[38;2;187;201;207m[48;2;181;194;198m▀[0m
[38;2;182;185;189m[48;2;182;186;190m▀[0m[38;2;183;196;196m[48;2;180;192;195m▀[0m[38;2;187;206;210m[48;2;181;197;206m▀[0m[38;2;196;221;227m[48;2;208;234;241m▀[0m[38;2;64;72;72m[48;2;89;99;101m▀[0m[38;2;193;215;221m[48;2;155;177;181m▀[0m[38;2;190;224;232m[48;2;196;235;247m▀[0m[38;2;185;220;226m[48;2;185;217;225m▀[0m[38;2;182;220;224m[48;2;183;219;225m▀[0m[38;2;183;223;225m[48;2;184;222;225m▀[0m[38;2;188;223;228m[48;2;186;222;228m▀[0m[38;2;184;226;235m[48;2;189;226;234m▀[0m[38;2;185;228;236m[48;2;191;228;235m▀[0m[38;2;188;231;235m[48;2;185;230;235m▀[0m[38;2;189;233;238m[48;2;189;233;237m▀[0m[38;2;191;234;240m[48;2;192;234;240m▀[0m[38;2;192;235;240m[48;2;191;235;240m▀[0m[38;2;195;243;247m[48;2;193;238;247m▀[0m[38;2;213;247;247m[48;2;205;247;247m▀[0m[38;2;247;247;247m[48;2;247;247;247m▀[0m[38;2;31;28;32m[48;2;196;231;239m▀[0m[38;2;0;0;0m[48;2;0;0;0m▀[0m[38;2;0;18;20m[48;2;122;247;247m▀[0m[38;2;0;0;0m[48;2;63;235;239m▀[0m[38;2;0;0;0m[48;2;30;143;144m▀[0m[38;2;0;0;0m[48;2;0;20;21m▀[0m[38;2;0;0;0m[48;2;22;20;18m▀[0m[38;2;247;247;247m[48;2;247;247;247m▀[0m[38;2;163;205;202m[48;2;247;247;247m▀[0m[38;2;194;221;217m[48;2;206;237;234m▀[0m[38;2;247;247;247m[48;2;247;247;247m▀[0m[38;2;247;247;247m[48;2;168;195;191m▀[0m[38;2;128;141;139m[48;2;106;126;125m▀[0m[38;2;102;122;121m[48;2;247;247;247m▀[0m[38;2;227;247;246m[48;2;244;247;247m▀[0m[38;2;225;247;247m[48;2;233;247;247m▀[0m[38;2;232;247;247m[48;2;229;247;247m▀[0m[38;2;223;247;247m[48;2;224;247;247m▀[0m[38;2;228;247;247m[48;2;229;247;247m▀[0m[38;2;247;39;32m[48;2;247;69;63m▀[0m[38;2;208;247;247m[48;2;224;247;247m▀[0m[38;2;218;247;247m[48;2;227;247;247m▀[0m[38;2;218;247;247m[48;2;230;247;247m▀[0m[38;2;191;214;218m[48;2;247;247;247m▀[0m[38;2;112;140;142m[48;2;198;229;224m▀[0m[38;2;178;200;203m[48;2;163;190;190m▀[0m[38;2;247;247;247m[48;2;247;247;247m▀[0m[38;2;247;247;247m[48;2;240;247;247m▀[0m[38;2;153;181;179m[48;2;187;218;213m▀[0m[38;2;192;223;223m[48;2;247;247;247m▀[0m[38;2;247;247;247m[48;2;247;247;247m▀[0m[38;2;0;0;0m[48;2;12;18;15m▀[0m[38;2;0;0;0m[48;2;103;153;161m▀[0m[38;2;0;0;0m[48;2;227;247;247m▀[0m[38;2;59;69;65m[48;2;193;247;247m▀[0m[38;2;35;75;76m[48;2;136;183;183m▀[0m[38;2;0;0;0m[48;2;0;0;0m▀[0m[38;2;0;0;0m[48;2;0;7;7m▀[0m[38;2;152;201;211m[48;2;247;247;247m▀[0m[38;2;247;247;247m[48;2;223;247;247m▀[0m[38;2;200;245;247m[48;2;199;243;247m▀[0m[38;2;191;235;245m[48;2;188;233;241m▀[0m[38;2;190;235;240m[48;2;190;235;240m▀[0m[38;2;189;234;239m[48;2;190;234;239m▀[0m[38;2;185;233;239m[48;2;187;232;237m▀[0m[38;2;183;231;237m[48;2;186;230;238m▀[0m[38;2;182;226;235m[48;2;183;226;235m▀[0m[38;2;183;221;228m[48;2;186;220;227m▀[0m[38;2;184;220;224m[48;2;182;220;224m▀[0m[38;2;180;225;227m[48;2;178;223;226m▀[0m[38;2;186;216;225m[48;2;191;223;231m▀[0m[38;2;215;246;247m[48;2;193;220;229m▀[0m[38;2;76;90;87m[48;2;55;68;66m▀[0m[38;2;155;181;185m[48;2;197;221;230m▀[0m[38;2;196;218;226m[48;2;181;195;199m▀[0m[38;2;186;197;201m[48;2;197;221;221m▀[0m
[38;2;180;185;194m[48;2;179;185;193m▀[0m[38;2;179;191;194m[48;2;179;191;194m▀[0m[38;2;184;192;195m[48;2;184;192;194m▀[0m[38;2;207;229;236m[48;2;199;222;226m▀[0m[38;2;120;138;139m[48;2;151;172;177m▀[0m[38;2;120;134;132m[48;2;91;98;98m▀[0m[38;2;206;244;247m[48;2;210;244;247m▀[0m[38;2;178;218;223m[48;2;175;218;223m▀[0m[38;2;181;219;223m[48;2;182;218;222m▀[0m[38;2;185;221;225m[48;2;183;219;225m▀[0m[38;2;186;221;227m[48;2;187;221;226m▀[0m[38;2;187;225;235m[48;2;179;224;233m▀[0m[38;2;212;237;238m[48;2;197;230;241m▀[0m[38;2;187;231;235m[48;2;221;241;239m▀[0m[38;2;190;232;236m[48;2;182;232;238m▀[0m[38;2;191;234;239m[48;2;192;234;240m▀[0m[38;2;192;236;241m[48;2;193;235;241m▀[0m[38;2;194;237;245m[48;2;194;237;245m▀[0m[38;2;203;247;247m[48;2;200;245;247m▀[0m[38;2;219;247;247m[48;2;208;247;247m▀[0m[38;2;247;247;247m[48;2;247;247;247m▀[0m[38;2;39;35;38m[48;2;202;237;243m▀[0m[38;2;0;19;23m[48;2;0;0;0m▀[0m[38;2;2;10;12m[48;2;0;60;61m▀[0m[38;2;0;0;0m[48;2;12;49;45m▀[0m[38;2;0;0;0m[48;2;0;0;0m▀[0m[38;2;40;49;49m[48;2;0;0;0m▀[0m[38;2;247;247;247m[48;2;247;247;247m▀[0m[38;2;232;247;247m[48;2;208;242;245m▀[0m[38;2;247;247;247m[48;2;247;247;247m▀[0m[38;2;233;247;247m[48;2;212;237;235m▀[0m[38;2;169;209;206m[48;2;103;129;127m▀[0m[38;2;241;247;247m[48;2;247;247;247m▀[0m[38;2;240;247;247m[48;2;247;247;247m▀[0m[38;2;229;247;247m[48;2;247;247;247m▀[0m[38;2;229;247;247m[48;2;238;247;247m▀[0m[38;2;232;247;247m[48;2;228;247;247m▀[0m[38;2;234;247;247m[48;2;210;247;247m▀[0m[38;2;234;247;247m[48;2;231;223;220m▀[0m[38;2;247;89;86m[48;2;247;13;4m▀[0m[38;2;223;247;247m[48;2;224;247;247m▀[0m[38;2;226;247;247m[48;2;224;247;247m▀[0m[38;2;229;247;247m[48;2;236;247;247m▀[0m[38;2;228;247;247m[48;2;247;247;247m▀[0m[38;2;247;247;247m[48;2;247;247;247m▀[0m[38;2;236;247;247m[48;2;171;194;192m▀[0m[38;2;207;233;233m[48;2;64;91;88m▀[0m[38;2;247;247;247m[48;2;247;247;247m▀[0m[38;2;247;247;247m[48;2;226;247;247m▀[0m[38;2;217;246;245m[48;2;199;230;237m▀[0m[38;2;218;247;247m[48;2;228;247;247m▀[0m[38;2;4;19;20m[48;2;18;41;44m▀[0m[38;2;120;169;181m[48;2;173;232;236m▀[0m[38;2;184;222;231m[48;2;146;180;183m▀[0m[38;2;209;247;247m[48;2;194;247;247m▀[0m[38;2;68;93;98m[48;2;112;164;166m▀[0m[38;2;0;0;0m[48;2;11;13;18m▀[0m[38;2;171;217;226m[48;2;247;247;247m▀[0m[38;2;247;247;247m[48;2;219;247;247m▀[0m[38;2;209;247;247m[48;2;207;247;247m▀[0m[38;2;195;241;247m[48;2;193;237;244m▀[0m[38;2;189;234;242m[48;2;190;237;244m▀[0m[38;2;189;234;241m[48;2;190;234;241m▀[0m[38;2;189;234;239m[48;2;187;234;241m▀[0m[38;2;185;232;237m[48;2;194;236;238m▀[0m[38;2;186;229;235m[48;2;189;227;234m▀[0m[38;2;182;225;233m[48;2;182;225;232m▀[0m[38;2;185;220;226m[48;2;183;221;225m▀[0m[38;2;183;219;225m[48;2;183;219;225m▀[0m[38;2;176;219;224m[48;2;176;219;223m▀[0m[38;2;200;236;246m[48;2;211;244;247m▀[0m[38;2;153;174;178m[48;2;112;128;128m▀[0m[38;2;79;87;89m[48;2;118;129;130m▀[0m[38;2;215;234;242m[48;2;208;229;236m▀[0m[38;2;178;184;189m[48;2;180;182;188m▀[0m[38;2;212;238;240m[48;2;221;247;247m▀[0m
[38;2;179;184;192m[48;2;180;183;192m▀[0m[38;2;178;189;193m[48;2;178;189;193m▀[0m[38;2;182;191;196m[48;2;177;194;195m▀[0m[38;2;194;214;218m[48;2;188;204;210m▀[0m[38;2;175;198;204m[48;2;190;220;226m▀[0m[38;2;70;77;73m[48;2;55;65;65m▀[0m[38;2;208;237;247m[48;2;197;226;230m▀[0m[38;2;179;220;227m[48;2;181;226;233m▀[0m[38;2;180;220;225m[48;2;180;218;225m▀[0m[38;2;184;219;225m[48;2;183;218;225m▀[0m[38;2;185;219;222m[48;2;184;219;226m▀[0m[38;2;186;223;233m[48;2;186;222;231m▀[0m[38;2;175;224;238m[48;2;182;226;238m▀[0m[38;2;233;240;239m[48;2;196;230;238m▀[0m[38;2;200;236;240m[48;2;247;247;245m▀[0m[38;2;183;235;240m[48;2;181;236;241m▀[0m[38;2;191;236;243m[48;2;192;236;241m▀[0m[38;2;196;237;243m[48;2;197;238;244m▀[0m[38;2;196;244;247m[48;2;198;242;247m▀[0m[38;2;201;247;247m[48;2;196;245;247m▀[0m[38;2;224;247;247m[48;2;212;247;247m▀[0m[38;2;247;247;247m[48;2;247;247;247m▀[0m[38;2;48;62;59m[48;2;229;247;247m▀[0m[38;2;0;0;0m[48;2;0;0;0m▀[0m[38;2;34;123;120m[48;2;0;0;0m▀[0m[38;2;31;108;101m[48;2;0;0;0m▀[0m[38;2;0;0;0m[48;2;0;0;0m▀[0m[38;2;238;247;247m[48;2;163;194;197m▀[0m[38;2;247;247;247m[48;2;173;200;196m▀[0m[38;2;163;189;185m[48;2;147;172;168m▀[0m[38;2;234;247;247m[48;2;247;247;247m▀[0m[38;2;173;197;194m[48;2;227;247;247m▀[0m[38;2;233;247;247m[48;2;121;143;146m▀[0m[38;2;182;199;199m[48;2;173;189;189m▀[0m[38;2;147;161;161m[48;2;215;237;237m▀[0m[38;2;193;210;211m[48;2;235;247;247m▀[0m[38;2;204;245;245m[48;2;220;247;247m▀[0m[38;2;150;204;204m[48;2;212;247;247m▀[0m[38;2;231;171;169m[48;2;247;216;220m▀[0m[38;2;247;0;0m[48;2;247;0;0m▀[0m[38;2;223;247;247m[48;2;247;45;41m▀[0m[38;2;153;234;241m[48;2;232;247;247m▀[0m[38;2;147;187;192m[48;2;227;247;247m▀[0m[38;2;156;180;186m[48;2;198;226;226m▀[0m[38;2;237;240;242m[48;2;143;172;176m▀[0m[38;2;178;198;198m[48;2;182;212;213m▀[0m[38;2;139;165;163m[48;2;247;247;247m▀[0m[38;2;247;247;247m[48;2;231;247;247m▀[0m[38;2;211;241;237m[48;2;160;191;188m▀[0m[38;2;247;247;247m[48;2;201;230;234m▀[0m[38;2;180;204;201m[48;2;155;175;171m▀[0m[38;2;79;111;109m[48;2;0;6;8m▀[0m[38;2;153;202;202m[48;2;64;135;136m▀[0m[38;2;174;218;219m[48;2;32;105;103m▀[0m[38;2;130;166;168m[48;2;0;14;14m▀[0m[38;2;17;39;37m[48;2;48;62;64m▀[0m[38;2;183;226;234m[48;2;247;247;247m▀[0m[38;2;247;247;247m[48;2;210;247;247m▀[0m[38;2;210;247;247m[48;2;203;247;247m▀[0m[38;2;202;241;247m[48;2;197;240;247m▀[0m[38;2;194;237;243m[48;2;195;238;244m▀[0m[38;2;193;237;244m[48;2;194;237;243m▀[0m[38;2;187;234;241m[48;2;184;234;241m▀[0m[38;2;193;235;241m[48;2;215;241;238m▀[0m[38;2;205;234;236m[48;2;191;228;235m▀[0m[38;2;182;226;235m[48;2;182;227;235m▀[0m[38;2;185;223;232m[48;2;184;222;231m▀[0m[38;2;185;220;226m[48;2;184;219;226m▀[0m[38;2;182;218;224m[48;2;181;222;222m▀[0m[38;2;182;218;227m[48;2;185;223;229m▀[0m[38;2;214;245;247m[48;2;207;236;244m▀[0m[38;2;77;90;90m[48;2;52;61;61m▀[0m[38;2;153;172;173m[48;2;181;205;208m▀[0m[38;2;201;221;227m[48;2;194;210;214m▀[0m[38;2;182;185;191m[48;2;180;191;194m▀[0m[38;2;187;217;221m[48;2;180;199;202m▀[0m
[38;2;178;184;189m[48;2;182;187;192m▀[0m[38;2;178;189;193m[48;2;177;187;195m▀[0m[38;2;182;191;196m[48;2;183;194;199m▀[0m[38;2;187;197;204m[48;2;185;199;203m▀[0m[38;2;202;230;235m[48;2;209;235;243m▀[0m[38;2;58;62;62m[48;2;54;57;54m▀[0m[38;2;187;208;213m[48;2;172;190;194m▀[0m[38;2;186;230;239m[48;2;196;235;245m▀[0m[38;2;185;219;226m[48;2;184;219;226m▀[0m[38;2;184;218;223m[48;2;184;217;224m▀[0m[38;2;184;219;226m[48;2;185;218;226m▀[0m[38;2;184;222;231m[48;2;183;222;231m▀[0m[38;2;188;226;237m[48;2;185;226;235m▀[0m[38;2;176;226;239m[48;2;184;228;236m▀[0m[38;2;227;242;238m[48;2;180;232;239m▀[0m[38;2;237;247;240m[48;2;247;247;245m▀[0m[38;2;183;232;244m[48;2;224;240;241m▀[0m[38;2;195;239;247m[48;2;187;237;247m▀[0m[38;2;198;242;247m[48;2;194;242;247m▀[0m[38;2;197;242;247m[48;2;194;242;247m▀[0m[38;2;209;247;247m[48;2;206;247;247m▀[0m[38;2;226;247;247m[48;2;220;247;247m▀[0m[38;2;247;247;247m[48;2;247;247;247m▀[0m[38;2;96;120;124m[48;2;247;247;247m▀[0m[38;2;0;0;0m[48;2;0;0;0m▀[0m[38;2;0;0;0m[48;2;0;0;0m▀[0m[38;2;0;0;0m[48;2;0;0;0m▀[0m[38;2;43;73;73m[48;2;201;226;223m▀[0m[38;2;130;165;164m[48;2;247;247;247m▀[0m[38;2;228;247;247m[48;2;247;247;247m▀[0m[38;2;247;247;247m[48;2;208;239;236m▀[0m[38;2;127;158;161m[48;2;123;164;164m▀[0m[38;2;189;219;222m[48;2;233;247;247m▀[0m[38;2;247;247;247m[48;2;227;247;247m▀[0m[38;2;234;247;247m[48;2;225;247;247m▀[0m[38;2;239;247;247m[48;2;227;247;247m▀[0m[38;2;208;234;235m[48;2;241;247;247m▀[0m[38;2;77;121;121m[48;2;247;247;247m▀[0m[38;2;10;0;0m[48;2;218;247;247m▀[0m[38;2;247;0;0m[48;2;247;88;79m▀[0m[38;2;247;0;0m[48;2;219;247;247m▀[0m[38;2;238;162;162m[48;2;215;247;247m▀[0m[38;2;227;247;247m[48;2;223;247;247m▀[0m[38;2;247;247;247m[48;2;225;247;247m▀[0m[38;2;247;247;247m[48;2;247;247;247m▀[0m[38;2;72;116;117m[48;2;195;222;220m▀[0m[38;2;197;220;220m[48;2;67;105;103m▀[0m[38;2;231;242;242m[48;2;225;245;243m▀[0m[38;2;161;195;194m[48;2;247;247;247m▀[0m[38;2;97;135;136m[48;2;247;247;247m▀[0m[38;2;53;78;74m[48;2;126;157;152m▀[0m[38;2;0;0;0m[48;2;0;0;0m▀[0m[38;2;0;0;0m[48;2;0;0;0m▀[0m[38;2;0;0;0m[48;2;0;0;0m▀[0m[38;2;0;0;0m[48;2;166;201;203m▀[0m[38;2;247;247;247m[48;2;247;247;247m▀[0m[38;2;233;247;247m[48;2;215;247;247m▀[0m[38;2;206;247;247m[48;2;204;247;247m▀[0m[38;2;197;245;247m[48;2;198;242;247m▀[0m[38;2;197;240;247m[48;2;196;240;247m▀[0m[38;2;195;238;244m[48;2;194;238;245m▀[0m[38;2;192;237;244m[48;2;193;238;243m▀[0m[38;2;209;240;240m[48;2;243;246;240m▀[0m[38;2;213;233;236m[48;2;194;227;236m▀[0m[38;2;178;226;236m[48;2;189;226;234m▀[0m[38;2;185;227;236m[48;2;181;226;234m▀[0m[38;2;184;222;229m[48;2;184;222;229m▀[0m[38;2;184;218;225m[48;2;184;219;225m▀[0m[38;2;179;223;224m[48;2;177;223;224m▀[0m[38;2;194;228;236m[48;2;197;238;243m▀[0m[38;2;195;215;224m[48;2;168;192;198m▀[0m[38;2;46;50;50m[48;2;42;49;49m▀[0m[38;2;199;227;231m[48;2;210;239;243m▀[0m[38;2;189;199;205m[48;2;189;196;199m▀[0m[38;2;181;190;194m[48;2;180;189;193m▀[0m[38;2;180;188;191m[48;2;179;181;186m▀[0m
[38;2;167;175;179m[48;2;97;105;103m▀[0m[38;2;190;197;204m[48;2;198;209;213m▀[0m[38;2;189;195;202m[48;2;189;196;203m▀[0m[38;2;188;196;203m[48;2;189;200;207m▀[0m[38;2;215;244;247m[48;2;225;247;247m▀[0m[38;2;43;50;48m[48;2;28;32;26m▀[0m[38;2;157;175;180m[48;2;145;162;167m▀[0m[38;2;201;239;247m[48;2;204;247;247m▀[0m[38;2;183;219;226m[48;2;182;218;225m▀[0m[38;2;182;216;223m[48;2;182;216;221m▀[0m[38;2;184;218;225m[48;2;183;217;224m▀[0m[38;2;183;221;230m[48;2;182;220;230m▀[0m[38;2;186;224;234m[48;2;186;224;234m▀[0m[38;2;190;227;235m[48;2;192;227;235m▀[0m[38;2;175;228;239m[48;2;185;230;237m▀[0m[38;2;220;237;240m[48;2;184;232;243m▀[0m[38;2;247;247;247m[48;2;247;247;247m▀[0m[38;2;199;242;247m[48;2;247;247;244m▀[0m[38;2;187;243;247m[48;2;181;239;247m▀[0m[38;2;194;242;247m[48;2;198;243;247m▀[0m[38;2;204;245;247m[48;2;204;244;247m▀[0m[38;2;210;247;247m[48;2;205;245;247m▀[0m[38;2;215;247;247m[48;2;212;247;247m▀[0m[38;2;247;247;247m[48;2;235;247;247m▀[0m[38;2;144;172;173m[48;2;247;247;247m▀[0m[38;2;0;0;0m[48;2;77;103;100m▀[0m[38;2;247;247;247m[48;2;247;247;247m▀[0m[38;2;247;247;247m[48;2;247;247;247m▀[0m[38;2;247;247;247m[48;2;243;247;247m▀[0m[38;2;244;247;247m[48;2;224;247;247m▀[0m[38;2;120;160;161m[48;2;213;239;237m▀[0m[38;2;180;217;214m[48;2;243;247;247m▀[0m[38;2;239;247;247m[48;2;224;247;247m▀[0m[38;2;225;247;247m[48;2;225;245;245m▀[0m[38;2;225;245;245m[48;2;226;245;245m▀[0m[38;2;225;247;247m[48;2;226;245;246m▀[0m[38;2;226;247;247m[48;2;227;245;247m▀[0m[38;2;224;247;247m[48;2;225;247;247m▀[0m[38;2;233;247;247m[48;2;226;247;247m▀[0m[38;2;224;247;247m[48;2;234;247;247m▀[0m[38;2;227;247;247m[48;2;247;247;247m▀[0m[38;2;243;247;247m[48;2;247;247;247m▀[0m[38;2;247;247;247m[48;2;230;247;247m▀[0m[38;2;224;247;247m[48;2;225;245;245m▀[0m[38;2;224;247;247m[48;2;225;245;247m▀[0m[38;2;247;247;247m[48;2;225;247;247m▀[0m[38;2;203;226;225m[48;2;236;247;247m▀[0m[38;2;140;171;166m[48;2;230;247;247m▀[0m[38;2;247;247;247m[48;2;232;247;247m▀[0m[38;2;247;247;247m[48;2;244;247;247m▀[0m[38;2;247;247;247m[48;2;247;247;247m▀[0m[38;2;155;180;180m[48;2;247;247;247m▀[0m[38;2;0;0;0m[48;2;34;52;52m▀[0m[38;2;53;71;70m[48;2;244;247;247m▀[0m[38;2;247;247;247m[48;2;247;247;247m▀[0m[38;2;232;247;247m[48;2;220;247;247m▀[0m[38;2;213;247;247m[48;2;202;247;247m▀[0m[38;2;202;243;247m[48;2;203;244;247m▀[0m[38;2;198;242;247m[48;2;200;241;247m▀[0m[38;2;195;240;247m[48;2;191;241;247m▀[0m[38;2;182;235;245m[48;2;201;241;245m▀[0m[38;2;242;247;243m[48;2;243;246;239m▀[0m[38;2;221;240;238m[48;2;187;232;239m▀[0m[38;2;181;226;237m[48;2;189;229;237m▀[0m[38;2;191;226;233m[48;2;191;226;233m▀[0m[38;2;183;226;233m[48;2;182;226;233m▀[0m[38;2;184;220;229m[48;2;184;220;227m▀[0m[38;2;184;218;223m[48;2;183;218;222m▀[0m[38;2;182;223;224m[48;2;181;220;226m▀[0m[38;2;204;247;247m[48;2;219;247;247m▀[0m[38;2;150;168;176m[48;2;118;136;140m▀[0m[38;2;40;47;48m[48;2;33;37;37m▀[0m[38;2;216;245;247m[48;2;221;247;247m▀[0m[38;2;185;195;195m[48;2;185;198;199m▀[0m[38;2;178;189;193m[48;2;184;190;196m▀[0m[38;2;178;186;191m[48;2;184;190;197m▀[0m
[38;2;67;75;68m[48;2;125;135;135m▀[0m[38;2;162;169;177m[48;2;108;116;114m▀[0m[38;2;200;211;218m[48;2;209;217;225m▀[0m[38;2;193;200;204m[48;2;197;206;210m▀[0m[38;2;232;247;247m[48;2;235;247;247m▀[0m[38;2;1;0;0m[48;2;0;0;0m▀[0m[38;2;139;153;157m[48;2;127;135;139m▀[0m[38;2;213;247;247m[48;2;225;247;247m▀[0m[38;2;180;218;225m[48;2;182;218;222m▀[0m[38;2;182;215;220m[48;2;184;215;220m▀[0m[38;2;182;217;220m[48;2;183;216;220m▀[0m[38;2;178;221;230m[48;2;183;220;230m▀[0m[38;2;185;222;234m[48;2;185;222;233m▀[0m[38;2;190;227;234m[48;2;191;226;236m▀[0m[38;2;193;232;237m[48;2;192;229;236m▀[0m[38;2;175;228;241m[48;2;185;232;239m▀[0m[38;2;228;239;243m[48;2;188;236;243m▀[0m[38;2;247;247;247m[48;2;247;247;247m▀[0m[38;2;202;241;247m[48;2;242;245;246m▀[0m[38;2;191;243;247m[48;2;190;244;247m▀[0m[38;2;205;245;247m[48;2;208;244;247m▀[0m[38;2;206;244;247m[48;2;206;244;247m▀[0m[38;2;207;247;247m[48;2;210;245;247m▀[0m[38;2;220;247;247m[48;2;218;247;247m▀[0m[38;2;247;247;247m[48;2;218;247;247m▀[0m[38;2;201;227;229m[48;2;247;247;247m▀[0m[38;2;72;91;88m[48;2;132;158;159m▀[0m[38;2;247;247;247m[48;2;116;140;134m▀[0m[38;2;240;247;247m[48;2;247;247;247m▀[0m[38;2;233;247;247m[48;2;226;247;247m▀[0m[38;2;232;247;247m[48;2;228;247;247m▀[0m[38;2;222;247;247m[48;2;226;247;247m▀[0m[38;2;227;245;245m[48;2;226;245;244m▀[0m[38;2;226;245;244m[48;2;226;246;244m▀[0m[38;2;226;246;245m[48;2;226;246;244m▀[0m[38;2;228;246;245m[48;2;229;245;245m▀[0m[38;2;230;246;245m[48;2;230;246;246m▀[0m[38;2;228;246;245m[48;2;230;245;245m▀[0m[38;2;229;245;244m[48;2;230;245;245m▀[0m[38;2;230;246;245m[48;2;231;246;244m▀[0m[38;2;228;246;245m[48;2;231;245;245m▀[0m[38;2;225;247;246m[48;2;231;246;246m▀[0m[38;2;227;247;246m[48;2;229;245;245m▀[0m[38;2;226;246;245m[48;2;228;246;245m▀[0m[38;2;226;246;245m[48;2;228;246;245m▀[0m[38;2;226;246;245m[48;2;226;246;245m▀[0m[38;2;224;244;247m[48;2;224;247;247m▀[0m[38;2;226;247;247m[48;2;227;247;247m▀[0m[38;2;230;247;247m[48;2;226;247;247m▀[0m[38;2;230;247;247m[48;2;247;247;247m▀[0m[38;2;247;247;247m[48;2;152;174;170m▀[0m[38;2;112;131;128m[48;2;97;131;130m▀[0m[38;2;172;210;213m[48;2;247;247;247m▀[0m[38;2;247;247;247m[48;2;221;247;247m▀[0m[38;2;221;247;247m[48;2;216;247;247m▀[0m[38;2;214;247;247m[48;2;207;247;247m▀[0m[38;2;204;245;247m[48;2;205;245;247m▀[0m[38;2;204;245;247m[48;2;206;244;247m▀[0m[38;2;199;242;247m[48;2;189;237;247m▀[0m[38;2;189;241;247m[48;2;247;247;247m▀[0m[38;2;247;247;247m[48;2;247;243;240m▀[0m[38;2;215;237;241m[48;2;174;232;243m▀[0m[38;2;178;232;240m[48;2;188;231;239m▀[0m[38;2;194;229;236m[48;2;190;227;235m▀[0m[38;2;188;226;233m[48;2;189;225;234m▀[0m[38;2;182;226;233m[48;2;182;225;232m▀[0m[38;2;184;219;226m[48;2;185;218;226m▀[0m[38;2;183;217;222m[48;2;183;217;222m▀[0m[38;2;183;220;230m[48;2;183;221;225m▀[0m[38;2;233;247;247m[48;2;239;247;247m▀[0m[38;2;89;101;108m[48;2;59;70;74m▀[0m[38;2;27;30;30m[48;2;21;25;22m▀[0m[38;2;228;247;247m[48;2;235;247;247m▀[0m[38;2;188;196;202m[48;2;191;201;204m▀[0m[38;2;193;200;207m[48;2;200;209;215m▀[0m[38;2;170;179;183m[48;2;110;121;123m▀[0m
[38;2;127;134;139m[48;2;194;199;206m▀[0m[38;2;88;97;92m[48;2;120;130;130m▀[0m[38;2;172;178;183m[48;2;93;99;96m▀[0m[38;2;211;219;226m[48;2;209;219;227m▀[0m[38;2;230;247;247m[48;2;232;247;247m▀[0m[38;2;0;0;0m[48;2;0;0;0m▀[0m[38;2;106;115;119m[48;2;87;94;97m▀[0m[38;2;229;247;247m[48;2;236;247;247m▀[0m[38;2;182;217;224m[48;2;180;218;227m▀[0m[38;2;186;214;220m[48;2;183;213;219m▀[0m[38;2;182;216;219m[48;2;184;215;218m▀[0m[38;2;182;220;229m[48;2;181;220;227m▀[0m[38;2;185;222;233m[48;2;184;222;232m▀[0m[38;2;192;226;235m[48;2;191;226;234m▀[0m[38;2;191;228;236m[48;2;193;228;236m▀[0m[38;2;192;232;238m[48;2;189;231;237m▀[0m[38;2;179;232;242m[48;2;193;235;241m▀[0m[38;2;226;240;244m[48;2;179;238;245m▀[0m[38;2;247;247;247m[48;2;242;244;242m▀[0m[38;2;188;243;247m[48;2;217;247;247m▀[0m[38;2;209;244;247m[48;2;200;244;247m▀[0m[38;2;206;244;247m[48;2;206;244;247m▀[0m[38;2;203;246;247m[48;2;207;245;247m▀[0m[38;2;212;247;247m[48;2;212;247;247m▀[0m[38;2;223;247;247m[48;2;221;245;247m▀[0m[38;2;226;247;247m[48;2;218;247;247m▀[0m[38;2;247;247;247m[48;2;233;247;247m▀[0m[38;2;82;104;100m[48;2;235;247;247m▀[0m[38;2;184;214;213m[48;2;53;72;71m▀[0m[38;2;247;247;247m[48;2;142;160;164m▀[0m[38;2;244;247;247m[48;2;216;232;234m▀[0m[38;2;228;247;247m[48;2;245;247;247m▀[0m[38;2;226;246;244m[48;2;228;247;246m▀[0m[38;2;227;246;245m[48;2;228;246;245m▀[0m[38;2;229;245;245m[48;2;230;245;245m▀[0m[38;2;231;245;245m[48;2;231;245;246m▀[0m[38;2;230;245;245m[48;2;230;245;245m▀[0m[38;2;231;245;245m[48;2;229;245;245m▀[0m[38;2;230;245;245m[48;2;229;245;245m▀[0m[38;2;230;246;245m[48;2;232;245;245m▀[0m[38;2;231;245;245m[48;2;233;244;244m▀[0m[38;2;231;245;245m[48;2;236;244;244m▀[0m[38;2;230;245;245m[48;2;231;245;245m▀[0m[38;2;230;245;245m[48;2;231;245;245m▀[0m[38;2;228;246;245m[48;2;233;246;246m▀[0m[38;2;226;246;245m[48;2;230;247;247m▀[0m[38;2;229;247;247m[48;2;245;247;247m▀[0m[38;2;244;247;247m[48;2;222;238;239m▀[0m[38;2;247;247;247m[48;2;159;167;169m▀[0m[38;2;208;228;227m[48;2;34;57;51m▀[0m[38;2;67;88;84m[48;2;205;236;235m▀[0m[38;2;247;247;247m[48;2;245;247;247m▀[0m[38;2;220;247;247m[48;2;219;247;247m▀[0m[38;2;218;247;247m[48;2;216;246;247m▀[0m[38;2;209;247;247m[48;2;210;247;247m▀[0m[38;2;207;247;247m[48;2;208;246;247m▀[0m[38;2;206;246;247m[48;2;204;245;247m▀[0m[38;2;200;244;247m[48;2;193;245;247m▀[0m[38;2;212;243;247m[48;2;247;247;244m▀[0m[38;2;247;247;242m[48;2;217;241;244m▀[0m[38;2;187;236;244m[48;2;183;235;245m▀[0m[38;2;186;234;242m[48;2;194;234;240m▀[0m[38;2;192;229;237m[48;2;192;229;239m▀[0m[38;2;193;227;235m[48;2;192;227;235m▀[0m[38;2;190;226;232m[48;2;187;225;232m▀[0m[38;2;179;224;232m[48;2;183;222;231m▀[0m[38;2;184;217;225m[48;2;184;216;224m▀[0m[38;2;185;218;221m[48;2;187;218;223m▀[0m[38;2;184;222;226m[48;2;187;223;229m▀[0m[38;2;245;247;247m[48;2;247;247;247m▀[0m[38;2;37;45;47m[48;2;21;27;27m▀[0m[38;2;6;9;3m[48;2;0;0;0m▀[0m[38;2;243;247;247m[48;2;247;247;247m▀[0m[38;2;203;218;220m[48;2;194;209;211m▀[0m[38;2;159;170;173m[48;2;111;119;115m▀[0m[38;2;97;113;114m[48;2;95;105;111m▀[0m
[38;2;185;191;199m[48;2;177;180;188m▀[0m[38;2;183;190;196m[48;2;182;187;192m▀[0m[38;2;144;152;154m[48;2;196;203;207m▀[0m[38;2;198;210;218m[48;2;212;220;225m▀[0m[38;2;227;244;247m[48;2;215;228;230m▀[0m[38;2;0;0;0m[48;2;0;0;0m▀[0m[38;2;70;76;76m[48;2;51;55;56m▀[0m[38;2;247;247;247m[48;2;247;247;247m▀[0m[38;2;183;218;226m[48;2;190;219;226m▀[0m[38;2;184;217;221m[48;2;183;216;220m▀[0m[38;2;184;215;218m[48;2;184;214;220m▀[0m[38;2;181;219;226m[48;2;183;218;226m▀[0m[38;2;183;222;232m[48;2;179;222;231m▀[0m[38;2;194;225;234m[48;2;194;223;232m▀[0m[38;2;193;228;236m[48;2;193;226;234m▀[0m[38;2;191;231;237m[48;2;191;229;237m▀[0m[38;2;191;235;240m[48;2;194;234;240m▀[0m[38;2;188;237;244m[48;2;196;237;242m▀[0m[38;2;197;240;247m[48;2;194;239;247m▀[0m[38;2;238;245;244m[48;2;212;242;247m▀[0m[38;2;197;243;247m[48;2;217;243;245m▀[0m[38;2;206;244;247m[48;2;200;244;247m▀[0m[38;2;208;244;247m[48;2;208;244;247m▀[0m[38;2;212;246;247m[48;2;212;246;247m▀[0m[38;2;216;246;247m[48;2;216;246;247m▀[0m[38;2;214;247;244m[48;2;215;246;245m▀[0m[38;2;218;247;247m[48;2;219;247;247m▀[0m[38;2;247;247;247m[48;2;236;247;247m▀[0m[38;2;153;175;177m[48;2;247;247;247m▀[0m[38;2;94;114;113m[48;2;82;97;94m▀[0m[38;2;177;199;205m[48;2;245;247;247m▀[0m[38;2;226;241;241m[48;2;247;247;247m▀[0m[38;2;240;247;247m[48;2;239;247;247m▀[0m[38;2;231;245;247m[48;2;234;247;247m▀[0m[38;2;230;245;245m[48;2;235;247;247m▀[0m[38;2;233;247;247m[48;2;247;247;247m▀[0m[38;2;233;247;247m[48;2;238;247;247m▀[0m[38;2;233;247;247m[48;2;226;247;247m▀[0m[38;2;235;247;247m[48;2;219;242;242m▀[0m[38;2;238;247;247m[48;2;219;242;242m▀[0m[38;2;234;247;247m[48;2;230;247;247m▀[0m[38;2;232;247;247m[48;2;244;247;247m▀[0m[38;2;231;247;247m[48;2;243;247;247m▀[0m[38;2;233;244;244m[48;2;240;247;247m▀[0m[38;2;231;247;247m[48;2;235;247;247m▀[0m[38;2;247;247;247m[48;2;243;247;247m▀[0m[38;2;208;226;223m[48;2;247;247;247m▀[0m[38;2;170;193;194m[48;2;247;247;247m▀[0m[38;2;96;122;120m[48;2;70;93;91m▀[0m[38;2;129;152;151m[48;2;247;247;247m▀[0m[38;2;247;247;247m[48;2;239;247;247m▀[0m[38;2;220;247;247m[48;2;220;247;247m▀[0m[38;2;219;247;247m[48;2;216;247;247m▀[0m[38;2;217;246;247m[48;2;213;246;247m▀[0m[38;2;208;247;247m[48;2;208;247;247m▀[0m[38;2;210;246;247m[48;2;208;246;247m▀[0m[38;2;199;243;247m[48;2;207;239;247m▀[0m[38;2;225;243;246m[48;2;236;242;245m▀[0m[38;2;236;247;244m[48;2;193;242;247m▀[0m[38;2;187;239;247m[48;2;197;238;247m▀[0m[38;2;195;234;242m[48;2;193;236;242m▀[0m[38;2;191;234;240m[48;2;193;233;239m▀[0m[38;2;192;229;239m[48;2;192;229;236m▀[0m[38;2;192;226;235m[48;2;192;226;234m▀[0m[38;2;188;224;233m[48;2;188;223;231m▀[0m[38;2;182;221;231m[48;2;178;219;229m▀[0m[38;2;183;215;223m[48;2;185;215;221m▀[0m[38;2;186;215;219m[48;2;187;218;219m▀[0m[38;2;190;224;231m[48;2;192;227;235m▀[0m[38;2;247;247;247m[48;2;247;247;247m▀[0m[38;2;6;6;6m[48;2;0;0;0m▀[0m[38;2;0;0;0m[48;2;0;0;0m▀[0m[38;2;243;247;247m[48;2;233;247;247m▀[0m[38;2;194;208;213m[48;2;200;215;221m▀[0m[38;2;178;185;186m[48;2;194;196;200m▀[0m[38;2;174;179;185m[48;2;186;188;194m▀[0m
[38;2;175;180;185m[48;2;174;180;185m▀[0m[38;2;175;182;187m[48;2;176;182;189m▀[0m[38;2;181;188;192m[48;2;180;186;193m▀[0m[38;2;213;219;226m[48;2;216;223;230m▀[0m[38;2;207;216;222m[48;2;196;204;207m▀[0m[38;2;0;0;0m[48;2;0;0;0m▀[0m[38;2;28;33;31m[48;2;6;10;7m▀[0m[38;2;247;247;247m[48;2;247;247;247m▀[0m[38;2;190;220;227m[48;2;190;223;230m▀[0m[38;2;182;216;220m[48;2;183;215;223m▀[0m[38;2;185;214;220m[48;2;184;214;220m▀[0m[38;2;181;216;224m[48;2;182;215;222m▀[0m[38;2;176;222;230m[48;2;178;219;228m▀[0m[38;2;189;222;232m[48;2;188;221;232m▀[0m[38;2;192;226;234m[48;2;191;225;233m▀[0m[38;2;191;228;236m[48;2;191;228;235m▀[0m[38;2;193;233;239m[48;2;193;231;238m▀[0m[38;2;195;236;242m[48;2;193;235;241m▀[0m[38;2;198;239;247m[48;2;195;238;246m▀[0m[38;2;195;241;247m[48;2;197;241;247m▀[0m[38;2;213;242;246m[48;2;199;240;247m▀[0m[38;2;207;243;247m[48;2;203;243;247m▀[0m[38;2;208;244;247m[48;2;199;244;247m▀[0m[38;2;214;245;247m[48;2;210;245;247m▀[0m[38;2;222;245;247m[48;2;222;245;247m▀[0m[38;2;216;246;246m[48;2;216;246;246m▀[0m[38;2;217;246;245m[48;2;217;247;244m▀[0m[38;2;233;247;247m[48;2;229;247;247m▀[0m[38;2;247;247;247m[48;2;233;247;247m▀[0m[38;2;177;204;201m[48;2;247;247;247m▀[0m[38;2;16;30;28m[48;2;0;0;0m▀[0m[38;2;247;247;247m[48;2;0;0;0m▀[0m[38;2;247;247;247m[48;2;219;222;223m▀[0m[38;2;247;247;247m[48;2;229;241;244m▀[0m[38;2;236;247;247m[48;2;215;234;234m▀[0m[38;2;197;212;212m[48;2;186;215;211m▀[0m[38;2;156;174;177m[48;2;211;236;236m▀[0m[38;2;145;161;161m[48;2;223;247;247m▀[0m[38;2;145;163;164m[48;2;233;247;247m▀[0m[38;2;143;161;161m[48;2;233;247;247m▀[0m[38;2;144;164;166m[48;2;227;247;247m▀[0m[38;2;153;173;171m[48;2;211;233;232m▀[0m[38;2;201;219;216m[48;2;176;205;201m▀[0m[38;2;231;247;247m[48;2;194;218;217m▀[0m[38;2;247;247;247m[48;2;245;247;247m▀[0m[38;2;247;247;247m[48;2;200;204;205m▀[0m[38;2;247;247;247m[48;2;21;32;33m▀[0m[38;2;37;51;49m[48;2;0;0;0m▀[0m[38;2;158;185;182m[48;2;247;247;247m▀[0m[38;2;247;247;247m[48;2;235;247;247m▀[0m[38;2;228;247;247m[48;2;229;247;247m▀[0m[38;2;216;245;247m[48;2;216;245;246m▀[0m[38;2;216;247;246m[48;2;216;247;246m▀[0m[38;2;211;245;247m[48;2;211;245;247m▀[0m[38;2;209;247;247m[48;2;209;245;247m▀[0m[38;2;206;247;247m[48;2;221;243;246m▀[0m[38;2;213;241;247m[48;2;203;243;247m▀[0m[38;2;203;243;247m[48;2;189;241;247m▀[0m[38;2;194;241;247m[48;2;198;239;247m▀[0m[38;2;196;237;247m[48;2;194;235;245m▀[0m[38;2;193;235;240m[48;2;192;234;240m▀[0m[38;2;194;232;239m[48;2;193;231;238m▀[0m[38;2;191;228;235m[48;2;193;228;236m▀[0m[38;2;191;226;233m[48;2;195;226;233m▀[0m[38;2;185;222;232m[48;2;186;221;232m▀[0m[38;2;178;219;229m[48;2;179;217;227m▀[0m[38;2;186;215;220m[48;2;185;214;220m▀[0m[38;2;186;217;222m[48;2;184;217;224m▀[0m[38;2;196;231;242m[48;2;199;240;246m▀[0m[38;2;245;247;247m[48;2;232;247;247m▀[0m[38;2;0;0;0m[48;2;0;0;0m▀[0m[38;2;0;0;0m[48;2;0;0;0m▀[0m[38;2;224;241;246m[48;2;214;230;235m▀[0m[38;2;198;217;221m[48;2;205;219;224m▀[0m[38;2;183;187;191m[48;2;181;185;189m▀[0m[38;2;175;183;188m[48;2;174;183;189m▀[0m
[38;2;173;180;183m[48;2;172;178;175m▀[0m[38;2;175;183;187m[48;2;174;181;185m▀[0m[38;2;177;185;189m[48;2;176;184;191m▀[0m[38;2;220;225;232m[48;2;221;226;231m▀[0m[38;2;190;197;202m[48;2;187;193;197m▀[0m[38;2;0;0;0m[48;2;0;0;0m▀[0m[38;2;0;0;0m[48;2;0;0;0m▀[0m[38;2;243;247;247m[48;2;232;247;247m▀[0m[38;2;196;223;230m[48;2;203;229;234m▀[0m[38;2;182;215;220m[48;2;184;215;220m▀[0m[38;2;183;213;219m[48;2;184;212;217m▀[0m[38;2;184;214;220m[48;2;184;213;219m▀[0m[38;2;183;217;226m[48;2;183;216;224m▀[0m[38;2;186;221;231m[48;2;179;220;230m▀[0m[38;2;192;224;232m[48;2;191;223;231m▀[0m[38;2;192;227;235m[48;2;192;226;235m▀[0m[38;2;193;230;238m[48;2;192;229;237m▀[0m[38;2;194;234;242m[48;2;194;232;240m▀[0m[38;2;194;236;244m[48;2;194;233;243m▀[0m[38;2;199;240;247m[48;2;196;240;247m▀[0m[38;2;193;241;247m[48;2;192;241;247m▀[0m[38;2;218;242;246m[48;2;206;242;247m▀[0m[38;2;221;244;246m[48;2;220;243;246m▀[0m[38;2;203;246;247m[48;2;206;244;247m▀[0m[38;2;215;245;246m[48;2;211;245;247m▀[0m[38;2;215;246;246m[48;2;213;246;247m▀[0m[38;2;217;247;246m[48;2;215;246;246m▀[0m[38;2;229;247;247m[48;2;229;247;247m▀[0m[38;2;229;247;247m[48;2;228;247;247m▀[0m[38;2;247;247;247m[48;2;247;247;247m▀[0m[38;2;170;191;189m[48;2;212;229;229m▀[0m[38;2;94;112;113m[48;2;88;105;105m▀[0m[38;2;123;136;136m[48;2;247;247;247m▀[0m[38;2;169;192;191m[48;2;247;247;247m▀[0m[38;2;247;247;247m[48;2;225;247;247m▀[0m[38;2;234;247;247m[48;2;218;247;247m▀[0m[38;2;232;247;247m[48;2;218;247;247m▀[0m[38;2;227;247;247m[48;2;223;247;247m▀[0m[38;2;226;247;247m[48;2;228;247;247m▀[0m[38;2;224;247;247m[48;2;224;247;247m▀[0m[38;2;227;247;247m[48;2;222;234;247m▀[0m[38;2;234;247;247m[48;2;220;239;247m▀[0m[38;2;235;247;247m[48;2;218;247;247m▀[0m[38;2;240;247;247m[48;2;226;247;247m▀[0m[38;2;224;247;247m[48;2;243;247;247m▀[0m[38;2;160;167;169m[48;2;247;247;247m▀[0m[38;2;106;125;120m[48;2;80;98;96m▀[0m[38;2;171;200;197m[48;2;225;247;247m▀[0m[38;2;247;247;247m[48;2;247;247;247m▀[0m[38;2;236;247;247m[48;2;232;247;247m▀[0m[38;2;227;246;247m[48;2;225;245;245m▀[0m[38;2;217;246;246m[48;2;217;246;246m▀[0m[38;2;215;247;246m[48;2;215;246;247m▀[0m[38;2;211;245;247m[48;2;210;245;247m▀[0m[38;2;212;245;246m[48;2;215;244;245m▀[0m[38;2;225;244;245m[48;2;206;244;247m▀[0m[38;2;193;243;247m[48;2;199;242;247m▀[0m[38;2;197;241;247m[48;2;197;240;247m▀[0m[38;2;197;238;247m[48;2;198;239;247m▀[0m[38;2;194;236;244m[48;2;193;235;244m▀[0m[38;2;194;232;240m[48;2;194;232;240m▀[0m[38;2;193;230;238m[48;2;192;229;237m▀[0m[38;2;192;227;235m[48;2;190;227;235m▀[0m[38;2;194;225;232m[48;2;190;224;232m▀[0m[38;2;184;221;232m[48;2;179;220;231m▀[0m[38;2;182;217;227m[48;2;183;217;227m▀[0m[38;2;189;213;220m[48;2;189;213;219m▀[0m[38;2;185;219;226m[48;2;182;222;223m▀[0m[38;2;204;243;247m[48;2;219;247;247m▀[0m[38;2;220;243;247m[48;2;194;213;217m▀[0m[38;2;0;0;0m[48;2;0;0;0m▀[0m[38;2;0;0;0m[48;2;0;0;0m▀[0m[38;2;207;221;225m[48;2;196;208;211m▀[0m[38;2;212;221;226m[48;2;212;221;224m▀[0m[38;2;179;185;189m[48;2;178;184;191m▀[0m[38;2;174;182;186m[48;2;172;183;186m▀[0m
[38;2;171;178;177m[48;2;172;178;179m▀[0m[38;2;173;180;183m[48;2;172;178;181m▀[0m[38;2;179;186;194m[48;2;180;187;192m▀[0m[38;2;222;227;234m[48;2;221;228;235m▀[0m[38;2;181;187;191m[48;2;181;187;187m▀[0m[38;2;0;0;0m[48;2;0;0;0m▀[0m[38;2;0;0;0m[48;2;0;0;0m▀[0m[38;2;211;234;237m[48;2;189;205;207m▀[0m[38;2;211;235;243m[48;2;221;245;247m▀[0m[38;2;181;214;222m[48;2;181;212;217m▀[0m[38;2;185;209;215m[48;2;182;208;215m▀[0m[38;2;187;211;218m[48;2;186;212;217m▀[0m[38;2;184;214;222m[48;2;185;214;220m▀[0m[38;2;178;219;229m[48;2;179;217;226m▀[0m[38;2;188;222;232m[48;2;187;221;231m▀[0m[38;2;192;226;233m[48;2;191;225;232m▀[0m[38;2;190;230;236m[48;2;190;227;235m▀[0m[38;2;194;231;241m[48;2;193;230;238m▀[0m[38;2;194;233;241m[48;2;194;232;240m▀[0m[38;2;195;238;247m[48;2;195;236;244m▀[0m[38;2;196;241;247m[48;2;197;241;247m▀[0m[38;2;195;241;247m[48;2;198;241;247m▀[0m[38;2;198;243;247m[48;2;203;241;247m▀[0m[38;2;207;245;247m[48;2;206;244;247m▀[0m[38;2;209;244;247m[48;2;209;244;247m▀[0m[38;2;211;245;247m[48;2;209;244;247m▀[0m[38;2;215;246;246m[48;2;212;247;247m▀[0m[38;2;232;247;247m[48;2;223;247;247m▀[0m[38;2;247;247;247m[48;2;194;215;214m▀[0m[38;2;247;247;247m[48;2;227;245;245m▀[0m[38;2;247;247;247m[48;2;247;247;247m▀[0m[38;2;82;100;96m[48;2;247;247;247m▀[0m[38;2;211;240;239m[48;2;234;247;247m▀[0m[38;2;238;247;247m[48;2;226;247;247m▀[0m[38;2;216;247;247m[48;2;222;226;238m▀[0m[38;2;222;226;247m[48;2;227;207;212m▀[0m[38;2;229;221;239m[48;2;241;207;212m▀[0m[38;2;231;207;213m[48;2;223;164;156m▀[0m[38;2;235;155;147m[48;2;231;72;48m▀[0m[38;2;230;168;168m[48;2;226;98;80m▀[0m[38;2;234;209;220m[48;2;241;189;181m▀[0m[38;2;234;209;213m[48;2;245;193;193m▀[0m[38;2;227;226;232m[48;2;238;201;209m▀[0m[38;2;218;247;247m[48;2;224;231;243m▀[0m[38;2;247;247;247m[48;2;225;247;247m▀[0m[38;2;186;212;210m[48;2;235;247;247m▀[0m[38;2;54;68;65m[48;2;247;247;247m▀[0m[38;2;247;247;247m[48;2;247;247;247m▀[0m[38;2;236;247;247m[48;2;239;247;247m▀[0m[38;2;236;247;247m[48;2;198;226;226m▀[0m[38;2;223;247;245m[48;2;224;247;247m▀[0m[38;2;217;245;245m[48;2;215;246;246m▀[0m[38;2;214;245;246m[48;2;211;246;247m▀[0m[38;2;210;246;247m[48;2;210;246;247m▀[0m[38;2;208;244;247m[48;2;208;244;247m▀[0m[38;2;205;245;247m[48;2;203;244;247m▀[0m[38;2;199;240;247m[48;2;198;239;247m▀[0m[38;2;197;240;247m[48;2;197;240;247m▀[0m[38;2;197;238;247m[48;2;195;239;247m▀[0m[38;2;194;234;242m[48;2;193;233;241m▀[0m[38;2;193;230;238m[48;2;192;230;238m▀[0m[38;2;191;228;236m[48;2;192;227;235m▀[0m[38;2;191;226;234m[48;2;191;226;233m▀[0m[38;2;188;222;230m[48;2;185;220;228m▀[0m[38;2;178;219;229m[48;2;182;217;228m▀[0m[38;2;182;215;223m[48;2;184;214;222m▀[0m[38;2;188;214;218m[48;2;187;213;218m▀[0m[38;2;181;219;223m[48;2;184;217;224m▀[0m[38;2;225;247;247m[48;2;223;247;247m▀[0m[38;2;174;198;204m[48;2;173;199;204m▀[0m[38;2;0;0;0m[48;2;0;0;0m▀[0m[38;2;0;0;0m[48;2;0;0;0m▀[0m[38;2;189;202;202m[48;2;190;196;197m▀[0m[38;2;214;222;228m[48;2;215;223;229m▀[0m[38;2;179;186;196m[48;2;181;189;196m▀[0m[38;2;173;182;185m[48;2;173;181;183m▀[0m
[38;2;173;177;180m[48;2;174;177;179m▀[0m[38;2;172;178;181m[48;2;173;179;179m▀[0m[38;2;176;183;187m[48;2;175;181;185m▀[0m[38;2;218;226;230m[48;2;210;224;227m▀[0m[38;2;187;193;195m[48;2;197;203;208m▀[0m[38;2;0;0;0m[48;2;0;0;0m▀[0m[38;2;0;0;0m[48;2;0;0;0m▀[0m[38;2;165;182;184m[48;2;144;159;163m▀[0m[38;2;226;247;247m[48;2;234;247;247m▀[0m[38;2;183;211;219m[48;2;184;213;218m▀[0m[38;2;181;208;218m[48;2;180;206;218m▀[0m[38;2;185;211;216m[48;2;182;210;215m▀[0m[38;2;185;213;218m[48;2;183;211;219m▀[0m[38;2;183;216;224m[48;2;185;214;223m▀[0m[38;2;185;220;230m[48;2;184;219;229m▀[0m[38;2;191;224;231m[48;2;188;222;230m▀[0m[38;2;191;226;234m[48;2;191;226;233m▀[0m[38;2;193;228;236m[48;2;190;227;235m▀[0m[38;2;194;231;239m[48;2;193;230;238m▀[0m[38;2;194;233;240m[48;2;194;231;241m▀[0m[38;2;196;239;247m[48;2;196;237;243m▀[0m[38;2;198;241;247m[48;2;197;241;247m▀[0m[38;2;202;240;247m[48;2;201;239;247m▀[0m[38;2;205;243;247m[48;2;204;242;247m▀[0m[38;2;206;244;247m[48;2;208;244;247m▀[0m[38;2;209;245;247m[48;2;210;245;247m▀[0m[38;2;210;247;246m[48;2;210;244;246m▀[0m[38;2;226;247;247m[48;2;229;247;247m▀[0m[38;2;163;189;189m[48;2;193;225;221m▀[0m[38;2;162;188;186m[48;2;151;178;173m▀[0m[38;2;209;227;230m[48;2;171;196;196m▀[0m[38;2;168;190;194m[48;2;117;155;159m▀[0m[38;2;216;247;247m[48;2;220;247;247m▀[0m[38;2;230;242;247m[48;2;237;226;236m▀[0m[38;2;230;204;212m[48;2;236;185;189m▀[0m[38;2;238;194;191m[48;2;247;205;199m▀[0m[38;2;247;196;182m[48;2;247;183;153m▀[0m[38;2;222;131;116m[48;2;220;109;89m▀[0m[38;2;247;112;96m[48;2;184;61;53m▀[0m[38;2;247;122;103m[48;2;194;61;56m▀[0m[38;2;232;142;120m[48;2;218;111;95m▀[0m[38;2;247;188;173m[48;2;247;180;159m▀[0m[38;2;238;187;193m[48;2;243;213;214m▀[0m[38;2;232;208;212m[48;2;238;181;182m▀[0m[38;2;227;247;247m[48;2;236;241;246m▀[0m[38;2;230;247;247m[48;2;194;238;242m▀[0m[38;2;219;245;245m[48;2;133;166;169m▀[0m[38;2;221;240;238m[48;2;161;186;186m▀[0m[38;2;163;186;186m[48;2;161;191;191m▀[0m[38;2;191;217;217m[48;2;230;247;247m▀[0m[38;2;233;247;247m[48;2;224;247;247m▀[0m[38;2;214;245;245m[48;2;214;245;246m▀[0m[38;2;211;246;247m[48;2;210;246;247m▀[0m[38;2;209;244;247m[48;2;208;244;247m▀[0m[38;2;206;244;247m[48;2;204;244;247m▀[0m[38;2;202;243;247m[48;2;201;240;247m▀[0m[38;2;198;239;247m[48;2;197;240;247m▀[0m[38;2;196;240;247m[48;2;197;238;247m▀[0m[38;2;194;236;245m[48;2;194;234;242m▀[0m[38;2;193;231;241m[48;2;192;230;238m▀[0m[38;2;192;229;237m[48;2;191;228;236m▀[0m[38;2;192;226;234m[48;2;191;226;233m▀[0m[38;2;189;224;231m[48;2;188;222;232m▀[0m[38;2;182;220;229m[48;2;182;219;229m▀[0m[38;2;182;217;225m[48;2;182;215;222m▀[0m[38;2;184;212;218m[48;2;189;211;215m▀[0m[38;2;186;210;216m[48;2;180;214;218m▀[0m[38;2;182;216;225m[48;2;184;217;225m▀[0m[38;2;226;247;247m[48;2;228;247;247m▀[0m[38;2;146;167;175m[48;2;119;138;141m▀[0m[38;2;0;0;0m[48;2;0;0;0m▀[0m[38;2;0;0;0m[48;2;0;0;0m▀[0m[38;2;185;193;195m[48;2;187;194;196m▀[0m[38;2;213;221;227m[48;2;211;223;226m▀[0m[38;2;181;190;195m[48;2;179;188;191m▀[0m[38;2;172;179;178m[48;2;173;177;177m▀[0m
[38;2;174;177;178m[48;2;171;177;177m▀[0m[38;2;174;178;179m[48;2;174;178;181m▀[0m[38;2;171;179;183m[48;2;176;179;181m▀[0m[38;2;209;215;218m[48;2;197;205;210m▀[0m[38;2;211;219;226m[48;2;220;227;236m▀[0m[38;2;0;0;0m[48;2;0;0;0m▀[0m[38;2;0;0;0m[48;2;0;0;0m▀[0m[38;2;109;126;128m[48;2;54;60;60m▀[0m[38;2;239;247;247m[48;2;247;247;247m▀[0m[38;2;191;212;217m[48;2;197;217;222m▀[0m[38;2;178;207;217m[48;2;179;205;213m▀[0m[38;2;181;209;214m[48;2;180;211;214m▀[0m[38;2;183;209;217m[48;2;185;209;216m▀[0m[38;2;184;212;220m[48;2;186;210;218m▀[0m[38;2;184;218;226m[48;2;183;216;223m▀[0m[38;2;186;221;229m[48;2;184;219;230m▀[0m[38;2;189;224;231m[48;2;188;223;231m▀[0m[38;2;189;226;234m[48;2;191;226;233m▀[0m[38;2;193;228;238m[48;2;190;227;237m▀[0m[38;2;194;231;239m[48;2;193;230;238m▀[0m[38;2;195;234;241m[48;2;195;231;239m▀[0m[38;2;197;240;247m[48;2;196;239;247m▀[0m[38;2;198;241;247m[48;2;198;241;247m▀[0m[38;2;203;241;247m[48;2;202;240;247m▀[0m[38;2;206;244;247m[48;2;206;244;247m▀[0m[38;2;209;245;247m[48;2;207;245;247m▀[0m[38;2;214;247;247m[48;2;210;246;247m▀[0m[38;2;212;247;247m[48;2;210;247;247m▀[0m[38;2;228;247;247m[48;2;226;247;247m▀[0m[38;2;169;195;188m[48;2;228;247;247m▀[0m[38;2;158;195;188m[48;2;192;229;224m▀[0m[38;2;123;163;161m[48;2;85;136;134m▀[0m[38;2;236;247;247m[48;2;206;234;239m▀[0m[38;2;243;213;218m[48;2;247;206;212m▀[0m[38;2;239;190;188m[48;2;245;181;175m▀[0m[38;2;247;247;247m[48;2;247;214;199m▀[0m[38;2;247;168;143m[48;2;247;147;114m▀[0m[38;2;166;74;56m[48;2;184;56;37m▀[0m[38;2;129;20;17m[48;2;209;38;33m▀[0m[38;2;131;11;8m[48;2;202;40;37m▀[0m[38;2;153;66;53m[48;2;178;66;45m▀[0m[38;2;247;197;181m[48;2;247;161;138m▀[0m[38;2;247;247;247m[48;2;247;203;193m▀[0m[38;2;247;160;159m[48;2;247;152;129m▀[0m[38;2;247;222;225m[48;2;247;208;205m▀[0m[38;2;188;224;227m[48;2;123;152;152m▀[0m[38;2;135;169;168m[48;2;119;159;160m▀[0m[38;2;170;199;196m[48;2;228;247;247m▀[0m[38;2;215;247;247m[48;2;235;247;247m▀[0m[38;2;234;247;247m[48;2;220;247;247m▀[0m[38;2;217;245;246m[48;2;212;246;246m▀[0m[38;2;211;246;247m[48;2;210;246;247m▀[0m[38;2;209;245;247m[48;2;208;244;247m▀[0m[38;2;206;244;247m[48;2;206;244;247m▀[0m[38;2;203;242;247m[48;2;202;241;247m▀[0m[38;2;200;239;247m[48;2;198;239;247m▀[0m[38;2;199;238;247m[48;2;198;239;247m▀[0m[38;2;195;236;247m[48;2;195;234;245m▀[0m[38;2;191;231;241m[48;2;192;230;241m▀[0m[38;2;192;229;239m[48;2;194;229;239m▀[0m[38;2;192;227;235m[48;2;192;227;235m▀[0m[38;2;190;226;232m[48;2;189;223;231m▀[0m[38;2;187;221;229m[48;2;184;219;229m▀[0m[38;2;181;218;228m[48;2;175;216;226m▀[0m[38;2;184;214;220m[48;2;189;212;219m▀[0m[38;2;190;211;216m[48;2;182;211;216m▀[0m[38;2;177;212;220m[48;2;176;211;219m▀[0m[38;2;190;216;226m[48;2;194;222;229m▀[0m[38;2;229;247;247m[48;2;225;243;247m▀[0m[38;2;98;113;115m[48;2;75;88;85m▀[0m[38;2;0;0;0m[48;2;0;0;0m▀[0m[38;2;0;0;0m[48;2;0;0;0m▀[0m[38;2;200;212;215m[48;2;219;232;233m▀[0m[38;2;206;217;224m[48;2;198;209;217m▀[0m[38;2;179;188;188m[48;2;176;185;185m▀[0m[38;2;173;177;180m[48;2;171;177;180m▀[0m
[38;2;171;174;178m[48;2;171;174;176m▀[0m[38;2;173;177;180m[48;2;171;175;178m▀[0m[38;2;177;180;180m[48;2;173;181;180m▀[0m[38;2;190;196;199m[48;2;185;191;194m▀[0m[38;2;234;241;246m[48;2;244;247;247m▀[0m[38;2;0;0;0m[48;2;28;30;31m▀[0m[38;2;0;0;0m[48;2;0;0;0m▀[0m[38;2;0;0;0m[48;2;0;0;0m▀[0m[38;2;244;247;247m[48;2;160;174;176m▀[0m[38;2;203;225;228m[48;2;238;247;247m▀[0m[38;2;185;209;217m[48;2;189;208;215m▀[0m[38;2;177;206;215m[48;2;177;207;215m▀[0m[38;2;184;208;215m[48;2;182;206;212m▀[0m[38;2;185;209;217m[48;2;185;211;216m▀[0m[38;2;184;213;219m[48;2;185;211;219m▀[0m[38;2;183;218;228m[48;2;183;216;226m▀[0m[38;2;187;221;231m[48;2;183;220;230m▀[0m[38;2;191;224;231m[48;2;189;222;230m▀[0m[38;2;189;226;236m[48;2;192;225;232m▀[0m[38;2;191;229;237m[48;2;190;227;235m▀[0m[38;2;194;231;239m[48;2;193;230;238m▀[0m[38;2;196;235;242m[48;2;194;232;239m▀[0m[38;2;198;239;247m[48;2;198;237;247m▀[0m[38;2;200;241;247m[48;2;200;239;247m▀[0m[38;2;205;243;247m[48;2;202;241;247m▀[0m[38;2;208;244;247m[48;2;206;244;247m▀[0m[38;2;210;244;247m[48;2;208;246;247m▀[0m[38;2;212;247;247m[48;2;211;244;247m▀[0m[38;2;215;247;247m[48;2;212;245;247m▀[0m[38;2;228;247;247m[48;2;216;247;247m▀[0m[38;2;247;247;247m[48;2;239;247;247m▀[0m[38;2;64;119;121m[48;2;191;230;230m▀[0m[38;2;129;159;166m[48;2;143;176;177m▀[0m[38;2;247;211;216m[48;2;247;194;201m▀[0m[38;2;247;160;150m[48;2;247;160;153m▀[0m[38;2;247;147;114m[48;2;247;170;135m▀[0m[38;2;247;113;80m[48;2;136;43;21m▀[0m[38;2;164;53;45m[48;2;210;136;129m▀[0m[38;2;198;53;52m[48;2;220;80;73m▀[0m[38;2;169;42;38m[48;2;171;60;53m▀[0m[38;2;203;65;47m[48;2;236;134;121m▀[0m[38;2;247;115;90m[48;2;193;69;46m▀[0m[38;2;247;144;121m[48;2;247;153;124m▀[0m[38;2;247;145;117m[48;2;247;145;124m▀[0m[38;2;247;196;193m[48;2;230;182;179m▀[0m[38;2;85;121;121m[48;2;150;196;198m▀[0m[38;2;140;187;187m[48;2;247;247;247m▀[0m[38;2;247;247;247m[48;2;232;247;247m▀[0m[38;2;227;247;247m[48;2;216;247;247m▀[0m[38;2;214;245;245m[48;2;212;245;246m▀[0m[38;2;211;246;246m[48;2;211;246;247m▀[0m[38;2;210;246;247m[48;2;208;244;247m▀[0m[38;2;208;244;247m[48;2;206;244;247m▀[0m[38;2;205;243;247m[48;2;203;242;247m▀[0m[38;2;199;240;247m[48;2;198;239;247m▀[0m[38;2;198;239;247m[48;2;198;239;247m▀[0m[38;2;197;238;247m[48;2;195;236;246m▀[0m[38;2;194;232;240m[48;2;193;230;238m▀[0m[38;2;192;230;238m[48;2;191;231;236m▀[0m[38;2;193;228;238m[48;2;191;226;234m▀[0m[38;2;191;225;233m[48;2;191;223;232m▀[0m[38;2;188;221;232m[48;2;185;219;229m▀[0m[38;2;183;218;229m[48;2;178;217;226m▀[0m[38;2;182;215;223m[48;2;185;211;219m▀[0m[38;2;188;211;217m[48;2;183;211;216m▀[0m[38;2;180;209;215m[48;2;177;210;213m▀[0m[38;2;179;211;219m[48;2;183;212;220m▀[0m[38;2;203;226;230m[48;2;218;240;244m▀[0m[38;2;219;238;246m[48;2;186;208;214m▀[0m[38;2;33;49;49m[48;2;0;0;0m▀[0m[38;2;0;0;0m[48;2;0;0;0m▀[0m[38;2;0;0;0m[48;2;31;37;33m▀[0m[38;2;232;243;247m[48;2;238;247;247m▀[0m[38;2;194;203;207m[48;2;186;198;199m▀[0m[38;2;175;184;184m[48;2;174;177;179m▀[0m[38;2;171;177;180m[48;2;170;177;178m▀[0m
[38;2;170;174;175m[48;2;170;173;174m▀[0m[38;2;170;174;177m[48;2;170;174;175m▀[0m[38;2;171;179;178m[48;2;171;175;176m▀[0m[38;2;179;190;190m[48;2;175;186;184m▀[0m[38;2;244;247;247m[48;2;232;243;247m▀[0m[38;2;75;79;80m[48;2;122;128;134m▀[0m[38;2;0;0;0m[48;2;0;0;0m▀[0m[38;2;0;0;0m[48;2;0;0;0m▀[0m[38;2;11;12;8m[48;2;0;0;0m▀[0m[38;2;247;247;247m[48;2;148;161;158m▀[0m[38;2;199;217;223m[48;2;239;247;247m▀[0m[38;2;184;210;214m[48;2;189;208;215m▀[0m[38;2;178;204;214m[48;2;179;207;215m▀[0m[38;2;185;209;213m[48;2;181;207;212m▀[0m[38;2;184;210;218m[48;2;185;209;216m▀[0m[38;2;184;214;222m[48;2;184;210;218m▀[0m[38;2;184;218;228m[48;2;182;217;226m▀[0m[38;2;187;220;228m[48;2;185;220;230m▀[0m[38;2;194;224;231m[48;2;189;223;230m▀[0m[38;2;191;226;233m[48;2;191;226;232m▀[0m[38;2;194;229;237m[48;2;192;227;235m▀[0m[38;2;195;231;238m[48;2;195;230;238m▀[0m[38;2;197;233;241m[48;2;195;231;241m▀[0m[38;2;197;240;247m[48;2;196;237;243m▀[0m[38;2;198;241;247m[48;2;198;241;247m▀[0m[38;2;204;242;247m[48;2;201;239;247m▀[0m[38;2;206;244;247m[48;2;207;243;247m▀[0m[38;2;209;244;247m[48;2;206;244;247m▀[0m[38;2;210;244;247m[48;2;209;244;247m▀[0m[38;2;214;247;247m[48;2;210;244;247m▀[0m[38;2;218;247;247m[48;2;228;247;247m▀[0m[38;2;247;247;247m[48;2;206;244;245m▀[0m[38;2;189;226;227m[48;2;166;221;226m▀[0m[38;2;223;183;186m[48;2;188;180;180m▀[0m[38;2;247;169;161m[48;2;247;178;175m▀[0m[38;2;247;154;119m[48;2;247;178;144m▀[0m[38;2;125;32;14m[48;2;181;67;39m▀[0m[38;2;247;67;46m[48;2;247;50;31m▀[0m[38;2;247;58;44m[48;2;212;22;13m▀[0m[38;2;247;53;34m[48;2;230;30;13m▀[0m[38;2;247;76;54m[48;2;240;40;17m▀[0m[38;2;181;65;45m[48;2;207;96;76m▀[0m[38;2;247;148;119m[48;2;247;172;147m▀[0m[38;2;247;158;147m[48;2;247;171;167m▀[0m[38;2;200;185;185m[48;2;182;199;200m▀[0m[38;2;186;240;242m[48;2;161;217;217m▀[0m[38;2;247;247;247m[48;2;224;247;247m▀[0m[38;2;221;247;247m[48;2;221;247;247m▀[0m[38;2;217;245;245m[48;2;213;244;247m▀[0m[38;2;212;246;247m[48;2;209;244;247m▀[0m[38;2;209;245;247m[48;2;208;244;247m▀[0m[38;2;206;244;247m[48;2;204;244;247m▀[0m[38;2;205;243;247m[48;2;202;240;247m▀[0m[38;2;201;242;247m[48;2;200;239;247m▀[0m[38;2;200;239;247m[48;2;197;239;247m▀[0m[38;2;196;239;247m[48;2;194;234;244m▀[0m[38;2;194;232;242m[48;2;194;230;240m▀[0m[38;2;193;230;238m[48;2;191;228;238m▀[0m[38;2;191;228;235m[48;2;191;226;234m▀[0m[38;2;192;226;234m[48;2;194;225;233m▀[0m[38;2;189;222;230m[48;2;187;220;230m▀[0m[38;2;183;218;228m[48;2;178;217;227m▀[0m[38;2;182;214;222m[48;2;183;211;219m▀[0m[38;2;185;209;216m[48;2;188;209;217m▀[0m[38;2;180;209;214m[48;2;179;210;217m▀[0m[38;2;176;210;217m[48;2;180;213;220m▀[0m[38;2;186;215;220m[48;2;202;222;229m▀[0m[38;2;245;247;247m[48;2;247;247;247m▀[0m[38;2;141;156;158m[48;2;17;19;19m▀[0m[38;2;0;0;0m[48;2;0;0;0m▀[0m[38;2;0;0;0m[48;2;0;0;0m▀[0m[38;2;78;85;84m[48;2;129;139;141m▀[0m[38;2;236;247;247m[48;2;227;244;245m▀[0m[38;2;179;193;191m[48;2;175;184;182m▀[0m[38;2;171;175;178m[48;2;170;174;177m▀[0m[38;2;170;176;177m[48;2;171;175;176m▀[0m
[38;2;170;173;175m[48;2;170;172;173m▀[0m[38;2;171;174;175m[48;2;170;173;175m▀[0m[38;2;170;174;175m[48;2;168;174;175m▀[0m[38;2;173;179;183m[48;2;172;178;182m▀[0m[38;2;218;230;231m[48;2;200;215;213m▀[0m[38;2;173;184;187m[48;2;214;230;231m▀[0m[38;2;0;0;0m[48;2;0;0;0m▀[0m[38;2;0;0;0m[48;2;0;0;0m▀[0m[38;2;0;0;0m[48;2;0;0;0m▀[0m[38;2;0;0;0m[48;2;0;0;0m▀[0m[38;2;241;247;247m[48;2;90;97;93m▀[0m[38;2;208;226;234m[48;2;247;247;247m▀[0m[38;2;188;209;217m[48;2;194;213;218m▀[0m[38;2;178;207;215m[48;2;185;209;217m▀[0m[38;2;184;208;214m[48;2;179;206;216m▀[0m[38;2;186;209;216m[48;2;188;209;214m▀[0m[38;2;182;214;223m[48;2;184;210;220m▀[0m[38;2;178;219;229m[48;2;182;217;226m▀[0m[38;2;186;220;230m[48;2;185;220;228m▀[0m[38;2;191;224;231m[48;2;188;220;231m▀[0m[38;2;191;226;233m[48;2;191;225;232m▀[0m[38;2;193;228;238m[48;2;192;227;235m▀[0m[38;2;195;230;241m[48;2;194;229;239m▀[0m[38;2;194;234;240m[48;2;194;231;239m▀[0m[38;2;197;240;246m[48;2;196;235;242m▀[0m[38;2;200;239;247m[48;2;198;239;247m▀[0m[38;2;203;241;247m[48;2;201;239;247m▀[0m[38;2;206;244;247m[48;2;204;242;247m▀[0m[38;2;208;244;247m[48;2;204;247;247m▀[0m[38;2;209;243;247m[48;2;212;245;247m▀[0m[38;2;227;247;247m[48;2;220;247;247m▀[0m[38;2;188;221;221m[48;2;161;199;202m▀[0m[38;2;201;247;247m[48;2;229;247;247m▀[0m[38;2;164;188;192m[48;2;193;247;247m▀[0m[38;2;245;179;182m[48;2;197;166;174m▀[0m[38;2;247;162;143m[48;2;247;186;186m▀[0m[38;2;247;133;97m[48;2;247;181;161m▀[0m[38;2;207;31;11m[48;2;197;73;54m▀[0m[38;2;0;0;0m[48;2;61;0;0m▀[0m[38;2;0;0;0m[48;2;35;0;0m▀[0m[38;2;190;30;15m[48;2;192;75;57m▀[0m[38;2;247;145;118m[48;2;247;182;164m▀[0m[38;2;247;161;145m[48;2;247;182;182m▀[0m[38;2;230;181;177m[48;2;169;161;161m▀[0m[38;2;175;222;220m[48;2;208;247;247m▀[0m[38;2;177;223;224m[48;2;200;231;236m▀[0m[38;2;203;231;233m[48;2;175;208;213m▀[0m[38;2;221;247;247m[48;2;227;247;247m▀[0m[38;2;210;247;247m[48;2;210;245;247m▀[0m[38;2;208;244;247m[48;2;208;244;247m▀[0m[38;2;207;243;247m[48;2;204;242;247m▀[0m[38;2;202;241;247m[48;2;200;241;247m▀[0m[38;2;200;238;247m[48;2;197;238;247m▀[0m[38;2;198;239;247m[48;2;197;238;247m▀[0m[38;2;197;236;246m[48;2;194;233;241m▀[0m[38;2;195;231;241m[48;2;194;230;240m▀[0m[38;2;194;229;240m[48;2;193;228;238m▀[0m[38;2;190;227;235m[48;2;189;226;234m▀[0m[38;2;190;225;232m[48;2;191;223;231m▀[0m[38;2;189;221;230m[48;2;188;218;229m▀[0m[38;2;180;219;228m[48;2;179;217;227m▀[0m[38;2;181;215;224m[48;2;184;210;220m▀[0m[38;2;185;208;216m[48;2;190;208;216m▀[0m[38;2;182;208;216m[48;2;178;210;218m▀[0m[38;2;178;211;220m[48;2;183;212;220m▀[0m[38;2;190;211;219m[48;2;214;235;243m▀[0m[38;2;245;247;247m[48;2;230;247;247m▀[0m[38;2;147;161;166m[48;2;0;0;0m▀[0m[38;2;0;0;0m[48;2;0;0;0m▀[0m[38;2;0;0;0m[48;2;0;0;0m▀[0m[38;2;0;0;0m[48;2;0;0;0m▀[0m[38;2;179;188;192m[48;2;221;231;235m▀[0m[38;2;216;230;230m[48;2;204;213;215m▀[0m[38;2;175;183;183m[48;2;174;182;185m▀[0m[38;2;170;176;179m[48;2;171;175;178m▀[0m[38;2;169;175;176m[48;2;171;175;176m▀[0m
[38;2;169;171;172m[48;2;167;171;171m▀[0m[38;2;170;173;175m[48;2;169;172;173m▀[0m[38;2;169;173;176m[48;2;169;173;176m▀[0m[38;2;173;179;183m[48;2;178;180;185m▀[0m[38;2;192;199;201m[48;2;180;183;187m▀[0m[38;2;247;247;247m[48;2;206;221;223m▀[0m[38;2;12;14;14m[48;2;94;102;104m▀[0m[38;2;0;0;0m[48;2;0;0;0m▀[0m[38;2;0;0;0m[48;2;0;0;0m▀[0m[38;2;0;0;0m[48;2;0;0;0m▀[0m[38;2;0;0;0m[48;2;0;0;0m▀[0m[38;2;179;193;194m[48;2;0;0;0m▀[0m[38;2;232;247;247m[48;2;232;247;247m▀[0m[38;2;188;211;217m[48;2;217;236;245m▀[0m[38;2;181;212;217m[48;2;188;210;216m▀[0m[38;2;186;208;215m[48;2;181;212;219m▀[0m[38;2;186;209;217m[48;2;183;209;216m▀[0m[38;2;184;214;223m[48;2;184;212;218m▀[0m[38;2;183;220;231m[48;2;182;216;224m▀[0m[38;2;187;220;230m[48;2;184;219;229m▀[0m[38;2;189;222;232m[48;2;188;220;229m▀[0m[38;2;192;226;233m[48;2;191;225;232m▀[0m[38;2;193;226;235m[48;2;192;226;234m▀[0m[38;2;194;229;238m[48;2;193;228;236m▀[0m[38;2;194;232;240m[48;2;193;230;240m▀[0m[38;2;195;238;246m[48;2;194;234;242m▀[0m[38;2;200;239;247m[48;2;196;239;247m▀[0m[38;2;201;239;247m[48;2;199;240;247m▀[0m[38;2;203;241;247m[48;2;205;244;247m▀[0m[38;2;227;247;247m[48;2;200;236;242m▀[0m[38;2;194;222;227m[48;2;152;181;189m▀[0m[38;2;170;204;208m[48;2;210;247;247m▀[0m[38;2;230;247;247m[48;2;214;247;247m▀[0m[38;2;229;247;247m[48;2;219;247;247m▀[0m[38;2;173;208;214m[48;2;212;247;247m▀[0m[38;2;229;178;186m[48;2;216;233;238m▀[0m[38;2;247;193;193m[48;2;247;192;202m▀[0m[38;2;247;147;128m[48;2;247;190;194m▀[0m[38;2;183;0;0m[48;2;247;177;165m▀[0m[38;2;184;20;4m[48;2;247;171;154m▀[0m[38;2;247;145;126m[48;2;247;187;187m▀[0m[38;2;247;187;189m[48;2;247;190;199m▀[0m[38;2;223;181;189m[48;2;218;239;244m▀[0m[38;2;161;212;215m[48;2;208;247;247m▀[0m[38;2;233;247;247m[48;2;214;247;247m▀[0m[38;2;219;247;247m[48;2;225;247;247m▀[0m[38;2;154;187;190m[48;2;177;212;219m▀[0m[38;2;219;247;247m[48;2;172;206;210m▀[0m[38;2;215;247;247m[48;2;230;247;247m▀[0m[38;2;210;245;247m[48;2;200;243;247m▀[0m[38;2;201;242;247m[48;2;198;241;247m▀[0m[38;2;200;239;247m[48;2;199;243;247m▀[0m[38;2;197;240;247m[48;2;197;236;244m▀[0m[38;2;196;234;244m[48;2;195;231;241m▀[0m[38;2;194;231;239m[48;2;192;230;238m▀[0m[38;2;194;229;237m[48;2;193;227;235m▀[0m[38;2;191;226;236m[48;2;192;225;233m▀[0m[38;2;190;225;232m[48;2;188;222;230m▀[0m[38;2;189;219;230m[48;2;184;218;229m▀[0m[38;2;185;218;229m[48;2;183;217;228m▀[0m[38;2;182;215;224m[48;2;184;212;220m▀[0m[38;2;186;209;217m[48;2;191;209;219m▀[0m[38;2;187;211;217m[48;2;184;214;220m▀[0m[38;2;177;212;218m[48;2;185;213;218m▀[0m[38;2;195;214;222m[48;2;247;247;247m▀[0m[38;2;247;247;247m[48;2;155;172;176m▀[0m[38;2;66;74;74m[48;2;0;0;0m▀[0m[38;2;0;0;0m[48;2;0;0;0m▀[0m[38;2;0;0;0m[48;2;0;0;0m▀[0m[38;2;0;0;0m[48;2;0;0;0m▀[0m[38;2;27;31;32m[48;2;91;104;105m▀[0m[38;2;207;222;226m[48;2;177;194;195m▀[0m[38;2;170;174;175m[48;2;165;172;172m▀[0m[38;2;180;186;194m[48;2;181;186;191m▀[0m[38;2;171;175;178m[48;2;171;175;178m▀[0m[38;2;171;175;176m[48;2;170;174;175m▀[0m
[38;2;168;171;172m[48;2;168;171;171m▀[0m[38;2;169;171;172m[48;2;169;171;172m▀[0m[38;2;169;172;174m[48;2;168;171;172m▀[0m[38;2;177;179;184m[48;2;171;174;178m▀[0m[38;2;178;185;185m[48;2;197;200;204m▀[0m[38;2;126;133;135m[48;2;104;112;112m▀[0m[38;2;175;184;191m[48;2;205;215;224m▀[0m[38;2;0;0;0m[48;2;0;0;0m▀[0m[38;2;0;0;0m[48;2;0;0;0m▀[0m[38;2;0;0;0m[48;2;0;83;85m▀[0m[38;2;0;0;0m[48;2;27;136;132m▀[0m[38;2;0;0;0m[48;2;11;79;80m▀[0m[38;2;33;27;20m[48;2;0;0;0m▀[0m[38;2;247;247;247m[48;2;60;70;70m▀[0m[38;2;211;230;235m[48;2;247;247;247m▀[0m[38;2;185;216;220m[48;2;210;231;239m▀[0m[38;2;183;212;220m[48;2;190;216;224m▀[0m[38;2;183;209;217m[48;2;188;211;221m▀[0m[38;2;183;214;221m[48;2;187;211;218m▀[0m[38;2;180;219;228m[48;2;181;215;223m▀[0m[38;2;183;220;230m[48;2;182;219;229m▀[0m[38;2;189;222;230m[48;2;186;219;230m▀[0m[38;2;191;226;232m[48;2;190;222;231m▀[0m[38;2;192;226;234m[48;2;190;226;232m▀[0m[38;2;191;229;236m[48;2;191;226;234m▀[0m[38;2;195;231;239m[48;2;192;229;237m▀[0m[38;2;195;233;243m[48;2;194;230;241m▀[0m[38;2;201;240;247m[48;2;197;232;243m▀[0m[38;2;209;247;247m[48;2;200;240;245m▀[0m[38;2;160;197;209m[48;2;201;247;247m▀[0m[38;2;185;227;236m[48;2;205;243;247m▀[0m[38;2;215;247;247m[48;2;201;239;247m▀[0m[38;2;212;246;247m[48;2;206;241;247m▀[0m[38;2;208;247;247m[48;2;207;247;247m▀[0m[38;2;212;247;247m[48;2;206;247;247m▀[0m[38;2;215;247;247m[48;2;220;247;247m▀[0m[38;2;228;236;247m[48;2;247;176;171m▀[0m[38;2;240;201;220m[48;2;245;102;76m▀[0m[38;2;247;235;237m[48;2;227;144;123m▀[0m[38;2;247;224;218m[48;2;244;151;124m▀[0m[38;2;244;198;207m[48;2;235;94;71m▀[0m[38;2;234;225;234m[48;2;247;205;204m▀[0m[38;2;220;247;247m[48;2;210;247;247m▀[0m[38;2;209;247;247m[48;2;203;247;247m▀[0m[38;2;207;247;247m[48;2;207;243;247m▀[0m[38;2;208;244;247m[48;2;204;245;247m▀[0m[38;2;221;247;247m[48;2;199;244;247m▀[0m[38;2;155;189;193m[48;2;204;247;247m▀[0m[38;2;163;199;206m[48;2;158;193;203m▀[0m[38;2;207;247;247m[48;2;194;232;242m▀[0m[38;2;201;242;247m[48;2;202;240;247m▀[0m[38;2;198;237;247m[48;2;194;232;240m▀[0m[38;2;196;231;240m[48;2;194;230;240m▀[0m[38;2;194;230;238m[48;2;194;229;237m▀[0m[38;2;193;228;236m[48;2;193;226;234m▀[0m[38;2;193;226;233m[48;2;191;224;232m▀[0m[38;2;191;224;231m[48;2;187;220;230m▀[0m[38;2;186;219;231m[48;2;184;219;229m▀[0m[38;2;183;218;229m[48;2;182;216;226m▀[0m[38;2;181;213;223m[48;2;187;210;220m▀[0m[38;2;187;209;217m[48;2;194;217;227m▀[0m[38;2;187;216;225m[48;2;187;220;225m▀[0m[38;2;190;213;224m[48;2;230;247;247m▀[0m[38;2;233;247;247m[48;2;226;247;247m▀[0m[38;2;209;233;239m[48;2;0;0;0m▀[0m[38;2;0;0;0m[48;2;0;0;0m▀[0m[38;2;0;0;0m[48;2;0;0;0m▀[0m[38;2;0;0;0m[48;2;0;0;0m▀[0m[38;2;0;0;0m[48;2;0;0;0m▀[0m[38;2;0;0;0m[48;2;0;0;0m▀[0m[38;2;157;173;175m[48;2;198;218;223m▀[0m[38;2;153;166;166m[48;2;134;142;142m▀[0m[38;2;185;189;189m[48;2;194;198;199m▀[0m[38;2;175;179;182m[48;2;168;176;178m▀[0m[38;2;171;175;176m[48;2;170;174;177m▀[0m[38;2;171;174;176m[48;2;170;172;173m▀[0m
[38;2;167;170;170m[48;2;167;169;169m▀[0m[38;2;168;170;171m[48;2;167;170;170m▀[0m[38;2;168;170;170m[48;2;168;170;171m▀[0m[38;2;170;172;172m[48;2;168;170;171m▀[0m[38;2;199;201;209m[48;2;181;184;186m▀[0m[38;2;119;122;122m[48;2;176;179;183m▀[0m[38;2;175;186;190m[48;2;110;116;115m▀[0m[38;2;76;63;67m[48;2;179;179;183m▀[0m[38;2;0;35;39m[48;2;0;4;5m▀[0m[38;2;44;168;175m[48;2;0;0;0m▀[0m[38;2;32;70;68m[48;2;0;0;0m▀[0m[38;2;16;51;63m[48;2;8;44;51m▀[0m[38;2;22;104;116m[48;2;0;0;0m▀[0m[38;2;0;0;0m[48;2;0;0;0m▀[0m[38;2;53;47;44m[48;2;0;0;0m▀[0m[38;2;247;247;247m[48;2;38;41;37m▀[0m[38;2;218;241;247m[48;2;244;247;247m▀[0m[38;2;194;218;225m[48;2;238;247;247m▀[0m[38;2;191;214;225m[48;2;196;220;230m▀[0m[38;2;182;212;224m[48;2;187;221;226m▀[0m[38;2;182;216;225m[48;2;178;219;224m▀[0m[38;2;184;220;229m[48;2;182;216;225m▀[0m[38;2;187;219;230m[48;2;182;219;229m▀[0m[38;2;191;224;231m[48;2;187;220;230m▀[0m[38;2;192;226;233m[48;2;194;224;231m▀[0m[38;2;192;226;235m[48;2;192;226;233m▀[0m[38;2;190;230;240m[48;2;190;227;234m▀[0m[38;2;193;231;242m[48;2;192;229;239m▀[0m[38;2;194;232;242m[48;2;192;232;242m▀[0m[38;2;197;235;243m[48;2;194;233;241m▀[0m[38;2;199;237;245m[48;2;191;231;243m▀[0m[38;2;193;238;247m[48;2;209;239;245m▀[0m[38;2;194;239;247m[48;2;247;247;247m▀[0m[38;2;194;239;247m[48;2;223;242;246m▀[0m[38;2;203;247;247m[48;2;191;247;247m▀[0m[38;2;211;209;221m[48;2;205;239;247m▀[0m[38;2;247;67;34m[48;2;247;84;50m▀[0m[38;2;247;99;52m[48;2;247;116;86m▀[0m[38;2;15;0;0m[48;2;178;37;26m▀[0m[38;2;0;0;0m[48;2;208;77;69m▀[0m[38;2;247;32;0m[48;2;247;92;67m▀[0m[38;2;247;100;74m[48;2;247;97;76m▀[0m[38;2;206;247;247m[48;2;192;247;247m▀[0m[38;2;199;247;247m[48;2;192;247;247m▀[0m[38;2;193;240;247m[48;2;214;243;247m▀[0m[38;2;187;239;247m[48;2;247;247;247m▀[0m[38;2;191;238;247m[48;2;228;242;244m▀[0m[38;2;196;236;247m[48;2;184;234;245m▀[0m[38;2;205;244;247m[48;2;197;232;240m▀[0m[38;2;200;233;241m[48;2;194;232;242m▀[0m[38;2;195;231;241m[48;2;193;230;240m▀[0m[38;2;194;230;241m[48;2;193;228;238m▀[0m[38;2;193;228;238m[48;2;191;226;234m▀[0m[38;2;192;227;235m[48;2;192;225;233m▀[0m[38;2;191;225;232m[48;2;190;220;231m▀[0m[38;2;188;221;231m[48;2;184;219;230m▀[0m[38;2;185;219;230m[48;2;182;220;229m▀[0m[38;2;183;216;225m[48;2;186;215;226m▀[0m[38;2;188;211;219m[48;2;194;216;226m▀[0m[38;2;198;220;227m[48;2;199;227;233m▀[0m[38;2;194;223;230m[48;2;247;247;247m▀[0m[38;2;236;247;247m[48;2;199;226;232m▀[0m[38;2;223;247;247m[48;2;0;0;0m▀[0m[38;2;0;0;0m[48;2;0;0;0m▀[0m[38;2;0;0;0m[48;2;0;0;0m▀[0m[38;2;0;0;0m[48;2;0;0;0m▀[0m[38;2;0;0;0m[48;2;0;0;0m▀[0m[38;2;0;0;0m[48;2;0;0;0m▀[0m[38;2;0;0;0m[48;2;0;0;0m▀[0m[38;2;75;84;90m[48;2;163;180;188m▀[0m[38;2;182;196;201m[48;2;124;131;131m▀[0m[38;2;144;153;151m[48;2;184;192;192m▀[0m[38;2;192;194;197m[48;2;176;184;188m▀[0m[38;2;168;176;178m[48;2;172;176;180m▀[0m[38;2;172;172;176m[48;2;169;171;171m▀[0m[38;2;168;170;171m[48;2;169;171;171m▀[0m
[38;2;165;168;169m[48;2;166;169;171m▀[0m[38;2;167;170;171m[48;2;168;170;171m▀[0m[38;2;168;170;171m[48;2;167;169;170m▀[0m[38;2;169;171;172m[48;2;169;171;171m▀[0m[38;2;168;171;172m[48;2;172;175;169m▀[0m[38;2;201;203;207m[48;2;183;182;182m▀[0m[38;2;117;123;124m[48;2;184;184;191m▀[0m[38;2;183;194;192m[48;2;124;134;132m▀[0m[38;2;2;0;0m[48;2;123;129;132m▀[0m[38;2;0;0;0m[48;2;0;0;0m▀[0m[38;2;0;0;0m[48;2;0;0;0m▀[0m[38;2;0;0;0m[48;2;0;0;0m▀[0m[38;2;0;0;0m[48;2;0;0;0m▀[0m[38;2;0;0;0m[48;2;0;0;0m▀[0m[38;2;0;0;0m[48;2;0;0;0m▀[0m[38;2;0;0;0m[48;2;0;0;0m▀[0m[38;2;0;0;0m[48;2;0;0;0m▀[0m[38;2;195;217;224m[48;2;0;0;0m▀[0m[38;2;247;247;247m[48;2;117;131;135m▀[0m[38;2;207;231;241m[48;2;247;247;247m▀[0m[38;2;187;223;230m[48;2;234;247;247m▀[0m[38;2;181;219;228m[48;2;193;226;234m▀[0m[38;2;179;220;231m[48;2;186;224;231m▀[0m[38;2;184;219;229m[48;2;183;224;233m▀[0m[38;2;187;220;230m[48;2;182;221;234m▀[0m[38;2;190;223;231m[48;2;186;220;228m▀[0m[38;2;192;225;235m[48;2;190;222;231m▀[0m[38;2;190;227;235m[48;2;192;225;235m▀[0m[38;2;191;229;237m[48;2;190;227;234m▀[0m[38;2;194;231;241m[48;2;187;227;237m▀[0m[38;2;185;233;242m[48;2;192;232;238m▀[0m[38;2;229;244;245m[48;2;225;243;244m▀[0m[38;2;247;247;247m[48;2;213;241;246m▀[0m[38;2;247;247;247m[48;2;201;236;247m▀[0m[38;2;190;240;247m[48;2;186;239;247m▀[0m[38;2;190;247;247m[48;2;187;247;247m▀[0m[38;2;214;182;190m[48;2;192;247;247m▀[0m[38;2;247;39;17m[48;2;216;177;185m▀[0m[38;2;247;50;24m[48;2;247;81;54m▀[0m[38;2;247;64;43m[48;2;247;92;71m▀[0m[38;2;247;89;67m[48;2;189;218;218m▀[0m[38;2;178;219;229m[48;2;198;247;247m▀[0m[38;2;198;247;247m[48;2;194;245;247m▀[0m[38;2;182;241;247m[48;2;188;237;247m▀[0m[38;2;247;247;247m[48;2;195;236;242m▀[0m[38;2;247;247;247m[48;2;206;237;244m▀[0m[38;2;247;247;245m[48;2;202;235;242m▀[0m[38;2;189;233;242m[48;2;196;232;239m▀[0m[38;2;195;231;239m[48;2;192;229;237m▀[0m[38;2;192;230;240m[48;2;192;226;235m▀[0m[38;2;191;227;238m[48;2;192;225;233m▀[0m[38;2;192;226;233m[48;2;190;223;231m▀[0m[38;2;191;225;233m[48;2;186;220;231m▀[0m[38;2;189;221;230m[48;2;185;222;234m▀[0m[38;2;183;220;234m[48;2;184;226;239m▀[0m[38;2;182;221;232m[48;2;188;226;235m▀[0m[38;2;188;221;227m[48;2;199;228;236m▀[0m[38;2;195;220;229m[48;2;243;247;247m▀[0m[38;2;215;239;247m[48;2;247;247;247m▀[0m[38;2;247;247;247m[48;2;80;89;93m▀[0m[38;2;155;173;174m[48;2;0;0;0m▀[0m[38;2;0;0;0m[48;2;0;0;0m▀[0m[38;2;0;0;0m[48;2;0;0;0m▀[0m[38;2;0;0;0m[48;2;0;0;0m▀[0m[38;2;0;0;0m[48;2;0;0;0m▀[0m[38;2;0;0;0m[48;2;0;0;0m▀[0m[38;2;0;0;0m[48;2;0;0;0m▀[0m[38;2;0;0;0m[48;2;0;0;0m▀[0m[38;2;10;13;13m[48;2;130;142;145m▀[0m[38;2;181;200;200m[48;2;125;137;134m▀[0m[38;2;112;121;117m[48;2;172;180;182m▀[0m[38;2;202;206;210m[48;2;184;192;194m▀[0m[38;2;170;178;182m[48;2;170;177;172m▀[0m[38;2;173;172;173m[48;2;169;171;172m▀[0m[38;2;167;171;170m[48;2;167;170;171m▀[0m[38;2;167;169;170m[48;2;166;168;169m▀[0m
[38;2;166;169;170m[48;2;170;172;173m▀[0m[38;2;168;170;171m[48;2;172;171;172m▀[0m[38;2;169;169;170m[48;2;168;168;169m▀[0m[38;2;170;170;171m[48;2;167;170;169m▀[0m[38;2;173;173;170m[48;2;175;175;176m▀[0m[38;2;171;174;173m[48;2;176;179;181m▀[0m[38;2;202;206;207m[48;2;188;191;193m▀[0m[38;2;144;150;153m[48;2;191;197;198m▀[0m[38;2;127;141;141m[48;2;103;119;119m▀[0m[38;2;0;0;0m[48;2;115;126;126m▀[0m[38;2;0;0;0m[48;2;0;0;0m▀[0m[38;2;0;0;0m[48;2;0;0;0m▀[0m[38;2;1;12;10m[48;2;0;0;0m▀[0m[38;2;50;110;113m[48;2;0;0;0m▀[0m[38;2;56;113;117m[48;2;0;0;0m▀[0m[38;2;55;128;129m[48;2;0;0;0m▀[0m[38;2;47;119;120m[48;2;0;0;0m▀[0m[38;2;0;0;0m[48;2;0;0;0m▀[0m[38;2;0;0;0m[48;2;0;0;0m▀[0m[38;2;23;30;26m[48;2;0;0;0m▀[0m[38;2;198;220;227m[48;2;0;0;0m▀[0m[38;2;247;247;247m[48;2;89;97;97m▀[0m[38;2;217;247;247m[48;2;229;247;247m▀[0m[38;2;191;226;234m[48;2;247;247;247m▀[0m[38;2;186;229;237m[48;2;218;247;247m▀[0m[38;2;188;223;238m[48;2;194;233;244m▀[0m[38;2;185;219;229m[48;2;192;230;242m▀[0m[38;2;187;221;229m[48;2;185;227;236m▀[0m[38;2;191;223;232m[48;2;190;224;232m▀[0m[38;2;191;226;233m[48;2;188;222;234m▀[0m[38;2;185;228;234m[48;2;190;224;232m▀[0m[38;2;184;229;237m[48;2;192;225;232m▀[0m[38;2;180;230;240m[48;2;192;226;233m▀[0m[38;2;184;231;242m[48;2;192;226;235m▀[0m[38;2;193;231;246m[48;2;193;230;237m▀[0m[38;2;192;241;247m[48;2;192;240;247m▀[0m[38;2;189;247;247m[48;2;193;243;247m▀[0m[38;2;227;247;247m[48;2;247;247;247m▀[0m[38;2;184;156;156m[48;2;90;125;128m▀[0m[38;2;161;152;143m[48;2;90;132;141m▀[0m[38;2;236;247;247m[48;2;247;247;247m▀[0m[38;2;198;247;247m[48;2;198;246;247m▀[0m[38;2;193;242;247m[48;2;200;239;247m▀[0m[38;2;194;232;240m[48;2;196;232;236m▀[0m[38;2;189;232;241m[48;2;194;228;239m▀[0m[38;2;184;231;240m[48;2;193;228;235m▀[0m[38;2;182;226;238m[48;2;192;225;233m▀[0m[38;2;187;227;235m[48;2;190;224;231m▀[0m[38;2;191;226;234m[48;2;188;223;231m▀[0m[38;2;191;224;232m[48;2;191;225;233m▀[0m[38;2;188;222;230m[48;2;189;226;237m▀[0m[38;2;189;221;229m[48;2;192;228;243m▀[0m[38;2;186;225;236m[48;2;193;233;243m▀[0m[38;2;192;229;240m[48;2;220;247;247m▀[0m[38;2;194;227;240m[48;2;247;247;247m▀[0m[38;2;226;247;247m[48;2;216;247;247m▀[0m[38;2;247;247;247m[48;2;62;69;72m▀[0m[38;2;174;196;207m[48;2;0;0;0m▀[0m[38;2;0;0;0m[48;2;0;0;0m▀[0m[38;2;0;0;0m[48;2;0;0;0m▀[0m[38;2;0;0;0m[48;2;0;0;0m▀[0m[38;2;0;0;0m[48;2;0;0;0m▀[0m[38;2;0;0;0m[48;2;0;1;1m▀[0m[38;2;0;1;1m[48;2;1;1;1m▀[0m[38;2;0;0;0m[48;2;0;0;0m▀[0m[38;2;0;0;0m[48;2;0;0;0m▀[0m[38;2;0;0;0m[48;2;0;0;0m▀[0m[38;2;0;0;0m[48;2;154;171;171m▀[0m[38;2;175;193;192m[48;2;150;165;161m▀[0m[38;2;128;133;134m[48;2;177;182;187m▀[0m[38;2;203;211;215m[48;2;190;197;201m▀[0m[38;2;170;179;181m[48;2;175;177;178m▀[0m[38;2;169;172;172m[48;2;172;171;171m▀[0m[38;2;170;170;171m[48;2;167;169;169m▀[0m[38;2;169;169;170m[48;2;167;169;169m▀[0m[38;2;167;169;169m[48;2;167;169;170m▀[0m
[38;2;106;109;108m[48;2;170;170;168m▀[0m[38;2;165;167;167m[48;2;168;170;170m▀[0m[38;2;170;167;171m[48;2;169;166;166m▀[0m[38;2;164;170;170m[48;2;176;178;176m▀[0m[38;2;161;167;168m[48;2;108;114;115m▀[0m[38;2;179;185;186m[48;2;73;81;83m▀[0m[38;2;203;205;206m[48;2;219;224;228m▀[0m[38;2;194;196;200m[48;2;64;64;64m▀[0m[38;2;72;80;80m[48;2;40;40;40m▀[0m[38;2;238;247;247m[48;2;247;247;247m▀[0m[38;2;28;28;28m[48;2;202;213;215m▀[0m[38;2;0;0;0m[48;2;0;0;0m▀[0m[38;2;0;0;0m[48;2;0;0;0m▀[0m[38;2;0;0;0m[48;2;0;0;0m▀[0m[38;2;0;0;0m[48;2;0;0;0m▀[0m[38;2;0;0;0m[48;2;0;0;0m▀[0m[38;2;0;0;0m[48;2;0;0;0m▀[0m[38;2;0;0;0m[48;2;0;0;0m▀[0m[38;2;0;0;0m[48;2;0;0;0m▀[0m[38;2;0;0;0m[48;2;0;0;0m▀[0m[38;2;0;0;0m[48;2;0;0;0m▀[0m[38;2;0;0;0m[48;2;0;0;0m▀[0m[38;2;0;0;0m[48;2;0;0;0m▀[0m[38;2;105;114;117m[48;2;0;0;0m▀[0m[38;2;215;245;247m[48;2;0;0;0m▀[0m[38;2;247;247;247m[48;2;33;27;27m▀[0m[38;2;235;247;247m[48;2;157;169;176m▀[0m[38;2;202;243;247m[48;2;226;247;247m▀[0m[38;2;193;226;239m[48;2;247;247;247m▀[0m[38;2;188;223;237m[48;2;240;247;247m▀[0m[38;2;189;223;234m[48;2;234;247;247m▀[0m[38;2;193;223;231m[48;2;230;247;247m▀[0m[38;2;192;224;231m[48;2;226;247;247m▀[0m[38;2;191;226;233m[48;2;226;247;247m▀[0m[38;2;194;228;239m[48;2;227;247;247m▀[0m[38;2;202;242;247m[48;2;221;247;247m▀[0m[38;2;247;247;247m[48;2;154;165;176m▀[0m[38;2;247;247;247m[48;2;0;0;0m▀[0m[38;2;0;0;0m[48;2;0;0;0m▀[0m[38;2;0;0;0m[48;2;0;0;0m▀[0m[38;2;247;247;247m[48;2;0;0;0m▀[0m[38;2;247;247;247m[48;2;130;210;223m▀[0m[38;2;204;247;247m[48;2;230;247;247m▀[0m[38;2;197;235;239m[48;2;241;247;247m▀[0m[38;2;194;229;233m[48;2;238;247;247m▀[0m[38;2;191;226;232m[48;2;232;247;247m▀[0m[38;2;190;224;234m[48;2;228;247;247m▀[0m[38;2;189;224;234m[48;2;233;247;247m▀[0m[38;2;190;226;232m[48;2;238;247;247m▀[0m[38;2;192;226;234m[48;2;247;247;247m▀[0m[38;2;198;235;247m[48;2;240;247;247m▀[0m[38;2;230;247;247m[48;2;176;198;209m▀[0m[38;2;247;247;247m[48;2;57;63;65m▀[0m[38;2;226;247;247m[48;2;0;0;0m▀[0m[38;2;94;110;118m[48;2;0;0;0m▀[0m[38;2;0;0;0m[48;2;0;0;0m▀[0m[38;2;0;0;0m[48;2;0;0;0m▀[0m[38;2;0;0;0m[48;2;0;0;0m▀[0m[38;2;0;0;0m[48;2;0;0;0m▀[0m[38;2;0;0;0m[48;2;0;0;0m▀[0m[38;2;0;0;0m[48;2;0;0;0m▀[0m[38;2;0;0;0m[48;2;0;0;0m▀[0m[38;2;0;1;0m[48;2;0;0;0m▀[0m[38;2;0;0;0m[48;2;0;0;0m▀[0m[38;2;0;0;0m[48;2;0;0;0m▀[0m[38;2;0;0;0m[48;2;0;0;0m▀[0m[38;2;43;49;49m[48;2;229;247;247m▀[0m[38;2;235;247;247m[48;2;219;231;239m▀[0m[38;2;54;72;77m[48;2;0;0;0m▀[0m[38;2;195;200;205m[48;2;79;79;81m▀[0m[38;2;195;198;199m[48;2;217;223;226m▀[0m[38;2;184;187;186m[48;2;153;156;156m▀[0m[38;2;173;172;169m[48;2;173;175;175m▀[0m[38;2;167;169;169m[48;2;168;168;168m▀[0m[38;2;166;168;168m[48;2;166;166;167m▀[0m[38;2;166;168;168m[48;2;164;166;166m▀[0m
[38;2;167;166;166m[48;2;165;165;165m▀[0m[38;2;168;167;167m[48;2;166;166;166m▀[0m[38;2;170;166;165m[48;2;167;166;166m▀[0m[38;2;171;170;168m[48;2;168;168;165m▀[0m[38;2;176;178;176m[48;2;176;178;176m▀[0m[38;2;127;134;136m[48;2;215;219;218m▀[0m[38;2;123;129;133m[48;2;150;158;157m▀[0m[38;2;0;0;0m[48;2;0;0;0m▀[0m[38;2;108;108;109m[48;2;149;152;153m▀[0m[38;2;225;230;237m[48;2;215;218;222m▀[0m[38;2;243;247;247m[48;2;205;208;216m▀[0m[38;2;137;145;145m[48;2;247;247;247m▀[0m[38;2;0;0;0m[48;2;58;62;56m▀[0m[38;2;0;0;0m[48;2;51;81;84m▀[0m[38;2;0;0;0m[48;2;99;140;145m▀[0m[38;2;18;32;30m[48;2;97;140;141m▀[0m[38;2;38;68;72m[48;2;90;116;120m▀[0m[38;2;48;89;93m[48;2;134;161;165m▀[0m[38;2;47;67;70m[48;2;218;247;247m▀[0m[38;2;75;104;105m[48;2;139;177;185m▀[0m[38;2;8;14;14m[48;2;148;202;208m▀[0m[38;2;73;117;123m[48;2;247;247;247m▀[0m[38;2;60;100;112m[48;2;247;247;247m▀[0m[38;2;44;89;92m[48;2;247;247;247m▀[0m[38;2;0;31;32m[48;2;241;247;247m▀[0m[38;2;0;0;0m[48;2;204;247;247m▀[0m[38;2;0;0;0m[48;2;186;247;247m▀[0m[38;2;0;0;0m[48;2;141;247;247m▀[0m[38;2;32;22;24m[48;2;100;204;208m▀[0m[38;2;80;77;84m[48;2;81;172;174m▀[0m[38;2;107;110;119m[48;2;76;166;165m▀[0m[38;2;118;128;135m[48;2;80;169;170m▀[0m[38;2;119;129;137m[48;2;82;194;187m▀[0m[38;2;104;121;130m[48;2;114;168;166m▀[0m[38;2;70;92;98m[48;2;131;186;188m▀[0m[38;2;28;47;47m[48;2;154;247;247m▀[0m[38;2;0;32;32m[48;2;203;247;247m▀[0m[38;2;57;139;142m[48;2;210;247;247m▀[0m[38;2;144;247;247m[48;2;200;247;247m▀[0m[38;2;96;221;226m[48;2;191;247;247m▀[0m[38;2;27;4;0m[48;2;247;122;121m▀[0m[38;2;0;0;0m[48;2;247;0;0m▀[0m[38;2;0;34;42m[48;2;124;247;247m▀[0m[38;2;64;87;93m[48;2;87;243;242m▀[0m[38;2;106;116;124m[48;2;78;175;178m▀[0m[38;2;129;140;151m[48;2;64;146;149m▀[0m[38;2;133;150;159m[48;2;57;135;139m▀[0m[38;2;127;138;146m[48;2;62;129;133m▀[0m[38;2;107;115;122m[48;2;67;136;139m▀[0m[38;2;59;59;63m[48;2;83;161;164m▀[0m[38;2;0;0;0m[48;2;114;210;219m▀[0m[38;2;0;0;0m[48;2;160;247;247m▀[0m[38;2;0;0;0m[48;2;199;247;247m▀[0m[38;2;0;0;0m[48;2;218;247;247m▀[0m[38;2;0;0;0m[48;2;245;247;247m▀[0m[38;2;0;0;0m[48;2;195;247;247m▀[0m[38;2;0;0;0m[48;2;58;86;88m▀[0m[38;2;26;34;36m[48;2;247;247;247m▀[0m[38;2;0;0;0m[48;2;247;247;247m▀[0m[38;2;0;0;0m[48;2;150;190;194m▀[0m[38;2;0;0;0m[48;2;65;86;86m▀[0m[38;2;0;0;0m[48;2;20;39;37m▀[0m[38;2;0;0;0m[48;2;16;25;24m▀[0m[38;2;0;0;0m[48;2;0;0;0m▀[0m[38;2;0;0;0m[48;2;114;121;121m▀[0m[38;2;177;194;194m[48;2;247;247;247m▀[0m[38;2;235;247;247m[48;2;197;208;205m▀[0m[38;2;232;241;240m[48;2;236;244;244m▀[0m[38;2;0;0;0m[48;2;35;32;32m▀[0m[38;2;0;3;3m[48;2;0;0;0m▀[0m[38;2;187;189;194m[48;2;138;144;147m▀[0m[38;2;124;121;124m[48;2;176;176;178m▀[0m[38;2;185;183;186m[48;2;180;180;178m▀[0m[38;2;167;166;167m[48;2;167;167;167m▀[0m[38;2;166;166;166m[48;2;166;165;165m▀[0m[38;2;165;164;165m[48;2;164;163;164m▀[0m
