[38;2;0;0;1m[48;2;0;0;0m▀[0m[38;2;0;0;0m[48;2;0;0;0m▀[0m[38;2;0;0;0m[48;2;0;0;0m▀[0m[38;2;0;0;0m[48;2;0;0;0m▀[0m[38;2;0;0;0m[48;2;0;0;1m▀[0m[38;2;0;0;0m[48;2;0;0;0m▀[0m[38;2;0;0;0m[48;2;0;0;0m▀[0m[38;2;0;0;0m[48;2;0;0;0m▀[0m[38;2;0;0;0m[48;2;0;0;0m▀[0m[38;2;0;0;0m[48;2;0;0;0m▀[0m[38;2;0;0;0m[48;2;0;0;0m▀[0m[38;2;0;0;0m[48;2;0;0;0m▀[0m[38;2;0;0;1m[48;2;0;0;0m▀[0m[38;2;0;0;0m[48;2;0;0;0m▀[0m[38;2;0;0;0m[48;2;0;0;0m▀[0m[38;2;0;0;0m[48;2;0;0;0m▀[0m[38;2;1;3;3m[48;2;1;3;3m▀[0m[38;2;0;0;0m[48;2;0;0;0m▀[0m[38;2;0;0;0m[48;2;0;0;0m▀[0m[38;2;13;16;19m[48;2;79;99;114m▀[0m[38;2;21;27;30m[48;2;34;43;51m▀[0m[38;2;0;0;0m[48;2;0;0;0m▀[0m[38;2;12;13;9m[48;2;14;16;18m▀[0m[38;2;16;16;18m[48;2;24;20;22m▀[0m[38;2;20;20;21m[48;2;19;19;20m▀[0m[38;2;20;22;23m[48;2;11;10;8m▀[0m[38;2;12;14;14m[48;2;6;8;8m▀[0m[38;2;32;37;38m[48;2;21;23;23m▀[0m[38;2;30;34;36m[48;2;18;20;21m▀[0m[38;2;18;18;18m[48;2;4;3;4m▀[0m[38;2;0;0;0m[48;2;0;0;0m▀[0m[38;2;23;20;26m[48;2;30;30;32m▀[0m[38;2;0;0;0m[48;2;0;0;0m▀[0m[38;2;52;64;66m[48;2;57;65;69m▀[0m[38;2;66;79;83m[48;2;66;76;83m▀[0m[38;2;0;1;0m[48;2;0;0;0m▀[0m[38;2;26;36;43m[48;2;27;37;44m▀[0m[38;2;100;118;131m[48;2;101;121;131m▀[0m[38;2;63;72;77m[48;2;65;77;81m▀[0m[38;2;89;110;117m[48;2;86;107;114m▀[0m[38;2;172;184;187m[48;2;173;188;192m▀[0m[38;2;234;227;223m[48;2;232;230;226m▀[0m[38;2;200;201;198m[48;2;208;207;207m▀[0m[38;2;192;197;197m[48;2;209;211;214m▀[0m[38;2;231;231;231m[48;2;255;255;255m▀[0m[38;2;255;255;255m[48;2;205;208;205m▀[0m[38;2;216;220;219m[48;2;0;0;0m▀[0m[38;2;10;9;9m[48;2;0;0;0m▀[0m[38;2;0;0;0m[48;2;0;0;0m▀[0m[38;2;0;0;0m[48;2;0;0;0m▀[0m[38;2;7;9;10m[48;2;28;31;33m▀[0m[38;2;6;2;8m[48;2;0;2;2m▀[0m[38;2;40;44;43m[48;2;0;0;0m▀[0m[38;2;0;0;0m[48;2;0;0;0m▀[0m[38;2;27;31;32m[48;2;0;0;0m▀[0m[38;2;25;25;27m[48;2;0;0;0m▀[0m[38;2;245;249;249m[48;2;125;131;134m▀[0m[38;2;235;238;238m[48;2;254;255;255m▀[0m[38;2;218;218;218m[48;2;218;218;218m▀[0m[38;2;195;197;197m[48;2;202;199;199m▀[0m[38;2;184;187;186m[48;2;195;192;190m▀[0m[38;2;255;255;255m[48;2;255;255;255m▀[0m[38;2;179;199;204m[48;2;178;198;203m▀[0m[38;2;81;100;109m[48;2;76;95;105m▀[0m[38;2;41;50;54m[48;2;50;58;63m▀[0m[38;2;2;2;2m[48;2;1;0;0m▀[0m[38;2;15;25;29m[48;2;10;20;22m▀[0m[38;2;55;74;91m[48;2;64;80;97m▀[0m[38;2;0;0;0m[48;2;0;0;0m▀[0m[38;2;31;33;33m[48;2;26;29;29m▀[0m[38;2;9;9;10m[48;2;13;15;16m▀[0m[38;2;0;0;0m[48;2;0;0;0m▀[0m[38;2;46;64;65m[48;2;45;61;61m▀[0m[38;2;52;71;77m[48;2;52;76;83m▀[0m[38;2;0;0;0m[48;2;0;0;0m▀[0m[38;2;0;0;0m[48;2;0;0;0m▀[0m
[38;2;0;0;0m[48;2;0;0;0m▀[0m[38;2;0;0;0m[48;2;0;0;0m▀[0m[38;2;0;0;0m[48;2;0;0;0m▀[0m[38;2;0;0;0m[48;2;0;0;0m▀[0m[38;2;0;0;0m[48;2;0;0;0m▀[0m[38;2;0;0;0m[48;2;0;0;0m▀[0m[38;2;0;0;0m[48;2;0;0;0m▀[0m[38;2;0;0;0m[48;2;0;0;0m▀[0m[38;2;0;0;0m[48;2;0;0;0m▀[0m[38;2;0;0;0m[48;2;0;0;0m▀[0m[38;2;0;0;0m[48;2;0;0;0m▀[0m[38;2;0;0;0m[48;2;0;0;0m▀[0m[38;2;0;0;0m[48;2;0;0;0m▀[0m[38;2;0;0;0m[48;2;0;0;0m▀[0m[38;2;0;0;0m[48;2;0;0;1m▀[0m[38;2;0;0;0m[48;2;0;0;0m▀[0m[38;2;2;4;4m[48;2;2;4;4m▀[0m[38;2;0;0;0m[48;2;0;0;0m▀[0m[38;2;0;0;0m[48;2;0;0;0m▀[0m[38;2;48;64;73m[48;2;10;14;15m▀[0m[38;2;15;27;31m[48;2;21;29;37m▀[0m[38;2;0;0;0m[48;2;18;20;20m▀[0m[38;2;7;9;10m[48;2;33;36;37m▀[0m[38;2;11;10;11m[48;2;21;24;24m▀[0m[38;2;12;14;12m[48;2;33;38;41m▀[0m[38;2;18;20;21m[48;2;40;43;44m▀[0m[38;2;27;29;29m[48;2;38;42;41m▀[0m[38;2;40;42;40m[48;2;45;49;50m▀[0m[38;2;39;41;45m[48;2;42;48;52m▀[0m[38;2;2;1;2m[48;2;1;3;4m▀[0m[38;2;0;0;0m[48;2;0;0;0m▀[0m[38;2;38;38;39m[48;2;38;42;45m▀[0m[38;2;0;0;0m[48;2;0;0;0m▀[0m[38;2;59;66;72m[48;2;59;68;75m▀[0m[38;2;65;79;87m[48;2;66;84;90m▀[0m[38;2;2;2;0m[48;2;0;0;0m▀[0m[38;2;30;39;41m[48;2;34;43;47m▀[0m[38;2;109;128;137m[48;2;115;138;147m▀[0m[38;2;66;79;83m[48;2;67;79;83m▀[0m[38;2;75;98;107m[48;2;60;81;89m▀[0m[38;2;173;191;192m[48;2;184;201;200m▀[0m[38;2;241;234;231m[48;2;244;238;235m▀[0m[38;2;209;211;211m[48;2;215;214;214m▀[0m[38;2;221;224;226m[48;2;255;255;255m▀[0m[38;2;255;255;255m[48;2;168;164;164m▀[0m[38;2;15;19;18m[48;2;0;0;0m▀[0m[38;2;0;0;0m[48;2;39;46;47m▀[0m[38;2;0;0;0m[48;2;0;0;0m▀[0m[38;2;0;0;0m[48;2;0;0;0m▀[0m[38;2;0;0;0m[48;2;13;15;16m▀[0m[38;2;42;48;51m[48;2;34;39;42m▀[0m[38;2;0;0;0m[48;2;0;0;0m▀[0m[38;2;0;0;0m[48;2;0;0;0m▀[0m[38;2;0;0;0m[48;2;0;0;0m▀[0m[38;2;0;0;0m[48;2;0;0;0m▀[0m[38;2;18;21;23m[48;2;81;87;91m▀[0m[38;2;3;7;10m[48;2;5;13;16m▀[0m[38;2;217;220;220m[48;2;96;99;96m▀[0m[38;2;243;243;243m[48;2;255;255;255m▀[0m[38;2;221;223;221m[48;2;230;232;230m▀[0m[38;2;223;223;221m[48;2;226;225;223m▀[0m[38;2;255;255;255m[48;2;255;255;255m▀[0m[38;2;180;200;205m[48;2;178;196;204m▀[0m[38;2;79;103;112m[48;2;86;107;117m▀[0m[38;2;58;72;68m[48;2;64;72;75m▀[0m[38;2;6;9;6m[48;2;15;12;12m▀[0m[38;2;10;18;16m[48;2;11;18;21m▀[0m[38;2;69;87;108m[48;2;64;92;109m▀[0m[38;2;0;0;0m[48;2;0;0;0m▀[0m[38;2;23;22;23m[48;2;18;21;22m▀[0m[38;2;15;19;19m[48;2;15;20;21m▀[0m[38;2;0;0;0m[48;2;0;0;0m▀[0m[38;2;43;59;61m[48;2;34;47;54m▀[0m[38;2;57;82;86m[48;2;59;82;86m▀[0m[38;2;0;0;0m[48;2;0;0;0m▀[0m[38;2;0;0;0m[48;2;0;0;0m▀[0m
[38;2;0;0;0m[48;2;0;0;0m▀[0m[38;2;0;0;0m[48;2;0;0;0m▀[0m[38;2;0;0;0m[48;2;0;0;0m▀[0m[38;2;0;0;0m[48;2;0;0;1m▀[0m[38;2;0;0;0m[48;2;0;0;0m▀[0m[38;2;0;0;0m[48;2;0;0;1m▀[0m[38;2;0;0;0m[48;2;0;0;0m▀[0m[38;2;0;0;0m[48;2;0;0;0m▀[0m[38;2;0;0;0m[48;2;0;0;0m▀[0m[38;2;0;0;1m[48;2;0;0;0m▀[0m[38;2;0;0;0m[48;2;0;0;0m▀[0m[38;2;0;0;0m[48;2;0;0;0m▀[0m[38;2;0;0;0m[48;2;0;0;0m▀[0m[38;2;0;0;0m[48;2;2;2;3m▀[0m[38;2;0;0;0m[48;2;16;15;15m▀[0m[38;2;0;0;1m[48;2;1;1;1m▀[0m[38;2;4;4;4m[48;2;2;4;4m▀[0m[38;2;0;2;2m[48;2;1;0;0m▀[0m[38;2;0;0;0m[48;2;0;0;0m▀[0m[38;2;0;6;7m[48;2;0;0;0m▀[0m[38;2;20;28;32m[48;2;13;18;19m▀[0m[38;2;26;30;23m[48;2;36;36;36m▀[0m[38;2;33;38;37m[48;2;45;49;48m▀[0m[38;2;23;25;26m[48;2;19;21;19m▀[0m[38;2;38;40;41m[48;2;11;13;14m▀[0m[38;2;44;44;45m[48;2;43;46;47m▀[0m[38;2;40;46;47m[48;2;29;32;33m▀[0m[38;2;46;52;57m[48;2;31;38;39m▀[0m[38;2;51;56;59m[48;2;29;31;32m▀[0m[38;2;0;0;1m[48;2;0;0;0m▀[0m[38;2;0;0;0m[48;2;0;0;0m▀[0m[38;2;33;39;44m[48;2;29;36;40m▀[0m[38;2;0;0;0m[48;2;0;0;0m▀[0m[38;2;58;67;71m[48;2;56;64;69m▀[0m[38;2;71;83;90m[48;2;71;82;93m▀[0m[38;2;0;0;0m[48;2;0;0;0m▀[0m[38;2;36;44;46m[48;2;36;47;49m▀[0m[38;2;119;140;150m[48;2;117;150;160m▀[0m[38;2;74;81;85m[48;2;78;94;98m▀[0m[38;2;68;86;97m[48;2;65;85;94m▀[0m[38;2;197;205;207m[48;2;213;213;217m▀[0m[38;2;249;246;243m[48;2;255;255;255m▀[0m[38;2;245;243;246m[48;2;255;255;255m▀[0m[38;2;244;244;245m[48;2;97;96;97m▀[0m[38;2;0;0;0m[48;2;26;32;38m▀[0m[38;2;90;103;111m[48;2;121;134;140m▀[0m[38;2;23;29;29m[48;2;0;0;0m▀[0m[38;2;0;0;0m[48;2;0;0;0m▀[0m[38;2;0;0;0m[48;2;0;0;0m▀[0m[38;2;29;37;38m[48;2;33;41;44m▀[0m[38;2;13;15;15m[48;2;0;0;0m▀[0m[38;2;5;1;8m[48;2;6;6;7m▀[0m[38;2;0;2;2m[48;2;7;10;15m▀[0m[38;2;0;0;0m[48;2;0;0;0m▀[0m[38;2;0;0;0m[48;2;0;0;0m▀[0m[38;2;37;39;41m[48;2;10;12;12m▀[0m[38;2;91;109;111m[48;2;124;139;140m▀[0m[38;2;0;0;0m[48;2;0;3;4m▀[0m[38;2;255;255;255m[48;2;109;105;105m▀[0m[38;2;251;251;248m[48;2;255;255;255m▀[0m[38;2;232;231;231m[48;2;243;239;239m▀[0m[38;2;255;254;253m[48;2;255;254;255m▀[0m[38;2;178;196;204m[48;2;178;193;202m▀[0m[38;2;97;117;128m[48;2;102;129;137m▀[0m[38;2;60;69;76m[48;2;58;71;75m▀[0m[38;2;15;18;18m[48;2;19;23;23m▀[0m[38;2;10;19;16m[48;2;12;20;21m▀[0m[38;2;78;102;111m[48;2;67;92;103m▀[0m[38;2;0;0;0m[48;2;0;0;0m▀[0m[38;2;14;21;22m[48;2;16;21;22m▀[0m[38;2;14;26;22m[48;2;22;30;32m▀[0m[38;2;0;0;0m[48;2;0;0;0m▀[0m[38;2;27;42;43m[48;2;40;48;51m▀[0m[38;2;54;78;84m[48;2;77;93;104m▀[0m[38;2;0;0;0m[48;2;0;0;0m▀[0m[38;2;0;0;0m[48;2;0;0;0m▀[0m
[38;2;0;0;0m[48;2;0;0;0m▀[0m[38;2;0;0;0m[48;2;0;0;0m▀[0m[38;2;0;0;0m[48;2;0;0;0m▀[0m[38;2;0;0;0m[48;2;0;0;0m▀[0m[38;2;0;0;0m[48;2;0;0;0m▀[0m[38;2;0;0;0m[48;2;0;0;0m▀[0m[38;2;0;0;0m[48;2;0;0;0m▀[0m[38;2;0;0;0m[48;2;0;0;0m▀[0m[38;2;0;0;0m[48;2;0;0;0m▀[0m[38;2;0;0;0m[48;2;0;0;0m▀[0m[38;2;0;0;0m[48;2;0;0;0m▀[0m[38;2;0;0;0m[48;2;0;0;0m▀[0m[38;2;0;0;1m[48;2;0;0;1m▀[0m[38;2;7;10;10m[48;2;0;0;0m▀[0m[38;2;39;39;41m[48;2;0;0;0m▀[0m[38;2;0;2;2m[48;2;1;3;3m▀[0m[38;2;4;4;4m[48;2;5;5;5m▀[0m[38;2;0;2;2m[48;2;0;2;2m▀[0m[38;2;0;0;0m[48;2;0;0;0m▀[0m[38;2;0;0;1m[48;2;0;1;2m▀[0m[38;2;14;26;30m[48;2;13;21;22m▀[0m[38;2;30;25;30m[48;2;18;14;14m▀[0m[38;2;28;30;30m[48;2;28;25;31m▀[0m[38;2;6;3;3m[48;2;28;32;31m▀[0m[38;2;0;0;0m[48;2;42;45;46m▀[0m[38;2;15;19;20m[48;2;27;30;31m▀[0m[38;2;18;21;20m[48;2;1;4;9m▀[0m[38;2;0;0;0m[48;2;86;91;91m▀[0m[38;2;0;0;0m[48;2;213;211;211m▀[0m[38;2;0;0;0m[48;2;255;255;255m▀[0m[38;2;0;0;0m[48;2;255;255;255m▀[0m[38;2;0;0;0m[48;2;255;255;255m▀[0m[38;2;0;0;0m[48;2;206;202;201m▀[0m[38;2;28;40;48m[48;2;67;74;77m▀[0m[38;2;74;90;101m[48;2;6;24;30m▀[0m[38;2;0;0;0m[48;2;0;0;0m▀[0m[38;2;29;47;48m[48;2;30;49;52m▀[0m[38;2;125;154;165m[48;2;124;153;164m▀[0m[38;2;78;94;100m[48;2;65;81;94m▀[0m[38;2;115;126;135m[48;2;144;149;162m▀[0m[38;2;255;255;255m[48;2;255;255;255m▀[0m[38;2;255;255;255m[48;2;255;255;255m▀[0m[38;2;255;255;255m[48;2;244;242;239m▀[0m[38;2;32;37;38m[48;2;4;11;12m▀[0m[38;2;90;97;98m[48;2;115;124;128m▀[0m[38;2;98;105;107m[48;2;77;81;82m▀[0m[38;2;0;0;0m[48;2;0;0;0m▀[0m[38;2;0;0;4m[48;2;0;6;6m▀[0m[38;2;0;0;0m[48;2;6;8;8m▀[0m[38;2;25;29;29m[48;2;10;12;14m▀[0m[38;2;0;0;0m[48;2;0;0;0m▀[0m[38;2;0;1;0m[48;2;0;0;0m▀[0m[38;2;16;21;24m[48;2;19;23;23m▀[0m[38;2;0;0;0m[48;2;10;12;13m▀[0m[38;2;0;0;0m[48;2;0;0;0m▀[0m[38;2;0;0;0m[48;2;0;0;0m▀[0m[38;2;116;125;130m[48;2;104;117;121m▀[0m[38;2;61;74;78m[48;2;86;102;107m▀[0m[38;2;0;0;0m[48;2;0;0;0m▀[0m[38;2;255;255;255m[48;2;242;240;237m▀[0m[38;2;255;255;255m[48;2;255;255;255m▀[0m[38;2;255;255;255m[48;2;255;255;255m▀[0m[38;2;174;192;201m[48;2;173;189;198m▀[0m[38;2;104;126;137m[48;2;102;121;130m▀[0m[38;2;55;68;69m[48;2;54;69;71m▀[0m[38;2;20;23;22m[48;2;28;28;26m▀[0m[38;2;25;32;37m[48;2;25;37;37m▀[0m[38;2;37;44;51m[48;2;41;52;57m▀[0m[38;2;0;0;0m[48;2;0;0;0m▀[0m[38;2;18;22;22m[48;2;14;21;22m▀[0m[38;2;25;32;32m[48;2;28;38;40m▀[0m[38;2;0;0;0m[48;2;0;0;0m▀[0m[38;2;44;52;56m[48;2;39;47;51m▀[0m[38;2;93;105;117m[48;2;84;100;112m▀[0m[38;2;0;0;0m[48;2;0;0;0m▀[0m[38;2;0;0;0m[48;2;0;0;0m▀[0m
[38;2;0;0;1m[48;2;0;0;0m▀[0m[38;2;0;0;0m[48;2;0;0;0m▀[0m[38;2;0;0;0m[48;2;0;0;0m▀[0m[38;2;0;0;0m[48;2;0;0;0m▀[0m[38;2;0;0;0m[48;2;0;0;0m▀[0m[38;2;0;0;1m[48;2;0;0;0m▀[0m[38;2;0;0;1m[48;2;0;0;0m▀[0m[38;2;0;0;0m[48;2;0;0;0m▀[0m[38;2;0;0;0m[48;2;0;0;0m▀[0m[38;2;0;0;1m[48;2;0;0;0m▀[0m[38;2;0;0;0m[48;2;0;0;0m▀[0m[38;2;0;0;0m[48;2;0;0;0m▀[0m[38;2;0;0;1m[48;2;0;0;0m▀[0m[38;2;0;0;0m[48;2;0;0;0m▀[0m[38;2;2;4;4m[48;2;3;3;4m▀[0m[38;2;1;3;4m[48;2;1;3;4m▀[0m[38;2;4;9;5m[48;2;3;9;10m▀[0m[38;2;0;2;2m[48;2;1;2;0m▀[0m[38;2;0;0;0m[48;2;0;0;0m▀[0m[38;2;0;0;1m[48;2;0;0;1m▀[0m[38;2;16;26;30m[48;2;18;32;37m▀[0m[38;2;48;48;48m[48;2;38;38;32m▀[0m[38;2;49;54;55m[48;2;46;50;51m▀[0m[38;2;44;47;47m[48;2;29;31;37m▀[0m[38;2;23;27;31m[48;2;56;59;60m▀[0m[38;2;49;52;54m[48;2;253;254;250m▀[0m[38;2;255;255;255m[48;2;93;95;95m▀[0m[38;2;255;255;255m[48;2;0;0;0m▀[0m[38;2;255;255;255m[48;2;0;0;0m▀[0m[38;2;255;255;255m[48;2;0;0;0m▀[0m[38;2;218;222;219m[48;2;0;0;0m▀[0m[38;2;234;236;234m[48;2;0;0;0m▀[0m[38;2;255;255;255m[48;2;0;0;0m▀[0m[38;2;255;255;255m[48;2;51;60;65m▀[0m[38;2;255;255;255m[48;2;243;246;246m▀[0m[38;2;3;0;0m[48;2;255;255;255m▀[0m[38;2;0;13;14m[48;2;129;132;129m▀[0m[38;2;127;155;166m[48;2;81;105;113m▀[0m[38;2;65;83;96m[48;2;65;83;96m▀[0m[38;2;133;144;153m[48;2;157;168;177m▀[0m[38;2;220;220;225m[48;2;2;6;6m▀[0m[38;2;118;131;137m[48;2;0;0;0m▀[0m[38;2;151;151;151m[48;2;32;36;37m▀[0m[38;2;0;0;0m[48;2;100;103;108m▀[0m[38;2;130;143;146m[48;2;99;109;113m▀[0m[38;2;50;55;56m[48;2;5;7;7m▀[0m[38;2;0;0;0m[48;2;0;0;0m▀[0m[38;2;0;0;0m[48;2;0;0;0m▀[0m[38;2;8;10;10m[48;2;9;11;11m▀[0m[38;2;0;3;0m[48;2;0;0;0m▀[0m[38;2;0;0;0m[48;2;0;0;0m▀[0m[38;2;0;0;0m[48;2;0;0;0m▀[0m[38;2;6;13;9m[48;2;0;0;0m▀[0m[38;2;20;25;30m[48;2;24;29;34m▀[0m[38;2;0;0;0m[48;2;0;0;0m▀[0m[38;2;0;0;0m[48;2;0;0;0m▀[0m[38;2;102;112;115m[48;2;97;107;110m▀[0m[38;2;108;120;125m[48;2;119;133;134m▀[0m[38;2;0;0;0m[48;2;0;0;0m▀[0m[38;2;197;193;193m[48;2;87;87;84m▀[0m[38;2;255;255;255m[48;2;255;255;255m▀[0m[38;2;255;255;255m[48;2;255;255;255m▀[0m[38;2;177;191;196m[48;2;189;201;204m▀[0m[38;2;104;126;134m[48;2;112;136;143m▀[0m[38;2;50;69;75m[48;2;51;67;69m▀[0m[38;2;29;32;32m[48;2;34;34;34m▀[0m[38;2;21;33;37m[48;2;24;31;37m▀[0m[38;2;48;60;64m[48;2;58;66;71m▀[0m[38;2;0;0;0m[48;2;0;0;0m▀[0m[38;2;16;21;21m[48;2;12;22;22m▀[0m[38;2;33;43;45m[48;2;39;48;48m▀[0m[38;2;0;0;0m[48;2;0;0;0m▀[0m[38;2;34;43;47m[48;2;32;40;44m▀[0m[38;2;110;131;139m[48;2;104;126;131m▀[0m[38;2;0;0;0m[48;2;0;0;0m▀[0m[38;2;0;0;0m[48;2;0;0;0m▀[0m
[38;2;0;0;0m[48;2;0;0;0m▀[0m[38;2;0;0;0m[48;2;0;0;0m▀[0m[38;2;0;0;0m[48;2;0;0;0m▀[0m[38;2;0;0;0m[48;2;0;0;0m▀[0m[38;2;0;0;0m[48;2;0;0;0m▀[0m[38;2;0;0;0m[48;2;0;0;0m▀[0m[38;2;0;0;0m[48;2;228;232;228m▀[0m[38;2;0;0;0m[48;2;59;59;61m▀[0m[38;2;0;0;0m[48;2;0;0;0m▀[0m[38;2;0;0;0m[48;2;0;0;0m▀[0m[38;2;0;0;0m[48;2;0;0;0m▀[0m[38;2;0;0;0m[48;2;1;1;1m▀[0m[38;2;1;1;1m[48;2;1;1;1m▀[0m[38;2;1;0;1m[48;2;1;1;1m▀[0m[38;2;3;5;5m[48;2;5;7;12m▀[0m[38;2;1;4;4m[48;2;3;5;5m▀[0m[38;2;10;10;11m[48;2;12;14;14m▀[0m[38;2;2;0;0m[48;2;3;4;0m▀[0m[38;2;0;0;0m[48;2;0;0;0m▀[0m[38;2;1;5;6m[48;2;1;5;6m▀[0m[38;2;18;25;32m[48;2;20;26;29m▀[0m[38;2;0;0;0m[48;2;22;20;18m▀[0m[38;2;28;28;30m[48;2;10;14;15m▀[0m[38;2;24;26;28m[48;2;184;186;184m▀[0m[38;2;240;239;239m[48;2;100;100;101m▀[0m[38;2;10;10;10m[48;2;0;0;0m▀[0m[38;2;0;0;0m[48;2;0;0;0m▀[0m[38;2;0;0;0m[48;2;0;0;0m▀[0m[38;2;0;0;0m[48;2;0;0;0m▀[0m[38;2;0;0;0m[48;2;0;0;0m▀[0m[38;2;13;21;25m[48;2;0;0;0m▀[0m[38;2;60;72;79m[48;2;25;31;40m▀[0m[38;2;25;37;43m[48;2;61;71;77m▀[0m[38;2;0;7;12m[48;2;57;68;75m▀[0m[38;2;0;0;0m[48;2;24;32;36m▀[0m[38;2;77;83;86m[48;2;0;10;19m▀[0m[38;2;255;255;255m[48;2;18;29;36m▀[0m[38;2;207;207;201m[48;2;255;255;255m▀[0m[38;2;38;56;62m[48;2;242;242;239m▀[0m[38;2;184;192;196m[48;2;128;140;152m▀[0m[38;2;255;255;255m[48;2;255;255;255m▀[0m[38;2;59;59;57m[48;2;255;255;255m▀[0m[38;2;0;0;0m[48;2;128;131;133m▀[0m[38;2;140;140;142m[48;2;3;7;6m▀[0m[38;2;140;150;154m[48;2;129;137;139m▀[0m[38;2;16;19;19m[48;2;130;146;151m▀[0m[38;2;0;0;0m[48;2;135;152;169m▀[0m[38;2;0;0;0m[48;2;166;179;193m▀[0m[38;2;0;0;0m[48;2;36;39;43m▀[0m[38;2;0;0;0m[48;2;0;0;0m▀[0m[38;2;0;0;0m[48;2;0;0;0m▀[0m[38;2;0;0;0m[48;2;0;0;0m▀[0m[38;2;0;0;0m[48;2;0;0;0m▀[0m[38;2;24;26;31m[48;2;9;12;18m▀[0m[38;2;0;0;0m[48;2;0;0;0m▀[0m[38;2;0;0;0m[48;2;0;0;0m▀[0m[38;2;89;98;100m[48;2;79;86;90m▀[0m[38;2;115;131;132m[48;2;130;142;146m▀[0m[38;2;0;0;0m[48;2;7;14;20m▀[0m[38;2;0;0;0m[48;2;0;0;0m▀[0m[38;2;255;255;255m[48;2;255;255;255m▀[0m[38;2;255;255;255m[48;2;255;255;255m▀[0m[38;2;192;204;211m[48;2;196;211;218m▀[0m[38;2;113;138;146m[48;2;120;146;157m▀[0m[38;2;51;66;68m[48;2;59;74;74m▀[0m[38;2;38;42;42m[48;2;41;45;39m▀[0m[38;2;23;32;39m[48;2;23;38;43m▀[0m[38;2;60;67;72m[48;2;64;74;81m▀[0m[38;2;0;0;0m[48;2;0;0;0m▀[0m[38;2;14;19;20m[48;2;18;18;18m▀[0m[38;2;41;55;55m[48;2;40;52;56m▀[0m[38;2;0;0;0m[48;2;0;0;0m▀[0m[38;2;28;36;40m[48;2;28;36;37m▀[0m[38;2;40;55;57m[48;2;85;103;105m▀[0m[38;2;0;0;0m[48;2;0;0;0m▀[0m[38;2;0;0;0m[48;2;0;0;0m▀[0m
[38;2;0;0;1m[48;2;0;0;1m▀[0m[38;2;0;0;0m[48;2;0;0;0m▀[0m[38;2;0;0;0m[48;2;0;0;0m▀[0m[38;2;0;0;0m[48;2;0;0;0m▀[0m[38;2;0;0;0m[48;2;0;0;0m▀[0m[38;2;0;0;0m[48;2;0;0;0m▀[0m[38;2;61;61;61m[48;2;0;0;0m▀[0m[38;2;46;49;49m[48;2;0;0;0m▀[0m[38;2;0;0;0m[48;2;0;0;0m▀[0m[38;2;3;3;3m[48;2;1;1;1m▀[0m[38;2;0;1;0m[48;2;0;0;0m▀[0m[38;2;1;1;1m[48;2;2;2;2m▀[0m[38;2;1;3;3m[48;2;3;3;3m▀[0m[38;2;2;0;0m[48;2;0;0;0m▀[0m[38;2;11;14;14m[48;2;14;16;16m▀[0m[38;2;6;6;7m[48;2;7;9;9m▀[0m[38;2;12;16;16m[48;2;16;21;21m▀[0m[38;2;0;0;0m[48;2;3;2;3m▀[0m[38;2;0;0;0m[48;2;0;0;0m▀[0m[38;2;0;5;10m[48;2;7;14;24m▀[0m[38;2;20;29;33m[48;2;44;51;69m▀[0m[38;2;50;55;54m[48;2;28;29;25m▀[0m[38;2;61;63;67m[48;2;91;93;91m▀[0m[38;2;225;226;223m[48;2;164;165;161m▀[0m[38;2;0;0;0m[48;2;0;0;0m▀[0m[38;2;0;0;0m[48;2;0;0;0m▀[0m[38;2;0;0;0m[48;2;0;0;0m▀[0m[38;2;0;0;0m[48;2;0;1;1m▀[0m[38;2;0;0;0m[48;2;0;0;0m▀[0m[38;2;0;0;0m[48;2;0;0;1m▀[0m[38;2;0;0;0m[48;2;0;0;0m▀[0m[38;2;0;0;0m[48;2;0;0;0m▀[0m[38;2;0;0;0m[48;2;0;0;0m▀[0m[38;2;33;37;41m[48;2;0;0;0m▀[0m[38;2;23;29;29m[48;2;0;0;0m▀[0m[38;2;14;24;31m[48;2;0;0;0m▀[0m[38;2;1;8;20m[48;2;0;0;0m▀[0m[38;2;2;9;16m[48;2;0;0;0m▀[0m[38;2;186;187;184m[48;2;0;0;0m▀[0m[38;2;177;190;198m[48;2;169;175;180m▀[0m[38;2;255;255;255m[48;2;255;255;255m▀[0m[38;2;255;255;255m[48;2;255;255;255m▀[0m[38;2;2;3;0m[48;2;0;0;0m▀[0m[38;2;0;0;0m[48;2;0;0;0m▀[0m[38;2;37;37;38m[48;2;0;0;0m▀[0m[38;2;0;2;6m[48;2;0;0;0m▀[0m[38;2;18;26;38m[48;2;0;0;0m▀[0m[38;2;87;95;108m[48;2;0;0;0m▀[0m[38;2;4;4;5m[48;2;0;0;0m▀[0m[38;2;0;0;0m[48;2;0;0;0m▀[0m[38;2;52;56;61m[48;2;105;115;121m▀[0m[38;2;127;142;146m[48;2;139;151;155m▀[0m[38;2;10;12;13m[48;2;110;121;124m▀[0m[38;2;0;0;0m[48;2;0;0;0m▀[0m[38;2;0;0;0m[48;2;0;0;0m▀[0m[38;2;0;0;0m[48;2;0;0;0m▀[0m[38;2;91;98;102m[48;2;131;135;136m▀[0m[38;2;152;166;177m[48;2;255;255;255m▀[0m[38;2;90;98;101m[48;2;255;255;255m▀[0m[38;2;69;68;62m[48;2;255;255;255m▀[0m[38;2;241;240;235m[48;2;222;222;223m▀[0m[38;2;255;255;255m[48;2;196;195;196m▀[0m[38;2;225;232;233m[48;2;235;234;232m▀[0m[38;2;144;163;166m[48;2;255;255;255m▀[0m[38;2;27;37;41m[48;2;233;231;228m▀[0m[38;2;46;45;42m[48;2;21;21;18m▀[0m[38;2;24;36;42m[48;2;18;33;38m▀[0m[38;2;64;73;80m[48;2;64;77;84m▀[0m[38;2;0;0;0m[48;2;0;0;0m▀[0m[38;2;16;20;20m[48;2;16;16;16m▀[0m[38;2;42;54;58m[48;2;42;57;58m▀[0m[38;2;0;0;0m[48;2;0;0;0m▀[0m[38;2;23;29;30m[48;2;26;29;31m▀[0m[38;2;117;138;148m[48;2;68;90;97m▀[0m[38;2;0;0;0m[48;2;0;0;0m▀[0m[38;2;0;0;0m[48;2;1;0;1m▀[0m
[38;2;0;0;0m[48;2;0;0;0m▀[0m[38;2;0;0;0m[48;2;0;0;0m▀[0m[38;2;0;0;0m[48;2;0;0;0m▀[0m[38;2;0;0;0m[48;2;0;0;0m▀[0m[38;2;0;0;0m[48;2;0;0;0m▀[0m[38;2;0;0;0m[48;2;0;0;0m▀[0m[38;2;0;0;0m[48;2;0;0;0m▀[0m[38;2;0;0;0m[48;2;19;19;20m▀[0m[38;2;0;0;0m[48;2;0;0;0m▀[0m[38;2;0;0;0m[48;2;0;2;2m▀[0m[38;2;1;1;2m[48;2;1;3;3m▀[0m[38;2;3;3;3m[48;2;3;3;3m▀[0m[38;2;3;3;3m[48;2;5;5;5m▀[0m[38;2;0;1;0m[48;2;3;3;1m▀[0m[38;2;19;21;21m[48;2;22;25;26m▀[0m[38;2;10;12;10m[48;2;12;13;9m▀[0m[38;2;23;27;26m[48;2;28;32;33m▀[0m[38;2;1;3;1m[48;2;1;3;1m▀[0m[38;2;3;1;5m[48;2;10;9;9m▀[0m[38;2;0;0;0m[48;2;11;9;13m▀[0m[38;2;31;27;34m[48;2;21;23;24m▀[0m[38;2;36;36;38m[48;2;18;21;21m▀[0m[38;2;112;111;112m[48;2;112;112;110m▀[0m[38;2;105;104;102m[48;2;64;65;62m▀[0m[38;2;0;0;0m[48;2;0;0;0m▀[0m[38;2;0;0;0m[48;2;0;0;0m▀[0m[38;2;0;0;0m[48;2;0;0;0m▀[0m[38;2;0;1;1m[48;2;0;1;1m▀[0m[38;2;0;0;1m[48;2;0;1;1m▀[0m[38;2;0;0;1m[48;2;0;0;1m▀[0m[38;2;0;0;1m[48;2;1;1;1m▀[0m[38;2;0;0;0m[48;2;0;0;0m▀[0m[38;2;0;0;0m[48;2;15;15;16m▀[0m[38;2;0;0;0m[48;2;48;48;50m▀[0m[38;2;0;0;0m[48;2;0;0;0m▀[0m[38;2;0;0;0m[48;2;0;0;0m▀[0m[38;2;0;0;0m[48;2;0;0;0m▀[0m[38;2;0;0;0m[48;2;0;0;0m▀[0m[38;2;0;0;0m[48;2;0;0;0m▀[0m[38;2;129;132;134m[48;2;122;119;119m▀[0m[38;2;255;255;255m[48;2;255;255;255m▀[0m[38;2;241;245;242m[48;2;255;255;255m▀[0m[38;2;0;0;0m[48;2;255;255;255m▀[0m[38;2;47;47;41m[48;2;255;255;255m▀[0m[38;2;52;52;49m[48;2;255;255;255m▀[0m[38;2;1;2;0m[48;2;255;255;255m▀[0m[38;2;0;0;0m[48;2;184;184;184m▀[0m[38;2;3;4;1m[48;2;165;168;165m▀[0m[38;2;0;0;0m[48;2;164;167;166m▀[0m[38;2;0;0;0m[48;2;0;0;0m▀[0m[38;2;104;114;117m[48;2;40;49;52m▀[0m[38;2;103;112;115m[48;2;124;134;143m▀[0m[38;2;127;145;150m[48;2;139;161;169m▀[0m[38;2;30;37;38m[48;2;92;108;110m▀[0m[38;2;0;0;0m[48;2;82;78;77m▀[0m[38;2;167;166;164m[48;2;188;187;185m▀[0m[38;2;249;251;249m[48;2;0;6;22m▀[0m[38;2;84;102;103m[48;2;0;20;29m▀[0m[38;2;14;45;45m[48;2;28;50;54m▀[0m[38;2;0;4;9m[48;2;11;19;26m▀[0m[38;2;0;0;0m[48;2;40;47;50m▀[0m[38;2;0;0;0m[48;2;41;48;51m▀[0m[38;2;0;0;0m[48;2;28;36;37m▀[0m[38;2;0;0;2m[48;2;28;37;41m▀[0m[38;2;208;210;208m[48;2;0;0;0m▀[0m[38;2;255;255;255m[48;2;113;113;115m▀[0m[38;2;71;82;84m[48;2;255;255;255m▀[0m[38;2;56;74;78m[48;2;28;40;42m▀[0m[38;2;0;0;0m[48;2;9;6;8m▀[0m[38;2;14;14;15m[48;2;14;14;15m▀[0m[38;2;48;63;64m[48;2;49;61;65m▀[0m[38;2;0;0;0m[48;2;7;0;0m▀[0m[38;2;25;29;30m[48;2;23;27;28m▀[0m[38;2;54;72;77m[48;2;49;69;73m▀[0m[38;2;0;0;0m[48;2;0;0;0m▀[0m[38;2;3;2;3m[48;2;5;4;2m▀[0m
[38;2;1;1;1m[48;2;2;2;2m▀[0m[38;2;1;1;1m[48;2;2;2;2m▀[0m[38;2;2;2;2m[48;2;2;2;2m▀[0m[38;2;1;1;1m[48;2;2;2;3m▀[0m[38;2;1;1;1m[48;2;1;3;3m▀[0m[38;2;1;1;1m[48;2;3;3;3m▀[0m[38;2;1;1;1m[48;2;2;2;3m▀[0m[38;2;2;2;2m[48;2;2;2;2m▀[0m[38;2;2;2;2m[48;2;3;3;3m▀[0m[38;2;3;3;3m[48;2;3;3;3m▀[0m[38;2;1;3;3m[48;2;5;5;5m▀[0m[38;2;4;4;4m[48;2;7;7;7m▀[0m[38;2;7;7;7m[48;2;10;9;10m▀[0m[38;2;9;9;4m[48;2;12;12;7m▀[0m[38;2;24;26;28m[48;2;25;29;29m▀[0m[38;2;9;8;9m[48;2;5;8;8m▀[0m[38;2;29;37;38m[48;2;32;40;39m▀[0m[38;2;8;8;6m[48;2;13;15;20m▀[0m[38;2;13;10;12m[48;2;21;21;22m▀[0m[38;2;15;18;19m[48;2;38;41;42m▀[0m[38;2;38;41;42m[48;2;45;49;49m▀[0m[38;2;32;36;36m[48;2;43;46;48m▀[0m[38;2;121;126;125m[48;2;86;93;92m▀[0m[38;2;99;99;99m[48;2;162;158;158m▀[0m[38;2;0;0;0m[48;2;0;0;0m▀[0m[38;2;0;0;0m[48;2;80;80;78m▀[0m[38;2;0;0;0m[48;2;23;23;18m▀[0m[38;2;0;0;0m[48;2;0;0;0m▀[0m[38;2;0;0;0m[48;2;0;0;0m▀[0m[38;2;0;0;0m[48;2;0;0;0m▀[0m[38;2;2;1;1m[48;2;0;2;2m▀[0m[38;2;0;0;0m[48;2;0;0;0m▀[0m[38;2;20;22;27m[48;2;57;64;69m▀[0m[38;2;64;71;74m[48;2;32;39;42m▀[0m[38;2;0;0;0m[48;2;0;0;0m▀[0m[38;2;0;0;0m[48;2;0;0;0m▀[0m[38;2;0;0;0m[48;2;0;0;0m▀[0m[38;2;0;0;0m[48;2;16;20;22m▀[0m[38;2;0;0;0m[48;2;0;0;0m▀[0m[38;2;172;180;180m[48;2;87;96;98m▀[0m[38;2;255;255;255m[48;2;252;255;255m▀[0m[38;2;243;243;241m[48;2;255;255;255m▀[0m[38;2;255;255;255m[48;2;255;255;255m▀[0m[38;2;255;255;255m[48;2;255;255;255m▀[0m[38;2;255;255;255m[48;2;161;167;164m▀[0m[38;2;255;255;255m[48;2;255;255;255m▀[0m[38;2;255;255;255m[48;2;255;255;255m▀[0m[38;2;165;168;165m[48;2;246;246;246m▀[0m[38;2;255;255;255m[48;2;228;231;228m▀[0m[38;2;255;255;255m[48;2;255;255;255m▀[0m[38;2;117;119;120m[48;2;255;255;255m▀[0m[38;2;76;94;107m[48;2;162;162;160m▀[0m[38;2;171;196;203m[48;2;115;139;146m▀[0m[38;2;146;164;170m[48;2;175;191;193m▀[0m[38;2;188;184;186m[48;2;183;181;179m▀[0m[38;2;0;0;0m[48;2;0;0;0m▀[0m[38;2;0;0;0m[48;2;0;0;0m▀[0m[38;2;0;0;0m[48;2;0;0;0m▀[0m[38;2;0;0;0m[48;2;0;0;0m▀[0m[38;2;0;0;0m[48;2;0;0;0m▀[0m[38;2;0;0;0m[48;2;0;0;0m▀[0m[38;2;0;0;0m[48;2;0;0;0m▀[0m[38;2;0;0;0m[48;2;0;0;0m▀[0m[38;2;0;0;0m[48;2;0;0;0m▀[0m[38;2;0;0;0m[48;2;0;0;0m▀[0m[38;2;0;0;0m[48;2;0;0;0m▀[0m[38;2;148;146;143m[48;2;0;0;0m▀[0m[38;2;214;214;210m[48;2;195;196;192m▀[0m[38;2;0;0;0m[48;2;41;43;43m▀[0m[38;2;22;22;24m[48;2;22;21;22m▀[0m[38;2;48;63;67m[48;2;48;63;67m▀[0m[38;2;13;6;5m[48;2;12;10;8m▀[0m[38;2;25;22;24m[48;2;20;22;23m▀[0m[38;2;57;72;77m[48;2;63;76;86m▀[0m[38;2;0;0;0m[48;2;0;0;0m▀[0m[38;2;1;3;1m[48;2;0;2;0m▀[0m
[38;2;2;2;2m[48;2;1;3;1m▀[0m[38;2;2;2;2m[48;2;2;4;2m▀[0m[38;2;3;3;3m[48;2;5;5;5m▀[0m[38;2;3;3;3m[48;2;5;5;5m▀[0m[38;2;3;3;3m[48;2;5;5;5m▀[0m[38;2;3;3;4m[48;2;5;5;5m▀[0m[38;2;3;3;3m[48;2;6;6;6m▀[0m[38;2;4;4;4m[48;2;8;7;8m▀[0m[38;2;5;0;5m[48;2;10;9;10m▀[0m[38;2;7;7;7m[48;2;12;11;12m▀[0m[38;2;0;0;0m[48;2;57;57;57m▀[0m[38;2;10;5;10m[48;2;8;8;8m▀[0m[38;2;12;12;7m[48;2;16;16;11m▀[0m[38;2;14;15;11m[48;2;19;20;15m▀[0m[38;2;28;32;31m[48;2;26;33;34m▀[0m[38;2;12;9;12m[48;2;11;11;13m▀[0m[38;2;41;44;45m[48;2;37;40;41m▀[0m[38;2;24;24;25m[48;2;32;32;30m▀[0m[38;2;28;31;32m[48;2;39;42;43m▀[0m[38;2;40;46;47m[48;2;23;29;30m▀[0m[38;2;50;59;61m[48;2;0;0;0m▀[0m[38;2;19;22;24m[48;2;121;125;125m▀[0m[38;2;150;154;155m[48;2;155;160;158m▀[0m[38;2;130;129;127m[48;2;0;0;0m▀[0m[38;2;6;8;6m[48;2;69;69;74m▀[0m[38;2;138;148;155m[48;2;38;49;60m▀[0m[38;2;147;151;155m[48;2;50;58;65m▀[0m[38;2;0;0;0m[48;2;65;65;63m▀[0m[38;2;0;0;0m[48;2;0;0;0m▀[0m[38;2;0;0;0m[48;2;0;0;0m▀[0m[38;2;0;0;0m[48;2;0;0;0m▀[0m[38;2;0;0;0m[48;2;0;0;0m▀[0m[38;2;16;31;33m[48;2;0;0;0m▀[0m[38;2;0;0;0m[48;2;97;0;0m▀[0m[38;2;0;0;0m[48;2;222;0;0m▀[0m[38;2;0;0;0m[48;2;95;0;0m▀[0m[38;2;0;0;0m[48;2;0;0;0m▀[0m[38;2;11;23;23m[48;2;0;0;0m▀[0m[38;2;0;0;0m[48;2;6;10;13m▀[0m[38;2;0;0;0m[48;2;118;126;125m▀[0m[38;2;254;255;255m[48;2;255;255;255m▀[0m[38;2;255;255;255m[48;2;255;255;255m▀[0m[38;2;255;255;255m[48;2;255;255;255m▀[0m[38;2;242;242;239m[48;2;37;43;42m▀[0m[38;2;0;0;0m[48;2;0;0;0m▀[0m[38;2;255;255;255m[48;2;207;215;215m▀[0m[38;2;255;255;255m[48;2;255;255;255m▀[0m[38;2;254;254;254m[48;2;250;253;250m▀[0m[38;2;241;245;242m[48;2;241;249;243m▀[0m[38;2;255;255;255m[48;2;255;255;255m▀[0m[38;2;255;255;255m[48;2;244;245;239m▀[0m[38;2;255;255;255m[48;2;255;255;255m▀[0m[38;2;161;166;162m[48;2;255;255;255m▀[0m[38;2;179;187;189m[48;2;255;255;255m▀[0m[38;2;137;136;136m[48;2;60;66;66m▀[0m[38;2;0;0;0m[48;2;0;0;0m▀[0m[38;2;0;0;0m[48;2;0;0;0m▀[0m[38;2;0;0;0m[48;2;0;0;0m▀[0m[38;2;0;0;0m[48;2;1;1;1m▀[0m[38;2;0;0;1m[48;2;0;1;1m▀[0m[38;2;0;1;1m[48;2;0;0;0m▀[0m[38;2;0;1;1m[48;2;0;0;0m▀[0m[38;2;0;0;0m[48;2;0;0;1m▀[0m[38;2;0;0;0m[48;2;0;0;1m▀[0m[38;2;0;0;0m[48;2;0;0;0m▀[0m[38;2;0;0;0m[48;2;0;0;0m▀[0m[38;2;0;0;0m[48;2;0;0;0m▀[0m[38;2;46;47;41m[48;2;32;33;29m▀[0m[38;2;85;86;83m[48;2;97;99;99m▀[0m[38;2;22;22;22m[48;2;24;26;24m▀[0m[38;2;52;60;68m[48;2;49;62;68m▀[0m[38;2;15;14;12m[48;2;21;20;18m▀[0m[38;2;16;19;16m[48;2;16;15;16m▀[0m[38;2;55;71;77m[48;2;51;64;75m▀[0m[38;2;0;0;0m[48;2;0;0;0m▀[0m[38;2;0;0;0m[48;2;9;9;10m▀[0m
[38;2;7;7;5m[48;2;8;10;10m▀[0m[38;2;6;8;6m[48;2;9;9;9m▀[0m[38;2;8;8;8m[48;2;9;9;10m▀[0m[38;2;8;8;8m[48;2;10;10;10m▀[0m[38;2;8;8;8m[48;2;10;10;10m▀[0m[38;2;9;9;9m[48;2;11;6;11m▀[0m[38;2;4;4;4m[48;2;14;9;14m▀[0m[38;2;27;31;32m[48;2;4;3;4m▀[0m[38;2;0;0;0m[48;2;55;57;55m▀[0m[38;2;0;0;1m[48;2;31;31;33m▀[0m[38;2;21;21;21m[48;2;3;6;6m▀[0m[38;2;19;14;14m[48;2;19;21;21m▀[0m[38;2;23;23;23m[48;2;20;22;22m▀[0m[38;2;19;20;16m[48;2;13;15;15m▀[0m[38;2;26;33;34m[48;2;29;33;37m▀[0m[38;2;11;11;11m[48;2;13;13;15m▀[0m[38;2;41;45;46m[48;2;0;0;0m▀[0m[38;2;3;6;8m[48;2;41;48;47m▀[0m[38;2;0;0;0m[48;2;248;250;248m▀[0m[38;2;69;73;77m[48;2;255;255;255m▀[0m[38;2;244;246;244m[48;2;219;223;220m▀[0m[38;2;255;255;255m[48;2;110;114;117m▀[0m[38;2;0;0;0m[48;2;0;0;0m▀[0m[38;2;0;0;0m[48;2;0;0;0m▀[0m[38;2;18;15;13m[48;2;0;0;0m▀[0m[38;2;107;117;127m[48;2;49;51;49m▀[0m[38;2;54;62;71m[48;2;0;0;0m▀[0m[38;2;48;48;46m[48;2;0;0;0m▀[0m[38;2;0;0;0m[48;2;0;0;0m▀[0m[38;2;4;4;4m[48;2;0;0;0m▀[0m[38;2;59;62;62m[48;2;174;177;177m▀[0m[38;2;0;0;0m[48;2;65;72;72m▀[0m[38;2;0;0;0m[48;2;0;0;0m▀[0m[38;2;82;0;0m[48;2;0;0;0m▀[0m[38;2;255;0;0m[48;2;0;26;31m▀[0m[38;2;255;0;0m[48;2;0;29;32m▀[0m[38;2;30;0;0m[48;2;0;0;0m▀[0m[38;2;0;4;4m[48;2;0;0;0m▀[0m[38;2;125;129;132m[48;2;83;93;93m▀[0m[38;2;117;120;120m[48;2;14;50;51m▀[0m[38;2;255;255;255m[48;2;255;255;255m▀[0m[38;2;255;255;255m[48;2;255;255;255m▀[0m[38;2;71;78;79m[48;2;0;0;0m▀[0m[38;2;0;0;0m[48;2;0;0;0m▀[0m[38;2;0;0;0m[48;2;0;33;29m▀[0m[38;2;66;73;74m[48;2;0;0;0m▀[0m[38;2;255;255;255m[48;2;122;134;136m▀[0m[38;2;255;255;255m[48;2;255;255;255m▀[0m[38;2;255;255;255m[48;2;255;255;255m▀[0m[38;2;255;255;255m[48;2;255;255;255m▀[0m[38;2;223;226;223m[48;2;224;226;224m▀[0m[38;2;255;255;255m[48;2;255;255;255m▀[0m[38;2;255;255;255m[48;2;255;255;255m▀[0m[38;2;145;158;158m[48;2;0;0;0m▀[0m[38;2;0;0;0m[48;2;0;0;0m▀[0m[38;2;0;0;0m[48;2;0;0;0m▀[0m[38;2;0;0;0m[48;2;0;0;0m▀[0m[38;2;0;0;0m[48;2;0;0;0m▀[0m[38;2;0;0;0m[48;2;16;25;24m▀[0m[38;2;0;0;0m[48;2;0;0;0m▀[0m[38;2;0;0;0m[48;2;0;0;0m▀[0m[38;2;0;0;0m[48;2;0;0;0m▀[0m[38;2;0;0;0m[48;2;1;3;5m▀[0m[38;2;0;0;0m[48;2;9;11;11m▀[0m[38;2;0;0;0m[48;2;0;0;0m▀[0m[38;2;0;0;0m[48;2;0;0;0m▀[0m[38;2;0;0;0m[48;2;0;0;0m▀[0m[38;2;36;38;38m[48;2;64;64;59m▀[0m[38;2;100;100;102m[48;2;107;110;114m▀[0m[38;2;28;28;26m[48;2;38;38;39m▀[0m[38;2;48;63;67m[48;2;44;62;64m▀[0m[38;2;26;25;23m[48;2;24;27;31m▀[0m[38;2;12;12;10m[48;2;8;5;7m▀[0m[38;2;15;36;40m[48;2;163;169;170m▀[0m[38;2;0;0;0m[48;2;16;19;20m▀[0m[38;2;15;18;19m[48;2;24;27;28m▀[0m
[38;2;10;10;11m[48;2;13;13;13m▀[0m[38;2;11;11;11m[48;2;15;15;15m▀[0m[38;2;10;12;12m[48;2;15;11;18m▀[0m[38;2;12;8;14m[48;2;15;18;18m▀[0m[38;2;14;14;14m[48;2;20;22;22m▀[0m[38;2;16;16;16m[48;2;21;21;21m▀[0m[38;2;20;20;21m[48;2;16;22;18m▀[0m[38;2;0;0;0m[48;2;21;21;19m▀[0m[38;2;158;158;156m[48;2;3;3;3m▀[0m[38;2;67;69;69m[48;2;13;12;12m▀[0m[38;2;4;3;3m[48;2;21;20;20m▀[0m[38;2;20;19;19m[48;2;16;19;16m▀[0m[38;2;12;14;16m[48;2;20;22;23m▀[0m[38;2;23;25;23m[48;2;0;0;0m▀[0m[38;2;6;12;13m[48;2;24;27;26m▀[0m[38;2;0;0;0m[48;2;255;255;255m▀[0m[38;2;195;195;192m[48;2;255;255;255m▀[0m[38;2;255;255;255m[48;2;97;104;108m▀[0m[38;2;255;255;255m[48;2;0;0;0m▀[0m[38;2;49;54;58m[48;2;0;0;0m▀[0m[38;2;0;0;0m[48;2;0;0;0m▀[0m[38;2;0;0;0m[48;2;0;0;0m▀[0m[38;2;45;47;49m[48;2;0;0;0m▀[0m[38;2;0;0;0m[48;2;0;0;0m▀[0m[38;2;0;0;0m[48;2;0;0;0m▀[0m[38;2;2;2;0m[48;2;0;0;0m▀[0m[38;2;69;72;74m[48;2;16;19;19m▀[0m[38;2;80;79;77m[48;2;124;127;126m▀[0m[38;2;0;0;0m[48;2;59;59;59m▀[0m[38;2;0;0;0m[48;2;0;0;0m▀[0m[38;2;29;29;29m[48;2;0;0;0m▀[0m[38;2;172;175;175m[48;2;0;0;0m▀[0m[38;2;0;0;0m[48;2;0;0;0m▀[0m[38;2;0;0;0m[48;2;0;0;0m▀[0m[38;2;0;0;0m[48;2;0;0;0m▀[0m[38;2;0;0;0m[48;2;0;0;0m▀[0m[38;2;0;0;0m[48;2;0;0;0m▀[0m[38;2;0;0;0m[48;2;0;0;0m▀[0m[38;2;48;74;76m[48;2;12;32;36m▀[0m[38;2;197;43;27m[48;2;175;69;57m▀[0m[38;2;197;113;109m[48;2;3;0;0m▀[0m[38;2;255;255;255m[48;2;59;80;80m▀[0m[38;2;62;111;112m[48;2;30;66;71m▀[0m[38;2;255;136;124m[48;2;117;39;38m▀[0m[38;2;255;0;0m[48;2;255;0;0m▀[0m[38;2;166;44;30m[48;2;255;208;202m▀[0m[38;2;0;0;0m[48;2;12;51;51m▀[0m[38;2;223;227;227m[48;2;255;255;255m▀[0m[38;2;255;255;255m[48;2;255;255;255m▀[0m[38;2;255;255;255m[48;2;255;255;255m▀[0m[38;2;240;240;240m[48;2;230;230;230m▀[0m[38;2;255;255;255m[48;2;255;255;255m▀[0m[38;2;255;255;255m[48;2;255;255;255m▀[0m[38;2;6;30;29m[48;2;0;0;0m▀[0m[38;2;239;0;0m[48;2;255;0;0m▀[0m[38;2;59;0;0m[48;2;255;0;0m▀[0m[38;2;0;0;0m[48;2;0;4;4m▀[0m[38;2;47;72;75m[48;2;99;144;146m▀[0m[38;2;28;47;51m[48;2;0;0;0m▀[0m[38;2;0;0;0m[48;2;0;0;0m▀[0m[38;2;0;0;0m[48;2;0;0;0m▀[0m[38;2;0;0;0m[48;2;0;0;0m▀[0m[38;2;129;144;146m[48;2;138;172;177m▀[0m[38;2;42;49;49m[48;2;46;60;61m▀[0m[38;2;0;0;0m[48;2;0;0;0m▀[0m[38;2;0;0;0m[48;2;0;0;0m▀[0m[38;2;0;0;0m[48;2;0;0;0m▀[0m[38;2;76;75;72m[48;2;110;108;111m▀[0m[38;2;105;109;113m[48;2;102;110;115m▀[0m[38;2;51;54;54m[48;2;63;69;68m▀[0m[38;2;34;50;47m[48;2;29;31;29m▀[0m[38;2;30;30;34m[48;2;28;30;31m▀[0m[38;2;6;6;10m[48;2;14;19;23m▀[0m[38;2;245;245;250m[48;2;163;167;168m▀[0m[38;2;42;44;44m[48;2;19;18;18m▀[0m[38;2;25;25;25m[48;2;20;19;20m▀[0m
[38;2;12;12;12m[48;2;8;8;8m▀[0m[38;2;12;14;14m[48;2;34;36;32m▀[0m[38;2;20;22;22m[48;2;54;58;58m▀[0m[38;2;30;31;25m[48;2;29;29;29m▀[0m[38;2;25;27;27m[48;2;29;29;29m▀[0m[38;2;25;25;25m[48;2;28;30;30m▀[0m[38;2;26;26;27m[48;2;29;31;31m▀[0m[38;2;26;28;28m[48;2;30;32;32m▀[0m[38;2;23;26;25m[48;2;27;29;29m▀[0m[38;2;28;27;27m[48;2;26;25;25m▀[0m[38;2;25;24;24m[48;2;21;21;23m▀[0m[38;2;15;14;15m[48;2;25;28;27m▀[0m[38;2;0;0;0m[48;2;191;189;187m▀[0m[38;2;125;125;121m[48;2;255;255;255m▀[0m[38;2;255;255;255m[48;2;127;145;151m▀[0m[38;2;255;255;255m[48;2;145;164;161m▀[0m[38;2;27;37;40m[48;2;255;255;255m▀[0m[38;2;0;0;0m[48;2;164;164;164m▀[0m[38;2;0;0;0m[48;2;0;0;0m▀[0m[38;2;0;0;0m[48;2;0;0;0m▀[0m[38;2;0;0;0m[48;2;0;0;0m▀[0m[38;2;0;0;0m[48;2;0;0;0m▀[0m[38;2;0;0;0m[48;2;0;0;0m▀[0m[38;2;0;0;0m[48;2;0;0;0m▀[0m[38;2;0;0;0m[48;2;0;0;0m▀[0m[38;2;0;0;0m[48;2;0;0;0m▀[0m[38;2;0;0;0m[48;2;6;9;9m▀[0m[38;2;5;8;8m[48;2;47;50;50m▀[0m[38;2;73;76;76m[48;2;78;81;81m▀[0m[38;2;0;0;0m[48;2;0;0;0m▀[0m[38;2;0;0;0m[48;2;0;0;0m▀[0m[38;2;0;0;0m[48;2;0;0;0m▀[0m[38;2;0;0;0m[48;2;0;0;0m▀[0m[38;2;11;11;11m[48;2;89;89;89m▀[0m[38;2;0;0;0m[48;2;255;255;255m▀[0m[38;2;0;0;0m[48;2;192;196;192m▀[0m[38;2;0;0;0m[48;2;255;255;255m▀[0m[38;2;0;0;0m[48;2;189;192;192m▀[0m[38;2;16;20;20m[48;2;0;0;0m▀[0m[38;2;0;0;0m[48;2;0;0;0m▀[0m[38;2;0;0;0m[48;2;0;0;0m▀[0m[38;2;0;0;0m[48;2;0;0;0m▀[0m[38;2;0;0;0m[48;2;0;0;0m▀[0m[38;2;0;0;0m[48;2;0;0;0m▀[0m[38;2;0;0;0m[48;2;0;0;0m▀[0m[38;2;0;0;0m[48;2;15;22;19m▀[0m[38;2;42;51;51m[48;2;255;255;255m▀[0m[38;2;255;255;255m[48;2;255;255;255m▀[0m[38;2;255;255;255m[48;2;255;255;255m▀[0m[38;2;255;255;255m[48;2;161;161;161m▀[0m[38;2;255;255;255m[48;2;167;169;169m▀[0m[38;2;255;255;255m[48;2;236;242;242m▀[0m[38;2;219;241;239m[48;2;255;255;255m▀[0m[38;2;0;0;0m[48;2;7;32;32m▀[0m[38;2;152;0;0m[48;2;0;0;0m▀[0m[38;2;255;0;0m[48;2;0;0;0m▀[0m[38;2;3;0;0m[48;2;0;0;0m▀[0m[38;2;7;69;71m[48;2;0;0;0m▀[0m[38;2;10;26;27m[48;2;23;15;20m▀[0m[38;2;107;0;0m[48;2;255;0;0m▀[0m[38;2;244;0;0m[48;2;255;0;0m▀[0m[38;2;213;0;0m[48;2;255;0;0m▀[0m[38;2;0;6;8m[48;2;0;0;0m▀[0m[38;2;0;8;10m[48;2;0;0;0m▀[0m[38;2;0;0;0m[48;2;0;0;0m▀[0m[38;2;0;0;0m[48;2;0;0;0m▀[0m[38;2;140;144;145m[48;2;27;29;34m▀[0m[38;2;109;108;108m[48;2;0;0;0m▀[0m[38;2;78;85;91m[48;2;100;103;110m▀[0m[38;2;89;92;96m[48;2;93;95;97m▀[0m[38;2;42;41;42m[48;2;47;49;50m▀[0m[38;2;31;33;34m[48;2;39;41;42m▀[0m[38;2;21;23;24m[48;2;11;15;14m▀[0m[38;2;54;56;54m[48;2;101;101;103m▀[0m[38;2;0;0;0m[48;2;11;13;14m▀[0m[38;2;30;32;30m[48;2;7;9;7m▀[0m
[38;2;16;16;14m[48;2;18;21;20m▀[0m[38;2;28;28;29m[48;2;24;23;24m▀[0m[38;2;38;33;33m[48;2;27;26;24m▀[0m[38;2;40;36;42m[48;2;43;45;45m▀[0m[38;2;34;37;37m[48;2;40;42;42m▀[0m[38;2;33;36;36m[48;2;36;38;38m▀[0m[38;2;37;39;37m[48;2;38;40;40m▀[0m[38;2;37;39;39m[48;2;37;37;37m▀[0m[38;2;33;36;36m[48;2;37;41;41m▀[0m[38;2;32;32;34m[48;2;42;44;46m▀[0m[38;2;38;41;42m[48;2;77;77;72m▀[0m[38;2;113;107;105m[48;2;44;48;51m▀[0m[38;2;142;149;153m[48;2;200;226;233m▀[0m[38;2;183;207;219m[48;2;224;251;255m▀[0m[38;2;152;172;182m[48;2;112;126;134m▀[0m[38;2;0;0;0m[48;2;0;0;0m▀[0m[38;2;0;0;0m[48;2;0;0;0m▀[0m[38;2;12;12;12m[48;2;201;201;201m▀[0m[38;2;0;0;0m[48;2;255;255;255m▀[0m[38;2;0;0;0m[48;2;0;0;0m▀[0m[38;2;0;0;0m[48;2;11;13;13m▀[0m[38;2;0;0;0m[48;2;98;100;102m▀[0m[38;2;0;0;0m[48;2;0;0;0m▀[0m[38;2;0;0;0m[48;2;10;12;12m▀[0m[38;2;0;0;0m[48;2;3;3;1m▀[0m[38;2;0;0;0m[48;2;0;0;0m▀[0m[38;2;7;10;9m[48;2;0;0;1m▀[0m[38;2;62;68;67m[48;2;100;103;102m▀[0m[38;2;0;0;0m[48;2;0;0;0m▀[0m[38;2;93;93;95m[48;2;0;0;0m▀[0m[38;2;40;42;42m[48;2;39;39;39m▀[0m[38;2;0;0;0m[48;2;26;29;29m▀[0m[38;2;0;0;0m[48;2;0;0;0m▀[0m[38;2;0;0;0m[48;2;0;0;0m▀[0m[38;2;60;62;62m[48;2;0;0;0m▀[0m[38;2;215;217;219m[48;2;0;0;0m▀[0m[38;2;255;255;255m[48;2;16;19;19m▀[0m[38;2;255;255;255m[48;2;255;255;255m▀[0m[38;2;160;160;160m[48;2;255;255;255m▀[0m[38;2;255;255;255m[48;2;255;255;255m▀[0m[38;2;37;37;37m[48;2;153;153;153m▀[0m[38;2;0;0;0m[48;2;0;0;0m▀[0m[38;2;0;0;0m[48;2;0;0;0m▀[0m[38;2;0;0;0m[48;2;0;0;0m▀[0m[38;2;48;51;51m[48;2;168;168;170m▀[0m[38;2;255;255;255m[48;2;236;236;238m▀[0m[38;2;255;255;255m[48;2;157;157;160m▀[0m[38;2;255;255;255m[48;2;255;255;255m▀[0m[38;2;255;255;255m[48;2;255;255;255m▀[0m[38;2;94;94;94m[48;2;15;19;15m▀[0m[38;2;0;0;0m[48;2;0;0;0m▀[0m[38;2;205;209;209m[48;2;255;255;255m▀[0m[38;2;255;255;255m[48;2;255;255;255m▀[0m[38;2;39;55;50m[48;2;112;115;115m▀[0m[38;2;0;0;0m[48;2;0;0;0m▀[0m[38;2;0;0;0m[48;2;0;0;0m▀[0m[38;2;114;131;131m[48;2;49;58;61m▀[0m[38;2;0;0;0m[48;2;0;0;0m▀[0m[38;2;0;0;0m[48;2;0;0;0m▀[0m[38;2;0;0;0m[48;2;0;0;0m▀[0m[38;2;54;0;0m[48;2;0;0;0m▀[0m[38;2;0;0;0m[48;2;89;121;121m▀[0m[38;2;4;47;51m[48;2;130;150;151m▀[0m[38;2;0;11;11m[48;2;0;0;0m▀[0m[38;2;0;0;0m[48;2;0;0;0m▀[0m[38;2;0;0;0m[48;2;0;0;0m▀[0m[38;2;0;0;0m[48;2;158;158;156m▀[0m[38;2;0;0;0m[48;2;191;193;191m▀[0m[38;2;126;133;136m[48;2;63;66;71m▀[0m[38;2;90;92;94m[48;2;96;99;100m▀[0m[38;2;52;55;56m[48;2;52;52;57m▀[0m[38;2;46;46;47m[48;2;51;51;56m▀[0m[38;2;26;26;27m[48;2;34;39;38m▀[0m[38;2;93;99;108m[48;2;66;75;82m▀[0m[38;2;83;87;89m[48;2;55;58;59m▀[0m[38;2;1;5;6m[48;2;69;74;75m▀[0m
[38;2;24;27;26m[48;2;98;101;105m▀[0m[38;2;28;30;36m[48;2;83;81;87m▀[0m[38;2;31;33;31m[48;2;83;87;89m▀[0m[38;2;49;51;51m[48;2;56;60;59m▀[0m[38;2;43;45;45m[48;2;44;46;47m▀[0m[38;2;36;39;36m[48;2;38;41;43m▀[0m[38;2;38;40;40m[48;2;47;49;49m▀[0m[38;2;46;43;49m[48;2;50;52;54m▀[0m[38;2;38;42;43m[48;2;83;86;89m▀[0m[38;2;92;91;87m[48;2;42;34;34m▀[0m[38;2;15;19;15m[48;2;104;116;119m▀[0m[38;2;193;215;220m[48;2;251;255;255m▀[0m[38;2;236;255;255m[48;2;171;187;196m▀[0m[38;2;81;91;94m[48;2;0;0;0m▀[0m[38;2;0;0;0m[48;2;0;0;0m▀[0m[38;2;0;0;0m[48;2;65;65;63m▀[0m[38;2;211;215;215m[48;2;255;255;255m▀[0m[38;2;255;255;255m[48;2;0;0;0m▀[0m[38;2;30;32;32m[48;2;0;0;0m▀[0m[38;2;0;0;0m[48;2;0;0;0m▀[0m[38;2;0;0;0m[48;2;0;0;0m▀[0m[38;2;255;255;255m[48;2;64;64;65m▀[0m[38;2;164;162;165m[48;2;255;255;255m▀[0m[38;2;44;44;42m[48;2;56;56;54m▀[0m[38;2;29;29;29m[48;2;0;0;0m▀[0m[38;2;0;0;0m[48;2;0;0;0m▀[0m[38;2;0;0;0m[48;2;0;0;0m▀[0m[38;2;112;112;113m[48;2;77;80;80m▀[0m[38;2;0;0;0m[48;2;126;129;128m▀[0m[38;2;0;0;0m[48;2;170;174;178m▀[0m[38;2;33;31;36m[48;2;93;97;101m▀[0m[38;2;205;208;213m[48;2;16;16;18m▀[0m[38;2;184;184;184m[48;2;255;255;255m▀[0m[38;2;0;0;0m[48;2;255;255;255m▀[0m[38;2;0;0;0m[48;2;64;66;68m▀[0m[38;2;0;0;0m[48;2;11;21;28m▀[0m[38;2;255;255;255m[48;2;255;255;255m▀[0m[38;2;171;174;177m[48;2;230;234;237m▀[0m[38;2;142;142;139m[48;2;0;0;0m▀[0m[38;2;16;16;16m[48;2;0;0;0m▀[0m[38;2;0;0;0m[48;2;0;0;0m▀[0m[38;2;0;0;0m[48;2;0;0;0m▀[0m[38;2;0;0;0m[48;2;0;0;0m▀[0m[38;2;0;0;0m[48;2;0;0;1m▀[0m[38;2;0;0;0m[48;2;34;32;36m▀[0m[38;2;0;0;0m[48;2;48;51;50m▀[0m[38;2;64;67;72m[48;2;200;204;207m▀[0m[38;2;255;255;255m[48;2;255;255;255m▀[0m[38;2;255;255;255m[48;2;255;255;255m▀[0m[38;2;40;40;40m[48;2;220;220;220m▀[0m[38;2;189;189;189m[48;2;255;255;255m▀[0m[38;2;255;255;255m[48;2;255;255;255m▀[0m[38;2;255;255;255m[48;2;255;255;255m▀[0m[38;2;101;101;101m[48;2;156;156;156m▀[0m[38;2;144;144;146m[48;2;0;0;0m▀[0m[38;2;150;150;150m[48;2;255;255;255m▀[0m[38;2;0;0;0m[48;2;255;255;255m▀[0m[38;2;0;0;0m[48;2;255;255;255m▀[0m[38;2;0;0;0m[48;2;255;255;255m▀[0m[38;2;34;43;43m[48;2;255;255;255m▀[0m[38;2;24;32;32m[48;2;0;0;0m▀[0m[38;2;9;18;18m[48;2;0;0;0m▀[0m[38;2;0;0;0m[48;2;0;0;0m▀[0m[38;2;6;12;11m[48;2;93;100;103m▀[0m[38;2;109;115;118m[48;2;15;18;20m▀[0m[38;2;45;47;47m[48;2;0;0;0m▀[0m[38;2;240;240;238m[48;2;0;0;0m▀[0m[38;2;255;255;255m[48;2;65;67;67m▀[0m[38;2;251;255;254m[48;2;255;255;255m▀[0m[38;2;44;47;51m[48;2;249;251;252m▀[0m[38;2;60;62;63m[48;2;28;32;37m▀[0m[38;2;59;62;63m[48;2;74;76;80m▀[0m[38;2;43;46;45m[48;2;57;55;61m▀[0m[38;2;76;89;92m[48;2;77;89;96m▀[0m[38;2;10;10;8m[48;2;33;33;38m▀[0m[38;2;0;0;0m[48;2;3;5;3m▀[0m
[38;2;0;0;0m[48;2;0;0;0m▀[0m[38;2;0;0;0m[48;2;0;0;0m▀[0m[38;2;66;69;71m[48;2;0;0;0m▀[0m[38;2;108;108;110m[48;2;113;116;118m▀[0m[38;2;38;42;45m[48;2;47;50;51m▀[0m[38;2;41;43;44m[48;2;50;52;54m▀[0m[38;2;50;52;54m[48;2;50;52;54m▀[0m[38;2;61;63;64m[48;2;89;89;90m▀[0m[38;2;80;77;79m[48;2;0;0;0m▀[0m[38;2;32;31;29m[48;2;100;103;108m▀[0m[38;2;99;108;112m[48;2;62;68;72m▀[0m[38;2;91;107;109m[48;2;0;0;0m▀[0m[38;2;115;129;136m[48;2;80;93;99m▀[0m[38;2;0;0;0m[48;2;0;0;0m▀[0m[38;2;0;0;0m[48;2;44;44;44m▀[0m[38;2;200;203;200m[48;2;94;98;97m▀[0m[38;2;1;0;0m[48;2;0;0;0m▀[0m[38;2;0;0;0m[48;2;0;0;0m▀[0m[38;2;0;0;0m[48;2;0;0;0m▀[0m[38;2;0;0;0m[48;2;0;0;0m▀[0m[38;2;0;0;0m[48;2;0;0;0m▀[0m[38;2;0;0;0m[48;2;0;0;0m▀[0m[38;2;255;255;255m[48;2;255;255;255m▀[0m[38;2;183;189;188m[48;2;255;255;255m▀[0m[38;2;0;0;0m[48;2;0;0;0m▀[0m[38;2;10;13;13m[48;2;0;0;0m▀[0m[38;2;0;0;0m[48;2;195;195;195m▀[0m[38;2;18;21;20m[48;2;198;198;198m▀[0m[38;2;138;142;140m[48;2;29;29;31m▀[0m[38;2;81;84;83m[48;2;34;33;33m▀[0m[38;2;0;0;0m[48;2;0;0;0m▀[0m[38;2;0;0;0m[48;2;0;0;0m▀[0m[38;2;57;61;61m[48;2;0;0;0m▀[0m[38;2;255;255;255m[48;2;91;93;95m▀[0m[38;2;255;255;255m[48;2;255;255;255m▀[0m[38;2;149;157;160m[48;2;255;255;255m▀[0m[38;2;255;255;255m[48;2;254;255;255m▀[0m[38;2;255;255;255m[48;2;255;255;255m▀[0m[38;2;59;59;59m[48;2;255;255;255m▀[0m[38;2;0;0;0m[48;2;255;255;255m▀[0m[38;2;0;0;0m[48;2;255;255;255m▀[0m[38;2;0;0;0m[48;2;0;0;0m▀[0m[38;2;0;0;1m[48;2;0;0;0m▀[0m[38;2;43;46;48m[48;2;0;0;0m▀[0m[38;2;1;0;0m[48;2;0;0;0m▀[0m[38;2;63;66;65m[48;2;181;180;180m▀[0m[38;2;214;217;216m[48;2;197;199;199m▀[0m[38;2;255;255;255m[48;2;255;255;255m▀[0m[38;2;255;255;255m[48;2;255;255;255m▀[0m[38;2;188;188;188m[48;2;177;180;180m▀[0m[38;2;255;255;255m[48;2;255;255;255m▀[0m[38;2;255;255;255m[48;2;254;254;254m▀[0m[38;2;255;255;255m[48;2;255;255;255m▀[0m[38;2;237;237;235m[48;2;255;255;255m▀[0m[38;2;0;0;0m[48;2;0;0;0m▀[0m[38;2;0;0;0m[48;2;0;0;0m▀[0m[38;2;2;2;2m[48;2;0;0;0m▀[0m[38;2;142;142;142m[48;2;0;0;0m▀[0m[38;2;181;183;183m[48;2;0;0;0m▀[0m[38;2;0;0;0m[48;2;0;0;0m▀[0m[38;2;0;0;0m[48;2;83;82;82m▀[0m[38;2;14;18;18m[48;2;108;111;108m▀[0m[38;2;113;117;117m[48;2;22;23;16m▀[0m[38;2;40;48;52m[48;2;20;22;24m▀[0m[38;2;0;0;0m[48;2;23;19;25m▀[0m[38;2;0;0;0m[48;2;0;0;0m▀[0m[38;2;0;0;0m[48;2;0;0;0m▀[0m[38;2;0;0;0m[48;2;0;0;0m▀[0m[38;2;48;50;50m[48;2;0;0;0m▀[0m[38;2;255;255;255m[48;2;21;23;23m▀[0m[38;2;243;245;243m[48;2;255;255;255m▀[0m[38;2;30;32;37m[48;2;210;213;210m▀[0m[38;2;75;75;76m[48;2;12;15;15m▀[0m[38;2;80;86;96m[48;2;83;90;98m▀[0m[38;2;42;39;46m[48;2;33;37;38m▀[0m[38;2;10;9;10m[48;2;16;15;13m▀[0m
[38;2;0;0;0m[48;2;0;0;0m▀[0m[38;2;0;0;0m[48;2;0;0;0m▀[0m[38;2;0;0;0m[48;2;0;0;0m▀[0m[38;2;95;99;100m[48;2;77;79;81m▀[0m[38;2;68;71;68m[48;2;87;87;85m▀[0m[38;2;60;62;63m[48;2;61;61;62m▀[0m[38;2;51;55;56m[48;2;52;56;57m▀[0m[38;2;63;66;67m[48;2;0;3;2m▀[0m[38;2;0;0;0m[48;2;0;0;0m▀[0m[38;2;167;179;186m[48;2;197;211;217m▀[0m[38;2;22;33;37m[48;2;37;51;54m▀[0m[38;2;3;6;6m[48;2;0;0;0m▀[0m[38;2;76;85;92m[48;2;94;101;107m▀[0m[38;2;0;0;0m[48;2;0;0;0m▀[0m[38;2;42;46;47m[48;2;0;0;0m▀[0m[38;2;1;4;3m[48;2;0;0;0m▀[0m[38;2;0;0;0m[48;2;0;0;0m▀[0m[38;2;0;0;0m[48;2;1;1;0m▀[0m[38;2;0;0;0m[48;2;0;1;0m▀[0m[38;2;0;0;0m[48;2;0;0;0m▀[0m[38;2;0;0;0m[48;2;0;0;0m▀[0m[38;2;0;0;0m[48;2;21;23;24m▀[0m[38;2;255;255;255m[48;2;222;222;222m▀[0m[38;2;144;147;149m[48;2;11;13;14m▀[0m[38;2;0;0;0m[48;2;0;0;0m▀[0m[38;2;0;0;0m[48;2;0;0;0m▀[0m[38;2;0;0;0m[48;2;0;0;0m▀[0m[38;2;191;195;195m[48;2;0;0;0m▀[0m[38;2;217;220;217m[48;2;113;113;113m▀[0m[38;2;0;0;0m[48;2;0;0;0m▀[0m[38;2;0;0;0m[48;2;0;0;0m▀[0m[38;2;0;0;0m[48;2;0;0;0m▀[0m[38;2;0;0;0m[48;2;0;0;0m▀[0m[38;2;78;80;82m[48;2;0;0;0m▀[0m[38;2;223;226;226m[48;2;224;227;227m▀[0m[38;2;255;255;255m[48;2;255;255;255m▀[0m[38;2;246;249;246m[48;2;230;232;232m▀[0m[38;2;255;255;255m[48;2;252;251;251m▀[0m[38;2;255;255;255m[48;2;255;255;255m▀[0m[38;2;255;255;255m[48;2;255;255;255m▀[0m[38;2;255;255;255m[48;2;255;255;255m▀[0m[38;2;0;0;0m[48;2;22;25;22m▀[0m[38;2;0;0;0m[48;2;89;89;89m▀[0m[38;2;0;0;0m[48;2;132;131;132m▀[0m[38;2;0;0;0m[48;2;109;109;109m▀[0m[38;2;102;100;103m[48;2;29;29;27m▀[0m[38;2;174;177;177m[48;2;221;221;221m▀[0m[38;2;255;255;255m[48;2;255;255;255m▀[0m[38;2;255;255;255m[48;2;151;154;154m▀[0m[38;2;157;161;161m[48;2;185;187;187m▀[0m[38;2;255;255;255m[48;2;255;255;255m▀[0m[38;2;238;241;238m[48;2;235;238;238m▀[0m[38;2;255;255;255m[48;2;255;255;255m▀[0m[38;2;255;255;255m[48;2;255;255;255m▀[0m[38;2;151;154;154m[48;2;240;240;240m▀[0m[38;2;0;0;0m[48;2;37;38;34m▀[0m[38;2;0;0;0m[48;2;6;6;4m▀[0m[38;2;0;0;0m[48;2;56;56;54m▀[0m[38;2;50;50;50m[48;2;12;15;14m▀[0m[38;2;85;85;85m[48;2;0;0;0m▀[0m[38;2;30;26;26m[48;2;0;0;0m▀[0m[38;2;0;0;0m[48;2;0;0;0m▀[0m[38;2;0;0;0m[48;2;2;5;5m▀[0m[38;2;92;90;93m[48;2;28;28;28m▀[0m[38;2;0;0;0m[48;2;0;0;0m▀[0m[38;2;0;0;0m[48;2;0;0;0m▀[0m[38;2;0;0;0m[48;2;0;0;0m▀[0m[38;2;0;0;0m[48;2;78;78;78m▀[0m[38;2;0;0;0m[48;2;255;255;255m▀[0m[38;2;0;0;0m[48;2;255;255;255m▀[0m[38;2;16;19;21m[48;2;255;255;255m▀[0m[38;2;255;255;255m[48;2;255;255;255m▀[0m[38;2;156;155;155m[48;2;255;255;255m▀[0m[38;2;3;10;18m[48;2;211;210;211m▀[0m[38;2;27;30;34m[48;2;0;0;0m▀[0m[38;2;15;12;12m[48;2;0;0;0m▀[0m
[38;2;0;0;0m[48;2;0;2;2m▀[0m[38;2;0;0;0m[48;2;0;0;0m▀[0m[38;2;0;0;0m[48;2;0;0;0m▀[0m[38;2;45;48;54m[48;2;148;151;151m▀[0m[38;2;94;100;99m[48;2;143;151;154m▀[0m[38;2;72;72;76m[48;2;38;40;45m▀[0m[38;2;25;28;27m[48;2;0;0;0m▀[0m[38;2;0;0;0m[48;2;0;0;0m▀[0m[38;2;0;0;0m[48;2;209;225;234m▀[0m[38;2;226;242;246m[48;2;246;255;255m▀[0m[38;2;77;93;98m[48;2;97;113;119m▀[0m[38;2;0;0;0m[48;2;0;0;0m▀[0m[38;2;128;139;146m[48;2;67;79;82m▀[0m[38;2;0;0;0m[48;2;0;0;0m▀[0m[38;2;0;0;0m[48;2;0;0;0m▀[0m[38;2;0;0;0m[48;2;0;0;0m▀[0m[38;2;0;1;1m[48;2;0;0;0m▀[0m[38;2;0;1;1m[48;2;0;0;0m▀[0m[38;2;0;0;0m[48;2;0;0;0m▀[0m[38;2;0;0;0m[48;2;0;0;0m▀[0m[38;2;0;0;0m[48;2;0;0;0m▀[0m[38;2;114;116;117m[48;2;1;3;4m▀[0m[38;2;49;49;49m[48;2;0;0;0m▀[0m[38;2;0;0;0m[48;2;181;180;181m▀[0m[38;2;169;172;172m[48;2;185;185;185m▀[0m[38;2;34;38;38m[48;2;0;0;0m▀[0m[38;2;0;0;0m[48;2;0;0;0m▀[0m[38;2;0;0;0m[48;2;0;0;0m▀[0m[38;2;0;0;0m[48;2;20;20;21m▀[0m[38;2;0;0;0m[48;2;105;105;105m▀[0m[38;2;0;0;0m[48;2;0;0;0m▀[0m[38;2;0;0;0m[48;2;68;68;71m▀[0m[38;2;0;0;0m[48;2;161;158;162m▀[0m[38;2;148;150;150m[48;2;125;125;122m▀[0m[38;2;255;255;255m[48;2;255;255;255m▀[0m[38;2;245;248;248m[48;2;255;255;255m▀[0m[38;2;220;222;222m[48;2;231;233;233m▀[0m[38;2;207;213;207m[48;2;252;255;252m▀[0m[38;2;255;255;255m[48;2;255;255;255m▀[0m[38;2;173;173;173m[48;2;157;161;157m▀[0m[38;2;0;0;0m[48;2;0;0;0m▀[0m[38;2;185;184;185m[48;2;255;255;255m▀[0m[38;2;107;105;107m[48;2;133;132;133m▀[0m[38;2;0;0;0m[48;2;0;0;0m▀[0m[38;2;255;255;255m[48;2;111;112;109m▀[0m[38;2;184;187;187m[48;2;216;219;218m▀[0m[38;2;255;255;255m[48;2;255;255;255m▀[0m[38;2;255;255;255m[48;2;253;253;253m▀[0m[38;2;129;132;132m[48;2;114;115;112m▀[0m[38;2;230;228;228m[48;2;131;136;142m▀[0m[38;2;255;255;255m[48;2;148;150;151m▀[0m[38;2;255;255;255m[48;2;254;255;255m▀[0m[38;2;225;227;227m[48;2;173;171;174m▀[0m[38;2;255;255;255m[48;2;255;255;255m▀[0m[38;2;224;224;226m[48;2;255;255;255m▀[0m[38;2;0;0;0m[48;2;0;0;0m▀[0m[38;2;56;56;56m[48;2;32;32;33m▀[0m[38;2;0;0;0m[48;2;0;0;0m▀[0m[38;2;0;0;0m[48;2;31;34;36m▀[0m[38;2;43;45;47m[48;2;0;0;0m▀[0m[38;2;0;0;0m[48;2;0;0;0m▀[0m[38;2;0;0;0m[48;2;0;0;0m▀[0m[38;2;0;0;0m[48;2;0;0;0m▀[0m[38;2;0;0;0m[48;2;7;7;7m▀[0m[38;2;0;0;0m[48;2;21;21;21m▀[0m[38;2;0;0;0m[48;2;0;0;0m▀[0m[38;2;0;1;0m[48;2;0;0;0m▀[0m[38;2;165;168;168m[48;2;0;0;0m▀[0m[38;2;51;54;54m[48;2;0;0;0m▀[0m[38;2;12;12;12m[48;2;0;0;0m▀[0m[38;2;100;102;102m[48;2;0;0;0m▀[0m[38;2;0;0;0m[48;2;23;25;27m▀[0m[38;2;149;151;149m[48;2;0;0;0m▀[0m[38;2;255;255;255m[48;2;190;193;192m▀[0m[38;2;255;255;255m[48;2;255;255;255m▀[0m[38;2;0;0;0m[48;2;243;245;245m▀[0m
[38;2;5;4;4m[48;2;9;8;8m▀[0m[38;2;0;0;0m[48;2;11;11;11m▀[0m[38;2;23;22;22m[48;2;15;14;14m▀[0m[38;2;211;214;214m[48;2;24;26;26m▀[0m[38;2;162;166;162m[48;2;28;28;28m▀[0m[38;2;19;16;20m[48;2;0;0;0m▀[0m[38;2;0;0;0m[48;2;65;78;84m▀[0m[38;2;153;169;174m[48;2;255;255;255m▀[0m[38;2;230;254;255m[48;2;255;255;255m▀[0m[38;2;79;95;103m[48;2;63;72;75m▀[0m[38;2;0;0;0m[48;2;0;0;0m▀[0m[38;2;0;0;0m[48;2;0;0;0m▀[0m[38;2;39;45;49m[48;2;0;0;0m▀[0m[38;2;11;14;15m[48;2;0;0;0m▀[0m[38;2;0;0;0m[48;2;0;0;0m▀[0m[38;2;0;0;0m[48;2;0;0;0m▀[0m[38;2;0;0;0m[48;2;0;0;0m▀[0m[38;2;0;0;0m[48;2;0;0;0m▀[0m[38;2;0;0;0m[48;2;64;67;66m▀[0m[38;2;0;0;0m[48;2;138;138;138m▀[0m[38;2;0;0;0m[48;2;128;131;131m▀[0m[38;2;23;22;22m[48;2;148;149;146m▀[0m[38;2;187;188;185m[48;2;26;26;26m▀[0m[38;2;95;98;98m[48;2;0;0;0m▀[0m[38;2;0;0;0m[48;2;0;0;0m▀[0m[38;2;0;0;0m[48;2;0;0;0m▀[0m[38;2;0;0;0m[48;2;0;0;0m▀[0m[38;2;0;0;0m[48;2;0;0;0m▀[0m[38;2;0;0;0m[48;2;0;0;0m▀[0m[38;2;137;137;137m[48;2;143;145;146m▀[0m[38;2;0;0;0m[48;2;0;0;0m▀[0m[38;2;0;0;0m[48;2;0;0;0m▀[0m[38;2;0;0;0m[48;2;211;215;214m▀[0m[38;2;29;32;32m[48;2;91;93;93m▀[0m[38;2;145;149;149m[48;2;0;0;0m▀[0m[38;2;162;164;165m[48;2;164;164;165m▀[0m[38;2;255;255;255m[48;2;255;255;255m▀[0m[38;2;158;154;161m[48;2;0;0;0m▀[0m[38;2;142;144;142m[48;2;1;4;6m▀[0m[38;2;1;0;0m[48;2;75;78;80m▀[0m[38;2;18;18;14m[48;2;139;138;138m▀[0m[38;2;143;142;143m[48;2;191;195;191m▀[0m[38;2;43;45;46m[48;2;152;154;155m▀[0m[38;2;2;2;2m[48;2;0;0;0m▀[0m[38;2;0;0;0m[48;2;181;181;181m▀[0m[38;2;255;255;255m[48;2;255;255;255m▀[0m[38;2;255;255;255m[48;2;153;153;153m▀[0m[38;2;0;0;0m[48;2;0;0;0m▀[0m[38;2;78;77;77m[48;2;142;144;144m▀[0m[38;2;16;20;20m[48;2;0;0;0m▀[0m[38;2;196;199;198m[48;2;0;0;0m▀[0m[38;2;0;0;0m[48;2;0;0;0m▀[0m[38;2;72;75;75m[48;2;0;0;0m▀[0m[38;2;204;206;206m[48;2;0;0;0m▀[0m[38;2;255;255;255m[48;2;166;169;169m▀[0m[38;2;255;255;255m[48;2;254;253;253m▀[0m[38;2;0;0;0m[48;2;251;251;253m▀[0m[38;2;0;0;0m[48;2;0;0;0m▀[0m[38;2;98;98;99m[48;2;68;68;66m▀[0m[38;2;235;235;233m[48;2;148;148;150m▀[0m[38;2;138;140;143m[48;2;20;22;22m▀[0m[38;2;66;67;64m[48;2;0;0;0m▀[0m[38;2;60;60;60m[48;2;0;0;0m▀[0m[38;2;104;108;108m[48;2;255;255;255m▀[0m[38;2;62;63;60m[48;2;102;104;107m▀[0m[38;2;0;0;0m[48;2;0;0;0m▀[0m[38;2;0;0;0m[48;2;0;0;0m▀[0m[38;2;0;0;0m[48;2;0;0;0m▀[0m[38;2;0;0;0m[48;2;0;0;0m▀[0m[38;2;0;0;0m[48;2;0;0;0m▀[0m[38;2;0;0;0m[48;2;0;0;0m▀[0m[38;2;37;39;40m[48;2;0;0;0m▀[0m[38;2;0;0;0m[48;2;0;0;0m▀[0m[38;2;0;0;0m[48;2;0;0;0m▀[0m[38;2;195;199;202m[48;2;89;91;95m▀[0m[38;2;255;255;255m[48;2;51;54;56m▀[0m
[38;2;11;9;12m[48;2;18;20;20m▀[0m[38;2;18;21;18m[48;2;30;32;32m▀[0m[38;2;25;27;27m[48;2;38;43;38m▀[0m[38;2;41;41;41m[48;2;60;59;59m▀[0m[38;2;25;27;27m[48;2;5;9;12m▀[0m[38;2;0;0;0m[48;2;0;0;0m▀[0m[38;2;243;255;255m[48;2;27;27;27m▀[0m[38;2;192;189;191m[48;2;0;0;0m▀[0m[38;2;59;55;55m[48;2;0;0;0m▀[0m[38;2;72;71;68m[48;2;0;0;0m▀[0m[38;2;109;108;108m[48;2;0;0;0m▀[0m[38;2;67;63;66m[48;2;103;102;102m▀[0m[38;2;0;0;0m[48;2;144;146;146m▀[0m[38;2;0;0;0m[48;2;30;33;32m▀[0m[38;2;0;0;0m[48;2;0;0;0m▀[0m[38;2;0;0;0m[48;2;0;0;0m▀[0m[38;2;0;0;0m[48;2;0;0;0m▀[0m[38;2;74;73;71m[48;2;149;156;157m▀[0m[38;2;128;130;130m[48;2;38;45;46m▀[0m[38;2;38;40;40m[48;2;0;0;0m▀[0m[38;2;9;7;10m[48;2;0;0;0m▀[0m[38;2;0;0;0m[48;2;0;0;0m▀[0m[38;2;0;0;0m[48;2;0;0;0m▀[0m[38;2;0;0;0m[48;2;0;0;0m▀[0m[38;2;0;0;0m[48;2;2;2;2m▀[0m[38;2;0;0;0m[48;2;1;3;3m▀[0m[38;2;0;0;0m[48;2;0;0;0m▀[0m[38;2;0;0;0m[48;2;0;0;0m▀[0m[38;2;0;0;0m[48;2;0;0;0m▀[0m[38;2;150;149;150m[48;2;121;125;125m▀[0m[38;2;0;0;0m[48;2;0;0;0m▀[0m[38;2;33;33;33m[48;2;107;107;107m▀[0m[38;2;151;154;153m[48;2;1;0;0m▀[0m[38;2;0;0;0m[48;2;0;0;0m▀[0m[38;2;1;3;3m[48;2;255;255;255m▀[0m[38;2;255;255;255m[48;2;107;107;107m▀[0m[38;2;255;255;255m[48;2;9;12;12m▀[0m[38;2;1;1;1m[48;2;248;248;248m▀[0m[38;2;0;0;0m[48;2;140;140;138m▀[0m[38;2;138;140;140m[48;2;111;114;114m▀[0m[38;2;151;153;153m[48;2;146;149;149m▀[0m[38;2;0;0;0m[48;2;7;7;9m▀[0m[38;2;149;148;148m[48;2;255;255;255m▀[0m[38;2;167;166;166m[48;2;255;255;255m▀[0m[38;2;255;255;255m[48;2;28;30;31m▀[0m[38;2;208;217;215m[48;2;0;0;0m▀[0m[38;2;60;64;58m[48;2;0;0;0m▀[0m[38;2;129;131;131m[48;2;0;0;0m▀[0m[38;2;0;0;0m[48;2;121;124;124m▀[0m[38;2;0;0;0m[48;2;0;0;0m▀[0m[38;2;0;0;0m[48;2;0;0;0m▀[0m[38;2;0;0;0m[48;2;12;14;14m▀[0m[38;2;0;0;0m[48;2;0;0;0m▀[0m[38;2;0;0;0m[48;2;0;0;0m▀[0m[38;2;147;147;149m[48;2;33;33;33m▀[0m[38;2;193;192;192m[48;2;255;255;255m▀[0m[38;2;3;3;3m[48;2;59;59;59m▀[0m[38;2;140;144;143m[48;2;0;0;0m▀[0m[38;2;6;6;8m[48;2;0;0;0m▀[0m[38;2;0;0;0m[48;2;0;0;0m▀[0m[38;2;0;0;0m[48;2;0;0;0m▀[0m[38;2;0;0;0m[48;2;0;0;0m▀[0m[38;2;0;0;0m[48;2;0;0;0m▀[0m[38;2;111;117;117m[48;2;0;0;0m▀[0m[38;2;183;185;187m[48;2;59;62;64m▀[0m[38;2;0;0;0m[48;2;0;0;0m▀[0m[38;2;12;12;14m[48;2;45;45;45m▀[0m[38;2;0;0;0m[48;2;84;84;84m▀[0m[38;2;0;0;0m[48;2;0;0;0m▀[0m[38;2;0;0;0m[48;2;0;0;0m▀[0m[38;2;0;0;0m[48;2;0;0;0m▀[0m[38;2;0;0;0m[48;2;0;0;0m▀[0m[38;2;0;0;0m[48;2;0;0;0m▀[0m[38;2;0;0;0m[48;2;0;0;0m▀[0m[38;2;68;71;75m[48;2;3;2;3m▀[0m[38;2;25;27;32m[48;2;14;18;18m▀[0m
[38;2;27;29;29m[48;2;39;39;39m▀[0m[38;2;39;39;37m[48;2;43;43;43m▀[0m[38;2;50;50;48m[48;2;51;54;54m▀[0m[38;2;57;59;59m[48;2;66;68;68m▀[0m[38;2;85;90;91m[48;2;99;101;101m▀[0m[38;2;0;0;0m[48;2;0;0;0m▀[0m[38;2;0;0;0m[48;2;0;0;0m▀[0m[38;2;0;0;0m[48;2;0;0;0m▀[0m[38;2;0;0;0m[48;2;0;0;0m▀[0m[38;2;0;0;0m[48;2;0;0;0m▀[0m[38;2;0;0;0m[48;2;10;10;12m▀[0m[38;2;0;0;0m[48;2;0;0;0m▀[0m[38;2;94;94;94m[48;2;0;0;0m▀[0m[38;2;127;127;125m[48;2;128;128;125m▀[0m[38;2;0;0;0m[48;2;115;114;115m▀[0m[38;2;0;0;0m[48;2;0;0;0m▀[0m[38;2;0;0;0m[48;2;116;118;118m▀[0m[38;2;170;174;175m[48;2;26;25;23m▀[0m[38;2;66;81;85m[48;2;0;6;11m▀[0m[38;2;0;0;0m[48;2;69;85;91m▀[0m[38;2;0;0;0m[48;2;0;0;0m▀[0m[38;2;0;0;0m[48;2;0;0;0m▀[0m[38;2;0;0;0m[48;2;0;0;0m▀[0m[38;2;1;1;1m[48;2;1;1;1m▀[0m[38;2;1;1;1m[48;2;0;0;1m▀[0m[38;2;2;2;2m[48;2;1;1;1m▀[0m[38;2;0;0;0m[48;2;3;3;0m▀[0m[38;2;0;0;0m[48;2;0;0;0m▀[0m[38;2;7;10;10m[48;2;33;38;41m▀[0m[38;2;73;79;79m[48;2;25;27;28m▀[0m[38;2;0;0;0m[48;2;0;0;0m▀[0m[38;2;128;128;128m[48;2;149;149;149m▀[0m[38;2;0;0;0m[48;2;136;136;136m▀[0m[38;2;255;255;255m[48;2;221;224;224m▀[0m[38;2;255;255;255m[48;2;0;0;0m▀[0m[38;2;202;205;205m[48;2;185;188;188m▀[0m[38;2;255;255;255m[48;2;244;248;248m▀[0m[38;2;255;255;255m[48;2;251;255;255m▀[0m[38;2;2;4;4m[48;2;45;47;49m▀[0m[38;2;0;0;0m[48;2;0;0;0m▀[0m[38;2;13;15;15m[48;2;0;0;0m▀[0m[38;2;230;233;233m[48;2;255;255;255m▀[0m[38;2;255;255;255m[48;2;234;236;236m▀[0m[38;2;0;0;0m[48;2;0;0;0m▀[0m[38;2;0;0;0m[48;2;0;0;0m▀[0m[38;2;0;0;0m[48;2;0;0;0m▀[0m[38;2;0;0;0m[48;2;37;37;38m▀[0m[38;2;36;38;38m[48;2;107;109;109m▀[0m[38;2;255;255;255m[48;2;183;185;185m▀[0m[38;2;228;231;231m[48;2;255;255;255m▀[0m[38;2;0;0;0m[48;2;0;0;0m▀[0m[38;2;57;55;58m[48;2;92;94;95m▀[0m[38;2;0;0;0m[48;2;6;8;9m▀[0m[38;2;0;0;0m[48;2;0;0;0m▀[0m[38;2;0;0;2m[48;2;0;0;0m▀[0m[38;2;255;255;255m[48;2;255;255;255m▀[0m[38;2;255;255;255m[48;2;255;255;255m▀[0m[38;2;142;144;144m[48;2;255;255;255m▀[0m[38;2;0;0;0m[48;2;255;255;255m▀[0m[38;2;0;0;0m[48;2;255;255;255m▀[0m[38;2;32;31;31m[48;2;67;66;66m▀[0m[38;2;0;0;0m[48;2;0;0;0m▀[0m[38;2;0;0;0m[48;2;37;37;37m▀[0m[38;2;0;0;0m[48;2;202;205;205m▀[0m[38;2;0;0;0m[48;2;251;249;252m▀[0m[38;2;0;0;0m[48;2;255;255;255m▀[0m[38;2;0;0;0m[48;2;56;56;56m▀[0m[38;2;105;109;108m[48;2;0;0;0m▀[0m[38;2;48;48;48m[48;2;133;136;135m▀[0m[38;2;0;0;0m[48;2;0;0;0m▀[0m[38;2;0;0;0m[48;2;0;0;0m▀[0m[38;2;0;0;0m[48;2;0;0;0m▀[0m[38;2;0;1;1m[48;2;0;1;1m▀[0m[38;2;0;0;0m[48;2;0;0;0m▀[0m[38;2;0;0;0m[48;2;0;0;0m▀[0m[38;2;0;0;0m[48;2;0;0;0m▀[0m
[38;2;41;37;37m[48;2;34;37;34m▀[0m[38;2;46;46;47m[48;2;46;48;48m▀[0m[38;2;57;59;61m[48;2;61;63;64m▀[0m[38;2;74;78;78m[48;2;59;63;63m▀[0m[38;2;43;45;45m[48;2;44;46;46m▀[0m[38;2;0;0;0m[48;2;0;0;0m▀[0m[38;2;0;0;0m[48;2;0;0;0m▀[0m[38;2;0;0;0m[48;2;0;0;0m▀[0m[38;2;0;0;0m[48;2;32;34;34m▀[0m[38;2;151;153;155m[48;2;74;78;78m▀[0m[38;2;98;101;101m[48;2;0;0;0m▀[0m[38;2;0;0;0m[48;2;0;0;0m▀[0m[38;2;0;0;0m[48;2;0;0;0m▀[0m[38;2;0;1;0m[48;2;0;0;0m▀[0m[38;2;181;184;175m[48;2;39;41;39m▀[0m[38;2;150;152;150m[48;2;155;156;152m▀[0m[38;2;55;54;54m[48;2;58;59;52m▀[0m[38;2;0;0;0m[48;2;1;3;3m▀[0m[38;2;0;0;0m[48;2;0;0;0m▀[0m[38;2;46;55;60m[48;2;0;0;0m▀[0m[38;2;38;44;48m[48;2;42;49;58m▀[0m[38;2;0;0;0m[48;2;43;50;55m▀[0m[38;2;38;42;45m[48;2;9;11;16m▀[0m[38;2;0;0;0m[48;2;0;0;0m▀[0m[38;2;1;1;1m[48;2;0;0;0m▀[0m[38;2;2;2;2m[48;2;0;0;0m▀[0m[38;2;0;0;0m[48;2;0;0;0m▀[0m[38;2;0;0;0m[48;2;23;26;30m▀[0m[38;2;31;36;36m[48;2;0;0;0m▀[0m[38;2;0;0;0m[48;2;0;0;0m▀[0m[38;2;38;38;38m[48;2;50;49;50m▀[0m[38;2;28;30;30m[48;2;0;0;0m▀[0m[38;2;42;42;42m[48;2;0;0;0m▀[0m[38;2;0;0;0m[48;2;0;0;0m▀[0m[38;2;0;0;0m[48;2;0;0;0m▀[0m[38;2;0;0;0m[48;2;0;0;0m▀[0m[38;2;0;0;0m[48;2;0;0;0m▀[0m[38;2;0;0;0m[48;2;0;0;0m▀[0m[38;2;0;0;0m[48;2;0;0;0m▀[0m[38;2;0;0;0m[48;2;2;2;4m▀[0m[38;2;65;65;65m[48;2;56;56;56m▀[0m[38;2;255;255;255m[48;2;254;252;255m▀[0m[38;2;214;217;213m[48;2;233;239;239m▀[0m[38;2;0;0;0m[48;2;46;48;48m▀[0m[38;2;0;0;0m[48;2;0;0;0m▀[0m[38;2;0;0;0m[48;2;0;0;0m▀[0m[38;2;0;0;0m[48;2;0;0;0m▀[0m[38;2;0;0;0m[48;2;0;0;0m▀[0m[38;2;0;0;0m[48;2;0;0;0m▀[0m[38;2;239;245;245m[48;2;0;0;0m▀[0m[38;2;207;207;208m[48;2;255;255;255m▀[0m[38;2;129;136;134m[48;2;37;44;45m▀[0m[38;2;0;0;0m[48;2;0;0;0m▀[0m[38;2;0;0;0m[48;2;0;0;0m▀[0m[38;2;0;0;0m[48;2;0;0;2m▀[0m[38;2;255;255;255m[48;2;255;255;255m▀[0m[38;2;93;95;96m[48;2;193;202;204m▀[0m[38;2;36;32;36m[48;2;0;0;0m▀[0m[38;2;49;52;52m[48;2;0;0;0m▀[0m[38;2;0;0;0m[48;2;0;0;0m▀[0m[38;2;0;0;0m[48;2;196;196;193m▀[0m[38;2;153;153;155m[48;2;195;195;197m▀[0m[38;2;255;255;255m[48;2;0;0;0m▀[0m[38;2;115;115;115m[48;2;0;0;0m▀[0m[38;2;4;7;4m[48;2;0;0;0m▀[0m[38;2;101;104;104m[48;2;0;0;0m▀[0m[38;2;255;255;255m[48;2;0;0;0m▀[0m[38;2;158;158;156m[48;2;224;224;224m▀[0m[38;2;48;48;48m[48;2;196;199;196m▀[0m[38;2;33;33;33m[48;2;6;5;5m▀[0m[38;2;0;0;0m[48;2;0;0;0m▀[0m[38;2;0;0;0m[48;2;0;0;0m▀[0m[38;2;0;0;0m[48;2;0;0;0m▀[0m[38;2;0;0;0m[48;2;0;0;0m▀[0m[38;2;0;0;0m[48;2;25;27;27m▀[0m[38;2;0;0;0m[48;2;0;0;0m▀[0m
[38;2;36;38;36m[48;2;51;54;59m▀[0m[38;2;46;49;49m[48;2;69;69;72m▀[0m[38;2;51;56;57m[48;2;63;65;66m▀[0m[38;2;31;45;46m[48;2;0;0;0m▀[0m[38;2;21;16;19m[48;2;0;0;0m▀[0m[38;2;0;0;0m[48;2;0;0;0m▀[0m[38;2;0;0;0m[48;2;0;0;0m▀[0m[38;2;0;0;0m[48;2;0;1;0m▀[0m[38;2;0;0;0m[48;2;0;0;0m▀[0m[38;2;0;0;0m[48;2;0;0;0m▀[0m[38;2;0;0;0m[48;2;0;0;0m▀[0m[38;2;14;14;14m[48;2;75;78;78m▀[0m[38;2;0;0;0m[48;2;0;0;1m▀[0m[38;2;0;0;0m[48;2;0;0;0m▀[0m[38;2;0;0;0m[48;2;0;0;0m▀[0m[38;2;36;38;36m[48;2;0;0;0m▀[0m[38;2;193;195;191m[48;2;193;197;193m▀[0m[38;2;105;108;108m[48;2;253;255;253m▀[0m[38;2;4;6;6m[48;2;47;50;50m▀[0m[38;2;0;0;0m[48;2;0;0;0m▀[0m[38;2;0;0;0m[48;2;0;0;0m▀[0m[38;2;16;19;23m[48;2;0;0;0m▀[0m[38;2;15;18;20m[48;2;0;0;0m▀[0m[38;2;0;0;0m[48;2;0;0;0m▀[0m[38;2;0;0;0m[48;2;0;0;0m▀[0m[38;2;6;6;7m[48;2;0;0;0m▀[0m[38;2;24;27;28m[48;2;0;0;0m▀[0m[38;2;0;4;4m[48;2;0;0;0m▀[0m[38;2;0;0;0m[48;2;0;0;0m▀[0m[38;2;167;170;172m[48;2;151;153;153m▀[0m[38;2;226;233;232m[48;2;199;202;201m▀[0m[38;2;0;0;0m[48;2;0;0;0m▀[0m[38;2;0;0;0m[48;2;0;0;0m▀[0m[38;2;0;0;0m[48;2;0;0;0m▀[0m[38;2;0;0;0m[48;2;0;0;0m▀[0m[38;2;0;0;0m[48;2;0;0;0m▀[0m[38;2;0;0;0m[48;2;0;0;0m▀[0m[38;2;0;0;0m[48;2;0;0;0m▀[0m[38;2;0;0;0m[48;2;0;0;0m▀[0m[38;2;0;0;0m[48;2;16;16;19m▀[0m[38;2;0;0;0m[48;2;0;0;0m▀[0m[38;2;148;150;150m[48;2;0;0;0m▀[0m[38;2;162;165;165m[48;2;146;149;149m▀[0m[38;2;0;0;0m[48;2;20;20;22m▀[0m[38;2;0;0;0m[48;2;0;0;0m▀[0m[38;2;0;0;0m[48;2;0;0;0m▀[0m[38;2;0;0;0m[48;2;0;0;0m▀[0m[38;2;0;0;0m[48;2;0;0;0m▀[0m[38;2;0;0;0m[48;2;0;0;0m▀[0m[38;2;0;0;0m[48;2;0;0;0m▀[0m[38;2;166;180;180m[48;2;147;181;182m▀[0m[38;2;0;51;54m[48;2;14;54;52m▀[0m[38;2;0;0;0m[48;2;255;0;0m▀[0m[38;2;50;0;0m[48;2;195;0;0m▀[0m[38;2;0;0;0m[48;2;42;15;12m▀[0m[38;2;255;255;255m[48;2;255;255;255m▀[0m[38;2;255;255;255m[48;2;255;255;255m▀[0m[38;2;0;0;0m[48;2;0;0;0m▀[0m[38;2;0;0;0m[48;2;78;77;77m▀[0m[38;2;163;163;163m[48;2;105;109;109m▀[0m[38;2;132;132;133m[48;2;0;0;0m▀[0m[38;2;0;0;0m[48;2;0;0;0m▀[0m[38;2;0;0;0m[48;2;0;0;0m▀[0m[38;2;0;0;0m[48;2;0;0;0m▀[0m[38;2;0;0;0m[48;2;0;0;0m▀[0m[38;2;0;0;0m[48;2;0;0;0m▀[0m[38;2;0;0;0m[48;2;0;0;0m▀[0m[38;2;0;0;0m[48;2;0;0;0m▀[0m[38;2;249;248;248m[48;2;116;115;115m▀[0m[38;2;20;23;23m[48;2;146;149;146m▀[0m[38;2;0;0;0m[48;2;44;44;44m▀[0m[38;2;0;0;0m[48;2;0;0;0m▀[0m[38;2;0;0;0m[48;2;9;8;8m▀[0m[38;2;44;47;46m[48;2;102;105;104m▀[0m[38;2;0;0;0m[48;2;27;29;29m▀[0m[38;2;132;134;134m[48;2;255;255;255m▀[0m
[38;2;65;67;67m[48;2;68;72;65m▀[0m[38;2;120;122;120m[48;2;150;149;147m▀[0m[38;2;77;75;73m[48;2;43;41;39m▀[0m[38;2;24;39;44m[48;2;69;83;99m▀[0m[38;2;20;23;25m[48;2;2;5;6m▀[0m[38;2;0;0;0m[48;2;0;0;0m▀[0m[38;2;0;0;0m[48;2;0;0;0m▀[0m[38;2;0;1;1m[48;2;1;1;1m▀[0m[38;2;1;0;0m[48;2;1;0;0m▀[0m[38;2;0;0;0m[48;2;0;0;0m▀[0m[38;2;0;0;0m[48;2;0;0;0m▀[0m[38;2;80;80;80m[48;2;109;109;105m▀[0m[38;2;46;49;49m[48;2;234;234;231m▀[0m[38;2;5;4;4m[48;2;138;136;139m▀[0m[38;2;0;0;0m[48;2;0;0;0m▀[0m[38;2;0;0;0m[48;2;0;0;0m▀[0m[38;2;0;0;0m[48;2;0;0;0m▀[0m[38;2;255;255;255m[48;2;29;31;32m▀[0m[38;2;242;242;242m[48;2;202;206;206m▀[0m[38;2;48;48;46m[48;2;173;177;177m▀[0m[38;2;0;0;0m[48;2;83;83;83m▀[0m[38;2;0;0;0m[48;2;0;0;0m▀[0m[38;2;0;0;0m[48;2;5;5;5m▀[0m[38;2;0;0;0m[48;2;80;79;79m▀[0m[38;2;0;0;0m[48;2;112;112;114m▀[0m[38;2;40;46;46m[48;2;31;33;33m▀[0m[38;2;0;0;1m[48;2;0;0;0m▀[0m[38;2;0;0;0m[48;2;0;0;0m▀[0m[38;2;0;0;0m[48;2;16;19;16m▀[0m[38;2;238;244;243m[48;2;255;255;255m▀[0m[38;2;237;237;237m[48;2;255;255;255m▀[0m[38;2;0;0;0m[48;2;105;109;108m▀[0m[38;2;0;0;0m[48;2;6;6;6m▀[0m[38;2;0;0;0m[48;2;8;8;8m▀[0m[38;2;0;0;0m[48;2;115;115;116m▀[0m[38;2;19;19;19m[48;2;121;125;127m▀[0m[38;2;77;79;81m[48;2;28;24;30m▀[0m[38;2;2;5;5m[48;2;0;0;0m▀[0m[38;2;0;0;0m[48;2;129;132;131m▀[0m[38;2;186;192;196m[48;2;100;103;103m▀[0m[38;2;0;0;0m[48;2;0;0;0m▀[0m[38;2;0;0;0m[48;2;0;0;0m▀[0m[38;2;0;0;0m[48;2;0;0;0m▀[0m[38;2;9;9;11m[48;2;0;0;0m▀[0m[38;2;61;65;65m[48;2;0;0;0m▀[0m[38;2;85;90;91m[48;2;56;71;71m▀[0m[38;2;12;22;22m[48;2;129;138;138m▀[0m[38;2;0;0;0m[48;2;133;169;172m▀[0m[38;2;0;0;0m[48;2;158;198;200m▀[0m[38;2;28;52;56m[48;2;233;244;246m▀[0m[38;2;190;222;222m[48;2;0;19;21m▀[0m[38;2;86;0;0m[48;2;0;0;0m▀[0m[38;2;255;0;0m[48;2;193;0;0m▀[0m[38;2;255;0;0m[48;2;54;0;0m▀[0m[38;2;101;86;85m[48;2;92;158;161m▀[0m[38;2;255;255;255m[48;2;255;255;255m▀[0m[38;2;255;255;255m[48;2;78;87;87m▀[0m[38;2;182;185;185m[48;2;163;166;163m▀[0m[38;2;61;61;61m[48;2;0;0;0m▀[0m[38;2;0;0;0m[48;2;0;0;0m▀[0m[38;2;0;0;0m[48;2;0;0;0m▀[0m[38;2;0;0;0m[48;2;0;0;0m▀[0m[38;2;0;0;0m[48;2;12;12;13m▀[0m[38;2;0;0;0m[48;2;0;0;0m▀[0m[38;2;0;0;0m[48;2;0;0;0m▀[0m[38;2;0;0;0m[48;2;0;0;0m▀[0m[38;2;0;0;0m[48;2;0;0;0m▀[0m[38;2;0;0;0m[48;2;0;0;0m▀[0m[38;2;110;109;109m[48;2;155;154;154m▀[0m[38;2;101;100;100m[48;2;133;139;136m▀[0m[38;2;99;99;99m[48;2;0;0;0m▀[0m[38;2;49;49;49m[48;2;0;0;0m▀[0m[38;2;96;95;95m[48;2;0;0;0m▀[0m[38;2;24;23;23m[48;2;0;0;0m▀[0m[38;2;73;75;77m[48;2;0;0;0m▀[0m[38;2;186;188;188m[48;2;77;75;78m▀[0m
[38;2;82;85;85m[48;2;84;86;93m▀[0m[38;2;75;77;78m[48;2;68;68;69m▀[0m[38;2;23;23;21m[48;2;128;134;135m▀[0m[38;2;128;142;152m[48;2;192;206;217m▀[0m[38;2;0;0;0m[48;2;0;0;0m▀[0m[38;2;0;0;0m[48;2;0;0;0m▀[0m[38;2;0;0;0m[48;2;0;0;0m▀[0m[38;2;1;1;1m[48;2;1;1;1m▀[0m[38;2;2;2;2m[48;2;1;1;1m▀[0m[38;2;0;0;0m[48;2;0;0;0m▀[0m[38;2;0;0;0m[48;2;0;0;0m▀[0m[38;2;4;4;6m[48;2;46;49;51m▀[0m[38;2;78;78;78m[48;2;0;0;0m▀[0m[38;2;227;226;223m[48;2;110;112;112m▀[0m[38;2;7;10;9m[48;2;118;120;120m▀[0m[38;2;0;0;0m[48;2;0;0;0m▀[0m[38;2;0;0;0m[48;2;0;0;0m▀[0m[38;2;0;0;0m[48;2;0;0;0m▀[0m[38;2;0;0;0m[48;2;0;0;0m▀[0m[38;2;0;0;0m[48;2;0;0;0m▀[0m[38;2;172;172;172m[48;2;0;0;0m▀[0m[38;2;80;79;79m[48;2;110;112;112m▀[0m[38;2;79;85;85m[48;2;93;92;92m▀[0m[38;2;130;132;132m[48;2;0;0;0m▀[0m[38;2;0;0;0m[48;2;0;0;0m▀[0m[38;2;0;0;0m[48;2;0;0;0m▀[0m[38;2;2;4;9m[48;2;0;0;0m▀[0m[38;2;0;0;0m[48;2;165;167;168m▀[0m[38;2;150;149;150m[48;2;255;255;255m▀[0m[38;2;255;255;255m[48;2;225;224;222m▀[0m[38;2;198;201;201m[48;2;0;0;0m▀[0m[38;2;25;28;27m[48;2;20;20;18m▀[0m[38;2;120;124;124m[48;2;0;0;0m▀[0m[38;2;151;151;152m[48;2;60;63;63m▀[0m[38;2;45;45;43m[48;2;0;0;0m▀[0m[38;2;0;0;0m[48;2;0;0;0m▀[0m[38;2;0;0;0m[48;2;0;0;0m▀[0m[38;2;0;0;0m[48;2;0;0;0m▀[0m[38;2;190;193;192m[48;2;130;134;134m▀[0m[38;2;13;16;16m[48;2;0;0;0m▀[0m[38;2;0;0;0m[48;2;0;0;0m▀[0m[38;2;0;0;0m[48;2;0;0;0m▀[0m[38;2;0;0;0m[48;2;0;0;0m▀[0m[38;2;0;0;0m[48;2;0;0;0m▀[0m[38;2;0;0;0m[48;2;0;0;0m▀[0m[38;2;0;0;0m[48;2;32;0;0m▀[0m[38;2;0;0;0m[48;2;255;0;0m▀[0m[38;2;0;0;0m[48;2;255;0;0m▀[0m[38;2;234;0;0m[48;2;65;0;0m▀[0m[38;2;0;0;0m[48;2;0;61;68m▀[0m[38;2;0;0;0m[48;2;43;21;21m▀[0m[38;2;156;0;0m[48;2;0;0;0m▀[0m[38;2;110;0;0m[48;2;0;0;0m▀[0m[38;2;172;0;0m[48;2;0;0;0m▀[0m[38;2;255;234;228m[48;2;255;255;255m▀[0m[38;2;255;255;255m[48;2;224;236;236m▀[0m[38;2;48;51;51m[48;2;0;0;0m▀[0m[38;2;0;0;0m[48;2;0;0;0m▀[0m[38;2;0;0;0m[48;2;0;0;0m▀[0m[38;2;0;0;0m[48;2;0;0;0m▀[0m[38;2;0;0;0m[48;2;0;0;0m▀[0m[38;2;42;48;49m[48;2;79;85;84m▀[0m[38;2;117;125;128m[48;2;112;116;119m▀[0m[38;2;0;0;0m[48;2;0;0;0m▀[0m[38;2;0;0;0m[48;2;0;0;0m▀[0m[38;2;0;0;0m[48;2;0;0;0m▀[0m[38;2;0;0;0m[48;2;0;0;0m▀[0m[38;2;0;0;0m[48;2;0;0;0m▀[0m[38;2;255;255;255m[48;2;255;255;255m▀[0m[38;2;150;154;154m[48;2;183;185;185m▀[0m[38;2;117;124;124m[48;2;146;148;148m▀[0m[38;2;0;0;0m[48;2;0;0;0m▀[0m[38;2;0;0;0m[48;2;0;0;0m▀[0m[38;2;0;0;0m[48;2;0;0;0m▀[0m[38;2;0;0;0m[48;2;0;0;0m▀[0m[38;2;77;80;80m[48;2;94;94;96m▀[0m
[38;2;114;116;120m[48;2;0;0;0m▀[0m[38;2;93;96;96m[48;2;137;142;143m▀[0m[38;2;51;52;48m[48;2;0;0;0m▀[0m[38;2;201;209;213m[48;2;0;0;0m▀[0m[38;2;0;0;0m[48;2;0;0;0m▀[0m[38;2;0;0;0m[48;2;0;0;0m▀[0m[38;2;0;0;0m[48;2;0;1;1m▀[0m[38;2;0;1;1m[48;2;0;1;1m▀[0m[38;2;0;1;1m[48;2;0;0;1m▀[0m[38;2;0;0;0m[48;2;0;0;0m▀[0m[38;2;0;0;0m[48;2;0;0;0m▀[0m[38;2;63;66;68m[48;2;54;56;56m▀[0m[38;2;0;0;0m[48;2;34;39;39m▀[0m[38;2;205;207;207m[48;2;1;3;3m▀[0m[38;2;255;255;255m[48;2;255;255;255m▀[0m[38;2;100;101;95m[48;2;255;255;255m▀[0m[38;2;0;0;0m[48;2;82;85;82m▀[0m[38;2;0;0;0m[48;2;0;0;0m▀[0m[38;2;0;0;0m[48;2;0;0;0m▀[0m[38;2;0;0;0m[48;2;0;0;0m▀[0m[38;2;0;0;0m[48;2;0;0;0m▀[0m[38;2;0;0;0m[48;2;0;0;0m▀[0m[38;2;89;92;92m[48;2;0;0;0m▀[0m[38;2;103;103;103m[48;2;167;170;170m▀[0m[38;2;0;0;0m[48;2;75;78;78m▀[0m[38;2;0;0;0m[48;2;0;0;0m▀[0m[38;2;0;0;0m[48;2;87;90;90m▀[0m[38;2;255;255;255m[48;2;255;255;255m▀[0m[38;2;255;255;255m[48;2;255;255;255m▀[0m[38;2;0;0;0m[48;2;0;0;0m▀[0m[38;2;0;0;0m[48;2;0;0;0m▀[0m[38;2;58;58;58m[48;2;55;55;55m▀[0m[38;2;57;57;57m[48;2;63;63;65m▀[0m[38;2;44;44;44m[48;2;30;33;33m▀[0m[38;2;0;0;0m[48;2;0;0;0m▀[0m[38;2;0;0;0m[48;2;0;0;0m▀[0m[38;2;0;0;0m[48;2;0;0;0m▀[0m[38;2;0;0;0m[48;2;0;0;0m▀[0m[38;2;31;31;33m[48;2;16;16;16m▀[0m[38;2;0;0;0m[48;2;0;0;0m▀[0m[38;2;0;0;0m[48;2;0;0;0m▀[0m[38;2;24;30;30m[48;2;0;0;0m▀[0m[38;2;64;71;72m[48;2;90;110;110m▀[0m[38;2;0;0;0m[48;2;46;38;39m▀[0m[38;2;57;4;2m[48;2;7;0;0m▀[0m[38;2;177;0;0m[48;2;0;0;0m▀[0m[38;2;208;0;0m[48;2;0;0;0m▀[0m[38;2;137;0;0m[48;2;0;0;0m▀[0m[38;2;0;0;0m[48;2;0;0;0m▀[0m[38;2;50;82;86m[48;2;120;160;164m▀[0m[38;2;0;0;0m[48;2;0;0;0m▀[0m[38;2;0;0;0m[48;2;0;0;0m▀[0m[38;2;0;0;0m[48;2;199;0;0m▀[0m[38;2;0;0;0m[48;2;90;73;74m▀[0m[38;2;183;208;208m[48;2;10;32;34m▀[0m[38;2;0;0;0m[48;2;0;0;0m▀[0m[38;2;0;0;0m[48;2;0;0;0m▀[0m[38;2;0;0;0m[48;2;0;0;0m▀[0m[38;2;0;0;0m[48;2;0;0;0m▀[0m[38;2;0;0;0m[48;2;0;0;0m▀[0m[38;2;0;0;0m[48;2;0;0;0m▀[0m[38;2;49;51;51m[48;2;87;90;92m▀[0m[38;2;71;73;73m[48;2;47;45;48m▀[0m[38;2;0;0;0m[48;2;0;0;0m▀[0m[38;2;0;0;0m[48;2;0;0;0m▀[0m[38;2;0;0;0m[48;2;0;0;0m▀[0m[38;2;0;0;0m[48;2;0;0;0m▀[0m[38;2;0;0;0m[48;2;0;0;0m▀[0m[38;2;143;142;142m[48;2;61;57;57m▀[0m[38;2;228;231;231m[48;2;255;255;255m▀[0m[38;2;117;119;119m[48;2;60;60;60m▀[0m[38;2;0;0;0m[48;2;0;0;0m▀[0m[38;2;0;0;0m[48;2;0;0;0m▀[0m[38;2;0;0;0m[48;2;0;0;0m▀[0m[38;2;0;0;0m[48;2;0;0;0m▀[0m[38;2;182;182;182m[48;2;255;255;255m▀[0m
[38;2;0;0;0m[48;2;0;0;0m▀[0m[38;2;104;104;105m[48;2;0;0;0m▀[0m[38;2;33;34;31m[48;2;78;78;79m▀[0m[38;2;0;0;0m[48;2;14;15;11m▀[0m[38;2;0;0;0m[48;2;0;0;0m▀[0m[38;2;0;0;0m[48;2;0;0;0m▀[0m[38;2;1;1;1m[48;2;1;1;1m▀[0m[38;2;0;1;1m[48;2;1;1;1m▀[0m[38;2;0;0;1m[48;2;0;1;1m▀[0m[38;2;0;0;0m[48;2;0;0;0m▀[0m[38;2;0;0;0m[48;2;0;0;0m▀[0m[38;2;43;45;47m[48;2;50;57;60m▀[0m[38;2;83;85;87m[48;2;32;40;40m▀[0m[38;2;20;19;19m[48;2;0;0;0m▀[0m[38;2;28;27;27m[48;2;0;0;0m▀[0m[38;2;181;181;181m[48;2;0;0;0m▀[0m[38;2;255;255;255m[48;2;223;223;223m▀[0m[38;2;77;79;79m[48;2;255;255;255m▀[0m[38;2;0;0;0m[48;2;55;55;55m▀[0m[38;2;0;0;0m[48;2;0;0;0m▀[0m[38;2;0;0;0m[48;2;0;0;0m▀[0m[38;2;0;0;0m[48;2;0;0;0m▀[0m[38;2;0;0;0m[48;2;0;0;0m▀[0m[38;2;0;0;0m[48;2;0;0;0m▀[0m[38;2;193;197;196m[48;2;0;0;0m▀[0m[38;2;63;63;65m[48;2;207;210;207m▀[0m[38;2;255;255;255m[48;2;255;255;255m▀[0m[38;2;255;255;255m[48;2;255;255;255m▀[0m[38;2;255;255;255m[48;2;0;0;0m▀[0m[38;2;0;0;0m[48;2;0;0;0m▀[0m[38;2;0;0;0m[48;2;0;0;0m▀[0m[38;2;98;98;100m[48;2;189;191;191m▀[0m[38;2;49;49;49m[48;2;108;111;108m▀[0m[38;2;46;52;52m[48;2;167;170;170m▀[0m[38;2;0;0;0m[48;2;50;54;54m▀[0m[38;2;0;0;0m[48;2;0;0;0m▀[0m[38;2;0;0;0m[48;2;0;0;0m▀[0m[38;2;0;0;0m[48;2;0;0;0m▀[0m[38;2;134;138;142m[48;2;118;133;137m▀[0m[38;2;0;0;0m[48;2;0;0;0m▀[0m[38;2;0;0;0m[48;2;0;0;0m▀[0m[38;2;0;0;0m[48;2;0;0;0m▀[0m[38;2;0;0;0m[48;2;0;0;0m▀[0m[38;2;0;12;16m[48;2;0;80;89m▀[0m[38;2;0;26;31m[48;2;43;19;19m▀[0m[38;2;0;0;0m[48;2;255;0;0m▀[0m[38;2;112;0;0m[48;2;197;0;0m▀[0m[38;2;162;0;0m[48;2;0;0;0m▀[0m[38;2;52;48;48m[48;2;174;232;234m▀[0m[38;2;187;252;255m[48;2;255;255;251m▀[0m[38;2;11;0;0m[48;2;152;0;0m▀[0m[38;2;255;0;0m[48;2;74;81;90m▀[0m[38;2;255;61;52m[48;2;0;44;50m▀[0m[38;2;0;49;49m[48;2;0;0;0m▀[0m[38;2;0;0;0m[48;2;0;0;0m▀[0m[38;2;0;0;0m[48;2;0;0;0m▀[0m[38;2;0;0;0m[48;2;0;1;1m▀[0m[38;2;1;0;0m[48;2;0;1;1m▀[0m[38;2;0;0;0m[48;2;0;0;0m▀[0m[38;2;0;0;0m[48;2;0;0;0m▀[0m[38;2;0;0;0m[48;2;0;0;0m▀[0m[38;2;117;120;121m[48;2;134;137;138m▀[0m[38;2;16;19;19m[48;2;0;0;0m▀[0m[38;2;0;0;0m[48;2;0;0;0m▀[0m[38;2;0;0;0m[48;2;0;0;0m▀[0m[38;2;0;0;0m[48;2;0;0;0m▀[0m[38;2;0;0;0m[48;2;0;0;0m▀[0m[38;2;0;0;0m[48;2;0;0;0m▀[0m[38;2;107;107;109m[48;2;138;140;140m▀[0m[38;2;255;255;255m[48;2;137;137;134m▀[0m[38;2;0;0;0m[48;2;0;0;0m▀[0m[38;2;0;0;0m[48;2;41;47;47m▀[0m[38;2;0;0;0m[48;2;0;0;0m▀[0m[38;2;0;0;0m[48;2;0;0;0m▀[0m[38;2;73;76;78m[48;2;108;112;115m▀[0m[38;2;191;196;192m[48;2;112;111;111m▀[0m
[38;2;0;0;0m[48;2;0;0;0m▀[0m[38;2;47;49;56m[48;2;112;116;120m▀[0m[38;2;171;174;181m[48;2;224;226;233m▀[0m[38;2;116;118;122m[48;2;197;199;203m▀[0m[38;2;0;0;0m[48;2;0;0;0m▀[0m[38;2;0;0;0m[48;2;0;0;0m▀[0m[38;2;0;0;0m[48;2;0;0;0m▀[0m[38;2;0;1;1m[48;2;0;1;1m▀[0m[38;2;0;0;0m[48;2;1;0;0m▀[0m[38;2;0;0;0m[48;2;0;0;0m▀[0m[38;2;0;0;0m[48;2;0;0;0m▀[0m[38;2;64;68;68m[48;2;87;90;90m▀[0m[38;2;51;54;54m[48;2;37;37;37m▀[0m[38;2;0;0;0m[48;2;0;0;0m▀[0m[38;2;0;0;0m[48;2;0;0;0m▀[0m[38;2;0;0;0m[48;2;0;0;0m▀[0m[38;2;0;0;0m[48;2;0;0;0m▀[0m[38;2;83;86;86m[48;2;0;0;0m▀[0m[38;2;253;253;255m[48;2;41;39;42m▀[0m[38;2;110;114;111m[48;2;83;85;85m▀[0m[38;2;0;0;0m[48;2;191;191;191m▀[0m[38;2;0;0;0m[48;2;255;255;255m▀[0m[38;2;0;0;0m[48;2;48;50;50m▀[0m[38;2;0;0;0m[48;2;0;0;0m▀[0m[38;2;0;0;0m[48;2;0;0;0m▀[0m[38;2;0;0;0m[48;2;0;0;0m▀[0m[38;2;227;228;225m[48;2;72;74;74m▀[0m[38;2;160;162;160m[48;2;206;208;206m▀[0m[38;2;0;0;0m[48;2;0;0;0m▀[0m[38;2;0;0;0m[48;2;139;143;143m▀[0m[38;2;245;248;248m[48;2;90;92;92m▀[0m[38;2;46;49;48m[48;2;0;0;0m▀[0m[38;2;1;1;1m[48;2;0;0;0m▀[0m[38;2;255;255;255m[48;2;255;255;255m▀[0m[38;2;255;255;255m[48;2;255;255;255m▀[0m[38;2;0;0;0m[48;2;0;0;0m▀[0m[38;2;0;0;0m[48;2;0;0;0m▀[0m[38;2;0;0;0m[48;2;68;90;93m▀[0m[38;2;125;146;147m[48;2;124;234;241m▀[0m[38;2;0;0;0m[48;2;100;0;0m▀[0m[38;2;63;0;0m[48;2;255;127;98m▀[0m[38;2;255;4;0m[48;2;255;181;168m▀[0m[38;2;255;0;0m[48;2;255;255;255m▀[0m[38;2;255;0;0m[48;2;158;164;150m▀[0m[38;2;255;0;0m[48;2;32;0;0m▀[0m[38;2;255;0;0m[48;2;255;0;0m▀[0m[38;2;0;0;0m[48;2;255;77;65m▀[0m[38;2;0;0;0m[48;2;84;152;160m▀[0m[38;2;255;255;255m[48;2;255;255;255m▀[0m[38;2;233;199;196m[48;2;139;158;158m▀[0m[38;2;76;48;48m[48;2;0;0;0m▀[0m[38;2;0;38;46m[48;2;0;0;0m▀[0m[38;2;0;0;0m[48;2;0;0;0m▀[0m[38;2;0;0;0m[48;2;0;0;0m▀[0m[38;2;0;0;0m[48;2;0;1;1m▀[0m[38;2;1;1;1m[48;2;1;1;1m▀[0m[38;2;0;1;1m[48;2;1;1;1m▀[0m[38;2;1;1;1m[48;2;1;1;1m▀[0m[38;2;0;0;0m[48;2;0;0;0m▀[0m[38;2;0;0;0m[48;2;0;0;0m▀[0m[38;2;0;0;0m[48;2;0;0;0m▀[0m[38;2;142;142;144m[48;2;134;134;134m▀[0m[38;2;0;0;0m[48;2;0;0;0m▀[0m[38;2;0;0;0m[48;2;0;0;0m▀[0m[38;2;0;0;0m[48;2;0;0;0m▀[0m[38;2;0;0;0m[48;2;0;0;0m▀[0m[38;2;0;0;0m[48;2;0;0;0m▀[0m[38;2;0;0;0m[48;2;0;0;0m▀[0m[38;2;147;148;145m[48;2;114;116;117m▀[0m[38;2;54;54;54m[48;2;151;155;155m▀[0m[38;2;51;54;54m[48;2;68;72;72m▀[0m[38;2;21;23;23m[48;2;0;0;0m▀[0m[38;2;0;0;0m[48;2;0;0;0m▀[0m[38;2;0;0;0m[48;2;0;0;0m▀[0m[38;2;32;34;34m[48;2;56;57;52m▀[0m[38;2;216;215;215m[48;2;140;145;145m▀[0m
[38;2;0;0;0m[48;2;0;0;0m▀[0m[38;2;98;100;101m[48;2;138;136;139m▀[0m[38;2;215;219;220m[48;2;209;213;211m▀[0m[38;2;206;208;213m[48;2;225;228;233m▀[0m[38;2;0;0;0m[48;2;21;24;23m▀[0m[38;2;0;0;0m[48;2;0;0;0m▀[0m[38;2;0;0;0m[48;2;0;0;0m▀[0m[38;2;1;1;1m[48;2;0;0;0m▀[0m[38;2;0;0;0m[48;2;0;0;0m▀[0m[38;2;0;0;0m[48;2;0;0;0m▀[0m[38;2;0;0;0m[48;2;0;0;0m▀[0m[38;2;110;110;108m[48;2;107;107;108m▀[0m[38;2;101;104;101m[48;2;0;0;0m▀[0m[38;2;30;30;30m[48;2;23;23;23m▀[0m[38;2;0;0;0m[48;2;77;76;77m▀[0m[38;2;0;0;0m[48;2;36;34;34m▀[0m[38;2;0;0;0m[48;2;0;0;0m▀[0m[38;2;0;0;0m[48;2;0;0;0m▀[0m[38;2;0;0;0m[48;2;0;0;0m▀[0m[38;2;5;5;5m[48;2;165;165;165m▀[0m[38;2;171;171;171m[48;2;255;255;253m▀[0m[38;2;0;0;0m[48;2;45;43;46m▀[0m[38;2;255;255;255m[48;2;20;23;23m▀[0m[38;2;96;99;99m[48;2;255;255;255m▀[0m[38;2;0;0;0m[48;2;48;48;48m▀[0m[38;2;0;0;0m[48;2;0;0;0m▀[0m[38;2;0;0;0m[48;2;0;0;0m▀[0m[38;2;167;170;170m[48;2;0;0;0m▀[0m[38;2;93;92;92m[48;2;255;254;254m▀[0m[38;2;198;201;203m[48;2;99;101;101m▀[0m[38;2;29;27;30m[48;2;0;0;0m▀[0m[38;2;0;0;0m[48;2;255;255;255m▀[0m[38;2;203;206;205m[48;2;255;255;255m▀[0m[38;2;255;255;255m[48;2;0;0;0m▀[0m[38;2;23;25;25m[48;2;0;0;0m▀[0m[38;2;0;0;0m[48;2;0;0;0m▀[0m[38;2;0;0;0m[48;2;0;0;0m▀[0m[38;2;0;1;3m[48;2;0;0;0m▀[0m[38;2;66;0;0m[48;2;181;0;0m▀[0m[38;2;255;115;84m[48;2;255;0;0m▀[0m[38;2;255;255;255m[48;2;255;157;137m▀[0m[38;2;255;38;30m[48;2;255;193;178m▀[0m[38;2;255;255;255m[48;2;255;10;0m▀[0m[38;2;255;92;59m[48;2;76;0;0m▀[0m[38;2;255;0;0m[48;2;59;0;0m▀[0m[38;2;102;0;0m[48;2;0;0;0m▀[0m[38;2;0;25;27m[48;2;21;68;69m▀[0m[38;2;220;248;245m[48;2;55;72;72m▀[0m[38;2;44;56;56m[48;2;0;0;0m▀[0m[38;2;0;0;0m[48;2;0;0;0m▀[0m[38;2;0;0;0m[48;2;0;0;0m▀[0m[38;2;0;0;0m[48;2;0;0;0m▀[0m[38;2;0;0;0m[48;2;0;1;1m▀[0m[38;2;0;1;1m[48;2;0;0;1m▀[0m[38;2;0;0;1m[48;2;0;1;1m▀[0m[38;2;1;1;1m[48;2;0;1;1m▀[0m[38;2;1;1;1m[48;2;1;1;1m▀[0m[38;2;0;1;1m[48;2;1;1;1m▀[0m[38;2;0;0;0m[48;2;0;0;0m▀[0m[38;2;0;0;0m[48;2;0;0;0m▀[0m[38;2;0;0;0m[48;2;0;0;0m▀[0m[38;2;116;119;119m[48;2;114;117;117m▀[0m[38;2;0;0;0m[48;2;0;0;0m▀[0m[38;2;0;0;0m[48;2;0;0;0m▀[0m[38;2;0;0;0m[48;2;0;0;0m▀[0m[38;2;0;0;0m[48;2;0;0;0m▀[0m[38;2;0;0;0m[48;2;0;0;0m▀[0m[38;2;0;0;0m[48;2;0;0;0m▀[0m[38;2;112;114;114m[48;2;151;153;153m▀[0m[38;2;255;255;255m[48;2;253;255;255m▀[0m[38;2;184;187;187m[48;2;186;186;186m▀[0m[38;2;0;0;0m[48;2;0;0;0m▀[0m[38;2;0;0;0m[48;2;0;0;0m▀[0m[38;2;0;0;0m[48;2;0;0;0m▀[0m[38;2;99;98;98m[48;2;124;126;124m▀[0m[38;2;130;134;135m[48;2;112;116;119m▀[0m
[38;2;13;16;13m[48;2;0;3;0m▀[0m[38;2;75;77;77m[48;2;59;59;60m▀[0m[38;2;196;199;198m[48;2;186;189;188m▀[0m[38;2;232;234;238m[48;2;255;255;255m▀[0m[38;2;50;54;55m[48;2;96;96;100m▀[0m[38;2;0;0;0m[48;2;0;0;0m▀[0m[38;2;0;0;0m[48;2;0;0;0m▀[0m[38;2;0;0;0m[48;2;0;0;0m▀[0m[38;2;0;0;0m[48;2;0;0;0m▀[0m[38;2;0;0;0m[48;2;0;0;0m▀[0m[38;2;0;0;0m[48;2;20;20;25m▀[0m[38;2;193;196;196m[48;2;55;58;57m▀[0m[38;2;130;130;130m[48;2;44;44;39m▀[0m[38;2;0;0;0m[48;2;255;255;255m▀[0m[38;2;0;0;0m[48;2;140;143;144m▀[0m[38;2;0;0;0m[48;2;45;46;40m▀[0m[38;2;10;10;10m[48;2;0;0;0m▀[0m[38;2;0;0;0m[48;2;0;0;0m▀[0m[38;2;0;0;0m[48;2;0;0;0m▀[0m[38;2;255;255;255m[48;2;226;228;231m▀[0m[38;2;181;181;179m[48;2;81;83;83m▀[0m[38;2;109;109;109m[48;2;180;183;183m▀[0m[38;2;111;111;111m[48;2;255;255;255m▀[0m[38;2;80;83;83m[48;2;150;150;151m▀[0m[38;2;255;255;255m[48;2;0;0;0m▀[0m[38;2;223;223;223m[48;2;125;127;127m▀[0m[38;2;111;109;112m[48;2;33;37;39m▀[0m[38;2;0;0;0m[48;2;255;255;255m▀[0m[38;2;0;0;0m[48;2;156;158;158m▀[0m[38;2;121;124;124m[48;2;0;0;0m▀[0m[38;2;239;243;243m[48;2;255;255;255m▀[0m[38;2;255;255;255m[48;2;255;255;255m▀[0m[38;2;10;16;16m[48;2;0;0;0m▀[0m[38;2;0;0;0m[48;2;0;0;0m▀[0m[38;2;0;0;0m[48;2;0;0;0m▀[0m[38;2;0;0;0m[48;2;0;0;0m▀[0m[38;2;0;0;0m[48;2;0;0;0m▀[0m[38;2;25;0;0m[48;2;132;0;0m▀[0m[38;2;217;0;0m[48;2;0;0;0m▀[0m[38;2;173;0;0m[48;2;124;0;0m▀[0m[38;2;115;0;0m[48;2;109;0;0m▀[0m[38;2;137;0;0m[48;2;0;0;0m▀[0m[38;2;50;0;0m[48;2;0;0;0m▀[0m[38;2;0;0;0m[48;2;0;0;0m▀[0m[38;2;0;0;0m[48;2;125;144;145m▀[0m[38;2;98;116;117m[48;2;62;78;78m▀[0m[38;2;56;76;76m[48;2;0;0;0m▀[0m[38;2;0;0;0m[48;2;0;0;0m▀[0m[38;2;0;0;0m[48;2;0;0;0m▀[0m[38;2;0;0;0m[48;2;0;0;0m▀[0m[38;2;0;0;0m[48;2;0;1;1m▀[0m[38;2;0;1;1m[48;2;0;1;1m▀[0m[38;2;0;0;1m[48;2;0;1;1m▀[0m[38;2;0;0;1m[48;2;0;0;0m▀[0m[38;2;0;1;1m[48;2;0;0;1m▀[0m[38;2;0;0;1m[48;2;0;1;1m▀[0m[38;2;0;0;1m[48;2;0;1;1m▀[0m[38;2;1;1;1m[48;2;1;1;1m▀[0m[38;2;0;0;0m[48;2;0;0;0m▀[0m[38;2;0;0;0m[48;2;0;0;0m▀[0m[38;2;0;0;0m[48;2;0;0;0m▀[0m[38;2;134;134;134m[48;2;113;115;115m▀[0m[38;2;11;11;11m[48;2;61;64;64m▀[0m[38;2;0;0;0m[48;2;0;0;0m▀[0m[38;2;0;0;0m[48;2;0;0;0m▀[0m[38;2;0;0;0m[48;2;0;0;0m▀[0m[38;2;0;0;0m[48;2;0;0;0m▀[0m[38;2;0;0;0m[48;2;0;0;0m▀[0m[38;2;187;185;188m[48;2;209;211;211m▀[0m[38;2;59;59;57m[48;2;0;0;0m▀[0m[38;2;140;144;140m[48;2;0;0;0m▀[0m[38;2;171;171;173m[48;2;117;117;115m▀[0m[38;2;0;0;0m[48;2;24;22;25m▀[0m[38;2;0;0;0m[48;2;0;0;0m▀[0m[38;2;136;140;137m[48;2;135;139;144m▀[0m[38;2;77;85;89m[48;2;81;91;97m▀[0m
[38;2;0;0;0m[48;2;19;15;19m▀[0m[38;2;56;59;60m[48;2;0;0;0m▀[0m[38;2;228;227;227m[48;2;91;94;93m▀[0m[38;2;255;255;255m[48;2;201;204;205m▀[0m[38;2;136;136;140m[48;2;158;162;163m▀[0m[38;2;0;0;0m[48;2;0;0;0m▀[0m[38;2;0;0;0m[48;2;0;0;0m▀[0m[38;2;0;0;0m[48;2;0;0;0m▀[0m[38;2;0;0;0m[48;2;0;0;0m▀[0m[38;2;0;0;0m[48;2;0;0;0m▀[0m[38;2;57;57;58m[48;2;84;84;86m▀[0m[38;2;34;34;34m[48;2;0;0;0m▀[0m[38;2;0;0;0m[48;2;0;0;0m▀[0m[38;2;169;168;168m[48;2;0;0;0m▀[0m[38;2;181;180;181m[48;2;226;226;226m▀[0m[38;2;99;101;101m[48;2;0;0;0m▀[0m[38;2;135;138;138m[48;2;0;0;0m▀[0m[38;2;118;121;120m[48;2;57;57;59m▀[0m[38;2;0;0;0m[48;2;209;208;208m▀[0m[38;2;0;0;0m[48;2;104;101;101m▀[0m[38;2;0;0;0m[48;2;0;0;0m▀[0m[38;2;0;0;0m[48;2;40;43;43m▀[0m[38;2;215;218;218m[48;2;124;124;124m▀[0m[38;2;0;0;0m[48;2;0;0;0m▀[0m[38;2;108;108;110m[48;2;46;49;49m▀[0m[38;2;255;255;255m[48;2;255;255;255m▀[0m[38;2;0;0;0m[48;2;255;255;255m▀[0m[38;2;0;0;0m[48;2;124;128;125m▀[0m[38;2;195;201;201m[48;2;0;0;0m▀[0m[38;2;38;40;40m[48;2;155;158;161m▀[0m[38;2;63;63;63m[48;2;144;147;149m▀[0m[38;2;204;203;203m[48;2;165;165;165m▀[0m[38;2;0;0;0m[48;2;50;49;49m▀[0m[38;2;0;0;0m[48;2;22;25;25m▀[0m[38;2;0;0;0m[48;2;127;133;133m▀[0m[38;2;0;0;0m[48;2;193;201;202m▀[0m[38;2;0;0;0m[48;2;195;209;209m▀[0m[38;2;0;0;0m[48;2;175;189;186m▀[0m[38;2;0;0;0m[48;2;227;243;243m▀[0m[38;2;94;0;0m[48;2;205;196;196m▀[0m[38;2;0;0;0m[48;2;48;63;65m▀[0m[38;2;0;0;0m[48;2;0;0;0m▀[0m[38;2;0;0;0m[48;2;117;125;125m▀[0m[38;2;134;153;153m[48;2;103;110;111m▀[0m[38;2;77;86;86m[48;2;0;0;0m▀[0m[38;2;0;0;0m[48;2;0;0;0m▀[0m[38;2;0;0;0m[48;2;0;0;0m▀[0m[38;2;0;0;0m[48;2;0;0;0m▀[0m[38;2;0;0;0m[48;2;0;0;0m▀[0m[38;2;0;0;0m[48;2;0;0;0m▀[0m[38;2;0;2;2m[48;2;0;0;0m▀[0m[38;2;0;0;0m[48;2;0;0;0m▀[0m[38;2;0;0;0m[48;2;0;0;0m▀[0m[38;2;0;1;0m[48;2;0;0;0m▀[0m[38;2;0;0;1m[48;2;0;0;0m▀[0m[38;2;0;0;0m[48;2;0;0;0m▀[0m[38;2;0;1;1m[48;2;1;0;0m▀[0m[38;2;0;1;1m[48;2;0;0;0m▀[0m[38;2;0;0;0m[48;2;0;0;0m▀[0m[38;2;0;0;0m[48;2;0;0;0m▀[0m[38;2;0;0;0m[48;2;22;22;22m▀[0m[38;2;189;188;188m[48;2;97;100;100m▀[0m[38;2;116;116;116m[48;2;105;105;105m▀[0m[38;2;0;0;0m[48;2;0;0;0m▀[0m[38;2;0;0;0m[48;2;0;0;0m▀[0m[38;2;0;0;0m[48;2;0;0;0m▀[0m[38;2;0;0;0m[48;2;0;0;0m▀[0m[38;2;0;0;0m[48;2;0;0;0m▀[0m[38;2;207;206;206m[48;2;191;195;195m▀[0m[38;2;0;0;0m[48;2;0;0;0m▀[0m[38;2;0;0;0m[48;2;0;0;0m▀[0m[38;2;0;0;0m[48;2;0;0;0m▀[0m[38;2;0;0;0m[48;2;21;20;20m▀[0m[38;2;67;67;67m[48;2;156;155;153m▀[0m[38;2;102;110;113m[48;2;83;92;96m▀[0m[38;2;113;119;125m[48;2;97;101;105m▀[0m
[38;2;112;112;110m[48;2;191;192;189m▀[0m[38;2;6;6;7m[48;2;42;45;44m▀[0m[38;2;87;87;89m[48;2;34;34;36m▀[0m[38;2;215;217;219m[48;2;81;77;79m▀[0m[38;2;238;238;236m[48;2;51;51;49m▀[0m[38;2;0;0;0m[48;2;0;0;0m▀[0m[38;2;0;0;0m[48;2;0;0;0m▀[0m[38;2;0;0;0m[48;2;0;0;0m▀[0m[38;2;0;0;0m[48;2;0;0;0m▀[0m[38;2;0;0;0m[48;2;0;0;0m▀[0m[38;2;95;97;97m[48;2;83;85;87m▀[0m[38;2;0;0;0m[48;2;0;0;0m▀[0m[38;2;45;45;46m[48;2;0;0;0m▀[0m[38;2;14;13;13m[48;2;13;11;14m▀[0m[38;2;202;204;204m[48;2;169;173;173m▀[0m[38;2;115;115;115m[48;2;255;255;255m▀[0m[38;2;0;0;0m[48;2;0;0;0m▀[0m[38;2;0;0;0m[48;2;0;0;0m▀[0m[38;2;0;0;0m[48;2;0;0;0m▀[0m[38;2;155;157;157m[48;2;5;7;7m▀[0m[38;2;116;122;122m[48;2;82;85;85m▀[0m[38;2;34;40;36m[48;2;0;0;0m▀[0m[38;2;0;0;0m[48;2;0;0;0m▀[0m[38;2;16;19;19m[48;2;57;59;59m▀[0m[38;2;0;0;0m[48;2;0;0;0m▀[0m[38;2;0;0;0m[48;2;86;90;90m▀[0m[38;2;255;255;255m[48;2;11;13;13m▀[0m[38;2;255;255;255m[48;2;0;0;0m▀[0m[38;2;129;131;131m[48;2;117;115;118m▀[0m[38;2;0;0;0m[48;2;255;255;255m▀[0m[38;2;50;46;46m[48;2;29;7;8m▀[0m[38;2;184;177;177m[48;2;0;0;0m▀[0m[38;2;13;23;21m[48;2;0;0;0m▀[0m[38;2;122;130;131m[48;2;0;0;0m▀[0m[38;2;52;60;61m[48;2;0;0;0m▀[0m[38;2;0;27;28m[48;2;193;30;8m▀[0m[38;2;191;198;195m[48;2;136;94;83m▀[0m[38;2;23;34;39m[48;2;0;12;16m▀[0m[38;2;0;0;0m[48;2;0;0;0m▀[0m[38;2;20;37;37m[48;2;0;0;0m▀[0m[38;2;99;111;111m[48;2;0;0;0m▀[0m[38;2;140;152;150m[48;2;89;95;94m▀[0m[38;2;177;181;178m[48;2;85;85;85m▀[0m[38;2;15;18;18m[48;2;16;15;16m▀[0m[38;2;13;13;13m[48;2;0;0;0m▀[0m[38;2;0;0;0m[48;2;0;0;0m▀[0m[38;2;0;0;0m[48;2;0;0;0m▀[0m[38;2;0;0;0m[48;2;0;0;0m▀[0m[38;2;0;0;0m[48;2;33;32;32m▀[0m[38;2;0;0;0m[48;2;59;61;61m▀[0m[38;2;0;0;0m[48;2;203;207;207m▀[0m[38;2;0;0;0m[48;2;86;86;87m▀[0m[38;2;0;0;0m[48;2;60;63;62m▀[0m[38;2;0;0;0m[48;2;233;233;238m▀[0m[38;2;0;0;0m[48;2;41;41;43m▀[0m[38;2;0;0;0m[48;2;0;0;0m▀[0m[38;2;0;0;0m[48;2;0;0;0m▀[0m[38;2;0;0;0m[48;2;0;0;0m▀[0m[38;2;0;0;0m[48;2;0;0;0m▀[0m[38;2;0;0;0m[48;2;65;65;65m▀[0m[38;2;87;87;87m[48;2;117;120;119m▀[0m[38;2;82;84;84m[48;2;134;137;137m▀[0m[38;2;157;161;161m[48;2;180;183;185m▀[0m[38;2;0;0;0m[48;2;0;0;0m▀[0m[38;2;0;0;0m[48;2;0;0;0m▀[0m[38;2;0;0;0m[48;2;0;0;0m▀[0m[38;2;0;0;0m[48;2;0;0;0m▀[0m[38;2;30;32;32m[48;2;52;50;54m▀[0m[38;2;161;163;163m[48;2;149;155;154m▀[0m[38;2;0;0;0m[48;2;18;18;19m▀[0m[38;2;0;0;0m[48;2;0;0;0m▀[0m[38;2;0;0;0m[48;2;19;18;18m▀[0m[38;2;0;0;0m[48;2;92;87;94m▀[0m[38;2;231;233;234m[48;2;230;232;233m▀[0m[38;2;72;75;84m[48;2;142;146;146m▀[0m[38;2;108;111;113m[48;2;105;109;111m▀[0m
[38;2;122;125;125m[48;2;74;76;76m▀[0m[38;2;130;133;132m[48;2;154;156;154m▀[0m[38;2;29;29;30m[48;2;154;156;162m▀[0m[38;2;38;38;39m[48;2;255;255;255m▀[0m[38;2;255;255;255m[48;2;255;255;255m▀[0m[38;2;73;73;75m[48;2;85;85;86m▀[0m[38;2;0;0;0m[48;2;0;0;0m▀[0m[38;2;0;0;0m[48;2;0;0;0m▀[0m[38;2;0;0;0m[48;2;0;0;0m▀[0m[38;2;12;12;12m[48;2;23;21;24m▀[0m[38;2;82;84;86m[48;2;78;80;80m▀[0m[38;2;0;0;0m[48;2;0;0;0m▀[0m[38;2;0;0;0m[48;2;0;0;0m▀[0m[38;2;0;0;0m[48;2;0;0;0m▀[0m[38;2;0;0;0m[48;2;0;0;0m▀[0m[38;2;180;183;183m[48;2;0;0;0m▀[0m[38;2;147;150;150m[48;2;255;255;255m▀[0m[38;2;0;0;0m[48;2;0;0;0m▀[0m[38;2;0;0;0m[48;2;0;0;0m▀[0m[38;2;29;25;25m[48;2;0;0;0m▀[0m[38;2;81;84;81m[48;2;104;108;108m▀[0m[38;2;0;0;0m[48;2;0;0;0m▀[0m[38;2;0;0;0m[48;2;0;0;0m▀[0m[38;2;36;31;38m[48;2;0;0;0m▀[0m[38;2;41;41;42m[48;2;13;15;18m▀[0m[38;2;44;40;40m[48;2;0;0;0m▀[0m[38;2;243;245;245m[48;2;44;46;46m▀[0m[38;2;0;0;0m[48;2;29;29;26m▀[0m[38;2;0;0;0m[48;2;111;115;115m▀[0m[38;2;128;131;131m[48;2;187;190;195m▀[0m[38;2;255;255;255m[48;2;76;69;68m▀[0m[38;2;149;157;153m[48;2;120;137;136m▀[0m[38;2;0;0;0m[48;2;0;7;9m▀[0m[38;2;0;0;0m[48;2;0;0;0m▀[0m[38;2;0;39;44m[48;2;163;0;0m▀[0m[38;2;181;0;0m[48;2;41;0;0m▀[0m[38;2;95;30;16m[48;2;77;0;0m▀[0m[38;2;0;33;36m[48;2;0;4;3m▀[0m[38;2;0;0;0m[48;2;0;0;0m▀[0m[38;2;0;0;0m[48;2;0;0;0m▀[0m[38;2;171;174;174m[48;2;0;0;0m▀[0m[38;2;26;28;28m[48;2;0;0;0m▀[0m[38;2;0;0;0m[48;2;0;0;0m▀[0m[38;2;0;0;0m[48;2;0;0;0m▀[0m[38;2;0;0;0m[48;2;0;0;0m▀[0m[38;2;0;0;0m[48;2;0;0;0m▀[0m[38;2;0;2;0m[48;2;0;0;0m▀[0m[38;2;0;0;0m[48;2;0;0;0m▀[0m[38;2;41;40;40m[48;2;0;0;0m▀[0m[38;2;138;138;138m[48;2;0;0;0m▀[0m[38;2;167;166;166m[48;2;3;1;4m▀[0m[38;2;68;68;68m[48;2;37;37;38m▀[0m[38;2;0;0;0m[48;2;104;104;105m▀[0m[38;2;41;41;42m[48;2;22;22;20m▀[0m[38;2;162;162;167m[48;2;0;0;0m▀[0m[38;2;37;37;42m[48;2;198;198;200m▀[0m[38;2;0;0;0m[48;2;83;83;85m▀[0m[38;2;0;0;0m[48;2;0;0;0m▀[0m[38;2;15;19;19m[48;2;170;177;177m▀[0m[38;2;226;226;228m[48;2;0;0;0m▀[0m[38;2;104;104;102m[48;2;111;111;109m▀[0m[38;2;0;0;0m[48;2;1;1;1m▀[0m[38;2;152;155;152m[48;2;55;57;57m▀[0m[38;2;30;32;32m[48;2;49;47;50m▀[0m[38;2;0;0;0m[48;2;0;0;0m▀[0m[38;2;0;0;0m[48;2;0;0;0m▀[0m[38;2;0;0;0m[48;2;0;0;0m▀[0m[38;2;75;78;78m[48;2;108;108;105m▀[0m[38;2;103;107;109m[48;2;47;47;49m▀[0m[38;2;0;0;0m[48;2;0;0;0m▀[0m[38;2;231;231;232m[48;2;1;0;2m▀[0m[38;2;255;255;255m[48;2;0;0;0m▀[0m[38;2;255;255;255m[48;2;76;76;76m▀[0m[38;2;175;178;175m[48;2;97;99;100m▀[0m[38;2;124;127;128m[48;2;119;126;127m▀[0m[38;2;103;107;109m[48;2;87;94;95m▀[0m
[38;2;51;55;54m[48;2;45;44;44m▀[0m[38;2;89;94;90m[48;2;62;58;58m▀[0m[38;2;125;128;130m[48;2;51;47;47m▀[0m[38;2;151;154;161m[48;2;50;50;48m▀[0m[38;2;177;180;184m[48;2;30;33;32m▀[0m[38;2;201;204;203m[48;2;81;83;83m▀[0m[38;2;0;0;0m[48;2;0;0;0m▀[0m[38;2;0;0;0m[48;2;0;0;0m▀[0m[38;2;0;0;0m[48;2;0;0;0m▀[0m[38;2;32;31;31m[48;2;38;40;40m▀[0m[38;2;69;72;72m[48;2;63;61;64m▀[0m[38;2;0;0;0m[48;2;0;0;0m▀[0m[38;2;0;0;0m[48;2;0;0;0m▀[0m[38;2;0;0;0m[48;2;0;0;0m▀[0m[38;2;0;0;0m[48;2;0;0;0m▀[0m[38;2;0;0;0m[48;2;0;0;0m▀[0m[38;2;82;85;85m[48;2;0;0;0m▀[0m[38;2;211;211;214m[48;2;215;215;216m▀[0m[38;2;0;0;0m[48;2;75;75;73m▀[0m[38;2;0;0;0m[48;2;0;0;0m▀[0m[38;2;73;75;75m[48;2;164;163;163m▀[0m[38;2;43;45;46m[48;2;250;249;246m▀[0m[38;2;0;0;0m[48;2;63;65;65m▀[0m[38;2;0;0;0m[48;2;11;14;14m▀[0m[38;2;0;0;0m[48;2;75;77;75m▀[0m[38;2;59;58;58m[48;2;116;119;116m▀[0m[38;2;73;75;75m[48;2;241;243;243m▀[0m[38;2;171;175;169m[48;2;149;149;149m▀[0m[38;2;0;0;0m[48;2;20;24;24m▀[0m[38;2;0;0;0m[48;2;0;0;0m▀[0m[38;2;157;69;54m[48;2;0;0;0m▀[0m[38;2;0;0;0m[48;2;0;0;0m▀[0m[38;2;89;166;172m[48;2;172;226;226m▀[0m[38;2;255;0;0m[48;2;255;44;29m▀[0m[38;2;255;96;86m[48;2;255;221;216m▀[0m[38;2;255;255;255m[48;2;255;255;255m▀[0m[38;2;255;172;166m[48;2;255;255;255m▀[0m[38;2;6;0;0m[48;2;186;0;0m▀[0m[38;2;0;0;0m[48;2;0;0;0m▀[0m[38;2;0;0;0m[48;2;56;71;71m▀[0m[38;2;71;77;78m[48;2;33;37;37m▀[0m[38;2;0;0;0m[48;2;0;0;0m▀[0m[38;2;0;0;0m[48;2;0;0;0m▀[0m[38;2;0;0;0m[48;2;0;0;0m▀[0m[38;2;0;0;0m[48;2;0;0;0m▀[0m[38;2;0;0;0m[48;2;0;0;0m▀[0m[38;2;0;0;0m[48;2;0;0;0m▀[0m[38;2;0;0;0m[48;2;0;0;0m▀[0m[38;2;0;0;0m[48;2;0;0;0m▀[0m[38;2;0;0;0m[48;2;0;0;0m▀[0m[38;2;0;0;0m[48;2;0;1;1m▀[0m[38;2;0;0;0m[48;2;68;68;69m▀[0m[38;2;58;60;62m[48;2;80;81;78m▀[0m[38;2;98;101;102m[48;2;0;0;0m▀[0m[38;2;0;0;0m[48;2;0;0;0m▀[0m[38;2;0;0;0m[48;2;0;0;0m▀[0m[38;2;244;248;248m[48;2;0;0;0m▀[0m[38;2;170;173;173m[48;2;67;67;67m▀[0m[38;2;0;0;0m[48;2;0;0;0m▀[0m[38;2;0;0;0m[48;2;0;0;0m▀[0m[38;2;5;5;7m[48;2;0;0;0m▀[0m[38;2;0;0;0m[48;2;38;38;38m▀[0m[38;2;0;0;0m[48;2;217;217;219m▀[0m[38;2;61;63;63m[48;2;47;49;50m▀[0m[38;2;0;0;0m[48;2;0;0;0m▀[0m[38;2;0;0;0m[48;2;0;0;0m▀[0m[38;2;0;0;0m[48;2;0;0;0m▀[0m[38;2;117;116;117m[48;2;55;55;57m▀[0m[38;2;228;231;231m[48;2;112;113;110m▀[0m[38;2;132;132;129m[48;2;154;162;156m▀[0m[38;2;0;0;0m[48;2;192;199;200m▀[0m[38;2;9;13;13m[48;2;213;222;220m▀[0m[38;2;65;72;72m[48;2;196;199;199m▀[0m[38;2;165;169;168m[48;2;187;191;188m▀[0m[38;2;119;122;124m[48;2;158;158;163m▀[0m[38;2;188;188;192m[48;2;147;144;150m▀[0m
[38;2;20;23;20m[48;2;30;32;32m▀[0m[38;2;31;31;31m[48;2;42;41;42m▀[0m[38;2;48;46;44m[48;2;59;61;61m▀[0m[38;2;81;81;79m[48;2;92;92;94m▀[0m[38;2;0;0;2m[48;2;3;6;6m▀[0m[38;2;0;0;1m[48;2;0;0;0m▀[0m[38;2;0;0;0m[48;2;0;0;0m▀[0m[38;2;0;0;0m[48;2;0;0;0m▀[0m[38;2;0;0;0m[48;2;0;0;0m▀[0m[38;2;40;43;45m[48;2;36;38;40m▀[0m[38;2;56;58;58m[48;2;55;57;57m▀[0m[38;2;0;0;0m[48;2;0;0;0m▀[0m[38;2;0;0;0m[48;2;0;0;0m▀[0m[38;2;0;0;0m[48;2;1;1;1m▀[0m[38;2;0;0;0m[48;2;1;1;1m▀[0m[38;2;0;0;0m[48;2;0;0;0m▀[0m[38;2;0;0;0m[48;2;0;0;0m▀[0m[38;2;1;1;0m[48;2;0;0;0m▀[0m[38;2;255;255;255m[48;2;92;92;93m▀[0m[38;2;0;0;1m[48;2;238;238;238m▀[0m[38;2;132;130;133m[48;2;73;75;75m▀[0m[38;2;41;44;45m[48;2;11;11;12m▀[0m[38;2;0;1;6m[48;2;3;5;5m▀[0m[38;2;238;242;241m[48;2;188;192;192m▀[0m[38;2;166;165;165m[48;2;255;255;255m▀[0m[38;2;0;0;0m[48;2;5;2;4m▀[0m[38;2;241;244;244m[48;2;71;75;75m▀[0m[38;2;181;183;183m[48;2;73;80;80m▀[0m[38;2;58;58;59m[48;2;89;92;92m▀[0m[38;2;0;0;0m[48;2;0;0;0m▀[0m[38;2;0;0;0m[48;2;0;0;0m▀[0m[38;2;0;0;0m[48;2;0;0;0m▀[0m[38;2;18;55;57m[48;2;0;0;0m▀[0m[38;2;23;0;0m[48;2;184;202;206m▀[0m[38;2;146;72;63m[48;2;255;255;255m▀[0m[38;2;255;255;255m[48;2;255;255;255m▀[0m[38;2;255;255;255m[48;2;255;255;255m▀[0m[38;2;255;47;38m[48;2;103;0;0m▀[0m[38;2;0;0;0m[48;2;1;29;34m▀[0m[38;2;40;60;60m[48;2;0;0;0m▀[0m[38;2;0;0;0m[48;2;0;0;0m▀[0m[38;2;0;0;0m[48;2;0;0;0m▀[0m[38;2;0;0;0m[48;2;5;5;5m▀[0m[38;2;0;0;0m[48;2;240;240;238m▀[0m[38;2;22;22;20m[48;2;134;137;134m▀[0m[38;2;80;83;80m[48;2;2;2;2m▀[0m[38;2;115;115;113m[48;2;0;0;0m▀[0m[38;2;121;125;124m[48;2;0;0;0m▀[0m[38;2;133;136;138m[48;2;0;0;0m▀[0m[38;2;125;129;126m[48;2;0;0;0m▀[0m[38;2;69;72;72m[48;2;0;0;0m▀[0m[38;2;11;11;11m[48;2;0;0;0m▀[0m[38;2;0;0;0m[48;2;0;0;0m▀[0m[38;2;0;0;0m[48;2;22;22;23m▀[0m[38;2;0;0;0m[48;2;0;0;0m▀[0m[38;2;0;0;0m[48;2;0;0;0m▀[0m[38;2;0;0;0m[48;2;0;0;0m▀[0m[38;2;59;62;61m[48;2;61;64;60m▀[0m[38;2;18;24;24m[48;2;13;16;13m▀[0m[38;2;0;0;0m[48;2;0;0;0m▀[0m[38;2;0;0;0m[48;2;0;0;0m▀[0m[38;2;29;32;33m[48;2;115;118;120m▀[0m[38;2;255;255;255m[48;2;235;237;238m▀[0m[38;2;42;44;44m[48;2;0;0;0m▀[0m[38;2;0;0;0m[48;2;3;3;3m▀[0m[38;2;0;0;0m[48;2;91;93;95m▀[0m[38;2;63;63;64m[48;2;255;255;255m▀[0m[38;2;124;127;127m[48;2;255;255;255m▀[0m[38;2;0;0;0m[48;2;8;10;10m▀[0m[38;2;58;59;56m[48;2;11;10;10m▀[0m[38;2;255;255;255m[48;2;255;255;255m▀[0m[38;2;255;255;255m[48;2;255;255;255m▀[0m[38;2;255;255;255m[48;2;255;255;255m▀[0m[38;2;255;255;255m[48;2;255;255;255m▀[0m[38;2;222;224;225m[48;2;244;246;246m▀[0m[38;2;228;227;228m[48;2;255;255;255m▀[0m
[38;2;96;99;98m[48;2;173;172;172m▀[0m[38;2;116;116;116m[48;2;40;40;42m▀[0m[38;2;115;118;115m[48;2;37;37;37m▀[0m[38;2;143;143;139m[48;2;67;67;67m▀[0m[38;2;22;22;22m[48;2;4;4;4m▀[0m[38;2;0;0;0m[48;2;0;0;0m▀[0m[38;2;0;0;0m[48;2;0;0;0m▀[0m[38;2;0;0;0m[48;2;0;0;0m▀[0m[38;2;0;0;0m[48;2;0;0;0m▀[0m[38;2;28;28;30m[48;2;22;22;22m▀[0m[38;2;68;72;72m[48;2;78;81;81m▀[0m[38;2;0;0;0m[48;2;0;0;0m▀[0m[38;2;0;0;0m[48;2;0;0;0m▀[0m[38;2;0;0;0m[48;2;0;0;0m▀[0m[38;2;0;1;1m[48;2;1;1;1m▀[0m[38;2;0;0;0m[48;2;1;1;1m▀[0m[38;2;0;0;0m[48;2;0;0;0m▀[0m[38;2;0;0;0m[48;2;0;0;0m▀[0m[38;2;0;0;0m[48;2;0;0;0m▀[0m[38;2;182;184;186m[48;2;0;0;0m▀[0m[38;2;201;200;200m[48;2;244;246;249m▀[0m[38;2;25;28;25m[48;2;37;40;40m▀[0m[38;2;0;0;0m[48;2;13;20;20m▀[0m[38;2;134;138;135m[48;2;15;1;1m▀[0m[38;2;255;255;255m[48;2;254;218;208m▀[0m[38;2;102;102;102m[48;2;252;255;255m▀[0m[38;2;0;0;0m[48;2;19;0;0m▀[0m[38;2;0;0;0m[48;2;115;43;46m▀[0m[38;2;121;129;129m[48;2;16;32;32m▀[0m[38;2;0;0;0m[48;2;5;11;11m▀[0m[38;2;0;0;0m[48;2;250;255;255m▀[0m[38;2;124;127;129m[48;2;255;255;255m▀[0m[38;2;255;255;255m[48;2;255;255;255m▀[0m[38;2;255;255;255m[48;2;255;255;255m▀[0m[38;2;255;255;255m[48;2;0;0;0m▀[0m[38;2;255;255;255m[48;2;0;0;0m▀[0m[38;2;216;162;153m[48;2;81;0;0m▀[0m[38;2;0;0;0m[48;2;0;0;0m▀[0m[38;2;0;0;0m[48;2;0;0;0m▀[0m[38;2;0;0;0m[48;2;0;0;0m▀[0m[38;2;0;0;0m[48;2;0;0;0m▀[0m[38;2;0;0;0m[48;2;0;0;0m▀[0m[38;2;45;48;48m[48;2;0;0;0m▀[0m[38;2;62;64;66m[48;2;139;137;144m▀[0m[38;2;137;144;148m[48;2;92;98;99m▀[0m[38;2;115;118;120m[48;2;0;0;0m▀[0m[38;2;85;84;84m[48;2;0;0;0m▀[0m[38;2;87;87;85m[48;2;30;33;32m▀[0m[38;2;152;154;154m[48;2;19;16;20m▀[0m[38;2;76;78;80m[48;2;0;0;0m▀[0m[38;2;0;0;0m[48;2;0;0;0m▀[0m[38;2;193;201;201m[48;2;0;0;0m▀[0m[38;2;126;134;134m[48;2;79;81;81m▀[0m[38;2;68;67;67m[48;2;0;0;0m▀[0m[38;2;0;1;1m[48;2;0;0;0m▀[0m[38;2;0;0;0m[48;2;0;0;0m▀[0m[38;2;0;0;0m[48;2;14;18;19m▀[0m[38;2;81;84;83m[48;2;29;29;30m▀[0m[38;2;14;13;13m[48;2;24;23;23m▀[0m[38;2;0;0;0m[48;2;0;0;0m▀[0m[38;2;0;0;0m[48;2;195;197;198m▀[0m[38;2;255;255;255m[48;2;111;114;113m▀[0m[38;2;255;255;255m[48;2;11;13;13m▀[0m[38;2;201;200;201m[48;2;0;0;0m▀[0m[38;2;191;195;191m[48;2;0;0;0m▀[0m[38;2;124;126;128m[48;2;255;255;255m▀[0m[38;2;0;0;0m[48;2;9;7;10m▀[0m[38;2;44;46;47m[48;2;0;0;0m▀[0m[38;2;59;61;61m[48;2;104;105;102m▀[0m[38;2;255;255;255m[48;2;0;0;0m▀[0m[38;2;181;181;179m[48;2;0;0;0m▀[0m[38;2;125;132;127m[48;2;0;0;0m▀[0m[38;2;232;234;234m[48;2;43;41;44m▀[0m[38;2;223;227;227m[48;2;25;28;28m▀[0m[38;2;209;211;214m[48;2;22;21;21m▀[0m[38;2;146;146;147m[48;2;20;23;22m▀[0m
[38;2;126;126;128m[48;2;0;0;0m▀[0m[38;2;43;43;45m[48;2;27;27;27m▀[0m[38;2;45;45;47m[48;2;42;44;44m▀[0m[38;2;78;78;80m[48;2;66;66;66m▀[0m[38;2;25;25;27m[48;2;42;46;46m▀[0m[38;2;0;0;0m[48;2;3;0;0m▀[0m[38;2;3;6;6m[48;2;25;29;32m▀[0m[38;2;12;12;13m[48;2;12;20;20m▀[0m[38;2;0;0;0m[48;2;11;13;13m▀[0m[38;2;20;20;21m[48;2;11;11;9m▀[0m[38;2;177;180;181m[48;2;105;112;111m▀[0m[38;2;0;0;0m[48;2;152;155;157m▀[0m[38;2;0;0;0m[48;2;14;14;15m▀[0m[38;2;0;0;0m[48;2;0;0;0m▀[0m[38;2;1;1;1m[48;2;0;0;0m▀[0m[38;2;1;1;1m[48;2;0;0;0m▀[0m[38;2;0;0;0m[48;2;0;0;0m▀[0m[38;2;0;0;0m[48;2;0;0;0m▀[0m[38;2;0;0;0m[48;2;0;0;0m▀[0m[38;2;0;0;0m[48;2;0;0;0m▀[0m[38;2;3;5;5m[48;2;0;0;0m▀[0m[38;2;255;255;255m[48;2;42;42;44m▀[0m[38;2;22;26;26m[48;2;255;255;255m▀[0m[38;2;0;0;0m[48;2;45;54;54m▀[0m[38;2;57;0;0m[48;2;0;0;0m▀[0m[38;2;214;225;222m[48;2;0;0;0m▀[0m[38;2;155;147;145m[48;2;68;77;79m▀[0m[38;2;221;217;217m[48;2;154;164;167m▀[0m[38;2;92;100;102m[48;2;255;255;255m▀[0m[38;2;255;255;255m[48;2;103;0;0m▀[0m[38;2;56;60;61m[48;2;0;0;0m▀[0m[38;2;0;0;0m[48;2;178;184;184m▀[0m[38;2;255;255;255m[48;2;238;255;255m▀[0m[38;2;107;118;120m[48;2;0;0;0m▀[0m[38;2;0;0;0m[48;2;255;143;126m▀[0m[38;2;167;113;114m[48;2;255;255;255m▀[0m[38;2;255;180;170m[48;2;255;255;255m▀[0m[38;2;248;65;46m[48;2;255;255;255m▀[0m[38;2;63;0;0m[48;2;241;217;210m▀[0m[38;2;0;0;0m[48;2;92;0;0m▀[0m[38;2;0;0;0m[48;2;0;0;0m▀[0m[38;2;0;0;0m[48;2;0;0;0m▀[0m[38;2;0;0;0m[48;2;0;0;0m▀[0m[38;2;75;74;74m[48;2;0;0;0m▀[0m[38;2;103;105;110m[48;2;0;0;0m▀[0m[38;2;61;61;63m[48;2;20;18;21m▀[0m[38;2;31;34;34m[48;2;59;59;64m▀[0m[38;2;26;29;26m[48;2;42;42;42m▀[0m[38;2;48;48;48m[48;2;0;0;0m▀[0m[38;2;76;76;76m[48;2;0;0;0m▀[0m[38;2;99;101;101m[48;2;18;15;19m▀[0m[38;2;122;120;124m[48;2;0;0;0m▀[0m[38;2;69;72;72m[48;2;71;74;74m▀[0m[38;2;0;0;0m[48;2;109;115;115m▀[0m[38;2;10;12;12m[48;2;109;113;116m▀[0m[38;2;134;137;137m[48;2;11;11;11m▀[0m[38;2;174;179;179m[48;2;0;0;0m▀[0m[38;2;92;92;90m[48;2;18;18;15m▀[0m[38;2;86;87;81m[48;2;74;72;69m▀[0m[38;2;72;75;72m[48;2;0;0;0m▀[0m[38;2;255;255;255m[48;2;86;89;89m▀[0m[38;2;147;147;147m[48;2;255;255;255m▀[0m[38;2;0;0;0m[48;2;255;255;255m▀[0m[38;2;24;25;22m[48;2;0;0;0m▀[0m[38;2;84;85;82m[48;2;45;47;52m▀[0m[38;2;99;101;102m[48;2;0;0;0m▀[0m[38;2;0;0;0m[48;2;39;39;37m▀[0m[38;2;0;0;0m[48;2;0;0;0m▀[0m[38;2;0;0;0m[48;2;0;0;0m▀[0m[38;2;0;0;0m[48;2;0;0;0m▀[0m[38;2;0;0;0m[48;2;0;0;0m▀[0m[38;2;6;9;9m[48;2;0;0;0m▀[0m[38;2;93;95;95m[48;2;45;45;46m▀[0m[38;2;67;69;69m[48;2;79;79;79m▀[0m[38;2;45;47;47m[48;2;45;44;44m▀[0m[38;2;26;25;26m[48;2;13;13;14m▀[0m
[38;2;34;34;34m[48;2;46;48;46m▀[0m[38;2;48;46;49m[48;2;102;101;99m▀[0m[38;2;63;63;63m[48;2;115;117;119m▀[0m[38;2;92;92;90m[48;2;101;103;105m▀[0m[38;2;103;105;107m[48;2;105;113;117m▀[0m[38;2;50;0;1m[48;2;25;18;19m▀[0m[38;2;0;0;0m[48;2;0;0;0m▀[0m[38;2;0;0;0m[48;2;0;0;0m▀[0m[38;2;0;0;0m[48;2;0;0;0m▀[0m[38;2;0;0;0m[48;2;0;0;0m▀[0m[38;2;0;0;0m[48;2;0;0;0m▀[0m[38;2;7;10;10m[48;2;0;0;0m▀[0m[38;2;21;23;24m[48;2;0;0;0m▀[0m[38;2;0;0;0m[48;2;0;0;0m▀[0m[38;2;0;0;0m[48;2;0;0;0m▀[0m[38;2;0;0;0m[48;2;0;0;0m▀[0m[38;2;0;0;0m[48;2;42;48;49m▀[0m[38;2;0;0;0m[48;2;82;97;98m▀[0m[38;2;0;0;0m[48;2;65;75;78m▀[0m[38;2;0;0;0m[48;2;9;6;10m▀[0m[38;2;0;0;0m[48;2;0;0;0m▀[0m[38;2;0;0;0m[48;2;0;0;0m▀[0m[38;2;30;32;33m[48;2;0;0;0m▀[0m[38;2;255;255;255m[48;2;0;0;0m▀[0m[38;2;51;56;57m[48;2;241;241;242m▀[0m[38;2;0;0;0m[48;2;198;201;200m▀[0m[38;2;21;24;26m[48;2;84;91;91m▀[0m[38;2;113;119;120m[48;2;0;0;0m▀[0m[38;2;0;0;0m[48;2;0;0;0m▀[0m[38;2;0;0;0m[48;2;0;0;0m▀[0m[38;2;0;0;0m[48;2;188;195;191m▀[0m[38;2;255;255;255m[48;2;40;44;44m▀[0m[38;2;0;0;0m[48;2;0;0;0m▀[0m[38;2;39;0;0m[48;2;0;0;0m▀[0m[38;2;255;255;255m[48;2;255;255;255m▀[0m[38;2;255;255;255m[48;2;255;255;255m▀[0m[38;2;255;255;255m[48;2;255;255;255m▀[0m[38;2;180;186;190m[48;2;255;255;255m▀[0m[38;2;255;255;255m[48;2;0;0;0m▀[0m[38;2;255;255;255m[48;2;255;255;255m▀[0m[38;2;0;0;0m[48;2;231;234;234m▀[0m[38;2;0;0;0m[48;2;0;0;0m▀[0m[38;2;0;0;0m[48;2;0;0;0m▀[0m[38;2;24;26;26m[48;2;8;8;9m▀[0m[38;2;250;252;255m[48;2;127;127;132m▀[0m[38;2;255;255;255m[48;2;66;69;71m▀[0m[38;2;133;135;137m[48;2;48;51;51m▀[0m[38;2;54;59;54m[48;2;0;0;0m▀[0m[38;2;58;58;58m[48;2;14;18;18m▀[0m[38;2;12;10;13m[48;2;68;68;68m▀[0m[38;2;42;44;44m[48;2;174;173;173m▀[0m[38;2;191;192;189m[48;2;120;124;120m▀[0m[38;2;255;255;255m[48;2;0;0;0m▀[0m[38;2;66;68;68m[48;2;0;0;0m▀[0m[38;2;0;0;0m[48;2;0;0;0m▀[0m[38;2;0;0;0m[48;2;0;0;0m▀[0m[38;2;0;0;0m[48;2;0;0;0m▀[0m[38;2;0;0;0m[48;2;0;0;0m▀[0m[38;2;0;0;0m[48;2;0;0;0m▀[0m[38;2;255;255;255m[48;2;255;255;255m▀[0m[38;2;255;255;255m[48;2;255;255;255m▀[0m[38;2;13;16;16m[48;2;63;62;62m▀[0m[38;2;124;121;125m[48;2;0;0;0m▀[0m[38;2;0;0;0m[48;2;58;60;60m▀[0m[38;2;255;255;255m[48;2;81;82;79m▀[0m[38;2;204;203;203m[48;2;0;0;0m▀[0m[38;2;255;255;255m[48;2;47;49;49m▀[0m[38;2;0;0;0m[48;2;0;0;0m▀[0m[38;2;0;0;0m[48;2;0;0;0m▀[0m[38;2;0;0;0m[48;2;0;0;0m▀[0m[38;2;0;0;0m[48;2;0;0;0m▀[0m[38;2;0;0;0m[48;2;0;0;0m▀[0m[38;2;83;83;81m[48;2;0;0;0m▀[0m[38;2;228;228;230m[48;2;79;77;80m▀[0m[38;2;163;163;164m[48;2;116;116;117m▀[0m[38;2;148;147;148m[48;2;117;122;129m▀[0m
[38;2;32;34;34m[48;2;42;46;50m▀[0m[38;2;30;32;33m[48;2;57;64;72m▀[0m[38;2;10;12;13m[48;2;65;69;74m▀[0m[38;2;6;10;11m[48;2;122;129;130m▀[0m[38;2;52;58;66m[48;2;226;233;230m▀[0m[38;2;0;0;0m[48;2;0;1;0m▀[0m[38;2;0;0;0m[48;2;0;0;0m▀[0m[38;2;0;0;0m[48;2;0;0;0m▀[0m[38;2;0;0;0m[48;2;0;0;0m▀[0m[38;2;0;0;0m[48;2;0;0;0m▀[0m[38;2;0;0;0m[48;2;0;0;0m▀[0m[38;2;0;0;0m[48;2;2;1;1m▀[0m[38;2;0;0;0m[48;2;57;68;73m▀[0m[38;2;3;7;7m[48;2;91;110;113m▀[0m[38;2;57;68;71m[48;2;85;101;110m▀[0m[38;2;90;108;113m[48;2;78;91;95m▀[0m[38;2;97;111;118m[48;2;72;83;90m▀[0m[38;2;89;100;104m[48;2;76;84;90m▀[0m[38;2;89;108;112m[48;2;76;84;90m▀[0m[38;2;99;112;124m[48;2;77;91;92m▀[0m[38;2;48;57;61m[48;2;92;104;109m▀[0m[38;2;0;0;0m[48;2;60;68;72m▀[0m[38;2;0;0;0m[48;2;0;0;0m▀[0m[38;2;0;0;0m[48;2;4;4;2m▀[0m[38;2;25;24;24m[48;2;255;255;255m▀[0m[38;2;201;207;206m[48;2;0;0;0m▀[0m[38;2;104;114;117m[48;2;0;0;0m▀[0m[38;2;85;89;94m[48;2;48;56;57m▀[0m[38;2;0;0;0m[48;2;125;129;130m▀[0m[38;2;51;49;52m[48;2;214;216;221m▀[0m[38;2;71;73;73m[48;2;37;40;39m▀[0m[38;2;0;0;0m[48;2;90;92;92m▀[0m[38;2;0;0;0m[48;2;75;75;75m▀[0m[38;2;90;99;102m[48;2;168;172;172m▀[0m[38;2;255;255;255m[48;2;255;255;255m▀[0m[38;2;255;255;255m[48;2;186;192;192m▀[0m[38;2;255;255;255m[48;2;255;255;255m▀[0m[38;2;135;138;138m[48;2;96;96;98m▀[0m[38;2;0;0;0m[48;2;0;0;0m▀[0m[38;2;72;76;76m[48;2;6;9;9m▀[0m[38;2;255;255;255m[48;2;199;205;202m▀[0m[38;2;0;0;0m[48;2;87;103;100m▀[0m[38;2;0;0;0m[48;2;152;162;160m▀[0m[38;2;0;0;0m[48;2;89;93;93m▀[0m[38;2;0;0;0m[48;2;108;110;110m▀[0m[38;2;0;0;0m[48;2;154;154;149m▀[0m[38;2;0;0;0m[48;2;203;206;206m▀[0m[38;2;25;24;24m[48;2;144;147;147m▀[0m[38;2;121;121;124m[48;2;18;21;21m▀[0m[38;2;146;149;146m[48;2;0;0;0m▀[0m[38;2;5;4;4m[48;2;0;0;0m▀[0m[38;2;0;0;0m[48;2;0;0;0m▀[0m[38;2;0;0;0m[48;2;0;0;0m▀[0m[38;2;0;0;0m[48;2;0;0;0m▀[0m[38;2;0;0;0m[48;2;0;0;0m▀[0m[38;2;0;0;0m[48;2;61;73;76m▀[0m[38;2;34;41;44m[48;2;94;113;118m▀[0m[38;2;83;101;105m[48;2;73;91;93m▀[0m[38;2;5;21;21m[48;2;73;92;95m▀[0m[38;2;60;62;63m[48;2;42;58;64m▀[0m[38;2;249;246;244m[48;2;0;0;0m▀[0m[38;2;23;22;20m[48;2;0;0;0m▀[0m[38;2;0;0;0m[48;2;63;66;66m▀[0m[38;2;103;105;105m[48;2;20;19;19m▀[0m[38;2;142;144;146m[48;2;102;104;102m▀[0m[38;2;0;0;0m[48;2;0;0;0m▀[0m[38;2;38;41;42m[48;2;91;103;112m▀[0m[38;2;19;25;26m[48;2;8;10;12m▀[0m[38;2;0;0;0m[48;2;0;0;0m▀[0m[38;2;0;0;0m[48;2;0;0;0m▀[0m[38;2;0;0;0m[48;2;1;1;1m▀[0m[38;2;0;0;0m[48;2;0;0;0m▀[0m[38;2;0;0;0m[48;2;0;0;0m▀[0m[38;2;0;0;0m[48;2;0;0;0m▀[0m[38;2;109;115;114m[48;2;77;84;84m▀[0m[38;2;50;55;59m[48;2;154;158;160m▀[0m
[38;2;56;60;63m[48;2;41;44;44m▀[0m[38;2;131;132;145m[48;2;249;251;253m▀[0m[38;2;223;226;231m[48;2;255;255;255m▀[0m[38;2;255;255;255m[48;2;255;255;255m▀[0m[38;2;255;255;255m[48;2;255;255;255m▀[0m[38;2;0;0;0m[48;2;0;0;0m▀[0m[38;2;0;0;0m[48;2;0;0;0m▀[0m[38;2;0;0;0m[48;2;0;0;0m▀[0m[38;2;0;0;0m[48;2;3;5;6m▀[0m[38;2;0;0;0m[48;2;74;86;90m▀[0m[38;2;43;51;54m[48;2;94;112;114m▀[0m[38;2;94;109;111m[48;2;79;92;95m▀[0m[38;2;96;105;112m[48;2;77;83;89m▀[0m[38;2;79;87;91m[48;2;78;81;86m▀[0m[38;2;74;83;86m[48;2;77;83;86m▀[0m[38;2;74;82;84m[48;2;72;80;79m▀[0m[38;2;72;80;85m[48;2;68;77;80m▀[0m[38;2;66;81;79m[48;2;66;76;79m▀[0m[38;2;69;81;84m[48;2;66;76;79m▀[0m[38;2;73;82;86m[48;2;66;75;78m▀[0m[38;2;75;87;94m[48;2;72;91;95m▀[0m[38;2;50;66;73m[48;2;0;0;0m▀[0m[38;2;0;0;0m[48;2;175;175;178m▀[0m[38;2;255;255;255m[48;2;255;255;255m▀[0m[38;2;126;126;126m[48;2;0;0;0m▀[0m[38;2;0;0;0m[48;2;0;0;0m▀[0m[38;2;0;0;0m[48;2;3;3;1m▀[0m[38;2;0;0;0m[48;2;214;221;226m▀[0m[38;2;126;131;136m[48;2;0;2;1m▀[0m[38;2;93;95;97m[48;2;0;0;0m▀[0m[38;2;153;153;153m[48;2;255;255;255m▀[0m[38;2;255;255;255m[48;2;109;104;104m▀[0m[38;2;75;74;74m[48;2;0;0;0m▀[0m[38;2;188;190;190m[48;2;255;255;255m▀[0m[38;2;255;255;255m[48;2;255;255;255m▀[0m[38;2;255;255;255m[48;2;255;255;255m▀[0m[38;2;255;255;255m[48;2;255;255;255m▀[0m[38;2;62;62;62m[48;2;43;43;43m▀[0m[38;2;0;0;0m[48;2;117;117;117m▀[0m[38;2;0;0;0m[48;2;0;0;0m▀[0m[38;2;186;206;206m[48;2;186;198;196m▀[0m[38;2;0;0;0m[48;2;173;0;0m▀[0m[38;2;92;84;81m[48;2;0;0;0m▀[0m[38;2;132;142;139m[48;2;0;0;0m▀[0m[38;2;112;115;115m[48;2;0;0;0m▀[0m[38;2;86;90;90m[48;2;37;40;42m▀[0m[38;2;74;80;80m[48;2;0;0;0m▀[0m[38;2;0;0;0m[48;2;0;0;0m▀[0m[38;2;0;0;0m[48;2;0;0;0m▀[0m[38;2;0;0;0m[48;2;0;0;0m▀[0m[38;2;0;0;0m[48;2;0;0;0m▀[0m[38;2;0;0;0m[48;2;0;0;0m▀[0m[38;2;0;0;0m[48;2;0;0;0m▀[0m[38;2;0;0;0m[48;2;47;56;60m▀[0m[38;2;60;73;76m[48;2;95;111;113m▀[0m[38;2;94;110;115m[48;2;75;84;91m▀[0m[38;2;75;84;89m[48;2;74;82;86m▀[0m[38;2;73;81;90m[48;2;72;76;80m▀[0m[38;2;66;76;80m[48;2;66;81;85m▀[0m[38;2;67;85;92m[48;2;66;77;89m▀[0m[38;2;68;84;90m[48;2;64;73;78m▀[0m[38;2;105;109;110m[48;2;90;100;110m▀[0m[38;2;154;152;150m[48;2;172;172;173m▀[0m[38;2;0;0;0m[48;2;0;0;0m▀[0m[38;2;121;122;118m[48;2;4;3;4m▀[0m[38;2;61;61;59m[48;2;100;103;110m▀[0m[38;2;126;130;129m[48;2;79;78;78m▀[0m[38;2;0;0;0m[48;2;0;0;0m▀[0m[38;2;0;0;0m[48;2;0;0;0m▀[0m[38;2;0;0;0m[48;2;0;0;0m▀[0m[38;2;0;1;1m[48;2;0;0;0m▀[0m[38;2;0;0;0m[48;2;0;0;0m▀[0m[38;2;0;0;0m[48;2;0;0;0m▀[0m[38;2;0;0;0m[48;2;0;0;0m▀[0m[38;2;119;119;120m[48;2;120;120;118m▀[0m[38;2;255;255;255m[48;2;255;255;255m▀[0m
[38;2;255;255;255m[48;2;95;97;97m▀[0m[38;2;255;255;255m[48;2;204;200;200m▀[0m[38;2;255;255;255m[48;2;255;255;255m▀[0m[38;2;255;255;255m[48;2;255;255;255m▀[0m[38;2;255;255;255m[48;2;255;255;255m▀[0m[38;2;0;0;0m[48;2;0;0;0m▀[0m[38;2;0;0;0m[48;2;8;14;13m▀[0m[38;2;16;21;22m[48;2;76;87;95m▀[0m[38;2;85;100;102m[48;2;72;80;84m▀[0m[38;2;80;96;98m[48;2;68;75;80m▀[0m[38;2;72;79;84m[48;2;63;77;78m▀[0m[38;2;69;78;81m[48;2;65;77;81m▀[0m[38;2;68;77;80m[48;2;63;78;80m▀[0m[38;2;71;74;76m[48;2;60;69;73m▀[0m[38;2;66;74;77m[48;2;61;69;73m▀[0m[38;2;66;75;78m[48;2;62;71;74m▀[0m[38;2;66;75;78m[48;2;62;71;74m▀[0m[38;2;65;74;83m[48;2;62;71;75m▀[0m[38;2;64;73;76m[48;2;63;72;76m▀[0m[38;2;76;87;91m[48;2;58;74;78m▀[0m[38;2;0;0;2m[48;2;0;0;0m▀[0m[38;2;0;0;0m[48;2;254;253;251m▀[0m[38;2;255;255;255m[48;2;255;255;255m▀[0m[38;2;255;255;255m[48;2;0;0;0m▀[0m[38;2;181;182;179m[48;2;198;198;198m▀[0m[38;2;145;144;140m[48;2;255;255;255m▀[0m[38;2;255;255;255m[48;2;25;25;23m▀[0m[38;2;19;19;21m[48;2;0;0;0m▀[0m[38;2;0;0;0m[48;2;0;0;0m▀[0m[38;2;0;0;0m[48;2;0;0;0m▀[0m[38;2;218;218;219m[48;2;155;155;157m▀[0m[38;2;5;8;8m[48;2;30;29;29m▀[0m[38;2;0;0;0m[48;2;0;0;0m▀[0m[38;2;204;206;206m[48;2;26;27;24m▀[0m[38;2;255;255;255m[48;2;255;255;255m▀[0m[38;2;255;255;255m[48;2;255;255;255m▀[0m[38;2;255;255;255m[48;2;255;255;255m▀[0m[38;2;62;65;65m[48;2;240;243;240m▀[0m[38;2;197;200;200m[48;2;0;0;0m▀[0m[38;2;61;76;77m[48;2;0;0;0m▀[0m[38;2;255;255;255m[48;2;255;214;213m▀[0m[38;2;251;73;62m[48;2;255;132;122m▀[0m[38;2;0;0;0m[48;2;133;172;171m▀[0m[38;2;0;0;0m[48;2;0;0;0m▀[0m[38;2;25;31;32m[48;2;0;0;0m▀[0m[38;2;19;21;21m[48;2;0;0;0m▀[0m[38;2;0;0;0m[48;2;0;0;0m▀[0m[38;2;0;0;0m[48;2;0;0;0m▀[0m[38;2;0;0;0m[48;2;1;1;1m▀[0m[38;2;0;0;0m[48;2;2;0;0m▀[0m[38;2;0;0;0m[48;2;0;0;0m▀[0m[38;2;0;0;0m[48;2;0;0;0m▀[0m[38;2;19;26;27m[48;2;84;98;105m▀[0m[38;2;95;111;115m[48;2;81;95;95m▀[0m[38;2;78;87;91m[48;2;75;81;84m▀[0m[38;2;73;81;84m[48;2;67;77;77m▀[0m[38;2;69;78;77m[48;2;64;72;75m▀[0m[38;2;71;76;84m[48;2;64;72;76m▀[0m[38;2;71;76;84m[48;2;64;73;76m▀[0m[38;2;64;76;79m[48;2;62;72;75m▀[0m[38;2;65;77;80m[48;2;60;72;75m▀[0m[38;2;51;64;71m[48;2;64;74;77m▀[0m[38;2;87;100;104m[48;2;50;69;71m▀[0m[38;2;119;121;119m[48;2;110;125;129m▀[0m[38;2;0;0;0m[48;2;61;60;55m▀[0m[38;2;0;0;0m[48;2;0;0;0m▀[0m[38;2;34;34;34m[48;2;112;114;114m▀[0m[38;2;0;0;0m[48;2;96;99;98m▀[0m[38;2;0;0;0m[48;2;0;0;0m▀[0m[38;2;0;0;0m[48;2;0;0;0m▀[0m[38;2;0;0;0m[48;2;0;0;0m▀[0m[38;2;0;0;0m[48;2;0;0;0m▀[0m[38;2;0;0;0m[48;2;0;0;0m▀[0m[38;2;0;0;0m[48;2;0;0;0m▀[0m[38;2;207;207;207m[48;2;62;62;60m▀[0m[38;2;255;255;255m[48;2;113;115;117m▀[0m
[38;2;74;76;78m[48;2;255;255;255m▀[0m[38;2;91;93;95m[48;2;255;255;255m▀[0m[38;2;209;211;211m[48;2;255;255;255m▀[0m[38;2;255;255;255m[48;2;224;223;218m▀[0m[38;2;197;196;196m[48;2;0;0;0m▀[0m[38;2;0;0;0m[48;2;50;65;69m▀[0m[38;2;71;82;85m[48;2;55;61;66m▀[0m[38;2;64;76;82m[48;2;30;38;41m▀[0m[38;2;62;72;78m[48;2;30;44;45m▀[0m[38;2;63;72;80m[48;2;33;42;47m▀[0m[38;2;61;71;75m[48;2;12;19;19m▀[0m[38;2;45;54;58m[48;2;21;28;27m▀[0m[38;2;34;42;43m[48;2;40;49;51m▀[0m[38;2;48;61;65m[48;2;54;60;64m▀[0m[38;2;58;65;69m[48;2;54;62;66m▀[0m[38;2;59;66;71m[48;2;54;63;66m▀[0m[38;2;59;67;71m[48;2;55;63;67m▀[0m[38;2;59;67;69m[48;2;57;73;74m▀[0m[38;2;64;80;82m[48;2;37;51;57m▀[0m[38;2;0;0;0m[48;2;0;0;0m▀[0m[38;2;0;0;0m[48;2;242;239;241m▀[0m[38;2;255;255;255m[48;2;255;255;255m▀[0m[38;2;131;133;133m[48;2;0;0;0m▀[0m[38;2;0;0;0m[48;2;0;0;0m▀[0m[38;2;0;0;0m[48;2;18;21;20m▀[0m[38;2;139;143;142m[48;2;98;98;100m▀[0m[38;2;0;0;0m[48;2;0;0;0m▀[0m[38;2;0;0;0m[48;2;0;0;0m▀[0m[38;2;0;0;0m[48;2;0;0;0m▀[0m[38;2;0;0;0m[48;2;0;0;0m▀[0m[38;2;0;0;0m[48;2;0;0;0m▀[0m[38;2;0;0;0m[48;2;0;0;0m▀[0m[38;2;0;0;0m[48;2;0;0;0m▀[0m[38;2;60;62;63m[48;2;40;42;43m▀[0m[38;2;255;255;255m[48;2;255;255;255m▀[0m[38;2;255;255;255m[48;2;255;255;255m▀[0m[38;2;150;149;149m[48;2;233;233;233m▀[0m[38;2;117;119;119m[48;2;0;0;0m▀[0m[38;2;0;0;0m[48;2;135;135;137m▀[0m[38;2;0;0;0m[48;2;10;13;12m▀[0m[38;2;130;105;105m[48;2;62;74;74m▀[0m[38;2;72;46;43m[48;2;59;68;68m▀[0m[38;2;255;255;255m[48;2;0;0;0m▀[0m[38;2;126;130;127m[48;2;103;108;108m▀[0m[38;2;0;0;0m[48;2;28;31;31m▀[0m[38;2;0;0;0m[48;2;0;0;0m▀[0m[38;2;0;0;0m[48;2;0;0;0m▀[0m[38;2;0;0;0m[48;2;0;0;0m▀[0m[38;2;0;0;0m[48;2;19;22;26m▀[0m[38;2;0;0;0m[48;2;11;13;13m▀[0m[38;2;0;0;0m[48;2;0;0;0m▀[0m[38;2;0;0;0m[48;2;0;0;0m▀[0m[38;2;77;92;96m[48;2;66;81;82m▀[0m[38;2;72;83;86m[48;2;67;76;79m▀[0m[38;2;64;73;77m[48;2;55;69;65m▀[0m[38;2;60;67;73m[48;2;57;64;67m▀[0m[38;2;60;68;72m[48;2;56;64;66m▀[0m[38;2;59;67;71m[48;2;56;63;66m▀[0m[38;2;59;67;71m[48;2;56;63;66m▀[0m[38;2;59;67;71m[48;2;56;64;66m▀[0m[38;2;59;68;72m[48;2;56;64;67m▀[0m[38;2;57;71;72m[48;2;54;65;67m▀[0m[38;2;61;69;73m[48;2;56;65;67m▀[0m[38;2;54;65;67m[48;2;55;63;65m▀[0m[38;2;110;117;118m[48;2;71;80;82m▀[0m[38;2;59;57;51m[48;2;119;118;119m▀[0m[38;2;0;0;0m[48;2;16;15;13m▀[0m[38;2;73;72;72m[48;2;0;0;0m▀[0m[38;2;87;87;87m[48;2;140;140;138m▀[0m[38;2;0;0;0m[48;2;0;0;0m▀[0m[38;2;0;0;0m[48;2;0;0;0m▀[0m[38;2;0;0;0m[48;2;0;0;0m▀[0m[38;2;0;0;0m[48;2;0;0;0m▀[0m[38;2;0;0;0m[48;2;0;0;0m▀[0m[38;2;0;0;0m[48;2;0;0;0m▀[0m[38;2;0;0;0m[48;2;19;18;18m▀[0m
[38;2;255;255;255m[48;2;251;253;255m▀[0m[38;2;255;255;255m[48;2;116;124;125m▀[0m[38;2;180;180;178m[48;2;0;0;0m▀[0m[38;2;0;0;0m[48;2;0;0;0m▀[0m[38;2;5;13;19m[48;2;0;0;0m▀[0m[38;2;11;15;16m[48;2;0;0;0m▀[0m[38;2;0;0;0m[48;2;32;40;43m▀[0m[38;2;14;19;19m[48;2;36;42;45m▀[0m[38;2;23;29;30m[48;2;39;46;49m▀[0m[38;2;24;28;31m[48;2;50;60;63m▀[0m[38;2;44;51;55m[48;2;51;61;64m▀[0m[38;2;54;68;71m[48;2;48;56;59m▀[0m[38;2;55;64;72m[48;2;48;56;59m▀[0m[38;2;51;59;63m[48;2;51;56;60m▀[0m[38;2;51;59;63m[48;2;50;57;58m▀[0m[38;2;51;60;63m[48;2;52;59;58m▀[0m[38;2;50;66;72m[48;2;56;64;73m▀[0m[38;2;55;64;68m[48;2;13;23;23m▀[0m[38;2;0;0;0m[48;2;0;0;0m▀[0m[38;2;0;0;0m[48;2;213;215;213m▀[0m[38;2;255;255;255m[48;2;255;255;255m▀[0m[38;2;255;255;255m[48;2;250;251;248m▀[0m[38;2;0;0;0m[48;2;0;0;0m▀[0m[38;2;0;0;0m[48;2;0;0;0m▀[0m[38;2;64;67;68m[48;2;80;83;84m▀[0m[38;2;23;25;25m[48;2;0;0;0m▀[0m[38;2;0;0;0m[48;2;0;0;0m▀[0m[38;2;0;0;0m[48;2;0;0;0m▀[0m[38;2;0;0;0m[48;2;0;0;0m▀[0m[38;2;0;0;0m[48;2;0;0;0m▀[0m[38;2;0;0;0m[48;2;0;0;0m▀[0m[38;2;0;0;0m[48;2;0;0;0m▀[0m[38;2;0;0;0m[48;2;25;24;24m▀[0m[38;2;0;0;0m[48;2;118;122;119m▀[0m[38;2;255;255;255m[48;2;255;255;255m▀[0m[38;2;255;255;255m[48;2;255;255;255m▀[0m[38;2;255;255;255m[48;2;255;255;255m▀[0m[38;2;0;0;0m[48;2;0;0;0m▀[0m[38;2;187;187;187m[48;2;95;95;95m▀[0m[38;2;161;165;164m[48;2;0;0;0m▀[0m[38;2;0;0;0m[48;2;0;0;0m▀[0m[38;2;0;0;0m[48;2;0;0;0m▀[0m[38;2;0;0;0m[48;2;0;0;0m▀[0m[38;2;112;112;113m[48;2;126;129;128m▀[0m[38;2;133;133;135m[48;2;193;197;199m▀[0m[38;2;0;0;0m[48;2;0;0;0m▀[0m[38;2;0;0;0m[48;2;0;0;0m▀[0m[38;2;0;0;0m[48;2;0;0;0m▀[0m[38;2;27;31;32m[48;2;0;0;0m▀[0m[38;2;59;66;74m[48;2;63;71;79m▀[0m[38;2;0;0;0m[48;2;0;0;0m▀[0m[38;2;0;0;0m[48;2;0;0;0m▀[0m[38;2;59;74;75m[48;2;54;62;64m▀[0m[38;2;63;73;73m[48;2;60;72;72m▀[0m[38;2;57;65;67m[48;2;50;57;65m▀[0m[38;2;54;62;64m[48;2;51;59;62m▀[0m[38;2;54;61;62m[48;2;52;60;63m▀[0m[38;2;54;61;62m[48;2;51;59;62m▀[0m[38;2;52;60;61m[48;2;49;59;62m▀[0m[38;2;51;60;63m[48;2;49;59;62m▀[0m[38;2;52;61;63m[48;2;49;58;62m▀[0m[38;2;52;61;63m[48;2;49;59;62m▀[0m[38;2;54;60;63m[48;2;48;58;62m▀[0m[38;2;56;62;66m[48;2;49;58;61m▀[0m[38;2;38;49;52m[48;2;49;58;61m▀[0m[38;2;101;111;114m[48;2;54;68;71m▀[0m[38;2;66;64;62m[48;2;76;83;84m▀[0m[38;2;42;42;42m[48;2;0;0;0m▀[0m[38;2;129;129;127m[48;2;19;22;21m▀[0m[38;2;0;0;0m[48;2;15;18;18m▀[0m[38;2;0;0;0m[48;2;0;0;0m▀[0m[38;2;0;0;0m[48;2;0;0;0m▀[0m[38;2;0;0;0m[48;2;137;137;139m▀[0m[38;2;0;0;0m[48;2;255;255;255m▀[0m[38;2;255;255;255m[48;2;255;255;255m▀[0m[38;2;255;255;255m[48;2;255;255;255m▀[0m
[38;2;255;255;255m[48;2;0;0;0m▀[0m[38;2;0;0;0m[48;2;0;0;0m▀[0m[38;2;0;0;0m[48;2;0;0;0m▀[0m[38;2;0;0;0m[48;2;0;0;0m▀[0m[38;2;0;0;0m[48;2;52;65;73m▀[0m[38;2;44;54;60m[48;2;39;45;48m▀[0m[38;2;36;42;43m[48;2;45;57;54m▀[0m[38;2;39;47;49m[48;2;48;60;63m▀[0m[38;2;49;59;62m[48;2;44;51;55m▀[0m[38;2;44;54;57m[48;2;46;54;57m▀[0m[38;2;46;55;58m[48;2;45;54;57m▀[0m[38;2;47;56;59m[48;2;47;55;58m▀[0m[38;2;47;56;58m[48;2;46;55;57m▀[0m[38;2;48;57;57m[48;2;45;59;56m▀[0m[38;2;52;59;62m[48;2;56;64;67m▀[0m[38;2;54;68;68m[48;2;51;63;69m▀[0m[38;2;38;50;54m[48;2;0;2;3m▀[0m[38;2;0;0;0m[48;2;0;0;0m▀[0m[38;2;0;0;0m[48;2;86;86;86m▀[0m[38;2;255;255;255m[48;2;255;255;255m▀[0m[38;2;157;163;157m[48;2;0;0;0m▀[0m[38;2;77;81;78m[48;2;193;196;197m▀[0m[38;2;0;0;0m[48;2;114;114;114m▀[0m[38;2;68;66;69m[48;2;191;193;193m▀[0m[38;2;87;91;91m[48;2;24;23;23m▀[0m[38;2;0;0;0m[48;2;0;0;0m▀[0m[38;2;0;0;0m[48;2;0;0;0m▀[0m[38;2;0;0;0m[48;2;0;0;0m▀[0m[38;2;0;0;0m[48;2;0;0;0m▀[0m[38;2;0;0;0m[48;2;221;221;221m▀[0m[38;2;84;87;84m[48;2;255;255;255m▀[0m[38;2;255;255;255m[48;2;7;6;6m▀[0m[38;2;255;255;255m[48;2;0;0;0m▀[0m[38;2;255;255;255m[48;2;71;73;77m▀[0m[38;2;255;255;255m[48;2;255;255;255m▀[0m[38;2;255;255;255m[48;2;255;255;255m▀[0m[38;2;0;0;0m[48;2;0;0;0m▀[0m[38;2;0;0;0m[48;2;0;0;0m▀[0m[38;2;165;168;168m[48;2;163;163;163m▀[0m[38;2;0;0;0m[48;2;0;0;0m▀[0m[38;2;0;0;0m[48;2;0;0;0m▀[0m[38;2;0;0;0m[48;2;0;0;0m▀[0m[38;2;0;0;0m[48;2;0;0;0m▀[0m[38;2;128;128;129m[48;2;125;125;125m▀[0m[38;2;167;170;170m[48;2;31;38;38m▀[0m[38;2;28;30;30m[48;2;62;68;68m▀[0m[38;2;0;0;0m[48;2;0;0;0m▀[0m[38;2;0;0;0m[48;2;0;0;0m▀[0m[38;2;0;0;0m[48;2;0;0;0m▀[0m[38;2;50;58;62m[48;2;25;29;30m▀[0m[38;2;18;22;23m[48;2;40;51;56m▀[0m[38;2;0;0;0m[48;2;0;0;0m▀[0m[38;2;42;46;50m[48;2;23;27;28m▀[0m[38;2;64;73;78m[48;2;66;76;82m▀[0m[38;2;47;54;58m[48;2;49;56;59m▀[0m[38;2;48;56;59m[48;2;46;54;55m▀[0m[38;2;49;57;60m[48;2;46;54;57m▀[0m[38;2;49;57;60m[48;2;47;54;58m▀[0m[38;2;48;56;60m[48;2;46;55;58m▀[0m[38;2;49;58;61m[48;2;43;46;55m▀[0m[38;2;48;57;60m[48;2;47;54;62m▀[0m[38;2;47;56;60m[48;2;51;58;61m▀[0m[38;2;48;56;60m[48;2;48;52;57m▀[0m[38;2;48;56;59m[48;2;48;55;58m▀[0m[38;2;48;57;60m[48;2;46;55;57m▀[0m[38;2;46;55;58m[48;2;44;52;56m▀[0m[38;2;75;86;91m[48;2;58;69;73m▀[0m[38;2;0;0;0m[48;2;7;9;11m▀[0m[38;2;0;0;0m[48;2;58;55;55m▀[0m[38;2;133;135;135m[48;2;0;0;0m▀[0m[38;2;9;9;7m[48;2;146;149;148m▀[0m[38;2;0;0;0m[48;2;165;164;164m▀[0m[38;2;255;255;255m[48;2;255;255;255m▀[0m[38;2;255;255;255m[48;2;255;255;255m▀[0m[38;2;255;255;255m[48;2;255;255;255m▀[0m[38;2;255;255;255m[48;2;165;168;165m▀[0m
[38;2;0;0;0m[48;2;0;0;0m▀[0m[38;2;0;0;0m[48;2;0;0;0m▀[0m[38;2;0;0;0m[48;2;0;0;0m▀[0m[38;2;41;45;49m[48;2;0;0;0m▀[0m[38;2;55;62;67m[48;2;42;47;52m▀[0m[38;2;47;50;52m[48;2;54;63;66m▀[0m[38;2;56;61;66m[48;2;48;56;59m▀[0m[38;2;48;56;59m[48;2;43;51;54m▀[0m[38;2;45;52;56m[48;2;43;51;55m▀[0m[38;2;45;52;54m[48;2;44;51;55m▀[0m[38;2;44;51;56m[48;2;44;50;59m▀[0m[38;2;45;52;57m[48;2;46;55;59m▀[0m[38;2;45;52;56m[48;2;56;63;66m▀[0m[38;2;50;58;61m[48;2;62;71;74m▀[0m[38;2;60;68;68m[48;2;59;66;72m▀[0m[38;2;44;52;58m[48;2;3;5;5m▀[0m[38;2;0;0;0m[48;2;0;0;0m▀[0m[38;2;0;0;0m[48;2;0;0;0m▀[0m[38;2;233;235;235m[48;2;255;255;255m▀[0m[38;2;255;255;255m[48;2;255;255;255m▀[0m[38;2;0;0;0m[48;2;0;0;0m▀[0m[38;2;196;196;198m[48;2;0;0;0m▀[0m[38;2;227;225;228m[48;2;0;0;0m▀[0m[38;2;0;0;0m[48;2;0;0;0m▀[0m[38;2;0;0;0m[48;2;0;0;0m▀[0m[38;2;0;0;0m[48;2;77;77;74m▀[0m[38;2;0;0;0m[48;2;251;250;250m▀[0m[38;2;97;97;97m[48;2;253;255;255m▀[0m[38;2;255;255;255m[48;2;226;231;231m▀[0m[38;2;156;156;158m[48;2;0;0;0m▀[0m[38;2;0;0;0m[48;2;0;0;0m▀[0m[38;2;0;0;0m[48;2;0;0;0m▀[0m[38;2;0;0;0m[48;2;0;0;0m▀[0m[38;2;33;37;39m[48;2;0;0;0m▀[0m[38;2;255;255;255m[48;2;166;168;168m▀[0m[38;2;255;255;255m[48;2;255;255;255m▀[0m[38;2;66;66;68m[48;2;195;197;198m▀[0m[38;2;0;0;0m[48;2;130;136;133m▀[0m[38;2;134;138;138m[48;2;255;255;255m▀[0m[38;2;0;0;0m[48;2;102;111;111m▀[0m[38;2;0;0;0m[48;2;0;0;0m▀[0m[38;2;0;0;0m[48;2;90;114;118m▀[0m[38;2;4;8;8m[48;2;175;235;232m▀[0m[38;2;255;255;255m[48;2;255;255;255m▀[0m[38;2;255;255;255m[48;2;255;255;255m▀[0m[38;2;110;117;117m[48;2;210;218;217m▀[0m[38;2;0;0;0m[48;2;0;0;0m▀[0m[38;2;0;0;0m[48;2;0;0;0m▀[0m[38;2;0;0;0m[48;2;0;0;0m▀[0m[38;2;1;3;5m[48;2;0;0;0m▀[0m[38;2;55;66;71m[48;2;54;60;64m▀[0m[38;2;0;0;0m[48;2;0;0;0m▀[0m[38;2;9;9;9m[48;2;0;0;0m▀[0m[38;2;67;75;80m[48;2;61;71;74m▀[0m[38;2;47;54;57m[48;2;49;56;59m▀[0m[38;2;47;51;56m[48;2;44;50;54m▀[0m[38;2;45;52;56m[48;2;44;50;54m▀[0m[38;2;44;52;56m[48;2;43;51;54m▀[0m[38;2;44;52;57m[48;2;44;51;55m▀[0m[38;2;41;47;46m[48;2;54;61;64m▀[0m[38;2;18;18;19m[48;2;32;36;38m▀[0m[38;2;51;60;60m[48;2;0;0;0m▀[0m[38;2;51;60;62m[48;2;49;59;65m▀[0m[38;2;44;56;59m[48;2;55;64;67m▀[0m[38;2;44;51;55m[48;2;50;57;57m▀[0m[38;2;44;51;52m[48;2;43;50;54m▀[0m[38;2;51;60;60m[48;2;45;51;60m▀[0m[38;2;15;23;27m[48;2;22;28;32m▀[0m[38;2;45;45;43m[48;2;27;27;25m▀[0m[38;2;79;81;79m[48;2;211;208;208m▀[0m[38;2;0;0;0m[48;2;0;0;0m▀[0m[38;2;168;168;170m[48;2;64;62;65m▀[0m[38;2;255;255;255m[48;2;196;196;193m▀[0m[38;2;255;255;255m[48;2;195;201;198m▀[0m[38;2;217;219;217m[48;2;255;255;255m▀[0m[38;2;183;186;183m[48;2;255;255;255m▀[0m
[38;2;0;1;1m[48;2;0;0;0m▀[0m[38;2;1;1;1m[48;2;0;1;1m▀[0m[38;2;0;0;0m[48;2;0;0;0m▀[0m[38;2;0;0;0m[48;2;0;0;0m▀[0m[38;2;40;46;49m[48;2;36;43;46m▀[0m[38;2;52;67;69m[48;2;60;67;75m▀[0m[38;2;47;56;59m[48;2;64;71;79m▀[0m[38;2;41;52;56m[48;2;59;68;72m▀[0m[38;2;40;52;56m[48;2;60;69;76m▀[0m[38;2;48;56;59m[48;2;60;68;72m▀[0m[38;2;54;65;68m[48;2;44;52;57m▀[0m[38;2;61;73;79m[48;2;12;16;16m▀[0m[38;2;51;58;61m[48;2;0;0;0m▀[0m[38;2;25;29;30m[48;2;3;3;5m▀[0m[38;2;5;8;12m[48;2;0;0;0m▀[0m[38;2;0;0;0m[48;2;0;0;0m▀[0m[38;2;0;0;0m[48;2;0;0;0m▀[0m[38;2;0;0;0m[48;2;0;0;0m▀[0m[38;2;255;255;255m[48;2;114;114;116m▀[0m[38;2;255;255;255m[48;2;175;179;179m▀[0m[38;2;0;0;0m[48;2;49;48;49m▀[0m[38;2;0;0;0m[48;2;186;188;186m▀[0m[38;2;0;0;0m[48;2;208;209;206m▀[0m[38;2;119;118;118m[48;2;148;149;146m▀[0m[38;2;109;109;109m[48;2;77;79;79m▀[0m[38;2;139;139;139m[48;2;10;10;10m▀[0m[38;2;104;107;107m[48;2;0;2;2m▀[0m[38;2;179;182;179m[48;2;255;255;255m▀[0m[38;2;236;238;240m[48;2;0;0;0m▀[0m[38;2;0;0;0m[48;2;0;0;0m▀[0m[38;2;0;0;0m[48;2;0;0;0m▀[0m[38;2;0;0;0m[48;2;0;0;0m▀[0m[38;2;0;0;0m[48;2;0;0;0m▀[0m[38;2;0;0;0m[48;2;0;0;0m▀[0m[38;2;209;211;211m[48;2;255;255;255m▀[0m[38;2;255;255;255m[48;2;255;255;255m▀[0m[38;2;255;255;255m[48;2;255;255;255m▀[0m[38;2;191;200;198m[48;2;161;118;110m▀[0m[38;2;213;208;199m[48;2;83;0;0m▀[0m[38;2;231;226;228m[48;2;187;166;167m▀[0m[38;2;255;255;255m[48;2;255;255;255m▀[0m[38;2;219;196;191m[48;2;137;63;59m▀[0m[38;2;255;255;255m[48;2;134;0;0m▀[0m[38;2;255;255;255m[48;2;255;0;0m▀[0m[38;2;255;255;255m[48;2;255;13;0m▀[0m[38;2;255;255;255m[48;2;255;246;231m▀[0m[38;2;0;34;36m[48;2;219;140;129m▀[0m[38;2;0;0;0m[48;2;0;0;0m▀[0m[38;2;0;0;0m[48;2;0;0;0m▀[0m[38;2;0;0;0m[48;2;0;0;0m▀[0m[38;2;33;40;41m[48;2;10;12;14m▀[0m[38;2;22;25;29m[48;2;36;42;47m▀[0m[38;2;0;0;0m[48;2;0;0;0m▀[0m[38;2;55;62;65m[48;2;36;42;45m▀[0m[38;2;52;62;65m[48;2;66;74;79m▀[0m[38;2;42;54;57m[48;2;50;54;59m▀[0m[38;2;43;50;55m[48;2;47;54;59m▀[0m[38;2;43;50;54m[48;2;43;50;55m▀[0m[38;2;44;51;52m[48;2;42;50;52m▀[0m[38;2;46;54;51m[48;2;42;49;52m▀[0m[38;2;63;72;77m[48;2;58;66;69m▀[0m[38;2;6;3;5m[48;2;41;50;52m▀[0m[38;2;0;0;0m[48;2;0;0;0m▀[0m[38;2;51;63;66m[48;2;5;8;9m▀[0m[38;2;44;48;48m[48;2;60;68;74m▀[0m[38;2;48;56;59m[48;2;41;46;51m▀[0m[38;2;42;54;57m[48;2;51;59;64m▀[0m[38;2;32;44;48m[48;2;50;63;67m▀[0m[38;2;0;0;0m[48;2;0;0;0m▀[0m[38;2;255;255;255m[48;2;138;137;135m▀[0m[38;2;24;26;24m[48;2;223;225;226m▀[0m[38;2;64;66;68m[48;2;0;0;0m▀[0m[38;2;0;0;0m[48;2;0;0;0m▀[0m[38;2;138;140;142m[48;2;0;0;0m▀[0m[38;2;226;226;228m[48;2;255;255;255m▀[0m[38;2;178;181;181m[48;2;255;255;255m▀[0m
[38;2;0;0;0m[48;2;0;1;1m▀[0m[38;2;0;0;0m[48;2;0;0;0m▀[0m[38;2;0;0;0m[48;2;0;0;1m▀[0m[38;2;0;0;0m[48;2;0;0;0m▀[0m[38;2;24;28;31m[48;2;0;0;0m▀[0m[38;2;14;14;19m[48;2;0;0;0m▀[0m[38;2;48;52;57m[48;2;0;0;0m▀[0m[38;2;42;50;52m[48;2;0;0;0m▀[0m[38;2;24;27;24m[48;2;0;0;0m▀[0m[38;2;0;0;0m[48;2;0;0;0m▀[0m[38;2;0;0;0m[48;2;30;38;43m▀[0m[38;2;0;0;0m[48;2;22;25;36m▀[0m[38;2;6;10;11m[48;2;0;0;0m▀[0m[38;2;0;0;0m[48;2;0;0;0m▀[0m[38;2;0;0;0m[48;2;0;0;0m▀[0m[38;2;0;0;0m[48;2;107;110;110m▀[0m[38;2;0;0;0m[48;2;255;255;255m▀[0m[38;2;96;99;96m[48;2;202;203;200m▀[0m[38;2;161;163;161m[48;2;51;50;51m▀[0m[38;2;184;187;184m[48;2;0;0;0m▀[0m[38;2;152;155;152m[48;2;0;0;0m▀[0m[38;2;14;16;14m[48;2;0;0;0m▀[0m[38;2;0;0;0m[48;2;65;68;68m▀[0m[38;2;0;0;0m[48;2;0;0;0m▀[0m[38;2;255;255;255m[48;2;255;255;255m▀[0m[38;2;5;4;4m[48;2;5;8;8m▀[0m[38;2;30;29;29m[48;2;3;6;6m▀[0m[38;2;67;71;71m[48;2;8;8;10m▀[0m[38;2;0;0;0m[48;2;37;36;32m▀[0m[38;2;0;0;0m[48;2;113;116;113m▀[0m[38;2;0;0;0m[48;2;150;150;150m▀[0m[38;2;0;0;0m[48;2;255;255;255m▀[0m[38;2;0;0;0m[48;2;255;255;255m▀[0m[38;2;0;0;0m[48;2;210;213;213m▀[0m[38;2;255;255;255m[48;2;255;255;255m▀[0m[38;2;255;255;255m[48;2;255;255;255m▀[0m[38;2;237;241;245m[48;2;251;251;253m▀[0m[38;2;140;143;140m[48;2;150;156;155m▀[0m[38;2;0;0;0m[48;2;111;122;119m▀[0m[38;2;140;153;157m[48;2;234;241;244m▀[0m[38;2;255;255;255m[48;2;200;209;209m▀[0m[38;2;160;197;201m[48;2;215;224;224m▀[0m[38;2;0;0;0m[48;2;228;237;240m▀[0m[38;2;0;0;0m[48;2;207;225;227m▀[0m[38;2;0;0;0m[48;2;101;151;154m▀[0m[38;2;0;0;0m[48;2;0;25;31m▀[0m[38;2;0;0;0m[48;2;0;0;0m▀[0m[38;2;77;99;99m[48;2;0;0;0m▀[0m[38;2;0;0;0m[48;2;134;138;138m▀[0m[38;2;0;0;0m[48;2;0;0;1m▀[0m[38;2;0;0;0m[48;2;0;0;0m▀[0m[38;2;27;32;39m[48;2;2;5;9m▀[0m[38;2;0;0;0m[48;2;0;0;0m▀[0m[38;2;0;0;0m[48;2;0;0;0m▀[0m[38;2;45;54;54m[48;2;0;0;0m▀[0m[38;2;59;68;76m[48;2;37;43;47m▀[0m[38;2;47;54;59m[48;2;62;72;79m▀[0m[38;2;46;52;57m[48;2;51;58;61m▀[0m[38;2;42;49;52m[48;2;49;56;61m▀[0m[38;2;48;56;59m[48;2;50;58;61m▀[0m[38;2;58;69;76m[48;2;64;76;83m▀[0m[38;2;41;49;55m[48;2;20;23;24m▀[0m[38;2;0;0;0m[48;2;0;0;0m▀[0m[38;2;0;0;0m[48;2;0;0;0m▀[0m[38;2;16;13;21m[48;2;0;0;0m▀[0m[38;2;24;26;28m[48;2;0;0;0m▀[0m[38;2;54;62;67m[48;2;0;0;0m▀[0m[38;2;56;67;72m[48;2;34;42;46m▀[0m[38;2;16;28;31m[48;2;58;71;74m▀[0m[38;2;0;0;0m[48;2;0;0;0m▀[0m[38;2;255;255;255m[48;2;255;255;255m▀[0m[38;2;0;0;0m[48;2;255;255;255m▀[0m[38;2;0;0;0m[48;2;69;68;68m▀[0m[38;2;0;0;0m[48;2;0;0;0m▀[0m[38;2;255;255;255m[48;2;28;31;28m▀[0m[38;2;255;255;255m[48;2;204;206;208m▀[0m
[38;2;0;1;1m[48;2;0;0;0m▀[0m[38;2;0;1;1m[48;2;0;0;1m▀[0m[38;2;0;0;0m[48;2;0;0;1m▀[0m[38;2;0;0;0m[48;2;0;0;0m▀[0m[38;2;37;42;47m[48;2;42;47;52m▀[0m[38;2;0;0;0m[48;2;6;8;8m▀[0m[38;2;0;0;0m[48;2;0;0;0m▀[0m[38;2;13;16;16m[48;2;19;25;29m▀[0m[38;2;48;57;61m[48;2;25;28;33m▀[0m[38;2;60;73;79m[48;2;0;0;0m▀[0m[38;2;0;1;5m[48;2;19;14;14m▀[0m[38;2;0;0;0m[48;2;95;94;94m▀[0m[38;2;0;0;0m[48;2;139;146;146m▀[0m[38;2;11;11;9m[48;2;148;151;150m▀[0m[38;2;163;166;166m[48;2;49;52;52m▀[0m[38;2;209;216;213m[48;2;0;0;0m▀[0m[38;2;7;9;7m[48;2;0;0;0m▀[0m[38;2;0;0;0m[48;2;0;0;0m▀[0m[38;2;0;0;0m[48;2;37;37;37m▀[0m[38;2;0;0;0m[48;2;105;109;109m▀[0m[38;2;57;59;57m[48;2;9;8;8m▀[0m[38;2;255;255;255m[48;2;217;221;221m▀[0m[38;2;69;73;72m[48;2;0;0;0m▀[0m[38;2;0;0;0m[48;2;204;208;211m▀[0m[38;2;97;100;100m[48;2;255;255;255m▀[0m[38;2;188;189;186m[48;2;255;255;255m▀[0m[38;2;255;255;255m[48;2;255;255;255m▀[0m[38;2;255;255;255m[48;2;255;255;255m▀[0m[38;2;255;255;255m[48;2;221;223;221m▀[0m[38;2;255;255;255m[48;2;255;255;255m▀[0m[38;2;255;255;255m[48;2;251;253;255m▀[0m[38;2;231;238;241m[48;2;201;205;208m▀[0m[38;2;201;204;204m[48;2;255;255;255m▀[0m[38;2;146;149;146m[48;2;157;162;162m▀[0m[38;2;255;255;255m[48;2;255;255;255m▀[0m[38;2;255;255;255m[48;2;255;255;255m▀[0m[38;2;193;197;197m[48;2;255;255;255m▀[0m[38;2;188;190;190m[48;2;252;255;255m▀[0m[38;2;191;195;191m[48;2;249;252;249m▀[0m[38;2;193;198;198m[48;2;255;255;255m▀[0m[38;2;255;255;255m[48;2;255;255;255m▀[0m[38;2;249;249;251m[48;2;255;255;255m▀[0m[38;2;255;255;255m[48;2;188;191;190m▀[0m[38;2;255;255;255m[48;2;255;255;255m▀[0m[38;2;255;255;255m[48;2;255;255;255m▀[0m[38;2;255;255;255m[48;2;255;255;255m▀[0m[38;2;255;255;255m[48;2;255;255;255m▀[0m[38;2;150;156;156m[48;2;255;255;255m▀[0m[38;2;0;0;0m[48;2;105;105;107m▀[0m[38;2;178;178;180m[48;2;0;0;0m▀[0m[38;2;16;16;14m[48;2;199;202;203m▀[0m[38;2;0;0;0m[48;2;27;27;27m▀[0m[38;2;0;0;0m[48;2;0;0;0m▀[0m[38;2;0;0;0m[48;2;2;2;3m▀[0m[38;2;0;0;0m[48;2;0;0;0m▀[0m[38;2;0;0;0m[48;2;0;0;0m▀[0m[38;2;25;28;34m[48;2;0;0;0m▀[0m[38;2;66;76;79m[48;2;11;13;11m▀[0m[38;2;59;66;72m[48;2;63;72;77m▀[0m[38;2;63;75;81m[48;2;46;54;61m▀[0m[38;2;40;47;52m[48;2;0;0;0m▀[0m[38;2;0;0;0m[48;2;0;0;0m▀[0m[38;2;0;0;0m[48;2;0;0;0m▀[0m[38;2;0;0;0m[48;2;0;1;1m▀[0m[38;2;0;0;0m[48;2;0;1;1m▀[0m[38;2;0;0;0m[48;2;0;0;0m▀[0m[38;2;0;0;0m[48;2;0;0;0m▀[0m[38;2;0;0;0m[48;2;0;0;0m▀[0m[38;2;40;48;52m[48;2;0;0;0m▀[0m[38;2;0;0;0m[48;2;27;37;41m▀[0m[38;2;52;54;50m[48;2;0;0;0m▀[0m[38;2;255;255;255m[48;2;255;255;255m▀[0m[38;2;246;244;248m[48;2;255;255;255m▀[0m[38;2;0;0;0m[48;2;0;0;0m▀[0m[38;2;0;0;0m[48;2;0;0;0m▀[0m[38;2;19;21;22m[48;2;0;0;0m▀[0m
[38;2;0;0;0m[48;2;0;0;0m▀[0m[38;2;0;0;0m[48;2;0;0;0m▀[0m[38;2;0;0;0m[48;2;0;0;0m▀[0m[38;2;0;0;0m[48;2;0;0;0m▀[0m[38;2;5;12;12m[48;2;0;0;0m▀[0m[38;2;24;27;31m[48;2;3;3;4m▀[0m[38;2;0;0;0m[48;2;0;0;0m▀[0m[38;2;0;0;0m[48;2;0;0;0m▀[0m[38;2;0;0;0m[48;2;75;77;77m▀[0m[38;2;134;134;132m[48;2;48;46;44m▀[0m[38;2;145;148;144m[48;2;0;0;0m▀[0m[38;2;85;84;84m[48;2;0;0;0m▀[0m[38;2;14;14;12m[48;2;0;0;0m▀[0m[38;2;0;0;0m[48;2;30;32;32m▀[0m[38;2;0;0;0m[48;2;61;61;61m▀[0m[38;2;0;0;0m[48;2;73;73;71m▀[0m[38;2;33;33;33m[48;2;55;55;52m▀[0m[38;2;94;97;97m[48;2;0;0;0m▀[0m[38;2;74;77;77m[48;2;0;0;0m▀[0m[38;2;0;0;0m[48;2;0;0;0m▀[0m[38;2;0;0;0m[48;2;0;0;0m▀[0m[38;2;0;0;0m[48;2;0;0;0m▀[0m[38;2;0;0;0m[48;2;2;15;13m▀[0m[38;2;0;0;0m[48;2;121;130;126m▀[0m[38;2;160;166;169m[48;2;211;220;220m▀[0m[38;2;253;255;255m[48;2;255;255;255m▀[0m[38;2;255;255;255m[48;2;255;255;255m▀[0m[38;2;255;255;255m[48;2;255;255;255m▀[0m[38;2;219;221;221m[48;2;255;255;255m▀[0m[38;2;222;224;224m[48;2;255;255;255m▀[0m[38;2;255;255;255m[48;2;255;255;255m▀[0m[38;2;248;250;250m[48;2;245;248;248m▀[0m[38;2;226;228;228m[48;2;248;250;254m▀[0m[38;2;255;255;255m[48;2;255;255;255m▀[0m[38;2;255;255;255m[48;2;237;243;243m▀[0m[38;2;255;255;255m[48;2;220;230;230m▀[0m[38;2;255;255;255m[48;2;216;230;231m▀[0m[38;2;255;255;255m[48;2;205;221;221m▀[0m[38;2;255;255;255m[48;2;203;222;219m▀[0m[38;2;255;255;255m[48;2;220;234;234m▀[0m[38;2;213;216;217m[48;2;241;248;251m▀[0m[38;2;189;197;195m[48;2;255;255;255m▀[0m[38;2;255;255;255m[48;2;255;255;255m▀[0m[38;2;255;255;255m[48;2;255;255;255m▀[0m[38;2;255;255;255m[48;2;255;255;255m▀[0m[38;2;255;255;255m[48;2;255;255;255m▀[0m[38;2;206;205;205m[48;2;255;255;255m▀[0m[38;2;1;1;1m[48;2;208;208;210m▀[0m[38;2;0;0;0m[48;2;0;0;0m▀[0m[38;2;0;0;0m[48;2;0;0;0m▀[0m[38;2;0;0;0m[48;2;0;0;0m▀[0m[38;2;165;165;167m[48;2;0;0;0m▀[0m[38;2;14;14;12m[48;2;99;99;100m▀[0m[38;2;0;0;0m[48;2;0;0;0m▀[0m[38;2;9;11;12m[48;2;12;14;15m▀[0m[38;2;0;0;0m[48;2;6;8;8m▀[0m[38;2;0;0;0m[48;2;0;0;0m▀[0m[38;2;0;0;0m[48;2;0;0;0m▀[0m[38;2;0;0;0m[48;2;0;0;0m▀[0m[38;2;0;0;0m[48;2;0;0;0m▀[0m[38;2;0;0;0m[48;2;0;0;0m▀[0m[38;2;0;0;0m[48;2;0;1;1m▀[0m[38;2;0;0;1m[48;2;0;0;1m▀[0m[38;2;0;0;1m[48;2;0;0;1m▀[0m[38;2;0;1;1m[48;2;0;0;1m▀[0m[38;2;0;1;1m[48;2;0;1;1m▀[0m[38;2;0;1;1m[48;2;0;1;1m▀[0m[38;2;0;0;0m[48;2;0;0;0m▀[0m[38;2;0;0;0m[48;2;0;0;0m▀[0m[38;2;0;5;6m[48;2;0;0;0m▀[0m[38;2;0;0;0m[48;2;0;0;0m▀[0m[38;2;144;142;146m[48;2;0;0;0m▀[0m[38;2;214;216;220m[48;2;0;0;0m▀[0m[38;2;255;255;255m[48;2;222;224;233m▀[0m[38;2;117;115;118m[48;2;255;255;255m▀[0m[38;2;158;156;163m[48;2;255;255;255m▀[0m
[38;2;0;0;0m[48;2;146;152;157m▀[0m[38;2;0;0;0m[48;2;103;105;108m▀[0m[38;2;0;0;0m[48;2;13;12;13m▀[0m[38;2;0;0;0m[48;2;0;0;0m▀[0m[38;2;0;0;0m[48;2;0;0;0m▀[0m[38;2;0;0;0m[48;2;0;0;0m▀[0m[38;2;0;0;0m[48;2;0;0;0m▀[0m[38;2;0;0;0m[48;2;0;0;0m▀[0m[38;2;0;0;0m[48;2;15;14;12m▀[0m[38;2;0;0;0m[48;2;50;54;55m▀[0m[38;2;0;0;0m[48;2;45;52;54m▀[0m[38;2;8;8;9m[48;2;25;27;29m▀[0m[38;2;0;2;0m[48;2;11;11;15m▀[0m[38;2;0;0;0m[48;2;8;10;11m▀[0m[38;2;0;0;0m[48;2;48;50;51m▀[0m[38;2;0;0;0m[48;2;82;90;91m▀[0m[38;2;0;0;0m[48;2;96;111;113m▀[0m[38;2;0;6;8m[48;2;100;118;125m▀[0m[38;2;42;58;59m[48;2;163;187;197m▀[0m[38;2;30;49;52m[48;2;137;191;206m▀[0m[38;2;32;52;52m[48;2;89;197;207m▀[0m[38;2;0;15;20m[48;2;55;189;203m▀[0m[38;2;198;223;223m[48;2;24;154;167m▀[0m[38;2;255;255;255m[48;2;98;207;207m▀[0m[38;2;255;255;255m[48;2;238;255;255m▀[0m[38;2;255;255;255m[48;2;255;255;255m▀[0m[38;2;255;255;255m[48;2;231;251;251m▀[0m[38;2;255;255;255m[48;2;255;255;255m▀[0m[38;2;255;255;255m[48;2;161;170;170m▀[0m[38;2;255;255;255m[48;2;230;237;237m▀[0m[38;2;255;255;255m[48;2;251;255;255m▀[0m[38;2;255;255;255m[48;2;255;255;255m▀[0m[38;2;255;255;255m[48;2;240;255;255m▀[0m[38;2;255;255;255m[48;2;204;254;255m▀[0m[38;2;255;255;255m[48;2;155;255;255m▀[0m[38;2;255;255;255m[48;2;154;255;255m▀[0m[38;2;255;255;255m[48;2;177;255;255m▀[0m[38;2;255;255;255m[48;2;227;255;255m▀[0m[38;2;255;255;255m[48;2;230;255;255m▀[0m[38;2;255;255;255m[48;2;251;255;251m▀[0m[38;2;255;255;255m[48;2;255;230;226m▀[0m[38;2;255;255;255m[48;2;225;244;244m▀[0m[38;2;255;255;255m[48;2;202;217;218m▀[0m[38;2;255;255;255m[48;2;153;161;161m▀[0m[38;2;255;255;255m[48;2;98;102;102m▀[0m[38;2;255;255;255m[48;2;84;84;84m▀[0m[38;2;232;234;232m[48;2;90;92;94m▀[0m[38;2;90;92;94m[48;2;104;107;111m▀[0m[38;2;11;14;15m[48;2;75;78;80m▀[0m[38;2;0;0;0m[48;2;0;1;2m▀[0m[38;2;0;0;0m[48;2;0;0;0m▀[0m[38;2;0;2;0m[48;2;62;62;59m▀[0m[38;2;47;47;48m[48;2;0;0;0m▀[0m[38;2;58;61;60m[48;2;97;97;98m▀[0m[38;2;0;0;0m[48;2;0;0;0m▀[0m[38;2;10;16;18m[48;2;0;0;0m▀[0m[38;2;15;19;21m[48;2;7;7;8m▀[0m[38;2;1;0;2m[48;2;40;47;52m▀[0m[38;2;0;0;0m[48;2;36;42;47m▀[0m[38;2;0;0;0m[48;2;0;0;0m▀[0m[38;2;0;1;1m[48;2;0;0;0m▀[0m[38;2;0;1;1m[48;2;0;0;0m▀[0m[38;2;0;0;1m[48;2;0;0;0m▀[0m[38;2;0;0;0m[48;2;0;0;0m▀[0m[38;2;0;0;0m[48;2;0;0;0m▀[0m[38;2;0;0;0m[48;2;0;0;0m▀[0m[38;2;0;0;0m[48;2;0;0;0m▀[0m[38;2;0;0;0m[48;2;0;0;0m▀[0m[38;2;0;0;0m[48;2;0;0;0m▀[0m[38;2;0;0;0m[48;2;0;0;0m▀[0m[38;2;0;0;1m[48;2;211;214;220m▀[0m[38;2;41;48;54m[48;2;250;254;253m▀[0m[38;2;71;75;78m[48;2;255;255;255m▀[0m[38;2;253;255;255m[48;2;255;255;255m▀[0m[38;2;255;255;255m[48;2;255;255;255m▀[0m[38;2;243;248;246m[48;2;255;255;255m▀[0m
[38;2;156;164;169m[48;2;143;147;151m▀[0m[38;2;167;174;179m[48;2;148;151;155m▀[0m[38;2;164;169;178m[48;2;160;160;168m▀[0m[38;2;145;151;156m[48;2;166;172;177m▀[0m[38;2;129;137;142m[48;2;151;160;163m▀[0m[38;2;135;143;148m[48;2;109;112;117m▀[0m[38;2;161;167;177m[48;2;76;79;84m▀[0m[38;2;151;160;165m[48;2;74;78;77m▀[0m[38;2;117;130;133m[48;2;83;91;89m▀[0m[38;2;37;45;45m[48;2;110;114;117m▀[0m[38;2;52;56;57m[48;2;143;143;145m▀[0m[38;2;116;114;118m[48;2;151;154;156m▀[0m[38;2;121;125;127m[48;2;140;148;155m▀[0m[38;2;102;115;118m[48;2;142;133;136m▀[0m[38;2;99;132;137m[48;2;172;84;79m▀[0m[38;2;111;155;162m[48;2;158;76;72m▀[0m[38;2;95;157;165m[48;2;147;69;66m▀[0m[38;2;67;173;181m[48;2;167;34;31m▀[0m[38;2;44;181;189m[48;2;231;13;2m▀[0m[38;2;65;165;170m[48;2;255;0;0m▀[0m[38;2;154;112;118m[48;2;255;0;0m▀[0m[38;2;243;47;43m[48;2;255;0;0m▀[0m[38;2;255;0;0m[48;2;255;0;0m▀[0m[38;2;255;0;0m[48;2;255;0;0m▀[0m[38;2;167;0;0m[48;2;255;0;0m▀[0m[38;2;158;228;228m[48;2;185;255;255m▀[0m[38;2;227;255;255m[48;2;255;255;255m▀[0m[38;2;255;255;255m[48;2;255;255;255m▀[0m[38;2;224;240;241m[48;2;255;255;255m▀[0m[38;2;204;224;224m[48;2;255;255;255m▀[0m[38;2;210;235;235m[48;2;255;255;255m▀[0m[38;2;255;255;255m[48;2;255;255;255m▀[0m[38;2;255;255;255m[48;2;255;255;255m▀[0m[38;2;153;251;251m[48;2;158;170;174m▀[0m[38;2;185;0;0m[48;2;255;0;0m▀[0m[38;2;255;0;0m[48;2;255;0;0m▀[0m[38;2;255;0;0m[48;2;255;0;0m▀[0m[38;2;255;0;0m[48;2;255;0;0m▀[0m[38;2;255;0;0m[48;2;255;0;0m▀[0m[38;2;140;0;0m[48;2;255;0;0m▀[0m[38;2;124;0;0m[48;2;93;36;38m▀[0m[38;2;56;81;84m[48;2;37;85;86m▀[0m[38;2;55;87;94m[48;2;64;15;16m▀[0m[38;2;81;87;93m[48;2;63;43;44m▀[0m[38;2;127;134;144m[48;2;32;42;46m▀[0m[38;2;113;116;121m[48;2;96;102;107m▀[0m[38;2;73;75;77m[48;2;130;132;138m▀[0m[38;2;81;83;89m[48;2;152;150;162m▀[0m[38;2;58;61;71m[48;2;144;144;155m▀[0m[38;2;71;74;78m[48;2;80;85;91m▀[0m[38;2;0;0;0m[48;2;50;54;56m▀[0m[38;2;0;0;0m[48;2;0;0;0m▀[0m[38;2;74;74;72m[48;2;25;28;27m▀[0m[38;2;7;7;5m[48;2;44;44;45m▀[0m[38;2;59;62;61m[48;2;4;7;6m▀[0m[38;2;0;0;0m[48;2;0;0;0m▀[0m[38;2;0;0;0m[48;2;0;0;0m▀[0m[38;2;0;0;0m[48;2;0;0;0m▀[0m[38;2;61;73;81m[48;2;13;16;19m▀[0m[38;2;11;15;16m[48;2;37;48;50m▀[0m[38;2;0;0;0m[48;2;0;0;0m▀[0m[38;2;0;0;1m[48;2;1;1;1m▀[0m[38;2;0;1;1m[48;2;0;0;1m▀[0m[38;2;0;0;0m[48;2;0;0;0m▀[0m[38;2;0;0;0m[48;2;0;0;1m▀[0m[38;2;0;0;0m[48;2;0;0;0m▀[0m[38;2;0;0;0m[48;2;0;0;0m▀[0m[38;2;0;0;0m[48;2;0;0;0m▀[0m[38;2;0;0;0m[48;2;0;0;0m▀[0m[38;2;9;8;8m[48;2;103;105;105m▀[0m[38;2;255;255;255m[48;2;255;255;255m▀[0m[38;2;245;248;252m[48;2;230;235;241m▀[0m[38;2;230;234;238m[48;2;240;244;248m▀[0m[38;2;233;230;236m[48;2;241;245;246m▀[0m[38;2;241;241;246m[48;2;241;243;249m▀[0m[38;2;248;250;254m[48;2;248;250;254m▀[0m
[38;2;132;132;136m[48;2;54;60;61m▀[0m[38;2;118;118;122m[48;2;36;40;44m▀[0m[38;2;73;76;77m[48;2;67;72;76m▀[0m[38;2;42;45;49m[48;2;96;98;102m▀[0m[38;2;27;31;36m[48;2;140;138;143m▀[0m[38;2;48;50;51m[48;2;163;161;165m▀[0m[38;2;103;105;108m[48;2;147;145;149m▀[0m[38;2;136;138;143m[48;2;131;133;137m▀[0m[38;2;145;147;151m[48;2;128;128;133m▀[0m[38;2;140;144;148m[48;2;122;126;130m▀[0m[38;2;134;134;139m[48;2;119;121;130m▀[0m[38;2;127;130;134m[48;2;119;121;126m▀[0m[38;2;124;131;136m[48;2;119;121;130m▀[0m[38;2;128;126;130m[48;2;117;125;133m▀[0m[38;2;154;105;107m[48;2;96;134;142m▀[0m[38;2;158;118;122m[48;2;76;153;162m▀[0m[38;2;126;152;163m[48;2;122;129;133m▀[0m[38;2;199;85;89m[48;2;255;18;10m▀[0m[38;2;255;0;0m[48;2;255;0;0m▀[0m[38;2;255;0;0m[48;2;255;0;0m▀[0m[38;2;255;0;0m[48;2;255;0;0m▀[0m[38;2;255;0;0m[48;2;255;0;0m▀[0m[38;2;255;0;0m[48;2;146;120;121m▀[0m[38;2;242;0;0m[48;2;238;255;255m▀[0m[38;2;188;16;16m[48;2;255;255;255m▀[0m[38;2;250;255;255m[48;2;217;223;220m▀[0m[38;2;255;255;255m[48;2;253;0;0m▀[0m[38;2;225;255;255m[48;2;255;0;0m▀[0m[38;2;155;154;152m[48;2;255;0;0m▀[0m[38;2;185;167;163m[48;2;255;0;0m▀[0m[38;2;220;160;153m[48;2;255;0;0m▀[0m[38;2;227;89;81m[48;2;255;0;0m▀[0m[38;2;250;0;0m[48;2;255;0;0m▀[0m[38;2;255;0;0m[48;2;255;0;0m▀[0m[38;2;255;0;0m[48;2;255;0;0m▀[0m[38;2;255;0;0m[48;2;255;0;0m▀[0m[38;2;255;0;0m[48;2;255;0;0m▀[0m[38;2;255;0;0m[48;2;165;80;84m▀[0m[38;2;244;28;25m[48;2;0;220;237m▀[0m[38;2;200;87;87m[48;2;33;191;200m▀[0m[38;2;199;75;77m[48;2;137;118;114m▀[0m[38;2;114;120;126m[48;2;136;117;120m▀[0m[38;2;153;97;110m[48;2;103;150;158m▀[0m[38;2;109;116;125m[48;2;132;137;144m▀[0m[38;2;99;103;107m[48;2;133;136;145m▀[0m[38;2;115;117;118m[48;2;132;130;134m▀[0m[38;2;113;113;111m[48;2;132;130;133m▀[0m[38;2;103;105;110m[48;2;129;132;142m▀[0m[38;2;110;112;113m[48;2;137;137;143m▀[0m[38;2;95;97;102m[48;2;148;150;150m▀[0m[38;2;75;75;80m[48;2;172;172;173m▀[0m[38;2;55;55;59m[48;2;134;134;136m▀[0m[38;2;0;0;0m[48;2;43;43;44m▀[0m[38;2;7;10;9m[48;2;5;5;5m▀[0m[38;2;41;41;42m[48;2;5;3;6m▀[0m[38;2;1;1;0m[48;2;22;22;20m▀[0m[38;2;0;0;0m[48;2;1;1;1m▀[0m[38;2;0;0;0m[48;2;0;0;0m▀[0m[38;2;0;0;0m[48;2;0;0;0m▀[0m[38;2;14;23;22m[48;2;0;0;0m▀[0m[38;2;0;0;0m[48;2;0;0;1m▀[0m[38;2;0;1;1m[48;2;0;1;1m▀[0m[38;2;0;0;0m[48;2;0;0;1m▀[0m[38;2;0;0;0m[48;2;0;1;1m▀[0m[38;2;0;1;1m[48;2;0;1;1m▀[0m[38;2;0;0;0m[48;2;0;0;0m▀[0m[38;2;0;0;0m[48;2;0;0;0m▀[0m[38;2;0;0;0m[48;2;0;0;0m▀[0m[38;2;0;0;0m[48;2;0;0;0m▀[0m[38;2;128;132;135m[48;2;146;152;156m▀[0m[38;2;135;137;138m[48;2;207;205;209m▀[0m[38;2;110;113;119m[48;2;180;183;187m▀[0m[38;2;112;114;119m[48;2;166;166;166m▀[0m[38;2;139;137;145m[48;2;156;154;158m▀[0m[38;2;179;181;186m[48;2;157;160;162m▀[0m[38;2;185;191;196m[48;2;136;136;140m▀[0m
