[38;2;255;255;255m[48;2;255;255;255m▀[0m[38;2;255;255;255m[48;2;255;255;255m▀[0m[38;2;181;184;185m[48;2;255;255;255m▀[0m[38;2;3;6;7m[48;2;255;255;255m▀[0m[38;2;97;99;100m[48;2;163;160;164m▀[0m[38;2;255;255;255m[48;2;51;51;52m▀[0m[38;2;111;113;113m[48;2;20;23;22m▀[0m[38;2;63;66;65m[48;2;28;30;28m▀[0m[38;2;25;29;28m[48;2;56;58;58m▀[0m[38;2;57;59;61m[48;2;30;33;32m▀[0m[38;2;93;91;95m[48;2;88;90;90m▀[0m[38;2;88;91;90m[48;2;84;87;86m▀[0m[38;2;62;60;63m[48;2;86;88;90m▀[0m[38;2;6;8;8m[48;2;9;11;11m▀[0m[38;2;83;86;86m[48;2;58;60;60m▀[0m[38;2;124;123;123m[48;2;119;118;118m▀[0m[38;2;44;46;46m[48;2;81;84;84m▀[0m[38;2;0;0;0m[48;2;0;0;0m▀[0m[38;2;0;0;0m[48;2;0;0;0m▀[0m[38;2;0;0;0m[48;2;0;0;0m▀[0m[38;2;0;0;0m[48;2;0;0;0m▀[0m[38;2;0;0;0m[48;2;0;0;0m▀[0m[38;2;0;0;0m[48;2;0;0;0m▀[0m[38;2;0;0;0m[48;2;0;0;0m▀[0m[38;2;0;0;0m[48;2;0;0;0m▀[0m[38;2;0;0;0m[48;2;0;0;0m▀[0m[38;2;182;185;182m[48;2;68;70;68m▀[0m[38;2;255;255;255m[48;2;5;4;4m▀[0m[38;2;255;255;255m[48;2;0;0;0m▀[0m[38;2;151;153;153m[48;2;54;54;54m▀[0m[38;2;0;0;0m[48;2;141;141;141m▀[0m[38;2;0;0;0m[48;2;214;214;214m▀[0m[38;2;0;0;0m[48;2;255;255;255m▀[0m[38;2;17;17;17m[48;2;244;247;244m▀[0m[38;2;130;132;132m[48;2;182;182;179m▀[0m[38;2;245;248;245m[48;2;73;75;75m▀[0m[38;2;255;255;255m[48;2;0;0;0m▀[0m[38;2;255;255;255m[48;2;0;0;0m▀[0m[38;2;182;182;182m[48;2;0;0;0m▀[0m[38;2;96;95;95m[48;2;0;0;0m▀[0m[38;2;116;118;118m[48;2;124;127;124m▀[0m[38;2;98;98;98m[48;2;190;193;190m▀[0m[38;2;74;74;75m[48;2;98;98;99m▀[0m[38;2;10;10;8m[48;2;63;63;60m▀[0m[38;2;0;0;0m[48;2;123;123;120m▀[0m[38;2;0;0;0m[48;2;60;60;57m▀[0m[38;2;0;0;0m[48;2;0;0;0m▀[0m[38;2;91;91;92m[48;2;0;0;0m▀[0m[38;2;255;255;255m[48;2;0;0;0m▀[0m[38;2;255;255;255m[48;2;222;222;222m▀[0m[38;2;255;255;255m[48;2;255;255;255m▀[0m[38;2;233;236;236m[48;2;213;213;213m▀[0m[38;2;243;243;245m[48;2;214;214;214m▀[0m[38;2;255;255;255m[48;2;248;251;251m▀[0m[38;2;255;255;255m[48;2;209;209;209m▀[0m[38;2;200;203;203m[48;2;164;165;162m▀[0m[38;2;255;255;255m[48;2;239;243;239m▀[0m[38;2;255;255;255m[48;2;239;243;243m▀[0m[38;2;224;222;225m[48;2;237;235;238m▀[0m[38;2;255;255;255m[48;2;184;184;186m▀[0m[38;2;33;32;32m[48;2;0;0;0m▀[0m[38;2;0;0;0m[48;2;0;0;0m▀[0m[38;2;0;0;0m[48;2;0;0;0m▀[0m[38;2;0;1;1m[48;2;0;1;1m▀[0m[38;2;1;1;1m[48;2;1;1;1m▀[0m[38;2;0;1;1m[48;2;0;1;1m▀[0m[38;2;1;1;1m[48;2;0;1;1m▀[0m[38;2;1;1;1m[48;2;1;1;1m▀[0m[38;2;1;1;1m[48;2;1;1;1m▀[0m[38;2;1;1;1m[48;2;1;1;1m▀[0m[38;2;1;1;1m[48;2;0;1;1m▀[0m[38;2;1;1;1m[48;2;1;1;1m▀[0m[38;2;1;1;1m[48;2;0;1;1m▀[0m[38;2;1;1;1m[48;2;0;1;1m▀[0m[38;2;0;0;0m[48;2;0;1;1m▀[0m[38;2;0;1;1m[48;2;0;1;1m▀[0m
[38;2;255;255;255m[48;2;255;255;255m▀[0m[38;2;255;255;255m[48;2;255;255;255m▀[0m[38;2;255;255;255m[48;2;255;255;255m▀[0m[38;2;255;255;255m[48;2;255;255;255m▀[0m[38;2;255;255;255m[48;2;255;255;255m▀[0m[38;2;255;255;255m[48;2;255;255;255m▀[0m[38;2;181;181;181m[48;2;255;255;255m▀[0m[38;2;9;12;8m[48;2;255;255;255m▀[0m[38;2;0;0;0m[48;2;185;185;182m▀[0m[38;2;0;0;0m[48;2;0;0;0m▀[0m[38;2;86;88;89m[48;2;0;0;0m▀[0m[38;2;79;82;83m[48;2;69;73;73m▀[0m[38;2;93;97;99m[48;2;90;93;98m▀[0m[38;2;33;35;37m[48;2;34;36;42m▀[0m[38;2;30;32;32m[48;2;0;0;0m▀[0m[38;2;114;116;116m[48;2;14;17;16m▀[0m[38;2;119;123;123m[48;2;28;31;31m▀[0m[38;2;0;0;0m[48;2;0;0;0m▀[0m[38;2;0;0;0m[48;2;42;42;42m▀[0m[38;2;0;0;0m[48;2;154;152;155m▀[0m[38;2;0;0;0m[48;2;251;255;255m▀[0m[38;2;0;0;0m[48;2;255;255;255m▀[0m[38;2;0;0;0m[48;2;255;255;255m▀[0m[38;2;48;52;51m[48;2;255;255;255m▀[0m[38;2;150;149;149m[48;2;255;255;255m▀[0m[38;2;218;221;218m[48;2;144;152;150m▀[0m[38;2;226;228;230m[48;2;82;85;82m▀[0m[38;2;243;245;245m[48;2;66;66;66m▀[0m[38;2;246;247;244m[48;2;109;109;109m▀[0m[38;2;197;200;200m[48;2;174;174;174m▀[0m[38;2;133;133;133m[48;2;238;240;240m▀[0m[38;2;79;79;79m[48;2;255;255;255m▀[0m[38;2;38;35;35m[48;2;255;255;255m▀[0m[38;2;2;0;1m[48;2;255;255;255m▀[0m[38;2;0;0;0m[48;2;255;255;255m▀[0m[38;2;0;0;0m[48;2;255;255;255m▀[0m[38;2;0;0;0m[48;2;255;255;255m▀[0m[38;2;0;0;0m[48;2;255;255;255m▀[0m[38;2;50;54;54m[48;2;255;255;255m▀[0m[38;2;163;163;163m[48;2;255;255;255m▀[0m[38;2;179;182;182m[48;2;220;223;223m▀[0m[38;2;223;223;223m[48;2;168;170;170m▀[0m[38;2;200;197;197m[48;2;120;118;122m▀[0m[38;2;100;97;97m[48;2;102;102;104m▀[0m[38;2;8;8;8m[48;2;0;1;2m▀[0m[38;2;97;97;90m[48;2;0;0;0m▀[0m[38;2;89;92;89m[48;2;0;0;0m▀[0m[38;2;0;0;0m[48;2;2;1;2m▀[0m[38;2;224;224;224m[48;2;255;255;255m▀[0m[38;2;0;0;0m[48;2;255;255;255m▀[0m[38;2;144;143;143m[48;2;0;0;0m▀[0m[38;2;255;255;255m[48;2;166;166;166m▀[0m[38;2;136;137;133m[48;2;245;244;244m▀[0m[38;2;180;183;183m[48;2;123;126;126m▀[0m[38;2;181;182;179m[48;2;220;222;222m▀[0m[38;2;178;182;181m[48;2;195;194;192m▀[0m[38;2;177;178;174m[48;2;206;210;207m▀[0m[38;2;201;205;205m[48;2;255;255;255m▀[0m[38;2;255;255;255m[48;2;86;89;89m▀[0m[38;2;3;3;3m[48;2;0;0;0m▀[0m[38;2;0;0;0m[48;2;0;0;0m▀[0m[38;2;0;0;0m[48;2;0;0;0m▀[0m[38;2;0;0;0m[48;2;1;1;1m▀[0m[38;2;1;1;1m[48;2;1;1;1m▀[0m[38;2;1;1;1m[48;2;1;1;1m▀[0m[38;2;1;1;1m[48;2;1;1;1m▀[0m[38;2;0;1;0m[48;2;1;1;1m▀[0m[38;2;0;1;1m[48;2;0;1;1m▀[0m[38;2;0;1;1m[48;2;1;1;1m▀[0m[38;2;1;1;1m[48;2;1;1;1m▀[0m[38;2;0;1;1m[48;2;0;1;1m▀[0m[38;2;0;1;1m[48;2;0;1;0m▀[0m[38;2;1;1;1m[48;2;0;1;0m▀[0m[38;2;1;1;1m[48;2;0;1;1m▀[0m[38;2;1;1;1m[48;2;1;1;1m▀[0m[38;2;1;1;1m[48;2;1;1;1m▀[0m
[38;2;249;252;252m[48;2;255;255;255m▀[0m[38;2;255;255;255m[48;2;255;255;255m▀[0m[38;2;255;255;255m[48;2;225;228;227m▀[0m[38;2;255;255;255m[48;2;255;255;255m▀[0m[38;2;255;255;255m[48;2;255;255;255m▀[0m[38;2;255;255;255m[48;2;255;255;255m▀[0m[38;2;255;255;255m[48;2;255;255;255m▀[0m[38;2;255;255;255m[48;2;255;255;255m▀[0m[38;2;255;255;255m[48;2;255;255;255m▀[0m[38;2;255;255;255m[48;2;255;255;255m▀[0m[38;2;139;140;137m[48;2;255;255;255m▀[0m[38;2;0;0;0m[48;2;255;255;255m▀[0m[38;2;0;0;0m[48;2;34;33;30m▀[0m[38;2;43;42;42m[48;2;149;149;146m▀[0m[38;2;84;83;79m[48;2;255;255;255m▀[0m[38;2;221;221;219m[48;2;255;255;255m▀[0m[38;2;255;255;255m[48;2;155;158;158m▀[0m[38;2;255;255;255m[48;2;32;32;32m▀[0m[38;2;255;255;255m[48;2;0;0;0m▀[0m[38;2;255;255;255m[48;2;0;0;0m▀[0m[38;2;255;255;255m[48;2;0;0;0m▀[0m[38;2;179;182;182m[48;2;0;0;0m▀[0m[38;2;7;9;9m[48;2;0;0;0m▀[0m[38;2;0;0;0m[48;2;209;208;208m▀[0m[38;2;0;0;0m[48;2;255;255;255m▀[0m[38;2;130;133;130m[48;2;255;255;255m▀[0m[38;2;250;253;252m[48;2;255;255;255m▀[0m[38;2;255;255;255m[48;2;255;255;255m▀[0m[38;2;255;255;255m[48;2;255;255;255m▀[0m[38;2;255;255;255m[48;2;255;255;255m▀[0m[38;2;255;255;255m[48;2;255;255;255m▀[0m[38;2;255;255;255m[48;2;255;255;255m▀[0m[38;2;255;255;255m[48;2;255;255;255m▀[0m[38;2;255;255;255m[48;2;255;249;245m▀[0m[38;2;255;255;255m[48;2;255;255;255m▀[0m[38;2;255;255;255m[48;2;255;255;255m▀[0m[38;2;255;255;255m[48;2;255;255;255m▀[0m[38;2;255;255;255m[48;2;255;255;255m▀[0m[38;2;255;255;255m[48;2;255;255;255m▀[0m[38;2;255;255;255m[48;2;255;255;255m▀[0m[38;2;255;255;255m[48;2;255;255;255m▀[0m[38;2;255;255;255m[48;2;255;255;255m▀[0m[38;2;255;255;255m[48;2;255;255;255m▀[0m[38;2;255;255;255m[48;2;255;255;255m▀[0m[38;2;255;255;255m[48;2;255;255;255m▀[0m[38;2;205;208;208m[48;2;255;255;255m▀[0m[38;2;30;32;33m[48;2;255;255;255m▀[0m[38;2;0;0;0m[48;2;255;255;255m▀[0m[38;2;0;0;0m[48;2;34;34;34m▀[0m[38;2;239;239;239m[48;2;0;0;0m▀[0m[38;2;255;255;255m[48;2;198;198;198m▀[0m[38;2;0;0;0m[48;2;255;255;255m▀[0m[38;2;149;149;149m[48;2;0;0;0m▀[0m[38;2;152;154;154m[48;2;87;90;92m▀[0m[38;2;226;231;231m[48;2;230;232;232m▀[0m[38;2;218;220;218m[48;2;255;255;255m▀[0m[38;2;255;255;255m[48;2;132;130;133m▀[0m[38;2;133;132;132m[48;2;0;0;0m▀[0m[38;2;0;0;0m[48;2;0;0;0m▀[0m[38;2;0;0;0m[48;2;0;0;0m▀[0m[38;2;0;0;0m[48;2;0;0;0m▀[0m[38;2;0;0;0m[48;2;1;1;1m▀[0m[38;2;1;1;1m[48;2;1;1;1m▀[0m[38;2;0;1;1m[48;2;1;1;1m▀[0m[38;2;1;1;1m[48;2;2;2;2m▀[0m[38;2;1;1;1m[48;2;0;2;2m▀[0m[38;2;1;1;1m[48;2;1;1;1m▀[0m[38;2;1;1;1m[48;2;1;1;1m▀[0m[38;2;1;1;1m[48;2;1;1;1m▀[0m[38;2;1;1;1m[48;2;1;1;1m▀[0m[38;2;0;1;1m[48;2;1;1;1m▀[0m[38;2;0;1;1m[48;2;1;1;1m▀[0m[38;2;0;1;1m[48;2;1;1;1m▀[0m[38;2;0;1;1m[48;2;0;1;1m▀[0m[38;2;1;1;1m[48;2;1;1;1m▀[0m[38;2;0;1;1m[48;2;1;1;1m▀[0m
[38;2;205;206;203m[48;2;181;179;182m▀[0m[38;2;255;255;255m[48;2;166;168;168m▀[0m[38;2;255;255;255m[48;2;252;252;254m▀[0m[38;2;255;255;255m[48;2;255;255;255m▀[0m[38;2;240;244;244m[48;2;255;255;255m▀[0m[38;2;164;167;167m[48;2;255;255;255m▀[0m[38;2;232;231;231m[48;2;180;182;182m▀[0m[38;2;255;255;255m[48;2;143;145;145m▀[0m[38;2;255;255;255m[48;2;177;180;180m▀[0m[38;2;255;255;255m[48;2;255;255;255m▀[0m[38;2;255;255;255m[48;2;255;255;255m▀[0m[38;2;255;255;255m[48;2;255;255;255m▀[0m[38;2;255;255;255m[48;2;255;255;255m▀[0m[38;2;159;159;159m[48;2;255;255;255m▀[0m[38;2;0;0;0m[48;2;255;255;255m▀[0m[38;2;0;0;0m[48;2;33;32;32m▀[0m[38;2;0;0;0m[48;2;0;0;0m▀[0m[38;2;0;0;0m[48;2;0;0;0m▀[0m[38;2;0;0;0m[48;2;0;0;0m▀[0m[38;2;0;0;0m[48;2;0;0;0m▀[0m[38;2;0;0;0m[48;2;255;255;255m▀[0m[38;2;141;144;144m[48;2;255;255;255m▀[0m[38;2;255;255;255m[48;2;255;255;255m▀[0m[38;2;255;255;255m[48;2;255;255;255m▀[0m[38;2;255;255;255m[48;2;255;255;255m▀[0m[38;2;255;255;255m[48;2;255;255;255m▀[0m[38;2;255;255;255m[48;2;255;147;140m▀[0m[38;2;255;112;108m[48;2;255;59;46m▀[0m[38;2;255;255;255m[48;2;255;255;255m▀[0m[38;2;255;255;255m[48;2;255;255;255m▀[0m[38;2;255;255;255m[48;2;255;255;255m▀[0m[38;2;255;255;255m[48;2;230;223;219m▀[0m[38;2;255;146;144m[48;2;255;255;255m▀[0m[38;2;255;65;65m[48;2;255;255;255m▀[0m[38;2;255;255;255m[48;2;255;255;255m▀[0m[38;2;255;255;255m[48;2;255;255;255m▀[0m[38;2;255;255;255m[48;2;255;165;159m▀[0m[38;2;255;255;255m[48;2;255;255;255m▀[0m[38;2;255;255;255m[48;2;255;255;255m▀[0m[38;2;255;255;255m[48;2;255;255;255m▀[0m[38;2;255;255;255m[48;2;255;255;255m▀[0m[38;2;255;255;255m[48;2;255;255;255m▀[0m[38;2;255;255;255m[48;2;255;255;255m▀[0m[38;2;255;255;255m[48;2;255;255;255m▀[0m[38;2;255;255;255m[48;2;255;255;255m▀[0m[38;2;255;255;255m[48;2;255;255;255m▀[0m[38;2;255;255;255m[48;2;255;255;255m▀[0m[38;2;255;255;255m[48;2;255;255;255m▀[0m[38;2;255;255;255m[48;2;255;255;255m▀[0m[38;2;255;255;255m[48;2;255;255;255m▀[0m[38;2;0;0;0m[48;2;255;255;255m▀[0m[38;2;139;140;133m[48;2;179;181;181m▀[0m[38;2;15;16;12m[48;2;0;0;0m▀[0m[38;2;0;0;0m[48;2;0;0;0m▀[0m[38;2;255;255;255m[48;2;197;195;201m▀[0m[38;2;219;221;221m[48;2;30;33;33m▀[0m[38;2;0;0;0m[48;2;0;0;0m▀[0m[38;2;0;0;0m[48;2;0;0;0m▀[0m[38;2;0;0;0m[48;2;0;0;0m▀[0m[38;2;0;0;0m[48;2;1;1;1m▀[0m[38;2;1;1;1m[48;2;1;1;1m▀[0m[38;2;1;1;1m[48;2;1;1;1m▀[0m[38;2;1;1;1m[48;2;1;1;1m▀[0m[38;2;1;1;1m[48;2;1;1;1m▀[0m[38;2;2;2;2m[48;2;1;1;1m▀[0m[38;2;2;2;2m[48;2;1;1;1m▀[0m[38;2;1;1;1m[48;2;1;1;1m▀[0m[38;2;1;1;1m[48;2;1;1;1m▀[0m[38;2;1;1;1m[48;2;1;1;1m▀[0m[38;2;1;1;1m[48;2;1;1;1m▀[0m[38;2;1;1;1m[48;2;0;1;1m▀[0m[38;2;1;1;1m[48;2;1;1;0m▀[0m[38;2;1;1;1m[48;2;1;1;1m▀[0m[38;2;1;1;1m[48;2;1;1;1m▀[0m[38;2;1;1;1m[48;2;1;1;1m▀[0m[38;2;1;1;1m[48;2;1;1;1m▀[0m
[38;2;142;146;150m[48;2;15;17;17m▀[0m[38;2;211;213;218m[48;2;51;54;56m▀[0m[38;2;163;163;168m[48;2;201;201;206m▀[0m[38;2;232;232;233m[48;2;189;189;190m▀[0m[38;2;255;255;255m[48;2;213;213;214m▀[0m[38;2;255;255;255m[48;2;255;255;255m▀[0m[38;2;255;255;255m[48;2;255;255;255m▀[0m[38;2;155;157;157m[48;2;255;255;255m▀[0m[38;2;142;145;146m[48;2;164;164;165m▀[0m[38;2;162;165;164m[48;2;184;184;185m▀[0m[38;2;224;224;222m[48;2;151;150;150m▀[0m[38;2;255;255;255m[48;2;221;221;221m▀[0m[38;2;255;255;255m[48;2;247;247;245m▀[0m[38;2;255;255;255m[48;2;255;255;255m▀[0m[38;2;255;255;255m[48;2;255;255;255m▀[0m[38;2;255;255;255m[48;2;255;255;255m▀[0m[38;2;241;241;249m[48;2;255;255;255m▀[0m[38;2;42;45;50m[48;2;42;48;49m▀[0m[38;2;0;0;0m[48;2;255;255;255m▀[0m[38;2;255;255;255m[48;2;255;255;255m▀[0m[38;2;255;255;255m[48;2;255;255;255m▀[0m[38;2;255;255;255m[48;2;255;255;255m▀[0m[38;2;255;255;255m[48;2;255;255;255m▀[0m[38;2;255;255;255m[48;2;255;255;255m▀[0m[38;2;255;255;255m[48;2;255;255;255m▀[0m[38;2;255;255;255m[48;2;255;124;119m▀[0m[38;2;255;31;19m[48;2;255;21;14m▀[0m[38;2;255;255;255m[48;2;255;255;255m▀[0m[38;2;255;255;255m[48;2;255;255;255m▀[0m[38;2;255;255;255m[48;2;181;32;27m▀[0m[38;2;125;84;79m[48;2;118;0;0m▀[0m[38;2;0;0;0m[48;2;255;255;255m▀[0m[38;2;43;49;48m[48;2;255;255;255m▀[0m[38;2;239;247;245m[48;2;255;255;255m▀[0m[38;2;221;240;239m[48;2;255;255;255m▀[0m[38;2;255;244;239m[48;2;255;255;255m▀[0m[38;2;255;71;62m[48;2;255;255;255m▀[0m[38;2;255;255;255m[48;2;255;255;255m▀[0m[38;2;255;255;255m[48;2;255;255;255m▀[0m[38;2;255;255;255m[48;2;255;255;255m▀[0m[38;2;255;255;255m[48;2;255;255;255m▀[0m[38;2;255;255;255m[48;2;255;255;255m▀[0m[38;2;255;255;255m[48;2;255;255;255m▀[0m[38;2;255;255;255m[48;2;255;255;255m▀[0m[38;2;255;255;255m[48;2;255;255;255m▀[0m[38;2;255;255;255m[48;2;255;255;255m▀[0m[38;2;255;255;255m[48;2;255;255;255m▀[0m[38;2;255;255;255m[48;2;255;255;255m▀[0m[38;2;255;255;255m[48;2;255;255;255m▀[0m[38;2;255;255;255m[48;2;255;255;255m▀[0m[38;2;255;255;255m[48;2;255;255;255m▀[0m[38;2;255;255;255m[48;2;255;255;255m▀[0m[38;2;255;255;255m[48;2;255;255;255m▀[0m[38;2;23;23;25m[48;2;255;255;255m▀[0m[38;2;0;0;0m[48;2;124;126;127m▀[0m[38;2;0;0;0m[48;2;0;0;0m▀[0m[38;2;0;0;0m[48;2;0;0;0m▀[0m[38;2;0;0;0m[48;2;0;0;0m▀[0m[38;2;0;0;0m[48;2;0;0;0m▀[0m[38;2;1;1;1m[48;2;0;0;0m▀[0m[38;2;1;1;1m[48;2;0;2;2m▀[0m[38;2;1;1;1m[48;2;1;1;1m▀[0m[38;2;1;1;1m[48;2;1;1;1m▀[0m[38;2;1;1;1m[48;2;0;1;1m▀[0m[38;2;1;1;1m[48;2;1;1;1m▀[0m[38;2;1;1;1m[48;2;1;1;1m▀[0m[38;2;1;1;1m[48;2;1;1;1m▀[0m[38;2;1;1;1m[48;2;1;1;1m▀[0m[38;2;1;1;1m[48;2;1;1;1m▀[0m[38;2;0;1;1m[48;2;0;1;1m▀[0m[38;2;0;1;0m[48;2;0;0;0m▀[0m[38;2;0;1;0m[48;2;0;0;0m▀[0m[38;2;1;1;1m[48;2;0;1;1m▀[0m[38;2;1;1;1m[48;2;0;1;1m▀[0m[38;2;1;1;1m[48;2;0;1;1m▀[0m[38;2;1;1;1m[48;2;0;1;1m▀[0m
[38;2;255;255;255m[48;2;241;244;246m▀[0m[38;2;112;114;112m[48;2;255;255;255m▀[0m[38;2;0;0;0m[48;2;240;240;238m▀[0m[38;2;141;141;142m[48;2;15;15;9m▀[0m[38;2;212;211;211m[48;2;79;77;82m▀[0m[38;2;194;196;196m[48;2;231;234;234m▀[0m[38;2;255;255;255m[48;2;206;204;207m▀[0m[38;2;255;255;255m[48;2;255;255;255m▀[0m[38;2;230;230;230m[48;2;255;255;255m▀[0m[38;2;126;126;126m[48;2;200;200;200m▀[0m[38;2;194;193;193m[48;2;109;109;109m▀[0m[38;2;182;182;182m[48;2;196;194;197m▀[0m[38;2;197;197;195m[48;2;184;184;185m▀[0m[38;2;255;255;255m[48;2;206;206;206m▀[0m[38;2;254;253;253m[48;2;207;207;208m▀[0m[38;2;255;255;255m[48;2;126;124;127m▀[0m[38;2;62;64;66m[48;2;50;49;49m▀[0m[38;2;159;159;159m[48;2;255;255;255m▀[0m[38;2;255;255;255m[48;2;255;255;255m▀[0m[38;2;255;255;255m[48;2;255;255;255m▀[0m[38;2;255;255;255m[48;2;255;255;255m▀[0m[38;2;255;255;255m[48;2;255;255;255m▀[0m[38;2;255;255;255m[48;2;255;255;255m▀[0m[38;2;255;255;255m[48;2;255;255;255m▀[0m[38;2;255;210;209m[48;2;238;0;0m▀[0m[38;2;255;0;0m[48;2;255;141;138m▀[0m[38;2;255;0;0m[48;2;255;81;71m▀[0m[38;2;194;179;177m[48;2;0;0;0m▀[0m[38;2;98;75;75m[48;2;4;23;23m▀[0m[38;2;11;0;0m[48;2;58;77;81m▀[0m[38;2;0;0;0m[48;2;0;2;0m▀[0m[38;2;117;132;133m[48;2;0;0;0m▀[0m[38;2;255;255;255m[48;2;144;151;151m▀[0m[38;2;255;255;255m[48;2;231;239;245m▀[0m[38;2;255;255;255m[48;2;255;255;255m▀[0m[38;2;255;255;255m[48;2;255;255;255m▀[0m[38;2;255;255;255m[48;2;255;255;255m▀[0m[38;2;255;255;255m[48;2;255;255;255m▀[0m[38;2;255;255;255m[48;2;255;255;255m▀[0m[38;2;255;255;255m[48;2;255;255;255m▀[0m[38;2;255;255;255m[48;2;255;255;255m▀[0m[38;2;255;255;255m[48;2;255;255;255m▀[0m[38;2;255;255;255m[48;2;255;255;255m▀[0m[38;2;255;255;255m[48;2;255;255;255m▀[0m[38;2;255;255;255m[48;2;255;255;255m▀[0m[38;2;255;255;255m[48;2;255;255;255m▀[0m[38;2;255;255;255m[48;2;255;255;255m▀[0m[38;2;255;255;255m[48;2;255;255;255m▀[0m[38;2;255;255;255m[48;2;255;255;255m▀[0m[38;2;255;255;255m[48;2;255;255;255m▀[0m[38;2;255;255;255m[48;2;255;255;255m▀[0m[38;2;255;255;255m[48;2;255;255;255m▀[0m[38;2;255;255;255m[48;2;255;255;255m▀[0m[38;2;255;255;255m[48;2;255;255;255m▀[0m[38;2;255;255;255m[48;2;255;255;255m▀[0m[38;2;214;213;211m[48;2;255;255;255m▀[0m[38;2;0;0;0m[48;2;255;255;255m▀[0m[38;2;0;0;0m[48;2;0;0;0m▀[0m[38;2;0;0;0m[48;2;0;0;0m▀[0m[38;2;0;0;0m[48;2;0;0;0m▀[0m[38;2;0;0;0m[48;2;0;0;0m▀[0m[38;2;0;0;0m[48;2;0;0;0m▀[0m[38;2;0;0;0m[48;2;0;0;0m▀[0m[38;2;1;1;1m[48;2;0;0;0m▀[0m[38;2;0;0;0m[48;2;0;0;0m▀[0m[38;2;0;1;1m[48;2;0;0;0m▀[0m[38;2;0;1;1m[48;2;0;0;0m▀[0m[38;2;0;1;1m[48;2;0;0;0m▀[0m[38;2;1;1;1m[48;2;0;0;0m▀[0m[38;2;1;0;0m[48;2;0;0;0m▀[0m[38;2;0;0;0m[48;2;0;0;0m▀[0m[38;2;2;0;2m[48;2;0;0;0m▀[0m[38;2;0;0;0m[48;2;0;0;0m▀[0m[38;2;0;1;1m[48;2;0;0;0m▀[0m[38;2;0;1;1m[48;2;0;1;1m▀[0m[38;2;0;1;1m[48;2;0;1;1m▀[0m
[38;2;176;173;177m[48;2;135;132;136m▀[0m[38;2;255;255;255m[48;2;255;255;255m▀[0m[38;2;255;255;255m[48;2;255;255;255m▀[0m[38;2;255;255;255m[48;2;116;114;117m▀[0m[38;2;59;61;59m[48;2;0;0;0m▀[0m[38;2;0;0;1m[48;2;0;0;0m▀[0m[38;2;231;228;232m[48;2;0;0;0m▀[0m[38;2;226;224;227m[48;2;205;205;210m▀[0m[38;2;255;255;255m[48;2;235;235;236m▀[0m[38;2;255;255;255m[48;2;254;255;255m▀[0m[38;2;211;211;211m[48;2;255;255;255m▀[0m[38;2;118;120;122m[48;2;227;231;230m▀[0m[38;2;211;214;216m[48;2;87;87;85m▀[0m[38;2;193;193;194m[48;2;219;221;221m▀[0m[38;2;201;204;204m[48;2;126;128;130m▀[0m[38;2;3;6;6m[48;2;109;109;109m▀[0m[38;2;255;255;255m[48;2;255;255;255m▀[0m[38;2;255;255;255m[48;2;255;255;255m▀[0m[38;2;255;255;255m[48;2;255;255;255m▀[0m[38;2;255;255;255m[48;2;255;255;255m▀[0m[38;2;255;255;255m[48;2;255;255;255m▀[0m[38;2;255;255;255m[48;2;255;255;255m▀[0m[38;2;255;255;255m[48;2;122;155;152m▀[0m[38;2;172;222;216m[48;2;99;0;0m▀[0m[38;2;231;0;0m[48;2;255;0;0m▀[0m[38;2;255;0;0m[48;2;255;0;0m▀[0m[38;2;255;0;0m[48;2;255;0;0m▀[0m[38;2;5;0;0m[48;2;255;218;218m▀[0m[38;2;255;255;255m[48;2;255;255;255m▀[0m[38;2;255;255;255m[48;2;255;255;255m▀[0m[38;2;255;255;255m[48;2;255;255;255m▀[0m[38;2;255;255;255m[48;2;255;255;255m▀[0m[38;2;255;255;255m[48;2;255;255;255m▀[0m[38;2;241;248;253m[48;2;255;255;255m▀[0m[38;2;255;243;243m[48;2;255;255;255m▀[0m[38;2;255;220;220m[48;2;255;255;255m▀[0m[38;2;255;255;255m[48;2;255;255;255m▀[0m[38;2;255;255;255m[48;2;255;255;255m▀[0m[38;2;255;255;255m[48;2;255;255;255m▀[0m[38;2;255;255;255m[48;2;255;255;255m▀[0m[38;2;255;255;255m[48;2;255;255;255m▀[0m[38;2;255;255;255m[48;2;255;255;255m▀[0m[38;2;255;255;255m[48;2;255;255;255m▀[0m[38;2;255;255;255m[48;2;255;255;255m▀[0m[38;2;255;255;255m[48;2;255;255;255m▀[0m[38;2;255;255;255m[48;2;255;255;255m▀[0m[38;2;255;255;255m[48;2;255;255;255m▀[0m[38;2;255;255;255m[48;2;255;255;255m▀[0m[38;2;255;255;255m[48;2;255;255;255m▀[0m[38;2;255;255;255m[48;2;255;255;255m▀[0m[38;2;255;255;255m[48;2;255;255;255m▀[0m[38;2;255;255;255m[48;2;255;255;255m▀[0m[38;2;255;255;255m[48;2;255;255;255m▀[0m[38;2;255;255;255m[48;2;255;255;255m▀[0m[38;2;255;255;255m[48;2;255;255;255m▀[0m[38;2;255;255;255m[48;2;255;255;255m▀[0m[38;2;255;255;255m[48;2;255;255;255m▀[0m[38;2;255;255;255m[48;2;255;255;255m▀[0m[38;2;44;44;44m[48;2;255;255;255m▀[0m[38;2;0;0;0m[48;2;193;193;193m▀[0m[38;2;0;0;0m[48;2;0;0;0m▀[0m[38;2;0;0;0m[48;2;0;0;0m▀[0m[38;2;137;140;137m[48;2;0;0;0m▀[0m[38;2;105;105;102m[48;2;37;37;34m▀[0m[38;2;0;0;0m[48;2;98;99;96m▀[0m[38;2;0;0;0m[48;2;74;74;76m▀[0m[38;2;0;0;0m[48;2;0;0;0m▀[0m[38;2;0;0;0m[48;2;0;0;0m▀[0m[38;2;0;0;0m[48;2;0;0;0m▀[0m[38;2;0;0;0m[48;2;0;0;0m▀[0m[38;2;0;0;0m[48;2;255;255;255m▀[0m[38;2;84;87;87m[48;2;198;201;203m▀[0m[38;2;0;0;0m[48;2;0;0;0m▀[0m[38;2;0;0;0m[48;2;0;0;0m▀[0m[38;2;0;0;1m[48;2;0;0;0m▀[0m[38;2;0;0;1m[48;2;0;1;1m▀[0m
[38;2;101;103;103m[48;2;27;24;28m▀[0m[38;2;93;97;99m[48;2;146;145;145m▀[0m[38;2;0;0;0m[48;2;255;255;255m▀[0m[38;2;46;45;45m[48;2;255;255;255m▀[0m[38;2;239;239;239m[48;2;65;65;65m▀[0m[38;2;156;157;154m[48;2;0;0;0m▀[0m[38;2;0;0;0m[48;2;0;0;0m▀[0m[38;2;0;0;0m[48;2;0;0;0m▀[0m[38;2;191;191;192m[48;2;0;0;0m▀[0m[38;2;233;235;236m[48;2;113;113;117m▀[0m[38;2;247;247;249m[48;2;214;211;213m▀[0m[38;2;255;255;255m[48;2;255;255;255m▀[0m[38;2;196;196;197m[48;2;255;255;255m▀[0m[38;2;100;98;101m[48;2;90;89;89m▀[0m[38;2;65;63;66m[48;2;5;3;6m▀[0m[38;2;241;241;244m[48;2;255;255;255m▀[0m[38;2;255;255;255m[48;2;255;255;255m▀[0m[38;2;255;255;255m[48;2;255;255;255m▀[0m[38;2;255;255;255m[48;2;255;255;255m▀[0m[38;2;255;255;255m[48;2;124;127;127m▀[0m[38;2;238;246;249m[48;2;83;91;95m▀[0m[38;2;135;163;163m[48;2;255;255;255m▀[0m[38;2;226;255;255m[48;2;255;255;255m▀[0m[38;2;255;0;0m[48;2;255;20;17m▀[0m[38;2;255;0;0m[48;2;255;239;236m▀[0m[38;2;255;0;0m[48;2;255;218;216m▀[0m[38;2;255;0;0m[48;2;255;0;0m▀[0m[38;2;255;255;255m[48;2;255;248;247m▀[0m[38;2;255;255;255m[48;2;255;255;255m▀[0m[38;2;255;255;255m[48;2;255;255;255m▀[0m[38;2;255;255;255m[48;2;255;255;255m▀[0m[38;2;255;255;255m[48;2;255;255;255m▀[0m[38;2;255;255;255m[48;2;255;255;255m▀[0m[38;2;255;255;255m[48;2;255;255;255m▀[0m[38;2;255;255;255m[48;2;255;255;255m▀[0m[38;2;255;255;255m[48;2;255;255;255m▀[0m[38;2;255;255;255m[48;2;255;255;255m▀[0m[38;2;255;255;255m[48;2;255;255;255m▀[0m[38;2;255;255;255m[48;2;255;255;255m▀[0m[38;2;255;255;255m[48;2;255;255;255m▀[0m[38;2;255;255;255m[48;2;255;255;255m▀[0m[38;2;255;255;255m[48;2;255;255;255m▀[0m[38;2;255;255;255m[48;2;255;255;255m▀[0m[38;2;255;255;255m[48;2;255;255;255m▀[0m[38;2;255;255;255m[48;2;255;255;255m▀[0m[38;2;255;255;255m[48;2;255;255;255m▀[0m[38;2;255;255;255m[48;2;255;255;255m▀[0m[38;2;255;255;255m[48;2;255;255;255m▀[0m[38;2;255;255;255m[48;2;255;255;255m▀[0m[38;2;255;255;255m[48;2;255;255;255m▀[0m[38;2;255;255;255m[48;2;255;255;255m▀[0m[38;2;255;255;255m[48;2;255;255;255m▀[0m[38;2;255;255;255m[48;2;255;255;255m▀[0m[38;2;255;255;255m[48;2;255;255;255m▀[0m[38;2;255;255;255m[48;2;255;255;255m▀[0m[38;2;255;255;255m[48;2;255;255;255m▀[0m[38;2;255;255;255m[48;2;255;255;255m▀[0m[38;2;255;255;255m[48;2;255;255;255m▀[0m[38;2;255;255;255m[48;2;255;255;255m▀[0m[38;2;255;255;255m[48;2;255;255;255m▀[0m[38;2;255;255;255m[48;2;255;255;255m▀[0m[38;2;169;172;172m[48;2;255;255;255m▀[0m[38;2;0;0;0m[48;2;255;255;255m▀[0m[38;2;0;0;0m[48;2;185;193;187m▀[0m[38;2;0;0;0m[48;2;0;0;0m▀[0m[38;2;104;104;106m[48;2;0;0;0m▀[0m[38;2;178;182;182m[48;2;0;0;0m▀[0m[38;2;238;240;240m[48;2;56;64;68m▀[0m[38;2;56;59;58m[48;2;255;255;255m▀[0m[38;2;180;182;182m[48;2;66;76;74m▀[0m[38;2;255;255;255m[48;2;235;243;243m▀[0m[38;2;68;68;68m[48;2;38;42;43m▀[0m[38;2;0;0;0m[48;2;0;0;0m▀[0m[38;2;0;0;0m[48;2;0;0;0m▀[0m[38;2;0;0;0m[48;2;0;0;0m▀[0m[38;2;1;1;1m[48;2;0;0;0m▀[0m
[38;2;255;255;255m[48;2;221;221;221m▀[0m[38;2;255;255;255m[48;2;46;46;48m▀[0m[38;2;232;232;234m[48;2;0;0;0m▀[0m[38;2;0;0;0m[48;2;30;30;30m▀[0m[38;2;0;0;0m[48;2;249;249;249m▀[0m[38;2;0;0;0m[48;2;255;255;255m▀[0m[38;2;42;42;42m[48;2;255;255;255m▀[0m[38;2;88;86;89m[48;2;255;255;255m▀[0m[38;2;91;91;89m[48;2;255;255;255m▀[0m[38;2;0;0;0m[48;2;255;255;255m▀[0m[38;2;78;78;79m[48;2;168;171;170m▀[0m[38;2;165;165;167m[48;2;111;111;113m▀[0m[38;2;255;255;255m[48;2;254;254;252m▀[0m[38;2;248;247;247m[48;2;249;251;251m▀[0m[38;2;77;79;82m[48;2;118;120;123m▀[0m[38;2;255;255;255m[48;2;255;255;255m▀[0m[38;2;255;255;255m[48;2;255;255;255m▀[0m[38;2;255;255;255m[48;2;255;255;255m▀[0m[38;2;255;255;255m[48;2;255;255;255m▀[0m[38;2;47;50;50m[48;2;255;255;255m▀[0m[38;2;255;255;255m[48;2;255;255;255m▀[0m[38;2;255;255;255m[48;2;255;255;255m▀[0m[38;2;255;255;255m[48;2;255;255;255m▀[0m[38;2;255;83;86m[48;2;255;97;97m▀[0m[38;2;255;255;255m[48;2;255;255;255m▀[0m[38;2;255;255;255m[48;2;255;255;255m▀[0m[38;2;255;0;0m[48;2;255;246;244m▀[0m[38;2;255;131;127m[48;2;255;72;64m▀[0m[38;2;255;255;255m[48;2;255;255;255m▀[0m[38;2;255;255;255m[48;2;255;255;255m▀[0m[38;2;255;255;255m[48;2;255;255;255m▀[0m[38;2;255;255;255m[48;2;255;255;255m▀[0m[38;2;255;255;255m[48;2;255;255;255m▀[0m[38;2;255;255;255m[48;2;255;255;255m▀[0m[38;2;255;255;255m[48;2;255;255;255m▀[0m[38;2;255;255;255m[48;2;255;255;255m▀[0m[38;2;255;255;255m[48;2;255;255;255m▀[0m[38;2;255;255;255m[48;2;255;255;255m▀[0m[38;2;255;255;255m[48;2;255;255;255m▀[0m[38;2;255;255;255m[48;2;255;255;255m▀[0m[38;2;255;255;255m[48;2;255;255;255m▀[0m[38;2;255;255;255m[48;2;255;255;255m▀[0m[38;2;255;255;255m[48;2;255;255;255m▀[0m[38;2;255;255;255m[48;2;255;255;255m▀[0m[38;2;255;255;255m[48;2;255;255;255m▀[0m[38;2;255;255;255m[48;2;255;255;255m▀[0m[38;2;255;255;255m[48;2;255;255;255m▀[0m[38;2;255;255;255m[48;2;255;255;255m▀[0m[38;2;255;255;255m[48;2;255;255;255m▀[0m[38;2;255;255;255m[48;2;255;255;255m▀[0m[38;2;255;255;255m[48;2;255;255;255m▀[0m[38;2;255;255;255m[48;2;255;255;255m▀[0m[38;2;255;255;255m[48;2;255;255;255m▀[0m[38;2;255;255;255m[48;2;255;255;255m▀[0m[38;2;255;255;255m[48;2;255;255;255m▀[0m[38;2;255;255;255m[48;2;255;255;255m▀[0m[38;2;255;255;255m[48;2;255;255;255m▀[0m[38;2;255;255;255m[48;2;255;255;255m▀[0m[38;2;255;255;255m[48;2;255;255;255m▀[0m[38;2;255;255;255m[48;2;255;255;255m▀[0m[38;2;255;255;255m[48;2;255;255;255m▀[0m[38;2;255;255;255m[48;2;255;255;255m▀[0m[38;2;255;255;255m[48;2;255;255;255m▀[0m[38;2;255;255;255m[48;2;255;255;255m▀[0m[38;2;255;255;255m[48;2;255;255;255m▀[0m[38;2;238;244;238m[48;2;255;255;255m▀[0m[38;2;56;60;60m[48;2;255;255;255m▀[0m[38;2;0;0;0m[48;2;250;198;198m▀[0m[38;2;0;0;0m[48;2;68;0;0m▀[0m[38;2;0;0;0m[48;2;0;0;0m▀[0m[38;2;180;196;196m[48;2;0;0;0m▀[0m[38;2;198;212;212m[48;2;17;54;55m▀[0m[38;2;103;110;110m[48;2;255;255;255m▀[0m[38;2;0;0;0m[48;2;241;249;249m▀[0m[38;2;0;0;0m[48;2;0;0;0m▀[0m[38;2;0;0;0m[48;2;0;0;0m▀[0m
[38;2;9;9;11m[48;2;255;255;255m▀[0m[38;2;42;42;42m[48;2;255;255;255m▀[0m[38;2;30;30;30m[48;2;0;0;0m▀[0m[38;2;255;255;255m[48;2;125;128;128m▀[0m[38;2;255;255;255m[48;2;255;255;255m▀[0m[38;2;255;255;255m[48;2;255;255;255m▀[0m[38;2;255;255;255m[48;2;255;255;255m▀[0m[38;2;255;255;255m[48;2;255;255;255m▀[0m[38;2;255;255;255m[48;2;255;255;255m▀[0m[38;2;255;255;255m[48;2;255;255;255m▀[0m[38;2;255;255;255m[48;2;255;255;255m▀[0m[38;2;236;235;236m[48;2;255;255;255m▀[0m[38;2;255;255;255m[48;2;255;255;255m▀[0m[38;2;214;217;217m[48;2;212;211;211m▀[0m[38;2;119;119;122m[48;2;124;127;126m▀[0m[38;2;255;255;255m[48;2;255;255;255m▀[0m[38;2;255;255;255m[48;2;255;255;255m▀[0m[38;2;255;255;255m[48;2;255;255;255m▀[0m[38;2;255;255;255m[48;2;255;255;255m▀[0m[38;2;255;255;255m[48;2;255;255;255m▀[0m[38;2;255;255;255m[48;2;255;255;255m▀[0m[38;2;255;255;255m[48;2;255;255;255m▀[0m[38;2;255;255;255m[48;2;255;255;255m▀[0m[38;2;255;61;57m[48;2;255;91;89m▀[0m[38;2;255;194;189m[48;2;255;0;0m▀[0m[38;2;255;255;255m[48;2;255;255;255m▀[0m[38;2;255;255;255m[48;2;255;255;255m▀[0m[38;2;255;139;135m[48;2;255;221;222m▀[0m[38;2;255;255;255m[48;2;255;183;182m▀[0m[38;2;255;255;255m[48;2;255;255;255m▀[0m[38;2;255;255;255m[48;2;255;255;255m▀[0m[38;2;255;255;255m[48;2;255;255;255m▀[0m[38;2;255;255;255m[48;2;255;255;255m▀[0m[38;2;255;255;255m[48;2;255;255;255m▀[0m[38;2;255;255;255m[48;2;255;255;255m▀[0m[38;2;255;255;255m[48;2;255;255;255m▀[0m[38;2;255;255;255m[48;2;255;255;255m▀[0m[38;2;255;255;255m[48;2;255;255;255m▀[0m[38;2;255;255;255m[48;2;255;255;255m▀[0m[38;2;255;255;255m[48;2;255;255;255m▀[0m[38;2;255;255;255m[48;2;255;255;255m▀[0m[38;2;255;255;255m[48;2;255;255;255m▀[0m[38;2;255;255;255m[48;2;255;255;255m▀[0m[38;2;255;255;255m[48;2;255;255;255m▀[0m[38;2;255;255;255m[48;2;255;255;255m▀[0m[38;2;255;255;255m[48;2;255;255;255m▀[0m[38;2;255;255;255m[48;2;255;255;255m▀[0m[38;2;255;255;255m[48;2;255;255;255m▀[0m[38;2;255;255;255m[48;2;255;255;255m▀[0m[38;2;255;255;255m[48;2;255;255;255m▀[0m[38;2;255;255;255m[48;2;255;255;255m▀[0m[38;2;255;255;255m[48;2;255;255;255m▀[0m[38;2;255;255;255m[48;2;255;255;255m▀[0m[38;2;255;255;255m[48;2;255;255;255m▀[0m[38;2;255;255;255m[48;2;255;255;255m▀[0m[38;2;255;255;255m[48;2;255;255;255m▀[0m[38;2;255;255;255m[48;2;255;255;255m▀[0m[38;2;255;255;255m[48;2;255;255;255m▀[0m[38;2;255;255;255m[48;2;255;255;255m▀[0m[38;2;255;255;255m[48;2;255;255;255m▀[0m[38;2;255;255;255m[48;2;255;255;255m▀[0m[38;2;255;255;255m[48;2;255;255;255m▀[0m[38;2;255;255;255m[48;2;255;255;255m▀[0m[38;2;255;255;255m[48;2;255;255;255m▀[0m[38;2;255;255;255m[48;2;255;255;255m▀[0m[38;2;255;255;255m[48;2;255;255;255m▀[0m[38;2;255;255;255m[48;2;255;255;255m▀[0m[38;2;255;255;255m[48;2;255;255;255m▀[0m[38;2;255;57;45m[48;2;255;255;255m▀[0m[38;2;255;0;0m[48;2;255;0;0m▀[0m[38;2;89;0;0m[48;2;255;68;59m▀[0m[38;2;0;0;0m[48;2;247;31;38m▀[0m[38;2;0;0;0m[48;2;57;73;71m▀[0m[38;2;20;28;25m[48;2;0;0;0m▀[0m[38;2;0;0;0m[48;2;0;0;0m▀[0m[38;2;7;8;5m[48;2;76;83;79m▀[0m
[38;2;255;255;255m[48;2;255;255;255m▀[0m[38;2;255;255;255m[48;2;77;82;82m▀[0m[38;2;0;0;0m[48;2;0;0;0m▀[0m[38;2;166;172;172m[48;2;255;255;255m▀[0m[38;2;255;255;255m[48;2;255;255;255m▀[0m[38;2;255;255;255m[48;2;255;142;133m▀[0m[38;2;255;255;255m[48;2;255;255;255m▀[0m[38;2;255;255;255m[48;2;255;255;255m▀[0m[38;2;255;255;255m[48;2;255;255;255m▀[0m[38;2;255;255;255m[48;2;255;255;255m▀[0m[38;2;255;255;255m[48;2;255;255;255m▀[0m[38;2;255;255;255m[48;2;255;255;255m▀[0m[38;2;255;255;255m[48;2;255;255;255m▀[0m[38;2;217;217;217m[48;2;255;255;255m▀[0m[38;2;97;100;102m[48;2;73;76;76m▀[0m[38;2;237;237;237m[48;2;218;220;220m▀[0m[38;2;255;255;255m[48;2;227;230;227m▀[0m[38;2;255;255;255m[48;2;255;255;255m▀[0m[38;2;255;255;255m[48;2;255;255;255m▀[0m[38;2;255;255;255m[48;2;255;255;255m▀[0m[38;2;255;255;255m[48;2;255;255;255m▀[0m[38;2;255;255;255m[48;2;255;255;255m▀[0m[38;2;255;255;255m[48;2;255;255;255m▀[0m[38;2;255;255;255m[48;2;255;255;255m▀[0m[38;2;255;204;200m[48;2;255;255;255m▀[0m[38;2;255;255;255m[48;2;255;255;255m▀[0m[38;2;255;255;255m[48;2;255;255;255m▀[0m[38;2;255;255;255m[48;2;255;255;255m▀[0m[38;2;255;131;132m[48;2;255;211;214m▀[0m[38;2;255;255;255m[48;2;255;220;221m▀[0m[38;2;255;255;255m[48;2;255;255;255m▀[0m[38;2;255;255;255m[48;2;255;255;255m▀[0m[38;2;255;255;255m[48;2;255;255;255m▀[0m[38;2;255;255;255m[48;2;255;255;255m▀[0m[38;2;255;255;255m[48;2;255;255;255m▀[0m[38;2;255;150;132m[48;2;255;0;0m▀[0m[38;2;255;238;233m[48;2;255;0;0m▀[0m[38;2;255;255;255m[48;2;255;255;255m▀[0m[38;2;255;255;255m[48;2;255;255;255m▀[0m[38;2;255;255;255m[48;2;255;255;255m▀[0m[38;2;255;255;255m[48;2;255;255;255m▀[0m[38;2;255;255;255m[48;2;255;255;255m▀[0m[38;2;255;255;255m[48;2;255;255;255m▀[0m[38;2;255;255;255m[48;2;255;255;255m▀[0m[38;2;255;255;255m[48;2;255;255;255m▀[0m[38;2;255;255;255m[48;2;255;255;255m▀[0m[38;2;255;255;255m[48;2;255;255;255m▀[0m[38;2;255;255;255m[48;2;255;255;255m▀[0m[38;2;255;255;255m[48;2;255;255;255m▀[0m[38;2;255;255;255m[48;2;255;255;255m▀[0m[38;2;255;255;255m[48;2;255;255;255m▀[0m[38;2;255;255;255m[48;2;255;255;255m▀[0m[38;2;255;255;255m[48;2;255;255;255m▀[0m[38;2;255;255;255m[48;2;255;255;255m▀[0m[38;2;255;255;255m[48;2;255;255;255m▀[0m[38;2;255;255;255m[48;2;255;255;255m▀[0m[38;2;255;255;255m[48;2;255;255;255m▀[0m[38;2;255;255;255m[48;2;255;255;255m▀[0m[38;2;255;255;255m[48;2;255;255;255m▀[0m[38;2;255;255;255m[48;2;255;255;255m▀[0m[38;2;255;255;255m[48;2;255;255;255m▀[0m[38;2;255;255;255m[48;2;255;255;255m▀[0m[38;2;255;255;255m[48;2;255;255;255m▀[0m[38;2;255;255;255m[48;2;255;255;255m▀[0m[38;2;255;255;255m[48;2;255;255;255m▀[0m[38;2;255;255;255m[48;2;255;255;255m▀[0m[38;2;253;255;255m[48;2;254;255;255m▀[0m[38;2;253;255;255m[48;2;251;255;255m▀[0m[38;2;248;255;255m[48;2;248;255;255m▀[0m[38;2;255;165;162m[48;2;250;236;235m▀[0m[38;2;255;142;138m[48;2;255;63;55m▀[0m[38;2;255;255;255m[48;2;255;255;255m▀[0m[38;2;255;106;104m[48;2;255;255;255m▀[0m[38;2;255;255;255m[48;2;255;106;104m▀[0m[38;2;39;77;76m[48;2;255;255;255m▀[0m[38;2;0;0;0m[48;2;206;226;223m▀[0m
[38;2;10;14;16m[48;2;0;0;0m▀[0m[38;2;0;0;0m[48;2;113;132;136m▀[0m[38;2;207;223;225m[48;2;255;255;255m▀[0m[38;2;255;255;255m[48;2;255;252;249m▀[0m[38;2;255;167;165m[48;2;255;165;165m▀[0m[38;2;255;250;250m[48;2;255;255;255m▀[0m[38;2;255;255;255m[48;2;255;255;255m▀[0m[38;2;255;255;255m[48;2;255;255;255m▀[0m[38;2;255;255;255m[48;2;255;255;255m▀[0m[38;2;255;255;255m[48;2;255;255;255m▀[0m[38;2;255;255;255m[48;2;255;255;255m▀[0m[38;2;255;255;255m[48;2;255;255;255m▀[0m[38;2;255;255;255m[48;2;255;255;255m▀[0m[38;2;255;255;255m[48;2;255;255;255m▀[0m[38;2;86;90;87m[48;2;201;240;244m▀[0m[38;2;171;179;179m[48;2;90;138;143m▀[0m[38;2;209;217;217m[48;2;212;239;244m▀[0m[38;2;216;225;224m[48;2;193;213;212m▀[0m[38;2;252;255;255m[48;2;212;220;220m▀[0m[38;2;255;255;255m[48;2;240;247;246m▀[0m[38;2;255;255;255m[48;2;255;255;255m▀[0m[38;2;255;255;255m[48;2;255;255;255m▀[0m[38;2;255;255;255m[48;2;255;255;255m▀[0m[38;2;255;255;255m[48;2;255;255;255m▀[0m[38;2;255;255;255m[48;2;255;255;255m▀[0m[38;2;255;255;255m[48;2;255;255;255m▀[0m[38;2;255;255;255m[48;2;255;255;255m▀[0m[38;2;255;255;255m[48;2;255;255;255m▀[0m[38;2;255;255;255m[48;2;255;255;255m▀[0m[38;2;255;198;201m[48;2;255;216;222m▀[0m[38;2;255;255;255m[48;2;255;184;182m▀[0m[38;2;255;255;255m[48;2;255;255;255m▀[0m[38;2;255;255;255m[48;2;255;255;255m▀[0m[38;2;255;255;255m[48;2;255;255;255m▀[0m[38;2;255;255;255m[48;2;255;255;255m▀[0m[38;2;255;255;255m[48;2;255;255;255m▀[0m[38;2;255;0;0m[48;2;255;138;133m▀[0m[38;2;255;179;179m[48;2;255;16;12m▀[0m[38;2;255;255;255m[48;2;255;255;255m▀[0m[38;2;255;255;255m[48;2;255;255;255m▀[0m[38;2;255;255;255m[48;2;255;255;255m▀[0m[38;2;255;255;255m[48;2;255;255;255m▀[0m[38;2;255;255;255m[48;2;255;255;255m▀[0m[38;2;255;255;255m[48;2;255;255;255m▀[0m[38;2;255;255;255m[48;2;255;255;255m▀[0m[38;2;255;255;255m[48;2;255;255;255m▀[0m[38;2;255;255;255m[48;2;255;255;255m▀[0m[38;2;255;255;255m[48;2;255;255;255m▀[0m[38;2;255;255;255m[48;2;255;255;255m▀[0m[38;2;255;255;255m[48;2;255;255;255m▀[0m[38;2;255;255;255m[48;2;255;255;255m▀[0m[38;2;255;255;255m[48;2;255;255;255m▀[0m[38;2;255;255;255m[48;2;255;255;255m▀[0m[38;2;255;255;255m[48;2;255;255;255m▀[0m[38;2;255;255;255m[48;2;255;255;255m▀[0m[38;2;255;255;255m[48;2;255;255;255m▀[0m[38;2;255;255;255m[48;2;255;255;255m▀[0m[38;2;255;255;255m[48;2;255;255;255m▀[0m[38;2;255;255;255m[48;2;255;255;255m▀[0m[38;2;255;255;255m[48;2;255;255;255m▀[0m[38;2;255;255;255m[48;2;255;255;255m▀[0m[38;2;255;255;255m[48;2;255;255;255m▀[0m[38;2;255;255;255m[48;2;255;255;255m▀[0m[38;2;255;255;255m[48;2;255;255;255m▀[0m[38;2;255;255;255m[48;2;255;255;255m▀[0m[38;2;255;255;255m[48;2;255;255;255m▀[0m[38;2;255;255;255m[48;2;255;255;255m▀[0m[38;2;252;255;255m[48;2;251;255;255m▀[0m[38;2;245;255;255m[48;2;247;255;255m▀[0m[38;2;255;218;219m[48;2;245;255;255m▀[0m[38;2;255;0;0m[48;2;255;16;6m▀[0m[38;2;246;245;245m[48;2;253;217;213m▀[0m[38;2;254;255;255m[48;2;238;255;255m▀[0m[38;2;254;197;196m[48;2;243;255;255m▀[0m[38;2;255;101;90m[48;2;253;163;162m▀[0m[38;2;255;255;255m[48;2;222;231;226m▀[0m
[38;2;155;180;183m[48;2;255;255;255m▀[0m[38;2;255;255;255m[48;2;255;145;145m▀[0m[38;2;255;255;255m[48;2;255;60;62m▀[0m[38;2;255;41;41m[48;2;255;0;0m▀[0m[38;2;255;213;213m[48;2;255;68;64m▀[0m[38;2;255;255;255m[48;2;251;203;203m▀[0m[38;2;255;255;255m[48;2;234;250;251m▀[0m[38;2;255;255;255m[48;2;255;255;255m▀[0m[38;2;255;255;255m[48;2;255;255;255m▀[0m[38;2;255;255;255m[48;2;255;255;255m▀[0m[38;2;255;255;255m[48;2;255;255;255m▀[0m[38;2;255;255;255m[48;2;255;255;255m▀[0m[38;2;255;255;255m[48;2;255;255;255m▀[0m[38;2;255;255;255m[48;2;255;177;163m▀[0m[38;2;255;233;225m[48;2;255;76;39m▀[0m[38;2;226;131;120m[48;2;255;172;150m▀[0m[38;2;191;212;216m[48;2;255;101;81m▀[0m[38;2;178;238;243m[48;2;255;119;106m▀[0m[38;2;194;227;228m[48;2;198;214;212m▀[0m[38;2;203;219;217m[48;2;191;251;255m▀[0m[38;2;235;239;240m[48;2;206;223;223m▀[0m[38;2;255;255;255m[48;2;224;238;239m▀[0m[38;2;255;255;255m[48;2;249;255;255m▀[0m[38;2;255;255;255m[48;2;255;255;255m▀[0m[38;2;255;255;255m[48;2;255;255;255m▀[0m[38;2;255;255;255m[48;2;255;255;255m▀[0m[38;2;255;255;255m[48;2;255;255;255m▀[0m[38;2;255;255;255m[48;2;255;255;255m▀[0m[38;2;255;255;255m[48;2;255;255;255m▀[0m[38;2;255;255;255m[48;2;255;255;255m▀[0m[38;2;255;117;114m[48;2;255;248;248m▀[0m[38;2;255;241;239m[48;2;255;240;238m▀[0m[38;2;255;255;255m[48;2;255;255;255m▀[0m[38;2;255;255;255m[48;2;255;255;255m▀[0m[38;2;255;255;255m[48;2;255;255;255m▀[0m[38;2;255;255;255m[48;2;255;255;255m▀[0m[38;2;255;255;255m[48;2;255;255;255m▀[0m[38;2;255;146;149m[48;2;255;231;231m▀[0m[38;2;255;255;255m[48;2;255;223;221m▀[0m[38;2;255;255;255m[48;2;255;255;255m▀[0m[38;2;255;255;255m[48;2;255;255;255m▀[0m[38;2;255;255;255m[48;2;255;255;255m▀[0m[38;2;255;255;255m[48;2;255;255;255m▀[0m[38;2;255;255;255m[48;2;255;255;255m▀[0m[38;2;255;255;255m[48;2;255;255;255m▀[0m[38;2;255;255;255m[48;2;255;255;255m▀[0m[38;2;255;255;255m[48;2;255;255;255m▀[0m[38;2;255;255;255m[48;2;255;255;255m▀[0m[38;2;255;255;255m[48;2;255;255;255m▀[0m[38;2;255;255;255m[48;2;255;255;255m▀[0m[38;2;255;255;255m[48;2;255;255;255m▀[0m[38;2;255;255;255m[48;2;255;255;255m▀[0m[38;2;255;255;255m[48;2;255;255;255m▀[0m[38;2;255;255;255m[48;2;255;255;255m▀[0m[38;2;255;255;255m[48;2;255;255;255m▀[0m[38;2;255;255;255m[48;2;255;255;255m▀[0m[38;2;255;255;255m[48;2;255;255;255m▀[0m[38;2;255;255;255m[48;2;255;255;255m▀[0m[38;2;255;255;255m[48;2;255;255;255m▀[0m[38;2;255;255;255m[48;2;255;255;255m▀[0m[38;2;255;255;255m[48;2;255;255;255m▀[0m[38;2;255;255;255m[48;2;255;255;255m▀[0m[38;2;255;255;255m[48;2;255;255;255m▀[0m[38;2;255;255;255m[48;2;255;255;255m▀[0m[38;2;255;255;255m[48;2;255;255;255m▀[0m[38;2;255;255;255m[48;2;255;255;255m▀[0m[38;2;253;255;255m[48;2;254;255;255m▀[0m[38;2;252;255;255m[48;2;246;251;247m▀[0m[38;2;250;255;255m[48;2;250;252;252m▀[0m[38;2;245;255;255m[48;2;246;255;255m▀[0m[38;2;255;127;120m[48;2;255;191;184m▀[0m[38;2;251;232;228m[48;2;251;231;227m▀[0m[38;2;240;255;255m[48;2;244;255;255m▀[0m[38;2;246;255;255m[48;2;248;255;255m▀[0m[38;2;247;204;203m[48;2;239;235;237m▀[0m[38;2;243;192;187m[48;2;237;150;143m▀[0m
[38;2;255;255;255m[48;2;255;255;255m▀[0m[38;2;255;255;255m[48;2;255;255;255m▀[0m[38;2;255;23;19m[48;2;255;189;183m▀[0m[38;2;255;255;255m[48;2;255;255;255m▀[0m[38;2;255;255;255m[48;2;255;255;255m▀[0m[38;2;216;132;128m[48;2;255;255;255m▀[0m[38;2;0;0;0m[48;2;255;255;255m▀[0m[38;2;0;4;5m[48;2;162;162;163m▀[0m[38;2;227;230;232m[48;2;145;149;151m▀[0m[38;2;255;255;255m[48;2;255;255;255m▀[0m[38;2;255;255;255m[48;2;255;255;255m▀[0m[38;2;255;255;255m[48;2;255;255;255m▀[0m[38;2;255;237;230m[48;2;255;123;90m▀[0m[38;2;255;81;50m[48;2;255;85;66m▀[0m[38;2;255;138;120m[48;2;255;120;96m▀[0m[38;2;255;170;145m[48;2;220;22;0m▀[0m[38;2;255;171;156m[48;2;38;0;0m▀[0m[38;2;255;114;83m[48;2;104;0;0m▀[0m[38;2;255;52;19m[48;2;255;2;0m▀[0m[38;2;234;165;163m[48;2;255;44;7m▀[0m[38;2;189;238;239m[48;2;255;136;122m▀[0m[38;2;208;230;233m[48;2;191;227;233m▀[0m[38;2;225;235;237m[48;2;205;225;231m▀[0m[38;2;240;245;246m[48;2;216;224;224m▀[0m[38;2;253;255;255m[48;2;233;232;232m▀[0m[38;2;255;255;255m[48;2;247;247;244m▀[0m[38;2;255;255;255m[48;2;253;255;255m▀[0m[38;2;255;255;255m[48;2;255;255;255m▀[0m[38;2;255;255;255m[48;2;255;255;255m▀[0m[38;2;255;255;255m[48;2;255;255;255m▀[0m[38;2;255;255;255m[48;2;255;255;255m▀[0m[38;2;255;254;254m[48;2;255;247;247m▀[0m[38;2;255;255;255m[48;2;255;165;162m▀[0m[38;2;255;255;255m[48;2;255;255;255m▀[0m[38;2;255;255;255m[48;2;255;255;255m▀[0m[38;2;255;255;255m[48;2;255;255;255m▀[0m[38;2;255;255;255m[48;2;255;255;255m▀[0m[38;2;255;255;255m[48;2;255;255;255m▀[0m[38;2;255;199;199m[48;2;255;217;210m▀[0m[38;2;255;255;255m[48;2;255;236;234m▀[0m[38;2;255;255;255m[48;2;255;255;255m▀[0m[38;2;255;255;255m[48;2;255;255;255m▀[0m[38;2;255;255;255m[48;2;255;255;255m▀[0m[38;2;255;255;255m[48;2;255;255;255m▀[0m[38;2;255;255;255m[48;2;255;255;255m▀[0m[38;2;255;255;255m[48;2;255;255;255m▀[0m[38;2;255;255;255m[48;2;255;255;255m▀[0m[38;2;255;255;255m[48;2;255;255;255m▀[0m[38;2;255;255;255m[48;2;255;255;255m▀[0m[38;2;255;255;255m[48;2;255;255;255m▀[0m[38;2;255;255;255m[48;2;255;255;255m▀[0m[38;2;255;255;255m[48;2;255;255;255m▀[0m[38;2;255;255;255m[48;2;255;255;255m▀[0m[38;2;255;255;255m[48;2;255;255;255m▀[0m[38;2;255;255;255m[48;2;255;255;255m▀[0m[38;2;255;255;255m[48;2;255;255;255m▀[0m[38;2;255;255;255m[48;2;255;255;255m▀[0m[38;2;255;255;255m[48;2;255;255;255m▀[0m[38;2;255;255;255m[48;2;255;255;255m▀[0m[38;2;255;255;255m[48;2;255;255;255m▀[0m[38;2;255;255;255m[48;2;255;255;255m▀[0m[38;2;255;255;255m[48;2;255;255;255m▀[0m[38;2;255;255;255m[48;2;255;255;255m▀[0m[38;2;255;255;255m[48;2;255;255;255m▀[0m[38;2;255;255;255m[48;2;255;255;255m▀[0m[38;2;254;255;255m[48;2;253;255;255m▀[0m[38;2;249;253;253m[48;2;253;253;253m▀[0m[38;2;255;255;255m[48;2;255;255;255m▀[0m[38;2;254;255;255m[48;2;255;255;255m▀[0m[38;2;245;255;255m[48;2;245;255;255m▀[0m[38;2;255;187;185m[48;2;255;189;186m▀[0m[38;2;253;214;211m[48;2;255;206;203m▀[0m[38;2;244;255;255m[48;2;244;255;255m▀[0m[38;2;245;248;249m[48;2;245;248;245m▀[0m[38;2;243;255;255m[48;2;240;248;249m▀[0m[38;2;233;158;157m[48;2;253;254;251m▀[0m
[38;2;255;255;255m[48;2;255;255;255m▀[0m[38;2;255;206;199m[48;2;255;152;150m▀[0m[38;2;255;179;176m[48;2;255;189;185m▀[0m[38;2;255;255;255m[48;2;255;255;255m▀[0m[38;2;255;255;255m[48;2;255;255;255m▀[0m[38;2;255;255;255m[48;2;255;255;255m▀[0m[38;2;255;255;255m[48;2;255;255;255m▀[0m[38;2;255;255;255m[48;2;255;255;255m▀[0m[38;2;255;255;255m[48;2;255;255;255m▀[0m[38;2;255;255;255m[48;2;255;255;255m▀[0m[38;2;255;255;255m[48;2;255;255;255m▀[0m[38;2;255;247;243m[48;2;255;169;155m▀[0m[38;2;255;58;27m[48;2;255;60;27m▀[0m[38;2;255;58;31m[48;2;214;37;21m▀[0m[38;2;213;20;4m[48;2;0;0;0m▀[0m[38;2;0;0;0m[48;2;0;0;0m▀[0m[38;2;0;0;0m[48;2;255;255;255m▀[0m[38;2;5;101;109m[48;2;255;255;255m▀[0m[38;2;0;0;0m[48;2;123;178;181m▀[0m[38;2;123;0;0m[48;2;0;0;0m▀[0m[38;2;255;48;7m[48;2;55;0;0m▀[0m[38;2;255;144;133m[48;2;255;57;19m▀[0m[38;2;190;219;219m[48;2;226;159;154m▀[0m[38;2;205;217;221m[48;2;176;205;212m▀[0m[38;2;211;216;217m[48;2;196;203;207m▀[0m[38;2;224;224;224m[48;2;205;205;210m▀[0m[38;2;230;232;232m[48;2;212;212;209m▀[0m[38;2;235;245;243m[48;2;216;218;218m▀[0m[38;2;247;251;248m[48;2;220;222;222m▀[0m[38;2;250;255;255m[48;2;223;226;225m▀[0m[38;2;252;255;255m[48;2;225;232;233m▀[0m[38;2;255;255;255m[48;2;232;238;238m▀[0m[38;2;255;184;185m[48;2;228;255;255m▀[0m[38;2;255;173;171m[48;2;253;69;59m▀[0m[38;2;255;255;255m[48;2;255;109;99m▀[0m[38;2;255;255;255m[48;2;243;255;255m▀[0m[38;2;255;255;255m[48;2;244;250;250m▀[0m[38;2;255;255;255m[48;2;245;248;247m▀[0m[38;2;255;255;255m[48;2;239;255;255m▀[0m[38;2;255;180;174m[48;2;255;150;144m▀[0m[38;2;255;255;255m[48;2;255;138;129m▀[0m[38;2;255;255;255m[48;2;243;255;255m▀[0m[38;2;255;255;255m[48;2;244;250;250m▀[0m[38;2;255;255;255m[48;2;245;249;252m▀[0m[38;2;255;255;255m[48;2;248;250;250m▀[0m[38;2;255;255;255m[48;2;250;252;252m▀[0m[38;2;255;255;255m[48;2;255;255;255m▀[0m[38;2;255;255;255m[48;2;254;255;255m▀[0m[38;2;255;255;255m[48;2;255;255;255m▀[0m[38;2;255;255;255m[48;2;255;255;255m▀[0m[38;2;255;255;255m[48;2;255;255;255m▀[0m[38;2;255;255;255m[48;2;255;255;255m▀[0m[38;2;255;255;255m[48;2;255;255;255m▀[0m[38;2;255;255;255m[48;2;255;255;255m▀[0m[38;2;255;255;255m[48;2;255;255;255m▀[0m[38;2;255;255;255m[48;2;255;255;255m▀[0m[38;2;255;255;255m[48;2;255;255;255m▀[0m[38;2;255;255;255m[48;2;255;255;255m▀[0m[38;2;255;255;255m[48;2;255;255;255m▀[0m[38;2;255;255;255m[48;2;255;255;255m▀[0m[38;2;255;255;255m[48;2;255;255;255m▀[0m[38;2;255;255;255m[48;2;255;255;255m▀[0m[38;2;255;255;255m[48;2;255;255;255m▀[0m[38;2;255;255;255m[48;2;254;255;255m▀[0m[38;2;255;255;255m[48;2;253;255;255m▀[0m[38;2;253;255;255m[48;2;253;253;253m▀[0m[38;2;254;254;254m[48;2;252;252;252m▀[0m[38;2;251;251;251m[48;2;250;250;250m▀[0m[38;2;251;251;251m[48;2;250;250;250m▀[0m[38;2;247;255;255m[48;2;247;255;255m▀[0m[38;2;255;228;228m[48;2;250;238;236m▀[0m[38;2;252;231;231m[48;2;247;239;239m▀[0m[38;2;244;255;255m[48;2;245;254;253m▀[0m[38;2;245;245;243m[48;2;245;245;245m▀[0m[38;2;241;244;241m[48;2;243;243;243m▀[0m[38;2;245;245;239m[48;2;243;243;243m▀[0m
[38;2;255;255;255m[48;2;255;255;255m▀[0m[38;2;255;118;117m[48;2;255;82;79m▀[0m[38;2;255;179;176m[48;2;255;119;119m▀[0m[38;2;255;255;255m[48;2;255;255;255m▀[0m[38;2;255;255;255m[48;2;255;255;255m▀[0m[38;2;255;255;255m[48;2;255;255;255m▀[0m[38;2;255;255;255m[48;2;255;255;255m▀[0m[38;2;255;255;255m[48;2;255;255;255m▀[0m[38;2;255;255;255m[48;2;255;255;255m▀[0m[38;2;255;255;255m[48;2;255;255;255m▀[0m[38;2;255;255;255m[48;2;250;255;255m▀[0m[38;2;255;122;100m[48;2;255;92;70m▀[0m[38;2;255;49;31m[48;2;255;17;9m▀[0m[38;2;204;0;4m[48;2;255;0;2m▀[0m[38;2;255;0;0m[48;2;0;0;0m▀[0m[38;2;191;123;120m[48;2;35;126;127m▀[0m[38;2;255;255;255m[48;2;255;255;255m▀[0m[38;2;255;255;255m[48;2;255;255;255m▀[0m[38;2;255;255;255m[48;2;255;255;255m▀[0m[38;2;217;255;255m[48;2;211;255;255m▀[0m[38;2;0;0;0m[48;2;235;56;64m▀[0m[38;2;255;62;33m[48;2;255;47;17m▀[0m[38;2;255;118;98m[48;2;255;122;103m▀[0m[38;2;183;171;171m[48;2;190;160;160m▀[0m[38;2;163;179;190m[48;2;144;158;166m▀[0m[38;2;184;184;186m[48;2;166;170;171m▀[0m[38;2;187;191;186m[48;2;168;176;168m▀[0m[38;2;193;193;193m[48;2;178;181;178m▀[0m[38;2;193;193;195m[48;2;179;183;180m▀[0m[38;2;193;196;196m[48;2;180;181;178m▀[0m[38;2;194;198;198m[48;2;180;180;180m▀[0m[38;2;196;204;204m[48;2;179;181;181m▀[0m[38;2;197;209;213m[48;2;174;181;182m▀[0m[38;2;192;211;211m[48;2;174;189;189m▀[0m[38;2;241;0;0m[48;2;174;206;207m▀[0m[38;2;212;181;180m[48;2;183;193;192m▀[0m[38;2;210;225;227m[48;2;193;195;193m▀[0m[38;2;213;216;216m[48;2;193;195;196m▀[0m[38;2;212;227;230m[48;2;191;197;197m▀[0m[38;2;216;238;236m[48;2;182;239;239m▀[0m[38;2;255;0;0m[48;2;218;43;42m▀[0m[38;2;239;177;178m[48;2;228;97;98m▀[0m[38;2;225;255;255m[48;2;208;253;251m▀[0m[38;2;233;231;235m[48;2;219;218;216m▀[0m[38;2;234;236;236m[48;2;220;222;220m▀[0m[38;2;238;240;238m[48;2;225;225;225m▀[0m[38;2;241;244;244m[48;2;230;230;230m▀[0m[38;2;244;246;246m[48;2;233;233;233m▀[0m[38;2;247;249;247m[48;2;237;237;237m▀[0m[38;2;250;254;254m[48;2;240;240;240m▀[0m[38;2;255;255;255m[48;2;244;244;248m▀[0m[38;2;255;255;255m[48;2;250;250;250m▀[0m[38;2;255;255;255m[48;2;254;253;253m▀[0m[38;2;255;255;255m[48;2;254;255;255m▀[0m[38;2;255;255;255m[48;2;255;255;255m▀[0m[38;2;255;255;255m[48;2;255;255;255m▀[0m[38;2;255;255;255m[48;2;255;255;255m▀[0m[38;2;255;255;255m[48;2;255;255;255m▀[0m[38;2;255;255;255m[48;2;255;255;255m▀[0m[38;2;255;255;255m[48;2;255;255;255m▀[0m[38;2;255;255;255m[48;2;255;255;255m▀[0m[38;2;255;255;255m[48;2;254;255;255m▀[0m[38;2;255;255;255m[48;2;252;254;254m▀[0m[38;2;254;254;254m[48;2;251;253;253m▀[0m[38;2;253;253;253m[48;2;252;252;252m▀[0m[38;2;250;252;252m[48;2;251;251;251m▀[0m[38;2;251;251;251m[48;2;249;251;251m▀[0m[38;2;250;250;250m[48;2;249;249;250m▀[0m[38;2;250;249;249m[48;2;248;252;252m▀[0m[38;2;245;255;255m[48;2;243;255;255m▀[0m[38;2;255;208;205m[48;2;255;192;189m▀[0m[38;2;251;225;223m[48;2;250;231;226m▀[0m[38;2;243;255;255m[48;2;240;255;254m▀[0m[38;2;244;244;244m[48;2;241;241;241m▀[0m[38;2;243;243;243m[48;2;240;243;240m▀[0m[38;2;240;243;240m[48;2;240;240;240m▀[0m
[38;2;255;255;255m[48;2;255;255;255m▀[0m[38;2;255;152;149m[48;2;255;255;255m▀[0m[38;2;255;139;139m[48;2;255;255;255m▀[0m[38;2;255;255;255m[48;2;255;255;255m▀[0m[38;2;255;255;255m[48;2;255;255;255m▀[0m[38;2;255;255;255m[48;2;255;255;255m▀[0m[38;2;255;255;255m[48;2;255;255;255m▀[0m[38;2;255;255;255m[48;2;248;245;248m▀[0m[38;2;255;255;255m[48;2;110;109;110m▀[0m[38;2;250;255;255m[48;2;0;0;0m▀[0m[38;2;55;75;72m[48;2;0;0;0m▀[0m[38;2;73;2;0m[48;2;0;0;0m▀[0m[38;2;255;19;9m[48;2;255;71;57m▀[0m[38;2;245;20;8m[48;2;252;48;38m▀[0m[38;2;255;0;0m[48;2;255;23;7m▀[0m[38;2;120;98;95m[48;2;185;35;22m▀[0m[38;2;255;255;255m[48;2;255;255;255m▀[0m[38;2;255;255;255m[48;2;255;255;255m▀[0m[38;2;237;255;255m[48;2;195;220;222m▀[0m[38;2;235;217;214m[48;2;184;130;123m▀[0m[38;2;255;16;0m[48;2;255;171;163m▀[0m[38;2;255;137;119m[48;2;255;255;255m▀[0m[38;2;255;255;255m[48;2;255;255;255m▀[0m[38;2;248;255;255m[48;2;255;255;255m▀[0m[38;2;184;186;184m[48;2;255;255;255m▀[0m[38;2;162;164;166m[48;2;255;255;255m▀[0m[38;2;162;164;164m[48;2;183;185;191m▀[0m[38;2;172;177;173m[48;2;160;163;163m▀[0m[38;2;177;179;177m[48;2;178;180;178m▀[0m[38;2;177;176;176m[48;2;182;181;181m▀[0m[38;2;178;177;177m[48;2;185;182;182m▀[0m[38;2;178;178;178m[48;2;187;187;187m▀[0m[38;2;176;179;179m[48;2;187;187;187m▀[0m[38;2;179;178;179m[48;2;186;186;187m▀[0m[38;2;177;172;174m[48;2;185;185;185m▀[0m[38;2;178;180;178m[48;2;183;183;183m▀[0m[38;2;183;185;183m[48;2;183;185;187m▀[0m[38;2;183;185;183m[48;2;184;189;187m▀[0m[38;2;183;192;191m[48;2;185;189;189m▀[0m[38;2;187;192;195m[48;2;186;191;190m▀[0m[38;2;186;214;212m[48;2;193;192;190m▀[0m[38;2;197;218;217m[48;2;195;195;193m▀[0m[38;2;205;204;201m[48;2;190;196;196m▀[0m[38;2;203;207;206m[48;2;195;195;197m▀[0m[38;2;206;210;209m[48;2;197;197;194m▀[0m[38;2;212;212;207m[48;2;196;199;196m▀[0m[38;2;216;216;216m[48;2;201;201;201m▀[0m[38;2;220;220;220m[48;2;203;207;207m▀[0m[38;2;223;223;223m[48;2;210;210;205m▀[0m[38;2;226;228;228m[48;2;213;213;213m▀[0m[38;2;232;232;232m[48;2;217;219;217m▀[0m[38;2;234;236;236m[48;2;220;222;222m▀[0m[38;2;240;243;243m[48;2;223;225;225m▀[0m[38;2;246;246;246m[48;2;227;230;230m▀[0m[38;2;252;251;251m[48;2;234;234;234m▀[0m[38;2;254;253;253m[48;2;239;236;236m▀[0m[38;2;251;253;253m[48;2;238;240;240m▀[0m[38;2;255;254;254m[48;2;245;241;241m▀[0m[38;2;255;255;255m[48;2;246;249;249m▀[0m[38;2;255;255;255m[48;2;249;251;251m▀[0m[38;2;254;255;255m[48;2;251;252;249m▀[0m[38;2;251;253;253m[48;2;249;252;252m▀[0m[38;2;250;252;250m[48;2;248;250;250m▀[0m[38;2;250;250;250m[48;2;245;247;247m▀[0m[38;2;248;250;250m[48;2;247;247;247m▀[0m[38;2;250;250;250m[48;2;245;247;247m▀[0m[38;2;248;250;248m[48;2;245;247;247m▀[0m[38;2;246;248;248m[48;2;245;248;249m▀[0m[38;2;247;249;251m[48;2;244;253;253m▀[0m[38;2;239;255;255m[48;2;237;255;255m▀[0m[38;2;255;166;163m[48;2;255;117;116m▀[0m[38;2;247;231;231m[48;2;243;246;246m▀[0m[38;2;239;255;255m[48;2;238;254;254m▀[0m[38;2;239;241;239m[48;2;240;240;240m▀[0m[38;2;240;240;240m[48;2;238;240;240m▀[0m[38;2;238;240;238m[48;2;238;240;238m▀[0m
[38;2;255;255;255m[48;2;0;0;0m▀[0m[38;2;255;255;255m[48;2;38;43;38m▀[0m[38;2;255;255;255m[48;2;14;14;14m▀[0m[38;2;255;255;255m[48;2;0;0;0m▀[0m[38;2;172;170;174m[48;2;71;73;73m▀[0m[38;2;32;32;30m[48;2;228;228;228m▀[0m[38;2;0;0;0m[48;2;247;247;245m▀[0m[38;2;0;0;0m[48;2;65;68;68m▀[0m[38;2;0;0;0m[48;2;0;0;0m▀[0m[38;2;255;255;255m[48;2;255;255;255m▀[0m[38;2;255;255;255m[48;2;255;255;255m▀[0m[38;2;65;131;135m[48;2;255;255;255m▀[0m[38;2;141;17;3m[48;2;29;0;0m▀[0m[38;2;254;92;72m[48;2;255;192;178m▀[0m[38;2;255;65;54m[48;2;255;165;159m▀[0m[38;2;204;0;0m[48;2;255;147;136m▀[0m[38;2;146;150;149m[48;2;157;110;101m▀[0m[38;2;255;255;255m[48;2;255;255;255m▀[0m[38;2;239;253;251m[48;2;255;255;255m▀[0m[38;2;216;227;227m[48;2;189;198;197m▀[0m[38;2;255;255;255m[48;2;255;255;255m▀[0m[38;2;255;255;255m[48;2;44;0;0m▀[0m[38;2;255;255;255m[48;2;181;193;190m▀[0m[38;2;255;255;255m[48;2;255;255;255m▀[0m[38;2;255;255;255m[48;2;255;255;255m▀[0m[38;2;255;255;255m[48;2;255;255;255m▀[0m[38;2;255;255;255m[48;2;255;255;255m▀[0m[38;2;220;218;226m[48;2;255;255;255m▀[0m[38;2;164;164;169m[48;2;218;224;228m▀[0m[38;2;189;189;186m[48;2;150;154;153m▀[0m[38;2;205;204;204m[48;2;165;167;167m▀[0m[38;2;203;203;203m[48;2;200;198;201m▀[0m[38;2;195;197;197m[48;2;228;231;231m▀[0m[38;2;194;197;197m[48;2;222;225;222m▀[0m[38;2;192;195;195m[48;2;204;204;206m▀[0m[38;2;187;190;194m[48;2;197;195;199m▀[0m[38;2;190;190;191m[48;2;195;195;195m▀[0m[38;2;189;190;186m[48;2;189;190;186m▀[0m[38;2;189;189;189m[48;2;189;189;186m▀[0m[38;2;189;191;189m[48;2;187;190;187m▀[0m[38;2;190;192;190m[48;2;187;190;187m▀[0m[38;2;189;191;189m[48;2;187;190;187m▀[0m[38;2;185;189;191m[48;2;190;190;187m▀[0m[38;2;189;193;193m[48;2;190;190;190m▀[0m[38;2;187;191;191m[48;2;190;190;190m▀[0m[38;2;189;192;189m[48;2;190;190;190m▀[0m[38;2;192;194;196m[48;2;191;187;191m▀[0m[38;2;192;195;195m[48;2;187;192;192m▀[0m[38;2;194;197;194m[48;2;190;190;190m▀[0m[38;2;199;198;199m[48;2;190;192;192m▀[0m[38;2;205;206;201m[48;2;192;194;192m▀[0m[38;2;207;209;207m[48;2;194;196;194m▀[0m[38;2;210;211;207m[48;2;196;198;196m▀[0m[38;2;212;214;214m[48;2;198;200;198m▀[0m[38;2;217;219;219m[48;2;201;204;201m▀[0m[38;2;221;223;223m[48;2;209;209;209m▀[0m[38;2;225;227;227m[48;2;211;213;211m▀[0m[38;2;227;230;230m[48;2;213;217;216m▀[0m[38;2;231;233;233m[48;2;217;219;219m▀[0m[38;2;234;236;234m[48;2;222;222;222m▀[0m[38;2;241;240;240m[48;2;223;225;223m▀[0m[38;2;240;244;244m[48;2;227;227;227m▀[0m[38;2;240;243;243m[48;2;232;228;232m▀[0m[38;2;241;244;245m[48;2;232;234;235m▀[0m[38;2;246;245;245m[48;2;239;238;239m▀[0m[38;2;244;246;246m[48;2;243;241;241m▀[0m[38;2;241;246;241m[48;2;244;244;244m▀[0m[38;2;240;247;248m[48;2;246;249;248m▀[0m[38;2;239;255;255m[48;2;238;255;255m▀[0m[38;2;249;210;207m[48;2;255;164;160m▀[0m[38;2;255;34;32m[48;2;255;45;45m▀[0m[38;2;234;255;255m[48;2;236;255;255m▀[0m[38;2;239;247;247m[48;2;241;244;245m▀[0m[38;2;238;246;244m[48;2;240;245;241m▀[0m[38;2;238;240;240m[48;2;241;243;239m▀[0m[38;2;237;239;239m[48;2;238;240;238m▀[0m
[38;2;0;0;0m[48;2;255;255;255m▀[0m[38;2;0;0;0m[48;2;255;255;255m▀[0m[38;2;114;113;113m[48;2;255;255;255m▀[0m[38;2;255;255;255m[48;2;255;255;255m▀[0m[38;2;255;255;255m[48;2;168;171;168m▀[0m[38;2;255;255;255m[48;2;166;169;171m▀[0m[38;2;168;171;165m[48;2;241;243;239m▀[0m[38;2;100;104;104m[48;2;38;41;42m▀[0m[38;2;0;0;0m[48;2;0;0;0m▀[0m[38;2;179;179;181m[48;2;0;0;0m▀[0m[38;2;255;255;255m[48;2;177;179;177m▀[0m[38;2;251;255;255m[48;2;35;39;43m▀[0m[38;2;0;0;0m[48;2;100;112;110m▀[0m[38;2;255;255;255m[48;2;255;255;255m▀[0m[38;2;255;255;255m[48;2;255;255;255m▀[0m[38;2;255;255;255m[48;2;255;255;255m▀[0m[38;2;182;217;217m[48;2;255;255;255m▀[0m[38;2;214;222;223m[48;2;69;76;76m▀[0m[38;2;255;255;255m[48;2;255;255;255m▀[0m[38;2;153;156;153m[48;2;222;226;223m▀[0m[38;2;255;255;255m[48;2;226;246;245m▀[0m[38;2;156;0;0m[48;2;255;255;255m▀[0m[38;2;38;0;0m[48;2;198;0;0m▀[0m[38;2;255;255;255m[48;2;190;164;162m▀[0m[38;2;255;255;255m[48;2;255;255;255m▀[0m[38;2;255;255;255m[48;2;255;255;255m▀[0m[38;2;255;255;255m[48;2;255;255;255m▀[0m[38;2;255;255;255m[48;2;255;255;255m▀[0m[38;2;255;255;255m[48;2;255;255;255m▀[0m[38;2;223;226;227m[48;2;255;255;255m▀[0m[38;2;123;127;127m[48;2;240;244;243m▀[0m[38;2;55;57;57m[48;2;187;190;192m▀[0m[38;2;89;88;85m[48;2;0;0;0m▀[0m[38;2;162;163;158m[48;2;0;0;0m▀[0m[38;2;228;227;227m[48;2;99;101;101m▀[0m[38;2;224;223;220m[48;2;214;212;217m▀[0m[38;2;199;203;199m[48;2;255;255;255m▀[0m[38;2;193;196;195m[48;2;212;212;210m▀[0m[38;2;191;189;186m[48;2;199;199;199m▀[0m[38;2;190;190;190m[48;2;196;195;196m▀[0m[38;2;187;190;187m[48;2;190;190;190m▀[0m[38;2;187;190;187m[48;2;189;189;189m▀[0m[38;2;190;190;190m[48;2;187;190;187m▀[0m[38;2;190;190;190m[48;2;189;189;189m▀[0m[38;2;189;189;189m[48;2;189;189;189m▀[0m[38;2;187;187;187m[48;2;187;187;187m▀[0m[38;2;184;184;184m[48;2;185;182;185m▀[0m[38;2;187;187;187m[48;2;185;185;185m▀[0m[38;2;186;189;189m[48;2;183;185;185m▀[0m[38;2;185;184;184m[48;2;181;183;183m▀[0m[38;2;185;187;187m[48;2;182;186;186m▀[0m[38;2;187;189;185m[48;2;187;187;187m▀[0m[38;2;186;189;190m[48;2;184;186;184m▀[0m[38;2;190;192;190m[48;2;189;190;185m▀[0m[38;2;192;194;192m[48;2;187;187;187m▀[0m[38;2;194;194;194m[48;2;185;187;185m▀[0m[38;2;198;198;198m[48;2;190;189;190m▀[0m[38;2;204;204;204m[48;2;192;192;192m▀[0m[38;2;201;206;206m[48;2;190;193;190m▀[0m[38;2;206;208;206m[48;2;192;191;192m▀[0m[38;2;208;210;208m[48;2;192;194;192m▀[0m[38;2;211;213;211m[48;2;192;195;192m▀[0m[38;2;213;216;213m[48;2;195;197;195m▀[0m[38;2;216;218;216m[48;2;200;199;197m▀[0m[38;2;219;221;219m[48;2;200;200;201m▀[0m[38;2;221;223;225m[48;2;201;201;203m▀[0m[38;2;225;230;226m[48;2;198;206;205m▀[0m[38;2;228;233;234m[48;2;197;204;203m▀[0m[38;2;222;255;255m[48;2;182;231;232m▀[0m[38;2;251;178;178m[48;2;221;126;126m▀[0m[38;2;255;184;179m[48;2;220;189;186m▀[0m[38;2;227;255;255m[48;2;209;241;243m▀[0m[38;2;236;243;239m[48;2;214;222;222m▀[0m[38;2;234;241;239m[48;2;216;222;222m▀[0m[38;2;237;239;239m[48;2;220;222;222m▀[0m[38;2;239;241;241m[48;2;223;225;226m▀[0m
[38;2;255;255;255m[48;2;255;255;255m▀[0m[38;2;248;251;251m[48;2;255;255;255m▀[0m[38;2;225;230;230m[48;2;237;240;243m▀[0m[38;2;217;219;219m[48;2;255;255;255m▀[0m[38;2;255;255;255m[48;2;255;255;255m▀[0m[38;2;248;250;250m[48;2;255;255;255m▀[0m[38;2;255;255;255m[48;2;255;255;255m▀[0m[38;2;255;255;255m[48;2;228;228;230m▀[0m[38;2;255;255;255m[48;2;64;64;64m▀[0m[38;2;172;172;172m[48;2;0;0;0m▀[0m[38;2;0;0;0m[48;2;35;34;32m▀[0m[38;2;4;8;5m[48;2;255;255;255m▀[0m[38;2;255;255;255m[48;2;255;255;255m▀[0m[38;2;255;255;255m[48;2;255;255;255m▀[0m[38;2;255;255;255m[48;2;255;255;255m▀[0m[38;2;255;255;255m[48;2;255;255;255m▀[0m[38;2;255;255;255m[48;2;255;255;255m▀[0m[38;2;48;48;50m[48;2;135;137;137m▀[0m[38;2;0;0;0m[48;2;0;0;0m▀[0m[38;2;255;255;255m[48;2;255;255;255m▀[0m[38;2;213;219;214m[48;2;255;255;255m▀[0m[38;2;225;255;255m[48;2;169;189;190m▀[0m[38;2;255;225;217m[48;2;255;255;255m▀[0m[38;2;143;0;0m[48;2;104;0;0m▀[0m[38;2;255;255;255m[48;2;143;163;158m▀[0m[38;2;255;255;255m[48;2;255;255;255m▀[0m[38;2;253;255;253m[48;2;251;255;252m▀[0m[38;2;254;253;253m[48;2;254;254;251m▀[0m[38;2;255;255;255m[48;2;255;252;252m▀[0m[38;2;255;255;255m[48;2;255;255;255m▀[0m[38;2;255;255;255m[48;2;255;255;255m▀[0m[38;2;251;253;253m[48;2;211;213;216m▀[0m[38;2;212;217;220m[48;2;255;255;255m▀[0m[38;2;208;211;212m[48;2;57;59;59m▀[0m[38;2;0;0;0m[48;2;0;0;0m▀[0m[38;2;0;0;0m[48;2;0;0;0m▀[0m[38;2;117;120;120m[48;2;0;0;0m▀[0m[38;2;255;255;255m[48;2;43;43;43m▀[0m[38;2;228;227;225m[48;2;249;249;247m▀[0m[38;2;201;201;198m[48;2;241;240;241m▀[0m[38;2;196;196;196m[48;2;203;203;203m▀[0m[38;2;189;189;189m[48;2;194;197;194m▀[0m[38;2;187;190;187m[48;2;191;191;191m▀[0m[38;2;187;190;187m[48;2;187;190;187m▀[0m[38;2;189;189;189m[48;2;187;190;187m▀[0m[38;2;186;189;186m[48;2;186;189;186m▀[0m[38;2;184;186;184m[48;2;185;187;187m▀[0m[38;2;184;186;186m[48;2;185;187;187m▀[0m[38;2;184;186;186m[48;2;185;187;187m▀[0m[38;2;185;185;185m[48;2;186;186;186m▀[0m[38;2;186;186;186m[48;2;186;186;186m▀[0m[38;2;187;187;187m[48;2;187;187;187m▀[0m[38;2;186;186;187m[48;2;187;187;187m▀[0m[38;2;187;187;187m[48;2;185;187;187m▀[0m[38;2;187;187;187m[48;2;186;186;186m▀[0m[38;2;186;189;186m[48;2;184;186;184m▀[0m[38;2;184;189;184m[48;2;186;186;186m▀[0m[38;2;186;186;186m[48;2;186;186;186m▀[0m[38;2;186;186;186m[48;2;185;187;185m▀[0m[38;2;185;185;185m[48;2;184;184;184m▀[0m[38;2;187;186;187m[48;2;184;183;184m▀[0m[38;2;187;187;187m[48;2;185;185;185m▀[0m[38;2;190;189;190m[48;2;184;186;184m▀[0m[38;2;186;190;186m[48;2;186;186;186m▀[0m[38;2;189;189;186m[48;2;190;187;185m▀[0m[38;2;186;189;186m[48;2;186;190;189m▀[0m[38;2;187;191;190m[48;2;186;189;186m▀[0m[38;2;184;196;198m[48;2;172;223;222m▀[0m[38;2;167;213;212m[48;2;234;96;88m▀[0m[38;2;255;25;18m[48;2;255;0;0m▀[0m[38;2;191;181;179m[48;2;167;224;222m▀[0m[38;2;182;204;204m[48;2;179;186;185m▀[0m[38;2;192;192;192m[48;2;179;186;181m▀[0m[38;2;192;192;189m[48;2;181;181;178m▀[0m[38;2;196;195;195m[48;2;181;180;178m▀[0m[38;2;197;196;197m[48;2;181;180;178m▀[0m
[38;2;255;255;255m[48;2;255;255;255m▀[0m[38;2;255;255;255m[48;2;19;21;21m▀[0m[38;2;255;255;255m[48;2;0;0;0m▀[0m[38;2;246;248;248m[48;2;0;0;0m▀[0m[38;2;109;111;112m[48;2;0;0;0m▀[0m[38;2;0;0;0m[48;2;0;0;0m▀[0m[38;2;0;0;0m[48;2;7;8;5m▀[0m[38;2;0;0;0m[48;2;145;149;145m▀[0m[38;2;0;0;0m[48;2;255;255;255m▀[0m[38;2;173;172;170m[48;2;255;255;255m▀[0m[38;2;255;255;255m[48;2;255;255;255m▀[0m[38;2;255;255;255m[48;2;255;255;255m▀[0m[38;2;255;255;255m[48;2;255;255;255m▀[0m[38;2;255;255;255m[48;2;255;255;255m▀[0m[38;2;255;255;255m[48;2;255;255;255m▀[0m[38;2;255;255;255m[48;2;255;255;255m▀[0m[38;2;230;233;237m[48;2;206;209;213m▀[0m[38;2;171;173;174m[48;2;255;255;255m▀[0m[38;2;0;0;0m[48;2;0;0;0m▀[0m[38;2;228;228;228m[48;2;194;194;194m▀[0m[38;2;255;255;255m[48;2;255;255;255m▀[0m[38;2;231;235;234m[48;2;255;255;255m▀[0m[38;2;217;252;251m[48;2;213;221;221m▀[0m[38;2;255;183;182m[48;2;237;254;250m▀[0m[38;2;0;0;0m[48;2;78;12;8m▀[0m[38;2;255;255;255m[48;2;0;0;0m▀[0m[38;2;255;255;255m[48;2;255;255;255m▀[0m[38;2;255;255;255m[48;2;255;255;255m▀[0m[38;2;255;255;255m[48;2;255;255;255m▀[0m[38;2;255;255;255m[48;2;200;203;203m▀[0m[38;2;255;255;255m[48;2;255;255;255m▀[0m[38;2;117;119;119m[48;2;123;126;126m▀[0m[38;2;220;224;227m[48;2;251;254;254m▀[0m[38;2;0;0;0m[48;2;0;0;0m▀[0m[38;2;32;32;32m[48;2;191;191;189m▀[0m[38;2;0;0;0m[48;2;0;0;0m▀[0m[38;2;0;0;0m[48;2;0;0;0m▀[0m[38;2;0;0;0m[48;2;0;0;0m▀[0m[38;2;2;1;2m[48;2;0;0;0m▀[0m[38;2;214;214;211m[48;2;0;0;0m▀[0m[38;2;255;255;255m[48;2;128;128;128m▀[0m[38;2;213;213;210m[48;2;255;255;255m▀[0m[38;2;197;200;200m[48;2;240;240;237m▀[0m[38;2;196;196;196m[48;2;207;206;206m▀[0m[38;2;190;192;193m[48;2;196;198;196m▀[0m[38;2;186;189;186m[48;2;194;193;193m▀[0m[38;2;187;187;187m[48;2;187;187;187m▀[0m[38;2;185;187;187m[48;2;186;189;186m▀[0m[38;2;185;187;185m[48;2;185;187;185m▀[0m[38;2;186;186;186m[48;2;185;187;185m▀[0m[38;2;185;187;185m[48;2;186;189;189m▀[0m[38;2;185;187;187m[48;2;187;187;187m▀[0m[38;2;185;187;187m[48;2;185;187;187m▀[0m[38;2;185;187;187m[48;2;185;187;187m▀[0m[38;2;187;187;187m[48;2;186;186;186m▀[0m[38;2;186;186;186m[48;2;187;187;187m▀[0m[38;2;185;187;185m[48;2;187;187;185m▀[0m[38;2;187;187;187m[48;2;185;187;185m▀[0m[38;2;187;187;187m[48;2;186;189;189m▀[0m[38;2;186;189;189m[48;2;189;189;189m▀[0m[38;2;189;189;186m[48;2;190;190;190m▀[0m[38;2;186;189;186m[48;2;187;190;187m▀[0m[38;2;186;189;186m[48;2;189;189;189m▀[0m[38;2;186;189;186m[48;2;189;189;189m▀[0m[38;2;186;189;186m[48;2;186;189;186m▀[0m[38;2;187;187;187m[48;2;187;187;187m▀[0m[38;2;191;186;185m[48;2;189;193;190m▀[0m[38;2;176;225;224m[48;2;187;194;195m▀[0m[38;2;255;48;37m[48;2;181;206;208m▀[0m[38;2;237;56;51m[48;2;181;210;211m▀[0m[38;2;171;226;225m[48;2;187;196;196m▀[0m[38;2;190;191;187m[48;2;189;193;193m▀[0m[38;2;184;189;187m[48;2;190;190;190m▀[0m[38;2;187;187;187m[48;2;186;189;189m▀[0m[38;2;183;185;187m[48;2;189;189;189m▀[0m[38;2;183;185;185m[48;2;186;189;189m▀[0m
[38;2;0;0;0m[48;2;0;0;0m▀[0m[38;2;0;0;0m[48;2;88;90;97m▀[0m[38;2;0;0;0m[48;2;255;255;255m▀[0m[38;2;0;0;0m[48;2;57;63;62m▀[0m[38;2;0;0;0m[48;2;216;213;208m▀[0m[38;2;113;116;113m[48;2;255;255;255m▀[0m[38;2;240;244;240m[48;2;255;255;255m▀[0m[38;2;255;255;255m[48;2;255;255;255m▀[0m[38;2;255;255;255m[48;2;255;255;255m▀[0m[38;2;255;255;255m[48;2;255;255;255m▀[0m[38;2;255;255;255m[48;2;255;255;255m▀[0m[38;2;255;255;255m[48;2;255;255;255m▀[0m[38;2;255;255;255m[48;2;255;255;255m▀[0m[38;2;255;255;255m[48;2;255;255;255m▀[0m[38;2;255;255;255m[48;2;115;112;115m▀[0m[38;2;254;251;253m[48;2;0;1;2m▀[0m[38;2;195;198;205m[48;2;0;0;0m▀[0m[38;2;152;150;153m[48;2;0;0;0m▀[0m[38;2;47;46;46m[48;2;0;0;0m▀[0m[38;2;147;150;150m[48;2;82;84;84m▀[0m[38;2;255;255;255m[48;2;184;187;186m▀[0m[38;2;255;255;255m[48;2;63;69;63m▀[0m[38;2;255;255;255m[48;2;233;235;233m▀[0m[38;2;255;255;255m[48;2;255;255;255m▀[0m[38;2;178;194;190m[48;2;255;255;255m▀[0m[38;2;0;0;0m[48;2;255;255;255m▀[0m[38;2;0;0;0m[48;2;48;50;51m▀[0m[38;2;113;116;116m[48;2;0;0;0m▀[0m[38;2;85;85;85m[48;2;0;0;0m▀[0m[38;2;0;0;0m[48;2;96;98;100m▀[0m[38;2;255;255;255m[48;2;255;255;255m▀[0m[38;2;124;124;124m[48;2;238;238;238m▀[0m[38;2;255;255;255m[48;2;255;255;255m▀[0m[38;2;244;244;240m[48;2;255;255;255m▀[0m[38;2;255;255;255m[48;2;255;255;255m▀[0m[38;2;0;0;0m[48;2;140;143;142m▀[0m[38;2;0;0;0m[48;2;0;0;0m▀[0m[38;2;0;0;0m[48;2;0;0;0m▀[0m[38;2;0;0;0m[48;2;0;0;0m▀[0m[38;2;0;0;0m[48;2;0;0;0m▀[0m[38;2;0;0;0m[48;2;0;0;0m▀[0m[38;2;25;25;28m[48;2;0;0;0m▀[0m[38;2;196;195;196m[48;2;0;0;0m▀[0m[38;2;255;255;255m[48;2;73;73;74m▀[0m[38;2;227;227;227m[48;2;223;222;223m▀[0m[38;2;201;201;201m[48;2;255;255;255m▀[0m[38;2;196;198;198m[48;2;226;226;226m▀[0m[38;2;192;195;192m[48;2;204;204;204m▀[0m[38;2;191;187;187m[48;2;198;197;197m▀[0m[38;2;187;190;187m[48;2;193;196;193m▀[0m[38;2;187;190;187m[48;2;191;191;191m▀[0m[38;2;187;190;190m[48;2;189;189;189m▀[0m[38;2;186;189;186m[48;2;186;189;186m▀[0m[38;2;187;187;187m[48;2;185;187;187m▀[0m[38;2;186;189;186m[48;2;187;190;187m▀[0m[38;2;186;189;186m[48;2;190;190;187m▀[0m[38;2;187;187;187m[48;2;189;189;189m▀[0m[38;2;185;187;185m[48;2;187;187;187m▀[0m[38;2;185;189;189m[48;2;185;187;187m▀[0m[38;2;186;189;189m[48;2;186;189;189m▀[0m[38;2;187;190;187m[48;2;187;190;187m▀[0m[38;2;187;190;187m[48;2;187;190;187m▀[0m[38;2;187;190;187m[48;2;186;189;186m▀[0m[38;2;189;189;189m[48;2;189;189;186m▀[0m[38;2;187;190;187m[48;2;189;189;189m▀[0m[38;2;190;190;190m[48;2;186;189;186m▀[0m[38;2;189;189;189m[48;2;186;189;186m▀[0m[38;2;186;191;190m[48;2;185;187;185m▀[0m[38;2;187;191;187m[48;2;186;186;186m▀[0m[38;2;187;190;187m[48;2;187;187;187m▀[0m[38;2;187;191;186m[48;2;186;189;186m▀[0m[38;2;189;189;189m[48;2;189;189;189m▀[0m[38;2;190;190;190m[48;2;189;189;189m▀[0m[38;2;189;189;189m[48;2;187;190;187m▀[0m[38;2;187;190;190m[48;2;187;190;187m▀[0m[38;2;189;189;189m[48;2;186;189;186m▀[0m
[38;2;172;176;180m[48;2;255;255;255m▀[0m[38;2;255;255;255m[48;2;255;255;255m▀[0m[38;2;255;255;255m[48;2;255;255;255m▀[0m[38;2;192;180;167m[48;2;255;255;255m▀[0m[38;2;255;255;255m[48;2;255;255;255m▀[0m[38;2;255;255;255m[48;2;255;255;255m▀[0m[38;2;255;255;255m[48;2;255;255;255m▀[0m[38;2;255;255;255m[48;2;255;255;255m▀[0m[38;2;255;255;255m[48;2;255;255;255m▀[0m[38;2;255;255;255m[48;2;74;72;75m▀[0m[38;2;255;255;255m[48;2;0;0;0m▀[0m[38;2;145;145;147m[48;2;0;0;0m▀[0m[38;2;0;0;0m[48;2;0;0;0m▀[0m[38;2;0;0;0m[48;2;0;0;0m▀[0m[38;2;0;0;0m[48;2;0;0;0m▀[0m[38;2;0;0;0m[48;2;0;0;0m▀[0m[38;2;0;0;0m[48;2;0;0;0m▀[0m[38;2;0;0;0m[48;2;0;0;0m▀[0m[38;2;0;0;0m[48;2;0;0;0m▀[0m[38;2;97;97;99m[48;2;61;61;63m▀[0m[38;2;163;165;163m[48;2;255;255;255m▀[0m[38;2;0;0;0m[48;2;0;0;0m▀[0m[38;2;127;127;127m[48;2;51;50;51m▀[0m[38;2;255;255;255m[48;2;210;213;210m▀[0m[38;2;255;255;255m[48;2;164;163;164m▀[0m[38;2;255;255;255m[48;2;255;255;255m▀[0m[38;2;255;255;255m[48;2;33;32;33m▀[0m[38;2;0;0;0m[48;2;54;58;57m▀[0m[38;2;0;0;0m[48;2;253;255;255m▀[0m[38;2;255;255;255m[48;2;255;255;255m▀[0m[38;2;255;255;255m[48;2;255;255;255m▀[0m[38;2;255;255;255m[48;2;255;255;255m▀[0m[38;2;255;255;255m[48;2;255;255;255m▀[0m[38;2;255;255;255m[48;2;255;255;255m▀[0m[38;2;255;255;255m[48;2;255;255;255m▀[0m[38;2;255;255;255m[48;2;255;255;255m▀[0m[38;2;0;0;0m[48;2;73;73;71m▀[0m[38;2;0;0;0m[48;2;0;0;0m▀[0m[38;2;0;0;0m[48;2;0;0;0m▀[0m[38;2;0;0;0m[48;2;0;0;0m▀[0m[38;2;0;0;0m[48;2;1;1;1m▀[0m[38;2;0;0;0m[48;2;0;0;0m▀[0m[38;2;0;0;0m[48;2;0;0;0m▀[0m[38;2;0;0;0m[48;2;0;0;0m▀[0m[38;2;0;0;0m[48;2;0;0;0m▀[0m[38;2;103;103;103m[48;2;0;0;0m▀[0m[38;2;226;228;228m[48;2;0;0;0m▀[0m[38;2;255;255;255m[48;2;74;77;77m▀[0m[38;2;238;238;238m[48;2;194;194;194m▀[0m[38;2;212;212;212m[48;2;252;249;251m▀[0m[38;2;200;200;200m[48;2;255;255;255m▀[0m[38;2;194;194;194m[48;2;245;245;245m▀[0m[38;2;190;193;193m[48;2;219;222;222m▀[0m[38;2;187;190;191m[48;2;205;207;207m▀[0m[38;2;190;193;193m[48;2;198;201;200m▀[0m[38;2;192;192;192m[48;2;199;198;198m▀[0m[38;2;187;190;187m[48;2;196;196;198m▀[0m[38;2;186;189;189m[48;2;196;196;196m▀[0m[38;2;189;189;189m[48;2;196;197;194m▀[0m[38;2;190;190;190m[48;2;195;195;195m▀[0m[38;2;190;190;190m[48;2;196;196;196m▀[0m[38;2;187;190;187m[48;2;194;194;194m▀[0m[38;2;189;189;189m[48;2;192;193;190m▀[0m[38;2;186;189;186m[48;2;190;193;194m▀[0m[38;2;189;189;186m[48;2;191;191;191m▀[0m[38;2;186;189;186m[48;2;189;191;191m▀[0m[38;2;186;189;186m[48;2;189;191;191m▀[0m[38;2;185;187;185m[48;2;190;191;186m▀[0m[38;2;185;187;187m[48;2;189;191;191m▀[0m[38;2;186;189;186m[48;2;186;189;186m▀[0m[38;2;186;189;186m[48;2;186;189;186m▀[0m[38;2;189;189;189m[48;2;187;187;187m▀[0m[38;2;189;189;189m[48;2;190;190;190m▀[0m[38;2;186;191;186m[48;2;200;200;203m▀[0m[38;2;192;194;194m[48;2;193;193;194m▀[0m[38;2;200;201;198m[48;2;170;172;177m▀[0m
[38;2;214;217;217m[48;2;174;178;177m▀[0m[38;2;254;255;255m[48;2;200;204;200m▀[0m[38;2;255;255;255m[48;2;231;231;227m▀[0m[38;2;255;255;255m[48;2;255;255;255m▀[0m[38;2;255;255;255m[48;2;255;255;255m▀[0m[38;2;255;255;255m[48;2;78;82;82m▀[0m[38;2;254;255;255m[48;2;0;0;0m▀[0m[38;2;69;69;73m[48;2;0;0;0m▀[0m[38;2;0;0;0m[48;2;0;0;0m▀[0m[38;2;0;0;0m[48;2;0;0;0m▀[0m[38;2;0;0;0m[48;2;0;0;0m▀[0m[38;2;0;0;0m[48;2;0;0;0m▀[0m[38;2;0;0;0m[48;2;0;0;0m▀[0m[38;2;0;0;0m[48;2;1;1;1m▀[0m[38;2;0;0;0m[48;2;1;1;1m▀[0m[38;2;0;0;2m[48;2;1;1;1m▀[0m[38;2;0;0;0m[48;2;0;0;0m▀[0m[38;2;0;0;0m[48;2;0;0;0m▀[0m[38;2;0;0;0m[48;2;0;0;0m▀[0m[38;2;8;11;14m[48;2;0;0;6m▀[0m[38;2;255;255;255m[48;2;255;255;255m▀[0m[38;2;0;2;0m[48;2;167;166;163m▀[0m[38;2;30;29;30m[48;2;6;5;6m▀[0m[38;2;189;192;189m[48;2;206;207;204m▀[0m[38;2;251;251;251m[48;2;255;255;255m▀[0m[38;2;180;180;180m[48;2;227;226;226m▀[0m[38;2;126;129;130m[48;2;255;255;255m▀[0m[38;2;0;0;0m[48;2;171;171;173m▀[0m[38;2;182;185;184m[48;2;206;206;204m▀[0m[38;2;255;255;255m[48;2;255;255;255m▀[0m[38;2;255;255;255m[48;2;255;255;255m▀[0m[38;2;255;255;255m[48;2;255;255;255m▀[0m[38;2;255;255;255m[48;2;255;255;255m▀[0m[38;2;255;255;255m[48;2;255;255;255m▀[0m[38;2;255;255;255m[48;2;255;255;255m▀[0m[38;2;255;255;255m[48;2;255;255;255m▀[0m[38;2;173;177;172m[48;2;213;213;211m▀[0m[38;2;0;0;0m[48;2;0;0;0m▀[0m[38;2;0;0;0m[48;2;0;0;0m▀[0m[38;2;0;0;0m[48;2;0;0;0m▀[0m[38;2;1;1;1m[48;2;0;0;0m▀[0m[38;2;1;1;1m[48;2;0;0;0m▀[0m[38;2;0;0;0m[48;2;1;1;1m▀[0m[38;2;0;0;0m[48;2;1;1;1m▀[0m[38;2;0;0;0m[48;2;1;0;0m▀[0m[38;2;0;0;0m[48;2;0;0;0m▀[0m[38;2;0;0;0m[48;2;0;0;0m▀[0m[38;2;0;0;0m[48;2;0;0;0m▀[0m[38;2;0;0;0m[48;2;0;0;0m▀[0m[38;2;0;0;0m[48;2;0;0;0m▀[0m[38;2;79;83;79m[48;2;0;0;0m▀[0m[38;2;137;140;140m[48;2;29;29;27m▀[0m[38;2;192;195;195m[48;2;34;34;29m▀[0m[38;2;236;239;239m[48;2;10;12;12m▀[0m[38;2;254;255;255m[48;2;44;42;45m▀[0m[38;2;252;254;254m[48;2;82;84;84m▀[0m[38;2;247;247;251m[48;2;133;133;138m▀[0m[38;2;238;234;237m[48;2;194;191;195m▀[0m[38;2;231;228;225m[48;2;216;216;216m▀[0m[38;2;221;221;219m[48;2;233;236;232m▀[0m[38;2;214;214;212m[48;2;251;253;253m▀[0m[38;2;208;210;210m[48;2;255;255;255m▀[0m[38;2;205;207;207m[48;2;255;255;255m▀[0m[38;2;200;204;204m[48;2;255;255;255m▀[0m[38;2;200;200;203m[48;2;255;255;255m▀[0m[38;2;197;199;199m[48;2;252;255;255m▀[0m[38;2;196;198;198m[48;2;255;255;255m▀[0m[38;2;195;197;198m[48;2;254;255;255m▀[0m[38;2;195;196;193m[48;2;247;249;249m▀[0m[38;2;193;192;190m[48;2;243;245;246m▀[0m[38;2;191;193;191m[48;2;236;235;235m▀[0m[38;2;192;195;194m[48;2;223;223;224m▀[0m[38;2;196;199;199m[48;2;207;210;210m▀[0m[38;2;133;131;135m[48;2;186;189;189m▀[0m[38;2;98;98;100m[48;2;198;198;196m▀[0m[38;2;116;116;117m[48;2;212;212;212m▀[0m
[38;2;173;177;172m[48;2;182;181;181m▀[0m[38;2;186;186;183m[48;2;183;187;183m▀[0m[38;2;204;204;200m[48;2;218;217;218m▀[0m[38;2;255;255;255m[48;2;219;218;218m▀[0m[38;2;113;116;116m[48;2;0;0;0m▀[0m[38;2;0;0;0m[48;2;0;0;0m▀[0m[38;2;0;0;0m[48;2;0;0;0m▀[0m[38;2;0;0;0m[48;2;0;0;0m▀[0m[38;2;0;0;0m[48;2;0;2;2m▀[0m[38;2;0;0;0m[48;2;0;2;0m▀[0m[38;2;1;0;0m[48;2;0;2;0m▀[0m[38;2;1;1;1m[48;2;1;1;1m▀[0m[38;2;1;1;1m[48;2;1;1;2m▀[0m[38;2;1;1;1m[48;2;1;1;1m▀[0m[38;2;1;1;1m[48;2;1;1;1m▀[0m[38;2;1;1;1m[48;2;1;1;1m▀[0m[38;2;0;0;0m[48;2;0;0;0m▀[0m[38;2;0;0;0m[48;2;0;0;0m▀[0m[38;2;0;0;0m[48;2;0;0;0m▀[0m[38;2;2;5;14m[48;2;46;49;59m▀[0m[38;2;255;255;255m[48;2;255;255;255m▀[0m[38;2;255;255;255m[48;2;255;255;255m▀[0m[38;2;9;12;12m[48;2;57;60;57m▀[0m[38;2;204;203;199m[48;2;186;184;181m▀[0m[38;2;255;255;255m[48;2;255;255;255m▀[0m[38;2;247;247;247m[48;2;238;236;239m▀[0m[38;2;255;255;255m[48;2;226;226;226m▀[0m[38;2;255;255;255m[48;2;255;255;255m▀[0m[38;2;181;184;184m[48;2;140;143;140m▀[0m[38;2;255;255;255m[48;2;241;244;246m▀[0m[38;2;247;251;248m[48;2;247;249;249m▀[0m[38;2;255;255;255m[48;2;237;241;241m▀[0m[38;2;255;255;255m[48;2;245;252;250m▀[0m[38;2;255;255;255m[48;2;255;255;255m▀[0m[38;2;255;255;255m[48;2;255;255;255m▀[0m[38;2;255;255;255m[48;2;255;255;255m▀[0m[38;2;159;159;157m[48;2;27;30;25m▀[0m[38;2;0;0;0m[48;2;0;0;0m▀[0m[38;2;1;1;1m[48;2;93;93;93m▀[0m[38;2;0;0;0m[48;2;223;223;223m▀[0m[38;2;0;0;0m[48;2;0;0;0m▀[0m[38;2;0;0;0m[48;2;0;0;0m▀[0m[38;2;0;0;0m[48;2;0;0;0m▀[0m[38;2;1;1;1m[48;2;0;0;0m▀[0m[38;2;1;1;1m[48;2;1;1;1m▀[0m[38;2;1;1;1m[48;2;1;1;1m▀[0m[38;2;1;1;1m[48;2;1;1;1m▀[0m[38;2;0;0;0m[48;2;0;0;0m▀[0m[38;2;0;0;0m[48;2;0;0;0m▀[0m[38;2;0;0;0m[48;2;0;0;0m▀[0m[38;2;0;0;0m[48;2;0;0;0m▀[0m[38;2;193;192;186m[48;2;78;78;84m▀[0m[38;2;243;237;226m[48;2;46;46;46m▀[0m[38;2;0;0;0m[48;2;31;31;31m▀[0m[38;2;0;0;0m[48;2;126;129;129m▀[0m[38;2;0;0;0m[48;2;118;117;117m▀[0m[38;2;27;29;29m[48;2;23;23;23m▀[0m[38;2;0;0;0m[48;2;0;0;0m▀[0m[38;2;0;0;0m[48;2;0;0;0m▀[0m[38;2;0;0;0m[48;2;0;0;0m▀[0m[38;2;0;0;0m[48;2;0;0;0m▀[0m[38;2;5;8;7m[48;2;0;0;0m▀[0m[38;2;19;19;21m[48;2;0;0;0m▀[0m[38;2;32;30;33m[48;2;0;0;0m▀[0m[38;2;42;44;46m[48;2;0;0;0m▀[0m[38;2;30;32;34m[48;2;0;0;0m▀[0m[38;2;8;10;16m[48;2;69;72;72m▀[0m[38;2;35;37;43m[48;2;149;151;152m▀[0m[38;2;88;90;92m[48;2;49;48;48m▀[0m[38;2;125;123;126m[48;2;0;0;0m▀[0m[38;2;172;172;174m[48;2;0;0;0m▀[0m[38;2;222;222;220m[48;2;0;0;0m▀[0m[38;2;255;255;255m[48;2;20;20;20m▀[0m[38;2;255;255;255m[48;2;100;102;102m▀[0m[38;2;234;234;234m[48;2;192;195;196m▀[0m[38;2;212;212;214m[48;2;255;255;255m▀[0m
[38;2;184;184;184m[48;2;187;187;187m▀[0m[38;2;193;193;193m[48;2;207;210;207m▀[0m[38;2;247;250;250m[48;2;237;239;240m▀[0m[38;2;98;100;100m[48;2;0;0;0m▀[0m[38;2;0;0;0m[48;2;0;0;0m▀[0m[38;2;0;0;0m[48;2;0;0;0m▀[0m[38;2;0;0;0m[48;2;0;2;2m▀[0m[38;2;0;2;2m[48;2;2;2;2m▀[0m[38;2;2;2;2m[48;2;2;2;2m▀[0m[38;2;0;2;0m[48;2;1;1;1m▀[0m[38;2;1;1;1m[48;2;1;1;1m▀[0m[38;2;1;1;1m[48;2;1;1;1m▀[0m[38;2;0;2;2m[48;2;1;1;1m▀[0m[38;2;1;1;1m[48;2;1;1;1m▀[0m[38;2;0;1;1m[48;2;1;1;1m▀[0m[38;2;1;1;1m[48;2;1;1;1m▀[0m[38;2;0;0;0m[48;2;0;0;0m▀[0m[38;2;0;0;0m[48;2;0;0;0m▀[0m[38;2;0;0;0m[48;2;0;0;0m▀[0m[38;2;179;182;189m[48;2;236;243;250m▀[0m[38;2;255;255;255m[48;2;255;255;255m▀[0m[38;2;255;255;255m[48;2;255;255;255m▀[0m[38;2;166;165;165m[48;2;109;109;109m▀[0m[38;2;118;119;116m[48;2;0;0;0m▀[0m[38;2;255;255;255m[48;2;236;236;236m▀[0m[38;2;241;241;244m[48;2;159;158;159m▀[0m[38;2;241;245;244m[48;2;255;255;255m▀[0m[38;2;255;255;255m[48;2;255;255;255m▀[0m[38;2;252;252;252m[48;2;255;255;255m▀[0m[38;2;177;180;177m[48;2;176;179;176m▀[0m[38;2;255;255;255m[48;2;211;212;209m▀[0m[38;2;238;235;238m[48;2;255;255;255m▀[0m[38;2;234;234;234m[48;2;255;255;255m▀[0m[38;2;241;238;238m[48;2;255;255;255m▀[0m[38;2;255;255;255m[48;2;235;234;235m▀[0m[38;2;195;198;192m[48;2;0;0;0m▀[0m[38;2;0;0;0m[48;2;0;0;0m▀[0m[38;2;0;0;0m[48;2;0;0;0m▀[0m[38;2;64;66;66m[48;2;164;172;172m▀[0m[38;2;255;255;255m[48;2;255;255;255m▀[0m[38;2;49;48;48m[48;2;255;255;255m▀[0m[38;2;0;0;0m[48;2;0;0;0m▀[0m[38;2;0;0;0m[48;2;0;0;0m▀[0m[38;2;0;0;0m[48;2;0;0;0m▀[0m[38;2;1;1;1m[48;2;0;0;0m▀[0m[38;2;1;1;1m[48;2;0;0;0m▀[0m[38;2;0;0;0m[48;2;0;0;0m▀[0m[38;2;0;0;0m[48;2;0;0;0m▀[0m[38;2;0;0;0m[48;2;0;0;0m▀[0m[38;2;0;0;0m[48;2;84;84;84m▀[0m[38;2;0;0;0m[48;2;157;160;154m▀[0m[38;2;77;77;77m[48;2;137;137;130m▀[0m[38;2;167;167;167m[48;2;15;15;15m▀[0m[38;2;155;155;155m[48;2;0;0;0m▀[0m[38;2;23;27;27m[48;2;0;0;0m▀[0m[38;2;0;0;0m[48;2;0;0;0m▀[0m[38;2;0;0;0m[48;2;0;0;0m▀[0m[38;2;0;0;0m[48;2;0;0;0m▀[0m[38;2;0;0;0m[48;2;0;0;0m▀[0m[38;2;0;0;0m[48;2;0;0;0m▀[0m[38;2;0;0;0m[48;2;0;0;0m▀[0m[38;2;0;0;0m[48;2;73;73;73m▀[0m[38;2;0;0;0m[48;2;255;255;255m▀[0m[38;2;47;46;46m[48;2;198;198;198m▀[0m[38;2;183;182;182m[48;2;82;82;82m▀[0m[38;2;255;255;255m[48;2;0;0;0m▀[0m[38;2;170;170;170m[48;2;0;0;0m▀[0m[38;2;22;24;24m[48;2;0;0;0m▀[0m[38;2;0;0;0m[48;2;0;0;0m▀[0m[38;2;0;0;0m[48;2;0;0;0m▀[0m[38;2;0;0;0m[48;2;0;0;0m▀[0m[38;2;0;0;0m[48;2;0;0;0m▀[0m[38;2;0;0;0m[48;2;0;0;0m▀[0m[38;2;0;0;0m[48;2;0;0;0m▀[0m[38;2;0;0;0m[48;2;0;0;0m▀[0m[38;2;24;24;27m[48;2;0;0;0m▀[0m
[38;2;192;192;192m[48;2;198;201;198m▀[0m[38;2;237;237;237m[48;2;255;255;255m▀[0m[38;2;173;173;176m[48;2;81;84;84m▀[0m[38;2;0;0;0m[48;2;0;0;0m▀[0m[38;2;0;0;0m[48;2;0;0;0m▀[0m[38;2;0;0;0m[48;2;0;0;0m▀[0m[38;2;0;2;2m[48;2;0;2;2m▀[0m[38;2;2;2;2m[48;2;2;2;0m▀[0m[38;2;0;2;2m[48;2;0;2;0m▀[0m[38;2;0;2;0m[48;2;1;1;1m▀[0m[38;2;0;2;0m[48;2;0;2;0m▀[0m[38;2;1;1;1m[48;2;1;1;1m▀[0m[38;2;0;1;1m[48;2;1;1;1m▀[0m[38;2;1;1;1m[48;2;0;1;1m▀[0m[38;2;1;1;1m[48;2;1;1;1m▀[0m[38;2;0;1;1m[48;2;1;1;1m▀[0m[38;2;0;0;0m[48;2;1;1;1m▀[0m[38;2;0;0;0m[48;2;0;0;0m▀[0m[38;2;0;0;0m[48;2;0;0;0m▀[0m[38;2;17;21;24m[48;2;0;0;0m▀[0m[38;2;255;255;255m[48;2;255;255;255m▀[0m[38;2;255;255;255m[48;2;255;255;255m▀[0m[38;2;102;105;102m[48;2;199;203;203m▀[0m[38;2;0;0;0m[48;2;81;83;85m▀[0m[38;2;0;0;0m[48;2;0;0;0m▀[0m[38;2;100;99;100m[48;2;219;219;219m▀[0m[38;2;138;140;138m[48;2;255;255;255m▀[0m[38;2;197;200;197m[48;2;205;205;205m▀[0m[38;2;245;245;245m[48;2;29;29;29m▀[0m[38;2;255;255;255m[48;2;0;0;0m▀[0m[38;2;252;254;254m[48;2;0;1;1m▀[0m[38;2;255;255;255m[48;2;0;0;0m▀[0m[38;2;235;238;238m[48;2;0;0;0m▀[0m[38;2;114;116;118m[48;2;0;0;0m▀[0m[38;2;0;0;0m[48;2;0;0;0m▀[0m[38;2;0;0;0m[48;2;0;0;0m▀[0m[38;2;0;0;0m[48;2;0;0;0m▀[0m[38;2;0;0;0m[48;2;0;0;0m▀[0m[38;2;212;222;221m[48;2;89;6;8m▀[0m[38;2;255;255;255m[48;2;255;176;180m▀[0m[38;2;255;255;255m[48;2;255;255;255m▀[0m[38;2;216;219;220m[48;2;255;255;255m▀[0m[38;2;0;0;0m[48;2;41;37;39m▀[0m[38;2;0;0;0m[48;2;0;0;0m▀[0m[38;2;0;0;0m[48;2;0;0;0m▀[0m[38;2;0;0;0m[48;2;58;62;62m▀[0m[38;2;5;8;8m[48;2;92;96;101m▀[0m[38;2;76;79;82m[48;2;50;54;54m▀[0m[38;2;138;140;140m[48;2;0;0;0m▀[0m[38;2;98;101;97m[48;2;0;0;0m▀[0m[38;2;0;0;0m[48;2;0;0;0m▀[0m[38;2;0;0;0m[48;2;0;0;0m▀[0m[38;2;0;0;0m[48;2;0;0;0m▀[0m[38;2;0;0;0m[48;2;0;0;0m▀[0m[38;2;0;0;0m[48;2;0;0;0m▀[0m[38;2;0;0;0m[48;2;0;0;0m▀[0m[38;2;0;0;0m[48;2;18;20;21m▀[0m[38;2;0;0;0m[48;2;128;129;126m▀[0m[38;2;0;0;0m[48;2;217;219;217m▀[0m[38;2;119;122;119m[48;2;248;249;243m▀[0m[38;2;255;255;255m[48;2;255;255;255m▀[0m[38;2;255;255;255m[48;2;137;140;140m▀[0m[38;2;194;196;197m[48;2;0;0;0m▀[0m[38;2;0;0;0m[48;2;0;0;0m▀[0m[38;2;0;0;0m[48;2;0;0;0m▀[0m[38;2;0;0;0m[48;2;0;0;0m▀[0m[38;2;0;0;0m[48;2;0;0;0m▀[0m[38;2;0;0;0m[48;2;0;0;0m▀[0m[38;2;0;0;0m[48;2;1;1;1m▀[0m[38;2;1;1;1m[48;2;0;0;0m▀[0m[38;2;1;1;1m[48;2;0;0;0m▀[0m[38;2;0;0;0m[48;2;0;0;0m▀[0m[38;2;0;0;0m[48;2;0;0;0m▀[0m[38;2;0;0;0m[48;2;0;0;0m▀[0m[38;2;0;0;0m[48;2;0;0;0m▀[0m[38;2;0;0;0m[48;2;0;0;0m▀[0m
[38;2;216;216;212m[48;2;238;241;238m▀[0m[38;2;245;248;248m[48;2;196;198;198m▀[0m[38;2;0;0;0m[48;2;0;0;0m▀[0m[38;2;0;0;0m[48;2;0;0;0m▀[0m[38;2;0;0;0m[48;2;0;0;0m▀[0m[38;2;0;1;1m[48;2;0;1;1m▀[0m[38;2;1;1;1m[48;2;1;1;1m▀[0m[38;2;1;1;1m[48;2;1;1;1m▀[0m[38;2;1;1;1m[48;2;1;1;1m▀[0m[38;2;1;1;1m[48;2;1;1;1m▀[0m[38;2;1;1;1m[48;2;1;1;1m▀[0m[38;2;1;1;1m[48;2;1;1;1m▀[0m[38;2;1;1;1m[48;2;0;0;0m▀[0m[38;2;1;1;1m[48;2;0;0;0m▀[0m[38;2;1;1;1m[48;2;1;1;1m▀[0m[38;2;1;1;1m[48;2;1;1;1m▀[0m[38;2;1;1;1m[48;2;1;1;1m▀[0m[38;2;0;0;0m[48;2;0;0;0m▀[0m[38;2;0;0;0m[48;2;0;0;0m▀[0m[38;2;0;0;0m[48;2;0;0;0m▀[0m[38;2;255;255;255m[48;2;0;0;0m▀[0m[38;2;255;255;255m[48;2;59;62;59m▀[0m[38;2;201;205;201m[48;2;255;255;255m▀[0m[38;2;252;251;251m[48;2;255;255;255m▀[0m[38;2;0;0;0m[48;2;0;0;0m▀[0m[38;2;24;28;30m[48;2;0;0;0m▀[0m[38;2;255;255;255m[48;2;212;216;216m▀[0m[38;2;255;255;255m[48;2;255;255;255m▀[0m[38;2;131;131;131m[48;2;150;150;150m▀[0m[38;2;0;0;0m[48;2;0;0;0m▀[0m[38;2;0;0;0m[48;2;0;0;0m▀[0m[38;2;42;44;44m[48;2;0;0;0m▀[0m[38;2;0;0;0m[48;2;0;0;0m▀[0m[38;2;0;0;0m[48;2;0;0;0m▀[0m[38;2;0;0;0m[48;2;0;0;0m▀[0m[38;2;0;0;0m[48;2;0;0;0m▀[0m[38;2;0;0;0m[48;2;0;0;0m▀[0m[38;2;0;0;0m[48;2;0;0;0m▀[0m[38;2;151;180;180m[48;2;246;255;255m▀[0m[38;2;255;44;51m[48;2;255;255;255m▀[0m[38;2;255;189;187m[48;2;255;90;77m▀[0m[38;2;255;255;255m[48;2;255;252;249m▀[0m[38;2;255;211;217m[48;2;255;255;255m▀[0m[38;2;0;0;0m[48;2;56;42;45m▀[0m[38;2;115;127;127m[48;2;0;0;0m▀[0m[38;2;30;34;37m[48;2;0;0;0m▀[0m[38;2;0;0;0m[48;2;0;0;0m▀[0m[38;2;0;0;0m[48;2;0;0;0m▀[0m[38;2;0;0;0m[48;2;0;0;0m▀[0m[38;2;0;0;0m[48;2;0;0;0m▀[0m[38;2;0;0;0m[48;2;0;0;0m▀[0m[38;2;0;0;0m[48;2;0;0;0m▀[0m[38;2;0;0;0m[48;2;62;61;61m▀[0m[38;2;0;0;0m[48;2;218;220;220m▀[0m[38;2;57;56;56m[48;2;199;198;195m▀[0m[38;2;168;171;168m[48;2;49;49;49m▀[0m[38;2;158;157;158m[48;2;0;0;0m▀[0m[38;2;65;65;65m[48;2;0;0;0m▀[0m[38;2;0;0;0m[48;2;0;0;0m▀[0m[38;2;0;0;0m[48;2;0;0;0m▀[0m[38;2;0;0;0m[48;2;0;0;0m▀[0m[38;2;0;0;0m[48;2;0;0;0m▀[0m[38;2;0;0;0m[48;2;0;0;0m▀[0m[38;2;0;0;0m[48;2;0;0;0m▀[0m[38;2;0;0;0m[48;2;1;0;2m▀[0m[38;2;0;0;0m[48;2;0;0;0m▀[0m[38;2;1;1;1m[48;2;0;0;0m▀[0m[38;2;0;0;0m[48;2;0;0;0m▀[0m[38;2;0;0;0m[48;2;0;0;0m▀[0m[38;2;0;0;0m[48;2;0;0;0m▀[0m[38;2;0;0;0m[48;2;25;25;28m▀[0m[38;2;0;0;0m[48;2;84;82;85m▀[0m[38;2;0;0;0m[48;2;109;111;111m▀[0m[38;2;50;52;52m[48;2;81;79;79m▀[0m[38;2;111;114;113m[48;2;15;12;16m▀[0m[38;2;62;61;61m[48;2;0;0;0m▀[0m
[38;2;255;255;255m[48;2;255;255;255m▀[0m[38;2;123;120;125m[48;2;47;47;49m▀[0m[38;2;0;0;0m[48;2;0;0;0m▀[0m[38;2;0;0;0m[48;2;0;0;0m▀[0m[38;2;0;0;0m[48;2;1;1;0m▀[0m[38;2;0;1;1m[48;2;1;1;1m▀[0m[38;2;1;1;1m[48;2;0;1;1m▀[0m[38;2;1;1;1m[48;2;1;1;1m▀[0m[38;2;1;1;1m[48;2;1;1;1m▀[0m[38;2;1;1;1m[48;2;0;1;1m▀[0m[38;2;0;1;1m[48;2;0;1;1m▀[0m[38;2;1;1;1m[48;2;0;1;1m▀[0m[38;2;1;1;1m[48;2;0;1;1m▀[0m[38;2;0;0;1m[48;2;0;1;1m▀[0m[38;2;0;0;1m[48;2;0;1;1m▀[0m[38;2;1;1;1m[48;2;0;1;1m▀[0m[38;2;1;1;1m[48;2;1;1;1m▀[0m[38;2;0;0;0m[48;2;0;0;0m▀[0m[38;2;0;0;0m[48;2;0;0;0m▀[0m[38;2;0;0;0m[48;2;0;0;0m▀[0m[38;2;207;207;207m[48;2;255;255;255m▀[0m[38;2;255;255;255m[48;2;255;255;255m▀[0m[38;2;255;255;255m[48;2;255;255;255m▀[0m[38;2;255;255;255m[48;2;255;255;255m▀[0m[38;2;0;0;0m[48;2;0;0;0m▀[0m[38;2;0;0;0m[48;2;0;0;0m▀[0m[38;2;0;0;0m[48;2;0;0;0m▀[0m[38;2;255;255;255m[48;2;126;129;129m▀[0m[38;2;232;235;232m[48;2;255;255;255m▀[0m[38;2;0;0;0m[48;2;0;0;0m▀[0m[38;2;0;0;0m[48;2;0;0;0m▀[0m[38;2;0;0;0m[48;2;0;0;0m▀[0m[38;2;50;50;50m[48;2;0;0;0m▀[0m[38;2;75;75;75m[48;2;203;196;196m▀[0m[38;2;0;0;0m[48;2;50;52;54m▀[0m[38;2;0;0;0m[48;2;0;2;2m▀[0m[38;2;0;0;0m[48;2;0;0;0m▀[0m[38;2;0;0;0m[48;2;155;164;163m▀[0m[38;2;255;255;255m[48;2;255;255;255m▀[0m[38;2;255;255;255m[48;2;255;255;255m▀[0m[38;2;255;220;211m[48;2;255;255;255m▀[0m[38;2;255;34;11m[48;2;255;16;7m▀[0m[38;2;255;255;255m[48;2;255;143;126m▀[0m[38;2;255;182;176m[48;2;255;255;255m▀[0m[38;2;0;0;0m[48;2;39;12;9m▀[0m[38;2;0;0;0m[48;2;0;0;0m▀[0m[38;2;0;0;0m[48;2;0;0;0m▀[0m[38;2;0;0;0m[48;2;7;11;11m▀[0m[38;2;0;0;0m[48;2;127;130;129m▀[0m[38;2;0;0;0m[48;2;196;199;196m▀[0m[38;2;81;84;84m[48;2;147;151;147m▀[0m[38;2;186;193;193m[48;2;22;25;25m▀[0m[38;2;193;194;191m[48;2;0;0;0m▀[0m[38;2;54;51;55m[48;2;0;0;0m▀[0m[38;2;0;0;0m[48;2;0;0;0m▀[0m[38;2;0;0;0m[48;2;0;0;0m▀[0m[38;2;0;0;0m[48;2;0;0;0m▀[0m[38;2;0;0;0m[48;2;0;0;0m▀[0m[38;2;0;0;0m[48;2;0;0;0m▀[0m[38;2;0;0;0m[48;2;0;0;0m▀[0m[38;2;0;0;0m[48;2;0;0;0m▀[0m[38;2;0;0;0m[48;2;0;0;0m▀[0m[38;2;0;0;0m[48;2;0;0;0m▀[0m[38;2;0;0;0m[48;2;0;0;0m▀[0m[38;2;0;0;0m[48;2;0;0;0m▀[0m[38;2;0;0;0m[48;2;6;6;8m▀[0m[38;2;0;0;0m[48;2;73;77;77m▀[0m[38;2;9;7;10m[48;2;96;96;98m▀[0m[38;2;64;64;65m[48;2;50;54;52m▀[0m[38;2;103;103;104m[48;2;3;2;2m▀[0m[38;2;89;92;91m[48;2;0;0;0m▀[0m[38;2;43;43;41m[48;2;0;0;0m▀[0m[38;2;0;0;0m[48;2;0;0;0m▀[0m[38;2;0;0;0m[48;2;0;0;0m▀[0m[38;2;0;0;0m[48;2;0;0;0m▀[0m[38;2;0;3;0m[48;2;255;255;255m▀[0m
[38;2;255;255;255m[48;2;206;209;211m▀[0m[38;2;0;0;0m[48;2;0;0;0m▀[0m[38;2;0;0;0m[48;2;0;0;0m▀[0m[38;2;0;0;0m[48;2;0;0;0m▀[0m[38;2;1;1;2m[48;2;1;1;1m▀[0m[38;2;0;1;1m[48;2;1;1;1m▀[0m[38;2;0;1;1m[48;2;1;1;1m▀[0m[38;2;0;1;1m[48;2;0;1;1m▀[0m[38;2;1;1;1m[48;2;0;0;0m▀[0m[38;2;1;1;1m[48;2;1;1;1m▀[0m[38;2;0;1;1m[48;2;1;1;1m▀[0m[38;2;1;1;1m[48;2;1;1;1m▀[0m[38;2;1;1;1m[48;2;1;1;1m▀[0m[38;2;1;1;1m[48;2;1;1;1m▀[0m[38;2;0;1;1m[48;2;0;1;1m▀[0m[38;2;0;1;1m[48;2;0;1;1m▀[0m[38;2;1;1;1m[48;2;1;1;1m▀[0m[38;2;0;0;0m[48;2;0;0;0m▀[0m[38;2;0;0;0m[48;2;0;0;0m▀[0m[38;2;0;0;0m[48;2;0;0;0m▀[0m[38;2;255;255;255m[48;2;249;249;249m▀[0m[38;2;255;255;255m[48;2;255;255;255m▀[0m[38;2;255;255;255m[48;2;255;255;255m▀[0m[38;2;255;255;255m[48;2;255;255;255m▀[0m[38;2;0;0;0m[48;2;0;0;0m▀[0m[38;2;0;0;0m[48;2;0;0;0m▀[0m[38;2;0;0;0m[48;2;0;0;0m▀[0m[38;2;0;0;0m[48;2;0;0;0m▀[0m[38;2;255;255;255m[48;2;146;146;144m▀[0m[38;2;0;0;0m[48;2;150;154;151m▀[0m[38;2;0;0;0m[48;2;133;140;145m▀[0m[38;2;82;82;84m[48;2;112;124;128m▀[0m[38;2;6;15;19m[48;2;0;0;0m▀[0m[38;2;85;73;70m[48;2;0;0;0m▀[0m[38;2;216;204;196m[48;2;216;168;155m▀[0m[38;2;255;255;255m[48;2;228;208;204m▀[0m[38;2;255;255;255m[48;2;255;255;255m▀[0m[38;2;255;255;255m[48;2;255;245;247m▀[0m[38;2;255;255;255m[48;2;54;49;49m▀[0m[38;2;255;255;255m[48;2;255;255;255m▀[0m[38;2;255;255;255m[48;2;255;255;255m▀[0m[38;2;255;180;185m[48;2;255;255;255m▀[0m[38;2;226;0;0m[48;2;153;30;45m▀[0m[38;2;255;232;190m[48;2;255;85;45m▀[0m[38;2;225;81;52m[48;2;255;140;100m▀[0m[38;2;0;16;25m[48;2;29;74;83m▀[0m[38;2;186;205;210m[48;2;46;72;76m▀[0m[38;2;221;230;230m[48;2;0;0;0m▀[0m[38;2;120;124;124m[48;2;0;0;0m▀[0m[38;2;0;0;0m[48;2;0;0;0m▀[0m[38;2;0;0;0m[48;2;0;0;0m▀[0m[38;2;0;0;0m[48;2;0;0;0m▀[0m[38;2;0;0;0m[48;2;0;0;0m▀[0m[38;2;0;0;0m[48;2;0;0;0m▀[0m[38;2;0;0;0m[48;2;0;1;1m▀[0m[38;2;0;0;0m[48;2;0;0;0m▀[0m[38;2;0;0;0m[48;2;0;0;0m▀[0m[38;2;0;0;0m[48;2;0;0;0m▀[0m[38;2;0;0;0m[48;2;0;0;0m▀[0m[38;2;0;0;0m[48;2;21;31;35m▀[0m[38;2;0;0;0m[48;2;216;236;237m▀[0m[38;2;0;0;0m[48;2;255;255;255m▀[0m[38;2;0;0;0m[48;2;255;255;255m▀[0m[38;2;0;0;0m[48;2;255;255;255m▀[0m[38;2;0;0;0m[48;2;149;152;152m▀[0m[38;2;0;0;0m[48;2;0;0;0m▀[0m[38;2;3;6;6m[48;2;0;0;0m▀[0m[38;2;0;0;0m[48;2;0;0;0m▀[0m[38;2;0;0;0m[48;2;0;0;0m▀[0m[38;2;0;0;0m[48;2;0;0;0m▀[0m[38;2;0;0;0m[48;2;0;0;0m▀[0m[38;2;0;0;0m[48;2;0;0;0m▀[0m[38;2;0;0;0m[48;2;0;0;0m▀[0m[38;2;0;0;0m[48;2;192;192;192m▀[0m[38;2;221;220;220m[48;2;255;255;255m▀[0m[38;2;255;255;255m[48;2;255;255;255m▀[0m
[38;2;122;125;125m[48;2;42;42;44m▀[0m[38;2;0;0;0m[48;2;0;0;0m▀[0m[38;2;0;0;0m[48;2;0;0;0m▀[0m[38;2;0;0;0m[48;2;1;1;1m▀[0m[38;2;1;1;1m[48;2;1;1;1m▀[0m[38;2;1;1;1m[48;2;1;1;1m▀[0m[38;2;0;2;2m[48;2;2;2;2m▀[0m[38;2;1;1;1m[48;2;1;1;1m▀[0m[38;2;0;1;1m[48;2;1;1;1m▀[0m[38;2;1;1;1m[48;2;0;1;1m▀[0m[38;2;0;0;1m[48;2;0;0;0m▀[0m[38;2;0;1;1m[48;2;0;0;0m▀[0m[38;2;0;1;1m[48;2;0;1;1m▀[0m[38;2;1;1;1m[48;2;0;1;1m▀[0m[38;2;0;1;1m[48;2;0;1;1m▀[0m[38;2;0;1;1m[48;2;1;1;1m▀[0m[38;2;0;1;1m[48;2;0;1;1m▀[0m[38;2;0;0;0m[48;2;0;0;0m▀[0m[38;2;0;0;0m[48;2;0;0;0m▀[0m[38;2;0;0;0m[48;2;0;0;0m▀[0m[38;2;250;249;249m[48;2;239;241;241m▀[0m[38;2;255;255;255m[48;2;255;255;255m▀[0m[38;2;255;255;255m[48;2;255;255;255m▀[0m[38;2;184;184;186m[48;2;62;62;59m▀[0m[38;2;0;0;0m[48;2;0;0;0m▀[0m[38;2;0;0;0m[48;2;0;0;0m▀[0m[38;2;0;0;0m[48;2;116;120;120m▀[0m[38;2;65;70;69m[48;2;105;108;109m▀[0m[38;2;129;132;133m[48;2;8;10;11m▀[0m[38;2;185;187;190m[48;2;193;195;195m▀[0m[38;2;0;0;0m[48;2;0;0;0m▀[0m[38;2;0;0;0m[48;2;0;0;0m▀[0m[38;2;0;0;0m[48;2;0;0;0m▀[0m[38;2;0;0;0m[48;2;0;0;0m▀[0m[38;2;93;49;44m[48;2;0;0;0m▀[0m[38;2;217;145;129m[48;2;225;116;109m▀[0m[38;2;255;195;187m[48;2;255;133;117m▀[0m[38;2;255;255;255m[48;2;255;199;167m▀[0m[38;2;103;42;35m[48;2;255;201;179m▀[0m[38;2;6;33;37m[48;2;0;0;0m▀[0m[38;2;255;255;255m[48;2;69;102;119m▀[0m[38;2;255;255;255m[48;2;255;255;255m▀[0m[38;2;255;255;255m[48;2;255;255;255m▀[0m[38;2;255;70;35m[48;2;255;116;96m▀[0m[38;2;255;158;123m[48;2;255;83;43m▀[0m[38;2;0;0;0m[48;2;129;21;5m▀[0m[38;2;0;0;0m[48;2;16;0;2m▀[0m[38;2;0;0;0m[48;2;0;0;0m▀[0m[38;2;0;0;0m[48;2;0;0;0m▀[0m[38;2;0;0;0m[48;2;0;1;1m▀[0m[38;2;0;0;0m[48;2;1;1;1m▀[0m[38;2;0;0;0m[48;2;0;1;1m▀[0m[38;2;0;1;1m[48;2;0;1;1m▀[0m[38;2;0;1;1m[48;2;1;1;1m▀[0m[38;2;1;1;1m[48;2;0;0;0m▀[0m[38;2;0;0;0m[48;2;0;0;0m▀[0m[38;2;0;0;0m[48;2;0;0;0m▀[0m[38;2;0;0;0m[48;2;22;60;63m▀[0m[38;2;109;133;137m[48;2;255;255;255m▀[0m[38;2;255;255;255m[48;2;255;255;255m▀[0m[38;2;255;255;255m[48;2;255;150;124m▀[0m[38;2;255;255;255m[48;2;255;166;139m▀[0m[38;2;255;255;255m[48;2;255;213;184m▀[0m[38;2;255;255;255m[48;2;255;255;249m▀[0m[38;2;255;255;255m[48;2;255;255;255m▀[0m[38;2;255;255;255m[48;2;255;255;255m▀[0m[38;2;157;159;159m[48;2;255;255;255m▀[0m[38;2;0;0;0m[48;2;255;255;255m▀[0m[38;2;0;0;0m[48;2;76;76;73m▀[0m[38;2;0;0;0m[48;2;0;0;0m▀[0m[38;2;0;0;0m[48;2;111;113;111m▀[0m[38;2;0;0;0m[48;2;255;255;255m▀[0m[38;2;253;255;255m[48;2;255;255;255m▀[0m[38;2;255;255;255m[48;2;255;255;255m▀[0m[38;2;255;255;255m[48;2;255;255;255m▀[0m[38;2;255;255;255m[48;2;255;255;255m▀[0m
[38;2;0;0;1m[48;2;0;0;0m▀[0m[38;2;0;0;0m[48;2;0;1;1m▀[0m[38;2;0;0;0m[48;2;1;1;1m▀[0m[38;2;1;1;1m[48;2;1;1;1m▀[0m[38;2;1;1;1m[48;2;0;1;1m▀[0m[38;2;1;1;1m[48;2;1;1;1m▀[0m[38;2;0;2;0m[48;2;1;1;1m▀[0m[38;2;1;1;1m[48;2;1;1;1m▀[0m[38;2;1;1;1m[48;2;1;1;1m▀[0m[38;2;0;1;1m[48;2;0;1;1m▀[0m[38;2;0;1;1m[48;2;0;1;1m▀[0m[38;2;0;1;1m[48;2;1;1;1m▀[0m[38;2;0;0;1m[48;2;0;1;1m▀[0m[38;2;0;1;1m[48;2;0;1;1m▀[0m[38;2;0;1;1m[48;2;1;1;1m▀[0m[38;2;0;1;1m[48;2;1;1;1m▀[0m[38;2;0;1;1m[48;2;0;1;1m▀[0m[38;2;0;0;0m[48;2;0;0;0m▀[0m[38;2;0;0;0m[48;2;0;0;0m▀[0m[38;2;0;0;0m[48;2;0;0;0m▀[0m[38;2;231;231;233m[48;2;199;201;204m▀[0m[38;2;255;255;255m[48;2;255;255;255m▀[0m[38;2;255;255;255m[48;2;248;247;248m▀[0m[38;2;0;0;0m[48;2;0;0;0m▀[0m[38;2;7;10;10m[48;2;49;51;51m▀[0m[38;2;0;0;0m[48;2;18;21;21m▀[0m[38;2;0;0;0m[48;2;0;0;0m▀[0m[38;2;0;0;0m[48;2;0;0;0m▀[0m[38;2;0;0;0m[48;2;0;0;0m▀[0m[38;2;197;199;199m[48;2;104;106;106m▀[0m[38;2;61;64;64m[48;2;187;191;191m▀[0m[38;2;0;0;0m[48;2;0;0;0m▀[0m[38;2;0;0;0m[48;2;0;0;0m▀[0m[38;2;0;0;0m[48;2;0;0;0m▀[0m[38;2;0;0;0m[48;2;0;0;0m▀[0m[38;2;0;0;0m[48;2;0;0;0m▀[0m[38;2;255;150;143m[48;2;47;9;11m▀[0m[38;2;255;136;116m[48;2;255;115;106m▀[0m[38;2;255;209;180m[48;2;255;84;64m▀[0m[38;2;104;9;3m[48;2;255;146;118m▀[0m[38;2;0;0;0m[48;2;0;0;0m▀[0m[38;2;255;150;132m[48;2;78;0;0m▀[0m[38;2;255;238;223m[48;2;255;127;83m▀[0m[38;2;255;231;219m[48;2;255;142;106m▀[0m[38;2;255;78;57m[48;2;106;46;42m▀[0m[38;2;247;35;22m[48;2;255;15;0m▀[0m[38;2;222;24;12m[48;2;128;8;3m▀[0m[38;2;0;0;0m[48;2;0;0;0m▀[0m[38;2;0;0;0m[48;2;0;0;0m▀[0m[38;2;0;1;1m[48;2;0;1;1m▀[0m[38;2;1;1;1m[48;2;1;1;1m▀[0m[38;2;0;1;1m[48;2;0;1;1m▀[0m[38;2;0;1;1m[48;2;1;1;1m▀[0m[38;2;1;1;1m[48;2;1;1;1m▀[0m[38;2;0;0;0m[48;2;0;0;0m▀[0m[38;2;0;0;0m[48;2;0;0;0m▀[0m[38;2;0;0;0m[48;2;0;17;21m▀[0m[38;2;255;255;255m[48;2;255;255;255m▀[0m[38;2;255;254;241m[48;2;255;0;0m▀[0m[38;2;255;0;0m[48;2;255;0;0m▀[0m[38;2;255;0;0m[48;2;255;0;0m▀[0m[38;2;255;0;0m[48;2;255;0;0m▀[0m[38;2;255;77;61m[48;2;255;0;0m▀[0m[38;2;255;231;212m[48;2;255;128;113m▀[0m[38;2;252;255;255m[48;2;251;247;239m▀[0m[38;2;255;255;255m[48;2;255;255;255m▀[0m[38;2;255;255;255m[48;2;255;255;255m▀[0m[38;2;255;255;255m[48;2;255;255;255m▀[0m[38;2;255;255;255m[48;2;255;255;255m▀[0m[38;2;255;255;255m[48;2;255;255;255m▀[0m[38;2;171;171;171m[48;2;163;165;166m▀[0m[38;2;225;225;225m[48;2;0;0;0m▀[0m[38;2;255;255;255m[48;2;138;139;136m▀[0m[38;2;255;255;255m[48;2;255;255;255m▀[0m[38;2;255;255;254m[48;2;225;226;223m▀[0m[38;2;255;255;255m[48;2;253;255;255m▀[0m
[38;2;0;2;2m[48;2;0;2;2m▀[0m[38;2;1;1;1m[48;2;1;1;1m▀[0m[38;2;1;1;1m[48;2;1;1;1m▀[0m[38;2;1;1;1m[48;2;1;1;1m▀[0m[38;2;0;1;1m[48;2;1;1;1m▀[0m[38;2;0;1;1m[48;2;1;1;1m▀[0m[38;2;1;1;1m[48;2;1;1;1m▀[0m[38;2;1;1;1m[48;2;1;1;1m▀[0m[38;2;1;1;1m[48;2;1;1;1m▀[0m[38;2;0;1;1m[48;2;0;1;1m▀[0m[38;2;0;0;0m[48;2;0;0;1m▀[0m[38;2;0;1;1m[48;2;0;1;1m▀[0m[38;2;1;1;1m[48;2;0;1;1m▀[0m[38;2;1;1;1m[48;2;1;1;1m▀[0m[38;2;1;1;1m[48;2;1;1;1m▀[0m[38;2;1;1;1m[48;2;1;1;1m▀[0m[38;2;0;1;1m[48;2;1;1;1m▀[0m[38;2;0;0;0m[48;2;0;0;0m▀[0m[38;2;0;0;0m[48;2;0;0;0m▀[0m[38;2;0;0;0m[48;2;0;0;0m▀[0m[38;2;179;182;186m[48;2;167;171;174m▀[0m[38;2;255;255;255m[48;2;255;255;255m▀[0m[38;2;87;89;89m[48;2;0;0;0m▀[0m[38;2;0;0;0m[48;2;0;0;0m▀[0m[38;2;41;43;43m[48;2;22;22;23m▀[0m[38;2;57;59;61m[48;2;111;113;114m▀[0m[38;2;0;0;0m[48;2;0;0;0m▀[0m[38;2;0;0;0m[48;2;0;0;0m▀[0m[38;2;0;0;0m[48;2;0;0;0m▀[0m[38;2;0;1;1m[48;2;0;0;0m▀[0m[38;2;231;234;231m[48;2;189;185;185m▀[0m[38;2;0;0;0m[48;2;2;1;1m▀[0m[38;2;0;0;0m[48;2;0;0;0m▀[0m[38;2;0;0;0m[48;2;144;151;152m▀[0m[38;2;0;0;0m[48;2;206;213;213m▀[0m[38;2;99;118;125m[48;2;118;128;128m▀[0m[38;2;24;91;99m[48;2;0;1;5m▀[0m[38;2;123;32;24m[48;2;0;0;0m▀[0m[38;2;187;42;29m[48;2;147;50;33m▀[0m[38;2;255;78;52m[48;2;255;43;18m▀[0m[38;2;208;49;38m[48;2;255;69;48m▀[0m[38;2;0;0;0m[48;2;65;2;2m▀[0m[38;2;255;105;57m[48;2;102;33;27m▀[0m[38;2;139;31;15m[48;2;167;0;0m▀[0m[38;2;162;137;138m[48;2;255;187;164m▀[0m[38;2;255;255;255m[48;2;255;236;208m▀[0m[38;2;198;4;0m[48;2;255;14;0m▀[0m[38;2;0;0;0m[48;2;0;0;0m▀[0m[38;2;0;0;0m[48;2;0;0;0m▀[0m[38;2;0;1;1m[48;2;0;1;1m▀[0m[38;2;1;1;1m[48;2;1;1;1m▀[0m[38;2;1;1;1m[48;2;0;0;0m▀[0m[38;2;1;1;1m[48;2;0;0;0m▀[0m[38;2;0;0;0m[48;2;0;0;0m▀[0m[38;2;0;0;0m[48;2;0;0;0m▀[0m[38;2;0;0;0m[48;2;0;0;0m▀[0m[38;2;22;104;110m[48;2;46;137;142m▀[0m[38;2;255;255;255m[48;2;255;255;255m▀[0m[38;2;255;0;0m[48;2;255;0;0m▀[0m[38;2;255;0;0m[48;2;255;0;0m▀[0m[38;2;255;0;0m[48;2;255;0;0m▀[0m[38;2;255;0;0m[48;2;255;0;0m▀[0m[38;2;255;0;0m[48;2;255;0;0m▀[0m[38;2;255;0;0m[48;2;255;0;0m▀[0m[38;2;255;235;224m[48;2;255;198;192m▀[0m[38;2;252;255;255m[48;2;246;255;255m▀[0m[38;2;255;255;255m[48;2;255;255;255m▀[0m[38;2;255;255;255m[48;2;255;255;255m▀[0m[38;2;239;239;239m[48;2;240;240;240m▀[0m[38;2;255;255;255m[48;2;243;239;243m▀[0m[38;2;255;255;255m[48;2;255;255;255m▀[0m[38;2;142;141;139m[48;2;255;255;255m▀[0m[38;2;171;169;172m[48;2;255;255;255m▀[0m[38;2;234;237;237m[48;2;255;255;255m▀[0m[38;2;231;232;228m[48;2;255;255;255m▀[0m[38;2;255;255;255m[48;2;255;255;255m▀[0m
[38;2;1;1;1m[48;2;1;1;1m▀[0m[38;2;1;1;1m[48;2;1;1;1m▀[0m[38;2;1;1;1m[48;2;1;1;1m▀[0m[38;2;1;1;1m[48;2;1;1;1m▀[0m[38;2;1;1;1m[48;2;1;1;1m▀[0m[38;2;1;1;1m[48;2;0;0;0m▀[0m[38;2;1;1;1m[48;2;0;0;0m▀[0m[38;2;0;0;0m[48;2;0;0;0m▀[0m[38;2;0;0;0m[48;2;0;0;0m▀[0m[38;2;0;0;0m[48;2;0;0;0m▀[0m[38;2;0;0;0m[48;2;0;0;0m▀[0m[38;2;0;0;0m[48;2;0;0;0m▀[0m[38;2;0;0;0m[48;2;0;0;0m▀[0m[38;2;0;0;0m[48;2;0;0;0m▀[0m[38;2;1;1;1m[48;2;0;0;0m▀[0m[38;2;1;1;1m[48;2;0;0;0m▀[0m[38;2;1;1;1m[48;2;1;0;2m▀[0m[38;2;0;0;0m[48;2;0;0;0m▀[0m[38;2;0;0;0m[48;2;0;0;0m▀[0m[38;2;0;0;0m[48;2;0;0;0m▀[0m[38;2;192;196;196m[48;2;85;87;87m▀[0m[38;2;255;255;255m[48;2;108;110;110m▀[0m[38;2;0;0;0m[48;2;0;0;0m▀[0m[38;2;0;0;0m[48;2;0;0;0m▀[0m[38;2;3;3;4m[48;2;0;0;0m▀[0m[38;2;160;163;168m[48;2;201;199;207m▀[0m[38;2;0;0;0m[48;2;0;0;0m▀[0m[38;2;0;0;0m[48;2;0;0;0m▀[0m[38;2;0;0;0m[48;2;0;0;0m▀[0m[38;2;0;0;0m[48;2;42;44;46m▀[0m[38;2;147;146;146m[48;2;160;163;163m▀[0m[38;2;100;103;100m[48;2;194;194;194m▀[0m[38;2;135;138;138m[48;2;0;0;0m▀[0m[38;2;129;133;133m[48;2;0;0;0m▀[0m[38;2;0;0;0m[48;2;0;0;0m▀[0m[38;2;0;0;0m[48;2;0;0;0m▀[0m[38;2;0;0;0m[48;2;0;0;0m▀[0m[38;2;0;0;0m[48;2;0;0;0m▀[0m[38;2;0;0;0m[48;2;0;0;0m▀[0m[38;2;156;37;28m[48;2;98;19;22m▀[0m[38;2;255;47;28m[48;2;255;77;52m▀[0m[38;2;228;33;25m[48;2;117;25;21m▀[0m[38;2;47;0;0m[48;2;178;9;0m▀[0m[38;2;255;46;17m[48;2;255;48;15m▀[0m[38;2;255;23;0m[48;2;255;39;17m▀[0m[38;2;255;37;5m[48;2;255;64;28m▀[0m[38;2;239;27;10m[48;2;84;6;1m▀[0m[38;2;0;0;0m[48;2;0;0;0m▀[0m[38;2;0;0;0m[48;2;0;0;0m▀[0m[38;2;0;0;0m[48;2;0;0;0m▀[0m[38;2;0;0;0m[48;2;0;0;0m▀[0m[38;2;0;0;0m[48;2;0;0;0m▀[0m[38;2;0;0;0m[48;2;27;30;30m▀[0m[38;2;0;0;0m[48;2;91;96;95m▀[0m[38;2;0;0;0m[48;2;131;136;136m▀[0m[38;2;0;0;0m[48;2;62;71;71m▀[0m[38;2;64;149;155m[48;2;4;64;69m▀[0m[38;2;255;255;255m[48;2;255;255;255m▀[0m[38;2;255;0;0m[48;2;255;0;0m▀[0m[38;2;255;0;0m[48;2;255;0;0m▀[0m[38;2;255;0;0m[48;2;255;0;0m▀[0m[38;2;255;0;0m[48;2;255;0;0m▀[0m[38;2;255;0;0m[48;2;255;0;0m▀[0m[38;2;255;0;0m[48;2;255;0;0m▀[0m[38;2;255;210;206m[48;2;255;255;255m▀[0m[38;2;245;255;249m[48;2;247;243;243m▀[0m[38;2;255;255;255m[48;2;255;255;255m▀[0m[38;2;255;255;255m[48;2;255;255;255m▀[0m[38;2;241;241;238m[48;2;248;250;250m▀[0m[38;2;241;244;244m[48;2;238;243;243m▀[0m[38;2;239;241;244m[48;2;241;248;249m▀[0m[38;2;255;255;255m[48;2;239;244;243m▀[0m[38;2;255;255;255m[48;2;235;243;238m▀[0m[38;2;255;255;255m[48;2;246;248;246m▀[0m[38;2;255;255;255m[48;2;255;255;255m▀[0m[38;2;255;255;255m[48;2;255;255;255m▀[0m
[38;2;0;1;1m[48;2;0;1;0m▀[0m[38;2;0;1;1m[48;2;0;1;1m▀[0m[38;2;1;1;1m[48;2;0;1;1m▀[0m[38;2;1;1;1m[48;2;0;0;0m▀[0m[38;2;0;0;0m[48;2;0;0;0m▀[0m[38;2;0;0;0m[48;2;0;0;0m▀[0m[38;2;0;0;0m[48;2;0;0;0m▀[0m[38;2;0;0;0m[48;2;126;129;129m▀[0m[38;2;0;0;0m[48;2;243;246;245m▀[0m[38;2;0;0;0m[48;2;255;255;255m▀[0m[38;2;0;0;0m[48;2;255;255;255m▀[0m[38;2;0;0;0m[48;2;255;255;255m▀[0m[38;2;0;0;0m[48;2;182;185;187m▀[0m[38;2;0;0;0m[48;2;37;37;38m▀[0m[38;2;0;0;0m[48;2;0;0;0m▀[0m[38;2;0;0;0m[48;2;0;0;0m▀[0m[38;2;0;0;0m[48;2;0;0;0m▀[0m[38;2;0;0;0m[48;2;0;0;0m▀[0m[38;2;0;0;0m[48;2;0;0;0m▀[0m[38;2;0;0;0m[48;2;0;0;0m▀[0m[38;2;0;0;0m[48;2;198;195;197m▀[0m[38;2;0;0;0m[48;2;91;91;92m▀[0m[38;2;0;0;0m[48;2;0;0;0m▀[0m[38;2;0;0;0m[48;2;0;0;0m▀[0m[38;2;0;0;0m[48;2;0;0;0m▀[0m[38;2;102;102;106m[48;2;0;0;0m▀[0m[38;2;3;6;5m[48;2;240;243;245m▀[0m[38;2;150;152;158m[48;2;142;144;149m▀[0m[38;2;213;219;224m[48;2;0;0;0m▀[0m[38;2;97;101;105m[48;2;0;0;0m▀[0m[38;2;34;37;38m[48;2;0;0;0m▀[0m[38;2;255;255;255m[48;2;255;255;255m▀[0m[38;2;0;0;0m[48;2;69;69;69m▀[0m[38;2;0;0;0m[48;2;0;0;0m▀[0m[38;2;0;0;0m[48;2;0;0;0m▀[0m[38;2;0;0;0m[48;2;0;0;0m▀[0m[38;2;0;0;0m[48;2;1;1;1m▀[0m[38;2;0;0;0m[48;2;0;1;1m▀[0m[38;2;0;0;0m[48;2;0;0;0m▀[0m[38;2;0;0;0m[48;2;0;0;0m▀[0m[38;2;102;23;18m[48;2;0;0;0m▀[0m[38;2;255;76;44m[48;2;10;0;0m▀[0m[38;2;156;23;8m[48;2;35;6;6m▀[0m[38;2;255;36;1m[48;2;78;11;6m▀[0m[38;2;255;28;0m[48;2;213;60;48m▀[0m[38;2;255;11;0m[48;2;0;0;0m▀[0m[38;2;0;0;0m[48;2;0;0;0m▀[0m[38;2;0;0;0m[48;2;33;47;48m▀[0m[38;2;0;0;0m[48;2;104;109;110m▀[0m[38;2;8;15;15m[48;2;113;120;120m▀[0m[38;2;74;81;79m[48;2;70;76;75m▀[0m[38;2;125;127;129m[48;2;16;15;15m▀[0m[38;2;113;115;115m[48;2;0;0;0m▀[0m[38;2;59;61;62m[48;2;0;0;0m▀[0m[38;2;0;0;0m[48;2;0;0;0m▀[0m[38;2;0;0;0m[48;2;0;0;0m▀[0m[38;2;0;0;0m[48;2;0;0;0m▀[0m[38;2;255;255;255m[48;2;151;189;192m▀[0m[38;2;255;204;187m[48;2;255;255;255m▀[0m[38;2;255;0;0m[48;2;255;195;189m▀[0m[38;2;255;0;0m[48;2;255;0;0m▀[0m[38;2;255;0;0m[48;2;255;0;0m▀[0m[38;2;255;0;0m[48;2;255;61;57m▀[0m[38;2;255;128;126m[48;2;255;255;255m▀[0m[38;2;255;255;255m[48;2;255;255;255m▀[0m[38;2;247;250;251m[48;2;251;255;255m▀[0m[38;2;255;255;255m[48;2;255;255;255m▀[0m[38;2;255;255;255m[48;2;255;255;255m▀[0m[38;2;255;255;255m[48;2;255;255;255m▀[0m[38;2;238;243;243m[48;2;234;240;237m▀[0m[38;2;245;248;248m[48;2;245;248;248m▀[0m[38;2;245;247;247m[48;2;244;246;246m▀[0m[38;2;231;234;227m[48;2;237;237;234m▀[0m[38;2;225;224;222m[48;2;238;239;236m▀[0m[38;2;234;234;234m[48;2;222;225;225m▀[0m[38;2;255;255;255m[48;2;255;255;255m▀[0m
[38;2;1;4;3m[48;2;255;0;0m▀[0m[38;2;0;1;0m[48;2;0;1;3m▀[0m[38;2;0;0;1m[48;2;0;0;0m▀[0m[38;2;0;0;0m[48;2;0;0;0m▀[0m[38;2;0;0;0m[48;2;23;30;30m▀[0m[38;2;83;83;83m[48;2;68;68;68m▀[0m[38;2;235;235;232m[48;2;0;0;0m▀[0m[38;2;240;240;240m[48;2;0;0;0m▀[0m[38;2;191;189;185m[48;2;0;0;0m▀[0m[38;2;185;181;181m[48;2;0;0;0m▀[0m[38;2;231;231;228m[48;2;0;0;0m▀[0m[38;2;255;255;255m[48;2;0;0;0m▀[0m[38;2;255;255;255m[48;2;0;0;0m▀[0m[38;2;255;255;255m[48;2;43;43;43m▀[0m[38;2;255;255;255m[48;2;249;249;249m▀[0m[38;2;130;130;131m[48;2;255;255;255m▀[0m[38;2;0;0;0m[48;2;255;255;255m▀[0m[38;2;0;0;0m[48;2;135;138;138m▀[0m[38;2;0;0;0m[48;2;0;0;0m▀[0m[38;2;0;0;0m[48;2;0;0;0m▀[0m[38;2;255;255;255m[48;2;255;255;255m▀[0m[38;2;126;129;128m[48;2;150;150;151m▀[0m[38;2;0;0;0m[48;2;0;0;0m▀[0m[38;2;3;3;5m[48;2;0;0;0m▀[0m[38;2;24;28;29m[48;2;25;29;31m▀[0m[38;2;0;0;0m[48;2;0;0;0m▀[0m[38;2;86;86;86m[48;2;21;21;21m▀[0m[38;2;0;0;0m[48;2;73;73;71m▀[0m[38;2;0;0;0m[48;2;0;0;0m▀[0m[38;2;0;0;0m[48;2;0;0;0m▀[0m[38;2;0;0;0m[48;2;0;0;0m▀[0m[38;2;255;255;255m[48;2;255;255;255m▀[0m[38;2;193;193;193m[48;2;255;255;255m▀[0m[38;2;0;0;0m[48;2;0;0;0m▀[0m[38;2;0;0;0m[48;2;0;0;0m▀[0m[38;2;0;0;0m[48;2;0;0;0m▀[0m[38;2;1;1;1m[48;2;0;0;0m▀[0m[38;2;1;1;1m[48;2;0;0;0m▀[0m[38;2;0;0;0m[48;2;0;0;0m▀[0m[38;2;0;0;0m[48;2;0;0;0m▀[0m[38;2;0;0;0m[48;2;0;0;0m▀[0m[38;2;0;0;0m[48;2;0;0;0m▀[0m[38;2;0;0;0m[48;2;0;0;0m▀[0m[38;2;151;219;225m[48;2;106;113;122m▀[0m[38;2;255;255;255m[48;2;255;255;255m▀[0m[38;2;165;198;201m[48;2;226;234;232m▀[0m[38;2;0;19;20m[48;2;0;0;0m▀[0m[38;2;81;84;88m[48;2;0;0;0m▀[0m[38;2;21;23;23m[48;2;0;0;0m▀[0m[38;2;0;0;0m[48;2;0;0;0m▀[0m[38;2;0;0;0m[48;2;0;0;0m▀[0m[38;2;0;0;0m[48;2;0;0;0m▀[0m[38;2;0;0;0m[48;2;0;0;0m▀[0m[38;2;0;0;0m[48;2;0;0;0m▀[0m[38;2;0;0;0m[48;2;105;109;110m▀[0m[38;2;30;30;32m[48;2;248;251;255m▀[0m[38;2;69;77;77m[48;2;108;112;115m▀[0m[38;2;17;38;38m[48;2;0;0;0m▀[0m[38;2;255;255;255m[48;2;255;255;255m▀[0m[38;2;255;255;255m[48;2;255;255;255m▀[0m[38;2;255;0;0m[48;2;255;9;6m▀[0m[38;2;255;0;0m[48;2;255;0;0m▀[0m[38;2;253;255;255m[48;2;249;255;255m▀[0m[38;2;255;255;255m[48;2;255;255;255m▀[0m[38;2;255;254;249m[48;2;255;255;255m▀[0m[38;2;255;255;255m[48;2;255;255;255m▀[0m[38;2;255;255;255m[48;2;255;255;255m▀[0m[38;2;255;255;255m[48;2;255;255;255m▀[0m[38;2;255;255;255m[48;2;255;255;255m▀[0m[38;2;238;239;236m[48;2;239;239;241m▀[0m[38;2;246;248;248m[48;2;245;247;247m▀[0m[38;2;245;245;245m[48;2;245;244;245m▀[0m[38;2;240;237;240m[48;2;240;240;240m▀[0m[38;2;236;237;234m[48;2;238;240;238m▀[0m[38;2;227;231;230m[48;2;238;240;240m▀[0m[38;2;255;255;255m[48;2;255;255;255m▀[0m
[38;2;255;0;0m[48;2;255;0;0m▀[0m[38;2;150;0;0m[48;2;255;0;0m▀[0m[38;2;0;0;0m[48;2;0;0;0m▀[0m[38;2;0;0;0m[48;2;0;17;18m▀[0m[38;2;0;0;0m[48;2;0;0;0m▀[0m[38;2;0;0;0m[48;2;0;0;0m▀[0m[38;2;0;0;0m[48;2;0;0;0m▀[0m[38;2;0;0;0m[48;2;0;0;0m▀[0m[38;2;0;0;0m[48;2;0;0;0m▀[0m[38;2;0;0;0m[48;2;0;0;0m▀[0m[38;2;0;0;0m[48;2;0;0;0m▀[0m[38;2;0;0;0m[48;2;0;0;0m▀[0m[38;2;0;0;0m[48;2;0;0;0m▀[0m[38;2;0;0;0m[48;2;0;0;0m▀[0m[38;2;0;0;0m[48;2;0;0;0m▀[0m[38;2;0;0;0m[48;2;0;0;0m▀[0m[38;2;255;255;255m[48;2;0;0;0m▀[0m[38;2;255;255;255m[48;2;250;253;255m▀[0m[38;2;255;255;255m[48;2;189;191;191m▀[0m[38;2;62;65;64m[48;2;192;195;196m▀[0m[38;2;255;255;255m[48;2;255;255;255m▀[0m[38;2;167;167;168m[48;2;172;172;174m▀[0m[38;2;0;0;0m[48;2;0;0;0m▀[0m[38;2;0;0;0m[48;2;0;0;0m▀[0m[38;2;0;0;0m[48;2;0;0;0m▀[0m[38;2;0;0;0m[48;2;28;25;29m▀[0m[38;2;0;0;0m[48;2;0;0;0m▀[0m[38;2;89;89;87m[48;2;74;72;70m▀[0m[38;2;0;0;0m[48;2;16;16;17m▀[0m[38;2;0;0;0m[48;2;0;0;0m▀[0m[38;2;0;0;0m[48;2;0;0;0m▀[0m[38;2;255;255;255m[48;2;255;255;255m▀[0m[38;2;255;255;255m[48;2;255;255;255m▀[0m[38;2;33;36;36m[48;2;131;131;131m▀[0m[38;2;0;0;0m[48;2;0;0;0m▀[0m[38;2;0;0;0m[48;2;0;0;0m▀[0m[38;2;0;0;0m[48;2;0;0;0m▀[0m[38;2;0;0;0m[48;2;30;30;30m▀[0m[38;2;0;0;0m[48;2;90;92;95m▀[0m[38;2;0;0;0m[48;2;125;128;130m▀[0m[38;2;32;34;35m[48;2;104;108;109m▀[0m[38;2;88;88;92m[48;2;44;46;48m▀[0m[38;2;82;87;100m[48;2;0;0;0m▀[0m[38;2;0;0;11m[48;2;0;0;0m▀[0m[38;2;255;255;255m[48;2;177;180;182m▀[0m[38;2;221;223;221m[48;2;255;255;255m▀[0m[38;2;0;0;0m[48;2;0;0;0m▀[0m[38;2;0;0;0m[48;2;0;0;0m▀[0m[38;2;0;0;0m[48;2;0;0;0m▀[0m[38;2;0;0;0m[48;2;0;0;0m▀[0m[38;2;0;0;0m[48;2;0;0;0m▀[0m[38;2;0;0;0m[48;2;126;126;123m▀[0m[38;2;0;0;0m[48;2;255;255;255m▀[0m[38;2;0;0;0m[48;2;255;255;255m▀[0m[38;2;60;59;57m[48;2;255;255;255m▀[0m[38;2;66;69;66m[48;2;232;236;235m▀[0m[38;2;45;48;48m[48;2;195;200;206m▀[0m[38;2;7;15;14m[48;2;65;72;72m▀[0m[38;2;143;156;159m[48;2;7;19;22m▀[0m[38;2;255;255;255m[48;2;255;255;255m▀[0m[38;2;255;255;255m[48;2;255;255;255m▀[0m[38;2;255;0;0m[48;2;255;233;226m▀[0m[38;2;255;255;252m[48;2;255;255;252m▀[0m[38;2;255;255;255m[48;2;255;255;255m▀[0m[38;2;255;255;255m[48;2;255;255;255m▀[0m[38;2;255;255;255m[48;2;255;255;255m▀[0m[38;2;255;255;255m[48;2;255;255;255m▀[0m[38;2;255;255;255m[48;2;255;255;255m▀[0m[38;2;255;255;255m[48;2;255;255;255m▀[0m[38;2;240;243;243m[48;2;238;240;240m▀[0m[38;2;245;247;247m[48;2;245;248;247m▀[0m[38;2;240;244;243m[48;2;240;244;243m▀[0m[38;2;240;240;240m[48;2;249;252;252m▀[0m[38;2;245;247;247m[48;2;255;255;255m▀[0m[38;2;255;255;255m[48;2;172;176;178m▀[0m[38;2;255;255;255m[48;2;74;74;75m▀[0m
[38;2;255;0;0m[48;2;255;0;0m▀[0m[38;2;255;0;0m[48;2;255;0;0m▀[0m[38;2;18;76;74m[48;2;42;77;73m▀[0m[38;2;255;255;255m[48;2;255;255;255m▀[0m[38;2;255;255;255m[48;2;255;255;255m▀[0m[38;2;255;255;255m[48;2;255;255;255m▀[0m[38;2;152;155;155m[48;2;255;255;255m▀[0m[38;2;0;2;2m[48;2;255;255;255m▀[0m[38;2;0;0;0m[48;2;234;234;234m▀[0m[38;2;0;0;0m[48;2;0;0;0m▀[0m[38;2;0;0;0m[48;2;0;0;0m▀[0m[38;2;0;0;0m[48;2;0;0;0m▀[0m[38;2;0;0;0m[48;2;0;0;0m▀[0m[38;2;0;0;0m[48;2;0;0;0m▀[0m[38;2;0;0;0m[48;2;0;0;0m▀[0m[38;2;0;0;0m[48;2;0;0;0m▀[0m[38;2;0;0;0m[48;2;0;0;0m▀[0m[38;2;0;0;0m[48;2;0;0;0m▀[0m[38;2;9;11;14m[48;2;211;217;222m▀[0m[38;2;255;255;255m[48;2;255;255;255m▀[0m[38;2;255;255;255m[48;2;255;255;255m▀[0m[38;2;155;158;155m[48;2;117;122;122m▀[0m[38;2;0;0;0m[48;2;0;0;0m▀[0m[38;2;0;0;0m[48;2;0;0;0m▀[0m[38;2;0;0;0m[48;2;0;0;0m▀[0m[38;2;42;42;43m[48;2;34;37;38m▀[0m[38;2;0;0;0m[48;2;0;0;0m▀[0m[38;2;46;46;44m[48;2;10;10;11m▀[0m[38;2;50;47;50m[48;2;77;69;73m▀[0m[38;2;0;0;0m[48;2;0;0;0m▀[0m[38;2;0;0;0m[48;2;0;0;0m▀[0m[38;2;227;227;227m[48;2;76;79;76m▀[0m[38;2;255;255;255m[48;2;255;255;255m▀[0m[38;2;213;216;213m[48;2;255;255;255m▀[0m[38;2;0;0;0m[48;2;105;108;112m▀[0m[38;2;58;58;59m[48;2;52;52;57m▀[0m[38;2;120;118;122m[48;2;0;0;1m▀[0m[38;2;110;110;111m[48;2;0;0;0m▀[0m[38;2;57;59;59m[48;2;0;0;0m▀[0m[38;2;3;3;3m[48;2;0;0;0m▀[0m[38;2;0;0;0m[48;2;0;0;0m▀[0m[38;2;0;0;0m[48;2;0;0;0m▀[0m[38;2;0;0;0m[48;2;0;0;0m▀[0m[38;2;0;0;0m[48;2;0;0;0m▀[0m[38;2;0;0;0m[48;2;0;0;0m▀[0m[38;2;255;255;255m[48;2;142;144;144m▀[0m[38;2;0;0;0m[48;2;98;100;102m▀[0m[38;2;0;0;0m[48;2;130;132;132m▀[0m[38;2;0;0;0m[48;2;166;166;166m▀[0m[38;2;0;0;0m[48;2;50;47;47m▀[0m[38;2;46;48;48m[48;2;70;72;73m▀[0m[38;2;249;253;250m[48;2;38;42;43m▀[0m[38;2;219;221;223m[48;2;12;15;17m▀[0m[38;2;126;130;133m[48;2;10;12;17m▀[0m[38;2;59;61;62m[48;2;5;4;4m▀[0m[38;2;73;76;75m[48;2;20;20;18m▀[0m[38;2;81;81;82m[48;2;0;0;0m▀[0m[38;2;0;0;0m[48;2;0;0;0m▀[0m[38;2;0;0;0m[48;2;0;0;0m▀[0m[38;2;255;255;255m[48;2;186;198;203m▀[0m[38;2;255;255;255m[48;2;255;255;255m▀[0m[38;2;255;0;0m[48;2;255;240;237m▀[0m[38;2;255;0;0m[48;2;255;144;140m▀[0m[38;2;255;255;255m[48;2;255;255;255m▀[0m[38;2;255;255;255m[48;2;255;255;255m▀[0m[38;2;255;255;255m[48;2;255;255;255m▀[0m[38;2;255;255;255m[48;2;255;255;255m▀[0m[38;2;255;255;255m[48;2;255;255;255m▀[0m[38;2;255;255;255m[48;2;255;255;255m▀[0m[38;2;240;243;245m[48;2;241;248;248m▀[0m[38;2;245;248;248m[48;2;248;254;254m▀[0m[38;2;244;246;246m[48;2;255;255;255m▀[0m[38;2;255;255;255m[48;2;255;255;255m▀[0m[38;2;151;153;155m[48;2;255;255;255m▀[0m[38;2;167;167;168m[48;2;250;250;252m▀[0m[38;2;126;126;127m[48;2;0;0;0m▀[0m
[38;2;255;0;0m[48;2;255;0;0m▀[0m[38;2;255;0;0m[48;2;151;0;0m▀[0m[38;2;0;0;0m[48;2;0;104;106m▀[0m[38;2;105;150;147m[48;2;39;60;59m▀[0m[38;2;255;255;255m[48;2;0;0;0m▀[0m[38;2;255;255;255m[48;2;69;72;71m▀[0m[38;2;255;255;255m[48;2;234;234;234m▀[0m[38;2;255;255;255m[48;2;255;255;255m▀[0m[38;2;255;255;255m[48;2;255;255;255m▀[0m[38;2;255;255;255m[48;2;255;255;255m▀[0m[38;2;39;39;36m[48;2;255;255;255m▀[0m[38;2;0;0;0m[48;2;0;0;0m▀[0m[38;2;0;0;0m[48;2;0;0;0m▀[0m[38;2;0;0;0m[48;2;0;0;0m▀[0m[38;2;0;0;0m[48;2;0;0;0m▀[0m[38;2;0;0;0m[48;2;0;0;0m▀[0m[38;2;0;0;0m[48;2;0;0;0m▀[0m[38;2;70;72;77m[48;2;255;255;255m▀[0m[38;2;255;255;255m[48;2;255;255;255m▀[0m[38;2;255;255;255m[48;2;255;255;255m▀[0m[38;2;255;255;255m[48;2;255;255;255m▀[0m[38;2;51;54;54m[48;2;0;0;0m▀[0m[38;2;0;0;0m[48;2;0;0;0m▀[0m[38;2;0;0;0m[48;2;0;0;0m▀[0m[38;2;2;2;3m[48;2;1;1;0m▀[0m[38;2;28;30;32m[48;2;0;0;0m▀[0m[38;2;0;0;0m[48;2;0;0;0m▀[0m[38;2;0;0;0m[48;2;0;0;0m▀[0m[38;2;0;0;0m[48;2;35;37;37m▀[0m[38;2;0;0;0m[48;2;117;122;122m▀[0m[38;2;0;0;0m[48;2;159;166;166m▀[0m[38;2;0;0;0m[48;2;120;124;125m▀[0m[38;2;255;255;255m[48;2;12;15;15m▀[0m[38;2;255;255;255m[48;2;255;255;255m▀[0m[38;2;164;164;162m[48;2;255;255;255m▀[0m[38;2;0;0;0m[48;2;0;0;0m▀[0m[38;2;0;0;0m[48;2;0;0;0m▀[0m[38;2;0;0;0m[48;2;0;0;0m▀[0m[38;2;0;0;0m[48;2;0;0;0m▀[0m[38;2;0;0;0m[48;2;0;0;0m▀[0m[38;2;0;0;0m[48;2;0;0;0m▀[0m[38;2;0;0;0m[48;2;0;0;0m▀[0m[38;2;0;0;0m[48;2;68;71;75m▀[0m[38;2;0;0;1m[48;2;133;140;144m▀[0m[38;2;97;101;104m[48;2;112;115;119m▀[0m[38;2;132;135;137m[48;2;62;63;59m▀[0m[38;2;123;125;126m[48;2;119;118;119m▀[0m[38;2;92;97;93m[48;2;2;5;5m▀[0m[38;2;83;86;91m[48;2;22;27;25m▀[0m[38;2;124;136;152m[48;2;43;51;56m▀[0m[38;2;44;48;49m[48;2;0;0;0m▀[0m[38;2;8;11;10m[48;2;0;0;0m▀[0m[38;2;0;0;0m[48;2;0;0;0m▀[0m[38;2;0;0;0m[48;2;0;0;0m▀[0m[38;2;0;0;0m[48;2;0;0;0m▀[0m[38;2;0;0;0m[48;2;0;0;0m▀[0m[38;2;0;0;0m[48;2;0;0;0m▀[0m[38;2;0;0;0m[48;2;0;0;0m▀[0m[38;2;0;0;0m[48;2;0;0;0m▀[0m[38;2;43;49;54m[48;2;0;0;0m▀[0m[38;2;255;255;255m[48;2;255;255;255m▀[0m[38;2;255;255;255m[48;2;255;255;255m▀[0m[38;2;255;255;255m[48;2;255;255;255m▀[0m[38;2;255;255;255m[48;2;198;203;203m▀[0m[38;2;255;255;255m[48;2;255;255;255m▀[0m[38;2;255;255;255m[48;2;255;255;255m▀[0m[38;2;255;255;255m[48;2;255;255;255m▀[0m[38;2;255;255;255m[48;2;255;255;255m▀[0m[38;2;255;152;152m[48;2;255;164;163m▀[0m[38;2;244;247;247m[48;2;249;255;255m▀[0m[38;2;255;255;255m[48;2;255;255;255m▀[0m[38;2;255;255;255m[48;2;255;255;255m▀[0m[38;2;255;255;255m[48;2;178;180;178m▀[0m[38;2;255;255;255m[48;2;0;0;0m▀[0m[38;2;0;0;0m[48;2;0;0;0m▀[0m[38;2;0;0;0m[48;2;0;0;0m▀[0m
[38;2;255;43;28m[48;2;255;255;255m▀[0m[38;2;95;181;178m[48;2;36;101;100m▀[0m[38;2;113;155;156m[48;2;105;122;123m▀[0m[38;2;255;255;255m[48;2;255;255;255m▀[0m[38;2;172;174;176m[48;2;255;255;255m▀[0m[38;2;186;186;187m[48;2;255;255;255m▀[0m[38;2;0;0;0m[48;2;255;255;255m▀[0m[38;2;154;157;156m[48;2;0;0;0m▀[0m[38;2;255;255;255m[48;2;212;212;213m▀[0m[38;2;255;255;255m[48;2;255;255;255m▀[0m[38;2;255;255;255m[48;2;255;255;255m▀[0m[38;2;131;131;128m[48;2;255;255;255m▀[0m[38;2;0;0;0m[48;2;0;0;0m▀[0m[38;2;0;0;0m[48;2;0;0;0m▀[0m[38;2;0;0;0m[48;2;0;0;0m▀[0m[38;2;0;0;0m[48;2;205;205;205m▀[0m[38;2;255;255;255m[48;2;255;255;255m▀[0m[38;2;255;255;255m[48;2;255;255;255m▀[0m[38;2;255;255;255m[48;2;255;255;255m▀[0m[38;2;255;255;255m[48;2;255;255;255m▀[0m[38;2;255;255;255m[48;2;157;159;159m▀[0m[38;2;0;0;0m[48;2;0;0;0m▀[0m[38;2;0;0;0m[48;2;15;27;45m▀[0m[38;2;0;0;0m[48;2;0;5;10m▀[0m[38;2;0;0;0m[48;2;79;78;76m▀[0m[38;2;43;45;45m[48;2;109;114;110m▀[0m[38;2;112;115;114m[48;2;61;63;63m▀[0m[38;2;152;156;153m[48;2;11;14;16m▀[0m[38;2;153;157;157m[48;2;0;0;0m▀[0m[38;2;102;104;106m[48;2;0;0;0m▀[0m[38;2;27;24;28m[48;2;0;0;0m▀[0m[38;2;0;0;0m[48;2;0;0;0m▀[0m[38;2;0;0;0m[48;2;14;16;16m▀[0m[38;2;0;0;0m[48;2;33;36;38m▀[0m[38;2;255;255;255m[48;2;96;96;96m▀[0m[38;2;82;82;84m[48;2;196;196;194m▀[0m[38;2;0;0;0m[48;2;95;93;93m▀[0m[38;2;25;29;29m[48;2;255;255;255m▀[0m[38;2;123;123;123m[48;2;255;255;255m▀[0m[38;2;183;182;182m[48;2;255;255;255m▀[0m[38;2;125;128;129m[48;2;168;171;178m▀[0m[38;2;200;204;210m[48;2;129;131;133m▀[0m[38;2;124;126;127m[48;2;8;8;9m▀[0m[38;2;89;92;93m[48;2;0;0;0m▀[0m[38;2;41;41;41m[48;2;0;0;0m▀[0m[38;2;0;0;0m[48;2;0;0;0m▀[0m[38;2;120;118;122m[48;2;72;75;75m▀[0m[38;2;0;0;0m[48;2;76;78;78m▀[0m[38;2;0;0;0m[48;2;0;0;0m▀[0m[38;2;0;0;0m[48;2;0;0;0m▀[0m[38;2;0;0;0m[48;2;0;0;0m▀[0m[38;2;0;0;0m[48;2;1;1;1m▀[0m[38;2;0;0;0m[48;2;0;1;1m▀[0m[38;2;0;1;1m[48;2;1;1;1m▀[0m[38;2;1;1;1m[48;2;0;1;1m▀[0m[38;2;1;1;1m[48;2;0;1;1m▀[0m[38;2;1;1;1m[48;2;0;1;1m▀[0m[38;2;0;0;0m[48;2;0;0;0m▀[0m[38;2;0;0;0m[48;2;0;0;0m▀[0m[38;2;0;0;0m[48;2;0;0;0m▀[0m[38;2;255;255;255m[48;2;255;255;255m▀[0m[38;2;255;255;255m[48;2;255;255;255m▀[0m[38;2;244;244;244m[48;2;228;228;228m▀[0m[38;2;163;165;166m[48;2;124;124;122m▀[0m[38;2;255;255;255m[48;2;219;219;217m▀[0m[38;2;255;255;255m[48;2;255;255;255m▀[0m[38;2;255;255;255m[48;2;255;255;255m▀[0m[38;2;255;255;255m[48;2;255;255;255m▀[0m[38;2;255;172;168m[48;2;255;231;227m▀[0m[38;2;255;178;177m[48;2;255;0;0m▀[0m[38;2;255;255;255m[48;2;0;0;0m▀[0m[38;2;43;55;55m[48;2;0;0;0m▀[0m[38;2;0;0;0m[48;2;0;0;0m▀[0m[38;2;0;0;0m[48;2;0;0;0m▀[0m[38;2;0;0;0m[48;2;0;0;0m▀[0m[38;2;0;0;0m[48;2;0;2;2m▀[0m
[38;2;255;255;255m[48;2;255;255;255m▀[0m[38;2;3;19;19m[48;2;0;1;1m▀[0m[38;2;0;0;0m[48;2;0;0;0m▀[0m[38;2;255;255;255m[48;2;255;255;255m▀[0m[38;2;255;255;255m[48;2;116;119;119m▀[0m[38;2;180;180;180m[48;2;0;0;0m▀[0m[38;2;0;0;0m[48;2;0;0;0m▀[0m[38;2;0;0;0m[48;2;0;0;0m▀[0m[38;2;108;105;109m[48;2;181;183;183m▀[0m[38;2;255;255;255m[48;2;180;180;180m▀[0m[38;2;255;255;255m[48;2;83;83;81m▀[0m[38;2;255;255;255m[48;2;0;0;0m▀[0m[38;2;0;0;0m[48;2;0;0;0m▀[0m[38;2;0;0;0m[48;2;164;167;167m▀[0m[38;2;172;172;172m[48;2;255;255;255m▀[0m[38;2;255;255;255m[48;2;255;255;255m▀[0m[38;2;255;255;255m[48;2;255;255;255m▀[0m[38;2;255;255;255m[48;2;255;255;255m▀[0m[38;2;255;255;255m[48;2;255;255;255m▀[0m[38;2;255;255;255m[48;2;255;255;255m▀[0m[38;2;23;27;25m[48;2;72;78;83m▀[0m[38;2;10;9;9m[48;2;59;61;61m▀[0m[38;2;68;85;110m[48;2;0;0;0m▀[0m[38;2;0;4;8m[48;2;0;0;0m▀[0m[38;2;0;0;0m[48;2;0;0;0m▀[0m[38;2;0;0;0m[48;2;0;0;0m▀[0m[38;2;0;0;0m[48;2;0;0;0m▀[0m[38;2;0;0;0m[48;2;0;0;0m▀[0m[38;2;0;0;0m[48;2;12;15;15m▀[0m[38;2;0;0;0m[48;2;99;102;101m▀[0m[38;2;34;33;33m[48;2;255;255;255m▀[0m[38;2;255;255;255m[48;2;255;255;255m▀[0m[38;2;255;255;255m[48;2;239;244;244m▀[0m[38;2;243;246;248m[48;2;251;251;255m▀[0m[38;2;76;75;75m[48;2;10;12;15m▀[0m[38;2;255;255;252m[48;2;255;255;255m▀[0m[38;2;46;43;46m[48;2;16;18;18m▀[0m[38;2;102;102;102m[48;2;0;0;0m▀[0m[38;2;9;9;11m[48;2;0;0;0m▀[0m[38;2;0;0;0m[48;2;0;0;0m▀[0m[38;2;0;0;0m[48;2;0;0;0m▀[0m[38;2;0;0;0m[48;2;0;0;0m▀[0m[38;2;0;0;0m[48;2;0;0;0m▀[0m[38;2;0;0;0m[48;2;0;0;0m▀[0m[38;2;0;0;0m[48;2;0;0;0m▀[0m[38;2;0;0;0m[48;2;0;0;0m▀[0m[38;2;12;12;12m[48;2;0;0;0m▀[0m[38;2;147;145;149m[48;2;172;174;174m▀[0m[38;2;0;0;0m[48;2;2;2;2m▀[0m[38;2;0;0;0m[48;2;0;0;0m▀[0m[38;2;0;0;0m[48;2;0;0;0m▀[0m[38;2;1;1;1m[48;2;1;1;1m▀[0m[38;2;1;1;1m[48;2;1;1;1m▀[0m[38;2;1;1;1m[48;2;0;2;2m▀[0m[38;2;0;1;1m[48;2;2;2;2m▀[0m[38;2;0;1;1m[48;2;1;1;1m▀[0m[38;2;0;1;1m[48;2;0;0;0m▀[0m[38;2;0;0;0m[48;2;0;0;0m▀[0m[38;2;0;0;0m[48;2;0;0;0m▀[0m[38;2;0;0;0m[48;2;7;10;9m▀[0m[38;2;255;255;255m[48;2;255;255;255m▀[0m[38;2;255;255;255m[48;2;255;255;255m▀[0m[38;2;252;252;252m[48;2;255;255;255m▀[0m[38;2;137;137;137m[48;2;167;170;170m▀[0m[38;2;199;199;199m[48;2;199;201;201m▀[0m[38;2;255;255;255m[48;2;255;255;255m▀[0m[38;2;255;255;255m[48;2;255;255;255m▀[0m[38;2;255;255;255m[48;2;255;255;255m▀[0m[38;2;255;255;255m[48;2;255;255;255m▀[0m[38;2;255;0;0m[48;2;204;0;0m▀[0m[38;2;0;0;0m[48;2;0;0;0m▀[0m[38;2;0;0;0m[48;2;0;0;0m▀[0m[38;2;0;0;0m[48;2;0;0;0m▀[0m[38;2;0;0;0m[48;2;1;1;1m▀[0m[38;2;1;1;1m[48;2;1;1;1m▀[0m[38;2;1;1;1m[48;2;1;1;1m▀[0m
[38;2;255;255;255m[48;2;255;255;255m▀[0m[38;2;0;0;0m[48;2;0;0;0m▀[0m[38;2;0;0;0m[48;2;0;0;0m▀[0m[38;2;70;70;72m[48;2;0;0;0m▀[0m[38;2;0;0;0m[48;2;0;0;0m▀[0m[38;2;0;0;0m[48;2;0;0;0m▀[0m[38;2;0;0;0m[48;2;0;0;0m▀[0m[38;2;0;0;0m[48;2;0;0;0m▀[0m[38;2;0;0;0m[48;2;0;0;0m▀[0m[38;2;0;0;0m[48;2;0;0;0m▀[0m[38;2;0;0;0m[48;2;0;0;0m▀[0m[38;2;0;0;0m[48;2;255;255;255m▀[0m[38;2;191;191;189m[48;2;255;255;255m▀[0m[38;2;255;255;255m[48;2;255;255;255m▀[0m[38;2;255;255;255m[48;2;255;255;255m▀[0m[38;2;255;255;255m[48;2;255;255;255m▀[0m[38;2;255;255;255m[48;2;255;255;255m▀[0m[38;2;255;255;255m[48;2;255;255;255m▀[0m[38;2;255;255;255m[48;2;231;231;231m▀[0m[38;2;91;91;93m[48;2;0;0;0m▀[0m[38;2;0;0;0m[48;2;0;0;0m▀[0m[38;2;0;0;0m[48;2;0;0;0m▀[0m[38;2;0;0;0m[48;2;0;0;0m▀[0m[38;2;0;0;0m[48;2;56;56;54m▀[0m[38;2;0;0;0m[48;2;130;132;130m▀[0m[38;2;16;16;14m[48;2;174;172;176m▀[0m[38;2;101;103;104m[48;2;147;150;151m▀[0m[38;2;162;165;166m[48;2;115;117;118m▀[0m[38;2;145;149;150m[48;2;84;84;85m▀[0m[38;2;89;92;93m[48;2;54;56;56m▀[0m[38;2;176;179;178m[48;2;1;1;0m▀[0m[38;2;65;68;68m[48;2;0;0;0m▀[0m[38;2;33;35;35m[48;2;0;0;0m▀[0m[38;2;16;19;18m[48;2;0;0;0m▀[0m[38;2;0;0;0m[48;2;0;0;0m▀[0m[38;2;181;180;180m[48;2;46;46;46m▀[0m[38;2;164;167;164m[48;2;255;255;255m▀[0m[38;2;0;0;0m[48;2;0;0;0m▀[0m[38;2;0;0;0m[48;2;0;0;0m▀[0m[38;2;0;0;0m[48;2;0;0;0m▀[0m[38;2;0;0;0m[48;2;1;1;1m▀[0m[38;2;0;0;0m[48;2;1;1;1m▀[0m[38;2;1;1;1m[48;2;1;1;1m▀[0m[38;2;0;1;1m[48;2;0;1;1m▀[0m[38;2;0;0;0m[48;2;0;1;1m▀[0m[38;2;0;0;0m[48;2;0;0;0m▀[0m[38;2;0;0;0m[48;2;0;0;0m▀[0m[38;2;133;131;135m[48;2;66;66;64m▀[0m[38;2;77;79;79m[48;2;177;177;179m▀[0m[38;2;0;0;0m[48;2;0;0;0m▀[0m[38;2;0;0;0m[48;2;0;0;0m▀[0m[38;2;0;0;0m[48;2;0;0;0m▀[0m[38;2;0;0;0m[48;2;0;0;0m▀[0m[38;2;0;0;0m[48;2;27;27;27m▀[0m[38;2;0;0;0m[48;2;46;46;46m▀[0m[38;2;0;0;0m[48;2;0;0;0m▀[0m[38;2;0;0;0m[48;2;0;0;0m▀[0m[38;2;0;0;0m[48;2;0;0;0m▀[0m[38;2;0;0;0m[48;2;0;0;0m▀[0m[38;2;89;89;90m[48;2;201;200;200m▀[0m[38;2;255;255;255m[48;2;255;255;255m▀[0m[38;2;255;255;255m[48;2;255;255;255m▀[0m[38;2;239;239;239m[48;2;231;234;234m▀[0m[38;2;131;131;133m[48;2;160;170;170m▀[0m[38;2;212;216;216m[48;2;249;255;255m▀[0m[38;2;255;255;255m[48;2;255;255;255m▀[0m[38;2;255;255;255m[48;2;255;255;255m▀[0m[38;2;255;255;255m[48;2;255;255;255m▀[0m[38;2;255;255;255m[48;2;255;255;255m▀[0m[38;2;154;0;0m[48;2;105;0;0m▀[0m[38;2;0;0;0m[48;2;0;0;0m▀[0m[38;2;0;0;0m[48;2;0;0;0m▀[0m[38;2;0;1;1m[48;2;0;1;1m▀[0m[38;2;1;1;1m[48;2;1;1;1m▀[0m[38;2;1;1;1m[48;2;0;0;0m▀[0m[38;2;1;1;1m[48;2;0;0;0m▀[0m
[38;2;255;255;255m[48;2;255;255;255m▀[0m[38;2;0;0;0m[48;2;0;0;0m▀[0m[38;2;0;0;0m[48;2;0;0;0m▀[0m[38;2;0;0;0m[48;2;0;0;0m▀[0m[38;2;0;0;0m[48;2;0;0;0m▀[0m[38;2;0;0;0m[48;2;0;0;0m▀[0m[38;2;0;0;0m[48;2;0;0;0m▀[0m[38;2;0;0;0m[48;2;33;32;32m▀[0m[38;2;0;0;0m[48;2;225;225;222m▀[0m[38;2;62;62;64m[48;2;255;255;255m▀[0m[38;2;255;255;255m[48;2;255;255;255m▀[0m[38;2;255;255;255m[48;2;255;255;255m▀[0m[38;2;255;255;255m[48;2;255;255;255m▀[0m[38;2;255;255;255m[48;2;255;255;255m▀[0m[38;2;255;255;255m[48;2;255;255;255m▀[0m[38;2;255;255;255m[48;2;255;255;255m▀[0m[38;2;255;255;255m[48;2;52;52;50m▀[0m[38;2;186;190;190m[48;2;0;0;0m▀[0m[38;2;0;0;0m[48;2;0;0;0m▀[0m[38;2;0;0;0m[48;2;95;97;101m▀[0m[38;2;0;0;0m[48;2;178;180;181m▀[0m[38;2;91;93;91m[48;2;180;182;184m▀[0m[38;2;172;176;177m[48;2;122;125;129m▀[0m[38;2;192;194;199m[48;2;43;45;46m▀[0m[38;2;156;159;166m[48;2;0;0;0m▀[0m[38;2;66;69;71m[48;2;0;0;0m▀[0m[38;2;238;240;245m[48;2;255;255;255m▀[0m[38;2;34;36;34m[48;2;59;57;60m▀[0m[38;2;0;0;0m[48;2;0;0;0m▀[0m[38;2;0;0;0m[48;2;0;0;0m▀[0m[38;2;0;0;0m[48;2;0;0;0m▀[0m[38;2;0;0;0m[48;2;0;0;0m▀[0m[38;2;0;0;0m[48;2;0;0;0m▀[0m[38;2;0;0;0m[48;2;0;0;0m▀[0m[38;2;0;0;0m[48;2;0;0;0m▀[0m[38;2;0;0;0m[48;2;0;0;0m▀[0m[38;2;255;255;255m[48;2;227;226;226m▀[0m[38;2;25;25;25m[48;2;204;203;203m▀[0m[38;2;0;0;0m[48;2;0;0;0m▀[0m[38;2;0;0;0m[48;2;0;0;0m▀[0m[38;2;0;0;0m[48;2;0;0;0m▀[0m[38;2;1;1;1m[48;2;1;1;1m▀[0m[38;2;1;1;1m[48;2;1;1;1m▀[0m[38;2;1;1;1m[48;2;1;1;1m▀[0m[38;2;1;1;1m[48;2;1;1;1m▀[0m[38;2;0;0;0m[48;2;0;0;0m▀[0m[38;2;0;0;0m[48;2;0;0;0m▀[0m[38;2;0;0;0m[48;2;0;0;0m▀[0m[38;2;235;235;236m[48;2;232;232;233m▀[0m[38;2;0;0;0m[48;2;19;21;22m▀[0m[38;2;0;0;0m[48;2;0;0;0m▀[0m[38;2;0;0;0m[48;2;0;0;0m▀[0m[38;2;0;0;0m[48;2;0;0;0m▀[0m[38;2;133;133;133m[48;2;0;0;0m▀[0m[38;2;149;149;149m[48;2;0;0;0m▀[0m[38;2;0;0;0m[48;2;0;0;0m▀[0m[38;2;0;0;0m[48;2;0;0;0m▀[0m[38;2;0;0;0m[48;2;0;0;0m▀[0m[38;2;0;0;0m[48;2;93;91;95m▀[0m[38;2;255;255;255m[48;2;255;255;255m▀[0m[38;2;255;255;255m[48;2;255;255;255m▀[0m[38;2;255;255;255m[48;2;164;169;162m▀[0m[38;2;255;255;255m[48;2;115;127;127m▀[0m[38;2;186;211;218m[48;2;253;255;255m▀[0m[38;2;255;255;255m[48;2;255;211;201m▀[0m[38;2;255;255;255m[48;2;255;0;0m▀[0m[38;2;255;255;255m[48;2;255;255;252m▀[0m[38;2;255;255;255m[48;2;255;255;255m▀[0m[38;2;255;255;255m[48;2;255;255;255m▀[0m[38;2;138;0;0m[48;2;154;0;0m▀[0m[38;2;0;0;0m[48;2;0;0;0m▀[0m[38;2;0;0;0m[48;2;0;0;0m▀[0m[38;2;0;0;0m[48;2;0;0;0m▀[0m[38;2;0;0;0m[48;2;0;0;0m▀[0m[38;2;0;0;0m[48;2;0;0;0m▀[0m[38;2;0;0;0m[48;2;86;87;84m▀[0m
[38;2;255;255;255m[48;2;255;255;255m▀[0m[38;2;0;0;0m[48;2;28;31;31m▀[0m[38;2;0;0;0m[48;2;0;0;0m▀[0m[38;2;0;0;0m[48;2;0;0;0m▀[0m[38;2;0;0;0m[48;2;0;0;0m▀[0m[38;2;0;0;0m[48;2;11;11;9m▀[0m[38;2;59;59;59m[48;2;0;0;0m▀[0m[38;2;255;255;255m[48;2;0;0;0m▀[0m[38;2;255;255;255m[48;2;20;20;20m▀[0m[38;2;255;255;255m[48;2;33;35;35m▀[0m[38;2;255;255;255m[48;2;11;9;12m▀[0m[38;2;255;255;255m[48;2;0;0;0m▀[0m[38;2;255;255;255m[48;2;0;0;0m▀[0m[38;2;221;223;225m[48;2;0;0;0m▀[0m[38;2;64;62;65m[48;2;0;0;0m▀[0m[38;2;0;0;0m[48;2;0;0;0m▀[0m[38;2;0;0;0m[48;2;100;102;102m▀[0m[38;2;97;100;102m[48;2;86;86;88m▀[0m[38;2;177;177;181m[48;2;7;7;5m▀[0m[38;2;141;143;149m[48;2;0;0;0m▀[0m[38;2;70;69;70m[48;2;0;0;0m▀[0m[38;2;3;2;3m[48;2;0;0;0m▀[0m[38;2;0;0;0m[48;2;0;0;0m▀[0m[38;2;0;0;0m[48;2;0;0;0m▀[0m[38;2;0;0;0m[48;2;0;0;0m▀[0m[38;2;0;0;0m[48;2;0;0;0m▀[0m[38;2;4;6;8m[48;2;82;86;89m▀[0m[38;2;0;0;0m[48;2;140;145;151m▀[0m[38;2;0;0;0m[48;2;0;0;0m▀[0m[38;2;0;0;0m[48;2;0;1;1m▀[0m[38;2;0;0;0m[48;2;0;1;1m▀[0m[38;2;0;1;1m[48;2;0;1;1m▀[0m[38;2;0;1;1m[48;2;1;1;1m▀[0m[38;2;0;0;0m[48;2;1;1;1m▀[0m[38;2;0;0;0m[48;2;0;0;0m▀[0m[38;2;0;0;0m[48;2;0;0;0m▀[0m[38;2;62;62;63m[48;2;0;0;0m▀[0m[38;2;255;255;255m[48;2;255;255;255m▀[0m[38;2;0;0;0m[48;2;46;46;44m▀[0m[38;2;0;0;0m[48;2;0;0;0m▀[0m[38;2;0;0;0m[48;2;0;0;0m▀[0m[38;2;1;1;1m[48;2;0;0;0m▀[0m[38;2;1;1;1m[48;2;1;1;1m▀[0m[38;2;0;1;0m[48;2;1;1;1m▀[0m[38;2;0;1;1m[48;2;0;1;1m▀[0m[38;2;0;0;0m[48;2;0;0;0m▀[0m[38;2;0;0;0m[48;2;0;0;0m▀[0m[38;2;0;0;0m[48;2;0;0;0m▀[0m[38;2;193;190;193m[48;2;133;128;136m▀[0m[38;2;123;123;123m[48;2;255;255;255m▀[0m[38;2;0;0;0m[48;2;0;0;0m▀[0m[38;2;0;0;0m[48;2;0;0;0m▀[0m[38;2;0;0;0m[48;2;255;255;255m▀[0m[38;2;216;213;220m[48;2;255;255;255m▀[0m[38;2;65;69;71m[48;2;0;0;0m▀[0m[38;2;0;0;0m[48;2;0;0;0m▀[0m[38;2;0;0;0m[48;2;0;0;0m▀[0m[38;2;0;0;0m[48;2;189;187;187m▀[0m[38;2;255;255;255m[48;2;255;255;255m▀[0m[38;2;255;255;255m[48;2;255;255;255m▀[0m[38;2;169;171;169m[48;2;213;221;221m▀[0m[38;2;157;166;162m[48;2;205;222;222m▀[0m[38;2;201;217;214m[48;2;255;255;255m▀[0m[38;2;255;255;255m[48;2;255;255;255m▀[0m[38;2;255;136;130m[48;2;255;233;227m▀[0m[38;2;255;0;0m[48;2;255;0;0m▀[0m[38;2;255;225;225m[48;2;255;44;35m▀[0m[38;2;255;255;255m[48;2;255;182;187m▀[0m[38;2;255;255;255m[48;2;255;0;0m▀[0m[38;2;170;0;0m[48;2;192;0;0m▀[0m[38;2;0;0;0m[48;2;0;0;0m▀[0m[38;2;0;0;0m[48;2;0;0;0m▀[0m[38;2;0;0;0m[48;2;0;0;0m▀[0m[38;2;0;0;0m[48;2;72;75;75m▀[0m[38;2;51;56;51m[48;2;216;222;222m▀[0m[38;2;247;249;249m[48;2;155;158;158m▀[0m
[38;2;255;255;255m[48;2;255;255;255m▀[0m[38;2;73;76;76m[48;2;138;138;142m▀[0m[38;2;0;0;0m[48;2;0;0;0m▀[0m[38;2;0;0;0m[48;2;0;0;0m▀[0m[38;2;41;41;41m[48;2;57;57;59m▀[0m[38;2;103;106;105m[48;2;33;35;39m▀[0m[38;2;79;86;86m[48;2;4;2;6m▀[0m[38;2;42;44;44m[48;2;0;0;0m▀[0m[38;2;0;0;0m[48;2;0;0;0m▀[0m[38;2;0;0;0m[48;2;0;0;0m▀[0m[38;2;0;0;0m[48;2;0;0;0m▀[0m[38;2;0;0;0m[48;2;0;0;0m▀[0m[38;2;0;0;0m[48;2;0;0;0m▀[0m[38;2;0;0;0m[48;2;0;0;0m▀[0m[38;2;0;0;0m[48;2;0;0;0m▀[0m[38;2;0;0;0m[48;2;0;0;0m▀[0m[38;2;0;0;0m[48;2;0;0;0m▀[0m[38;2;0;0;0m[48;2;0;0;0m▀[0m[38;2;0;0;0m[48;2;0;0;0m▀[0m[38;2;0;0;0m[48;2;0;0;0m▀[0m[38;2;0;0;0m[48;2;0;1;1m▀[0m[38;2;0;0;0m[48;2;0;1;1m▀[0m[38;2;0;0;0m[48;2;0;1;1m▀[0m[38;2;0;0;0m[48;2;0;1;1m▀[0m[38;2;0;0;0m[48;2;0;1;1m▀[0m[38;2;0;0;0m[48;2;0;0;0m▀[0m[38;2;38;41;43m[48;2;0;0;0m▀[0m[38;2;103;106;111m[48;2;0;0;0m▀[0m[38;2;0;0;0m[48;2;0;0;0m▀[0m[38;2;0;1;0m[48;2;0;0;0m▀[0m[38;2;0;1;1m[48;2;1;1;1m▀[0m[38;2;0;1;1m[48;2;1;1;1m▀[0m[38;2;1;1;1m[48;2;1;1;1m▀[0m[38;2;1;1;1m[48;2;1;1;1m▀[0m[38;2;0;0;0m[48;2;0;0;0m▀[0m[38;2;0;0;0m[48;2;0;0;0m▀[0m[38;2;0;0;0m[48;2;0;0;0m▀[0m[38;2;249;249;247m[48;2;52;52;54m▀[0m[38;2;247;247;245m[48;2;255;255;255m▀[0m[38;2;0;0;0m[48;2;0;0;0m▀[0m[38;2;0;0;0m[48;2;0;0;0m▀[0m[38;2;0;0;0m[48;2;0;0;0m▀[0m[38;2;0;1;1m[48;2;0;0;0m▀[0m[38;2;1;1;1m[48;2;0;0;0m▀[0m[38;2;0;0;0m[48;2;0;0;0m▀[0m[38;2;0;0;0m[48;2;0;0;0m▀[0m[38;2;0;0;0m[48;2;0;0;0m▀[0m[38;2;0;0;0m[48;2;38;41;43m▀[0m[38;2;125;125;126m[48;2;255;255;255m▀[0m[38;2;255;255;255m[48;2;255;255;255m▀[0m[38;2;241;240;240m[48;2;255;255;255m▀[0m[38;2;255;255;255m[48;2;255;255;255m▀[0m[38;2;255;255;255m[48;2;255;255;255m▀[0m[38;2;125;125;126m[48;2;255;255;255m▀[0m[38;2;164;164;162m[48;2;61;66;72m▀[0m[38;2;0;0;0m[48;2;154;154;155m▀[0m[38;2;108;111;110m[48;2;255;255;255m▀[0m[38;2;255;255;255m[48;2;255;255;255m▀[0m[38;2;255;255;255m[48;2;255;255;255m▀[0m[38;2;192;196;196m[48;2;255;255;255m▀[0m[38;2;243;255;255m[48;2;255;255;255m▀[0m[38;2;255;255;255m[48;2;147;255;255m▀[0m[38;2;212;255;255m[48;2;230;169;163m▀[0m[38;2;255;237;231m[48;2;255;0;0m▀[0m[38;2;255;0;0m[48;2;255;0;0m▀[0m[38;2;255;0;0m[48;2;255;0;0m▀[0m[38;2;255;0;0m[48;2;255;0;0m▀[0m[38;2;255;0;0m[48;2;255;0;0m▀[0m[38;2;255;0;0m[48;2;255;0;0m▀[0m[38;2;198;0;0m[48;2;204;0;0m▀[0m[38;2;0;0;0m[48;2;0;0;0m▀[0m[38;2;0;0;0m[48;2;0;0;0m▀[0m[38;2;108;116;119m[48;2;20;28;28m▀[0m[38;2;190;193;193m[48;2;0;0;0m▀[0m[38;2;69;72;72m[48;2;0;0;0m▀[0m[38;2;0;0;0m[48;2;0;0;0m▀[0m
[38;2;255;255;255m[48;2;255;255;255m▀[0m[38;2;209;209;209m[48;2;255;255;255m▀[0m[38;2;0;0;0m[48;2;0;0;0m▀[0m[38;2;0;0;0m[48;2;0;0;0m▀[0m[38;2;0;0;0m[48;2;0;0;0m▀[0m[38;2;0;0;0m[48;2;0;0;0m▀[0m[38;2;0;0;0m[48;2;1;2;0m▀[0m[38;2;0;0;0m[48;2;0;1;1m▀[0m[38;2;0;0;0m[48;2;0;1;1m▀[0m[38;2;0;0;0m[48;2;0;1;1m▀[0m[38;2;0;1;1m[48;2;1;1;1m▀[0m[38;2;0;1;1m[48;2;1;1;1m▀[0m[38;2;1;1;1m[48;2;1;1;1m▀[0m[38;2;0;0;1m[48;2;0;0;1m▀[0m[38;2;0;1;1m[48;2;0;1;1m▀[0m[38;2;0;1;1m[48;2;1;1;1m▀[0m[38;2;0;0;0m[48;2;0;0;0m▀[0m[38;2;1;1;1m[48;2;0;1;1m▀[0m[38;2;1;1;1m[48;2;0;1;1m▀[0m[38;2;1;1;1m[48;2;1;1;1m▀[0m[38;2;1;1;1m[48;2;1;1;1m▀[0m[38;2;1;1;1m[48;2;1;1;1m▀[0m[38;2;1;1;1m[48;2;1;1;1m▀[0m[38;2;0;1;1m[48;2;1;1;1m▀[0m[38;2;0;1;1m[48;2;1;1;1m▀[0m[38;2;0;1;1m[48;2;1;1;1m▀[0m[38;2;0;2;2m[48;2;1;1;1m▀[0m[38;2;2;2;2m[48;2;1;1;1m▀[0m[38;2;0;0;0m[48;2;1;1;1m▀[0m[38;2;1;1;1m[48;2;1;1;1m▀[0m[38;2;1;1;1m[48;2;1;1;1m▀[0m[38;2;1;1;1m[48;2;1;1;1m▀[0m[38;2;1;1;1m[48;2;1;1;1m▀[0m[38;2;1;1;1m[48;2;1;1;1m▀[0m[38;2;0;1;1m[48;2;1;1;1m▀[0m[38;2;0;0;0m[48;2;0;0;0m▀[0m[38;2;0;0;0m[48;2;0;0;0m▀[0m[38;2;0;0;0m[48;2;0;0;0m▀[0m[38;2;255;255;255m[48;2;209;212;211m▀[0m[38;2;255;255;255m[48;2;255;255;255m▀[0m[38;2;0;0;0m[48;2;87;87;88m▀[0m[38;2;0;0;0m[48;2;0;0;0m▀[0m[38;2;0;0;0m[48;2;0;0;0m▀[0m[38;2;0;0;0m[48;2;0;0;0m▀[0m[38;2;0;0;0m[48;2;9;9;10m▀[0m[38;2;0;0;0m[48;2;231;233;235m▀[0m[38;2;0;0;0m[48;2;255;255;255m▀[0m[38;2;255;255;255m[48;2;255;255;255m▀[0m[38;2;255;255;255m[48;2;255;255;255m▀[0m[38;2;255;255;255m[48;2;153;160;158m▀[0m[38;2;255;255;255m[48;2;15;17;17m▀[0m[38;2;255;255;255m[48;2;0;0;0m▀[0m[38;2;169;169;174m[48;2;0;0;0m▀[0m[38;2;0;0;0m[48;2;0;0;0m▀[0m[38;2;0;0;0m[48;2;255;255;255m▀[0m[38;2;255;255;255m[48;2;255;255;255m▀[0m[38;2;255;255;255m[48;2;255;255;255m▀[0m[38;2;255;255;255m[48;2;255;255;255m▀[0m[38;2;255;255;255m[48;2;204;221;221m▀[0m[38;2;227;252;252m[48;2;156;223;223m▀[0m[38;2;151;251;252m[48;2;114;181;179m▀[0m[38;2;114;135;128m[48;2;244;0;0m▀[0m[38;2;255;0;0m[48;2;255;0;0m▀[0m[38;2;255;0;0m[48;2;255;0;0m▀[0m[38;2;255;0;0m[48;2;255;0;0m▀[0m[38;2;255;0;0m[48;2;255;0;0m▀[0m[38;2;255;0;0m[48;2;255;0;0m▀[0m[38;2;255;0;0m[48;2;255;0;0m▀[0m[38;2;255;0;0m[48;2;255;0;0m▀[0m[38;2;200;0;0m[48;2;160;0;1m▀[0m[38;2;0;0;0m[48;2;0;0;0m▀[0m[38;2;0;0;0m[48;2;0;0;0m▀[0m[38;2;0;0;0m[48;2;0;2;2m▀[0m[38;2;0;0;0m[48;2;0;0;0m▀[0m[38;2;0;0;0m[48;2;1;1;1m▀[0m[38;2;0;0;0m[48;2;1;1;1m▀[0m
[38;2;255;255;255m[48;2;255;255;255m▀[0m[38;2;255;255;255m[48;2;255;255;255m▀[0m[38;2;0;0;0m[48;2;1;3;4m▀[0m[38;2;0;0;0m[48;2;0;0;0m▀[0m[38;2;0;0;0m[48;2;0;0;0m▀[0m[38;2;0;1;1m[48;2;0;1;1m▀[0m[38;2;0;1;1m[48;2;0;1;1m▀[0m[38;2;1;1;1m[48;2;1;1;1m▀[0m[38;2;0;1;1m[48;2;1;1;1m▀[0m[38;2;0;1;1m[48;2;1;1;1m▀[0m[38;2;1;1;1m[48;2;1;1;1m▀[0m[38;2;1;1;1m[48;2;1;1;1m▀[0m[38;2;1;1;1m[48;2;1;1;1m▀[0m[38;2;0;1;1m[48;2;1;1;1m▀[0m[38;2;0;1;1m[48;2;12;15;15m▀[0m[38;2;0;1;1m[48;2;1;1;1m▀[0m[38;2;0;0;1m[48;2;0;0;1m▀[0m[38;2;1;1;1m[48;2;1;1;1m▀[0m[38;2;1;1;1m[48;2;1;1;1m▀[0m[38;2;0;1;1m[48;2;1;1;1m▀[0m[38;2;1;1;1m[48;2;1;1;1m▀[0m[38;2;1;1;1m[48;2;1;1;1m▀[0m[38;2;1;1;1m[48;2;1;1;1m▀[0m[38;2;1;1;1m[48;2;1;1;1m▀[0m[38;2;1;1;1m[48;2;1;1;1m▀[0m[38;2;1;1;1m[48;2;1;1;1m▀[0m[38;2;1;1;1m[48;2;1;1;1m▀[0m[38;2;1;1;1m[48;2;1;1;1m▀[0m[38;2;1;1;1m[48;2;1;1;1m▀[0m[38;2;1;1;1m[48;2;0;1;1m▀[0m[38;2;1;1;1m[48;2;1;1;1m▀[0m[38;2;1;1;1m[48;2;1;1;1m▀[0m[38;2;1;1;1m[48;2;0;0;0m▀[0m[38;2;1;1;1m[48;2;0;0;0m▀[0m[38;2;1;1;1m[48;2;0;0;0m▀[0m[38;2;0;0;0m[48;2;0;0;0m▀[0m[38;2;0;0;0m[48;2;0;0;0m▀[0m[38;2;0;0;0m[48;2;0;0;0m▀[0m[38;2;22;25;27m[48;2;0;0;0m▀[0m[38;2;255;255;255m[48;2;236;239;238m▀[0m[38;2;255;255;255m[48;2;255;255;255m▀[0m[38;2;0;0;0m[48;2;255;255;255m▀[0m[38;2;0;0;0m[48;2;52;52;55m▀[0m[38;2;178;180;185m[48;2;45;48;45m▀[0m[38;2;255;255;255m[48;2;0;0;0m▀[0m[38;2;255;255;255m[48;2;0;0;0m▀[0m[38;2;224;231;227m[48;2;0;0;0m▀[0m[38;2;106;109;109m[48;2;0;0;0m▀[0m[38;2;0;0;0m[48;2;0;0;0m▀[0m[38;2;0;0;0m[48;2;0;0;0m▀[0m[38;2;0;0;0m[48;2;0;0;0m▀[0m[38;2;0;0;0m[48;2;0;0;0m▀[0m[38;2;0;0;0m[48;2;0;0;0m▀[0m[38;2;127;127;128m[48;2;250;248;254m▀[0m[38;2;255;255;255m[48;2;255;255;255m▀[0m[38;2;255;255;255m[48;2;255;255;255m▀[0m[38;2;255;255;255m[48;2;255;255;255m▀[0m[38;2;231;240;243m[48;2;252;255;255m▀[0m[38;2;127;159;155m[48;2;106;199;203m▀[0m[38;2;130;255;255m[48;2;239;241;239m▀[0m[38;2;238;10;1m[48;2;255;0;0m▀[0m[38;2;255;0;0m[48;2;255;0;0m▀[0m[38;2;255;0;0m[48;2;255;0;0m▀[0m[38;2;255;0;0m[48;2;255;0;0m▀[0m[38;2;255;0;0m[48;2;255;0;0m▀[0m[38;2;255;0;0m[48;2;255;0;0m▀[0m[38;2;255;0;0m[48;2;255;0;0m▀[0m[38;2;255;0;0m[48;2;255;0;0m▀[0m[38;2;255;0;0m[48;2;255;0;0m▀[0m[38;2;71;1;4m[48;2;70;0;0m▀[0m[38;2;0;0;0m[48;2;0;0;0m▀[0m[38;2;0;0;0m[48;2;0;0;0m▀[0m[38;2;0;1;1m[48;2;0;1;1m▀[0m[38;2;1;1;1m[48;2;1;1;1m▀[0m[38;2;1;1;1m[48;2;1;1;1m▀[0m[38;2;1;1;1m[48;2;1;1;1m▀[0m
[38;2;255;255;255m[48;2;255;255;255m▀[0m[38;2;255;255;255m[48;2;255;255;255m▀[0m[38;2;0;0;0m[48;2;0;0;0m▀[0m[38;2;0;0;0m[48;2;0;0;0m▀[0m[38;2;0;0;0m[48;2;0;0;0m▀[0m[38;2;1;1;1m[48;2;0;0;0m▀[0m[38;2;0;1;1m[48;2;1;1;1m▀[0m[38;2;0;1;1m[48;2;1;1;1m▀[0m[38;2;1;1;1m[48;2;1;1;1m▀[0m[38;2;1;1;1m[48;2;1;1;1m▀[0m[38;2;1;1;1m[48;2;1;1;1m▀[0m[38;2;1;1;1m[48;2;1;1;1m▀[0m[38;2;2;2;2m[48;2;1;1;1m▀[0m[38;2;0;0;0m[48;2;0;0;0m▀[0m[38;2;20;20;21m[48;2;7;7;7m▀[0m[38;2;8;11;10m[48;2;21;24;27m▀[0m[38;2;0;0;0m[48;2;0;0;0m▀[0m[38;2;1;1;1m[48;2;1;1;1m▀[0m[38;2;1;1;1m[48;2;0;1;1m▀[0m[38;2;0;1;1m[48;2;0;1;1m▀[0m[38;2;0;1;1m[48;2;0;1;1m▀[0m[38;2;0;1;1m[48;2;0;1;1m▀[0m[38;2;1;1;1m[48;2;1;1;1m▀[0m[38;2;0;1;1m[48;2;1;1;1m▀[0m[38;2;1;1;1m[48;2;1;1;1m▀[0m[38;2;1;1;1m[48;2;0;0;0m▀[0m[38;2;1;1;1m[48;2;0;0;0m▀[0m[38;2;1;1;1m[48;2;0;0;0m▀[0m[38;2;0;0;0m[48;2;0;0;0m▀[0m[38;2;0;0;0m[48;2;0;0;0m▀[0m[38;2;0;0;0m[48;2;0;0;0m▀[0m[38;2;0;0;0m[48;2;0;0;0m▀[0m[38;2;0;0;0m[48;2;0;0;0m▀[0m[38;2;0;0;0m[48;2;0;0;0m▀[0m[38;2;0;0;0m[48;2;39;38;38m▀[0m[38;2;0;0;0m[48;2;108;106;106m▀[0m[38;2;0;0;0m[48;2;189;182;182m▀[0m[38;2;0;0;0m[48;2;76;74;77m▀[0m[38;2;98;101;101m[48;2;241;245;245m▀[0m[38;2;156;159;160m[48;2;225;227;230m▀[0m[38;2;255;255;255m[48;2;255;255;255m▀[0m[38;2;255;255;255m[48;2;255;255;255m▀[0m[38;2;255;255;255m[48;2;255;255;255m▀[0m[38;2;118;120;125m[48;2;255;255;255m▀[0m[38;2;16;19;12m[48;2;255;255;255m▀[0m[38;2;209;209;209m[48;2;255;255;255m▀[0m[38;2;255;255;255m[48;2;255;255;255m▀[0m[38;2;100;106;103m[48;2;240;244;249m▀[0m[38;2;255;255;255m[48;2;116;120;113m▀[0m[38;2;255;255;255m[48;2;255;255;255m▀[0m[38;2;255;255;255m[48;2;255;255;255m▀[0m[38;2;255;255;255m[48;2;255;255;255m▀[0m[38;2;75;77;77m[48;2;46;49;51m▀[0m[38;2;255;255;255m[48;2;255;255;255m▀[0m[38;2;255;255;255m[48;2;255;255;255m▀[0m[38;2;255;255;255m[48;2;255;255;255m▀[0m[38;2;255;255;255m[48;2;255;203;203m▀[0m[38;2;238;255;255m[48;2;255;160;156m▀[0m[38;2;198;255;255m[48;2;255;255;255m▀[0m[38;2;255;59;46m[48;2;255;0;0m▀[0m[38;2;255;0;0m[48;2;255;0;0m▀[0m[38;2;255;0;0m[48;2;255;0;0m▀[0m[38;2;255;0;0m[48;2;255;0;0m▀[0m[38;2;255;0;0m[48;2;255;0;0m▀[0m[38;2;255;0;0m[48;2;255;0;0m▀[0m[38;2;255;0;0m[48;2;255;0;0m▀[0m[38;2;255;0;0m[48;2;255;0;0m▀[0m[38;2;255;0;0m[48;2;205;0;0m▀[0m[38;2;255;24;14m[48;2;255;255;255m▀[0m[38;2;132;155;157m[48;2;184;255;255m▀[0m[38;2;0;0;0m[48;2;0;0;0m▀[0m[38;2;0;0;0m[48;2;0;0;0m▀[0m[38;2;0;0;0m[48;2;0;0;0m▀[0m[38;2;1;1;1m[48;2;1;1;1m▀[0m[38;2;1;1;1m[48;2;0;0;0m▀[0m[38;2;1;1;1m[48;2;0;0;0m▀[0m
[38;2;255;255;255m[48;2;255;255;255m▀[0m[38;2;255;255;255m[48;2;255;255;255m▀[0m[38;2;76;74;78m[48;2;193;205;212m▀[0m[38;2;0;0;0m[48;2;0;0;0m▀[0m[38;2;0;0;0m[48;2;0;0;0m▀[0m[38;2;0;0;0m[48;2;0;0;0m▀[0m[38;2;0;2;0m[48;2;0;3;2m▀[0m[38;2;0;2;2m[48;2;0;2;0m▀[0m[38;2;0;2;0m[48;2;0;2;0m▀[0m[38;2;0;2;0m[48;2;0;2;0m▀[0m[38;2;1;1;1m[48;2;0;2;0m▀[0m[38;2;1;1;1m[48;2;1;1;1m▀[0m[38;2;1;1;1m[48;2;1;1;1m▀[0m[38;2;0;0;0m[48;2;2;2;2m▀[0m[38;2;0;0;0m[48;2;0;0;0m▀[0m[38;2;41;41;45m[48;2;48;48;52m▀[0m[38;2;0;0;0m[48;2;10;10;10m▀[0m[38;2;0;0;0m[48;2;0;0;0m▀[0m[38;2;1;1;1m[48;2;0;0;0m▀[0m[38;2;1;1;1m[48;2;0;0;0m▀[0m[38;2;0;1;1m[48;2;0;0;0m▀[0m[38;2;1;1;1m[48;2;0;0;0m▀[0m[38;2;0;0;0m[48;2;0;0;0m▀[0m[38;2;0;0;0m[48;2;0;0;0m▀[0m[38;2;0;0;0m[48;2;0;0;0m▀[0m[38;2;0;0;0m[48;2;0;0;0m▀[0m[38;2;0;0;0m[48;2;0;0;0m▀[0m[38;2;0;0;0m[48;2;16;30;28m▀[0m[38;2;0;0;0m[48;2;93;102;102m▀[0m[38;2;0;0;0m[48;2;155;176;179m▀[0m[38;2;10;18;18m[48;2;151;200;204m▀[0m[38;2;74;74;74m[48;2;105;186;190m▀[0m[38;2;139;142;142m[48;2;73;141;144m▀[0m[38;2;184;194;194m[48;2;34;38;42m▀[0m[38;2;206;201;201m[48;2;0;0;0m▀[0m[38;2;147;144;144m[48;2;0;0;0m▀[0m[38;2;51;48;48m[48;2;0;0;0m▀[0m[38;2;0;0;0m[48;2;207;206;206m▀[0m[38;2;255;255;255m[48;2;255;255;255m▀[0m[38;2;135;139;139m[48;2;234;236;241m▀[0m[38;2;255;255;255m[48;2;255;255;255m▀[0m[38;2;255;255;255m[48;2;227;230;231m▀[0m[38;2;255;255;255m[48;2;210;212;210m▀[0m[38;2;234;236;237m[48;2;169;171;169m▀[0m[38;2;177;180;182m[48;2;255;255;255m▀[0m[38;2;255;255;255m[48;2;255;255;255m▀[0m[38;2;255;255;255m[48;2;238;240;241m▀[0m[38;2;170;176;181m[48;2;222;228;228m▀[0m[38;2;160;162;157m[48;2;255;255;255m▀[0m[38;2;255;255;255m[48;2;255;255;255m▀[0m[38;2;255;255;255m[48;2;255;255;255m▀[0m[38;2;255;255;255m[48;2;255;255;255m▀[0m[38;2;49;55;50m[48;2;52;64;64m▀[0m[38;2;255;255;255m[48;2;255;255;255m▀[0m[38;2;255;255;255m[48;2;255;255;255m▀[0m[38;2;255;255;255m[48;2;255;255;255m▀[0m[38;2;255;0;0m[48;2;255;0;0m▀[0m[38;2;255;0;0m[48;2;255;0;0m▀[0m[38;2;255;70;59m[48;2;255;0;0m▀[0m[38;2;255;0;0m[48;2;255;0;0m▀[0m[38;2;255;0;0m[48;2;255;0;0m▀[0m[38;2;255;0;0m[48;2;255;0;0m▀[0m[38;2;255;0;0m[48;2;255;0;0m▀[0m[38;2;255;0;0m[48;2;255;0;0m▀[0m[38;2;255;0;0m[48;2;255;0;0m▀[0m[38;2;255;0;0m[48;2;227;0;0m▀[0m[38;2;245;0;0m[48;2;0;0;0m▀[0m[38;2;135;239;240m[48;2;234;255;255m▀[0m[38;2;255;255;255m[48;2;255;255;255m▀[0m[38;2;41;65;69m[48;2;0;0;0m▀[0m[38;2;0;0;0m[48;2;0;0;0m▀[0m[38;2;0;0;0m[48;2;0;0;0m▀[0m[38;2;0;0;0m[48;2;0;0;0m▀[0m[38;2;0;0;0m[48;2;0;0;0m▀[0m[38;2;0;0;0m[48;2;0;0;0m▀[0m[38;2;0;0;0m[48;2;10;12;12m▀[0m
[38;2;255;173;168m[48;2;255;0;0m▀[0m[38;2;255;255;255m[48;2;255;163;149m▀[0m[38;2;255;255;255m[48;2;255;255;255m▀[0m[38;2;0;0;0m[48;2;56;68;74m▀[0m[38;2;0;0;0m[48;2;0;0;0m▀[0m[38;2;0;0;0m[48;2;0;0;0m▀[0m[38;2;0;2;2m[48;2;0;2;0m▀[0m[38;2;1;1;1m[48;2;0;2;0m▀[0m[38;2;1;1;1m[48;2;1;1;1m▀[0m[38;2;1;1;1m[48;2;1;1;1m▀[0m[38;2;1;1;1m[48;2;1;1;1m▀[0m[38;2;1;1;1m[48;2;1;1;1m▀[0m[38;2;1;1;1m[48;2;1;1;1m▀[0m[38;2;0;2;2m[48;2;0;0;0m▀[0m[38;2;0;0;0m[48;2;0;0;0m▀[0m[38;2;16;19;20m[48;2;0;0;0m▀[0m[38;2;37;41;42m[48;2;47;47;51m▀[0m[38;2;0;0;0m[48;2;0;0;0m▀[0m[38;2;0;0;0m[48;2;0;0;0m▀[0m[38;2;0;0;0m[48;2;0;0;0m▀[0m[38;2;0;0;0m[48;2;0;0;0m▀[0m[38;2;0;0;0m[48;2;20;20;22m▀[0m[38;2;0;0;0m[48;2;81;79;81m▀[0m[38;2;0;0;0m[48;2;131;135;133m▀[0m[38;2;24;28;29m[48;2;157;162;160m▀[0m[38;2;85;93;92m[48;2;158;166;165m▀[0m[38;2;141;151;154m[48;2;114;176;181m▀[0m[38;2;173;206;206m[48;2;9;88;91m▀[0m[38;2;108;199;205m[48;2;89;0;0m▀[0m[38;2;20;116;120m[48;2;255;0;0m▀[0m[38;2;12;24;27m[48;2;255;0;0m▀[0m[38;2;131;0;0m[48;2;255;0;0m▀[0m[38;2;166;0;0m[48;2;127;0;0m▀[0m[38;2;2;0;0m[48;2;255;255;255m▀[0m[38;2;132;157;159m[48;2;255;255;255m▀[0m[38;2;255;255;255m[48;2;255;255;255m▀[0m[38;2;144;149;150m[48;2;206;206;208m▀[0m[38;2;255;255;255m[48;2;255;255;255m▀[0m[38;2;235;237;237m[48;2;255;255;255m▀[0m[38;2;128;130;132m[48;2;255;255;255m▀[0m[38;2;146;149;154m[48;2;255;255;255m▀[0m[38;2;197;199;200m[48;2;255;255;255m▀[0m[38;2;222;225;227m[48;2;255;255;255m▀[0m[38;2;255;255;255m[48;2;255;255;255m▀[0m[38;2;255;255;255m[48;2;255;255;255m▀[0m[38;2;255;255;255m[48;2;255;255;255m▀[0m[38;2;255;255;255m[48;2;255;255;255m▀[0m[38;2;255;255;255m[48;2;255;255;255m▀[0m[38;2;255;255;255m[48;2;163;200;209m▀[0m[38;2;255;255;255m[48;2;0;55;59m▀[0m[38;2;193;243;251m[48;2;0;0;0m▀[0m[38;2;0;30;37m[48;2;108;0;0m▀[0m[38;2;0;0;0m[48;2;30;0;0m▀[0m[38;2;255;255;255m[48;2;255;255;255m▀[0m[38;2;255;255;255m[48;2;178;199;197m▀[0m[38;2;255;255;255m[48;2;77;165;171m▀[0m[38;2;255;52;43m[48;2;255;255;255m▀[0m[38;2;255;0;0m[48;2;255;0;0m▀[0m[38;2;255;0;0m[48;2;255;0;0m▀[0m[38;2;255;0;0m[48;2;255;0;0m▀[0m[38;2;255;0;0m[48;2;255;0;0m▀[0m[38;2;255;0;0m[48;2;255;0;0m▀[0m[38;2;255;0;0m[48;2;255;0;0m▀[0m[38;2;255;0;0m[48;2;128;0;0m▀[0m[38;2;197;0;0m[48;2;0;61;73m▀[0m[38;2;0;17;20m[48;2;255;255;255m▀[0m[38;2;137;255;255m[48;2;255;236;231m▀[0m[38;2;255;255;255m[48;2;255;92;86m▀[0m[38;2;177;226;226m[48;2;41;48;48m▀[0m[38;2;0;0;0m[48;2;0;0;0m▀[0m[38;2;0;0;0m[48;2;0;0;0m▀[0m[38;2;0;0;0m[48;2;0;0;0m▀[0m[38;2;0;0;0m[48;2;0;0;0m▀[0m[38;2;0;0;0m[48;2;38;37;37m▀[0m[38;2;0;0;0m[48;2;255;255;255m▀[0m[38;2;255;255;255m[48;2;255;255;255m▀[0m
[38;2;255;0;0m[48;2;255;0;0m▀[0m[38;2;255;65;47m[48;2;255;195;183m▀[0m[38;2;255;255;255m[48;2;255;255;255m▀[0m[38;2;158;173;176m[48;2;139;147;157m▀[0m[38;2;0;0;0m[48;2;0;0;0m▀[0m[38;2;0;0;0m[48;2;0;0;0m▀[0m[38;2;0;0;0m[48;2;0;0;0m▀[0m[38;2;1;1;1m[48;2;1;1;1m▀[0m[38;2;1;1;1m[48;2;1;1;1m▀[0m[38;2;1;1;1m[48;2;1;1;1m▀[0m[38;2;1;1;1m[48;2;1;1;1m▀[0m[38;2;1;1;1m[48;2;1;1;1m▀[0m[38;2;1;1;1m[48;2;0;0;0m▀[0m[38;2;0;0;0m[48;2;0;0;0m▀[0m[38;2;0;0;0m[48;2;0;0;0m▀[0m[38;2;0;0;0m[48;2;0;0;0m▀[0m[38;2;0;0;0m[48;2;110;112;112m▀[0m[38;2;0;0;0m[48;2;155;155;152m▀[0m[38;2;32;32;30m[48;2;162;160;160m▀[0m[38;2;97;101;100m[48;2;155;154;154m▀[0m[38;2;140;142;142m[48;2;138;141;142m▀[0m[38;2;162;159;164m[48;2;124;133;137m▀[0m[38;2;152;155;159m[48;2;133;149;153m▀[0m[38;2;140;142;147m[48;2;97;155;164m▀[0m[38;2;142;149;147m[48;2;39;122;128m▀[0m[38;2;105;164;168m[48;2;0;48;50m▀[0m[38;2;29;20;21m[48;2;30;0;0m▀[0m[38;2;255;0;0m[48;2;255;0;0m▀[0m[38;2;255;0;0m[48;2;118;0;0m▀[0m[38;2;255;0;0m[48;2;98;177;178m▀[0m[38;2;146;0;0m[48;2;244;255;255m▀[0m[38;2;0;0;0m[48;2;42;101;96m▀[0m[38;2;206;255;255m[48;2;174;189;186m▀[0m[38;2;255;255;255m[48;2;255;255;255m▀[0m[38;2;255;255;255m[48;2;255;255;255m▀[0m[38;2;255;255;255m[48;2;249;251;252m▀[0m[38;2;255;255;255m[48;2;206;208;208m▀[0m[38;2;255;255;255m[48;2;192;192;193m▀[0m[38;2;255;255;255m[48;2;194;194;194m▀[0m[38;2;255;255;255m[48;2;217;220;220m▀[0m[38;2;240;240;240m[48;2;255;255;255m▀[0m[38;2;241;240;240m[48;2;255;255;255m▀[0m[38;2;255;255;255m[48;2;255;255;255m▀[0m[38;2;255;255;255m[48;2;206;208;208m▀[0m[38;2;255;255;255m[48;2;225;227;227m▀[0m[38;2;255;255;255m[48;2;255;255;255m▀[0m[38;2;234;250;252m[48;2;236;255;255m▀[0m[38;2;0;0;0m[48;2;0;0;0m▀[0m[38;2;0;0;0m[48;2;245;0;0m▀[0m[38;2;64;0;0m[48;2;255;0;0m▀[0m[38;2;255;0;0m[48;2;255;0;0m▀[0m[38;2;162;0;0m[48;2;0;82;82m▀[0m[38;2;173;243;246m[48;2;255;255;255m▀[0m[38;2;255;255;255m[48;2;255;255;255m▀[0m[38;2;255;255;255m[48;2;255;255;255m▀[0m[38;2;104;170;171m[48;2;255;255;255m▀[0m[38;2;37;86;87m[48;2;34;108;109m▀[0m[38;2;255;0;0m[48;2;0;0;0m▀[0m[38;2;255;0;0m[48;2;127;0;0m▀[0m[38;2;255;0;0m[48;2;158;0;0m▀[0m[38;2;255;0;0m[48;2;168;0;0m▀[0m[38;2;255;0;0m[48;2;0;0;0m▀[0m[38;2;0;0;0m[48;2;0;0;0m▀[0m[38;2;0;220;236m[48;2;255;95;85m▀[0m[38;2;104;255;255m[48;2;56;85;83m▀[0m[38;2;255;186;177m[48;2;255;0;0m▀[0m[38;2;255;0;0m[48;2;255;0;0m▀[0m[38;2;255;0;0m[48;2;208;0;0m▀[0m[38;2;0;0;0m[48;2;0;0;0m▀[0m[38;2;0;0;0m[48;2;0;0;0m▀[0m[38;2;0;0;0m[48;2;0;0;0m▀[0m[38;2;0;0;0m[48;2;255;255;255m▀[0m[38;2;176;179;176m[48;2;255;255;255m▀[0m[38;2;255;255;255m[48;2;255;255;255m▀[0m[38;2;255;255;255m[48;2;255;255;255m▀[0m[38;2;255;255;255m[48;2;255;255;255m▀[0m
[38;2;255;44;29m[48;2;255;255;255m▀[0m[38;2;255;255;255m[48;2;255;255;255m▀[0m[38;2;255;255;255m[48;2;255;255;255m▀[0m[38;2;84;95;106m[48;2;45;55;61m▀[0m[38;2;0;0;0m[48;2;0;0;0m▀[0m[38;2;0;0;0m[48;2;0;0;0m▀[0m[38;2;0;0;0m[48;2;0;0;0m▀[0m[38;2;1;1;1m[48;2;1;1;1m▀[0m[38;2;1;1;1m[48;2;1;1;1m▀[0m[38;2;1;1;1m[48;2;1;1;1m▀[0m[38;2;1;1;1m[48;2;1;1;1m▀[0m[38;2;0;0;0m[48;2;0;0;0m▀[0m[38;2;0;0;0m[48;2;0;0;0m▀[0m[38;2;0;0;0m[48;2;91;93;93m▀[0m[38;2;29;29;29m[48;2;168;172;171m▀[0m[38;2;139;141;139m[48;2;142;146;143m▀[0m[38;2;154;155;152m[48;2;120;123;123m▀[0m[38;2;137;136;136m[48;2;117;119;119m▀[0m[38;2;127;127;125m[48;2;120;124;126m▀[0m[38;2;124;127;126m[48;2;130;133;133m▀[0m[38;2;126;136;138m[48;2;120;146;149m▀[0m[38;2;120;154;157m[48;2;30;37;38m▀[0m[38;2;22;101;105m[48;2;227;0;0m▀[0m[38;2;57;0;0m[48;2;255;0;0m▀[0m[38;2;173;0;0m[48;2;195;19;18m▀[0m[38;2;144;0;0m[48;2;189;250;251m▀[0m[38;2;30;0;0m[48;2;255;255;255m▀[0m[38;2;97;194;194m[48;2;255;255;255m▀[0m[38;2;255;255;255m[48;2;255;255;255m▀[0m[38;2;255;255;255m[48;2;255;255;255m▀[0m[38;2;255;255;255m[48;2;255;255;255m▀[0m[38;2;142;156;157m[48;2;255;255;255m▀[0m[38;2;0;0;0m[48;2;224;226;227m▀[0m[38;2;125;131;135m[48;2;203;205;209m▀[0m[38;2;198;200;201m[48;2;255;255;255m▀[0m[38;2;197;197;198m[48;2;255;255;255m▀[0m[38;2;223;223;223m[48;2;255;255;255m▀[0m[38;2;254;254;254m[48;2;255;255;255m▀[0m[38;2;255;255;255m[48;2;255;255;255m▀[0m[38;2;255;255;255m[48;2;176;179;176m▀[0m[38;2;254;255;255m[48;2;197;197;197m▀[0m[38;2;196;196;193m[48;2;255;255;255m▀[0m[38;2;194;197;194m[48;2;255;255;255m▀[0m[38;2;255;255;255m[48;2;255;255;255m▀[0m[38;2;255;255;255m[48;2;255;255;255m▀[0m[38;2;255;255;255m[48;2;44;56;60m▀[0m[38;2;32;99;98m[48;2;84;117;116m▀[0m[38;2;97;0;0m[48;2;255;255;255m▀[0m[38;2;255;0;0m[48;2;255;156;149m▀[0m[38;2;255;0;0m[48;2;255;0;0m▀[0m[38;2;149;0;0m[48;2;106;0;0m▀[0m[38;2;110;255;255m[48;2;182;182;177m▀[0m[38;2;255;248;247m[48;2;255;0;0m▀[0m[38;2;255;109;108m[48;2;255;0;0m▀[0m[38;2;255;255;255m[48;2;255;0;0m▀[0m[38;2;255;255;255m[48;2;255;255;255m▀[0m[38;2;50;104;111m[48;2;0;47;51m▀[0m[38;2;0;0;0m[48;2;61;35;31m▀[0m[38;2;0;0;0m[48;2;0;20;27m▀[0m[38;2;111;0;0m[48;2;255;0;0m▀[0m[38;2;255;2;0m[48;2;255;115;85m▀[0m[38;2;36;0;0m[48;2;157;43;37m▀[0m[38;2;255;0;0m[48;2;255;0;0m▀[0m[38;2;255;0;0m[48;2;255;0;0m▀[0m[38;2;23;0;0m[48;2;255;24;0m▀[0m[38;2;255;0;0m[48;2;0;0;5m▀[0m[38;2;255;0;0m[48;2;0;0;0m▀[0m[38;2;0;0;0m[48;2;0;0;0m▀[0m[38;2;0;0;0m[48;2;166;197;199m▀[0m[38;2;77;92;95m[48;2;255;255;255m▀[0m[38;2;255;255;255m[48;2;255;255;255m▀[0m[38;2;255;255;255m[48;2;255;255;255m▀[0m[38;2;255;255;255m[48;2;255;255;255m▀[0m[38;2;255;255;255m[48;2;255;255;255m▀[0m[38;2;255;255;255m[48;2;255;255;255m▀[0m[38;2;255;255;255m[48;2;255;255;255m▀[0m
