[38;2;126;125;114m[48;2;130;126;116m▀[0m[38;2;127;126;116m[48;2;131;125;116m▀[0m[38;2;129;127;117m[48;2;132;126;110m▀[0m[38;2;132;127;115m[48;2;132;127;113m▀[0m[38;2;133;127;113m[48;2;132;128;114m▀[0m[38;2;131;129;117m[48;2;130;130;118m▀[0m[38;2;130;129;118m[48;2;130;130;119m▀[0m[38;2;127;130;122m[48;2;137;131;120m▀[0m[38;2;135;130;123m[48;2;142;131;113m▀[0m[38;2;138;129;116m[48;2;138;132;117m▀[0m[38;2;137;130;116m[48;2;135;132;120m▀[0m[38;2;136;131;120m[48;2;133;131;124m▀[0m[38;2;135;133;122m[48;2;133;133;128m▀[0m[38;2;135;135;124m[48;2;139;135;124m▀[0m[38;2;136;133;124m[48;2;140;133;119m▀[0m[38;2;138;131;123m[48;2;140;135;119m▀[0m[38;2;141;135;119m[48;2;141;137;122m▀[0m[38;2;141;135;119m[48;2;141;138;123m▀[0m[38;2;141;137;123m[48;2;142;138;126m▀[0m[38;2;140;138;127m[48;2;142;138;128m▀[0m[38;2;140;138;127m[48;2;142;138;128m▀[0m[38;2;143;139;128m[48;2;144;139;127m▀[0m[38;2;144;139;128m[48;2;146;139;127m▀[0m[38;2;145;140;128m[48;2;146;141;127m▀[0m[38;2;145;140;128m[48;2;147;143;129m▀[0m[38;2;146;141;129m[48;2;144;143;133m▀[0m[38;2;145;143;133m[48;2;149;144;137m▀[0m[38;2;147;143;139m[48;2;149;146;136m▀[0m[38;2;165;156;149m[48;2;159;154;140m▀[0m[38;2;135;144;130m[48;2;169;169;156m▀[0m[38;2;0;52;65m[48;2;88;116;112m▀[0m[38;2;124;0;0m[48;2;24;105;116m▀[0m[38;2;255;6;0m[48;2;203;0;0m▀[0m[38;2;255;25;0m[48;2;255;51;0m▀[0m[38;2;255;21;0m[48;2;111;9;0m▀[0m[38;2;255;18;0m[48;2;0;0;0m▀[0m[38;2;255;25;0m[48;2;255;33;0m▀[0m[38;2;51;0;1m[48;2;255;45;0m▀[0m[38;2;0;0;1m[48;2;84;6;0m▀[0m[38;2;0;0;0m[48;2;0;0;0m▀[0m[38;2;0;0;0m[48;2;0;0;0m▀[0m[38;2;0;0;0m[48;2;0;0;0m▀[0m[38;2;0;0;0m[48;2;0;0;0m▀[0m[38;2;0;0;0m[48;2;60;64;69m▀[0m[38;2;162;166;170m[48;2;157;166;170m▀[0m[38;2;210;219;226m[48;2;103;89;72m▀[0m[38;2;45;37;30m[48;2;255;255;255m▀[0m[38;2;255;255;241m[48;2;255;255;255m▀[0m[38;2;255;255;251m[48;2;255;255;244m▀[0m[38;2;255;254;236m[48;2;255;255;238m▀[0m[38;2;255;254;236m[48;2;255;254;237m▀[0m[38;2;255;254;236m[48;2;255;254;237m▀[0m[38;2;255;255;238m[48;2;255;255;240m▀[0m[38;2;255;255;255m[48;2;255;255;250m▀[0m[38;2;195;193;181m[48;2;255;255;255m▀[0m[38;2;0;0;0m[48;2;255;255;255m▀[0m[38;2;0;0;0m[48;2;66;68;61m▀[0m[38;2;0;0;0m[48;2;0;0;0m▀[0m[38;2;0;0;0m[48;2;0;0;0m▀[0m[38;2;0;0;0m[48;2;0;0;0m▀[0m[38;2;0;0;0m[48;2;0;0;0m▀[0m[38;2;86;79;74m[48;2;19;22;19m▀[0m[38;2;255;255;255m[48;2;255;255;255m▀[0m[38;2;255;255;254m[48;2;255;255;255m▀[0m[38;2;255;255;241m[48;2;255;255;244m▀[0m[38;2;255;254;237m[48;2;255;254;237m▀[0m[38;2;255;254;237m[48;2;255;254;237m▀[0m[38;2;255;255;247m[48;2;255;255;246m▀[0m[38;2;255;255;255m[48;2;255;255;255m▀[0m[38;2;255;255;255m[48;2;255;238;225m▀[0m[38;2;0;0;0m[48;2;0;0;0m▀[0m[38;2;0;0;0m[48;2;0;0;0m▀[0m[38;2;43;43;45m[48;2;61;61;61m▀[0m[38;2;38;41;38m[48;2;45;47;45m▀[0m[38;2;49;47;50m[48;2;45;54;46m▀[0m[38;2;30;33;30m[48;2;56;59;58m▀[0m
[38;2;130;126;115m[48;2;132;127;113m▀[0m[38;2;131;126;110m[48;2;130;129;117m▀[0m[38;2;130;128;114m[48;2;123;130;125m▀[0m[38;2;129;130;115m[48;2;129;129;120m▀[0m[38;2;130;130;118m[48;2;135;129;118m▀[0m[38;2;131;129;118m[48;2;137;129;117m▀[0m[38;2;136;130;119m[48;2;137;132;122m▀[0m[38;2;141;132;119m[48;2;135;133;128m▀[0m[38;2;137;135;120m[48;2;135;133;126m▀[0m[38;2;135;135;123m[48;2;135;133;130m▀[0m[38;2;135;133;128m[48;2;136;133;122m▀[0m[38;2;137;130;123m[48;2;139;133;114m▀[0m[38;2;138;132;118m[48;2;138;135;115m▀[0m[38;2;140;136;119m[48;2;138;136;122m▀[0m[38;2;142;133;120m[48;2;140;138;127m▀[0m[38;2;141;137;123m[48;2;141;139;127m▀[0m[38;2;143;139;131m[48;2;143;139;128m▀[0m[38;2;143;139;125m[48;2;143;139;127m▀[0m[38;2;142;138;126m[48;2;143;138;126m▀[0m[38;2;142;138;127m[48;2;143;138;124m▀[0m[38;2;144;139;127m[48;2;146;139;127m▀[0m[38;2;147;141;127m[48;2;147;142;128m▀[0m[38;2;147;140;128m[48;2;147;143;129m▀[0m[38;2;146;142;130m[48;2;145;144;133m▀[0m[38;2;145;143;133m[48;2;147;145;136m▀[0m[38;2;146;145;138m[48;2;151;146;137m▀[0m[38;2;149;146;137m[48;2;153;145;136m▀[0m[38;2;152;147;136m[48;2;155;150;138m▀[0m[38;2;157;149;135m[48;2;156;151;139m▀[0m[38;2;181;170;160m[48;2;162;154;150m▀[0m[38;2;119;131;128m[48;2;185;189;178m▀[0m[38;2;110;140;127m[48;2;87;108;109m▀[0m[38;2;6;55;58m[48;2;108;128;105m▀[0m[38;2;255;0;0m[48;2;0;0;0m▀[0m[38;2;235;27;0m[48;2;255;8;0m▀[0m[38;2;0;0;0m[48;2;0;0;0m▀[0m[38;2;70;3;0m[48;2;0;0;4m▀[0m[38;2;45;4;1m[48;2;0;5;5m▀[0m[38;2;255;39;0m[48;2;64;3;0m▀[0m[38;2;171;5;0m[48;2;209;12;0m▀[0m[38;2;0;0;0m[48;2;0;0;0m▀[0m[38;2;0;0;0m[48;2;36;46;50m▀[0m[38;2;62;69;72m[48;2;126;136;140m▀[0m[38;2;129;131;131m[48;2;174;157;138m▀[0m[38;2;167;150;126m[48;2;255;255;255m▀[0m[38;2;255;255;255m[48;2;255;255;255m▀[0m[38;2;255;255;255m[48;2;255;255;252m▀[0m[38;2;255;255;247m[48;2;255;255;246m▀[0m[38;2;255;255;244m[48;2;255;255;240m▀[0m[38;2;255;255;238m[48;2;255;255;239m▀[0m[38;2;255;255;238m[48;2;255;254;237m▀[0m[38;2;255;254;237m[48;2;255;254;237m▀[0m[38;2;255;254;237m[48;2;255;255;238m▀[0m[38;2;255;255;246m[48;2;255;254;237m▀[0m[38;2;255;255;251m[48;2;255;255;244m▀[0m[38;2;255;255;255m[48;2;255;255;251m▀[0m[38;2;255;255;255m[48;2;255;255;255m▀[0m[38;2;125;118;110m[48;2;255;255;255m▀[0m[38;2;0;0;0m[48;2;113;106;102m▀[0m[38;2;0;0;0m[48;2;0;0;0m▀[0m[38;2;0;0;0m[48;2;0;0;0m▀[0m[38;2;0;0;0m[48;2;0;0;0m▀[0m[38;2;255;255;255m[48;2;255;255;250m▀[0m[38;2;255;255;255m[48;2;255;255;255m▀[0m[38;2;255;255;244m[48;2;255;255;247m▀[0m[38;2;255;254;237m[48;2;255;255;238m▀[0m[38;2;255;254;237m[48;2;255;255;239m▀[0m[38;2;255;255;246m[48;2;255;255;249m▀[0m[38;2;255;255;255m[48;2;255;255;255m▀[0m[38;2;210;192;179m[48;2;160;150;140m▀[0m[38;2;0;0;0m[48;2;0;0;0m▀[0m[38;2;0;0;0m[48;2;0;0;0m▀[0m[38;2;71;70;70m[48;2;81;83;84m▀[0m[38;2;44;46;46m[48;2;44;46;46m▀[0m[38;2;43;51;50m[48;2;34;42;39m▀[0m[38;2;75;78;74m[48;2;83;84;79m▀[0m
[38;2;128;129;118m[48;2;129;128;120m▀[0m[38;2;125;129;120m[48;2;133;129;118m▀[0m[38;2;130;130;122m[48;2;137;129;117m▀[0m[38;2;136;130;118m[48;2;135;132;118m▀[0m[38;2;141;129;117m[48;2;135;133;122m▀[0m[38;2;135;133;123m[48;2;135;133;123m▀[0m[38;2;133;135;124m[48;2;136;135;125m▀[0m[38;2;135;135;126m[48;2;136;133;126m▀[0m[38;2;135;133;123m[48;2;139;135;123m▀[0m[38;2;138;133;122m[48;2;141;136;116m▀[0m[38;2;141;136;119m[48;2;141;137;122m▀[0m[38;2;140;135;119m[48;2;139;138;123m▀[0m[38;2;141;136;122m[48;2;142;138;127m▀[0m[38;2;142;138;126m[48;2;141;139;127m▀[0m[38;2;141;139;127m[48;2;141;139;127m▀[0m[38;2;143;139;127m[48;2;141;139;127m▀[0m[38;2;143;139;127m[48;2;144;137;127m▀[0m[38;2;142;140;126m[48;2;144;140;126m▀[0m[38;2;144;140;128m[48;2;147;142;128m▀[0m[38;2;147;139;126m[48;2;149;143;131m▀[0m[38;2;147;141;127m[48;2;145;143;131m▀[0m[38;2;146;142;130m[48;2;147;143;132m▀[0m[38;2;146;144;133m[48;2;150;145;135m▀[0m[38;2;149;146;137m[48;2;156;144;133m▀[0m[38;2;152;147;137m[48;2;158;150;137m▀[0m[38;2;154;146;137m[48;2;159;153;139m▀[0m[38;2;155;150;139m[48;2;162;157;151m▀[0m[38;2;156;150;144m[48;2;168;166;155m▀[0m[38;2;164;156;147m[48;2;177;174;160m▀[0m[38;2;170;163;158m[48;2;189;181;173m▀[0m[38;2;183;176;170m[48;2;200;193;184m▀[0m[38;2;181;195;189m[48;2;252;249;234m▀[0m[38;2;7;22;27m[48;2;32;77;105m▀[0m[38;2;16;56;37m[48;2;0;16;17m▀[0m[38;2;176;0;0m[48;2;41;39;29m▀[0m[38;2;255;18;0m[48;2;255;0;0m▀[0m[38;2;0;0;0m[48;2;0;0;0m▀[0m[38;2;98;9;0m[48;2;51;3;0m▀[0m[38;2;0;0;0m[48;2;165;11;0m▀[0m[38;2;0;0;0m[48;2;0;0;0m▀[0m[38;2;0;1;5m[48;2;101;92;96m▀[0m[38;2;116;136;141m[48;2;130;114;109m▀[0m[38;2;149;135;117m[48;2;255;255;255m▀[0m[38;2;255;255;255m[48;2;236;232;216m▀[0m[38;2;255;255;255m[48;2;163;157;143m▀[0m[38;2;255;255;255m[48;2;130;130;118m▀[0m[38;2;255;255;255m[48;2;122;120;113m▀[0m[38;2;255;255;255m[48;2;106;104;97m▀[0m[38;2;255;255;255m[48;2;104;102;92m▀[0m[38;2;255;255;244m[48;2;255;235;216m▀[0m[38;2;255;255;239m[48;2;255;255;245m▀[0m[38;2;255;254;237m[48;2;255;254;236m▀[0m[38;2;255;254;237m[48;2;255;254;237m▀[0m[38;2;255;254;237m[48;2;255;254;238m▀[0m[38;2;255;254;237m[48;2;255;254;237m▀[0m[38;2;255;255;241m[48;2;255;254;237m▀[0m[38;2;255;255;250m[48;2;255;255;244m▀[0m[38;2;255;255;255m[48;2;255;255;252m▀[0m[38;2;255;255;255m[48;2;255;255;255m▀[0m[38;2;66;64;62m[48;2;255;255;255m▀[0m[38;2;0;0;0m[48;2;6;8;8m▀[0m[38;2;0;0;0m[48;2;0;0;0m▀[0m[38;2;213;195;184m[48;2;126;114;103m▀[0m[38;2;255;255;255m[48;2;255;255;255m▀[0m[38;2;255;255;249m[48;2;255;255;252m▀[0m[38;2;255;255;244m[48;2;255;255;248m▀[0m[38;2;255;255;237m[48;2;255;255;255m▀[0m[38;2;255;255;252m[48;2;255;255;255m▀[0m[38;2;255;255;255m[48;2;255;255;255m▀[0m[38;2;116;109;104m[48;2;61;57;59m▀[0m[38;2;0;0;0m[48;2;0;0;0m▀[0m[38;2;0;0;0m[48;2;0;0;0m▀[0m[38;2;96;99;99m[48;2;102;102;104m▀[0m[38;2;50;52;54m[48;2;57;57;61m▀[0m[38;2;43;45;45m[48;2;58;61;60m▀[0m[38;2;79;83;78m[48;2;76;77;73m▀[0m
[38;2;135;129;118m[48;2;138;129;111m▀[0m[38;2;137;130;116m[48;2;137;132;122m▀[0m[38;2;133;132;122m[48;2;135;133;124m▀[0m[38;2;135;132;123m[48;2;135;133;124m▀[0m[38;2;135;133;123m[48;2;137;132;123m▀[0m[38;2;136;133;123m[48;2;138;132;122m▀[0m[38;2;139;132;124m[48;2;140;136;122m▀[0m[38;2;140;136;122m[48;2;143;137;123m▀[0m[38;2;141;137;122m[48;2;142;138;124m▀[0m[38;2;142;138;123m[48;2;141;140;128m▀[0m[38;2;143;138;127m[48;2;143;139;128m▀[0m[38;2;143;139;127m[48;2;144;139;128m▀[0m[38;2;141;139;128m[48;2;143;138;127m▀[0m[38;2;142;138;128m[48;2;143;138;127m▀[0m[38;2;144;137;127m[48;2;144;137;125m▀[0m[38;2;144;139;127m[48;2;145;140;126m▀[0m[38;2;144;140;126m[48;2;147;142;127m▀[0m[38;2;149;140;127m[48;2;147;146;130m▀[0m[38;2;150;142;130m[48;2;150;149;137m▀[0m[38;2;145;145;132m[48;2;152;150;139m▀[0m[38;2;149;144;133m[48;2;160;150;140m▀[0m[38;2;159;147;137m[48;2;170;163;151m▀[0m[38;2;158;150;137m[48;2;193;184;170m▀[0m[38;2;167;155;142m[48;2;209;201;193m▀[0m[38;2;181;163;152m[48;2;201;199;185m▀[0m[38;2;189;185;170m[48;2;155;160;155m▀[0m[38;2;210;204;196m[48;2;96;99;98m▀[0m[38;2;217;210;203m[48;2;17;31;31m▀[0m[38;2;207;207;198m[48;2;0;0;0m▀[0m[38;2;183;191;182m[48;2;0;0;0m▀[0m[38;2;154;163;155m[48;2;0;0;0m▀[0m[38;2;140;154;151m[48;2;0;0;0m▀[0m[38;2;84;127;139m[48;2;0;1;16m▀[0m[38;2;0;0;0m[48;2;4;17;37m▀[0m[38;2;73;82;57m[48;2;74;17;25m▀[0m[38;2;255;8;0m[48;2;91;1;0m▀[0m[38;2;146;0;0m[48;2;91;0;0m▀[0m[38;2;0;0;0m[48;2;0;0;0m▀[0m[38;2;132;1;0m[48;2;0;0;0m▀[0m[38;2;0;0;0m[48;2;0;0;0m▀[0m[38;2;23;0;0m[48;2;0;0;0m▀[0m[38;2;88;63;57m[48;2;0;0;0m▀[0m[38;2;246;255;244m[48;2;70;68;64m▀[0m[38;2;236;227;211m[48;2;238;221;206m▀[0m[38;2;245;226;213m[48;2;255;255;255m▀[0m[38;2;255;245;227m[48;2;255;255;255m▀[0m[38;2;255;255;244m[48;2;255;255;255m▀[0m[38;2;255;248;231m[48;2;255;255;255m▀[0m[38;2;255;239;222m[48;2;255;255;253m▀[0m[38;2;255;255;238m[48;2;255;255;246m▀[0m[38;2;255;255;244m[48;2;255;254;237m▀[0m[38;2;255;255;237m[48;2;255;254;237m▀[0m[38;2;255;254;237m[48;2;255;254;237m▀[0m[38;2;255;254;238m[48;2;255;254;239m▀[0m[38;2;255;254;237m[48;2;255;255;240m▀[0m[38;2;255;255;240m[48;2;255;250;233m▀[0m[38;2;255;255;244m[48;2;255;249;236m▀[0m[38;2;255;255;246m[48;2;255;255;245m▀[0m[38;2;255;255;253m[48;2;255;255;249m▀[0m[38;2;255;255;255m[48;2;255;255;254m▀[0m[38;2;255;255;255m[48;2;255;255;255m▀[0m[38;2;0;0;0m[48;2;135;125;122m▀[0m[38;2;0;0;0m[48;2;0;0;0m▀[0m[38;2;255;255;255m[48;2;255;255;255m▀[0m[38;2;255;255;255m[48;2;255;255;255m▀[0m[38;2;255;248;233m[48;2;255;255;245m▀[0m[38;2;122;112;104m[48;2;199;183;171m▀[0m[38;2;255;255;255m[48;2;255;255;255m▀[0m[38;2;255;255;255m[48;2;255;255;255m▀[0m[38;2;25;29;29m[48;2;32;35;34m▀[0m[38;2;0;0;0m[48;2;0;0;0m▀[0m[38;2;0;0;0m[48;2;0;0;0m▀[0m[38;2;112;112;114m[48;2;112;112;114m▀[0m[38;2;68;70;70m[48;2;72;76;76m▀[0m[38;2;62;64;62m[48;2;70;74;71m▀[0m[38;2;62;64;62m[48;2;47;49;47m▀[0m
[38;2;135;132;120m[48;2;133;132;122m▀[0m[38;2;135;133;123m[48;2;136;133;124m▀[0m[38;2;137;135;125m[48;2;137;135;123m▀[0m[38;2;138;133;123m[48;2;140;135;123m▀[0m[38;2;138;133;119m[48;2;143;135;123m▀[0m[38;2;140;135;123m[48;2;143;137;123m▀[0m[38;2;142;137;123m[48;2;143;138;124m▀[0m[38;2;143;138;126m[48;2;144;139;127m▀[0m[38;2;142;140;128m[48;2;144;139;128m▀[0m[38;2;141;140;128m[48;2;144;139;128m▀[0m[38;2;142;140;129m[48;2;144;139;127m▀[0m[38;2;143;139;127m[48;2;145;138;126m▀[0m[38;2;145;139;125m[48;2;146;140;126m▀[0m[38;2;145;139;124m[48;2;147;141;126m▀[0m[38;2;146;140;125m[48;2;153;144;130m▀[0m[38;2;146;141;129m[48;2;155;151;143m▀[0m[38;2;150;149;136m[48;2;158;157;152m▀[0m[38;2;154;154;143m[48;2;186;177;170m▀[0m[38;2;158;155;139m[48;2;211;197;184m▀[0m[38;2;176;170;155m[48;2;182;178;163m▀[0m[38;2;203;194;185m[48;2;98;100;98m▀[0m[38;2;204;199;189m[48;2;0;2;3m▀[0m[38;2;154;152;144m[48;2;0;0;0m▀[0m[38;2;61;69;69m[48;2;0;0;0m▀[0m[38;2;0;0;0m[48;2;0;0;0m▀[0m[38;2;0;0;0m[48;2;0;0;0m▀[0m[38;2;0;0;0m[48;2;97;49;36m▀[0m[38;2;0;0;0m[48;2;255;66;17m▀[0m[38;2;0;0;0m[48;2;255;43;0m▀[0m[38;2;29;54;34m[48;2;255;0;0m▀[0m[38;2;185;102;58m[48;2;255;0;0m▀[0m[38;2;255;132;71m[48;2;255;0;0m▀[0m[38;2;255;76;1m[48;2;255;0;0m▀[0m[38;2;255;125;57m[48;2;255;0;0m▀[0m[38;2;255;77;47m[48;2;255;0;0m▀[0m[38;2;255;179;137m[48;2;255;0;0m▀[0m[38;2;255;255;255m[48;2;255;208;158m▀[0m[38;2;255;255;255m[48;2;255;255;255m▀[0m[38;2;255;255;255m[48;2;255;255;255m▀[0m[38;2;114;114;108m[48;2;255;255;255m▀[0m[38;2;0;0;0m[48;2;255;255;240m▀[0m[38;2;0;0;0m[48;2;0;0;0m▀[0m[38;2;0;0;0m[48;2;0;0;0m▀[0m[38;2;0;0;0m[48;2;0;0;0m▀[0m[38;2;0;0;0m[48;2;0;0;0m▀[0m[38;2;255;255;245m[48;2;0;0;0m▀[0m[38;2;255;255;255m[48;2;252;230;216m▀[0m[38;2;255;255;255m[48;2;255;255;255m▀[0m[38;2;255;255;245m[48;2;255;255;255m▀[0m[38;2;255;255;235m[48;2;255;255;246m▀[0m[38;2;255;254;236m[48;2;255;254;237m▀[0m[38;2;255;254;237m[48;2;255;254;233m▀[0m[38;2;255;254;239m[48;2;255;254;237m▀[0m[38;2;255;254;239m[48;2;255;254;237m▀[0m[38;2;255;255;246m[48;2;255;255;244m▀[0m[38;2;255;246;228m[48;2;255;253;237m▀[0m[38;2;183;174;166m[48;2;165;164;153m▀[0m[38;2;255;255;255m[48;2;255;247;230m▀[0m[38;2;255;255;246m[48;2;255;255;241m▀[0m[38;2;255;255;251m[48;2;255;255;248m▀[0m[38;2;255;255;255m[48;2;255;255;249m▀[0m[38;2;255;255;255m[48;2;255;255;255m▀[0m[38;2;0;0;0m[48;2;86;86;79m▀[0m[38;2;231;205;189m[48;2;106;91;86m▀[0m[38;2;255;255;255m[48;2;255;255;255m▀[0m[38;2;255;255;252m[48;2;205;189;176m▀[0m[38;2;255;255;255m[48;2;255;234;217m▀[0m[38;2;255;255;255m[48;2;255;255;255m▀[0m[38;2;255;255;255m[48;2;255;255;255m▀[0m[38;2;46;42;42m[48;2;29;27;24m▀[0m[38;2;0;0;0m[48;2;0;0;0m▀[0m[38;2;0;0;0m[48;2;2;2;3m▀[0m[38;2;95;93;93m[48;2;99;96;98m▀[0m[38;2;79;88;88m[48;2;72;89;86m▀[0m[38;2;77;82;82m[48;2;90;93;95m▀[0m[38;2;28;24;27m[48;2;12;15;15m▀[0m
[38;2;131;132;122m[48;2;138;133;122m▀[0m[38;2;138;133;122m[48;2;141;135;119m▀[0m[38;2;141;136;122m[48;2;143;137;123m▀[0m[38;2;142;137;125m[48;2;143;136;126m▀[0m[38;2;143;138;124m[48;2;143;138;127m▀[0m[38;2;143;139;125m[48;2;143;139;127m▀[0m[38;2;143;139;127m[48;2;144;139;127m▀[0m[38;2;144;139;128m[48;2;144;139;127m▀[0m[38;2;145;138;128m[48;2;144;139;127m▀[0m[38;2;145;138;128m[48;2;144;140;128m▀[0m[38;2;146;139;127m[48;2;151;145;127m▀[0m[38;2;147;141;126m[48;2;156;146;140m▀[0m[38;2;149;145;126m[48;2;160;154;146m▀[0m[38;2;157;152;138m[48;2;179;177;165m▀[0m[38;2;159;158;141m[48;2;204;201;187m▀[0m[38;2;181;179;168m[48;2;156;155;144m▀[0m[38;2;205;199;189m[48;2;42;42;38m▀[0m[38;2;166;160;146m[48;2;0;0;0m▀[0m[38;2;58;58;55m[48;2;0;0;0m▀[0m[38;2;0;0;0m[48;2;0;0;0m▀[0m[38;2;0;0;0m[48;2;0;0;0m▀[0m[38;2;0;0;0m[48;2;96;22;8m▀[0m[38;2;0;0;0m[48;2;255;97;57m▀[0m[38;2;34;9;6m[48;2;255;152;106m▀[0m[38;2;220;49;8m[48;2;255;248;207m▀[0m[38;2;255;90;52m[48;2;255;255;255m▀[0m[38;2;255;127;74m[48;2;255;255;255m▀[0m[38;2;255;156;93m[48;2;255;255;255m▀[0m[38;2;255;173;124m[48;2;255;255;255m▀[0m[38;2;255;189;145m[48;2;255;255;255m▀[0m[38;2;255;81;30m[48;2;255;255;255m▀[0m[38;2;255;0;0m[48;2;255;0;0m▀[0m[38;2;255;46;0m[48;2;255;140;82m▀[0m[38;2;255;255;255m[48;2;255;255;255m▀[0m[38;2;255;255;255m[48;2;255;255;255m▀[0m[38;2;255;167;139m[48;2;255;255;255m▀[0m[38;2;255;0;0m[48;2;255;200;171m▀[0m[38;2;255;204;168m[48;2;255;0;0m▀[0m[38;2;255;255;255m[48;2;255;255;251m▀[0m[38;2;255;255;255m[48;2;255;255;255m▀[0m[38;2;255;255;255m[48;2;255;255;255m▀[0m[38;2;255;255;255m[48;2;255;255;255m▀[0m[38;2;0;0;0m[48;2;255;255;249m▀[0m[38;2;0;0;0m[48;2;0;0;0m▀[0m[38;2;0;0;0m[48;2;0;0;0m▀[0m[38;2;0;0;0m[48;2;0;0;0m▀[0m[38;2;0;0;0m[48;2;0;0;0m▀[0m[38;2;255;254;240m[48;2;0;0;0m▀[0m[38;2;255;255;255m[48;2;255;255;255m▀[0m[38;2;255;255;255m[48;2;255;255;255m▀[0m[38;2;255;255;255m[48;2;255;255;253m▀[0m[38;2;255;253;232m[48;2;255;254;237m▀[0m[38;2;255;255;238m[48;2;255;254;237m▀[0m[38;2;255;254;239m[48;2;255;254;239m▀[0m[38;2;255;255;243m[48;2;255;255;239m▀[0m[38;2;255;255;255m[48;2;255;255;251m▀[0m[38;2;105;104;101m[48;2;251;231;216m▀[0m[38;2;131;131;125m[48;2;255;241;221m▀[0m[38;2;255;255;255m[48;2;255;255;251m▀[0m[38;2;255;255;241m[48;2;255;253;240m▀[0m[38;2;255;255;247m[48;2;255;255;245m▀[0m[38;2;255;255;255m[48;2;255;255;250m▀[0m[38;2;246;226;211m[48;2;255;255;255m▀[0m[38;2;51;51;46m[48;2;72;76;70m▀[0m[38;2;255;255;255m[48;2;255;255;255m▀[0m[38;2;199;185;172m[48;2;218;204;186m▀[0m[38;2;248;231;210m[48;2;240;224;205m▀[0m[38;2;255;255;255m[48;2;178;167;153m▀[0m[38;2;255;255;255m[48;2;255;255;255m▀[0m[38;2;0;0;1m[48;2;0;0;0m▀[0m[38;2;0;0;0m[48;2;0;0;0m▀[0m[38;2;15;11;16m[48;2;19;19;19m▀[0m[38;2;113;109;112m[48;2;112;108;111m▀[0m[38;2;56;72;66m[48;2;76;90;87m▀[0m[38;2;98;100;100m[48;2;96;98;96m▀[0m[38;2;2;2;3m[48;2;0;0;0m▀[0m
[38;2;141;135;119m[48;2;140;136;125m▀[0m[38;2;141;136;125m[48;2;139;137;126m▀[0m[38;2;142;136;127m[48;2;142;138;127m▀[0m[38;2;141;139;127m[48;2;144;139;127m▀[0m[38;2;143;139;128m[48;2;144;139;128m▀[0m[38;2;143;139;127m[48;2;144;139;128m▀[0m[38;2;143;139;127m[48;2;145;138;128m▀[0m[38;2;143;139;127m[48;2;153;141;130m▀[0m[38;2;145;138;126m[48;2;155;150;131m▀[0m[38;2;153;144;131m[48;2;169;158;150m▀[0m[38;2;157;154;139m[48;2;200;194;180m▀[0m[38;2;173;166;158m[48;2;184;183;171m▀[0m[38;2;207;197;194m[48;2;72;78;77m▀[0m[38;2;170;169;159m[48;2;0;0;0m▀[0m[38;2;45;51;50m[48;2;0;0;0m▀[0m[38;2;0;0;0m[48;2;0;0;0m▀[0m[38;2;0;0;0m[48;2;0;0;0m▀[0m[38;2;0;0;0m[48;2;37;0;0m▀[0m[38;2;0;0;0m[48;2;209;66;43m▀[0m[38;2;38;0;0m[48;2;255;206;171m▀[0m[38;2;230;76;47m[48;2;255;255;255m▀[0m[38;2;255;211;166m[48;2;255;255;255m▀[0m[38;2;255;255;255m[48;2;255;255;255m▀[0m[38;2;255;255;255m[48;2;228;223;209m▀[0m[38;2;255;255;255m[48;2;255;255;251m▀[0m[38;2;255;255;255m[48;2;255;255;254m▀[0m[38;2;255;255;255m[48;2;255;255;246m▀[0m[38;2;255;255;251m[48;2;255;255;240m▀[0m[38;2;255;255;252m[48;2;255;255;243m▀[0m[38;2;255;255;254m[48;2;255;255;247m▀[0m[38;2;255;255;255m[48;2;255;255;255m▀[0m[38;2;255;141;95m[48;2;255;210;174m▀[0m[38;2;255;59;6m[48;2;255;34;0m▀[0m[38;2;255;255;255m[48;2;255;255;255m▀[0m[38;2;255;255;255m[48;2;255;255;248m▀[0m[38;2;255;255;251m[48;2;255;255;249m▀[0m[38;2;255;255;255m[48;2;255;255;255m▀[0m[38;2;255;113;65m[48;2;255;255;255m▀[0m[38;2;255;73;30m[48;2;255;51;3m▀[0m[38;2;255;255;255m[48;2;255;255;244m▀[0m[38;2;255;255;255m[48;2;255;255;255m▀[0m[38;2;255;255;255m[48;2;255;255;255m▀[0m[38;2;255;255;255m[48;2;255;255;255m▀[0m[38;2;170;156;147m[48;2;255;255;255m▀[0m[38;2;0;0;0m[48;2;0;2;2m▀[0m[38;2;0;0;0m[48;2;0;0;0m▀[0m[38;2;0;0;0m[48;2;0;0;0m▀[0m[38;2;0;0;0m[48;2;0;0;0m▀[0m[38;2;160;146;131m[48;2;0;0;0m▀[0m[38;2;255;255;255m[48;2;255;255;255m▀[0m[38;2;255;255;247m[48;2;255;255;255m▀[0m[38;2;255;255;240m[48;2;255;255;245m▀[0m[38;2;255;254;237m[48;2;255;254;237m▀[0m[38;2;255;254;237m[48;2;255;254;237m▀[0m[38;2;255;254;239m[48;2;255;254;237m▀[0m[38;2;255;255;239m[48;2;255;254;239m▀[0m[38;2;255;255;251m[48;2;255;253;236m▀[0m[38;2;255;255;249m[48;2;255;253;236m▀[0m[38;2;255;253;236m[48;2;255;254;237m▀[0m[38;2;255;254;237m[48;2;255;254;237m▀[0m[38;2;255;255;237m[48;2;255;254;237m▀[0m[38;2;255;255;241m[48;2;255;255;240m▀[0m[38;2;255;255;255m[48;2;255;255;255m▀[0m[38;2;124;119;112m[48;2;173;162;149m▀[0m[38;2;238;224;207m[48;2;176;168;156m▀[0m[38;2;237;223;206m[48;2;255;240;220m▀[0m[38;2;238;226;209m[48;2;255;255;245m▀[0m[38;2;197;183;168m[48;2;255;239;218m▀[0m[38;2;255;255;255m[48;2;255;255;255m▀[0m[38;2;0;0;0m[48;2;0;0;0m▀[0m[38;2;0;0;0m[48;2;0;0;0m▀[0m[38;2;25;28;32m[48;2;33;35;42m▀[0m[38;2;99;96;100m[48;2;99;99;106m▀[0m[38;2;91;97;92m[48;2;86;89;88m▀[0m[38;2;87;87;87m[48;2;87;87;87m▀[0m[38;2;0;0;0m[48;2;0;0;0m▀[0m
[38;2;140;138;127m[48;2;143;138;127m▀[0m[38;2;142;138;127m[48;2;143;139;125m▀[0m[38;2;144;139;128m[48;2;144;139;128m▀[0m[38;2;145;138;128m[48;2;145;138;126m▀[0m[38;2;145;138;128m[48;2;155;143;130m▀[0m[38;2;154;142;128m[48;2;158;152;137m▀[0m[38;2;157;149;137m[48;2;174;173;160m▀[0m[38;2;160;154;145m[48;2;206;205;193m▀[0m[38;2;186;186;170m[48;2;158;154;147m▀[0m[38;2;203;198;186m[48;2;9;7;10m▀[0m[38;2;109;106;103m[48;2;0;0;0m▀[0m[38;2;0;0;0m[48;2;0;0;0m▀[0m[38;2;0;0;0m[48;2;0;0;0m▀[0m[38;2;0;0;0m[48;2;79;16;0m▀[0m[38;2;0;0;0m[48;2;255;48;0m▀[0m[38;2;69;3;0m[48;2;255;146;130m▀[0m[38;2;209;50;30m[48;2;255;255;255m▀[0m[38;2;255;184;163m[48;2;255;255;255m▀[0m[38;2;255;255;255m[48;2;255;255;255m▀[0m[38;2;255;255;255m[48;2;255;255;250m▀[0m[38;2;255;255;255m[48;2;255;255;245m▀[0m[38;2;255;255;252m[48;2;255;255;243m▀[0m[38;2;255;255;255m[48;2;255;255;239m▀[0m[38;2;238;231;219m[48;2;255;255;255m▀[0m[38;2;184;180;170m[48;2;198;190;180m▀[0m[38;2;255;255;255m[48;2;237;219;199m▀[0m[38;2;255;255;240m[48;2;255;255;254m▀[0m[38;2;255;255;237m[48;2;255;255;239m▀[0m[38;2;255;254;237m[48;2;255;254;240m▀[0m[38;2;255;255;241m[48;2;255;255;243m▀[0m[38;2;255;255;255m[48;2;255;255;252m▀[0m[38;2;255;255;235m[48;2;255;255;255m▀[0m[38;2;255;76;21m[48;2;255;114;68m▀[0m[38;2;255;255;255m[48;2;255;255;254m▀[0m[38;2;255;255;247m[48;2;255;255;251m▀[0m[38;2;255;255;244m[48;2;255;255;244m▀[0m[38;2;255;255;245m[48;2;255;255;247m▀[0m[38;2;255;255;255m[48;2;255;255;255m▀[0m[38;2;255;128;86m[48;2;255;206;177m▀[0m[38;2;255;170;131m[48;2;255;98;50m▀[0m[38;2;255;255;255m[48;2;255;255;255m▀[0m[38;2;255;255;244m[48;2;255;255;241m▀[0m[38;2;255;255;252m[48;2;255;255;251m▀[0m[38;2;255;255;255m[48;2;255;255;255m▀[0m[38;2;225;209;197m[48;2;255;255;255m▀[0m[38;2;0;0;0m[48;2;0;0;0m▀[0m[38;2;0;0;0m[48;2;0;0;0m▀[0m[38;2;0;0;0m[48;2;0;0;0m▀[0m[38;2;0;0;0m[48;2;0;0;0m▀[0m[38;2;220;201;189m[48;2;72;68;64m▀[0m[38;2;255;255;255m[48;2;255;255;255m▀[0m[38;2;255;255;247m[48;2;255;255;255m▀[0m[38;2;255;254;237m[48;2;255;255;240m▀[0m[38;2;255;254;237m[48;2;255;255;238m▀[0m[38;2;255;254;239m[48;2;255;254;237m▀[0m[38;2;255;255;238m[48;2;255;254;237m▀[0m[38;2;255;254;237m[48;2;255;255;240m▀[0m[38;2;255;254;236m[48;2;255;255;237m▀[0m[38;2;255;254;237m[48;2;255;253;236m▀[0m[38;2;255;254;237m[48;2;255;254;237m▀[0m[38;2;255;254;237m[48;2;255;254;237m▀[0m[38;2;255;255;241m[48;2;255;255;243m▀[0m[38;2;255;255;255m[48;2;255;255;255m▀[0m[38;2;209;195;179m[48;2;240;220;203m▀[0m[38;2;120;119;110m[48;2;61;60;52m▀[0m[38;2;255;253;234m[48;2;255;255;255m▀[0m[38;2;246;241;226m[48;2;211;204;192m▀[0m[38;2;255;255;255m[48;2;255;255;255m▀[0m[38;2;255;255;255m[48;2;255;255;255m▀[0m[38;2;0;0;2m[48;2;64;63;58m▀[0m[38;2;0;0;0m[48;2;0;0;0m▀[0m[38;2;44;44;56m[48;2;54;54;56m▀[0m[38;2;101;101;106m[48;2;98;98;98m▀[0m[38;2;85;85;86m[48;2;84;84;78m▀[0m[38;2;96;96;98m[48;2;89;89;91m▀[0m[38;2;0;0;0m[48;2;0;0;0m▀[0m
[38;2;145;139;125m[48;2;152;143;131m▀[0m[38;2;145;138;126m[48;2;153;147;132m▀[0m[38;2;152;140;131m[48;2;168;156;143m▀[0m[38;2;157;145;132m[48;2;195;192;172m▀[0m[38;2;167;163;151m[48;2;201;197;187m▀[0m[38;2;201;195;190m[48;2;97;95;89m▀[0m[38;2;181;177;167m[48;2;0;0;0m▀[0m[38;2;51;49;44m[48;2;0;0;0m▀[0m[38;2;0;0;0m[48;2;0;0;0m▀[0m[38;2;0;0;0m[48;2;0;4;14m▀[0m[38;2;0;0;0m[48;2;77;58;61m▀[0m[38;2;6;10;11m[48;2;226;129;114m▀[0m[38;2;195;30;11m[48;2;255;252;231m▀[0m[38;2;255;100;76m[48;2;255;255;255m▀[0m[38;2;255;255;250m[48;2;255;255;255m▀[0m[38;2;255;255;255m[48;2;255;255;252m▀[0m[38;2;255;255;255m[48;2;255;255;248m▀[0m[38;2;255;255;250m[48;2;255;255;243m▀[0m[38;2;255;255;245m[48;2;255;254;237m▀[0m[38;2;255;255;241m[48;2;255;255;237m▀[0m[38;2;255;254;237m[48;2;255;254;237m▀[0m[38;2;255;254;236m[48;2;255;254;237m▀[0m[38;2;255;255;238m[48;2;255;253;236m▀[0m[38;2;255;255;255m[48;2;255;255;252m▀[0m[38;2;239;221;201m[48;2;255;236;219m▀[0m[38;2;166;173;169m[48;2;104;119;125m▀[0m[38;2;255;244;224m[48;2;179;170;162m▀[0m[38;2;255;255;248m[48;2;255;255;255m▀[0m[38;2;255;253;236m[48;2;255;253;239m▀[0m[38;2;255;255;241m[48;2;255;255;241m▀[0m[38;2;255;255;247m[48;2;255;255;249m▀[0m[38;2;255;255;255m[48;2;255;255;255m▀[0m[38;2;255;127;76m[48;2;255;129;79m▀[0m[38;2;255;255;243m[48;2;255;255;237m▀[0m[38;2;255;255;255m[48;2;255;255;255m▀[0m[38;2;255;255;240m[48;2;255;255;245m▀[0m[38;2;255;255;243m[48;2;255;255;243m▀[0m[38;2;255;255;253m[48;2;255;255;245m▀[0m[38;2;255;255;244m[48;2;255;255;255m▀[0m[38;2;255;99;46m[48;2;255;146;101m▀[0m[38;2;255;255;255m[48;2;255;252;228m▀[0m[38;2;255;255;246m[48;2;255;255;251m▀[0m[38;2;255;255;248m[48;2;255;255;244m▀[0m[38;2;255;255;255m[48;2;255;255;251m▀[0m[38;2;255;255;255m[48;2;255;255;255m▀[0m[38;2;88;90;88m[48;2;207;196;184m▀[0m[38;2;0;0;0m[48;2;0;0;0m▀[0m[38;2;0;0;0m[48;2;0;0;0m▀[0m[38;2;0;0;0m[48;2;0;0;0m▀[0m[38;2;0;0;0m[48;2;0;0;0m▀[0m[38;2;255;255;255m[48;2;255;255;255m▀[0m[38;2;255;255;255m[48;2;255;255;255m▀[0m[38;2;255;255;243m[48;2;255;255;247m▀[0m[38;2;255;255;238m[48;2;255;255;244m▀[0m[38;2;255;255;237m[48;2;255;255;240m▀[0m[38;2;255;255;246m[48;2;255;255;249m▀[0m[38;2;255;249;232m[48;2;198;192;178m▀[0m[38;2;255;249;232m[48;2;255;247;230m▀[0m[38;2;255;255;240m[48;2;255;255;245m▀[0m[38;2;255;254;237m[48;2;255;254;237m▀[0m[38;2;255;254;237m[48;2;255;255;239m▀[0m[38;2;255;255;246m[48;2;255;255;248m▀[0m[38;2;255;255;255m[48;2;255;255;255m▀[0m[38;2;255;250;233m[48;2;255;250;235m▀[0m[38;2;0;0;0m[48;2;0;0;0m▀[0m[38;2;160;156;149m[48;2;0;0;0m▀[0m[38;2;194;190;178m[48;2;0;0;0m▀[0m[38;2;112;106;95m[48;2;0;0;0m▀[0m[38;2;135;129;117m[48;2;0;0;0m▀[0m[38;2;30;29;27m[48;2;0;0;0m▀[0m[38;2;0;0;0m[48;2;0;0;0m▀[0m[38;2;58;58;62m[48;2;91;91;91m▀[0m[38;2;88;85;85m[48;2;76;70;69m▀[0m[38;2;85;85;83m[48;2;81;84;83m▀[0m[38;2;79;79;79m[48;2;56;62;62m▀[0m[38;2;0;0;0m[48;2;0;0;0m▀[0m
[38;2;164;159;143m[48;2;220;214;200m▀[0m[38;2;193;186;171m[48;2;144;143;133m▀[0m[38;2;207;196;187m[48;2;10;8;11m▀[0m[38;2;130;124;116m[48;2;0;0;0m▀[0m[38;2;0;0;0m[48;2;0;0;0m▀[0m[38;2;0;0;0m[48;2;16;20;17m▀[0m[38;2;0;0;0m[48;2;63;63;61m▀[0m[38;2;0;0;9m[48;2;160;154;138m▀[0m[38;2;46;46;47m[48;2;255;255;248m▀[0m[38;2;174;160;149m[48;2;255;255;255m▀[0m[38;2;255;255;250m[48;2;255;255;255m▀[0m[38;2;255;255;255m[48;2;255;255;254m▀[0m[38;2;255;255;255m[48;2;255;255;246m▀[0m[38;2;255;255;253m[48;2;255;255;244m▀[0m[38;2;255;255;247m[48;2;255;255;239m▀[0m[38;2;255;255;244m[48;2;255;254;237m▀[0m[38;2;255;254;240m[48;2;255;254;237m▀[0m[38;2;255;254;237m[48;2;255;254;237m▀[0m[38;2;255;254;237m[48;2;255;254;237m▀[0m[38;2;255;254;237m[48;2;255;254;237m▀[0m[38;2;255;254;237m[48;2;255;254;237m▀[0m[38;2;255;254;237m[48;2;255;254;237m▀[0m[38;2;255;254;237m[48;2;255;254;237m▀[0m[38;2;255;255;240m[48;2;255;255;243m▀[0m[38;2;255;255;255m[48;2;255;255;244m▀[0m[38;2;168;157;145m[48;2;255;255;255m▀[0m[38;2;235;211;195m[48;2;255;255;251m▀[0m[38;2;255;255;251m[48;2;255;255;239m▀[0m[38;2;255;253;236m[48;2;255;254;237m▀[0m[38;2;255;255;244m[48;2;255;255;245m▀[0m[38;2;255;255;251m[48;2;255;255;252m▀[0m[38;2;255;255;255m[48;2;255;255;255m▀[0m[38;2;255;65;16m[48;2;255;0;0m▀[0m[38;2;255;253;222m[48;2;255;169;129m▀[0m[38;2;255;255;255m[48;2;255;255;255m▀[0m[38;2;255;255;245m[48;2;255;255;244m▀[0m[38;2;255;255;239m[48;2;255;255;243m▀[0m[38;2;255;255;241m[48;2;255;255;239m▀[0m[38;2;255;255;255m[48;2;255;255;255m▀[0m[38;2;255;181;144m[48;2;255;194;163m▀[0m[38;2;255;228;204m[48;2;255;217;185m▀[0m[38;2;255;255;255m[48;2;255;255;255m▀[0m[38;2;255;255;238m[48;2;255;255;235m▀[0m[38;2;255;255;249m[48;2;255;255;246m▀[0m[38;2;255;255;255m[48;2;255;255;255m▀[0m[38;2;255;255;246m[48;2;255;255;255m▀[0m[38;2;0;0;0m[48;2;0;0;0m▀[0m[38;2;0;0;0m[48;2;0;0;0m▀[0m[38;2;0;0;0m[48;2;0;0;0m▀[0m[38;2;0;0;0m[48;2;0;0;0m▀[0m[38;2;255;246;226m[48;2;231;212;199m▀[0m[38;2;255;255;255m[48;2;255;255;255m▀[0m[38;2;255;255;246m[48;2;255;255;247m▀[0m[38;2;255;255;252m[48;2;255;255;255m▀[0m[38;2;255;245;227m[48;2;227;214;201m▀[0m[38;2;210;204;190m[48;2;201;203;192m▀[0m[38;2;219;203;186m[48;2;251;234;219m▀[0m[38;2;255;255;255m[48;2;255;246;231m▀[0m[38;2;255;255;250m[48;2;255;243;227m▀[0m[38;2;255;255;246m[48;2;255;247;227m▀[0m[38;2;255;255;246m[48;2;249;232;212m▀[0m[38;2;255;255;251m[48;2;255;255;255m▀[0m[38;2;255;255;255m[48;2;255;255;255m▀[0m[38;2;235;218;198m[48;2;127;118;109m▀[0m[38;2;0;0;0m[48;2;0;0;0m▀[0m[38;2;0;0;0m[48;2;171;174;177m▀[0m[38;2;0;0;0m[48;2;194;193;194m▀[0m[38;2;0;0;0m[48;2;221;221;221m▀[0m[38;2;0;0;0m[48;2;237;237;239m▀[0m[38;2;48;48;54m[48;2;159;159;159m▀[0m[38;2;155;158;163m[48;2;61;63;65m▀[0m[38;2;92;96;98m[48;2;50;54;59m▀[0m[38;2;19;17;15m[48;2;224;224;222m▀[0m[38;2;90;92;92m[48;2;96;100;101m▀[0m[38;2;32;38;38m[48;2;8;10;10m▀[0m[38;2;0;0;0m[48;2;0;0;0m▀[0m
[38;2;46;49;48m[48;2;0;0;0m▀[0m[38;2;0;0;0m[48;2;0;0;0m▀[0m[38;2;0;0;0m[48;2;0;0;0m▀[0m[38;2;0;0;0m[48;2;70;64;49m▀[0m[38;2;70;70;58m[48;2;192;168;144m▀[0m[38;2;173;157;137m[48;2;255;255;255m▀[0m[38;2;255;255;255m[48;2;255;255;255m▀[0m[38;2;255;255;255m[48;2;255;255;253m▀[0m[38;2;255;255;255m[48;2;255;255;249m▀[0m[38;2;255;255;252m[48;2;255;255;244m▀[0m[38;2;255;255;246m[48;2;255;254;240m▀[0m[38;2;255;255;244m[48;2;255;254;237m▀[0m[38;2;255;254;240m[48;2;255;254;237m▀[0m[38;2;255;254;237m[48;2;255;254;237m▀[0m[38;2;255;254;237m[48;2;255;254;237m▀[0m[38;2;255;254;237m[48;2;255;254;237m▀[0m[38;2;255;254;237m[48;2;255;255;237m▀[0m[38;2;255;254;237m[48;2;255;254;237m▀[0m[38;2;255;254;237m[48;2;255;254;237m▀[0m[38;2;255;255;237m[48;2;255;255;238m▀[0m[38;2;255;254;237m[48;2;255;254;237m▀[0m[38;2;255;254;237m[48;2;255;254;237m▀[0m[38;2;255;254;237m[48;2;255;254;237m▀[0m[38;2;255;253;238m[48;2;255;254;237m▀[0m[38;2;255;253;236m[48;2;255;253;236m▀[0m[38;2;255;252;234m[48;2;255;254;237m▀[0m[38;2;255;253;235m[48;2;255;254;236m▀[0m[38;2;255;254;236m[48;2;255;254;237m▀[0m[38;2;255;254;237m[48;2;255;254;237m▀[0m[38;2;255;255;243m[48;2;255;255;241m▀[0m[38;2;255;255;254m[48;2;255;255;249m▀[0m[38;2;255;255;255m[48;2;255;255;255m▀[0m[38;2;255;0;0m[48;2;255;0;0m▀[0m[38;2;255;0;0m[48;2;255;51;27m▀[0m[38;2;255;255;255m[48;2;255;255;255m▀[0m[38;2;255;255;246m[48;2;255;255;241m▀[0m[38;2;255;255;241m[48;2;255;255;243m▀[0m[38;2;255;253;239m[48;2;255;253;239m▀[0m[38;2;255;255;255m[48;2;255;255;255m▀[0m[38;2;255;201;169m[48;2;255;207;179m▀[0m[38;2;255;206;170m[48;2;255;198;160m▀[0m[38;2;255;255;255m[48;2;255;255;255m▀[0m[38;2;255;255;237m[48;2;255;255;237m▀[0m[38;2;255;255;245m[48;2;255;255;247m▀[0m[38;2;255;255;255m[48;2;255;255;255m▀[0m[38;2;255;255;255m[48;2;255;255;255m▀[0m[38;2;0;0;0m[48;2;0;0;0m▀[0m[38;2;0;0;0m[48;2;0;0;0m▀[0m[38;2;0;0;0m[48;2;0;0;0m▀[0m[38;2;0;0;0m[48;2;0;0;0m▀[0m[38;2;208;194;177m[48;2;218;201;184m▀[0m[38;2;255;255;255m[48;2;255;255;255m▀[0m[38;2;255;255;244m[48;2;255;255;246m▀[0m[38;2;255;255;255m[48;2;255;255;244m▀[0m[38;2;206;195;179m[48;2;255;255;238m▀[0m[38;2;127;132;125m[48;2;245;225;211m▀[0m[38;2;255;255;238m[48;2;255;255;255m▀[0m[38;2;255;236;222m[48;2;255;249;228m▀[0m[38;2;208;208;203m[48;2;187;195;193m▀[0m[38;2;224;218;203m[48;2;226;220;205m▀[0m[38;2;255;251;233m[48;2;255;255;255m▀[0m[38;2;255;255;255m[48;2;255;255;255m▀[0m[38;2;255;255;255m[48;2;247;226;211m▀[0m[38;2;0;0;0m[48;2;0;0;0m▀[0m[38;2;42;45;46m[48;2;197;204;200m▀[0m[38;2;59;61;59m[48;2;0;0;0m▀[0m[38;2;87;83;85m[48;2;0;0;0m▀[0m[38;2;61;61;59m[48;2;0;0;0m▀[0m[38;2;0;0;0m[48;2;0;0;0m▀[0m[38;2;0;0;0m[48;2;0;0;0m▀[0m[38;2;0;0;0m[48;2;12;16;21m▀[0m[38;2;178;178;179m[48;2;222;220;223m▀[0m[38;2;29;32;32m[48;2;255;255;255m▀[0m[38;2;82;86;86m[48;2;79;82;82m▀[0m[38;2;0;0;0m[48;2;0;0;0m▀[0m[38;2;0;0;0m[48;2;0;0;0m▀[0m
[38;2;0;0;0m[48;2;0;0;0m▀[0m[38;2;0;0;0m[48;2;0;0;0m▀[0m[38;2;25;24;19m[48;2;48;52;54m▀[0m[38;2;135;118;101m[48;2;227;205;185m▀[0m[38;2;255;255;255m[48;2;255;255;255m▀[0m[38;2;255;255;255m[48;2;255;255;251m▀[0m[38;2;255;255;251m[48;2;255;255;246m▀[0m[38;2;255;255;246m[48;2;255;255;243m▀[0m[38;2;255;255;246m[48;2;255;255;246m▀[0m[38;2;255;253;236m[48;2;255;255;255m▀[0m[38;2;255;254;240m[48;2;255;255;240m▀[0m[38;2;255;254;237m[48;2;255;254;240m▀[0m[38;2;255;254;237m[48;2;255;254;237m▀[0m[38;2;255;255;238m[48;2;255;255;238m▀[0m[38;2;255;254;237m[48;2;255;254;239m▀[0m[38;2;255;254;237m[48;2;255;254;239m▀[0m[38;2;255;254;237m[48;2;255;254;239m▀[0m[38;2;255;254;237m[48;2;255;254;237m▀[0m[38;2;255;254;237m[48;2;255;254;239m▀[0m[38;2;255;254;237m[48;2;255;254;237m▀[0m[38;2;255;254;239m[48;2;255;254;239m▀[0m[38;2;255;254;237m[48;2;255;254;237m▀[0m[38;2;255;254;237m[48;2;255;254;237m▀[0m[38;2;255;254;237m[48;2;255;254;237m▀[0m[38;2;255;254;237m[48;2;255;254;237m▀[0m[38;2;255;254;237m[48;2;255;254;237m▀[0m[38;2;255;254;237m[48;2;255;254;237m▀[0m[38;2;255;254;236m[48;2;255;254;237m▀[0m[38;2;255;254;236m[48;2;255;254;236m▀[0m[38;2;255;254;240m[48;2;255;254;236m▀[0m[38;2;255;255;247m[48;2;255;255;243m▀[0m[38;2;255;255;255m[48;2;255;255;255m▀[0m[38;2;255;151;113m[48;2;255;192;154m▀[0m[38;2;255;203;177m[48;2;255;189;155m▀[0m[38;2;255;255;255m[48;2;255;255;255m▀[0m[38;2;255;255;243m[48;2;255;255;240m▀[0m[38;2;255;254;241m[48;2;255;254;237m▀[0m[38;2;255;255;239m[48;2;255;255;240m▀[0m[38;2;255;255;255m[48;2;255;255;255m▀[0m[38;2;255;203;171m[48;2;255;168;130m▀[0m[38;2;255;189;151m[48;2;255;160;126m▀[0m[38;2;255;255;255m[48;2;255;255;255m▀[0m[38;2;255;255;241m[48;2;255;255;240m▀[0m[38;2;255;255;248m[48;2;255;255;251m▀[0m[38;2;255;255;255m[48;2;255;255;255m▀[0m[38;2;255;255;255m[48;2;255;255;255m▀[0m[38;2;0;0;0m[48;2;0;0;0m▀[0m[38;2;0;0;0m[48;2;0;0;0m▀[0m[38;2;0;0;0m[48;2;0;0;0m▀[0m[38;2;0;0;0m[48;2;0;0;0m▀[0m[38;2;254;235;221m[48;2;255;255;255m▀[0m[38;2;255;255;255m[48;2;255;255;255m▀[0m[38;2;255;255;246m[48;2;255;255;244m▀[0m[38;2;255;255;239m[48;2;255;254;237m▀[0m[38;2;255;255;240m[48;2;255;254;237m▀[0m[38;2;255;255;252m[48;2;255;255;238m▀[0m[38;2;255;255;255m[48;2;255;255;255m▀[0m[38;2;255;249;228m[48;2;252;230;212m▀[0m[38;2;172;181;180m[48;2;170;174;171m▀[0m[38;2;254;238;219m[48;2;255;255;239m▀[0m[38;2;255;255;255m[48;2;255;255;255m▀[0m[38;2;255;255;255m[48;2;172;154;144m▀[0m[38;2;3;3;1m[48;2;0;0;0m▀[0m[38;2;0;0;0m[48;2;0;0;0m▀[0m[38;2;0;0;0m[48;2;104;108;110m▀[0m[38;2;0;0;0m[48;2;179;182;183m▀[0m[38;2;0;0;0m[48;2;151;153;153m▀[0m[38;2;0;0;0m[48;2;156;156;158m▀[0m[38;2;81;81;81m[48;2;149;149;149m▀[0m[38;2;141;143;145m[48;2;170;166;169m▀[0m[38;2;0;0;0m[48;2;117;119;120m▀[0m[38;2;0;0;0m[48;2;0;0;0m▀[0m[38;2;75;74;69m[48;2;0;0;0m▀[0m[38;2;96;108;104m[48;2;78;87;85m▀[0m[38;2;0;0;0m[48;2;0;0;0m▀[0m[38;2;0;0;0m[48;2;0;0;0m▀[0m
[38;2;0;0;0m[48;2;0;0;0m▀[0m[38;2;0;0;0m[48;2;0;0;0m▀[0m[38;2;84;81;83m[48;2;159;77;73m▀[0m[38;2;255;255;237m[48;2;255;255;255m▀[0m[38;2;255;255;255m[48;2;255;255;255m▀[0m[38;2;255;255;248m[48;2;255;255;248m▀[0m[38;2;255;255;245m[48;2;255;255;244m▀[0m[38;2;255;255;249m[48;2;255;255;255m▀[0m[38;2;255;255;255m[48;2;132;124;116m▀[0m[38;2;154;146;137m[48;2;151;138;130m▀[0m[38;2;255;244;222m[48;2;255;255;255m▀[0m[38;2;255;255;245m[48;2;255;255;237m▀[0m[38;2;255;254;237m[48;2;255;254;237m▀[0m[38;2;255;254;237m[48;2;255;254;237m▀[0m[38;2;255;254;237m[48;2;255;254;237m▀[0m[38;2;255;254;237m[48;2;255;254;237m▀[0m[38;2;255;254;239m[48;2;255;254;239m▀[0m[38;2;255;254;239m[48;2;255;254;239m▀[0m[38;2;255;254;239m[48;2;255;254;239m▀[0m[38;2;255;254;237m[48;2;255;255;238m▀[0m[38;2;255;254;239m[48;2;255;254;237m▀[0m[38;2;255;254;239m[48;2;255;254;239m▀[0m[38;2;255;254;237m[48;2;255;254;239m▀[0m[38;2;255;254;237m[48;2;255;254;237m▀[0m[38;2;255;254;237m[48;2;255;254;239m▀[0m[38;2;255;254;237m[48;2;255;254;237m▀[0m[38;2;255;254;237m[48;2;255;254;237m▀[0m[38;2;255;254;237m[48;2;255;254;237m▀[0m[38;2;255;254;237m[48;2;255;254;238m▀[0m[38;2;255;254;237m[48;2;255;254;237m▀[0m[38;2;255;255;243m[48;2;255;255;241m▀[0m[38;2;255;255;255m[48;2;255;255;255m▀[0m[38;2;255;186;155m[48;2;255;183;152m▀[0m[38;2;255;181;150m[48;2;255;174;142m▀[0m[38;2;255;255;255m[48;2;255;255;255m▀[0m[38;2;255;255;238m[48;2;255;254;238m▀[0m[38;2;255;255;239m[48;2;255;255;243m▀[0m[38;2;255;255;243m[48;2;255;255;249m▀[0m[38;2;255;255;255m[48;2;255;255;255m▀[0m[38;2;255;119;74m[48;2;255;68;12m▀[0m[38;2;255;155;113m[48;2;255;177;140m▀[0m[38;2;255;255;255m[48;2;255;255;255m▀[0m[38;2;255;255;243m[48;2;255;255;248m▀[0m[38;2;255;255;250m[48;2;255;255;255m▀[0m[38;2;255;255;255m[48;2;255;255;255m▀[0m[38;2;255;237;224m[48;2;181;170;158m▀[0m[38;2;0;0;0m[48;2;0;0;0m▀[0m[38;2;0;0;0m[48;2;0;0;0m▀[0m[38;2;0;0;0m[48;2;0;0;0m▀[0m[38;2;0;0;0m[48;2;90;83;78m▀[0m[38;2;255;255;255m[48;2;255;255;255m▀[0m[38;2;255;255;255m[48;2;255;255;255m▀[0m[38;2;255;255;246m[48;2;255;255;248m▀[0m[38;2;255;255;238m[48;2;255;255;246m▀[0m[38;2;255;255;243m[48;2;255;255;243m▀[0m[38;2;255;255;243m[48;2;255;255;250m▀[0m[38;2;255;255;255m[48;2;255;255;255m▀[0m[38;2;212;198;183m[48;2;137;137;130m▀[0m[38;2;173;176;176m[48;2;252;248;245m▀[0m[38;2;255;255;255m[48;2;101;88;71m▀[0m[38;2;195;179;163m[48;2;12;19;23m▀[0m[38;2;0;0;0m[48;2;240;244;239m▀[0m[38;2;0;0;0m[48;2;0;0;0m▀[0m[38;2;150;150;147m[48;2;255;255;255m▀[0m[38;2;60;60;54m[48;2;141;141;135m▀[0m[38;2;7;7;8m[48;2;0;0;0m▀[0m[38;2;181;183;184m[48;2;23;23;24m▀[0m[38;2;193;193;195m[48;2;0;0;0m▀[0m[38;2;172;176;176m[48;2;27;30;30m▀[0m[38;2;73;75;75m[48;2;226;224;227m▀[0m[38;2;30;30;30m[48;2;77;79;79m▀[0m[38;2;19;17;15m[48;2;192;191;189m▀[0m[38;2;0;0;0m[48;2;145;145;142m▀[0m[38;2;17;21;22m[48;2;0;0;0m▀[0m[38;2;0;0;0m[48;2;0;0;0m▀[0m[38;2;0;0;0m[48;2;0;0;0m▀[0m
[38;2;0;0;0m[48;2;0;0;0m▀[0m[38;2;0;0;7m[48;2;0;0;15m▀[0m[38;2;167;83;81m[48;2;114;95;102m▀[0m[38;2;255;255;255m[48;2;255;255;255m▀[0m[38;2;255;255;255m[48;2;255;255;255m▀[0m[38;2;255;255;249m[48;2;255;255;251m▀[0m[38;2;255;255;255m[48;2;255;255;255m▀[0m[38;2;255;244;225m[48;2;200;187;171m▀[0m[38;2;66;60;59m[48;2;117;113;102m▀[0m[38;2;255;255;255m[48;2;255;255;255m▀[0m[38;2;255;255;249m[48;2;255;255;243m▀[0m[38;2;255;255;243m[48;2;255;255;243m▀[0m[38;2;255;254;237m[48;2;255;255;237m▀[0m[38;2;255;254;237m[48;2;255;254;237m▀[0m[38;2;255;254;237m[48;2;255;255;237m▀[0m[38;2;255;254;237m[48;2;255;255;244m▀[0m[38;2;255;255;237m[48;2;255;255;241m▀[0m[38;2;255;255;238m[48;2;255;255;255m▀[0m[38;2;255;255;239m[48;2;255;255;255m▀[0m[38;2;255;255;246m[48;2;255;249;230m▀[0m[38;2;255;255;239m[48;2;255;255;248m▀[0m[38;2;255;255;240m[48;2;255;255;247m▀[0m[38;2;255;255;244m[48;2;255;255;247m▀[0m[38;2;255;254;241m[48;2;255;255;247m▀[0m[38;2;255;255;241m[48;2;255;255;249m▀[0m[38;2;255;255;239m[48;2;255;255;250m▀[0m[38;2;255;255;240m[48;2;255;255;249m▀[0m[38;2;255;255;239m[48;2;255;255;247m▀[0m[38;2;255;255;243m[48;2;255;255;249m▀[0m[38;2;255;255;244m[48;2;255;255;249m▀[0m[38;2;255;255;246m[48;2;255;255;250m▀[0m[38;2;255;255;255m[48;2;255;255;255m▀[0m[38;2;255;174;138m[48;2;255;172;127m▀[0m[38;2;255;174;136m[48;2;255;198;158m▀[0m[38;2;255;255;255m[48;2;255;255;255m▀[0m[38;2;255;255;243m[48;2;255;255;253m▀[0m[38;2;255;255;247m[48;2;255;255;254m▀[0m[38;2;255;255;255m[48;2;255;255;255m▀[0m[38;2;255;255;255m[48;2;255;255;255m▀[0m[38;2;255;16;0m[48;2;255;0;0m▀[0m[38;2;255;230;199m[48;2;255;255;255m▀[0m[38;2;255;255;255m[48;2;255;255;255m▀[0m[38;2;255;255;255m[48;2;255;255;255m▀[0m[38;2;255;255;255m[48;2;255;255;255m▀[0m[38;2;255;255;255m[48;2;255;255;255m▀[0m[38;2;59;55;55m[48;2;0;0;0m▀[0m[38;2;0;0;0m[48;2;0;0;0m▀[0m[38;2;0;0;0m[48;2;0;0;0m▀[0m[38;2;0;0;0m[48;2;6;0;0m▀[0m[38;2;252;230;217m[48;2;255;255;255m▀[0m[38;2;255;255;255m[48;2;255;255;255m▀[0m[38;2;255;255;252m[48;2;255;255;255m▀[0m[38;2;255;255;251m[48;2;255;255;255m▀[0m[38;2;255;255;255m[48;2;255;255;249m▀[0m[38;2;255;255;255m[48;2;206;191;169m▀[0m[38;2;255;255;255m[48;2;37;34;18m▀[0m[38;2;125;113;101m[48;2;113;124;132m▀[0m[38;2;214;219;222m[48;2;255;255;255m▀[0m[38;2;47;51;47m[48;2;211;211;216m▀[0m[38;2;38;46;47m[48;2;157;164;165m▀[0m[38;2;255;255;255m[48;2;191;191;193m▀[0m[38;2;255;255;255m[48;2;255;255;255m▀[0m[38;2;225;223;227m[48;2;255;255;255m▀[0m[38;2;38;38;36m[48;2;255;255;255m▀[0m[38;2;0;0;0m[48;2;30;30;35m▀[0m[38;2;0;0;0m[48;2;0;0;0m▀[0m[38;2;33;36;32m[48;2;124;124;120m▀[0m[38;2;0;0;0m[48;2;0;0;0m▀[0m[38;2;25;28;30m[48;2;0;0;0m▀[0m[38;2;255;255;255m[48;2;0;0;0m▀[0m[38;2;0;0;0m[48;2;0;0;0m▀[0m[38;2;0;0;0m[48;2;254;252;238m▀[0m[38;2;44;50;54m[48;2;206;197;184m▀[0m[38;2;255;255;255m[48;2;169;153;138m▀[0m[38;2;255;255;255m[48;2;255;255;255m▀[0m[38;2;57;60;54m[48;2;255;255;255m▀[0m
[38;2;0;0;0m[48;2;0;0;0m▀[0m[38;2;0;0;0m[48;2;0;0;0m▀[0m[38;2;47;55;81m[48;2;34;60;78m▀[0m[38;2;224;182;156m[48;2;64;0;0m▀[0m[38;2;255;255;255m[48;2;255;255;255m▀[0m[38;2;255;255;255m[48;2;255;255;255m▀[0m[38;2;255;255;255m[48;2;255;255;255m▀[0m[38;2;179;167;154m[48;2;165;158;144m▀[0m[38;2;154;143;130m[48;2;179;167;154m▀[0m[38;2;255;255;255m[48;2;255;255;255m▀[0m[38;2;255;255;239m[48;2;255;254;237m▀[0m[38;2;255;254;237m[48;2;255;254;237m▀[0m[38;2;255;255;238m[48;2;255;255;238m▀[0m[38;2;255;254;237m[48;2;255;255;240m▀[0m[38;2;255;255;244m[48;2;255;255;243m▀[0m[38;2;255;255;247m[48;2;255;255;255m▀[0m[38;2;255;255;255m[48;2;214;201;190m▀[0m[38;2;230;219;205m[48;2;63;63;56m▀[0m[38;2;100;93;90m[48;2;255;255;255m▀[0m[38;2;194;193;178m[48;2;255;255;255m▀[0m[38;2;255;255;255m[48;2;255;243;224m▀[0m[38;2;255;255;255m[48;2;195;179;166m▀[0m[38;2;255;255;255m[48;2;144;132;129m▀[0m[38;2;255;255;255m[48;2;105;97;97m▀[0m[38;2;255;255;255m[48;2;109;102;101m▀[0m[38;2;255;255;255m[48;2;91;88;88m▀[0m[38;2;255;255;255m[48;2;79;73;70m▀[0m[38;2;255;255;255m[48;2;77;68;64m▀[0m[38;2;255;255;255m[48;2;63;54;46m▀[0m[38;2;255;255;255m[48;2;87;75;69m▀[0m[38;2;255;255;255m[48;2;133;129;122m▀[0m[38;2;255;255;255m[48;2;128;147;142m▀[0m[38;2;255;141;57m[48;2;239;0;0m▀[0m[38;2;255;219;169m[48;2;255;83;0m▀[0m[38;2;255;255;255m[48;2;255;255;255m▀[0m[38;2;255;255;255m[48;2;247;255;237m▀[0m[38;2;255;255;255m[48;2;190;208;192m▀[0m[38;2;255;255;255m[48;2;194;131;98m▀[0m[38;2;255;58;3m[48;2;255;0;0m▀[0m[38;2;255;0;0m[48;2;255;0;0m▀[0m[38;2;255;44;0m[48;2;255;0;0m▀[0m[38;2;255;255;255m[48;2;214;118;102m▀[0m[38;2;255;255;255m[48;2;173;206;198m▀[0m[38;2;255;255;255m[48;2;0;0;1m▀[0m[38;2;0;0;0m[48;2;48;56;57m▀[0m[38;2;0;0;0m[48;2;255;255;255m▀[0m[38;2;27;27;31m[48;2;255;255;255m▀[0m[38;2;8;10;10m[48;2;255;255;255m▀[0m[38;2;0;0;0m[48;2;255;255;255m▀[0m[38;2;117;116;101m[48;2;168;166;170m▀[0m[38;2;76;65;52m[48;2;102;106;108m▀[0m[38;2;65;57;48m[48;2;89;96;103m▀[0m[38;2;66;66;59m[48;2;212;218;223m▀[0m[38;2;28;31;30m[48;2;255;255;255m▀[0m[38;2;31;35;39m[48;2;255;255;255m▀[0m[38;2;193;201;206m[48;2;255;255;255m▀[0m[38;2;255;255;255m[48;2;255;255;255m▀[0m[38;2;255;255;255m[48;2;255;255;255m▀[0m[38;2;255;255;255m[48;2;250;255;255m▀[0m[38;2;255;255;255m[48;2;247;247;247m▀[0m[38;2;255;255;255m[48;2;200;203;203m▀[0m[38;2;255;255;255m[48;2;172;174;174m▀[0m[38;2;255;255;255m[48;2;245;245;246m▀[0m[38;2;255;255;255m[48;2;255;255;255m▀[0m[38;2;255;255;255m[48;2;255;255;255m▀[0m[38;2;0;0;0m[48;2;255;255;255m▀[0m[38;2;0;0;0m[48;2;70;73;73m▀[0m[38;2;0;0;0m[48;2;0;0;0m▀[0m[38;2;0;0;0m[48;2;0;0;0m▀[0m[38;2;0;0;0m[48;2;0;0;0m▀[0m[38;2;255;255;255m[48;2;173;159;142m▀[0m[38;2;255;255;255m[48;2;255;255;249m▀[0m[38;2;255;255;255m[48;2;255;255;255m▀[0m[38;2;218;220;199m[48;2;255;255;255m▀[0m[38;2;140;157;141m[48;2;255;173;127m▀[0m[38;2;157;165;145m[48;2;255;0;0m▀[0m
[38;2;0;0;2m[48;2;255;52;0m▀[0m[38;2;0;0;0m[48;2;244;23;0m▀[0m[38;2;0;25;32m[48;2;0;0;0m▀[0m[38;2;128;0;4m[48;2;146;103;102m▀[0m[38;2;143;74;54m[48;2;109;0;0m▀[0m[38;2;255;255;255m[48;2;255;255;255m▀[0m[38;2;255;255;255m[48;2;255;255;255m▀[0m[38;2;226;212;197m[48;2;255;255;254m▀[0m[38;2;236;213;198m[48;2;255;255;247m▀[0m[38;2;255;255;255m[48;2;255;255;243m▀[0m[38;2;255;253;236m[48;2;255;254;237m▀[0m[38;2;255;254;237m[48;2;255;254;237m▀[0m[38;2;255;255;238m[48;2;255;255;238m▀[0m[38;2;255;255;239m[48;2;255;255;240m▀[0m[38;2;255;255;249m[48;2;255;255;255m▀[0m[38;2;255;255;255m[48;2;255;255;255m▀[0m[38;2;85;83;77m[48;2;0;0;0m▀[0m[38;2;214;198;179m[48;2;1;0;2m▀[0m[38;2;124;124;116m[48;2;103;93;87m▀[0m[38;2;18;17;18m[48;2;174;160;149m▀[0m[38;2;10;6;9m[48;2;209;198;185m▀[0m[38;2;34;35;32m[48;2;218;209;193m▀[0m[38;2;89;85;81m[48;2;243;233;212m▀[0m[38;2;165;153;142m[48;2;213;203;193m▀[0m[38;2;110;110;106m[48;2;0;0;0m▀[0m[38;2;0;0;0m[48;2;0;0;0m▀[0m[38;2;0;0;0m[48;2;0;0;0m▀[0m[38;2;0;0;0m[48;2;226;226;227m▀[0m[38;2;8;14;23m[48;2;255;255;255m▀[0m[38;2;104;110;123m[48;2;224;226;233m▀[0m[38;2;98;112;124m[48;2;232;239;245m▀[0m[38;2;79;109;117m[48;2;218;239;247m▀[0m[38;2;59;109;145m[48;2;130;201;221m▀[0m[38;2;255;22;0m[48;2;17;0;0m▀[0m[38;2;255;0;0m[48;2;255;0;0m▀[0m[38;2;0;0;0m[48;2;0;0;0m▀[0m[38;2;0;0;0m[48;2;113;156;167m▀[0m[38;2;20;63;74m[48;2;145;177;185m▀[0m[38;2;255;255;255m[48;2;136;181;185m▀[0m[38;2;77;104;109m[48;2;143;192;193m▀[0m[38;2;0;32;38m[48;2;81;114;113m▀[0m[38;2;87;140;149m[48;2;125;142;141m▀[0m[38;2;255;255;255m[48;2;147;157;156m▀[0m[38;2;255;255;255m[48;2;117;122;123m▀[0m[38;2;255;255;255m[48;2;255;255;255m▀[0m[38;2;255;255;255m[48;2;255;255;255m▀[0m[38;2;255;255;255m[48;2;255;255;255m▀[0m[38;2;255;255;255m[48;2;255;255;255m▀[0m[38;2;255;255;255m[48;2;255;255;255m▀[0m[38;2;255;255;255m[48;2;255;255;255m▀[0m[38;2;255;255;255m[48;2;255;255;255m▀[0m[38;2;255;255;255m[48;2;139;143;147m▀[0m[38;2;255;255;255m[48;2;36;42;47m▀[0m[38;2;133;133;136m[48;2;168;172;169m▀[0m[38;2;191;193;198m[48;2;2;2;0m▀[0m[38;2;255;255;255m[48;2;168;170;171m▀[0m[38;2;255;255;255m[48;2;255;255;255m▀[0m[38;2;255;255;255m[48;2;255;255;255m▀[0m[38;2;255;255;255m[48;2;255;255;255m▀[0m[38;2;245;248;248m[48;2;255;255;255m▀[0m[38;2;255;255;255m[48;2;154;158;154m▀[0m[38;2;255;255;255m[48;2;111;112;109m▀[0m[38;2;182;182;182m[48;2;97;97;97m▀[0m[38;2;255;255;255m[48;2;177;179;179m▀[0m[38;2;132;135;136m[48;2;0;0;0m▀[0m[38;2;115;117;122m[48;2;29;31;29m▀[0m[38;2;131;136;139m[48;2;142;146;150m▀[0m[38;2;124;126;126m[48;2;199;204;204m▀[0m[38;2;139;142;144m[48;2;189;197;195m▀[0m[38;2;101;109;110m[48;2;162;168;168m▀[0m[38;2;69;74;83m[48;2;147;150;151m▀[0m[38;2;85;92;93m[48;2;69;75;75m▀[0m[38;2;85;93;92m[48;2;0;0;0m▀[0m[38;2;154;194;194m[48;2;0;0;0m▀[0m[38;2;255;233;201m[48;2;0;0;0m▀[0m[38;2;255;29;0m[48;2;0;12;15m▀[0m
[38;2;255;42;0m[48;2;197;12;0m▀[0m[38;2;62;0;0m[48;2;0;0;0m▀[0m[38;2;0;0;0m[48;2;0;0;0m▀[0m[38;2;21;44;47m[48;2;0;0;0m▀[0m[38;2;43;57;47m[48;2;41;48;46m▀[0m[38;2;255;244;222m[48;2;119;109;95m▀[0m[38;2;255;255;255m[48;2;255;255;255m▀[0m[38;2;255;255;248m[48;2;255;255;252m▀[0m[38;2;255;255;243m[48;2;255;255;244m▀[0m[38;2;255;255;238m[48;2;255;255;238m▀[0m[38;2;255;254;239m[48;2;255;255;238m▀[0m[38;2;255;255;238m[48;2;255;255;238m▀[0m[38;2;255;255;238m[48;2;255;255;238m▀[0m[38;2;255;255;239m[48;2;255;255;237m▀[0m[38;2;255;255;252m[48;2;255;255;246m▀[0m[38;2;255;255;255m[48;2;255;255;255m▀[0m[38;2;0;0;0m[48;2;166;153;144m▀[0m[38;2;112;105;98m[48;2;0;0;0m▀[0m[38;2;245;234;217m[48;2;219;213;195m▀[0m[38;2;196;191;172m[48;2;183;180;164m▀[0m[38;2;185;181;165m[48;2;184;180;166m▀[0m[38;2;184;181;165m[48;2;194;178;167m▀[0m[38;2;243;230;213m[48;2;247;235;212m▀[0m[38;2;101;93;95m[48;2;104;102;95m▀[0m[38;2;0;0;0m[48;2;0;0;0m▀[0m[38;2;0;0;0m[48;2;0;0;0m▀[0m[38;2;0;0;0m[48;2;0;0;0m▀[0m[38;2;0;0;0m[48;2;0;0;0m▀[0m[38;2;0;0;0m[48;2;0;0;0m▀[0m[38;2;0;0;0m[48;2;0;0;0m▀[0m[38;2;0;0;0m[48;2;0;0;0m▀[0m[38;2;0;0;0m[48;2;0;0;0m▀[0m[38;2;0;0;0m[48;2;0;0;0m▀[0m[38;2;0;0;0m[48;2;0;0;0m▀[0m[38;2;255;49;0m[48;2;0;0;0m▀[0m[38;2;20;0;0m[48;2;0;0;0m▀[0m[38;2;0;0;0m[48;2;0;0;0m▀[0m[38;2;0;0;0m[48;2;0;0;0m▀[0m[38;2;0;0;0m[48;2;0;0;0m▀[0m[38;2;0;0;0m[48;2;0;0;0m▀[0m[38;2;0;0;0m[48;2;0;0;0m▀[0m[38;2;0;0;0m[48;2;0;0;0m▀[0m[38;2;0;0;0m[48;2;0;0;0m▀[0m[38;2;0;0;0m[48;2;0;0;0m▀[0m[38;2;255;255;255m[48;2;211;216;219m▀[0m[38;2;34;37;33m[48;2;64;68;69m▀[0m[38;2;103;106;102m[48;2;0;0;0m▀[0m[38;2;255;255;255m[48;2;255;255;255m▀[0m[38;2;255;255;255m[48;2;255;255;255m▀[0m[38;2;255;255;255m[48;2;255;255;255m▀[0m[38;2;255;255;255m[48;2;255;255;255m▀[0m[38;2;0;0;0m[48;2;10;10;12m▀[0m[38;2;0;0;0m[48;2;0;0;0m▀[0m[38;2;0;0;0m[48;2;0;0;0m▀[0m[38;2;0;0;0m[48;2;0;0;0m▀[0m[38;2;0;0;0m[48;2;0;0;0m▀[0m[38;2;255;255;255m[48;2;130;133;132m▀[0m[38;2;255;255;255m[48;2;255;255;255m▀[0m[38;2;255;255;255m[48;2;255;255;255m▀[0m[38;2;255;255;255m[48;2;230;231;227m▀[0m[38;2;0;0;0m[48;2;0;0;0m▀[0m[38;2;0;0;0m[48;2;0;0;0m▀[0m[38;2;0;0;0m[48;2;209;207;211m▀[0m[38;2;255;255;255m[48;2;255;255;255m▀[0m[38;2;0;0;0m[48;2;0;0;0m▀[0m[38;2;0;0;0m[48;2;0;0;0m▀[0m[38;2;0;0;0m[48;2;0;0;0m▀[0m[38;2;0;0;0m[48;2;0;0;0m▀[0m[38;2;0;0;0m[48;2;0;0;0m▀[0m[38;2;0;0;0m[48;2;0;0;0m▀[0m[38;2;0;0;0m[48;2;0;0;0m▀[0m[38;2;0;0;0m[48;2;0;0;0m▀[0m[38;2;0;0;0m[48;2;0;0;0m▀[0m[38;2;0;0;0m[48;2;0;0;0m▀[0m[38;2;0;0;0m[48;2;0;0;0m▀[0m[38;2;0;0;0m[48;2;0;0;0m▀[0m
[38;2;163;98;84m[48;2;193;194;178m▀[0m[38;2;77;0;0m[48;2;6;0;0m▀[0m[38;2;0;0;0m[48;2;0;0;0m▀[0m[38;2;0;0;0m[48;2;0;0;0m▀[0m[38;2;42;49;52m[48;2;36;49;52m▀[0m[38;2;0;0;0m[48;2;90;0;0m▀[0m[38;2;255;255;255m[48;2;177;179;163m▀[0m[38;2;255;255;255m[48;2;255;255;255m▀[0m[38;2;255;255;241m[48;2;255;255;247m▀[0m[38;2;255;255;238m[48;2;255;255;241m▀[0m[38;2;255;254;239m[48;2;255;255;240m▀[0m[38;2;255;255;238m[48;2;255;255;244m▀[0m[38;2;255;255;238m[48;2;255;255;237m▀[0m[38;2;255;255;238m[48;2;255;255;238m▀[0m[38;2;255;255;247m[48;2;255;255;241m▀[0m[38;2;255;255;255m[48;2;255;255;247m▀[0m[38;2;255;255;255m[48;2;255;255;255m▀[0m[38;2;36;39;42m[48;2;255;240;223m▀[0m[38;2;116;117;106m[48;2;0;0;0m▀[0m[38;2;203;196;180m[48;2;205;189;171m▀[0m[38;2;186;174;157m[48;2;198;181;165m▀[0m[38;2;199;183;164m[48;2;197;191;174m▀[0m[38;2;247;236;218m[48;2;240;234;218m▀[0m[38;2;111;104;103m[48;2;128;122;117m▀[0m[38;2;0;0;0m[48;2;0;0;0m▀[0m[38;2;0;0;0m[48;2;0;0;0m▀[0m[38;2;0;0;0m[48;2;0;0;0m▀[0m[38;2;0;0;0m[48;2;0;0;0m▀[0m[38;2;0;0;0m[48;2;0;0;0m▀[0m[38;2;0;0;0m[48;2;0;0;1m▀[0m[38;2;0;0;0m[48;2;0;0;1m▀[0m[38;2;0;0;0m[48;2;0;4;5m▀[0m[38;2;0;0;0m[48;2;3;5;6m▀[0m[38;2;0;0;0m[48;2;4;6;7m▀[0m[38;2;0;0;0m[48;2;5;7;7m▀[0m[38;2;0;0;0m[48;2;6;9;14m▀[0m[38;2;0;0;0m[48;2;6;8;8m▀[0m[38;2;0;0;0m[48;2;8;8;10m▀[0m[38;2;0;0;0m[48;2;5;8;8m▀[0m[38;2;0;0;0m[48;2;5;8;10m▀[0m[38;2;0;0;0m[48;2;6;6;8m▀[0m[38;2;0;0;0m[48;2;4;7;8m▀[0m[38;2;0;0;0m[48;2;2;0;3m▀[0m[38;2;0;0;0m[48;2;0;0;0m▀[0m[38;2;70;74;73m[48;2;0;0;0m▀[0m[38;2;189;195;194m[48;2;255;255;255m▀[0m[38;2;0;0;0m[48;2;0;0;0m▀[0m[38;2;255;255;255m[48;2;255;255;255m▀[0m[38;2;255;255;255m[48;2;103;110;106m▀[0m[38;2;255;255;255m[48;2;203;206;205m▀[0m[38;2;255;255;255m[48;2;255;255;255m▀[0m[38;2;3;3;3m[48;2;0;0;0m▀[0m[38;2;0;0;0m[48;2;0;0;0m▀[0m[38;2;0;0;0m[48;2;0;0;0m▀[0m[38;2;0;0;0m[48;2;0;0;0m▀[0m[38;2;0;0;0m[48;2;0;0;0m▀[0m[38;2;2;2;0m[48;2;0;0;0m▀[0m[38;2;255;255;255m[48;2;255;255;255m▀[0m[38;2;255;255;255m[48;2;255;255;255m▀[0m[38;2;119;120;117m[48;2;0;0;0m▀[0m[38;2;0;0;0m[48;2;0;0;0m▀[0m[38;2;0;0;0m[48;2;0;0;0m▀[0m[38;2;42;42;38m[48;2;0;0;0m▀[0m[38;2;61;60;60m[48;2;0;0;0m▀[0m[38;2;0;0;0m[48;2;0;0;0m▀[0m[38;2;0;0;0m[48;2;0;0;0m▀[0m[38;2;0;0;0m[48;2;0;0;0m▀[0m[38;2;0;0;0m[48;2;0;0;0m▀[0m[38;2;0;0;0m[48;2;0;0;0m▀[0m[38;2;0;0;0m[48;2;0;0;0m▀[0m[38;2;0;0;0m[48;2;0;0;0m▀[0m[38;2;0;0;0m[48;2;0;0;0m▀[0m[38;2;0;0;0m[48;2;0;0;0m▀[0m[38;2;0;0;0m[48;2;0;0;0m▀[0m[38;2;0;0;0m[48;2;0;0;0m▀[0m[38;2;0;0;0m[48;2;0;0;0m▀[0m
[38;2;233;238;230m[48;2;245;244;226m▀[0m[38;2;0;0;6m[48;2;51;54;58m▀[0m[38;2;0;0;0m[48;2;0;0;0m▀[0m[38;2;0;0;0m[48;2;0;0;0m▀[0m[38;2;0;6;11m[48;2;0;0;0m▀[0m[38;2;252;49;17m[48;2;213;52;14m▀[0m[38;2;208;149;119m[48;2;255;140;87m▀[0m[38;2;255;255;255m[48;2;255;255;255m▀[0m[38;2;255;255;253m[48;2;255;255;255m▀[0m[38;2;255;255;251m[48;2;255;248;232m▀[0m[38;2;255;255;247m[48;2;164;165;158m▀[0m[38;2;255;255;240m[48;2;213;201;189m▀[0m[38;2;255;255;241m[48;2;255;255;253m▀[0m[38;2;255;255;237m[48;2;255;253;236m▀[0m[38;2;255;254;239m[48;2;255;254;237m▀[0m[38;2;255;255;241m[48;2;255;254;237m▀[0m[38;2;255;255;249m[48;2;255;255;247m▀[0m[38;2;255;255;255m[48;2;255;255;255m▀[0m[38;2;106;97;92m[48;2;255;255;254m▀[0m[38;2;86;81;70m[48;2;4;7;8m▀[0m[38;2;225;217;193m[48;2;193;181;165m▀[0m[38;2;191;191;180m[48;2;200;192;182m▀[0m[38;2;211;204;195m[48;2;201;196;184m▀[0m[38;2;222;213;199m[48;2;237;218;207m▀[0m[38;2;23;22;22m[48;2;255;255;255m▀[0m[38;2;0;0;0m[48;2;33;33;30m▀[0m[38;2;122;124;124m[48;2;0;0;0m▀[0m[38;2;157;156;157m[48;2;0;0;0m▀[0m[38;2;153;153;151m[48;2;0;0;0m▀[0m[38;2;140;140;138m[48;2;0;0;0m▀[0m[38;2;128;131;130m[48;2;0;0;0m▀[0m[38;2;137;137;138m[48;2;0;0;0m▀[0m[38;2;144;144;142m[48;2;0;0;0m▀[0m[38;2;150;150;147m[48;2;0;0;0m▀[0m[38;2;155;155;155m[48;2;0;0;0m▀[0m[38;2;147;151;147m[48;2;0;0;0m▀[0m[38;2;139;142;139m[48;2;0;0;0m▀[0m[38;2;144;144;144m[48;2;0;0;0m▀[0m[38;2;141;144;144m[48;2;0;0;0m▀[0m[38;2;147;151;151m[48;2;0;0;0m▀[0m[38;2;139;142;142m[48;2;0;0;0m▀[0m[38;2;135;138;138m[48;2;0;0;0m▀[0m[38;2;138;141;140m[48;2;0;0;0m▀[0m[38;2;132;136;136m[48;2;0;0;0m▀[0m[38;2;44;46;46m[48;2;0;0;0m▀[0m[38;2;255;255;255m[48;2;146;145;146m▀[0m[38;2;255;255;255m[48;2;255;255;255m▀[0m[38;2;232;238;238m[48;2;211;211;211m▀[0m[38;2;0;0;0m[48;2;0;0;0m▀[0m[38;2;82;81;81m[48;2;227;227;227m▀[0m[38;2;255;255;255m[48;2;255;255;255m▀[0m[38;2;14;14;14m[48;2;0;0;0m▀[0m[38;2;144;144;144m[48;2;0;0;0m▀[0m[38;2;162;165;165m[48;2;0;0;0m▀[0m[38;2;158;162;162m[48;2;0;0;0m▀[0m[38;2;135;135;135m[48;2;0;0;0m▀[0m[38;2;0;0;0m[48;2;0;0;0m▀[0m[38;2;255;255;255m[48;2;255;255;255m▀[0m[38;2;255;255;255m[48;2;158;158;159m▀[0m[38;2;79;81;77m[48;2;0;0;0m▀[0m[38;2;152;158;155m[48;2;0;0;0m▀[0m[38;2;151;154;151m[48;2;0;0;0m▀[0m[38;2;169;171;169m[48;2;0;0;0m▀[0m[38;2;173;173;173m[48;2;0;0;0m▀[0m[38;2;165;165;165m[48;2;0;0;0m▀[0m[38;2;163;166;166m[48;2;0;0;0m▀[0m[38;2;164;166;166m[48;2;0;0;0m▀[0m[38;2;163;166;166m[48;2;0;0;0m▀[0m[38;2;157;159;159m[48;2;0;0;0m▀[0m[38;2;155;158;158m[48;2;0;0;0m▀[0m[38;2;157;160;160m[48;2;0;0;0m▀[0m[38;2;159;163;163m[48;2;0;0;0m▀[0m[38;2;156;156;154m[48;2;0;0;0m▀[0m[38;2;140;143;144m[48;2;0;0;0m▀[0m[38;2;145;147;153m[48;2;0;0;0m▀[0m[38;2;29;29;31m[48;2;0;0;0m▀[0m
[38;2;233;233;216m[48;2;210;212;200m▀[0m[38;2;115;114;115m[48;2;178;179;170m▀[0m[38;2;0;0;0m[48;2;0;0;0m▀[0m[38;2;0;0;0m[48;2;0;0;0m▀[0m[38;2;0;0;0m[48;2;0;0;0m▀[0m[38;2;103;32;15m[48;2;17;19;21m▀[0m[38;2;255;113;56m[48;2;255;66;25m▀[0m[38;2;255;255;255m[48;2;255;255;255m▀[0m[38;2;255;255;255m[48;2;255;255;255m▀[0m[38;2;255;255;238m[48;2;255;255;253m▀[0m[38;2;103;106;103m[48;2;255;255;246m▀[0m[38;2;207;195;183m[48;2;255;255;247m▀[0m[38;2;255;255;255m[48;2;255;255;240m▀[0m[38;2;255;252;237m[48;2;255;254;237m▀[0m[38;2;255;254;237m[48;2;255;254;237m▀[0m[38;2;255;254;237m[48;2;255;254;239m▀[0m[38;2;255;255;238m[48;2;255;254;236m▀[0m[38;2;255;255;244m[48;2;255;255;245m▀[0m[38;2;255;255;255m[48;2;255;255;255m▀[0m[38;2;128;118;115m[48;2;255;255;252m▀[0m[38;2;60;63;59m[48;2;0;2;2m▀[0m[38;2;227;214;194m[48;2;198;186;174m▀[0m[38;2;208;192;181m[48;2;207;195;183m▀[0m[38;2;212;201;189m[48;2;208;196;185m▀[0m[38;2;255;243;224m[48;2;249;236;220m▀[0m[38;2;83;81;74m[48;2;89;88;85m▀[0m[38;2;37;43;48m[48;2;35;42;43m▀[0m[38;2;0;0;0m[48;2;0;0;0m▀[0m[38;2;0;0;0m[48;2;0;0;0m▀[0m[38;2;0;0;0m[48;2;0;0;0m▀[0m[38;2;24;27;28m[48;2;95;95;102m▀[0m[38;2;3;3;5m[48;2;8;14;19m▀[0m[38;2;0;0;0m[48;2;22;21;21m▀[0m[38;2;0;0;0m[48;2;136;128;118m▀[0m[38;2;0;0;0m[48;2;111;106;97m▀[0m[38;2;0;0;0m[48;2;105;105;98m▀[0m[38;2;0;0;0m[48;2;105;103;96m▀[0m[38;2;0;0;0m[48;2;105;103;97m▀[0m[38;2;0;0;0m[48;2;105;103;97m▀[0m[38;2;0;0;0m[48;2;105;103;97m▀[0m[38;2;0;0;0m[48;2;106;102;98m▀[0m[38;2;0;0;0m[48;2;106;103;103m▀[0m[38;2;0;0;0m[48;2;103;104;97m▀[0m[38;2;0;0;0m[48;2;104;103;103m▀[0m[38;2;0;0;0m[48;2;61;60;55m▀[0m[38;2;82;84;88m[48;2;99;101;103m▀[0m[38;2;255;255;255m[48;2;255;255;255m▀[0m[38;2;223;223;223m[48;2;225;228;227m▀[0m[38;2;0;0;0m[48;2;111;111;109m▀[0m[38;2;255;255;255m[48;2;255;255;255m▀[0m[38;2;97;100;97m[48;2;59;57;51m▀[0m[38;2;0;0;0m[48;2;43;46;43m▀[0m[38;2;0;0;0m[48;2;108;106;104m▀[0m[38;2;0;0;0m[48;2;69;66;52m▀[0m[38;2;0;0;0m[48;2;88;86;76m▀[0m[38;2;0;0;0m[48;2;49;49;44m▀[0m[38;2;0;0;0m[48;2;58;62;62m▀[0m[38;2;255;255;255m[48;2;255;255;255m▀[0m[38;2;0;0;0m[48;2;29;33;33m▀[0m[38;2;0;0;0m[48;2;39;38;35m▀[0m[38;2;0;0;0m[48;2;74;78;75m▀[0m[38;2;0;0;0m[48;2;72;74;74m▀[0m[38;2;0;0;0m[48;2;74;69;73m▀[0m[38;2;0;0;0m[48;2;68;72;65m▀[0m[38;2;0;0;0m[48;2;68;69;65m▀[0m[38;2;0;0;0m[48;2;90;87;89m▀[0m[38;2;0;0;0m[48;2;47;45;48m▀[0m[38;2;0;0;0m[48;2;0;0;0m▀[0m[38;2;0;0;0m[48;2;0;0;0m▀[0m[38;2;0;0;0m[48;2;0;0;0m▀[0m[38;2;0;0;0m[48;2;101;104;103m▀[0m[38;2;0;0;0m[48;2;0;0;0m▀[0m[38;2;0;0;0m[48;2;101;101;96m▀[0m[38;2;0;0;0m[48;2;0;0;0m▀[0m[38;2;0;0;0m[48;2;0;0;0m▀[0m[38;2;0;0;0m[48;2;0;0;0m▀[0m
[38;2;192;184;176m[48;2;194;176;156m▀[0m[38;2;227;219;203m[48;2;241;228;203m▀[0m[38;2;0;0;0m[48;2;77;76;76m▀[0m[38;2;0;0;0m[48;2;0;0;0m▀[0m[38;2;0;0;0m[48;2;0;0;0m▀[0m[38;2;0;0;4m[48;2;0;0;0m▀[0m[38;2;255;48;19m[48;2;218;45;21m▀[0m[38;2;255;255;255m[48;2;255;250;218m▀[0m[38;2;255;255;255m[48;2;255;255;255m▀[0m[38;2;255;255;250m[48;2;255;255;251m▀[0m[38;2;255;255;243m[48;2;255;255;255m▀[0m[38;2;255;255;243m[48;2;255;255;252m▀[0m[38;2;255;255;239m[48;2;255;255;244m▀[0m[38;2;255;254;237m[48;2;255;254;237m▀[0m[38;2;255;254;237m[48;2;255;254;237m▀[0m[38;2;255;254;237m[48;2;255;254;237m▀[0m[38;2;255;254;237m[48;2;255;254;237m▀[0m[38;2;255;255;238m[48;2;255;254;237m▀[0m[38;2;255;255;248m[48;2;255;255;243m▀[0m[38;2;255;255;255m[48;2;255;255;255m▀[0m[38;2;83;75;70m[48;2;209;189;179m▀[0m[38;2;112;111;103m[48;2;41;48;47m▀[0m[38;2;222;210;201m[48;2;230;218;205m▀[0m[38;2;204;195;182m[48;2;206;195;183m▀[0m[38;2;247;233;218m[48;2;246;234;220m▀[0m[38;2;95;93;91m[48;2;99;100;89m▀[0m[38;2;33;37;41m[48;2;41;46;51m▀[0m[38;2;0;0;0m[48;2;0;0;0m▀[0m[38;2;0;0;0m[48;2;0;0;0m▀[0m[38;2;0;0;0m[48;2;0;0;0m▀[0m[38;2;83;89;97m[48;2;85;88;98m▀[0m[38;2;0;0;0m[48;2;0;0;0m▀[0m[38;2;81;78;72m[48;2;39;37;30m▀[0m[38;2;255;255;255m[48;2;255;255;238m▀[0m[38;2;255;255;236m[48;2;212;206;190m▀[0m[38;2;255;255;238m[48;2;208;197;189m▀[0m[38;2;255;251;238m[48;2;203;195;183m▀[0m[38;2;255;253;239m[48;2;205;196;184m▀[0m[38;2;255;255;241m[48;2;206;200;185m▀[0m[38;2;255;255;241m[48;2;204;203;186m▀[0m[38;2;255;255;244m[48;2;207;203;184m▀[0m[38;2;255;255;244m[48;2;206;201;185m▀[0m[38;2;255;255;240m[48;2;216;196;186m▀[0m[38;2;255;255;232m[48;2;212;199;181m▀[0m[38;2;255;247;224m[48;2;212;206;191m▀[0m[38;2;126;126;118m[48;2;93;87;82m▀[0m[38;2;255;255;255m[48;2;255;255;255m▀[0m[38;2;255;255;255m[48;2;255;255;255m▀[0m[38;2;247;247;245m[48;2;255;255;255m▀[0m[38;2;253;252;253m[48;2;203;205;203m▀[0m[38;2;185;185;180m[48;2;228;228;231m▀[0m[38;2;196;194;192m[48;2;183;183;181m▀[0m[38;2;233;233;227m[48;2;145;138;129m▀[0m[38;2;254;238;219m[48;2;224;213;196m▀[0m[38;2;255;255;254m[48;2;212;201;193m▀[0m[38;2;255;255;245m[48;2;221;208;199m▀[0m[38;2;185;185;180m[48;2;159;158;152m▀[0m[38;2;255;255;255m[48;2;207;216;220m▀[0m[38;2;104;102;92m[48;2;139;133;119m▀[0m[38;2;255;255;255m[48;2;246;232;216m▀[0m[38;2;255;255;249m[48;2;218;209;191m▀[0m[38;2;255;255;253m[48;2;220;211;193m▀[0m[38;2;255;255;253m[48;2;222;213;193m▀[0m[38;2;255;255;254m[48;2;226;214;196m▀[0m[38;2;255;255;255m[48;2;224;218;203m▀[0m[38;2;255;255;255m[48;2;255;255;252m▀[0m[38;2;194;185;176m[48;2;147;143;137m▀[0m[38;2;0;0;0m[48;2;0;0;0m▀[0m[38;2;0;0;0m[48;2;0;0;0m▀[0m[38;2;10;10;10m[48;2;0;0;0m▀[0m[38;2;247;247;247m[48;2;201;199;196m▀[0m[38;2;0;0;0m[48;2;0;0;0m▀[0m[38;2;238;236;228m[48;2;219;214;210m▀[0m[38;2;0;0;0m[48;2;0;0;0m▀[0m[38;2;0;0;0m[48;2;0;0;0m▀[0m[38;2;0;0;0m[48;2;0;0;0m▀[0m
[38;2;182;176;156m[48;2;171;177;167m▀[0m[38;2;218;217;200m[48;2;198;194;184m▀[0m[38;2;164;162;152m[48;2;226;220;212m▀[0m[38;2;0;0;0m[48;2;0;0;0m▀[0m[38;2;0;0;0m[48;2;0;0;0m▀[0m[38;2;0;0;0m[48;2;0;0;0m▀[0m[38;2;78;27;27m[48;2;0;21;29m▀[0m[38;2;255;187;165m[48;2;162;116;104m▀[0m[38;2;255;255;255m[48;2;255;255;255m▀[0m[38;2;255;255;255m[48;2;255;255;255m▀[0m[38;2;236;224;206m[48;2;0;0;0m▀[0m[38;2;255;255;238m[48;2;123;112;99m▀[0m[38;2;255;255;255m[48;2;255;255;255m▀[0m[38;2;255;255;240m[48;2;255;255;241m▀[0m[38;2;255;254;237m[48;2;255;254;241m▀[0m[38;2;255;254;239m[48;2;255;255;238m▀[0m[38;2;255;255;238m[48;2;255;255;243m▀[0m[38;2;255;255;238m[48;2;255;252;236m▀[0m[38;2;255;255;243m[48;2;255;255;246m▀[0m[38;2;255;255;255m[48;2;255;255;255m▀[0m[38;2;255;255;253m[48;2;255;255;255m▀[0m[38;2;21;23;21m[48;2;47;46;44m▀[0m[38;2;210;198;187m[48;2;167;162;150m▀[0m[38;2;210;199;187m[48;2;222;210;197m▀[0m[38;2;250;237;225m[48;2;255;239;227m▀[0m[38;2;102;101;99m[48;2;101;100;98m▀[0m[38;2;39;45;50m[48;2;34;38;39m▀[0m[38;2;0;0;0m[48;2;0;0;0m▀[0m[38;2;0;0;0m[48;2;0;0;0m▀[0m[38;2;0;0;0m[48;2;0;0;0m▀[0m[38;2;89;89;101m[48;2;82;88;93m▀[0m[38;2;0;0;0m[48;2;0;0;0m▀[0m[38;2;28;25;20m[48;2;22;20;14m▀[0m[38;2;255;255;240m[48;2;255;255;236m▀[0m[38;2;214;201;193m[48;2;209;201;192m▀[0m[38;2;204;192;180m[48;2;199;191;179m▀[0m[38;2;197;189;176m[48;2;198;192;178m▀[0m[38;2;196;194;180m[48;2;199;191;179m▀[0m[38;2;197;195;181m[48;2;201;191;178m▀[0m[38;2;199;195;177m[48;2;203;190;174m▀[0m[38;2;204;191;174m[48;2;201;190;176m▀[0m[38;2;201;191;178m[48;2;200;190;177m▀[0m[38;2;203;194;180m[48;2;199;193;179m▀[0m[38;2;201;197;178m[48;2;199;194;179m▀[0m[38;2;218;207;191m[48;2;219;209;186m▀[0m[38;2;100;92;88m[48;2;106;102;91m▀[0m[38;2;255;255;255m[48;2;241;244;250m▀[0m[38;2;255;255;255m[48;2;255;255;255m▀[0m[38;2;255;255;255m[48;2;255;255;255m▀[0m[38;2;165;171;172m[48;2;211;216;220m▀[0m[38;2;255;255;255m[48;2;255;255;255m▀[0m[38;2;199;199;200m[48;2;113;111;108m▀[0m[38;2;146;140;124m[48;2;197;183;166m▀[0m[38;2;225;217;200m[48;2;210;201;189m▀[0m[38;2;207;200;186m[48;2;209;203;187m▀[0m[38;2;212;200;189m[48;2;199;189;177m▀[0m[38;2;147;146;141m[48;2;164;165;162m▀[0m[38;2;211;220;223m[48;2;255;255;255m▀[0m[38;2;144;140;128m[48;2;133;131;120m▀[0m[38;2;231;222;212m[48;2;238;225;207m▀[0m[38;2;211;203;186m[48;2;213;199;183m▀[0m[38;2;219;204;182m[48;2;211;200;186m▀[0m[38;2;216;204;185m[48;2;210;201;189m▀[0m[38;2;214;206;190m[48;2;211;203;190m▀[0m[38;2;221;212;198m[48;2;221;212;198m▀[0m[38;2;255;255;255m[48;2;255;255;255m▀[0m[38;2;147;140;136m[48;2;144;140;136m▀[0m[38;2;0;0;0m[48;2;0;0;0m▀[0m[38;2;0;0;0m[48;2;0;0;0m▀[0m[38;2;0;0;0m[48;2;0;0;0m▀[0m[38;2;205;205;199m[48;2;204;201;194m▀[0m[38;2;0;0;0m[48;2;0;0;0m▀[0m[38;2;217;212;208m[48;2;217;209;205m▀[0m[38;2;0;0;0m[48;2;0;0;0m▀[0m[38;2;0;0;0m[48;2;0;0;0m▀[0m[38;2;0;0;0m[48;2;0;0;0m▀[0m
[38;2;178;172;157m[48;2;178;171;156m▀[0m[38;2;189;177;166m[48;2;189;178;160m▀[0m[38;2;244;236;224m[48;2;225;219;195m▀[0m[38;2;81;81;78m[48;2;186;184;174m▀[0m[38;2;0;0;0m[48;2;0;0;0m▀[0m[38;2;0;0;0m[48;2;0;0;0m▀[0m[38;2;0;0;2m[48;2;0;0;0m▀[0m[38;2;47;37;38m[48;2;52;35;36m▀[0m[38;2;255;255;239m[48;2;150;108;96m▀[0m[38;2;255;255;255m[48;2;255;255;255m▀[0m[38;2;136;131;124m[48;2;255;255;255m▀[0m[38;2;17;16;12m[48;2;38;37;32m▀[0m[38;2;255;255;255m[48;2;255;255;237m▀[0m[38;2;255;255;243m[48;2;255;255;255m▀[0m[38;2;255;255;243m[48;2;255;255;246m▀[0m[38;2;255;255;241m[48;2;255;255;250m▀[0m[38;2;255;255;249m[48;2;255;250;235m▀[0m[38;2;255;255;255m[48;2;82;85;82m▀[0m[38;2;255;255;253m[48;2;255;255;244m▀[0m[38;2;255;255;251m[48;2;255;255;255m▀[0m[38;2;255;255;255m[48;2;255;255;255m▀[0m[38;2;97;90;86m[48;2;130;120;114m▀[0m[38;2;124;122;115m[48;2;97;96;90m▀[0m[38;2;232;221;207m[48;2;240;228;214m▀[0m[38;2;255;239;224m[48;2;253;241;225m▀[0m[38;2;108;109;102m[48;2;114;112;106m▀[0m[38;2;35;39;43m[48;2;31;36;42m▀[0m[38;2;0;0;0m[48;2;0;0;0m▀[0m[38;2;0;0;0m[48;2;0;0;0m▀[0m[38;2;0;0;0m[48;2;0;0;0m▀[0m[38;2;84;84;91m[48;2;81;81;88m▀[0m[38;2;0;0;0m[48;2;0;0;0m▀[0m[38;2;17;15;9m[48;2;9;9;6m▀[0m[38;2;255;255;241m[48;2;255;255;240m▀[0m[38;2;212;201;190m[48;2;213;206;194m▀[0m[38;2;201;194;184m[48;2;206;194;181m▀[0m[38;2;198;193;178m[48;2;199;191;174m▀[0m[38;2;199;191;177m[48;2;201;191;174m▀[0m[38;2;201;191;177m[48;2;201;190;177m▀[0m[38;2;201;190;176m[48;2;198;192;177m▀[0m[38;2;199;191;177m[48;2;200;192;180m▀[0m[38;2;199;193;178m[48;2;201;193;180m▀[0m[38;2;200;194;180m[48;2;201;193;180m▀[0m[38;2;203;191;179m[48;2;204;192;180m▀[0m[38;2;221;208;190m[48;2;221;208;195m▀[0m[38;2;122;115;101m[48;2;139;130;114m▀[0m[38;2;214;218;218m[48;2;183;183;187m▀[0m[38;2;255;255;255m[48;2;255;255;255m▀[0m[38;2;255;255;255m[48;2;255;255;255m▀[0m[38;2;240;244;248m[48;2;255;255;255m▀[0m[38;2;255;255;255m[48;2;185;190;194m▀[0m[38;2;86;84;73m[48;2;120;113;104m▀[0m[38;2;222;211;195m[48;2;227;214;203m▀[0m[38;2;205;193;182m[48;2;203;194;184m▀[0m[38;2;204;196;184m[48;2;204;195;187m▀[0m[38;2;211;203;189m[48;2;219;211;199m▀[0m[38;2;131;131;128m[48;2;177;170;154m▀[0m[38;2;139;146;156m[48;2;90;86;76m▀[0m[38;2;139;135;118m[48;2;212;204;183m▀[0m[38;2;244;228;207m[48;2;219;210;194m▀[0m[38;2;209;200;186m[48;2;212;201;190m▀[0m[38;2;212;201;189m[48;2;211;203;190m▀[0m[38;2;212;201;189m[48;2;213;205;192m▀[0m[38;2;216;207;195m[48;2;213;205;193m▀[0m[38;2;222;213;201m[48;2;222;213;197m▀[0m[38;2;255;255;255m[48;2;255;255;255m▀[0m[38;2;141;140;132m[48;2;146;142;136m▀[0m[38;2;0;0;0m[48;2;0;0;0m▀[0m[38;2;0;0;0m[48;2;0;0;0m▀[0m[38;2;0;0;0m[48;2;0;0;0m▀[0m[38;2;205;204;198m[48;2;209;207;204m▀[0m[38;2;0;0;0m[48;2;0;0;0m▀[0m[38;2;206;198;194m[48;2;206;201;191m▀[0m[38;2;0;0;0m[48;2;0;0;0m▀[0m[38;2;0;0;0m[48;2;0;0;0m▀[0m[38;2;0;0;0m[48;2;0;0;0m▀[0m
[38;2;178;172;156m[48;2;179;172;157m▀[0m[38;2;186;174;158m[48;2;178;173;164m▀[0m[38;2;197;192;176m[48;2;184;182;176m▀[0m[38;2;247;239;230m[48;2;239;234;219m▀[0m[38;2;10;14;18m[48;2;129;127;124m▀[0m[38;2;0;0;0m[48;2;0;0;0m▀[0m[38;2;0;0;0m[48;2;0;0;0m▀[0m[38;2;42;45;44m[48;2;0;0;4m▀[0m[38;2;66;0;0m[48;2;241;60;33m▀[0m[38;2;255;255;250m[48;2;116;69;42m▀[0m[38;2;255;255;255m[48;2;255;255;255m▀[0m[38;2;200;184;178m[48;2;255;255;255m▀[0m[38;2;99;91;82m[48;2;114;110;100m▀[0m[38;2;255;255;255m[48;2;216;199;187m▀[0m[38;2;255;255;244m[48;2;255;255;255m▀[0m[38;2;255;255;255m[48;2;255;255;253m▀[0m[38;2;255;255;241m[48;2;255;255;255m▀[0m[38;2;77;81;77m[48;2;255;255;255m▀[0m[38;2;255;255;255m[48;2;170;162;152m▀[0m[38;2;246;225;207m[48;2;197;186;177m▀[0m[38;2;255;255;255m[48;2;144;125;112m▀[0m[38;2;185;171;156m[48;2;129;115;102m▀[0m[38;2;73;75;73m[48;2;83;84;81m▀[0m[38;2;248;236;222m[48;2;253;241;228m▀[0m[38;2;253;241;231m[48;2;254;243;232m▀[0m[38;2;116;117;113m[48;2;120;120;115m▀[0m[38;2;28;33;38m[48;2;35;37;42m▀[0m[38;2;0;0;0m[48;2;0;0;0m▀[0m[38;2;0;0;0m[48;2;0;0;0m▀[0m[38;2;0;0;0m[48;2;0;0;0m▀[0m[38;2;77;77;85m[48;2;74;77;87m▀[0m[38;2;0;0;0m[48;2;0;0;0m▀[0m[38;2;6;6;3m[48;2;3;3;3m▀[0m[38;2;255;255;239m[48;2;255;255;239m▀[0m[38;2;217;206;193m[48;2;219;206;190m▀[0m[38;2;204;195;177m[48;2;206;192;180m▀[0m[38;2;200;190;176m[48;2;199;191;178m▀[0m[38;2;201;191;177m[48;2;199;191;177m▀[0m[38;2;201;191;177m[48;2;199;191;178m▀[0m[38;2;200;192;179m[48;2;199;193;179m▀[0m[38;2;201;193;180m[48;2;199;193;179m▀[0m[38;2;201;193;180m[48;2;200;194;179m▀[0m[38;2;204;193;180m[48;2;206;194;178m▀[0m[38;2;207;198;179m[48;2;203;194;181m▀[0m[38;2;213;207;193m[48;2;211;205;190m▀[0m[38;2;162;150;133m[48;2;183;169;154m▀[0m[38;2;152;155;154m[48;2;122;122;119m▀[0m[38;2;255;255;255m[48;2;255;255;255m▀[0m[38;2;255;255;255m[48;2;255;255;255m▀[0m[38;2;255;255;255m[48;2;255;255;255m▀[0m[38;2;120;123;124m[48;2;95;92;89m▀[0m[38;2;178;167;151m[48;2;222;213;199m▀[0m[38;2;213;207;192m[48;2;203;199;184m▀[0m[38;2;205;198;184m[48;2;205;200;186m▀[0m[38;2;205;199;185m[48;2;209;200;186m▀[0m[38;2;209;204;187m[48;2;213;200;185m▀[0m[38;2;227;216;198m[48;2;209;198;184m▀[0m[38;2;238;224;205m[48;2;209;197;183m▀[0m[38;2;219;210;192m[48;2;210;201;189m▀[0m[38;2;210;206;192m[48;2;211;203;190m▀[0m[38;2;211;203;191m[48;2;212;204;192m▀[0m[38;2;212;204;192m[48;2;212;204;194m▀[0m[38;2;213;205;193m[48;2;213;205;193m▀[0m[38;2;218;205;193m[48;2;213;205;192m▀[0m[38;2;223;211;198m[48;2;222;211;198m▀[0m[38;2;255;255;255m[48;2;255;255;255m▀[0m[38;2;146;139;136m[48;2;146;144;138m▀[0m[38;2;0;0;0m[48;2;0;0;0m▀[0m[38;2;0;0;0m[48;2;0;0;0m▀[0m[38;2;0;0;0m[48;2;0;0;0m▀[0m[38;2;212;211;204m[48;2;220;216;208m▀[0m[38;2;0;0;0m[48;2;0;0;0m▀[0m[38;2;201;194;184m[48;2;196;192;187m▀[0m[38;2;0;0;0m[48;2;0;0;0m▀[0m[38;2;0;0;0m[48;2;0;0;0m▀[0m[38;2;0;0;0m[48;2;0;0;0m▀[0m
[38;2;180;171;162m[48;2;178;176;164m▀[0m[38;2;180;176;168m[48;2;179;177;163m▀[0m[38;2;184;184;172m[48;2;195;177;164m▀[0m[38;2;211;206;191m[48;2;203;185;169m▀[0m[38;2;233;222;204m[48;2;255;245;225m▀[0m[38;2;0;0;0m[48;2;100;96;91m▀[0m[38;2;0;0;0m[48;2;0;0;0m▀[0m[38;2;0;0;0m[48;2;0;0;0m▀[0m[38;2;220;172;150m[48;2;29;12;16m▀[0m[38;2;205;174;152m[48;2;255;255;251m▀[0m[38;2;204;203;186m[48;2;145;170;158m▀[0m[38;2;255;255;255m[48;2;255;254;233m▀[0m[38;2;255;255;255m[48;2;255;255;255m▀[0m[38;2;54;52;52m[48;2;255;251;235m▀[0m[38;2;255;255;248m[48;2;0;0;0m▀[0m[38;2;255;255;255m[48;2;225;226;210m▀[0m[38;2;255;255;255m[48;2;132;124;111m▀[0m[38;2;250;233;218m[48;2;255;252;241m▀[0m[38;2;206;184;177m[48;2;255;255;239m▀[0m[38;2;255;255;255m[48;2;255;255;255m▀[0m[38;2;255;255;255m[48;2;169;157;145m▀[0m[38;2;0;0;0m[48;2;0;0;0m▀[0m[38;2;116;110;113m[48;2;124;119;112m▀[0m[38;2;255;246;228m[48;2;255;250;233m▀[0m[38;2;255;247;227m[48;2;255;246;228m▀[0m[38;2;124;124;117m[48;2;129;129;126m▀[0m[38;2;34;38;43m[48;2;34;42;42m▀[0m[38;2;0;0;0m[48;2;0;0;0m▀[0m[38;2;0;0;0m[48;2;0;0;0m▀[0m[38;2;0;0;0m[48;2;0;0;0m▀[0m[38;2;74;77;87m[48;2;74;74;82m▀[0m[38;2;0;0;0m[48;2;0;0;0m▀[0m[38;2;0;0;0m[48;2;0;0;0m▀[0m[38;2;255;255;236m[48;2;255;255;241m▀[0m[38;2;222;206;193m[48;2;216;210;189m▀[0m[38;2;208;194;181m[48;2;206;195;179m▀[0m[38;2;199;193;178m[48;2;200;194;180m▀[0m[38;2;199;193;179m[48;2;199;192;180m▀[0m[38;2;199;193;179m[48;2;199;192;180m▀[0m[38;2;199;193;179m[48;2;205;194;180m▀[0m[38;2;201;193;179m[48;2;209;195;178m▀[0m[38;2;205;194;177m[48;2;205;194;178m▀[0m[38;2;205;194;181m[48;2;204;195;185m▀[0m[38;2;204;195;186m[48;2;207;198;186m▀[0m[38;2;216;201;193m[48;2;208;199;187m▀[0m[38;2;197;185;167m[48;2;208;194;177m▀[0m[38;2;96;96;92m[48;2;82;85;76m▀[0m[38;2;255;255;255m[48;2;255;255;255m▀[0m[38;2;255;255;255m[48;2;240;240;248m▀[0m[38;2;79;82;87m[48;2;0;0;0m▀[0m[38;2;133;129;118m[48;2;231;222;208m▀[0m[38;2;235;223;212m[48;2;213;207;192m▀[0m[38;2;205;200;189m[48;2;216;204;187m▀[0m[38;2;211;200;186m[48;2;212;201;187m▀[0m[38;2;212;201;185m[48;2;212;200;186m▀[0m[38;2;211;199;185m[48;2;211;199;186m▀[0m[38;2;210;199;185m[48;2;210;201;187m▀[0m[38;2;211;200;187m[48;2;212;201;190m▀[0m[38;2;211;203;190m[48;2;212;204;192m▀[0m[38;2;214;204;192m[48;2;214;204;192m▀[0m[38;2;212;204;192m[48;2;214;204;194m▀[0m[38;2;212;205;193m[48;2;214;204;194m▀[0m[38;2;213;205;193m[48;2;216;205;192m▀[0m[38;2;216;204;192m[48;2;216;205;193m▀[0m[38;2;223;210;197m[48;2;221;214;200m▀[0m[38;2;255;255;255m[48;2;255;255;255m▀[0m[38;2;155;149;143m[48;2;155;153;143m▀[0m[38;2;0;0;0m[48;2;0;0;0m▀[0m[38;2;0;0;0m[48;2;0;0;0m▀[0m[38;2;0;0;0m[48;2;0;0;0m▀[0m[38;2;217;216;205m[48;2;204;197;192m▀[0m[38;2;2;0;0m[48;2;7;4;4m▀[0m[38;2;196;195;184m[48;2;198;197;190m▀[0m[38;2;0;0;0m[48;2;0;0;0m▀[0m[38;2;0;0;0m[48;2;0;0;0m▀[0m[38;2;0;0;0m[48;2;0;0;0m▀[0m
[38;2;176;176;165m[48;2;183;178;163m▀[0m[38;2;183;177;163m[48;2;187;176;162m▀[0m[38;2;193;176;159m[48;2;185;179;164m▀[0m[38;2;194;185;169m[48;2;181;185;172m▀[0m[38;2;214;213;198m[48;2;195;195;183m▀[0m[38;2;226;221;207m[48;2;255;251;236m▀[0m[38;2;0;0;0m[48;2;104;100;93m▀[0m[38;2;0;0;0m[48;2;0;0;0m▀[0m[38;2;0;0;0m[48;2;0;0;0m▀[0m[38;2;222;131;122m[48;2;64;28;28m▀[0m[38;2;255;255;244m[48;2;255;255;249m▀[0m[38;2;219;206;187m[48;2;255;255;255m▀[0m[38;2;255;255;255m[48;2;255;255;255m▀[0m[38;2;255;255;255m[48;2;255;255;255m▀[0m[38;2;129;122;114m[48;2;255;255;255m▀[0m[38;2;0;0;0m[48;2;0;0;0m▀[0m[38;2;0;0;0m[48;2;0;0;0m▀[0m[38;2;255;255;255m[48;2;0;0;0m▀[0m[38;2;255;255;255m[48;2;82;79;74m▀[0m[38;2;255;255;255m[48;2;48;48;39m▀[0m[38;2;0;0;0m[48;2;0;0;0m▀[0m[38;2;0;0;0m[48;2;0;0;0m▀[0m[38;2;130;129;119m[48;2;135;132;125m▀[0m[38;2;255;251;235m[48;2;255;251;234m▀[0m[38;2;255;246;232m[48;2;255;246;232m▀[0m[38;2;140;133;130m[48;2;142;142;131m▀[0m[38;2;34;38;42m[48;2;37;39;44m▀[0m[38;2;0;0;0m[48;2;0;0;0m▀[0m[38;2;0;0;0m[48;2;0;0;0m▀[0m[38;2;0;0;0m[48;2;0;0;0m▀[0m[38;2;73;73;82m[48;2;74;74;85m▀[0m[38;2;0;0;0m[48;2;0;0;0m▀[0m[38;2;0;0;0m[48;2;0;0;0m▀[0m[38;2;255;255;241m[48;2;255;255;243m▀[0m[38;2;216;207;193m[48;2;220;209;195m▀[0m[38;2;205;198;184m[48;2;201;196;182m▀[0m[38;2;199;192;180m[48;2;203;192;179m▀[0m[38;2;200;194;180m[48;2;206;194;180m▀[0m[38;2;203;196;180m[48;2;206;195;178m▀[0m[38;2;207;195;179m[48;2;206;195;181m▀[0m[38;2;204;195;179m[48;2;206;195;183m▀[0m[38;2;204;197;183m[48;2;204;197;183m▀[0m[38;2;204;196;184m[48;2;204;196;184m▀[0m[38;2;204;196;184m[48;2;205;196;183m▀[0m[38;2;203;198;182m[48;2;207;194;182m▀[0m[38;2;222;208;191m[48;2;227;221;200m▀[0m[38;2;73;72;65m[48;2;77;76;64m▀[0m[38;2;255;255;255m[48;2;255;255;255m▀[0m[38;2;222;227;233m[48;2;207;211;216m▀[0m[38;2;0;0;0m[48;2;86;86;75m▀[0m[38;2;251;243;226m[48;2;255;239;223m▀[0m[38;2;217;203;185m[48;2;219;201;185m▀[0m[38;2;217;204;185m[48;2;212;200;187m▀[0m[38;2;212;201;187m[48;2;211;203;186m▀[0m[38;2;212;201;187m[48;2;214;204;190m▀[0m[38;2;211;203;190m[48;2;212;204;191m▀[0m[38;2;211;203;191m[48;2;214;204;194m▀[0m[38;2;214;204;192m[48;2;214;204;194m▀[0m[38;2;213;205;192m[48;2;213;205;192m▀[0m[38;2;212;204;192m[48;2;213;205;192m▀[0m[38;2;216;204;193m[48;2;216;205;192m▀[0m[38;2;216;204;192m[48;2;217;206;194m▀[0m[38;2;217;205;193m[48;2;219;208;195m▀[0m[38;2;218;207;195m[48;2;224;212;198m▀[0m[38;2;226;218;205m[48;2;232;218;209m▀[0m[38;2;255;255;255m[48;2;255;255;255m▀[0m[38;2;158;156;150m[48;2;168;160;155m▀[0m[38;2;0;0;0m[48;2;0;0;0m▀[0m[38;2;0;0;0m[48;2;0;0;0m▀[0m[38;2;0;0;0m[48;2;0;0;0m▀[0m[38;2;201;201;193m[48;2;206;204;193m▀[0m[38;2;6;3;6m[48;2;6;6;4m▀[0m[38;2;199;195;194m[48;2;189;186;181m▀[0m[38;2;0;0;0m[48;2;0;0;0m▀[0m[38;2;0;0;0m[48;2;0;0;0m▀[0m[38;2;0;0;0m[48;2;0;0;0m▀[0m
[38;2;189;176;157m[48;2;185;179;164m▀[0m[38;2;187;177;163m[48;2;185;180;168m▀[0m[38;2;184;180;166m[48;2;189;180;167m▀[0m[38;2;187;179;167m[48;2;192;181;169m▀[0m[38;2;200;190;178m[48;2;195;186;174m▀[0m[38;2;226;214;201m[48;2;210;194;181m▀[0m[38;2;238;230;213m[48;2;255;247;230m▀[0m[38;2;0;0;0m[48;2;114;112;106m▀[0m[38;2;0;0;0m[48;2;0;0;0m▀[0m[38;2;0;0;0m[48;2;0;0;0m▀[0m[38;2;207;183;176m[48;2;118;106;104m▀[0m[38;2;231;225;211m[48;2;38;43;43m▀[0m[38;2;251;227;204m[48;2;0;0;0m▀[0m[38;2;255;255;255m[48;2;129;127;124m▀[0m[38;2;255;255;243m[48;2;0;0;0m▀[0m[38;2;0;0;0m[48;2;0;0;0m▀[0m[38;2;0;0;0m[48;2;0;0;0m▀[0m[38;2;0;0;0m[48;2;0;0;0m▀[0m[38;2;0;0;0m[48;2;0;0;0m▀[0m[38;2;0;0;0m[48;2;0;0;0m▀[0m[38;2;0;0;0m[48;2;0;0;0m▀[0m[38;2;0;0;0m[48;2;0;0;0m▀[0m[38;2;135;132;127m[48;2;132;131;125m▀[0m[38;2;255;253;233m[48;2;255;252;235m▀[0m[38;2;255;246;232m[48;2;252;246;227m▀[0m[38;2;146;144;138m[48;2;153;146;138m▀[0m[38;2;38;41;45m[48;2;42;46;47m▀[0m[38;2;0;0;0m[48;2;0;0;0m▀[0m[38;2;0;0;0m[48;2;0;0;0m▀[0m[38;2;0;0;0m[48;2;0;0;0m▀[0m[38;2;78;75;87m[48;2;78;78;90m▀[0m[38;2;0;0;0m[48;2;0;0;0m▀[0m[38;2;0;0;0m[48;2;0;0;0m▀[0m[38;2;255;255;245m[48;2;255;255;245m▀[0m[38;2;216;212;195m[48;2;224;210;193m▀[0m[38;2;203;196;180m[48;2;212;196;176m▀[0m[38;2;205;193;179m[48;2;203;194;180m▀[0m[38;2;204;195;179m[48;2;201;196;182m▀[0m[38;2;204;195;182m[48;2;204;196;184m▀[0m[38;2;205;198;184m[48;2;206;197;184m▀[0m[38;2;207;196;184m[48;2;207;196;183m▀[0m[38;2;204;195;183m[48;2;207;196;183m▀[0m[38;2;207;195;183m[48;2;208;195;182m▀[0m[38;2;210;196;183m[48;2;205;198;183m▀[0m[38;2;203;196;182m[48;2;201;197;183m▀[0m[38;2;235;224;208m[48;2;235;224;208m▀[0m[38;2;89;88;75m[48;2;102;98;87m▀[0m[38;2;255;255;255m[48;2;255;255;255m▀[0m[38;2;177;183;186m[48;2;156;163;170m▀[0m[38;2;127;123;108m[48;2;140;133;117m▀[0m[38;2;247;233;213m[48;2;240;227;210m▀[0m[38;2;212;201;185m[48;2;211;200;187m▀[0m[38;2;211;200;187m[48;2;212;201;190m▀[0m[38;2;212;201;190m[48;2;213;203;191m▀[0m[38;2;214;204;192m[48;2;214;204;192m▀[0m[38;2;214;204;194m[48;2;214;204;192m▀[0m[38;2;213;205;195m[48;2;214;204;194m▀[0m[38;2;213;205;192m[48;2;216;205;192m▀[0m[38;2;216;205;192m[48;2;216;207;194m▀[0m[38;2;217;206;193m[48;2;218;209;196m▀[0m[38;2;218;207;194m[48;2;221;210;197m▀[0m[38;2;220;209;197m[48;2;221;212;199m▀[0m[38;2;222;211;198m[48;2;222;211;198m▀[0m[38;2;222;211;198m[48;2;220;211;198m▀[0m[38;2;227;217;205m[48;2;225;218;206m▀[0m[38;2;255;255;255m[48;2;255;255;255m▀[0m[38;2;181;173;164m[48;2;190;181;177m▀[0m[38;2;0;0;0m[48;2;0;0;0m▀[0m[38;2;0;0;0m[48;2;0;0;0m▀[0m[38;2;0;0;0m[48;2;0;0;0m▀[0m[38;2;199;197;190m[48;2;189;186;181m▀[0m[38;2;1;4;0m[48;2;4;1;3m▀[0m[38;2;180;176;174m[48;2;176;174;168m▀[0m[38;2;0;0;0m[48;2;0;0;0m▀[0m[38;2;0;0;0m[48;2;0;0;0m▀[0m[38;2;0;0;0m[48;2;0;0;0m▀[0m
[38;2;181;181;168m[48;2;187;182;170m▀[0m[38;2;186;182;170m[48;2;190;182;170m▀[0m[38;2;192;180;168m[48;2;193;182;170m▀[0m[38;2;192;181;169m[48;2;192;183;170m▀[0m[38;2;196;183;171m[48;2;194;183;170m▀[0m[38;2;203;190;177m[48;2;195;186;173m▀[0m[38;2;225;209;193m[48;2;207;195;183m▀[0m[38;2;246;239;223m[48;2;255;252;232m▀[0m[38;2;0;0;0m[48;2;135;132;127m▀[0m[38;2;0;0;0m[48;2;0;0;0m▀[0m[38;2;96;84;81m[48;2;6;5;5m▀[0m[38;2;0;0;0m[48;2;109;104;103m▀[0m[38;2;0;0;0m[48;2;0;0;0m▀[0m[38;2;0;0;0m[48;2;0;0;0m▀[0m[38;2;0;0;0m[48;2;0;0;0m▀[0m[38;2;0;0;0m[48;2;0;0;0m▀[0m[38;2;0;0;0m[48;2;0;0;0m▀[0m[38;2;0;0;1m[48;2;0;0;1m▀[0m[38;2;0;0;0m[48;2;0;0;0m▀[0m[38;2;0;0;0m[48;2;0;0;0m▀[0m[38;2;0;0;0m[48;2;0;0;0m▀[0m[38;2;0;0;0m[48;2;0;0;0m▀[0m[38;2;132;128;118m[48;2;125;120;109m▀[0m[38;2;255;255;237m[48;2;255;255;240m▀[0m[38;2;252;241;227m[48;2;252;244;230m▀[0m[38;2;154;153;143m[48;2;163;155;155m▀[0m[38;2;51;56;57m[48;2;50;52;54m▀[0m[38;2;0;0;0m[48;2;0;0;0m▀[0m[38;2;0;0;0m[48;2;0;0;0m▀[0m[38;2;0;0;0m[48;2;0;0;0m▀[0m[38;2;81;81;91m[48;2;83;86;92m▀[0m[38;2;0;0;0m[48;2;0;0;0m▀[0m[38;2;0;0;0m[48;2;0;0;0m▀[0m[38;2;255;255;243m[48;2;255;255;244m▀[0m[38;2;225;211;196m[48;2;220;213;198m▀[0m[38;2;207;200;184m[48;2;210;198;187m▀[0m[38;2;204;195;182m[48;2;205;196;184m▀[0m[38;2;205;196;183m[48;2;207;196;183m▀[0m[38;2;205;196;182m[48;2;207;196;182m▀[0m[38;2;207;196;183m[48;2;208;197;183m▀[0m[38;2;207;198;184m[48;2;209;198;184m▀[0m[38;2;209;198;182m[48;2;206;199;184m▀[0m[38;2;206;197;183m[48;2;207;199;187m▀[0m[38;2;205;199;183m[48;2;209;198;186m▀[0m[38;2;206;195;182m[48;2;210;197;184m▀[0m[38;2;240;224;208m[48;2;239;226;210m▀[0m[38;2;100;96;84m[48;2;97;92;83m▀[0m[38;2;255;255;255m[48;2;255;255;255m▀[0m[38;2;156;165;168m[48;2;152;158;159m▀[0m[38;2;157;149;132m[48;2;173;165;142m▀[0m[38;2;239;223;207m[48;2;235;223;209m▀[0m[38;2;216;201;189m[48;2;217;204;191m▀[0m[38;2;213;205;192m[48;2;216;205;193m▀[0m[38;2;213;205;192m[48;2;216;205;193m▀[0m[38;2;216;205;193m[48;2;216;205;193m▀[0m[38;2;213;205;192m[48;2;217;205;192m▀[0m[38;2;216;204;191m[48;2;216;207;193m▀[0m[38;2;216;207;193m[48;2;218;209;195m▀[0m[38;2;219;208;195m[48;2;221;209;196m▀[0m[38;2;221;209;197m[48;2;222;211;198m▀[0m[38;2;223;211;199m[48;2;223;212;199m▀[0m[38;2;223;212;199m[48;2;225;212;197m▀[0m[38;2;223;211;198m[48;2;224;211;196m▀[0m[38;2;223;210;198m[48;2;224;211;199m▀[0m[38;2;232;219;210m[48;2;231;220;210m▀[0m[38;2;255;255;255m[48;2;255;255;255m▀[0m[38;2;191;185;174m[48;2;195;191;180m▀[0m[38;2;0;0;0m[48;2;0;0;0m▀[0m[38;2;0;0;0m[48;2;0;0;0m▀[0m[38;2;0;0;0m[48;2;0;0;0m▀[0m[38;2;186;182;176m[48;2;183;183;178m▀[0m[38;2;0;2;2m[48;2;1;1;0m▀[0m[38;2;172;171;168m[48;2;168;165;165m▀[0m[38;2;0;0;0m[48;2;0;0;0m▀[0m[38;2;0;0;0m[48;2;0;0;0m▀[0m[38;2;0;0;0m[48;2;0;0;0m▀[0m
[38;2;191;182;169m[48;2;191;182;170m▀[0m[38;2;192;183;170m[48;2;194;183;171m▀[0m[38;2;194;183;171m[48;2;195;184;171m▀[0m[38;2;194;183;171m[48;2;196;184;172m▀[0m[38;2;196;183;171m[48;2;197;184;171m▀[0m[38;2;200;184;171m[48;2;197;185;173m▀[0m[38;2;204;193;179m[48;2;197;193;178m▀[0m[38;2;225;214;198m[48;2;206;200;185m▀[0m[38;2;248;245;230m[48;2;255;255;237m▀[0m[38;2;0;0;0m[48;2;128;127;119m▀[0m[38;2;0;0;0m[48;2;0;0;0m▀[0m[38;2;122;119;117m[48;2;49;48;46m▀[0m[38;2;6;6;4m[48;2;88;86;84m▀[0m[38;2;0;0;0m[48;2;0;0;0m▀[0m[38;2;0;0;0m[48;2;0;0;0m▀[0m[38;2;0;0;0m[48;2;0;0;0m▀[0m[38;2;0;0;0m[48;2;0;0;0m▀[0m[38;2;0;0;1m[48;2;0;0;0m▀[0m[38;2;0;1;1m[48;2;0;0;0m▀[0m[38;2;0;0;0m[48;2;0;0;0m▀[0m[38;2;0;0;0m[48;2;0;0;0m▀[0m[38;2;0;0;0m[48;2;0;0;0m▀[0m[38;2;113;105;102m[48;2;98;96;88m▀[0m[38;2;255;255;244m[48;2;255;255;245m▀[0m[38;2;251;243;223m[48;2;252;244;227m▀[0m[38;2;163;162;146m[48;2;170;166;159m▀[0m[38;2;49;54;55m[48;2;57;61;62m▀[0m[38;2;0;0;0m[48;2;0;0;0m▀[0m[38;2;0;0;0m[48;2;0;0;0m▀[0m[38;2;0;0;0m[48;2;0;0;0m▀[0m[38;2;86;86;95m[48;2;84;87;92m▀[0m[38;2;0;0;0m[48;2;0;0;0m▀[0m[38;2;0;0;0m[48;2;0;0;0m▀[0m[38;2;255;255;250m[48;2;255;255;255m▀[0m[38;2;222;211;203m[48;2;221;217;201m▀[0m[38;2;208;199;192m[48;2;208;203;181m▀[0m[38;2;207;196;183m[48;2;208;196;182m▀[0m[38;2;208;196;180m[48;2;209;197;183m▀[0m[38;2;208;197;183m[48;2;207;198;185m▀[0m[38;2;207;198;184m[48;2;206;200;189m▀[0m[38;2;207;198;185m[48;2;207;201;190m▀[0m[38;2;207;198;186m[48;2;208;200;189m▀[0m[38;2;207;201;187m[48;2;216;201;189m▀[0m[38;2;210;201;192m[48;2;216;201;186m▀[0m[38;2;217;197;189m[48;2;208;199;185m▀[0m[38;2;239;226;209m[48;2;245;233;216m▀[0m[38;2;102;101;86m[48;2;106;102;88m▀[0m[38;2;255;255;255m[48;2;193;199;204m▀[0m[38;2;156;168;168m[48;2;120;129;124m▀[0m[38;2;177;168;145m[48;2;173;168;146m▀[0m[38;2;237;225;211m[48;2;239;227;210m▀[0m[38;2;214;204;195m[48;2;218;205;190m▀[0m[38;2;217;205;193m[48;2;217;206;192m▀[0m[38;2;216;205;192m[48;2;217;206;193m▀[0m[38;2;216;205;192m[48;2;217;208;194m▀[0m[38;2;218;207;194m[48;2;219;210;197m▀[0m[38;2;218;209;196m[48;2;222;213;197m▀[0m[38;2;221;210;197m[48;2;221;210;197m▀[0m[38;2;223;211;199m[48;2;222;211;198m▀[0m[38;2;224;212;205m[48;2;228;212;197m▀[0m[38;2;225;212;199m[48;2;225;211;198m▀[0m[38;2;224;212;198m[48;2;223;212;203m▀[0m[38;2;221;212;200m[48;2;222;214;206m▀[0m[38;2;223;214;207m[48;2;224;220;205m▀[0m[38;2;232;223;210m[48;2;231;222;209m▀[0m[38;2;255;255;255m[48;2;255;255;255m▀[0m[38;2;207;203;191m[48;2;219;213;203m▀[0m[38;2;0;0;0m[48;2;0;0;0m▀[0m[38;2;0;0;0m[48;2;0;0;0m▀[0m[38;2;0;0;0m[48;2;0;0;0m▀[0m[38;2;180;178;176m[48;2;176;176;168m▀[0m[38;2;0;0;0m[48;2;0;0;0m▀[0m[38;2;165;163;159m[48;2;159;159;156m▀[0m[38;2;0;0;0m[48;2;0;0;0m▀[0m[38;2;0;0;0m[48;2;0;0;0m▀[0m[38;2;0;0;0m[48;2;0;0;0m▀[0m
[38;2;193;184;172m[48;2;195;184;171m▀[0m[38;2;195;183;171m[48;2;195;183;171m▀[0m[38;2;196;184;171m[48;2;196;184;171m▀[0m[38;2;197;185;172m[48;2;194;185;173m▀[0m[38;2;195;186;172m[48;2;195;190;176m▀[0m[38;2;195;187;176m[48;2;200;189;178m▀[0m[38;2;197;189;176m[48;2;200;190;177m▀[0m[38;2;205;198;183m[48;2;205;192;180m▀[0m[38;2;236;220;203m[48;2;212;200;184m▀[0m[38;2;244;237;218m[48;2;255;255;238m▀[0m[38;2;0;0;0m[48;2;102;101;99m▀[0m[38;2;0;0;0m[48;2;0;0;0m▀[0m[38;2;118;118;116m[48;2;85;82;82m▀[0m[38;2;0;0;0m[48;2;47;47;45m▀[0m[38;2;0;0;0m[48;2;0;0;0m▀[0m[38;2;0;0;0m[48;2;0;0;0m▀[0m[38;2;0;0;0m[48;2;0;0;0m▀[0m[38;2;0;0;0m[48;2;0;0;0m▀[0m[38;2;0;1;1m[48;2;0;1;1m▀[0m[38;2;0;0;0m[48;2;0;1;1m▀[0m[38;2;0;0;0m[48;2;0;0;0m▀[0m[38;2;0;0;0m[48;2;0;0;0m▀[0m[38;2;76;75;72m[48;2;54;52;50m▀[0m[38;2;255;255;249m[48;2;255;255;251m▀[0m[38;2;255;246;230m[48;2;255;248;235m▀[0m[38;2;176;171;159m[48;2;189;181;169m▀[0m[38;2;47;51;51m[48;2;55;57;57m▀[0m[38;2;0;0;0m[48;2;0;0;0m▀[0m[38;2;0;0;0m[48;2;0;0;0m▀[0m[38;2;0;0;0m[48;2;0;0;0m▀[0m[38;2;87;85;93m[48;2;87;90;95m▀[0m[38;2;0;0;1m[48;2;0;0;0m▀[0m[38;2;0;0;0m[48;2;1;3;1m▀[0m[38;2;255;255;254m[48;2;255;255;252m▀[0m[38;2;222;216;199m[48;2;226;212;195m▀[0m[38;2;216;197;184m[48;2;211;200;189m▀[0m[38;2;208;197;185m[48;2;207;198;185m▀[0m[38;2;207;198;185m[48;2;207;198;186m▀[0m[38;2;206;200;186m[48;2;207;201;190m▀[0m[38;2;207;201;191m[48;2;208;201;187m▀[0m[38;2;208;200;189m[48;2;213;201;187m▀[0m[38;2;213;201;187m[48;2;214;201;186m▀[0m[38;2;212;201;187m[48;2;210;201;187m▀[0m[38;2;210;201;187m[48;2;212;201;189m▀[0m[38;2;209;200;186m[48;2;210;201;189m▀[0m[38;2;243;232;218m[48;2;237;228;214m▀[0m[38;2;142;135;126m[48;2;171;164;152m▀[0m[38;2;150;153;158m[48;2;183;187;192m▀[0m[38;2;109;116;114m[48;2;162;166;163m▀[0m[38;2;187;176;158m[48;2;204;191;176m▀[0m[38;2;236;224;208m[48;2;225;217;200m▀[0m[38;2;216;205;191m[48;2;218;207;193m▀[0m[38;2;218;206;193m[48;2;220;208;195m▀[0m[38;2;219;208;195m[48;2;221;209;197m▀[0m[38;2;219;210;197m[48;2;222;210;198m▀[0m[38;2;222;216;200m[48;2;228;216;204m▀[0m[38;2;230;218;206m[48;2;232;221;205m▀[0m[38;2;246;232;214m[48;2;86;90;95m▀[0m[38;2;240;224;207m[48;2;179;171;164m▀[0m[38;2;230;210;197m[48;2;246;232;216m▀[0m[38;2;224;213;200m[48;2;227;214;207m▀[0m[38;2;222;217;205m[48;2;225;217;207m▀[0m[38;2;224;216;206m[48;2;224;217;205m▀[0m[38;2;224;216;206m[48;2;227;216;205m▀[0m[38;2;227;222;211m[48;2;237;219;208m▀[0m[38;2;255;255;255m[48;2;255;255;255m▀[0m[38;2;224;217;207m[48;2;233;228;214m▀[0m[38;2;0;0;0m[48;2;0;0;0m▀[0m[38;2;0;0;0m[48;2;0;0;0m▀[0m[38;2;0;0;0m[48;2;0;0;0m▀[0m[38;2;174;168;160m[48;2;171;169;163m▀[0m[38;2;0;0;0m[48;2;0;0;0m▀[0m[38;2;155;155;155m[48;2;149;149;149m▀[0m[38;2;0;0;0m[48;2;0;0;0m▀[0m[38;2;0;0;0m[48;2;0;0;0m▀[0m[38;2;0;0;0m[48;2;0;0;0m▀[0m
[38;2;197;184;172m[48;2;197;185;173m▀[0m[38;2;197;184;173m[48;2;195;186;174m▀[0m[38;2;193;187;173m[48;2;197;189;177m▀[0m[38;2;196;187;176m[48;2;199;189;179m▀[0m[38;2;199;189;177m[48;2;199;189;177m▀[0m[38;2;200;190;177m[48;2;200;190;176m▀[0m[38;2;198;190;176m[48;2;200;190;177m▀[0m[38;2;204;193;177m[48;2;201;191;178m▀[0m[38;2;209;200;184m[48;2;206;194;181m▀[0m[38;2;236;230;214m[48;2;212;206;187m▀[0m[38;2;231;224;209m[48;2;255;255;247m▀[0m[38;2;0;0;0m[48;2;72;70;68m▀[0m[38;2;0;0;0m[48;2;0;0;0m▀[0m[38;2;120;120;120m[48;2;113;117;113m▀[0m[38;2;0;0;0m[48;2;20;20;21m▀[0m[38;2;0;0;0m[48;2;0;0;0m▀[0m[38;2;0;0;0m[48;2;0;0;0m▀[0m[38;2;0;0;0m[48;2;0;0;0m▀[0m[38;2;0;0;0m[48;2;0;0;0m▀[0m[38;2;0;0;1m[48;2;0;0;0m▀[0m[38;2;0;0;0m[48;2;0;0;0m▀[0m[38;2;0;0;0m[48;2;0;0;0m▀[0m[38;2;25;25;20m[48;2;0;0;0m▀[0m[38;2;255;255;251m[48;2;255;255;239m▀[0m[38;2;255;254;240m[48;2;255;255;254m▀[0m[38;2;200;193;187m[48;2;201;195;186m▀[0m[38;2;61;68;64m[48;2;54;56;57m▀[0m[38;2;0;0;0m[48;2;0;0;0m▀[0m[38;2;0;0;0m[48;2;0;0;0m▀[0m[38;2;0;0;0m[48;2;0;0;0m▀[0m[38;2;88;92;97m[48;2;90;90;99m▀[0m[38;2;0;0;1m[48;2;0;0;1m▀[0m[38;2;3;4;0m[48;2;8;7;2m▀[0m[38;2;255;255;251m[48;2;255;255;252m▀[0m[38;2;225;213;200m[48;2;220;216;201m▀[0m[38;2;208;205;190m[48;2;210;203;194m▀[0m[38;2;207;200;186m[48;2;208;200;189m▀[0m[38;2;210;199;190m[48;2;209;200;186m▀[0m[38;2;208;201;187m[48;2;212;201;187m▀[0m[38;2;212;201;187m[48;2;212;201;187m▀[0m[38;2;213;201;189m[48;2;213;201;189m▀[0m[38;2;212;201;189m[48;2;213;203;191m▀[0m[38;2;211;203;190m[48;2;212;204;191m▀[0m[38;2;214;204;191m[48;2;214;204;191m▀[0m[38;2;214;206;194m[48;2;217;204;192m▀[0m[38;2;235;228;214m[48;2;232;225;211m▀[0m[38;2;178;173;158m[48;2;191;182;168m▀[0m[38;2;160;164;165m[48;2;145;147;152m▀[0m[38;2;160;166;160m[48;2;158;163;163m▀[0m[38;2;199;193;178m[48;2;208;197;181m▀[0m[38;2;231;220;206m[48;2;234;220;208m▀[0m[38;2;223;209;198m[48;2;226;213;200m▀[0m[38;2;222;210;197m[48;2;224;211;198m▀[0m[38;2;223;211;198m[48;2;223;211;198m▀[0m[38;2;222;210;197m[48;2;223;212;199m▀[0m[38;2;247;235;218m[48;2;245;236;222m▀[0m[38;2;155;149;141m[48;2;170;162;154m▀[0m[38;2;214;223;239m[48;2;143;150;159m▀[0m[38;2;171;173;179m[48;2;139;143;146m▀[0m[38;2;228;218;205m[48;2;236;225;209m▀[0m[38;2;231;222;213m[48;2;230;219;207m▀[0m[38;2;225;217;207m[48;2;227;217;205m▀[0m[38;2;227;217;205m[48;2;230;218;205m▀[0m[38;2;228;217;205m[48;2;226;220;205m▀[0m[38;2;231;225;209m[48;2;233;227;211m▀[0m[38;2;255;255;249m[48;2;255;255;249m▀[0m[38;2;246;238;228m[48;2;255;251;237m▀[0m[38;2;0;0;0m[48;2;0;0;0m▀[0m[38;2;0;0;0m[48;2;0;0;0m▀[0m[38;2;0;0;0m[48;2;0;0;0m▀[0m[38;2;159;157;152m[48;2;151;149;142m▀[0m[38;2;0;0;0m[48;2;0;0;0m▀[0m[38;2;138;144;144m[48;2;130;133;139m▀[0m[38;2;0;0;0m[48;2;0;0;0m▀[0m[38;2;0;0;0m[48;2;0;0;0m▀[0m[38;2;0;0;0m[48;2;0;0;0m▀[0m
[38;2;195;186;174m[48;2;199;187;176m▀[0m[38;2;196;190;174m[48;2;199;189;176m▀[0m[38;2;199;189;176m[48;2;199;189;176m▀[0m[38;2;199;189;177m[48;2;200;189;176m▀[0m[38;2;200;189;177m[48;2;201;190;178m▀[0m[38;2;200;190;177m[48;2;201;191;179m▀[0m[38;2;201;191;178m[48;2;201;191;178m▀[0m[38;2;201;191;178m[48;2;200;190;177m▀[0m[38;2;201;190;177m[48;2;203;191;179m▀[0m[38;2;209;200;186m[48;2;210;205;193m▀[0m[38;2;249;244;228m[48;2;224;220;204m▀[0m[38;2;227;221;207m[48;2;255;255;255m▀[0m[38;2;0;0;0m[48;2;76;76;73m▀[0m[38;2;14;16;16m[48;2;0;0;0m▀[0m[38;2;109;109;103m[48;2;131;131;126m▀[0m[38;2;0;0;0m[48;2;0;0;0m▀[0m[38;2;0;0;0m[48;2;0;0;0m▀[0m[38;2;0;0;0m[48;2;0;0;0m▀[0m[38;2;0;0;0m[48;2;0;0;0m▀[0m[38;2;0;0;0m[48;2;0;0;0m▀[0m[38;2;0;0;0m[48;2;0;0;0m▀[0m[38;2;0;0;0m[48;2;91;91;93m▀[0m[38;2;0;0;0m[48;2;168;168;170m▀[0m[38;2;89;87;85m[48;2;0;0;0m▀[0m[38;2;255;255;255m[48;2;170;169;163m▀[0m[38;2;207;199;190m[48;2;255;255;253m▀[0m[38;2;60;64;69m[48;2;68;68;68m▀[0m[38;2;0;0;0m[48;2;0;0;0m▀[0m[38;2;0;0;0m[48;2;0;0;0m▀[0m[38;2;0;0;0m[48;2;0;0;0m▀[0m[38;2;90;93;100m[48;2;90;90;101m▀[0m[38;2;0;0;0m[48;2;0;0;0m▀[0m[38;2;12;10;5m[48;2;16;14;10m▀[0m[38;2;255;255;251m[48;2;255;255;253m▀[0m[38;2;219;214;205m[48;2;222;214;205m▀[0m[38;2;209;205;194m[48;2;213;203;189m▀[0m[38;2;211;200;187m[48;2;213;201;187m▀[0m[38;2;213;201;187m[48;2;212;201;189m▀[0m[38;2;212;201;189m[48;2;212;201;189m▀[0m[38;2;211;203;189m[48;2;212;204;191m▀[0m[38;2;212;204;191m[48;2;216;205;192m▀[0m[38;2;213;205;192m[48;2;213;205;192m▀[0m[38;2;212;204;192m[48;2;214;204;192m▀[0m[38;2;212;204;191m[48;2;214;204;192m▀[0m[38;2;214;204;192m[48;2;216;205;192m▀[0m[38;2;228;221;211m[48;2;233;222;204m▀[0m[38;2;195;187;176m[48;2;209;198;180m▀[0m[38;2;135;139;140m[48;2;131;133;138m▀[0m[38;2;159;164;160m[48;2;157;164;160m▀[0m[38;2;217;205;189m[48;2;222;208;195m▀[0m[38;2;236;223;208m[48;2;235;222;207m▀[0m[38;2;226;214;197m[48;2;224;211;198m▀[0m[38;2;223;212;198m[48;2;225;212;199m▀[0m[38;2;224;212;198m[48;2;223;214;200m▀[0m[38;2;230;213;200m[48;2;225;214;203m▀[0m[38;2;231;219;207m[48;2;226;218;206m▀[0m[38;2;243;232;219m[48;2;228;223;208m▀[0m[38;2;115;114;106m[48;2;253;248;228m▀[0m[38;2;187;180;170m[48;2;239;233;214m▀[0m[38;2;248;235;218m[48;2;225;221;203m▀[0m[38;2;230;216;203m[48;2;233;219;204m▀[0m[38;2;230;218;204m[48;2;227;221;206m▀[0m[38;2;227;219;206m[48;2;227;222;207m▀[0m[38;2;228;222;207m[48;2;230;224;209m▀[0m[38;2;235;230;213m[48;2;237;232;218m▀[0m[38;2;255;255;252m[48;2;255;255;250m▀[0m[38;2;255;255;244m[48;2;255;255;252m▀[0m[38;2;0;0;0m[48;2;0;0;0m▀[0m[38;2;0;0;0m[48;2;0;0;0m▀[0m[38;2;0;0;0m[48;2;0;0;0m▀[0m[38;2;149;151;149m[48;2;152;152;150m▀[0m[38;2;0;0;0m[48;2;0;0;0m▀[0m[38;2;122;125;130m[48;2;122;124;126m▀[0m[38;2;0;0;0m[48;2;0;0;0m▀[0m[38;2;0;0;0m[48;2;0;0;0m▀[0m[38;2;0;0;0m[48;2;0;0;0m▀[0m
[38;2;197;189;177m[48;2;197;189;177m▀[0m[38;2;196;189;177m[48;2;198;187;176m▀[0m[38;2;199;187;176m[48;2;198;190;177m▀[0m[38;2;200;190;176m[48;2;199;191;178m▀[0m[38;2;201;191;179m[48;2;201;191;179m▀[0m[38;2;200;192;179m[48;2;199;193;178m▀[0m[38;2;201;191;178m[48;2;200;194;179m▀[0m[38;2;200;192;178m[48;2;203;194;181m▀[0m[38;2;201;195;181m[48;2;201;194;182m▀[0m[38;2;208;201;193m[48;2;203;197;186m▀[0m[38;2;230;223;209m[48;2;249;237;223m▀[0m[38;2;255;255;241m[48;2;170;165;154m▀[0m[38;2;27;27;27m[48;2;0;0;0m▀[0m[38;2;0;0;0m[48;2;0;0;0m▀[0m[38;2;68;71;66m[48;2;0;0;0m▀[0m[38;2;68;66;64m[48;2;208;208;206m▀[0m[38;2;0;0;0m[48;2;126;126;126m▀[0m[38;2;0;0;0m[48;2;145;144;144m▀[0m[38;2;0;0;0m[48;2;169;168;168m▀[0m[38;2;73;73;73m[48;2;126;122;122m▀[0m[38;2;210;210;216m[48;2;9;5;5m▀[0m[38;2;206;205;206m[48;2;0;0;0m▀[0m[38;2;0;0;0m[48;2;0;0;0m▀[0m[38;2;0;0;0m[48;2;144;150;155m▀[0m[38;2;114;123;126m[48;2;49;47;50m▀[0m[38;2;127;129;127m[48;2;78;82;84m▀[0m[38;2;70;70;68m[48;2;160;160;162m▀[0m[38;2;0;0;0m[48;2;0;0;0m▀[0m[38;2;0;0;0m[48;2;0;0;0m▀[0m[38;2;0;0;0m[48;2;0;0;0m▀[0m[38;2;89;86;98m[48;2;86;86;95m▀[0m[38;2;0;0;0m[48;2;0;0;0m▀[0m[38;2;17;16;9m[48;2;18;19;11m▀[0m[38;2;255;255;255m[48;2;255;255;254m▀[0m[38;2;227;214;201m[48;2;228;216;203m▀[0m[38;2;218;205;192m[48;2;217;206;190m▀[0m[38;2;213;203;190m[48;2;214;204;191m▀[0m[38;2;213;201;189m[48;2;213;205;192m▀[0m[38;2;213;203;190m[48;2;213;205;192m▀[0m[38;2;213;205;192m[48;2;213;205;192m▀[0m[38;2;216;205;192m[48;2;214;204;192m▀[0m[38;2;216;205;192m[48;2;214;204;191m▀[0m[38;2;216;204;192m[48;2;214;206;192m▀[0m[38;2;216;205;193m[48;2;218;207;194m▀[0m[38;2;220;207;194m[48;2;217;212;198m▀[0m[38;2;238;222;207m[48;2;228;224;212m▀[0m[38;2;221;210;196m[48;2;220;211;198m▀[0m[38;2;127;129;131m[48;2;120;123;123m▀[0m[38;2;157;164;164m[48;2;151;157;154m▀[0m[38;2;224;212;196m[48;2;231;214;198m▀[0m[38;2;236;223;208m[48;2;239;223;208m▀[0m[38;2;231;213;197m[48;2;227;214;201m▀[0m[38;2;225;214;201m[48;2;224;216;204m▀[0m[38;2;223;217;203m[48;2;226;216;204m▀[0m[38;2;223;216;204m[48;2;225;217;205m▀[0m[38;2;226;216;206m[48;2;227;217;207m▀[0m[38;2;230;216;204m[48;2;227;217;203m▀[0m[38;2;225;214;201m[48;2;230;218;204m▀[0m[38;2;231;217;204m[48;2;230;218;206m▀[0m[38;2;230;218;205m[48;2;227;222;207m▀[0m[38;2;227;221;206m[48;2;230;224;210m▀[0m[38;2;228;224;209m[48;2;232;226;211m▀[0m[38;2;232;225;210m[48;2;234;225;211m▀[0m[38;2;233;226;211m[48;2;237;224;209m▀[0m[38;2;243;231;218m[48;2;240;235;216m▀[0m[38;2;255;255;250m[48;2;255;255;250m▀[0m[38;2;255;255;255m[48;2;255;255;255m▀[0m[38;2;0;0;0m[48;2;0;0;0m▀[0m[38;2;0;0;0m[48;2;0;0;0m▀[0m[38;2;0;0;0m[48;2;0;0;0m▀[0m[38;2;145;141;141m[48;2;129;131;133m▀[0m[38;2;0;0;0m[48;2;0;0;0m▀[0m[38;2;110;116;116m[48;2;101;108;108m▀[0m[38;2;0;0;0m[48;2;0;0;0m▀[0m[38;2;0;0;0m[48;2;0;0;0m▀[0m[38;2;0;0;0m[48;2;0;0;0m▀[0m
[38;2;196;187;176m[48;2;198;190;178m▀[0m[38;2;198;187;176m[48;2;200;190;178m▀[0m[38;2;200;190;178m[48;2;198;190;177m▀[0m[38;2;200;190;178m[48;2;200;190;177m▀[0m[38;2;201;191;178m[48;2;200;192;180m▀[0m[38;2;200;194;180m[48;2;201;195;180m▀[0m[38;2;203;194;181m[48;2;205;194;180m▀[0m[38;2;205;194;180m[48;2;203;194;178m▀[0m[38;2;203;194;181m[48;2;204;195;179m▀[0m[38;2;206;197;184m[48;2;208;199;183m▀[0m[38;2;230;219;205m[48;2;217;208;190m▀[0m[38;2;240;232;212m[48;2;255;255;253m▀[0m[38;2;0;0;0m[48;2;127;120;116m▀[0m[38;2;0;0;0m[48;2;0;0;0m▀[0m[38;2;56;56;54m[48;2;129;129;130m▀[0m[38;2;0;0;0m[48;2;154;157;159m▀[0m[38;2;0;0;0m[48;2;62;65;70m▀[0m[38;2;0;0;0m[48;2;85;95;101m▀[0m[38;2;0;0;0m[48;2;145;154;157m▀[0m[38;2;0;0;0m[48;2;180;187;192m▀[0m[38;2;0;0;0m[48;2;163;170;173m▀[0m[38;2;126;135;133m[48;2;83;87;90m▀[0m[38;2;201;211;216m[48;2;0;0;0m▀[0m[38;2;76;78;84m[48;2;0;0;0m▀[0m[38;2;0;0;0m[48;2;0;0;0m▀[0m[38;2;69;75;78m[48;2;38;41;41m▀[0m[38;2;216;218;222m[48;2;228;226;230m▀[0m[38;2;0;0;0m[48;2;0;0;0m▀[0m[38;2;0;0;0m[48;2;0;0;0m▀[0m[38;2;0;0;0m[48;2;0;0;0m▀[0m[38;2;84;84;91m[48;2;88;91;98m▀[0m[38;2;0;0;0m[48;2;0;0;0m▀[0m[38;2;17;18;7m[48;2;15;12;6m▀[0m[38;2;255;255;252m[48;2;255;255;255m▀[0m[38;2;228;214;201m[48;2;228;217;198m▀[0m[38;2;220;204;191m[48;2;213;199;187m▀[0m[38;2;216;205;193m[48;2;216;203;192m▀[0m[38;2;214;206;193m[48;2;217;204;191m▀[0m[38;2;213;205;192m[48;2;213;205;192m▀[0m[38;2;213;205;192m[48;2;214;206;193m▀[0m[38;2;213;205;192m[48;2;216;207;194m▀[0m[38;2;214;206;193m[48;2;219;208;195m▀[0m[38;2;217;208;194m[48;2;221;209;196m▀[0m[38;2;221;209;196m[48;2;221;210;197m▀[0m[38;2;224;212;201m[48;2;219;210;197m▀[0m[38;2;227;222;210m[48;2;234;220;208m▀[0m[38;2;224;216;203m[48;2;233;220;204m▀[0m[38;2;119;119;122m[48;2;119;119;116m▀[0m[38;2;141;143;143m[48;2;142;143;140m▀[0m[38;2;234;221;205m[48;2;236;222;209m▀[0m[38;2;231;227;212m[48;2;238;227;214m▀[0m[38;2;223;214;203m[48;2;228;216;207m▀[0m[38;2;226;216;204m[48;2;225;217;204m▀[0m[38;2;225;217;204m[48;2;228;217;204m▀[0m[38;2;227;217;205m[48;2;228;217;203m▀[0m[38;2;228;218;205m[48;2;230;219;205m▀[0m[38;2;230;218;205m[48;2;227;219;205m▀[0m[38;2;227;219;206m[48;2;228;222;208m▀[0m[38;2;223;222;209m[48;2;232;225;210m▀[0m[38;2;232;225;211m[48;2;234;227;211m▀[0m[38;2;233;226;211m[48;2;235;226;212m▀[0m[38;2;234;227;211m[48;2;237;226;210m▀[0m[38;2;236;225;209m[48;2;236;227;213m▀[0m[38;2;235;226;212m[48;2;236;227;213m▀[0m[38;2;241;235;220m[48;2;240;234;220m▀[0m[38;2;255;255;247m[48;2;255;255;253m▀[0m[38;2;255;255;255m[48;2;255;255;255m▀[0m[38;2;0;0;0m[48;2;0;0;0m▀[0m[38;2;0;0;0m[48;2;0;0;0m▀[0m[38;2;0;0;0m[48;2;0;0;0m▀[0m[38;2;115;115;119m[48;2;102;102;106m▀[0m[38;2;0;0;0m[48;2;0;0;0m▀[0m[38;2;98;101;102m[48;2;86;90;95m▀[0m[38;2;0;0;0m[48;2;0;0;0m▀[0m[38;2;0;0;0m[48;2;0;0;0m▀[0m[38;2;0;0;0m[48;2;0;0;0m▀[0m
[38;2;199;191;178m[48;2;200;190;177m▀[0m[38;2;200;190;178m[48;2;199;191;177m▀[0m[38;2;198;190;177m[48;2;200;192;179m▀[0m[38;2;199;193;179m[48;2;200;194;179m▀[0m[38;2;201;193;180m[48;2;204;193;177m▀[0m[38;2;204;193;179m[48;2;205;193;179m▀[0m[38;2;203;194;178m[48;2;204;195;181m▀[0m[38;2;203;194;180m[48;2;203;194;180m▀[0m[38;2;204;195;181m[48;2;204;195;181m▀[0m[38;2;210;198;184m[48;2;213;201;183m▀[0m[38;2;223;211;194m[48;2;225;217;198m▀[0m[38;2;254;241;224m[48;2;255;255;247m▀[0m[38;2;255;255;255m[48;2;220;211;201m▀[0m[38;2;0;0;0m[48;2;0;0;0m▀[0m[38;2;0;0;0m[48;2;0;0;0m▀[0m[38;2;255;255;255m[48;2;92;91;91m▀[0m[38;2;183;185;191m[48;2;0;0;0m▀[0m[38;2;103;111;111m[48;2;0;0;0m▀[0m[38;2;51;54;54m[48;2;0;0;0m▀[0m[38;2;0;0;0m[48;2;0;0;0m▀[0m[38;2;0;0;0m[48;2;0;0;0m▀[0m[38;2;0;0;0m[48;2;0;0;0m▀[0m[38;2;0;0;0m[48;2;61;61;61m▀[0m[38;2;0;0;0m[48;2;189;189;186m▀[0m[38;2;86;88;92m[48;2;180;180;182m▀[0m[38;2;37;39;42m[48;2;0;0;0m▀[0m[38;2;147;150;147m[48;2;63;65;68m▀[0m[38;2;0;0;0m[48;2;0;0;0m▀[0m[38;2;0;0;0m[48;2;0;0;0m▀[0m[38;2;0;0;0m[48;2;0;0;0m▀[0m[38;2;91;91;99m[48;2;89;89;100m▀[0m[38;2;6;11;17m[48;2;32;37;43m▀[0m[38;2;35;35;30m[48;2;0;0;0m▀[0m[38;2;255;255;255m[48;2;232;223;200m▀[0m[38;2;244;231;219m[48;2;255;255;255m▀[0m[38;2;237;233;230m[48;2;255;255;255m▀[0m[38;2;203;191;174m[48;2;255;255;255m▀[0m[38;2;210;198;182m[48;2;199;186;173m▀[0m[38;2;213;203;189m[48;2;211;200;187m▀[0m[38;2;216;207;194m[48;2;219;210;192m▀[0m[38;2;217;208;195m[48;2;221;210;197m▀[0m[38;2;221;209;196m[48;2;221;210;197m▀[0m[38;2;222;210;197m[48;2;222;210;198m▀[0m[38;2;219;210;197m[48;2;223;211;198m▀[0m[38;2;224;213;200m[48;2;228;211;196m▀[0m[38;2;238;220;207m[48;2;233;224;211m▀[0m[38;2;234;223;206m[48;2;232;225;207m▀[0m[38;2;117;122;118m[48;2;123;127;124m▀[0m[38;2;137;139;139m[48;2;131;136;137m▀[0m[38;2;236;222;206m[48;2;231;220;201m▀[0m[38;2;239;227;217m[48;2;241;230;217m▀[0m[38;2;225;220;206m[48;2;232;216;203m▀[0m[38;2;227;217;203m[48;2;228;216;200m▀[0m[38;2;228;217;200m[48;2;228;218;204m▀[0m[38;2;230;218;205m[48;2;227;221;207m▀[0m[38;2;228;220;207m[48;2;230;223;209m▀[0m[38;2;228;223;208m[48;2;232;225;211m▀[0m[38;2;232;225;211m[48;2;233;226;212m▀[0m[38;2;235;226;212m[48;2;234;227;212m▀[0m[38;2;235;226;212m[48;2;237;226;210m▀[0m[38;2;235;226;212m[48;2;238;226;213m▀[0m[38;2;236;227;213m[48;2;237;228;214m▀[0m[38;2;238;227;214m[48;2;237;231;217m▀[0m[38;2;236;230;216m[48;2;238;232;218m▀[0m[38;2;241;236;225m[48;2;246;239;224m▀[0m[38;2;255;255;249m[48;2;255;255;244m▀[0m[38;2;255;255;255m[48;2;255;255;255m▀[0m[38;2;0;0;0m[48;2;0;0;0m▀[0m[38;2;0;0;0m[48;2;0;0;0m▀[0m[38;2;0;0;0m[48;2;0;0;0m▀[0m[38;2;88;91;96m[48;2;73;73;77m▀[0m[38;2;0;0;0m[48;2;0;0;0m▀[0m[38;2;82;84;90m[48;2;73;76;85m▀[0m[38;2;0;0;0m[48;2;0;0;0m▀[0m[38;2;0;0;0m[48;2;0;0;0m▀[0m[38;2;0;0;0m[48;2;0;0;0m▀[0m
[38;2;199;191;178m[48;2;200;194;179m▀[0m[38;2;201;193;180m[48;2;201;193;180m▀[0m[38;2;201;193;179m[48;2;203;192;179m▀[0m[38;2;201;193;177m[48;2;204;193;179m▀[0m[38;2;205;193;179m[48;2;204;195;181m▀[0m[38;2;205;194;180m[48;2;204;195;179m▀[0m[38;2;206;195;179m[48;2;205;196;180m▀[0m[38;2;204;195;179m[48;2;207;196;183m▀[0m[38;2;205;196;182m[48;2;207;201;183m▀[0m[38;2;212;200;192m[48;2;208;196;184m▀[0m[38;2;243;236;218m[48;2;255;245;232m▀[0m[38;2;182;176;167m[48;2;76;74;71m▀[0m[38;2;0;0;0m[48;2;0;0;0m▀[0m[38;2;0;0;0m[48;2;37;46;54m▀[0m[38;2;0;0;0m[48;2;100;103;109m▀[0m[38;2;62;59;63m[48;2;109;112;112m▀[0m[38;2;122;124;124m[48;2;220;222;222m▀[0m[38;2;0;0;0m[48;2;247;249;251m▀[0m[38;2;0;0;0m[48;2;255;255;255m▀[0m[38;2;36;35;33m[48;2;255;255;255m▀[0m[38;2;146;150;146m[48;2;255;255;255m▀[0m[38;2;248;248;248m[48;2;144;147;152m▀[0m[38;2;243;243;245m[48;2;82;88;92m▀[0m[38;2;172;176;180m[48;2;27;27;31m▀[0m[38;2;73;75;77m[48;2;0;0;0m▀[0m[38;2;0;0;0m[48;2;0;0;0m▀[0m[38;2;79;84;87m[48;2;75;77;77m▀[0m[38;2;0;0;0m[48;2;0;0;0m▀[0m[38;2;0;0;0m[48;2;0;0;0m▀[0m[38;2;0;0;0m[48;2;0;0;0m▀[0m[38;2;91;93;102m[48;2;93;96;104m▀[0m[38;2;29;33;34m[48;2;35;39;41m▀[0m[38;2;0;0;0m[48;2;0;0;0m▀[0m[38;2;0;0;0m[48;2;0;0;0m▀[0m[38;2;255;255;255m[48;2;31;32;29m▀[0m[38;2;255;255;255m[48;2;255;255;255m▀[0m[38;2;255;255;255m[48;2;255;255;255m▀[0m[38;2;253;249;246m[48;2;255;255;255m▀[0m[38;2;206;192;176m[48;2;207;193;177m▀[0m[38;2;223;211;198m[48;2;224;208;199m▀[0m[38;2;222;210;198m[48;2;222;211;198m▀[0m[38;2;221;210;197m[48;2;223;212;198m▀[0m[38;2;223;212;198m[48;2;224;212;196m▀[0m[38;2;224;211;198m[48;2;223;212;200m▀[0m[38;2;223;212;199m[48;2;222;218;201m▀[0m[38;2;228;228;211m[48;2;237;226;218m▀[0m[38;2;231;225;210m[48;2;235;222;210m▀[0m[38;2;129;129;129m[48;2;139;142;139m▀[0m[38;2;135;139;139m[48;2;143;147;147m▀[0m[38;2;225;214;196m[48;2;222;210;190m▀[0m[38;2;247;231;218m[48;2;247;234;218m▀[0m[38;2;228;217;203m[48;2;227;219;205m▀[0m[38;2;228;218;204m[48;2;228;223;207m▀[0m[38;2;228;222;206m[48;2;232;225;210m▀[0m[38;2;230;224;209m[48;2;234;225;212m▀[0m[38;2;233;226;212m[48;2;236;225;211m▀[0m[38;2;233;227;212m[48;2;237;226;210m▀[0m[38;2;237;226;213m[48;2;238;227;211m▀[0m[38;2;237;226;212m[48;2;238;227;214m▀[0m[38;2;236;227;213m[48;2;237;228;216m▀[0m[38;2;237;228;216m[48;2;237;231;217m▀[0m[38;2;237;231;216m[48;2;238;231;219m▀[0m[38;2;239;231;219m[48;2;240;232;220m▀[0m[38;2;240;232;220m[48;2;244;233;219m▀[0m[38;2;249;238;222m[48;2;249;237;224m▀[0m[38;2;255;255;241m[48;2;255;255;245m▀[0m[38;2;255;255;255m[48;2;255;255;255m▀[0m[38;2;0;0;0m[48;2;9;9;10m▀[0m[38;2;0;0;0m[48;2;0;0;0m▀[0m[38;2;0;0;0m[48;2;0;0;0m▀[0m[38;2;56;59;63m[48;2;42;45;49m▀[0m[38;2;0;0;0m[48;2;0;0;0m▀[0m[38;2;69;72;77m[48;2;62;65;72m▀[0m[38;2;0;0;0m[48;2;0;0;0m▀[0m[38;2;0;0;0m[48;2;0;0;0m▀[0m[38;2;0;0;0m[48;2;0;0;0m▀[0m
[38;2;203;192;179m[48;2;204;192;178m▀[0m[38;2;201;193;177m[48;2;201;193;177m▀[0m[38;2;201;193;179m[48;2;205;194;178m▀[0m[38;2;204;195;179m[48;2;206;195;179m▀[0m[38;2;206;195;179m[48;2;206;197;183m▀[0m[38;2;205;196;180m[48;2;207;198;185m▀[0m[38;2;206;197;184m[48;2;209;198;185m▀[0m[38;2;209;198;185m[48;2;208;197;183m▀[0m[38;2;208;197;183m[48;2;207;196;180m▀[0m[38;2;208;195;179m[48;2;208;196;182m▀[0m[38;2;228;216;200m[48;2;216;205;192m▀[0m[38;2;207;200;185m[48;2;233;224;208m▀[0m[38;2;110;110;106m[48;2;255;240;223m▀[0m[38;2;238;230;221m[48;2;255;255;241m▀[0m[38;2;74;75;71m[48;2;230;221;211m▀[0m[38;2;0;0;0m[48;2;0;0;0m▀[0m[38;2;21;20;20m[48;2;0;0;0m▀[0m[38;2;33;35;35m[48;2;2;1;2m▀[0m[38;2;12;16;15m[48;2;0;0;0m▀[0m[38;2;7;10;9m[48;2;0;0;0m▀[0m[38;2;8;8;9m[48;2;0;0;0m▀[0m[38;2;0;0;0m[48;2;0;0;0m▀[0m[38;2;0;0;0m[48;2;0;0;0m▀[0m[38;2;0;0;0m[48;2;0;0;0m▀[0m[38;2;0;0;0m[48;2;95;95;95m▀[0m[38;2;0;0;0m[48;2;138;138;132m▀[0m[38;2;14;16;16m[48;2;85;85;85m▀[0m[38;2;0;0;0m[48;2;0;0;0m▀[0m[38;2;0;0;0m[48;2;0;0;0m▀[0m[38;2;0;0;0m[48;2;0;0;0m▀[0m[38;2;92;98;104m[48;2;93;101;105m▀[0m[38;2;47;49;50m[48;2;32;34;35m▀[0m[38;2;0;0;0m[48;2;0;0;0m▀[0m[38;2;0;0;0m[48;2;0;0;0m▀[0m[38;2;0;0;0m[48;2;0;0;0m▀[0m[38;2;159;164;165m[48;2;99;104;114m▀[0m[38;2;255;255;255m[48;2;255;255;255m▀[0m[38;2;228;220;208m[48;2;216;200;180m▀[0m[38;2;210;196;181m[48;2;221;207;192m▀[0m[38;2;224;212;199m[48;2;224;212;195m▀[0m[38;2;224;212;198m[48;2;224;213;199m▀[0m[38;2;224;212;198m[48;2;223;214;201m▀[0m[38;2;224;213;200m[48;2;224;216;203m▀[0m[38;2;223;214;201m[48;2;226;216;204m▀[0m[38;2;226;218;206m[48;2;223;216;208m▀[0m[38;2;233;225;220m[48;2;233;226;218m▀[0m[38;2;225;217;207m[48;2;223;217;200m▀[0m[38;2;154;151;151m[48;2;152;154;154m▀[0m[38;2;153;153;154m[48;2;159;162;166m▀[0m[38;2;219;203;186m[48;2;212;204;184m▀[0m[38;2;244;239;220m[48;2;250;244;227m▀[0m[38;2;230;223;208m[48;2;236;224;210m▀[0m[38;2;233;226;211m[48;2;234;225;211m▀[0m[38;2;235;226;212m[48;2;236;227;209m▀[0m[38;2;235;226;210m[48;2;238;227;210m▀[0m[38;2;238;227;210m[48;2;238;227;211m▀[0m[38;2;238;227;211m[48;2;238;227;216m▀[0m[38;2;235;228;213m[48;2;237;228;216m▀[0m[38;2;237;228;216m[48;2;238;230;217m▀[0m[38;2;238;230;218m[48;2;239;231;221m▀[0m[38;2;240;232;219m[48;2;241;233;220m▀[0m[38;2;240;234;219m[48;2;245;233;219m▀[0m[38;2;244;233;219m[48;2;245;234;220m▀[0m[38;2;241;233;221m[48;2;243;234;225m▀[0m[38;2;247;241;223m[48;2;251;240;232m▀[0m[38;2;255;255;240m[48;2;255;255;244m▀[0m[38;2;255;255;255m[48;2;255;255;255m▀[0m[38;2;18;18;18m[48;2;25;25;23m▀[0m[38;2;0;0;0m[48;2;0;0;0m▀[0m[38;2;0;0;0m[48;2;0;0;0m▀[0m[38;2;24;28;33m[48;2;14;14;18m▀[0m[38;2;0;0;0m[48;2;0;0;0m▀[0m[38;2;60;62;68m[48;2;55;58;60m▀[0m[38;2;0;0;0m[48;2;0;0;0m▀[0m[38;2;0;0;0m[48;2;0;0;0m▀[0m[38;2;0;0;0m[48;2;0;0;0m▀[0m
[38;2;203;192;178m[48;2;206;195;179m▀[0m[38;2;203;194;178m[48;2;206;195;181m▀[0m[38;2;206;195;179m[48;2;205;196;182m▀[0m[38;2;206;197;181m[48;2;209;198;184m▀[0m[38;2;208;199;185m[48;2;209;198;184m▀[0m[38;2;208;199;185m[48;2;209;197;181m▀[0m[38;2;209;198;182m[48;2;208;197;180m▀[0m[38;2;208;196;182m[48;2;209;198;182m▀[0m[38;2;208;197;181m[48;2;209;200;186m▀[0m[38;2;208;199;185m[48;2;209;200;187m▀[0m[38;2;211;204;192m[48;2;209;200;184m▀[0m[38;2;213;205;186m[48;2;209;200;184m▀[0m[38;2;218;209;190m[48;2;212;199;184m▀[0m[38;2;231;218;201m[48;2;223;211;195m▀[0m[38;2;255;252;230m[48;2;239;222;197m▀[0m[38;2;62;76;89m[48;2;255;255;255m▀[0m[38;2;27;32;41m[48;2;160;174;182m▀[0m[38;2;60;60;58m[48;2;0;0;0m▀[0m[38;2;0;0;0m[48;2;86;82;84m▀[0m[38;2;0;0;0m[48;2;108;110;115m▀[0m[38;2;0;0;0m[48;2;126;125;126m▀[0m[38;2;0;0;0m[48;2;179;176;178m▀[0m[38;2;29;29;27m[48;2;169;169;170m▀[0m[38;2;185;182;184m[48;2;31;28;28m▀[0m[38;2;100;100;100m[48;2;89;86;86m▀[0m[38;2;131;131;128m[48;2;110;110;110m▀[0m[38;2;198;195;195m[48;2;65;65;65m▀[0m[38;2;0;0;0m[48;2;0;0;0m▀[0m[38;2;0;0;0m[48;2;0;0;0m▀[0m[38;2;0;0;0m[48;2;0;0;0m▀[0m[38;2;136;140;141m[48;2;164;166;168m▀[0m[38;2;100;108;112m[48;2;109;111;115m▀[0m[38;2;0;0;0m[48;2;0;0;0m▀[0m[38;2;0;0;0m[48;2;0;0;0m▀[0m[38;2;0;0;0m[48;2;92;96;97m▀[0m[38;2;234;234;234m[48;2;255;255;255m▀[0m[38;2;255;255;255m[48;2;233;217;197m▀[0m[38;2;218;201;182m[48;2;227;211;198m▀[0m[38;2;224;212;195m[48;2;222;213;199m▀[0m[38;2;222;213;200m[48;2;223;214;203m▀[0m[38;2;223;214;203m[48;2;224;216;204m▀[0m[38;2;223;214;203m[48;2;224;216;204m▀[0m[38;2;224;216;204m[48;2;224;216;204m▀[0m[38;2;224;216;204m[48;2;225;217;204m▀[0m[38;2;225;217;204m[48;2;236;216;203m▀[0m[38;2;245;224;210m[48;2;237;226;209m▀[0m[38;2;230;214;189m[48;2;228;220;197m▀[0m[38;2;156;159;153m[48;2;162;164;166m▀[0m[38;2;155;160;166m[48;2;159;165;170m▀[0m[38;2;211;203;180m[48;2;208;197;180m▀[0m[38;2;255;248;232m[48;2;255;249;233m▀[0m[38;2;238;230;210m[48;2;239;225;209m▀[0m[38;2;238;226;213m[48;2;238;227;213m▀[0m[38;2;238;227;211m[48;2;236;230;214m▀[0m[38;2;236;230;213m[48;2;237;231;217m▀[0m[38;2;236;230;216m[48;2;239;231;218m▀[0m[38;2;239;228;217m[48;2;239;233;218m▀[0m[38;2;239;231;218m[48;2;240;234;219m▀[0m[38;2;240;232;219m[48;2;241;233;220m▀[0m[38;2;241;233;221m[48;2;243;234;218m▀[0m[38;2;243;234;218m[48;2;243;234;221m▀[0m[38;2;243;234;220m[48;2;244;235;223m▀[0m[38;2;243;235;223m[48;2;245;236;226m▀[0m[38;2;245;236;226m[48;2;246;237;228m▀[0m[38;2;251;239;232m[48;2;254;240;230m▀[0m[38;2;255;255;246m[48;2;255;254;246m▀[0m[38;2;255;255;255m[48;2;255;255;255m▀[0m[38;2;36;36;34m[48;2;47;47;45m▀[0m[38;2;0;0;0m[48;2;0;0;0m▀[0m[38;2;0;0;0m[48;2;0;0;0m▀[0m[38;2;11;11;11m[48;2;7;9;7m▀[0m[38;2;0;0;0m[48;2;0;0;0m▀[0m[38;2;54;57;59m[48;2;57;59;68m▀[0m[38;2;0;0;0m[48;2;0;0;0m▀[0m[38;2;0;0;0m[48;2;0;0;0m▀[0m[38;2;0;0;0m[48;2;0;0;0m▀[0m
[38;2;206;197;179m[48;2;214;206;186m▀[0m[38;2;206;200;189m[48;2;218;206;192m▀[0m[38;2;209;200;189m[48;2;220;206;193m▀[0m[38;2;211;200;182m[48;2;217;206;189m▀[0m[38;2;209;197;183m[48;2;217;204;186m▀[0m[38;2;209;197;181m[48;2;219;206;187m▀[0m[38;2;209;198;184m[48;2;219;207;196m▀[0m[38;2;207;205;191m[48;2;218;207;194m▀[0m[38;2;214;203;191m[48;2;216;207;186m▀[0m[38;2;213;204;183m[48;2;218;206;183m▀[0m[38;2;209;204;182m[48;2;216;207;187m▀[0m[38;2;209;198;185m[48;2;217;206;194m▀[0m[38;2;210;199;186m[48;2;214;206;192m▀[0m[38;2;218;206;192m[48;2;217;213;197m▀[0m[38;2;230;220;197m[48;2;231;220;207m▀[0m[38;2;255;255;255m[48;2;255;255;255m▀[0m[38;2;28;16;7m[48;2;110;103;100m▀[0m[38;2;0;0;0m[48;2;0;0;0m▀[0m[38;2;11;84;156m[48;2;0;99;214m▀[0m[38;2;105;98;102m[48;2;0;0;11m▀[0m[38;2;75;68;63m[48;2;0;0;0m▀[0m[38;2;11;7;7m[48;2;0;0;0m▀[0m[38;2;0;0;0m[48;2;0;0;0m▀[0m[38;2;68;68;68m[48;2;23;23;23m▀[0m[38;2;145;145;145m[48;2;0;0;0m▀[0m[38;2;0;0;0m[48;2;0;0;0m▀[0m[38;2;96;96;96m[48;2;90;93;93m▀[0m[38;2;0;0;0m[48;2;0;0;0m▀[0m[38;2;0;0;0m[48;2;0;0;0m▀[0m[38;2;0;0;0m[48;2;0;0;0m▀[0m[38;2;207;207;209m[48;2;129;132;133m▀[0m[38;2;118;120;120m[48;2;49;51;51m▀[0m[38;2;0;0;0m[48;2;0;0;0m▀[0m[38;2;0;0;0m[48;2;0;0;0m▀[0m[38;2;255;255;255m[48;2;76;78;76m▀[0m[38;2;255;255;237m[48;2;255;253;233m▀[0m[38;2;238;225;207m[48;2;235;228;213m▀[0m[38;2;225;219;204m[48;2;227;220;212m▀[0m[38;2;221;219;205m[48;2;226;220;211m▀[0m[38;2;224;216;207m[48;2;225;219;211m▀[0m[38;2;224;216;204m[48;2;230;219;210m▀[0m[38;2;224;216;204m[48;2;231;219;201m▀[0m[38;2;226;216;203m[48;2;232;220;203m▀[0m[38;2;228;217;203m[48;2;233;220;207m▀[0m[38;2;226;221;207m[48;2;236;225;207m▀[0m[38;2;238;230;211m[48;2;245;236;213m▀[0m[38;2;233;224;206m[48;2;234;221;204m▀[0m[38;2;173;173;179m[48;2;181;184;185m▀[0m[38;2;165;167;171m[48;2;169;171;176m▀[0m[38;2;205;194;178m[48;2;196;184;167m▀[0m[38;2;255;252;236m[48;2;255;255;239m▀[0m[38;2;243;228;213m[48;2;245;233;220m▀[0m[38;2;237;228;216m[48;2;243;234;220m▀[0m[38;2;237;232;221m[48;2;247;236;223m▀[0m[38;2;239;233;219m[48;2;245;238;224m▀[0m[38;2;245;233;222m[48;2;245;236;222m▀[0m[38;2;246;233;218m[48;2;249;238;220m▀[0m[38;2;246;237;219m[48;2;246;237;221m▀[0m[38;2;243;234;221m[48;2;244;237;232m▀[0m[38;2;241;234;222m[48;2;247;239;232m▀[0m[38;2;244;235;225m[48;2;249;240;231m▀[0m[38;2;245;236;226m[48;2;248;240;228m▀[0m[38;2;245;236;226m[48;2;248;239;227m▀[0m[38;2;248;237;227m[48;2;252;240;232m▀[0m[38;2;255;244;232m[48;2;254;246;240m▀[0m[38;2;255;254;248m[48;2;255;255;250m▀[0m[38;2;255;255;255m[48;2;255;255;255m▀[0m[38;2;60;60;58m[48;2;77;78;75m▀[0m[38;2;0;0;0m[48;2;0;0;0m▀[0m[38;2;0;0;0m[48;2;0;0;0m▀[0m[38;2;1;1;2m[48;2;0;0;0m▀[0m[38;2;0;0;0m[48;2;0;0;0m▀[0m[38;2;57;57;64m[48;2;59;59;66m▀[0m[38;2;0;0;0m[48;2;1;0;0m▀[0m[38;2;0;0;0m[48;2;0;0;0m▀[0m[38;2;0;0;0m[48;2;0;0;0m▀[0m
[38;2;227;219;206m[48;2;89;87;79m▀[0m[38;2;230;219;206m[48;2;91;87;79m▀[0m[38;2;230;218;201m[48;2;92;88;82m▀[0m[38;2;228;218;208m[48;2;95;88;85m▀[0m[38;2;227;221;207m[48;2;91;89;82m▀[0m[38;2;230;223;208m[48;2;91;89;83m▀[0m[38;2;230;224;209m[48;2;90;89;79m▀[0m[38;2;228;222;204m[48;2;90;88;83m▀[0m[38;2;228;220;207m[48;2;89;89;84m▀[0m[38;2;228;220;204m[48;2;92;90;84m▀[0m[38;2;230;221;211m[48;2;98;93;87m▀[0m[38;2;232;221;209m[48;2;93;91;86m▀[0m[38;2;228;222;208m[48;2;95;95;89m▀[0m[38;2;234;226;214m[48;2;101;97;99m▀[0m[38;2;239;233;218m[48;2;105;101;101m▀[0m[38;2;255;255;255m[48;2;141;132;130m▀[0m[38;2;200;193;190m[48;2;136;128;124m▀[0m[38;2;0;0;0m[48;2;0;0;0m▀[0m[38;2;0;101;165m[48;2;0;39;77m▀[0m[38;2;0;99;145m[48;2;0;138;195m▀[0m[38;2;0;0;0m[48;2;0;0;0m▀[0m[38;2;0;0;0m[48;2;0;0;0m▀[0m[38;2;0;0;0m[48;2;0;0;0m▀[0m[38;2;0;0;0m[48;2;1;1;1m▀[0m[38;2;0;0;0m[48;2;0;0;0m▀[0m[38;2;0;0;0m[48;2;0;0;0m▀[0m[38;2;54;57;59m[48;2;0;0;0m▀[0m[38;2;0;0;2m[48;2;0;0;0m▀[0m[38;2;0;0;0m[48;2;0;0;0m▀[0m[38;2;0;0;0m[48;2;0;0;0m▀[0m[38;2;0;0;0m[48;2;0;0;0m▀[0m[38;2;0;0;0m[48;2;0;0;0m▀[0m[38;2;222;218;213m[48;2;155;154;144m▀[0m[38;2;239;239;233m[48;2;195;195;183m▀[0m[38;2;42;45;46m[48;2;165;160;150m▀[0m[38;2;255;255;255m[48;2;131;124;116m▀[0m[38;2;255;255;244m[48;2;116;112;105m▀[0m[38;2;255;249;237m[48;2;110;103;96m▀[0m[38;2;255;249;237m[48;2;110;102;97m▀[0m[38;2;255;251;237m[48;2;109;102;98m▀[0m[38;2;255;251;237m[48;2;110;105;99m▀[0m[38;2;255;252;235m[48;2;110;103;99m▀[0m[38;2;255;255;239m[48;2;111;109;99m▀[0m[38;2;255;255;246m[48;2;115;111;110m▀[0m[38;2;255;255;247m[48;2;115;112;112m▀[0m[38;2;255;255;253m[48;2;128;119;120m▀[0m[38;2;255;255;244m[48;2;105;96;89m▀[0m[38;2;198;201;204m[48;2;157;160;166m▀[0m[38;2;182;184;186m[48;2;201;206;210m▀[0m[38;2;226;214;197m[48;2;69;61;57m▀[0m[38;2;255;255;255m[48;2;140;139;137m▀[0m[38;2;255;255;255m[48;2;119;119;117m▀[0m[38;2;255;255;255m[48;2;122;122;122m▀[0m[38;2;255;255;255m[48;2;123;123;119m▀[0m[38;2;255;255;255m[48;2;127;123;125m▀[0m[38;2;255;255;255m[48;2;128;126;123m▀[0m[38;2;255;255;255m[48;2;128;128;128m▀[0m[38;2;255;255;255m[48;2;126;124;127m▀[0m[38;2;255;255;255m[48;2;124;125;120m▀[0m[38;2;255;255;255m[48;2;126;129;128m▀[0m[38;2;255;255;255m[48;2;129;129;129m▀[0m[38;2;255;255;255m[48;2;128;128;129m▀[0m[38;2;255;255;255m[48;2;130;130;128m▀[0m[38;2;255;255;255m[48;2;130;131;125m▀[0m[38;2;255;255;255m[48;2;139;138;135m▀[0m[38;2;255;255;255m[48;2;146;146;143m▀[0m[38;2;255;255;255m[48;2;211;204;203m▀[0m[38;2;111;109;103m[48;2;48;51;50m▀[0m[38;2;0;0;0m[48;2;0;0;0m▀[0m[38;2;0;0;0m[48;2;0;0;0m▀[0m[38;2;0;0;0m[48;2;0;0;0m▀[0m[38;2;0;0;0m[48;2;0;0;0m▀[0m[38;2;63;65;71m[48;2;65;65;70m▀[0m[38;2;0;2;1m[48;2;0;3;3m▀[0m[38;2;0;0;0m[48;2;0;0;0m▀[0m[38;2;0;0;0m[48;2;0;0;0m▀[0m
[38;2;191;178;163m[48;2;191;182;168m▀[0m[38;2;190;179;160m[48;2;196;183;167m▀[0m[38;2;191;180;162m[48;2;197;184;168m▀[0m[38;2;198;178;163m[48;2;194;185;172m▀[0m[38;2;195;181;164m[48;2;195;187;176m▀[0m[38;2;193;180;165m[48;2;193;186;178m▀[0m[38;2;192;180;166m[48;2;196;187;178m▀[0m[38;2;195;181;169m[48;2;197;194;178m▀[0m[38;2;196;182;167m[48;2;200;195;181m▀[0m[38;2;195;183;170m[48;2;205;193;177m▀[0m[38;2;198;184;171m[48;2;206;194;178m▀[0m[38;2;197;185;172m[48;2;206;197;181m▀[0m[38;2;197;186;170m[48;2;207;196;183m▀[0m[38;2;197;186;172m[48;2;207;196;179m▀[0m[38;2;201;191;181m[48;2;206;201;186m▀[0m[38;2;219;208;191m[48;2;225;211;196m▀[0m[38;2;248;235;218m[48;2;255;255;250m▀[0m[38;2;0;0;0m[48;2;58;42;37m▀[0m[38;2;0;0;0m[48;2;0;0;0m▀[0m[38;2;0;154;238m[48;2;0;156;253m▀[0m[38;2;0;0;0m[48;2;0;0;0m▀[0m[38;2;0;0;0m[48;2;0;0;0m▀[0m[38;2;0;0;0m[48;2;0;0;0m▀[0m[38;2;0;0;0m[48;2;0;0;0m▀[0m[38;2;0;0;0m[48;2;0;1;1m▀[0m[38;2;0;1;1m[48;2;0;1;1m▀[0m[38;2;0;1;1m[48;2;0;0;1m▀[0m[38;2;0;0;0m[48;2;0;0;0m▀[0m[38;2;0;0;0m[48;2;0;0;0m▀[0m[38;2;0;0;0m[48;2;0;0;0m▀[0m[38;2;0;0;0m[48;2;59;62;64m▀[0m[38;2;0;0;0m[48;2;0;0;0m▀[0m[38;2;151;138;120m[48;2;116;104;93m▀[0m[38;2;234;211;192m[48;2;255;255;236m▀[0m[38;2;185;167;147m[48;2;220;204;183m▀[0m[38;2;189;169;156m[48;2;216;196;182m▀[0m[38;2;187;169;156m[48;2;214;197;181m▀[0m[38;2;185;167;154m[48;2;214;195;184m▀[0m[38;2;179;166;149m[48;2;213;196;181m▀[0m[38;2;180;164;151m[48;2;213;197;181m▀[0m[38;2;178;159;150m[48;2;211;198;183m▀[0m[38;2;174;163;150m[48;2;214;200;181m▀[0m[38;2;173;160;150m[48;2;217;200;181m▀[0m[38;2;174;158;146m[48;2;218;200;184m▀[0m[38;2;171;153;143m[48;2;218;201;185m▀[0m[38;2;179;159;145m[48;2;224;210;194m▀[0m[38;2;136;117;104m[48;2;176;162;144m▀[0m[38;2;150;153;157m[48;2;177;180;181m▀[0m[38;2;234;241;241m[48;2;255;255;255m▀[0m[38;2;93;76;61m[48;2;146;127;110m▀[0m[38;2;190;167;152m[48;2;239;219;200m▀[0m[38;2;169;149;135m[48;2;217;197;182m▀[0m[38;2;171;155;140m[48;2;218;200;183m▀[0m[38;2;168;152;139m[48;2;217;196;181m▀[0m[38;2;168;152;136m[48;2;214;197;178m▀[0m[38;2;168;152;136m[48;2;211;197;178m▀[0m[38;2;168;152;137m[48;2;214;197;181m▀[0m[38;2;165;151;135m[48;2;217;197;180m▀[0m[38;2;166;149;133m[48;2;217;198;179m▀[0m[38;2;164;147;135m[48;2;217;196;179m▀[0m[38;2;164;147;131m[48;2;214;197;180m▀[0m[38;2;165;149;133m[48;2;216;195;180m▀[0m[38;2;167;147;133m[48;2;216;195;180m▀[0m[38;2;164;147;130m[48;2;219;195;179m▀[0m[38;2;168;149;135m[48;2;218;198;184m▀[0m[38;2;178;157;142m[48;2;225;205;187m▀[0m[38;2;234;213;194m[48;2;255;255;247m▀[0m[38;2;51;49;46m[48;2;87;86;78m▀[0m[38;2;0;0;0m[48;2;0;0;0m▀[0m[38;2;0;0;0m[48;2;0;0;0m▀[0m[38;2;0;0;0m[48;2;0;0;0m▀[0m[38;2;0;0;0m[48;2;0;0;0m▀[0m[38;2;70;70;77m[48;2;71;69;76m▀[0m[38;2;5;4;4m[48;2;6;6;7m▀[0m[38;2;0;0;0m[48;2;0;0;0m▀[0m[38;2;0;0;0m[48;2;0;0;0m▀[0m
[38;2;191;179;163m[48;2;192;181;165m▀[0m[38;2;194;180;167m[48;2;190;181;168m▀[0m[38;2;190;181;168m[48;2;192;181;169m▀[0m[38;2;190;183;169m[48;2;191;182;170m▀[0m[38;2;190;182;170m[48;2;194;183;171m▀[0m[38;2;192;183;171m[48;2;195;186;173m▀[0m[38;2;198;185;177m[48;2;198;187;173m▀[0m[38;2;198;190;177m[48;2;199;189;172m▀[0m[38;2;200;190;172m[48;2;200;189;174m▀[0m[38;2;201;191;172m[48;2;200;190;176m▀[0m[38;2;203;192;174m[48;2;199;191;178m▀[0m[38;2;199;194;176m[48;2;199;192;180m▀[0m[38;2;197;195;181m[48;2;199;194;180m▀[0m[38;2;199;192;186m[48;2;203;194;181m▀[0m[38;2;209;198;185m[48;2;205;194;181m▀[0m[38;2;216;204;191m[48;2;212;200;189m▀[0m[38;2;255;255;238m[48;2;251;238;220m▀[0m[38;2;144;133;125m[48;2;218;207;197m▀[0m[38;2;0;0;0m[48;2;0;0;0m▀[0m[38;2;0;115;200m[48;2;0;48;105m▀[0m[38;2;0;32;49m[48;2;0;103;170m▀[0m[38;2;0;0;0m[48;2;0;0;0m▀[0m[38;2;0;0;0m[48;2;1;0;0m▀[0m[38;2;0;1;1m[48;2;1;1;0m▀[0m[38;2;0;1;1m[48;2;0;1;1m▀[0m[38;2;0;0;1m[48;2;0;0;0m▀[0m[38;2;3;3;3m[48;2;11;11;6m▀[0m[38;2;0;0;0m[48;2;0;0;0m▀[0m[38;2;0;0;0m[48;2;0;0;0m▀[0m[38;2;0;0;0m[48;2;0;0;0m▀[0m[38;2;255;255;255m[48;2;255;255;255m▀[0m[38;2;20;28;33m[48;2;56;61;68m▀[0m[38;2;62;56;48m[48;2;37;35;28m▀[0m[38;2;255;247;225m[48;2;255;247;225m▀[0m[38;2;207;193;177m[48;2;209;191;178m▀[0m[38;2;203;186;171m[48;2;204;187;172m▀[0m[38;2;203;189;173m[48;2;201;185;170m▀[0m[38;2;203;189;173m[48;2;200;186;171m▀[0m[38;2;204;183;169m[48;2;201;185;170m▀[0m[38;2;200;184;169m[48;2;201;185;170m▀[0m[38;2;199;185;170m[48;2;200;186;170m▀[0m[38;2;200;189;170m[48;2;203;186;171m▀[0m[38;2;205;189;169m[48;2;203;186;171m▀[0m[38;2;207;184;170m[48;2;203;186;171m▀[0m[38;2;206;186;169m[48;2;199;185;170m▀[0m[38;2;214;203;189m[48;2;223;206;191m▀[0m[38;2;154;140;127m[48;2;140;128;111m▀[0m[38;2;172;179;179m[48;2;168;174;176m▀[0m[38;2;255;255;255m[48;2;255;255;255m▀[0m[38;2;123;110;95m[48;2;110;101;88m▀[0m[38;2;223;203;185m[48;2;223;204;186m▀[0m[38;2;198;184;169m[48;2;198;184;169m▀[0m[38;2;204;187;170m[48;2;199;185;170m▀[0m[38;2;201;185;170m[48;2;201;185;170m▀[0m[38;2;200;184;169m[48;2;201;185;169m▀[0m[38;2;200;184;169m[48;2;203;185;170m▀[0m[38;2;201;185;169m[48;2;201;185;169m▀[0m[38;2;205;185;174m[48;2;200;186;170m▀[0m[38;2;205;185;174m[48;2;200;186;170m▀[0m[38;2;199;185;170m[48;2;199;185;170m▀[0m[38;2;201;185;170m[48;2;201;185;170m▀[0m[38;2;201;185;170m[48;2;201;185;170m▀[0m[38;2;201;184;169m[48;2;200;184;169m▀[0m[38;2;201;185;170m[48;2;201;185;169m▀[0m[38;2;207;190;174m[48;2;200;186;174m▀[0m[38;2;211;195;179m[48;2;208;196;180m▀[0m[38;2;255;255;234m[48;2;255;255;234m▀[0m[38;2;91;87;83m[48;2;104;103;96m▀[0m[38;2;0;0;0m[48;2;0;0;0m▀[0m[38;2;0;0;0m[48;2;0;0;0m▀[0m[38;2;0;0;0m[48;2;0;0;0m▀[0m[38;2;0;0;0m[48;2;0;0;0m▀[0m[38;2;72;72;73m[48;2;72;72;79m▀[0m[38;2;10;10;11m[48;2;12;12;12m▀[0m[38;2;0;0;0m[48;2;0;0;0m▀[0m[38;2;0;0;0m[48;2;0;0;0m▀[0m
[38;2;191;182;169m[48;2;191;184;170m▀[0m[38;2;190;181;169m[48;2;191;184;169m▀[0m[38;2;191;182;169m[48;2;196;184;170m▀[0m[38;2;193;184;171m[48;2;198;186;172m▀[0m[38;2;198;186;174m[48;2;197;189;174m▀[0m[38;2;198;187;174m[48;2;197;189;176m▀[0m[38;2;199;189;174m[48;2;198;190;176m▀[0m[38;2;198;190;173m[48;2;199;193;179m▀[0m[38;2;200;190;176m[48;2;199;194;180m▀[0m[38;2;199;193;178m[48;2;199;192;180m▀[0m[38;2;199;192;180m[48;2;204;193;180m▀[0m[38;2;201;193;181m[48;2;206;194;181m▀[0m[38;2;205;193;181m[48;2;201;195;176m▀[0m[38;2;203;194;180m[48;2;204;195;182m▀[0m[38;2;203;196;182m[48;2;206;195;183m▀[0m[38;2;210;201;187m[48;2;210;198;186m▀[0m[38;2;228;222;203m[48;2;217;211;197m▀[0m[38;2;255;254;239m[48;2;255;255;252m▀[0m[38;2;0;0;0m[48;2;85;73;69m▀[0m[38;2;0;0;0m[48;2;0;0;0m▀[0m[38;2;0;159;255m[48;2;0;162;255m▀[0m[38;2;0;0;0m[48;2;0;35;57m▀[0m[38;2;1;0;0m[48;2;0;0;0m▀[0m[38;2;1;0;0m[48;2;0;0;0m▀[0m[38;2;1;1;1m[48;2;0;1;0m▀[0m[38;2;0;0;1m[48;2;0;0;1m▀[0m[38;2;11;11;9m[48;2;9;9;7m▀[0m[38;2;0;0;0m[48;2;0;0;0m▀[0m[38;2;0;0;0m[48;2;0;0;0m▀[0m[38;2;0;0;0m[48;2;0;0;0m▀[0m[38;2;255;255;255m[48;2;255;255;255m▀[0m[38;2;55;61;64m[48;2;35;38;45m▀[0m[38;2;21;19;8m[48;2;9;7;2m▀[0m[38;2;255;250;225m[48;2;255;247;224m▀[0m[38;2;208;194;178m[48;2;210;193;177m▀[0m[38;2;206;190;172m[48;2;199;183;168m▀[0m[38;2;201;185;170m[48;2;199;183;168m▀[0m[38;2;201;184;169m[48;2;199;181;168m▀[0m[38;2;201;185;170m[48;2;203;183;169m▀[0m[38;2;205;185;170m[48;2;206;190;174m▀[0m[38;2;200;186;174m[48;2;210;191;180m▀[0m[38;2;205;185;170m[48;2;207;190;173m▀[0m[38;2;203;186;170m[48;2;200;186;171m▀[0m[38;2;200;187;171m[48;2;204;191;169m▀[0m[38;2;204;184;171m[48;2;206;186;176m▀[0m[38;2;235;211;197m[48;2;237;218;200m▀[0m[38;2;122;105;93m[48;2;90;82;70m▀[0m[38;2;164;166;172m[48;2;172;178;186m▀[0m[38;2;255;255;255m[48;2;255;255;255m▀[0m[38;2;79;74;62m[48;2;51;49;46m▀[0m[38;2;225;205;183m[48;2;218;195;173m▀[0m[38;2;198;184;168m[48;2;207;190;173m▀[0m[38;2;201;185;170m[48;2;204;186;171m▀[0m[38;2;201;185;170m[48;2;200;186;171m▀[0m[38;2;199;185;170m[48;2;201;185;172m▀[0m[38;2;199;185;170m[48;2;200;186;171m▀[0m[38;2;201;185;169m[48;2;207;184;170m▀[0m[38;2;201;185;170m[48;2;203;189;173m▀[0m[38;2;201;185;174m[48;2;204;187;172m▀[0m[38;2;204;190;173m[48;2;212;196;180m▀[0m[38;2;205;187;172m[48;2;214;198;182m▀[0m[38;2;204;187;171m[48;2;218;201;185m▀[0m[38;2;204;187;172m[48;2;223;207;192m▀[0m[38;2;207;190;172m[48;2;231;210;197m▀[0m[38;2;209;195;176m[48;2;237;219;206m▀[0m[38;2;217;200;180m[48;2;254;232;217m▀[0m[38;2;255;255;235m[48;2;255;255;255m▀[0m[38;2;126;124;116m[48;2;178;168;160m▀[0m[38;2;0;0;0m[48;2;0;0;0m▀[0m[38;2;0;0;0m[48;2;0;0;0m▀[0m[38;2;0;0;0m[48;2;0;0;0m▀[0m[38;2;0;0;0m[48;2;0;0;0m▀[0m[38;2;70;70;77m[48;2;71;74;78m▀[0m[38;2;14;14;15m[48;2;16;16;17m▀[0m[38;2;0;0;0m[48;2;0;0;0m▀[0m[38;2;0;0;0m[48;2;0;0;0m▀[0m
[38;2;192;183;170m[48;2;196;185;173m▀[0m[38;2;197;185;171m[48;2;195;189;174m▀[0m[38;2;198;186;173m[48;2;196;190;174m▀[0m[38;2;198;187;174m[48;2;197;189;174m▀[0m[38;2;196;190;174m[48;2;198;190;176m▀[0m[38;2;197;191;177m[48;2;201;190;177m▀[0m[38;2;198;192;177m[48;2;198;193;178m▀[0m[38;2;198;193;179m[48;2;200;194;180m▀[0m[38;2;201;195;181m[48;2;205;194;180m▀[0m[38;2;203;194;181m[48;2;204;193;180m▀[0m[38;2;204;193;179m[48;2;200;192;179m▀[0m[38;2;201;193;180m[48;2;200;192;179m▀[0m[38;2;203;196;182m[48;2;210;198;185m▀[0m[38;2;205;196;183m[48;2;209;196;184m▀[0m[38;2;206;197;184m[48;2;205;196;184m▀[0m[38;2;209;200;189m[48;2;211;200;189m▀[0m[38;2;220;208;197m[48;2;219;210;198m▀[0m[38;2;255;254;239m[48;2;243;231;218m▀[0m[38;2;184;171;165m[48;2;255;250;240m▀[0m[38;2;0;0;0m[48;2;0;0;0m▀[0m[38;2;0;68;139m[48;2;0;0;0m▀[0m[38;2;0;144;234m[48;2;0;228;255m▀[0m[38;2;0;0;0m[48;2;2;0;0m▀[0m[38;2;0;0;0m[48;2;0;0;0m▀[0m[38;2;0;0;0m[48;2;0;0;0m▀[0m[38;2;0;0;1m[48;2;0;0;0m▀[0m[38;2;1;3;3m[48;2;0;0;0m▀[0m[38;2;0;0;0m[48;2;0;0;0m▀[0m[38;2;0;0;0m[48;2;0;0;0m▀[0m[38;2;0;0;0m[48;2;0;0;0m▀[0m[38;2;255;255;255m[48;2;240;238;243m▀[0m[38;2;38;44;49m[48;2;38;45;49m▀[0m[38;2;2;1;0m[48;2;3;1;0m▀[0m[38;2;255;253;230m[48;2;255;255;236m▀[0m[38;2;212;196;177m[48;2;223;203;185m▀[0m[38;2;203;190;172m[48;2;217;199;183m▀[0m[38;2;204;186;171m[48;2;212;193;180m▀[0m[38;2;204;190;179m[48;2;220;200;187m▀[0m[38;2;214;203;186m[48;2;217;203;187m▀[0m[38;2;237;219;206m[48;2;41;42;33m▀[0m[38;2;239;221;208m[48;2;0;0;0m▀[0m[38;2;248;227;208m[48;2;17;18;14m▀[0m[38;2;245;225;210m[48;2;59;58;51m▀[0m[38;2;221;201;186m[48;2;207;194;177m▀[0m[38;2;210;190;179m[48;2;231;211;194m▀[0m[38;2;240;220;203m[48;2;243;219;197m▀[0m[38;2;71;62;50m[48;2;70;64;54m▀[0m[38;2;212;219;227m[48;2;255;255;255m▀[0m[38;2;255;255;255m[48;2;255;255;255m▀[0m[38;2;64;69;68m[48;2;129;132;138m▀[0m[38;2;189;170;149m[48;2;138;124;109m▀[0m[38;2;224;206;186m[48;2;255;251;232m▀[0m[38;2;213;194;179m[48;2;246;225;208m▀[0m[38;2;209;193;176m[48;2;247;230;214m▀[0m[38;2;209;192;176m[48;2;243;225;208m▀[0m[38;2;211;192;177m[48;2;240;221;204m▀[0m[38;2;214;195;180m[48;2;255;239;222m▀[0m[38;2;223;207;191m[48;2;195;184;171m▀[0m[38;2;248;231;210m[48;2;46;46;39m▀[0m[38;2;255;236;221m[48;2;32;31;29m▀[0m[38;2;255;233;219m[48;2;0;0;0m▀[0m[38;2;249;230;214m[48;2;0;0;0m▀[0m[38;2;247;230;214m[48;2;0;0;0m▀[0m[38;2;241;221;208m[48;2;0;0;0m▀[0m[38;2;224;211;198m[48;2;0;0;0m▀[0m[38;2;207;191;180m[48;2;0;0;0m▀[0m[38;2;191;179;168m[48;2;0;0;0m▀[0m[38;2;68;71;64m[48;2;0;0;0m▀[0m[38;2;0;0;0m[48;2;0;0;0m▀[0m[38;2;0;0;0m[48;2;0;0;0m▀[0m[38;2;0;0;0m[48;2;0;0;0m▀[0m[38;2;0;0;0m[48;2;0;0;0m▀[0m[38;2;74;77;82m[48;2;76;76;81m▀[0m[38;2;23;23;21m[48;2;29;29;30m▀[0m[38;2;0;0;0m[48;2;0;0;0m▀[0m[38;2;0;0;0m[48;2;0;0;0m▀[0m
[38;2;194;189;174m[48;2;196;191;176m▀[0m[38;2;196;190;176m[48;2;198;190;177m▀[0m[38;2;198;190;173m[48;2;203;191;177m▀[0m[38;2;201;191;177m[48;2;203;192;178m▀[0m[38;2;201;191;177m[48;2;200;197;180m▀[0m[38;2;200;192;179m[48;2;201;195;181m▀[0m[38;2;201;195;181m[48;2;201;193;179m▀[0m[38;2;203;194;180m[48;2;203;196;181m▀[0m[38;2;205;193;181m[48;2;203;194;182m▀[0m[38;2;205;196;180m[48;2;228;218;205m▀[0m[38;2;228;218;208m[48;2;141;139;131m▀[0m[38;2;248;239;220m[48;2;17;21;22m▀[0m[38;2;218;211;195m[48;2;205;196;184m▀[0m[38;2;213;206;196m[48;2;218;207;194m▀[0m[38;2;228;220;207m[48;2;123;122;114m▀[0m[38;2;235;223;211m[48;2;108;106;100m▀[0m[38;2;223;214;205m[48;2;196;189;177m▀[0m[38;2;230;218;209m[48;2;248;237;225m▀[0m[38;2;255;255;255m[48;2;255;255;255m▀[0m[38;2;128;115;104m[48;2;73;64;55m▀[0m[38;2;0;0;0m[48;2;0;0;0m▀[0m[38;2;0;200;255m[48;2;0;84;150m▀[0m[38;2;0;82;131m[48;2;0;248;255m▀[0m[38;2;0;0;0m[48;2;0;0;0m▀[0m[38;2;0;0;0m[48;2;0;0;0m▀[0m[38;2;0;0;0m[48;2;0;0;0m▀[0m[38;2;0;0;0m[48;2;0;0;0m▀[0m[38;2;0;0;0m[48;2;0;0;0m▀[0m[38;2;0;0;0m[48;2;0;0;0m▀[0m[38;2;0;0;0m[48;2;0;0;0m▀[0m[38;2;228;231;236m[48;2;227;230;232m▀[0m[38;2;38;42;46m[48;2;61;63;68m▀[0m[38;2;23;19;18m[48;2;0;0;0m▀[0m[38;2;255;255;255m[48;2;82;77;71m▀[0m[38;2;255;255;241m[48;2;60;58;55m▀[0m[38;2;255;255;240m[48;2;54;50;52m▀[0m[38;2;255;255;238m[48;2;47;44;46m▀[0m[38;2;255;255;243m[48;2;47;45;43m▀[0m[38;2;255;255;248m[48;2;52;48;47m▀[0m[38;2;255;243;225m[48;2;61;54;54m▀[0m[38;2;255;240;225m[48;2;50;46;45m▀[0m[38;2;237;224;208m[48;2;38;37;37m▀[0m[38;2;226;213;198m[48;2;28;27;23m▀[0m[38;2;255;255;239m[48;2;0;0;0m▀[0m[38;2;255;255;239m[48;2;0;0;0m▀[0m[38;2;253;231;209m[48;2;0;0;0m▀[0m[38;2;76;74;64m[48;2;75;78;81m▀[0m[38;2;255;255;255m[48;2;255;255;255m▀[0m[38;2;255;255;255m[48;2;255;255;255m▀[0m[38;2;237;239;245m[48;2;255;255;255m▀[0m[38;2;35;28;20m[48;2;0;0;0m▀[0m[38;2;210;198;182m[48;2;0;0;0m▀[0m[38;2;198;192;178m[48;2;0;0;0m▀[0m[38;2;212;205;193m[48;2;0;0;0m▀[0m[38;2;220;209;197m[48;2;0;0;0m▀[0m[38;2;217;206;193m[48;2;0;0;0m▀[0m[38;2;221;209;197m[48;2;0;0;0m▀[0m[38;2;220;212;200m[48;2;0;0;0m▀[0m[38;2;177;168;156m[48;2;0;0;0m▀[0m[38;2;177;176;163m[48;2;0;0;0m▀[0m[38;2;196;195;182m[48;2;0;0;0m▀[0m[38;2;180;176;164m[48;2;0;0;0m▀[0m[38;2;158;157;144m[48;2;0;0;0m▀[0m[38;2;154;149;138m[48;2;0;0;0m▀[0m[38;2;162;159;150m[48;2;0;0;0m▀[0m[38;2;165;163;153m[48;2;0;0;0m▀[0m[38;2;184;185;178m[48;2;0;0;0m▀[0m[38;2;28;28;28m[48;2;0;0;0m▀[0m[38;2;0;0;0m[48;2;0;0;0m▀[0m[38;2;0;0;0m[48;2;0;0;0m▀[0m[38;2;0;0;0m[48;2;0;0;0m▀[0m[38;2;0;0;0m[48;2;0;0;0m▀[0m[38;2;76;76;84m[48;2;78;78;83m▀[0m[38;2;38;38;39m[48;2;46;46;50m▀[0m[38;2;0;0;0m[48;2;0;0;0m▀[0m[38;2;0;0;0m[48;2;0;0;0m▀[0m
[38;2;200;190;176m[48;2;205;193;180m▀[0m[38;2;205;192;177m[48;2;207;200;185m▀[0m[38;2;204;195;182m[48;2;217;210;195m▀[0m[38;2;201;194;182m[48;2;240;234;216m▀[0m[38;2;199;197;183m[48;2;253;243;228m▀[0m[38;2;206;195;185m[48;2;255;255;238m▀[0m[38;2;209;198;186m[48;2;255;255;245m▀[0m[38;2;214;203;191m[48;2;255;255;243m▀[0m[38;2;216;205;193m[48;2;255;255;248m▀[0m[38;2;227;219;207m[48;2;255;255;246m▀[0m[38;2;181;176;162m[48;2;255;255;255m▀[0m[38;2;106;104;93m[48;2;255;255;255m▀[0m[38;2;220;211;195m[48;2;255;255;255m▀[0m[38;2;227;221;201m[48;2;255;255;255m▀[0m[38;2;187;182;167m[48;2;255;255;255m▀[0m[38;2;186;179;167m[48;2;255;255;255m▀[0m[38;2;224;216;203m[48;2;255;255;255m▀[0m[38;2;255;255;243m[48;2;255;255;255m▀[0m[38;2;255;255;255m[48;2;57;52;49m▀[0m[38;2;0;0;0m[48;2;0;0;0m▀[0m[38;2;0;0;0m[48;2;0;0;0m▀[0m[38;2;0;0;0m[48;2;0;0;0m▀[0m[38;2;0;176;255m[48;2;255;255;255m▀[0m[38;2;0;0;0m[48;2;241;230;227m▀[0m[38;2;0;0;0m[48;2;39;41;37m▀[0m[38;2;0;0;0m[48;2;0;0;0m▀[0m[38;2;0;0;0m[48;2;0;0;0m▀[0m[38;2;29;29;31m[48;2;9;9;9m▀[0m[38;2;123;125;129m[48;2;255;255;255m▀[0m[38;2;0;0;0m[48;2;0;0;0m▀[0m[38;2;235;237;237m[48;2;225;224;224m▀[0m[38;2;76;81;77m[48;2;78;78;79m▀[0m[38;2;0;0;0m[48;2;0;0;0m▀[0m[38;2;0;0;0m[48;2;0;0;0m▀[0m[38;2;0;0;0m[48;2;0;0;0m▀[0m[38;2;0;0;0m[48;2;0;0;0m▀[0m[38;2;0;0;0m[48;2;0;0;0m▀[0m[38;2;0;0;0m[48;2;0;0;0m▀[0m[38;2;0;0;0m[48;2;0;0;0m▀[0m[38;2;0;0;0m[48;2;0;0;0m▀[0m[38;2;0;0;0m[48;2;0;0;7m▀[0m[38;2;0;0;0m[48;2;7;19;35m▀[0m[38;2;0;0;0m[48;2;5;10;20m▀[0m[38;2;0;0;0m[48;2;150;150;151m▀[0m[38;2;21;23;28m[48;2;255;255;255m▀[0m[38;2;0;0;0m[48;2;136;136;132m▀[0m[38;2;154;155;152m[48;2;255;255;255m▀[0m[38;2;255;255;255m[48;2;255;255;255m▀[0m[38;2;255;255;255m[48;2;255;255;255m▀[0m[38;2;255;255;255m[48;2;255;255;255m▀[0m[38;2;189;191;191m[48;2;255;255;255m▀[0m[38;2;1;1;3m[48;2;255;255;255m▀[0m[38;2;0;0;0m[48;2;172;170;174m▀[0m[38;2;0;0;0m[48;2;0;0;0m▀[0m[38;2;0;0;0m[48;2;62;69;72m▀[0m[38;2;0;0;0m[48;2;89;92;101m▀[0m[38;2;20;20;25m[48;2;92;99;106m▀[0m[38;2;30;30;31m[48;2;86;87;84m▀[0m[38;2;0;0;0m[48;2;0;0;0m▀[0m[38;2;0;0;0m[48;2;255;255;255m▀[0m[38;2;0;0;0m[48;2;255;255;255m▀[0m[38;2;0;0;0m[48;2;255;255;255m▀[0m[38;2;15;12;17m[48;2;255;255;255m▀[0m[38;2;27;23;27m[48;2;255;255;255m▀[0m[38;2;8;6;9m[48;2;255;255;255m▀[0m[38;2;0;0;0m[48;2;116;113;116m▀[0m[38;2;0;0;0m[48;2;0;0;0m▀[0m[38;2;0;0;0m[48;2;0;0;0m▀[0m[38;2;0;0;0m[48;2;0;0;0m▀[0m[38;2;0;0;0m[48;2;0;0;0m▀[0m[38;2;0;0;0m[48;2;0;0;0m▀[0m[38;2;0;0;0m[48;2;0;0;0m▀[0m[38;2;75;75;79m[48;2;73;73;74m▀[0m[38;2;54;54;55m[48;2;59;59;61m▀[0m[38;2;0;0;0m[48;2;0;0;0m▀[0m[38;2;0;0;0m[48;2;0;0;0m▀[0m
[38;2;208;204;185m[48;2;255;255;255m▀[0m[38;2;225;213;201m[48;2;255;255;255m▀[0m[38;2;210;201;192m[48;2;255;255;255m▀[0m[38;2;105;105;97m[48;2;217;212;206m▀[0m[38;2;93;89;85m[48;2;196;190;185m▀[0m[38;2;85;85;74m[48;2;167;165;158m▀[0m[38;2;97;96;88m[48;2;55;58;57m▀[0m[38;2;125;123;115m[48;2;0;0;0m▀[0m[38;2;126;126;118m[48;2;0;0;0m▀[0m[38;2;130;128;117m[48;2;0;0;0m▀[0m[38;2;137;129;125m[48;2;0;0;0m▀[0m[38;2;138;131;124m[48;2;0;0;0m▀[0m[38;2;141;139;132m[48;2;0;0;0m▀[0m[38;2;147;143;136m[48;2;0;0;0m▀[0m[38;2;147;140;132m[48;2;0;0;0m▀[0m[38;2;142;141;133m[48;2;0;0;0m▀[0m[38;2;160;158;153m[48;2;0;0;0m▀[0m[38;2;132;132;127m[48;2;0;0;0m▀[0m[38;2;0;0;0m[48;2;0;0;0m▀[0m[38;2;0;0;0m[48;2;0;0;0m▀[0m[38;2;0;0;0m[48;2;92;96;96m▀[0m[38;2;167;166;164m[48;2;255;255;255m▀[0m[38;2;255;255;255m[48;2;0;0;0m▀[0m[38;2;255;255;255m[48;2;0;0;0m▀[0m[38;2;61;61;58m[48;2;0;0;0m▀[0m[38;2;0;0;0m[48;2;0;0;0m▀[0m[38;2;0;0;0m[48;2;0;0;0m▀[0m[38;2;0;0;0m[48;2;32;35;35m▀[0m[38;2;255;255;255m[48;2;255;255;255m▀[0m[38;2;0;0;0m[48;2;0;0;0m▀[0m[38;2;224;224;221m[48;2;255;255;255m▀[0m[38;2;95;97;97m[48;2;108;108;108m▀[0m[38;2;0;0;0m[48;2;0;0;0m▀[0m[38;2;0;0;0m[48;2;0;0;0m▀[0m[38;2;0;0;0m[48;2;0;0;0m▀[0m[38;2;131;139;142m[48;2;61;69;69m▀[0m[38;2;255;255;255m[48;2;255;255;255m▀[0m[38;2;255;255;255m[48;2;255;255;255m▀[0m[38;2;255;255;255m[48;2;187;191;186m▀[0m[38;2;255;255;255m[48;2;255;255;255m▀[0m[38;2;255;255;255m[48;2;255;255;255m▀[0m[38;2;255;255;255m[48;2;255;255;255m▀[0m[38;2;255;255;255m[48;2;255;255;255m▀[0m[38;2;255;255;255m[48;2;255;255;255m▀[0m[38;2;210;210;208m[48;2;255;255;255m▀[0m[38;2;135;138;138m[48;2;255;255;255m▀[0m[38;2;255;255;255m[48;2;255;255;255m▀[0m[38;2;255;255;255m[48;2;255;255;255m▀[0m[38;2;255;255;255m[48;2;255;255;255m▀[0m[38;2;248;248;249m[48;2;255;255;255m▀[0m[38;2;255;255;255m[48;2;255;255;255m▀[0m[38;2;255;255;255m[48;2;255;255;255m▀[0m[38;2;255;255;255m[48;2;151;160;158m▀[0m[38;2;255;255;255m[48;2;255;255;255m▀[0m[38;2;255;255;255m[48;2;255;255;255m▀[0m[38;2;255;255;255m[48;2;255;255;255m▀[0m[38;2;255;255;255m[48;2;255;255;255m▀[0m[38;2;193;196;196m[48;2;255;255;255m▀[0m[38;2;225;224;225m[48;2;255;255;255m▀[0m[38;2;255;255;255m[48;2;2;5;7m▀[0m[38;2;179;178;179m[48;2;0;0;0m▀[0m[38;2;90;90;88m[48;2;0;0;0m▀[0m[38;2;35;35;32m[48;2;0;0;0m▀[0m[38;2;18;20;18m[48;2;0;0;0m▀[0m[38;2;12;12;12m[48;2;0;0;0m▀[0m[38;2;0;0;0m[48;2;0;0;0m▀[0m[38;2;0;0;0m[48;2;0;0;0m▀[0m[38;2;0;0;0m[48;2;0;0;0m▀[0m[38;2;0;0;0m[48;2;0;0;0m▀[0m[38;2;0;0;0m[48;2;0;0;0m▀[0m[38;2;0;0;0m[48;2;0;0;0m▀[0m[38;2;0;0;0m[48;2;0;0;0m▀[0m[38;2;64;64;64m[48;2;58;58;60m▀[0m[38;2;63;66;65m[48;2;70;73;73m▀[0m[38;2;0;0;0m[48;2;0;0;0m▀[0m[38;2;0;0;0m[48;2;0;0;0m▀[0m
[38;2;68;64;64m[48;2;0;0;0m▀[0m[38;2;46;47;44m[48;2;0;0;0m▀[0m[38;2;33;30;32m[48;2;0;0;0m▀[0m[38;2;33;30;30m[48;2;0;0;0m▀[0m[38;2;41;36;38m[48;2;0;0;0m▀[0m[38;2;49;50;47m[48;2;0;0;0m▀[0m[38;2;22;24;24m[48;2;0;0;0m▀[0m[38;2;100;101;97m[48;2;0;0;0m▀[0m[38;2;140;140;135m[48;2;0;0;0m▀[0m[38;2;157;157;151m[48;2;0;0;0m▀[0m[38;2;174;172;169m[48;2;0;0;1m▀[0m[38;2;89;93;93m[48;2;0;0;0m▀[0m[38;2;0;0;0m[48;2;0;0;0m▀[0m[38;2;0;0;0m[48;2;0;0;0m▀[0m[38;2;0;0;0m[48;2;0;0;0m▀[0m[38;2;0;0;0m[48;2;0;0;0m▀[0m[38;2;0;0;0m[48;2;0;0;0m▀[0m[38;2;0;0;0m[48;2;0;0;0m▀[0m[38;2;0;0;0m[48;2;238;238;238m▀[0m[38;2;0;0;0m[48;2;198;189;185m▀[0m[38;2;16;19;20m[48;2;0;0;0m▀[0m[38;2;0;0;0m[48;2;0;0;0m▀[0m[38;2;0;0;0m[48;2;0;0;0m▀[0m[38;2;0;0;0m[48;2;0;0;0m▀[0m[38;2;0;0;0m[48;2;0;0;0m▀[0m[38;2;0;0;0m[48;2;83;85;85m▀[0m[38;2;0;0;0m[48;2;168;167;164m▀[0m[38;2;219;222;216m[48;2;21;21;21m▀[0m[38;2;35;38;38m[48;2;0;0;0m▀[0m[38;2;0;0;0m[48;2;22;22;19m▀[0m[38;2;255;255;255m[48;2;255;255;255m▀[0m[38;2;140;143;143m[48;2;255;255;255m▀[0m[38;2;0;0;0m[48;2;0;0;0m▀[0m[38;2;0;0;0m[48;2;0;0;0m▀[0m[38;2;0;0;0m[48;2;0;0;0m▀[0m[38;2;0;0;0m[48;2;0;0;0m▀[0m[38;2;0;0;0m[48;2;0;0;0m▀[0m[38;2;0;0;0m[48;2;0;0;0m▀[0m[38;2;0;0;0m[48;2;0;0;0m▀[0m[38;2;0;0;0m[48;2;41;43;43m▀[0m[38;2;0;0;0m[48;2;155;152;152m▀[0m[38;2;239;239;244m[48;2;232;232;232m▀[0m[38;2;255;255;255m[48;2;255;255;255m▀[0m[38;2;247;250;249m[48;2;183;181;184m▀[0m[38;2;217;217;217m[48;2;0;0;0m▀[0m[38;2;255;255;255m[48;2;0;0;0m▀[0m[38;2;255;255;255m[48;2;0;0;0m▀[0m[38;2;255;255;255m[48;2;0;0;0m▀[0m[38;2;255;255;255m[48;2;0;0;0m▀[0m[38;2;255;255;255m[48;2;0;0;0m▀[0m[38;2;255;255;255m[48;2;101;104;110m▀[0m[38;2;255;255;255m[48;2;255;255;255m▀[0m[38;2;255;255;255m[48;2;69;66;70m▀[0m[38;2;255;255;255m[48;2;0;0;0m▀[0m[38;2;255;255;255m[48;2;0;0;0m▀[0m[38;2;255;255;255m[48;2;0;0;0m▀[0m[38;2;182;184;182m[48;2;0;0;0m▀[0m[38;2;36;39;39m[48;2;0;0;0m▀[0m[38;2;0;0;0m[48;2;0;0;0m▀[0m[38;2;0;0;0m[48;2;0;0;0m▀[0m[38;2;0;0;0m[48;2;0;0;0m▀[0m[38;2;0;0;0m[48;2;0;0;0m▀[0m[38;2;0;0;0m[48;2;6;6;14m▀[0m[38;2;0;0;0m[48;2;58;58;62m▀[0m[38;2;0;0;0m[48;2;0;0;2m▀[0m[38;2;0;0;0m[48;2;0;0;0m▀[0m[38;2;0;0;0m[48;2;0;0;0m▀[0m[38;2;0;0;0m[48;2;0;0;1m▀[0m[38;2;0;0;0m[48;2;0;0;0m▀[0m[38;2;0;0;0m[48;2;0;0;0m▀[0m[38;2;0;0;0m[48;2;0;0;0m▀[0m[38;2;0;0;0m[48;2;0;0;0m▀[0m[38;2;45;43;46m[48;2;33;33;35m▀[0m[38;2;71;74;74m[48;2;72;70;73m▀[0m[38;2;0;0;0m[48;2;0;0;0m▀[0m[38;2;0;0;0m[48;2;0;0;0m▀[0m
[38;2;0;0;0m[48;2;66;65;63m▀[0m[38;2;0;0;0m[48;2;49;48;48m▀[0m[38;2;0;0;0m[48;2;33;35;35m▀[0m[38;2;0;0;0m[48;2;37;36;36m▀[0m[38;2;0;0;0m[48;2;16;16;17m▀[0m[38;2;0;0;0m[48;2;0;0;0m▀[0m[38;2;0;0;0m[48;2;0;0;0m▀[0m[38;2;0;0;0m[48;2;0;0;0m▀[0m[38;2;0;0;0m[48;2;0;0;0m▀[0m[38;2;0;0;0m[48;2;0;0;0m▀[0m[38;2;0;0;0m[48;2;0;0;0m▀[0m[38;2;0;0;0m[48;2;0;0;0m▀[0m[38;2;0;0;0m[48;2;0;0;0m▀[0m[38;2;0;0;0m[48;2;0;0;0m▀[0m[38;2;0;0;0m[48;2;0;0;0m▀[0m[38;2;0;0;0m[48;2;0;0;0m▀[0m[38;2;0;0;0m[48;2;0;0;0m▀[0m[38;2;0;0;0m[48;2;0;0;0m▀[0m[38;2;59;62;62m[48;2;0;0;0m▀[0m[38;2;162;154;154m[48;2;0;0;0m▀[0m[38;2;0;0;0m[48;2;37;42;42m▀[0m[38;2;0;0;0m[48;2;3;3;4m▀[0m[38;2;150;152;150m[48;2;82;84;82m▀[0m[38;2;145;149;147m[48;2;96;98;100m▀[0m[38;2;113;116;115m[48;2;103;108;108m▀[0m[38;2;37;36;34m[48;2;147;152;152m▀[0m[38;2;0;0;0m[48;2;255;255;255m▀[0m[38;2;0;0;0m[48;2;255;255;255m▀[0m[38;2;59;61;63m[48;2;255;255;255m▀[0m[38;2;255;255;255m[48;2;255;255;255m▀[0m[38;2;255;255;255m[48;2;255;255;255m▀[0m[38;2;255;255;255m[48;2;255;255;255m▀[0m[38;2;255;255;255m[48;2;245;248;245m▀[0m[38;2;84;87;87m[48;2;255;255;255m▀[0m[38;2;251;251;253m[48;2;255;255;255m▀[0m[38;2;140;143;145m[48;2;255;255;255m▀[0m[38;2;55;57;59m[48;2;255;255;255m▀[0m[38;2;0;0;0m[48;2;255;255;255m▀[0m[38;2;0;0;0m[48;2;255;255;255m▀[0m[38;2;0;0;0m[48;2;0;0;0m▀[0m[38;2;0;0;0m[48;2;0;0;0m▀[0m[38;2;0;0;0m[48;2;0;0;0m▀[0m[38;2;0;0;0m[48;2;0;0;0m▀[0m[38;2;0;0;0m[48;2;0;0;0m▀[0m[38;2;0;0;0m[48;2;0;0;0m▀[0m[38;2;0;0;0m[48;2;0;0;0m▀[0m[38;2;0;0;0m[48;2;0;0;0m▀[0m[38;2;0;0;0m[48;2;0;0;0m▀[0m[38;2;0;0;0m[48;2;0;0;0m▀[0m[38;2;0;0;0m[48;2;0;0;0m▀[0m[38;2;230;238;238m[48;2;0;0;0m▀[0m[38;2;255;255;255m[48;2;0;0;0m▀[0m[38;2;255;255;255m[48;2;0;0;0m▀[0m[38;2;255;255;255m[48;2;0;0;0m▀[0m[38;2;255;255;255m[48;2;11;15;15m▀[0m[38;2;157;157;157m[48;2;37;41;37m▀[0m[38;2;0;0;0m[48;2;217;220;217m▀[0m[38;2;0;0;0m[48;2;170;170;170m▀[0m[38;2;0;0;0m[48;2;0;0;0m▀[0m[38;2;0;0;0m[48;2;0;0;0m▀[0m[38;2;0;0;0m[48;2;0;0;0m▀[0m[38;2;0;0;0m[48;2;0;0;0m▀[0m[38;2;45;48;55m[48;2;0;0;0m▀[0m[38;2;232;232;240m[48;2;0;0;0m▀[0m[38;2;17;17;19m[48;2;0;0;0m▀[0m[38;2;0;0;0m[48;2;0;0;0m▀[0m[38;2;1;1;1m[48;2;0;0;0m▀[0m[38;2;0;0;0m[48;2;0;0;0m▀[0m[38;2;0;0;0m[48;2;0;0;0m▀[0m[38;2;0;0;0m[48;2;0;0;0m▀[0m[38;2;0;0;0m[48;2;0;0;0m▀[0m[38;2;0;0;0m[48;2;0;0;0m▀[0m[38;2;4;2;5m[48;2;0;0;0m▀[0m[38;2;201;204;209m[48;2;11;14;14m▀[0m[38;2;152;158;158m[48;2;35;36;33m▀[0m[38;2;149;153;156m[48;2;35;36;32m▀[0m
[38;2;251;243;235m[48;2;85;83;76m▀[0m[38;2;246;237;227m[48;2;71;71;64m▀[0m[38;2;235;233;219m[48;2;47;45;42m▀[0m[38;2;236;228;221m[48;2;0;0;0m▀[0m[38;2;100;99;97m[48;2;0;0;0m▀[0m[38;2;0;0;0m[48;2;0;0;0m▀[0m[38;2;0;0;0m[48;2;0;0;0m▀[0m[38;2;0;0;0m[48;2;0;0;0m▀[0m[38;2;0;1;0m[48;2;0;0;0m▀[0m[38;2;0;0;0m[48;2;0;0;0m▀[0m[38;2;0;0;1m[48;2;0;0;0m▀[0m[38;2;0;1;1m[48;2;0;1;0m▀[0m[38;2;0;0;0m[48;2;0;1;0m▀[0m[38;2;0;0;1m[48;2;0;0;0m▀[0m[38;2;0;1;1m[48;2;0;0;0m▀[0m[38;2;0;0;0m[48;2;0;1;0m▀[0m[38;2;0;0;0m[48;2;0;0;0m▀[0m[38;2;0;0;0m[48;2;0;0;0m▀[0m[38;2;0;0;0m[48;2;0;0;0m▀[0m[38;2;0;0;0m[48;2;0;0;0m▀[0m[38;2;142;144;146m[48;2;0;0;0m▀[0m[38;2;190;197;200m[48;2;0;0;0m▀[0m[38;2;158;166;169m[48;2;0;0;0m▀[0m[38;2;226;233;237m[48;2;0;0;0m▀[0m[38;2;255;255;255m[48;2;0;0;0m▀[0m[38;2;255;255;255m[48;2;0;0;0m▀[0m[38;2;255;255;255m[48;2;0;0;0m▀[0m[38;2;218;218;223m[48;2;72;77;84m▀[0m[38;2;255;255;255m[48;2;255;255;255m▀[0m[38;2;255;255;255m[48;2;255;255;255m▀[0m[38;2;255;255;255m[48;2;255;255;255m▀[0m[38;2;255;255;255m[48;2;255;255;255m▀[0m[38;2;255;255;255m[48;2;43;46;46m▀[0m[38;2;255;255;255m[48;2;0;0;0m▀[0m[38;2;255;255;255m[48;2;0;0;0m▀[0m[38;2;255;255;255m[48;2;0;0;0m▀[0m[38;2;255;255;255m[48;2;0;0;0m▀[0m[38;2;255;255;255m[48;2;0;0;0m▀[0m[38;2;186;186;184m[48;2;0;0;0m▀[0m[38;2;145;142;146m[48;2;0;0;0m▀[0m[38;2;101;101;101m[48;2;0;0;0m▀[0m[38;2;0;0;0m[48;2;0;0;0m▀[0m[38;2;0;0;0m[48;2;0;0;0m▀[0m[38;2;0;0;0m[48;2;36;36;38m▀[0m[38;2;0;0;0m[48;2;178;181;181m▀[0m[38;2;0;0;0m[48;2;4;7;7m▀[0m[38;2;0;0;0m[48;2;0;0;0m▀[0m[38;2;0;0;0m[48;2;1;0;0m▀[0m[38;2;0;0;0m[48;2;0;0;0m▀[0m[38;2;0;0;0m[48;2;0;0;0m▀[0m[38;2;0;0;0m[48;2;0;0;0m▀[0m[38;2;0;0;0m[48;2;0;0;0m▀[0m[38;2;0;0;0m[48;2;0;0;0m▀[0m[38;2;0;0;0m[48;2;0;0;0m▀[0m[38;2;0;0;0m[48;2;0;0;0m▀[0m[38;2;0;0;0m[48;2;0;0;0m▀[0m[38;2;51;55;51m[48;2;0;0;0m▀[0m[38;2;43;42;43m[48;2;0;0;0m▀[0m[38;2;0;0;0m[48;2;0;0;0m▀[0m[38;2;0;0;0m[48;2;0;0;0m▀[0m[38;2;0;0;0m[48;2;0;0;0m▀[0m[38;2;0;0;0m[48;2;0;1;0m▀[0m[38;2;0;0;0m[48;2;0;1;1m▀[0m[38;2;3;0;0m[48;2;0;1;1m▀[0m[38;2;0;0;0m[48;2;0;0;0m▀[0m[38;2;0;0;0m[48;2;0;0;0m▀[0m[38;2;0;0;0m[48;2;0;0;0m▀[0m[38;2;0;0;0m[48;2;0;1;0m▀[0m[38;2;0;1;1m[48;2;0;1;1m▀[0m[38;2;0;1;0m[48;2;0;1;1m▀[0m[38;2;0;0;0m[48;2;0;0;0m▀[0m[38;2;0;0;0m[48;2;0;0;0m▀[0m[38;2;0;0;0m[48;2;0;1;1m▀[0m[38;2;0;0;0m[48;2;0;0;0m▀[0m[38;2;0;0;0m[48;2;0;0;0m▀[0m[38;2;0;0;0m[48;2;0;0;0m▀[0m
[38;2;255;247;233m[48;2;255;254;238m▀[0m[38;2;255;253;233m[48;2;255;255;251m▀[0m[38;2;255;255;246m[48;2;255;255;255m▀[0m[38;2;255;255;255m[48;2;255;255;255m▀[0m[38;2;255;255;255m[48;2;255;255;255m▀[0m[38;2;147;143;137m[48;2;117;113;112m▀[0m[38;2;0;0;0m[48;2;0;0;0m▀[0m[38;2;0;0;0m[48;2;0;0;0m▀[0m[38;2;0;0;0m[48;2;0;0;0m▀[0m[38;2;0;0;0m[48;2;0;0;0m▀[0m[38;2;0;0;0m[48;2;0;0;0m▀[0m[38;2;0;0;0m[48;2;0;0;0m▀[0m[38;2;0;0;0m[48;2;0;0;0m▀[0m[38;2;0;0;0m[48;2;0;0;0m▀[0m[38;2;0;0;0m[48;2;0;0;0m▀[0m[38;2;0;0;0m[48;2;0;0;0m▀[0m[38;2;0;0;0m[48;2;0;0;0m▀[0m[38;2;0;0;0m[48;2;0;0;0m▀[0m[38;2;0;0;0m[48;2;0;0;0m▀[0m[38;2;0;0;0m[48;2;0;0;0m▀[0m[38;2;0;0;0m[48;2;0;0;0m▀[0m[38;2;0;0;0m[48;2;0;0;0m▀[0m[38;2;0;0;0m[48;2;0;0;0m▀[0m[38;2;0;0;0m[48;2;0;0;0m▀[0m[38;2;0;0;0m[48;2;0;0;0m▀[0m[38;2;0;0;0m[48;2;0;0;0m▀[0m[38;2;0;0;0m[48;2;0;0;0m▀[0m[38;2;255;255;255m[48;2;0;0;0m▀[0m[38;2;255;255;255m[48;2;0;0;0m▀[0m[38;2;255;255;255m[48;2;0;0;0m▀[0m[38;2;255;255;255m[48;2;0;0;0m▀[0m[38;2;255;255;255m[48;2;0;0;0m▀[0m[38;2;52;55;57m[48;2;0;0;0m▀[0m[38;2;0;0;0m[48;2;0;0;0m▀[0m[38;2;0;0;0m[48;2;0;0;0m▀[0m[38;2;0;0;0m[48;2;0;0;0m▀[0m[38;2;0;0;0m[48;2;0;0;0m▀[0m[38;2;0;0;0m[48;2;0;0;0m▀[0m[38;2;0;0;0m[48;2;0;0;0m▀[0m[38;2;0;0;0m[48;2;0;0;0m▀[0m[38;2;0;0;0m[48;2;0;0;0m▀[0m[38;2;0;0;0m[48;2;0;0;0m▀[0m[38;2;0;0;0m[48;2;0;0;0m▀[0m[38;2;60;63;63m[48;2;0;0;0m▀[0m[38;2;232;234;236m[48;2;0;0;0m▀[0m[38;2;7;7;7m[48;2;0;0;0m▀[0m[38;2;0;0;0m[48;2;0;0;0m▀[0m[38;2;1;1;1m[48;2;0;0;0m▀[0m[38;2;0;0;0m[48;2;0;0;0m▀[0m[38;2;0;0;0m[48;2;0;0;0m▀[0m[38;2;0;0;0m[48;2;0;0;0m▀[0m[38;2;0;0;0m[48;2;0;0;0m▀[0m[38;2;0;0;0m[48;2;0;0;0m▀[0m[38;2;0;0;0m[48;2;0;0;0m▀[0m[38;2;0;0;0m[48;2;0;0;0m▀[0m[38;2;0;0;0m[48;2;0;0;0m▀[0m[38;2;0;0;0m[48;2;0;0;0m▀[0m[38;2;0;0;0m[48;2;0;1;1m▀[0m[38;2;0;0;0m[48;2;0;0;0m▀[0m[38;2;0;0;0m[48;2;0;0;0m▀[0m[38;2;0;0;0m[48;2;0;0;0m▀[0m[38;2;0;1;1m[48;2;0;0;0m▀[0m[38;2;1;1;1m[48;2;0;1;1m▀[0m[38;2;0;1;0m[48;2;0;1;1m▀[0m[38;2;0;0;0m[48;2;0;0;0m▀[0m[38;2;0;0;0m[48;2;0;0;0m▀[0m[38;2;0;0;0m[48;2;0;0;0m▀[0m[38;2;0;0;0m[48;2;0;0;0m▀[0m[38;2;0;0;0m[48;2;0;0;0m▀[0m[38;2;0;1;0m[48;2;0;1;0m▀[0m[38;2;0;0;0m[48;2;0;0;0m▀[0m[38;2;0;0;0m[48;2;0;0;0m▀[0m[38;2;0;0;0m[48;2;0;0;0m▀[0m[38;2;0;1;1m[48;2;0;0;0m▀[0m[38;2;0;1;1m[48;2;0;1;1m▀[0m[38;2;0;1;1m[48;2;0;1;1m▀[0m
[38;2;185;177;168m[48;2;0;0;0m▀[0m[38;2;129;125;120m[48;2;0;0;0m▀[0m[38;2;66;66;60m[48;2;6;4;2m▀[0m[38;2;0;0;0m[48;2;35;33;30m▀[0m[38;2;0;0;0m[48;2;93;85;77m▀[0m[38;2;0;0;0m[48;2;147;139;129m▀[0m[38;2;0;0;0m[48;2;162;155;146m▀[0m[38;2;0;0;0m[48;2;189;179;171m▀[0m[38;2;0;0;0m[48;2;208;201;193m▀[0m[38;2;0;0;0m[48;2;230;220;216m▀[0m[38;2;0;0;0m[48;2;255;245;236m▀[0m[38;2;0;0;0m[48;2;255;255;255m▀[0m[38;2;0;0;2m[48;2;255;255;255m▀[0m[38;2;33;36;35m[48;2;189;186;181m▀[0m[38;2;43;42;39m[48;2;141;137;130m▀[0m[38;2;30;29;29m[48;2;96;95;89m▀[0m[38;2;0;0;0m[48;2;0;0;0m▀[0m[38;2;0;0;0m[48;2;6;9;9m▀[0m[38;2;0;0;0m[48;2;17;17;19m▀[0m[38;2;0;0;0m[48;2;22;19;19m▀[0m[38;2;0;0;0m[48;2;84;84;81m▀[0m[38;2;0;0;0m[48;2;9;9;10m▀[0m[38;2;0;0;0m[48;2;2;2;3m▀[0m[38;2;0;0;0m[48;2;1;1;2m▀[0m[38;2;0;0;0m[48;2;0;1;1m▀[0m[38;2;0;0;0m[48;2;0;1;1m▀[0m[38;2;0;0;0m[48;2;0;2;2m▀[0m[38;2;0;0;0m[48;2;0;0;0m▀[0m[38;2;0;0;0m[48;2;0;0;0m▀[0m[38;2;0;0;0m[48;2;0;0;0m▀[0m[38;2;0;0;0m[48;2;0;0;0m▀[0m[38;2;0;0;0m[48;2;0;0;0m▀[0m[38;2;0;0;0m[48;2;0;0;0m▀[0m[38;2;0;0;0m[48;2;0;0;0m▀[0m[38;2;0;0;0m[48;2;0;0;0m▀[0m[38;2;0;0;0m[48;2;0;0;0m▀[0m[38;2;0;0;0m[48;2;0;0;0m▀[0m[38;2;0;0;0m[48;2;0;0;0m▀[0m[38;2;0;0;0m[48;2;0;0;0m▀[0m[38;2;0;0;0m[48;2;0;0;0m▀[0m[38;2;0;0;0m[48;2;0;0;0m▀[0m[38;2;0;0;0m[48;2;0;0;0m▀[0m[38;2;0;0;0m[48;2;0;0;0m▀[0m[38;2;0;0;0m[48;2;0;0;0m▀[0m[38;2;4;4;4m[48;2;0;0;0m▀[0m[38;2;0;0;0m[48;2;0;0;0m▀[0m[38;2;0;0;0m[48;2;0;0;1m▀[0m[38;2;0;0;0m[48;2;0;2;2m▀[0m[38;2;0;0;0m[48;2;0;2;3m▀[0m[38;2;0;0;0m[48;2;0;1;1m▀[0m[38;2;0;0;1m[48;2;1;1;2m▀[0m[38;2;0;1;1m[48;2;0;2;2m▀[0m[38;2;2;2;3m[48;2;6;10;14m▀[0m[38;2;2;2;3m[48;2;6;9;8m▀[0m[38;2;0;0;0m[48;2;0;0;0m▀[0m[38;2;0;0;0m[48;2;0;1;1m▀[0m[38;2;0;1;1m[48;2;0;1;0m▀[0m[38;2;0;0;0m[48;2;0;0;0m▀[0m[38;2;0;0;0m[48;2;0;0;0m▀[0m[38;2;0;0;0m[48;2;0;0;0m▀[0m[38;2;0;0;0m[48;2;0;0;0m▀[0m[38;2;0;0;0m[48;2;0;0;0m▀[0m[38;2;0;0;0m[48;2;0;1;1m▀[0m[38;2;0;0;0m[48;2;0;0;0m▀[0m[38;2;0;0;0m[48;2;0;0;0m▀[0m[38;2;0;0;0m[48;2;0;0;1m▀[0m[38;2;0;0;0m[48;2;0;0;0m▀[0m[38;2;0;0;0m[48;2;0;0;1m▀[0m[38;2;0;0;0m[48;2;0;0;1m▀[0m[38;2;0;0;0m[48;2;0;0;0m▀[0m[38;2;0;0;0m[48;2;0;0;0m▀[0m[38;2;0;0;0m[48;2;0;0;0m▀[0m[38;2;0;0;0m[48;2;0;0;0m▀[0m[38;2;0;0;0m[48;2;0;0;0m▀[0m[38;2;0;0;0m[48;2;0;1;1m▀[0m[38;2;0;1;1m[48;2;0;1;1m▀[0m
