[38;2;189;171;156m[48;2;189;172;155m▀[0m[38;2;130;121;105m[48;2;137;126;114m▀[0m[38;2;193;174;153m[48;2;165;150;132m▀[0m[38;2;247;247;233m[48;2;247;247;247m▀[0m[38;2;0;0;0m[48;2;57;61;62m▀[0m[38;2;0;0;0m[48;2;0;0;0m▀[0m[38;2;0;0;0m[48;2;26;29;30m▀[0m[38;2;15;17;19m[48;2;57;56;56m▀[0m[38;2;111;113;115m[48;2;69;69;71m▀[0m[38;2;50;50;50m[48;2;15;14;12m▀[0m[38;2;0;0;0m[48;2;0;0;0m▀[0m[38;2;17;19;21m[48;2;0;0;0m▀[0m[38;2;77;79;77m[48;2;115;118;117m▀[0m[38;2;103;106;105m[48;2;78;78;80m▀[0m[38;2;0;0;0m[48;2;0;0;0m▀[0m[38;2;0;0;0m[48;2;0;0;0m▀[0m[38;2;0;0;0m[48;2;0;11;18m▀[0m[38;2;247;247;247m[48;2;247;247;247m▀[0m[38;2;194;172;151m[48;2;177;154;133m▀[0m[38;2;169;159;138m[48;2;176;163;146m▀[0m[38;2;180;163;144m[48;2;184;167;150m▀[0m[38;2;169;154;136m[48;2;163;151;133m▀[0m[38;2;41;42;39m[48;2;46;47;44m▀[0m[38;2;87;81;73m[48;2;95;88;80m▀[0m[38;2;80;73;65m[48;2;86;77;73m▀[0m[38;2;79;73;65m[48;2;81;75;67m▀[0m[38;2;74;67;60m[48;2;76;70;64m▀[0m[38;2;84;72;63m[48;2;87;77;65m▀[0m[38;2;0;2;0m[48;2;3;3;0m▀[0m[38;2;97;97;91m[48;2;97;91;91m▀[0m[38;2;140;138;128m[48;2;141;137;127m▀[0m[38;2;32;32;29m[48;2;35;34;32m▀[0m[38;2;51;51;49m[48;2;56;54;49m▀[0m[38;2;56;55;49m[48;2;56;61;57m▀[0m[38;2;55;57;57m[48;2;61;62;59m▀[0m[38;2;59;62;58m[48;2;64;64;59m▀[0m[38;2;63;64;54m[48;2;65;66;60m▀[0m[38;2;64;63;60m[48;2;64;67;62m▀[0m[38;2;64;67;61m[48;2;68;69;64m▀[0m[38;2;64;69;64m[48;2;70;71;65m▀[0m[38;2;67;71;65m[48;2;72;73;67m▀[0m[38;2;75;71;63m[48;2;78;77;71m▀[0m[38;2;79;78;72m[48;2;82;80;74m▀[0m[38;2;82;80;74m[48;2;83;81;75m▀[0m[38;2;83;81;75m[48;2;86;84;77m▀[0m[38;2;85;83;77m[48;2;88;86;81m▀[0m[38;2;87;85;79m[48;2;88;84;80m▀[0m[38;2;88;84;80m[48;2;88;86;79m▀[0m[38;2;90;86;77m[48;2;91;90;79m▀[0m[38;2;91;90;79m[48;2;93;92;83m▀[0m[38;2;93;92;81m[48;2;97;91;83m▀[0m[38;2;97;90;82m[48;2;97;91;83m▀[0m[38;2;97;91;84m[48;2;97;94;85m▀[0m[38;2;97;94;85m[48;2;98;93;86m▀[0m[38;2;98;93;86m[48;2;97;96;86m▀[0m[38;2;99;96;86m[48;2;99;97;87m▀[0m[38;2;99;97;87m[48;2;102;98;88m▀[0m[38;2;101;99;87m[48;2;102;98;88m▀[0m[38;2;103;101;97m[48;2;103;102;97m▀[0m[38;2;102;100;92m[48;2;106;100;93m▀[0m[38;2;106;102;94m[48;2;107;103;95m▀[0m[38;2;108;102;95m[48;2;106;104;97m▀[0m[38;2;106;104;97m[48;2;108;104;97m▀[0m[38;2;106;104;96m[48;2;108;104;95m▀[0m[38;2;107;105;95m[48;2;106;102;94m▀[0m[38;2;111;107;97m[48;2;113;105;97m▀[0m[38;2;110;109;98m[48;2;109;108;98m▀[0m[38;2;109;110;102m[48;2;109;108;95m▀[0m[38;2;140;133;123m[48;2;145;140;128m▀[0m[38;2;106;102;92m[48;2;106;105;97m▀[0m[38;2;0;0;0m[48;2;0;0;0m▀[0m[38;2;19;22;24m[48;2;26;26;27m▀[0m[38;2;0;0;0m[48;2;0;0;0m▀[0m[38;2;76;76;78m[48;2;72;75;74m▀[0m[38;2;18;18;18m[48;2;10;14;8m▀[0m[38;2;0;0;0m[48;2;0;0;0m▀[0m
[38;2;189;174;155m[48;2;189;174;157m▀[0m[38;2;137;126;114m[48;2;137;128;113m▀[0m[38;2;169;154;138m[48;2;174;156;140m▀[0m[38;2;232;210;182m[48;2;157;136;120m▀[0m[38;2;201;187;166m[48;2;214;194;165m▀[0m[38;2;46;56;64m[48;2;247;247;247m▀[0m[38;2;154;158;161m[48;2;23;29;37m▀[0m[38;2;107;110;114m[48;2;152;154;154m▀[0m[38;2;177;179;180m[48;2;222;222;220m▀[0m[38;2;66;68;68m[48;2;134;133;134m▀[0m[38;2;0;0;0m[48;2;0;0;0m▀[0m[38;2;10;13;10m[48;2;56;56;60m▀[0m[38;2;166;166;161m[48;2;184;187;184m▀[0m[38;2;138;140;138m[48;2;159;161;161m▀[0m[38;2;133;135;136m[48;2;84;87;89m▀[0m[38;2;27;34;38m[48;2;247;247;247m▀[0m[38;2;179;175;169m[48;2;247;247;237m▀[0m[38;2;204;186;164m[48;2;127;112;95m▀[0m[38;2;182;160;136m[48;2;173;160;140m▀[0m[38;2;190;174;157m[48;2;166;154;139m▀[0m[38;2;193;178;161m[48;2;184;165;148m▀[0m[38;2;161;148;130m[48;2;165;150;135m▀[0m[38;2;54;53;50m[48;2;60;56;56m▀[0m[38;2;98;92;84m[48;2;103;96;88m▀[0m[38;2;90;83;75m[48;2;94;87;78m▀[0m[38;2;85;78;71m[48;2;89;82;75m▀[0m[38;2;80;73;65m[48;2;83;76;69m▀[0m[38;2;88;84;71m[48;2;97;87;76m▀[0m[38;2;0;1;0m[48;2;0;3;2m▀[0m[38;2;94;88;85m[48;2;89;83;80m▀[0m[38;2;141;139;129m[48;2;142;140;130m▀[0m[38;2;35;37;35m[48;2;38;41;38m▀[0m[38;2;55;58;57m[48;2;60;61;55m▀[0m[38;2;61;64;58m[48;2;64;65;60m▀[0m[38;2;64;64;59m[48;2;64;67;61m▀[0m[38;2;66;67;62m[48;2;66;69;63m▀[0m[38;2;68;69;63m[48;2;69;70;64m▀[0m[38;2;69;70;64m[48;2;71;72;66m▀[0m[38;2;70;71;65m[48;2;74;75;68m▀[0m[38;2;73;73;66m[48;2;79;78;71m▀[0m[38;2;78;76;70m[48;2;82;80;74m▀[0m[38;2;81;79;74m[48;2;85;81;75m▀[0m[38;2;82;80;75m[48;2;86;84;78m▀[0m[38;2;85;83;76m[48;2;88;86;80m▀[0m[38;2;89;85;81m[48;2;88;86;81m▀[0m[38;2;89;85;81m[48;2;89;87;78m▀[0m[38;2;90;86;79m[48;2;92;91;81m▀[0m[38;2;91;90;80m[48;2;95;91;82m▀[0m[38;2;93;91;82m[48;2;96;90;82m▀[0m[38;2;96;90;83m[48;2;97;91;83m▀[0m[38;2;97;91;83m[48;2;97;93;84m▀[0m[38;2;97;94;88m[48;2;98;93;86m▀[0m[38;2;97;94;87m[48;2;99;96;86m▀[0m[38;2;97;96;85m[48;2;99;98;88m▀[0m[38;2;99;98;88m[48;2;104;99;89m▀[0m[38;2;102;98;88m[48;2;103;98;89m▀[0m[38;2;103;99;89m[48;2;96;96;89m▀[0m[38;2;101;100;90m[48;2;102;100;90m▀[0m[38;2;107;103;95m[48;2;106;102;97m▀[0m[38;2;104;102;94m[48;2;106;104;96m▀[0m[38;2;105;103;97m[48;2;104;107;99m▀[0m[38;2;108;104;96m[48;2;102;104;92m▀[0m[38;2;109;99;89m[48;2;102;101;88m▀[0m[38;2;114;113;102m[48;2;111;111;97m▀[0m[38;2;64;64;59m[48;2;59;59;54m▀[0m[38;2;108;102;89m[48;2;82;80;69m▀[0m[38;2;111;109;97m[48;2;117;114;97m▀[0m[38;2;115;111;101m[48;2;111;109;100m▀[0m[38;2;148;146;136m[48;2;148;143;129m▀[0m[38;2;101;100;94m[48;2;94;92;85m▀[0m[38;2;0;0;0m[48;2;0;0;0m▀[0m[38;2;29;29;32m[48;2;29;29;32m▀[0m[38;2;0;0;0m[48;2;0;0;0m▀[0m[38;2;79;79;79m[48;2;83;81;84m▀[0m[38;2;4;6;4m[48;2;0;0;0m▀[0m[38;2;0;0;0m[48;2;0;0;0m▀[0m
[38;2;192;175;157m[48;2;204;186;164m▀[0m[38;2;140;129;115m[48;2;146;133;118m▀[0m[38;2;171;157;139m[48;2;171;156;138m▀[0m[38;2;174;158;140m[48;2;192;173;152m▀[0m[38;2;173;155;135m[48;2;169;157;139m▀[0m[38;2;247;247;227m[48;2;233;211;188m▀[0m[38;2;43;46;47m[48;2;169;155;140m▀[0m[38;2;29;32;33m[48;2;31;36;36m▀[0m[38;2;133;132;127m[48;2;155;153;143m▀[0m[38;2;86;86;83m[48;2;63;63;64m▀[0m[38;2;0;0;0m[48;2;15;17;15m▀[0m[38;2;57;57;57m[48;2;18;20;18m▀[0m[38;2;97;99;98m[48;2;170;171;165m▀[0m[38;2;35;41;48m[48;2;45;56;62m▀[0m[38;2;100;98;101m[48;2;101;92;84m▀[0m[38;2;247;247;247m[48;2;220;194;168m▀[0m[38;2;196;169;142m[48;2;193;171;150m▀[0m[38;2;102;97;87m[48;2;142;131;120m▀[0m[38;2;141;126;112m[48;2;201;180;165m▀[0m[38;2;126;114;103m[48;2;181;161;147m▀[0m[38;2;165;150;131m[48;2;171;156;137m▀[0m[38;2;168;153;135m[48;2;165;147;133m▀[0m[38;2;64;63;61m[48;2;70;69;67m▀[0m[38;2;108;100;93m[48;2;118;107;100m▀[0m[38;2;97;91;83m[48;2;102;96;88m▀[0m[38;2;93;86;78m[48;2;96;90;82m▀[0m[38;2;85;79;71m[48;2;90;83;75m▀[0m[38;2;101;92;83m[48;2;101;97;87m▀[0m[38;2;9;6;8m[48;2;7;7;5m▀[0m[38;2;85;79;76m[48;2;81;77;76m▀[0m[38;2;144;142;131m[48;2;146;144;133m▀[0m[38;2;45;43;40m[48;2;42;47;40m▀[0m[38;2;61;64;57m[48;2;60;69;61m▀[0m[38;2;65;68;63m[48;2;67;70;64m▀[0m[38;2;66;69;63m[48;2;68;71;65m▀[0m[38;2;70;71;64m[48;2;73;73;67m▀[0m[38;2;72;73;67m[48;2;79;77;70m▀[0m[38;2;76;76;70m[48;2;81;80;73m▀[0m[38;2;80;79;72m[48;2;82;80;74m▀[0m[38;2;82;81;74m[48;2;84;82;76m▀[0m[38;2;84;82;75m[48;2;87;85;78m▀[0m[38;2;86;84;78m[48;2;89;85;81m▀[0m[38;2;89;85;81m[48;2;89;87;80m▀[0m[38;2;89;85;79m[48;2;92;88;78m▀[0m[38;2;89;88;78m[48;2;94;92;81m▀[0m[38;2;92;91;80m[48;2;96;92;82m▀[0m[38;2;95;91;82m[48;2;97;90;82m▀[0m[38;2;97;91;83m[48;2;97;93;83m▀[0m[38;2;97;91;83m[48;2;97;93;84m▀[0m[38;2;97;93;86m[48;2;97;94;87m▀[0m[38;2;97;94;87m[48;2;97;96;86m▀[0m[38;2;97;96;85m[48;2;98;97;86m▀[0m[38;2;99;98;88m[48;2;101;97;89m▀[0m[38;2;102;98;88m[48;2;104;100;91m▀[0m[38;2;100;99;89m[48;2;90;86;73m▀[0m[38;2;107;107;100m[48;2;84;119;122m▀[0m[38;2;113;130;126m[48;2;246;99;75m▀[0m[38;2;89;114;108m[48;2;216;62;32m▀[0m[38;2;130;129;121m[48;2;32;55;54m▀[0m[38;2;97;105;97m[48;2;130;146;146m▀[0m[38;2;98;78;65m[48;2;247;189;157m▀[0m[38;2;104;87;73m[48;2;99;49;37m▀[0m[38;2;71;75;68m[48;2;210;228;235m▀[0m[38;2;80;78;72m[48;2;247;247;247m▀[0m[38;2;63;62;59m[48;2;247;247;247m▀[0m[38;2;87;91;91m[48;2;247;247;247m▀[0m[38;2;78;74;64m[48;2;160;161;158m▀[0m[38;2;109;106;92m[48;2;51;51;39m▀[0m[38;2;147;142;129m[48;2;144;136;124m▀[0m[38;2;74;73;66m[48;2;49;47;45m▀[0m[38;2;0;0;0m[48;2;0;0;0m▀[0m[38;2;28;32;32m[48;2;28;30;34m▀[0m[38;2;0;0;0m[48;2;0;0;0m▀[0m[38;2;94;92;95m[48;2;106;105;105m▀[0m[38;2;0;0;0m[48;2;0;0;0m▀[0m[38;2;0;0;0m[48;2;0;0;0m▀[0m
[38;2;164;151;129m[48;2;150;156;163m▀[0m[38;2;144;133;118m[48;2;119;112;108m▀[0m[38;2;179;161;143m[48;2;164;149;129m▀[0m[38;2;196;181;159m[48;2;139;128;114m▀[0m[38;2;188;172;151m[48;2;139;125;114m▀[0m[38;2;179;159;142m[48;2;102;92;84m▀[0m[38;2;247;247;247m[48;2;226;211;188m▀[0m[38;2;95;94;85m[48;2;174;165;145m▀[0m[38;2;85;86;83m[48;2;0;0;0m▀[0m[38;2;143;143;141m[48;2;168;170;172m▀[0m[38;2;0;0;0m[48;2;0;0;0m▀[0m[38;2;74;71;73m[48;2;226;227;228m▀[0m[38;2;96;98;96m[48;2;2;9;12m▀[0m[38;2;38;41;40m[48;2;134;129;124m▀[0m[38;2;242;222;200m[48;2;212;196;177m▀[0m[38;2;168;155;132m[48;2;93;88;77m▀[0m[38;2;201;180;160m[48;2;145;135;121m▀[0m[38;2;143;132;117m[48;2;96;90;82m▀[0m[38;2;201;186;167m[48;2;142;132;117m▀[0m[38;2;178;162;147m[48;2;113;103;92m▀[0m[38;2;173;160;139m[48;2;171;158;137m▀[0m[38;2;160;146;127m[48;2;164;149;131m▀[0m[38;2;76;74;69m[48;2;81;81;76m▀[0m[38;2;125;113;106m[48;2;126;122;112m▀[0m[38;2;105;101;92m[48;2;111;104;97m▀[0m[38;2;100;94;87m[48;2;104;98;91m▀[0m[38;2;94;87;79m[48;2;97;91;83m▀[0m[38;2;106;100;87m[48;2;114;104;92m▀[0m[38;2;12;8;10m[48;2;14;13;11m▀[0m[38;2;81;77;73m[48;2;74;73;68m▀[0m[38;2;150;148;135m[48;2;152;151;137m▀[0m[38;2;46;51;44m[48;2;52;53;46m▀[0m[38;2;65;69;63m[48;2;66;69;65m▀[0m[38;2;71;72;63m[48;2;76;75;69m▀[0m[38;2;73;74;67m[48;2;80;78;72m▀[0m[38;2;79;77;71m[48;2;82;81;74m▀[0m[38;2;86;79;75m[48;2;83;81;75m▀[0m[38;2;83;81;75m[48;2;86;84;77m▀[0m[38;2;85;83;76m[48;2;89;87;81m▀[0m[38;2;88;86;79m[48;2;90;86;82m▀[0m[38;2;89;87;81m[48;2;89;88;79m▀[0m[38;2;91;87;81m[48;2;92;90;80m▀[0m[38;2;94;90;79m[48;2;96;92;82m▀[0m[38;2;96;92;82m[48;2;97;93;83m▀[0m[38;2;97;93;83m[48;2;98;92;83m▀[0m[38;2;96;90;82m[48;2;97;92;84m▀[0m[38;2;95;93;84m[48;2;97;94;87m▀[0m[38;2;98;93;85m[48;2;99;95;85m▀[0m[38;2;97;95;86m[48;2;98;97;87m▀[0m[38;2;98;97;87m[48;2;99;97;87m▀[0m[38;2;101;97;87m[48;2;99;98;89m▀[0m[38;2;99;97;88m[48;2;100;98;89m▀[0m[38;2;100;98;89m[48;2;106;99;89m▀[0m[38;2;101;99;90m[48;2;99;97;87m▀[0m[38;2;128;121;113m[48;2;225;217;200m▀[0m[38;2;165;178;168m[48;2;184;177;169m▀[0m[38;2;187;142;129m[48;2;73;88;86m▀[0m[38;2;80;0;0m[48;2;0;16;21m▀[0m[38;2;0;0;0m[48;2;0;0;0m▀[0m[38;2;0;0;0m[48;2;0;0;0m▀[0m[38;2;60;68;71m[48;2;84;95;93m▀[0m[38;2;212;220;224m[48;2;207;244;241m▀[0m[38;2;247;247;247m[48;2;176;184;176m▀[0m[38;2;247;247;247m[48;2;210;213;213m▀[0m[38;2;247;247;247m[48;2;209;212;213m▀[0m[38;2;247;247;247m[48;2;232;235;240m▀[0m[38;2;247;247;247m[48;2;247;247;247m▀[0m[38;2;209;213;210m[48;2;247;247;247m▀[0m[38;2;108;106;99m[48;2;247;247;247m▀[0m[38;2;22;20;17m[48;2;0;0;0m▀[0m[38;2;0;0;0m[48;2;0;0;0m▀[0m[38;2;47;45;49m[48;2;5;4;4m▀[0m[38;2;0;0;0m[48;2;0;0;0m▀[0m[38;2;124;127;123m[48;2;148;150;152m▀[0m[38;2;0;0;0m[48;2;0;0;0m▀[0m[38;2;0;0;0m[48;2;0;0;0m▀[0m
[38;2;165;167;169m[48;2;180;157;136m▀[0m[38;2;135;128;119m[48;2;145;132;115m▀[0m[38;2;171;150;133m[48;2;171;157;138m▀[0m[38;2;179;162;144m[48;2;197;177;160m▀[0m[38;2;174;160;141m[48;2;189;174;157m▀[0m[38;2;139;125;111m[48;2;150;135;120m▀[0m[38;2;171;155;132m[48;2;169;157;139m▀[0m[38;2;247;247;241m[48;2;207;182;154m▀[0m[38;2;190;190;194m[48;2;247;247;247m▀[0m[38;2;198;200;204m[48;2;197;200;205m▀[0m[38;2;0;0;0m[48;2;0;0;0m▀[0m[38;2;245;247;247m[48;2;223;227;235m▀[0m[38;2;239;246;247m[48;2;247;247;247m▀[0m[38;2;247;247;247m[48;2;237;216;193m▀[0m[38;2;186;165;146m[48;2;156;144;125m▀[0m[38;2;136;127;114m[48;2;129;119;106m▀[0m[38;2;198;178;161m[48;2;196;180;161m▀[0m[38;2;138;128;116m[48;2;139;129;118m▀[0m[38;2;197;175;155m[48;2;196;179;163m▀[0m[38;2;161;145;127m[48;2;172;157;142m▀[0m[38;2;174;161;142m[48;2;173;156;142m▀[0m[38;2;161;145;130m[48;2;157;141;124m▀[0m[38;2;91;84;81m[48;2;93;92;86m▀[0m[38;2;131;128;121m[48;2;139;132;124m▀[0m[38;2;116;111;101m[48;2;120;116;106m▀[0m[38;2;109;104;95m[48;2;113;107;99m▀[0m[38;2;101;96;88m[48;2;105;99;92m▀[0m[38;2;120;109;97m[48;2;123;113;102m▀[0m[38;2;17;18;14m[48;2;21;20;15m▀[0m[38;2;74;70;69m[48;2;74;70;67m▀[0m[38;2;155;151;140m[48;2;157;152;141m▀[0m[38;2;54;57;50m[48;2;59;60;56m▀[0m[38;2;72;71;65m[48;2;83;77;69m▀[0m[38;2;81;79;73m[48;2;81;80;75m▀[0m[38;2;82;81;74m[48;2;82;81;75m▀[0m[38;2;82;81;75m[48;2;87;83;77m▀[0m[38;2;85;83;76m[48;2;89;85;79m▀[0m[38;2;88;86;80m[48;2;89;85;81m▀[0m[38;2;90;86;82m[48;2;90;88;79m▀[0m[38;2;90;88;79m[48;2;92;92;81m▀[0m[38;2;91;91;81m[48;2;95;93;84m▀[0m[38;2;94;92;83m[48;2;97;93;83m▀[0m[38;2;97;92;82m[48;2;97;92;84m▀[0m[38;2;98;92;83m[48;2;97;94;87m▀[0m[38;2;97;94;85m[48;2;97;94;87m▀[0m[38;2;97;94;87m[48;2;99;94;86m▀[0m[38;2;98;95;86m[48;2;100;97;87m▀[0m[38;2;100;97;86m[48;2;100;98;89m▀[0m[38;2;100;98;88m[48;2;98;97;86m▀[0m[38;2;100;98;88m[48;2;100;96;81m▀[0m[38;2;100;98;89m[48;2;106;101;85m▀[0m[38;2;104;100;90m[48;2;110;105;92m▀[0m[38;2;115;111;97m[48;2;110;114;102m▀[0m[38;2;104;107;97m[48;2;126;135;126m▀[0m[38;2;0;0;0m[48;2;0;0;0m▀[0m[38;2;0;2;5m[48;2;109;118;122m▀[0m[38;2;0;0;0m[48;2;0;0;0m▀[0m[38;2;43;46;47m[48;2;48;52;53m▀[0m[38;2;0;5;10m[48;2;15;19;23m▀[0m[38;2;0;0;0m[48;2;0;0;0m▀[0m[38;2;109;112;111m[48;2;56;69;69m▀[0m[38;2;247;126;101m[48;2;247;46;15m▀[0m[38;2;43;32;23m[48;2;148;105;94m▀[0m[38;2;141;142;129m[48;2;184;189;176m▀[0m[38;2;181;165;148m[48;2;247;245;222m▀[0m[38;2;208;187;166m[48;2;214;202;187m▀[0m[38;2;195;182;163m[48;2;179;172;164m▀[0m[38;2;183;182;177m[48;2;195;197;195m▀[0m[38;2;247;247;247m[48;2;247;247;247m▀[0m[38;2;148;148;150m[48;2;247;247;247m▀[0m[38;2;0;0;0m[48;2;0;0;0m▀[0m[38;2;0;0;0m[48;2;0;0;0m▀[0m[38;2;0;0;0m[48;2;0;0;0m▀[0m[38;2;189;193;193m[48;2;207;209;211m▀[0m[38;2;0;0;0m[48;2;0;0;0m▀[0m[38;2;0;0;0m[48;2;0;0;0m▀[0m
[38;2;197;183;159m[48;2;194;177;158m▀[0m[38;2;141;130;115m[48;2;141;129;116m▀[0m[38;2;163;145;129m[48;2;168;153;137m▀[0m[38;2;143;129;114m[48;2;191;170;154m▀[0m[38;2;137;126;110m[48;2;193;174;158m▀[0m[38;2;108;97;85m[48;2;150;134;115m▀[0m[38;2;131;115;97m[48;2;247;247;235m▀[0m[38;2;213;188;162m[48;2;145;137;127m▀[0m[38;2;247;247;247m[48;2;239;245;247m▀[0m[38;2;125;129;132m[48;2;247;247;247m▀[0m[38;2;0;0;0m[48;2;0;0;0m▀[0m[38;2;174;179;185m[48;2;247;247;247m▀[0m[38;2;247;247;247m[48;2;166;172;177m▀[0m[38;2;206;179;148m[48;2;211;186;162m▀[0m[38;2;129;118;103m[48;2;247;235;205m▀[0m[38;2;100;93;81m[48;2;149;135;117m▀[0m[38;2;147;131;118m[48;2;204;183;162m▀[0m[38;2;96;89;82m[48;2;149;137;123m▀[0m[38;2;125;115;104m[48;2;200;180;160m▀[0m[38;2;149;136;125m[48;2;170;152;136m▀[0m[38;2;178;163;146m[48;2;169;153;135m▀[0m[38;2;151;135;122m[48;2;148;136;122m▀[0m[38;2;98;97;91m[48;2;103;101;95m▀[0m[38;2;145;141;129m[48;2;154;144;133m▀[0m[38;2;125;120;110m[48;2;129;124;114m▀[0m[38;2;118;112;104m[48;2;123;121;111m▀[0m[38;2;110;105;96m[48;2;114;108;103m▀[0m[38;2;126;118;107m[48;2;130;123;112m▀[0m[38;2;24;23;18m[48;2;24;23;18m▀[0m[38;2;74;73;70m[48;2;70;69;66m▀[0m[38;2;158;156;147m[48;2;162;157;152m▀[0m[38;2;64;64;61m[48;2;65;65;58m▀[0m[38;2;82;80;71m[48;2;83;81;75m▀[0m[38;2;84;82;76m[48;2;88;86;80m▀[0m[38;2;86;84;78m[48;2;89;87;82m▀[0m[38;2;89;85;81m[48;2;88;86;81m▀[0m[38;2;90;86;80m[48;2;89;88;78m▀[0m[38;2;90;88;79m[48;2;94;92;82m▀[0m[38;2;92;91;82m[48;2;94;92;82m▀[0m[38;2;94;93;84m[48;2;97;91;83m▀[0m[38;2;97;91;83m[48;2;97;92;84m▀[0m[38;2;98;92;84m[48;2;97;94;87m▀[0m[38;2;97;94;87m[48;2;98;95;88m▀[0m[38;2;98;95;86m[48;2;97;96;85m▀[0m[38;2;98;95;85m[48;2;101;97;87m▀[0m[38;2;101;97;87m[48;2;103;98;88m▀[0m[38;2;101;99;89m[48;2;105;100;91m▀[0m[38;2;96;94;84m[48;2;83;78;65m▀[0m[38;2;92;91;86m[48;2;184;184;189m▀[0m[38;2;90;89;80m[48;2;176;179;184m▀[0m[38;2;98;94;77m[48;2;145;147;148m▀[0m[38;2;101;100;87m[48;2;122;125;115m▀[0m[38;2;111;119;111m[48;2;113;153;153m▀[0m[38;2;95;129;130m[48;2;192;76;40m▀[0m[38;2;0;0;0m[48;2;247;0;0m▀[0m[38;2;75;37;28m[48;2;65;0;0m▀[0m[38;2;0;8;11m[48;2;0;0;4m▀[0m[38;2;28;35;35m[48;2;0;12;16m▀[0m[38;2;22;28;32m[48;2;0;1;5m▀[0m[38;2;0;0;0m[48;2;104;107;107m▀[0m[38;2;0;0;0m[48;2;72;75;76m▀[0m[38;2;247;247;247m[48;2;190;184;171m▀[0m[38;2;111;110;98m[48;2;108;112;105m▀[0m[38;2;135;133;121m[48;2;199;202;207m▀[0m[38;2;181;185;182m[48;2;244;247;247m▀[0m[38;2;187;194;197m[48;2;247;247;247m▀[0m[38;2;244;247;247m[48;2;247;247;247m▀[0m[38;2;247;247;247m[48;2;247;247;247m▀[0m[38;2;247;247;247m[48;2;247;247;247m▀[0m[38;2;247;247;247m[48;2;247;247;247m▀[0m[38;2;45;45;46m[48;2;87;90;90m▀[0m[38;2;0;0;0m[48;2;0;0;0m▀[0m[38;2;0;0;0m[48;2;0;0;0m▀[0m[38;2;94;97;101m[48;2;79;81;83m▀[0m[38;2;0;0;0m[48;2;0;0;0m▀[0m[38;2;0;0;0m[48;2;0;0;0m▀[0m
[38;2;193;176;159m[48;2;195;175;159m▀[0m[38;2;138;127;113m[48;2;135;123;107m▀[0m[38;2;169;155;137m[48;2;170;155;137m▀[0m[38;2;188;171;154m[48;2;189;172;153m▀[0m[38;2;184;167;149m[48;2;182;161;144m▀[0m[38;2;183;161;142m[48;2;212;194;172m▀[0m[38;2;247;232;218m[48;2;28;31;28m▀[0m[38;2;0;0;0m[48;2;0;0;0m▀[0m[38;2;0;0;0m[48;2;0;0;0m▀[0m[38;2;62;65;66m[48;2;39;39;39m▀[0m[38;2;0;0;0m[48;2;0;0;0m▀[0m[38;2;49;52;58m[48;2;21;23;24m▀[0m[38;2;0;0;0m[48;2;0;0;0m▀[0m[38;2;0;0;0m[48;2;0;0;0m▀[0m[38;2;247;247;247m[48;2;68;70;70m▀[0m[38;2;181;159;135m[48;2;247;235;212m▀[0m[38;2;197;177;161m[48;2;178;160;137m▀[0m[38;2;154;142;129m[48;2;102;98;88m▀[0m[38;2;203;187;167m[48;2;148;135;121m▀[0m[38;2;180;164;149m[48;2;130;118;107m▀[0m[38;2;165;153;135m[48;2;161;147;129m▀[0m[38;2;149;137;123m[48;2;150;138;124m▀[0m[38;2;108;107;100m[48;2;114;110;106m▀[0m[38;2;160;152;135m[48;2;160;154;141m▀[0m[38;2;133;127;116m[48;2;138;132;119m▀[0m[38;2;127;122;112m[48;2;131;125;114m▀[0m[38;2;117;115;102m[48;2;121;119;112m▀[0m[38;2;135;128;116m[48;2;144;133;123m▀[0m[38;2;25;25;19m[48;2;28;26;21m▀[0m[38;2;70;66;64m[48;2;64;61;60m▀[0m[38;2;166;161;151m[48;2;168;164;154m▀[0m[38;2;69;69;62m[48;2;73;71;66m▀[0m[38;2;91;84;83m[48;2;89;85;84m▀[0m[38;2;90;86;83m[48;2;92;88;77m▀[0m[38;2;91;87;81m[48;2;92;90;79m▀[0m[38;2;90;88;78m[48;2;94;92;82m▀[0m[38;2;92;91;81m[48;2;96;90;82m▀[0m[38;2;96;92;83m[48;2;96;92;82m▀[0m[38;2;97;92;82m[48;2;97;93;84m▀[0m[38;2;97;94;85m[48;2;99;94;86m▀[0m[38;2;98;95;88m[48;2;99;95;85m▀[0m[38;2;98;93;85m[48;2;100;97;84m▀[0m[38;2;98;97;84m[48;2;102;98;88m▀[0m[38;2;101;97;87m[48;2;103;98;89m▀[0m[38;2;102;98;88m[48;2;104;100;90m▀[0m[38;2;103;99;89m[48;2;104;104;89m▀[0m[38;2;105;101;91m[48;2;109;104;88m▀[0m[38;2;105;99;85m[48;2;109;104;91m▀[0m[38;2;103;99;91m[48;2;114;110;96m▀[0m[38;2;115;116;113m[48;2;70;70;60m▀[0m[38;2;156;159;163m[48;2;119;119;123m▀[0m[38;2;146;150;154m[48;2;32;38;41m▀[0m[38;2;2;44;61m[48;2;31;42;50m▀[0m[38;2;165;79;38m[48;2;0;17;39m▀[0m[38;2;247;68;0m[48;2;51;71;66m▀[0m[38;2;247;1;0m[48;2;247;0;0m▀[0m[38;2;0;0;0m[48;2;109;0;0m▀[0m[38;2;0;0;0m[48;2;0;19;26m▀[0m[38;2;0;0;0m[48;2;222;227;226m▀[0m[38;2;79;83;83m[48;2;247;247;247m▀[0m[38;2;239;243;247m[48;2;247;247;247m▀[0m[38;2;247;247;247m[48;2;247;247;247m▀[0m[38;2;247;247;247m[48;2;247;247;247m▀[0m[38;2;247;247;247m[48;2;247;247;247m▀[0m[38;2;247;247;247m[48;2;247;247;247m▀[0m[38;2;247;247;247m[48;2;247;247;247m▀[0m[38;2;247;247;247m[48;2;238;236;239m▀[0m[38;2;247;247;247m[48;2;190;192;194m▀[0m[38;2;247;247;247m[48;2;195;201;200m▀[0m[38;2;247;247;247m[48;2;247;247;247m▀[0m[38;2;233;233;234m[48;2;247;247;247m▀[0m[38;2;0;0;0m[48;2;0;0;0m▀[0m[38;2;0;0;0m[48;2;0;0;0m▀[0m[38;2;66;68;70m[48;2;52;56;59m▀[0m[38;2;0;0;0m[48;2;0;0;0m▀[0m[38;2;1;1;2m[48;2;16;12;18m▀[0m
[38;2;195;175;159m[48;2;193;176;159m▀[0m[38;2;133;126;109m[48;2;134;123;111m▀[0m[38;2;171;156;137m[48;2;174;161;141m▀[0m[38;2;187;170;149m[48;2;188;173;153m▀[0m[38;2;176;161;142m[48;2;183;164;143m▀[0m[38;2;211;195;174m[48;2;223;209;187m▀[0m[38;2;156;160;157m[48;2;247;247;247m▀[0m[38;2;0;0;0m[48;2;0;0;0m▀[0m[38;2;0;0;0m[48;2;0;0;0m▀[0m[38;2;23;25;25m[48;2;0;0;0m▀[0m[38;2;61;64;61m[48;2;0;2;3m▀[0m[38;2;28;26;24m[48;2;0;0;0m▀[0m[38;2;0;0;0m[48;2;0;0;0m▀[0m[38;2;0;0;0m[48;2;0;0;0m▀[0m[38;2;57;68;75m[48;2;238;246;247m▀[0m[38;2;247;247;247m[48;2;247;247;247m▀[0m[38;2;188;165;139m[48;2;201;176;154m▀[0m[38;2;135;126;113m[48;2;175;161;141m▀[0m[38;2;169;151;135m[48;2;205;187;165m▀[0m[38;2;151;138;125m[48;2;183;164;147m▀[0m[38;2;164;147;133m[48;2;164;152;134m▀[0m[38;2;148;137;125m[48;2;147;132;123m▀[0m[38;2;120;118;111m[48;2;126;120;116m▀[0m[38;2;165;161;147m[48;2;173;161;152m▀[0m[38;2;140;135;125m[48;2;144;139;129m▀[0m[38;2;138;132;118m[48;2;139;132;122m▀[0m[38;2;130;127;114m[48;2;134;129;116m▀[0m[38;2;149;141;130m[48;2;153;146;135m▀[0m[38;2;32;31;26m[48;2;35;33;31m▀[0m[38;2;64;57;56m[48;2;62;56;56m▀[0m[38;2;173;168;159m[48;2;175;170;161m▀[0m[38;2;73;70;70m[48;2;74;72;65m▀[0m[38;2;90;88;75m[48;2;90;92;81m▀[0m[38;2;92;91;81m[48;2;94;92;83m▀[0m[38;2;95;93;84m[48;2;96;92;85m▀[0m[38;2;97;91;83m[48;2;95;93;86m▀[0m[38;2;97;93;83m[48;2;97;94;88m▀[0m[38;2;97;93;86m[48;2;98;95;85m▀[0m[38;2;97;94;85m[48;2;98;97;84m▀[0m[38;2;100;96;85m[48;2;100;98;88m▀[0m[38;2;99;97;85m[48;2;102;98;88m▀[0m[38;2;102;98;88m[48;2;102;98;89m▀[0m[38;2;103;99;89m[48;2;104;100;90m▀[0m[38;2;104;100;90m[48;2;108;103;93m▀[0m[38;2;109;106;93m[48;2;110;106;92m▀[0m[38;2;108;107;90m[48;2;134;129;115m▀[0m[38;2;123;118;108m[48;2;97;91;84m▀[0m[38;2;136;133;120m[48;2;21;18;18m▀[0m[38;2;134;133;120m[48;2;31;30;25m▀[0m[38;2;161;160;148m[48;2;73;71;66m▀[0m[38;2;70;70;71m[48;2;54;54;55m▀[0m[38;2;40;44;48m[48;2;0;0;0m▀[0m[38;2;25;33;36m[48;2;0;0;0m▀[0m[38;2;39;53;51m[48;2;27;32;35m▀[0m[38;2;0;5;21m[48;2;0;0;0m▀[0m[38;2;0;0;0m[48;2;49;68;71m▀[0m[38;2;145;93;91m[48;2;136;167;170m▀[0m[38;2;247;247;247m[48;2;247;247;247m▀[0m[38;2;247;247;247m[48;2;159;166;170m▀[0m[38;2;247;247;247m[48;2;0;0;0m▀[0m[38;2;197;206;212m[48;2;220;218;209m▀[0m[38;2;135;142;142m[48;2;0;0;0m▀[0m[38;2;167;166;158m[48;2;76;77;67m▀[0m[38;2;62;65;64m[48;2;0;0;0m▀[0m[38;2;90;94;94m[48;2;145;147;147m▀[0m[38;2;208;210;211m[48;2;213;214;208m▀[0m[38;2;170;174;171m[48;2;238;237;234m▀[0m[38;2;204;211;211m[48;2;247;247;247m▀[0m[38;2;247;247;247m[48;2;228;229;226m▀[0m[38;2;247;247;247m[48;2;247;247;247m▀[0m[38;2;247;247;247m[48;2;247;247;247m▀[0m[38;2;0;0;0m[48;2;0;0;0m▀[0m[38;2;0;0;0m[48;2;0;0;0m▀[0m[38;2;45;47;52m[48;2;43;45;47m▀[0m[38;2;0;0;0m[48;2;0;0;0m▀[0m[38;2;17;17;18m[48;2;22;22;23m▀[0m
[38;2;193;176;159m[48;2;195;175;159m▀[0m[38;2;136;126;110m[48;2;131;124;111m▀[0m[38;2;170;155;137m[48;2;176;160;140m▀[0m[38;2;135;124;109m[48;2;184;167;148m▀[0m[38;2;130;118;102m[48;2;184;168;149m▀[0m[38;2;170;160;141m[48;2;158;143;121m▀[0m[38;2;187;192;184m[48;2;247;247;215m▀[0m[38;2;0;0;0m[48;2;57;56;50m▀[0m[38;2;0;0;0m[48;2;0;0;0m▀[0m[38;2;0;0;0m[48;2;0;5;6m▀[0m[38;2;0;0;0m[48;2;0;0;0m▀[0m[38;2;0;0;0m[48;2;0;1;3m▀[0m[38;2;0;0;0m[48;2;0;0;0m▀[0m[38;2;0;0;0m[48;2;80;74;71m▀[0m[38;2;230;229;225m[48;2;241;216;190m▀[0m[38;2;218;193;165m[48;2;137;122;104m▀[0m[38;2;174;161;140m[48;2;145;132;119m▀[0m[38;2;159;144;126m[48;2;105;98;88m▀[0m[38;2;183;164;147m[48;2;142;128;114m▀[0m[38;2;161;147;132m[48;2;129;113;101m▀[0m[38;2;162;148;133m[48;2;161;147;129m▀[0m[38;2;143;131;120m[48;2;144;129;115m▀[0m[38;2;127;125;118m[48;2;130;129;123m▀[0m[38;2;178;168;157m[48;2;180;174;160m▀[0m[38;2;148;143;130m[48;2;151;146;133m▀[0m[38;2;143;136;126m[48;2;146;139;130m▀[0m[38;2;138;132;120m[48;2;141;136;126m▀[0m[38;2;157;152;141m[48;2;163;159;144m▀[0m[38;2;39;35;32m[48;2;40;39;39m▀[0m[38;2;61;60;55m[48;2;61;60;55m▀[0m[38;2;178;174;163m[48;2;179;175;162m▀[0m[38;2;74;74;68m[48;2;76;77;70m▀[0m[38;2;91;91;81m[48;2;96;90;82m▀[0m[38;2;96;92;85m[48;2;98;93;86m▀[0m[38;2;97;93;86m[48;2;98;93;85m▀[0m[38;2;98;95;86m[48;2;102;98;85m▀[0m[38;2;99;96;86m[48;2;104;101;87m▀[0m[38;2;98;97;84m[48;2;114;109;97m▀[0m[38;2;100;98;86m[48;2;111;106;94m▀[0m[38;2;104;102;92m[48;2;86;81;64m▀[0m[38;2;109;105;92m[48;2;85;77;64m▀[0m[38;2;109;104;91m[48;2;103;97;85m▀[0m[38;2;114;109;95m[48;2;116;111;98m▀[0m[38;2;126;123;104m[48;2;78;76;65m▀[0m[38;2;141;137;120m[48;2;71;69;61m▀[0m[38;2;77;72;59m[48;2;145;144;141m▀[0m[38;2;0;0;0m[48;2;191;193;194m▀[0m[38;2;38;40;42m[48;2;119;121;119m▀[0m[38;2;6;9;11m[48;2;0;0;1m▀[0m[38;2;126;128;131m[48;2;84;86;87m▀[0m[38;2;153;157;156m[48;2;0;0;0m▀[0m[38;2;0;0;0m[48;2;0;0;0m▀[0m[38;2;0;0;0m[48;2;0;0;1m▀[0m[38;2;0;0;0m[48;2;0;1;1m▀[0m[38;2;83;89;93m[48;2;107;108;105m▀[0m[38;2;247;247;247m[48;2;205;204;205m▀[0m[38;2;247;247;247m[48;2;162;168;172m▀[0m[38;2;179;185;186m[48;2;53;55;56m▀[0m[38;2;0;0;0m[48;2;171;174;174m▀[0m[38;2;55;74;81m[48;2;233;247;247m▀[0m[38;2;195;129;101m[48;2;57;39;38m▀[0m[38;2;232;97;40m[48;2;247;128;64m▀[0m[38;2;35;61;61m[48;2;64;77;77m▀[0m[38;2;220;224;224m[48;2;245;247;247m▀[0m[38;2;247;247;247m[48;2;247;247;247m▀[0m[38;2;247;247;247m[48;2;247;247;247m▀[0m[38;2;247;247;247m[48;2;176;182;182m▀[0m[38;2;184;186;186m[48;2;220;221;218m▀[0m[38;2;247;247;247m[48;2;247;247;247m▀[0m[38;2;247;247;247m[48;2;247;247;247m▀[0m[38;2;247;247;247m[48;2;247;247;247m▀[0m[38;2;0;0;0m[48;2;0;0;0m▀[0m[38;2;0;0;0m[48;2;0;0;0m▀[0m[38;2;43;46;47m[48;2;47;47;48m▀[0m[38;2;0;0;0m[48;2;0;0;0m▀[0m[38;2;23;23;24m[48;2;26;26;27m▀[0m
[38;2;194;178;159m[48;2;196;178;159m▀[0m[38;2;131;122;110m[48;2;137;128;116m▀[0m[38;2;177;162;143m[48;2;158;140;129m▀[0m[38;2;199;179;160m[48;2;137;125;109m▀[0m[38;2;199;183;163m[48;2;139;127;112m▀[0m[38;2;161;142;126m[48;2;102;91;80m▀[0m[38;2;212;188;161m[48;2;145;129;119m▀[0m[38;2;247;247;226m[48;2;170;156;140m▀[0m[38;2;192;173;145m[48;2;156;141;122m▀[0m[38;2;0;0;0m[48;2;91;93;94m▀[0m[38;2;164;172;181m[48;2;247;247;247m▀[0m[38;2;9;15;16m[48;2;94;88;81m▀[0m[38;2;226;206;178m[48;2;186;165;145m▀[0m[38;2;247;247;231m[48;2;153;140;126m▀[0m[38;2;194;177;158m[48;2;126;116;104m▀[0m[38;2;187;171;153m[48;2;131;120;106m▀[0m[38;2;206;188;170m[48;2;138;126;114m▀[0m[38;2;148;140;128m[48;2;95;88;83m▀[0m[38;2;209;193;173m[48;2;129;118;105m▀[0m[38;2;180;163;146m[48;2;105;96;88m▀[0m[38;2;161;147;128m[48;2;156;143;128m▀[0m[38;2;141;127;112m[48;2;142;128;113m▀[0m[38;2;135;133;127m[48;2;137;136;128m▀[0m[38;2;185;177;165m[48;2;190;179;166m▀[0m[38;2;156;149;138m[48;2;162;152;141m▀[0m[38;2;149;142;131m[48;2;153;147;134m▀[0m[38;2;145;138;128m[48;2;148;141;130m▀[0m[38;2;168;163;146m[48;2;173;165;153m▀[0m[38;2;42;41;38m[48;2;44;43;40m▀[0m[38;2;64;59;58m[48;2;63;61;58m▀[0m[38;2;178;173;162m[48;2;175;170;160m▀[0m[38;2;79;78;71m[48;2;82;80;73m▀[0m[38;2;97;91;83m[48;2;101;96;83m▀[0m[38;2;99;94;86m[48;2;100;98;88m▀[0m[38;2;100;97;86m[48;2;106;102;90m▀[0m[38;2;106;105;90m[48;2;120;116;102m▀[0m[38;2;125;120;105m[48;2;121;116;103m▀[0m[38;2;104;101;87m[48;2;0;0;0m▀[0m[38;2;80;76;72m[48;2;36;40;43m▀[0m[38;2;161;161;159m[48;2;247;247;247m▀[0m[38;2;189;188;186m[48;2;247;247;247m▀[0m[38;2;161;161;160m[48;2;55;61;65m▀[0m[38;2;70;73;72m[48;2;39;39;43m▀[0m[38;2;65;67;72m[48;2;20;20;21m▀[0m[38;2;0;0;0m[48;2;46;46;47m▀[0m[38;2;93;93;94m[48;2;2;3;0m▀[0m[38;2;80;81;78m[48;2;0;0;0m▀[0m[38;2;0;0;0m[48;2;44;44;45m▀[0m[38;2;0;0;0m[48;2;32;33;33m▀[0m[38;2;0;0;0m[48;2;106;104;108m▀[0m[38;2;49;53;53m[48;2;247;239;226m▀[0m[38;2;113;113;107m[48;2;192;176;161m▀[0m[38;2;230;218;200m[48;2;247;247;247m▀[0m[38;2;247;247;247m[48;2;247;247;247m▀[0m[38;2;247;247;247m[48;2;204;193;176m▀[0m[38;2;247;247;228m[48;2;247;247;245m▀[0m[38;2;130;121;112m[48;2;221;194;176m▀[0m[38;2;135;141;144m[48;2;129;136;136m▀[0m[38;2;247;247;247m[48;2;247;247;247m▀[0m[38;2;155;161;163m[48;2;218;222;222m▀[0m[38;2;103;135;149m[48;2;247;247;247m▀[0m[38;2;173;54;8m[48;2;145;135;128m▀[0m[38;2;128;81;55m[48;2;158;113;89m▀[0m[38;2;247;247;247m[48;2;147;163;167m▀[0m[38;2;247;247;247m[48;2;69;69;64m▀[0m[38;2;150;150;148m[48;2;233;236;237m▀[0m[38;2;199;199;201m[48;2;229;228;228m▀[0m[38;2;247;247;247m[48;2;247;247;247m▀[0m[38;2;247;247;247m[48;2;247;247;247m▀[0m[38;2;247;247;247m[48;2;237;236;236m▀[0m[38;2;195;197;197m[48;2;119;123;120m▀[0m[38;2;0;0;0m[48;2;0;0;0m▀[0m[38;2;0;0;0m[48;2;0;0;0m▀[0m[38;2;48;48;46m[48;2;44;44;45m▀[0m[38;2;0;0;0m[48;2;0;0;0m▀[0m[38;2;32;30;32m[48;2;27;29;29m▀[0m
[38;2;198;182;161m[48;2;199;183;163m▀[0m[38;2;139;129;115m[48;2;137;128;115m▀[0m[38;2;165;151;135m[48;2;193;178;158m▀[0m[38;2;180;164;146m[48;2;213;193;173m▀[0m[38;2;179;164;145m[48;2;198;184;161m▀[0m[38;2;172;154;140m[48;2;198;182;161m▀[0m[38;2;181;161;145m[48;2;197;177;160m▀[0m[38;2;194;177;159m[48;2;195;180;159m▀[0m[38;2;153;140;126m[48;2;201;181;161m▀[0m[38;2;87;78;71m[48;2;199;179;159m▀[0m[38;2;219;193;166m[48;2;209;188;167m▀[0m[38;2;97;89;78m[48;2;97;87;79m▀[0m[38;2;172;157;139m[48;2;178;161;143m▀[0m[38;2;191;174;156m[48;2;203;181;163m▀[0m[38;2;176;161;143m[48;2;193;176;155m▀[0m[38;2;176;161;143m[48;2;191;172;155m▀[0m[38;2;183;166;148m[48;2;193;172;156m▀[0m[38;2;187;168;152m[48;2;194;177;158m▀[0m[38;2;193;176;155m[48;2;206;188;166m▀[0m[38;2;163;146;130m[48;2;186;167;150m▀[0m[38;2;161;148;129m[48;2;162;148;129m▀[0m[38;2;138;127;115m[48;2;139;127;113m▀[0m[38;2;139;138;132m[48;2;142;141;135m▀[0m[38;2;191;183;168m[48;2;193;188;173m▀[0m[38;2;167;157;144m[48;2;167;160;152m▀[0m[38;2;156;150;137m[48;2;162;152;141m▀[0m[38;2;149;145;131m[48;2;151;147;134m▀[0m[38;2;177;169;155m[48;2;182;171;157m▀[0m[38;2;46;44;41m[48;2;48;45;45m▀[0m[38;2;60;58;55m[48;2;58;59;56m▀[0m[38;2;174;170;157m[48;2;173;169;156m▀[0m[38;2;85;83;76m[48;2;88;84;74m▀[0m[38;2;99;97;91m[48;2;105;101;87m▀[0m[38;2;102;100;90m[48;2;104;100;90m▀[0m[38;2;110;105;92m[48;2;122;117;104m▀[0m[38;2;144;136;120m[48;2;132;129;115m▀[0m[38;2;32;30;27m[48;2;0;0;0m▀[0m[38;2;0;0;0m[48;2;0;0;0m▀[0m[38;2;0;0;0m[48;2;82;82;84m▀[0m[38;2;0;0;0m[48;2;10;12;13m▀[0m[38;2;0;0;0m[48;2;0;0;0m▀[0m[38;2;0;0;0m[48;2;0;0;0m▀[0m[38;2;0;0;0m[48;2;0;0;0m▀[0m[38;2;0;0;0m[48;2;129;129;129m▀[0m[38;2;0;0;0m[48;2;234;237;238m▀[0m[38;2;0;0;0m[48;2;189;189;189m▀[0m[38;2;0;0;0m[48;2;9;11;12m▀[0m[38;2;0;0;0m[48;2;0;0;0m▀[0m[38;2;156;160;162m[48;2;0;4;8m▀[0m[38;2;219;211;203m[48;2;247;233;216m▀[0m[38;2;247;247;247m[48;2;247;247;247m▀[0m[38;2;247;247;228m[48;2;247;247;232m▀[0m[38;2;247;247;229m[48;2;247;237;219m▀[0m[38;2;247;242;224m[48;2;247;231;215m▀[0m[38;2;237;217;200m[48;2;247;240;222m▀[0m[38;2;247;247;236m[48;2;247;247;232m▀[0m[38;2;213;190;169m[48;2;247;228;208m▀[0m[38;2;142;148;152m[48;2;178;181;183m▀[0m[38;2;230;237;238m[48;2;232;238;239m▀[0m[38;2;176;180;180m[48;2;200;203;203m▀[0m[38;2;245;247;247m[48;2;232;234;234m▀[0m[38;2;182;190;193m[48;2;204;206;210m▀[0m[38;2;36;49;46m[48;2;239;243;243m▀[0m[38;2;31;36;36m[48;2;247;247;247m▀[0m[38;2;247;247;247m[48;2;227;230;227m▀[0m[38;2;200;202;203m[48;2;114;112;115m▀[0m[38;2;244;245;242m[48;2;247;247;247m▀[0m[38;2;247;247;247m[48;2;247;247;247m▀[0m[38;2;247;247;247m[48;2;247;247;247m▀[0m[38;2;179;180;177m[48;2;107;111;108m▀[0m[38;2;55;57;57m[48;2;35;37;38m▀[0m[38;2;0;0;0m[48;2;0;0;0m▀[0m[38;2;0;0;0m[48;2;0;0;0m▀[0m[38;2;40;38;41m[48;2;37;36;36m▀[0m[38;2;0;0;0m[48;2;0;0;0m▀[0m[38;2;30;30;30m[48;2;32;32;32m▀[0m
[38;2;212;192;172m[48;2;199;183;161m▀[0m[38;2;85;77;69m[48;2;157;144;129m▀[0m[38;2;51;45;44m[48;2;98;90;84m▀[0m[38;2;151;136;121m[48;2;142;129;116m▀[0m[38;2;150;134;120m[48;2;158;142;129m▀[0m[38;2;154;138;123m[48;2;150;139;123m▀[0m[38;2;157;142;128m[48;2;149;136;122m▀[0m[38;2;162;148;134m[48;2;149;136;121m▀[0m[38;2;167;153;135m[48;2;145;130;119m▀[0m[38;2;173;157;139m[48;2;148;132;118m▀[0m[38;2;177;161;142m[48;2;148;133;118m▀[0m[38;2;184;163;146m[48;2;141;129;118m▀[0m[38;2;176;159;145m[48;2;143;131;118m▀[0m[38;2;175;161;142m[48;2;141;129;115m▀[0m[38;2;170;156;140m[48;2;138;126;115m▀[0m[38;2;169;155;139m[48;2;141;129;119m▀[0m[38;2;167;153;137m[48;2;149;137;124m▀[0m[38;2;162;148;134m[48;2;150;138;125m▀[0m[38;2;165;154;135m[48;2;151;139;125m▀[0m[38;2;110;97;90m[48;2;104;95;86m▀[0m[38;2;133;121;105m[48;2;172;156;137m▀[0m[38;2;142;127;109m[48;2;136;121;107m▀[0m[38;2;143;142;136m[48;2;151;147;138m▀[0m[38;2;196;192;178m[48;2;201;196;183m▀[0m[38;2;166;162;152m[48;2;168;166;154m▀[0m[38;2;166;157;149m[48;2;166;160;149m▀[0m[38;2;155;148;139m[48;2;160;152;140m▀[0m[38;2;186;175;161m[48;2;186;180;163m▀[0m[38;2;51;47;47m[48;2;49;48;45m▀[0m[38;2;64;64;59m[48;2;68;64;62m▀[0m[38;2;176;172;156m[48;2;172;167;154m▀[0m[38;2;88;87;73m[48;2;89;90;76m▀[0m[38;2;107;103;89m[48;2;108;104;96m▀[0m[38;2;106;102;93m[48;2;109;108;99m▀[0m[38;2;129;128;117m[48;2;132;128;117m▀[0m[38;2;114;110;103m[48;2;124;118;114m▀[0m[38;2;0;0;0m[48;2;0;0;0m▀[0m[38;2;0;0;0m[48;2;0;0;0m▀[0m[38;2;245;247;247m[48;2;188;188;188m▀[0m[38;2;0;0;0m[48;2;0;0;0m▀[0m[38;2;0;0;0m[48;2;0;0;0m▀[0m[38;2;0;0;0m[48;2;0;0;0m▀[0m[38;2;41;40;40m[48;2;4;4;4m▀[0m[38;2;247;247;247m[48;2;247;247;247m▀[0m[38;2;247;247;247m[48;2;247;247;247m▀[0m[38;2;247;247;247m[48;2;247;247;247m▀[0m[38;2;135;138;139m[48;2;247;247;247m▀[0m[38;2;0;0;0m[48;2;8;10;11m▀[0m[38;2;0;0;0m[48;2;0;0;0m▀[0m[38;2;211;199;180m[48;2;69;67;57m▀[0m[38;2;247;247;247m[48;2;247;235;215m▀[0m[38;2;247;247;241m[48;2;247;247;240m▀[0m[38;2;247;232;219m[48;2;247;239;224m▀[0m[38;2;247;228;212m[48;2;247;228;212m▀[0m[38;2;247;230;215m[48;2;247;235;217m▀[0m[38;2;247;245;226m[48;2;247;247;232m▀[0m[38;2;247;247;240m[48;2;247;247;231m▀[0m[38;2;73;75;75m[48;2;151;151;149m▀[0m[38;2;137;140;144m[48;2;0;0;0m▀[0m[38;2;247;247;247m[48;2;100;102;102m▀[0m[38;2;226;226;226m[48;2;247;247;247m▀[0m[38;2;247;247;247m[48;2;154;156;157m▀[0m[38;2;247;247;247m[48;2;183;186;183m▀[0m[38;2;205;204;204m[48;2;150;149;149m▀[0m[38;2;2;8;8m[48;2;85;86;83m▀[0m[38;2;162;164;164m[48;2;247;247;247m▀[0m[38;2;247;247;247m[48;2;219;221;221m▀[0m[38;2;247;247;247m[48;2;222;226;223m▀[0m[38;2;247;247;247m[48;2;231;232;229m▀[0m[38;2;39;42;42m[48;2;5;8;5m▀[0m[38;2;31;32;32m[48;2;15;17;15m▀[0m[38;2;0;0;0m[48;2;0;0;0m▀[0m[38;2;0;0;0m[48;2;6;6;7m▀[0m[38;2;43;41;44m[48;2;46;46;48m▀[0m[38;2;0;0;0m[48;2;0;0;0m▀[0m[38;2;27;27;31m[48;2;10;10;15m▀[0m
[38;2;219;200;177m[48;2;158;143;126m▀[0m[38;2;229;210;187m[48;2;154;142;127m▀[0m[38;2;241;222;196m[48;2;154;139;124m▀[0m[38;2;232;211;188m[48;2;153;141;127m▀[0m[38;2;228;207;186m[48;2;153;140;126m▀[0m[38;2;226;204;184m[48;2;151;139;124m▀[0m[38;2;225;205;180m[48;2;151;140;124m▀[0m[38;2;225;204;183m[48;2;152;140;124m▀[0m[38;2;224;202;181m[48;2;155;140;126m▀[0m[38;2;224;205;183m[48;2;154;142;129m▀[0m[38;2;226;204;183m[48;2;151;139;123m▀[0m[38;2;226;204;180m[48;2;153;141;125m▀[0m[38;2;226;202;181m[48;2;152;139;124m▀[0m[38;2;226;204;181m[48;2;149;138;118m▀[0m[38;2;227;203;182m[48;2;148;135;121m▀[0m[38;2;226;202;181m[48;2;147;134;117m▀[0m[38;2;226;202;183m[48;2;147;131;116m▀[0m[38;2;224;202;181m[48;2;146;130;116m▀[0m[38;2;228;204;181m[48;2;145;129;111m▀[0m[38;2;234;213;187m[48;2;138;128;112m▀[0m[38;2;247;224;200m[48;2;162;148;132m▀[0m[38;2;147;135;122m[48;2;80;72;64m▀[0m[38;2;173;168;159m[48;2;113;112;112m▀[0m[38;2;239;228;212m[48;2;177;173;164m▀[0m[38;2;207;195;181m[48;2;155;149;141m▀[0m[38;2;199;189;177m[48;2;155;151;140m▀[0m[38;2;191;180;164m[48;2;141;141;133m▀[0m[38;2;213;202;191m[48;2;165;166;157m▀[0m[38;2;69;68;64m[48;2;36;39;38m▀[0m[38;2;71;65;64m[48;2;50;44;44m▀[0m[38;2;160;156;142m[48;2;150;149;135m▀[0m[38;2;91;90;79m[48;2;97;94;80m▀[0m[38;2;110;104;97m[48;2;114;108;100m▀[0m[38;2;116;112;99m[48;2;129;124;117m▀[0m[38;2;144;138;133m[48;2;143;141;134m▀[0m[38;2;131;128;127m[48;2;0;0;0m▀[0m[38;2;11;13;14m[48;2;2;6;7m▀[0m[38;2;172;178;175m[48;2;0;0;0m▀[0m[38;2;109;109;109m[48;2;28;29;26m▀[0m[38;2;3;3;5m[48;2;39;38;38m▀[0m[38;2;0;0;0m[48;2;0;0;0m▀[0m[38;2;0;0;0m[48;2;0;0;0m▀[0m[38;2;0;0;0m[48;2;0;0;0m▀[0m[38;2;194;194;191m[48;2;0;0;0m▀[0m[38;2;247;247;247m[48;2;49;49;46m▀[0m[38;2;25;25;27m[48;2;0;0;0m▀[0m[38;2;247;247;247m[48;2;64;67;64m▀[0m[38;2;161;161;161m[48;2;61;61;59m▀[0m[38;2;0;0;0m[48;2;56;56;53m▀[0m[38;2;0;0;0m[48;2;0;0;0m▀[0m[38;2;134;129;115m[48;2;109;98;88m▀[0m[38;2;247;247;247m[48;2;247;247;247m▀[0m[38;2;247;247;229m[48;2;247;247;233m▀[0m[38;2;247;237;223m[48;2;247;247;239m▀[0m[38;2;247;228;211m[48;2;230;213;197m▀[0m[38;2;247;244;226m[48;2;231;219;205m▀[0m[38;2;247;247;245m[48;2;247;247;247m▀[0m[38;2;168;164;158m[48;2;97;96;93m▀[0m[38;2;110;119;121m[48;2;19;26;26m▀[0m[38;2;138;141;140m[48;2;158;157;157m▀[0m[38;2;185;185;185m[48;2;67;69;67m▀[0m[38;2;0;0;0m[48;2;161;164;164m▀[0m[38;2;247;247;247m[48;2;206;206;208m▀[0m[38;2;0;0;0m[48;2;0;0;0m▀[0m[38;2;0;0;0m[48;2;0;0;0m▀[0m[38;2;129;131;133m[48;2;14;16;16m▀[0m[38;2;188;192;192m[48;2;157;163;161m▀[0m[38;2;247;247;247m[48;2;247;247;247m▀[0m[38;2;247;247;247m[48;2;247;247;247m▀[0m[38;2;0;0;0m[48;2;0;0;0m▀[0m[38;2;7;9;10m[48;2;52;52;54m▀[0m[38;2;0;0;0m[48;2;0;0;0m▀[0m[38;2;13;13;13m[48;2;22;22;23m▀[0m[38;2;46;46;48m[48;2;49;52;54m▀[0m[38;2;0;0;0m[48;2;0;0;0m▀[0m[38;2;19;19;20m[48;2;48;45;49m▀[0m
[38;2;26;23;25m[48;2;93;92;90m▀[0m[38;2;26;25;25m[48;2;97;97;94m▀[0m[38;2;25;25;25m[48;2;96;99;97m▀[0m[38;2;25;25;25m[48;2;95;97;97m▀[0m[38;2;24;20;23m[48;2;96;95;95m▀[0m[38;2;22;20;18m[48;2;97;97;94m▀[0m[38;2;23;16;19m[48;2;97;97;92m▀[0m[38;2;19;19;21m[48;2;100;97;94m▀[0m[38;2;19;19;20m[48;2;100;99;94m▀[0m[38;2;18;18;20m[48;2;100;97;94m▀[0m[38;2;17;17;17m[48;2;100;100;96m▀[0m[38;2;13;16;17m[48;2;104;102;100m▀[0m[38;2;17;20;20m[48;2;106;107;101m▀[0m[38;2;20;22;26m[48;2;113;112;107m▀[0m[38;2;23;21;24m[48;2;119;119;113m▀[0m[38;2;26;25;26m[48;2;122;118;114m▀[0m[38;2;29;31;32m[48;2;126;125;120m▀[0m[38;2;35;32;36m[48;2;129;129;124m▀[0m[38;2;39;38;39m[48;2;140;136;129m▀[0m[38;2;39;41;39m[48;2;145;143;134m▀[0m[38;2;41;40;40m[48;2;147;145;136m▀[0m[38;2;41;41;41m[48;2;151;144;141m▀[0m[38;2;48;48;46m[48;2;151;144;137m▀[0m[38;2;47;47;45m[48;2;154;147;142m▀[0m[38;2;48;46;44m[48;2;156;149;144m▀[0m[38;2;49;45;45m[48;2;163;154;145m▀[0m[38;2;47;46;47m[48;2;167;158;149m▀[0m[38;2;54;53;51m[48;2;169;162;152m▀[0m[38;2;58;55;55m[48;2;174;167;157m▀[0m[38;2;147;141;136m[48;2;148;144;134m▀[0m[38;2;129;128;114m[48;2;101;100;87m▀[0m[38;2;107;99;92m[48;2;113;103;96m▀[0m[38;2;119;115;106m[48;2;136;132;123m▀[0m[38;2;150;148;139m[48;2;94;90;84m▀[0m[38;2;4;4;4m[48;2;0;0;0m▀[0m[38;2;12;15;19m[48;2;116;118;118m▀[0m[38;2;27;27;28m[48;2;0;0;0m▀[0m[38;2;0;0;0m[48;2;0;0;0m▀[0m[38;2;0;0;0m[48;2;0;0;0m▀[0m[38;2;0;0;0m[48;2;247;247;247m▀[0m[38;2;30;32;32m[48;2;247;247;247m▀[0m[38;2;106;106;106m[48;2;247;247;247m▀[0m[38;2;33;33;33m[48;2;202;205;204m▀[0m[38;2;0;0;0m[48;2;154;152;155m▀[0m[38;2;15;18;18m[48;2;140;142;142m▀[0m[38;2;97;97;98m[48;2;187;187;187m▀[0m[38;2;32;32;32m[48;2;161;163;163m▀[0m[38;2;50;53;53m[48;2;76;76;76m▀[0m[38;2;0;0;0m[48;2;0;0;0m▀[0m[38;2;0;0;0m[48;2;32;36;35m▀[0m[38;2;59;52;44m[48;2;0;0;0m▀[0m[38;2;247;247;247m[48;2;32;28;25m▀[0m[38;2;247;247;247m[48;2;136;132;127m▀[0m[38;2;247;247;247m[48;2;200;194;186m▀[0m[38;2;247;240;222m[48;2;230;223;210m▀[0m[38;2;247;247;241m[48;2;247;247;247m▀[0m[38;2;247;247;247m[48;2;175;165;154m▀[0m[38;2;0;0;0m[48;2;0;0;0m▀[0m[38;2;152;156;159m[48;2;0;0;0m▀[0m[38;2;173;173;174m[48;2;247;247;247m▀[0m[38;2;103;105;106m[48;2;191;193;193m▀[0m[38;2;247;247;247m[48;2;247;247;247m▀[0m[38;2;81;88;88m[48;2;0;0;0m▀[0m[38;2;0;0;0m[48;2;0;0;0m▀[0m[38;2;0;0;0m[48;2;0;0;0m▀[0m[38;2;0;0;0m[48;2;0;0;0m▀[0m[38;2;134;137;136m[48;2;163;166;166m▀[0m[38;2;247;247;247m[48;2;247;247;247m▀[0m[38;2;239;242;242m[48;2;247;247;247m▀[0m[38;2;51;50;50m[48;2;213;213;208m▀[0m[38;2;46;49;48m[48;2;0;0;0m▀[0m[38;2;0;0;0m[48;2;0;0;0m▀[0m[38;2;33;33;34m[48;2;34;37;38m▀[0m[38;2;53;56;57m[48;2;44;44;45m▀[0m[38;2;0;0;0m[48;2;0;0;0m▀[0m[38;2;44;47;48m[48;2;50;53;57m▀[0m
[38;2;30;31;24m[48;2;47;58;55m▀[0m[38;2;27;37;35m[48;2;53;58;54m▀[0m[38;2;32;37;36m[48;2;61;54;47m▀[0m[38;2;37;38;32m[48;2;61;61;56m▀[0m[38;2;40;40;35m[48;2;64;64;59m▀[0m[38;2;44;45;41m[48;2;65;65;59m▀[0m[38;2;46;49;41m[48;2;67;67;61m▀[0m[38;2;48;49;42m[48;2;67;66;64m▀[0m[38;2;48;52;44m[48;2;64;71;64m▀[0m[38;2;48;57;47m[48;2;68;73;63m▀[0m[38;2;53;58;50m[48;2;76;76;65m▀[0m[38;2;59;60;52m[48;2;80;79;73m▀[0m[38;2;59;62;54m[48;2;82;81;76m▀[0m[38;2;64;67;57m[48;2;86;84;78m▀[0m[38;2;69;69;64m[48;2;87;83;79m▀[0m[38;2;69;67;65m[48;2;88;84;78m▀[0m[38;2;67;67;63m[48;2;89;87;74m▀[0m[38;2;66;65;56m[48;2;92;90;81m▀[0m[38;2;72;71;64m[48;2;95;91;84m▀[0m[38;2;74;73;66m[48;2;97;93;86m▀[0m[38;2;73;69;68m[48;2;97;94;87m▀[0m[38;2;73;72;67m[48;2;98;95;86m▀[0m[38;2;73;72;64m[48;2;99;97;87m▀[0m[38;2;77;76;67m[48;2;103;99;90m▀[0m[38;2;81;80;68m[48;2;104;100;90m▀[0m[38;2;85;82;68m[48;2;105;101;91m▀[0m[38;2;85;84;72m[48;2;107;103;93m▀[0m[38;2;86;85;70m[48;2;106;104;92m▀[0m[38;2;87;83;70m[48;2;109;104;94m▀[0m[38;2;93;89;76m[48;2;109;105;95m▀[0m[38;2;103;102;88m[48;2;108;106;96m▀[0m[38;2;111;107;95m[48;2;116;112;103m▀[0m[38;2;146;147;132m[48;2;155;150;137m▀[0m[38;2;52;51;45m[48;2;51;50;45m▀[0m[38;2;14;14;15m[48;2;0;0;0m▀[0m[38;2;103;104;101m[48;2;46;50;49m▀[0m[38;2;0;0;0m[48;2;0;0;0m▀[0m[38;2;34;37;37m[48;2;101;104;104m▀[0m[38;2;106;105;105m[48;2;0;0;0m▀[0m[38;2;247;247;247m[48;2;192;194;194m▀[0m[38;2;247;247;247m[48;2;232;232;233m▀[0m[38;2;173;177;178m[48;2;181;181;182m▀[0m[38;2;191;194;194m[48;2;120;123;125m▀[0m[38;2;183;183;187m[48;2;51;54;55m▀[0m[38;2;127;129;129m[48;2;0;0;0m▀[0m[38;2;80;83;82m[48;2;0;0;0m▀[0m[38;2;0;0;0m[48;2;0;0;5m▀[0m[38;2;0;0;0m[48;2;9;12;12m▀[0m[38;2;113;113;113m[48;2;21;21;21m▀[0m[38;2;35;38;38m[48;2;3;6;6m▀[0m[38;2;0;0;0m[48;2;13;19;24m▀[0m[38;2;0;0;0m[48;2;108;101;94m▀[0m[38;2;0;0;0m[48;2;58;64;64m▀[0m[38;2;0;0;0m[48;2;0;0;0m▀[0m[38;2;0;0;0m[48;2;0;0;0m▀[0m[38;2;30;35;42m[48;2;0;0;0m▀[0m[38;2;38;43;48m[48;2;16;18;23m▀[0m[38;2;0;0;0m[48;2;0;0;0m▀[0m[38;2;0;0;0m[48;2;0;0;0m▀[0m[38;2;247;247;247m[48;2;247;247;247m▀[0m[38;2;247;247;247m[48;2;247;247;247m▀[0m[38;2;186;189;186m[48;2;120;122;122m▀[0m[38;2;0;0;0m[48;2;0;0;0m▀[0m[38;2;0;0;0m[48;2;0;0;0m▀[0m[38;2;0;0;0m[48;2;0;0;0m▀[0m[38;2;0;2;2m[48;2;102;106;107m▀[0m[38;2;247;247;247m[48;2;247;247;247m▀[0m[38;2;247;247;247m[48;2;238;238;238m▀[0m[38;2;247;247;247m[48;2;247;247;247m▀[0m[38;2;26;29;26m[48;2;12;18;18m▀[0m[38;2;0;0;0m[48;2;0;0;0m▀[0m[38;2;0;0;0m[48;2;0;0;0m▀[0m[38;2;65;68;69m[48;2;91;94;96m▀[0m[38;2;48;46;49m[48;2;49;47;50m▀[0m[38;2;0;0;0m[48;2;0;0;0m▀[0m[38;2;57;57;61m[48;2;59;59;63m▀[0m
[38;2;57;53;53m[48;2;58;59;55m▀[0m[38;2;58;58;53m[48;2;59;62;58m▀[0m[38;2;59;62;58m[48;2;63;64;60m▀[0m[38;2;61;64;60m[48;2;64;65;60m▀[0m[38;2;64;65;59m[48;2;61;67;61m▀[0m[38;2;66;67;61m[48;2;63;69;62m▀[0m[38;2;66;69;63m[48;2;70;71;64m▀[0m[38;2;68;71;64m[48;2;75;74;67m▀[0m[38;2;73;73;66m[48;2;79;79;71m▀[0m[38;2;77;76;70m[48;2;83;82;75m▀[0m[38;2;80;79;73m[48;2;85;83;81m▀[0m[38;2;83;82;76m[48;2;86;84;79m▀[0m[38;2;86;84;78m[48;2;89;85;79m▀[0m[38;2;87;85;79m[48;2;88;86;77m▀[0m[38;2;87;83;79m[48;2;90;89;78m▀[0m[38;2;89;88;78m[48;2;94;90;83m▀[0m[38;2;91;90;81m[48;2;95;91;85m▀[0m[38;2;95;89;84m[48;2;96;92;85m▀[0m[38;2;96;92;85m[48;2;97;94;87m▀[0m[38;2;97;94;85m[48;2;100;97;87m▀[0m[38;2;99;96;86m[48;2;101;99;89m▀[0m[38;2;100;98;88m[48;2;102;100;90m▀[0m[38;2;101;100;90m[48;2;102;100;90m▀[0m[38;2;102;100;90m[48;2;105;101;89m▀[0m[38;2;104;100;90m[48;2;106;102;89m▀[0m[38;2;106;102;90m[48;2;106;102;90m▀[0m[38;2;104;103;93m[48;2;108;103;91m▀[0m[38;2;107;103;91m[48;2;106;104;94m▀[0m[38;2;108;104;94m[48;2;108;106;97m▀[0m[38;2;107;105;96m[48;2;109;107;98m▀[0m[38;2;110;106;99m[48;2;112;108;101m▀[0m[38;2;118;111;104m[48;2;118;112;104m▀[0m[38;2;158;152;139m[48;2;160;160;148m▀[0m[38;2;57;58;51m[48;2;3;16;16m▀[0m[38;2;0;0;0m[48;2;107;121;125m▀[0m[38;2;0;0;0m[48;2;94;101;104m▀[0m[38;2;0;0;0m[48;2;0;0;0m▀[0m[38;2;97;100;100m[48;2;0;0;0m▀[0m[38;2;102;103;100m[48;2;247;247;247m▀[0m[38;2;0;0;0m[48;2;22;25;25m▀[0m[38;2;146;146;144m[48;2;0;0;0m▀[0m[38;2;96;96;96m[48;2;23;23;23m▀[0m[38;2;85;85;82m[48;2;110;110;110m▀[0m[38;2;95;95;95m[48;2;44;44;44m▀[0m[38;2;3;3;4m[48;2;0;0;0m▀[0m[38;2;6;9;13m[48;2;11;11;13m▀[0m[38;2;30;30;34m[48;2;0;0;0m▀[0m[38;2;0;0;0m[48;2;0;0;0m▀[0m[38;2;0;0;0m[48;2;8;11;11m▀[0m[38;2;0;0;0m[48;2;104;112;114m▀[0m[38;2;31;38;42m[48;2;0;0;0m▀[0m[38;2;247;247;247m[48;2;247;247;233m▀[0m[38;2;247;247;247m[48;2;247;247;247m▀[0m[38;2;224;214;201m[48;2;247;247;247m▀[0m[38;2;211;204;195m[48;2;247;247;247m▀[0m[38;2;247;245;232m[48;2;247;247;247m▀[0m[38;2;0;0;0m[48;2;57;56;50m▀[0m[38;2;0;0;0m[48;2;0;0;0m▀[0m[38;2;0;4;4m[48;2;58;65;68m▀[0m[38;2;247;247;247m[48;2;247;247;247m▀[0m[38;2;247;247;247m[48;2;247;247;247m▀[0m[38;2;88;89;86m[48;2;52;55;55m▀[0m[38;2;0;0;0m[48;2;0;0;0m▀[0m[38;2;0;0;0m[48;2;85;87;89m▀[0m[38;2;0;0;0m[48;2;110;109;109m▀[0m[38;2;151;153;153m[48;2;116;118;120m▀[0m[38;2;247;247;247m[48;2;247;247;247m▀[0m[38;2;243;246;246m[48;2;247;247;247m▀[0m[38;2;247;247;247m[48;2;247;247;247m▀[0m[38;2;33;36;36m[48;2;0;3;3m▀[0m[38;2;0;0;0m[48;2;0;0;0m▀[0m[38;2;0;0;0m[48;2;0;0;0m▀[0m[38;2;101;103;105m[48;2;111;113;115m▀[0m[38;2;41;40;40m[48;2;32;33;33m▀[0m[38;2;0;0;0m[48;2;0;0;0m▀[0m[38;2;62;62;65m[48;2;64;64;66m▀[0m
[38;2;63;64;60m[48;2;64;64;59m▀[0m[38;2;64;64;58m[48;2;64;67;61m▀[0m[38;2;64;66;60m[48;2;65;69;63m▀[0m[38;2;65;69;63m[48;2;70;71;64m▀[0m[38;2;69;70;64m[48;2;75;74;67m▀[0m[38;2;72;72;65m[48;2;79;78;71m▀[0m[38;2;76;76;69m[48;2;84;80;74m▀[0m[38;2;80;80;73m[48;2;85;83;77m▀[0m[38;2;88;82;75m[48;2;87;85;83m▀[0m[38;2;87;83;79m[48;2;89;83;79m▀[0m[38;2;88;84;80m[48;2;89;88;78m▀[0m[38;2;89;87;78m[48;2;93;94;79m▀[0m[38;2;92;90;79m[48;2;95;91;82m▀[0m[38;2;92;90;80m[48;2;93;91;85m▀[0m[38;2;92;90;81m[48;2;96;92;86m▀[0m[38;2;95;91;85m[48;2;97;95;85m▀[0m[38;2;95;93;86m[48;2;99;97;85m▀[0m[38;2;98;95;85m[48;2;100;98;86m▀[0m[38;2;99;97;85m[48;2;103;99;89m▀[0m[38;2;101;99;89m[48;2;103;99;89m▀[0m[38;2;103;99;90m[48;2;105;101;91m▀[0m[38;2;105;101;89m[48;2;106;102;90m▀[0m[38;2;106;101;89m[48;2;107;103;91m▀[0m[38;2;106;103;90m[48;2;106;104;92m▀[0m[38;2;105;103;91m[48;2;108;104;91m▀[0m[38;2;107;103;91m[48;2;107;103;95m▀[0m[38;2;106;104;95m[48;2;107;105;98m▀[0m[38;2;107;105;99m[48;2;111;107;98m▀[0m[38;2;112;108;98m[48;2;112;108;99m▀[0m[38;2;112;108;99m[48;2;113;109;100m▀[0m[38;2;112;108;101m[48;2;113;113;101m▀[0m[38;2;118;117;111m[48;2;122;121;114m▀[0m[38;2;141;152;146m[48;2;102;147;150m▀[0m[38;2;0;2;5m[48;2;110;19;2m▀[0m[38;2;27;71;79m[48;2;87;0;0m▀[0m[38;2;113;173;181m[48;2;42;0;0m▀[0m[38;2;0;30;40m[48;2;36;17;12m▀[0m[38;2;0;0;0m[48;2;0;0;0m▀[0m[38;2;77;91;89m[48;2;0;0;0m▀[0m[38;2;51;57;57m[48;2;45;52;55m▀[0m[38;2;173;176;178m[48;2;29;32;33m▀[0m[38;2;167;170;172m[48;2;0;0;0m▀[0m[38;2;148;148;148m[48;2;0;0;0m▀[0m[38;2;42;41;42m[48;2;0;0;0m▀[0m[38;2;0;0;0m[48;2;0;0;0m▀[0m[38;2;0;0;0m[48;2;9;11;11m▀[0m[38;2;0;0;0m[48;2;108;110;111m▀[0m[38;2;63;63;63m[48;2;87;89;87m▀[0m[38;2;123;125;126m[48;2;0;0;0m▀[0m[38;2;0;0;0m[48;2;0;0;0m▀[0m[38;2;0;0;0m[48;2;0;0;0m▀[0m[38;2;247;243;226m[48;2;201;184;168m▀[0m[38;2;247;247;247m[48;2;247;247;247m▀[0m[38;2;247;247;229m[48;2;247;243;225m▀[0m[38;2;247;247;247m[48;2;247;247;247m▀[0m[38;2;247;247;247m[48;2;247;226;209m▀[0m[38;2;49;52;48m[48;2;12;18;15m▀[0m[38;2;0;0;0m[48;2;0;0;0m▀[0m[38;2;92;99;104m[48;2;153;161;163m▀[0m[38;2;247;247;247m[48;2;247;247;247m▀[0m[38;2;247;247;247m[48;2;187;188;185m▀[0m[38;2;26;29;26m[48;2;26;29;29m▀[0m[38;2;0;0;0m[48;2;0;0;0m▀[0m[38;2;138;140;140m[48;2;187;185;188m▀[0m[38;2;129;131;133m[48;2;134;133;133m▀[0m[38;2;108;109;106m[48;2;101;102;99m▀[0m[38;2;247;247;247m[48;2;247;247;247m▀[0m[38;2;247;247;247m[48;2;247;247;247m▀[0m[38;2;247;247;247m[48;2;247;247;247m▀[0m[38;2;0;0;0m[48;2;0;0;0m▀[0m[38;2;0;0;0m[48;2;0;0;0m▀[0m[38;2;0;0;0m[48;2;0;0;0m▀[0m[38;2;116;119;121m[48;2;131;131;133m▀[0m[38;2;30;27;27m[48;2;22;21;21m▀[0m[38;2;0;0;0m[48;2;0;0;0m▀[0m[38;2;69;69;69m[48;2;69;69;70m▀[0m
[38;2;64;67;61m[48;2;65;70;60m▀[0m[38;2;66;70;63m[48;2;72;72;64m▀[0m[38;2;71;72;64m[48;2;76;76;69m▀[0m[38;2;76;75;68m[48;2;81;79;73m▀[0m[38;2;80;79;72m[48;2;86;82;76m▀[0m[38;2;84;82;76m[48;2;86;84;78m▀[0m[38;2;87;83;77m[48;2;88;84;78m▀[0m[38;2;87;83;79m[48;2;90;88;78m▀[0m[38;2;88;86;79m[48;2;92;94;79m▀[0m[38;2;90;90;79m[48;2;93;91;82m▀[0m[38;2;92;91;81m[48;2;97;90;83m▀[0m[38;2;95;89;84m[48;2;97;93;84m▀[0m[38;2;94;92;86m[48;2;98;95;86m▀[0m[38;2;97;93;87m[48;2;100;97;87m▀[0m[38;2;97;95;85m[48;2;99;97;87m▀[0m[38;2;100;98;88m[48;2;103;99;87m▀[0m[38;2;103;99;89m[48;2;102;100;88m▀[0m[38;2;101;99;89m[48;2;105;101;91m▀[0m[38;2;103;99;90m[48;2;105;101;91m▀[0m[38;2;106;102;90m[48;2;106;103;90m▀[0m[38;2;108;103;91m[48;2;105;103;91m▀[0m[38;2;105;103;91m[48;2;107;104;91m▀[0m[38;2;107;104;91m[48;2;108;104;94m▀[0m[38;2;109;105;92m[48;2;109;105;98m▀[0m[38;2;109;105;96m[48;2;113;107;99m▀[0m[38;2;108;106;99m[48;2;113;109;100m▀[0m[38;2;112;106;98m[48;2;113;109;99m▀[0m[38;2;113;108;98m[48;2;115;109;101m▀[0m[38;2;113;109;100m[48;2;115;111;102m▀[0m[38;2;115;111;102m[48;2;117;110;101m▀[0m[38;2;117;110;102m[48;2;118;111;102m▀[0m[38;2;123;123;112m[48;2;118;130;122m▀[0m[38;2;74;150;157m[48;2;54;146;154m▀[0m[38;2;161;17;0m[48;2;198;1;0m▀[0m[38;2;247;0;0m[48;2;247;12;0m▀[0m[38;2;231;2;0m[48;2;247;31;0m▀[0m[38;2;247;16;0m[48;2;247;13;0m▀[0m[38;2;204;0;0m[48;2;0;0;6m▀[0m[38;2;19;64;68m[48;2;47;107;117m▀[0m[38;2;190;197;195m[48;2;155;170;169m▀[0m[38;2;247;247;247m[48;2;177;183;183m▀[0m[38;2;139;139;139m[48;2;77;80;80m▀[0m[38;2;0;0;0m[48;2;50;56;53m▀[0m[38;2;61;61;63m[48;2;14;25;29m▀[0m[38;2;18;22;23m[48;2;97;112;110m▀[0m[38;2;117;121;114m[48;2;160;156;136m▀[0m[38;2;181;176;163m[48;2;212;204;190m▀[0m[38;2;97;95;86m[48;2;124;120;113m▀[0m[38;2;0;0;0m[48;2;0;0;0m▀[0m[38;2;0;0;0m[48;2;0;0;0m▀[0m[38;2;0;0;0m[48;2;0;0;0m▀[0m[38;2;143;133;123m[48;2;145;138;133m▀[0m[38;2;247;247;247m[48;2;247;247;247m▀[0m[38;2;247;243;225m[48;2;247;247;235m▀[0m[38;2;247;247;247m[48;2;247;247;247m▀[0m[38;2;203;189;173m[48;2;196;184;168m▀[0m[38;2;9;13;12m[48;2;2;6;6m▀[0m[38;2;0;0;0m[48;2;0;0;0m▀[0m[38;2;211;213;211m[48;2;234;234;234m▀[0m[38;2;201;200;198m[48;2;84;86;86m▀[0m[38;2;139;140;137m[48;2;112;110;113m▀[0m[38;2;46;46;43m[48;2;28;28;28m▀[0m[38;2;0;0;0m[48;2;0;0;0m▀[0m[38;2;229;232;232m[48;2;247;247;247m▀[0m[38;2;0;0;0m[48;2;0;0;0m▀[0m[38;2;89;88;89m[48;2;141;143;141m▀[0m[38;2;241;243;241m[48;2;247;247;247m▀[0m[38;2;247;247;247m[48;2;247;247;247m▀[0m[38;2;108;114;111m[48;2;57;63;60m▀[0m[38;2;0;3;0m[48;2;44;47;47m▀[0m[38;2;0;0;0m[48;2;0;0;0m▀[0m[38;2;0;0;0m[48;2;0;0;0m▀[0m[38;2;147;147;147m[48;2;155;158;155m▀[0m[38;2;16;16;16m[48;2;9;9;9m▀[0m[38;2;0;0;0m[48;2;0;0;0m▀[0m[38;2;71;71;73m[48;2;76;76;77m▀[0m
[38;2;71;71;62m[48;2;78;77;71m▀[0m[38;2;77;77;69m[48;2;82;80;74m▀[0m[38;2;81;80;73m[48;2;85;83;77m▀[0m[38;2;85;83;77m[48;2;87;83;83m▀[0m[38;2;87;83;79m[48;2;87;86;77m▀[0m[38;2;88;86;79m[48;2;91;90;80m▀[0m[38;2;91;90;79m[48;2;94;92;82m▀[0m[38;2;93;92;81m[48;2;95;91;84m▀[0m[38;2;95;89;82m[48;2;97;91;84m▀[0m[38;2;96;90;83m[48;2;96;94;85m▀[0m[38;2;97;93;84m[48;2;98;95;86m▀[0m[38;2;99;94;86m[48;2;100;98;88m▀[0m[38;2;100;98;88m[48;2;103;99;89m▀[0m[38;2;101;99;89m[48;2;101;99;87m▀[0m[38;2;103;99;89m[48;2;102;100;88m▀[0m[38;2;103;101;89m[48;2;107;102;92m▀[0m[38;2;104;102;90m[48;2;107;103;91m▀[0m[38;2;107;102;90m[48;2;107;103;91m▀[0m[38;2;105;103;91m[48;2;107;104;91m▀[0m[38;2;107;103;90m[48;2;108;104;92m▀[0m[38;2;107;103;87m[48;2;107;105;97m▀[0m[38;2;106;104;96m[48;2;110;106;99m▀[0m[38;2;107;106;99m[48;2;112;108;99m▀[0m[38;2;113;108;98m[48;2;114;109;99m▀[0m[38;2;114;109;99m[48;2;114;110;99m▀[0m[38;2;114;108;100m[48;2;114;112;103m▀[0m[38;2;114;110;103m[48;2;117;112;102m▀[0m[38;2;116;110;102m[48;2;117;112;97m▀[0m[38;2;117;112;101m[48;2;116;115;105m▀[0m[38;2;115;114;103m[48;2;117;115;105m▀[0m[38;2;111;114;110m[48;2;121;115;102m▀[0m[38;2;121;134;124m[48;2;119;139;131m▀[0m[38;2;51;142;150m[48;2;62;138;143m▀[0m[38;2;224;0;0m[48;2;210;0;0m▀[0m[38;2;247;9;0m[48;2;247;13;0m▀[0m[38;2;247;30;0m[48;2;247;27;0m▀[0m[38;2;197;7;0m[48;2;247;18;0m▀[0m[38;2;0;0;0m[48;2;109;0;0m▀[0m[38;2;0;0;0m[48;2;132;112;113m▀[0m[38;2;44;73;75m[48;2;35;95;110m▀[0m[38;2;165;173;173m[48;2;124;135;142m▀[0m[38;2;26;29;31m[48;2;57;59;59m▀[0m[38;2;73;97;103m[48;2;0;0;0m▀[0m[38;2;140;67;67m[48;2;0;0;0m▀[0m[38;2;194;43;32m[48;2;183;103;89m▀[0m[38;2;166;190;175m[48;2;129;159;151m▀[0m[38;2;198;186;176m[48;2;206;199;189m▀[0m[38;2;134;130;122m[48;2;139;140;133m▀[0m[38;2;0;0;0m[48;2;0;0;0m▀[0m[38;2;0;0;0m[48;2;0;0;0m▀[0m[38;2;0;0;0m[48;2;0;0;0m▀[0m[38;2;137;136;131m[48;2;137;138;131m▀[0m[38;2;247;247;247m[48;2;247;247;239m▀[0m[38;2;247;247;241m[48;2;221;206;192m▀[0m[38;2;247;247;247m[48;2;247;247;247m▀[0m[38;2;205;193;178m[48;2;194;182;170m▀[0m[38;2;0;0;0m[48;2;0;0;0m▀[0m[38;2;0;0;0m[48;2;0;0;0m▀[0m[38;2;183;185;183m[48;2;16;19;19m▀[0m[38;2;0;0;0m[48;2;0;0;0m▀[0m[38;2;105;104;104m[48;2;102;103;100m▀[0m[38;2;0;0;0m[48;2;0;0;0m▀[0m[38;2;0;0;0m[48;2;61;61;61m▀[0m[38;2;247;247;247m[48;2;247;247;247m▀[0m[38;2;13;16;12m[48;2;82;84;82m▀[0m[38;2;173;173;173m[48;2;127;129;127m▀[0m[38;2;247;247;247m[48;2;162;162;162m▀[0m[38;2;208;210;211m[48;2;247;247;247m▀[0m[38;2;168;169;166m[48;2;59;61;61m▀[0m[38;2;25;25;25m[48;2;0;0;0m▀[0m[38;2;0;0;0m[48;2;0;0;0m▀[0m[38;2;0;0;0m[48;2;0;0;0m▀[0m[38;2;165;165;165m[48;2;170;173;173m▀[0m[38;2;3;3;1m[48;2;0;0;0m▀[0m[38;2;0;0;0m[48;2;0;0;0m▀[0m[38;2;81;81;82m[48;2;84;84;88m▀[0m
[38;2;83;81;74m[48;2;86;84;78m▀[0m[38;2;85;83;78m[48;2;88;84;78m▀[0m[38;2;86;84;78m[48;2;89;88;78m▀[0m[38;2;87;86;77m[48;2;92;90;80m▀[0m[38;2;91;90;79m[48;2;96;90;82m▀[0m[38;2;95;89;81m[48;2;97;91;84m▀[0m[38;2;96;90;83m[48;2;98;92;84m▀[0m[38;2;97;94;85m[48;2;98;95;86m▀[0m[38;2;97;95;85m[48;2;98;97;87m▀[0m[38;2;97;97;86m[48;2;101;99;89m▀[0m[38;2;100;99;88m[48;2;104;99;87m▀[0m[38;2;104;99;89m[48;2;104;99;89m▀[0m[38;2;104;99;89m[48;2;105;100;90m▀[0m[38;2;103;101;89m[48;2;106;102;92m▀[0m[38;2;106;102;89m[48;2;107;102;90m▀[0m[38;2;107;103;90m[48;2;107;103;90m▀[0m[38;2;108;104;91m[48;2;108;104;92m▀[0m[38;2;108;104;92m[48;2;106;105;96m▀[0m[38;2;106;105;94m[48;2;108;106;99m▀[0m[38;2;107;105;98m[48;2;112;108;98m▀[0m[38;2;112;106;98m[48;2;114;110;99m▀[0m[38;2;113;109;98m[48;2;114;109;99m▀[0m[38;2;114;109;99m[48;2;114;110;101m▀[0m[38;2;114;110;101m[48;2;116;112;102m▀[0m[38;2;114;112;103m[48;2;117;112;101m▀[0m[38;2;118;113;102m[48;2;117;115;104m▀[0m[38;2;117;115;102m[48;2;118;116;106m▀[0m[38;2;117;116;106m[48;2;122;115;104m▀[0m[38;2;121;116;105m[48;2;124;118;105m▀[0m[38;2;123;118;105m[48;2;120;120;114m▀[0m[38;2;117;120;113m[48;2;117;121;117m▀[0m[38;2;113;145;141m[48;2;121;150;143m▀[0m[38;2;78;127;126m[48;2;82;113;110m▀[0m[38;2;209;0;0m[48;2;247;0;0m▀[0m[38;2;244;4;0m[48;2;236;28;0m▀[0m[38;2;247;21;0m[48;2;247;53;0m▀[0m[38;2;247;17;0m[48;2;247;17;0m▀[0m[38;2;247;7;0m[48;2;104;0;0m▀[0m[38;2;247;0;0m[48;2;89;0;0m▀[0m[38;2;0;0;0m[48;2;65;84;88m▀[0m[38;2;201;218;220m[48;2;247;247;247m▀[0m[38;2;192;197;194m[48;2;247;247;247m▀[0m[38;2;0;0;0m[48;2;247;247;247m▀[0m[38;2;0;0;0m[48;2;137;156;161m▀[0m[38;2;112;109;96m[48;2;18;5;5m▀[0m[38;2;118;97;81m[48;2;247;59;0m▀[0m[38;2;197;217;211m[48;2;161;109;92m▀[0m[38;2;155;155;147m[48;2;108;152;156m▀[0m[38;2;0;0;0m[48;2;0;0;0m▀[0m[38;2;0;0;0m[48;2;0;0;0m▀[0m[38;2;0;0;0m[48;2;0;0;0m▀[0m[38;2;184;178;165m[48;2;212;201;186m▀[0m[38;2;219;207;188m[48;2;244;226;206m▀[0m[38;2;247;237;223m[48;2;247;247;247m▀[0m[38;2;247;247;237m[48;2;247;244;225m▀[0m[38;2;117;116;111m[48;2;54;54;49m▀[0m[38;2;0;0;0m[48;2;0;0;0m▀[0m[38;2;0;0;0m[48;2;0;0;0m▀[0m[38;2;0;3;2m[48;2;7;10;12m▀[0m[38;2;35;38;42m[48;2;68;72;75m▀[0m[38;2;71;70;70m[48;2;10;8;11m▀[0m[38;2;0;0;0m[48;2;0;0;0m▀[0m[38;2;51;51;53m[48;2;55;58;62m▀[0m[38;2;247;247;247m[48;2;247;247;247m▀[0m[38;2;127;128;125m[48;2;112;107;97m▀[0m[38;2;84;83;72m[48;2;162;159;153m▀[0m[38;2;247;247;247m[48;2;247;247;247m▀[0m[38;2;152;154;154m[48;2;97;97;85m▀[0m[38;2;0;0;0m[48;2;0;0;0m▀[0m[38;2;0;0;0m[48;2;0;0;0m▀[0m[38;2;0;0;0m[48;2;0;0;0m▀[0m[38;2;0;0;0m[48;2;0;0;0m▀[0m[38;2;173;173;173m[48;2;175;178;177m▀[0m[38;2;0;0;0m[48;2;0;0;0m▀[0m[38;2;0;0;0m[48;2;0;0;0m▀[0m[38;2;86;86;87m[48;2;88;88;89m▀[0m
[38;2;87;85;78m[48;2;90;89;79m▀[0m[38;2;90;89;78m[48;2;92;90;81m▀[0m[38;2;91;89;80m[48;2;94;90;83m▀[0m[38;2;94;90;83m[48;2;96;92;85m▀[0m[38;2;97;93;86m[48;2;98;95;85m▀[0m[38;2;98;95;86m[48;2;99;97;87m▀[0m[38;2;98;97;87m[48;2;100;99;88m▀[0m[38;2;99;98;88m[48;2;102;98;88m▀[0m[38;2;103;99;89m[48;2;104;100;88m▀[0m[38;2;104;99;89m[48;2;105;101;89m▀[0m[38;2;104;100;88m[48;2;105;101;89m▀[0m[38;2;105;101;89m[48;2;104;102;90m▀[0m[38;2;105;101;89m[48;2;106;103;90m▀[0m[38;2;107;103;91m[48;2;105;103;91m▀[0m[38;2;108;103;90m[48;2;105;104;95m▀[0m[38;2;107;103;94m[48;2;108;106;99m▀[0m[38;2;107;106;97m[48;2;110;108;99m▀[0m[38;2;111;107;100m[48;2;114;109;99m▀[0m[38;2;112;108;99m[48;2;115;110;100m▀[0m[38;2;113;109;98m[48;2;113;109;100m▀[0m[38;2;114;110;99m[48;2;113;111;104m▀[0m[38;2;113;111;102m[48;2;117;113;102m▀[0m[38;2;117;112;102m[48;2;116;114;101m▀[0m[38;2;117;112;101m[48;2;112;115;107m▀[0m[38;2;116;115;105m[48;2;121;117;106m▀[0m[38;2;118;117;107m[48;2;124;118;105m▀[0m[38;2;123;118;107m[48;2;122;120;110m▀[0m[38;2;123;119;108m[48;2;122;120;110m▀[0m[38;2;123;117;109m[48;2;124;120;107m▀[0m[38;2;124;120;110m[48;2;128;121;110m▀[0m[38;2;127;124;110m[48;2;126;128;117m▀[0m[38;2;126;156;149m[48;2;129;151;140m▀[0m[38;2;64;98;97m[48;2;43;122;128m▀[0m[38;2;247;0;0m[48;2;247;0;0m▀[0m[38;2;247;59;3m[48;2;247;9;0m▀[0m[38;2;247;20;0m[48;2;247;27;0m▀[0m[38;2;247;37;0m[48;2;189;15;0m▀[0m[38;2;0;0;0m[48;2;25;0;3m▀[0m[38;2;0;0;0m[48;2;146;3;0m▀[0m[38;2;0;17;14m[48;2;96;0;0m▀[0m[38;2;0;0;0m[48;2;0;0;0m▀[0m[38;2;126;134;140m[48;2;150;154;157m▀[0m[38;2;170;176;179m[48;2;52;58;59m▀[0m[38;2;28;35;40m[48;2;4;11;15m▀[0m[38;2;0;0;0m[48;2;0;0;0m▀[0m[38;2;226;84;53m[48;2;0;0;0m▀[0m[38;2;186;94;79m[48;2;247;157;106m▀[0m[38;2;97;75;69m[48;2;245;91;70m▀[0m[38;2;0;0;0m[48;2;0;0;0m▀[0m[38;2;0;0;0m[48;2;0;0;0m▀[0m[38;2;0;0;0m[48;2;0;0;0m▀[0m[38;2;244;224;211m[48;2;247;247;247m▀[0m[38;2;247;247;247m[48;2;247;247;247m▀[0m[38;2;247;247;242m[48;2;247;247;231m▀[0m[38;2;247;247;247m[48;2;247;247;247m▀[0m[38;2;129;125;115m[48;2;209;194;179m▀[0m[38;2;0;0;0m[48;2;0;0;0m▀[0m[38;2;2;5;6m[48;2;6;6;8m▀[0m[38;2;10;13;12m[48;2;21;24;23m▀[0m[38;2;78;85;83m[48;2;67;70;70m▀[0m[38;2;0;0;0m[48;2;0;0;0m▀[0m[38;2;0;0;0m[48;2;0;0;0m▀[0m[38;2;150;146;143m[48;2;186;175;167m▀[0m[38;2;247;247;247m[48;2;234;236;237m▀[0m[38;2;119;117;111m[48;2;65;68;67m▀[0m[38;2;142;143;139m[48;2;134;131;118m▀[0m[38;2;196;191;174m[48;2;233;226;205m▀[0m[38;2;140;136;124m[48;2;141;136;127m▀[0m[38;2;0;0;0m[48;2;0;0;0m▀[0m[38;2;0;0;0m[48;2;0;0;0m▀[0m[38;2;0;0;0m[48;2;0;0;0m▀[0m[38;2;0;0;0m[48;2;0;0;0m▀[0m[38;2;175;178;179m[48;2;176;179;178m▀[0m[38;2;0;0;0m[48;2;0;0;0m▀[0m[38;2;0;0;0m[48;2;0;0;0m▀[0m[38;2;92;92;93m[48;2;92;95;96m▀[0m
[38;2;93;89;82m[48;2;95;91;85m▀[0m[38;2;95;91;84m[48;2;97;93;86m▀[0m[38;2;97;94;85m[48;2;97;96;85m▀[0m[38;2;98;95;85m[48;2;99;98;88m▀[0m[38;2;98;97;87m[48;2;100;98;88m▀[0m[38;2;101;99;87m[48;2;102;98;88m▀[0m[38;2;103;99;87m[48;2;104;100;88m▀[0m[38;2;104;100;88m[48;2;106;102;90m▀[0m[38;2;106;102;90m[48;2;105;103;91m▀[0m[38;2;106;102;90m[48;2;105;104;91m▀[0m[38;2;104;102;90m[48;2;108;104;90m▀[0m[38;2;107;103;91m[48;2;107;103;94m▀[0m[38;2;106;104;92m[48;2;108;106;97m▀[0m[38;2;103;104;97m[48;2;112;108;99m▀[0m[38;2;109;105;99m[48;2;111;109;99m▀[0m[38;2;112;108;98m[48;2;114;109;99m▀[0m[38;2;114;110;99m[48;2;115;111;100m▀[0m[38;2;115;110;100m[48;2;114;112;103m▀[0m[38;2;115;111;104m[48;2;118;114;103m▀[0m[38;2;116;112;105m[48;2;119;115;102m▀[0m[38;2;118;113;102m[48;2;117;116;106m▀[0m[38;2;117;116;105m[48;2;120;118;108m▀[0m[38;2;116;117;107m[48;2;123;117;104m▀[0m[38;2;122;117;106m[48;2;121;119;109m▀[0m[38;2;124;120;107m[48;2;121;120;111m▀[0m[38;2;122;120;111m[48;2;124;120;109m▀[0m[38;2;122;120;109m[48;2;127;122;104m▀[0m[38;2;126;121;107m[48;2;127;123;113m▀[0m[38;2;128;123;112m[48;2;127;125;114m▀[0m[38;2;129;125;114m[48;2;130;124;113m▀[0m[38;2;128;127;112m[48;2;130;127;114m▀[0m[38;2;130;135;124m[48;2;129;131;124m▀[0m[38;2;87;159;165m[48;2;141;161;157m▀[0m[38;2;84;0;0m[48;2;12;105;115m▀[0m[38;2;247;0;0m[48;2;174;0;0m▀[0m[38;2;247;26;0m[48;2;247;13;0m▀[0m[38;2;95;0;0m[48;2;241;11;0m▀[0m[38;2;0;0;0m[48;2;182;6;0m▀[0m[38;2;0;0;0m[48;2;0;0;0m▀[0m[38;2;0;0;0m[48;2;0;0;0m▀[0m[38;2;1;16;20m[48;2;0;0;0m▀[0m[38;2;153;160;164m[48;2;100;112;115m▀[0m[38;2;161;168;175m[48;2;186;180;172m▀[0m[38;2;130;133;134m[48;2;247;243;224m▀[0m[38;2;122;126;118m[48;2;247;247;247m▀[0m[38;2;20;39;39m[48;2;247;247;247m▀[0m[38;2;27;0;0m[48;2;243;247;247m▀[0m[38;2;123;0;0m[48;2;127;81;74m▀[0m[38;2;0;0;0m[48;2;0;0;0m▀[0m[38;2;0;0;0m[48;2;0;0;0m▀[0m[38;2;0;0;0m[48;2;0;0;0m▀[0m[38;2;247;247;247m[48;2;247;245;224m▀[0m[38;2;247;247;247m[48;2;247;247;247m▀[0m[38;2;247;246;227m[48;2;247;245;226m▀[0m[38;2;247;247;247m[48;2;247;247;247m▀[0m[38;2;230;209;196m[48;2;202;187;173m▀[0m[38;2;0;0;0m[48;2;0;0;0m▀[0m[38;2;6;6;7m[48;2;24;27;27m▀[0m[38;2;41;44;44m[48;2;58;65;64m▀[0m[38;2;49;53;53m[48;2;25;29;29m▀[0m[38;2;0;0;0m[48;2;0;0;0m▀[0m[38;2;27;26;26m[48;2;67;67;63m▀[0m[38;2;219;211;194m[48;2;236;228;211m▀[0m[38;2;169;173;172m[48;2;163;158;145m▀[0m[38;2;169;173;173m[48;2;113;122;129m▀[0m[38;2;190;181;161m[48;2;159;154;139m▀[0m[38;2;237;228;207m[48;2;243;232;212m▀[0m[38;2;136;129;124m[48;2;129;125;116m▀[0m[38;2;0;0;0m[48;2;0;0;0m▀[0m[38;2;0;0;0m[48;2;0;0;0m▀[0m[38;2;0;0;0m[48;2;0;0;0m▀[0m[38;2;0;0;0m[48;2;0;0;0m▀[0m[38;2;192;197;198m[48;2;201;204;208m▀[0m[38;2;0;0;0m[48;2;0;0;0m▀[0m[38;2;0;0;0m[48;2;0;0;0m▀[0m[38;2;97;95;97m[48;2;95;93;96m▀[0m
[38;2;98;95;85m[48;2;99;97;87m▀[0m[38;2;98;97;86m[48;2;102;98;88m▀[0m[38;2;101;97;87m[48;2;102;98;88m▀[0m[38;2;100;98;86m[48;2;103;99;89m▀[0m[38;2;102;99;86m[48;2;104;100;90m▀[0m[38;2;104;100;90m[48;2;106;102;90m▀[0m[38;2;106;102;90m[48;2;105;103;91m▀[0m[38;2;105;103;91m[48;2;107;103;91m▀[0m[38;2;107;103;91m[48;2;106;104;94m▀[0m[38;2;108;105;92m[48;2;107;105;98m▀[0m[38;2;109;105;97m[48;2;112;108;98m▀[0m[38;2;110;106;99m[48;2;114;109;99m▀[0m[38;2;113;109;99m[48;2;115;110;100m▀[0m[38;2;114;110;99m[48;2;114;110;100m▀[0m[38;2;114;110;99m[48;2;114;112;102m▀[0m[38;2;112;110;101m[48;2;117;112;102m▀[0m[38;2;114;112;105m[48;2;118;114;103m▀[0m[38;2;118;114;103m[48;2;116;116;106m▀[0m[38;2;116;115;103m[48;2;117;117;107m▀[0m[38;2;117;116;105m[48;2;123;118;107m▀[0m[38;2;122;117;107m[48;2;121;120;110m▀[0m[38;2;127;119;108m[48;2;121;120;115m▀[0m[38;2;121;120;110m[48;2;123;121;108m▀[0m[38;2;121;119;109m[48;2;126;121;104m▀[0m[38;2;126;121;108m[48;2;126;124;111m▀[0m[38;2;128;123;110m[48;2;127;125;115m▀[0m[38;2;129;125;112m[48;2;129;125;115m▀[0m[38;2;128;124;113m[48;2;130;125;112m▀[0m[38;2;130;124;115m[48;2;131;127;116m▀[0m[38;2;132;126;115m[48;2;132;133;123m▀[0m[38;2;130;129;119m[48;2;136;134;125m▀[0m[38;2;131;135;128m[48;2;141;139;129m▀[0m[38;2;143;152;138m[48;2;149;153;142m▀[0m[38;2;129;166;160m[48;2;175;189;182m▀[0m[38;2;41;94;96m[48;2;97;152;152m▀[0m[38;2;247;0;0m[48;2;59;11;0m▀[0m[38;2;0;0;0m[48;2;129;0;0m▀[0m[38;2;177;6;0m[48;2;0;0;0m▀[0m[38;2;199;1;0m[48;2;15;0;0m▀[0m[38;2;0;0;0m[48;2;0;0;6m▀[0m[38;2;0;0;0m[48;2;180;179;169m▀[0m[38;2;169;163;150m[48;2;247;247;247m▀[0m[38;2;247;247;247m[48;2;247;247;247m▀[0m[38;2;247;247;247m[48;2;247;227;211m▀[0m[38;2;247;247;233m[48;2;247;237;219m▀[0m[38;2;247;247;232m[48;2;247;238;222m▀[0m[38;2;247;247;247m[48;2;247;243;226m▀[0m[38;2;247;247;247m[48;2;247;247;236m▀[0m[38;2;180;184;169m[48;2;247;247;247m▀[0m[38;2;0;0;0m[48;2;184;172;158m▀[0m[38;2;0;0;0m[48;2;0;0;0m▀[0m[38;2;195;183;165m[48;2;104;95;84m▀[0m[38;2;247;247;247m[48;2;247;247;247m▀[0m[38;2;247;245;226m[48;2;247;247;242m▀[0m[38;2;247;247;247m[48;2;247;247;247m▀[0m[38;2;160;143;131m[48;2;108;100;93m▀[0m[38;2;0;0;0m[48;2;0;0;0m▀[0m[38;2;44;44;46m[48;2;58;58;62m▀[0m[38;2;59;65;64m[48;2;63;66;65m▀[0m[38;2;2;4;2m[48;2;0;0;0m▀[0m[38;2;0;0;0m[48;2;0;0;0m▀[0m[38;2;116;114;105m[48;2;163;159;146m▀[0m[38;2;231;220;203m[48;2;222;210;196m▀[0m[38;2;196;185;170m[48;2;181;171;161m▀[0m[38;2;135;129;118m[48;2;190;180;168m▀[0m[38;2;142;137;127m[48;2;189;183;168m▀[0m[38;2;247;237;222m[48;2;235;232;213m▀[0m[38;2;123;117;110m[48;2;117;111;104m▀[0m[38;2;0;0;0m[48;2;0;0;0m▀[0m[38;2;0;0;0m[48;2;0;0;0m▀[0m[38;2;0;0;0m[48;2;0;0;0m▀[0m[38;2;0;0;0m[48;2;0;0;0m▀[0m[38;2;218;220;222m[48;2;242;244;244m▀[0m[38;2;0;0;0m[48;2;0;0;0m▀[0m[38;2;0;0;0m[48;2;0;0;0m▀[0m[38;2;92;92;94m[48;2;92;92;94m▀[0m
[38;2;103;99;87m[48;2;104;99;89m▀[0m[38;2;103;99;87m[48;2;105;100;90m▀[0m[38;2;104;100;90m[48;2;106;101;91m▀[0m[38;2;104;100;90m[48;2;106;102;90m▀[0m[38;2;105;101;91m[48;2;106;102;90m▀[0m[38;2;106;102;92m[48;2;106;102;88m▀[0m[38;2;107;103;91m[48;2;106;105;98m▀[0m[38;2;107;105;97m[48;2;109;108;99m▀[0m[38;2;109;107;102m[48;2;114;109;99m▀[0m[38;2;113;108;98m[48;2;115;110;99m▀[0m[38;2;115;110;99m[48;2;114;109;99m▀[0m[38;2;115;110;100m[48;2;113;111;102m▀[0m[38;2;115;111;102m[48;2;117;113;103m▀[0m[38;2;116;112;102m[48;2;117;115;102m▀[0m[38;2;118;111;100m[48;2;117;116;106m▀[0m[38;2;117;115;102m[48;2;117;117;107m▀[0m[38;2;116;116;105m[48;2;122;117;104m▀[0m[38;2;120;116;106m[48;2;123;119;108m▀[0m[38;2;121;119;108m[48;2;121;121;115m▀[0m[38;2;121;120;110m[48;2;122;120;109m▀[0m[38;2;122;120;111m[48;2;127;122;109m▀[0m[38;2;126;122;109m[48;2;129;125;112m▀[0m[38;2;128;123;109m[48;2;127;126;115m▀[0m[38;2;128;124;114m[48;2;129;125;114m▀[0m[38;2;127;125;115m[48;2;133;123;112m▀[0m[38;2;129;125;114m[48;2;135;129;116m▀[0m[38;2;136;127;112m[48;2;144;139;127m▀[0m[38;2;135;133;121m[48;2;159;158;146m▀[0m[38;2;136;135;125m[48;2;180;174;161m▀[0m[38;2;153;146;135m[48;2;158;154;143m▀[0m[38;2;174;168;154m[48;2;69;88;88m▀[0m[38;2;184;184;173m[48;2;0;13;22m▀[0m[38;2;170;181;172m[48;2;0;0;0m▀[0m[38;2;141;172;169m[48;2;0;0;0m▀[0m[38;2;77;143;160m[48;2;43;20;4m▀[0m[38;2;0;0;19m[48;2;129;0;0m▀[0m[38;2;151;0;0m[48;2;189;47;26m▀[0m[38;2;0;0;0m[48;2;106;126;117m▀[0m[38;2;0;0;0m[48;2;0;15;14m▀[0m[38;2;10;7;10m[48;2;0;0;0m▀[0m[38;2;247;246;227m[48;2;0;0;0m▀[0m[38;2;247;247;233m[48;2;185;174;160m▀[0m[38;2;198;188;171m[48;2;247;247;247m▀[0m[38;2;179;166;152m[48;2;247;247;247m▀[0m[38;2;240;220;202m[48;2;247;247;226m▀[0m[38;2;247;236;219m[48;2;247;234;216m▀[0m[38;2;247;231;218m[48;2;247;234;219m▀[0m[38;2;247;247;227m[48;2;247;226;210m▀[0m[38;2;247;247;236m[48;2;247;234;216m▀[0m[38;2;247;247;247m[48;2;247;247;247m▀[0m[38;2;63;59;53m[48;2;247;247;247m▀[0m[38;2;0;0;0m[48;2;0;0;0m▀[0m[38;2;247;247;247m[48;2;247;247;235m▀[0m[38;2;243;221;204m[48;2;247;243;226m▀[0m[38;2;247;247;247m[48;2;247;247;247m▀[0m[38;2;64;61;57m[48;2;59;55;51m▀[0m[38;2;0;0;0m[48;2;0;0;0m▀[0m[38;2;80;83;84m[48;2;92;95;96m▀[0m[38;2;68;70;68m[48;2;63;64;63m▀[0m[38;2;0;0;0m[48;2;0;0;0m▀[0m[38;2;0;0;0m[48;2;0;0;0m▀[0m[38;2;198;193;176m[48;2;220;210;198m▀[0m[38;2;211;198;187m[48;2;201;192;175m▀[0m[38;2;182;172;157m[48;2;183;175;151m▀[0m[38;2;177;171;153m[48;2;176;171;161m▀[0m[38;2;175;174;160m[48;2;184;180;165m▀[0m[38;2;242;236;215m[48;2;247;238;218m▀[0m[38;2;110;106;97m[48;2;102;98;92m▀[0m[38;2;0;0;0m[48;2;0;0;0m▀[0m[38;2;0;0;0m[48;2;0;0;0m▀[0m[38;2;0;0;0m[48;2;0;0;0m▀[0m[38;2;17;16;16m[48;2;38;37;37m▀[0m[38;2;247;247;247m[48;2;247;247;247m▀[0m[38;2;0;0;0m[48;2;0;0;0m▀[0m[38;2;0;0;0m[48;2;0;0;0m▀[0m[38;2;94;91;95m[48;2;94;94;95m▀[0m
[38;2;105;101;91m[48;2;106;102;92m▀[0m[38;2;104;102;92m[48;2;106;102;92m▀[0m[38;2;106;102;92m[48;2;108;103;91m▀[0m[38;2;107;103;90m[48;2;108;104;92m▀[0m[38;2;107;103;91m[48;2;107;106;97m▀[0m[38;2;106;105;97m[48;2;111;107;100m▀[0m[38;2;109;107;100m[48;2;112;108;99m▀[0m[38;2;113;109;99m[48;2;113;109;99m▀[0m[38;2;115;110;100m[48;2;114;110;101m▀[0m[38;2;114;110;100m[48;2;114;112;103m▀[0m[38;2;112;111;104m[48;2;117;113;103m▀[0m[38;2;114;112;102m[48;2;117;115;102m▀[0m[38;2;118;114;101m[48;2;116;116;106m▀[0m[38;2;116;117;107m[48;2;118;116;105m▀[0m[38;2;119;117;107m[48;2;123;118;107m▀[0m[38;2;123;118;107m[48;2;121;120;110m▀[0m[38;2;121;119;108m[48;2;121;120;110m▀[0m[38;2;121;120;110m[48;2;125;120;109m▀[0m[38;2;125;121;110m[48;2;128;123;112m▀[0m[38;2;128;122;109m[48;2;129;125;114m▀[0m[38;2;129;124;113m[48;2;130;127;116m▀[0m[38;2;129;124;117m[48;2;132;127;119m▀[0m[38;2;131;126;118m[48;2;138;132;120m▀[0m[38;2;136;127;114m[48;2;162;157;144m▀[0m[38;2;144;136;120m[48;2;175;174;160m▀[0m[38;2;161;161;149m[48;2;106;107;101m▀[0m[38;2;176;171;161m[48;2;0;0;0m▀[0m[38;2;119;120;109m[48;2;0;0;0m▀[0m[38;2;0;16;20m[48;2;0;0;0m▀[0m[38;2;0;0;0m[48;2;167;62;38m▀[0m[38;2;0;0;0m[48;2;247;192;159m▀[0m[38;2;54;0;0m[48;2;247;247;239m▀[0m[38;2;221;25;0m[48;2;247;247;247m▀[0m[38;2;247;0;0m[48;2;247;247;247m▀[0m[38;2;247;0;0m[48;2;247;22;0m▀[0m[38;2;247;64;0m[48;2;247;247;247m▀[0m[38;2;247;50;0m[48;2;247;247;247m▀[0m[38;2;247;247;245m[48;2;247;58;8m▀[0m[38;2;247;247;247m[48;2;247;247;229m▀[0m[38;2;157;153;142m[48;2;247;247;247m▀[0m[38;2;0;0;0m[48;2;164;153;142m▀[0m[38;2;0;0;0m[48;2;0;0;0m▀[0m[38;2;79;68;62m[48;2;0;0;0m▀[0m[38;2;247;247;247m[48;2;144;130;127m▀[0m[38;2;247;247;247m[48;2;247;247;247m▀[0m[38;2;247;241;219m[48;2;247;244;225m▀[0m[38;2;247;237;219m[48;2;247;236;221m▀[0m[38;2;239;221;205m[48;2;247;233;215m▀[0m[38;2;159;153;145m[48;2;194;182;166m▀[0m[38;2;247;242;222m[48;2;247;233;215m▀[0m[38;2;247;247;247m[48;2;247;247;244m▀[0m[38;2;141;131;123m[48;2;231;213;197m▀[0m[38;2;198;177;165m[48;2;177;166;154m▀[0m[38;2;247;247;232m[48;2;228;213;195m▀[0m[38;2;247;247;247m[48;2;247;247;247m▀[0m[38;2;48;44;38m[48;2;35;32;28m▀[0m[38;2;0;0;0m[48;2;0;0;0m▀[0m[38;2;92;99;96m[48;2;101;107;106m▀[0m[38;2;53;61;59m[48;2;44;47;46m▀[0m[38;2;0;0;0m[48;2;0;0;0m▀[0m[38;2;4;4;2m[48;2;43;41;38m▀[0m[38;2;237;223;208m[48;2;241;232;212m▀[0m[38;2;194;189;168m[48;2;187;182;169m▀[0m[38;2;175;174;161m[48;2;183;177;157m▀[0m[38;2;182;176;158m[48;2;184;173;159m▀[0m[38;2;191;185;164m[48;2;190;186;173m▀[0m[38;2;247;241;225m[48;2;247;243;232m▀[0m[38;2;94;92;85m[48;2;89;89;82m▀[0m[38;2;0;0;0m[48;2;0;0;0m▀[0m[38;2;0;0;0m[48;2;0;0;0m▀[0m[38;2;0;0;0m[48;2;0;0;0m▀[0m[38;2;46;46;46m[48;2;51;51;51m▀[0m[38;2;247;247;247m[48;2;222;222;222m▀[0m[38;2;0;0;0m[48;2;0;0;0m▀[0m[38;2;0;0;0m[48;2;0;0;0m▀[0m[38;2;94;91;94m[48;2;96;96;96m▀[0m
[38;2;106;102;92m[48;2;107;103;89m▀[0m[38;2;107;103;91m[48;2;106;105;97m▀[0m[38;2;106;104;96m[48;2;108;107;98m▀[0m[38;2;108;106;97m[48;2;112;108;98m▀[0m[38;2;111;109;99m[48;2;114;110;99m▀[0m[38;2;112;110;99m[48;2;112;111;101m▀[0m[38;2;111;110;100m[48;2;113;111;104m▀[0m[38;2;114;110;103m[48;2;116;112;102m▀[0m[38;2;114;112;102m[48;2;116;114;103m▀[0m[38;2;117;113;100m[48;2;116;116;105m▀[0m[38;2;116;116;105m[48;2;121;116;106m▀[0m[38;2;118;116;107m[48;2;123;118;105m▀[0m[38;2;123;116;107m[48;2;122;121;111m▀[0m[38;2;121;119;108m[48;2;121;120;111m▀[0m[38;2;121;120;111m[48;2;124;119;108m▀[0m[38;2;123;121;110m[48;2;127;122;108m▀[0m[38;2;126;122;108m[48;2;128;123;112m▀[0m[38;2;127;122;112m[48;2;131;126;118m▀[0m[38;2;129;123;116m[48;2;132;128;118m▀[0m[38;2;130;129;119m[48;2;142;134;126m▀[0m[38;2;133;129;116m[48;2;173;168;156m▀[0m[38;2;150;144;131m[48;2;151;152;141m▀[0m[38;2;178;172;159m[48;2;16;23;22m▀[0m[38;2;123;126;122m[48;2;0;0;0m▀[0m[38;2;0;0;0m[48;2;0;0;0m▀[0m[38;2;0;0;0m[48;2;156;45;19m▀[0m[38;2;0;0;0m[48;2;247;223;201m▀[0m[38;2;142;64;49m[48;2;247;247;247m▀[0m[38;2;247;244;210m[48;2;247;247;247m▀[0m[38;2;247;247;247m[48;2;247;247;239m▀[0m[38;2;247;247;247m[48;2;204;198;184m▀[0m[38;2;247;247;247m[48;2;247;246;226m▀[0m[38;2;247;247;247m[48;2;247;242;227m▀[0m[38;2;247;247;247m[48;2;247;247;247m▀[0m[38;2;247;145;107m[48;2;247;179;151m▀[0m[38;2;247;214;191m[48;2;247;202;178m▀[0m[38;2;247;247;247m[48;2;247;247;247m▀[0m[38;2;247;213;188m[48;2;247;247;242m▀[0m[38;2;247;143;107m[48;2;247;141;104m▀[0m[38;2;247;247;247m[48;2;247;244;223m▀[0m[38;2;247;247;247m[48;2;247;247;247m▀[0m[38;2;36;36;33m[48;2;247;233;216m▀[0m[38;2;0;0;0m[48;2;0;0;0m▀[0m[38;2;0;0;0m[48;2;0;0;0m▀[0m[38;2;247;247;247m[48;2;162;148;137m▀[0m[38;2;247;247;247m[48;2;247;247;247m▀[0m[38;2;247;238;219m[48;2;247;240;222m▀[0m[38;2;247;231;218m[48;2;247;235;218m▀[0m[38;2;247;243;226m[48;2;247;231;214m▀[0m[38;2;247;237;217m[48;2;247;231;214m▀[0m[38;2;247;245;227m[48;2;247;244;226m▀[0m[38;2;247;247;227m[48;2;247;247;247m▀[0m[38;2;166;161;146m[48;2;152;144;131m▀[0m[38;2;236;226;209m[48;2;244;233;219m▀[0m[38;2;247;247;247m[48;2;247;247;247m▀[0m[38;2;31;30;24m[48;2;74;66;60m▀[0m[38;2;0;0;0m[48;2;0;0;0m▀[0m[38;2;105;108;109m[48;2;108;111;112m▀[0m[38;2;30;30;28m[48;2;19;21;22m▀[0m[38;2;0;0;0m[48;2;0;0;0m▀[0m[38;2;82;83;75m[48;2;131;126;113m▀[0m[38;2;242;231;215m[48;2;238;227;207m▀[0m[38;2;191;182;161m[48;2;184;177;166m▀[0m[38;2;180;174;161m[48;2;182;174;160m▀[0m[38;2;181;174;165m[48;2;187;175;161m▀[0m[38;2;194;183;171m[48;2;193;185;170m▀[0m[38;2;247;246;226m[48;2;247;247;231m▀[0m[38;2;78;76;69m[48;2;69;64;60m▀[0m[38;2;0;0;0m[48;2;0;0;0m▀[0m[38;2;0;0;0m[48;2;0;0;0m▀[0m[38;2;0;0;0m[48;2;0;0;0m▀[0m[38;2;62;62;62m[48;2;69;72;72m▀[0m[38;2;202;202;202m[48;2;181;184;181m▀[0m[38;2;0;0;0m[48;2;0;0;0m▀[0m[38;2;0;0;0m[48;2;0;0;0m▀[0m[38;2;98;98;100m[48;2;102;102;103m▀[0m
[38;2;104;105;98m[48;2;112;108;99m▀[0m[38;2;110;108;99m[48;2;114;109;99m▀[0m[38;2;113;109;98m[48;2;114;110;100m▀[0m[38;2;113;109;98m[48;2;115;111;101m▀[0m[38;2;114;110;101m[48;2;117;113;102m▀[0m[38;2;116;112;103m[48;2;117;113;102m▀[0m[38;2;116;112;102m[48;2;115;115;107m▀[0m[38;2;116;115;104m[48;2;118;116;107m▀[0m[38;2;117;116;107m[48;2;122;117;106m▀[0m[38;2;122;115;106m[48;2;120;119;108m▀[0m[38;2;123;119;106m[48;2;121;120;110m▀[0m[38;2;121;120;110m[48;2;125;121;110m▀[0m[38;2;123;121;111m[48;2;128;123;109m▀[0m[38;2;126;121;108m[48;2;127;123;110m▀[0m[38;2;127;122;109m[48;2;129;126;115m▀[0m[38;2;131;127;117m[48;2;139;129;119m▀[0m[38;2;136;129;117m[48;2;158;147;135m▀[0m[38;2;140;132;118m[48;2;173;168;155m▀[0m[38;2;165;156;143m[48;2;104;100;92m▀[0m[38;2;170;165;152m[48;2;0;0;0m▀[0m[38;2;59;63;60m[48;2;0;0;0m▀[0m[38;2;0;0;0m[48;2;40;39;39m▀[0m[38;2;0;0;0m[48;2;228;208;192m▀[0m[38;2;102;31;24m[48;2;247;247;247m▀[0m[38;2;247;190;163m[48;2;247;247;247m▀[0m[38;2;247;247;247m[48;2;247;247;240m▀[0m[38;2;247;247;247m[48;2;247;241;224m▀[0m[38;2;247;247;236m[48;2;247;236;219m▀[0m[38;2;247;241;224m[48;2;247;233;216m▀[0m[38;2;247;247;236m[48;2;247;237;221m▀[0m[38;2;194;185;173m[48;2;227;213;198m▀[0m[38;2;172;168;161m[48;2;193;180;168m▀[0m[38;2;247;245;226m[48;2;247;241;223m▀[0m[38;2;247;247;239m[48;2;247;247;247m▀[0m[38;2;247;200;174m[48;2;247;172;146m▀[0m[38;2;247;207;177m[48;2;247;165;132m▀[0m[38;2;246;247;244m[48;2;247;247;247m▀[0m[38;2;247;247;242m[48;2;247;245;232m▀[0m[38;2;247;173;142m[48;2;247;207;183m▀[0m[38;2;247;216;189m[48;2;247;211;182m▀[0m[38;2;247;247;247m[48;2;247;247;247m▀[0m[38;2;247;247;247m[48;2;247;247;247m▀[0m[38;2;0;0;0m[48;2;58;57;52m▀[0m[38;2;0;0;0m[48;2;0;0;0m▀[0m[38;2;55;49;46m[48;2;0;0;0m▀[0m[38;2;247;247;247m[48;2;247;247;247m▀[0m[38;2;247;247;229m[48;2;247;247;242m▀[0m[38;2;247;236;219m[48;2;207;197;186m▀[0m[38;2;231;214;198m[48;2;214;201;186m▀[0m[38;2;247;240;222m[48;2;247;247;229m▀[0m[38;2;247;246;227m[48;2;247;247;231m▀[0m[38;2;247;247;247m[48;2;247;247;247m▀[0m[38;2;65;60;56m[48;2;17;16;11m▀[0m[38;2;20;20;21m[48;2;0;0;0m▀[0m[38;2;57;53;46m[48;2;0;0;0m▀[0m[38;2;0;0;0m[48;2;43;47;51m▀[0m[38;2;2;4;5m[48;2;79;79;80m▀[0m[38;2;94;93;93m[48;2;86;86;86m▀[0m[38;2;4;4;6m[48;2;0;0;0m▀[0m[38;2;0;0;0m[48;2;0;0;0m▀[0m[38;2;165;161;150m[48;2;196;187;175m▀[0m[38;2;229;219;204m[48;2;227;216;197m▀[0m[38;2;189;181;164m[48;2;190;179;166m▀[0m[38;2;185;175;161m[48;2;184;178;165m▀[0m[38;2;184;180;166m[48;2;188;183;169m▀[0m[38;2;195;188;179m[48;2;203;191;173m▀[0m[38;2;247;247;236m[48;2;247;247;237m▀[0m[38;2;50;48;42m[48;2;36;37;31m▀[0m[38;2;0;0;0m[48;2;0;0;0m▀[0m[38;2;7;10;11m[48;2;8;11;11m▀[0m[38;2;0;0;0m[48;2;0;0;0m▀[0m[38;2;84;84;82m[48;2;92;95;95m▀[0m[38;2;163;163;163m[48;2;141;143;143m▀[0m[38;2;0;0;0m[48;2;0;0;0m▀[0m[38;2;0;0;0m[48;2;0;0;0m▀[0m[38;2;100;103;102m[48;2;102;102;103m▀[0m
[38;2;113;109;100m[48;2;113;112;102m▀[0m[38;2;114;110;101m[48;2;114;112;101m▀[0m[38;2;114;112;103m[48;2;116;112;102m▀[0m[38;2;118;113;102m[48;2;116;115;104m▀[0m[38;2;116;114;104m[48;2;119;115;105m▀[0m[38;2;116;116;106m[48;2;122;115;106m▀[0m[38;2;120;116;105m[48;2;120;118;109m▀[0m[38;2;121;117;107m[48;2;120;119;109m▀[0m[38;2;120;119;109m[48;2;124;119;109m▀[0m[38;2;122;120;110m[48;2;126;121;107m▀[0m[38;2;125;120;107m[48;2;128;123;112m▀[0m[38;2;128;123;110m[48;2;129;125;114m▀[0m[38;2;129;123;118m[48;2;129;124;114m▀[0m[38;2;127;125;114m[48;2;131;124;115m▀[0m[38;2;135;126;117m[48;2;140;138;126m▀[0m[38;2;156;150;137m[48;2;171;171;158m▀[0m[38;2;140;140;130m[48;2;0;0;0m▀[0m[38;2;0;0;2m[48;2;0;0;0m▀[0m[38;2;0;0;0m[48;2;15;13;4m▀[0m[38;2;31;27;18m[48;2;247;247;247m▀[0m[38;2;237;223;202m[48;2;247;247;247m▀[0m[38;2;247;247;247m[48;2;247;247;247m▀[0m[38;2;247;247;247m[48;2;247;247;233m▀[0m[38;2;247;247;241m[48;2;247;236;219m▀[0m[38;2;247;239;223m[48;2;247;234;217m▀[0m[38;2;247;236;221m[48;2;247;228;212m▀[0m[38;2;247;231;215m[48;2;247;228;212m▀[0m[38;2;247;228;212m[48;2;247;228;212m▀[0m[38;2;247;228;212m[48;2;247;228;212m▀[0m[38;2;247;228;214m[48;2;247;228;212m▀[0m[38;2;247;233;216m[48;2;247;227;212m▀[0m[38;2;247;242;222m[48;2;247;227;211m▀[0m[38;2;247;228;213m[48;2;247;231;213m▀[0m[38;2;247;247;247m[48;2;247;247;241m▀[0m[38;2;247;126;97m[48;2;247;187;161m▀[0m[38;2;247;18;0m[48;2;247;118;92m▀[0m[38;2;247;247;247m[48;2;247;247;247m▀[0m[38;2;247;240;228m[48;2;247;244;231m▀[0m[38;2;247;213;192m[48;2;247;215;194m▀[0m[38;2;247;203;176m[48;2;247;195;169m▀[0m[38;2;247;247;244m[48;2;247;247;247m▀[0m[38;2;247;247;247m[48;2;247;247;247m▀[0m[38;2;97;91;84m[48;2;95;88;79m▀[0m[38;2;0;0;0m[48;2;0;0;0m▀[0m[38;2;0;0;0m[48;2;0;0;0m▀[0m[38;2;247;247;247m[48;2;247;247;247m▀[0m[38;2;247;247;242m[48;2;247;247;240m▀[0m[38;2;173;169;159m[48;2;247;240;222m▀[0m[38;2;229;215;199m[48;2;247;241;219m▀[0m[38;2;212;204;193m[48;2;185;183;174m▀[0m[38;2;247;247;242m[48;2;247;247;247m▀[0m[38;2;247;247;247m[48;2;126;113;102m▀[0m[38;2;11;18;19m[48;2;0;0;0m▀[0m[38;2;66;70;71m[48;2;0;0;0m▀[0m[38;2;69;71;69m[48;2;0;0;0m▀[0m[38;2;0;0;0m[48;2;37;36;37m▀[0m[38;2;120;122;123m[48;2;61;61;61m▀[0m[38;2;119;122;122m[48;2;94;98;95m▀[0m[38;2;0;0;0m[48;2;0;0;0m▀[0m[38;2;0;0;0m[48;2;0;0;0m▀[0m[38;2;222;210;194m[48;2;235;226;210m▀[0m[38;2;218;208;195m[48;2;207;200;190m▀[0m[38;2;187;180;169m[48;2;189;183;169m▀[0m[38;2;189;179;164m[48;2;195;181;163m▀[0m[38;2;196;185;166m[48;2;195;186;173m▀[0m[38;2;204;199;181m[48;2;206;202;185m▀[0m[38;2;247;247;240m[48;2;247;247;239m▀[0m[38;2;18;19;15m[48;2;2;4;2m▀[0m[38;2;0;0;0m[48;2;0;0;0m▀[0m[38;2;4;4;4m[48;2;1;1;3m▀[0m[38;2;0;0;0m[48;2;0;0;0m▀[0m[38;2;103;103;104m[48;2;107;110;110m▀[0m[38;2;114;116;116m[48;2;86;87;84m▀[0m[38;2;0;0;0m[48;2;0;0;0m▀[0m[38;2;0;0;0m[48;2;0;0;0m▀[0m[38;2;107;107;109m[48;2;112;112;112m▀[0m
[38;2;116;112;102m[48;2;111;114;104m▀[0m[38;2;114;113;102m[48;2;116;115;105m▀[0m[38;2;112;113;103m[48;2;121;114;103m▀[0m[38;2;120;113;104m[48;2;122;117;106m▀[0m[38;2;123;116;105m[48;2;120;118;109m▀[0m[38;2;120;119;109m[48;2;124;120;109m▀[0m[38;2;123;119;110m[48;2;127;121;108m▀[0m[38;2;126;119;108m[48;2;127;123;112m▀[0m[38;2;128;122;109m[48;2;129;123;115m▀[0m[38;2;128;124;111m[48;2;129;124;114m▀[0m[38;2;129;125;114m[48;2;129;125;112m▀[0m[38;2;129;123;114m[48;2;131;125;116m▀[0m[38;2;129;126;115m[48;2;132;129;119m▀[0m[38;2;135;131;119m[48;2;129;132;125m▀[0m[38;2;154;156;144m[48;2;163;162;148m▀[0m[38;2;139;140;130m[48;2;114;117;109m▀[0m[38;2;0;0;0m[48;2;0;0;0m▀[0m[38;2;0;0;0m[48;2;0;0;0m▀[0m[38;2;131;122;111m[48;2;214;167;154m▀[0m[38;2;247;247;247m[48;2;247;247;247m▀[0m[38;2;247;247;247m[48;2;247;247;247m▀[0m[38;2;247;239;224m[48;2;156;148;135m▀[0m[38;2;224;209;194m[48;2;210;194;180m▀[0m[38;2;247;237;221m[48;2;247;245;224m▀[0m[38;2;247;228;212m[48;2;247;229;210m▀[0m[38;2;247;228;213m[48;2;247;230;213m▀[0m[38;2;247;228;213m[48;2;247;237;221m▀[0m[38;2;247;227;212m[48;2;247;246;228m▀[0m[38;2;247;228;216m[48;2;247;234;220m▀[0m[38;2;247;228;212m[48;2;247;236;221m▀[0m[38;2;247;228;212m[48;2;247;235;220m▀[0m[38;2;247;230;214m[48;2;247;234;219m▀[0m[38;2;247;234;215m[48;2;247;237;222m▀[0m[38;2;247;246;231m[48;2;247;247;235m▀[0m[38;2;247;225;203m[48;2;247;223;201m▀[0m[38;2;247;192;162m[48;2;247;180;151m▀[0m[38;2;247;247;242m[48;2;247;247;247m▀[0m[38;2;247;247;245m[48;2;247;247;247m▀[0m[38;2;247;196;170m[48;2;247;181;150m▀[0m[38;2;247;169;139m[48;2;247;182;147m▀[0m[38;2;247;247;247m[48;2;247;247;247m▀[0m[38;2;247;247;247m[48;2;247;247;247m▀[0m[38;2;55;51;47m[48;2;0;0;0m▀[0m[38;2;0;0;0m[48;2;0;0;0m▀[0m[38;2;41;37;32m[48;2;174;158;148m▀[0m[38;2;247;247;247m[48;2;247;247;247m▀[0m[38;2;247;247;228m[48;2;247;247;247m▀[0m[38;2;247;247;236m[48;2;247;247;247m▀[0m[38;2;247;223;204m[48;2;187;177;165m▀[0m[38;2;223;212;199m[48;2;98;98;92m▀[0m[38;2;214;199;176m[48;2;137;137;134m▀[0m[38;2;0;0;0m[48;2;139;139;137m▀[0m[38;2;22;25;27m[48;2;63;64;60m▀[0m[38;2;101;101;103m[48;2;0;0;0m▀[0m[38;2;175;175;175m[48;2;7;10;11m▀[0m[38;2;128;128;129m[48;2;125;128;129m▀[0m[38;2;0;0;0m[48;2;20;27;31m▀[0m[38;2;0;0;0m[48;2;83;86;86m▀[0m[38;2;0;0;0m[48;2;13;15;16m▀[0m[38;2;0;0;0m[48;2;0;0;0m▀[0m[38;2;247;242;225m[48;2;216;215;201m▀[0m[38;2;207;202;189m[48;2;202;194;178m▀[0m[38;2;198;186;168m[48;2;209;198;186m▀[0m[38;2;194;183;168m[48;2;194;187;170m▀[0m[38;2;193;189;175m[48;2;199;189;177m▀[0m[38;2;211;201;189m[48;2;216;204;193m▀[0m[38;2;247;247;236m[48;2;247;247;229m▀[0m[38;2;0;0;0m[48;2;0;0;0m▀[0m[38;2;0;0;5m[48;2;3;5;7m▀[0m[38;2;0;0;1m[48;2;0;0;0m▀[0m[38;2;0;0;0m[48;2;0;0;0m▀[0m[38;2;102;104;104m[48;2;91;89;92m▀[0m[38;2;59;57;60m[48;2;36;35;35m▀[0m[38;2;0;0;0m[48;2;0;0;0m▀[0m[38;2;0;0;0m[48;2;0;0;0m▀[0m[38;2;112;111;111m[48;2;109;111;111m▀[0m
[38;2;120;116;103m[48;2;123;118;105m▀[0m[38;2;123;117;103m[48;2;121;119;109m▀[0m[38;2;122;118;107m[48;2;121;119;109m▀[0m[38;2;120;118;109m[48;2;125;120;107m▀[0m[38;2;124;119;106m[48;2;126;122;109m▀[0m[38;2;127;122;104m[48;2;126;124;114m▀[0m[38;2;126;124;113m[48;2;129;123;115m▀[0m[38;2;129;125;119m[48;2;129;125;112m▀[0m[38;2;129;125;114m[48;2;130;126;113m▀[0m[38;2;130;124;113m[48;2;131;128;117m▀[0m[38;2;131;127;114m[48;2;132;129;119m▀[0m[38;2;131;129;120m[48;2;134;130;118m▀[0m[38;2;134;129;120m[48;2;136;130;118m▀[0m[38;2;131;130;116m[48;2;138;132;125m▀[0m[38;2;166;162;148m[48;2;154;155;145m▀[0m[38;2;108;124;116m[48;2;145;160;150m▀[0m[38;2;69;0;0m[48;2;0;0;0m▀[0m[38;2;0;0;0m[48;2;0;0;0m▀[0m[38;2;170;159;152m[48;2;28;14;22m▀[0m[38;2;247;247;247m[48;2;247;247;241m▀[0m[38;2;247;247;229m[48;2;247;247;247m▀[0m[38;2;141;136;122m[48;2;167;160;147m▀[0m[38;2;247;247;231m[48;2;247;247;228m▀[0m[38;2;247;235;217m[48;2;247;233;215m▀[0m[38;2;247;236;218m[48;2;247;243;225m▀[0m[38;2;247;247;229m[48;2;247;247;232m▀[0m[38;2;247;241;223m[48;2;152;144;132m▀[0m[38;2;237;219;201m[48;2;188;182;167m▀[0m[38;2;247;247;247m[48;2;194;182;166m▀[0m[38;2;247;247;247m[48;2;173;162;151m▀[0m[38;2;247;247;247m[48;2;159;151;142m▀[0m[38;2;247;247;247m[48;2;105;97;90m▀[0m[38;2;247;247;247m[48;2;116;105;96m▀[0m[38;2;247;247;247m[48;2;167;186;182m▀[0m[38;2;247;247;232m[48;2;204;121;100m▀[0m[38;2;247;213;175m[48;2;247;95;25m▀[0m[38;2;247;247;247m[48;2;224;225;219m▀[0m[38;2;247;247;247m[48;2;185;187;168m▀[0m[38;2;247;64;10m[48;2;247;0;0m▀[0m[38;2;247;170;128m[48;2;247;3;0m▀[0m[38;2;247;247;247m[48;2;223;247;246m▀[0m[38;2;196;180;161m[48;2;88;96;99m▀[0m[38;2;0;0;0m[48;2;223;226;229m▀[0m[38;2;0;0;0m[48;2;230;233;235m▀[0m[38;2;240;219;198m[48;2;152;152;152m▀[0m[38;2;247;234;210m[48;2;130;137;136m▀[0m[38;2;197;187;166m[48;2;173;177;178m▀[0m[38;2;120;109;97m[48;2;247;247;247m▀[0m[38;2;201;208;211m[48;2;247;247;247m▀[0m[38;2;194;198;201m[48;2;247;247;247m▀[0m[38;2;247;247;247m[48;2;247;247;247m▀[0m[38;2;247;247;247m[48;2;247;247;247m▀[0m[38;2;125;128;129m[48;2;247;247;247m▀[0m[38;2;0;0;0m[48;2;142;141;142m▀[0m[38;2;0;0;0m[48;2;0;0;0m▀[0m[38;2;0;0;0m[48;2;6;5;3m▀[0m[38;2;183;173;159m[48;2;247;247;247m▀[0m[38;2;247;246;226m[48;2;247;247;247m▀[0m[38;2;247;247;247m[48;2;247;104;55m▀[0m[38;2;164;202;195m[48;2;247;117;88m▀[0m[38;2;142;140;129m[48;2;247;247;247m▀[0m[38;2;162;158;145m[48;2;229;214;193m▀[0m[38;2;152;151;140m[48;2;87;85;78m▀[0m[38;2;209;199;187m[48;2;211;201;189m▀[0m[38;2;201;191;176m[48;2;206;196;180m▀[0m[38;2;225;210;194m[48;2;226;217;200m▀[0m[38;2;244;238;222m[48;2;240;232;218m▀[0m[38;2;0;0;0m[48;2;0;0;0m▀[0m[38;2;12;14;16m[48;2;20;22;26m▀[0m[38;2;0;0;0m[48;2;0;0;0m▀[0m[38;2;0;0;0m[48;2;0;0;0m▀[0m[38;2;78;80;82m[48;2;72;72;74m▀[0m[38;2;19;21;21m[48;2;7;7;5m▀[0m[38;2;0;0;0m[48;2;0;0;0m▀[0m[38;2;0;0;0m[48;2;3;2;2m▀[0m[38;2;107;110;109m[48;2;101;101;102m▀[0m
[38;2;121;119;110m[48;2;125;120;105m▀[0m[38;2;124;120;109m[48;2;126;122;111m▀[0m[38;2;126;121;104m[48;2;126;124;113m▀[0m[38;2;127;123;112m[48;2;129;124;114m▀[0m[38;2;126;124;114m[48;2;129;124;114m▀[0m[38;2;129;124;114m[48;2;130;126;113m▀[0m[38;2;129;123;114m[48;2;131;127;116m▀[0m[38;2;130;127;114m[48;2;130;129;118m▀[0m[38;2;131;128;118m[48;2;134;129;117m▀[0m[38;2;133;129;118m[48;2;138;129;117m▀[0m[38;2;136;130;117m[48;2;136;132;122m▀[0m[38;2;136;131;121m[48;2;135;134;124m▀[0m[38;2;137;133;124m[48;2;137;136;125m▀[0m[38;2;141;137;127m[48;2;141;137;125m▀[0m[38;2;145;143;133m[48;2;145;142;129m▀[0m[38;2;156;182;178m[48;2;148;173;162m▀[0m[38;2;130;51;26m[48;2;194;140;118m▀[0m[38;2;95;0;0m[48;2;123;0;0m▀[0m[38;2;0;0;0m[48;2;0;0;0m▀[0m[38;2;191;127;113m[48;2;53;64;57m▀[0m[38;2;247;247;247m[48;2;247;247;247m▀[0m[38;2;247;232;213m[48;2;247;247;247m▀[0m[38;2;247;240;222m[48;2;247;235;221m▀[0m[38;2;247;230;215m[48;2;247;231;216m▀[0m[38;2;247;247;247m[48;2;247;247;240m▀[0m[38;2;197;182;167m[48;2;228;213;195m▀[0m[38;2;8;8;9m[48;2;3;9;12m▀[0m[38;2;98;91;86m[48;2;177;172;156m▀[0m[38;2;99;97;91m[48;2;198;190;171m▀[0m[38;2;155;151;140m[48;2;194;183;168m▀[0m[38;2;0;0;0m[48;2;0;0;0m▀[0m[38;2;0;0;0m[48;2;0;0;0m▀[0m[38;2;57;64;75m[48;2;0;0;0m▀[0m[38;2;116;126;137m[48;2;0;0;0m▀[0m[38;2;73;126;144m[48;2;0;0;0m▀[0m[38;2;200;0;0m[48;2;0;0;0m▀[0m[38;2;94;0;0m[48;2;26;0;0m▀[0m[38;2;4;78;90m[48;2;0;0;0m▀[0m[38;2;122;166;174m[48;2;0;0;0m▀[0m[38;2;14;57;62m[48;2;0;0;0m▀[0m[38;2;141;161;163m[48;2;0;0;0m▀[0m[38;2;247;247;247m[48;2;84;88;89m▀[0m[38;2;247;247;247m[48;2;64;66;65m▀[0m[38;2;247;247;247m[48;2;247;247;247m▀[0m[38;2;247;247;247m[48;2;247;247;247m▀[0m[38;2;207;212;217m[48;2;21;23;23m▀[0m[38;2;82;85;87m[48;2;0;0;0m▀[0m[38;2;154;156;156m[48;2;0;0;0m▀[0m[38;2;247;247;247m[48;2;247;247;247m▀[0m[38;2;247;247;247m[48;2;247;247;247m▀[0m[38;2;195;196;193m[48;2;0;0;0m▀[0m[38;2;128;129;128m[48;2;36;36;36m▀[0m[38;2;108;111;111m[48;2;86;88;86m▀[0m[38;2;82;85;85m[48;2;0;0;0m▀[0m[38;2;134;137;139m[48;2;0;0;0m▀[0m[38;2;110;117;117m[48;2;0;0;0m▀[0m[38;2;40;51;57m[48;2;0;0;0m▀[0m[38;2;0;23;29m[48;2;0;0;0m▀[0m[38;2;131;21;1m[48;2;0;0;0m▀[0m[38;2;34;0;0m[48;2;0;0;0m▀[0m[38;2;74;102;103m[48;2;90;107;100m▀[0m[38;2;247;247;247m[48;2;247;199;165m▀[0m[38;2;0;0;0m[48;2;116;105;90m▀[0m[38;2;189;184;170m[48;2;216;215;201m▀[0m[38;2;211;205;189m[48;2;208;197;185m▀[0m[38;2;233;222;205m[48;2;242;227;213m▀[0m[38;2;231;224;209m[48;2;219;214;195m▀[0m[38;2;0;0;0m[48;2;0;0;0m▀[0m[38;2;26;28;32m[48;2;37;37;42m▀[0m[38;2;0;0;0m[48;2;24;26;26m▀[0m[38;2;0;0;0m[48;2;0;0;0m▀[0m[38;2;59;61;63m[48;2;51;53;55m▀[0m[38;2;0;0;0m[48;2;0;0;0m▀[0m[38;2;0;0;0m[48;2;0;0;0m▀[0m[38;2;9;8;6m[48;2;18;17;18m▀[0m[38;2;96;95;96m[48;2;88;90;91m▀[0m
[38;2;127;123;113m[48;2;129;123;115m▀[0m[38;2;128;124;114m[48;2;129;124;113m▀[0m[38;2;129;125;114m[48;2;129;124;109m▀[0m[38;2;129;125;112m[48;2;131;127;114m▀[0m[38;2;130;126;115m[48;2;131;128;118m▀[0m[38;2;131;128;118m[48;2;132;129;119m▀[0m[38;2;133;129;119m[48;2;136;129;117m▀[0m[38;2;135;129;117m[48;2;137;130;120m▀[0m[38;2;137;129;118m[48;2;138;134;122m▀[0m[38;2;137;132;122m[48;2;139;134;122m▀[0m[38;2;139;135;125m[48;2;140;135;123m▀[0m[38;2;140;135;125m[48;2;141;137;125m▀[0m[38;2;141;137;125m[48;2;145;140;127m▀[0m[38;2;144;140;126m[48;2;144;140;130m▀[0m[38;2;145;145;134m[48;2;144;139;129m▀[0m[38;2;153;155;144m[48;2;148;148;134m▀[0m[38;2;178;189;174m[48;2;198;204;184m▀[0m[38;2;53;0;0m[48;2;73;77;77m▀[0m[38;2;0;0;0m[48;2;0;0;0m▀[0m[38;2;0;0;0m[48;2;1;0;0m▀[0m[38;2;211;196;179m[48;2;247;161;128m▀[0m[38;2;247;247;247m[48;2;247;247;247m▀[0m[38;2;247;240;226m[48;2;234;222;207m▀[0m[38;2;247;238;220m[48;2;241;225;207m▀[0m[38;2;247;237;219m[48;2;247;240;222m▀[0m[38;2;247;247;247m[48;2;247;247;233m▀[0m[38;2;147;136;129m[48;2;247;247;242m▀[0m[38;2;98;99;88m[48;2;85;79;71m▀[0m[38;2;205;189;170m[48;2;178;173;156m▀[0m[38;2;192;186;169m[48;2;218;214;199m▀[0m[38;2;0;0;0m[48;2;64;61;57m▀[0m[38;2;0;0;0m[48;2;2;6;9m▀[0m[38;2;0;0;0m[48;2;66;68;68m▀[0m[38;2;0;0;0m[48;2;51;55;55m▀[0m[38;2;0;0;0m[48;2;52;55;55m▀[0m[38;2;0;0;0m[48;2;59;62;63m▀[0m[38;2;0;0;0m[48;2;56;58;56m▀[0m[38;2;0;0;0m[48;2;46;49;51m▀[0m[38;2;0;0;0m[48;2;46;48;53m▀[0m[38;2;0;0;0m[48;2;39;41;42m▀[0m[38;2;0;0;0m[48;2;24;27;27m▀[0m[38;2;20;23;23m[48;2;0;0;0m▀[0m[38;2;48;51;51m[48;2;247;247;247m▀[0m[38;2;245;247;247m[48;2;44;50;49m▀[0m[38;2;247;247;247m[48;2;126;126;126m▀[0m[38;2;54;57;58m[48;2;71;71;72m▀[0m[38;2;0;0;0m[48;2;18;18;19m▀[0m[38;2;0;0;0m[48;2;5;7;7m▀[0m[38;2;166;166;166m[48;2;144;144;148m▀[0m[38;2;247;247;247m[48;2;213;214;211m▀[0m[38;2;0;0;0m[48;2;17;17;15m▀[0m[38;2;0;0;0m[48;2;35;35;36m▀[0m[38;2;1;1;1m[48;2;49;49;49m▀[0m[38;2;0;0;0m[48;2;63;64;64m▀[0m[38;2;0;0;0m[48;2;66;68;69m▀[0m[38;2;0;0;0m[48;2;68;68;68m▀[0m[38;2;0;0;0m[48;2;69;72;72m▀[0m[38;2;0;0;0m[48;2;68;68;68m▀[0m[38;2;0;0;0m[48;2;5;11;14m▀[0m[38;2;0;0;0m[48;2;0;0;0m▀[0m[38;2;205;197;187m[48;2;223;219;208m▀[0m[38;2;185;28;0m[48;2;184;130;112m▀[0m[38;2;185;186;176m[48;2;217;218;206m▀[0m[38;2;216;211;194m[48;2;204;193;183m▀[0m[38;2;209;198;186m[48;2;209;197;182m▀[0m[38;2;245;232;215m[48;2;247;239;223m▀[0m[38;2;205;197;183m[48;2;194;187;176m▀[0m[38;2;0;0;0m[48;2;0;0;0m▀[0m[38;2;47;47;51m[48;2;58;61;63m▀[0m[38;2;42;44;46m[48;2;44;44;46m▀[0m[38;2;0;0;0m[48;2;0;0;0m▀[0m[38;2;35;38;37m[48;2;0;1;0m▀[0m[38;2;0;0;0m[48;2;0;0;0m▀[0m[38;2;0;0;0m[48;2;0;0;0m▀[0m[38;2;27;27;28m[48;2;31;31;32m▀[0m[38;2;80;79;80m[48;2;75;75;77m▀[0m
[38;2;129;124;113m[48;2;130;126;116m▀[0m[38;2;129;124;116m[48;2;129;128;118m▀[0m[38;2;130;127;116m[48;2;132;129;119m▀[0m[38;2;131;128;117m[48;2;135;129;117m▀[0m[38;2;134;129;116m[48;2;135;130;117m▀[0m[38;2;135;129;116m[48;2;135;131;121m▀[0m[38;2;136;131;121m[48;2;138;134;124m▀[0m[38;2;138;134;124m[48;2;140;136;124m▀[0m[38;2;141;135;123m[48;2;141;137;124m▀[0m[38;2;140;136;123m[48;2;143;138;125m▀[0m[38;2;141;138;125m[48;2;144;139;127m▀[0m[38;2;144;139;127m[48;2;142;140;129m▀[0m[38;2;144;140;129m[48;2;146;139;129m▀[0m[38;2;145;138;129m[48;2;149;144;130m▀[0m[38;2;147;141;129m[48;2;150;146;133m▀[0m[38;2;153;150;136m[48;2;151;149;136m▀[0m[38;2;191;190;175m[48;2;170;170;156m▀[0m[38;2;130;134;129m[48;2;182;181;167m▀[0m[38;2;0;0;0m[48;2;0;0;0m▀[0m[38;2;0;0;0m[48;2;0;0;0m▀[0m[38;2;247;138;99m[48;2;216;85;63m▀[0m[38;2;247;247;247m[48;2;247;247;247m▀[0m[38;2;183;178;164m[48;2;247;247;247m▀[0m[38;2;214;199;185m[48;2;247;245;224m▀[0m[38;2;247;243;225m[48;2;247;234;217m▀[0m[38;2;247;234;217m[48;2;247;236;219m▀[0m[38;2;247;247;247m[48;2;247;247;232m▀[0m[38;2;182;164;156m[48;2;247;247;235m▀[0m[38;2;102;101;92m[48;2;87;85;78m▀[0m[38;2;227;215;197m[48;2;200;193;178m▀[0m[38;2;226;213;199m[48;2;206;195;181m▀[0m[38;2;7;10;10m[48;2;30;32;34m▀[0m[38;2;0;0;0m[48;2;0;0;0m▀[0m[38;2;0;0;0m[48;2;4;7;11m▀[0m[38;2;0;0;0m[48;2;21;26;31m▀[0m[38;2;0;0;0m[48;2;192;186;165m▀[0m[38;2;0;0;0m[48;2;212;204;187m▀[0m[38;2;0;0;0m[48;2;194;188;174m▀[0m[38;2;0;0;0m[48;2;194;188;175m▀[0m[38;2;0;0;0m[48;2;193;188;174m▀[0m[38;2;0;0;0m[48;2;195;185;169m▀[0m[38;2;0;0;0m[48;2;142;137;120m▀[0m[38;2;247;247;247m[48;2;230;233;234m▀[0m[38;2;104;104;102m[48;2;247;247;247m▀[0m[38;2;161;161;160m[48;2;203;204;200m▀[0m[38;2;0;0;0m[48;2;110;112;110m▀[0m[38;2;0;0;0m[48;2;165;158;147m▀[0m[38;2;0;0;0m[48;2;164;155;140m▀[0m[38;2;146;146;150m[48;2;200;203;205m▀[0m[38;2;47;51;54m[48;2;148;146;137m▀[0m[38;2;0;0;0m[48;2;178;168;154m▀[0m[38;2;0;0;0m[48;2;188;178;167m▀[0m[38;2;0;0;0m[48;2;212;202;186m▀[0m[38;2;0;0;0m[48;2;184;179;168m▀[0m[38;2;0;0;0m[48;2;0;0;0m▀[0m[38;2;0;0;0m[48;2;25;27;27m▀[0m[38;2;0;0;0m[48;2;102;100;98m▀[0m[38;2;0;0;0m[48;2;46;45;42m▀[0m[38;2;0;0;0m[48;2;0;0;0m▀[0m[38;2;0;0;0m[48;2;6;5;6m▀[0m[38;2;247;247;245m[48;2;247;247;240m▀[0m[38;2;231;230;216m[48;2;220;208;194m▀[0m[38;2;209;198;186m[48;2;210;194;181m▀[0m[38;2;206;194;180m[48;2;201;195;178m▀[0m[38;2;209;199;183m[48;2;207;203;189m▀[0m[38;2;247;247;232m[48;2;247;247;235m▀[0m[38;2;182;175;167m[48;2;168;164;152m▀[0m[38;2;0;0;0m[48;2;0;0;0m▀[0m[38;2;74;76;78m[48;2;92;94;96m▀[0m[38;2;51;51;53m[48;2;54;53;53m▀[0m[38;2;0;0;0m[48;2;0;0;0m▀[0m[38;2;0;0;0m[48;2;16;16;17m▀[0m[38;2;0;0;0m[48;2;9;9;9m▀[0m[38;2;0;0;0m[48;2;0;0;0m▀[0m[38;2;41;38;42m[48;2;50;50;51m▀[0m[38;2;69;66;70m[48;2;59;59;60m▀[0m
[38;2;130;129;118m[48;2;133;129;116m▀[0m[38;2;132;129;118m[48;2;134;128;117m▀[0m[38;2;135;129;117m[48;2;133;131;121m▀[0m[38;2;134;132;120m[48;2;137;133;123m▀[0m[38;2;134;132;122m[48;2;139;134;124m▀[0m[38;2;138;134;122m[48;2;140;135;123m▀[0m[38;2;141;136;124m[48;2;142;138;126m▀[0m[38;2;140;138;126m[48;2;143;139;127m▀[0m[38;2;144;139;127m[48;2;144;139;127m▀[0m[38;2;144;137;129m[48;2;144;139;129m▀[0m[38;2;143;139;129m[48;2;147;141;129m▀[0m[38;2;147;141;128m[48;2;149;145;134m▀[0m[38;2;150;143;132m[48;2;150;145;132m▀[0m[38;2;150;146;132m[48;2;151;147;133m▀[0m[38;2;151;146;133m[48;2;150;148;135m▀[0m[38;2;150;149;133m[48;2;155;149;132m▀[0m[38;2;167;157;141m[48;2;161;159;144m▀[0m[38;2;215;207;187m[48;2;203;201;189m▀[0m[38;2;21;24;25m[48;2;112;113;110m▀[0m[38;2;0;0;0m[48;2;0;0;0m▀[0m[38;2;118;32;22m[48;2;0;0;0m▀[0m[38;2;247;247;247m[48;2;247;247;247m▀[0m[38;2;247;247;240m[48;2;160;163;151m▀[0m[38;2;247;242;224m[48;2;151;140;129m▀[0m[38;2;247;239;223m[48;2;247;247;247m▀[0m[38;2;247;235;218m[48;2;247;235;221m▀[0m[38;2;247;237;219m[48;2;247;247;237m▀[0m[38;2;247;247;247m[48;2;247;247;247m▀[0m[38;2;139;131;125m[48;2;194;179;165m▀[0m[38;2;163;157;149m[48;2;139;135;126m▀[0m[38;2;216;208;194m[48;2;227;217;202m▀[0m[38;2;27;32;33m[48;2;27;30;33m▀[0m[38;2;0;0;0m[48;2;0;0;0m▀[0m[38;2;0;0;4m[48;2;0;0;0m▀[0m[38;2;8;10;16m[48;2;0;3;7m▀[0m[38;2;221;209;190m[48;2;194;184;169m▀[0m[38;2;241;229;214m[48;2;214;206;192m▀[0m[38;2;217;209;193m[48;2;187;182;167m▀[0m[38;2;216;212;194m[48;2;187;174;161m▀[0m[38;2;217;208;190m[48;2;184;173;158m▀[0m[38;2;221;207;188m[48;2;185;179;162m▀[0m[38;2;178;168;152m[48;2;164;154;134m▀[0m[38;2;198;198;198m[48;2;176;174;172m▀[0m[38;2;247;247;247m[48;2;247;247;247m▀[0m[38;2;233;237;237m[48;2;247;247;247m▀[0m[38;2;199;199;199m[48;2;166;164;158m▀[0m[38;2;193;181;164m[48;2;181;170;155m▀[0m[38;2;221;209;193m[48;2;180;174;157m▀[0m[38;2;172;178;178m[48;2;145;151;158m▀[0m[38;2;188;184;171m[48;2;163;162;149m▀[0m[38;2;234;225;202m[48;2;205;195;173m▀[0m[38;2;237;223;203m[48;2;197;190;175m▀[0m[38;2;247;247;241m[48;2;237;227;212m▀[0m[38;2;237;227;213m[48;2;211;203;189m▀[0m[38;2;0;0;0m[48;2;0;0;0m▀[0m[38;2;23;25;26m[48;2;13;17;16m▀[0m[38;2;130;129;124m[48;2;124;123;117m▀[0m[38;2;59;58;56m[48;2;47;46;44m▀[0m[38;2;0;0;0m[48;2;0;0;0m▀[0m[38;2;18;18;19m[48;2;30;29;30m▀[0m[38;2;247;247;244m[48;2;247;247;247m▀[0m[38;2;218;206;190m[48;2;217;207;193m▀[0m[38;2;204;194;182m[48;2;201;199;187m▀[0m[38;2;201;197;184m[48;2;204;194;182m▀[0m[38;2;210;199;185m[48;2;211;200;186m▀[0m[38;2;247;247;233m[48;2;247;247;247m▀[0m[38;2;159;155;142m[48;2;149;147;136m▀[0m[38;2;0;0;0m[48;2;0;0;0m▀[0m[38;2;113;115;115m[48;2;139;142;141m▀[0m[38;2;51;51;51m[48;2;46;46;46m▀[0m[38;2;0;0;0m[48;2;0;0;0m▀[0m[38;2;39;41;43m[48;2;60;58;61m▀[0m[38;2;13;13;13m[48;2;10;9;9m▀[0m[38;2;0;0;0m[48;2;0;0;0m▀[0m[38;2;60;60;61m[48;2;67;67;71m▀[0m[38;2;48;48;49m[48;2;35;35;35m▀[0m
[38;2;135;130;120m[48;2;136;134;124m▀[0m[38;2;134;133;123m[48;2;140;135;125m▀[0m[38;2;138;133;123m[48;2;140;136;123m▀[0m[38;2;139;134;122m[48;2;141;136;126m▀[0m[38;2;140;136;124m[48;2;143;139;129m▀[0m[38;2;142;138;128m[48;2;144;140;128m▀[0m[38;2;144;139;127m[48;2;145;140;129m▀[0m[38;2;143;139;129m[48;2;145;140;128m▀[0m[38;2;144;140;128m[48;2;148;142;129m▀[0m[38;2;150;140;129m[48;2;151;144;133m▀[0m[38;2;149;145;134m[48;2;152;147;134m▀[0m[38;2;152;147;133m[48;2;152;148;134m▀[0m[38;2;151;147;133m[48;2;153;149;134m▀[0m[38;2;153;149;134m[48;2;155;151;137m▀[0m[38;2;156;151;134m[48;2;154;152;141m▀[0m[38;2;156;152;139m[48;2;158;153;139m▀[0m[38;2;161;157;144m[48;2;162;152;137m▀[0m[38;2;188;177;157m[48;2;169;164;150m▀[0m[38;2;196;192;178m[48;2;218;217;202m▀[0m[38;2;0;0;0m[48;2;46;46;46m▀[0m[38;2;0;0;0m[48;2;0;0;0m▀[0m[38;2;134;94;84m[48;2;87;8;0m▀[0m[38;2;247;247;247m[48;2;247;247;224m▀[0m[38;2;133;127;118m[48;2;230;223;210m▀[0m[38;2;247;247;247m[48;2;207;192;177m▀[0m[38;2;247;247;228m[48;2;247;247;247m▀[0m[38;2;180;168;158m[48;2;246;228;213m▀[0m[38;2;247;247;247m[48;2;221;205;191m▀[0m[38;2;238;218;201m[48;2;155;139;124m▀[0m[38;2;132;127;122m[48;2;129;124;117m▀[0m[38;2;231;224;211m[48;2;242;236;223m▀[0m[38;2;30;32;35m[48;2;34;36;38m▀[0m[38;2;0;0;0m[48;2;0;0;0m▀[0m[38;2;0;0;0m[48;2;0;0;0m▀[0m[38;2;0;0;0m[48;2;0;0;0m▀[0m[38;2;190;182;165m[48;2;188;180;161m▀[0m[38;2;213;207;190m[48;2;219;203;186m▀[0m[38;2;186;173;158m[48;2;182;174;160m▀[0m[38;2;181;171;157m[48;2;179;173;160m▀[0m[38;2;180;172;160m[48;2;180;174;160m▀[0m[38;2;184;174;161m[48;2;184;174;160m▀[0m[38;2;172;160;144m[48;2;184;171;156m▀[0m[38;2;158;156;149m[48;2;144;140;133m▀[0m[38;2;247;247;247m[48;2;247;247;247m▀[0m[38;2;222;227;232m[48;2;178;184;184m▀[0m[38;2;129;128;118m[48;2;148;143;130m▀[0m[38;2;190;182;165m[48;2;193;187;170m▀[0m[38;2;190;185;168m[48;2;193;181;164m▀[0m[38;2;141;135;123m[48;2;200;188;172m▀[0m[38;2;176;166;151m[48;2;194;188;173m▀[0m[38;2;200;190;175m[48;2;190;186;173m▀[0m[38;2;196;189;177m[48;2;199;189;179m▀[0m[38;2;236;225;211m[48;2;234;224;207m▀[0m[38;2;209;201;187m[48;2;213;202;191m▀[0m[38;2;0;0;0m[48;2;0;0;0m▀[0m[38;2;14;16;18m[48;2;18;20;18m▀[0m[38;2;127;123;116m[48;2;129;125;122m▀[0m[38;2;42;38;38m[48;2;37;37;35m▀[0m[38;2;0;0;0m[48;2;0;0;0m▀[0m[38;2;36;35;33m[48;2;42;41;41m▀[0m[38;2;247;247;247m[48;2;247;247;247m▀[0m[38;2;214;210;195m[48;2;217;207;193m▀[0m[38;2;207;196;181m[48;2;203;199;182m▀[0m[38;2;203;195;183m[48;2;206;199;191m▀[0m[38;2;211;207;190m[48;2;218;208;195m▀[0m[38;2;247;247;247m[48;2;247;247;247m▀[0m[38;2;137;135;127m[48;2;124;122;115m▀[0m[38;2;0;0;0m[48;2;0;0;0m▀[0m[38;2;173;176;178m[48;2;214;214;216m▀[0m[38;2;40;43;40m[48;2;25;28;28m▀[0m[38;2;0;0;0m[48;2;0;0;0m▀[0m[38;2;80;78;81m[48;2;104;102;105m▀[0m[38;2;2;4;4m[48;2;0;0;0m▀[0m[38;2;0;0;0m[48;2;0;0;0m▀[0m[38;2;75;72;75m[48;2;81;81;82m▀[0m[38;2;28;28;28m[48;2;17;17;17m▀[0m
[38;2;139;135;123m[48;2;138;136;124m▀[0m[38;2;140;136;123m[48;2;141;140;127m▀[0m[38;2;141;139;127m[48;2;144;140;127m▀[0m[38;2;141;140;129m[48;2;144;140;129m▀[0m[38;2;143;139;127m[48;2;146;140;128m▀[0m[38;2;144;140;127m[48;2;148;143;129m▀[0m[38;2;147;142;129m[48;2;149;145;132m▀[0m[38;2;148;143;130m[48;2;150;145;131m▀[0m[38;2;150;145;132m[48;2;151;147;134m▀[0m[38;2;151;147;133m[48;2;152;148;133m▀[0m[38;2;152;148;134m[48;2;155;151;133m▀[0m[38;2;156;151;134m[48;2;157;153;139m▀[0m[38;2;155;152;138m[48;2;158;154;141m▀[0m[38;2;157;154;140m[48;2;162;153;137m▀[0m[38;2;160;154;139m[48;2;162;155;138m▀[0m[38;2;162;154;135m[48;2;161;157;143m▀[0m[38;2;161;154;141m[48;2;161;159;150m▀[0m[38;2;163;164;153m[48;2;169;161;145m▀[0m[38;2;205;194;176m[48;2;180;174;153m▀[0m[38;2;176;166;152m[48;2;224;223;209m▀[0m[38;2;0;0;0m[48;2;13;21;21m▀[0m[38;2;30;10;7m[48;2;0;0;0m▀[0m[38;2;229;206;188m[48;2;209;172;162m▀[0m[38;2;247;247;247m[48;2;247;247;247m▀[0m[38;2;168;160;153m[48;2;247;247;247m▀[0m[38;2;161;160;147m[48;2;0;0;0m▀[0m[38;2;247;237;222m[48;2;50;52;50m▀[0m[38;2;247;247;247m[48;2;182;174;162m▀[0m[38;2;35;32;28m[48;2;0;0;0m▀[0m[38;2;95;93;87m[48;2;132;129;119m▀[0m[38;2;247;247;240m[48;2;247;247;242m▀[0m[38;2;38;41;42m[48;2;45;48;49m▀[0m[38;2;0;0;0m[48;2;0;0;0m▀[0m[38;2;0;0;0m[48;2;0;0;0m▀[0m[38;2;0;0;0m[48;2;0;0;0m▀[0m[38;2;186;178;161m[48;2;185;179;162m▀[0m[38;2;220;207;190m[48;2;214;210;192m▀[0m[38;2;182;175;166m[48;2;186;176;164m▀[0m[38;2;180;174;161m[48;2;185;175;160m▀[0m[38;2;184;174;159m[48;2;185;175;162m▀[0m[38;2;182;176;162m[48;2;182;176;163m▀[0m[38;2;189;177;165m[48;2;192;184;167m▀[0m[38;2;145;138;128m[48;2;146;144;131m▀[0m[38;2;247;247;247m[48;2;210;216;224m▀[0m[38;2;60;63;59m[48;2;103;103;93m▀[0m[38;2;193;185;167m[48;2;214;198;177m▀[0m[38;2;193;182;165m[48;2;190;179;164m▀[0m[38;2;192;180;165m[48;2;192;182;169m▀[0m[38;2;189;179;166m[48;2;193;183;171m▀[0m[38;2;190;182;170m[48;2;192;184;171m▀[0m[38;2;193;183;172m[48;2;193;183;171m▀[0m[38;2;197;187;175m[48;2;199;189;174m▀[0m[38;2;233;223;208m[48;2;241;228;215m▀[0m[38;2;213;208;194m[48;2;223;213;200m▀[0m[38;2;0;0;0m[48;2;0;0;0m▀[0m[38;2;12;14;12m[48;2;7;11;10m▀[0m[38;2;128;126;123m[48;2;127;125;119m▀[0m[38;2;36;39;38m[48;2;35;37;37m▀[0m[38;2;0;0;0m[48;2;0;0;0m▀[0m[38;2;51;50;45m[48;2;57;56;51m▀[0m[38;2;247;247;247m[48;2;247;247;247m▀[0m[38;2;216;210;193m[48;2;219;213;199m▀[0m[38;2;208;204;191m[48;2;216;205;190m▀[0m[38;2;213;205;188m[48;2;213;203;189m▀[0m[38;2;222;210;194m[48;2;221;213;201m▀[0m[38;2;247;247;247m[48;2;247;247;247m▀[0m[38;2;118;117;111m[48;2;113;107;100m▀[0m[38;2;0;0;0m[48;2;0;0;0m▀[0m[38;2;243;246;247m[48;2;247;247;247m▀[0m[38;2;0;3;2m[48;2;0;0;0m▀[0m[38;2;0;0;0m[48;2;0;0;0m▀[0m[38;2;126;126;127m[48;2;148;150;150m▀[0m[38;2;0;0;0m[48;2;0;0;0m▀[0m[38;2;0;0;0m[48;2;0;0;0m▀[0m[38;2;80;83;87m[48;2;83;83;87m▀[0m[38;2;4;6;6m[48;2;0;0;0m▀[0m
[38;2;142;138;126m[48;2;144;138;122m▀[0m[38;2;144;139;127m[48;2;144;139;129m▀[0m[38;2;144;140;128m[48;2;147;141;128m▀[0m[38;2;146;141;128m[48;2;149;145;131m▀[0m[38;2;149;145;131m[48;2;147;145;132m▀[0m[38;2;149;145;132m[48;2;151;145;130m▀[0m[38;2;151;145;132m[48;2;147;147;133m▀[0m[38;2;150;147;133m[48;2;155;150;133m▀[0m[38;2;154;149;132m[48;2;157;153;138m▀[0m[38;2;157;152;135m[48;2;157;155;148m▀[0m[38;2;157;153;144m[48;2;161;155;140m▀[0m[38;2;160;154;140m[48;2;163;154;137m▀[0m[38;2;161;154;137m[48;2;163;156;139m▀[0m[38;2;164;154;139m[48;2;161;157;143m▀[0m[38;2;162;157;144m[48;2;163;159;145m▀[0m[38;2;163;160;146m[48;2;173;159;144m▀[0m[38;2;169;159;146m[48;2;168;161;146m▀[0m[38;2;168;161;144m[48;2;167;163;150m▀[0m[38;2;174;168;156m[48;2;177;166;155m▀[0m[38;2;211;199;186m[48;2;187;175;163m▀[0m[38;2;181;170;162m[48;2;240;226;208m▀[0m[38;2;0;0;0m[48;2;31;31;29m▀[0m[38;2;61;52;50m[48;2;0;0;0m▀[0m[38;2;191;179;162m[48;2;0;0;0m▀[0m[38;2;247;241;223m[48;2;0;0;0m▀[0m[38;2;0;0;0m[48;2;0;0;0m▀[0m[38;2;0;0;0m[48;2;0;0;0m▀[0m[38;2;0;0;0m[48;2;0;0;0m▀[0m[38;2;0;0;0m[48;2;0;0;0m▀[0m[38;2;146;141;130m[48;2;148;145;131m▀[0m[38;2;247;247;247m[48;2;247;247;247m▀[0m[38;2;54;54;52m[48;2;60;63;62m▀[0m[38;2;0;0;0m[48;2;0;0;0m▀[0m[38;2;0;0;0m[48;2;0;0;0m▀[0m[38;2;0;0;0m[48;2;0;0;0m▀[0m[38;2;186;180;163m[48;2;191;183;161m▀[0m[38;2;220;208;188m[48;2;222;211;193m▀[0m[38;2;187;179;162m[48;2;186;180;167m▀[0m[38;2;184;176;163m[48;2;186;176;163m▀[0m[38;2;186;176;163m[48;2;187;177;164m▀[0m[38;2;185;174;162m[48;2;184;176;163m▀[0m[38;2;194;185;168m[48;2;196;187;170m▀[0m[38;2;157;152;139m[48;2;161;157;146m▀[0m[38;2;185;192;198m[48;2;176;184;192m▀[0m[38;2;153;148;133m[48;2;161;153;136m▀[0m[38;2;207;193;178m[48;2;208;195;178m▀[0m[38;2;190;180;168m[48;2;193;183;171m▀[0m[38;2;193;183;171m[48;2;193;183;171m▀[0m[38;2;193;183;172m[48;2;194;184;171m▀[0m[38;2;193;185;172m[48;2;197;188;175m▀[0m[38;2;196;187;174m[48;2;202;191;177m▀[0m[38;2;203;197;183m[48;2;206;194;178m▀[0m[38;2;239;228;213m[48;2;239;226;213m▀[0m[38;2;232;220;209m[48;2;234;226;214m▀[0m[38;2;0;0;0m[48;2;0;0;0m▀[0m[38;2;2;4;4m[48;2;0;0;1m▀[0m[38;2;117;116;111m[48;2;109;108;106m▀[0m[38;2;29;31;31m[48;2;30;30;30m▀[0m[38;2;0;0;0m[48;2;0;0;0m▀[0m[38;2;63;62;57m[48;2;72;68;65m▀[0m[38;2;247;247;247m[48;2;247;247;247m▀[0m[38;2;225;213;197m[48;2;224;216;195m▀[0m[38;2;217;206;190m[48;2;214;210;196m▀[0m[38;2;218;206;196m[48;2;222;211;198m▀[0m[38;2;225;217;202m[48;2;230;220;203m▀[0m[38;2;247;247;247m[48;2;247;247;247m▀[0m[38;2;102;98;93m[48;2;97;95;89m▀[0m[38;2;0;0;0m[48;2;0;0;0m▀[0m[38;2;247;247;247m[48;2;224;226;227m▀[0m[38;2;0;0;0m[48;2;0;0;0m▀[0m[38;2;0;0;0m[48;2;0;0;0m▀[0m[38;2;170;170;168m[48;2;181;184;183m▀[0m[38;2;0;0;0m[48;2;0;0;0m▀[0m[38;2;0;0;0m[48;2;0;0;0m▀[0m[38;2;76;76;83m[48;2;73;76;78m▀[0m[38;2;0;0;0m[48;2;0;0;0m▀[0m
[38;2;144;140;129m[48;2;147;146;132m▀[0m[38;2;147;143;130m[48;2;148;147;133m▀[0m[38;2;150;147;132m[48;2;151;147;132m▀[0m[38;2;148;146;133m[48;2;151;149;136m▀[0m[38;2;151;146;132m[48;2;154;149;135m▀[0m[38;2;152;149;134m[48;2;158;150;135m▀[0m[38;2;156;151;134m[48;2;158;154;140m▀[0m[38;2;156;152;139m[48;2;158;154;141m▀[0m[38;2;155;153;140m[48;2;160;154;139m▀[0m[38;2;162;155;138m[48;2;161;155;138m▀[0m[38;2;161;154;139m[48;2;161;157;142m▀[0m[38;2;162;157;142m[48;2;163;158;150m▀[0m[38;2;161;159;146m[48;2;165;161;147m▀[0m[38;2;162;158;145m[48;2;166;159;144m▀[0m[38;2;167;160;143m[48;2;161;161;148m▀[0m[38;2;166;161;147m[48;2;167;162;149m▀[0m[38;2;168;162;150m[48;2;171;163;152m▀[0m[38;2;173;163;152m[48;2;174;164;152m▀[0m[38;2;176;164;155m[48;2;176;165;153m▀[0m[38;2;183;170;159m[48;2;179;173;159m▀[0m[38;2;214;202;187m[48;2;190;182;167m▀[0m[38;2;190;186;172m[48;2;247;238;219m▀[0m[38;2;0;0;0m[48;2;42;41;34m▀[0m[38;2;29;29;29m[48;2;0;0;0m▀[0m[38;2;0;0;0m[48;2;0;0;0m▀[0m[38;2;0;0;0m[48;2;0;0;0m▀[0m[38;2;0;0;0m[48;2;0;0;0m▀[0m[38;2;0;0;0m[48;2;0;0;0m▀[0m[38;2;0;0;0m[48;2;0;0;0m▀[0m[38;2;144;136;129m[48;2;129;124;116m▀[0m[38;2;247;247;247m[48;2;247;247;247m▀[0m[38;2;63;65;64m[48;2;69;72;68m▀[0m[38;2;0;0;0m[48;2;0;0;0m▀[0m[38;2;0;0;0m[48;2;0;0;0m▀[0m[38;2;0;0;0m[48;2;0;0;0m▀[0m[38;2;191;183;170m[48;2;191;187;170m▀[0m[38;2;220;212;199m[48;2;225;213;194m▀[0m[38;2;190;179;163m[48;2;191;180;167m▀[0m[38;2;187;177;162m[48;2;185;180;167m▀[0m[38;2;185;179;165m[48;2;187;181;168m▀[0m[38;2;186;179;170m[48;2;194;180;166m▀[0m[38;2;207;193;175m[48;2;205;194;177m▀[0m[38;2;160;155;141m[48;2;165;158;145m▀[0m[38;2;167;174;178m[48;2;106;112;115m▀[0m[38;2;166;159;142m[48;2;170;162;144m▀[0m[38;2;209;198;184m[48;2;210;197;180m▀[0m[38;2;194;183;171m[48;2;194;185;172m▀[0m[38;2;194;185;172m[48;2;200;194;180m▀[0m[38;2;196;192;174m[48;2;200;191;175m▀[0m[38;2;202;194;177m[48;2;204;189;174m▀[0m[38;2;201;191;178m[48;2;204;192;180m▀[0m[38;2;205;194;180m[48;2;205;200;191m▀[0m[38;2;239;231;215m[48;2;236;228;216m▀[0m[38;2;236;233;218m[48;2;247;236;224m▀[0m[38;2;0;0;0m[48;2;0;0;0m▀[0m[38;2;0;0;0m[48;2;0;0;0m▀[0m[38;2;103;103;101m[48;2;97;97;92m▀[0m[38;2;27;27;29m[48;2;23;26;28m▀[0m[38;2;0;0;0m[48;2;0;0;0m▀[0m[38;2;74;72;70m[48;2;80;79;74m▀[0m[38;2;247;247;247m[48;2;247;247;247m▀[0m[38;2;226;218;206m[48;2;227;220;205m▀[0m[38;2;222;211;198m[48;2;222;214;197m▀[0m[38;2;222;212;196m[48;2;222;215;204m▀[0m[38;2;232;221;211m[48;2;234;223;212m▀[0m[38;2;247;247;247m[48;2;247;247;247m▀[0m[38;2;91;89;86m[48;2;68;66;64m▀[0m[38;2;0;0;0m[48;2;0;0;0m▀[0m[38;2;147;146;147m[48;2;120;123;127m▀[0m[38;2;0;0;0m[48;2;0;0;0m▀[0m[38;2;32;32;32m[48;2;64;67;68m▀[0m[38;2;193;194;194m[48;2;193;192;192m▀[0m[38;2;0;0;0m[48;2;0;0;0m▀[0m[38;2;0;0;0m[48;2;0;0;0m▀[0m[38;2;73;73;75m[48;2;64;63;65m▀[0m[38;2;0;0;0m[48;2;0;0;0m▀[0m
[38;2;149;147;134m[48;2;152;142;128m▀[0m[38;2;152;146;131m[48;2;151;148;134m▀[0m[38;2;153;148;134m[48;2;155;150;135m▀[0m[38;2;155;150;133m[48;2;156;151;136m▀[0m[38;2;157;149;134m[48;2;154;152;139m▀[0m[38;2;152;153;141m[48;2;160;154;140m▀[0m[38;2;158;153;140m[48;2;165;153;138m▀[0m[38;2;161;155;140m[48;2;161;156;141m▀[0m[38;2;161;156;139m[48;2;161;157;143m▀[0m[38;2;162;157;142m[48;2;164;159;146m▀[0m[38;2;162;159;146m[48;2;168;159;144m▀[0m[38;2;168;159;146m[48;2;169;161;145m▀[0m[38;2;172;161;145m[48;2;166;162;149m▀[0m[38;2;166;162;146m[48;2;168;163;150m▀[0m[38;2;167;162;150m[48;2;171;163;152m▀[0m[38;2;173;163;152m[48;2;175;164;153m▀[0m[38;2;175;164;154m[48;2;176;164;153m▀[0m[38;2;176;165;153m[48;2;177;167;155m▀[0m[38;2;174;166;155m[48;2;177;169;158m▀[0m[38;2;179;171;161m[48;2;180;169;158m▀[0m[38;2;189;177;165m[48;2;184;178;161m▀[0m[38;2;226;215;196m[48;2;197;188;172m▀[0m[38;2;176;171;158m[48;2;247;242;225m▀[0m[38;2;0;0;0m[48;2;32;32;32m▀[0m[38;2;31;34;34m[48;2;14;20;19m▀[0m[38;2;0;0;0m[48;2;0;0;0m▀[0m[38;2;0;0;0m[48;2;0;0;0m▀[0m[38;2;0;0;0m[48;2;0;0;0m▀[0m[38;2;0;0;0m[48;2;0;0;0m▀[0m[38;2;111;105;98m[48;2;40;38;36m▀[0m[38;2;247;247;247m[48;2;247;247;247m▀[0m[38;2;79;80;76m[48;2;96;95;92m▀[0m[38;2;0;0;0m[48;2;0;0;0m▀[0m[38;2;0;0;0m[48;2;0;0;0m▀[0m[38;2;0;0;0m[48;2;0;0;0m▀[0m[38;2;198;187;168m[48;2;197;188;172m▀[0m[38;2;224;213;197m[48;2;221;215;201m▀[0m[38;2;189;183;170m[48;2;194;183;171m▀[0m[38;2;188;180;167m[48;2;191;181;166m▀[0m[38;2;192;181;168m[48;2;192;182;169m▀[0m[38;2;193;181;166m[48;2;191;183;170m▀[0m[38;2;204;193;181m[48;2;204;193;181m▀[0m[38;2;179;174;163m[48;2;181;174;163m▀[0m[38;2;132;136;139m[48;2;120;127;128m▀[0m[38;2;182;176;162m[48;2;191;181;170m▀[0m[38;2;208;196;181m[48;2;212;200;185m▀[0m[38;2;202;190;179m[48;2;205;188;175m▀[0m[38;2;209;196;182m[48;2;213;201;187m▀[0m[38;2;147;149;150m[48;2;141;145;142m▀[0m[38;2;161;161;159m[48;2;153;154;150m▀[0m[38;2;212;201;191m[48;2;215;204;188m▀[0m[38;2;208;200;189m[48;2;211;200;186m▀[0m[38;2;237;225;211m[48;2;233;228;211m▀[0m[38;2;247;244;229m[48;2;247;247;240m▀[0m[38;2;0;0;0m[48;2;0;0;0m▀[0m[38;2;0;0;0m[48;2;0;0;0m▀[0m[38;2;87;87;82m[48;2;73;76;75m▀[0m[38;2;21;24;25m[48;2;16;20;20m▀[0m[38;2;0;0;0m[48;2;0;0;0m▀[0m[38;2;83;82;77m[48;2;86;82;79m▀[0m[38;2;247;247;247m[48;2;247;247;247m▀[0m[38;2;230;223;206m[48;2;232;223;214m▀[0m[38;2;225;214;203m[48;2;221;216;206m▀[0m[38;2;225;214;206m[48;2;226;218;211m▀[0m[38;2;239;227;218m[48;2;247;238;227m▀[0m[38;2;247;247;247m[48;2;247;247;247m▀[0m[38;2;26;26;20m[48;2;0;0;0m▀[0m[38;2;0;0;0m[48;2;21;24;29m▀[0m[38;2;90;92;92m[48;2;50;52;54m▀[0m[38;2;0;0;0m[48;2;0;0;0m▀[0m[38;2;105;107;109m[48;2;150;148;151m▀[0m[38;2;177;176;176m[48;2;149;151;151m▀[0m[38;2;0;0;0m[48;2;0;0;0m▀[0m[38;2;0;1;0m[48;2;11;13;13m▀[0m[38;2;55;55;56m[48;2;51;53;53m▀[0m[38;2;0;0;0m[48;2;0;0;0m▀[0m
[38;2;151;148;134m[48;2;156;150;135m▀[0m[38;2;155;150;135m[48;2;153;151;138m▀[0m[38;2;156;153;139m[48;2;155;153;140m▀[0m[38;2;154;153;139m[48;2;160;152;139m▀[0m[38;2;160;154;137m[48;2;162;155;138m▀[0m[38;2;162;155;138m[48;2;161;157;142m▀[0m[38;2;160;156;141m[48;2;161;158;149m▀[0m[38;2;157;157;145m[48;2;164;157;144m▀[0m[38;2;163;158;145m[48;2;169;160;143m▀[0m[38;2;169;160;144m[48;2;169;163;149m▀[0m[38;2;168;161;146m[48;2;169;163;151m▀[0m[38;2;167;162;149m[48;2;170;164;151m▀[0m[38;2;170;162;151m[48;2;174;164;152m▀[0m[38;2;172;164;152m[48;2;175;164;153m▀[0m[38;2;174;164;153m[48;2;175;164;153m▀[0m[38;2;175;165;153m[48;2;175;167;156m▀[0m[38;2;175;167;155m[48;2;179;169;157m▀[0m[38;2;177;169;157m[48;2;177;169;157m▀[0m[38;2;179;169;157m[48;2;180;170;158m▀[0m[38;2;181;171;159m[48;2;181;171;160m▀[0m[38;2;183;173;158m[48;2;181;173;159m▀[0m[38;2;191;180;168m[48;2;188;180;168m▀[0m[38;2;247;239;223m[48;2;240;234;218m▀[0m[38;2;157;153;143m[48;2;70;69;63m▀[0m[38;2;0;0;0m[48;2;0;0;0m▀[0m[38;2;22;24;22m[48;2;62;64;62m▀[0m[38;2;0;0;0m[48;2;43;43;43m▀[0m[38;2;0;0;0m[48;2;64;60;62m▀[0m[38;2;63;63;66m[48;2;56;56;54m▀[0m[38;2;6;6;10m[48;2;44;48;49m▀[0m[38;2;149;147;140m[48;2;58;60;64m▀[0m[38;2;116;114;109m[48;2;94;97;97m▀[0m[38;2;0;0;0m[48;2;0;0;0m▀[0m[38;2;0;0;0m[48;2;0;0;0m▀[0m[38;2;0;0;3m[48;2;0;0;0m▀[0m[38;2;198;194;175m[48;2;203;194;173m▀[0m[38;2;224;214;199m[48;2;230;217;198m▀[0m[38;2;194;184;168m[48;2;196;186;173m▀[0m[38;2;192;182;169m[48;2;192;184;171m▀[0m[38;2;194;184;171m[48;2;193;183;171m▀[0m[38;2;191;183;171m[48;2;194;184;171m▀[0m[38;2;202;192;177m[48;2;207;199;182m▀[0m[38;2;192;180;165m[48;2;194;188;174m▀[0m[38;2;119;123;126m[48;2;112;116;116m▀[0m[38;2;196;187;174m[48;2;197;188;175m▀[0m[38;2;215;200;182m[48;2;213;203;188m▀[0m[38;2;204;194;178m[48;2;203;195;184m▀[0m[38;2;205;199;187m[48;2;202;194;183m▀[0m[38;2;200;195;183m[48;2;205;194;182m▀[0m[38;2;205;194;180m[48;2;206;196;184m▀[0m[38;2;211;196;182m[48;2;206;200;187m▀[0m[38;2;209;206;189m[48;2;217;207;193m▀[0m[38;2;236;230;214m[48;2;240;231;213m▀[0m[38;2;247;247;247m[48;2;247;247;247m▀[0m[38;2;0;0;0m[48;2;0;0;0m▀[0m[38;2;0;0;0m[48;2;0;0;0m▀[0m[38;2;69;72;71m[48;2;63;63;64m▀[0m[38;2;16;19;20m[48;2;15;15;16m▀[0m[38;2;0;0;0m[48;2;0;0;0m▀[0m[38;2;93;86;85m[48;2;92;88;84m▀[0m[38;2;247;247;247m[48;2;247;247;247m▀[0m[38;2;230;223;211m[48;2;231;224;215m▀[0m[38;2;225;217;208m[48;2;227;220;208m▀[0m[38;2;230;223;212m[48;2;232;225;212m▀[0m[38;2;247;247;233m[48;2;247;247;245m▀[0m[38;2;247;247;247m[48;2;247;247;247m▀[0m[38;2;0;0;0m[48;2;0;0;0m▀[0m[38;2;60;60;61m[48;2;33;35;39m▀[0m[38;2;24;24;25m[48;2;0;0;0m▀[0m[38;2;0;0;0m[48;2;0;0;0m▀[0m[38;2;182;182;182m[48;2;206;206;208m▀[0m[38;2;104;106;106m[48;2;62;61;61m▀[0m[38;2;0;0;0m[48;2;0;0;0m▀[0m[38;2;12;10;13m[48;2;0;0;0m▀[0m[38;2;37;37;37m[48;2;0;0;0m▀[0m[38;2;0;0;0m[48;2;0;0;0m▀[0m
[38;2;155;152;138m[48;2;159;154;140m▀[0m[38;2;158;154;141m[48;2;165;155;139m▀[0m[38;2;161;155;140m[48;2;161;157;143m▀[0m[38;2;161;155;140m[48;2;160;158;145m▀[0m[38;2;161;157;143m[48;2;163;159;144m▀[0m[38;2;162;158;145m[48;2;168;158;142m▀[0m[38;2;165;160;145m[48;2;170;161;145m▀[0m[38;2;170;160;140m[48;2;168;162;149m▀[0m[38;2;169;163;147m[48;2;170;164;151m▀[0m[38;2;171;163;152m[48;2;173;165;153m▀[0m[38;2;172;164;153m[48;2;173;165;154m▀[0m[38;2;173;165;153m[48;2;176;165;154m▀[0m[38;2;175;165;154m[48;2;174;166;155m▀[0m[38;2;175;165;154m[48;2;175;169;157m▀[0m[38;2;173;167;155m[48;2;178;168;157m▀[0m[38;2;178;168;157m[48;2;178;168;156m▀[0m[38;2;179;169;158m[48;2;178;170;158m▀[0m[38;2;178;170;158m[48;2;179;171;159m▀[0m[38;2;180;170;158m[48;2;179;171;159m▀[0m[38;2;180;172;161m[48;2;183;173;159m▀[0m[38;2;182;174;160m[48;2;184;174;160m▀[0m[38;2;190;182;165m[48;2;193;184;165m▀[0m[38;2;233;221;205m[48;2;221;207;189m▀[0m[38;2;156;151;134m[48;2;247;240;222m▀[0m[38;2;0;0;0m[48;2;0;0;0m▀[0m[38;2;99;103;104m[48;2;90;93;95m▀[0m[38;2;68;71;71m[48;2;16;18;19m▀[0m[38;2;64;68;71m[48;2;0;0;0m▀[0m[38;2;58;64;63m[48;2;0;0;0m▀[0m[38;2;20;24;24m[48;2;22;18;18m▀[0m[38;2;0;0;0m[48;2;94;96;97m▀[0m[38;2;128;130;130m[48;2;45;48;50m▀[0m[38;2;0;0;0m[48;2;0;0;0m▀[0m[38;2;0;0;1m[48;2;4;7;9m▀[0m[38;2;1;4;10m[48;2;0;2;6m▀[0m[38;2;213;202;182m[48;2;208;198;182m▀[0m[38;2;225;213;194m[48;2;247;247;247m▀[0m[38;2;194;186;171m[48;2;206;200;187m▀[0m[38;2;190;182;169m[48;2;191;183;166m▀[0m[38;2;194;185;172m[48;2;196;189;176m▀[0m[38;2;201;187;173m[48;2;198;189;176m▀[0m[38;2;206;198;186m[48;2;209;199;183m▀[0m[38;2;199;190;174m[48;2;204;195;177m▀[0m[38;2;106;109;108m[48;2;104;108;107m▀[0m[38;2;198;193;179m[48;2;195;190;176m▀[0m[38;2;211;203;192m[48;2;217;204;190m▀[0m[38;2;206;194;182m[48;2;204;194;179m▀[0m[38;2;206;195;181m[48;2;205;197;185m▀[0m[38;2;204;196;184m[48;2;207;202;189m▀[0m[38;2;207;202;188m[48;2;211;203;189m▀[0m[38;2;210;204;190m[48;2;213;203;189m▀[0m[38;2;218;206;192m[48;2;219;208;197m▀[0m[38;2;238;228;214m[48;2;236;230;217m▀[0m[38;2;247;247;247m[48;2;247;247;247m▀[0m[38;2;0;0;0m[48;2;0;0;0m▀[0m[38;2;0;0;0m[48;2;0;0;0m▀[0m[38;2;50;50;52m[48;2;35;38;43m▀[0m[38;2;11;14;14m[48;2;8;11;13m▀[0m[38;2;0;0;0m[48;2;0;0;0m▀[0m[38;2;88;84;83m[48;2;86;82;82m▀[0m[38;2;247;247;247m[48;2;247;247;247m▀[0m[38;2;237;226;215m[48;2;237;229;217m▀[0m[38;2;228;221;208m[48;2;230;223;210m▀[0m[38;2;231;226;211m[48;2;233;224;211m▀[0m[38;2;247;247;247m[48;2;247;247;247m▀[0m[38;2;247;247;247m[48;2;247;244;231m▀[0m[38;2;0;0;0m[48;2;0;0;0m▀[0m[38;2;0;0;0m[48;2;0;0;0m▀[0m[38;2;0;0;0m[48;2;0;0;0m▀[0m[38;2;0;0;0m[48;2;0;0;0m▀[0m[38;2;217;217;219m[48;2;210;210;212m▀[0m[38;2;21;21;21m[48;2;0;0;0m▀[0m[38;2;0;0;0m[48;2;0;0;0m▀[0m[38;2;0;0;0m[48;2;0;0;0m▀[0m[38;2;0;0;0m[48;2;0;0;0m▀[0m[38;2;0;0;0m[48;2;0;0;0m▀[0m
[38;2;161;154;139m[48;2;161;156;142m▀[0m[38;2;161;157;142m[48;2;162;158;145m▀[0m[38;2;161;159;146m[48;2;165;158;145m▀[0m[38;2;163;159;144m[48;2;169;159;140m▀[0m[38;2;168;160;139m[48;2;168;162;146m▀[0m[38;2;170;162;146m[48;2;169;164;152m▀[0m[38;2;169;164;151m[48;2;173;165;153m▀[0m[38;2;171;163;152m[48;2;173;165;153m▀[0m[38;2;172;164;153m[48;2;175;164;153m▀[0m[38;2;173;165;153m[48;2;176;166;155m▀[0m[38;2;176;166;155m[48;2;175;167;156m▀[0m[38;2;175;167;155m[48;2;177;169;157m▀[0m[38;2;174;169;156m[48;2;177;169;157m▀[0m[38;2;178;168;157m[48;2;177;169;157m▀[0m[38;2;179;169;157m[48;2;179;169;158m▀[0m[38;2;179;169;157m[48;2;180;170;158m▀[0m[38;2;180;170;158m[48;2;182;172;158m▀[0m[38;2;180;172;160m[48;2;182;172;158m▀[0m[38;2;181;173;159m[48;2;183;175;159m▀[0m[38;2;184;174;159m[48;2;185;177;161m▀[0m[38;2;184;176;160m[48;2;185;177;166m▀[0m[38;2;188;180;163m[48;2;191;180;164m▀[0m[38;2;233;223;208m[48;2;208;197;181m▀[0m[38;2;26;28;29m[48;2;146;141;130m▀[0m[38;2;0;0;0m[48;2;156;154;148m▀[0m[38;2;56;59;59m[48;2;0;0;0m▀[0m[38;2;71;74;74m[48;2;44;47;48m▀[0m[38;2;108;108;110m[48;2;55;57;55m▀[0m[38;2;186;189;188m[48;2;20;18;21m▀[0m[38;2;174;176;178m[48;2;0;0;0m▀[0m[38;2;34;36;36m[48;2;0;0;0m▀[0m[38;2;5;7;7m[48;2;32;32;32m▀[0m[38;2;0;0;0m[48;2;0;0;0m▀[0m[38;2;14;16;18m[48;2;13;15;20m▀[0m[38;2;0;0;0m[48;2;15;19;22m▀[0m[38;2;0;0;0m[48;2;0;0;0m▀[0m[38;2;247;247;247m[48;2;91;96;104m▀[0m[38;2;247;247;247m[48;2;247;247;247m▀[0m[38;2;196;182;167m[48;2;192;178;160m▀[0m[38;2;200;190;177m[48;2;202;192;177m▀[0m[38;2;200;190;177m[48;2;201;192;179m▀[0m[38;2;210;199;185m[48;2;209;201;193m▀[0m[38;2;203;197;184m[48;2;200;194;187m▀[0m[38;2;111;114;115m[48;2;126;129;129m▀[0m[38;2;194;184;171m[48;2;193;187;172m▀[0m[38;2;220;206;187m[48;2;220;214;195m▀[0m[38;2;205;199;185m[48;2;214;204;190m▀[0m[38;2;208;202;189m[48;2;214;203;188m▀[0m[38;2;211;203;189m[48;2;213;205;189m▀[0m[38;2;213;203;191m[48;2;213;205;194m▀[0m[38;2;213;205;193m[48;2;216;208;195m▀[0m[38;2;221;211;200m[48;2;224;213;197m▀[0m[38;2;240;231;213m[48;2;236;230;214m▀[0m[38;2;247;247;247m[48;2;247;247;247m▀[0m[38;2;2;2;3m[48;2;14;14;15m▀[0m[38;2;0;0;0m[48;2;0;0;0m▀[0m[38;2;27;27;29m[48;2;9;13;16m▀[0m[38;2;6;9;11m[48;2;7;7;9m▀[0m[38;2;0;0;0m[48;2;0;0;0m▀[0m[38;2;81;80;74m[48;2;75;74;71m▀[0m[38;2;247;247;247m[48;2;247;247;247m▀[0m[38;2;237;229;217m[48;2;239;229;219m▀[0m[38;2;230;223;210m[48;2;231;224;211m▀[0m[38;2;235;226;213m[48;2;236;226;214m▀[0m[38;2;247;247;247m[48;2;247;247;247m▀[0m[38;2;236;228;217m[48;2;210;202;195m▀[0m[38;2;0;0;0m[48;2;0;0;0m▀[0m[38;2;0;0;0m[48;2;0;0;0m▀[0m[38;2;0;0;0m[48;2;0;0;0m▀[0m[38;2;0;0;0m[48;2;14;14;14m▀[0m[38;2;198;198;198m[48;2;181;181;181m▀[0m[38;2;0;0;0m[48;2;0;0;0m▀[0m[38;2;0;0;0m[48;2;20;20;22m▀[0m[38;2;32;35;35m[48;2;77;77;79m▀[0m[38;2;0;0;0m[48;2;0;0;0m▀[0m[38;2;0;0;0m[48;2;0;0;0m▀[0m
[38;2;163;159;145m[48;2;180;167;153m▀[0m[38;2;165;160;145m[48;2;179;171;154m▀[0m[38;2;171;160;145m[48;2;177;173;162m▀[0m[38;2;167;162;149m[48;2;181;173;161m▀[0m[38;2;169;166;153m[48;2;185;174;162m▀[0m[38;2;172;168;151m[48;2;190;174;160m▀[0m[38;2;180;165;156m[48;2;189;176;165m▀[0m[38;2;178;165;154m[48;2;188;177;165m▀[0m[38;2;179;169;158m[48;2;189;178;166m▀[0m[38;2;180;170;159m[48;2;188;180;163m▀[0m[38;2;177;172;156m[48;2;189;181;164m▀[0m[38;2;181;169;160m[48;2;189;178;163m▀[0m[38;2;177;169;157m[48;2;188;177;164m▀[0m[38;2;182;170;157m[48;2;189;178;165m▀[0m[38;2;180;170;159m[48;2;190;180;165m▀[0m[38;2;181;171;160m[48;2;193;180;166m▀[0m[38;2;181;173;159m[48;2;193;184;165m▀[0m[38;2;183;173;158m[48;2;194;183;168m▀[0m[38;2;185;177;160m[48;2;196;186;171m▀[0m[38;2;191;180;167m[48;2;195;185;165m▀[0m[38;2;192;177;162m[48;2;195;185;168m▀[0m[38;2;191;180;161m[48;2;197;190;173m▀[0m[38;2;196;191;174m[48;2;202;191;172m▀[0m[38;2;228;217;196m[48;2;203;194;177m▀[0m[38;2;247;247;224m[48;2;235;221;200m▀[0m[38;2;86;93;96m[48;2;247;237;218m▀[0m[38;2;0;0;0m[48;2;0;0;0m▀[0m[38;2;0;0;0m[48;2;43;68;98m▀[0m[38;2;0;0;0m[48;2;79;77;74m▀[0m[38;2;47;46;44m[48;2;53;50;50m▀[0m[38;2;124;124;121m[48;2;73;72;69m▀[0m[38;2;122;122;120m[48;2;53;53;48m▀[0m[38;2;0;0;0m[48;2;0;0;0m▀[0m[38;2;31;33;33m[48;2;60;62;63m▀[0m[38;2;41;48;49m[48;2;44;46;47m▀[0m[38;2;0;0;0m[48;2;0;0;0m▀[0m[38;2;110;113;112m[48;2;247;247;236m▀[0m[38;2;247;247;237m[48;2;228;217;197m▀[0m[38;2;200;186;171m[48;2;212;204;193m▀[0m[38;2;200;193;184m[48;2;207;201;189m▀[0m[38;2;200;195;185m[48;2;210;199;187m▀[0m[38;2;214;203;192m[48;2;220;208;192m▀[0m[38;2;206;195;177m[48;2;212;204;186m▀[0m[38;2;130;134;137m[48;2;142;145;150m▀[0m[38;2;194;189;175m[48;2;195;190;173m▀[0m[38;2;229;218;202m[48;2;236;224;206m▀[0m[38;2;217;206;190m[48;2;220;215;198m▀[0m[38;2;213;205;191m[48;2;223;218;204m▀[0m[38;2;215;205;194m[48;2;226;218;201m▀[0m[38;2;216;208;195m[48;2;226;219;201m▀[0m[38;2;221;210;195m[48;2;225;219;206m▀[0m[38;2;225;217;202m[48;2;231;224;213m▀[0m[38;2;239;231;223m[48;2;247;237;225m▀[0m[38;2;247;247;247m[48;2;247;247;247m▀[0m[38;2;24;24;22m[48;2;36;38;36m▀[0m[38;2;0;0;0m[48;2;0;0;0m▀[0m[38;2;0;2;4m[48;2;0;0;0m▀[0m[38;2;6;9;9m[48;2;9;9;16m▀[0m[38;2;0;0;0m[48;2;0;0;0m▀[0m[38;2;69;67;64m[48;2;62;60;55m▀[0m[38;2;247;247;247m[48;2;247;247;247m▀[0m[38;2;241;235;222m[48;2;245;238;227m▀[0m[38;2;233;228;215m[48;2;243;233;225m▀[0m[38;2;240;230;218m[48;2;247;246;232m▀[0m[38;2;247;247;247m[48;2;247;247;247m▀[0m[38;2;127;121;117m[48;2;23;23;21m▀[0m[38;2;0;0;0m[48;2;0;0;0m▀[0m[38;2;0;0;0m[48;2;9;9;9m▀[0m[38;2;0;0;0m[48;2;25;25;25m▀[0m[38;2;47;47;49m[48;2;76;79;81m▀[0m[38;2;163;163;163m[48;2;140;140;140m▀[0m[38;2;0;0;0m[48;2;0;0;0m▀[0m[38;2;66;66;68m[48;2;133;135;135m▀[0m[38;2;95;95;97m[48;2;111;114;114m▀[0m[38;2;0;0;0m[48;2;0;0;0m▀[0m[38;2;0;0;0m[48;2;0;0;0m▀[0m
[38;2;187;177;161m[48;2;80;79;73m▀[0m[38;2;188;178;167m[48;2;85;83;78m▀[0m[38;2;186;176;167m[48;2;90;86;79m▀[0m[38;2;186;174;164m[48;2;93;89;83m▀[0m[38;2;188;175;160m[48;2;91;89;78m▀[0m[38;2;188;175;163m[48;2;99;91;84m▀[0m[38;2;183;175;166m[48;2;101;95;88m▀[0m[38;2;182;174;163m[48;2;98;95;91m▀[0m[38;2;181;175;162m[48;2;103;99;90m▀[0m[38;2;184;173;161m[48;2;107;100;93m▀[0m[38;2;183;173;162m[48;2;108;100;94m▀[0m[38;2;186;175;163m[48;2;112;105;95m▀[0m[38;2;185;174;162m[48;2;111;109;98m▀[0m[38;2;182;176;162m[48;2;113;106;97m▀[0m[38;2;185;179;162m[48;2;115;107;97m▀[0m[38;2;187;179;161m[48;2;115;108;100m▀[0m[38;2;188;180;165m[48;2;118;112;104m▀[0m[38;2;189;181;168m[48;2;123;115;104m▀[0m[38;2;191;180;167m[48;2;124;116;104m▀[0m[38;2;189;181;166m[48;2;124;117;108m▀[0m[38;2;190;182;171m[48;2;121;115;107m▀[0m[38;2;191;183;165m[48;2;122;116;108m▀[0m[38;2;191;181;165m[48;2;127;119;111m▀[0m[38;2;195;186;174m[48;2;131;124;116m▀[0m[38;2;216;211;194m[48;2;141;133;129m▀[0m[38;2;247;232;213m[48;2;193;182;171m▀[0m[38;2;0;0;0m[48;2;22;4;0m▀[0m[38;2;0;30;87m[48;2;0;39;86m▀[0m[38;2;0;0;0m[48;2;0;0;0m▀[0m[38;2;0;0;0m[48;2;0;0;0m▀[0m[38;2;0;0;0m[48;2;0;0;0m▀[0m[38;2;22;19;19m[48;2;0;0;0m▀[0m[38;2;0;0;0m[48;2;0;0;0m▀[0m[38;2;0;0;0m[48;2;0;0;0m▀[0m[38;2;23;23;25m[48;2;0;0;0m▀[0m[38;2;62;68;69m[48;2;216;205;190m▀[0m[38;2;189;187;174m[48;2;154;142;131m▀[0m[38;2;236;235;222m[48;2;141;133;125m▀[0m[38;2;214;210;197m[48;2;129;124;111m▀[0m[38;2;216;206;194m[48;2;127;120;111m▀[0m[38;2;222;209;195m[48;2;130;121;113m▀[0m[38;2;229;220;203m[48;2;136;129;121m▀[0m[38;2;226;219;202m[48;2;122;111;105m▀[0m[38;2;158;161;164m[48;2;149;155;159m▀[0m[38;2;199;194;182m[48;2;120;112;105m▀[0m[38;2;246;238;224m[48;2;139;131;121m▀[0m[38;2;233;227;215m[48;2;134;126;120m▀[0m[38;2;236;232;219m[48;2;136;129;121m▀[0m[38;2;237;231;219m[48;2;134;128;124m▀[0m[38;2;237;231;225m[48;2;132;127;120m▀[0m[38;2;240;235;225m[48;2;134;128;121m▀[0m[38;2;245;237;229m[48;2;139;130;124m▀[0m[38;2;247;247;244m[48;2;150;143;132m▀[0m[38;2;247;247;247m[48;2;209;197;187m▀[0m[38;2;59;61;59m[48;2;26;26;24m▀[0m[38;2;0;0;0m[48;2;0;0;0m▀[0m[38;2;0;0;0m[48;2;0;0;0m▀[0m[38;2;16;16;20m[48;2;19;19;23m▀[0m[38;2;0;0;0m[48;2;0;0;0m▀[0m[38;2;62;61;56m[48;2;17;17;18m▀[0m[38;2;247;247;247m[48;2;206;195;183m▀[0m[38;2;247;247;245m[48;2;156;148;140m▀[0m[38;2;247;247;239m[48;2;150;142;138m▀[0m[38;2;247;247;247m[48;2;191;180;170m▀[0m[38;2;247;247;247m[48;2;129;124;116m▀[0m[38;2;0;0;0m[48;2;0;0;0m▀[0m[38;2;0;0;0m[48;2;29;31;32m▀[0m[38;2;83;83;84m[48;2;34;34;34m▀[0m[38;2;0;0;0m[48;2;0;0;0m▀[0m[38;2;133;136;138m[48;2;201;201;201m▀[0m[38;2;104;104;104m[48;2;56;55;55m▀[0m[38;2;0;0;0m[48;2;0;0;0m▀[0m[38;2;231;231;229m[48;2;247;247;247m▀[0m[38;2;110;113;113m[48;2;139;142;142m▀[0m[38;2;0;0;0m[48;2;0;0;0m▀[0m[38;2;0;0;0m[48;2;0;0;0m▀[0m
[38;2;109;105;98m[48;2;124;118;111m▀[0m[38;2;120;115;104m[48;2;130;124;113m▀[0m[38;2;127;123;113m[48;2;131;127;114m▀[0m[38;2;129;126;113m[48;2;136;129;114m▀[0m[38;2;133;128;113m[48;2;141;134;124m▀[0m[38;2;142;134;124m[48;2;142;138;128m▀[0m[38;2;145;138;128m[48;2;146;140;128m▀[0m[38;2;148;143;129m[48;2;155;143;123m▀[0m[38;2;152;146;129m[48;2;153;148;131m▀[0m[38;2;158;147;132m[48;2;153;150;135m▀[0m[38;2;156;151;136m[48;2;155;150;137m▀[0m[38;2;157;155;144m[48;2;159;151;138m▀[0m[38;2;162;157;139m[48;2;162;155;138m▀[0m[38;2;169;158;138m[48;2;161;158;143m▀[0m[38;2;167;163;147m[48;2;164;158;149m▀[0m[38;2;174;166;154m[48;2;168;159;146m▀[0m[38;2;175;164;150m[48;2;173;161;146m▀[0m[38;2;176;163;146m[48;2;171;161;149m▀[0m[38;2;177;166;151m[48;2;170;162;151m▀[0m[38;2;174;168;156m[48;2;174;164;153m▀[0m[38;2;177;169;158m[48;2;179;167;154m▀[0m[38;2;181;175;158m[48;2;181;172;154m▀[0m[38;2;187;174;159m[48;2;178;170;158m▀[0m[38;2;188;180;162m[48;2;181;176;165m▀[0m[38;2;191;185;168m[48;2;189;183;166m▀[0m[38;2;247;240;220m[48;2;232;220;205m▀[0m[38;2;108;81;63m[48;2;186;155;129m▀[0m[38;2;0;0;46m[48;2;0;0;6m▀[0m[38;2;0;1;10m[48;2;0;27;59m▀[0m[38;2;0;0;0m[48;2;0;0;0m▀[0m[38;2;0;0;0m[48;2;0;0;0m▀[0m[38;2;0;0;0m[48;2;4;1;1m▀[0m[38;2;0;0;0m[48;2;0;0;0m▀[0m[38;2;7;7;12m[48;2;91;94;99m▀[0m[38;2;25;27;25m[48;2;103;106;107m▀[0m[38;2;216;194;176m[48;2;184;165;149m▀[0m[38;2;212;192;171m[48;2;212;195;178m▀[0m[38;2;191;173;158m[48;2;187;174;159m▀[0m[38;2;184;168;151m[48;2;183;168;153m▀[0m[38;2;179;166;152m[48;2;182;167;149m▀[0m[38;2;183;165;152m[48;2;184;170;150m▀[0m[38;2;191;172;156m[48;2;196;178;161m▀[0m[38;2;156;143;128m[48;2;152;140;125m▀[0m[38;2;174;182;184m[48;2;186;194;197m▀[0m[38;2;167;152;136m[48;2;167;157;144m▀[0m[38;2;184;165;149m[48;2;187;170;151m▀[0m[38;2;181;161;145m[48;2;182;166;152m▀[0m[38;2;177;161;143m[48;2;184;168;151m▀[0m[38;2;180;161;144m[48;2;185;169;154m▀[0m[38;2;180;161;144m[48;2;182;169;156m▀[0m[38;2;177;161;142m[48;2;185;167;154m▀[0m[38;2;180;164;145m[48;2;188;170;155m▀[0m[38;2;192;170;150m[48;2;197;180;166m▀[0m[38;2;247;225;200m[48;2;247;239;217m▀[0m[38;2;44;42;36m[48;2;63;63;57m▀[0m[38;2;0;0;0m[48;2;0;0;0m▀[0m[38;2;0;0;0m[48;2;0;0;0m▀[0m[38;2;23;23;24m[48;2;27;27;31m▀[0m[38;2;0;0;0m[48;2;0;0;0m▀[0m[38;2;25;21;20m[48;2;29;28;26m▀[0m[38;2;245;223;203m[48;2;247;236;216m▀[0m[38;2;196;182;162m[48;2;217;200;182m▀[0m[38;2;203;182;167m[48;2;239;223;204m▀[0m[38;2;247;247;236m[48;2;104;98;92m▀[0m[38;2;77;75;65m[48;2;0;0;0m▀[0m[38;2;0;0;0m[48;2;0;0;0m▀[0m[38;2;54;56;56m[48;2;0;0;0m▀[0m[38;2;0;0;0m[48;2;0;0;0m▀[0m[38;2;0;0;0m[48;2;0;0;0m▀[0m[38;2;246;246;246m[48;2;247;247;247m▀[0m[38;2;0;0;0m[48;2;106;109;111m▀[0m[38;2;25;24;24m[48;2;124;126;128m▀[0m[38;2;247;247;247m[48;2;0;0;0m▀[0m[38;2;54;58;58m[48;2;0;0;0m▀[0m[38;2;0;0;0m[48;2;0;0;0m▀[0m[38;2;0;0;0m[48;2;0;0;0m▀[0m
[38;2;129;125;114m[48;2;129;124;114m▀[0m[38;2;132;128;115m[48;2;136;131;119m▀[0m[38;2;137;129;118m[48;2;141;136;124m▀[0m[38;2;139;134;125m[48;2;143;138;126m▀[0m[38;2;143;139;127m[48;2;147;141;127m▀[0m[38;2;150;140;126m[48;2;153;145;129m▀[0m[38;2;156;144;128m[48;2;155;150;135m▀[0m[38;2;153;148;131m[48;2;155;151;142m▀[0m[38;2;153;151;140m[48;2;158;153;139m▀[0m[38;2;157;152;138m[48;2;165;154;138m▀[0m[38;2;161;154;136m[48;2;162;158;141m▀[0m[38;2;162;157;139m[48;2;162;159;145m▀[0m[38;2;162;159;145m[48;2;166;159;144m▀[0m[38;2;164;159;145m[48;2;169;160;147m▀[0m[38;2;169;159;146m[48;2;171;161;149m▀[0m[38;2;171;161;147m[48;2;171;165;151m▀[0m[38;2;171;163;151m[48;2;174;164;152m▀[0m[38;2;171;163;151m[48;2;176;166;154m▀[0m[38;2;175;165;153m[48;2;178;168;156m▀[0m[38;2;178;168;156m[48;2;179;169;157m▀[0m[38;2;178;170;156m[48;2;178;173;159m▀[0m[38;2;179;175;161m[48;2;183;175;162m▀[0m[38;2;180;172;163m[48;2;191;181;165m▀[0m[38;2;182;172;161m[48;2;194;187;174m▀[0m[38;2;190;182;165m[48;2;194;186;171m▀[0m[38;2;212;200;186m[48;2;215;202;188m▀[0m[38;2;242;220;195m[48;2;247;247;241m▀[0m[38;2;0;0;0m[48;2;77;42;23m▀[0m[38;2;0;51;112m[48;2;0;47;120m▀[0m[38;2;0;0;0m[48;2;0;7;15m▀[0m[38;2;0;0;0m[48;2;0;0;0m▀[0m[38;2;2;0;0m[48;2;0;0;0m▀[0m[38;2;0;0;0m[48;2;0;0;0m▀[0m[38;2;77;80;84m[48;2;61;63;66m▀[0m[38;2;81;87;84m[48;2;69;71;75m▀[0m[38;2;180;161;144m[48;2;208;188;166m▀[0m[38;2;213;196;177m[48;2;247;227;207m▀[0m[38;2;188;172;158m[48;2;234;216;198m▀[0m[38;2;199;182;166m[48;2;192;181;162m▀[0m[38;2;213;195;180m[48;2;122;117;106m▀[0m[38;2;203;187;167m[48;2;163;152;138m▀[0m[38;2;202;184;167m[48;2;247;226;202m▀[0m[38;2;134;123;109m[48;2;144;131;114m▀[0m[38;2;202;211;218m[48;2;247;247;247m▀[0m[38;2;152;145;134m[48;2;155;153;148m▀[0m[38;2;189;170;148m[48;2;218;195;175m▀[0m[38;2;186;170;153m[48;2;240;219;202m▀[0m[38;2;190;175;160m[48;2;242;226;204m▀[0m[38;2;194;177;161m[48;2;239;223;201m▀[0m[38;2;213;196;179m[48;2;161;151;136m▀[0m[38;2;225;203;187m[48;2;132;121;115m▀[0m[38;2;232;211;195m[48;2;109;103;96m▀[0m[38;2;243;223;205m[48;2;97;93;86m▀[0m[38;2;247;247;247m[48;2;79;75;69m▀[0m[38;2;99;96;87m[48;2;0;0;0m▀[0m[38;2;0;0;0m[48;2;0;0;0m▀[0m[38;2;0;0;0m[48;2;0;0;0m▀[0m[38;2;32;32;34m[48;2;40;40;42m▀[0m[38;2;0;0;0m[48;2;0;0;0m▀[0m[38;2;36;35;33m[48;2;25;23;27m▀[0m[38;2;247;247;247m[48;2;115;108;101m▀[0m[38;2;247;247;247m[48;2;88;81;76m▀[0m[38;2;183;173;159m[48;2;0;0;0m▀[0m[38;2;0;0;0m[48;2;0;0;0m▀[0m[38;2;0;0;0m[48;2;0;0;0m▀[0m[38;2;0;0;0m[48;2;0;0;0m▀[0m[38;2;0;0;0m[48;2;0;0;0m▀[0m[38;2;0;0;0m[48;2;29;28;28m▀[0m[38;2;108;110;110m[48;2;247;247;247m▀[0m[38;2;247;247;247m[48;2;0;0;0m▀[0m[38;2;32;35;35m[48;2;0;0;0m▀[0m[38;2;0;0;0m[48;2;147;147;148m▀[0m[38;2;0;0;0m[48;2;245;247;247m▀[0m[38;2;5;8;9m[48;2;247;247;247m▀[0m[38;2;0;0;0m[48;2;19;19;19m▀[0m[38;2;0;0;0m[48;2;0;0;0m▀[0m
[38;2;134;129;117m[48;2;136;136;126m▀[0m[38;2;138;136;124m[48;2;145;139;126m▀[0m[38;2;144;138;125m[48;2;150;141;123m▀[0m[38;2;148;140;120m[48;2;151;145;130m▀[0m[38;2;151;145;130m[48;2;153;149;139m▀[0m[38;2;153;149;139m[48;2;157;152;138m▀[0m[38;2;156;152;142m[48;2;161;153;138m▀[0m[38;2;160;152;139m[48;2;166;159;138m▀[0m[38;2;163;155;134m[48;2;163;161;143m▀[0m[38;2;163;158;141m[48;2;164;157;144m▀[0m[38;2;163;159;145m[48;2;165;160;145m▀[0m[38;2;167;158;145m[48;2;170;162;150m▀[0m[38;2;168;161;148m[48;2;176;165;154m▀[0m[38;2;169;163;151m[48;2;177;169;158m▀[0m[38;2;171;163;152m[48;2;180;169;155m▀[0m[38;2;174;164;153m[48;2;179;173;159m▀[0m[38;2;175;167;155m[48;2;181;175;162m▀[0m[38;2;178;173;160m[48;2;188;180;165m▀[0m[38;2;183;175;159m[48;2;201;192;179m▀[0m[38;2;186;176;161m[48;2;216;208;192m▀[0m[38;2;186;178;161m[48;2;233;221;206m▀[0m[38;2;194;183;169m[48;2;247;245;229m▀[0m[38;2;172;163;157m[48;2;224;216;201m▀[0m[38;2;157;153;140m[48;2;200;194;177m▀[0m[38;2;192;186;173m[48;2;247;246;222m▀[0m[38;2;174;166;155m[48;2;232;224;205m▀[0m[38;2;247;247;244m[48;2;247;247;247m▀[0m[38;2;186;146;123m[48;2;81;64;53m▀[0m[38;2;0;5;50m[48;2;0;0;0m▀[0m[38;2;0;83;152m[48;2;35;149;214m▀[0m[38;2;0;0;0m[48;2;0;0;0m▀[0m[38;2;0;0;0m[48;2;0;0;0m▀[0m[38;2;0;0;0m[48;2;51;48;48m▀[0m[38;2;53;53;54m[48;2;78;80;80m▀[0m[38;2;64;66;68m[48;2;49;51;52m▀[0m[38;2;144;132;117m[48;2;0;0;0m▀[0m[38;2;185;172;159m[48;2;0;0;0m▀[0m[38;2;172;161;146m[48;2;0;0;0m▀[0m[38;2;147;137;126m[48;2;0;0;0m▀[0m[38;2;93;89;79m[48;2;0;0;0m▀[0m[38;2;87;79;72m[48;2;0;0;0m▀[0m[38;2;93;82;67m[48;2;0;0;0m▀[0m[38;2;66;60;52m[48;2;94;97;97m▀[0m[38;2;247;247;247m[48;2;247;247;247m▀[0m[38;2;172;170;174m[48;2;247;247;247m▀[0m[38;2;0;0;0m[48;2;25;27;32m▀[0m[38;2;56;52;45m[48;2;0;0;0m▀[0m[38;2;61;59;49m[48;2;0;0;0m▀[0m[38;2;59;57;50m[48;2;0;0;0m▀[0m[38;2;20;23;17m[48;2;0;0;0m▀[0m[38;2;0;0;0m[48;2;86;86;90m▀[0m[38;2;0;0;0m[48;2;145;143;147m▀[0m[38;2;0;0;0m[48;2;141;139;142m▀[0m[38;2;31;36;33m[48;2;0;0;0m▀[0m[38;2;0;0;0m[48;2;0;0;0m▀[0m[38;2;0;0;0m[48;2;0;0;0m▀[0m[38;2;0;0;0m[48;2;0;0;0m▀[0m[38;2;51;49;52m[48;2;57;55;58m▀[0m[38;2;0;0;0m[48;2;0;0;0m▀[0m[38;2;21;24;29m[48;2;34;37;41m▀[0m[38;2;0;0;0m[48;2;14;14;15m▀[0m[38;2;0;0;0m[48;2;0;0;0m▀[0m[38;2;0;0;0m[48;2;38;40;41m▀[0m[38;2;0;0;0m[48;2;126;126;126m▀[0m[38;2;30;32;32m[48;2;129;129;129m▀[0m[38;2;129;129;129m[48;2;45;48;45m▀[0m[38;2;194;194;194m[48;2;84;87;87m▀[0m[38;2;175;174;174m[48;2;247;247;247m▀[0m[38;2;34;33;33m[48;2;181;183;183m▀[0m[38;2;157;157;159m[48;2;103;105;103m▀[0m[38;2;214;214;216m[48;2;0;0;0m▀[0m[38;2;119;118;118m[48;2;0;0;0m▀[0m[38;2;0;0;0m[48;2;0;0;0m▀[0m[38;2;149;149;147m[48;2;0;0;0m▀[0m[38;2;247;247;247m[48;2;56;58;58m▀[0m[38;2;0;0;0m[48;2;148;146;152m▀[0m
[38;2;143;139;126m[48;2;151;139;120m▀[0m[38;2;151;140;122m[48;2;151;146;131m▀[0m[38;2;150;146;131m[48;2;153;149;142m▀[0m[38;2;151;149;139m[48;2;160;149;139m▀[0m[38;2;156;150;137m[48;2;186;170;152m▀[0m[38;2;166;151;136m[48;2;188;184;164m▀[0m[38;2;166;161;142m[48;2;184;178;163m▀[0m[38;2;163;161;143m[48;2;203;194;178m▀[0m[38;2;167;160;145m[48;2;211;201;186m▀[0m[38;2;171;161;147m[48;2;217;205;192m▀[0m[38;2;175;165;154m[48;2;224;211;197m▀[0m[38;2;177;167;156m[48;2;228;217;202m▀[0m[38;2;182;172;161m[48;2;230;220;204m▀[0m[38;2;194;186;169m[48;2;233;223;210m▀[0m[38;2;208;199;181m[48;2;198;191;174m▀[0m[38;2;223;215;194m[48;2;134;130;122m▀[0m[38;2;235;222;203m[48;2;116;110;105m▀[0m[38;2;247;243;224m[48;2;107;101;97m▀[0m[38;2;214;209;196m[48;2;81;79;77m▀[0m[38;2;164;160;149m[48;2;61;60;58m▀[0m[38;2;131;128;119m[48;2;0;3;4m▀[0m[38;2;99;98;90m[48;2;0;0;1m▀[0m[38;2;113;106;97m[48;2;22;24;26m▀[0m[38;2;131;125;116m[48;2;0;0;0m▀[0m[38;2;129;125;112m[48;2;0;0;0m▀[0m[38;2;150;146;135m[48;2;0;0;0m▀[0m[38;2;117;113;106m[48;2;0;0;0m▀[0m[38;2;0;0;0m[48;2;0;0;0m▀[0m[38;2;41;39;34m[48;2;51;48;52m▀[0m[38;2;247;245;235m[48;2;0;0;0m▀[0m[38;2;66;63;60m[48;2;0;0;0m▀[0m[38;2;0;0;0m[48;2;0;0;0m▀[0m[38;2;189;189;187m[48;2;46;46;46m▀[0m[38;2;149;149;147m[48;2;84;84;84m▀[0m[38;2;43;45;45m[48;2;96;96;94m▀[0m[38;2;0;0;0m[48;2;0;0;0m▀[0m[38;2;41;47;48m[48;2;0;0;0m▀[0m[38;2;194;195;197m[48;2;35;35;33m▀[0m[38;2;196;200;204m[48;2;44;44;44m▀[0m[38;2;247;247;247m[48;2;225;227;227m▀[0m[38;2;247;247;247m[48;2;247;247;247m▀[0m[38;2;247;247;247m[48;2;247;247;247m▀[0m[38;2;247;247;247m[48;2;247;247;247m▀[0m[38;2;247;247;247m[48;2;247;247;247m▀[0m[38;2;247;247;247m[48;2;247;247;247m▀[0m[38;2;247;247;247m[48;2;247;247;247m▀[0m[38;2;247;247;247m[48;2;247;247;247m▀[0m[38;2;247;247;247m[48;2;247;247;247m▀[0m[38;2;247;247;247m[48;2;224;224;224m▀[0m[38;2;239;239;240m[48;2;54;54;54m▀[0m[38;2;214;214;212m[48;2;0;0;0m▀[0m[38;2;161;161;159m[48;2;0;0;0m▀[0m[38;2;138;138;135m[48;2;0;0;0m▀[0m[38;2;6;6;10m[48;2;0;0;0m▀[0m[38;2;0;0;0m[48;2;0;0;0m▀[0m[38;2;0;0;0m[48;2;0;0;0m▀[0m[38;2;0;0;0m[48;2;0;0;0m▀[0m[38;2;59;57;60m[48;2;53;52;52m▀[0m[38;2;0;0;0m[48;2;0;0;0m▀[0m[38;2;36;38;42m[48;2;17;17;18m▀[0m[38;2;8;8;10m[48;2;14;16;16m▀[0m[38;2;11;11;9m[48;2;0;0;0m▀[0m[38;2;0;0;0m[48;2;0;0;0m▀[0m[38;2;0;0;0m[48;2;49;51;51m▀[0m[38;2;0;0;0m[48;2;200;200;200m▀[0m[38;2;50;50;50m[48;2;210;210;210m▀[0m[38;2;231;234;234m[48;2;0;0;0m▀[0m[38;2;62;63;60m[48;2;0;0;0m▀[0m[38;2;33;32;32m[48;2;0;0;0m▀[0m[38;2;73;76;73m[48;2;0;0;0m▀[0m[38;2;16;16;16m[48;2;0;0;0m▀[0m[38;2;0;0;0m[48;2;0;0;0m▀[0m[38;2;0;0;0m[48;2;0;0;0m▀[0m[38;2;0;0;0m[48;2;0;0;0m▀[0m[38;2;0;0;0m[48;2;0;0;0m▀[0m[38;2;0;0;0m[48;2;0;0;0m▀[0m
[38;2;149;146;132m[48;2;151;149;138m▀[0m[38;2;153;149;138m[48;2;158;150;137m▀[0m[38;2;158;150;137m[48;2;164;154;137m▀[0m[38;2;175;163;148m[48;2;166;165;155m▀[0m[38;2;105;104;94m[48;2;138;129;118m▀[0m[38;2;91;89;82m[48;2;126;117;110m▀[0m[38;2;134;128;117m[48;2;160;149;142m▀[0m[38;2;47;50;46m[48;2;114;109;98m▀[0m[38;2;41;43;43m[48;2;105;101;95m▀[0m[38;2;44;45;41m[48;2;101;96;91m▀[0m[38;2;21;21;16m[48;2;83;82;73m▀[0m[38;2;0;0;0m[48;2;81;76;66m▀[0m[38;2;0;0;0m[48;2;96;94;87m▀[0m[38;2;0;0;0m[48;2;93;92;93m▀[0m[38;2;0;0;0m[48;2;80;80;78m▀[0m[38;2;0;0;0m[48;2;97;97;92m▀[0m[38;2;0;0;0m[48;2;102;100;95m▀[0m[38;2;0;0;0m[48;2;94;94;91m▀[0m[38;2;0;0;0m[48;2;86;82;82m▀[0m[38;2;0;0;0m[48;2;0;0;0m▀[0m[38;2;0;0;0m[48;2;0;0;0m▀[0m[38;2;0;0;0m[48;2;0;0;0m▀[0m[38;2;0;0;1m[48;2;0;0;0m▀[0m[38;2;0;0;0m[48;2;0;0;0m▀[0m[38;2;0;0;0m[48;2;0;0;0m▀[0m[38;2;0;0;0m[48;2;0;0;0m▀[0m[38;2;0;1;1m[48;2;0;0;0m▀[0m[38;2;127;125;122m[48;2;0;0;0m▀[0m[38;2;0;0;0m[48;2;68;70;72m▀[0m[38;2;27;26;26m[48;2;140;146;146m▀[0m[38;2;38;40;38m[48;2;217;219;220m▀[0m[38;2;21;22;19m[48;2;247;247;247m▀[0m[38;2;0;0;0m[48;2;247;247;247m▀[0m[38;2;247;247;247m[48;2;247;247;247m▀[0m[38;2;247;247;247m[48;2;247;247;247m▀[0m[38;2;32;32;32m[48;2;247;247;247m▀[0m[38;2;49;49;51m[48;2;247;247;247m▀[0m[38;2;0;0;0m[48;2;247;247;247m▀[0m[38;2;0;0;0m[48;2;142;142;144m▀[0m[38;2;9;9;9m[48;2;0;0;0m▀[0m[38;2;68;70;70m[48;2;0;0;0m▀[0m[38;2;0;0;0m[48;2;0;0;0m▀[0m[38;2;0;0;0m[48;2;0;0;0m▀[0m[38;2;0;0;0m[48;2;0;0;0m▀[0m[38;2;0;0;0m[48;2;0;0;0m▀[0m[38;2;247;247;247m[48;2;0;0;0m▀[0m[38;2;158;158;158m[48;2;13;12;12m▀[0m[38;2;44;44;44m[48;2;27;30;30m▀[0m[38;2;0;0;0m[48;2;94;97;94m▀[0m[38;2;0;0;0m[48;2;0;0;0m▀[0m[38;2;0;0;0m[48;2;0;0;0m▀[0m[38;2;28;28;30m[48;2;0;0;0m▀[0m[38;2;62;62;65m[48;2;2;2;6m▀[0m[38;2;0;0;0m[48;2;0;0;0m▀[0m[38;2;0;0;0m[48;2;0;0;0m▀[0m[38;2;0;0;0m[48;2;0;0;0m▀[0m[38;2;0;0;0m[48;2;0;0;0m▀[0m[38;2;79;77;80m[48;2;9;9;10m▀[0m[38;2;68;71;71m[48;2;40;43;40m▀[0m[38;2;64;66;68m[48;2;22;25;25m▀[0m[38;2;6;4;7m[48;2;0;0;0m▀[0m[38;2;0;0;0m[48;2;0;0;0m▀[0m[38;2;29;31;31m[48;2;0;0;0m▀[0m[38;2;218;221;221m[48;2;0;0;0m▀[0m[38;2;247;247;247m[48;2;0;0;0m▀[0m[38;2;143;143;143m[48;2;15;15;15m▀[0m[38;2;41;41;41m[48;2;74;74;74m▀[0m[38;2;4;3;4m[48;2;119;122;119m▀[0m[38;2;0;0;0m[48;2;173;173;173m▀[0m[38;2;0;0;0m[48;2;169;172;169m▀[0m[38;2;0;0;0m[48;2;89;89;89m▀[0m[38;2;0;0;0m[48;2;0;0;0m▀[0m[38;2;0;0;0m[48;2;0;0;0m▀[0m[38;2;0;0;0m[48;2;181;181;181m▀[0m[38;2;0;0;0m[48;2;247;247;247m▀[0m[38;2;123;123;123m[48;2;165;165;165m▀[0m
[38;2;159;151;136m[48;2;164;156;133m▀[0m[38;2;163;154;138m[48;2;163;159;144m▀[0m[38;2;161;159;148m[48;2;166;161;146m▀[0m[38;2;167;161;144m[48;2;168;161;148m▀[0m[38;2;185;172;157m[48;2;168;162;150m▀[0m[38;2;189;184;169m[48;2;172;162;150m▀[0m[38;2;191;180;167m[48;2;175;163;150m▀[0m[38;2;206;194;179m[48;2;175;169;155m▀[0m[38;2;212;204;188m[48;2;177;172;158m▀[0m[38;2;216;206;192m[48;2;189;181;168m▀[0m[38;2;227;214;195m[48;2;192;181;164m▀[0m[38;2;230;219;199m[48;2;183;177;162m▀[0m[38;2;235;229;213m[48;2;186;184;171m▀[0m[38;2;204;199;189m[48;2;204;194;179m▀[0m[38;2;168;162;149m[48;2;228;218;199m▀[0m[38;2;187;176;163m[48;2;234;223;209m▀[0m[38;2;186;178;166m[48;2;234;226;209m▀[0m[38;2;187;181;166m[48;2;235;222;203m▀[0m[38;2;174;167;159m[48;2;233;226;209m▀[0m[38;2;67;66;62m[48;2;156;149;144m▀[0m[38;2;0;0;0m[48;2;0;0;0m▀[0m[38;2;0;0;0m[48;2;0;0;0m▀[0m[38;2;0;0;0m[48;2;0;0;0m▀[0m[38;2;0;0;0m[48;2;0;0;0m▀[0m[38;2;0;0;0m[48;2;0;0;0m▀[0m[38;2;0;0;0m[48;2;0;0;0m▀[0m[38;2;0;0;0m[48;2;0;0;0m▀[0m[38;2;0;0;0m[48;2;0;0;0m▀[0m[38;2;0;3;3m[48;2;0;0;0m▀[0m[38;2;0;0;0m[48;2;0;0;0m▀[0m[38;2;6;6;6m[48;2;0;0;0m▀[0m[38;2;56;56;58m[48;2;0;0;0m▀[0m[38;2;247;247;247m[48;2;28;28;34m▀[0m[38;2;247;247;247m[48;2;54;53;53m▀[0m[38;2;247;247;247m[48;2;0;0;0m▀[0m[38;2;10;12;10m[48;2;0;0;0m▀[0m[38;2;0;0;0m[48;2;0;0;0m▀[0m[38;2;0;0;0m[48;2;0;0;0m▀[0m[38;2;0;0;0m[48;2;0;0;0m▀[0m[38;2;2;2;2m[48;2;0;0;0m▀[0m[38;2;0;0;0m[48;2;0;0;0m▀[0m[38;2;96;98;98m[48;2;20;20;20m▀[0m[38;2;0;0;0m[48;2;0;0;0m▀[0m[38;2;0;0;0m[48;2;0;0;0m▀[0m[38;2;0;0;0m[48;2;0;0;0m▀[0m[38;2;0;0;0m[48;2;0;0;0m▀[0m[38;2;0;0;0m[48;2;0;0;0m▀[0m[38;2;0;0;0m[48;2;0;0;0m▀[0m[38;2;0;0;0m[48;2;0;0;0m▀[0m[38;2;0;0;0m[48;2;0;0;0m▀[0m[38;2;0;0;0m[48;2;0;0;0m▀[0m[38;2;0;0;0m[48;2;0;0;0m▀[0m[38;2;0;0;0m[48;2;0;0;0m▀[0m[38;2;0;0;0m[48;2;0;0;0m▀[0m[38;2;0;0;0m[48;2;0;0;0m▀[0m[38;2;0;0;0m[48;2;0;0;0m▀[0m[38;2;0;0;0m[48;2;0;0;0m▀[0m[38;2;0;0;0m[48;2;0;0;0m▀[0m[38;2;0;0;0m[48;2;0;0;0m▀[0m[38;2;0;0;0m[48;2;0;0;0m▀[0m[38;2;0;0;0m[48;2;0;0;0m▀[0m[38;2;0;0;0m[48;2;0;0;0m▀[0m[38;2;0;0;0m[48;2;0;0;0m▀[0m[38;2;0;0;0m[48;2;0;0;0m▀[0m[38;2;0;0;0m[48;2;0;0;0m▀[0m[38;2;0;0;0m[48;2;0;0;0m▀[0m[38;2;0;0;0m[48;2;0;0;0m▀[0m[38;2;0;0;0m[48;2;39;36;36m▀[0m[38;2;0;0;0m[48;2;98;98;98m▀[0m[38;2;28;28;28m[48;2;121;121;118m▀[0m[38;2;200;202;203m[48;2;121;123;124m▀[0m[38;2;247;247;247m[48;2;120;122;122m▀[0m[38;2;247;247;247m[48;2;0;0;0m▀[0m[38;2;134;137;137m[48;2;0;0;0m▀[0m[38;2;0;0;0m[48;2;0;0;0m▀[0m[38;2;0;0;0m[48;2;0;0;0m▀[0m
[38;2;164;159;145m[48;2;166;159;146m▀[0m[38;2;166;161;147m[48;2;168;162;149m▀[0m[38;2;168;162;149m[48;2;170;164;151m▀[0m[38;2;170;162;151m[48;2;172;164;150m▀[0m[38;2;174;164;152m[48;2;175;165;153m▀[0m[38;2;175;165;153m[48;2;175;167;156m▀[0m[38;2;175;167;155m[48;2;176;171;157m▀[0m[38;2;176;172;155m[48;2;177;169;157m▀[0m[38;2;188;177;162m[48;2;199;187;171m▀[0m[38;2;161;152;143m[48;2;93;91;81m▀[0m[38;2;167;160;148m[48;2;121;115;107m▀[0m[38;2;190;185;171m[48;2;201;191;175m▀[0m[38;2;190;177;163m[48;2;183;175;161m▀[0m[38;2;193;187;170m[48;2;189;183;166m▀[0m[38;2;127;125;116m[48;2;176;168;157m▀[0m[38;2;81;81;76m[48;2;176;168;158m▀[0m[38;2;66;65;61m[48;2;197;187;176m▀[0m[38;2;37;36;32m[48;2;211;200;186m▀[0m[38;2;7;6;6m[48;2;233;223;210m▀[0m[38;2;0;0;0m[48;2;247;247;232m▀[0m[38;2;43;41;36m[48;2;247;247;242m▀[0m[38;2;70;70;68m[48;2;247;247;247m▀[0m[38;2;104;98;95m[48;2;247;247;247m▀[0m[38;2;149;143;136m[48;2;247;247;247m▀[0m[38;2;85;87;87m[48;2;234;223;209m▀[0m[38;2;15;15;15m[48;2;237;229;215m▀[0m[38;2;0;0;0m[48;2;247;247;239m▀[0m[38;2;0;0;0m[48;2;247;247;247m▀[0m[38;2;0;0;0m[48;2;247;247;247m▀[0m[38;2;0;0;0m[48;2;247;247;241m▀[0m[38;2;0;0;0m[48;2;247;247;235m▀[0m[38;2;0;0;0m[48;2;247;247;231m▀[0m[38;2;0;0;0m[48;2;247;242;222m▀[0m[38;2;0;0;0m[48;2;145;140;129m▀[0m[38;2;0;0;0m[48;2;58;58;53m▀[0m[38;2;0;0;0m[48;2;25;27;25m▀[0m[38;2;0;0;0m[48;2;2;6;6m▀[0m[38;2;0;0;0m[48;2;0;0;0m▀[0m[38;2;0;0;0m[48;2;0;0;0m▀[0m[38;2;0;0;0m[48;2;0;0;0m▀[0m[38;2;0;0;0m[48;2;0;0;0m▀[0m[38;2;0;0;0m[48;2;0;0;0m▀[0m[38;2;0;0;0m[48;2;108;111;101m▀[0m[38;2;21;21;22m[48;2;235;233;225m▀[0m[38;2;6;9;8m[48;2;247;247;247m▀[0m[38;2;0;0;0m[48;2;247;247;247m▀[0m[38;2;0;0;0m[48;2;247;247;247m▀[0m[38;2;0;0;0m[48;2;247;247;244m▀[0m[38;2;0;0;0m[48;2;219;211;203m▀[0m[38;2;0;0;0m[48;2;185;179;171m▀[0m[38;2;0;0;0m[48;2;147;145;140m▀[0m[38;2;0;0;0m[48;2;52;51;49m▀[0m[38;2;0;0;0m[48;2;0;0;0m▀[0m[38;2;0;0;0m[48;2;0;0;0m▀[0m[38;2;0;0;0m[48;2;0;0;0m▀[0m[38;2;0;0;0m[48;2;0;0;0m▀[0m[38;2;0;0;0m[48;2;0;0;0m▀[0m[38;2;0;0;0m[48;2;0;0;0m▀[0m[38;2;0;0;0m[48;2;21;21;22m▀[0m[38;2;0;0;0m[48;2;44;44;44m▀[0m[38;2;0;0;0m[48;2;72;72;74m▀[0m[38;2;0;0;0m[48;2;115;113;116m▀[0m[38;2;0;0;0m[48;2;205;208;207m▀[0m[38;2;0;0;0m[48;2;247;247;247m▀[0m[38;2;39;39;39m[48;2;189;190;187m▀[0m[38;2;108;108;108m[48;2;115;115;115m▀[0m[38;2;131;131;129m[48;2;57;60;60m▀[0m[38;2;107;103;105m[48;2;45;47;47m▀[0m[38;2;50;53;50m[48;2;18;20;22m▀[0m[38;2;0;0;0m[48;2;63;66;64m▀[0m[38;2;0;0;0m[48;2;247;247;247m▀[0m[38;2;33;32;33m[48;2;247;247;247m▀[0m[38;2;183;183;185m[48;2;107;107;107m▀[0m[38;2;247;247;247m[48;2;54;54;56m▀[0m[38;2;247;247;247m[48;2;205;209;209m▀[0m[38;2;73;73;73m[48;2;181;184;181m▀[0m
[38;2;167;161;149m[48;2;170;162;151m▀[0m[38;2;171;163;152m[48;2;174;164;152m▀[0m[38;2;173;165;153m[48;2;174;166;154m▀[0m[38;2;174;166;154m[48;2;175;170;157m▀[0m[38;2;175;169;156m[48;2;177;169;157m▀[0m[38;2;177;169;157m[48;2;179;171;157m▀[0m[38;2;179;171;157m[48;2;182;172;160m▀[0m[38;2;182;172;160m[48;2;181;174;163m▀[0m[38;2;180;176;163m[48;2;185;180;167m▀[0m[38;2;194;190;176m[48;2;187;174;160m▀[0m[38;2;196;184;170m[48;2;185;175;162m▀[0m[38;2;183;175;161m[48;2;189;181;163m▀[0m[38;2;186;178;165m[48;2;187;179;166m▀[0m[38;2;190;179;168m[48;2;189;181;170m▀[0m[38;2;198;191;178m[48;2;193;185;167m▀[0m[38;2;204;194;179m[48;2;195;186;169m▀[0m[38;2;201;195;181m[48;2;197;188;175m▀[0m[38;2;203;195;183m[48;2;206;192;181m▀[0m[38;2;210;200;186m[48;2;206;194;176m▀[0m[38;2;212;199;182m[48;2;205;196;178m▀[0m[38;2;213;201;185m[48;2;204;198;185m▀[0m[38;2;209;203;191m[48;2;203;196;188m▀[0m[38;2;209;204;191m[48;2;207;195;181m▀[0m[38;2;213;205;191m[48;2;209;201;184m▀[0m[38;2;229;218;202m[48;2;209;203;190m▀[0m[38;2;231;226;209m[48;2;215;205;191m▀[0m[38;2;236;225;211m[48;2;217;209;192m▀[0m[38;2;238;228;212m[48;2;221;211;195m▀[0m[38;2;239;229;214m[48;2;219;213;196m▀[0m[38;2;244;234;220m[48;2;222;217;206m▀[0m[38;2;247;240;226m[48;2;216;209;198m▀[0m[38;2;247;247;233m[48;2;212;204;190m▀[0m[38;2;247;247;240m[48;2;236;226;216m▀[0m[38;2;247;247;247m[48;2;242;232;225m▀[0m[38;2;247;247;247m[48;2;247;244;233m▀[0m[38;2;119;117;111m[48;2;239;227;220m▀[0m[38;2;27;26;26m[48;2;247;247;244m▀[0m[38;2;0;0;0m[48;2;247;247;247m▀[0m[38;2;0;0;0m[48;2;235;228;218m▀[0m[38;2;0;0;0m[48;2;189;185;172m▀[0m[38;2;0;0;0m[48;2;122;120;113m▀[0m[38;2;0;0;0m[48;2;54;52;50m▀[0m[38;2;0;0;0m[48;2;0;0;0m▀[0m[38;2;0;0;0m[48;2;0;0;0m▀[0m[38;2;0;0;0m[48;2;0;0;0m▀[0m[38;2;0;0;0m[48;2;202;200;194m▀[0m[38;2;68;67;64m[48;2;237;232;222m▀[0m[38;2;247;245;236m[48;2;205;199;192m▀[0m[38;2;247;245;234m[48;2;152;146;139m▀[0m[38;2;208;204;194m[48;2;146;139;132m▀[0m[38;2;147;145;138m[48;2;148;141;133m▀[0m[38;2;20;23;20m[48;2;175;168;160m▀[0m[38;2;0;0;0m[48;2;208;198;191m▀[0m[38;2;0;0;0m[48;2;206;199;191m▀[0m[38;2;0;0;0m[48;2;201;195;188m▀[0m[38;2;0;0;0m[48;2;191;186;176m▀[0m[38;2;0;0;0m[48;2;178;174;168m▀[0m[38;2;0;0;0m[48;2;161;159;149m▀[0m[38;2;17;17;21m[48;2;116;112;102m▀[0m[38;2;44;47;49m[48;2;66;63;57m▀[0m[38;2;54;52;55m[48;2;3;1;0m▀[0m[38;2;63;62;62m[48;2;0;0;0m▀[0m[38;2;59;58;58m[48;2;0;0;0m▀[0m[38;2;36;38;38m[48;2;0;0;0m▀[0m[38;2;0;0;0m[48;2;0;0;0m▀[0m[38;2;8;11;11m[48;2;0;0;0m▀[0m[38;2;45;47;48m[48;2;0;0;0m▀[0m[38;2;84;86;86m[48;2;0;0;0m▀[0m[38;2;68;74;74m[48;2;0;0;0m▀[0m[38;2;76;80;80m[48;2;0;0;0m▀[0m[38;2;81;85;85m[48;2;0;0;0m▀[0m[38;2;0;0;0m[48;2;0;0;0m▀[0m[38;2;0;0;0m[48;2;0;0;0m▀[0m[38;2;0;0;0m[48;2;0;0;0m▀[0m[38;2;0;0;0m[48;2;0;0;0m▀[0m[38;2;0;0;0m[48;2;0;0;0m▀[0m
